STATEFP,COUNTYFP,TRACTCE,BLKGRPCE,POPULATION,LATITUDE,LONGITUDE
42,001,030101,1,1043,+40.041869,-077.114244
42,001,030101,2,1603,+39.997028,-077.057105
42,001,030103,1,2375,+39.980422,-077.035924
42,001,030104,1,1109,+39.940106,-076.997219
42,001,030104,2,2315,+39.930383,-077.056349
42,001,030200,1,1922,+39.997841,-077.151390
42,001,030200,2,2268,+39.959860,-077.160100
42,001,030200,3,1156,+40.004566,-077.116690
42,001,030300,1,2145,+39.973707,-077.318548
42,001,030300,2,2292,+39.984135,-077.239644
42,001,030400,1,1414,+39.916802,-077.405165
42,001,030400,2,907,+39.923473,-077.298285
42,001,030400,3,1205,+39.877823,-077.308367
42,001,030400,4,1232,+39.873649,-077.358776
42,001,030400,5,785,+39.880961,-077.412865
42,001,030500,1,2140,+39.925778,-077.226779
42,001,030500,2,1635,+39.921322,-077.260524
42,001,030600,1,1495,+39.869692,-077.176230
42,001,030600,2,1328,+39.894975,-077.143895
42,001,030600,3,2028,+39.838672,-077.197646
42,001,030700,1,1446,+39.855885,-077.087704
42,001,030700,2,2158,+39.807945,-077.110032
42,001,030700,3,1758,+39.808973,-077.133799
42,001,030700,4,1062,+39.821573,-077.160607
42,001,030801,1,1704,+39.882056,-076.988404
42,001,030801,2,1721,+39.856641,-076.992211
42,001,030802,1,829,+39.933401,-076.976162
42,001,030802,2,713,+39.938312,-076.982596
42,001,030803,1,1252,+39.904704,-076.996062
42,001,030803,2,1462,+39.894126,-077.042136
42,001,030901,1,1868,+39.862580,-077.056789
42,001,030901,2,1699,+39.870582,-077.056023
42,001,030902,1,1981,+39.860547,-077.039217
42,001,030902,2,2256,+39.846149,-077.051751
42,001,031000,1,2310,+39.817787,-077.027392
42,001,031101,1,1353,+39.802131,-077.024903
42,001,031101,2,1724,+39.805827,-077.015917
42,001,031101,3,2100,+39.803043,-077.004945
42,001,031102,1,3465,+39.795220,-077.034044
42,001,031201,1,1834,+39.798750,-077.179607
42,001,031201,2,385,+39.730171,-077.220483
42,001,031201,3,1570,+39.755833,-077.180449
42,001,031202,1,1344,+39.730205,-077.080575
42,001,031202,2,1500,+39.743393,-077.122279
42,001,031203,1,1717,+39.740116,-077.029962
42,001,031203,2,1338,+39.764447,-077.073928
42,001,031300,1,1465,+39.746453,-077.095499
42,001,031300,2,1815,+39.746557,-077.084205
42,001,031300,3,1523,+39.740027,-077.090651
42,001,031401,1,1077,+39.840428,-077.270184
42,001,031401,2,1192,+39.858501,-077.231942
42,001,031401,3,1452,+39.860153,-077.251237
42,001,031401,4,1024,+39.827227,-077.269241
42,001,031402,1,1008,+39.814299,-077.256036
42,001,031402,2,1280,+39.766091,-077.246632
42,001,031501,1,2100,+39.835619,-077.234165
42,001,031501,2,1057,+39.835447,-077.229046
42,001,031502,1,1092,+39.831227,-077.237058
42,001,031502,2,955,+39.827789,-077.236614
42,001,031502,3,734,+39.822476,-077.235549
42,001,031502,4,1168,+39.830332,-077.226294
42,001,031600,1,997,+39.824902,-077.324459
42,001,031600,2,825,+39.753965,-077.296829
42,001,031600,3,1144,+39.728733,-077.387322
42,001,031600,4,1974,+39.760567,-077.355124
42,001,031600,5,2198,+39.752497,-077.390070
42,001,031700,1,1139,+39.817454,-077.405276
42,001,031700,2,1687,+39.771555,-077.394389
42,003,010301,1,1807,+40.434601,-079.993324
42,003,010302,1,3326,+40.436387,-079.991162
42,003,010302,2,749,+40.437466,-079.980156
42,003,020100,1,1763,+40.438931,-080.002487
42,003,020100,2,1134,+40.442746,-080.003183
42,003,020100,3,710,+40.441466,-079.998117
42,003,020100,4,144,+40.438581,-079.996564
42,003,020100,5,978,+40.443862,-079.997117
42,003,020300,1,1845,+40.456719,-079.979720
42,003,030500,1,1238,+40.444540,-079.985154
42,003,030500,2,1055,+40.440516,-079.982117
42,003,030500,3,748,+40.439667,-079.989367
42,003,040200,1,1044,+40.439298,-079.968619
42,003,040200,2,1490,+40.441074,-079.962082
42,003,040400,1,685,+40.446326,-079.948083
42,003,040400,2,1535,+40.448090,-079.950173
42,003,040500,1,1867,+40.439894,-079.954735
42,003,040500,2,1914,+40.438428,-079.958027
42,003,040600,1,1174,+40.437694,-079.952636
42,003,040600,2,880,+40.435629,-079.954032
42,003,040900,1,1606,+40.435889,-079.961799
42,003,040900,2,1096,+40.432412,-079.955393
42,003,040900,3,624,+40.431051,-079.952629
42,003,050100,1,893,+40.445831,-079.978557
42,003,050100,2,864,+40.449045,-079.969255
42,003,050600,1,685,+40.454955,-079.960342
42,003,050600,2,1038,+40.451564,-079.959091
42,003,050900,1,1386,+40.450489,-079.974695
42,003,051000,1,896,+40.441264,-079.970119
42,003,051000,2,807,+40.446081,-079.965639
42,003,051100,1,617,+40.441816,-079.976695
42,003,060300,1,1012,+40.463321,-079.960547
42,003,060300,2,1629,+40.465531,-079.964946
42,003,060500,1,665,+40.457211,-079.967151
42,003,060500,2,536,+40.458501,-079.961736
42,003,070300,1,692,+40.452755,-079.933572
42,003,070300,2,799,+40.450156,-079.932261
42,003,070300,3,752,+40.450289,-079.936844
42,003,070500,1,1267,+40.455068,-079.927430
42,003,070500,2,752,+40.453970,-079.930848
42,003,070500,3,1021,+40.457114,-079.929611
42,003,070600,1,998,+40.454578,-079.923685
42,003,070600,2,1196,+40.452093,-079.927183
42,003,070800,1,1257,+40.458652,-079.922258
42,003,070800,2,1596,+40.455290,-079.919318
42,003,070900,1,1903,+40.454595,-079.936728
42,003,070900,2,786,+40.451666,-079.947499
42,003,070900,3,762,+40.448451,-079.944658
42,003,070900,4,1536,+40.453130,-079.943324
42,003,080200,1,1037,+40.459702,-079.950122
42,003,080200,2,581,+40.461621,-079.952127
42,003,080400,1,990,+40.457868,-079.944234
42,003,080400,2,684,+40.455228,-079.947963
42,003,080600,1,1324,+40.461542,-079.939654
42,003,080600,2,684,+40.458533,-079.939638
42,003,080700,1,824,+40.462742,-079.933270
42,003,080700,2,1139,+40.458913,-079.935161
42,003,080900,1,997,+40.462964,-079.946516
42,003,080900,2,827,+40.463781,-079.942551
42,003,090100,1,1091,+40.475101,-079.959264
42,003,090100,2,947,+40.471689,-079.962789
42,003,090200,1,855,+40.469641,-079.959173
42,003,090200,2,1194,+40.469068,-079.955917
42,003,090200,3,629,+40.466359,-079.957271
42,003,090300,1,873,+40.464216,-079.950209
42,003,090300,2,668,+40.464546,-079.955120
42,003,100500,1,784,+40.476837,-079.934759
42,003,100500,2,1229,+40.478488,-079.939658
42,003,101100,1,1234,+40.479621,-079.951779
42,003,101100,2,616,+40.481066,-079.952964
42,003,101100,3,544,+40.481283,-079.948571
42,003,101400,1,1105,+40.485751,-079.924941
42,003,101400,2,672,+40.484526,-079.928386
42,003,101400,3,754,+40.475060,-079.929914
42,003,101400,4,721,+40.479918,-079.930014
42,003,101800,1,953,+40.483418,-079.934467
42,003,101800,2,1461,+40.483762,-079.939239
42,003,101900,1,998,+40.470444,-079.938380
42,003,101900,2,867,+40.466704,-079.943579
42,003,101900,3,567,+40.466053,-079.938243
42,003,110200,1,666,+40.478032,-079.919800
42,003,110200,2,708,+40.475754,-079.921431
42,003,110200,3,1162,+40.475400,-079.926393
42,003,110200,4,1251,+40.472537,-079.923096
42,003,110600,1,1013,+40.471114,-079.914448
42,003,110600,2,705,+40.474860,-079.916366
42,003,110600,3,722,+40.470422,-079.918164
42,003,111300,1,713,+40.471118,-079.929348
42,003,111300,2,697,+40.469367,-079.923976
42,003,111300,3,618,+40.467979,-079.925541
42,003,111300,4,630,+40.467741,-079.919563
42,003,111400,1,487,+40.467387,-079.930193
42,003,111400,2,724,+40.466529,-079.933516
42,003,111500,1,1284,+40.460528,-079.930814
42,003,111500,2,1369,+40.464066,-079.925713
42,003,111500,3,876,+40.462326,-079.919125
42,003,120300,1,883,+40.469309,-079.903758
42,003,120300,2,541,+40.466614,-079.900776
42,003,120900,1,565,+40.464128,-079.910378
42,003,120900,2,980,+40.462550,-079.912626
42,003,130200,1,485,+40.458026,-079.891017
42,003,130200,2,543,+40.459960,-079.895512
42,003,130600,1,1010,+40.454769,-079.878567
42,003,130600,2,1882,+40.453519,-079.871847
42,003,130700,1,786,+40.458164,-079.884921
42,003,130700,2,803,+40.461393,-079.895604
42,003,130700,3,642,+40.459670,-079.902950
42,003,130800,1,570,+40.452402,-079.887816
42,003,130800,2,885,+40.455807,-079.897575
42,003,130800,3,805,+40.452123,-079.892304
42,003,140100,1,3647,+40.444854,-079.940522
42,003,140100,2,1921,+40.441164,-079.934855
42,003,140100,3,11,+40.438870,-079.937816
42,003,140200,1,1305,+40.448989,-079.924069
42,003,140200,2,1466,+40.447307,-079.930192
42,003,140300,1,793,+40.444285,-079.914282
42,003,140300,2,949,+40.439801,-079.923684
42,003,140300,3,783,+40.442573,-079.923909
42,003,140300,4,84,+40.439519,-079.914570
42,003,140300,5,920,+40.440482,-079.916856
42,003,140400,1,716,+40.451490,-079.912354
42,003,140400,2,669,+40.447340,-079.914569
42,003,140400,3,927,+40.448242,-079.918108
42,003,140500,1,736,+40.450292,-079.899961
42,003,140500,2,1252,+40.453430,-079.907573
42,003,140800,1,1993,+40.432022,-079.914650
42,003,140800,2,1822,+40.435301,-079.919540
42,003,140800,3,843,+40.430957,-079.921230
42,003,141100,1,1339,+40.421479,-079.903142
42,003,141200,1,21,+40.427746,-079.900219
42,003,141200,2,2644,+40.440253,-079.896707
42,003,141200,3,1342,+40.447684,-079.906630
42,003,141300,1,1461,+40.435909,-079.928064
42,003,141300,2,1536,+40.431687,-079.929667
42,003,141300,3,2051,+40.432213,-079.925762
42,003,141400,1,1029,+40.421765,-079.923690
42,003,141400,2,671,+40.424426,-079.920462
42,003,141400,3,1033,+40.426866,-079.919230
42,003,141400,4,1894,+40.418931,-079.917978
42,003,141400,5,966,+40.428158,-079.923651
42,003,151600,1,1160,+40.423466,-079.941412
42,003,151600,2,1145,+40.424872,-079.945618
42,003,151700,1,885,+40.423140,-079.927872
42,003,151700,2,649,+40.427092,-079.933840
42,003,151700,3,731,+40.422717,-079.938660
42,003,151700,4,674,+40.421570,-079.935289
42,003,151700,5,898,+40.421434,-079.931508
42,003,151700,6,1119,+40.425399,-079.931515
42,003,160800,1,1872,+40.421410,-079.970302
42,003,160800,2,680,+40.419412,-079.969622
42,003,160900,1,1151,+40.428992,-079.970552
42,003,160900,2,1410,+40.425325,-079.966091
42,003,160900,3,922,+40.426963,-079.973971
42,003,161000,1,2666,+40.414432,-079.972292
42,003,170200,1,774,+40.429035,-079.987804
42,003,170200,2,825,+40.430229,-079.980040
42,003,170200,3,1249,+40.427141,-079.985016
42,003,170200,4,1136,+40.427159,-079.979660
42,003,170600,1,1132,+40.423962,-079.983335
42,003,170600,2,643,+40.420284,-079.984640
42,003,180300,1,1032,+40.423422,-079.994066
42,003,180300,2,677,+40.420821,-079.992890
42,003,180300,3,596,+40.419196,-079.992787
42,003,180700,1,628,+40.426416,-080.001514
42,003,180700,2,632,+40.424673,-080.001182
42,003,180700,3,790,+40.422831,-080.000958
42,003,190300,1,1214,+40.434755,-080.015097
42,003,190300,2,716,+40.431100,-080.015063
42,003,191100,1,935,+40.433280,-080.021815
42,003,191100,2,1462,+40.437965,-080.023858
42,003,191400,1,1337,+40.429224,-080.007845
42,003,191400,2,1388,+40.426798,-080.012149
42,003,191500,1,709,+40.419918,-080.011241
42,003,191500,2,1296,+40.422688,-080.009194
42,003,191600,1,776,+40.421423,-080.024377
42,003,191600,2,765,+40.412883,-080.017587
42,003,191600,3,668,+40.411702,-080.020549
42,003,191600,4,873,+40.413627,-080.024495
42,003,191600,5,1059,+40.411581,-080.027110
42,003,191700,1,2116,+40.403488,-080.011425
42,003,191700,2,1275,+40.401596,-080.017640
42,003,191800,1,722,+40.392283,-080.020290
42,003,191800,2,657,+40.390550,-080.022706
42,003,191800,3,648,+40.389733,-080.016904
42,003,191800,4,766,+40.393471,-080.026548
42,003,191800,5,702,+40.385619,-080.013668
42,003,191800,6,941,+40.386428,-080.009429
42,003,191800,7,816,+40.390051,-080.012325
42,003,191900,1,777,+40.397121,-080.019921
42,003,191900,2,814,+40.394789,-080.019192
42,003,191900,3,586,+40.396250,-080.026673
42,003,192000,1,682,+40.405959,-080.022192
42,003,192000,2,602,+40.401496,-080.025883
42,003,192000,3,694,+40.404835,-080.030501
42,003,192000,4,898,+40.401330,-080.029742
42,003,192000,5,579,+40.408476,-080.023590
42,003,202200,1,1299,+40.452412,-080.063982
42,003,202200,2,549,+40.455165,-080.062782
42,003,202200,3,702,+40.458386,-080.063829
42,003,202300,1,818,+40.418663,-080.035167
42,003,202300,2,1107,+40.403100,-080.045730
42,003,202300,3,925,+40.407990,-080.042296
42,003,202300,4,1277,+40.413531,-080.035579
42,003,241300,1,1577,+40.463279,-079.983408
42,003,241300,2,1068,+40.461328,-079.986382
42,003,241300,3,750,+40.465038,-079.990001
42,003,250900,1,697,+40.460906,-080.005698
42,003,250900,2,443,+40.463698,-080.006030
42,003,260200,1,628,+40.490409,-080.013807
42,003,260200,2,1464,+40.491212,-080.021055
42,003,260700,1,718,+40.485056,-080.012564
42,003,260700,2,935,+40.479609,-080.011892
42,003,261300,1,1769,+40.477377,-080.000679
42,003,261300,2,998,+40.494512,-080.009769
42,003,261400,1,643,+40.465413,-080.016601
42,003,261400,2,472,+40.462468,-080.013134
42,003,261400,3,564,+40.467477,-080.011574
42,003,261400,4,562,+40.467855,-080.007578
42,003,261500,1,719,+40.472987,-080.010739
42,003,261500,2,805,+40.471770,-080.016607
42,003,262000,1,1083,+40.463242,-079.993023
42,003,262000,2,726,+40.467745,-079.993097
42,003,262000,3,591,+40.468995,-079.993826
42,003,270100,1,1523,+40.484583,-080.039539
42,003,270100,2,1055,+40.483315,-080.044075
42,003,270300,1,1127,+40.478474,-080.035288
42,003,270300,2,779,+40.477203,-080.039601
42,003,270800,1,726,+40.488230,-080.037359
42,003,270800,2,992,+40.481801,-080.031651
42,003,270800,3,903,+40.486669,-080.030384
42,003,271600,1,759,+40.476225,-080.026512
42,003,271600,2,1185,+40.470517,-080.029534
42,003,271600,3,1134,+40.471597,-080.033913
42,003,271600,4,968,+40.465836,-080.028562
42,003,281400,1,840,+40.449440,-080.057484
42,003,281400,2,1712,+40.445468,-080.051043
42,003,281500,1,488,+40.440928,-080.051047
42,003,281500,2,959,+40.440371,-080.056415
42,003,290100,1,633,+40.402279,-079.993884
42,003,290100,2,697,+40.397292,-079.991185
42,003,290100,3,800,+40.393884,-079.989867
42,003,290200,1,927,+40.401636,-079.982674
42,003,290200,2,955,+40.391395,-079.983967
42,003,290200,3,617,+40.395157,-079.984137
42,003,290200,4,678,+40.399482,-079.986623
42,003,290200,5,964,+40.403736,-079.987734
42,003,290400,1,1281,+40.386476,-079.987939
42,003,290400,2,1240,+40.387229,-079.982129
42,003,290400,3,616,+40.382621,-079.979933
42,003,290400,4,882,+40.390332,-079.976376
42,003,300100,1,787,+40.417111,-079.992158
42,003,300100,2,772,+40.414860,-079.992536
42,003,300100,3,639,+40.412838,-079.992846
42,003,300100,4,655,+40.411053,-079.993301
42,003,300100,5,640,+40.408810,-079.993932
42,003,310200,1,666,+40.377271,-079.912137
42,003,310200,2,1774,+40.367584,-079.912465
42,003,310200,3,715,+40.373853,-079.916807
42,003,320400,1,715,+40.381997,-079.990988
42,003,320400,2,1155,+40.389210,-079.994062
42,003,320600,1,1102,+40.395808,-080.008729
42,003,320600,2,1141,+40.393105,-080.004421
42,003,320700,1,1117,+40.385223,-080.001268
42,003,320700,2,496,+40.377841,-079.999720
42,003,401100,1,1414,+40.647460,-079.715071
42,003,401100,2,1410,+40.637196,-079.707196
42,003,401100,3,822,+40.628042,-079.715521
42,003,401100,4,955,+40.633683,-079.720127
42,003,401200,1,619,+40.614333,-079.721949
42,003,401200,2,1027,+40.619534,-079.724580
42,003,401200,3,510,+40.611235,-079.724198
42,003,401200,4,755,+40.613219,-079.733391
42,003,401300,1,1275,+40.624890,-079.727673
42,003,401300,2,600,+40.622665,-079.735898
42,003,401300,3,770,+40.616877,-079.739792
42,003,402000,1,625,+40.613113,-079.739879
42,003,402000,2,588,+40.609511,-079.738682
42,003,402000,3,1096,+40.608454,-079.745315
42,003,402000,4,931,+40.604507,-079.739643
42,003,403500,1,862,+40.604084,-079.763076
42,003,403500,2,708,+40.607170,-079.753222
42,003,403500,3,1147,+40.604551,-079.752465
42,003,403500,4,934,+40.602137,-079.749851
42,003,403500,5,701,+40.599713,-079.762803
42,003,404000,1,1490,+40.582244,-079.779724
42,003,405000,1,1161,+40.606774,-079.794685
42,003,406000,1,1611,+40.646033,-079.774269
42,003,406000,2,599,+40.656411,-079.734352
42,003,407001,1,724,+40.644021,-079.827903
42,003,407001,2,1301,+40.649317,-079.847193
42,003,407001,3,1787,+40.638479,-079.862259
42,003,407001,4,1774,+40.637435,-079.909312
42,003,407002,1,1281,+40.608720,-079.839215
42,003,407002,2,1496,+40.614491,-079.861977
42,003,407002,3,980,+40.624672,-079.879230
42,003,407002,4,2919,+40.606959,-079.911784
42,003,408001,1,1723,+40.650050,-079.929901
42,003,408001,2,2415,+40.655958,-079.960634
42,003,408001,3,1495,+40.645198,-079.953000
42,003,408002,1,2514,+40.625103,-079.959163
42,003,408002,2,1291,+40.631118,-079.926608
42,003,408002,3,2504,+40.622627,-079.933309
42,003,409001,1,1068,+40.642621,-080.060011
42,003,409001,2,2668,+40.630075,-080.008245
42,003,409001,3,3532,+40.634342,-080.045726
42,003,409001,4,1924,+40.626271,-080.064431
42,003,409002,1,2324,+40.663687,-080.055328
42,003,409002,2,3175,+40.660860,-080.017776
42,003,410000,1,1183,+40.636837,-080.082749
42,003,411001,1,1781,+40.638675,-080.121409
42,003,411001,2,2223,+40.660251,-080.116086
42,003,411002,1,3568,+40.657877,-080.083178
42,003,411002,2,2508,+40.624609,-080.081800
42,003,412002,1,1917,+40.572450,-080.085467
42,003,412002,2,2948,+40.565350,-080.071404
42,003,412003,1,2086,+40.588834,-080.086016
42,003,412003,2,1728,+40.601520,-080.087239
42,003,412003,3,2498,+40.606802,-080.077134
42,003,412004,1,1383,+40.581753,-080.113768
42,003,412004,2,2919,+40.600506,-080.105038
42,003,413100,1,1283,+40.602844,-080.012405
42,003,413100,2,2146,+40.593762,-080.032551
42,003,413100,3,1407,+40.599845,-080.043612
42,003,413100,4,2162,+40.603654,-080.059026
42,003,413201,1,817,+40.575912,-080.031127
42,003,413201,2,1314,+40.577214,-080.048262
42,003,413201,3,1695,+40.570799,-080.042124
42,003,413202,1,1077,+40.586409,-080.055339
42,003,413202,2,1783,+40.572691,-080.058392
42,003,413300,1,1759,+40.560844,-080.030709
42,003,413300,2,2413,+40.560280,-080.050412
42,003,413300,3,704,+40.557870,-080.062174
42,003,413400,1,1607,+40.561781,-080.000959
42,003,413400,2,1303,+40.559410,-080.013969
42,003,413400,3,1607,+40.559128,-079.993321
42,003,413500,1,950,+40.583605,-080.007034
42,003,413500,2,2164,+40.575525,-080.020611
42,003,413500,3,1448,+40.572450,-079.997337
42,003,413500,4,2059,+40.576613,-080.004869
42,003,414101,1,2169,+40.609195,-079.934297
42,003,414101,2,1272,+40.587987,-079.934314
42,003,414101,3,923,+40.598990,-079.941423
42,003,414101,4,1135,+40.607315,-079.923779
42,003,414102,1,2826,+40.601055,-079.957729
42,003,414102,2,2336,+40.578256,-079.964154
42,003,414102,3,1882,+40.593831,-079.979209
42,003,414200,1,1020,+40.561435,-079.963011
42,003,414200,2,1718,+40.560106,-079.979224
42,003,414200,3,1515,+40.562426,-079.942678
42,003,414200,4,1683,+40.574638,-079.934687
42,003,415001,1,1070,+40.586393,-079.884178
42,003,415001,2,1486,+40.571971,-079.880682
42,003,415001,3,2094,+40.577276,-079.833740
42,003,415002,1,1450,+40.556831,-079.891237
42,003,415002,2,1154,+40.544316,-079.930172
42,003,416000,1,831,+40.553028,-079.805038
42,003,416000,2,709,+40.553542,-079.790235
42,003,417100,1,806,+40.543724,-079.778058
42,003,417100,2,748,+40.542741,-079.785880
42,003,417100,3,612,+40.545227,-079.788479
42,003,417200,1,1234,+40.539732,-079.781506
42,003,418000,1,1672,+40.544034,-079.800741
42,003,419000,1,1016,+40.548321,-079.821846
42,003,419000,2,762,+40.544013,-079.811859
42,003,419000,3,1355,+40.543957,-079.858703
42,003,420000,1,1454,+40.493776,-079.861542
42,003,421100,1,1230,+40.519143,-079.860322
42,003,421100,2,878,+40.501119,-079.856713
42,003,421100,3,2019,+40.498682,-079.872633
42,003,421100,4,842,+40.493817,-079.883649
42,003,421200,1,1868,+40.508823,-079.927499
42,003,421200,2,1101,+40.505881,-079.915818
42,003,421200,3,300,+40.495067,-079.899281
42,003,421200,4,1046,+40.527225,-079.923488
42,003,422000,1,1754,+40.539800,-079.876883
42,003,422000,2,823,+40.514285,-079.878242
42,003,422000,3,848,+40.497827,-079.893607
42,003,422000,4,1918,+40.522805,-079.901211
42,003,423000,1,991,+40.497205,-079.904938
42,003,423000,2,1032,+40.490857,-079.899888
42,003,423000,3,893,+40.492277,-079.905382
42,003,424000,1,842,+40.495373,-079.919939
42,003,424000,2,604,+40.494721,-079.922939
42,003,424000,3,753,+40.494613,-079.934635
42,003,424000,4,988,+40.496333,-079.931511
42,003,425000,1,562,+40.506008,-079.948346
42,003,425000,2,967,+40.503835,-079.953449
42,003,425000,3,1116,+40.497868,-079.947037
42,003,425000,4,792,+40.494653,-079.946715
42,003,426300,1,1606,+40.546375,-079.966088
42,003,426300,2,2012,+40.538437,-079.978353
42,003,426300,3,2364,+40.549185,-079.980035
42,003,426400,1,917,+40.527044,-079.958969
42,003,426400,2,995,+40.518575,-079.956165
42,003,426400,3,998,+40.509434,-079.954655
42,003,426400,4,1525,+40.523325,-079.964938
42,003,426700,1,709,+40.503703,-079.938819
42,003,426700,2,1594,+40.520826,-079.944110
42,003,426800,1,1350,+40.549771,-079.949747
42,003,426800,2,2376,+40.542097,-079.950388
42,003,426800,3,1424,+40.535516,-079.945715
42,003,427000,1,1314,+40.488411,-079.972678
42,003,427000,2,771,+40.478614,-079.973711
42,003,427000,3,1291,+40.481448,-079.975370
42,003,427100,1,1671,+40.507089,-079.980872
42,003,427100,2,1739,+40.529491,-079.982308
42,003,427100,3,1930,+40.516392,-079.975276
42,003,427200,1,1257,+40.499459,-079.957886
42,003,427200,2,1194,+40.499470,-079.972435
42,003,427200,3,1378,+40.493152,-079.962704
42,003,427200,4,1093,+40.485829,-079.965595
42,003,428100,1,570,+40.475319,-079.981692
42,003,428100,2,617,+40.471181,-079.982962
42,003,428200,1,638,+40.487113,-079.986548
42,003,428200,2,1430,+40.488147,-079.998198
42,003,429100,1,1211,+40.504667,-080.000557
42,003,429100,2,1396,+40.510445,-080.018600
42,003,429201,1,1938,+40.549448,-079.998993
42,003,429201,2,3003,+40.542132,-080.007287
42,003,429202,1,1298,+40.534323,-079.993164
42,003,429202,2,1348,+40.517866,-079.990426
42,003,429202,3,1959,+40.521353,-079.999503
42,003,429300,1,2070,+40.548511,-080.043772
42,003,429300,2,1482,+40.535612,-080.040765
42,003,429300,3,2078,+40.526767,-080.052424
42,003,429300,4,916,+40.542405,-080.058254
42,003,429400,1,672,+40.543066,-080.032477
42,003,429400,2,1722,+40.535095,-080.030338
42,003,429400,3,1319,+40.527607,-080.027216
42,003,429400,4,785,+40.526312,-080.020937
42,003,429500,1,1876,+40.549126,-080.026175
42,003,429500,2,1876,+40.540838,-080.018390
42,003,429500,3,660,+40.525441,-080.011786
42,003,429600,1,2598,+40.511937,-080.044696
42,003,429600,2,990,+40.500636,-080.046970
42,003,429700,1,1416,+40.500532,-080.031200
42,003,429700,2,954,+40.495318,-080.039298
42,003,430100,1,778,+40.516125,-080.021767
42,003,430100,2,1356,+40.514342,-080.025756
42,003,430200,1,800,+40.523977,-080.036476
42,003,430200,2,1255,+40.519473,-080.031334
42,003,430200,3,1004,+40.520072,-080.036099
42,003,430200,4,726,+40.520044,-080.044476
42,003,430200,5,766,+40.516272,-080.044775
42,003,431100,1,1649,+40.492980,-080.050072
42,003,431100,2,1604,+40.488769,-080.051658
42,003,431400,1,1893,+40.502381,-080.055144
42,003,431500,1,682,+40.499493,-080.058790
42,003,431500,2,856,+40.497754,-080.054112
42,003,431500,3,960,+40.494357,-080.056313
42,003,431500,4,667,+40.492127,-080.058656
42,003,432300,1,1092,+40.504852,-080.068226
42,003,432300,2,1091,+40.500874,-080.064363
42,003,432400,1,934,+40.497470,-080.063930
42,003,432400,2,837,+40.500028,-080.069263
42,003,432400,3,808,+40.499499,-080.070336
42,003,434000,1,923,+40.505874,-080.078106
42,003,434000,2,995,+40.507662,-080.083990
42,003,435000,1,1364,+40.513434,-080.095737
42,003,435000,2,1161,+40.510812,-080.097947
42,003,437000,1,4262,+40.538402,-080.083245
42,003,437000,2,2916,+40.552899,-080.106966
42,003,439000,1,1505,+40.590102,-080.173968
42,003,445500,1,1080,+40.539693,-080.175393
42,003,445500,2,1619,+40.541350,-080.185419
42,003,445500,3,1208,+40.535438,-080.180208
42,003,446000,1,864,+40.552556,-080.188852
42,003,446000,2,805,+40.551784,-080.195699
42,003,447000,1,1624,+40.576475,-080.209301
42,003,448000,1,1162,+40.566410,-080.209728
42,003,449000,1,861,+40.560600,-080.231038
42,003,449000,2,1627,+40.553142,-080.231146
42,003,450700,1,1412,+40.510537,-080.154753
42,003,450700,2,1621,+40.514317,-080.164044
42,003,450800,1,901,+40.519444,-080.170919
42,003,450800,2,872,+40.519396,-080.161867
42,003,450800,3,753,+40.516143,-080.172579
42,003,451101,1,2171,+40.540704,-080.225005
42,003,451101,2,1621,+40.529441,-080.214965
42,003,451102,1,2003,+40.527616,-080.191361
42,003,451102,2,985,+40.520677,-080.198925
42,003,451102,3,1750,+40.513458,-080.209658
42,003,451102,4,1309,+40.521321,-080.213910
42,003,451104,1,2131,+40.530707,-080.259829
42,003,451104,2,1835,+40.537617,-080.248679
42,003,451105,1,1504,+40.508434,-080.216744
42,003,451105,2,1447,+40.509228,-080.228533
42,003,451105,3,2674,+40.519638,-080.236646
42,003,451300,1,842,+40.471136,-080.175113
42,003,451300,2,1299,+40.501803,-080.166898
42,003,451300,3,1321,+40.511561,-080.185947
42,003,451300,4,2280,+40.481287,-080.166556
42,003,451300,5,1030,+40.495976,-080.163656
42,003,451300,6,1038,+40.499333,-080.192596
42,003,452000,1,844,+40.501336,-080.296519
42,003,452000,2,1839,+40.458890,-080.209218
42,003,452000,3,1680,+40.458396,-080.247618
42,003,452000,4,2009,+40.473370,-080.295914
42,003,453003,1,1584,+40.423519,-080.195003
42,003,453003,2,600,+40.439738,-080.197675
42,003,453004,1,1768,+40.450176,-080.220498
42,003,453004,2,1964,+40.444030,-080.213721
42,003,453004,3,2701,+40.445491,-080.201126
42,003,453004,4,825,+40.444130,-080.224437
42,003,455000,1,1475,+40.400685,-080.186242
42,003,456001,1,1342,+40.360192,-080.153758
42,003,456001,2,3337,+40.372575,-080.149429
42,003,456003,1,1050,+40.340774,-080.162404
42,003,456003,2,988,+40.340769,-080.122508
42,003,456003,3,4062,+40.368895,-080.185219
42,003,456003,4,1959,+40.346451,-080.132439
42,003,456004,1,2294,+40.330118,-080.117816
42,003,456004,2,837,+40.327962,-080.138639
42,003,456004,3,2489,+40.323882,-080.130066
42,003,457100,1,721,+40.363397,-080.114882
42,003,457100,2,685,+40.358195,-080.113463
42,003,457200,1,541,+40.360835,-080.103423
42,003,457200,2,730,+40.358561,-080.100928
42,003,457200,3,1260,+40.353825,-080.100819
42,003,457200,4,867,+40.352755,-080.107470
42,003,458001,1,1795,+40.388820,-080.150249
42,003,458001,2,2538,+40.384938,-080.111752
42,003,458002,1,874,+40.406859,-080.102609
42,003,458002,2,2397,+40.410949,-080.140550
42,003,458002,3,1331,+40.409553,-080.114792
42,003,459101,1,1733,+40.495809,-080.136659
42,003,459102,1,2051,+40.473925,-080.128581
42,003,459102,2,1127,+40.461320,-080.127855
42,003,459102,3,3248,+40.477708,-080.147147
42,003,459201,1,1594,+40.432083,-080.104125
42,003,459201,2,2250,+40.447520,-080.150845
42,003,459201,3,2405,+40.441123,-080.134129
42,003,459201,4,1095,+40.451152,-080.119741
42,003,459202,1,677,+40.428562,-080.101481
42,003,460001,1,1654,+40.488192,-080.115839
42,003,460001,2,1272,+40.490820,-080.105407
42,003,460001,3,1999,+40.480775,-080.093188
42,003,460002,1,1171,+40.463002,-080.102596
42,003,460002,2,1802,+40.471781,-080.103291
42,003,460002,3,803,+40.479203,-080.112672
42,003,461000,1,1108,+40.513227,-080.135166
42,003,462100,1,521,+40.483665,-080.067164
42,003,462100,2,605,+40.487214,-080.085284
42,003,462100,3,1398,+40.480610,-080.074898
42,003,462600,1,1002,+40.473091,-080.068778
42,003,462600,2,873,+40.475637,-080.076440
42,003,462600,3,751,+40.474047,-080.078903
42,003,462600,4,1276,+40.471495,-080.075080
42,003,463900,1,1232,+40.467959,-080.076008
42,003,463900,2,722,+40.465118,-080.070200
42,003,463900,3,758,+40.467616,-080.067809
42,003,464300,1,1369,+40.443735,-080.072791
42,003,464300,2,1056,+40.446694,-080.070127
42,003,464300,3,966,+40.444336,-080.062613
42,003,464400,1,1229,+40.471015,-080.063372
42,003,464400,2,1048,+40.473619,-080.055436
42,003,464400,3,931,+40.466393,-080.060823
42,003,465600,1,1124,+40.439090,-080.073119
42,003,465600,2,1370,+40.437825,-080.063683
42,003,465800,1,1521,+40.432331,-080.062158
42,003,465800,2,1129,+40.433262,-080.071388
42,003,465800,3,955,+40.427583,-080.076083
42,003,468700,1,1067,+40.412852,-080.089991
42,003,468700,2,603,+40.413765,-080.088890
42,003,468800,1,589,+40.403088,-080.090807
42,003,468800,2,665,+40.404110,-080.094787
42,003,468800,3,1299,+40.408140,-080.096019
42,003,468900,1,1271,+40.406708,-080.078515
42,003,468900,2,921,+40.402745,-080.078085
42,003,468900,3,1719,+40.402372,-080.084829
42,003,469000,1,978,+40.411128,-080.047565
42,003,469000,2,2367,+40.413002,-080.054099
42,003,469000,3,1596,+40.423655,-080.051464
42,003,470300,1,1596,+40.385741,-080.080938
42,003,470300,2,2721,+40.377082,-080.081542
42,003,470400,1,951,+40.368026,-080.082507
42,003,470400,2,699,+40.365293,-080.077855
42,003,470400,3,1418,+40.368048,-080.090871
42,003,470501,1,2708,+40.400436,-080.057358
42,003,470501,2,1609,+40.394960,-080.060786
42,003,470502,1,1553,+40.406399,-080.066288
42,003,470502,2,1458,+40.395541,-080.071029
42,003,470600,1,1584,+40.393658,-080.084891
42,003,470600,2,631,+40.398286,-080.088599
42,003,470600,3,721,+40.399404,-080.092275
42,003,471000,1,1288,+40.391575,-080.091587
42,003,472100,1,1453,+40.398386,-080.034561
42,003,472100,2,942,+40.400062,-080.038672
42,003,472200,1,1143,+40.395117,-080.038628
42,003,472200,2,1081,+40.392654,-080.042633
42,003,472300,1,944,+40.393095,-080.031276
42,003,472300,2,905,+40.391973,-080.034234
42,003,472400,1,997,+40.389347,-080.038416
42,003,472400,2,779,+40.386190,-080.037490
42,003,473100,1,1410,+40.396770,-080.050722
42,003,473100,2,846,+40.391868,-080.052186
42,003,473100,3,914,+40.387297,-080.049548
42,003,473100,4,759,+40.389568,-080.051218
42,003,473100,5,1034,+40.389583,-080.045084
42,003,473200,1,950,+40.385116,-080.047399
42,003,473200,2,1057,+40.382543,-080.047466
42,003,473200,3,1287,+40.378748,-080.048024
42,003,473300,1,1374,+40.384694,-080.027701
42,003,473300,2,1382,+40.381427,-080.036393
42,003,473300,3,1294,+40.375132,-080.026440
42,003,473300,4,1040,+40.375620,-080.033814
42,003,473300,5,681,+40.378793,-080.032300
42,003,473401,1,715,+40.371965,-080.037989
42,003,473401,2,592,+40.375532,-080.041059
42,003,473401,3,1100,+40.376454,-080.043498
42,003,473401,4,1324,+40.369021,-080.045796
42,003,473402,1,1056,+40.355996,-080.047691
42,003,473402,2,719,+40.364848,-080.038803
42,003,473402,3,1903,+40.358685,-080.039855
42,003,473500,1,836,+40.373000,-080.054312
42,003,473500,2,857,+40.366111,-080.056761
42,003,473500,3,2095,+40.361716,-080.054320
42,003,473601,1,1007,+40.388629,-080.065120
42,003,473601,2,1458,+40.383896,-080.060690
42,003,473601,3,1671,+40.380116,-080.057229
42,003,473602,1,728,+40.372583,-080.061898
42,003,473602,2,1933,+40.369774,-080.068315
42,003,473602,3,723,+40.368899,-080.074715
42,003,473602,4,1330,+40.375468,-080.075979
42,003,474101,1,2341,+40.356317,-080.063314
42,003,474101,2,2119,+40.354854,-080.082795
42,003,474102,1,2435,+40.347504,-080.068350
42,003,474102,2,1466,+40.328784,-080.065536
42,003,474201,1,1249,+40.346383,-080.089820
42,003,474201,2,1385,+40.343490,-080.098871
42,003,474202,1,2740,+40.316662,-080.099959
42,003,474202,2,2623,+40.333494,-080.088996
42,003,474203,1,1484,+40.322951,-080.075020
42,003,474203,2,760,+40.309740,-080.086399
42,003,474203,3,2558,+40.309691,-080.078781
42,003,475101,1,922,+40.351605,-080.035424
42,003,475101,2,850,+40.348680,-080.030062
42,003,475101,3,1417,+40.342230,-080.042704
42,003,475101,4,1788,+40.348318,-080.046898
42,003,475102,1,1677,+40.337353,-080.034541
42,003,475200,1,921,+40.318206,-080.060318
42,003,475200,2,1535,+40.335147,-080.052979
42,003,475200,3,1266,+40.327802,-080.052621
42,003,475200,4,1846,+40.316871,-080.057084
42,003,475301,1,767,+40.335970,-080.027287
42,003,475301,2,589,+40.325094,-080.027535
42,003,475301,3,2084,+40.317792,-080.035863
42,003,475301,4,1020,+40.326283,-080.034928
42,003,475303,1,1857,+40.311617,-080.042010
42,003,475303,2,1171,+40.307650,-080.054115
42,003,475303,3,1122,+40.304155,-080.043770
42,003,475304,1,1091,+40.308187,-080.064155
42,003,475304,2,1803,+40.300054,-080.059210
42,003,475304,3,935,+40.291960,-080.038510
42,003,475304,4,1637,+40.299811,-080.035251
42,003,475401,1,1577,+40.349721,-080.018928
42,003,475401,2,1702,+40.340533,-080.010423
42,003,475401,3,787,+40.331954,-080.016807
42,003,475402,1,1487,+40.315655,-080.025055
42,003,475402,2,1726,+40.304512,-080.025556
42,003,476100,1,668,+40.376526,-080.011372
42,003,476100,2,581,+40.373154,-080.016713
42,003,476100,3,880,+40.368121,-080.020217
42,003,476100,4,1473,+40.365887,-080.031332
42,003,476100,5,1377,+40.358653,-080.033149
42,003,476200,1,723,+40.371803,-080.005000
42,003,476200,2,1348,+40.364896,-080.012032
42,003,476200,3,1199,+40.360573,-080.022853
42,003,477100,1,1343,+40.363716,-080.003907
42,003,477100,2,994,+40.352934,-080.001322
42,003,477100,3,1442,+40.356626,-080.008700
42,003,477200,1,850,+40.373731,-079.990042
42,003,477200,2,716,+40.366501,-079.989514
42,003,477200,3,952,+40.355011,-079.992572
42,003,477200,4,1948,+40.366101,-079.996977
42,003,477300,1,1474,+40.365593,-079.964759
42,003,477300,2,1131,+40.367327,-079.965794
42,003,477300,3,1312,+40.361637,-079.972836
42,003,477300,4,1091,+40.356737,-079.976229
42,003,477300,5,1811,+40.351427,-079.982769
42,003,478100,1,1280,+40.378457,-079.978663
42,003,478100,2,793,+40.374228,-079.979064
42,003,478100,3,1160,+40.368344,-079.981066
42,003,478100,4,1130,+40.376997,-079.983001
42,003,478200,1,1441,+40.365519,-079.978062
42,003,478200,2,2130,+40.374751,-079.970323
42,003,478200,3,2148,+40.382500,-079.972848
42,003,479000,1,877,+40.382888,-080.013541
42,003,479000,2,1108,+40.377879,-080.017742
42,003,480101,1,715,+40.346695,-079.990308
42,003,480101,2,1121,+40.338029,-079.987921
42,003,480101,3,1777,+40.342579,-079.976592
42,003,480101,4,2362,+40.339180,-079.979573
42,003,480102,1,1066,+40.348829,-080.003789
42,003,480102,2,1215,+40.343742,-080.000999
42,003,480102,3,840,+40.342120,-079.994599
42,003,480200,1,2253,+40.359061,-079.961389
42,003,480200,2,739,+40.352917,-079.969321
42,003,480200,3,805,+40.346222,-079.966737
42,003,480300,1,693,+40.400702,-079.971903
42,003,480300,2,1537,+40.393196,-079.963524
42,003,480300,3,1383,+40.391078,-079.972128
42,003,480400,1,1274,+40.387025,-079.950450
42,003,480400,2,1044,+40.380963,-079.947758
42,003,480400,3,1574,+40.382363,-079.962911
42,003,480400,4,1112,+40.373267,-079.953731
42,003,481000,1,853,+40.416114,-079.985409
42,003,481000,2,826,+40.412262,-079.984101
42,003,481000,3,1046,+40.409992,-079.988462
42,003,481000,4,669,+40.408017,-079.986200
42,003,482500,1,1872,+40.395480,-079.913412
42,003,483800,1,649,+40.400854,-079.910224
42,003,483800,2,1353,+40.406781,-079.908749
42,003,483800,3,882,+40.402422,-079.903913
42,003,484300,1,1001,+40.405154,-079.898974
42,003,484300,2,1086,+40.403090,-079.891582
42,003,484300,3,1035,+40.406174,-079.902407
42,003,484500,1,1744,+40.378702,-079.901257
42,003,484500,2,946,+40.382114,-079.900975
42,003,484500,3,1101,+40.385484,-079.903369
42,003,484500,4,1823,+40.385158,-079.911387
42,003,484600,1,904,+40.391325,-079.898234
42,003,484600,2,1134,+40.393988,-079.903341
42,003,485000,1,1179,+40.399038,-079.888739
42,003,486700,1,1512,+40.380060,-079.860016
42,003,486700,2,700,+40.374012,-079.850798
42,003,486800,1,675,+40.370300,-079.848450
42,003,486800,2,978,+40.368768,-079.854836
42,003,486900,1,708,+40.363896,-079.852494
42,003,486900,2,681,+40.364486,-079.847478
42,003,487000,1,633,+40.354575,-079.888348
42,003,487000,2,979,+40.348811,-079.891645
42,003,488100,1,1013,+40.388039,-079.889773
42,003,488100,2,1136,+40.385251,-079.883675
42,003,488200,1,1812,+40.395471,-079.876588
42,003,488200,2,626,+40.385976,-079.874986
42,003,488200,3,1003,+40.392671,-079.882459
42,003,488300,1,1060,+40.372101,-079.901135
42,003,488300,2,948,+40.370671,-079.884516
42,003,488400,1,1055,+40.368947,-079.866140
42,003,488400,2,963,+40.364646,-079.861537
42,003,488400,3,895,+40.360871,-079.859307
42,003,488400,4,1736,+40.361033,-079.871199
42,003,488500,1,824,+40.366010,-079.924073
42,003,488500,2,1286,+40.358249,-079.914409
42,003,488500,3,632,+40.346437,-079.958032
42,003,488600,1,649,+40.350305,-079.913863
42,003,488600,2,849,+40.343463,-079.907685
42,003,488600,3,1232,+40.335962,-079.932567
42,003,488600,4,1870,+40.342028,-079.925226
42,003,489001,1,648,+40.341586,-079.960826
42,003,489001,2,1475,+40.333062,-079.949989
42,003,489001,3,2580,+40.327650,-079.953177
42,003,489002,1,660,+40.338621,-079.967657
42,003,489002,2,1278,+40.333326,-079.966552
42,003,489002,3,951,+40.325355,-079.960481
42,003,489002,4,912,+40.325909,-079.968849
42,003,490002,1,991,+40.293133,-080.024521
42,003,490002,2,1061,+40.295386,-080.018590
42,003,490002,3,1740,+40.301171,-080.007853
42,003,490002,4,576,+40.284424,-080.007996
42,003,490002,5,734,+40.286724,-080.025075
42,003,490003,1,914,+40.307937,-079.986701
42,003,490003,2,1228,+40.331259,-079.993764
42,003,490003,3,1537,+40.319637,-079.988776
42,003,490004,1,1930,+40.290860,-079.987320
42,003,490004,2,2291,+40.288301,-079.976025
42,003,490004,3,725,+40.281211,-079.991692
42,003,491101,1,3712,+40.313595,-079.962590
42,003,491101,2,1458,+40.297329,-079.936814
42,003,491101,3,2511,+40.290044,-079.960760
42,003,491200,1,2114,+40.312479,-079.918973
42,003,492700,1,1028,+40.304740,-079.889480
42,003,492700,2,791,+40.310186,-079.896018
42,003,492800,1,1049,+40.294002,-079.886527
42,003,492800,2,1416,+40.289444,-079.881360
42,003,492900,1,1241,+40.288549,-079.891426
42,003,492900,2,656,+40.288921,-079.896507
42,003,494000,1,1398,+40.269813,-079.887917
42,003,495000,1,1749,+40.239760,-079.907355
42,003,495000,2,1321,+40.215969,-079.875995
42,003,496101,1,1462,+40.275179,-079.832476
42,003,496101,2,1569,+40.270675,-079.809104
42,003,496102,1,1663,+40.265356,-079.867545
42,003,496102,2,1529,+40.266653,-079.847026
42,003,496102,3,1178,+40.236330,-079.826552
42,003,496200,1,1610,+40.304469,-079.822452
42,003,496200,2,924,+40.291641,-079.820232
42,003,496200,3,1758,+40.295287,-079.804252
42,003,496200,4,1289,+40.314681,-079.804410
42,003,497000,1,932,+40.298377,-079.853842
42,003,498000,1,1171,+40.323228,-079.850999
42,003,498000,2,1184,+40.325425,-079.859752
42,003,499300,1,647,+40.334812,-079.890000
42,003,499300,2,1031,+40.329497,-079.884966
42,003,499400,1,789,+40.319318,-079.886163
42,003,499400,2,856,+40.322805,-079.889661
42,003,499400,3,1152,+40.327214,-079.891104
42,003,500300,1,1414,+40.341608,-079.872531
42,003,500300,2,693,+40.337455,-079.879637
42,003,500300,3,635,+40.332885,-079.867232
42,003,500300,4,938,+40.338090,-079.872982
42,003,501000,1,1476,+40.318398,-079.830950
42,003,503002,1,1011,+40.355226,-079.821333
42,003,503002,2,1137,+40.349220,-079.824215
42,003,503002,3,1207,+40.336230,-079.815191
42,003,503002,4,825,+40.346146,-079.814392
42,003,503002,5,1666,+40.350769,-079.810115
42,003,504100,1,1052,+40.390870,-079.817419
42,003,504100,2,552,+40.394306,-079.824178
42,003,504100,3,779,+40.375864,-079.817349
42,003,504100,4,1454,+40.380250,-079.833778
42,003,504100,5,1189,+40.372793,-079.825311
42,003,507000,1,802,+40.386840,-079.804638
42,003,507000,2,1274,+40.381986,-079.810447
42,003,508000,1,764,+40.397079,-079.809115
42,003,508000,2,1017,+40.391518,-079.809393
42,003,509400,1,1316,+40.412582,-079.819399
42,003,509400,2,1078,+40.412431,-079.814362
42,003,509400,3,671,+40.407559,-079.817248
42,003,509400,4,1095,+40.405403,-079.821159
42,003,509400,5,954,+40.407813,-079.829127
42,003,510000,1,895,+40.398052,-079.838459
42,003,510000,2,1032,+40.397390,-079.841082
42,003,512000,1,767,+40.401458,-079.843043
42,003,512000,2,1306,+40.406771,-079.846174
42,003,513000,1,1311,+40.403585,-079.860124
42,003,513000,2,936,+40.409905,-079.865475
42,003,513800,1,685,+40.408124,-079.869454
42,003,513800,2,1036,+40.403268,-079.868410
42,003,514000,1,811,+40.410944,-079.874652
42,003,514000,2,1085,+40.413445,-079.881397
42,003,515100,1,703,+40.418621,-079.874912
42,003,515100,2,1209,+40.418101,-079.882030
42,003,515100,3,654,+40.421175,-079.882001
42,003,515200,1,969,+40.425131,-079.877218
42,003,515200,2,1065,+40.424599,-079.882789
42,003,515300,1,675,+40.419671,-079.888987
42,003,515300,2,1059,+40.420233,-079.892432
42,003,515401,1,881,+40.424206,-079.891855
42,003,515401,2,632,+40.422568,-079.896976
42,003,515401,3,777,+40.430387,-079.894793
42,003,516100,1,1406,+40.432643,-079.889304
42,003,516200,1,797,+40.433644,-079.879353
42,003,516200,2,942,+40.429584,-079.882123
42,003,517000,1,615,+40.422607,-079.870943
42,003,517000,2,1115,+40.414182,-079.858211
42,003,518001,1,1125,+40.426409,-079.865092
42,003,518001,2,1243,+40.431484,-079.859495
42,003,518001,3,918,+40.426971,-079.854121
42,003,519000,1,1123,+40.436970,-079.836599
42,003,519000,2,1262,+40.433953,-079.846449
42,003,519000,3,772,+40.447607,-079.852483
42,003,520001,1,1443,+40.426608,-079.818376
42,003,520001,2,1815,+40.436324,-079.813687
42,003,520002,1,1053,+40.419615,-079.829186
42,003,520002,2,1110,+40.415878,-079.836468
42,003,520002,3,929,+40.425899,-079.840019
42,003,521100,1,992,+40.456362,-079.765604
42,003,521100,2,1316,+40.447980,-079.776560
42,003,521100,3,2243,+40.450799,-079.783101
42,003,521200,1,2144,+40.440366,-079.783696
42,003,521200,2,923,+40.427816,-079.791437
42,003,521200,3,1454,+40.414048,-079.806435
42,003,521301,1,822,+40.437112,-079.765106
42,003,521301,2,1235,+40.426278,-079.758447
42,003,521301,3,768,+40.412950,-079.766314
42,003,521301,4,1391,+40.412003,-079.756993
42,003,521302,1,1592,+40.430933,-079.769464
42,003,521302,2,956,+40.434435,-079.777856
42,003,521302,3,1368,+40.420871,-079.787131
42,003,521302,4,600,+40.401221,-079.799756
42,003,521401,1,2067,+40.427809,-079.736720
42,003,521401,2,857,+40.421924,-079.717757
42,003,521402,1,1317,+40.400478,-079.755798
42,003,521402,2,1285,+40.404543,-079.745952
42,003,521402,3,1253,+40.412779,-079.741680
42,003,521500,1,1475,+40.439039,-079.717082
42,003,521500,2,1835,+40.445024,-079.742843
42,003,521500,3,773,+40.449047,-079.758299
42,003,522000,1,622,+40.404789,-079.773592
42,003,522000,2,1538,+40.403256,-079.779085
42,003,522000,3,941,+40.408867,-079.776086
42,003,523100,1,1212,+40.473833,-079.871497
42,003,523100,2,1157,+40.470594,-079.866295
42,003,523100,3,794,+40.462838,-079.871191
42,003,523100,4,642,+40.464842,-079.883785
42,003,523200,1,1185,+40.465866,-079.856693
42,003,523200,2,955,+40.460547,-079.850914
42,003,523200,3,971,+40.454912,-079.849726
42,003,523200,4,632,+40.460190,-079.859728
42,003,523300,1,723,+40.478206,-079.828327
42,003,523300,2,1167,+40.472976,-079.829250
42,003,523300,3,614,+40.468827,-079.834167
42,003,523300,4,1303,+40.468448,-079.841248
42,003,523400,1,1264,+40.450557,-079.833292
42,003,523400,2,698,+40.456793,-079.841647
42,003,523400,3,707,+40.454991,-079.839651
42,003,523400,4,687,+40.453142,-079.830138
42,003,523400,5,903,+40.463105,-079.836214
42,003,523400,6,662,+40.460928,-079.829429
42,003,523501,1,1768,+40.469390,-079.803593
42,003,523501,2,1497,+40.476535,-079.815160
42,003,523501,3,1438,+40.464609,-079.812818
42,003,523502,1,1497,+40.469948,-079.790124
42,003,523600,1,1751,+40.448422,-079.814547
42,003,523600,2,987,+40.461215,-079.820010
42,003,523600,3,2114,+40.455055,-079.807561
42,003,523701,1,690,+40.510149,-079.811176
42,003,523701,2,1221,+40.501912,-079.818983
42,003,523701,3,840,+40.496708,-079.813926
42,003,523701,4,1117,+40.503903,-079.829952
42,003,523702,1,1780,+40.495114,-079.802949
42,003,523702,2,1624,+40.484094,-079.786739
42,003,523702,3,1200,+40.483596,-079.800444
42,003,523702,4,572,+40.493512,-079.793859
42,003,523800,1,1229,+40.491783,-079.831123
42,003,523800,2,758,+40.484675,-079.828996
42,003,523800,3,1036,+40.481201,-079.838148
42,003,523800,4,1664,+40.491019,-079.842683
42,003,524000,1,652,+40.505751,-079.839599
42,003,524000,2,1124,+40.502821,-079.841527
42,003,524000,3,716,+40.508077,-079.838200
42,003,525100,1,2003,+40.517676,-079.830703
42,003,525200,1,1178,+40.517130,-079.840326
42,003,525200,2,1358,+40.516258,-079.846343
42,003,525300,1,757,+40.526829,-079.835652
42,003,525300,2,1462,+40.522958,-079.834446
42,003,526101,1,686,+40.542971,-079.749478
42,003,526101,2,3258,+40.512516,-079.757349
42,003,526101,3,2387,+40.521156,-079.779726
42,003,526101,4,1079,+40.523543,-079.799707
42,003,526102,1,2327,+40.497782,-079.725844
42,003,526201,1,1267,+40.494346,-079.770740
42,003,526201,2,2437,+40.485396,-079.752932
42,003,526202,1,1133,+40.479786,-079.772183
42,003,526202,2,2363,+40.465868,-079.754597
42,003,526202,3,1153,+40.483650,-079.779080
42,003,526301,1,1683,+40.483696,-079.707736
42,003,526301,2,2306,+40.474696,-079.720059
42,003,526302,1,1891,+40.468530,-079.709316
42,003,526302,2,988,+40.468185,-079.717274
42,003,526302,3,1205,+40.450608,-079.705916
42,003,526302,4,981,+40.459710,-079.712282
42,003,550900,1,570,+40.348786,-079.849315
42,003,550900,2,897,+40.348006,-079.855952
42,003,551200,1,1094,+40.350574,-079.840285
42,003,551200,2,1133,+40.353746,-079.830074
42,003,551200,3,1164,+40.347523,-079.837814
42,003,551300,1,868,+40.341886,-079.832250
42,003,551300,2,1479,+40.329257,-079.828377
42,003,551900,1,1330,+40.353444,-079.850341
42,003,552000,1,522,+40.343716,-079.843772
42,003,552000,2,574,+40.340404,-079.843066
42,003,552000,3,487,+40.343609,-079.839232
42,003,552000,4,711,+40.340100,-079.838685
42,003,552100,1,552,+40.346545,-079.863552
42,003,552100,2,623,+40.344085,-079.865849
42,003,552200,1,969,+40.348627,-079.876495
42,003,552300,1,552,+40.343724,-079.852491
42,003,552300,2,755,+40.339616,-079.850728
42,003,552300,3,555,+40.343243,-079.847462
42,003,552400,1,610,+40.336913,-079.835450
42,003,552400,2,898,+40.333071,-079.837260
42,003,552400,3,1384,+40.334314,-079.845705
42,003,560400,1,695,+40.443966,-079.890805
42,003,560400,2,858,+40.441782,-079.890742
42,003,560500,1,975,+40.439362,-079.892010
42,003,560500,2,1218,+40.436780,-079.890832
42,003,561400,1,581,+40.450411,-079.855919
42,003,561400,2,988,+40.453568,-079.860340
42,003,561400,3,1000,+40.448856,-079.866754
42,003,561400,4,1443,+40.445887,-079.863488
42,003,561500,1,1228,+40.440821,-079.866803
42,003,561500,2,752,+40.437086,-079.868600
42,003,561500,3,608,+40.443521,-079.873433
42,003,561900,1,656,+40.472497,-079.894402
42,003,561900,2,1242,+40.466855,-079.892571
42,003,562000,1,1403,+40.450973,-079.950902
42,003,562000,2,1119,+40.453357,-079.952940
42,003,562000,3,927,+40.449121,-079.954275
42,003,562300,1,1246,+40.406889,-079.934116
42,003,562300,2,0,+40.414823,-079.928714
42,003,562300,3,1869,+40.408479,-079.940153
42,003,562400,1,759,+40.408023,-079.999380
42,003,562400,2,649,+40.415848,-080.002736
42,003,562400,3,955,+40.418947,-080.003113
42,003,562500,1,915,+40.457814,-080.049704
42,003,562500,2,872,+40.454997,-080.050946
42,003,562500,3,1132,+40.457388,-080.055536
42,003,562600,1,1181,+40.440683,-080.039848
42,003,562600,2,1217,+40.446050,-080.038487
42,003,562700,1,540,+40.452309,-080.016453
42,003,562700,2,1419,+40.451882,-080.005170
42,003,562800,1,491,+40.417421,-080.073069
42,003,562800,2,1025,+40.427165,-080.064258
42,003,562901,1,570,+40.406439,-079.946208
42,003,562901,2,863,+40.417271,-079.942365
42,003,563000,1,1092,+40.448889,-080.077737
42,003,563000,2,757,+40.459317,-080.077464
42,003,563000,3,1079,+40.454753,-080.071261
42,003,563100,1,1428,+40.432906,-080.043500
42,003,563100,2,2294,+40.431905,-080.054126
42,003,563201,1,301,+40.449125,-079.998934
42,003,563202,1,845,+40.453180,-079.999386
42,003,563202,2,1058,+40.456742,-079.998192
42,003,563300,1,689,+40.568631,-080.126549
42,003,563300,2,857,+40.553502,-080.155055
42,003,563800,1,773,+40.517423,-080.085693
42,003,563800,2,1825,+40.533131,-080.148692
42,003,563800,3,212,+40.519402,-080.132093
42,003,563800,4,81,+40.527287,-080.156014
42,003,563800,5,590,+40.531662,-080.167553
42,003,563800,6,400,+40.511839,-080.073224
42,003,563900,1,748,+40.409959,-079.838333
42,003,563900,2,1217,+40.415289,-079.844771
42,003,563900,3,965,+40.419821,-079.846267
42,003,563900,4,961,+40.426198,-079.847956
42,003,564000,1,2644,+40.422168,-080.243772
42,003,564000,2,2460,+40.391569,-080.213925
42,003,564000,3,396,+40.372374,-080.228005
42,003,564000,4,1621,+40.442525,-080.245879
42,003,564100,1,441,+40.423417,-080.090453
42,003,564100,2,466,+40.433552,-080.085878
42,003,564200,1,310,+40.303211,-079.797071
42,003,564200,2,918,+40.324179,-079.797900
42,003,564200,3,866,+40.342870,-079.789925
42,003,564400,1,1051,+40.365610,-079.786214
42,003,564400,2,1165,+40.367001,-079.800987
42,003,564400,3,974,+40.370396,-079.809243
42,003,564400,4,1330,+40.380822,-079.794398
42,003,564400,5,528,+40.375264,-079.810756
42,003,564400,6,519,+40.393014,-079.787996
42,003,564400,7,64,+40.382348,-079.767964
42,003,564500,1,1564,+40.280177,-079.920327
42,003,564500,2,1065,+40.267494,-079.915887
42,003,564500,3,403,+40.271754,-079.897973
42,003,564700,1,528,+40.439253,-079.877698
42,003,564700,2,606,+40.436191,-079.878220
42,003,564700,3,1050,+40.440070,-079.883623
42,003,564800,1,716,+40.446418,-079.876058
42,003,564800,2,1103,+40.446525,-079.882265
42,003,565100,1,2972,+40.456836,-080.010717
42,003,565200,1,1274,+40.453548,-080.023662
42,003,565200,2,757,+40.457011,-080.026166
42,003,565200,3,709,+40.460042,-080.021645
42,003,565300,1,1238,+40.385747,-079.924376
42,003,980000,1,0,+40.487566,-079.890830
42,003,980100,1,8,+40.485757,-079.909530
42,003,980300,1,0,+40.432550,-079.905722
42,003,980400,1,13,+40.478464,-080.021697
42,003,980500,1,18,+40.430965,-079.948342
42,003,980600,1,19,+40.452554,-080.027017
42,003,980700,1,29,+40.431565,-080.002130
42,003,980800,1,3,+40.434169,-079.968816
42,003,980900,1,0,+40.471674,-080.043350
42,003,981000,1,4,+40.473302,-079.949272
42,003,981100,1,0,+40.443041,-079.900580
42,003,981100,2,0,+40.441889,-079.907173
42,003,981200,1,0,+40.446462,-080.011958
42,003,981800,1,314,+40.479349,-079.897814
42,003,982200,1,5022,+40.443978,-079.956125
42,005,950100,1,1817,+40.882229,-079.267506
42,005,950100,2,1002,+40.987786,-079.257753
42,005,950100,3,914,+40.961183,-079.330728
42,005,950100,4,979,+40.986817,-079.353142
42,005,950200,1,895,+40.921009,-079.523719
42,005,950200,2,1175,+40.949782,-079.456457
42,005,950300,1,1350,+40.928602,-079.640304
42,005,950300,2,769,+41.098096,-079.683915
42,005,950300,3,1157,+40.997831,-079.644698
42,005,950400,1,1069,+40.857045,-079.637811
42,005,950400,2,632,+40.821082,-079.647007
42,005,950400,3,594,+40.838500,-079.632226
42,005,950500,1,1110,+40.864952,-079.555072
42,005,950500,2,1895,+40.825244,-079.568969
42,005,950500,3,1145,+40.823927,-079.534341
42,005,950500,4,1192,+40.811940,-079.530341
42,005,950600,1,817,+40.883535,-079.417825
42,005,950600,2,1325,+40.823878,-079.447398
42,005,950600,3,1106,+40.831665,-079.499066
42,005,950700,1,859,+40.798807,-079.284453
42,005,950700,2,1154,+40.798836,-079.347407
42,005,950700,3,840,+40.788531,-079.237224
42,005,950700,4,826,+40.799939,-079.317549
42,005,950800,1,919,+40.773944,-079.422763
42,005,950800,2,1116,+40.751927,-079.461480
42,005,950800,3,656,+40.668555,-079.464604
42,005,950800,4,1098,+40.703395,-079.542903
42,005,950900,1,1133,+40.744160,-079.527756
42,005,950900,2,1077,+40.767957,-079.516627
42,005,950900,3,755,+40.760629,-079.530168
42,005,950900,4,1957,+40.790764,-079.507009
42,005,951000,1,1332,+40.772195,-079.528519
42,005,951000,2,921,+40.765904,-079.534040
42,005,951000,3,606,+40.773263,-079.525842
42,005,951100,1,1045,+40.824447,-079.523697
42,005,951100,2,690,+40.832704,-079.526581
42,005,951100,3,589,+40.821419,-079.525495
42,005,951100,4,586,+40.812360,-079.516745
42,005,951100,5,428,+40.818636,-079.518855
42,005,951100,6,583,+40.817617,-079.522158
42,005,951200,1,1553,+40.737511,-079.661621
42,005,951200,2,1078,+40.788810,-079.611968
42,005,951200,3,1104,+40.777680,-079.552224
42,005,951200,4,862,+40.782129,-079.574101
42,005,951200,5,1156,+40.716144,-079.633371
42,005,951300,1,673,+40.652666,-079.587690
42,005,951300,2,1096,+40.676021,-079.609853
42,005,951300,3,642,+40.656291,-079.608671
42,005,951400,1,1276,+40.638190,-079.544888
42,005,951400,2,729,+40.610781,-079.569053
42,005,951400,3,467,+40.607501,-079.565752
42,005,951500,1,658,+40.590403,-079.557760
42,005,951500,2,594,+40.595215,-079.555571
42,005,951500,3,943,+40.586328,-079.563983
42,005,951500,4,672,+40.582247,-079.564967
42,005,951600,1,1578,+40.607160,-079.506592
42,005,951600,2,1777,+40.577081,-079.488161
42,005,951600,3,1250,+40.580581,-079.546549
42,005,951700,1,1006,+40.638627,-079.395602
42,005,951700,2,1630,+40.705356,-079.331439
42,005,951700,3,816,+40.733037,-079.386397
42,005,951800,1,948,+40.631932,-079.599958
42,005,951800,2,508,+40.629499,-079.606382
42,005,951800,3,693,+40.627904,-079.602734
42,005,951900,1,1001,+40.677702,-079.684896
42,005,951900,2,735,+40.672703,-079.687770
42,007,600601,1,927,+40.832084,-080.439669
42,007,600601,2,1140,+40.813195,-080.459528
42,007,600602,1,1729,+40.777503,-080.436149
42,007,600602,2,951,+40.740283,-080.450642
42,007,600701,1,1680,+40.769024,-080.356478
42,007,600701,2,1692,+40.787164,-080.371874
42,007,600702,1,2235,+40.773659,-080.391800
42,007,600702,2,2435,+40.753334,-080.373955
42,007,601000,1,1061,+40.735644,-080.327135
42,007,601000,2,1234,+40.747872,-080.338528
42,007,601000,3,1473,+40.751436,-080.333247
42,007,601100,1,547,+40.783293,-080.329798
42,007,601100,2,2529,+40.773954,-080.324934
42,007,601200,1,1146,+40.750794,-080.323298
42,007,601200,2,1185,+40.758873,-080.326610
42,007,601200,3,869,+40.754530,-080.319045
42,007,601300,1,820,+40.760196,-080.316366
42,007,601300,2,1909,+40.753454,-080.315266
42,007,601400,1,782,+40.739259,-080.314831
42,007,601400,2,1622,+40.739988,-080.309546
42,007,601400,3,840,+40.745215,-080.308180
42,007,601600,1,650,+40.735276,-080.296923
42,007,601600,2,650,+40.728094,-080.296728
42,007,601700,1,1894,+40.758141,-080.289852
42,007,601700,2,1368,+40.732981,-080.272482
42,007,601801,1,891,+40.756509,-080.198287
42,007,601801,2,837,+40.724788,-080.165724
42,007,601801,3,1833,+40.685902,-080.177673
42,007,601802,1,811,+40.687576,-080.240954
42,007,601802,2,2175,+40.714144,-080.207667
42,007,601802,3,636,+40.733801,-080.233587
42,007,602100,1,1743,+40.706509,-080.284318
42,007,602100,2,877,+40.703059,-080.283827
42,007,602100,3,852,+40.703541,-080.277473
42,007,602300,1,765,+40.694654,-080.301000
42,007,602300,2,1721,+40.698731,-080.304241
42,007,602400,1,1081,+40.689865,-080.312635
42,007,602400,2,871,+40.696066,-080.312343
42,007,602500,1,1295,+40.685933,-080.327426
42,007,602601,1,1907,+40.688513,-080.368824
42,007,602601,2,1788,+40.693803,-080.403158
42,007,602601,3,1554,+40.715763,-080.376925
42,007,602602,1,1929,+40.707324,-080.324395
42,007,602602,2,1612,+40.700328,-080.341611
42,007,602701,1,1234,+40.659516,-080.392634
42,007,602701,2,604,+40.653804,-080.429962
42,007,602702,1,1228,+40.705882,-080.469809
42,007,602702,2,1008,+40.670727,-080.492342
42,007,602702,3,1184,+40.672139,-080.461273
42,007,602800,1,724,+40.634998,-080.447284
42,007,602800,2,947,+40.640029,-080.454987
42,007,602800,3,762,+40.646368,-080.463510
42,007,602900,1,1483,+40.587114,-080.443553
42,007,602900,2,1201,+40.590996,-080.490543
42,007,603000,1,927,+40.621944,-080.356444
42,007,603000,2,605,+40.618763,-080.387700
42,007,603000,3,1261,+40.591766,-080.378850
42,007,603202,1,2406,+40.642513,-080.293766
42,007,603202,2,2020,+40.662094,-080.280085
42,007,603202,3,1712,+40.630077,-080.297050
42,007,603202,4,1019,+40.629366,-080.320812
42,007,603300,1,1871,+40.678185,-080.268980
42,007,603300,2,1940,+40.681942,-080.282026
42,007,603400,1,1185,+40.691741,-080.276741
42,007,603400,2,629,+40.689941,-080.278242
42,007,603500,1,834,+40.680999,-080.248535
42,007,603500,2,662,+40.689604,-080.255844
42,007,603600,1,2168,+40.665076,-080.234870
42,007,603700,1,1076,+40.649037,-080.227694
42,007,603700,2,754,+40.641980,-080.221925
42,007,603700,3,1240,+40.635447,-080.224279
42,007,603700,4,834,+40.629935,-080.218918
42,007,603801,1,1881,+40.664498,-080.212406
42,007,603801,2,1050,+40.672185,-080.194253
42,007,603802,1,927,+40.667688,-080.164452
42,007,603802,2,2218,+40.654564,-080.167032
42,007,603803,1,2043,+40.618883,-080.194645
42,007,603803,2,979,+40.622827,-080.163726
42,007,603900,1,1655,+40.613456,-080.220485
42,007,603900,2,1532,+40.593570,-080.215043
42,007,604000,1,1296,+40.600249,-080.223333
42,007,604000,2,1298,+40.593663,-080.223462
42,007,604100,1,1026,+40.581970,-080.222733
42,007,604100,2,902,+40.586179,-080.227289
42,007,604100,3,851,+40.587458,-080.223727
42,007,604200,1,950,+40.597264,-080.231296
42,007,604200,2,649,+40.590963,-080.229871
42,007,604500,1,393,+40.624635,-080.247206
42,007,604500,2,1427,+40.616971,-080.253984
42,007,604500,3,449,+40.619943,-080.258570
42,007,604600,1,958,+40.615183,-080.266957
42,007,604600,2,1215,+40.613114,-080.275604
42,007,604600,3,707,+40.609641,-080.284778
42,007,604700,1,1469,+40.606123,-080.274697
42,007,604800,1,841,+40.595384,-080.265509
42,007,604800,2,1297,+40.596709,-080.257339
42,007,604800,3,2737,+40.577867,-080.247390
42,007,604901,1,1014,+40.627136,-080.269681
42,007,604901,2,982,+40.611280,-080.294135
42,007,604901,3,1049,+40.602235,-080.286123
42,007,604901,4,981,+40.574485,-080.288691
42,007,604902,1,995,+40.592857,-080.272639
42,007,604902,2,1456,+40.577697,-080.267129
42,007,604902,3,1380,+40.560612,-080.262484
42,007,604902,4,1147,+40.568637,-080.277210
42,007,605001,1,1215,+40.565879,-080.331551
42,007,605001,2,1033,+40.521408,-080.336885
42,007,605002,1,1095,+40.507859,-080.487447
42,007,605002,2,1186,+40.542504,-080.442839
42,007,605002,3,1178,+40.517231,-080.391224
42,007,605100,1,720,+40.841364,-080.194494
42,007,605100,2,1471,+40.826289,-080.221415
42,007,605100,3,798,+40.786871,-080.201648
42,007,605100,4,1691,+40.848346,-080.264096
42,007,605200,1,1316,+40.766805,-080.336654
42,007,605200,2,1195,+40.779848,-080.338086
42,007,605300,1,553,+40.834684,-080.340725
42,007,605300,2,1733,+40.814935,-080.376459
42,007,605300,3,712,+40.834656,-080.324614
42,007,605400,1,745,+40.705302,-080.298042
42,007,605400,2,1778,+40.725827,-080.305776
42,007,605400,3,966,+40.733973,-080.308857
42,007,605500,1,1799,+40.659295,-080.308864
42,007,605500,2,1245,+40.647964,-080.316338
42,007,605500,3,1026,+40.674245,-080.300394
42,007,605500,4,941,+40.661844,-080.331415
42,007,605600,1,1039,+40.718497,-080.286556
42,007,605600,2,1672,+40.713139,-080.270246
42,007,605600,3,565,+40.699130,-080.267611
42,007,605700,1,720,+40.613502,-080.247291
42,007,605700,2,1387,+40.607418,-080.261723
42,007,605700,3,513,+40.637161,-080.241680
42,007,605800,1,1398,+40.837584,-080.295585
42,007,605800,2,610,+40.852450,-080.285656
42,007,605800,3,1328,+40.816925,-080.262285
42,007,605800,4,1734,+40.778929,-080.278668
42,007,605800,5,1035,+40.797321,-080.301724
42,009,960100,1,899,+40.218352,-078.246823
42,009,960100,2,1209,+40.216132,-078.257623
42,009,960100,3,1465,+40.229943,-078.359300
42,009,960200,1,1525,+40.253258,-078.503139
42,009,960200,2,835,+40.233926,-078.584525
42,009,960200,3,1022,+40.193533,-078.519816
42,009,960300,1,1849,+40.174023,-078.623090
42,009,960300,2,1709,+40.138509,-078.580269
42,009,960300,3,1275,+40.126210,-078.537866
42,009,960400,1,819,+40.116147,-078.298901
42,009,960400,2,1259,+40.118196,-078.343711
42,009,960400,3,1205,+40.154573,-078.412222
42,009,960400,4,1919,+40.225770,-078.415713
42,009,960500,1,624,+40.130039,-078.207773
42,009,960500,2,943,+40.162022,-078.228433
42,009,960500,3,663,+39.953583,-078.273505
42,009,960500,4,1097,+40.024135,-078.247676
42,009,960600,1,1047,+40.028722,-078.346209
42,009,960600,2,666,+40.012954,-078.369579
42,009,960600,3,1099,+40.016116,-078.375817
42,009,960600,4,760,+40.005602,-078.371550
42,009,960600,5,1275,+39.978793,-078.362845
42,009,960700,1,734,+40.018335,-078.498958
42,009,960700,2,765,+40.020462,-078.508711
42,009,960700,3,804,+40.010172,-078.506536
42,009,960700,4,562,+40.012849,-078.498435
42,009,960800,1,956,+40.067156,-078.471462
42,009,960800,2,1119,+40.080862,-078.515766
42,009,960800,3,1745,+40.014401,-078.530435
42,009,960800,4,1285,+40.000990,-078.513361
42,009,960900,1,1353,+40.062630,-078.617538
42,009,960900,2,1200,+40.087561,-078.670006
42,009,960900,3,898,+39.993707,-078.714256
42,009,960900,4,1248,+39.980404,-078.615573
42,009,961001,1,1393,+39.891905,-078.383479
42,009,961001,2,1354,+39.772364,-078.494153
42,009,961002,1,1770,+40.027298,-078.435085
42,009,961002,2,1273,+39.939914,-078.496095
42,009,961100,1,1454,+39.821356,-078.644833
42,009,961100,2,576,+39.857801,-078.704427
42,009,961100,3,863,+39.821254,-078.721418
42,009,961100,4,1061,+39.774602,-078.752021
42,011,000100,1,1278,+40.335156,-075.919130
42,011,000100,2,1415,+40.335091,-075.921027
42,011,000100,3,1034,+40.335344,-075.923626
42,011,000100,4,1271,+40.334722,-075.927681
42,011,000100,5,1078,+40.335267,-075.930676
42,011,000200,1,1525,+40.357404,-075.945831
42,011,000200,2,856,+40.352249,-075.949759
42,011,000200,3,1660,+40.355439,-075.954484
42,011,000300,1,965,+40.354214,-075.934240
42,011,000300,2,1408,+40.356256,-075.939874
42,011,000400,1,1950,+40.356220,-075.927402
42,011,000400,2,1166,+40.349708,-075.928649
42,011,000400,3,998,+40.351187,-075.927850
42,011,000500,1,1756,+40.357818,-075.917018
42,011,000500,2,883,+40.359972,-075.916704
42,011,000500,3,1063,+40.365458,-075.922182
42,011,000600,1,724,+40.361708,-075.902940
42,011,000600,2,2725,+40.360777,-075.910041
42,011,000700,1,1167,+40.354069,-075.910467
42,011,000700,2,1634,+40.350263,-075.913871
42,011,000700,3,1560,+40.353867,-075.914335
42,011,000800,1,1666,+40.354645,-075.917434
42,011,000800,2,1858,+40.351691,-075.917666
42,011,000800,3,1134,+40.349526,-075.918189
42,011,000900,1,1908,+40.347082,-075.927167
42,011,000900,2,1110,+40.346993,-075.931709
42,011,001000,1,1454,+40.346113,-075.934384
42,011,001000,2,2056,+40.346030,-075.936724
42,011,001100,1,1832,+40.347138,-075.939449
42,011,001100,2,1192,+40.345155,-075.941010
42,011,001100,3,1424,+40.345489,-075.942165
42,011,001200,1,1007,+40.340491,-075.934567
42,011,001200,2,847,+40.341308,-075.936901
42,011,001300,1,1252,+40.342786,-075.928933
42,011,001300,2,1143,+40.340590,-075.928903
42,011,001300,3,1119,+40.339266,-075.928377
42,011,001400,1,1114,+40.347877,-075.919090
42,011,001400,2,1213,+40.346582,-075.918542
42,011,001400,3,1217,+40.345062,-075.918401
42,011,001400,4,1289,+40.343625,-075.918745
42,011,001500,1,1300,+40.347476,-075.914398
42,011,001500,2,1448,+40.345480,-075.913506
42,011,001500,3,1149,+40.343540,-075.913636
42,011,001600,1,1701,+40.341540,-075.912784
42,011,001600,2,1168,+40.339821,-075.913557
42,011,001700,1,1939,+40.341257,-075.918456
42,011,001700,2,1414,+40.339405,-075.919045
42,011,001800,1,1252,+40.334632,-075.906574
42,011,001800,2,1754,+40.330162,-075.905522
42,011,001900,1,1668,+40.335568,-075.916800
42,011,001900,2,1192,+40.332710,-075.915610
42,011,002001,1,1443,+40.326952,-075.902047
42,011,002002,1,1534,+40.327999,-075.906858
42,011,002002,2,1734,+40.328801,-075.910658
42,011,002100,1,971,+40.331268,-075.915131
42,011,002100,2,1273,+40.329460,-075.915288
42,011,002100,3,1046,+40.327815,-075.916273
42,011,002200,1,905,+40.329724,-075.919202
42,011,002200,2,1377,+40.330090,-075.921782
42,011,002300,1,858,+40.330777,-075.926363
42,011,002300,2,1444,+40.327632,-075.925782
42,011,002500,1,734,+40.335815,-075.933549
42,011,002500,2,1570,+40.330169,-075.929842
42,011,002500,3,1195,+40.339748,-075.938651
42,011,002600,1,1004,+40.322580,-075.941306
42,011,002600,2,2452,+40.320610,-075.946844
42,011,002700,1,737,+40.321678,-075.954754
42,011,002700,2,1388,+40.315906,-075.947974
42,011,002900,1,1685,+40.319680,-075.932168
42,011,002900,2,1826,+40.311972,-075.933359
42,011,010100,1,1856,+40.493932,-076.170610
42,011,010100,2,2322,+40.469763,-076.344865
42,011,010100,3,1737,+40.490701,-076.252756
42,011,010201,1,1388,+40.490312,-076.019535
42,011,010201,2,1487,+40.452234,-076.022508
42,011,010201,3,1569,+40.468191,-075.989336
42,011,010202,1,2479,+40.533839,-076.013775
42,011,010202,2,1124,+40.554419,-076.023041
42,011,010202,3,1606,+40.513635,-076.093547
42,011,010302,1,1997,+40.445257,-076.098130
42,011,010302,2,1030,+40.416583,-076.048064
42,011,010303,1,2023,+40.442918,-075.970147
42,011,010304,1,1238,+40.364013,-075.957455
42,011,010304,2,2603,+40.420232,-075.992280
42,011,010304,3,1584,+40.387014,-075.999484
42,011,010304,4,1212,+40.384077,-076.016840
42,011,010401,1,1616,+40.430192,-076.292960
42,011,010402,1,2369,+40.439470,-076.151845
42,011,010402,2,1220,+40.395032,-076.121951
42,011,010402,3,1833,+40.381963,-076.223929
42,011,010402,4,1799,+40.442081,-076.231779
42,011,010500,1,1217,+40.366795,-076.189755
42,011,010500,2,1675,+40.362512,-076.185246
42,011,010500,3,1731,+40.356298,-076.149834
42,011,010500,4,1305,+40.349545,-076.138977
42,011,010500,5,730,+40.353453,-076.134636
42,011,010601,1,2776,+40.330589,-076.081618
42,011,010602,1,2429,+40.335359,-076.035617
42,011,010602,2,1666,+40.356113,-076.042773
42,011,010602,3,2135,+40.337923,-076.080869
42,011,010701,1,1569,+40.323334,-076.120650
42,011,010701,2,1372,+40.299582,-076.098605
42,011,010702,1,1881,+40.320806,-076.080648
42,011,010702,2,1793,+40.317089,-076.049690
42,011,010702,3,1048,+40.304191,-076.064384
42,011,010801,1,1953,+40.278835,-076.052217
42,011,010803,1,1555,+40.313816,-076.015482
42,011,010803,2,1519,+40.315637,-076.010412
42,011,010803,3,1734,+40.312098,-076.003669
42,011,010803,4,1140,+40.309046,-075.993108
42,011,010804,1,1917,+40.294932,-076.018018
42,011,010804,2,1729,+40.310798,-076.030062
42,011,010902,1,1379,+40.328668,-076.018893
42,011,010902,2,1279,+40.324108,-076.027353
42,011,010902,3,1628,+40.319915,-076.021040
42,011,010903,1,2389,+40.347591,-075.996825
42,011,010903,2,2049,+40.334159,-076.010929
42,011,010903,3,792,+40.327755,-076.003575
42,011,010903,4,832,+40.360153,-075.974667
42,011,010904,1,2700,+40.343463,-075.988414
42,011,010904,2,1097,+40.336075,-075.999272
42,011,010905,1,1610,+40.324528,-075.988069
42,011,010905,2,1631,+40.314777,-075.987898
42,011,010905,3,2020,+40.321877,-075.999815
42,011,011000,1,1835,+40.336094,-075.984611
42,011,011000,2,1168,+40.332332,-075.978108
42,011,011000,3,940,+40.329284,-075.991435
42,011,011000,4,822,+40.328858,-075.996536
42,011,011101,1,1173,+40.341926,-075.964440
42,011,011101,2,1357,+40.345282,-075.959568
42,011,011102,1,766,+40.326846,-075.966226
42,011,011102,2,1276,+40.331551,-075.960076
42,011,011102,3,2255,+40.323335,-075.976167
42,011,011102,4,1284,+40.315104,-075.968702
42,011,011200,1,764,+40.332451,-075.946325
42,011,011200,2,1832,+40.336751,-075.948266
42,011,011200,3,1094,+40.330166,-075.945784
42,011,011200,4,863,+40.333925,-075.947588
42,011,011300,1,1558,+40.309555,-075.946305
42,011,011300,2,1443,+40.307271,-075.941743
42,011,011400,1,1497,+40.307107,-075.962773
42,011,011400,2,744,+40.309174,-075.967990
42,011,011400,3,934,+40.300218,-075.964929
42,011,011400,4,1187,+40.299965,-075.972949
42,011,011400,5,1113,+40.304743,-075.971864
42,011,011500,1,588,+40.285237,-075.980324
42,011,011500,2,788,+40.284059,-075.985939
42,011,011500,3,1551,+40.288994,-075.989859
42,011,011601,1,1664,+40.310258,-075.954133
42,011,011601,2,1407,+40.302478,-075.955677
42,011,011601,3,2465,+40.291432,-075.962060
42,011,011602,1,1052,+40.305011,-075.989208
42,011,011602,2,1048,+40.267673,-075.986556
42,011,011602,3,2445,+40.291280,-075.994871
42,011,011603,1,1461,+40.278977,-075.913390
42,011,011603,2,1514,+40.299822,-075.935426
42,011,011603,3,1709,+40.264704,-075.940320
42,011,011603,4,854,+40.278893,-075.920388
42,011,011702,1,2484,+40.243354,-076.002503
42,011,011702,2,2118,+40.225827,-075.953097
42,011,011703,1,2140,+40.160443,-075.891048
42,011,011703,2,2148,+40.157190,-075.863318
42,011,011704,1,2527,+40.241056,-075.902209
42,011,011705,1,2596,+40.269192,-075.862543
42,011,011705,2,2415,+40.206122,-075.866730
42,011,011800,1,715,+40.265289,-075.803620
42,011,011800,2,2127,+40.262428,-075.815966
42,011,011800,3,2264,+40.258800,-075.804675
42,011,011902,1,1065,+40.259463,-075.789184
42,011,011902,2,1281,+40.227304,-075.808599
42,011,011902,3,1540,+40.241212,-075.732398
42,011,011903,1,851,+40.308310,-075.762814
42,011,011903,2,1959,+40.289157,-075.730970
42,011,011903,3,2365,+40.308635,-075.723030
42,011,011905,1,2244,+40.274114,-075.747196
42,011,011905,2,1167,+40.273405,-075.770480
42,011,011906,1,1333,+40.270636,-075.720280
42,011,011906,2,1605,+40.269285,-075.729626
42,011,011906,3,1872,+40.270538,-075.737633
42,011,012001,1,1285,+40.287711,-075.837760
42,011,012001,2,1112,+40.282401,-075.820374
42,011,012003,1,2195,+40.313903,-075.878597
42,011,012004,1,1590,+40.292988,-075.856901
42,011,012004,2,1314,+40.297192,-075.858124
42,011,012004,3,2106,+40.299312,-075.873337
42,011,012004,4,1747,+40.303149,-075.868158
42,011,012101,1,1892,+40.324776,-075.864169
42,011,012103,1,689,+40.295862,-075.812420
42,011,012103,2,1811,+40.332397,-075.816601
42,011,012104,1,1191,+40.339856,-075.870676
42,011,012104,2,1939,+40.339427,-075.855264
42,011,012106,1,1857,+40.314495,-075.861821
42,011,012106,2,1822,+40.307854,-075.839765
42,011,012106,3,1235,+40.298594,-075.837842
42,011,012107,1,1823,+40.317975,-075.845951
42,011,012107,2,1750,+40.328232,-075.834073
42,011,012200,1,1017,+40.329405,-075.884802
42,011,012200,2,1404,+40.326610,-075.892952
42,011,012200,3,897,+40.330645,-075.889784
42,011,012300,1,976,+40.345676,-075.871121
42,011,012300,2,1386,+40.339328,-075.877411
42,011,012300,3,1436,+40.334907,-075.883030
42,011,012300,4,840,+40.352146,-075.870464
42,011,012400,1,1893,+40.373392,-075.907299
42,011,012400,2,1446,+40.407996,-075.909910
42,011,012400,3,1136,+40.409350,-075.918937
42,011,012400,4,1464,+40.403485,-075.921755
42,011,012400,5,1914,+40.387758,-075.902815
42,011,012500,1,1228,+40.411690,-075.926396
42,011,012500,2,1014,+40.397474,-075.923572
42,011,012600,1,1112,+40.377544,-075.922546
42,011,012600,2,1431,+40.373577,-075.923252
42,011,012701,1,2237,+40.395050,-075.948145
42,011,012701,2,1697,+40.385934,-075.940183
42,011,012701,3,1142,+40.388969,-075.954542
42,011,012702,1,2601,+40.404288,-075.954386
42,011,012702,2,1600,+40.394584,-075.963607
42,011,012800,1,764,+40.392617,-075.910209
42,011,012800,2,891,+40.388034,-075.908960
42,011,012800,3,1742,+40.390188,-075.917117
42,011,012800,4,880,+40.385988,-075.923129
42,011,012901,1,1436,+40.397030,-075.880218
42,011,012901,2,1660,+40.385515,-075.846168
42,011,012901,3,738,+40.369510,-075.870167
42,011,012902,1,1525,+40.393699,-075.775611
42,011,012902,2,2285,+40.371599,-075.776382
42,011,013000,1,1173,+40.298881,-075.661255
42,011,013000,2,1332,+40.259102,-075.699389
42,011,013000,3,2073,+40.314573,-075.691779
42,011,013000,4,2189,+40.354678,-075.707533
42,011,013100,1,2437,+40.344377,-075.636481
42,011,013100,2,1749,+40.327877,-075.650111
42,011,013100,3,926,+40.358685,-075.655027
42,011,013200,1,1203,+40.335699,-075.638524
42,011,013200,2,2004,+40.330119,-075.632249
42,011,013200,3,1057,+40.332092,-075.641681
42,011,013301,1,1446,+40.448104,-075.596127
42,011,013301,2,1516,+40.449325,-075.556694
42,011,013302,1,1257,+40.372863,-075.627158
42,011,013302,2,2392,+40.378091,-075.608926
42,011,013302,3,1678,+40.400236,-075.605571
42,011,013302,4,1228,+40.400589,-075.589103
42,011,013402,1,1378,+40.433602,-075.654303
42,011,013402,2,1595,+40.399292,-075.695150
42,011,013403,1,2608,+40.417687,-075.838447
42,011,013403,2,1390,+40.436560,-075.804504
42,011,013404,1,1990,+40.435710,-075.747448
42,011,013404,2,712,+40.471049,-075.725037
42,011,013404,3,944,+40.453316,-075.764379
42,011,013501,1,2598,+40.441458,-075.937490
42,011,013501,2,1225,+40.462502,-075.900717
42,011,013502,1,1373,+40.438120,-075.886649
42,011,013502,2,2044,+40.446029,-075.881763
42,011,013503,1,1729,+40.453678,-075.878802
42,011,013503,2,2798,+40.444669,-075.864883
42,011,013600,1,1125,+40.456415,-075.828318
42,011,013600,2,1116,+40.453976,-075.821347
42,011,013600,3,1808,+40.456647,-075.812281
42,011,013701,1,1800,+40.465089,-075.821083
42,011,013701,2,1803,+40.507408,-075.850953
42,011,013702,1,1107,+40.515320,-075.964758
42,011,013702,2,1360,+40.501142,-075.968814
42,011,013702,3,1368,+40.503265,-075.929174
42,011,013800,1,964,+40.564741,-075.986127
42,011,013800,2,1949,+40.553948,-075.978090
42,011,013800,3,1357,+40.553808,-075.983690
42,011,013901,1,1808,+40.620424,-075.863267
42,011,013901,2,2489,+40.556675,-075.944081
42,011,013902,1,1615,+40.562430,-075.848901
42,011,013902,2,1845,+40.579038,-075.770495
42,011,014000,1,1835,+40.525004,-075.772590
42,011,014000,2,1134,+40.518001,-075.783294
42,011,014000,3,1193,+40.514125,-075.774893
42,011,014101,1,1036,+40.508843,-075.781216
42,011,014101,2,2058,+40.507727,-075.779392
42,011,014102,1,1166,+40.546469,-075.727980
42,011,014102,2,1886,+40.499320,-075.745039
42,011,014102,3,1474,+40.514179,-075.787478
42,011,014201,1,610,+40.507922,-075.700551
42,011,014201,2,2461,+40.500066,-075.699069
42,011,014202,1,2125,+40.508976,-075.661339
42,011,014202,2,1767,+40.475715,-075.626692
42,011,014202,3,645,+40.478625,-075.693653
42,013,010101,1,654,+40.728343,-078.185181
42,013,010101,2,907,+40.705252,-078.238717
42,013,010101,3,1187,+40.665689,-078.267799
42,013,010101,4,1532,+40.634875,-078.234372
42,013,010102,1,1433,+40.666792,-078.249066
42,013,010102,2,701,+40.674090,-078.238199
42,013,010102,3,718,+40.674509,-078.235418
42,013,010103,1,1174,+40.675587,-078.243039
42,013,010103,2,1454,+40.683183,-078.242701
42,013,010401,1,1008,+40.598406,-078.331227
42,013,010401,2,819,+40.604577,-078.336713
42,013,010403,1,1848,+40.576781,-078.355461
42,013,010403,2,759,+40.627306,-078.369155
42,013,010404,1,1364,+40.605173,-078.343229
42,013,010404,2,1484,+40.596820,-078.319823
42,013,010404,3,1023,+40.637850,-078.298959
42,013,010500,1,1129,+40.555402,-078.433415
42,013,010500,2,1553,+40.529354,-078.425814
42,013,010500,3,1473,+40.488673,-078.442735
42,013,010600,1,927,+40.482422,-078.380896
42,013,010600,2,1232,+40.463779,-078.394025
42,013,010701,1,1440,+40.539277,-078.363934
42,013,010701,2,2050,+40.546716,-078.405866
42,013,010702,1,1107,+40.540152,-078.346854
42,013,010702,2,1250,+40.527386,-078.362896
42,013,010702,3,940,+40.532480,-078.303584
42,013,010800,1,771,+40.496150,-078.202674
42,013,010800,2,592,+40.447378,-078.185701
42,013,010800,3,845,+40.439790,-078.235678
42,013,010800,4,1233,+40.461219,-078.202859
42,013,010900,1,1231,+40.480266,-078.303713
42,013,010900,2,1153,+40.457313,-078.377882
42,013,010900,3,760,+40.445396,-078.311693
42,013,010900,4,1721,+40.416736,-078.349443
42,013,010900,5,1792,+40.445317,-078.373216
42,013,010900,6,742,+40.453939,-078.376267
42,013,011001,1,1545,+40.446597,-078.468750
42,013,011001,2,847,+40.426667,-078.469886
42,013,011001,3,968,+40.389085,-078.514296
42,013,011002,1,1920,+40.449545,-078.408297
42,013,011002,2,1064,+40.460399,-078.430269
42,013,011002,3,1317,+40.434358,-078.442688
42,013,011101,1,730,+40.428706,-078.417767
42,013,011101,2,851,+40.425869,-078.433285
42,013,011102,1,1245,+40.420345,-078.417071
42,013,011102,2,1572,+40.417084,-078.400465
42,013,011102,3,1870,+40.390877,-078.418007
42,013,011201,1,1096,+40.435238,-078.385732
42,013,011201,2,836,+40.435709,-078.399881
42,013,011201,3,1285,+40.431437,-078.394002
42,013,011202,1,1216,+40.428698,-078.389470
42,013,011202,2,1208,+40.424601,-078.403528
42,013,011300,1,806,+40.313101,-078.323135
42,013,011300,2,1070,+40.308574,-078.326876
42,013,011300,3,1767,+40.301401,-078.325880
42,013,011300,4,666,+40.283127,-078.291526
42,013,011300,5,1252,+40.366811,-078.277518
42,013,011400,1,993,+40.336979,-078.398615
42,013,011400,2,1391,+40.332411,-078.398153
42,013,011500,1,1936,+40.374704,-078.451155
42,013,011500,2,1066,+40.349110,-078.448606
42,013,011500,3,1633,+40.307964,-078.391394
42,013,011500,4,663,+40.346239,-078.376710
42,013,011600,1,1592,+40.289890,-078.452656
42,013,011600,2,1204,+40.299033,-078.466814
42,013,011600,3,992,+40.319688,-078.516035
42,013,100200,1,1167,+40.493404,-078.420529
42,013,100200,2,1035,+40.479930,-078.426644
42,013,100300,1,808,+40.507074,-078.408018
42,013,100300,2,1317,+40.501547,-078.413654
42,013,100300,3,1054,+40.502504,-078.417503
42,013,100400,1,1017,+40.513302,-078.413010
42,013,100400,2,649,+40.510260,-078.416522
42,013,100500,1,763,+40.519837,-078.405518
42,013,100500,2,926,+40.518008,-078.408485
42,013,100500,3,712,+40.516669,-078.412704
42,013,100500,4,908,+40.522441,-078.412270
42,013,100600,1,1110,+40.529305,-078.402314
42,013,100600,2,733,+40.527061,-078.409212
42,013,100600,3,602,+40.524142,-078.405573
42,013,100700,1,1461,+40.525404,-078.397550
42,013,100700,2,905,+40.529668,-078.395295
42,013,100800,1,995,+40.539334,-078.405496
42,013,100800,2,668,+40.533159,-078.407271
42,013,100900,1,728,+40.535721,-078.394230
42,013,100900,2,902,+40.538342,-078.389524
42,013,100900,3,1049,+40.536872,-078.385596
42,013,100900,4,1314,+40.547389,-078.377638
42,013,101100,1,1490,+40.472752,-078.419475
42,013,101200,1,722,+40.487945,-078.410261
42,013,101200,2,856,+40.481042,-078.413881
42,013,101200,3,1212,+40.481876,-078.406291
42,013,101200,4,1105,+40.479591,-078.397768
42,013,101400,1,858,+40.504779,-078.403650
42,013,101400,2,1801,+40.502283,-078.401207
42,013,101400,3,893,+40.497566,-078.408556
42,013,101500,1,1083,+40.503347,-078.383017
42,013,101500,2,620,+40.508651,-078.387982
42,013,101500,3,811,+40.502418,-078.393561
42,013,101500,4,859,+40.493362,-078.398152
42,013,101600,1,1071,+40.514029,-078.390599
42,013,101600,2,1059,+40.508049,-078.395035
42,013,101600,3,1046,+40.512905,-078.395094
42,013,101700,1,637,+40.514569,-078.382043
42,013,101700,2,1246,+40.521431,-078.386688
42,013,101700,3,811,+40.517840,-078.388519
42,013,101700,4,847,+40.516403,-078.385221
42,013,101800,1,1138,+40.518628,-078.373069
42,013,101800,2,990,+40.523916,-078.375076
42,013,101800,3,774,+40.520278,-078.381683
42,013,101900,1,834,+40.518146,-078.399756
42,013,101900,2,629,+40.515818,-078.402959
42,015,950100,1,1018,+41.940846,-076.190088
42,015,950100,2,1186,+41.872445,-076.267405
42,015,950100,3,916,+41.844003,-076.177772
42,015,950100,4,1160,+41.782595,-076.225263
42,015,950200,1,818,+41.964656,-076.325428
42,015,950200,2,1273,+41.955461,-076.435382
42,015,950200,3,1298,+41.849914,-076.465348
42,015,950200,4,816,+41.878656,-076.369614
42,015,950200,5,578,+41.854331,-076.337134
42,015,950300,1,945,+41.993105,-076.519464
42,015,950300,2,1270,+41.982218,-076.529453
42,015,950300,3,957,+41.985413,-076.519082
42,015,950300,4,745,+41.984784,-076.520300
42,015,950300,5,1544,+41.977274,-076.519926
42,015,950400,1,989,+41.970221,-076.521405
42,015,950400,2,1041,+41.964804,-076.524496
42,015,950400,3,646,+41.959235,-076.520757
42,015,950400,4,591,+41.948422,-076.516961
42,015,950501,1,1070,+41.994943,-076.538641
42,015,950501,2,1240,+41.985036,-076.539853
42,015,950501,3,620,+41.974190,-076.535942
42,015,950502,1,1002,+41.965132,-076.496768
42,015,950502,2,1071,+41.977911,-076.583717
42,015,950502,3,1251,+41.929089,-076.549973
42,015,950600,1,867,+41.932076,-076.689694
42,015,950600,2,1038,+41.974835,-076.710444
42,015,950600,3,1116,+41.959262,-076.791173
42,015,950600,4,1150,+41.956329,-076.875317
42,015,950700,1,1382,+41.837244,-076.846342
42,015,950700,2,1003,+41.775214,-076.823460
42,015,950700,3,1249,+41.784162,-076.790507
42,015,950700,4,792,+41.768208,-076.758076
42,015,950800,1,1310,+41.855549,-076.526519
42,015,950800,2,868,+41.859329,-076.594889
42,015,950800,3,589,+41.858644,-076.647419
42,015,950800,4,1144,+41.859247,-076.733809
42,015,950900,1,1130,+41.773617,-076.347317
42,015,950900,2,1066,+41.788456,-076.409262
42,015,950900,3,1051,+41.788282,-076.468802
42,015,950900,4,1036,+41.747322,-076.467433
42,015,950900,5,1001,+41.728421,-076.375261
42,015,951000,1,780,+41.774827,-076.443955
42,015,951000,2,1064,+41.771226,-076.447502
42,015,951000,3,954,+41.763430,-076.446617
42,015,951100,1,1056,+41.691821,-076.160376
42,015,951100,2,1175,+41.710892,-076.257691
42,015,951100,3,613,+41.669530,-076.262326
42,015,951200,1,1131,+41.604842,-076.258039
42,015,951200,2,905,+41.651085,-076.328257
42,015,951200,3,1109,+41.601484,-076.428327
42,015,951200,4,932,+41.692257,-076.470368
42,015,951200,5,650,+41.714064,-076.479772
42,015,951300,1,1562,+41.768718,-076.607418
42,015,951300,2,899,+41.714714,-076.726347
42,015,951300,3,635,+41.671010,-076.712780
42,015,951300,4,861,+41.664095,-076.565484
42,015,951400,1,1037,+41.680040,-076.836494
42,015,951400,2,1032,+41.632704,-076.834899
42,015,951400,3,1735,+41.655847,-076.850919
42,017,100102,1,1769,+40.070535,-074.945659
42,017,100102,2,1356,+40.056732,-074.977976
42,017,100103,1,1181,+40.069949,-074.972076
42,017,100103,2,1210,+40.065604,-074.971682
42,017,100104,1,1481,+40.085343,-074.954553
42,017,100104,2,2368,+40.100691,-074.959203
42,017,100104,3,776,+40.096308,-074.954211
42,017,100105,1,567,+40.076484,-074.954503
42,017,100105,2,2680,+40.085369,-074.945179
42,017,100201,1,2528,+40.148115,-074.972736
42,017,100201,2,1736,+40.128438,-074.983199
42,017,100201,3,979,+40.138053,-074.975028
42,017,100206,1,2760,+40.133172,-074.935119
42,017,100206,2,2760,+40.138459,-074.940682
42,017,100206,3,20,+40.139692,-074.951345
42,017,100207,1,2067,+40.121095,-074.932346
42,017,100207,2,2270,+40.122286,-074.954645
42,017,100208,1,2167,+40.122816,-074.968965
42,017,100208,2,1757,+40.103800,-074.953876
42,017,100208,3,1127,+40.113103,-074.963109
42,017,100208,4,1460,+40.105890,-074.945413
42,017,100210,1,2188,+40.108566,-074.905703
42,017,100210,2,721,+40.106404,-074.918793
42,017,100210,3,1086,+40.125756,-074.910066
42,017,100210,4,1300,+40.121600,-074.915024
42,017,100210,5,2094,+40.116102,-074.920683
42,017,100211,1,1351,+40.147074,-074.936785
42,017,100211,2,1403,+40.145028,-074.944829
42,017,100211,3,2032,+40.143305,-074.924022
42,017,100211,4,1959,+40.148117,-074.928364
42,017,100212,1,2030,+40.133181,-074.911402
42,017,100212,2,1852,+40.137506,-074.922588
42,017,100213,1,1086,+40.098191,-074.916535
42,017,100213,2,1374,+40.094982,-074.924239
42,017,100213,3,3012,+40.102157,-074.932534
42,017,100214,1,1536,+40.096308,-074.939721
42,017,100214,2,1247,+40.099833,-074.936853
42,017,100214,3,1417,+40.091267,-074.935403
42,017,100302,1,2258,+40.085579,-074.898449
42,017,100302,2,21,+40.098247,-074.870074
42,017,100302,3,1623,+40.089426,-074.905887
42,017,100302,4,1151,+40.092664,-074.893453
42,017,100303,1,1864,+40.119190,-074.872113
42,017,100303,2,1833,+40.116772,-074.848303
42,017,100303,3,1439,+40.108237,-074.869081
42,017,100304,1,14,+40.112008,-074.895850
42,017,100304,2,2585,+40.123194,-074.891117
42,017,100306,1,2029,+40.108862,-074.886491
42,017,100306,2,1614,+40.103865,-074.880269
42,017,100307,1,1601,+40.103341,-074.897327
42,017,100307,2,1524,+40.096046,-074.905480
42,017,100307,3,1914,+40.099434,-074.895331
42,017,100401,1,1198,+40.134281,-074.881068
42,017,100401,2,754,+40.143365,-074.866698
42,017,100401,3,877,+40.140054,-074.868154
42,017,100401,4,1138,+40.147384,-074.861267
42,017,100401,5,1055,+40.130248,-074.870486
42,017,100401,6,1280,+40.131299,-074.875437
42,017,100402,1,2609,+40.145108,-074.854013
42,017,100402,2,1555,+40.132802,-074.866055
42,017,100402,3,2292,+40.138461,-074.853824
42,017,100403,1,913,+40.124140,-074.832119
42,017,100403,2,1217,+40.127865,-074.851248
42,017,100404,1,1189,+40.149627,-074.832529
42,017,100404,2,738,+40.147020,-074.827441
42,017,100404,3,2098,+40.136525,-074.836388
42,017,100404,4,2145,+40.139668,-074.830485
42,017,100406,1,1928,+40.164228,-074.858942
42,017,100406,2,1727,+40.169148,-074.843998
42,017,100407,1,1223,+40.165829,-074.833741
42,017,100408,1,991,+40.149810,-074.840529
42,017,100408,2,2002,+40.153134,-074.847908
42,017,100408,3,1497,+40.158972,-074.843880
42,017,100408,4,1056,+40.161665,-074.838329
42,017,100408,5,1339,+40.156300,-074.834061
42,017,100500,1,1721,+40.107088,-074.842850
42,017,100500,2,995,+40.109449,-074.844994
42,017,100600,1,812,+40.099178,-074.854277
42,017,100600,2,1847,+40.101403,-074.848743
42,017,100600,3,1076,+40.096930,-074.854134
42,017,100700,1,1488,+40.106177,-074.856044
42,017,100700,2,1922,+40.099727,-074.860923
42,017,100803,1,1821,+40.174238,-074.877543
42,017,100803,2,1491,+40.164907,-074.887445
42,017,100803,3,1471,+40.164475,-074.893075
42,017,100804,1,1368,+40.160845,-074.880234
42,017,100804,2,909,+40.152799,-074.877815
42,017,100804,3,1632,+40.152577,-074.887419
42,017,100805,1,1371,+40.143743,-074.880611
42,017,100805,2,1673,+40.150837,-074.863772
42,017,100805,3,883,+40.158932,-074.872852
42,017,100805,4,922,+40.156288,-074.869654
42,017,100805,5,1386,+40.151466,-074.870576
42,017,100807,1,0,+40.174878,-074.892781
42,017,100807,2,2,+40.178541,-074.902997
42,017,100807,3,12,+40.188156,-074.883093
42,017,100807,4,912,+40.183957,-074.889563
42,017,100807,5,1233,+40.187497,-074.902425
42,017,100807,6,2082,+40.180257,-074.912125
42,017,100808,1,2225,+40.197290,-074.935465
42,017,100808,2,2364,+40.211834,-074.921328
42,017,100808,3,718,+40.190924,-074.916943
42,017,100809,1,14,+40.191113,-074.874671
42,017,100809,2,1750,+40.217149,-074.894840
42,017,100809,3,1436,+40.200393,-074.894012
42,017,100809,4,937,+40.195711,-074.878625
42,017,100809,5,1757,+40.206430,-074.885868
42,017,100811,1,1691,+40.149394,-074.895162
42,017,100811,2,1692,+40.138213,-074.888407
42,017,100811,3,1049,+40.151888,-074.893937
42,017,100900,1,1303,+40.153879,-074.924655
42,017,100900,2,2913,+40.172875,-074.940463
42,017,100900,3,1933,+40.159328,-074.931980
42,017,100900,4,1545,+40.161219,-074.944338
42,017,101100,1,1179,+40.158651,-074.912152
42,017,101100,2,1336,+40.153454,-074.914202
42,017,101401,1,1510,+40.142284,-074.995060
42,017,101401,2,1540,+40.135986,-075.001112
42,017,101401,3,901,+40.141224,-075.010670
42,017,101401,4,1327,+40.151400,-075.013606
42,017,101403,1,1762,+40.168127,-074.964398
42,017,101403,2,1987,+40.157564,-074.960117
42,017,101403,3,2152,+40.162506,-074.971274
42,017,101404,1,1806,+40.159681,-075.004831
42,017,101404,2,706,+40.160321,-074.992701
42,017,101405,1,1017,+40.154208,-074.977562
42,017,101405,2,797,+40.151134,-074.982164
42,017,101405,3,2028,+40.145279,-074.986065
42,017,101405,4,2217,+40.151020,-074.994782
42,017,101405,5,849,+40.158626,-074.986936
42,017,101503,1,1660,+40.154495,-075.033138
42,017,101503,2,17,+40.165679,-075.050646
42,017,101503,3,2235,+40.164432,-075.033181
42,017,101504,1,836,+40.174400,-075.063905
42,017,101504,2,1943,+40.173326,-075.052761
42,017,101505,1,2458,+40.174270,-075.024161
42,017,101505,2,891,+40.167569,-075.014022
42,017,101506,1,732,+40.190848,-075.037340
42,017,101506,2,844,+40.179354,-075.037573
42,017,101506,3,1314,+40.181402,-075.048846
42,017,101506,4,1148,+40.187854,-075.048713
42,017,101506,5,1191,+40.190379,-075.041251
42,017,101603,1,1393,+40.194200,-075.096353
42,017,101603,2,812,+40.199028,-075.096293
42,017,101603,3,1077,+40.197693,-075.099819
42,017,101605,1,1307,+40.186337,-075.087015
42,017,101605,2,435,+40.191954,-075.089958
42,017,101605,3,2703,+40.190444,-075.082797
42,017,101607,1,1532,+40.186416,-075.074825
42,017,101607,2,2104,+40.180210,-075.072453
42,017,101609,1,1503,+40.213497,-075.095558
42,017,101609,2,1149,+40.212582,-075.088848
42,017,101609,3,36,+40.208094,-075.084221
42,017,101609,4,1839,+40.219681,-075.086671
42,017,101610,1,1950,+40.227697,-075.113911
42,017,101610,2,2003,+40.224815,-075.103051
42,017,101610,3,814,+40.222261,-075.122934
42,017,101611,1,1764,+40.209364,-075.121057
42,017,101611,2,1763,+40.199907,-075.110068
42,017,101611,3,1933,+40.215025,-075.127395
42,017,101611,4,1672,+40.205266,-075.112259
42,017,101802,1,1421,+40.264671,-075.195694
42,017,101802,2,827,+40.277464,-075.186606
42,017,101802,3,2073,+40.268313,-075.173134
42,017,101802,4,2119,+40.245250,-075.180358
42,017,101805,1,2212,+40.256029,-075.120925
42,017,101807,1,2125,+40.244871,-075.131937
42,017,101807,2,2451,+40.237731,-075.124484
42,017,101808,1,1604,+40.227533,-075.129373
42,017,101808,2,1035,+40.218087,-075.133507
42,017,101809,1,2233,+40.245152,-075.143061
42,017,101809,2,1277,+40.262518,-075.144389
42,017,101810,1,2095,+40.230353,-075.146663
42,017,101810,2,4167,+40.238791,-075.162029
42,017,101900,1,2144,+40.295241,-075.213950
42,017,101900,2,1331,+40.284137,-075.205796
42,017,101900,3,778,+40.289352,-075.212284
42,017,102002,1,2069,+40.306922,-075.203113
42,017,102002,2,814,+40.335856,-075.178908
42,017,102003,1,2233,+40.295962,-075.238253
42,017,102003,2,2240,+40.276680,-075.227102
42,017,102004,1,1744,+40.272341,-075.210790
42,017,102004,2,796,+40.284658,-075.190255
42,017,102004,3,2431,+40.267658,-075.217404
42,017,102102,1,1526,+40.353329,-075.214295
42,017,102102,2,1997,+40.374188,-075.244037
42,017,102104,1,654,+40.302157,-075.275934
42,017,102104,2,1806,+40.325240,-075.316111
42,017,102104,3,1286,+40.339425,-075.293589
42,017,102104,4,997,+40.324534,-075.289829
42,017,102104,5,1250,+40.309849,-075.261155
42,017,102300,1,858,+40.406891,-075.261515
42,017,102300,2,1870,+40.383813,-075.269938
42,017,102300,3,1317,+40.393552,-075.310372
42,017,102300,4,796,+40.383831,-075.301957
42,017,102300,5,978,+40.427409,-075.284144
42,017,102401,1,2494,+40.375140,-075.300264
42,017,102401,2,1567,+40.379610,-075.287025
42,017,102402,1,1830,+40.362063,-075.293072
42,017,102402,2,2303,+40.370380,-075.285136
42,017,102402,3,926,+40.372404,-075.292100
42,017,102500,1,2088,+40.363946,-075.313948
42,017,102500,2,2623,+40.355644,-075.303121
42,017,102600,1,2199,+40.327444,-075.324607
42,017,102700,1,1156,+40.344898,-075.339995
42,017,102700,2,1641,+40.350144,-075.314578
42,017,102700,3,1328,+40.370693,-075.350154
42,017,102700,4,1170,+40.390843,-075.352635
42,017,102801,1,2476,+40.434385,-075.443658
42,017,102801,2,989,+40.404373,-075.432866
42,017,103101,1,659,+40.444912,-075.330651
42,017,103101,2,1001,+40.439690,-075.327997
42,017,103101,3,699,+40.445925,-075.333839
42,017,103102,1,841,+40.437216,-075.340660
42,017,103102,2,1363,+40.440635,-075.339781
42,017,103103,1,1933,+40.438997,-075.361163
42,017,103103,2,1500,+40.431932,-075.348173
42,017,103103,3,1363,+40.441893,-075.351005
42,017,103300,1,627,+40.475598,-075.239604
42,017,103300,2,805,+40.467601,-075.279769
42,017,103300,3,769,+40.488300,-075.260145
42,017,103400,1,1562,+40.497971,-075.359896
42,017,103400,2,1108,+40.558142,-075.279724
42,017,103400,3,1085,+40.529135,-075.253304
42,017,103400,4,1420,+40.527055,-075.321932
42,017,103700,1,749,+40.542044,-075.163671
42,017,103700,2,723,+40.537539,-075.198959
42,017,103700,3,1180,+40.506114,-075.180683
42,017,103700,4,727,+40.524103,-075.141459
42,017,103800,1,1234,+40.556639,-075.114307
42,017,103900,1,1023,+40.489836,-075.120068
42,017,103900,2,1793,+40.485541,-075.085638
42,017,103900,3,1002,+40.463362,-075.150285
42,017,104000,1,790,+40.404795,-075.223796
42,017,104000,2,646,+40.443799,-075.217539
42,017,104000,3,782,+40.436050,-075.186987
42,017,104000,4,1844,+40.374760,-075.185491
42,017,104000,5,2160,+40.385586,-075.203254
42,017,104000,6,1319,+40.420120,-075.159274
42,017,104100,1,2177,+40.372091,-075.204553
42,017,104201,1,1665,+40.384988,-075.095473
42,017,104201,2,1273,+40.417484,-075.094944
42,017,104203,1,2304,+40.388895,-075.132042
42,017,104203,2,1702,+40.348775,-075.124667
42,017,104203,3,1672,+40.361994,-075.124270
42,017,104204,1,1227,+40.387448,-075.153124
42,017,104204,2,4178,+40.349490,-075.149319
42,017,104301,1,1864,+40.372072,-075.044927
42,017,104301,2,1025,+40.394129,-075.024692
42,017,104303,1,2091,+40.375470,-074.976047
42,017,104303,2,2481,+40.356938,-074.999801
42,017,104304,1,1248,+40.338563,-074.975181
42,017,104400,1,692,+40.361252,-074.950670
42,017,104400,2,1920,+40.359693,-074.959075
42,017,104502,1,1640,+40.304092,-075.065235
42,017,104502,2,1058,+40.321748,-075.023568
42,017,104502,3,1660,+40.297643,-075.032392
42,017,104502,4,3745,+40.284913,-075.075098
42,017,104503,1,1068,+40.322471,-075.075880
42,017,104503,2,829,+40.336111,-075.103670
42,017,104503,3,1708,+40.326266,-075.109645
42,017,104503,4,973,+40.311459,-075.089928
42,017,104505,1,2037,+40.354327,-075.102434
42,017,104505,2,1428,+40.335725,-075.077516
42,017,104505,3,2219,+40.350802,-075.090455
42,017,104506,1,2486,+40.354684,-075.066840
42,017,104601,1,1934,+40.300849,-075.101156
42,017,104601,2,1648,+40.274598,-075.114712
42,017,104601,3,1349,+40.291834,-075.116707
42,017,104603,1,2247,+40.295868,-075.137956
42,017,104603,2,1190,+40.273801,-075.152651
42,017,104603,3,918,+40.290409,-075.168116
42,017,104603,4,934,+40.284100,-075.146298
42,017,104603,5,1378,+40.274283,-075.133006
42,017,104604,1,1470,+40.315127,-075.171784
42,017,104604,2,2046,+40.309701,-075.155667
42,017,104604,3,1158,+40.331726,-075.142431
42,017,104604,4,1691,+40.320680,-075.148345
42,017,104701,1,812,+40.321411,-075.128325
42,017,104701,2,2102,+40.320474,-075.135562
42,017,104701,3,611,+40.310635,-075.138781
42,017,104702,1,1152,+40.313019,-075.125898
42,017,104702,2,1404,+40.308036,-075.133808
42,017,104703,1,1565,+40.318623,-075.116336
42,017,104703,2,662,+40.304219,-075.126687
42,017,104800,1,1850,+40.297486,-075.185883
42,017,104800,2,986,+40.299192,-075.159071
42,017,104901,1,2468,+40.243588,-075.108398
42,017,104901,2,2412,+40.266744,-075.099524
42,017,104901,3,2398,+40.250731,-075.097998
42,017,104902,1,2238,+40.227318,-075.086321
42,017,104902,2,3224,+40.261280,-075.075682
42,017,104902,3,1364,+40.231007,-075.079058
42,017,104902,4,747,+40.243142,-075.080381
42,017,105003,1,2140,+40.214120,-074.992415
42,017,105003,2,1126,+40.221634,-074.996090
42,017,105003,3,1649,+40.234527,-075.000046
42,017,105004,1,2022,+40.195212,-074.998665
42,017,105004,2,1476,+40.180724,-074.997521
42,017,105004,3,2156,+40.204079,-074.998773
42,017,105006,1,1093,+40.181892,-074.979945
42,017,105006,2,1551,+40.191763,-074.974943
42,017,105006,3,2184,+40.186175,-074.962642
42,017,105006,4,1096,+40.173424,-074.969285
42,017,105008,1,822,+40.241229,-075.027841
42,017,105008,2,1192,+40.212688,-075.055976
42,017,105008,3,850,+40.230736,-075.052376
42,017,105008,4,1044,+40.221198,-075.041333
42,017,105009,1,1681,+40.204963,-074.962487
42,017,105009,2,1797,+40.201906,-074.976008
42,017,105010,1,1705,+40.214507,-074.959354
42,017,105010,2,2290,+40.212324,-074.967895
42,017,105011,1,2060,+40.198858,-074.944834
42,017,105011,2,1437,+40.200412,-074.952417
42,017,105012,1,1252,+40.199605,-075.018357
42,017,105012,2,1472,+40.189299,-075.021744
42,017,105013,1,2546,+40.221064,-075.018116
42,017,105013,2,983,+40.198065,-075.035121
42,017,105013,3,2291,+40.207600,-075.028844
42,017,105100,1,2300,+40.279796,-074.987332
42,017,105100,2,986,+40.263343,-075.007114
42,017,105202,1,2454,+40.220107,-074.952819
42,017,105202,2,1265,+40.221327,-074.926367
42,017,105202,3,27,+40.228144,-074.905582
42,017,105202,4,1332,+40.220125,-074.942099
42,017,105202,5,24,+40.227750,-074.917711
42,017,105203,1,1561,+40.238227,-074.952722
42,017,105203,2,523,+40.251551,-074.970775
42,017,105206,1,3220,+40.235601,-074.912443
42,017,105206,2,2087,+40.244940,-074.921468
42,017,105207,1,2502,+40.260021,-074.955523
42,017,105207,2,2527,+40.260316,-074.956805
42,017,105208,1,2373,+40.254406,-074.937726
42,017,105300,1,994,+40.232274,-074.932038
42,017,105300,2,1274,+40.226206,-074.932594
42,017,105401,1,906,+40.273643,-074.912763
42,017,105401,2,2529,+40.291794,-074.903932
42,017,105401,3,1158,+40.294080,-074.960662
42,017,105402,1,1338,+40.276988,-074.872528
42,017,105402,2,1623,+40.302930,-074.891350
42,017,105402,3,1303,+40.315357,-074.932943
42,017,105505,1,1878,+40.231682,-074.812486
42,017,105505,2,2071,+40.219513,-074.802964
42,017,105506,1,2068,+40.220919,-074.852607
42,017,105506,2,2116,+40.229887,-074.855689
42,017,105507,1,1594,+40.225835,-074.827423
42,017,105507,2,2688,+40.213683,-074.813647
42,017,105507,3,2060,+40.217295,-074.832104
42,017,105507,4,1062,+40.207813,-074.834397
42,017,105508,1,1842,+40.256965,-074.874083
42,017,105508,2,1756,+40.251791,-074.898444
42,017,105509,1,1979,+40.242223,-074.859156
42,017,105509,2,7,+40.228433,-074.888111
42,017,105509,3,1211,+40.251334,-074.859048
42,017,105509,4,1436,+40.235812,-074.876578
42,017,105510,1,1276,+40.219036,-074.874696
42,017,105510,2,1808,+40.209744,-074.878620
42,017,105510,3,564,+40.199779,-074.870893
42,017,105510,4,1609,+40.210534,-074.871796
42,017,105511,1,1939,+40.208135,-074.863385
42,017,105511,2,2216,+40.205495,-074.852228
42,017,105600,1,1497,+40.243752,-074.842631
42,017,105600,2,1108,+40.237582,-074.830425
42,017,105702,1,2097,+40.209914,-074.777277
42,017,105702,2,1217,+40.199998,-074.772024
42,017,105704,1,648,+40.212688,-074.792811
42,017,105704,2,1968,+40.206604,-074.783241
42,017,105704,3,1173,+40.212997,-074.784226
42,017,105704,4,3354,+40.205696,-074.795240
42,017,105801,1,1837,+40.199645,-074.827984
42,017,105801,2,1262,+40.201748,-074.805841
42,017,105801,3,3110,+40.201585,-074.814993
42,017,105805,1,1739,+40.153861,-074.810078
42,017,105805,2,1324,+40.170648,-074.794247
42,017,105805,3,1308,+40.186770,-074.812986
42,017,105805,4,1279,+40.177930,-074.792756
42,017,105807,1,2320,+40.169508,-074.859609
42,017,105807,2,1435,+40.175382,-074.867455
42,017,105808,1,1388,+40.186656,-074.838976
42,017,105808,2,1186,+40.179572,-074.855531
42,017,105808,3,1149,+40.181942,-074.857989
42,017,105809,1,2641,+40.180941,-074.829916
42,017,105809,2,1770,+40.179381,-074.841917
42,017,105810,1,1240,+40.176480,-074.820492
42,017,105810,2,1188,+40.174370,-074.826944
42,017,105811,1,1073,+40.169812,-074.830689
42,017,105811,2,1654,+40.167736,-074.817190
42,017,105811,3,1103,+40.162256,-074.815093
42,017,105811,4,1019,+40.165926,-074.825451
42,017,105811,5,1332,+40.160290,-074.824787
42,017,105812,1,1711,+40.154374,-074.821720
42,017,105900,1,2282,+40.147312,-074.818228
42,017,106000,1,982,+40.141493,-074.906891
42,017,106000,2,2257,+40.154470,-074.905474
42,017,106000,3,1288,+40.146457,-074.900069
42,017,106100,1,1643,+40.177029,-074.920574
42,017,106100,2,1496,+40.165519,-074.914633
42,017,106201,1,932,+40.187183,-075.062204
42,017,106201,2,1627,+40.192391,-075.054895
42,017,106201,3,961,+40.193122,-075.066993
42,017,106202,1,0,+40.199174,-075.078769
42,017,106202,2,352,+40.206159,-075.065609
42,017,106202,3,955,+40.206333,-075.072697
42,017,106202,4,32,+40.197706,-075.054626
42,017,106202,5,1910,+40.199174,-075.070677
42,017,106300,1,1793,+40.327550,-075.240773
42,017,106300,2,1747,+40.357369,-075.273311
42,017,106300,3,805,+40.348008,-075.270894
42,017,106300,4,1204,+40.343563,-075.258228
42,017,106300,5,2024,+40.350541,-075.286022
42,017,106401,1,1227,+40.424410,-075.315977
42,017,106401,2,1012,+40.404887,-075.357610
42,017,106401,3,2269,+40.425062,-075.359012
42,017,106401,4,3243,+40.427041,-075.336726
42,017,106402,1,913,+40.430968,-075.377405
42,017,106402,2,682,+40.396244,-075.392919
42,017,106402,3,904,+40.413376,-075.380184
42,017,106402,4,1188,+40.467899,-075.409123
42,017,106402,5,1924,+40.419489,-075.385003
42,017,106402,6,821,+40.450018,-075.393212
42,017,106402,7,1250,+40.433501,-075.402859
42,017,106500,1,1276,+40.467500,-075.365656
42,017,106500,2,1271,+40.449699,-075.364038
42,017,106500,3,1356,+40.477906,-075.340759
42,017,106500,4,1353,+40.472706,-075.321670
42,017,106500,5,1125,+40.456168,-075.344713
42,017,106500,6,1057,+40.455544,-075.323056
42,017,106600,1,1094,+40.570166,-075.217526
42,017,106600,2,847,+40.595212,-075.195853
42,017,980000,1,0,+40.151217,-074.757080
42,017,980000,2,0,+40.157727,-074.777782
42,019,902100,1,1250,+40.867786,-079.886705
42,019,902100,2,975,+40.866482,-079.891904
42,019,902200,1,791,+40.868301,-079.902565
42,019,902200,2,1119,+40.864443,-079.900016
42,019,902300,1,1297,+40.864653,-079.907573
42,019,902300,2,1042,+40.860124,-079.906277
42,019,902300,3,1205,+40.859038,-079.899348
42,019,902400,1,1046,+40.863758,-079.884749
42,019,902400,2,956,+40.860798,-079.892682
42,019,902500,1,1251,+40.854523,-079.884130
42,019,902500,2,1440,+40.851701,-079.894988
42,019,902500,3,1130,+40.851206,-079.886057
42,019,902600,1,1633,+40.851173,-079.886119
42,019,902600,2,1449,+40.844358,-079.901365
42,019,902700,1,2125,+40.853148,-079.924288
42,019,902800,1,1394,+40.873581,-079.934826
42,019,902800,2,1319,+40.863684,-079.930630
42,019,902900,1,1948,+40.882218,-079.922597
42,019,903000,1,2191,+40.856201,-079.964356
42,019,903000,2,1188,+40.862040,-079.946165
42,019,903000,3,1344,+40.843676,-079.952098
42,019,903100,1,1285,+40.824454,-079.900223
42,019,903100,2,1354,+40.825466,-079.920949
42,019,910100,1,1157,+41.109901,-079.741004
42,019,910100,2,1392,+41.011971,-079.715574
42,019,910100,3,1541,+40.991125,-079.746742
42,019,910200,1,1233,+41.133092,-079.818423
42,019,910200,2,1167,+41.127331,-079.930195
42,019,910200,3,1054,+41.059888,-079.938113
42,019,910200,4,1288,+41.068211,-079.823248
42,019,910301,1,2197,+41.048456,-080.021271
42,019,910301,2,1194,+41.137577,-080.009928
42,019,910301,3,1542,+41.092505,-080.017807
42,019,910302,1,1288,+41.050905,-080.058925
42,019,910302,2,1549,+41.002132,-080.013709
42,019,910302,3,1400,+41.016565,-080.116377
42,019,910400,1,2137,+41.067102,-080.055365
42,019,910400,2,944,+41.058334,-080.054470
42,019,910600,1,1367,+41.001315,-079.945297
42,019,910600,2,1409,+40.990604,-079.832272
42,019,910600,3,1366,+40.980143,-079.918719
42,019,910700,1,1335,+40.925503,-079.836531
42,019,910700,2,1434,+40.899051,-079.817260
42,019,910800,1,1283,+40.930447,-079.913424
42,019,910800,2,1483,+40.919252,-079.952602
42,019,910900,1,1125,+40.924870,-079.928474
42,019,910900,2,1236,+40.914231,-079.917754
42,019,910900,3,1487,+40.904611,-079.906828
42,019,910900,4,1285,+40.892722,-079.903877
42,019,911000,1,1374,+40.924404,-080.009882
42,019,911000,2,1224,+40.895248,-079.994292
42,019,911000,3,1123,+40.903877,-080.049332
42,019,911000,4,972,+40.912308,-080.103291
42,019,911000,5,1466,+40.934200,-080.147393
42,019,911100,1,1659,+40.858292,-079.991935
42,019,911100,2,1723,+40.829195,-079.995048
42,019,911100,3,1549,+40.850096,-080.041290
42,019,911200,1,1592,+40.835608,-079.807236
42,019,911200,2,1875,+40.876483,-079.837474
42,019,911200,3,1801,+40.840553,-079.854151
42,019,911300,1,916,+40.950519,-079.741112
42,019,911300,2,1823,+40.924417,-079.743220
42,019,911300,3,1283,+40.863760,-079.739912
42,019,911300,4,1144,+40.833411,-079.741878
42,019,911400,1,1083,+40.793494,-079.752854
42,019,911400,2,1020,+40.758867,-079.717935
42,019,911400,3,1258,+40.763821,-079.769685
42,019,911501,1,1462,+40.790743,-079.800899
42,019,911501,2,1365,+40.770909,-079.814272
42,019,911501,3,1176,+40.800846,-079.853092
42,019,911501,4,1209,+40.757701,-079.844274
42,019,911502,1,1426,+40.751426,-079.815415
42,019,911502,2,1813,+40.716856,-079.815320
42,019,911502,3,1094,+40.702344,-079.857330
42,019,911600,1,1193,+40.800809,-079.911661
42,019,911600,2,1201,+40.757318,-079.903869
42,019,911600,3,1304,+40.784788,-079.934433
42,019,911600,4,1292,+40.771122,-079.948462
42,019,911700,1,1770,+40.800122,-080.016606
42,019,911700,2,1394,+40.761281,-080.012554
42,019,911700,3,1737,+40.768676,-080.059489
42,019,911800,1,1487,+40.845029,-080.099268
42,019,911800,2,1258,+40.848202,-080.143605
42,019,911800,3,1118,+40.808234,-080.118207
42,019,911800,4,1273,+40.775430,-080.088625
42,019,911800,5,2492,+40.766981,-080.119660
42,019,911900,1,1147,+40.792731,-080.134446
42,019,911900,2,1204,+40.799781,-080.129023
42,019,911900,3,1293,+40.792786,-080.146645
42,019,911900,4,1210,+40.785551,-080.139957
42,019,912001,1,1610,+40.720590,-080.120260
42,019,912001,2,785,+40.727216,-080.120434
42,019,912001,3,3147,+40.732443,-080.131669
42,019,912002,1,1722,+40.704811,-080.116946
42,019,912002,2,2048,+40.706678,-080.145588
42,019,912002,3,2880,+40.703002,-080.133552
42,019,912101,1,1668,+40.685524,-080.133932
42,019,912101,2,2718,+40.689800,-080.136338
42,019,912102,1,1256,+40.686382,-080.118972
42,019,912102,2,1351,+40.692558,-080.119625
42,019,912200,1,2014,+40.677152,-080.134836
42,019,912200,2,1274,+40.678769,-080.118639
42,019,912301,1,1784,+40.716857,-080.069672
42,019,912301,2,2016,+40.739288,-080.087344
42,019,912301,3,2714,+40.724733,-080.087584
42,019,912303,1,1425,+40.681625,-080.063234
42,019,912303,2,1497,+40.692470,-080.063185
42,019,912304,1,2476,+40.696987,-080.086243
42,019,912304,2,1630,+40.685640,-080.075661
42,019,912403,1,2367,+40.705795,-080.034012
42,019,912403,2,1087,+40.717469,-080.051330
42,019,912404,1,879,+40.689383,-080.036895
42,019,912404,2,1760,+40.680575,-080.015873
42,019,912404,3,3491,+40.681233,-080.045545
42,019,912405,1,2307,+40.709963,-079.987675
42,019,912405,2,1385,+40.728767,-080.020776
42,019,912405,3,1458,+40.696643,-080.013364
42,019,912406,1,537,+40.676677,-079.988817
42,019,912406,2,1932,+40.683049,-079.981730
42,019,912701,1,1051,+40.680696,-079.735477
42,019,912701,2,961,+40.682504,-079.704625
42,019,912701,3,1327,+40.699952,-079.725356
42,019,912702,1,1568,+40.706270,-079.759654
42,019,912702,2,1750,+40.729842,-079.768532
42,019,912702,3,1243,+40.725967,-079.732068
42,019,912800,1,1301,+40.727905,-079.922984
42,019,912800,2,1570,+40.700041,-079.895654
42,019,912800,3,1250,+40.707271,-079.929976
42,019,912800,4,2699,+40.685825,-079.942719
42,019,980100,1,2397,+41.064026,-080.041491
42,021,000100,1,593,+40.323914,-078.916996
42,021,000100,2,601,+40.325295,-078.921810
42,021,000200,1,604,+40.317955,-078.917951
42,021,000300,1,677,+40.313605,-078.910078
42,021,000300,2,877,+40.308731,-078.908855
42,021,000500,1,665,+40.296504,-078.907200
42,021,000500,2,823,+40.299969,-078.905945
42,021,000600,1,652,+40.292685,-078.911822
42,021,000600,2,954,+40.294226,-078.910489
42,021,000700,1,920,+40.299867,-078.926785
42,021,000700,2,1415,+40.300539,-078.919908
42,021,001200,1,1010,+40.344779,-078.941841
42,021,001200,2,855,+40.345498,-078.948543
42,021,001200,3,930,+40.348898,-078.950503
42,021,010100,1,1067,+40.375815,-078.855575
42,021,010100,2,1115,+40.359977,-078.883832
42,021,010100,3,1629,+40.372404,-078.915806
42,021,010200,1,628,+40.348553,-078.883585
42,021,010200,2,732,+40.347085,-078.886306
42,021,010300,1,883,+40.342095,-078.848084
42,021,010300,2,1356,+40.325404,-078.885696
42,021,010500,1,523,+40.283777,-078.915763
42,021,010500,2,1053,+40.305773,-078.883525
42,021,010500,3,1025,+40.297857,-078.893347
42,021,010500,4,756,+40.289334,-078.896988
42,021,010600,1,931,+40.292077,-078.863699
42,021,010600,2,1432,+40.293589,-078.877170
42,021,010700,1,1215,+40.309994,-078.827737
42,021,010700,2,1907,+40.295340,-078.858180
42,021,010801,1,1518,+40.265571,-078.873404
42,021,010801,2,719,+40.284144,-078.886325
42,021,010801,3,1290,+40.272275,-078.869363
42,021,010801,4,861,+40.281001,-078.869208
42,021,010801,5,1019,+40.283983,-078.878144
42,021,011000,1,526,+40.289450,-078.916884
42,021,011000,2,1021,+40.287936,-078.919202
42,021,011100,1,3297,+40.303821,-078.950788
42,021,011100,2,1075,+40.296592,-078.994074
42,021,011100,3,775,+40.297058,-078.935058
42,021,011200,1,622,+40.310100,-078.932730
42,021,011200,2,745,+40.306792,-078.941232
42,021,011200,3,678,+40.311973,-078.942217
42,021,011300,1,1381,+40.322328,-078.931074
42,021,011300,2,1142,+40.313521,-078.956929
42,021,011300,3,1048,+40.318935,-078.966925
42,021,011300,4,1411,+40.319992,-078.947463
42,021,011400,1,537,+40.355925,-078.967557
42,021,011400,2,552,+40.324887,-078.956483
42,021,011400,3,1104,+40.336391,-078.953173
42,021,011400,4,891,+40.334025,-078.936634
42,021,011500,1,1348,+40.439464,-078.874668
42,021,011500,2,1195,+40.438903,-078.832268
42,021,011500,3,1693,+40.408239,-078.844065
42,021,011600,1,603,+40.471857,-078.828872
42,021,011600,2,556,+40.478677,-078.834245
42,021,011600,3,1352,+40.470743,-078.839462
42,021,011700,1,675,+40.535608,-078.852605
42,021,011700,2,1613,+40.493876,-078.869820
42,021,011800,1,988,+40.663684,-078.749512
42,021,011800,2,901,+40.692346,-078.782111
42,021,011800,3,1029,+40.636105,-078.798286
42,021,011800,4,1020,+40.594404,-078.819005
42,021,011900,1,1249,+40.666826,-078.781665
42,021,011900,2,909,+40.662220,-078.784944
42,021,011900,3,624,+40.651833,-078.780038
42,021,011900,4,778,+40.641582,-078.767153
42,021,012000,1,1604,+40.608406,-078.582141
42,021,012000,2,1480,+40.672116,-078.665938
42,021,012000,3,1213,+40.664562,-078.710581
42,021,012000,4,858,+40.636199,-078.651212
42,021,012000,5,875,+40.630368,-078.652521
42,021,012100,1,1441,+40.694787,-078.456785
42,021,012100,2,931,+40.691743,-078.553720
42,021,012200,1,541,+40.579786,-078.522745
42,021,012200,2,1480,+40.518108,-078.543327
42,021,012200,3,1536,+40.482407,-078.552729
42,021,012300,1,2195,+40.516532,-078.611703
42,021,012300,2,1956,+40.513602,-078.641041
42,021,012400,1,1186,+40.614565,-078.736760
42,021,012400,2,1051,+40.604095,-078.707564
42,021,012400,3,627,+40.615754,-078.672448
42,021,012400,4,798,+40.566191,-078.701710
42,021,012500,1,2026,+40.507934,-078.714606
42,021,012500,2,904,+40.542979,-078.788330
42,021,012500,3,1524,+40.479682,-078.760394
42,021,012500,4,1360,+40.460152,-078.735968
42,021,012600,1,877,+40.490850,-078.725928
42,021,012600,2,1002,+40.485078,-078.720090
42,021,012600,3,877,+40.482045,-078.730074
42,021,012600,4,648,+40.487583,-078.730565
42,021,012700,1,919,+40.451913,-078.648245
42,021,012700,2,728,+40.420551,-078.617820
42,021,012700,3,879,+40.425384,-078.619521
42,021,012800,1,1370,+40.466903,-078.588158
42,021,012800,2,1469,+40.453541,-078.593359
42,021,012800,3,869,+40.463833,-078.587758
42,021,012800,4,656,+40.461306,-078.582959
42,021,012800,5,630,+40.470207,-078.592238
42,021,012900,1,800,+40.397880,-078.676669
42,021,012900,2,1497,+40.377503,-078.648698
42,021,012900,3,1135,+40.374541,-078.671600
42,021,013000,1,666,+40.390314,-078.676018
42,021,013000,2,923,+40.385252,-078.677183
42,021,013000,3,870,+40.385675,-078.669220
42,021,013100,1,706,+40.403769,-078.721008
42,021,013100,2,927,+40.352999,-078.697110
42,021,013100,3,876,+40.319316,-078.697094
42,021,013200,1,1001,+40.397619,-078.768733
42,021,013200,2,682,+40.375244,-078.766225
42,021,013200,3,954,+40.364368,-078.790666
42,021,013200,4,1306,+40.348097,-078.752055
42,021,013300,1,893,+40.329467,-078.762675
42,021,013300,2,1149,+40.333915,-078.795705
42,021,013300,3,2068,+40.298258,-078.748164
42,021,013300,4,755,+40.286119,-078.794906
42,021,013300,5,887,+40.266290,-078.765874
42,021,013400,1,923,+40.337165,-078.919614
42,021,013400,2,491,+40.335029,-078.902218
42,021,013400,3,591,+40.326717,-078.908662
42,021,013500,1,1008,+40.310149,-078.904244
42,021,013500,2,1719,+40.310865,-078.891747
42,021,013600,1,873,+40.357273,-078.943102
42,021,013600,2,953,+40.355491,-078.936089
42,021,013600,3,823,+40.355630,-078.948422
42,021,013600,4,465,+40.353774,-078.945204
42,021,013700,1,2727,+40.266882,-078.835003
42,021,013700,2,744,+40.251097,-078.841481
42,021,013700,3,977,+40.283080,-078.857249
42,023,960100,1,1042,+41.510693,-078.232632
42,023,960100,2,881,+41.512483,-078.242206
42,023,960200,1,680,+41.424870,-078.153204
42,023,960200,2,974,+41.536677,-078.231705
42,023,960200,3,970,+41.504051,-078.309485
42,025,020102,1,1452,+40.880738,-075.737159
42,025,020102,2,1453,+40.874426,-075.728495
42,025,020102,3,1602,+40.862416,-075.751035
42,025,020103,1,1017,+40.968063,-075.674692
42,025,020103,2,1399,+40.917086,-075.681972
42,025,020103,3,1305,+40.955919,-075.646959
42,025,020106,1,517,+41.062234,-075.748605
42,025,020106,2,1521,+41.047824,-075.622246
42,025,020107,1,1333,+40.989649,-075.520141
42,025,020107,2,1056,+41.004115,-075.531209
42,025,020107,3,1092,+40.980855,-075.541452
42,025,020108,1,859,+40.985998,-075.574851
42,025,020108,2,832,+41.005557,-075.583029
42,025,020108,3,1033,+40.974090,-075.599656
42,025,020201,1,653,+40.974994,-075.782665
42,025,020201,2,1730,+40.941914,-075.819201
42,025,020201,3,811,+40.941226,-075.834641
42,025,020202,1,1280,+40.911982,-075.900453
42,025,020202,2,897,+40.929428,-075.913475
42,025,020202,3,913,+40.916324,-075.963160
42,025,020301,1,992,+40.873301,-075.807022
42,025,020301,2,620,+40.850785,-075.878236
42,025,020301,3,1724,+40.863308,-075.811221
42,025,020302,1,824,+40.829030,-075.857376
42,025,020302,2,1398,+40.825518,-075.871115
42,025,020302,3,898,+40.821756,-075.872246
42,025,020400,1,766,+40.832909,-075.883229
42,025,020400,2,877,+40.828594,-075.890317
42,025,020400,3,790,+40.829960,-075.885347
42,025,020400,4,933,+40.832380,-075.878078
42,025,020400,5,775,+40.833425,-075.874705
42,025,020501,1,928,+40.844436,-075.736675
42,025,020501,2,1182,+40.801304,-075.743629
42,025,020501,3,1194,+40.806450,-075.796361
42,025,020501,4,957,+40.832039,-075.731002
42,025,020502,1,1685,+40.787695,-075.729620
42,025,020502,2,1063,+40.769522,-075.727272
42,025,020600,1,1718,+40.835192,-075.711684
42,025,020600,2,1519,+40.835175,-075.719070
42,025,020600,3,2011,+40.827859,-075.714062
42,025,020700,1,1830,+40.857838,-075.648376
42,025,020700,2,1407,+40.857766,-075.679202
42,025,020700,3,952,+40.837945,-075.690318
42,025,020700,4,996,+40.829237,-075.695171
42,025,020801,1,1113,+40.833767,-075.551798
42,025,020801,2,1156,+40.820459,-075.543657
42,025,020801,3,777,+40.813736,-075.630679
42,025,020801,4,889,+40.801281,-075.661059
42,025,020802,1,1443,+40.892020,-075.577219
42,025,020802,2,1684,+40.847691,-075.585315
42,025,020802,3,1300,+40.867827,-075.556399
42,025,020900,1,1081,+40.808465,-075.598734
42,025,020900,2,1278,+40.804659,-075.605759
42,025,020900,3,1142,+40.804666,-075.616882
42,025,020900,4,1194,+40.800137,-075.612094
42,025,020900,5,898,+40.798595,-075.630405
42,027,010100,1,1511,+41.073049,-077.664185
42,027,010100,2,798,+41.056763,-077.614197
42,027,010100,3,738,+41.013544,-077.657486
42,027,010100,4,768,+41.009084,-077.692496
42,027,010200,1,1507,+41.060158,-077.972939
42,027,010200,2,670,+41.028471,-077.950017
42,027,010200,3,525,+41.030137,-078.000622
42,027,010300,1,772,+40.898605,-078.222213
42,027,010300,2,1064,+40.901215,-078.216547
42,027,010300,3,1334,+40.890920,-078.216511
42,027,010400,1,1067,+40.915959,-078.189969
42,027,010400,2,1066,+40.864868,-078.192945
42,027,010400,3,1154,+40.840815,-078.244094
42,027,010500,1,1634,+40.922859,-077.883548
42,027,010500,2,1317,+40.866350,-077.974585
42,027,010500,3,1573,+40.792807,-078.114330
42,027,010500,4,578,+40.800073,-078.051889
42,027,010600,1,1586,+40.973636,-077.822811
42,027,010600,2,1093,+40.942765,-077.791825
42,027,010600,3,1175,+40.960231,-077.764774
42,027,010700,1,1182,+40.984311,-077.637749
42,027,010700,2,1941,+40.968709,-077.596827
42,027,010700,3,1814,+40.929485,-077.680917
42,027,010700,4,841,+40.916036,-077.677010
42,027,010801,1,1998,+40.946705,-077.439058
42,027,010802,1,1203,+40.869193,-077.491105
42,027,010802,2,1649,+40.901388,-077.413165
42,027,010802,3,831,+40.891866,-077.475862
42,027,010901,1,1435,+40.816916,-077.690988
42,027,010901,2,854,+40.781642,-077.646695
42,027,010901,3,1269,+40.845292,-077.684719
42,027,010902,1,1147,+40.875918,-077.574146
42,027,010902,2,1114,+40.840382,-077.573374
42,027,010902,3,1291,+40.839839,-077.650402
42,027,011001,1,1244,+40.919437,-077.779007
42,027,011001,2,1539,+40.907106,-077.722553
42,027,011002,1,1476,+40.874872,-077.750000
42,027,011002,2,2035,+40.896262,-077.770521
42,027,011002,3,918,+40.869118,-077.739158
42,027,011002,4,767,+40.864583,-077.744152
42,027,011101,1,799,+40.918353,-077.753952
42,027,011101,2,983,+40.911619,-077.759086
42,027,011101,3,841,+40.915666,-077.773447
42,027,011101,4,843,+40.916520,-077.767576
42,027,011102,1,580,+40.911406,-077.785136
42,027,011102,2,847,+40.915969,-077.779812
42,027,011102,3,1212,+40.910473,-077.777083
42,027,011201,1,1301,+40.881713,-077.858939
42,027,011201,2,1140,+40.881687,-077.782859
42,027,011201,3,2131,+40.881237,-077.826766
42,027,011202,1,4392,+40.854692,-077.777591
42,027,011301,1,2451,+40.813173,-077.890079
42,027,011302,1,614,+40.812328,-077.901103
42,027,011302,2,1471,+40.817783,-077.890548
42,027,011303,1,2086,+40.823070,-077.883495
42,027,011303,2,1018,+40.827392,-077.885677
42,027,011303,3,1504,+40.834227,-077.908589
42,027,011401,1,1152,+40.804620,-077.899212
42,027,011401,2,2096,+40.802557,-077.910908
42,027,011401,3,1162,+40.806611,-077.921209
42,027,011402,1,811,+40.821619,-077.963993
42,027,011402,2,2313,+40.807446,-077.944892
42,027,011501,1,1753,+40.775792,-077.876780
42,027,011501,2,1256,+40.767750,-077.872252
42,027,011503,1,1145,+40.807864,-077.883791
42,027,011503,2,2180,+40.800801,-077.890010
42,027,011504,1,2040,+40.787080,-077.896079
42,027,011504,2,1438,+40.794967,-077.905117
42,027,011504,3,1002,+40.795971,-077.883858
42,027,011600,1,1894,+40.813717,-077.847752
42,027,011600,2,2764,+40.830371,-077.816780
42,027,011702,1,1805,+40.810528,-077.811303
42,027,011702,2,1429,+40.807521,-077.825463
42,027,011702,3,2870,+40.786642,-077.829668
42,027,011800,1,2185,+40.781247,-077.794311
42,027,011800,2,1312,+40.771831,-077.784850
42,027,011800,3,2416,+40.780849,-077.769947
42,027,011901,1,1478,+40.768267,-078.036155
42,027,011901,2,1312,+40.792019,-078.007071
42,027,011903,1,1650,+40.783777,-077.911932
42,027,011904,1,1540,+40.737317,-077.882859
42,027,011904,2,259,+40.741927,-077.938249
42,027,011904,3,879,+40.720870,-077.938231
42,027,011904,4,694,+40.731258,-077.993156
42,027,011905,1,2145,+40.766314,-077.894153
42,027,012000,1,1424,+40.797355,-077.846906
42,027,012000,2,1263,+40.793536,-077.855953
42,027,012000,3,1381,+40.800069,-077.851018
42,027,012000,4,729,+40.796922,-077.853598
42,027,012000,5,1078,+40.795401,-077.855116
42,027,012100,1,7317,+40.801039,-077.856858
42,027,012200,1,5753,+40.801737,-077.864580
42,027,012300,1,866,+40.801240,-077.872257
42,027,012300,2,901,+40.796489,-077.878599
42,027,012400,1,1157,+40.785215,-077.858524
42,027,012400,2,1289,+40.785363,-077.868644
42,027,012400,3,2423,+40.790252,-077.865988
42,027,012500,1,794,+40.795884,-077.857694
42,027,012500,2,1351,+40.792511,-077.860588
42,027,012500,3,2082,+40.798718,-077.854616
42,027,012600,1,1887,+40.790125,-077.858910
42,027,012600,2,1112,+40.788350,-077.852083
42,027,012700,1,640,+40.792958,-077.839576
42,027,012700,2,1029,+40.787235,-077.844948
42,027,012700,3,1314,+40.781927,-077.843599
42,027,012800,1,848,+40.778045,-077.865684
42,027,012800,2,1362,+40.772169,-077.860188
42,027,012800,3,1853,+40.778255,-077.858544
42,027,012800,4,648,+40.776327,-077.854077
42,029,300101,1,751,+40.091675,-075.425164
42,029,300101,2,0,+40.088053,-075.442107
42,029,300101,3,13,+40.071737,-075.432481
42,029,300101,4,2353,+40.082200,-075.425690
42,029,300103,1,1886,+40.046299,-075.482810
42,029,300103,2,901,+40.039732,-075.481637
42,029,300104,1,2869,+40.046799,-075.463044
42,029,300104,2,2462,+40.055340,-075.442464
42,029,300106,1,2515,+40.073853,-075.449565
42,029,300106,2,1867,+40.075821,-075.468415
42,029,300106,3,1228,+40.076509,-075.458230
42,029,300107,1,0,+40.059844,-075.514740
42,029,300107,2,1256,+40.076852,-075.480401
42,029,300107,3,1270,+40.067058,-075.505068
42,029,300107,4,0,+40.052173,-075.500393
42,029,300107,5,16,+40.063075,-075.459631
42,029,300107,6,812,+40.065127,-075.446411
42,029,300107,7,0,+40.059751,-075.465110
42,029,300107,8,1218,+40.056869,-075.478414
42,029,300108,1,2387,+40.059656,-075.416206
42,029,300108,2,2387,+40.045609,-075.411692
42,029,300108,3,730,+40.051533,-075.411213
42,029,300108,4,12,+40.069608,-075.427353
42,029,300108,5,1169,+40.068889,-075.426419
42,029,300109,1,878,+40.052915,-075.399412
42,029,300109,2,1459,+40.063639,-075.376659
42,029,300109,3,1488,+40.064396,-075.401809
42,029,300201,1,1249,+40.050893,-075.430145
42,029,300201,2,2050,+40.042669,-075.430778
42,029,300201,3,1030,+40.041888,-075.444069
42,029,300201,4,1026,+40.037687,-075.458204
42,029,300202,1,1442,+40.030319,-075.418488
42,029,300202,2,1306,+40.028318,-075.451267
42,029,300202,3,990,+40.028022,-075.468104
42,029,300202,4,1891,+40.015015,-075.438683
42,029,300301,1,853,+39.981136,-075.487638
42,029,300301,2,805,+40.001370,-075.472105
42,029,300301,3,2460,+39.964108,-075.500275
42,029,300302,1,1312,+40.013858,-075.514191
42,029,300302,2,1389,+40.025462,-075.531524
42,029,300302,3,1239,+40.025960,-075.487932
42,029,300303,1,2387,+40.036102,-075.495137
42,029,300303,2,828,+40.045216,-075.498172
42,029,300400,1,12,+40.036874,-075.521700
42,029,300400,2,1952,+40.032971,-075.521443
42,029,300400,3,689,+40.039751,-075.513637
42,029,300400,4,766,+40.035814,-075.510158
42,029,300501,1,1160,+40.097188,-075.496096
42,029,300501,2,980,+40.093722,-075.479940
42,029,300501,3,860,+40.109616,-075.491763
42,029,300501,4,791,+40.107745,-075.478032
42,029,300501,5,1271,+40.119360,-075.479361
42,029,300502,1,47,+40.131071,-075.540290
42,029,300502,2,891,+40.118248,-075.502144
42,029,300502,3,1539,+40.120506,-075.539560
42,029,300502,4,1241,+40.117683,-075.510373
42,029,300600,1,1573,+40.139690,-075.514806
42,029,300600,2,1194,+40.138489,-075.519361
42,029,300600,3,1296,+40.149334,-075.513382
42,029,300600,4,2134,+40.138877,-075.529325
42,029,300700,1,2365,+40.129349,-075.520752
42,029,300700,2,1035,+40.134016,-075.515245
42,029,300700,3,2023,+40.129494,-075.514569
42,029,300800,1,1665,+40.124076,-075.529759
42,029,300800,2,1283,+40.127374,-075.540757
42,029,300800,3,1508,+40.129074,-075.532197
42,029,300900,1,718,+40.123789,-075.520301
42,029,300900,2,873,+40.121088,-075.511804
42,029,300900,3,935,+40.127266,-075.508427
42,029,301001,1,2528,+40.130040,-075.561035
42,029,301001,2,2056,+40.117890,-075.575423
42,029,301002,1,2751,+40.142880,-075.555819
42,029,301002,2,925,+40.151757,-075.540105
42,029,301100,1,1722,+40.174564,-075.545508
42,029,301100,2,873,+40.177968,-075.550699
42,029,301100,3,899,+40.182355,-075.553463
42,029,301300,1,1796,+40.188784,-075.629133
42,029,301300,2,1021,+40.205809,-075.595586
42,029,301300,3,1642,+40.216008,-075.626879
42,029,301300,4,1370,+40.214629,-075.614004
42,029,301300,5,1239,+40.197493,-075.607187
42,029,301401,1,1484,+40.235992,-075.656386
42,029,301401,2,1616,+40.226901,-075.635498
42,029,301402,1,644,+40.217548,-075.715710
42,029,301402,2,1232,+40.226787,-075.692552
42,029,301402,3,1070,+40.216850,-075.650906
42,029,301402,4,1112,+40.226728,-075.665176
42,029,301402,5,1283,+40.208771,-075.676407
42,029,301500,1,1998,+40.176934,-075.662941
42,029,301500,2,798,+40.189039,-075.694444
42,029,301600,1,1001,+40.168612,-075.779386
42,029,301600,2,1589,+40.180287,-075.726660
42,029,301700,1,936,+40.140191,-075.703720
42,029,301700,2,896,+40.125705,-075.761118
42,029,301800,1,2112,+40.118981,-075.690716
42,029,301800,2,1254,+40.139521,-075.626272
42,029,301800,3,2632,+40.101727,-075.661769
42,029,301800,4,670,+40.132491,-075.672290
42,029,301900,1,2145,+40.087185,-075.641891
42,029,301900,2,890,+40.069147,-075.628533
42,029,301900,3,989,+40.088120,-075.604325
42,029,302000,1,1578,+40.108491,-075.547492
42,029,302000,2,2535,+40.066584,-075.586533
42,029,302000,3,1888,+40.085184,-075.533043
42,029,302102,1,834,+40.040703,-075.525135
42,029,302102,2,1389,+40.032858,-075.544475
42,029,302102,3,2308,+40.026852,-075.565467
42,029,302103,1,240,+40.047665,-075.516112
42,029,302103,2,1005,+40.037748,-075.570475
42,029,302103,3,23,+40.053846,-075.517318
42,029,302103,4,2447,+40.045575,-075.546516
42,029,302103,5,43,+40.056537,-075.523466
42,029,302103,6,29,+40.056419,-075.529735
42,029,302103,7,26,+40.059533,-075.523307
42,029,302104,1,2049,+40.066004,-075.529426
42,029,302104,2,2494,+40.049152,-075.581106
42,029,302104,3,0,+40.062205,-075.542417
42,029,302104,4,1030,+40.058379,-075.561202
42,029,302203,1,1624,+40.001349,-075.640954
42,029,302203,2,2555,+40.013318,-075.626284
42,029,302203,3,1373,+40.002215,-075.624921
42,029,302204,1,2309,+40.016488,-075.592586
42,029,302204,2,1495,+40.008686,-075.604996
42,029,302204,3,2474,+40.017226,-075.613511
42,029,302205,1,606,+40.033169,-075.617534
42,029,302205,2,1126,+40.040801,-075.621408
42,029,302205,3,971,+40.025674,-075.619122
42,029,302206,1,1824,+40.029108,-075.658664
42,029,302206,2,857,+40.035479,-075.645358
42,029,302206,3,2354,+40.032862,-075.638196
42,029,302207,1,26,+40.021831,-075.638291
42,029,302207,2,38,+40.022468,-075.649646
42,029,302300,1,763,+39.969209,-075.606326
42,029,302300,2,965,+39.965707,-075.603790
42,029,302300,3,1144,+39.963390,-075.602200
42,029,302400,1,2663,+39.959797,-075.611606
42,029,302400,2,1264,+39.963181,-075.615162
42,029,302500,1,1148,+39.957216,-075.609013
42,029,302500,2,1221,+39.955530,-075.603720
42,029,302500,3,664,+39.950391,-075.606967
42,029,302500,4,758,+39.954240,-075.608778
42,029,302600,1,1827,+39.955170,-075.595794
42,029,302600,2,2562,+39.960224,-075.599670
42,029,302702,1,1417,+39.974163,-075.573987
42,029,302702,2,1881,+39.973902,-075.588641
42,029,302702,3,1579,+39.972303,-075.565930
42,029,302703,1,2464,+39.979216,-075.622413
42,029,302703,2,1945,+39.982368,-075.595756
42,029,302704,1,2007,+40.006357,-075.586343
42,029,302704,2,944,+40.003033,-075.598144
42,029,302704,3,2036,+39.995021,-075.616716
42,029,302705,1,2536,+39.966028,-075.566547
42,029,302705,2,1406,+39.959370,-075.557900
42,029,302706,1,1834,+39.956199,-075.571989
42,029,302706,2,2030,+39.945433,-075.597536
42,029,302706,3,961,+39.956449,-075.584306
42,029,302802,1,2048,+40.005172,-075.570425
42,029,302802,2,2150,+40.015656,-075.547611
42,029,302802,3,40,+39.987797,-075.567915
42,029,302802,4,1029,+39.993497,-075.562285
42,029,302803,1,2017,+40.006783,-075.555111
42,029,302804,1,727,+39.974673,-075.523927
42,029,302804,2,1683,+39.985783,-075.539007
42,029,302804,3,1513,+39.993101,-075.532866
42,029,302806,1,1359,+39.964003,-075.538899
42,029,302806,2,1803,+39.963662,-075.548631
42,029,302807,1,1830,+39.979951,-075.548561
42,029,302807,2,874,+39.967905,-075.546144
42,029,302807,3,1337,+39.969510,-075.534345
42,029,302901,1,1281,+39.960683,-075.529691
42,029,302901,2,1111,+39.950906,-075.522400
42,029,302901,3,708,+39.945003,-075.546140
42,029,302901,4,1737,+39.963912,-075.516675
42,029,302902,1,1116,+39.927996,-075.596338
42,029,302902,2,1765,+39.940980,-075.561523
42,029,302902,3,2173,+39.937167,-075.580191
42,029,302902,4,1263,+39.927265,-075.572478
42,029,303000,1,2284,+39.914740,-075.571924
42,029,303000,2,893,+39.926622,-075.544421
42,029,303100,1,1083,+39.904833,-075.573960
42,029,303100,2,1287,+39.890977,-075.589723
42,029,303100,3,1712,+39.912111,-075.611458
42,029,303301,1,1421,+39.817374,-075.706750
42,029,303301,2,985,+39.845939,-075.721860
42,029,303301,3,927,+39.843894,-075.698190
42,029,303302,1,2030,+39.840583,-075.654889
42,029,303302,2,1278,+39.868851,-075.652111
42,029,303302,3,1648,+39.852766,-075.681235
42,029,303401,1,1463,+39.842830,-075.706382
42,029,303401,2,1267,+39.837233,-075.714372
42,029,303401,3,1353,+39.842617,-075.714985
42,029,303402,1,1182,+39.848565,-075.707919
42,029,303402,2,671,+39.847434,-075.716709
42,029,303501,1,1002,+39.864482,-075.676598
42,029,303501,2,1240,+39.864836,-075.702911
42,029,303501,3,1428,+39.888529,-075.695689
42,029,303501,4,702,+39.881069,-075.707106
42,029,303502,1,1806,+39.887164,-075.726918
42,029,303502,2,1128,+39.864302,-075.731307
42,029,303801,1,2681,+39.955387,-075.722723
42,029,303801,2,1847,+39.955887,-075.684599
42,029,303803,1,1362,+39.975226,-075.704080
42,029,303803,2,881,+39.986222,-075.726114
42,029,303803,3,1449,+39.984784,-075.708469
42,029,303804,1,1103,+39.966217,-075.728244
42,029,303804,2,1662,+39.974626,-075.734161
42,029,303804,3,3331,+39.970563,-075.757058
42,029,303901,1,1807,+39.927269,-075.632313
42,029,303901,2,1820,+39.937176,-075.606671
42,029,303901,3,1412,+39.941157,-075.617381
42,029,303902,1,2242,+39.950838,-075.630038
42,029,303902,2,1034,+39.991354,-075.665706
42,029,303902,3,2024,+39.973858,-075.642183
42,029,304000,1,2707,+40.022461,-075.683861
42,029,304000,2,1217,+40.026431,-075.694178
42,029,304000,3,1460,+40.006319,-075.674730
42,029,304101,1,2370,+40.015655,-075.697257
42,029,304101,2,1561,+40.005641,-075.698879
42,029,304101,3,587,+40.008388,-075.690285
42,029,304102,1,948,+40.005438,-075.711877
42,029,304102,2,2426,+40.000717,-075.715583
42,029,304201,1,1704,+40.002925,-075.754934
42,029,304201,2,2393,+40.010179,-075.727184
42,029,304201,3,1426,+39.991842,-075.749757
42,029,304201,4,1740,+40.000038,-075.740043
42,029,304300,1,1084,+40.022738,-075.754985
42,029,304300,2,2881,+40.045530,-075.766762
42,029,304300,3,1028,+40.033583,-075.717967
42,029,304300,4,2551,+40.030760,-075.778879
42,029,304300,5,924,+40.027655,-075.737532
42,029,304300,6,1270,+40.047928,-075.745267
42,029,304403,1,2239,+40.052553,-075.629295
42,029,304403,2,1759,+40.063706,-075.639885
42,029,304404,1,2173,+40.051672,-075.643778
42,029,304404,2,1835,+40.041200,-075.652175
42,029,304404,3,1135,+40.048936,-075.655676
42,029,304405,1,1231,+40.047988,-075.688673
42,029,304405,2,2416,+40.034142,-075.696429
42,029,304405,3,1620,+40.049098,-075.672172
42,029,304405,4,1202,+40.038994,-075.678060
42,029,304406,1,2461,+40.061258,-075.681841
42,029,304406,2,1090,+40.050185,-075.703201
42,029,304502,1,2104,+40.073398,-075.709109
42,029,304502,2,1021,+40.058772,-075.721321
42,029,304503,1,1842,+40.085876,-075.698051
42,029,304503,2,3146,+40.084913,-075.681317
42,029,304504,1,2566,+40.101328,-075.715097
42,029,304504,2,1596,+40.103633,-075.685072
42,029,304600,1,1322,+40.082016,-075.796296
42,029,304600,2,1647,+40.081240,-075.760133
42,029,304600,3,742,+40.106350,-075.770124
42,029,304900,1,822,+40.068778,-075.863024
42,029,304900,2,1913,+40.060639,-075.905902
42,029,304900,3,1598,+40.076296,-075.848914
42,029,304900,4,1127,+40.091159,-075.865171
42,029,304900,5,1803,+40.118201,-075.885860
42,029,304900,6,1011,+40.084831,-075.914137
42,029,305000,1,1892,+40.093922,-075.910187
42,029,305101,1,1500,+40.039675,-075.851673
42,029,305101,2,2084,+40.005689,-075.865191
42,029,305101,3,629,+40.000202,-075.907229
42,029,305102,1,1189,+40.042625,-075.877683
42,029,305102,2,1706,+40.020014,-075.918460
42,029,305102,3,1802,+40.037649,-075.910901
42,029,305300,1,812,+39.985332,-075.871873
42,029,305300,2,2089,+39.968948,-075.858419
42,029,305300,3,2754,+39.992488,-075.833369
42,029,305300,4,1169,+39.998234,-075.844344
42,029,305300,5,1161,+39.983067,-075.847052
42,029,305400,1,2023,+39.978752,-075.833133
42,029,305400,2,2157,+39.984909,-075.833253
42,029,305500,1,2073,+39.986748,-075.810850
42,029,305500,2,1642,+39.986620,-075.818746
42,029,305600,1,1801,+39.982010,-075.814792
42,029,305600,2,1215,+39.979696,-075.819010
42,029,305700,1,952,+39.985037,-075.804253
42,029,305700,2,1487,+39.982854,-075.807755
42,029,306000,1,999,+39.947313,-075.817662
42,029,306000,2,1592,+39.951063,-075.857053
42,029,306000,3,2113,+39.960767,-075.834412
42,029,306000,4,2139,+39.977502,-075.784065
42,029,306000,5,783,+39.960849,-075.784336
42,029,306300,1,1554,+39.821213,-075.828546
42,029,306300,2,1216,+39.818455,-075.825510
42,029,306501,1,2669,+39.781658,-075.742814
42,029,306501,2,1469,+39.789584,-075.763583
42,029,306503,1,1593,+39.845387,-075.741816
42,029,306503,2,995,+39.837713,-075.763079
42,029,306504,1,1909,+39.817798,-075.762540
42,029,306504,2,1207,+39.825326,-075.736473
42,029,306504,3,1521,+39.809569,-075.733476
42,029,306600,1,1734,+39.735055,-075.788688
42,029,306600,2,1445,+39.763937,-075.789077
42,029,306700,1,1367,+39.785839,-075.792525
42,029,306700,2,1439,+39.769513,-075.831331
42,029,306700,3,1627,+39.746659,-075.837628
42,029,306800,1,1698,+39.737028,-075.903789
42,029,306900,1,2404,+39.778120,-075.896034
42,029,306900,2,981,+39.784200,-075.857430
42,029,306900,3,2425,+39.763786,-075.873779
42,029,307000,1,829,+39.836635,-075.873389
42,029,307000,2,2012,+39.817106,-075.887502
42,029,307000,3,1197,+39.804850,-075.892559
42,029,307000,4,968,+39.818406,-075.857199
42,029,307000,5,638,+39.805962,-075.861613
42,029,307100,1,2476,+39.865928,-075.888881
42,029,307200,1,1259,+39.928928,-075.901327
42,029,307300,1,2597,+39.977702,-075.894238
42,029,307300,2,786,+39.966026,-075.885609
42,029,307300,3,742,+39.983297,-075.921487
42,029,307400,1,1299,+39.963061,-075.919435
42,029,307400,2,2563,+39.955827,-075.919953
42,029,307700,1,1165,+39.878482,-075.939479
42,029,307700,2,1294,+39.909675,-075.953601
42,029,307800,1,1436,+39.826774,-075.920630
42,029,307800,2,1124,+39.850131,-075.968618
42,029,307900,1,1825,+39.805962,-075.936803
42,029,307900,2,1843,+39.803286,-076.003815
42,029,307900,3,1752,+39.807417,-075.926787
42,029,308000,1,2808,+39.784106,-075.974215
42,029,308000,2,1274,+39.787627,-075.978319
42,029,308000,3,1654,+39.784874,-075.987527
42,029,308101,1,1570,+39.776852,-075.926952
42,029,308101,2,1492,+39.766832,-075.953096
42,029,308101,3,1298,+39.788614,-075.936504
42,029,308102,1,2676,+39.765261,-076.008063
42,029,308102,2,1946,+39.759554,-075.973302
42,029,308200,1,1355,+39.749292,-076.057336
42,029,308200,2,1409,+39.738609,-076.030800
42,029,311000,1,1705,+40.179645,-075.561360
42,029,311000,2,1312,+40.169856,-075.583943
42,029,311000,3,1023,+40.166311,-075.634008
42,029,311000,4,746,+40.188015,-075.576334
42,029,311000,5,1647,+40.167722,-075.555861
42,029,311000,6,1000,+40.155556,-075.599895
42,029,311100,1,1833,+39.883808,-075.640382
42,029,311100,2,2043,+39.859854,-075.618766
42,029,311200,1,1358,+39.923344,-075.729180
42,029,311200,2,819,+39.889779,-075.801666
42,029,311300,1,1439,+39.903436,-075.676491
42,029,311300,2,807,+39.902635,-075.659029
42,029,311300,3,882,+39.910774,-075.647786
42,029,311300,4,1327,+39.899956,-075.642158
42,029,311401,1,1169,+39.985316,-075.791017
42,029,311401,2,1230,+39.996074,-075.798796
42,029,311401,3,1882,+39.993220,-075.777293
42,029,311401,4,193,+39.998564,-075.796352
42,029,311401,5,2695,+40.003119,-075.772445
42,029,311403,1,854,+40.021235,-075.826665
42,029,311403,2,765,+40.017553,-075.789828
42,029,311403,3,1764,+40.016161,-075.805503
42,029,311404,1,2297,+40.059564,-075.796489
42,029,311404,2,1651,+40.046131,-075.817026
42,029,311500,1,2251,+40.118135,-075.822995
42,029,311500,2,1330,+40.154882,-075.830210
42,029,311600,1,2142,+39.969166,-075.811974
42,029,311701,1,1458,+39.848241,-075.824434
42,029,311701,2,2024,+39.826783,-075.805640
42,029,311702,1,2285,+39.807036,-075.827218
42,029,311702,2,1274,+39.826171,-075.782340
42,029,311702,3,3030,+39.810828,-075.797712
42,029,311800,1,2436,+39.973623,-075.956424
42,029,311800,2,1313,+39.946361,-075.975806
42,029,980000,1,2782,+39.951210,-075.601314
42,029,980000,2,910,+39.952891,-075.602644
42,031,160101,1,441,+41.380013,-079.327104
42,031,160101,2,460,+41.401042,-079.293774
42,031,160101,3,432,+41.377828,-079.240698
42,031,160101,4,448,+41.338933,-079.299711
42,031,160103,1,1749,+41.194656,-079.380689
42,031,160103,2,1086,+41.189553,-079.320306
42,031,160104,1,444,+41.203506,-079.266547
42,031,160104,2,880,+41.206377,-079.335653
42,031,160104,3,388,+41.262744,-079.256513
42,031,160201,1,636,+41.396560,-079.373379
42,031,160201,2,1229,+41.352916,-079.439349
42,031,160202,1,841,+41.313646,-079.379165
42,031,160202,2,689,+41.271342,-079.339171
42,031,160300,1,1645,+41.244873,-079.422507
42,031,160300,2,1014,+41.275033,-079.487138
42,031,160300,3,1119,+41.278590,-079.572677
42,031,160300,4,862,+41.255214,-079.465593
42,031,160400,1,754,+41.207596,-079.515922
42,031,160400,2,1079,+41.211729,-079.554476
42,031,160400,3,896,+41.228518,-079.616891
42,031,160400,4,1093,+41.234846,-079.537099
42,031,160500,1,989,+41.164541,-079.653101
42,031,160500,2,727,+41.135207,-079.554250
42,031,160500,3,1080,+41.111928,-079.481930
42,031,160500,4,919,+41.093340,-079.636142
42,031,160600,1,716,+41.215380,-079.381954
42,031,160600,2,806,+41.205983,-079.372889
42,031,160600,3,634,+41.214026,-079.390320
42,031,160600,4,1043,+41.207044,-079.380100
42,031,160600,5,732,+41.211656,-079.384424
42,031,160701,1,1234,+41.016559,-079.520312
42,031,160701,2,818,+40.984422,-079.615110
42,031,160702,1,982,+41.062157,-079.513406
42,031,160702,2,942,+41.040466,-079.503060
42,031,160800,1,1487,+41.155643,-079.408042
42,031,160800,2,1289,+41.033457,-079.377334
42,031,160800,3,978,+41.004065,-079.330400
42,031,160900,1,1871,+41.134343,-079.301246
42,031,160900,2,769,+41.071573,-079.265083
42,031,160900,3,1040,+41.020766,-079.288177
42,033,330100,1,1287,+41.133890,-078.779965
42,033,330100,2,1012,+41.089686,-078.786434
42,033,330100,3,1367,+41.108282,-078.774382
42,033,330100,4,1327,+41.109167,-078.737960
42,033,330200,1,626,+41.131161,-078.761324
42,033,330200,2,653,+41.124547,-078.770227
42,033,330200,3,929,+41.120241,-078.776057
42,033,330200,4,1096,+41.118023,-078.770074
42,033,330300,1,1196,+41.130307,-078.749856
42,033,330300,2,1413,+41.113934,-078.755675
42,033,330300,3,1597,+41.116428,-078.763696
42,033,330400,1,850,+41.176228,-078.724997
42,033,330400,2,856,+41.169762,-078.673385
42,033,330400,3,3882,+41.156781,-078.707008
42,033,330400,4,1309,+41.155559,-078.731993
42,033,330500,1,2166,+41.047693,-078.742935
42,033,330500,2,886,+41.081126,-078.653337
42,033,330500,3,1260,+41.207316,-078.585432
42,033,330600,1,1041,+41.049686,-078.446334
42,033,330600,2,2134,+41.022583,-078.414847
42,033,330700,1,958,+41.093721,-078.318907
42,033,330700,2,1318,+41.136039,-078.156229
42,033,330800,1,1331,+41.001038,-078.237809
42,033,330800,2,1065,+41.009641,-078.136225
42,033,330800,3,1529,+40.976551,-078.132601
42,033,330800,4,1213,+40.966180,-078.212797
42,033,330800,5,1564,+40.934959,-078.213241
42,033,330900,1,1239,+40.878556,-078.311767
42,033,330900,2,1574,+40.885163,-078.252033
42,033,330900,3,821,+40.890529,-078.230825
42,033,330900,4,1045,+40.852943,-078.269889
42,033,330900,5,1745,+40.922216,-078.242078
42,033,331000,1,1376,+41.005176,-078.349217
42,033,331000,2,1465,+41.008926,-078.303915
42,033,331000,3,798,+40.950956,-078.287589
42,033,331000,4,1161,+40.949879,-078.333424
42,033,331100,1,1231,+41.021423,-078.435447
42,033,331100,2,905,+41.026992,-078.427829
42,033,331100,3,1028,+41.011595,-078.438381
42,033,331200,1,654,+41.026251,-078.442967
42,033,331200,2,637,+41.016298,-078.442948
42,033,331200,3,859,+41.024151,-078.447979
42,033,331200,4,648,+41.029948,-078.448330
42,033,331300,1,1137,+41.032610,-078.464791
42,033,331300,2,1222,+40.972455,-078.459115
42,033,331300,3,1966,+41.003602,-078.470480
42,033,331401,1,2019,+40.970268,-078.617459
42,033,331401,2,1365,+40.950729,-078.533984
42,033,331402,1,983,+40.969450,-078.517020
42,033,331402,2,993,+41.006684,-078.532881
42,033,331402,3,663,+40.975639,-078.523265
42,033,331402,4,921,+40.978846,-078.530137
42,033,331500,1,1016,+40.889787,-078.740090
42,033,331500,2,834,+40.896710,-078.623096
42,033,331600,1,1073,+40.863996,-078.526565
42,033,331600,2,1365,+40.823792,-078.435836
42,033,331700,1,1156,+40.846391,-078.363372
42,033,331700,2,764,+40.825837,-078.350878
42,033,331700,3,897,+40.816940,-078.360010
42,033,331700,4,1636,+40.776230,-078.399772
42,033,331700,5,2506,+40.812205,-078.356716
42,033,331800,1,1316,+40.761450,-078.548581
42,033,331800,2,752,+40.766159,-078.481362
42,033,331800,3,680,+40.746455,-078.521942
42,033,331900,1,1243,+40.775339,-078.756726
42,033,331900,2,1004,+40.779925,-078.656219
42,035,030100,1,1352,+41.330282,-077.731893
42,035,030100,2,1525,+41.341962,-077.759184
42,035,030200,1,972,+41.092332,-077.583918
42,035,030200,2,978,+41.134271,-077.524454
42,035,030200,3,736,+41.075546,-077.584962
42,035,030200,4,1066,+41.113095,-077.489883
42,035,030200,5,1479,+41.105373,-077.489015
42,035,030300,1,1155,+41.205274,-077.468624
42,035,030300,2,1934,+41.152781,-077.422328
42,035,030300,3,1005,+41.172123,-077.392328
42,035,030400,1,1272,+41.185262,-077.313965
42,035,030400,2,1444,+41.198129,-077.348927
42,035,030400,3,700,+41.181384,-077.351270
42,035,030400,4,821,+41.186019,-077.320812
42,035,030400,5,652,+41.184875,-077.312974
42,035,030500,1,947,+41.133948,-077.473591
42,035,030500,2,1451,+41.151298,-077.351251
42,035,030500,3,1107,+41.122585,-077.428850
42,035,030500,4,553,+41.125020,-077.467300
42,035,030600,1,788,+41.134769,-077.432875
42,035,030600,2,1041,+41.135599,-077.441860
42,035,030701,1,561,+41.134536,-077.465248
42,035,030701,2,1158,+41.130096,-077.459023
42,035,030701,3,764,+41.133390,-077.460009
42,035,030701,4,807,+41.128517,-077.454337
42,035,030701,5,879,+41.138128,-077.451018
42,035,030701,6,840,+41.132369,-077.451173
42,035,030701,7,405,+41.147399,-077.469454
42,035,030702,1,865,+41.138958,-077.457766
42,035,030800,1,1169,+41.085643,-077.419727
42,035,030800,2,1454,+41.072172,-077.463560
42,035,030800,3,1487,+41.025746,-077.523172
42,035,030900,1,1404,+41.045442,-077.262505
42,035,030900,2,828,+41.033927,-077.313432
42,035,030900,3,878,+40.998728,-077.410284
42,035,030900,4,973,+41.125409,-077.248813
42,037,050100,1,872,+41.242543,-076.415258
42,037,050100,2,637,+41.254468,-076.359094
42,037,050100,3,1323,+41.198265,-076.364083
42,037,050100,4,823,+41.196096,-076.384254
42,037,050100,5,1722,+41.138309,-076.345668
42,037,050200,1,1011,+41.180565,-076.521854
42,037,050200,2,1881,+41.133188,-076.479526
42,037,050200,3,976,+41.120241,-076.526851
42,037,050200,4,1564,+41.092943,-076.570833
42,037,050300,1,1498,+41.065529,-076.473804
42,037,050300,2,2214,+41.016335,-076.505732
42,037,050300,3,1263,+40.978447,-076.494421
42,037,050400,1,1640,+41.076097,-076.415015
42,037,050400,2,1690,+41.062562,-076.370539
42,037,050400,3,652,+41.048191,-076.355902
42,037,050500,1,635,+41.088032,-076.293052
42,037,050500,2,687,+41.102970,-076.249526
42,037,050500,3,740,+41.076728,-076.250712
42,037,050500,4,1583,+41.056509,-076.278983
42,037,050600,1,1066,+41.070171,-076.239580
42,037,050600,2,643,+41.063034,-076.245325
42,037,050600,3,929,+41.064598,-076.236520
42,037,050600,4,1139,+41.060689,-076.232837
42,037,050600,5,1425,+41.056147,-076.235660
42,037,050700,1,1591,+41.056125,-076.250571
42,037,050700,2,637,+41.055896,-076.259925
42,037,050700,3,1391,+41.049232,-076.263625
42,037,050700,4,1506,+41.049457,-076.249599
42,037,050800,1,1620,+41.006100,-076.414954
42,037,050800,2,1863,+41.019961,-076.367383
42,037,050900,1,954,+41.036340,-076.414085
42,037,050900,2,2609,+41.022594,-076.403295
42,037,051000,1,777,+41.000879,-076.443732
42,037,051000,2,805,+40.996435,-076.453059
42,037,051000,3,913,+40.995334,-076.447599
42,037,051101,1,1828,+41.007231,-076.447535
42,037,051101,2,1606,+41.004762,-076.450131
42,037,051102,1,1427,+41.013507,-076.449791
42,037,051102,2,1078,+41.006840,-076.455056
42,037,051200,1,1211,+41.007131,-076.463841
42,037,051200,2,888,+41.002787,-076.455747
42,037,051200,3,903,+41.001083,-076.453593
42,037,051200,4,716,+40.998934,-076.458529
42,037,051200,5,559,+40.998782,-076.463816
42,037,051300,1,1536,+40.952116,-076.459725
42,037,051300,2,1502,+40.983489,-076.415422
42,037,051400,1,1147,+41.029604,-076.306127
42,037,051400,2,1355,+41.010477,-076.293677
42,037,051500,1,988,+40.927428,-076.459112
42,037,051500,2,1432,+40.939088,-076.306885
42,037,051500,3,672,+40.904585,-076.401877
42,037,051500,4,1120,+40.866423,-076.457422
42,037,051500,5,786,+40.870725,-076.392219
42,037,051500,6,694,+40.810413,-076.364806
42,039,110100,1,698,+41.804686,-079.873898
42,039,110100,2,1164,+41.813774,-079.816902
42,039,110100,3,665,+41.830485,-079.673476
42,039,110100,4,1526,+41.804634,-079.709276
42,039,110100,5,1225,+41.742879,-079.668128
42,039,110100,6,944,+41.736863,-079.738029
42,039,110201,1,1929,+41.781472,-080.138179
42,039,110201,2,1609,+41.827507,-080.142455
42,039,110202,1,800,+41.802791,-080.062079
42,039,110202,2,1474,+41.809628,-079.959861
42,039,110202,3,1016,+41.793645,-080.053040
42,039,110202,4,1151,+41.797540,-080.055118
42,039,110300,1,788,+41.802803,-080.454306
42,039,110300,2,918,+41.801413,-080.372614
42,039,110300,3,1169,+41.787393,-080.323459
42,039,110300,4,1631,+41.735183,-080.338299
42,039,110400,1,814,+41.713929,-080.438416
42,039,110400,2,950,+41.671598,-080.456114
42,039,110400,3,962,+41.656307,-080.424677
42,039,110501,1,807,+41.657363,-080.350966
42,039,110501,2,973,+41.606629,-080.341219
42,039,110502,1,1088,+41.654747,-080.299424
42,039,110502,2,1272,+41.618102,-080.289794
42,039,110502,3,1137,+41.608819,-080.308232
42,039,110600,1,1218,+41.705067,-080.236114
42,039,110600,2,1557,+41.718208,-080.170125
42,039,110700,1,1185,+41.733813,-080.087161
42,039,110700,2,1526,+41.706567,-080.141238
42,039,110700,3,1055,+41.693727,-080.102765
42,039,110800,1,1141,+41.719293,-079.959010
42,039,110800,2,760,+41.674822,-080.031286
42,039,110800,3,830,+41.643519,-079.986463
42,039,110800,4,888,+41.613979,-079.942310
42,039,110800,5,1109,+41.620396,-080.058247
42,039,110900,1,636,+41.744128,-079.850109
42,039,110900,2,588,+41.696992,-079.806046
42,039,110900,3,588,+41.647325,-079.793075
42,039,110900,4,979,+41.658403,-079.870790
42,039,111000,1,796,+41.659674,-079.651571
42,039,111000,2,1435,+41.650394,-079.720063
42,039,111100,1,759,+41.631631,-079.671450
42,039,111100,2,1024,+41.630894,-079.662003
42,039,111100,3,1089,+41.622963,-079.670444
42,039,111200,1,1458,+41.633083,-079.684012
42,039,111200,2,932,+41.630515,-079.677359
42,039,111300,1,1405,+41.542030,-079.996964
42,039,111300,2,837,+41.557758,-080.081710
42,039,111300,3,857,+41.578107,-080.170004
42,039,111300,4,1011,+41.511370,-080.102070
42,039,111300,5,1118,+41.518776,-080.047849
42,039,111400,1,675,+41.660752,-080.116031
42,039,111400,2,881,+41.641356,-080.115856
42,039,111400,3,884,+41.625758,-080.129691
42,039,111400,4,653,+41.614393,-080.107396
42,039,111400,5,624,+41.599640,-080.132120
42,039,111400,6,811,+41.617065,-080.142786
42,039,111500,1,629,+41.637996,-080.146731
42,039,111500,2,1188,+41.629990,-080.143516
42,039,111500,3,730,+41.639749,-080.131165
42,039,111500,4,1293,+41.636905,-080.136852
42,039,111500,5,1115,+41.642996,-080.143410
42,039,111600,1,1357,+41.633181,-080.151533
42,039,111600,2,1053,+41.647855,-080.150373
42,039,111600,3,934,+41.641554,-080.151687
42,039,111600,4,391,+41.649307,-080.162884
42,039,111700,1,674,+41.663628,-080.154643
42,039,111700,2,1154,+41.654684,-080.138210
42,039,111700,3,1721,+41.664551,-080.142888
42,039,111700,4,1297,+41.649357,-080.145241
42,039,111800,1,610,+41.653621,-080.198039
42,039,111800,2,824,+41.639332,-080.173424
42,039,111800,3,584,+41.637199,-080.216442
42,039,111800,4,1096,+41.620540,-080.245128
42,039,111800,5,2217,+41.610742,-080.197206
42,039,111900,1,986,+41.550081,-080.344041
42,039,111900,2,1106,+41.503511,-080.336664
42,039,111900,3,636,+41.550195,-080.229868
42,039,111900,4,788,+41.507380,-080.205383
42,039,112001,1,858,+41.512934,-080.477378
42,039,112001,2,754,+41.530369,-080.433887
42,039,112001,3,652,+41.563557,-080.487524
42,039,112002,1,627,+41.611122,-080.469142
42,039,112002,2,645,+41.589385,-080.487739
42,041,010100,1,2575,+40.300891,-076.934818
42,041,010100,2,926,+40.289839,-076.933854
42,041,010100,3,784,+40.293996,-076.934001
42,041,010100,4,1118,+40.282508,-076.931159
42,041,010201,1,640,+40.309553,-076.931196
42,041,010201,2,2016,+40.307020,-076.945480
42,041,010201,3,2507,+40.292586,-076.954088
42,041,010203,1,2524,+40.270443,-076.923517
42,041,010203,2,1458,+40.256997,-076.917740
42,041,010204,1,2483,+40.282482,-076.944440
42,041,010204,2,2699,+40.262645,-076.945899
42,041,010300,1,1174,+40.276880,-076.918873
42,041,010300,2,2053,+40.263841,-076.914526
42,041,010300,3,1004,+40.256500,-076.901643
42,041,010400,1,1043,+40.252623,-076.931331
42,041,010400,2,1291,+40.245304,-076.929844
42,041,010400,3,1532,+40.241018,-076.930581
42,041,010500,1,934,+40.234600,-076.938282
42,041,010500,2,1388,+40.244683,-076.917134
42,041,010500,3,795,+40.238181,-076.912566
42,041,010500,4,1139,+40.236488,-076.924752
42,041,010600,1,938,+40.245648,-076.902004
42,041,010600,2,628,+40.244371,-076.896662
42,041,010600,3,915,+40.244166,-076.891625
42,041,010600,4,1355,+40.244851,-076.898307
42,041,010600,5,823,+40.240891,-076.898014
42,041,010700,1,1001,+40.238158,-076.881373
42,041,010700,2,862,+40.230467,-076.878286
42,041,010700,3,1154,+40.227249,-076.882487
42,041,010700,4,847,+40.233960,-076.887815
42,041,010800,1,932,+40.231938,-076.872420
42,041,010800,2,737,+40.228894,-076.867976
42,041,010800,3,676,+40.225582,-076.864126
42,041,010800,4,648,+40.221952,-076.869121
42,041,010800,5,650,+40.225378,-076.868245
42,041,010900,1,878,+40.234299,-076.902952
42,041,010900,2,808,+40.232347,-076.897045
42,041,010900,3,823,+40.228596,-076.901543
42,041,010900,4,1199,+40.219553,-076.875272
42,041,010900,5,1383,+40.221456,-076.890148
42,041,011002,1,1055,+40.229922,-076.915058
42,041,011002,2,1343,+40.225792,-076.917325
42,041,011101,1,1985,+40.184284,-076.932781
42,041,011101,2,1301,+40.207954,-076.949226
42,041,011101,3,1821,+40.204076,-076.936366
42,041,011102,1,971,+40.217669,-076.954393
42,041,011102,2,1222,+40.216207,-076.965363
42,041,011102,3,628,+40.220469,-076.943543
42,041,011102,4,1798,+40.212417,-076.975874
42,041,011200,1,956,+40.223046,-076.951648
42,041,011200,2,678,+40.221830,-076.959831
42,041,011301,1,2629,+40.284323,-076.973240
42,041,011301,2,3141,+40.290698,-076.997675
42,041,011303,1,2369,+40.272013,-076.961094
42,041,011303,2,1693,+40.264056,-076.969668
42,041,011303,3,1550,+40.252111,-076.954569
42,041,011303,4,1356,+40.249402,-076.969969
42,041,011304,1,2342,+40.228801,-076.965741
42,041,011304,2,2109,+40.248349,-076.947689
42,041,011304,3,1112,+40.235578,-076.957348
42,041,011305,1,2881,+40.244200,-076.979211
42,041,011305,2,1734,+40.236622,-077.000855
42,041,011305,3,503,+40.222087,-076.985126
42,041,011305,4,886,+40.247069,-076.961065
42,041,011306,1,1514,+40.261216,-077.003409
42,041,011306,2,2413,+40.251893,-076.997729
42,041,011307,1,1659,+40.270772,-076.989659
42,041,011307,2,1937,+40.262016,-076.990474
42,041,011307,3,933,+40.255655,-076.981115
42,041,011400,1,1691,+40.219088,-077.006603
42,041,011400,2,1007,+40.214554,-077.005832
42,041,011400,3,888,+40.213459,-077.010284
42,041,011400,4,905,+40.211310,-077.018586
42,041,011500,1,2031,+40.211497,-076.989685
42,041,011500,2,909,+40.210681,-077.001929
42,041,011500,3,1880,+40.207798,-077.012006
42,041,011602,1,1403,+40.180944,-077.000608
42,041,011602,2,2652,+40.163477,-077.008516
42,041,011606,1,1210,+40.175960,-076.958501
42,041,011606,2,1206,+40.175701,-076.977288
42,041,011606,3,3580,+40.164836,-076.992980
42,041,011607,1,3485,+40.189312,-076.964438
42,041,011607,2,1128,+40.183385,-076.980139
42,041,011607,3,1031,+40.189054,-076.986855
42,041,011608,1,1363,+40.208673,-076.977813
42,041,011608,2,1984,+40.203690,-076.977931
42,041,011608,3,1294,+40.201436,-077.007271
42,041,011700,1,964,+40.203485,-077.026521
42,041,011700,2,1402,+40.133840,-077.076738
42,041,011700,3,2259,+40.171204,-077.085818
42,041,011700,4,1605,+40.171482,-077.032674
42,041,011803,1,1495,+40.257645,-077.161237
42,041,011803,2,1270,+40.205775,-077.123062
42,041,011803,3,2046,+40.269829,-077.112017
42,041,011803,4,2210,+40.223065,-077.150010
42,041,011804,1,869,+40.291829,-077.049406
42,041,011804,2,1801,+40.274513,-077.050247
42,041,011805,1,2939,+40.260767,-077.024841
42,041,011805,2,1044,+40.249216,-077.048061
42,041,011805,3,1692,+40.242115,-077.072760
42,041,011806,1,2524,+40.216707,-077.069060
42,041,011806,2,2356,+40.220061,-077.038000
42,041,011807,1,1238,+40.220681,-077.023082
42,041,011807,2,5094,+40.235249,-077.018105
42,041,011901,1,1273,+40.256677,-077.213714
42,041,011901,2,1720,+40.221892,-077.231180
42,041,011901,3,2606,+40.249383,-077.185484
42,041,011902,1,1822,+40.234685,-077.185125
42,041,011902,2,1853,+40.228250,-077.174885
42,041,011902,3,1597,+40.230776,-077.197248
42,041,011902,4,1168,+40.209653,-077.172719
42,041,012000,1,1479,+40.209301,-077.211507
42,041,012000,2,1523,+40.212828,-077.185076
42,041,012000,3,1416,+40.214764,-077.196021
42,041,012000,4,1080,+40.209525,-077.193150
42,041,012100,1,1466,+40.201701,-077.180952
42,041,012100,2,1191,+40.205171,-077.185260
42,041,012200,1,1066,+40.201140,-077.187020
42,041,012200,2,1015,+40.202125,-077.191101
42,041,012300,1,915,+40.205111,-077.192617
42,041,012300,2,1482,+40.204546,-077.200724
42,041,012400,1,2013,+40.195020,-077.211394
42,041,012400,2,2414,+40.193928,-077.192954
42,041,012400,3,1879,+40.199580,-077.197901
42,041,012400,4,1179,+40.184889,-077.196773
42,041,012501,1,2741,+40.173940,-077.210955
42,041,012501,2,1767,+40.177795,-077.178686
42,041,012502,1,918,+40.192292,-077.149964
42,041,012502,2,3081,+40.179097,-077.153158
42,041,012502,3,1401,+40.161302,-077.132092
42,041,012502,4,1289,+40.157992,-077.145533
42,041,012502,5,1000,+40.148609,-077.134977
42,041,012600,1,1778,+40.116571,-077.158556
42,041,012600,2,937,+40.068278,-077.167567
42,041,012600,3,1691,+40.124157,-077.199319
42,041,012600,4,1527,+40.118996,-077.187877
42,041,012701,1,2290,+40.066380,-077.216097
42,041,012701,2,1678,+40.132021,-077.248697
42,041,012701,3,1326,+40.158200,-077.277951
42,041,012702,1,2739,+40.107443,-077.374607
42,041,012702,2,1707,+40.083771,-077.333682
42,041,012801,1,2482,+40.193389,-077.286450
42,041,012801,2,2100,+40.175484,-077.349091
42,041,012802,1,2546,+40.146802,-077.442395
42,041,012802,2,1013,+40.148692,-077.396060
42,041,012900,1,752,+40.172811,-077.399089
42,041,012900,2,624,+40.168839,-077.403085
42,041,013000,1,1512,+40.232053,-077.292323
42,041,013000,2,2855,+40.234705,-077.364926
42,041,013000,3,1298,+40.202707,-077.449542
42,041,013000,4,1294,+40.215594,-077.497513
42,041,013103,1,1552,+40.153344,-077.559934
42,041,013103,2,1264,+40.120970,-077.531502
42,041,013103,3,2247,+40.082045,-077.503491
42,041,013103,4,1074,+40.061675,-077.507191
42,041,013104,1,761,+40.058025,-077.528664
42,041,013104,2,1906,+40.061183,-077.523393
42,041,013105,1,1768,+40.046925,-077.497428
42,041,013105,2,2535,+40.049311,-077.467102
42,041,013105,3,713,+40.048055,-077.430876
42,041,013105,4,767,+40.020973,-077.480897
42,041,013200,1,766,+40.054768,-077.507606
42,041,013200,2,1109,+40.049143,-077.510376
42,041,013200,3,1006,+40.053427,-077.516160
42,041,013200,4,725,+40.051955,-077.525104
42,041,013200,5,728,+40.048859,-077.521487
42,041,981001,1,2884,+40.218049,-076.927827
42,041,981606,1,2847,+40.157700,-076.985277
42,043,020100,1,1220,+40.263236,-076.886807
42,043,020100,2,927,+40.257424,-076.876927
42,043,020100,3,1599,+40.260166,-076.879438
42,043,020300,1,971,+40.268826,-076.887328
42,043,020300,2,924,+40.271311,-076.885168
42,043,020400,1,797,+40.268681,-076.890347
42,043,020400,2,828,+40.267366,-076.890965
42,043,020500,1,746,+40.277746,-076.895368
42,043,020500,2,722,+40.274564,-076.892204
42,043,020500,3,1519,+40.273472,-076.894118
42,043,020800,1,1007,+40.283127,-076.897255
42,043,020800,2,922,+40.283600,-076.900860
42,043,020800,3,880,+40.279929,-076.897550
42,043,020900,1,884,+40.297264,-076.896959
42,043,020900,2,684,+40.290662,-076.893224
42,043,020900,3,891,+40.289728,-076.896514
42,043,020900,4,1248,+40.293270,-076.902080
42,043,021100,1,734,+40.276457,-076.870120
42,043,021100,2,1319,+40.278242,-076.876568
42,043,021100,3,1199,+40.272429,-076.868369
42,043,021200,1,1167,+40.268641,-076.865980
42,043,021200,2,1419,+40.267404,-076.871702
42,043,021300,1,1563,+40.263629,-076.864755
42,043,021300,2,1333,+40.259361,-076.862900
42,043,021300,3,1429,+40.260025,-076.868760
42,043,021300,4,780,+40.262695,-076.869333
42,043,021300,5,925,+40.264607,-076.870212
42,043,021400,1,999,+40.251301,-076.861519
42,043,021400,2,793,+40.252321,-076.853910
42,043,021400,3,1484,+40.247212,-076.857022
42,043,021400,4,1639,+40.250595,-076.858636
42,043,021500,1,1594,+40.267286,-076.860017
42,043,021500,2,1359,+40.263857,-076.858086
42,043,021500,3,792,+40.259070,-076.854727
42,043,021600,1,620,+40.275412,-076.864182
42,043,021600,2,733,+40.273365,-076.863448
42,043,021600,3,1270,+40.270343,-076.857743
42,043,021700,1,1470,+40.267968,-076.842450
42,043,021700,2,1331,+40.260392,-076.846095
42,043,021700,3,2000,+40.263338,-076.847537
42,043,021700,4,1223,+40.266767,-076.852099
42,043,021800,1,706,+40.303634,-076.898202
42,043,021800,2,1576,+40.315377,-076.896506
42,043,021901,1,1517,+40.332340,-076.877380
42,043,021901,2,1948,+40.337705,-076.857132
42,043,021901,3,1313,+40.335483,-076.873718
42,043,021903,1,959,+40.303250,-076.846057
42,043,021903,2,2744,+40.308683,-076.858316
42,043,021904,1,938,+40.314282,-076.877303
42,043,021904,2,834,+40.322311,-076.876808
42,043,021904,3,2583,+40.313254,-076.868069
42,043,021904,4,1768,+40.322950,-076.857292
42,043,022000,1,847,+40.295234,-076.835680
42,043,022000,2,1271,+40.290483,-076.839835
42,043,022000,3,2125,+40.291651,-076.847439
42,043,022000,4,1075,+40.281847,-076.854681
42,043,022100,1,798,+40.284488,-076.837205
42,043,022100,2,1400,+40.272656,-076.831800
42,043,022100,3,1253,+40.279188,-076.838520
42,043,022100,4,1081,+40.286829,-076.831632
42,043,022200,1,854,+40.278766,-076.851606
42,043,022200,2,1574,+40.278024,-076.845113
42,043,022200,3,846,+40.276316,-076.849915
42,043,022300,1,1095,+40.297180,-076.811806
42,043,022300,2,703,+40.288871,-076.809450
42,043,022300,3,1283,+40.287623,-076.824319
42,043,022300,4,693,+40.293069,-076.824246
42,043,022300,5,2093,+40.286631,-076.814272
42,043,022401,1,2850,+40.327690,-076.835372
42,043,022401,2,1882,+40.329643,-076.815883
42,043,022403,1,1014,+40.320354,-076.811010
42,043,022403,2,2272,+40.313723,-076.809675
42,043,022403,3,1749,+40.302222,-076.821672
42,043,022403,4,2073,+40.303103,-076.828876
42,043,022501,1,1786,+40.351757,-076.794072
42,043,022501,2,1578,+40.342047,-076.837990
42,043,022501,3,2944,+40.346475,-076.824572
42,043,022502,1,1903,+40.340222,-076.778795
42,043,022502,2,951,+40.334094,-076.785607
42,043,022502,3,801,+40.326595,-076.789335
42,043,022502,4,2003,+40.334925,-076.797398
42,043,022601,1,1746,+40.317488,-076.771982
42,043,022601,2,661,+40.316693,-076.791889
42,043,022601,3,1722,+40.311645,-076.785898
42,043,022601,4,1536,+40.301245,-076.800065
42,043,022601,5,1703,+40.295605,-076.795585
42,043,022604,1,2306,+40.303212,-076.773200
42,043,022604,2,2400,+40.288759,-076.768131
42,043,022604,3,2737,+40.300542,-076.760399
42,043,022605,1,2554,+40.289193,-076.797548
42,043,022605,2,2965,+40.283452,-076.785540
42,043,022606,1,941,+40.279815,-076.818211
42,043,022606,2,2557,+40.276419,-076.806358
42,043,022701,1,1171,+40.260971,-076.805099
42,043,022701,2,1716,+40.266565,-076.791281
42,043,022701,3,1465,+40.263438,-076.799561
42,043,022702,1,3004,+40.269813,-076.760628
42,043,022702,2,2835,+40.269714,-076.776030
42,043,022800,1,2488,+40.250645,-076.774616
42,043,022800,2,2073,+40.247663,-076.786632
42,043,022800,3,1923,+40.261236,-076.739661
42,043,022901,1,2176,+40.253840,-076.835597
42,043,022901,2,1613,+40.246142,-076.835473
42,043,022902,1,901,+40.240071,-076.812715
42,043,022902,2,794,+40.234718,-076.816658
42,043,022902,3,953,+40.228595,-076.823684
42,043,022902,4,1894,+40.241332,-076.825025
42,043,022902,5,911,+40.234837,-076.822966
42,043,023000,1,1336,+40.262719,-076.820592
42,043,023000,2,571,+40.260325,-076.824041
42,043,023100,1,1648,+40.261009,-076.834281
42,043,023300,1,1192,+40.233537,-076.834141
42,043,023300,2,1440,+40.235855,-076.838050
42,043,023300,3,872,+40.239399,-076.839566
42,043,023300,4,931,+40.239381,-076.845370
42,043,023400,1,859,+40.228958,-076.831850
42,043,023400,2,969,+40.218098,-076.809765
42,043,023500,1,951,+40.205563,-076.777416
42,043,023500,2,1790,+40.209956,-076.788350
42,043,023601,1,1591,+40.239317,-076.763858
42,043,023601,2,1290,+40.228987,-076.777657
42,043,023602,1,1828,+40.209592,-076.773595
42,043,023602,2,1905,+40.202914,-076.746648
42,043,023602,3,1876,+40.217393,-076.770623
42,043,023602,4,1041,+40.220370,-076.752026
42,043,023700,1,1459,+40.192535,-076.735916
42,043,023800,1,1677,+40.197203,-076.719384
42,043,023800,2,1405,+40.196398,-076.730974
42,043,023800,3,1021,+40.197535,-076.725944
42,043,023900,1,699,+40.205667,-076.720507
42,043,023900,2,781,+40.203518,-076.727595
42,043,023900,3,1699,+40.209089,-076.729568
42,043,023900,4,792,+40.202760,-076.734095
42,043,024001,1,744,+40.187501,-076.727382
42,043,024001,2,1842,+40.213883,-076.684752
42,043,024001,3,2833,+40.178530,-076.696524
42,043,024001,4,618,+40.177096,-076.649213
42,043,024002,1,1370,+40.214411,-076.609439
42,043,024002,2,1582,+40.227449,-076.642956
42,043,024101,1,2068,+40.276933,-076.667870
42,043,024102,1,2115,+40.265964,-076.648199
42,043,024102,2,2302,+40.264936,-076.629347
42,043,024104,1,2236,+40.237033,-076.706951
42,043,024104,2,2187,+40.247634,-076.710037
42,043,024104,3,1771,+40.245528,-076.719831
42,043,024105,1,1232,+40.247888,-076.659069
42,043,024105,2,1808,+40.248824,-076.682958
42,043,024105,3,1081,+40.258926,-076.667729
42,043,024105,4,1705,+40.269538,-076.670719
42,043,024200,1,1716,+40.295766,-076.616854
42,043,024200,2,946,+40.292927,-076.640688
42,043,024300,1,1814,+40.280753,-076.652009
42,043,024300,2,1662,+40.279132,-076.655290
42,043,024400,1,972,+40.262172,-076.710188
42,043,024400,2,624,+40.266056,-076.713511
42,043,024400,3,1530,+40.266138,-076.701976
42,043,024400,4,1490,+40.267044,-076.720206
42,043,024502,1,1676,+40.384946,-076.680360
42,043,024502,2,2623,+40.360615,-076.672630
42,043,024502,3,1720,+40.340397,-076.656505
42,043,024503,1,3382,+40.307343,-076.692610
42,043,024503,2,949,+40.306028,-076.727404
42,043,024503,3,1741,+40.287929,-076.698969
42,043,024503,4,1137,+40.281202,-076.731896
42,043,024601,1,1541,+40.327691,-076.718913
42,043,024601,2,945,+40.333380,-076.719152
42,043,024601,3,2447,+40.324915,-076.746790
42,043,024602,1,1305,+40.342018,-076.721883
42,043,024602,2,2854,+40.349180,-076.742481
42,043,024602,3,1605,+40.387452,-076.758072
42,043,024700,1,795,+40.369531,-076.930584
42,043,024700,2,2056,+40.379823,-076.968433
42,043,024700,3,565,+40.379661,-076.921659
42,043,024700,4,2655,+40.391633,-076.845933
42,043,024801,1,691,+40.506717,-076.769056
42,043,024801,2,1650,+40.500546,-076.857579
42,043,024801,3,1267,+40.461541,-076.842842
42,043,024802,1,2259,+40.482489,-076.928639
42,043,024802,2,1388,+40.437407,-076.932707
42,043,024802,3,573,+40.468360,-076.931370
42,043,024900,1,1431,+40.580704,-076.623778
42,043,024900,2,939,+40.581101,-076.618704
42,043,025000,1,1405,+40.571227,-076.695011
42,043,025000,2,846,+40.567327,-076.699940
42,043,025000,3,781,+40.567579,-076.707743
42,043,025100,1,2179,+40.616914,-076.718209
42,043,025100,2,1557,+40.608476,-076.819396
42,043,025200,1,1474,+40.562659,-076.786376
42,043,025200,2,1170,+40.551249,-076.835514
42,043,025200,3,842,+40.549016,-076.814806
42,043,025300,1,1001,+40.569736,-076.901953
42,043,025300,2,1652,+40.550779,-076.934992
42,043,025300,3,1357,+40.540777,-076.955399
42,043,025400,1,1761,+40.542131,-076.953611
42,043,025400,2,784,+40.541058,-076.961493
42,043,025500,1,1059,+40.286575,-076.894033
42,043,025500,2,1665,+40.282682,-076.892289
42,043,025500,3,1431,+40.277686,-076.890492
42,045,400301,1,932,+39.953884,-075.252714
42,045,400301,2,2589,+39.950320,-075.262667
42,045,400301,3,1421,+39.951769,-075.258252
42,045,400301,4,1973,+39.949490,-075.258291
42,045,400302,1,1838,+39.945240,-075.264718
42,045,400302,2,2329,+39.947721,-075.256063
42,045,400401,1,1468,+39.959085,-075.261036
42,045,400401,2,2329,+39.955582,-075.261579
42,045,400401,3,1707,+39.953400,-075.265212
42,045,400402,1,822,+39.959107,-075.263717
42,045,400402,2,1687,+39.956076,-075.266153
42,045,400402,3,1122,+39.957017,-075.267702
42,045,400402,4,1079,+39.954228,-075.269268
42,045,400500,1,1441,+39.964053,-075.265747
42,045,400500,2,3208,+39.966941,-075.274853
42,045,400600,1,2169,+39.962874,-075.279987
42,045,400600,2,1680,+39.965166,-075.288303
42,045,400600,3,1611,+39.969329,-075.286712
42,045,400700,1,1186,+39.962087,-075.269265
42,045,400700,2,1275,+39.960625,-075.266463
42,045,400700,3,1070,+39.957246,-075.273752
42,045,400700,4,1042,+39.960042,-075.273608
42,045,400700,5,839,+39.959420,-075.278985
42,045,400801,1,829,+39.952130,-075.269645
42,045,400801,2,1226,+39.953486,-075.274125
42,045,400802,1,971,+39.950555,-075.279400
42,045,400802,2,957,+39.947585,-075.284961
42,045,400802,3,1489,+39.944445,-075.292097
42,045,400900,1,1630,+39.950631,-075.290543
42,045,401000,1,1148,+39.951955,-075.299627
42,045,401000,2,812,+39.950983,-075.306408
42,045,401101,1,1268,+39.960574,-075.291244
42,045,401101,2,885,+39.958264,-075.290953
42,045,401101,3,942,+39.959542,-075.295726
42,045,401103,1,1053,+39.956679,-075.315603
42,045,401103,2,1419,+39.957269,-075.308974
42,045,401103,3,894,+39.953304,-075.309195
42,045,401104,1,1738,+39.958130,-075.302746
42,045,401104,2,2608,+39.963499,-075.299149
42,045,401200,1,1031,+39.951779,-075.324007
42,045,401200,2,800,+39.950922,-075.315213
42,045,401200,3,846,+39.948973,-075.312736
42,045,401200,4,993,+39.948218,-075.320182
42,045,401302,1,737,+39.946958,-075.299572
42,045,401302,2,2253,+39.943989,-075.304282
42,045,401303,1,2330,+39.946010,-075.312748
42,045,401401,1,1203,+39.941252,-075.298748
42,045,401401,2,1035,+39.937964,-075.298519
42,045,401402,1,685,+39.941127,-075.294244
42,045,401402,2,759,+39.940000,-075.292452
42,045,401402,3,1251,+39.937049,-075.292854
42,045,401402,4,1410,+39.937000,-075.289664
42,045,401502,1,1425,+39.922764,-075.306949
42,045,401502,2,940,+39.920014,-075.303521
42,045,401502,3,1185,+39.914872,-075.307676
42,045,401502,4,709,+39.916501,-075.299884
42,045,401503,1,1573,+39.935763,-075.305237
42,045,401503,2,1914,+39.930478,-075.308637
42,045,401600,1,831,+39.928891,-075.278935
42,045,401600,2,985,+39.925991,-075.274587
42,045,401700,1,2714,+39.943892,-075.260725
42,045,401800,1,1409,+39.948559,-075.272361
42,045,401800,2,1021,+39.946668,-075.268904
42,045,401800,3,1502,+39.941539,-075.269308
42,045,401900,1,868,+39.945123,-075.279893
42,045,401900,2,884,+39.940207,-075.284814
42,045,401900,3,1020,+39.943340,-075.285707
42,045,401900,4,1874,+39.939592,-075.277914
42,045,402000,1,1419,+39.936068,-075.269305
42,045,402000,2,1110,+39.935445,-075.278511
42,045,402100,1,2133,+39.933072,-075.247405
42,045,402100,2,765,+39.938526,-075.253100
42,045,402100,3,1985,+39.930756,-075.250398
42,045,402100,4,1070,+39.938830,-075.245564
42,045,402200,1,2422,+39.932906,-075.264823
42,045,402300,1,2010,+39.921620,-075.251118
42,045,402300,2,1662,+39.925966,-075.248797
42,045,402400,1,1401,+39.918045,-075.250138
42,045,402400,2,1008,+39.915793,-075.254447
42,045,402400,3,1142,+39.914853,-075.258219
42,045,402500,1,1302,+39.920523,-075.260317
42,045,402500,2,1487,+39.921184,-075.255872
42,045,402500,3,813,+39.917335,-075.259707
42,045,402600,1,2183,+39.925103,-075.263336
42,045,402600,2,1379,+39.922112,-075.268289
42,045,402700,1,1352,+39.913996,-075.251955
42,045,402700,2,1122,+39.910084,-075.254810
42,045,402800,1,2001,+39.911811,-075.264395
42,045,402800,2,1597,+39.907762,-075.268281
42,045,402800,3,1086,+39.903396,-075.274119
42,045,402800,4,1330,+39.906814,-075.276282
42,045,402900,1,1015,+39.899466,-075.267232
42,045,402900,2,1002,+39.894148,-075.269376
42,045,402900,3,1340,+39.897958,-075.269109
42,045,403001,1,1387,+39.907990,-075.299178
42,045,403001,2,1652,+39.909804,-075.302471
42,045,403002,1,1250,+39.913997,-075.296790
42,045,403002,2,1573,+39.912397,-075.292401
42,045,403101,1,1103,+39.909669,-075.280868
42,045,403101,2,1330,+39.916163,-075.285820
42,045,403101,3,1141,+39.912568,-075.282863
42,045,403103,1,1754,+39.918851,-075.273993
42,045,403103,2,1085,+39.916186,-075.278096
42,045,403104,1,1063,+39.915062,-075.266999
42,045,403104,2,1432,+39.913318,-075.273963
42,045,403200,1,2416,+39.924266,-075.284156
42,045,403200,2,1828,+39.919990,-075.292228
42,045,403300,1,1553,+39.929909,-075.290927
42,045,403300,2,2086,+39.931971,-075.299568
42,045,403300,3,892,+39.928995,-075.302369
42,045,403300,4,2332,+39.926250,-075.296683
42,045,403401,1,1229,+39.903244,-075.280025
42,045,403401,2,1819,+39.894368,-075.281945
42,045,403402,1,1508,+39.888316,-075.282297
42,045,403402,2,2236,+39.885580,-075.284652
42,045,403501,1,1570,+39.901587,-075.284612
42,045,403501,2,1441,+39.894327,-075.289176
42,045,403501,3,1228,+39.898503,-075.290935
42,045,403502,1,1241,+39.904743,-075.294697
42,045,403502,2,990,+39.902006,-075.296284
42,045,403502,3,753,+39.898099,-075.299987
42,045,403601,1,2368,+39.887936,-075.296519
42,045,403601,2,1728,+39.893675,-075.301068
42,045,403602,1,1210,+39.881977,-075.293563
42,045,403602,2,637,+39.881110,-075.297503
42,045,403701,1,1693,+39.870502,-075.285632
42,045,403701,2,19,+39.862890,-075.289020
42,045,403702,1,591,+39.868836,-075.296956
42,045,403702,2,1680,+39.862959,-075.299365
42,045,403800,1,1504,+39.892191,-075.309031
42,045,403800,2,1391,+39.887142,-075.304741
42,045,403800,3,738,+39.879941,-075.302661
42,045,403800,4,790,+39.879269,-075.307172
42,045,403800,5,1287,+39.883593,-075.309768
42,045,403800,6,717,+39.888426,-075.313082
42,045,403901,1,1931,+39.880397,-075.318152
42,045,403901,2,1581,+39.874039,-075.324906
42,045,403902,1,2328,+39.883890,-075.323172
42,045,403902,2,1346,+39.875875,-075.333213
42,045,404003,1,2216,+39.910462,-075.308704
42,045,404004,1,1541,+39.908430,-075.317458
42,045,404004,2,2488,+39.904397,-075.314356
42,045,404004,3,841,+39.896886,-075.308653
42,045,404004,4,1594,+39.901279,-075.308652
42,045,404101,1,1918,+39.888923,-075.337003
42,045,404101,2,1843,+39.885198,-075.343025
42,045,404101,3,1191,+39.887090,-075.350323
42,045,404101,4,1486,+39.879668,-075.350299
42,045,404102,1,957,+39.882013,-075.334648
42,045,404102,2,1229,+39.876327,-075.340485
42,045,404102,3,992,+39.874023,-075.345874
42,045,404102,4,1288,+39.869985,-075.337933
42,045,404102,5,699,+39.868700,-075.348691
42,045,404103,1,1895,+39.876370,-075.311718
42,045,404103,2,1566,+39.874101,-075.316380
42,045,404300,1,772,+39.862666,-075.344982
42,045,404300,2,0,+39.856455,-075.332637
42,045,404300,3,1687,+39.859088,-075.343280
42,045,404400,1,658,+39.870228,-075.359562
42,045,404400,2,788,+39.866598,-075.357784
42,045,404500,1,1242,+39.867214,-075.363674
42,045,404500,2,1017,+39.864877,-075.366915
42,045,404500,3,724,+39.866620,-075.369850
42,045,404500,4,1737,+39.869233,-075.368985
42,045,404600,1,910,+39.860732,-075.368407
42,045,404600,2,797,+39.862204,-075.371196
42,045,404600,3,620,+39.863049,-075.374177
42,045,404700,1,2060,+39.862237,-075.355271
42,045,404700,2,1196,+39.858608,-075.363636
42,045,404800,1,745,+39.860654,-075.349917
42,045,404800,2,1329,+39.856958,-075.351308
42,045,404900,1,553,+39.855957,-075.358543
42,045,404900,2,659,+39.855911,-075.356088
42,045,405000,1,696,+39.848595,-075.368412
42,045,405000,2,1303,+39.851666,-075.366684
42,045,405100,1,891,+39.848517,-075.375284
42,045,405100,2,1279,+39.845070,-075.375432
42,045,405200,1,566,+39.846383,-075.382969
42,045,405200,2,689,+39.841843,-075.386273
42,045,405200,3,1656,+39.840853,-075.381864
42,045,405300,1,2940,+39.839924,-075.396338
42,045,405400,1,1776,+39.836240,-075.400832
42,045,405400,2,650,+39.834493,-075.395654
42,045,406100,1,870,+39.869962,-075.377387
42,045,406100,2,1451,+39.865135,-075.378194
42,045,406201,1,906,+39.871763,-075.383736
42,045,406201,2,962,+39.865187,-075.385167
42,045,406201,3,1346,+39.862831,-075.389415
42,045,406202,1,1303,+39.878415,-075.388769
42,045,406202,2,814,+39.872122,-075.396074
42,045,406202,3,1633,+39.868747,-075.400631
42,045,406202,4,1336,+39.883032,-075.390888
42,045,406300,1,2436,+39.856193,-075.382569
42,045,406300,2,632,+39.858396,-075.373046
42,045,406401,1,1004,+39.855506,-075.392583
42,045,406401,2,1664,+39.853412,-075.394384
42,045,406402,1,1385,+39.843849,-075.392681
42,045,406402,2,27,+39.849779,-075.402858
42,045,406500,1,1975,+39.831629,-075.405406
42,045,406500,2,1,+39.819235,-075.402729
42,045,406600,1,2454,+39.819786,-075.414960
42,045,406600,2,0,+39.809320,-075.420320
42,045,406700,1,2127,+39.827391,-075.420445
42,045,406700,2,1298,+39.823297,-075.428331
42,045,406801,1,2360,+39.854288,-075.441016
42,045,406801,2,1987,+39.842819,-075.435601
42,045,406802,1,1998,+39.828027,-075.444425
42,045,406802,2,2317,+39.833701,-075.428036
42,045,406804,1,2322,+39.836178,-075.458253
42,045,406804,2,2242,+39.828426,-075.462523
42,045,406805,1,1696,+39.847189,-075.455698
42,045,406805,2,1976,+39.839616,-075.446434
42,045,406902,1,2139,+39.870499,-075.418888
42,045,406902,2,2380,+39.862330,-075.405829
42,045,406902,3,1390,+39.862350,-075.421128
42,045,406903,1,1675,+39.858978,-075.433788
42,045,406903,2,1919,+39.865606,-075.435193
42,045,406903,3,1490,+39.868141,-075.443726
42,045,406904,1,2962,+39.880460,-075.438522
42,045,406904,2,2836,+39.880192,-075.453980
42,045,407000,1,1621,+39.897940,-075.480894
42,045,407000,2,1276,+39.884338,-075.465638
42,045,407101,1,1376,+39.883017,-075.415573
42,045,407101,2,2448,+39.895849,-075.423459
42,045,407102,1,1230,+39.904286,-075.404802
42,045,407102,2,814,+39.895140,-075.398705
42,045,407102,3,1062,+39.887630,-075.395033
42,045,407201,1,843,+39.913836,-075.471316
42,045,407201,2,2165,+39.916943,-075.449381
42,045,407201,3,1656,+39.921405,-075.422908
42,045,407201,4,977,+39.925510,-075.440822
42,045,407202,1,2814,+39.908303,-075.429334
42,045,407202,2,988,+39.899427,-075.443266
42,045,407401,1,1380,+39.908493,-075.382249
42,045,407401,2,2760,+39.913991,-075.369778
42,045,407404,1,3060,+39.888124,-075.361676
42,045,407501,1,1296,+39.924953,-075.388591
42,045,407501,2,1206,+39.921429,-075.387753
42,045,407502,1,1662,+39.915768,-075.385485
42,045,407502,2,1737,+39.917057,-075.394946
42,045,407600,1,905,+39.900359,-075.341906
42,045,407600,2,1233,+39.909347,-075.346481
42,045,407600,3,1185,+39.900493,-075.347821
42,045,407600,4,114,+39.890770,-075.354121
42,045,407600,5,1324,+39.893935,-075.349133
42,045,407600,6,1896,+39.903466,-075.354680
42,045,407700,1,1642,+39.913604,-075.325408
42,045,407700,2,1136,+39.907814,-075.328178
42,045,407801,1,1308,+39.925525,-075.349126
42,045,407801,2,1167,+39.919697,-075.343124
42,045,407801,3,816,+39.917667,-075.340628
42,045,407801,4,1258,+39.928435,-075.356920
42,045,407802,1,1921,+39.947098,-075.337401
42,045,407802,2,1790,+39.938502,-075.334583
42,045,407802,3,823,+39.929270,-075.336469
42,045,407802,4,1023,+39.932166,-075.339985
42,045,407802,5,1228,+39.936302,-075.347181
42,045,407803,1,838,+39.927035,-075.315355
42,045,407803,2,1268,+39.924946,-075.330216
42,045,407803,3,1151,+39.922824,-075.334240
42,045,407803,4,2341,+39.927911,-075.325658
42,045,407804,1,2648,+39.934022,-075.321370
42,045,407804,2,1991,+39.938939,-075.316178
42,045,407805,1,819,+39.918968,-075.316200
42,045,407805,2,893,+39.918026,-075.322495
42,045,407806,1,1007,+39.912038,-075.335617
42,045,407806,2,666,+39.902915,-075.336463
42,045,407901,1,916,+39.942041,-075.384459
42,045,407901,2,2455,+39.941950,-075.410004
42,045,407901,3,878,+39.953048,-075.411579
42,045,407902,1,1346,+39.911128,-075.393282
42,045,407902,2,1671,+39.927477,-075.396526
42,045,407903,1,1754,+39.932426,-075.384232
42,045,407903,2,1832,+39.927782,-075.377271
42,045,408001,1,1104,+39.980330,-075.366629
42,045,408001,2,1531,+39.971246,-075.368372
42,045,408001,3,1626,+39.978333,-075.376204
42,045,408001,4,954,+39.969522,-075.379936
42,045,408001,5,1159,+39.971115,-075.390589
42,045,408002,1,1488,+39.942908,-075.360037
42,045,408002,2,1881,+39.956748,-075.366390
42,045,408002,3,1253,+39.960006,-075.383744
42,045,408101,1,2740,+39.988548,-075.366562
42,045,408101,2,2416,+39.984889,-075.349059
42,045,408102,1,1063,+39.977395,-075.359966
42,045,408102,2,1086,+39.977281,-075.354663
42,045,408102,3,652,+39.973483,-075.352348
42,045,408102,4,756,+39.968951,-075.352305
42,045,408103,1,2151,+39.968074,-075.340175
42,045,408103,2,73,+39.952467,-075.346171
42,045,408103,3,2281,+39.962729,-075.349085
42,045,408300,1,2040,+40.007762,-075.306580
42,045,408300,2,1568,+40.008481,-075.321735
42,045,408300,3,1178,+40.015287,-075.314663
42,045,408400,1,2192,+39.998700,-075.338115
42,045,408500,1,1201,+39.983374,-075.332320
42,045,408500,2,1188,+39.979880,-075.328007
42,045,408500,3,1006,+39.978506,-075.325520
42,045,408500,4,863,+39.976737,-075.322821
42,045,408600,1,825,+39.990270,-075.319295
42,045,408600,2,633,+39.986876,-075.313770
42,045,408600,3,894,+39.984398,-075.313956
42,045,408600,4,1277,+39.987609,-075.325201
42,045,408700,1,1553,+39.992188,-075.311660
42,045,408700,2,2075,+39.987802,-075.303854
42,045,408700,3,1416,+39.992101,-075.301486
42,045,408800,1,1192,+39.990900,-075.290236
42,045,408800,2,2328,+40.000814,-075.300386
42,045,408800,3,1563,+39.996574,-075.299647
42,045,408900,1,1519,+39.983544,-075.288711
42,045,408900,2,1579,+39.977395,-075.285408
42,045,409000,1,1509,+39.974617,-075.291077
42,045,409000,2,1162,+39.972070,-075.299038
42,045,409000,3,1114,+39.975582,-075.297950
42,045,409100,1,959,+39.984379,-075.297489
42,045,409100,2,967,+39.982301,-075.307168
42,045,409100,3,2272,+39.979778,-075.300602
42,045,409200,1,1303,+39.979016,-075.313360
42,045,409200,2,1163,+39.975338,-075.315816
42,045,409200,3,1728,+39.973196,-075.308244
42,045,409300,1,1098,+39.970229,-075.314556
42,045,409300,2,1377,+39.966009,-075.309424
42,045,409400,1,1530,+39.971193,-075.331842
42,045,409400,2,1377,+39.971541,-075.325235
42,045,409500,1,1488,+39.965864,-075.325046
42,045,409500,2,1011,+39.960974,-075.319335
42,045,409500,3,1414,+39.959194,-075.327738
42,045,409500,4,869,+39.955487,-075.327723
42,045,409601,1,1129,+40.023919,-075.350699
42,045,409601,2,1400,+40.021074,-075.341786
42,045,409601,3,2401,+40.012070,-075.336529
42,045,409602,1,1248,+40.026530,-075.331952
42,045,409602,2,1333,+40.031398,-075.341468
42,045,409602,3,1081,+40.021047,-075.326999
42,045,409602,4,967,+40.027926,-075.339635
42,045,409701,1,1450,+40.029715,-075.374208
42,045,409701,2,2535,+40.033578,-075.350210
42,045,409701,3,0,+40.040692,-075.357303
42,045,409701,4,1050,+39.999979,-075.368002
42,045,409701,5,1944,+40.012720,-075.372989
42,045,409701,6,1528,+40.041235,-075.344946
42,045,409803,1,1856,+40.039041,-075.406942
42,045,409803,2,984,+40.040187,-075.386646
42,045,409803,3,1873,+40.038902,-075.397956
42,045,409803,4,1007,+40.049379,-075.386648
42,045,409803,5,1562,+40.045610,-075.391977
42,045,409804,1,2053,+40.053938,-075.374259
42,045,409804,2,1178,+40.039832,-075.375383
42,045,409804,3,1252,+40.057423,-075.361730
42,045,409804,4,1444,+40.045711,-075.372020
42,045,409902,1,2631,+39.979861,-075.391284
42,045,409902,2,1472,+39.979962,-075.415069
42,045,409902,3,1757,+39.975526,-075.406503
42,045,409903,1,1298,+39.995438,-075.394049
42,045,409903,2,1006,+39.989843,-075.392960
42,045,409903,3,1677,+39.988193,-075.379932
42,045,409904,1,2754,+40.008262,-075.401928
42,045,409904,2,2407,+39.996150,-075.420741
42,045,410000,1,1845,+39.944580,-075.479386
42,045,410000,2,1718,+39.968873,-075.436478
42,045,410000,3,655,+39.949519,-075.465964
42,045,410000,4,65,+39.953404,-075.448157
42,045,410101,1,564,+39.932176,-075.526149
42,045,410101,2,2022,+39.939139,-075.508036
42,045,410101,3,1349,+39.917443,-075.505700
42,045,410102,1,1539,+39.899645,-075.546464
42,045,410102,2,1430,+39.914953,-075.533835
42,045,410200,1,2016,+39.870204,-075.551745
42,045,410200,2,859,+39.883958,-075.568385
42,045,410200,3,1097,+39.858236,-075.571227
42,045,410303,1,1849,+39.881773,-075.501415
42,045,410303,2,1255,+39.892696,-075.490823
42,045,410303,3,1706,+39.870518,-075.482455
42,045,410304,1,1295,+39.848053,-075.542924
42,045,410304,2,1075,+39.862252,-075.504328
42,045,410304,3,2683,+39.851457,-075.526079
42,045,410305,1,1084,+39.866105,-075.525732
42,045,410305,2,1187,+39.862816,-075.537359
42,045,410305,3,22,+39.880206,-075.534352
42,045,410305,4,1859,+39.878786,-075.529373
42,045,410305,5,776,+39.876925,-075.518059
42,045,410306,1,1039,+39.901128,-075.500672
42,045,410306,2,1280,+39.902132,-075.514485
42,045,410306,3,1107,+39.895234,-075.518171
42,045,410401,1,2910,+39.855407,-075.476347
42,045,410402,1,3207,+39.836118,-075.480255
42,045,410403,1,2311,+39.839858,-075.519369
42,045,410403,2,1146,+39.847313,-075.501943
42,045,410500,1,1212,+39.963865,-075.252978
42,045,410500,2,1159,+39.960506,-075.253037
42,045,410500,3,931,+39.960054,-075.256830
42,045,410500,4,881,+39.955966,-075.256512
42,045,410500,5,1136,+39.958639,-075.253913
42,045,410601,1,1473,+39.889647,-075.320421
42,045,410601,2,1091,+39.894731,-075.319910
42,045,410601,3,745,+39.890899,-075.326753
42,045,410602,1,1778,+39.897973,-075.331922
42,045,410602,2,1150,+39.893008,-075.328563
42,045,410602,3,782,+39.900976,-075.327180
42,045,410602,4,1072,+39.900744,-075.323295
42,045,410700,1,64,+39.844012,-075.361416
42,045,410700,2,866,+39.830811,-075.392665
42,045,410700,3,1015,+39.841253,-075.373523
42,045,410700,4,963,+39.844876,-075.366405
42,045,410700,5,1106,+39.835435,-075.384785
42,045,410700,6,1110,+39.851229,-075.351493
42,045,410800,1,1378,+39.878924,-075.367965
42,045,410800,2,832,+39.876665,-075.370626
42,045,410800,3,1912,+39.878705,-075.379551
42,045,410800,4,1017,+39.895050,-075.385327
42,045,410800,5,1091,+39.897365,-075.377161
42,045,410800,6,1384,+39.886390,-075.375804
42,045,410800,7,728,+39.879675,-075.376454
42,045,980000,1,0,+39.864627,-075.252779
42,045,980100,1,1953,+40.034951,-075.340145
42,045,980200,1,0,+40.047508,-075.356623
42,045,980300,1,78,+39.891590,-075.525804
42,047,950100,1,1573,+41.574237,-078.676822
42,047,950200,1,1269,+41.453240,-078.697125
42,047,950200,2,1147,+41.433726,-078.753793
42,047,950200,3,699,+41.500681,-078.880523
42,047,950400,1,1092,+41.430110,-078.724217
42,047,950400,2,975,+41.422164,-078.738496
42,047,950400,3,1241,+41.418396,-078.729354
42,047,950400,4,731,+41.430723,-078.742928
42,047,950500,1,891,+41.488792,-078.670513
42,047,950500,2,675,+41.486829,-078.681473
42,047,950500,3,838,+41.500051,-078.686373
42,047,950900,1,996,+41.305090,-078.455465
42,047,950900,2,1183,+41.280558,-078.508593
42,047,951000,1,1460,+41.345616,-078.618181
42,047,951000,2,1046,+41.351736,-078.565658
42,047,951000,3,1070,+41.368982,-078.612072
42,047,951000,4,727,+41.304257,-078.712129
42,047,951000,5,639,+41.256375,-078.716071
42,047,951100,1,2144,+41.430172,-078.580974
42,047,951100,2,1891,+41.435701,-078.570752
42,047,951100,3,1518,+41.439029,-078.559098
42,047,951200,1,2005,+41.450936,-078.530011
42,047,951300,1,1951,+41.410750,-078.543565
42,047,951300,2,1138,+41.416906,-078.492488
42,047,951300,3,1131,+41.422215,-078.555911
42,047,951300,4,960,+41.423076,-078.541682
42,049,000100,1,703,+42.126858,-080.085273
42,049,000100,2,1021,+42.126707,-080.080957
42,049,000200,1,1053,+42.119467,-080.121317
42,049,000200,2,1228,+42.115149,-080.127377
42,049,000200,3,697,+42.109347,-080.126653
42,049,000200,4,731,+42.112989,-080.133017
42,049,000300,1,1539,+42.125026,-080.105461
42,049,000300,2,1339,+42.128980,-080.092172
42,049,000300,3,806,+42.130159,-080.097369
42,049,000400,1,1581,+42.136938,-080.073694
42,049,000400,2,596,+42.134179,-080.081980
42,049,000500,1,976,+42.140826,-080.061613
42,049,000500,2,1335,+42.137629,-080.057861
42,049,000500,3,748,+42.134389,-080.057158
42,049,000600,1,1209,+42.147678,-080.045621
42,049,000600,2,2016,+42.142446,-080.041216
42,049,000700,1,1141,+42.135016,-080.068083
42,049,000700,2,1296,+42.131760,-080.065663
42,049,000800,1,654,+42.132976,-080.073866
42,049,000800,2,801,+42.129411,-080.071623
42,049,000800,3,1179,+42.128819,-080.077431
42,049,000901,1,1455,+42.121974,-080.101380
42,049,000901,2,985,+42.119949,-080.107547
42,049,000902,1,1533,+42.126333,-080.090318
42,049,000902,2,1100,+42.124264,-080.095295
42,049,001000,1,658,+42.122325,-080.091826
42,049,001000,2,696,+42.118932,-080.100144
42,049,001000,3,588,+42.116478,-080.105658
42,049,001000,4,1316,+42.115683,-080.111808
42,049,001100,1,1389,+42.100900,-080.118087
42,049,001100,2,1301,+42.103398,-080.105959
42,049,001200,1,1247,+42.116111,-080.086977
42,049,001200,2,1100,+42.113010,-080.095504
42,049,001300,1,671,+42.122236,-080.062499
42,049,001300,2,1049,+42.121591,-080.073201
42,049,001400,1,939,+42.127203,-080.067654
42,049,001400,2,565,+42.124050,-080.067319
42,049,001500,1,1685,+42.134987,-080.032025
42,049,001500,2,1074,+42.127863,-080.046940
42,049,001600,1,814,+42.128748,-080.014418
42,049,001600,2,1060,+42.126963,-080.037198
42,049,001600,3,1191,+42.130701,-080.030770
42,049,001600,4,897,+42.134018,-080.020522
42,049,001700,1,673,+42.122088,-080.049525
42,049,001700,2,981,+42.121149,-080.055034
42,049,001700,3,1021,+42.119606,-080.059306
42,049,001800,1,1106,+42.115700,-080.069970
42,049,001800,2,933,+42.118421,-080.064138
42,049,001900,1,546,+42.113359,-080.077110
42,049,001900,2,1055,+42.112894,-080.081822
42,049,002000,1,1979,+42.108552,-080.092361
42,049,002000,2,727,+42.107433,-080.099327
42,049,002000,3,587,+42.104407,-080.097631
42,049,002100,1,837,+42.096421,-080.106862
42,049,002100,2,1011,+42.091289,-080.104992
42,049,002100,3,1043,+42.088336,-080.113090
42,049,002100,4,686,+42.093215,-080.115871
42,049,002200,1,1432,+42.100839,-080.095520
42,049,002200,2,799,+42.096087,-080.092156
42,049,002200,3,689,+42.094247,-080.097177
42,049,002200,4,790,+42.098747,-080.100494
42,049,002300,1,1787,+42.103196,-080.088721
42,049,002300,2,785,+42.098833,-080.085758
42,049,002400,1,886,+42.105259,-080.082448
42,049,002400,2,966,+42.107728,-080.078577
42,049,002400,3,1135,+42.105655,-080.074604
42,049,002500,1,778,+42.112644,-080.066924
42,049,002500,2,1642,+42.109786,-080.065425
42,049,002600,1,1337,+42.118845,-080.046739
42,049,002600,2,1112,+42.116816,-080.051877
42,049,002600,3,872,+42.114670,-080.056226
42,049,002600,4,728,+42.113715,-080.060519
42,049,002700,1,1317,+42.118613,-080.009901
42,049,002700,2,1116,+42.115262,-080.019301
42,049,002700,3,1065,+42.113036,-080.027025
42,049,002700,4,842,+42.110306,-080.034418
42,049,002700,5,709,+42.116947,-080.041526
42,049,002700,6,1502,+42.118605,-080.034493
42,049,002800,1,1328,+42.111496,-080.048262
42,049,002800,2,720,+42.108091,-080.040852
42,049,002800,3,1211,+42.105672,-080.047558
42,049,002800,4,1871,+42.103087,-080.054276
42,049,002800,5,778,+42.105625,-080.065734
42,049,002800,6,769,+42.107213,-080.059147
42,049,002900,1,1348,+42.099580,-080.068570
42,049,002900,2,1423,+42.091099,-080.077693
42,049,003000,1,746,+42.091705,-080.088051
42,049,003000,2,750,+42.088376,-080.092885
42,049,003000,3,1571,+42.085298,-080.100121
42,049,003000,4,880,+42.082960,-080.109502
42,049,010101,1,1383,+41.945370,-080.463759
42,049,010101,2,968,+41.989222,-080.425387
42,049,010101,3,725,+41.963149,-080.415083
42,049,010103,1,1057,+41.902435,-080.421102
42,049,010103,2,855,+41.871873,-080.412678
42,049,010104,1,829,+41.868732,-080.286034
42,049,010104,2,1527,+41.908133,-080.327804
42,049,010107,1,782,+41.892860,-080.363173
42,049,010107,2,746,+41.887886,-080.362788
42,049,010108,1,2279,+41.876421,-080.361074
42,049,010201,1,1718,+42.020989,-080.348820
42,049,010201,2,2137,+42.005973,-080.317123
42,049,010201,3,1223,+42.012229,-080.341683
42,049,010201,4,856,+42.003117,-080.327088
42,049,010202,1,1022,+41.953711,-080.318039
42,049,010202,2,1443,+41.984823,-080.349878
42,049,010202,3,1000,+42.028330,-080.323129
42,049,010202,4,1840,+42.005986,-080.291057
42,049,010301,1,1788,+42.023897,-080.134689
42,049,010301,2,1458,+41.983706,-080.101091
42,049,010301,3,1667,+41.991468,-080.157430
42,049,010303,1,1364,+42.045644,-080.200460
42,049,010303,2,2612,+42.016479,-080.253062
42,049,010303,3,2331,+42.034682,-080.241362
42,049,010304,1,1553,+42.057250,-080.258911
42,049,010304,2,1499,+42.074704,-080.223529
42,049,010304,3,1016,+42.066304,-080.218831
42,049,010304,4,763,+42.051607,-080.248153
42,049,010400,1,1529,+42.078914,-080.189212
42,049,010400,2,2052,+42.088131,-080.188930
42,049,010400,3,1137,+42.090021,-080.176796
42,049,010500,1,1854,+42.098131,-080.159194
42,049,010500,2,598,+42.094649,-080.153092
42,049,010500,3,874,+42.101480,-080.167855
42,049,010500,4,758,+42.105769,-080.158958
42,049,010700,1,1292,+42.090377,-080.128508
42,049,010700,2,868,+42.084414,-080.122655
42,049,010700,3,1687,+42.082386,-080.131123
42,049,010800,1,1469,+42.085254,-080.145286
42,049,010800,2,838,+42.076133,-080.156940
42,049,010800,3,1224,+42.078422,-080.144053
42,049,010902,1,1014,+42.073747,-080.163541
42,049,010902,2,828,+42.073953,-080.174740
42,049,010902,3,1518,+42.068570,-080.171596
42,049,010902,4,978,+42.064304,-080.189083
42,049,010903,1,2228,+42.066147,-080.143807
42,049,010903,2,2126,+42.074454,-080.130267
42,049,010903,3,2500,+42.061943,-080.129486
42,049,010904,1,1732,+42.045180,-080.158247
42,049,010904,2,1687,+42.059099,-080.160408
42,049,010904,3,1713,+42.044939,-080.178719
42,049,011001,1,1779,+42.082473,-080.082651
42,049,011001,2,1173,+42.079255,-080.075428
42,049,011001,3,1647,+42.073738,-080.074188
42,049,011001,4,984,+42.071487,-080.088895
42,049,011001,5,1205,+42.064437,-080.086053
42,049,011002,1,2177,+42.078725,-080.098970
42,049,011002,2,989,+42.061667,-080.102157
42,049,011002,3,1415,+42.073643,-080.116952
42,049,011101,1,2667,+42.097457,-080.031006
42,049,011101,2,1650,+42.111884,-080.011246
42,049,011101,3,1098,+42.101592,-080.013604
42,049,011102,1,2314,+42.082474,-080.061536
42,049,011102,2,1066,+42.094423,-080.044894
42,049,011201,1,1494,+42.082456,-079.987730
42,049,011201,2,1305,+42.081785,-079.934300
42,049,011201,3,1679,+42.040192,-079.955460
42,049,011202,1,1477,+42.040971,-080.097393
42,049,011202,2,1602,+42.067667,-080.050751
42,049,011202,3,2124,+42.024645,-080.061859
42,049,011202,4,1047,+42.052507,-080.026266
42,049,011202,5,1092,+42.043800,-080.063683
42,049,011300,1,732,+42.141306,-080.016850
42,049,011300,2,1796,+42.137335,-080.013135
42,049,011300,3,694,+42.132189,-080.008397
42,049,011400,1,971,+42.153803,-080.030981
42,049,011400,2,1035,+42.155083,-080.014700
42,049,011400,3,1814,+42.149380,-080.014732
42,049,011503,1,1491,+42.167246,-080.006452
42,049,011503,2,861,+42.159137,-080.004953
42,049,011503,3,1384,+42.164999,-079.992026
42,049,011508,1,1338,+42.142447,-079.998780
42,049,011508,2,708,+42.147087,-079.986060
42,049,011508,3,1389,+42.133564,-079.982181
42,049,011508,4,941,+42.135322,-079.996238
42,049,011508,5,706,+42.128738,-079.995527
42,049,011509,1,1189,+42.173654,-079.972023
42,049,011509,2,1492,+42.191636,-079.932455
42,049,011510,1,894,+42.119784,-079.933788
42,049,011510,2,1278,+42.146897,-079.955504
42,049,011510,3,914,+42.162918,-079.929555
42,049,011511,1,1890,+42.117816,-079.985411
42,049,011511,2,160,+42.126407,-079.972280
42,049,011600,1,709,+42.216749,-079.840268
42,049,011600,2,669,+42.220200,-079.827600
42,049,011600,3,925,+42.215050,-079.830454
42,049,011600,4,845,+42.211831,-079.840161
42,049,011600,5,958,+42.208076,-079.831582
42,049,011701,1,1503,+42.214531,-079.854766
42,049,011701,2,1407,+42.239702,-079.815563
42,049,011702,1,1129,+42.186345,-079.860200
42,049,011702,2,1183,+42.207853,-079.820152
42,049,011702,3,1309,+42.186522,-079.798512
42,049,011702,4,1016,+42.136962,-079.845298
42,049,011702,5,785,+42.102308,-079.839551
42,049,011801,1,808,+42.067531,-079.843557
42,049,011801,2,581,+42.008741,-079.802294
42,049,011801,3,1220,+42.029492,-079.860197
42,049,011802,1,1481,+41.889834,-079.689637
42,049,011802,2,1540,+41.951079,-079.688453
42,049,011900,1,908,+41.929851,-079.625711
42,049,011900,2,1122,+41.915116,-079.643858
42,049,011900,3,1366,+41.929359,-079.641621
42,049,011900,4,1048,+41.926655,-079.650530
42,049,011900,5,706,+41.922991,-079.641180
42,049,011900,6,1060,+41.917433,-079.630343
42,049,012001,1,985,+41.968990,-079.832290
42,049,012001,2,704,+41.912170,-079.845914
42,049,012001,3,837,+41.879905,-079.822672
42,049,012002,1,878,+41.903052,-079.842030
42,049,012002,2,951,+41.895270,-079.841704
42,049,012002,3,509,+41.898526,-079.851414
42,049,012002,4,589,+41.893307,-079.851816
42,049,012100,1,2259,+41.956758,-080.018963
42,049,012100,2,1656,+41.955740,-079.947247
42,049,012100,3,1476,+41.945356,-079.983482
42,049,012100,4,1003,+41.894187,-079.962188
42,049,012100,5,1044,+41.868481,-079.969924
42,049,012201,1,923,+41.928753,-080.233537
42,049,012201,2,1088,+41.928190,-080.165835
42,049,012201,3,982,+41.914331,-080.093590
42,049,012201,4,1105,+41.891773,-080.150486
42,049,012201,5,1803,+41.868942,-080.122646
42,049,012202,1,586,+41.882840,-080.142770
42,049,012202,2,1404,+41.883042,-080.117844
42,049,012202,3,1223,+41.870099,-080.117974
42,049,012202,4,620,+41.872500,-080.129404
42,049,012202,5,665,+41.872199,-080.136360
42,049,012202,6,466,+41.865852,-080.121096
42,049,012400,0,0,+42.139507,-080.112919
42,049,012400,1,1405,+42.108376,-080.140250
42,049,990000,0,0,+42.254101,-080.169990
42,051,260100,1,1024,+40.126777,-079.866984
42,051,260100,2,1355,+40.117823,-079.843243
42,051,260100,3,1574,+40.122503,-079.835744
42,051,260100,4,1467,+40.100675,-079.824735
42,051,260200,1,1146,+40.090998,-079.765788
42,051,260200,2,1192,+40.073063,-079.743512
42,051,260200,3,1705,+40.086511,-079.752954
42,051,260300,1,1770,+40.095569,-079.578263
42,051,260300,2,1698,+40.072970,-079.634018
42,051,260401,1,1105,+40.108863,-079.532949
42,051,260401,2,1210,+40.071259,-079.559828
42,051,260402,1,1216,+40.124834,-079.464075
42,051,260402,2,1618,+40.038877,-079.553104
42,051,260402,3,1591,+40.080267,-079.510814
42,051,260500,1,1160,+39.973635,-079.476657
42,051,260500,2,1806,+40.054230,-079.380529
42,051,260500,3,1243,+40.053037,-079.436146
42,051,260500,4,1572,+39.989769,-079.430666
42,051,260600,1,1300,+40.033741,-079.583596
42,051,260600,2,776,+40.013134,-079.560841
42,051,260600,3,1917,+39.997100,-079.585681
42,051,260700,1,981,+40.010937,-079.599679
42,051,260700,2,917,+40.008872,-079.590187
42,051,260700,3,1521,+40.009727,-079.585512
42,051,260800,1,572,+40.017448,-079.600821
42,051,260800,2,1607,+40.022886,-079.590083
42,051,260800,3,1433,+40.019429,-079.581872
42,051,260900,1,1368,+39.982637,-079.670151
42,051,260900,2,1758,+40.004808,-079.629266
42,051,260900,3,1233,+40.028338,-079.620350
42,051,261000,1,1357,+40.020224,-079.750974
42,051,261000,2,1021,+39.992352,-079.717390
42,051,261100,1,1137,+40.037557,-079.820758
42,051,261100,2,1380,+40.073576,-079.845194
42,051,261200,1,894,+40.021195,-079.882094
42,051,261200,2,1308,+40.016385,-079.896221
42,051,261300,1,2007,+40.000578,-079.988714
42,051,261300,2,936,+39.989140,-079.956183
42,051,261300,3,1074,+39.954051,-079.908617
42,051,261300,4,1111,+39.998531,-079.897219
42,051,261300,5,975,+40.013548,-079.886129
42,051,261401,1,1106,+39.965569,-079.877443
42,051,261401,2,1309,+39.949802,-079.856890
42,051,261402,1,1463,+40.007811,-079.843882
42,051,261402,2,1201,+39.982902,-079.838956
42,051,261500,1,1476,+39.930192,-079.780009
42,051,261500,2,1042,+39.971767,-079.782477
42,051,261500,3,1580,+39.935557,-079.828404
42,051,261600,1,1080,+39.922717,-079.684525
42,051,261600,2,1504,+39.944644,-079.709960
42,051,261700,1,1335,+39.920928,-079.727232
42,051,261700,2,1414,+39.914374,-079.714946
42,051,261800,1,1894,+39.889565,-079.699905
42,051,261800,2,1483,+39.909323,-079.700314
42,051,261900,1,911,+39.907582,-079.719516
42,051,261900,2,1298,+39.907036,-079.731468
42,051,261900,3,1120,+39.902896,-079.723443
42,051,262000,1,1338,+39.891212,-079.770686
42,051,262000,2,1252,+39.900005,-079.757373
42,051,262000,3,1248,+39.881948,-079.732773
42,051,262000,4,1204,+39.874546,-079.732039
42,051,262100,1,1282,+39.889255,-079.741631
42,051,262100,2,1277,+39.896041,-079.744519
42,051,262200,1,1538,+39.897370,-079.735211
42,051,262200,2,1752,+39.893017,-079.728594
42,051,262300,1,1457,+39.902426,-079.714297
42,051,262300,2,878,+39.895779,-079.717298
42,051,262300,3,1030,+39.897922,-079.709418
42,051,262400,1,1538,+39.874972,-079.718809
42,051,262400,2,1751,+39.867688,-079.703851
42,051,262500,1,1439,+39.930786,-079.650885
42,051,262500,2,1679,+39.896721,-079.665039
42,051,262600,1,969,+39.965650,-079.579740
42,051,262600,2,1851,+39.971279,-079.616368
42,051,262701,1,1041,+39.768015,-079.605886
42,051,262701,2,1167,+39.839383,-079.592422
42,051,262701,3,1147,+39.799590,-079.544004
42,051,262702,1,930,+39.852751,-079.460777
42,051,262702,2,881,+39.772885,-079.460764
42,051,262702,3,856,+39.742183,-079.462608
42,051,262800,1,1112,+39.861719,-079.795445
42,051,262800,2,1114,+39.850287,-079.745327
42,051,262800,3,1436,+39.814239,-079.733379
42,051,262800,4,1890,+39.823638,-079.754727
42,051,262800,5,1309,+39.827718,-079.784458
42,051,262900,1,1406,+39.896828,-079.892887
42,051,262900,2,1084,+39.860956,-079.889597
42,051,262900,3,1034,+39.908490,-079.843013
42,051,262900,4,1145,+39.878886,-079.827096
42,051,263000,1,1425,+39.847959,-079.897689
42,051,263000,2,1851,+39.846857,-079.909057
42,051,263100,1,1062,+39.826376,-079.865572
42,051,263100,2,1543,+39.775348,-079.885147
42,051,263100,3,1711,+39.749412,-079.835698
42,051,263100,4,1294,+39.734694,-079.897908
42,051,263200,1,1308,+39.800242,-079.809722
42,051,263200,2,898,+39.780590,-079.782624
42,051,263300,1,1426,+40.040529,-079.659173
42,053,530100,1,801,+41.494305,-079.128568
42,053,530100,2,905,+41.426015,-079.132215
42,053,530100,3,2655,+41.479750,-079.097536
42,053,530200,1,1564,+41.503264,-079.451027
42,053,530200,2,1048,+41.528693,-079.352490
42,055,010100,1,1272,+40.190675,-077.747283
42,055,010100,2,1211,+40.171494,-077.704841
42,055,010100,3,1768,+40.052557,-077.843316
42,055,010200,1,2207,+40.107759,-077.620773
42,055,010200,2,2462,+40.050141,-077.689793
42,055,010301,1,2403,+40.058166,-077.583094
42,055,010301,2,2278,+40.051277,-077.554911
42,055,010301,3,1163,+40.047920,-077.535158
42,055,010302,1,2126,+40.022820,-077.548642
42,055,010302,2,1973,+40.004665,-077.509824
42,055,010401,1,2392,+39.999121,-077.607084
42,055,010401,2,2106,+39.971385,-077.649654
42,055,010402,1,1281,+39.974460,-077.615345
42,055,010402,2,1345,+39.964798,-077.626512
42,055,010402,3,2416,+39.961235,-077.600397
42,055,010501,1,1568,+39.957645,-077.553570
42,055,010501,2,1872,+39.943489,-077.581841
42,055,010501,3,1239,+39.928354,-077.553764
42,055,010502,1,1389,+39.916648,-077.562820
42,055,010502,2,1172,+39.919655,-077.516286
42,055,010502,3,1656,+39.901102,-077.519612
42,055,010600,1,2033,+39.923008,-077.622820
42,055,010600,2,2471,+39.917940,-077.600289
42,055,010600,3,2108,+39.911764,-077.569399
42,055,010701,1,1008,+39.883826,-077.589301
42,055,010701,2,1578,+39.868453,-077.555327
42,055,010701,3,2124,+39.873761,-077.530320
42,055,010702,1,1276,+39.867489,-077.697900
42,055,010702,2,876,+39.891487,-077.643748
42,055,010702,3,1153,+39.863610,-077.633642
42,055,010800,1,780,+39.925447,-077.648827
42,055,010800,2,1032,+39.922807,-077.657509
42,055,010800,3,2121,+39.918167,-077.650725
42,055,010900,1,1659,+39.934799,-077.642394
42,055,010900,2,1248,+39.935942,-077.653818
42,055,010900,3,2029,+39.930153,-077.657003
42,055,011000,1,617,+39.938187,-077.660552
42,055,011000,2,1458,+39.933174,-077.661121
42,055,011000,3,1367,+39.928302,-077.668148
42,055,011000,4,2448,+39.916934,-077.674859
42,055,011100,1,2179,+39.953373,-077.636833
42,055,011100,2,1767,+39.947820,-077.650985
42,055,011200,1,925,+39.943430,-077.663333
42,055,011200,2,936,+39.942701,-077.669242
42,055,011200,3,1337,+39.938316,-077.668868
42,055,011301,1,2015,+39.899620,-077.708192
42,055,011301,2,2084,+39.923805,-077.711166
42,055,011301,3,1247,+39.902022,-077.726809
42,055,011302,1,1392,+39.976548,-077.734231
42,055,011302,2,1723,+39.957628,-077.703159
42,055,011302,3,1061,+39.939037,-077.706699
42,055,011302,4,1852,+39.949712,-077.676193
42,055,011400,1,1592,+39.942101,-077.811482
42,055,011400,2,1030,+39.928899,-077.772688
42,055,011400,3,1047,+39.919427,-077.755549
42,055,011400,4,1254,+39.903670,-077.763124
42,055,011400,5,994,+39.876942,-077.793863
42,055,011500,1,727,+39.905777,-077.926257
42,055,011500,2,1077,+39.908921,-077.890125
42,055,011500,3,1139,+39.837677,-077.825008
42,055,011500,4,1519,+39.852913,-077.904433
42,055,011500,5,756,+39.832630,-077.902781
42,055,011500,6,751,+39.825922,-077.905148
42,055,011600,1,2197,+39.784663,-077.948694
42,055,011600,2,2274,+39.776354,-077.875068
42,055,011600,3,1597,+39.757609,-077.819259
42,055,011701,1,1137,+39.828740,-077.751349
42,055,011701,2,1807,+39.796615,-077.778908
42,055,011701,3,1927,+39.788732,-077.749118
42,055,011702,1,2374,+39.753185,-077.770196
42,055,011702,2,1831,+39.738431,-077.739094
42,055,011800,1,2041,+39.794721,-077.726184
42,055,011800,2,996,+39.784984,-077.723745
42,055,011800,3,1214,+39.786279,-077.731730
42,055,011900,1,1381,+39.818735,-077.699977
42,055,011900,2,1619,+39.800999,-077.668603
42,055,011900,3,2509,+39.737026,-077.713153
42,055,011900,4,1193,+39.761534,-077.680313
42,055,012001,1,1580,+39.840652,-077.556778
42,055,012001,2,1581,+39.809701,-077.550475
42,055,012001,3,720,+39.832061,-077.484419
42,055,012002,1,889,+39.834130,-077.604813
42,055,012002,2,979,+39.797595,-077.599700
42,055,012002,3,1149,+39.805186,-077.573019
42,055,012100,1,1403,+39.758228,-077.627752
42,055,012100,2,1934,+39.739262,-077.550026
42,055,012100,3,780,+39.732435,-077.604099
42,055,012200,1,2014,+39.752162,-077.589403
42,055,012200,2,1545,+39.757859,-077.588883
42,055,012300,1,1374,+39.756509,-077.571285
42,055,012300,2,1330,+39.759990,-077.576929
42,055,012300,3,1853,+39.763426,-077.584920
42,055,012400,1,1458,+39.749499,-077.583196
42,055,012400,2,1377,+39.750032,-077.576704
42,055,012501,1,1841,+39.759033,-077.504380
42,055,012501,2,1565,+39.761016,-077.561477
42,055,012501,3,1768,+39.770388,-077.572714
42,055,012501,4,2056,+39.749797,-077.540067
42,055,012502,1,1498,+39.727621,-077.473022
42,055,012502,2,2052,+39.729121,-077.520009
42,057,960100,1,1612,+39.956222,-077.983574
42,057,960100,2,1151,+39.932370,-077.995894
42,057,960100,3,2036,+39.895462,-078.011569
42,057,960200,1,1193,+40.053620,-077.977668
42,057,960200,2,1065,+40.076001,-078.051092
42,057,960200,3,1575,+39.978398,-078.081210
42,057,960200,4,1232,+39.992538,-078.192812
42,057,960300,1,1361,+39.875821,-078.140548
42,057,960300,2,747,+39.769827,-078.290637
42,057,960300,3,1555,+39.775672,-078.209519
42,057,960300,4,1029,+39.766940,-078.129338
42,059,970101,1,946,+39.945457,-079.968524
42,059,970101,2,505,+39.914359,-079.967520
42,059,970102,1,1185,+39.882331,-079.966816
42,059,970102,2,1143,+39.885816,-079.983285
42,059,970102,3,910,+39.895938,-079.968103
42,059,970102,4,649,+39.874801,-080.013573
42,059,970102,5,432,+39.897416,-079.974505
42,059,970102,6,1045,+39.877862,-079.931390
42,059,970200,1,817,+39.945428,-080.001998
42,059,970200,2,1377,+39.948706,-080.035133
42,059,970200,3,835,+39.911720,-080.070207
42,059,970300,1,589,+39.978437,-080.058920
42,059,970300,2,1049,+39.940208,-080.069211
42,059,970300,3,900,+39.939433,-080.108165
42,059,970300,4,932,+39.963622,-080.198745
42,059,970300,5,564,+39.969822,-080.301195
42,059,970400,1,1113,+39.878690,-080.299817
42,059,970400,2,957,+39.912763,-080.432189
42,059,970400,3,810,+39.821634,-080.411628
42,059,970400,4,822,+39.750279,-080.417737
42,059,970501,1,712,+39.903372,-080.171702
42,059,970501,2,1773,+39.905838,-080.137238
42,059,970501,3,1919,+39.893445,-080.141927
42,059,970502,1,555,+39.892551,-080.167426
42,059,970502,2,705,+39.861678,-080.187919
42,059,970502,3,1392,+39.909069,-080.200258
42,059,970502,4,970,+39.823068,-080.085968
42,059,970600,1,900,+39.899689,-080.179229
42,059,970600,2,1172,+39.899130,-080.186164
42,059,970600,3,736,+39.900750,-080.192180
42,059,970600,4,1198,+39.894488,-080.186954
42,059,970700,1,810,+39.745699,-080.078689
42,059,970700,2,586,+39.743810,-080.125393
42,059,970700,3,1025,+39.761782,-080.239030
42,059,970800,1,885,+39.822269,-079.948551
42,059,970800,2,859,+39.789050,-079.928852
42,059,970800,3,1276,+39.751951,-079.974173
42,059,970800,4,901,+39.760126,-079.981506
42,061,950100,1,859,+40.648798,-077.838047
42,061,950100,2,893,+40.609904,-077.899658
42,061,950200,1,1010,+40.647598,-078.023187
42,061,950200,2,1960,+40.697354,-078.137965
42,061,950200,3,627,+40.587003,-078.154670
42,061,950301,1,1030,+40.577813,-078.039981
42,061,950301,2,934,+40.565009,-078.097853
42,061,950301,3,1354,+40.529094,-078.094428
42,061,950301,4,1306,+40.483671,-078.027360
42,061,950302,1,3312,+40.493424,-078.031932
42,061,950400,1,1982,+40.499506,-078.011535
42,061,950400,2,1053,+40.510299,-078.014482
42,061,950400,3,1045,+40.497874,-078.018998
42,061,950400,4,1546,+40.486689,-078.011100
42,061,950400,5,1201,+40.491376,-078.016426
42,061,950500,1,1319,+40.469290,-077.896186
42,061,950500,2,922,+40.491921,-077.946296
42,061,950500,3,1012,+40.538861,-077.972636
42,061,950600,1,2400,+40.458223,-078.068714
42,061,950600,2,1598,+40.394572,-078.144112
42,061,950800,1,1365,+40.378329,-077.976232
42,061,950800,2,1153,+40.292654,-078.020441
42,061,950800,3,898,+40.261485,-078.101035
42,061,950900,1,659,+40.388306,-077.880626
42,061,950900,2,848,+40.382920,-077.887234
42,061,950900,3,801,+40.380784,-077.882030
42,061,951000,1,716,+40.314608,-077.842494
42,061,951000,2,1061,+40.363261,-077.875022
42,061,951000,3,769,+40.323757,-077.905917
42,061,951100,1,550,+40.254591,-077.771137
42,061,951100,2,1261,+40.149249,-077.858584
42,061,951200,1,1478,+40.239002,-077.911544
42,061,951200,2,828,+40.242976,-077.896495
42,061,951200,3,785,+40.202858,-077.991830
42,061,951200,4,840,+40.183642,-078.012615
42,061,951200,5,693,+40.145093,-077.964737
42,061,951300,1,612,+40.177445,-078.112373
42,061,951300,2,1412,+40.229691,-078.189873
42,063,960100,1,1331,+40.876980,-079.046217
42,063,960100,2,1134,+40.889804,-078.938935
42,063,960100,3,1453,+40.852866,-078.877911
42,063,960200,1,1380,+40.865615,-079.158623
42,063,960200,2,837,+40.819422,-079.175986
42,063,960200,3,1243,+40.792216,-079.147553
42,063,960200,4,1370,+40.790259,-079.050662
42,063,960300,1,1014,+40.774512,-078.858684
42,063,960300,2,684,+40.734336,-078.838780
42,063,960300,3,626,+40.773763,-078.955995
42,063,960400,1,1360,+40.684177,-078.866853
42,063,960400,2,611,+40.718170,-078.934207
42,063,960400,3,645,+40.694696,-078.954286
42,063,960400,4,798,+40.720223,-078.994093
42,063,960500,1,1349,+40.733996,-079.081138
42,063,960500,2,795,+40.689678,-079.152220
42,063,960500,3,1059,+40.680706,-079.077075
42,063,960600,1,1937,+40.719823,-079.200149
42,063,960600,2,1335,+40.652913,-079.295875
42,063,960600,3,1528,+40.623461,-079.252088
42,063,960700,1,1566,+40.631035,-079.191001
42,063,960700,2,1817,+40.614276,-079.201601
42,063,960700,3,1866,+40.617598,-079.182593
42,063,960800,1,958,+40.598540,-079.196183
42,063,960800,2,1670,+40.587569,-079.144011
42,063,960800,3,1286,+40.613142,-079.129797
42,063,960900,1,1589,+40.642259,-079.150337
42,063,960900,2,1352,+40.638833,-079.128270
42,063,960900,3,1189,+40.647174,-079.099811
42,063,960900,4,641,+40.640804,-079.102929
42,063,961000,1,1255,+40.624896,-079.162459
42,063,961000,2,968,+40.626478,-079.151782
42,063,961102,1,4601,+40.616501,-079.158035
42,063,961102,2,1387,+40.608405,-079.177387
42,063,961103,1,1297,+40.619618,-079.167921
42,063,961103,2,1489,+40.620942,-079.159743
42,063,961104,1,743,+40.621209,-079.152021
42,063,961104,2,1295,+40.615972,-079.152205
42,063,961200,1,887,+40.626638,-079.143235
42,063,961200,2,890,+40.621963,-079.144086
42,063,961200,3,634,+40.617650,-079.144923
42,063,961300,1,1211,+40.620983,-078.982632
42,063,961300,2,1234,+40.647113,-079.029199
42,063,961300,3,1321,+40.669283,-079.010979
42,063,961400,1,946,+40.627059,-078.888493
42,063,961400,2,914,+40.569823,-078.920917
42,063,961400,3,1225,+40.510892,-078.966111
42,063,961500,1,711,+40.552515,-079.050038
42,063,961500,2,964,+40.509898,-079.066426
42,063,961500,3,804,+40.447664,-079.087784
42,063,961500,4,1338,+40.409465,-079.128405
42,063,961600,1,1267,+40.527183,-079.144498
42,063,961600,2,1948,+40.538260,-079.163981
42,063,961600,3,1176,+40.566079,-079.235033
42,063,961700,1,1089,+40.540986,-079.157220
42,063,961700,2,641,+40.538690,-079.162472
42,063,961800,1,687,+40.555948,-079.302843
42,063,961800,2,1001,+40.566600,-079.360270
42,063,961900,1,1117,+40.498272,-079.254413
42,063,961900,2,808,+40.501085,-079.350410
42,063,961900,3,1252,+40.503337,-079.424205
42,063,961900,4,780,+40.485137,-079.447879
42,063,962000,1,883,+40.463790,-079.182824
42,063,962000,2,1122,+40.465722,-079.194552
42,063,962000,3,1486,+40.443692,-079.249059
42,063,962100,1,1078,+40.432433,-079.256063
42,063,962100,2,617,+40.438287,-079.264522
42,063,962100,3,463,+40.432821,-079.265570
42,063,962100,4,1056,+40.426197,-079.263298
42,063,962200,1,1040,+40.437926,-078.985072
42,063,962200,2,1198,+40.447883,-079.038474
42,065,950100,1,1135,+41.249851,-078.791841
42,065,950100,2,1141,+41.245661,-078.793120
42,065,950200,1,1145,+41.254623,-078.833983
42,065,950200,2,632,+41.303472,-079.044924
42,065,950200,3,1225,+41.240492,-078.762769
42,065,950300,1,1123,+41.195779,-078.830814
42,065,950300,2,1368,+41.223352,-078.967336
42,065,950300,3,1271,+41.245441,-079.120072
42,065,950300,4,769,+41.157641,-078.871755
42,065,950300,5,994,+41.143387,-078.804598
42,065,950400,1,543,+41.165502,-079.071145
42,065,950400,2,700,+41.164480,-079.080378
42,065,950400,3,633,+41.165044,-079.088877
42,065,950500,1,1037,+41.154622,-079.072731
42,065,950500,2,1082,+41.156101,-079.086714
42,065,950600,1,1323,+41.154450,-079.028211
42,065,950600,2,1156,+41.141146,-079.104879
42,065,950600,3,1163,+41.184666,-079.175088
42,065,950600,4,936,+41.122185,-079.177934
42,065,950600,5,1011,+41.096486,-079.043020
42,065,950700,1,921,+41.094524,-078.882849
42,065,950700,2,634,+41.102266,-078.893300
42,065,950700,3,994,+41.090095,-078.885105
42,065,950800,1,1133,+41.111145,-078.872690
42,065,950800,2,1413,+41.067761,-078.873565
42,065,950800,3,1115,+41.050910,-078.820206
42,065,950900,1,834,+41.007667,-079.066448
42,065,950900,2,711,+41.061938,-079.142827
42,065,950900,3,1215,+40.979055,-079.174693
42,065,950900,4,1248,+40.946667,-079.064503
42,065,951000,1,1477,+41.009251,-078.852835
42,065,951000,2,1137,+41.013969,-078.954275
42,065,951000,3,647,+40.969833,-078.875643
42,065,951000,4,1136,+40.957071,-078.849989
42,065,951100,1,954,+40.967957,-078.934255
42,065,951100,2,927,+40.970316,-078.983504
42,065,951100,3,784,+40.930494,-078.994327
42,065,951100,4,1056,+40.937047,-078.934299
42,065,951200,1,774,+40.952505,-078.967791
42,065,951200,2,1348,+40.946581,-078.986639
42,065,951200,3,1065,+40.948021,-078.963299
42,065,951300,1,848,+40.940844,-078.962559
42,065,951300,2,1145,+40.942882,-078.975468
42,065,951300,3,589,+40.938608,-078.989560
42,067,070101,1,1752,+40.651171,-077.239432
42,067,070101,2,1588,+40.636172,-077.295701
42,067,070102,1,1157,+40.605218,-077.367287
42,067,070102,2,1709,+40.587996,-077.397766
42,067,070102,3,840,+40.571217,-077.394695
42,067,070201,1,1134,+40.424513,-077.580910
42,067,070201,2,636,+40.349687,-077.672097
42,067,070202,1,2523,+40.564547,-077.427758
42,067,070202,2,978,+40.510096,-077.379206
42,067,070202,3,793,+40.468639,-077.473650
42,067,070202,4,768,+40.505496,-077.509797
42,067,070202,5,807,+40.532623,-077.388743
42,067,070300,1,1610,+40.590926,-077.228980
42,067,070300,2,1245,+40.565815,-077.343628
42,067,070300,3,1545,+40.549264,-077.312054
42,067,070300,4,631,+40.565171,-077.236546
42,067,070400,1,1738,+40.626036,-077.042737
42,067,070400,2,892,+40.657947,-077.099770
42,067,070400,3,1163,+40.672880,-077.143561
42,069,100200,1,1259,+41.412184,-075.660665
42,069,100200,2,2197,+41.410158,-075.660272
42,069,100300,1,1485,+41.407149,-075.653898
42,069,100300,2,1137,+41.404713,-075.650638
42,069,100300,3,1606,+41.405781,-075.656167
42,069,100400,1,1140,+41.405167,-075.644847
42,069,100400,2,899,+41.401849,-075.648215
42,069,100500,1,1104,+41.410961,-075.642551
42,069,100500,2,1091,+41.406064,-075.636671
42,069,100600,1,842,+41.411457,-075.646280
42,069,100600,2,1089,+41.408854,-075.649363
42,069,100600,3,907,+41.413866,-075.649757
42,069,100600,4,1432,+41.416738,-075.657714
42,069,100800,1,1880,+41.423312,-075.648392
42,069,100800,2,1223,+41.426045,-075.651332
42,069,100900,1,1571,+41.432088,-075.652569
42,069,101000,1,1363,+41.437196,-075.637522
42,069,101000,2,686,+41.433502,-075.641918
42,069,101000,3,1058,+41.430757,-075.645216
42,069,101100,1,1007,+41.438984,-075.644651
42,069,101100,2,1513,+41.440826,-075.652960
42,069,101200,1,715,+41.448317,-075.647188
42,069,101200,2,1337,+41.446757,-075.661061
42,069,101200,3,674,+41.457776,-075.662136
42,069,101300,1,872,+41.436825,-075.661306
42,069,101300,2,808,+41.433312,-075.664560
42,069,101300,3,1034,+41.440011,-075.664031
42,069,101400,1,1535,+41.424979,-075.667074
42,069,101400,2,1196,+41.427648,-075.663834
42,069,101600,1,1253,+41.418823,-075.683631
42,069,101600,2,1276,+41.416663,-075.679140
42,069,101700,1,940,+41.427414,-075.674230
42,069,101700,2,1008,+41.425096,-075.679111
42,069,101700,3,1116,+41.420624,-075.674998
42,069,101800,1,1053,+41.434991,-075.673834
42,069,101800,2,1789,+41.420697,-075.702678
42,069,101800,3,1731,+41.441032,-075.686507
42,069,101900,1,864,+41.418348,-075.691038
42,069,101900,2,548,+41.412303,-075.693959
42,069,102000,1,998,+41.415121,-075.686634
42,069,102000,2,1135,+41.412446,-075.684361
42,069,102100,1,1169,+41.410027,-075.687923
42,069,102100,2,1153,+41.405359,-075.689589
42,069,102200,1,631,+41.400837,-075.685731
42,069,102200,2,903,+41.399691,-075.693211
42,069,102200,3,878,+41.402509,-075.691749
42,069,102300,1,888,+41.403560,-075.676946
42,069,102300,2,747,+41.412983,-075.677237
42,069,102300,3,1093,+41.403692,-075.681666
42,069,102300,4,863,+41.408208,-075.681714
42,069,102500,1,1170,+41.401313,-075.660572
42,069,102500,2,635,+41.400023,-075.659646
42,069,102500,3,744,+41.398232,-075.661149
42,069,102500,4,697,+41.398526,-075.670060
42,069,102600,1,741,+41.396641,-075.663163
42,069,102600,2,1084,+41.394565,-075.666393
42,069,102600,3,691,+41.397741,-075.667687
42,069,102700,1,1432,+41.396790,-075.654828
42,069,102700,2,1434,+41.391552,-075.659953
42,069,102800,1,746,+41.400290,-075.628076
42,069,102800,2,1365,+41.388574,-075.639879
42,069,102800,3,874,+41.388516,-075.650924
42,069,102900,1,1500,+41.389441,-075.669388
42,069,102900,2,1621,+41.380318,-075.678023
42,069,102900,3,1042,+41.382383,-075.669112
42,069,103000,1,821,+41.389547,-075.678777
42,069,103000,2,1337,+41.388197,-075.676201
42,069,103100,1,614,+41.377732,-075.697536
42,069,103100,2,1084,+41.381975,-075.692660
42,069,110100,1,1951,+41.619890,-075.484111
42,069,110100,2,1117,+41.593780,-075.494585
42,069,110201,1,685,+41.584749,-075.736250
42,069,110201,2,1041,+41.606448,-075.688901
42,069,110201,3,2260,+41.617026,-075.573781
42,069,110202,1,1559,+41.542000,-075.633695
42,069,110202,2,870,+41.571374,-075.598739
42,069,110202,3,920,+41.537147,-075.599474
42,069,110202,4,1280,+41.502197,-075.643119
42,069,110300,1,666,+41.545658,-075.768803
42,069,110300,2,816,+41.552445,-075.697185
42,069,110300,3,1284,+41.536156,-075.736901
42,069,110300,4,1434,+41.515058,-075.728082
42,069,110401,1,2269,+41.503310,-075.688948
42,069,110401,2,1681,+41.520140,-075.670229
42,069,110401,3,1449,+41.500090,-075.672176
42,069,110401,4,1485,+41.481883,-075.672439
42,069,110402,1,1791,+41.519554,-075.701106
42,069,110402,2,1121,+41.494631,-075.722365
42,069,110403,1,1078,+41.493124,-075.690291
42,069,110403,2,1944,+41.477145,-075.697492
42,069,110500,1,1021,+41.499755,-075.704684
42,069,110500,2,1786,+41.492738,-075.705263
42,069,110500,3,2394,+41.486287,-075.707235
42,069,110600,1,810,+41.545367,-075.542180
42,069,110600,2,837,+41.568001,-075.494273
42,069,110600,3,1241,+41.537745,-075.534520
42,069,110700,1,1215,+41.572600,-075.512200
42,069,110700,2,1162,+41.580888,-075.506483
42,069,110800,1,1038,+41.574556,-075.493398
42,069,110800,2,819,+41.571788,-075.499162
42,069,110800,3,1537,+41.579036,-075.494738
42,069,110900,1,839,+41.567236,-075.495280
42,069,110900,2,1205,+41.566055,-075.502228
42,069,110900,3,1013,+41.566317,-075.507537
42,069,111000,1,1534,+41.530591,-075.548131
42,069,111000,2,616,+41.523067,-075.546610
42,069,111100,1,646,+41.508164,-075.536635
42,069,111100,2,662,+41.494859,-075.537083
42,069,111100,3,2388,+41.498407,-075.550964
42,069,111100,4,834,+41.500263,-075.575972
42,069,111100,5,2767,+41.490566,-075.566079
42,069,111200,1,1153,+41.484829,-075.576891
42,069,111200,2,1493,+41.486307,-075.600779
42,069,111200,3,1431,+41.479065,-075.589637
42,069,111200,4,1442,+41.475882,-075.608251
42,069,111200,5,1138,+41.481476,-075.582104
42,069,111300,1,955,+41.478077,-075.569839
42,069,111300,2,751,+41.473724,-075.574772
42,069,111300,3,1319,+41.475285,-075.560307
42,069,111300,4,1495,+41.471253,-075.564753
42,069,111400,1,1580,+41.471800,-075.587993
42,069,111400,2,1038,+41.470856,-075.602380
42,069,111400,3,788,+41.462316,-075.605033
42,069,111400,4,1977,+41.463178,-075.596204
42,069,111500,1,2069,+41.470548,-075.615694
42,069,111500,2,1298,+41.465644,-075.623866
42,069,111600,1,1611,+41.457510,-075.633150
42,069,111600,2,1060,+41.459053,-075.625561
42,069,111700,1,1124,+41.451155,-075.614677
42,069,111700,2,940,+41.447494,-075.612682
42,069,111700,3,1049,+41.447648,-075.626561
42,069,111700,4,952,+41.445557,-075.611601
42,069,111801,1,1518,+41.435259,-075.501322
42,069,111801,2,1311,+41.436806,-075.465118
42,069,111801,3,936,+41.401669,-075.477951
42,069,111802,1,2273,+41.369367,-075.558589
42,069,111802,2,842,+41.374844,-075.546343
42,069,111802,3,2039,+41.341445,-075.526544
42,069,112000,1,1797,+41.422903,-075.617396
42,069,112000,2,1692,+41.429834,-075.631830
42,069,112000,3,877,+41.423267,-075.625210
42,069,112100,1,1122,+41.405859,-075.609547
42,069,112100,2,1097,+41.414955,-075.621180
42,069,112100,3,970,+41.417709,-075.630162
42,069,112100,4,1104,+41.416871,-075.625665
42,069,112200,1,1209,+41.425459,-075.640101
42,069,112200,2,1436,+41.421487,-075.635934
42,069,112300,1,714,+41.414083,-075.632194
42,069,112300,2,791,+41.412540,-075.635252
42,069,112300,3,1233,+41.418239,-075.644306
42,069,112400,1,2053,+41.433781,-075.786173
42,069,112400,2,2160,+41.454668,-075.740755
42,069,112500,1,689,+41.402048,-075.719181
42,069,112500,2,1606,+41.385314,-075.712674
42,069,112500,3,1004,+41.382446,-075.716424
42,069,112500,4,764,+41.378735,-075.725145
42,069,112500,5,1045,+41.401087,-075.710608
42,069,112500,6,1186,+41.397101,-075.693390
42,069,112600,1,772,+41.375932,-075.730416
42,069,112600,2,806,+41.371417,-075.737655
42,069,112600,3,1633,+41.366559,-075.745326
42,069,112600,4,1306,+41.379680,-075.736700
42,069,112600,5,1150,+41.377068,-075.748691
42,069,112700,1,975,+41.368435,-075.728292
42,069,112700,2,691,+41.366557,-075.736131
42,069,112700,3,1164,+41.358581,-075.742538
42,069,112800,1,541,+41.372483,-075.702362
42,069,112800,2,683,+41.368363,-075.707508
42,069,112800,3,1046,+41.351880,-075.735657
42,069,112800,4,693,+41.355558,-075.729530
42,069,112800,5,1385,+41.348181,-075.697463
42,069,112800,6,1611,+41.366609,-075.706934
42,069,112901,1,1064,+41.327900,-075.594615
42,069,112901,2,1684,+41.308010,-075.585422
42,069,112901,3,1348,+41.213110,-075.586218
42,069,112902,1,1015,+41.368583,-075.473820
42,069,112902,2,1454,+41.338838,-075.487700
42,069,112902,3,1153,+41.253153,-075.481380
42,069,112902,4,698,+41.300893,-075.492420
42,069,112902,5,1500,+41.302948,-075.529256
42,071,000100,1,612,+40.041767,-076.303831
42,071,000100,2,531,+40.038090,-076.304632
42,071,000100,3,1194,+40.038543,-076.309336
42,071,000200,1,1699,+40.044388,-076.290894
42,071,000200,2,1320,+40.044417,-076.295150
42,071,000300,1,1009,+40.050981,-076.295013
42,071,000300,2,1119,+40.048781,-076.296990
42,071,000300,3,1211,+40.047176,-076.301069
42,071,000300,4,1427,+40.051632,-076.301969
42,071,000400,1,1326,+40.050728,-076.306480
42,071,000400,2,729,+40.047799,-076.307055
42,071,000400,3,1346,+40.044600,-076.305371
42,071,000400,4,862,+40.043860,-076.309458
42,071,000500,1,923,+40.046721,-076.316457
42,071,000500,2,1098,+40.044255,-076.315771
42,071,000500,3,771,+40.042759,-076.314851
42,071,000500,4,1446,+40.045589,-076.321092
42,071,000600,1,665,+40.040340,-076.313194
42,071,000600,2,681,+40.037934,-076.313933
42,071,000600,3,959,+40.040183,-076.317188
42,071,000600,4,943,+40.039034,-076.321313
42,071,000700,1,866,+40.041960,-076.290314
42,071,000700,2,702,+40.041278,-076.297005
42,071,000700,3,1833,+40.039940,-076.294781
42,071,000800,1,1034,+40.038029,-076.290886
42,071,000800,2,827,+40.034189,-076.291163
42,071,000800,3,1008,+40.029289,-076.289044
42,071,000800,4,991,+40.037112,-076.293674
42,071,000900,1,674,+40.038090,-076.296781
42,071,000900,2,812,+40.037269,-076.299367
42,071,000900,3,696,+40.035331,-076.300840
42,071,000900,4,1352,+40.033864,-076.303106
42,071,001000,1,1038,+40.035955,-076.312190
42,071,001000,2,929,+40.034903,-076.314182
42,071,001000,3,1007,+40.032208,-076.315803
42,071,001000,4,855,+40.035408,-076.317374
42,071,001100,1,1258,+40.037015,-076.320865
42,071,001100,2,1160,+40.034386,-076.321153
42,071,001100,3,1042,+40.032088,-076.321746
42,071,001200,1,1077,+40.028503,-076.320372
42,071,001200,2,1885,+40.023416,-076.311964
42,071,001200,3,1354,+40.023022,-076.319824
42,071,001200,4,771,+40.027184,-076.315726
42,071,001400,1,1023,+40.034697,-076.308099
42,071,001400,2,1656,+40.031052,-076.307599
42,071,001400,3,1355,+40.027257,-076.305942
42,071,001400,4,1154,+40.031568,-076.312944
42,071,010102,1,2576,+40.236905,-076.134122
42,071,010102,2,1216,+40.228401,-076.143519
42,071,010103,1,1450,+40.282913,-076.156344
42,071,010103,2,2105,+40.270169,-076.116621
42,071,010104,1,1274,+40.255107,-076.145564
42,071,010104,2,1393,+40.256777,-076.187047
42,071,010104,3,1234,+40.235982,-076.179862
42,071,010201,1,855,+40.252541,-076.238559
42,071,010201,2,2046,+40.219786,-076.284601
42,071,010201,3,1939,+40.210717,-076.326075
42,071,010202,1,2953,+40.218648,-076.248996
42,071,010202,2,3068,+40.216735,-076.214144
42,071,010301,1,1425,+40.215020,-076.382720
42,071,010301,2,1452,+40.193948,-076.372151
42,071,010301,3,1715,+40.178121,-076.381274
42,071,010302,1,1448,+40.178713,-076.348905
42,071,010302,2,1297,+40.143135,-076.354784
42,071,010302,3,2873,+40.147307,-076.384576
42,071,010400,1,1402,+40.168246,-076.396221
42,071,010400,2,926,+40.163932,-076.401533
42,071,010400,3,1541,+40.158246,-076.398466
42,071,010400,4,1177,+40.162122,-076.392326
42,071,010501,1,1726,+40.209663,-076.448438
42,071,010501,2,2076,+40.178109,-076.484793
42,071,010501,3,687,+40.133013,-076.473372
42,071,010502,1,1743,+40.177874,-076.415931
42,071,010502,2,1056,+40.143673,-076.425173
42,071,010502,3,3690,+40.116437,-076.481406
42,071,010502,4,1046,+40.078437,-076.493052
42,071,010601,1,1963,+40.169486,-076.611253
42,071,010601,2,1349,+40.170223,-076.589247
42,071,010601,3,1523,+40.191283,-076.533569
42,071,010602,1,1772,+40.140770,-076.525723
42,071,010602,2,2731,+40.145256,-076.571577
42,071,010602,3,1361,+40.131025,-076.555766
42,071,010701,1,922,+40.152783,-076.610391
42,071,010701,2,1063,+40.156247,-076.607180
42,071,010701,3,873,+40.159403,-076.603486
42,071,010701,4,1539,+40.165154,-076.598139
42,071,010701,5,1628,+40.160477,-076.591337
42,071,010702,1,2045,+40.146980,-076.606221
42,071,010702,2,1176,+40.150497,-076.599044
42,071,010702,3,1250,+40.144409,-076.591411
42,071,010702,4,1165,+40.149670,-076.589932
42,071,010802,1,1764,+40.091690,-076.661264
42,071,010802,2,1597,+40.126811,-076.685744
42,071,010803,1,1542,+40.150044,-076.646151
42,071,010803,2,1453,+40.138784,-076.639481
42,071,010803,3,1646,+40.138031,-076.623018
42,071,010804,1,1436,+40.119138,-076.624657
42,071,010804,2,1317,+40.124751,-076.606688
42,071,010804,3,1550,+40.125565,-076.564697
42,071,010901,1,1371,+40.110137,-076.527202
42,071,010901,2,1254,+40.106595,-076.504246
42,071,010901,3,1824,+40.107220,-076.517585
42,071,010902,1,1405,+40.110496,-076.494448
42,071,010902,2,1493,+40.117381,-076.524007
42,071,010902,3,978,+40.113041,-076.511520
42,071,011000,1,1381,+40.058609,-076.546712
42,071,011000,2,1242,+40.056494,-076.562179
42,071,011101,1,1762,+40.082577,-076.580333
42,071,011101,2,2015,+40.068686,-076.570498
42,071,011101,3,1251,+40.072007,-076.592207
42,071,011102,1,1158,+40.104680,-076.551462
42,071,011102,2,1030,+40.098484,-076.518994
42,071,011102,3,1468,+40.066136,-076.535876
42,071,011200,1,1982,+40.030881,-076.502818
42,071,011300,1,1713,+40.042042,-076.491945
42,071,011300,2,1451,+40.037227,-076.498324
42,071,011300,3,912,+40.035056,-076.503760
42,071,011400,1,1034,+40.035217,-076.493056
42,071,011400,2,1438,+40.028075,-076.488994
42,071,011400,3,1677,+40.030939,-076.498082
42,071,011502,1,1852,+40.053800,-076.488717
42,071,011502,2,2331,+40.032561,-076.468917
42,071,011502,3,1883,+40.067408,-076.469457
42,071,011503,1,2278,+40.053704,-076.420904
42,071,011503,2,1716,+40.048491,-076.411628
42,071,011504,1,1671,+40.093165,-076.428678
42,071,011504,2,1230,+40.068767,-076.425173
42,071,011504,3,1700,+40.054376,-076.452803
42,071,011504,4,1626,+40.050647,-076.436647
42,071,011505,1,2061,+40.040952,-076.444585
42,071,011505,2,1689,+40.038605,-076.429070
42,071,011600,1,1255,+40.108526,-076.381575
42,071,011600,2,1146,+40.095617,-076.347455
42,071,011600,3,1635,+40.101513,-076.357799
42,071,011600,4,1017,+40.101450,-076.346662
42,071,011600,5,1131,+40.106505,-076.347816
42,071,011701,1,1576,+40.053854,-076.350011
42,071,011701,2,1816,+40.044320,-076.352229
42,071,011701,3,1685,+40.045832,-076.378257
42,071,011704,1,1732,+40.064849,-076.375523
42,071,011704,2,1356,+40.059500,-076.370081
42,071,011704,3,1396,+40.058223,-076.391321
42,071,011705,1,959,+40.069181,-076.349316
42,071,011705,2,2593,+40.075731,-076.359580
42,071,011705,3,1215,+40.073891,-076.382202
42,071,011705,4,1776,+40.068690,-076.373110
42,071,011706,1,1436,+40.096696,-076.418990
42,071,011706,2,1538,+40.080573,-076.414461
42,071,011707,1,1747,+40.079374,-076.392271
42,071,011707,2,2307,+40.071421,-076.401820
42,071,011707,3,1561,+40.091175,-076.402089
42,071,011801,1,969,+40.065704,-076.275904
42,071,011801,2,2229,+40.075626,-076.272904
42,071,011802,1,2418,+40.063565,-076.295508
42,071,011802,2,1515,+40.058604,-076.280839
42,071,011802,3,1396,+40.057160,-076.287613
42,071,011802,4,803,+40.058285,-076.298844
42,071,011803,1,1694,+40.089741,-076.294016
42,071,011803,2,1178,+40.085574,-076.279037
42,071,011803,3,1753,+40.078549,-076.302865
42,071,011803,4,2558,+40.076182,-076.291512
42,071,011805,1,1661,+40.062867,-076.324142
42,071,011805,2,1482,+40.052310,-076.319538
42,071,011806,1,2197,+40.082720,-076.333273
42,071,011806,2,1623,+40.080112,-076.315867
42,071,011807,1,857,+40.090837,-076.313483
42,071,011807,2,1138,+40.090296,-076.332735
42,071,011807,3,1885,+40.099364,-076.311010
42,071,011807,4,1535,+40.100630,-076.326203
42,071,011901,1,3198,+40.116088,-076.340820
42,071,011901,2,1067,+40.118741,-076.324487
42,071,011901,3,2397,+40.110074,-076.313497
42,071,011903,1,1798,+40.093840,-076.261468
42,071,011903,2,2179,+40.108179,-076.269430
42,071,011904,1,1696,+40.101526,-076.294531
42,071,011904,2,1312,+40.105449,-076.287608
42,071,011904,3,1882,+40.112176,-076.301835
42,071,012001,1,939,+40.160011,-076.291379
42,071,012001,2,622,+40.158954,-076.298284
42,071,012001,3,880,+40.153609,-076.304405
42,071,012001,4,837,+40.152215,-076.293935
42,071,012001,5,1969,+40.144890,-076.299320
42,071,012002,1,1387,+40.160726,-076.303415
42,071,012002,2,1113,+40.159199,-076.310526
42,071,012002,3,1634,+40.149208,-076.312554
42,071,012103,1,2730,+40.177158,-076.300830
42,071,012103,2,1391,+40.177025,-076.316409
42,071,012105,1,1821,+40.177879,-076.280284
42,071,012105,2,2064,+40.162353,-076.288379
42,071,012106,1,896,+40.159419,-076.261296
42,071,012106,2,1279,+40.154067,-076.235065
42,071,012106,3,907,+40.148127,-076.243086
42,071,012106,4,1253,+40.142298,-076.250113
42,071,012107,1,1118,+40.146724,-076.325478
42,071,012107,2,2403,+40.137969,-076.312062
42,071,012107,3,1396,+40.137407,-076.292330
42,071,012107,4,1764,+40.142012,-076.277784
42,071,012200,1,1637,+40.170577,-076.171670
42,071,012200,2,1232,+40.183049,-076.161988
42,071,012200,3,2110,+40.179436,-076.170441
42,071,012200,4,2117,+40.173228,-076.182073
42,071,012301,1,1050,+40.187970,-076.181450
42,071,012301,2,1691,+40.181769,-076.175115
42,071,012301,3,804,+40.194014,-076.194850
42,071,012302,1,1094,+40.179151,-076.183218
42,071,012302,2,1110,+40.173593,-076.194288
42,071,012302,3,949,+40.190590,-076.198240
42,071,012402,1,749,+40.164883,-076.209562
42,071,012402,2,1369,+40.159871,-076.209197
42,071,012402,3,1049,+40.156891,-076.196440
42,071,012402,4,1004,+40.152590,-076.203517
42,071,012403,1,1544,+40.167975,-076.212888
42,071,012403,2,973,+40.197823,-076.192962
42,071,012403,3,1888,+40.189228,-076.212178
42,071,012404,1,1992,+40.189686,-076.162284
42,071,012404,2,2186,+40.176210,-076.142286
42,071,012404,3,1240,+40.166189,-076.179640
42,071,012404,4,525,+40.167450,-076.203955
42,071,012501,1,2607,+40.249799,-076.101453
42,071,012501,2,2506,+40.230403,-076.078994
42,071,012501,3,1916,+40.240177,-076.062314
42,071,012502,1,1245,+40.216848,-076.137627
42,071,012502,2,1732,+40.214831,-076.114838
42,071,012502,3,1496,+40.196960,-076.121908
42,071,012502,4,1181,+40.204129,-076.106343
42,071,012601,1,1538,+40.215790,-076.023474
42,071,012601,2,1686,+40.188510,-076.066367
42,071,012601,3,1101,+40.179616,-076.011477
42,071,012601,4,2126,+40.198624,-076.018201
42,071,012601,5,1106,+40.200483,-076.036985
42,071,012602,1,2356,+40.156842,-075.960956
42,071,012602,2,1161,+40.112581,-075.970287
42,071,012602,3,1092,+40.131482,-075.918534
42,071,012701,1,1084,+40.131608,-076.009954
42,071,012701,2,1598,+40.153056,-076.047565
42,071,012701,3,1357,+40.159012,-076.051109
42,071,012702,1,1833,+40.116335,-076.043790
42,071,012702,2,2184,+40.096335,-076.028715
42,071,012800,1,2100,+40.105460,-076.078472
42,071,012800,2,1929,+40.100435,-076.089147
42,071,012800,3,1714,+40.101177,-076.099559
42,071,012900,1,1708,+40.139024,-076.090023
42,071,012900,2,1709,+40.115688,-076.120772
42,071,012900,3,2185,+40.097704,-076.072118
42,071,012900,4,1542,+40.073883,-076.072029
42,071,013001,1,1604,+40.146269,-076.201234
42,071,013001,2,1204,+40.126766,-076.207859
42,071,013001,3,1663,+40.124682,-076.224305
42,071,013002,1,1591,+40.130288,-076.150490
42,071,013002,2,1037,+40.116900,-076.189331
42,071,013002,3,1461,+40.096854,-076.156016
42,071,013101,1,2901,+40.074471,-076.200167
42,071,013101,2,2303,+40.090922,-076.216647
42,071,013102,1,2501,+40.090793,-076.178032
42,071,013102,2,1216,+40.081544,-076.146625
42,071,013202,1,1166,+40.046859,-076.264833
42,071,013202,2,1835,+40.037595,-076.255628
42,071,013202,3,1508,+40.027541,-076.234490
42,071,013202,4,1533,+40.029796,-076.252206
42,071,013203,1,998,+40.051184,-076.215005
42,071,013203,2,1922,+40.077968,-076.248623
42,071,013203,3,1399,+40.056246,-076.249748
42,071,013203,4,1151,+40.062609,-076.253550
42,071,013204,1,1885,+40.037509,-076.232047
42,071,013204,2,997,+40.030842,-076.201839
42,071,013204,3,1130,+40.033127,-076.182154
42,071,013204,4,714,+40.014485,-076.164466
42,071,013204,5,847,+40.015816,-076.215123
42,071,013204,6,1653,+40.035573,-076.231038
42,071,013301,1,1431,+40.029560,-076.261285
42,071,013301,2,1773,+40.025496,-076.269823
42,071,013301,3,1267,+40.009926,-076.294801
42,071,013303,1,1034,+39.978156,-076.276654
42,071,013303,2,1883,+39.971358,-076.253767
42,071,013303,3,1707,+39.984007,-076.271192
42,071,013303,4,618,+39.976114,-076.266786
42,071,013305,1,1152,+39.995590,-076.293971
42,071,013305,2,737,+39.991902,-076.276637
42,071,013305,3,1618,+39.999210,-076.284032
42,071,013306,1,1993,+40.015688,-076.251394
42,071,013306,2,1271,+40.012520,-076.242473
42,071,013306,3,2030,+39.997269,-076.238347
42,071,013400,1,1695,+40.041676,-076.280990
42,071,013400,2,1321,+40.033966,-076.279703
42,071,013502,1,1271,+40.033279,-076.336590
42,071,013502,2,642,+40.033260,-076.331785
42,071,013502,3,1604,+40.032955,-076.327112
42,071,013502,4,1158,+40.022931,-076.344188
42,071,013503,1,1301,+40.048058,-076.329161
42,071,013503,2,1278,+40.041892,-076.334660
42,071,013504,1,2305,+40.006512,-076.323230
42,071,013504,2,1278,+40.015811,-076.320639
42,071,013504,3,2909,+40.014218,-076.312262
42,071,013505,1,1394,+40.014420,-076.339764
42,071,013505,2,1855,+40.017392,-076.330730
42,071,013505,3,1122,+40.022507,-076.329559
42,071,013601,1,892,+40.009363,-076.352438
42,071,013601,2,2561,+39.998901,-076.351617
42,071,013602,1,2717,+39.999973,-076.367817
42,071,013602,2,534,+40.003710,-076.359213
42,071,013602,3,1932,+39.991755,-076.355336
42,071,013701,1,1163,+40.035503,-076.357269
42,071,013701,2,1611,+40.021880,-076.355790
42,071,013701,3,2494,+40.032991,-076.349261
42,071,013703,1,1811,+40.032937,-076.418500
42,071,013703,2,1381,+40.030476,-076.411256
42,071,013703,3,1753,+40.032892,-076.389782
42,071,013703,4,1542,+40.033536,-076.372502
42,071,013704,1,1742,+39.999200,-076.397753
42,071,013704,2,2170,+40.016469,-076.374020
42,071,013800,1,1206,+39.970107,-076.381882
42,071,013800,2,1051,+40.008988,-076.462760
42,071,013800,3,1593,+39.970723,-076.427211
42,071,013901,1,870,+39.988999,-076.317191
42,071,013901,2,2368,+39.974206,-076.290825
42,071,013901,3,1095,+39.961934,-076.296292
42,071,013901,4,1141,+39.949011,-076.283075
42,071,013902,1,1835,+39.956115,-076.350058
42,071,013902,2,1205,+39.936178,-076.347223
42,071,013902,3,874,+39.911802,-076.352263
42,071,014000,1,1521,+39.988352,-076.179927
42,071,014000,2,1861,+39.981879,-076.197523
42,071,014000,3,1218,+39.955620,-076.209044
42,071,014000,4,1620,+39.941177,-076.174538
42,071,014000,5,1354,+39.975341,-076.170441
42,071,014101,1,2210,+40.051461,-076.113461
42,071,014101,2,1396,+40.024943,-076.135973
42,071,014101,3,2046,+40.031124,-076.089599
42,071,014102,1,2338,+39.990333,-076.080603
42,071,014102,2,1479,+39.967025,-076.122194
42,071,014102,3,1855,+40.004621,-076.125883
42,071,014201,1,2132,+40.059391,-076.016291
42,071,014201,2,2200,+40.083701,-075.967477
42,071,014201,3,1325,+40.051078,-075.958367
42,071,014202,1,1485,+40.016587,-076.028806
42,071,014202,2,2272,+40.001511,-075.983585
42,071,014202,3,2080,+39.986265,-076.023040
42,071,014301,1,1782,+39.940513,-076.084468
42,071,014301,2,1399,+39.908050,-076.061243
42,071,014302,1,2067,+39.964436,-075.996948
42,071,014302,2,1468,+39.954663,-076.031471
42,071,014302,3,1113,+39.921146,-076.012870
42,071,014401,1,1553,+39.929483,-076.255939
42,071,014401,2,1341,+39.911869,-076.186020
42,071,014401,3,1032,+39.893997,-076.198926
42,071,014401,4,1547,+39.898040,-076.249572
42,071,014401,5,1522,+39.913767,-076.229761
42,071,014402,1,2843,+39.895144,-076.163120
42,071,014402,2,2239,+39.920181,-076.138657
42,071,014501,1,763,+39.925215,-076.306805
42,071,014501,2,2301,+39.883713,-076.292745
42,071,014501,3,2157,+39.864378,-076.324309
42,071,014502,1,1380,+39.836017,-076.248430
42,071,014502,2,1181,+39.800228,-076.220544
42,071,014502,3,1732,+39.759486,-076.194785
42,071,014502,4,1482,+39.768190,-076.157540
42,071,014601,1,1574,+39.881254,-076.188739
42,071,014601,2,2362,+39.851591,-076.176345
42,071,014603,1,1675,+39.864803,-076.048571
42,071,014603,2,2208,+39.849856,-076.088574
42,071,014604,1,2174,+39.801717,-076.101019
42,071,014604,2,1944,+39.761697,-076.108887
42,071,014700,1,1460,+40.030855,-076.299894
42,071,014700,2,1397,+40.032472,-076.295675
42,071,014700,3,1524,+40.035217,-076.295793
42,073,000100,1,1898,+41.019571,-080.334467
42,073,000100,2,2445,+41.019695,-080.341990
42,073,000200,1,2020,+41.002657,-080.325326
42,073,000300,1,1514,+41.007405,-080.337654
42,073,000300,2,1231,+41.010494,-080.350184
42,073,000300,3,953,+41.009213,-080.343124
42,073,000400,1,1162,+41.002929,-080.361314
42,073,000400,2,614,+41.002636,-080.349372
42,073,000600,1,950,+41.000255,-080.334612
42,073,000700,1,926,+40.994783,-080.335719
42,073,000700,2,882,+40.990274,-080.340092
42,073,000800,1,1872,+40.986926,-080.323389
42,073,000800,2,2148,+40.985559,-080.330974
42,073,000900,1,556,+40.984577,-080.340094
42,073,000900,2,1136,+40.984290,-080.346796
42,073,001000,1,572,+40.973259,-080.372878
42,073,001000,2,1047,+40.977705,-080.377183
42,073,010100,1,777,+41.076867,-080.148568
42,073,010100,2,678,+41.025088,-080.174485
42,073,010100,3,1498,+41.022927,-080.227425
42,073,010100,4,837,+41.091992,-080.230768
42,073,010201,1,2960,+41.061915,-080.343578
42,073,010201,2,649,+41.057781,-080.374234
42,073,010202,1,1243,+41.016769,-080.301425
42,073,010202,2,1077,+41.040576,-080.278688
42,073,010202,3,1342,+41.103104,-080.354166
42,073,010202,4,1321,+41.104108,-080.296709
42,073,010300,1,932,+41.116899,-080.330749
42,073,010300,2,1160,+41.120892,-080.335515
42,073,010400,1,793,+41.099114,-080.409239
42,073,010400,2,1276,+41.087948,-080.465743
42,073,010400,3,1033,+41.094352,-080.503210
42,073,010500,1,583,+41.021711,-080.504002
42,073,010500,2,632,+41.047183,-080.473702
42,073,010500,3,696,+41.042499,-080.426837
42,073,010500,4,797,+41.008621,-080.461232
42,073,010600,1,1537,+41.013397,-080.401327
42,073,010600,2,723,+40.991572,-080.370616
42,073,010700,1,2162,+41.000836,-080.368636
42,073,010700,2,584,+41.006128,-080.381694
42,073,010800,1,1281,+41.035873,-080.327922
42,073,010800,2,2168,+41.038769,-080.345290
42,073,010800,3,817,+41.020349,-080.350009
42,073,010800,4,1968,+41.034958,-080.365696
42,073,010900,1,811,+40.981952,-080.201623
42,073,010900,2,1074,+40.940773,-080.221947
42,073,010900,3,1028,+40.965424,-080.249015
42,073,011000,1,1052,+40.986865,-080.299604
42,073,011000,2,1142,+40.964168,-080.289222
42,073,011000,3,794,+40.976228,-080.312258
42,073,011000,4,913,+40.944452,-080.286942
42,073,011000,5,897,+40.927126,-080.277918
42,073,011100,1,780,+40.975540,-080.344497
42,073,011100,2,1564,+40.965906,-080.325750
42,073,011100,3,638,+40.930167,-080.318953
42,073,011100,4,979,+40.938067,-080.360836
42,073,011200,1,963,+40.976464,-080.477957
42,073,011200,2,698,+40.976495,-080.501969
42,073,011200,3,762,+40.976481,-080.438850
42,073,011300,1,1647,+40.951212,-080.404485
42,073,011300,2,986,+40.932461,-080.470703
42,073,011300,3,726,+40.875807,-080.489103
42,073,011300,4,799,+40.869338,-080.443430
42,073,011400,1,982,+40.885824,-080.377550
42,073,011400,2,949,+40.880523,-080.342665
42,073,011500,1,1050,+40.886997,-080.255118
42,073,011500,2,1350,+40.882365,-080.299345
42,073,011500,3,765,+40.864953,-080.233302
42,073,011500,4,795,+40.891447,-080.184679
42,073,011600,1,1266,+40.871443,-080.271938
42,073,011600,2,1021,+40.864743,-080.278735
42,073,011600,3,1027,+40.869211,-080.285414
42,073,011600,4,581,+40.866274,-080.289151
42,073,011700,1,1375,+40.860542,-080.261587
42,073,011700,2,617,+40.861818,-080.281974
42,073,011800,1,1289,+40.856745,-080.285620
42,073,011800,2,1300,+40.856701,-080.294070
42,075,000100,1,1033,+40.338889,-076.415396
42,075,000100,2,715,+40.340463,-076.421581
42,075,000100,3,1224,+40.338031,-076.421247
42,075,000100,4,886,+40.334903,-076.415812
42,075,000100,5,1314,+40.334086,-076.421540
42,075,000200,1,1797,+40.336754,-076.427529
42,075,000200,2,668,+40.334481,-076.434698
42,075,000200,3,1321,+40.328990,-076.436852
42,075,000200,4,1457,+40.326674,-076.426082
42,075,000300,1,1583,+40.346152,-076.429102
42,075,000300,2,1043,+40.345264,-076.432095
42,075,000300,3,1683,+40.342876,-076.432170
42,075,000401,1,1642,+40.352270,-076.427290
42,075,000401,2,1359,+40.346680,-076.425098
42,075,000401,3,1172,+40.346254,-076.421110
42,075,000402,1,1345,+40.346742,-076.417356
42,075,000402,2,831,+40.350503,-076.412051
42,075,000402,3,1235,+40.346435,-076.414519
42,075,000402,4,729,+40.349720,-076.420713
42,075,000500,1,1262,+40.347677,-076.397672
42,075,000500,2,771,+40.346440,-076.406993
42,075,000500,3,694,+40.340009,-076.407293
42,075,000500,4,1050,+40.335029,-076.406709
42,075,002000,1,1647,+40.411246,-076.502359
42,075,002000,2,1344,+40.467236,-076.539887
42,075,002100,1,2651,+40.453610,-076.435190
42,075,002100,2,1109,+40.436245,-076.396430
42,075,002100,3,1372,+40.407797,-076.388886
42,075,002200,1,2075,+40.439346,-076.480849
42,075,002200,2,2986,+40.399981,-076.463658
42,075,002200,3,1638,+40.413049,-076.480997
42,075,002300,1,1104,+40.385865,-076.606967
42,075,002300,2,1554,+40.401793,-076.563282
42,075,002400,1,1250,+40.351788,-076.553788
42,075,002400,2,1019,+40.359626,-076.515116
42,075,002500,1,1642,+40.328821,-076.520066
42,075,002500,2,1572,+40.331651,-076.513574
42,075,002500,3,1543,+40.331572,-076.498865
42,075,002600,1,1305,+40.335335,-076.477230
42,075,002600,2,708,+40.338962,-076.470334
42,075,002701,1,2402,+40.365528,-076.427371
42,075,002701,2,2561,+40.365725,-076.449426
42,075,002701,3,1044,+40.355090,-076.470704
42,075,002702,1,2016,+40.352580,-076.398206
42,075,002702,2,2205,+40.366209,-076.375009
42,075,002702,3,1813,+40.366394,-076.406416
42,075,002801,1,1733,+40.395114,-076.331828
42,075,002801,2,1518,+40.375528,-076.344379
42,075,002801,3,1689,+40.382730,-076.319091
42,075,002802,1,1084,+40.414102,-076.331353
42,075,002802,2,1536,+40.385876,-076.288599
42,075,002802,3,1788,+40.360657,-076.309049
42,075,002900,1,1383,+40.372126,-076.307597
42,075,002900,2,1711,+40.374228,-076.302076
42,075,003000,1,1496,+40.357160,-076.256814
42,075,003000,2,1534,+40.327254,-076.221640
42,075,003000,3,2834,+40.348973,-076.208510
42,075,003100,1,1538,+40.307788,-076.308494
42,075,003100,2,978,+40.297562,-076.293249
42,075,003100,3,1579,+40.281887,-076.277246
42,075,003200,1,2818,+40.328431,-076.375317
42,075,003200,2,2584,+40.312083,-076.380384
42,075,003300,1,939,+40.338841,-076.400627
42,075,003300,2,721,+40.340495,-076.385838
42,075,003300,3,676,+40.346791,-076.378347
42,075,003400,1,1859,+40.328972,-076.411001
42,075,003400,2,819,+40.321295,-076.400632
42,075,003500,1,1769,+40.326117,-076.469097
42,075,003500,2,1795,+40.315889,-076.447613
42,075,003500,3,2065,+40.315658,-076.425187
42,075,003600,1,833,+40.345171,-076.449579
42,075,003600,2,2860,+40.333796,-076.445984
42,075,003700,1,1088,+40.288991,-076.549038
42,075,003700,2,2350,+40.301502,-076.503434
42,075,003801,1,1197,+40.335912,-076.600893
42,075,003801,2,714,+40.336286,-076.580065
42,075,003801,3,1686,+40.313821,-076.567316
42,075,003802,1,2411,+40.294110,-076.597366
42,075,003802,2,1089,+40.301976,-076.582447
42,075,003802,3,1814,+40.302020,-076.570609
42,075,003901,1,1514,+40.309393,-076.595213
42,075,003901,2,2288,+40.315286,-076.598673
42,075,003902,1,1806,+40.301933,-076.600775
42,075,003902,2,2222,+40.308403,-076.585948
42,075,004000,1,2852,+40.273025,-076.578755
42,075,004000,2,1338,+40.253375,-076.546783
42,075,004000,3,1397,+40.230784,-076.524710
42,075,004000,4,3189,+40.282461,-076.584859
42,075,004100,1,980,+40.246977,-076.458560
42,075,004100,2,1205,+40.278811,-076.442424
42,075,004200,1,1588,+40.277074,-076.395144
42,075,004200,2,3016,+40.269145,-076.418198
42,077,000101,1,1244,+40.631858,-075.425716
42,077,000101,2,1738,+40.628344,-075.437259
42,077,000101,3,992,+40.625679,-075.424187
42,077,000102,1,907,+40.618428,-075.446440
42,077,000102,2,1221,+40.620288,-075.441814
42,077,000102,3,1420,+40.622473,-075.428791
42,077,000102,4,1003,+40.621464,-075.435646
42,077,000400,1,1463,+40.618768,-075.462993
42,077,000400,2,2327,+40.613555,-075.461633
42,077,000500,1,1731,+40.609420,-075.459762
42,077,000500,2,978,+40.607932,-075.462181
42,077,000600,1,1153,+40.593215,-075.444203
42,077,000600,2,870,+40.589166,-075.444035
42,077,000600,3,1126,+40.587607,-075.452669
42,077,000600,4,1554,+40.592703,-075.457493
42,077,000600,5,1532,+40.594451,-075.453087
42,077,000700,1,971,+40.616242,-075.470624
42,077,000700,2,1658,+40.615665,-075.473037
42,077,000700,3,1593,+40.614620,-075.475785
42,077,000800,1,1009,+40.612748,-075.468450
42,077,000800,2,1273,+40.612196,-075.470940
42,077,000800,3,1206,+40.611659,-075.472927
42,077,000800,4,834,+40.610994,-075.474835
42,077,000900,1,1086,+40.609663,-075.468159
42,077,000900,2,908,+40.606954,-075.466985
42,077,001000,1,1748,+40.607675,-075.470642
42,077,001000,2,1531,+40.607218,-075.473432
42,077,001200,1,1710,+40.601247,-075.465934
42,077,001200,2,614,+40.604798,-075.466699
42,077,001401,1,2473,+40.589270,-075.478956
42,077,001401,2,1908,+40.592215,-075.467316
42,077,001401,3,1366,+40.588899,-075.470503
42,077,001401,4,946,+40.594754,-075.463835
42,077,001401,5,1329,+40.585671,-075.473664
42,077,001402,1,1562,+40.562576,-075.492383
42,077,001402,2,697,+40.580056,-075.481698
42,077,001501,1,1340,+40.582209,-075.454308
42,077,001501,2,2147,+40.581288,-075.462050
42,077,001501,3,1846,+40.574801,-075.468405
42,077,001501,4,1826,+40.576895,-075.464464
42,077,001502,1,1472,+40.576370,-075.450513
42,077,001502,2,976,+40.573013,-075.455474
42,077,001502,3,2020,+40.568794,-075.468155
42,077,001502,4,3098,+40.558482,-075.475281
42,077,001600,1,806,+40.614729,-075.479319
42,077,001600,2,942,+40.612965,-075.478750
42,077,001600,3,894,+40.611098,-075.478537
42,077,001600,4,1100,+40.608617,-075.477256
42,077,001700,1,1280,+40.611795,-075.483369
42,077,001700,2,2130,+40.609648,-075.483109
42,077,001700,3,1629,+40.607792,-075.481222
42,077,001800,1,1111,+40.605825,-075.475962
42,077,001800,2,1742,+40.604466,-075.477497
42,077,001800,3,902,+40.602650,-075.480042
42,077,001800,4,1331,+40.602814,-075.481944
42,077,001900,1,1814,+40.612253,-075.493624
42,077,001900,2,1672,+40.604924,-075.493789
42,077,001900,3,1147,+40.606682,-075.488463
42,077,002000,1,1139,+40.603183,-075.485240
42,077,002000,2,897,+40.600529,-075.484121
42,077,002000,3,1161,+40.599752,-075.487125
42,077,002000,4,1480,+40.600875,-075.491320
42,077,002000,5,1180,+40.602407,-075.488517
42,077,002100,1,1964,+40.596264,-075.482992
42,077,002100,2,2025,+40.596041,-075.486434
42,077,002100,3,1467,+40.593120,-075.488298
42,077,002100,4,962,+40.593512,-075.491157
42,077,002100,5,988,+40.593181,-075.494038
42,077,002201,1,1109,+40.608724,-075.507482
42,077,002201,2,1167,+40.608301,-075.501544
42,077,002201,3,1378,+40.603574,-075.502806
42,077,002201,4,1105,+40.612355,-075.503503
42,077,002202,1,1254,+40.598579,-075.494980
42,077,002202,2,1163,+40.598326,-075.501528
42,077,002202,3,1606,+40.596320,-075.507651
42,077,002302,1,1467,+40.586414,-075.513977
42,077,002302,2,1019,+40.588464,-075.505379
42,077,002302,3,730,+40.590336,-075.501238
42,077,002303,1,1970,+40.591223,-075.537359
42,077,002303,2,799,+40.598235,-075.538515
42,077,002304,1,2085,+40.604111,-075.511067
42,077,002304,2,905,+40.601335,-075.516619
42,077,002304,3,711,+40.599766,-075.520417
42,077,002304,4,808,+40.599039,-075.524312
42,077,005100,1,1155,+40.761248,-075.611338
42,077,005100,2,1600,+40.749258,-075.607821
42,077,005100,3,631,+40.746160,-075.614194
42,077,005100,4,897,+40.749575,-075.614792
42,077,005200,1,1017,+40.754432,-075.619903
42,077,005200,2,1000,+40.736515,-075.603306
42,077,005200,3,812,+40.710632,-075.611294
42,077,005200,4,1698,+40.707683,-075.632656
42,077,005200,5,770,+40.742708,-075.667361
42,077,005200,6,1254,+40.746850,-075.649580
42,077,005301,1,1016,+40.724137,-075.712759
42,077,005301,2,1131,+40.688156,-075.661127
42,077,005301,3,1177,+40.689138,-075.698884
42,077,005302,1,1626,+40.683891,-075.803108
42,077,005302,2,1402,+40.672659,-075.745156
42,077,005302,3,1204,+40.648398,-075.783047
42,077,005401,1,1026,+40.642699,-075.647647
42,077,005401,2,1266,+40.628562,-075.663294
42,077,005402,1,2001,+40.618921,-075.723114
42,077,005402,2,1908,+40.594994,-075.674048
42,077,005402,3,1067,+40.575207,-075.707093
42,077,005503,1,1033,+40.663914,-075.575960
42,077,005503,2,1448,+40.697152,-075.591670
42,077,005503,3,1685,+40.700892,-075.559863
42,077,005504,1,1379,+40.722970,-075.545116
42,077,005504,2,1627,+40.670608,-075.548910
42,077,005504,3,1589,+40.687034,-075.551494
42,077,005505,1,1348,+40.678635,-075.620287
42,077,005505,2,1862,+40.682509,-075.608777
42,077,005506,1,1423,+40.636428,-075.598603
42,077,005506,2,2261,+40.655605,-075.598503
42,077,005601,1,1932,+40.678385,-075.512925
42,077,005601,2,638,+40.690627,-075.527470
42,077,005601,3,967,+40.688772,-075.514813
42,077,005601,4,1828,+40.681673,-075.534846
42,077,005602,1,1104,+40.667122,-075.507331
42,077,005602,2,1792,+40.661393,-075.497902
42,077,005602,3,687,+40.662924,-075.488932
42,077,005602,4,1840,+40.651917,-075.484116
42,077,005702,1,2012,+40.640945,-075.470181
42,077,005702,2,966,+40.633738,-075.473682
42,077,005702,3,1769,+40.640996,-075.479885
42,077,005703,1,1194,+40.625696,-075.469306
42,077,005703,2,1432,+40.625170,-075.475531
42,077,005703,3,1364,+40.625393,-075.478877
42,077,005704,1,2049,+40.620869,-075.491127
42,077,005704,2,1512,+40.618164,-075.487590
42,077,005705,1,1561,+40.633976,-075.494195
42,077,005705,2,1982,+40.643385,-075.505330
42,077,005705,3,2544,+40.631947,-075.499111
42,077,005800,1,1243,+40.672185,-075.490898
42,077,005800,2,1287,+40.670884,-075.497629
42,077,005800,3,818,+40.667531,-075.500292
42,077,005901,1,1946,+40.656747,-075.464736
42,077,005901,2,2048,+40.649152,-075.459749
42,077,005901,3,1704,+40.652686,-075.471159
42,077,005901,4,820,+40.656740,-075.475092
42,077,005902,1,1689,+40.643713,-075.434669
42,077,006001,1,1090,+40.623475,-075.509412
42,077,006001,2,1287,+40.616870,-075.509107
42,077,006001,3,1110,+40.614474,-075.521284
42,077,006001,4,1407,+40.626422,-075.520509
42,077,006002,1,2453,+40.621110,-075.579494
42,077,006002,2,1320,+40.611678,-075.544258
42,077,006002,3,2540,+40.611518,-075.556088
42,077,006101,1,1146,+40.583513,-075.534958
42,077,006101,2,821,+40.577276,-075.520140
42,077,006101,3,2229,+40.580744,-075.545899
42,077,006102,1,866,+40.611948,-075.511503
42,077,006102,2,778,+40.608022,-075.523610
42,077,006102,3,1034,+40.602586,-075.532110
42,077,006102,4,1597,+40.598403,-075.549868
42,077,006102,5,1402,+40.587618,-075.544712
42,077,006203,1,2160,+40.574275,-075.591770
42,077,006203,2,2600,+40.572703,-075.576369
42,077,006203,3,4844,+40.585605,-075.580050
42,077,006204,1,1130,+40.603114,-075.618066
42,077,006204,2,594,+40.554235,-075.601256
42,077,006204,3,2240,+40.599437,-075.595184
42,077,006205,1,1463,+40.591647,-075.640692
42,077,006205,2,1706,+40.559542,-075.641381
42,077,006205,3,2186,+40.532763,-075.643886
42,077,006206,1,1909,+40.551597,-075.612384
42,077,006206,2,3031,+40.546399,-075.630187
42,077,006206,3,2514,+40.535552,-075.626817
42,077,006302,1,2596,+40.509285,-075.601949
42,077,006302,2,1960,+40.511145,-075.570892
42,077,006302,3,1784,+40.526540,-075.610812
42,077,006302,4,1478,+40.502324,-075.583487
42,077,006303,1,1528,+40.520316,-075.556423
42,077,006303,2,1729,+40.511591,-075.553283
42,077,006304,1,764,+40.564510,-075.533837
42,077,006304,2,1380,+40.549303,-075.526357
42,077,006304,3,1879,+40.563610,-075.542791
42,077,006305,1,1560,+40.557663,-075.571258
42,077,006305,2,2372,+40.553186,-075.545867
42,077,006305,3,1644,+40.554967,-075.564764
42,077,006305,4,1339,+40.556460,-075.557643
42,077,006309,1,1716,+40.541763,-075.594210
42,077,006309,2,2180,+40.545813,-075.578958
42,077,006310,1,1330,+40.539755,-075.558449
42,077,006310,2,2044,+40.538670,-075.543436
42,077,006310,3,1596,+40.528077,-075.535130
42,077,006311,1,1339,+40.538370,-075.582425
42,077,006311,2,1519,+40.532254,-075.592243
42,077,006311,3,1292,+40.530970,-075.577554
42,077,006312,1,1837,+40.524671,-075.567538
42,077,006312,2,1413,+40.530257,-075.556730
42,077,006401,1,1986,+40.520929,-075.518920
42,077,006401,2,860,+40.517431,-075.488707
42,077,006402,1,968,+40.493410,-075.541270
42,077,006402,2,1690,+40.472197,-075.537847
42,077,006402,3,2225,+40.497745,-075.499713
42,077,006500,1,829,+40.538074,-075.489293
42,077,006500,2,1507,+40.534716,-075.489873
42,077,006500,3,1209,+40.532342,-075.493274
42,077,006500,4,1420,+40.528530,-075.498610
42,077,006500,5,810,+40.522825,-075.509183
42,077,006600,1,738,+40.551940,-075.483365
42,077,006600,2,844,+40.546636,-075.491089
42,077,006600,3,1520,+40.541194,-075.497199
42,077,006600,4,1003,+40.537186,-075.502204
42,077,006600,5,1820,+40.534021,-075.509130
42,077,006701,1,726,+40.602027,-075.408816
42,077,006701,2,931,+40.596491,-075.419691
42,077,006701,3,1426,+40.590052,-075.427455
42,077,006701,4,751,+40.589308,-075.435066
42,077,006701,5,962,+40.585237,-075.442209
42,077,006702,1,1712,+40.565773,-075.449442
42,077,006702,2,1064,+40.588772,-075.411524
42,077,006703,1,1527,+40.578790,-075.503295
42,077,006703,2,2063,+40.555135,-075.497182
42,077,006703,3,1190,+40.569280,-075.517401
42,077,006703,4,1269,+40.576687,-075.510679
42,077,006800,1,1419,+40.606805,-075.391704
42,077,006800,2,1130,+40.603594,-075.394276
42,077,006800,3,1246,+40.598741,-075.397714
42,077,006800,4,1037,+40.602265,-075.398976
42,077,006902,1,1587,+40.511507,-075.394265
42,077,006902,2,862,+40.509119,-075.387173
42,077,006903,1,1649,+40.544175,-075.403672
42,077,006903,2,1162,+40.527301,-075.365485
42,077,006903,3,2772,+40.542072,-075.375097
42,077,006903,4,1374,+40.561799,-075.414074
42,077,006905,1,2186,+40.502611,-075.412186
42,077,006905,2,1033,+40.515700,-075.433826
42,077,006905,3,2249,+40.524172,-075.401568
42,077,006906,1,2951,+40.533938,-075.421599
42,077,006906,2,1595,+40.544212,-075.439055
42,077,007000,1,2543,+40.491409,-075.441615
42,077,007000,2,631,+40.467465,-075.482611
42,077,007000,3,687,+40.444243,-075.480562
42,077,009100,1,1376,+40.633271,-075.401697
42,077,009100,2,1132,+40.643904,-075.408666
42,077,009100,3,1233,+40.636262,-075.400141
42,077,009200,1,1845,+40.644412,-075.417407
42,077,009200,2,1009,+40.636871,-075.414753
42,077,009200,3,992,+40.639886,-075.422407
42,077,009300,1,939,+40.624258,-075.400700
42,077,009300,2,822,+40.626116,-075.408691
42,077,009300,3,702,+40.626402,-075.416161
42,077,009300,4,923,+40.631691,-075.415253
42,077,009400,1,1114,+40.620346,-075.400071
42,077,009400,2,682,+40.618897,-075.407542
42,077,009400,3,898,+40.616753,-075.400350
42,077,009400,4,1424,+40.621934,-075.415160
42,077,009500,1,838,+40.625297,-075.391705
42,077,009500,2,1128,+40.622709,-075.389871
42,077,009500,3,906,+40.620751,-075.388740
42,077,009500,4,1190,+40.618214,-075.391793
42,077,009500,5,619,+40.616823,-075.389297
42,077,009601,1,1063,+40.614559,-075.442552
42,077,009601,2,961,+40.615444,-075.436375
42,077,009601,3,1082,+40.614843,-075.431826
42,077,009602,1,1689,+40.611746,-075.449604
42,077,009602,2,1673,+40.607497,-075.447734
42,077,009602,3,1998,+40.604912,-075.444656
42,077,009700,1,1575,+40.602211,-075.473065
42,077,009700,2,739,+40.599135,-075.470751
42,077,009700,3,1620,+40.598946,-075.476649
42,079,200100,1,1338,+41.242820,-075.884471
42,079,200100,2,1658,+41.247164,-075.882497
42,079,200100,3,964,+41.247812,-075.876225
42,079,200200,1,1149,+41.245421,-075.907495
42,079,200200,2,965,+41.243831,-075.895601
42,079,200200,3,811,+41.243120,-075.903589
42,079,200200,4,758,+41.242040,-075.900415
42,079,200300,1,1077,+41.240258,-075.917055
42,079,200300,2,790,+41.238815,-075.912710
42,079,200400,1,1209,+41.236444,-075.910473
42,079,200400,2,1423,+41.232386,-075.908723
42,079,200500,1,765,+41.242075,-075.890873
42,079,200500,2,1153,+41.238711,-075.902079
42,079,200500,3,744,+41.238764,-075.897347
42,079,200600,1,1496,+41.228291,-075.899947
42,079,200600,2,757,+41.224779,-075.894764
42,079,200700,1,696,+41.228699,-075.891928
42,079,200700,2,962,+41.230906,-075.895737
42,079,200700,3,2063,+41.234108,-075.894709
42,079,200800,1,866,+41.236389,-075.886399
42,079,200800,2,874,+41.232833,-075.888380
42,079,200800,3,850,+41.231103,-075.881356
42,079,200800,4,1150,+41.233111,-075.884158
42,079,200900,1,898,+41.239637,-075.880122
42,079,200900,2,795,+41.237329,-075.878523
42,079,200900,3,628,+41.236335,-075.876170
42,079,200900,4,931,+41.234469,-075.874832
42,079,201000,1,1564,+41.238686,-075.871222
42,079,201000,2,1294,+41.239415,-075.865974
42,079,201100,1,1342,+41.249962,-075.871344
42,079,201200,1,1247,+41.254826,-075.874175
42,079,201200,2,1439,+41.255634,-075.868718
42,079,201300,1,1175,+41.257721,-075.860466
42,079,201300,2,1078,+41.252952,-075.865982
42,079,201400,1,1010,+41.248213,-075.859759
42,079,201400,2,619,+41.247083,-075.865771
42,079,201400,3,761,+41.245169,-075.865041
42,079,201500,1,871,+41.260529,-075.843777
42,079,201500,2,1449,+41.255924,-075.844727
42,079,201600,1,813,+41.266726,-075.836181
42,079,201600,2,623,+41.258579,-075.835860
42,079,201600,3,1303,+41.268513,-075.842994
42,079,210100,1,1854,+41.315099,-075.779266
42,079,210100,2,1332,+41.315541,-075.717355
42,079,210200,1,1260,+41.323033,-075.752250
42,079,210200,2,703,+41.319719,-075.745770
42,079,210200,3,576,+41.325420,-075.740937
42,079,210300,1,805,+41.341823,-075.736237
42,079,210300,2,862,+41.335737,-075.741824
42,079,210300,3,840,+41.334969,-075.750765
42,079,210400,1,1329,+41.328560,-075.773872
42,079,210500,1,1866,+41.343518,-075.768762
42,079,210500,2,724,+41.353124,-075.763676
42,079,210500,3,694,+41.348705,-075.757927
42,079,210500,4,540,+41.350373,-075.767639
42,079,210500,5,1212,+41.347188,-075.747685
42,079,210600,1,1224,+41.317603,-075.798266
42,079,210600,2,1480,+41.316455,-075.791996
42,079,210700,1,834,+41.339673,-075.782925
42,079,210700,2,908,+41.333018,-075.783843
42,079,210800,1,788,+41.328454,-075.782502
42,079,210800,2,1170,+41.324942,-075.785182
42,079,210800,3,1187,+41.320894,-075.785234
42,079,211000,1,862,+41.335586,-075.800546
42,079,211000,2,1131,+41.331379,-075.796393
42,079,211000,3,658,+41.328890,-075.800344
42,079,211000,4,793,+41.324957,-075.800530
42,079,211000,5,1208,+41.329962,-075.804545
42,079,211101,1,1594,+41.328579,-075.820674
42,079,211101,2,1063,+41.322193,-075.815446
42,079,211101,3,894,+41.317327,-075.823151
42,079,211101,4,1030,+41.322277,-075.831720
42,079,211101,5,933,+41.338795,-075.818033
42,079,211102,1,1382,+41.397686,-075.847185
42,079,211102,2,669,+41.361703,-075.830523
42,079,211201,1,723,+41.335465,-075.964123
42,079,211201,2,897,+41.327819,-075.961488
42,079,211201,3,1074,+41.332785,-075.973980
42,079,211203,1,1716,+41.381207,-075.895663
42,079,211204,1,1421,+41.337840,-075.953114
42,079,211204,2,739,+41.321105,-075.958516
42,079,211204,3,1705,+41.348531,-075.971159
42,079,211204,4,1988,+41.363319,-075.941441
42,079,211204,5,777,+41.331516,-075.938902
42,079,211205,1,709,+41.370665,-075.992994
42,079,211205,2,1760,+41.344221,-075.985391
42,079,211301,1,1149,+41.300230,-075.958981
42,079,211301,2,1319,+41.277080,-075.980625
42,079,211301,3,2163,+41.267008,-076.019520
42,079,211302,1,811,+41.270326,-076.078745
42,079,211302,2,1424,+41.301868,-076.030734
42,079,211302,3,1111,+41.330684,-076.011214
42,079,211303,1,1270,+41.364984,-076.031213
42,079,211303,2,1518,+41.358078,-076.047764
42,079,211304,1,1166,+41.330097,-076.109151
42,079,211304,2,827,+41.345710,-076.066605
42,079,211400,1,717,+41.331367,-075.920102
42,079,211400,2,1414,+41.309369,-075.919554
42,079,211400,3,1330,+41.317543,-075.931109
42,079,211400,4,1066,+41.310018,-075.940652
42,079,211400,5,841,+41.323346,-075.939078
42,079,211400,6,1740,+41.333848,-075.900037
42,079,211500,1,682,+41.318862,-075.839295
42,079,211500,2,1014,+41.323025,-075.855016
42,079,211500,3,942,+41.311309,-075.855115
42,079,211600,1,870,+41.313875,-075.831442
42,079,211600,2,1031,+41.310865,-075.832940
42,079,211600,3,1201,+41.307644,-075.840730
42,079,211701,1,1093,+41.297534,-075.781075
42,079,211701,2,2069,+41.306591,-075.803324
42,079,211701,3,1759,+41.296823,-075.817770
42,079,211702,1,1451,+41.291008,-075.792299
42,079,211800,1,1072,+41.258630,-075.803752
42,079,211800,2,909,+41.252927,-075.829163
42,079,211900,1,936,+41.286209,-075.846126
42,079,211900,2,1189,+41.287269,-075.833731
42,079,211900,3,2279,+41.275569,-075.829695
42,079,211900,4,1591,+41.277582,-075.848924
42,079,212000,1,1038,+41.274138,-075.852552
42,079,212000,2,794,+41.270360,-075.857612
42,079,212100,1,795,+41.293969,-075.867643
42,079,212100,2,1657,+41.284121,-075.877434
42,079,212100,3,1090,+41.282233,-075.872404
42,079,212100,4,697,+41.274793,-075.874857
42,079,212200,1,990,+41.300599,-075.867823
42,079,212200,2,796,+41.294087,-075.873112
42,079,212200,3,795,+41.286793,-075.881567
42,079,212200,4,1460,+41.297822,-075.880259
42,079,212200,5,980,+41.289733,-075.885580
42,079,212300,1,864,+41.288256,-075.895207
42,079,212300,2,712,+41.285625,-075.897323
42,079,212300,3,1135,+41.280989,-075.889918
42,079,212700,1,1381,+41.270202,-075.901186
42,079,212700,2,1325,+41.263761,-075.898581
42,079,212700,3,1272,+41.269682,-075.893278
42,079,212700,4,1239,+41.274587,-075.887706
42,079,212800,1,649,+41.272644,-075.880690
42,079,212800,2,830,+41.269632,-075.885432
42,079,212800,3,1043,+41.264563,-075.883232
42,079,212800,4,919,+41.267134,-075.879430
42,079,212900,1,1451,+41.262587,-075.889649
42,079,213000,1,776,+41.260249,-075.893428
42,079,213000,2,703,+41.257671,-075.896087
42,079,213100,1,1761,+41.255491,-075.887627
42,079,213200,1,1416,+41.272100,-075.911816
42,079,213200,2,1521,+41.268617,-075.906590
42,079,213200,3,1033,+41.265068,-075.910366
42,079,213200,4,959,+41.257743,-075.903667
42,079,213300,1,689,+41.282946,-075.910962
42,079,213300,2,893,+41.276759,-075.901181
42,079,213400,1,1083,+41.268527,-075.931031
42,079,213400,2,996,+41.264085,-075.918491
42,079,213400,3,1026,+41.258099,-075.928866
42,079,213400,4,1120,+41.250634,-075.935595
42,079,213600,1,1160,+41.244076,-075.938613
42,079,213600,2,993,+41.243479,-075.944163
42,079,213700,1,767,+41.242338,-075.948731
42,079,213700,2,1238,+41.241833,-075.954966
42,079,213800,1,1605,+41.237783,-075.959565
42,079,213900,1,865,+41.242092,-075.972338
42,079,213900,2,852,+41.229531,-076.022507
42,079,214100,1,986,+41.202679,-076.008488
42,079,214100,2,1510,+41.199224,-076.005827
42,079,214100,3,1004,+41.208778,-076.009982
42,079,214200,1,734,+41.200909,-075.996077
42,079,214200,2,1531,+41.204549,-075.994821
42,079,214200,3,685,+41.202713,-075.996801
42,079,214300,1,917,+41.199276,-075.993699
42,079,214300,2,1204,+41.188085,-075.983868
42,079,214400,1,1196,+41.194364,-076.003420
42,079,214400,2,861,+41.192249,-076.000966
42,079,214500,1,861,+41.235634,-075.928590
42,079,214500,2,881,+41.232481,-075.934911
42,079,214600,1,717,+41.218376,-075.926163
42,079,214600,2,1212,+41.229993,-075.918247
42,079,214600,3,2166,+41.226621,-075.912312
42,079,214900,1,798,+41.221311,-075.897243
42,079,214900,2,660,+41.205945,-075.909564
42,079,215000,1,1001,+41.195927,-075.931619
42,079,215000,2,527,+41.190384,-075.953782
42,079,215100,1,1031,+41.217524,-075.900720
42,079,215100,2,686,+41.213261,-075.896554
42,079,215100,3,879,+41.210843,-075.904690
42,079,215200,1,965,+41.222292,-075.887053
42,079,215200,2,2218,+41.231085,-075.860748
42,079,215300,1,1406,+41.217928,-075.820425
42,079,215300,2,1348,+41.211290,-075.730418
42,079,215300,3,1228,+41.158863,-075.729365
42,079,215400,1,1323,+41.096763,-075.794894
42,079,215400,2,1166,+41.059800,-075.777241
42,079,215501,1,2440,+41.154276,-075.883417
42,079,215501,2,2263,+41.162927,-075.873844
42,079,215502,1,2489,+41.138739,-075.908677
42,079,215502,2,2438,+41.111935,-075.931220
42,079,215502,3,795,+41.113682,-075.897275
42,079,215503,1,1510,+41.134583,-075.940397
42,079,215503,2,2122,+41.156687,-075.935377
42,079,215504,1,666,+41.155513,-075.976241
42,079,215504,2,621,+41.122762,-076.008243
42,079,215504,3,1455,+41.091366,-075.995016
42,079,215504,4,1054,+41.141890,-076.032888
42,079,215600,1,1601,+41.187122,-076.025798
42,079,215600,2,293,+41.188438,-076.080144
42,079,215600,3,938,+41.175870,-076.018443
42,079,215600,4,766,+41.172265,-076.075939
42,079,215600,5,835,+41.177478,-076.073029
42,079,215701,1,936,+41.252248,-076.122324
42,079,215701,2,1287,+41.222065,-076.095764
42,079,215702,1,2667,+41.192965,-076.162526
42,079,215800,1,1100,+41.302942,-076.155267
42,079,215800,2,1626,+41.264591,-076.164774
42,079,215900,1,1210,+41.262952,-076.269018
42,079,215900,2,1177,+41.200337,-076.264225
42,079,215900,3,1098,+41.169510,-076.236690
42,079,216100,1,798,+41.119860,-076.186652
42,079,216100,2,1187,+41.076777,-076.186375
42,079,216100,3,790,+41.069510,-076.221645
42,079,216100,4,1252,+41.062093,-076.222154
42,079,216200,1,503,+41.140866,-076.138261
42,079,216200,2,809,+41.113245,-076.108332
42,079,216200,3,1162,+41.069238,-076.085814
42,079,216200,4,1081,+41.038756,-076.170879
42,079,216200,5,763,+41.050769,-076.218300
42,079,216200,6,717,+41.054289,-076.215222
42,079,216400,1,739,+40.987065,-076.162180
42,079,216400,2,1170,+40.947467,-076.156372
42,079,216501,1,1035,+40.994043,-076.066870
42,079,216501,2,790,+40.987906,-076.054441
42,079,216502,1,1222,+41.013363,-076.084723
42,079,216502,2,1579,+40.983797,-076.085326
42,079,216502,3,1045,+40.991685,-076.037965
42,079,216601,1,1857,+41.010262,-075.977812
42,079,216601,2,1382,+41.031860,-075.992253
42,079,216602,1,3016,+41.045225,-075.997878
42,079,216602,2,1073,+41.032214,-075.937704
42,079,216602,3,2157,+41.040450,-075.934310
42,079,216700,1,836,+41.023037,-075.899154
42,079,216700,2,1923,+41.019126,-075.894117
42,079,216700,3,1074,+41.017632,-075.899891
42,079,216800,1,1526,+41.041606,-075.811804
42,079,216800,2,562,+41.006445,-075.823772
42,079,216800,3,1428,+41.017694,-075.894593
42,079,216900,1,1733,+40.995897,-075.942648
42,079,216900,2,1340,+40.960805,-075.951067
42,079,216900,3,1623,+40.988174,-075.967154
42,079,217001,1,911,+40.957241,-076.006800
42,079,217001,2,1428,+40.934505,-076.038771
42,079,217002,1,1569,+40.985753,-075.996201
42,079,217002,2,1556,+40.971857,-075.989710
42,079,217100,1,852,+40.968727,-075.969847
42,079,217100,2,1718,+40.964744,-075.960863
42,079,217100,3,1338,+40.962983,-075.966701
42,079,217200,1,1705,+40.951958,-075.967560
42,079,217200,2,860,+40.951813,-075.972457
42,079,217200,3,1341,+40.949127,-075.974161
42,079,217300,1,1078,+40.940492,-075.966985
42,079,217300,2,906,+40.941057,-075.974937
42,079,217300,3,1687,+40.944327,-075.958480
42,079,217400,1,768,+40.950750,-075.977319
42,079,217400,2,983,+40.949257,-075.981831
42,079,217500,1,1693,+40.955668,-075.972294
42,079,217500,2,1687,+40.957192,-075.980814
42,079,217600,1,975,+40.962913,-075.972563
42,079,217600,2,1108,+40.959698,-075.972776
42,079,217600,3,1638,+40.961521,-075.977371
42,079,217700,1,1197,+40.967971,-075.974204
42,079,217700,2,1270,+40.969893,-075.980301
42,079,217700,3,1899,+40.965118,-075.980233
42,079,217700,4,1124,+40.969536,-075.986225
42,079,217800,1,2437,+40.960372,-075.984087
42,079,217800,2,1699,+40.963678,-075.988414
42,079,217900,1,702,+40.969182,-076.004736
42,079,217900,2,1241,+40.963197,-075.994776
42,079,217900,3,1135,+40.959784,-075.991555
42,079,217900,4,2085,+40.958549,-075.998305
42,079,218000,1,1108,+41.197268,-075.961578
42,079,218000,2,1213,+41.220500,-075.949094
42,079,218000,3,1829,+41.219130,-075.938346
42,081,000100,1,1335,+41.256625,-076.987584
42,081,000100,2,822,+41.256761,-076.998899
42,081,000100,3,1097,+41.254306,-077.004658
42,081,000200,1,690,+41.251627,-077.019232
42,081,000200,2,722,+41.254278,-077.012094
42,081,000200,3,718,+41.249624,-077.010820
42,081,000300,1,639,+41.245340,-077.023981
42,081,000300,2,677,+41.244879,-077.030004
42,081,000300,3,664,+41.244760,-077.036051
42,081,000300,4,932,+41.241028,-077.037576
42,081,000300,5,639,+41.243978,-077.044334
42,081,000300,6,1059,+41.241058,-077.029788
42,081,000300,7,1156,+41.240762,-077.023515
42,081,000400,1,510,+41.247056,-077.009852
42,081,000400,2,629,+41.245506,-077.019601
42,081,000400,3,1062,+41.241888,-077.017648
42,081,000400,4,1017,+41.243033,-077.010422
42,081,000400,5,684,+41.238929,-077.014146
42,081,000500,1,820,+41.249411,-076.998202
42,081,000500,2,897,+41.247588,-077.005099
42,081,000500,3,838,+41.245617,-077.000083
42,081,000600,1,1409,+41.250449,-076.989086
42,081,000600,2,1066,+41.242997,-076.997846
42,081,000800,1,1687,+41.236574,-077.027498
42,081,000800,2,589,+41.236720,-077.015528
42,081,000900,1,946,+41.232680,-077.052523
42,081,000900,2,1355,+41.236419,-077.056953
42,081,001000,1,1081,+41.241110,-077.056065
42,081,001000,2,810,+41.241432,-077.069212
42,081,001000,3,1204,+41.237004,-077.064875
42,081,010100,1,1589,+41.459921,-077.185005
42,081,010100,2,604,+41.516802,-076.933171
42,081,010200,1,480,+41.363417,-077.413658
42,081,010200,2,534,+41.249949,-077.314489
42,081,010300,1,1339,+41.272373,-077.232666
42,081,010300,2,867,+41.292789,-077.166188
42,081,010300,3,1047,+41.224762,-077.213929
42,081,010400,1,862,+41.395341,-077.049359
42,081,010400,2,740,+41.310671,-077.114156
42,081,010400,3,945,+41.330654,-077.057375
42,081,010400,4,718,+41.310391,-077.013314
42,081,010400,5,915,+41.310765,-077.058648
42,081,010400,6,751,+41.299209,-077.070341
42,081,010501,1,1200,+41.410803,-076.942989
42,081,010501,2,597,+41.387616,-076.825294
42,081,010502,1,757,+41.308315,-076.836514
42,081,010502,2,1811,+41.318987,-076.912412
42,081,010502,3,1236,+41.318578,-076.975319
42,081,010600,1,1550,+41.289203,-076.662498
42,081,010600,2,1015,+41.199593,-076.658119
42,081,010600,3,903,+41.233880,-076.588185
42,081,010600,4,850,+41.243893,-076.518419
42,081,010700,1,982,+41.304869,-076.770833
42,081,010700,2,1439,+41.258468,-076.715719
42,081,010700,3,1672,+41.230769,-076.732983
42,081,010700,4,1344,+41.238750,-076.722692
42,081,010700,5,810,+41.241251,-076.727627
42,081,010800,1,1178,+41.248335,-076.795899
42,081,010800,2,1524,+41.216911,-076.758340
42,081,010800,3,1029,+41.195285,-076.738781
42,081,010800,4,1020,+41.193506,-076.791406
42,081,010800,5,889,+41.202435,-076.786018
42,081,010800,6,807,+41.206669,-076.786416
42,081,010800,7,744,+41.196994,-076.782968
42,081,010900,1,1571,+41.266423,-076.873387
42,081,010900,2,1263,+41.244247,-076.869529
42,081,011000,1,1001,+41.259155,-076.910377
42,081,011000,2,1045,+41.252051,-076.909613
42,081,011000,3,988,+41.248973,-076.921548
42,081,011000,4,810,+41.253043,-076.923479
42,081,011000,5,906,+41.253519,-076.918177
42,081,011100,1,1045,+41.254105,-076.950625
42,081,011100,2,1132,+41.259911,-076.955367
42,081,011100,3,1114,+41.258591,-076.965481
42,081,011100,4,1445,+41.256389,-076.977209
42,081,011100,5,961,+41.253226,-076.965951
42,081,011200,1,2545,+41.277843,-076.946698
42,081,011200,2,1955,+41.271638,-076.997589
42,081,011200,3,1364,+41.269389,-077.038059
42,081,011301,1,1095,+41.237939,-077.131477
42,081,011301,2,951,+41.228601,-077.169640
42,081,011302,1,1750,+41.253408,-077.078145
42,081,011302,2,760,+41.277554,-077.074167
42,081,011302,3,801,+41.251945,-077.051140
42,081,011302,4,1123,+41.258159,-077.052004
42,081,011302,5,541,+41.263436,-077.045163
42,081,011400,1,686,+41.212783,-077.000501
42,081,011400,2,968,+41.212626,-077.113467
42,081,011601,1,1200,+41.222648,-077.035456
42,081,011603,1,682,+41.232157,-077.002324
42,081,011603,2,902,+41.224665,-077.014190
42,081,011603,3,641,+41.224229,-077.022858
42,081,011604,1,755,+41.226082,-077.005193
42,081,011604,2,1126,+41.232668,-076.994581
42,081,011604,3,885,+41.228305,-076.995947
42,081,011604,4,1270,+41.230020,-076.987076
42,081,011701,1,1568,+41.171507,-076.874786
42,081,011701,2,1339,+41.190805,-076.854094
42,081,011701,3,1349,+41.203667,-076.829223
42,081,011702,1,1768,+41.136128,-077.019860
42,081,011702,2,1533,+41.174169,-076.915291
42,081,011800,1,1188,+41.185618,-077.177103
42,081,011800,2,1966,+41.147231,-077.168244
42,081,011900,1,1528,+41.199859,-077.272508
42,081,011900,2,1108,+41.199603,-077.278001
42,081,011900,3,1021,+41.202113,-077.269473
42,081,011900,4,622,+41.202958,-077.260750
42,081,011900,5,666,+41.204848,-077.256901
42,081,011900,6,749,+41.198553,-077.255542
42,083,420100,1,1403,+41.961718,-078.706066
42,083,420100,2,1915,+41.980804,-078.650573
42,083,420200,1,1575,+41.949728,-078.651859
42,083,420200,2,1203,+41.954324,-078.645122
42,083,420300,1,582,+41.960190,-078.658803
42,083,420300,2,927,+41.961175,-078.647179
42,083,420300,3,950,+41.956747,-078.658213
42,083,420400,1,1071,+41.967783,-078.645739
42,083,420400,2,1540,+41.963454,-078.627465
42,083,420500,1,975,+41.981214,-078.586853
42,083,420500,2,1020,+41.951032,-078.577220
42,083,420500,3,856,+41.903970,-078.589546
42,083,420600,1,1323,+41.948205,-078.479148
42,083,420600,2,711,+41.887689,-078.460519
42,083,420600,3,689,+41.950883,-078.412735
42,083,420600,4,878,+41.966542,-078.367240
42,083,420600,5,936,+41.929671,-078.354663
42,083,420600,6,615,+41.961841,-078.246078
42,083,420700,1,838,+41.863921,-078.285724
42,083,420700,2,1182,+41.789891,-078.254585
42,083,420700,3,1654,+41.817774,-078.281551
42,083,420700,4,683,+41.821583,-078.331836
42,083,420800,1,1555,+41.814861,-078.477268
42,083,420800,2,1117,+41.787073,-078.442365
42,083,420800,3,968,+41.786710,-078.397078
42,083,420900,1,1231,+41.750966,-078.653219
42,083,420900,2,838,+41.710880,-078.615268
42,083,421000,1,3145,+41.930091,-078.679684
42,083,421000,2,2233,+41.837907,-078.666597
42,083,421000,3,0,+41.798006,-078.687654
42,083,421100,1,799,+41.719100,-078.868262
42,083,421100,2,1886,+41.663781,-078.806202
42,083,421100,3,816,+41.658275,-078.782411
42,083,421200,1,855,+41.652091,-078.832380
42,083,421200,2,1463,+41.659545,-078.815419
42,085,030100,1,720,+41.238823,-080.516272
42,085,030100,2,628,+41.230250,-080.516336
42,085,030100,3,586,+41.224709,-080.517395
42,085,030300,1,971,+41.248161,-080.498509
42,085,030300,2,630,+41.241005,-080.499739
42,085,030300,3,692,+41.234834,-080.501591
42,085,030300,4,889,+41.235344,-080.495856
42,085,030400,1,1051,+41.239939,-080.485872
42,085,030400,2,817,+41.233637,-080.486897
42,085,030400,3,833,+41.229641,-080.487876
42,085,030500,1,912,+41.225783,-080.493260
42,085,030500,2,763,+41.224030,-080.487882
42,085,030500,3,710,+41.219291,-080.492774
42,085,030900,1,806,+41.209763,-080.493916
42,085,030900,2,921,+41.212777,-080.488213
42,085,030900,3,835,+41.209228,-080.478241
42,085,031100,1,687,+41.221095,-080.477190
42,085,031100,2,845,+41.209546,-080.468001
42,085,031200,1,892,+41.222577,-080.453000
42,085,031200,2,1679,+41.220786,-080.437016
42,085,031200,3,1233,+41.223307,-080.408779
42,085,031200,4,1683,+41.201032,-080.439741
42,085,031300,1,762,+41.262143,-080.426042
42,085,031300,2,1856,+41.244142,-080.429686
42,085,031400,1,1189,+41.251504,-080.467205
42,085,031400,2,786,+41.244278,-080.475886
42,085,031400,3,785,+41.244084,-080.461083
42,085,031400,4,728,+41.236240,-080.476050
42,085,031400,5,951,+41.233219,-080.461735
42,085,031400,6,1033,+41.229964,-080.474513
42,085,031700,1,839,+41.254332,-080.484046
42,085,031700,2,714,+41.259877,-080.475553
42,085,031700,3,923,+41.254380,-080.476666
42,085,031800,1,1276,+41.427928,-080.293042
42,085,031800,2,953,+41.453116,-080.218661
42,085,031800,3,1168,+41.459930,-080.083838
42,085,031800,4,611,+41.415118,-080.217446
42,085,031800,5,721,+41.390367,-080.227236
42,085,031900,1,947,+41.450306,-080.350256
42,085,031900,2,2021,+41.405904,-080.356534
42,085,031900,3,770,+41.401593,-080.361830
42,085,031900,4,944,+41.386403,-080.373541
42,085,032000,1,582,+41.486596,-080.437438
42,085,032000,2,1052,+41.467052,-080.442401
42,085,032000,3,1364,+41.427008,-080.412703
42,085,032000,4,1175,+41.394558,-080.462442
42,085,032000,5,677,+41.381145,-080.411146
42,085,032100,1,528,+41.405289,-080.397033
42,085,032100,2,1143,+41.409798,-080.386658
42,085,032100,3,1081,+41.400972,-080.391715
42,085,032200,1,820,+41.401192,-080.372634
42,085,032200,2,794,+41.407931,-080.372982
42,085,032200,3,1174,+41.401108,-080.380054
42,085,032300,1,817,+41.323207,-080.487187
42,085,032300,2,1263,+41.281024,-080.490390
42,085,032300,3,1149,+41.277505,-080.429689
42,085,032401,1,1477,+41.326032,-080.424672
42,085,032402,1,572,+41.346593,-080.401535
42,085,032402,2,1069,+41.337217,-080.402847
42,085,032403,1,436,+41.320811,-080.258355
42,085,032403,2,1164,+41.320121,-080.352471
42,085,032403,3,920,+41.336407,-080.295858
42,085,032502,1,1372,+41.276139,-080.154568
42,085,032502,2,827,+41.269582,-080.049988
42,085,032503,1,1652,+41.336019,-080.187272
42,085,032504,1,945,+41.335766,-080.108204
42,085,032504,2,649,+41.350922,-080.081045
42,085,032504,3,1202,+41.340688,-080.062992
42,085,032505,1,1458,+41.403686,-080.085770
42,085,032601,1,1226,+41.253331,-080.355643
42,085,032601,2,693,+41.262250,-080.286724
42,085,032601,3,1107,+41.254468,-080.242509
42,085,032601,4,1046,+41.278325,-080.196929
42,085,032601,5,880,+41.222207,-080.275176
42,085,032601,6,789,+41.186441,-080.271940
42,085,032602,1,746,+41.227644,-080.243818
42,085,032602,2,1262,+41.211219,-080.174220
42,085,032602,3,1190,+41.226287,-080.233564
42,085,032602,4,1581,+41.203093,-080.223712
42,085,032701,1,818,+41.174413,-080.454813
42,085,032701,2,790,+41.175540,-080.495759
42,085,032701,3,1030,+41.150258,-080.477463
42,085,032701,4,671,+41.178603,-080.414720
42,085,032701,5,1031,+41.158033,-080.420620
42,085,032702,1,1156,+41.178456,-080.348011
42,085,032702,2,1315,+41.220135,-080.356563
42,085,032801,1,1500,+41.147206,-080.063957
42,085,032801,2,718,+41.215925,-080.062143
42,085,032801,3,1301,+41.180236,-080.049369
42,085,032802,1,482,+41.146832,-080.111004
42,085,032802,2,915,+41.180824,-080.100843
42,085,032802,3,560,+41.164988,-080.118195
42,085,032900,1,800,+41.162540,-080.097496
42,085,032900,2,1267,+41.165435,-080.084894
42,085,032900,3,1124,+41.162852,-080.073333
42,085,033000,1,958,+41.158373,-080.094932
42,085,033000,2,775,+41.153834,-080.091500
42,085,033000,3,632,+41.150683,-080.081042
42,085,033000,4,504,+41.158157,-080.086502
42,085,033000,5,1859,+41.155521,-080.079039
42,085,033100,1,1420,+41.138946,-080.324147
42,085,033100,2,1053,+41.143531,-080.225559
42,085,033100,3,800,+41.150830,-080.175368
42,085,033100,4,1405,+41.118004,-080.098902
42,085,033200,1,831,+41.230260,-080.509953
42,085,033200,2,714,+41.222576,-080.501630
42,085,033200,3,388,+41.227229,-080.503170
42,085,033200,4,1012,+41.227641,-080.497538
42,085,033300,1,890,+41.263975,-080.477992
42,085,033300,2,1102,+41.253381,-080.511760
42,085,033300,3,889,+41.258035,-080.492554
42,085,033400,1,538,+41.217717,-080.501393
42,085,033400,2,585,+41.202946,-080.493006
42,085,033400,3,758,+41.207138,-080.500673
42,085,033400,4,419,+41.212369,-080.500948
42,087,960100,1,891,+40.741607,-077.472926
42,087,960100,2,985,+40.713221,-077.583167
42,087,960100,3,2142,+40.718407,-077.577084
42,087,960200,1,2859,+40.682330,-077.612292
42,087,960200,2,1253,+40.657476,-077.618634
42,087,960300,1,2724,+40.613159,-077.714652
42,087,960300,2,929,+40.604013,-077.746612
42,087,960300,3,1974,+40.558092,-077.792693
42,087,960400,1,1079,+40.403640,-077.862245
42,087,960400,2,818,+40.431206,-077.814480
42,087,960400,3,950,+40.384880,-077.830102
42,087,960500,1,1299,+40.531212,-077.722309
42,087,960500,2,1106,+40.486353,-077.757670
42,087,960500,3,1191,+40.487799,-077.702832
42,087,960600,1,2043,+40.579116,-077.637357
42,087,960600,2,980,+40.571389,-077.607326
42,087,960600,3,761,+40.549109,-077.617508
42,087,960600,4,1409,+40.573592,-077.578281
42,087,960700,1,1034,+40.608509,-077.565449
42,087,960700,2,1308,+40.602155,-077.566511
42,087,960800,1,887,+40.597282,-077.579621
42,087,960800,2,1549,+40.593275,-077.592617
42,087,960800,3,1429,+40.602562,-077.572191
42,087,960900,1,1557,+40.591556,-077.568814
42,087,960900,2,815,+40.590921,-077.562660
42,087,961000,1,1038,+40.638010,-077.565289
42,087,961000,2,953,+40.632805,-077.558333
42,087,961101,1,1195,+40.632747,-077.537414
42,087,961101,2,1178,+40.616732,-077.536972
42,087,961101,3,1040,+40.605112,-077.532754
42,087,961102,1,1033,+40.650870,-077.550044
42,087,961102,2,801,+40.640410,-077.579981
42,087,961102,3,1228,+40.620986,-077.577800
42,087,961102,4,737,+40.619842,-077.565467
42,087,961200,1,643,+40.713583,-077.403718
42,087,961200,2,1401,+40.674316,-077.446074
42,087,961200,3,924,+40.677777,-077.390094
42,089,300101,1,1138,+41.148387,-075.210291
42,089,300101,2,2050,+41.086114,-075.194587
42,089,300101,3,490,+41.116155,-075.233934
42,089,300103,1,1455,+41.082247,-075.129606
42,089,300103,2,1684,+41.117198,-075.136878
42,089,300103,3,448,+41.136910,-075.138834
42,089,300104,1,2002,+41.084520,-075.158488
42,089,300104,2,1018,+41.101296,-075.176272
42,089,300201,1,1428,+41.195451,-075.232482
42,089,300201,2,1242,+41.173053,-075.261895
42,089,300201,3,830,+41.167356,-075.285062
42,089,300201,4,553,+41.205969,-075.273009
42,089,300203,1,1178,+41.132253,-075.354844
42,089,300203,2,1911,+41.119976,-075.363727
42,089,300204,1,1861,+41.125421,-075.277231
42,089,300204,2,1038,+41.106783,-075.296132
42,089,300308,1,518,+41.198413,-075.410434
42,089,300308,2,1173,+41.157576,-075.369114
42,089,300308,3,1191,+41.168029,-075.382892
42,089,300311,1,1298,+41.115502,-075.423960
42,089,300311,2,828,+41.116039,-075.470673
42,089,300312,1,720,+41.138377,-075.545884
42,089,300312,2,829,+41.107311,-075.595548
42,089,300312,3,562,+41.143052,-075.569018
42,089,300313,1,618,+41.162900,-075.452124
42,089,300313,2,464,+41.175150,-075.535275
42,089,300313,3,874,+41.166369,-075.567269
42,089,300314,1,1837,+41.143147,-075.401726
42,089,300314,2,506,+41.133469,-075.383630
42,089,300315,1,1267,+40.999260,-075.489420
42,089,300315,2,1166,+41.007496,-075.494529
42,089,300315,3,790,+41.036170,-075.526562
42,089,300316,1,1168,+41.076551,-075.420810
42,089,300316,2,2040,+41.024110,-075.457987
42,089,300316,3,606,+41.054879,-075.501815
42,089,300317,1,1130,+41.160148,-075.347691
42,089,300317,2,2155,+41.158099,-075.347656
42,089,300317,3,680,+41.212162,-075.342146
42,089,300318,1,1332,+41.218693,-075.351349
42,089,300318,2,594,+41.218332,-075.362227
42,089,300319,1,1089,+41.172076,-075.365915
42,089,300319,2,534,+41.190287,-075.359410
42,089,300319,3,1251,+41.188883,-075.363586
42,089,300320,1,773,+41.095175,-075.458365
42,089,300320,2,965,+41.098585,-075.561615
42,089,300321,1,536,+41.103562,-075.415714
42,089,300321,2,964,+41.092396,-075.412260
42,089,300321,3,840,+41.085828,-075.405304
42,089,300322,1,1514,+41.200344,-075.381304
42,089,300322,2,1434,+41.201375,-075.376509
42,089,300323,1,1028,+41.218093,-075.369613
42,089,300323,2,883,+41.198746,-075.363201
42,089,300401,1,952,+41.081914,-075.361950
42,089,300401,2,794,+41.056844,-075.343846
42,089,300401,3,1407,+41.082521,-075.324508
42,089,300401,4,1517,+41.074688,-075.292484
42,089,300404,1,735,+41.052157,-075.273221
42,089,300404,2,1066,+41.041892,-075.285714
42,089,300404,3,542,+41.019635,-075.303015
42,089,300404,4,910,+41.049579,-075.294961
42,089,300404,5,1851,+41.019883,-075.281204
42,089,300405,1,1110,+41.053869,-075.248213
42,089,300406,1,1097,+40.963328,-075.348416
42,089,300406,2,2056,+41.002358,-075.319648
42,089,300407,1,2461,+41.003113,-075.371119
42,089,300407,2,964,+41.033150,-075.369854
42,089,300501,1,1051,+40.982371,-075.150986
42,089,300501,2,589,+41.032397,-075.094441
42,089,300501,3,1067,+41.004825,-075.151347
42,089,300501,4,560,+41.011939,-075.121016
42,089,300502,1,1460,+41.046794,-075.172780
42,089,300502,2,1759,+41.031242,-075.165532
42,089,300502,3,767,+41.040146,-075.127918
42,089,300502,4,1389,+41.018222,-075.154914
42,089,300600,1,1726,+41.012592,-075.179426
42,089,300600,2,1299,+41.003894,-075.171722
42,089,300600,3,1373,+41.008810,-075.188199
42,089,300700,1,2434,+40.998396,-075.174280
42,089,300700,2,1503,+40.996724,-075.183597
42,089,300700,3,1334,+40.991983,-075.170104
42,089,300801,1,1426,+40.981451,-075.206069
42,089,300801,2,1214,+40.980405,-075.191101
42,089,300802,1,688,+40.991062,-075.189467
42,089,300802,2,992,+40.990674,-075.194702
42,089,300802,3,1607,+40.986161,-075.197545
42,089,300901,1,602,+40.990974,-075.218750
42,089,300901,2,898,+40.981100,-075.219792
42,089,300901,3,2211,+40.998608,-075.206004
42,089,300901,4,889,+41.004438,-075.222265
42,089,300902,1,1670,+41.012830,-075.197609
42,089,301002,1,1871,+40.967181,-075.211431
42,089,301002,2,882,+40.980931,-075.241159
42,089,301003,1,1176,+41.049248,-075.206055
42,089,301003,2,2027,+41.039952,-075.195735
42,089,301004,1,2366,+41.038189,-075.244586
42,089,301004,2,2325,+41.031312,-075.238759
42,089,301005,1,1089,+41.017332,-075.230769
42,089,301005,2,1828,+41.003255,-075.250947
42,089,301101,1,1555,+40.911966,-075.314764
42,089,301101,2,1544,+40.977313,-075.275475
42,089,301101,3,1987,+40.965490,-075.308557
42,089,301101,4,604,+40.938005,-075.332601
42,089,301102,1,1419,+40.917485,-075.277498
42,089,301102,2,1488,+40.950979,-075.271434
42,089,301202,1,977,+40.918130,-075.426827
42,089,301202,2,2257,+40.933830,-075.391366
42,089,301202,3,1338,+40.916458,-075.377387
42,089,301203,1,1710,+40.901565,-075.354024
42,089,301203,2,1217,+40.866608,-075.347198
42,089,301203,3,1212,+40.882036,-075.386804
42,089,301203,4,1336,+40.895621,-075.399019
42,089,301204,1,1317,+40.950159,-075.454368
42,089,301204,2,1516,+40.986507,-075.463411
42,089,301204,3,1329,+40.980542,-075.480999
42,089,301206,1,853,+40.986896,-075.445727
42,089,301206,2,2446,+40.994318,-075.431965
42,089,301207,1,1549,+40.976414,-075.424425
42,089,301207,2,1218,+40.968269,-075.385071
42,089,301207,3,1923,+40.963021,-075.411376
42,089,301302,1,1281,+40.852568,-075.472833
42,089,301302,2,1315,+40.867145,-075.444279
42,089,301303,1,1618,+40.962351,-075.525814
42,089,301303,2,869,+40.923137,-075.524989
42,089,301303,3,871,+40.891464,-075.507133
42,089,301304,1,1664,+40.921492,-075.457488
42,089,301304,2,1261,+40.947396,-075.500314
42,089,301304,3,1190,+40.916103,-075.481447
42,089,301403,1,1247,+41.073043,-075.047285
42,089,301403,2,1751,+41.059547,-075.105289
42,089,301404,1,650,+41.046009,-075.077931
42,089,301404,2,518,+41.056003,-075.077577
42,089,301404,3,551,+41.064819,-075.040262
42,089,301405,1,1094,+41.108927,-075.111990
42,089,301405,2,418,+41.081179,-075.056571
42,089,301405,3,1836,+41.084989,-075.082337
42,089,301406,1,1381,+41.102664,-075.058695
42,091,200103,1,1838,+40.154448,-075.063152
42,091,200103,2,2558,+40.150168,-075.048537
42,091,200104,1,2255,+40.132642,-075.028663
42,091,200104,2,2191,+40.140593,-075.037086
42,091,200105,1,1248,+40.116723,-075.049648
42,091,200105,2,804,+40.111206,-075.061958
42,091,200105,3,913,+40.117692,-075.061299
42,091,200106,1,1338,+40.122065,-075.069601
42,091,200106,2,772,+40.126353,-075.084463
42,091,200200,1,1272,+40.133647,-075.061502
42,091,200301,1,187,+40.158328,-075.133694
42,091,200301,2,1069,+40.174454,-075.120249
42,091,200301,3,22,+40.157910,-075.129707
42,091,200301,4,937,+40.187015,-075.110096
42,091,200301,5,1237,+40.179422,-075.117283
42,091,200301,6,1413,+40.164561,-075.129560
42,091,200301,7,1884,+40.166528,-075.116756
42,091,200305,1,2237,+40.176028,-075.089441
42,091,200306,1,2119,+40.167577,-075.077435
42,091,200306,2,1662,+40.166615,-075.097121
42,091,200307,1,1481,+40.149590,-075.114417
42,091,200307,2,1906,+40.155417,-075.116379
42,091,200308,1,2131,+40.153175,-075.129275
42,091,200308,2,911,+40.149004,-075.123368
42,091,200308,3,1142,+40.143051,-075.115501
42,091,200309,1,821,+40.143715,-075.108552
42,091,200309,2,1109,+40.139878,-075.103692
42,091,200309,3,840,+40.137161,-075.107072
42,091,200310,1,1284,+40.142271,-075.093663
42,091,200310,2,1724,+40.150320,-075.099826
42,091,200401,1,1900,+40.172870,-075.113214
42,091,200401,2,842,+40.171256,-075.104714
42,091,200401,3,999,+40.176159,-075.102578
42,091,200402,1,952,+40.180796,-075.095209
42,091,200402,2,2248,+40.183369,-075.101550
42,091,200402,3,1297,+40.184469,-075.106944
42,091,200501,1,1312,+40.196131,-075.124532
42,091,200501,2,1451,+40.190494,-075.116797
42,091,200501,3,1306,+40.201487,-075.132248
42,091,200501,4,22,+40.194604,-075.140353
42,091,200502,1,2158,+40.181865,-075.123563
42,091,200502,2,1045,+40.176103,-075.129762
42,091,200502,3,1348,+40.181536,-075.140232
42,091,200502,4,1102,+40.190769,-075.132377
42,091,200505,1,2662,+40.213196,-075.213167
42,091,200505,2,1258,+40.227312,-075.194397
42,091,200505,3,2178,+40.201176,-075.196758
42,091,200505,4,842,+40.219874,-075.175376
42,091,200506,1,1471,+40.186189,-075.178800
42,091,200506,2,29,+40.206100,-075.166037
42,091,200506,3,2958,+40.192729,-075.170086
42,091,200507,1,1965,+40.182512,-075.147868
42,091,200507,2,115,+40.163344,-075.143050
42,091,200507,3,1014,+40.181834,-075.153987
42,091,200507,4,2311,+40.172683,-075.156811
42,091,200507,5,0,+40.173302,-075.133132
42,091,200507,6,0,+40.168855,-075.134366
42,091,200507,7,17,+40.171628,-075.138675
42,091,200602,1,1479,+40.241961,-075.252191
42,091,200602,2,1448,+40.247689,-075.262748
42,091,200602,3,1930,+40.227944,-075.253538
42,091,200602,4,13,+40.241196,-075.237584
42,091,200602,5,1783,+40.232908,-075.232405
42,091,200602,6,1565,+40.229532,-075.245190
42,091,200603,1,1683,+40.255424,-075.248010
42,091,200603,2,2079,+40.263493,-075.240319
42,091,200605,1,1866,+40.231796,-075.221540
42,091,200605,2,2276,+40.238562,-075.201779
42,091,200605,3,2138,+40.220117,-075.219564
42,091,200606,1,2304,+40.247312,-075.231191
42,091,200606,2,828,+40.252563,-075.235714
42,091,200607,1,2051,+40.258789,-075.224979
42,091,200607,2,2419,+40.247107,-075.219177
42,091,200703,1,1768,+40.264515,-075.258982
42,091,200703,2,1611,+40.271110,-075.271938
42,091,200703,3,51,+40.270600,-075.248326
42,091,200703,4,1226,+40.281716,-075.265844
42,091,200704,1,1653,+40.256380,-075.270022
42,091,200704,2,1838,+40.260912,-075.290802
42,091,200707,1,2000,+40.284036,-075.291319
42,091,200707,2,1552,+40.282377,-075.286158
42,091,200707,3,795,+40.288205,-075.305325
42,091,200708,1,2288,+40.267598,-075.300803
42,091,200708,2,2715,+40.279257,-075.312957
42,091,200708,3,1143,+40.274716,-075.320852
42,091,200800,1,1316,+40.282146,-075.296895
42,091,200800,2,2180,+40.274768,-075.299941
42,091,200901,1,2359,+40.247842,-075.281203
42,091,200901,2,1384,+40.241428,-075.274769
42,091,200901,3,938,+40.256896,-075.284712
42,091,200902,1,1367,+40.242997,-075.281275
42,091,200903,1,1462,+40.230078,-075.279392
42,091,200903,2,1527,+40.235862,-075.287722
42,091,200903,3,2204,+40.235825,-075.278044
42,091,200906,1,2191,+40.235540,-075.264690
42,091,200907,1,946,+40.243692,-075.292073
42,091,200907,2,961,+40.241752,-075.293320
42,091,200907,3,829,+40.240131,-075.295443
42,091,200908,1,1316,+40.246081,-075.290000
42,091,200908,2,1289,+40.251607,-075.293504
42,091,201003,1,1108,+40.222241,-075.273241
42,091,201003,2,1358,+40.222899,-075.285401
42,091,201003,3,2779,+40.214637,-075.264495
42,091,201004,1,2755,+40.225855,-075.299693
42,091,201004,2,3102,+40.234033,-075.301221
42,091,201005,1,2321,+40.216942,-075.317852
42,091,201005,2,1182,+40.206632,-075.307327
42,091,201005,3,18,+40.213724,-075.297015
42,091,201006,1,928,+40.197413,-075.282547
42,091,201006,2,1521,+40.200938,-075.294586
42,091,201100,1,705,+40.212919,-075.277537
42,091,201100,2,1531,+40.208307,-075.277299
42,091,201100,3,1190,+40.214049,-075.270719
42,091,201201,1,1588,+40.190892,-075.259827
42,091,201201,2,1548,+40.185709,-075.242116
42,091,201201,3,1664,+40.206811,-075.246970
42,091,201201,4,1674,+40.201544,-075.231988
42,091,201203,1,1981,+40.176899,-075.224603
42,091,201203,2,1332,+40.191752,-075.214806
42,091,201204,1,1173,+40.170269,-075.243616
42,091,201204,2,1116,+40.166175,-075.230754
42,091,201301,1,1766,+40.163014,-075.223039
42,091,201301,2,976,+40.159103,-075.219586
42,091,201301,3,789,+40.155123,-075.215361
42,091,201302,1,961,+40.154750,-075.221282
42,091,201302,2,1463,+40.150037,-075.219223
42,091,201302,3,852,+40.154343,-075.225747
42,091,201404,1,26,+40.138586,-075.194680
42,091,201404,2,786,+40.143774,-075.185482
42,091,201404,3,755,+40.150386,-075.175754
42,091,201404,4,8,+40.139543,-075.179476
42,091,201404,5,872,+40.163324,-075.198584
42,091,201404,6,1555,+40.154648,-075.190346
42,091,201404,7,866,+40.145965,-075.197498
42,091,201406,1,2548,+40.142627,-075.146506
42,091,201406,2,2537,+40.132512,-075.170103
42,091,201407,1,695,+40.119253,-075.179021
42,091,201407,2,1909,+40.121135,-075.167840
42,091,201408,1,1904,+40.163374,-075.166458
42,091,201408,2,978,+40.148866,-075.156432
42,091,201408,3,1518,+40.154682,-075.163004
42,091,201409,1,1676,+40.169218,-075.178551
42,091,201409,2,2747,+40.176753,-075.193885
42,091,201410,1,2552,+40.161004,-075.209264
42,091,201411,1,1109,+40.145203,-075.214893
42,091,201411,2,4,+40.135374,-075.203550
42,091,201411,3,1620,+40.143862,-075.207705
42,091,201501,1,1033,+40.104025,-075.066456
42,091,201501,2,824,+40.097952,-075.084203
42,091,201501,3,1953,+40.110315,-075.080245
42,091,201502,1,819,+40.103454,-075.091371
42,091,201502,2,1251,+40.112736,-075.094689
42,091,201603,1,1269,+40.146469,-075.131711
42,091,201603,2,729,+40.142198,-075.124619
42,091,201603,3,2772,+40.138584,-075.130351
42,091,201604,1,1305,+40.137821,-075.138609
42,091,201604,2,1873,+40.132613,-075.132468
42,091,201605,1,911,+40.134708,-075.143145
42,091,201605,2,1414,+40.128873,-075.138898
42,091,201605,3,940,+40.132845,-075.147308
42,091,201606,1,924,+40.130306,-075.123873
42,091,201606,2,1491,+40.125222,-075.133439
42,091,201607,1,1423,+40.131372,-075.118123
42,091,201607,2,2181,+40.121848,-075.125391
42,091,201608,1,1856,+40.116781,-075.112650
42,091,201608,2,3088,+40.129644,-075.108872
42,091,201703,1,1550,+40.125086,-075.151262
42,091,201703,2,1557,+40.119788,-075.156410
42,091,201704,1,1927,+40.112175,-075.160101
42,091,201704,2,1637,+40.115144,-075.165343
42,091,201705,1,2170,+40.102867,-075.149235
42,091,201705,2,2360,+40.107746,-075.149072
42,091,201706,1,1612,+40.114924,-075.135295
42,091,201706,2,1230,+40.107575,-075.139545
42,091,201706,3,1901,+40.115025,-075.144814
42,091,201800,1,1316,+40.105017,-075.130892
42,091,201800,2,1511,+40.110046,-075.120945
42,091,201800,3,776,+40.103546,-075.120053
42,091,201901,1,739,+40.090939,-075.098676
42,091,201901,2,1521,+40.089070,-075.086922
42,091,201901,3,1779,+40.097904,-075.108354
42,091,201901,4,1027,+40.090105,-075.093821
42,091,201902,1,1463,+40.073821,-075.097618
42,091,201902,2,1092,+40.078039,-075.103809
42,091,201902,3,1346,+40.088822,-075.123858
42,091,201902,4,1932,+40.083476,-075.113891
42,091,202000,1,910,+40.084127,-075.086678
42,091,202000,2,1728,+40.081425,-075.090837
42,091,202100,1,1580,+40.097988,-075.129316
42,091,202100,2,2606,+40.094155,-075.133201
42,091,202100,3,533,+40.097449,-075.123490
42,091,202201,1,1061,+40.058901,-075.101526
42,091,202201,2,1993,+40.063253,-075.092921
42,091,202201,3,787,+40.070358,-075.110222
42,091,202201,4,980,+40.068049,-075.102397
42,091,202202,1,925,+40.051397,-075.112875
42,091,202202,2,1129,+40.055831,-075.118637
42,091,202202,3,1061,+40.058985,-075.113337
42,091,202301,1,2056,+40.073023,-075.118131
42,091,202301,2,727,+40.071918,-075.125755
42,091,202301,3,1761,+40.081817,-075.126037
42,091,202302,1,2390,+40.076871,-075.134650
42,091,202401,1,1399,+40.073626,-075.145405
42,091,202401,2,1853,+40.071860,-075.149530
42,091,202402,1,822,+40.059966,-075.121692
42,091,202402,2,886,+40.059411,-075.126308
42,091,202402,3,1290,+40.063422,-075.128227
42,091,202402,4,759,+40.067693,-075.144019
42,091,202402,5,1200,+40.066563,-075.136165
42,091,202500,1,2505,+40.083737,-075.164523
42,091,202500,2,2034,+40.083270,-075.155607
42,091,202500,3,1721,+40.092004,-075.173202
42,091,202602,1,1488,+40.088630,-075.140359
42,091,202602,2,1182,+40.093745,-075.144675
42,091,202603,1,1720,+40.096903,-075.158663
42,091,202603,2,1376,+40.100022,-075.153102
42,091,202604,1,1395,+40.104492,-075.166859
42,091,202604,2,952,+40.099359,-075.169506
42,091,203000,1,115,+40.136553,-075.214050
42,091,203000,2,1698,+40.127429,-075.213767
42,091,203000,3,1608,+40.117343,-075.245619
42,091,203103,1,1837,+40.101020,-075.264967
42,091,203103,2,593,+40.106307,-075.230602
42,091,203103,3,1100,+40.096338,-075.276372
42,091,203104,1,1852,+40.095752,-075.247477
42,091,203104,2,1049,+40.084790,-075.245395
42,091,203104,3,1583,+40.089760,-075.256827
42,091,203105,1,1123,+40.084311,-075.274612
42,091,203105,2,374,+40.070130,-075.266306
42,091,203105,3,2616,+40.081989,-075.264919
42,091,203105,4,1775,+40.089996,-075.278865
42,091,203106,1,1508,+40.084412,-075.289828
42,091,203106,2,876,+40.074767,-075.288809
42,091,203203,1,1793,+40.160851,-075.315876
42,091,203203,2,2469,+40.151641,-075.303256
42,091,203204,1,1827,+40.166850,-075.298492
42,091,203204,2,1624,+40.183315,-075.291938
42,091,203204,3,1853,+40.180909,-075.282098
42,091,203204,4,2046,+40.176026,-075.294065
42,091,203205,1,945,+40.156770,-075.250642
42,091,203205,2,1300,+40.150057,-075.237774
42,091,203207,1,1358,+40.164279,-075.269151
42,091,203207,2,2017,+40.150580,-075.282164
42,091,203208,1,2172,+40.132758,-075.259229
42,091,203208,2,929,+40.143195,-075.267210
42,091,203302,1,2031,+40.164284,-075.350153
42,091,203302,2,2389,+40.155663,-075.333637
42,091,203302,3,1777,+40.157135,-075.358658
42,091,203303,1,1600,+40.149012,-075.317928
42,091,203303,2,715,+40.142566,-075.305747
42,091,203303,3,1740,+40.132414,-075.314764
42,091,203304,1,1189,+40.134534,-075.324419
42,091,203304,2,803,+40.139291,-075.319342
42,091,203304,3,1777,+40.142618,-075.329626
42,091,203401,1,2777,+40.139067,-075.367854
42,091,203401,2,1801,+40.130860,-075.359338
42,091,203401,3,1770,+40.130319,-075.364766
42,091,203402,1,1630,+40.135699,-075.388682
42,091,203402,2,2156,+40.148266,-075.375537
42,091,203402,3,1591,+40.119384,-075.406772
42,091,203402,4,1229,+40.112302,-075.410215
42,091,203403,1,2020,+40.122179,-075.373504
42,091,203403,2,614,+40.123685,-075.387943
42,091,203403,3,613,+40.129113,-075.381397
42,091,203500,1,1457,+40.116581,-075.327285
42,091,203500,2,1304,+40.124016,-075.320976
42,091,203500,3,1634,+40.122048,-075.325173
42,091,203500,4,1970,+40.115772,-075.333098
42,091,203601,1,756,+40.120981,-075.334981
42,091,203601,2,681,+40.121809,-075.337455
42,091,203601,3,832,+40.124070,-075.338424
42,091,203601,4,799,+40.122762,-075.341461
42,091,203602,1,928,+40.125437,-075.329318
42,091,203602,2,1007,+40.126315,-075.333300
42,091,203602,3,927,+40.129764,-075.331296
42,091,203602,4,1175,+40.128161,-075.338946
42,091,203701,1,1620,+40.130177,-075.342471
42,091,203801,1,832,+40.124473,-075.346925
42,091,203801,2,1176,+40.123121,-075.348243
42,091,203801,3,754,+40.126750,-075.350615
42,091,203801,4,984,+40.128813,-075.354002
42,091,203803,1,2919,+40.123237,-075.356991
42,091,203803,2,1668,+40.121026,-075.351530
42,091,203803,3,1369,+40.119873,-075.348573
42,091,203804,1,1602,+40.120401,-075.361457
42,091,203804,2,1837,+40.117860,-075.355182
42,091,203901,1,884,+40.117460,-075.344402
42,091,203901,2,862,+40.116261,-075.339955
42,091,203901,3,1029,+40.119536,-075.341496
42,091,203901,4,754,+40.118014,-075.337498
42,091,203902,1,1975,+40.111795,-075.330525
42,091,203902,2,974,+40.111885,-075.336325
42,091,203902,3,1039,+40.114494,-075.344283
42,091,204002,1,8,+40.097632,-075.311653
42,091,204002,2,27,+40.108388,-075.294639
42,091,204002,3,2365,+40.112292,-075.317388
42,091,204002,4,1171,+40.112728,-075.300157
42,091,204007,1,923,+40.100880,-075.284576
42,091,204007,2,1523,+40.093874,-075.291172
42,091,204008,1,3152,+40.088238,-075.300707
42,091,204008,2,8,+40.086110,-075.317910
42,091,204009,1,1396,+40.122999,-075.277877
42,091,204009,2,805,+40.111307,-075.274088
42,091,204009,3,0,+40.115188,-075.281820
42,091,204010,1,1889,+40.136288,-075.296676
42,091,204010,2,733,+40.128294,-075.289466
42,091,204101,1,2069,+40.077957,-075.296000
42,091,204101,2,2424,+40.082482,-075.303893
42,091,204103,1,524,+40.071010,-075.299503
42,091,204103,2,1552,+40.072675,-075.307023
42,091,204104,1,1560,+40.077237,-075.308106
42,091,204104,2,1132,+40.074383,-075.300770
42,091,204200,1,696,+40.066914,-075.314936
42,091,204200,2,797,+40.070188,-075.316489
42,091,204300,1,439,+40.011367,-075.213946
42,091,204300,2,352,+40.018155,-075.216244
42,091,204300,3,29,+40.009053,-075.219726
42,091,204300,4,879,+40.004851,-075.226161
42,091,204300,5,1560,+40.000950,-075.233889
42,091,204400,1,11,+40.015476,-075.222160
42,091,204400,2,1139,+40.010477,-075.229550
42,091,204400,3,698,+40.004486,-075.237192
42,091,204400,4,1711,+40.008412,-075.237937
42,091,204500,1,2248,+39.997257,-075.254588
42,091,204500,2,2740,+40.001706,-075.246771
42,091,204600,1,1072,+40.022375,-075.266901
42,091,204600,2,2367,+40.012609,-075.246268
42,091,204600,3,1502,+40.016645,-075.257101
42,091,204701,1,1063,+40.031734,-075.252528
42,091,204701,2,1219,+40.038403,-075.258978
42,091,204702,1,1236,+40.017493,-075.234821
42,091,204702,2,1450,+40.023994,-075.241054
42,091,204702,3,845,+40.027405,-075.236538
42,091,204800,1,1005,+40.062962,-075.298140
42,091,204800,2,1308,+40.050606,-075.273793
42,091,204800,3,1473,+40.035560,-075.281807
42,091,204800,4,1620,+40.047777,-075.295733
42,091,204900,1,1159,+40.031468,-075.328888
42,091,204900,2,1306,+40.049826,-075.336804
42,091,204900,3,2159,+40.038531,-075.317540
42,091,204900,4,916,+40.054468,-075.320771
42,091,205000,1,2675,+40.027162,-075.317194
42,091,205100,1,1125,+40.021158,-075.317587
42,091,205100,2,868,+40.025954,-075.308586
42,091,205200,1,1486,+40.015770,-075.301419
42,091,205200,2,701,+40.021314,-075.300454
42,091,205200,3,676,+40.024504,-075.291755
42,091,205300,1,961,+40.011267,-075.299715
42,091,205300,2,1258,+40.007204,-075.296601
42,091,205401,1,2315,+39.998640,-075.266266
42,091,205402,1,1748,+40.006362,-075.274220
42,091,205402,2,1539,+40.009339,-075.286905
42,091,205402,3,1507,+40.014796,-075.278626
42,091,205501,1,824,+40.005565,-075.290977
42,091,205501,2,878,+40.002481,-075.283718
42,091,205501,3,1233,+40.002382,-075.292784
42,091,205501,4,911,+40.000860,-075.294863
42,091,205502,1,943,+39.996524,-075.275061
42,091,205502,2,883,+39.989959,-075.283867
42,091,205502,3,961,+39.995957,-075.287933
42,091,205502,4,1025,+39.995340,-075.281469
42,091,205503,1,2569,+39.986759,-075.263014
42,091,205503,2,1643,+39.981062,-075.274637
42,091,205503,3,1398,+39.985649,-075.277706
42,091,205600,1,908,+40.002818,-075.261468
42,091,205600,2,1005,+40.008720,-075.258638
42,091,205600,3,291,+40.005514,-075.262723
42,091,205600,4,2288,+40.009742,-075.265938
42,091,205700,1,1184,+40.101707,-075.348296
42,091,205700,2,1659,+40.104435,-075.345917
42,091,205700,3,2172,+40.104150,-075.338268
42,091,205805,1,1179,+40.098640,-075.366609
42,091,205805,2,1060,+40.094222,-075.376622
42,091,205805,3,1181,+40.099495,-075.373805
42,091,205806,1,663,+40.102406,-075.331334
42,091,205806,2,1550,+40.096202,-075.348397
42,091,205807,1,674,+40.090706,-075.365529
42,091,205807,2,1152,+40.086577,-075.378819
42,091,205808,1,813,+40.111132,-075.382650
42,091,205808,2,1634,+40.096937,-075.386567
42,091,205808,3,2482,+40.107636,-075.394589
42,091,205808,4,657,+40.106474,-075.382898
42,091,205809,1,1016,+40.105675,-075.375937
42,091,205809,2,772,+40.109156,-075.370575
42,091,205809,3,979,+40.106685,-075.363288
42,091,205810,1,1126,+40.104835,-075.417850
42,091,205810,2,0,+40.098718,-075.414926
42,091,205810,3,1521,+40.105116,-075.414137
42,091,205810,4,1446,+40.094189,-075.402331
42,091,205810,5,86,+40.101102,-075.404348
42,091,205811,1,1073,+40.085817,-075.406002
42,091,205811,2,778,+40.086737,-075.410232
42,091,205811,3,674,+40.082776,-075.407205
42,091,205903,1,2670,+40.073692,-075.384024
42,091,205904,1,1384,+40.062410,-075.342559
42,091,205904,2,947,+40.069505,-075.353971
42,091,205905,1,1214,+40.080449,-075.352940
42,091,205905,2,1485,+40.079948,-075.360845
42,091,205905,3,1193,+40.081654,-075.367187
42,091,205906,1,0,+40.077331,-075.329553
42,091,205906,2,677,+40.070233,-075.336494
42,091,205906,3,0,+40.089834,-075.324255
42,091,205906,4,1515,+40.086173,-075.336127
42,091,206004,1,2648,+40.149612,-075.410168
42,091,206004,2,1237,+40.157432,-075.421382
42,091,206004,3,1741,+40.159165,-075.409319
42,091,206005,1,2833,+40.156368,-075.390553
42,091,206005,2,1669,+40.141687,-075.397325
42,091,206006,1,20,+40.117972,-075.419097
42,091,206006,2,55,+40.127236,-075.411254
42,091,206006,3,802,+40.124175,-075.428277
42,091,206006,4,538,+40.134968,-075.405762
42,091,206006,5,1941,+40.132431,-075.416380
42,091,206007,1,1293,+40.140155,-075.420084
42,091,206007,2,761,+40.113083,-075.439868
42,091,206007,3,2067,+40.124041,-075.442265
42,091,206007,4,1972,+40.140485,-075.435199
42,091,206104,1,1489,+40.177402,-075.476469
42,091,206104,2,857,+40.169124,-075.483367
42,091,206104,3,1592,+40.169326,-075.461427
42,091,206105,1,1298,+40.165522,-075.513800
42,091,206105,2,1639,+40.202679,-075.499131
42,091,206105,3,806,+40.214271,-075.485607
42,091,206105,4,2444,+40.181884,-075.494526
42,091,206106,1,925,+40.180449,-075.530561
42,091,206106,2,2192,+40.179439,-075.523061
42,091,206106,3,1407,+40.186888,-075.512293
42,091,206107,1,3363,+40.145550,-075.481681
42,091,206107,2,1461,+40.135588,-075.493609
42,091,206107,3,1951,+40.152733,-075.498841
42,091,206108,1,34,+40.131394,-075.472301
42,091,206108,2,1472,+40.144121,-075.460049
42,091,206108,3,1161,+40.135560,-075.458251
42,091,206201,1,1643,+40.189802,-075.538857
42,091,206201,2,1084,+40.186759,-075.533890
42,091,206202,1,591,+40.185063,-075.541495
42,091,206202,2,1622,+40.181025,-075.539409
42,091,206300,1,1789,+40.193232,-075.455090
42,091,206300,2,1052,+40.180617,-075.453480
42,091,206300,3,1025,+40.189718,-075.462324
42,091,206300,4,1177,+40.182651,-075.463413
42,091,206400,1,2505,+40.194540,-075.478111
42,091,206400,2,1497,+40.203121,-075.470553
42,091,206501,1,1316,+40.211960,-075.458817
42,091,206501,2,2831,+40.221299,-075.471922
42,091,206502,1,2199,+40.234276,-075.472962
42,091,206502,2,912,+40.230336,-075.457887
42,091,206502,3,1701,+40.247687,-075.462143
42,091,206600,1,1296,+40.257261,-075.466360
42,091,206703,1,1341,+40.245011,-075.440618
42,091,206703,2,2898,+40.228044,-075.403527
42,091,206704,1,1189,+40.195770,-075.418064
42,091,206704,2,1792,+40.207368,-075.441339
42,091,206704,3,2194,+40.207903,-075.422511
42,091,206704,4,1805,+40.220008,-075.394092
42,091,206801,1,1831,+40.191620,-075.306267
42,091,206801,2,1727,+40.180678,-075.335193
42,091,206801,3,758,+40.199869,-075.365463
42,091,206801,4,2003,+40.214295,-075.347175
42,091,206801,5,873,+40.197846,-075.329959
42,091,206802,1,1414,+40.171684,-075.394056
42,091,206802,2,1051,+40.168318,-075.371595
42,091,206802,3,660,+40.184085,-075.378769
42,091,206901,1,1217,+40.249808,-075.304175
42,091,206901,2,2020,+40.242510,-075.309282
42,091,206901,3,1184,+40.242033,-075.318092
42,091,206904,1,1650,+40.256074,-075.318251
42,091,206904,2,1875,+40.248390,-075.329158
42,091,206904,3,2493,+40.257872,-075.336810
42,091,206905,1,712,+40.232756,-075.365956
42,091,206905,2,1945,+40.240634,-075.352097
42,091,206905,3,1975,+40.242021,-075.345507
42,091,206906,1,1362,+40.224512,-075.337053
42,091,206906,2,1576,+40.227204,-075.323129
42,091,207001,1,1168,+40.249259,-075.411887
42,091,207001,2,747,+40.239609,-075.391404
42,091,207001,3,810,+40.265214,-075.423227
42,091,207001,4,1391,+40.258730,-075.391302
42,091,207001,5,2598,+40.270853,-075.366419
42,091,207001,6,1345,+40.254614,-075.371221
42,091,207003,1,1959,+40.289445,-075.399655
42,091,207003,2,1219,+40.278020,-075.399959
42,091,207004,1,2115,+40.282207,-075.380960
42,091,207004,2,1123,+40.274743,-075.385415
42,091,207004,3,1421,+40.269731,-075.391309
42,091,207101,1,860,+40.315804,-075.391174
42,091,207101,2,1295,+40.306266,-075.363633
42,091,207101,3,1857,+40.287053,-075.329808
42,091,207101,4,764,+40.298270,-075.385266
42,091,207101,5,1357,+40.287894,-075.369813
42,091,207103,1,2152,+40.327244,-075.345817
42,091,207103,2,1941,+40.321214,-075.354335
42,091,207104,1,1067,+40.309982,-075.338690
42,091,207104,2,1966,+40.303463,-075.315454
42,091,207201,1,831,+40.305269,-075.320212
42,091,207201,2,740,+40.306029,-075.325380
42,091,207201,3,995,+40.308524,-075.327225
42,091,207202,1,893,+40.310681,-075.313541
42,091,207202,2,1173,+40.313030,-075.317161
42,091,207202,3,1403,+40.312920,-075.329026
42,091,207202,4,1156,+40.315756,-075.323677
42,091,207300,1,734,+40.327224,-075.334947
42,091,207300,2,1173,+40.321072,-075.325668
42,091,207300,3,822,+40.322521,-075.333904
42,091,207400,1,3035,+40.337864,-075.397885
42,091,207500,1,2294,+40.308242,-075.441939
42,091,207500,2,878,+40.280599,-075.441873
42,091,207600,1,1105,+40.334385,-075.455629
42,091,207600,2,490,+40.336754,-075.468613
42,091,207600,3,1520,+40.354244,-075.470775
42,091,207600,4,895,+40.375423,-075.439493
42,091,207800,1,4470,+40.394877,-075.479420
42,091,207800,2,939,+40.387415,-075.522634
42,091,207800,3,1001,+40.410855,-075.540579
42,091,207800,4,826,+40.370530,-075.501322
42,091,207800,5,1114,+40.422436,-075.510406
42,091,207900,1,1009,+40.380449,-075.482588
42,091,207900,2,582,+40.371116,-075.482863
42,091,207900,3,905,+40.377690,-075.487019
42,091,208000,1,1064,+40.389903,-075.491553
42,091,208000,2,1593,+40.398782,-075.501383
42,091,208000,3,1232,+40.393180,-075.496979
42,091,208100,1,2288,+40.406353,-075.508105
42,091,208100,2,878,+40.403429,-075.502516
42,091,208201,1,967,+40.374937,-075.560743
42,091,208201,2,1213,+40.352933,-075.583871
42,091,208203,1,1446,+40.312360,-075.606612
42,091,208203,2,1091,+40.323459,-075.618876
42,091,208203,3,2513,+40.322372,-075.602859
42,091,208204,1,1524,+40.300509,-075.618186
42,091,208204,2,1831,+40.313004,-075.627825
42,091,208301,1,895,+40.349258,-075.528080
42,091,208301,2,1054,+40.329992,-075.538898
42,091,208301,3,574,+40.313702,-075.560828
42,091,208303,1,2101,+40.284015,-075.578895
42,091,208303,2,3042,+40.283116,-075.563406
42,091,208304,1,1691,+40.284559,-075.593613
42,091,208304,2,3616,+40.302173,-075.594141
42,091,208400,1,1655,+40.297668,-075.521399
42,091,208400,2,2048,+40.312334,-075.493497
42,091,208500,1,2313,+40.276143,-075.464611
42,091,208500,2,1086,+40.291895,-075.468833
42,091,208500,3,1431,+40.270438,-075.484135
42,091,208601,1,2303,+40.241652,-075.495111
42,091,208601,2,2047,+40.253450,-075.547162
42,091,208601,3,1231,+40.228221,-075.507154
42,091,208601,4,2077,+40.240979,-075.531535
42,091,208603,1,45,+40.239603,-075.562101
42,091,208603,2,1300,+40.224553,-075.532366
42,091,208603,3,1303,+40.216941,-075.564383
42,091,208603,4,129,+40.229826,-075.569644
42,091,208603,5,1335,+40.233839,-075.545601
42,091,208603,6,1585,+40.229549,-075.537677
42,091,208603,7,858,+40.212048,-075.573752
42,091,208604,1,1510,+40.207037,-075.548131
42,091,208604,2,1861,+40.197842,-075.537741
42,091,208604,3,698,+40.216595,-075.515116
42,091,208604,4,2176,+40.203544,-075.525324
42,091,208702,1,2383,+40.267194,-075.608203
42,091,208702,2,1088,+40.255372,-075.612476
42,091,208703,1,1721,+40.249439,-075.584473
42,091,208703,2,2215,+40.257662,-075.581163
42,091,208704,1,1536,+40.255365,-075.595874
42,091,208704,2,1773,+40.249794,-075.600398
42,091,208704,3,0,+40.230654,-075.613777
42,091,208704,4,815,+40.241378,-075.589259
42,091,208704,5,686,+40.242372,-075.603728
42,091,208801,1,1512,+40.243076,-075.646246
42,091,208802,1,1396,+40.240633,-075.619147
42,091,208802,2,1746,+40.242263,-075.629791
42,091,208901,1,1107,+40.251565,-075.652694
42,091,208901,2,1765,+40.256203,-075.650890
42,091,208901,3,830,+40.262101,-075.656847
42,091,208903,1,1993,+40.247643,-075.635470
42,091,208903,2,1024,+40.246141,-075.621199
42,091,208904,1,2103,+40.247094,-075.645812
42,091,208904,2,1322,+40.247978,-075.652391
42,091,208905,1,654,+40.263509,-075.632899
42,091,208905,2,1379,+40.258304,-075.628714
42,091,208905,3,758,+40.260336,-075.636792
42,091,208906,1,1614,+40.251117,-075.640677
42,091,208906,2,2580,+40.255078,-075.643016
42,091,209000,1,11,+40.248635,-075.665598
42,091,209000,2,1023,+40.250777,-075.672335
42,091,209000,3,24,+40.262472,-075.665989
42,091,209000,4,50,+40.250753,-075.658273
42,091,209000,5,542,+40.252727,-075.665366
42,091,209100,1,2563,+40.287463,-075.628782
42,091,209100,2,1035,+40.285300,-075.649287
42,091,209100,3,2272,+40.270664,-075.635672
42,091,209201,1,675,+40.248983,-075.687047
42,091,209201,2,909,+40.261228,-075.675580
42,091,209202,1,1219,+40.254371,-075.676290
42,091,209202,2,995,+40.248803,-075.681882
42,091,210100,1,2416,+40.115931,-075.185716
42,091,210100,2,1968,+40.115856,-075.195057
42,091,210200,1,753,+40.108439,-075.176969
42,091,210200,2,1174,+40.108181,-075.185599
42,091,210200,3,975,+40.104003,-075.189391
42,091,210300,1,1263,+40.112225,-075.206376
42,091,210300,2,1003,+40.103939,-075.206801
42,091,210300,3,1736,+40.092381,-075.227682
42,091,210400,1,1544,+40.093269,-075.198371
42,091,210400,2,1291,+40.092786,-075.216728
42,091,210400,3,996,+40.094059,-075.209512
42,091,210400,4,1115,+40.099233,-075.204375
42,091,210500,1,1027,+40.083600,-075.183742
42,091,210500,2,788,+40.080199,-075.189945
42,091,210500,3,1531,+40.086846,-075.193233
42,091,210500,4,1234,+40.080345,-075.197570
42,091,210600,1,1364,+40.127275,-075.305468
42,091,210600,2,1678,+40.118968,-075.291351
42,091,210600,3,1214,+40.125305,-075.299319
42,091,210700,1,1876,+40.184537,-075.435116
42,091,210700,2,1201,+40.161560,-075.425456
42,091,210700,3,2971,+40.165770,-075.447993
42,091,980000,1,0,+40.147104,-075.344741
42,091,980100,1,3170,+40.226901,-075.429587
42,091,980200,1,1,+40.105854,-075.431034
42,091,980300,1,6,+40.083375,-075.390378
42,091,980300,2,4,+40.087949,-075.392244
42,091,980300,3,0,+40.089893,-075.401480
42,091,980300,4,1,+40.088809,-075.385381
42,093,050100,1,1452,+41.119498,-076.682873
42,093,050100,2,1004,+41.061162,-076.729090
42,093,050100,3,1298,+41.051529,-076.656863
42,093,050200,1,2826,+40.972214,-076.594668
42,093,050200,2,1707,+40.960784,-076.584911
42,093,050300,1,737,+40.968146,-076.612321
42,093,050300,2,1009,+40.959718,-076.618180
42,093,050300,3,675,+40.953890,-076.609924
42,093,050300,4,770,+40.957505,-076.605239
42,093,050300,5,1048,+40.964804,-076.615698
42,093,050400,1,1630,+40.974025,-076.554636
42,093,050400,2,1821,+40.996990,-076.722879
42,093,050400,3,2159,+40.998916,-076.628235
42,095,010100,1,1434,+40.663093,-075.346069
42,095,010100,2,1236,+40.656046,-075.344020
42,095,010100,3,1466,+40.657680,-075.351484
42,095,010200,1,2201,+40.661392,-075.366441
42,095,010200,2,1703,+40.648445,-075.370313
42,095,010300,1,792,+40.640542,-075.368886
42,095,010300,2,760,+40.634116,-075.371633
42,095,010300,3,1022,+40.632163,-075.377835
42,095,010300,4,663,+40.636370,-075.378325
42,095,010400,1,1256,+40.650364,-075.343561
42,095,010400,2,1141,+40.642722,-075.354516
42,095,010400,3,735,+40.639318,-075.364046
42,095,010400,4,1620,+40.648013,-075.356684
42,095,010400,5,644,+40.649662,-075.350960
42,095,010500,1,1257,+40.637634,-075.345933
42,095,010500,2,1141,+40.631731,-075.349420
42,095,010500,3,1131,+40.632327,-075.344972
42,095,010500,4,688,+40.628976,-075.353927
42,095,010601,1,697,+40.640379,-075.350281
42,095,010601,2,1273,+40.634926,-075.356130
42,095,010601,3,853,+40.636018,-075.361120
42,095,010601,4,1236,+40.630501,-075.364022
42,095,010602,1,989,+40.621353,-075.366248
42,095,010602,2,1172,+40.628143,-075.366949
42,095,010602,3,1420,+40.624656,-075.366098
42,095,010700,1,1280,+40.626210,-075.373001
42,095,010700,2,1491,+40.627233,-075.380058
42,095,010700,3,835,+40.626135,-075.376921
42,095,010700,4,1377,+40.628444,-075.384689
42,095,010800,1,802,+40.620952,-075.372056
42,095,010800,2,752,+40.622267,-075.381875
42,095,010800,3,1006,+40.621667,-075.377555
42,095,010900,1,1766,+40.609434,-075.387320
42,095,010900,2,1923,+40.604800,-075.387555
42,095,011000,1,1149,+40.611151,-075.376648
42,095,011000,2,904,+40.610378,-075.380797
42,095,011000,3,1170,+40.606878,-075.383512
42,095,011100,1,2968,+40.605316,-075.376835
42,095,011200,1,1641,+40.611939,-075.361225
42,095,011200,2,1634,+40.607766,-075.365746
42,095,011200,3,1170,+40.610581,-075.369907
42,095,011200,4,1352,+40.607984,-075.369178
42,095,011300,1,1793,+40.609205,-075.351313
42,095,011300,2,1178,+40.584257,-075.350366
42,095,011300,3,1285,+40.600749,-075.343156
42,095,014100,1,3352,+40.698865,-075.209159
42,095,014100,2,861,+40.707918,-075.201353
42,095,014100,3,891,+40.702743,-075.216392
42,095,014100,4,813,+40.705492,-075.206810
42,095,014200,1,1542,+40.693007,-075.225343
42,095,014200,2,1291,+40.688842,-075.225278
42,095,014200,3,1305,+40.686011,-075.225617
42,095,014200,4,1152,+40.686877,-075.229851
42,095,014200,5,816,+40.690673,-075.229980
42,095,014300,1,1335,+40.693680,-075.220023
42,095,014300,2,1576,+40.690518,-075.218639
42,095,014300,3,1530,+40.687941,-075.218579
42,095,014400,1,1005,+40.687849,-075.212231
42,095,014400,2,817,+40.692438,-075.207346
42,095,014400,3,857,+40.691632,-075.211948
42,095,014500,1,2230,+40.680893,-075.203244
42,095,014500,2,1104,+40.677198,-075.208375
42,095,014600,1,1416,+40.681251,-075.212963
42,095,014600,2,1659,+40.679428,-075.222678
42,095,014700,1,1183,+40.677128,-075.214477
42,095,014700,2,1392,+40.675833,-075.221706
42,095,015202,1,1627,+40.870738,-075.212098
42,095,015202,2,1581,+40.879167,-075.217886
42,095,015203,1,1226,+40.862154,-075.203202
42,095,015203,2,1648,+40.864415,-075.211326
42,095,015203,3,686,+40.868127,-075.209668
42,095,015300,1,2026,+40.836451,-075.216696
42,095,015300,2,2080,+40.850480,-075.182158
42,095,015300,3,1042,+40.876464,-075.226895
42,095,015400,1,956,+40.821797,-075.136332
42,095,015400,2,1022,+40.788993,-075.157297
42,095,015400,3,943,+40.778315,-075.191835
42,095,015500,1,1610,+40.831240,-075.244490
42,095,015500,2,2070,+40.781943,-075.268513
42,095,015500,3,1302,+40.841143,-075.269477
42,095,015500,4,1281,+40.829461,-075.288230
42,095,015600,1,1627,+40.871514,-075.254751
42,095,015600,2,630,+40.864708,-075.250489
42,095,015600,3,1253,+40.865975,-075.258947
42,095,015700,1,896,+40.854088,-075.290713
42,095,015700,2,1083,+40.845915,-075.289223
42,095,015700,3,841,+40.844815,-075.296500
42,095,015801,1,2254,+40.781653,-075.334547
42,095,015801,2,1500,+40.763033,-075.329517
42,095,015801,3,1506,+40.768169,-075.298085
42,095,015802,1,1658,+40.816339,-075.346517
42,095,015802,2,1564,+40.802713,-075.331446
42,095,015901,1,1224,+40.797493,-075.395663
42,095,015901,2,1259,+40.770789,-075.369641
42,095,015901,3,1095,+40.750750,-075.373919
42,095,015901,4,2013,+40.763089,-075.401466
42,095,015902,1,1437,+40.793487,-075.448808
42,095,015902,2,1433,+40.766122,-075.450544
42,095,015902,3,1084,+40.746620,-075.451468
42,095,016001,1,2070,+40.789117,-075.526502
42,095,016001,2,1967,+40.757466,-075.495899
42,095,016001,3,2143,+40.759029,-075.533778
42,095,016002,1,1709,+40.780873,-075.563918
42,095,016002,2,605,+40.766604,-075.583395
42,095,016002,3,1417,+40.743593,-075.574018
42,095,016002,4,863,+40.739635,-075.545811
42,095,016100,1,666,+40.757625,-075.597739
42,095,016100,2,1401,+40.748292,-075.594659
42,095,016201,1,1400,+40.700414,-075.504328
42,095,016201,2,1292,+40.693678,-075.496460
42,095,016201,3,1542,+40.687047,-075.496302
42,095,016201,4,1650,+40.682053,-075.494447
42,095,016202,1,1873,+40.684678,-075.482009
42,095,016202,2,2638,+40.675829,-075.480893
42,095,016300,1,1191,+40.660585,-075.473879
42,095,016300,2,1780,+40.663108,-075.478232
42,095,016400,1,1828,+40.719376,-075.492986
42,095,016400,2,2063,+40.682678,-075.468775
42,095,016400,3,1565,+40.700700,-075.476535
42,095,016500,1,744,+40.692942,-075.403191
42,095,016500,2,2424,+40.691186,-075.433137
42,095,016500,3,1845,+40.722276,-075.413840
42,095,016600,1,1595,+40.727724,-075.388477
42,095,016600,2,1213,+40.726810,-075.395347
42,095,016700,1,4496,+40.734526,-075.350474
42,095,016700,2,2401,+40.752860,-075.298890
42,095,016700,3,1230,+40.743308,-075.295306
42,095,016801,1,915,+40.740169,-075.311662
42,095,016801,2,1071,+40.740251,-075.319544
42,095,016801,3,1238,+40.735634,-075.308614
42,095,016801,4,992,+40.740221,-075.305032
42,095,016802,1,1837,+40.744968,-075.311098
42,095,016901,1,1085,+40.695289,-075.352642
42,095,016901,2,2303,+40.701571,-075.345754
42,095,016902,1,1695,+40.700624,-075.317238
42,095,016902,2,1839,+40.715216,-075.336864
42,095,017000,1,919,+40.756280,-075.260640
42,095,017000,2,1203,+40.740930,-075.255086
42,095,017101,1,3025,+40.724923,-075.237046
42,095,017101,2,911,+40.707945,-075.226859
42,095,017101,3,1573,+40.714038,-075.238795
42,095,017101,4,1089,+40.712614,-075.229570
42,095,017103,1,2014,+40.729271,-075.208413
42,095,017103,2,1571,+40.711613,-075.211545
42,095,017103,3,2105,+40.724743,-075.206374
42,095,017104,1,1872,+40.724761,-075.221245
42,095,017104,2,1849,+40.745811,-075.234259
42,095,017200,1,1569,+40.690542,-075.236647
42,095,017200,2,1989,+40.687267,-075.238425
42,095,017200,3,1680,+40.683790,-075.239233
42,095,017200,4,1665,+40.680110,-075.244577
42,095,017300,1,1237,+40.679369,-075.236461
42,095,017300,2,1356,+40.675563,-075.241710
42,095,017402,1,1050,+40.688496,-075.268587
42,095,017402,2,2121,+40.698171,-075.272543
42,095,017402,3,821,+40.688881,-075.259222
42,095,017403,1,2186,+40.702520,-075.257753
42,095,017403,2,1068,+40.693085,-075.252039
42,095,017403,3,1139,+40.720310,-075.251713
42,095,017403,4,1996,+40.713717,-075.264011
42,095,017404,1,2146,+40.728369,-075.261097
42,095,017501,1,1375,+40.673902,-075.255160
42,095,017501,2,1462,+40.678549,-075.266593
42,095,017501,3,1489,+40.669665,-075.265078
42,095,017502,1,2689,+40.666420,-075.250353
42,095,017502,2,1764,+40.657570,-075.259290
42,095,017502,3,1076,+40.658567,-075.266426
42,095,017603,1,849,+40.642668,-075.339156
42,095,017603,2,809,+40.649663,-075.334010
42,095,017603,3,1172,+40.641388,-075.324595
42,095,017603,4,1047,+40.640185,-075.330749
42,095,017604,1,1791,+40.673179,-075.336624
42,095,017604,2,1284,+40.659744,-075.336767
42,095,017604,3,1470,+40.665075,-075.326312
42,095,017605,1,1821,+40.678943,-075.294519
42,095,017605,2,1212,+40.671319,-075.310546
42,095,017605,3,1310,+40.676406,-075.320640
42,095,017606,1,1770,+40.648417,-075.318270
42,095,017606,2,1503,+40.659625,-075.315408
42,095,017606,3,1555,+40.655492,-075.324410
42,095,017607,1,2982,+40.656701,-075.301366
42,095,017607,2,2462,+40.662417,-075.280311
42,095,017607,3,989,+40.639251,-075.314048
42,095,017607,4,1845,+40.647688,-075.291988
42,095,017702,1,2370,+40.662382,-075.406605
42,095,017703,1,3013,+40.650577,-075.393508
42,095,017704,1,2414,+40.667631,-075.393549
42,095,017704,2,2050,+40.679398,-075.403892
42,095,017704,3,1936,+40.679154,-075.390534
42,095,017800,1,1768,+40.628122,-075.338367
42,095,017800,2,1107,+40.625890,-075.345158
42,095,017901,1,1035,+40.592320,-075.338234
42,095,017901,2,708,+40.588250,-075.337294
42,095,017901,3,674,+40.581384,-075.337541
42,095,017901,4,1503,+40.584577,-075.341392
42,095,017902,1,827,+40.574324,-075.338495
42,095,017902,2,699,+40.576517,-075.336968
42,095,017902,3,686,+40.576842,-075.329364
42,095,018001,1,683,+40.628054,-075.320861
42,095,018001,2,1947,+40.579262,-075.314486
42,095,018001,3,1506,+40.597585,-075.278741
42,095,018003,1,1382,+40.554150,-075.347163
42,095,018003,2,1843,+40.571866,-075.350696
42,095,018004,1,1879,+40.587236,-075.383729
42,095,018004,2,1854,+40.579525,-075.377817
42,095,018100,1,1485,+40.653701,-075.227152
42,095,018100,2,1529,+40.617765,-075.253114
42,095,018100,3,2273,+40.667353,-075.201655
42,095,018100,4,1667,+40.625548,-075.206086
42,095,018200,1,2099,+40.873916,-075.091613
42,095,018200,2,1335,+40.888725,-075.132127
42,095,018300,1,699,+40.914013,-075.195040
42,095,018300,2,996,+40.890158,-075.183783
42,095,018300,3,1124,+40.879260,-075.185361
42,095,018300,4,1804,+40.926167,-075.121413
42,097,080100,1,1944,+41.109809,-076.772752
42,097,080100,2,1815,+41.028965,-076.815682
42,097,080100,3,677,+41.101576,-076.770445
42,097,080200,1,1105,+41.078179,-076.830799
42,097,080200,2,1126,+41.087681,-076.865917
42,097,080200,3,1111,+41.083994,-076.859507
42,097,080200,4,2587,+41.111376,-076.863257
42,097,080200,5,904,+41.144202,-076.824510
42,097,080301,1,1257,+41.023090,-076.848042
42,097,080301,2,1011,+41.027776,-076.851400
42,097,080302,1,1578,+41.010912,-076.841962
42,097,080302,2,747,+41.019059,-076.844444
42,097,080302,3,731,+41.006840,-076.849857
42,097,080302,4,510,+41.014947,-076.854017
42,097,080302,5,807,+41.018394,-076.851291
42,097,080400,1,942,+40.985349,-076.805145
42,097,080400,2,1420,+40.966651,-076.858505
42,097,080400,3,879,+40.995210,-076.839218
42,097,080500,1,1830,+40.907715,-076.814962
42,097,080500,2,946,+40.930418,-076.732506
42,097,080500,3,1056,+40.916514,-076.778470
42,097,080600,1,957,+40.891484,-076.795599
42,097,080600,2,743,+40.891560,-076.790235
42,097,080600,3,1217,+40.899596,-076.793766
42,097,080600,4,994,+40.893323,-076.802313
42,097,080700,1,1199,+40.909069,-076.626227
42,097,080700,2,786,+40.956281,-076.636484
42,097,080700,3,1254,+40.947157,-076.636271
42,097,080800,1,1620,+40.839053,-076.561262
42,097,080800,2,1342,+40.863652,-076.560024
42,097,080800,3,1224,+40.865719,-076.538477
42,097,080800,4,1152,+40.862882,-076.642437
42,097,080800,5,1546,+40.830746,-076.643427
42,097,080900,1,1100,+40.803424,-076.429911
42,097,080900,2,1400,+40.785380,-076.446369
42,097,080900,3,560,+40.804818,-076.464552
42,097,081000,1,1213,+40.796658,-076.410872
42,097,081000,2,738,+40.794205,-076.406188
42,097,081000,3,1088,+40.798561,-076.406799
42,097,081100,1,663,+40.792817,-076.416405
42,097,081100,2,606,+40.797208,-076.419030
42,097,081100,3,1417,+40.796477,-076.415779
42,097,081200,1,3149,+40.804918,-076.563197
42,097,081200,2,1344,+40.783873,-076.533658
42,097,081200,3,759,+40.786837,-076.536880
42,097,081200,4,589,+40.788153,-076.540445
42,097,081300,1,773,+40.787590,-076.580025
42,097,081300,2,727,+40.789050,-076.572675
42,097,081300,3,786,+40.787978,-076.570811
42,097,081400,1,737,+40.782235,-076.573744
42,097,081400,2,668,+40.785671,-076.570200
42,097,081400,3,607,+40.783875,-076.568738
42,097,081500,1,576,+40.794445,-076.548133
42,097,081500,2,698,+40.794175,-076.552578
42,097,081500,3,844,+40.790317,-076.560133
42,097,081600,1,767,+40.782689,-076.558152
42,097,081600,2,698,+40.785705,-076.562537
42,097,081600,3,1056,+40.787666,-076.556802
42,097,081700,1,709,+40.791229,-076.549420
42,097,081700,2,767,+40.784931,-076.551950
42,097,081700,3,827,+40.787283,-076.549791
42,097,081800,1,626,+40.750728,-076.527952
42,097,081800,2,922,+40.753068,-076.695908
42,097,081800,3,1802,+40.782255,-076.669101
42,097,081900,1,1196,+40.852453,-076.762049
42,097,081900,2,1042,+40.791220,-076.800817
42,097,081900,3,990,+40.820035,-076.753074
42,097,081900,4,1372,+40.828623,-076.720751
42,097,081900,5,1282,+40.884383,-076.746133
42,097,082000,1,1131,+40.872670,-076.791215
42,097,082000,2,764,+40.864805,-076.786305
42,097,082000,3,1820,+40.867714,-076.782824
42,097,082100,1,656,+40.865297,-076.793555
42,097,082100,2,912,+40.859457,-076.792042
42,097,082100,3,806,+40.858937,-076.796805
42,097,082200,1,1021,+40.857299,-076.783207
42,097,082200,2,1172,+40.856270,-076.793689
42,097,082200,3,1437,+40.861182,-076.783762
42,097,082300,1,1401,+40.711076,-076.689283
42,097,082300,2,1245,+40.708200,-076.819762
42,097,082300,3,954,+40.664017,-076.777750
42,097,082300,4,1455,+40.647178,-076.885793
42,097,082400,1,1018,+40.791652,-076.479453
42,097,082400,2,875,+40.794978,-076.473786
42,097,082400,3,865,+40.794495,-076.467166
42,099,030100,1,960,+40.576444,-076.989197
42,099,030100,2,1037,+40.582728,-077.016737
42,099,030100,3,1030,+40.550153,-077.114404
42,099,030100,4,691,+40.550694,-077.151535
42,099,030100,5,1313,+40.502480,-077.246441
42,099,030201,1,1224,+40.511553,-077.017085
42,099,030201,2,1341,+40.465656,-077.087563
42,099,030202,1,1537,+40.470113,-077.211169
42,099,030202,2,717,+40.496196,-077.143702
42,099,030202,3,1334,+40.473703,-077.135590
42,099,030202,4,1477,+40.477977,-077.133532
42,099,030301,1,1308,+40.403749,-077.033384
42,099,030301,2,665,+40.387064,-077.065490
42,099,030301,3,1047,+40.356300,-077.014655
42,099,030301,4,685,+40.390578,-077.031895
42,099,030301,5,870,+40.397472,-077.025434
42,099,030302,1,1660,+40.393796,-077.111654
42,099,030302,2,1544,+40.427526,-077.058281
42,099,030302,3,1355,+40.460836,-076.988199
42,099,030400,1,1630,+40.339577,-076.934546
42,099,030400,2,1022,+40.340453,-076.930540
42,099,030400,3,2200,+40.328511,-077.022752
42,099,030501,1,1186,+40.369480,-077.164311
42,099,030501,2,1283,+40.306048,-077.170850
42,099,030501,3,1675,+40.332660,-077.182972
42,099,030501,4,1157,+40.333944,-077.153713
42,099,030502,1,1475,+40.429756,-077.193057
42,099,030502,2,1219,+40.418784,-077.188503
42,099,030502,3,1057,+40.398162,-077.200548
42,099,030502,4,2295,+40.345063,-077.260264
42,099,030601,1,858,+40.315677,-077.323614
42,099,030601,2,1260,+40.361824,-077.335070
42,099,030601,3,1034,+40.453302,-077.366014
42,099,030601,4,1560,+40.416545,-077.328178
42,099,030602,1,1848,+40.366218,-077.434425
42,099,030602,2,1288,+40.319647,-077.534054
42,101,000101,1,26,+39.951763,-075.150307
42,101,000101,2,0,+39.949984,-075.150025
42,101,000101,3,0,+39.951459,-075.147863
42,101,000101,4,1340,+39.950536,-075.145018
42,101,000101,5,963,+39.950361,-075.142820
42,101,000102,1,1374,+39.955678,-075.144559
42,101,000102,2,17,+39.954957,-075.148832
42,101,000102,3,888,+39.953215,-075.143973
42,101,000102,4,577,+39.952559,-075.142405
42,101,000102,5,655,+39.953508,-075.145804
42,101,000200,1,2213,+39.955295,-075.156289
42,101,000200,2,586,+39.954823,-075.153127
42,101,000200,3,534,+39.956344,-075.159929
42,101,000200,4,34,+39.954997,-075.160350
42,101,000300,1,1344,+39.957242,-075.174236
42,101,000300,2,222,+39.956567,-075.176701
42,101,000300,3,1096,+39.956969,-075.165571
42,101,000300,4,751,+39.956313,-075.170082
42,101,000300,5,1088,+39.958504,-075.177325
42,101,000401,1,1314,+39.954923,-075.175984
42,101,000401,2,760,+39.952900,-075.174289
42,101,000401,3,1049,+39.953021,-075.176748
42,101,000403,1,20,+39.952416,-075.166114
42,101,000403,2,1119,+39.952457,-075.166257
42,101,000404,1,1062,+39.952411,-075.172171
42,101,000404,2,2036,+39.954524,-075.172171
42,101,000404,3,724,+39.954511,-075.170515
42,101,000500,1,808,+39.951582,-075.160830
42,101,000500,2,33,+39.952541,-075.163881
42,101,000500,3,1066,+39.951050,-075.157874
42,101,000500,4,1707,+39.952697,-075.153349
42,101,000600,1,1161,+39.949817,-075.161405
42,101,000600,2,1156,+39.949161,-075.154463
42,101,000701,1,679,+39.950870,-075.170714
42,101,000701,2,849,+39.951290,-075.172843
42,101,000701,3,1194,+39.950384,-075.166547
42,101,000702,1,699,+39.951245,-075.175338
42,101,000702,2,1313,+39.951896,-075.178269
42,101,000801,1,515,+39.949903,-075.178149
42,101,000801,2,1233,+39.950001,-075.179976
42,101,000803,1,868,+39.949851,-075.176734
42,101,000803,2,1314,+39.949739,-075.175010
42,101,000803,3,917,+39.948387,-075.172310
42,101,000803,4,1364,+39.949701,-075.173448
42,101,000805,1,1912,+39.949308,-075.170061
42,101,000805,2,675,+39.948833,-075.168554
42,101,000806,1,1483,+39.947886,-075.165473
42,101,000806,2,1219,+39.948294,-075.166997
42,101,000901,1,1243,+39.947798,-075.161291
42,101,000901,2,1166,+39.947807,-075.163419
42,101,000902,1,1459,+39.947173,-075.154780
42,101,000902,2,1383,+39.947416,-075.158486
42,101,001001,1,1187,+39.943641,-075.151813
42,101,001001,2,0,+39.948368,-075.150142
42,101,001001,3,1806,+39.946075,-075.151435
42,101,001002,1,2194,+39.945972,-075.145780
42,101,001002,2,722,+39.944053,-075.147543
42,101,001002,3,245,+39.947946,-075.144768
42,101,001002,4,1490,+39.942400,-075.146529
42,101,001101,1,1188,+39.945821,-075.164228
42,101,001101,2,1181,+39.943857,-075.162851
42,101,001101,3,1129,+39.945396,-075.160905
42,101,001101,4,799,+39.945863,-075.162772
42,101,001102,1,1729,+39.944988,-075.158160
42,101,001102,2,518,+39.943961,-075.155031
42,101,001102,3,553,+39.942931,-075.155439
42,101,001201,1,869,+39.947460,-075.182070
42,101,001201,2,1101,+39.947854,-075.177386
42,101,001201,3,1020,+39.946016,-075.176687
42,101,001201,4,963,+39.946503,-075.180008
42,101,001203,1,995,+39.945640,-075.173071
42,101,001203,2,832,+39.947294,-075.172788
42,101,001204,1,1808,+39.946678,-075.168431
42,101,001204,2,1237,+39.945319,-075.169698
42,101,001204,3,969,+39.944920,-075.166681
42,101,001301,1,877,+39.940866,-075.179655
42,101,001301,2,794,+39.941186,-075.183712
42,101,001302,1,810,+39.944300,-075.178839
42,101,001302,2,963,+39.942603,-075.179145
42,101,001302,3,882,+39.942914,-075.181959
42,101,001302,4,2447,+39.944251,-075.184384
42,101,001400,1,1672,+39.943103,-075.173649
42,101,001400,2,849,+39.943667,-075.176298
42,101,001400,3,2215,+39.942644,-075.168842
42,101,001500,1,1120,+39.941308,-075.154510
42,101,001500,2,2218,+39.942165,-075.160926
42,101,001600,1,1239,+39.940484,-075.150037
42,101,001600,2,1426,+39.939919,-075.146159
42,101,001700,1,1342,+39.937337,-075.146618
42,101,001700,2,1655,+39.938347,-075.150793
42,101,001800,1,2283,+39.939656,-075.156549
42,101,001800,2,1193,+39.940638,-075.163620
42,101,001900,1,1101,+39.940791,-075.172288
42,101,001900,2,1758,+39.940194,-075.175104
42,101,001900,3,1224,+39.939579,-075.168500
42,101,002000,1,1543,+39.937580,-075.182338
42,101,002000,2,994,+39.938139,-075.186697
42,101,002100,1,812,+39.937037,-075.179059
42,101,002100,2,1650,+39.936772,-075.175932
42,101,002200,1,848,+39.937057,-075.168501
42,101,002200,2,700,+39.935216,-075.170002
42,101,002200,3,1202,+39.936512,-075.171977
42,101,002300,1,1140,+39.935582,-075.163257
42,101,002300,2,1903,+39.934471,-075.162654
42,101,002400,1,811,+39.937125,-075.154886
42,101,002400,2,1441,+39.933981,-075.156056
42,101,002400,3,1449,+39.937690,-075.159252
42,101,002400,4,755,+39.936062,-075.156752
42,101,002400,5,1168,+39.937956,-075.163112
42,101,002500,1,1347,+39.934909,-075.148720
42,101,002500,2,934,+39.933032,-075.147089
42,101,002500,3,785,+39.932724,-075.151802
42,101,002500,4,1327,+39.935977,-075.152253
42,101,002701,1,2217,+39.926837,-075.154116
42,101,002701,2,1983,+39.930216,-075.153544
42,101,002702,1,2223,+39.925993,-075.149839
42,101,002702,2,2045,+39.929831,-075.149371
42,101,002801,1,2119,+39.930828,-075.156353
42,101,002801,2,2245,+39.927292,-075.157238
42,101,002802,1,1867,+39.927611,-075.160405
42,101,002802,2,1639,+39.927917,-075.163933
42,101,002802,3,1869,+39.930919,-075.159794
42,101,002900,1,1501,+39.928105,-075.166951
42,101,002900,2,829,+39.930336,-075.167254
42,101,002900,3,2021,+39.931892,-075.164607
42,101,003001,1,707,+39.930051,-075.169920
42,101,003001,2,794,+39.927993,-075.170280
42,101,003001,3,998,+39.928491,-075.172176
42,101,003001,4,1073,+39.928765,-075.174223
42,101,003001,5,616,+39.930453,-075.172527
42,101,003002,1,928,+39.933104,-075.169461
42,101,003002,2,836,+39.933424,-075.171580
42,101,003002,3,855,+39.932962,-075.173571
42,101,003002,4,910,+39.931396,-075.170660
42,101,003100,1,1382,+39.933933,-075.176577
42,101,003100,2,592,+39.931377,-075.175532
42,101,003100,3,595,+39.929660,-075.176653
42,101,003100,4,887,+39.930327,-075.179793
42,101,003100,5,960,+39.931999,-075.178035
42,101,003100,6,673,+39.933435,-075.180280
42,101,003200,1,795,+39.934602,-075.182305
42,101,003200,2,555,+39.932953,-075.182953
42,101,003200,3,967,+39.931200,-075.183576
42,101,003200,4,885,+39.934470,-075.186062
42,101,003200,5,475,+39.931549,-075.185871
42,101,003200,6,834,+39.933874,-075.188762
42,101,003300,1,1776,+39.933417,-075.190742
42,101,003300,2,664,+39.937139,-075.195838
42,101,003300,3,738,+39.936619,-075.191444
42,101,003300,4,1169,+39.938119,-075.195217
42,101,003300,5,998,+39.934166,-075.192693
42,101,003300,6,962,+39.935011,-075.195958
42,101,003600,1,1899,+39.928914,-075.190317
42,101,003600,2,1128,+39.930795,-075.196617
42,101,003600,3,2204,+39.924770,-075.190894
42,101,003600,4,1340,+39.931681,-075.194698
42,101,003701,1,1120,+39.928029,-075.177008
42,101,003701,2,1017,+39.926249,-075.177421
42,101,003701,3,1177,+39.927516,-075.179852
42,101,003701,4,1281,+39.927790,-075.184416
42,101,003701,5,1511,+39.927862,-075.182129
42,101,003702,1,1558,+39.924551,-075.179897
42,101,003702,2,1472,+39.924613,-075.183471
42,101,003702,3,648,+39.924069,-075.185613
42,101,003800,1,967,+39.920647,-075.178711
42,101,003800,2,882,+39.922958,-075.178325
42,101,003800,3,954,+39.921682,-075.180962
42,101,003800,4,17,+39.916498,-075.185832
42,101,003800,5,1000,+39.917978,-075.180252
42,101,003901,1,1449,+39.925056,-075.171565
42,101,003901,2,1283,+39.922015,-075.171882
42,101,003901,3,1854,+39.922012,-075.175031
42,101,003901,4,1633,+39.925662,-075.174548
42,101,003902,1,1416,+39.919528,-075.172476
42,101,003902,2,2523,+39.915097,-075.175353
42,101,003902,3,1758,+39.918251,-075.174973
42,101,004001,1,1329,+39.924966,-075.164159
42,101,004001,2,1274,+39.922392,-075.164640
42,101,004001,3,918,+39.922582,-075.167657
42,101,004001,4,956,+39.925191,-075.167028
42,101,004002,1,1384,+39.919929,-075.165232
42,101,004002,2,1665,+39.917453,-075.165753
42,101,004002,3,1242,+39.917879,-075.169088
42,101,004002,4,1068,+39.920110,-075.168296
42,101,004101,1,835,+39.921467,-075.161851
42,101,004101,2,937,+39.922647,-075.161360
42,101,004101,3,3269,+39.924203,-075.158608
42,101,004101,4,1142,+39.920924,-075.157786
42,101,004101,5,983,+39.922136,-075.157656
42,101,004103,1,1705,+39.919515,-075.162009
42,101,004103,2,2568,+39.918979,-075.158605
42,101,004104,1,1465,+39.916999,-075.162924
42,101,004104,2,3096,+39.916561,-075.158974
42,101,004201,1,711,+39.922918,-075.148877
42,101,004201,2,2100,+39.920837,-075.152922
42,101,004201,3,786,+39.920424,-075.149328
42,101,004201,4,1690,+39.923347,-075.152472
42,101,004202,1,1514,+39.917605,-075.149711
42,101,004202,2,1465,+39.915878,-075.152763
42,101,004202,3,1413,+39.917810,-075.153492
42,101,004202,4,869,+39.919116,-075.153753
42,101,005400,1,1191,+39.892794,-075.252098
42,101,005500,1,1955,+39.909658,-075.247294
42,101,005500,2,1021,+39.909124,-075.244973
42,101,005500,3,917,+39.901419,-075.251051
42,101,005500,4,1605,+39.905338,-075.244571
42,101,005600,1,1061,+39.899575,-075.245479
42,101,006000,1,2332,+39.911271,-075.238359
42,101,006000,2,1403,+39.909475,-075.234403
42,101,006000,3,775,+39.914132,-075.236982
42,101,006000,4,1371,+39.914343,-075.240945
42,101,006000,5,726,+39.917062,-075.238761
42,101,006100,1,2271,+39.915560,-075.229659
42,101,006100,2,1109,+39.918137,-075.227996
42,101,006200,1,1036,+39.920279,-075.229743
42,101,006200,2,991,+39.919048,-075.231594
42,101,006200,3,913,+39.917828,-075.233346
42,101,006200,4,1558,+39.918874,-075.233706
42,101,006300,1,686,+39.925233,-075.235016
42,101,006300,2,965,+39.924107,-075.235599
42,101,006300,3,902,+39.922765,-075.237110
42,101,006300,4,1469,+39.919582,-075.241921
42,101,006400,1,1340,+39.928431,-075.238460
42,101,006400,2,1235,+39.928184,-075.241758
42,101,006400,3,1974,+39.924166,-075.242207
42,101,006500,1,1486,+39.933776,-075.231493
42,101,006500,2,1167,+39.943816,-075.241309
42,101,006500,3,2010,+39.937319,-075.233028
42,101,006600,1,875,+39.927869,-075.234454
42,101,006600,2,1233,+39.926707,-075.231748
42,101,006600,3,1484,+39.932054,-075.228571
42,101,006700,1,1413,+39.926663,-075.222896
42,101,006700,2,1290,+39.923535,-075.229059
42,101,006700,3,2942,+39.921480,-075.224324
42,101,006700,4,1805,+39.925416,-075.226436
42,101,007000,1,932,+39.937884,-075.220036
42,101,007000,2,714,+39.936780,-075.221733
42,101,007000,3,824,+39.934002,-075.224347
42,101,007000,4,614,+39.935143,-075.223965
42,101,007000,5,808,+39.935482,-075.219534
42,101,007101,1,822,+39.936498,-075.227420
42,101,007101,2,888,+39.938002,-075.225434
42,101,007101,3,727,+39.939618,-075.223221
42,101,007102,1,972,+39.942795,-075.225333
42,101,007102,2,1161,+39.938710,-075.229233
42,101,007102,3,922,+39.940390,-075.226655
42,101,007102,4,827,+39.942482,-075.228717
42,101,007102,5,792,+39.940526,-075.231101
42,101,007200,1,891,+39.942218,-075.233991
42,101,007200,2,728,+39.946399,-075.231481
42,101,007200,3,572,+39.943015,-075.231343
42,101,007200,4,640,+39.944521,-075.229044
42,101,007200,5,743,+39.944341,-075.232481
42,101,007200,6,928,+39.945145,-075.235676
42,101,007300,1,900,+39.943214,-075.220194
42,101,007300,2,782,+39.942614,-075.222541
42,101,007300,3,645,+39.945133,-075.221815
42,101,007300,4,880,+39.946051,-075.225167
42,101,007400,1,659,+39.943799,-075.210193
42,101,007400,2,720,+39.941781,-075.212183
42,101,007400,3,725,+39.941407,-075.215448
42,101,007400,4,1471,+39.940357,-075.218578
42,101,007400,5,650,+39.937840,-075.216482
42,101,007700,1,1667,+39.948764,-075.207373
42,101,007700,2,635,+39.944664,-075.208544
42,101,007800,1,893,+39.945427,-075.213307
42,101,007800,2,543,+39.945316,-075.216331
42,101,007800,3,836,+39.946166,-075.220052
42,101,007800,4,969,+39.947130,-075.218131
42,101,007800,5,1117,+39.947570,-075.213960
42,101,007900,1,1078,+39.951457,-075.215316
42,101,007900,2,1457,+39.949704,-075.216230
42,101,007900,3,1073,+39.949396,-075.221026
42,101,007900,4,1114,+39.951709,-075.220434
42,101,008000,1,1068,+39.951515,-075.224293
42,101,008000,2,933,+39.949030,-075.225208
42,101,008000,3,746,+39.948831,-075.229272
42,101,008000,4,1195,+39.951802,-075.228296
42,101,008101,1,1051,+39.948552,-075.233330
42,101,008101,2,1664,+39.948328,-075.237792
42,101,008102,1,858,+39.950914,-075.237021
42,101,008102,2,869,+39.950478,-075.233012
42,101,008102,3,1455,+39.952848,-075.232261
42,101,008102,4,1852,+39.953205,-075.236512
42,101,008200,1,1015,+39.951114,-075.240908
42,101,008200,2,1047,+39.949100,-075.241186
42,101,008200,3,1104,+39.947204,-075.241735
42,101,008200,4,787,+39.945246,-075.244646
42,101,008200,5,729,+39.952012,-075.245774
42,101,008200,6,1370,+39.948488,-075.246599
42,101,008200,7,883,+39.950545,-075.246170
42,101,008301,1,1276,+39.960824,-075.245122
42,101,008301,2,1797,+39.958129,-075.245774
42,101,008301,3,1237,+39.955233,-075.246465
42,101,008302,1,983,+39.953069,-075.240956
42,101,008302,2,1982,+39.959833,-075.241211
42,101,008302,3,990,+39.956639,-075.241862
42,101,008302,4,1043,+39.954552,-075.240799
42,101,008400,1,1107,+39.955958,-075.233482
42,101,008400,2,809,+39.957752,-075.233696
42,101,008400,3,640,+39.957114,-075.236737
42,101,008400,4,762,+39.959658,-075.234577
42,101,008400,5,723,+39.955505,-075.237574
42,101,008400,6,570,+39.959777,-075.237981
42,101,008500,1,660,+39.958738,-075.223035
42,101,008500,2,891,+39.956352,-075.223265
42,101,008500,3,887,+39.954470,-075.223919
42,101,008500,4,782,+39.954405,-075.228961
42,101,008500,5,1239,+39.955995,-075.228970
42,101,008500,6,1009,+39.957413,-075.228867
42,101,008500,7,1305,+39.959254,-075.228810
42,101,008601,1,1149,+39.953815,-075.219682
42,101,008601,2,2063,+39.953701,-075.213800
42,101,008602,1,1419,+39.956810,-075.214106
42,101,008602,2,1192,+39.955700,-075.217218
42,101,008602,3,841,+39.956753,-075.220485
42,101,008701,1,1192,+39.950451,-075.211201
42,101,008701,2,1229,+39.952712,-075.210825
42,101,008701,3,1926,+39.955694,-075.210206
42,101,008702,1,770,+39.956196,-075.206657
42,101,008702,2,1183,+39.954413,-075.207140
42,101,008702,3,1488,+39.951341,-075.207372
42,101,008801,1,1600,+39.953374,-075.199071
42,101,008802,1,1023,+39.950062,-075.203944
42,101,008802,2,1431,+39.955796,-075.201960
42,101,008802,3,1179,+39.951331,-075.203409
42,101,008802,4,1820,+39.952629,-075.201723
42,101,008802,5,1127,+39.954124,-075.202804
42,101,009000,1,2323,+39.959507,-075.190113
42,101,009000,2,1900,+39.961828,-075.190334
42,101,009000,3,3471,+39.957947,-075.190416
42,101,009100,1,983,+39.961686,-075.196743
42,101,009100,2,1397,+39.958642,-075.195933
42,101,009100,3,1554,+39.959364,-075.200851
42,101,009200,1,1773,+39.959671,-075.208846
42,101,009200,2,2201,+39.960841,-075.204122
42,101,009300,1,599,+39.963550,-075.222007
42,101,009300,2,890,+39.962014,-075.221984
42,101,009300,3,741,+39.960430,-075.221972
42,101,009300,4,799,+39.961912,-075.225992
42,101,009300,5,1232,+39.963363,-075.226630
42,101,009400,1,626,+39.963884,-075.231187
42,101,009400,2,1258,+39.962783,-075.229420
42,101,009400,3,592,+39.961923,-075.234458
42,101,009400,4,1290,+39.963984,-075.234480
42,101,009500,1,684,+39.964902,-075.237024
42,101,009500,2,845,+39.963401,-075.238609
42,101,009500,3,1760,+39.968035,-075.237727
42,101,009600,1,1197,+39.967259,-075.242399
42,101,009600,2,752,+39.963708,-075.241432
42,101,009600,3,867,+39.963246,-075.244619
42,101,009600,4,734,+39.964790,-075.244278
42,101,009600,5,725,+39.966359,-075.244346
42,101,009801,1,1029,+39.977906,-075.264968
42,101,009801,2,1177,+39.976764,-075.266807
42,101,009802,1,1848,+39.974248,-075.262600
42,101,009802,2,1968,+39.973304,-075.267238
42,101,009802,3,1679,+39.975756,-075.270755
42,101,010000,1,1389,+39.967626,-075.248601
42,101,010000,2,711,+39.970635,-075.248409
42,101,010000,3,679,+39.973721,-075.248449
42,101,010000,4,1618,+39.972504,-075.251845
42,101,010100,1,845,+39.974388,-075.239461
42,101,010100,2,813,+39.971555,-075.239147
42,101,010100,3,701,+39.974054,-075.241995
42,101,010100,4,922,+39.969598,-075.241744
42,101,010100,5,676,+39.970535,-075.245738
42,101,010100,6,971,+39.974066,-075.245604
42,101,010100,7,712,+39.972675,-075.243513
42,101,010200,1,766,+39.969577,-075.234102
42,101,010200,2,1040,+39.966937,-075.230561
42,101,010200,3,1341,+39.969305,-075.230657
42,101,010300,1,1329,+39.968729,-075.225633
42,101,010300,2,1243,+39.966353,-075.225116
42,101,010400,1,1455,+39.966355,-075.219337
42,101,010400,2,873,+39.963402,-075.218170
42,101,010400,3,1245,+39.968623,-075.220076
42,101,010500,1,1604,+39.970152,-075.213816
42,101,010500,2,1759,+39.964892,-075.213364
42,101,010600,1,685,+39.965341,-075.209991
42,101,010600,2,791,+39.963797,-075.206419
42,101,010700,1,1219,+39.967101,-075.206062
42,101,010700,2,1013,+39.969332,-075.206006
42,101,010700,3,1247,+39.970836,-075.209820
42,101,010800,1,1557,+39.963554,-075.199775
42,101,010800,2,1190,+39.964867,-075.196336
42,101,010800,3,1189,+39.967263,-075.200351
42,101,010900,1,1029,+39.965824,-075.191900
42,101,010900,2,639,+39.964271,-075.189523
42,101,010900,3,973,+39.963851,-075.191955
42,101,011000,1,551,+39.972536,-075.206352
42,101,011000,2,797,+39.975348,-075.211263
42,101,011000,3,872,+39.974450,-075.207419
42,101,011000,4,1158,+39.973056,-075.201410
42,101,011100,1,516,+39.979476,-075.221921
42,101,011100,2,1034,+39.974707,-075.228019
42,101,011100,3,754,+39.974178,-075.223806
42,101,011100,4,1233,+39.972205,-075.224613
42,101,011200,1,644,+39.975138,-075.230460
42,101,011200,2,779,+39.972278,-075.230571
42,101,011200,3,829,+39.972063,-075.233163
42,101,011200,4,933,+39.972068,-075.236004
42,101,011200,5,792,+39.974602,-075.237147
42,101,011200,6,782,+39.975065,-075.234815
42,101,011200,7,839,+39.974960,-075.232551
42,101,011300,1,1042,+39.979310,-075.237105
42,101,011300,2,809,+39.978216,-075.232392
42,101,011300,3,983,+39.977286,-075.236185
42,101,011400,1,1213,+39.978457,-075.247458
42,101,011400,2,772,+39.980067,-075.240937
42,101,011400,3,846,+39.977473,-075.240092
42,101,011400,4,898,+39.977131,-075.242529
42,101,011400,5,1603,+39.978479,-075.244508
42,101,011400,6,988,+39.982343,-075.244069
42,101,011500,1,858,+39.979700,-075.251018
42,101,011500,2,1174,+39.977913,-075.253437
42,101,011500,3,1127,+39.976536,-075.249955
42,101,011500,4,945,+39.975524,-075.253788
42,101,011700,1,999,+39.994144,-075.238537
42,101,011700,2,894,+39.990911,-075.239360
42,101,011800,1,736,+39.989739,-075.235638
42,101,011800,2,1039,+39.987224,-075.235003
42,101,011800,3,1138,+39.984709,-075.232859
42,101,011800,4,574,+39.985228,-075.236564
42,101,011800,5,1324,+39.986674,-075.241231
42,101,011800,6,680,+39.988080,-075.238423
42,101,011900,1,1291,+39.985053,-075.230396
42,101,011900,2,1685,+39.985814,-075.228209
42,101,011900,3,916,+39.980486,-075.226561
42,101,011900,4,548,+39.990536,-075.227825
42,101,011900,5,576,+39.989092,-075.229157
42,101,012000,1,1943,+39.996044,-075.230018
42,101,012100,1,1610,+39.994215,-075.222964
42,101,012100,2,1207,+40.001372,-075.221896
42,101,012201,1,1237,+40.004288,-075.210774
42,101,012201,2,759,+40.004581,-075.206734
42,101,012201,3,897,+40.004160,-075.204457
42,101,012203,1,658,+40.007951,-075.207785
42,101,012204,1,33,+40.002858,-075.216675
42,101,012204,2,1347,+39.998668,-075.211615
42,101,012204,3,935,+40.000940,-075.210162
42,101,012204,4,1379,+40.002563,-075.203728
42,101,012501,1,1498,+39.959524,-075.166895
42,101,012501,2,4,+39.961730,-075.167321
42,101,012501,3,615,+39.962031,-075.163222
42,101,012501,4,818,+39.959127,-075.163063
42,101,012502,1,957,+39.963010,-075.172077
42,101,012502,2,2052,+39.961740,-075.177864
42,101,012502,3,366,+39.963746,-075.175051
42,101,012502,4,751,+39.962748,-075.169503
42,101,012502,5,1015,+39.961127,-075.169889
42,101,013100,1,1046,+39.965686,-075.150836
42,101,013100,2,663,+39.963248,-075.150485
42,101,013200,1,1262,+39.967454,-075.156165
42,101,013200,2,136,+39.966353,-075.159390
42,101,013200,3,1044,+39.963640,-075.156880
42,101,013200,4,779,+39.965071,-075.156236
42,101,013300,1,2041,+39.968499,-075.162786
42,101,013300,2,1068,+39.964003,-075.164009
42,101,013300,3,948,+39.965703,-075.163601
42,101,013401,1,1295,+39.966600,-075.177575
42,101,013401,2,1676,+39.965348,-075.173962
42,101,013402,1,1127,+39.966056,-075.170571
42,101,013402,2,750,+39.966237,-075.166663
42,101,013402,3,1758,+39.964346,-075.168956
42,101,013500,1,735,+39.969431,-075.170330
42,101,013500,2,2205,+39.969316,-075.167503
42,101,013500,3,1312,+39.970471,-075.172729
42,101,013601,1,1289,+39.968674,-075.176785
42,101,013601,2,1622,+39.969260,-075.180426
42,101,013602,1,758,+39.971149,-075.177362
42,101,013602,2,1290,+39.972046,-075.183113
42,101,013602,3,1036,+39.971556,-075.179560
42,101,013602,4,692,+39.971019,-075.175403
42,101,013701,1,729,+39.979180,-075.185577
42,101,013701,2,1393,+39.976242,-075.186125
42,101,013702,1,730,+39.976448,-075.183260
42,101,013702,2,1332,+39.976343,-075.180943
42,101,013702,3,967,+39.979053,-075.182741
42,101,013702,4,884,+39.974255,-075.183621
42,101,013800,1,601,+39.977991,-075.176228
42,101,013800,2,1525,+39.975180,-075.177608
42,101,013900,1,467,+39.977812,-075.173010
42,101,013900,2,1203,+39.976489,-075.169671
42,101,013900,3,850,+39.972200,-075.170172
42,101,014000,1,2253,+39.972377,-075.164070
42,101,014000,2,887,+39.975118,-075.163585
42,101,014000,3,2316,+39.974220,-075.160227
42,101,014100,1,2160,+39.970794,-075.149243
42,101,014100,2,928,+39.971015,-075.155592
42,101,014201,1,1534,+39.968155,-075.145216
42,101,014201,2,1963,+39.967315,-075.141951
42,101,014202,1,1490,+39.966512,-075.138347
42,101,014202,2,98,+39.963925,-075.137214
42,101,014202,3,721,+39.963996,-075.132182
42,101,014300,1,350,+39.966705,-075.131923
42,101,014300,2,1587,+39.969636,-075.129437
42,101,014400,1,865,+39.971093,-075.142847
42,101,014400,2,1281,+39.972851,-075.144139
42,101,014400,3,1978,+39.971713,-075.136742
42,101,014400,4,987,+39.972997,-075.140471
42,101,014500,1,1718,+39.977552,-075.148689
42,101,014500,2,1000,+39.974516,-075.147658
42,101,014600,1,2705,+39.976867,-075.153156
42,101,014600,2,4772,+39.977402,-075.156325
42,101,014700,1,1504,+39.978019,-075.164024
42,101,014700,2,3277,+39.978469,-075.160824
42,101,014800,1,1099,+39.980285,-075.168790
42,101,014900,1,750,+39.980607,-075.174186
42,101,014900,2,493,+39.981274,-075.176419
42,101,014900,3,590,+39.981755,-075.178576
42,101,014900,4,629,+39.981751,-075.181040
42,101,014900,5,623,+39.981467,-075.183079
42,101,014900,6,680,+39.982603,-075.186680
42,101,015101,1,1057,+39.985486,-075.186124
42,101,015101,2,1160,+39.988346,-075.185389
42,101,015102,1,1488,+39.987134,-075.182527
42,101,015102,2,731,+39.988024,-075.178934
42,101,015102,3,1935,+39.984603,-075.177378
42,101,015200,1,2310,+39.984539,-075.166986
42,101,015200,2,1315,+39.983665,-075.172570
42,101,015200,3,1884,+39.987166,-075.171727
42,101,015300,1,2681,+39.983231,-075.157748
42,101,015300,2,1114,+39.984491,-075.160766
42,101,015300,3,1088,+39.986156,-075.161770
42,101,015300,4,3060,+39.982648,-075.163064
42,101,015600,1,1015,+39.977535,-075.142076
42,101,015600,2,887,+39.980727,-075.141942
42,101,015700,1,682,+39.980868,-075.135678
42,101,015700,2,937,+39.978948,-075.135291
42,101,015700,3,1305,+39.976875,-075.135048
42,101,015800,1,1348,+39.975783,-075.130428
42,101,015800,2,956,+39.975785,-075.127926
42,101,015800,3,1185,+39.972236,-075.127208
42,101,015800,4,720,+39.970420,-075.132828
42,101,015800,5,1390,+39.973038,-075.132096
42,101,015800,6,976,+39.974315,-075.125922
42,101,016001,1,1759,+39.979773,-075.121296
42,101,016001,2,936,+39.975864,-075.123310
42,101,016002,1,623,+39.982847,-075.120357
42,101,016002,2,967,+39.977594,-075.125955
42,101,016002,3,725,+39.981907,-075.123059
42,101,016002,4,954,+39.979310,-075.127823
42,101,016002,5,967,+39.980307,-075.124625
42,101,016100,1,2806,+39.982251,-075.130167
42,101,016100,2,791,+39.984312,-075.123345
42,101,016100,3,999,+39.987710,-075.124803
42,101,016100,4,1987,+39.985744,-075.127293
42,101,016200,1,885,+39.984502,-075.141547
42,101,016200,2,1193,+39.983666,-075.134756
42,101,016300,1,828,+39.989891,-075.135897
42,101,016300,2,990,+39.986583,-075.134893
42,101,016300,3,1425,+39.989120,-075.130621
42,101,016400,1,1198,+39.990484,-075.140929
42,101,016400,2,585,+39.987611,-075.140114
42,101,016400,3,1435,+39.991213,-075.145263
42,101,016400,4,963,+39.987850,-075.143089
42,101,016500,1,1365,+39.988440,-075.148862
42,101,016500,2,1112,+39.991814,-075.151223
42,101,016600,1,1187,+39.988230,-075.153077
42,101,016600,2,651,+39.987721,-075.154573
42,101,016701,1,902,+39.992320,-075.160639
42,101,016701,2,649,+39.992092,-075.162317
42,101,016701,3,1282,+39.988588,-075.162203
42,101,016702,1,600,+39.990037,-075.159351
42,101,016702,2,715,+39.992698,-075.158763
42,101,016702,3,862,+39.990614,-075.156856
42,101,016702,4,731,+39.987410,-075.158625
42,101,016800,1,1522,+39.993462,-075.169977
42,101,016800,2,1332,+39.989047,-075.166548
42,101,016800,3,711,+39.991616,-075.164817
42,101,016901,1,1051,+39.994797,-075.172829
42,101,016901,2,819,+39.991741,-075.174503
42,101,016901,3,1255,+39.994269,-075.177732
42,101,016902,1,1269,+39.995785,-075.180777
42,101,016902,2,814,+39.991040,-075.183480
42,101,016902,3,1617,+39.993349,-075.182891
42,101,016902,4,1330,+39.996041,-075.185337
42,101,017000,1,1384,+40.006550,-075.186599
42,101,017000,2,491,+40.011781,-075.179345
42,101,017000,3,1251,+40.007087,-075.182499
42,101,017100,1,686,+40.003480,-075.174421
42,101,017100,2,821,+40.002215,-075.170574
42,101,017100,3,1469,+40.005304,-075.173123
42,101,017100,4,746,+40.002579,-075.174693
42,101,017201,1,902,+39.998962,-075.168845
42,101,017201,2,989,+39.996724,-075.169795
42,101,017201,3,1012,+40.001725,-075.168000
42,101,017202,1,1070,+40.000194,-075.172674
42,101,017202,2,961,+39.998598,-075.175067
42,101,017202,3,725,+39.997701,-075.177269
42,101,017202,4,973,+39.998180,-075.172171
42,101,017300,1,1086,+39.998511,-075.164975
42,101,017300,2,548,+40.001140,-075.163030
42,101,017300,3,1238,+39.996100,-075.160613
42,101,017400,1,1227,+39.995763,-075.148657
42,101,017400,2,1080,+39.995793,-075.151982
42,101,017500,1,1645,+39.998213,-075.144773
42,101,017500,2,930,+39.995599,-075.140440
42,101,017500,3,835,+39.993474,-075.144158
42,101,017500,4,818,+39.995053,-075.144553
42,101,017500,5,1314,+39.998102,-075.142145
42,101,017500,6,1169,+40.001154,-075.140071
42,101,017601,1,2103,+39.995414,-075.137420
42,101,017601,2,1593,+39.994069,-075.132315
42,101,017601,3,1331,+39.992113,-075.130423
42,101,017602,1,1527,+39.996580,-075.127851
42,101,017602,2,739,+39.994146,-075.127328
42,101,017602,3,1307,+39.997849,-075.131694
42,101,017701,1,1228,+39.995824,-075.118058
42,101,017701,2,1112,+39.997012,-075.114519
42,101,017701,3,1212,+39.997817,-075.117048
42,101,017702,1,786,+39.992015,-075.125154
42,101,017702,2,1108,+39.993829,-075.121285
42,101,017702,3,855,+39.997560,-075.120116
42,101,017702,4,985,+39.994777,-075.123568
42,101,017702,5,848,+39.997417,-075.122259
42,101,017800,1,1281,+39.989370,-075.118080
42,101,017800,2,1470,+39.994229,-075.114487
42,101,017800,3,1827,+39.991538,-075.113440
42,101,017800,4,1668,+39.991055,-075.119999
42,101,017900,1,822,+39.986412,-075.114509
42,101,017900,2,1689,+39.987712,-075.108789
42,101,017900,3,835,+39.984714,-075.113641
42,101,017900,4,1665,+39.988818,-075.111205
42,101,017900,5,1141,+39.987428,-075.116241
42,101,018001,1,759,+39.979176,-075.112691
42,101,018001,2,834,+39.982563,-075.111012
42,101,018001,3,892,+39.981692,-075.113090
42,101,018002,1,1455,+39.985648,-075.105733
42,101,018002,2,1171,+39.982751,-075.104186
42,101,018002,3,1955,+39.984237,-075.108360
42,101,018002,4,858,+39.980983,-075.108100
42,101,018300,1,669,+39.995796,-075.073204
42,101,018300,2,1328,+39.998404,-075.071888
42,101,018300,3,1532,+39.999964,-075.075087
42,101,018300,4,797,+39.996486,-075.077311
42,101,018400,1,663,+40.003076,-075.070848
42,101,018400,2,1615,+40.001597,-075.066759
42,101,018801,1,1000,+39.995325,-075.105869
42,101,018801,2,898,+39.994913,-075.110683
42,101,018801,3,855,+39.996754,-075.109190
42,101,018801,4,1692,+39.997699,-075.106852
42,101,018802,1,1413,+39.999057,-075.100234
42,101,018802,2,969,+39.997464,-075.102408
42,101,018802,3,1188,+39.999786,-075.103875
42,101,019000,1,1741,+40.007379,-075.101141
42,101,019000,2,1440,+40.010949,-075.098984
42,101,019000,3,1604,+40.010985,-075.095899
42,101,019000,4,1283,+40.011047,-075.100923
42,101,019000,5,1738,+40.006231,-075.098959
42,101,019100,1,1608,+40.013998,-075.106217
42,101,019100,2,853,+40.010396,-075.105485
42,101,019100,3,1808,+40.012083,-075.105923
42,101,019100,4,1761,+40.006432,-075.107193
42,101,019100,5,2207,+40.008226,-075.105096
42,101,019200,1,1471,+40.001323,-075.113853
42,101,019200,2,1261,+39.999385,-075.114284
42,101,019200,3,1406,+39.999649,-075.119617
42,101,019200,4,1723,+39.999696,-075.110267
42,101,019200,5,1800,+40.001305,-075.119550
42,101,019501,1,1690,+40.001039,-075.133989
42,101,019501,2,1654,+40.000101,-075.127055
42,101,019501,3,1345,+40.000504,-075.130456
42,101,019502,1,1063,+40.003531,-075.133459
42,101,019502,2,1584,+40.002617,-075.126484
42,101,019502,3,847,+40.002704,-075.130900
42,101,019700,1,1317,+40.015788,-075.136103
42,101,019700,2,1120,+40.013005,-075.137899
42,101,019700,3,810,+40.018725,-075.137843
42,101,019700,4,1052,+40.015517,-075.138423
42,101,019700,5,905,+40.014216,-075.140557
42,101,019700,6,1212,+40.017852,-075.139770
42,101,019800,1,1755,+40.011047,-075.143576
42,101,019800,2,1064,+40.010597,-075.139610
42,101,019800,3,973,+40.011429,-075.141138
42,101,019800,4,1129,+40.010066,-075.137365
42,101,019800,5,842,+40.008787,-075.140892
42,101,019900,1,932,+40.005966,-075.139395
42,101,019900,2,1175,+40.006063,-075.142214
42,101,019900,3,1167,+40.006947,-075.146290
42,101,019900,4,1115,+40.004082,-075.144457
42,101,020000,1,530,+40.000308,-075.151250
42,101,020000,2,747,+40.002466,-075.150308
42,101,020101,1,1673,+40.005801,-075.155630
42,101,020101,2,668,+40.000689,-075.154038
42,101,020101,3,1409,+40.001189,-075.156237
42,101,020102,1,854,+40.010335,-075.153562
42,101,020102,2,643,+40.008769,-075.154034
42,101,020102,3,918,+40.010663,-075.156665
42,101,020102,4,1075,+40.012535,-075.153907
42,101,020200,1,1830,+40.006575,-075.164307
42,101,020200,2,598,+40.006062,-075.159310
42,101,020200,3,1607,+40.010698,-075.158937
42,101,020200,4,897,+40.009546,-075.163963
42,101,020300,1,1354,+40.008908,-075.148946
42,101,020300,2,1432,+40.015283,-075.148988
42,101,020400,1,658,+40.021663,-075.156549
42,101,020400,2,705,+40.018695,-075.151056
42,101,020400,3,890,+40.021099,-075.151211
42,101,020400,4,799,+40.018806,-075.153836
42,101,020500,1,710,+40.013292,-075.164226
42,101,020500,2,2018,+40.018148,-075.157350
42,101,020600,1,2043,+40.021648,-075.183661
42,101,020701,1,1247,+40.009937,-075.192854
42,101,020701,2,1796,+40.012500,-075.189144
42,101,020701,3,820,+40.014152,-075.186779
42,101,020702,1,855,+40.011874,-075.198073
42,101,020702,2,1609,+40.014926,-075.194852
42,101,020800,1,838,+40.017084,-075.199149
42,101,020800,2,1652,+40.025741,-075.187286
42,101,020900,1,686,+40.020034,-075.209140
42,101,020900,2,728,+40.018666,-075.205402
42,101,020900,3,756,+40.017164,-075.209072
42,101,020900,4,995,+40.019628,-075.212375
42,101,021000,1,1093,+40.026881,-075.213482
42,101,021000,2,818,+40.025597,-075.216818
42,101,021000,3,997,+40.024506,-075.210225
42,101,021000,4,1642,+40.023157,-075.217640
42,101,021000,5,920,+40.023010,-075.212756
42,101,021100,1,1238,+40.022315,-075.205411
42,101,021100,2,1418,+40.028846,-075.206907
42,101,021200,1,1278,+40.036073,-075.213525
42,101,021200,2,1145,+40.032438,-075.210183
42,101,021300,1,665,+40.035035,-075.219540
42,101,021300,2,707,+40.032789,-075.217297
42,101,021300,3,696,+40.030492,-075.214490
42,101,021300,4,732,+40.029580,-075.217176
42,101,021300,5,773,+40.033281,-075.222459
42,101,021400,1,792,+40.027701,-075.219200
42,101,021400,2,675,+40.027690,-075.223998
42,101,021400,3,1132,+40.029422,-075.226138
42,101,021400,4,1058,+40.030385,-075.222106
42,101,021400,5,560,+40.026462,-075.224175
42,101,021500,1,1799,+40.037061,-075.228460
42,101,021500,2,2336,+40.032152,-075.228709
42,101,021600,1,999,+40.039716,-075.232105
42,101,021600,2,1252,+40.042843,-075.238742
42,101,021700,1,1886,+40.047794,-075.223194
42,101,021700,2,1948,+40.047184,-075.229990
42,101,021700,3,921,+40.042100,-075.222069
42,101,021700,4,1028,+40.039660,-075.217974
42,101,021800,1,2005,+40.060944,-075.232859
42,101,021800,2,1397,+40.053736,-075.233646
42,101,021800,3,1022,+40.056967,-075.230518
42,101,021900,1,1492,+40.050219,-075.240748
42,101,022000,1,1446,+40.064830,-075.244531
42,101,023100,1,1285,+40.067886,-075.202532
42,101,023500,1,1108,+40.036383,-075.196905
42,101,023600,1,1713,+40.041344,-075.193656
42,101,023600,2,985,+40.047274,-075.195521
42,101,023700,1,2107,+40.052142,-075.189541
42,101,023700,2,900,+40.043849,-075.186207
42,101,023700,3,1843,+40.046724,-075.187658
42,101,023800,1,776,+40.043202,-075.183022
42,101,023800,2,749,+40.039539,-075.181548
42,101,023800,3,843,+40.035946,-075.179611
42,101,023800,4,922,+40.036624,-075.184037
42,101,023800,5,1151,+40.039988,-075.186183
42,101,023900,1,1021,+40.035352,-075.186513
42,101,023900,2,836,+40.031075,-075.185641
42,101,024000,1,1884,+40.026561,-075.177034
42,101,024000,2,1924,+40.028515,-075.181769
42,101,024100,1,1343,+40.032788,-075.176111
42,101,024200,1,639,+40.030175,-075.170059
42,101,024200,2,1058,+40.027957,-075.172752
42,101,024200,3,1153,+40.028743,-075.166840
42,101,024200,4,1263,+40.026227,-075.169320
42,101,024300,1,860,+40.023898,-075.175586
42,101,024300,2,1386,+40.021785,-075.172740
42,101,024300,3,956,+40.021586,-075.166832
42,101,024300,4,676,+40.019879,-075.168800
42,101,024400,1,853,+40.022501,-075.164688
42,101,024400,2,904,+40.024436,-075.162607
42,101,024400,3,1395,+40.026375,-075.164690
42,101,024500,1,2085,+40.036363,-075.161876
42,101,024500,2,2166,+40.031016,-075.162025
42,101,024600,1,806,+40.034999,-075.168962
42,101,024600,2,1264,+40.042901,-075.171649
42,101,024600,3,886,+40.039777,-075.174021
42,101,024700,1,1590,+40.039292,-075.167188
42,101,024700,2,1591,+40.042445,-075.163680
42,101,024700,3,1308,+40.045713,-075.161376
42,101,024800,1,740,+40.048265,-075.164304
42,101,024800,2,1172,+40.046324,-075.167135
42,101,024900,1,1232,+40.053843,-075.159373
42,101,024900,2,643,+40.050641,-075.158673
42,101,024900,3,729,+40.048262,-075.159614
42,101,024900,4,808,+40.050770,-075.161628
42,101,025200,1,931,+40.044488,-075.173943
42,101,025200,2,820,+40.042161,-075.178521
42,101,025200,3,969,+40.045025,-075.178106
42,101,025200,4,1112,+40.046632,-075.176585
42,101,025200,5,922,+40.047977,-075.173302
42,101,025200,6,1317,+40.049385,-075.180394
42,101,025200,7,1196,+40.049869,-075.176295
42,101,025300,1,968,+40.054102,-075.178944
42,101,025300,2,787,+40.051231,-075.182451
42,101,025300,3,732,+40.053494,-075.184635
42,101,025300,4,747,+40.056858,-075.183838
42,101,025300,5,625,+40.055510,-075.181633
42,101,025400,1,744,+40.060085,-075.171552
42,101,025400,2,1195,+40.057667,-075.177127
42,101,025400,3,876,+40.059477,-075.180791
42,101,025400,4,1337,+40.062620,-075.175447
42,101,025500,1,690,+40.063367,-075.185449
42,101,025500,2,1202,+40.063515,-075.182098
42,101,025500,3,775,+40.059660,-075.187879
42,101,025600,1,1029,+40.068581,-075.185782
42,101,025600,2,722,+40.063736,-075.189074
42,101,025600,3,858,+40.066034,-075.192633
42,101,025700,1,842,+40.072046,-075.197587
42,101,025700,2,715,+40.071871,-075.200160
42,101,025700,3,744,+40.071902,-075.191784
42,101,025700,4,1155,+40.074490,-075.194542
42,101,025800,1,1663,+40.073630,-075.182696
42,101,025900,1,737,+40.080189,-075.172994
42,101,025900,2,751,+40.078165,-075.174825
42,101,025900,3,795,+40.077327,-075.177317
42,101,025900,4,884,+40.079597,-075.179131
42,101,025900,5,1507,+40.081973,-075.176539
42,101,026000,1,807,+40.076976,-075.169232
42,101,026000,2,844,+40.074115,-075.169296
42,101,026000,3,1199,+40.075678,-075.172641
42,101,026100,1,1086,+40.070570,-075.173780
42,101,026100,2,678,+40.067430,-075.177067
42,101,026100,3,1296,+40.072951,-075.177212
42,101,026200,1,668,+40.067825,-075.164599
42,101,026200,2,891,+40.069636,-075.167987
42,101,026200,3,1179,+40.067522,-075.169222
42,101,026200,4,1338,+40.064850,-075.171220
42,101,026301,1,1222,+40.072270,-075.164966
42,101,026301,2,842,+40.074869,-075.163782
42,101,026301,3,941,+40.073516,-075.161321
42,101,026301,4,721,+40.070400,-075.164364
42,101,026302,1,1365,+40.069264,-075.154023
42,101,026302,2,1356,+40.065599,-075.155365
42,101,026302,3,759,+40.068363,-075.160705
42,101,026302,4,1873,+40.071034,-075.158087
42,101,026400,1,2236,+40.062848,-075.159228
42,101,026400,2,1270,+40.059300,-075.161248
42,101,026400,3,1693,+40.064071,-075.163534
42,101,026500,1,618,+40.062306,-075.153957
42,101,026500,2,919,+40.060227,-075.154898
42,101,026500,3,628,+40.059778,-075.151722
42,101,026500,4,920,+40.057243,-075.158312
42,101,026500,5,1200,+40.056581,-075.153754
42,101,026600,1,2631,+40.066494,-075.150446
42,101,026600,2,1454,+40.062283,-075.149861
42,101,026600,3,2324,+40.064874,-075.146304
42,101,026700,1,2599,+40.054268,-075.144786
42,101,026700,2,2182,+40.055376,-075.147648
42,101,026700,3,976,+40.053814,-075.152150
42,101,026700,4,860,+40.055992,-075.150956
42,101,026800,1,1708,+40.060689,-075.139695
42,101,026800,2,818,+40.055981,-075.138387
42,101,026800,3,842,+40.055840,-075.141650
42,101,026800,4,1283,+40.050589,-075.140431
42,101,026900,1,833,+40.054235,-075.128362
42,101,026900,2,1398,+40.055545,-075.133406
42,101,027000,1,760,+40.049416,-075.129141
42,101,027000,2,1510,+40.049261,-075.135031
42,101,027100,1,777,+40.052435,-075.124722
42,101,027100,2,875,+40.046648,-075.124319
42,101,027100,3,701,+40.047604,-075.126733
42,101,027200,1,858,+40.048165,-075.115050
42,101,027200,2,1867,+40.045910,-075.116262
42,101,027200,3,1531,+40.049418,-075.120445
42,101,027300,1,896,+40.034906,-075.116108
42,101,027300,2,1622,+40.042188,-075.120995
42,101,027300,3,2020,+40.037374,-075.122029
42,101,027300,4,1413,+40.041418,-075.117874
42,101,027401,1,1305,+40.042549,-075.127910
42,101,027401,2,1080,+40.038716,-075.128310
42,101,027401,3,913,+40.034434,-075.129447
42,101,027402,1,1482,+40.042661,-075.122905
42,101,027402,2,2699,+40.036908,-075.125681
42,101,027402,3,2318,+40.043028,-075.125360
42,101,027500,1,1399,+40.044000,-075.131646
42,101,027500,2,1367,+40.039427,-075.131322
42,101,027500,3,909,+40.035191,-075.132639
42,101,027500,4,828,+40.039066,-075.133288
42,101,027600,1,1168,+40.044229,-075.136543
42,101,027600,2,554,+40.040240,-075.141483
42,101,027600,3,1027,+40.042548,-075.140929
42,101,027600,4,797,+40.045136,-075.139789
42,101,027700,1,1125,+40.049467,-075.145175
42,101,027700,2,926,+40.049514,-075.148938
42,101,027700,3,777,+40.050476,-075.151894
42,101,027700,4,728,+40.051822,-075.154145
42,101,027700,5,1362,+40.051305,-075.156074
42,101,027800,1,1572,+40.043009,-075.148597
42,101,027800,2,1008,+40.042582,-075.145869
42,101,027800,3,765,+40.039825,-075.146230
42,101,027800,4,1310,+40.046728,-075.146627
42,101,027901,1,830,+40.047463,-075.152816
42,101,027901,2,854,+40.044977,-075.151624
42,101,027901,3,733,+40.046937,-075.156500
42,101,027901,4,1379,+40.044400,-075.155805
42,101,027902,1,1274,+40.041262,-075.152240
42,101,027902,2,2298,+40.038714,-075.153922
42,101,028000,1,852,+40.023078,-075.155050
42,101,028000,2,780,+40.027721,-075.157393
42,101,028000,3,1187,+40.028827,-075.153755
42,101,028000,4,1361,+40.023430,-075.151093
42,101,028100,1,1667,+40.033004,-075.148048
42,101,028100,2,909,+40.029385,-075.149832
42,101,028100,3,786,+40.026685,-075.148881
42,101,028200,1,1366,+40.031989,-075.138666
42,101,028200,2,1392,+40.033273,-075.143452
42,101,028200,3,1938,+40.037167,-075.139559
42,101,028300,1,749,+40.029882,-075.140772
42,101,028300,2,745,+40.026927,-075.141337
42,101,028300,3,850,+40.023686,-075.146942
42,101,028300,4,1635,+40.023394,-075.144286
42,101,028300,5,882,+40.027279,-075.143787
42,101,028300,6,700,+40.029929,-075.143246
42,101,028300,7,733,+40.027862,-075.145909
42,101,028400,1,1171,+40.029415,-075.137950
42,101,028400,2,962,+40.027253,-075.137834
42,101,028400,3,952,+40.025649,-075.138147
42,101,028400,4,726,+40.021026,-075.137776
42,101,028500,1,2303,+40.028835,-075.133612
42,101,028600,1,1586,+40.030819,-075.125385
42,101,028600,2,1590,+40.027796,-075.126471
42,101,028600,3,2435,+40.026440,-075.130367
42,101,028600,4,1057,+40.031170,-075.130171
42,101,028700,1,1381,+40.021901,-075.132674
42,101,028700,2,990,+40.022228,-075.129988
42,101,028800,1,1660,+40.023670,-075.123823
42,101,028800,2,810,+40.022087,-075.121433
42,101,028800,3,1781,+40.020360,-075.126097
42,101,028901,1,1451,+40.020781,-075.118017
42,101,028901,2,889,+40.017201,-075.111498
42,101,028901,3,1592,+40.018478,-075.115791
42,101,028902,1,1168,+40.019116,-075.110223
42,101,028902,2,1384,+40.021882,-075.114023
42,101,028902,3,1508,+40.023548,-075.115965
42,101,028902,4,1234,+40.024290,-075.118645
42,101,028902,5,753,+40.025694,-075.115625
42,101,029000,1,1551,+40.027892,-075.118817
42,101,029000,2,2867,+40.030475,-075.114842
42,101,029000,3,1777,+40.030241,-075.120440
42,101,029100,1,729,+40.038992,-075.104367
42,101,029100,2,1828,+40.035149,-075.109353
42,101,029100,3,1424,+40.032009,-075.106062
42,101,029100,4,845,+40.029693,-075.109016
42,101,029200,1,2140,+40.026641,-075.108456
42,101,029200,2,1301,+40.024629,-075.101372
42,101,029200,3,764,+40.027625,-075.089966
42,101,029300,1,1150,+40.015378,-075.089704
42,101,029300,2,1876,+40.011456,-075.091258
42,101,029400,1,711,+40.012163,-075.082974
42,101,029400,2,1421,+40.008440,-075.087152
42,101,029400,3,1176,+40.010655,-075.083959
42,101,029800,1,1086,+40.020048,-075.069194
42,101,029800,2,1117,+40.015521,-075.064617
42,101,029800,3,799,+40.016233,-075.068596
42,101,029800,4,1067,+40.013899,-075.066609
42,101,029800,5,778,+40.015188,-075.070341
42,101,029900,1,1314,+40.013262,-075.077210
42,101,029900,2,860,+40.010397,-075.075527
42,101,029900,3,795,+40.012845,-075.071906
42,101,029900,4,1648,+40.016257,-075.073075
42,101,030000,1,2169,+40.021700,-075.073916
42,101,030000,2,1943,+40.017827,-075.079205
42,101,030000,3,1416,+40.019974,-075.077432
42,101,030000,4,1874,+40.014983,-075.081523
42,101,030100,1,1063,+40.020443,-075.084079
42,101,030100,2,2137,+40.018076,-075.086519
42,101,030100,3,781,+40.019859,-075.089722
42,101,030100,4,797,+40.020226,-075.092065
42,101,030100,5,1437,+40.022821,-075.088668
42,101,030200,1,1768,+40.023383,-075.082321
42,101,030200,2,1910,+40.029116,-075.082945
42,101,030200,3,1400,+40.026331,-075.086029
42,101,030200,4,2353,+40.026490,-075.080349
42,101,030501,1,1512,+40.044689,-075.097361
42,101,030501,2,1662,+40.040808,-075.099983
42,101,030501,3,2276,+40.042222,-075.101213
42,101,030502,1,1199,+40.046331,-075.102288
42,101,030502,2,1340,+40.047426,-075.105339
42,101,030502,3,1051,+40.049190,-075.104296
42,101,030502,4,1514,+40.042746,-075.104244
42,101,030502,5,743,+40.044648,-075.107854
42,101,030600,1,1397,+40.049821,-075.099439
42,101,030600,2,1835,+40.049485,-075.089277
42,101,030600,3,1901,+40.052998,-075.095745
42,101,030600,4,2009,+40.048258,-075.094017
42,101,030700,1,1258,+40.057984,-075.086915
42,101,030700,2,744,+40.053327,-075.088771
42,101,030700,3,1741,+40.058808,-075.089771
42,101,030800,1,834,+40.056445,-075.082349
42,101,030800,2,1042,+40.058165,-075.080862
42,101,030800,3,1818,+40.053996,-075.081724
42,101,030800,4,1444,+40.051489,-075.083841
42,101,030900,1,1817,+40.045789,-075.082829
42,101,030900,2,986,+40.041824,-075.084594
42,101,030900,3,1334,+40.045393,-075.085816
42,101,031000,1,1555,+40.045565,-075.074521
42,101,031000,2,2135,+40.048121,-075.078468
42,101,031000,3,1355,+40.050130,-075.069981
42,101,031000,4,2221,+40.052403,-075.074183
42,101,031101,1,1325,+40.043461,-075.076628
42,101,031101,2,850,+40.042139,-075.078026
42,101,031101,3,1420,+40.040240,-075.079589
42,101,031101,4,1599,+40.043639,-075.080180
42,101,031102,1,857,+40.037679,-075.084597
42,101,031102,2,909,+40.035397,-075.086057
42,101,031102,3,1222,+40.034958,-075.083430
42,101,031102,4,1630,+40.037897,-075.081515
42,101,031200,1,1190,+40.035589,-075.079500
42,101,031200,2,2163,+40.036662,-075.075172
42,101,031200,3,1451,+40.034386,-075.078486
42,101,031300,1,2757,+40.040526,-075.071212
42,101,031300,2,2853,+40.038501,-075.067001
42,101,031300,3,1806,+40.041500,-075.073798
42,101,031401,1,2955,+40.045145,-075.068742
42,101,031401,2,1684,+40.042795,-075.066265
42,101,031401,3,2817,+40.048202,-075.065486
42,101,031402,1,1482,+40.043354,-075.058148
42,101,031402,2,1748,+40.040577,-075.062338
42,101,031402,3,2726,+40.045134,-075.060948
42,101,031501,1,1661,+40.034400,-075.050957
42,101,031501,2,3703,+40.038219,-075.046432
42,101,031501,3,2017,+40.036331,-075.048549
42,101,031502,1,2261,+40.038571,-075.056234
42,101,031502,2,989,+40.041793,-075.052484
42,101,031502,3,1496,+40.036054,-075.055266
42,101,031600,1,960,+40.034704,-075.057799
42,101,031600,2,870,+40.031360,-075.056565
42,101,031600,3,756,+40.028995,-075.059857
42,101,031600,4,854,+40.030867,-075.061863
42,101,031600,5,927,+40.032828,-075.059550
42,101,031600,6,1097,+40.032935,-075.054578
42,101,031600,7,1265,+40.035404,-075.061286
42,101,031700,1,1479,+40.029190,-075.066175
42,101,031700,2,1647,+40.032356,-075.069777
42,101,031700,3,740,+40.029073,-075.064013
42,101,031700,4,1571,+40.032664,-075.065557
42,101,031700,5,1160,+40.029280,-075.070182
42,101,031800,1,1441,+40.032538,-075.076006
42,101,031800,2,1096,+40.029014,-075.076661
42,101,031800,3,742,+40.030195,-075.078952
42,101,031800,4,814,+40.030974,-075.081409
42,101,031900,1,1167,+40.025200,-075.062427
42,101,031900,2,1160,+40.022143,-075.060278
42,101,031900,3,838,+40.019636,-075.064179
42,101,031900,4,779,+40.021969,-075.065559
42,101,031900,5,1189,+40.024574,-075.065532
42,101,032000,1,904,+40.028150,-075.051006
42,101,032000,2,1025,+40.026822,-075.053657
42,101,032000,3,1131,+40.027759,-075.056423
42,101,032000,4,965,+40.023423,-075.057707
42,101,032000,5,1123,+40.026090,-075.059754
42,101,032000,6,1138,+40.024682,-075.055960
42,101,032000,7,1041,+40.029418,-075.053490
42,101,032100,1,1426,+40.015261,-075.059705
42,101,032100,2,1127,+40.017561,-075.056556
42,101,032100,3,1432,+40.018781,-075.059894
42,101,032300,1,715,+40.019546,-075.051455
42,101,032300,2,1494,+40.021674,-075.054472
42,101,032300,3,1869,+40.022141,-075.049694
42,101,032500,1,1107,+40.030770,-075.047143
42,101,032500,2,2646,+40.026445,-075.046628
42,101,032500,3,2457,+40.023695,-075.044049
42,101,032600,1,3039,+40.030448,-075.039232
42,101,032600,2,2850,+40.033471,-075.041888
42,101,032600,3,1872,+40.027244,-075.037039
42,101,032900,1,1504,+40.034064,-075.027364
42,101,032900,2,1234,+40.039811,-075.024767
42,101,032900,3,1693,+40.038172,-075.029531
42,101,033000,1,783,+40.037847,-075.034092
42,101,033000,2,836,+40.036038,-075.032722
42,101,033000,3,1151,+40.036771,-075.036735
42,101,033000,4,1949,+40.032532,-075.030571
42,101,033000,5,1579,+40.032544,-075.033860
42,101,033000,6,1109,+40.034765,-075.037879
42,101,033000,7,806,+40.035037,-075.034399
42,101,033101,1,3143,+40.041212,-075.035808
42,101,033101,2,2255,+40.039188,-075.041041
42,101,033102,1,1116,+40.045133,-075.024021
42,101,033102,2,1128,+40.043893,-075.028013
42,101,033102,3,847,+40.042511,-075.031054
42,101,033102,4,1387,+40.046250,-075.030156
42,101,033200,1,1873,+40.044559,-075.048332
42,101,033200,2,1419,+40.041896,-075.047689
42,101,033300,1,1610,+40.058908,-075.041448
42,101,033300,2,1473,+40.053634,-075.043559
42,101,033300,3,1256,+40.052298,-075.047870
42,101,033400,1,1002,+40.058112,-075.048805
42,101,033400,2,1644,+40.054090,-075.052513
42,101,033400,3,979,+40.057041,-075.053590
42,101,033400,4,1822,+40.050045,-075.054643
42,101,033500,1,1367,+40.057917,-075.065536
42,101,033500,2,1962,+40.053819,-075.062139
42,101,033500,3,885,+40.054687,-075.068090
42,101,033600,1,1678,+40.057905,-075.058173
42,101,033600,2,2344,+40.064952,-075.060262
42,101,033600,3,2674,+40.061442,-075.063717
42,101,033600,4,1459,+40.061835,-075.054754
42,101,033701,1,1923,+40.072632,-075.048142
42,101,033701,2,1207,+40.065173,-075.051056
42,101,033701,3,632,+40.067607,-075.048984
42,101,033701,4,1910,+40.062874,-075.046011
42,101,033702,1,1447,+40.073144,-075.051656
42,101,033702,2,2314,+40.070064,-075.061269
42,101,033702,3,1077,+40.068249,-075.054135
42,101,033702,4,841,+40.069337,-075.055934
42,101,033800,1,1863,+40.059153,-075.073118
42,101,033800,2,2488,+40.061897,-075.078879
42,101,033800,3,1934,+40.064665,-075.068441
42,101,033900,1,1341,+40.068655,-075.088176
42,101,033900,2,1765,+40.066653,-075.082527
42,101,034000,1,1097,+40.074069,-075.070474
42,101,034000,2,1147,+40.069058,-075.073820
42,101,034000,3,727,+40.069225,-075.077408
42,101,034100,1,1641,+40.073556,-075.083233
42,101,034100,2,1760,+40.076450,-075.075746
42,101,034100,3,1274,+40.080768,-075.080999
42,101,034100,4,1154,+40.077323,-075.082023
42,101,034200,1,1562,+40.081352,-075.074982
42,101,034200,2,2170,+40.081343,-075.069910
42,101,034400,1,1790,+40.084264,-075.050152
42,101,034400,2,1646,+40.088504,-075.051668
42,101,034400,3,2212,+40.100533,-075.059257
42,101,034400,4,2166,+40.095058,-075.055403
42,101,034501,1,1918,+40.073003,-075.039354
42,101,034501,2,1865,+40.076340,-075.038938
42,101,034502,1,1364,+40.083945,-075.043906
42,101,034502,2,2696,+40.080133,-075.034420
42,101,034502,3,1868,+40.081819,-075.041537
42,101,034600,1,1348,+40.067835,-075.026050
42,101,034600,2,1492,+40.072002,-075.029799
42,101,034701,1,963,+40.067097,-075.033521
42,101,034701,2,1973,+40.063865,-075.030643
42,101,034701,3,2150,+40.069867,-075.034667
42,101,034701,4,1650,+40.059412,-075.031286
42,101,034702,1,1848,+40.062471,-075.026134
42,101,034702,2,1168,+40.053767,-075.031990
42,101,034702,3,880,+40.053529,-075.025616
42,101,034801,1,1209,+40.054457,-075.015079
42,101,034801,2,1792,+40.058972,-075.019878
42,101,034801,3,1552,+40.051883,-075.013402
42,101,034802,1,2589,+40.066737,-075.016743
42,101,034802,2,1435,+40.064122,-075.012967
42,101,034802,3,1546,+40.061506,-075.011350
42,101,034803,1,1154,+40.058330,-075.002571
42,101,034803,2,2521,+40.064910,-075.004359
42,101,034803,3,841,+40.061858,-075.008215
42,101,034900,1,1094,+40.048936,-075.007259
42,101,034900,2,2517,+40.045653,-075.011889
42,101,034900,3,945,+40.041500,-075.014343
42,101,034900,4,1184,+40.041269,-075.018340
42,101,035100,1,919,+40.048710,-074.984680
42,101,035100,2,1414,+40.048100,-074.989035
42,101,035100,3,1935,+40.045853,-074.987557
42,101,035200,1,2294,+40.060277,-074.986295
42,101,035200,2,897,+40.051167,-074.994679
42,101,035200,3,1680,+40.054341,-074.999639
42,101,035301,1,2495,+40.069066,-074.985378
42,101,035301,2,1967,+40.069798,-074.990552
42,101,035301,3,798,+40.063010,-074.989191
42,101,035302,1,2133,+40.076831,-074.991461
42,101,035302,2,2586,+40.074552,-074.996131
42,101,035500,1,3034,+40.091787,-075.023773
42,101,035500,2,2141,+40.085559,-075.032423
42,101,035500,3,3064,+40.093130,-075.028414
42,101,035601,1,2182,+40.094114,-075.037481
42,101,035601,2,1672,+40.100801,-075.035988
42,101,035601,3,808,+40.096439,-075.043540
42,101,035601,4,1132,+40.099383,-075.029533
42,101,035602,1,1464,+40.103287,-075.046921
42,101,035602,2,2229,+40.106020,-075.040776
42,101,035701,1,2820,+40.107571,-075.029961
42,101,035701,2,2708,+40.112851,-075.026383
42,101,035702,1,2030,+40.112949,-075.034753
42,101,035702,2,3151,+40.117134,-075.035569
42,101,035800,1,1995,+40.124733,-075.022663
42,101,035800,2,1384,+40.117254,-075.023384
42,101,035800,3,2903,+40.120252,-075.029188
42,101,035900,1,2578,+40.116699,-075.016449
42,101,035900,2,2783,+40.108324,-075.019926
42,101,036000,1,1087,+40.098244,-075.014912
42,101,036000,2,2160,+40.101858,-075.016570
42,101,036000,3,0,+40.105978,-075.007984
42,101,036100,1,982,+40.097041,-074.985764
42,101,036100,2,1134,+40.102976,-074.995701
42,101,036100,3,1913,+40.093836,-074.985685
42,101,036201,1,1645,+40.079581,-074.984632
42,101,036201,2,828,+40.085316,-074.984757
42,101,036201,3,1439,+40.081196,-074.990666
42,101,036201,4,1181,+40.077822,-074.986745
42,101,036202,1,2263,+40.078909,-074.980653
42,101,036202,2,1385,+40.090673,-074.980786
42,101,036202,3,2543,+40.087412,-074.977048
42,101,036203,1,1565,+40.082290,-074.971196
42,101,036203,2,1094,+40.078571,-074.969788
42,101,036203,3,2475,+40.075040,-074.975841
42,101,036301,1,2103,+40.092377,-074.970002
42,101,036301,2,1740,+40.094511,-074.964847
42,101,036302,1,1482,+40.094974,-074.978378
42,101,036302,2,2230,+40.098810,-074.981969
42,101,036303,1,2158,+40.103737,-074.975874
42,101,036303,2,1434,+40.100481,-074.973202
42,101,036303,3,1616,+40.099073,-074.971608
42,101,036303,4,1487,+40.099912,-074.965264
42,101,036400,1,971,+40.116352,-074.987442
42,101,036501,1,2224,+40.131826,-075.016703
42,101,036501,2,960,+40.124898,-075.008766
42,101,036501,3,2514,+40.128572,-075.013493
42,101,036502,1,2582,+40.123770,-074.993799
42,101,036502,2,1548,+40.122777,-075.003573
42,101,036600,1,571,+39.936067,-075.143141
42,101,036600,2,396,+39.955401,-075.140252
42,101,036600,3,839,+39.946377,-075.140571
42,101,036600,4,365,+39.961201,-075.137274
42,101,036700,1,281,+39.960441,-075.145775
42,101,036700,2,2158,+39.963887,-075.145372
42,101,036700,3,1417,+39.962170,-075.141239
42,101,036901,1,0,+39.947747,-075.196594
42,101,036901,2,4,+39.946828,-075.202938
42,101,036901,3,0,+39.949432,-075.195718
42,101,036901,4,0,+39.945368,-075.193889
42,101,036902,1,0,+39.951170,-075.187251
42,101,036902,2,1821,+39.950621,-075.197241
42,101,036902,3,801,+39.954607,-075.195216
42,101,036902,4,783,+39.954444,-075.193101
42,101,036902,5,1597,+39.953488,-075.189794
42,101,036902,6,1596,+39.952656,-075.183650
42,101,037200,1,1026,+39.914522,-075.169041
42,101,037200,2,1534,+39.913930,-075.162165
42,101,037200,3,745,+39.914762,-075.166046
42,101,037200,4,1219,+39.913691,-075.158616
42,101,037300,1,1754,+39.910155,-075.174681
42,101,037300,2,2164,+39.910072,-075.182132
42,101,037300,3,1363,+39.902498,-075.187936
42,101,037300,4,632,+39.911815,-075.188513
42,101,037500,1,2160,+39.982519,-075.255071
42,101,037500,2,1914,+39.988707,-075.248612
42,101,037600,1,851,+39.960177,-075.152122
42,101,037600,2,1250,+39.961881,-075.157751
42,101,037600,3,1563,+39.958790,-075.158894
42,101,037700,1,1411,+39.983447,-075.155029
42,101,037700,2,2501,+39.982030,-075.146817
42,101,037700,3,671,+39.982012,-075.150282
42,101,037800,1,0,+39.971230,-075.117010
42,101,037800,2,824,+39.979160,-075.116914
42,101,037800,3,5,+39.982728,-075.079532
42,101,037800,4,0,+39.975477,-075.108945
42,101,037800,5,572,+39.984891,-075.096789
42,101,037800,6,6,+39.980282,-075.097323
42,101,037800,7,10,+39.985346,-075.090330
42,101,037800,8,972,+39.976665,-075.116521
42,101,037900,1,717,+39.986891,-075.102704
42,101,037900,2,1074,+39.987861,-075.099518
42,101,037900,3,843,+39.991474,-075.092058
42,101,037900,4,753,+39.984887,-075.101068
42,101,037900,5,882,+39.986499,-075.097634
42,101,037900,6,1044,+39.989333,-075.094407
42,101,038000,1,1218,+40.005153,-075.079904
42,101,038000,2,1284,+40.007431,-075.075767
42,101,038100,1,753,+40.014297,-075.055736
42,101,038200,1,916,+39.994609,-075.101249
42,101,038200,2,857,+39.989130,-075.104595
42,101,038200,3,1028,+40.002867,-075.096387
42,101,038301,1,2663,+40.013572,-075.133493
42,101,038400,1,1042,+40.066961,-075.235740
42,101,038400,2,1369,+40.070999,-075.233559
42,101,038500,1,1855,+40.074127,-075.210612
42,101,038600,1,1338,+40.055397,-075.208336
42,101,038700,1,1594,+40.078903,-075.206074
42,101,038700,2,655,+40.086689,-075.225811
42,101,038800,1,734,+40.060034,-075.196102
42,101,038800,2,1161,+40.057332,-075.194201
42,101,038800,3,798,+40.056468,-075.191951
42,101,038800,4,1190,+40.052209,-075.196643
42,101,038900,1,926,+40.053101,-075.166976
42,101,038900,2,1078,+40.058343,-075.168977
42,101,038900,3,984,+40.054304,-075.174786
42,101,039001,1,1001,+40.040914,-075.089943
42,101,039001,2,1242,+40.035295,-075.090042
42,101,039001,3,912,+40.034161,-075.088825
42,101,039001,4,824,+40.033312,-075.087338
42,101,039002,1,26,+40.031191,-075.097588
42,101,039002,2,1340,+40.031570,-075.090895
42,101,039002,3,1121,+40.032715,-075.092535
42,101,039002,4,1934,+40.029415,-075.091934
42,101,039100,1,0,+39.937063,-075.208419
42,101,039100,2,1142,+39.931563,-075.215239
42,101,039100,3,752,+39.930880,-075.218690
42,101,039100,4,683,+39.932428,-075.218138
42,101,980001,1,0,+39.985010,-075.196599
42,101,980001,2,3,+39.967441,-075.183466
42,101,980002,1,12,+39.994559,-075.204676
42,101,980002,2,0,+39.973145,-075.194053
42,101,980003,1,0,+39.958695,-075.182881
42,101,980003,2,21,+39.955419,-075.184089
42,101,980100,1,52,+40.044002,-075.208512
42,101,980200,1,336,+40.060634,-075.041221
42,101,980300,1,0,+40.088300,-074.989692
42,101,980300,2,0,+40.096941,-075.006855
42,101,980300,3,3,+40.081142,-075.011355
42,101,980400,1,0,+39.880057,-075.228108
42,101,980500,1,2,+40.017731,-075.144037
42,101,980600,1,2,+39.905794,-075.166298
42,101,980701,1,0,+39.905052,-075.145445
42,101,980701,2,0,+39.905248,-075.157962
42,101,980701,3,0,+39.902168,-075.137407
42,101,980701,4,0,+39.899385,-075.153184
42,101,980702,1,9,+39.922435,-075.145832
42,101,980800,1,13,+39.975856,-075.269333
42,101,980901,1,29,+39.887676,-075.246168
42,101,980901,2,0,+39.899805,-075.221433
42,101,980901,3,0,+39.890969,-075.212189
42,101,980901,4,3,+39.922249,-075.213228
42,101,980901,5,0,+39.913580,-075.212734
42,101,980901,6,10,+39.898229,-075.235462
42,101,980901,7,0,+39.880221,-075.207644
42,101,980901,8,2,+39.903371,-075.236211
42,101,980902,1,0,+39.934627,-075.204632
42,101,980903,1,6,+39.937774,-075.198553
42,101,980904,1,1,+39.924632,-075.203586
42,101,980905,1,0,+39.898627,-075.201254
42,101,980906,1,0,+39.909582,-075.198405
42,101,989100,1,1857,+40.033404,-075.014198
42,101,989100,2,1,+40.037320,-075.017737
42,101,989100,3,1830,+40.030430,-075.018118
42,101,989100,4,0,+40.040742,-074.997553
42,101,989200,1,0,+39.896978,-075.194207
42,101,989200,2,3,+39.888406,-075.189883
42,101,989200,3,0,+39.896636,-075.181011
42,101,989200,4,0,+39.887486,-075.179792
42,101,989200,5,0,+39.889688,-075.171829
42,101,989200,6,0,+39.893824,-075.155502
42,101,989200,7,0,+39.890347,-075.156185
42,101,989300,1,1,+40.016223,-075.127105
42,101,989300,2,64,+40.008384,-075.120737
42,103,950102,1,1036,+41.423852,-074.899914
42,103,950102,2,592,+41.440258,-074.948680
42,103,950102,3,900,+41.385204,-074.915765
42,103,950103,1,1447,+41.365952,-074.701386
42,103,950103,2,915,+41.371447,-074.703819
42,103,950104,1,1269,+41.349117,-074.733474
42,103,950104,2,1268,+41.382716,-074.749216
42,103,950202,1,836,+41.432653,-075.042975
42,103,950202,2,696,+41.455711,-075.002128
42,103,950203,1,736,+41.483873,-075.135202
42,103,950203,2,916,+41.494050,-075.097645
42,103,950204,1,633,+41.497541,-075.026347
42,103,950204,2,653,+41.518053,-075.035886
42,103,950204,3,602,+41.534174,-075.065067
42,103,950302,1,761,+41.394668,-075.242156
42,103,950303,1,714,+41.433026,-075.168452
42,103,950303,2,753,+41.396163,-075.208038
42,103,950304,1,504,+41.371532,-075.237732
42,103,950304,2,474,+41.354758,-075.242010
42,103,950501,1,1619,+41.393293,-075.101104
42,103,950503,1,939,+41.305153,-075.047991
42,103,950503,2,945,+41.329627,-075.042493
42,103,950504,1,1245,+41.313115,-075.063304
42,103,950504,2,667,+41.328428,-075.073312
42,103,950601,1,1523,+41.342006,-074.818770
42,103,950603,1,1103,+41.323913,-074.801985
42,103,950606,1,872,+41.354186,-074.921164
42,103,950606,2,1393,+41.317454,-074.898986
42,103,950606,3,1122,+41.293136,-074.914959
42,103,950606,4,1595,+41.324234,-074.877599
42,103,950606,5,1107,+41.315106,-074.838996
42,103,950607,1,1496,+41.304447,-074.995847
42,103,950607,2,1196,+41.322432,-074.976665
42,103,950607,3,105,+41.333222,-075.002231
42,103,950608,1,1991,+41.320150,-074.933751
42,103,950608,2,1613,+41.309201,-074.951921
42,103,950701,1,1010,+41.237703,-074.965833
42,103,950701,2,658,+41.215754,-074.917732
42,103,950701,3,1263,+41.204546,-074.947554
42,103,950701,4,820,+41.211821,-074.952858
42,103,950702,1,1725,+41.254381,-074.903922
42,103,950702,2,715,+41.257366,-074.912261
42,103,950702,3,1262,+41.263062,-074.951931
42,103,950803,1,1430,+41.176361,-074.953245
42,103,950804,1,1860,+41.144114,-074.993769
42,103,950804,2,1247,+41.150873,-074.975714
42,103,950804,3,620,+41.131106,-074.982199
42,103,950805,1,795,+41.115942,-075.048794
42,103,950805,2,678,+41.131351,-075.053472
42,103,950805,3,702,+41.103803,-075.042749
42,103,950805,4,728,+41.127718,-075.059241
42,103,950806,1,1190,+41.104263,-075.025462
42,103,950806,2,1593,+41.140127,-075.035570
42,103,950901,1,1000,+41.316551,-075.293048
42,103,950901,2,907,+41.267763,-075.290684
42,103,950901,3,605,+41.361421,-075.319618
42,103,950902,1,489,+41.298865,-075.244273
42,103,950902,2,551,+41.262736,-075.067083
42,103,950902,3,451,+41.285282,-075.222107
42,105,950101,1,1022,+41.951586,-077.666207
42,105,950101,2,1218,+41.926399,-077.772221
42,105,950102,1,1123,+41.939214,-077.888713
42,105,950102,2,986,+41.857453,-077.741313
42,105,950200,1,1142,+41.950828,-078.108211
42,105,950200,2,1103,+41.964215,-078.190409
42,105,950200,3,846,+41.865774,-078.056231
42,105,950300,1,967,+41.778806,-078.012213
42,105,950300,2,1414,+41.770743,-078.020998
42,105,950300,3,867,+41.774507,-077.923664
42,105,950300,4,909,+41.765538,-078.003675
42,105,950401,1,1099,+41.780199,-078.154285
42,105,950402,1,768,+41.654338,-078.110251
42,105,950402,2,926,+41.663210,-078.009718
42,105,950500,1,426,+41.734037,-077.649094
42,105,950500,2,529,+41.733249,-077.639817
42,105,950500,3,1051,+41.694882,-077.679956
42,107,000100,1,1647,+40.895512,-076.133068
42,107,000100,2,1411,+40.919317,-076.178473
42,107,000100,3,1228,+40.854029,-076.236655
42,107,000100,4,721,+40.857642,-076.233793
42,107,000200,1,1372,+40.902070,-075.991495
42,107,000200,2,1099,+40.900228,-075.994837
42,107,000300,1,1470,+40.892358,-076.002998
42,107,000300,2,1215,+40.848029,-075.976230
42,107,000300,3,1548,+40.823493,-075.980575
42,107,000300,4,1062,+40.830866,-076.053813
42,107,000400,1,1398,+40.808825,-076.067993
42,107,000400,2,846,+40.808014,-076.148058
42,107,000400,3,2346,+40.792236,-076.179274
42,107,000400,4,1191,+40.771581,-076.208796
42,107,000500,1,901,+40.814139,-076.130394
42,107,000500,2,676,+40.812435,-076.136688
42,107,000500,3,780,+40.812714,-076.141603
42,107,000500,4,1142,+40.810436,-076.144113
42,107,000601,1,690,+40.821680,-076.204320
42,107,000601,2,1254,+40.814915,-076.204075
42,107,000601,3,476,+40.819056,-076.203191
42,107,000601,4,796,+40.820947,-076.209322
42,107,000602,1,1027,+40.821386,-076.197218
42,107,000700,1,579,+40.796789,-076.226260
42,107,000700,2,1123,+40.828324,-076.207288
42,107,000700,3,846,+40.814073,-076.231561
42,107,000700,4,816,+40.784552,-076.221352
42,107,000800,1,650,+40.786948,-076.230214
42,107,000800,2,703,+40.781438,-076.227655
42,107,000800,3,1132,+40.786157,-076.236712
42,107,000800,4,1375,+40.780785,-076.234815
42,107,000901,1,2088,+40.777645,-076.290030
42,107,000901,2,682,+40.793512,-076.283239
42,107,000901,3,626,+40.791200,-076.287040
42,107,000902,1,978,+40.760882,-076.397858
42,107,000902,2,692,+40.763819,-076.358937
42,107,000902,3,761,+40.750291,-076.339367
42,107,000902,4,1148,+40.731367,-076.342136
42,107,001000,1,799,+40.780661,-076.343710
42,107,001000,2,837,+40.782693,-076.345300
42,107,001000,3,835,+40.781160,-076.345784
42,107,001100,1,916,+40.713395,-076.407789
42,107,001100,2,713,+40.705592,-076.512989
42,107,001100,3,609,+40.673960,-076.629722
42,107,001200,1,1355,+40.652764,-076.508494
42,107,001200,2,852,+40.651803,-076.494059
42,107,001200,3,1130,+40.643867,-076.536108
42,107,001200,4,861,+40.636993,-076.607898
42,107,001300,1,659,+40.661567,-076.378854
42,107,001300,2,760,+40.627723,-076.392020
42,107,001300,3,916,+40.631397,-076.389280
42,107,001300,4,639,+40.661920,-076.334329
42,107,001400,1,585,+40.721133,-076.232252
42,107,001400,2,1527,+40.697824,-076.286600
42,107,001500,1,732,+40.694373,-076.260511
42,107,001500,2,834,+40.692881,-076.264825
42,107,001500,3,700,+40.689984,-076.263891
42,107,001500,4,904,+40.687196,-076.261442
42,107,001500,5,1200,+40.691224,-076.256906
42,107,001600,1,1190,+40.694066,-076.221385
42,107,001600,2,935,+40.688188,-076.240900
42,107,001600,3,1031,+40.677414,-076.261737
42,107,001600,4,721,+40.677512,-076.283432
42,107,001700,1,676,+40.677699,-076.211357
42,107,001700,2,1621,+40.672498,-076.207696
42,107,001700,3,951,+40.676771,-076.226076
42,107,001800,1,1284,+40.680783,-076.212925
42,107,001800,2,696,+40.678061,-076.219468
42,107,001901,1,746,+40.681842,-076.199027
42,107,001901,2,339,+40.685864,-076.195649
42,107,001902,1,1773,+40.688674,-076.203563
42,107,001902,2,726,+40.685289,-076.199150
42,107,001902,3,1201,+40.683351,-076.203964
42,107,002000,1,748,+40.691887,-076.206229
42,107,002000,2,1070,+40.686460,-076.188757
42,107,002000,3,1515,+40.691750,-076.192599
42,107,002100,1,1431,+40.688384,-076.174552
42,107,002200,1,557,+40.694542,-076.167913
42,107,002200,2,863,+40.707226,-076.173947
42,107,002200,3,1249,+40.698912,-076.164706
42,107,002300,1,803,+40.722410,-076.193397
42,107,002300,2,854,+40.716870,-076.190131
42,107,002300,3,1088,+40.718685,-076.185891
42,107,002400,1,1054,+40.720212,-076.118709
42,107,002400,2,1173,+40.723871,-076.110162
42,107,002500,1,1074,+40.762328,-076.051611
42,107,002500,2,989,+40.753530,-076.004060
42,107,002600,1,1054,+40.804553,-075.959517
42,107,002600,2,620,+40.800031,-075.966124
42,107,002600,3,557,+40.801499,-075.969235
42,107,002600,4,1097,+40.799664,-075.972971
42,107,002600,5,675,+40.798383,-075.976315
42,107,002700,1,1208,+40.798143,-075.952562
42,107,002700,2,687,+40.792846,-075.974071
42,107,002700,3,1018,+40.795630,-075.971694
42,107,002800,1,674,+40.825223,-075.903626
42,107,002800,2,618,+40.820986,-075.914973
42,107,002800,3,1134,+40.820302,-075.909094
42,107,002900,1,694,+40.774874,-075.887329
42,107,002900,2,1672,+40.748164,-075.847391
42,107,002900,3,2004,+40.718353,-075.913882
42,107,002900,4,913,+40.688333,-075.967990
42,107,003000,1,1185,+40.673603,-076.022635
42,107,003000,2,2247,+40.647980,-076.069443
42,107,003000,3,1985,+40.613615,-076.056769
42,107,003100,1,1570,+40.655217,-076.096768
42,107,003100,2,1430,+40.655343,-076.107103
42,107,003200,1,2197,+40.646914,-076.193891
42,107,003200,2,939,+40.628294,-076.195306
42,107,003200,3,662,+40.633092,-076.190565
42,107,003200,4,1394,+40.647351,-076.157192
42,107,003200,5,593,+40.639289,-076.139359
42,107,003300,1,691,+40.626975,-076.179625
42,107,003300,2,1457,+40.635238,-076.173325
42,107,003300,3,763,+40.631689,-076.166549
42,107,003300,4,643,+40.627863,-076.167821
42,107,003300,5,982,+40.623275,-076.172768
42,107,003300,6,700,+40.628006,-076.172972
42,107,003400,1,654,+40.596733,-076.094133
42,107,003400,2,1224,+40.600274,-076.140902
42,107,003400,3,1637,+40.592804,-076.173906
42,107,003500,1,1080,+40.614016,-076.238936
42,107,003500,2,1813,+40.595837,-076.230665
42,107,003500,3,1371,+40.583950,-076.195492
42,107,003500,4,949,+40.557702,-076.219766
42,107,003600,1,1179,+40.591937,-076.323132
42,107,003600,2,1144,+40.565076,-076.310987
42,107,003600,3,807,+40.541541,-076.294815
42,107,003700,1,1128,+40.589766,-076.499395
42,107,003700,2,1300,+40.590733,-076.539901
42,107,003700,3,1419,+40.588731,-076.553095
42,107,003800,1,2049,+40.551021,-076.385755
42,107,003900,1,1639,+40.564018,-076.393575
42,107,003900,2,957,+40.543043,-076.454674
42,107,003900,3,1420,+40.533109,-076.385441
42,109,070100,1,795,+40.867636,-076.834171
42,109,070100,2,1619,+40.835603,-076.845801
42,109,070100,3,1187,+40.860272,-076.867242
42,109,070100,4,997,+40.854394,-076.823544
42,109,070100,5,1200,+40.838374,-076.828788
42,109,070200,1,1587,+40.862473,-076.943216
42,109,070200,2,2065,+40.813539,-076.969701
42,109,070200,3,955,+40.783712,-076.888569
42,109,070200,4,1727,+40.806745,-076.889722
42,109,070200,5,1355,+40.827021,-076.896294
42,109,070300,1,1680,+40.840598,-077.080833
42,109,070300,2,1456,+40.781191,-077.080532
42,109,070300,3,733,+40.848719,-077.041525
42,109,070300,4,757,+40.797342,-077.026910
42,109,070300,5,1325,+40.788720,-077.044572
42,109,070400,1,1086,+40.698725,-077.104801
42,109,070400,2,1505,+40.757407,-077.162562
42,109,070400,3,895,+40.808738,-077.177618
42,109,070400,4,2070,+40.700258,-077.004912
42,109,070500,1,1130,+40.736903,-077.314188
42,109,070500,2,889,+40.705761,-077.313246
42,109,070500,3,1631,+40.754530,-077.230976
42,109,070600,1,1709,+40.756995,-076.954958
42,109,070600,2,1496,+40.719973,-076.884436
42,109,070600,3,1565,+40.677644,-076.932459
42,109,070600,4,609,+40.762237,-076.941234
42,109,070701,1,1045,+40.804297,-076.866907
42,109,070701,2,1235,+40.797047,-076.861605
42,109,070701,3,1358,+40.807001,-076.861434
42,109,980705,1,2075,+40.797743,-076.874521
42,111,020101,1,1016,+40.254915,-078.987953
42,111,020101,2,920,+40.274582,-078.941818
42,111,020102,1,1407,+40.251873,-078.914114
42,111,020102,2,900,+40.210890,-078.927128
42,111,020102,3,1440,+40.233905,-078.937971
42,111,020102,4,1264,+40.211679,-078.981160
42,111,020200,1,906,+40.242337,-078.847715
42,111,020200,2,1993,+40.221574,-078.821075
42,111,020200,3,653,+40.195404,-078.879821
42,111,020200,4,864,+40.191960,-078.767589
42,111,020300,1,1414,+40.234531,-078.819997
42,111,020300,2,695,+40.229677,-078.827376
42,111,020300,3,581,+40.237195,-078.832046
42,111,020300,4,623,+40.238372,-078.836222
42,111,020300,5,628,+40.241090,-078.838111
42,111,020400,1,822,+40.115070,-078.873834
42,111,020400,2,998,+40.108959,-078.805113
42,111,020400,3,870,+40.122540,-078.809888
42,111,020400,4,763,+40.083207,-078.801803
42,111,020500,1,632,+40.102064,-078.938411
42,111,020500,2,779,+40.097480,-078.983708
42,111,020500,3,729,+40.133987,-078.947234
42,111,020500,4,628,+40.149232,-078.913206
42,111,020601,1,574,+40.182748,-079.015615
42,111,020601,2,1184,+40.168319,-079.066444
42,111,020601,3,756,+40.198903,-079.078119
42,111,020602,1,610,+40.159913,-079.029607
42,111,020602,2,614,+40.162108,-079.024727
42,111,020602,3,960,+40.139343,-079.039349
42,111,020602,4,914,+40.125230,-079.078395
42,111,020700,1,713,+40.095894,-079.102545
42,111,020700,2,1438,+40.068154,-079.137015
42,111,020700,3,498,+40.054753,-079.227621
42,111,020700,4,233,+40.039811,-079.253773
42,111,020801,1,1195,+40.043415,-079.080991
42,111,020801,2,1096,+40.023984,-079.104903
42,111,020801,3,608,+40.020758,-079.146707
42,111,020802,1,3465,+39.972230,-079.055148
42,111,020900,1,576,+40.051971,-079.033979
42,111,020900,2,2759,+40.006019,-079.049841
42,111,020900,3,798,+40.021897,-079.009552
42,111,020900,4,1586,+40.047878,-078.994232
42,111,021000,1,1116,+40.011016,-079.083756
42,111,021000,2,956,+40.006311,-079.094076
42,111,021000,3,807,+40.004316,-079.084362
42,111,021000,4,1109,+39.994987,-079.086687
42,111,021100,1,692,+40.008784,-079.070089
42,111,021100,2,1368,+40.004618,-079.072644
42,111,021200,1,1042,+40.039759,-078.873933
42,111,021200,2,1034,+40.002214,-078.908696
42,111,021200,3,600,+40.009458,-078.909996
42,111,021300,1,1550,+39.750114,-078.894144
42,111,021300,2,785,+39.803695,-078.927177
42,111,021300,3,994,+39.928306,-078.820693
42,111,021400,1,1030,+39.946793,-078.975663
42,111,021400,2,721,+39.920001,-078.945352
42,111,021400,3,1282,+39.921547,-078.957549
42,111,021400,4,1349,+39.897885,-078.974620
42,111,021500,1,983,+39.805064,-079.017250
42,111,021500,2,817,+39.826359,-079.086262
42,111,021500,3,762,+39.855701,-079.049896
42,111,021600,1,894,+39.812909,-079.029525
42,111,021600,2,1176,+39.813508,-079.024023
42,111,021700,1,1120,+39.779517,-079.095388
42,111,021700,2,870,+39.751506,-079.079360
42,111,021700,3,979,+39.742215,-079.143401
42,111,021800,1,1119,+39.913488,-079.135554
42,111,021800,2,638,+39.973321,-079.153324
42,111,021800,3,870,+39.937377,-079.183720
42,111,021800,4,843,+39.916341,-079.155684
42,111,021902,1,973,+39.811650,-079.349761
42,111,021902,2,607,+39.745643,-079.346255
42,111,021902,3,610,+39.785438,-079.292753
42,111,021903,1,1348,+39.880676,-079.298667
42,111,021904,1,983,+39.962031,-079.272707
42,113,960101,1,721,+41.416500,-076.493373
42,113,960101,2,615,+41.445604,-076.301114
42,113,960102,1,806,+41.488085,-076.396237
42,113,960102,2,451,+41.524611,-076.398226
42,113,960102,3,675,+41.531271,-076.403742
42,113,960201,1,1034,+41.527344,-076.596233
42,113,960201,2,537,+41.500556,-076.726253
42,113,960202,1,452,+41.389494,-076.594239
42,113,960202,2,549,+41.345142,-076.530189
42,115,032000,1,671,+41.968367,-076.111020
42,115,032000,2,1064,+41.932142,-076.035427
42,115,032000,3,1114,+41.878465,-075.981815
42,115,032100,1,1130,+41.961745,-075.830724
42,115,032100,2,833,+41.900668,-075.824064
42,115,032100,3,961,+41.972561,-075.948689
42,115,032100,4,552,+41.941177,-075.915667
42,115,032200,1,770,+41.979961,-075.722563
42,115,032200,2,840,+41.974433,-075.745435
42,115,032200,3,1174,+41.961657,-075.747137
42,115,032200,4,725,+41.940449,-075.735691
42,115,032300,1,1051,+41.952564,-075.612262
42,115,032300,2,630,+41.942402,-075.609339
42,115,032300,3,806,+41.946130,-075.597248
42,115,032300,4,945,+41.955390,-075.560514
42,115,032401,1,692,+41.868953,-075.520254
42,115,032401,2,787,+41.795219,-075.516559
42,115,032401,3,672,+41.725816,-075.513818
42,115,032402,1,1868,+41.816240,-075.609163
42,115,032500,1,928,+41.853771,-075.744178
42,115,032500,2,812,+41.876550,-075.726358
42,115,032500,3,861,+41.865692,-075.670030
42,115,032500,4,1254,+41.777051,-075.708701
42,115,032600,1,1042,+41.824469,-075.899963
42,115,032600,2,741,+41.835772,-075.873646
42,115,032600,3,549,+41.829475,-075.878156
42,115,032600,4,1594,+41.826333,-075.839952
42,115,032700,1,658,+41.810584,-076.036784
42,115,032700,2,1750,+41.733844,-076.021592
42,115,032700,3,921,+41.695865,-076.079224
42,115,032800,1,1228,+41.747778,-075.906823
42,115,032800,2,787,+41.759735,-075.801610
42,115,032800,3,1467,+41.678900,-075.917143
42,115,032800,4,1077,+41.686128,-075.793932
42,115,032901,1,719,+41.690106,-075.729927
42,115,032901,2,884,+41.671582,-075.666668
42,115,032901,3,978,+41.678609,-075.606525
42,115,032901,4,1119,+41.662862,-075.535502
42,115,032902,1,871,+41.655462,-075.468085
42,115,032902,2,909,+41.647932,-075.469002
42,117,950100,1,812,+41.943937,-076.958522
42,117,950100,2,1069,+41.977023,-076.987592
42,117,950100,3,691,+41.996467,-077.125157
42,117,950100,4,1614,+41.969553,-077.116522
42,117,950200,1,1205,+41.955098,-077.256763
42,117,950200,2,798,+41.989778,-077.307452
42,117,950200,3,1029,+41.987891,-077.319134
42,117,950200,4,591,+41.981235,-077.350473
42,117,950300,1,988,+41.914161,-077.535961
42,117,950300,2,680,+41.958386,-077.438053
42,117,950300,3,1112,+41.918319,-077.540464
42,117,950300,4,915,+41.955277,-077.471587
42,117,950400,1,938,+41.915063,-077.126985
42,117,950400,2,606,+41.907468,-077.134236
42,117,950400,3,1312,+41.862674,-077.278898
42,117,950400,4,1233,+41.864772,-077.470816
42,117,950500,1,1432,+41.737720,-077.095085
42,117,950500,2,957,+41.871808,-076.969801
42,117,950500,3,1466,+41.790910,-076.966412
42,117,950500,4,759,+41.681470,-077.002091
42,117,950600,1,979,+41.810825,-077.054576
42,117,950600,2,1800,+41.807638,-077.073512
42,117,950600,3,1039,+41.805034,-077.078737
42,117,950600,4,1190,+41.797336,-077.122297
42,117,950700,1,736,+41.680451,-077.061620
42,117,950700,2,1140,+41.671114,-077.085304
42,117,950700,3,2010,+41.734529,-077.248598
42,117,950700,4,1555,+41.791054,-077.224707
42,117,950800,1,1298,+41.745994,-077.310976
42,117,950800,2,770,+41.750964,-077.292040
42,117,950800,3,1401,+41.743492,-077.296348
42,117,950900,1,1122,+41.772357,-077.336178
42,117,950900,2,1156,+41.744372,-077.496505
42,117,950900,3,833,+41.694877,-077.375706
42,117,950900,4,838,+41.683247,-077.323950
42,117,951000,1,946,+41.607824,-076.940607
42,117,951000,2,1267,+41.571369,-077.112164
42,117,951000,3,758,+41.590286,-077.278111
42,119,090102,1,1091,+41.108124,-076.916061
42,119,090102,2,1339,+41.067666,-076.919619
42,119,090102,3,1950,+41.035042,-076.878339
42,119,090102,4,1115,+41.044057,-076.929345
42,119,090201,1,969,+40.901339,-077.197942
42,119,090201,2,1030,+40.868404,-077.217401
42,119,090202,1,1992,+40.930823,-077.107228
42,119,090202,2,2272,+40.944938,-077.059832
42,119,090300,1,1591,+40.920046,-077.039068
42,119,090300,2,1126,+40.920334,-077.049573
42,119,090300,3,866,+40.915866,-077.052283
42,119,090400,1,1751,+40.890754,-077.038484
42,119,090400,2,1633,+40.898472,-076.867510
42,119,090400,3,801,+40.880043,-076.985892
42,119,090502,1,1431,+40.934647,-076.989462
42,119,090502,2,2162,+40.980744,-076.973583
42,119,090502,3,993,+41.007002,-076.942135
42,119,090502,4,1241,+41.003532,-076.883771
42,119,090502,5,1213,+40.980009,-076.891291
42,119,090600,1,843,+40.931066,-076.886253
42,119,090600,2,1630,+40.956387,-076.898944
42,119,090600,3,1234,+40.937900,-076.885660
42,119,090600,4,2207,+40.948457,-076.920279
42,119,090700,1,565,+40.961124,-076.889007
42,119,090700,2,742,+40.962754,-076.882565
42,119,090700,3,1203,+40.966785,-076.898398
42,119,090700,4,819,+40.966134,-076.886122
42,119,980101,1,3005,+41.126309,-076.929344
42,119,980501,1,547,+40.987595,-076.914670
42,119,980800,1,1491,+40.952264,-076.883614
42,119,980800,2,1829,+40.958565,-076.883454
42,121,200000,1,846,+41.593831,-079.581340
42,121,200000,2,1308,+41.578433,-079.707932
42,121,200000,3,1037,+41.591511,-079.585981
42,121,200100,1,903,+41.580517,-079.817743
42,121,200100,2,1361,+41.501419,-079.776264
42,121,200100,3,595,+41.497462,-079.881777
42,121,200100,4,721,+41.503837,-079.868639
42,121,200201,1,1392,+41.460737,-079.953807
42,121,200201,2,1984,+41.381304,-079.907148
42,121,200202,1,994,+41.358741,-079.860502
42,121,200202,2,867,+41.346980,-079.820885
42,121,200300,1,976,+41.409367,-079.842370
42,121,200300,2,630,+41.405794,-079.837852
42,121,200400,1,621,+41.398064,-079.830971
42,121,200400,2,738,+41.396799,-079.835665
42,121,200400,3,900,+41.380659,-079.843779
42,121,200500,1,1305,+41.392373,-079.827124
42,121,200500,2,907,+41.383559,-079.822488
42,121,200600,1,637,+41.426963,-079.746885
42,121,200600,2,2170,+41.409033,-079.824096
42,121,200600,3,1173,+41.434845,-079.882523
42,121,200600,4,795,+41.442368,-079.809631
42,121,200700,1,1223,+41.438821,-079.703501
42,121,200700,2,721,+41.433904,-079.703315
42,121,200800,1,706,+41.424573,-079.721436
42,121,200800,2,837,+41.422623,-079.715095
42,121,200800,3,735,+41.417899,-079.721733
42,121,200900,1,1119,+41.427040,-079.713825
42,121,200900,2,571,+41.422683,-079.707545
42,121,200900,3,627,+41.424814,-079.705125
42,121,201000,1,921,+41.432051,-079.698875
42,121,201000,2,760,+41.435261,-079.690765
42,121,201000,3,1393,+41.425276,-079.687116
42,121,201100,1,1328,+41.372014,-079.545727
42,121,201100,2,1155,+41.444846,-079.673785
42,121,201100,3,756,+41.470863,-079.608400
42,121,201100,4,1314,+41.465231,-079.686465
42,121,201200,1,815,+41.387311,-079.631318
42,121,201200,2,666,+41.356674,-079.670791
42,121,201200,3,1306,+41.384568,-079.687143
42,121,201300,1,746,+41.409885,-079.691603
42,121,201300,2,989,+41.407579,-079.711524
42,121,201300,3,1074,+41.381167,-079.752959
42,121,201300,4,746,+41.338977,-079.716733
42,121,201400,1,873,+41.314611,-079.940904
42,121,201400,2,1392,+41.208246,-079.870180
42,121,201400,3,1441,+41.211860,-079.958221
42,121,201500,1,582,+41.275305,-079.795588
42,121,201500,2,777,+41.229207,-079.671771
42,121,201500,3,611,+41.179372,-079.708540
42,121,201500,4,749,+41.203420,-079.774550
42,121,201500,5,661,+41.293458,-079.699144
42,123,970100,1,1265,+41.852126,-079.052780
42,123,970100,2,922,+41.782895,-079.099543
42,123,970200,1,955,+41.949385,-079.101979
42,123,970200,2,1649,+41.942539,-079.144438
42,123,970200,3,1281,+41.954316,-079.233551
42,123,970300,1,1609,+41.951277,-079.331650
42,123,970300,2,564,+41.982355,-079.339995
42,123,970300,3,1359,+41.955294,-079.446151
42,123,970300,4,1032,+41.951804,-079.577253
42,123,970300,5,572,+41.915285,-079.559802
42,123,970400,1,597,+41.869208,-079.403135
42,123,970400,2,685,+41.810179,-079.428118
42,123,970400,3,780,+41.852503,-079.552780
42,123,970400,4,584,+41.745728,-079.546915
42,123,970500,1,849,+41.865479,-079.338655
42,123,970500,2,773,+41.854478,-079.312682
42,123,970500,3,953,+41.852576,-079.322081
42,123,970500,4,881,+41.837583,-079.310021
42,123,970600,1,767,+41.888945,-079.166205
42,123,970600,2,746,+41.871712,-079.152478
42,123,970600,3,1004,+41.872107,-079.208620
42,123,970600,4,910,+41.850619,-079.201044
42,123,970700,1,1132,+41.848789,-079.135682
42,123,970700,2,1374,+41.858012,-079.143204
42,123,970800,1,1342,+41.848009,-079.145002
42,123,970800,2,881,+41.847299,-079.154216
42,123,970800,3,707,+41.840696,-079.164555
42,123,970800,4,602,+41.841301,-079.151555
42,123,970900,1,601,+41.843147,-079.135064
42,123,970900,2,800,+41.838823,-079.135699
42,123,970900,3,563,+41.840707,-079.129985
42,123,970900,4,807,+41.836872,-079.125685
42,123,970900,5,595,+41.831382,-079.121452
42,123,971000,1,958,+41.846181,-079.098196
42,123,971000,2,1084,+41.880182,-079.121676
42,123,971100,1,641,+41.831067,-079.154737
42,123,971100,2,831,+41.832494,-079.170700
42,123,971100,3,309,+41.673351,-079.373106
42,123,971100,4,1007,+41.791039,-079.215984
42,123,971200,1,492,+41.717198,-079.047582
42,123,971200,2,515,+41.678815,-079.060331
42,123,971200,3,1011,+41.702469,-079.030713
42,123,971400,1,626,+41.684137,-079.404263
42,123,971400,2,427,+41.652280,-079.559671
42,123,971400,3,545,+41.707724,-079.426214
42,125,704100,1,1083,+40.171466,-080.244531
42,125,704100,2,618,+40.169617,-080.249139
42,125,711000,1,1247,+40.405138,-080.498226
42,125,711000,2,1169,+40.450426,-080.432609
42,125,711000,3,1119,+40.341212,-080.468325
42,125,712700,1,733,+40.380202,-080.389452
42,125,712700,2,692,+40.382359,-080.393923
42,125,713700,1,1398,+40.382312,-080.348316
42,125,713700,2,1504,+40.355229,-080.369136
42,125,713700,3,1331,+40.367566,-080.407035
42,125,714000,1,614,+40.378074,-080.244632
42,125,714000,2,1093,+40.407822,-080.309653
42,125,714000,3,924,+40.368077,-080.292377
42,125,715700,1,786,+40.370594,-080.232855
42,125,715700,2,878,+40.369489,-080.238116
42,125,721000,1,961,+40.227848,-080.384519
42,125,721000,2,1371,+40.298783,-080.417633
42,125,721000,3,1515,+40.254304,-080.476953
42,125,722700,1,1014,+40.291427,-080.285441
42,125,722700,2,1153,+40.337135,-080.284290
42,125,722700,3,1123,+40.296557,-080.330416
42,125,731000,1,1348,+40.104455,-080.469700
42,125,731000,2,1841,+40.152809,-080.338775
42,125,731000,3,767,+40.169001,-080.381330
42,125,731000,4,1047,+40.141696,-080.460183
42,125,731000,5,733,+40.119701,-080.412564
42,125,732000,1,1592,+40.107852,-080.271974
42,125,732000,2,869,+40.121547,-080.305921
42,125,732000,3,427,+40.084509,-080.299385
42,125,741100,1,1523,+40.322639,-080.188811
42,125,741100,2,1118,+40.315534,-080.212009
42,125,741100,3,2183,+40.342949,-080.223867
42,125,741300,1,2447,+40.307211,-080.159531
42,125,741300,2,1410,+40.304854,-080.124493
42,125,742101,1,1541,+40.263389,-080.211917
42,125,742101,2,808,+40.242427,-080.215712
42,125,742101,3,2512,+40.235183,-080.226435
42,125,742102,1,2066,+40.222417,-080.238260
42,125,742200,1,1705,+40.234714,-080.271548
42,125,743700,1,511,+40.252231,-080.208493
42,125,743700,2,661,+40.248697,-080.213031
42,125,744101,1,1818,+40.275718,-080.184524
42,125,744101,2,1842,+40.268699,-080.176764
42,125,744102,1,1437,+40.263590,-080.183523
42,125,744102,2,1093,+40.256926,-080.184910
42,125,744200,1,1463,+40.264277,-080.197045
42,125,744200,2,1259,+40.260662,-080.192260
42,125,744200,3,832,+40.252787,-080.188103
42,125,745101,1,994,+40.244731,-080.190051
42,125,745101,2,814,+40.251330,-080.199736
42,125,745101,3,2165,+40.224812,-080.194629
42,125,745102,1,1383,+40.272564,-080.150401
42,125,745102,2,2350,+40.262557,-080.150764
42,125,745102,3,1860,+40.255375,-080.170645
42,125,745200,1,2058,+40.230374,-080.116666
42,125,745200,2,1200,+40.211729,-080.168834
42,125,745200,3,2876,+40.249054,-080.151022
42,125,746100,1,2370,+40.287497,-080.067594
42,125,746100,2,1774,+40.287043,-080.088895
42,125,746100,3,1935,+40.299821,-080.092301
42,125,746200,1,2180,+40.287882,-080.124290
42,125,746200,2,2287,+40.279890,-080.110427
42,125,746301,1,1470,+40.264681,-080.082425
42,125,746301,2,1395,+40.259992,-080.116170
42,125,746301,3,1186,+40.270799,-080.096395
42,125,746301,4,1636,+40.269271,-080.125784
42,125,746302,1,1731,+40.261821,-080.036119
42,125,746302,2,2812,+40.271277,-080.052083
42,125,746302,3,2170,+40.252152,-080.060149
42,125,751100,1,674,+40.198265,-080.268760
42,125,751100,2,1165,+40.194081,-080.278875
42,125,751100,3,667,+40.185423,-080.276068
42,125,751100,4,1346,+40.201833,-080.314917
42,125,751100,5,1164,+40.208185,-080.297464
42,125,751200,1,1400,+40.178896,-080.288009
42,125,751200,2,1009,+40.163188,-080.287678
42,125,751200,3,784,+40.173097,-080.267232
42,125,752700,1,1166,+40.147393,-080.240776
42,125,752700,2,1450,+40.159690,-080.256481
42,125,752700,3,778,+40.156028,-080.265590
42,125,752700,4,1431,+40.149858,-080.285933
42,125,753700,1,849,+40.172216,-080.232310
42,125,753700,2,1004,+40.175342,-080.235363
42,125,754200,1,925,+40.164314,-080.228330
42,125,754200,2,879,+40.169658,-080.238791
42,125,754200,3,826,+40.162009,-080.241280
42,125,754300,1,782,+40.177561,-080.240529
42,125,754300,2,1120,+40.180428,-080.246988
42,125,754300,3,1309,+40.175460,-080.248408
42,125,754400,1,1722,+40.171318,-080.262035
42,125,754500,1,590,+40.176883,-080.253221
42,125,754500,2,766,+40.186018,-080.265208
42,125,754500,3,1013,+40.180370,-080.256144
42,125,754600,1,835,+40.190702,-080.264153
42,125,754600,2,708,+40.187114,-080.258655
42,125,755100,1,945,+40.185133,-080.247726
42,125,755100,2,1180,+40.192405,-080.254579
42,125,755100,3,1055,+40.198900,-080.235620
42,125,755100,4,1114,+40.204585,-080.210948
42,125,755200,1,2076,+40.187479,-080.202612
42,125,755200,2,1720,+40.175275,-080.197107
42,125,755200,3,1523,+40.154753,-080.202750
42,125,755700,1,602,+40.137498,-080.226171
42,125,755700,2,1509,+40.087186,-080.212088
42,125,755700,3,1568,+40.074875,-080.177632
42,125,761000,1,1264,+40.153037,-080.034434
42,125,761000,2,1317,+40.145140,-080.088060
42,125,761000,3,629,+40.101240,-080.064515
42,125,761000,4,761,+40.114683,-080.103944
42,125,761000,5,1185,+40.077700,-080.071259
42,125,762000,1,754,+40.027004,-080.027971
42,125,762000,2,669,+40.020497,-080.083913
42,125,762000,3,1021,+40.041436,-080.120856
42,125,763700,1,925,+40.085367,-079.984133
42,125,763700,2,622,+40.060019,-079.948502
42,125,764000,1,486,+40.127216,-080.004810
42,125,764000,2,805,+40.119054,-080.013728
42,125,764000,3,1061,+40.114219,-080.003217
42,125,764000,4,945,+40.107375,-080.020228
42,125,771100,1,1519,+40.243975,-079.995764
42,125,771100,2,1098,+40.246332,-079.950692
42,125,771100,3,610,+40.213591,-080.024741
42,125,771100,4,1085,+40.242899,-080.080766
42,125,771100,5,1246,+40.217063,-080.073042
42,125,771200,1,1262,+40.258799,-079.997766
42,125,771200,2,1871,+40.266962,-080.012808
42,125,772700,1,1008,+40.204698,-079.946803
42,125,772700,2,1041,+40.207891,-079.959817
42,125,773100,1,723,+40.198155,-079.934765
42,125,773100,2,834,+40.199919,-079.927263
42,125,773100,3,1267,+40.196580,-079.918470
42,125,773200,1,1335,+40.202485,-079.934415
42,125,774700,1,813,+40.172449,-079.882338
42,125,774700,2,1319,+40.169691,-079.910955
42,125,774700,3,712,+40.182734,-079.900498
42,125,774700,4,1386,+40.182338,-079.940760
42,125,774700,5,1150,+40.191222,-079.964569
42,125,775200,1,1137,+40.183930,-079.860681
42,125,775200,2,1117,+40.178897,-079.861640
42,125,775300,1,1113,+40.175417,-079.860319
42,125,775300,2,1202,+40.171092,-079.864455
42,125,781700,1,1925,+40.129281,-079.939694
42,125,781700,2,1688,+40.149656,-079.936317
42,125,781700,3,486,+40.162387,-079.987841
42,125,782700,1,682,+40.152244,-079.910259
42,125,782700,2,621,+40.148315,-079.908932
42,125,783200,1,1573,+40.140224,-079.904830
42,125,783200,2,872,+40.141022,-079.901561
42,125,783300,1,473,+40.136079,-079.896280
42,125,783300,2,1316,+40.133773,-079.900019
42,125,784000,1,1304,+40.120756,-079.882226
42,125,784000,2,681,+40.106116,-079.856972
42,125,784000,3,595,+40.081913,-079.851337
42,125,791000,1,720,+40.078821,-079.864202
42,125,791000,2,688,+40.090651,-079.881329
42,125,792100,1,908,+40.071311,-079.918925
42,125,792100,2,1282,+40.065016,-079.894097
42,125,792100,3,936,+40.046513,-079.901990
42,125,792200,1,591,+40.056470,-079.891376
42,125,792200,2,1755,+40.063493,-079.886443
42,125,795700,1,663,+40.012595,-079.994142
42,125,795700,2,1069,+39.995223,-079.999745
42,125,795700,3,579,+39.983172,-080.033314
42,125,795800,1,2646,+40.288285,-080.178139
42,125,795800,2,938,+40.296544,-080.213745
42,125,795800,3,2344,+40.288233,-080.201007
42,125,795900,1,839,+40.016484,-079.971364
42,125,795900,2,875,+40.036216,-079.951269
42,125,795900,3,985,+40.054722,-079.997751
42,125,795900,4,1534,+40.026560,-079.901337
42,125,796000,1,1288,+40.069430,-080.384348
42,125,796000,2,813,+40.028678,-080.475116
42,125,796000,3,909,+40.040748,-080.293684
42,127,960100,1,741,+41.808291,-075.190232
42,127,960100,2,550,+41.875905,-075.299260
42,127,960200,1,1150,+41.906150,-075.412470
42,127,960200,2,1053,+41.792485,-075.380078
42,127,960200,3,888,+41.712278,-075.394886
42,127,960300,1,1201,+41.624467,-075.368411
42,127,960300,2,1076,+41.650257,-075.441940
42,127,960400,1,1401,+41.669099,-075.283060
42,127,960400,2,1028,+41.651814,-075.216206
42,127,960400,3,728,+41.610998,-075.286838
42,127,960500,1,734,+41.737671,-075.097161
42,127,960500,2,773,+41.739784,-075.164303
42,127,960500,3,908,+41.672783,-075.134425
42,127,960500,4,1259,+41.628007,-075.092969
42,127,960600,1,1197,+41.574619,-075.193563
42,127,960600,2,1281,+41.601574,-075.143147
42,127,960600,3,1251,+41.495894,-075.184646
42,127,960600,4,1229,+41.476411,-075.179376
42,127,960700,1,532,+41.573505,-075.254513
42,127,960700,2,704,+41.583471,-075.259787
42,127,960700,3,789,+41.571758,-075.246664
42,127,960700,4,702,+41.560121,-075.254957
42,127,960700,5,793,+41.579756,-075.262751
42,127,960700,6,938,+41.567602,-075.259517
42,127,960800,1,807,+41.578146,-075.289266
42,127,960800,2,1480,+41.543297,-075.224163
42,127,960800,3,1026,+41.541310,-075.271783
42,127,960800,4,887,+41.512050,-075.294978
42,127,960900,1,1297,+41.583284,-075.406165
42,127,960900,2,3610,+41.567401,-075.413176
42,127,960900,3,936,+41.510734,-075.429809
42,127,960900,4,857,+41.517241,-075.378017
42,127,961001,1,822,+41.460592,-075.379009
42,127,961001,2,1150,+41.450158,-075.427594
42,127,961002,1,1155,+41.436605,-075.353829
42,127,961002,2,576,+41.452524,-075.350876
42,127,961002,3,1147,+41.462567,-075.328823
42,127,961101,1,880,+41.443701,-075.227102
42,127,961101,2,978,+41.461461,-075.247197
42,127,961102,1,523,+41.422657,-075.267293
42,127,961102,2,1295,+41.394213,-075.278139
42,127,961201,1,1136,+41.417522,-075.354349
42,127,961201,2,1671,+41.396895,-075.426590
42,127,961202,1,1308,+41.385529,-075.341439
42,127,961300,1,1482,+41.332158,-075.404528
42,127,961300,2,1350,+41.293354,-075.345393
42,127,961400,1,616,+41.241621,-075.467902
42,127,961400,2,929,+41.273925,-075.396152
42,127,961400,3,331,+41.246944,-075.427407
42,129,800100,1,1042,+40.576641,-079.768694
42,129,800200,1,1282,+40.575879,-079.764410
42,129,800300,1,1207,+40.578399,-079.759251
42,129,800300,2,1241,+40.582766,-079.763390
42,129,800400,1,1405,+40.588624,-079.757192
42,129,800500,1,924,+40.581306,-079.744386
42,129,800500,2,1560,+40.575840,-079.753969
42,129,800600,1,892,+40.570375,-079.762715
42,129,800600,2,1279,+40.571415,-079.759061
42,129,800700,1,647,+40.566259,-079.766514
42,129,800700,2,1318,+40.558143,-079.762306
42,129,800800,1,1714,+40.557593,-079.752526
42,129,800900,1,1004,+40.561811,-079.739305
42,129,800900,2,1427,+40.567069,-079.745646
42,129,801001,1,2660,+40.583822,-079.726394
42,129,801001,2,1361,+40.585345,-079.737095
42,129,801002,1,1022,+40.559738,-079.728806
42,129,801002,2,1547,+40.579740,-079.699157
42,129,801100,1,717,+40.606669,-079.703282
42,129,801100,2,1940,+40.594883,-079.712561
42,129,801100,3,1367,+40.592478,-079.720401
42,129,801100,4,1144,+40.592871,-079.742646
42,129,801200,1,1551,+40.626021,-079.676992
42,129,801200,2,1528,+40.580648,-079.603005
42,129,801200,3,812,+40.593015,-079.630278
42,129,801200,4,1743,+40.604230,-079.657498
42,129,801300,1,1343,+40.634869,-079.639265
42,129,801300,2,1269,+40.633088,-079.617469
42,129,801300,3,1860,+40.617705,-079.599578
42,129,801400,1,1815,+40.596221,-079.576395
42,129,801500,1,1115,+40.598320,-079.564517
42,129,801500,2,1402,+40.599992,-079.569786
42,129,801600,1,1345,+40.603094,-079.560890
42,129,801701,1,2164,+40.547748,-079.675051
42,129,801702,1,1327,+40.473812,-079.608773
42,129,801702,2,1441,+40.531519,-079.625688
42,129,801702,3,1581,+40.512208,-079.626616
42,129,801703,1,1159,+40.566294,-079.581529
42,129,801703,2,1375,+40.517102,-079.582795
42,129,801801,1,788,+40.577942,-079.574727
42,129,801801,2,1204,+40.529197,-079.522039
42,129,801801,3,1776,+40.512088,-079.490946
42,129,801802,1,1095,+40.472007,-079.475370
42,129,801802,2,993,+40.450935,-079.423683
42,129,801901,1,1007,+40.451528,-079.548755
42,129,801901,2,947,+40.393620,-079.579411
42,129,801901,3,909,+40.414520,-079.558995
42,129,801902,1,935,+40.370947,-079.523991
42,129,801902,2,1154,+40.420450,-079.505208
42,129,801902,3,1141,+40.382085,-079.463610
42,129,802001,1,1204,+40.475928,-079.649722
42,129,802001,2,1325,+40.439421,-079.622935
42,129,802003,1,1048,+40.415460,-079.567773
42,129,802003,2,1352,+40.409659,-079.588695
42,129,802003,3,1752,+40.415037,-079.578105
42,129,802004,1,1999,+40.406235,-079.621673
42,129,802004,2,1641,+40.415685,-079.617686
42,129,802101,1,1327,+40.477567,-079.697853
42,129,802101,2,2655,+40.445674,-079.696780
42,129,802101,3,1278,+40.442124,-079.684045
42,129,802102,1,2426,+40.432757,-079.674372
42,129,802102,2,1881,+40.429853,-079.648850
42,129,802102,3,2045,+40.471039,-079.678808
42,129,802103,1,1294,+40.415111,-079.708070
42,129,802103,2,1269,+40.410849,-079.674994
42,129,802200,1,636,+40.378645,-079.761292
42,129,802200,2,1754,+40.384943,-079.757564
42,129,802200,3,837,+40.391613,-079.741611
42,129,802301,1,1141,+40.397136,-079.725588
42,129,802301,2,2160,+40.367126,-079.692495
42,129,802301,3,1037,+40.381580,-079.719858
42,129,802301,4,1683,+40.392674,-079.712752
42,129,802303,1,1816,+40.348674,-079.641115
42,129,802303,2,1255,+40.358217,-079.656508
42,129,802304,1,2121,+40.364623,-079.661161
42,129,802304,2,1786,+40.373302,-079.642868
42,129,802304,3,1705,+40.376148,-079.665495
42,129,802304,4,1233,+40.390698,-079.652880
42,129,802400,1,2002,+40.383281,-079.612629
42,129,802400,2,945,+40.342937,-079.625099
42,129,802400,3,1371,+40.356250,-079.589836
42,129,802500,1,1107,+40.334153,-079.602150
42,129,802500,2,998,+40.338101,-079.607812
42,129,802600,1,1307,+40.332664,-079.620471
42,129,802600,2,962,+40.330161,-079.609168
42,129,802600,3,861,+40.333127,-079.613329
42,129,802700,1,1877,+40.318111,-079.612920
42,129,802800,1,897,+40.323820,-079.619543
42,129,802800,2,1206,+40.328626,-079.630563
42,129,802900,1,1119,+40.332161,-079.667359
42,129,802900,2,1485,+40.324271,-079.675396
42,129,802900,3,1574,+40.341359,-079.678380
42,129,802900,4,1772,+40.348974,-079.667186
42,129,803000,1,1195,+40.324632,-079.693247
42,129,803000,2,1912,+40.333850,-079.708586
42,129,803000,3,520,+40.318228,-079.698534
42,129,803000,4,1098,+40.324710,-079.703705
42,129,803100,1,1680,+40.333247,-079.723045
42,129,803100,2,1394,+40.343413,-079.703283
42,129,803100,3,864,+40.331106,-079.696881
42,129,803200,1,1580,+40.345836,-079.744948
42,129,803200,2,855,+40.368311,-079.741502
42,129,803301,1,1092,+40.351134,-079.771989
42,129,803301,2,1903,+40.337577,-079.769422
42,129,803301,3,1511,+40.332946,-079.751916
42,129,803301,4,1497,+40.328004,-079.767415
42,129,803302,1,2041,+40.322634,-079.756676
42,129,803302,2,2094,+40.308258,-079.766926
42,129,803400,1,2796,+40.307983,-079.744694
42,129,803400,2,1061,+40.321117,-079.738274
42,129,803501,1,2035,+40.303069,-079.733419
42,129,803501,2,1070,+40.299419,-079.715413
42,129,803501,3,2034,+40.309756,-079.690409
42,129,803502,1,1086,+40.322033,-079.727374
42,129,803502,2,1484,+40.312799,-079.713451
42,129,803502,3,1438,+40.319450,-079.708341
42,129,803600,1,1661,+40.320468,-079.643851
42,129,803700,1,1312,+40.327806,-079.594617
42,129,803700,2,1809,+40.332116,-079.562813
42,129,803700,3,1135,+40.313820,-079.570879
42,129,803800,1,1270,+40.315695,-079.500147
42,129,803800,2,1554,+40.324845,-079.527270
42,129,803800,3,1695,+40.345843,-079.549561
42,129,803800,4,1383,+40.336151,-079.496704
42,129,803901,1,1531,+40.316319,-079.542044
42,129,803901,2,1835,+40.334588,-079.538941
42,129,803902,1,1639,+40.314356,-079.553454
42,129,803902,2,914,+40.307528,-079.546474
42,129,803902,3,1267,+40.310117,-079.540010
42,129,804000,1,1389,+40.301499,-079.557202
42,129,804100,1,1372,+40.297714,-079.552036
42,129,804100,2,635,+40.300700,-079.546366
42,129,804100,3,644,+40.302201,-079.541037
42,129,804200,1,1149,+40.302860,-079.532870
42,129,804200,2,690,+40.289392,-079.539992
42,129,804200,3,1911,+40.297356,-079.534050
42,129,804300,1,1066,+40.291459,-079.548130
42,129,804300,2,1153,+40.295200,-079.548460
42,129,804400,1,1086,+40.280267,-079.544816
42,129,804400,2,1049,+40.274831,-079.549578
42,129,804501,1,1279,+40.249725,-079.557287
42,129,804501,2,1299,+40.261993,-079.533723
42,129,804501,3,1106,+40.266955,-079.513859
42,129,804501,4,1067,+40.274874,-079.521017
42,129,804503,1,1115,+40.292707,-079.521424
42,129,804503,2,1652,+40.285130,-079.533068
42,129,804504,1,1155,+40.276997,-079.509438
42,129,804504,2,1842,+40.292012,-079.505196
42,129,804600,1,709,+40.244323,-079.577151
42,129,804600,2,562,+40.247100,-079.583422
42,129,804600,3,1704,+40.235935,-079.584409
42,129,804701,1,1070,+40.267492,-079.625273
42,129,804701,2,1896,+40.275770,-079.585864
42,129,804703,1,2244,+40.280837,-079.577136
42,129,804704,1,1058,+40.289226,-079.561106
42,129,804705,1,1121,+40.271926,-079.558922
42,129,804706,1,1307,+40.272458,-079.568495
42,129,804801,1,992,+40.299822,-079.583867
42,129,804801,2,1259,+40.304726,-079.618088
42,129,804803,1,1777,+40.288930,-079.680791
42,129,804803,2,1273,+40.295974,-079.674883
42,129,804804,1,1172,+40.292010,-079.584387
42,129,804804,2,1828,+40.300542,-079.655027
42,129,804901,1,1211,+40.230435,-079.602217
42,129,804901,2,1471,+40.246312,-079.651124
42,129,804902,1,1379,+40.214116,-079.603540
42,129,804902,2,1308,+40.208375,-079.590122
42,129,805000,1,1259,+40.269246,-079.711626
42,129,805000,2,1031,+40.228879,-079.705015
42,129,805000,3,1266,+40.246642,-079.722714
42,129,805100,1,1500,+40.274205,-079.746717
42,129,805100,2,1152,+40.239761,-079.788961
42,129,805200,1,1094,+40.152219,-079.874044
42,129,805200,2,757,+40.156480,-079.880573
42,129,805400,1,737,+40.158396,-079.892394
42,129,805400,2,640,+40.158781,-079.887674
42,129,805500,1,1294,+40.144200,-079.874135
42,129,805500,2,1220,+40.150188,-079.893275
42,129,805500,3,1134,+40.146524,-079.882623
42,129,805600,1,1873,+40.131070,-079.863325
42,129,805800,1,2040,+40.173162,-079.841281
42,129,805800,2,1134,+40.132702,-079.852309
42,129,805901,1,1514,+40.141393,-079.781654
42,129,805903,1,1253,+40.198011,-079.809252
42,129,805903,2,1519,+40.185871,-079.790340
42,129,805903,3,1048,+40.221294,-079.777784
42,129,805904,1,1008,+40.178359,-079.815173
42,129,805904,2,1877,+40.161165,-079.803825
42,129,806000,1,929,+40.214821,-079.764059
42,129,806000,2,1736,+40.207332,-079.770717
42,129,806100,1,1985,+40.202610,-079.680321
42,129,806100,2,1349,+40.201634,-079.748486
42,129,806200,1,1205,+40.155540,-079.723267
42,129,806200,2,1230,+40.148631,-079.669437
42,129,806300,1,1980,+40.098411,-079.593195
42,129,806400,1,1094,+40.105049,-079.597400
42,129,806400,2,1356,+40.106607,-079.585557
42,129,806500,1,1128,+40.104158,-079.621829
42,129,806500,2,1228,+40.118100,-079.557822
42,129,806500,3,1282,+40.134159,-079.566030
42,129,806500,4,1063,+40.116969,-079.607223
42,129,806600,1,1771,+40.181189,-079.599738
42,129,806600,2,1249,+40.158867,-079.596632
42,129,806700,1,1343,+40.150895,-079.543253
42,129,806700,2,1407,+40.153647,-079.548339
42,129,806800,1,1495,+40.146430,-079.537175
42,129,806900,1,1528,+40.167319,-079.540461
42,129,806900,2,1406,+40.156855,-079.516795
42,129,806900,3,1015,+40.140598,-079.525007
42,129,807000,1,960,+40.191092,-079.436495
42,129,807000,2,901,+40.140950,-079.430841
42,129,807000,3,1222,+40.190970,-079.507828
42,129,807100,1,1306,+40.211090,-079.470929
42,129,807100,2,1041,+40.219889,-079.506853
42,129,807100,3,740,+40.209895,-079.497419
42,129,807201,1,1291,+40.251362,-079.496520
42,129,807201,2,1247,+40.274547,-079.473265
42,129,807201,3,2084,+40.286202,-079.480514
42,129,807202,1,1181,+40.252245,-079.460666
42,129,807202,2,1845,+40.264624,-079.433805
42,129,807300,1,1432,+40.265660,-079.392209
42,129,807300,2,1166,+40.242907,-079.394034
42,129,807300,3,1113,+40.282692,-079.367654
42,129,807300,4,980,+40.268595,-079.345813
42,129,807401,1,1067,+40.320496,-079.419331
42,129,807401,2,1015,+40.351358,-079.438067
42,129,807403,1,2293,+40.303967,-079.464190
42,129,807404,1,1225,+40.290637,-079.386353
42,129,807404,2,2251,+40.290142,-079.413849
42,129,807404,3,1668,+40.298629,-079.406640
42,129,807500,1,1234,+40.318818,-079.394397
42,129,807500,2,1032,+40.322663,-079.386268
42,129,807600,1,1391,+40.306185,-079.379043
42,129,807600,2,979,+40.313343,-079.388914
42,129,807700,1,1613,+40.314462,-079.373936
42,129,807700,2,1154,+40.316827,-079.379550
42,129,807700,3,657,+40.308614,-079.375592
42,129,807800,1,1275,+40.311623,-079.353337
42,129,807800,2,1543,+40.308093,-079.362376
42,129,807800,3,1060,+40.319461,-079.366924
42,129,807901,1,1617,+40.405478,-079.395868
42,129,807901,2,1440,+40.348632,-079.382929
42,129,807902,1,1826,+40.340424,-079.333048
42,129,807902,2,1322,+40.405770,-079.311076
42,129,808100,1,1024,+40.351212,-079.272799
42,129,808100,2,1128,+40.324965,-079.314121
42,129,808100,3,1011,+40.355096,-079.292597
42,129,808100,4,886,+40.405077,-079.258024
42,129,808200,1,1167,+40.335158,-079.297552
42,129,808200,2,1472,+40.332301,-079.303135
42,129,808300,1,1024,+40.299034,-079.138449
42,129,808300,2,1457,+40.374848,-079.158042
42,129,808300,3,895,+40.413200,-079.020405
42,129,808300,4,1527,+40.373029,-079.073392
42,129,808401,1,845,+40.207078,-079.232926
42,129,808401,2,947,+40.245722,-079.294308
42,129,808402,1,1059,+40.265156,-079.170499
42,129,808402,2,1206,+40.275063,-079.237338
42,129,808402,3,985,+40.245870,-079.215781
42,129,808402,4,1160,+40.234140,-079.178576
42,129,808500,1,1513,+40.244772,-079.236457
42,129,808600,1,1231,+40.197549,-079.335665
42,129,808600,2,1489,+40.148036,-079.328903
42,129,808600,3,911,+40.100082,-079.377266
42,129,808600,4,559,+40.088101,-079.322447
42,131,400100,1,1263,+41.619939,-076.053847
42,131,400100,2,733,+41.594128,-076.155429
42,131,400100,3,822,+41.640672,-076.154367
42,131,400200,1,1136,+41.608996,-075.911071
42,131,400200,2,1316,+41.589018,-076.002732
42,131,400200,3,1438,+41.554452,-076.104781
42,131,400300,1,1127,+41.561272,-075.781512
42,131,400300,2,1347,+41.569342,-075.813635
42,131,400300,3,1265,+41.615687,-075.800089
42,131,400300,4,696,+41.625344,-075.784671
42,131,400400,1,1305,+41.562832,-075.958181
42,131,400400,2,1429,+41.567721,-075.898496
42,131,400400,3,1258,+41.520997,-075.918207
42,131,400500,1,625,+41.441972,-075.859828
42,131,400500,2,734,+41.484394,-075.869549
42,131,400500,3,958,+41.479294,-075.818739
42,131,400500,4,1424,+41.515360,-075.837019
42,131,400600,1,1435,+41.507610,-075.966617
42,131,400600,2,1767,+41.541125,-075.948897
42,131,400700,1,1406,+41.435151,-075.924964
42,131,400700,2,1668,+41.428195,-076.008013
42,131,400700,3,917,+41.419177,-076.066092
42,133,000100,1,914,+39.963135,-076.727950
42,133,000100,2,645,+39.959931,-076.724954
42,133,000200,1,710,+39.966528,-076.723346
42,133,000200,2,935,+39.964448,-076.721385
42,133,000200,3,702,+39.962197,-076.720702
42,133,000200,4,643,+39.960720,-076.720121
42,133,000300,1,1050,+39.970101,-076.714949
42,133,000300,2,1390,+39.967940,-076.716328
42,133,000400,1,878,+39.973083,-076.705909
42,133,000400,2,1314,+39.970312,-076.709723
42,133,000500,1,869,+39.968565,-076.703667
42,133,000500,2,711,+39.966956,-076.708019
42,133,000500,3,986,+39.964594,-076.714846
42,133,000600,1,782,+39.963552,-076.705901
42,133,000600,2,1490,+39.959487,-076.711620
42,133,000600,3,585,+39.962386,-076.713313
42,133,000700,1,1147,+39.957627,-076.718992
42,133,000700,2,1212,+39.955510,-076.722417
42,133,000700,3,950,+39.957592,-076.723609
42,133,000800,1,1128,+39.952390,-076.714271
42,133,000800,2,1179,+39.951251,-076.718746
42,133,000900,1,1083,+39.952650,-076.725589
42,133,000900,2,1304,+39.950117,-076.728446
42,133,000900,3,826,+39.952573,-076.729742
42,133,001000,1,997,+39.957132,-076.731782
42,133,001000,2,534,+39.955281,-076.735759
42,133,001100,1,1119,+39.956118,-076.740200
42,133,001100,2,733,+39.954271,-076.741281
42,133,001100,3,936,+39.952746,-076.745745
42,133,001100,4,1059,+39.954102,-076.746924
42,133,001200,1,1007,+39.959438,-076.743002
42,133,001200,2,1237,+39.957900,-076.741187
42,133,001200,3,826,+39.956442,-076.747095
42,133,001300,1,796,+39.963280,-076.745573
42,133,001300,2,1308,+39.959685,-076.749158
42,133,001300,3,1215,+39.962702,-076.751265
42,133,001400,1,1255,+39.981243,-076.747964
42,133,001400,2,1119,+39.975833,-076.751272
42,133,001400,3,1159,+39.972147,-076.746330
42,133,001400,4,729,+39.967438,-076.747254
42,133,001500,1,1423,+39.969517,-076.735727
42,133,001500,2,994,+39.965944,-076.735452
42,133,001500,3,1270,+39.963743,-076.740050
42,133,001600,1,744,+39.966043,-076.729670
42,133,001600,2,907,+39.960603,-076.735628
42,133,010120,1,867,+40.005412,-076.701308
42,133,010120,2,1525,+39.995289,-076.711336
42,133,010120,3,1568,+39.986624,-076.697105
42,133,010120,4,931,+39.999241,-076.692518
42,133,010130,1,1994,+39.971863,-076.652930
42,133,010130,2,1799,+39.978817,-076.628786
42,133,010131,1,1701,+39.981010,-076.645098
42,133,010131,2,1811,+39.992821,-076.642481
42,133,010132,1,2761,+39.986154,-076.656333
42,133,010132,2,2414,+40.002498,-076.664773
42,133,010210,1,1617,+39.977135,-076.687303
42,133,010210,2,893,+39.966481,-076.683017
42,133,010210,3,836,+39.970040,-076.687910
42,133,010220,1,1068,+39.956126,-076.676510
42,133,010220,2,1804,+39.972966,-076.667058
42,133,010220,3,844,+39.966676,-076.663824
42,133,010220,4,841,+39.963496,-076.668082
42,133,010220,5,930,+39.966656,-076.677691
42,133,010220,6,854,+39.960786,-076.675602
42,133,010300,1,1742,+39.970978,-076.701830
42,133,010400,1,768,+39.960678,-076.698940
42,133,010400,2,1072,+39.950043,-076.688517
42,133,010400,3,629,+39.947837,-076.698061
42,133,010400,4,650,+39.952942,-076.698525
42,133,010400,5,698,+39.957318,-076.701579
42,133,010510,1,1860,+39.944600,-076.736294
42,133,010510,2,2247,+39.934904,-076.740970
42,133,010510,3,1601,+39.943593,-076.725621
42,133,010520,1,949,+39.945688,-076.703703
42,133,010520,2,1467,+39.941330,-076.709118
42,133,020100,1,1762,+40.212809,-076.899125
42,133,020100,2,682,+40.213486,-076.864221
42,133,020100,3,895,+40.219463,-076.853373
42,133,020220,1,1448,+40.169135,-076.813733
42,133,020220,2,2221,+40.182535,-076.818294
42,133,020220,3,961,+40.202357,-076.860768
42,133,020221,1,2402,+40.175014,-076.852834
42,133,020221,2,993,+40.198359,-076.896825
42,133,020221,3,1485,+40.185189,-076.852571
42,133,020222,1,1407,+40.165034,-076.872808
42,133,020222,2,1164,+40.179089,-076.901707
42,133,020222,3,2031,+40.138389,-076.894896
42,133,020310,1,1761,+40.137262,-076.981370
42,133,020310,2,914,+40.140934,-076.946928
42,133,020321,1,918,+40.039513,-076.940757
42,133,020321,2,915,+40.037779,-077.006480
42,133,020321,3,1658,+39.990863,-076.968340
42,133,020322,1,1143,+40.093481,-076.909387
42,133,020322,2,1235,+40.066014,-076.891823
42,133,020322,3,1557,+40.071789,-076.962379
42,133,020410,1,1263,+40.084527,-077.095353
42,133,020410,2,1384,+40.073871,-077.035324
42,133,020410,3,966,+40.048506,-077.060106
42,133,020410,4,1937,+40.080315,-077.066245
42,133,020421,1,1717,+40.100995,-077.035378
42,133,020421,2,1401,+40.106331,-077.033621
42,133,020421,3,1234,+40.114248,-077.032067
42,133,020422,1,1909,+40.131296,-077.034442
42,133,020422,2,1339,+40.107219,-077.002096
42,133,020422,3,1888,+40.126551,-077.013766
42,133,020510,1,1384,+39.936863,-076.923168
42,133,020510,2,1549,+39.905732,-076.948743
42,133,020510,3,1036,+39.880769,-076.955197
42,133,020522,1,1002,+39.932804,-076.880992
42,133,020522,2,1780,+39.896721,-076.878993
42,133,020522,3,1527,+39.879553,-076.910679
42,133,020523,1,1286,+39.875545,-076.866389
42,133,020523,2,1086,+39.883867,-076.863262
42,133,020524,1,2165,+39.927833,-076.846136
42,133,020524,2,2274,+39.903239,-076.843474
42,133,020601,1,1247,+40.028037,-076.888080
42,133,020601,2,1036,+40.052316,-076.858264
42,133,020601,3,819,+40.024497,-076.839360
42,133,020602,1,2023,+39.989035,-076.866108
42,133,020602,2,1205,+39.984113,-076.914121
42,133,020602,3,887,+39.970876,-076.873874
42,133,020710,1,2439,+39.986227,-076.842496
42,133,020710,2,2108,+40.003494,-076.848512
42,133,020710,3,2337,+39.995195,-076.834455
42,133,020721,1,1785,+39.977954,-076.826756
42,133,020721,2,1162,+39.962729,-076.832687
42,133,020721,3,2530,+39.972084,-076.838943
42,133,020722,1,1032,+39.988295,-076.812787
42,133,020722,2,1461,+39.995868,-076.820946
42,133,020722,3,891,+39.974929,-076.818662
42,133,020722,4,1358,+40.003495,-076.811798
42,133,020801,1,1512,+40.017661,-076.800157
42,133,020801,2,1057,+40.041115,-076.808578
42,133,020801,3,1205,+40.074762,-076.812747
42,133,020802,1,888,+40.088535,-076.755216
42,133,020802,2,1605,+40.055433,-076.781938
42,133,020802,3,2261,+40.066560,-076.770442
42,133,020910,1,686,+40.108901,-076.714594
42,133,020910,2,675,+40.089230,-076.715504
42,133,020910,3,974,+40.102226,-076.724254
42,133,020910,4,1641,+40.120704,-076.762389
42,133,020910,5,2653,+40.140876,-076.754076
42,133,020921,1,2568,+40.128947,-076.779063
42,133,020921,2,573,+40.148934,-076.804680
42,133,020921,3,1494,+40.157400,-076.812892
42,133,020921,4,1597,+40.156610,-076.790569
42,133,020921,5,1123,+40.163213,-076.772525
42,133,020922,1,1101,+40.130126,-076.851004
42,133,020922,2,1249,+40.140279,-076.823475
42,133,020922,3,1338,+40.105642,-076.826921
42,133,021010,1,2075,+40.056611,-076.673407
42,133,021010,2,1599,+40.029800,-076.694308
42,133,021010,3,1671,+40.044955,-076.722827
42,133,021020,1,1256,+40.062412,-076.721102
42,133,021020,2,925,+40.067415,-076.732687
42,133,021020,3,2776,+40.073343,-076.710950
42,133,021020,4,1169,+40.062863,-076.705872
42,133,021020,5,1034,+40.056496,-076.717588
42,133,021100,1,1279,+40.019795,-076.731497
42,133,021100,2,658,+40.004394,-076.734463
42,133,021100,3,720,+39.999186,-076.731132
42,133,021100,4,2313,+40.001906,-076.725992
42,133,021221,1,1944,+39.999689,-076.785280
42,133,021221,2,2204,+40.010490,-076.779428
42,133,021222,1,2721,+40.018467,-076.764324
42,133,021222,2,946,+40.031131,-076.764458
42,133,021223,1,694,+39.990198,-076.739301
42,133,021223,2,2389,+39.977514,-076.732324
42,133,021224,1,2608,+39.993333,-076.767684
42,133,021224,2,2345,+39.995575,-076.751252
42,133,021224,3,894,+40.006166,-076.755500
42,133,021300,1,889,+39.955645,-076.760360
42,133,021300,2,966,+39.953331,-076.755616
42,133,021300,3,1083,+39.951054,-076.762885
42,133,021300,4,934,+39.955706,-076.766274
42,133,021300,5,1222,+39.952105,-076.753002
42,133,021410,1,1866,+39.979587,-076.777174
42,133,021410,2,1069,+39.979539,-076.795344
42,133,021410,3,2124,+39.986062,-076.792246
42,133,021420,1,1481,+39.971005,-076.814080
42,133,021420,2,1144,+39.974890,-076.801526
42,133,021420,3,972,+39.971084,-076.789289
42,133,021420,4,1646,+39.965537,-076.796127
42,133,021420,5,2133,+39.963609,-076.810183
42,133,021500,1,901,+39.954032,-076.778015
42,133,021500,2,903,+39.945754,-076.807403
42,133,021500,3,1001,+39.962053,-076.780714
42,133,021500,4,1105,+39.957077,-076.770318
42,133,021600,1,873,+39.924490,-076.824934
42,133,021600,2,1107,+39.930078,-076.792302
42,133,021600,3,881,+39.949104,-076.758560
42,133,021711,1,1326,+39.847961,-076.924771
42,133,021711,2,1705,+39.821435,-076.908232
42,133,021712,1,1090,+39.844112,-076.875424
42,133,021712,2,1344,+39.871050,-076.839067
42,133,021712,3,1266,+39.825291,-076.839035
42,133,021712,4,1989,+39.863411,-076.813790
42,133,021712,5,735,+39.854235,-076.770311
42,133,021720,1,1414,+39.901780,-076.795586
42,133,021720,2,1675,+39.880666,-076.787232
42,133,021720,3,1599,+39.900239,-076.776513
42,133,021801,1,1979,+39.778616,-076.972639
42,133,021801,2,1597,+39.777896,-076.991206
42,133,021801,3,1715,+39.774072,-076.954011
42,133,021802,1,1477,+39.819000,-076.958486
42,133,021802,2,2741,+39.790012,-076.947512
42,133,021901,1,1502,+39.785955,-076.974604
42,133,021901,2,658,+39.791182,-076.982205
42,133,021901,3,926,+39.792005,-076.993492
42,133,021902,1,857,+39.795049,-076.970973
42,133,021902,2,811,+39.788909,-076.968184
42,133,021902,3,1766,+39.792938,-076.961852
42,133,021902,4,1458,+39.801771,-076.967022
42,133,022000,1,735,+39.794357,-076.985259
42,133,022000,2,921,+39.795711,-076.980859
42,133,022000,3,1311,+39.797662,-076.976557
42,133,022000,4,918,+39.801827,-076.975966
42,133,022100,1,1120,+39.800201,-076.987854
42,133,022100,2,839,+39.799046,-076.982942
42,133,022100,3,772,+39.804367,-076.982192
42,133,022100,4,688,+39.806082,-076.975036
42,133,022200,1,1720,+39.815361,-076.972473
42,133,022200,2,1722,+39.819566,-076.982050
42,133,022200,3,630,+39.810769,-076.985831
42,133,022200,4,839,+39.811578,-076.979380
42,133,022300,1,1192,+39.813809,-076.995281
42,133,022300,2,1086,+39.802274,-076.995564
42,133,022300,3,900,+39.804514,-076.990126
42,133,022300,4,1036,+39.807655,-076.993309
42,133,022401,1,2655,+39.750828,-076.863251
42,133,022401,2,807,+39.783195,-076.866441
42,133,022403,1,2189,+39.767016,-076.950525
42,133,022403,2,1106,+39.762847,-076.969245
42,133,022404,1,1595,+39.755179,-076.933957
42,133,022404,2,2955,+39.749939,-076.966292
42,133,022404,3,1227,+39.737937,-076.913951
42,133,022500,1,701,+39.821154,-076.781100
42,133,022500,2,1242,+39.803857,-076.831622
42,133,022500,3,843,+39.776359,-076.790358
42,133,022500,4,1118,+39.748214,-076.772939
42,133,022601,1,805,+39.848982,-076.675795
42,133,022601,2,1934,+39.858612,-076.710044
42,133,022602,1,1685,+39.877453,-076.709508
42,133,022602,2,1516,+39.882487,-076.718350
42,133,022602,3,1414,+39.841833,-076.734634
42,133,022602,4,1928,+39.852779,-076.716667
42,133,022701,1,1462,+39.911948,-076.723506
42,133,022701,2,955,+39.919922,-076.710616
42,133,022701,3,690,+39.915523,-076.718372
42,133,022702,1,950,+39.936831,-076.700134
42,133,022702,2,1057,+39.942067,-076.684952
42,133,022702,3,1383,+39.930481,-076.696259
42,133,022801,1,2101,+39.917644,-076.692154
42,133,022801,2,1082,+39.905166,-076.688074
42,133,022801,3,1373,+39.897874,-076.676303
42,133,022802,1,1984,+39.924682,-076.677442
42,133,022802,2,1401,+39.911901,-076.676398
42,133,022920,1,1303,+39.902174,-076.658161
42,133,022920,2,1218,+39.893881,-076.647730
42,133,022920,3,788,+39.884166,-076.647284
42,133,022920,4,1580,+39.891672,-076.621611
42,133,022921,1,1168,+39.908560,-076.651359
42,133,022922,1,2352,+39.934621,-076.653840
42,133,022922,2,1736,+39.909237,-076.627419
42,133,022923,1,2059,+39.948596,-076.651445
42,133,022923,2,1233,+39.953694,-076.660005
42,133,022923,3,1846,+39.945566,-076.668933
42,133,023000,1,1055,+39.909230,-076.637182
42,133,023000,2,889,+39.899287,-076.632534
42,133,023000,3,861,+39.898051,-076.639098
42,133,023000,4,1032,+39.900044,-076.642352
42,133,023000,5,1413,+39.902533,-076.647786
42,133,023100,1,1318,+39.905022,-076.611612
42,133,023100,2,995,+39.900335,-076.600274
42,133,023100,3,1402,+39.896379,-076.610961
42,133,023100,4,848,+39.898488,-076.615797
42,133,023100,5,730,+39.896170,-076.613276
42,133,023100,6,1217,+39.897191,-076.603177
42,133,023200,1,1358,+39.915605,-076.582500
42,133,023200,2,2771,+39.905101,-076.568619
42,133,023200,3,1104,+39.888696,-076.572953
42,133,023200,4,1264,+39.878189,-076.595175
42,133,023301,1,2256,+39.959762,-076.646142
42,133,023301,2,2702,+39.944149,-076.612091
42,133,023301,3,1395,+39.962338,-076.616111
42,133,023302,1,2515,+39.922255,-076.622100
42,133,023302,2,863,+39.918498,-076.593669
42,133,023302,3,996,+39.931261,-076.615918
42,133,023302,4,1987,+39.925259,-076.595848
42,133,023400,1,1257,+40.031424,-076.612007
42,133,023400,2,719,+40.031579,-076.557822
42,133,023400,3,1048,+40.013474,-076.637895
42,133,023400,4,753,+40.005246,-076.605219
42,133,023400,5,2022,+40.002760,-076.602162
42,133,023500,1,1150,+39.989272,-076.606753
42,133,023500,2,1749,+40.012970,-076.545480
42,133,023500,3,1311,+40.023832,-076.532251
42,133,023500,4,950,+40.026697,-076.532919
42,133,023601,1,1717,+39.948377,-076.552565
42,133,023601,2,1208,+39.983596,-076.554647
42,133,023601,3,807,+39.974714,-076.583458
42,133,023602,1,1303,+39.927006,-076.527265
42,133,023602,2,2248,+39.974779,-076.521099
42,133,023602,3,1409,+39.953448,-076.500841
42,133,023710,1,964,+39.847954,-076.626549
42,133,023710,2,1490,+39.847060,-076.581155
42,133,023710,3,1378,+39.808069,-076.632765
42,133,023721,1,2493,+39.861655,-076.531075
42,133,023721,2,1342,+39.870526,-076.448462
42,133,023721,3,1092,+39.920120,-076.476409
42,133,023721,4,1009,+39.897044,-076.491368
42,133,023722,1,1535,+39.814547,-076.355441
42,133,023722,2,1496,+39.804429,-076.403457
42,133,023810,1,820,+39.796743,-076.728340
42,133,023810,2,1301,+39.790896,-076.734318
42,133,023810,3,1440,+39.795111,-076.711231
42,133,023810,4,1181,+39.754181,-076.722759
42,133,023821,1,594,+39.741509,-076.678267
42,133,023821,2,1872,+39.745565,-076.697811
42,133,023821,3,1345,+39.734860,-076.702591
42,133,023821,4,1916,+39.728209,-076.693099
42,133,023823,1,831,+39.734445,-076.640237
42,133,023823,2,877,+39.753148,-076.675745
42,133,023823,3,2603,+39.751990,-076.668724
42,133,023824,1,1544,+39.772294,-076.684047
42,133,023824,2,1427,+39.775554,-076.676390
42,133,023902,1,1542,+39.812689,-076.567173
42,133,023902,2,1403,+39.791729,-076.529622
42,133,023903,1,1081,+39.744576,-076.606925
42,133,023903,2,2150,+39.752993,-076.592031
42,133,023904,1,2341,+39.758798,-076.575531
42,133,023904,2,1828,+39.773094,-076.622141
42,133,024001,1,1769,+39.739835,-076.310662
42,133,024001,2,2490,+39.758394,-076.373040
42,133,024001,3,707,+39.740510,-076.375997
42,133,024001,4,707,+39.726907,-076.326078
42,133,024002,1,2087,+39.761203,-076.466882
42,133,024002,2,1401,+39.740597,-076.443702
