day,klass,length_m,geometry
weekday,kept,1432.9,"-79.91088,40.45597 -79.91055,40.45575 -79.91217,40.4542 -79.91234,40.45407 -79.91252,40.4541 -79.92091,40.45989 -79.92188,40.4604 -79.92274,40.46068"
weekday,added,479.8,"-79.92262,40.46082 -79.9201,40.46468"
weekday,kept,79.8,"-79.92,40.46484 -79.91954,40.46546"
weekday,added,1019.4,"-79.91944,40.46562 -79.91903,40.46606 -79.91821,40.46641 -79.91465,40.46736 -79.91175,40.46856 -79.91097,40.46897 -79.90969,40.47002 -79.90929,40.4702"
weekday,kept,4939.9,"-79.90906,40.47023 -79.90859,40.47024 -79.90853,40.4704 -79.90785,40.47935 -79.90806,40.4824 -79.90787,40.48418 -79.90877,40.48497 -79.91134,40.48586 -79.91291,40.48625 -79.91311,40.48633 -79.91316,40.4865 -79.91034,40.4924 -79.90993,40.49243 -79.9087,40.49135 -79.90737,40.49062 -79.89542,40.48725 -79.89427,40.48703 -79.89335,40.48882 -79.893,40.48904 -79.88991,40.4882 -79.88972,40.48809 -79.88981,40.48776"
weekday,added,371.7,"-79.88989,40.48759 -79.89011,40.48711 -79.89007,40.48663 -79.88842,40.48669 -79.88704,40.48695"
weekday,kept,17367.9,"-79.88681,40.48698 -79.88031,40.48788 -79.87634,40.48902 -79.86973,40.49034 -79.86599,40.49144 -79.85885,40.49495 -79.85317,40.49926 -79.85244,40.50018 -79.85191,40.50137 -79.85149,40.50277 -79.85129,40.50438 -79.85141,40.50581 -79.85287,40.51472 -79.85288,40.51562 -79.85234,40.52009 -79.85156,40.524 -79.84993,40.52943 -79.84912,40.53072 -79.84811,40.53172 -79.84148,40.53603 -79.83961,40.53679 -79.83483,40.53778 -79.83475,40.53792 -79.83546,40.54019 -79.83534,40.54034 -79.83447,40.54061 -79.83125,40.54105 -79.83039,40.53864 -79.83015,40.53863 -79.82859,40.53903 -79.82605,40.53998 -79.82513,40.54011 -79.8223,40.54022 -79.82007,40.54081 -79.81915,40.54094 -79.81797,40.54094 -79.81376,40.54051 -79.81164,40.54047 -79.80602,40.54102 -79.8013,40.5411 -79.79953,40.54155 -79.79537,40.54095 -79.78759,40.54125 -79.78406,40.54106 -79.78241,40.54109 -79.77888,40.54129 -79.77405,40.54212 -79.77218,40.54321 -79.77112,40.54416 -79.77062,40.54536 -79.76999,40.54891 -79.77161,40.55781 -79.77222,40.55936 -79.77418,40.56321 -79.77423,40.56355 -79.77408,40.56368 -79.77075,40.5646 -79.76612,40.56527"
weekday,added,297.0,"-79.76589,40.56531 -79.7652,40.56541 -79.76485,40.56399 -79.76575,40.56384"
weekday,kept,160.0,"-79.76595,40.56383 -79.76628,40.56525"
weekday,kept,5393.3,"-79.77424,40.56369 -79.77452,40.56395 -79.77624,40.56806 -79.77907,40.58008 -79.77886,40.58132 -79.77618,40.58765 -79.77559,40.58842 -79.77159,40.5922 -79.76879,40.59509 -79.76533,40.59779 -79.76092,40.6002 -79.76074,40.60025 -79.75958,40.59915 -79.75802,40.59994 -79.75409,40.60159"
weekday,added,160.0,"-79.7539,40.60161 -79.75301,40.60035"
weekday,kept,233.9,"-79.7529,40.60019 -79.75262,40.59999 -79.75046,40.60069"
weekday,added,1600.6,"-79.75024,40.60077 -79.74602,40.60237 -79.74253,40.60284 -79.7397,40.60292 -79.73861,40.6031 -79.73949,40.60476 -79.74349,40.60356"
weekday,added,80.0,"-79.74361,40.60347 -79.74317,40.60283"
weekday,kept,20.0,"-79.82231,40.54032 -79.82254,40.54029"
weekday,kept,100.0,"-79.82348,40.54024 -79.82466,40.54021"
weekday,kept,39.4,"-79.82994,40.53878 -79.83038,40.53865"
weekday,kept,19.7,"-79.83484,40.53786 -79.83507,40.53783"
weekday,kept,20.0,"-79.83599,40.53766 -79.83622,40.53761"
weekday,kept,60.0,"-79.83805,40.53727 -79.83874,40.53714"
weekday,kept,20.0,"-79.83942,40.537 -79.83964,40.53694"
weekday,kept,19.9,"-79.84109,40.53635 -79.84127,40.53623"
weekday,kept,20.0,"-79.86855,40.49073 -79.86878,40.49068"
weekday,kept,339.5,"-79.86924,40.49062 -79.87036,40.49086 -79.87106,40.49082 -79.87148,40.49066 -79.87269,40.48981"
weekday,kept,335.2,"-79.88675,40.48701 -79.88681,40.48786 -79.88846,40.48782 -79.8896,40.48802"
weekday,kept,20.0,"-79.90838,40.49119 -79.90853,40.49133"
weekday,kept,296.2,"-79.9099,40.49256 -79.91083,40.49309 -79.91081,40.49342 -79.9104,40.49353 -79.9101,40.49329 -79.91039,40.49261"
weekday,kept,20.0,"-79.91184,40.48958 -79.91192,40.48941"
weekday,kept,20.0,"-79.91273,40.48772 -79.91281,40.48755"
weekday,kept,394.9,"-79.91335,40.48636 -79.91347,40.48621 -79.9139,40.48611 -79.91504,40.48634 -79.91516,40.48648 -79.91501,40.48658 -79.91274,40.4861"
weekday,kept,20.0,"-79.91207,40.48593 -79.91184,40.48587"
weekday,kept,60.0,"-79.90811,40.48426 -79.90793,40.48374"
weekday,kept,159.9,"-79.90829,40.47497 -79.90841,40.47353"
weekday,kept,99.4,"-79.9086,40.47103 -79.90867,40.47032 -79.9089,40.47032"
weekday,added,20.0,"-79.91304,40.46808 -79.91325,40.46799"
weekday,added,20.0,"-79.91952,40.46571 -79.91962,40.46555"
weekday,kept,11339.4,"-80.02937,40.50878 -80.0296,40.50808 -80.03019,40.50794 -80.03028,40.50743 -80.03094,40.50698 -80.03091,40.50681 -80.03024,40.50673 -80.0301,40.50701 -80.03023,40.5079 -80.03078,40.50765 -80.03105,40.50736 -80.03125,40.5063 -80.03081,40.50549 -80.02587,40.50244 -80.02033,40.49755 -80.01892,40.49689 -80.0129,40.49483 -80.01178,40.49418 -80.01079,40.49317 -80.01021,40.492 -80.00902,40.48668 -80.0075,40.48235 -80.00734,40.48074 -80.00766,40.47733 -80.00747,40.47627 -80.00485,40.47225 -80.00034,40.46614 -79.99991,40.4653 -79.99943,40.46011 -79.99704,40.45297 -79.99699,40.45226 -79.99711,40.45173 -79.99769,40.45096 -79.99905,40.45026 -80.0064,40.44893 -80.00768,40.44848 -80.00844,40.44805 -80.00927,40.44719 -80.00961,40.44615 -80.00956,40.44544 -80.00876,40.44318 -80.0084,40.44296 -80.00771,40.44287 -80.00474,40.44346 -80.00402,40.44202 -80.0039,40.44149 -80.00376,40.44145 -79.9975,40.44305 -79.995,40.44217 -79.9939,40.44367 -79.99282,40.44357 -79.99153,40.44428"
weekday,kept,20.0,"-79.99227,40.4439 -79.99243,40.44376"
weekday,kept,57.6,"-79.99349,40.44364 -79.99384,40.44387 -79.99398,40.44374"
weekday,kept,895.4,"-80.0045,40.44352 -80.00161,40.44431 -80.00096,40.44453 -80.00088,40.44465 -80.00257,40.44951"
weekday,kept,319.5,"-80.00177,40.44972 -80.00108,40.44966 -79.99947,40.44993 -79.9982,40.45037"
weekday,kept,60.0,"-79.99785,40.45062 -79.99741,40.45104"
weekday,kept,19.7,"-80.03072,40.50758 -80.03049,40.50763"
weekday,kept,19.9,"-80.03038,40.50673 -80.03015,40.50674"
weekday,kept,59.8,"-80.03009,40.50789 -80.02963,40.50798 -80.02957,40.50815"
weekday,kept,383.5,"-80.02936,40.50885 -80.02934,40.50903 -80.02869,40.50911 -80.0284,40.50958 -80.02849,40.50992 -80.02876,40.51014 -80.02942,40.50993 -80.02935,40.50893"
weekday,kept,4063.9,"-80.00872,40.47099 -80.01375,40.47002 -80.01454,40.46919 -80.01398,40.46886 -80.01233,40.46382 -80.01236,40.46368 -80.0135,40.46345 -80.01377,40.46318 -80.01333,40.46236 -80.01377,40.46061 -80.01362,40.46048 -80.01229,40.46011 -80.01019,40.45991 -80.00985,40.46014 -80.00914,40.46107 -80.00874,40.46121 -80.00847,40.45963 -80.00781,40.45892 -80.00662,40.45545 -80.00263,40.45615 -80.0009,40.45093 -80.00286,40.45049 -80.0026,40.44962"
weekday,kept,240.0,"-80.00085,40.44458 -79.99996,40.44254"
weekday,kept,299.5,"-79.99738,40.44308 -79.99449,40.44386 -79.99403,40.44384"
weekday,kept,19.8,"-79.99403,40.44395 -79.99426,40.44395"
weekday,kept,20.0,"-80.0046,40.45589 -80.00483,40.45584"
weekday,kept,20.0,"-80.00575,40.45567 -80.00598,40.45563"
weekday,kept,2819.0,"-80.00769,40.45883 -80.00594,40.45923 -80.00406,40.45909 -80.00336,40.45916 -80.00172,40.46018 -80.00164,40.46125 -80.00255,40.4613 -80.0027,40.46086 -80.00453,40.46051 -80.00472,40.46056 -80.00524,40.46116 -80.00606,40.46359 -80.00525,40.46381 -80.00563,40.46485 -80.00526,40.46529 -80.00374,40.46577 -80.00352,40.46607 -80.0037,40.46638 -80.00562,40.46706 -80.00596,40.4675 -80.00493,40.46779 -80.00419,40.46823 -80.00414,40.4684 -80.00508,40.46939 -80.00581,40.4709 -80.00696,40.47098 -80.00739,40.47125 -80.0086,40.47101"
weekday,kept,5888.7,"-80.03041,40.5865 -80.03025,40.58674 -80.02886,40.58684 -80.02805,40.58748 -80.02738,40.58764 -80.02692,40.58757 -80.02479,40.5868 -80.02326,40.5872 -80.02284,40.58704 -80.02258,40.58675 -80.02337,40.58588 -80.02466,40.5851 -80.02994,40.58354 -80.03084,40.58334 -80.03154,40.58338 -80.03263,40.58372 -80.03289,40.584 -80.03274,40.58433 -80.03254,40.58441 -80.03208,40.58436 -80.03117,40.58379 -80.03016,40.5828 -80.02446,40.57412 -80.02359,40.57213 -80.02217,40.57215 -80.02106,40.57187 -80.02035,40.57182 -80.01641,40.57206 -80.01696,40.57361 -80.01688,40.57396 -80.01652,40.57438 -80.01615,40.57417 -80.01576,40.57435 -80.01529,40.57434 -80.01374,40.5739 -80.01281,40.57381 -80.0124,40.57365 -80.012,40.57322 -80.01134,40.5731 -80.01124,40.57239 -80.01138,40.57232 -80.01395,40.57206 -80.0163,40.57202 -80.01626,40.57012 -80.01658,40.56717"
weekday,added,578.8,"-80.01681,40.56716 -80.01869,40.56724 -80.02222,40.56823 -80.02337,40.56839"
weekday,kept,6780.1,"-80.0236,40.56843 -80.02402,40.56845 -80.02532,40.56352 -80.02531,40.56209 -80.02481,40.56052 -80.02052,40.55293 -80.01942,40.55056 -80.01886,40.55046 -80.0186,40.54979 -80.01816,40.54975 -80.01733,40.5501 -80.01786,40.55068 -80.01805,40.55138 -80.01877,40.55283 -80.01626,40.55372 -80.01645,40.55382 -80.01699,40.55481 -80.01716,40.5555 -80.01775,40.55607 -80.01816,40.5569 -80.0183,40.55704 -80.01851,40.55701 -80.0195,40.55652 -80.02026,40.55583 -80.02213,40.55334 -80.02326,40.5522 -80.0229,40.55172 -80.02326,40.55168 -80.02362,40.55146 -80.02201,40.54972 -80.02117,40.54989 -80.02044,40.54837 -80.0201,40.54814 -80.01987,40.54745 -80.01988,40.54727 -80.02025,40.54706 -80.02029,40.54689 -80.01997,40.54622 -80.02012,40.54573 -80.01929,40.5454 -80.01702,40.54588 -80.01684,40.54583 -80.0146,40.54398 -80.01304,40.54201 -80.01144,40.54273 -80.01113,40.543 -80.00953,40.5458 -80.0091,40.54623 -80.00848,40.54648 -80.00687,40.54674 -80.00642,40.54671 -80.00635,40.54655 -80.00647,40.5464 -80.00688,40.54639"
weekday,added,154.8,"-80.00687,40.54621 -80.00666,40.54572 -80.0065,40.54584 -80.00591,40.54557 -80.00573,40.54567"
weekday,kept,131.6,"-80.00559,40.54581 -80.00535,40.54621 -80.0058,40.54631 -80.00614,40.54655"
weekday,kept,20.0,"-80.01278,40.54219 -80.01298,40.5421"
weekday,kept,5732.1,"-80.01309,40.54193 -80.01235,40.54061 -80.01109,40.53678 -80.01094,40.53589 -80.01107,40.53338 -80.01046,40.53146 -80.00998,40.53064 -80.00934,40.52989 -80.00655,40.5277 -80.0057,40.52623 -80.00536,40.52176 -80.00375,40.51069 -80.00395,40.50962 -80.00448,40.50882 -80.00903,40.50503 -80.01002,40.50403 -80.01161,40.50131 -80.01273,40.49973 -80.01294,40.49922 -80.01302,40.49835 -80.01184,40.49439"
weekday,kept,4837.9,"-80.01163,40.49369 -80.01059,40.49046 -80.00922,40.48372 -80.00877,40.48332 -80.00652,40.4828 -80.00616,40.48257 -80.00587,40.48208 -80.00586,40.48173 -80.00661,40.47965 -80.00683,40.4775 -80.00664,40.47644 -80.00616,40.47562 -80.00506,40.47438 -80.00452,40.47264 -80.00423,40.47215 -80.00269,40.47105 -80.00231,40.47059 -79.99969,40.46579 -79.9991,40.46405 -79.99891,40.46274 -79.99901,40.46059 -79.99843,40.45887 -79.99846,40.4587 -79.99926,40.45836 -79.99891,40.45714 -79.99919,40.45689 -80.00262,40.45622"
weekday,kept,279.4,"-79.99917,40.45687 -79.99786,40.45726 -79.99832,40.45865"
weekday,kept,20.0,"-80.00914,40.48381 -80.00919,40.48399"
weekday,kept,59.9,"-80.00941,40.48505 -80.00951,40.48559"
weekday,kept,20.0,"-80.01179,40.49457 -80.01185,40.49474"
weekday,kept,20.0,"-80.01208,40.49562 -80.01214,40.4958"
weekday,kept,40.0,"-80.01235,40.4965 -80.01246,40.49685"
weekday,kept,20.0,"-80.01267,40.49755 -80.01272,40.49772"
weekday,kept,20.0,"-80.01154,40.50124 -80.01143,40.5014"
weekday,kept,20.0,"-80.0089,40.50502 -80.00875,40.50516"
weekday,kept,40.0,"-80.00803,40.50577 -80.00772,40.50604"
weekday,kept,20.0,"-80.00644,40.50709 -80.00627,40.50722"
weekday,kept,20.0,"-80.00495,40.50825 -80.00479,40.50838"
weekday,kept,14.2,"-80.0041,40.50908 -80.00406,40.5092"
weekday,kept,20.0,"-80.00387,40.50953 -80.00381,40.50971"
weekday,kept,113.6,"-80.00375,40.51166 -80.0039,40.51267"
weekday,kept,60.0,"-80.00411,40.5141 -80.00419,40.51464"
weekday,kept,72.7,"-80.00439,40.51607 -80.00448,40.51672"
weekday,kept,80.0,"-80.00467,40.51815 -80.00477,40.51886"
weekday,kept,120.0,"-80.00493,40.51993 -80.00508,40.521"
weekday,kept,200.0,"-80.00525,40.52226 -80.00537,40.52405"
weekday,kept,40.0,"-80.00555,40.5262 -80.00567,40.52654"
weekday,kept,20.0,"-80.00581,40.52689 -80.0059,40.52705"
weekday,kept,20.0,"-80.00611,40.52738 -80.00622,40.52753"
weekday,kept,80.0,"-80.00676,40.52812 -80.00743,40.52863"
weekday,kept,40.0,"-80.00813,40.52911 -80.00848,40.52935"
weekday,kept,20.0,"-80.00966,40.53047 -80.00978,40.53062"
weekday,kept,20.0,"-80.00999,40.53094 -80.01009,40.53111"
weekday,kept,20.0,"-80.01027,40.53144 -80.01035,40.53161"
weekday,kept,219.9,"-80.01086,40.53299 -80.01096,40.53388 -80.01086,40.53496"
weekday,kept,40.0,"-80.01088,40.53657 -80.01097,40.53692"
weekday,kept,39.9,"-80.01113,40.53744 -80.01125,40.53779"
weekday,kept,40.0,"-80.01142,40.53832 -80.01153,40.53866"
weekday,kept,40.0,"-80.01171,40.53919 -80.01183,40.53953"
weekday,kept,40.0,"-80.012,40.54006 -80.01211,40.54041"
weekday,kept,79.6,"-80.01258,40.54142 -80.01269,40.54177 -80.01258,40.54211"
weekday,kept,20.0,"-80.01323,40.54238 -80.01333,40.54254"
weekday,kept,60.0,"-80.01516,40.54462 -80.01566,40.54501"
weekday,kept,39.2,"-80.02289,40.55184 -80.02313,40.55213"
weekday,kept,19.5,"-80.02151,40.55407 -80.02128,40.55409"
weekday,kept,19.2,"-80.01916,40.55052 -80.01893,40.5505"
weekday,kept,13.6,"-80.01627,40.55368 -80.01639,40.55376"
weekday,kept,139.3,"-80.02072,40.55529 -80.02137,40.55517 -80.02189,40.55576"
weekday,kept,20.0,"-80.0224,40.55657 -80.0225,40.55673"
weekday,kept,20.0,"-80.02269,40.55706 -80.02278,40.55723"
weekday,kept,20.0,"-80.02324,40.55805 -80.02334,40.55822"
weekday,kept,20.0,"-80.02353,40.55855 -80.02362,40.55871"
weekday,kept,20.0,"-80.02381,40.55904 -80.0239,40.55921"
weekday,kept,40.0,"-80.02506,40.56155 -80.02515,40.56191"
weekday,kept,60.0,"-80.02515,40.5637 -80.02502,40.56423"
weekday,kept,40.0,"-80.02483,40.56493 -80.02473,40.56528"
weekday,kept,20.0,"-80.02453,40.56598 -80.02448,40.56616"
weekday,kept,60.0,"-80.02423,40.56704 -80.02409,40.56756"
weekday,kept,39.3,"-80.02394,40.56809 -80.02384,40.56844"
weekday,kept,60.0,"-80.02352,40.57216 -80.02365,40.57269"
weekday,kept,20.0,"-80.02385,40.57321 -80.02392,40.57338"
weekday,kept,20.0,"-80.02438,40.57421 -80.02448,40.57437"
weekday,kept,20.0,"-80.02467,40.5747 -80.02478,40.57486"
weekday,kept,20.0,"-80.02498,40.57518 -80.02508,40.57535"
weekday,kept,40.0,"-80.02571,40.57631 -80.02594,40.57662"
weekday,kept,20.0,"-80.02616,40.57694 -80.02627,40.5771"
weekday,kept,20.0,"-80.02765,40.57919 -80.02776,40.57935"
weekday,kept,20.0,"-80.02913,40.58144 -80.02924,40.5816"
weekday,kept,40.0,"-80.03112,40.58386 -80.03147,40.58411"
weekday,kept,889.2,"-80.03222,40.58454 -80.0337,40.58509 -80.03574,40.58555 -80.03588,40.58587 -80.03565,40.58656 -80.03507,40.58681 -80.03223,40.58679 -80.03129,40.58675 -80.03111,40.58653 -80.03064,40.58651"
weekday,kept,360.0,"-80.02362,40.57186 -80.02361,40.57007 -80.02396,40.56866"
weekday,kept,519.9,"-80.01928,40.55025 -80.01788,40.54719 -80.01695,40.54594"
weekday,kept,19.9,"-80.0073,40.52838 -80.00714,40.52825"
weekday,kept,20.0,"-80.00549,40.52353 -80.00549,40.52336"
weekday,kept,179.9,"-80.01258,40.49641 -80.01256,40.49551 -80.01227,40.49483"
weekday,kept,59.9,"-80.01092,40.49358 -80.01055,40.49313"
weekday,kept,20.0,"-80.01038,40.49279 -80.01033,40.49262"
weekday,kept,20.0,"-80.00537,40.52392 -80.00537,40.5241"
weekday,kept,20.0,"-80.01292,40.54195 -80.01303,40.54211"
weekday,kept,80.0,"-80.01693,40.54613 -80.01742,40.54675"
weekday,kept,20.0,"-80.01763,40.54707 -80.01774,40.54723"
weekday,kept,20.0,"-80.01913,40.55028 -80.0192,40.55045"
weekday,kept,20.0,"-80.01943,40.55096 -80.01951,40.55113"
weekday,kept,20.0,"-80.01974,40.55164 -80.01981,40.55181"
weekday,kept,20.0,"-80.02004,40.55232 -80.02012,40.55249"
weekday,kept,20.0,"-80.02056,40.55333 -80.02065,40.55349"
weekday,kept,20.0,"-80.02121,40.55448 -80.02131,40.55465"
weekday,kept,60.0,"-80.02368,40.56903 -80.02353,40.56956"
weekday,kept,60.0,"-80.02338,40.57063 -80.02338,40.57117"
weekday,kept,13276.0,"-80.03776,40.51752 -80.03865,40.51733 -80.03852,40.51626 -80.03832,40.51621 -80.03761,40.51628 -80.03747,40.51653 -80.0342,40.51668 -80.03105,40.51779 -80.03171,40.51825 -80.03432,40.51741 -80.03502,40.51736 -80.03571,40.51745 -80.03681,40.51811 -80.03786,40.52011 -80.03857,40.52057 -80.03927,40.52063 -80.0425,40.52013 -80.0433,40.51976 -80.04388,40.5192 -80.04415,40.51851 -80.04476,40.51531 -80.04557,40.51345 -80.0452,40.51186 -80.04542,40.51099 -80.04698,40.50817 -80.04976,40.50818 -80.0506,40.50788 -80.05094,40.50742 -80.05204,40.50467 -80.05434,40.50263 -80.0546,40.50157 -80.05445,40.50105 -80.05254,40.50001 -80.05555,40.49558 -80.04787,40.49175 -80.04781,40.49124 -80.04826,40.49083 -80.04815,40.49032 -80.04494,40.48721 -80.0405,40.48432 -80.0417,40.48198 -80.03962,40.47536 -80.03617,40.47065 -80.03523,40.46787 -80.03449,40.46618 -80.03209,40.46288 -80.03018,40.45695 -80.02985,40.45649 -80.02963,40.45643 -80.02931,40.45666 -80.02944,40.45735 -80.0276,40.45769 -80.02634,40.45411 -80.02616,40.45409 -80.01538,40.45609 -80.01459,40.45405 -80.01442,40.45401 -80.00662,40.45541"
weekday,kept,20.0,"-80.00697,40.45544 -80.00719,40.4554"
weekday,kept,496.3,"-80.02647,40.45403 -80.02827,40.45374 -80.02922,40.4567"
weekday,kept,1594.9,"-80.02941,40.45722 -80.03062,40.46069 -80.03071,40.46141 -80.03056,40.46193 -80.02998,40.46248 -80.02931,40.46248 -80.02905,40.4622 -80.02927,40.46172 -80.02972,40.46164 -80.03016,40.46176 -80.03086,40.46224 -80.03333,40.4655 -80.03374,40.46653 -80.03483,40.4672"
weekday,kept,771.8,"-80.05261,40.49423 -80.05005,40.49863 -80.0523,40.49988"
weekday,kept,40.0,"-80.03469,40.51728 -80.03423,40.51735"
weekday,kept,199.2,"-80.0354,40.51682 -80.03568,40.51708 -80.03698,40.5175 -80.03744,40.51754"
weekday,kept,1469.8,"-80.00297,40.45083 -80.00406,40.45414 -80.00422,40.45426 -80.00789,40.45359 -80.008,40.45345 -80.00765,40.45222 -80.01081,40.45158 -80.01126,40.45161 -80.01314,40.45236 -80.01403,40.45247 -80.01409,40.45264"
weekday,added,80.0,"-80.01415,40.45282 -80.01439,40.45351"
weekday,kept,39.9,"-80.01446,40.45368 -80.01458,40.45403"
weekday,kept,1577.3,"-80.01535,40.4561 -80.0164,40.45924 -80.01693,40.45959 -80.01714,40.45963 -80.0224,40.45863 -80.02287,40.45862 -80.02352,40.45883 -80.02538,40.45992 -80.02942,40.46141"
weekday,kept,20.0,"-80.03035,40.46193 -80.03041,40.46211"
weekday,kept,3138.9,"-80.0303,40.46242 -80.02828,40.46393 -80.02509,40.46683 -80.025,40.46697 -80.02532,40.46912 -80.02565,40.46994 -80.02999,40.4691 -80.03014,40.46916 -80.03195,40.47493 -80.03351,40.47734 -80.03486,40.48153 -80.03396,40.48171 -80.03505,40.48235 -80.03541,40.483 -80.03558,40.48304"
weekday,added,439.9,"-80.03581,40.483 -80.04086,40.4821"
weekday,kept,99.8,"-80.04109,40.48206 -80.04155,40.48198 -80.0421,40.48165"
weekday,added,219.8,"-80.04227,40.48153 -80.04302,40.48084 -80.043,40.47977"
weekday,kept,21650.1,"-80.04297,40.47959 -80.04323,40.47932 -80.04366,40.47943 -80.04599,40.48146 -80.04828,40.48272 -80.05505,40.48692 -80.06053,40.49088 -80.06232,40.49277 -80.06346,40.49368 -80.06813,40.49643 -80.071,40.4988 -80.07475,40.50127 -80.07724,40.50229 -80.08518,40.50506 -80.08592,40.50549 -80.08792,40.50726 -80.09274,40.50984 -80.09499,40.51037 -80.09781,40.51048 -80.10043,40.51129 -80.10401,40.5122 -80.10682,40.51243 -80.11104,40.51359 -80.12121,40.51593 -80.13511,40.51877 -80.14455,40.52206 -80.14656,40.52259 -80.15046,40.52331 -80.15832,40.5262 -80.15905,40.52665 -80.16031,40.52714 -80.16096,40.52788 -80.16161,40.52839 -80.16398,40.52921 -80.17019,40.53215 -80.17486,40.53459 -80.17991,40.53979 -80.18132,40.54099 -80.1891,40.54622 -80.1893,40.54654 -80.18947,40.54797 -80.18994,40.54954 -80.19186,40.55201 -80.19693,40.55627 -80.20127,40.55957 -80.20271,40.56121 -80.20517,40.56362 -80.20755,40.56537 -80.21074,40.56722 -80.21632,40.57135 -80.21956,40.57467 -80.22076,40.576 -80.22104,40.57649 -80.22101,40.57684 -80.22044,40.57741 -80.22029,40.57774 -80.2205,40.57953 -80.22262,40.58029 -80.22275,40.58043 -80.22919,40.58901 -80.23052,40.59302 -80.22895,40.59333 -80.22816,40.59243"
weekday,kept,20.0,"-80.20625,40.56441 -80.20608,40.56429"
weekday,kept,20.0,"-80.15879,40.52639 -80.15858,40.52631"
weekday,kept,40.0,"-80.14779,40.52275 -80.14733,40.52266"
weekday,kept,40.0,"-80.14665,40.52252 -80.1462,40.52242"
weekday,kept,40.0,"-80.14575,40.52231 -80.1453,40.5222"
weekday,kept,20.0,"-80.14228,40.52119 -80.14206,40.52111"
weekday,kept,200.0,"-80.13932,40.52007 -80.13721,40.51926"
weekday,kept,20.0,"-80.13678,40.51912 -80.13656,40.51905"
weekday,kept,20.0,"-80.13612,40.51891 -80.13591,40.51884"
weekday,kept,20.0,"-80.13522,40.51869 -80.13499,40.51865"
weekday,kept,20.0,"-80.13408,40.51846 -80.13386,40.51841"
weekday,kept,20.0,"-80.13203,40.51804 -80.1318,40.51799"
weekday,kept,20.0,"-80.13089,40.51781 -80.13066,40.51776"
weekday,kept,20.0,"-80.12975,40.51757 -80.12953,40.51752"
weekday,kept,520.0,"-80.12885,40.51735 -80.12295,40.51608"
weekday,kept,40.0,"-80.12249,40.51598 -80.12204,40.51589"
weekday,kept,40.0,"-80.12135,40.51576 -80.1209,40.51566"
weekday,kept,40.0,"-80.12044,40.51557 -80.11999,40.51546"
weekday,kept,20.0,"-80.11931,40.51532 -80.11908,40.51527"
weekday,kept,20.0,"-80.1184,40.51513 -80.11817,40.51508"
weekday,kept,20.0,"-80.11726,40.51488 -80.11703,40.51483"
weekday,kept,20.0,"-80.11317,40.514 -80.11295,40.51395"
weekday,kept,20.0,"-80.10869,40.51288 -80.10847,40.51281"
weekday,kept,20.0,"-80.10781,40.51262 -80.10759,40.51255"
weekday,kept,20.0,"-80.10714,40.51243 -80.10692,40.51237"
weekday,kept,60.0,"-80.10505,40.5122 -80.10435,40.51217"
weekday,kept,120.0,"-80.09696,40.51042 -80.09555,40.51034"
weekday,kept,40.0,"-80.08763,40.50705 -80.08729,40.5068"
weekday,kept,20.0,"-80.0457,40.48125 -80.04553,40.48112"
weekday,kept,111.5,"-80.04355,40.47934 -80.0431,40.47892 -80.04293,40.47932"
weekday,kept,19.9,"-80.04202,40.48171 -80.04185,40.48184"
weekday,kept,79.7,"-80.03517,40.48225 -80.0349,40.48157"
weekday,kept,91.9,"-80.03025,40.46246 -80.03077,40.4621 -80.03059,40.46188"
weekday,kept,20.0,"-80.0302,40.46167 -80.02999,40.46159"
weekday,kept,433.2,"-80.01395,40.45223 -80.01345,40.45066 -80.01329,40.45062 -80.01193,40.45089 -80.01086,40.45157"
weekday,kept,557.7,"-80.00753,40.45187 -80.00681,40.44999 -80.00338,40.45061 -80.00294,40.45056"
weekday,kept,1079.1,"-80.01722,40.45975 -80.01831,40.46044 -80.01935,40.46204 -80.02049,40.46295 -80.02087,40.46316 -80.02221,40.46347 -80.0236,40.46444 -80.02473,40.46558 -80.02497,40.46683"
weekday,kept,1618.1,"-80.02562,40.47001 -80.02615,40.47138 -80.02749,40.4721 -80.02985,40.475 -80.03161,40.47618 -80.03175,40.4767 -80.03169,40.47724 -80.03089,40.47893 -80.03086,40.47928 -80.03167,40.48037 -80.0339,40.48169"
weekday,kept,1213.4,"-80.03545,40.48316 -80.03584,40.48438 -80.03682,40.48659 -80.03707,40.48689 -80.04231,40.48791 -80.04344,40.48855 -80.04361,40.48855 -80.04496,40.4873"
weekday,kept,1845.7,"-80.05559,40.49558 -80.06114,40.49831 -80.06575,40.50014 -80.06802,40.50142 -80.07121,40.50258 -80.0721,40.50316 -80.07417,40.50348 -80.0744,40.50365"
weekday,kept,90.7,"-80.07455,40.50381 -80.07499,40.50387 -80.07462,40.50354"
weekday,kept,1475.0,"-80.02347,40.55199 -80.02434,40.55114 -80.02704,40.54969 -80.02811,40.54851 -80.0291,40.54669 -80.03046,40.54545 -80.03196,40.54458 -80.03261,40.54436 -80.03307,40.54432 -80.03588,40.5446 -80.03593,40.54447"
weekday,added,2959.3,"-80.03593,40.54429 -80.03595,40.5416 -80.03635,40.53838 -80.03597,40.53625 -80.03581,40.53212 -80.03505,40.52968 -80.0355,40.52774 -80.03558,40.52559 -80.03433,40.52213 -80.03304,40.52064 -80.03181,40.5185"
weekday,kept,19.9,"-80.03756,40.51633 -80.03759,40.51651"
weekday,kept,59.7,"-80.0348,40.51679 -80.03485,40.51733"
weekday,kept,60.0,"-80.03492,40.51727 -80.0349,40.51673"
weekday,kept,19.8,"-80.03855,40.51642 -80.03851,40.51624"
weekday,kept,58.2,"-80.0237,40.55166 -80.02312,40.55192"
weekday,kept,59.7,"-80.01843,40.54905 -80.01838,40.54958"
weekday,added,6506.0,"-80.06529,40.63526 -80.06474,40.63718 -80.06445,40.63747 -80.0635,40.63789 -80.05717,40.63032 -80.05413,40.62508 -80.05385,40.62385 -80.0539,40.62277 -80.05548,40.61904 -80.05563,40.61798 -80.05553,40.61655 -80.05461,40.61286 -80.05369,40.61046 -80.05261,40.60847 -80.05064,40.60425 -80.04839,40.6003 -80.04788,40.59911 -80.0476,40.59751 -80.04786,40.59284 -80.04677,40.5888 -80.04649,40.58831 -80.04585,40.58779 -80.04385,40.58726"
weekday,kept,674.1,"-80.04362,40.58722 -80.03615,40.58554 -80.03599,40.58558"
weekday,kept,239.7,"-80.02235,40.55568 -80.02193,40.5541 -80.022,40.55357"
weekday,kept,19.1,"-80.02021,40.54709 -80.0203,40.54693"
weekday,kept,20.0,"-79.99397,40.44381 -79.9938,40.44369"
weekday,kept,2911.9,"-80.10302,40.51305 -80.09549,40.51332 -80.09384,40.51325 -80.092,40.51188 -80.08818,40.51098 -80.0856,40.50941 -80.08137,40.50756 -80.08048,40.50756 -80.07487,40.50662 -80.07462,40.50625 -80.07508,40.50486 -80.07507,40.5039"
weekday,kept,679.7,"-80.04831,40.49083 -80.05386,40.48644"
weekday,kept,1479.9,"-80.04289,40.47861 -80.03834,40.47273 -80.03648,40.46962 -80.03545,40.46743 -80.03498,40.4668"
weekday,kept,40.0,"-80.03194,40.46296 -80.03176,40.46263"
weekday,kept,60.0,"-80.03162,40.46229 -80.03144,40.46177"
weekday,kept,60.0,"-80.03132,40.46142 -80.03115,40.4609"
weekday,kept,60.0,"-80.03103,40.46055 -80.03085,40.46003"
weekday,kept,60.0,"-80.03073,40.45968 -80.03056,40.45916"
weekday,kept,2677.8,"-80.03044,40.45881 -80.02812,40.45149 -80.02754,40.45051 -80.02675,40.44984 -80.02531,40.44925 -80.023,40.44888 -80.01217,40.44843 -80.01131,40.44813 -80.01061,40.44765 -80.01006,40.44686 -80.00975,40.446"
weekday,kept,54.6,"-80.0047,40.44359 -80.00532,40.44352"
weekday,kept,40.0,"-80.00576,40.4434 -80.00621,40.44329"
weekday,kept,20.0,"-80.00688,40.44311 -80.0071,40.44305"
weekday,kept,280.0,"-80.01259,40.44866 -80.01589,40.44882"
weekday,kept,1159.2,"-80.01777,40.44888 -80.02295,40.44912 -80.02457,40.44938 -80.02613,40.4498 -80.02704,40.45035 -80.02755,40.45095 -80.02839,40.45319"
weekday,kept,40.0,"-80.02851,40.45354 -80.02862,40.45389"
weekday,kept,40.0,"-80.02885,40.45459 -80.02897,40.45494"
weekday,kept,60.0,"-80.02909,40.45528 -80.02927,40.4558"
weekday,kept,60.0,"-80.02938,40.45615 -80.02956,40.45667"
weekday,kept,40.0,"-80.02973,40.4572 -80.02985,40.45754"
weekday,kept,20.0,"-80.03009,40.45824 -80.03015,40.45841"
weekday,kept,20.0,"-80.03039,40.45911 -80.03044,40.45928"
weekday,kept,20.0,"-80.03068,40.45998 -80.03074,40.46015"
weekday,kept,40.0,"-80.03092,40.46068 -80.03103,40.46102"
weekday,kept,40.0,"-80.03121,40.46155 -80.03133,40.46189"
weekday,kept,20.0,"-80.03151,40.46241 -80.03159,40.46258"
weekday,kept,20.0,"-80.03265,40.46418 -80.03277,40.46434"
weekday,kept,60.0,"-80.03384,40.46574 -80.03423,40.46618"
weekday,kept,20.0,"-80.03597,40.46871 -80.03604,40.46888"
weekday,kept,20.0,"-80.03627,40.46939 -80.03636,40.46956"
weekday,kept,20.0,"-80.03888,40.47361 -80.039,40.47377"
weekday,kept,20.0,"-80.04152,40.47701 -80.04165,40.47717"
weekday,kept,780.0,"-80.05489,40.48702 -80.04845,40.49203"
weekday,kept,19.5,"-80.07506,40.50387 -80.07509,40.50405"
weekday,kept,20.0,"-80.08085,40.5076 -80.08108,40.50759"
weekday,kept,219.8,"-79.99627,40.4401 -79.9951,40.44186"
weekday,kept,8074.7,"-79.99137,40.4444 -79.9897,40.44567 -79.98469,40.44895 -79.97845,40.45218 -79.97478,40.45471 -79.96857,40.45858 -79.96711,40.45917 -79.96599,40.45945 -79.95817,40.46083 -79.957,40.46075 -79.95597,40.46033 -79.95406,40.45829 -79.95295,40.45763 -79.95205,40.45742 -79.94694,40.45676 -79.94589,40.45635 -79.94376,40.45493 -79.94218,40.45415 -79.94043,40.4536 -79.9395,40.45347 -79.93833,40.45353 -79.93614,40.45417 -79.93518,40.4547 -79.93324,40.45627 -79.93211,40.45692 -79.93043,40.45758 -79.92734,40.45846 -79.92032,40.46002 -79.91914,40.46005 -79.91776,40.45983 -79.91143,40.45741 -79.91138,40.45638 -79.9111,40.4561"
weekday,kept,1759.5,"-79.91039,40.45589 -79.90937,40.45688 -79.90878,40.45766 -79.9059,40.46157 -79.90562,40.46226 -79.90565,40.46279 -79.90587,40.4633 -79.90868,40.46725 -79.90881,40.46777 -79.90855,40.4701"
weekday,kept,20.0,"-79.7721,40.54326 -79.77193,40.54339"
weekday,kept,17.4,"-79.83022,40.53873 -79.83041,40.53866"
weekday,kept,20.0,"-79.87153,40.49064 -79.87169,40.49051"
weekday,kept,40.0,"-79.90868,40.47012 -79.90871,40.46976"
weekday,kept,609.3,"-79.9966,40.44318 -79.9986,40.44013 -79.99681,40.4394 -79.99646,40.43982"
weekday,kept,27284.9,"-80.00552,40.44349 -80.00692,40.44337 -80.00851,40.44301 -80.00891,40.44282 -80.00918,40.44234 -80.00932,40.44073 -80.00973,40.43989 -80.0102,40.4395 -80.01232,40.43836 -80.01341,40.43802 -80.01384,40.43814 -80.01554,40.43911 -80.01659,40.43952 -80.01934,40.44092 -80.02385,40.44247 -80.02776,40.44406 -80.03175,40.44686 -80.03803,40.45174 -80.03943,40.45295 -80.04181,40.45541 -80.04611,40.45874 -80.04745,40.45975 -80.05129,40.46214 -80.05318,40.46441 -80.05674,40.46347 -80.05693,40.4635 -80.05811,40.46461 -80.0612,40.4655 -80.06123,40.4656 -80.06061,40.46614 -80.06017,40.46753 -80.06026,40.46986 -80.06047,40.47056 -80.06235,40.47346 -80.06337,40.47378 -80.06432,40.47457 -80.06617,40.47708 -80.06834,40.48047 -80.07057,40.483 -80.07557,40.48629 -80.07808,40.48819 -80.07947,40.48898 -80.07978,40.48946 -80.07989,40.49215 -80.08006,40.49247 -80.08965,40.49697 -80.10198,40.50213 -80.10208,40.50224 -80.10142,40.50359 -80.10153,40.50392 -80.11045,40.5076 -80.11761,40.50883 -80.12292,40.50958 -80.13156,40.51213 -80.1396,40.51427 -80.14953,40.51757 -80.15023,40.51756 -80.15083,40.51729 -80.15328,40.51446 -80.17688,40.52337 -80.18302,40.52607 -80.18614,40.52825 -80.1886,40.53043 -80.19189,40.53301 -80.19355,40.53453 -80.19533,40.53664 -80.19624,40.53721 -80.19774,40.53774 -80.1991,40.53803 -80.1998,40.53801 -80.20066,40.53772 -80.20128,40.53718 -80.20176,40.53637 -80.20241,40.53446 -80.20294,40.53387 -80.20395,40.53312 -80.20445,40.53251 -80.20471,40.53182 -80.20516,40.52933 -80.20575,40.52835 -80.20647,40.52765 -80.20779,40.5269 -80.21044,40.52615 -80.21578,40.52385 -80.21653,40.52342 -80.21712,40.52286 -80.21757,40.52204 -80.21764,40.52043 -80.21804,40.51959 -80.21942,40.51814 -80.22165,40.51682 -80.22229,40.51588 -80.22232,40.51356 -80.22327,40.50731 -80.2231,40.5057 -80.22244,40.50366 -80.22385,40.50365 -80.22447,40.50388 -80.22657,40.50412 -80.22697,40.50401 -80.22693,40.50385 -80.22672,40.50379 -80.22629,40.50394 -80.22572,40.50393"
weekday,kept,118.8,"-80.22528,40.50389 -80.2245,40.50354 -80.22402,40.50355"
weekday,kept,39.0,"-80.22285,40.50358 -80.2224,40.50366"
weekday,kept,219.6,"-80.22225,40.51395 -80.22215,40.51591"
weekday,kept,20.0,"-80.22198,40.51625 -80.22187,40.51641"
weekday,kept,20.0,"-80.22033,40.51749 -80.22014,40.5176"
weekday,kept,179.9,"-80.21757,40.52032 -80.21751,40.52193"
weekday,kept,20.0,"-80.20485,40.5301 -80.20482,40.53027"
weekday,kept,20.0,"-80.2025,40.5342 -80.20238,40.53435"
weekday,kept,20.0,"-80.20218,40.53468 -80.2021,40.53485"
weekday,kept,20.0,"-80.20189,40.53555 -80.20185,40.53572"
weekday,kept,20.0,"-80.20163,40.53642 -80.20156,40.53659"
weekday,kept,20.0,"-80.20042,40.53771 -80.20021,40.5378"
weekday,kept,20.0,"-80.19953,40.53794 -80.1993,40.53795"
weekday,kept,20.0,"-80.19748,40.53758 -80.19726,40.53751"
weekday,kept,40.0,"-80.19287,40.53367 -80.1926,40.53337"
weekday,kept,659.9,"-80.19233,40.53308 -80.1909,40.53165 -80.187,40.52877"
weekday,kept,60.0,"-80.18667,40.52852 -80.18616,40.52815"
weekday,kept,20.0,"-80.18039,40.52477 -80.18018,40.52468"
weekday,kept,2538.4,"-80.17902,40.52407 -80.17689,40.52265 -80.1761,40.52226 -80.17356,40.52111 -80.16689,40.51843 -80.15386,40.51353 -80.15333,40.51431"
weekday,kept,5.4,"-80.14645,40.5165 -80.14639,40.51648"
weekday,kept,20.0,"-80.13888,40.514 -80.13866,40.51394"
weekday,kept,20.0,"-80.13734,40.51355 -80.13712,40.51349"
weekday,kept,20.0,"-80.13135,40.51194 -80.13112,40.51188"
weekday,kept,20.0,"-80.13045,40.51171 -80.13023,40.51165"
weekday,kept,20.0,"-80.09833,40.50052 -80.09812,40.50043"
weekday,kept,20.0,"-80.09771,40.50026 -80.0975,40.50017"
weekday,kept,20.0,"-80.09565,40.49939 -80.09545,40.4993"
weekday,kept,40.0,"-80.09504,40.49913 -80.09462,40.49895"
weekday,kept,20.0,"-80.09297,40.49825 -80.09276,40.49817"
weekday,kept,20.0,"-80.08974,40.49693 -80.08954,40.49683"
weekday,kept,20.0,"-80.08149,40.49308 -80.08128,40.49299"
weekday,kept,19.6,"-80.07987,40.48919 -80.07968,40.48909"
weekday,kept,19.8,"-80.06345,40.47384 -80.06327,40.47373"
weekday,kept,20.0,"-80.06286,40.47356 -80.06267,40.47345"
weekday,kept,20.0,"-80.05132,40.46217 -80.05114,40.46205"
weekday,kept,40.0,"-80.03042,40.44589 -80.03019,40.44558"
weekday,kept,160.0,"-80.02995,40.44527 -80.02852,40.44433"
weekday,kept,79.9,"-80.02815,40.44411 -80.02742,40.44366"
weekday,kept,80.0,"-80.02677,40.44344 -80.02591,40.44315"
weekday,kept,20.0,"-80.02547,40.44301 -80.02526,40.44293"
weekday,kept,219.2,"-80.01561,40.43889 -80.0139,40.43794 -80.01344,40.43793"
weekday,kept,519.5,"-80.00967,40.43976 -80.0078,40.44052 -80.00517,40.44131 -80.004,40.44139"
weekday,kept,465.9,"-80.09713,40.46791 -80.09688,40.46742 -80.09778,40.4672 -80.09831,40.46753 -80.09874,40.4676 -80.09876,40.46773 -80.09801,40.46884 -80.09718,40.46867"
weekday,added,452.5,"-80.09695,40.46869 -80.09286,40.46993 -80.09259,40.47022 -80.09254,40.47058"
weekday,kept,5623.3,"-80.09248,40.47071 -80.0913,40.47066 -80.09131,40.47115 -80.09158,40.47165 -80.09306,40.47253 -80.09589,40.47469 -80.09599,40.47512 -80.09735,40.47543 -80.09683,40.47662 -80.09642,40.47705 -80.09249,40.47869 -80.09223,40.4801 -80.09199,40.48039 -80.08917,40.48046 -80.08358,40.47975 -80.08203,40.48055 -80.08015,40.4813 -80.07969,40.48136 -80.07939,40.48109 -80.07854,40.47966 -80.07746,40.48001 -80.07677,40.48011 -80.0759,40.47983 -80.07437,40.47899 -80.07415,40.47898 -80.07309,40.47938 -80.07237,40.47984 -80.07226,40.48 -80.0727,40.48059 -80.07585,40.47983 -80.07695,40.48011 -80.07849,40.47967 -80.07812,40.47873 -80.0772,40.4786 -80.07555,40.47791 -80.07466,40.47733 -80.073,40.47581 -80.07158,40.47486 -80.07096,40.47462 -80.07027,40.47471 -80.06843,40.47583 -80.06698,40.47643 -80.0663,40.47657 -80.0659,40.4764 -80.06561,40.47612"
weekday,kept,1825.4,"-80.06232,40.47356 -80.05993,40.47471 -80.05832,40.47527 -80.05451,40.47053 -80.05405,40.47051 -80.05355,40.4699 -80.05215,40.46871 -80.05271,40.46734 -80.05281,40.46591 -80.0532,40.46546 -80.05371,40.46516 -80.05326,40.46453"
weekday,kept,20.0,"-80.03682,40.4508 -80.03665,40.45068"
weekday,kept,478.3,"-80.00764,40.44042 -80.00674,40.44024 -80.00504,40.43961 -80.00396,40.4412 -80.0039,40.44155"
weekday,kept,153.5,"-80.05848,40.47546 -80.05964,40.47496 -80.05995,40.4747"
weekday,kept,19.8,"-80.09836,40.46762 -80.09839,40.46779"
weekday,kept,117.7,"-80.09827,40.46813 -80.09741,40.46839 -80.09722,40.46807"
weekday,kept,25326.7,"-80.22228,40.50328 -80.222,40.50222 -80.222,40.50007 -80.22189,40.49999 -80.21293,40.49969 -80.211,40.49903 -80.20925,40.49767 -80.20782,40.49861 -80.20677,40.49747 -80.20596,40.49711 -80.20547,40.49673 -80.20522,40.49604 -80.2054,40.49534 -80.20528,40.49445 -80.20503,40.49396 -80.20291,40.49253 -80.20161,40.49212 -80.19788,40.49056 -80.19712,40.49014 -80.19655,40.48957 -80.1956,40.48736 -80.19519,40.48692 -80.19412,40.48622 -80.19374,40.48577 -80.20019,40.48281 -80.20216,40.48103 -80.20253,40.48082 -80.20258,40.48066 -80.20218,40.48053 -80.20138,40.47923 -80.19997,40.47561 -80.19867,40.46832 -80.19822,40.46712 -80.19766,40.46654 -80.19563,40.46504 -80.19141,40.46028 -80.18632,40.45627 -80.18397,40.45509 -80.17841,40.45311 -80.1764,40.45259 -80.1713,40.45183 -80.16958,40.45125 -80.16825,40.45024 -80.16474,40.44557 -80.16367,40.44461 -80.16225,40.44366 -80.1393,40.43197 -80.1262,40.42624 -80.12405,40.4255 -80.12223,40.42511 -80.12013,40.42492 -80.11611,40.42486 -80.11424,40.42467 -80.10799,40.42374 -80.09925,40.42219 -80.09564,40.42136 -80.0916,40.41989 -80.08829,40.41816 -80.08564,40.41637 -80.08343,40.4145 -80.08161,40.41337 -80.08155,40.4132 -80.08173,40.41311 -80.08363,40.41444 -80.08219,40.41647 -80.08133,40.41795 -80.08035,40.42201 -80.08003,40.42268 -80.07946,40.42325 -80.0789,40.42358 -80.07452,40.42491 -80.07354,40.4254 -80.07053,40.42839 -80.06788,40.43241 -80.06752,40.43344 -80.0676,40.43613 -80.06625,40.44013 -80.06603,40.44336 -80.0656,40.44603 -80.06503,40.44681 -80.0622,40.44946 -80.05862,40.45179 -80.05576,40.45263 -80.05462,40.45284 -80.05368,40.45278 -80.05162,40.4524 -80.04949,40.45243 -80.04743,40.45204 -80.04556,40.45186 -80.0444,40.45199 -80.04194,40.45261 -80.04076,40.45264 -80.03923,40.4522 -80.03707,40.45082"
weekday,kept,698.3,"-80.08145,40.41305 -80.08064,40.41339 -80.08068,40.41372 -80.08233,40.4144 -80.0861,40.41685"
weekday,kept,20.0,"-80.08681,40.41733 -80.08698,40.41745"
weekday,kept,20.0,"-80.08957,40.41901 -80.08976,40.41911"
weekday,kept,40.0,"-80.09016,40.41931 -80.09055,40.41951"
weekday,kept,20.0,"-80.09365,40.42081 -80.09386,40.42089"
weekday,kept,20.0,"-80.09429,40.42104 -80.09451,40.42111"
weekday,kept,20.0,"-80.09516,40.42132 -80.09538,40.42138"
weekday,kept,20.0,"-80.09762,40.42196 -80.09784,40.42201"
weekday,kept,60.0,"-80.09852,40.42216 -80.09921,40.42228"
weekday,kept,40.0,"-80.10105,40.4226 -80.10151,40.42268"
weekday,kept,20.0,"-80.10243,40.42285 -80.10266,40.42289"
weekday,kept,20.0,"-80.10381,40.42308 -80.10404,40.42312"
weekday,kept,40.0,"-80.10496,40.42328 -80.10543,40.42336"
weekday,kept,20.0,"-80.10635,40.42351 -80.10658,40.42355"
weekday,kept,20.0,"-80.10912,40.42397 -80.10935,40.42401"
weekday,kept,20.0,"-80.1105,40.42419 -80.11073,40.42423"
weekday,kept,40.0,"-80.11189,40.42441 -80.11235,40.42448"
weekday,kept,60.0,"-80.11328,40.42463 -80.11397,40.42473"
weekday,kept,60.0,"-80.1149,40.42486 -80.11561,40.4249"
weekday,kept,80.0,"-80.12102,40.4251 -80.12195,40.42523"
weekday,kept,40.0,"-80.12265,40.42532 -80.12311,40.4254"
weekday,kept,20.0,"-80.12378,40.42557 -80.12401,40.42562"
weekday,kept,80.0,"-80.12445,40.42575 -80.1253,40.42606"
weekday,kept,20.0,"-80.12572,40.4262 -80.12593,40.42629"
weekday,kept,20.0,"-80.12634,40.42647 -80.12654,40.42656"
weekday,kept,20.0,"-80.12839,40.42735 -80.12859,40.42744"
weekday,kept,20.0,"-80.12941,40.4278 -80.12962,40.42789"
weekday,kept,20.0,"-80.13044,40.42824 -80.13064,40.42833"
weekday,kept,20.0,"-80.13147,40.42869 -80.13167,40.42878"
weekday,kept,20.0,"-80.13249,40.42913 -80.1327,40.42922"
weekday,kept,20.0,"-80.13352,40.42957 -80.13373,40.42966"
weekday,kept,60.0,"-80.13414,40.42984 -80.13475,40.43011"
weekday,kept,20.0,"-80.13619,40.43072 -80.1364,40.43081"
weekday,kept,20.0,"-80.13824,40.43161 -80.13845,40.4317"
weekday,kept,40.0,"-80.13885,40.43189 -80.13925,40.43209"
weekday,kept,40.0,"-80.14063,40.43278 -80.14102,40.43298"
weekday,kept,40.0,"-80.14239,40.43368 -80.14278,40.43388"
weekday,kept,40.0,"-80.14416,40.43458 -80.14455,40.43478"
weekday,kept,20.0,"-80.14533,40.43518 -80.14553,40.43528"
weekday,kept,40.0,"-80.14592,40.43548 -80.14631,40.43568"
weekday,kept,20.0,"-80.14709,40.43608 -80.14729,40.43618"
weekday,kept,40.0,"-80.14768,40.43638 -80.14807,40.43658"
weekday,kept,20.0,"-80.14886,40.43698 -80.14905,40.43708"
weekday,kept,40.0,"-80.14945,40.43728 -80.14984,40.43748"
weekday,kept,20.0,"-80.15062,40.43788 -80.15082,40.43798"
weekday,kept,40.0,"-80.15121,40.43818 -80.1516,40.43839"
weekday,kept,40.0,"-80.15238,40.4388 -80.15277,40.439"
weekday,kept,40.0,"-80.15414,40.4397 -80.15453,40.4399"
weekday,kept,40.0,"-80.1559,40.4406 -80.15629,40.4408"
weekday,kept,40.0,"-80.15766,40.44151 -80.15807,40.4417"
weekday,kept,40.0,"-80.15944,40.44239 -80.15983,40.44259"
weekday,kept,40.0,"-80.16121,40.44329 -80.1616,40.44349"
weekday,kept,40.0,"-80.16219,40.44379 -80.16257,40.44401"
weekday,kept,20.0,"-80.1633,40.44446 -80.16347,40.44458"
weekday,kept,20.0,"-80.16636,40.44784 -80.16648,40.448"
weekday,kept,20.0,"-80.16722,40.44912 -80.16733,40.44928"
weekday,kept,20.0,"-80.16755,40.4496 -80.16766,40.44976"
weekday,kept,20.0,"-80.17013,40.45162 -80.17035,40.45169"
weekday,kept,20.0,"-80.17079,40.45182 -80.17102,40.45187"
weekday,kept,20.0,"-80.17217,40.45205 -80.1724,40.45209"
weekday,kept,20.0,"-80.17356,40.45226 -80.17379,40.45229"
weekday,kept,40.0,"-80.17519,40.45249 -80.17565,40.45255"
weekday,kept,20.0,"-80.17657,40.45271 -80.1768,40.45276"
weekday,kept,20.0,"-80.17747,40.45293 -80.17769,40.45299"
weekday,kept,20.0,"-80.17835,40.45319 -80.17857,40.45326"
weekday,kept,80.0,"-80.18198,40.45449 -80.18283,40.4548"
weekday,kept,18.7,"-80.18326,40.45496 -80.18346,40.45502"
weekday,kept,20.0,"-80.1849,40.45564 -80.1851,40.45573"
weekday,kept,40.0,"-80.1855,40.45593 -80.18587,40.45615"
weekday,kept,60.0,"-80.18624,40.45637 -80.18675,40.45674"
weekday,kept,20.0,"-80.18775,40.45751 -80.18792,40.45764"
weekday,kept,20.0,"-80.19041,40.45955 -80.19057,40.45968"
weekday,kept,20.0,"-80.19204,40.46108 -80.19216,40.46123"
weekday,kept,40.0,"-80.19242,40.46154 -80.19267,40.46184"
weekday,kept,60.0,"-80.19292,40.46215 -80.1933,40.4626"
weekday,kept,80.0,"-80.19393,40.46336 -80.19444,40.46397"
weekday,kept,619.0,"-80.19502,40.46474 -80.19606,40.46634 -80.19799,40.46815 -80.19843,40.46878 -80.19868,40.46947"
weekday,kept,60.0,"-80.19888,40.47036 -80.19898,40.47089"
weekday,kept,40.0,"-80.1992,40.47232 -80.19925,40.47267"
weekday,kept,60.0,"-80.19946,40.47392 -80.19954,40.47446"
weekday,kept,20.0,"-80.1998,40.47552 -80.19986,40.47569"
weekday,kept,20.0,"-80.20005,40.47621 -80.20011,40.47638"
weekday,kept,40.0,"-80.20033,40.47708 -80.20042,40.47743"
weekday,kept,499.4,"-80.20052,40.47779 -80.20076,40.47921 -80.20035,40.4817 -80.20062,40.48218"
weekday,kept,529.1,"-80.20754,40.49837 -80.20889,40.49982 -80.20902,40.49984 -80.2097,40.49936 -80.21038,40.49925 -80.21085,40.49928 -80.21239,40.4997"
weekday,kept,260.0,"-80.21355,40.49989 -80.2166,40.50005"
weekday,kept,379.4,"-80.21778,40.50008 -80.22132,40.50013 -80.22177,40.50025 -80.22196,40.50057"
weekday,kept,56.7,"-80.22668,40.50413 -80.2269,40.50409 -80.22698,40.50393 -80.22685,40.5038"
weekday,added,338.4,"-80.17557,40.44801 -80.17488,40.44813 -80.17364,40.44893 -80.17407,40.45013"
weekday,kept,1532.4,"-80.17412,40.45031 -80.17416,40.45062 -80.17326,40.45083 -80.17278,40.45122 -80.17227,40.45315 -80.17186,40.45355 -80.17141,40.45351 -80.17037,40.45277 -80.16973,40.45258 -80.16906,40.45273 -80.16795,40.45338 -80.16725,40.45343 -80.16586,40.45326 -80.16542,40.45314 -80.16441,40.45215 -80.16382,40.45185 -80.16313,40.45174 -80.16077,40.45178"
weekday,added,259.2,"-80.16054,40.45177 -80.15839,40.45106 -80.1578,40.45131"
weekday,kept,598.0,"-80.15771,40.45147 -80.15766,40.45165 -80.15629,40.45184 -80.15552,40.45224 -80.15549,40.45236 -80.15651,40.45281 -80.15717,40.4528 -80.15766,40.45219 -80.15727,40.45174 -80.15756,40.45166 -80.15776,40.45138"
weekday,added,19.8,"-80.15806,40.45112 -80.15828,40.45107"
weekday,added,40.0,"-80.16014,40.4518 -80.1606,40.45187"
weekday,kept,9163.6,"-80.16084,40.45188 -80.16107,40.45188 -80.16141,40.45105 -80.16279,40.45038 -80.16303,40.45007 -80.16302,40.44936 -80.16249,40.44798 -80.15955,40.44841 -80.15791,40.44842 -80.15675,40.44825 -80.15564,40.44796 -80.15417,40.44738 -80.14968,40.44475 -80.14887,40.44439 -80.1475,40.44416 -80.14656,40.44422 -80.14565,40.44442 -80.14484,40.44478 -80.14434,40.44517 -80.14398,40.44563 -80.14351,40.44683 -80.14298,40.44763 -80.1399,40.45034 -80.13865,40.45085 -80.13492,40.45197 -80.13399,40.45207 -80.13393,40.45218 -80.13502,40.45334 -80.1369,40.45598 -80.13727,40.4562 -80.13818,40.45638 -80.13782,40.45831 -80.13953,40.46024 -80.13979,40.46073 -80.13992,40.46163 -80.13983,40.46234 -80.13845,40.46401 -80.13826,40.46524 -80.13764,40.46599 -80.13315,40.46594 -80.13246,40.46603 -80.13162,40.46636 -80.12758,40.46855 -80.12624,40.46888 -80.12207,40.46828 -80.11737,40.46856 -80.11644,40.46844 -80.11543,40.46799 -80.11443,40.46723 -80.11288,40.46566 -80.11236,40.46529 -80.11153,40.46496 -80.1106,40.46486 -80.10746,40.46545 -80.10622,40.46596 -80.10547,40.46664 -80.10446,40.46826 -80.10382,40.46878 -80.1032,40.46905 -80.10141,40.46949 -80.10014,40.46995 -80.0997,40.46985 -80.09816,40.46904"
weekday,kept,19.2,"-80.09597,40.47475 -80.09599,40.47492"
weekday,kept,3444.5,"-80.09567,40.47503 -80.09389,40.47416 -80.0932,40.47406 -80.09253,40.4742 -80.09136,40.4748 -80.09047,40.47504 -80.08836,40.47503 -80.08473,40.47582 -80.08383,40.47563 -80.08298,40.47577 -80.07351,40.47252 -80.06712,40.46772 -80.06635,40.46566 -80.0651,40.46586 -80.06159,40.46561"
weekday,kept,320.0,"-80.04187,40.45541 -80.04451,40.45747"
weekday,kept,20.0,"-80.04582,40.4585 -80.04599,40.45863"
weekday,kept,20.0,"-80.07004,40.46992 -80.07021,40.47005"
weekday,kept,20.0,"-80.07154,40.47106 -80.07171,40.47119"
weekday,kept,20.0,"-80.07255,40.47182 -80.07272,40.47195"
weekday,kept,20.0,"-80.11484,40.46757 -80.11501,40.4677"
weekday,kept,20.0,"-80.14733,40.44416 -80.14757,40.44416"
weekday,kept,219.6,"-80.15798,40.44843 -80.1589,40.44854 -80.16055,40.44845"
weekday,kept,40.0,"-80.16124,40.44834 -80.1617,40.44825"
weekday,kept,19.5,"-80.16216,40.4482 -80.16238,40.44824"
weekday,kept,19.9,"-80.16259,40.44856 -80.16265,40.44873"
weekday,kept,79.8,"-80.16289,40.44942 -80.16297,40.44978 -80.16284,40.45012"
weekday,kept,19.9,"-80.1612,40.4511 -80.16108,40.45126"
weekday,kept,199.8,"-80.16113,40.45188 -80.16348,40.45188"
weekday,kept,20.0,"-80.1646,40.4525 -80.16474,40.45264"
weekday,kept,59.9,"-80.16599,40.45338 -80.16669,40.45345"
weekday,kept,20.0,"-80.16807,40.45346 -80.16828,40.45338"
weekday,kept,19.9,"-80.16917,40.4528 -80.16939,40.45273"
weekday,kept,99.8,"-80.16986,40.4527 -80.17079,40.45323"
weekday,kept,115.1,"-80.17129,40.4536 -80.1718,40.4539 -80.17227,40.4535"
weekday,kept,60.0,"-80.17244,40.45317 -80.17256,40.45264"
weekday,kept,60.0,"-80.17273,40.45193 -80.17287,40.4514"
weekday,kept,579.0,"-80.17392,40.4508 -80.17528,40.45048 -80.17585,40.45017 -80.17736,40.44837 -80.17848,40.44773 -80.17835,40.44738"
weekday,added,415.0,"-80.17829,40.44721 -80.17808,40.44651 -80.17787,40.44653 -80.17804,40.44757 -80.17575,40.44798"
weekday,added,399.9,"-80.16091,40.45234 -80.16122,40.45466 -80.16098,40.4559"
weekday,kept,979.7,"-80.16104,40.45602 -80.16197,40.45614 -80.16385,40.45606 -80.16592,40.45643 -80.16686,40.45641 -80.16979,40.45526 -80.17156,40.45407"
weekday,kept,20.0,"-80.17181,40.45383 -80.17164,40.4537"
weekday,kept,20.0,"-80.16879,40.45291 -80.16862,40.45303"
weekday,kept,20.0,"-80.1631,40.4498 -80.16308,40.44962"
weekday,added,1758.1,"-80.15808,40.4481 -80.15896,40.44494 -80.15879,40.4437 -80.15848,40.44322 -80.15734,40.44231 -80.15581,40.44148 -80.15443,40.44051 -80.15149,40.43937 -80.14894,40.43807 -80.14819,40.43763 -80.14731,40.43679"
weekday,kept,139.9,"-80.14716,40.43665 -80.14664,40.43629 -80.1458,40.43597"
weekday,added,1178.1,"-80.14536,40.43583 -80.14364,40.43525 -80.13926,40.43281 -80.13715,40.43201 -80.13458,40.43076 -80.13516,40.42998"
weekday,kept,116.8,"-80.13534,40.42986 -80.13579,40.42981 -80.13599,40.42989 -80.13632,40.43015 -80.13619,40.43028"
weekday,kept,36.9,"-80.08154,40.41328 -80.08163,40.41313 -80.08185,40.41316"
weekday,kept,2454.9,"-80.0837,40.41439 -80.08574,40.41176 -80.08833,40.41022 -80.08925,40.40919 -80.09002,40.40637 -80.09031,40.40589 -80.09088,40.40562 -80.09093,40.40547 -80.09072,40.40538 -80.08998,40.40649 -80.08947,40.40861 -80.08898,40.40961 -80.08822,40.41029 -80.08579,40.41171 -80.08365,40.4145"
weekday,kept,39.8,"-80.13314,40.42957 -80.13329,40.42991"
weekday,added,155.0,"-80.1333,40.43008 -80.13332,40.43039 -80.13463,40.43079"
weekday,added,20.0,"-80.14816,40.43776 -80.14834,40.43788"
weekday,added,100.0,"-80.15008,40.43881 -80.15105,40.43932"
weekday,added,80.0,"-80.15251,40.4399 -80.15337,40.44021"
weekday,added,20.0,"-80.15379,40.44036 -80.154,40.44044"
weekday,added,20.0,"-80.15804,40.44289 -80.15817,40.44304"
weekday,kept,8970.4,"-80.02886,40.44442 -80.03207,40.4429 -80.03632,40.44134 -80.03794,40.44121 -80.03811,40.44128 -80.03951,40.44273 -80.03979,40.44322 -80.04124,40.44452 -80.04194,40.44535 -80.04234,40.44555 -80.04348,40.44574 -80.04395,40.44613 -80.04414,40.44683 -80.04408,40.44801 -80.04522,40.45044 -80.0514,40.45159 -80.05305,40.45229 -80.0544,40.4526 -80.05471,40.45335 -80.05591,40.4539 -80.05872,40.45436 -80.05957,40.45402 -80.06374,40.45792 -80.06478,40.45906 -80.06471,40.45938 -80.06426,40.45949 -80.06416,40.45964 -80.06437,40.46015 -80.06429,40.46031 -80.0637,40.46051 -80.06316,40.46022 -80.06275,40.45907 -80.06399,40.45819 -80.05962,40.45395 -80.06213,40.45344 -80.06397,40.45376 -80.06509,40.45383 -80.06629,40.45149 -80.06889,40.45221 -80.06939,40.45166 -80.06933,40.45155 -80.06604,40.45055 -80.06434,40.44959 -80.06207,40.44802 -80.06009,40.44578 -80.05857,40.44466 -80.05794,40.44442 -80.05677,40.44432 -80.05544,40.44396 -80.06047,40.44221 -80.06087,40.44178 -80.06158,40.43952 -80.06189,40.43925 -80.06379,40.43853"
weekday,added,359.8,"-80.06401,40.43845 -80.06599,40.43789 -80.06693,40.4379 -80.06808,40.4381"
weekday,kept,79.9,"-80.06831,40.43814 -80.06923,40.4383"
weekday,added,160.0,"-80.06941,40.43837 -80.06899,40.43977"
weekday,kept,754.1,"-80.06894,40.43994 -80.06832,40.44167 -80.0684,40.44178 -80.0691,40.44187 -80.07255,40.44135 -80.07314,40.44107 -80.07173,40.4408"
weekday,kept,234.9,"-80.07152,40.44076 -80.06885,40.44024"
weekday,kept,20.0,"-80.04522,40.45042 -80.04514,40.45025"
weekday,kept,356.1,"-80.03087,40.44336 -80.03063,40.44273 -80.02906,40.44305 -80.02831,40.44348 -80.02766,40.44369"
weekday,kept,15.5,"-80.00518,40.43966 -80.005,40.43966"
weekday,added,475.5,"-80.05237,40.46256 -80.0556,40.46146 -80.05651,40.46287"
weekday,kept,20.0,"-80.05661,40.46303 -80.05671,40.46319"
weekday,kept,697.4,"-80.06644,40.46548 -80.06699,40.46517 -80.06907,40.46483 -80.07094,40.46496 -80.07401,40.46496 -80.07422,40.46493 -80.0743,40.46476"
weekday,added,599.9,"-80.07438,40.46459 -80.07723,40.45967"
weekday,kept,3167.5,"-80.0774,40.45955 -80.07947,40.45783 -80.08022,40.45613 -80.07999,40.45563 -80.07769,40.4534 -80.07793,40.4531 -80.07788,40.45222 -80.07809,40.4519 -80.08241,40.44834 -80.08238,40.44821 -80.08065,40.44699 -80.07888,40.44649 -80.07844,40.44654 -80.07676,40.44719 -80.07281,40.44773 -80.06937,40.44711 -80.06719,40.44576 -80.06609,40.44482 -80.06605,40.44465"
weekday,kept,316.8,"-80.06622,40.44395 -80.06693,40.44325 -80.06755,40.44308 -80.06827,40.44176"
weekday,kept,1697.8,"-80.0552,40.44389 -80.05201,40.44275 -80.04889,40.44191 -80.04706,40.44111 -80.04618,40.44127 -80.04414,40.44301 -80.0435,40.4432 -80.04283,40.44306 -80.04024,40.44123 -80.03814,40.44116"
weekday,kept,19.5,"-80.03076,40.443 -80.03074,40.44282"
weekday,kept,20.0,"-80.04523,40.44202 -80.04539,40.4419"
weekday,kept,336.4,"-80.06962,40.43838 -80.07284,40.43895 -80.073,40.43903 -80.07303,40.43939"
weekday,added,100.0,"-80.07304,40.43957 -80.07311,40.44047"
weekday,kept,40.0,"-80.07313,40.44065 -80.07316,40.44101"
weekday,kept,15.7,"-80.08244,40.44825 -80.08236,40.44838"
weekday,kept,1047.4,"-79.95149,40.45732 -79.9497,40.45267 -79.94957,40.45262 -79.94452,40.45414 -79.94429,40.45389"
weekday,added,259.9,"-79.94421,40.45372 -79.94324,40.45151"
weekday,kept,100.0,"-79.94317,40.45134 -79.94294,40.45046"
weekday,added,280.0,"-79.94291,40.45028 -79.94251,40.44778"
weekday,kept,6281.0,"-79.94249,40.4476 -79.94225,40.446 -79.94297,40.44468 -79.94318,40.44464 -79.9486,40.44446 -79.95078,40.44398 -79.95194,40.44647 -79.96335,40.43815 -79.96394,40.43785 -79.96508,40.43764 -79.96655,40.4363 -79.96937,40.43625 -79.97069,40.43664 -79.97279,40.43688 -79.98374,40.43554 -79.98651,40.43509 -79.98933,40.43491 -79.99191,40.43503 -79.99409,40.43572 -79.99475,40.4362 -79.99472,40.43673 -79.99261,40.44131 -79.99298,40.44173 -79.99414,40.44187 -79.99478,40.44209"
weekday,kept,20.0,"-79.99565,40.44122 -79.99575,40.44106"
weekday,kept,379.7,"-79.9987,40.44008 -80.00267,40.44165"
weekday,kept,239.8,"-80.00421,40.44148 -80.00515,40.44155 -80.0069,40.44103"
weekday,kept,60.0,"-80.00733,40.44088 -80.00797,40.44065"
weekday,kept,20.0,"-80.00838,40.44047 -80.00858,40.44038"
weekday,kept,20.0,"-80.10866,40.42397 -80.10889,40.424"
weekday,kept,20.0,"-80.18678,40.45675 -80.18696,40.45687"
weekday,kept,9038.6,"-80.19581,40.46567 -80.19701,40.46677 -80.19854,40.46761 -80.19984,40.46803 -80.20329,40.46863 -80.20485,40.46905 -80.21091,40.47215 -80.21246,40.47259 -80.21408,40.47283 -80.21549,40.47284 -80.21737,40.47267 -80.22649,40.47172 -80.22834,40.47144 -80.22923,40.4712 -80.23046,40.47066 -80.23318,40.46924 -80.23542,40.46824 -80.2377,40.46779 -80.23935,40.46772 -80.24098,40.46788 -80.24297,40.46844 -80.24438,40.4691 -80.24593,40.4702 -80.2539,40.478 -80.25563,40.47921 -80.26235,40.48312 -80.26333,40.4839 -80.26398,40.48465 -80.26439,40.48529 -80.26454,40.48582 -80.26443,40.48707 -80.26373,40.48819 -80.26138,40.48996 -80.25908,40.4915 -80.25809,40.49199 -80.25657,40.49249 -80.25495,40.49273 -80.25238,40.49259 -80.25169,40.49272 -80.2507,40.49319 -80.24935,40.49419 -80.24917,40.49637"
weekday,kept,10195.6,"-80.24916,40.49656 -80.2492,40.49745 -80.2508,40.49901 -80.25137,40.49931 -80.25419,40.49945 -80.25818,40.49918 -80.26337,40.49938 -80.26495,40.49906 -80.26593,40.49857 -80.26691,40.49758 -80.26798,40.49408 -80.26964,40.48996 -80.26967,40.48925 -80.26945,40.48855 -80.26895,40.48794 -80.26702,40.48663 -80.26265,40.48288 -80.25587,40.47898 -80.2543,40.47789 -80.24647,40.47024 -80.24481,40.46896 -80.24322,40.4682 -80.24099,40.4676 -80.23936,40.46743 -80.23748,40.46751 -80.23588,40.46782 -80.23437,40.46833 -80.23006,40.47053 -80.22812,40.47119 -80.21902,40.47222 -80.21503,40.47253 -80.21292,40.47236 -80.21134,40.47199 -80.20991,40.47137 -80.20527,40.4689 -80.20374,40.46843 -80.19938,40.46764 -80.19852,40.46734 -80.19735,40.46674"
weekday,kept,120.0,"-80.19699,40.46651 -80.19604,40.46571"
weekday,kept,40.0,"-80.19577,40.46542 -80.19551,40.46512"
weekday,kept,20.0,"-80.08578,40.41172 -80.08594,40.41159"
weekday,kept,379.9,"-79.99998,40.44232 -79.99598,40.44079"
weekday,kept,119.4,"-79.99324,40.44163 -79.99306,40.44131 -79.99319,40.4406"
weekday,kept,40.0,"-79.99332,40.44026 -79.99346,40.43991"
weekday,kept,20.0,"-79.99364,40.43939 -79.99373,40.43923"
weekday,kept,20.0,"-79.99422,40.43841 -79.99432,40.43825"
weekday,kept,279.2,"-79.99456,40.43793 -79.99518,40.43717 -79.99535,40.43666 -79.99512,40.43616 -79.99457,40.43583"
weekday,kept,20.0,"-79.99264,40.43516 -79.99242,40.43509"
weekday,kept,20.0,"-79.99174,40.43493 -79.99151,40.43489"
weekday,kept,80.0,"-79.98821,40.43488 -79.98727,40.43495"
weekday,kept,20.0,"-79.98587,40.43511 -79.98564,40.43515"
weekday,kept,20.0,"-79.98425,40.43536 -79.98402,40.43539"
weekday,kept,40.0,"-79.98286,40.43555 -79.98239,40.43561"
weekday,kept,20.0,"-79.98076,40.43582 -79.98053,40.43585"
weekday,kept,60.0,"-79.97936,40.43599 -79.97866,40.43607"
weekday,kept,60.0,"-79.97726,40.43623 -79.97656,40.4363"
weekday,kept,40.0,"-79.97516,40.43645 -79.97469,40.4365"
weekday,kept,359.9,"-79.97375,40.43658 -79.96954,40.43617"
weekday,kept,1839.4,"-79.96861,40.43607 -79.96485,40.43592 -79.9554,40.44268 -79.95072,40.44393"
weekday,kept,19.7,"-79.95135,40.45707 -79.95121,40.45721"
weekday,kept,1005.4,"-80.06331,40.43856 -80.06322,40.43749 -80.06534,40.43515 -80.06601,40.43518 -80.06635,40.43506 -80.06792,40.43544 -80.06847,40.43577 -80.06912,40.43651 -80.06872,40.43809"
weekday,kept,5716.5,"-80.07308,40.43899 -80.07767,40.43981 -80.08059,40.4405 -80.08407,40.43999 -80.08689,40.44006 -80.08918,40.43963 -80.09036,40.43964 -80.09149,40.43988 -80.09232,40.44022 -80.09453,40.44156 -80.09676,40.44342 -80.099,40.44441 -80.10057,40.44619 -80.1016,40.44692 -80.10731,40.44945 -80.10884,40.44993 -80.11023,40.45011 -80.11684,40.45021 -80.11799,40.45004 -80.11943,40.44913 -80.12005,40.44887 -80.12144,40.44874 -80.12398,40.44914 -80.12532,40.44948 -80.12882,40.45128 -80.13139,40.45155 -80.13365,40.45205"
weekday,kept,20.0,"-80.16094,40.45194 -80.16092,40.45212"
weekday,added,20.0,"-80.16123,40.45462 -80.1612,40.4548"
weekday,kept,5962.8,"-80.17835,40.44778 -80.17973,40.4476 -80.18084,40.44787 -80.1814,40.4482 -80.18409,40.4507 -80.18511,40.45114 -80.18628,40.45115 -80.18972,40.4505 -80.19089,40.45055 -80.19174,40.45085 -80.1931,40.45185 -80.19345,40.45231 -80.19341,40.45301 -80.19207,40.45448 -80.1919,40.455 -80.19199,40.45535 -80.19265,40.4561 -80.19358,40.45663 -80.19493,40.4548 -80.19818,40.45301 -80.19905,40.45199 -80.1965,40.45105 -80.19535,40.45015 -80.19515,40.44983 -80.19489,40.44823 -80.19402,40.44676 -80.19342,40.44621 -80.19212,40.44543 -80.18982,40.44506 -80.18911,40.44505 -80.18783,40.4455 -80.18715,40.44557 -80.18553,40.44485 -80.18405,40.44369 -80.18925,40.44184 -80.19019,40.44176 -80.19205,40.44192 -80.19329,40.44151 -80.19187,40.43904 -80.19162,40.43816 -80.19155,40.43718"
weekday,kept,39.6,"-80.19311,40.44133 -80.19294,40.44165"
weekday,kept,20.0,"-80.17588,40.44997 -80.17572,40.45011"
weekday,kept,20.0,"-80.17535,40.45033 -80.17514,40.45041"
weekday,kept,20.0,"-80.17446,40.45056 -80.17423,40.45061"
weekday,kept,79.9,"-80.17211,40.45342 -80.17146,40.45394"
weekday,kept,80.0,"-80.17078,40.45444 -80.1701,40.45494"
weekday,kept,20.0,"-80.16764,40.45598 -80.16742,40.45606"
weekday,kept,20.0,"-80.16699,40.4562 -80.16677,40.45627"
weekday,kept,20.0,"-80.16561,40.45628 -80.16539,40.45622"
weekday,kept,59.9,"-80.16472,40.45605 -80.16402,40.45594"
weekday,kept,159.8,"-80.16355,40.45592 -80.16168,40.45598"
weekday,added,60.0,"-80.16123,40.45559 -80.16134,40.45505"
weekday,added,40.0,"-80.16131,40.45416 -80.16123,40.45381"
weekday,kept,40.0,"-80.11734,40.45017 -80.11687,40.45012"
weekday,kept,59.9,"-80.11003,40.44999 -80.10933,40.44991"
weekday,kept,20.0,"-80.10865,40.44977 -80.10842,40.44971"
weekday,kept,16.9,"-80.06607,40.435 -80.06594,40.43511"
weekday,kept,20.0,"-80.17189,40.45362 -80.17173,40.45375"
weekday,kept,16155.6,"-80.00164,40.45331 -79.99633,40.45417 -79.99499,40.45452 -79.99366,40.45525 -79.9925,40.45532 -79.99164,40.45593 -79.98714,40.4579 -79.9848,40.4594 -79.98309,40.46089 -79.98156,40.46248 -79.97544,40.47016 -79.97294,40.47231 -79.96848,40.47717 -79.96794,40.47796 -79.96812,40.47846 -79.96731,40.47878 -79.96735,40.47894 -79.9706,40.48073 -79.97212,40.4812 -79.97265,40.48155 -79.97287,40.48187 -79.97283,40.48221 -79.97212,40.48268 -79.97183,40.48336 -79.97188,40.48479 -79.97266,40.48629 -79.97265,40.4879 -79.97159,40.49084 -79.97092,40.49093 -79.96941,40.49142 -79.96801,40.4916 -79.9663,40.4922 -79.96504,40.49302 -79.96429,40.4937 -79.96324,40.4941 -79.95664,40.49431 -79.95344,40.49372 -79.95085,40.49377 -79.94952,40.49409 -79.94883,40.49399 -79.9481,40.49356 -79.94792,40.49358 -79.9466,40.49434 -79.944,40.49664 -79.94383,40.50041 -79.94428,40.50124 -79.94477,40.50162 -79.94659,40.50195 -79.94777,40.50253 -79.9482,40.50296 -79.94866,40.50378 -79.94915,40.50416 -79.94976,40.50493 -79.95209,40.50846 -79.95296,40.50906 -79.95377,40.50942 -79.95609,40.50971 -79.95836,40.51285 -79.95915,40.51434 -79.95894,40.51865 -79.95902,40.51918 -79.95941,40.52003 -79.95994,40.52251 -79.96175,40.52415 -79.96622,40.53027 -79.97148,40.53688 -79.97211,40.53784 -79.97239,40.54628 -79.9722,40.54824 -79.97154,40.54996 -79.97145,40.55068 -79.97162,40.55174 -79.97244,40.55204 -79.97264,40.55234 -79.9725,40.55248 -79.97162,40.55275 -79.97133,40.553 -79.97105,40.55551"
weekday,added,2073.1,"-79.97104,40.55569 -79.97097,40.5564 -79.97045,40.5574 -79.96904,40.55883 -79.96908,40.55919 -79.96995,40.56025 -79.96994,40.5606 -79.96944,40.56094 -79.96874,40.56103 -79.96733,40.56096 -79.96655,40.56136 -79.9664,40.56169 -79.96639,40.56309 -79.96567,40.56218 -79.9654,40.56058 -79.96509,40.56011 -79.96466,40.55998 -79.95928,40.55948 -79.95917,40.55877"
weekday,added,260.6,"-79.95915,40.55861 -79.95909,40.55825 -79.95923,40.55814 -79.95958,40.55817 -79.95966,40.5587 -79.96022,40.55887 -79.96017,40.55939"
weekday,added,19.8,"-79.96997,40.56051 -79.96997,40.56033"
weekday,kept,19.1,"-79.97258,40.55242 -79.97264,40.55225"
weekday,kept,19.7,"-79.94875,40.50384 -79.9486,40.50371"
weekday,kept,19.9,"-79.94652,40.49441 -79.94669,40.49428"
weekday,kept,16.7,"-79.94801,40.49353 -79.94817,40.49363"
weekday,kept,18.6,"-79.96733,40.47886 -79.96751,40.47877"
weekday,kept,279.0,"-79.9684,40.47853 -79.9688,40.47835 -79.96906,40.47805 -79.96893,40.47718 -79.9695,40.4764"
weekday,kept,300.0,"-79.97009,40.47584 -79.97144,40.47459 -79.97216,40.47367"
weekday,kept,20.0,"-79.97236,40.47334 -79.97247,40.47318"
weekday,kept,40.0,"-79.97269,40.47287 -79.97295,40.47256"
weekday,kept,60.0,"-79.97365,40.47184 -79.97413,40.47145"
weekday,kept,40.0,"-79.97624,40.4693 -79.97647,40.46898"
weekday,kept,20.0,"-79.97854,40.46636 -79.97866,40.46621"
weekday,kept,20.0,"-79.98005,40.46454 -79.98017,40.46438"
weekday,kept,100.0,"-79.98437,40.45984 -79.98522,40.45922"
weekday,kept,20.0,"-79.98863,40.4573 -79.98883,40.45721"
weekday,kept,40.0,"-79.98985,40.45675 -79.99025,40.45657"
weekday,kept,40.0,"-79.99069,40.45643 -79.99113,40.4563"
weekday,kept,239.9,"-79.99157,40.45618 -79.99409,40.45521"
weekday,kept,20.0,"-79.99524,40.45458 -79.99545,40.4545"
weekday,kept,20.0,"-79.99612,40.45433 -79.99635,40.45428"
weekday,kept,40.0,"-79.99727,40.45412 -79.99773,40.45405"
weekday,added,5184.0,"-79.76638,40.56566 -79.76828,40.57343 -79.76825,40.57357 -79.76664,40.57382 -79.76732,40.57665 -79.76743,40.57988 -79.76423,40.57951 -79.76147,40.57998 -79.75787,40.58085 -79.75771,40.58093 -79.75818,40.58306 -79.75808,40.58341 -79.75684,40.58514 -79.75625,40.5857 -79.75494,40.58607 -79.75189,40.58633 -79.74941,40.58693 -79.75261,40.59348 -79.75604,40.59881"
weekday,kept,239.7,"-79.75615,40.59897 -79.75665,40.59978 -79.75698,40.601"
weekday,added,193.3,"-79.75701,40.60118 -79.75736,40.60127 -79.75755,40.60119 -79.75758,40.60101 -79.75713,40.59999"
weekday,kept,99.0,"-79.75697,40.59966 -79.75668,40.59916 -79.75623,40.59915"
weekday,kept,20.0,"-79.75648,40.59983 -79.75654,40.6"
weekday,kept,443.0,"-79.75404,40.60174 -79.75446,40.60238 -79.75437,40.6025 -79.75252,40.60309 -79.75313,40.60425 -79.75289,40.60448"
weekday,added,597.6,"-79.75269,40.60457 -79.74721,40.60705 -79.74751,40.60751"
weekday,kept,699.8,"-79.74739,40.60762 -79.74434,40.60899 -79.73983,40.61005"
weekday,added,1035.1,"-79.73961,40.6101 -79.73577,40.61099 -79.73582,40.61241 -79.73597,40.61294 -79.73692,40.61396 -79.73528,40.61464 -79.73621,40.61609"
weekday,added,974.2,"-79.73678,40.61687 -79.73711,40.61735 -79.737,40.61746 -79.73449,40.61846 -79.73166,40.62036 -79.72974,40.62193 -79.72889,40.62131"
weekday,kept,80.0,"-79.72872,40.62119 -79.72803,40.6207"
weekday,added,743.5,"-79.72786,40.62057 -79.72667,40.6197 -79.72616,40.62004 -79.72589,40.62029 -79.72662,40.62095 -79.7236,40.62295 -79.72357,40.62308 -79.72405,40.62347"
weekday,kept,473.1,"-79.72421,40.62361 -79.72431,40.62374 -79.7236,40.62421 -79.72173,40.62606 -79.72112,40.62622 -79.72085,40.62651 -79.72063,40.62645"
weekday,added,1309.2,"-79.72041,40.62638 -79.71954,40.62611 -79.71901,40.6258 -79.72197,40.62277 -79.72205,40.62245 -79.72166,40.62226 -79.721,40.62234 -79.72041,40.6229 -79.72022,40.62341 -79.72086,40.62391 -79.71903,40.62578 -79.71952,40.6261 -79.72039,40.62638"
weekday,kept,2669.4,"-79.72104,40.62659 -79.72107,40.62669 -79.71961,40.6276 -79.71746,40.62974 -79.71588,40.63107 -79.71231,40.63634 -79.71127,40.63891 -79.70911,40.64809"
weekday,added,395.3,"-79.70958,40.64807 -79.71024,40.64787 -79.71212,40.64783 -79.71223,40.64774 -79.71219,40.64629"
weekday,added,353.4,"-79.71218,40.64611 -79.71204,40.64439 -79.71111,40.64451 -79.71017,40.64442"
weekday,kept,738.8,"-79.71564,40.63169 -79.71799,40.62992 -79.72137,40.6267"
weekday,added,19.3,"-79.72204,40.62269 -79.72209,40.62252"
weekday,added,160.0,"-79.71973,40.62526 -79.72118,40.62618"
weekday,kept,80.0,"-79.73675,40.61683 -79.7363,40.6162"
weekday,kept,639.0,"-79.74765,40.6075 -79.75354,40.60485 -79.75321,40.60439"
weekday,kept,40.0,"-79.7569,40.6003 -79.75695,40.60066"
weekday,kept,20.0,"-79.75706,40.6002 -79.75696,40.60004"
weekday,added,20.0,"-79.75558,40.59795 -79.75547,40.59779"
weekday,added,20.0,"-79.75441,40.59619 -79.7543,40.59603"
weekday,added,20.0,"-79.75409,40.59571 -79.75398,40.59555"
weekday,added,920.0,"-79.76721,40.57363 -79.76522,40.56551"
weekday,kept,19.9,"-80.0307,40.44354 -80.03073,40.44336"
weekday,kept,7746.2,"-80.03079,40.44265 -80.03087,40.44249 -80.03164,40.44207 -80.03565,40.44059 -80.03514,40.43943 -80.03523,40.43871 -80.03565,40.43768 -80.0357,40.43643 -80.03598,40.43576 -80.03734,40.43596 -80.0382,40.43625 -80.03904,40.43659 -80.03986,40.43714 -80.041,40.43729 -80.04342,40.43799 -80.04479,40.43826 -80.04644,40.43828 -80.04784,40.43811 -80.04901,40.43815 -80.0496,40.43803 -80.05062,40.43758 -80.0512,40.4375 -80.05237,40.4376 -80.05339,40.43797 -80.05386,40.43796 -80.05395,40.43771 -80.05361,40.43729 -80.05049,40.43516 -80.05028,40.43439 -80.05053,40.43362 -80.05216,40.43243 -80.05328,40.43135 -80.05345,40.43074 -80.05353,40.42848 -80.05396,40.42774 -80.05713,40.42645 -80.06339,40.42638 -80.06402,40.42615 -80.0657,40.4249 -80.0672,40.4228 -80.06672,40.41986 -80.06609,40.41747 -80.06619,40.41712 -80.06658,40.41667 -80.06732,40.41623 -80.06814,40.416 -80.07136,40.41582 -80.07179,40.41571 -80.07292,40.41414 -80.07443,40.41309 -80.07489,40.41304 -80.07736,40.41343 -80.0786,40.4131 -80.07931,40.41269 -80.08073,40.4113 -80.08234,40.41025"
weekday,added,676.3,"-80.08252,40.41015 -80.08345,40.41092 -80.08855,40.40772"
weekday,kept,99.3,"-80.08874,40.40761 -80.08909,40.40737 -80.08966,40.40766"
weekday,kept,97.5,"-80.0895,40.4076 -80.08901,40.40726 -80.08868,40.40751"
weekday,added,40.0,"-80.08755,40.40817 -80.08718,40.40838"
weekday,added,40.0,"-80.08609,40.40907 -80.08573,40.40931"
weekday,added,9.0,"-80.08344,40.41085 -80.08334,40.41087"
weekday,kept,3242.6,"-80.08262,40.41007 -80.08363,40.40935 -80.08374,40.40666 -80.08372,40.40576 -80.08266,40.3989 -80.08453,40.39698 -80.08635,40.39609 -80.08692,40.39552 -80.0877,40.39329 -80.08796,40.39056 -80.08839,40.38964 -80.08909,40.38882 -80.09245,40.38671 -80.09291,40.38677 -80.09297,40.38688 -80.09268,40.38757 -80.09275,40.38769 -80.09409,40.38803"
weekday,added,173.7,"-80.09431,40.38807 -80.09469,40.38806 -80.09505,40.38721 -80.09461,40.38708"
weekday,kept,5256.3,"-80.09439,40.38702 -80.09285,40.38661 -80.0926,40.38632 -80.09337,40.3837 -80.0941,40.38218 -80.09601,40.37949 -80.09886,40.37454 -80.0998,40.37169 -80.10131,40.36958 -80.10191,40.36902 -80.10859,40.36529 -80.10909,40.3649 -80.11012,40.36349 -80.11217,40.35863 -80.11216,40.35849 -80.10973,40.35738 -80.10965,40.35726 -80.11034,40.35632 -80.10631,40.35355 -80.10544,40.3527 -80.10465,40.34917 -80.10361,40.34924"
weekday,kept,194.4,"-80.10359,40.34933 -80.10379,40.3504 -80.10464,40.35037"
weekday,kept,20.0,"-80.10953,40.36425 -80.1094,40.3644"
weekday,kept,40.0,"-80.10797,40.36551 -80.10759,40.36572"
weekday,kept,18.7,"-80.10724,40.36591 -80.10708,40.36603"
weekday,kept,40.0,"-80.09302,40.38474 -80.09292,40.38509"
weekday,kept,20.0,"-80.09269,40.38579 -80.09263,40.38596"
weekday,kept,55.0,"-80.09246,40.3863 -80.09237,40.3866 -80.09259,40.38666"
weekday,kept,97.6,"-80.09342,40.38694 -80.0931,40.38778"
weekday,kept,79.9,"-80.09212,40.38666 -80.09155,40.38723"
weekday,kept,19.8,"-80.08764,40.39319 -80.08756,40.39336"
weekday,kept,40.0,"-80.08741,40.39382 -80.08729,40.39416"
weekday,kept,20.0,"-80.08711,40.39469 -80.08704,40.39486"
weekday,kept,32.9,"-80.08645,40.39582 -80.08619,40.39604"
weekday,kept,20.0,"-80.07936,40.41265 -80.07919,40.41278"
weekday,kept,36.9,"-80.07113,40.41582 -80.07069,40.41581"
weekday,kept,38.5,"-80.0624,40.4264 -80.06195,40.42639"
weekday,kept,15.4,"-80.08904,40.40728 -80.0889,40.40737"
weekday,added,1938.0,"-80.0823,40.40995 -80.08047,40.40831 -80.07937,40.40799 -80.07752,40.40823 -80.0771,40.40809 -80.07518,40.40564 -80.07252,40.40447 -80.07024,40.40406 -80.06831,40.40274 -80.06716,40.40059 -80.06573,40.39998"
weekday,kept,1014.8,"-80.06552,40.3999 -80.06509,40.39974 -80.06493,40.39978 -80.06389,40.40076 -80.06152,40.4025 -80.06046,40.4029 -80.05689,40.40382 -80.0557,40.4044"
weekday,added,1159.1,"-80.0556,40.40424 -80.05512,40.40286 -80.0547,40.40243 -80.05412,40.40212 -80.05321,40.40194 -80.05134,40.402 -80.04951,40.4012 -80.04568,40.40027 -80.0445,40.39968"
weekday,kept,719.6,"-80.04455,40.39953 -80.04508,40.39873 -80.04646,40.39587 -80.04631,40.3939 -80.04596,40.39343"
weekday,added,499.9,"-80.04585,40.39327 -80.04354,40.39014 -80.0426,40.38962"
weekday,kept,1116.0,"-80.04239,40.38953 -80.04169,40.38953 -80.04115,40.38987 -80.03852,40.39167 -80.03568,40.39407 -80.03358,40.39551 -80.03321,40.39574 -80.03254,40.39569"
weekday,added,819.5,"-80.03231,40.39565 -80.03047,40.39531 -80.02796,40.39433 -80.0268,40.3942 -80.02633,40.39425 -80.02549,40.39458 -80.02438,40.39525 -80.02388,40.39585"
weekday,kept,1872.9,"-80.02378,40.39601 -80.02367,40.39616 -80.02303,40.39596 -80.01789,40.39225 -80.01708,40.3919 -80.01591,40.39179 -80.01432,40.39211 -80.01085,40.39223 -80.01074,40.39169 -80.01038,40.39123 -80.00835,40.39001 -80.00727,40.38863 -80.00666,40.38841"
weekday,added,1019.4,"-80.00642,40.3884 -80.0043,40.3883 -80.00321,40.388 -80.00127,40.38619 -79.99973,40.38536 -79.99906,40.38485 -79.99815,40.3836 -79.99749,40.38309"
weekday,kept,2434.0,"-79.99732,40.38296 -79.99605,40.38251 -79.99552,40.38137 -79.99426,40.38007 -79.99348,40.37896 -79.99295,40.37861 -79.99204,40.37842 -79.98968,40.37839 -79.98834,40.37805 -79.98485,40.37655 -79.98334,40.37542 -79.98235,40.374 -79.98198,40.37242 -79.98201,40.3717 -79.98225,40.37082 -79.98348,40.36831 -79.98303,40.36819"
weekday,added,159.7,"-79.98281,40.36812 -79.98229,40.36776 -79.98165,40.36702"
weekday,kept,1954.8,"-79.98148,40.36689 -79.98114,40.36664 -79.98097,40.36666 -79.98042,40.367 -79.97865,40.36749 -79.9761,40.36878 -79.97563,40.36918 -79.97524,40.36983 -79.97515,40.37054 -79.97553,40.37376 -79.97546,40.37915 -79.97578,40.38038 -79.97616,40.38038 -79.97623,40.38055 -79.97628,40.38073 -79.97608,40.38093"
weekday,kept,40.0,"-79.97596,40.38089 -79.97584,40.38054"
weekday,kept,20.0,"-79.99086,40.37852 -79.9911,40.37851"
weekday,kept,20.0,"-79.99406,40.38003 -79.99415,40.3802"
weekday,kept,259.7,"-79.99433,40.38053 -79.99494,40.38188 -79.9952,40.38218 -79.99581,40.38245"
weekday,kept,20.0,"-80.0449,40.39885 -80.04477,40.399"
weekday,kept,20.0,"-80.04453,40.39931 -80.04441,40.39947"
weekday,kept,20.0,"-80.0641,40.40058 -80.06427,40.40045"
weekday,kept,99.9,"-80.09381,40.38795 -80.09416,40.3871"
weekday,kept,19.8,"-80.09164,40.38718 -80.09149,40.38731"
weekday,kept,199.7,"-80.09083,40.38747 -80.08884,40.38654"
weekday,added,919.0,"-80.08875,40.38643 -80.08893,40.3861 -80.08983,40.38552 -80.09073,40.38426 -80.0908,40.38373 -80.09035,40.38216 -80.09106,40.38083 -80.09187,40.37973 -80.09213,40.37904"
weekday,kept,4764.7,"-80.09217,40.37887 -80.09187,40.37839 -80.0909,40.37761 -80.0868,40.37463 -80.08469,40.37387 -80.08344,40.37236 -80.08258,40.37174 -80.08189,40.37181 -80.08035,40.37139 -80.07966,40.3715 -80.0768,40.37234 -80.07641,40.37254 -80.07522,40.37365 -80.07465,40.37397 -80.07209,40.37488 -80.06893,40.3756 -80.06383,40.3788 -80.06332,40.3796 -80.06288,40.38001 -80.05952,40.38133 -80.05709,40.38243 -80.05591,40.38417 -80.05535,40.38449 -80.05337,40.38487 -80.0528,40.38389 -80.05234,40.38249 -80.0526,40.38126 -80.05259,40.38036 -80.05247,40.38028 -80.05206,40.38045"
weekday,added,659.8,"-80.05185,40.38054 -80.04935,40.38154 -80.04653,40.38173 -80.04443,40.38151"
weekday,kept,919.6,"-80.04425,40.38156 -80.04377,40.38368 -80.04399,40.38564 -80.04359,40.38741 -80.04281,40.38851 -80.04191,40.38934"
weekday,kept,20.0,"-80.03669,40.39323 -80.03653,40.39336"
weekday,kept,6879.1,"-80.03308,40.39581 -80.03213,40.39633 -80.03059,40.39678 -80.02593,40.39851 -80.02376,40.40016 -80.02235,40.40159 -80.01944,40.40395 -80.01905,40.4046 -80.01801,40.4081 -80.01766,40.40857 -80.016,40.41008 -80.01532,40.41057 -80.01174,40.41149 -80.01104,40.41195 -80.01085,40.41247 -80.01085,40.413 -80.01185,40.41651 -80.01166,40.41775 -80.01127,40.41841 -80.01084,40.41883 -80.0096,40.41966 -80.00713,40.42104 -80.00654,40.42159 -80.00632,40.4221 -80.00432,40.43186 -80.00416,40.43197 -80.00393,40.43194 -80.00219,40.43102 -80.00176,40.43089 -80.00164,40.43102 -80.00385,40.43218 -80.00028,40.43764 -80.00016,40.43777 -79.99484,40.43583"
weekday,kept,20.0,"-79.96142,40.43834 -79.96125,40.43846"
weekday,kept,20.0,"-79.95697,40.44156 -79.95681,40.44169"
weekday,kept,759.1,"-79.95153,40.44669 -79.94851,40.44701 -79.94264,40.44741"
weekday,kept,139.6,"-79.97304,40.43699 -79.97374,40.43701 -79.97447,40.43658"
weekday,kept,119.9,"-79.97504,40.43628 -79.97644,40.4361"
weekday,kept,120.0,"-79.9769,40.43605 -79.9783,40.43589"
weekday,kept,1319.8,"-79.97877,40.43583 -79.98296,40.43527 -79.98594,40.43475 -79.98853,40.43457 -79.99206,40.43477 -79.99274,40.43491 -79.99401,40.43539"
weekday,kept,15.4,"-79.99697,40.43651 -79.99709,40.43661"
weekday,kept,20.0,"-80.00244,40.43446 -80.00255,40.4343"
weekday,kept,17.0,"-80.00393,40.43222 -80.00408,40.43211"
weekday,kept,19.9,"-80.01556,40.41045 -80.01573,40.41032"
weekday,kept,19.9,"-80.02378,40.40014 -80.02394,40.40001"
weekday,kept,20.0,"-80.02528,40.399 -80.02545,40.39887"
weekday,kept,119.7,"-80.0927,40.38695 -80.09227,40.38758 -80.09272,40.3877"
weekday,kept,379.7,"-80.0443,40.38136 -80.04446,40.38067 -80.04293,40.38035 -80.04308,40.38184"
weekday,kept,178.6,"-80.04304,40.38202 -80.04296,40.38307 -80.04364,40.38319"
weekday,kept,20.0,"-80.02519,40.39906 -80.02502,40.39918"
weekday,kept,20.0,"-80.02245,40.40151 -80.02229,40.40164"
weekday,kept,19.0,"-80.0019,40.43091 -80.00168,40.43092"
weekday,kept,19.9,"-79.94748,40.44708 -79.94724,40.44708"
weekday,kept,19.4,"-80.04299,40.38058 -80.04311,40.38043"
weekday,kept,1395.2,"-80.05354,40.38512 -80.05469,40.38723 -80.05152,40.38794 -80.04905,40.389 -80.04833,40.38946 -80.04744,40.39071 -80.04697,40.39229 -80.04697,40.39317 -80.04636,40.39371 -80.04632,40.39389"
weekday,kept,5439.4,"-80.04429,40.39961 -80.04083,40.40325 -80.03988,40.40405 -80.03328,40.40751 -80.03259,40.40823 -80.03176,40.40972 -80.03022,40.41405 -80.02991,40.41547 -80.02954,40.42391 -80.03021,40.42746 -80.02974,40.42847 -80.02678,40.43052 -80.01328,40.43777"
weekday,kept,40.0,"-80.01412,40.43748 -80.01452,40.43728"
weekday,kept,140.0,"-80.01491,40.43708 -80.01626,40.43636"
weekday,kept,140.0,"-80.01704,40.43594 -80.01839,40.43522"
weekday,kept,40.0,"-80.01878,40.43502 -80.01916,40.43481"
weekday,kept,60.0,"-80.01994,40.4344 -80.02052,40.43409"
weekday,kept,40.0,"-80.0209,40.43388 -80.02129,40.43368"
weekday,kept,100.0,"-80.02206,40.43326 -80.02303,40.43275"
weekday,kept,40.0,"-80.02381,40.43234 -80.02419,40.43213"
weekday,kept,60.0,"-80.02458,40.43192 -80.02516,40.43162"
weekday,kept,40.0,"-80.02593,40.4312 -80.02632,40.431"
weekday,kept,1079.4,"-80.02671,40.43079 -80.02882,40.42965 -80.02963,40.429 -80.03048,40.42792 -80.03111,40.42638 -80.0313,40.42532 -80.03108,40.42501 -80.03009,40.42425 -80.02969,40.42286"
weekday,kept,260.0,"-80.02988,40.41837 -80.03,40.41603"
weekday,kept,40.0,"-80.03021,40.41443 -80.03032,40.41408"
weekday,kept,20.0,"-80.03077,40.41268 -80.03083,40.41251"
weekday,kept,20.0,"-80.03135,40.41094 -80.03142,40.41077"
weekday,kept,20.0,"-80.03225,40.40909 -80.03234,40.40892"
weekday,kept,40.0,"-80.03417,40.40711 -80.03456,40.40691"
weekday,kept,60.0,"-80.03947,40.40441 -80.04001,40.40407"
weekday,kept,19.5,"-80.04314,40.38314 -80.04294,40.38306"
weekday,kept,4933.9,"-80.03463,40.44063 -80.03437,40.44014 -80.03465,40.43692 -80.03383,40.43605 -80.03401,40.435 -80.03457,40.43471 -80.03692,40.43466 -80.03747,40.43433 -80.0382,40.43282 -80.03885,40.43187 -80.03983,40.42947 -80.04036,40.42888 -80.04129,40.42833 -80.04149,40.42801 -80.04154,40.42747 -80.04132,40.42623 -80.04148,40.42589 -80.04635,40.42175 -80.04643,40.42087 -80.04621,40.41963 -80.04502,40.4169 -80.04502,40.41439 -80.04518,40.41369 -80.04644,40.41117 -80.04704,40.41062 -80.05563,40.40446"
weekday,kept,1518.8,"-80.065,40.3997 -80.0655,40.39869 -80.06627,40.3957 -80.06631,40.39498 -80.06605,40.39375 -80.06631,40.39325 -80.06747,40.39237 -80.06808,40.3921 -80.07108,40.39164 -80.07369,40.39081 -80.07462,40.39072"
weekday,added,1019.3,"-80.07486,40.39073 -80.07739,40.39113 -80.07878,40.39097 -80.07964,40.39067 -80.08086,40.38984 -80.08276,40.38715 -80.08379,40.38642"
weekday,kept,379.9,"-80.08399,40.38634 -80.08559,40.38606 -80.08838,40.38643"
weekday,kept,318.4,"-80.10729,40.36615 -80.10827,40.36716 -80.10853,40.3676 -80.10972,40.36695"
weekday,kept,198.8,"-80.10973,40.36686 -80.1084,40.36541"
weekday,kept,134.9,"-80.06659,40.39294 -80.06574,40.39324 -80.06586,40.39371"
weekday,kept,19.9,"-80.04986,40.40862 -80.0497,40.40875"
weekday,kept,99.5,"-80.04636,40.42064 -80.04633,40.42153"
weekday,kept,215.1,"-80.03426,40.44025 -80.03256,40.44087 -80.03274,40.44134"
weekday,kept,260.0,"-79.9987,40.43997 -80.00011,40.43789"
weekday,kept,2611.1,"-80.01088,40.41344 -80.00914,40.41251 -80.0087,40.4121 -80.00873,40.41198 -80.00956,40.41164 -80.01059,40.41066 -80.01135,40.41024 -80.01333,40.40967 -80.01452,40.4091 -80.01515,40.40814 -80.01493,40.40618 -80.01543,40.40369 -80.01613,40.40217 -80.01714,40.40143 -80.01897,40.40111 -80.01955,40.40082 -80.02078,40.3995 -80.02293,40.39785 -80.02362,40.39632"
weekday,kept,992.6,"-80.01079,40.39228 -80.00584,40.39242 -80.00518,40.39228 -80.00459,40.3915 -80.00419,40.39132 -80.00043,40.39109 -80.00029,40.39116 -80.00026,40.39151"
weekday,kept,394.5,"-80.00025,40.39166 -80.00485,40.39201"
weekday,kept,20.0,"-80.01907,40.39309 -80.01923,40.39321"
weekday,kept,793.6,"-80.00104,40.43679 -80.0026,40.43745 -79.99921,40.44258"
weekday,kept,1971.1,"-79.97865,40.46928 -79.98192,40.46471 -79.9822,40.46453 -79.9823,40.46418 -79.98342,40.4626 -79.98503,40.46129 -79.98467,40.46065 -79.98792,40.45805 -79.99129,40.45677 -79.99241,40.45612"
weekday,kept,134.6,"-79.99344,40.45569 -79.99456,40.45541 -79.99458,40.45512"
weekday,kept,19.5,"-79.98234,40.46411 -79.98223,40.46426"
weekday,kept,8345.1,"-80.02721,40.43897 -80.02734,40.43906 -80.02685,40.44058 -80.02523,40.44033 -80.02464,40.44086 -80.02372,40.44069 -80.02218,40.43986 -80.02134,40.43923 -80.0193,40.43834 -80.01564,40.43638 -80.01647,40.43214 -80.01049,40.43111 -80.00737,40.42949 -80.00733,40.42883 -80.00824,40.42863 -80.00881,40.42788 -80.00903,40.42663 -80.00969,40.4251 -80.01236,40.42237 -80.0139,40.41785 -80.01309,40.41581 -80.01105,40.41565 -80.01131,40.41779 -80.01106,40.41809 -80.00908,40.41963 -80.00651,40.42053 -80.00537,40.42076 -80.00256,40.42104 -79.99926,40.42103 -79.998,40.42152 -79.99732,40.42167 -79.99237,40.42184 -79.9915,40.42243 -79.98925,40.42342 -79.98856,40.4239 -79.98844,40.42424 -79.98863,40.42456 -79.98905,40.42471 -79.98997,40.42477 -79.99033,40.425 -79.99066,40.42547 -79.99218,40.42632 -79.99355,40.42652 -79.99426,40.42722 -79.99621,40.42784 -80.00094,40.43048 -80.0016,40.43099"
weekday,kept,217.4,"-80.02523,40.44031 -80.02657,40.43886 -80.02679,40.43891"
weekday,added,297.7,"-79.97379,40.41055 -79.97372,40.4109 -79.9739,40.41097 -79.97549,40.41133 -79.97666,40.41144"
weekday,kept,4040.3,"-79.97689,40.41147 -79.97724,40.41158 -79.97706,40.41246 -79.97785,40.41309 -79.97916,40.4135 -79.98765,40.41328 -79.98777,40.41337 -79.98787,40.41444 -79.98805,40.41476 -79.98815,40.41655 -79.98826,40.41666 -79.99699,40.41642 -79.99718,40.41645 -79.99733,40.41672 -80.00488,40.41658 -80.00493,40.41728 -80.00544,40.41867 -80.00539,40.41915 -80.00224,40.41992 -79.99735,40.42006 -79.99738,40.42149"
weekday,kept,339.0,"-80.00261,40.42118 -80.00342,40.42152 -80.00506,40.42144 -80.00644,40.42159"
weekday,kept,60.0,"-80.00043,40.41995 -80.00113,40.41994"
weekday,kept,458.0,"-79.99061,40.41654 -79.99052,40.41439 -79.98797,40.41452"
weekday,kept,559.2,"-79.9877,40.41395 -79.9818,40.41413 -79.98177,40.4136"
weekday,kept,194.2,"-79.97729,40.41135 -79.97728,40.40964"
weekday,added,379.6,"-79.97705,40.40962 -79.97401,40.40931 -79.97382,40.41038"
weekday,kept,119.7,"-79.92088,40.45976 -79.92203,40.45913"
weekday,added,679.6,"-79.92208,40.45896 -79.92256,40.45593 -79.92088,40.45316"
weekday,kept,1971.9,"-79.92078,40.453 -79.92079,40.45288 -79.92216,40.45265 -79.92759,40.45046 -79.93567,40.44795 -79.94247,40.44743"
weekday,kept,4720.3,"-79.96602,40.43681 -79.96683,40.43646 -79.96872,40.43645 -79.97277,40.43769 -79.97388,40.43183 -79.97352,40.4297 -79.97364,40.42863 -79.97377,40.42849 -79.97422,40.4284 -79.98054,40.42877 -79.98087,40.42502 -79.97798,40.42438 -79.9777,40.42391 -79.97779,40.42302 -79.97856,40.42212 -79.98006,40.42126 -79.9807,40.42102 -79.98116,40.42097 -79.98395,40.42187 -79.98482,40.42127 -79.98606,40.42075 -79.98661,40.42018 -79.98755,40.41964 -79.98754,40.41932 -79.98633,40.41876 -79.98623,40.4186 -79.98649,40.41754 -79.98772,40.41483"
weekday,kept,4317.4,"-79.98809,40.41438 -79.98957,40.41213 -79.99125,40.40839 -79.99233,40.40642 -79.99129,40.40571 -79.99075,40.40513 -79.98939,40.40225 -79.98898,40.39922 -79.98639,40.3944 -79.98661,40.39226 -79.98656,40.39119 -79.98502,40.38857 -79.98439,40.38781 -79.98315,40.38699 -79.98059,40.38678 -79.97888,40.38582 -79.97711,40.38329 -79.97605,40.3811"
weekday,kept,20.0,"-79.98679,40.41681 -79.98671,40.41698"
weekday,kept,19.8,"-79.9861,40.42071 -79.98591,40.42081"
weekday,kept,19.9,"-79.97475,40.42839 -79.97452,40.42838"
weekday,kept,258.6,"-79.97406,40.42839 -79.97359,40.42835 -79.9735,40.42851 -79.97339,40.42958 -79.97351,40.43029"
weekday,kept,120.0,"-79.9737,40.43118 -79.97364,40.43225"
weekday,kept,60.0,"-79.9735,40.43296 -79.97339,40.43349"
weekday,kept,100.0,"-79.97319,40.43419 -79.97295,40.43507"
weekday,kept,120.0,"-79.97289,40.43543 -79.97269,40.4365"
weekday,kept,57.6,"-79.97262,40.43685 -79.9725,40.437 -79.97208,40.43699"
weekday,kept,40.0,"-79.97081,40.43652 -79.97037,40.4364"
weekday,kept,20.0,"-79.96903,40.43605 -79.9688,40.436"
weekday,kept,180.0,"-79.9674,40.43585 -79.96528,40.43582"
weekday,kept,23400.3,"-79.8857,40.27307 -79.88523,40.27347 -79.88472,40.27319 -79.88456,40.27288 -79.8847,40.27274 -79.88513,40.2728 -79.8862,40.27397 -79.88967,40.27613 -79.88987,40.27662 -79.88734,40.27873 -79.88143,40.28231 -79.88007,40.28331 -79.87935,40.28402 -79.87741,40.28669 -79.87568,40.29022 -79.87487,40.29229 -79.87714,40.29259 -79.87808,40.29261 -79.8808,40.29201 -79.88126,40.292 -79.883,40.29254 -79.88875,40.29357 -79.88901,40.29273 -79.88938,40.29228 -79.88964,40.29158 -79.88989,40.29016 -79.89052,40.28941 -79.89319,40.28738 -79.89475,40.28698 -79.89596,40.28647 -79.89608,40.28681 -79.89566,40.28744 -79.89558,40.28797 -79.89587,40.28845 -79.8962,40.28852 -79.89617,40.28869 -79.8963,40.28879 -79.89646,40.28869 -79.89641,40.28852 -79.8958,40.28838 -79.89561,40.28806 -79.89562,40.28754 -79.89609,40.28673 -79.89589,40.28648 -79.89488,40.28694 -79.89311,40.28743 -79.89123,40.28879 -79.89006,40.28991 -79.88986,40.29024 -79.8894,40.29233 -79.89009,40.29242 -79.89239,40.29201 -79.89451,40.29204 -79.89633,40.29241 -79.90016,40.2938 -79.90273,40.29361 -79.90422,40.29445 -79.90632,40.29466 -79.90726,40.29456 -79.90795,40.29463 -79.90819,40.29461 -79.90849,40.29434 -79.9095,40.29272 -79.91034,40.29186 -79.91135,40.2911 -79.91175,40.29092 -79.91291,40.29075 -79.91375,40.29104 -79.91549,40.29246 -79.9151,40.29264 -79.91392,40.29269 -79.91277,40.29254 -79.91247,40.29269 -79.91156,40.29257 -79.91109,40.29296 -79.91072,40.29362 -79.91056,40.29432 -79.91064,40.29482 -79.91032,40.29508 -79.91013,40.29501 -79.91043,40.29454 -79.91076,40.29349 -79.91117,40.29285 -79.9115,40.2926 -79.91196,40.29255 -79.9126,40.29269 -79.91271,40.29253 -79.91361,40.2927 -79.91502,40.29264 -79.9156,40.29249 -79.91751,40.29408 -79.92078,40.29866 -79.92152,40.29957 -79.92216,40.3001 -79.92296,40.30049 -79.92385,40.30072 -79.92808,40.30084 -79.9298,40.30142 -79.93142,40.30272 -79.9351,40.30623 -79.93693,40.30914 -79.94389,40.32499 -79.94658,40.33428 -79.94713,40.33546 -79.94752,40.33591 -79.94818,40.33642 -79.94919,40.33689 -79.95453,40.33878 -79.95615,40.33901 -79.95993,40.33893 -79.96109,40.33908 -79.9622,40.33938 -79.9636,40.34004 -79.96595,40.3418 -79.96608,40.34195 -79.966,40.34211 -79.96563,40.34232 -79.96543,40.34226 -79.96546,40.34193 -79.96759,40.34001 -79.96908,40.33777 -79.97012,40.33706 -79.97291,40.33608 -79.97382,40.33591 -79.97476,40.33594 -79.97893,40.33654 -79.97904,40.33663 -79.97913,40.33843 -79.97944,40.33891 -79.98102,40.34023 -79.98123,40.3411 -79.9812,40.342 -79.9813,40.34209 -79.98502,40.34161 -79.98511,40.34173 -79.98526,40.34262 -79.98519,40.34441 -79.98551,40.34488 -79.98636,40.3455 -79.98662,40.34599 -79.98629,40.34703 -79.98634,40.34756 -79.98707,40.34869 -79.99109,40.35617 -79.99063,40.35828 -79.99085,40.36097 -79.99098,40.36108 -79.99144,40.36099"
weekday,added,819.0,"-79.99167,40.36098 -79.99304,40.36124 -79.9937,40.36108 -79.99514,40.35944 -79.99624,40.35851 -79.99819,40.35749 -79.99911,40.35752"
weekday,kept,2552.6,"-79.99933,40.35758 -79.99968,40.35776 -80.0006,40.35921 -80.00079,40.36009 -80.00023,40.36348 -79.9994,40.36495 -79.99942,40.36638 -79.99918,40.36745 -79.99838,40.36932 -79.99769,40.37026 -79.99718,40.37146 -79.99584,40.37315 -79.99523,40.37488 -79.99401,40.37593 -79.99412,40.37682 -79.99363,40.37821 -79.99291,40.37863"
weekday,kept,3576.2,"-79.99655,40.38264 -79.99667,40.38294 -79.99608,40.38391 -79.99581,40.38605 -79.99602,40.38656 -79.99744,40.38799 -79.99791,40.38881 -79.99817,40.38987 -79.99828,40.39202 -79.99869,40.39379 -79.99938,40.39493 -80.00017,40.39682 -80.00107,40.39848 -80.00143,40.40025 -80.00241,40.40339 -80.00328,40.40445 -80.00504,40.40565 -80.00563,40.4062 -80.0059,40.40689 -80.0058,40.40832 -80.00593,40.40884 -80.00629,40.40931 -80.00739,40.40998 -80.00783,40.41039 -80.00855,40.41191"
weekday,kept,60.0,"-79.99377,40.37899 -79.99361,40.37847"
weekday,added,19.9,"-79.99853,40.35744 -79.9983,40.35746"
weekday,added,19.9,"-79.99394,40.36088 -79.99379,40.36102"
weekday,kept,20.0,"-79.97978,40.33922 -79.97963,40.33908"
weekday,kept,40.0,"-79.97792,40.33636 -79.97746,40.33629"
weekday,kept,20.0,"-79.9763,40.33611 -79.97607,40.33607"
weekday,kept,40.0,"-79.97491,40.33589 -79.97445,40.33584"
weekday,kept,40.0,"-79.97374,40.33585 -79.97327,40.33591"
weekday,kept,20.0,"-79.97025,40.33691 -79.97004,40.337"
weekday,kept,40.0,"-79.96725,40.34026 -79.96696,40.34054"
weekday,kept,158.1,"-79.96632,40.34107 -79.96609,40.34108 -79.96553,40.34077 -79.96509,40.34086 -79.96465,40.34076"
weekday,kept,20.0,"-79.95221,40.33791 -79.952,40.33783"
weekday,kept,20.0,"-79.94989,40.33702 -79.94968,40.33694"
weekday,kept,20.0,"-79.94926,40.33677 -79.94905,40.33669"
weekday,kept,40.0,"-79.94864,40.33652 -79.94826,40.3363"
weekday,kept,20.0,"-79.92085,40.29856 -79.92074,40.2984"
weekday,kept,20.0,"-79.91996,40.29729 -79.91985,40.29713"
weekday,kept,20.0,"-79.91963,40.29681 -79.91952,40.29665"
weekday,kept,20.0,"-79.91819,40.29475 -79.91808,40.29459"
weekday,kept,60.0,"-79.91616,40.29278 -79.91567,40.2924"
weekday,kept,40.0,"-79.91516,40.29199 -79.91483,40.29173"
weekday,kept,79.0,"-79.91384,40.29096 -79.91351,40.29071 -79.91305,40.29074"
weekday,kept,40.0,"-79.9074,40.29455 -79.90693,40.2946"
weekday,kept,60.0,"-79.89132,40.28875 -79.89179,40.28835"
weekday,kept,74.0,"-79.89616,40.28862 -79.89621,40.28878 -79.89642,40.28875 -79.8963,40.28846"
weekday,kept,59.5,"-79.88879,40.29314 -79.88826,40.29346"
weekday,kept,20.0,"-79.88867,40.27767 -79.88884,40.27755"
weekday,kept,877.8,"-79.88973,40.27696 -79.89108,40.27624 -79.89358,40.27522 -79.89389,40.27497 -79.89388,40.27479 -79.89349,40.27467 -79.89122,40.27595 -79.89078,40.27609 -79.89008,40.27611 -79.88945,40.27587"
weekday,kept,19.9,"-79.88615,40.27383 -79.886,40.2737"
weekday,kept,20.0,"-79.88536,40.27295 -79.88528,40.27278"
weekday,kept,217.7,"-79.88513,40.27244 -79.88518,40.2721 -79.88539,40.27203 -79.88632,40.27256 -79.88584,40.27296"
weekday,kept,1819.7,"-80.00146,40.43095 -79.99522,40.42881 -79.99407,40.4286 -79.98227,40.42886 -79.98062,40.42878"
weekday,kept,4600.9,"-79.97336,40.4283 -79.97125,40.42821 -79.9684,40.42743 -79.9699,40.42408 -79.96857,40.42371 -79.96779,40.4233 -79.96755,40.423 -79.96688,40.42287 -79.96588,40.4224 -79.96394,40.4211 -79.96474,40.41886 -79.96544,40.41839 -79.96658,40.41821 -79.96689,40.41799 -79.96678,40.41784 -79.96562,40.41768 -79.96542,40.41738 -79.96703,40.41718 -79.97052,40.41766 -79.97589,40.41714 -79.97672,40.41775 -79.97859,40.41794 -79.98092,40.4177 -79.98634,40.41757 -79.9883,40.41857 -79.9904,40.42001 -79.99136,40.42053 -79.99198,40.42108 -79.99233,40.42174"
weekday,kept,99.1,"-80.00525,40.42144 -80.00615,40.42132 -80.0062,40.42114"
weekday,kept,99.2,"-80.00612,40.42101 -80.00567,40.42095 -80.00512,40.42128"
weekday,kept,3368.6,"-79.9836,40.36809 -79.98464,40.36589 -79.98471,40.36518 -79.98459,40.36465 -79.98261,40.36139 -79.98159,40.36097 -79.98101,40.3598 -79.98055,40.35946 -79.98016,40.35991 -79.97974,40.36129 -79.97921,40.36189 -79.97863,40.36219 -79.97753,40.36252 -79.97429,40.36398 -79.97314,40.36407 -79.97251,40.36383 -79.97104,40.36292 -79.97035,40.3628 -79.96966,40.36288 -79.96817,40.36342 -79.96692,40.36492 -79.96704,40.36526 -79.96811,40.36596 -79.96816,40.3663 -79.96714,40.36729 -79.9664,40.36773 -79.96528,40.36799 -79.9646,40.36789 -79.96415,40.36749 -79.96407,40.36714 -79.96419,40.36679"
weekday,added,297.1,"-79.96432,40.36664 -79.96536,40.36626 -79.96596,40.36575 -79.9651,40.3649"
weekday,kept,5485.2,"-79.96496,40.36475 -79.96441,40.36417 -79.96448,40.36383 -79.96434,40.36349 -79.96272,40.36173 -79.95911,40.35915 -79.9573,40.3575 -79.9557,40.3568 -79.95562,40.35664 -79.95603,40.3558 -79.95626,40.35474 -79.95626,40.35366 -79.95613,40.35333 -79.9541,40.3529 -79.95047,40.35061 -79.94964,40.35028 -79.94804,40.34996 -79.9478,40.34967 -79.94763,40.34879 -79.94723,40.34817 -79.9449,40.34833 -79.94474,40.3473 -79.94411,40.34707 -79.94358,40.34671 -79.9418,40.3446 -79.94075,40.34391 -79.94065,40.34346 -79.94076,40.34336 -79.94241,40.34329 -79.94285,40.3434 -79.94361,40.34406 -79.94407,40.34412 -79.94492,40.34397 -79.94476,40.34326 -79.94386,40.3418 -79.94393,40.34164 -79.94473,40.34126 -79.94393,40.34164 -79.94386,40.3418 -79.94476,40.34326 -79.94492,40.34397 -79.9465,40.34399 -79.94741,40.34418 -79.94823,40.34453 -79.94919,40.34531 -79.95057,40.3474 -79.95092,40.34726 -79.95154,40.3465 -79.95194,40.34665"
weekday,kept,1396.3,"-79.95231,40.34726 -79.95173,40.34779 -79.95219,40.34769 -79.96114,40.34489 -79.96292,40.34401 -79.96518,40.34218"
weekday,kept,20.0,"-79.98438,40.3419 -79.98434,40.34172"
weekday,kept,40.0,"-79.96492,40.34229 -79.9646,40.34256"
weekday,kept,20.0,"-79.95754,40.34595 -79.95732,40.34602"
weekday,kept,20.0,"-79.95688,40.34615 -79.95666,40.34622"
weekday,kept,20.0,"-79.9525,40.34749 -79.95228,40.34756"
weekday,kept,372.7,"-79.9516,40.34771 -79.94951,40.34795 -79.94912,40.34777 -79.94907,40.34747 -79.95045,40.34749"
weekday,kept,76.3,"-79.94071,40.34384 -79.9407,40.3442 -79.9408,40.34432 -79.94104,40.34431"
weekday,kept,39.7,"-79.94475,40.34806 -79.94474,40.34842"
weekday,kept,100.0,"-79.9461,40.34836 -79.94727,40.34828"
weekday,kept,19.5,"-79.9562,40.35342 -79.95627,40.35359"
weekday,kept,20.0,"-79.98067,40.35948 -79.98084,40.35961"
weekday,kept,20.0,"-79.98029,40.46396 -79.98017,40.46411"
weekday,kept,20.0,"-79.97878,40.46579 -79.97866,40.46594"
weekday,kept,20.0,"-79.97792,40.46686 -79.9778,40.46701"
weekday,kept,20.0,"-79.96826,40.47837 -79.96845,40.47847"
weekday,kept,20.0,"-79.96944,40.47788 -79.96963,40.47799"
weekday,added,1094.6,"-79.96983,40.47809 -79.97497,40.48094 -79.97294,40.48314 -79.97303,40.4851 -79.97272,40.4853"
weekday,kept,20.0,"-79.97251,40.48537 -79.97229,40.48544"
weekday,kept,2953.5,"-79.94393,40.49648 -79.94187,40.49679 -79.94018,40.49581 -79.93958,40.49528 -79.93854,40.49566 -79.93577,40.49466 -79.93224,40.49456 -79.93118,40.49422 -79.92437,40.49476 -79.9232,40.49473 -79.92039,40.49444 -79.91372,40.49328 -79.9116,40.49314 -79.9107,40.49294"
weekday,kept,60.0,"-79.96371,40.43761 -79.96322,40.43722"
weekday,kept,8499.5,"-79.94276,40.44461 -79.93885,40.44393 -79.93337,40.43809 -79.93285,40.43774 -79.92721,40.43808 -79.92299,40.43805 -79.92283,40.43482 -79.92353,40.42946 -79.92487,40.42821 -79.92589,40.42777 -79.92761,40.42629 -79.92877,40.42281 -79.92884,40.42192 -79.92825,40.41982 -79.92814,40.41968 -79.9272,40.41962 -79.9261,40.41806 -79.92567,40.41632 -79.92445,40.415 -79.92066,40.4123 -79.91416,40.40739 -79.91897,40.40369 -79.91943,40.40364 -79.92017,40.40407 -79.9205,40.40454 -79.92052,40.40507 -79.91947,40.40688 -79.91865,40.40775 -79.91479,40.41066 -79.91085,40.41228 -79.90864,40.41291 -79.90848,40.41289 -79.90795,40.41151"
weekday,added,270.2,"-79.90788,40.41134 -79.9076,40.41065 -79.90779,40.41058 -79.90889,40.41036 -79.90938,40.41092"
weekday,added,160.0,"-79.9095,40.41106 -79.91054,40.41226"
weekday,kept,100.0,"-79.91687,40.40912 -79.9177,40.40849"
weekday,kept,20.0,"-79.91836,40.40797 -79.91852,40.40785"
weekday,kept,38.7,"-79.91965,40.40364 -79.91933,40.40339"
weekday,kept,20.0,"-79.92006,40.40398 -79.92022,40.40411"
weekday,kept,20.0,"-79.9186,40.40779 -79.91843,40.40792"
weekday,kept,100.0,"-79.91778,40.40844 -79.91694,40.40907"
weekday,kept,538.0,"-79.91392,40.41105 -79.91345,40.41103 -79.91305,40.41086 -79.91231,40.40974 -79.91223,40.4092 -79.91246,40.4087 -79.91411,40.40743"
weekday,kept,19.8,"-79.92557,40.41636 -79.92567,40.41653"
weekday,kept,19.0,"-79.9387,40.44384 -79.93889,40.44394"
weekday,kept,19.9,"-79.9639,40.43779 -79.96376,40.43765"
weekday,kept,1818.9,"-79.93239,40.36177 -79.93519,40.35741 -79.93595,40.35673 -79.9377,40.35553 -79.94127,40.35151 -79.94237,40.35058 -79.94415,40.3494 -79.94479,40.34866"
weekday,kept,1095.5,"-79.94485,40.34835 -79.93946,40.3488 -79.93925,40.34871 -79.93906,40.3484 -79.9392,40.34643 -79.93882,40.34485 -79.9395,40.34474 -79.94076,40.34428"
weekday,kept,235.5,"-79.94503,40.34116 -79.94612,40.3409 -79.94615,40.34072 -79.94491,40.34121"
weekday,kept,19.9,"-79.94845,40.34467 -79.94863,40.34478"
weekday,kept,412.0,"-79.9488,40.34753 -79.94723,40.3477 -79.94732,40.34822 -79.94985,40.34804"
weekday,kept,40.0,"-79.95101,40.34789 -79.95147,40.34782"
weekday,kept,40.0,"-79.96507,40.34241 -79.96554,40.34239"
weekday,kept,2638.5,"-79.96633,40.34207 -79.97161,40.34405 -79.97234,40.34449 -79.97276,40.34493 -79.974,40.34745 -79.97653,40.35025 -79.97895,40.35455 -79.98122,40.3579 -79.98173,40.35891 -79.9825,40.36116"
weekday,kept,360.0,"-79.98404,40.36392 -79.98264,40.36537 -79.98133,40.3664"
weekday,kept,39.0,"-79.96527,40.3412 -79.96527,40.34088"
weekday,kept,59.8,"-79.94063,40.34402 -79.94019,40.34441"
weekday,kept,20.0,"-79.93977,40.34457 -79.93955,40.34464"
weekday,kept,52.7,"-79.93905,40.34852 -79.93903,40.34887 -79.93915,40.34894"
weekday,kept,60.0,"-79.94031,40.34879 -79.94102,40.34872"
weekday,kept,80.0,"-79.94289,40.34856 -79.94383,40.3485"
weekday,kept,58.4,"-79.94429,40.34854 -79.94444,40.34867 -79.94448,40.34901"
weekday,kept,20.0,"-79.94248,40.3505 -79.9423,40.35062"
weekday,kept,40.0,"-79.93688,40.35603 -79.93655,40.35629"
weekday,kept,11936.7,"-79.86107,40.35225 -79.86225,40.35219 -79.86223,40.35187 -79.86202,40.35187 -79.85119,40.35251 -79.84768,40.35282 -79.84567,40.35336 -79.84499,40.35325 -79.84311,40.35253 -79.84118,40.35316 -79.84117,40.35367 -79.84198,40.35403 -79.8424,40.35445 -79.84533,40.36033 -79.84527,40.36068 -79.84278,40.36394 -79.84218,40.36548 -79.8421,40.36656 -79.84232,40.36798 -79.8428,40.36974 -79.84357,40.37163 -79.84382,40.37186 -79.84606,40.37129 -79.84642,40.37188 -79.84662,40.37187 -79.85201,40.37055 -79.85259,40.37185 -79.84479,40.37375 -79.84629,40.37557 -79.84713,40.3762 -79.84834,40.37676 -79.85097,40.37754 -79.8536,40.37935 -79.85745,40.38296 -79.86226,40.38006 -79.86295,40.37999 -79.86409,40.38022 -79.86503,40.38025 -79.86571,40.38012 -79.86699,40.37966 -79.86769,40.3796 -79.86878,40.37991 -79.87156,40.3821 -79.87294,40.38279 -79.87431,40.38302 -79.87783,40.38301 -79.87809,40.3833 -79.8788,40.38482 -79.88026,40.38598 -79.88123,40.38912 -79.88177,40.38992 -79.8826,40.39079 -79.88361,40.39155 -79.88493,40.39191 -79.88573,40.39279 -79.88701,40.39357 -79.88779,40.39424 -79.88833,40.39458 -79.88958,40.39508 -79.89134,40.39628 -79.88515,40.39883"
weekday,added,419.8,"-79.88494,40.39891 -79.88437,40.39922 -79.88307,40.40049 -79.88115,40.40117"
weekday,kept,8555.8,"-79.88093,40.40124 -79.88062,40.40141 -79.88111,40.40222 -79.88176,40.40297 -79.88272,40.40376 -79.88275,40.40394 -79.87642,40.40924 -79.87599,40.40922 -79.87598,40.40906 -79.87679,40.40849 -79.87752,40.4092 -79.87765,40.40953 -79.87745,40.41017 -79.87667,40.41128 -79.87652,40.41199 -79.87614,40.41233 -79.87646,40.41281 -79.87667,40.4146 -79.87855,40.41471 -79.87848,40.41504 -79.87862,40.41514 -79.87926,40.41527 -79.87947,40.41499 -79.88073,40.41547 -79.88537,40.41824 -79.88597,40.41879 -79.88684,40.42007 -79.88704,40.42095 -79.88697,40.42184 -79.88473,40.42882 -79.88453,40.43079 -79.8855,40.43631 -79.88687,40.44268 -79.88745,40.4446 -79.88839,40.44644 -79.88912,40.44737 -79.89057,40.44878 -79.89192,40.44979 -79.89362,40.45075 -79.90304,40.45448 -79.90591,40.45574 -79.90797,40.45608 -79.91113,40.4573"
weekday,kept,60.0,"-79.87935,40.41495 -79.87869,40.41475"
weekday,kept,56.1,"-79.8794,40.41501 -79.87882,40.41478"
weekday,kept,40.0,"-79.87643,40.41254 -79.87649,40.41218"
weekday,kept,13.7,"-79.8775,40.41023 -79.8776,40.41013"
weekday,kept,79.4,"-79.87749,40.4095 -79.87703,40.40957 -79.87666,40.40939"
weekday,kept,54.0,"-79.88292,40.40389 -79.88295,40.40376 -79.8826,40.40352"
weekday,kept,17.9,"-79.87794,40.38296 -79.87774,40.38293"
weekday,kept,14.6,"-79.85755,40.3829 -79.85738,40.38292"
weekday,kept,536.8,"-79.85058,40.37722 -79.847,40.37324"
weekday,kept,269.4,"-79.85273,40.37181 -79.85363,40.37159 -79.85361,40.37148 -79.85264,40.37046 -79.85224,40.37048"
weekday,kept,20.0,"-79.8455,40.37131 -79.84528,40.37136"
weekday,kept,40.0,"-79.84483,40.37146 -79.84438,40.37158"
weekday,kept,20.0,"-79.84314,40.37035 -79.84307,40.37018"
weekday,kept,20.0,"-79.84283,40.36949 -79.84277,40.36931"
weekday,kept,40.0,"-79.84254,40.36843 -79.84248,40.36808"
weekday,kept,180.0,"-79.8423,40.36701 -79.84221,40.36629 -79.84232,40.3654"
weekday,kept,20.0,"-79.84307,40.36371 -79.84318,40.36355"
weekday,kept,279.2,"-79.84251,40.35452 -79.84283,40.35429 -79.84544,40.35345"
weekday,kept,118.0,"-79.85971,40.35219 -79.85975,40.35235 -79.86093,40.35226"
weekday,kept,14595.1,"-79.93849,40.34492 -79.93836,40.34505 -79.93838,40.34666 -79.93729,40.34732 -79.93191,40.34786 -79.93003,40.34782 -79.92958,40.34792 -79.92924,40.34817 -79.92679,40.34683 -79.92614,40.34608 -79.92594,40.34617 -79.92496,40.3454 -79.92377,40.34481 -79.92142,40.34398 -79.92025,40.34388 -79.91884,40.34393 -79.91814,40.34387 -79.91749,40.34364 -79.91739,40.34334 -79.9168,40.34315 -79.91558,40.3423 -79.91471,40.34048 -79.91287,40.34059 -79.91036,40.34109 -79.9103,40.34122 -79.91046,40.34211 -79.91174,40.3422 -79.91231,40.34298 -79.91232,40.3437 -79.91215,40.34421 -79.91237,40.34427 -79.91283,40.34292 -79.91197,40.34087 -79.91203,40.34076 -79.91341,40.34052 -79.91475,40.34055 -79.91531,40.34192 -79.91505,40.34215 -79.91516,40.3423 -79.91558,40.34245 -79.91664,40.34317 -79.91696,40.34361 -79.91894,40.34394 -79.92035,40.34389 -79.92152,40.34399 -79.92386,40.34484 -79.92521,40.34556 -79.92599,40.34624 -79.92657,40.34702 -79.92698,40.34805 -79.92707,40.34876 -79.92709,40.3502 -79.92695,40.35029 -79.92371,40.35078 -79.92259,40.35106 -79.91454,40.35406 -79.90868,40.35849 -79.90827,40.35892 -79.90774,40.3601 -79.90761,40.36208 -79.90769,40.36333 -79.90798,40.3642 -79.90845,40.36502 -79.91031,40.36752 -79.91042,40.36804 -79.91022,40.36892 -79.9104,40.36925 -79.91269,40.36964 -79.91296,40.36982 -79.91196,40.37368 -79.91077,40.37502 -79.90732,40.37952 -79.90622,40.3815 -79.90502,40.38201 -79.90118,40.38916 -79.90031,40.39214 -79.9002,40.39357 -79.8995,40.39491 -79.89983,40.39613 -79.90168,40.39776 -79.90264,40.39736 -79.90279,40.39742 -79.90656,40.40176 -79.90907,40.40367 -79.90815,40.40442 -79.90813,40.40456 -79.9107,40.4069 -79.91086,40.40703 -79.91218,40.40602 -79.91422,40.40748"
weekday,kept,5649.7,"-79.92834,40.41969 -79.92922,40.41981 -79.92998,40.42262 -79.93025,40.4229 -79.93335,40.42421 -79.9357,40.42435 -79.93658,40.4241 -79.93704,40.42413 -79.93759,40.42446 -79.93798,40.4249 -79.93845,40.42592 -79.93901,40.42623 -79.93971,40.4262 -79.94353,40.4253 -79.94471,40.42539 -79.94583,40.42514 -79.94653,40.42515 -79.94975,40.42567 -79.9509,40.42546 -79.95189,40.42497 -79.95304,40.42501 -79.95554,40.42783 -79.95804,40.43023 -79.95918,40.43113 -79.96207,40.43268 -79.96764,40.43504 -79.97011,40.43564 -79.97317,40.43584 -79.9767,40.43565 -79.9811,40.435 -79.98345,40.43508"
weekday,kept,40.0,"-79.98413,40.43493 -79.98459,40.43484"
weekday,kept,40.0,"-79.98528,40.43471 -79.98574,40.43464"
weekday,kept,200.0,"-79.98762,40.4345 -79.98997,40.4345"
weekday,kept,19.9,"-79.99185,40.43465 -79.99208,40.43467"
weekday,kept,120.0,"-80.00056,40.43792 -80.00183,40.43839"
weekday,kept,20.0,"-79.98352,40.43499 -79.98328,40.43499"
weekday,kept,119.5,"-79.98257,40.43495 -79.98118,40.43499"
weekday,kept,180.0,"-79.91651,40.40923 -79.91501,40.40809"
weekday,kept,20.0,"-79.90768,40.40263 -79.90751,40.40251"
weekday,kept,20.0,"-79.91549,40.35373 -79.9157,40.35366"
weekday,kept,20.0,"-79.92546,40.35056 -79.92569,40.35052"
weekday,kept,19.6,"-79.91744,40.34345 -79.91735,40.34329"
weekday,kept,18.9,"-79.91533,40.34199 -79.91512,40.34205"
weekday,kept,636.7,"-79.9623,40.42423 -79.96245,40.42409 -79.96262,40.42417 -79.96687,40.42702 -79.96818,40.42741"
weekday,kept,774.6,"-79.94906,40.44707 -79.95195,40.45179 -79.95193,40.45192 -79.94996,40.45251"
weekday,kept,6711.2,"-79.94736,40.45331 -79.94777,40.45472 -79.94737,40.4583 -79.94601,40.45996 -79.94607,40.46009 -79.95289,40.46361 -79.96185,40.46207 -79.96697,40.4616 -79.96705,40.4615 -79.96553,40.45848 -79.96532,40.45842 -79.96514,40.45852 -79.965,40.45886 -79.96479,40.45893 -79.96459,40.45886 -79.96382,40.45776 -79.96494,40.45685 -79.97069,40.45649 -79.9718,40.45619 -79.97296,40.45566 -79.97394,40.45644 -79.97439,40.45644 -79.97475,40.45622 -79.97507,40.45622 -79.98434,40.44983 -79.98689,40.44823 -79.9938,40.45413 -79.99431,40.45472"
weekday,kept,139.3,"-80.00662,40.45528 -80.00617,40.45408"
weekday,kept,436.1,"-80.01414,40.45241 -80.01872,40.45155 -80.01888,40.45146 -80.01883,40.45129"
weekday,added,120.0,"-80.01877,40.45112 -80.01843,40.45007"
weekday,kept,720.0,"-80.01837,40.44989 -80.01751,40.44691 -80.01755,40.44679 -80.01943,40.44666 -80.01986,40.44671 -80.0201,40.44741 -80.01909,40.44755"
weekday,kept,214.4,"-80.01893,40.44762 -80.01897,40.4478 -80.02011,40.44776 -80.02078,40.44787 -80.02099,40.44759"
weekday,added,79.6,"-80.02093,40.44741 -80.0208,40.44707 -80.02048,40.44681"
weekday,kept,20.0,"-80.02026,40.44674 -80.02004,40.44668"
weekday,kept,19.9,"-80.00647,40.4551 -80.00653,40.45527"
weekday,kept,317.5,"-79.96752,40.45677 -79.96433,40.45825"
weekday,kept,770.4,"-79.96829,40.42765 -79.96799,40.42833 -79.9658,40.42773 -79.96346,40.42623 -79.96282,40.42605 -79.96178,40.42532 -79.96151,40.42503 -79.96154,40.42489"
weekday,kept,1136.7,"-79.9516,40.34641 -79.9537,40.3432 -79.95409,40.34034 -79.95405,40.34019 -79.95305,40.33971 -79.95206,40.33895 -79.9511,40.33843 -79.9515,40.33777"
weekday,kept,12633.0,"-79.94215,40.32114 -79.94059,40.32271 -79.94036,40.32359 -79.9391,40.3263 -79.9382,40.32866 -79.93721,40.33009 -79.93707,40.3308 -79.93677,40.33128 -79.93547,40.332 -79.93402,40.3324 -79.93329,40.33176 -79.93268,40.33201 -79.93092,40.33152 -79.93024,40.33166 -79.92767,40.33256 -79.92697,40.33253 -79.92655,40.33237 -79.92529,40.33108 -79.92385,40.33048 -79.92326,40.32999 -79.92283,40.32991 -79.92251,40.32998 -79.92521,40.33104 -79.92571,40.33142 -79.92631,40.33219 -79.92711,40.33255 -79.92781,40.33254 -79.93082,40.33152 -79.93257,40.33202 -79.9332,40.33184 -79.93196,40.33046 -79.93182,40.32993 -79.93184,40.32868 -79.93154,40.328 -79.93002,40.3264 -79.92784,40.32534 -79.92736,40.32495 -79.92704,40.32447 -79.9264,40.3226 -79.9285,40.3224 -79.93017,40.32307 -79.9304,40.32306 -79.93137,40.32194 -79.93131,40.32087 -79.93144,40.32073 -79.93336,40.32004 -79.93331,40.31953 -79.93397,40.31858 -79.93385,40.31823 -79.93294,40.31783 -79.93299,40.31798 -79.93394,40.31847 -79.93329,40.31959 -79.93336,40.31994 -79.93329,40.32007 -79.93139,40.32077 -79.93134,40.322 -79.93045,40.32305 -79.93001,40.32301 -79.92856,40.32241 -79.92646,40.3226 -79.92572,40.32195 -79.92382,40.32069 -79.92158,40.31846 -79.91757,40.31596 -79.91716,40.31532 -79.91651,40.31165 -79.91548,40.31006 -79.91352,40.30912 -79.90937,40.30673 -79.90857,40.30648 -79.90763,40.30644 -79.90425,40.30707 -79.90144,40.307 -79.89867,40.30744 -79.89777,40.30725 -79.89622,40.30643 -79.89548,40.30576 -79.89526,40.30488 -79.89535,40.30453 -79.89602,40.30403 -79.89633,40.30355 -79.89645,40.30249 -79.89611,40.30183 -79.89503,40.30044 -79.89413,40.29858 -79.89368,40.29501 -79.89341,40.29472 -79.89217,40.29421 -79.88879,40.29354"
weekday,kept,9180.3,"-79.87484,40.29238 -79.87469,40.2929 -79.87458,40.2947 -79.87481,40.2972 -79.87514,40.29806 -79.87813,40.30234 -79.87889,40.30302 -79.87964,40.30346 -79.88276,40.30472 -79.88614,40.30681 -79.89004,40.30898 -79.89099,40.30977 -79.891,40.31011 -79.88827,40.31181 -79.88543,40.31468 -79.88545,40.3148 -79.88759,40.31554 -79.88869,40.31622 -79.89031,40.31789 -79.8913,40.32095 -79.89147,40.32104 -79.89231,40.32106 -79.8924,40.32117 -79.89253,40.33089 -79.89013,40.33672 -79.88773,40.34042 -79.88581,40.34247 -79.88195,40.34586 -79.87819,40.34832 -79.87701,40.34892 -79.87429,40.34999 -79.8736,40.35011 -79.87148,40.35004 -79.86777,40.35118 -79.86218,40.35185"
weekday,kept,20.0,"-79.85971,40.35213 -79.85973,40.35231"
weekday,kept,379.9,"-79.88204,40.34589 -79.88246,40.34573 -79.884,40.34461 -79.88508,40.34344"
weekday,kept,60.0,"-79.88534,40.34314 -79.88568,40.34266"
weekday,kept,99.8,"-79.89252,40.33087 -79.89253,40.32997"
weekday,kept,36.4,"-79.89247,40.3228 -79.89242,40.32247"
weekday,kept,20.0,"-79.8919,40.32105 -79.89166,40.32106"
weekday,kept,20.0,"-79.88842,40.31599 -79.88824,40.31587"
weekday,kept,19.9,"-79.88562,40.31472 -79.88553,40.31455"
weekday,kept,78.8,"-79.89099,40.31013 -79.89133,40.3099 -79.89102,40.30963"
weekday,kept,39.9,"-79.8907,40.30937 -79.89034,40.30914"
weekday,kept,17.8,"-79.8746,40.29489 -79.87463,40.29473"
weekday,kept,19.9,"-79.89649,40.30275 -79.89649,40.30293"
weekday,kept,27.8,"-79.89523,40.30457 -79.89515,40.30479"
weekday,kept,20.0,"-79.91711,40.31506 -79.91714,40.31524"
weekday,kept,20.0,"-79.93659,40.33141 -79.93676,40.33129"
weekday,kept,20.0,"-79.95137,40.33775 -79.95127,40.33791"
weekday,kept,18.1,"-79.95106,40.33823 -79.95099,40.33839"
weekday,kept,15.4,"-79.93307,40.31783 -79.93291,40.31789"
weekday,kept,2379.7,"-79.82913,40.34325 -79.83426,40.34985 -79.83443,40.35037 -79.83393,40.35249 -79.83463,40.35458 -79.83522,40.35514 -79.83625,40.35447 -79.83762,40.353 -79.83816,40.35266 -79.83884,40.35255 -79.84239,40.35254 -79.84387,40.35295 -79.84398,40.35269"
weekday,kept,188.8,"-79.84361,40.35247 -79.84283,40.35209 -79.84239,40.35249 -79.84294,40.35266"
weekday,kept,179.6,"-79.84336,40.35282 -79.84482,40.3534 -79.84529,40.35343"
weekday,kept,3653.6,"-79.88323,40.3449 -79.88371,40.34452 -79.88437,40.34461 -79.89034,40.34751 -79.89263,40.34955 -79.89601,40.35081 -79.89684,40.35229 -79.89693,40.35408 -79.89719,40.35532 -79.89756,40.35577 -79.89796,40.35596 -79.89936,40.35605 -79.89978,40.3559 -79.90134,40.3539 -79.90203,40.35276 -79.90239,40.35253 -79.90374,40.35224 -79.90583,40.3525 -79.90698,40.35233 -79.90806,40.35197 -79.90853,40.352 -79.9089,40.35221 -79.90948,40.35299 -79.90998,40.35336 -79.91207,40.35419 -79.91371,40.35424 -79.91386,40.35434"
weekday,kept,7480.9,"-79.91309,40.36977 -79.91501,40.3711 -79.91754,40.37242 -79.92012,40.37398 -79.92068,40.37516 -79.92061,40.37641 -79.92074,40.37712 -79.92121,40.37773 -79.92233,40.37839 -79.92567,40.37971 -79.92927,40.38255 -79.93132,40.38377 -79.93177,40.38417 -79.93199,40.38468 -79.93202,40.38664 -79.93264,40.38673 -79.93253,40.38889 -79.9328,40.38976 -79.93336,40.38985 -79.93353,40.39073 -79.93438,40.39159 -79.93468,40.39207 -79.93574,40.39975 -79.93606,40.4 -79.93814,40.40027 -79.94093,40.40193 -79.94192,40.40293 -79.94238,40.40394 -79.94406,40.40992 -79.94503,40.41194 -79.9453,40.41317 -79.94865,40.4197 -79.95202,40.42484"
weekday,kept,59.8,"-79.95272,40.42483 -79.95201,40.42481"
weekday,kept,20.0,"-79.9358,40.39962 -79.93575,40.39945"
weekday,kept,80.0,"-79.93554,40.39784 -79.93545,40.39712"
weekday,kept,60.0,"-79.93522,40.39534 -79.93515,40.3948"
weekday,kept,80.0,"-79.93497,40.39337 -79.93487,40.39265"
weekday,kept,314.8,"-79.93475,40.39176 -79.93446,40.3898 -79.93436,40.38969 -79.93342,40.38977"
weekday,kept,139.7,"-79.93212,40.38436 -79.93194,40.38384 -79.93114,40.38349"
weekday,kept,19.9,"-79.91512,40.37116 -79.91494,40.37105"
weekday,kept,19.6,"-79.91389,40.35442 -79.9138,40.35426"
weekday,kept,20.0,"-79.89131,40.34818 -79.89117,40.34803"
weekday,kept,39.5,"-79.88415,40.34444 -79.8837,40.34444"
weekday,kept,20.0,"-79.83633,40.35439 -79.83619,40.35452"
weekday,kept,19.8,"-79.83521,40.35498 -79.83499,40.35492"
weekday,kept,20.0,"-79.83251,40.34761 -79.83228,40.34765"
weekday,added,376.7,"-79.83205,40.34768 -79.83113,40.34783 -79.83068,40.34821 -79.83026,40.3481 -79.82904,40.34656"
weekday,kept,634.7,"-79.82888,40.34643 -79.82721,40.34578 -79.82603,40.34407 -79.82766,40.34394 -79.82887,40.34339"
weekday,kept,40.0,"-79.91334,40.41128 -79.91312,40.41096"
weekday,kept,217.1,"-79.91251,40.40864 -79.91095,40.40711"
weekday,kept,3257.7,"-79.92487,40.41537 -79.92493,40.41503 -79.92465,40.41474 -79.92358,40.41379 -79.92296,40.41355 -79.92246,40.41317 -79.92282,40.41176 -79.92316,40.41131 -79.92499,40.41052 -79.92544,40.41043 -79.92614,40.4105 -79.9265,40.41029 -79.92652,40.40994 -79.92582,40.40901 -79.9258,40.4083 -79.92637,40.40751 -79.9272,40.40688 -79.9274,40.40679 -79.9279,40.4071 -79.92959,40.40771 -79.92987,40.4075 -79.9297,40.4074 -79.92931,40.40756 -79.92821,40.40723 -79.92763,40.40693 -79.9275,40.40678 -79.92765,40.40668 -79.92941,40.40617 -79.9327,40.40621 -79.93331,40.40593 -79.93446,40.40504 -79.93535,40.40482 -79.93581,40.40488 -79.9404,40.40673 -79.94286,40.40612"
weekday,kept,2315.9,"-79.94482,40.41129 -79.94777,40.41069 -79.948,40.41069 -79.9481,40.41084 -79.94857,40.41186 -79.94993,40.41375 -79.95049,40.41493 -79.95075,40.41635 -79.95062,40.41778 -79.95079,40.41884 -79.95114,40.41931 -79.95353,40.42418 -79.95582,40.42646 -79.95579,40.42698 -79.95526,40.42733"
weekday,kept,20.0,"-79.95782,40.42994 -79.95801,40.42984"
weekday,added,719.8,"-79.9582,40.42973 -79.9625,40.4272 -79.96451,40.42544"
weekday,kept,20.0,"-79.95119,40.41919 -79.95108,40.41903"
weekday,kept,37.4,"-79.92981,40.40762 -79.92985,40.40746 -79.92964,40.40741"
weekday,kept,19.9,"-79.91197,40.40807 -79.91212,40.40821"
weekday,kept,39.4,"-79.91301,40.41129 -79.91271,40.41155"
weekday,kept,39.9,"-79.88741,40.44432 -79.88734,40.44396"
weekday,kept,20.0,"-79.88715,40.44326 -79.8871,40.44308"
weekday,kept,1067.4,"-79.88687,40.44278 -79.88666,40.4427 -79.8859,40.44401 -79.88602,40.44412 -79.89509,40.44713 -79.89528,40.44688"
weekday,added,779.4,"-79.89533,40.4467 -79.8973,40.44172 -79.89777,40.44033 -79.89777,40.43997"
weekday,kept,2232.6,"-79.89769,40.4398 -79.89564,40.43502 -79.89268,40.43093 -79.89157,40.42837 -79.89098,40.4274 -79.88881,40.4255 -79.88816,40.42566 -79.88706,40.42555 -79.88642,40.42746 -79.88637,40.42816"
weekday,added,193.5,"-79.88628,40.42832 -79.88618,40.42896 -79.88687,40.42903 -79.88706,40.42852"
weekday,kept,299.8,"-79.88711,40.42834 -79.88791,40.4259 -79.8881,40.4258"
weekday,kept,747.7,"-79.88866,40.42525 -79.8868,40.4234 -79.88687,40.42329 -79.89042,40.42194 -79.89103,40.42291 -79.89122,40.42285"
weekday,added,320.0,"-79.89142,40.42276 -79.8947,40.42132"
weekday,kept,594.3,"-79.8949,40.42123 -79.89767,40.41996 -79.90089,40.42147"
weekday,added,1893.9,"-79.90109,40.42156 -79.90427,40.42309 -79.90483,40.42446 -79.90614,40.42616 -79.90618,40.42651 -79.90578,40.42755 -79.90585,40.4277 -79.90653,40.42779 -79.90691,40.4276 -79.90738,40.42659 -79.90769,40.42634 -79.90886,40.42641 -79.90997,40.42613 -79.91251,40.42649 -79.91428,40.42791 -79.91473,40.428 -79.91566,40.42789"
weekday,kept,678.7,"-79.9159,40.42791 -79.91751,40.42816 -79.92328,40.42976 -79.92348,40.42969"
weekday,kept,2800.7,"-79.92931,40.41976 -79.93167,40.41989 -79.93308,40.41981 -79.93772,40.41915 -79.93983,40.41896 -79.93975,40.42702 -79.93853,40.42738 -79.93758,40.42922 -79.93797,40.42965 -79.93957,40.43071 -79.93977,40.43121 -79.93962,40.43155 -79.93837,40.43237 -79.93756,40.43273 -79.93663,40.43284 -79.9368,40.4331"
weekday,added,1698.0,"-79.93694,40.43324 -79.93747,40.43359 -79.93835,40.43384 -79.94252,40.43446 -79.94393,40.43457 -79.94509,40.43515 -79.94598,40.43538 -79.94691,40.43528 -79.94829,40.43463 -79.95179,40.43423 -79.95458,40.43458 -79.9559,40.43497"
weekday,kept,798.7,"-79.95612,40.43504 -79.95819,40.43588 -79.96149,40.43583 -79.9636,40.43566 -79.96518,40.43599"
weekday,kept,199.9,"-79.96564,40.43608 -79.96799,40.43613"
weekday,kept,160.0,"-79.96817,40.43604 -79.96628,40.43605"
weekday,kept,20.0,"-79.9649,40.43584 -79.96467,40.43579"
weekday,added,19.7,"-79.94724,40.4351 -79.94702,40.43516"
weekday,added,19.7,"-79.91258,40.42655 -79.91239,40.42645"
weekday,added,18.9,"-79.90594,40.42774 -79.90579,40.42762"
weekday,added,19.9,"-79.90573,40.42541 -79.90567,40.42524"
weekday,added,39.1,"-79.90541,40.42495 -79.90504,40.42474"
weekday,kept,40.0,"-79.89762,40.41995 -79.89722,40.41976"
weekday,added,578.2,"-79.89702,40.41966 -79.89662,40.41947 -79.89642,40.41952 -79.89099,40.42169"
weekday,kept,40.0,"-79.89077,40.42177 -79.89035,40.42193"
weekday,kept,119.2,"-79.8878,40.42461 -79.88727,40.42496 -79.88709,40.42547"
weekday,added,57.6,"-79.88608,40.42894 -79.88605,40.4291 -79.88652,40.42906"
weekday,kept,19.9,"-79.88867,40.42568 -79.8889,40.4257"
weekday,kept,39.0,"-79.88755,40.44459 -79.88712,40.44446"
weekday,kept,99.3,"-79.88699,40.44412 -79.88686,40.44377 -79.88625,40.44353"
weekday,kept,19.0,"-79.88645,40.44306 -79.88663,40.44296"
weekday,kept,20.0,"-79.88694,40.44337 -79.88699,40.44354"
weekday,kept,1019.4,"-79.93898,40.34857 -79.93849,40.34891 -79.92729,40.35025"
weekday,kept,20.0,"-79.89082,40.3477 -79.89065,40.34757"
weekday,kept,2985.3,"-79.84945,40.37099 -79.84788,40.36723 -79.8479,40.36651 -79.84775,40.36599 -79.84697,40.36468 -79.85044,40.3633 -79.85471,40.36226 -79.85872,40.36208 -79.85928,40.36562 -79.85801,40.36591 -79.85533,40.36794 -79.85352,40.36982 -79.85258,40.37037"
weekday,kept,1710.1,"-79.8576,40.38311 -79.85839,40.38349 -79.86267,40.38498 -79.86315,40.38462 -79.86716,40.38271 -79.86847,40.38234 -79.86867,40.38236 -79.86865,40.38271 -79.86701,40.38399 -79.867,40.38412 -79.86749,40.38449 -79.8687,40.38365 -79.86876,40.38352 -79.86827,40.38313 -79.86881,40.38232"
weekday,added,219.2,"-79.86905,40.38231 -79.87159,40.38265"
weekday,kept,59.9,"-79.87182,40.38269 -79.87252,40.38268"
weekday,kept,6187.2,"-79.87803,40.38356 -79.87421,40.3845 -79.87382,40.38469 -79.87378,40.38486 -79.87522,40.38828 -79.87578,40.39001 -79.88072,40.39613 -79.88112,40.39621 -79.8828,40.39555 -79.88322,40.39557 -79.88486,40.39796 -79.8849,40.39809 -79.88421,40.39801 -79.88214,40.39717 -79.88124,40.39731 -79.8808,40.39772 -79.88118,40.3978 -79.88103,40.39748 -79.88116,40.39735 -79.88205,40.39716 -79.88272,40.39733 -79.88413,40.39798 -79.88499,40.39817 -79.88546,40.39879 -79.88832,40.40165 -79.89015,40.4033 -79.89123,40.40489 -79.89166,40.40532 -79.89259,40.40586 -79.89411,40.40636 -79.89446,40.4066 -79.89473,40.40727 -79.89425,40.40828 -79.89434,40.40839 -79.89675,40.40913 -79.89862,40.40928 -79.90733,40.4088 -79.90925,40.40783 -79.90795,40.40634"
weekday,added,175.4,"-79.90782,40.40619 -79.90751,40.40575 -79.90868,40.40515"
weekday,kept,18.4,"-79.88496,40.39813 -79.88476,40.39809"
weekday,kept,20.0,"-79.86267,40.38491 -79.86246,40.38484"
weekday,kept,393.8,"-79.84835,40.3684 -79.84744,40.3686 -79.84737,40.36871 -79.84844,40.37128"
weekday,kept,40.0,"-79.92729,40.35035 -79.92775,40.3503"
weekday,kept,40.0,"-79.92915,40.35012 -79.92962,40.35007"
weekday,kept,40.0,"-79.93078,40.34992 -79.93125,40.34987"
weekday,kept,40.0,"-79.93265,40.3497 -79.93312,40.34964"
weekday,kept,40.0,"-79.93475,40.34945 -79.93522,40.3494"
weekday,kept,20.0,"-79.93685,40.34921 -79.93708,40.34918"
weekday,kept,40.0,"-79.93848,40.34902 -79.93895,40.34897"
weekday,kept,529.8,"-80.00749,40.52687 -80.00704,40.52532 -80.00703,40.5246 -80.00628,40.52329 -80.00594,40.52318 -80.00572,40.52248"
weekday,kept,315.5,"-80.01308,40.49849 -80.01341,40.49827 -80.01357,40.49794 -80.01347,40.49742 -80.01429,40.49654 -80.0149,40.49629"
weekday,added,179.9,"-80.01513,40.49629 -80.01712,40.49687"
weekday,kept,2314.2,"-80.01733,40.49693 -80.01885,40.49743 -80.01976,40.49823 -80.02022,40.49824 -80.01993,40.49703 -80.02006,40.49614 -80.02106,40.49452 -80.02221,40.49363 -80.02218,40.49328 -80.02128,40.49223 -80.01999,40.49118 -80.01855,40.49026 -80.01837,40.48955 -80.01489,40.48805 -80.01115,40.4877 -80.01077,40.48749 -80.0097,40.48631"
weekday,kept,4452.0,"-80.00599,40.48236 -80.00464,40.48332 -80.00419,40.48325 -80.00309,40.48258 -80.00171,40.47991 -79.99956,40.47698 -80.00292,40.47397 -80.0029,40.47328 -80.0006,40.4733 -80.00087,40.47141 -79.99936,40.46959 -79.99919,40.46953 -79.99679,40.47027 -79.99539,40.47012 -79.99474,40.46751 -79.99384,40.46646 -79.99304,40.46618 -79.99204,40.46518 -79.99089,40.46245 -79.99319,40.46121 -79.99474,40.45962 -79.99547,40.4583 -79.99538,40.4576 -79.9947,40.4555"
weekday,kept,19.7,"-79.9954,40.45765 -79.99542,40.45783"
weekday,kept,15.5,"-80.00279,40.47322 -80.00291,40.47333"
weekday,kept,20.0,"-80.00496,40.4832 -80.0051,40.48306"
weekday,kept,219.3,"-80.01321,40.4977 -80.01228,40.49894 -80.01279,40.49928"
weekday,kept,156.1,"-80.00699,40.52827 -80.00757,40.52775 -80.00754,40.52703"
weekday,kept,2156.7,"-79.99588,40.44075 -79.99458,40.44032 -79.99427,40.44006 -79.99428,40.43971 -79.99474,40.43889 -79.99431,40.43807 -79.97359,40.43717"
weekday,kept,40.0,"-79.97289,40.43715 -79.97243,40.43708"
weekday,kept,5036.4,"-79.92266,40.43807 -79.90543,40.43809 -79.90453,40.43831 -79.90225,40.43926 -79.90158,40.43943 -79.89596,40.43977 -79.89493,40.43936 -79.89479,40.4394 -79.89437,40.44117 -79.89419,40.44124 -79.89136,40.44119 -79.88814,40.44013 -79.88794,40.44044 -79.8868,40.44068 -79.8864,40.44087 -79.88569,40.44199 -79.88553,40.44203 -79.87862,40.43975 -79.88031,40.43698 -79.8847,40.43322"
weekday,kept,40.0,"-79.88467,40.43252 -79.8846,40.43217"
weekday,kept,60.0,"-79.88438,40.43074 -79.88438,40.4302"
weekday,kept,20.0,"-79.88459,40.42878 -79.88464,40.4286"
weekday,kept,20.0,"-79.88488,40.4279 -79.88494,40.42773"
weekday,kept,20.0,"-79.88517,40.42703 -79.88523,40.42686"
weekday,kept,40.0,"-79.88544,40.42616 -79.88556,40.42581"
weekday,kept,40.0,"-79.88573,40.42529 -79.88585,40.42494"
weekday,kept,20.0,"-79.88608,40.42424 -79.88614,40.42407"
weekday,kept,1459.4,"-79.88637,40.42337 -79.88638,40.42302 -79.88585,40.42243 -79.88667,40.42188 -79.88552,40.42074 -79.88478,40.42031 -79.88471,40.42018 -79.88508,40.41956 -79.87873,40.41582 -79.87787,40.41553 -79.87677,40.4154 -79.87671,40.41486"
weekday,kept,20.0,"-79.87745,40.41025 -79.87765,40.41015"
weekday,kept,3374.5,"-79.87666,40.40836 -79.87562,40.40739 -79.86936,40.40386 -79.86579,40.40124 -79.86562,40.40124 -79.85992,40.40554 -79.85821,40.40615 -79.856,40.40848 -79.85588,40.40862 -79.85615,40.40967 -79.85599,40.41146 -79.85641,40.41248 -79.85634,40.41283 -79.856,40.41307 -79.85487,40.41334 -79.85254,40.41356 -79.85267,40.4142 -79.85336,40.41453"
weekday,kept,348.1,"-79.85354,40.41462 -79.85454,40.41511 -79.85469,40.41504 -79.85586,40.41369 -79.85548,40.41333"
weekday,kept,997.5,"-79.85617,40.40965 -79.85692,40.40896 -79.85934,40.40726 -79.86255,40.40613 -79.86353,40.40566 -79.86177,40.40421"
weekday,kept,20.0,"-79.86444,40.40217 -79.86461,40.40205"
weekday,kept,15.3,"-79.86559,40.40127 -79.86576,40.40122"
weekday,kept,20.0,"-79.88329,40.41852 -79.88347,40.41864"
weekday,kept,19.9,"-79.88422,40.41908 -79.88441,40.41918"
weekday,kept,20.0,"-79.88468,40.42026 -79.88488,40.42036"
weekday,kept,80.0,"-79.89484,40.43984 -79.89578,40.43978"
weekday,kept,20.0,"-79.8979,40.43969 -79.89813,40.43967"
weekday,kept,1999.4,"-79.97305,40.43783 -79.97585,40.43815 -79.99564,40.43899 -79.9965,40.43928"
weekday,kept,100.0,"-79.84657,40.37224 -79.84694,40.37309"
weekday,kept,34.3,"-79.84505,40.37364 -79.84483,40.37369 -79.84484,40.37382"
weekday,kept,20.0,"-79.85317,40.37901 -79.85334,40.37914"
weekday,kept,2371.0,"-79.86297,40.3851 -79.86472,40.386 -79.86662,40.3876 -79.86909,40.39063 -79.86988,40.39251 -79.87029,40.39311 -79.87621,40.39823 -79.88011,40.40084 -79.8805,40.40128"
weekday,kept,1058.7,"-79.88291,40.40404 -79.88514,40.40536 -79.88737,40.40637 -79.89081,40.40754 -79.89397,40.40826"
weekday,kept,140.0,"-79.90957,40.40771 -79.91093,40.40701"
weekday,kept,40.0,"-79.96758,40.43645 -79.96806,40.43645"
weekday,kept,40.0,"-79.88518,40.40526 -79.8848,40.40504"
weekday,kept,60.0,"-79.88375,40.40432 -79.88323,40.40396"
weekday,kept,99.2,"-79.88288,40.40371 -79.88203,40.4031"
weekday,kept,40.0,"-79.88013,40.40071 -79.87977,40.40047"
weekday,kept,60.0,"-79.86498,40.38613 -79.86447,40.38575"
weekday,kept,511.6,"-79.89093,40.42725 -79.89172,40.42595 -79.89096,40.42388 -79.89142,40.42359 -79.89114,40.42309"
weekday,kept,1853.9,"-79.89033,40.42179 -79.88733,40.41692 -79.88703,40.41663 -79.88624,40.41626 -79.88442,40.41589 -79.88298,40.41541 -79.88383,40.41374 -79.88379,40.4134 -79.87797,40.41032"
weekday,kept,1794.8,"-79.87664,40.41541 -79.87571,40.4153 -79.8731,40.41445 -79.87138,40.41351 -79.86989,40.4119 -79.8664,40.40898 -79.86412,40.40715 -79.86184,40.40559 -79.86178,40.40546 -79.86247,40.40497"
weekday,kept,20.0,"-79.85248,40.41359 -79.85251,40.41377"
weekday,added,19.9,"-79.83101,40.34788 -79.83121,40.3478"
weekday,kept,40.0,"-79.82916,40.3432 -79.82893,40.34289"
weekday,added,2061.0,"-79.82881,40.34274 -79.82677,40.3401 -79.82681,40.33998 -79.82791,40.33965 -79.82904,40.33985 -79.82973,40.33977 -79.83061,40.33951 -79.83139,40.33885 -79.83181,40.33872 -79.83246,40.33892 -79.83424,40.33979 -79.83455,40.34005 -79.83637,40.33941 -79.83686,40.34035 -79.83639,40.34483 -79.83827,40.34497"
weekday,kept,294.7,"-79.83851,40.34499 -79.83864,40.34507 -79.83848,40.34758"
weekday,added,254.4,"-79.83848,40.34776 -79.83846,40.34866 -79.83857,40.34875 -79.84022,40.34886"
weekday,kept,627.6,"-79.84045,40.34888 -79.84092,40.34891 -79.8409,40.34906 -79.84107,40.34917 -79.84232,40.34968 -79.84349,40.3512 -79.84474,40.35202 -79.84475,40.35214 -79.84415,40.3527"
weekday,added,4322.5,"-79.86217,40.35153 -79.86174,40.34964 -79.85962,40.34967 -79.85952,40.34956 -79.85947,40.34723 -79.8547,40.34649 -79.85469,40.34506 -79.85684,40.34057 -79.85,40.33859 -79.84532,40.3389 -79.84521,40.33801 -79.84421,40.33757 -79.84258,40.33772 -79.84176,40.33739 -79.84084,40.33727 -79.84021,40.33749 -79.83968,40.33807 -79.83936,40.33802 -79.8399,40.33684 -79.84051,40.33631 -79.84056,40.33542 -79.84075,40.33509 -79.84453,40.33164"
weekday,kept,1569.7,"-79.84454,40.33151 -79.84149,40.32954 -79.8396,40.32625 -79.83904,40.32396 -79.83874,40.32329 -79.83824,40.32268 -79.83657,40.32117 -79.83567,40.32165 -79.83489,40.32227"
weekday,kept,152.2,"-79.83489,40.3224 -79.8352,40.32267 -79.83573,40.32241 -79.83531,40.322"
weekday,kept,40.0,"-79.83798,40.32248 -79.83826,40.32277"
weekday,kept,19.7,"-79.83916,40.32479 -79.83922,40.32496"
weekday,added,20.0,"-79.84098,40.33726 -79.84122,40.33728"
weekday,added,255.5,"-79.84249,40.33771 -79.84274,40.33821 -79.84291,40.33827 -79.84502,40.33811"
weekday,added,236.7,"-79.85952,40.34962 -79.85955,40.35016 -79.86163,40.35015"
weekday,added,574.9,"-79.97586,40.49515 -79.97602,40.49504 -79.97599,40.49487 -79.9755,40.49349 -79.97332,40.49214 -79.97214,40.49126"
weekday,kept,40.0,"-79.97197,40.49114 -79.97164,40.49088"
weekday,added,959.9,"-79.97147,40.47451 -79.96387,40.46995 -79.9627,40.46906"
weekday,kept,2844.7,"-79.96255,40.46893 -79.95785,40.46519 -79.95256,40.4661 -79.94764,40.46252 -79.94576,40.46236 -79.94563,40.46228 -79.94588,40.45999 -79.93952,40.45657 -79.93877,40.45614 -79.93844,40.45566"
weekday,added,280.0,"-79.93834,40.4555 -79.93698,40.45321"
weekday,kept,1035.1,"-79.93688,40.45304 -79.93667,40.45277 -79.93188,40.45507 -79.93039,40.45646 -79.92748,40.45829"
weekday,kept,20.0,"-79.92593,40.45871 -79.92571,40.45876"
weekday,kept,199.6,"-79.92434,40.45905 -79.92272,40.45923 -79.92202,40.45917"
weekday,kept,1679.4,"-79.92071,40.45288 -79.92022,40.45113 -79.92158,40.44751 -79.9196,40.44085 -79.91936,40.43816"
weekday,kept,637.9,"-79.94487,40.45964 -79.9445,40.46249 -79.94464,40.46262 -79.94814,40.46294"
weekday,kept,20.0,"-79.94951,40.46394 -79.94967,40.46406"
weekday,kept,35.3,"-79.95219,40.46594 -79.95221,40.46612 -79.95239,40.46614"
weekday,kept,20.0,"-79.96226,40.4687 -79.96242,40.46883"
weekday,added,29.2,"-79.97572,40.49503 -79.97564,40.49514 -79.9758,40.49519"
weekday,added,40.0,"-79.8383,40.34876 -79.83783,40.34878"
weekday,kept,330.8,"-79.8376,40.34879 -79.83716,40.34878 -79.83691,40.34736 -79.83849,40.34731"
weekday,kept,1671.9,"-79.83867,40.345 -79.84762,40.34562 -79.84932,40.34584 -79.84963,40.34966 -79.84951,40.35034 -79.85094,40.35199 -79.85099,40.35235"
weekday,kept,2979.6,"-79.86508,40.35149 -79.86336,40.34369 -79.86123,40.34155 -79.85911,40.33917 -79.85726,40.33806 -79.85477,40.33704 -79.85303,40.33648 -79.8494,40.33447 -79.8448,40.33166"
weekday,kept,944.6,"-79.83643,40.32103 -79.83428,40.31889 -79.83333,40.3165 -79.82977,40.31467"
weekday,kept,4028.6,"-79.84099,40.35334 -79.84094,40.35459 -79.84071,40.35489 -79.83593,40.35753 -79.83487,40.35824 -79.83418,40.35897 -79.83256,40.36136 -79.83212,40.36142 -79.83144,40.36125 -79.83099,40.36133 -79.83046,40.36228 -79.82921,40.36276 -79.82884,40.3632 -79.82896,40.36391 -79.8305,40.36652 -79.83086,40.36812 -79.83084,40.36865 -79.83019,40.3698 -79.82915,40.37019 -79.82883,40.37045 -79.82834,40.37146 -79.82797,40.37287 -79.82732,40.3757 -79.82735,40.37606 -79.82793,40.37742 -79.82841,40.38045 -79.82768,40.38308 -79.8273,40.38317"
weekday,added,479.0,"-79.82707,40.38319 -79.82309,40.38358 -79.82277,40.38382 -79.82371,40.38437"
weekday,kept,6425.8,"-79.82382,40.38452 -79.82366,40.38481 -79.82274,40.38496 -79.82213,40.38523 -79.82126,40.38606 -79.82221,40.38723 -79.82244,40.3877 -79.8229,40.38776 -79.82388,40.38826 -79.82414,40.38797 -79.82337,40.38763 -79.82297,40.38778 -79.82251,40.38771 -79.82122,40.38611 -79.82173,40.38551 -79.82226,40.38516 -79.82312,40.38486 -79.82428,40.38475 -79.83761,40.39362 -79.83828,40.39491 -79.84157,40.39516 -79.84167,40.39524 -79.84144,40.39575 -79.84103,40.39879 -79.84083,40.3993 -79.84116,40.40034 -79.84118,40.40124 -79.84148,40.4021 -79.84295,40.4035 -79.84423,40.40582 -79.84557,40.40577 -79.84873,40.40735 -79.8493,40.40791 -79.85097,40.41047 -79.85218,40.40953 -79.85185,40.40978 -79.85227,40.40988 -79.85248,40.40979 -79.85262,40.40966 -79.85257,40.40932 -79.85107,40.41039 -79.85099,40.41052 -79.85113,40.41066 -79.85238,40.41148 -79.85374,40.41176 -79.85635,40.41259"
weekday,kept,499.9,"-79.86356,40.40566 -79.86588,40.40477 -79.86787,40.40381 -79.86854,40.40331"
weekday,kept,16.7,"-79.85265,40.4094 -79.85249,40.4093"
weekday,kept,418.7,"-79.84125,40.39589 -79.83867,40.39567 -79.83859,40.39479 -79.83808,40.39399"
weekday,kept,40.0,"-79.82822,40.38729 -79.82787,40.38705"
weekday,kept,40.0,"-79.82557,40.3855 -79.82522,40.38526"
weekday,kept,18.0,"-79.82452,40.38478 -79.82432,40.38473"
weekday,kept,44.4,"-79.8211,40.38611 -79.82115,40.38613"
weekday,kept,39.4,"-79.82441,40.38471 -79.82406,40.38448"
weekday,added,19.4,"-79.82317,40.38389 -79.8232,40.38372"
weekday,added,39.9,"-79.82361,40.38359 -79.82408,40.38354"
weekday,added,40.0,"-79.82595,40.38336 -79.82642,40.38331"
weekday,kept,40.0,"-79.82803,40.38233 -79.82812,40.38197"
weekday,kept,20.0,"-79.82833,40.38128 -79.82839,40.3811"
weekday,kept,20.0,"-79.82854,40.3804 -79.82853,40.38022"
weekday,kept,60.0,"-79.82843,40.37968 -79.82831,40.37915"
weekday,kept,199.9,"-79.84107,40.35461 -79.84163,40.35428 -79.84322,40.35395"
weekday,kept,20.0,"-79.84368,40.35388 -79.84392,40.35385"
weekday,kept,1281.7,"-79.749,40.42912 -79.7499,40.42902 -79.75007,40.42832 -79.74988,40.42801 -79.7492,40.4279 -79.74926,40.42742 -79.75098,40.42764 -79.75116,40.42775 -79.7513,40.42808 -79.7511,40.42933 -79.75167,40.43215 -79.7524,40.43328 -79.75374,40.43427"
weekday,added,400.0,"-79.75393,40.43438 -79.7577,40.43655"
weekday,kept,3581.6,"-79.75788,40.43666 -79.75827,40.43677 -79.75917,40.43664 -79.75946,40.43712 -79.75981,40.43736 -79.76134,40.43756 -79.76151,40.43802 -79.76222,40.43804 -79.76255,40.43886 -79.76271,40.43894 -79.76646,40.43891 -79.77022,40.43867 -79.77691,40.43779 -79.77943,40.43731 -79.78556,40.436 -79.7855,40.43532 -79.78869,40.4338 -79.79213,40.43114 -79.79234,40.43082 -79.79236,40.4305 -79.79171,40.4303 -79.79103,40.42982"
weekday,added,265.3,"-79.79124,40.42972 -79.79245,40.42917 -79.79206,40.42906 -79.79181,40.42945 -79.79121,40.42974"
weekday,kept,11151.4,"-79.79262,40.43056 -79.79375,40.4308 -79.79432,40.43136 -79.79399,40.43258 -79.79461,40.43449 -79.79452,40.43483 -79.79431,40.4349 -79.79395,40.43472 -79.7941,40.43441 -79.79833,40.4333 -79.80712,40.43023 -79.80804,40.43005 -79.80968,40.42994 -79.81202,40.4301 -79.81184,40.42766 -79.81155,40.42661 -79.81131,40.42631 -79.81074,40.42605 -79.81126,40.42488 -79.81305,40.42401 -79.81348,40.42395 -79.81384,40.42417 -79.81486,40.42618 -79.81488,40.42654 -79.81455,40.42758 -79.81484,40.42844 -79.8154,40.42902 -79.81626,40.42963 -79.81762,40.4311 -79.8201,40.43275 -79.82136,40.43466 -79.82217,40.43501 -79.82447,40.43539 -79.82788,40.437 -79.83263,40.43935 -79.83438,40.44104 -79.83563,40.44185 -79.83867,40.44323 -79.84193,40.44501 -79.84405,40.4458 -79.84541,40.44609 -79.84838,40.44648 -79.84859,40.44617 -79.84903,40.44606 -79.85091,40.44611 -79.85279,40.446 -79.86229,40.44458 -79.86606,40.44355 -79.86796,40.44249 -79.87176,40.44067 -79.87298,40.43982 -79.87406,40.4395 -79.8757,40.43961 -79.87627,40.43993 -79.87668,40.44093 -79.87771,40.44135 -79.87727,40.44216 -79.88786,40.44569"
weekday,kept,17.9,"-80.00644,40.44116 -80.00642,40.441"
weekday,kept,879.9,"-79.88615,40.44321 -79.87663,40.44004"
weekday,kept,1647.9,"-79.84896,40.44602 -79.84849,40.44597 -79.84817,40.44481 -79.84729,40.44505 -79.84432,40.44447 -79.84408,40.44473 -79.84223,40.44445 -79.84116,40.44408 -79.83784,40.44235 -79.8332,40.43958"
weekday,kept,40.0,"-79.83206,40.43895 -79.83166,40.43875"
weekday,kept,419.4,"-79.82382,40.43508 -79.82202,40.43423 -79.82134,40.4335 -79.82008,40.43269"
weekday,kept,19.8,"-79.81176,40.42736 -79.81183,40.42753"
weekday,kept,55.5,"-79.81206,40.42986 -79.81202,40.42999 -79.81156,40.42993"
weekday,kept,19.9,"-79.8085,40.42993 -79.80828,40.43"
weekday,kept,20.0,"-79.80646,40.43035 -79.80624,40.43041"
weekday,kept,20.0,"-79.79937,40.4328 -79.79915,40.43287"
weekday,kept,20.0,"-79.79873,40.43302 -79.79851,40.4331"
weekday,kept,20.0,"-79.7972,40.43351 -79.79698,40.43357"
weekday,kept,119.6,"-79.79562,40.43385 -79.79493,40.43376 -79.79439,40.43342"
weekday,kept,59.9,"-79.79409,40.43293 -79.79421,40.43241"
weekday,kept,176.7,"-79.7944,40.43189 -79.79468,40.43102 -79.79382,40.43081"
weekday,kept,39.8,"-79.79202,40.4305 -79.7922,40.43082"
weekday,kept,20.0,"-79.79097,40.43189 -79.79081,40.43202"
weekday,kept,80.0,"-79.79015,40.43253 -79.78948,40.43304"
weekday,kept,59.7,"-79.78865,40.43368 -79.78815,40.43405"
weekday,kept,20.0,"-79.78543,40.4357 -79.78549,40.43588"
weekday,kept,19.9,"-79.77982,40.43717 -79.77958,40.43717"
weekday,kept,20.0,"-79.77867,40.43735 -79.77844,40.4374"
weekday,kept,40.0,"-79.77752,40.43756 -79.77706,40.43765"
weekday,kept,39.6,"-79.77082,40.43855 -79.77036,40.43854"
weekday,kept,160.0,"-79.76895,40.43864 -79.76707,40.43876"
weekday,kept,79.3,"-79.76309,40.43892 -79.76242,40.43844"
weekday,kept,19.8,"-79.75908,40.43663 -79.75885,40.43663"
weekday,kept,20.0,"-79.75838,40.43664 -79.75815,40.43663"
weekday,kept,79.1,"-79.75123,40.42753 -79.75031,40.4275"
weekday,kept,674.1,"-79.74893,40.42768 -79.74665,40.42738 -79.74609,40.42768 -79.74593,40.4282 -79.74597,40.4291 -79.74612,40.42922 -79.74888,40.42913"
weekday,kept,74.2,"-79.88676,40.44253 -79.88669,40.44241 -79.88603,40.4422"
weekday,kept,4410.1,"-79.87845,40.43971 -79.87586,40.43884 -79.87493,40.43875 -79.87399,40.43794 -79.87354,40.43711 -79.87284,40.43639 -79.87158,40.4356 -79.87205,40.43405 -79.87264,40.43287 -79.87334,40.43194 -79.87377,40.43073 -79.87429,40.43038 -79.87539,40.43008 -79.87555,40.42996 -79.8755,40.42981 -79.87425,40.42899 -79.87205,40.42665 -79.86955,40.42566 -79.86901,40.42531 -79.86824,40.42382 -79.86781,40.4234 -79.86655,40.42292 -79.86402,40.42247 -79.86185,40.42176 -79.86023,40.42103 -79.85933,40.42045 -79.85895,40.41981 -79.85879,40.4173 -79.85851,40.41662 -79.85828,40.4163 -79.85682,40.41577 -79.85785,40.41359 -79.85788,40.41306 -79.85763,40.41277 -79.85671,40.41262"
weekday,kept,20.0,"-79.84117,40.40103 -79.84116,40.40085"
weekday,kept,7721.1,"-79.82239,40.3877 -79.82206,40.38837 -79.82113,40.38918 -79.81959,40.39099 -79.81902,40.39345 -79.81927,40.39374 -79.82002,40.39417 -79.82112,40.39596 -79.82127,40.39666 -79.82084,40.39897 -79.821,40.39949 -79.82403,40.40225 -79.82505,40.40366 -79.8252,40.40436 -79.82589,40.40482 -79.82519,40.40595 -79.82498,40.40738 -79.82246,40.40755 -79.81874,40.40806 -79.81888,40.40909 -79.81883,40.41141 -79.81859,40.41228 -79.81809,40.41289 -79.8162,40.41423 -79.81378,40.41812 -79.81301,40.41878 -79.81237,40.419 -79.8098,40.41925 -79.80673,40.42091 -79.8045,40.42191 -79.80356,40.42192 -79.80118,40.42117 -79.80047,40.42113 -79.79932,40.4213 -79.79666,40.42204 -79.79245,40.42434 -79.79037,40.42456 -79.78976,40.42553 -79.78848,40.42682 -79.78581,40.43036 -79.7902,40.43247"
weekday,kept,79.4,"-79.79063,40.43212 -79.7902,40.43225 -79.78974,40.43218"
weekday,kept,399.7,"-79.78574,40.43033 -79.78339,40.43342"
weekday,added,1234.0,"-79.78328,40.43349 -79.78237,40.43333 -79.7803,40.43246 -79.77898,40.43148 -79.77806,40.43153 -79.77706,40.43191 -79.7768,40.43239 -79.77563,40.43328 -79.77449,40.43442 -79.77242,40.43613"
weekday,added,299.5,"-79.7719,40.4365 -79.76969,40.43784 -79.76925,40.43825"
weekday,kept,20.0,"-79.76914,40.43841 -79.76903,40.43857"
weekday,added,20.0,"-79.76936,40.43826 -79.76947,40.43811"
weekday,added,99.5,"-79.77161,40.43675 -79.77246,40.43615"
weekday,kept,40.0,"-79.78618,40.42997 -79.78643,40.42967"
weekday,kept,177.7,"-79.81891,40.40912 -79.81979,40.40894 -79.81956,40.40806"
weekday,kept,20.0,"-79.85828,40.4163 -79.85841,40.41645"
weekday,kept,39.9,"-79.87232,40.43606 -79.8727,40.43628"
weekday,kept,8495.9,"-79.76685,40.38946 -79.76677,40.38892 -79.76588,40.38895 -79.76577,40.38904 -79.76634,40.39351 -79.76678,40.39453 -79.76909,40.39745 -79.77085,40.39914 -79.77255,40.40063 -79.77518,40.40216 -79.77564,40.40218 -79.78347,40.40084 -79.78613,40.40011 -79.78675,40.39985 -79.78942,40.39808 -79.7901,40.39796 -79.79151,40.39805 -79.7924,40.39783 -79.79309,40.39735 -79.79366,40.39656 -79.79414,40.39617 -79.79688,40.39476 -79.79796,40.39442 -79.79912,40.39453 -79.80347,40.39633 -79.80456,40.39658 -79.80511,40.3932 -79.80958,40.39326 -79.80971,40.39318 -79.80971,40.39174 -79.8095,40.39173 -79.80904,40.3918 -79.8087,40.39205 -79.8086,40.39326 -79.80508,40.39312 -79.80471,40.39522 -79.8048,40.39553 -79.80732,40.39596 -79.81021,40.39674 -79.8172,40.4013 -79.81736,40.4013 -79.81766,40.40102 -79.81786,40.40108 -79.82423,40.40381 -79.82514,40.40439"
weekday,kept,6192.9,"-79.82608,40.40493 -79.8267,40.40519 -79.82786,40.40534 -79.82856,40.40532 -79.82992,40.40501 -79.83159,40.40264 -79.83366,40.40053 -79.83692,40.40231 -79.83722,40.40257 -79.83885,40.40517 -79.84021,40.40641 -79.84229,40.4088 -79.844,40.41028 -79.84433,40.41095 -79.84451,40.4122 -79.84488,40.41305 -79.84736,40.41567 -79.84905,40.41863 -79.84992,40.4197 -79.85071,40.42036 -79.85164,40.42091 -79.86189,40.42605 -79.86262,40.42676 -79.86311,40.42757 -79.8639,40.43092 -79.86434,40.43175 -79.86485,40.43236 -79.86587,40.4331 -79.8713,40.43564"
weekday,kept,159.9,"-79.87496,40.43877 -79.87587,40.43934 -79.87629,40.43977"
weekday,kept,40.0,"-79.8911,40.44921 -79.89144,40.44947"
weekday,kept,20.0,"-80.00389,40.44142 -80.00412,40.44147"
weekday,kept,40.0,"-79.8713,40.43547 -79.87089,40.43528"
weekday,kept,20.0,"-79.86969,40.43471 -79.86949,40.43462"
weekday,kept,80.0,"-79.86908,40.43443 -79.86828,40.43405"
weekday,kept,20.0,"-79.86727,40.43358 -79.86707,40.43349"
weekday,kept,40.0,"-79.86667,40.4333 -79.86627,40.43311"
weekday,kept,59.9,"-79.86552,40.43267 -79.86504,40.43228"
weekday,kept,20.0,"-79.86476,40.43199 -79.86463,40.43184"
weekday,kept,40.0,"-79.86415,40.43102 -79.86402,40.43068"
weekday,kept,100.0,"-79.86391,40.43014 -79.86372,40.42926"
weekday,kept,60.0,"-79.86358,40.42855 -79.86347,40.42801"
weekday,kept,20.0,"-79.86328,40.4275 -79.8632,40.42733"
weekday,kept,40.0,"-79.86266,40.42653 -79.86237,40.42625"
weekday,kept,60.0,"-79.86172,40.42573 -79.86115,40.42541"
weekday,kept,40.0,"-79.86075,40.42521 -79.86036,40.42502"
weekday,kept,20.0,"-79.85996,40.42483 -79.85976,40.42473"
weekday,kept,40.0,"-79.85897,40.42434 -79.85857,40.42414"
weekday,kept,20.0,"-79.85818,40.42394 -79.85798,40.42385"
weekday,kept,80.0,"-79.85758,40.42365 -79.85679,40.42326"
weekday,kept,60.0,"-79.8558,40.42277 -79.85521,40.42248"
weekday,kept,60.0,"-79.85401,40.4219 -79.85342,40.4216"
weekday,kept,40.0,"-79.85303,40.4214 -79.85263,40.42121"
weekday,kept,20.0,"-79.85223,40.42102 -79.85203,40.42092"
weekday,kept,199.9,"-79.85164,40.42072 -79.85072,40.42016 -79.84994,40.41949"
weekday,kept,20.0,"-79.84913,40.4184 -79.84903,40.41823"
weekday,kept,80.0,"-79.84877,40.41773 -79.84841,40.41707"
weekday,kept,20.0,"-79.84824,40.41673 -79.84815,40.41657"
weekday,kept,20.0,"-79.84765,40.41575 -79.84754,40.4156"
weekday,kept,40.0,"-79.84729,40.41529 -79.84702,40.41499"
weekday,kept,80.0,"-79.84645,40.41443 -79.84586,40.41386"
weekday,kept,19.9,"-79.84528,40.4133 -79.84515,40.41315"
weekday,kept,20.0,"-79.84496,40.41282 -79.84487,40.41265"
weekday,kept,120.0,"-79.84469,40.41213 -79.84455,40.41106"
weekday,kept,59.9,"-79.84436,40.41054 -79.84404,40.41006"
weekday,kept,539.8,"-79.84344,40.40951 -79.84249,40.40872 -79.84146,40.40711 -79.83955,40.40577"
weekday,kept,1299.5,"-79.81776,40.40103 -79.81033,40.39632 -79.80743,40.39556 -79.80533,40.39536 -79.80488,40.39548"
weekday,kept,33.2,"-79.80972,40.39256 -79.80972,40.39262"
weekday,kept,529.1,"-79.80471,40.39535 -79.80468,40.39551 -79.80397,40.3955 -79.8039,40.39484 -79.80181,40.39478 -79.8012,40.39453 -79.79957,40.39434"
weekday,kept,20.0,"-79.79862,40.39433 -79.79839,40.39435"
weekday,kept,215.2,"-79.76628,40.39112 -79.76699,40.39106 -79.76704,40.39093 -79.76687,40.38968"
weekday,kept,1418.9,"-79.98524,40.46639 -79.98592,40.46413 -79.98794,40.46089 -79.99318,40.45982 -79.9935,40.45958 -79.99443,40.45812 -79.99524,40.45779"
weekday,kept,56.8,"-79.98537,40.46632 -79.98557,40.4664 -79.98558,40.46656 -79.98535,40.46656"
weekday,kept,4271.2,"-79.89532,40.4472 -79.90808,40.45145 -79.90836,40.45125 -79.91141,40.447 -79.91409,40.44637 -79.91552,40.44495 -79.91608,40.44464 -79.92045,40.44387 -79.92776,40.4441 -79.93121,40.44563 -79.93589,40.44521 -79.93874,40.44394"
weekday,kept,19.6,"-79.99443,40.43588 -79.9946,40.43601"
weekday,kept,19.7,"-79.99263,40.44143 -79.99273,40.44159"
weekday,kept,55.7,"-79.91222,40.44676 -79.91158,40.44676"
weekday,kept,3529.8,"-79.922,40.47959 -79.92222,40.47964 -79.92236,40.47951 -79.92373,40.47723 -79.91845,40.47522 -79.91842,40.4751 -79.91947,40.4731 -79.92482,40.4614 -79.92506,40.45979 -79.92535,40.45423 -79.92397,40.45195"
weekday,kept,369.1,"-79.9224,40.47943 -79.92028,40.47877 -79.92018,40.47893 -79.92031,40.47902 -79.92182,40.47952"
weekday,kept,2952.0,"-79.88423,40.44458 -79.88335,40.44624 -79.88474,40.4517 -79.90885,40.45721"
weekday,kept,680.0,"-79.91264,40.45399 -79.92053,40.45291"
weekday,kept,200.0,"-79.96315,40.43716 -79.96153,40.43585"
weekday,kept,518.5,"-79.95643,40.4351 -79.95672,40.43462 -79.95838,40.43334 -79.95869,40.43175 -79.95923,40.43117"
weekday,kept,300.3,"-79.97624,40.42852 -79.97605,40.43031 -79.97723,40.43038"
weekday,kept,180.0,"-79.97744,40.43039 -79.9776,40.42877"
weekday,kept,40.0,"-79.95637,40.43527 -79.95625,40.43562"
weekday,added,98.3,"-79.95619,40.43579 -79.95615,40.43595 -79.95709,40.43594"
weekday,kept,59.7,"-79.95733,40.43594 -79.95803,40.43591"
weekday,kept,16.1,"-79.90915,40.45717 -79.909,40.45726"
weekday,kept,16121.0,"-79.70601,40.46668 -79.70634,40.46828 -79.70593,40.46831 -79.70585,40.46816 -79.70547,40.46657 -79.70535,40.46514 -79.70565,40.463 -79.70629,40.46108 -79.70736,40.45929 -79.71076,40.45519 -79.71252,40.45286 -79.71339,40.45139 -79.71391,40.44982 -79.71402,40.44713 -79.71286,40.43838 -79.71319,40.43679 -79.71376,40.43581 -79.71627,40.43255 -79.71771,40.43091 -79.71918,40.4295 -79.72014,40.42872 -79.72089,40.42829 -79.72195,40.4279 -79.72353,40.42754 -79.72494,40.42755 -79.72641,40.4281 -79.72722,40.42875 -79.7318,40.43354 -79.7332,40.43476 -79.73556,40.43625 -79.73778,40.43727 -79.73947,40.43789 -79.74062,40.43924 -79.74221,40.44031 -79.74283,40.44058 -79.74374,40.44077 -79.74656,40.4408 -79.7496,40.44177 -79.75054,40.44177 -79.75255,40.44127 -79.75348,40.44136 -79.75449,40.44181 -79.75759,40.44375 -79.75897,40.44443 -79.7604,40.44205 -79.7607,40.44178 -79.76115,40.44169 -79.76277,40.4424 -79.7645,40.44334 -79.76618,40.444 -79.76888,40.44464 -79.77146,40.44484 -79.77404,40.44468 -79.78628,40.4427 -79.79025,40.44225 -79.79355,40.44211 -79.80417,40.44208 -79.80629,40.44222 -79.81119,40.44281 -79.81354,40.44289 -79.82624,40.44203 -79.82807,40.44167 -79.83136,40.44068 -79.83251,40.44049 -79.83368,40.44055 -79.83457,40.4408 -79.83731,40.44221"
weekday,kept,40.0,"-79.83808,40.44262 -79.83847,40.44283"
weekday,kept,40.0,"-79.84021,40.44375 -79.8406,40.44395"
weekday,kept,520.0,"-79.84252,40.44463 -79.84841,40.44596"
weekday,kept,20.0,"-79.84541,40.44528 -79.84518,40.44522"
weekday,kept,20.0,"-79.84451,40.44504 -79.84429,40.44498"
weekday,kept,20.0,"-79.83477,40.44076 -79.83456,40.44068"
weekday,kept,40.0,"-79.8318,40.44044 -79.83134,40.44053"
weekday,kept,20.0,"-79.8309,40.44066 -79.83068,40.44073"
weekday,kept,20.0,"-79.83003,40.44093 -79.82981,40.441"
weekday,kept,20.0,"-79.82937,40.44114 -79.82916,40.44121"
weekday,kept,40.0,"-79.82872,40.44134 -79.82827,40.44146"
weekday,kept,40.0,"-79.82783,40.44158 -79.82737,40.44168"
weekday,kept,40.0,"-79.82669,40.44181 -79.82623,40.44189"
weekday,kept,140.0,"-79.82506,40.44201 -79.82341,40.44212"
weekday,kept,180.0,"-79.82176,40.44223 -79.81965,40.44236"
weekday,kept,180.0,"-79.81823,40.44245 -79.81612,40.44259"
weekday,kept,280.0,"-79.81471,40.44268 -79.81141,40.44268"
weekday,kept,80.0,"-79.81047,40.44258 -79.80954,40.44247"
weekday,kept,80.0,"-79.80861,40.44236 -79.80767,40.44224"
weekday,kept,80.0,"-79.80674,40.44213 -79.80581,40.44203"
weekday,kept,180.0,"-79.79849,40.44195 -79.79637,40.44195"
weekday,kept,20.0,"-79.79377,40.44197 -79.79354,40.44197"
weekday,kept,180.0,"-79.79212,40.44201 -79.79,40.44213"
weekday,kept,80.0,"-79.78883,40.44224 -79.7879,40.44234"
weekday,kept,60.0,"-79.78696,40.44246 -79.78627,40.44256"
weekday,kept,80.0,"-79.78581,40.44263 -79.78488,40.44278"
weekday,kept,60.0,"-79.78419,40.4429 -79.7835,40.44301"
weekday,kept,60.0,"-79.7828,40.44312 -79.78211,40.44323"
weekday,kept,40.0,"-79.78119,40.44338 -79.78073,40.44346"
weekday,kept,40.0,"-79.7798,40.44361 -79.77934,40.44368"
weekday,kept,40.0,"-79.77842,40.44383 -79.77795,40.4439"
weekday,kept,40.0,"-79.77703,40.44405 -79.77657,40.44412"
weekday,kept,60.0,"-79.77564,40.44427 -79.77495,40.44439"
weekday,kept,60.0,"-79.77426,40.4445 -79.77356,40.44459"
weekday,kept,40.0,"-79.77192,40.4447 -79.77144,40.4447"
weekday,kept,80.0,"-79.7698,40.44461 -79.76886,40.44449"
weekday,kept,40.0,"-79.76818,40.44436 -79.76772,40.44427"
weekday,kept,40.0,"-79.76727,40.44416 -79.76683,40.44404"
weekday,kept,20.0,"-79.76639,40.4439 -79.76617,40.44383"
weekday,kept,20.0,"-79.76574,40.44368 -79.76553,40.44361"
weekday,kept,20.0,"-79.76511,40.44344 -79.7649,40.44335"
weekday,kept,80.0,"-79.76371,40.44277 -79.76297,40.44233"
weekday,kept,778.5,"-79.76261,40.4421 -79.75988,40.44011 -79.75952,40.43946 -79.75958,40.43929 -79.76,40.43916 -79.76034,40.43939 -79.76052,40.4401 -79.76031,40.44188"
weekday,kept,76.1,"-79.73992,40.4383 -79.73991,40.43797 -79.73958,40.43778"
weekday,kept,20.0,"-79.73827,40.43737 -79.73805,40.4373"
weekday,kept,20.0,"-79.73048,40.43202 -79.73034,40.43188"
weekday,kept,20.0,"-79.72812,40.42956 -79.72798,40.42941"
weekday,kept,319.5,"-79.72718,40.42852 -79.72636,40.42765 -79.72581,40.42731 -79.72513,40.4272 -79.72421,40.42736"
weekday,kept,40.0,"-79.72047,40.42841 -79.72011,40.42865"
weekday,kept,20.0,"-79.7135,40.44351 -79.71353,40.44369"
weekday,kept,20.0,"-79.71379,40.44994 -79.71375,40.45012"
weekday,kept,60.0,"-79.70553,40.46313 -79.70543,40.46366"
weekday,kept,98.4,"-79.70544,40.46594 -79.70567,40.46591 -79.70584,40.46602 -79.70598,40.46655"
weekday,kept,1234.8,"-79.91686,40.42601 -79.91922,40.42667 -79.91776,40.43027 -79.91903,40.43557"
weekday,added,200.0,"-79.91905,40.43575 -79.91929,40.43754"
weekday,kept,40.0,"-79.91931,40.43772 -79.91935,40.43807"
weekday,kept,439.8,"-79.91236,40.45399 -79.90972,40.4522 -79.90832,40.45154"
weekday,kept,5128.3,"-79.90125,40.44929 -79.89728,40.455 -79.89462,40.4617 -79.89405,40.46197 -79.89382,40.46193 -79.89246,40.46161 -79.89187,40.46133 -79.8885,40.46059 -79.88849,40.46131 -79.89073,40.46187 -79.89088,40.46252 -79.8917,40.46278 -79.8918,40.46346 -79.89468,40.46421 -79.89506,40.4644 -79.89511,40.46458 -79.89489,40.46487 -79.8935,40.4649 -79.89282,40.46506 -79.89102,40.46468 -79.89008,40.46465 -79.89011,40.46714 -79.89388,40.46693 -79.89434,40.467 -79.89492,40.46729 -79.89598,40.46868 -79.89596,40.46882 -79.89434,40.46987 -79.89247,40.47063 -79.89081,40.47238 -79.88983,40.47287 -79.88819,40.47303 -79.88796,40.47326 -79.88823,40.4732"
weekday,kept,19.9,"-79.88822,40.4732 -79.88834,40.47305"
weekday,kept,19.7,"-79.89271,40.46508 -79.89293,40.46503"
weekday,kept,220.0,"-79.91613,40.42791 -79.91686,40.42601"
weekday,kept,1176.6,"-79.94733,40.44719 -79.94763,40.44803 -79.94492,40.45051 -79.94104,40.45129 -79.93693,40.45266"
weekday,kept,1279.0,"-79.91736,40.45752 -79.91673,40.45806 -79.9156,40.46022 -79.91593,40.46163 -79.91629,40.4623 -79.91677,40.46291 -79.91854,40.46459 -79.92084,40.4655 -79.92262,40.46598"
weekday,kept,3598.3,"-79.92119,40.46974 -79.92697,40.47179 -79.93073,40.47327 -79.92717,40.48426 -79.92592,40.48533 -79.92588,40.48545 -79.92649,40.48595 -79.92487,40.48749 -79.92451,40.48809 -79.92066,40.48722 -79.92026,40.48737 -79.92001,40.48784 -79.91616,40.48697 -79.91508,40.48629"
weekday,kept,19.7,"-79.91371,40.48605 -79.9135,40.48611"
weekday,kept,2498.4,"-79.88288,40.48762 -79.88312,40.48867 -79.88303,40.48921 -79.8814,40.49219 -79.88128,40.49289 -79.88225,40.49604 -79.8836,40.4991 -79.88369,40.4992 -79.88528,40.49886 -79.88598,40.49894 -79.88757,40.49862 -79.88905,40.49807 -79.89101,40.49708 -79.89065,40.4967 -79.88969,40.49618 -79.88941,40.49591 -79.88927,40.49538 -79.8897,40.49456 -79.88927,40.49449 -79.88878,40.49506"
weekday,kept,18.7,"-79.8888,40.49523 -79.88899,40.49531"
weekday,kept,20.0,"-79.88928,40.4959 -79.8894,40.49606"
weekday,kept,20.0,"-79.88313,40.4886 -79.88316,40.48842"
weekday,kept,19.7,"-79.88302,40.48771 -79.88294,40.48754"
weekday,kept,39.3,"-79.91335,40.48652 -79.91378,40.48647"
weekday,kept,119.9,"-79.91444,40.48665 -79.9158,40.48694"
weekday,kept,1518.9,"-79.92657,40.48589 -79.92801,40.4847 -79.92807,40.48453 -79.93148,40.47407 -79.93133,40.47355 -79.93074,40.47326"
weekday,kept,20.0,"-79.92192,40.4657 -79.9217,40.46562"
weekday,kept,80.0,"-79.92127,40.46547 -79.92041,40.46518"
weekday,kept,40.0,"-79.9184,40.46427 -79.9181,40.46399"
weekday,kept,40.0,"-79.91724,40.46313 -79.91697,40.46284"
weekday,kept,20.0,"-79.91671,40.46254 -79.91659,40.46238"
weekday,kept,20.0,"-79.91639,40.46206 -79.9163,40.46189"
weekday,kept,40.0,"-79.91613,40.46156 -79.916,40.46121"
weekday,kept,40.0,"-79.91583,40.46051 -79.91575,40.46015"
weekday,added,174.3,"-79.81048,40.38266 -79.81045,40.38253 -79.81159,40.38139"
weekday,kept,1094.3,"-79.81175,40.38126 -79.81192,40.38115 -79.81298,40.38149 -79.81425,40.38102 -79.81519,40.38096 -79.81588,40.38107 -79.81718,40.38149 -79.81859,40.38266 -79.81946,40.38394 -79.82018,40.38565 -79.82075,40.38595"
weekday,kept,17.5,"-79.82299,40.38779 -79.82318,40.38786"
weekday,kept,1199.8,"-79.83866,40.39566 -79.8381,40.39777 -79.83734,40.39947 -79.83723,40.40036 -79.83753,40.40123 -79.83942,40.40392 -79.84001,40.40584"
weekday,kept,339.1,"-79.81807,40.38186 -79.81763,40.38144 -79.81683,40.38106 -79.81525,40.38071 -79.81461,40.38087"
weekday,added,214.7,"-79.81236,40.3814 -79.81095,40.38284 -79.81078,40.38282"
weekday,kept,8926.3,"-79.78589,40.47745 -79.78568,40.47736 -79.78554,40.47745 -79.78574,40.47766 -79.78558,40.4777 -79.78522,40.47753 -79.78748,40.47417 -79.78779,40.47186 -79.79154,40.46817 -79.79278,40.46768 -79.79345,40.46779 -79.7945,40.46938 -79.7951,40.46959 -79.79569,40.46931 -79.796,40.46828 -79.79807,40.46808 -79.79886,40.4668 -79.79904,40.46574 -79.79949,40.46491 -79.80068,40.46405 -79.80395,40.46264 -79.8042,40.46235 -79.8045,40.46093 -79.80477,40.46064 -79.80517,40.46045 -79.80775,40.46036 -79.80962,40.46016 -79.81078,40.4603 -79.81363,40.46154 -79.81662,40.46358 -79.81914,40.46402 -79.81978,40.46425 -79.82027,40.46463 -79.82098,40.46556 -79.82171,40.46601 -79.82215,40.46614 -79.82354,40.46629 -79.82442,40.46605 -79.82486,40.46564 -79.82508,40.46561 -79.82598,40.46617 -79.82618,40.46619 -79.82724,40.46547 -79.82844,40.4649 -79.83006,40.46472 -79.83096,40.4649 -79.8322,40.46564 -79.83301,40.46415 -79.83313,40.46308 -79.83387,40.4624 -79.83403,40.46206 -79.83393,40.45937 -79.83427,40.45815 -79.83679,40.45511 -79.83836,40.45355 -79.83903,40.45146 -79.83979,40.45015 -79.84034,40.44986 -79.84368,40.45073 -79.84443,40.44947 -79.84476,40.44922 -79.84814,40.44843 -79.84918,40.44802 -79.84937,40.44771 -79.84932,40.44754 -79.84844,40.44669"
weekday,kept,14.1,"-79.84377,40.45069 -79.8436,40.4507"
weekday,kept,37.9,"-79.82629,40.4661 -79.82613,40.46621 -79.82596,40.46608"
weekday,kept,232.4,"-79.82509,40.46548 -79.82444,40.46473 -79.82406,40.4649 -79.82406,40.46504 -79.82471,40.46554"
weekday,kept,19.7,"-79.80413,40.46247 -79.80399,40.46261"
weekday,kept,370.3,"-79.78596,40.47783 -79.78641,40.47777 -79.78771,40.47699 -79.78725,40.47673 -79.78713,40.47707 -79.78621,40.47763"
weekday,kept,300.0,"-79.83084,40.53857 -79.83428,40.53792"
weekday,kept,13235.1,"-79.84993,40.5288 -79.84369,40.52625 -79.84099,40.52561 -79.84219,40.52329 -79.84259,40.52207 -79.84358,40.51403 -79.84321,40.51394 -79.84343,40.51143 -79.84269,40.50862 -79.84316,40.50399 -79.84015,40.50364 -79.83817,40.50267 -79.83791,40.50237 -79.83759,40.50096 -79.83747,40.49899 -79.83687,40.49745 -79.83644,40.49369 -79.83614,40.49011 -79.83693,40.48842 -79.83736,40.48647 -79.83753,40.48289 -79.83884,40.48039 -79.84007,40.4793 -79.84281,40.4776 -79.84375,40.47754 -79.84555,40.47796 -79.84623,40.47787 -79.84853,40.47541 -79.84862,40.47451 -79.84795,40.47242 -79.84699,40.46835 -79.84675,40.46477 -79.84641,40.4643 -79.84589,40.46394 -79.84372,40.46325 -79.84286,40.46265 -79.84244,40.46182 -79.84261,40.4604 -79.84268,40.46023 -79.84394,40.45945 -79.84831,40.45767 -79.84995,40.45764 -79.85409,40.45837 -79.8557,40.45815 -79.85718,40.45726 -79.85896,40.45355 -79.86108,40.45213 -79.86276,40.45018 -79.86366,40.44934 -79.86405,40.44917 -79.86736,40.4491 -79.87113,40.44615 -79.87375,40.44534 -79.87451,40.44471 -79.87569,40.44469 -79.87588,40.44459 -79.87719,40.44228"
weekday,kept,80.0,"-79.87816,40.44057 -79.87779,40.44123"
weekday,kept,20.0,"-79.84327,40.514 -79.8435,40.51402"
weekday,kept,5468.4,"-79.86742,40.4492 -79.86812,40.45053 -79.86823,40.45106 -79.86788,40.4519 -79.86663,40.45267 -79.86686,40.45317 -79.86679,40.45368 -79.86704,40.45398 -79.86792,40.45422 -79.86933,40.45419 -79.87108,40.45507 -79.87246,40.45445 -79.87296,40.45407 -79.87338,40.45343 -79.87363,40.45255 -79.8738,40.45254 -79.87414,40.45278 -79.87433,40.4531 -79.87406,40.45414 -79.87441,40.45517 -79.87409,40.45564 -79.87327,40.45628 -79.87148,40.45668 -79.8709,40.45601 -79.87088,40.45565 -79.8711,40.45514 -79.87099,40.45502 -79.86944,40.45421 -79.8678,40.45421 -79.86714,40.45404 -79.86682,40.45377 -79.86685,40.45308 -79.86654,40.45268 -79.86474,40.45354 -79.86409,40.45405 -79.86376,40.4549 -79.86394,40.45669 -79.86418,40.45719 -79.86603,40.45949 -79.86635,40.46035 -79.86634,40.46107 -79.86574,40.46299 -79.86541,40.46567 -79.8655,40.46578 -79.86826,40.46625 -79.86988,40.46722 -79.87315,40.46683 -79.87364,40.46835 -79.87421,40.4689 -79.87452,40.46977 -79.87472,40.46985"
weekday,added,698.8,"-79.87495,40.46988 -79.87928,40.46905 -79.87983,40.46847 -79.88087,40.46805 -79.88252,40.46807"
weekday,kept,898.8,"-79.88275,40.46808 -79.8844,40.46816 -79.88662,40.46874 -79.88763,40.47055 -79.88915,40.47135 -79.88917,40.47188 -79.88882,40.47292"
weekday,kept,2170.4,"-79.89615,40.4689 -79.89719,40.47005 -79.89944,40.46952 -79.90347,40.46802 -79.90575,40.46924 -79.90719,40.46785 -79.91006,40.46702 -79.91447,40.46531 -79.91737,40.46347"
weekday,kept,259.9,"-79.92292,40.46073 -79.92569,40.46173"
weekday,kept,218.8,"-79.92621,40.46097 -79.92654,40.46051 -79.92831,40.46"
weekday,added,353.5,"-79.92853,40.45993 -79.9294,40.45967 -79.92942,40.45985 -79.92819,40.46193"
weekday,kept,213.8,"-79.92798,40.46225 -79.92773,40.46246 -79.92581,40.46177"
weekday,added,437.0,"-79.92198,40.46162 -79.9209,40.46125 -79.92072,40.4613 -79.91784,40.46317"
weekday,kept,20.0,"-79.91767,40.46329 -79.91748,40.4634"
weekday,kept,187.4,"-79.86606,40.46186 -79.86528,40.46179 -79.86516,40.46232 -79.86581,40.46245"
weekday,kept,99.7,"-79.8664,40.46098 -79.8664,40.46009"
weekday,kept,40.0,"-79.86552,40.45864 -79.86527,40.45834"
weekday,kept,40.0,"-79.86418,40.45695 -79.86402,40.45661"
weekday,kept,20.0,"-79.86823,40.45057 -79.86815,40.4504"
weekday,kept,1816.0,"-80.03053,40.51768 -80.02961,40.51779 -80.02542,40.51897 -80.02451,40.51794 -80.02389,40.51769 -80.02274,40.51757 -80.02238,40.51734 -80.02219,40.51701 -80.02244,40.51597 -80.02301,40.51519 -80.02598,40.51314 -80.02704,40.51218 -80.02827,40.50985"
weekday,kept,1379.6,"-80.02966,40.50791 -80.02977,40.50738 -80.02968,40.50667 -80.02906,40.5057 -80.02838,40.50522 -80.02637,40.50428 -80.0245,40.50291 -80.02309,40.50105 -80.02111,40.49952 -80.02034,40.49841"
weekday,kept,3491.7,"-80.0183,40.48937 -80.01627,40.48788 -80.01625,40.48681 -80.01543,40.48476 -80.01487,40.48443 -80.01372,40.48426 -80.01291,40.48362 -80.01293,40.48327 -80.0138,40.48201 -80.01311,40.48049 -80.0118,40.47977 -80.01237,40.47657 -80.01231,40.47604 -80.01202,40.47555 -80.01041,40.47426 -80.01033,40.47228 -80.0102,40.47195 -80.00878,40.47135 -80.00841,40.4705 -80.00838,40.46961 -80.00875,40.46916 -80.0097,40.46863 -80.01003,40.46705 -80.01157,40.46624 -80.01173,40.46554 -80.01128,40.46415 -80.01153,40.46387 -80.01221,40.46372"
weekday,kept,20.0,"-80.02885,40.50551 -80.02901,40.50565"
weekday,kept,20.0,"-80.02218,40.51638 -80.0221,40.51655"
weekday,kept,79.7,"-80.02209,40.51725 -80.02236,40.51754 -80.02276,40.51772"
weekday,kept,19.8,"-80.02513,40.51881 -80.02531,40.51892"
weekday,kept,19.9,"-79.92105,40.46001 -79.92122,40.46013"
weekday,kept,1944.2,"-79.92783,40.4625 -79.93059,40.46349 -79.93412,40.45786 -79.93416,40.45723 -79.94422,40.45422"
weekday,kept,179.9,"-79.98517,40.43726 -79.98503,40.43888"
weekday,added,199.8,"-79.98502,40.43905 -79.98499,40.43959 -79.98576,40.4407"
weekday,kept,3275.1,"-79.98587,40.44086 -79.98598,40.44101 -79.98583,40.44111 -79.98088,40.44321 -79.98005,40.44384 -79.97655,40.44531 -79.97615,40.44519 -79.97564,40.44441 -79.97667,40.44398 -79.97621,40.44321 -79.97862,40.44212 -79.97898,40.44166 -79.979,40.4413 -79.97867,40.44084 -79.97727,40.44019 -79.97563,40.44017 -79.97355,40.441 -79.97313,40.44085 -79.97228,40.44023 -79.97159,40.43954 -79.97067,40.43967 -79.96977,40.44018 -79.97002,40.44068 -79.97,40.44158 -79.96963,40.44168 -79.96816,40.44284 -79.96614,40.44334 -79.96567,40.44289 -79.96516,40.44324 -79.96496,40.44313"
weekday,added,160.0,"-79.96477,40.44303 -79.96324,40.44219"
weekday,kept,399.2,"-79.96305,40.44208 -79.96035,40.44063 -79.95948,40.4398"
weekday,kept,1858.0,"-79.95201,40.4519 -79.95568,40.45793 -79.95598,40.4582 -79.95683,40.45851 -79.95711,40.45878 -79.95699,40.45912 -79.95279,40.46368 -79.95294,40.464 -79.95514,40.46563"
weekday,kept,2209.2,"-79.96218,40.46881 -79.96087,40.46984 -79.95786,40.47412 -79.95771,40.47445 -79.95756,40.47624 -79.9557,40.47831 -79.95377,40.48139 -79.95,40.48354 -79.94884,40.48279 -79.9484,40.48274 -79.94803,40.48293"
weekday,kept,337.8,"-79.94789,40.48306 -79.94744,40.48368 -79.94808,40.4844 -79.94971,40.48368"
weekday,kept,60.0,"-79.95487,40.46543 -79.95437,40.46506"
weekday,kept,19.9,"-79.95287,40.46392 -79.95291,40.46374"
weekday,kept,20.0,"-79.95434,40.4621 -79.95448,40.46195"
weekday,kept,40.0,"-79.95583,40.46048 -79.9561,40.46018"
weekday,kept,19.5,"-79.9573,40.45886 -79.95735,40.45869"
weekday,kept,20.0,"-79.98645,40.43851 -79.98647,40.43834"
weekday,added,243.4,"-79.98649,40.43816 -79.9866,40.43692 -79.98536,40.43685"
weekday,kept,2037.6,"-79.89636,40.46857 -79.89741,40.46718 -79.89802,40.46563 -79.89905,40.46466 -79.90418,40.46333 -79.90691,40.46192 -79.91043,40.46088 -79.91344,40.46041 -79.91518,40.46091 -79.91588,40.46081"
weekday,added,40.0,"-79.92936,40.45962 -79.92918,40.45928"
weekday,kept,478.8,"-79.9291,40.45912 -79.92895,40.45879 -79.93378,40.45734"
weekday,kept,2337.2,"-79.95202,40.45189 -79.95465,40.4511 -79.9583,40.44855 -79.95871,40.44837 -79.95941,40.44834 -79.96239,40.44887 -79.96475,40.44887 -79.96517,40.44872 -79.96902,40.44607 -79.97072,40.44544 -79.97252,40.44578 -79.97398,40.44518 -79.9761,40.44528"
weekday,kept,673.3,"-79.98605,40.44101 -79.98688,40.44068 -79.98757,40.44056 -79.99158,40.44053 -79.99099,40.43887"
weekday,kept,759.0,"-79.99251,40.43887 -79.99514,40.43809 -79.9956,40.43807 -80.00064,40.44003"
weekday,kept,945.3,"-79.99377,40.44162 -79.99317,40.44136 -79.99205,40.44162 -79.99088,40.44274 -79.99002,40.44154 -79.98733,40.44266 -79.98716,40.44264 -79.98602,40.44107"
weekday,kept,955.7,"-79.96287,40.44192 -79.96434,40.44052 -79.96805,40.44002 -79.96861,40.44033 -79.96869,40.44047 -79.96857,40.44062 -79.96578,40.44281"
weekday,kept,983.7,"-79.9651,40.44331 -79.96341,40.44456 -79.96252,40.44538 -79.96186,40.44555 -79.96093,40.44546 -79.96049,40.44559 -79.96021,40.44607 -79.95999,40.44713 -79.96016,40.4471 -79.96032,40.44677 -79.96025,40.44661 -79.9601,40.44666 -79.95985,40.44734 -79.95914,40.44778 -79.9588,40.44825"
weekday,kept,497.2,"-79.95775,40.44894 -79.95704,40.45027 -79.95679,40.45115 -79.95729,40.45149 -79.95923,40.45214"
weekday,added,260.0,"-79.95945,40.45222 -79.96225,40.45316"
weekday,kept,2011.9,"-79.96248,40.4532 -79.96292,40.45325 -79.96434,40.45229 -79.96489,40.45285 -79.96666,40.45319 -79.98295,40.44628"
weekday,added,180.0,"-79.98315,40.44619 -79.98501,40.44541"
weekday,kept,434.8,"-79.98522,40.44532 -79.9881,40.44409 -79.98732,40.44285"
weekday,kept,99.9,"-79.98998,40.44147 -79.98975,40.44115 -79.98966,40.44062"
weekday,kept,20.0,"-79.99101,40.43916 -79.99101,40.43898"
weekday,kept,810.9,"-79.96492,40.45288 -79.96193,40.45492 -79.96142,40.45433 -79.96151,40.4542 -79.96055,40.45341 -79.95847,40.45265 -79.95873,40.45215"
weekday,kept,39.9,"-79.96045,40.44564 -79.96087,40.44549"
weekday,kept,40.0,"-79.96388,40.44421 -79.96421,40.44396"
weekday,kept,20.0,"-79.96625,40.44246 -79.96641,40.44233"
weekday,kept,53.3,"-79.96858,40.44068 -79.96884,40.44049 -79.96867,40.44038"
weekday,kept,60.0,"-79.97619,40.44524 -79.97653,40.44571"
weekday,added,1273.0,"-79.97665,40.44587 -79.97665,40.446 -79.96512,40.45089 -79.96493,40.45099 -79.96435,40.45197"
weekday,kept,40.0,"-79.96508,40.45305 -79.96536,40.45334"
weekday,added,219.8,"-79.9655,40.45349 -79.96582,40.45396 -79.96605,40.45539"
weekday,kept,159.8,"-79.96605,40.45557 -79.96504,40.45677"
weekday,kept,1427.0,"-79.96748,40.46141 -79.96926,40.46023 -79.96989,40.46072 -79.97006,40.46069 -79.97829,40.45503 -79.97842,40.45491 -79.97747,40.45412 -79.97742,40.45395 -79.97775,40.4537"
weekday,added,120.0,"-79.97793,40.45358 -79.979,40.45287"
weekday,added,119.4,"-79.97935,40.45263 -79.97975,40.45222 -79.97948,40.45173"
weekday,kept,31.3,"-79.9933,40.44346 -79.9932,40.44332 -79.99304,40.44334"
weekday,kept,619.9,"-79.97494,40.45631 -79.96952,40.46005"
weekday,kept,1619.8,"-79.93071,40.46346 -79.92746,40.46885 -79.92385,40.47702"
weekday,added,275.2,"-79.82657,40.46487 -79.82775,40.46428 -79.82836,40.46378 -79.82853,40.46445"
weekday,kept,20.0,"-79.82857,40.46463 -79.8286,40.4648"
weekday,kept,1398.8,"-79.83229,40.4658 -79.83321,40.46705 -79.83428,40.46739 -79.83522,40.46743 -79.83591,40.46732 -79.83758,40.46665 -79.83889,40.46562 -79.83959,40.46448 -79.83991,40.46344 -79.84091,40.46222 -79.84126,40.46119 -79.84248,40.46035"
weekday,kept,6674.6,"-79.84333,40.46007 -79.844,40.46021 -79.84514,40.46111 -79.84555,40.46128 -79.84743,40.46126 -79.8481,40.46141 -79.85258,40.4646 -79.85296,40.46481 -79.85365,40.4649 -79.85429,40.4647 -79.85642,40.46302 -79.85716,40.46258 -79.85965,40.46205 -79.86165,40.4615 -79.86234,40.46141 -79.8647,40.46143 -79.86789,40.46079 -79.87067,40.46119 -79.87137,40.46112 -79.87248,40.46082 -79.87322,40.46039 -79.87573,40.45824 -79.87779,40.45703 -79.87979,40.45526 -79.88091,40.45504 -79.88392,40.45549 -79.88596,40.45507 -79.88619,40.4551 -79.90179,40.45864 -79.90328,40.45815 -79.90469,40.45811 -79.90631,40.45835 -79.90928,40.45895 -79.9134,40.4603"
weekday,kept,20.0,"-79.97047,40.45939 -79.97065,40.45927"
weekday,kept,739.9,"-79.98702,40.44815 -79.9938,40.44396"
weekday,kept,79.8,"-79.9938,40.44379 -79.99315,40.44431"
weekday,kept,117.4,"-79.8809,40.45503 -79.88072,40.45472 -79.87997,40.4551"
weekday,kept,31.7,"-79.82527,40.46563 -79.82521,40.46553 -79.82545,40.4655"
weekday,added,80.0,"-79.82567,40.46544 -79.82639,40.46498"
weekday,kept,480.0,"-79.92277,40.46601 -79.92368,40.4662 -79.92796,40.46771"
weekday,kept,2909.9,"-79.92755,40.46877 -79.9329,40.47067 -79.93455,40.47219 -79.9358,40.47269 -79.9401,40.4717 -79.94005,40.47105 -79.94034,40.4702 -79.94019,40.46986 -79.93963,40.46928 -79.93805,40.46897 -79.93806,40.46818 -79.93461,40.4677 -79.93639,40.46476 -79.93443,40.46476 -79.93076,40.46352"
weekday,kept,1039.2,"-79.93248,40.46071 -79.93505,40.46162 -79.94442,40.46244"
weekday,kept,218.5,"-79.95042,40.46461 -79.95182,40.46316 -79.95201,40.46324"
weekday,kept,179.9,"-79.95285,40.46399 -79.95134,40.46513"
weekday,kept,79.5,"-79.94554,40.46235 -79.9446,40.46231"
weekday,kept,576.6,"-79.9365,40.46469 -79.93859,40.4646 -79.93764,40.46811"
weekday,kept,19.4,"-79.936,40.47265 -79.93577,40.47268"
weekday,kept,20.0,"-79.92776,40.46748 -79.92755,40.46741"
weekday,kept,20.0,"-79.92712,40.46726 -79.92691,40.46718"
weekday,kept,20.0,"-79.92583,40.4668 -79.92562,40.46673"
weekday,kept,20.0,"-79.92519,40.46658 -79.92498,40.4665"
weekday,kept,20.0,"-79.92455,40.46635 -79.92434,40.46627"
weekday,kept,20.0,"-79.9239,40.46612 -79.92369,40.46605"
weekday,kept,1179.7,"-79.93841,40.46458 -79.93958,40.46457 -79.95144,40.46616 -79.95215,40.46617"
weekday,kept,1119.5,"-79.95836,40.46511 -79.96527,40.46395 -79.96984,40.46083"
weekday,kept,7092.8,"-79.78791,40.47687 -79.79087,40.47509 -79.79151,40.47489 -79.79351,40.47541 -79.79952,40.47751 -79.79977,40.4778 -79.80052,40.48043 -79.80079,40.48073 -79.80142,40.48095 -79.80466,40.48139 -79.80453,40.48192 -79.80459,40.48245 -79.80428,40.48332 -79.80401,40.48361 -79.80361,40.48379 -79.80219,40.48385 -79.80175,40.48396 -79.80059,40.48483 -79.80015,40.48495 -79.79976,40.48481 -79.79955,40.48488 -79.79944,40.48503 -79.79966,40.48532 -79.80007,40.48521 -79.80022,40.48493 -79.80085,40.4847 -79.80143,40.48413 -79.80182,40.48394 -79.80345,40.48381 -79.80406,40.48357 -79.80455,40.48257 -79.80453,40.48186 -79.80473,40.48138 -79.80777,40.48161 -79.8091,40.48236 -79.81032,40.48344 -79.81133,40.4839 -79.81249,40.48404 -79.81388,40.48385 -79.81458,40.48387 -79.81525,40.48404 -79.81731,40.48492 -79.818,40.48492 -79.81914,40.48429 -79.81959,40.48332 -79.82072,40.48216 -79.82222,40.48102 -79.82253,40.48036 -79.82245,40.47838 -79.82163,40.47633 -79.8221,40.47514 -79.82198,40.47443 -79.8216,40.47398 -79.81976,40.47259 -79.81955,40.47227 -79.81959,40.47174 -79.8202,40.47121 -79.82215,40.47056 -79.8229,40.47013 -79.8255,40.46757 -79.82595,40.46656"
weekday,kept,20.0,"-79.82437,40.46459 -79.82429,40.46442"
weekday,added,2619.2,"-79.82423,40.46425 -79.82404,40.46138 -79.8233,40.45931 -79.82328,40.45751 -79.82295,40.4561 -79.82296,40.45556 -79.82339,40.45454 -79.82572,40.45303 -79.82635,40.45229 -79.82834,40.44453 -79.82853,40.44202"
weekday,kept,80.0,"-79.82853,40.44185 -79.82857,40.44113"
weekday,added,319.9,"-79.82859,40.44095 -79.82888,40.44027 -79.83034,40.43842"
weekday,kept,939.2,"-79.82178,40.43408 -79.81538,40.43104 -79.81351,40.43031 -79.81214,40.43001"
weekday,kept,40.0,"-79.79156,40.43144 -79.79123,40.43169"
weekday,kept,20.0,"-79.76227,40.43894 -79.76203,40.43894"
weekday,kept,96.7,"-79.76085,40.43893 -79.76061,40.43893 -79.76053,40.43907 -79.76051,40.43961"
weekday,kept,59.9,"-79.75894,40.44421 -79.7589,40.44474"
weekday,added,399.8,"-79.75894,40.44492 -79.76006,40.44747 -79.76079,40.44817"
weekday,kept,1029.9,"-79.76096,40.4483 -79.76113,40.44842 -79.75991,40.44925 -79.75661,40.45098 -79.75554,40.45169 -79.75512,40.45185 -79.75328,40.45215 -79.75163,40.45223 -79.75159,40.45251 -79.75116,40.45262"
weekday,added,158.3,"-79.75093,40.45267 -79.75029,40.45288 -79.75025,40.45306 -79.75028,40.45323 -79.75091,40.45346"
weekday,kept,60.0,"-79.75135,40.45321 -79.75139,40.45267"
weekday,kept,39.9,"-79.75905,40.44481 -79.75903,40.44445"
weekday,kept,20.0,"-79.76061,40.44001 -79.76062,40.43983"
weekday,kept,20.0,"-79.76063,40.43912 -79.76057,40.43894"
weekday,kept,20.0,"-79.8129,40.43026 -79.81312,40.43031"
weekday,kept,20.0,"-79.81379,40.4305 -79.814,40.43057"
weekday,kept,20.0,"-79.81682,40.43184 -79.81702,40.43194"
weekday,kept,20.0,"-79.81822,40.43251 -79.81842,40.4326"
weekday,kept,40.0,"-79.82063,40.43364 -79.82103,40.43383"
weekday,kept,19.7,"-79.83021,40.43822 -79.83029,40.43839"
weekday,added,20.0,"-79.82855,40.44051 -79.82843,40.44067"
weekday,added,219.9,"-79.82825,40.44099 -79.82817,40.44153 -79.82837,40.44295"
weekday,added,59.8,"-79.8283,40.44421 -79.82824,40.44475"
weekday,added,959.8,"-79.95934,40.44357 -79.95113,40.44951"
weekday,kept,20.0,"-79.95097,40.44964 -79.9508,40.44976"
weekday,added,1759.1,"-79.97612,40.49523 -79.98036,40.49997 -79.98115,40.50127 -79.98194,40.50164 -79.98429,40.50176 -79.98495,40.50196 -79.99037,40.50569"
weekday,kept,811.9,"-79.99041,40.50586 -79.99019,40.50617 -79.98934,40.50677 -79.98923,40.50711 -79.98945,40.50762 -79.99018,40.50807 -79.99095,40.50918 -79.99156,40.50972 -79.99343,40.51071 -79.99429,40.51101"
weekday,added,899.1,"-79.99451,40.51107 -79.99624,40.51164 -79.99827,40.51286 -79.9991,40.5132 -80.00324,40.5139 -80.00357,40.51414 -80.00361,40.5145"
weekday,kept,79.7,"-80.00364,40.51468 -80.0041,40.51529"
weekday,kept,80.0,"-80.00462,40.51571 -80.00478,40.515"
weekday,added,79.8,"-80.00483,40.51483 -80.00498,40.51412"
weekday,kept,100.0,"-80.00479,40.51405 -80.00363,40.51388"
weekday,added,20.0,"-80.0027,40.51374 -80.00247,40.51371"
weekday,added,20.0,"-80.00131,40.51355 -80.00107,40.51353"
weekday,kept,20.0,"-79.99015,40.50623 -79.99036,40.50616"
weekday,added,40.0,"-79.9905,40.50607 -79.99039,40.50572"
weekday,added,100.0,"-79.973,40.49192 -79.97216,40.49129"
weekday,kept,20.0,"-79.972,40.49116 -79.97183,40.49103"
weekday,kept,184.6,"-79.95791,40.44225 -79.95876,40.44255 -79.95976,40.44311"
weekday,kept,779.5,"-79.96717,40.46274 -79.96382,40.46748 -79.96238,40.46867"
weekday,kept,1794.8,"-79.94779,40.48451 -79.94614,40.48522 -79.93716,40.48842 -79.93835,40.49226 -79.93953,40.49531"
weekday,kept,1943.7,"-79.86596,40.49157 -79.8662,40.49187 -79.86662,40.49203 -79.86845,40.49169 -79.87104,40.49168 -79.87157,40.49199 -79.87153,40.49252 -79.87064,40.49334 -79.86878,40.49352 -79.86816,40.49376 -79.8677,40.49437 -79.86769,40.49509 -79.86787,40.49558 -79.866,40.49695 -79.86278,40.49981 -79.86099,40.50045"
weekday,kept,1253.8,"-79.8608,40.50056 -79.86072,40.50072 -79.86103,40.50096 -79.86241,40.50118 -79.86311,40.5011 -79.86506,40.50046 -79.86648,40.49984 -79.86997,40.49742 -79.86777,40.49537"
weekday,kept,40.0,"-79.93821,40.49153 -79.9381,40.49118"
weekday,kept,20.0,"-79.93787,40.49048 -79.93782,40.49031"
weekday,kept,20.0,"-79.93759,40.48961 -79.93753,40.48944"
weekday,kept,19.8,"-79.93729,40.48856 -79.93738,40.4884"
weekday,kept,2876.5,"-79.93154,40.47415 -79.93247,40.47675 -79.93299,40.47941 -79.93327,40.47989 -79.93466,40.48056 -79.94049,40.48202 -79.94309,40.47995 -79.94437,40.47866 -79.94656,40.47762 -79.94725,40.47768 -79.949,40.4782 -79.95087,40.47745 -79.95224,40.47764 -79.95382,40.47729 -79.95426,40.4774 -79.95549,40.47824"
weekday,kept,460.0,"-79.96197,40.43904 -79.95826,40.43603"
weekday,kept,1577.8,"-79.93656,40.43284 -79.93584,40.43238 -79.93498,40.43212 -79.93435,40.43235 -79.93369,40.43309 -79.93313,40.4334 -79.91918,40.43528"
weekday,kept,20.0,"-79.93375,40.41964 -79.93396,40.41955"
weekday,kept,1337.7,"-79.93438,40.41938 -79.93582,40.41878 -79.93698,40.41788 -79.93863,40.41592 -79.93914,40.41555 -79.93948,40.41342 -79.93998,40.41262 -79.94207,40.41179 -79.94437,40.41138"
weekday,kept,3.6,"-79.92983,40.4076 -79.92985,40.40757"
weekday,kept,519.7,"-79.94966,40.45253 -79.94772,40.4481"
weekday,lost,120.0,"-80.00352,40.45297 -80.00214,40.45323"
weekday,lost,2217.9,"-79.96667,40.47902 -79.96273,40.4826 -79.96003,40.48531 -79.95773,40.48686 -79.95467,40.48854 -79.9521,40.49012 -79.94941,40.49261 -79.94857,40.49323"
weekday,lost,576.6,"-79.76585,40.56336 -79.76561,40.56244 -79.7675,40.56214 -79.76765,40.5622 -79.76836,40.56478"
weekday,lost,190.3,"-79.75364,40.60175 -79.75203,40.60232 -79.75228,40.60261"
weekday,lost,140.0,"-79.75481,40.60186 -79.75625,40.60124"
weekday,lost,11.6,"-79.7521,40.60229 -79.75214,40.60239"
weekday,lost,546.8,"-79.75478,40.6028 -79.75493,40.60287 -79.75689,40.602 -79.75821,40.60165 -79.76034,40.60051"
weekday,lost,79.9,"-79.95024,40.49195 -79.9509,40.49144"
weekday,lost,99.2,"-79.95122,40.49118 -79.95197,40.4905"
weekday,lost,39.9,"-79.95228,40.49023 -79.9526,40.48997"
weekday,lost,40.0,"-79.95593,40.48796 -79.95631,40.48775"
weekday,lost,60.0,"-79.95909,40.48609 -79.95963,40.48574"
weekday,lost,40.0,"-79.96059,40.48495 -79.96089,40.48467"
weekday,lost,40.0,"-79.96144,40.48409 -79.96171,40.48379"
weekday,lost,59.9,"-79.9662,40.47964 -79.96665,40.47923"
weekday,lost,521.8,"-80.04198,40.58664 -80.04212,40.58649 -80.04161,40.58618 -80.04114,40.58621 -80.03656,40.58518"
weekday,lost,1113.1,"-80.01646,40.5667 -80.01653,40.56587 -80.0169,40.56542 -80.02021,40.56354 -80.02314,40.56357 -80.02377,40.56335 -80.02411,40.56288 -80.02425,40.56073"
weekday,lost,952.4,"-80.01676,40.55064 -80.01548,40.55157 -80.01529,40.55125 -80.01533,40.55072 -80.01515,40.55002 -80.01582,40.54973 -80.01567,40.5492 -80.01499,40.54928 -80.01544,40.55152 -80.01558,40.55162 -80.01685,40.55055"
weekday,lost,39.5,"-80.01989,40.56367 -80.01956,40.56392"
weekday,lost,20.0,"-80.01795,40.56483 -80.01776,40.56493"
weekday,lost,6.9,"-80.0165,40.56595 -80.01648,40.56601"
weekday,lost,350.8,"-80.02318,40.44959 -80.02357,40.45062 -80.02624,40.45027"
weekday,lost,328.7,"-80.02378,40.44864 -80.02188,40.44813 -80.02142,40.44812 -80.02114,40.44837 -80.02105,40.44908"
weekday,lost,151.6,"-80.0202,40.44934 -80.01846,40.44966"
weekday,lost,495.4,"-80.005,40.48611 -80.00529,40.48626 -80.00569,40.4861 -80.00588,40.48559 -80.00565,40.48494 -80.00541,40.48446 -80.00437,40.48468 -80.00398,40.48423 -80.00383,40.48353"
weekday,lost,1340.5,"-80.01474,40.46903 -80.0159,40.4679 -80.01881,40.46694 -80.0198,40.46646 -80.02033,40.46595 -80.02055,40.46545 -80.02055,40.4643 -80.02039,40.46369 -80.0177,40.46163 -80.01718,40.46026"
weekday,lost,20.0,"-80.01821,40.46202 -80.01837,40.46215"
weekday,lost,133.4,"-80.00454,40.48497 -80.005,40.48611"
weekday,lost,4353.7,"-80.0212,40.4953 -80.02154,40.49483 -80.02192,40.49463 -80.02261,40.49461 -80.02318,40.4949 -80.02325,40.49542 -80.02275,40.49634 -80.02312,40.49677 -80.02294,40.49765 -80.02308,40.49818 -80.02377,40.49883 -80.02716,40.50091 -80.02921,40.49912 -80.03152,40.49994 -80.03423,40.50038 -80.03981,40.50097 -80.04287,40.50105 -80.04357,40.50098 -80.04551,40.49996 -80.04597,40.49956 -80.04613,40.49922 -80.04604,40.49655 -80.0451,40.49415 -80.04519,40.49327 -80.0445,40.49194 -80.04453,40.49159 -80.04489,40.49113 -80.04485,40.49043 -80.04516,40.48995 -80.04483,40.48972 -80.0446,40.4897 -80.04355,40.48984 -80.04165,40.48824"
weekday,lost,20.0,"-80.04523,40.49356 -80.04521,40.49374"
weekday,lost,13.9,"-80.02935,40.49916 -80.0292,40.49912"
weekday,lost,20.0,"-80.02312,40.49681 -80.02309,40.49663"
weekday,lost,59.9,"-80.02111,40.49545 -80.02083,40.49594"
weekday,lost,371.5,"-80.01832,40.44968 -80.01406,40.45046"
weekday,lost,378.8,"-80.01903,40.45189 -80.02009,40.45517"
weekday,lost,1151.5,"-80.02978,40.45537 -80.03116,40.45512 -80.03239,40.45895 -80.03254,40.459 -80.03345,40.45881 -80.03357,40.45891 -80.03454,40.4615 -80.03447,40.46161 -80.03252,40.46193"
weekday,lost,17.5,"-80.01951,40.45338 -80.01949,40.45323"
weekday,lost,5095.1,"-80.01767,40.5573 -80.01674,40.5577 -80.01605,40.55818 -80.0123,40.56213 -80.00938,40.56436 -80.00695,40.5674 -80.00557,40.56716 -80.00084,40.56583 -79.9999,40.56579 -79.99876,40.56599 -79.99683,40.56517 -79.99387,40.56515 -79.99296,40.56498 -79.9891,40.56345 -79.98819,40.56289 -79.98767,40.56209 -79.98744,40.56052 -79.98719,40.55984 -79.98642,40.55894 -79.98549,40.5584 -79.98294,40.55762 -79.98132,40.5574 -79.97789,40.55739 -79.97697,40.55751 -79.97557,40.55792 -79.97487,40.55792 -79.97404,40.5576 -79.97148,40.55535"
weekday,lost,20.0,"-80.01046,40.5635 -80.01029,40.56363"
weekday,lost,34.3,"-79.97172,40.55557 -79.97198,40.5558"
weekday,lost,15.2,"-80.00971,40.56408 -80.00982,40.56397"
weekday,lost,13927.2,"-80.10005,40.47024 -80.10024,40.47182 -80.10013,40.47289 -80.09989,40.47377 -80.09897,40.47571 -80.10031,40.47598 -80.10137,40.47652 -80.10293,40.47797 -80.10471,40.4803 -80.10563,40.48086 -80.1073,40.48133 -80.10742,40.48148 -80.1073,40.4829 -80.10648,40.48642 -80.10653,40.48695 -80.10738,40.48854 -80.10786,40.48916 -80.10909,40.48992 -80.11078,40.4905 -80.11129,40.49087 -80.11161,40.49135 -80.11174,40.49307 -80.11076,40.49797 -80.1111,40.49901 -80.11192,40.49987 -80.11318,40.50059 -80.1162,40.50149 -80.12359,40.50242 -80.13021,40.50355 -80.13252,40.50438 -80.13346,40.50435 -80.13545,40.50381 -80.1366,40.50362 -80.14055,40.50401 -80.14033,40.50557 -80.13991,40.5062 -80.14022,40.50664 -80.1433,40.50457 -80.14331,40.50447 -80.14196,40.50416 -80.13709,40.50352 -80.13615,40.50356 -80.13346,40.50422 -80.13252,40.50427 -80.13184,40.50415 -80.13039,40.50358 -80.1236,40.50242 -80.11672,40.5016 -80.11472,40.50107 -80.11399,40.50028 -80.11414,40.49997 -80.11512,40.49951 -80.116,40.49954 -80.1166,40.49942 -80.1172,40.49889 -80.11733,40.49585 -80.11703,40.4939 -80.11844,40.49256 -80.11968,40.49029 -80.11963,40.48976 -80.11804,40.48669 -80.11745,40.48644 -80.1148,40.48701 -80.11416,40.4869 -80.11261,40.4848 -80.1118,40.48208 -80.10886,40.48175 -80.10551,40.4808 -80.10448,40.48008 -80.10292,40.47796 -80.10093,40.47618 -80.09969,40.47582 -80.09794,40.47556"
weekday,lost,1683.9,"-80.09094,40.47051 -80.08942,40.46968 -80.08877,40.46894 -80.08818,40.46797 -80.0873,40.46737 -80.08639,40.46739 -80.08523,40.46825 -80.08093,40.46676 -80.07776,40.46666 -80.07708,40.46653 -80.07603,40.46612 -80.07535,40.46601 -80.07466,40.46531"
weekday,lost,19.8,"-80.08647,40.46736 -80.0867,40.46732"
weekday,lost,19.9,"-80.08834,40.46818 -80.08842,40.46835"
weekday,lost,19.9,"-80.08984,40.46997 -80.09004,40.47006"
weekday,lost,12.6,"-80.10907,40.48989 -80.1092,40.48994"
weekday,lost,13.2,"-80.11203,40.49994 -80.11214,40.50002"
weekday,lost,35.6,"-80.11439,40.50097 -80.11478,40.50108"
weekday,lost,11.2,"-80.14016,40.5066 -80.14029,40.5066"
weekday,lost,19.1,"-80.14223,40.50529 -80.1424,40.50519"
weekday,lost,29.8,"-80.11481,40.50109 -80.11458,40.50091"
weekday,lost,18.7,"-80.11408,40.50002 -80.11425,40.4999"
weekday,lost,53.7,"-80.11636,40.49949 -80.1169,40.49926"
weekday,lost,20.0,"-80.11723,40.49808 -80.11721,40.4979"
weekday,lost,14.2,"-80.11186,40.48225 -80.11185,40.48212"
weekday,lost,9.9,"-80.10613,40.48099 -80.10601,40.48101"
weekday,lost,20.0,"-80.10018,40.47132 -80.10016,40.47114"
weekday,lost,19.9,"-80.10008,40.47051 -80.10006,40.47034"
weekday,lost,976.7,"-80.1855,40.5377 -80.18567,40.53771 -80.18601,40.53732 -80.18462,40.53665 -80.18442,40.53638 -80.18977,40.53123"
weekday,lost,469.4,"-80.18431,40.53653 -80.18426,40.53688 -80.18093,40.53979"
weekday,lost,610.3,"-80.18033,40.54034 -80.17816,40.54162 -80.17882,40.54223 -80.17976,40.54173 -80.1798,40.54161 -80.17924,40.54104 -80.18011,40.54047"
weekday,lost,131.7,"-80.1843,40.53697 -80.1855,40.5377"
weekday,lost,574.3,"-80.15835,40.45173 -80.15925,40.45195 -80.15959,40.45218 -80.16037,40.45424 -80.16023,40.45586 -80.1606,40.45597"
weekday,lost,406.1,"-80.09743,40.46914 -80.09529,40.46989 -80.09433,40.47051 -80.09321,40.47073"
weekday,lost,19.8,"-80.09334,40.47073 -80.09357,40.4707"
weekday,lost,619.7,"-80.06909,40.44701 -80.06909,40.44714 -80.06718,40.44891 -80.06952,40.45082 -80.06959,40.45133"
weekday,lost,20.0,"-80.06757,40.44923 -80.06741,40.4491"
weekday,lost,1399.3,"-80.07721,40.45899 -80.07428,40.45759 -80.073,40.45769 -80.06948,40.45848 -80.06924,40.45849 -80.06748,40.4579 -80.06668,40.45703 -80.06645,40.45562 -80.06578,40.45408 -80.0654,40.45391"
weekday,lost,20.0,"-80.06659,40.45657 -80.0666,40.45675"
weekday,lost,20.0,"-80.07719,40.45897 -80.07735,40.4591"
weekday,lost,119.9,"-80.17517,40.45193 -80.17449,40.451"
weekday,lost,669.1,"-80.16309,40.44797 -80.16766,40.44706 -80.16759,40.44679 -80.16714,40.44638 -80.16542,40.44549"
weekday,lost,238.2,"-80.16388,40.44788 -80.16453,40.44807 -80.1654,40.44865 -80.16634,40.44868"
weekday,lost,224.1,"-80.19377,40.43661 -80.19256,40.43629 -80.19224,40.43656 -80.19209,40.43706 -80.19194,40.43713"
weekday,lost,9.8,"-80.19365,40.43661 -80.19372,40.43668"
weekday,lost,235.1,"-80.11358,40.35615 -80.11243,40.35805"
weekday,lost,8.6,"-80.11332,40.35662 -80.11341,40.35658"
weekday,lost,6136.7,"-80.05479,40.33974 -80.05229,40.3406 -80.053,40.34282 -80.05292,40.34296 -80.04866,40.345 -80.04808,40.34553 -80.04817,40.34606 -80.04956,40.34768 -80.05007,40.34914 -80.0505,40.349 -80.0512,40.34837 -80.05166,40.34832 -80.05198,40.34853 -80.05036,40.35258 -80.05018,40.35365 -80.05015,40.35509 -80.05139,40.35586 -80.05134,40.3562 -80.05271,40.3569 -80.05336,40.35675 -80.05543,40.3576 -80.05896,40.35861 -80.05986,40.35898 -80.06357,40.36147 -80.06397,40.36204 -80.0632,40.36366 -80.06133,40.36594 -80.06122,40.36642 -80.06128,40.36782 -80.06015,40.37049 -80.05723,40.37428 -80.05618,40.37603 -80.05539,40.37772 -80.05296,40.37995"
weekday,lost,15.6,"-80.05496,40.37812 -80.05511,40.37804"
weekday,lost,35.5,"-80.06411,40.3618 -80.06384,40.36158"
weekday,lost,235.3,"-80.05377,40.3568 -80.05179,40.35583 -80.05161,40.3558 -80.05149,40.35595"
weekday,lost,217.1,"-80.05314,40.35667 -80.05322,40.35653 -80.05123,40.35557"
weekday,lost,239.4,"-80.05063,40.35529 -80.05031,40.35483 -80.05035,40.35322"
weekday,lost,13.3,"-80.05056,40.35233 -80.0506,40.35222"
weekday,lost,137.3,"-80.05205,40.34889 -80.05232,40.3486 -80.05224,40.34845 -80.05184,40.34825 -80.05138,40.34824"
weekday,lost,15.3,"-80.05016,40.34893 -80.05002,40.34884"
weekday,lost,39.8,"-80.04815,40.34569 -80.04831,40.34535"
weekday,lost,1854.9,"-80.05305,40.34296 -80.05389,40.34557 -80.05462,40.3467 -80.05507,40.34708 -80.05751,40.3458 -80.06041,40.34344 -80.05967,40.34276 -80.05832,40.34027 -80.05775,40.33972 -80.05714,40.33945 -80.05644,40.33937 -80.05479,40.33974"
weekday,lost,758.5,"-80.04455,40.38685 -80.04769,40.38641 -80.05314,40.385"
weekday,lost,1124.7,"-80.05511,40.38758 -80.05565,40.38808 -80.05713,40.38847 -80.05766,40.38882 -80.05871,40.39042 -80.05944,40.39103 -80.06313,40.39294 -80.06518,40.39355"
weekday,lost,317.8,"-80.11025,40.36666 -80.11118,40.36612 -80.11075,40.36569 -80.11011,40.36554 -80.10914,40.36606"
weekday,lost,3328.9,"-80.08435,40.3862 -80.08404,40.38533 -80.08406,40.38498 -80.08451,40.38402 -80.0854,40.38296 -80.08573,40.38219 -80.08556,40.38186 -80.08514,40.38171 -80.08471,40.38182 -80.0838,40.38258 -80.08249,40.38319 -80.07988,40.38386 -80.07937,40.38422 -80.07928,40.38545 -80.07952,40.38809 -80.07934,40.3884 -80.07893,40.38857 -80.07777,40.38856 -80.07745,40.3883 -80.07736,40.38765 -80.07699,40.3872 -80.074,40.38552 -80.07263,40.38496 -80.07177,40.38435 -80.0711,40.38438 -80.07061,40.38468 -80.07386,40.38744 -80.07414,40.39038"
weekday,lost,1536.3,"-80.04215,40.42442 -80.04056,40.42309 -80.03784,40.42039 -80.03682,40.41997 -80.03543,40.41983 -80.03402,40.41988 -80.03292,40.42018 -80.0321,40.42054 -80.03141,40.42103 -80.03088,40.42162 -80.03055,40.42229 -80.03041,40.42318 -80.03056,40.42407"
weekday,lost,80.0,"-80.03053,40.42338 -80.03056,40.42266"
weekday,lost,40.0,"-80.03137,40.42119 -80.03168,40.42092"
weekday,lost,379.0,"-80.03419,40.42002 -80.03583,40.42011 -80.03758,40.4206 -80.03829,40.42107"
weekday,lost,20.0,"-80.0719,40.38441 -80.07207,40.38453"
weekday,lost,36.7,"-80.07934,40.38569 -80.07929,40.38536"
weekday,lost,20.0,"-80.07944,40.38414 -80.07959,40.384"
weekday,lost,20.0,"-80.08038,40.38374 -80.0806,40.38369"
weekday,lost,14.6,"-80.06339,40.39296 -80.06322,40.39296"
weekday,lost,26.5,"-80.05758,40.38876 -80.05737,40.38859"
weekday,lost,1115.3,"-80.01682,40.3914 -80.01269,40.38841 -80.01039,40.39012 -80.00856,40.38881 -80.00819,40.38868 -80.00827,40.38819 -80.00764,40.38827"
weekday,lost,14.1,"-80.01476,40.38987 -80.01462,40.3898"
weekday,lost,40.0,"-80.01342,40.38893 -80.01309,40.38868"
weekday,lost,178.7,"-80.01672,40.49742 -80.01605,40.49738 -80.01486,40.4968"
weekday,lost,5876.9,"-80.01368,40.49648 -80.01183,40.49678 -80.00952,40.49663 -80.00799,40.49607 -80.00695,40.49605 -80.00559,40.49577 -80.00437,40.49626 -80.00391,40.49629 -79.99801,40.49534 -79.99604,40.49475 -79.99551,40.49441 -79.99388,40.49191 -79.99204,40.49071 -79.99253,40.48906 -79.9919,40.48723 -79.99194,40.48508 -79.99161,40.4839 -79.99091,40.48297 -79.98949,40.48204 -79.9881,40.47984 -79.9868,40.4789 -79.98604,40.47808 -79.98626,40.47779 -79.98706,40.4774 -79.98754,40.47702 -79.98786,40.47642 -79.98783,40.47589 -79.98758,40.47559 -79.98667,40.47503 -79.98666,40.47415 -79.98621,40.47342 -79.98576,40.47335 -79.9842,40.47384 -79.98308,40.4727 -79.98188,40.46939 -79.98192,40.46928 -79.98318,40.46894 -79.98435,40.46833 -79.9845,40.46801 -79.98454,40.467 -79.98449,40.46683 -79.98428,40.46676 -79.98307,40.46729 -79.98287,40.46721 -79.98187,40.46603 -79.98195,40.46556"
weekday,lost,782.1,"-80.00126,40.45053 -80.00064,40.44835 -79.99848,40.44389"
weekday,lost,96.3,"-79.99848,40.44389 -79.99807,40.44309"
weekday,lost,195.5,"-79.99697,40.45452 -79.997,40.45484 -79.99521,40.45529"
weekday,lost,40.0,"-79.98146,40.46627 -79.98177,40.466"
weekday,lost,11.1,"-79.98294,40.46903 -79.98282,40.46906"
weekday,lost,19.9,"-79.98581,40.47334 -79.98604,40.47336"
weekday,lost,18.7,"-79.98649,40.47374 -79.98656,40.4739"
weekday,lost,19.9,"-79.98661,40.47474 -79.98661,40.47492"
weekday,lost,12.3,"-79.98944,40.48197 -79.9895,40.48206"
weekday,lost,20.0,"-80.01362,40.49649 -80.01386,40.49647"
weekday,lost,4527.9,"-80.11076,40.35793 -80.10953,40.35912 -80.10906,40.35908 -80.10818,40.35849 -80.10773,40.35838 -80.1068,40.35846 -80.10522,40.35834 -80.1043,40.35844 -80.10175,40.35991 -80.10104,40.36063 -80.10016,40.36122 -80.09917,40.36171 -80.09749,40.36222 -80.09608,40.36229 -80.09356,40.36182 -80.08991,40.36161 -80.08827,40.36175 -80.08765,40.36199 -80.08734,40.36226 -80.08704,40.36367 -80.08646,40.36528 -80.08666,40.36598 -80.0866,40.36633 -80.08619,40.36687 -80.0846,40.36763 -80.08416,40.36825 -80.09051,40.37274 -80.09203,40.37411 -80.09295,40.37452 -80.09333,40.37491 -80.09393,40.37516 -80.09395,40.37534 -80.09283,40.37704 -80.09236,40.37806"
weekday,lost,16.5,"-80.08432,40.36842 -80.08416,40.36833"
weekday,lost,18.1,"-80.09766,40.3622 -80.09786,40.36214"
weekday,lost,1282.8,"-80.01298,40.41697 -80.01231,40.41831 -80.01067,40.42076 -80.01005,40.42258 -80.00812,40.42584 -80.00777,40.42622 -80.00679,40.42672 -80.00618,40.42688"
weekday,lost,1048.0,"-80.00503,40.42551 -79.99753,40.42568 -79.99741,40.42203"
weekday,lost,20.0,"-79.99741,40.42194 -79.99741,40.42212"
weekday,lost,10.7,"-79.99753,40.42564 -79.99757,40.42573"
weekday,lost,346.2,"-80.00264,40.42568 -80.00266,40.42697 -80.00502,40.42702"
weekday,lost,20.0,"-80.0063,40.42685 -80.00653,40.42679"
weekday,lost,8890.9,"-79.93805,40.38607 -79.93815,40.3862 -79.93978,40.38606 -79.94055,40.38558 -79.94255,40.3861 -79.94364,40.38611 -79.9473,40.38542 -79.95092,40.38424 -79.95388,40.38393 -79.9556,40.38349 -79.95984,40.3853 -79.96111,40.38547 -79.96207,40.38599 -79.96251,40.38609 -79.96557,40.38604 -79.96719,40.38584 -79.97106,40.38578 -79.97292,40.38513 -79.97418,40.38483 -79.97658,40.38541 -79.97728,40.38545 -79.97629,40.38816 -79.97624,40.38972 -79.97643,40.39097 -79.97634,40.39302 -79.97189,40.3938 -79.96891,40.39509 -79.96837,40.3956 -79.96642,40.39475 -79.96611,40.39534 -79.9661,40.39731 -79.9657,40.39768 -79.96483,40.39794 -79.96458,40.39875 -79.96787,40.39939 -79.96832,40.39932 -79.96923,40.39828 -79.96921,40.39747 -79.96992,40.39656 -79.9703,40.39636 -79.97188,40.39633 -79.97534,40.39652 -79.97714,40.39691 -79.9787,40.39704 -79.97996,40.39994 -79.97993,40.40101 -79.9793,40.40196 -79.97592,40.40441 -79.97787,40.40571 -79.97843,40.40628 -79.97848,40.40681 -79.97748,40.4092"
weekday,lost,15.8,"-79.96946,40.38579 -79.96927,40.38581"
weekday,lost,13.4,"-79.95542,40.38347 -79.95527,40.38352"
weekday,lost,369.7,"-79.93793,40.38621 -79.93653,40.38621 -79.93652,40.38571 -79.93692,40.38554 -79.93785,40.38545 -79.93805,40.38607"
weekday,lost,75.6,"-79.93118,40.36178 -79.93199,40.36207"
weekday,lost,153.3,"-79.98817,40.41706 -79.98821,40.41844"
weekday,lost,789.3,"-80.00417,40.44046 -79.99662,40.43765 -79.99647,40.43756 -79.99679,40.43708"
weekday,lost,1080.4,"-79.93859,40.4269 -79.93854,40.42704 -79.93789,40.42683 -79.93744,40.42684 -79.93611,40.42771 -79.93454,40.4281 -79.93349,40.42828 -79.93114,40.42834 -79.93028,40.42828 -79.92893,40.42796 -79.9272,40.42685"
weekday,lost,711.7,"-79.92669,40.42627 -79.92775,40.42239 -79.92727,40.42001"
weekday,lost,3367.5,"-79.8778,40.38254 -79.87507,40.37581 -79.87363,40.37341 -79.87167,40.36712 -79.87057,40.36551 -79.86969,40.36472 -79.86994,40.36364 -79.87018,40.36334 -79.87058,40.36315 -79.87065,40.36271 -79.87052,40.36258 -79.86804,40.36174 -79.86725,40.36207 -79.85933,40.3621"
weekday,lost,160.0,"-79.8447,40.37338 -79.84391,40.37208"
weekday,lost,168.4,"-80.00256,40.43868 -80.00433,40.43935"
weekday,lost,35.4,"-79.93862,40.42649 -79.93859,40.4268"
weekday,lost,18.1,"-79.93618,40.42766 -79.93601,40.42775"
weekday,lost,20.0,"-79.928,40.42737 -79.92783,40.42725"
weekday,lost,59.9,"-79.92729,40.42692 -79.92681,40.42653"
weekday,lost,17.0,"-79.87386,40.3738 -79.87375,40.37367"
weekday,lost,19.8,"-79.87066,40.3628 -79.87061,40.36263"
weekday,lost,20.0,"-79.92685,40.42508 -79.92676,40.42525"
weekday,lost,238.9,"-79.92654,40.42593 -79.92644,40.42627 -79.92656,40.42661 -79.9279,40.42762"
weekday,lost,2432.2,"-79.92823,40.42788 -79.92875,40.42824 -79.92939,40.42845 -79.93148,40.42847 -79.93175,40.42875 -79.93183,40.42927 -79.93225,40.42939 -79.93501,40.4289 -79.93711,40.42872 -79.93943,40.42895 -79.9415,40.42931 -79.94315,40.42932 -79.9443,40.42914 -79.95058,40.42756 -79.95173,40.4274 -79.9536,40.42758 -79.95506,40.42814"
weekday,lost,120.0,"-79.95935,40.43193 -79.96056,40.4325"
weekday,lost,120.0,"-79.90935,40.40582 -79.90817,40.40642"
weekday,lost,19.9,"-79.92786,40.4276 -79.92803,40.42772"
weekday,lost,19.8,"-79.93174,40.42871 -79.93174,40.42889"
weekday,lost,20.0,"-79.95168,40.4274 -79.95192,40.4274"
weekday,lost,80.0,"-79.95784,40.43076 -79.95844,40.43131"
weekday,lost,394.8,"-79.91243,40.4099 -79.91028,40.41097 -79.90831,40.41148"
weekday,lost,412.8,"-79.90757,40.40868 -79.90741,40.4087 -79.90689,40.40809 -79.91,40.40648"
weekday,lost,374.1,"-80.00854,40.45485 -80.00841,40.45441 -80.00933,40.45424 -80.00942,40.45412 -80.00878,40.45212"
weekday,lost,183.6,"-80.00736,40.45147 -80.00645,40.45166 -80.0066,40.45224 -80.0067,40.45237 -80.00693,40.45232"
weekday,lost,2859.0,"-79.99154,40.4089 -79.99374,40.40916 -79.99495,40.41017 -79.99683,40.41014 -79.99766,40.41033 -79.99784,40.41026 -79.99834,40.40968 -79.9981,40.40401 -79.99917,40.40395 -79.99948,40.4104 -79.99779,40.41035 -79.99689,40.41015 -79.99485,40.41017 -79.99371,40.40916 -79.99145,40.40881"
weekday,lost,297.5,"-79.99733,40.41966 -79.99723,40.41699"
weekday,lost,836.8,"-79.99718,40.41599 -79.99806,40.41598 -79.99817,40.41589 -79.99805,40.415 -79.99743,40.41421 -79.99103,40.41435"
weekday,lost,20.0,"-79.99116,40.40876 -79.99138,40.40882"
weekday,lost,20.0,"-79.99758,40.41596 -79.99734,40.41596"
weekday,lost,15.7,"-79.99726,40.41903 -79.99732,40.41916"
weekday,lost,880.5,"-79.82805,40.38329 -79.82839,40.38353 -79.8296,40.38523 -79.83043,40.38586 -79.83107,40.38604 -79.83223,40.38588 -79.83265,40.38587 -79.83274,40.38596 -79.83241,40.38701 -79.83151,40.38757 -79.83105,40.38839"
weekday,lost,39.1,"-79.83215,40.3872 -79.83246,40.38694"
weekday,lost,20.0,"-79.93178,40.42847 -79.93176,40.42865"
weekday,lost,80.0,"-79.95699,40.43 -79.95747,40.43062"
weekday,lost,79.7,"-79.95769,40.43094 -79.95814,40.43156"
weekday,lost,703.8,"-79.83493,40.40118 -79.8356,40.40046 -79.83529,40.40025 -79.83534,40.40011 -79.83734,40.39796 -79.83805,40.39569"
weekday,lost,394.6,"-79.84811,40.41528 -79.84916,40.41432 -79.85201,40.41361"
weekday,lost,592.8,"-79.8687,40.40428 -79.8668,40.40554 -79.86629,40.40611 -79.86622,40.40659 -79.86636,40.40712 -79.86714,40.40817 -79.86677,40.40852"
weekday,lost,458.2,"-79.88988,40.40734 -79.88971,40.40804 -79.89135,40.40906 -79.89181,40.40905 -79.8931,40.40861 -79.89356,40.40862"
weekday,lost,1379.0,"-79.89634,40.40954 -79.89682,40.41034 -79.8969,40.41231 -79.89776,40.41338 -79.89903,40.41417 -79.89995,40.41431 -79.90324,40.41412 -79.90509,40.41381 -79.90799,40.41306"
weekday,lost,120.0,"-79.85004,40.37243 -79.84961,40.3714"
weekday,lost,112.3,"-79.84862,40.37172 -79.84907,40.37267"
weekday,lost,20.0,"-79.898,40.41356 -79.89783,40.41343"
weekday,lost,291.6,"-79.87597,40.40963 -79.87547,40.41024 -79.87532,40.41094 -79.87548,40.41146 -79.87588,40.41203"
weekday,lost,500.7,"-79.87671,40.41141 -79.87977,40.4129 -79.88059,40.41313 -79.88107,40.41213"
weekday,lost,20.0,"-79.86674,40.40559 -79.86691,40.40547"
weekday,lost,115.5,"-79.83495,40.40005 -79.83437,40.39974 -79.83392,40.4001"
weekday,lost,612.4,"-79.84073,40.34945 -79.84044,40.34979 -79.83964,40.34956 -79.839,40.35062 -79.83868,40.35088 -79.8374,40.35108 -79.83723,40.34919"
weekday,lost,304.3,"-79.82956,40.31421 -79.82944,40.31368 -79.82844,40.314 -79.8283,40.31413 -79.82877,40.31475 -79.82893,40.31479 -79.82933,40.31459"
weekday,lost,113.6,"-79.83474,40.32282 -79.83438,40.32305 -79.83421,40.32298 -79.83405,40.32284 -79.8344,40.32264"
weekday,lost,15.0,"-79.82947,40.31378 -79.82936,40.31367"
weekday,lost,20.0,"-79.83418,40.32289 -79.83435,40.32277"
weekday,lost,653.5,"-79.8651,40.40073 -79.8638,40.39979 -79.86125,40.4018 -79.86098,40.40202 -79.86109,40.40215 -79.86229,40.40301"
weekday,lost,617.2,"-79.88319,40.43516 -79.88029,40.44025"
weekday,lost,9.4,"-79.86106,40.40213 -79.86098,40.40207"
weekday,lost,80.0,"-79.97589,40.43802 -79.97595,40.43731"
weekday,lost,687.6,"-79.92966,40.44984 -79.93299,40.45547"
weekday,lost,359.9,"-79.96037,40.46488 -79.9633,40.46722"
weekday,lost,71.4,"-79.93384,40.4569 -79.9335,40.45632"
weekday,lost,10.5,"-79.93014,40.45067 -79.93009,40.45058"
weekday,lost,1656.2,"-79.91816,40.43523 -79.91738,40.43486 -79.9165,40.43479 -79.91625,40.43644 -79.91333,40.43618 -79.91312,40.43612 -79.91208,40.43435 -79.9125,40.43388 -79.91428,40.4334 -79.91462,40.43325 -79.915,40.43282 -79.91517,40.43237 -79.91522,40.4303 -79.91595,40.42832"
weekday,lost,795.3,"-79.92402,40.42971 -79.92656,40.42931 -79.92742,40.42931 -79.92761,40.43381"
weekday,lost,14.1,"-79.92724,40.42929 -79.9274,40.4293"
weekday,lost,19.5,"-79.913,40.43592 -79.91291,40.43576"
weekday,lost,19.5,"-79.91215,40.43448 -79.91208,40.43431"
weekday,lost,14.7,"-79.92761,40.43385 -79.92755,40.43398"
weekday,lost,1593.3,"-79.75249,40.45203 -79.75218,40.45061 -79.75151,40.44908 -79.75042,40.44815 -79.74957,40.44668 -79.74741,40.44571 -79.74631,40.44564 -79.74589,40.44548 -79.74453,40.4434 -79.74279,40.44164 -79.74245,40.44097"
weekday,lost,158.8,"-79.76045,40.43849 -79.76022,40.43818 -79.75921,40.43744"
weekday,lost,2355.1,"-79.79077,40.42946 -79.79079,40.42839 -79.79112,40.42771 -79.79188,40.42704 -79.79205,40.42703 -79.79233,40.42732 -79.79165,40.42798 -79.79164,40.42852 -79.79228,40.42747 -79.79232,40.42731 -79.79203,40.42703 -79.79219,40.42693 -79.79402,40.42659 -79.79697,40.42721 -79.79712,40.42729 -79.7966,40.42867 -79.79729,40.42878 -79.79743,40.4287 -79.79786,40.42748 -79.79801,40.4275 -79.79927,40.42831 -79.79981,40.42909 -79.79987,40.4298 -79.7995,40.43084 -79.79903,40.43123 -79.79819,40.43154 -79.79702,40.43148 -79.79543,40.43115"
weekday,lost,40.0,"-79.79072,40.42924 -79.7907,40.42888"
weekday,lost,20.0,"-79.79157,40.42725 -79.79174,40.42713"
weekday,lost,20.0,"-79.74308,40.4419 -79.74324,40.44203"
weekday,lost,3886.5,"-79.75175,40.42873 -79.75443,40.4255 -79.75462,40.42248 -79.75496,40.42144 -79.75806,40.41762 -79.75833,40.41713 -79.75851,40.41642 -79.75847,40.41481 -79.75859,40.4141 -79.76045,40.41105 -79.76095,40.40857 -79.76222,40.40474 -79.76301,40.40385 -79.76482,40.40271 -79.7656,40.40204 -79.76849,40.39834 -79.76935,40.39773"
weekday,lost,3844.3,"-79.76564,40.38858 -79.76468,40.38675 -79.76434,40.38655 -79.75908,40.38568 -79.75686,40.38746 -79.75245,40.38647 -79.75139,40.38532 -79.75052,40.38507 -79.74984,40.38518 -79.74916,40.38566 -79.74814,40.38869 -79.74817,40.38879 -79.75368,40.38937 -79.75527,40.38969 -79.75642,40.39031 -79.75867,40.39254 -79.75947,40.39292 -79.76014,40.39308 -79.76084,40.39314 -79.76198,40.39294 -79.76278,40.39256 -79.76412,40.39155 -79.76497,40.39124 -79.76567,40.39117"
weekday,lost,494.9,"-79.87941,40.43814 -79.87655,40.4372 -79.87386,40.43686"
weekday,lost,20.0,"-79.75766,40.38686 -79.7575,40.38699"
weekday,lost,15.7,"-79.7525,40.38644 -79.75232,40.38643"
weekday,lost,19.1,"-79.74971,40.38523 -79.74953,40.38533"
weekday,lost,20.0,"-79.75619,40.39013 -79.75636,40.39026"
weekday,lost,20.0,"-79.75847,40.41493 -79.75848,40.41511"
weekday,lost,20.0,"-79.75851,40.41565 -79.75852,40.41583"
weekday,lost,4752.3,"-80.00518,40.48642 -80.00581,40.48797 -80.00662,40.48918 -80.00651,40.48928 -80.00377,40.49023 -80.00269,40.49011 -80.00115,40.49053 -79.99999,40.49067 -79.99783,40.49193 -79.99759,40.49242 -79.99756,40.49295 -79.99736,40.49301 -79.99649,40.49274 -79.99614,40.49239 -79.99578,40.49045 -79.99583,40.48973 -79.996,40.4894 -79.997,40.48841 -79.99732,40.48725 -79.99655,40.48555 -79.9966,40.48438 -79.99637,40.48205 -79.99565,40.47956 -79.99432,40.47755 -79.99209,40.47666 -79.99021,40.47656 -79.98938,40.47632 -79.98946,40.47548 -79.98924,40.47479 -79.98839,40.474 -79.98723,40.4723 -79.98628,40.47133 -79.98538,40.46858 -79.98521,40.46697"
weekday,lost,8.7,"-79.98933,40.47628 -79.98938,40.47635"
weekday,lost,13.2,"-79.881,40.41224 -79.88105,40.41213"
weekday,lost,481.4,"-79.89183,40.42351 -79.89565,40.42228 -79.89515,40.42117"
weekday,lost,787.8,"-79.90047,40.42138 -79.89906,40.42317 -79.89624,40.42468 -79.8957,40.42238"
weekday,lost,277.9,"-79.88733,40.42815 -79.88756,40.42819 -79.88835,40.42782 -79.88887,40.42703 -79.88955,40.42653"
weekday,lost,829.0,"-79.894,40.43277 -79.89397,40.4329 -79.89211,40.4337 -79.89355,40.4357 -79.8949,40.43893"
weekday,lost,212.4,"-79.88548,40.44238 -79.88448,40.44412"
weekday,lost,13.1,"-79.89493,40.4389 -79.89489,40.43879"
weekday,lost,17.4,"-79.89435,40.43747 -79.89426,40.43733"
weekday,lost,472.9,"-79.89239,40.44176 -79.89236,40.44344 -79.8919,40.44478 -79.89133,40.44587"
weekday,lost,390.3,"-79.89189,40.44417 -79.88768,40.44276"
weekday,lost,582.2,"-79.92298,40.43838 -79.92307,40.43994 -79.92382,40.44356"
weekday,lost,975.2,"-79.91018,40.44865 -79.91012,40.44875 -79.90882,40.44832 -79.90358,40.44656 -79.90318,40.44634 -79.90313,40.44662 -79.90158,40.44882"
weekday,lost,2074.9,"-79.8975,40.47056 -79.89819,40.47141 -79.89671,40.47251 -79.89672,40.47265 -79.8979,40.47412 -79.8986,40.47657 -79.89855,40.47746 -79.89877,40.47797 -79.899,40.47822 -79.89957,40.47837 -79.89936,40.47858 -79.8986,40.4777 -79.89861,40.47663 -79.89804,40.47496 -79.89795,40.47424 -79.89671,40.4726 -79.89819,40.47141 -79.89745,40.4705"
weekday,lost,77.0,"-79.92497,40.46047 -79.92584,40.46064"
weekday,lost,190.7,"-79.92784,40.46048 -79.9269,40.46203"
weekday,lost,13.4,"-79.89943,40.47847 -79.89933,40.47855"
weekday,lost,15.8,"-79.9098,40.44864 -79.90994,40.44873"
weekday,lost,20.0,"-79.92337,40.44147 -79.92333,40.44129"
weekday,lost,20.0,"-79.92322,40.44076 -79.9232,40.44058"
weekday,lost,578.6,"-79.90965,40.45749 -79.91574,40.45984"
weekday,lost,11.5,"-79.91466,40.45943 -79.91461,40.45933"
weekday,lost,5702.7,"-79.76174,40.4488 -79.76197,40.4491 -79.76167,40.45006 -79.76147,40.45185 -79.7604,40.45405 -79.76014,40.45577 -79.75972,40.45632 -79.75816,40.45741 -79.75782,40.45807 -79.75795,40.45895 -79.75971,40.4614 -79.75972,40.46229 -79.75832,40.46533 -79.75734,40.46655 -79.757,40.46717 -79.75539,40.46871 -79.75482,40.47019 -79.75493,40.47051 -79.75568,40.47094 -79.75604,40.4714 -79.75679,40.47402 -79.75734,40.47434 -79.75782,40.47495 -79.75862,40.47532 -79.76036,40.47648 -79.76151,40.47668 -79.76221,40.47671 -79.76289,40.47657 -79.76495,40.4757 -79.76864,40.4751 -79.77143,40.47529 -79.77555,40.47511 -79.77671,40.47527 -79.77975,40.47654 -79.78078,40.47639 -79.78241,40.47659 -79.78486,40.47745"
weekday,lost,385.8,"-79.93457,40.45813 -79.93881,40.45687"
weekday,lost,310.4,"-79.94025,40.45646 -79.94366,40.45544"
weekday,lost,417.3,"-79.94497,40.45506 -79.94669,40.45456 -79.94969,40.45408"
weekday,lost,229.2,"-79.95086,40.45405 -79.95334,40.454 -79.95343,40.45416"
weekday,lost,663.2,"-79.95788,40.45881 -79.95873,40.45874 -79.96484,40.4562"
weekday,lost,1838.1,"-79.96647,40.4556 -79.96868,40.45497 -79.97308,40.45324 -79.97425,40.45265 -79.97604,40.45148 -79.97705,40.45101 -79.98042,40.45021 -79.9817,40.44976 -79.98536,40.4478"
weekday,lost,80.0,"-79.98626,40.44723 -79.98699,40.44676"
weekday,lost,220.0,"-79.98735,40.44654 -79.98934,40.44526"
weekday,lost,278.8,"-79.99291,40.44293 -79.99338,40.44254 -79.99463,40.44081"
weekday,lost,6410.8,"-79.76029,40.4765 -79.75953,40.47741 -79.75948,40.47774 -79.75962,40.47788 -79.76138,40.47831 -79.76273,40.47901 -79.764,40.48052 -79.76601,40.48389 -79.76948,40.48563 -79.7716,40.48638 -79.7725,40.48696 -79.77328,40.48785 -79.77484,40.48892 -79.77809,40.48931 -79.77959,40.48971 -79.77983,40.48964 -79.78076,40.48977 -79.78339,40.49051 -79.7846,40.49107 -79.78494,40.4913 -79.78502,40.49165 -79.78559,40.49188 -79.78568,40.49204 -79.78548,40.49292 -79.78582,40.49376 -79.78765,40.49405 -79.78839,40.49447 -79.78959,40.49346 -79.79255,40.49207 -79.79401,40.49032 -79.79492,40.48976 -79.79537,40.48972 -79.79768,40.49001 -79.80062,40.48887 -79.80163,40.48798 -79.80298,40.48726 -79.80584,40.48646 -79.80654,40.4865 -79.80877,40.487 -79.81213,40.48616 -79.81461,40.48626 -79.81643,40.4859 -79.81727,40.48559 -79.81768,40.48506"
weekday,lost,10.5,"-79.93833,40.45702 -79.93843,40.45698"
weekday,lost,20.0,"-79.9507,40.45405 -79.95093,40.45405"
weekday,lost,30.3,"-79.95164,40.45404 -79.95199,40.45403"
weekday,lost,16.0,"-79.96024,40.45811 -79.96041,40.45805"
weekday,lost,13.8,"-79.96351,40.45675 -79.96366,40.45669"
weekday,lost,239.3,"-79.99109,40.44316 -79.98959,40.44497"
weekday,lost,100.0,"-79.98636,40.44707 -79.98545,40.44764"
weekday,lost,20.0,"-79.98435,40.44831 -79.98415,40.44842"
weekday,lost,40.0,"-79.9754,40.45178 -79.97506,40.45202"
weekday,lost,20.0,"-79.97378,40.45282 -79.97359,40.45292"
weekday,lost,20.0,"-79.9711,40.45394 -79.97089,40.45402"
weekday,lost,20.0,"-79.95833,40.45873 -79.9581,40.45874"
weekday,lost,21.1,"-79.75491,40.4705 -79.75481,40.47032"
weekday,lost,39.5,"-79.75952,40.45647 -79.75983,40.45621"
weekday,lost,20.0,"-79.76191,40.44895 -79.76175,40.44881"
weekday,lost,20.0,"-79.81464,40.48625 -79.8144,40.48625"
weekday,lost,12.7,"-79.80141,40.48813 -79.80132,40.48822"
weekday,lost,19.9,"-79.80092,40.48865 -79.80077,40.48879"
weekday,lost,20.0,"-79.78832,40.49442 -79.78817,40.49429"
weekday,lost,19.8,"-79.78334,40.4905 -79.78312,40.49044"
weekday,lost,15.2,"-79.76814,40.48486 -79.76797,40.48482"
weekday,lost,20.0,"-79.76581,40.48364 -79.76573,40.48347"
weekday,lost,28.4,"-79.76259,40.47889 -79.76232,40.47874"
weekday,lost,20.0,"-79.76013,40.47662 -79.7603,40.47649"
weekday,lost,3593.3,"-79.87386,40.46957 -79.87322,40.46905 -79.87219,40.46878 -79.86944,40.47005 -79.86852,40.46996 -79.86704,40.4701 -79.86696,40.47125 -79.86754,40.47203 -79.86838,40.47232 -79.86848,40.47248 -79.86801,40.47338 -79.86954,40.47444 -79.87093,40.47451 -79.87155,40.47475 -79.87133,40.47554 -79.87102,40.47601 -79.87061,40.47602 -79.86883,40.4757 -79.86756,40.47521 -79.86656,40.47456 -79.866,40.47437 -79.86183,40.47363 -79.86125,40.47291 -79.8611,40.47239 -79.8613,40.47012 -79.86143,40.46978 -79.86185,40.46935 -79.86585,40.46761 -79.86889,40.46737"
weekday,lost,921.1,"-79.87364,40.46673 -79.87668,40.46558 -79.87848,40.46546 -79.88032,40.46578 -79.88096,40.466 -79.8822,40.46683 -79.88301,40.46771"
weekday,lost,17.6,"-79.87235,40.46875 -79.87215,40.46879"
weekday,lost,50.9,"-79.86697,40.47084 -79.86698,40.47128"
weekday,lost,19.8,"-79.88197,40.46666 -79.8818,40.46654"
weekday,lost,19.3,"-79.86798,40.47331 -79.8681,40.47346"
weekday,lost,19.9,"-79.86645,40.46752 -79.86668,40.4675"
weekday,lost,258.6,"-79.96027,40.44339 -79.96087,40.44368 -79.96108,40.44364 -79.96241,40.44239"
weekday,lost,213.8,"-79.96556,40.44037 -79.9657,40.44228"
weekday,lost,357.5,"-79.98335,40.44234 -79.98539,40.44515"
weekday,lost,20.0,"-79.96566,40.44171 -79.96564,40.44153"
weekday,lost,19.4,"-79.9274,40.46123 -79.92749,40.46107"
weekday,lost,16.7,"-79.92778,40.46058 -79.9279,40.46046"
weekday,lost,209.4,"-79.92796,40.46018 -79.92747,40.45926 -79.92854,40.45892"
weekday,lost,20.0,"-79.96115,40.4436 -79.9613,40.44347"
weekday,lost,743.0,"-79.95709,40.45171 -79.95648,40.45284 -79.96,40.45403 -79.96072,40.45464 -79.96122,40.45443 -79.96243,40.45359"
weekday,lost,303.1,"-79.98233,40.44635 -79.9806,40.44397"
weekday,lost,284.0,"-79.88499,40.45225 -79.88528,40.45274 -79.88585,40.4547"
weekday,lost,1028.6,"-79.99172,40.4453 -79.99185,40.44522 -79.99242,40.44579 -79.99381,40.44498 -79.99447,40.44651 -79.99477,40.44679 -79.9952,40.44692 -79.99826,40.44579 -79.99865,40.44538 -80.0006,40.44477"
weekday,lost,1410.4,"-79.93658,40.48863 -79.93495,40.48918 -79.93236,40.48914 -79.93008,40.48959 -79.92749,40.48951 -79.92048,40.48795"
weekday,lost,319.4,"-79.99529,40.44375 -79.99634,40.44649"
weekday,lost,764.4,"-79.87945,40.48757 -79.87682,40.48822 -79.87275,40.48876 -79.87169,40.48913 -79.87102,40.48963"
weekday,lost,1859.4,"-80.20886,40.49785 -80.20801,40.49699 -80.20738,40.49602 -80.20531,40.49087 -80.20244,40.48575 -80.20188,40.48401 -80.20176,40.48222"
weekday,lost,20.0,"-80.20186,40.48445 -80.20191,40.48463"
weekday,lost,20.0,"-80.20214,40.48532 -80.20221,40.48549"
weekday,lost,20.0,"-80.20358,40.48798 -80.20367,40.48814"
weekday,lost,20.0,"-80.20386,40.48847 -80.20395,40.48864"
weekday,lost,40.0,"-80.20592,40.49268 -80.20605,40.49302"
weekday,lost,20.0,"-80.20687,40.49508 -80.20694,40.49526"
weekday,lost,20.0,"-80.2074,40.49627 -80.2075,40.49644"
weekday,lost,20.0,"-80.2077,40.49676 -80.20782,40.49692"
weekday,lost,20.0,"-80.20894,40.49807 -80.20911,40.4982"
weekday,lost,1168.2,"-80.08708,40.39614 -80.08813,40.39664 -80.08822,40.3968 -80.0883,40.40008 -80.08817,40.40079 -80.0885,40.40197 -80.08877,40.40247 -80.09131,40.4046 -80.09062,40.40507"
weekday,lost,19.9,"-79.99108,40.44305 -79.99114,40.44322"
weekday,lost,59.9,"-79.99112,40.44357 -79.99085,40.44407"
weekday,lost,939.7,"-79.99025,40.44597 -79.99053,40.44702 -79.9911,40.44781 -79.99584,40.45205 -79.9965,40.45279"
weekday,lost,5119.0,"-80.04423,40.58681 -80.04515,40.58679 -80.04464,40.58598 -80.04405,40.58542 -80.04296,40.58476 -80.03939,40.58337 -80.03846,40.58257 -80.03794,40.58158 -80.03695,40.57227 -80.03809,40.56608 -80.03929,40.56187 -80.03969,40.55902 -80.03884,40.55523 -80.03721,40.55064 -80.03709,40.54875 -80.03611,40.54621 -80.03594,40.54478"
weekday,lost,20.0,"-79.99132,40.44296 -79.99121,40.44312"
weekday,lost,20.0,"-79.99044,40.44423 -79.99036,40.4444"
weekday,lost,120.0,"-79.98996,40.44589 -79.99027,40.44694"
weekday,lost,59.5,"-79.99049,40.44724 -79.99086,40.4477"
weekday,lost,40.0,"-79.99175,40.44854 -79.99206,40.44881"
weekday,lost,59.9,"-79.99527,40.45168 -79.99572,40.4521"
weekday,lost,20.0,"-79.99611,40.45255 -79.99622,40.4527"
weekday,lost,219.9,"-80.00935,40.49051 -80.00976,40.49246"
weekday,lost,80.0,"-80.04326,40.58498 -80.04396,40.58546"
weekday,lost,119.2,"-80.04427,40.58573 -80.0445,40.58603 -80.04442,40.58675"
weekday,lost,8295.9,"-80.00281,40.57054 -80.0028,40.57067 -80.00168,40.57049 -80.00034,40.57081 -79.99792,40.57207 -79.99612,40.57244 -79.991,40.57449 -79.98955,40.57496 -79.97881,40.57605 -79.97962,40.57729 -79.9804,40.57819 -79.98096,40.57932 -79.98232,40.58121 -79.98276,40.58204 -79.9834,40.58257 -79.98379,40.58321 -79.98412,40.58344 -79.98623,40.58347 -79.9881,40.58326 -79.99091,40.58338 -79.99237,40.58394 -79.99634,40.58669 -79.99909,40.58714 -79.99953,40.58712 -80.00036,40.58678 -80.00037,40.58649 -79.99946,40.58424 -79.99903,40.58361 -79.99807,40.58321 -79.9973,40.58254 -79.99694,40.58238 -79.99601,40.58234 -79.994,40.58199 -79.99321,40.58166 -79.99314,40.58153 -79.99345,40.58067 -79.9948,40.57955 -79.99354,40.57938 -79.9925,40.57867 -79.99237,40.57786 -79.99113,40.57753 -79.99077,40.57731 -79.99059,40.57465 -79.99616,40.57242 -79.99796,40.57205 -80.00051,40.57075 -80.00163,40.57049 -80.0027,40.57067 -80.00286,40.5706 -80.00368,40.56973 -80.00606,40.56821 -80.00682,40.56757"
weekday,lost,7480.1,"-80.01304,40.56139 -80.01125,40.56032 -80.01051,40.55968 -80.00913,40.55901 -80.00849,40.5579 -80.00776,40.55719 -80.0076,40.55667 -80.00746,40.55265 -80.00679,40.55154 -80.00664,40.55145 -80.00563,40.5519 -80.00435,40.55181 -80.00295,40.55193 -80.00135,40.5525 -80.00068,40.55172 -79.99836,40.55245 -79.99783,40.55015 -79.9971,40.54995 -79.99679,40.54967 -79.99637,40.54892 -79.99489,40.54807 -79.99445,40.5471 -79.9946,40.54622 -79.9945,40.54572 -79.9941,40.54529 -79.99269,40.54439 -79.9925,40.54342 -79.99355,40.54332 -79.99243,40.54196 -79.99041,40.54003 -79.9898,40.53726 -79.99078,40.53588 -79.99078,40.53571 -79.99013,40.5342 -79.98933,40.53384 -79.99017,40.53282 -79.9904,40.52926 -79.98998,40.5287 -79.98866,40.52768 -79.98829,40.52701 -79.98825,40.52486 -79.98944,40.52355 -79.99046,40.52313 -79.99097,40.52233 -79.99134,40.52134 -79.99189,40.52055 -79.99212,40.5192 -79.99325,40.51809 -79.99373,40.5173 -79.9939,40.51593 -79.99282,40.51435 -79.99269,40.51364 -79.99285,40.51312 -79.99338,40.51254 -79.99344,40.51182 -79.99392,40.51106"
weekday,lost,2006.0,"-79.99098,40.50608 -79.99329,40.50574 -79.99646,40.50568 -79.99851,40.50449 -80.00213,40.50282 -80.0035,40.50115 -80.00581,40.50007 -80.00761,40.49841 -80.00778,40.49807 -80.00784,40.49621 -80.00805,40.49615"
weekday,lost,15.2,"-79.9925,40.54362 -79.99252,40.54375"
weekday,lost,19.7,"-79.99479,40.54793 -79.9949,40.54808"
weekday,lost,19.8,"-79.99951,40.55213 -79.99972,40.55206"
weekday,lost,19.9,"-80.00248,40.55205 -80.0027,40.55199"
weekday,lost,20.0,"-79.99065,40.57622 -79.99066,40.5764"
weekday,lost,19.8,"-79.9926,40.57878 -79.99278,40.57889"
weekday,lost,17.9,"-79.99355,40.58183 -79.99372,40.58192"
weekday,lost,20.0,"-79.99439,40.58531 -79.99423,40.58518"
weekday,lost,2762.1,"-79.71188,40.66742 -79.70836,40.66739 -79.70662,40.66704 -79.70509,40.66621 -79.70384,40.66497 -79.70665,40.66231 -79.70722,40.66153 -79.70762,40.66068 -79.70784,40.65944 -79.70742,40.6564 -79.70744,40.65512 -79.70911,40.64833"
weekday,lost,2350.6,"-79.72479,40.62368 -79.72808,40.62148 -79.73078,40.61922 -79.73263,40.61804 -79.73871,40.61558 -79.73874,40.61566 -79.7388,40.61554 -79.74222,40.61403 -79.74104,40.61234 -79.74016,40.60997"
weekday,lost,173.1,"-79.75186,40.60211 -79.75085,40.60076"
weekday,lost,200.0,"-79.75326,40.59982 -79.75552,40.59931"
weekday,lost,3296.4,"-79.83925,40.53744 -79.84063,40.5405 -79.84082,40.54139 -79.84056,40.5428 -79.83964,40.54405 -79.83892,40.54449 -79.83823,40.54449 -79.83786,40.54427 -79.83768,40.54394 -79.83783,40.54343 -79.84034,40.54107 -79.84485,40.53581 -79.84979,40.531 -79.85064,40.52952 -79.85148,40.52653"
weekday,lost,2917.9,"-79.85166,40.52583 -79.85352,40.51879 -79.85497,40.51043 -79.85594,40.50899 -79.86237,40.50147"
weekday,lost,4574.7,"-79.86315,40.50057 -79.86453,40.49912 -79.8663,40.49767 -79.87504,40.49164 -79.87584,40.49126 -79.87696,40.49098 -79.88356,40.49088 -79.88685,40.49111 -79.89841,40.49289 -79.90224,40.4938 -79.90665,40.49509 -79.90757,40.49521 -79.90851,40.49519 -79.90904,40.49488 -79.90943,40.49367 -79.90966,40.49336"
weekday,lost,39.9,"-79.90969,40.49317 -79.90942,40.49346"
weekday,lost,196.2,"-79.90912,40.49433 -79.9088,40.49479 -79.90843,40.49498 -79.90728,40.49499"
weekday,lost,40.0,"-79.90683,40.49489 -79.90638,40.49479"
weekday,lost,40.0,"-79.90593,40.49467 -79.90548,40.49455"
weekday,lost,40.0,"-79.90504,40.49444 -79.90459,40.49432"
weekday,lost,20.0,"-79.90415,40.4942 -79.90392,40.49414"
weekday,lost,20.0,"-79.90326,40.49396 -79.90303,40.4939"
weekday,lost,40.0,"-79.90259,40.49378 -79.90215,40.49365"
weekday,lost,40.0,"-79.9017,40.49353 -79.90125,40.49343"
weekday,lost,20.0,"-79.89966,40.49308 -79.89943,40.49303"
weekday,lost,39.9,"-79.89761,40.49265 -79.89716,40.49256"
weekday,lost,40.0,"-79.89648,40.49239 -79.89603,40.49229"
weekday,lost,219.9,"-79.89557,40.4922 -79.89303,40.49182"
weekday,lost,79.9,"-79.89256,40.49175 -79.89164,40.49162"
weekday,lost,220.0,"-79.89118,40.49154 -79.88862,40.49118"
weekday,lost,99.9,"-79.88793,40.49107 -79.88677,40.49093"
weekday,lost,1979.2,"-79.88606,40.49087 -79.88017,40.4907 -79.87735,40.49051 -79.87641,40.49061 -79.87553,40.49085 -79.87457,40.49136 -79.86621,40.49744"
weekday,lost,40.0,"-79.86301,40.50031 -79.86275,40.50061"
weekday,lost,20.0,"-79.86223,40.50122 -79.8621,40.50137"
weekday,lost,100.0,"-79.86185,40.50167 -79.8612,40.50242"
weekday,lost,599.3,"-79.86094,40.50272 -79.85708,40.50723"
weekday,lost,300.0,"-79.85682,40.50753 -79.85499,40.50983"
weekday,lost,40.0,"-79.85483,40.51016 -79.8547,40.51051"
weekday,lost,99.9,"-79.85454,40.51122 -79.8544,40.51211"
weekday,lost,100.0,"-79.85426,40.513 -79.85413,40.51389"
weekday,lost,80.0,"-79.85396,40.51495 -79.85384,40.51567"
weekday,lost,120.0,"-79.85367,40.51674 -79.8535,40.51781"
weekday,lost,60.0,"-79.85338,40.51852 -79.85327,40.51905"
weekday,lost,79.8,"-79.85309,40.51976 -79.8529,40.52046"
weekday,lost,40.0,"-79.85276,40.52099 -79.85266,40.52134"
weekday,lost,60.0,"-79.85071,40.52873 -79.85055,40.52926"
weekday,lost,540.0,"-79.84866,40.53192 -79.84469,40.53572"
weekday,lost,80.0,"-79.84441,40.53601 -79.84388,40.5366"
weekday,lost,20.0,"-79.84362,40.5369 -79.84349,40.53705"
weekday,lost,100.0,"-79.84324,40.53735 -79.84261,40.53811"
weekday,lost,199.3,"-79.8423,40.53837 -79.84148,40.539 -79.84102,40.53908 -79.84033,40.53899"
weekday,lost,40.0,"-79.83997,40.53863 -79.83982,40.53829"
weekday,lost,20.0,"-79.83967,40.53795 -79.83959,40.53778"
weekday,lost,39.9,"-79.83935,40.53727 -79.83918,40.53694"
weekday,lost,1305.6,"-79.7537,40.60503 -79.75449,40.60605 -79.74911,40.60929 -79.74722,40.61101 -79.74701,40.61103 -79.7455,40.6102 -79.74427,40.60904"
weekday,lost,10.7,"-79.73678,40.61636 -79.73665,40.61637"
weekday,lost,6.2,"-79.73065,40.61934 -79.7306,40.61938"
weekday,lost,40.0,"-79.72913,40.62053 -79.72881,40.6208"
weekday,lost,20.0,"-79.72805,40.62138 -79.72788,40.6215"
weekday,lost,19.5,"-79.7085,40.65057 -79.70845,40.65074"
weekday,lost,19.8,"-79.7109,40.66745 -79.71112,40.66749"
weekday,lost,58.6,"-79.71183,40.66753 -79.71251,40.6676"
weekday,lost,1861.6,"-79.70646,40.4688 -79.70687,40.47039 -79.70807,40.4723 -79.70841,40.47425 -79.70885,40.47465 -79.71016,40.47521 -79.70978,40.47566 -79.70943,40.47584 -79.70884,40.47554 -79.70769,40.47539 -79.70744,40.4752 -79.70736,40.47359 -79.70599,40.46868"
weekday,lost,2156.8,"-79.84771,40.4455 -79.85165,40.44494 -79.85318,40.44446 -79.85476,40.44369 -79.8619,40.43899 -79.86518,40.43726 -79.86566,40.43666 -79.86649,40.4346 -79.86694,40.43419"
weekday,lost,1234.2,"-79.87198,40.43335 -79.87182,40.43283 -79.87156,40.43253 -79.87057,40.43209 -79.86964,40.43215 -79.86799,40.43278 -79.86709,40.43335 -79.86623,40.43421 -79.86476,40.43685 -79.86256,40.43844"
weekday,lost,40.0,"-79.86006,40.44009 -79.8597,40.44032"
weekday,lost,40.0,"-79.85739,40.44186 -79.85703,40.44209"
weekday,lost,20.0,"-79.85561,40.44303 -79.85543,40.44315"
weekday,lost,20.0,"-79.85092,40.44502 -79.85069,40.44506"
weekday,lost,40.0,"-79.84953,40.44521 -79.84906,40.44526"
weekday,lost,20.0,"-79.70997,40.47546 -79.70983,40.47561"
weekday,lost,2.9,"-79.7076,40.47531 -79.70758,40.47529"
weekday,lost,19.9,"-79.94886,40.49305 -79.94903,40.49293"
weekday,lost,219.4,"-79.99535,40.45396 -79.99611,40.45306 -79.99648,40.45221"
weekday,lost,359.8,"-80.00217,40.44865 -79.99943,40.4492 -79.99822,40.44975"
weekday,lost,40.0,"-79.99652,40.45163 -79.9964,40.45198"
weekday,lost,20.0,"-79.99619,40.4525 -79.99609,40.45266"
weekday,lost,59.8,"-79.99589,40.45298 -79.99555,40.45346"
weekday,lost,40.0,"-79.99528,40.45375 -79.99499,40.45403"
weekday,lost,19.8,"-79.79392,40.49042 -79.79406,40.49028"
weekday,lost,20.0,"-79.80151,40.48806 -79.80169,40.48794"
weekday,lost,435.1,"-79.87819,40.44151 -79.88186,40.44273 -79.88149,40.44352"
weekday,lost,7013.1,"-79.84032,40.52547 -79.83572,40.52432 -79.83425,40.52377 -79.83332,40.5237 -79.82882,40.52437 -79.8174,40.527 -79.81694,40.52708 -79.8165,40.52699 -79.81578,40.52628 -79.81263,40.52426 -79.80891,40.51947 -79.80871,40.51938 -79.80764,40.51973 -79.80694,40.51982 -79.80651,40.51971 -79.80607,40.51929 -79.80586,40.51878 -79.80581,40.51771 -79.8056,40.51701 -79.80559,40.51575 -79.8058,40.51487 -79.80558,40.51438 -79.80157,40.51256 -79.7999,40.51061 -79.79929,40.51008 -79.79791,40.50993 -79.79653,40.51013 -79.79567,40.50987 -79.79341,40.50735 -79.79311,40.50668 -79.79314,40.50601 -79.79384,40.50468 -79.7941,40.50362 -79.79378,40.50221 -79.79343,40.50176 -79.79121,40.50036 -79.79068,40.49976 -79.78951,40.49771 -79.7895,40.49629 -79.78923,40.49541 -79.78852,40.49458"
weekday,lost,39.5,"-79.79351,40.50182 -79.79375,40.50212"
weekday,lost,19.8,"-79.80533,40.5142 -79.80551,40.51431"
weekday,lost,20.0,"-79.80559,40.51657 -79.80558,40.51675"
weekday,lost,19.1,"-79.8086,40.51938 -79.80883,40.51942"
weekday,lost,20.0,"-79.829,40.52439 -79.82923,40.52435"
weekday,lost,39.8,"-79.83166,40.52395 -79.83212,40.52389"
weekday,lost,19.5,"-79.78566,40.49197 -79.78552,40.49183"
weekday,lost,20.0,"-79.77423,40.48851 -79.77406,40.48838"
weekday,lost,19.8,"-79.77371,40.48814 -79.77354,40.48803"
weekday,lost,1564.8,"-79.75426,40.43392 -79.75887,40.43356 -79.76161,40.43306 -79.76449,40.43409 -79.77174,40.43598"
weekday,lost,299.3,"-79.773,40.43647 -79.7763,40.43742"
weekday,lost,448.6,"-79.77984,40.43674 -79.78073,40.43604 -79.78295,40.43501 -79.78332,40.43399"
weekday,lost,19.6,"-79.83417,40.39991 -79.83403,40.40005"
weekday,lost,19.8,"-79.78314,40.4342 -79.7831,40.43437"
weekday,lost,20.0,"-79.78217,40.43531 -79.78196,40.4354"
weekday,lost,20.0,"-79.7744,40.43681 -79.77418,40.43674"
weekday,lost,20.0,"-79.77163,40.43583 -79.77141,40.43577"
weekday,lost,20.0,"-79.75785,40.43365 -79.75762,40.43366"
weekday,lost,13.2,"-79.89277,40.42318 -79.89263,40.42324"
weekday,lost,11278.4,"-79.83842,40.32366 -79.83803,40.32387 -79.83513,40.32462 -79.83442,40.32465 -79.83281,40.32438 -79.83226,40.32407 -79.83173,40.32288 -79.83126,40.32225 -79.82973,40.32143 -79.82884,40.32122 -79.82815,40.32131 -79.82434,40.32245 -79.81965,40.32323 -79.81884,40.32359 -79.8183,40.32417 -79.81811,40.32469 -79.81824,40.3272 -79.81807,40.32771 -79.81534,40.33042 -79.81372,40.33278 -79.80987,40.33679 -79.80875,40.33744 -79.80587,40.33833 -79.80425,40.33906 -79.80322,40.3398 -79.79975,40.3432 -79.79893,40.34384 -79.79751,40.34448 -79.79522,40.34498 -79.79437,40.34529 -79.7936,40.3457 -79.79266,40.34651 -79.78671,40.35707 -79.7861,40.35861 -79.78471,40.36454 -79.78434,40.36539 -79.78371,40.36614 -79.78336,40.36638 -79.78062,40.36741 -79.77978,40.36804 -79.7847,40.37002 -79.78833,40.37109 -79.79379,40.37339 -79.79514,40.37411 -79.79657,40.37542 -79.79732,40.37586 -79.81134,40.38096"
weekday,lost,18.2,"-79.80734,40.3795 -79.80716,40.37941"
weekday,lost,20.0,"-79.7976,40.37587 -79.7974,40.37579"
weekday,lost,20.0,"-79.79592,40.37468 -79.79577,40.37454"
weekday,lost,19.1,"-79.78664,40.37048 -79.78643,40.37041"
weekday,lost,20.0,"-79.78577,40.37026 -79.78555,40.3702"
weekday,lost,20.0,"-79.78384,40.3696 -79.78363,40.36952"
weekday,lost,20.0,"-79.78163,40.36869 -79.78142,40.36861"
weekday,lost,20.0,"-79.78101,40.36844 -79.7808,40.36835"
weekday,lost,20.0,"-79.78045,40.36822 -79.78024,40.36813"
weekday,lost,19.9,"-79.78365,40.36619 -79.78383,40.36608"
weekday,lost,40.0,"-79.78493,40.36394 -79.78499,40.36359"
weekday,lost,13.3,"-79.8066,40.33818 -79.80675,40.33815"
weekday,lost,20.0,"-79.80718,40.33801 -79.8074,40.33795"
weekday,lost,19.6,"-79.80926,40.33721 -79.80943,40.33709"
weekday,lost,159.7,"-79.83212,40.32357 -79.83347,40.32326 -79.83378,40.32299"
weekday,lost,8868.3,"-79.98571,40.32509 -79.98277,40.3215 -79.98272,40.32136 -79.98335,40.32095 -79.98749,40.32039 -79.98905,40.32077 -79.99298,40.32042 -79.9943,40.32056 -79.99486,40.31886 -79.99593,40.31905 -79.99601,40.31935 -79.99513,40.32213 -79.9948,40.3226 -79.9938,40.32336 -79.99289,40.32393 -79.99225,40.32415 -79.98855,40.32471 -79.98634,40.32586 -79.98734,40.32897 -79.98731,40.33004 -79.98818,40.33008 -79.98866,40.33215 -79.98955,40.33389 -79.99019,40.33464 -79.99141,40.33547 -79.99147,40.33563 -79.99152,40.33688 -79.99097,40.33881 -79.99087,40.33988 -79.99107,40.34109 -79.9916,40.34247 -79.9919,40.34388 -79.99215,40.34432 -79.99233,40.3443 -79.99275,40.34368 -79.99407,40.34331 -79.99546,40.34416 -79.99592,40.34417 -79.9972,40.34387 -80.00058,40.34435 -80.00146,40.34413 -80.00398,40.34289 -80.0055,40.34262 -80.00667,40.34478 -80.00821,40.34995 -80.01017,40.35124 -80.01086,40.35211 -80.00993,40.35266 -80.00526,40.35396 -80.0047,40.35424 -80.00277,40.35573 -80.00142,40.35719 -80.00016,40.35766"
weekday,lost,14.8,"-80.00704,40.35352 -80.00721,40.35349"
weekday,lost,38.0,"-80.01072,40.3522 -80.01085,40.35208 -80.01074,40.35192"
weekday,lost,15.5,"-80.00702,40.34584 -80.00695,40.34571"
weekday,lost,13.0,"-80.00553,40.34268 -80.0054,40.34262"
weekday,lost,17.6,"-79.99412,40.34334 -79.99391,40.34335"
weekday,lost,97.0,"-79.98764,40.32997 -79.98748,40.32984 -79.98738,40.32916"
weekday,lost,60.0,"-79.98613,40.32569 -79.98577,40.32523"
weekday,lost,1622.6,"-79.99401,40.3751 -79.99457,40.37433 -79.99474,40.37241 -79.99476,40.37153 -79.99432,40.3691 -79.99389,40.36758 -79.99218,40.36532 -79.99221,40.36286 -79.99199,40.36235 -79.99111,40.3613"
weekday,lost,1375.2,"-79.93865,40.34435 -79.93832,40.34276 -79.93824,40.34025 -79.93776,40.33827 -79.93678,40.33595 -79.93423,40.3328"
weekday,lost,19.4,"-79.93435,40.33307 -79.93452,40.33319"
weekday,lost,20.0,"-79.93828,40.34073 -79.93828,40.34091"
weekday,lost,55.5,"-79.99213,40.36259 -79.99221,40.36308"
weekday,lost,39.7,"-79.99429,40.36897 -79.99435,40.36932"
weekday,lost,20.0,"-79.99474,40.3714 -79.99477,40.37158"
weekday,lost,342.0,"-79.96436,40.36527 -79.96402,40.36573 -79.96332,40.36612 -79.96286,40.36619 -79.96256,40.36645 -79.96269,40.36688 -79.96358,40.36703"
weekday,lost,19.7,"-79.96254,40.36652 -79.96262,40.36635"
saturday,kept,1432.9,"-79.91088,40.45597 -79.91055,40.45575 -79.91217,40.4542 -79.91234,40.45407 -79.91252,40.4541 -79.92091,40.45989 -79.92188,40.4604 -79.92274,40.46068"
saturday,added,479.8,"-79.92262,40.46082 -79.9201,40.46468"
saturday,kept,79.8,"-79.92,40.46484 -79.91954,40.46546"
saturday,added,3133.2,"-79.91944,40.46562 -79.91903,40.46606 -79.91821,40.46641 -79.91465,40.46736 -79.91175,40.46856 -79.9108,40.46909 -79.9095,40.47013 -79.90859,40.47024 -79.90853,40.4704 -79.90785,40.47935 -79.90806,40.4824 -79.90787,40.48418 -79.90841,40.48475 -79.90919,40.48515 -79.91291,40.48625"
saturday,kept,2826.4,"-79.91311,40.48633 -79.91288,40.48718 -79.91043,40.49224 -79.91015,40.49249 -79.90959,40.49219 -79.9087,40.49135 -79.90737,40.49062 -79.89542,40.48725 -79.89427,40.48703 -79.89335,40.48882 -79.893,40.48904 -79.88991,40.4882 -79.88972,40.48809 -79.88981,40.48776"
saturday,added,371.7,"-79.88989,40.48759 -79.89011,40.48711 -79.89007,40.48663 -79.88842,40.48669 -79.88704,40.48695"
saturday,kept,8334.3,"-79.88681,40.48698 -79.88031,40.48788 -79.87634,40.48902 -79.86973,40.49034 -79.86599,40.49144 -79.85885,40.49495 -79.85331,40.49911 -79.85255,40.50002 -79.85218,40.50068 -79.85157,40.50242 -79.85132,40.50384 -79.85133,40.50528 -79.8529,40.51544 -79.85234,40.52009 -79.85156,40.524 -79.84985,40.5296 -79.84912,40.53072 -79.84795,40.53184 -79.84148,40.53603 -79.83961,40.53679 -79.83483,40.53778 -79.83481,40.53809"
saturday,added,837.8,"-79.83486,40.53827 -79.83542,40.54002 -79.83534,40.54034 -79.83447,40.54061 -79.83147,40.54109 -79.83125,40.54105 -79.83116,40.54089 -79.83051,40.53898"
saturday,kept,8155.8,"-79.83045,40.5388 -79.83039,40.53864 -79.83015,40.53863 -79.82925,40.53883 -79.82582,40.54002 -79.8223,40.54022 -79.82007,40.54081 -79.81915,40.54094 -79.81797,40.54094 -79.81376,40.54051 -79.81164,40.54047 -79.80602,40.54102 -79.8013,40.5411 -79.79953,40.54155 -79.79537,40.54095 -79.78759,40.54125 -79.78406,40.54106 -79.78241,40.54109 -79.77888,40.54129 -79.77384,40.5422 -79.77218,40.54321 -79.77112,40.54416 -79.77062,40.54536 -79.76999,40.54891 -79.77161,40.55781 -79.77222,40.55936 -79.77418,40.56321 -79.77423,40.56355 -79.77408,40.56368 -79.77075,40.5646 -79.76612,40.56527"
saturday,added,297.0,"-79.76589,40.56531 -79.7652,40.56541 -79.76485,40.56399 -79.76575,40.56384"
saturday,kept,160.0,"-79.76595,40.56383 -79.76628,40.56525"
saturday,kept,5393.3,"-79.77424,40.56369 -79.77452,40.56395 -79.77624,40.56806 -79.77907,40.58008 -79.77886,40.58132 -79.77618,40.58765 -79.77559,40.58842 -79.77159,40.5922 -79.76879,40.59509 -79.76533,40.59779 -79.76092,40.6002 -79.76074,40.60025 -79.75958,40.59915 -79.75802,40.59994 -79.75409,40.60159"
saturday,added,2034.5,"-79.7539,40.60161 -79.75279,40.60003 -79.75262,40.59999 -79.75067,40.60061 -79.74602,40.60237 -79.74253,40.60284 -79.7397,40.60292 -79.73861,40.6031 -79.73949,40.60476 -79.74349,40.60356"
saturday,added,80.0,"-79.74361,40.60347 -79.74317,40.60283"
saturday,kept,20.0,"-79.82231,40.54032 -79.82254,40.54029"
saturday,kept,100.0,"-79.82348,40.54024 -79.82466,40.54021"
saturday,kept,39.4,"-79.82994,40.53878 -79.83038,40.53865"
saturday,kept,19.7,"-79.83484,40.53786 -79.83507,40.53783"
saturday,kept,20.0,"-79.83599,40.53766 -79.83622,40.53761"
saturday,kept,60.0,"-79.83805,40.53727 -79.83874,40.53714"
saturday,kept,20.0,"-79.83942,40.537 -79.83964,40.53694"
saturday,kept,19.9,"-79.84109,40.53635 -79.84127,40.53623"
saturday,kept,20.0,"-79.86855,40.49073 -79.86878,40.49068"
saturday,kept,339.5,"-79.86924,40.49062 -79.87036,40.49086 -79.87106,40.49082 -79.87148,40.49066 -79.87269,40.48981"
saturday,kept,335.2,"-79.88675,40.48701 -79.88681,40.48786 -79.88846,40.48782 -79.8896,40.48802"
saturday,kept,20.0,"-79.90838,40.49119 -79.90853,40.49133"
saturday,kept,296.2,"-79.9099,40.49256 -79.91083,40.49309 -79.91081,40.49342 -79.9104,40.49353 -79.9101,40.49329 -79.91039,40.49261"
saturday,kept,20.0,"-79.91184,40.48958 -79.91192,40.48941"
saturday,kept,20.0,"-79.91273,40.48772 -79.91281,40.48755"
saturday,kept,354.9,"-79.91335,40.48636 -79.91347,40.48621 -79.9139,40.48611 -79.91504,40.48634 -79.91516,40.48648 -79.91501,40.48658 -79.91319,40.48621"
saturday,added,20.0,"-79.91296,40.48615 -79.91274,40.4861"
saturday,added,20.0,"-79.91207,40.48593 -79.91184,40.48587"
saturday,added,60.0,"-79.90811,40.48426 -79.90793,40.48374"
saturday,added,159.9,"-79.90829,40.47497 -79.90841,40.47353"
saturday,added,99.4,"-79.9086,40.47103 -79.90867,40.47032 -79.9089,40.47032"
saturday,added,20.0,"-79.91304,40.46808 -79.91325,40.46799"
saturday,added,20.0,"-79.91952,40.46571 -79.91962,40.46555"
saturday,kept,5663.1,"-80.00872,40.47099 -80.01375,40.47002 -80.01454,40.46919 -80.01398,40.46886 -80.01233,40.46382 -80.01236,40.46368 -80.0135,40.46345 -80.01377,40.46318 -80.01333,40.46236 -80.01377,40.46061 -80.01362,40.46048 -80.01229,40.46011 -80.01019,40.45991 -80.00985,40.46014 -80.00914,40.46107 -80.00874,40.46121 -80.00847,40.45963 -80.00781,40.45892 -80.00662,40.45545 -80.00263,40.45615 -80.0009,40.45093 -80.00286,40.45049 -80.00283,40.45032 -80.00092,40.44475 -79.99984,40.44244 -79.99449,40.44386 -79.99403,40.44384 -79.99319,40.44355 -79.99273,40.44359 -79.99155,40.44428"
saturday,kept,20.0,"-79.99226,40.44391 -79.99241,40.44377"
saturday,kept,19.8,"-79.99403,40.44395 -79.99426,40.44395"
saturday,kept,20.0,"-80.0046,40.45589 -80.00483,40.45584"
saturday,kept,20.0,"-80.00575,40.45567 -80.00598,40.45563"
saturday,kept,2819.0,"-80.00769,40.45883 -80.00594,40.45923 -80.00406,40.45909 -80.00336,40.45916 -80.00172,40.46018 -80.00164,40.46125 -80.00255,40.4613 -80.0027,40.46086 -80.00453,40.46051 -80.00472,40.46056 -80.00524,40.46116 -80.00606,40.46359 -80.00525,40.46381 -80.00563,40.46485 -80.00526,40.46529 -80.00374,40.46577 -80.00352,40.46607 -80.0037,40.46638 -80.00562,40.46706 -80.00596,40.4675 -80.00493,40.46779 -80.00419,40.46823 -80.00414,40.4684 -80.00508,40.46939 -80.00581,40.4709 -80.00696,40.47098 -80.00739,40.47125 -80.0086,40.47101"
saturday,kept,72.9,"-80.03041,40.5865 -80.03025,40.58674 -80.02979,40.58676"
saturday,added,1735.5,"-80.02955,40.58677 -80.02886,40.58684 -80.02805,40.58748 -80.02738,40.58764 -80.02692,40.58757 -80.02479,40.5868 -80.02326,40.5872 -80.02284,40.58704 -80.02258,40.58675 -80.02354,40.58575 -80.02508,40.58493 -80.03061,40.58337 -80.03154,40.58338 -80.03263,40.58372 -80.03289,40.584 -80.03274,40.58433"
saturday,kept,4040.5,"-80.03254,40.58441 -80.03208,40.58436 -80.03134,40.58391 -80.03004,40.58264 -80.02446,40.57412 -80.02359,40.57213 -80.02217,40.57215 -80.02106,40.57187 -80.02035,40.57182 -80.01641,40.57206 -80.01696,40.57361 -80.01688,40.57396 -80.01652,40.57438 -80.01615,40.57417 -80.01576,40.57435 -80.01529,40.57434 -80.01374,40.5739 -80.01281,40.57381 -80.0124,40.57365 -80.012,40.57322 -80.01134,40.5731 -80.01124,40.57239 -80.01138,40.57232 -80.01395,40.57206 -80.0163,40.57202 -80.01626,40.57012 -80.01658,40.56717"
saturday,added,1595.1,"-80.01681,40.56716 -80.01869,40.56724 -80.02222,40.56823 -80.02402,40.56845 -80.02521,40.56405 -80.02537,40.56298 -80.02515,40.56138 -80.02453,40.56003"
saturday,kept,5743.7,"-80.02435,40.55969 -80.02052,40.55293 -80.01942,40.55056 -80.01886,40.55046 -80.0186,40.54979 -80.01816,40.54975 -80.01733,40.5501 -80.01786,40.55068 -80.01805,40.55138 -80.01877,40.55283 -80.01626,40.55372 -80.01645,40.55382 -80.01699,40.55481 -80.01716,40.5555 -80.01775,40.55607 -80.01816,40.5569 -80.0183,40.55704 -80.01851,40.55701 -80.0195,40.55652 -80.02026,40.55583 -80.02213,40.55334 -80.02326,40.5522 -80.0229,40.55172 -80.02326,40.55168 -80.02362,40.55146 -80.02201,40.54972 -80.02117,40.54989 -80.02044,40.54837 -80.0201,40.54814 -80.01987,40.54745 -80.01988,40.54727 -80.02025,40.54706 -80.02029,40.54689 -80.01997,40.54622 -80.02012,40.54573 -80.01929,40.5454 -80.01702,40.54588 -80.01684,40.54583 -80.0146,40.54398 -80.01304,40.54201 -80.01144,40.54273 -80.01113,40.543 -80.00953,40.5458 -80.0091,40.54623 -80.00848,40.54648 -80.00687,40.54674 -80.00642,40.54671 -80.00635,40.54655 -80.00647,40.5464 -80.00688,40.54639"
saturday,added,154.8,"-80.00687,40.54621 -80.00666,40.54572 -80.0065,40.54584 -80.00591,40.54557 -80.00573,40.54567"
saturday,kept,131.6,"-80.00559,40.54581 -80.00535,40.54621 -80.0058,40.54631 -80.00614,40.54655"
saturday,kept,20.0,"-80.01278,40.54219 -80.01298,40.5421"
saturday,kept,10649.9,"-80.01309,40.54193 -80.01235,40.54061 -80.01109,40.53678 -80.01094,40.53589 -80.01107,40.53338 -80.01046,40.53146 -80.00998,40.53064 -80.00934,40.52989 -80.00655,40.5277 -80.0057,40.52623 -80.00536,40.52176 -80.00376,40.51087 -80.00389,40.5098 -80.00448,40.50882 -80.00903,40.50503 -80.01002,40.50403 -80.01161,40.50131 -80.01264,40.4999 -80.01294,40.49922 -80.01302,40.49835 -80.01063,40.49064 -80.00922,40.48372 -80.00877,40.48332 -80.00652,40.4828 -80.00616,40.48257 -80.00587,40.48208 -80.00586,40.48173 -80.00661,40.47965 -80.00683,40.4775 -80.00664,40.47644 -80.00616,40.47562 -80.00506,40.47438 -80.00452,40.47264 -80.00423,40.47215 -80.00269,40.47105 -80.00231,40.47059 -79.99969,40.46579 -79.9991,40.46405 -79.99891,40.46274 -79.99901,40.46059 -79.99843,40.45887 -79.99846,40.4587 -79.99926,40.45836 -79.99891,40.45714 -79.99919,40.45689 -80.00262,40.45622"
saturday,kept,279.4,"-79.99917,40.45687 -79.99786,40.45726 -79.99832,40.45865"
saturday,kept,20.0,"-80.00914,40.48381 -80.00919,40.48399"
saturday,kept,59.9,"-80.00941,40.48505 -80.00951,40.48559"
saturday,kept,20.0,"-80.01179,40.49457 -80.01185,40.49474"
saturday,kept,20.0,"-80.01208,40.49562 -80.01214,40.4958"
saturday,kept,40.0,"-80.01235,40.4965 -80.01246,40.49685"
saturday,kept,20.0,"-80.01267,40.49755 -80.01272,40.49772"
saturday,kept,20.0,"-80.01154,40.50124 -80.01143,40.5014"
saturday,kept,20.0,"-80.0089,40.50502 -80.00875,40.50516"
saturday,kept,40.0,"-80.00803,40.50577 -80.00772,40.50604"
saturday,kept,20.0,"-80.00644,40.50709 -80.00627,40.50722"
saturday,kept,20.0,"-80.00495,40.50825 -80.00479,40.50838"
saturday,kept,14.2,"-80.0041,40.50908 -80.00406,40.5092"
saturday,kept,20.0,"-80.00387,40.50953 -80.00381,40.50971"
saturday,kept,113.6,"-80.00375,40.51166 -80.0039,40.51267"
saturday,kept,60.0,"-80.00411,40.5141 -80.00419,40.51464"
saturday,kept,72.7,"-80.00439,40.51607 -80.00448,40.51672"
saturday,kept,80.0,"-80.00467,40.51815 -80.00477,40.51886"
saturday,kept,120.0,"-80.00493,40.51993 -80.00508,40.521"
saturday,kept,200.0,"-80.00525,40.52226 -80.00537,40.52405"
saturday,kept,40.0,"-80.00555,40.5262 -80.00567,40.52654"
saturday,kept,20.0,"-80.00581,40.52689 -80.0059,40.52705"
saturday,kept,20.0,"-80.00611,40.52738 -80.00622,40.52753"
saturday,kept,80.0,"-80.00676,40.52812 -80.00743,40.52863"
saturday,kept,40.0,"-80.00813,40.52911 -80.00848,40.52935"
saturday,kept,20.0,"-80.00966,40.53047 -80.00978,40.53062"
saturday,kept,20.0,"-80.00999,40.53094 -80.01009,40.53111"
saturday,kept,20.0,"-80.01027,40.53144 -80.01035,40.53161"
saturday,kept,219.9,"-80.01086,40.53299 -80.01096,40.53388 -80.01086,40.53496"
saturday,kept,40.0,"-80.01088,40.53657 -80.01097,40.53692"
saturday,kept,39.9,"-80.01113,40.53744 -80.01125,40.53779"
saturday,kept,40.0,"-80.01142,40.53832 -80.01153,40.53866"
saturday,kept,40.0,"-80.01171,40.53919 -80.01183,40.53953"
saturday,kept,40.0,"-80.012,40.54006 -80.01211,40.54041"
saturday,kept,79.6,"-80.01258,40.54142 -80.01269,40.54177 -80.01258,40.54211"
saturday,kept,20.0,"-80.01323,40.54238 -80.01333,40.54254"
saturday,kept,60.0,"-80.01516,40.54462 -80.01566,40.54501"
saturday,kept,39.2,"-80.02289,40.55184 -80.02313,40.55213"
saturday,kept,19.5,"-80.02151,40.55407 -80.02128,40.55409"
saturday,kept,19.2,"-80.01916,40.55052 -80.01893,40.5505"
saturday,kept,13.6,"-80.01627,40.55368 -80.01639,40.55376"
saturday,kept,139.3,"-80.02072,40.55529 -80.02137,40.55517 -80.02189,40.55576"
saturday,kept,20.0,"-80.0224,40.55657 -80.0225,40.55673"
saturday,kept,20.0,"-80.02269,40.55706 -80.02278,40.55723"
saturday,kept,20.0,"-80.02324,40.55805 -80.02334,40.55822"
saturday,kept,20.0,"-80.02353,40.55855 -80.02362,40.55871"
saturday,kept,20.0,"-80.02381,40.55904 -80.0239,40.55921"
saturday,added,40.0,"-80.02506,40.56155 -80.02515,40.56191"
saturday,added,60.0,"-80.02515,40.5637 -80.02502,40.56423"
saturday,added,40.0,"-80.02483,40.56493 -80.02473,40.56528"
saturday,added,20.0,"-80.02453,40.56598 -80.02448,40.56616"
saturday,added,60.0,"-80.02423,40.56704 -80.02409,40.56756"
saturday,added,39.3,"-80.02394,40.56809 -80.02384,40.56844"
saturday,kept,60.0,"-80.02352,40.57216 -80.02365,40.57269"
saturday,kept,20.0,"-80.02385,40.57321 -80.02392,40.57338"
saturday,kept,20.0,"-80.02438,40.57421 -80.02448,40.57437"
saturday,kept,20.0,"-80.02467,40.5747 -80.02478,40.57486"
saturday,kept,20.0,"-80.02498,40.57518 -80.02508,40.57535"
saturday,kept,40.0,"-80.02571,40.57631 -80.02594,40.57662"
saturday,kept,20.0,"-80.02616,40.57694 -80.02627,40.5771"
saturday,kept,20.0,"-80.02765,40.57919 -80.02776,40.57935"
saturday,kept,20.0,"-80.02913,40.58144 -80.02924,40.5816"
saturday,kept,40.0,"-80.03112,40.58386 -80.03147,40.58411"
saturday,kept,889.2,"-80.03222,40.58454 -80.0337,40.58509 -80.03574,40.58555 -80.03588,40.58587 -80.03565,40.58656 -80.03507,40.58681 -80.03223,40.58679 -80.03129,40.58675 -80.03111,40.58653 -80.03064,40.58651"
saturday,kept,13276.0,"-80.03776,40.51752 -80.03865,40.51733 -80.03852,40.51626 -80.03832,40.51621 -80.03761,40.51628 -80.03747,40.51653 -80.0342,40.51668 -80.03105,40.51779 -80.03171,40.51825 -80.03432,40.51741 -80.03502,40.51736 -80.03571,40.51745 -80.03681,40.51811 -80.03786,40.52011 -80.03857,40.52057 -80.03927,40.52063 -80.0425,40.52013 -80.0433,40.51976 -80.04388,40.5192 -80.04415,40.51851 -80.04476,40.51531 -80.04557,40.51345 -80.0452,40.51186 -80.04542,40.51099 -80.04698,40.50817 -80.04976,40.50818 -80.0506,40.50788 -80.05094,40.50742 -80.05204,40.50467 -80.05434,40.50263 -80.0546,40.50157 -80.05445,40.50105 -80.05254,40.50001 -80.05555,40.49558 -80.04787,40.49175 -80.04781,40.49124 -80.04826,40.49083 -80.04815,40.49032 -80.04494,40.48721 -80.0405,40.48432 -80.0417,40.48198 -80.03962,40.47536 -80.03617,40.47065 -80.03523,40.46787 -80.03449,40.46618 -80.03209,40.46288 -80.03018,40.45695 -80.02985,40.45649 -80.02963,40.45643 -80.02931,40.45666 -80.02944,40.45735 -80.0276,40.45769 -80.02634,40.45411 -80.02616,40.45409 -80.01538,40.45609 -80.01459,40.45405 -80.01442,40.45401 -80.00662,40.45541"
saturday,kept,470.4,"-80.00023,40.44234 -80.00382,40.44144 -80.00433,40.44272"
saturday,kept,394.7,"-80.0044,40.44288 -80.00462,40.44339 -80.00454,40.44351 -80.001,40.44452"
saturday,kept,20.0,"-80.00697,40.45544 -80.00719,40.4554"
saturday,kept,496.3,"-80.02647,40.45403 -80.02827,40.45374 -80.02922,40.4567"
saturday,kept,1594.9,"-80.02941,40.45722 -80.03062,40.46069 -80.03071,40.46141 -80.03056,40.46193 -80.02998,40.46248 -80.02931,40.46248 -80.02905,40.4622 -80.02927,40.46172 -80.02972,40.46164 -80.03016,40.46176 -80.03086,40.46224 -80.03333,40.4655 -80.03374,40.46653 -80.03483,40.4672"
saturday,kept,771.8,"-80.05261,40.49423 -80.05005,40.49863 -80.0523,40.49988"
saturday,kept,40.0,"-80.03469,40.51728 -80.03423,40.51735"
saturday,kept,199.2,"-80.0354,40.51682 -80.03568,40.51708 -80.03698,40.5175 -80.03744,40.51754"
saturday,kept,1469.8,"-80.00297,40.45083 -80.00406,40.45414 -80.00422,40.45426 -80.00789,40.45359 -80.008,40.45345 -80.00765,40.45222 -80.01081,40.45158 -80.01126,40.45161 -80.01314,40.45236 -80.01403,40.45247 -80.01409,40.45264"
saturday,added,80.0,"-80.01415,40.45282 -80.01439,40.45351"
saturday,kept,39.9,"-80.01446,40.45368 -80.01458,40.45403"
saturday,kept,1577.3,"-80.01535,40.4561 -80.0164,40.45924 -80.01693,40.45959 -80.01714,40.45963 -80.0224,40.45863 -80.02287,40.45862 -80.02352,40.45883 -80.02538,40.45992 -80.02942,40.46141"
saturday,kept,20.0,"-80.03035,40.46193 -80.03041,40.46211"
saturday,kept,3138.9,"-80.0303,40.46242 -80.02828,40.46393 -80.02509,40.46683 -80.025,40.46697 -80.02532,40.46912 -80.02565,40.46994 -80.02999,40.4691 -80.03014,40.46916 -80.03195,40.47493 -80.03351,40.47734 -80.03486,40.48153 -80.03396,40.48171 -80.03505,40.48235 -80.03541,40.483 -80.03558,40.48304"
saturday,added,439.9,"-80.03581,40.483 -80.04086,40.4821"
saturday,kept,99.8,"-80.04109,40.48206 -80.04155,40.48198 -80.0421,40.48165"
saturday,added,219.8,"-80.04227,40.48153 -80.04302,40.48084 -80.043,40.47977"
saturday,kept,21650.1,"-80.04297,40.47959 -80.04323,40.47932 -80.04366,40.47943 -80.04599,40.48146 -80.04828,40.48272 -80.05505,40.48692 -80.06053,40.49088 -80.06232,40.49277 -80.06346,40.49368 -80.06813,40.49643 -80.071,40.4988 -80.07475,40.50127 -80.07724,40.50229 -80.08518,40.50506 -80.08592,40.50549 -80.08792,40.50726 -80.09274,40.50984 -80.09499,40.51037 -80.09781,40.51048 -80.10043,40.51129 -80.10401,40.5122 -80.10682,40.51243 -80.11104,40.51359 -80.12121,40.51593 -80.13511,40.51877 -80.14455,40.52206 -80.14656,40.52259 -80.15046,40.52331 -80.15832,40.5262 -80.15905,40.52665 -80.16031,40.52714 -80.16096,40.52788 -80.16161,40.52839 -80.16398,40.52921 -80.17019,40.53215 -80.17486,40.53459 -80.17991,40.53979 -80.18132,40.54099 -80.1891,40.54622 -80.1893,40.54654 -80.18947,40.54797 -80.18994,40.54954 -80.19186,40.55201 -80.19693,40.55627 -80.20127,40.55957 -80.20271,40.56121 -80.20517,40.56362 -80.20755,40.56537 -80.21074,40.56722 -80.21632,40.57135 -80.21956,40.57467 -80.22076,40.576 -80.22104,40.57649 -80.22101,40.57684 -80.22044,40.57741 -80.22029,40.57774 -80.2205,40.57953 -80.22262,40.58029 -80.22275,40.58043 -80.22919,40.58901 -80.23052,40.59302 -80.22895,40.59333 -80.22816,40.59243"
saturday,kept,20.0,"-80.20625,40.56441 -80.20608,40.56429"
saturday,kept,20.0,"-80.15879,40.52639 -80.15858,40.52631"
saturday,kept,40.0,"-80.14779,40.52275 -80.14733,40.52266"
saturday,kept,40.0,"-80.14665,40.52252 -80.1462,40.52242"
saturday,kept,40.0,"-80.14575,40.52231 -80.1453,40.5222"
saturday,kept,20.0,"-80.14228,40.52119 -80.14206,40.52111"
saturday,kept,200.0,"-80.13932,40.52007 -80.13721,40.51926"
saturday,kept,20.0,"-80.13678,40.51912 -80.13656,40.51905"
saturday,kept,20.0,"-80.13612,40.51891 -80.13591,40.51884"
saturday,kept,20.0,"-80.13522,40.51869 -80.13499,40.51865"
saturday,kept,20.0,"-80.13408,40.51846 -80.13386,40.51841"
saturday,kept,20.0,"-80.13203,40.51804 -80.1318,40.51799"
saturday,kept,20.0,"-80.13089,40.51781 -80.13066,40.51776"
saturday,kept,20.0,"-80.12975,40.51757 -80.12953,40.51752"
saturday,kept,520.0,"-80.12885,40.51735 -80.12295,40.51608"
saturday,kept,40.0,"-80.12249,40.51598 -80.12204,40.51589"
saturday,kept,40.0,"-80.12135,40.51576 -80.1209,40.51566"
saturday,kept,40.0,"-80.12044,40.51557 -80.11999,40.51546"
saturday,kept,20.0,"-80.11931,40.51532 -80.11908,40.51527"
saturday,kept,20.0,"-80.1184,40.51513 -80.11817,40.51508"
saturday,kept,20.0,"-80.11726,40.51488 -80.11703,40.51483"
saturday,kept,20.0,"-80.11317,40.514 -80.11295,40.51395"
saturday,kept,20.0,"-80.10869,40.51288 -80.10847,40.51281"
saturday,kept,20.0,"-80.10781,40.51262 -80.10759,40.51255"
saturday,kept,20.0,"-80.10714,40.51243 -80.10692,40.51237"
saturday,kept,60.0,"-80.10505,40.5122 -80.10435,40.51217"
saturday,kept,120.0,"-80.09696,40.51042 -80.09555,40.51034"
saturday,kept,40.0,"-80.08763,40.50705 -80.08729,40.5068"
saturday,kept,20.0,"-80.0457,40.48125 -80.04553,40.48112"
saturday,kept,111.5,"-80.04355,40.47934 -80.0431,40.47892 -80.04293,40.47932"
saturday,kept,19.9,"-80.04202,40.48171 -80.04185,40.48184"
saturday,kept,79.7,"-80.03517,40.48225 -80.0349,40.48157"
saturday,kept,91.9,"-80.03025,40.46246 -80.03077,40.4621 -80.03059,40.46188"
saturday,kept,20.0,"-80.0302,40.46167 -80.02999,40.46159"
saturday,kept,433.2,"-80.01395,40.45223 -80.01345,40.45066 -80.01329,40.45062 -80.01193,40.45089 -80.01086,40.45157"
saturday,kept,557.7,"-80.00753,40.45187 -80.00681,40.44999 -80.00338,40.45061 -80.00294,40.45056"
saturday,kept,1079.1,"-80.01722,40.45975 -80.01831,40.46044 -80.01935,40.46204 -80.02049,40.46295 -80.02087,40.46316 -80.02221,40.46347 -80.0236,40.46444 -80.02473,40.46558 -80.02497,40.46683"
saturday,kept,1618.1,"-80.02562,40.47001 -80.02615,40.47138 -80.02749,40.4721 -80.02985,40.475 -80.03161,40.47618 -80.03175,40.4767 -80.03169,40.47724 -80.03089,40.47893 -80.03086,40.47928 -80.03167,40.48037 -80.0339,40.48169"
saturday,kept,1213.4,"-80.03545,40.48316 -80.03584,40.48438 -80.03682,40.48659 -80.03707,40.48689 -80.04231,40.48791 -80.04344,40.48855 -80.04361,40.48855 -80.04496,40.4873"
saturday,kept,1845.7,"-80.05559,40.49558 -80.06114,40.49831 -80.06575,40.50014 -80.06802,40.50142 -80.07121,40.50258 -80.0721,40.50316 -80.07417,40.50348 -80.0744,40.50365"
saturday,kept,90.7,"-80.07455,40.50381 -80.07499,40.50387 -80.07462,40.50354"
saturday,kept,100.0,"-80.01929,40.55026 -80.0189,40.54942"
saturday,added,360.0,"-80.01882,40.54925 -80.01789,40.54721 -80.01723,40.54626"
saturday,kept,20.0,"-80.0171,40.54611 -80.01697,40.54596"
saturday,kept,60.0,"-80.02347,40.55199 -80.0239,40.55156"
saturday,added,4374.3,"-80.02404,40.55142 -80.02452,40.55103 -80.02704,40.54969 -80.02811,40.54851 -80.02923,40.54654 -80.03046,40.54545 -80.03177,40.54468 -80.03284,40.54433 -80.03588,40.5446 -80.03593,40.54447 -80.03595,40.5416 -80.03635,40.53838 -80.03597,40.53625 -80.03581,40.53212 -80.03505,40.52968 -80.0355,40.52774 -80.03558,40.52559 -80.03433,40.52213 -80.03304,40.52064 -80.03181,40.5185"
saturday,kept,19.9,"-80.03756,40.51633 -80.03759,40.51651"
saturday,kept,59.7,"-80.0348,40.51679 -80.03485,40.51733"
saturday,kept,60.0,"-80.03492,40.51727 -80.0349,40.51673"
saturday,kept,19.8,"-80.03855,40.51642 -80.03851,40.51624"
saturday,kept,58.2,"-80.0237,40.55166 -80.02312,40.55192"
saturday,added,20.0,"-80.01702,40.54623 -80.01714,40.54638"
saturday,added,59.8,"-80.01843,40.54887 -80.01834,40.5494"
saturday,kept,27359.3,"-80.00469,40.44357 -80.00669,40.44341 -80.00851,40.44301 -80.00891,40.44282 -80.00918,40.44234 -80.00932,40.44073 -80.00973,40.43989 -80.0102,40.4395 -80.01232,40.43836 -80.01341,40.43802 -80.01384,40.43814 -80.01554,40.43911 -80.01659,40.43952 -80.01934,40.44092 -80.02385,40.44247 -80.02776,40.44406 -80.03175,40.44686 -80.03803,40.45174 -80.03943,40.45295 -80.04181,40.45541 -80.04611,40.45874 -80.04745,40.45975 -80.05129,40.46214 -80.05318,40.46441 -80.05674,40.46347 -80.05693,40.4635 -80.05811,40.46461 -80.0612,40.4655 -80.06123,40.4656 -80.06061,40.46614 -80.06017,40.46753 -80.06026,40.46986 -80.06047,40.47056 -80.06235,40.47346 -80.06337,40.47378 -80.06432,40.47457 -80.06617,40.47708 -80.06834,40.48047 -80.07057,40.483 -80.07557,40.48629 -80.07808,40.48819 -80.07947,40.48898 -80.07978,40.48946 -80.07989,40.49215 -80.08006,40.49247 -80.08965,40.49697 -80.10198,40.50213 -80.10208,40.50224 -80.10142,40.50359 -80.10153,40.50392 -80.11045,40.5076 -80.11761,40.50883 -80.12292,40.50958 -80.13156,40.51213 -80.1396,40.51427 -80.14953,40.51757 -80.15023,40.51756 -80.15083,40.51729 -80.15328,40.51446 -80.17688,40.52337 -80.18302,40.52607 -80.18614,40.52825 -80.1886,40.53043 -80.19189,40.53301 -80.19355,40.53453 -80.19533,40.53664 -80.19624,40.53721 -80.19774,40.53774 -80.1991,40.53803 -80.1998,40.53801 -80.20066,40.53772 -80.20128,40.53718 -80.20176,40.53637 -80.20241,40.53446 -80.20294,40.53387 -80.20395,40.53312 -80.20445,40.53251 -80.20471,40.53182 -80.20516,40.52933 -80.20575,40.52835 -80.20647,40.52765 -80.20779,40.5269 -80.21044,40.52615 -80.21578,40.52385 -80.21653,40.52342 -80.21712,40.52286 -80.21757,40.52204 -80.21764,40.52043 -80.21804,40.51959 -80.21942,40.51814 -80.22165,40.51682 -80.22229,40.51588 -80.22232,40.51356 -80.22327,40.50731 -80.2231,40.5057 -80.22244,40.50366 -80.22385,40.50365 -80.22447,40.50388 -80.22657,40.50412 -80.22697,40.50401 -80.22693,40.50385 -80.22672,40.50379 -80.22629,40.50394 -80.22572,40.50393"
saturday,kept,118.8,"-80.22528,40.50389 -80.2245,40.50354 -80.22402,40.50355"
saturday,kept,39.0,"-80.22285,40.50358 -80.2224,40.50366"
saturday,kept,219.6,"-80.22225,40.51395 -80.22215,40.51591"
saturday,kept,20.0,"-80.22198,40.51625 -80.22187,40.51641"
saturday,kept,20.0,"-80.22033,40.51749 -80.22014,40.5176"
saturday,kept,179.9,"-80.21757,40.52032 -80.21751,40.52193"
saturday,kept,20.0,"-80.20485,40.5301 -80.20482,40.53027"
saturday,kept,20.0,"-80.2025,40.5342 -80.20238,40.53435"
saturday,kept,20.0,"-80.20218,40.53468 -80.2021,40.53485"
saturday,kept,20.0,"-80.20189,40.53555 -80.20185,40.53572"
saturday,kept,20.0,"-80.20163,40.53642 -80.20156,40.53659"
saturday,kept,20.0,"-80.20042,40.53771 -80.20021,40.5378"
saturday,kept,20.0,"-80.19953,40.53794 -80.1993,40.53795"
saturday,kept,20.0,"-80.19748,40.53758 -80.19726,40.53751"
saturday,kept,40.0,"-80.19287,40.53367 -80.1926,40.53337"
saturday,kept,659.9,"-80.19233,40.53308 -80.1909,40.53165 -80.187,40.52877"
saturday,kept,60.0,"-80.18667,40.52852 -80.18616,40.52815"
saturday,kept,20.0,"-80.18039,40.52477 -80.18018,40.52468"
saturday,kept,2538.4,"-80.17902,40.52407 -80.17689,40.52265 -80.1761,40.52226 -80.17356,40.52111 -80.16689,40.51843 -80.15386,40.51353 -80.15333,40.51431"
saturday,kept,5.4,"-80.14645,40.5165 -80.14639,40.51648"
saturday,kept,20.0,"-80.13888,40.514 -80.13866,40.51394"
saturday,kept,20.0,"-80.13734,40.51355 -80.13712,40.51349"
saturday,kept,20.0,"-80.13135,40.51194 -80.13112,40.51188"
saturday,kept,20.0,"-80.13045,40.51171 -80.13023,40.51165"
saturday,kept,20.0,"-80.09833,40.50052 -80.09812,40.50043"
saturday,kept,20.0,"-80.09771,40.50026 -80.0975,40.50017"
saturday,kept,20.0,"-80.09565,40.49939 -80.09545,40.4993"
saturday,kept,40.0,"-80.09504,40.49913 -80.09462,40.49895"
saturday,kept,20.0,"-80.09297,40.49825 -80.09276,40.49817"
saturday,kept,20.0,"-80.08974,40.49693 -80.08954,40.49683"
saturday,kept,20.0,"-80.08149,40.49308 -80.08128,40.49299"
saturday,kept,19.6,"-80.07987,40.48919 -80.07968,40.48909"
saturday,kept,19.8,"-80.06345,40.47384 -80.06327,40.47373"
saturday,kept,20.0,"-80.06286,40.47356 -80.06267,40.47345"
saturday,kept,20.0,"-80.05132,40.46217 -80.05114,40.46205"
saturday,kept,40.0,"-80.03042,40.44589 -80.03019,40.44558"
saturday,kept,160.0,"-80.02995,40.44527 -80.02852,40.44433"
saturday,kept,79.9,"-80.02815,40.44411 -80.02742,40.44366"
saturday,kept,80.0,"-80.02677,40.44344 -80.02591,40.44315"
saturday,kept,20.0,"-80.02547,40.44301 -80.02526,40.44293"
saturday,kept,219.2,"-80.01561,40.43889 -80.0139,40.43794 -80.01344,40.43793"
saturday,kept,519.5,"-80.00967,40.43976 -80.0078,40.44052 -80.00517,40.44131 -80.004,40.44139"
saturday,kept,465.9,"-80.09713,40.46791 -80.09688,40.46742 -80.09778,40.4672 -80.09831,40.46753 -80.09874,40.4676 -80.09876,40.46773 -80.09801,40.46884 -80.09718,40.46867"
saturday,added,452.5,"-80.09695,40.46869 -80.09286,40.46993 -80.09259,40.47022 -80.09254,40.47058"
saturday,kept,5623.3,"-80.09248,40.47071 -80.0913,40.47066 -80.09131,40.47115 -80.09158,40.47165 -80.09306,40.47253 -80.09589,40.47469 -80.09599,40.47512 -80.09735,40.47543 -80.09683,40.47662 -80.09642,40.47705 -80.09249,40.47869 -80.09223,40.4801 -80.09199,40.48039 -80.08917,40.48046 -80.08358,40.47975 -80.08203,40.48055 -80.08015,40.4813 -80.07969,40.48136 -80.07939,40.48109 -80.07854,40.47966 -80.07746,40.48001 -80.07677,40.48011 -80.0759,40.47983 -80.07437,40.47899 -80.07415,40.47898 -80.07309,40.47938 -80.07237,40.47984 -80.07226,40.48 -80.0727,40.48059 -80.07585,40.47983 -80.07695,40.48011 -80.07849,40.47967 -80.07812,40.47873 -80.0772,40.4786 -80.07555,40.47791 -80.07466,40.47733 -80.073,40.47581 -80.07158,40.47486 -80.07096,40.47462 -80.07027,40.47471 -80.06843,40.47583 -80.06698,40.47643 -80.0663,40.47657 -80.0659,40.4764 -80.06561,40.47612"
saturday,kept,1825.4,"-80.06232,40.47356 -80.05993,40.47471 -80.05832,40.47527 -80.05451,40.47053 -80.05405,40.47051 -80.05355,40.4699 -80.05215,40.46871 -80.05271,40.46734 -80.05281,40.46591 -80.0532,40.46546 -80.05371,40.46516 -80.05326,40.46453"
saturday,kept,20.0,"-80.03682,40.4508 -80.03665,40.45068"
saturday,kept,478.3,"-80.00764,40.44042 -80.00674,40.44024 -80.00504,40.43961 -80.00396,40.4412 -80.0039,40.44155"
saturday,kept,153.5,"-80.05848,40.47546 -80.05964,40.47496 -80.05995,40.4747"
saturday,kept,19.8,"-80.09836,40.46762 -80.09839,40.46779"
saturday,kept,117.7,"-80.09827,40.46813 -80.09741,40.46839 -80.09722,40.46807"
saturday,added,338.4,"-80.17557,40.44801 -80.17488,40.44813 -80.17364,40.44893 -80.17407,40.45013"
saturday,kept,1532.4,"-80.17412,40.45031 -80.17416,40.45062 -80.17326,40.45083 -80.17278,40.45122 -80.17227,40.45315 -80.17186,40.45355 -80.17141,40.45351 -80.17037,40.45277 -80.16973,40.45258 -80.16906,40.45273 -80.16795,40.45338 -80.16725,40.45343 -80.16586,40.45326 -80.16542,40.45314 -80.16441,40.45215 -80.16382,40.45185 -80.16313,40.45174 -80.16077,40.45178"
saturday,added,259.2,"-80.16054,40.45177 -80.15839,40.45106 -80.1578,40.45131"
saturday,kept,598.0,"-80.15771,40.45147 -80.15766,40.45165 -80.15629,40.45184 -80.15552,40.45224 -80.15549,40.45236 -80.15651,40.45281 -80.15717,40.4528 -80.15766,40.45219 -80.15727,40.45174 -80.15756,40.45166 -80.15776,40.45138"
saturday,added,19.8,"-80.15806,40.45112 -80.15828,40.45107"
saturday,added,40.0,"-80.16014,40.4518 -80.1606,40.45187"
saturday,kept,9163.6,"-80.16084,40.45188 -80.16107,40.45188 -80.16141,40.45105 -80.16279,40.45038 -80.16303,40.45007 -80.16302,40.44936 -80.16249,40.44798 -80.15955,40.44841 -80.15791,40.44842 -80.15675,40.44825 -80.15564,40.44796 -80.15417,40.44738 -80.14968,40.44475 -80.14887,40.44439 -80.1475,40.44416 -80.14656,40.44422 -80.14565,40.44442 -80.14484,40.44478 -80.14434,40.44517 -80.14398,40.44563 -80.14351,40.44683 -80.14298,40.44763 -80.1399,40.45034 -80.13865,40.45085 -80.13492,40.45197 -80.13399,40.45207 -80.13393,40.45218 -80.13502,40.45334 -80.1369,40.45598 -80.13727,40.4562 -80.13818,40.45638 -80.13782,40.45831 -80.13953,40.46024 -80.13979,40.46073 -80.13992,40.46163 -80.13983,40.46234 -80.13845,40.46401 -80.13826,40.46524 -80.13764,40.46599 -80.13315,40.46594 -80.13246,40.46603 -80.13162,40.46636 -80.12758,40.46855 -80.12624,40.46888 -80.12207,40.46828 -80.11737,40.46856 -80.11644,40.46844 -80.11543,40.46799 -80.11443,40.46723 -80.11288,40.46566 -80.11236,40.46529 -80.11153,40.46496 -80.1106,40.46486 -80.10746,40.46545 -80.10622,40.46596 -80.10547,40.46664 -80.10446,40.46826 -80.10382,40.46878 -80.1032,40.46905 -80.10141,40.46949 -80.10014,40.46995 -80.0997,40.46985 -80.09816,40.46904"
saturday,kept,19.2,"-80.09597,40.47475 -80.09599,40.47492"
saturday,kept,3444.5,"-80.09567,40.47503 -80.09389,40.47416 -80.0932,40.47406 -80.09253,40.4742 -80.09136,40.4748 -80.09047,40.47504 -80.08836,40.47503 -80.08473,40.47582 -80.08383,40.47563 -80.08298,40.47577 -80.07351,40.47252 -80.06712,40.46772 -80.06635,40.46566 -80.0651,40.46586 -80.06159,40.46561"
saturday,kept,320.0,"-80.04187,40.45541 -80.04451,40.45747"
saturday,kept,20.0,"-80.04582,40.4585 -80.04599,40.45863"
saturday,kept,20.0,"-80.07004,40.46992 -80.07021,40.47005"
saturday,kept,20.0,"-80.07154,40.47106 -80.07171,40.47119"
saturday,kept,20.0,"-80.07255,40.47182 -80.07272,40.47195"
saturday,kept,20.0,"-80.11484,40.46757 -80.11501,40.4677"
saturday,kept,20.0,"-80.14733,40.44416 -80.14757,40.44416"
saturday,kept,219.6,"-80.15798,40.44843 -80.1589,40.44854 -80.16055,40.44845"
saturday,kept,40.0,"-80.16124,40.44834 -80.1617,40.44825"
saturday,kept,19.5,"-80.16216,40.4482 -80.16238,40.44824"
saturday,kept,19.9,"-80.16259,40.44856 -80.16265,40.44873"
saturday,kept,79.8,"-80.16289,40.44942 -80.16297,40.44978 -80.16284,40.45012"
saturday,kept,19.9,"-80.1612,40.4511 -80.16108,40.45126"
saturday,kept,199.8,"-80.16113,40.45188 -80.16348,40.45188"
saturday,kept,20.0,"-80.1646,40.4525 -80.16474,40.45264"
saturday,kept,59.9,"-80.16599,40.45338 -80.16669,40.45345"
saturday,kept,20.0,"-80.16807,40.45346 -80.16828,40.45338"
saturday,kept,19.9,"-80.16917,40.4528 -80.16939,40.45273"
saturday,kept,99.8,"-80.16986,40.4527 -80.17079,40.45323"
saturday,kept,115.1,"-80.17129,40.4536 -80.1718,40.4539 -80.17227,40.4535"
saturday,kept,60.0,"-80.17244,40.45317 -80.17256,40.45264"
saturday,kept,60.0,"-80.17273,40.45193 -80.17287,40.4514"
saturday,kept,579.0,"-80.17392,40.4508 -80.17528,40.45048 -80.17585,40.45017 -80.17736,40.44837 -80.17848,40.44773 -80.17835,40.44738"
saturday,added,415.0,"-80.17829,40.44721 -80.17808,40.44651 -80.17787,40.44653 -80.17804,40.44757 -80.17575,40.44798"
saturday,added,399.9,"-80.16091,40.45234 -80.16122,40.45466 -80.16098,40.4559"
saturday,kept,979.7,"-80.16104,40.45602 -80.16197,40.45614 -80.16385,40.45606 -80.16592,40.45643 -80.16686,40.45641 -80.16979,40.45526 -80.17156,40.45407"
saturday,kept,20.0,"-80.17181,40.45383 -80.17164,40.4537"
saturday,kept,20.0,"-80.16879,40.45291 -80.16862,40.45303"
saturday,kept,20.0,"-80.1631,40.4498 -80.16308,40.44962"
saturday,added,1758.1,"-80.15808,40.4481 -80.15896,40.44494 -80.15879,40.4437 -80.15848,40.44322 -80.15734,40.44231 -80.15581,40.44148 -80.15443,40.44051 -80.15149,40.43937 -80.14894,40.43807 -80.14819,40.43763 -80.14731,40.43679"
saturday,kept,79.9,"-80.14716,40.43665 -80.14644,40.4362"
saturday,added,1317.2,"-80.14601,40.43604 -80.14364,40.43525 -80.13926,40.43281 -80.13715,40.43201 -80.13458,40.43076 -80.13534,40.42986 -80.13579,40.42981 -80.13599,40.42989"
saturday,kept,6583.6,"-80.13616,40.43002 -80.13632,40.43015 -80.13599,40.43035 -80.13532,40.43018 -80.12629,40.42628 -80.1237,40.42541 -80.12093,40.42497 -80.11645,40.42488 -80.11434,40.42469 -80.10785,40.42372 -80.09889,40.42212 -80.09662,40.42162 -80.0942,40.42091 -80.0923,40.42019 -80.08969,40.41896 -80.08692,40.41728 -80.08555,40.4163 -80.0835,40.41455 -80.08154,40.41328 -80.08163,40.41313 -80.08185,40.41316 -80.08356,40.41439 -80.0837,40.41439 -80.08574,40.41176 -80.08833,40.41022 -80.08893,40.40966 -80.08946,40.40867 -80.09002,40.40637 -80.09031,40.40589 -80.09053,40.40583"
saturday,added,97.5,"-80.09074,40.40577 -80.09093,40.40547 -80.09072,40.40538 -80.09044,40.40567"
saturday,kept,6878.2,"-80.08353,40.41465 -80.08225,40.41637 -80.0813,40.41801 -80.08034,40.42208 -80.07985,40.42289 -80.07882,40.42362 -80.07444,40.42494 -80.07348,40.42545 -80.07048,40.42845 -80.06795,40.43231 -80.06751,40.43351 -80.06759,40.4362 -80.06667,40.43862 -80.06624,40.4402 -80.06604,40.44325 -80.06563,40.44592 -80.06511,40.44672 -80.06214,40.44951 -80.05874,40.45174 -80.05476,40.45283 -80.05382,40.4528 -80.05176,40.45241 -80.0494,40.45242 -80.04734,40.45203 -80.04547,40.45186 -80.04454,40.45196 -80.04208,40.45259 -80.04067,40.45264 -80.03915,40.45216 -80.03698,40.45081"
saturday,kept,657.9,"-80.08174,40.4131 -80.08129,40.41309 -80.08067,40.41334 -80.08064,40.41368 -80.08227,40.41437 -80.08549,40.41648"
saturday,kept,60.0,"-80.08801,40.41811 -80.08856,40.41845"
saturday,kept,20.0,"-80.09509,40.4213 -80.09531,40.42136"
saturday,kept,20.0,"-80.09576,40.42149 -80.09598,40.42155"
saturday,kept,20.0,"-80.09868,40.42218 -80.09891,40.42222"
saturday,kept,40.0,"-80.09983,40.42239 -80.10029,40.42247"
saturday,kept,20.0,"-80.10121,40.42263 -80.10144,40.42267"
saturday,kept,20.0,"-80.10236,40.42284 -80.10259,40.42288"
saturday,kept,20.0,"-80.10513,40.42331 -80.10536,40.42334"
saturday,kept,20.0,"-80.10628,40.4235 -80.10651,40.42354"
saturday,kept,20.0,"-80.10766,40.42373 -80.10789,40.42377"
saturday,kept,40.0,"-80.11043,40.42418 -80.1109,40.42425"
saturday,kept,40.0,"-80.11344,40.42465 -80.1139,40.42472"
saturday,kept,60.0,"-80.11483,40.42486 -80.11553,40.42489"
saturday,kept,80.0,"-80.12095,40.42509 -80.12188,40.42522"
saturday,kept,40.0,"-80.12258,40.42531 -80.12304,40.42538"
saturday,kept,20.0,"-80.12371,40.42555 -80.12394,40.42561"
saturday,kept,20.0,"-80.1246,40.4258 -80.12481,40.42588"
saturday,kept,18.9,"-80.12524,40.42603 -80.12544,40.4261"
saturday,kept,60.0,"-80.12586,40.42626 -80.12648,40.42653"
saturday,kept,60.0,"-80.12689,40.42671 -80.1275,40.42697"
saturday,kept,160.0,"-80.12792,40.42715 -80.12956,40.42786"
saturday,kept,40.0,"-80.12997,40.42804 -80.13038,40.42822"
saturday,kept,20.0,"-80.13099,40.42848 -80.1312,40.42857"
saturday,kept,20.0,"-80.13202,40.42893 -80.13222,40.42902"
saturday,kept,79.8,"-80.13282,40.4293 -80.13314,40.42957 -80.13329,40.42991"
saturday,added,155.0,"-80.1333,40.43008 -80.13332,40.43039 -80.13463,40.43079"
saturday,added,20.0,"-80.14816,40.43776 -80.14834,40.43788"
saturday,added,100.0,"-80.15008,40.43881 -80.15105,40.43932"
saturday,added,80.0,"-80.15251,40.4399 -80.15337,40.44021"
saturday,added,20.0,"-80.15379,40.44036 -80.154,40.44044"
saturday,added,20.0,"-80.15804,40.44289 -80.15817,40.44304"
saturday,kept,8970.4,"-80.02886,40.44442 -80.03207,40.4429 -80.03632,40.44134 -80.03794,40.44121 -80.03811,40.44128 -80.03951,40.44273 -80.03979,40.44322 -80.04124,40.44452 -80.04194,40.44535 -80.04234,40.44555 -80.04348,40.44574 -80.04395,40.44613 -80.04414,40.44683 -80.04408,40.44801 -80.04522,40.45044 -80.0514,40.45159 -80.05305,40.45229 -80.0544,40.4526 -80.05471,40.45335 -80.05591,40.4539 -80.05872,40.45436 -80.05957,40.45402 -80.06374,40.45792 -80.06478,40.45906 -80.06471,40.45938 -80.06426,40.45949 -80.06416,40.45964 -80.06437,40.46015 -80.06429,40.46031 -80.0637,40.46051 -80.06316,40.46022 -80.06275,40.45907 -80.06399,40.45819 -80.05962,40.45395 -80.06213,40.45344 -80.06397,40.45376 -80.06509,40.45383 -80.06629,40.45149 -80.06889,40.45221 -80.06939,40.45166 -80.06933,40.45155 -80.06604,40.45055 -80.06434,40.44959 -80.06207,40.44802 -80.06009,40.44578 -80.05857,40.44466 -80.05794,40.44442 -80.05677,40.44432 -80.05544,40.44396 -80.06047,40.44221 -80.06087,40.44178 -80.06158,40.43952 -80.06189,40.43925 -80.06379,40.43853"
saturday,added,359.8,"-80.06401,40.43845 -80.06599,40.43789 -80.06693,40.4379 -80.06808,40.4381"
saturday,kept,79.9,"-80.06831,40.43814 -80.06923,40.4383"
saturday,added,160.0,"-80.06941,40.43837 -80.06899,40.43977"
saturday,kept,754.1,"-80.06894,40.43994 -80.06832,40.44167 -80.0684,40.44178 -80.0691,40.44187 -80.07255,40.44135 -80.07314,40.44107 -80.07173,40.4408"
saturday,kept,234.9,"-80.07152,40.44076 -80.06885,40.44024"
saturday,kept,20.0,"-80.04522,40.45042 -80.04514,40.45025"
saturday,kept,356.1,"-80.03087,40.44336 -80.03063,40.44273 -80.02906,40.44305 -80.02831,40.44348 -80.02766,40.44369"
saturday,kept,15.5,"-80.00518,40.43966 -80.005,40.43966"
saturday,added,475.5,"-80.05237,40.46256 -80.0556,40.46146 -80.05651,40.46287"
saturday,kept,20.0,"-80.05661,40.46303 -80.05671,40.46319"
saturday,kept,697.4,"-80.06644,40.46548 -80.06699,40.46517 -80.06907,40.46483 -80.07094,40.46496 -80.07401,40.46496 -80.07422,40.46493 -80.0743,40.46476"
saturday,added,599.9,"-80.07438,40.46459 -80.07723,40.45967"
saturday,kept,3187.5,"-80.0774,40.45955 -80.07947,40.45783 -80.08022,40.45613 -80.07999,40.45563 -80.07769,40.4534 -80.07793,40.4531 -80.07788,40.45222 -80.07809,40.4519 -80.08241,40.44834 -80.08238,40.44821 -80.08065,40.44699 -80.07888,40.44649 -80.07844,40.44654 -80.07676,40.44719 -80.07281,40.44773 -80.06937,40.44711 -80.06719,40.44576 -80.06609,40.44482 -80.06608,40.44448"
saturday,kept,316.8,"-80.06622,40.44395 -80.06693,40.44325 -80.06755,40.44308 -80.06827,40.44176"
saturday,kept,1697.8,"-80.0552,40.44389 -80.05201,40.44275 -80.04889,40.44191 -80.04706,40.44111 -80.04618,40.44127 -80.04414,40.44301 -80.0435,40.4432 -80.04283,40.44306 -80.04024,40.44123 -80.03814,40.44116"
saturday,kept,19.5,"-80.03076,40.443 -80.03074,40.44282"
saturday,kept,20.0,"-80.04523,40.44202 -80.04539,40.4419"
saturday,kept,336.4,"-80.06962,40.43838 -80.07284,40.43895 -80.073,40.43903 -80.07303,40.43939"
saturday,added,100.0,"-80.07304,40.43957 -80.07311,40.44047"
saturday,kept,40.0,"-80.07313,40.44065 -80.07316,40.44101"
saturday,kept,15.7,"-80.08244,40.44825 -80.08236,40.44838"
saturday,added,119.7,"-79.91125,40.4562 -79.91141,40.45652 -79.91136,40.45724"
saturday,kept,3814.5,"-79.91139,40.4574 -79.91771,40.45982 -79.91909,40.46004 -79.9205,40.45999 -79.9273,40.45847 -79.93061,40.45752 -79.93207,40.45693 -79.93321,40.45629 -79.93515,40.45473 -79.9361,40.45419 -79.93829,40.45354 -79.93922,40.45347 -79.94039,40.45359 -79.94214,40.45413 -79.94372,40.45491 -79.94585,40.45633 -79.94689,40.45675 -79.95131,40.45733 -79.95149,40.45732 -79.95138,40.45697"
saturday,added,260.0,"-79.95132,40.4568 -79.9504,40.45457"
saturday,added,80.0,"-79.95003,40.45372 -79.94977,40.45303"
saturday,kept,527.5,"-79.94973,40.45285 -79.94957,40.45262 -79.94452,40.45414 -79.94429,40.45389"
saturday,added,299.9,"-79.94421,40.45372 -79.94311,40.45116"
saturday,added,280.0,"-79.94291,40.45028 -79.94251,40.44778"
saturday,kept,7194.2,"-79.94249,40.4476 -79.94225,40.446 -79.94297,40.44468 -79.94318,40.44464 -79.9486,40.44446 -79.95078,40.44398 -79.95194,40.44647 -79.96335,40.43815 -79.96394,40.43785 -79.96508,40.43764 -79.96655,40.4363 -79.96937,40.43625 -79.97069,40.43664 -79.97279,40.43688 -79.98374,40.43554 -79.98651,40.43509 -79.98886,40.43492 -79.99168,40.43499 -79.99429,40.43581 -79.99464,40.43604 -79.99479,40.43638 -79.99429,40.43776 -79.99268,40.44113 -79.99261,40.44131 -79.99278,40.44163 -79.99414,40.44187 -79.995,40.44216 -79.99682,40.43946 -80.00267,40.44165"
saturday,kept,239.8,"-80.00421,40.44148 -80.00515,40.44155 -80.0069,40.44103"
saturday,kept,60.0,"-80.00733,40.44088 -80.00797,40.44065"
saturday,kept,20.0,"-80.00838,40.44047 -80.00858,40.44038"
saturday,kept,20.0,"-80.10866,40.42397 -80.10889,40.424"
saturday,kept,20.0,"-80.11167,40.42442 -80.11191,40.42446"
saturday,kept,20.0,"-80.13335,40.42949 -80.13356,40.42958"
saturday,kept,20.0,"-80.13459,40.43002 -80.13479,40.43011"
saturday,kept,15696.0,"-80.1352,40.43029 -80.13949,40.43219 -80.16296,40.44424 -80.16487,40.44583 -80.16779,40.44993 -80.16832,40.45052 -80.16914,40.45116 -80.17081,40.45182 -80.17613,40.45262 -80.1777,40.45299 -80.18391,40.45519 -80.18571,40.45604 -80.18713,40.45699 -80.19152,40.46051 -80.19608,40.46596 -80.19701,40.46677 -80.19794,40.46733 -80.19961,40.46798 -80.20329,40.46863 -80.20485,40.46905 -80.20588,40.46949 -80.21009,40.4718 -80.21113,40.47223 -80.21337,40.47276 -80.21526,40.47285 -80.22766,40.47158 -80.22944,40.47112 -80.23417,40.46876 -80.23542,40.46824 -80.23793,40.46776 -80.23958,40.46773 -80.24144,40.46797 -80.24297,40.46844 -80.24438,40.4691 -80.24593,40.4702 -80.2539,40.478 -80.25563,40.47921 -80.26235,40.48312 -80.26333,40.4839 -80.26398,40.48465 -80.26439,40.48529 -80.26454,40.48582 -80.26443,40.48707 -80.26373,40.48819 -80.26138,40.48996 -80.25908,40.4915 -80.25809,40.49199 -80.25657,40.49249 -80.25495,40.49273 -80.25238,40.49259 -80.25169,40.49272 -80.2507,40.49319 -80.24935,40.49419 -80.24917,40.49637"
saturday,kept,10195.6,"-80.24916,40.49656 -80.2492,40.49745 -80.2508,40.49901 -80.25137,40.49931 -80.25419,40.49945 -80.25818,40.49918 -80.26337,40.49938 -80.26495,40.49906 -80.26593,40.49857 -80.26691,40.49758 -80.26798,40.49408 -80.26964,40.48996 -80.26967,40.48925 -80.26945,40.48855 -80.26895,40.48794 -80.26702,40.48663 -80.26265,40.48288 -80.25587,40.47898 -80.2543,40.47789 -80.24647,40.47024 -80.24481,40.46896 -80.24322,40.4682 -80.24099,40.4676 -80.23936,40.46743 -80.23748,40.46751 -80.23588,40.46782 -80.23437,40.46833 -80.23006,40.47053 -80.22812,40.47119 -80.21902,40.47222 -80.21503,40.47253 -80.21292,40.47236 -80.21134,40.47199 -80.20991,40.47137 -80.20527,40.4689 -80.20374,40.46843 -80.19938,40.46764 -80.19852,40.46734 -80.19735,40.46674"
saturday,kept,120.0,"-80.19699,40.46651 -80.19604,40.46571"
saturday,kept,40.0,"-80.19577,40.46542 -80.19551,40.46512"
saturday,kept,40.0,"-80.19427,40.46359 -80.19403,40.46328"
saturday,kept,20.0,"-80.19265,40.4616 -80.19253,40.46145"
saturday,kept,60.0,"-80.19062,40.45963 -80.19013,40.45924"
saturday,kept,20.0,"-80.18915,40.45846 -80.18899,40.45833"
saturday,kept,100.0,"-80.18718,40.45691 -80.18634,40.45629"
saturday,kept,40.0,"-80.18502,40.45554 -80.18461,40.45535"
saturday,kept,80.0,"-80.18293,40.45471 -80.18207,40.45441"
saturday,kept,20.0,"-80.18036,40.45379 -80.18015,40.45372"
saturday,kept,20.0,"-80.17972,40.45357 -80.17951,40.45349"
saturday,kept,20.0,"-80.17688,40.45269 -80.17665,40.45264"
saturday,kept,20.0,"-80.1755,40.45245 -80.17527,40.45242"
saturday,kept,20.0,"-80.17388,40.45222 -80.17364,40.45218"
saturday,kept,40.0,"-80.17248,40.45202 -80.17202,40.45195"
saturday,kept,40.0,"-80.1711,40.45179 -80.17065,40.45168"
saturday,kept,20.0,"-80.16814,40.45011 -80.16801,40.44996"
saturday,kept,20.0,"-80.16575,40.4468 -80.16564,40.44665"
saturday,kept,60.0,"-80.16489,40.44573 -80.16446,40.4453"
saturday,kept,20.0,"-80.16188,40.44347 -80.16169,40.44337"
saturday,kept,20.0,"-80.16012,40.44257 -80.15992,40.44247"
saturday,kept,100.0,"-80.15875,40.44187 -80.15777,40.44137"
saturday,kept,100.0,"-80.15698,40.44098 -80.15599,40.44048"
saturday,kept,100.0,"-80.15521,40.44008 -80.15423,40.43958"
saturday,kept,100.0,"-80.15344,40.43918 -80.15247,40.43868"
saturday,kept,100.0,"-80.15168,40.43828 -80.1507,40.43777"
saturday,kept,40.0,"-80.14992,40.43737 -80.14953,40.43717"
saturday,kept,20.0,"-80.14914,40.43697 -80.14894,40.43687"
saturday,kept,40.0,"-80.14816,40.43647 -80.14776,40.43627"
saturday,kept,20.0,"-80.14737,40.43607 -80.14718,40.43597"
saturday,kept,20.0,"-80.14561,40.43517 -80.14541,40.43507"
saturday,kept,40.0,"-80.14463,40.43467 -80.14423,40.43447"
saturday,kept,20.0,"-80.14384,40.43427 -80.14365,40.43417"
saturday,kept,20.0,"-80.14208,40.43337 -80.14188,40.43327"
saturday,kept,20.0,"-80.14031,40.43247 -80.14012,40.43237"
saturday,kept,60.0,"-80.13892,40.43179 -80.13832,40.43151"
saturday,kept,18.8,"-80.08162,40.41338 -80.08154,40.41322"
saturday,kept,20.0,"-80.08578,40.41172 -80.08594,40.41159"
saturday,kept,379.9,"-79.99998,40.44232 -79.99598,40.44079"
saturday,kept,119.4,"-79.99324,40.44163 -79.99306,40.44131 -79.99319,40.4406"
saturday,kept,40.0,"-79.99332,40.44026 -79.99346,40.43991"
saturday,kept,20.0,"-79.99364,40.43939 -79.99373,40.43923"
saturday,kept,20.0,"-79.99422,40.43841 -79.99432,40.43825"
saturday,kept,279.2,"-79.99456,40.43793 -79.99518,40.43717 -79.99535,40.43666 -79.99512,40.43616 -79.99457,40.43583"
saturday,kept,20.0,"-79.99264,40.43516 -79.99242,40.43509"
saturday,kept,20.0,"-79.99174,40.43493 -79.99151,40.43489"
saturday,kept,80.0,"-79.98821,40.43488 -79.98727,40.43495"
saturday,kept,20.0,"-79.98587,40.43511 -79.98564,40.43515"
saturday,kept,20.0,"-79.98425,40.43536 -79.98402,40.43539"
saturday,kept,40.0,"-79.98286,40.43555 -79.98239,40.43561"
saturday,kept,20.0,"-79.98076,40.43582 -79.98053,40.43585"
saturday,kept,60.0,"-79.97936,40.43599 -79.97866,40.43607"
saturday,kept,60.0,"-79.97726,40.43623 -79.97656,40.4363"
saturday,kept,40.0,"-79.97516,40.43645 -79.97469,40.4365"
saturday,kept,359.9,"-79.97375,40.43658 -79.96954,40.43617"
saturday,kept,1839.4,"-79.96861,40.43607 -79.96485,40.43592 -79.9554,40.44268 -79.95072,40.44393"
saturday,kept,40.0,"-80.17205,40.45349 -80.17173,40.45375"
saturday,kept,60.0,"-80.17139,40.454 -80.17088,40.45437"
saturday,kept,20.0,"-80.16905,40.45549 -80.16883,40.45557"
saturday,kept,60.0,"-80.16461,40.45603 -80.16392,40.45594"
saturday,kept,159.9,"-80.16345,40.45592 -80.16157,40.45596"
saturday,added,100.0,"-80.16121,40.45569 -80.16138,40.4548"
saturday,added,60.0,"-80.16133,40.45426 -80.16121,40.45373"
saturday,kept,20.0,"-80.16107,40.45212 -80.16108,40.45194"
saturday,kept,5696.2,"-80.13358,40.45205 -80.13132,40.45154 -80.12876,40.45126 -80.12813,40.45101 -80.12648,40.45 -80.12525,40.44946 -80.12391,40.44913 -80.12137,40.44873 -80.12043,40.44878 -80.11977,40.44897 -80.11853,40.44979 -80.11747,40.45015 -80.11016,40.45 -80.10833,40.44968 -80.10149,40.44686 -80.10048,40.4461 -80.09951,40.44487 -80.09889,40.44434 -80.09683,40.44347 -80.0946,40.44161 -80.09239,40.44026 -80.09091,40.43973 -80.08927,40.43962 -80.08651,40.44009 -80.08392,40.44 -80.08068,40.44049 -80.07753,40.43979 -80.07317,40.43901"
saturday,kept,1008.9,"-80.06871,40.43813 -80.06913,40.43673 -80.06895,40.43622 -80.06797,40.43546 -80.06597,40.43502 -80.0652,40.43523 -80.06324,40.43747 -80.06331,40.43854"
saturday,kept,17.5,"-80.06602,40.43519 -80.06619,40.4351"
saturday,kept,40.0,"-80.1061,40.44892 -80.10651,40.4491"
saturday,kept,20.0,"-80.10775,40.44962 -80.10797,40.44969"
saturday,kept,20.0,"-80.10841,40.44983 -80.10863,40.44989"
saturday,kept,60.0,"-80.10932,40.45001 -80.11002,40.4501"
saturday,kept,20.0,"-80.11686,40.45021 -80.11709,40.45017"
saturday,kept,19.9,"-80.1186,40.44975 -80.11877,40.44962"
saturday,kept,20.0,"-79.76601,40.56407 -79.76604,40.56425"
saturday,added,5324.0,"-79.76638,40.56566 -79.76828,40.57343 -79.76825,40.57357 -79.76664,40.57382 -79.76732,40.57665 -79.76743,40.57988 -79.76423,40.57951 -79.76147,40.57998 -79.75787,40.58085 -79.75771,40.58093 -79.75818,40.58306 -79.75808,40.58341 -79.75684,40.58514 -79.75625,40.5857 -79.75494,40.58607 -79.75189,40.58633 -79.74941,40.58693 -79.75271,40.59365 -79.75672,40.59995"
saturday,kept,99.8,"-79.75676,40.60013 -79.75698,40.601"
saturday,added,332.3,"-79.75701,40.60118 -79.75736,40.60127 -79.75755,40.60119 -79.75758,40.60101 -79.7568,40.59932 -79.75668,40.59916 -79.75623,40.59915"
saturday,added,20.0,"-79.75648,40.59983 -79.75654,40.6"
saturday,kept,287.7,"-79.75404,40.60174 -79.75446,40.60238 -79.75437,40.6025 -79.75354,40.60284 -79.75262,40.603 -79.75252,40.60309 -79.7526,40.60325"
saturday,added,9448.0,"-79.75269,40.60342 -79.75309,40.60439 -79.74721,40.60705 -79.74751,40.60751 -79.74739,40.60762 -79.74475,40.60881 -79.74413,40.60906 -79.73577,40.61099 -79.73582,40.61241 -79.73597,40.61294 -79.73692,40.61396 -79.73528,40.61464 -79.73711,40.61735 -79.73449,40.61846 -79.73166,40.62036 -79.72974,40.62193 -79.72667,40.6197 -79.7265,40.61978 -79.72589,40.62029 -79.72662,40.62095 -79.7236,40.62295 -79.72357,40.62308 -79.72431,40.62374 -79.7236,40.62421 -79.72173,40.62606 -79.72112,40.62622 -79.72085,40.62651 -79.71954,40.62611 -79.71901,40.6258 -79.72209,40.62261 -79.72205,40.62245 -79.72166,40.62226 -79.7212,40.62225 -79.72041,40.6229 -79.72022,40.62341 -79.72086,40.62391 -79.71903,40.62578 -79.71952,40.6261 -79.72083,40.6265 -79.72107,40.62669 -79.71961,40.6276 -79.71746,40.62974 -79.71588,40.63107 -79.71288,40.63535 -79.71162,40.63786 -79.71108,40.63961 -79.70911,40.64809 -79.71024,40.64787 -79.71212,40.64783 -79.71223,40.64774 -79.71219,40.64629"
saturday,added,373.0,"-79.71218,40.64611 -79.71204,40.64439 -79.71111,40.64451 -79.71017,40.64442 -79.71003,40.64428"
saturday,added,738.8,"-79.71564,40.63169 -79.71799,40.62992 -79.72137,40.6267"
saturday,added,19.3,"-79.72204,40.62269 -79.72209,40.62252"
saturday,added,179.4,"-79.71973,40.62526 -79.7214,40.62623"
saturday,added,639.0,"-79.74765,40.6075 -79.75354,40.60485 -79.75321,40.60439"
saturday,kept,40.0,"-79.7569,40.6003 -79.75695,40.60066"
saturday,added,20.0,"-79.75558,40.59795 -79.75547,40.59779"
saturday,added,20.0,"-79.75441,40.59619 -79.7543,40.59603"
saturday,added,20.0,"-79.75409,40.59571 -79.75398,40.59555"
saturday,added,920.0,"-79.76721,40.57363 -79.76522,40.56551"
saturday,kept,19.9,"-80.0307,40.44354 -80.03073,40.44336"
saturday,kept,7786.1,"-80.03076,40.44301 -80.03087,40.44249 -80.03144,40.44216 -80.03565,40.44059 -80.03514,40.43943 -80.03523,40.43871 -80.03565,40.43768 -80.0357,40.43643 -80.03598,40.43576 -80.03734,40.43596 -80.0382,40.43625 -80.03904,40.43659 -80.03986,40.43714 -80.041,40.43729 -80.04342,40.43799 -80.04479,40.43826 -80.04644,40.43828 -80.04784,40.43811 -80.04901,40.43815 -80.0496,40.43803 -80.05062,40.43758 -80.0512,40.4375 -80.05237,40.4376 -80.05339,40.43797 -80.05386,40.43796 -80.05395,40.43771 -80.05361,40.43729 -80.05049,40.43516 -80.05028,40.43439 -80.05053,40.43362 -80.05216,40.43243 -80.05328,40.43135 -80.05345,40.43074 -80.05353,40.42848 -80.05396,40.42774 -80.05713,40.42645 -80.06339,40.42638 -80.06402,40.42615 -80.0657,40.4249 -80.0672,40.4228 -80.06672,40.41986 -80.06609,40.41747 -80.06619,40.41712 -80.06658,40.41667 -80.06732,40.41623 -80.06814,40.416 -80.07136,40.41582 -80.07179,40.41571 -80.07292,40.41414 -80.07443,40.41309 -80.07489,40.41304 -80.07736,40.41343 -80.0786,40.4131 -80.07931,40.41269 -80.08073,40.4113 -80.08234,40.41025"
saturday,added,795.7,"-80.08252,40.41015 -80.08345,40.41092 -80.08909,40.40737 -80.08966,40.40766"
saturday,added,58.0,"-80.08912,40.4074 -80.08901,40.40726 -80.08868,40.40751"
saturday,added,40.0,"-80.08755,40.40817 -80.08718,40.40838"
saturday,added,40.0,"-80.08609,40.40907 -80.08573,40.40931"
saturday,added,9.0,"-80.08344,40.41085 -80.08334,40.41087"
saturday,kept,3242.6,"-80.08262,40.41007 -80.08363,40.40935 -80.08374,40.40666 -80.08372,40.40576 -80.08266,40.3989 -80.08453,40.39698 -80.08635,40.39609 -80.08692,40.39552 -80.0877,40.39329 -80.08796,40.39056 -80.08839,40.38964 -80.08909,40.38882 -80.09245,40.38671 -80.09291,40.38677 -80.09297,40.38688 -80.09268,40.38757 -80.09275,40.38769 -80.09409,40.38803"
saturday,added,173.7,"-80.09431,40.38807 -80.09469,40.38806 -80.09505,40.38721 -80.09461,40.38708"
saturday,kept,5256.3,"-80.09439,40.38702 -80.09285,40.38661 -80.0926,40.38632 -80.09337,40.3837 -80.0941,40.38218 -80.09601,40.37949 -80.09886,40.37454 -80.0998,40.37169 -80.10131,40.36958 -80.10191,40.36902 -80.10859,40.36529 -80.10909,40.3649 -80.11012,40.36349 -80.11217,40.35863 -80.11216,40.35849 -80.10973,40.35738 -80.10965,40.35726 -80.11034,40.35632 -80.10631,40.35355 -80.10544,40.3527 -80.10465,40.34917 -80.10361,40.34924"
saturday,kept,194.4,"-80.10359,40.34933 -80.10379,40.3504 -80.10464,40.35037"
saturday,kept,20.0,"-80.10953,40.36425 -80.1094,40.3644"
saturday,kept,40.0,"-80.10797,40.36551 -80.10759,40.36572"
saturday,kept,18.7,"-80.10724,40.36591 -80.10708,40.36603"
saturday,kept,40.0,"-80.09302,40.38474 -80.09292,40.38509"
saturday,kept,20.0,"-80.09269,40.38579 -80.09263,40.38596"
saturday,kept,55.0,"-80.09246,40.3863 -80.09237,40.3866 -80.09259,40.38666"
saturday,kept,97.6,"-80.09342,40.38694 -80.0931,40.38778"
saturday,kept,79.9,"-80.09212,40.38666 -80.09155,40.38723"
saturday,kept,19.8,"-80.08764,40.39319 -80.08756,40.39336"
saturday,kept,40.0,"-80.08741,40.39382 -80.08729,40.39416"
saturday,kept,20.0,"-80.08711,40.39469 -80.08704,40.39486"
saturday,kept,32.9,"-80.08645,40.39582 -80.08619,40.39604"
saturday,kept,20.0,"-80.07936,40.41265 -80.07919,40.41278"
saturday,kept,36.9,"-80.07113,40.41582 -80.07069,40.41581"
saturday,kept,38.5,"-80.0624,40.4264 -80.06195,40.42639"
saturday,added,15.4,"-80.08904,40.40728 -80.0889,40.40737"
saturday,added,1938.0,"-80.0823,40.40995 -80.08047,40.40831 -80.07937,40.40799 -80.07752,40.40823 -80.0771,40.40809 -80.07518,40.40564 -80.07252,40.40447 -80.07024,40.40406 -80.06831,40.40274 -80.06716,40.40059 -80.06573,40.39998"
saturday,kept,1014.8,"-80.06552,40.3999 -80.06509,40.39974 -80.06493,40.39978 -80.06389,40.40076 -80.06152,40.4025 -80.06046,40.4029 -80.05689,40.40382 -80.0557,40.4044"
saturday,added,1159.1,"-80.0556,40.40424 -80.05512,40.40286 -80.0547,40.40243 -80.05412,40.40212 -80.05321,40.40194 -80.05134,40.402 -80.04951,40.4012 -80.04568,40.40027 -80.0445,40.39968"
saturday,kept,719.6,"-80.04455,40.39953 -80.04508,40.39873 -80.04646,40.39587 -80.04631,40.3939 -80.04596,40.39343"
saturday,added,499.9,"-80.04585,40.39327 -80.04354,40.39014 -80.0426,40.38962"
saturday,kept,1116.0,"-80.04239,40.38953 -80.04169,40.38953 -80.04115,40.38987 -80.03852,40.39167 -80.03568,40.39407 -80.03358,40.39551 -80.03321,40.39574 -80.03254,40.39569"
saturday,added,819.5,"-80.03231,40.39565 -80.03047,40.39531 -80.02796,40.39433 -80.0268,40.3942 -80.02633,40.39425 -80.02549,40.39458 -80.02438,40.39525 -80.02388,40.39585"
saturday,kept,1872.9,"-80.02378,40.39601 -80.02367,40.39616 -80.02303,40.39596 -80.01789,40.39225 -80.01708,40.3919 -80.01591,40.39179 -80.01432,40.39211 -80.01085,40.39223 -80.01074,40.39169 -80.01038,40.39123 -80.00835,40.39001 -80.00727,40.38863 -80.00666,40.38841"
saturday,added,1059.4,"-80.00642,40.3884 -80.0043,40.3883 -80.00321,40.388 -80.00127,40.38619 -79.99973,40.38536 -79.99906,40.38485 -79.99815,40.3836 -79.99713,40.38286"
saturday,kept,2394.0,"-79.99693,40.38276 -79.99605,40.38251 -79.99564,40.38152 -79.99426,40.38007 -79.99361,40.37911 -79.99314,40.37871 -79.99204,40.37842 -79.98968,40.37839 -79.98834,40.37805 -79.98485,40.37655 -79.98395,40.37597 -79.9832,40.37528 -79.98228,40.37383 -79.98198,40.37242 -79.98201,40.3717 -79.98225,40.37082 -79.98348,40.36831 -79.98303,40.36819"
saturday,added,159.7,"-79.98281,40.36812 -79.98229,40.36776 -79.98165,40.36702"
saturday,kept,1954.8,"-79.98148,40.36689 -79.98114,40.36664 -79.98097,40.36666 -79.98042,40.367 -79.97865,40.36749 -79.9761,40.36878 -79.97563,40.36918 -79.97524,40.36983 -79.97515,40.37054 -79.97553,40.37376 -79.97546,40.37915 -79.97578,40.38038 -79.97616,40.38038 -79.97623,40.38055 -79.97628,40.38073 -79.97608,40.38093"
saturday,kept,40.0,"-79.97596,40.38089 -79.97584,40.38054"
saturday,kept,20.0,"-79.99086,40.37852 -79.9911,40.37851"
saturday,kept,20.0,"-79.99406,40.38003 -79.99415,40.3802"
saturday,kept,259.7,"-79.99433,40.38053 -79.99494,40.38188 -79.9952,40.38218 -79.99581,40.38245"
saturday,kept,20.0,"-80.0449,40.39885 -80.04477,40.399"
saturday,kept,20.0,"-80.04453,40.39931 -80.04441,40.39947"
saturday,kept,20.0,"-80.0641,40.40058 -80.06427,40.40045"
saturday,kept,99.9,"-80.09381,40.38795 -80.09416,40.3871"
saturday,kept,19.8,"-80.09164,40.38718 -80.09149,40.38731"
saturday,kept,199.7,"-80.09083,40.38747 -80.08884,40.38654"
saturday,added,919.0,"-80.08875,40.38643 -80.08893,40.3861 -80.08983,40.38552 -80.09073,40.38426 -80.0908,40.38373 -80.09035,40.38216 -80.09106,40.38083 -80.09187,40.37973 -80.09213,40.37904"
saturday,kept,4764.7,"-80.09217,40.37887 -80.09187,40.37839 -80.0909,40.37761 -80.0868,40.37463 -80.08469,40.37387 -80.08344,40.37236 -80.08258,40.37174 -80.08189,40.37181 -80.08035,40.37139 -80.07966,40.3715 -80.0768,40.37234 -80.07641,40.37254 -80.07522,40.37365 -80.07465,40.37397 -80.07209,40.37488 -80.06893,40.3756 -80.06383,40.3788 -80.06332,40.3796 -80.06288,40.38001 -80.05952,40.38133 -80.05709,40.38243 -80.05591,40.38417 -80.05535,40.38449 -80.05337,40.38487 -80.0528,40.38389 -80.05234,40.38249 -80.0526,40.38126 -80.05259,40.38036 -80.05247,40.38028 -80.05206,40.38045"
saturday,added,659.8,"-80.05185,40.38054 -80.04935,40.38154 -80.04653,40.38173 -80.04443,40.38151"
saturday,kept,919.6,"-80.04425,40.38156 -80.04377,40.38368 -80.04399,40.38564 -80.04359,40.38741 -80.04281,40.38851 -80.04191,40.38934"
saturday,kept,20.0,"-80.03669,40.39323 -80.03653,40.39336"
saturday,kept,6879.1,"-80.03308,40.39581 -80.03213,40.39633 -80.03059,40.39678 -80.02593,40.39851 -80.02376,40.40016 -80.02235,40.40159 -80.01944,40.40395 -80.01905,40.4046 -80.01801,40.4081 -80.01766,40.40857 -80.016,40.41008 -80.01532,40.41057 -80.01174,40.41149 -80.01104,40.41195 -80.01085,40.41247 -80.01085,40.413 -80.01185,40.41651 -80.01166,40.41775 -80.01127,40.41841 -80.01084,40.41883 -80.0096,40.41966 -80.00713,40.42104 -80.00654,40.42159 -80.00632,40.4221 -80.00432,40.43186 -80.00416,40.43197 -80.00393,40.43194 -80.00219,40.43102 -80.00176,40.43089 -80.00164,40.43102 -80.00385,40.43218 -80.00028,40.43764 -80.00016,40.43777 -79.99484,40.43583"
saturday,kept,20.0,"-79.96142,40.43834 -79.96125,40.43846"
saturday,kept,20.0,"-79.95697,40.44156 -79.95681,40.44169"
saturday,kept,759.1,"-79.95153,40.44669 -79.94851,40.44701 -79.94264,40.44741"
saturday,kept,139.6,"-79.97304,40.43699 -79.97374,40.43701 -79.97447,40.43658"
saturday,kept,119.9,"-79.97504,40.43628 -79.97644,40.4361"
saturday,kept,120.0,"-79.9769,40.43605 -79.9783,40.43589"
saturday,kept,1319.8,"-79.97877,40.43583 -79.98296,40.43527 -79.98594,40.43475 -79.98853,40.43457 -79.99206,40.43477 -79.99274,40.43491 -79.99401,40.43539"
saturday,kept,15.4,"-79.99697,40.43651 -79.99709,40.43661"
saturday,kept,20.0,"-80.00244,40.43446 -80.00255,40.4343"
saturday,kept,17.0,"-80.00393,40.43222 -80.00408,40.43211"
saturday,kept,19.9,"-80.01556,40.41045 -80.01573,40.41032"
saturday,kept,19.9,"-80.02378,40.40014 -80.02394,40.40001"
saturday,kept,20.0,"-80.02528,40.399 -80.02545,40.39887"
saturday,kept,119.7,"-80.0927,40.38695 -80.09227,40.38758 -80.09272,40.3877"
saturday,kept,4933.9,"-80.03463,40.44063 -80.03437,40.44014 -80.03465,40.43692 -80.03383,40.43605 -80.03401,40.435 -80.03457,40.43471 -80.03692,40.43466 -80.03747,40.43433 -80.0382,40.43282 -80.03885,40.43187 -80.03983,40.42947 -80.04036,40.42888 -80.04129,40.42833 -80.04149,40.42801 -80.04154,40.42747 -80.04132,40.42623 -80.04148,40.42589 -80.04635,40.42175 -80.04643,40.42087 -80.04621,40.41963 -80.04502,40.4169 -80.04502,40.41439 -80.04518,40.41369 -80.04644,40.41117 -80.04704,40.41062 -80.05563,40.40446"
saturday,kept,1518.8,"-80.065,40.3997 -80.0655,40.39869 -80.06627,40.3957 -80.06631,40.39498 -80.06605,40.39375 -80.06631,40.39325 -80.06747,40.39237 -80.06808,40.3921 -80.07108,40.39164 -80.07369,40.39081 -80.07462,40.39072"
saturday,added,1019.3,"-80.07486,40.39073 -80.07739,40.39113 -80.07878,40.39097 -80.07964,40.39067 -80.08086,40.38984 -80.08276,40.38715 -80.08379,40.38642"
saturday,kept,379.9,"-80.08399,40.38634 -80.08559,40.38606 -80.08838,40.38643"
saturday,kept,318.4,"-80.10729,40.36615 -80.10827,40.36716 -80.10853,40.3676 -80.10972,40.36695"
saturday,kept,198.8,"-80.10973,40.36686 -80.1084,40.36541"
saturday,kept,134.9,"-80.06659,40.39294 -80.06574,40.39324 -80.06586,40.39371"
saturday,kept,19.9,"-80.04986,40.40862 -80.0497,40.40875"
saturday,kept,99.5,"-80.04636,40.42064 -80.04633,40.42153"
saturday,kept,215.1,"-80.03426,40.44025 -80.03256,40.44087 -80.03274,40.44134"
saturday,kept,659.6,"-79.99659,40.44318 -80.00011,40.43789"
saturday,kept,2611.1,"-80.01088,40.41344 -80.00914,40.41251 -80.0087,40.4121 -80.00873,40.41198 -80.00956,40.41164 -80.01059,40.41066 -80.01135,40.41024 -80.01333,40.40967 -80.01452,40.4091 -80.01515,40.40814 -80.01493,40.40618 -80.01543,40.40369 -80.01613,40.40217 -80.01714,40.40143 -80.01897,40.40111 -80.01955,40.40082 -80.02078,40.3995 -80.02293,40.39785 -80.02362,40.39632"
saturday,kept,992.6,"-80.01079,40.39228 -80.00584,40.39242 -80.00518,40.39228 -80.00459,40.3915 -80.00419,40.39132 -80.00043,40.39109 -80.00029,40.39116 -80.00026,40.39151"
saturday,kept,394.5,"-80.00025,40.39166 -80.00485,40.39201"
saturday,kept,20.0,"-80.01907,40.39309 -80.01923,40.39321"
saturday,kept,793.6,"-80.00104,40.43679 -80.0026,40.43745 -79.99921,40.44258"
saturday,kept,2844.9,"-79.97865,40.46928 -79.98192,40.46471 -79.9822,40.46453 -79.9823,40.46418 -79.98342,40.4626 -79.98503,40.46129 -79.98467,40.46065 -79.98792,40.45805 -79.99129,40.45677 -79.99299,40.45581 -79.99456,40.45541 -79.99453,40.45495 -79.99531,40.45455 -80.00147,40.45333"
saturday,kept,40.0,"-79.9977,40.45396 -79.99723,40.45403"
saturday,kept,40.0,"-79.99519,40.45446 -79.99478,40.45463"
saturday,kept,19.5,"-79.98234,40.46411 -79.98223,40.46426"
saturday,kept,8345.1,"-80.02721,40.43897 -80.02734,40.43906 -80.02685,40.44058 -80.02523,40.44033 -80.02464,40.44086 -80.02372,40.44069 -80.02218,40.43986 -80.02134,40.43923 -80.0193,40.43834 -80.01564,40.43638 -80.01647,40.43214 -80.01049,40.43111 -80.00737,40.42949 -80.00733,40.42883 -80.00824,40.42863 -80.00881,40.42788 -80.00903,40.42663 -80.00969,40.4251 -80.01236,40.42237 -80.0139,40.41785 -80.01309,40.41581 -80.01105,40.41565 -80.01131,40.41779 -80.01106,40.41809 -80.00908,40.41963 -80.00651,40.42053 -80.00537,40.42076 -80.00256,40.42104 -79.99926,40.42103 -79.998,40.42152 -79.99732,40.42167 -79.99237,40.42184 -79.9915,40.42243 -79.98925,40.42342 -79.98856,40.4239 -79.98844,40.42424 -79.98863,40.42456 -79.98905,40.42471 -79.98997,40.42477 -79.99033,40.425 -79.99066,40.42547 -79.99218,40.42632 -79.99355,40.42652 -79.99426,40.42722 -79.99621,40.42784 -80.00094,40.43048 -80.0016,40.43099"
saturday,kept,217.4,"-80.02523,40.44031 -80.02657,40.43886 -80.02679,40.43891"
saturday,kept,4358.0,"-79.97379,40.41055 -79.97372,40.4109 -79.9739,40.41097 -79.97549,40.41133 -79.97713,40.41149 -79.97724,40.41158 -79.97706,40.41246 -79.97785,40.41309 -79.97916,40.4135 -79.98765,40.41328 -79.98777,40.41337 -79.98787,40.41444 -79.98805,40.41476 -79.98815,40.41655 -79.98826,40.41666 -79.99699,40.41642 -79.99718,40.41645 -79.99733,40.41672 -80.00488,40.41658 -80.00493,40.41728 -80.00544,40.41867 -80.00539,40.41915 -80.00224,40.41992 -79.99735,40.42006 -79.99738,40.42149"
saturday,kept,339.0,"-80.00261,40.42118 -80.00342,40.42152 -80.00506,40.42144 -80.00644,40.42159"
saturday,kept,60.0,"-80.00043,40.41995 -80.00113,40.41994"
saturday,kept,458.0,"-79.99061,40.41654 -79.99052,40.41439 -79.98797,40.41452"
saturday,kept,559.2,"-79.9877,40.41395 -79.9818,40.41413 -79.98177,40.4136"
saturday,kept,593.8,"-79.97729,40.41135 -79.97728,40.40964 -79.97401,40.40931 -79.97382,40.41038"
saturday,kept,119.7,"-79.92088,40.45976 -79.92203,40.45913"
saturday,added,679.6,"-79.92208,40.45896 -79.92256,40.45593 -79.92088,40.45316"
saturday,kept,1971.9,"-79.92078,40.453 -79.92079,40.45288 -79.92216,40.45265 -79.92759,40.45046 -79.93567,40.44795 -79.94247,40.44743"
saturday,kept,4720.3,"-79.96602,40.43681 -79.96683,40.43646 -79.96872,40.43645 -79.97277,40.43769 -79.97388,40.43183 -79.97352,40.4297 -79.97364,40.42863 -79.97377,40.42849 -79.97422,40.4284 -79.98054,40.42877 -79.98087,40.42502 -79.97798,40.42438 -79.9777,40.42391 -79.97779,40.42302 -79.97856,40.42212 -79.98006,40.42126 -79.9807,40.42102 -79.98116,40.42097 -79.98395,40.42187 -79.98482,40.42127 -79.98606,40.42075 -79.98661,40.42018 -79.98755,40.41964 -79.98754,40.41932 -79.98633,40.41876 -79.98623,40.4186 -79.98649,40.41754 -79.98772,40.41483"
saturday,kept,4317.4,"-79.98809,40.41438 -79.98957,40.41213 -79.99125,40.40839 -79.99233,40.40642 -79.99129,40.40571 -79.99075,40.40513 -79.98939,40.40225 -79.98898,40.39922 -79.98639,40.3944 -79.98661,40.39226 -79.98656,40.39119 -79.98502,40.38857 -79.98439,40.38781 -79.98315,40.38699 -79.98059,40.38678 -79.97888,40.38582 -79.97711,40.38329 -79.97605,40.3811"
saturday,kept,20.0,"-79.98679,40.41681 -79.98671,40.41698"
saturday,kept,19.8,"-79.9861,40.42071 -79.98591,40.42081"
saturday,kept,19.9,"-79.97475,40.42839 -79.97452,40.42838"
saturday,kept,258.6,"-79.97406,40.42839 -79.97359,40.42835 -79.9735,40.42851 -79.97339,40.42958 -79.97351,40.43029"
saturday,kept,120.0,"-79.9737,40.43118 -79.97364,40.43225"
saturday,kept,60.0,"-79.9735,40.43296 -79.97339,40.43349"
saturday,kept,100.0,"-79.97319,40.43419 -79.97295,40.43507"
saturday,kept,120.0,"-79.97289,40.43543 -79.97269,40.4365"
saturday,kept,57.6,"-79.97262,40.43685 -79.9725,40.437 -79.97208,40.43699"
saturday,kept,40.0,"-79.97081,40.43652 -79.97037,40.4364"
saturday,kept,20.0,"-79.96903,40.43605 -79.9688,40.436"
saturday,kept,180.0,"-79.9674,40.43585 -79.96528,40.43582"
saturday,kept,1819.7,"-80.00146,40.43095 -79.99522,40.42881 -79.99407,40.4286 -79.98227,40.42886 -79.98062,40.42878"
saturday,kept,4600.9,"-79.97336,40.4283 -79.97125,40.42821 -79.9684,40.42743 -79.9699,40.42408 -79.96857,40.42371 -79.96779,40.4233 -79.96755,40.423 -79.96688,40.42287 -79.96588,40.4224 -79.96394,40.4211 -79.96474,40.41886 -79.96544,40.41839 -79.96658,40.41821 -79.96689,40.41799 -79.96678,40.41784 -79.96562,40.41768 -79.96542,40.41738 -79.96703,40.41718 -79.97052,40.41766 -79.97589,40.41714 -79.97672,40.41775 -79.97859,40.41794 -79.98092,40.4177 -79.98634,40.41757 -79.9883,40.41857 -79.9904,40.42001 -79.99136,40.42053 -79.99198,40.42108 -79.99233,40.42174"
saturday,kept,99.1,"-80.00525,40.42144 -80.00615,40.42132 -80.0062,40.42114"
saturday,kept,99.2,"-80.00612,40.42101 -80.00567,40.42095 -80.00512,40.42128"
saturday,kept,3573.2,"-80.0086,40.41197 -80.00776,40.4103 -80.00635,40.40936 -80.00596,40.40891 -80.0058,40.40839 -80.00592,40.40696 -80.00567,40.40627 -80.00511,40.40569 -80.00303,40.40423 -80.00237,40.40329 -80.00141,40.40018 -80.00111,40.39858 -80.00014,40.39675 -79.99935,40.39487 -79.99867,40.39373 -79.99827,40.39196 -79.99816,40.3898 -79.99796,40.38892 -79.9974,40.38793 -79.99622,40.38681 -79.99584,40.38616 -79.9961,40.38384 -79.9968,40.38272"
saturday,kept,3368.6,"-79.9836,40.36809 -79.98464,40.36589 -79.98471,40.36518 -79.98459,40.36465 -79.98261,40.36139 -79.98159,40.36097 -79.98101,40.3598 -79.98055,40.35946 -79.98016,40.35991 -79.97974,40.36129 -79.97921,40.36189 -79.97863,40.36219 -79.97753,40.36252 -79.97429,40.36398 -79.97314,40.36407 -79.97251,40.36383 -79.97104,40.36292 -79.97035,40.3628 -79.96966,40.36288 -79.96817,40.36342 -79.96692,40.36492 -79.96704,40.36526 -79.96811,40.36596 -79.96816,40.3663 -79.96714,40.36729 -79.9664,40.36773 -79.96528,40.36799 -79.9646,40.36789 -79.96415,40.36749 -79.96407,40.36714 -79.96419,40.36679"
saturday,added,297.1,"-79.96432,40.36664 -79.96536,40.36626 -79.96596,40.36575 -79.9651,40.3649"
saturday,kept,5485.2,"-79.96496,40.36475 -79.96441,40.36417 -79.96448,40.36383 -79.96434,40.36349 -79.96272,40.36173 -79.95911,40.35915 -79.9573,40.3575 -79.9557,40.3568 -79.95562,40.35664 -79.95603,40.3558 -79.95626,40.35474 -79.95626,40.35366 -79.95613,40.35333 -79.9541,40.3529 -79.95047,40.35061 -79.94964,40.35028 -79.94804,40.34996 -79.9478,40.34967 -79.94763,40.34879 -79.94723,40.34817 -79.9449,40.34833 -79.94474,40.3473 -79.94411,40.34707 -79.94358,40.34671 -79.9418,40.3446 -79.94075,40.34391 -79.94065,40.34346 -79.94076,40.34336 -79.94241,40.34329 -79.94285,40.3434 -79.94361,40.34406 -79.94407,40.34412 -79.94492,40.34397 -79.94476,40.34326 -79.94386,40.3418 -79.94393,40.34164 -79.94473,40.34126 -79.94393,40.34164 -79.94386,40.3418 -79.94476,40.34326 -79.94492,40.34397 -79.9465,40.34399 -79.94741,40.34418 -79.94823,40.34453 -79.94919,40.34531 -79.95057,40.3474 -79.95092,40.34726 -79.95154,40.3465 -79.95194,40.34665"
saturday,kept,3883.5,"-79.95231,40.34726 -79.95173,40.34779 -79.95263,40.34757 -79.96093,40.34497 -79.96216,40.34444 -79.9636,40.34352 -79.96706,40.34057 -79.96785,40.33967 -79.96884,40.33805 -79.96941,40.33747 -79.97058,40.33688 -79.9734,40.33596 -79.97481,40.33595 -79.9778,40.33645 -79.97897,40.33654 -79.97914,40.33846 -79.97947,40.33894 -79.9808,40.33995 -79.98104,40.34026 -79.98123,40.34114 -79.98119,40.34204 -79.98483,40.34163"
saturday,kept,20.0,"-79.98438,40.3419 -79.98434,40.34172"
saturday,kept,40.0,"-79.97791,40.33636 -79.97745,40.33629"
saturday,kept,20.0,"-79.97629,40.33611 -79.97606,40.33607"
saturday,kept,40.0,"-79.97491,40.33589 -79.97444,40.33584"
saturday,kept,40.0,"-79.97373,40.33585 -79.97327,40.33591"
saturday,kept,20.0,"-79.97282,40.33602 -79.9726,40.33609"
saturday,kept,20.0,"-79.97024,40.33691 -79.97004,40.337"
saturday,kept,40.0,"-79.96725,40.34026 -79.96696,40.34054"
saturday,kept,40.0,"-79.96492,40.34229 -79.9646,40.34256"
saturday,kept,20.0,"-79.95754,40.34595 -79.95732,40.34602"
saturday,kept,20.0,"-79.95688,40.34615 -79.95666,40.34622"
saturday,kept,20.0,"-79.9525,40.34749 -79.95228,40.34756"
saturday,kept,372.7,"-79.9516,40.34771 -79.94951,40.34795 -79.94912,40.34777 -79.94907,40.34747 -79.95045,40.34749"
saturday,kept,76.3,"-79.94071,40.34384 -79.9407,40.3442 -79.9408,40.34432 -79.94104,40.34431"
saturday,kept,39.7,"-79.94475,40.34806 -79.94474,40.34842"
saturday,kept,100.0,"-79.9461,40.34836 -79.94727,40.34828"
saturday,kept,19.5,"-79.9562,40.35342 -79.95627,40.35359"
saturday,kept,20.0,"-79.98067,40.35948 -79.98084,40.35961"
saturday,kept,3689.4,"-79.99428,40.45493 -79.99369,40.45524 -79.99253,40.45531 -79.99168,40.45591 -79.98718,40.45788 -79.98465,40.4595 -79.98311,40.46086 -79.97952,40.46486 -79.97546,40.47013 -79.97297,40.47229 -79.96826,40.47745 -79.96796,40.47811 -79.96845,40.47847 -79.96866,40.47844 -79.96928,40.47791 -79.96963,40.47799"
saturday,added,1094.6,"-79.96983,40.47809 -79.97497,40.48094 -79.97294,40.48314 -79.97303,40.4851 -79.97272,40.4853"
saturday,kept,6232.6,"-79.97251,40.48537 -79.97229,40.48544 -79.97227,40.48557 -79.97264,40.48623 -79.97263,40.48803 -79.97157,40.49078 -79.96948,40.49141 -79.96786,40.49164 -79.96637,40.49217 -79.9651,40.49298 -79.96436,40.49367 -79.96331,40.49409 -79.95672,40.49432 -79.95351,40.49373 -79.95093,40.49376 -79.9496,40.4941 -79.94868,40.49394 -79.94798,40.49355 -79.94666,40.4943 -79.94415,40.49645 -79.94187,40.49679 -79.94018,40.49581 -79.93958,40.49528 -79.93854,40.49566 -79.93577,40.49466 -79.93224,40.49456 -79.93118,40.49422 -79.92437,40.49476 -79.9232,40.49473 -79.91993,40.49438 -79.91372,40.49328 -79.91137,40.49311 -79.91049,40.49286"
saturday,kept,658.8,"-79.96924,40.47778 -79.96894,40.47731 -79.96903,40.47697 -79.97148,40.47455 -79.97273,40.47282"
saturday,kept,40.0,"-79.97354,40.47194 -79.97386,40.47167"
saturday,kept,20.0,"-79.97592,40.46972 -79.97604,40.46956"
saturday,kept,40.0,"-79.9771,40.46816 -79.97735,40.46786"
saturday,kept,200.0,"-79.97802,40.46712 -79.97927,40.4656"
saturday,kept,200.0,"-79.97952,40.46529 -79.98076,40.46376"
saturday,kept,40.0,"-79.98099,40.46345 -79.9812,40.46313"
saturday,kept,40.0,"-79.98209,40.46207 -79.98236,40.46178"
saturday,kept,40.0,"-79.98441,40.45981 -79.98474,40.45955"
saturday,kept,20.0,"-79.9901,40.45664 -79.9903,40.45655"
saturday,kept,20.0,"-79.99096,40.45635 -79.99119,40.45629"
saturday,kept,60.0,"-79.99163,40.45617 -79.99229,40.45596"
saturday,kept,20.0,"-79.99271,40.45581 -79.99292,40.45572"
saturday,kept,20.0,"-79.99334,40.45556 -79.99355,40.45548"
saturday,kept,40.0,"-79.99395,40.45529 -79.99432,40.45507"
saturday,kept,60.0,"-79.96371,40.43761 -79.96322,40.43722"
saturday,kept,8499.5,"-79.94276,40.44461 -79.93885,40.44393 -79.93337,40.43809 -79.93285,40.43774 -79.92721,40.43808 -79.92299,40.43805 -79.92283,40.43482 -79.92353,40.42946 -79.92487,40.42821 -79.92589,40.42777 -79.92761,40.42629 -79.92877,40.42281 -79.92884,40.42192 -79.92825,40.41982 -79.92814,40.41968 -79.9272,40.41962 -79.9261,40.41806 -79.92567,40.41632 -79.92445,40.415 -79.92066,40.4123 -79.91416,40.40739 -79.91897,40.40369 -79.91943,40.40364 -79.92017,40.40407 -79.9205,40.40454 -79.92052,40.40507 -79.91947,40.40688 -79.91865,40.40775 -79.91479,40.41066 -79.91085,40.41228 -79.90864,40.41291 -79.90848,40.41289 -79.90795,40.41151"
saturday,added,270.2,"-79.90788,40.41134 -79.9076,40.41065 -79.90779,40.41058 -79.90889,40.41036 -79.90938,40.41092"
saturday,added,160.0,"-79.9095,40.41106 -79.91054,40.41226"
saturday,kept,100.0,"-79.91687,40.40912 -79.9177,40.40849"
saturday,kept,20.0,"-79.91836,40.40797 -79.91852,40.40785"
saturday,kept,38.7,"-79.91965,40.40364 -79.91933,40.40339"
saturday,kept,20.0,"-79.92006,40.40398 -79.92022,40.40411"
saturday,kept,20.0,"-79.9186,40.40779 -79.91843,40.40792"
saturday,kept,100.0,"-79.91778,40.40844 -79.91694,40.40907"
saturday,kept,538.0,"-79.91392,40.41105 -79.91345,40.41103 -79.91305,40.41086 -79.91231,40.40974 -79.91223,40.4092 -79.91246,40.4087 -79.91411,40.40743"
saturday,kept,19.8,"-79.92557,40.41636 -79.92567,40.41653"
saturday,kept,19.0,"-79.9387,40.44384 -79.93889,40.44394"
saturday,kept,19.9,"-79.9639,40.43779 -79.96376,40.43765"
saturday,kept,1818.9,"-79.93239,40.36177 -79.93519,40.35741 -79.93595,40.35673 -79.9377,40.35553 -79.94127,40.35151 -79.94237,40.35058 -79.94415,40.3494 -79.94479,40.34866"
saturday,kept,1095.5,"-79.94485,40.34835 -79.93946,40.3488 -79.93925,40.34871 -79.93906,40.3484 -79.9392,40.34643 -79.93882,40.34485 -79.9395,40.34474 -79.94076,40.34428"
saturday,kept,235.5,"-79.94503,40.34116 -79.94612,40.3409 -79.94615,40.34072 -79.94491,40.34121"
saturday,kept,19.9,"-79.94845,40.34467 -79.94863,40.34478"
saturday,kept,412.0,"-79.9488,40.34753 -79.94723,40.3477 -79.94732,40.34822 -79.94985,40.34804"
saturday,kept,40.0,"-79.95101,40.34789 -79.95147,40.34782"
saturday,kept,2757.3,"-79.96507,40.34241 -79.96577,40.34236 -79.96633,40.34207 -79.97161,40.34405 -79.97249,40.34463 -79.97296,40.34525 -79.974,40.34745 -79.97653,40.35025 -79.97895,40.35455 -79.98122,40.3579 -79.98173,40.35891 -79.9825,40.36116"
saturday,kept,360.0,"-79.98404,40.36392 -79.98264,40.36537 -79.98133,40.3664"
saturday,kept,237.4,"-79.96631,40.34193 -79.96518,40.34103 -79.96527,40.34088 -79.96549,40.34083 -79.96601,40.34118"
saturday,kept,59.8,"-79.94063,40.34402 -79.94019,40.34441"
saturday,kept,20.0,"-79.93977,40.34457 -79.93955,40.34464"
saturday,kept,52.7,"-79.93905,40.34852 -79.93903,40.34887 -79.93915,40.34894"
saturday,kept,60.0,"-79.94031,40.34879 -79.94102,40.34872"
saturday,kept,80.0,"-79.94289,40.34856 -79.94383,40.3485"
saturday,kept,58.4,"-79.94429,40.34854 -79.94444,40.34867 -79.94448,40.34901"
saturday,kept,20.0,"-79.94248,40.3505 -79.9423,40.35062"
saturday,kept,40.0,"-79.93688,40.35603 -79.93655,40.35629"
saturday,kept,14417.8,"-79.93849,40.34492 -79.93836,40.34505 -79.93838,40.34666 -79.93729,40.34732 -79.93191,40.34786 -79.93003,40.34782 -79.92958,40.34792 -79.92924,40.34817 -79.92679,40.34683 -79.92614,40.34608 -79.92594,40.34617 -79.92496,40.3454 -79.92377,40.34481 -79.92142,40.34398 -79.92025,40.34388 -79.91884,40.34393 -79.91814,40.34387 -79.91749,40.34364 -79.91739,40.34334 -79.9168,40.34315 -79.91558,40.3423 -79.91471,40.34048 -79.91287,40.34059 -79.91036,40.34109 -79.9103,40.34122 -79.91046,40.34211 -79.91174,40.3422 -79.91231,40.34298 -79.91232,40.3437 -79.91215,40.34421 -79.91237,40.34427 -79.91283,40.34292 -79.91197,40.34087 -79.91203,40.34076 -79.91341,40.34052 -79.91475,40.34055 -79.91531,40.34192 -79.91505,40.34215 -79.91516,40.3423 -79.91558,40.34245 -79.91664,40.34317 -79.91696,40.34361 -79.91894,40.34394 -79.92035,40.34389 -79.92152,40.34399 -79.92386,40.34484 -79.92521,40.34556 -79.92599,40.34624 -79.92657,40.34702 -79.92698,40.34805 -79.92707,40.34876 -79.92709,40.3502 -79.92695,40.35029 -79.92371,40.35078 -79.92259,40.35106 -79.91435,40.35417 -79.90853,40.35862 -79.90778,40.35993 -79.9076,40.36262 -79.90778,40.36368 -79.90834,40.36486 -79.91031,40.36752 -79.91043,40.36787 -79.91027,40.3691 -79.9106,40.36933 -79.91246,40.36959 -79.9129,40.36971 -79.91296,40.36982 -79.91196,40.37368 -79.91077,40.37502 -79.90732,40.37952 -79.90622,40.3815 -79.90502,40.38201 -79.90118,40.38916 -79.90031,40.39214 -79.9002,40.39357 -79.89951,40.39508 -79.89983,40.39613 -79.90168,40.39776 -79.90264,40.39736 -79.90279,40.39742 -79.90656,40.40176 -79.90906,40.40367 -79.90815,40.40442 -79.90813,40.40456 -79.91251,40.40856"
saturday,kept,39.5,"-79.91308,40.41105 -79.91295,40.41138"
saturday,kept,20.0,"-79.90885,40.4035 -79.90868,40.40337"
saturday,kept,20.0,"-79.90767,40.40262 -79.90749,40.4025"
saturday,kept,20.0,"-79.9155,40.35373 -79.91572,40.35366"
saturday,kept,20.0,"-79.92548,40.35056 -79.92571,40.35052"
saturday,kept,37.9,"-79.91744,40.34344 -79.91735,40.34328 -79.91713,40.34327"
saturday,kept,636.7,"-79.9623,40.42423 -79.96245,40.42409 -79.96262,40.42417 -79.96687,40.42702 -79.96818,40.42741"
saturday,kept,774.6,"-79.94906,40.44707 -79.95195,40.45179 -79.95193,40.45192 -79.94996,40.45251"
saturday,kept,6711.2,"-79.94736,40.45331 -79.94777,40.45472 -79.94737,40.4583 -79.94601,40.45996 -79.94607,40.46009 -79.95289,40.46361 -79.96185,40.46207 -79.96697,40.4616 -79.96705,40.4615 -79.96553,40.45848 -79.96532,40.45842 -79.96514,40.45852 -79.965,40.45886 -79.96479,40.45893 -79.96459,40.45886 -79.96382,40.45776 -79.96494,40.45685 -79.97069,40.45649 -79.9718,40.45619 -79.97296,40.45566 -79.97394,40.45644 -79.97439,40.45644 -79.97475,40.45622 -79.97507,40.45622 -79.98434,40.44983 -79.98689,40.44823 -79.9938,40.45413 -79.99431,40.45472"
saturday,kept,139.3,"-80.00662,40.45528 -80.00617,40.45408"
saturday,kept,20.0,"-80.01414,40.45241 -80.01437,40.45236"
saturday,added,536.1,"-80.0146,40.45232 -80.01888,40.45146 -80.01843,40.45007"
saturday,kept,259.9,"-80.01837,40.44989 -80.01772,40.44761"
saturday,added,406.1,"-80.01767,40.44744 -80.01755,40.44679 -80.01967,40.44665 -80.01986,40.44671 -80.0201,40.44741 -80.01949,40.44752"
saturday,kept,229.8,"-80.01909,40.44755 -80.01893,40.44762 -80.01897,40.4478 -80.02011,40.44776 -80.02078,40.44787 -80.02099,40.44759"
saturday,added,119.4,"-80.02093,40.44741 -80.02066,40.44693 -80.02004,40.44668"
saturday,kept,19.9,"-80.00647,40.4551 -80.00653,40.45527"
saturday,kept,317.5,"-79.96752,40.45677 -79.96433,40.45825"
saturday,kept,770.4,"-79.96829,40.42765 -79.96799,40.42833 -79.9658,40.42773 -79.96346,40.42623 -79.96282,40.42605 -79.96178,40.42532 -79.96151,40.42503 -79.96154,40.42489"
saturday,kept,27242.4,"-79.9516,40.34641 -79.9537,40.3432 -79.95405,40.34019 -79.95305,40.33971 -79.95206,40.33895 -79.9511,40.33843 -79.9515,40.33777 -79.95146,40.33762 -79.94853,40.33646 -79.94765,40.33587 -79.94696,40.33515 -79.94576,40.33168 -79.94422,40.32586 -79.94215,40.32114 -79.94059,40.32271 -79.94036,40.32359 -79.9391,40.3263 -79.93818,40.3287 -79.93729,40.32997 -79.93689,40.33118 -79.9356,40.33196 -79.93385,40.33243 -79.93201,40.33056 -79.93181,40.32987 -79.93186,40.32879 -79.93162,40.3281 -79.92996,40.32635 -79.92797,40.32541 -79.92731,40.3249 -79.92641,40.32269 -79.92695,40.32253 -79.92858,40.32242 -79.93003,40.32302 -79.93048,40.32304 -79.93139,40.32188 -79.93135,40.32082 -79.93339,40.31998 -79.93334,40.31947 -79.93396,40.31852 -79.93381,40.31818 -79.93307,40.31783 -79.93291,40.31789 -79.93389,40.31836 -79.93397,40.31853 -79.93333,40.31948 -79.9334,40.32 -79.93135,40.32083 -79.93139,40.32189 -79.93056,40.32298 -79.93014,40.32306 -79.92848,40.3224 -79.92637,40.32261 -79.92566,40.3219 -79.92376,40.32064 -79.9217,40.31853 -79.91765,40.31606 -79.91714,40.31526 -79.91649,40.31158 -79.91582,40.31043 -79.91508,40.3098 -79.91364,40.30918 -79.9095,40.3068 -79.90865,40.30649 -79.90708,40.3065 -79.90417,40.30708 -79.90159,40.30699 -79.89929,40.3074 -79.89859,40.30743 -79.89769,40.30722 -79.89615,40.30639 -79.89566,40.30601 -79.89538,40.30552 -79.89526,40.30482 -79.89538,40.30447 -79.89619,40.30383 -79.89647,40.30314 -79.89647,40.30261 -79.89618,40.30193 -79.89499,40.30038 -79.89411,40.29852 -79.89383,40.29565 -79.89364,40.29496 -79.89334,40.29469 -79.89209,40.29418 -79.88888,40.2936 -79.8888,40.29348 -79.88898,40.29277 -79.88936,40.29232 -79.88962,40.29163 -79.88987,40.29021 -79.89048,40.28945 -79.89314,40.28741 -79.89491,40.28693 -79.89592,40.28646 -79.89609,40.28676 -79.89561,40.28756 -79.89557,40.28792 -79.89583,40.28841 -79.89624,40.28845 -79.89624,40.28877 -79.89643,40.28875 -79.89636,40.28842 -79.89592,40.28844 -79.89558,40.28801 -79.89564,40.28748 -79.89607,40.28685 -79.89598,40.28651 -79.89481,40.28697 -79.89304,40.28746 -79.89118,40.28883 -79.89002,40.28996 -79.88939,40.29223 -79.88876,40.29318 -79.88842,40.29342 -79.88819,40.29347 -79.88291,40.29252 -79.88117,40.29198 -79.87799,40.29262 -79.87494,40.29234 -79.87468,40.29297 -79.87462,40.29602 -79.87496,40.29761 -79.87517,40.29812 -79.87817,40.30239 -79.87879,40.30294 -79.87971,40.30349 -79.88283,40.30476 -79.88621,40.30685 -79.89011,40.30901 -79.89103,40.30983 -79.89095,40.31016 -79.88837,40.31173 -79.88539,40.31474 -79.88746,40.31548 -79.88859,40.31612 -79.89034,40.31795 -79.89133,40.32101 -79.8924,40.32106 -79.89255,40.33078 -79.8901,40.33678 -79.88757,40.34064 -79.8859,40.34238 -79.88206,40.34578 -79.87793,40.34846 -79.87421,40.35002 -79.87352,40.3501 -79.8714,40.35005 -79.86881,40.35092 -79.86746,40.35124 -79.86444,40.35163 -79.85975,40.35205 -79.85976,40.35235 -79.86092,40.35226"
saturday,kept,138.0,"-79.86109,40.35225 -79.86227,40.35219 -79.86223,40.35185"
saturday,kept,419.9,"-79.88204,40.34589 -79.88246,40.34573 -79.884,40.34461 -79.88534,40.34314"
saturday,kept,20.0,"-79.88557,40.34282 -79.88568,40.34266"
saturday,kept,99.8,"-79.89252,40.33087 -79.89253,40.32997"
saturday,kept,20.0,"-79.89248,40.32591 -79.89248,40.32573"
saturday,kept,19.9,"-79.88562,40.31472 -79.88553,40.31455"
saturday,kept,58.8,"-79.89117,40.31002 -79.89133,40.3099 -79.89102,40.30963"
saturday,kept,39.9,"-79.8907,40.30937 -79.89034,40.30914"
saturday,kept,19.1,"-79.88417,40.30559 -79.884,40.30548"
saturday,kept,17.8,"-79.8746,40.29489 -79.87463,40.29473"
saturday,kept,40.0,"-79.88826,40.29348 -79.88872,40.29357"
saturday,kept,15.0,"-79.89618,40.28869 -79.89628,40.2888"
saturday,kept,27.8,"-79.89523,40.30457 -79.89515,40.30479"
saturday,kept,20.0,"-79.90341,40.30711 -79.90365,40.30711"
saturday,kept,15.8,"-79.90926,40.30671 -79.90943,40.30677"
saturday,kept,20.0,"-79.93658,40.33142 -79.93676,40.3313"
saturday,kept,79.9,"-79.94787,40.3362 -79.94861,40.33664"
saturday,kept,20.0,"-79.94903,40.33682 -79.94923,40.3369"
saturday,kept,20.0,"-79.94966,40.33706 -79.94987,40.33714"
saturday,kept,4048.0,"-79.82913,40.34325 -79.83426,40.34985 -79.83443,40.35037 -79.83393,40.35249 -79.83463,40.35458 -79.83522,40.35514 -79.83625,40.35447 -79.83778,40.35287 -79.83861,40.35256 -79.84239,40.35254 -79.84387,40.35295 -79.84398,40.35269 -79.84283,40.35209 -79.84239,40.35249 -79.84505,40.35344 -79.84822,40.35276 -79.8515,40.35248 -79.85951,40.35206"
saturday,kept,3653.6,"-79.88323,40.3449 -79.88371,40.34452 -79.88437,40.34461 -79.89034,40.34751 -79.89263,40.34955 -79.89601,40.35081 -79.89684,40.35229 -79.89693,40.35408 -79.89719,40.35532 -79.89756,40.35577 -79.89796,40.35596 -79.89936,40.35605 -79.89978,40.3559 -79.90134,40.3539 -79.90203,40.35276 -79.90239,40.35253 -79.90374,40.35224 -79.90583,40.3525 -79.90698,40.35233 -79.90806,40.35197 -79.90853,40.352 -79.9089,40.35221 -79.90948,40.35299 -79.90998,40.35336 -79.91207,40.35419 -79.91371,40.35424 -79.91386,40.35434"
saturday,kept,10637.6,"-79.91309,40.36977 -79.91501,40.3711 -79.91754,40.37242 -79.92012,40.37398 -79.92068,40.37516 -79.92061,40.37641 -79.92074,40.37712 -79.92121,40.37773 -79.92233,40.37839 -79.92567,40.37971 -79.92927,40.38255 -79.93132,40.38377 -79.93177,40.38417 -79.93199,40.38468 -79.93202,40.38664 -79.93264,40.38673 -79.93253,40.38889 -79.9328,40.38976 -79.93336,40.38985 -79.93353,40.39073 -79.93438,40.39159 -79.93468,40.39207 -79.93574,40.39975 -79.93606,40.4 -79.93814,40.40027 -79.94093,40.40193 -79.94192,40.40293 -79.94238,40.40394 -79.94406,40.40992 -79.94503,40.41194 -79.9453,40.41317 -79.94865,40.4197 -79.95202,40.42484 -79.95216,40.42496 -79.95308,40.42504 -79.95558,40.42787 -79.95808,40.43026 -79.95922,40.43116 -79.96172,40.43252 -79.96748,40.43498 -79.97017,40.43565 -79.97299,40.43584 -79.97652,40.43567 -79.98116,40.435 -79.98351,40.43507"
saturday,kept,40.0,"-79.98418,40.43491 -79.98464,40.43483"
saturday,kept,40.0,"-79.98533,40.4347 -79.98579,40.43464"
saturday,kept,200.0,"-79.98767,40.4345 -79.99003,40.4345"
saturday,kept,19.7,"-79.9919,40.43466 -79.99213,40.43469"
saturday,kept,139.9,"-80.00039,40.43786 -80.00188,40.43841"
saturday,kept,99.9,"-79.98253,40.43494 -79.98135,40.43493"
saturday,kept,20.0,"-79.95904,40.43103 -79.95887,40.4309"
saturday,kept,98.9,"-79.95307,40.42502 -79.95272,40.42483 -79.95201,40.42481"
saturday,kept,20.0,"-79.9358,40.39962 -79.93575,40.39945"
saturday,kept,80.0,"-79.93554,40.39784 -79.93545,40.39712"
saturday,kept,60.0,"-79.93522,40.39534 -79.93515,40.3948"
saturday,kept,80.0,"-79.93497,40.39337 -79.93487,40.39265"
saturday,kept,314.8,"-79.93475,40.39176 -79.93446,40.3898 -79.93436,40.38969 -79.93342,40.38977"
saturday,kept,139.7,"-79.93212,40.38436 -79.93194,40.38384 -79.93114,40.38349"
saturday,kept,19.9,"-79.91512,40.37116 -79.91494,40.37105"
saturday,kept,19.6,"-79.91389,40.35442 -79.9138,40.35426"
saturday,kept,20.0,"-79.89131,40.34818 -79.89117,40.34803"
saturday,kept,39.5,"-79.88415,40.34444 -79.8837,40.34444"
saturday,kept,20.0,"-79.86074,40.35198 -79.86051,40.35199"
saturday,kept,20.0,"-79.83633,40.35439 -79.83619,40.35452"
saturday,kept,19.8,"-79.83521,40.35498 -79.83499,40.35492"
saturday,kept,20.0,"-79.83251,40.34761 -79.83228,40.34765"
saturday,added,376.7,"-79.83205,40.34768 -79.83113,40.34783 -79.83068,40.34821 -79.83026,40.3481 -79.82904,40.34656"
saturday,kept,634.7,"-79.82888,40.34643 -79.82721,40.34578 -79.82603,40.34407 -79.82766,40.34394 -79.82887,40.34339"
saturday,kept,19.9,"-79.91214,40.40822 -79.91199,40.40809"
saturday,kept,374.0,"-79.91096,40.40699 -79.91227,40.40605 -79.91414,40.40742"
saturday,kept,3257.7,"-79.92487,40.41537 -79.92493,40.41503 -79.92465,40.41474 -79.92358,40.41379 -79.92296,40.41355 -79.92246,40.41317 -79.92282,40.41176 -79.92316,40.41131 -79.92499,40.41052 -79.92544,40.41043 -79.92614,40.4105 -79.9265,40.41029 -79.92652,40.40994 -79.92582,40.40901 -79.9258,40.4083 -79.92637,40.40751 -79.9272,40.40688 -79.9274,40.40679 -79.9279,40.4071 -79.92959,40.40771 -79.92987,40.4075 -79.9297,40.4074 -79.92931,40.40756 -79.92821,40.40723 -79.92763,40.40693 -79.9275,40.40678 -79.92765,40.40668 -79.92941,40.40617 -79.9327,40.40621 -79.93331,40.40593 -79.93446,40.40504 -79.93535,40.40482 -79.93581,40.40488 -79.9404,40.40673 -79.94286,40.40612"
saturday,kept,2315.9,"-79.94482,40.41129 -79.94777,40.41069 -79.948,40.41069 -79.9481,40.41084 -79.94857,40.41186 -79.94993,40.41375 -79.95049,40.41493 -79.95075,40.41635 -79.95062,40.41778 -79.95079,40.41884 -79.95114,40.41931 -79.95353,40.42418 -79.95582,40.42646 -79.95579,40.42698 -79.95526,40.42733"
saturday,kept,20.0,"-79.95782,40.42994 -79.95801,40.42984"
saturday,added,719.8,"-79.9582,40.42973 -79.9625,40.4272 -79.96451,40.42544"
saturday,kept,17.0,"-79.95526,40.42752 -79.95518,40.42738"
saturday,kept,20.0,"-79.95119,40.41919 -79.95108,40.41903"
saturday,kept,37.4,"-79.92981,40.40762 -79.92985,40.40746 -79.92964,40.40741"
saturday,kept,1546.6,"-79.88873,40.44679 -79.88762,40.44501 -79.88702,40.44291 -79.88666,40.4427 -79.8859,40.44401 -79.88602,40.44412 -79.89509,40.44713 -79.89528,40.44688"
saturday,added,779.4,"-79.89533,40.4467 -79.8973,40.44172 -79.89777,40.44033 -79.89777,40.43997"
saturday,kept,1539.7,"-79.89769,40.4398 -79.89564,40.43502 -79.89268,40.43093 -79.8914,40.42804 -79.89066,40.42713"
saturday,added,1522.3,"-79.89049,40.42701 -79.88881,40.4255 -79.88816,40.42566 -79.88706,40.42555 -79.88637,40.42763 -79.88643,40.42799 -79.88618,40.42896 -79.88687,40.42903 -79.88791,40.4259 -79.88873,40.42556 -79.88876,40.4254 -79.88708,40.42369"
saturday,kept,490.7,"-79.88694,40.42355 -79.8868,40.4234 -79.88687,40.42329 -79.89042,40.42194 -79.89103,40.42291"
saturday,added,2868.2,"-79.89122,40.42285 -79.89767,40.41996 -79.90427,40.42309 -79.90483,40.42446 -79.90614,40.42616 -79.90618,40.42651 -79.90578,40.42755 -79.90585,40.4277 -79.90653,40.42779 -79.90691,40.4276 -79.90738,40.42659 -79.90769,40.42634 -79.90886,40.42641 -79.90997,40.42613 -79.91251,40.42649 -79.91428,40.42791 -79.91473,40.428 -79.91566,40.42789"
saturday,kept,259.9,"-79.9159,40.42791 -79.91729,40.42811 -79.91884,40.42854"
saturday,added,339.9,"-79.91906,40.42861 -79.92284,40.42963"
saturday,kept,38.9,"-79.92305,40.4297 -79.92348,40.42969"
saturday,kept,2880.7,"-79.92837,40.4197 -79.93167,40.41989 -79.93308,40.41981 -79.93772,40.41915 -79.93983,40.41896 -79.93975,40.42702 -79.93853,40.42738 -79.93758,40.42922 -79.93797,40.42965 -79.93957,40.43071 -79.93977,40.43121 -79.93962,40.43155 -79.93837,40.43237 -79.93756,40.43273 -79.93663,40.43284 -79.9368,40.4331"
saturday,added,1698.0,"-79.93694,40.43324 -79.93747,40.43359 -79.93835,40.43384 -79.94252,40.43446 -79.94393,40.43457 -79.94509,40.43515 -79.94598,40.43538 -79.94691,40.43528 -79.94829,40.43463 -79.95179,40.43423 -79.95458,40.43458 -79.9559,40.43497"
saturday,kept,519.0,"-79.95612,40.43504 -79.95819,40.43588 -79.96196,40.4358"
saturday,added,139.9,"-79.9622,40.43578 -79.96383,40.43567"
saturday,kept,99.8,"-79.96406,40.43571 -79.96518,40.43599"
saturday,kept,199.9,"-79.96564,40.43608 -79.96799,40.43613"
saturday,kept,160.0,"-79.96817,40.43604 -79.96628,40.43605"
saturday,kept,20.0,"-79.9649,40.43584 -79.96467,40.43579"
saturday,added,19.7,"-79.94724,40.4351 -79.94702,40.43516"
saturday,added,19.7,"-79.91258,40.42655 -79.91239,40.42645"
saturday,added,18.9,"-79.90594,40.42774 -79.90579,40.42762"
saturday,added,19.9,"-79.90573,40.42541 -79.90567,40.42524"
saturday,added,39.1,"-79.90541,40.42495 -79.90504,40.42474"
saturday,added,638.1,"-79.89762,40.41995 -79.89662,40.41947 -79.89642,40.41952 -79.89099,40.42169"
saturday,kept,40.0,"-79.89077,40.42177 -79.89035,40.42193"
saturday,added,119.2,"-79.8878,40.42461 -79.88727,40.42496 -79.88709,40.42547"
saturday,added,57.6,"-79.88608,40.42894 -79.88605,40.4291 -79.88652,40.42906"
saturday,added,19.9,"-79.88867,40.42568 -79.8889,40.4257"
saturday,kept,178.2,"-79.88755,40.44459 -79.88712,40.44446 -79.88686,40.44377 -79.88625,40.44353"
saturday,kept,19.0,"-79.88645,40.44306 -79.88663,40.44296"
saturday,kept,40.0,"-79.88689,40.44319 -79.88699,40.44354"
saturday,kept,40.0,"-79.88718,40.44406 -79.88731,40.44441"
saturday,kept,7.3,"-79.88846,40.44656 -79.8885,40.44662"
saturday,kept,1019.4,"-79.93898,40.34857 -79.93849,40.34891 -79.92729,40.35025"
saturday,kept,20.0,"-79.89082,40.3477 -79.89065,40.34757"
saturday,kept,20.0,"-79.84548,40.35336 -79.84525,40.35332"
saturday,kept,20.0,"-79.84482,40.35318 -79.84462,40.35309"
saturday,kept,20.0,"-79.84421,40.35291 -79.844,40.35282"
saturday,kept,6101.9,"-79.84359,40.35264 -79.84316,40.35252 -79.84139,40.35302 -79.8412,40.35313 -79.84108,40.35347 -79.84131,40.35377 -79.84194,40.35401 -79.84238,40.35442 -79.84535,40.36047 -79.8428,40.36391 -79.84218,40.36545 -79.8421,40.36652 -79.84235,40.36813 -79.84298,40.37023 -79.84378,40.37186 -79.84602,40.37131 -79.84619,40.37134 -79.8464,40.37185 -79.84657,40.37188 -79.84949,40.37115 -79.84788,40.36723 -79.8479,40.36651 -79.84775,40.36599 -79.84697,40.36468 -79.84705,40.36457 -79.85044,40.3633 -79.85471,40.36226 -79.85872,40.36208 -79.85928,40.36562 -79.85801,40.36591 -79.85533,40.36794 -79.85352,40.36982 -79.85215,40.37051 -79.85211,40.37064"
saturday,added,299.2,"-79.85218,40.37081 -79.8526,40.37184 -79.85057,40.37231"
saturday,kept,3746.0,"-79.85035,40.37236 -79.84478,40.37373 -79.84628,40.37556 -79.84712,40.37619 -79.84832,40.37675 -79.85096,40.37754 -79.85359,40.37934 -79.85777,40.38322 -79.86267,40.38498 -79.86315,40.38462 -79.86716,40.38271 -79.86847,40.38234 -79.86867,40.38236 -79.86865,40.38271 -79.86701,40.38399 -79.867,40.38412 -79.86749,40.38449 -79.8687,40.38365 -79.86876,40.38352 -79.86827,40.38313 -79.86881,40.38232"
saturday,added,219.2,"-79.86905,40.38231 -79.87159,40.38265"
saturday,kept,6563.7,"-79.87182,40.38269 -79.87252,40.38268 -79.87361,40.38296 -79.87432,40.38302 -79.87762,40.38295 -79.87801,40.38314 -79.87817,40.38347 -79.87803,40.38356 -79.87421,40.3845 -79.87382,40.38469 -79.87378,40.38486 -79.87522,40.38828 -79.87578,40.39001 -79.88072,40.39613 -79.88112,40.39621 -79.8828,40.39555 -79.88322,40.39557 -79.88476,40.3978 -79.8849,40.39809 -79.88421,40.39801 -79.88259,40.39728 -79.88191,40.39716 -79.88124,40.39731 -79.8808,40.39772 -79.88118,40.3978 -79.88103,40.39748 -79.88116,40.39735 -79.88205,40.39716 -79.88272,40.39733 -79.88413,40.39798 -79.88499,40.39817 -79.88546,40.39879 -79.88832,40.40165 -79.89015,40.4033 -79.89123,40.40489 -79.89166,40.40532 -79.89259,40.40586 -79.89411,40.40636 -79.89446,40.4066 -79.89473,40.40727 -79.89425,40.40828 -79.89434,40.40839 -79.89675,40.40913 -79.89886,40.40927 -79.90733,40.4088 -79.90913,40.40795"
saturday,added,395.4,"-79.90925,40.40783 -79.90751,40.40575 -79.90868,40.40515"
saturday,kept,18.4,"-79.88496,40.39813 -79.88476,40.39809"
saturday,kept,20.0,"-79.87791,40.38293 -79.87767,40.38294"
saturday,kept,20.0,"-79.86267,40.38491 -79.86246,40.38484"
saturday,kept,539.6,"-79.85061,40.37725 -79.84701,40.37326"
saturday,added,206.6,"-79.85271,40.37182 -79.85361,40.3716 -79.85284,40.37065"
saturday,kept,409.4,"-79.84835,40.3684 -79.84744,40.3686 -79.84737,40.36871 -79.84843,40.37142"
saturday,kept,20.0,"-79.84551,40.3713 -79.84528,40.37136"
saturday,kept,40.0,"-79.84483,40.37146 -79.84438,40.37158"
saturday,kept,18.2,"-79.84393,40.37169 -79.84372,40.37172"
saturday,kept,20.0,"-79.84314,40.37036 -79.84307,40.37019"
saturday,kept,20.0,"-79.84283,40.36949 -79.84278,40.36932"
saturday,kept,40.0,"-79.84254,40.36844 -79.84248,40.36808"
saturday,kept,160.0,"-79.8423,40.36701 -79.84228,40.36558"
saturday,kept,20.0,"-79.84252,40.3647 -79.84259,40.36453"
saturday,kept,20.0,"-79.84307,40.36371 -79.84318,40.36355"
saturday,kept,20.0,"-79.84318,40.35586 -79.8431,40.3557"
saturday,kept,279.1,"-79.84251,40.35452 -79.84283,40.35429 -79.84544,40.35345"
saturday,kept,40.0,"-79.92729,40.35035 -79.92775,40.3503"
saturday,kept,40.0,"-79.92915,40.35012 -79.92962,40.35007"
saturday,kept,40.0,"-79.93078,40.34992 -79.93125,40.34987"
saturday,kept,40.0,"-79.93265,40.3497 -79.93312,40.34964"
saturday,kept,40.0,"-79.93475,40.34945 -79.93522,40.3494"
saturday,kept,20.0,"-79.93685,40.34921 -79.93708,40.34918"
saturday,kept,40.0,"-79.93848,40.34902 -79.93895,40.34897"
saturday,kept,529.8,"-80.00749,40.52687 -80.00704,40.52532 -80.00703,40.5246 -80.00628,40.52329 -80.00594,40.52318 -80.00572,40.52248"
saturday,kept,39.3,"-80.01305,40.49867 -80.01324,40.49837"
saturday,added,178.9,"-80.01341,40.49827 -80.01357,40.49794 -80.01347,40.49742 -80.01402,40.49683"
saturday,kept,79.6,"-80.01416,40.49668 -80.01447,40.49641 -80.0149,40.49629"
saturday,added,199.9,"-80.01513,40.49629 -80.01733,40.49693"
saturday,kept,2294.2,"-80.01755,40.497 -80.01885,40.49743 -80.01976,40.49823 -80.02022,40.49824 -80.01993,40.49703 -80.02006,40.49614 -80.02106,40.49452 -80.02221,40.49363 -80.02218,40.49328 -80.02128,40.49223 -80.01999,40.49118 -80.01855,40.49026 -80.01837,40.48955 -80.01489,40.48805 -80.01115,40.4877 -80.01077,40.48749 -80.0097,40.48631"
saturday,kept,4452.0,"-80.00599,40.48236 -80.00464,40.48332 -80.00419,40.48325 -80.00309,40.48258 -80.00171,40.47991 -79.99956,40.47698 -80.00292,40.47397 -80.0029,40.47328 -80.0006,40.4733 -80.00087,40.47141 -79.99936,40.46959 -79.99919,40.46953 -79.99679,40.47027 -79.99539,40.47012 -79.99474,40.46751 -79.99384,40.46646 -79.99304,40.46618 -79.99204,40.46518 -79.99089,40.46245 -79.99319,40.46121 -79.99474,40.45962 -79.99547,40.4583 -79.99538,40.4576 -79.9947,40.4555"
saturday,kept,19.7,"-79.9954,40.45765 -79.99542,40.45783"
saturday,kept,15.5,"-80.00279,40.47322 -80.00291,40.47333"
saturday,kept,20.0,"-80.00496,40.4832 -80.0051,40.48306"
saturday,kept,120.0,"-80.01321,40.4977 -80.01248,40.49862"
saturday,kept,19.8,"-80.01267,40.49913 -80.01279,40.49928"
saturday,kept,20.0,"-80.00537,40.52394 -80.00537,40.52411"
saturday,kept,173.8,"-80.00682,40.52817 -80.00699,40.52827 -80.00718,40.52816 -80.00757,40.52775 -80.00754,40.52703"
saturday,kept,2156.7,"-79.99588,40.44075 -79.99458,40.44032 -79.99427,40.44006 -79.99428,40.43971 -79.99474,40.43889 -79.99431,40.43807 -79.97359,40.43717"
saturday,kept,40.0,"-79.97289,40.43715 -79.97243,40.43708"
saturday,kept,7594.9,"-79.92266,40.43807 -79.90543,40.43809 -79.90453,40.43831 -79.90225,40.43926 -79.90158,40.43943 -79.89596,40.43977 -79.89493,40.43936 -79.89479,40.4394 -79.89437,40.44117 -79.89419,40.44124 -79.89136,40.44119 -79.88814,40.44013 -79.88794,40.44044 -79.8868,40.44068 -79.8864,40.44087 -79.88569,40.44199 -79.88553,40.44203 -79.87862,40.43975 -79.88031,40.43698 -79.88478,40.43305 -79.88439,40.43092 -79.88447,40.42931 -79.88641,40.4232 -79.88585,40.42243 -79.88667,40.42188 -79.88552,40.42074 -79.88478,40.42031 -79.88471,40.42018 -79.88508,40.41956 -79.87873,40.41582 -79.87787,40.41553 -79.87677,40.4154 -79.87673,40.41504"
saturday,added,255.7,"-79.87671,40.41486 -79.87642,40.41258"
saturday,kept,139.8,"-79.87645,40.4124 -79.87675,40.41118"
saturday,kept,3651.3,"-79.8773,40.41038 -79.87765,40.41015 -79.87745,40.41005 -79.87763,40.40938 -79.87562,40.40739 -79.86936,40.40386 -79.86579,40.40124 -79.86562,40.40124 -79.85992,40.40554 -79.85821,40.40615 -79.856,40.40848 -79.85588,40.40862 -79.85615,40.40967 -79.85599,40.41146 -79.85641,40.41248 -79.85634,40.41283 -79.856,40.41307 -79.85487,40.41334 -79.85254,40.41356 -79.85267,40.4142 -79.85336,40.41453"
saturday,kept,348.1,"-79.85354,40.41462 -79.85454,40.41511 -79.85469,40.41504 -79.85586,40.41369 -79.85548,40.41333"
saturday,kept,997.5,"-79.85617,40.40965 -79.85692,40.40896 -79.85934,40.40726 -79.86255,40.40613 -79.86353,40.40566 -79.86177,40.40421"
saturday,kept,20.0,"-79.86444,40.40217 -79.86461,40.40205"
saturday,kept,15.3,"-79.86559,40.40127 -79.86576,40.40122"
saturday,added,80.0,"-79.87725,40.41045 -79.87681,40.41109"
saturday,kept,56.2,"-79.87646,40.41211 -79.87611,40.41229 -79.87623,40.41245"
saturday,kept,20.0,"-79.88329,40.41852 -79.88347,40.41864"
saturday,kept,19.9,"-79.88422,40.41908 -79.88441,40.41918"
saturday,kept,20.0,"-79.88468,40.42026 -79.88488,40.42036"
saturday,kept,20.0,"-79.88438,40.43065 -79.88438,40.43083"
saturday,kept,80.0,"-79.89484,40.43984 -79.89578,40.43978"
saturday,kept,20.0,"-79.8979,40.43969 -79.89813,40.43967"
saturday,kept,2039.3,"-79.97305,40.43783 -79.97585,40.43815 -79.99564,40.43899 -79.99693,40.43944"
saturday,kept,100.0,"-79.84657,40.37224 -79.84694,40.37309"
saturday,kept,34.3,"-79.84505,40.37364 -79.84483,40.37369 -79.84484,40.37382"
saturday,kept,20.0,"-79.85317,40.37901 -79.85334,40.37914"
saturday,kept,20.0,"-79.85384,40.37952 -79.85399,40.37966"
saturday,kept,3803.0,"-79.86297,40.3851 -79.86472,40.386 -79.86662,40.3876 -79.86909,40.39063 -79.86988,40.39251 -79.87029,40.39311 -79.87654,40.39849 -79.88011,40.40084 -79.8806,40.40138 -79.88151,40.40283 -79.88274,40.40391 -79.88514,40.40536 -79.88737,40.40637 -79.89081,40.40754 -79.89397,40.40826"
saturday,kept,140.0,"-79.90957,40.40771 -79.91093,40.40701"
saturday,kept,40.0,"-79.96758,40.43645 -79.96806,40.43645"
saturday,kept,40.0,"-79.88518,40.40526 -79.8848,40.40504"
saturday,kept,239.1,"-79.88375,40.40432 -79.88173,40.40282"
saturday,kept,40.0,"-79.88013,40.40071 -79.87977,40.40047"
saturday,kept,60.0,"-79.86498,40.38613 -79.86447,40.38575"
saturday,kept,511.6,"-79.89093,40.42725 -79.89172,40.42595 -79.89096,40.42388 -79.89142,40.42359 -79.89114,40.42309"
saturday,kept,1873.9,"-79.89033,40.42179 -79.88733,40.41692 -79.88703,40.41663 -79.88624,40.41626 -79.88442,40.41589 -79.88298,40.41541 -79.88383,40.41374 -79.88379,40.4134 -79.87778,40.41022"
saturday,kept,1794.8,"-79.87664,40.41541 -79.87571,40.4153 -79.8731,40.41445 -79.87138,40.41351 -79.86989,40.4119 -79.8664,40.40898 -79.86412,40.40715 -79.86184,40.40559 -79.86178,40.40546 -79.86247,40.40497"
saturday,kept,20.0,"-79.85248,40.41359 -79.85251,40.41377"
saturday,added,19.9,"-79.83101,40.34788 -79.83121,40.3478"
saturday,kept,40.0,"-79.82916,40.3432 -79.82893,40.34289"
saturday,added,2061.0,"-79.82881,40.34274 -79.82677,40.3401 -79.82681,40.33998 -79.82791,40.33965 -79.82904,40.33985 -79.82973,40.33977 -79.83061,40.33951 -79.83139,40.33885 -79.83181,40.33872 -79.83246,40.33892 -79.83424,40.33979 -79.83455,40.34005 -79.83637,40.33941 -79.83686,40.34035 -79.83639,40.34483 -79.83827,40.34497"
saturday,kept,294.7,"-79.83851,40.34499 -79.83864,40.34507 -79.83848,40.34758"
saturday,added,254.4,"-79.83848,40.34776 -79.83846,40.34866 -79.83857,40.34875 -79.84022,40.34886"
saturday,kept,627.6,"-79.84045,40.34888 -79.84092,40.34891 -79.8409,40.34906 -79.84107,40.34917 -79.84232,40.34968 -79.84349,40.3512 -79.84474,40.35202 -79.84475,40.35214 -79.84415,40.3527"
saturday,added,4322.5,"-79.86217,40.35153 -79.86174,40.34964 -79.85962,40.34967 -79.85952,40.34956 -79.85947,40.34723 -79.8547,40.34649 -79.85469,40.34506 -79.85684,40.34057 -79.85,40.33859 -79.84532,40.3389 -79.84521,40.33801 -79.84421,40.33757 -79.84258,40.33772 -79.84176,40.33739 -79.84084,40.33727 -79.84021,40.33749 -79.83968,40.33807 -79.83936,40.33802 -79.8399,40.33684 -79.84051,40.33631 -79.84056,40.33542 -79.84075,40.33509 -79.84453,40.33164"
saturday,kept,1569.7,"-79.84454,40.33151 -79.84149,40.32954 -79.8396,40.32625 -79.83904,40.32396 -79.83874,40.32329 -79.83824,40.32268 -79.83657,40.32117 -79.83567,40.32165 -79.83489,40.32227"
saturday,kept,152.2,"-79.83489,40.3224 -79.8352,40.32267 -79.83573,40.32241 -79.83531,40.322"
saturday,kept,40.0,"-79.83798,40.32248 -79.83826,40.32277"
saturday,kept,19.7,"-79.83916,40.32479 -79.83922,40.32496"
saturday,added,20.0,"-79.84098,40.33726 -79.84122,40.33728"
saturday,added,255.5,"-79.84249,40.33771 -79.84274,40.33821 -79.84291,40.33827 -79.84502,40.33811"
saturday,added,236.7,"-79.85952,40.34962 -79.85955,40.35016 -79.86163,40.35015"
saturday,added,574.9,"-79.97586,40.49515 -79.97602,40.49504 -79.97599,40.49487 -79.9755,40.49349 -79.97332,40.49214 -79.97214,40.49126"
saturday,kept,40.0,"-79.97197,40.49114 -79.97164,40.49088"
saturday,added,959.9,"-79.97147,40.47451 -79.96387,40.46995 -79.9627,40.46906"
saturday,kept,2844.7,"-79.96255,40.46893 -79.95785,40.46519 -79.95256,40.4661 -79.94764,40.46252 -79.94576,40.46236 -79.94563,40.46228 -79.94588,40.45999 -79.93952,40.45657 -79.93877,40.45614 -79.93844,40.45566"
saturday,added,280.0,"-79.93834,40.4555 -79.93698,40.45321"
saturday,kept,1035.1,"-79.93688,40.45304 -79.93667,40.45277 -79.93188,40.45507 -79.93039,40.45646 -79.92748,40.45829"
saturday,kept,20.0,"-79.92593,40.45871 -79.92571,40.45876"
saturday,kept,199.6,"-79.92434,40.45905 -79.92272,40.45923 -79.92202,40.45917"
saturday,kept,1679.4,"-79.92071,40.45288 -79.92022,40.45113 -79.92158,40.44751 -79.9196,40.44085 -79.91936,40.43816"
saturday,kept,160.0,"-79.91647,40.4092 -79.91514,40.40818"
saturday,kept,637.9,"-79.94487,40.45964 -79.9445,40.46249 -79.94464,40.46262 -79.94814,40.46294"
saturday,kept,20.0,"-79.94951,40.46394 -79.94967,40.46406"
saturday,kept,35.3,"-79.95219,40.46594 -79.95221,40.46612 -79.95239,40.46614"
saturday,kept,20.0,"-79.96226,40.4687 -79.96242,40.46883"
saturday,added,29.2,"-79.97572,40.49503 -79.97564,40.49514 -79.9758,40.49519"
saturday,added,40.0,"-79.8383,40.34876 -79.83783,40.34878"
saturday,kept,330.8,"-79.8376,40.34879 -79.83716,40.34878 -79.83691,40.34736 -79.83849,40.34731"
saturday,kept,1671.9,"-79.83867,40.345 -79.84762,40.34562 -79.84932,40.34584 -79.84963,40.34966 -79.84951,40.35034 -79.85094,40.35199 -79.85099,40.35235"
saturday,kept,2979.6,"-79.86508,40.35149 -79.86336,40.34369 -79.86123,40.34155 -79.85911,40.33917 -79.85726,40.33806 -79.85477,40.33704 -79.85303,40.33648 -79.8494,40.33447 -79.8448,40.33166"
saturday,kept,944.6,"-79.83643,40.32103 -79.83428,40.31889 -79.83333,40.3165 -79.82977,40.31467"
saturday,kept,4028.6,"-79.84099,40.35334 -79.84094,40.35459 -79.84071,40.35489 -79.83593,40.35753 -79.83487,40.35824 -79.83418,40.35897 -79.83256,40.36136 -79.83212,40.36142 -79.83144,40.36125 -79.83099,40.36133 -79.83046,40.36228 -79.82921,40.36276 -79.82884,40.3632 -79.82896,40.36391 -79.8305,40.36652 -79.83086,40.36812 -79.83084,40.36865 -79.83019,40.3698 -79.82915,40.37019 -79.82883,40.37045 -79.82834,40.37146 -79.82797,40.37287 -79.82732,40.3757 -79.82735,40.37606 -79.82793,40.37742 -79.82841,40.38045 -79.82768,40.38308 -79.8273,40.38317"
saturday,added,498.7,"-79.82707,40.38319 -79.82309,40.38358 -79.82277,40.38382 -79.82382,40.38452"
saturday,kept,590.9,"-79.82382,40.38469 -79.82213,40.38523 -79.82126,40.38606 -79.82221,40.38723 -79.82244,40.3877 -79.8229,40.38776 -79.82349,40.38806"
saturday,added,98.7,"-79.82368,40.38816 -79.82388,40.38826 -79.82414,40.38797 -79.82375,40.38777"
saturday,kept,35.7,"-79.82356,40.38767 -79.82337,40.38763 -79.82319,40.38773"
saturday,kept,16.6,"-79.82132,40.38624 -79.82122,40.38611"
saturday,kept,719.0,"-79.82405,40.38477 -79.82428,40.38475 -79.83052,40.38887"
saturday,added,879.6,"-79.8307,40.38899 -79.83761,40.39362 -79.83806,40.39443"
saturday,kept,3433.8,"-79.83813,40.3946 -79.83828,40.39491 -79.84157,40.39516 -79.84167,40.39524 -79.84144,40.39575 -79.84103,40.39879 -79.84083,40.3993 -79.84116,40.40034 -79.84118,40.40124 -79.84148,40.4021 -79.84295,40.4035 -79.84423,40.40582 -79.84557,40.40577 -79.84873,40.40735 -79.8493,40.40791 -79.85097,40.41047 -79.85218,40.40953 -79.85185,40.40978 -79.85227,40.40988 -79.85248,40.40979 -79.85262,40.40966 -79.85257,40.40932 -79.85107,40.41039 -79.85099,40.41052 -79.85113,40.41066 -79.85238,40.41148 -79.85374,40.41176 -79.85635,40.41259"
saturday,kept,499.9,"-79.86356,40.40566 -79.86588,40.40477 -79.86787,40.40381 -79.86854,40.40331"
saturday,added,120.0,"-79.87673,40.4146 -79.87814,40.41464"
saturday,kept,266.8,"-79.87838,40.41468 -79.87856,40.41474 -79.87847,40.41509 -79.87912,40.41529 -79.87929,40.41523 -79.87932,40.41494 -79.8782,40.41465"
saturday,kept,877.9,"-79.87756,40.40948 -79.87687,40.40955 -79.87663,40.40927 -79.87679,40.40894 -79.88271,40.40405"
saturday,kept,157.0,"-79.87653,40.40915 -79.87613,40.40928 -79.87596,40.40918 -79.87601,40.40901 -79.87668,40.4085"
saturday,kept,16.7,"-79.85265,40.4094 -79.85249,40.4093"
saturday,kept,338.8,"-79.84125,40.39589 -79.83867,40.39567 -79.83851,40.39462"
saturday,added,59.9,"-79.83843,40.39445 -79.83808,40.39399"
saturday,kept,40.0,"-79.82822,40.38729 -79.82787,40.38705"
saturday,kept,40.0,"-79.82557,40.3855 -79.82522,40.38526"
saturday,kept,18.0,"-79.82452,40.38478 -79.82432,40.38473"
saturday,kept,44.4,"-79.8211,40.38611 -79.82115,40.38613"
saturday,kept,20.0,"-79.82424,40.38459 -79.82406,40.38448"
saturday,added,19.4,"-79.82317,40.38389 -79.8232,40.38372"
saturday,added,39.9,"-79.82361,40.38359 -79.82408,40.38354"
saturday,added,40.0,"-79.82595,40.38336 -79.82642,40.38331"
saturday,kept,40.0,"-79.82803,40.38233 -79.82812,40.38197"
saturday,kept,20.0,"-79.82833,40.38128 -79.82839,40.3811"
saturday,kept,20.0,"-79.82854,40.3804 -79.82853,40.38022"
saturday,kept,60.0,"-79.82843,40.37968 -79.82831,40.37915"
saturday,kept,199.9,"-79.84107,40.35461 -79.84163,40.35428 -79.84322,40.35395"
saturday,kept,20.0,"-79.84368,40.35388 -79.84392,40.35385"
saturday,kept,5303.4,"-79.749,40.42912 -79.7499,40.42902 -79.75007,40.42832 -79.74988,40.42801 -79.7492,40.4279 -79.74926,40.42742 -79.75098,40.42764 -79.75116,40.42775 -79.7513,40.42808 -79.7511,40.42933 -79.75152,40.43163 -79.75182,40.43249 -79.7524,40.43328 -79.75318,40.43394 -79.75807,40.43677 -79.75917,40.43664 -79.75946,40.43712 -79.75981,40.43736 -79.76049,40.4375 -79.7612,40.43749 -79.76134,40.43756 -79.76151,40.43802 -79.76222,40.43804 -79.76255,40.43886 -79.76271,40.43894 -79.76693,40.43889 -79.77068,40.43862 -79.77738,40.43771 -79.78556,40.436 -79.7855,40.43532 -79.78869,40.4338 -79.79213,40.43114 -79.79234,40.43082 -79.79236,40.4305 -79.79171,40.4303 -79.79103,40.42982"
saturday,added,265.3,"-79.79124,40.42972 -79.79245,40.42917 -79.79206,40.42906 -79.79181,40.42945 -79.79121,40.42974"
saturday,kept,11151.4,"-79.79262,40.43056 -79.79375,40.4308 -79.79432,40.43136 -79.79399,40.43258 -79.79461,40.43449 -79.79452,40.43483 -79.79431,40.4349 -79.79395,40.43472 -79.7941,40.43441 -79.79833,40.4333 -79.80712,40.43023 -79.80804,40.43005 -79.80968,40.42994 -79.81202,40.4301 -79.81184,40.42766 -79.81155,40.42661 -79.81131,40.42631 -79.81074,40.42605 -79.81126,40.42488 -79.81305,40.42401 -79.81348,40.42395 -79.81384,40.42417 -79.81486,40.42618 -79.81488,40.42654 -79.81455,40.42758 -79.81484,40.42844 -79.8154,40.42902 -79.81626,40.42963 -79.81762,40.4311 -79.8201,40.43275 -79.82136,40.43466 -79.82217,40.43501 -79.82447,40.43539 -79.82788,40.437 -79.83263,40.43935 -79.83438,40.44104 -79.83563,40.44185 -79.83867,40.44323 -79.84193,40.44501 -79.84405,40.4458 -79.84541,40.44609 -79.84838,40.44648 -79.84859,40.44617 -79.84903,40.44606 -79.85091,40.44611 -79.85279,40.446 -79.86229,40.44458 -79.86606,40.44355 -79.86796,40.44249 -79.87176,40.44067 -79.87298,40.43982 -79.87406,40.4395 -79.8757,40.43961 -79.87627,40.43993 -79.87668,40.44093 -79.87771,40.44135 -79.87727,40.44216 -79.88786,40.44569"
saturday,kept,2259.8,"-79.88871,40.44692 -79.89105,40.44917 -79.89228,40.45001 -79.89382,40.45085 -79.90304,40.45448 -79.9059,40.45574 -79.90797,40.45608 -79.91112,40.4573"
saturday,kept,4139.3,"-79.95149,40.45735 -79.95264,40.45754 -79.95366,40.45797 -79.95589,40.46028 -79.95647,40.46059 -79.95736,40.46081 -79.9583,40.46081 -79.96589,40.45947 -79.96724,40.45913 -79.96906,40.45831 -79.97488,40.45465 -79.97837,40.45223 -79.98425,40.44922 -79.98892,40.4462 -79.99131,40.44447"
saturday,kept,17.9,"-80.00644,40.44116 -80.00642,40.441"
saturday,kept,20.0,"-79.8874,40.44444 -79.88741,40.44426"
saturday,kept,879.9,"-79.88615,40.44321 -79.87663,40.44004"
saturday,kept,1647.9,"-79.84896,40.44602 -79.84849,40.44597 -79.84817,40.44481 -79.84729,40.44505 -79.84432,40.44447 -79.84408,40.44473 -79.84223,40.44445 -79.84116,40.44408 -79.83784,40.44235 -79.8332,40.43958"
saturday,kept,40.0,"-79.83206,40.43895 -79.83166,40.43875"
saturday,kept,419.4,"-79.82382,40.43508 -79.82202,40.43423 -79.82134,40.4335 -79.82008,40.43269"
saturday,kept,19.8,"-79.81176,40.42736 -79.81183,40.42753"
saturday,kept,55.5,"-79.81206,40.42986 -79.81202,40.42999 -79.81156,40.42993"
saturday,kept,19.9,"-79.8085,40.42993 -79.80828,40.43"
saturday,kept,20.0,"-79.80646,40.43035 -79.80624,40.43041"
saturday,kept,20.0,"-79.79937,40.4328 -79.79915,40.43287"
saturday,kept,20.0,"-79.79873,40.43302 -79.79851,40.4331"
saturday,kept,20.0,"-79.7972,40.43351 -79.79698,40.43357"
saturday,kept,119.6,"-79.79562,40.43385 -79.79493,40.43376 -79.79439,40.43342"
saturday,kept,59.9,"-79.79409,40.43293 -79.79421,40.43241"
saturday,kept,176.7,"-79.7944,40.43189 -79.79468,40.43102 -79.79382,40.43081"
saturday,kept,39.8,"-79.79202,40.4305 -79.7922,40.43082"
saturday,kept,20.0,"-79.79097,40.43189 -79.79081,40.43202"
saturday,kept,80.0,"-79.79015,40.43253 -79.78948,40.43304"
saturday,kept,59.7,"-79.78865,40.43368 -79.78815,40.43405"
saturday,kept,20.0,"-79.78543,40.4357 -79.78549,40.43588"
saturday,kept,19.9,"-79.77982,40.43717 -79.77958,40.43717"
saturday,kept,20.0,"-79.77867,40.43735 -79.77844,40.4374"
saturday,kept,40.0,"-79.77752,40.43756 -79.77706,40.43765"
saturday,kept,39.6,"-79.77082,40.43855 -79.77036,40.43854"
saturday,kept,160.0,"-79.76895,40.43864 -79.76707,40.43876"
saturday,kept,79.3,"-79.76309,40.43892 -79.76242,40.43844"
saturday,kept,19.8,"-79.75908,40.43663 -79.75885,40.43663"
saturday,kept,20.0,"-79.75838,40.43664 -79.75815,40.43663"
saturday,kept,79.1,"-79.75123,40.42753 -79.75031,40.4275"
saturday,kept,674.1,"-79.74893,40.42768 -79.74665,40.42738 -79.74609,40.42768 -79.74593,40.4282 -79.74597,40.4291 -79.74612,40.42922 -79.74888,40.42913"
saturday,kept,74.2,"-79.88676,40.44253 -79.88669,40.44241 -79.88603,40.4422"
saturday,kept,4410.1,"-79.87845,40.43971 -79.87586,40.43884 -79.87493,40.43875 -79.87399,40.43794 -79.87354,40.43711 -79.87284,40.43639 -79.87158,40.4356 -79.87205,40.43405 -79.87264,40.43287 -79.87334,40.43194 -79.87377,40.43073 -79.87429,40.43038 -79.87539,40.43008 -79.87555,40.42996 -79.8755,40.42981 -79.87425,40.42899 -79.87205,40.42665 -79.86955,40.42566 -79.86901,40.42531 -79.86824,40.42382 -79.86781,40.4234 -79.86655,40.42292 -79.86402,40.42247 -79.86185,40.42176 -79.86023,40.42103 -79.85933,40.42045 -79.85895,40.41981 -79.85879,40.4173 -79.85851,40.41662 -79.85828,40.4163 -79.85682,40.41577 -79.85785,40.41359 -79.85788,40.41306 -79.85763,40.41277 -79.85671,40.41262"
saturday,kept,20.0,"-79.84117,40.40103 -79.84116,40.40085"
saturday,kept,7721.1,"-79.82239,40.3877 -79.82206,40.38837 -79.82113,40.38918 -79.81959,40.39099 -79.81902,40.39345 -79.81927,40.39374 -79.82002,40.39417 -79.82112,40.39596 -79.82127,40.39666 -79.82084,40.39897 -79.821,40.39949 -79.82403,40.40225 -79.82505,40.40366 -79.8252,40.40436 -79.82589,40.40482 -79.82519,40.40595 -79.82498,40.40738 -79.82246,40.40755 -79.81874,40.40806 -79.81888,40.40909 -79.81883,40.41141 -79.81859,40.41228 -79.81809,40.41289 -79.8162,40.41423 -79.81378,40.41812 -79.81301,40.41878 -79.81237,40.419 -79.8098,40.41925 -79.80673,40.42091 -79.8045,40.42191 -79.80356,40.42192 -79.80118,40.42117 -79.80047,40.42113 -79.79932,40.4213 -79.79666,40.42204 -79.79245,40.42434 -79.79037,40.42456 -79.78976,40.42553 -79.78848,40.42682 -79.78581,40.43036 -79.7902,40.43247"
saturday,kept,79.4,"-79.79063,40.43212 -79.7902,40.43225 -79.78974,40.43218"
saturday,kept,399.7,"-79.78574,40.43033 -79.78339,40.43342"
saturday,added,1234.0,"-79.78328,40.43349 -79.78237,40.43333 -79.7803,40.43246 -79.77898,40.43148 -79.77806,40.43153 -79.77706,40.43191 -79.7768,40.43239 -79.77563,40.43328 -79.77449,40.43442 -79.77242,40.43613"
saturday,added,299.5,"-79.7719,40.4365 -79.76969,40.43784 -79.76925,40.43825"
saturday,kept,20.0,"-79.76914,40.43841 -79.76903,40.43857"
saturday,added,20.0,"-79.76936,40.43826 -79.76947,40.43811"
saturday,added,99.5,"-79.77161,40.43675 -79.77246,40.43615"
saturday,kept,40.0,"-79.78618,40.42997 -79.78643,40.42967"
saturday,kept,177.7,"-79.81891,40.40912 -79.81979,40.40894 -79.81956,40.40806"
saturday,kept,20.0,"-79.85828,40.4163 -79.85841,40.41645"
saturday,kept,39.9,"-79.87232,40.43606 -79.8727,40.43628"
saturday,kept,119.5,"-79.87636,40.43988 -79.87582,40.4393 -79.87544,40.43908"
saturday,kept,6195.2,"-79.87135,40.43549 -79.86632,40.43314 -79.86507,40.43232 -79.86444,40.43157 -79.8641,40.4309 -79.86322,40.42737 -79.86269,40.42657 -79.86194,40.42589 -79.8515,40.42065 -79.85012,40.41967 -79.84925,40.4186 -79.84757,40.41564 -79.84518,40.41319 -79.84476,40.41235 -79.84452,40.41093 -79.8442,40.41026 -79.84253,40.40876 -79.84135,40.40701 -79.83882,40.40513 -79.83706,40.40239 -79.83361,40.4005 -79.83156,40.40267 -79.82987,40.40502 -79.82851,40.40533 -79.8278,40.40534 -79.82664,40.40518 -79.82604,40.4049"
saturday,kept,8616.0,"-79.8251,40.40436 -79.82419,40.40379 -79.81761,40.40096 -79.81038,40.39635 -79.80749,40.39557 -79.80539,40.39535 -79.80472,40.39551 -79.8051,40.3932 -79.80956,40.39326 -79.80971,40.3932 -79.80971,40.39176 -79.80953,40.39173 -79.80906,40.39179 -79.80872,40.39203 -79.80865,40.3931 -79.80868,40.39326 -79.80962,40.39326 -79.80972,40.39243 -79.80967,40.39326 -79.80502,40.39316 -79.80471,40.39548 -79.80389,40.39543 -79.8039,40.39489 -79.80376,40.39482 -79.80187,40.39478 -79.80103,40.3945 -79.7994,40.39433 -79.79776,40.39446 -79.7969,40.39475 -79.79416,40.39615 -79.79368,40.39655 -79.79297,40.39747 -79.79242,40.39782 -79.79154,40.39804 -79.79013,40.39796 -79.78944,40.39807 -79.78677,40.39983 -79.78616,40.4001 -79.7835,40.40083 -79.77566,40.40217 -79.7752,40.40217 -79.77258,40.40065 -79.77087,40.39916 -79.76911,40.39747 -79.7668,40.39455 -79.76635,40.39353 -79.76607,40.39121 -79.76705,40.39098 -79.76684,40.38941"
saturday,kept,129.8,"-79.76682,40.38929 -79.76678,40.38893 -79.76577,40.38903"
saturday,added,180.0,"-79.76581,40.38921 -79.76604,40.39082"
saturday,kept,40.0,"-79.79818,40.3944 -79.79865,40.39442"
saturday,kept,598.2,"-79.79932,40.3946 -79.80412,40.39652 -79.80456,40.39659 -79.80468,40.39569"
saturday,kept,1313.5,"-79.80478,40.39553 -79.8073,40.39596 -79.8102,40.39673 -79.81719,40.40129 -79.81735,40.40131 -79.81765,40.40103"
saturday,kept,419.9,"-79.83961,40.40584 -79.84243,40.40894"
saturday,kept,60.0,"-79.84275,40.4092 -79.84326,40.40957"
saturday,kept,100.0,"-79.8444,40.4113 -79.84451,40.41219"
saturday,kept,60.0,"-79.84498,40.4132 -79.84537,40.41365"
saturday,kept,120.0,"-79.84566,40.41393 -79.84654,40.41478"
saturday,kept,40.0,"-79.84683,40.41506 -79.84709,40.41536"
saturday,kept,140.0,"-79.84735,40.41566 -79.84806,40.4168"
saturday,kept,20.0,"-79.84824,40.41713 -79.84833,40.41729"
saturday,kept,60.0,"-79.84915,40.41878 -79.8495,40.41925"
saturday,kept,40.0,"-79.84977,40.41955 -79.85006,40.41983"
saturday,kept,80.0,"-79.85053,40.42023 -79.85125,40.4207"
saturday,kept,60.0,"-79.85243,40.4213 -79.85303,40.42159"
saturday,kept,20.0,"-79.85422,40.42217 -79.85442,40.42227"
saturday,kept,100.0,"-79.85521,40.42266 -79.8562,40.42314"
saturday,kept,100.0,"-79.85699,40.42354 -79.85798,40.42403"
saturday,kept,60.0,"-79.85838,40.42422 -79.85897,40.42452"
saturday,kept,40.0,"-79.85937,40.42471 -79.85976,40.42491"
saturday,kept,60.0,"-79.86016,40.4251 -79.86075,40.4254"
saturday,kept,40.0,"-79.86115,40.42559 -79.86153,40.42581"
saturday,kept,40.0,"-79.8622,40.42631 -79.86248,40.4266"
saturday,kept,40.0,"-79.86294,40.42722 -79.86311,40.42756"
saturday,kept,80.0,"-79.86324,40.42791 -79.8634,40.42861"
saturday,kept,80.0,"-79.86357,40.4295 -79.86372,40.43021"
saturday,kept,40.0,"-79.86384,40.43074 -79.86397,40.43109"
saturday,kept,20.0,"-79.86413,40.43143 -79.86423,40.43159"
saturday,kept,119.9,"-79.86445,40.43191 -79.86532,40.43275"
saturday,kept,100.0,"-79.86567,40.43299 -79.86666,40.43348"
saturday,kept,60.0,"-79.86706,40.43367 -79.86766,40.43395"
saturday,kept,100.0,"-79.86847,40.43433 -79.86948,40.43479"
saturday,kept,20.0,"-79.86988,40.43498 -79.87008,40.43507"
saturday,kept,40.0,"-79.87089,40.43545 -79.87129,40.43564"
saturday,kept,4271.2,"-79.89532,40.4472 -79.90808,40.45145 -79.90836,40.45125 -79.91141,40.447 -79.91409,40.44637 -79.91552,40.44495 -79.91608,40.44464 -79.92045,40.44387 -79.92776,40.4441 -79.93121,40.44563 -79.93589,40.44521 -79.93874,40.44394"
saturday,kept,19.6,"-79.99443,40.43588 -79.9946,40.43601"
saturday,kept,19.7,"-79.99263,40.44143 -79.99273,40.44159"
saturday,kept,199.5,"-79.99515,40.44222 -79.99727,40.443"
saturday,kept,55.7,"-79.91222,40.44676 -79.91158,40.44676"
saturday,kept,3529.8,"-79.922,40.47959 -79.92222,40.47964 -79.92236,40.47951 -79.92373,40.47723 -79.91845,40.47522 -79.91842,40.4751 -79.91947,40.4731 -79.92482,40.4614 -79.92506,40.45979 -79.92535,40.45423 -79.92397,40.45195"
saturday,kept,369.1,"-79.9224,40.47943 -79.92028,40.47877 -79.92018,40.47893 -79.92031,40.47902 -79.92182,40.47952"
saturday,kept,3151.6,"-79.88423,40.44458 -79.88335,40.44624 -79.88474,40.4517 -79.90906,40.45728 -79.91031,40.45597"
saturday,kept,680.0,"-79.91264,40.45399 -79.92053,40.45291"
saturday,kept,200.0,"-79.96315,40.43716 -79.96153,40.43585"
saturday,kept,518.5,"-79.95643,40.4351 -79.95672,40.43462 -79.95838,40.43334 -79.95869,40.43175 -79.95923,40.43117"
saturday,kept,300.3,"-79.97624,40.42852 -79.97605,40.43031 -79.97723,40.43038"
saturday,kept,180.0,"-79.97744,40.43039 -79.9776,40.42877"
saturday,kept,40.0,"-79.95637,40.43527 -79.95625,40.43562"
saturday,added,98.3,"-79.95619,40.43579 -79.95615,40.43595 -79.95709,40.43594"
saturday,kept,59.7,"-79.95733,40.43594 -79.95803,40.43591"
saturday,kept,16.1,"-79.90915,40.45717 -79.909,40.45726"
saturday,kept,1234.8,"-79.91686,40.42601 -79.91922,40.42667 -79.91776,40.43027 -79.91903,40.43557"
saturday,added,200.0,"-79.91905,40.43575 -79.91929,40.43754"
saturday,kept,40.0,"-79.91931,40.43772 -79.91935,40.43807"
saturday,kept,439.8,"-79.91236,40.45399 -79.90972,40.4522 -79.90832,40.45154"
saturday,kept,5128.3,"-79.90125,40.44929 -79.89728,40.455 -79.89462,40.4617 -79.89405,40.46197 -79.89382,40.46193 -79.89246,40.46161 -79.89187,40.46133 -79.8885,40.46059 -79.88849,40.46131 -79.89073,40.46187 -79.89088,40.46252 -79.8917,40.46278 -79.8918,40.46346 -79.89468,40.46421 -79.89506,40.4644 -79.89511,40.46458 -79.89489,40.46487 -79.8935,40.4649 -79.89282,40.46506 -79.89102,40.46468 -79.89008,40.46465 -79.89011,40.46714 -79.89388,40.46693 -79.89434,40.467 -79.89492,40.46729 -79.89598,40.46868 -79.89596,40.46882 -79.89434,40.46987 -79.89247,40.47063 -79.89081,40.47238 -79.88983,40.47287 -79.88819,40.47303 -79.88796,40.47326 -79.88823,40.4732"
saturday,kept,19.9,"-79.88822,40.4732 -79.88834,40.47305"
saturday,kept,19.7,"-79.89271,40.46508 -79.89293,40.46503"
saturday,kept,220.0,"-79.91613,40.42791 -79.91686,40.42601"
saturday,kept,1176.6,"-79.94733,40.44719 -79.94763,40.44803 -79.94492,40.45051 -79.94104,40.45129 -79.93693,40.45266"
saturday,kept,1279.0,"-79.91736,40.45752 -79.91673,40.45806 -79.9156,40.46022 -79.91593,40.46163 -79.91629,40.4623 -79.91677,40.46291 -79.91854,40.46459 -79.92084,40.4655 -79.92262,40.46598"
saturday,kept,3598.3,"-79.92119,40.46974 -79.92697,40.47179 -79.93073,40.47327 -79.92717,40.48426 -79.92592,40.48533 -79.92588,40.48545 -79.92649,40.48595 -79.92487,40.48749 -79.92451,40.48809 -79.92066,40.48722 -79.92026,40.48737 -79.92001,40.48784 -79.91616,40.48697 -79.91508,40.48629"
saturday,kept,19.7,"-79.91371,40.48605 -79.9135,40.48611"
saturday,kept,2498.4,"-79.88288,40.48762 -79.88312,40.48867 -79.88303,40.48921 -79.8814,40.49219 -79.88128,40.49289 -79.88225,40.49604 -79.8836,40.4991 -79.88369,40.4992 -79.88528,40.49886 -79.88598,40.49894 -79.88757,40.49862 -79.88905,40.49807 -79.89101,40.49708 -79.89065,40.4967 -79.88969,40.49618 -79.88941,40.49591 -79.88927,40.49538 -79.8897,40.49456 -79.88927,40.49449 -79.88878,40.49506"
saturday,kept,18.7,"-79.8888,40.49523 -79.88899,40.49531"
saturday,kept,20.0,"-79.88928,40.4959 -79.8894,40.49606"
saturday,kept,20.0,"-79.88313,40.4886 -79.88316,40.48842"
saturday,kept,19.7,"-79.88302,40.48771 -79.88294,40.48754"
saturday,kept,39.3,"-79.91335,40.48652 -79.91378,40.48647"
saturday,kept,119.9,"-79.91444,40.48665 -79.9158,40.48694"
saturday,kept,1518.9,"-79.92657,40.48589 -79.92801,40.4847 -79.92807,40.48453 -79.93148,40.47407 -79.93133,40.47355 -79.93074,40.47326"
saturday,kept,20.0,"-79.92192,40.4657 -79.9217,40.46562"
saturday,kept,80.0,"-79.92127,40.46547 -79.92041,40.46518"
saturday,kept,40.0,"-79.9184,40.46427 -79.9181,40.46399"
saturday,kept,40.0,"-79.91724,40.46313 -79.91697,40.46284"
saturday,kept,20.0,"-79.91671,40.46254 -79.91659,40.46238"
saturday,kept,20.0,"-79.91639,40.46206 -79.9163,40.46189"
saturday,kept,40.0,"-79.91613,40.46156 -79.916,40.46121"
saturday,kept,40.0,"-79.91583,40.46051 -79.91575,40.46015"
saturday,kept,60.0,"-79.8781,40.44069 -79.87782,40.44118"
saturday,kept,1236.2,"-79.87725,40.44217 -79.87583,40.44463 -79.87444,40.44472 -79.8739,40.44528 -79.87127,40.44609 -79.86749,40.44904 -79.86705,40.44911"
saturday,added,2578.6,"-79.86681,40.44911 -79.86377,40.44925 -79.86272,40.45023 -79.86104,40.45218 -79.85905,40.45345 -79.85725,40.45715 -79.85678,40.45754 -79.85563,40.45817 -79.85401,40.45837 -79.84988,40.45763 -79.8487,40.45762 -79.84759,40.45789 -79.84368,40.45957"
saturday,kept,177.7,"-79.84349,40.45968 -79.84265,40.46028 -79.84249,40.46098"
saturday,added,9180.0,"-79.84246,40.46116 -79.84256,40.46222 -79.8432,40.46297 -79.84378,40.46328 -79.84596,40.46397 -79.8467,40.46465 -79.84685,40.46518 -79.84699,40.46841 -79.84797,40.47247 -79.84859,40.47439 -79.84852,40.47546 -79.8479,40.47598 -79.84617,40.4779 -79.84548,40.47795 -79.84368,40.47754 -79.84275,40.47763 -79.84019,40.47921 -79.8388,40.48043 -79.83752,40.48294 -79.83735,40.48652 -79.83697,40.4883 -79.83613,40.49016 -79.83643,40.49357 -79.83691,40.49768 -79.83744,40.49887 -79.83767,40.50155 -79.83794,40.50242 -79.83823,40.5027 -79.84021,40.50367 -79.84185,40.50378 -79.8432,40.50403 -79.84269,40.50868 -79.84342,40.51131 -79.8432,40.514 -79.84357,40.51408 -79.84262,40.52196 -79.84216,40.52335 -79.84101,40.52551 -79.84107,40.52563 -79.84376,40.52628 -79.84979,40.52875"
saturday,added,19.4,"-79.83151,40.54109 -79.83129,40.54106"
saturday,kept,340.0,"-79.83083,40.53857 -79.83473,40.53784"
saturday,kept,5468.4,"-79.86742,40.4492 -79.86812,40.45053 -79.86823,40.45106 -79.86788,40.4519 -79.86663,40.45267 -79.86686,40.45317 -79.86679,40.45368 -79.86704,40.45398 -79.86792,40.45422 -79.86933,40.45419 -79.87108,40.45507 -79.87246,40.45445 -79.87296,40.45407 -79.87338,40.45343 -79.87363,40.45255 -79.8738,40.45254 -79.87414,40.45278 -79.87433,40.4531 -79.87406,40.45414 -79.87441,40.45517 -79.87409,40.45564 -79.87327,40.45628 -79.87148,40.45668 -79.8709,40.45601 -79.87088,40.45565 -79.8711,40.45514 -79.87099,40.45502 -79.86944,40.45421 -79.8678,40.45421 -79.86714,40.45404 -79.86682,40.45377 -79.86685,40.45308 -79.86654,40.45268 -79.86474,40.45354 -79.86409,40.45405 -79.86376,40.4549 -79.86394,40.45669 -79.86418,40.45719 -79.86603,40.45949 -79.86635,40.46035 -79.86634,40.46107 -79.86574,40.46299 -79.86541,40.46567 -79.8655,40.46578 -79.86826,40.46625 -79.86988,40.46722 -79.87315,40.46683 -79.87364,40.46835 -79.87421,40.4689 -79.87452,40.46977 -79.87472,40.46985"
saturday,added,698.8,"-79.87495,40.46988 -79.87928,40.46905 -79.87983,40.46847 -79.88087,40.46805 -79.88252,40.46807"
saturday,kept,898.8,"-79.88275,40.46808 -79.8844,40.46816 -79.88662,40.46874 -79.88763,40.47055 -79.88915,40.47135 -79.88917,40.47188 -79.88882,40.47292"
saturday,kept,2170.4,"-79.89615,40.4689 -79.89719,40.47005 -79.89944,40.46952 -79.90347,40.46802 -79.90575,40.46924 -79.90719,40.46785 -79.91006,40.46702 -79.91447,40.46531 -79.91737,40.46347"
saturday,kept,259.9,"-79.92292,40.46073 -79.92569,40.46173"
saturday,kept,218.8,"-79.92621,40.46097 -79.92654,40.46051 -79.92831,40.46"
saturday,added,353.5,"-79.92853,40.45993 -79.9294,40.45967 -79.92942,40.45985 -79.92819,40.46193"
saturday,kept,213.8,"-79.92798,40.46225 -79.92773,40.46246 -79.92581,40.46177"
saturday,added,437.0,"-79.92198,40.46162 -79.9209,40.46125 -79.92072,40.4613 -79.91784,40.46317"
saturday,kept,20.0,"-79.91767,40.46329 -79.91748,40.4634"
saturday,kept,187.4,"-79.86606,40.46186 -79.86528,40.46179 -79.86516,40.46232 -79.86581,40.46245"
saturday,kept,99.7,"-79.8664,40.46098 -79.8664,40.46009"
saturday,kept,40.0,"-79.86552,40.45864 -79.86527,40.45834"
saturday,kept,40.0,"-79.86418,40.45695 -79.86402,40.45661"
saturday,kept,20.0,"-79.86823,40.45057 -79.86815,40.4504"
saturday,kept,3469.6,"-80.03053,40.51768 -80.02961,40.51779 -80.02542,40.51897 -80.02451,40.51794 -80.02389,40.51769 -80.02274,40.51757 -80.02227,40.51718 -80.02219,40.51683 -80.02244,40.51597 -80.02301,40.51519 -80.02598,40.51314 -80.02704,40.51218 -80.02756,40.51138 -80.02859,40.50918 -80.02925,40.50907 -80.02935,40.50896 -80.02975,40.50756 -80.02976,40.50702 -80.02953,40.50633 -80.02891,40.50557 -80.02637,40.50428 -80.0245,40.50291 -80.02309,40.50105 -80.02111,40.49952 -80.02034,40.49841"
saturday,kept,3491.7,"-80.0183,40.48937 -80.01627,40.48788 -80.01625,40.48681 -80.01543,40.48476 -80.01487,40.48443 -80.01372,40.48426 -80.01291,40.48362 -80.01293,40.48327 -80.0138,40.48201 -80.01311,40.48049 -80.0118,40.47977 -80.01237,40.47657 -80.01231,40.47604 -80.01202,40.47555 -80.01041,40.47426 -80.01033,40.47228 -80.0102,40.47195 -80.00878,40.47135 -80.00841,40.4705 -80.00838,40.46961 -80.00875,40.46916 -80.0097,40.46863 -80.01003,40.46705 -80.01157,40.46624 -80.01173,40.46554 -80.01128,40.46415 -80.01153,40.46387 -80.01221,40.46372"
saturday,kept,20.0,"-80.02885,40.50551 -80.02901,40.50565"
saturday,kept,19.3,"-80.02887,40.50907 -80.02866,40.50913"
saturday,kept,20.0,"-80.02218,40.51638 -80.0221,40.51655"
saturday,kept,79.7,"-80.02209,40.51725 -80.02236,40.51754 -80.02276,40.51772"
saturday,kept,19.8,"-80.02513,40.51881 -80.02531,40.51892"
saturday,kept,19.9,"-79.92105,40.46001 -79.92122,40.46013"
saturday,kept,1944.2,"-79.92783,40.4625 -79.93059,40.46349 -79.93412,40.45786 -79.93416,40.45723 -79.94422,40.45422"
saturday,kept,179.9,"-79.98517,40.43726 -79.98503,40.43888"
saturday,added,199.8,"-79.98502,40.43905 -79.98499,40.43959 -79.98576,40.4407"
saturday,kept,3275.1,"-79.98587,40.44086 -79.98598,40.44101 -79.98583,40.44111 -79.98088,40.44321 -79.98005,40.44384 -79.97655,40.44531 -79.97615,40.44519 -79.97564,40.44441 -79.97667,40.44398 -79.97621,40.44321 -79.97862,40.44212 -79.97898,40.44166 -79.979,40.4413 -79.97867,40.44084 -79.97727,40.44019 -79.97563,40.44017 -79.97355,40.441 -79.97313,40.44085 -79.97228,40.44023 -79.97159,40.43954 -79.97067,40.43967 -79.96977,40.44018 -79.97002,40.44068 -79.97,40.44158 -79.96963,40.44168 -79.96816,40.44284 -79.96614,40.44334 -79.96567,40.44289 -79.96516,40.44324 -79.96496,40.44313"
saturday,added,160.0,"-79.96477,40.44303 -79.96324,40.44219"
saturday,kept,399.2,"-79.96305,40.44208 -79.96035,40.44063 -79.95948,40.4398"
saturday,kept,1858.0,"-79.95201,40.4519 -79.95568,40.45793 -79.95598,40.4582 -79.95683,40.45851 -79.95711,40.45878 -79.95699,40.45912 -79.95279,40.46368 -79.95294,40.464 -79.95514,40.46563"
saturday,kept,2209.2,"-79.96218,40.46881 -79.96087,40.46984 -79.95786,40.47412 -79.95771,40.47445 -79.95756,40.47624 -79.9557,40.47831 -79.95377,40.48139 -79.95,40.48354 -79.94884,40.48279 -79.9484,40.48274 -79.94803,40.48293"
saturday,kept,337.8,"-79.94789,40.48306 -79.94744,40.48368 -79.94808,40.4844 -79.94971,40.48368"
saturday,kept,60.0,"-79.95487,40.46543 -79.95437,40.46506"
saturday,kept,19.9,"-79.95287,40.46392 -79.95291,40.46374"
saturday,kept,20.0,"-79.95434,40.4621 -79.95448,40.46195"
saturday,kept,40.0,"-79.95583,40.46048 -79.9561,40.46018"
saturday,kept,19.5,"-79.9573,40.45886 -79.95735,40.45869"
saturday,kept,20.0,"-79.98645,40.43851 -79.98647,40.43834"
saturday,added,243.4,"-79.98649,40.43816 -79.9866,40.43692 -79.98536,40.43685"
saturday,kept,2037.6,"-79.89636,40.46857 -79.89741,40.46718 -79.89802,40.46563 -79.89905,40.46466 -79.90418,40.46333 -79.90691,40.46192 -79.91043,40.46088 -79.91344,40.46041 -79.91518,40.46091 -79.91588,40.46081"
saturday,added,40.0,"-79.92936,40.45962 -79.92918,40.45928"
saturday,kept,478.8,"-79.9291,40.45912 -79.92895,40.45879 -79.93378,40.45734"
saturday,kept,2337.2,"-79.95202,40.45189 -79.95465,40.4511 -79.9583,40.44855 -79.95871,40.44837 -79.95941,40.44834 -79.96239,40.44887 -79.96475,40.44887 -79.96517,40.44872 -79.96902,40.44607 -79.97072,40.44544 -79.97252,40.44578 -79.97398,40.44518 -79.9761,40.44528"
saturday,kept,673.3,"-79.98605,40.44101 -79.98688,40.44068 -79.98757,40.44056 -79.99158,40.44053 -79.99099,40.43887"
saturday,kept,759.0,"-79.99251,40.43887 -79.99514,40.43809 -79.9956,40.43807 -80.00064,40.44003"
saturday,kept,945.3,"-79.99377,40.44162 -79.99317,40.44136 -79.99205,40.44162 -79.99088,40.44274 -79.99002,40.44154 -79.98733,40.44266 -79.98716,40.44264 -79.98602,40.44107"
saturday,kept,955.7,"-79.96287,40.44192 -79.96434,40.44052 -79.96805,40.44002 -79.96861,40.44033 -79.96869,40.44047 -79.96857,40.44062 -79.96578,40.44281"
saturday,kept,983.7,"-79.9651,40.44331 -79.96341,40.44456 -79.96252,40.44538 -79.96186,40.44555 -79.96093,40.44546 -79.96049,40.44559 -79.96021,40.44607 -79.95999,40.44713 -79.96016,40.4471 -79.96032,40.44677 -79.96025,40.44661 -79.9601,40.44666 -79.95985,40.44734 -79.95914,40.44778 -79.9588,40.44825"
saturday,kept,497.2,"-79.95775,40.44894 -79.95704,40.45027 -79.95679,40.45115 -79.95729,40.45149 -79.95923,40.45214"
saturday,added,260.0,"-79.95945,40.45222 -79.96225,40.45316"
saturday,kept,2011.9,"-79.96248,40.4532 -79.96292,40.45325 -79.96434,40.45229 -79.96489,40.45285 -79.96666,40.45319 -79.98295,40.44628"
saturday,added,180.0,"-79.98315,40.44619 -79.98501,40.44541"
saturday,kept,434.8,"-79.98522,40.44532 -79.9881,40.44409 -79.98732,40.44285"
saturday,kept,99.9,"-79.98998,40.44147 -79.98975,40.44115 -79.98966,40.44062"
saturday,kept,20.0,"-79.99101,40.43916 -79.99101,40.43898"
saturday,kept,810.9,"-79.96492,40.45288 -79.96193,40.45492 -79.96142,40.45433 -79.96151,40.4542 -79.96055,40.45341 -79.95847,40.45265 -79.95873,40.45215"
saturday,kept,39.9,"-79.96045,40.44564 -79.96087,40.44549"
saturday,kept,40.0,"-79.96388,40.44421 -79.96421,40.44396"
saturday,kept,20.0,"-79.96625,40.44246 -79.96641,40.44233"
saturday,kept,53.3,"-79.96858,40.44068 -79.96884,40.44049 -79.96867,40.44038"
saturday,kept,60.0,"-79.97619,40.44524 -79.97653,40.44571"
saturday,added,1273.0,"-79.97665,40.44587 -79.97665,40.446 -79.96512,40.45089 -79.96493,40.45099 -79.96435,40.45197"
saturday,kept,40.0,"-79.96508,40.45305 -79.96536,40.45334"
saturday,added,219.8,"-79.9655,40.45349 -79.96582,40.45396 -79.96605,40.45539"
saturday,kept,159.8,"-79.96605,40.45557 -79.96504,40.45677"
saturday,kept,1427.0,"-79.96748,40.46141 -79.96926,40.46023 -79.96989,40.46072 -79.97006,40.46069 -79.97829,40.45503 -79.97842,40.45491 -79.97747,40.45412 -79.97742,40.45395 -79.97775,40.4537"
saturday,added,120.0,"-79.97793,40.45358 -79.979,40.45287"
saturday,added,119.4,"-79.97935,40.45263 -79.97975,40.45222 -79.97948,40.45173"
saturday,kept,31.3,"-79.9933,40.44346 -79.9932,40.44332 -79.99304,40.44334"
saturday,kept,619.9,"-79.97494,40.45631 -79.96952,40.46005"
saturday,kept,1619.8,"-79.93071,40.46346 -79.92746,40.46885 -79.92385,40.47702"
saturday,added,275.2,"-79.82657,40.46487 -79.82775,40.46428 -79.82836,40.46378 -79.82853,40.46445"
saturday,kept,1774.5,"-79.82857,40.46463 -79.8286,40.4648 -79.8302,40.46472 -79.83108,40.46496 -79.83215,40.46566 -79.83305,40.46691 -79.83361,40.46724 -79.83475,40.46744 -79.83591,40.46732 -79.83758,40.46665 -79.83876,40.46577 -79.83959,40.46448 -79.83991,40.46344 -79.84091,40.46222 -79.84114,40.46135 -79.84248,40.46035"
saturday,kept,6674.6,"-79.84333,40.46007 -79.844,40.46021 -79.84514,40.46111 -79.84555,40.46128 -79.84743,40.46126 -79.8481,40.46141 -79.85258,40.4646 -79.85296,40.46481 -79.85365,40.4649 -79.85429,40.4647 -79.85642,40.46302 -79.85716,40.46258 -79.85965,40.46205 -79.86165,40.4615 -79.86234,40.46141 -79.8647,40.46143 -79.86789,40.46079 -79.87067,40.46119 -79.87137,40.46112 -79.87248,40.46082 -79.87322,40.46039 -79.87573,40.45824 -79.87779,40.45703 -79.87979,40.45526 -79.88091,40.45504 -79.88392,40.45549 -79.88596,40.45507 -79.88619,40.4551 -79.90179,40.45864 -79.90328,40.45815 -79.90469,40.45811 -79.90631,40.45835 -79.90928,40.45895 -79.9134,40.4603"
saturday,kept,20.0,"-79.97047,40.45939 -79.97065,40.45927"
saturday,kept,739.9,"-79.98702,40.44815 -79.9938,40.44396"
saturday,kept,79.8,"-79.9938,40.44379 -79.99315,40.44431"
saturday,kept,117.4,"-79.8809,40.45503 -79.88072,40.45472 -79.87997,40.4551"
saturday,kept,299.3,"-79.8286,40.46484 -79.8272,40.4655 -79.82614,40.46622 -79.82579,40.46599"
saturday,added,171.3,"-79.82561,40.46587 -79.82521,40.46553 -79.82567,40.46544 -79.82639,40.46498"
saturday,kept,480.0,"-79.92277,40.46601 -79.92368,40.4662 -79.92796,40.46771"
saturday,kept,2909.9,"-79.92755,40.46877 -79.9329,40.47067 -79.93455,40.47219 -79.9358,40.47269 -79.9401,40.4717 -79.94005,40.47105 -79.94034,40.4702 -79.94019,40.46986 -79.93963,40.46928 -79.93805,40.46897 -79.93806,40.46818 -79.93461,40.4677 -79.93639,40.46476 -79.93443,40.46476 -79.93076,40.46352"
saturday,kept,1039.2,"-79.93248,40.46071 -79.93505,40.46162 -79.94442,40.46244"
saturday,kept,218.5,"-79.95042,40.46461 -79.95182,40.46316 -79.95201,40.46324"
saturday,kept,179.9,"-79.95285,40.46399 -79.95134,40.46513"
saturday,kept,79.5,"-79.94554,40.46235 -79.9446,40.46231"
saturday,kept,576.6,"-79.9365,40.46469 -79.93859,40.4646 -79.93764,40.46811"
saturday,kept,19.4,"-79.936,40.47265 -79.93577,40.47268"
saturday,kept,20.0,"-79.92776,40.46748 -79.92755,40.46741"
saturday,kept,20.0,"-79.92712,40.46726 -79.92691,40.46718"
saturday,kept,20.0,"-79.92583,40.4668 -79.92562,40.46673"
saturday,kept,20.0,"-79.92519,40.46658 -79.92498,40.4665"
saturday,kept,20.0,"-79.92455,40.46635 -79.92434,40.46627"
saturday,kept,20.0,"-79.9239,40.46612 -79.92369,40.46605"
saturday,kept,1179.7,"-79.93841,40.46458 -79.93958,40.46457 -79.95144,40.46616 -79.95215,40.46617"
saturday,kept,1119.5,"-79.95836,40.46511 -79.96527,40.46395 -79.96984,40.46083"
saturday,added,2099.0,"-79.78588,40.47744 -79.78567,40.47736 -79.78553,40.47746 -79.78586,40.47762 -79.78629,40.47758 -79.78703,40.47713 -79.78734,40.47673 -79.78773,40.47693 -79.78791,40.47687 -79.79106,40.47499 -79.79174,40.47493 -79.79351,40.47541 -79.79952,40.47751 -79.79977,40.4778 -79.80052,40.48043 -79.80079,40.48073 -79.80142,40.48095 -79.8042,40.48133"
saturday,kept,5274.3,"-79.80443,40.48136 -79.80466,40.48139 -79.80453,40.48192 -79.80459,40.48245 -79.80428,40.48332 -79.80401,40.48361 -79.80361,40.48379 -79.80219,40.48385 -79.80175,40.48396 -79.80059,40.48483 -79.80015,40.48495 -79.79976,40.48481 -79.79955,40.48488 -79.79944,40.48503 -79.79966,40.48532 -79.80007,40.48521 -79.80022,40.48493 -79.80085,40.4847 -79.80143,40.48413 -79.80182,40.48394 -79.80345,40.48381 -79.80406,40.48357 -79.80455,40.48257 -79.80453,40.48186 -79.80473,40.48138 -79.80777,40.48161 -79.8091,40.48236 -79.81032,40.48344 -79.81156,40.48395 -79.81273,40.48404 -79.81388,40.48385 -79.81458,40.48387 -79.81754,40.48495 -79.81822,40.48485 -79.81914,40.48429 -79.81959,40.48332 -79.82072,40.48216 -79.82222,40.48102 -79.82253,40.48036 -79.82245,40.47838 -79.82163,40.47633 -79.8221,40.47514 -79.82198,40.47443 -79.8216,40.47398 -79.81976,40.47259 -79.81955,40.47227 -79.81959,40.47174 -79.8202,40.47121 -79.82215,40.47056 -79.8229,40.47013 -79.8255,40.46757 -79.82595,40.46656"
saturday,added,3199.0,"-79.82496,40.46536 -79.82445,40.46476 -79.82415,40.46389 -79.82404,40.46138 -79.8233,40.45931 -79.82328,40.45751 -79.82295,40.4561 -79.82296,40.45556 -79.82339,40.45454 -79.82572,40.45303 -79.82635,40.45229 -79.82837,40.44436 -79.82863,40.44077 -79.82922,40.4398 -79.83034,40.43842"
saturday,kept,199.9,"-79.82178,40.43408 -79.81978,40.43313"
saturday,added,659.3,"-79.81958,40.43303 -79.81538,40.43104 -79.81394,40.43045 -79.81283,40.43014"
saturday,kept,40.0,"-79.8126,40.4301 -79.81214,40.43001"
saturday,added,20.0,"-79.8129,40.43026 -79.81313,40.43031"
saturday,added,20.0,"-79.81379,40.4305 -79.81401,40.43057"
saturday,added,40.0,"-79.81683,40.43184 -79.81723,40.43203"
saturday,added,20.0,"-79.81823,40.43251 -79.81843,40.4326"
saturday,kept,40.0,"-79.82064,40.43365 -79.82104,40.43383"
saturday,kept,19.7,"-79.83022,40.43823 -79.83029,40.4384"
saturday,added,20.0,"-79.82855,40.44051 -79.82843,40.44067"
saturday,added,219.9,"-79.82825,40.441 -79.82817,40.44153 -79.82837,40.44296"
saturday,added,59.8,"-79.8283,40.44422 -79.82824,40.44475"
saturday,added,959.8,"-79.95934,40.44357 -79.95113,40.44951"
saturday,kept,20.0,"-79.95097,40.44964 -79.9508,40.44976"
saturday,added,3509.1,"-79.97612,40.49523 -79.98036,40.49997 -79.98115,40.50127 -79.98194,40.50164 -79.98429,40.50176 -79.98495,40.50196 -79.99022,40.50555 -79.99041,40.50586 -79.99033,40.50603 -79.98945,40.50661 -79.98925,40.50729 -79.98945,40.50762 -79.99032,40.50821 -79.99095,40.50918 -79.99156,40.50972 -79.99364,40.51079 -79.99624,40.51164 -79.99867,40.51305 -79.99955,40.51331 -80.00324,40.5139 -80.00357,40.51414 -80.00361,40.5145"
saturday,kept,79.7,"-80.00364,40.51468 -80.0041,40.51529"
saturday,kept,19.0,"-80.0203,40.54697 -80.02017,40.54711"
saturday,kept,119.9,"-80.02236,40.55601 -80.02223,40.55494"
saturday,kept,20.0,"-80.02192,40.55408 -80.02192,40.5539"
saturday,kept,20.0,"-80.00718,40.52828 -80.00702,40.52815"
saturday,kept,40.0,"-80.00549,40.52358 -80.00549,40.52322"
saturday,kept,80.0,"-80.00462,40.51571 -80.00478,40.515"
saturday,added,79.8,"-80.00483,40.51483 -80.00498,40.51412"
saturday,kept,100.0,"-80.00479,40.51405 -80.00363,40.51388"
saturday,added,20.0,"-80.0027,40.51374 -80.00247,40.51371"
saturday,added,20.0,"-80.00131,40.51355 -80.00107,40.51353"
saturday,added,75.4,"-79.99015,40.50623 -79.9905,40.50607 -79.99039,40.50572"
saturday,added,120.0,"-79.973,40.49192 -79.972,40.49116"
saturday,kept,184.6,"-79.95791,40.44225 -79.95876,40.44255 -79.95976,40.44311"
saturday,kept,779.5,"-79.96717,40.46274 -79.96382,40.46748 -79.96238,40.46867"
saturday,kept,1794.8,"-79.94779,40.48451 -79.94614,40.48522 -79.93716,40.48842 -79.93835,40.49226 -79.93953,40.49531"
saturday,kept,1943.7,"-79.86596,40.49157 -79.8662,40.49187 -79.86662,40.49203 -79.86845,40.49169 -79.87104,40.49168 -79.87157,40.49199 -79.87153,40.49252 -79.87064,40.49334 -79.86878,40.49352 -79.86816,40.49376 -79.8677,40.49437 -79.86769,40.49509 -79.86787,40.49558 -79.866,40.49695 -79.86278,40.49981 -79.86099,40.50045"
saturday,kept,1253.8,"-79.8608,40.50056 -79.86072,40.50072 -79.86103,40.50096 -79.86241,40.50118 -79.86311,40.5011 -79.86506,40.50046 -79.86648,40.49984 -79.86997,40.49742 -79.86777,40.49537"
saturday,kept,40.0,"-79.93821,40.49153 -79.9381,40.49118"
saturday,kept,20.0,"-79.93787,40.49048 -79.93782,40.49031"
saturday,kept,20.0,"-79.93759,40.48961 -79.93753,40.48944"
saturday,kept,19.8,"-79.93729,40.48856 -79.93738,40.4884"
saturday,kept,2876.5,"-79.93154,40.47415 -79.93247,40.47675 -79.93299,40.47941 -79.93327,40.47989 -79.93466,40.48056 -79.94049,40.48202 -79.94309,40.47995 -79.94437,40.47866 -79.94656,40.47762 -79.94725,40.47768 -79.949,40.4782 -79.95087,40.47745 -79.95224,40.47764 -79.95382,40.47729 -79.95426,40.4774 -79.95549,40.47824"
saturday,kept,460.0,"-79.96197,40.43904 -79.95826,40.43603"
saturday,kept,1577.8,"-79.93656,40.43284 -79.93584,40.43238 -79.93498,40.43212 -79.93435,40.43235 -79.93369,40.43309 -79.93313,40.4334 -79.91918,40.43528"
saturday,kept,20.0,"-79.93375,40.41964 -79.93396,40.41955"
saturday,kept,1337.7,"-79.93438,40.41938 -79.93582,40.41878 -79.93698,40.41788 -79.93863,40.41592 -79.93914,40.41555 -79.93948,40.41342 -79.93998,40.41262 -79.94207,40.41179 -79.94437,40.41138"
saturday,kept,3.6,"-79.92983,40.4076 -79.92985,40.40757"
saturday,kept,1255.7,"-79.87936,40.4151 -79.87946,40.41499 -79.88073,40.41547 -79.88537,40.41824 -79.88597,40.41879 -79.88676,40.4199 -79.88704,40.42095 -79.88697,40.42184 -79.88649,40.42342"
saturday,kept,40.0,"-79.88568,40.42586 -79.88557,40.42621"
saturday,kept,20.0,"-79.88534,40.4269 -79.88528,40.42708"
saturday,kept,20.0,"-79.88505,40.42777 -79.885,40.42795"
saturday,kept,60.0,"-79.88483,40.42847 -79.88468,40.429"
saturday,kept,60.0,"-79.88453,40.43025 -79.88453,40.43079"
saturday,kept,40.0,"-79.88471,40.43204 -79.88479,40.43239"
saturday,kept,1060.0,"-79.88497,40.43328 -79.88688,40.44269"
saturday,kept,200.0,"-79.99396,40.44376 -79.99502,40.44215"
saturday,kept,20.0,"-79.99416,40.44327 -79.99406,40.44343"
saturday,added,439.8,"-79.94952,40.45218 -79.94788,40.44844"
saturday,kept,20.0,"-79.9478,40.44827 -79.94772,40.4481"
saturday,lost,120.0,"-80.00352,40.45297 -80.00214,40.45323"
saturday,lost,2337.3,"-79.96756,40.47819 -79.96273,40.4826 -79.96003,40.48531 -79.95773,40.48686 -79.95467,40.48854 -79.9521,40.49012 -79.94941,40.49261 -79.94857,40.49323"
saturday,lost,576.6,"-79.76585,40.56336 -79.76561,40.56244 -79.7675,40.56214 -79.76765,40.5622 -79.76836,40.56478"
saturday,lost,190.3,"-79.75364,40.60175 -79.75203,40.60232 -79.75228,40.60261"
saturday,lost,140.0,"-79.75481,40.60186 -79.75625,40.60124"
saturday,lost,11.6,"-79.7521,40.60229 -79.75214,40.60239"
saturday,lost,546.8,"-79.75478,40.6028 -79.75493,40.60287 -79.75689,40.602 -79.75821,40.60165 -79.76034,40.60051"
saturday,lost,79.9,"-79.95024,40.49195 -79.9509,40.49144"
saturday,lost,99.2,"-79.95122,40.49118 -79.95197,40.4905"
saturday,lost,39.9,"-79.95228,40.49023 -79.9526,40.48997"
saturday,lost,40.0,"-79.95593,40.48796 -79.95631,40.48775"
saturday,lost,60.0,"-79.95909,40.48609 -79.95963,40.48574"
saturday,lost,40.0,"-79.96059,40.48495 -79.96089,40.48467"
saturday,lost,40.0,"-79.96144,40.48409 -79.96171,40.48379"
saturday,lost,179.7,"-79.9662,40.47964 -79.96699,40.47898 -79.96783,40.47868"
saturday,lost,1060.3,"-80.03641,40.58571 -80.04162,40.58687 -80.04212,40.58649 -80.04161,40.58618 -80.04114,40.58621 -80.03656,40.58518 -80.03613,40.58523"
saturday,lost,1113.1,"-80.01646,40.5667 -80.01653,40.56587 -80.0169,40.56542 -80.02021,40.56354 -80.02314,40.56357 -80.02377,40.56335 -80.02411,40.56288 -80.02425,40.56073"
saturday,lost,952.4,"-80.01676,40.55064 -80.01548,40.55157 -80.01529,40.55125 -80.01533,40.55072 -80.01515,40.55002 -80.01582,40.54973 -80.01567,40.5492 -80.01499,40.54928 -80.01544,40.55152 -80.01558,40.55162 -80.01685,40.55055"
saturday,lost,39.5,"-80.01989,40.56367 -80.01956,40.56392"
saturday,lost,20.0,"-80.01795,40.56483 -80.01776,40.56493"
saturday,lost,6.9,"-80.0165,40.56595 -80.01648,40.56601"
saturday,lost,1021.5,"-80.0211,40.44831 -80.02119,40.44918 -80.02301,40.44947 -80.02329,40.44975 -80.02357,40.45062 -80.026,40.45025 -80.02646,40.45032 -80.02684,40.45054 -80.02745,40.45129 -80.02813,40.45332"
saturday,lost,239.9,"-80.03624,40.46938 -80.03738,40.47135"
saturday,lost,379.9,"-80.04031,40.47544 -80.04261,40.47837"
saturday,lost,240.0,"-80.04035,40.47533 -80.0389,40.47348"
saturday,lost,60.0,"-80.03791,40.47206 -80.03761,40.47157"
saturday,lost,160.0,"-80.03638,40.46943 -80.03578,40.46807"
saturday,lost,1304.9,"-80.02986,40.45593 -80.02823,40.45087 -80.02773,40.45007 -80.02703,40.44961 -80.02513,40.44893 -80.02188,40.44813 -80.02142,40.44812 -80.02114,40.44837"
saturday,lost,251.0,"-80.02109,40.44891 -80.02105,40.44908 -80.02066,40.44927 -80.01846,40.44966"
saturday,lost,495.4,"-80.005,40.48611 -80.00529,40.48626 -80.00569,40.4861 -80.00588,40.48559 -80.00565,40.48494 -80.00541,40.48446 -80.00437,40.48468 -80.00398,40.48423 -80.00383,40.48353"
saturday,lost,1340.5,"-80.01474,40.46903 -80.0159,40.4679 -80.01881,40.46694 -80.0198,40.46646 -80.02033,40.46595 -80.02055,40.46545 -80.02055,40.4643 -80.02039,40.46369 -80.0177,40.46163 -80.01718,40.46026"
saturday,lost,20.0,"-80.01821,40.46202 -80.01837,40.46215"
saturday,lost,133.4,"-80.00454,40.48497 -80.005,40.48611"
saturday,lost,4353.7,"-80.0212,40.4953 -80.02154,40.49483 -80.02192,40.49463 -80.02261,40.49461 -80.02318,40.4949 -80.02325,40.49542 -80.02275,40.49634 -80.02312,40.49677 -80.02294,40.49765 -80.02308,40.49818 -80.02377,40.49883 -80.02716,40.50091 -80.02921,40.49912 -80.03152,40.49994 -80.03423,40.50038 -80.03981,40.50097 -80.04287,40.50105 -80.04357,40.50098 -80.04551,40.49996 -80.04597,40.49956 -80.04613,40.49922 -80.04604,40.49655 -80.0451,40.49415 -80.04519,40.49327 -80.0445,40.49194 -80.04453,40.49159 -80.04489,40.49113 -80.04485,40.49043 -80.04516,40.48995 -80.04483,40.48972 -80.0446,40.4897 -80.04355,40.48984 -80.04165,40.48824"
saturday,lost,20.0,"-80.04523,40.49356 -80.04521,40.49374"
saturday,lost,13.9,"-80.02935,40.49916 -80.0292,40.49912"
saturday,lost,20.0,"-80.02312,40.49681 -80.02309,40.49663"
saturday,lost,59.9,"-80.02111,40.49545 -80.02083,40.49594"
saturday,lost,12640.5,"-80.01767,40.5573 -80.01674,40.5577 -80.01605,40.55818 -80.0123,40.56213 -80.00938,40.56436 -80.00695,40.5674 -80.00557,40.56716 -80.00084,40.56583 -79.9999,40.56579 -79.99876,40.56599 -79.99728,40.56528 -79.9966,40.56513 -79.9941,40.56516 -79.99318,40.56504 -79.98931,40.56354 -79.98835,40.56302 -79.98782,40.56243 -79.9874,40.56035 -79.98686,40.55936 -79.98569,40.55849 -79.98405,40.55794 -79.98179,40.55743 -79.97877,40.55735 -79.97719,40.55747 -79.97557,40.55792 -79.9751,40.55795 -79.97442,40.55781 -79.97387,40.55748 -79.97118,40.55498 -79.97139,40.55292 -79.97242,40.55252 -79.97262,40.55223 -79.97166,40.55179 -79.97149,40.55146 -79.97145,40.55081 -79.97159,40.5498 -79.97218,40.54834 -79.9722,40.54726 -79.97238,40.5466 -79.97216,40.53792 -79.97074,40.53591 -79.9656,40.52943 -79.96235,40.52512 -79.9618,40.5242 -79.95991,40.52245 -79.95941,40.52001 -79.95902,40.51916 -79.95895,40.51865 -79.95916,40.51443 -79.95902,40.51396 -79.95833,40.51281 -79.95616,40.50977 -79.95597,40.50967 -79.95433,40.50955 -79.95365,40.50939 -79.95285,40.50902 -79.952,40.5084 -79.94994,40.50518 -79.94923,40.50427 -79.94869,40.50381 -79.94835,40.50315 -79.94781,40.50256 -79.94695,40.50202 -79.94474,40.50162 -79.94427,40.50121 -79.94385,40.50038 -79.94396,40.49698"
saturday,lost,971.5,"-79.97201,40.4851 -79.9718,40.4844 -79.97184,40.48332 -79.97215,40.48266 -79.97285,40.48219 -79.97276,40.48167 -79.97188,40.48109 -79.97056,40.48072 -79.96738,40.47896"
saturday,lost,20.0,"-79.96971,40.48028 -79.96991,40.48038"
saturday,lost,19.8,"-79.96994,40.53493 -79.97006,40.53508"
saturday,lost,15.1,"-79.97212,40.53782 -79.97216,40.53795"
saturday,lost,20.0,"-79.97222,40.53849 -79.97223,40.53867"
saturday,lost,40.0,"-79.97232,40.54301 -79.97234,40.54337"
saturday,lost,18.5,"-79.97235,40.54651 -79.97233,40.54668"
saturday,lost,34.3,"-79.97172,40.55557 -79.97198,40.5558"
saturday,lost,20.0,"-79.97379,40.55741 -79.97395,40.55754"
saturday,lost,19.9,"-79.97564,40.55791 -79.97587,40.55786"
saturday,lost,20.0,"-79.99515,40.56513 -79.99539,40.56513"
saturday,lost,15.2,"-80.00971,40.56408 -80.00982,40.56397"
saturday,lost,13927.2,"-80.10005,40.47024 -80.10024,40.47182 -80.10013,40.47289 -80.09989,40.47377 -80.09897,40.47571 -80.10031,40.47598 -80.10137,40.47652 -80.10293,40.47797 -80.10471,40.4803 -80.10563,40.48086 -80.1073,40.48133 -80.10742,40.48148 -80.1073,40.4829 -80.10648,40.48642 -80.10653,40.48695 -80.10738,40.48854 -80.10786,40.48916 -80.10909,40.48992 -80.11078,40.4905 -80.11129,40.49087 -80.11161,40.49135 -80.11174,40.49307 -80.11076,40.49797 -80.1111,40.49901 -80.11192,40.49987 -80.11318,40.50059 -80.1162,40.50149 -80.12359,40.50242 -80.13021,40.50355 -80.13252,40.50438 -80.13346,40.50435 -80.13545,40.50381 -80.1366,40.50362 -80.14055,40.50401 -80.14033,40.50557 -80.13991,40.5062 -80.14022,40.50664 -80.1433,40.50457 -80.14331,40.50447 -80.14196,40.50416 -80.13709,40.50352 -80.13615,40.50356 -80.13346,40.50422 -80.13252,40.50427 -80.13184,40.50415 -80.13039,40.50358 -80.1236,40.50242 -80.11672,40.5016 -80.11472,40.50107 -80.11399,40.50028 -80.11414,40.49997 -80.11512,40.49951 -80.116,40.49954 -80.1166,40.49942 -80.1172,40.49889 -80.11733,40.49585 -80.11703,40.4939 -80.11844,40.49256 -80.11968,40.49029 -80.11963,40.48976 -80.11804,40.48669 -80.11745,40.48644 -80.1148,40.48701 -80.11416,40.4869 -80.11261,40.4848 -80.1118,40.48208 -80.10886,40.48175 -80.10551,40.4808 -80.10448,40.48008 -80.10292,40.47796 -80.10093,40.47618 -80.09969,40.47582 -80.09794,40.47556"
saturday,lost,1683.9,"-80.09094,40.47051 -80.08942,40.46968 -80.08877,40.46894 -80.08818,40.46797 -80.0873,40.46737 -80.08639,40.46739 -80.08523,40.46825 -80.08093,40.46676 -80.07776,40.46666 -80.07708,40.46653 -80.07603,40.46612 -80.07535,40.46601 -80.07466,40.46531"
saturday,lost,19.8,"-80.08647,40.46736 -80.0867,40.46732"
saturday,lost,19.9,"-80.08834,40.46818 -80.08842,40.46835"
saturday,lost,19.9,"-80.08984,40.46997 -80.09004,40.47006"
saturday,lost,12.6,"-80.10907,40.48989 -80.1092,40.48994"
saturday,lost,13.2,"-80.11203,40.49994 -80.11214,40.50002"
saturday,lost,35.6,"-80.11439,40.50097 -80.11478,40.50108"
saturday,lost,11.2,"-80.14016,40.5066 -80.14029,40.5066"
saturday,lost,19.1,"-80.14223,40.50529 -80.1424,40.50519"
saturday,lost,29.8,"-80.11481,40.50109 -80.11458,40.50091"
saturday,lost,18.7,"-80.11408,40.50002 -80.11425,40.4999"
saturday,lost,53.7,"-80.11636,40.49949 -80.1169,40.49926"
saturday,lost,20.0,"-80.11723,40.49808 -80.11721,40.4979"
saturday,lost,14.2,"-80.11186,40.48225 -80.11185,40.48212"
saturday,lost,9.9,"-80.10613,40.48099 -80.10601,40.48101"
saturday,lost,20.0,"-80.10018,40.47132 -80.10016,40.47114"
saturday,lost,19.9,"-80.10008,40.47051 -80.10006,40.47034"
saturday,lost,976.7,"-80.1855,40.5377 -80.18567,40.53771 -80.18601,40.53732 -80.18462,40.53665 -80.18442,40.53638 -80.18977,40.53123"
saturday,lost,469.4,"-80.18431,40.53653 -80.18426,40.53688 -80.18093,40.53979"
saturday,lost,610.3,"-80.18033,40.54034 -80.17816,40.54162 -80.17882,40.54223 -80.17976,40.54173 -80.1798,40.54161 -80.17924,40.54104 -80.18011,40.54047"
saturday,lost,131.7,"-80.1843,40.53697 -80.1855,40.5377"
saturday,lost,574.3,"-80.15835,40.45173 -80.15925,40.45195 -80.15959,40.45218 -80.16037,40.45424 -80.16023,40.45586 -80.1606,40.45597"
saturday,lost,406.1,"-80.09743,40.46914 -80.09529,40.46989 -80.09433,40.47051 -80.09321,40.47073"
saturday,lost,19.8,"-80.09334,40.47073 -80.09357,40.4707"
saturday,lost,619.7,"-80.06909,40.44701 -80.06909,40.44714 -80.06718,40.44891 -80.06952,40.45082 -80.06959,40.45133"
saturday,lost,20.0,"-80.06757,40.44923 -80.06741,40.4491"
saturday,lost,1399.3,"-80.07721,40.45899 -80.07428,40.45759 -80.073,40.45769 -80.06948,40.45848 -80.06924,40.45849 -80.06748,40.4579 -80.06668,40.45703 -80.06645,40.45562 -80.06578,40.45408 -80.0654,40.45391"
saturday,lost,20.0,"-80.06659,40.45657 -80.0666,40.45675"
saturday,lost,20.0,"-80.07719,40.45897 -80.07735,40.4591"
saturday,lost,119.9,"-80.17517,40.45193 -80.17449,40.451"
saturday,lost,669.1,"-80.16309,40.44797 -80.16766,40.44706 -80.16759,40.44679 -80.16714,40.44638 -80.16542,40.44549"
saturday,lost,238.2,"-80.16388,40.44788 -80.16453,40.44807 -80.1654,40.44865 -80.16634,40.44868"
saturday,lost,6143.9,"-80.19377,40.43661 -80.19256,40.43629 -80.19213,40.43671 -80.19209,40.43706 -80.1915,40.43716 -80.19158,40.43806 -80.19189,40.43911 -80.19313,40.44124 -80.19287,40.44171 -80.19175,40.44194 -80.19012,40.44176 -80.18919,40.44185 -80.18403,40.44361 -80.18554,40.44485 -80.18715,40.44557 -80.18761,40.44556 -80.18935,40.44504 -80.19168,40.44533 -80.19232,40.44554 -80.19358,40.44634 -80.19413,40.44692 -80.19489,40.44824 -80.19515,40.44983 -80.19534,40.45015 -80.1965,40.45105 -80.19903,40.452 -80.19795,40.45315 -80.1949,40.45481 -80.19362,40.45652 -80.19346,40.45657 -80.1927,40.45616 -80.19196,40.45525 -80.19199,40.45465 -80.19332,40.45317 -80.19352,40.45259 -80.19319,40.45193 -80.19185,40.45091 -80.19102,40.45058 -80.18998,40.45049 -80.18621,40.45116 -80.18504,40.45113 -80.18404,40.45067 -80.18157,40.44829 -80.18105,40.44799 -80.18021,40.44769 -80.17904,40.44764"
saturday,lost,16.9,"-80.1809,40.4479 -80.18104,40.44801"
saturday,lost,7.4,"-80.18446,40.45092 -80.18452,40.45097"
saturday,lost,19.9,"-80.18963,40.45051 -80.18987,40.45049"
saturday,lost,20.0,"-80.19277,40.4516 -80.19294,40.45173"
saturday,lost,20.0,"-80.1962,40.45084 -80.19603,40.45071"
saturday,lost,20.0,"-80.19514,40.44952 -80.19513,40.44934"
saturday,lost,19.8,"-80.19405,40.44681 -80.19393,40.44666"
saturday,lost,19.9,"-80.19192,40.44193 -80.19215,40.4419"
saturday,lost,55.0,"-80.19303,40.44165 -80.19324,40.44157 -80.19315,40.44127"
saturday,lost,100.0,"-80.19166,40.43808 -80.1916,40.43719"
saturday,lost,9.8,"-80.19365,40.43661 -80.19372,40.43668"
saturday,lost,235.1,"-80.11358,40.35615 -80.11243,40.35805"
saturday,lost,8.6,"-80.11332,40.35662 -80.11341,40.35658"
saturday,lost,6136.7,"-80.05479,40.33974 -80.05229,40.3406 -80.053,40.34282 -80.05292,40.34296 -80.04866,40.345 -80.04808,40.34553 -80.04817,40.34606 -80.04956,40.34768 -80.05007,40.34914 -80.0505,40.349 -80.0512,40.34837 -80.05166,40.34832 -80.05198,40.34853 -80.05036,40.35258 -80.05018,40.35365 -80.05015,40.35509 -80.05139,40.35586 -80.05134,40.3562 -80.05271,40.3569 -80.05336,40.35675 -80.05543,40.3576 -80.05896,40.35861 -80.05986,40.35898 -80.06357,40.36147 -80.06397,40.36204 -80.0632,40.36366 -80.06133,40.36594 -80.06122,40.36642 -80.06128,40.36782 -80.06015,40.37049 -80.05723,40.37428 -80.05618,40.37603 -80.05539,40.37772 -80.05296,40.37995"
saturday,lost,1289.6,"-80.05369,40.38536 -80.05477,40.38721 -80.0515,40.38795 -80.04854,40.3893 -80.04788,40.38994 -80.04751,40.39059 -80.04698,40.39228 -80.04707,40.39281 -80.04686,40.3933"
saturday,lost,5072.4,"-80.04393,40.4 -80.04106,40.40301 -80.03987,40.40406 -80.03317,40.4076 -80.03263,40.40819 -80.03172,40.4098 -80.03023,40.41403 -80.02992,40.41544 -80.02954,40.42362 -80.0302,40.42735 -80.03013,40.42789 -80.02975,40.42853 -80.02734,40.43025 -80.01633,40.43613"
saturday,lost,159.9,"-80.01517,40.43675 -80.01362,40.43757"
saturday,lost,99.6,"-80.01407,40.43748 -80.01505,40.43699"
saturday,lost,59.8,"-80.017,40.43597 -80.01757,40.43566"
saturday,lost,100.0,"-80.01912,40.43484 -80.02009,40.43432"
saturday,lost,40.0,"-80.02086,40.43391 -80.02124,40.4337"
saturday,lost,59.9,"-80.02164,40.43351 -80.02222,40.4332"
saturday,lost,40.0,"-80.0226,40.43299 -80.02299,40.43279"
saturday,lost,140.0,"-80.02376,40.43237 -80.02512,40.43165"
saturday,lost,140.0,"-80.02589,40.43124 -80.02725,40.43052"
saturday,lost,219.9,"-80.02763,40.43031 -80.02877,40.42968 -80.02959,40.42903"
saturday,lost,677.7,"-80.03023,40.42828 -80.03077,40.42729 -80.03133,40.42556 -80.03114,40.42506 -80.03025,40.42447 -80.03002,40.42416 -80.02969,40.42275"
saturday,lost,253.5,"-80.02988,40.41822 -80.03001,40.41594"
saturday,lost,20.0,"-80.03019,40.41451 -80.03024,40.41434"
saturday,lost,40.0,"-80.03047,40.41364 -80.03058,40.41329"
saturday,lost,40.0,"-80.03166,40.41017 -80.03183,40.40983"
saturday,lost,11.7,"-80.03202,40.4095 -80.03208,40.40941"
saturday,lost,20.0,"-80.03226,40.40907 -80.03235,40.40891"
saturday,lost,60.0,"-80.03254,40.40858 -80.03285,40.40809"
saturday,lost,20.0,"-80.03432,40.40704 -80.03451,40.40694"
saturday,lost,31.3,"-80.03727,40.40555 -80.03758,40.40539"
saturday,lost,40.0,"-80.04007,40.40404 -80.0404,40.40378"
saturday,lost,15.6,"-80.05496,40.37812 -80.05511,40.37804"
saturday,lost,35.5,"-80.06411,40.3618 -80.06384,40.36158"
saturday,lost,235.3,"-80.05377,40.3568 -80.05179,40.35583 -80.05161,40.3558 -80.05149,40.35595"
saturday,lost,217.1,"-80.05314,40.35667 -80.05322,40.35653 -80.05123,40.35557"
saturday,lost,239.4,"-80.05063,40.35529 -80.05031,40.35483 -80.05035,40.35322"
saturday,lost,13.3,"-80.05056,40.35233 -80.0506,40.35222"
saturday,lost,137.3,"-80.05205,40.34889 -80.05232,40.3486 -80.05224,40.34845 -80.05184,40.34825 -80.05138,40.34824"
saturday,lost,15.3,"-80.05016,40.34893 -80.05002,40.34884"
saturday,lost,39.8,"-80.04815,40.34569 -80.04831,40.34535"
saturday,lost,1854.9,"-80.05305,40.34296 -80.05389,40.34557 -80.05462,40.3467 -80.05507,40.34708 -80.05751,40.3458 -80.06041,40.34344 -80.05967,40.34276 -80.05832,40.34027 -80.05775,40.33972 -80.05714,40.33945 -80.05644,40.33937 -80.05479,40.33974"
saturday,lost,328.0,"-80.04316,40.38186 -80.043,40.3805 -80.04319,40.38042 -80.04433,40.38066 -80.04429,40.38114"
saturday,lost,758.5,"-80.04455,40.38685 -80.04769,40.38641 -80.05314,40.385"
saturday,lost,1144.7,"-80.05498,40.38743 -80.05565,40.38808 -80.05713,40.38847 -80.05766,40.38882 -80.05871,40.39042 -80.05944,40.39103 -80.06313,40.39294 -80.06518,40.39355"
saturday,lost,317.8,"-80.11025,40.36666 -80.11118,40.36612 -80.11075,40.36569 -80.11011,40.36554 -80.10914,40.36606"
saturday,lost,3328.9,"-80.08435,40.3862 -80.08404,40.38533 -80.08406,40.38498 -80.08451,40.38402 -80.0854,40.38296 -80.08573,40.38219 -80.08556,40.38186 -80.08514,40.38171 -80.08471,40.38182 -80.0838,40.38258 -80.08249,40.38319 -80.07988,40.38386 -80.07937,40.38422 -80.07928,40.38545 -80.07952,40.38809 -80.07934,40.3884 -80.07893,40.38857 -80.07777,40.38856 -80.07745,40.3883 -80.07736,40.38765 -80.07699,40.3872 -80.074,40.38552 -80.07263,40.38496 -80.07177,40.38435 -80.0711,40.38438 -80.07061,40.38468 -80.07386,40.38744 -80.07414,40.39038"
saturday,lost,1796.3,"-80.04215,40.42442 -80.04056,40.42309 -80.03766,40.42028 -80.03704,40.42002 -80.03636,40.4199 -80.03519,40.41982 -80.03402,40.41988 -80.03292,40.42018 -80.03191,40.42065 -80.03113,40.42132 -80.03069,40.42195 -80.03041,40.42318 -80.03089,40.42567 -80.03087,40.42639"
saturday,lost,20.0,"-80.03072,40.42709 -80.03065,40.42727"
saturday,lost,40.0,"-80.03086,40.42497 -80.03078,40.42462"
saturday,lost,80.0,"-80.03053,40.42338 -80.03056,40.42266"
saturday,lost,40.0,"-80.03137,40.42119 -80.03168,40.42092"
saturday,lost,379.0,"-80.03419,40.42002 -80.03583,40.42011 -80.03758,40.4206 -80.03829,40.42107"
saturday,lost,20.0,"-80.0719,40.38441 -80.07207,40.38453"
saturday,lost,36.7,"-80.07934,40.38569 -80.07929,40.38536"
saturday,lost,20.0,"-80.07944,40.38414 -80.07959,40.384"
saturday,lost,20.0,"-80.08038,40.38374 -80.0806,40.38369"
saturday,lost,14.6,"-80.06339,40.39296 -80.06322,40.39296"
saturday,lost,26.5,"-80.05758,40.38876 -80.05737,40.38859"
saturday,lost,8.1,"-80.05492,40.38737 -80.05487,40.3873"
saturday,lost,206.4,"-80.04368,40.3832 -80.04299,40.38311 -80.0429,40.38296 -80.04316,40.38186"
saturday,lost,1119.3,"-80.01677,40.39136 -80.01264,40.38837 -80.01063,40.38998 -80.01033,40.39008 -80.00868,40.38889 -80.00827,40.38875 -80.00825,40.38815 -80.00757,40.38828"
saturday,lost,178.7,"-80.01672,40.49742 -80.01605,40.49738 -80.01486,40.4968"
saturday,lost,5876.9,"-80.01368,40.49648 -80.01183,40.49678 -80.00952,40.49663 -80.00799,40.49607 -80.00695,40.49605 -80.00559,40.49577 -80.00437,40.49626 -80.00391,40.49629 -79.99801,40.49534 -79.99604,40.49475 -79.99551,40.49441 -79.99388,40.49191 -79.99204,40.49071 -79.99253,40.48906 -79.9919,40.48723 -79.99194,40.48508 -79.99161,40.4839 -79.99091,40.48297 -79.98949,40.48204 -79.9881,40.47984 -79.9868,40.4789 -79.98604,40.47808 -79.98626,40.47779 -79.98706,40.4774 -79.98754,40.47702 -79.98786,40.47642 -79.98783,40.47589 -79.98758,40.47559 -79.98667,40.47503 -79.98666,40.47415 -79.98621,40.47342 -79.98576,40.47335 -79.9842,40.47384 -79.98308,40.4727 -79.98188,40.46939 -79.98192,40.46928 -79.98318,40.46894 -79.98435,40.46833 -79.9845,40.46801 -79.98454,40.467 -79.98449,40.46683 -79.98428,40.46676 -79.98307,40.46729 -79.98287,40.46721 -79.98187,40.46603 -79.98195,40.46556"
saturday,lost,782.1,"-80.00126,40.45053 -80.00064,40.44835 -79.99848,40.44389"
saturday,lost,96.3,"-79.99848,40.44389 -79.99807,40.44309"
saturday,lost,235.5,"-79.99685,40.45418 -79.997,40.45484 -79.99521,40.45529"
saturday,lost,40.0,"-79.98146,40.46627 -79.98177,40.466"
saturday,lost,11.1,"-79.98294,40.46903 -79.98282,40.46906"
saturday,lost,19.9,"-79.98581,40.47334 -79.98604,40.47336"
saturday,lost,18.7,"-79.98649,40.47374 -79.98656,40.4739"
saturday,lost,19.9,"-79.98661,40.47474 -79.98661,40.47492"
saturday,lost,12.3,"-79.98944,40.48197 -79.9895,40.48206"
saturday,lost,20.0,"-80.01362,40.49649 -80.01386,40.49647"
saturday,lost,4527.9,"-80.11076,40.35793 -80.10953,40.35912 -80.10906,40.35908 -80.10818,40.35849 -80.10773,40.35838 -80.1068,40.35846 -80.10522,40.35834 -80.1043,40.35844 -80.10175,40.35991 -80.10104,40.36063 -80.10016,40.36122 -80.09917,40.36171 -80.09749,40.36222 -80.09608,40.36229 -80.09356,40.36182 -80.08991,40.36161 -80.08827,40.36175 -80.08765,40.36199 -80.08734,40.36226 -80.08704,40.36367 -80.08646,40.36528 -80.08666,40.36598 -80.0866,40.36633 -80.08619,40.36687 -80.0846,40.36763 -80.08416,40.36825 -80.09051,40.37274 -80.09203,40.37411 -80.09295,40.37452 -80.09333,40.37491 -80.09393,40.37516 -80.09395,40.37534 -80.09283,40.37704 -80.09236,40.37806"
saturday,lost,16.5,"-80.08432,40.36842 -80.08416,40.36833"
saturday,lost,18.1,"-80.09766,40.3622 -80.09786,40.36214"
saturday,lost,1282.8,"-80.01298,40.41697 -80.01231,40.41831 -80.01067,40.42076 -80.01005,40.42258 -80.00812,40.42584 -80.00777,40.42622 -80.00679,40.42672 -80.00618,40.42688"
saturday,lost,1048.0,"-80.00503,40.42551 -79.99753,40.42568 -79.99741,40.42203"
saturday,lost,20.0,"-79.99741,40.42194 -79.99741,40.42212"
saturday,lost,10.7,"-79.99753,40.42564 -79.99757,40.42573"
saturday,lost,346.2,"-80.00264,40.42568 -80.00266,40.42697 -80.00502,40.42702"
saturday,lost,20.0,"-80.0063,40.42685 -80.00653,40.42679"
saturday,lost,75.6,"-79.93118,40.36178 -79.93199,40.36207"
saturday,lost,395.8,"-79.91241,40.40987 -79.91032,40.41095 -79.9083,40.41145"
saturday,lost,380.2,"-79.90732,40.4086 -79.90693,40.40804 -79.90997,40.40653"
saturday,lost,153.3,"-79.98817,40.41708 -79.98821,40.41845"
saturday,lost,374.1,"-80.00854,40.45485 -80.00841,40.45441 -80.00933,40.45424 -80.00942,40.45412 -80.00878,40.45212"
saturday,lost,183.6,"-80.00736,40.45147 -80.00645,40.45166 -80.0066,40.45224 -80.0067,40.45237 -80.00693,40.45232"
saturday,lost,359.3,"-80.01409,40.45046 -80.01821,40.4497"
saturday,lost,2859.0,"-79.99154,40.4089 -79.99374,40.40916 -79.99495,40.41017 -79.99683,40.41014 -79.99766,40.41033 -79.99784,40.41026 -79.99834,40.40968 -79.9981,40.40401 -79.99917,40.40395 -79.99948,40.4104 -79.99779,40.41035 -79.99689,40.41015 -79.99485,40.41017 -79.99371,40.40916 -79.99145,40.40881"
saturday,lost,297.5,"-79.99733,40.41966 -79.99723,40.41699"
saturday,lost,836.8,"-79.99718,40.41599 -79.99806,40.41598 -79.99817,40.41589 -79.99805,40.415 -79.99743,40.41421 -79.99103,40.41435"
saturday,lost,20.0,"-79.99116,40.40876 -79.99138,40.40882"
saturday,lost,20.0,"-79.99758,40.41596 -79.99734,40.41596"
saturday,lost,15.7,"-79.99726,40.41903 -79.99732,40.41916"
saturday,lost,2094.9,"-79.93304,40.33192 -79.93236,40.33195 -79.93082,40.33152 -79.92782,40.33254 -79.92712,40.33255 -79.92632,40.3322 -79.92585,40.33158 -79.92523,40.33105 -79.92379,40.33044 -79.9232,40.32996 -79.92252,40.32994 -79.9251,40.33097 -79.92562,40.33133 -79.92621,40.33211 -79.92696,40.33253 -79.92789,40.33252 -79.93066,40.33153 -79.93112,40.33155 -79.93243,40.33196 -79.93311,40.33189"
saturday,lost,880.5,"-79.82805,40.38329 -79.82839,40.38353 -79.8296,40.38523 -79.83043,40.38586 -79.83107,40.38604 -79.83223,40.38588 -79.83265,40.38587 -79.83274,40.38596 -79.83241,40.38701 -79.83151,40.38757 -79.83105,40.38839"
saturday,lost,39.1,"-79.83215,40.3872 -79.83246,40.38694"
saturday,lost,20.0,"-79.93097,40.33151 -79.93074,40.33152"
saturday,lost,19.9,"-79.92347,40.33017 -79.92331,40.33004"
saturday,lost,20.0,"-79.93074,40.33152 -79.93097,40.33151"
saturday,lost,168.1,"-80.0026,40.4387 -80.00438,40.43937"
saturday,lost,789.3,"-80.00417,40.44046 -79.99662,40.43765 -79.99647,40.43756 -79.99679,40.43708"
saturday,lost,999.1,"-79.95163,40.4251 -79.95083,40.42548 -79.94991,40.42566 -79.94669,40.42517 -79.94575,40.42516 -79.94485,40.42539 -79.94344,40.42533 -79.94028,40.42606"
saturday,lost,115.0,"-79.93938,40.42626 -79.93869,40.42627 -79.93861,40.42675"
saturday,lost,1211.9,"-79.92932,40.4202 -79.92992,40.42243 -79.93023,40.42289 -79.93333,40.4242 -79.93561,40.42436 -79.93662,40.42411 -79.93708,40.42414 -79.93786,40.42474 -79.93845,40.42591 -79.93878,40.42615"
saturday,lost,2785.9,"-79.93858,40.4269 -79.93853,40.42703 -79.93788,40.42683 -79.93743,40.42684 -79.93619,40.42767 -79.93464,40.42808 -79.93373,40.42826 -79.93184,40.42833 -79.93176,40.42919 -79.93212,40.42939 -79.93511,40.42888 -79.93698,40.42872 -79.93953,40.42897 -79.94137,40.42929 -79.94325,40.42931 -79.94418,40.42917 -79.95068,40.42754 -79.9516,40.42741 -79.95278,40.42743 -79.9537,40.4276 -79.95515,40.42819"
saturday,lost,199.7,"-79.95699,40.43 -79.95814,40.43156"
saturday,lost,743.8,"-79.83493,40.40118 -79.8356,40.40046 -79.83529,40.40025 -79.83534,40.40011 -79.83743,40.39779 -79.83814,40.39534"
saturday,lost,1098.7,"-79.83861,40.3959 -79.83811,40.39784 -79.83733,40.39953 -79.83724,40.40042 -79.83755,40.40128 -79.83936,40.4038 -79.83978,40.4052"
saturday,lost,394.6,"-79.84811,40.41528 -79.84916,40.41432 -79.85201,40.41361"
saturday,lost,592.8,"-79.8687,40.40428 -79.8668,40.40554 -79.86629,40.40611 -79.86622,40.40659 -79.86636,40.40712 -79.86714,40.40817 -79.86677,40.40852"
saturday,lost,458.2,"-79.88988,40.40734 -79.88971,40.40804 -79.89135,40.40906 -79.89181,40.40905 -79.8931,40.40861 -79.89356,40.40862"
saturday,lost,1379.0,"-79.89634,40.40954 -79.89682,40.41034 -79.8969,40.41231 -79.89776,40.41338 -79.89903,40.41417 -79.89995,40.41431 -79.90324,40.41412 -79.90509,40.41381 -79.90799,40.41306"
saturday,lost,1401.4,"-79.87155,40.38211 -79.86878,40.3799 -79.86816,40.37966 -79.86746,40.37961 -79.86507,40.38024 -79.86436,40.38025 -79.86276,40.37998 -79.86209,40.38012 -79.85779,40.38275"
saturday,lost,120.0,"-79.85004,40.37243 -79.84961,40.3714"
saturday,lost,151.9,"-79.85157,40.37066 -79.84986,40.37108"
saturday,lost,112.3,"-79.84862,40.37172 -79.84907,40.37267"
saturday,lost,20.0,"-79.898,40.41356 -79.89783,40.41343"
saturday,lost,291.6,"-79.87597,40.40963 -79.87547,40.41024 -79.87532,40.41094 -79.87548,40.41146 -79.87588,40.41203"
saturday,lost,500.7,"-79.87671,40.41141 -79.87977,40.4129 -79.88059,40.41313 -79.88107,40.41213"
saturday,lost,20.0,"-79.86674,40.40559 -79.86691,40.40547"
saturday,lost,135.5,"-79.83495,40.40005 -79.83437,40.39974 -79.83379,40.40025"
saturday,lost,612.4,"-79.84073,40.34945 -79.84044,40.34979 -79.83964,40.34956 -79.839,40.35062 -79.83868,40.35088 -79.8374,40.35108 -79.83723,40.34919"
saturday,lost,304.3,"-79.82956,40.31421 -79.82944,40.31368 -79.82844,40.314 -79.8283,40.31413 -79.82877,40.31475 -79.82893,40.31479 -79.82933,40.31459"
saturday,lost,113.6,"-79.83474,40.32282 -79.83438,40.32305 -79.83421,40.32298 -79.83405,40.32284 -79.8344,40.32264"
saturday,lost,15.0,"-79.82947,40.31378 -79.82936,40.31367"
saturday,lost,20.0,"-79.83418,40.32289 -79.83435,40.32277"
saturday,lost,653.5,"-79.8651,40.40073 -79.8638,40.39979 -79.86125,40.4018 -79.86098,40.40202 -79.86109,40.40215 -79.86229,40.40301"
saturday,lost,617.2,"-79.88319,40.43516 -79.88029,40.44025"
saturday,lost,9.4,"-79.86106,40.40213 -79.86098,40.40207"
saturday,lost,80.0,"-79.97589,40.43802 -79.97595,40.43731"
saturday,lost,687.6,"-79.92966,40.44984 -79.93299,40.45547"
saturday,lost,359.9,"-79.96037,40.46488 -79.9633,40.46722"
saturday,lost,71.4,"-79.93384,40.4569 -79.9335,40.45632"
saturday,lost,10.5,"-79.93014,40.45067 -79.93009,40.45058"
saturday,lost,1981.3,"-79.79081,40.42949 -79.7907,40.42879 -79.79106,40.4278 -79.79143,40.42734 -79.79219,40.42693 -79.79425,40.42659 -79.79696,40.42719 -79.79646,40.42856 -79.79722,40.42876 -79.79739,40.42874 -79.79796,40.42745 -79.79938,40.4284 -79.79979,40.42899 -79.79987,40.42987 -79.79942,40.43089 -79.79874,40.43137 -79.79784,40.43155 -79.79713,40.43151 -79.79532,40.43111"
saturday,lost,3211.5,"-79.76001,40.38581 -79.75908,40.38572 -79.75892,40.3858 -79.75702,40.38741 -79.75681,40.38746 -79.7524,40.38646 -79.75135,40.3853 -79.75071,40.38509 -79.75001,40.38513 -79.7496,40.38529 -79.74914,40.38569 -79.74847,40.38797 -79.74811,40.38872 -79.75373,40.38938 -79.75531,40.38971 -79.75629,40.39021 -79.75871,40.39256 -79.75952,40.39293 -79.76019,40.39309 -79.76113,40.39312 -79.76203,40.39292 -79.76283,40.39254 -79.76417,40.39153 -79.76502,40.39123 -79.76572,40.39117"
saturday,lost,495.5,"-79.87946,40.43815 -79.87638,40.43715 -79.87392,40.43687"
saturday,lost,597.4,"-79.76558,40.38852 -79.76514,40.3875 -79.76448,40.38658 -79.76033,40.38594"
saturday,lost,472.9,"-79.89239,40.44176 -79.89236,40.44344 -79.8919,40.44478 -79.89133,40.44587"
saturday,lost,390.3,"-79.89189,40.44417 -79.88768,40.44276"
saturday,lost,582.2,"-79.92298,40.43838 -79.92307,40.43994 -79.92382,40.44356"
saturday,lost,975.2,"-79.91018,40.44865 -79.91012,40.44875 -79.90882,40.44832 -79.90358,40.44656 -79.90318,40.44634 -79.90313,40.44662 -79.90158,40.44882"
saturday,lost,2074.9,"-79.8975,40.47056 -79.89819,40.47141 -79.89671,40.47251 -79.89672,40.47265 -79.8979,40.47412 -79.8986,40.47657 -79.89855,40.47746 -79.89877,40.47797 -79.899,40.47822 -79.89957,40.47837 -79.89936,40.47858 -79.8986,40.4777 -79.89861,40.47663 -79.89804,40.47496 -79.89795,40.47424 -79.89671,40.4726 -79.89819,40.47141 -79.89745,40.4705"
saturday,lost,77.0,"-79.92497,40.46047 -79.92584,40.46064"
saturday,lost,190.7,"-79.92784,40.46048 -79.9269,40.46203"
saturday,lost,13.4,"-79.89943,40.47847 -79.89933,40.47855"
saturday,lost,15.8,"-79.9098,40.44864 -79.90994,40.44873"
saturday,lost,20.0,"-79.92337,40.44147 -79.92333,40.44129"
saturday,lost,20.0,"-79.92322,40.44076 -79.9232,40.44058"
saturday,lost,365.8,"-79.93477,40.45807 -79.93879,40.45687"
saturday,lost,310.4,"-79.94023,40.45646 -79.94364,40.45545"
saturday,lost,415.9,"-79.94496,40.45505 -79.94667,40.45457 -79.94967,40.45408"
saturday,lost,228.2,"-79.95084,40.45405 -79.95332,40.454 -79.95342,40.45415"
saturday,lost,643.1,"-79.95809,40.45882 -79.95913,40.45858 -79.96482,40.45621"
saturday,lost,2018.0,"-79.96648,40.4556 -79.96869,40.45497 -79.97309,40.45324 -79.97685,40.45109 -79.97794,40.45074 -79.98043,40.4502 -79.98172,40.44975 -79.98465,40.44825 -79.987,40.44676"
saturday,lost,220.0,"-79.98736,40.44653 -79.98935,40.44525"
saturday,lost,278.8,"-79.99292,40.44292 -79.99338,40.44253 -79.99464,40.4408"
saturday,lost,239.3,"-79.99109,40.44316 -79.98959,40.44497"
saturday,lost,20.0,"-79.98762,40.44625 -79.98744,40.44637"
saturday,lost,80.0,"-79.98636,40.44707 -79.98563,40.44753"
saturday,lost,20.0,"-79.98435,40.44831 -79.98415,40.44842"
saturday,lost,60.0,"-79.9754,40.45178 -79.97488,40.45214"
saturday,lost,20.0,"-79.97378,40.45282 -79.97359,40.45292"
saturday,lost,20.0,"-79.97173,40.4537 -79.97152,40.45378"
saturday,lost,20.0,"-79.9711,40.45394 -79.97089,40.45402"
saturday,lost,32.7,"-79.96389,40.45651 -79.96355,40.45665"
saturday,lost,20.0,"-79.96251,40.45708 -79.9623,40.45717"
saturday,lost,20.0,"-79.95982,40.45821 -79.95961,40.45829"
saturday,lost,20.0,"-79.95833,40.45873 -79.9581,40.45874"
saturday,lost,3593.3,"-79.87386,40.46957 -79.87322,40.46905 -79.87219,40.46878 -79.86944,40.47005 -79.86852,40.46996 -79.86704,40.4701 -79.86696,40.47125 -79.86754,40.47203 -79.86838,40.47232 -79.86848,40.47248 -79.86801,40.47338 -79.86954,40.47444 -79.87093,40.47451 -79.87155,40.47475 -79.87133,40.47554 -79.87102,40.47601 -79.87061,40.47602 -79.86883,40.4757 -79.86756,40.47521 -79.86656,40.47456 -79.866,40.47437 -79.86183,40.47363 -79.86125,40.47291 -79.8611,40.47239 -79.8613,40.47012 -79.86143,40.46978 -79.86185,40.46935 -79.86585,40.46761 -79.86889,40.46737"
saturday,lost,921.1,"-79.87364,40.46673 -79.87668,40.46558 -79.87848,40.46546 -79.88032,40.46578 -79.88096,40.466 -79.8822,40.46683 -79.88301,40.46771"
saturday,lost,17.6,"-79.87235,40.46875 -79.87215,40.46879"
saturday,lost,50.9,"-79.86697,40.47084 -79.86698,40.47128"
saturday,lost,258.6,"-79.96027,40.44339 -79.96087,40.44368 -79.96108,40.44364 -79.96241,40.44239"
saturday,lost,213.8,"-79.96556,40.44037 -79.9657,40.44228"
saturday,lost,357.5,"-79.98335,40.44234 -79.98539,40.44515"
saturday,lost,20.0,"-79.96566,40.44171 -79.96564,40.44153"
saturday,lost,19.4,"-79.9274,40.46123 -79.92749,40.46107"
saturday,lost,16.7,"-79.92778,40.46058 -79.9279,40.46046"
saturday,lost,209.4,"-79.92796,40.46018 -79.92747,40.45926 -79.92854,40.45892"
saturday,lost,20.0,"-79.96115,40.4436 -79.9613,40.44347"
saturday,lost,743.0,"-79.95709,40.45171 -79.95648,40.45284 -79.96,40.45403 -79.96072,40.45464 -79.96122,40.45443 -79.96243,40.45359"
saturday,lost,303.1,"-79.98233,40.44635 -79.9806,40.44397"
saturday,lost,284.0,"-79.88499,40.45225 -79.88528,40.45274 -79.88585,40.4547"
saturday,lost,1028.6,"-79.99172,40.4453 -79.99185,40.44522 -79.99242,40.44579 -79.99381,40.44498 -79.99447,40.44651 -79.99477,40.44679 -79.9952,40.44692 -79.99826,40.44579 -79.99865,40.44538 -80.0006,40.44477"
saturday,lost,319.4,"-79.99529,40.44375 -79.99634,40.44649"
saturday,lost,764.4,"-79.87945,40.48757 -79.87682,40.48822 -79.87275,40.48876 -79.87169,40.48913 -79.87102,40.48963"
saturday,lost,17.3,"-79.94539,40.42522 -79.94522,40.42531"
saturday,lost,13.5,"-79.94976,40.4257 -79.94992,40.42568"
saturday,lost,1564.8,"-79.75426,40.43392 -79.75887,40.43356 -79.76161,40.43306 -79.76449,40.43409 -79.77174,40.43598"
saturday,lost,299.3,"-79.773,40.43647 -79.7763,40.43742"
saturday,lost,448.6,"-79.77984,40.43674 -79.78073,40.43604 -79.78295,40.43501 -79.78332,40.43399"
saturday,lost,20.0,"-79.79714,40.42723 -79.79707,40.4274"
saturday,lost,20.0,"-79.79682,40.4281 -79.79676,40.42827"
saturday,lost,19.6,"-79.83417,40.39991 -79.83403,40.40005"
saturday,lost,20.0,"-79.78315,40.43416 -79.78311,40.43434"
saturday,lost,20.0,"-79.78221,40.4353 -79.78201,40.43538"
saturday,lost,17.8,"-79.77998,40.43654 -79.77991,40.43669"
saturday,lost,20.0,"-79.77337,40.43647 -79.77315,40.43639"
saturday,lost,20.0,"-79.77167,40.43584 -79.77145,40.43578"
saturday,lost,20.0,"-79.7579,40.43364 -79.75767,40.43366"
saturday,lost,2987.1,"-79.88565,40.27308 -79.88521,40.27348 -79.88471,40.27316 -79.88459,40.27285 -79.88476,40.27273 -79.88516,40.27285 -79.88624,40.274 -79.88955,40.27603 -79.8898,40.27632 -79.88982,40.27667 -79.88712,40.27889 -79.88156,40.28223 -79.8796,40.28378 -79.8773,40.28691 -79.87597,40.2896 -79.87499,40.292"
saturday,lost,6724.8,"-79.88955,40.29235 -79.89017,40.29245 -79.89212,40.29204 -79.8944,40.29201 -79.89639,40.29243 -79.90006,40.29378 -79.90287,40.29364 -79.90406,40.29442 -79.90633,40.29467 -79.90724,40.29456 -79.90794,40.29463 -79.90835,40.29449 -79.90935,40.29288 -79.9106,40.29163 -79.91129,40.29115 -79.91191,40.29089 -79.91283,40.29076 -79.91383,40.29108 -79.91748,40.29405 -79.92142,40.29945 -79.92201,40.3 -79.92302,40.30052 -79.92392,40.30073 -79.92792,40.30082 -79.92947,40.30124 -79.93053,40.30191 -79.93356,40.30466 -79.93356,40.30479 -79.93371,40.3048 -79.93461,40.30562 -79.93524,40.30638 -79.93679,40.3088 -79.94202,40.32071"
saturday,lost,1166.3,"-79.952,40.33794 -79.9541,40.33868 -79.95522,40.33893 -79.9564,40.33903 -79.9597,40.33893 -79.9614,40.33916 -79.9631,40.33977 -79.96468,40.34088"
saturday,lost,20.0,"-79.9647,40.34078 -79.96454,40.34065"
saturday,lost,20.0,"-79.95284,40.33816 -79.95262,40.33808"
saturday,lost,20.0,"-79.9522,40.33791 -79.952,40.33783"
saturday,lost,19.2,"-79.9392,40.31433 -79.93919,40.31416"
saturday,lost,32.3,"-79.93851,40.31262 -79.93838,40.31235"
saturday,lost,38.1,"-79.93762,40.31067 -79.93755,40.31034"
saturday,lost,18.5,"-79.93038,40.30179 -79.93024,40.30166"
saturday,lost,20.0,"-79.92663,40.30077 -79.92639,40.30078"
saturday,lost,19.9,"-79.92208,40.30004 -79.92191,40.29992"
saturday,lost,20.0,"-79.91962,40.2968 -79.91951,40.29664"
saturday,lost,19.0,"-79.91848,40.29526 -79.91842,40.29509"
saturday,lost,140.0,"-79.9169,40.29335 -79.91574,40.29245"
saturday,lost,20.0,"-79.91499,40.29184 -79.91482,40.29172"
saturday,lost,20.0,"-79.91449,40.29146 -79.91432,40.29134"
saturday,lost,77.9,"-79.91383,40.29094 -79.91349,40.29074 -79.91302,40.29075"
saturday,lost,20.0,"-79.91113,40.29124 -79.91095,40.29136"
saturday,lost,39.6,"-79.9084,40.29445 -79.90801,40.29463"
saturday,lost,20.0,"-79.90377,40.29424 -79.90361,40.29412"
saturday,lost,894.0,"-79.88986,40.27689 -79.8912,40.27615 -79.89249,40.27576 -79.89368,40.27518 -79.89393,40.2749 -79.89385,40.27474 -79.89343,40.27469 -79.89115,40.27597 -79.89072,40.2761 -79.89001,40.27609 -79.88921,40.27572"
saturday,lost,40.0,"-79.88811,40.27505 -79.88774,40.27483"
saturday,lost,40.0,"-79.88664,40.27415 -79.88628,40.27392"
saturday,lost,20.0,"-79.88595,40.27366 -79.8858,40.27352"
saturday,lost,267.4,"-79.88525,40.27273 -79.88511,40.27221 -79.88524,40.27207 -79.88568,40.27211 -79.8862,40.27248 -79.88627,40.2726 -79.88565,40.27308"
saturday,lost,4257.3,"-79.99361,40.37851 -79.99411,40.37684 -79.99396,40.37527 -79.99457,40.37433 -79.99474,40.37241 -79.99476,40.37153 -79.99428,40.36892 -79.99389,40.36758 -79.99218,40.36532 -79.99216,40.36269 -79.99082,40.36092 -79.99064,40.35813 -79.99107,40.35674 -79.99104,40.35603 -79.9865,40.34773 -79.98638,40.34721 -79.98656,40.34583 -79.98637,40.34551 -79.98537,40.34475 -79.98517,40.34442 -79.98523,40.34235"
saturday,lost,20.0,"-79.98648,40.34638 -79.98641,40.34655"
saturday,lost,19.6,"-79.98972,40.35375 -79.98981,40.35391"
saturday,lost,20.0,"-79.99063,40.35816 -79.99064,40.35834"
saturday,lost,55.5,"-79.99212,40.36259 -79.99221,40.36308"
saturday,lost,20.0,"-79.99474,40.3714 -79.99477,40.37158"
saturday,lost,20.0,"-79.99353,40.37835 -79.99332,40.37844"
saturday,lost,342.0,"-79.96436,40.36527 -79.96402,40.36573 -79.96332,40.36612 -79.96286,40.36619 -79.96256,40.36645 -79.96269,40.36688 -79.96358,40.36703"
saturday,lost,17.4,"-79.9235,40.33015 -79.92334,40.33006"
saturday,lost,1370.5,"-79.93409,40.33278 -79.93631,40.3353 -79.93733,40.33716 -79.93818,40.33984 -79.93832,40.3427 -79.93863,40.3443"
saturday,lost,19.7,"-79.96254,40.36652 -79.96262,40.36635"
saturday,lost,20.0,"-79.93829,40.34095 -79.93828,40.34077"
saturday,lost,19.6,"-79.93446,40.3331 -79.93435,40.33294"
sunday,kept,1432.9,"-79.91088,40.45597 -79.91055,40.45575 -79.91217,40.4542 -79.91234,40.45407 -79.91252,40.4541 -79.92091,40.45989 -79.92188,40.4604 -79.92274,40.46068"
sunday,added,479.8,"-79.92262,40.46082 -79.9201,40.46468"
sunday,kept,79.8,"-79.92,40.46484 -79.91954,40.46546"
sunday,added,3133.2,"-79.91944,40.46562 -79.91903,40.46606 -79.91821,40.46641 -79.91465,40.46736 -79.91175,40.46856 -79.9108,40.46909 -79.9095,40.47013 -79.90859,40.47024 -79.90853,40.4704 -79.90785,40.47935 -79.90806,40.4824 -79.90787,40.48418 -79.90841,40.48475 -79.90919,40.48515 -79.91291,40.48625"
sunday,kept,2826.4,"-79.91311,40.48633 -79.91288,40.48718 -79.91043,40.49224 -79.91015,40.49249 -79.90959,40.49219 -79.9087,40.49135 -79.90737,40.49062 -79.89542,40.48725 -79.89427,40.48703 -79.89335,40.48882 -79.893,40.48904 -79.88991,40.4882 -79.88972,40.48809 -79.88981,40.48776"
sunday,added,371.7,"-79.88989,40.48759 -79.89011,40.48711 -79.89007,40.48663 -79.88842,40.48669 -79.88704,40.48695"
sunday,kept,8334.3,"-79.88681,40.48698 -79.88031,40.48788 -79.87634,40.48902 -79.86973,40.49034 -79.86599,40.49144 -79.85885,40.49495 -79.85331,40.49911 -79.85255,40.50002 -79.85218,40.50068 -79.85157,40.50242 -79.85132,40.50384 -79.85133,40.50528 -79.8529,40.51544 -79.85234,40.52009 -79.85156,40.524 -79.84985,40.5296 -79.84912,40.53072 -79.84795,40.53184 -79.84148,40.53603 -79.83961,40.53679 -79.83483,40.53778 -79.83481,40.53809"
sunday,added,837.8,"-79.83486,40.53827 -79.83542,40.54002 -79.83534,40.54034 -79.83447,40.54061 -79.83147,40.54109 -79.83125,40.54105 -79.83116,40.54089 -79.83051,40.53898"
sunday,kept,8155.8,"-79.83045,40.5388 -79.83039,40.53864 -79.83015,40.53863 -79.82925,40.53883 -79.82582,40.54002 -79.8223,40.54022 -79.82007,40.54081 -79.81915,40.54094 -79.81797,40.54094 -79.81376,40.54051 -79.81164,40.54047 -79.80602,40.54102 -79.8013,40.5411 -79.79953,40.54155 -79.79537,40.54095 -79.78759,40.54125 -79.78406,40.54106 -79.78241,40.54109 -79.77888,40.54129 -79.77384,40.5422 -79.77218,40.54321 -79.77112,40.54416 -79.77062,40.54536 -79.76999,40.54891 -79.77161,40.55781 -79.77222,40.55936 -79.77418,40.56321 -79.77423,40.56355 -79.77408,40.56368 -79.77075,40.5646 -79.76612,40.56527"
sunday,added,297.0,"-79.76589,40.56531 -79.7652,40.56541 -79.76485,40.56399 -79.76575,40.56384"
sunday,kept,160.0,"-79.76595,40.56383 -79.76628,40.56525"
sunday,kept,5393.3,"-79.77424,40.56369 -79.77452,40.56395 -79.77624,40.56806 -79.77907,40.58008 -79.77886,40.58132 -79.77618,40.58765 -79.77559,40.58842 -79.77159,40.5922 -79.76879,40.59509 -79.76533,40.59779 -79.76092,40.6002 -79.76074,40.60025 -79.75958,40.59915 -79.75802,40.59994 -79.75409,40.60159"
sunday,added,2034.5,"-79.7539,40.60161 -79.75279,40.60003 -79.75262,40.59999 -79.75067,40.60061 -79.74602,40.60237 -79.74253,40.60284 -79.7397,40.60292 -79.73861,40.6031 -79.73949,40.60476 -79.74349,40.60356"
sunday,added,80.0,"-79.74361,40.60347 -79.74317,40.60283"
sunday,kept,20.0,"-79.82231,40.54032 -79.82254,40.54029"
sunday,kept,100.0,"-79.82348,40.54024 -79.82466,40.54021"
sunday,kept,39.4,"-79.82994,40.53878 -79.83038,40.53865"
sunday,kept,19.7,"-79.83484,40.53786 -79.83507,40.53783"
sunday,kept,20.0,"-79.83599,40.53766 -79.83622,40.53761"
sunday,kept,60.0,"-79.83805,40.53727 -79.83874,40.53714"
sunday,kept,20.0,"-79.83942,40.537 -79.83964,40.53694"
sunday,kept,19.9,"-79.84109,40.53635 -79.84127,40.53623"
sunday,kept,20.0,"-79.86855,40.49073 -79.86878,40.49068"
sunday,kept,339.5,"-79.86924,40.49062 -79.87036,40.49086 -79.87106,40.49082 -79.87148,40.49066 -79.87269,40.48981"
sunday,kept,335.2,"-79.88675,40.48701 -79.88681,40.48786 -79.88846,40.48782 -79.8896,40.48802"
sunday,kept,20.0,"-79.90838,40.49119 -79.90853,40.49133"
sunday,kept,296.2,"-79.9099,40.49256 -79.91083,40.49309 -79.91081,40.49342 -79.9104,40.49353 -79.9101,40.49329 -79.91039,40.49261"
sunday,kept,20.0,"-79.91184,40.48958 -79.91192,40.48941"
sunday,kept,20.0,"-79.91273,40.48772 -79.91281,40.48755"
sunday,kept,354.9,"-79.91335,40.48636 -79.91347,40.48621 -79.9139,40.48611 -79.91504,40.48634 -79.91516,40.48648 -79.91501,40.48658 -79.91319,40.48621"
sunday,added,20.0,"-79.91296,40.48615 -79.91274,40.4861"
sunday,added,20.0,"-79.91207,40.48593 -79.91184,40.48587"
sunday,added,60.0,"-79.90811,40.48426 -79.90793,40.48374"
sunday,added,159.9,"-79.90829,40.47497 -79.90841,40.47353"
sunday,added,99.4,"-79.9086,40.47103 -79.90867,40.47032 -79.9089,40.47032"
sunday,added,20.0,"-79.91304,40.46808 -79.91325,40.46799"
sunday,added,20.0,"-79.91952,40.46571 -79.91962,40.46555"
sunday,kept,5663.1,"-80.00872,40.47099 -80.01375,40.47002 -80.01454,40.46919 -80.01398,40.46886 -80.01233,40.46382 -80.01236,40.46368 -80.0135,40.46345 -80.01377,40.46318 -80.01333,40.46236 -80.01377,40.46061 -80.01362,40.46048 -80.01229,40.46011 -80.01019,40.45991 -80.00985,40.46014 -80.00914,40.46107 -80.00874,40.46121 -80.00847,40.45963 -80.00781,40.45892 -80.00662,40.45545 -80.00263,40.45615 -80.0009,40.45093 -80.00286,40.45049 -80.00283,40.45032 -80.00092,40.44475 -79.99984,40.44244 -79.99449,40.44386 -79.99403,40.44384 -79.99319,40.44355 -79.99273,40.44359 -79.99155,40.44428"
sunday,kept,20.0,"-79.99226,40.44391 -79.99241,40.44377"
sunday,kept,19.8,"-79.99403,40.44395 -79.99426,40.44395"
sunday,kept,20.0,"-80.0046,40.45589 -80.00483,40.45584"
sunday,kept,20.0,"-80.00575,40.45567 -80.00598,40.45563"
sunday,kept,2819.0,"-80.00769,40.45883 -80.00594,40.45923 -80.00406,40.45909 -80.00336,40.45916 -80.00172,40.46018 -80.00164,40.46125 -80.00255,40.4613 -80.0027,40.46086 -80.00453,40.46051 -80.00472,40.46056 -80.00524,40.46116 -80.00606,40.46359 -80.00525,40.46381 -80.00563,40.46485 -80.00526,40.46529 -80.00374,40.46577 -80.00352,40.46607 -80.0037,40.46638 -80.00562,40.46706 -80.00596,40.4675 -80.00493,40.46779 -80.00419,40.46823 -80.00414,40.4684 -80.00508,40.46939 -80.00581,40.4709 -80.00696,40.47098 -80.00739,40.47125 -80.0086,40.47101"
sunday,kept,72.9,"-80.03041,40.5865 -80.03025,40.58674 -80.02979,40.58676"
sunday,added,1735.5,"-80.02955,40.58677 -80.02886,40.58684 -80.02805,40.58748 -80.02738,40.58764 -80.02692,40.58757 -80.02479,40.5868 -80.02326,40.5872 -80.02284,40.58704 -80.02258,40.58675 -80.02354,40.58575 -80.02508,40.58493 -80.03061,40.58337 -80.03154,40.58338 -80.03263,40.58372 -80.03289,40.584 -80.03274,40.58433"
sunday,kept,4040.5,"-80.03254,40.58441 -80.03208,40.58436 -80.03134,40.58391 -80.03004,40.58264 -80.02446,40.57412 -80.02359,40.57213 -80.02217,40.57215 -80.02106,40.57187 -80.02035,40.57182 -80.01641,40.57206 -80.01696,40.57361 -80.01688,40.57396 -80.01652,40.57438 -80.01615,40.57417 -80.01576,40.57435 -80.01529,40.57434 -80.01374,40.5739 -80.01281,40.57381 -80.0124,40.57365 -80.012,40.57322 -80.01134,40.5731 -80.01124,40.57239 -80.01138,40.57232 -80.01395,40.57206 -80.0163,40.57202 -80.01626,40.57012 -80.01658,40.56717"
sunday,added,1595.1,"-80.01681,40.56716 -80.01869,40.56724 -80.02222,40.56823 -80.02402,40.56845 -80.02521,40.56405 -80.02537,40.56298 -80.02515,40.56138 -80.02453,40.56003"
sunday,kept,5743.7,"-80.02435,40.55969 -80.02052,40.55293 -80.01942,40.55056 -80.01886,40.55046 -80.0186,40.54979 -80.01816,40.54975 -80.01733,40.5501 -80.01786,40.55068 -80.01805,40.55138 -80.01877,40.55283 -80.01626,40.55372 -80.01645,40.55382 -80.01699,40.55481 -80.01716,40.5555 -80.01775,40.55607 -80.01816,40.5569 -80.0183,40.55704 -80.01851,40.55701 -80.0195,40.55652 -80.02026,40.55583 -80.02213,40.55334 -80.02326,40.5522 -80.0229,40.55172 -80.02326,40.55168 -80.02362,40.55146 -80.02201,40.54972 -80.02117,40.54989 -80.02044,40.54837 -80.0201,40.54814 -80.01987,40.54745 -80.01988,40.54727 -80.02025,40.54706 -80.02029,40.54689 -80.01997,40.54622 -80.02012,40.54573 -80.01929,40.5454 -80.01702,40.54588 -80.01684,40.54583 -80.0146,40.54398 -80.01304,40.54201 -80.01144,40.54273 -80.01113,40.543 -80.00953,40.5458 -80.0091,40.54623 -80.00848,40.54648 -80.00687,40.54674 -80.00642,40.54671 -80.00635,40.54655 -80.00647,40.5464 -80.00688,40.54639"
sunday,added,154.8,"-80.00687,40.54621 -80.00666,40.54572 -80.0065,40.54584 -80.00591,40.54557 -80.00573,40.54567"
sunday,kept,131.6,"-80.00559,40.54581 -80.00535,40.54621 -80.0058,40.54631 -80.00614,40.54655"
sunday,kept,20.0,"-80.01278,40.54219 -80.01298,40.5421"
sunday,kept,10649.9,"-80.01309,40.54193 -80.01235,40.54061 -80.01109,40.53678 -80.01094,40.53589 -80.01107,40.53338 -80.01046,40.53146 -80.00998,40.53064 -80.00934,40.52989 -80.00655,40.5277 -80.0057,40.52623 -80.00536,40.52176 -80.00376,40.51087 -80.00389,40.5098 -80.00448,40.50882 -80.00903,40.50503 -80.01002,40.50403 -80.01161,40.50131 -80.01264,40.4999 -80.01294,40.49922 -80.01302,40.49835 -80.01063,40.49064 -80.00922,40.48372 -80.00877,40.48332 -80.00652,40.4828 -80.00616,40.48257 -80.00587,40.48208 -80.00586,40.48173 -80.00661,40.47965 -80.00683,40.4775 -80.00664,40.47644 -80.00616,40.47562 -80.00506,40.47438 -80.00452,40.47264 -80.00423,40.47215 -80.00269,40.47105 -80.00231,40.47059 -79.99969,40.46579 -79.9991,40.46405 -79.99891,40.46274 -79.99901,40.46059 -79.99843,40.45887 -79.99846,40.4587 -79.99926,40.45836 -79.99891,40.45714 -79.99919,40.45689 -80.00262,40.45622"
sunday,kept,279.4,"-79.99917,40.45687 -79.99786,40.45726 -79.99832,40.45865"
sunday,kept,20.0,"-80.00914,40.48381 -80.00919,40.48399"
sunday,kept,59.9,"-80.00941,40.48505 -80.00951,40.48559"
sunday,kept,20.0,"-80.01179,40.49457 -80.01185,40.49474"
sunday,kept,20.0,"-80.01208,40.49562 -80.01214,40.4958"
sunday,kept,40.0,"-80.01235,40.4965 -80.01246,40.49685"
sunday,kept,20.0,"-80.01267,40.49755 -80.01272,40.49772"
sunday,kept,20.0,"-80.01154,40.50124 -80.01143,40.5014"
sunday,kept,20.0,"-80.0089,40.50502 -80.00875,40.50516"
sunday,kept,40.0,"-80.00803,40.50577 -80.00772,40.50604"
sunday,kept,20.0,"-80.00644,40.50709 -80.00627,40.50722"
sunday,kept,20.0,"-80.00495,40.50825 -80.00479,40.50838"
sunday,kept,14.2,"-80.0041,40.50908 -80.00406,40.5092"
sunday,kept,20.0,"-80.00387,40.50953 -80.00381,40.50971"
sunday,kept,113.6,"-80.00375,40.51166 -80.0039,40.51267"
sunday,kept,60.0,"-80.00411,40.5141 -80.00419,40.51464"
sunday,kept,72.7,"-80.00439,40.51607 -80.00448,40.51672"
sunday,kept,80.0,"-80.00467,40.51815 -80.00477,40.51886"
sunday,kept,120.0,"-80.00493,40.51993 -80.00508,40.521"
sunday,kept,200.0,"-80.00525,40.52226 -80.00537,40.52405"
sunday,kept,40.0,"-80.00555,40.5262 -80.00567,40.52654"
sunday,kept,20.0,"-80.00581,40.52689 -80.0059,40.52705"
sunday,kept,20.0,"-80.00611,40.52738 -80.00622,40.52753"
sunday,kept,80.0,"-80.00676,40.52812 -80.00743,40.52863"
sunday,kept,40.0,"-80.00813,40.52911 -80.00848,40.52935"
sunday,kept,20.0,"-80.00966,40.53047 -80.00978,40.53062"
sunday,kept,20.0,"-80.00999,40.53094 -80.01009,40.53111"
sunday,kept,20.0,"-80.01027,40.53144 -80.01035,40.53161"
sunday,kept,219.9,"-80.01086,40.53299 -80.01096,40.53388 -80.01086,40.53496"
sunday,kept,40.0,"-80.01088,40.53657 -80.01097,40.53692"
sunday,kept,39.9,"-80.01113,40.53744 -80.01125,40.53779"
sunday,kept,40.0,"-80.01142,40.53832 -80.01153,40.53866"
sunday,kept,40.0,"-80.01171,40.53919 -80.01183,40.53953"
sunday,kept,40.0,"-80.012,40.54006 -80.01211,40.54041"
sunday,kept,79.6,"-80.01258,40.54142 -80.01269,40.54177 -80.01258,40.54211"
sunday,kept,20.0,"-80.01323,40.54238 -80.01333,40.54254"
sunday,kept,60.0,"-80.01516,40.54462 -80.01566,40.54501"
sunday,kept,39.2,"-80.02289,40.55184 -80.02313,40.55213"
sunday,kept,19.5,"-80.02151,40.55407 -80.02128,40.55409"
sunday,kept,19.2,"-80.01916,40.55052 -80.01893,40.5505"
sunday,kept,13.6,"-80.01627,40.55368 -80.01639,40.55376"
sunday,kept,139.3,"-80.02072,40.55529 -80.02137,40.55517 -80.02189,40.55576"
sunday,kept,20.0,"-80.0224,40.55657 -80.0225,40.55673"
sunday,kept,20.0,"-80.02269,40.55706 -80.02278,40.55723"
sunday,kept,20.0,"-80.02324,40.55805 -80.02334,40.55822"
sunday,kept,20.0,"-80.02353,40.55855 -80.02362,40.55871"
sunday,kept,20.0,"-80.02381,40.55904 -80.0239,40.55921"
sunday,added,40.0,"-80.02506,40.56155 -80.02515,40.56191"
sunday,added,60.0,"-80.02515,40.5637 -80.02502,40.56423"
sunday,added,40.0,"-80.02483,40.56493 -80.02473,40.56528"
sunday,added,20.0,"-80.02453,40.56598 -80.02448,40.56616"
sunday,added,60.0,"-80.02423,40.56704 -80.02409,40.56756"
sunday,added,39.3,"-80.02394,40.56809 -80.02384,40.56844"
sunday,kept,60.0,"-80.02352,40.57216 -80.02365,40.57269"
sunday,kept,20.0,"-80.02385,40.57321 -80.02392,40.57338"
sunday,kept,20.0,"-80.02438,40.57421 -80.02448,40.57437"
sunday,kept,20.0,"-80.02467,40.5747 -80.02478,40.57486"
sunday,kept,20.0,"-80.02498,40.57518 -80.02508,40.57535"
sunday,kept,40.0,"-80.02571,40.57631 -80.02594,40.57662"
sunday,kept,20.0,"-80.02616,40.57694 -80.02627,40.5771"
sunday,kept,20.0,"-80.02765,40.57919 -80.02776,40.57935"
sunday,kept,20.0,"-80.02913,40.58144 -80.02924,40.5816"
sunday,kept,40.0,"-80.03112,40.58386 -80.03147,40.58411"
sunday,kept,889.2,"-80.03222,40.58454 -80.0337,40.58509 -80.03574,40.58555 -80.03588,40.58587 -80.03565,40.58656 -80.03507,40.58681 -80.03223,40.58679 -80.03129,40.58675 -80.03111,40.58653 -80.03064,40.58651"
sunday,kept,13276.0,"-80.03776,40.51752 -80.03865,40.51733 -80.03852,40.51626 -80.03832,40.51621 -80.03761,40.51628 -80.03747,40.51653 -80.0342,40.51668 -80.03105,40.51779 -80.03171,40.51825 -80.03432,40.51741 -80.03502,40.51736 -80.03571,40.51745 -80.03681,40.51811 -80.03786,40.52011 -80.03857,40.52057 -80.03927,40.52063 -80.0425,40.52013 -80.0433,40.51976 -80.04388,40.5192 -80.04415,40.51851 -80.04476,40.51531 -80.04557,40.51345 -80.0452,40.51186 -80.04542,40.51099 -80.04698,40.50817 -80.04976,40.50818 -80.0506,40.50788 -80.05094,40.50742 -80.05204,40.50467 -80.05434,40.50263 -80.0546,40.50157 -80.05445,40.50105 -80.05254,40.50001 -80.05555,40.49558 -80.04787,40.49175 -80.04781,40.49124 -80.04826,40.49083 -80.04815,40.49032 -80.04494,40.48721 -80.0405,40.48432 -80.0417,40.48198 -80.03962,40.47536 -80.03617,40.47065 -80.03523,40.46787 -80.03449,40.46618 -80.03209,40.46288 -80.03018,40.45695 -80.02985,40.45649 -80.02963,40.45643 -80.02931,40.45666 -80.02944,40.45735 -80.0276,40.45769 -80.02634,40.45411 -80.02616,40.45409 -80.01538,40.45609 -80.01459,40.45405 -80.01442,40.45401 -80.00662,40.45541"
sunday,kept,470.4,"-80.00023,40.44234 -80.00382,40.44144 -80.00433,40.44272"
sunday,kept,394.7,"-80.0044,40.44288 -80.00462,40.44339 -80.00454,40.44351 -80.001,40.44452"
sunday,kept,20.0,"-80.00697,40.45544 -80.00719,40.4554"
sunday,kept,496.3,"-80.02647,40.45403 -80.02827,40.45374 -80.02922,40.4567"
sunday,kept,1594.9,"-80.02941,40.45722 -80.03062,40.46069 -80.03071,40.46141 -80.03056,40.46193 -80.02998,40.46248 -80.02931,40.46248 -80.02905,40.4622 -80.02927,40.46172 -80.02972,40.46164 -80.03016,40.46176 -80.03086,40.46224 -80.03333,40.4655 -80.03374,40.46653 -80.03483,40.4672"
sunday,kept,771.8,"-80.05261,40.49423 -80.05005,40.49863 -80.0523,40.49988"
sunday,kept,40.0,"-80.03469,40.51728 -80.03423,40.51735"
sunday,kept,199.2,"-80.0354,40.51682 -80.03568,40.51708 -80.03698,40.5175 -80.03744,40.51754"
sunday,kept,1469.8,"-80.00297,40.45083 -80.00406,40.45414 -80.00422,40.45426 -80.00789,40.45359 -80.008,40.45345 -80.00765,40.45222 -80.01081,40.45158 -80.01126,40.45161 -80.01314,40.45236 -80.01403,40.45247 -80.01409,40.45264"
sunday,added,80.0,"-80.01415,40.45282 -80.01439,40.45351"
sunday,kept,39.9,"-80.01446,40.45368 -80.01458,40.45403"
sunday,kept,1577.3,"-80.01535,40.4561 -80.0164,40.45924 -80.01693,40.45959 -80.01714,40.45963 -80.0224,40.45863 -80.02287,40.45862 -80.02352,40.45883 -80.02538,40.45992 -80.02942,40.46141"
sunday,kept,20.0,"-80.03035,40.46193 -80.03041,40.46211"
sunday,kept,3138.9,"-80.0303,40.46242 -80.02828,40.46393 -80.02509,40.46683 -80.025,40.46697 -80.02532,40.46912 -80.02565,40.46994 -80.02999,40.4691 -80.03014,40.46916 -80.03195,40.47493 -80.03351,40.47734 -80.03486,40.48153 -80.03396,40.48171 -80.03505,40.48235 -80.03541,40.483 -80.03558,40.48304"
sunday,added,439.9,"-80.03581,40.483 -80.04086,40.4821"
sunday,kept,99.8,"-80.04109,40.48206 -80.04155,40.48198 -80.0421,40.48165"
sunday,added,219.8,"-80.04227,40.48153 -80.04302,40.48084 -80.043,40.47977"
sunday,kept,21650.1,"-80.04297,40.47959 -80.04323,40.47932 -80.04366,40.47943 -80.04599,40.48146 -80.04828,40.48272 -80.05505,40.48692 -80.06053,40.49088 -80.06232,40.49277 -80.06346,40.49368 -80.06813,40.49643 -80.071,40.4988 -80.07475,40.50127 -80.07724,40.50229 -80.08518,40.50506 -80.08592,40.50549 -80.08792,40.50726 -80.09274,40.50984 -80.09499,40.51037 -80.09781,40.51048 -80.10043,40.51129 -80.10401,40.5122 -80.10682,40.51243 -80.11104,40.51359 -80.12121,40.51593 -80.13511,40.51877 -80.14455,40.52206 -80.14656,40.52259 -80.15046,40.52331 -80.15832,40.5262 -80.15905,40.52665 -80.16031,40.52714 -80.16096,40.52788 -80.16161,40.52839 -80.16398,40.52921 -80.17019,40.53215 -80.17486,40.53459 -80.17991,40.53979 -80.18132,40.54099 -80.1891,40.54622 -80.1893,40.54654 -80.18947,40.54797 -80.18994,40.54954 -80.19186,40.55201 -80.19693,40.55627 -80.20127,40.55957 -80.20271,40.56121 -80.20517,40.56362 -80.20755,40.56537 -80.21074,40.56722 -80.21632,40.57135 -80.21956,40.57467 -80.22076,40.576 -80.22104,40.57649 -80.22101,40.57684 -80.22044,40.57741 -80.22029,40.57774 -80.2205,40.57953 -80.22262,40.58029 -80.22275,40.58043 -80.22919,40.58901 -80.23052,40.59302 -80.22895,40.59333 -80.22816,40.59243"
sunday,kept,20.0,"-80.20625,40.56441 -80.20608,40.56429"
sunday,kept,20.0,"-80.15879,40.52639 -80.15858,40.52631"
sunday,kept,40.0,"-80.14779,40.52275 -80.14733,40.52266"
sunday,kept,40.0,"-80.14665,40.52252 -80.1462,40.52242"
sunday,kept,40.0,"-80.14575,40.52231 -80.1453,40.5222"
sunday,kept,20.0,"-80.14228,40.52119 -80.14206,40.52111"
sunday,kept,200.0,"-80.13932,40.52007 -80.13721,40.51926"
sunday,kept,20.0,"-80.13678,40.51912 -80.13656,40.51905"
sunday,kept,20.0,"-80.13612,40.51891 -80.13591,40.51884"
sunday,kept,20.0,"-80.13522,40.51869 -80.13499,40.51865"
sunday,kept,20.0,"-80.13408,40.51846 -80.13386,40.51841"
sunday,kept,20.0,"-80.13203,40.51804 -80.1318,40.51799"
sunday,kept,20.0,"-80.13089,40.51781 -80.13066,40.51776"
sunday,kept,20.0,"-80.12975,40.51757 -80.12953,40.51752"
sunday,kept,520.0,"-80.12885,40.51735 -80.12295,40.51608"
sunday,kept,40.0,"-80.12249,40.51598 -80.12204,40.51589"
sunday,kept,40.0,"-80.12135,40.51576 -80.1209,40.51566"
sunday,kept,40.0,"-80.12044,40.51557 -80.11999,40.51546"
sunday,kept,20.0,"-80.11931,40.51532 -80.11908,40.51527"
sunday,kept,20.0,"-80.1184,40.51513 -80.11817,40.51508"
sunday,kept,20.0,"-80.11726,40.51488 -80.11703,40.51483"
sunday,kept,20.0,"-80.11317,40.514 -80.11295,40.51395"
sunday,kept,20.0,"-80.10869,40.51288 -80.10847,40.51281"
sunday,kept,20.0,"-80.10781,40.51262 -80.10759,40.51255"
sunday,kept,20.0,"-80.10714,40.51243 -80.10692,40.51237"
sunday,kept,60.0,"-80.10505,40.5122 -80.10435,40.51217"
sunday,kept,120.0,"-80.09696,40.51042 -80.09555,40.51034"
sunday,kept,40.0,"-80.08763,40.50705 -80.08729,40.5068"
sunday,kept,20.0,"-80.0457,40.48125 -80.04553,40.48112"
sunday,kept,111.5,"-80.04355,40.47934 -80.0431,40.47892 -80.04293,40.47932"
sunday,kept,19.9,"-80.04202,40.48171 -80.04185,40.48184"
sunday,kept,79.7,"-80.03517,40.48225 -80.0349,40.48157"
sunday,kept,91.9,"-80.03025,40.46246 -80.03077,40.4621 -80.03059,40.46188"
sunday,kept,20.0,"-80.0302,40.46167 -80.02999,40.46159"
sunday,kept,433.2,"-80.01395,40.45223 -80.01345,40.45066 -80.01329,40.45062 -80.01193,40.45089 -80.01086,40.45157"
sunday,kept,557.7,"-80.00753,40.45187 -80.00681,40.44999 -80.00338,40.45061 -80.00294,40.45056"
sunday,kept,1079.1,"-80.01722,40.45975 -80.01831,40.46044 -80.01935,40.46204 -80.02049,40.46295 -80.02087,40.46316 -80.02221,40.46347 -80.0236,40.46444 -80.02473,40.46558 -80.02497,40.46683"
sunday,kept,1618.1,"-80.02562,40.47001 -80.02615,40.47138 -80.02749,40.4721 -80.02985,40.475 -80.03161,40.47618 -80.03175,40.4767 -80.03169,40.47724 -80.03089,40.47893 -80.03086,40.47928 -80.03167,40.48037 -80.0339,40.48169"
sunday,kept,1213.4,"-80.03545,40.48316 -80.03584,40.48438 -80.03682,40.48659 -80.03707,40.48689 -80.04231,40.48791 -80.04344,40.48855 -80.04361,40.48855 -80.04496,40.4873"
sunday,kept,1845.7,"-80.05559,40.49558 -80.06114,40.49831 -80.06575,40.50014 -80.06802,40.50142 -80.07121,40.50258 -80.0721,40.50316 -80.07417,40.50348 -80.0744,40.50365"
sunday,kept,90.7,"-80.07455,40.50381 -80.07499,40.50387 -80.07462,40.50354"
sunday,kept,100.0,"-80.01929,40.55026 -80.0189,40.54942"
sunday,added,360.0,"-80.01882,40.54925 -80.01789,40.54721 -80.01723,40.54626"
sunday,kept,20.0,"-80.0171,40.54611 -80.01697,40.54596"
sunday,kept,60.0,"-80.02347,40.55199 -80.0239,40.55156"
sunday,added,4374.3,"-80.02404,40.55142 -80.02452,40.55103 -80.02704,40.54969 -80.02811,40.54851 -80.02923,40.54654 -80.03046,40.54545 -80.03177,40.54468 -80.03284,40.54433 -80.03588,40.5446 -80.03593,40.54447 -80.03595,40.5416 -80.03635,40.53838 -80.03597,40.53625 -80.03581,40.53212 -80.03505,40.52968 -80.0355,40.52774 -80.03558,40.52559 -80.03433,40.52213 -80.03304,40.52064 -80.03181,40.5185"
sunday,kept,19.9,"-80.03756,40.51633 -80.03759,40.51651"
sunday,kept,59.7,"-80.0348,40.51679 -80.03485,40.51733"
sunday,kept,60.0,"-80.03492,40.51727 -80.0349,40.51673"
sunday,kept,19.8,"-80.03855,40.51642 -80.03851,40.51624"
sunday,kept,58.2,"-80.0237,40.55166 -80.02312,40.55192"
sunday,added,20.0,"-80.01702,40.54623 -80.01714,40.54638"
sunday,added,59.8,"-80.01843,40.54887 -80.01834,40.5494"
sunday,kept,27359.3,"-80.00469,40.44357 -80.00669,40.44341 -80.00851,40.44301 -80.00891,40.44282 -80.00918,40.44234 -80.00932,40.44073 -80.00973,40.43989 -80.0102,40.4395 -80.01232,40.43836 -80.01341,40.43802 -80.01384,40.43814 -80.01554,40.43911 -80.01659,40.43952 -80.01934,40.44092 -80.02385,40.44247 -80.02776,40.44406 -80.03175,40.44686 -80.03803,40.45174 -80.03943,40.45295 -80.04181,40.45541 -80.04611,40.45874 -80.04745,40.45975 -80.05129,40.46214 -80.05318,40.46441 -80.05674,40.46347 -80.05693,40.4635 -80.05811,40.46461 -80.0612,40.4655 -80.06123,40.4656 -80.06061,40.46614 -80.06017,40.46753 -80.06026,40.46986 -80.06047,40.47056 -80.06235,40.47346 -80.06337,40.47378 -80.06432,40.47457 -80.06617,40.47708 -80.06834,40.48047 -80.07057,40.483 -80.07557,40.48629 -80.07808,40.48819 -80.07947,40.48898 -80.07978,40.48946 -80.07989,40.49215 -80.08006,40.49247 -80.08965,40.49697 -80.10198,40.50213 -80.10208,40.50224 -80.10142,40.50359 -80.10153,40.50392 -80.11045,40.5076 -80.11761,40.50883 -80.12292,40.50958 -80.13156,40.51213 -80.1396,40.51427 -80.14953,40.51757 -80.15023,40.51756 -80.15083,40.51729 -80.15328,40.51446 -80.17688,40.52337 -80.18302,40.52607 -80.18614,40.52825 -80.1886,40.53043 -80.19189,40.53301 -80.19355,40.53453 -80.19533,40.53664 -80.19624,40.53721 -80.19774,40.53774 -80.1991,40.53803 -80.1998,40.53801 -80.20066,40.53772 -80.20128,40.53718 -80.20176,40.53637 -80.20241,40.53446 -80.20294,40.53387 -80.20395,40.53312 -80.20445,40.53251 -80.20471,40.53182 -80.20516,40.52933 -80.20575,40.52835 -80.20647,40.52765 -80.20779,40.5269 -80.21044,40.52615 -80.21578,40.52385 -80.21653,40.52342 -80.21712,40.52286 -80.21757,40.52204 -80.21764,40.52043 -80.21804,40.51959 -80.21942,40.51814 -80.22165,40.51682 -80.22229,40.51588 -80.22232,40.51356 -80.22327,40.50731 -80.2231,40.5057 -80.22244,40.50366 -80.22385,40.50365 -80.22447,40.50388 -80.22657,40.50412 -80.22697,40.50401 -80.22693,40.50385 -80.22672,40.50379 -80.22629,40.50394 -80.22572,40.50393"
sunday,kept,118.8,"-80.22528,40.50389 -80.2245,40.50354 -80.22402,40.50355"
sunday,kept,39.0,"-80.22285,40.50358 -80.2224,40.50366"
sunday,kept,219.6,"-80.22225,40.51395 -80.22215,40.51591"
sunday,kept,20.0,"-80.22198,40.51625 -80.22187,40.51641"
sunday,kept,20.0,"-80.22033,40.51749 -80.22014,40.5176"
sunday,kept,179.9,"-80.21757,40.52032 -80.21751,40.52193"
sunday,kept,20.0,"-80.20485,40.5301 -80.20482,40.53027"
sunday,kept,20.0,"-80.2025,40.5342 -80.20238,40.53435"
sunday,kept,20.0,"-80.20218,40.53468 -80.2021,40.53485"
sunday,kept,20.0,"-80.20189,40.53555 -80.20185,40.53572"
sunday,kept,20.0,"-80.20163,40.53642 -80.20156,40.53659"
sunday,kept,20.0,"-80.20042,40.53771 -80.20021,40.5378"
sunday,kept,20.0,"-80.19953,40.53794 -80.1993,40.53795"
sunday,kept,20.0,"-80.19748,40.53758 -80.19726,40.53751"
sunday,kept,40.0,"-80.19287,40.53367 -80.1926,40.53337"
sunday,kept,659.9,"-80.19233,40.53308 -80.1909,40.53165 -80.187,40.52877"
sunday,kept,60.0,"-80.18667,40.52852 -80.18616,40.52815"
sunday,kept,20.0,"-80.18039,40.52477 -80.18018,40.52468"
sunday,kept,2538.4,"-80.17902,40.52407 -80.17689,40.52265 -80.1761,40.52226 -80.17356,40.52111 -80.16689,40.51843 -80.15386,40.51353 -80.15333,40.51431"
sunday,kept,5.4,"-80.14645,40.5165 -80.14639,40.51648"
sunday,kept,20.0,"-80.13888,40.514 -80.13866,40.51394"
sunday,kept,20.0,"-80.13734,40.51355 -80.13712,40.51349"
sunday,kept,20.0,"-80.13135,40.51194 -80.13112,40.51188"
sunday,kept,20.0,"-80.13045,40.51171 -80.13023,40.51165"
sunday,kept,20.0,"-80.09833,40.50052 -80.09812,40.50043"
sunday,kept,20.0,"-80.09771,40.50026 -80.0975,40.50017"
sunday,kept,20.0,"-80.09565,40.49939 -80.09545,40.4993"
sunday,kept,40.0,"-80.09504,40.49913 -80.09462,40.49895"
sunday,kept,20.0,"-80.09297,40.49825 -80.09276,40.49817"
sunday,kept,20.0,"-80.08974,40.49693 -80.08954,40.49683"
sunday,kept,20.0,"-80.08149,40.49308 -80.08128,40.49299"
sunday,kept,19.6,"-80.07987,40.48919 -80.07968,40.48909"
sunday,kept,19.8,"-80.06345,40.47384 -80.06327,40.47373"
sunday,kept,20.0,"-80.06286,40.47356 -80.06267,40.47345"
sunday,kept,20.0,"-80.05132,40.46217 -80.05114,40.46205"
sunday,kept,40.0,"-80.03042,40.44589 -80.03019,40.44558"
sunday,kept,160.0,"-80.02995,40.44527 -80.02852,40.44433"
sunday,kept,79.9,"-80.02815,40.44411 -80.02742,40.44366"
sunday,kept,80.0,"-80.02677,40.44344 -80.02591,40.44315"
sunday,kept,20.0,"-80.02547,40.44301 -80.02526,40.44293"
sunday,kept,219.2,"-80.01561,40.43889 -80.0139,40.43794 -80.01344,40.43793"
sunday,kept,519.5,"-80.00967,40.43976 -80.0078,40.44052 -80.00517,40.44131 -80.004,40.44139"
sunday,kept,465.9,"-80.09713,40.46791 -80.09688,40.46742 -80.09778,40.4672 -80.09831,40.46753 -80.09874,40.4676 -80.09876,40.46773 -80.09801,40.46884 -80.09718,40.46867"
sunday,added,452.5,"-80.09695,40.46869 -80.09286,40.46993 -80.09259,40.47022 -80.09254,40.47058"
sunday,kept,5623.3,"-80.09248,40.47071 -80.0913,40.47066 -80.09131,40.47115 -80.09158,40.47165 -80.09306,40.47253 -80.09589,40.47469 -80.09599,40.47512 -80.09735,40.47543 -80.09683,40.47662 -80.09642,40.47705 -80.09249,40.47869 -80.09223,40.4801 -80.09199,40.48039 -80.08917,40.48046 -80.08358,40.47975 -80.08203,40.48055 -80.08015,40.4813 -80.07969,40.48136 -80.07939,40.48109 -80.07854,40.47966 -80.07746,40.48001 -80.07677,40.48011 -80.0759,40.47983 -80.07437,40.47899 -80.07415,40.47898 -80.07309,40.47938 -80.07237,40.47984 -80.07226,40.48 -80.0727,40.48059 -80.07585,40.47983 -80.07695,40.48011 -80.07849,40.47967 -80.07812,40.47873 -80.0772,40.4786 -80.07555,40.47791 -80.07466,40.47733 -80.073,40.47581 -80.07158,40.47486 -80.07096,40.47462 -80.07027,40.47471 -80.06843,40.47583 -80.06698,40.47643 -80.0663,40.47657 -80.0659,40.4764 -80.06561,40.47612"
sunday,kept,1825.4,"-80.06232,40.47356 -80.05993,40.47471 -80.05832,40.47527 -80.05451,40.47053 -80.05405,40.47051 -80.05355,40.4699 -80.05215,40.46871 -80.05271,40.46734 -80.05281,40.46591 -80.0532,40.46546 -80.05371,40.46516 -80.05326,40.46453"
sunday,kept,20.0,"-80.03682,40.4508 -80.03665,40.45068"
sunday,kept,478.3,"-80.00764,40.44042 -80.00674,40.44024 -80.00504,40.43961 -80.00396,40.4412 -80.0039,40.44155"
sunday,kept,153.5,"-80.05848,40.47546 -80.05964,40.47496 -80.05995,40.4747"
sunday,kept,19.8,"-80.09836,40.46762 -80.09839,40.46779"
sunday,kept,117.7,"-80.09827,40.46813 -80.09741,40.46839 -80.09722,40.46807"
sunday,added,338.4,"-80.17557,40.44801 -80.17488,40.44813 -80.17364,40.44893 -80.17407,40.45013"
sunday,kept,1532.4,"-80.17412,40.45031 -80.17416,40.45062 -80.17326,40.45083 -80.17278,40.45122 -80.17227,40.45315 -80.17186,40.45355 -80.17141,40.45351 -80.17037,40.45277 -80.16973,40.45258 -80.16906,40.45273 -80.16795,40.45338 -80.16725,40.45343 -80.16586,40.45326 -80.16542,40.45314 -80.16441,40.45215 -80.16382,40.45185 -80.16313,40.45174 -80.16077,40.45178"
sunday,added,259.2,"-80.16054,40.45177 -80.15839,40.45106 -80.1578,40.45131"
sunday,kept,598.0,"-80.15771,40.45147 -80.15766,40.45165 -80.15629,40.45184 -80.15552,40.45224 -80.15549,40.45236 -80.15651,40.45281 -80.15717,40.4528 -80.15766,40.45219 -80.15727,40.45174 -80.15756,40.45166 -80.15776,40.45138"
sunday,added,19.8,"-80.15806,40.45112 -80.15828,40.45107"
sunday,added,40.0,"-80.16014,40.4518 -80.1606,40.45187"
sunday,kept,9163.6,"-80.16084,40.45188 -80.16107,40.45188 -80.16141,40.45105 -80.16279,40.45038 -80.16303,40.45007 -80.16302,40.44936 -80.16249,40.44798 -80.15955,40.44841 -80.15791,40.44842 -80.15675,40.44825 -80.15564,40.44796 -80.15417,40.44738 -80.14968,40.44475 -80.14887,40.44439 -80.1475,40.44416 -80.14656,40.44422 -80.14565,40.44442 -80.14484,40.44478 -80.14434,40.44517 -80.14398,40.44563 -80.14351,40.44683 -80.14298,40.44763 -80.1399,40.45034 -80.13865,40.45085 -80.13492,40.45197 -80.13399,40.45207 -80.13393,40.45218 -80.13502,40.45334 -80.1369,40.45598 -80.13727,40.4562 -80.13818,40.45638 -80.13782,40.45831 -80.13953,40.46024 -80.13979,40.46073 -80.13992,40.46163 -80.13983,40.46234 -80.13845,40.46401 -80.13826,40.46524 -80.13764,40.46599 -80.13315,40.46594 -80.13246,40.46603 -80.13162,40.46636 -80.12758,40.46855 -80.12624,40.46888 -80.12207,40.46828 -80.11737,40.46856 -80.11644,40.46844 -80.11543,40.46799 -80.11443,40.46723 -80.11288,40.46566 -80.11236,40.46529 -80.11153,40.46496 -80.1106,40.46486 -80.10746,40.46545 -80.10622,40.46596 -80.10547,40.46664 -80.10446,40.46826 -80.10382,40.46878 -80.1032,40.46905 -80.10141,40.46949 -80.10014,40.46995 -80.0997,40.46985 -80.09816,40.46904"
sunday,kept,19.2,"-80.09597,40.47475 -80.09599,40.47492"
sunday,kept,3444.5,"-80.09567,40.47503 -80.09389,40.47416 -80.0932,40.47406 -80.09253,40.4742 -80.09136,40.4748 -80.09047,40.47504 -80.08836,40.47503 -80.08473,40.47582 -80.08383,40.47563 -80.08298,40.47577 -80.07351,40.47252 -80.06712,40.46772 -80.06635,40.46566 -80.0651,40.46586 -80.06159,40.46561"
sunday,kept,320.0,"-80.04187,40.45541 -80.04451,40.45747"
sunday,kept,20.0,"-80.04582,40.4585 -80.04599,40.45863"
sunday,kept,20.0,"-80.07004,40.46992 -80.07021,40.47005"
sunday,kept,20.0,"-80.07154,40.47106 -80.07171,40.47119"
sunday,kept,20.0,"-80.07255,40.47182 -80.07272,40.47195"
sunday,kept,20.0,"-80.11484,40.46757 -80.11501,40.4677"
sunday,kept,20.0,"-80.14733,40.44416 -80.14757,40.44416"
sunday,kept,219.6,"-80.15798,40.44843 -80.1589,40.44854 -80.16055,40.44845"
sunday,kept,40.0,"-80.16124,40.44834 -80.1617,40.44825"
sunday,kept,19.5,"-80.16216,40.4482 -80.16238,40.44824"
sunday,kept,19.9,"-80.16259,40.44856 -80.16265,40.44873"
sunday,kept,79.8,"-80.16289,40.44942 -80.16297,40.44978 -80.16284,40.45012"
sunday,kept,19.9,"-80.1612,40.4511 -80.16108,40.45126"
sunday,kept,199.8,"-80.16113,40.45188 -80.16348,40.45188"
sunday,kept,20.0,"-80.1646,40.4525 -80.16474,40.45264"
sunday,kept,59.9,"-80.16599,40.45338 -80.16669,40.45345"
sunday,kept,20.0,"-80.16807,40.45346 -80.16828,40.45338"
sunday,kept,19.9,"-80.16917,40.4528 -80.16939,40.45273"
sunday,kept,99.8,"-80.16986,40.4527 -80.17079,40.45323"
sunday,kept,115.1,"-80.17129,40.4536 -80.1718,40.4539 -80.17227,40.4535"
sunday,kept,60.0,"-80.17244,40.45317 -80.17256,40.45264"
sunday,kept,60.0,"-80.17273,40.45193 -80.17287,40.4514"
sunday,kept,579.0,"-80.17392,40.4508 -80.17528,40.45048 -80.17585,40.45017 -80.17736,40.44837 -80.17848,40.44773 -80.17835,40.44738"
sunday,added,415.0,"-80.17829,40.44721 -80.17808,40.44651 -80.17787,40.44653 -80.17804,40.44757 -80.17575,40.44798"
sunday,added,399.9,"-80.16091,40.45234 -80.16122,40.45466 -80.16098,40.4559"
sunday,kept,979.7,"-80.16104,40.45602 -80.16197,40.45614 -80.16385,40.45606 -80.16592,40.45643 -80.16686,40.45641 -80.16979,40.45526 -80.17156,40.45407"
sunday,kept,20.0,"-80.17181,40.45383 -80.17164,40.4537"
sunday,kept,20.0,"-80.16879,40.45291 -80.16862,40.45303"
sunday,kept,20.0,"-80.1631,40.4498 -80.16308,40.44962"
sunday,added,1758.1,"-80.15808,40.4481 -80.15896,40.44494 -80.15879,40.4437 -80.15848,40.44322 -80.15734,40.44231 -80.15581,40.44148 -80.15443,40.44051 -80.15149,40.43937 -80.14894,40.43807 -80.14819,40.43763 -80.14731,40.43679"
sunday,kept,79.9,"-80.14716,40.43665 -80.14644,40.4362"
sunday,added,1317.2,"-80.14601,40.43604 -80.14364,40.43525 -80.13926,40.43281 -80.13715,40.43201 -80.13458,40.43076 -80.13534,40.42986 -80.13579,40.42981 -80.13599,40.42989"
sunday,kept,6583.6,"-80.13616,40.43002 -80.13632,40.43015 -80.13599,40.43035 -80.13532,40.43018 -80.12629,40.42628 -80.1237,40.42541 -80.12093,40.42497 -80.11645,40.42488 -80.11434,40.42469 -80.10785,40.42372 -80.09889,40.42212 -80.09662,40.42162 -80.0942,40.42091 -80.0923,40.42019 -80.08969,40.41896 -80.08692,40.41728 -80.08555,40.4163 -80.0835,40.41455 -80.08154,40.41328 -80.08163,40.41313 -80.08185,40.41316 -80.08356,40.41439 -80.0837,40.41439 -80.08574,40.41176 -80.08833,40.41022 -80.08893,40.40966 -80.08946,40.40867 -80.09002,40.40637 -80.09031,40.40589 -80.09053,40.40583"
sunday,added,97.5,"-80.09074,40.40577 -80.09093,40.40547 -80.09072,40.40538 -80.09044,40.40567"
sunday,kept,6878.2,"-80.08353,40.41465 -80.08225,40.41637 -80.0813,40.41801 -80.08034,40.42208 -80.07985,40.42289 -80.07882,40.42362 -80.07444,40.42494 -80.07348,40.42545 -80.07048,40.42845 -80.06795,40.43231 -80.06751,40.43351 -80.06759,40.4362 -80.06667,40.43862 -80.06624,40.4402 -80.06604,40.44325 -80.06563,40.44592 -80.06511,40.44672 -80.06214,40.44951 -80.05874,40.45174 -80.05476,40.45283 -80.05382,40.4528 -80.05176,40.45241 -80.0494,40.45242 -80.04734,40.45203 -80.04547,40.45186 -80.04454,40.45196 -80.04208,40.45259 -80.04067,40.45264 -80.03915,40.45216 -80.03698,40.45081"
sunday,kept,657.9,"-80.08174,40.4131 -80.08129,40.41309 -80.08067,40.41334 -80.08064,40.41368 -80.08227,40.41437 -80.08549,40.41648"
sunday,kept,60.0,"-80.08801,40.41811 -80.08856,40.41845"
sunday,kept,20.0,"-80.09509,40.4213 -80.09531,40.42136"
sunday,kept,20.0,"-80.09576,40.42149 -80.09598,40.42155"
sunday,kept,20.0,"-80.09868,40.42218 -80.09891,40.42222"
sunday,kept,40.0,"-80.09983,40.42239 -80.10029,40.42247"
sunday,kept,20.0,"-80.10121,40.42263 -80.10144,40.42267"
sunday,kept,20.0,"-80.10236,40.42284 -80.10259,40.42288"
sunday,kept,20.0,"-80.10513,40.42331 -80.10536,40.42334"
sunday,kept,20.0,"-80.10628,40.4235 -80.10651,40.42354"
sunday,kept,20.0,"-80.10766,40.42373 -80.10789,40.42377"
sunday,kept,40.0,"-80.11043,40.42418 -80.1109,40.42425"
sunday,kept,40.0,"-80.11344,40.42465 -80.1139,40.42472"
sunday,kept,60.0,"-80.11483,40.42486 -80.11553,40.42489"
sunday,kept,80.0,"-80.12095,40.42509 -80.12188,40.42522"
sunday,kept,40.0,"-80.12258,40.42531 -80.12304,40.42538"
sunday,kept,20.0,"-80.12371,40.42555 -80.12394,40.42561"
sunday,kept,20.0,"-80.1246,40.4258 -80.12481,40.42588"
sunday,kept,18.9,"-80.12524,40.42603 -80.12544,40.4261"
sunday,kept,60.0,"-80.12586,40.42626 -80.12648,40.42653"
sunday,kept,60.0,"-80.12689,40.42671 -80.1275,40.42697"
sunday,kept,160.0,"-80.12792,40.42715 -80.12956,40.42786"
sunday,kept,40.0,"-80.12997,40.42804 -80.13038,40.42822"
sunday,kept,20.0,"-80.13099,40.42848 -80.1312,40.42857"
sunday,kept,20.0,"-80.13202,40.42893 -80.13222,40.42902"
sunday,kept,79.8,"-80.13282,40.4293 -80.13314,40.42957 -80.13329,40.42991"
sunday,added,155.0,"-80.1333,40.43008 -80.13332,40.43039 -80.13463,40.43079"
sunday,added,20.0,"-80.14816,40.43776 -80.14834,40.43788"
sunday,added,100.0,"-80.15008,40.43881 -80.15105,40.43932"
sunday,added,80.0,"-80.15251,40.4399 -80.15337,40.44021"
sunday,added,20.0,"-80.15379,40.44036 -80.154,40.44044"
sunday,added,20.0,"-80.15804,40.44289 -80.15817,40.44304"
sunday,kept,8970.4,"-80.02886,40.44442 -80.03207,40.4429 -80.03632,40.44134 -80.03794,40.44121 -80.03811,40.44128 -80.03951,40.44273 -80.03979,40.44322 -80.04124,40.44452 -80.04194,40.44535 -80.04234,40.44555 -80.04348,40.44574 -80.04395,40.44613 -80.04414,40.44683 -80.04408,40.44801 -80.04522,40.45044 -80.0514,40.45159 -80.05305,40.45229 -80.0544,40.4526 -80.05471,40.45335 -80.05591,40.4539 -80.05872,40.45436 -80.05957,40.45402 -80.06374,40.45792 -80.06478,40.45906 -80.06471,40.45938 -80.06426,40.45949 -80.06416,40.45964 -80.06437,40.46015 -80.06429,40.46031 -80.0637,40.46051 -80.06316,40.46022 -80.06275,40.45907 -80.06399,40.45819 -80.05962,40.45395 -80.06213,40.45344 -80.06397,40.45376 -80.06509,40.45383 -80.06629,40.45149 -80.06889,40.45221 -80.06939,40.45166 -80.06933,40.45155 -80.06604,40.45055 -80.06434,40.44959 -80.06207,40.44802 -80.06009,40.44578 -80.05857,40.44466 -80.05794,40.44442 -80.05677,40.44432 -80.05544,40.44396 -80.06047,40.44221 -80.06087,40.44178 -80.06158,40.43952 -80.06189,40.43925 -80.06379,40.43853"
sunday,added,359.8,"-80.06401,40.43845 -80.06599,40.43789 -80.06693,40.4379 -80.06808,40.4381"
sunday,kept,79.9,"-80.06831,40.43814 -80.06923,40.4383"
sunday,added,160.0,"-80.06941,40.43837 -80.06899,40.43977"
sunday,kept,754.1,"-80.06894,40.43994 -80.06832,40.44167 -80.0684,40.44178 -80.0691,40.44187 -80.07255,40.44135 -80.07314,40.44107 -80.07173,40.4408"
sunday,kept,234.9,"-80.07152,40.44076 -80.06885,40.44024"
sunday,kept,20.0,"-80.04522,40.45042 -80.04514,40.45025"
sunday,kept,356.1,"-80.03087,40.44336 -80.03063,40.44273 -80.02906,40.44305 -80.02831,40.44348 -80.02766,40.44369"
sunday,kept,15.5,"-80.00518,40.43966 -80.005,40.43966"
sunday,added,475.5,"-80.05237,40.46256 -80.0556,40.46146 -80.05651,40.46287"
sunday,kept,20.0,"-80.05661,40.46303 -80.05671,40.46319"
sunday,kept,697.4,"-80.06644,40.46548 -80.06699,40.46517 -80.06907,40.46483 -80.07094,40.46496 -80.07401,40.46496 -80.07422,40.46493 -80.0743,40.46476"
sunday,added,599.9,"-80.07438,40.46459 -80.07723,40.45967"
sunday,kept,3187.5,"-80.0774,40.45955 -80.07947,40.45783 -80.08022,40.45613 -80.07999,40.45563 -80.07769,40.4534 -80.07793,40.4531 -80.07788,40.45222 -80.07809,40.4519 -80.08241,40.44834 -80.08238,40.44821 -80.08065,40.44699 -80.07888,40.44649 -80.07844,40.44654 -80.07676,40.44719 -80.07281,40.44773 -80.06937,40.44711 -80.06719,40.44576 -80.06609,40.44482 -80.06608,40.44448"
sunday,kept,316.8,"-80.06622,40.44395 -80.06693,40.44325 -80.06755,40.44308 -80.06827,40.44176"
sunday,kept,1697.8,"-80.0552,40.44389 -80.05201,40.44275 -80.04889,40.44191 -80.04706,40.44111 -80.04618,40.44127 -80.04414,40.44301 -80.0435,40.4432 -80.04283,40.44306 -80.04024,40.44123 -80.03814,40.44116"
sunday,kept,19.5,"-80.03076,40.443 -80.03074,40.44282"
sunday,kept,20.0,"-80.04523,40.44202 -80.04539,40.4419"
sunday,kept,336.4,"-80.06962,40.43838 -80.07284,40.43895 -80.073,40.43903 -80.07303,40.43939"
sunday,added,100.0,"-80.07304,40.43957 -80.07311,40.44047"
sunday,kept,40.0,"-80.07313,40.44065 -80.07316,40.44101"
sunday,kept,15.7,"-80.08244,40.44825 -80.08236,40.44838"
sunday,added,119.7,"-79.91125,40.4562 -79.91141,40.45652 -79.91136,40.45724"
sunday,kept,3814.5,"-79.91139,40.4574 -79.91771,40.45982 -79.91909,40.46004 -79.9205,40.45999 -79.9273,40.45847 -79.93061,40.45752 -79.93207,40.45693 -79.93321,40.45629 -79.93515,40.45473 -79.9361,40.45419 -79.93829,40.45354 -79.93922,40.45347 -79.94039,40.45359 -79.94214,40.45413 -79.94372,40.45491 -79.94585,40.45633 -79.94689,40.45675 -79.95131,40.45733 -79.95149,40.45732 -79.95138,40.45697"
sunday,added,260.0,"-79.95132,40.4568 -79.9504,40.45457"
sunday,added,80.0,"-79.95003,40.45372 -79.94977,40.45303"
sunday,kept,527.5,"-79.94973,40.45285 -79.94957,40.45262 -79.94452,40.45414 -79.94429,40.45389"
sunday,added,299.9,"-79.94421,40.45372 -79.94311,40.45116"
sunday,added,280.0,"-79.94291,40.45028 -79.94251,40.44778"
sunday,kept,7194.2,"-79.94249,40.4476 -79.94225,40.446 -79.94297,40.44468 -79.94318,40.44464 -79.9486,40.44446 -79.95078,40.44398 -79.95194,40.44647 -79.96335,40.43815 -79.96394,40.43785 -79.96508,40.43764 -79.96655,40.4363 -79.96937,40.43625 -79.97069,40.43664 -79.97279,40.43688 -79.98374,40.43554 -79.98651,40.43509 -79.98886,40.43492 -79.99168,40.43499 -79.99429,40.43581 -79.99464,40.43604 -79.99479,40.43638 -79.99429,40.43776 -79.99268,40.44113 -79.99261,40.44131 -79.99278,40.44163 -79.99414,40.44187 -79.995,40.44216 -79.99682,40.43946 -80.00267,40.44165"
sunday,kept,239.8,"-80.00421,40.44148 -80.00515,40.44155 -80.0069,40.44103"
sunday,kept,60.0,"-80.00733,40.44088 -80.00797,40.44065"
sunday,kept,20.0,"-80.00838,40.44047 -80.00858,40.44038"
sunday,kept,20.0,"-80.10866,40.42397 -80.10889,40.424"
sunday,kept,20.0,"-80.11167,40.42442 -80.11191,40.42446"
sunday,kept,20.0,"-80.13335,40.42949 -80.13356,40.42958"
sunday,kept,20.0,"-80.13459,40.43002 -80.13479,40.43011"
sunday,kept,15696.0,"-80.1352,40.43029 -80.13949,40.43219 -80.16296,40.44424 -80.16487,40.44583 -80.16779,40.44993 -80.16832,40.45052 -80.16914,40.45116 -80.17081,40.45182 -80.17613,40.45262 -80.1777,40.45299 -80.18391,40.45519 -80.18571,40.45604 -80.18713,40.45699 -80.19152,40.46051 -80.19608,40.46596 -80.19701,40.46677 -80.19794,40.46733 -80.19961,40.46798 -80.20329,40.46863 -80.20485,40.46905 -80.20588,40.46949 -80.21009,40.4718 -80.21113,40.47223 -80.21337,40.47276 -80.21526,40.47285 -80.22766,40.47158 -80.22944,40.47112 -80.23417,40.46876 -80.23542,40.46824 -80.23793,40.46776 -80.23958,40.46773 -80.24144,40.46797 -80.24297,40.46844 -80.24438,40.4691 -80.24593,40.4702 -80.2539,40.478 -80.25563,40.47921 -80.26235,40.48312 -80.26333,40.4839 -80.26398,40.48465 -80.26439,40.48529 -80.26454,40.48582 -80.26443,40.48707 -80.26373,40.48819 -80.26138,40.48996 -80.25908,40.4915 -80.25809,40.49199 -80.25657,40.49249 -80.25495,40.49273 -80.25238,40.49259 -80.25169,40.49272 -80.2507,40.49319 -80.24935,40.49419 -80.24917,40.49637"
sunday,kept,10195.6,"-80.24916,40.49656 -80.2492,40.49745 -80.2508,40.49901 -80.25137,40.49931 -80.25419,40.49945 -80.25818,40.49918 -80.26337,40.49938 -80.26495,40.49906 -80.26593,40.49857 -80.26691,40.49758 -80.26798,40.49408 -80.26964,40.48996 -80.26967,40.48925 -80.26945,40.48855 -80.26895,40.48794 -80.26702,40.48663 -80.26265,40.48288 -80.25587,40.47898 -80.2543,40.47789 -80.24647,40.47024 -80.24481,40.46896 -80.24322,40.4682 -80.24099,40.4676 -80.23936,40.46743 -80.23748,40.46751 -80.23588,40.46782 -80.23437,40.46833 -80.23006,40.47053 -80.22812,40.47119 -80.21902,40.47222 -80.21503,40.47253 -80.21292,40.47236 -80.21134,40.47199 -80.20991,40.47137 -80.20527,40.4689 -80.20374,40.46843 -80.19938,40.46764 -80.19852,40.46734 -80.19735,40.46674"
sunday,kept,120.0,"-80.19699,40.46651 -80.19604,40.46571"
sunday,kept,40.0,"-80.19577,40.46542 -80.19551,40.46512"
sunday,kept,40.0,"-80.19427,40.46359 -80.19403,40.46328"
sunday,kept,20.0,"-80.19265,40.4616 -80.19253,40.46145"
sunday,kept,60.0,"-80.19062,40.45963 -80.19013,40.45924"
sunday,kept,20.0,"-80.18915,40.45846 -80.18899,40.45833"
sunday,kept,100.0,"-80.18718,40.45691 -80.18634,40.45629"
sunday,kept,40.0,"-80.18502,40.45554 -80.18461,40.45535"
sunday,kept,80.0,"-80.18293,40.45471 -80.18207,40.45441"
sunday,kept,20.0,"-80.18036,40.45379 -80.18015,40.45372"
sunday,kept,20.0,"-80.17972,40.45357 -80.17951,40.45349"
sunday,kept,20.0,"-80.17688,40.45269 -80.17665,40.45264"
sunday,kept,20.0,"-80.1755,40.45245 -80.17527,40.45242"
sunday,kept,20.0,"-80.17388,40.45222 -80.17364,40.45218"
sunday,kept,40.0,"-80.17248,40.45202 -80.17202,40.45195"
sunday,kept,40.0,"-80.1711,40.45179 -80.17065,40.45168"
sunday,kept,20.0,"-80.16814,40.45011 -80.16801,40.44996"
sunday,kept,20.0,"-80.16575,40.4468 -80.16564,40.44665"
sunday,kept,60.0,"-80.16489,40.44573 -80.16446,40.4453"
sunday,kept,20.0,"-80.16188,40.44347 -80.16169,40.44337"
sunday,kept,20.0,"-80.16012,40.44257 -80.15992,40.44247"
sunday,kept,100.0,"-80.15875,40.44187 -80.15777,40.44137"
sunday,kept,100.0,"-80.15698,40.44098 -80.15599,40.44048"
sunday,kept,100.0,"-80.15521,40.44008 -80.15423,40.43958"
sunday,kept,100.0,"-80.15344,40.43918 -80.15247,40.43868"
sunday,kept,100.0,"-80.15168,40.43828 -80.1507,40.43777"
sunday,kept,40.0,"-80.14992,40.43737 -80.14953,40.43717"
sunday,kept,20.0,"-80.14914,40.43697 -80.14894,40.43687"
sunday,kept,40.0,"-80.14816,40.43647 -80.14776,40.43627"
sunday,kept,20.0,"-80.14737,40.43607 -80.14718,40.43597"
sunday,kept,20.0,"-80.14561,40.43517 -80.14541,40.43507"
sunday,kept,40.0,"-80.14463,40.43467 -80.14423,40.43447"
sunday,kept,20.0,"-80.14384,40.43427 -80.14365,40.43417"
sunday,kept,20.0,"-80.14208,40.43337 -80.14188,40.43327"
sunday,kept,20.0,"-80.14031,40.43247 -80.14012,40.43237"
sunday,kept,60.0,"-80.13892,40.43179 -80.13832,40.43151"
sunday,kept,18.8,"-80.08162,40.41338 -80.08154,40.41322"
sunday,kept,20.0,"-80.08578,40.41172 -80.08594,40.41159"
sunday,kept,379.9,"-79.99998,40.44232 -79.99598,40.44079"
sunday,kept,119.4,"-79.99324,40.44163 -79.99306,40.44131 -79.99319,40.4406"
sunday,kept,40.0,"-79.99332,40.44026 -79.99346,40.43991"
sunday,kept,20.0,"-79.99364,40.43939 -79.99373,40.43923"
sunday,kept,20.0,"-79.99422,40.43841 -79.99432,40.43825"
sunday,kept,279.2,"-79.99456,40.43793 -79.99518,40.43717 -79.99535,40.43666 -79.99512,40.43616 -79.99457,40.43583"
sunday,kept,20.0,"-79.99264,40.43516 -79.99242,40.43509"
sunday,kept,20.0,"-79.99174,40.43493 -79.99151,40.43489"
sunday,kept,80.0,"-79.98821,40.43488 -79.98727,40.43495"
sunday,kept,20.0,"-79.98587,40.43511 -79.98564,40.43515"
sunday,kept,20.0,"-79.98425,40.43536 -79.98402,40.43539"
sunday,kept,40.0,"-79.98286,40.43555 -79.98239,40.43561"
sunday,kept,20.0,"-79.98076,40.43582 -79.98053,40.43585"
sunday,kept,60.0,"-79.97936,40.43599 -79.97866,40.43607"
sunday,kept,60.0,"-79.97726,40.43623 -79.97656,40.4363"
sunday,kept,40.0,"-79.97516,40.43645 -79.97469,40.4365"
sunday,kept,359.9,"-79.97375,40.43658 -79.96954,40.43617"
sunday,kept,1839.4,"-79.96861,40.43607 -79.96485,40.43592 -79.9554,40.44268 -79.95072,40.44393"
sunday,kept,40.0,"-80.17205,40.45349 -80.17173,40.45375"
sunday,kept,60.0,"-80.17139,40.454 -80.17088,40.45437"
sunday,kept,20.0,"-80.16905,40.45549 -80.16883,40.45557"
sunday,kept,60.0,"-80.16461,40.45603 -80.16392,40.45594"
sunday,kept,159.9,"-80.16345,40.45592 -80.16157,40.45596"
sunday,added,100.0,"-80.16121,40.45569 -80.16138,40.4548"
sunday,added,60.0,"-80.16133,40.45426 -80.16121,40.45373"
sunday,kept,20.0,"-80.16107,40.45212 -80.16108,40.45194"
sunday,kept,5696.2,"-80.13358,40.45205 -80.13132,40.45154 -80.12876,40.45126 -80.12813,40.45101 -80.12648,40.45 -80.12525,40.44946 -80.12391,40.44913 -80.12137,40.44873 -80.12043,40.44878 -80.11977,40.44897 -80.11853,40.44979 -80.11747,40.45015 -80.11016,40.45 -80.10833,40.44968 -80.10149,40.44686 -80.10048,40.4461 -80.09951,40.44487 -80.09889,40.44434 -80.09683,40.44347 -80.0946,40.44161 -80.09239,40.44026 -80.09091,40.43973 -80.08927,40.43962 -80.08651,40.44009 -80.08392,40.44 -80.08068,40.44049 -80.07753,40.43979 -80.07317,40.43901"
sunday,kept,1008.9,"-80.06871,40.43813 -80.06913,40.43673 -80.06895,40.43622 -80.06797,40.43546 -80.06597,40.43502 -80.0652,40.43523 -80.06324,40.43747 -80.06331,40.43854"
sunday,kept,17.5,"-80.06602,40.43519 -80.06619,40.4351"
sunday,kept,40.0,"-80.1061,40.44892 -80.10651,40.4491"
sunday,kept,20.0,"-80.10775,40.44962 -80.10797,40.44969"
sunday,kept,20.0,"-80.10841,40.44983 -80.10863,40.44989"
sunday,kept,60.0,"-80.10932,40.45001 -80.11002,40.4501"
sunday,kept,20.0,"-80.11686,40.45021 -80.11709,40.45017"
sunday,kept,19.9,"-80.1186,40.44975 -80.11877,40.44962"
sunday,kept,20.0,"-79.76601,40.56407 -79.76604,40.56425"
sunday,added,5324.0,"-79.76638,40.56566 -79.76828,40.57343 -79.76825,40.57357 -79.76664,40.57382 -79.76732,40.57665 -79.76743,40.57988 -79.76423,40.57951 -79.76147,40.57998 -79.75787,40.58085 -79.75771,40.58093 -79.75818,40.58306 -79.75808,40.58341 -79.75684,40.58514 -79.75625,40.5857 -79.75494,40.58607 -79.75189,40.58633 -79.74941,40.58693 -79.75271,40.59365 -79.75672,40.59995"
sunday,kept,99.8,"-79.75676,40.60013 -79.75698,40.601"
sunday,added,332.3,"-79.75701,40.60118 -79.75736,40.60127 -79.75755,40.60119 -79.75758,40.60101 -79.7568,40.59932 -79.75668,40.59916 -79.75623,40.59915"
sunday,added,20.0,"-79.75648,40.59983 -79.75654,40.6"
sunday,kept,287.7,"-79.75404,40.60174 -79.75446,40.60238 -79.75437,40.6025 -79.75354,40.60284 -79.75262,40.603 -79.75252,40.60309 -79.7526,40.60325"
sunday,added,9448.0,"-79.75269,40.60342 -79.75309,40.60439 -79.74721,40.60705 -79.74751,40.60751 -79.74739,40.60762 -79.74475,40.60881 -79.74413,40.60906 -79.73577,40.61099 -79.73582,40.61241 -79.73597,40.61294 -79.73692,40.61396 -79.73528,40.61464 -79.73711,40.61735 -79.73449,40.61846 -79.73166,40.62036 -79.72974,40.62193 -79.72667,40.6197 -79.7265,40.61978 -79.72589,40.62029 -79.72662,40.62095 -79.7236,40.62295 -79.72357,40.62308 -79.72431,40.62374 -79.7236,40.62421 -79.72173,40.62606 -79.72112,40.62622 -79.72085,40.62651 -79.71954,40.62611 -79.71901,40.6258 -79.72209,40.62261 -79.72205,40.62245 -79.72166,40.62226 -79.7212,40.62225 -79.72041,40.6229 -79.72022,40.62341 -79.72086,40.62391 -79.71903,40.62578 -79.71952,40.6261 -79.72083,40.6265 -79.72107,40.62669 -79.71961,40.6276 -79.71746,40.62974 -79.71588,40.63107 -79.71288,40.63535 -79.71162,40.63786 -79.71108,40.63961 -79.70911,40.64809 -79.71024,40.64787 -79.71212,40.64783 -79.71223,40.64774 -79.71219,40.64629"
sunday,added,373.0,"-79.71218,40.64611 -79.71204,40.64439 -79.71111,40.64451 -79.71017,40.64442 -79.71003,40.64428"
sunday,added,738.8,"-79.71564,40.63169 -79.71799,40.62992 -79.72137,40.6267"
sunday,added,19.3,"-79.72204,40.62269 -79.72209,40.62252"
sunday,added,179.4,"-79.71973,40.62526 -79.7214,40.62623"
sunday,added,639.0,"-79.74765,40.6075 -79.75354,40.60485 -79.75321,40.60439"
sunday,kept,40.0,"-79.7569,40.6003 -79.75695,40.60066"
sunday,added,20.0,"-79.75558,40.59795 -79.75547,40.59779"
sunday,added,20.0,"-79.75441,40.59619 -79.7543,40.59603"
sunday,added,20.0,"-79.75409,40.59571 -79.75398,40.59555"
sunday,added,920.0,"-79.76721,40.57363 -79.76522,40.56551"
sunday,kept,19.9,"-80.0307,40.44354 -80.03073,40.44336"
sunday,kept,7786.1,"-80.03076,40.44301 -80.03087,40.44249 -80.03144,40.44216 -80.03565,40.44059 -80.03514,40.43943 -80.03523,40.43871 -80.03565,40.43768 -80.0357,40.43643 -80.03598,40.43576 -80.03734,40.43596 -80.0382,40.43625 -80.03904,40.43659 -80.03986,40.43714 -80.041,40.43729 -80.04342,40.43799 -80.04479,40.43826 -80.04644,40.43828 -80.04784,40.43811 -80.04901,40.43815 -80.0496,40.43803 -80.05062,40.43758 -80.0512,40.4375 -80.05237,40.4376 -80.05339,40.43797 -80.05386,40.43796 -80.05395,40.43771 -80.05361,40.43729 -80.05049,40.43516 -80.05028,40.43439 -80.05053,40.43362 -80.05216,40.43243 -80.05328,40.43135 -80.05345,40.43074 -80.05353,40.42848 -80.05396,40.42774 -80.05713,40.42645 -80.06339,40.42638 -80.06402,40.42615 -80.0657,40.4249 -80.0672,40.4228 -80.06672,40.41986 -80.06609,40.41747 -80.06619,40.41712 -80.06658,40.41667 -80.06732,40.41623 -80.06814,40.416 -80.07136,40.41582 -80.07179,40.41571 -80.07292,40.41414 -80.07443,40.41309 -80.07489,40.41304 -80.07736,40.41343 -80.0786,40.4131 -80.07931,40.41269 -80.08073,40.4113 -80.08234,40.41025"
sunday,added,795.7,"-80.08252,40.41015 -80.08345,40.41092 -80.08909,40.40737 -80.08966,40.40766"
sunday,added,58.0,"-80.08912,40.4074 -80.08901,40.40726 -80.08868,40.40751"
sunday,added,40.0,"-80.08755,40.40817 -80.08718,40.40838"
sunday,added,40.0,"-80.08609,40.40907 -80.08573,40.40931"
sunday,added,9.0,"-80.08344,40.41085 -80.08334,40.41087"
sunday,kept,3242.6,"-80.08262,40.41007 -80.08363,40.40935 -80.08374,40.40666 -80.08372,40.40576 -80.08266,40.3989 -80.08453,40.39698 -80.08635,40.39609 -80.08692,40.39552 -80.0877,40.39329 -80.08796,40.39056 -80.08839,40.38964 -80.08909,40.38882 -80.09245,40.38671 -80.09291,40.38677 -80.09297,40.38688 -80.09268,40.38757 -80.09275,40.38769 -80.09409,40.38803"
sunday,added,173.7,"-80.09431,40.38807 -80.09469,40.38806 -80.09505,40.38721 -80.09461,40.38708"
sunday,kept,5256.3,"-80.09439,40.38702 -80.09285,40.38661 -80.0926,40.38632 -80.09337,40.3837 -80.0941,40.38218 -80.09601,40.37949 -80.09886,40.37454 -80.0998,40.37169 -80.10131,40.36958 -80.10191,40.36902 -80.10859,40.36529 -80.10909,40.3649 -80.11012,40.36349 -80.11217,40.35863 -80.11216,40.35849 -80.10973,40.35738 -80.10965,40.35726 -80.11034,40.35632 -80.10631,40.35355 -80.10544,40.3527 -80.10465,40.34917 -80.10361,40.34924"
sunday,kept,194.4,"-80.10359,40.34933 -80.10379,40.3504 -80.10464,40.35037"
sunday,kept,20.0,"-80.10953,40.36425 -80.1094,40.3644"
sunday,kept,40.0,"-80.10797,40.36551 -80.10759,40.36572"
sunday,kept,18.7,"-80.10724,40.36591 -80.10708,40.36603"
sunday,kept,40.0,"-80.09302,40.38474 -80.09292,40.38509"
sunday,kept,20.0,"-80.09269,40.38579 -80.09263,40.38596"
sunday,kept,55.0,"-80.09246,40.3863 -80.09237,40.3866 -80.09259,40.38666"
sunday,kept,97.6,"-80.09342,40.38694 -80.0931,40.38778"
sunday,kept,79.9,"-80.09212,40.38666 -80.09155,40.38723"
sunday,kept,19.8,"-80.08764,40.39319 -80.08756,40.39336"
sunday,kept,40.0,"-80.08741,40.39382 -80.08729,40.39416"
sunday,kept,20.0,"-80.08711,40.39469 -80.08704,40.39486"
sunday,kept,32.9,"-80.08645,40.39582 -80.08619,40.39604"
sunday,kept,20.0,"-80.07936,40.41265 -80.07919,40.41278"
sunday,kept,36.9,"-80.07113,40.41582 -80.07069,40.41581"
sunday,kept,38.5,"-80.0624,40.4264 -80.06195,40.42639"
sunday,added,15.4,"-80.08904,40.40728 -80.0889,40.40737"
sunday,added,1938.0,"-80.0823,40.40995 -80.08047,40.40831 -80.07937,40.40799 -80.07752,40.40823 -80.0771,40.40809 -80.07518,40.40564 -80.07252,40.40447 -80.07024,40.40406 -80.06831,40.40274 -80.06716,40.40059 -80.06573,40.39998"
sunday,kept,1014.8,"-80.06552,40.3999 -80.06509,40.39974 -80.06493,40.39978 -80.06389,40.40076 -80.06152,40.4025 -80.06046,40.4029 -80.05689,40.40382 -80.0557,40.4044"
sunday,added,1159.1,"-80.0556,40.40424 -80.05512,40.40286 -80.0547,40.40243 -80.05412,40.40212 -80.05321,40.40194 -80.05134,40.402 -80.04951,40.4012 -80.04568,40.40027 -80.0445,40.39968"
sunday,kept,719.6,"-80.04455,40.39953 -80.04508,40.39873 -80.04646,40.39587 -80.04631,40.3939 -80.04596,40.39343"
sunday,added,499.9,"-80.04585,40.39327 -80.04354,40.39014 -80.0426,40.38962"
sunday,kept,1116.0,"-80.04239,40.38953 -80.04169,40.38953 -80.04115,40.38987 -80.03852,40.39167 -80.03568,40.39407 -80.03358,40.39551 -80.03321,40.39574 -80.03254,40.39569"
sunday,added,819.5,"-80.03231,40.39565 -80.03047,40.39531 -80.02796,40.39433 -80.0268,40.3942 -80.02633,40.39425 -80.02549,40.39458 -80.02438,40.39525 -80.02388,40.39585"
sunday,kept,1872.9,"-80.02378,40.39601 -80.02367,40.39616 -80.02303,40.39596 -80.01789,40.39225 -80.01708,40.3919 -80.01591,40.39179 -80.01432,40.39211 -80.01085,40.39223 -80.01074,40.39169 -80.01038,40.39123 -80.00835,40.39001 -80.00727,40.38863 -80.00666,40.38841"
sunday,added,1059.4,"-80.00642,40.3884 -80.0043,40.3883 -80.00321,40.388 -80.00127,40.38619 -79.99973,40.38536 -79.99906,40.38485 -79.99815,40.3836 -79.99713,40.38286"
sunday,kept,2394.0,"-79.99693,40.38276 -79.99605,40.38251 -79.99564,40.38152 -79.99426,40.38007 -79.99361,40.37911 -79.99314,40.37871 -79.99204,40.37842 -79.98968,40.37839 -79.98834,40.37805 -79.98485,40.37655 -79.98395,40.37597 -79.9832,40.37528 -79.98228,40.37383 -79.98198,40.37242 -79.98201,40.3717 -79.98225,40.37082 -79.98348,40.36831 -79.98303,40.36819"
sunday,added,159.7,"-79.98281,40.36812 -79.98229,40.36776 -79.98165,40.36702"
sunday,kept,1954.8,"-79.98148,40.36689 -79.98114,40.36664 -79.98097,40.36666 -79.98042,40.367 -79.97865,40.36749 -79.9761,40.36878 -79.97563,40.36918 -79.97524,40.36983 -79.97515,40.37054 -79.97553,40.37376 -79.97546,40.37915 -79.97578,40.38038 -79.97616,40.38038 -79.97623,40.38055 -79.97628,40.38073 -79.97608,40.38093"
sunday,kept,40.0,"-79.97596,40.38089 -79.97584,40.38054"
sunday,kept,20.0,"-79.99086,40.37852 -79.9911,40.37851"
sunday,kept,20.0,"-79.99406,40.38003 -79.99415,40.3802"
sunday,kept,259.7,"-79.99433,40.38053 -79.99494,40.38188 -79.9952,40.38218 -79.99581,40.38245"
sunday,kept,20.0,"-80.0449,40.39885 -80.04477,40.399"
sunday,kept,20.0,"-80.04453,40.39931 -80.04441,40.39947"
sunday,kept,20.0,"-80.0641,40.40058 -80.06427,40.40045"
sunday,kept,99.9,"-80.09381,40.38795 -80.09416,40.3871"
sunday,kept,19.8,"-80.09164,40.38718 -80.09149,40.38731"
sunday,kept,199.7,"-80.09083,40.38747 -80.08884,40.38654"
sunday,added,919.0,"-80.08875,40.38643 -80.08893,40.3861 -80.08983,40.38552 -80.09073,40.38426 -80.0908,40.38373 -80.09035,40.38216 -80.09106,40.38083 -80.09187,40.37973 -80.09213,40.37904"
sunday,kept,4764.7,"-80.09217,40.37887 -80.09187,40.37839 -80.0909,40.37761 -80.0868,40.37463 -80.08469,40.37387 -80.08344,40.37236 -80.08258,40.37174 -80.08189,40.37181 -80.08035,40.37139 -80.07966,40.3715 -80.0768,40.37234 -80.07641,40.37254 -80.07522,40.37365 -80.07465,40.37397 -80.07209,40.37488 -80.06893,40.3756 -80.06383,40.3788 -80.06332,40.3796 -80.06288,40.38001 -80.05952,40.38133 -80.05709,40.38243 -80.05591,40.38417 -80.05535,40.38449 -80.05337,40.38487 -80.0528,40.38389 -80.05234,40.38249 -80.0526,40.38126 -80.05259,40.38036 -80.05247,40.38028 -80.05206,40.38045"
sunday,added,659.8,"-80.05185,40.38054 -80.04935,40.38154 -80.04653,40.38173 -80.04443,40.38151"
sunday,kept,919.6,"-80.04425,40.38156 -80.04377,40.38368 -80.04399,40.38564 -80.04359,40.38741 -80.04281,40.38851 -80.04191,40.38934"
sunday,kept,20.0,"-80.03669,40.39323 -80.03653,40.39336"
sunday,kept,6879.1,"-80.03308,40.39581 -80.03213,40.39633 -80.03059,40.39678 -80.02593,40.39851 -80.02376,40.40016 -80.02235,40.40159 -80.01944,40.40395 -80.01905,40.4046 -80.01801,40.4081 -80.01766,40.40857 -80.016,40.41008 -80.01532,40.41057 -80.01174,40.41149 -80.01104,40.41195 -80.01085,40.41247 -80.01085,40.413 -80.01185,40.41651 -80.01166,40.41775 -80.01127,40.41841 -80.01084,40.41883 -80.0096,40.41966 -80.00713,40.42104 -80.00654,40.42159 -80.00632,40.4221 -80.00432,40.43186 -80.00416,40.43197 -80.00393,40.43194 -80.00219,40.43102 -80.00176,40.43089 -80.00164,40.43102 -80.00385,40.43218 -80.00028,40.43764 -80.00016,40.43777 -79.99484,40.43583"
sunday,kept,20.0,"-79.96142,40.43834 -79.96125,40.43846"
sunday,kept,20.0,"-79.95697,40.44156 -79.95681,40.44169"
sunday,kept,759.1,"-79.95153,40.44669 -79.94851,40.44701 -79.94264,40.44741"
sunday,kept,139.6,"-79.97304,40.43699 -79.97374,40.43701 -79.97447,40.43658"
sunday,kept,119.9,"-79.97504,40.43628 -79.97644,40.4361"
sunday,kept,120.0,"-79.9769,40.43605 -79.9783,40.43589"
sunday,kept,1319.8,"-79.97877,40.43583 -79.98296,40.43527 -79.98594,40.43475 -79.98853,40.43457 -79.99206,40.43477 -79.99274,40.43491 -79.99401,40.43539"
sunday,kept,15.4,"-79.99697,40.43651 -79.99709,40.43661"
sunday,kept,20.0,"-80.00244,40.43446 -80.00255,40.4343"
sunday,kept,17.0,"-80.00393,40.43222 -80.00408,40.43211"
sunday,kept,19.9,"-80.01556,40.41045 -80.01573,40.41032"
sunday,kept,19.9,"-80.02378,40.40014 -80.02394,40.40001"
sunday,kept,20.0,"-80.02528,40.399 -80.02545,40.39887"
sunday,kept,119.7,"-80.0927,40.38695 -80.09227,40.38758 -80.09272,40.3877"
sunday,kept,4933.9,"-80.03463,40.44063 -80.03437,40.44014 -80.03465,40.43692 -80.03383,40.43605 -80.03401,40.435 -80.03457,40.43471 -80.03692,40.43466 -80.03747,40.43433 -80.0382,40.43282 -80.03885,40.43187 -80.03983,40.42947 -80.04036,40.42888 -80.04129,40.42833 -80.04149,40.42801 -80.04154,40.42747 -80.04132,40.42623 -80.04148,40.42589 -80.04635,40.42175 -80.04643,40.42087 -80.04621,40.41963 -80.04502,40.4169 -80.04502,40.41439 -80.04518,40.41369 -80.04644,40.41117 -80.04704,40.41062 -80.05563,40.40446"
sunday,kept,1518.8,"-80.065,40.3997 -80.0655,40.39869 -80.06627,40.3957 -80.06631,40.39498 -80.06605,40.39375 -80.06631,40.39325 -80.06747,40.39237 -80.06808,40.3921 -80.07108,40.39164 -80.07369,40.39081 -80.07462,40.39072"
sunday,added,1019.3,"-80.07486,40.39073 -80.07739,40.39113 -80.07878,40.39097 -80.07964,40.39067 -80.08086,40.38984 -80.08276,40.38715 -80.08379,40.38642"
sunday,kept,379.9,"-80.08399,40.38634 -80.08559,40.38606 -80.08838,40.38643"
sunday,kept,318.4,"-80.10729,40.36615 -80.10827,40.36716 -80.10853,40.3676 -80.10972,40.36695"
sunday,kept,198.8,"-80.10973,40.36686 -80.1084,40.36541"
sunday,kept,134.9,"-80.06659,40.39294 -80.06574,40.39324 -80.06586,40.39371"
sunday,kept,19.9,"-80.04986,40.40862 -80.0497,40.40875"
sunday,kept,99.5,"-80.04636,40.42064 -80.04633,40.42153"
sunday,kept,215.1,"-80.03426,40.44025 -80.03256,40.44087 -80.03274,40.44134"
sunday,kept,659.6,"-79.99659,40.44318 -80.00011,40.43789"
sunday,kept,2611.1,"-80.01088,40.41344 -80.00914,40.41251 -80.0087,40.4121 -80.00873,40.41198 -80.00956,40.41164 -80.01059,40.41066 -80.01135,40.41024 -80.01333,40.40967 -80.01452,40.4091 -80.01515,40.40814 -80.01493,40.40618 -80.01543,40.40369 -80.01613,40.40217 -80.01714,40.40143 -80.01897,40.40111 -80.01955,40.40082 -80.02078,40.3995 -80.02293,40.39785 -80.02362,40.39632"
sunday,kept,992.6,"-80.01079,40.39228 -80.00584,40.39242 -80.00518,40.39228 -80.00459,40.3915 -80.00419,40.39132 -80.00043,40.39109 -80.00029,40.39116 -80.00026,40.39151"
sunday,kept,394.5,"-80.00025,40.39166 -80.00485,40.39201"
sunday,kept,20.0,"-80.01907,40.39309 -80.01923,40.39321"
sunday,kept,793.6,"-80.00104,40.43679 -80.0026,40.43745 -79.99921,40.44258"
sunday,kept,2844.9,"-79.97865,40.46928 -79.98192,40.46471 -79.9822,40.46453 -79.9823,40.46418 -79.98342,40.4626 -79.98503,40.46129 -79.98467,40.46065 -79.98792,40.45805 -79.99129,40.45677 -79.99299,40.45581 -79.99456,40.45541 -79.99453,40.45495 -79.99531,40.45455 -80.00147,40.45333"
sunday,kept,40.0,"-79.9977,40.45396 -79.99723,40.45403"
sunday,kept,40.0,"-79.99519,40.45446 -79.99478,40.45463"
sunday,kept,19.5,"-79.98234,40.46411 -79.98223,40.46426"
sunday,kept,8345.1,"-80.02721,40.43897 -80.02734,40.43906 -80.02685,40.44058 -80.02523,40.44033 -80.02464,40.44086 -80.02372,40.44069 -80.02218,40.43986 -80.02134,40.43923 -80.0193,40.43834 -80.01564,40.43638 -80.01647,40.43214 -80.01049,40.43111 -80.00737,40.42949 -80.00733,40.42883 -80.00824,40.42863 -80.00881,40.42788 -80.00903,40.42663 -80.00969,40.4251 -80.01236,40.42237 -80.0139,40.41785 -80.01309,40.41581 -80.01105,40.41565 -80.01131,40.41779 -80.01106,40.41809 -80.00908,40.41963 -80.00651,40.42053 -80.00537,40.42076 -80.00256,40.42104 -79.99926,40.42103 -79.998,40.42152 -79.99732,40.42167 -79.99237,40.42184 -79.9915,40.42243 -79.98925,40.42342 -79.98856,40.4239 -79.98844,40.42424 -79.98863,40.42456 -79.98905,40.42471 -79.98997,40.42477 -79.99033,40.425 -79.99066,40.42547 -79.99218,40.42632 -79.99355,40.42652 -79.99426,40.42722 -79.99621,40.42784 -80.00094,40.43048 -80.0016,40.43099"
sunday,kept,217.4,"-80.02523,40.44031 -80.02657,40.43886 -80.02679,40.43891"
sunday,kept,4358.0,"-79.97379,40.41055 -79.97372,40.4109 -79.9739,40.41097 -79.97549,40.41133 -79.97713,40.41149 -79.97724,40.41158 -79.97706,40.41246 -79.97785,40.41309 -79.97916,40.4135 -79.98765,40.41328 -79.98777,40.41337 -79.98787,40.41444 -79.98805,40.41476 -79.98815,40.41655 -79.98826,40.41666 -79.99699,40.41642 -79.99718,40.41645 -79.99733,40.41672 -80.00488,40.41658 -80.00493,40.41728 -80.00544,40.41867 -80.00539,40.41915 -80.00224,40.41992 -79.99735,40.42006 -79.99738,40.42149"
sunday,kept,339.0,"-80.00261,40.42118 -80.00342,40.42152 -80.00506,40.42144 -80.00644,40.42159"
sunday,kept,60.0,"-80.00043,40.41995 -80.00113,40.41994"
sunday,kept,458.0,"-79.99061,40.41654 -79.99052,40.41439 -79.98797,40.41452"
sunday,kept,559.2,"-79.9877,40.41395 -79.9818,40.41413 -79.98177,40.4136"
sunday,kept,593.8,"-79.97729,40.41135 -79.97728,40.40964 -79.97401,40.40931 -79.97382,40.41038"
sunday,kept,119.7,"-79.92088,40.45976 -79.92203,40.45913"
sunday,added,679.6,"-79.92208,40.45896 -79.92256,40.45593 -79.92088,40.45316"
sunday,kept,1971.9,"-79.92078,40.453 -79.92079,40.45288 -79.92216,40.45265 -79.92759,40.45046 -79.93567,40.44795 -79.94247,40.44743"
sunday,kept,4720.3,"-79.96602,40.43681 -79.96683,40.43646 -79.96872,40.43645 -79.97277,40.43769 -79.97388,40.43183 -79.97352,40.4297 -79.97364,40.42863 -79.97377,40.42849 -79.97422,40.4284 -79.98054,40.42877 -79.98087,40.42502 -79.97798,40.42438 -79.9777,40.42391 -79.97779,40.42302 -79.97856,40.42212 -79.98006,40.42126 -79.9807,40.42102 -79.98116,40.42097 -79.98395,40.42187 -79.98482,40.42127 -79.98606,40.42075 -79.98661,40.42018 -79.98755,40.41964 -79.98754,40.41932 -79.98633,40.41876 -79.98623,40.4186 -79.98649,40.41754 -79.98772,40.41483"
sunday,kept,4317.4,"-79.98809,40.41438 -79.98957,40.41213 -79.99125,40.40839 -79.99233,40.40642 -79.99129,40.40571 -79.99075,40.40513 -79.98939,40.40225 -79.98898,40.39922 -79.98639,40.3944 -79.98661,40.39226 -79.98656,40.39119 -79.98502,40.38857 -79.98439,40.38781 -79.98315,40.38699 -79.98059,40.38678 -79.97888,40.38582 -79.97711,40.38329 -79.97605,40.3811"
sunday,kept,20.0,"-79.98679,40.41681 -79.98671,40.41698"
sunday,kept,19.8,"-79.9861,40.42071 -79.98591,40.42081"
sunday,kept,19.9,"-79.97475,40.42839 -79.97452,40.42838"
sunday,kept,258.6,"-79.97406,40.42839 -79.97359,40.42835 -79.9735,40.42851 -79.97339,40.42958 -79.97351,40.43029"
sunday,kept,120.0,"-79.9737,40.43118 -79.97364,40.43225"
sunday,kept,60.0,"-79.9735,40.43296 -79.97339,40.43349"
sunday,kept,100.0,"-79.97319,40.43419 -79.97295,40.43507"
sunday,kept,120.0,"-79.97289,40.43543 -79.97269,40.4365"
sunday,kept,57.6,"-79.97262,40.43685 -79.9725,40.437 -79.97208,40.43699"
sunday,kept,40.0,"-79.97081,40.43652 -79.97037,40.4364"
sunday,kept,20.0,"-79.96903,40.43605 -79.9688,40.436"
sunday,kept,180.0,"-79.9674,40.43585 -79.96528,40.43582"
sunday,kept,1819.7,"-80.00146,40.43095 -79.99522,40.42881 -79.99407,40.4286 -79.98227,40.42886 -79.98062,40.42878"
sunday,kept,4600.9,"-79.97336,40.4283 -79.97125,40.42821 -79.9684,40.42743 -79.9699,40.42408 -79.96857,40.42371 -79.96779,40.4233 -79.96755,40.423 -79.96688,40.42287 -79.96588,40.4224 -79.96394,40.4211 -79.96474,40.41886 -79.96544,40.41839 -79.96658,40.41821 -79.96689,40.41799 -79.96678,40.41784 -79.96562,40.41768 -79.96542,40.41738 -79.96703,40.41718 -79.97052,40.41766 -79.97589,40.41714 -79.97672,40.41775 -79.97859,40.41794 -79.98092,40.4177 -79.98634,40.41757 -79.9883,40.41857 -79.9904,40.42001 -79.99136,40.42053 -79.99198,40.42108 -79.99233,40.42174"
sunday,kept,99.1,"-80.00525,40.42144 -80.00615,40.42132 -80.0062,40.42114"
sunday,kept,99.2,"-80.00612,40.42101 -80.00567,40.42095 -80.00512,40.42128"
sunday,kept,3573.2,"-80.0086,40.41197 -80.00776,40.4103 -80.00635,40.40936 -80.00596,40.40891 -80.0058,40.40839 -80.00592,40.40696 -80.00567,40.40627 -80.00511,40.40569 -80.00303,40.40423 -80.00237,40.40329 -80.00141,40.40018 -80.00111,40.39858 -80.00014,40.39675 -79.99935,40.39487 -79.99867,40.39373 -79.99827,40.39196 -79.99816,40.3898 -79.99796,40.38892 -79.9974,40.38793 -79.99622,40.38681 -79.99584,40.38616 -79.9961,40.38384 -79.9968,40.38272"
sunday,kept,3368.6,"-79.9836,40.36809 -79.98464,40.36589 -79.98471,40.36518 -79.98459,40.36465 -79.98261,40.36139 -79.98159,40.36097 -79.98101,40.3598 -79.98055,40.35946 -79.98016,40.35991 -79.97974,40.36129 -79.97921,40.36189 -79.97863,40.36219 -79.97753,40.36252 -79.97429,40.36398 -79.97314,40.36407 -79.97251,40.36383 -79.97104,40.36292 -79.97035,40.3628 -79.96966,40.36288 -79.96817,40.36342 -79.96692,40.36492 -79.96704,40.36526 -79.96811,40.36596 -79.96816,40.3663 -79.96714,40.36729 -79.9664,40.36773 -79.96528,40.36799 -79.9646,40.36789 -79.96415,40.36749 -79.96407,40.36714 -79.96419,40.36679"
sunday,added,297.1,"-79.96432,40.36664 -79.96536,40.36626 -79.96596,40.36575 -79.9651,40.3649"
sunday,kept,5485.2,"-79.96496,40.36475 -79.96441,40.36417 -79.96448,40.36383 -79.96434,40.36349 -79.96272,40.36173 -79.95911,40.35915 -79.9573,40.3575 -79.9557,40.3568 -79.95562,40.35664 -79.95603,40.3558 -79.95626,40.35474 -79.95626,40.35366 -79.95613,40.35333 -79.9541,40.3529 -79.95047,40.35061 -79.94964,40.35028 -79.94804,40.34996 -79.9478,40.34967 -79.94763,40.34879 -79.94723,40.34817 -79.9449,40.34833 -79.94474,40.3473 -79.94411,40.34707 -79.94358,40.34671 -79.9418,40.3446 -79.94075,40.34391 -79.94065,40.34346 -79.94076,40.34336 -79.94241,40.34329 -79.94285,40.3434 -79.94361,40.34406 -79.94407,40.34412 -79.94492,40.34397 -79.94476,40.34326 -79.94386,40.3418 -79.94393,40.34164 -79.94473,40.34126 -79.94393,40.34164 -79.94386,40.3418 -79.94476,40.34326 -79.94492,40.34397 -79.9465,40.34399 -79.94741,40.34418 -79.94823,40.34453 -79.94919,40.34531 -79.95057,40.3474 -79.95092,40.34726 -79.95154,40.3465 -79.95194,40.34665"
sunday,kept,1536.3,"-79.95231,40.34726 -79.95173,40.34779 -79.95219,40.34769 -79.96156,40.34472 -79.96327,40.34377 -79.96627,40.34124"
sunday,added,2327.2,"-79.96643,40.3411 -79.96748,40.34013 -79.96884,40.33805 -79.96958,40.33735 -79.97058,40.33688 -79.97295,40.33607 -79.97434,40.33591 -79.97897,40.33654 -79.97914,40.33846 -79.97947,40.33894 -79.9808,40.33995 -79.98104,40.34026 -79.98123,40.34114 -79.98119,40.34204 -79.98483,40.34163"
sunday,added,131.9,"-79.98511,40.34173 -79.98508,40.34202 -79.98461,40.34208 -79.98441,40.34208 -79.98434,40.34172"
sunday,added,40.0,"-79.97791,40.33636 -79.97745,40.33629"
sunday,added,20.0,"-79.97629,40.33611 -79.97606,40.33607"
sunday,added,40.0,"-79.97491,40.33589 -79.97444,40.33584"
sunday,added,40.0,"-79.97373,40.33585 -79.97327,40.33591"
sunday,added,20.0,"-79.97282,40.33602 -79.9726,40.33609"
sunday,added,20.0,"-79.97024,40.33691 -79.97004,40.337"
sunday,added,40.0,"-79.96725,40.34026 -79.96696,40.34054"
sunday,kept,40.0,"-79.96492,40.34229 -79.9646,40.34256"
sunday,kept,20.0,"-79.95754,40.34595 -79.95732,40.34602"
sunday,kept,20.0,"-79.95688,40.34615 -79.95666,40.34622"
sunday,kept,20.0,"-79.9525,40.34749 -79.95228,40.34756"
sunday,kept,372.7,"-79.9516,40.34771 -79.94951,40.34795 -79.94912,40.34777 -79.94907,40.34747 -79.95045,40.34749"
sunday,kept,76.3,"-79.94071,40.34384 -79.9407,40.3442 -79.9408,40.34432 -79.94104,40.34431"
sunday,kept,39.7,"-79.94475,40.34806 -79.94474,40.34842"
sunday,kept,100.0,"-79.9461,40.34836 -79.94727,40.34828"
sunday,kept,19.5,"-79.9562,40.35342 -79.95627,40.35359"
sunday,kept,20.0,"-79.98067,40.35948 -79.98084,40.35961"
sunday,kept,3689.4,"-79.99428,40.45493 -79.99369,40.45524 -79.99253,40.45531 -79.99168,40.45591 -79.98718,40.45788 -79.98465,40.4595 -79.98311,40.46086 -79.97952,40.46486 -79.97546,40.47013 -79.97297,40.47229 -79.96826,40.47745 -79.96796,40.47811 -79.96845,40.47847 -79.96866,40.47844 -79.96928,40.47791 -79.96963,40.47799"
sunday,added,1094.6,"-79.96983,40.47809 -79.97497,40.48094 -79.97294,40.48314 -79.97303,40.4851 -79.97272,40.4853"
sunday,kept,6232.6,"-79.97251,40.48537 -79.97229,40.48544 -79.97227,40.48557 -79.97264,40.48623 -79.97263,40.48803 -79.97157,40.49078 -79.96948,40.49141 -79.96786,40.49164 -79.96637,40.49217 -79.9651,40.49298 -79.96436,40.49367 -79.96331,40.49409 -79.95672,40.49432 -79.95351,40.49373 -79.95093,40.49376 -79.9496,40.4941 -79.94868,40.49394 -79.94798,40.49355 -79.94666,40.4943 -79.94415,40.49645 -79.94187,40.49679 -79.94018,40.49581 -79.93958,40.49528 -79.93854,40.49566 -79.93577,40.49466 -79.93224,40.49456 -79.93118,40.49422 -79.92437,40.49476 -79.9232,40.49473 -79.91993,40.49438 -79.91372,40.49328 -79.91137,40.49311 -79.91049,40.49286"
sunday,kept,658.8,"-79.96924,40.47778 -79.96894,40.47731 -79.96903,40.47697 -79.97148,40.47455 -79.97273,40.47282"
sunday,kept,40.0,"-79.97354,40.47194 -79.97386,40.47167"
sunday,kept,20.0,"-79.97592,40.46972 -79.97604,40.46956"
sunday,kept,40.0,"-79.9771,40.46816 -79.97735,40.46786"
sunday,kept,200.0,"-79.97802,40.46712 -79.97927,40.4656"
sunday,kept,200.0,"-79.97952,40.46529 -79.98076,40.46376"
sunday,kept,40.0,"-79.98099,40.46345 -79.9812,40.46313"
sunday,kept,40.0,"-79.98209,40.46207 -79.98236,40.46178"
sunday,kept,40.0,"-79.98441,40.45981 -79.98474,40.45955"
sunday,kept,20.0,"-79.9901,40.45664 -79.9903,40.45655"
sunday,kept,20.0,"-79.99096,40.45635 -79.99119,40.45629"
sunday,kept,60.0,"-79.99163,40.45617 -79.99229,40.45596"
sunday,kept,20.0,"-79.99271,40.45581 -79.99292,40.45572"
sunday,kept,20.0,"-79.99334,40.45556 -79.99355,40.45548"
sunday,kept,40.0,"-79.99395,40.45529 -79.99432,40.45507"
sunday,kept,60.0,"-79.96371,40.43761 -79.96322,40.43722"
sunday,kept,8499.5,"-79.94276,40.44461 -79.93885,40.44393 -79.93337,40.43809 -79.93285,40.43774 -79.92721,40.43808 -79.92299,40.43805 -79.92283,40.43482 -79.92353,40.42946 -79.92487,40.42821 -79.92589,40.42777 -79.92761,40.42629 -79.92877,40.42281 -79.92884,40.42192 -79.92825,40.41982 -79.92814,40.41968 -79.9272,40.41962 -79.9261,40.41806 -79.92567,40.41632 -79.92445,40.415 -79.92066,40.4123 -79.91416,40.40739 -79.91897,40.40369 -79.91943,40.40364 -79.92017,40.40407 -79.9205,40.40454 -79.92052,40.40507 -79.91947,40.40688 -79.91865,40.40775 -79.91479,40.41066 -79.91085,40.41228 -79.90864,40.41291 -79.90848,40.41289 -79.90795,40.41151"
sunday,added,270.2,"-79.90788,40.41134 -79.9076,40.41065 -79.90779,40.41058 -79.90889,40.41036 -79.90938,40.41092"
sunday,added,160.0,"-79.9095,40.41106 -79.91054,40.41226"
sunday,kept,100.0,"-79.91687,40.40912 -79.9177,40.40849"
sunday,kept,20.0,"-79.91836,40.40797 -79.91852,40.40785"
sunday,kept,38.7,"-79.91965,40.40364 -79.91933,40.40339"
sunday,kept,20.0,"-79.92006,40.40398 -79.92022,40.40411"
sunday,kept,20.0,"-79.9186,40.40779 -79.91843,40.40792"
sunday,kept,100.0,"-79.91778,40.40844 -79.91694,40.40907"
sunday,kept,538.0,"-79.91392,40.41105 -79.91345,40.41103 -79.91305,40.41086 -79.91231,40.40974 -79.91223,40.4092 -79.91246,40.4087 -79.91411,40.40743"
sunday,kept,19.8,"-79.92557,40.41636 -79.92567,40.41653"
sunday,kept,19.0,"-79.9387,40.44384 -79.93889,40.44394"
sunday,kept,19.9,"-79.9639,40.43779 -79.96376,40.43765"
sunday,kept,1818.9,"-79.93239,40.36177 -79.93519,40.35741 -79.93595,40.35673 -79.9377,40.35553 -79.94127,40.35151 -79.94237,40.35058 -79.94415,40.3494 -79.94479,40.34866"
sunday,kept,1095.5,"-79.94485,40.34835 -79.93946,40.3488 -79.93925,40.34871 -79.93906,40.3484 -79.9392,40.34643 -79.93882,40.34485 -79.9395,40.34474 -79.94076,40.34428"
sunday,kept,235.5,"-79.94503,40.34116 -79.94612,40.3409 -79.94615,40.34072 -79.94491,40.34121"
sunday,kept,19.9,"-79.94845,40.34467 -79.94863,40.34478"
sunday,kept,412.0,"-79.9488,40.34753 -79.94723,40.3477 -79.94732,40.34822 -79.94985,40.34804"
sunday,kept,40.0,"-79.95101,40.34789 -79.95147,40.34782"
sunday,kept,2757.3,"-79.96507,40.34241 -79.96577,40.34236 -79.96633,40.34207 -79.97161,40.34405 -79.97249,40.34463 -79.97296,40.34525 -79.974,40.34745 -79.97653,40.35025 -79.97895,40.35455 -79.98122,40.3579 -79.98173,40.35891 -79.9825,40.36116"
sunday,kept,360.0,"-79.98404,40.36392 -79.98264,40.36537 -79.98133,40.3664"
sunday,kept,237.4,"-79.96631,40.34193 -79.96518,40.34103 -79.96527,40.34088 -79.96549,40.34083 -79.96601,40.34118"
sunday,kept,59.8,"-79.94063,40.34402 -79.94019,40.34441"
sunday,kept,20.0,"-79.93977,40.34457 -79.93955,40.34464"
sunday,kept,52.7,"-79.93905,40.34852 -79.93903,40.34887 -79.93915,40.34894"
sunday,kept,60.0,"-79.94031,40.34879 -79.94102,40.34872"
sunday,kept,80.0,"-79.94289,40.34856 -79.94383,40.3485"
sunday,kept,58.4,"-79.94429,40.34854 -79.94444,40.34867 -79.94448,40.34901"
sunday,kept,20.0,"-79.94248,40.3505 -79.9423,40.35062"
sunday,kept,40.0,"-79.93688,40.35603 -79.93655,40.35629"
sunday,kept,14417.8,"-79.93849,40.34492 -79.93836,40.34505 -79.93838,40.34666 -79.93729,40.34732 -79.93191,40.34786 -79.93003,40.34782 -79.92958,40.34792 -79.92924,40.34817 -79.92679,40.34683 -79.92614,40.34608 -79.92594,40.34617 -79.92496,40.3454 -79.92377,40.34481 -79.92142,40.34398 -79.92025,40.34388 -79.91884,40.34393 -79.91814,40.34387 -79.91749,40.34364 -79.91739,40.34334 -79.9168,40.34315 -79.91558,40.3423 -79.91471,40.34048 -79.91287,40.34059 -79.91036,40.34109 -79.9103,40.34122 -79.91046,40.34211 -79.91174,40.3422 -79.91231,40.34298 -79.91232,40.3437 -79.91215,40.34421 -79.91237,40.34427 -79.91283,40.34292 -79.91197,40.34087 -79.91203,40.34076 -79.91341,40.34052 -79.91475,40.34055 -79.91531,40.34192 -79.91505,40.34215 -79.91516,40.3423 -79.91558,40.34245 -79.91664,40.34317 -79.91696,40.34361 -79.91894,40.34394 -79.92035,40.34389 -79.92152,40.34399 -79.92386,40.34484 -79.92521,40.34556 -79.92599,40.34624 -79.92657,40.34702 -79.92698,40.34805 -79.92707,40.34876 -79.92709,40.3502 -79.92695,40.35029 -79.92371,40.35078 -79.92259,40.35106 -79.91435,40.35417 -79.90853,40.35862 -79.90778,40.35993 -79.9076,40.36262 -79.90778,40.36368 -79.90834,40.36486 -79.91031,40.36752 -79.91043,40.36787 -79.91027,40.3691 -79.9106,40.36933 -79.91246,40.36959 -79.9129,40.36971 -79.91296,40.36982 -79.91196,40.37368 -79.91077,40.37502 -79.90732,40.37952 -79.90622,40.3815 -79.90502,40.38201 -79.90118,40.38916 -79.90031,40.39214 -79.9002,40.39357 -79.89951,40.39508 -79.89983,40.39613 -79.90168,40.39776 -79.90264,40.39736 -79.90279,40.39742 -79.90656,40.40176 -79.90906,40.40367 -79.90815,40.40442 -79.90813,40.40456 -79.91251,40.40856"
sunday,kept,39.5,"-79.91308,40.41105 -79.91295,40.41138"
sunday,kept,20.0,"-79.90885,40.4035 -79.90868,40.40337"
sunday,kept,20.0,"-79.90767,40.40262 -79.90749,40.4025"
sunday,kept,20.0,"-79.9155,40.35373 -79.91572,40.35366"
sunday,kept,20.0,"-79.92548,40.35056 -79.92571,40.35052"
sunday,kept,37.9,"-79.91744,40.34344 -79.91735,40.34328 -79.91713,40.34327"
sunday,kept,636.7,"-79.9623,40.42423 -79.96245,40.42409 -79.96262,40.42417 -79.96687,40.42702 -79.96818,40.42741"
sunday,kept,774.6,"-79.94906,40.44707 -79.95195,40.45179 -79.95193,40.45192 -79.94996,40.45251"
sunday,kept,6711.2,"-79.94736,40.45331 -79.94777,40.45472 -79.94737,40.4583 -79.94601,40.45996 -79.94607,40.46009 -79.95289,40.46361 -79.96185,40.46207 -79.96697,40.4616 -79.96705,40.4615 -79.96553,40.45848 -79.96532,40.45842 -79.96514,40.45852 -79.965,40.45886 -79.96479,40.45893 -79.96459,40.45886 -79.96382,40.45776 -79.96494,40.45685 -79.97069,40.45649 -79.9718,40.45619 -79.97296,40.45566 -79.97394,40.45644 -79.97439,40.45644 -79.97475,40.45622 -79.97507,40.45622 -79.98434,40.44983 -79.98689,40.44823 -79.9938,40.45413 -79.99431,40.45472"
sunday,kept,139.3,"-80.00662,40.45528 -80.00617,40.45408"
sunday,kept,20.0,"-80.01414,40.45241 -80.01437,40.45236"
sunday,added,536.1,"-80.0146,40.45232 -80.01888,40.45146 -80.01843,40.45007"
sunday,kept,259.9,"-80.01837,40.44989 -80.01772,40.44761"
sunday,added,406.1,"-80.01767,40.44744 -80.01755,40.44679 -80.01967,40.44665 -80.01986,40.44671 -80.0201,40.44741 -80.01949,40.44752"
sunday,kept,229.8,"-80.01909,40.44755 -80.01893,40.44762 -80.01897,40.4478 -80.02011,40.44776 -80.02078,40.44787 -80.02099,40.44759"
sunday,added,119.4,"-80.02093,40.44741 -80.02066,40.44693 -80.02004,40.44668"
sunday,kept,19.9,"-80.00647,40.4551 -80.00653,40.45527"
sunday,kept,317.5,"-79.96752,40.45677 -79.96433,40.45825"
sunday,kept,770.4,"-79.96829,40.42765 -79.96799,40.42833 -79.9658,40.42773 -79.96346,40.42623 -79.96282,40.42605 -79.96178,40.42532 -79.96151,40.42503 -79.96154,40.42489"
sunday,kept,27242.4,"-79.9516,40.34641 -79.9537,40.3432 -79.95405,40.34019 -79.95305,40.33971 -79.95206,40.33895 -79.9511,40.33843 -79.9515,40.33777 -79.95146,40.33762 -79.94853,40.33646 -79.94765,40.33587 -79.94696,40.33515 -79.94576,40.33168 -79.94422,40.32586 -79.94215,40.32114 -79.94059,40.32271 -79.94036,40.32359 -79.9391,40.3263 -79.93818,40.3287 -79.93729,40.32997 -79.93689,40.33118 -79.9356,40.33196 -79.93385,40.33243 -79.93201,40.33056 -79.93181,40.32987 -79.93186,40.32879 -79.93162,40.3281 -79.92996,40.32635 -79.92797,40.32541 -79.92731,40.3249 -79.92641,40.32269 -79.92695,40.32253 -79.92858,40.32242 -79.93003,40.32302 -79.93048,40.32304 -79.93139,40.32188 -79.93135,40.32082 -79.93339,40.31998 -79.93334,40.31947 -79.93396,40.31852 -79.93381,40.31818 -79.93307,40.31783 -79.93291,40.31789 -79.93389,40.31836 -79.93397,40.31853 -79.93333,40.31948 -79.9334,40.32 -79.93135,40.32083 -79.93139,40.32189 -79.93056,40.32298 -79.93014,40.32306 -79.92848,40.3224 -79.92637,40.32261 -79.92566,40.3219 -79.92376,40.32064 -79.9217,40.31853 -79.91765,40.31606 -79.91714,40.31526 -79.91649,40.31158 -79.91582,40.31043 -79.91508,40.3098 -79.91364,40.30918 -79.9095,40.3068 -79.90865,40.30649 -79.90708,40.3065 -79.90417,40.30708 -79.90159,40.30699 -79.89929,40.3074 -79.89859,40.30743 -79.89769,40.30722 -79.89615,40.30639 -79.89566,40.30601 -79.89538,40.30552 -79.89526,40.30482 -79.89538,40.30447 -79.89619,40.30383 -79.89647,40.30314 -79.89647,40.30261 -79.89618,40.30193 -79.89499,40.30038 -79.89411,40.29852 -79.89383,40.29565 -79.89364,40.29496 -79.89334,40.29469 -79.89209,40.29418 -79.88888,40.2936 -79.8888,40.29348 -79.88898,40.29277 -79.88936,40.29232 -79.88962,40.29163 -79.88987,40.29021 -79.89048,40.28945 -79.89314,40.28741 -79.89491,40.28693 -79.89592,40.28646 -79.89609,40.28676 -79.89561,40.28756 -79.89557,40.28792 -79.89583,40.28841 -79.89624,40.28845 -79.89624,40.28877 -79.89643,40.28875 -79.89636,40.28842 -79.89592,40.28844 -79.89558,40.28801 -79.89564,40.28748 -79.89607,40.28685 -79.89598,40.28651 -79.89481,40.28697 -79.89304,40.28746 -79.89118,40.28883 -79.89002,40.28996 -79.88939,40.29223 -79.88876,40.29318 -79.88842,40.29342 -79.88819,40.29347 -79.88291,40.29252 -79.88117,40.29198 -79.87799,40.29262 -79.87494,40.29234 -79.87468,40.29297 -79.87462,40.29602 -79.87496,40.29761 -79.87517,40.29812 -79.87817,40.30239 -79.87879,40.30294 -79.87971,40.30349 -79.88283,40.30476 -79.88621,40.30685 -79.89011,40.30901 -79.89103,40.30983 -79.89095,40.31016 -79.88837,40.31173 -79.88539,40.31474 -79.88746,40.31548 -79.88859,40.31612 -79.89034,40.31795 -79.89133,40.32101 -79.8924,40.32106 -79.89255,40.33078 -79.8901,40.33678 -79.88757,40.34064 -79.8859,40.34238 -79.88206,40.34578 -79.87793,40.34846 -79.87421,40.35002 -79.87352,40.3501 -79.8714,40.35005 -79.86881,40.35092 -79.86746,40.35124 -79.86444,40.35163 -79.85975,40.35205 -79.85976,40.35235 -79.86092,40.35226"
sunday,kept,138.0,"-79.86109,40.35225 -79.86227,40.35219 -79.86223,40.35185"
sunday,kept,419.9,"-79.88204,40.34589 -79.88246,40.34573 -79.884,40.34461 -79.88534,40.34314"
sunday,kept,20.0,"-79.88557,40.34282 -79.88568,40.34266"
sunday,kept,99.8,"-79.89252,40.33087 -79.89253,40.32997"
sunday,kept,20.0,"-79.89248,40.32591 -79.89248,40.32573"
sunday,kept,19.9,"-79.88562,40.31472 -79.88553,40.31455"
sunday,kept,58.8,"-79.89117,40.31002 -79.89133,40.3099 -79.89102,40.30963"
sunday,kept,39.9,"-79.8907,40.30937 -79.89034,40.30914"
sunday,kept,19.1,"-79.88417,40.30559 -79.884,40.30548"
sunday,kept,17.8,"-79.8746,40.29489 -79.87463,40.29473"
sunday,kept,40.0,"-79.88826,40.29348 -79.88872,40.29357"
sunday,kept,15.0,"-79.89618,40.28869 -79.89628,40.2888"
sunday,kept,27.8,"-79.89523,40.30457 -79.89515,40.30479"
sunday,kept,20.0,"-79.90341,40.30711 -79.90365,40.30711"
sunday,kept,15.8,"-79.90926,40.30671 -79.90943,40.30677"
sunday,kept,20.0,"-79.93658,40.33142 -79.93676,40.3313"
sunday,kept,79.9,"-79.94787,40.3362 -79.94861,40.33664"
sunday,kept,20.0,"-79.94903,40.33682 -79.94923,40.3369"
sunday,kept,20.0,"-79.94966,40.33706 -79.94987,40.33714"
sunday,kept,4048.0,"-79.82913,40.34325 -79.83426,40.34985 -79.83443,40.35037 -79.83393,40.35249 -79.83463,40.35458 -79.83522,40.35514 -79.83625,40.35447 -79.83778,40.35287 -79.83861,40.35256 -79.84239,40.35254 -79.84387,40.35295 -79.84398,40.35269 -79.84283,40.35209 -79.84239,40.35249 -79.84505,40.35344 -79.84822,40.35276 -79.8515,40.35248 -79.85951,40.35206"
sunday,kept,3653.6,"-79.88323,40.3449 -79.88371,40.34452 -79.88437,40.34461 -79.89034,40.34751 -79.89263,40.34955 -79.89601,40.35081 -79.89684,40.35229 -79.89693,40.35408 -79.89719,40.35532 -79.89756,40.35577 -79.89796,40.35596 -79.89936,40.35605 -79.89978,40.3559 -79.90134,40.3539 -79.90203,40.35276 -79.90239,40.35253 -79.90374,40.35224 -79.90583,40.3525 -79.90698,40.35233 -79.90806,40.35197 -79.90853,40.352 -79.9089,40.35221 -79.90948,40.35299 -79.90998,40.35336 -79.91207,40.35419 -79.91371,40.35424 -79.91386,40.35434"
sunday,kept,10637.6,"-79.91309,40.36977 -79.91501,40.3711 -79.91754,40.37242 -79.92012,40.37398 -79.92068,40.37516 -79.92061,40.37641 -79.92074,40.37712 -79.92121,40.37773 -79.92233,40.37839 -79.92567,40.37971 -79.92927,40.38255 -79.93132,40.38377 -79.93177,40.38417 -79.93199,40.38468 -79.93202,40.38664 -79.93264,40.38673 -79.93253,40.38889 -79.9328,40.38976 -79.93336,40.38985 -79.93353,40.39073 -79.93438,40.39159 -79.93468,40.39207 -79.93574,40.39975 -79.93606,40.4 -79.93814,40.40027 -79.94093,40.40193 -79.94192,40.40293 -79.94238,40.40394 -79.94406,40.40992 -79.94503,40.41194 -79.9453,40.41317 -79.94865,40.4197 -79.95202,40.42484 -79.95216,40.42496 -79.95308,40.42504 -79.95558,40.42787 -79.95808,40.43026 -79.95922,40.43116 -79.96172,40.43252 -79.96748,40.43498 -79.97017,40.43565 -79.97299,40.43584 -79.97652,40.43567 -79.98116,40.435 -79.98351,40.43507"
sunday,kept,40.0,"-79.98418,40.43491 -79.98464,40.43483"
sunday,kept,40.0,"-79.98533,40.4347 -79.98579,40.43464"
sunday,kept,200.0,"-79.98767,40.4345 -79.99003,40.4345"
sunday,kept,19.7,"-79.9919,40.43466 -79.99213,40.43469"
sunday,kept,139.9,"-80.00039,40.43786 -80.00188,40.43841"
sunday,kept,99.9,"-79.98253,40.43494 -79.98135,40.43493"
sunday,kept,20.0,"-79.95904,40.43103 -79.95887,40.4309"
sunday,kept,98.9,"-79.95307,40.42502 -79.95272,40.42483 -79.95201,40.42481"
sunday,kept,20.0,"-79.9358,40.39962 -79.93575,40.39945"
sunday,kept,80.0,"-79.93554,40.39784 -79.93545,40.39712"
sunday,kept,60.0,"-79.93522,40.39534 -79.93515,40.3948"
sunday,kept,80.0,"-79.93497,40.39337 -79.93487,40.39265"
sunday,kept,314.8,"-79.93475,40.39176 -79.93446,40.3898 -79.93436,40.38969 -79.93342,40.38977"
sunday,kept,139.7,"-79.93212,40.38436 -79.93194,40.38384 -79.93114,40.38349"
sunday,kept,19.9,"-79.91512,40.37116 -79.91494,40.37105"
sunday,kept,19.6,"-79.91389,40.35442 -79.9138,40.35426"
sunday,kept,20.0,"-79.89131,40.34818 -79.89117,40.34803"
sunday,kept,39.5,"-79.88415,40.34444 -79.8837,40.34444"
sunday,kept,20.0,"-79.86074,40.35198 -79.86051,40.35199"
sunday,kept,20.0,"-79.83633,40.35439 -79.83619,40.35452"
sunday,kept,19.8,"-79.83521,40.35498 -79.83499,40.35492"
sunday,kept,20.0,"-79.83251,40.34761 -79.83228,40.34765"
sunday,added,376.7,"-79.83205,40.34768 -79.83113,40.34783 -79.83068,40.34821 -79.83026,40.3481 -79.82904,40.34656"
sunday,kept,634.7,"-79.82888,40.34643 -79.82721,40.34578 -79.82603,40.34407 -79.82766,40.34394 -79.82887,40.34339"
sunday,kept,19.9,"-79.91214,40.40822 -79.91199,40.40809"
sunday,kept,374.0,"-79.91096,40.40699 -79.91227,40.40605 -79.91414,40.40742"
sunday,kept,3257.7,"-79.92487,40.41537 -79.92493,40.41503 -79.92465,40.41474 -79.92358,40.41379 -79.92296,40.41355 -79.92246,40.41317 -79.92282,40.41176 -79.92316,40.41131 -79.92499,40.41052 -79.92544,40.41043 -79.92614,40.4105 -79.9265,40.41029 -79.92652,40.40994 -79.92582,40.40901 -79.9258,40.4083 -79.92637,40.40751 -79.9272,40.40688 -79.9274,40.40679 -79.9279,40.4071 -79.92959,40.40771 -79.92987,40.4075 -79.9297,40.4074 -79.92931,40.40756 -79.92821,40.40723 -79.92763,40.40693 -79.9275,40.40678 -79.92765,40.40668 -79.92941,40.40617 -79.9327,40.40621 -79.93331,40.40593 -79.93446,40.40504 -79.93535,40.40482 -79.93581,40.40488 -79.9404,40.40673 -79.94286,40.40612"
sunday,kept,2315.9,"-79.94482,40.41129 -79.94777,40.41069 -79.948,40.41069 -79.9481,40.41084 -79.94857,40.41186 -79.94993,40.41375 -79.95049,40.41493 -79.95075,40.41635 -79.95062,40.41778 -79.95079,40.41884 -79.95114,40.41931 -79.95353,40.42418 -79.95582,40.42646 -79.95579,40.42698 -79.95526,40.42733"
sunday,kept,20.0,"-79.95782,40.42994 -79.95801,40.42984"
sunday,added,719.8,"-79.9582,40.42973 -79.9625,40.4272 -79.96451,40.42544"
sunday,kept,17.0,"-79.95526,40.42752 -79.95518,40.42738"
sunday,kept,20.0,"-79.95119,40.41919 -79.95108,40.41903"
sunday,kept,37.4,"-79.92981,40.40762 -79.92985,40.40746 -79.92964,40.40741"
sunday,kept,1546.6,"-79.88873,40.44679 -79.88762,40.44501 -79.88702,40.44291 -79.88666,40.4427 -79.8859,40.44401 -79.88602,40.44412 -79.89509,40.44713 -79.89528,40.44688"
sunday,added,779.4,"-79.89533,40.4467 -79.8973,40.44172 -79.89777,40.44033 -79.89777,40.43997"
sunday,kept,1539.7,"-79.89769,40.4398 -79.89564,40.43502 -79.89268,40.43093 -79.8914,40.42804 -79.89066,40.42713"
sunday,added,1522.3,"-79.89049,40.42701 -79.88881,40.4255 -79.88816,40.42566 -79.88706,40.42555 -79.88637,40.42763 -79.88643,40.42799 -79.88618,40.42896 -79.88687,40.42903 -79.88791,40.4259 -79.88873,40.42556 -79.88876,40.4254 -79.88708,40.42369"
sunday,kept,490.7,"-79.88694,40.42355 -79.8868,40.4234 -79.88687,40.42329 -79.89042,40.42194 -79.89103,40.42291"
sunday,added,2868.2,"-79.89122,40.42285 -79.89767,40.41996 -79.90427,40.42309 -79.90483,40.42446 -79.90614,40.42616 -79.90618,40.42651 -79.90578,40.42755 -79.90585,40.4277 -79.90653,40.42779 -79.90691,40.4276 -79.90738,40.42659 -79.90769,40.42634 -79.90886,40.42641 -79.90997,40.42613 -79.91251,40.42649 -79.91428,40.42791 -79.91473,40.428 -79.91566,40.42789"
sunday,kept,259.9,"-79.9159,40.42791 -79.91729,40.42811 -79.91884,40.42854"
sunday,added,339.9,"-79.91906,40.42861 -79.92284,40.42963"
sunday,kept,38.9,"-79.92305,40.4297 -79.92348,40.42969"
sunday,kept,2880.7,"-79.92837,40.4197 -79.93167,40.41989 -79.93308,40.41981 -79.93772,40.41915 -79.93983,40.41896 -79.93975,40.42702 -79.93853,40.42738 -79.93758,40.42922 -79.93797,40.42965 -79.93957,40.43071 -79.93977,40.43121 -79.93962,40.43155 -79.93837,40.43237 -79.93756,40.43273 -79.93663,40.43284 -79.9368,40.4331"
sunday,added,1698.0,"-79.93694,40.43324 -79.93747,40.43359 -79.93835,40.43384 -79.94252,40.43446 -79.94393,40.43457 -79.94509,40.43515 -79.94598,40.43538 -79.94691,40.43528 -79.94829,40.43463 -79.95179,40.43423 -79.95458,40.43458 -79.9559,40.43497"
sunday,kept,519.0,"-79.95612,40.43504 -79.95819,40.43588 -79.96196,40.4358"
sunday,added,139.9,"-79.9622,40.43578 -79.96383,40.43567"
sunday,kept,99.8,"-79.96406,40.43571 -79.96518,40.43599"
sunday,kept,199.9,"-79.96564,40.43608 -79.96799,40.43613"
sunday,kept,160.0,"-79.96817,40.43604 -79.96628,40.43605"
sunday,kept,20.0,"-79.9649,40.43584 -79.96467,40.43579"
sunday,added,19.7,"-79.94724,40.4351 -79.94702,40.43516"
sunday,added,19.7,"-79.91258,40.42655 -79.91239,40.42645"
sunday,added,18.9,"-79.90594,40.42774 -79.90579,40.42762"
sunday,added,19.9,"-79.90573,40.42541 -79.90567,40.42524"
sunday,added,39.1,"-79.90541,40.42495 -79.90504,40.42474"
sunday,added,638.1,"-79.89762,40.41995 -79.89662,40.41947 -79.89642,40.41952 -79.89099,40.42169"
sunday,kept,40.0,"-79.89077,40.42177 -79.89035,40.42193"
sunday,added,119.2,"-79.8878,40.42461 -79.88727,40.42496 -79.88709,40.42547"
sunday,added,57.6,"-79.88608,40.42894 -79.88605,40.4291 -79.88652,40.42906"
sunday,added,19.9,"-79.88867,40.42568 -79.8889,40.4257"
sunday,kept,178.2,"-79.88755,40.44459 -79.88712,40.44446 -79.88686,40.44377 -79.88625,40.44353"
sunday,kept,19.0,"-79.88645,40.44306 -79.88663,40.44296"
sunday,kept,40.0,"-79.88689,40.44319 -79.88699,40.44354"
sunday,kept,40.0,"-79.88718,40.44406 -79.88731,40.44441"
sunday,kept,7.3,"-79.88846,40.44656 -79.8885,40.44662"
sunday,kept,1019.4,"-79.93898,40.34857 -79.93849,40.34891 -79.92729,40.35025"
sunday,kept,20.0,"-79.89082,40.3477 -79.89065,40.34757"
sunday,kept,20.0,"-79.84548,40.35336 -79.84525,40.35332"
sunday,kept,20.0,"-79.84482,40.35318 -79.84462,40.35309"
sunday,kept,20.0,"-79.84421,40.35291 -79.844,40.35282"
sunday,kept,6101.9,"-79.84359,40.35264 -79.84316,40.35252 -79.84139,40.35302 -79.8412,40.35313 -79.84108,40.35347 -79.84131,40.35377 -79.84194,40.35401 -79.84238,40.35442 -79.84535,40.36047 -79.8428,40.36391 -79.84218,40.36545 -79.8421,40.36652 -79.84235,40.36813 -79.84298,40.37023 -79.84378,40.37186 -79.84602,40.37131 -79.84619,40.37134 -79.8464,40.37185 -79.84657,40.37188 -79.84949,40.37115 -79.84788,40.36723 -79.8479,40.36651 -79.84775,40.36599 -79.84697,40.36468 -79.84705,40.36457 -79.85044,40.3633 -79.85471,40.36226 -79.85872,40.36208 -79.85928,40.36562 -79.85801,40.36591 -79.85533,40.36794 -79.85352,40.36982 -79.85215,40.37051 -79.85211,40.37064"
sunday,added,299.2,"-79.85218,40.37081 -79.8526,40.37184 -79.85057,40.37231"
sunday,kept,3746.0,"-79.85035,40.37236 -79.84478,40.37373 -79.84628,40.37556 -79.84712,40.37619 -79.84832,40.37675 -79.85096,40.37754 -79.85359,40.37934 -79.85777,40.38322 -79.86267,40.38498 -79.86315,40.38462 -79.86716,40.38271 -79.86847,40.38234 -79.86867,40.38236 -79.86865,40.38271 -79.86701,40.38399 -79.867,40.38412 -79.86749,40.38449 -79.8687,40.38365 -79.86876,40.38352 -79.86827,40.38313 -79.86881,40.38232"
sunday,added,219.2,"-79.86905,40.38231 -79.87159,40.38265"
sunday,kept,6563.7,"-79.87182,40.38269 -79.87252,40.38268 -79.87361,40.38296 -79.87432,40.38302 -79.87762,40.38295 -79.87801,40.38314 -79.87817,40.38347 -79.87803,40.38356 -79.87421,40.3845 -79.87382,40.38469 -79.87378,40.38486 -79.87522,40.38828 -79.87578,40.39001 -79.88072,40.39613 -79.88112,40.39621 -79.8828,40.39555 -79.88322,40.39557 -79.88476,40.3978 -79.8849,40.39809 -79.88421,40.39801 -79.88259,40.39728 -79.88191,40.39716 -79.88124,40.39731 -79.8808,40.39772 -79.88118,40.3978 -79.88103,40.39748 -79.88116,40.39735 -79.88205,40.39716 -79.88272,40.39733 -79.88413,40.39798 -79.88499,40.39817 -79.88546,40.39879 -79.88832,40.40165 -79.89015,40.4033 -79.89123,40.40489 -79.89166,40.40532 -79.89259,40.40586 -79.89411,40.40636 -79.89446,40.4066 -79.89473,40.40727 -79.89425,40.40828 -79.89434,40.40839 -79.89675,40.40913 -79.89886,40.40927 -79.90733,40.4088 -79.90913,40.40795"
sunday,added,395.4,"-79.90925,40.40783 -79.90751,40.40575 -79.90868,40.40515"
sunday,kept,18.4,"-79.88496,40.39813 -79.88476,40.39809"
sunday,kept,20.0,"-79.87791,40.38293 -79.87767,40.38294"
sunday,kept,20.0,"-79.86267,40.38491 -79.86246,40.38484"
sunday,kept,539.6,"-79.85061,40.37725 -79.84701,40.37326"
sunday,added,206.6,"-79.85271,40.37182 -79.85361,40.3716 -79.85284,40.37065"
sunday,kept,409.4,"-79.84835,40.3684 -79.84744,40.3686 -79.84737,40.36871 -79.84843,40.37142"
sunday,kept,20.0,"-79.84551,40.3713 -79.84528,40.37136"
sunday,kept,40.0,"-79.84483,40.37146 -79.84438,40.37158"
sunday,kept,18.2,"-79.84393,40.37169 -79.84372,40.37172"
sunday,kept,20.0,"-79.84314,40.37036 -79.84307,40.37019"
sunday,kept,20.0,"-79.84283,40.36949 -79.84278,40.36932"
sunday,kept,40.0,"-79.84254,40.36844 -79.84248,40.36808"
sunday,kept,160.0,"-79.8423,40.36701 -79.84228,40.36558"
sunday,kept,20.0,"-79.84252,40.3647 -79.84259,40.36453"
sunday,kept,20.0,"-79.84307,40.36371 -79.84318,40.36355"
sunday,kept,20.0,"-79.84318,40.35586 -79.8431,40.3557"
sunday,kept,279.1,"-79.84251,40.35452 -79.84283,40.35429 -79.84544,40.35345"
sunday,kept,40.0,"-79.92729,40.35035 -79.92775,40.3503"
sunday,kept,40.0,"-79.92915,40.35012 -79.92962,40.35007"
sunday,kept,40.0,"-79.93078,40.34992 -79.93125,40.34987"
sunday,kept,40.0,"-79.93265,40.3497 -79.93312,40.34964"
sunday,kept,40.0,"-79.93475,40.34945 -79.93522,40.3494"
sunday,kept,20.0,"-79.93685,40.34921 -79.93708,40.34918"
sunday,kept,40.0,"-79.93848,40.34902 -79.93895,40.34897"
sunday,kept,529.8,"-80.00749,40.52687 -80.00704,40.52532 -80.00703,40.5246 -80.00628,40.52329 -80.00594,40.52318 -80.00572,40.52248"
sunday,kept,39.3,"-80.01305,40.49867 -80.01324,40.49837"
sunday,added,178.9,"-80.01341,40.49827 -80.01357,40.49794 -80.01347,40.49742 -80.01402,40.49683"
sunday,kept,79.6,"-80.01416,40.49668 -80.01447,40.49641 -80.0149,40.49629"
sunday,added,199.9,"-80.01513,40.49629 -80.01733,40.49693"
sunday,kept,2294.2,"-80.01755,40.497 -80.01885,40.49743 -80.01976,40.49823 -80.02022,40.49824 -80.01993,40.49703 -80.02006,40.49614 -80.02106,40.49452 -80.02221,40.49363 -80.02218,40.49328 -80.02128,40.49223 -80.01999,40.49118 -80.01855,40.49026 -80.01837,40.48955 -80.01489,40.48805 -80.01115,40.4877 -80.01077,40.48749 -80.0097,40.48631"
sunday,kept,4452.0,"-80.00599,40.48236 -80.00464,40.48332 -80.00419,40.48325 -80.00309,40.48258 -80.00171,40.47991 -79.99956,40.47698 -80.00292,40.47397 -80.0029,40.47328 -80.0006,40.4733 -80.00087,40.47141 -79.99936,40.46959 -79.99919,40.46953 -79.99679,40.47027 -79.99539,40.47012 -79.99474,40.46751 -79.99384,40.46646 -79.99304,40.46618 -79.99204,40.46518 -79.99089,40.46245 -79.99319,40.46121 -79.99474,40.45962 -79.99547,40.4583 -79.99538,40.4576 -79.9947,40.4555"
sunday,kept,19.7,"-79.9954,40.45765 -79.99542,40.45783"
sunday,kept,15.5,"-80.00279,40.47322 -80.00291,40.47333"
sunday,kept,20.0,"-80.00496,40.4832 -80.0051,40.48306"
sunday,kept,120.0,"-80.01321,40.4977 -80.01248,40.49862"
sunday,kept,19.8,"-80.01267,40.49913 -80.01279,40.49928"
sunday,kept,20.0,"-80.00537,40.52394 -80.00537,40.52411"
sunday,kept,173.8,"-80.00682,40.52817 -80.00699,40.52827 -80.00718,40.52816 -80.00757,40.52775 -80.00754,40.52703"
sunday,kept,2156.7,"-79.99588,40.44075 -79.99458,40.44032 -79.99427,40.44006 -79.99428,40.43971 -79.99474,40.43889 -79.99431,40.43807 -79.97359,40.43717"
sunday,kept,40.0,"-79.97289,40.43715 -79.97243,40.43708"
sunday,kept,7594.9,"-79.92266,40.43807 -79.90543,40.43809 -79.90453,40.43831 -79.90225,40.43926 -79.90158,40.43943 -79.89596,40.43977 -79.89493,40.43936 -79.89479,40.4394 -79.89437,40.44117 -79.89419,40.44124 -79.89136,40.44119 -79.88814,40.44013 -79.88794,40.44044 -79.8868,40.44068 -79.8864,40.44087 -79.88569,40.44199 -79.88553,40.44203 -79.87862,40.43975 -79.88031,40.43698 -79.88478,40.43305 -79.88439,40.43092 -79.88447,40.42931 -79.88641,40.4232 -79.88585,40.42243 -79.88667,40.42188 -79.88552,40.42074 -79.88478,40.42031 -79.88471,40.42018 -79.88508,40.41956 -79.87873,40.41582 -79.87787,40.41553 -79.87677,40.4154 -79.87673,40.41504"
sunday,added,255.7,"-79.87671,40.41486 -79.87642,40.41258"
sunday,kept,139.8,"-79.87645,40.4124 -79.87675,40.41118"
sunday,kept,3651.3,"-79.8773,40.41038 -79.87765,40.41015 -79.87745,40.41005 -79.87763,40.40938 -79.87562,40.40739 -79.86936,40.40386 -79.86579,40.40124 -79.86562,40.40124 -79.85992,40.40554 -79.85821,40.40615 -79.856,40.40848 -79.85588,40.40862 -79.85615,40.40967 -79.85599,40.41146 -79.85641,40.41248 -79.85634,40.41283 -79.856,40.41307 -79.85487,40.41334 -79.85254,40.41356 -79.85267,40.4142 -79.85336,40.41453"
sunday,kept,348.1,"-79.85354,40.41462 -79.85454,40.41511 -79.85469,40.41504 -79.85586,40.41369 -79.85548,40.41333"
sunday,kept,997.5,"-79.85617,40.40965 -79.85692,40.40896 -79.85934,40.40726 -79.86255,40.40613 -79.86353,40.40566 -79.86177,40.40421"
sunday,kept,20.0,"-79.86444,40.40217 -79.86461,40.40205"
sunday,kept,15.3,"-79.86559,40.40127 -79.86576,40.40122"
sunday,added,80.0,"-79.87725,40.41045 -79.87681,40.41109"
sunday,kept,56.2,"-79.87646,40.41211 -79.87611,40.41229 -79.87623,40.41245"
sunday,kept,20.0,"-79.88329,40.41852 -79.88347,40.41864"
sunday,kept,19.9,"-79.88422,40.41908 -79.88441,40.41918"
sunday,kept,20.0,"-79.88468,40.42026 -79.88488,40.42036"
sunday,kept,20.0,"-79.88438,40.43065 -79.88438,40.43083"
sunday,kept,80.0,"-79.89484,40.43984 -79.89578,40.43978"
sunday,kept,20.0,"-79.8979,40.43969 -79.89813,40.43967"
sunday,kept,2039.3,"-79.97305,40.43783 -79.97585,40.43815 -79.99564,40.43899 -79.99693,40.43944"
sunday,kept,100.0,"-79.84657,40.37224 -79.84694,40.37309"
sunday,kept,34.3,"-79.84505,40.37364 -79.84483,40.37369 -79.84484,40.37382"
sunday,kept,20.0,"-79.85317,40.37901 -79.85334,40.37914"
sunday,kept,20.0,"-79.85384,40.37952 -79.85399,40.37966"
sunday,kept,3803.0,"-79.86297,40.3851 -79.86472,40.386 -79.86662,40.3876 -79.86909,40.39063 -79.86988,40.39251 -79.87029,40.39311 -79.87654,40.39849 -79.88011,40.40084 -79.8806,40.40138 -79.88151,40.40283 -79.88274,40.40391 -79.88514,40.40536 -79.88737,40.40637 -79.89081,40.40754 -79.89397,40.40826"
sunday,kept,140.0,"-79.90957,40.40771 -79.91093,40.40701"
sunday,kept,40.0,"-79.96758,40.43645 -79.96806,40.43645"
sunday,kept,40.0,"-79.88518,40.40526 -79.8848,40.40504"
sunday,kept,239.1,"-79.88375,40.40432 -79.88173,40.40282"
sunday,kept,40.0,"-79.88013,40.40071 -79.87977,40.40047"
sunday,kept,60.0,"-79.86498,40.38613 -79.86447,40.38575"
sunday,kept,511.6,"-79.89093,40.42725 -79.89172,40.42595 -79.89096,40.42388 -79.89142,40.42359 -79.89114,40.42309"
sunday,kept,1873.9,"-79.89033,40.42179 -79.88733,40.41692 -79.88703,40.41663 -79.88624,40.41626 -79.88442,40.41589 -79.88298,40.41541 -79.88383,40.41374 -79.88379,40.4134 -79.87778,40.41022"
sunday,kept,1794.8,"-79.87664,40.41541 -79.87571,40.4153 -79.8731,40.41445 -79.87138,40.41351 -79.86989,40.4119 -79.8664,40.40898 -79.86412,40.40715 -79.86184,40.40559 -79.86178,40.40546 -79.86247,40.40497"
sunday,kept,20.0,"-79.85248,40.41359 -79.85251,40.41377"
sunday,added,19.9,"-79.83101,40.34788 -79.83121,40.3478"
sunday,kept,40.0,"-79.82916,40.3432 -79.82893,40.34289"
sunday,added,2061.0,"-79.82881,40.34274 -79.82677,40.3401 -79.82681,40.33998 -79.82791,40.33965 -79.82904,40.33985 -79.82973,40.33977 -79.83061,40.33951 -79.83139,40.33885 -79.83181,40.33872 -79.83246,40.33892 -79.83424,40.33979 -79.83455,40.34005 -79.83637,40.33941 -79.83686,40.34035 -79.83639,40.34483 -79.83827,40.34497"
sunday,kept,294.7,"-79.83851,40.34499 -79.83864,40.34507 -79.83848,40.34758"
sunday,added,254.4,"-79.83848,40.34776 -79.83846,40.34866 -79.83857,40.34875 -79.84022,40.34886"
sunday,kept,627.6,"-79.84045,40.34888 -79.84092,40.34891 -79.8409,40.34906 -79.84107,40.34917 -79.84232,40.34968 -79.84349,40.3512 -79.84474,40.35202 -79.84475,40.35214 -79.84415,40.3527"
sunday,added,4322.5,"-79.86217,40.35153 -79.86174,40.34964 -79.85962,40.34967 -79.85952,40.34956 -79.85947,40.34723 -79.8547,40.34649 -79.85469,40.34506 -79.85684,40.34057 -79.85,40.33859 -79.84532,40.3389 -79.84521,40.33801 -79.84421,40.33757 -79.84258,40.33772 -79.84176,40.33739 -79.84084,40.33727 -79.84021,40.33749 -79.83968,40.33807 -79.83936,40.33802 -79.8399,40.33684 -79.84051,40.33631 -79.84056,40.33542 -79.84075,40.33509 -79.84453,40.33164"
sunday,kept,1569.7,"-79.84454,40.33151 -79.84149,40.32954 -79.8396,40.32625 -79.83904,40.32396 -79.83874,40.32329 -79.83824,40.32268 -79.83657,40.32117 -79.83567,40.32165 -79.83489,40.32227"
sunday,kept,152.2,"-79.83489,40.3224 -79.8352,40.32267 -79.83573,40.32241 -79.83531,40.322"
sunday,kept,40.0,"-79.83798,40.32248 -79.83826,40.32277"
sunday,kept,19.7,"-79.83916,40.32479 -79.83922,40.32496"
sunday,added,20.0,"-79.84098,40.33726 -79.84122,40.33728"
sunday,added,255.5,"-79.84249,40.33771 -79.84274,40.33821 -79.84291,40.33827 -79.84502,40.33811"
sunday,added,236.7,"-79.85952,40.34962 -79.85955,40.35016 -79.86163,40.35015"
sunday,added,574.9,"-79.97586,40.49515 -79.97602,40.49504 -79.97599,40.49487 -79.9755,40.49349 -79.97332,40.49214 -79.97214,40.49126"
sunday,kept,40.0,"-79.97197,40.49114 -79.97164,40.49088"
sunday,added,959.9,"-79.97147,40.47451 -79.96387,40.46995 -79.9627,40.46906"
sunday,kept,2844.7,"-79.96255,40.46893 -79.95785,40.46519 -79.95256,40.4661 -79.94764,40.46252 -79.94576,40.46236 -79.94563,40.46228 -79.94588,40.45999 -79.93952,40.45657 -79.93877,40.45614 -79.93844,40.45566"
sunday,added,280.0,"-79.93834,40.4555 -79.93698,40.45321"
sunday,kept,1035.1,"-79.93688,40.45304 -79.93667,40.45277 -79.93188,40.45507 -79.93039,40.45646 -79.92748,40.45829"
sunday,kept,20.0,"-79.92593,40.45871 -79.92571,40.45876"
sunday,kept,199.6,"-79.92434,40.45905 -79.92272,40.45923 -79.92202,40.45917"
sunday,kept,1679.4,"-79.92071,40.45288 -79.92022,40.45113 -79.92158,40.44751 -79.9196,40.44085 -79.91936,40.43816"
sunday,kept,160.0,"-79.91647,40.4092 -79.91514,40.40818"
sunday,kept,637.9,"-79.94487,40.45964 -79.9445,40.46249 -79.94464,40.46262 -79.94814,40.46294"
sunday,kept,20.0,"-79.94951,40.46394 -79.94967,40.46406"
sunday,kept,35.3,"-79.95219,40.46594 -79.95221,40.46612 -79.95239,40.46614"
sunday,kept,20.0,"-79.96226,40.4687 -79.96242,40.46883"
sunday,added,29.2,"-79.97572,40.49503 -79.97564,40.49514 -79.9758,40.49519"
sunday,added,40.0,"-79.8383,40.34876 -79.83783,40.34878"
sunday,kept,330.8,"-79.8376,40.34879 -79.83716,40.34878 -79.83691,40.34736 -79.83849,40.34731"
sunday,kept,1671.9,"-79.83867,40.345 -79.84762,40.34562 -79.84932,40.34584 -79.84963,40.34966 -79.84951,40.35034 -79.85094,40.35199 -79.85099,40.35235"
sunday,kept,2979.6,"-79.86508,40.35149 -79.86336,40.34369 -79.86123,40.34155 -79.85911,40.33917 -79.85726,40.33806 -79.85477,40.33704 -79.85303,40.33648 -79.8494,40.33447 -79.8448,40.33166"
sunday,kept,944.6,"-79.83643,40.32103 -79.83428,40.31889 -79.83333,40.3165 -79.82977,40.31467"
sunday,kept,4028.6,"-79.84099,40.35334 -79.84094,40.35459 -79.84071,40.35489 -79.83593,40.35753 -79.83487,40.35824 -79.83418,40.35897 -79.83256,40.36136 -79.83212,40.36142 -79.83144,40.36125 -79.83099,40.36133 -79.83046,40.36228 -79.82921,40.36276 -79.82884,40.3632 -79.82896,40.36391 -79.8305,40.36652 -79.83086,40.36812 -79.83084,40.36865 -79.83019,40.3698 -79.82915,40.37019 -79.82883,40.37045 -79.82834,40.37146 -79.82797,40.37287 -79.82732,40.3757 -79.82735,40.37606 -79.82793,40.37742 -79.82841,40.38045 -79.82768,40.38308 -79.8273,40.38317"
sunday,added,498.7,"-79.82707,40.38319 -79.82309,40.38358 -79.82277,40.38382 -79.82382,40.38452"
sunday,kept,590.9,"-79.82382,40.38469 -79.82213,40.38523 -79.82126,40.38606 -79.82221,40.38723 -79.82244,40.3877 -79.8229,40.38776 -79.82349,40.38806"
sunday,added,98.7,"-79.82368,40.38816 -79.82388,40.38826 -79.82414,40.38797 -79.82375,40.38777"
sunday,kept,35.7,"-79.82356,40.38767 -79.82337,40.38763 -79.82319,40.38773"
sunday,kept,16.6,"-79.82132,40.38624 -79.82122,40.38611"
sunday,kept,719.0,"-79.82405,40.38477 -79.82428,40.38475 -79.83052,40.38887"
sunday,added,879.6,"-79.8307,40.38899 -79.83761,40.39362 -79.83806,40.39443"
sunday,kept,3433.8,"-79.83813,40.3946 -79.83828,40.39491 -79.84157,40.39516 -79.84167,40.39524 -79.84144,40.39575 -79.84103,40.39879 -79.84083,40.3993 -79.84116,40.40034 -79.84118,40.40124 -79.84148,40.4021 -79.84295,40.4035 -79.84423,40.40582 -79.84557,40.40577 -79.84873,40.40735 -79.8493,40.40791 -79.85097,40.41047 -79.85218,40.40953 -79.85185,40.40978 -79.85227,40.40988 -79.85248,40.40979 -79.85262,40.40966 -79.85257,40.40932 -79.85107,40.41039 -79.85099,40.41052 -79.85113,40.41066 -79.85238,40.41148 -79.85374,40.41176 -79.85635,40.41259"
sunday,kept,499.9,"-79.86356,40.40566 -79.86588,40.40477 -79.86787,40.40381 -79.86854,40.40331"
sunday,added,120.0,"-79.87673,40.4146 -79.87814,40.41464"
sunday,kept,266.8,"-79.87838,40.41468 -79.87856,40.41474 -79.87847,40.41509 -79.87912,40.41529 -79.87929,40.41523 -79.87932,40.41494 -79.8782,40.41465"
sunday,kept,877.9,"-79.87756,40.40948 -79.87687,40.40955 -79.87663,40.40927 -79.87679,40.40894 -79.88271,40.40405"
sunday,kept,157.0,"-79.87653,40.40915 -79.87613,40.40928 -79.87596,40.40918 -79.87601,40.40901 -79.87668,40.4085"
sunday,kept,16.7,"-79.85265,40.4094 -79.85249,40.4093"
sunday,kept,338.8,"-79.84125,40.39589 -79.83867,40.39567 -79.83851,40.39462"
sunday,added,59.9,"-79.83843,40.39445 -79.83808,40.39399"
sunday,kept,40.0,"-79.82822,40.38729 -79.82787,40.38705"
sunday,kept,40.0,"-79.82557,40.3855 -79.82522,40.38526"
sunday,kept,18.0,"-79.82452,40.38478 -79.82432,40.38473"
sunday,kept,44.4,"-79.8211,40.38611 -79.82115,40.38613"
sunday,kept,20.0,"-79.82424,40.38459 -79.82406,40.38448"
sunday,added,19.4,"-79.82317,40.38389 -79.8232,40.38372"
sunday,added,39.9,"-79.82361,40.38359 -79.82408,40.38354"
sunday,added,40.0,"-79.82595,40.38336 -79.82642,40.38331"
sunday,kept,40.0,"-79.82803,40.38233 -79.82812,40.38197"
sunday,kept,20.0,"-79.82833,40.38128 -79.82839,40.3811"
sunday,kept,20.0,"-79.82854,40.3804 -79.82853,40.38022"
sunday,kept,60.0,"-79.82843,40.37968 -79.82831,40.37915"
sunday,kept,199.9,"-79.84107,40.35461 -79.84163,40.35428 -79.84322,40.35395"
sunday,kept,20.0,"-79.84368,40.35388 -79.84392,40.35385"
sunday,kept,5303.4,"-79.749,40.42912 -79.7499,40.42902 -79.75007,40.42832 -79.74988,40.42801 -79.7492,40.4279 -79.74926,40.42742 -79.75098,40.42764 -79.75116,40.42775 -79.7513,40.42808 -79.7511,40.42933 -79.75152,40.43163 -79.75182,40.43249 -79.7524,40.43328 -79.75318,40.43394 -79.75807,40.43677 -79.75917,40.43664 -79.75946,40.43712 -79.75981,40.43736 -79.76049,40.4375 -79.7612,40.43749 -79.76134,40.43756 -79.76151,40.43802 -79.76222,40.43804 -79.76255,40.43886 -79.76271,40.43894 -79.76693,40.43889 -79.77068,40.43862 -79.77738,40.43771 -79.78556,40.436 -79.7855,40.43532 -79.78869,40.4338 -79.79213,40.43114 -79.79234,40.43082 -79.79236,40.4305 -79.79171,40.4303 -79.79103,40.42982"
sunday,added,265.3,"-79.79124,40.42972 -79.79245,40.42917 -79.79206,40.42906 -79.79181,40.42945 -79.79121,40.42974"
sunday,kept,11151.4,"-79.79262,40.43056 -79.79375,40.4308 -79.79432,40.43136 -79.79399,40.43258 -79.79461,40.43449 -79.79452,40.43483 -79.79431,40.4349 -79.79395,40.43472 -79.7941,40.43441 -79.79833,40.4333 -79.80712,40.43023 -79.80804,40.43005 -79.80968,40.42994 -79.81202,40.4301 -79.81184,40.42766 -79.81155,40.42661 -79.81131,40.42631 -79.81074,40.42605 -79.81126,40.42488 -79.81305,40.42401 -79.81348,40.42395 -79.81384,40.42417 -79.81486,40.42618 -79.81488,40.42654 -79.81455,40.42758 -79.81484,40.42844 -79.8154,40.42902 -79.81626,40.42963 -79.81762,40.4311 -79.8201,40.43275 -79.82136,40.43466 -79.82217,40.43501 -79.82447,40.43539 -79.82788,40.437 -79.83263,40.43935 -79.83438,40.44104 -79.83563,40.44185 -79.83867,40.44323 -79.84193,40.44501 -79.84405,40.4458 -79.84541,40.44609 -79.84838,40.44648 -79.84859,40.44617 -79.84903,40.44606 -79.85091,40.44611 -79.85279,40.446 -79.86229,40.44458 -79.86606,40.44355 -79.86796,40.44249 -79.87176,40.44067 -79.87298,40.43982 -79.87406,40.4395 -79.8757,40.43961 -79.87627,40.43993 -79.87668,40.44093 -79.87771,40.44135 -79.87727,40.44216 -79.88786,40.44569"
sunday,kept,2259.8,"-79.88871,40.44692 -79.89105,40.44917 -79.89228,40.45001 -79.89382,40.45085 -79.90304,40.45448 -79.9059,40.45574 -79.90797,40.45608 -79.91112,40.4573"
sunday,kept,4139.3,"-79.95149,40.45735 -79.95264,40.45754 -79.95366,40.45797 -79.95589,40.46028 -79.95647,40.46059 -79.95736,40.46081 -79.9583,40.46081 -79.96589,40.45947 -79.96724,40.45913 -79.96906,40.45831 -79.97488,40.45465 -79.97837,40.45223 -79.98425,40.44922 -79.98892,40.4462 -79.99131,40.44447"
sunday,kept,17.9,"-80.00644,40.44116 -80.00642,40.441"
sunday,kept,20.0,"-79.8874,40.44444 -79.88741,40.44426"
sunday,kept,879.9,"-79.88615,40.44321 -79.87663,40.44004"
sunday,kept,1647.9,"-79.84896,40.44602 -79.84849,40.44597 -79.84817,40.44481 -79.84729,40.44505 -79.84432,40.44447 -79.84408,40.44473 -79.84223,40.44445 -79.84116,40.44408 -79.83784,40.44235 -79.8332,40.43958"
sunday,kept,40.0,"-79.83206,40.43895 -79.83166,40.43875"
sunday,kept,419.4,"-79.82382,40.43508 -79.82202,40.43423 -79.82134,40.4335 -79.82008,40.43269"
sunday,kept,19.8,"-79.81176,40.42736 -79.81183,40.42753"
sunday,kept,55.5,"-79.81206,40.42986 -79.81202,40.42999 -79.81156,40.42993"
sunday,kept,19.9,"-79.8085,40.42993 -79.80828,40.43"
sunday,kept,20.0,"-79.80646,40.43035 -79.80624,40.43041"
sunday,kept,20.0,"-79.79937,40.4328 -79.79915,40.43287"
sunday,kept,20.0,"-79.79873,40.43302 -79.79851,40.4331"
sunday,kept,20.0,"-79.7972,40.43351 -79.79698,40.43357"
sunday,kept,119.6,"-79.79562,40.43385 -79.79493,40.43376 -79.79439,40.43342"
sunday,kept,59.9,"-79.79409,40.43293 -79.79421,40.43241"
sunday,kept,176.7,"-79.7944,40.43189 -79.79468,40.43102 -79.79382,40.43081"
sunday,kept,39.8,"-79.79202,40.4305 -79.7922,40.43082"
sunday,kept,20.0,"-79.79097,40.43189 -79.79081,40.43202"
sunday,kept,80.0,"-79.79015,40.43253 -79.78948,40.43304"
sunday,kept,59.7,"-79.78865,40.43368 -79.78815,40.43405"
sunday,kept,20.0,"-79.78543,40.4357 -79.78549,40.43588"
sunday,kept,19.9,"-79.77982,40.43717 -79.77958,40.43717"
sunday,kept,20.0,"-79.77867,40.43735 -79.77844,40.4374"
sunday,kept,40.0,"-79.77752,40.43756 -79.77706,40.43765"
sunday,kept,39.6,"-79.77082,40.43855 -79.77036,40.43854"
sunday,kept,160.0,"-79.76895,40.43864 -79.76707,40.43876"
sunday,kept,79.3,"-79.76309,40.43892 -79.76242,40.43844"
sunday,kept,19.8,"-79.75908,40.43663 -79.75885,40.43663"
sunday,kept,20.0,"-79.75838,40.43664 -79.75815,40.43663"
sunday,kept,79.1,"-79.75123,40.42753 -79.75031,40.4275"
sunday,kept,674.1,"-79.74893,40.42768 -79.74665,40.42738 -79.74609,40.42768 -79.74593,40.4282 -79.74597,40.4291 -79.74612,40.42922 -79.74888,40.42913"
sunday,kept,74.2,"-79.88676,40.44253 -79.88669,40.44241 -79.88603,40.4422"
sunday,kept,4410.1,"-79.87845,40.43971 -79.87586,40.43884 -79.87493,40.43875 -79.87399,40.43794 -79.87354,40.43711 -79.87284,40.43639 -79.87158,40.4356 -79.87205,40.43405 -79.87264,40.43287 -79.87334,40.43194 -79.87377,40.43073 -79.87429,40.43038 -79.87539,40.43008 -79.87555,40.42996 -79.8755,40.42981 -79.87425,40.42899 -79.87205,40.42665 -79.86955,40.42566 -79.86901,40.42531 -79.86824,40.42382 -79.86781,40.4234 -79.86655,40.42292 -79.86402,40.42247 -79.86185,40.42176 -79.86023,40.42103 -79.85933,40.42045 -79.85895,40.41981 -79.85879,40.4173 -79.85851,40.41662 -79.85828,40.4163 -79.85682,40.41577 -79.85785,40.41359 -79.85788,40.41306 -79.85763,40.41277 -79.85671,40.41262"
sunday,kept,20.0,"-79.84117,40.40103 -79.84116,40.40085"
sunday,kept,7721.1,"-79.82239,40.3877 -79.82206,40.38837 -79.82113,40.38918 -79.81959,40.39099 -79.81902,40.39345 -79.81927,40.39374 -79.82002,40.39417 -79.82112,40.39596 -79.82127,40.39666 -79.82084,40.39897 -79.821,40.39949 -79.82403,40.40225 -79.82505,40.40366 -79.8252,40.40436 -79.82589,40.40482 -79.82519,40.40595 -79.82498,40.40738 -79.82246,40.40755 -79.81874,40.40806 -79.81888,40.40909 -79.81883,40.41141 -79.81859,40.41228 -79.81809,40.41289 -79.8162,40.41423 -79.81378,40.41812 -79.81301,40.41878 -79.81237,40.419 -79.8098,40.41925 -79.80673,40.42091 -79.8045,40.42191 -79.80356,40.42192 -79.80118,40.42117 -79.80047,40.42113 -79.79932,40.4213 -79.79666,40.42204 -79.79245,40.42434 -79.79037,40.42456 -79.78976,40.42553 -79.78848,40.42682 -79.78581,40.43036 -79.7902,40.43247"
sunday,kept,79.4,"-79.79063,40.43212 -79.7902,40.43225 -79.78974,40.43218"
sunday,kept,399.7,"-79.78574,40.43033 -79.78339,40.43342"
sunday,added,1234.0,"-79.78328,40.43349 -79.78237,40.43333 -79.7803,40.43246 -79.77898,40.43148 -79.77806,40.43153 -79.77706,40.43191 -79.7768,40.43239 -79.77563,40.43328 -79.77449,40.43442 -79.77242,40.43613"
sunday,added,299.5,"-79.7719,40.4365 -79.76969,40.43784 -79.76925,40.43825"
sunday,kept,20.0,"-79.76914,40.43841 -79.76903,40.43857"
sunday,added,20.0,"-79.76936,40.43826 -79.76947,40.43811"
sunday,added,99.5,"-79.77161,40.43675 -79.77246,40.43615"
sunday,kept,40.0,"-79.78618,40.42997 -79.78643,40.42967"
sunday,kept,177.7,"-79.81891,40.40912 -79.81979,40.40894 -79.81956,40.40806"
sunday,kept,20.0,"-79.85828,40.4163 -79.85841,40.41645"
sunday,kept,39.9,"-79.87232,40.43606 -79.8727,40.43628"
sunday,kept,119.5,"-79.87636,40.43988 -79.87582,40.4393 -79.87544,40.43908"
sunday,kept,6195.2,"-79.87135,40.43549 -79.86632,40.43314 -79.86507,40.43232 -79.86444,40.43157 -79.8641,40.4309 -79.86322,40.42737 -79.86269,40.42657 -79.86194,40.42589 -79.8515,40.42065 -79.85012,40.41967 -79.84925,40.4186 -79.84757,40.41564 -79.84518,40.41319 -79.84476,40.41235 -79.84452,40.41093 -79.8442,40.41026 -79.84253,40.40876 -79.84135,40.40701 -79.83882,40.40513 -79.83706,40.40239 -79.83361,40.4005 -79.83156,40.40267 -79.82987,40.40502 -79.82851,40.40533 -79.8278,40.40534 -79.82664,40.40518 -79.82604,40.4049"
sunday,kept,8616.0,"-79.8251,40.40436 -79.82419,40.40379 -79.81761,40.40096 -79.81038,40.39635 -79.80749,40.39557 -79.80539,40.39535 -79.80472,40.39551 -79.8051,40.3932 -79.80956,40.39326 -79.80971,40.3932 -79.80971,40.39176 -79.80953,40.39173 -79.80906,40.39179 -79.80872,40.39203 -79.80865,40.3931 -79.80868,40.39326 -79.80962,40.39326 -79.80972,40.39243 -79.80967,40.39326 -79.80502,40.39316 -79.80471,40.39548 -79.80389,40.39543 -79.8039,40.39489 -79.80376,40.39482 -79.80187,40.39478 -79.80103,40.3945 -79.7994,40.39433 -79.79776,40.39446 -79.7969,40.39475 -79.79416,40.39615 -79.79368,40.39655 -79.79297,40.39747 -79.79242,40.39782 -79.79154,40.39804 -79.79013,40.39796 -79.78944,40.39807 -79.78677,40.39983 -79.78616,40.4001 -79.7835,40.40083 -79.77566,40.40217 -79.7752,40.40217 -79.77258,40.40065 -79.77087,40.39916 -79.76911,40.39747 -79.7668,40.39455 -79.76635,40.39353 -79.76607,40.39121 -79.76705,40.39098 -79.76684,40.38941"
sunday,kept,129.8,"-79.76682,40.38929 -79.76678,40.38893 -79.76577,40.38903"
sunday,added,180.0,"-79.76581,40.38921 -79.76604,40.39082"
sunday,kept,40.0,"-79.79818,40.3944 -79.79865,40.39442"
sunday,kept,598.2,"-79.79932,40.3946 -79.80412,40.39652 -79.80456,40.39659 -79.80468,40.39569"
sunday,kept,1313.5,"-79.80478,40.39553 -79.8073,40.39596 -79.8102,40.39673 -79.81719,40.40129 -79.81735,40.40131 -79.81765,40.40103"
sunday,kept,419.9,"-79.83961,40.40584 -79.84243,40.40894"
sunday,kept,60.0,"-79.84275,40.4092 -79.84326,40.40957"
sunday,kept,100.0,"-79.8444,40.4113 -79.84451,40.41219"
sunday,kept,60.0,"-79.84498,40.4132 -79.84537,40.41365"
sunday,kept,120.0,"-79.84566,40.41393 -79.84654,40.41478"
sunday,kept,40.0,"-79.84683,40.41506 -79.84709,40.41536"
sunday,kept,140.0,"-79.84735,40.41566 -79.84806,40.4168"
sunday,kept,20.0,"-79.84824,40.41713 -79.84833,40.41729"
sunday,kept,60.0,"-79.84915,40.41878 -79.8495,40.41925"
sunday,kept,40.0,"-79.84977,40.41955 -79.85006,40.41983"
sunday,kept,80.0,"-79.85053,40.42023 -79.85125,40.4207"
sunday,kept,60.0,"-79.85243,40.4213 -79.85303,40.42159"
sunday,kept,20.0,"-79.85422,40.42217 -79.85442,40.42227"
sunday,kept,100.0,"-79.85521,40.42266 -79.8562,40.42314"
sunday,kept,100.0,"-79.85699,40.42354 -79.85798,40.42403"
sunday,kept,60.0,"-79.85838,40.42422 -79.85897,40.42452"
sunday,kept,40.0,"-79.85937,40.42471 -79.85976,40.42491"
sunday,kept,60.0,"-79.86016,40.4251 -79.86075,40.4254"
sunday,kept,40.0,"-79.86115,40.42559 -79.86153,40.42581"
sunday,kept,40.0,"-79.8622,40.42631 -79.86248,40.4266"
sunday,kept,40.0,"-79.86294,40.42722 -79.86311,40.42756"
sunday,kept,80.0,"-79.86324,40.42791 -79.8634,40.42861"
sunday,kept,80.0,"-79.86357,40.4295 -79.86372,40.43021"
sunday,kept,40.0,"-79.86384,40.43074 -79.86397,40.43109"
sunday,kept,20.0,"-79.86413,40.43143 -79.86423,40.43159"
sunday,kept,119.9,"-79.86445,40.43191 -79.86532,40.43275"
sunday,kept,100.0,"-79.86567,40.43299 -79.86666,40.43348"
sunday,kept,60.0,"-79.86706,40.43367 -79.86766,40.43395"
sunday,kept,100.0,"-79.86847,40.43433 -79.86948,40.43479"
sunday,kept,20.0,"-79.86988,40.43498 -79.87008,40.43507"
sunday,kept,40.0,"-79.87089,40.43545 -79.87129,40.43564"
sunday,kept,4271.2,"-79.89532,40.4472 -79.90808,40.45145 -79.90836,40.45125 -79.91141,40.447 -79.91409,40.44637 -79.91552,40.44495 -79.91608,40.44464 -79.92045,40.44387 -79.92776,40.4441 -79.93121,40.44563 -79.93589,40.44521 -79.93874,40.44394"
sunday,kept,19.6,"-79.99443,40.43588 -79.9946,40.43601"
sunday,kept,19.7,"-79.99263,40.44143 -79.99273,40.44159"
sunday,kept,199.5,"-79.99515,40.44222 -79.99727,40.443"
sunday,kept,55.7,"-79.91222,40.44676 -79.91158,40.44676"
sunday,kept,3529.8,"-79.922,40.47959 -79.92222,40.47964 -79.92236,40.47951 -79.92373,40.47723 -79.91845,40.47522 -79.91842,40.4751 -79.91947,40.4731 -79.92482,40.4614 -79.92506,40.45979 -79.92535,40.45423 -79.92397,40.45195"
sunday,kept,369.1,"-79.9224,40.47943 -79.92028,40.47877 -79.92018,40.47893 -79.92031,40.47902 -79.92182,40.47952"
sunday,kept,3151.6,"-79.88423,40.44458 -79.88335,40.44624 -79.88474,40.4517 -79.90906,40.45728 -79.91031,40.45597"
sunday,kept,680.0,"-79.91264,40.45399 -79.92053,40.45291"
sunday,kept,200.0,"-79.96315,40.43716 -79.96153,40.43585"
sunday,kept,518.5,"-79.95643,40.4351 -79.95672,40.43462 -79.95838,40.43334 -79.95869,40.43175 -79.95923,40.43117"
sunday,kept,300.3,"-79.97624,40.42852 -79.97605,40.43031 -79.97723,40.43038"
sunday,kept,180.0,"-79.97744,40.43039 -79.9776,40.42877"
sunday,kept,40.0,"-79.95637,40.43527 -79.95625,40.43562"
sunday,added,98.3,"-79.95619,40.43579 -79.95615,40.43595 -79.95709,40.43594"
sunday,kept,59.7,"-79.95733,40.43594 -79.95803,40.43591"
sunday,kept,16.1,"-79.90915,40.45717 -79.909,40.45726"
sunday,kept,1234.8,"-79.91686,40.42601 -79.91922,40.42667 -79.91776,40.43027 -79.91903,40.43557"
sunday,added,200.0,"-79.91905,40.43575 -79.91929,40.43754"
sunday,kept,40.0,"-79.91931,40.43772 -79.91935,40.43807"
sunday,kept,439.8,"-79.91236,40.45399 -79.90972,40.4522 -79.90832,40.45154"
sunday,kept,5128.3,"-79.90125,40.44929 -79.89728,40.455 -79.89462,40.4617 -79.89405,40.46197 -79.89382,40.46193 -79.89246,40.46161 -79.89187,40.46133 -79.8885,40.46059 -79.88849,40.46131 -79.89073,40.46187 -79.89088,40.46252 -79.8917,40.46278 -79.8918,40.46346 -79.89468,40.46421 -79.89506,40.4644 -79.89511,40.46458 -79.89489,40.46487 -79.8935,40.4649 -79.89282,40.46506 -79.89102,40.46468 -79.89008,40.46465 -79.89011,40.46714 -79.89388,40.46693 -79.89434,40.467 -79.89492,40.46729 -79.89598,40.46868 -79.89596,40.46882 -79.89434,40.46987 -79.89247,40.47063 -79.89081,40.47238 -79.88983,40.47287 -79.88819,40.47303 -79.88796,40.47326 -79.88823,40.4732"
sunday,kept,19.9,"-79.88822,40.4732 -79.88834,40.47305"
sunday,kept,19.7,"-79.89271,40.46508 -79.89293,40.46503"
sunday,kept,220.0,"-79.91613,40.42791 -79.91686,40.42601"
sunday,kept,1176.6,"-79.94733,40.44719 -79.94763,40.44803 -79.94492,40.45051 -79.94104,40.45129 -79.93693,40.45266"
sunday,kept,1279.0,"-79.91736,40.45752 -79.91673,40.45806 -79.9156,40.46022 -79.91593,40.46163 -79.91629,40.4623 -79.91677,40.46291 -79.91854,40.46459 -79.92084,40.4655 -79.92262,40.46598"
sunday,kept,3598.3,"-79.92119,40.46974 -79.92697,40.47179 -79.93073,40.47327 -79.92717,40.48426 -79.92592,40.48533 -79.92588,40.48545 -79.92649,40.48595 -79.92487,40.48749 -79.92451,40.48809 -79.92066,40.48722 -79.92026,40.48737 -79.92001,40.48784 -79.91616,40.48697 -79.91508,40.48629"
sunday,kept,19.7,"-79.91371,40.48605 -79.9135,40.48611"
sunday,kept,2498.4,"-79.88288,40.48762 -79.88312,40.48867 -79.88303,40.48921 -79.8814,40.49219 -79.88128,40.49289 -79.88225,40.49604 -79.8836,40.4991 -79.88369,40.4992 -79.88528,40.49886 -79.88598,40.49894 -79.88757,40.49862 -79.88905,40.49807 -79.89101,40.49708 -79.89065,40.4967 -79.88969,40.49618 -79.88941,40.49591 -79.88927,40.49538 -79.8897,40.49456 -79.88927,40.49449 -79.88878,40.49506"
sunday,kept,18.7,"-79.8888,40.49523 -79.88899,40.49531"
sunday,kept,20.0,"-79.88928,40.4959 -79.8894,40.49606"
sunday,kept,20.0,"-79.88313,40.4886 -79.88316,40.48842"
sunday,kept,19.7,"-79.88302,40.48771 -79.88294,40.48754"
sunday,kept,39.3,"-79.91335,40.48652 -79.91378,40.48647"
sunday,kept,119.9,"-79.91444,40.48665 -79.9158,40.48694"
sunday,kept,1518.9,"-79.92657,40.48589 -79.92801,40.4847 -79.92807,40.48453 -79.93148,40.47407 -79.93133,40.47355 -79.93074,40.47326"
sunday,kept,20.0,"-79.92192,40.4657 -79.9217,40.46562"
sunday,kept,80.0,"-79.92127,40.46547 -79.92041,40.46518"
sunday,kept,40.0,"-79.9184,40.46427 -79.9181,40.46399"
sunday,kept,40.0,"-79.91724,40.46313 -79.91697,40.46284"
sunday,kept,20.0,"-79.91671,40.46254 -79.91659,40.46238"
sunday,kept,20.0,"-79.91639,40.46206 -79.9163,40.46189"
sunday,kept,40.0,"-79.91613,40.46156 -79.916,40.46121"
sunday,kept,40.0,"-79.91583,40.46051 -79.91575,40.46015"
sunday,kept,60.0,"-79.8781,40.44069 -79.87782,40.44118"
sunday,kept,1236.2,"-79.87725,40.44217 -79.87583,40.44463 -79.87444,40.44472 -79.8739,40.44528 -79.87127,40.44609 -79.86749,40.44904 -79.86705,40.44911"
sunday,added,2578.6,"-79.86681,40.44911 -79.86377,40.44925 -79.86272,40.45023 -79.86104,40.45218 -79.85905,40.45345 -79.85725,40.45715 -79.85678,40.45754 -79.85563,40.45817 -79.85401,40.45837 -79.84988,40.45763 -79.8487,40.45762 -79.84759,40.45789 -79.84368,40.45957"
sunday,kept,177.7,"-79.84349,40.45968 -79.84265,40.46028 -79.84249,40.46098"
sunday,added,9180.0,"-79.84246,40.46116 -79.84256,40.46222 -79.8432,40.46297 -79.84378,40.46328 -79.84596,40.46397 -79.8467,40.46465 -79.84685,40.46518 -79.84699,40.46841 -79.84797,40.47247 -79.84859,40.47439 -79.84852,40.47546 -79.8479,40.47598 -79.84617,40.4779 -79.84548,40.47795 -79.84368,40.47754 -79.84275,40.47763 -79.84019,40.47921 -79.8388,40.48043 -79.83752,40.48294 -79.83735,40.48652 -79.83697,40.4883 -79.83613,40.49016 -79.83643,40.49357 -79.83691,40.49768 -79.83744,40.49887 -79.83767,40.50155 -79.83794,40.50242 -79.83823,40.5027 -79.84021,40.50367 -79.84185,40.50378 -79.8432,40.50403 -79.84269,40.50868 -79.84342,40.51131 -79.8432,40.514 -79.84357,40.51408 -79.84262,40.52196 -79.84216,40.52335 -79.84101,40.52551 -79.84107,40.52563 -79.84376,40.52628 -79.84979,40.52875"
sunday,added,19.4,"-79.83151,40.54109 -79.83129,40.54106"
sunday,kept,340.0,"-79.83083,40.53857 -79.83473,40.53784"
sunday,kept,5468.4,"-79.86742,40.4492 -79.86812,40.45053 -79.86823,40.45106 -79.86788,40.4519 -79.86663,40.45267 -79.86686,40.45317 -79.86679,40.45368 -79.86704,40.45398 -79.86792,40.45422 -79.86933,40.45419 -79.87108,40.45507 -79.87246,40.45445 -79.87296,40.45407 -79.87338,40.45343 -79.87363,40.45255 -79.8738,40.45254 -79.87414,40.45278 -79.87433,40.4531 -79.87406,40.45414 -79.87441,40.45517 -79.87409,40.45564 -79.87327,40.45628 -79.87148,40.45668 -79.8709,40.45601 -79.87088,40.45565 -79.8711,40.45514 -79.87099,40.45502 -79.86944,40.45421 -79.8678,40.45421 -79.86714,40.45404 -79.86682,40.45377 -79.86685,40.45308 -79.86654,40.45268 -79.86474,40.45354 -79.86409,40.45405 -79.86376,40.4549 -79.86394,40.45669 -79.86418,40.45719 -79.86603,40.45949 -79.86635,40.46035 -79.86634,40.46107 -79.86574,40.46299 -79.86541,40.46567 -79.8655,40.46578 -79.86826,40.46625 -79.86988,40.46722 -79.87315,40.46683 -79.87364,40.46835 -79.87421,40.4689 -79.87452,40.46977 -79.87472,40.46985"
sunday,added,698.8,"-79.87495,40.46988 -79.87928,40.46905 -79.87983,40.46847 -79.88087,40.46805 -79.88252,40.46807"
sunday,kept,898.8,"-79.88275,40.46808 -79.8844,40.46816 -79.88662,40.46874 -79.88763,40.47055 -79.88915,40.47135 -79.88917,40.47188 -79.88882,40.47292"
sunday,kept,2170.4,"-79.89615,40.4689 -79.89719,40.47005 -79.89944,40.46952 -79.90347,40.46802 -79.90575,40.46924 -79.90719,40.46785 -79.91006,40.46702 -79.91447,40.46531 -79.91737,40.46347"
sunday,kept,259.9,"-79.92292,40.46073 -79.92569,40.46173"
sunday,kept,218.8,"-79.92621,40.46097 -79.92654,40.46051 -79.92831,40.46"
sunday,added,353.5,"-79.92853,40.45993 -79.9294,40.45967 -79.92942,40.45985 -79.92819,40.46193"
sunday,kept,213.8,"-79.92798,40.46225 -79.92773,40.46246 -79.92581,40.46177"
sunday,added,437.0,"-79.92198,40.46162 -79.9209,40.46125 -79.92072,40.4613 -79.91784,40.46317"
sunday,kept,20.0,"-79.91767,40.46329 -79.91748,40.4634"
sunday,kept,187.4,"-79.86606,40.46186 -79.86528,40.46179 -79.86516,40.46232 -79.86581,40.46245"
sunday,kept,99.7,"-79.8664,40.46098 -79.8664,40.46009"
sunday,kept,40.0,"-79.86552,40.45864 -79.86527,40.45834"
sunday,kept,40.0,"-79.86418,40.45695 -79.86402,40.45661"
sunday,kept,20.0,"-79.86823,40.45057 -79.86815,40.4504"
sunday,kept,3469.6,"-80.03053,40.51768 -80.02961,40.51779 -80.02542,40.51897 -80.02451,40.51794 -80.02389,40.51769 -80.02274,40.51757 -80.02227,40.51718 -80.02219,40.51683 -80.02244,40.51597 -80.02301,40.51519 -80.02598,40.51314 -80.02704,40.51218 -80.02756,40.51138 -80.02859,40.50918 -80.02925,40.50907 -80.02935,40.50896 -80.02975,40.50756 -80.02976,40.50702 -80.02953,40.50633 -80.02891,40.50557 -80.02637,40.50428 -80.0245,40.50291 -80.02309,40.50105 -80.02111,40.49952 -80.02034,40.49841"
sunday,kept,3491.7,"-80.0183,40.48937 -80.01627,40.48788 -80.01625,40.48681 -80.01543,40.48476 -80.01487,40.48443 -80.01372,40.48426 -80.01291,40.48362 -80.01293,40.48327 -80.0138,40.48201 -80.01311,40.48049 -80.0118,40.47977 -80.01237,40.47657 -80.01231,40.47604 -80.01202,40.47555 -80.01041,40.47426 -80.01033,40.47228 -80.0102,40.47195 -80.00878,40.47135 -80.00841,40.4705 -80.00838,40.46961 -80.00875,40.46916 -80.0097,40.46863 -80.01003,40.46705 -80.01157,40.46624 -80.01173,40.46554 -80.01128,40.46415 -80.01153,40.46387 -80.01221,40.46372"
sunday,kept,20.0,"-80.02885,40.50551 -80.02901,40.50565"
sunday,kept,19.3,"-80.02887,40.50907 -80.02866,40.50913"
sunday,kept,20.0,"-80.02218,40.51638 -80.0221,40.51655"
sunday,kept,79.7,"-80.02209,40.51725 -80.02236,40.51754 -80.02276,40.51772"
sunday,kept,19.8,"-80.02513,40.51881 -80.02531,40.51892"
sunday,kept,19.9,"-79.92105,40.46001 -79.92122,40.46013"
sunday,kept,1944.2,"-79.92783,40.4625 -79.93059,40.46349 -79.93412,40.45786 -79.93416,40.45723 -79.94422,40.45422"
sunday,kept,179.9,"-79.98517,40.43726 -79.98503,40.43888"
sunday,added,199.8,"-79.98502,40.43905 -79.98499,40.43959 -79.98576,40.4407"
sunday,kept,3275.1,"-79.98587,40.44086 -79.98598,40.44101 -79.98583,40.44111 -79.98088,40.44321 -79.98005,40.44384 -79.97655,40.44531 -79.97615,40.44519 -79.97564,40.44441 -79.97667,40.44398 -79.97621,40.44321 -79.97862,40.44212 -79.97898,40.44166 -79.979,40.4413 -79.97867,40.44084 -79.97727,40.44019 -79.97563,40.44017 -79.97355,40.441 -79.97313,40.44085 -79.97228,40.44023 -79.97159,40.43954 -79.97067,40.43967 -79.96977,40.44018 -79.97002,40.44068 -79.97,40.44158 -79.96963,40.44168 -79.96816,40.44284 -79.96614,40.44334 -79.96567,40.44289 -79.96516,40.44324 -79.96496,40.44313"
sunday,added,160.0,"-79.96477,40.44303 -79.96324,40.44219"
sunday,kept,399.2,"-79.96305,40.44208 -79.96035,40.44063 -79.95948,40.4398"
sunday,kept,1858.0,"-79.95201,40.4519 -79.95568,40.45793 -79.95598,40.4582 -79.95683,40.45851 -79.95711,40.45878 -79.95699,40.45912 -79.95279,40.46368 -79.95294,40.464 -79.95514,40.46563"
sunday,kept,2209.2,"-79.96218,40.46881 -79.96087,40.46984 -79.95786,40.47412 -79.95771,40.47445 -79.95756,40.47624 -79.9557,40.47831 -79.95377,40.48139 -79.95,40.48354 -79.94884,40.48279 -79.9484,40.48274 -79.94803,40.48293"
sunday,kept,337.8,"-79.94789,40.48306 -79.94744,40.48368 -79.94808,40.4844 -79.94971,40.48368"
sunday,kept,60.0,"-79.95487,40.46543 -79.95437,40.46506"
sunday,kept,19.9,"-79.95287,40.46392 -79.95291,40.46374"
sunday,kept,20.0,"-79.95434,40.4621 -79.95448,40.46195"
sunday,kept,40.0,"-79.95583,40.46048 -79.9561,40.46018"
sunday,kept,19.5,"-79.9573,40.45886 -79.95735,40.45869"
sunday,kept,20.0,"-79.98645,40.43851 -79.98647,40.43834"
sunday,added,243.4,"-79.98649,40.43816 -79.9866,40.43692 -79.98536,40.43685"
sunday,kept,2037.6,"-79.89636,40.46857 -79.89741,40.46718 -79.89802,40.46563 -79.89905,40.46466 -79.90418,40.46333 -79.90691,40.46192 -79.91043,40.46088 -79.91344,40.46041 -79.91518,40.46091 -79.91588,40.46081"
sunday,added,40.0,"-79.92936,40.45962 -79.92918,40.45928"
sunday,kept,478.8,"-79.9291,40.45912 -79.92895,40.45879 -79.93378,40.45734"
sunday,kept,2337.2,"-79.95202,40.45189 -79.95465,40.4511 -79.9583,40.44855 -79.95871,40.44837 -79.95941,40.44834 -79.96239,40.44887 -79.96475,40.44887 -79.96517,40.44872 -79.96902,40.44607 -79.97072,40.44544 -79.97252,40.44578 -79.97398,40.44518 -79.9761,40.44528"
sunday,kept,673.3,"-79.98605,40.44101 -79.98688,40.44068 -79.98757,40.44056 -79.99158,40.44053 -79.99099,40.43887"
sunday,kept,759.0,"-79.99251,40.43887 -79.99514,40.43809 -79.9956,40.43807 -80.00064,40.44003"
sunday,kept,945.3,"-79.99377,40.44162 -79.99317,40.44136 -79.99205,40.44162 -79.99088,40.44274 -79.99002,40.44154 -79.98733,40.44266 -79.98716,40.44264 -79.98602,40.44107"
sunday,kept,955.7,"-79.96287,40.44192 -79.96434,40.44052 -79.96805,40.44002 -79.96861,40.44033 -79.96869,40.44047 -79.96857,40.44062 -79.96578,40.44281"
sunday,kept,983.7,"-79.9651,40.44331 -79.96341,40.44456 -79.96252,40.44538 -79.96186,40.44555 -79.96093,40.44546 -79.96049,40.44559 -79.96021,40.44607 -79.95999,40.44713 -79.96016,40.4471 -79.96032,40.44677 -79.96025,40.44661 -79.9601,40.44666 -79.95985,40.44734 -79.95914,40.44778 -79.9588,40.44825"
sunday,kept,497.2,"-79.95775,40.44894 -79.95704,40.45027 -79.95679,40.45115 -79.95729,40.45149 -79.95923,40.45214"
sunday,added,260.0,"-79.95945,40.45222 -79.96225,40.45316"
sunday,kept,2011.9,"-79.96248,40.4532 -79.96292,40.45325 -79.96434,40.45229 -79.96489,40.45285 -79.96666,40.45319 -79.98295,40.44628"
sunday,added,180.0,"-79.98315,40.44619 -79.98501,40.44541"
sunday,kept,434.8,"-79.98522,40.44532 -79.9881,40.44409 -79.98732,40.44285"
sunday,kept,99.9,"-79.98998,40.44147 -79.98975,40.44115 -79.98966,40.44062"
sunday,kept,20.0,"-79.99101,40.43916 -79.99101,40.43898"
sunday,kept,810.9,"-79.96492,40.45288 -79.96193,40.45492 -79.96142,40.45433 -79.96151,40.4542 -79.96055,40.45341 -79.95847,40.45265 -79.95873,40.45215"
sunday,kept,39.9,"-79.96045,40.44564 -79.96087,40.44549"
sunday,kept,40.0,"-79.96388,40.44421 -79.96421,40.44396"
sunday,kept,20.0,"-79.96625,40.44246 -79.96641,40.44233"
sunday,kept,53.3,"-79.96858,40.44068 -79.96884,40.44049 -79.96867,40.44038"
sunday,kept,60.0,"-79.97619,40.44524 -79.97653,40.44571"
sunday,added,1273.0,"-79.97665,40.44587 -79.97665,40.446 -79.96512,40.45089 -79.96493,40.45099 -79.96435,40.45197"
sunday,kept,40.0,"-79.96508,40.45305 -79.96536,40.45334"
sunday,added,219.8,"-79.9655,40.45349 -79.96582,40.45396 -79.96605,40.45539"
sunday,kept,159.8,"-79.96605,40.45557 -79.96504,40.45677"
sunday,kept,1427.0,"-79.96748,40.46141 -79.96926,40.46023 -79.96989,40.46072 -79.97006,40.46069 -79.97829,40.45503 -79.97842,40.45491 -79.97747,40.45412 -79.97742,40.45395 -79.97775,40.4537"
sunday,added,120.0,"-79.97793,40.45358 -79.979,40.45287"
sunday,added,119.4,"-79.97935,40.45263 -79.97975,40.45222 -79.97948,40.45173"
sunday,kept,31.3,"-79.9933,40.44346 -79.9932,40.44332 -79.99304,40.44334"
sunday,kept,619.9,"-79.97494,40.45631 -79.96952,40.46005"
sunday,kept,1619.8,"-79.93071,40.46346 -79.92746,40.46885 -79.92385,40.47702"
sunday,added,275.2,"-79.82657,40.46487 -79.82775,40.46428 -79.82836,40.46378 -79.82853,40.46445"
sunday,kept,1774.5,"-79.82857,40.46463 -79.8286,40.4648 -79.8302,40.46472 -79.83108,40.46496 -79.83215,40.46566 -79.83305,40.46691 -79.83361,40.46724 -79.83475,40.46744 -79.83591,40.46732 -79.83758,40.46665 -79.83876,40.46577 -79.83959,40.46448 -79.83991,40.46344 -79.84091,40.46222 -79.84114,40.46135 -79.84248,40.46035"
sunday,kept,6674.6,"-79.84333,40.46007 -79.844,40.46021 -79.84514,40.46111 -79.84555,40.46128 -79.84743,40.46126 -79.8481,40.46141 -79.85258,40.4646 -79.85296,40.46481 -79.85365,40.4649 -79.85429,40.4647 -79.85642,40.46302 -79.85716,40.46258 -79.85965,40.46205 -79.86165,40.4615 -79.86234,40.46141 -79.8647,40.46143 -79.86789,40.46079 -79.87067,40.46119 -79.87137,40.46112 -79.87248,40.46082 -79.87322,40.46039 -79.87573,40.45824 -79.87779,40.45703 -79.87979,40.45526 -79.88091,40.45504 -79.88392,40.45549 -79.88596,40.45507 -79.88619,40.4551 -79.90179,40.45864 -79.90328,40.45815 -79.90469,40.45811 -79.90631,40.45835 -79.90928,40.45895 -79.9134,40.4603"
sunday,kept,20.0,"-79.97047,40.45939 -79.97065,40.45927"
sunday,kept,739.9,"-79.98702,40.44815 -79.9938,40.44396"
sunday,kept,79.8,"-79.9938,40.44379 -79.99315,40.44431"
sunday,kept,117.4,"-79.8809,40.45503 -79.88072,40.45472 -79.87997,40.4551"
sunday,kept,299.3,"-79.8286,40.46484 -79.8272,40.4655 -79.82614,40.46622 -79.82579,40.46599"
sunday,added,171.3,"-79.82561,40.46587 -79.82521,40.46553 -79.82567,40.46544 -79.82639,40.46498"
sunday,kept,480.0,"-79.92277,40.46601 -79.92368,40.4662 -79.92796,40.46771"
sunday,kept,2909.9,"-79.92755,40.46877 -79.9329,40.47067 -79.93455,40.47219 -79.9358,40.47269 -79.9401,40.4717 -79.94005,40.47105 -79.94034,40.4702 -79.94019,40.46986 -79.93963,40.46928 -79.93805,40.46897 -79.93806,40.46818 -79.93461,40.4677 -79.93639,40.46476 -79.93443,40.46476 -79.93076,40.46352"
sunday,kept,1039.2,"-79.93248,40.46071 -79.93505,40.46162 -79.94442,40.46244"
sunday,kept,218.5,"-79.95042,40.46461 -79.95182,40.46316 -79.95201,40.46324"
sunday,kept,179.9,"-79.95285,40.46399 -79.95134,40.46513"
sunday,kept,79.5,"-79.94554,40.46235 -79.9446,40.46231"
sunday,kept,576.6,"-79.9365,40.46469 -79.93859,40.4646 -79.93764,40.46811"
sunday,kept,19.4,"-79.936,40.47265 -79.93577,40.47268"
sunday,kept,20.0,"-79.92776,40.46748 -79.92755,40.46741"
sunday,kept,20.0,"-79.92712,40.46726 -79.92691,40.46718"
sunday,kept,20.0,"-79.92583,40.4668 -79.92562,40.46673"
sunday,kept,20.0,"-79.92519,40.46658 -79.92498,40.4665"
sunday,kept,20.0,"-79.92455,40.46635 -79.92434,40.46627"
sunday,kept,20.0,"-79.9239,40.46612 -79.92369,40.46605"
sunday,kept,1179.7,"-79.93841,40.46458 -79.93958,40.46457 -79.95144,40.46616 -79.95215,40.46617"
sunday,kept,1119.5,"-79.95836,40.46511 -79.96527,40.46395 -79.96984,40.46083"
sunday,added,2099.0,"-79.78588,40.47744 -79.78567,40.47736 -79.78553,40.47746 -79.78586,40.47762 -79.78629,40.47758 -79.78703,40.47713 -79.78734,40.47673 -79.78773,40.47693 -79.78791,40.47687 -79.79106,40.47499 -79.79174,40.47493 -79.79351,40.47541 -79.79952,40.47751 -79.79977,40.4778 -79.80052,40.48043 -79.80079,40.48073 -79.80142,40.48095 -79.8042,40.48133"
sunday,kept,5274.3,"-79.80443,40.48136 -79.80466,40.48139 -79.80453,40.48192 -79.80459,40.48245 -79.80428,40.48332 -79.80401,40.48361 -79.80361,40.48379 -79.80219,40.48385 -79.80175,40.48396 -79.80059,40.48483 -79.80015,40.48495 -79.79976,40.48481 -79.79955,40.48488 -79.79944,40.48503 -79.79966,40.48532 -79.80007,40.48521 -79.80022,40.48493 -79.80085,40.4847 -79.80143,40.48413 -79.80182,40.48394 -79.80345,40.48381 -79.80406,40.48357 -79.80455,40.48257 -79.80453,40.48186 -79.80473,40.48138 -79.80777,40.48161 -79.8091,40.48236 -79.81032,40.48344 -79.81156,40.48395 -79.81273,40.48404 -79.81388,40.48385 -79.81458,40.48387 -79.81754,40.48495 -79.81822,40.48485 -79.81914,40.48429 -79.81959,40.48332 -79.82072,40.48216 -79.82222,40.48102 -79.82253,40.48036 -79.82245,40.47838 -79.82163,40.47633 -79.8221,40.47514 -79.82198,40.47443 -79.8216,40.47398 -79.81976,40.47259 -79.81955,40.47227 -79.81959,40.47174 -79.8202,40.47121 -79.82215,40.47056 -79.8229,40.47013 -79.8255,40.46757 -79.82595,40.46656"
sunday,added,3199.0,"-79.82496,40.46536 -79.82445,40.46476 -79.82415,40.46389 -79.82404,40.46138 -79.8233,40.45931 -79.82328,40.45751 -79.82295,40.4561 -79.82296,40.45556 -79.82339,40.45454 -79.82572,40.45303 -79.82635,40.45229 -79.82837,40.44436 -79.82863,40.44077 -79.82922,40.4398 -79.83034,40.43842"
sunday,kept,199.9,"-79.82178,40.43408 -79.81978,40.43313"
sunday,added,659.3,"-79.81958,40.43303 -79.81538,40.43104 -79.81394,40.43045 -79.81283,40.43014"
sunday,kept,40.0,"-79.8126,40.4301 -79.81214,40.43001"
sunday,added,20.0,"-79.8129,40.43026 -79.81313,40.43031"
sunday,added,20.0,"-79.81379,40.4305 -79.81401,40.43057"
sunday,added,40.0,"-79.81683,40.43184 -79.81723,40.43203"
sunday,added,20.0,"-79.81823,40.43251 -79.81843,40.4326"
sunday,kept,40.0,"-79.82064,40.43365 -79.82104,40.43383"
sunday,kept,19.7,"-79.83022,40.43823 -79.83029,40.4384"
sunday,added,20.0,"-79.82855,40.44051 -79.82843,40.44067"
sunday,added,219.9,"-79.82825,40.441 -79.82817,40.44153 -79.82837,40.44296"
sunday,added,59.8,"-79.8283,40.44422 -79.82824,40.44475"
sunday,added,959.8,"-79.95934,40.44357 -79.95113,40.44951"
sunday,kept,20.0,"-79.95097,40.44964 -79.9508,40.44976"
sunday,added,3509.1,"-79.97612,40.49523 -79.98036,40.49997 -79.98115,40.50127 -79.98194,40.50164 -79.98429,40.50176 -79.98495,40.50196 -79.99022,40.50555 -79.99041,40.50586 -79.99033,40.50603 -79.98945,40.50661 -79.98925,40.50729 -79.98945,40.50762 -79.99032,40.50821 -79.99095,40.50918 -79.99156,40.50972 -79.99364,40.51079 -79.99624,40.51164 -79.99867,40.51305 -79.99955,40.51331 -80.00324,40.5139 -80.00357,40.51414 -80.00361,40.5145"
sunday,kept,79.7,"-80.00364,40.51468 -80.0041,40.51529"
sunday,kept,19.0,"-80.0203,40.54697 -80.02017,40.54711"
sunday,kept,119.9,"-80.02236,40.55601 -80.02223,40.55494"
sunday,kept,20.0,"-80.02192,40.55408 -80.02192,40.5539"
sunday,kept,20.0,"-80.00718,40.52828 -80.00702,40.52815"
sunday,kept,40.0,"-80.00549,40.52358 -80.00549,40.52322"
sunday,kept,80.0,"-80.00462,40.51571 -80.00478,40.515"
sunday,added,79.8,"-80.00483,40.51483 -80.00498,40.51412"
sunday,kept,100.0,"-80.00479,40.51405 -80.00363,40.51388"
sunday,added,20.0,"-80.0027,40.51374 -80.00247,40.51371"
sunday,added,20.0,"-80.00131,40.51355 -80.00107,40.51353"
sunday,added,75.4,"-79.99015,40.50623 -79.9905,40.50607 -79.99039,40.50572"
sunday,added,120.0,"-79.973,40.49192 -79.972,40.49116"
sunday,kept,184.6,"-79.95791,40.44225 -79.95876,40.44255 -79.95976,40.44311"
sunday,kept,779.5,"-79.96717,40.46274 -79.96382,40.46748 -79.96238,40.46867"
sunday,kept,1794.8,"-79.94779,40.48451 -79.94614,40.48522 -79.93716,40.48842 -79.93835,40.49226 -79.93953,40.49531"
sunday,kept,1943.7,"-79.86596,40.49157 -79.8662,40.49187 -79.86662,40.49203 -79.86845,40.49169 -79.87104,40.49168 -79.87157,40.49199 -79.87153,40.49252 -79.87064,40.49334 -79.86878,40.49352 -79.86816,40.49376 -79.8677,40.49437 -79.86769,40.49509 -79.86787,40.49558 -79.866,40.49695 -79.86278,40.49981 -79.86099,40.50045"
sunday,kept,1253.8,"-79.8608,40.50056 -79.86072,40.50072 -79.86103,40.50096 -79.86241,40.50118 -79.86311,40.5011 -79.86506,40.50046 -79.86648,40.49984 -79.86997,40.49742 -79.86777,40.49537"
sunday,kept,40.0,"-79.93821,40.49153 -79.9381,40.49118"
sunday,kept,20.0,"-79.93787,40.49048 -79.93782,40.49031"
sunday,kept,20.0,"-79.93759,40.48961 -79.93753,40.48944"
sunday,kept,19.8,"-79.93729,40.48856 -79.93738,40.4884"
sunday,kept,2876.5,"-79.93154,40.47415 -79.93247,40.47675 -79.93299,40.47941 -79.93327,40.47989 -79.93466,40.48056 -79.94049,40.48202 -79.94309,40.47995 -79.94437,40.47866 -79.94656,40.47762 -79.94725,40.47768 -79.949,40.4782 -79.95087,40.47745 -79.95224,40.47764 -79.95382,40.47729 -79.95426,40.4774 -79.95549,40.47824"
sunday,kept,460.0,"-79.96197,40.43904 -79.95826,40.43603"
sunday,kept,1577.8,"-79.93656,40.43284 -79.93584,40.43238 -79.93498,40.43212 -79.93435,40.43235 -79.93369,40.43309 -79.93313,40.4334 -79.91918,40.43528"
sunday,kept,20.0,"-79.93375,40.41964 -79.93396,40.41955"
sunday,kept,1337.7,"-79.93438,40.41938 -79.93582,40.41878 -79.93698,40.41788 -79.93863,40.41592 -79.93914,40.41555 -79.93948,40.41342 -79.93998,40.41262 -79.94207,40.41179 -79.94437,40.41138"
sunday,kept,3.6,"-79.92983,40.4076 -79.92985,40.40757"
sunday,kept,1255.7,"-79.87936,40.4151 -79.87946,40.41499 -79.88073,40.41547 -79.88537,40.41824 -79.88597,40.41879 -79.88676,40.4199 -79.88704,40.42095 -79.88697,40.42184 -79.88649,40.42342"
sunday,kept,40.0,"-79.88568,40.42586 -79.88557,40.42621"
sunday,kept,20.0,"-79.88534,40.4269 -79.88528,40.42708"
sunday,kept,20.0,"-79.88505,40.42777 -79.885,40.42795"
sunday,kept,60.0,"-79.88483,40.42847 -79.88468,40.429"
sunday,kept,60.0,"-79.88453,40.43025 -79.88453,40.43079"
sunday,kept,40.0,"-79.88471,40.43204 -79.88479,40.43239"
sunday,kept,1060.0,"-79.88497,40.43328 -79.88688,40.44269"
sunday,kept,200.0,"-79.99396,40.44376 -79.99502,40.44215"
sunday,kept,20.0,"-79.99416,40.44327 -79.99406,40.44343"
sunday,added,439.8,"-79.94952,40.45218 -79.94788,40.44844"
sunday,kept,20.0,"-79.9478,40.44827 -79.94772,40.4481"
sunday,lost,120.0,"-80.00352,40.45297 -80.00214,40.45323"
sunday,lost,2337.3,"-79.96756,40.47819 -79.96273,40.4826 -79.96003,40.48531 -79.95773,40.48686 -79.95467,40.48854 -79.9521,40.49012 -79.94941,40.49261 -79.94857,40.49323"
sunday,lost,576.6,"-79.76585,40.56336 -79.76561,40.56244 -79.7675,40.56214 -79.76765,40.5622 -79.76836,40.56478"
sunday,lost,190.3,"-79.75364,40.60175 -79.75203,40.60232 -79.75228,40.60261"
sunday,lost,140.0,"-79.75481,40.60186 -79.75625,40.60124"
sunday,lost,11.6,"-79.7521,40.60229 -79.75214,40.60239"
sunday,lost,546.8,"-79.75478,40.6028 -79.75493,40.60287 -79.75689,40.602 -79.75821,40.60165 -79.76034,40.60051"
sunday,lost,79.9,"-79.95024,40.49195 -79.9509,40.49144"
sunday,lost,99.2,"-79.95122,40.49118 -79.95197,40.4905"
sunday,lost,39.9,"-79.95228,40.49023 -79.9526,40.48997"
sunday,lost,40.0,"-79.95593,40.48796 -79.95631,40.48775"
sunday,lost,60.0,"-79.95909,40.48609 -79.95963,40.48574"
sunday,lost,40.0,"-79.96059,40.48495 -79.96089,40.48467"
sunday,lost,40.0,"-79.96144,40.48409 -79.96171,40.48379"
sunday,lost,179.7,"-79.9662,40.47964 -79.96699,40.47898 -79.96783,40.47868"
sunday,lost,1060.3,"-80.03641,40.58571 -80.04162,40.58687 -80.04212,40.58649 -80.04161,40.58618 -80.04114,40.58621 -80.03656,40.58518 -80.03613,40.58523"
sunday,lost,1113.1,"-80.01646,40.5667 -80.01653,40.56587 -80.0169,40.56542 -80.02021,40.56354 -80.02314,40.56357 -80.02377,40.56335 -80.02411,40.56288 -80.02425,40.56073"
sunday,lost,952.4,"-80.01676,40.55064 -80.01548,40.55157 -80.01529,40.55125 -80.01533,40.55072 -80.01515,40.55002 -80.01582,40.54973 -80.01567,40.5492 -80.01499,40.54928 -80.01544,40.55152 -80.01558,40.55162 -80.01685,40.55055"
sunday,lost,39.5,"-80.01989,40.56367 -80.01956,40.56392"
sunday,lost,20.0,"-80.01795,40.56483 -80.01776,40.56493"
sunday,lost,6.9,"-80.0165,40.56595 -80.01648,40.56601"
sunday,lost,1021.5,"-80.0211,40.44831 -80.02119,40.44918 -80.02301,40.44947 -80.02329,40.44975 -80.02357,40.45062 -80.026,40.45025 -80.02646,40.45032 -80.02684,40.45054 -80.02745,40.45129 -80.02813,40.45332"
sunday,lost,239.9,"-80.03624,40.46938 -80.03738,40.47135"
sunday,lost,379.9,"-80.04031,40.47544 -80.04261,40.47837"
sunday,lost,240.0,"-80.04035,40.47533 -80.0389,40.47348"
sunday,lost,60.0,"-80.03791,40.47206 -80.03761,40.47157"
sunday,lost,160.0,"-80.03638,40.46943 -80.03578,40.46807"
sunday,lost,1304.9,"-80.02986,40.45593 -80.02823,40.45087 -80.02773,40.45007 -80.02703,40.44961 -80.02513,40.44893 -80.02188,40.44813 -80.02142,40.44812 -80.02114,40.44837"
sunday,lost,251.0,"-80.02109,40.44891 -80.02105,40.44908 -80.02066,40.44927 -80.01846,40.44966"
sunday,lost,495.4,"-80.005,40.48611 -80.00529,40.48626 -80.00569,40.4861 -80.00588,40.48559 -80.00565,40.48494 -80.00541,40.48446 -80.00437,40.48468 -80.00398,40.48423 -80.00383,40.48353"
sunday,lost,1340.5,"-80.01474,40.46903 -80.0159,40.4679 -80.01881,40.46694 -80.0198,40.46646 -80.02033,40.46595 -80.02055,40.46545 -80.02055,40.4643 -80.02039,40.46369 -80.0177,40.46163 -80.01718,40.46026"
sunday,lost,20.0,"-80.01821,40.46202 -80.01837,40.46215"
sunday,lost,133.4,"-80.00454,40.48497 -80.005,40.48611"
sunday,lost,4353.7,"-80.0212,40.4953 -80.02154,40.49483 -80.02192,40.49463 -80.02261,40.49461 -80.02318,40.4949 -80.02325,40.49542 -80.02275,40.49634 -80.02312,40.49677 -80.02294,40.49765 -80.02308,40.49818 -80.02377,40.49883 -80.02716,40.50091 -80.02921,40.49912 -80.03152,40.49994 -80.03423,40.50038 -80.03981,40.50097 -80.04287,40.50105 -80.04357,40.50098 -80.04551,40.49996 -80.04597,40.49956 -80.04613,40.49922 -80.04604,40.49655 -80.0451,40.49415 -80.04519,40.49327 -80.0445,40.49194 -80.04453,40.49159 -80.04489,40.49113 -80.04485,40.49043 -80.04516,40.48995 -80.04483,40.48972 -80.0446,40.4897 -80.04355,40.48984 -80.04165,40.48824"
sunday,lost,20.0,"-80.04523,40.49356 -80.04521,40.49374"
sunday,lost,13.9,"-80.02935,40.49916 -80.0292,40.49912"
sunday,lost,20.0,"-80.02312,40.49681 -80.02309,40.49663"
sunday,lost,59.9,"-80.02111,40.49545 -80.02083,40.49594"
sunday,lost,12640.5,"-80.01767,40.5573 -80.01674,40.5577 -80.01605,40.55818 -80.0123,40.56213 -80.00938,40.56436 -80.00695,40.5674 -80.00557,40.56716 -80.00084,40.56583 -79.9999,40.56579 -79.99876,40.56599 -79.99728,40.56528 -79.9966,40.56513 -79.9941,40.56516 -79.99318,40.56504 -79.98931,40.56354 -79.98835,40.56302 -79.98782,40.56243 -79.9874,40.56035 -79.98686,40.55936 -79.98569,40.55849 -79.98405,40.55794 -79.98179,40.55743 -79.97877,40.55735 -79.97719,40.55747 -79.97557,40.55792 -79.9751,40.55795 -79.97442,40.55781 -79.97387,40.55748 -79.97118,40.55498 -79.97139,40.55292 -79.97242,40.55252 -79.97262,40.55223 -79.97166,40.55179 -79.97149,40.55146 -79.97145,40.55081 -79.97159,40.5498 -79.97218,40.54834 -79.9722,40.54726 -79.97238,40.5466 -79.97216,40.53792 -79.97074,40.53591 -79.9656,40.52943 -79.96235,40.52512 -79.9618,40.5242 -79.95991,40.52245 -79.95941,40.52001 -79.95902,40.51916 -79.95895,40.51865 -79.95916,40.51443 -79.95902,40.51396 -79.95833,40.51281 -79.95616,40.50977 -79.95597,40.50967 -79.95433,40.50955 -79.95365,40.50939 -79.95285,40.50902 -79.952,40.5084 -79.94994,40.50518 -79.94923,40.50427 -79.94869,40.50381 -79.94835,40.50315 -79.94781,40.50256 -79.94695,40.50202 -79.94474,40.50162 -79.94427,40.50121 -79.94385,40.50038 -79.94396,40.49698"
sunday,lost,971.5,"-79.97201,40.4851 -79.9718,40.4844 -79.97184,40.48332 -79.97215,40.48266 -79.97285,40.48219 -79.97276,40.48167 -79.97188,40.48109 -79.97056,40.48072 -79.96738,40.47896"
sunday,lost,20.0,"-79.96971,40.48028 -79.96991,40.48038"
sunday,lost,19.8,"-79.96994,40.53493 -79.97006,40.53508"
sunday,lost,15.1,"-79.97212,40.53782 -79.97216,40.53795"
sunday,lost,20.0,"-79.97222,40.53849 -79.97223,40.53867"
sunday,lost,40.0,"-79.97232,40.54301 -79.97234,40.54337"
sunday,lost,18.5,"-79.97235,40.54651 -79.97233,40.54668"
sunday,lost,34.3,"-79.97172,40.55557 -79.97198,40.5558"
sunday,lost,20.0,"-79.97379,40.55741 -79.97395,40.55754"
sunday,lost,19.9,"-79.97564,40.55791 -79.97587,40.55786"
sunday,lost,20.0,"-79.99515,40.56513 -79.99539,40.56513"
sunday,lost,15.2,"-80.00971,40.56408 -80.00982,40.56397"
sunday,lost,13927.2,"-80.10005,40.47024 -80.10024,40.47182 -80.10013,40.47289 -80.09989,40.47377 -80.09897,40.47571 -80.10031,40.47598 -80.10137,40.47652 -80.10293,40.47797 -80.10471,40.4803 -80.10563,40.48086 -80.1073,40.48133 -80.10742,40.48148 -80.1073,40.4829 -80.10648,40.48642 -80.10653,40.48695 -80.10738,40.48854 -80.10786,40.48916 -80.10909,40.48992 -80.11078,40.4905 -80.11129,40.49087 -80.11161,40.49135 -80.11174,40.49307 -80.11076,40.49797 -80.1111,40.49901 -80.11192,40.49987 -80.11318,40.50059 -80.1162,40.50149 -80.12359,40.50242 -80.13021,40.50355 -80.13252,40.50438 -80.13346,40.50435 -80.13545,40.50381 -80.1366,40.50362 -80.14055,40.50401 -80.14033,40.50557 -80.13991,40.5062 -80.14022,40.50664 -80.1433,40.50457 -80.14331,40.50447 -80.14196,40.50416 -80.13709,40.50352 -80.13615,40.50356 -80.13346,40.50422 -80.13252,40.50427 -80.13184,40.50415 -80.13039,40.50358 -80.1236,40.50242 -80.11672,40.5016 -80.11472,40.50107 -80.11399,40.50028 -80.11414,40.49997 -80.11512,40.49951 -80.116,40.49954 -80.1166,40.49942 -80.1172,40.49889 -80.11733,40.49585 -80.11703,40.4939 -80.11844,40.49256 -80.11968,40.49029 -80.11963,40.48976 -80.11804,40.48669 -80.11745,40.48644 -80.1148,40.48701 -80.11416,40.4869 -80.11261,40.4848 -80.1118,40.48208 -80.10886,40.48175 -80.10551,40.4808 -80.10448,40.48008 -80.10292,40.47796 -80.10093,40.47618 -80.09969,40.47582 -80.09794,40.47556"
sunday,lost,1683.9,"-80.09094,40.47051 -80.08942,40.46968 -80.08877,40.46894 -80.08818,40.46797 -80.0873,40.46737 -80.08639,40.46739 -80.08523,40.46825 -80.08093,40.46676 -80.07776,40.46666 -80.07708,40.46653 -80.07603,40.46612 -80.07535,40.46601 -80.07466,40.46531"
sunday,lost,19.8,"-80.08647,40.46736 -80.0867,40.46732"
sunday,lost,19.9,"-80.08834,40.46818 -80.08842,40.46835"
sunday,lost,19.9,"-80.08984,40.46997 -80.09004,40.47006"
sunday,lost,12.6,"-80.10907,40.48989 -80.1092,40.48994"
sunday,lost,13.2,"-80.11203,40.49994 -80.11214,40.50002"
sunday,lost,35.6,"-80.11439,40.50097 -80.11478,40.50108"
sunday,lost,11.2,"-80.14016,40.5066 -80.14029,40.5066"
sunday,lost,19.1,"-80.14223,40.50529 -80.1424,40.50519"
sunday,lost,29.8,"-80.11481,40.50109 -80.11458,40.50091"
sunday,lost,18.7,"-80.11408,40.50002 -80.11425,40.4999"
sunday,lost,53.7,"-80.11636,40.49949 -80.1169,40.49926"
sunday,lost,20.0,"-80.11723,40.49808 -80.11721,40.4979"
sunday,lost,14.2,"-80.11186,40.48225 -80.11185,40.48212"
sunday,lost,9.9,"-80.10613,40.48099 -80.10601,40.48101"
sunday,lost,20.0,"-80.10018,40.47132 -80.10016,40.47114"
sunday,lost,19.9,"-80.10008,40.47051 -80.10006,40.47034"
sunday,lost,976.7,"-80.1855,40.5377 -80.18567,40.53771 -80.18601,40.53732 -80.18462,40.53665 -80.18442,40.53638 -80.18977,40.53123"
sunday,lost,469.4,"-80.18431,40.53653 -80.18426,40.53688 -80.18093,40.53979"
sunday,lost,610.3,"-80.18033,40.54034 -80.17816,40.54162 -80.17882,40.54223 -80.17976,40.54173 -80.1798,40.54161 -80.17924,40.54104 -80.18011,40.54047"
sunday,lost,131.7,"-80.1843,40.53697 -80.1855,40.5377"
sunday,lost,574.3,"-80.15835,40.45173 -80.15925,40.45195 -80.15959,40.45218 -80.16037,40.45424 -80.16023,40.45586 -80.1606,40.45597"
sunday,lost,406.1,"-80.09743,40.46914 -80.09529,40.46989 -80.09433,40.47051 -80.09321,40.47073"
sunday,lost,19.8,"-80.09334,40.47073 -80.09357,40.4707"
sunday,lost,619.7,"-80.06909,40.44701 -80.06909,40.44714 -80.06718,40.44891 -80.06952,40.45082 -80.06959,40.45133"
sunday,lost,20.0,"-80.06757,40.44923 -80.06741,40.4491"
sunday,lost,1399.3,"-80.07721,40.45899 -80.07428,40.45759 -80.073,40.45769 -80.06948,40.45848 -80.06924,40.45849 -80.06748,40.4579 -80.06668,40.45703 -80.06645,40.45562 -80.06578,40.45408 -80.0654,40.45391"
sunday,lost,20.0,"-80.06659,40.45657 -80.0666,40.45675"
sunday,lost,20.0,"-80.07719,40.45897 -80.07735,40.4591"
sunday,lost,119.9,"-80.17517,40.45193 -80.17449,40.451"
sunday,lost,669.1,"-80.16309,40.44797 -80.16766,40.44706 -80.16759,40.44679 -80.16714,40.44638 -80.16542,40.44549"
sunday,lost,238.2,"-80.16388,40.44788 -80.16453,40.44807 -80.1654,40.44865 -80.16634,40.44868"
sunday,lost,6143.9,"-80.19377,40.43661 -80.19256,40.43629 -80.19213,40.43671 -80.19209,40.43706 -80.1915,40.43716 -80.19158,40.43806 -80.19189,40.43911 -80.19313,40.44124 -80.19287,40.44171 -80.19175,40.44194 -80.19012,40.44176 -80.18919,40.44185 -80.18403,40.44361 -80.18554,40.44485 -80.18715,40.44557 -80.18761,40.44556 -80.18935,40.44504 -80.19168,40.44533 -80.19232,40.44554 -80.19358,40.44634 -80.19413,40.44692 -80.19489,40.44824 -80.19515,40.44983 -80.19534,40.45015 -80.1965,40.45105 -80.19903,40.452 -80.19795,40.45315 -80.1949,40.45481 -80.19362,40.45652 -80.19346,40.45657 -80.1927,40.45616 -80.19196,40.45525 -80.19199,40.45465 -80.19332,40.45317 -80.19352,40.45259 -80.19319,40.45193 -80.19185,40.45091 -80.19102,40.45058 -80.18998,40.45049 -80.18621,40.45116 -80.18504,40.45113 -80.18404,40.45067 -80.18157,40.44829 -80.18105,40.44799 -80.18021,40.44769 -80.17904,40.44764"
sunday,lost,16.9,"-80.1809,40.4479 -80.18104,40.44801"
sunday,lost,7.4,"-80.18446,40.45092 -80.18452,40.45097"
sunday,lost,19.9,"-80.18963,40.45051 -80.18987,40.45049"
sunday,lost,20.0,"-80.19277,40.4516 -80.19294,40.45173"
sunday,lost,20.0,"-80.1962,40.45084 -80.19603,40.45071"
sunday,lost,20.0,"-80.19514,40.44952 -80.19513,40.44934"
sunday,lost,19.8,"-80.19405,40.44681 -80.19393,40.44666"
sunday,lost,19.9,"-80.19192,40.44193 -80.19215,40.4419"
sunday,lost,55.0,"-80.19303,40.44165 -80.19324,40.44157 -80.19315,40.44127"
sunday,lost,100.0,"-80.19166,40.43808 -80.1916,40.43719"
sunday,lost,9.8,"-80.19365,40.43661 -80.19372,40.43668"
sunday,lost,235.1,"-80.11358,40.35615 -80.11243,40.35805"
sunday,lost,8.6,"-80.11332,40.35662 -80.11341,40.35658"
sunday,lost,6136.7,"-80.05479,40.33974 -80.05229,40.3406 -80.053,40.34282 -80.05292,40.34296 -80.04866,40.345 -80.04808,40.34553 -80.04817,40.34606 -80.04956,40.34768 -80.05007,40.34914 -80.0505,40.349 -80.0512,40.34837 -80.05166,40.34832 -80.05198,40.34853 -80.05036,40.35258 -80.05018,40.35365 -80.05015,40.35509 -80.05139,40.35586 -80.05134,40.3562 -80.05271,40.3569 -80.05336,40.35675 -80.05543,40.3576 -80.05896,40.35861 -80.05986,40.35898 -80.06357,40.36147 -80.06397,40.36204 -80.0632,40.36366 -80.06133,40.36594 -80.06122,40.36642 -80.06128,40.36782 -80.06015,40.37049 -80.05723,40.37428 -80.05618,40.37603 -80.05539,40.37772 -80.05296,40.37995"
sunday,lost,1289.6,"-80.05369,40.38536 -80.05477,40.38721 -80.0515,40.38795 -80.04854,40.3893 -80.04788,40.38994 -80.04751,40.39059 -80.04698,40.39228 -80.04707,40.39281 -80.04686,40.3933"
sunday,lost,5072.4,"-80.04393,40.4 -80.04106,40.40301 -80.03987,40.40406 -80.03317,40.4076 -80.03263,40.40819 -80.03172,40.4098 -80.03023,40.41403 -80.02992,40.41544 -80.02954,40.42362 -80.0302,40.42735 -80.03013,40.42789 -80.02975,40.42853 -80.02734,40.43025 -80.01633,40.43613"
sunday,lost,159.9,"-80.01517,40.43675 -80.01362,40.43757"
sunday,lost,99.6,"-80.01407,40.43748 -80.01505,40.43699"
sunday,lost,59.8,"-80.017,40.43597 -80.01757,40.43566"
sunday,lost,100.0,"-80.01912,40.43484 -80.02009,40.43432"
sunday,lost,40.0,"-80.02086,40.43391 -80.02124,40.4337"
sunday,lost,59.9,"-80.02164,40.43351 -80.02222,40.4332"
sunday,lost,40.0,"-80.0226,40.43299 -80.02299,40.43279"
sunday,lost,140.0,"-80.02376,40.43237 -80.02512,40.43165"
sunday,lost,140.0,"-80.02589,40.43124 -80.02725,40.43052"
sunday,lost,219.9,"-80.02763,40.43031 -80.02877,40.42968 -80.02959,40.42903"
sunday,lost,677.7,"-80.03023,40.42828 -80.03077,40.42729 -80.03133,40.42556 -80.03114,40.42506 -80.03025,40.42447 -80.03002,40.42416 -80.02969,40.42275"
sunday,lost,253.5,"-80.02988,40.41822 -80.03001,40.41594"
sunday,lost,20.0,"-80.03019,40.41451 -80.03024,40.41434"
sunday,lost,40.0,"-80.03047,40.41364 -80.03058,40.41329"
sunday,lost,40.0,"-80.03166,40.41017 -80.03183,40.40983"
sunday,lost,11.7,"-80.03202,40.4095 -80.03208,40.40941"
sunday,lost,20.0,"-80.03226,40.40907 -80.03235,40.40891"
sunday,lost,60.0,"-80.03254,40.40858 -80.03285,40.40809"
sunday,lost,20.0,"-80.03432,40.40704 -80.03451,40.40694"
sunday,lost,31.3,"-80.03727,40.40555 -80.03758,40.40539"
sunday,lost,40.0,"-80.04007,40.40404 -80.0404,40.40378"
sunday,lost,15.6,"-80.05496,40.37812 -80.05511,40.37804"
sunday,lost,35.5,"-80.06411,40.3618 -80.06384,40.36158"
sunday,lost,235.3,"-80.05377,40.3568 -80.05179,40.35583 -80.05161,40.3558 -80.05149,40.35595"
sunday,lost,217.1,"-80.05314,40.35667 -80.05322,40.35653 -80.05123,40.35557"
sunday,lost,239.4,"-80.05063,40.35529 -80.05031,40.35483 -80.05035,40.35322"
sunday,lost,13.3,"-80.05056,40.35233 -80.0506,40.35222"
sunday,lost,137.3,"-80.05205,40.34889 -80.05232,40.3486 -80.05224,40.34845 -80.05184,40.34825 -80.05138,40.34824"
sunday,lost,15.3,"-80.05016,40.34893 -80.05002,40.34884"
sunday,lost,39.8,"-80.04815,40.34569 -80.04831,40.34535"
sunday,lost,1854.9,"-80.05305,40.34296 -80.05389,40.34557 -80.05462,40.3467 -80.05507,40.34708 -80.05751,40.3458 -80.06041,40.34344 -80.05967,40.34276 -80.05832,40.34027 -80.05775,40.33972 -80.05714,40.33945 -80.05644,40.33937 -80.05479,40.33974"
sunday,lost,328.0,"-80.04316,40.38186 -80.043,40.3805 -80.04319,40.38042 -80.04433,40.38066 -80.04429,40.38114"
sunday,lost,758.5,"-80.04455,40.38685 -80.04769,40.38641 -80.05314,40.385"
sunday,lost,1144.7,"-80.05498,40.38743 -80.05565,40.38808 -80.05713,40.38847 -80.05766,40.38882 -80.05871,40.39042 -80.05944,40.39103 -80.06313,40.39294 -80.06518,40.39355"
sunday,lost,317.8,"-80.11025,40.36666 -80.11118,40.36612 -80.11075,40.36569 -80.11011,40.36554 -80.10914,40.36606"
sunday,lost,3328.9,"-80.08435,40.3862 -80.08404,40.38533 -80.08406,40.38498 -80.08451,40.38402 -80.0854,40.38296 -80.08573,40.38219 -80.08556,40.38186 -80.08514,40.38171 -80.08471,40.38182 -80.0838,40.38258 -80.08249,40.38319 -80.07988,40.38386 -80.07937,40.38422 -80.07928,40.38545 -80.07952,40.38809 -80.07934,40.3884 -80.07893,40.38857 -80.07777,40.38856 -80.07745,40.3883 -80.07736,40.38765 -80.07699,40.3872 -80.074,40.38552 -80.07263,40.38496 -80.07177,40.38435 -80.0711,40.38438 -80.07061,40.38468 -80.07386,40.38744 -80.07414,40.39038"
sunday,lost,1796.3,"-80.04215,40.42442 -80.04056,40.42309 -80.03766,40.42028 -80.03704,40.42002 -80.03636,40.4199 -80.03519,40.41982 -80.03402,40.41988 -80.03292,40.42018 -80.03191,40.42065 -80.03113,40.42132 -80.03069,40.42195 -80.03041,40.42318 -80.03089,40.42567 -80.03087,40.42639"
sunday,lost,20.0,"-80.03072,40.42709 -80.03065,40.42727"
sunday,lost,40.0,"-80.03086,40.42497 -80.03078,40.42462"
sunday,lost,80.0,"-80.03053,40.42338 -80.03056,40.42266"
sunday,lost,40.0,"-80.03137,40.42119 -80.03168,40.42092"
sunday,lost,379.0,"-80.03419,40.42002 -80.03583,40.42011 -80.03758,40.4206 -80.03829,40.42107"
sunday,lost,20.0,"-80.0719,40.38441 -80.07207,40.38453"
sunday,lost,36.7,"-80.07934,40.38569 -80.07929,40.38536"
sunday,lost,20.0,"-80.07944,40.38414 -80.07959,40.384"
sunday,lost,20.0,"-80.08038,40.38374 -80.0806,40.38369"
sunday,lost,14.6,"-80.06339,40.39296 -80.06322,40.39296"
sunday,lost,26.5,"-80.05758,40.38876 -80.05737,40.38859"
sunday,lost,8.1,"-80.05492,40.38737 -80.05487,40.3873"
sunday,lost,206.4,"-80.04368,40.3832 -80.04299,40.38311 -80.0429,40.38296 -80.04316,40.38186"
sunday,lost,1119.3,"-80.01677,40.39136 -80.01264,40.38837 -80.01063,40.38998 -80.01033,40.39008 -80.00868,40.38889 -80.00827,40.38875 -80.00825,40.38815 -80.00757,40.38828"
sunday,lost,178.7,"-80.01672,40.49742 -80.01605,40.49738 -80.01486,40.4968"
sunday,lost,5876.9,"-80.01368,40.49648 -80.01183,40.49678 -80.00952,40.49663 -80.00799,40.49607 -80.00695,40.49605 -80.00559,40.49577 -80.00437,40.49626 -80.00391,40.49629 -79.99801,40.49534 -79.99604,40.49475 -79.99551,40.49441 -79.99388,40.49191 -79.99204,40.49071 -79.99253,40.48906 -79.9919,40.48723 -79.99194,40.48508 -79.99161,40.4839 -79.99091,40.48297 -79.98949,40.48204 -79.9881,40.47984 -79.9868,40.4789 -79.98604,40.47808 -79.98626,40.47779 -79.98706,40.4774 -79.98754,40.47702 -79.98786,40.47642 -79.98783,40.47589 -79.98758,40.47559 -79.98667,40.47503 -79.98666,40.47415 -79.98621,40.47342 -79.98576,40.47335 -79.9842,40.47384 -79.98308,40.4727 -79.98188,40.46939 -79.98192,40.46928 -79.98318,40.46894 -79.98435,40.46833 -79.9845,40.46801 -79.98454,40.467 -79.98449,40.46683 -79.98428,40.46676 -79.98307,40.46729 -79.98287,40.46721 -79.98187,40.46603 -79.98195,40.46556"
sunday,lost,782.1,"-80.00126,40.45053 -80.00064,40.44835 -79.99848,40.44389"
sunday,lost,96.3,"-79.99848,40.44389 -79.99807,40.44309"
sunday,lost,235.5,"-79.99685,40.45418 -79.997,40.45484 -79.99521,40.45529"
sunday,lost,40.0,"-79.98146,40.46627 -79.98177,40.466"
sunday,lost,11.1,"-79.98294,40.46903 -79.98282,40.46906"
sunday,lost,19.9,"-79.98581,40.47334 -79.98604,40.47336"
sunday,lost,18.7,"-79.98649,40.47374 -79.98656,40.4739"
sunday,lost,19.9,"-79.98661,40.47474 -79.98661,40.47492"
sunday,lost,12.3,"-79.98944,40.48197 -79.9895,40.48206"
sunday,lost,20.0,"-80.01362,40.49649 -80.01386,40.49647"
sunday,lost,4527.9,"-80.11076,40.35793 -80.10953,40.35912 -80.10906,40.35908 -80.10818,40.35849 -80.10773,40.35838 -80.1068,40.35846 -80.10522,40.35834 -80.1043,40.35844 -80.10175,40.35991 -80.10104,40.36063 -80.10016,40.36122 -80.09917,40.36171 -80.09749,40.36222 -80.09608,40.36229 -80.09356,40.36182 -80.08991,40.36161 -80.08827,40.36175 -80.08765,40.36199 -80.08734,40.36226 -80.08704,40.36367 -80.08646,40.36528 -80.08666,40.36598 -80.0866,40.36633 -80.08619,40.36687 -80.0846,40.36763 -80.08416,40.36825 -80.09051,40.37274 -80.09203,40.37411 -80.09295,40.37452 -80.09333,40.37491 -80.09393,40.37516 -80.09395,40.37534 -80.09283,40.37704 -80.09236,40.37806"
sunday,lost,16.5,"-80.08432,40.36842 -80.08416,40.36833"
sunday,lost,18.1,"-80.09766,40.3622 -80.09786,40.36214"
sunday,lost,1282.8,"-80.01298,40.41697 -80.01231,40.41831 -80.01067,40.42076 -80.01005,40.42258 -80.00812,40.42584 -80.00777,40.42622 -80.00679,40.42672 -80.00618,40.42688"
sunday,lost,1048.0,"-80.00503,40.42551 -79.99753,40.42568 -79.99741,40.42203"
sunday,lost,20.0,"-79.99741,40.42194 -79.99741,40.42212"
sunday,lost,10.7,"-79.99753,40.42564 -79.99757,40.42573"
sunday,lost,346.2,"-80.00264,40.42568 -80.00266,40.42697 -80.00502,40.42702"
sunday,lost,20.0,"-80.0063,40.42685 -80.00653,40.42679"
sunday,lost,75.6,"-79.93118,40.36178 -79.93199,40.36207"
sunday,lost,395.8,"-79.91241,40.40987 -79.91032,40.41095 -79.9083,40.41145"
sunday,lost,380.2,"-79.90732,40.4086 -79.90693,40.40804 -79.90997,40.40653"
sunday,lost,153.3,"-79.98817,40.41708 -79.98821,40.41845"
sunday,lost,374.1,"-80.00854,40.45485 -80.00841,40.45441 -80.00933,40.45424 -80.00942,40.45412 -80.00878,40.45212"
sunday,lost,183.6,"-80.00736,40.45147 -80.00645,40.45166 -80.0066,40.45224 -80.0067,40.45237 -80.00693,40.45232"
sunday,lost,359.3,"-80.01409,40.45046 -80.01821,40.4497"
sunday,lost,2859.0,"-79.99154,40.4089 -79.99374,40.40916 -79.99495,40.41017 -79.99683,40.41014 -79.99766,40.41033 -79.99784,40.41026 -79.99834,40.40968 -79.9981,40.40401 -79.99917,40.40395 -79.99948,40.4104 -79.99779,40.41035 -79.99689,40.41015 -79.99485,40.41017 -79.99371,40.40916 -79.99145,40.40881"
sunday,lost,297.5,"-79.99733,40.41966 -79.99723,40.41699"
sunday,lost,836.8,"-79.99718,40.41599 -79.99806,40.41598 -79.99817,40.41589 -79.99805,40.415 -79.99743,40.41421 -79.99103,40.41435"
sunday,lost,20.0,"-79.99116,40.40876 -79.99138,40.40882"
sunday,lost,20.0,"-79.99758,40.41596 -79.99734,40.41596"
sunday,lost,15.7,"-79.99726,40.41903 -79.99732,40.41916"
sunday,lost,2094.9,"-79.93304,40.33192 -79.93236,40.33195 -79.93082,40.33152 -79.92782,40.33254 -79.92712,40.33255 -79.92632,40.3322 -79.92585,40.33158 -79.92523,40.33105 -79.92379,40.33044 -79.9232,40.32996 -79.92252,40.32994 -79.9251,40.33097 -79.92562,40.33133 -79.92621,40.33211 -79.92696,40.33253 -79.92789,40.33252 -79.93066,40.33153 -79.93112,40.33155 -79.93243,40.33196 -79.93311,40.33189"
sunday,lost,880.5,"-79.82805,40.38329 -79.82839,40.38353 -79.8296,40.38523 -79.83043,40.38586 -79.83107,40.38604 -79.83223,40.38588 -79.83265,40.38587 -79.83274,40.38596 -79.83241,40.38701 -79.83151,40.38757 -79.83105,40.38839"
sunday,lost,39.1,"-79.83215,40.3872 -79.83246,40.38694"
sunday,lost,20.0,"-79.93097,40.33151 -79.93074,40.33152"
sunday,lost,19.9,"-79.92347,40.33017 -79.92331,40.33004"
sunday,lost,20.0,"-79.93074,40.33152 -79.93097,40.33151"
sunday,lost,168.1,"-80.0026,40.4387 -80.00438,40.43937"
sunday,lost,789.3,"-80.00417,40.44046 -79.99662,40.43765 -79.99647,40.43756 -79.99679,40.43708"
sunday,lost,999.1,"-79.95163,40.4251 -79.95083,40.42548 -79.94991,40.42566 -79.94669,40.42517 -79.94575,40.42516 -79.94485,40.42539 -79.94344,40.42533 -79.94028,40.42606"
sunday,lost,115.0,"-79.93938,40.42626 -79.93869,40.42627 -79.93861,40.42675"
sunday,lost,1211.9,"-79.92932,40.4202 -79.92992,40.42243 -79.93023,40.42289 -79.93333,40.4242 -79.93561,40.42436 -79.93662,40.42411 -79.93708,40.42414 -79.93786,40.42474 -79.93845,40.42591 -79.93878,40.42615"
sunday,lost,2785.9,"-79.93858,40.4269 -79.93853,40.42703 -79.93788,40.42683 -79.93743,40.42684 -79.93619,40.42767 -79.93464,40.42808 -79.93373,40.42826 -79.93184,40.42833 -79.93176,40.42919 -79.93212,40.42939 -79.93511,40.42888 -79.93698,40.42872 -79.93953,40.42897 -79.94137,40.42929 -79.94325,40.42931 -79.94418,40.42917 -79.95068,40.42754 -79.9516,40.42741 -79.95278,40.42743 -79.9537,40.4276 -79.95515,40.42819"
sunday,lost,199.7,"-79.95699,40.43 -79.95814,40.43156"
sunday,lost,743.8,"-79.83493,40.40118 -79.8356,40.40046 -79.83529,40.40025 -79.83534,40.40011 -79.83743,40.39779 -79.83814,40.39534"
sunday,lost,1098.7,"-79.83861,40.3959 -79.83811,40.39784 -79.83733,40.39953 -79.83724,40.40042 -79.83755,40.40128 -79.83936,40.4038 -79.83978,40.4052"
sunday,lost,394.6,"-79.84811,40.41528 -79.84916,40.41432 -79.85201,40.41361"
sunday,lost,592.8,"-79.8687,40.40428 -79.8668,40.40554 -79.86629,40.40611 -79.86622,40.40659 -79.86636,40.40712 -79.86714,40.40817 -79.86677,40.40852"
sunday,lost,458.2,"-79.88988,40.40734 -79.88971,40.40804 -79.89135,40.40906 -79.89181,40.40905 -79.8931,40.40861 -79.89356,40.40862"
sunday,lost,1379.0,"-79.89634,40.40954 -79.89682,40.41034 -79.8969,40.41231 -79.89776,40.41338 -79.89903,40.41417 -79.89995,40.41431 -79.90324,40.41412 -79.90509,40.41381 -79.90799,40.41306"
sunday,lost,1401.4,"-79.87155,40.38211 -79.86878,40.3799 -79.86816,40.37966 -79.86746,40.37961 -79.86507,40.38024 -79.86436,40.38025 -79.86276,40.37998 -79.86209,40.38012 -79.85779,40.38275"
sunday,lost,120.0,"-79.85004,40.37243 -79.84961,40.3714"
sunday,lost,151.9,"-79.85157,40.37066 -79.84986,40.37108"
sunday,lost,112.3,"-79.84862,40.37172 -79.84907,40.37267"
sunday,lost,20.0,"-79.898,40.41356 -79.89783,40.41343"
sunday,lost,291.6,"-79.87597,40.40963 -79.87547,40.41024 -79.87532,40.41094 -79.87548,40.41146 -79.87588,40.41203"
sunday,lost,500.7,"-79.87671,40.41141 -79.87977,40.4129 -79.88059,40.41313 -79.88107,40.41213"
sunday,lost,20.0,"-79.86674,40.40559 -79.86691,40.40547"
sunday,lost,135.5,"-79.83495,40.40005 -79.83437,40.39974 -79.83379,40.40025"
sunday,lost,612.4,"-79.84073,40.34945 -79.84044,40.34979 -79.83964,40.34956 -79.839,40.35062 -79.83868,40.35088 -79.8374,40.35108 -79.83723,40.34919"
sunday,lost,304.3,"-79.82956,40.31421 -79.82944,40.31368 -79.82844,40.314 -79.8283,40.31413 -79.82877,40.31475 -79.82893,40.31479 -79.82933,40.31459"
sunday,lost,113.6,"-79.83474,40.32282 -79.83438,40.32305 -79.83421,40.32298 -79.83405,40.32284 -79.8344,40.32264"
sunday,lost,15.0,"-79.82947,40.31378 -79.82936,40.31367"
sunday,lost,20.0,"-79.83418,40.32289 -79.83435,40.32277"
sunday,lost,651.7,"-79.86511,40.40074 -79.86382,40.3998 -79.86332,40.40013 -79.86099,40.40201 -79.86228,40.403"
sunday,lost,617.5,"-79.88319,40.43515 -79.8803,40.44024"
sunday,lost,9.4,"-79.86106,40.40213 -79.86098,40.40207"
sunday,lost,80.0,"-79.97589,40.43802 -79.97595,40.43731"
sunday,lost,687.6,"-79.92966,40.44984 -79.93299,40.45547"
sunday,lost,359.9,"-79.96037,40.46488 -79.9633,40.46722"
sunday,lost,71.4,"-79.93384,40.4569 -79.9335,40.45632"
sunday,lost,10.5,"-79.93014,40.45067 -79.93009,40.45058"
sunday,lost,1981.3,"-79.79081,40.42949 -79.7907,40.42879 -79.79106,40.4278 -79.79143,40.42734 -79.79219,40.42693 -79.79425,40.42659 -79.79696,40.42719 -79.79646,40.42856 -79.79722,40.42876 -79.79739,40.42874 -79.79796,40.42745 -79.79938,40.4284 -79.79979,40.42899 -79.79987,40.42987 -79.79942,40.43089 -79.79874,40.43137 -79.79784,40.43155 -79.79713,40.43151 -79.79532,40.43111"
sunday,lost,3211.5,"-79.76001,40.38581 -79.75908,40.38572 -79.75892,40.3858 -79.75702,40.38741 -79.75681,40.38746 -79.7524,40.38646 -79.75135,40.3853 -79.75071,40.38509 -79.75001,40.38513 -79.7496,40.38529 -79.74914,40.38569 -79.74847,40.38797 -79.74811,40.38872 -79.75373,40.38938 -79.75531,40.38971 -79.75629,40.39021 -79.75871,40.39256 -79.75952,40.39293 -79.76019,40.39309 -79.76113,40.39312 -79.76203,40.39292 -79.76283,40.39254 -79.76417,40.39153 -79.76502,40.39123 -79.76572,40.39117"
sunday,lost,495.5,"-79.87946,40.43815 -79.87638,40.43715 -79.87392,40.43687"
sunday,lost,597.4,"-79.76558,40.38852 -79.76514,40.3875 -79.76448,40.38658 -79.76033,40.38594"
sunday,lost,472.9,"-79.89239,40.44176 -79.89236,40.44344 -79.8919,40.44478 -79.89133,40.44587"
sunday,lost,390.3,"-79.89189,40.44417 -79.88768,40.44276"
sunday,lost,582.2,"-79.92298,40.43838 -79.92307,40.43994 -79.92382,40.44356"
sunday,lost,975.2,"-79.91018,40.44865 -79.91012,40.44875 -79.90882,40.44832 -79.90358,40.44656 -79.90318,40.44634 -79.90313,40.44662 -79.90158,40.44882"
sunday,lost,2074.9,"-79.8975,40.47056 -79.89819,40.47141 -79.89671,40.47251 -79.89672,40.47265 -79.8979,40.47412 -79.8986,40.47657 -79.89855,40.47746 -79.89877,40.47797 -79.899,40.47822 -79.89957,40.47837 -79.89936,40.47858 -79.8986,40.4777 -79.89861,40.47663 -79.89804,40.47496 -79.89795,40.47424 -79.89671,40.4726 -79.89819,40.47141 -79.89745,40.4705"
sunday,lost,77.0,"-79.92497,40.46047 -79.92584,40.46064"
sunday,lost,190.7,"-79.92784,40.46048 -79.9269,40.46203"
sunday,lost,13.4,"-79.89943,40.47847 -79.89933,40.47855"
sunday,lost,15.8,"-79.9098,40.44864 -79.90994,40.44873"
sunday,lost,20.0,"-79.92337,40.44147 -79.92333,40.44129"
sunday,lost,20.0,"-79.92322,40.44076 -79.9232,40.44058"
sunday,lost,365.8,"-79.93477,40.45807 -79.93879,40.45687"
sunday,lost,310.4,"-79.94023,40.45646 -79.94364,40.45545"
sunday,lost,415.9,"-79.94496,40.45505 -79.94667,40.45457 -79.94967,40.45408"
sunday,lost,228.2,"-79.95084,40.45405 -79.95332,40.454 -79.95342,40.45415"
sunday,lost,643.1,"-79.95809,40.45882 -79.95913,40.45858 -79.96482,40.45621"
sunday,lost,2018.0,"-79.96648,40.4556 -79.96869,40.45497 -79.97309,40.45324 -79.97685,40.45109 -79.97794,40.45074 -79.98043,40.4502 -79.98172,40.44975 -79.98465,40.44825 -79.987,40.44676"
sunday,lost,220.0,"-79.98736,40.44653 -79.98935,40.44525"
sunday,lost,278.8,"-79.99292,40.44292 -79.99338,40.44253 -79.99464,40.4408"
sunday,lost,239.3,"-79.99109,40.44316 -79.98959,40.44497"
sunday,lost,20.0,"-79.98762,40.44625 -79.98744,40.44637"
sunday,lost,80.0,"-79.98636,40.44707 -79.98563,40.44753"
sunday,lost,20.0,"-79.98435,40.44831 -79.98415,40.44842"
sunday,lost,60.0,"-79.9754,40.45178 -79.97488,40.45214"
sunday,lost,20.0,"-79.97378,40.45282 -79.97359,40.45292"
sunday,lost,20.0,"-79.97173,40.4537 -79.97152,40.45378"
sunday,lost,20.0,"-79.9711,40.45394 -79.97089,40.45402"
sunday,lost,32.7,"-79.96389,40.45651 -79.96355,40.45665"
sunday,lost,20.0,"-79.96251,40.45708 -79.9623,40.45717"
sunday,lost,20.0,"-79.95982,40.45821 -79.95961,40.45829"
sunday,lost,20.0,"-79.95833,40.45873 -79.9581,40.45874"
sunday,lost,3593.3,"-79.87386,40.46957 -79.87322,40.46905 -79.87219,40.46878 -79.86944,40.47005 -79.86852,40.46996 -79.86704,40.4701 -79.86696,40.47125 -79.86754,40.47203 -79.86838,40.47232 -79.86848,40.47248 -79.86801,40.47338 -79.86954,40.47444 -79.87093,40.47451 -79.87155,40.47475 -79.87133,40.47554 -79.87102,40.47601 -79.87061,40.47602 -79.86883,40.4757 -79.86756,40.47521 -79.86656,40.47456 -79.866,40.47437 -79.86183,40.47363 -79.86125,40.47291 -79.8611,40.47239 -79.8613,40.47012 -79.86143,40.46978 -79.86185,40.46935 -79.86585,40.46761 -79.86889,40.46737"
sunday,lost,921.1,"-79.87364,40.46673 -79.87668,40.46558 -79.87848,40.46546 -79.88032,40.46578 -79.88096,40.466 -79.8822,40.46683 -79.88301,40.46771"
sunday,lost,17.6,"-79.87235,40.46875 -79.87215,40.46879"
sunday,lost,50.9,"-79.86697,40.47084 -79.86698,40.47128"
sunday,lost,258.6,"-79.96027,40.44339 -79.96087,40.44368 -79.96108,40.44364 -79.96241,40.44239"
sunday,lost,213.8,"-79.96556,40.44037 -79.9657,40.44228"
sunday,lost,357.5,"-79.98335,40.44234 -79.98539,40.44515"
sunday,lost,20.0,"-79.96566,40.44171 -79.96564,40.44153"
sunday,lost,19.4,"-79.9274,40.46123 -79.92749,40.46107"
sunday,lost,16.7,"-79.92778,40.46058 -79.9279,40.46046"
sunday,lost,209.4,"-79.92796,40.46018 -79.92747,40.45926 -79.92854,40.45892"
sunday,lost,20.0,"-79.96115,40.4436 -79.9613,40.44347"
sunday,lost,743.0,"-79.95709,40.45171 -79.95648,40.45284 -79.96,40.45403 -79.96072,40.45464 -79.96122,40.45443 -79.96243,40.45359"
sunday,lost,303.1,"-79.98233,40.44635 -79.9806,40.44397"
sunday,lost,284.0,"-79.88499,40.45225 -79.88528,40.45274 -79.88585,40.4547"
sunday,lost,1028.6,"-79.99172,40.4453 -79.99185,40.44522 -79.99242,40.44579 -79.99381,40.44498 -79.99447,40.44651 -79.99477,40.44679 -79.9952,40.44692 -79.99826,40.44579 -79.99865,40.44538 -80.0006,40.44477"
sunday,lost,319.4,"-79.99529,40.44375 -79.99634,40.44649"
sunday,lost,764.4,"-79.87945,40.48757 -79.87682,40.48822 -79.87275,40.48876 -79.87169,40.48913 -79.87102,40.48963"
sunday,lost,17.3,"-79.94539,40.42522 -79.94522,40.42531"
sunday,lost,13.5,"-79.94976,40.4257 -79.94992,40.42568"
sunday,lost,1564.8,"-79.75426,40.43392 -79.75887,40.43356 -79.76161,40.43306 -79.76449,40.43409 -79.77174,40.43598"
sunday,lost,299.3,"-79.773,40.43647 -79.7763,40.43742"
sunday,lost,448.6,"-79.77984,40.43674 -79.78073,40.43604 -79.78295,40.43501 -79.78332,40.43399"
sunday,lost,20.0,"-79.79714,40.42723 -79.79707,40.4274"
sunday,lost,20.0,"-79.79682,40.4281 -79.79676,40.42827"
sunday,lost,19.6,"-79.83417,40.39991 -79.83403,40.40005"
sunday,lost,20.0,"-79.78315,40.43416 -79.78311,40.43434"
sunday,lost,20.0,"-79.78221,40.4353 -79.78201,40.43538"
sunday,lost,17.8,"-79.77998,40.43654 -79.77991,40.43669"
sunday,lost,20.0,"-79.77337,40.43647 -79.77315,40.43639"
sunday,lost,20.0,"-79.77167,40.43584 -79.77145,40.43578"
sunday,lost,20.0,"-79.7579,40.43364 -79.75767,40.43366"
sunday,lost,2987.1,"-79.88565,40.27308 -79.88521,40.27348 -79.88471,40.27316 -79.88459,40.27285 -79.88476,40.27273 -79.88516,40.27285 -79.88624,40.274 -79.88955,40.27603 -79.8898,40.27632 -79.88982,40.27667 -79.88712,40.27889 -79.88156,40.28223 -79.8796,40.28378 -79.8773,40.28691 -79.87597,40.2896 -79.87499,40.292"
sunday,lost,6724.8,"-79.88955,40.29235 -79.89017,40.29245 -79.89212,40.29204 -79.8944,40.29201 -79.89639,40.29243 -79.90006,40.29378 -79.90287,40.29364 -79.90406,40.29442 -79.90633,40.29467 -79.90724,40.29456 -79.90794,40.29463 -79.90835,40.29449 -79.90935,40.29288 -79.9106,40.29163 -79.91129,40.29115 -79.91191,40.29089 -79.91283,40.29076 -79.91383,40.29108 -79.91748,40.29405 -79.92142,40.29945 -79.92201,40.3 -79.92302,40.30052 -79.92392,40.30073 -79.92792,40.30082 -79.92947,40.30124 -79.93053,40.30191 -79.93356,40.30466 -79.93356,40.30479 -79.93371,40.3048 -79.93461,40.30562 -79.93524,40.30638 -79.93679,40.3088 -79.94202,40.32071"
sunday,lost,1166.3,"-79.952,40.33794 -79.9541,40.33868 -79.95522,40.33893 -79.9564,40.33903 -79.9597,40.33893 -79.9614,40.33916 -79.9631,40.33977 -79.96468,40.34088"
sunday,lost,20.0,"-79.9647,40.34078 -79.96454,40.34065"
sunday,lost,20.0,"-79.95284,40.33816 -79.95262,40.33808"
sunday,lost,20.0,"-79.9522,40.33791 -79.952,40.33783"
sunday,lost,19.2,"-79.9392,40.31433 -79.93919,40.31416"
sunday,lost,32.3,"-79.93851,40.31262 -79.93838,40.31235"
sunday,lost,38.1,"-79.93762,40.31067 -79.93755,40.31034"
sunday,lost,18.5,"-79.93038,40.30179 -79.93024,40.30166"
sunday,lost,20.0,"-79.92663,40.30077 -79.92639,40.30078"
sunday,lost,19.9,"-79.92208,40.30004 -79.92191,40.29992"
sunday,lost,20.0,"-79.91962,40.2968 -79.91951,40.29664"
sunday,lost,19.0,"-79.91848,40.29526 -79.91842,40.29509"
sunday,lost,140.0,"-79.9169,40.29335 -79.91574,40.29245"
sunday,lost,20.0,"-79.91499,40.29184 -79.91482,40.29172"
sunday,lost,20.0,"-79.91449,40.29146 -79.91432,40.29134"
sunday,lost,77.9,"-79.91383,40.29094 -79.91349,40.29074 -79.91302,40.29075"
sunday,lost,20.0,"-79.91113,40.29124 -79.91095,40.29136"
sunday,lost,39.6,"-79.9084,40.29445 -79.90801,40.29463"
sunday,lost,20.0,"-79.90377,40.29424 -79.90361,40.29412"
sunday,lost,894.0,"-79.88986,40.27689 -79.8912,40.27615 -79.89249,40.27576 -79.89368,40.27518 -79.89393,40.2749 -79.89385,40.27474 -79.89343,40.27469 -79.89115,40.27597 -79.89072,40.2761 -79.89001,40.27609 -79.88921,40.27572"
sunday,lost,40.0,"-79.88811,40.27505 -79.88774,40.27483"
sunday,lost,40.0,"-79.88664,40.27415 -79.88628,40.27392"
sunday,lost,20.0,"-79.88595,40.27366 -79.8858,40.27352"
sunday,lost,267.4,"-79.88525,40.27273 -79.88511,40.27221 -79.88524,40.27207 -79.88568,40.27211 -79.8862,40.27248 -79.88627,40.2726 -79.88565,40.27308"
sunday,lost,342.0,"-79.96436,40.36527 -79.96402,40.36573 -79.96332,40.36612 -79.96286,40.36619 -79.96256,40.36645 -79.96269,40.36688 -79.96358,40.36703"
sunday,lost,17.4,"-79.9235,40.33015 -79.92334,40.33006"
sunday,lost,1370.5,"-79.93409,40.33278 -79.93631,40.3353 -79.93733,40.33716 -79.93818,40.33984 -79.93832,40.3427 -79.93863,40.3443"
sunday,lost,19.7,"-79.96254,40.36652 -79.96262,40.36635"
sunday,lost,20.0,"-79.93829,40.34095 -79.93828,40.34077"
sunday,lost,19.6,"-79.93446,40.3331 -79.93435,40.33294"
