geoid,tract_geoid,county,population,lat,lon,race_total,hispanic_or_latino,white_nh,black_nh,native_american_nh,asian_nh,pacific_islander_nh,other_race_nh,two_or_more_nh,age_total,under_18,age_65_plus,income_total,income_under_25k,income_25k_50k,income_50k_75k,income_75k_100k,income_100k_plus,vehicle_total,zero_vehicle_households,one_vehicle_households,disability_total,with_a_disability,language_total,limited_english_households,cur_week_any_minimum,prop_week_any_minimum,lost_week_any_minimum,gained_week_any_minimum,cur_weekdays_any_minimum,prop_weekdays_any_minimum,lost_weekdays_any_minimum,gained_weekdays_any_minimum,cur_weekends_any_minimum,prop_weekends_any_minimum,lost_weekends_any_minimum,gained_weekends_any_minimum,cur_week_any_hourly,prop_week_any_hourly,lost_week_any_hourly,gained_week_any_hourly,cur_weekend_any_hourly,prop_weekend_any_hourly,lost_weekend_any_hourly,gained_weekend_any_hourly,cur_weekday_trips,prop_weekday_trips,cur_saturday_trips,prop_saturday_trips,cur_sunday_trips,prop_sunday_trips,point_cur_week_any_minimum,point_prop_week_any_minimum,point_cur_weekdays_any_minimum,point_prop_weekdays_any_minimum,point_cur_weekends_any_minimum,point_prop_weekends_any_minimum,point_cur_week_any_hourly,point_prop_week_any_hourly,point_cur_weekend_any_hourly,point_prop_weekend_any_hourly,cur_week_any_minimum_150m,prop_week_any_minimum_150m,lost_week_any_minimum_150m,gained_week_any_minimum_150m,cur_weekdays_any_minimum_150m,prop_weekdays_any_minimum_150m,lost_weekdays_any_minimum_150m,gained_weekdays_any_minimum_150m,cur_weekends_any_minimum_150m,prop_weekends_any_minimum_150m,lost_weekends_any_minimum_150m,gained_weekends_any_minimum_150m,cur_week_any_hourly_150m,prop_week_any_hourly_150m,lost_week_any_hourly_150m,gained_week_any_hourly_150m,cur_weekend_any_hourly_150m,prop_weekend_any_hourly_150m,lost_weekend_any_hourly_150m,gained_weekend_any_hourly_150m
420030103011,42003010301,Allegheny,1807.0,40.434601,-79.993324,1855.0,65.0,652.0,1029.0,0.0,9.0,0.0,18.0,82.0,1855.0,24.0,43.0,0.0,0.0,0.0,0.0,0.0,0.0,0.0,0.0,0.0,0.0,0.0,0.0,0.0,1.0,1.0,0.0,0.0,1.0,1.0,0.0,0.0,1.0,1.0,0.0,0.0,1.0,1.0,0.0,0.0,1.0,1.0,0.0,0.0,531.0,222.0,357.0,133.0,277.0,104.0,1,1,1,1,1,1,1,1,1,1,1.0,1.0,0.0,0.0,1.0,1.0,0.0,0.0,1.0,1.0,0.0,0.0,1.0,1.0,0.0,0.0,1.0,0.0,1.0,0.0
420030103021,42003010302,Allegheny,3326.0,40.436387,-79.991162,3949.0,210.0,3189.0,253.0,0.0,172.0,0.0,0.0,125.0,3949.0,43.0,0.0,0.0,0.0,0.0,0.0,0.0,0.0,0.0,0.0,0.0,3863.87,394.22,268.53,18.77,1.0,1.0,0.0,0.0,1.0,1.0,0.0,0.0,1.0,1.0,0.0,0.0,1.0,1.0,0.0,0.0,1.0,1.0,0.0,0.0,924.5,1032.0,671.1,813.2,513.3,582.1,1,1,1,1,1,1,1,1,1,1,1.0,1.0,0.0,0.0,1.0,1.0,0.0,0.0,1.0,1.0,0.0,0.0,1.0,1.0,0.0,0.0,1.0,0.6864,0.3136,0.0
420030103022,42003010302,Allegheny,749.0,40.437466,-79.980156,805.0,98.0,392.0,275.0,0.0,0.0,0.0,29.0,11.0,805.0,123.0,80.0,329.0,66.0,66.0,97.0,40.0,60.0,329.0,79.0,153.0,870.13,88.78,60.47,4.23,1.0,1.0,0.0,0.0,1.0,1.0,0.0,0.0,1.0,1.0,0.0,0.0,1.0,1.0,0.0,0.0,1.0,1.0,0.0,0.0,728.3,852.7,549.0,716.1,374.8,502.0,1,1,1,1,1,1,1,1,1,1,1.0,0.9413,0.0587,0.0,1.0,0.9413,0.0587,0.0,1.0,0.9413,0.0587,0.0,1.0,0.9413,0.0587,0.0,0.9599,0.9413,0.0587,0.0401
420030201001,42003020100,Allegheny,1763.0,40.438931,-80.002487,1860.0,58.0,1108.0,345.0,0.0,178.0,0.0,0.0,171.0,1860.0,29.0,176.0,370.0,88.0,65.0,36.0,6.0,175.0,370.0,201.0,138.0,1714.91,120.79,926.05,7.83,1.0,1.0,0.0,0.0,1.0,1.0,0.0,0.0,1.0,1.0,0.0,0.0,1.0,1.0,0.0,0.0,1.0,1.0,0.0,0.0,2445.9,2801.7,1534.4,1975.5,1143.7,1476.8,1,1,1,1,1,1,1,1,1,1,0.9983,0.9155,0.0828,0.0,0.9983,0.9155,0.0828,0.0,0.9983,0.9155,0.0828,0.0,0.9983,0.9155,0.0828,0.0,0.9983,0.907,0.0913,0.0
420030201002,42003020100,Allegheny,1134.0,40.442746,-80.003183,917.0,13.0,760.0,45.0,0.0,19.0,0.0,74.0,6.0,917.0,0.0,224.0,717.0,202.0,62.0,44.0,175.0,234.0,717.0,412.0,292.0,1103.07,77.69,595.66,5.04,1.0,1.0,0.0,0.0,1.0,1.0,0.0,0.0,1.0,1.0,0.0,0.0,1.0,1.0,0.0,0.0,1.0,1.0,0.0,0.0,3254.9,3348.1,2104.7,2368.1,1594.1,1779.8,1,1,1,1,1,1,1,1,1,1,1.0,1.0,0.0,0.0,1.0,1.0,0.0,0.0,1.0,1.0,0.0,0.0,1.0,1.0,0.0,0.0,1.0,1.0,0.0,0.0
420030201003,42003020100,Allegheny,710.0,40.441466,-79.998117,798.0,168.0,411.0,26.0,0.0,179.0,0.0,0.0,14.0,798.0,0.0,97.0,630.0,181.0,36.0,61.0,96.0,256.0,630.0,217.0,347.0,690.63,48.64,372.94,3.15,1.0,1.0,0.0,0.0,1.0,1.0,0.0,0.0,1.0,1.0,0.0,0.0,1.0,1.0,0.0,0.0,1.0,1.0,0.0,0.0,3382.4,3552.1,2209.6,2497.3,1666.3,1861.3,1,1,1,1,1,1,1,1,1,1,1.0,1.0,0.0,0.0,1.0,1.0,0.0,0.0,1.0,1.0,0.0,0.0,1.0,1.0,0.0,0.0,1.0,1.0,0.0,0.0
420030201004,42003020100,Allegheny,144.0,40.438581,-79.996564,284.0,149.0,115.0,0.0,0.0,0.0,20.0,0.0,0.0,284.0,44.0,0.0,197.0,56.0,18.0,21.0,20.0,82.0,197.0,77.0,120.0,140.07,9.87,75.64,0.64,1.0,1.0,0.0,0.0,1.0,1.0,0.0,0.0,1.0,1.0,0.0,0.0,1.0,1.0,0.0,0.0,1.0,1.0,0.0,0.0,2130.6,2326.5,1456.2,1677.5,1076.3,1245.6,1,1,1,1,1,1,1,1,1,1,1.0,1.0,0.0,0.0,1.0,1.0,0.0,0.0,1.0,1.0,0.0,0.0,1.0,1.0,0.0,0.0,1.0,0.8542,0.1458,0.0
420030201005,42003020100,Allegheny,978.0,40.443862,-79.997117,741.0,16.0,417.0,69.0,0.0,213.0,0.0,0.0,26.0,741.0,0.0,26.0,570.0,48.0,93.0,24.0,94.0,311.0,570.0,288.0,253.0,951.32,67.01,513.71,4.34,1.0,1.0,0.0,0.0,1.0,1.0,0.0,0.0,1.0,1.0,0.0,0.0,1.0,1.0,0.0,0.0,1.0,1.0,0.0,0.0,2953.7,3137.1,1928.7,2174.4,1452.9,1619.6,1,1,1,1,1,1,1,1,1,1,0.9928,0.9888,0.0041,0.0,0.9928,0.9888,0.0041,0.0,0.9928,0.9888,0.0041,0.0,0.9928,0.9888,0.0041,0.0,0.9888,0.9888,0.0,0.0
420030203001,42003020300,Allegheny,1845.0,40.456719,-79.97972,1928.0,87.0,1510.0,51.0,0.0,211.0,0.0,0.0,69.0,1928.0,55.0,132.0,1486.0,97.0,70.0,232.0,171.0,916.0,1486.0,152.0,1176.0,1928.0,23.0,1486.0,7.0,0.735,0.735,0.0,0.0,0.735,0.735,0.0,0.0,0.735,0.735,0.0,0.0,0.735,0.735,0.0,0.0,0.735,0.735,0.0,0.0,290.9,324.8,204.3,276.4,156.9,194.4,1,1,1,1,1,1,1,1,1,1,0.2195,0.2195,0.0,0.0,0.2195,0.2195,0.0,0.0,0.2195,0.2195,0.0,0.0,0.2195,0.2195,0.0,0.0,0.2195,0.2195,0.0,0.0
420030305001,42003030500,Allegheny,1238.0,40.44454,-79.985154,1206.0,0.0,100.0,1096.0,0.0,0.0,0.0,10.0,0.0,1206.0,259.0,250.0,458.0,240.0,61.0,68.0,12.0,77.0,458.0,210.0,185.0,1212.35,133.12,644.44,5.7,1.0,1.0,0.0,0.0,1.0,1.0,0.0,0.0,1.0,1.0,0.0,0.0,1.0,1.0,0.0,0.0,1.0,1.0,0.0,0.0,473.5,599.0,334.0,429.9,285.7,317.3,1,1,1,1,1,1,1,1,1,1,0.9265,0.8498,0.0929,0.0162,0.9265,0.8498,0.0929,0.0162,0.9265,0.8498,0.0929,0.0162,0.9265,0.8498,0.0929,0.0162,0.9265,0.8498,0.0929,0.0162
420030305002,42003030500,Allegheny,1055.0,40.440516,-79.982117,1053.0,128.0,165.0,583.0,0.0,89.0,0.0,0.0,88.0,1053.0,188.0,234.0,592.0,251.0,125.0,118.0,0.0,98.0,592.0,220.0,256.0,1033.14,113.44,549.18,4.86,1.0,1.0,0.0,0.0,1.0,1.0,0.0,0.0,1.0,1.0,0.0,0.0,1.0,1.0,0.0,0.0,1.0,1.0,0.0,0.0,600.2,732.6,460.3,610.5,348.4,435.3,1,1,1,1,1,1,1,1,1,1,0.8332,0.7479,0.0853,0.0,0.8332,0.7479,0.0853,0.0,0.8332,0.7479,0.0853,0.0,0.8332,0.7479,0.0853,0.0,0.8332,0.7479,0.0853,0.0
420030305003,42003030500,Allegheny,748.0,40.439667,-79.989367,719.0,23.0,405.0,103.0,0.0,154.0,0.0,0.0,34.0,719.0,0.0,52.0,533.0,177.0,52.0,142.0,72.0,90.0,533.0,104.0,318.0,732.5,80.43,389.37,3.44,1.0,1.0,0.0,0.0,1.0,1.0,0.0,0.0,1.0,1.0,0.0,0.0,1.0,1.0,0.0,0.0,1.0,1.0,0.0,0.0,819.0,1028.9,607.4,827.6,445.8,593.1,1,1,1,1,1,1,1,1,1,1,1.0,0.9759,0.0241,0.0,1.0,0.9759,0.0241,0.0,1.0,0.9759,0.0241,0.0,1.0,0.9759,0.0241,0.0,1.0,0.9759,0.0241,0.0
420030402001,42003040200,Allegheny,1044.0,40.439298,-79.968619,674.0,24.0,177.0,379.0,0.0,75.0,0.0,0.0,19.0,674.0,110.0,52.0,321.0,170.0,54.0,34.0,31.0,32.0,321.0,175.0,98.0,856.54,103.0,185.81,0.0,1.0,1.0,0.0,0.0,1.0,1.0,0.0,0.0,1.0,1.0,0.0,0.0,1.0,1.0,0.0,0.0,1.0,1.0,0.0,0.0,813.1,756.0,603.5,611.9,443.8,444.1,1,1,1,1,1,1,1,1,1,1,1.0,0.4397,0.5603,0.0,1.0,0.4397,0.5603,0.0,1.0,0.4397,0.5603,0.0,1.0,0.4397,0.5603,0.0,1.0,0.4397,0.5603,0.0
420030402002,42003040200,Allegheny,1490.0,40.441074,-79.962082,1428.0,64.0,951.0,232.0,0.0,145.0,0.0,0.0,36.0,1428.0,0.0,95.0,130.0,33.0,49.0,25.0,16.0,7.0,130.0,37.0,39.0,1222.46,147.0,265.19,0.0,1.0,1.0,0.0,0.0,1.0,1.0,0.0,0.0,1.0,1.0,0.0,0.0,1.0,1.0,0.0,0.0,1.0,1.0,0.0,0.0,1440.3,1496.6,1004.3,1207.8,722.8,912.7,1,1,1,1,1,1,1,1,1,1,1.0,1.0,0.0,0.0,1.0,1.0,0.0,0.0,1.0,1.0,0.0,0.0,1.0,0.9879,0.0121,0.0,1.0,0.7282,0.2718,0.0
420030404001,42003040400,Allegheny,685.0,40.446326,-79.948083,458.0,59.0,242.0,19.0,2.0,132.0,0.0,0.0,4.0,458.0,0.0,160.0,188.0,52.0,58.0,41.0,9.0,28.0,188.0,40.0,129.0,494.62,102.44,294.98,4.63,1.0,1.0,0.0,0.0,1.0,1.0,0.0,0.0,1.0,1.0,0.0,0.0,1.0,1.0,0.0,0.0,1.0,1.0,0.0,0.0,1566.5,1691.7,1085.2,1350.2,750.7,1031.7,1,1,1,1,1,1,1,1,1,1,0.9299,0.9299,0.0,0.0,0.9299,0.9299,0.0,0.0,0.9299,0.9299,0.0,0.0,0.9299,0.9299,0.0,0.0,0.9299,0.9299,0.0,0.0
420030404002,42003040400,Allegheny,1535.0,40.44809,-79.950173,1145.0,29.0,802.0,32.0,0.0,246.0,0.0,0.0,36.0,1145.0,4.0,567.0,768.0,168.0,161.0,102.0,86.0,251.0,768.0,307.0,376.0,1108.38,229.56,661.02,10.37,1.0,1.0,0.0,0.0,1.0,1.0,0.0,0.0,1.0,1.0,0.0,0.0,1.0,1.0,0.0,0.0,1.0,1.0,0.0,0.0,1188.6,1302.2,796.6,1031.2,549.5,793.9,1,1,1,1,1,1,1,1,1,1,1.0,1.0,0.0,0.0,1.0,1.0,0.0,0.0,1.0,1.0,0.0,0.0,1.0,1.0,0.0,0.0,1.0,1.0,0.0,0.0
420030405001,42003040500,Allegheny,1867.0,40.439894,-79.954735,1609.0,137.0,1212.0,107.0,7.0,125.0,0.0,0.0,21.0,1609.0,0.0,28.0,426.0,273.0,127.0,0.0,13.0,13.0,426.0,209.0,191.0,1521.35,130.85,456.26,27.16,0.9721,0.9523,0.0198,0.0,0.9721,0.9523,0.0198,0.0,0.9721,0.9523,0.0198,0.0,0.9721,0.9523,0.0198,0.0,0.9721,0.9523,0.0198,0.0,1272.4,1354.7,883.1,1076.0,621.4,825.3,1,1,1,1,1,1,1,1,1,1,0.0562,0.0562,0.0,0.0,0.0562,0.0562,0.0,0.0,0.0562,0.0562,0.0,0.0,0.0562,0.0562,0.0,0.0,0.0562,0.0562,0.0,0.0
420030405002,42003040500,Allegheny,1914.0,40.438428,-79.958027,1472.0,163.0,1171.0,50.0,0.0,49.0,0.0,0.0,39.0,1472.0,0.0,60.0,498.0,309.0,97.0,26.0,20.0,46.0,498.0,180.0,190.0,1559.65,134.15,467.74,27.84,1.0,1.0,0.0,0.0,1.0,1.0,0.0,0.0,1.0,1.0,0.0,0.0,1.0,1.0,0.0,0.0,0.9969,1.0,0.0,0.0031,1277.6,1408.8,875.8,1121.7,625.1,849.0,1,1,1,1,1,1,1,1,1,1,0.546,0.4488,0.0972,0.0,0.546,0.4488,0.0972,0.0,0.546,0.4488,0.0972,0.0,0.5052,0.4488,0.0972,0.0408,0.4509,0.3866,0.1186,0.0543
420030406001,42003040600,Allegheny,1174.0,40.437694,-79.952636,910.0,15.0,833.0,0.0,0.0,41.0,0.0,0.0,21.0,910.0,0.0,55.0,349.0,175.0,82.0,50.0,20.0,22.0,349.0,101.0,160.0,1335.75,75.45,438.39,11.43,0.4191,0.6499,0.0,0.2308,0.4191,0.6499,0.0,0.2308,0.4191,0.6499,0.0,0.2308,0.4191,0.6499,0.0,0.2308,0.0,0.6499,0.0,0.6499,43.2,121.4,18.0,87.0,13.5,65.6,0,1,0,1,0,1,0,1,0,1,0.0,0.0,0.0,0.0,0.0,0.0,0.0,0.0,0.0,0.0,0.0,0.0,0.0,0.0,0.0,0.0,0.0,0.0,0.0,0.0
420030406002,42003040600,Allegheny,880.0,40.435629,-79.954032,1427.0,12.0,1305.0,16.0,0.0,55.0,0.0,0.0,39.0,1427.0,0.0,0.0,418.0,191.0,159.0,20.0,8.0,40.0,418.0,137.0,134.0,1001.25,56.55,328.61,8.57,0.8773,1.0,0.0,0.1227,0.8773,1.0,0.0,0.1227,0.8773,1.0,0.0,0.1227,0.8773,1.0,0.0,0.1227,0.0,1.0,0.0,1.0,100.9,206.0,42.1,148.7,31.6,112.6,1,1,1,1,1,1,1,1,0,1,0.3284,0.7284,0.0,0.4,0.3284,0.7284,0.0,0.4,0.3284,0.7284,0.0,0.4,0.3284,0.7284,0.0,0.4,0.0,0.7284,0.0,0.7284
420030409001,42003040900,Allegheny,1606.0,40.435889,-79.961799,1432.0,16.0,678.0,319.0,11.0,329.0,0.0,8.0,71.0,1432.0,9.0,90.0,609.0,377.0,91.0,35.0,34.0,72.0,609.0,237.0,289.0,1557.23,220.19,699.67,46.35,1.0,1.0,0.0,0.0,1.0,1.0,0.0,0.0,1.0,1.0,0.0,0.0,1.0,1.0,0.0,0.0,1.0,1.0,0.0,0.0,1104.5,1228.4,766.5,966.2,567.9,724.3,1,1,1,1,1,1,1,1,1,1,0.7559,0.7347,0.0212,0.0,0.7559,0.7347,0.0212,0.0,0.7559,0.7347,0.0212,0.0,0.7559,0.7347,0.0212,0.0,0.462,0.6283,0.1276,0.2939
420030409002,42003040900,Allegheny,1096.0,40.432412,-79.955393,1017.0,0.0,713.0,178.0,0.0,66.0,0.0,0.0,60.0,1017.0,44.0,89.0,471.0,147.0,179.0,80.0,46.0,19.0,471.0,89.0,249.0,1062.72,150.26,477.48,31.63,1.0,1.0,0.0,0.0,1.0,1.0,0.0,0.0,1.0,1.0,0.0,0.0,1.0,1.0,0.0,0.0,0.6296,1.0,0.0,0.3704,155.0,262.0,86.9,173.4,74.7,132.7,1,1,1,1,1,1,1,1,1,1,0.0484,0.2911,0.0,0.2427,0.0484,0.2911,0.0,0.2427,0.0484,0.2911,0.0,0.2427,0.0484,0.2911,0.0,0.2427,0.0,0.2254,0.0,0.2254
420030409003,42003040900,Allegheny,624.0,40.431051,-79.952629,831.0,13.0,678.0,115.0,0.0,18.0,0.0,0.0,7.0,831.0,22.0,66.0,369.0,146.0,104.0,0.0,55.0,64.0,369.0,117.0,106.0,605.05,85.55,271.85,18.01,0.5865,0.7869,0.0,0.2003,0.5865,0.7869,0.0,0.2003,0.5865,0.7708,0.016,0.2003,0.5865,0.7869,0.0,0.2003,0.2949,0.7708,0.0,0.476,39.4,94.4,20.7,67.6,17.0,50.4,0,1,0,1,0,1,0,1,0,1,0.0,0.2756,0.0,0.2756,0.0,0.2756,0.0,0.2756,0.0,0.2756,0.0,0.2756,0.0,0.2756,0.0,0.2756,0.0,0.0,0.0,0.0
420030501001,42003050100,Allegheny,893.0,40.445831,-79.978557,754.0,0.0,32.0,673.0,0.0,0.0,0.0,0.0,49.0,754.0,145.0,270.0,488.0,256.0,177.0,20.0,25.0,10.0,488.0,273.0,197.0,884.87,171.28,450.82,0.0,1.0,1.0,0.0,0.0,1.0,1.0,0.0,0.0,1.0,1.0,0.0,0.0,1.0,1.0,0.0,0.0,1.0,1.0,0.0,0.0,230.3,290.8,171.7,226.6,167.9,170.7,1,1,1,1,1,1,1,1,1,1,0.7268,0.6596,0.1422,0.075,0.7268,0.6596,0.1422,0.075,0.7268,0.6596,0.1422,0.075,0.7268,0.6596,0.1422,0.075,0.7268,0.6596,0.1422,0.075
420030501002,42003050100,Allegheny,864.0,40.449045,-79.969255,992.0,1.0,30.0,935.0,0.0,0.0,0.0,12.0,14.0,992.0,394.0,204.0,399.0,108.0,78.0,163.0,12.0,38.0,399.0,134.0,207.0,856.13,165.72,436.18,0.0,1.0,1.0,0.0,0.0,1.0,1.0,0.0,0.0,1.0,1.0,0.0,0.0,1.0,1.0,0.0,0.0,1.0,1.0,0.0,0.0,150.0,223.9,107.4,184.4,107.8,137.0,1,1,1,1,1,1,1,1,1,1,0.5174,0.9653,0.0,0.4479,0.5174,0.9653,0.0,0.4479,0.5174,0.9653,0.0,0.4479,0.5174,0.9653,0.0,0.4479,0.5174,0.9653,0.0,0.4479
420030506001,42003050600,Allegheny,685.0,40.454955,-79.960342,579.0,0.0,273.0,300.0,0.0,0.0,0.0,6.0,0.0,579.0,66.0,175.0,284.0,31.0,108.0,35.0,40.0,70.0,284.0,57.0,110.0,616.22,113.7,308.91,0.0,1.0,1.0,0.0,0.0,1.0,1.0,0.0,0.0,1.0,1.0,0.0,0.0,1.0,1.0,0.0,0.0,0.9445,1.0,0.0,0.0555,130.7,136.3,87.1,107.6,82.2,79.6,1,1,1,1,1,1,1,1,1,1,0.8467,0.7445,0.1022,0.0,0.8467,0.7445,0.1022,0.0,0.8467,0.7445,0.1022,0.0,0.8467,0.7445,0.1022,0.0,0.5489,0.7445,0.0234,0.219
420030506002,42003050600,Allegheny,1038.0,40.451564,-79.959091,971.0,0.0,166.0,611.0,0.0,81.0,0.0,0.0,113.0,971.0,217.0,240.0,493.0,100.0,235.0,30.0,45.0,83.0,493.0,243.0,182.0,933.78,172.3,468.09,0.0,1.0,1.0,0.0,0.0,1.0,1.0,0.0,0.0,1.0,1.0,0.0,0.0,1.0,1.0,0.0,0.0,1.0,1.0,0.0,0.0,247.7,275.3,175.9,213.8,158.4,162.1,1,1,1,1,1,1,1,1,1,1,0.8035,0.7514,0.052,0.0,0.8035,0.7514,0.052,0.0,0.8035,0.7514,0.052,0.0,0.8035,0.7514,0.052,0.0,0.8035,0.7514,0.052,0.0
420030509001,42003050900,Allegheny,1386.0,40.450489,-79.974695,1545.0,60.0,53.0,1410.0,0.0,0.0,0.0,0.0,22.0,1545.0,582.0,211.0,766.0,545.0,164.0,45.0,0.0,12.0,766.0,517.0,215.0,1545.0,319.0,766.0,0.0,1.0,1.0,0.0,0.0,1.0,1.0,0.0,0.0,1.0,1.0,0.0,0.0,1.0,1.0,0.0,0.0,1.0,1.0,0.0,0.0,128.5,168.7,95.1,140.1,83.9,96.3,1,1,1,1,1,1,1,1,1,1,0.8795,0.8795,0.0,0.0,0.8795,0.8795,0.0,0.0,0.8795,0.8795,0.0,0.0,0.8795,0.8795,0.0,0.0,0.8795,0.8795,0.0,0.0
420030510001,42003051000,Allegheny,896.0,40.441264,-79.970119,871.0,5.0,105.0,697.0,0.0,45.0,0.0,0.0,19.0,871.0,69.0,63.0,576.0,401.0,89.0,39.0,22.0,25.0,576.0,262.0,280.0,1253.24,193.62,395.65,4.21,1.0,1.0,0.0,0.0,1.0,1.0,0.0,0.0,1.0,1.0,0.0,0.0,1.0,1.0,0.0,0.0,1.0,1.0,0.0,0.0,347.8,360.4,266.8,294.2,212.4,211.7,1,1,1,1,1,1,1,1,1,1,0.6763,0.6763,0.0,0.0,0.6763,0.6763,0.0,0.0,0.6763,0.6763,0.0,0.0,0.6763,0.6763,0.0,0.0,0.6763,0.6763,0.0,0.0
420030510002,42003051000,Allegheny,807.0,40.446081,-79.965639,1511.0,70.0,745.0,353.0,0.0,269.0,0.0,0.0,74.0,1511.0,0.0,75.0,176.0,85.0,5.0,72.0,12.0,2.0,176.0,121.0,27.0,1128.76,174.38,356.35,3.79,1.0,1.0,0.0,0.0,1.0,1.0,0.0,0.0,1.0,1.0,0.0,0.0,1.0,1.0,0.0,0.0,1.0,1.0,0.0,0.0,185.4,223.1,134.7,171.6,133.8,131.2,1,1,1,1,1,1,1,1,1,1,0.5849,0.5849,0.0,0.0,0.5849,0.5849,0.0,0.0,0.5849,0.5849,0.0,0.0,0.5849,0.5849,0.0,0.0,0.5849,0.5849,0.0,0.0
420030511001,42003051100,Allegheny,617.0,40.441816,-79.976695,807.0,0.0,174.0,480.0,0.0,0.0,0.0,0.0,153.0,807.0,454.0,36.0,260.0,211.0,19.0,10.0,0.0,20.0,260.0,110.0,130.0,807.0,54.0,260.0,0.0,1.0,1.0,0.0,0.0,1.0,1.0,0.0,0.0,1.0,1.0,0.0,0.0,1.0,1.0,0.0,0.0,1.0,1.0,0.0,0.0,399.7,423.2,308.0,354.6,238.2,255.0,1,1,1,1,1,1,1,1,1,1,0.8217,0.8217,0.0,0.0,0.8217,0.8217,0.0,0.0,0.8217,0.8217,0.0,0.0,0.8217,0.8217,0.0,0.0,0.8217,0.8217,0.0,0.0
420030603001,42003060300,Allegheny,1012.0,40.463321,-79.960547,835.0,44.0,675.0,0.0,0.0,71.0,0.0,0.0,45.0,835.0,0.0,28.0,588.0,36.0,76.0,186.0,30.0,260.0,588.0,80.0,404.0,1039.59,144.46,644.14,0.0,1.0,1.0,0.0,0.0,1.0,1.0,0.0,0.0,1.0,1.0,0.0,0.0,1.0,1.0,0.0,0.0,1.0,1.0,0.0,0.0,453.7,520.7,330.0,431.0,246.9,311.2,1,1,1,1,1,1,1,1,1,1,0.9002,0.9002,0.0,0.0,0.9002,0.9002,0.0,0.0,0.9002,0.9002,0.0,0.0,0.9002,0.9002,0.0,0.0,0.9002,0.9002,0.0,0.0
420030603002,42003060300,Allegheny,1629.0,40.465531,-79.964946,1889.0,65.0,1511.0,107.0,0.0,122.0,0.0,0.0,84.0,1889.0,100.0,258.0,1093.0,128.0,88.0,164.0,130.0,583.0,1093.0,88.0,683.0,1673.41,232.54,1036.86,0.0,1.0,1.0,0.0,0.0,1.0,1.0,0.0,0.0,1.0,1.0,0.0,0.0,1.0,1.0,0.0,0.0,1.0,1.0,0.0,0.0,397.9,458.0,283.5,392.7,219.9,278.0,1,1,1,1,1,1,1,1,1,1,0.7569,0.7569,0.0,0.0,0.7569,0.7569,0.0,0.0,0.7569,0.7569,0.0,0.0,0.7569,0.7569,0.0,0.0,0.7569,0.7569,0.0,0.0
420030605001,42003060500,Allegheny,665.0,40.457211,-79.967151,676.0,0.0,622.0,35.0,0.0,5.0,0.0,6.0,8.0,676.0,14.0,129.0,398.0,123.0,66.0,42.0,37.0,130.0,398.0,145.0,171.0,617.38,111.29,368.21,2.77,1.0,1.0,0.0,0.0,1.0,1.0,0.0,0.0,1.0,1.0,0.0,0.0,1.0,1.0,0.0,0.0,1.0,1.0,0.0,0.0,699.3,792.1,357.1,494.7,276.7,357.6,1,1,1,1,1,1,1,1,1,1,0.9684,0.9684,0.0,0.0,0.9684,0.9684,0.0,0.0,0.9684,0.9684,0.0,0.0,0.9684,0.9684,0.0,0.0,0.4406,0.9684,0.0,0.5278
420030605002,42003060500,Allegheny,536.0,40.458501,-79.961736,439.0,0.0,395.0,0.0,0.0,0.0,0.0,0.0,44.0,439.0,17.0,119.0,267.0,43.0,71.0,36.0,29.0,88.0,267.0,6.0,174.0,497.62,89.71,296.79,2.23,1.0,0.9646,0.0354,0.0,1.0,0.9646,0.0354,0.0,1.0,0.9646,0.0354,0.0,1.0,0.9646,0.0354,0.0,0.9646,0.9646,0.0,0.0,379.8,430.2,212.3,283.9,161.8,207.4,1,1,1,1,1,1,1,1,1,1,0.8116,0.4347,0.3769,0.0,0.8116,0.4347,0.3769,0.0,0.8116,0.4347,0.3769,0.0,0.8116,0.4347,0.3769,0.0,0.1007,0.4347,0.0,0.334
420030703001,42003070300,Allegheny,692.0,40.452755,-79.933572,715.0,97.0,372.0,34.0,0.0,205.0,0.0,0.0,7.0,715.0,13.0,35.0,374.0,48.0,72.0,49.0,45.0,160.0,374.0,127.0,179.0,601.91,51.52,314.07,2.47,1.0,1.0,0.0,0.0,1.0,1.0,0.0,0.0,1.0,1.0,0.0,0.0,1.0,1.0,0.0,0.0,1.0,1.0,0.0,0.0,526.8,544.1,379.0,410.2,284.1,311.6,1,1,1,1,1,1,1,1,1,1,0.7572,0.5101,0.2471,0.0,0.7572,0.5101,0.2471,0.0,0.7572,0.5101,0.2471,0.0,0.7572,0.5101,0.2471,0.0,0.7572,0.5101,0.2471,0.0
420030703002,42003070300,Allegheny,799.0,40.450156,-79.932261,600.0,16.0,440.0,60.0,0.0,80.0,0.0,0.0,4.0,600.0,16.0,210.0,264.0,46.0,40.0,78.0,0.0,100.0,264.0,95.0,73.0,694.98,59.49,362.63,2.85,1.0,1.0,0.0,0.0,1.0,1.0,0.0,0.0,1.0,1.0,0.0,0.0,1.0,1.0,0.0,0.0,1.0,1.0,0.0,0.0,432.8,359.6,371.3,312.1,274.4,224.3,1,1,1,1,1,1,1,1,1,1,0.811,0.398,0.413,0.0,0.811,0.398,0.413,0.0,0.811,0.398,0.413,0.0,0.811,0.398,0.413,0.0,0.811,0.398,0.413,0.0
420030703003,42003070300,Allegheny,752.0,40.450289,-79.936844,762.0,65.0,512.0,81.0,0.0,44.0,0.0,0.0,60.0,762.0,96.0,154.0,380.0,47.0,38.0,28.0,36.0,231.0,380.0,28.0,189.0,654.1,55.99,341.3,2.68,1.0,1.0,0.0,0.0,1.0,1.0,0.0,0.0,1.0,1.0,0.0,0.0,1.0,1.0,0.0,0.0,1.0,1.0,0.0,0.0,337.1,303.4,274.5,259.4,205.2,189.9,1,1,1,1,1,1,1,1,1,1,0.5918,0.3378,0.254,0.0,0.5918,0.3378,0.254,0.0,0.5918,0.3378,0.254,0.0,0.5918,0.3378,0.254,0.0,0.5918,0.3378,0.254,0.0
420030705001,42003070500,Allegheny,1267.0,40.455068,-79.92743,1228.0,225.0,834.0,29.0,0.0,119.0,0.0,0.0,21.0,1228.0,97.0,120.0,714.0,123.0,84.0,121.0,129.0,257.0,714.0,172.0,425.0,1245.74,67.52,713.52,13.75,1.0,1.0,0.0,0.0,1.0,1.0,0.0,0.0,1.0,1.0,0.0,0.0,1.0,1.0,0.0,0.0,1.0,1.0,0.0,0.0,514.7,568.2,355.7,432.9,271.7,322.2,1,1,1,1,1,1,1,1,1,1,0.4791,0.3283,0.1507,0.0,0.4791,0.3283,0.1507,0.0,0.4791,0.3283,0.1507,0.0,0.4791,0.3283,0.1507,0.0,0.4791,0.3283,0.1507,0.0
420030705002,42003070500,Allegheny,752.0,40.45397,-79.930848,998.0,132.0,735.0,68.0,0.0,63.0,0.0,0.0,0.0,998.0,38.0,73.0,547.0,64.0,170.0,87.0,20.0,206.0,547.0,76.0,328.0,739.38,40.07,423.49,8.16,1.0,1.0,0.0,0.0,1.0,1.0,0.0,0.0,1.0,1.0,0.0,0.0,1.0,1.0,0.0,0.0,1.0,1.0,0.0,0.0,730.8,825.4,432.5,554.5,328.2,435.1,1,1,1,1,1,1,1,1,1,1,0.8923,0.4628,0.4295,0.0,0.8923,0.4628,0.4295,0.0,0.8923,0.4628,0.4295,0.0,0.8923,0.4628,0.4295,0.0,0.8923,0.4628,0.4295,0.0
420030705003,42003070500,Allegheny,1021.0,40.457114,-79.929611,763.0,33.0,441.0,25.0,0.0,247.0,0.0,0.0,17.0,763.0,50.0,13.0,451.0,59.0,105.0,122.0,34.0,131.0,451.0,136.0,252.0,1003.87,54.41,574.98,11.08,1.0,1.0,0.0,0.0,1.0,1.0,0.0,0.0,1.0,1.0,0.0,0.0,1.0,1.0,0.0,0.0,1.0,1.0,0.0,0.0,1135.4,1294.6,655.4,885.6,495.7,685.1,1,1,1,1,1,1,1,1,1,1,1.0,1.0,0.0,0.0,1.0,1.0,0.0,0.0,1.0,1.0,0.0,0.0,1.0,1.0,0.0,0.0,1.0,1.0,0.0,0.0
420030706001,42003070600,Allegheny,998.0,40.454578,-79.923685,825.0,40.0,681.0,1.0,0.0,54.0,0.0,7.0,42.0,825.0,54.0,152.0,506.0,28.0,8.0,219.0,54.0,197.0,506.0,52.0,282.0,950.69,117.81,563.59,5.46,1.0,1.0,0.0,0.0,1.0,1.0,0.0,0.0,1.0,1.0,0.0,0.0,1.0,1.0,0.0,0.0,1.0,1.0,0.0,0.0,417.9,524.2,307.5,420.2,224.0,306.0,1,1,1,1,1,1,1,1,1,1,0.7936,0.9008,0.0992,0.2064,0.7936,0.9008,0.0992,0.2064,0.7936,0.9008,0.0992,0.2064,0.7936,0.9008,0.0992,0.2064,0.7936,0.9008,0.0992,0.2064
420030706002,42003070600,Allegheny,1196.0,40.452093,-79.927183,1265.0,80.0,1097.0,16.0,0.0,37.0,0.0,0.0,35.0,1265.0,68.0,192.0,733.0,135.0,126.0,55.0,97.0,320.0,733.0,120.0,320.0,1139.31,141.19,675.41,6.54,1.0,1.0,0.0,0.0,1.0,1.0,0.0,0.0,1.0,1.0,0.0,0.0,1.0,1.0,0.0,0.0,1.0,1.0,0.0,0.0,406.5,352.7,357.4,306.6,262.4,219.3,1,1,1,1,1,1,1,1,1,1,0.8938,0.7107,0.1831,0.0,0.8938,0.7107,0.1831,0.0,0.8938,0.7107,0.1831,0.0,0.8938,0.7107,0.1831,0.0,0.8938,0.7107,0.1831,0.0
420030708001,42003070800,Allegheny,1257.0,40.458652,-79.922258,1198.0,116.0,959.0,14.0,0.0,99.0,0.0,0.0,10.0,1198.0,78.0,94.0,766.0,64.0,33.0,56.0,184.0,429.0,766.0,50.0,431.0,1153.46,49.79,720.36,31.28,1.0,1.0,0.0,0.0,1.0,1.0,0.0,0.0,1.0,1.0,0.0,0.0,1.0,1.0,0.0,0.0,1.0,1.0,0.0,0.0,1248.1,1719.4,729.7,1270.7,566.9,950.9,1,1,1,1,1,1,1,1,1,1,0.8107,0.8663,0.0,0.0557,0.8107,0.8663,0.0,0.0557,0.8107,0.8663,0.0,0.0557,0.8107,0.8663,0.0,0.0557,0.8107,0.8663,0.0,0.0557
420030708002,42003070800,Allegheny,1596.0,40.45529,-79.919318,1420.0,115.0,657.0,31.0,16.0,502.0,0.0,0.0,99.0,1420.0,164.0,81.0,869.0,161.0,80.0,144.0,64.0,420.0,869.0,213.0,492.0,1464.54,63.21,914.64,39.72,1.0,1.0,0.0,0.0,1.0,1.0,0.0,0.0,1.0,1.0,0.0,0.0,1.0,1.0,0.0,0.0,1.0,1.0,0.0,0.0,750.8,914.2,594.4,764.7,468.3,553.0,1,1,1,1,1,1,1,1,1,1,0.5169,0.8816,0.0,0.3647,0.5169,0.8816,0.0,0.3647,0.5169,0.8816,0.0,0.3647,0.5169,0.8816,0.0,0.3647,0.5169,0.8816,0.0,0.3647
420030709001,42003070900,Allegheny,1903.0,40.454595,-79.936728,1608.0,0.0,859.0,161.0,0.0,580.0,0.0,6.0,2.0,1608.0,93.0,321.0,943.0,289.0,266.0,81.0,63.0,244.0,943.0,197.0,624.0,1601.16,135.85,891.02,67.54,1.0,1.0,0.0,0.0,1.0,1.0,0.0,0.0,1.0,1.0,0.0,0.0,1.0,1.0,0.0,0.0,1.0,1.0,0.0,0.0,945.2,1016.2,600.4,718.1,453.4,555.3,1,1,1,1,1,1,1,1,1,1,0.7672,0.7672,0.0,0.0,0.7672,0.7672,0.0,0.0,0.7672,0.7672,0.0,0.0,0.7672,0.7672,0.0,0.0,0.7672,0.7672,0.0,0.0
420030709002,42003070900,Allegheny,786.0,40.451666,-79.947499,781.0,51.0,493.0,54.0,0.0,170.0,0.0,0.0,13.0,781.0,162.0,195.0,360.0,94.0,18.0,95.0,0.0,153.0,360.0,103.0,129.0,661.33,56.11,368.02,27.9,1.0,1.0,0.0,0.0,1.0,1.0,0.0,0.0,1.0,1.0,0.0,0.0,1.0,1.0,0.0,0.0,1.0,1.0,0.0,0.0,783.9,899.6,479.2,708.3,355.2,579.3,1,1,1,1,1,1,1,1,1,1,0.8079,0.8079,0.0,0.0,0.8079,0.8079,0.0,0.0,0.8079,0.8079,0.0,0.0,0.8079,0.8079,0.0,0.0,0.8079,0.8079,0.0,0.0
420030709003,42003070900,Allegheny,762.0,40.448451,-79.944658,447.0,8.0,262.0,20.0,0.0,137.0,0.0,0.0,20.0,447.0,22.0,167.0,251.0,39.0,17.0,25.0,0.0,170.0,251.0,56.0,148.0,641.14,54.4,356.78,27.05,1.0,1.0,0.0,0.0,1.0,1.0,0.0,0.0,1.0,1.0,0.0,0.0,1.0,1.0,0.0,0.0,1.0,1.0,0.0,0.0,735.3,792.1,489.4,632.3,335.1,484.2,1,1,1,1,1,1,1,1,1,1,0.832,0.832,0.0,0.0,0.832,0.832,0.0,0.0,0.832,0.832,0.0,0.0,0.832,0.832,0.0,0.0,0.832,0.832,0.0,0.0
420030709004,42003070900,Allegheny,1536.0,40.45313,-79.943324,1608.0,23.0,700.0,50.0,0.0,756.0,0.0,0.0,79.0,1608.0,221.0,169.0,781.0,297.0,214.0,103.0,124.0,43.0,781.0,346.0,368.0,1292.37,109.65,719.18,54.52,1.0,1.0,0.0,0.0,1.0,1.0,0.0,0.0,1.0,1.0,0.0,0.0,1.0,1.0,0.0,0.0,1.0,1.0,0.0,0.0,634.2,612.7,442.8,481.0,337.9,377.3,1,1,1,1,1,1,1,1,1,1,0.1979,0.1979,0.0,0.0,0.1979,0.1979,0.0,0.0,0.1979,0.1979,0.0,0.0,0.1979,0.1979,0.0,0.0,0.1979,0.1979,0.0,0.0
420030802001,42003080200,Allegheny,1037.0,40.459702,-79.950122,1008.0,65.0,885.0,22.0,0.0,26.0,0.0,0.0,10.0,1008.0,86.0,92.0,546.0,35.0,121.0,135.0,19.0,236.0,546.0,106.0,246.0,1049.18,183.3,601.82,31.4,1.0,1.0,0.0,0.0,1.0,1.0,0.0,0.0,1.0,1.0,0.0,0.0,1.0,1.0,0.0,0.0,0.974,1.0,0.0,0.026,265.2,238.3,207.3,192.0,146.9,142.0,1,1,1,1,1,1,1,1,1,1,0.5294,0.5294,0.0,0.0,0.5294,0.5294,0.0,0.0,0.5294,0.5294,0.0,0.0,0.5294,0.5294,0.0,0.0,0.5294,0.5294,0.0,0.0
420030802002,42003080200,Allegheny,581.0,40.461621,-79.952127,629.0,34.0,560.0,14.0,0.0,0.0,0.0,0.0,21.0,629.0,15.0,144.0,393.0,56.0,79.0,104.0,17.0,137.0,393.0,93.0,190.0,587.82,102.7,337.18,17.6,1.0,1.0,0.0,0.0,1.0,1.0,0.0,0.0,1.0,1.0,0.0,0.0,1.0,1.0,0.0,0.0,1.0,1.0,0.0,0.0,366.4,364.6,266.7,297.5,185.4,221.6,1,1,1,1,1,1,1,1,1,1,0.5473,0.5473,0.0,0.0,0.5473,0.5473,0.0,0.0,0.5473,0.5473,0.0,0.0,0.5473,0.5473,0.0,0.0,0.5473,0.5473,0.0,0.0
420030804001,42003080400,Allegheny,990.0,40.457868,-79.944234,1121.0,57.0,786.0,37.0,0.0,203.0,0.0,0.0,38.0,1121.0,71.0,171.0,618.0,119.0,64.0,184.0,22.0,229.0,618.0,60.0,392.0,927.31,110.59,544.68,21.88,1.0,1.0,0.0,0.0,1.0,1.0,0.0,0.0,1.0,1.0,0.0,0.0,1.0,1.0,0.0,0.0,1.0,1.0,0.0,0.0,462.2,419.9,376.4,343.0,280.3,250.4,1,1,1,1,1,1,1,1,1,1,0.9263,0.9263,0.0,0.0,0.9263,0.9263,0.0,0.0,0.9263,0.9263,0.0,0.0,0.9263,0.9263,0.0,0.0,0.9263,0.9263,0.0,0.0
420030804002,42003080400,Allegheny,684.0,40.455228,-79.947963,447.0,18.0,234.0,13.0,0.0,136.0,0.0,0.0,46.0,447.0,0.0,54.0,303.0,51.0,96.0,63.0,40.0,53.0,303.0,135.0,120.0,640.69,76.41,376.32,15.12,1.0,1.0,0.0,0.0,1.0,1.0,0.0,0.0,1.0,1.0,0.0,0.0,1.0,1.0,0.0,0.0,1.0,1.0,0.0,0.0,626.7,662.0,403.5,525.3,305.2,425.5,1,1,1,1,1,1,1,1,1,1,0.9269,0.8158,0.1111,0.0,0.9269,0.8158,0.1111,0.0,0.9269,0.8158,0.1111,0.0,0.9269,0.8158,0.1111,0.0,0.8158,0.8158,0.0,0.0
420030806001,42003080600,Allegheny,1324.0,40.461542,-79.939654,1419.0,16.0,1241.0,42.0,0.0,57.0,0.0,0.0,63.0,1419.0,242.0,169.0,614.0,93.0,122.0,115.0,52.0,232.0,614.0,84.0,286.0,1354.33,99.56,694.31,7.91,1.0,1.0,0.0,0.0,1.0,1.0,0.0,0.0,1.0,1.0,0.0,0.0,1.0,1.0,0.0,0.0,1.0,1.0,0.0,0.0,225.3,195.1,176.3,176.6,121.7,122.2,1,1,1,1,1,1,1,1,1,1,0.858,0.858,0.0,0.0,0.858,0.858,0.0,0.0,0.858,0.858,0.0,0.0,0.858,0.858,0.0,0.0,0.858,0.858,0.0,0.0
420030806002,42003080600,Allegheny,684.0,40.458533,-79.939638,635.0,50.0,474.0,9.0,0.0,68.0,0.0,0.0,34.0,635.0,32.0,68.0,439.0,139.0,64.0,110.0,29.0,97.0,439.0,122.0,235.0,699.67,51.44,358.69,4.09,1.0,1.0,0.0,0.0,1.0,1.0,0.0,0.0,1.0,1.0,0.0,0.0,1.0,1.0,0.0,0.0,1.0,1.0,0.0,0.0,531.7,483.3,428.8,401.1,316.3,288.5,1,1,1,1,1,1,1,1,1,1,0.8596,0.4912,0.3684,0.0,0.8596,0.4912,0.3684,0.0,0.8596,0.4912,0.3684,0.0,0.8596,0.4912,0.3684,0.0,0.4912,0.4912,0.0,0.0
420030807001,42003080700,Allegheny,824.0,40.462742,-79.93327,900.0,85.0,574.0,23.0,0.0,212.0,0.0,0.0,6.0,900.0,62.0,128.0,511.0,132.0,121.0,115.0,44.0,99.0,511.0,178.0,257.0,811.41,50.79,518.41,35.68,1.0,1.0,0.0,0.0,1.0,1.0,0.0,0.0,1.0,1.0,0.0,0.0,1.0,1.0,0.0,0.0,1.0,1.0,0.0,0.0,485.0,472.2,365.7,407.7,260.0,290.3,1,1,1,1,1,1,1,1,1,1,0.8192,0.8192,0.0,0.0,0.8192,0.8192,0.0,0.0,0.8192,0.8192,0.0,0.0,0.8192,0.8192,0.0,0.0,0.8192,0.8192,0.0,0.0
420030807002,42003080700,Allegheny,1139.0,40.458913,-79.935161,1035.0,1.0,648.0,102.0,0.0,143.0,0.0,0.0,141.0,1035.0,81.0,32.0,724.0,125.0,190.0,133.0,151.0,125.0,724.0,236.0,376.0,1121.59,70.21,716.59,49.32,1.0,1.0,0.0,0.0,1.0,1.0,0.0,0.0,1.0,1.0,0.0,0.0,1.0,1.0,0.0,0.0,1.0,1.0,0.0,0.0,928.8,940.3,572.1,656.5,421.4,502.0,1,1,1,1,1,1,1,1,1,1,1.0,0.8657,0.1343,0.0,1.0,0.8657,0.1343,0.0,1.0,0.8657,0.1343,0.0,1.0,0.8657,0.1343,0.0,0.8657,0.8657,0.0,0.0
420030809001,42003080900,Allegheny,997.0,40.462964,-79.946516,985.0,29.0,779.0,107.0,0.0,70.0,0.0,0.0,0.0,985.0,68.0,303.0,569.0,130.0,84.0,164.0,68.0,123.0,569.0,109.0,320.0,1021.6,111.51,612.19,39.9,1.0,1.0,0.0,0.0,1.0,1.0,0.0,0.0,1.0,1.0,0.0,0.0,1.0,1.0,0.0,0.0,1.0,1.0,0.0,0.0,370.7,344.3,296.3,298.3,211.9,212.7,1,1,1,1,1,1,1,1,1,1,1.0,1.0,0.0,0.0,1.0,1.0,0.0,0.0,1.0,1.0,0.0,0.0,1.0,1.0,0.0,0.0,1.0,1.0,0.0,0.0
420030809002,42003080900,Allegheny,827.0,40.463781,-79.942551,892.0,120.0,584.0,13.0,0.0,65.0,0.0,0.0,110.0,892.0,64.0,14.0,551.0,86.0,153.0,83.0,44.0,185.0,551.0,151.0,324.0,847.4,92.49,507.81,33.1,1.0,1.0,0.0,0.0,1.0,1.0,0.0,0.0,1.0,1.0,0.0,0.0,1.0,1.0,0.0,0.0,1.0,1.0,0.0,0.0,255.3,229.1,204.8,214.8,149.1,148.6,1,1,1,1,1,1,1,1,1,1,1.0,1.0,0.0,0.0,1.0,1.0,0.0,0.0,1.0,1.0,0.0,0.0,1.0,1.0,0.0,0.0,1.0,1.0,0.0,0.0
420030901001,42003090100,Allegheny,1091.0,40.475101,-79.959264,795.0,39.0,650.0,40.0,0.0,16.0,0.0,0.0,50.0,795.0,15.0,116.0,565.0,64.0,28.0,34.0,62.0,377.0,565.0,13.0,394.0,1080.83,79.76,674.51,0.0,1.0,1.0,0.0,0.0,1.0,1.0,0.0,0.0,1.0,1.0,0.0,0.0,1.0,1.0,0.0,0.0,1.0,1.0,0.0,0.0,186.8,206.9,104.3,168.0,84.6,121.3,1,1,1,1,1,1,1,1,1,1,0.7021,0.6856,0.0165,0.0,0.7021,0.6856,0.0165,0.0,0.7021,0.6856,0.0165,0.0,0.7021,0.6856,0.0165,0.0,0.7021,0.6856,0.0165,0.0
420030901002,42003090100,Allegheny,947.0,40.471689,-79.962789,1224.0,59.0,884.0,153.0,0.0,87.0,0.0,11.0,30.0,1224.0,72.0,126.0,695.0,124.0,91.0,97.0,22.0,361.0,695.0,164.0,304.0,938.17,69.24,585.49,0.0,1.0,1.0,0.0,0.0,1.0,1.0,0.0,0.0,1.0,1.0,0.0,0.0,1.0,1.0,0.0,0.0,1.0,1.0,0.0,0.0,206.2,267.4,123.0,225.7,98.1,163.1,1,1,1,1,1,1,1,1,1,1,0.2682,0.2682,0.0,0.0,0.2682,0.2682,0.0,0.0,0.2682,0.2682,0.0,0.0,0.2682,0.2682,0.0,0.0,0.2682,0.2682,0.0,0.0
420030902001,42003090200,Allegheny,855.0,40.469641,-79.959173,1086.0,78.0,932.0,7.0,0.0,13.0,0.0,31.0,25.0,1086.0,98.0,189.0,600.0,161.0,50.0,122.0,24.0,243.0,600.0,182.0,168.0,755.71,101.53,422.07,0.0,1.0,1.0,0.0,0.0,1.0,1.0,0.0,0.0,1.0,1.0,0.0,0.0,1.0,1.0,0.0,0.0,1.0,1.0,0.0,0.0,256.9,301.1,163.9,257.7,131.8,185.9,1,1,1,1,1,1,1,1,1,1,0.7696,0.7696,0.0,0.0,0.7696,0.7696,0.0,0.0,0.7696,0.7696,0.0,0.0,0.7696,0.7696,0.0,0.0,0.7696,0.7696,0.0,0.0
420030902002,42003090200,Allegheny,1194.0,40.469068,-79.955917,936.0,49.0,824.0,28.0,0.0,0.0,0.0,0.0,35.0,936.0,97.0,216.0,447.0,0.0,58.0,54.0,97.0,238.0,447.0,23.0,237.0,1055.34,141.78,589.42,0.0,0.9631,0.9631,0.0,0.0,0.9631,0.9631,0.0,0.0,0.9631,0.9631,0.0,0.0,0.9631,0.9631,0.0,0.0,0.9631,0.9631,0.0,0.0,248.5,261.1,166.3,221.2,130.5,161.4,1,1,1,1,1,1,1,1,1,1,0.1491,0.1491,0.0,0.0,0.1491,0.1491,0.0,0.0,0.1491,0.1491,0.0,0.0,0.1491,0.1491,0.0,0.0,0.1491,0.1491,0.0,0.0
420030902003,42003090200,Allegheny,629.0,40.466359,-79.957271,613.0,0.0,555.0,28.0,2.0,0.0,0.0,0.0,28.0,613.0,0.0,250.0,275.0,53.0,43.0,26.0,59.0,94.0,275.0,37.0,167.0,555.95,74.69,310.51,0.0,1.0,1.0,0.0,0.0,1.0,1.0,0.0,0.0,1.0,1.0,0.0,0.0,1.0,1.0,0.0,0.0,1.0,1.0,0.0,0.0,358.3,380.3,270.8,322.4,203.5,238.0,1,1,1,1,1,1,1,1,1,1,0.7647,0.7647,0.0,0.0,0.7647,0.7647,0.0,0.0,0.7647,0.7647,0.0,0.0,0.7647,0.7647,0.0,0.0,0.7647,0.7647,0.0,0.0
420030903001,42003090300,Allegheny,873.0,40.464216,-79.950209,492.0,17.0,425.0,0.0,0.0,50.0,0.0,0.0,0.0,492.0,10.0,134.0,322.0,70.0,70.0,54.0,45.0,83.0,322.0,90.0,175.0,784.06,74.21,448.11,6.8,1.0,1.0,0.0,0.0,1.0,1.0,0.0,0.0,1.0,1.0,0.0,0.0,1.0,1.0,0.0,0.0,1.0,1.0,0.0,0.0,460.3,460.9,345.6,387.1,252.6,285.8,1,1,1,1,1,1,1,1,1,1,1.0,1.0,0.0,0.0,1.0,1.0,0.0,0.0,1.0,1.0,0.0,0.0,1.0,1.0,0.0,0.0,1.0,1.0,0.0,0.0
420030903002,42003090300,Allegheny,668.0,40.464546,-79.95512,892.0,14.0,858.0,15.0,0.0,5.0,0.0,0.0,0.0,892.0,161.0,89.0,469.0,57.0,88.0,36.0,101.0,187.0,469.0,36.0,264.0,599.94,56.79,342.89,5.2,1.0,1.0,0.0,0.0,1.0,1.0,0.0,0.0,1.0,1.0,0.0,0.0,1.0,1.0,0.0,0.0,1.0,1.0,0.0,0.0,448.5,463.7,336.8,390.5,248.1,286.7,1,1,1,1,1,1,1,1,1,1,1.0,1.0,0.0,0.0,1.0,1.0,0.0,0.0,1.0,1.0,0.0,0.0,1.0,1.0,0.0,0.0,1.0,1.0,0.0,0.0
420031005001,42003100500,Allegheny,784.0,40.476837,-79.934759,742.0,9.0,296.0,394.0,0.0,7.0,0.0,0.0,36.0,742.0,107.0,273.0,313.0,72.0,61.0,46.0,47.0,87.0,313.0,110.0,128.0,765.31,155.01,357.92,0.0,1.0,1.0,0.0,0.0,1.0,1.0,0.0,0.0,1.0,1.0,0.0,0.0,0.648,1.0,0.0,0.352,1.0,1.0,0.0,0.0,90.7,141.1,85.6,122.1,52.7,90.2,1,1,1,1,1,1,1,1,1,1,0.4464,0.4464,0.0,0.0,0.4464,0.4464,0.0,0.0,0.4464,0.4464,0.0,0.0,0.0,0.4464,0.0,0.4464,0.4464,0.4464,0.0,0.0
420031005002,42003100500,Allegheny,1229.0,40.478488,-79.939658,1274.0,63.0,439.0,691.0,0.0,26.0,0.0,0.0,55.0,1274.0,244.0,270.0,606.0,129.0,69.0,115.0,132.0,161.0,606.0,35.0,396.0,1199.69,242.99,561.08,0.0,0.8031,0.8031,0.0,0.0,0.8031,0.8031,0.0,0.0,0.8031,0.8031,0.0,0.0,0.0138,0.8031,0.0,0.7893,0.7705,0.8031,0.0,0.0325,32.3,58.3,35.9,54.7,15.5,38.0,1,1,1,1,1,1,0,1,1,1,0.2254,0.2254,0.0,0.0,0.2254,0.2254,0.0,0.0,0.2254,0.2254,0.0,0.0,0.0,0.2254,0.0,0.2254,0.2116,0.2254,0.0,0.0138
420031011001,42003101100,Allegheny,1234.0,40.479621,-79.951779,1598.0,38.0,1439.0,74.0,0.0,29.0,0.0,0.0,18.0,1598.0,161.0,149.0,653.0,41.0,71.0,40.0,106.0,395.0,653.0,35.0,354.0,1310.8,164.95,589.17,0.0,1.0,1.0,0.0,0.0,1.0,1.0,0.0,0.0,1.0,1.0,0.0,0.0,1.0,1.0,0.0,0.0,1.0,1.0,0.0,0.0,225.2,201.7,138.7,164.9,95.0,117.4,1,1,1,1,1,1,1,1,1,1,0.4887,0.5332,0.0,0.0446,0.4887,0.5332,0.0,0.0446,0.4887,0.5332,0.0,0.0446,0.1864,0.5332,0.0,0.3468,0.4887,0.5332,0.0,0.0446
420031011002,42003101100,Allegheny,616.0,40.481066,-79.952964,444.0,30.0,353.0,0.0,0.0,45.0,0.0,0.0,16.0,444.0,7.0,18.0,260.0,29.0,17.0,66.0,33.0,115.0,260.0,19.0,148.0,654.34,82.34,294.11,0.0,1.0,1.0,0.0,0.0,1.0,1.0,0.0,0.0,1.0,1.0,0.0,0.0,1.0,1.0,0.0,0.0,1.0,1.0,0.0,0.0,228.5,176.5,138.7,141.0,95.0,100.6,1,1,1,1,1,1,1,1,1,1,1.0,1.0,0.0,0.0,1.0,1.0,0.0,0.0,1.0,1.0,0.0,0.0,1.0,1.0,0.0,0.0,1.0,1.0,0.0,0.0
420031011003,42003101100,Allegheny,544.0,40.481283,-79.948571,507.0,0.0,485.0,0.0,0.0,22.0,0.0,0.0,0.0,507.0,9.0,110.0,230.0,0.0,12.0,102.0,49.0,67.0,230.0,7.0,103.0,577.86,72.72,259.73,0.0,1.0,1.0,0.0,0.0,1.0,1.0,0.0,0.0,1.0,1.0,0.0,0.0,0.6415,1.0,0.0,0.3585,1.0,1.0,0.0,0.0,176.4,123.5,104.3,99.4,67.4,70.9,1,1,1,1,1,1,1,1,1,1,0.8493,0.8493,0.0,0.0,0.8493,0.8493,0.0,0.0,0.8493,0.8493,0.0,0.0,0.4908,0.8493,0.0,0.3585,0.8493,0.8493,0.0,0.0
420031014001,42003101400,Allegheny,1105.0,40.485751,-79.924941,1185.0,62.0,1071.0,11.0,0.0,0.0,0.0,19.0,22.0,1185.0,221.0,158.0,587.0,71.0,99.0,96.0,210.0,111.0,587.0,182.0,241.0,1094.81,142.03,496.09,5.1,1.0,1.0,0.0,0.0,1.0,1.0,0.0,0.0,1.0,1.0,0.0,0.0,1.0,1.0,0.0,0.0,1.0,1.0,0.0,0.0,106.9,99.1,60.2,73.5,50.4,60.5,1,1,1,1,1,1,1,1,1,1,0.9014,0.9014,0.0,0.0,0.9014,0.9014,0.0,0.0,0.9014,0.9014,0.0,0.0,0.9014,0.9014,0.0,0.0,0.9014,0.9014,0.0,0.0
420031014002,42003101400,Allegheny,672.0,40.484526,-79.928386,435.0,0.0,314.0,59.0,0.0,0.0,0.0,0.0,62.0,435.0,30.0,51.0,180.0,10.0,21.0,42.0,33.0,74.0,180.0,25.0,108.0,665.8,86.38,301.7,3.1,1.0,1.0,0.0,0.0,1.0,1.0,0.0,0.0,1.0,1.0,0.0,0.0,1.0,1.0,0.0,0.0,1.0,1.0,0.0,0.0,107.3,98.0,60.0,72.4,50.9,60.0,1,1,1,1,1,1,1,1,1,1,0.6935,0.6935,0.0,0.0,0.6935,0.6935,0.0,0.0,0.6935,0.6935,0.0,0.0,0.6935,0.6935,0.0,0.0,0.6935,0.6935,0.0,0.0
420031014003,42003101400,Allegheny,754.0,40.47506,-79.929914,725.0,12.0,506.0,172.0,0.0,23.0,0.0,12.0,0.0,725.0,106.0,122.0,330.0,57.0,53.0,58.0,38.0,124.0,330.0,18.0,183.0,747.04,96.92,338.51,3.48,1.0,1.0,0.0,0.0,1.0,1.0,0.0,0.0,1.0,1.0,0.0,0.0,1.0,1.0,0.0,0.0,1.0,1.0,0.0,0.0,206.1,238.1,154.5,195.4,102.1,148.5,1,1,1,1,1,1,1,1,1,1,0.9735,0.9735,0.0,0.0,0.9735,0.9735,0.0,0.0,0.9735,0.9735,0.0,0.0,0.9735,0.9735,0.0,0.0,0.9735,0.9735,0.0,0.0
420031014004,42003101400,Allegheny,721.0,40.479918,-79.930014,877.0,47.0,622.0,54.0,4.0,51.0,0.0,0.0,99.0,877.0,179.0,206.0,363.0,12.0,84.0,29.0,31.0,207.0,363.0,13.0,127.0,714.35,92.67,323.7,3.33,1.0,1.0,0.0,0.0,1.0,1.0,0.0,0.0,1.0,1.0,0.0,0.0,1.0,1.0,0.0,0.0,1.0,1.0,0.0,0.0,107.7,142.0,87.6,113.5,61.5,88.9,1,1,1,1,1,1,1,1,1,1,0.9612,0.9612,0.0,0.0,0.9612,0.9612,0.0,0.0,0.9612,0.9612,0.0,0.0,0.9612,0.9612,0.0,0.0,0.9612,0.9612,0.0,0.0
420031018001,42003101800,Allegheny,953.0,40.483418,-79.934467,986.0,32.0,777.0,126.0,0.0,10.0,0.0,0.0,41.0,986.0,147.0,244.0,489.0,31.0,114.0,82.0,84.0,178.0,489.0,35.0,198.0,1015.77,118.04,522.69,8.69,0.9035,0.8657,0.0378,0.0,0.9035,0.8657,0.0378,0.0,0.8657,0.8657,0.0,0.0,0.3316,0.8657,0.0,0.5341,0.8657,0.8657,0.0,0.0,53.4,81.1,50.5,70.8,28.2,52.0,1,1,1,1,1,1,0,1,1,1,0.1343,0.1343,0.0,0.0,0.1343,0.1343,0.0,0.0,0.1343,0.1343,0.0,0.0,0.0,0.1343,0.0,0.1343,0.1343,0.1343,0.0,0.0
420031018002,42003101800,Allegheny,1461.0,40.483762,-79.939239,1587.0,0.0,1270.0,137.0,0.0,91.0,0.0,0.0,89.0,1587.0,215.0,315.0,835.0,133.0,22.0,193.0,105.0,382.0,835.0,23.0,482.0,1557.23,180.96,801.31,13.31,1.0,0.95,0.05,0.0,1.0,0.95,0.05,0.0,0.95,0.95,0.0,0.0,0.5667,0.95,0.0,0.3833,0.95,0.95,0.0,0.0,97.4,82.8,57.0,70.6,37.9,50.2,1,1,1,1,1,1,0,1,1,1,0.2984,0.2984,0.0,0.0,0.2984,0.2984,0.0,0.0,0.2984,0.2984,0.0,0.0,0.0,0.2984,0.0,0.2984,0.2984,0.2984,0.0,0.0
420031019001,42003101900,Allegheny,998.0,40.470444,-79.93838,921.0,7.0,103.0,778.0,0.0,13.0,0.0,0.0,20.0,921.0,389.0,56.0,350.0,193.0,97.0,35.0,0.0,25.0,350.0,96.0,207.0,1150.24,192.05,464.94,0.0,0.9118,0.9118,0.0,0.0,0.9118,0.9118,0.0,0.0,0.9118,0.9118,0.0,0.0,0.0381,0.9118,0.0,0.8737,0.0381,0.9118,0.0,0.8737,31.3,63.8,31.9,62.0,26.6,42.0,1,1,1,1,1,1,0,1,0,1,0.4018,0.508,0.0,0.1062,0.4018,0.508,0.0,0.1062,0.4018,0.508,0.0,0.1062,0.0,0.508,0.0,0.508,0.0,0.499,0.0,0.499
420031019002,42003101900,Allegheny,867.0,40.466704,-79.943579,1172.0,212.0,309.0,536.0,0.0,6.0,0.0,0.0,109.0,1172.0,282.0,163.0,446.0,113.0,12.0,90.0,34.0,197.0,446.0,87.0,147.0,999.26,166.84,403.91,0.0,1.0,1.0,0.0,0.0,1.0,1.0,0.0,0.0,1.0,1.0,0.0,0.0,0.925,1.0,0.0,0.075,0.925,1.0,0.0,0.075,114.8,121.5,94.6,118.1,77.9,80.9,1,1,1,1,1,1,1,1,1,1,0.4037,0.4037,0.0,0.0,0.4037,0.4037,0.0,0.0,0.4037,0.4037,0.0,0.0,0.4037,0.4037,0.0,0.0,0.4037,0.4037,0.0,0.0
420031019003,42003101900,Allegheny,567.0,40.466053,-79.938243,710.0,16.0,262.0,297.0,0.0,58.0,0.0,0.0,77.0,710.0,47.0,96.0,337.0,36.0,36.0,22.0,116.0,127.0,337.0,39.0,101.0,653.5,109.11,264.15,0.0,1.0,1.0,0.0,0.0,1.0,1.0,0.0,0.0,1.0,1.0,0.0,0.0,1.0,1.0,0.0,0.0,1.0,1.0,0.0,0.0,132.7,140.4,109.3,136.4,91.7,92.5,1,1,1,1,1,1,1,1,1,1,0.9577,0.9577,0.0,0.0,0.9577,0.9577,0.0,0.0,0.9577,0.9577,0.0,0.0,0.5168,0.9577,0.0,0.4409,0.5168,0.9577,0.0,0.4409
420031102001,42003110200,Allegheny,666.0,40.478032,-79.9198,688.0,0.0,573.0,23.0,0.0,85.0,0.0,0.0,7.0,688.0,43.0,151.0,425.0,0.0,102.0,24.0,58.0,241.0,425.0,0.0,327.0,745.67,78.08,377.05,12.13,1.0,1.0,0.0,0.0,1.0,1.0,0.0,0.0,1.0,1.0,0.0,0.0,1.0,1.0,0.0,0.0,1.0,1.0,0.0,0.0,218.9,228.3,172.8,195.8,108.6,138.7,1,1,1,1,1,1,1,1,1,1,0.3243,0.2402,0.1456,0.0616,0.3243,0.2402,0.1456,0.0616,0.3243,0.2402,0.1456,0.0616,0.3243,0.2402,0.1456,0.0616,0.3243,0.2402,0.1456,0.0616
420031102002,42003110200,Allegheny,708.0,40.475754,-79.921431,1042.0,10.0,831.0,190.0,0.0,11.0,0.0,0.0,0.0,1042.0,117.0,110.0,520.0,5.0,143.0,52.0,36.0,284.0,520.0,80.0,146.0,792.69,83.01,400.83,12.9,1.0,1.0,0.0,0.0,1.0,1.0,0.0,0.0,1.0,1.0,0.0,0.0,1.0,1.0,0.0,0.0,1.0,1.0,0.0,0.0,224.7,235.3,176.7,201.1,112.3,142.9,1,1,1,1,1,1,1,1,1,1,1.0,1.0,0.0,0.0,1.0,1.0,0.0,0.0,1.0,1.0,0.0,0.0,1.0,1.0,0.0,0.0,1.0,1.0,0.0,0.0
420031102003,42003110200,Allegheny,1162.0,40.4754,-79.926393,950.0,68.0,692.0,114.0,0.0,25.0,0.0,0.0,51.0,950.0,143.0,121.0,491.0,23.0,121.0,82.0,26.0,239.0,491.0,95.0,246.0,1301.0,136.24,657.86,21.17,1.0,1.0,0.0,0.0,1.0,1.0,0.0,0.0,1.0,1.0,0.0,0.0,1.0,1.0,0.0,0.0,1.0,1.0,0.0,0.0,310.1,354.9,230.8,292.4,151.8,217.9,1,1,1,1,1,1,1,1,1,1,0.5439,0.617,0.0,0.0731,0.5439,0.617,0.0,0.0731,0.5439,0.617,0.0,0.0731,0.5439,0.617,0.0,0.0731,0.5439,0.617,0.0,0.0731
420031102004,42003110200,Allegheny,1251.0,40.472537,-79.923096,1561.0,74.0,926.0,219.0,0.0,42.0,0.0,0.0,300.0,1561.0,267.0,150.0,708.0,59.0,189.0,105.0,61.0,294.0,708.0,59.0,495.0,1400.64,146.67,708.25,22.79,1.0,1.0,0.0,0.0,1.0,1.0,0.0,0.0,1.0,1.0,0.0,0.0,1.0,1.0,0.0,0.0,1.0,1.0,0.0,0.0,331.9,382.1,255.2,321.1,167.4,235.8,1,1,1,1,1,1,1,1,1,1,0.7186,0.7186,0.0,0.0,0.7186,0.7186,0.0,0.0,0.7186,0.7186,0.0,0.0,0.7186,0.7186,0.0,0.0,0.7186,0.7186,0.0,0.0
420031106001,42003110600,Allegheny,1013.0,40.471114,-79.914448,724.0,34.0,618.0,23.0,0.0,16.0,0.0,0.0,33.0,724.0,122.0,200.0,359.0,26.0,10.0,32.0,61.0,230.0,359.0,34.0,160.0,981.45,75.14,440.9,0.0,0.2577,0.2577,0.0,0.0,0.2577,0.2577,0.0,0.0,0.1787,0.2577,0.0,0.079,0.1787,0.2577,0.0,0.079,0.0622,0.2577,0.0,0.1955,10.6,20.2,7.5,16.2,4.3,11.1,0,0,0,0,0,0,0,0,0,0,0.0,0.0,0.0,0.0,0.0,0.0,0.0,0.0,0.0,0.0,0.0,0.0,0.0,0.0,0.0,0.0,0.0,0.0,0.0,0.0
420031106002,42003110600,Allegheny,705.0,40.47486,-79.916366,697.0,10.0,626.0,43.0,0.0,18.0,0.0,0.0,0.0,697.0,65.0,216.0,323.0,48.0,8.0,36.0,9.0,222.0,323.0,8.0,123.0,683.04,52.3,306.85,0.0,0.6851,1.0,0.0,0.3149,0.6851,1.0,0.0,0.3149,0.6851,1.0,0.0,0.3149,0.6851,1.0,0.0,0.3149,0.6851,1.0,0.0,0.3149,85.2,111.2,67.1,101.6,42.7,69.1,1,1,1,1,1,1,1,1,1,1,0.2099,0.2099,0.0,0.0,0.2099,0.2099,0.0,0.0,0.2099,0.2099,0.0,0.0,0.2099,0.2099,0.0,0.0,0.2099,0.2099,0.0,0.0
420031106003,42003110600,Allegheny,722.0,40.470422,-79.918164,943.0,29.0,685.0,132.0,0.0,36.0,0.0,0.0,61.0,943.0,338.0,79.0,380.0,26.0,98.0,52.0,44.0,160.0,380.0,44.0,181.0,699.51,53.56,314.25,0.0,1.0,1.0,0.0,0.0,1.0,1.0,0.0,0.0,1.0,1.0,0.0,0.0,1.0,1.0,0.0,0.0,1.0,1.0,0.0,0.0,176.5,240.7,143.1,211.1,100.0,150.9,1,1,1,1,1,1,1,1,1,1,0.2244,0.2244,0.0,0.0,0.2244,0.2244,0.0,0.0,0.2244,0.2244,0.0,0.0,0.2244,0.2244,0.0,0.0,0.2244,0.2244,0.0,0.0
420031113001,42003111300,Allegheny,713.0,40.471118,-79.929348,1051.0,60.0,716.0,206.0,0.0,0.0,0.0,0.0,69.0,1051.0,242.0,90.0,449.0,45.0,91.0,27.0,32.0,254.0,449.0,66.0,206.0,752.97,80.47,322.97,5.1,1.0,1.0,0.0,0.0,1.0,1.0,0.0,0.0,1.0,1.0,0.0,0.0,1.0,1.0,0.0,0.0,1.0,1.0,0.0,0.0,298.0,358.3,232.4,300.0,155.5,223.8,1,1,1,1,1,1,1,1,1,1,0.9355,0.9355,0.0,0.0,0.9355,0.9355,0.0,0.0,0.9355,0.9355,0.0,0.0,0.5021,0.9355,0.0,0.4334,0.5021,0.7616,0.0,0.2595
420031113002,42003111300,Allegheny,697.0,40.469367,-79.923976,755.0,48.0,357.0,332.0,0.0,10.0,0.0,0.0,8.0,755.0,132.0,141.0,224.0,9.0,19.0,73.0,39.0,84.0,224.0,36.0,113.0,736.07,78.67,315.72,4.98,1.0,1.0,0.0,0.0,1.0,1.0,0.0,0.0,1.0,1.0,0.0,0.0,1.0,1.0,0.0,0.0,1.0,1.0,0.0,0.0,378.0,450.1,298.1,388.0,198.3,282.2,1,1,1,1,1,1,1,1,1,1,0.8723,0.8723,0.0,0.0,0.8723,0.8723,0.0,0.0,0.8723,0.8723,0.0,0.0,0.8723,0.8723,0.0,0.0,0.8723,0.8723,0.0,0.0
420031113003,42003111300,Allegheny,618.0,40.467979,-79.925541,502.0,59.0,286.0,21.0,0.0,0.0,0.0,0.0,136.0,502.0,69.0,11.0,250.0,16.0,46.0,49.0,82.0,57.0,250.0,60.0,123.0,652.64,69.75,279.94,4.42,1.0,1.0,0.0,0.0,1.0,1.0,0.0,0.0,1.0,1.0,0.0,0.0,1.0,1.0,0.0,0.0,1.0,1.0,0.0,0.0,428.2,464.9,334.7,397.5,218.1,291.0,1,1,1,1,1,1,1,1,1,1,0.6748,0.6748,0.0,0.0,0.6748,0.6748,0.0,0.0,0.6748,0.6748,0.0,0.0,0.411,0.6748,0.0,0.2638,0.411,0.6748,0.0,0.2638
420031113004,42003111300,Allegheny,630.0,40.467741,-79.919563,619.0,7.0,374.0,112.0,0.0,53.0,0.0,0.0,73.0,619.0,0.0,48.0,281.0,109.0,33.0,31.0,29.0,79.0,281.0,40.0,159.0,665.32,71.11,285.37,4.5,1.0,1.0,0.0,0.0,1.0,1.0,0.0,0.0,1.0,1.0,0.0,0.0,1.0,1.0,0.0,0.0,1.0,1.0,0.0,0.0,241.8,403.0,200.4,353.9,138.3,253.9,1,1,1,1,1,1,1,1,1,1,0.419,0.419,0.0,0.0,0.419,0.419,0.0,0.0,0.419,0.419,0.0,0.0,0.419,0.419,0.0,0.0,0.419,0.419,0.0,0.0
420031114001,42003111400,Allegheny,487.0,40.467387,-79.930193,757.0,26.0,271.0,446.0,0.0,3.0,0.0,0.0,11.0,757.0,29.0,122.0,406.0,96.0,78.0,50.0,84.0,98.0,406.0,109.0,204.0,496.65,87.27,265.42,2.41,1.0,1.0,0.0,0.0,1.0,1.0,0.0,0.0,1.0,1.0,0.0,0.0,1.0,1.0,0.0,0.0,1.0,1.0,0.0,0.0,318.3,317.4,244.3,273.6,168.4,199.1,1,1,1,1,1,1,1,1,1,1,1.0,1.0,0.0,0.0,1.0,1.0,0.0,0.0,1.0,1.0,0.0,0.0,0.6879,1.0,0.0,0.3121,0.6879,1.0,0.0,0.3121
420031114002,42003111400,Allegheny,724.0,40.466529,-79.933516,478.0,12.0,219.0,221.0,0.0,6.0,0.0,0.0,20.0,478.0,45.0,88.0,254.0,64.0,60.0,26.0,28.0,76.0,254.0,70.0,105.0,738.35,129.73,394.58,3.59,1.0,1.0,0.0,0.0,1.0,1.0,0.0,0.0,1.0,1.0,0.0,0.0,0.8494,1.0,0.0,0.1506,0.8494,1.0,0.0,0.1506,270.7,254.5,209.9,228.8,151.4,160.7,1,1,1,1,1,1,1,1,1,1,0.5732,0.5732,0.0,0.0,0.5732,0.5732,0.0,0.0,0.5732,0.5732,0.0,0.0,0.2721,0.5732,0.0,0.3011,0.2721,0.5732,0.0,0.3011
420031115001,42003111500,Allegheny,1284.0,40.460528,-79.930814,1183.0,0.0,533.0,353.0,0.0,291.0,0.0,0.0,6.0,1183.0,42.0,197.0,785.0,59.0,295.0,229.0,50.0,152.0,785.0,327.0,357.0,1352.77,276.52,780.81,40.75,1.0,1.0,0.0,0.0,1.0,1.0,0.0,0.0,1.0,1.0,0.0,0.0,1.0,1.0,0.0,0.0,1.0,1.0,0.0,0.0,1014.6,1062.5,644.6,774.7,480.0,583.9,1,1,1,1,1,1,1,1,1,1,0.8925,0.9245,0.0,0.0319,0.8925,0.9245,0.0,0.0319,0.8925,0.9245,0.0,0.0319,0.8925,0.9245,0.0,0.0319,0.8925,0.9245,0.0,0.0319
420031115002,42003111500,Allegheny,1369.0,40.464066,-79.925713,1580.0,20.0,412.0,980.0,0.0,86.0,0.0,0.0,82.0,1580.0,98.0,34.0,946.0,319.0,158.0,152.0,227.0,90.0,946.0,384.0,351.0,1442.32,294.83,832.49,43.45,1.0,1.0,0.0,0.0,1.0,1.0,0.0,0.0,1.0,1.0,0.0,0.0,1.0,1.0,0.0,0.0,1.0,1.0,0.0,0.0,771.4,893.6,552.5,720.5,404.8,525.0,1,1,1,1,1,1,1,1,1,1,0.7012,0.7363,0.0,0.0351,0.7012,0.7363,0.0,0.0351,0.7012,0.7363,0.0,0.0351,0.5595,0.7363,0.0,0.1768,0.5595,0.7261,0.0,0.1665
420031115003,42003111500,Allegheny,876.0,40.462326,-79.919125,955.0,0.0,45.0,696.0,0.0,0.0,0.0,52.0,162.0,955.0,214.0,58.0,415.0,58.0,38.0,82.0,130.0,107.0,415.0,168.0,240.0,922.92,188.65,532.7,27.8,1.0,1.0,0.0,0.0,1.0,1.0,0.0,0.0,1.0,1.0,0.0,0.0,1.0,1.0,0.0,0.0,1.0,1.0,0.0,0.0,671.8,934.8,479.8,762.4,381.3,553.2,1,1,1,1,1,1,1,1,1,1,0.3756,0.6712,0.0,0.2957,0.3756,0.6712,0.0,0.2957,0.3756,0.6712,0.0,0.2957,0.3756,0.6712,0.0,0.2957,0.3756,0.6712,0.0,0.2957
420031203001,42003120300,Allegheny,883.0,40.469309,-79.903758,1090.0,100.0,31.0,933.0,2.0,0.0,0.0,24.0,0.0,1090.0,378.0,160.0,417.0,156.0,109.0,20.0,41.0,91.0,417.0,129.0,186.0,934.47,177.96,377.63,29.14,1.0,0.9875,0.0125,0.0,1.0,0.9875,0.0125,0.0,1.0,0.9875,0.0125,0.0,1.0,0.9875,0.0125,0.0,0.3058,0.9875,0.0125,0.6942,92.2,105.3,60.1,75.1,42.5,54.5,1,1,1,1,1,1,1,1,0,1,0.5187,0.5187,0.0,0.0,0.5187,0.5187,0.0,0.0,0.5187,0.5187,0.0,0.0,0.5187,0.5187,0.0,0.0,0.0159,0.5187,0.0,0.5028
420031203002,42003120300,Allegheny,541.0,40.466614,-79.900776,417.0,0.0,0.0,417.0,0.0,0.0,0.0,0.0,0.0,417.0,99.0,115.0,192.0,98.0,79.0,0.0,7.0,8.0,192.0,40.0,74.0,572.53,109.04,231.37,17.86,1.0,1.0,0.0,0.0,1.0,1.0,0.0,0.0,1.0,1.0,0.0,0.0,1.0,1.0,0.0,0.0,0.9057,1.0,0.0,0.0943,173.9,186.6,105.4,135.7,89.7,105.4,1,1,1,1,1,1,1,1,1,1,0.658,0.658,0.0,0.0,0.658,0.658,0.0,0.0,0.658,0.658,0.0,0.0,0.6007,0.658,0.0,0.0573,0.3715,0.658,0.0,0.2865
420031209001,42003120900,Allegheny,565.0,40.464128,-79.910378,439.0,12.0,54.0,353.0,0.0,0.0,1.0,0.0,19.0,439.0,85.0,94.0,173.0,64.0,48.0,19.0,11.0,31.0,173.0,36.0,60.0,479.43,127.99,218.32,4.02,1.0,1.0,0.0,0.0,1.0,1.0,0.0,0.0,1.0,1.0,0.0,0.0,1.0,1.0,0.0,0.0,0.6956,1.0,0.0,0.3044,170.5,146.4,111.5,106.1,95.0,80.0,1,1,1,1,1,1,1,1,1,1,0.4867,0.5186,0.0,0.0319,0.4867,0.5186,0.0,0.0319,0.4867,0.5186,0.0,0.0319,0.4867,0.5186,0.0,0.0319,0.2124,0.5186,0.0,0.3062
420031209002,42003120900,Allegheny,980.0,40.46255,-79.912626,1034.0,23.0,243.0,722.0,0.0,0.0,0.0,0.0,46.0,1034.0,231.0,298.0,424.0,222.0,64.0,48.0,63.0,27.0,424.0,160.0,178.0,831.57,222.01,378.68,6.98,1.0,1.0,0.0,0.0,1.0,1.0,0.0,0.0,1.0,1.0,0.0,0.0,1.0,1.0,0.0,0.0,1.0,1.0,0.0,0.0,320.6,326.1,232.9,250.3,192.0,188.2,1,1,1,1,1,1,1,1,1,1,0.7541,0.7541,0.0,0.0,0.7541,0.7541,0.0,0.0,0.7541,0.7541,0.0,0.0,0.7541,0.7541,0.0,0.0,0.5918,0.7541,0.0,0.1622
420031302001,42003130200,Allegheny,485.0,40.458026,-79.891017,482.0,0.0,74.0,390.0,0.0,0.0,0.0,0.0,18.0,482.0,77.0,100.0,129.0,18.0,78.0,18.0,0.0,15.0,129.0,15.0,73.0,506.23,97.66,183.53,16.51,1.0,1.0,0.0,0.0,1.0,1.0,0.0,0.0,1.0,1.0,0.0,0.0,1.0,1.0,0.0,0.0,1.0,0.932,0.068,0.0,167.4,120.3,143.0,83.4,110.4,60.7,1,1,1,1,1,1,1,1,1,1,0.3588,0.3588,0.0,0.0,0.3588,0.3588,0.0,0.0,0.3588,0.3588,0.0,0.0,0.2907,0.3588,0.0,0.068,0.2907,0.2907,0.0,0.0
420031302002,42003130200,Allegheny,543.0,40.45996,-79.895512,591.0,94.0,0.0,485.0,0.0,0.0,0.0,0.0,12.0,591.0,79.0,183.0,260.0,58.0,33.0,99.0,30.0,40.0,260.0,81.0,116.0,566.77,109.34,205.47,18.49,1.0,1.0,0.0,0.0,1.0,1.0,0.0,0.0,1.0,1.0,0.0,0.0,1.0,1.0,0.0,0.0,0.6869,0.6869,0.0,0.0,132.7,100.2,112.3,67.3,84.7,50.1,1,1,1,1,1,1,1,1,1,1,1.0,1.0,0.0,0.0,1.0,1.0,0.0,0.0,1.0,1.0,0.0,0.0,0.2468,1.0,0.0,0.7532,0.1123,0.5157,0.0,0.4033
420031306001,42003130600,Allegheny,1010.0,40.454769,-79.878567,344.0,0.0,16.0,309.0,0.0,0.0,0.0,0.0,19.0,344.0,0.0,140.0,233.0,125.0,52.0,20.0,20.0,16.0,233.0,82.0,123.0,1394.86,275.55,430.26,3.84,0.999,0.999,0.0,0.0,0.999,0.999,0.0,0.0,0.999,0.999,0.0,0.0,0.999,0.999,0.0,0.0,0.4366,0.999,0.0,0.5624,147.5,122.1,120.1,90.8,89.9,64.1,1,1,1,1,1,1,1,1,0,1,0.4436,0.4297,0.0139,0.0,0.4436,0.4297,0.0139,0.0,0.4436,0.4297,0.0139,0.0,0.4436,0.3911,0.0525,0.0,0.1238,0.3911,0.0139,0.2812
420031306002,42003130600,Allegheny,1882.0,40.453519,-79.871847,3650.0,107.0,144.0,3319.0,0.0,53.0,0.0,0.0,27.0,3650.0,1683.0,293.0,999.0,458.0,164.0,146.0,67.0,164.0,999.0,315.0,379.0,2599.14,513.45,801.74,7.16,1.0,1.0,0.0,0.0,1.0,1.0,0.0,0.0,1.0,1.0,0.0,0.0,1.0,1.0,0.0,0.0,0.0,1.0,0.0,1.0,75.6,81.9,56.3,59.4,33.3,39.6,1,1,1,1,1,1,1,1,0,1,0.7083,0.7083,0.0,0.0,0.7083,0.7083,0.0,0.0,0.7083,0.7083,0.0,0.0,0.7083,0.7083,0.0,0.0,0.0,0.7083,0.0,0.7083
420031307001,42003130700,Allegheny,786.0,40.458164,-79.884921,1134.0,0.0,6.0,921.0,0.0,0.0,0.0,0.0,207.0,1134.0,427.0,39.0,426.0,173.0,112.0,46.0,45.0,50.0,426.0,234.0,160.0,822.29,86.32,374.86,7.05,0.9606,0.9606,0.0,0.0,0.9606,0.9606,0.0,0.0,0.9606,0.9606,0.0,0.0,0.9606,0.9606,0.0,0.0,0.7239,0.7112,0.2494,0.2366,100.6,80.5,82.4,56.2,64.5,40.4,1,1,1,1,1,1,1,1,1,1,0.126,0.126,0.0,0.0,0.126,0.126,0.0,0.0,0.126,0.126,0.0,0.0,0.126,0.0827,0.0433,0.0,0.0751,0.0827,0.0,0.0076
420031307002,42003130700,Allegheny,803.0,40.461393,-79.895604,655.0,48.0,0.0,607.0,0.0,0.0,0.0,0.0,0.0,655.0,140.0,199.0,295.0,55.0,90.0,101.0,32.0,17.0,295.0,73.0,130.0,840.07,88.18,382.96,7.2,1.0,1.0,0.0,0.0,1.0,1.0,0.0,0.0,1.0,1.0,0.0,0.0,1.0,1.0,0.0,0.0,1.0,0.7684,0.2316,0.0,165.1,138.5,115.8,96.7,91.8,77.1,1,1,1,1,1,1,1,1,0,0,0.533,0.533,0.0,0.0,0.533,0.533,0.0,0.0,0.533,0.533,0.0,0.0,0.3873,0.533,0.0,0.1457,0.1856,0.3263,0.0299,0.1706
420031307003,42003130700,Allegheny,642.0,40.45967,-79.90295,545.0,0.0,145.0,400.0,0.0,0.0,0.0,0.0,0.0,545.0,76.0,237.0,343.0,173.0,102.0,36.0,9.0,23.0,343.0,84.0,228.0,671.64,70.5,306.18,5.76,1.0,1.0,0.0,0.0,1.0,1.0,0.0,0.0,1.0,1.0,0.0,0.0,1.0,1.0,0.0,0.0,1.0,1.0,0.0,0.0,257.5,198.4,191.8,152.0,160.7,115.2,1,1,1,1,1,1,1,1,1,1,0.7601,0.7601,0.0,0.0,0.7601,0.7601,0.0,0.0,0.7601,0.7601,0.0,0.0,0.7601,0.7601,0.0,0.0,0.7601,0.7601,0.0,0.0
420031308001,42003130800,Allegheny,570.0,40.452402,-79.887816,752.0,50.0,66.0,550.0,0.0,0.0,0.0,0.0,86.0,752.0,134.0,144.0,385.0,122.0,194.0,20.0,18.0,31.0,385.0,41.0,274.0,551.34,116.02,236.58,0.0,1.0,1.0,0.0,0.0,1.0,1.0,0.0,0.0,1.0,1.0,0.0,0.0,1.0,1.0,0.0,0.0,1.0,1.0,0.0,0.0,372.8,332.3,262.9,235.8,192.5,178.9,1,1,1,1,1,1,1,1,1,1,0.7965,0.7965,0.0,0.0,0.7965,0.7965,0.0,0.0,0.7965,0.7965,0.0,0.0,0.7965,0.7649,0.0316,0.0,0.7965,0.7649,0.0316,0.0
420031308002,42003130800,Allegheny,885.0,40.455807,-79.897575,901.0,3.0,75.0,684.0,0.0,0.0,0.0,0.0,139.0,901.0,370.0,126.0,407.0,227.0,138.0,0.0,42.0,0.0,407.0,168.0,199.0,856.02,180.13,367.31,0.0,1.0,1.0,0.0,0.0,1.0,1.0,0.0,0.0,1.0,1.0,0.0,0.0,1.0,1.0,0.0,0.0,1.0,1.0,0.0,0.0,452.7,412.1,287.3,251.9,208.0,195.4,1,1,1,1,1,1,1,1,1,1,0.8215,0.8215,0.0,0.0,0.8215,0.8215,0.0,0.0,0.8215,0.8215,0.0,0.0,0.8124,0.8215,0.0,0.009,0.8215,0.8124,0.009,0.0
420031308003,42003130800,Allegheny,805.0,40.452123,-79.892304,533.0,0.0,80.0,418.0,0.0,0.0,0.0,0.0,35.0,533.0,303.0,25.0,146.0,93.0,0.0,53.0,0.0,0.0,146.0,100.0,28.0,778.64,163.85,334.11,0.0,1.0,1.0,0.0,0.0,1.0,1.0,0.0,0.0,1.0,1.0,0.0,0.0,1.0,1.0,0.0,0.0,1.0,1.0,0.0,0.0,410.6,397.8,244.4,245.3,171.5,192.0,1,1,1,1,1,1,1,1,1,1,0.6621,0.6621,0.0,0.0,0.6621,0.6621,0.0,0.0,0.6621,0.6621,0.0,0.0,0.6621,0.6621,0.0,0.0,0.6621,0.6621,0.0,0.0
420031401001,42003140100,Allegheny,3647.0,40.444854,-79.940522,3697.0,241.0,2111.0,197.0,0.0,981.0,0.0,0.0,167.0,3697.0,256.0,289.0,538.0,178.0,18.0,23.0,22.0,297.0,538.0,119.0,215.0,4071.25,256.9,685.08,0.0,1.0,1.0,0.0,0.0,1.0,1.0,0.0,0.0,1.0,1.0,0.0,0.0,1.0,1.0,0.0,0.0,0.9665,1.0,0.0,0.0335,892.1,891.9,646.4,731.6,446.6,538.8,1,1,1,1,1,1,1,1,1,1,0.6016,0.538,0.0636,0.0,0.6016,0.538,0.0636,0.0,0.6016,0.538,0.0636,0.0,0.6016,0.538,0.0636,0.0,0.5202,0.538,0.0636,0.0814
420031401002,42003140100,Allegheny,1921.0,40.441164,-79.934855,2549.0,198.0,1616.0,110.0,0.0,461.0,0.0,0.0,164.0,2549.0,428.0,189.0,510.0,22.0,20.0,16.0,34.0,418.0,510.0,10.0,176.0,2144.47,135.32,360.85,0.0,1.0,1.0,0.0,0.0,1.0,1.0,0.0,0.0,1.0,1.0,0.0,0.0,1.0,1.0,0.0,0.0,0.8225,1.0,0.0,0.1775,458.2,468.0,342.1,379.7,221.2,264.3,1,1,1,1,1,1,1,1,1,1,0.3555,0.3555,0.0,0.0,0.3555,0.3555,0.0,0.0,0.3555,0.3555,0.0,0.0,0.3555,0.3555,0.0,0.0,0.178,0.3555,0.0,0.1775
420031401003,42003140100,Allegheny,11.0,40.43887,-79.937816,0.0,0.0,0.0,0.0,0.0,0.0,0.0,0.0,0.0,0.0,0.0,0.0,0.0,0.0,0.0,0.0,0.0,0.0,0.0,0.0,0.0,12.28,0.77,2.07,0.0,1.0,1.0,0.0,0.0,1.0,1.0,0.0,0.0,1.0,1.0,0.0,0.0,1.0,1.0,0.0,0.0,1.0,1.0,0.0,0.0,485.0,500.0,394.0,408.0,249.0,278.0,1,1,1,1,1,1,1,1,1,1,0.0,0.0,0.0,0.0,0.0,0.0,0.0,0.0,0.0,0.0,0.0,0.0,0.0,0.0,0.0,0.0,0.0,0.0,0.0,0.0
420031402001,42003140200,Allegheny,1305.0,40.448989,-79.924069,1355.0,95.0,1049.0,35.0,7.0,122.0,0.0,0.0,47.0,1355.0,222.0,137.0,259.0,40.0,19.0,45.0,4.0,151.0,259.0,46.0,73.0,1194.8,56.98,401.72,4.71,1.0,1.0,0.0,0.0,1.0,1.0,0.0,0.0,1.0,1.0,0.0,0.0,1.0,1.0,0.0,0.0,1.0,1.0,0.0,0.0,359.2,327.9,310.0,279.8,227.6,201.5,1,1,1,1,1,1,1,1,1,1,0.4123,0.3931,0.0192,0.0,0.4123,0.3931,0.0192,0.0,0.4123,0.3931,0.0192,0.0,0.4123,0.3931,0.0192,0.0,0.3678,0.3931,0.0192,0.0444
420031402002,42003140200,Allegheny,1466.0,40.447307,-79.930192,1182.0,42.0,709.0,32.0,0.0,362.0,0.0,0.0,37.0,1182.0,185.0,75.0,594.0,158.0,106.0,121.0,29.0,180.0,594.0,216.0,199.0,1342.2,64.02,451.28,5.29,1.0,1.0,0.0,0.0,1.0,1.0,0.0,0.0,1.0,1.0,0.0,0.0,1.0,1.0,0.0,0.0,0.9447,1.0,0.0,0.0553,415.0,341.9,313.2,286.9,234.4,212.0,1,1,1,1,1,1,1,1,1,1,0.7483,0.2653,0.4829,0.0,0.7483,0.2653,0.4829,0.0,0.7483,0.2653,0.4829,0.0,0.7483,0.2653,0.4829,0.0,0.5252,0.2653,0.4829,0.2231
420031403001,42003140300,Allegheny,793.0,40.444285,-79.914282,937.0,0.0,736.0,0.0,0.0,89.0,0.0,0.0,112.0,937.0,272.0,97.0,343.0,21.0,18.0,83.0,48.0,173.0,343.0,37.0,180.0,761.54,48.54,299.99,0.0,1.0,1.0,0.0,0.0,1.0,1.0,0.0,0.0,1.0,1.0,0.0,0.0,1.0,1.0,0.0,0.0,1.0,1.0,0.0,0.0,168.3,131.7,88.1,99.5,62.0,80.0,1,1,1,1,1,1,1,1,1,1,0.6318,0.6318,0.0,0.0,0.6318,0.6318,0.0,0.0,0.6318,0.6318,0.0,0.0,0.6318,0.6318,0.0,0.0,0.4704,0.6318,0.0,0.1614
420031403002,42003140300,Allegheny,949.0,40.439801,-79.923684,978.0,76.0,772.0,33.0,0.0,37.0,0.0,20.0,40.0,978.0,195.0,244.0,334.0,0.0,8.0,34.0,35.0,257.0,334.0,22.0,149.0,911.35,58.09,359.0,0.0,1.0,1.0,0.0,0.0,1.0,1.0,0.0,0.0,1.0,1.0,0.0,0.0,1.0,1.0,0.0,0.0,1.0,1.0,0.0,0.0,609.9,605.5,488.6,497.3,311.8,344.0,1,1,1,1,1,1,1,1,1,1,0.568,0.2244,0.3435,0.0,0.568,0.2244,0.3435,0.0,0.568,0.2244,0.3435,0.0,0.2244,0.2244,0.0,0.0,0.4837,0.2244,0.2592,0.0
420031403003,42003140300,Allegheny,783.0,40.442573,-79.923909,549.0,46.0,433.0,0.0,0.0,11.0,0.0,27.0,32.0,549.0,36.0,77.0,249.0,9.0,70.0,0.0,9.0,161.0,249.0,0.0,103.0,751.94,47.93,296.2,0.0,1.0,1.0,0.0,0.0,1.0,1.0,0.0,0.0,1.0,1.0,0.0,0.0,1.0,1.0,0.0,0.0,1.0,1.0,0.0,0.0,235.0,223.6,151.3,174.4,103.1,132.7,1,1,1,1,1,1,1,1,1,1,0.7497,0.3793,0.3704,0.0,0.7497,0.3793,0.3704,0.0,0.7497,0.3793,0.3704,0.0,0.3793,0.3793,0.0,0.0,0.6948,0.3793,0.3704,0.0549
420031403004,42003140300,Allegheny,84.0,40.439519,-79.91457,123.0,7.0,24.0,0.0,0.0,92.0,0.0,0.0,0.0,123.0,3.0,24.0,48.0,37.0,0.0,0.0,4.0,7.0,48.0,0.0,41.0,80.67,5.14,31.78,0.0,1.0,1.0,0.0,0.0,1.0,1.0,0.0,0.0,1.0,1.0,0.0,0.0,1.0,1.0,0.0,0.0,1.0,1.0,0.0,0.0,253.0,300.0,196.0,241.0,125.0,164.0,1,1,1,1,1,1,1,1,1,1,0.0,0.0,0.0,0.0,0.0,0.0,0.0,0.0,0.0,0.0,0.0,0.0,0.0,0.0,0.0,0.0,0.0,0.0,0.0,0.0
420031403005,42003140300,Allegheny,920.0,40.440482,-79.916856,813.0,26.0,564.0,69.0,0.0,116.0,0.0,0.0,38.0,813.0,67.0,181.0,361.0,6.0,66.0,89.0,50.0,150.0,361.0,66.0,161.0,883.5,56.31,348.03,0.0,1.0,1.0,0.0,0.0,1.0,1.0,0.0,0.0,1.0,1.0,0.0,0.0,1.0,1.0,0.0,0.0,1.0,1.0,0.0,0.0,334.7,377.6,258.4,304.1,167.4,214.4,1,1,1,1,1,1,1,1,1,1,0.412,0.412,0.0,0.0,0.412,0.412,0.0,0.0,0.412,0.412,0.0,0.0,0.412,0.412,0.0,0.0,0.412,0.412,0.0,0.0
420031404001,42003140400,Allegheny,716.0,40.45149,-79.912354,613.0,67.0,434.0,7.0,0.0,89.0,0.0,0.0,16.0,613.0,153.0,120.0,245.0,37.0,15.0,11.0,11.0,171.0,245.0,12.0,72.0,681.31,50.79,271.29,1.24,1.0,1.0,0.0,0.0,1.0,1.0,0.0,0.0,1.0,1.0,0.0,0.0,1.0,1.0,0.0,0.0,1.0,1.0,0.0,0.0,409.7,431.6,302.9,365.5,223.2,269.7,1,1,1,1,1,1,1,1,1,1,0.338,0.338,0.0,0.0,0.338,0.338,0.0,0.0,0.338,0.338,0.0,0.0,0.338,0.338,0.0,0.0,0.338,0.338,0.0,0.0
420031404002,42003140400,Allegheny,669.0,40.44734,-79.914569,558.0,5.0,482.0,0.0,0.0,34.0,0.0,0.0,37.0,558.0,124.0,191.0,211.0,18.0,0.0,0.0,12.0,181.0,211.0,0.0,82.0,636.59,47.46,253.48,1.16,1.0,1.0,0.0,0.0,1.0,1.0,0.0,0.0,1.0,1.0,0.0,0.0,1.0,1.0,0.0,0.0,1.0,1.0,0.0,0.0,164.9,123.5,83.4,92.9,58.6,75.2,1,1,1,1,1,1,1,1,1,1,0.562,0.562,0.0,0.0,0.562,0.562,0.0,0.0,0.562,0.562,0.0,0.0,0.562,0.562,0.0,0.0,0.562,0.562,0.0,0.0
420031404003,42003140400,Allegheny,927.0,40.448242,-79.918108,1029.0,39.0,919.0,1.0,0.0,19.0,0.0,3.0,48.0,1029.0,124.0,207.0,420.0,46.0,26.0,24.0,12.0,312.0,420.0,5.0,168.0,882.09,65.76,351.23,1.6,1.0,1.0,0.0,0.0,1.0,1.0,0.0,0.0,1.0,1.0,0.0,0.0,1.0,1.0,0.0,0.0,1.0,1.0,0.0,0.0,120.8,140.3,88.5,111.0,63.3,83.5,1,1,1,1,1,1,1,1,1,1,0.274,0.274,0.0,0.0,0.274,0.274,0.0,0.0,0.274,0.274,0.0,0.0,0.274,0.274,0.0,0.0,0.274,0.274,0.0,0.0
420031405001,42003140500,Allegheny,736.0,40.450292,-79.899961,449.0,62.0,292.0,77.0,0.0,9.0,0.0,0.0,9.0,449.0,38.0,109.0,243.0,33.0,45.0,30.0,54.0,81.0,243.0,79.0,97.0,865.58,87.0,419.46,0.0,1.0,1.0,0.0,0.0,1.0,1.0,0.0,0.0,1.0,1.0,0.0,0.0,1.0,1.0,0.0,0.0,1.0,1.0,0.0,0.0,558.8,558.8,274.2,347.7,189.2,271.5,1,1,1,1,1,1,1,1,1,1,1.0,1.0,0.0,0.0,1.0,1.0,0.0,0.0,1.0,1.0,0.0,0.0,0.5965,1.0,0.0,0.4035,1.0,0.5965,0.4035,0.0
420031405002,42003140500,Allegheny,1252.0,40.45343,-79.907573,1889.0,48.0,1077.0,244.0,0.0,152.0,0.0,127.0,241.0,1889.0,179.0,183.0,890.0,59.0,111.0,53.0,336.0,331.0,890.0,130.0,481.0,1472.42,148.0,713.54,0.0,1.0,1.0,0.0,0.0,1.0,1.0,0.0,0.0,1.0,1.0,0.0,0.0,1.0,1.0,0.0,0.0,1.0,1.0,0.0,0.0,491.8,578.1,347.5,494.2,261.7,369.9,1,1,1,1,1,1,1,1,1,1,0.528,0.528,0.0,0.0,0.528,0.528,0.0,0.0,0.528,0.528,0.0,0.0,0.528,0.528,0.0,0.0,0.528,0.528,0.0,0.0
420031408001,42003140800,Allegheny,1993.0,40.432022,-79.91465,1904.0,72.0,1363.0,235.0,0.0,191.0,0.0,0.0,43.0,1904.0,482.0,453.0,700.0,38.0,52.0,92.0,137.0,381.0,700.0,65.0,293.0,2024.23,145.47,801.39,24.39,1.0,0.8841,0.1159,0.0,1.0,0.8841,0.1159,0.0,0.8841,0.8841,0.0,0.0,0.725,0.8841,0.0,0.1591,0.157,0.8841,0.0,0.727,88.5,146.3,59.6,102.7,35.3,75.9,1,1,1,1,1,1,1,1,0,1,0.7331,0.4827,0.3502,0.0998,0.7331,0.4827,0.3502,0.0998,0.3828,0.4827,0.0,0.0998,0.3096,0.4827,0.0,0.1731,0.0186,0.3843,0.0,0.3658
420031408002,42003140800,Allegheny,1822.0,40.435301,-79.91954,1970.0,43.0,1584.0,14.0,0.0,224.0,0.0,15.0,90.0,1970.0,538.0,209.0,684.0,79.0,77.0,97.0,54.0,377.0,684.0,152.0,276.0,1850.55,132.99,732.63,22.3,1.0,1.0,0.0,0.0,1.0,1.0,0.0,0.0,1.0,1.0,0.0,0.0,1.0,1.0,0.0,0.0,1.0,1.0,0.0,0.0,486.0,509.3,377.1,407.3,241.9,286.1,1,1,1,1,1,1,1,1,1,1,0.6207,0.5236,0.0971,0.0,0.6207,0.5236,0.0971,0.0,0.4566,0.5236,0.0,0.067,0.4566,0.5236,0.0,0.067,0.1965,0.2404,0.0,0.0439
420031408003,42003140800,Allegheny,843.0,40.430957,-79.92123,857.0,8.0,475.0,0.0,0.0,202.0,0.0,140.0,32.0,857.0,136.0,177.0,489.0,166.0,50.0,165.0,46.0,62.0,489.0,183.0,222.0,856.21,61.53,338.97,10.32,1.0,1.0,0.0,0.0,1.0,1.0,0.0,0.0,1.0,1.0,0.0,0.0,1.0,1.0,0.0,0.0,1.0,1.0,0.0,0.0,435.0,439.7,328.9,349.9,214.4,245.1,1,1,1,1,1,1,1,1,1,1,0.739,0.739,0.0,0.0,0.739,0.739,0.0,0.0,0.739,0.739,0.0,0.0,0.5777,0.739,0.0,0.1613,0.5777,0.739,0.0,0.1613
420031411001,42003141100,Allegheny,1339.0,40.421479,-79.903142,1369.0,22.0,1237.0,53.0,0.0,21.0,0.0,0.0,36.0,1369.0,193.0,371.0,611.0,69.0,94.0,68.0,55.0,325.0,611.0,0.0,285.0,1369.0,100.0,611.0,5.0,0.6811,0.6811,0.0,0.0,0.6811,0.6811,0.0,0.0,0.0,0.6811,0.0,0.6811,0.0,0.6811,0.0,0.6811,0.0,0.6811,0.0,0.6811,15.0,45.2,0.0,32.8,0.0,21.8,1,1,1,1,0,1,0,1,0,1,0.2771,0.2031,0.0739,0.0,0.2771,0.2031,0.0739,0.0,0.0,0.2031,0.0,0.2031,0.0,0.2031,0.0,0.2031,0.0,0.2031,0.0,0.2031
420031412001,42003141200,Allegheny,21.0,40.427746,-79.900219,10.0,0.0,10.0,0.0,0.0,0.0,0.0,0.0,0.0,10.0,0.0,10.0,10.0,0.0,10.0,0.0,0.0,0.0,10.0,10.0,0.0,22.0,2.25,9.61,0.0,0.0,0.0,0.0,0.0,0.0,0.0,0.0,0.0,0.0,0.0,0.0,0.0,0.0,0.0,0.0,0.0,0.0,0.0,0.0,0.0,0.0,0.0,0.0,0.0,0.0,0.0,0,0,0,0,0,0,0,0,0,0,0.0,0.0,0.0,0.0,0.0,0.0,0.0,0.0,0.0,0.0,0.0,0.0,0.0,0.0,0.0,0.0,0.0,0.0,0.0,0.0
420031412002,42003141200,Allegheny,2644.0,40.440253,-79.896707,2719.0,135.0,2171.0,192.0,0.0,129.0,0.0,12.0,80.0,2719.0,388.0,603.0,1201.0,106.0,87.0,198.0,125.0,685.0,1201.0,57.0,535.0,2769.37,283.07,1209.5,0.0,0.9043,0.9043,0.0,0.0,0.9043,0.9043,0.0,0.0,0.9043,0.9043,0.0,0.0,0.9043,0.9043,0.0,0.0,0.9043,0.9043,0.0,0.0,237.9,270.3,160.0,214.9,104.5,149.7,1,1,1,1,1,1,1,1,1,1,0.3741,0.6051,0.0106,0.2417,0.3741,0.6051,0.0106,0.2417,0.3741,0.6051,0.0106,0.2417,0.3635,0.5893,0.0,0.2258,0.3741,0.5893,0.0106,0.2258
420031412003,42003141200,Allegheny,1342.0,40.447684,-79.90663,1468.0,31.0,1224.0,48.0,0.0,39.0,0.0,39.0,87.0,1468.0,353.0,325.0,622.0,21.0,49.0,90.0,27.0,435.0,622.0,29.0,142.0,1405.63,143.68,613.9,0.0,1.0,0.8107,0.1893,0.0,1.0,0.8107,0.1893,0.0,1.0,0.8107,0.1893,0.0,0.8107,0.8107,0.0,0.0,1.0,0.8107,0.1893,0.0,194.9,144.2,114.5,111.3,75.7,87.0,1,1,1,1,1,1,1,1,1,1,0.3994,0.1498,0.2496,0.0,0.3994,0.1498,0.2496,0.0,0.3994,0.1498,0.2496,0.0,0.1498,0.1498,0.0,0.0,0.3994,0.1498,0.2496,0.0
420031413001,42003141300,Allegheny,1461.0,40.435909,-79.928064,1316.0,0.0,899.0,0.0,0.0,343.0,0.0,0.0,74.0,1316.0,114.0,308.0,713.0,234.0,132.0,77.0,93.0,177.0,713.0,306.0,265.0,1289.95,118.08,665.38,32.13,1.0,1.0,0.0,0.0,1.0,1.0,0.0,0.0,1.0,1.0,0.0,0.0,1.0,1.0,0.0,0.0,0.9062,0.9062,0.0,0.0,553.5,521.9,415.6,422.5,266.7,291.8,1,1,1,1,1,1,1,1,1,1,0.5975,0.5975,0.0,0.0,0.5975,0.5975,0.0,0.0,0.5975,0.5975,0.0,0.0,0.5975,0.5975,0.0,0.0,0.1725,0.1725,0.0,0.0
420031413002,42003141300,Allegheny,1536.0,40.431687,-79.929667,1356.0,80.0,1028.0,0.0,0.0,214.0,0.0,0.0,34.0,1356.0,85.0,309.0,630.0,82.0,117.0,98.0,35.0,298.0,630.0,129.0,282.0,1356.17,124.15,699.54,33.77,1.0,1.0,0.0,0.0,1.0,1.0,0.0,0.0,1.0,1.0,0.0,0.0,1.0,1.0,0.0,0.0,0.2598,0.2598,0.0,0.0,179.0,140.1,94.7,107.3,63.7,77.8,1,1,1,1,1,1,1,1,0,0,0.4863,0.3555,0.1309,0.0,0.4863,0.3555,0.1309,0.0,0.3555,0.3555,0.0,0.0,0.3555,0.3555,0.0,0.0,0.0,0.0,0.0,0.0
420031413003,42003141300,Allegheny,2051.0,40.432213,-79.925762,2045.0,77.0,1211.0,163.0,0.0,529.0,0.0,47.0,18.0,2045.0,238.0,406.0,956.0,276.0,144.0,92.0,165.0,279.0,956.0,270.0,488.0,1810.88,165.77,934.08,45.1,1.0,1.0,0.0,0.0,1.0,1.0,0.0,0.0,1.0,1.0,0.0,0.0,1.0,1.0,0.0,0.0,1.0,1.0,0.0,0.0,412.8,349.1,310.4,290.8,203.7,201.2,1,1,1,1,1,1,1,1,1,1,0.5822,0.5822,0.0,0.0,0.5822,0.5822,0.0,0.0,0.5822,0.5822,0.0,0.0,0.5822,0.5822,0.0,0.0,0.1511,0.1511,0.0,0.0
420031414001,42003141400,Allegheny,1029.0,40.421765,-79.92369,908.0,55.0,724.0,44.0,0.0,26.0,0.0,0.0,59.0,908.0,182.0,147.0,361.0,11.0,22.0,48.0,27.0,253.0,361.0,13.0,80.0,968.1,108.92,475.04,18.77,0.8581,0.3188,0.5394,0.0,0.8581,0.3188,0.5394,0.0,0.3188,0.3188,0.0,0.0,0.3188,0.3188,0.0,0.0,0.3188,0.3188,0.0,0.0,173.1,131.9,98.7,101.4,65.6,70.1,1,0,1,0,0,0,0,0,0,0,0.0,0.0,0.0,0.0,0.0,0.0,0.0,0.0,0.0,0.0,0.0,0.0,0.0,0.0,0.0,0.0,0.0,0.0,0.0,0.0
420031414002,42003141400,Allegheny,671.0,40.424426,-79.920462,712.0,0.0,502.0,23.0,0.0,0.0,0.0,0.0,187.0,712.0,114.0,193.0,309.0,28.0,19.0,17.0,16.0,229.0,309.0,0.0,89.0,631.29,71.02,309.77,12.24,1.0,0.9463,0.0537,0.0,1.0,0.9463,0.0537,0.0,0.9463,0.9463,0.0,0.0,0.9463,0.9463,0.0,0.0,0.1595,0.389,0.0,0.2295,118.0,107.7,76.9,80.5,46.7,58.4,1,1,1,1,1,1,1,1,0,0,0.149,0.1207,0.0283,0.0,0.149,0.1207,0.0283,0.0,0.1207,0.1207,0.0,0.0,0.0,0.1207,0.0,0.1207,0.0,0.0,0.0,0.0
420031414003,42003141400,Allegheny,1033.0,40.426866,-79.91923,978.0,206.0,591.0,0.0,0.0,125.0,0.0,56.0,0.0,978.0,231.0,71.0,380.0,22.0,54.0,6.0,25.0,273.0,380.0,0.0,127.0,971.87,109.34,476.88,18.84,1.0,1.0,0.0,0.0,1.0,1.0,0.0,0.0,1.0,1.0,0.0,0.0,0.8945,1.0,0.0,0.1055,0.5682,1.0,0.0,0.4318,275.2,316.9,203.1,244.1,129.4,173.3,1,1,1,1,1,1,1,1,0,1,0.4259,0.4705,0.0,0.0445,0.4259,0.4705,0.0,0.0445,0.4259,0.4705,0.0,0.0445,0.3543,0.4705,0.0,0.1162,0.0,0.3272,0.0,0.3272
420031414004,42003141400,Allegheny,1894.0,40.418931,-79.917978,2026.0,63.0,1396.0,61.0,0.0,247.0,0.0,1.0,258.0,2026.0,479.0,617.0,937.0,201.0,83.0,17.0,46.0,590.0,937.0,113.0,508.0,1781.91,200.47,874.36,34.54,0.4171,0.5026,0.0,0.0855,0.4171,0.5026,0.0,0.0855,0.4171,0.5026,0.0,0.0855,0.2798,0.5026,0.0,0.2228,0.2798,0.4905,0.0,0.2107,120.5,121.4,91.7,93.0,63.7,63.5,0,0,0,0,0,0,0,0,0,0,0.0343,0.0517,0.0,0.0174,0.0343,0.0517,0.0,0.0174,0.0343,0.0517,0.0,0.0174,0.0343,0.0517,0.0,0.0174,0.0343,0.0517,0.0,0.0174
420031414005,42003141400,Allegheny,966.0,40.428158,-79.923651,738.0,86.0,418.0,114.0,0.0,33.0,0.0,0.0,87.0,738.0,39.0,98.0,595.0,191.0,250.0,93.0,0.0,61.0,595.0,368.0,146.0,908.83,102.25,445.95,17.62,1.0,1.0,0.0,0.0,1.0,1.0,0.0,0.0,1.0,1.0,0.0,0.0,1.0,1.0,0.0,0.0,1.0,1.0,0.0,0.0,438.5,415.8,317.5,337.4,207.3,235.1,1,1,1,1,1,1,1,1,1,1,1.0,0.8851,0.1149,0.0,1.0,0.8851,0.1149,0.0,0.8851,0.8851,0.0,0.0,0.8851,0.8851,0.0,0.0,0.8851,0.8851,0.0,0.0
420031516001,42003151600,Allegheny,1160.0,40.423466,-79.941412,1252.0,93.0,984.0,0.0,0.0,136.0,0.0,0.0,39.0,1252.0,167.0,313.0,726.0,137.0,119.0,132.0,79.0,259.0,726.0,128.0,423.0,1214.35,268.23,630.58,11.57,1.0,1.0,0.0,0.0,1.0,1.0,0.0,0.0,1.0,1.0,0.0,0.0,1.0,1.0,0.0,0.0,0.0,1.0,0.0,1.0,111.8,93.1,40.9,50.2,30.7,33.9,1,1,1,1,1,1,1,1,0,1,0.6922,0.6922,0.0,0.0,0.6922,0.6922,0.0,0.0,0.6922,0.5052,0.1871,0.0,0.6922,0.6819,0.0103,0.0,0.0,0.4181,0.0,0.4181
420031516002,42003151600,Allegheny,1145.0,40.424872,-79.945618,1161.0,56.0,918.0,133.0,0.0,9.0,0.0,0.0,45.0,1161.0,106.0,276.0,527.0,68.0,94.0,116.0,12.0,237.0,527.0,74.0,283.0,1198.65,264.77,622.42,11.43,1.0,1.0,0.0,0.0,1.0,1.0,0.0,0.0,1.0,0.5633,0.4367,0.0,1.0,0.662,0.338,0.0,0.1834,0.3485,0.179,0.3441,136.8,67.3,53.5,23.7,41.7,16.8,1,1,1,1,1,0,1,0,0,0,0.2742,0.2786,0.0,0.0044,0.2742,0.2786,0.0,0.0044,0.2742,0.0,0.2742,0.0,0.2742,0.2367,0.0376,0.0,0.0,0.0,0.0,0.0
420031517001,42003151700,Allegheny,885.0,40.42314,-79.927872,1244.0,116.0,966.0,0.0,0.0,116.0,0.0,0.0,46.0,1244.0,105.0,58.0,720.0,294.0,36.0,0.0,172.0,218.0,720.0,123.0,455.0,738.93,125.71,416.07,20.54,1.0,1.0,0.0,0.0,1.0,1.0,0.0,0.0,1.0,1.0,0.0,0.0,1.0,1.0,0.0,0.0,1.0,1.0,0.0,0.0,469.4,422.1,318.1,318.5,211.7,220.6,1,1,1,1,1,1,1,1,1,1,1.0,0.8881,0.1119,0.0,1.0,0.8881,0.1119,0.0,0.8881,0.8881,0.0,0.0,0.8881,0.8881,0.0,0.0,0.8881,0.8881,0.0,0.0
420031517002,42003151700,Allegheny,649.0,40.427092,-79.93384,428.0,47.0,343.0,0.0,0.0,0.0,0.0,0.0,38.0,428.0,88.0,38.0,239.0,88.0,39.0,38.0,0.0,74.0,239.0,18.0,100.0,541.88,92.19,305.12,15.06,1.0,1.0,0.0,0.0,1.0,1.0,0.0,0.0,1.0,1.0,0.0,0.0,1.0,1.0,0.0,0.0,0.3914,0.7473,0.0,0.3559,260.9,201.2,142.9,148.0,96.8,101.9,1,1,1,1,1,0,1,1,0,0,0.8829,0.2743,0.6086,0.0,0.8829,0.2743,0.6086,0.0,0.2743,0.1371,0.1371,0.0,0.2743,0.2743,0.0,0.0,0.0,0.0755,0.0,0.0755
420031517003,42003151700,Allegheny,731.0,40.422717,-79.93866,500.0,67.0,433.0,0.0,0.0,0.0,0.0,0.0,0.0,500.0,74.0,106.0,264.0,38.0,107.0,17.0,80.0,22.0,264.0,19.0,136.0,610.35,103.84,343.67,16.96,1.0,1.0,0.0,0.0,1.0,1.0,0.0,0.0,1.0,1.0,0.0,0.0,1.0,1.0,0.0,0.0,0.0,1.0,0.0,1.0,98.5,106.0,39.2,55.8,29.4,38.7,1,1,1,1,1,1,1,1,0,1,0.8906,0.8906,0.0,0.0,0.8906,0.8906,0.0,0.0,0.8906,0.7538,0.1368,0.0,0.8906,0.8906,0.0,0.0,0.0,0.7538,0.0,0.7538
420031517004,42003151700,Allegheny,674.0,40.42157,-79.935289,486.0,26.0,422.0,38.0,0.0,0.0,0.0,0.0,0.0,486.0,0.0,184.0,253.0,0.0,61.0,65.0,26.0,101.0,253.0,45.0,125.0,562.75,95.74,316.87,15.64,1.0,1.0,0.0,0.0,1.0,1.0,0.0,0.0,1.0,0.9318,0.0682,0.0,1.0,1.0,0.0,0.0,0.0,0.9318,0.0,0.9318,86.2,121.3,40.9,69.5,30.7,50.3,1,1,1,1,1,1,1,1,0,1,0.684,0.684,0.0,0.0,0.684,0.684,0.0,0.0,0.684,0.3872,0.2967,0.0,0.5579,0.5579,0.0,0.0,0.0,0.3872,0.0,0.3872
420031517005,42003151700,Allegheny,898.0,40.421434,-79.931508,740.0,116.0,603.0,16.0,0.0,0.0,0.0,0.0,5.0,740.0,63.0,304.0,440.0,55.0,20.0,170.0,52.0,143.0,440.0,16.0,176.0,749.78,127.56,422.18,20.84,1.0,1.0,0.0,0.0,1.0,1.0,0.0,0.0,1.0,1.0,0.0,0.0,1.0,1.0,0.0,0.0,1.0,1.0,0.0,0.0,461.5,422.0,318.9,318.0,212.7,220.9,1,1,1,1,1,1,1,1,1,1,0.8318,0.8318,0.0,0.0,0.8318,0.8318,0.0,0.0,0.8318,0.549,0.2829,0.0,0.8318,0.8318,0.0,0.0,0.1169,0.549,0.0,0.4321
420031517006,42003151700,Allegheny,1119.0,40.425399,-79.931515,771.0,0.0,703.0,68.0,0.0,0.0,0.0,0.0,0.0,771.0,99.0,208.0,414.0,40.0,107.0,15.0,31.0,221.0,414.0,126.0,183.0,934.31,158.95,526.08,25.97,1.0,1.0,0.0,0.0,1.0,1.0,0.0,0.0,1.0,0.6926,0.3074,0.0,1.0,1.0,0.0,0.0,0.6926,0.6926,0.0,0.0,349.7,304.4,228.1,220.8,152.4,152.7,1,1,1,1,1,1,1,1,1,1,0.4567,0.4567,0.0,0.0,0.4567,0.4567,0.0,0.0,0.4567,0.0,0.4567,0.0,0.4567,0.4567,0.0,0.0,0.0,0.0,0.0,0.0
420031608001,42003160800,Allegheny,1872.0,40.42141,-79.970302,1504.0,22.0,1343.0,82.0,0.0,0.0,0.0,0.0,57.0,1504.0,62.0,225.0,889.0,201.0,242.0,143.0,130.0,173.0,889.0,51.0,451.0,1748.76,313.96,922.8,0.0,0.9824,0.9824,0.0,0.0,0.9824,0.9824,0.0,0.0,0.9824,0.9824,0.0,0.0,0.9824,0.9824,0.0,0.0,0.9824,0.9824,0.0,0.0,129.2,146.3,107.3,115.5,67.3,91.2,1,1,1,1,1,1,1,1,1,1,0.5652,0.5652,0.0,0.0,0.5652,0.5652,0.0,0.0,0.5652,0.5652,0.0,0.0,0.5652,0.5652,0.0,0.0,0.5652,0.5652,0.0,0.0
420031608002,42003160800,Allegheny,680.0,40.419412,-79.969622,880.0,145.0,642.0,43.0,0.0,9.0,0.0,0.0,41.0,880.0,175.0,85.0,369.0,61.0,46.0,35.0,120.0,107.0,369.0,40.0,230.0,635.24,114.04,335.2,0.0,1.0,1.0,0.0,0.0,1.0,1.0,0.0,0.0,1.0,1.0,0.0,0.0,1.0,1.0,0.0,0.0,1.0,1.0,0.0,0.0,76.1,86.3,74.1,72.0,44.0,60.0,1,1,1,1,1,1,1,1,1,1,0.4485,0.4485,0.0,0.0,0.4485,0.4485,0.0,0.0,0.4485,0.4485,0.0,0.0,0.4485,0.4485,0.0,0.0,0.4485,0.4485,0.0,0.0
420031609001,42003160900,Allegheny,1151.0,40.428992,-79.970552,1424.0,24.0,1240.0,63.0,0.0,69.0,0.0,0.0,28.0,1424.0,57.0,143.0,804.0,197.0,156.0,113.0,20.0,318.0,804.0,165.0,419.0,1190.66,131.52,668.53,4.3,1.0,1.0,0.0,0.0,1.0,1.0,0.0,0.0,1.0,1.0,0.0,0.0,1.0,1.0,0.0,0.0,1.0,1.0,0.0,0.0,259.1,437.7,199.3,349.0,148.8,267.5,1,1,1,1,1,1,1,1,1,1,0.8036,0.8036,0.0,0.0,0.8036,0.8036,0.0,0.0,0.8036,0.8036,0.0,0.0,0.8036,0.8036,0.0,0.0,0.8036,0.8036,0.0,0.0
420031609002,42003160900,Allegheny,1410.0,40.425325,-79.966091,1378.0,12.0,1164.0,111.0,0.0,51.0,0.0,0.0,40.0,1378.0,25.0,338.0,802.0,128.0,160.0,104.0,137.0,273.0,802.0,159.0,310.0,1458.58,161.12,818.96,5.26,0.9887,0.9887,0.0,0.0,0.9887,0.9887,0.0,0.0,0.9887,0.9887,0.0,0.0,0.9887,0.9887,0.0,0.0,0.9887,0.9887,0.0,0.0,174.9,330.0,136.5,257.9,98.2,202.5,1,1,1,1,1,1,1,1,1,1,0.6142,0.6142,0.0,0.0,0.6142,0.6142,0.0,0.0,0.6142,0.6142,0.0,0.0,0.6142,0.6142,0.0,0.0,0.6142,0.6142,0.0,0.0
420031609003,42003160900,Allegheny,922.0,40.426963,-79.973971,801.0,75.0,726.0,0.0,0.0,0.0,0.0,0.0,0.0,801.0,53.0,96.0,417.0,88.0,29.0,111.0,80.0,109.0,417.0,39.0,227.0,953.77,105.36,535.52,3.44,1.0,1.0,0.0,0.0,1.0,1.0,0.0,0.0,1.0,1.0,0.0,0.0,1.0,1.0,0.0,0.0,1.0,1.0,0.0,0.0,422.9,580.5,314.9,471.0,239.7,348.1,1,1,1,1,1,1,1,1,1,1,0.526,0.526,0.0,0.0,0.526,0.526,0.0,0.0,0.526,0.526,0.0,0.0,0.526,0.526,0.0,0.0,0.526,0.526,0.0,0.0
420031610001,42003161000,Allegheny,2666.0,40.414432,-79.972292,3200.0,83.0,1263.0,1562.0,0.0,37.0,0.0,0.0,255.0,3200.0,904.0,362.0,1146.0,300.0,234.0,113.0,250.0,249.0,1146.0,180.0,655.0,3200.0,451.0,1146.0,0.0,0.8421,0.8421,0.0,0.0,0.802,0.8421,0.0,0.0401,0.8421,0.8421,0.0,0.0,0.6073,0.8421,0.0,0.2348,0.8421,0.8275,0.0146,0.0,62.3,79.5,63.9,57.8,37.7,49.7,1,1,1,1,1,1,1,1,1,1,0.3597,0.3597,0.0,0.0,0.3567,0.3597,0.0,0.003,0.3597,0.3597,0.0,0.0,0.2303,0.3597,0.0,0.1294,0.3552,0.3327,0.0225,0.0
420031702001,42003170200,Allegheny,774.0,40.429035,-79.987804,676.0,0.0,495.0,165.0,0.0,16.0,0.0,0.0,0.0,676.0,21.0,87.0,391.0,88.0,70.0,55.0,28.0,150.0,391.0,82.0,180.0,725.04,73.05,415.36,12.82,1.0,1.0,0.0,0.0,1.0,1.0,0.0,0.0,1.0,1.0,0.0,0.0,1.0,1.0,0.0,0.0,1.0,1.0,0.0,0.0,336.8,387.1,247.0,279.0,158.4,197.1,1,1,1,1,1,1,1,1,1,1,0.9496,0.9496,0.0,0.0,0.9496,0.9496,0.0,0.0,0.9496,0.9496,0.0,0.0,0.9496,0.9496,0.0,0.0,0.9496,0.9496,0.0,0.0
420031702002,42003170200,Allegheny,825.0,40.430229,-79.98004,873.0,0.0,701.0,120.0,0.0,52.0,0.0,0.0,0.0,873.0,162.0,112.0,503.0,93.0,136.0,0.0,0.0,274.0,503.0,99.0,251.0,772.82,77.86,442.73,13.67,1.0,1.0,0.0,0.0,1.0,1.0,0.0,0.0,1.0,1.0,0.0,0.0,1.0,1.0,0.0,0.0,1.0,1.0,0.0,0.0,480.7,589.9,349.3,462.4,246.7,326.1,1,1,1,1,1,1,1,1,1,1,0.5261,0.5261,0.0,0.0,0.5261,0.5261,0.0,0.0,0.5261,0.5261,0.0,0.0,0.5261,0.5261,0.0,0.0,0.5261,0.5261,0.0,0.0
420031702003,42003170200,Allegheny,1249.0,40.427141,-79.985016,957.0,9.0,685.0,173.0,0.0,6.0,0.0,0.0,84.0,957.0,117.0,127.0,568.0,170.0,64.0,111.0,30.0,193.0,568.0,37.0,484.0,1170.0,117.88,670.27,20.69,1.0,1.0,0.0,0.0,1.0,1.0,0.0,0.0,1.0,1.0,0.0,0.0,1.0,1.0,0.0,0.0,1.0,1.0,0.0,0.0,359.6,396.0,261.0,291.6,165.0,204.3,1,1,1,1,1,1,1,1,1,1,0.3066,0.3066,0.0,0.0,0.3066,0.3066,0.0,0.0,0.3066,0.3066,0.0,0.0,0.3066,0.3066,0.0,0.0,0.3066,0.3066,0.0,0.0
420031702004,42003170200,Allegheny,1136.0,40.427159,-79.97966,1226.0,0.0,976.0,250.0,0.0,0.0,0.0,0.0,0.0,1226.0,0.0,110.0,676.0,60.0,231.0,82.0,98.0,205.0,676.0,96.0,435.0,1064.14,107.21,609.63,18.82,1.0,1.0,0.0,0.0,1.0,1.0,0.0,0.0,1.0,1.0,0.0,0.0,1.0,1.0,0.0,0.0,1.0,1.0,0.0,0.0,488.1,575.3,352.5,446.3,245.5,313.0,1,1,1,1,1,1,1,1,1,1,0.816,0.816,0.0,0.0,0.816,0.816,0.0,0.0,0.816,0.816,0.0,0.0,0.816,0.816,0.0,0.0,0.816,0.816,0.0,0.0
420031706001,42003170600,Allegheny,1132.0,40.423962,-79.983335,1088.0,50.0,1023.0,3.0,0.0,0.0,0.0,1.0,11.0,1088.0,18.0,190.0,617.0,85.0,105.0,178.0,64.0,185.0,617.0,94.0,244.0,1084.81,199.61,572.06,5.1,1.0,1.0,0.0,0.0,1.0,1.0,0.0,0.0,1.0,1.0,0.0,0.0,1.0,1.0,0.0,0.0,1.0,1.0,0.0,0.0,320.0,284.4,214.4,204.3,142.7,136.3,1,1,1,1,1,1,1,1,1,1,0.6608,0.6608,0.0,0.0,0.6608,0.6608,0.0,0.0,0.6608,0.6608,0.0,0.0,0.5671,0.6608,0.0,0.0936,0.6608,0.5671,0.0936,0.0
420031706002,42003170600,Allegheny,643.0,40.420284,-79.98464,613.0,45.0,340.0,188.0,0.0,29.0,0.0,0.0,11.0,613.0,25.0,82.0,280.0,41.0,90.0,18.0,31.0,100.0,280.0,31.0,149.0,616.19,113.39,324.94,2.9,1.0,1.0,0.0,0.0,1.0,1.0,0.0,0.0,1.0,1.0,0.0,0.0,1.0,1.0,0.0,0.0,1.0,1.0,0.0,0.0,403.8,346.6,277.3,256.5,183.1,179.1,1,1,1,1,1,1,1,1,1,1,0.4852,0.4852,0.0,0.0,0.4852,0.4852,0.0,0.0,0.4852,0.4852,0.0,0.0,0.4852,0.4852,0.0,0.0,0.4852,0.4852,0.0,0.0
420031803001,42003180300,Allegheny,1032.0,40.423422,-79.994066,1007.0,72.0,543.0,379.0,0.0,0.0,0.0,0.0,13.0,1007.0,175.0,135.0,565.0,246.0,61.0,57.0,152.0,49.0,565.0,157.0,278.0,822.47,156.26,440.56,0.0,1.0,1.0,0.0,0.0,1.0,1.0,0.0,0.0,1.0,1.0,0.0,0.0,0.9806,1.0,0.0,0.0194,1.0,0.9806,0.0194,0.0,184.6,197.0,163.3,136.9,110.1,113.6,1,1,1,1,1,1,1,1,1,1,0.6822,0.5455,0.1366,0.0,0.6822,0.5455,0.1366,0.0,0.6822,0.5455,0.1366,0.0,0.3731,0.5455,0.0,0.1725,0.6822,0.3731,0.3091,0.0
420031803002,42003180300,Allegheny,677.0,40.420821,-79.99289,522.0,35.0,252.0,223.0,0.0,0.0,0.0,0.0,12.0,522.0,22.0,94.0,250.0,11.0,136.0,11.0,13.0,79.0,250.0,103.0,119.0,539.54,102.5,289.01,0.0,1.0,1.0,0.0,0.0,1.0,1.0,0.0,0.0,1.0,1.0,0.0,0.0,1.0,1.0,0.0,0.0,1.0,1.0,0.0,0.0,286.5,267.7,224.8,190.6,150.5,147.9,1,1,1,1,1,1,1,1,1,1,0.805,0.805,0.0,0.0,0.805,0.805,0.0,0.0,0.805,0.805,0.0,0.0,0.805,0.805,0.0,0.0,0.805,0.805,0.0,0.0
420031803003,42003180300,Allegheny,596.0,40.419196,-79.992787,308.0,0.0,192.0,116.0,0.0,0.0,0.0,0.0,0.0,308.0,70.0,39.0,169.0,61.0,45.0,15.0,0.0,48.0,169.0,37.0,68.0,474.99,90.24,254.43,0.0,1.0,1.0,0.0,0.0,1.0,1.0,0.0,0.0,1.0,1.0,0.0,0.0,1.0,1.0,0.0,0.0,1.0,1.0,0.0,0.0,292.2,275.3,235.4,189.9,156.2,151.6,1,1,1,1,1,1,1,1,1,1,0.6007,0.5034,0.0973,0.0,0.6007,0.5034,0.0973,0.0,0.6007,0.5034,0.0973,0.0,0.6007,0.5034,0.0973,0.0,0.5034,0.5034,0.0,0.0
420031807001,42003180700,Allegheny,628.0,40.426416,-80.001514,476.0,0.0,440.0,13.0,0.0,23.0,0.0,0.0,0.0,476.0,9.0,28.0,277.0,22.0,42.0,27.0,45.0,141.0,277.0,9.0,123.0,733.99,85.16,334.52,2.76,1.0,0.551,0.449,0.0,1.0,0.551,0.449,0.0,1.0,0.551,0.449,0.0,0.414,0.551,0.0,0.1369,1.0,0.2611,0.7389,0.0,119.2,117.4,95.6,81.5,69.9,59.4,1,0,1,0,1,0,0,0,1,0,0.9889,0.0,0.9889,0.0,0.9889,0.0,0.9889,0.0,0.9889,0.0,0.9889,0.0,0.0,0.0,0.0,0.0,0.9889,0.0,0.9889,0.0
420031807002,42003180700,Allegheny,632.0,40.424673,-80.001182,429.0,0.0,354.0,49.0,0.0,0.0,0.0,18.0,8.0,429.0,0.0,62.0,241.0,25.0,73.0,23.0,47.0,73.0,241.0,19.0,91.0,738.67,85.71,336.66,2.77,1.0,0.8022,0.1978,0.0,1.0,0.8022,0.1978,0.0,1.0,0.8022,0.1978,0.0,0.8022,0.8022,0.0,0.0,1.0,0.8022,0.1978,0.0,156.5,140.5,143.4,97.2,97.8,83.4,1,0,1,0,1,0,0,0,1,0,0.8386,0.0,0.8386,0.0,0.8386,0.0,0.8386,0.0,0.8386,0.0,0.8386,0.0,0.0,0.0,0.0,0.0,0.8386,0.0,0.8386,0.0
420031807003,42003180700,Allegheny,790.0,40.422831,-80.000958,1491.0,178.0,870.0,373.0,0.0,0.0,0.0,14.0,56.0,1491.0,245.0,128.0,574.0,151.0,111.0,147.0,66.0,99.0,574.0,75.0,289.0,923.34,107.13,420.82,3.47,1.0,1.0,0.0,0.0,1.0,1.0,0.0,0.0,1.0,1.0,0.0,0.0,1.0,1.0,0.0,0.0,1.0,1.0,0.0,0.0,288.6,247.3,239.4,161.2,158.1,139.8,1,1,1,1,1,1,1,1,1,1,0.3025,0.2051,0.0975,0.0,0.3025,0.2051,0.0975,0.0,0.3025,0.2051,0.0975,0.0,0.2051,0.2051,0.0,0.0,0.3025,0.2051,0.0975,0.0
420031903001,42003190300,Allegheny,1214.0,40.434755,-80.015097,1435.0,76.0,1211.0,107.0,0.0,0.0,0.0,27.0,14.0,1435.0,213.0,325.0,780.0,73.0,73.0,68.0,74.0,492.0,780.0,11.0,463.0,1254.26,102.53,774.32,6.29,1.0,1.0,0.0,0.0,1.0,1.0,0.0,0.0,1.0,1.0,0.0,0.0,1.0,1.0,0.0,0.0,0.1409,0.8583,0.0,0.7175,142.7,146.3,86.0,100.5,75.4,82.5,1,1,1,1,1,1,1,1,0,1,0.6269,0.6269,0.0,0.0,0.6269,0.6269,0.0,0.0,0.6269,0.6269,0.0,0.0,0.6269,0.6269,0.0,0.0,0.0,0.5222,0.0,0.5222
420031903002,42003190300,Allegheny,716.0,40.4311,-80.015063,595.0,51.0,540.0,0.0,4.0,0.0,0.0,0.0,0.0,595.0,32.0,269.0,451.0,39.0,144.0,129.0,31.0,108.0,451.0,44.0,304.0,739.74,60.47,456.68,3.71,0.9232,0.9232,0.0,0.0,0.9232,0.9232,0.0,0.0,0.9232,0.9232,0.0,0.0,0.9232,0.9232,0.0,0.0,0.0,0.9232,0.0,0.9232,50.8,49.9,26.7,31.4,24.8,25.8,1,1,1,1,1,1,1,1,0,1,0.8492,0.8492,0.0,0.0,0.8492,0.8492,0.0,0.0,0.8492,0.8492,0.0,0.0,0.7053,0.8492,0.0,0.1439,0.0,0.5363,0.0,0.5363
420031911001,42003191100,Allegheny,935.0,40.43328,-80.021815,764.0,0.0,704.0,0.0,0.0,33.0,0.0,0.0,27.0,764.0,17.0,126.0,425.0,38.0,73.0,20.0,54.0,240.0,425.0,22.0,202.0,915.11,124.82,527.38,0.0,0.3594,0.3594,0.0,0.0,0.3594,0.3594,0.0,0.0,0.3594,0.3594,0.0,0.0,0.3594,0.3594,0.0,0.0,0.0,0.2342,0.0,0.2342,19.8,19.4,10.2,12.2,9.5,10.1,0,0,0,0,0,0,0,0,0,0,0.0,0.0,0.0,0.0,0.0,0.0,0.0,0.0,0.0,0.0,0.0,0.0,0.0,0.0,0.0,0.0,0.0,0.0,0.0,0.0
420031911002,42003191100,Allegheny,1462.0,40.437965,-80.023858,1582.0,48.0,1361.0,26.0,0.0,104.0,0.0,11.0,32.0,1582.0,142.0,517.0,927.0,196.0,123.0,34.0,104.0,470.0,927.0,10.0,578.0,1430.89,195.18,824.62,0.0,1.0,1.0,0.0,0.0,1.0,1.0,0.0,0.0,1.0,1.0,0.0,0.0,1.0,1.0,0.0,0.0,0.3201,1.0,0.0,0.6799,264.2,244.5,164.4,168.3,142.5,134.5,1,1,1,1,1,1,1,1,0,1,0.3632,0.3632,0.0,0.0,0.3632,0.3632,0.0,0.0,0.3632,0.3632,0.0,0.0,0.3632,0.3632,0.0,0.0,0.0,0.3126,0.0,0.3126
420031914001,42003191400,Allegheny,1337.0,40.429224,-80.007845,1266.0,43.0,1088.0,15.0,41.0,55.0,0.0,0.0,24.0,1266.0,116.0,274.0,801.0,184.0,90.0,56.0,162.0,309.0,801.0,187.0,409.0,1219.74,189.88,759.51,4.91,1.0,1.0,0.0,0.0,1.0,1.0,0.0,0.0,1.0,1.0,0.0,0.0,1.0,1.0,0.0,0.0,0.7719,0.4114,0.4159,0.0553,230.4,200.8,158.0,127.7,111.2,100.4,1,1,1,1,1,1,1,1,1,0,0.6896,0.6896,0.0,0.0,0.6896,0.6896,0.0,0.0,0.6896,0.6896,0.0,0.0,0.6896,0.6896,0.0,0.0,0.276,0.1586,0.276,0.1586
420031914002,42003191400,Allegheny,1388.0,40.426798,-80.012149,1220.0,16.0,1007.0,62.0,0.0,0.0,0.0,0.0,135.0,1220.0,91.0,189.0,747.0,75.0,167.0,274.0,63.0,168.0,747.0,101.0,424.0,1266.26,197.12,788.49,5.09,0.9625,0.9625,0.0,0.0,0.9625,0.9625,0.0,0.0,0.9625,0.9625,0.0,0.0,0.9625,0.9625,0.0,0.0,0.5432,0.1657,0.5432,0.1657,72.8,52.5,46.9,32.7,42.8,27.0,1,1,1,1,1,1,1,1,1,0,0.3393,0.397,0.0,0.0576,0.3393,0.397,0.0,0.0576,0.3393,0.397,0.0,0.0576,0.3393,0.397,0.0,0.0576,0.0,0.0,0.0,0.0
420031915001,42003191500,Allegheny,709.0,40.419918,-80.011241,361.0,13.0,348.0,0.0,0.0,0.0,0.0,0.0,0.0,361.0,16.0,69.0,197.0,30.0,0.0,53.0,35.0,79.0,197.0,0.0,77.0,636.16,73.91,321.08,0.0,1.0,1.0,0.0,0.0,1.0,1.0,0.0,0.0,1.0,1.0,0.0,0.0,1.0,1.0,0.0,0.0,1.0,0.7715,0.2285,0.0,345.4,229.9,247.0,137.9,165.1,119.9,1,1,1,1,1,1,1,1,1,1,0.9605,0.8307,0.1298,0.0,0.9605,0.8307,0.1298,0.0,0.9605,0.8307,0.1298,0.0,0.7884,0.8307,0.0,0.0423,0.6319,0.3963,0.2355,0.0
420031915002,42003191500,Allegheny,1296.0,40.422688,-80.009194,1438.0,75.0,1251.0,94.0,0.0,0.0,0.0,0.0,18.0,1438.0,5.0,214.0,711.0,133.0,106.0,127.0,126.0,219.0,711.0,130.0,258.0,1162.84,135.09,586.92,0.0,1.0,1.0,0.0,0.0,1.0,1.0,0.0,0.0,1.0,1.0,0.0,0.0,1.0,1.0,0.0,0.0,1.0,0.7469,0.2531,0.0,350.0,232.3,252.8,141.2,168.7,122.5,1,1,1,1,1,1,1,1,1,1,0.8565,0.4012,0.4552,0.0,0.8565,0.4012,0.4552,0.0,0.8565,0.4012,0.4552,0.0,0.4012,0.4012,0.0,0.0,0.8133,0.0,0.8133,0.0
420031916001,42003191600,Allegheny,776.0,40.421423,-80.024377,807.0,7.0,771.0,14.0,0.0,0.0,0.0,0.0,15.0,807.0,86.0,369.0,418.0,68.0,139.0,35.0,42.0,134.0,418.0,66.0,204.0,674.62,130.05,333.37,0.0,0.2629,0.2332,0.0296,0.0,0.2629,0.2332,0.0296,0.0,0.2629,0.0,0.2629,0.0,0.2629,0.0,0.2629,0.0,0.0,0.0,0.0,0.0,9.9,3.3,4.5,0.0,3.5,0.0,0,0,0,0,0,0,0,0,0,0,0.0,0.0,0.0,0.0,0.0,0.0,0.0,0.0,0.0,0.0,0.0,0.0,0.0,0.0,0.0,0.0,0.0,0.0,0.0,0.0
420031916002,42003191600,Allegheny,765.0,40.412883,-80.017587,737.0,15.0,522.0,144.0,0.0,9.0,0.0,0.0,47.0,737.0,209.0,89.0,274.0,18.0,37.0,29.0,0.0,190.0,274.0,42.0,83.0,665.06,128.21,328.65,0.0,0.6928,0.6928,0.0,0.0,0.6928,0.6928,0.0,0.0,0.6928,0.6928,0.0,0.0,0.281,0.6928,0.0,0.4118,0.6928,0.281,0.4118,0.0,70.0,63.0,46.7,36.2,31.2,32.3,1,1,1,1,1,1,0,1,1,0,0.0,0.0209,0.0,0.0209,0.0,0.0209,0.0,0.0209,0.0,0.0209,0.0,0.0209,0.0,0.0209,0.0,0.0209,0.0,0.0,0.0,0.0
420031916003,42003191600,Allegheny,668.0,40.411702,-80.020549,396.0,0.0,290.0,80.0,0.0,17.0,0.0,0.0,9.0,396.0,85.0,104.0,227.0,56.0,87.0,41.0,0.0,43.0,227.0,72.0,117.0,580.73,111.95,286.98,0.0,0.274,0.274,0.0,0.0,0.274,0.274,0.0,0.0,0.274,0.274,0.0,0.0,0.1841,0.274,0.0,0.0898,0.274,0.1841,0.0898,0.0,25.5,24.7,15.0,14.5,9.3,12.8,0,0,0,0,0,0,0,0,0,0,0.1841,0.1841,0.0,0.0,0.1841,0.1841,0.0,0.0,0.1841,0.1841,0.0,0.0,0.0,0.1841,0.0,0.1841,0.1841,0.0,0.1841,0.0
420031916004,42003191600,Allegheny,873.0,40.413627,-80.024495,753.0,41.0,523.0,162.0,0.0,0.0,0.0,0.0,27.0,753.0,59.0,124.0,415.0,50.0,51.0,107.0,97.0,110.0,415.0,50.0,256.0,758.95,146.31,375.05,0.0,0.1478,0.1478,0.0,0.0,0.1478,0.1478,0.0,0.0,0.1478,0.0,0.1478,0.0,0.1478,0.0,0.1478,0.0,0.0,0.0,0.0,0.0,5.9,2.1,2.7,0.0,2.1,0.0,0,0,0,0,0,0,0,0,0,0,0.0,0.0,0.0,0.0,0.0,0.0,0.0,0.0,0.0,0.0,0.0,0.0,0.0,0.0,0.0,0.0,0.0,0.0,0.0,0.0
420031916005,42003191600,Allegheny,1059.0,40.411581,-80.02711,907.0,216.0,575.0,98.0,4.0,0.0,0.0,0.0,14.0,907.0,94.0,156.0,445.0,37.0,91.0,115.0,81.0,121.0,445.0,46.0,221.0,920.65,177.48,454.95,0.0,0.7592,0.7592,0.0,0.0,0.7592,0.7592,0.0,0.0,0.7592,0.0,0.7592,0.0,0.7592,0.0,0.7592,0.0,0.0,0.0,0.0,0.0,24.4,8.5,11.0,0.0,8.5,0.0,1,1,1,1,1,0,1,0,0,0,0.0236,0.0236,0.0,0.0,0.0236,0.0236,0.0,0.0,0.0236,0.0,0.0236,0.0,0.0236,0.0,0.0236,0.0,0.0,0.0,0.0,0.0
420031917001,42003191700,Allegheny,2116.0,40.403488,-80.011425,2467.0,126.0,2041.0,20.0,0.0,243.0,0.0,10.0,27.0,2467.0,656.0,414.0,1088.0,155.0,133.0,383.0,54.0,363.0,1088.0,55.0,504.0,1976.22,238.99,920.41,12.48,0.3129,0.3129,0.0,0.0,0.3129,0.3129,0.0,0.0,0.3129,0.3129,0.0,0.0,0.3129,0.3129,0.0,0.0,0.0855,0.1158,0.0,0.0302,28.1,23.3,13.0,14.4,7.3,12.2,1,1,1,1,1,1,1,1,0,0,0.1508,0.1508,0.0,0.0,0.1508,0.1508,0.0,0.0,0.1508,0.1508,0.0,0.0,0.1508,0.1508,0.0,0.0,0.0,0.0,0.0,0.0
420031917002,42003191700,Allegheny,1275.0,40.401596,-80.01764,726.0,33.0,632.0,56.0,0.0,5.0,0.0,0.0,0.0,726.0,0.0,176.0,387.0,75.0,41.0,53.0,58.0,160.0,387.0,31.0,180.0,1190.78,144.01,554.59,7.52,1.0,1.0,0.0,0.0,1.0,1.0,0.0,0.0,1.0,1.0,0.0,0.0,1.0,1.0,0.0,0.0,0.6722,0.6722,0.0,0.0,103.3,91.4,52.4,54.2,31.1,46.8,1,1,1,1,1,1,1,1,1,1,0.5922,0.5922,0.0,0.0,0.5922,0.5922,0.0,0.0,0.5922,0.5922,0.0,0.0,0.4165,0.5922,0.0,0.1757,0.1757,0.0,0.1757,0.0
420031918001,42003191800,Allegheny,722.0,40.392283,-80.02029,404.0,18.0,386.0,0.0,0.0,0.0,0.0,0.0,0.0,404.0,0.0,133.0,307.0,32.0,76.0,82.0,64.0,53.0,307.0,54.0,152.0,788.67,139.81,362.1,0.0,1.0,1.0,0.0,0.0,1.0,1.0,0.0,0.0,1.0,1.0,0.0,0.0,1.0,1.0,0.0,0.0,0.0,1.0,0.0,1.0,73.0,92.0,28.0,64.0,15.0,56.0,1,1,1,1,1,1,1,1,0,1,0.5374,0.5374,0.0,0.0,0.5374,0.5374,0.0,0.0,0.5374,0.5374,0.0,0.0,0.5374,0.5374,0.0,0.0,0.0,0.5374,0.0,0.5374
420031918002,42003191800,Allegheny,657.0,40.39055,-80.022706,615.0,18.0,568.0,0.0,0.0,0.0,0.0,0.0,29.0,615.0,0.0,206.0,316.0,28.0,15.0,108.0,112.0,53.0,316.0,29.0,187.0,717.67,127.22,329.5,0.0,0.4018,0.5221,0.0,0.1202,0.4018,0.5221,0.0,0.1202,0.4018,0.5221,0.0,0.1202,0.4018,0.4018,0.0,0.0,0.0,0.3288,0.0,0.3288,26.6,37.8,10.2,26.7,5.4,23.6,0,0,0,0,0,0,0,0,0,0,0.0,0.0,0.0,0.0,0.0,0.0,0.0,0.0,0.0,0.0,0.0,0.0,0.0,0.0,0.0,0.0,0.0,0.0,0.0,0.0
420031918003,42003191800,Allegheny,648.0,40.389733,-80.016904,1043.0,73.0,861.0,79.0,0.0,24.0,0.0,0.0,6.0,1043.0,224.0,85.0,340.0,18.0,6.0,13.0,143.0,160.0,340.0,6.0,187.0,707.84,125.48,324.99,0.0,0.8241,0.7948,0.0293,0.0,0.8241,0.7948,0.0293,0.0,0.8241,0.7948,0.0293,0.0,0.8241,0.7948,0.0293,0.0,0.0,0.7948,0.0,0.7948,59.1,73.1,22.7,50.9,12.1,44.5,1,1,1,1,1,1,1,1,0,1,0.5247,0.358,0.1667,0.0,0.5247,0.358,0.1667,0.0,0.5247,0.358,0.1667,0.0,0.5247,0.358,0.1667,0.0,0.0,0.2608,0.0,0.2608
420031918004,42003191800,Allegheny,766.0,40.393471,-80.026548,590.0,13.0,482.0,51.0,0.0,30.0,0.0,0.0,14.0,590.0,0.0,75.0,295.0,44.0,105.0,12.0,0.0,134.0,295.0,0.0,184.0,836.74,148.33,384.17,0.0,0.6031,1.0,0.0,0.3969,0.6031,1.0,0.0,0.3969,0.6031,1.0,0.0,0.3969,0.4295,0.6031,0.0,0.1736,0.0679,0.4295,0.0679,0.4295,38.2,69.9,18.0,49.4,10.4,44.5,0,1,0,1,0,1,0,0,0,0,0.1305,0.4687,0.0,0.3381,0.1305,0.4687,0.0,0.3381,0.1305,0.4687,0.0,0.3381,0.1305,0.1305,0.0,0.0,0.0,0.1305,0.0,0.1305
420031918005,42003191800,Allegheny,702.0,40.385619,-80.013668,1284.0,0.0,1208.0,0.0,0.0,43.0,0.0,0.0,33.0,1284.0,192.0,42.0,494.0,41.0,72.0,70.0,145.0,166.0,494.0,54.0,271.0,766.83,135.94,352.07,0.0,0.688,0.0726,0.6154,0.0,0.688,0.0726,0.6154,0.0,0.688,0.0726,0.6154,0.0,0.688,0.0726,0.6154,0.0,0.0,0.0726,0.0,0.0726,28.7,6.7,10.6,4.6,5.4,4.1,1,0,1,0,1,0,1,0,0,0,0.0,0.0,0.0,0.0,0.0,0.0,0.0,0.0,0.0,0.0,0.0,0.0,0.0,0.0,0.0,0.0,0.0,0.0,0.0,0.0
420031918006,42003191800,Allegheny,941.0,40.386428,-80.009429,1248.0,0.0,1211.0,0.0,0.0,16.0,0.0,0.0,21.0,1248.0,257.0,334.0,509.0,0.0,160.0,81.0,62.0,206.0,509.0,0.0,233.0,1027.9,182.22,471.93,0.0,0.8087,0.5749,0.2338,0.0,0.8087,0.5749,0.2338,0.0,0.8087,0.5749,0.2338,0.0,0.8087,0.0946,0.7141,0.0,0.0,0.0946,0.0,0.0946,34.0,25.9,12.6,19.7,6.4,18.0,1,1,1,1,1,1,1,0,0,0,0.4835,0.0244,0.4591,0.0,0.4835,0.0244,0.4591,0.0,0.4835,0.0244,0.4591,0.0,0.4835,0.0,0.4835,0.0,0.0,0.0,0.0,0.0
420031918007,42003191800,Allegheny,816.0,40.390051,-80.012325,553.0,0.0,355.0,154.0,0.0,25.0,0.0,0.0,19.0,553.0,19.0,161.0,373.0,140.0,140.0,36.0,0.0,57.0,373.0,112.0,198.0,891.35,158.01,409.24,0.0,1.0,0.94,0.06,0.0,1.0,0.94,0.06,0.0,1.0,0.94,0.06,0.0,1.0,0.94,0.06,0.0,0.0,0.864,0.0,0.864,68.4,83.0,26.1,57.7,13.9,50.5,1,1,1,1,1,1,1,1,0,1,0.864,0.3811,0.4828,0.0,0.864,0.3811,0.4828,0.0,0.864,0.3811,0.4828,0.0,0.864,0.2537,0.6103,0.0,0.0,0.2537,0.0,0.2537
420031919001,42003191900,Allegheny,777.0,40.397121,-80.019921,825.0,0.0,730.0,26.0,0.0,16.0,0.0,0.0,53.0,825.0,64.0,166.0,425.0,32.0,167.0,53.0,22.0,151.0,425.0,57.0,194.0,828.04,156.33,387.25,0.0,0.8829,0.8829,0.0,0.0,0.8829,0.8829,0.0,0.0,0.8829,0.8829,0.0,0.0,0.8829,0.8829,0.0,0.0,0.417,0.8829,0.0,0.4659,83.6,98.6,40.4,64.8,23.3,57.2,1,1,1,1,1,1,1,1,0,1,0.417,0.417,0.0,0.0,0.417,0.417,0.0,0.0,0.417,0.417,0.0,0.0,0.3745,0.417,0.0,0.0425,0.0875,0.045,0.0425,0.0
420031919002,42003191900,Allegheny,814.0,40.394789,-80.019192,1140.0,87.0,1027.0,26.0,0.0,0.0,0.0,0.0,0.0,1140.0,227.0,163.0,456.0,61.0,51.0,108.0,72.0,164.0,456.0,57.0,238.0,867.47,163.77,405.69,0.0,1.0,1.0,0.0,0.0,1.0,1.0,0.0,0.0,1.0,1.0,0.0,0.0,1.0,1.0,0.0,0.0,0.1794,1.0,0.0,0.8206,81.4,101.7,35.0,69.4,19.3,61.0,1,1,1,1,1,1,1,1,0,1,0.7002,0.7002,0.0,0.0,0.7002,0.7002,0.0,0.0,0.7002,0.7002,0.0,0.0,0.7002,0.7002,0.0,0.0,0.0,0.7002,0.0,0.7002
420031919003,42003191900,Allegheny,586.0,40.39625,-80.026673,355.0,1.0,351.0,3.0,0.0,0.0,0.0,0.0,0.0,355.0,15.0,199.0,204.0,21.0,83.0,28.0,14.0,58.0,204.0,15.0,87.0,624.49,117.9,292.06,0.0,1.0,1.0,0.0,0.0,1.0,1.0,0.0,0.0,1.0,1.0,0.0,0.0,0.7594,1.0,0.0,0.2406,0.9113,0.7594,0.1519,0.0,93.2,127.4,54.9,82.3,33.9,74.4,1,1,1,1,1,1,1,1,1,1,0.5734,0.8259,0.0,0.2526,0.5734,0.8259,0.0,0.2526,0.5734,0.8259,0.0,0.2526,0.244,0.5239,0.0,0.2799,0.1553,0.1536,0.128,0.1263
420031920001,42003192000,Allegheny,682.0,40.405959,-80.022192,847.0,0.0,606.0,84.0,0.0,135.0,0.0,0.0,22.0,847.0,214.0,117.0,350.0,59.0,79.0,58.0,19.0,135.0,350.0,102.0,89.0,634.03,106.0,287.41,5.33,0.6334,0.6334,0.0,0.0,0.6334,0.6334,0.0,0.0,0.6334,0.6334,0.0,0.0,0.2273,0.6334,0.0,0.4062,0.6334,0.2273,0.4062,0.0,44.5,46.9,29.2,26.7,18.6,24.1,1,1,1,1,1,1,0,1,1,0,0.1818,0.1818,0.0,0.0,0.1818,0.1818,0.0,0.0,0.1818,0.1818,0.0,0.0,0.0,0.0806,0.0,0.0806,0.0806,0.0,0.0806,0.0
420031920002,42003192000,Allegheny,602.0,40.401496,-80.025883,418.0,28.0,303.0,81.0,0.0,0.0,0.0,0.0,6.0,418.0,28.0,141.0,185.0,8.0,60.0,14.0,28.0,75.0,185.0,21.0,112.0,559.66,93.57,253.69,4.7,0.8256,0.8256,0.0,0.0,0.8256,0.8256,0.0,0.0,0.8256,0.8256,0.0,0.0,0.3306,0.8256,0.0,0.495,0.8256,0.3306,0.495,0.0,60.5,62.6,39.0,36.0,24.8,32.4,1,1,1,1,1,1,0,1,1,0,0.4286,0.4286,0.0,0.0,0.4286,0.4286,0.0,0.0,0.4286,0.4286,0.0,0.0,0.0,0.3306,0.0,0.3306,0.3306,0.0,0.3306,0.0
420031920003,42003192000,Allegheny,694.0,40.404835,-80.030501,645.0,11.0,634.0,0.0,0.0,0.0,0.0,0.0,0.0,645.0,104.0,84.0,302.0,55.0,29.0,99.0,34.0,85.0,302.0,61.0,63.0,645.19,107.87,292.46,5.42,0.4683,0.4683,0.0,0.0,0.4683,0.4683,0.0,0.0,0.4683,0.0,0.4683,0.0,0.4683,0.0,0.4683,0.0,0.0,0.0,0.0,0.0,18.7,5.5,8.4,0.0,6.6,0.0,1,1,1,1,1,0,1,0,0,0,0.0,0.0,0.0,0.0,0.0,0.0,0.0,0.0,0.0,0.0,0.0,0.0,0.0,0.0,0.0,0.0,0.0,0.0,0.0,0.0
420031920004,42003192000,Allegheny,898.0,40.40133,-80.029742,1031.0,32.0,513.0,208.0,0.0,0.0,0.0,7.0,271.0,1031.0,92.0,252.0,453.0,8.0,161.0,112.0,69.0,103.0,453.0,28.0,276.0,834.84,139.57,378.43,7.02,0.4254,0.4254,0.0,0.0,0.4254,0.4254,0.0,0.0,0.4254,0.4254,0.0,0.0,0.0,0.3174,0.0,0.3174,0.3174,0.0,0.3174,0.0,16.6,23.1,13.4,13.5,8.9,12.6,0,0,0,0,0,0,0,0,0,0,0.0791,0.0791,0.0,0.0,0.0791,0.0791,0.0,0.0,0.0791,0.0791,0.0,0.0,0.0,0.0791,0.0,0.0791,0.0,0.0,0.0,0.0
420031920005,42003192000,Allegheny,579.0,40.408476,-80.02359,271.0,8.0,221.0,30.0,0.0,0.0,0.0,12.0,0.0,271.0,18.0,53.0,166.0,43.0,23.0,47.0,30.0,23.0,166.0,9.0,119.0,538.28,89.99,244.0,4.52,0.2142,0.2142,0.0,0.0,0.2142,0.2142,0.0,0.0,0.2142,0.2142,0.0,0.0,0.0,0.2142,0.0,0.2142,0.2142,0.0,0.2142,0.0,9.4,11.7,7.7,6.4,5.1,6.0,0,0,0,0,0,0,0,0,0,0,0.0,0.0,0.0,0.0,0.0,0.0,0.0,0.0,0.0,0.0,0.0,0.0,0.0,0.0,0.0,0.0,0.0,0.0,0.0,0.0
420032022001,42003202200,Allegheny,1299.0,40.452412,-80.063982,1224.0,74.0,877.0,104.0,0.0,0.0,0.0,0.0,169.0,1224.0,111.0,213.0,648.0,56.0,231.0,133.0,99.0,129.0,648.0,93.0,318.0,1287.28,234.33,608.75,24.45,1.0,1.0,0.0,0.0,1.0,1.0,0.0,0.0,1.0,1.0,0.0,0.0,1.0,1.0,0.0,0.0,1.0,0.0785,0.9215,0.0,119.6,65.4,69.8,42.0,60.1,35.5,1,1,1,1,1,1,1,1,1,0,0.6898,0.6898,0.0,0.0,0.6898,0.6898,0.0,0.0,0.6898,0.6898,0.0,0.0,0.6898,0.6898,0.0,0.0,0.6898,0.0,0.6898,0.0
420032022002,42003202200,Allegheny,549.0,40.455165,-80.062782,521.0,0.0,209.0,312.0,0.0,0.0,0.0,0.0,0.0,521.0,141.0,14.0,164.0,68.0,41.0,13.0,42.0,0.0,164.0,109.0,0.0,544.05,99.04,257.28,10.33,1.0,1.0,0.0,0.0,1.0,1.0,0.0,0.0,1.0,1.0,0.0,0.0,1.0,1.0,0.0,0.0,1.0,0.0,1.0,0.0,103.9,55.5,60.3,34.0,51.0,28.0,1,1,1,1,1,1,1,1,1,0,0.8597,0.8597,0.0,0.0,0.8597,0.8597,0.0,0.0,0.8597,0.8597,0.0,0.0,0.8597,0.8597,0.0,0.0,0.8597,0.0,0.8597,0.0
420032022003,42003202200,Allegheny,702.0,40.458386,-80.063829,782.0,100.0,462.0,99.0,2.0,81.0,0.0,0.0,38.0,782.0,111.0,139.0,383.0,56.0,28.0,195.0,24.0,80.0,383.0,40.0,146.0,695.67,126.64,328.98,13.21,1.0,1.0,0.0,0.0,1.0,1.0,0.0,0.0,1.0,1.0,0.0,0.0,1.0,1.0,0.0,0.0,1.0,0.0,1.0,0.0,117.3,54.0,67.1,34.0,57.3,28.0,1,1,1,1,1,1,1,1,1,0,0.9316,0.9117,0.0199,0.0,0.9316,0.9117,0.0199,0.0,0.9316,0.9117,0.0199,0.0,0.9316,0.9117,0.0199,0.0,0.9316,0.0,0.9316,0.0
420032023001,42003202300,Allegheny,818.0,40.418663,-80.035167,530.0,0.0,518.0,12.0,0.0,0.0,0.0,0.0,0.0,530.0,17.0,56.0,334.0,31.0,15.0,151.0,85.0,52.0,334.0,16.0,167.0,736.93,81.86,376.99,25.17,0.7763,0.7763,0.0,0.0,0.7763,0.7763,0.0,0.0,0.7763,0.0,0.7763,0.0,0.7763,0.0,0.7763,0.0,0.0,0.0,0.0,0.0,31.1,10.9,14.0,0.0,10.9,0.0,0,0,0,0,0,0,0,0,0,0,0.0122,0.0,0.0122,0.0,0.0122,0.0,0.0122,0.0,0.0122,0.0,0.0122,0.0,0.0122,0.0,0.0122,0.0,0.0,0.0,0.0,0.0
420032023002,42003202300,Allegheny,1107.0,40.4031,-80.04573,1048.0,0.0,822.0,79.0,0.0,14.0,0.0,0.0,133.0,1048.0,95.0,234.0,542.0,75.0,75.0,121.0,101.0,170.0,542.0,22.0,150.0,997.29,110.78,510.18,34.07,0.6902,0.8627,0.0,0.1725,0.6902,0.8627,0.0,0.1725,0.6902,0.7895,0.0732,0.1725,0.6902,0.4724,0.2177,0.0,0.0,0.0,0.0,0.0,26.5,36.7,12.0,22.7,9.4,21.2,1,1,1,1,1,1,1,1,0,0,0.2105,0.1834,0.1608,0.1337,0.2105,0.1834,0.1608,0.1337,0.2105,0.1834,0.1608,0.1337,0.2105,0.0497,0.1608,0.0,0.0,0.0,0.0,0.0
420032023003,42003202300,Allegheny,925.0,40.40799,-80.042296,1403.0,3.0,900.0,479.0,0.0,21.0,0.0,0.0,0.0,1403.0,360.0,430.0,536.0,101.0,64.0,30.0,109.0,232.0,536.0,0.0,147.0,833.33,92.57,426.3,28.46,0.9654,0.9654,0.0,0.0,0.9654,0.9654,0.0,0.0,0.9654,0.6303,0.3351,0.0,0.9654,0.0,0.9654,0.0,0.0,0.0,0.0,0.0,48.0,35.1,22.2,18.9,18.7,17.6,0,0,0,0,0,0,0,0,0,0,0.0173,0.0076,0.0097,0.0,0.0173,0.0076,0.0097,0.0,0.0173,0.0,0.0173,0.0,0.0173,0.0,0.0173,0.0,0.0,0.0,0.0,0.0
420032023004,42003202300,Allegheny,1277.0,40.413531,-80.035579,769.0,0.0,723.0,0.0,0.0,30.0,0.0,0.0,16.0,769.0,110.0,83.0,490.0,64.0,134.0,69.0,62.0,161.0,490.0,31.0,331.0,1150.44,127.79,588.53,39.3,0.7181,0.7181,0.0,0.0,0.7181,0.7181,0.0,0.0,0.7181,0.0,0.7181,0.0,0.7181,0.0,0.7181,0.0,0.0,0.0,0.0,0.0,28.7,10.1,12.9,0.0,10.1,0.0,0,0,0,0,0,0,0,0,0,0,0.0626,0.0626,0.0,0.0,0.0626,0.0626,0.0,0.0,0.0626,0.0,0.0626,0.0,0.0626,0.0,0.0626,0.0,0.0,0.0,0.0,0.0
420032413001,42003241300,Allegheny,1577.0,40.463279,-79.983408,1900.0,81.0,1482.0,105.0,0.0,76.0,0.0,82.0,74.0,1900.0,267.0,213.0,1031.0,129.0,270.0,76.0,213.0,343.0,1031.0,209.0,411.0,1749.33,330.26,876.99,0.0,1.0,1.0,0.0,0.0,1.0,1.0,0.0,0.0,1.0,1.0,0.0,0.0,1.0,1.0,0.0,0.0,0.6696,0.993,0.0,0.3234,160.1,155.9,94.8,96.0,73.4,74.6,1,1,1,1,1,1,1,1,1,1,0.6303,0.6005,0.0298,0.0,0.6303,0.6005,0.0298,0.0,0.6303,0.6005,0.0298,0.0,0.6303,0.6005,0.0298,0.0,0.1116,0.4692,0.0,0.3576
420032413002,42003241300,Allegheny,1068.0,40.461328,-79.986382,956.0,37.0,576.0,317.0,0.0,10.0,0.0,0.0,16.0,956.0,31.0,123.0,479.0,44.0,32.0,121.0,112.0,170.0,479.0,51.0,278.0,1184.71,223.67,593.93,0.0,1.0,1.0,0.0,0.0,1.0,1.0,0.0,0.0,1.0,1.0,0.0,0.0,1.0,1.0,0.0,0.0,0.574,0.574,0.0,0.0,118.7,136.7,66.4,66.8,51.1,51.3,1,1,1,1,1,1,1,1,0,0,0.7856,0.7612,0.0243,0.0,0.7856,0.7612,0.0243,0.0,0.7856,0.7612,0.0243,0.0,0.7856,0.7612,0.0243,0.0,0.0,0.0,0.0,0.0
420032413003,42003241300,Allegheny,750.0,40.465038,-79.990001,910.0,13.0,700.0,135.0,0.0,0.0,0.0,0.0,62.0,910.0,182.0,218.0,378.0,55.0,66.0,133.0,106.0,18.0,378.0,32.0,217.0,831.96,157.07,417.08,0.0,1.0,0.6507,0.3493,0.0,1.0,0.6507,0.3493,0.0,0.8627,0.5947,0.268,0.0,0.8627,0.6507,0.212,0.0,0.5627,0.5627,0.0,0.0,86.8,92.3,61.7,49.7,42.0,36.9,1,1,1,1,1,1,1,1,1,1,0.8813,0.6173,0.264,0.0,0.8813,0.6173,0.264,0.0,0.3027,0.232,0.0707,0.0,0.3027,0.2867,0.0707,0.0547,0.232,0.232,0.0,0.0
420032509001,42003250900,Allegheny,697.0,40.460906,-80.005698,799.0,51.0,301.0,374.0,0.0,0.0,0.0,20.0,53.0,799.0,214.0,93.0,373.0,136.0,104.0,37.0,16.0,80.0,373.0,124.0,123.0,767.31,125.34,371.73,17.12,1.0,1.0,0.0,0.0,1.0,1.0,0.0,0.0,1.0,1.0,0.0,0.0,1.0,1.0,0.0,0.0,0.9053,0.9053,0.0,0.0,126.2,133.2,80.9,95.3,54.4,74.7,1,1,1,1,1,1,1,1,1,1,0.9957,1.0,0.0,0.0043,0.9957,1.0,0.0,0.0043,0.9957,1.0,0.0,0.0043,0.9957,1.0,0.0,0.0043,0.4548,0.4548,0.0,0.0
420032509002,42003250900,Allegheny,443.0,40.463698,-80.00603,456.0,11.0,192.0,130.0,0.0,116.0,0.0,0.0,7.0,456.0,109.0,38.0,235.0,51.0,14.0,84.0,5.0,81.0,235.0,25.0,137.0,487.69,79.66,236.27,10.88,1.0,1.0,0.0,0.0,1.0,1.0,0.0,0.0,1.0,1.0,0.0,0.0,1.0,1.0,0.0,0.0,0.9345,0.9345,0.0,0.0,110.0,124.0,72.2,93.9,48.2,72.4,1,1,1,1,1,1,1,1,1,1,0.4808,0.4808,0.0,0.0,0.4808,0.4808,0.0,0.0,0.4808,0.4808,0.0,0.0,0.4808,0.4808,0.0,0.0,0.0135,0.0135,0.0,0.0
420032602001,42003260200,Allegheny,628.0,40.490409,-80.013807,416.0,19.0,365.0,17.0,0.0,0.0,0.0,0.0,15.0,416.0,38.0,24.0,213.0,16.0,22.0,27.0,35.0,113.0,213.0,13.0,57.0,634.3,170.81,271.67,0.0,1.0,1.0,0.0,0.0,1.0,1.0,0.0,0.0,1.0,1.0,0.0,0.0,1.0,1.0,0.0,0.0,1.0,1.0,0.0,0.0,143.3,122.4,119.5,109.0,77.7,77.5,1,1,1,1,1,1,1,1,1,1,0.3471,0.336,0.0111,0.0,0.3471,0.336,0.0111,0.0,0.3471,0.336,0.0111,0.0,0.3471,0.336,0.0111,0.0,0.336,0.336,0.0,0.0
420032602002,42003260200,Allegheny,1464.0,40.491212,-80.021055,1701.0,62.0,1214.0,290.0,0.0,0.0,0.0,0.0,135.0,1701.0,417.0,255.0,692.0,162.0,76.0,117.0,107.0,230.0,692.0,81.0,341.0,1478.7,398.19,633.33,0.0,0.9119,0.9044,0.0075,0.0,0.9119,0.9044,0.0075,0.0,0.9119,0.9044,0.0075,0.0,0.9119,0.9044,0.0075,0.0,0.9119,0.9044,0.0075,0.0,143.4,143.4,97.2,104.9,71.6,77.1,1,1,1,1,1,1,1,1,1,1,0.3661,0.3661,0.0,0.0,0.3661,0.3661,0.0,0.0,0.3661,0.3661,0.0,0.0,0.3661,0.3661,0.0,0.0,0.3661,0.3661,0.0,0.0
420032607001,42003260700,Allegheny,718.0,40.485056,-80.012564,543.0,6.0,312.0,214.0,0.0,0.0,0.0,0.0,11.0,543.0,42.0,80.0,224.0,32.0,36.0,26.0,65.0,65.0,224.0,22.0,99.0,727.12,90.35,277.56,4.78,1.0,1.0,0.0,0.0,1.0,1.0,0.0,0.0,1.0,1.0,0.0,0.0,1.0,1.0,0.0,0.0,1.0,1.0,0.0,0.0,210.5,198.4,170.6,166.0,112.1,119.1,1,1,1,1,1,1,1,1,1,1,0.1588,0.1588,0.0,0.0,0.1588,0.1588,0.0,0.0,0.1588,0.1588,0.0,0.0,0.1588,0.1588,0.0,0.0,0.1588,0.1588,0.0,0.0
420032607002,42003260700,Allegheny,935.0,40.479609,-80.011892,1131.0,35.0,648.0,244.0,0.0,18.0,0.0,50.0,136.0,1131.0,247.0,111.0,415.0,72.0,68.0,28.0,108.0,139.0,415.0,45.0,131.0,946.88,117.65,361.44,6.22,1.0,1.0,0.0,0.0,1.0,1.0,0.0,0.0,1.0,1.0,0.0,0.0,1.0,1.0,0.0,0.0,1.0,1.0,0.0,0.0,175.8,116.5,133.1,87.9,88.7,66.7,1,1,1,1,1,1,1,1,1,1,0.4909,0.4909,0.0,0.0,0.4909,0.4909,0.0,0.0,0.4909,0.4909,0.0,0.0,0.4909,0.4909,0.0,0.0,0.4909,0.4909,0.0,0.0
420032613001,42003261300,Allegheny,1769.0,40.477377,-80.000679,1621.0,0.0,19.0,1508.0,8.0,0.0,0.0,0.0,86.0,1621.0,740.0,50.0,374.0,143.0,104.0,108.0,19.0,0.0,374.0,192.0,77.0,1799.69,144.49,633.57,27.49,1.0,1.0,0.0,0.0,1.0,1.0,0.0,0.0,1.0,1.0,0.0,0.0,1.0,1.0,0.0,0.0,1.0,1.0,0.0,0.0,96.5,93.3,101.8,80.3,67.8,53.1,1,1,1,1,1,1,1,1,1,1,0.8327,0.8327,0.0,0.0,0.8327,0.8327,0.0,0.0,0.8327,0.8327,0.0,0.0,0.8327,0.8327,0.0,0.0,0.8327,0.8327,0.0,0.0
420032613002,42003261300,Allegheny,998.0,40.494512,-80.009769,1194.0,47.0,890.0,253.0,0.0,0.0,0.0,0.0,4.0,1194.0,188.0,266.0,617.0,59.0,175.0,69.0,80.0,234.0,617.0,155.0,210.0,1015.31,81.51,357.43,15.51,1.0,0.7495,0.2505,0.0,1.0,0.7495,0.2505,0.0,0.9599,0.7495,0.2104,0.0,0.9599,0.7495,0.2104,0.0,0.8146,0.7495,0.0651,0.0,115.8,76.8,82.3,69.4,54.7,47.5,1,1,1,1,1,1,1,1,1,1,0.6423,0.0992,0.5431,0.0,0.6423,0.0992,0.5431,0.0,0.4269,0.0992,0.3277,0.0,0.4269,0.0992,0.3277,0.0,0.1804,0.0992,0.0812,0.0
420032614001,42003261400,Allegheny,643.0,40.465413,-80.016601,379.0,17.0,0.0,319.0,0.0,9.0,0.0,0.0,34.0,379.0,34.0,32.0,175.0,93.0,20.0,34.0,0.0,28.0,175.0,0.0,32.0,516.47,121.94,282.91,12.62,1.0,1.0,0.0,0.0,1.0,1.0,0.0,0.0,1.0,1.0,0.0,0.0,1.0,1.0,0.0,0.0,0.8056,1.0,0.0,0.1944,178.8,124.2,137.6,81.6,95.5,72.0,1,1,1,1,1,1,1,1,1,1,0.6485,0.2504,0.3981,0.0,0.6485,0.2504,0.3981,0.0,0.6485,0.2504,0.3981,0.0,0.6485,0.2504,0.3981,0.0,0.0622,0.2504,0.0,0.1882
420032614002,42003261400,Allegheny,472.0,40.462468,-80.013134,531.0,28.0,207.0,269.0,0.0,27.0,0.0,0.0,0.0,531.0,204.0,105.0,259.0,142.0,24.0,20.0,28.0,45.0,259.0,31.0,188.0,379.12,89.51,207.67,9.27,1.0,1.0,0.0,0.0,1.0,1.0,0.0,0.0,1.0,1.0,0.0,0.0,1.0,1.0,0.0,0.0,1.0,1.0,0.0,0.0,213.0,185.2,148.3,126.1,104.3,108.0,1,1,1,1,1,1,1,1,1,1,0.9216,0.9216,0.0,0.0,0.9216,0.9216,0.0,0.0,0.9216,0.9216,0.0,0.0,0.9216,0.9216,0.0,0.0,0.9216,0.9216,0.0,0.0
420032614003,42003261400,Allegheny,564.0,40.467477,-80.011574,503.0,0.0,288.0,202.0,0.0,13.0,0.0,0.0,0.0,503.0,0.0,122.0,298.0,94.0,136.0,36.0,16.0,16.0,298.0,82.0,153.0,453.01,106.96,248.15,11.07,1.0,1.0,0.0,0.0,1.0,1.0,0.0,0.0,1.0,1.0,0.0,0.0,1.0,1.0,0.0,0.0,1.0,1.0,0.0,0.0,182.5,132.1,129.0,94.6,85.6,74.1,1,1,1,1,1,1,1,1,1,1,0.5816,0.5816,0.0,0.0,0.5816,0.5816,0.0,0.0,0.5816,0.5816,0.0,0.0,0.5816,0.5816,0.0,0.0,0.5,0.5816,0.0,0.0816
420032614004,42003261400,Allegheny,562.0,40.467855,-80.007578,457.0,1.0,184.0,229.0,5.0,0.0,4.0,0.0,34.0,457.0,23.0,205.0,254.0,40.0,96.0,76.0,16.0,26.0,254.0,51.0,122.0,451.41,106.58,247.27,11.03,1.0,1.0,0.0,0.0,1.0,1.0,0.0,0.0,1.0,1.0,0.0,0.0,1.0,1.0,0.0,0.0,0.9502,0.9502,0.0,0.0,163.1,156.5,112.0,113.4,75.7,87.6,1,1,1,1,1,1,1,1,1,1,0.806,0.806,0.0,0.0,0.806,0.806,0.0,0.0,0.806,0.806,0.0,0.0,0.806,0.806,0.0,0.0,0.5641,0.5641,0.0,0.0
420032615001,42003261500,Allegheny,719.0,40.472987,-80.010739,871.0,15.0,128.0,579.0,0.0,3.0,0.0,0.0,146.0,871.0,213.0,128.0,307.0,135.0,48.0,103.0,0.0,21.0,307.0,126.0,100.0,790.24,199.09,317.98,0.0,1.0,1.0,0.0,0.0,1.0,1.0,0.0,0.0,1.0,1.0,0.0,0.0,1.0,1.0,0.0,0.0,1.0,1.0,0.0,0.0,201.1,154.3,150.1,114.7,99.5,88.4,1,1,1,1,1,1,1,1,1,1,0.662,0.662,0.0,0.0,0.662,0.662,0.0,0.0,0.662,0.662,0.0,0.0,0.662,0.662,0.0,0.0,0.6036,0.662,0.0,0.0584
420032615002,42003261500,Allegheny,805.0,40.47177,-80.016607,811.0,0.0,381.0,352.0,0.0,25.0,0.0,12.0,41.0,811.0,141.0,179.0,367.0,83.0,79.0,71.0,53.0,81.0,367.0,65.0,172.0,884.76,222.91,356.02,0.0,0.9652,0.9565,0.0087,0.0,0.9652,0.9565,0.0087,0.0,0.9652,0.9565,0.0087,0.0,0.9652,0.9565,0.0087,0.0,0.723,0.9565,0.0,0.2335,153.9,91.2,118.1,63.5,81.8,53.5,1,1,1,1,1,1,1,1,0,1,0.2149,0.123,0.0919,0.0,0.2149,0.123,0.0919,0.0,0.2149,0.123,0.0919,0.0,0.2149,0.123,0.0919,0.0,0.0273,0.123,0.0,0.0957
420032620001,42003262000,Allegheny,1083.0,40.463242,-79.993023,1160.0,54.0,1006.0,24.0,0.0,0.0,0.0,0.0,76.0,1160.0,227.0,309.0,571.0,211.0,92.0,101.0,52.0,115.0,571.0,156.0,257.0,1150.69,279.32,541.5,0.0,1.0,1.0,0.0,0.0,1.0,1.0,0.0,0.0,1.0,1.0,0.0,0.0,1.0,1.0,0.0,0.0,1.0,1.0,0.0,0.0,83.8,105.0,85.3,65.2,57.4,43.7,1,1,1,1,1,1,1,1,1,1,0.5531,0.5531,0.0,0.0,0.5531,0.5531,0.0,0.0,0.5531,0.5531,0.0,0.0,0.5531,0.5531,0.0,0.0,0.5531,0.5531,0.0,0.0
420032620002,42003262000,Allegheny,726.0,40.467745,-79.993097,821.0,0.0,177.0,486.0,0.0,10.0,0.0,34.0,114.0,821.0,239.0,139.0,343.0,230.0,20.0,70.0,0.0,23.0,343.0,189.0,114.0,771.38,187.25,363.0,0.0,1.0,1.0,0.0,0.0,1.0,1.0,0.0,0.0,1.0,1.0,0.0,0.0,1.0,1.0,0.0,0.0,1.0,1.0,0.0,0.0,63.3,67.7,73.0,48.0,50.0,32.0,1,1,1,1,1,1,1,1,1,1,0.259,0.259,0.0,0.0,0.259,0.259,0.0,0.0,0.259,0.259,0.0,0.0,0.259,0.259,0.0,0.0,0.259,0.259,0.0,0.0
420032620003,42003262000,Allegheny,591.0,40.468995,-79.993826,662.0,13.0,374.0,245.0,0.0,0.0,0.0,0.0,30.0,662.0,175.0,25.0,286.0,46.0,103.0,0.0,29.0,108.0,286.0,27.0,146.0,627.94,152.43,295.5,0.0,1.0,0.9729,0.0271,0.0,1.0,0.9729,0.0271,0.0,0.8883,0.8883,0.0,0.0,0.8883,0.9729,0.0,0.0846,0.8883,0.8883,0.0,0.0,77.1,89.1,81.8,63.9,54.8,43.0,1,1,1,1,1,1,1,1,1,1,0.2893,0.2893,0.0,0.0,0.2893,0.2893,0.0,0.0,0.2893,0.2893,0.0,0.0,0.2893,0.2893,0.0,0.0,0.2893,0.2893,0.0,0.0
420032701001,42003270100,Allegheny,1523.0,40.484583,-80.039539,1261.0,4.0,1152.0,81.0,0.0,0.0,0.0,0.0,24.0,1261.0,171.0,388.0,575.0,96.0,130.0,88.0,28.0,233.0,575.0,112.0,225.0,1426.11,248.12,697.7,31.31,1.0,1.0,0.0,0.0,1.0,1.0,0.0,0.0,1.0,1.0,0.0,0.0,1.0,1.0,0.0,0.0,1.0,1.0,0.0,0.0,234.8,203.8,173.8,148.8,144.9,130.3,1,1,1,1,1,1,1,1,1,1,0.6349,0.6349,0.0,0.0,0.6349,0.6349,0.0,0.0,0.6349,0.6349,0.0,0.0,0.6349,0.6349,0.0,0.0,0.6349,0.6349,0.0,0.0
420032701002,42003270100,Allegheny,1055.0,40.483315,-80.044075,1158.0,16.0,848.0,260.0,0.0,0.0,0.0,0.0,34.0,1158.0,129.0,222.0,606.0,9.0,176.0,82.0,113.0,226.0,606.0,78.0,318.0,987.89,171.88,483.3,21.69,1.0,1.0,0.0,0.0,1.0,1.0,0.0,0.0,1.0,1.0,0.0,0.0,1.0,1.0,0.0,0.0,1.0,1.0,0.0,0.0,163.6,158.6,128.3,126.8,93.0,104.0,1,1,1,1,1,1,1,1,1,1,0.5422,0.5422,0.0,0.0,0.5422,0.5422,0.0,0.0,0.5422,0.5422,0.0,0.0,0.5422,0.3261,0.2161,0.0,0.4398,0.3261,0.1137,0.0
420032703001,42003270300,Allegheny,1127.0,40.478474,-80.035288,850.0,0.0,585.0,201.0,0.0,0.0,0.0,0.0,64.0,850.0,48.0,221.0,486.0,137.0,95.0,79.0,29.0,146.0,486.0,82.0,232.0,1219.83,278.5,558.77,0.0,1.0,1.0,0.0,0.0,1.0,1.0,0.0,0.0,1.0,1.0,0.0,0.0,1.0,1.0,0.0,0.0,1.0,1.0,0.0,0.0,199.6,183.1,141.6,131.8,126.1,120.1,1,1,1,1,1,1,1,1,1,1,0.4809,0.4809,0.0,0.0,0.4809,0.4809,0.0,0.0,0.4809,0.4809,0.0,0.0,0.4809,0.3088,0.1721,0.0,0.4809,0.3895,0.0914,0.0
420032703002,42003270300,Allegheny,779.0,40.477203,-80.039601,1257.0,10.0,281.0,766.0,0.0,0.0,0.0,0.0,200.0,1257.0,370.0,108.0,459.0,131.0,76.0,135.0,62.0,55.0,459.0,184.0,196.0,843.17,192.5,386.23,0.0,1.0,1.0,0.0,0.0,1.0,1.0,0.0,0.0,1.0,1.0,0.0,0.0,1.0,1.0,0.0,0.0,1.0,1.0,0.0,0.0,115.5,94.0,94.5,82.7,60.4,59.1,1,1,1,1,1,1,1,1,1,1,1.0,1.0,0.0,0.0,1.0,1.0,0.0,0.0,1.0,1.0,0.0,0.0,1.0,1.0,0.0,0.0,1.0,1.0,0.0,0.0
420032708001,42003270800,Allegheny,726.0,40.48823,-80.037359,502.0,0.0,394.0,97.0,0.0,11.0,0.0,0.0,0.0,502.0,23.0,137.0,256.0,15.0,17.0,13.0,60.0,151.0,256.0,20.0,115.0,676.14,83.1,354.83,0.0,1.0,1.0,0.0,0.0,1.0,1.0,0.0,0.0,1.0,1.0,0.0,0.0,1.0,1.0,0.0,0.0,1.0,1.0,0.0,0.0,182.9,134.2,122.8,78.0,120.0,80.1,1,1,1,1,1,1,1,1,1,1,0.2314,0.2314,0.0,0.0,0.2314,0.2314,0.0,0.0,0.2314,0.2314,0.0,0.0,0.2314,0.2314,0.0,0.0,0.2314,0.2314,0.0,0.0
420032708002,42003270800,Allegheny,992.0,40.481801,-80.031651,1265.0,91.0,945.0,200.0,0.0,17.0,0.0,0.0,12.0,1265.0,223.0,206.0,574.0,80.0,43.0,59.0,88.0,304.0,574.0,60.0,183.0,923.87,113.54,484.83,0.0,0.9728,0.9728,0.0,0.0,0.9728,0.9728,0.0,0.0,0.9728,0.9728,0.0,0.0,0.9728,0.9728,0.0,0.0,0.9728,0.9728,0.0,0.0,161.6,156.0,107.1,99.4,105.9,100.3,1,1,1,1,1,1,1,1,1,1,0.4194,0.4506,0.0,0.0312,0.4194,0.4506,0.0,0.0312,0.4194,0.4506,0.0,0.0312,0.4194,0.4506,0.0,0.0312,0.4194,0.4506,0.0,0.0312
420032708003,42003270800,Allegheny,903.0,40.486669,-80.030384,730.0,0.0,529.0,161.0,0.0,9.0,0.0,0.0,31.0,730.0,139.0,162.0,451.0,87.0,44.0,55.0,120.0,145.0,451.0,4.0,277.0,840.99,103.36,441.34,0.0,0.1274,0.1274,0.0,0.0,0.1274,0.1274,0.0,0.0,0.1274,0.1274,0.0,0.0,0.1274,0.1274,0.0,0.0,0.1274,0.1274,0.0,0.0,22.5,19.8,14.8,12.5,14.8,12.6,0,0,0,0,0,0,0,0,0,0,0.0,0.0,0.0,0.0,0.0,0.0,0.0,0.0,0.0,0.0,0.0,0.0,0.0,0.0,0.0,0.0,0.0,0.0,0.0,0.0
420032716001,42003271600,Allegheny,759.0,40.476225,-80.026512,773.0,57.0,422.0,205.0,0.0,0.0,0.0,50.0,39.0,773.0,154.0,194.0,348.0,131.0,60.0,14.0,45.0,98.0,348.0,71.0,162.0,838.91,138.44,403.7,33.58,0.7694,0.7694,0.0,0.0,0.7694,0.7694,0.0,0.0,0.7694,0.7694,0.0,0.0,0.7694,0.7694,0.0,0.0,0.7694,0.7694,0.0,0.0,105.8,110.8,72.5,66.4,68.8,68.2,1,1,1,1,1,1,1,1,1,1,0.1449,0.1449,0.0,0.0,0.1449,0.1449,0.0,0.0,0.1449,0.1449,0.0,0.0,0.1449,0.1449,0.0,0.0,0.1449,0.1449,0.0,0.0
420032716002,42003271600,Allegheny,1185.0,40.470517,-80.029534,1649.0,0.0,246.0,1338.0,0.0,0.0,0.0,0.0,65.0,1649.0,573.0,86.0,709.0,194.0,399.0,68.0,0.0,48.0,709.0,365.0,209.0,1309.77,216.15,630.28,52.43,1.0,1.0,0.0,0.0,1.0,1.0,0.0,0.0,1.0,1.0,0.0,0.0,1.0,1.0,0.0,0.0,1.0,1.0,0.0,0.0,170.2,155.8,115.7,107.2,109.7,101.3,1,1,1,1,1,1,1,1,1,1,0.892,0.892,0.0,0.0,0.892,0.892,0.0,0.0,0.892,0.892,0.0,0.0,0.892,0.5443,0.3477,0.0,0.892,0.7114,0.1806,0.0
420032716003,42003271600,Allegheny,1134.0,40.471597,-80.033913,818.0,8.0,366.0,150.0,0.0,0.0,0.0,0.0,294.0,818.0,198.0,58.0,289.0,23.0,20.0,150.0,43.0,53.0,289.0,26.0,89.0,1253.4,206.84,603.16,50.17,1.0,1.0,0.0,0.0,1.0,1.0,0.0,0.0,1.0,1.0,0.0,0.0,1.0,1.0,0.0,0.0,1.0,1.0,0.0,0.0,149.5,125.9,112.7,104.9,91.3,85.7,1,1,1,1,1,1,1,1,1,1,0.5653,0.5653,0.0,0.0,0.5653,0.5653,0.0,0.0,0.5653,0.5653,0.0,0.0,0.5653,0.3404,0.2249,0.0,0.5653,0.4303,0.1349,0.0
420032716004,42003271600,Allegheny,968.0,40.465836,-80.028562,1232.0,163.0,569.0,469.0,0.0,0.0,0.0,19.0,12.0,1232.0,112.0,210.0,806.0,330.0,108.0,151.0,121.0,96.0,806.0,200.0,454.0,1069.92,176.57,514.86,42.83,1.0,1.0,0.0,0.0,1.0,1.0,0.0,0.0,1.0,1.0,0.0,0.0,1.0,1.0,0.0,0.0,1.0,1.0,0.0,0.0,185.0,124.2,127.6,92.3,113.7,85.7,1,1,1,1,1,1,1,1,1,1,0.4783,0.4783,0.0,0.0,0.4783,0.4783,0.0,0.0,0.4783,0.4783,0.0,0.0,0.4783,0.2696,0.2087,0.0,0.4783,0.4783,0.0,0.0
420032814001,42003281400,Allegheny,840.0,40.44944,-80.057484,753.0,0.0,616.0,82.0,0.0,0.0,0.0,0.0,55.0,753.0,30.0,89.0,393.0,128.0,55.0,61.0,25.0,124.0,393.0,4.0,152.0,836.71,80.97,359.44,4.94,0.7952,0.7952,0.0,0.0,0.7952,0.7952,0.0,0.0,0.7952,0.7952,0.0,0.0,0.7952,0.7952,0.0,0.0,0.7952,0.4833,0.3119,0.0,114.4,113.5,77.6,82.2,72.2,71.8,0,0,0,0,0,0,0,0,0,0,0.2917,0.2917,0.0,0.0,0.2917,0.2917,0.0,0.0,0.2917,0.2917,0.0,0.0,0.2917,0.2917,0.0,0.0,0.2917,0.1524,0.1393,0.0
420032814002,42003281400,Allegheny,1712.0,40.445468,-80.051043,1789.0,0.0,657.0,970.0,0.0,0.0,0.0,0.0,162.0,1789.0,567.0,257.0,699.0,271.0,143.0,128.0,28.0,129.0,699.0,117.0,377.0,1705.29,165.03,732.56,10.06,0.9679,0.9679,0.0,0.0,0.9679,0.9679,0.0,0.0,0.9679,0.9679,0.0,0.0,0.9679,0.9679,0.0,0.0,0.9679,0.8989,0.0689,0.0,98.2,137.6,60.3,105.4,46.6,79.2,1,1,1,1,1,1,1,1,1,1,0.0864,0.0864,0.0,0.0,0.0864,0.0864,0.0,0.0,0.0864,0.0864,0.0,0.0,0.0864,0.0864,0.0,0.0,0.0864,0.0777,0.0088,0.0
420032815001,42003281500,Allegheny,488.0,40.440928,-80.051047,555.0,0.0,415.0,81.0,0.0,0.0,0.0,10.0,49.0,555.0,91.0,79.0,224.0,47.0,67.0,28.0,58.0,24.0,224.0,55.0,57.0,523.41,83.64,198.98,0.0,1.0,1.0,0.0,0.0,1.0,1.0,0.0,0.0,1.0,1.0,0.0,0.0,1.0,1.0,0.0,0.0,0.8586,0.8586,0.0,0.0,115.1,149.4,68.0,114.5,54.3,85.7,1,1,1,1,1,1,1,1,1,1,1.0,1.0,0.0,0.0,1.0,1.0,0.0,0.0,1.0,1.0,0.0,0.0,1.0,1.0,0.0,0.0,0.7623,0.7623,0.0,0.0
420032815002,42003281500,Allegheny,959.0,40.440371,-80.056415,997.0,15.0,442.0,410.0,0.0,0.0,0.0,15.0,115.0,997.0,367.0,121.0,366.0,62.0,88.0,58.0,51.0,107.0,366.0,76.0,126.0,1028.59,164.36,391.02,0.0,1.0,1.0,0.0,0.0,1.0,1.0,0.0,0.0,1.0,1.0,0.0,0.0,1.0,1.0,0.0,0.0,0.5391,0.8425,0.0,0.3034,100.1,167.7,58.9,124.7,46.6,94.6,1,1,1,1,1,1,1,1,0,1,0.0938,0.0938,0.0,0.0,0.0938,0.0938,0.0,0.0,0.0938,0.0938,0.0,0.0,0.0938,0.0938,0.0,0.0,0.0719,0.0938,0.0,0.0219
420032901001,42003290100,Allegheny,633.0,40.402279,-79.993884,400.0,31.0,196.0,121.0,0.0,0.0,0.0,45.0,7.0,400.0,63.0,98.0,224.0,117.0,22.0,32.0,33.0,20.0,224.0,100.0,54.0,524.23,102.23,228.83,1.49,0.7662,0.7662,0.0,0.0,0.7662,0.7662,0.0,0.0,0.7662,0.7662,0.0,0.0,0.7662,0.7662,0.0,0.0,0.7662,0.7409,0.0253,0.0,173.1,193.2,105.6,140.1,67.5,91.5,1,1,1,1,1,1,1,1,1,1,0.2891,0.2891,0.0,0.0,0.2891,0.2891,0.0,0.0,0.2891,0.2891,0.0,0.0,0.2891,0.2891,0.0,0.0,0.2891,0.2891,0.0,0.0
420032901002,42003290100,Allegheny,697.0,40.397292,-79.991185,564.0,101.0,374.0,63.0,0.0,4.0,0.0,0.0,22.0,564.0,110.0,79.0,275.0,36.0,85.0,24.0,22.0,108.0,275.0,67.0,148.0,577.23,112.57,251.97,1.64,0.858,0.858,0.0,0.0,0.858,0.858,0.0,0.0,0.858,0.858,0.0,0.0,0.858,0.858,0.0,0.0,0.858,0.7647,0.0933,0.0,184.3,203.3,112.1,146.6,70.8,95.9,1,1,1,1,1,1,1,1,1,1,0.4419,0.4419,0.0,0.0,0.4419,0.4419,0.0,0.0,0.4419,0.4419,0.0,0.0,0.4419,0.4419,0.0,0.0,0.4419,0.4419,0.0,0.0
420032901003,42003290100,Allegheny,800.0,40.393884,-79.989867,800.0,24.0,552.0,208.0,0.0,0.0,0.0,0.0,16.0,800.0,234.0,111.0,271.0,96.0,37.0,43.0,46.0,49.0,271.0,82.0,72.0,662.54,129.2,289.2,1.88,0.7937,0.7937,0.0,0.0,0.7937,0.7937,0.0,0.0,0.7937,0.7937,0.0,0.0,0.7937,0.7937,0.0,0.0,0.7937,0.7087,0.085,0.0,170.7,188.3,104.0,135.8,65.5,88.8,1,1,1,1,1,1,1,1,1,1,0.345,0.345,0.0,0.0,0.345,0.345,0.0,0.0,0.345,0.345,0.0,0.0,0.345,0.345,0.0,0.0,0.345,0.345,0.0,0.0
420032902001,42003290200,Allegheny,927.0,40.401636,-79.982674,636.0,95.0,425.0,35.0,0.0,0.0,0.0,0.0,81.0,636.0,121.0,161.0,269.0,80.0,17.0,33.0,66.0,73.0,269.0,57.0,91.0,859.62,177.3,417.5,17.24,0.2513,0.1866,0.0647,0.0,0.2513,0.1866,0.0647,0.0,0.1866,0.1866,0.0,0.0,0.1866,0.1866,0.0,0.0,0.1866,0.1866,0.0,0.0,41.5,44.8,23.3,32.7,14.9,21.2,0,0,0,0,0,0,0,0,0,0,0.0,0.0,0.0,0.0,0.0,0.0,0.0,0.0,0.0,0.0,0.0,0.0,0.0,0.0,0.0,0.0,0.0,0.0,0.0,0.0
420032902002,42003290200,Allegheny,955.0,40.391395,-79.983967,830.0,0.0,455.0,211.0,0.0,49.0,0.0,62.0,53.0,830.0,69.0,207.0,648.0,340.0,174.0,39.0,0.0,95.0,648.0,447.0,168.0,885.58,182.65,430.11,17.76,0.9361,0.8052,0.1309,0.0,0.9361,0.8052,0.1309,0.0,0.8052,0.8052,0.0,0.0,0.8052,0.8052,0.0,0.0,0.8052,0.8052,0.0,0.0,187.4,208.6,108.1,151.4,70.6,98.2,1,1,1,1,1,1,1,1,1,1,0.4963,0.4817,0.0147,0.0,0.4963,0.4817,0.0147,0.0,0.4817,0.4817,0.0,0.0,0.4817,0.4817,0.0,0.0,0.4817,0.4817,0.0,0.0
420032902003,42003290200,Allegheny,617.0,40.395157,-79.984137,461.0,0.0,415.0,9.0,0.0,0.0,0.0,0.0,37.0,461.0,12.0,189.0,201.0,8.0,82.0,30.0,50.0,31.0,201.0,0.0,100.0,572.15,118.01,277.88,11.47,1.0,1.0,0.0,0.0,1.0,1.0,0.0,0.0,1.0,1.0,0.0,0.0,1.0,1.0,0.0,0.0,1.0,1.0,0.0,0.0,224.9,258.0,134.9,188.0,86.0,122.0,1,1,1,1,1,1,1,1,1,1,0.201,0.201,0.0,0.0,0.201,0.201,0.0,0.0,0.201,0.201,0.0,0.0,0.201,0.201,0.0,0.0,0.201,0.201,0.0,0.0
420032902004,42003290200,Allegheny,678.0,40.399482,-79.986623,849.0,24.0,560.0,128.0,0.0,44.0,0.0,0.0,93.0,849.0,103.0,97.0,363.0,74.0,61.0,141.0,29.0,58.0,363.0,72.0,146.0,628.72,129.67,305.35,12.61,0.8968,0.8968,0.0,0.0,0.8968,0.8968,0.0,0.0,0.8968,0.8968,0.0,0.0,0.8968,0.8968,0.0,0.0,0.8968,0.8968,0.0,0.0,201.8,231.4,120.8,168.6,77.1,109.4,1,1,1,1,1,1,1,1,1,1,0.3938,0.3938,0.0,0.0,0.3938,0.3938,0.0,0.0,0.3938,0.3938,0.0,0.0,0.3938,0.3938,0.0,0.0,0.3938,0.3938,0.0,0.0
420032902005,42003290200,Allegheny,964.0,40.403736,-79.987734,1064.0,179.0,556.0,329.0,0.0,0.0,0.0,0.0,0.0,1064.0,209.0,174.0,384.0,63.0,62.0,128.0,48.0,83.0,384.0,50.0,216.0,893.93,184.37,434.16,17.93,0.9637,0.9637,0.0,0.0,0.9637,0.9637,0.0,0.0,0.9637,0.9637,0.0,0.0,0.9637,0.9637,0.0,0.0,0.9637,0.9637,0.0,0.0,219.7,243.7,131.8,177.2,84.4,115.6,1,1,1,1,1,1,1,1,1,1,0.2749,0.2749,0.0,0.0,0.2749,0.2749,0.0,0.0,0.2749,0.2749,0.0,0.0,0.2749,0.2749,0.0,0.0,0.2749,0.2749,0.0,0.0
420032904001,42003290400,Allegheny,1281.0,40.386476,-79.987939,1478.0,0.0,1044.0,362.0,0.0,5.0,0.0,0.0,67.0,1478.0,266.0,230.0,673.0,37.0,224.0,117.0,93.0,202.0,673.0,93.0,348.0,1131.51,175.94,586.79,6.37,0.6112,0.6112,0.0,0.0,0.6112,0.6112,0.0,0.0,0.6112,0.6112,0.0,0.0,0.6112,0.6112,0.0,0.0,0.6112,0.5277,0.0835,0.0,126.8,138.6,77.4,99.6,49.6,65.3,1,1,1,1,1,1,1,1,1,1,0.0812,0.0812,0.0,0.0,0.0812,0.0812,0.0,0.0,0.0812,0.0812,0.0,0.0,0.0812,0.0812,0.0,0.0,0.0812,0.0812,0.0,0.0
420032904002,42003290400,Allegheny,1240.0,40.387229,-79.982129,1068.0,209.0,705.0,113.0,0.0,0.0,0.0,0.0,41.0,1068.0,109.0,210.0,550.0,71.0,105.0,33.0,110.0,231.0,550.0,64.0,225.0,1095.3,170.31,568.01,6.17,1.0,0.9282,0.0718,0.0,1.0,0.9282,0.0718,0.0,0.9282,0.9282,0.0,0.0,0.9282,0.9282,0.0,0.0,0.9282,0.9282,0.0,0.0,227.9,240.6,124.8,174.5,81.1,113.4,1,1,1,1,1,1,1,1,1,1,0.5161,0.5048,0.0113,0.0,0.5161,0.5048,0.0113,0.0,0.5048,0.5048,0.0,0.0,0.5048,0.5048,0.0,0.0,0.5048,0.5048,0.0,0.0
420032904003,42003290400,Allegheny,616.0,40.382621,-79.979933,434.0,0.0,318.0,116.0,0.0,0.0,0.0,0.0,0.0,434.0,55.0,134.0,237.0,55.0,65.0,10.0,45.0,62.0,237.0,70.0,69.0,544.12,84.61,282.17,3.07,0.8344,0.8344,0.0,0.0,0.8344,0.8344,0.0,0.0,0.8344,0.8344,0.0,0.0,0.8344,0.8344,0.0,0.0,0.8344,0.8344,0.0,0.0,204.9,223.0,110.0,163.4,70.0,109.8,1,1,1,1,1,1,1,1,1,1,0.2549,0.2549,0.0,0.0,0.2549,0.2549,0.0,0.0,0.2549,0.2549,0.0,0.0,0.2549,0.2549,0.0,0.0,0.2549,0.2549,0.0,0.0
420032904004,42003290400,Allegheny,882.0,40.390332,-79.976376,572.0,0.0,465.0,81.0,0.0,1.0,0.0,0.0,25.0,572.0,9.0,177.0,381.0,58.0,93.0,80.0,82.0,68.0,381.0,61.0,175.0,779.07,121.14,404.02,4.39,1.0,0.2755,0.7245,0.0,1.0,0.2755,0.7245,0.0,0.2755,0.2755,0.0,0.0,0.2755,0.2755,0.0,0.0,0.2755,0.2755,0.0,0.0,104.2,71.1,37.3,51.8,23.7,33.7,1,0,1,0,0,0,0,0,0,0,0.8061,0.0,0.8061,0.0,0.8061,0.0,0.8061,0.0,0.0,0.0,0.0,0.0,0.0,0.0,0.0,0.0,0.0,0.0,0.0,0.0
420033001001,42003300100,Allegheny,787.0,40.417111,-79.992158,541.0,22.0,124.0,350.0,0.0,0.0,0.0,0.0,45.0,541.0,39.0,143.0,245.0,81.0,63.0,0.0,52.0,49.0,245.0,67.0,110.0,791.51,76.15,265.19,15.1,1.0,1.0,0.0,0.0,1.0,1.0,0.0,0.0,1.0,1.0,0.0,0.0,1.0,1.0,0.0,0.0,1.0,0.9797,0.0203,0.0,279.7,237.2,207.8,164.6,131.5,125.4,1,1,1,1,1,1,1,1,1,1,0.8907,0.8704,0.0203,0.0,0.8907,0.8704,0.0203,0.0,0.8907,0.8704,0.0203,0.0,0.432,0.8704,0.0203,0.4587,0.8297,0.7446,0.0851,0.0
420033001002,42003300100,Allegheny,772.0,40.41486,-79.992536,1184.0,377.0,301.0,415.0,0.0,77.0,0.0,0.0,14.0,1184.0,417.0,68.0,292.0,36.0,0.0,187.0,19.0,50.0,292.0,139.0,67.0,776.42,74.7,260.13,14.81,1.0,1.0,0.0,0.0,1.0,1.0,0.0,0.0,1.0,1.0,0.0,0.0,1.0,1.0,0.0,0.0,1.0,1.0,0.0,0.0,255.5,219.5,183.0,146.9,117.4,107.0,1,1,1,1,1,1,1,1,1,1,1.0,0.6373,0.3627,0.0,1.0,0.6373,0.3627,0.0,1.0,0.6373,0.3627,0.0,1.0,0.6373,0.3627,0.0,0.3614,0.3614,0.0,0.0
420033001003,42003300100,Allegheny,639.0,40.412838,-79.992846,683.0,35.0,191.0,409.0,0.0,0.0,0.0,0.0,48.0,683.0,166.0,109.0,284.0,76.0,166.0,0.0,9.0,33.0,284.0,97.0,156.0,642.66,61.83,215.32,12.26,1.0,0.8576,0.1424,0.0,1.0,0.8576,0.1424,0.0,1.0,0.8576,0.1424,0.0,1.0,0.8576,0.1424,0.0,0.8576,0.8576,0.0,0.0,256.7,228.1,173.9,155.2,111.8,108.2,1,1,1,1,1,1,1,1,1,1,0.579,0.2879,0.2911,0.0,0.579,0.2879,0.2911,0.0,0.579,0.2879,0.2911,0.0,0.3709,0.2879,0.0829,0.0,0.2504,0.2504,0.0,0.0
420033001004,42003300100,Allegheny,655.0,40.411053,-79.993301,738.0,254.0,159.0,147.0,0.0,0.0,0.0,177.0,1.0,738.0,197.0,92.0,194.0,30.0,26.0,0.0,39.0,99.0,194.0,11.0,121.0,658.75,63.38,220.71,12.56,1.0,0.8,0.2,0.0,1.0,0.8,0.2,0.0,1.0,0.8,0.2,0.0,0.9527,0.8,0.1527,0.0,0.8,0.8,0.0,0.0,244.8,218.6,153.5,156.4,99.1,103.2,1,1,1,1,1,1,1,1,1,1,0.6916,0.2244,0.4672,0.0,0.6916,0.2244,0.4672,0.0,0.6916,0.2244,0.4672,0.0,0.2748,0.2244,0.0504,0.0,0.2244,0.2244,0.0,0.0
420033001005,42003300100,Allegheny,640.0,40.40881,-79.993932,367.0,0.0,237.0,70.0,0.0,8.0,0.0,0.0,52.0,367.0,13.0,74.0,162.0,14.0,52.0,42.0,48.0,6.0,162.0,52.0,92.0,643.66,61.93,215.65,12.28,1.0,0.8359,0.1641,0.0,1.0,0.8359,0.1641,0.0,1.0,0.8359,0.1641,0.0,0.8359,0.8359,0.0,0.0,0.8359,0.8359,0.0,0.0,242.8,215.7,147.4,157.2,95.0,102.0,1,1,1,1,1,1,1,1,1,1,0.8891,0.1141,0.775,0.0,0.8891,0.1141,0.775,0.0,0.8891,0.1141,0.775,0.0,0.1531,0.1141,0.0391,0.0,0.1141,0.1141,0.0,0.0
420033102001,42003310200,Allegheny,666.0,40.377271,-79.912137,739.0,15.0,708.0,0.0,0.0,0.0,0.0,0.0,16.0,739.0,166.0,101.0,236.0,10.0,7.0,22.0,28.0,169.0,236.0,0.0,52.0,685.84,119.48,295.95,0.0,0.7508,0.7508,0.0,0.0,0.7508,0.7508,0.0,0.0,0.7508,0.7508,0.0,0.0,0.0856,0.7508,0.0,0.6652,0.0856,0.0856,0.0,0.0,32.0,29.0,23.2,24.7,14.1,22.8,1,1,1,1,1,1,0,1,0,0,0.3664,0.3664,0.0,0.0,0.3664,0.3664,0.0,0.0,0.3664,0.3664,0.0,0.0,0.0,0.3468,0.0,0.3468,0.0,0.0,0.0,0.0
420033102002,42003310200,Allegheny,1774.0,40.367584,-79.912465,1633.0,12.0,1309.0,195.0,10.0,65.0,0.0,0.0,42.0,1633.0,149.0,444.0,751.0,171.0,112.0,151.0,98.0,219.0,751.0,56.0,311.0,1826.85,318.25,788.32,0.0,0.6731,0.6731,0.0,0.0,0.6731,0.6731,0.0,0.0,0.6731,0.6731,0.0,0.0,0.6731,0.6731,0.0,0.0,0.6172,0.6172,0.0,0.0,60.3,58.0,40.4,41.6,31.5,36.3,1,1,1,1,1,1,1,1,1,1,0.3112,0.3112,0.0,0.0,0.3112,0.3112,0.0,0.0,0.3112,0.3112,0.0,0.0,0.2728,0.3112,0.0,0.0383,0.2046,0.2046,0.0,0.0
420033102003,42003310200,Allegheny,715.0,40.373853,-79.916807,877.0,0.0,867.0,10.0,0.0,0.0,0.0,0.0,0.0,877.0,188.0,162.0,415.0,45.0,69.0,72.0,59.0,170.0,415.0,22.0,180.0,736.3,128.27,317.73,0.0,0.9035,0.9035,0.0,0.0,0.9035,0.9035,0.0,0.0,0.9035,0.9035,0.0,0.0,0.7664,0.9035,0.0,0.1371,0.2042,0.2042,0.0,0.0,54.4,53.0,35.6,36.3,30.0,31.0,1,1,1,1,1,1,1,1,0,0,0.1427,0.1427,0.0,0.0,0.1427,0.1427,0.0,0.0,0.1427,0.1427,0.0,0.0,0.0517,0.1427,0.0,0.0909,0.0098,0.0098,0.0,0.0
420033204001,42003320400,Allegheny,715.0,40.381997,-79.990988,726.0,0.0,627.0,20.0,0.0,49.0,0.0,0.0,30.0,726.0,132.0,226.0,302.0,22.0,102.0,57.0,41.0,80.0,302.0,8.0,103.0,704.68,104.76,342.21,18.74,0.7972,0.7972,0.0,0.0,0.7972,0.7972,0.0,0.0,0.7972,0.7972,0.0,0.0,0.7972,0.7972,0.0,0.0,0.7972,0.0,0.7972,0.0,78.3,64.1,59.5,38.6,34.7,36.0,1,1,1,1,1,1,1,1,1,0,0.1217,0.1217,0.0,0.0,0.1217,0.1217,0.0,0.0,0.1217,0.1217,0.0,0.0,0.1217,0.0503,0.0713,0.0,0.1217,0.0,0.1217,0.0
420033204002,42003320400,Allegheny,1155.0,40.38921,-79.994062,1117.0,42.0,948.0,64.0,0.0,49.0,0.0,14.0,0.0,1117.0,163.0,226.0,593.0,141.0,71.0,128.0,61.0,192.0,593.0,50.0,277.0,1138.32,169.24,552.79,30.26,0.8693,0.8693,0.0,0.0,0.8693,0.8693,0.0,0.0,0.8693,0.8693,0.0,0.0,0.8693,0.8329,0.0364,0.0,0.8693,0.058,0.8113,0.0,117.1,59.0,85.4,28.6,46.9,26.4,1,1,1,1,1,1,1,1,1,0,0.0,0.0,0.0,0.0,0.0,0.0,0.0,0.0,0.0,0.0,0.0,0.0,0.0,0.0,0.0,0.0,0.0,0.0,0.0,0.0
420033206001,42003320600,Allegheny,1102.0,40.395808,-80.008729,1143.0,42.0,907.0,155.0,0.0,0.0,0.0,9.0,30.0,1143.0,228.0,150.0,496.0,97.0,102.0,73.0,43.0,181.0,496.0,69.0,151.0,1111.83,134.62,500.64,4.42,0.6434,0.6434,0.0,0.0,0.6434,0.6434,0.0,0.0,0.6434,0.6434,0.0,0.0,0.6434,0.6434,0.0,0.0,0.1878,0.4555,0.1878,0.4555,56.6,53.2,30.1,34.4,16.4,30.5,1,1,1,1,1,1,1,1,0,1,0.2804,0.2804,0.0,0.0,0.2804,0.2804,0.0,0.0,0.2804,0.2804,0.0,0.0,0.2804,0.2804,0.0,0.0,0.0,0.2804,0.0,0.2804
420033206002,42003320600,Allegheny,1141.0,40.393105,-80.004421,1120.0,0.0,1111.0,5.0,0.0,0.0,0.0,0.0,4.0,1120.0,173.0,235.0,523.0,59.0,20.0,144.0,72.0,228.0,523.0,4.0,299.0,1151.17,139.38,518.36,4.58,1.0,1.0,0.0,0.0,1.0,1.0,0.0,0.0,1.0,1.0,0.0,0.0,1.0,1.0,0.0,0.0,0.2454,1.0,0.0,0.7546,107.9,82.3,52.2,51.7,28.3,44.1,1,1,1,1,1,1,1,1,0,1,0.6039,0.6039,0.0,0.0,0.6039,0.6039,0.0,0.0,0.6039,0.6039,0.0,0.0,0.6039,0.6039,0.0,0.0,0.0386,0.4654,0.0386,0.4654
420033207001,42003320700,Allegheny,1117.0,40.385223,-80.001268,1507.0,0.0,1297.0,27.0,0.0,0.0,0.0,0.0,183.0,1507.0,314.0,234.0,570.0,34.0,97.0,117.0,60.0,262.0,570.0,16.0,193.0,1214.64,157.2,485.44,0.0,0.7117,0.8988,0.0,0.1871,0.7117,0.8988,0.0,0.1871,0.7117,0.8988,0.0,0.1871,0.7117,0.5506,0.1611,0.0,0.5219,0.0403,0.4816,0.0,79.1,70.4,54.8,44.3,29.9,41.1,0,1,0,1,0,1,0,0,0,0,0.0689,0.1943,0.0,0.1253,0.0689,0.1943,0.0,0.1253,0.0689,0.1943,0.0,0.1253,0.0689,0.0537,0.0152,0.0,0.0537,0.0,0.0537,0.0
420033207002,42003320700,Allegheny,496.0,40.377841,-79.99972,247.0,7.0,191.0,4.0,0.0,0.0,0.0,0.0,45.0,247.0,49.0,37.0,131.0,39.0,40.0,18.0,10.0,24.0,131.0,30.0,72.0,539.36,69.8,215.56,0.0,0.4274,0.4698,0.0,0.0423,0.4274,0.4698,0.0,0.0423,0.4274,0.4698,0.0,0.0423,0.4274,0.4274,0.0,0.0,0.4274,0.0,0.4274,0.0,54.1,44.4,42.3,26.3,23.1,24.5,0,0,0,0,0,0,0,0,0,0,0.0786,0.0786,0.0,0.0,0.0786,0.0786,0.0,0.0,0.0786,0.0786,0.0,0.0,0.0786,0.0786,0.0,0.0,0.0786,0.0,0.0786,0.0
420034011001,42003401100,Allegheny,1414.0,40.64746,-79.715071,1550.0,0.0,1454.0,15.0,0.0,59.0,0.0,0.0,22.0,1550.0,171.0,384.0,668.0,97.0,181.0,75.0,71.0,244.0,668.0,53.0,199.0,1379.27,359.57,662.9,5.84,0.3883,0.3904,0.0559,0.058,0.3883,0.3904,0.0559,0.058,0.0,0.3904,0.0,0.3904,0.0,0.3904,0.0,0.3904,0.0,0.058,0.0,0.058,3.4,11.6,0.0,10.8,0.0,9.4,0,1,0,1,0,1,0,1,0,1,0.0191,0.0,0.0191,0.0,0.0191,0.0,0.0191,0.0,0.0,0.0,0.0,0.0,0.0,0.0,0.0,0.0,0.0,0.0,0.0,0.0
420034011002,42003401100,Allegheny,1410.0,40.637196,-79.707196,1179.0,77.0,1082.0,20.0,0.0,0.0,0.0,0.0,0.0,1179.0,145.0,543.0,508.0,23.0,133.0,33.0,67.0,252.0,508.0,0.0,113.0,1375.37,358.55,661.02,5.82,0.3589,0.322,0.0369,0.0,0.3589,0.322,0.0369,0.0,0.0,0.322,0.0,0.322,0.0,0.2142,0.0,0.2142,0.0,0.0,0.0,0.0,3.6,10.3,0.0,9.7,0.0,8.4,1,1,1,1,0,1,0,0,0,0,0.0681,0.0865,0.0106,0.0291,0.0681,0.0865,0.0106,0.0291,0.0,0.0865,0.0,0.0865,0.0,0.0199,0.0,0.0199,0.0,0.0,0.0,0.0
420034011003,42003401100,Allegheny,822.0,40.628042,-79.715521,813.0,0.0,700.0,25.0,0.0,73.0,0.0,0.0,15.0,813.0,23.0,365.0,515.0,161.0,100.0,35.0,47.0,172.0,515.0,36.0,290.0,801.81,209.03,385.36,3.39,0.5681,0.5681,0.0,0.0,0.5681,0.5681,0.0,0.0,0.0,0.5681,0.0,0.5681,0.0,0.0,0.0,0.0,0.0,0.0,0.0,0.0,5.7,18.2,0.0,17.0,0.0,14.8,1,1,1,1,0,1,0,0,0,0,0.2652,0.3686,0.0535,0.1569,0.2652,0.3686,0.0535,0.1569,0.0,0.3686,0.0,0.3686,0.0,0.0,0.0,0.0,0.0,0.0,0.0,0.0
420034011004,42003401100,Allegheny,955.0,40.633683,-79.720127,946.0,0.0,945.0,1.0,0.0,0.0,0.0,0.0,0.0,946.0,151.0,114.0,466.0,55.0,34.0,220.0,45.0,112.0,466.0,37.0,218.0,931.55,242.85,447.71,3.94,0.6628,0.6628,0.0,0.0,0.6628,0.6628,0.0,0.0,0.0,0.6628,0.0,0.6628,0.0,0.2524,0.0,0.2524,0.0,0.0,0.0,0.0,5.1,16.5,0.0,15.4,0.0,13.4,0,0,0,0,0,0,0,0,0,0,0.1215,0.1215,0.0,0.0,0.1215,0.1215,0.0,0.0,0.0,0.1215,0.0,0.1215,0.0,0.067,0.0,0.067,0.0,0.0,0.0,0.0
420034012001,42003401200,Allegheny,619.0,40.614333,-79.721949,382.0,13.0,366.0,0.0,0.0,0.0,0.0,0.0,3.0,382.0,28.0,83.0,224.0,118.0,16.0,73.0,12.0,5.0,224.0,39.0,119.0,547.13,66.77,268.57,2.98,0.0,0.0,0.0,0.0,0.0,0.0,0.0,0.0,0.0,0.0,0.0,0.0,0.0,0.0,0.0,0.0,0.0,0.0,0.0,0.0,0.0,0.0,0.0,0.0,0.0,0.0,0,0,0,0,0,0,0,0,0,0,0.0,0.0,0.0,0.0,0.0,0.0,0.0,0.0,0.0,0.0,0.0,0.0,0.0,0.0,0.0,0.0,0.0,0.0,0.0,0.0
420034012002,42003401200,Allegheny,1027.0,40.619534,-79.72458,916.0,0.0,692.0,172.0,0.0,41.0,0.0,0.0,11.0,916.0,203.0,190.0,456.0,184.0,120.0,14.0,49.0,89.0,456.0,110.0,233.0,907.75,110.78,445.59,4.94,0.8462,0.8462,0.0,0.0,0.8462,0.8462,0.0,0.0,0.0,0.8462,0.0,0.8462,0.0,0.6826,0.0,0.6826,0.0,0.0,0.0,0.0,6.0,27.1,0.0,25.4,0.0,22.0,1,1,1,1,0,1,0,1,0,0,0.1646,0.1655,0.0906,0.0915,0.1646,0.1655,0.0906,0.0915,0.0,0.1655,0.0,0.1655,0.0,0.0,0.0,0.0,0.0,0.0,0.0,0.0
420034012003,42003401200,Allegheny,510.0,40.611235,-79.724198,396.0,0.0,382.0,14.0,0.0,0.0,0.0,0.0,0.0,396.0,32.0,53.0,254.0,14.0,84.0,104.0,38.0,14.0,254.0,27.0,167.0,450.78,55.01,221.27,2.45,0.0,0.0176,0.0,0.0176,0.0,0.0176,0.0,0.0176,0.0,0.0176,0.0,0.0176,0.0,0.0,0.0,0.0,0.0,0.0,0.0,0.0,0.0,0.6,0.0,0.5,0.0,0.5,0,0,0,0,0,0,0,0,0,0,0.0,0.0,0.0,0.0,0.0,0.0,0.0,0.0,0.0,0.0,0.0,0.0,0.0,0.0,0.0,0.0,0.0,0.0,0.0,0.0
420034012004,42003401200,Allegheny,755.0,40.613219,-79.733391,879.0,0.0,839.0,29.0,0.0,0.0,0.0,0.0,11.0,879.0,213.0,92.0,329.0,20.0,11.0,56.0,45.0,197.0,329.0,0.0,91.0,667.34,81.44,327.57,3.63,0.3152,0.8159,0.0,0.5007,0.3152,0.8159,0.0,0.5007,0.0,0.8159,0.0,0.8159,0.0,0.0,0.0,0.0,0.0,0.0,0.0,0.0,3.2,26.1,0.0,24.5,0.0,21.2,0,1,0,1,0,1,0,0,0,0,0.1722,0.2954,0.0,0.1232,0.1722,0.2954,0.0,0.1232,0.0,0.2954,0.0,0.2954,0.0,0.0,0.0,0.0,0.0,0.0,0.0,0.0
420034013001,42003401300,Allegheny,1275.0,40.62489,-79.727673,1761.0,2.0,1686.0,23.0,0.0,9.0,0.0,5.0,36.0,1761.0,461.0,305.0,654.0,63.0,153.0,159.0,15.0,264.0,654.0,29.0,183.0,1351.64,178.84,565.92,3.37,0.8541,0.7631,0.091,0.0,0.8541,0.7631,0.091,0.0,0.0,0.7631,0.0,0.7631,0.0,0.3357,0.0,0.3357,0.0,0.0,0.0,0.0,8.1,23.3,0.0,21.8,0.0,18.9,1,1,1,1,0,1,0,1,0,0,0.2643,0.0659,0.1984,0.0,0.2643,0.0659,0.1984,0.0,0.0,0.0659,0.0,0.0659,0.0,0.0,0.0,0.0,0.0,0.0,0.0,0.0
420034013002,42003401300,Allegheny,600.0,40.622665,-79.735898,502.0,0.0,483.0,0.0,0.0,8.0,0.0,0.0,11.0,502.0,49.0,47.0,286.0,73.0,75.0,23.0,22.0,93.0,286.0,0.0,88.0,636.07,84.16,266.31,1.59,0.2583,0.0,0.2583,0.0,0.2583,0.0,0.2583,0.0,0.0,0.0,0.0,0.0,0.0,0.0,0.0,0.0,0.0,0.0,0.0,0.0,2.6,0.0,0.0,0.0,0.0,0.0,0,0,0,0,0,0,0,0,0,0,0.0,0.0,0.0,0.0,0.0,0.0,0.0,0.0,0.0,0.0,0.0,0.0,0.0,0.0,0.0,0.0,0.0,0.0,0.0,0.0
420034013003,42003401300,Allegheny,770.0,40.616877,-79.739792,625.0,0.0,571.0,27.0,0.0,7.0,0.0,0.0,20.0,625.0,85.0,170.0,234.0,16.0,24.0,39.0,18.0,137.0,234.0,0.0,15.0,816.29,108.0,341.77,2.04,0.987,0.6182,0.3688,0.0,0.987,0.6182,0.3688,0.0,0.0,0.6182,0.0,0.6182,0.0,0.0506,0.0,0.0506,0.0,0.0,0.0,0.0,9.1,19.8,0.0,18.5,0.0,16.1,1,1,1,1,0,1,0,0,0,0,0.3948,0.0442,0.3506,0.0,0.3948,0.0442,0.3506,0.0,0.0,0.0442,0.0,0.0442,0.0,0.0,0.0,0.0,0.0,0.0,0.0,0.0
420034020001,42003402000,Allegheny,625.0,40.613113,-79.739879,488.0,0.0,472.0,14.0,0.0,0.0,0.0,0.0,2.0,488.0,71.0,156.0,256.0,72.0,21.0,62.0,90.0,11.0,256.0,15.0,146.0,595.49,91.24,295.72,0.0,1.0,0.7744,0.2256,0.0,1.0,0.7744,0.2256,0.0,0.0,0.7744,0.0,0.7744,0.0,0.0,0.0,0.0,0.0,0.0,0.0,0.0,10.0,24.8,0.0,23.2,0.0,20.1,1,1,1,1,0,1,0,0,0,0,0.6656,0.152,0.6224,0.1088,0.6656,0.152,0.6224,0.1088,0.0,0.152,0.0,0.152,0.0,0.0,0.0,0.0,0.0,0.0,0.0,0.0
420034020002,42003402000,Allegheny,588.0,40.609511,-79.738682,533.0,26.0,471.0,0.0,0.0,0.0,0.0,0.0,36.0,533.0,131.0,66.0,204.0,9.0,21.0,33.0,40.0,101.0,204.0,13.0,62.0,560.23,85.84,278.21,0.0,1.0,1.0,0.0,0.0,1.0,1.0,0.0,0.0,0.0,1.0,0.0,1.0,0.0,0.0,0.0,0.0,0.0,0.0,0.0,0.0,10.0,37.5,0.0,33.8,0.0,28.7,1,1,1,1,0,1,0,0,0,0,0.4388,0.5629,0.0,0.1241,0.4388,0.5629,0.0,0.1241,0.0,0.5629,0.0,0.5629,0.0,0.0,0.0,0.0,0.0,0.0,0.0,0.0
420034020003,42003402000,Allegheny,1096.0,40.608454,-79.745315,1143.0,47.0,860.0,236.0,0.0,0.0,0.0,0.0,0.0,1143.0,176.0,177.0,533.0,159.0,142.0,38.0,71.0,123.0,533.0,61.0,196.0,1044.24,160.0,518.57,0.0,1.0,0.99,0.01,0.0,1.0,0.99,0.01,0.0,0.0,0.99,0.0,0.99,0.0,0.1314,0.0,0.1314,0.0,0.1314,0.0,0.1314,10.3,44.6,0.0,39.9,0.0,33.0,1,1,1,1,0,1,0,0,0,0,0.6825,0.6049,0.0867,0.0091,0.6825,0.6049,0.0867,0.0091,0.0,0.6049,0.0,0.6049,0.0,0.0,0.0,0.0,0.0,0.0,0.0,0.0
420034020004,42003402000,Allegheny,931.0,40.604507,-79.739643,1003.0,0.0,928.0,37.0,0.0,0.0,0.0,0.0,38.0,1003.0,144.0,177.0,540.0,102.0,239.0,54.0,79.0,66.0,540.0,98.0,222.0,887.04,135.91,440.5,0.0,0.0247,1.0,0.0,0.9753,0.0247,1.0,0.0,0.9753,0.0,1.0,0.0,1.0,0.0,0.5349,0.0,0.5349,0.0,0.5349,0.0,0.5349,0.1,68.4,0.0,52.8,0.0,37.4,0,1,0,1,0,1,0,1,0,1,0.0,0.3609,0.0,0.3609,0.0,0.3609,0.0,0.3609,0.0,0.3609,0.0,0.3609,0.0,0.116,0.0,0.116,0.0,0.116,0.0,0.116
420034035001,42003403500,Allegheny,862.0,40.604084,-79.763076,1206.0,0.0,981.0,194.0,0.0,9.0,0.0,0.0,22.0,1206.0,294.0,291.0,495.0,119.0,111.0,45.0,108.0,112.0,495.0,166.0,114.0,841.6,183.61,400.1,0.0,0.5452,0.4872,0.058,0.0,0.5452,0.4872,0.058,0.0,0.5151,0.4872,0.0278,0.0,0.5151,0.4872,0.0278,0.0,0.4872,0.4872,0.0,0.0,36.6,40.9,19.0,33.1,19.0,23.4,0,0,0,0,0,0,0,0,0,0,0.0,0.0,0.0,0.0,0.0,0.0,0.0,0.0,0.0,0.0,0.0,0.0,0.0,0.0,0.0,0.0,0.0,0.0,0.0,0.0
420034035002,42003403500,Allegheny,708.0,40.60717,-79.753222,659.0,22.0,577.0,60.0,0.0,0.0,0.0,0.0,0.0,659.0,34.0,126.0,341.0,0.0,193.0,56.0,68.0,24.0,341.0,60.0,168.0,691.24,150.81,328.62,0.0,1.0,0.9788,0.0212,0.0,1.0,0.9788,0.0212,0.0,0.161,0.9788,0.0,0.8178,0.161,0.0028,0.1582,0.0,0.161,0.0028,0.1582,0.0,20.1,29.5,6.1,27.6,6.1,23.9,1,1,1,1,0,1,0,0,0,0,0.7627,0.209,0.5537,0.0,0.7627,0.209,0.5537,0.0,0.0,0.209,0.0,0.209,0.0,0.0,0.0,0.0,0.0,0.0,0.0,0.0
420034035003,42003403500,Allegheny,1147.0,40.604551,-79.752465,1162.0,22.0,1012.0,97.0,0.0,0.0,0.0,0.0,31.0,1162.0,184.0,125.0,574.0,144.0,190.0,74.0,114.0,52.0,574.0,61.0,234.0,1119.85,244.32,532.39,0.0,1.0,1.0,0.0,0.0,1.0,1.0,0.0,0.0,0.6225,1.0,0.0,0.3775,0.6225,0.5266,0.1648,0.0689,0.6225,0.5266,0.1648,0.0689,49.4,74.9,23.7,65.2,23.7,51.0,1,1,1,1,1,1,1,0,1,0,0.6417,0.7524,0.0401,0.1508,0.6417,0.7524,0.0401,0.1508,0.1369,0.7524,0.034,0.6495,0.1369,0.0122,0.1247,0.0,0.1029,0.0122,0.0907,0.0
420034035004,42003403500,Allegheny,934.0,40.602137,-79.749851,780.0,39.0,719.0,0.0,0.0,0.0,0.0,0.0,22.0,780.0,248.0,165.0,413.0,141.0,89.0,64.0,97.0,22.0,413.0,126.0,203.0,911.89,198.95,433.52,0.0,0.7794,1.0,0.0,0.2206,0.7794,1.0,0.0,0.2206,0.6734,1.0,0.0,0.3266,0.6734,1.0,0.0,0.3266,0.6734,1.0,0.0,0.3266,50.0,110.4,25.6,93.2,25.6,69.9,1,1,1,1,1,1,1,1,1,1,0.3565,0.5739,0.0343,0.2516,0.3565,0.5739,0.0343,0.2516,0.2163,0.5739,0.0043,0.3619,0.2163,0.5086,0.0396,0.3319,0.2163,0.5086,0.0396,0.3319
420034035005,42003403500,Allegheny,701.0,40.599713,-79.762803,442.0,0.0,424.0,0.0,0.0,0.0,0.0,0.0,18.0,442.0,87.0,59.0,197.0,3.0,119.0,40.0,0.0,35.0,197.0,33.0,89.0,684.41,149.32,325.37,0.0,1.0,1.0,0.0,0.0,1.0,1.0,0.0,0.0,1.0,1.0,0.0,0.0,1.0,1.0,0.0,0.0,1.0,1.0,0.0,0.0,73.2,91.0,38.0,74.5,38.0,54.0,1,1,1,1,1,1,1,1,1,1,0.8288,0.7789,0.0499,0.0,0.8288,0.7789,0.0499,0.0,0.8288,0.7789,0.0499,0.0,0.7917,0.7418,0.0499,0.0,0.7746,0.7418,0.087,0.0542
420034040001,42003404000,Allegheny,1490.0,40.582244,-79.779724,1389.0,23.0,1282.0,37.0,0.0,11.0,0.0,0.0,36.0,1389.0,290.0,255.0,639.0,111.0,137.0,119.0,69.0,203.0,639.0,29.0,337.0,1389.0,247.0,639.0,0.0,0.594,0.594,0.0,0.0,0.594,0.594,0.0,0.0,0.594,0.594,0.0,0.0,0.545,0.545,0.0,0.0,0.594,0.545,0.049,0.0,41.5,47.8,21.6,38.7,21.6,27.7,1,1,1,1,1,1,1,1,1,1,0.2275,0.2275,0.0,0.0,0.2275,0.2275,0.0,0.0,0.2275,0.2275,0.0,0.0,0.2275,0.2275,0.0,0.0,0.2054,0.2275,0.0,0.0221
420034050001,42003405000,Allegheny,1161.0,40.606774,-79.794685,1040.0,7.0,1006.0,0.0,0.0,9.0,0.0,0.0,18.0,1040.0,152.0,264.0,475.0,87.0,100.0,45.0,112.0,131.0,475.0,31.0,139.0,1040.0,129.0,475.0,6.0,0.0,0.0,0.0,0.0,0.0,0.0,0.0,0.0,0.0,0.0,0.0,0.0,0.0,0.0,0.0,0.0,0.0,0.0,0.0,0.0,0.0,0.0,0.0,0.0,0.0,0.0,0,0,0,0,0,0,0,0,0,0,0.0,0.0,0.0,0.0,0.0,0.0,0.0,0.0,0.0,0.0,0.0,0.0,0.0,0.0,0.0,0.0,0.0,0.0,0.0,0.0
420034060001,42003406000,Allegheny,1611.0,40.646033,-79.774269,1832.0,0.0,1701.0,0.0,0.0,37.0,0.0,0.0,94.0,1832.0,442.0,363.0,748.0,90.0,87.0,164.0,93.0,314.0,748.0,23.0,223.0,1601.52,247.12,676.47,10.93,0.0,0.0,0.0,0.0,0.0,0.0,0.0,0.0,0.0,0.0,0.0,0.0,0.0,0.0,0.0,0.0,0.0,0.0,0.0,0.0,0.0,0.0,0.0,0.0,0.0,0.0,0,0,0,0,0,0,0,0,0,0,0.0,0.0,0.0,0.0,0.0,0.0,0.0,0.0,0.0,0.0,0.0,0.0,0.0,0.0,0.0,0.0,0.0,0.0,0.0,0.0
420034060002,42003406000,Allegheny,599.0,40.656411,-79.734352,365.0,0.0,365.0,0.0,0.0,0.0,0.0,0.0,0.0,365.0,17.0,167.0,180.0,10.0,43.0,28.0,30.0,69.0,180.0,0.0,77.0,595.48,91.88,251.53,4.07,0.0,0.0,0.0,0.0,0.0,0.0,0.0,0.0,0.0,0.0,0.0,0.0,0.0,0.0,0.0,0.0,0.0,0.0,0.0,0.0,0.0,0.0,0.0,0.0,0.0,0.0,0,0,0,0,0,0,0,0,0,0,0.0,0.0,0.0,0.0,0.0,0.0,0.0,0.0,0.0,0.0,0.0,0.0,0.0,0.0,0.0,0.0,0.0,0.0,0.0,0.0
420034070011,42003407001,Allegheny,724.0,40.644021,-79.827903,497.0,0.0,497.0,0.0,0.0,0.0,0.0,0.0,0.0,497.0,0.0,188.0,293.0,75.0,45.0,36.0,67.0,70.0,293.0,28.0,81.0,731.78,129.87,322.34,0.0,0.0,0.0,0.0,0.0,0.0,0.0,0.0,0.0,0.0,0.0,0.0,0.0,0.0,0.0,0.0,0.0,0.0,0.0,0.0,0.0,0.0,0.0,0.0,0.0,0.0,0.0,0,0,0,0,0,0,0,0,0,0,0.0,0.0,0.0,0.0,0.0,0.0,0.0,0.0,0.0,0.0,0.0,0.0,0.0,0.0,0.0,0.0,0.0,0.0,0.0,0.0
420034070012,42003407001,Allegheny,1301.0,40.649317,-79.847193,1384.0,21.0,1317.0,0.0,0.0,4.0,0.0,0.0,42.0,1384.0,337.0,251.0,621.0,98.0,113.0,123.0,89.0,198.0,621.0,0.0,178.0,1314.97,233.37,579.23,0.0,0.0,0.0,0.0,0.0,0.0,0.0,0.0,0.0,0.0,0.0,0.0,0.0,0.0,0.0,0.0,0.0,0.0,0.0,0.0,0.0,0.0,0.0,0.0,0.0,0.0,0.0,0,0,0,0,0,0,0,0,0,0,0.0,0.0,0.0,0.0,0.0,0.0,0.0,0.0,0.0,0.0,0.0,0.0,0.0,0.0,0.0,0.0,0.0,0.0,0.0,0.0
420034070013,42003407001,Allegheny,1787.0,40.638479,-79.862259,2064.0,0.0,2003.0,4.0,0.0,0.0,0.0,0.0,57.0,2064.0,487.0,342.0,726.0,50.0,50.0,0.0,171.0,455.0,726.0,17.0,150.0,1806.19,320.55,795.61,0.0,0.0,0.0,0.0,0.0,0.0,0.0,0.0,0.0,0.0,0.0,0.0,0.0,0.0,0.0,0.0,0.0,0.0,0.0,0.0,0.0,0.0,0.0,0.0,0.0,0.0,0.0,0,0,0,0,0,0,0,0,0,0,0.0,0.0,0.0,0.0,0.0,0.0,0.0,0.0,0.0,0.0,0.0,0.0,0.0,0.0,0.0,0.0,0.0,0.0,0.0,0.0
420034070014,42003407001,Allegheny,1774.0,40.637435,-79.909312,1702.0,0.0,1583.0,0.0,0.0,0.0,0.0,0.0,119.0,1702.0,50.0,933.0,847.0,60.0,15.0,131.0,203.0,438.0,847.0,0.0,218.0,1793.05,318.21,789.82,0.0,0.0,0.0,0.0,0.0,0.0,0.0,0.0,0.0,0.0,0.0,0.0,0.0,0.0,0.0,0.0,0.0,0.0,0.0,0.0,0.0,0.0,0.0,0.0,0.0,0.0,0.0,0,0,0,0,0,0,0,0,0,0,0.0,0.0,0.0,0.0,0.0,0.0,0.0,0.0,0.0,0.0,0.0,0.0,0.0,0.0,0.0,0.0,0.0,0.0,0.0,0.0
420034070021,42003407002,Allegheny,1281.0,40.60872,-79.839215,1225.0,0.0,1219.0,0.0,0.0,6.0,0.0,0.0,0.0,1225.0,363.0,269.0,479.0,73.0,66.0,142.0,62.0,136.0,479.0,0.0,161.0,1244.54,153.7,545.71,10.75,0.0,0.0,0.0,0.0,0.0,0.0,0.0,0.0,0.0,0.0,0.0,0.0,0.0,0.0,0.0,0.0,0.0,0.0,0.0,0.0,0.0,0.0,0.0,0.0,0.0,0.0,0,0,0,0,0,0,0,0,0,0,0.0,0.0,0.0,0.0,0.0,0.0,0.0,0.0,0.0,0.0,0.0,0.0,0.0,0.0,0.0,0.0,0.0,0.0,0.0,0.0
420034070022,42003407002,Allegheny,1496.0,40.614491,-79.861977,1385.0,14.0,1321.0,0.0,5.0,0.0,0.0,0.0,45.0,1385.0,151.0,344.0,687.0,176.0,127.0,35.0,44.0,305.0,687.0,35.0,216.0,1453.42,179.49,637.3,12.55,0.0,0.0,0.0,0.0,0.0,0.0,0.0,0.0,0.0,0.0,0.0,0.0,0.0,0.0,0.0,0.0,0.0,0.0,0.0,0.0,0.0,0.0,0.0,0.0,0.0,0.0,0,0,0,0,0,0,0,0,0,0,0.0,0.0,0.0,0.0,0.0,0.0,0.0,0.0,0.0,0.0,0.0,0.0,0.0,0.0,0.0,0.0,0.0,0.0,0.0,0.0
420034070023,42003407002,Allegheny,980.0,40.624672,-79.87923,595.0,0.0,548.0,7.0,0.0,0.0,0.0,0.0,40.0,595.0,84.0,220.0,299.0,21.0,36.0,105.0,48.0,89.0,299.0,15.0,103.0,952.11,117.58,417.48,8.22,0.0,0.0,0.0,0.0,0.0,0.0,0.0,0.0,0.0,0.0,0.0,0.0,0.0,0.0,0.0,0.0,0.0,0.0,0.0,0.0,0.0,0.0,0.0,0.0,0.0,0.0,0,0,0,0,0,0,0,0,0,0,0.0,0.0,0.0,0.0,0.0,0.0,0.0,0.0,0.0,0.0,0.0,0.0,0.0,0.0,0.0,0.0,0.0,0.0,0.0,0.0
420034070024,42003407002,Allegheny,2919.0,40.606959,-79.911784,3376.0,0.0,3209.0,0.0,0.0,0.0,0.0,0.0,167.0,3376.0,614.0,930.0,1379.0,88.0,126.0,247.0,88.0,830.0,1379.0,16.0,368.0,2835.92,350.23,1243.5,24.49,0.0,0.0,0.0,0.0,0.0,0.0,0.0,0.0,0.0,0.0,0.0,0.0,0.0,0.0,0.0,0.0,0.0,0.0,0.0,0.0,0.0,0.0,0.0,0.0,0.0,0.0,0,0,0,0,0,0,0,0,0,0,0.0,0.0,0.0,0.0,0.0,0.0,0.0,0.0,0.0,0.0,0.0,0.0,0.0,0.0,0.0,0.0,0.0,0.0,0.0,0.0
420034080011,42003408001,Allegheny,1723.0,40.65005,-79.929901,1765.0,0.0,1469.0,0.0,0.0,124.0,0.0,34.0,138.0,1765.0,541.0,198.0,637.0,71.0,60.0,80.0,29.0,397.0,637.0,32.0,125.0,1671.31,180.47,647.54,0.0,0.0,0.0,0.0,0.0,0.0,0.0,0.0,0.0,0.0,0.0,0.0,0.0,0.0,0.0,0.0,0.0,0.0,0.0,0.0,0.0,0.0,0.0,0.0,0.0,0.0,0.0,0,0,0,0,0,0,0,0,0,0,0.0,0.0,0.0,0.0,0.0,0.0,0.0,0.0,0.0,0.0,0.0,0.0,0.0,0.0,0.0,0.0,0.0,0.0,0.0,0.0
420034080012,42003408001,Allegheny,2415.0,40.655958,-79.960634,2000.0,40.0,1813.0,31.0,0.0,23.0,0.0,0.0,93.0,2000.0,508.0,371.0,758.0,0.0,66.0,166.0,121.0,405.0,758.0,36.0,150.0,2342.55,252.95,907.61,0.0,0.0,0.0,0.0,0.0,0.0,0.0,0.0,0.0,0.0,0.0,0.0,0.0,0.0,0.0,0.0,0.0,0.0,0.0,0.0,0.0,0.0,0.0,0.0,0.0,0.0,0.0,0,0,0,0,0,0,0,0,0,0,0.0,0.0,0.0,0.0,0.0,0.0,0.0,0.0,0.0,0.0,0.0,0.0,0.0,0.0,0.0,0.0,0.0,0.0,0.0,0.0
420034080013,42003408001,Allegheny,1495.0,40.645198,-79.953,1799.0,0.0,1768.0,0.0,0.0,23.0,0.0,0.0,8.0,1799.0,213.0,753.0,722.0,94.0,50.0,45.0,51.0,482.0,722.0,85.0,186.0,1450.15,156.59,561.85,0.0,0.0,0.0,0.0,0.0,0.0,0.0,0.0,0.0,0.0,0.0,0.0,0.0,0.0,0.0,0.0,0.0,0.0,0.0,0.0,0.0,0.0,0.0,0.0,0.0,0.0,0.0,0,0,0,0,0,0,0,0,0,0,0.0,0.0,0.0,0.0,0.0,0.0,0.0,0.0,0.0,0.0,0.0,0.0,0.0,0.0,0.0,0.0,0.0,0.0,0.0,0.0
420034080021,42003408002,Allegheny,2514.0,40.625103,-79.959163,2645.0,15.0,2390.0,0.0,0.0,92.0,0.0,0.0,148.0,2645.0,564.0,871.0,1157.0,80.0,208.0,125.0,55.0,689.0,1157.0,0.0,351.0,2502.44,287.7,1044.41,0.0,0.0,0.0,0.0,0.0,0.0,0.0,0.0,0.0,0.0,0.0,0.0,0.0,0.0,0.0,0.0,0.0,0.0,0.0,0.0,0.0,0.0,0.0,0.0,0.0,0.0,0.0,0,0,0,0,0,0,0,0,0,0,0.0,0.0,0.0,0.0,0.0,0.0,0.0,0.0,0.0,0.0,0.0,0.0,0.0,0.0,0.0,0.0,0.0,0.0,0.0,0.0
420034080022,42003408002,Allegheny,1291.0,40.631118,-79.926608,1128.0,29.0,972.0,0.0,0.0,57.0,0.0,0.0,70.0,1128.0,380.0,162.0,368.0,0.0,72.0,0.0,0.0,296.0,368.0,0.0,72.0,1285.07,147.74,536.33,0.0,0.0,0.0,0.0,0.0,0.0,0.0,0.0,0.0,0.0,0.0,0.0,0.0,0.0,0.0,0.0,0.0,0.0,0.0,0.0,0.0,0.0,0.0,0.0,0.0,0.0,0.0,0,0,0,0,0,0,0,0,0,0,0.0,0.0,0.0,0.0,0.0,0.0,0.0,0.0,0.0,0.0,0.0,0.0,0.0,0.0,0.0,0.0,0.0,0.0,0.0,0.0
420034080023,42003408002,Allegheny,2504.0,40.622627,-79.933309,2507.0,53.0,2450.0,0.0,4.0,0.0,0.0,0.0,0.0,2507.0,387.0,686.0,1096.0,61.0,264.0,150.0,135.0,486.0,1096.0,20.0,298.0,2492.49,286.56,1040.26,0.0,0.0,0.0,0.0,0.0,0.0,0.0,0.0,0.0,0.0,0.0,0.0,0.0,0.0,0.0,0.0,0.0,0.0,0.0,0.0,0.0,0.0,0.0,0.0,0.0,0.0,0.0,0,0,0,0,0,0,0,0,0,0,0.0,0.0,0.0,0.0,0.0,0.0,0.0,0.0,0.0,0.0,0.0,0.0,0.0,0.0,0.0,0.0,0.0,0.0,0.0,0.0
420034090011,42003409001,Allegheny,1068.0,40.642621,-80.060011,818.0,28.0,723.0,28.0,0.0,0.0,0.0,39.0,0.0,818.0,86.0,251.0,324.0,26.0,16.0,18.0,16.0,248.0,324.0,36.0,42.0,1103.44,76.57,385.4,3.37,0.0,0.0047,0.0,0.0047,0.0,0.0047,0.0,0.0047,0.0,0.0,0.0,0.0,0.0,0.0047,0.0,0.0047,0.0,0.0,0.0,0.0,0.0,0.1,0.0,0.0,0.0,0.0,0,0,0,0,0,0,0,0,0,0,0.0,0.0047,0.0,0.0047,0.0,0.0047,0.0,0.0047,0.0,0.0,0.0,0.0,0.0,0.0047,0.0,0.0047,0.0,0.0,0.0,0.0
420034090012,42003409001,Allegheny,2668.0,40.630075,-80.008245,2672.0,0.0,2024.0,515.0,0.0,28.0,0.0,0.0,105.0,2672.0,909.0,241.0,800.0,14.0,43.0,26.0,85.0,632.0,800.0,0.0,55.0,2756.53,191.28,962.77,8.42,0.0,0.0,0.0,0.0,0.0,0.0,0.0,0.0,0.0,0.0,0.0,0.0,0.0,0.0,0.0,0.0,0.0,0.0,0.0,0.0,0.0,0.0,0.0,0.0,0.0,0.0,0,0,0,0,0,0,0,0,0,0,0.0,0.0,0.0,0.0,0.0,0.0,0.0,0.0,0.0,0.0,0.0,0.0,0.0,0.0,0.0,0.0,0.0,0.0,0.0,0.0
420034090013,42003409001,Allegheny,3532.0,40.634342,-80.045726,3801.0,136.0,3025.0,0.0,0.0,578.0,0.0,41.0,21.0,3801.0,949.0,545.0,1360.0,123.0,0.0,165.0,18.0,1054.0,1360.0,0.0,460.0,3649.2,253.22,1274.55,11.14,0.0,0.098,0.0,0.098,0.0,0.098,0.0,0.098,0.0,0.0,0.0,0.0,0.0,0.098,0.0,0.098,0.0,0.0,0.0,0.0,0.0,1.9,0.0,0.0,0.0,0.0,0,0,0,0,0,0,0,0,0,0,0.0,0.0017,0.0,0.0017,0.0,0.0017,0.0,0.0017,0.0,0.0,0.0,0.0,0.0,0.0017,0.0,0.0017,0.0,0.0,0.0,0.0
420034090014,42003409001,Allegheny,1924.0,40.626271,-80.064431,2239.0,0.0,1850.0,0.0,0.0,227.0,0.0,0.0,162.0,2239.0,561.0,157.0,833.0,50.0,41.0,81.0,87.0,574.0,833.0,0.0,183.0,1987.84,137.94,694.29,6.07,0.0,0.4428,0.0,0.4428,0.0,0.4428,0.0,0.4428,0.0,0.0,0.0,0.0,0.0,0.4428,0.0,0.4428,0.0,0.0,0.0,0.0,0.0,8.4,0.0,0.0,0.0,0.0,0,0,0,0,0,0,0,0,0,0,0.0,0.0,0.0,0.0,0.0,0.0,0.0,0.0,0.0,0.0,0.0,0.0,0.0,0.0,0.0,0.0,0.0,0.0,0.0,0.0
420034090021,42003409002,Allegheny,2324.0,40.663687,-80.055328,2369.0,0.0,2156.0,0.0,0.0,65.0,0.0,39.0,109.0,2369.0,953.0,135.0,684.0,0.0,0.0,72.0,0.0,612.0,684.0,0.0,98.0,2406.41,204.13,755.23,4.65,0.0,0.0,0.0,0.0,0.0,0.0,0.0,0.0,0.0,0.0,0.0,0.0,0.0,0.0,0.0,0.0,0.0,0.0,0.0,0.0,0.0,0.0,0.0,0.0,0.0,0.0,0,0,0,0,0,0,0,0,0,0,0.0,0.0,0.0,0.0,0.0,0.0,0.0,0.0,0.0,0.0,0.0,0.0,0.0,0.0,0.0,0.0,0.0,0.0,0.0,0.0
420034090022,42003409002,Allegheny,3175.0,40.66086,-80.017776,3325.0,47.0,2925.0,14.0,0.0,253.0,0.0,0.0,86.0,3325.0,974.0,341.0,1103.0,68.0,56.0,105.0,8.0,866.0,1103.0,6.0,192.0,3287.59,278.87,1031.77,6.35,0.0,0.0,0.0,0.0,0.0,0.0,0.0,0.0,0.0,0.0,0.0,0.0,0.0,0.0,0.0,0.0,0.0,0.0,0.0,0.0,0.0,0.0,0.0,0.0,0.0,0.0,0,0,0,0,0,0,0,0,0,0,0.0,0.0,0.0,0.0,0.0,0.0,0.0,0.0,0.0,0.0,0.0,0.0,0.0,0.0,0.0,0.0,0.0,0.0,0.0,0.0
420034100001,42003410000,Allegheny,1183.0,40.636837,-80.082749,1194.0,32.0,1080.0,11.0,0.0,2.0,0.0,40.0,29.0,1194.0,306.0,304.0,483.0,20.0,47.0,30.0,62.0,324.0,483.0,24.0,97.0,1194.0,110.0,483.0,0.0,0.0,0.0,0.0,0.0,0.0,0.0,0.0,0.0,0.0,0.0,0.0,0.0,0.0,0.0,0.0,0.0,0.0,0.0,0.0,0.0,0.0,0.0,0.0,0.0,0.0,0.0,0,0,0,0,0,0,0,0,0,0,0.0,0.0,0.0,0.0,0.0,0.0,0.0,0.0,0.0,0.0,0.0,0.0,0.0,0.0,0.0,0.0,0.0,0.0,0.0,0.0
420034110011,42003411001,Allegheny,1781.0,40.638675,-80.121409,2013.0,47.0,1829.0,0.0,0.0,137.0,0.0,0.0,0.0,2013.0,337.0,260.0,730.0,37.0,39.0,48.0,0.0,606.0,730.0,0.0,131.0,1838.38,100.97,635.63,4.0,0.0,0.0,0.0,0.0,0.0,0.0,0.0,0.0,0.0,0.0,0.0,0.0,0.0,0.0,0.0,0.0,0.0,0.0,0.0,0.0,0.0,0.0,0.0,0.0,0.0,0.0,0,0,0,0,0,0,0,0,0,0,0.0,0.0,0.0,0.0,0.0,0.0,0.0,0.0,0.0,0.0,0.0,0.0,0.0,0.0,0.0,0.0,0.0,0.0,0.0,0.0
420034110012,42003411001,Allegheny,2223.0,40.660251,-80.116086,2120.0,91.0,1703.0,0.0,0.0,291.0,0.0,0.0,35.0,2120.0,686.0,170.0,699.0,0.0,42.0,21.0,14.0,622.0,699.0,0.0,51.0,2294.62,126.03,793.37,5.0,0.0,0.0,0.0,0.0,0.0,0.0,0.0,0.0,0.0,0.0,0.0,0.0,0.0,0.0,0.0,0.0,0.0,0.0,0.0,0.0,0.0,0.0,0.0,0.0,0.0,0.0,0,0,0,0,0,0,0,0,0,0,0.0,0.0,0.0,0.0,0.0,0.0,0.0,0.0,0.0,0.0,0.0,0.0,0.0,0.0,0.0,0.0,0.0,0.0,0.0,0.0
420034110021,42003411002,Allegheny,3568.0,40.657877,-80.083178,3521.0,118.0,2135.0,10.0,0.0,1140.0,0.0,0.0,118.0,3521.0,927.0,528.0,1328.0,13.0,52.0,130.0,104.0,1029.0,1328.0,18.0,399.0,3528.07,214.93,1402.3,24.66,0.0,0.0,0.0,0.0,0.0,0.0,0.0,0.0,0.0,0.0,0.0,0.0,0.0,0.0,0.0,0.0,0.0,0.0,0.0,0.0,0.0,0.0,0.0,0.0,0.0,0.0,0,0,0,0,0,0,0,0,0,0,0.0,0.0,0.0,0.0,0.0,0.0,0.0,0.0,0.0,0.0,0.0,0.0,0.0,0.0,0.0,0.0,0.0,0.0,0.0,0.0
420034110022,42003411002,Allegheny,2508.0,40.624609,-80.0818,2572.0,0.0,1949.0,0.0,0.0,514.0,0.0,0.0,109.0,2572.0,646.0,525.0,1060.0,81.0,85.0,67.0,169.0,658.0,1060.0,0.0,386.0,2479.93,151.07,985.7,17.34,0.0,0.0,0.0,0.0,0.0,0.0,0.0,0.0,0.0,0.0,0.0,0.0,0.0,0.0,0.0,0.0,0.0,0.0,0.0,0.0,0.0,0.0,0.0,0.0,0.0,0.0,0,0,0,0,0,0,0,0,0,0,0.0,0.0,0.0,0.0,0.0,0.0,0.0,0.0,0.0,0.0,0.0,0.0,0.0,0.0,0.0,0.0,0.0,0.0,0.0,0.0
420034120021,42003412002,Allegheny,1917.0,40.57245,-80.085467,2326.0,156.0,1598.0,11.0,0.0,475.0,0.0,28.0,58.0,2326.0,536.0,344.0,884.0,22.0,8.0,165.0,97.0,592.0,884.0,5.0,98.0,1950.89,72.9,702.18,8.27,0.0,0.0,0.0,0.0,0.0,0.0,0.0,0.0,0.0,0.0,0.0,0.0,0.0,0.0,0.0,0.0,0.0,0.0,0.0,0.0,0.0,0.0,0.0,0.0,0.0,0.0,0,0,0,0,0,0,0,0,0,0,0.0,0.0,0.0,0.0,0.0,0.0,0.0,0.0,0.0,0.0,0.0,0.0,0.0,0.0,0.0,0.0,0.0,0.0,0.0,0.0
420034120022,42003412002,Allegheny,2948.0,40.56535,-80.071404,2633.0,56.0,2254.0,0.0,0.0,215.0,0.0,0.0,108.0,2633.0,791.0,402.0,898.0,33.0,0.0,78.0,74.0,713.0,898.0,0.0,116.0,3000.11,112.1,1079.82,12.73,0.0,0.0,0.0,0.0,0.0,0.0,0.0,0.0,0.0,0.0,0.0,0.0,0.0,0.0,0.0,0.0,0.0,0.0,0.0,0.0,0.0,0.0,0.0,0.0,0.0,0.0,0,0,0,0,0,0,0,0,0,0,0.0,0.0,0.0,0.0,0.0,0.0,0.0,0.0,0.0,0.0,0.0,0.0,0.0,0.0,0.0,0.0,0.0,0.0,0.0,0.0
420034120031,42003412003,Allegheny,2086.0,40.588834,-80.086016,1890.0,0.0,1434.0,215.0,0.0,217.0,0.0,0.0,24.0,1890.0,573.0,240.0,597.0,0.0,0.0,55.0,76.0,466.0,597.0,0.0,96.0,2065.84,104.43,704.59,6.94,0.0,0.0,0.0,0.0,0.0,0.0,0.0,0.0,0.0,0.0,0.0,0.0,0.0,0.0,0.0,0.0,0.0,0.0,0.0,0.0,0.0,0.0,0.0,0.0,0.0,0.0,0,0,0,0,0,0,0,0,0,0,0.0,0.0,0.0,0.0,0.0,0.0,0.0,0.0,0.0,0.0,0.0,0.0,0.0,0.0,0.0,0.0,0.0,0.0,0.0,0.0
420034120032,42003412003,Allegheny,1728.0,40.60152,-80.087239,1893.0,160.0,1513.0,0.0,0.0,137.0,0.0,0.0,83.0,1893.0,534.0,492.0,729.0,0.0,35.0,23.0,133.0,538.0,729.0,0.0,199.0,1711.3,86.51,583.67,5.75,0.0,0.0,0.0,0.0,0.0,0.0,0.0,0.0,0.0,0.0,0.0,0.0,0.0,0.0,0.0,0.0,0.0,0.0,0.0,0.0,0.0,0.0,0.0,0.0,0.0,0.0,0,0,0,0,0,0,0,0,0,0,0.0,0.0,0.0,0.0,0.0,0.0,0.0,0.0,0.0,0.0,0.0,0.0,0.0,0.0,0.0,0.0,0.0,0.0,0.0,0.0
420034120033,42003412003,Allegheny,2498.0,40.606802,-80.077134,2468.0,32.0,2283.0,0.0,0.0,107.0,0.0,0.0,46.0,2468.0,675.0,287.0,806.0,0.0,39.0,13.0,70.0,684.0,806.0,0.0,88.0,2473.86,125.06,843.75,8.31,0.0,0.0,0.0,0.0,0.0,0.0,0.0,0.0,0.0,0.0,0.0,0.0,0.0,0.0,0.0,0.0,0.0,0.0,0.0,0.0,0.0,0.0,0.0,0.0,0.0,0.0,0,0,0,0,0,0,0,0,0,0,0.0,0.0,0.0,0.0,0.0,0.0,0.0,0.0,0.0,0.0,0.0,0.0,0.0,0.0,0.0,0.0,0.0,0.0,0.0,0.0
420034120041,42003412004,Allegheny,1383.0,40.581753,-80.113768,1414.0,0.0,1332.0,25.0,0.0,31.0,0.0,0.0,26.0,1414.0,363.0,139.0,450.0,6.0,24.0,9.0,69.0,342.0,450.0,111.0,68.0,1285.59,81.66,477.4,16.72,0.0,0.0,0.0,0.0,0.0,0.0,0.0,0.0,0.0,0.0,0.0,0.0,0.0,0.0,0.0,0.0,0.0,0.0,0.0,0.0,0.0,0.0,0.0,0.0,0.0,0.0,0,0,0,0,0,0,0,0,0,0,0.0,0.0,0.0,0.0,0.0,0.0,0.0,0.0,0.0,0.0,0.0,0.0,0.0,0.0,0.0,0.0,0.0,0.0,0.0,0.0
420034120042,42003412004,Allegheny,2919.0,40.600506,-80.105038,2611.0,11.0,1629.0,0.0,0.0,889.0,0.0,0.0,82.0,2611.0,612.0,385.0,1035.0,79.0,85.0,60.0,63.0,748.0,1035.0,25.0,285.0,2713.41,172.34,1007.6,35.28,0.0,0.0,0.0,0.0,0.0,0.0,0.0,0.0,0.0,0.0,0.0,0.0,0.0,0.0,0.0,0.0,0.0,0.0,0.0,0.0,0.0,0.0,0.0,0.0,0.0,0.0,0,0,0,0,0,0,0,0,0,0,0.0,0.0,0.0,0.0,0.0,0.0,0.0,0.0,0.0,0.0,0.0,0.0,0.0,0.0,0.0,0.0,0.0,0.0,0.0,0.0
420034131001,42003413100,Allegheny,1283.0,40.602844,-80.012405,987.0,25.0,761.0,70.0,0.0,23.0,0.0,0.0,108.0,987.0,184.0,175.0,336.0,0.0,26.0,0.0,31.0,279.0,336.0,0.0,11.0,1228.55,130.54,489.7,10.08,0.0,0.0,0.0,0.0,0.0,0.0,0.0,0.0,0.0,0.0,0.0,0.0,0.0,0.0,0.0,0.0,0.0,0.0,0.0,0.0,0.0,0.0,0.0,0.0,0.0,0.0,0,0,0,0,0,0,0,0,0,0,0.0,0.0,0.0,0.0,0.0,0.0,0.0,0.0,0.0,0.0,0.0,0.0,0.0,0.0,0.0,0.0,0.0,0.0,0.0,0.0
420034131002,42003413100,Allegheny,2146.0,40.593762,-80.032551,2028.0,101.0,1742.0,0.0,0.0,90.0,0.0,0.0,95.0,2028.0,281.0,295.0,963.0,117.0,139.0,232.0,100.0,375.0,963.0,72.0,370.0,2054.92,218.34,819.09,16.87,0.0028,0.0224,0.0,0.0196,0.0028,0.0224,0.0,0.0196,0.0028,0.0224,0.0,0.0196,0.0028,0.0224,0.0,0.0196,0.0028,0.0224,0.0,0.0196,0.2,1.5,0.1,1.2,0.1,0.9,0,0,0,0,0,0,0,0,0,0,0.0,0.0,0.0,0.0,0.0,0.0,0.0,0.0,0.0,0.0,0.0,0.0,0.0,0.0,0.0,0.0,0.0,0.0,0.0,0.0
420034131003,42003413100,Allegheny,1407.0,40.599845,-80.043612,1462.0,217.0,1101.0,6.0,0.0,0.0,0.0,0.0,138.0,1462.0,395.0,416.0,481.0,163.0,0.0,17.0,26.0,275.0,481.0,132.0,62.0,1347.29,143.15,537.02,11.06,0.0,0.0057,0.0,0.0057,0.0,0.0057,0.0,0.0057,0.0,0.0,0.0,0.0,0.0,0.0057,0.0,0.0057,0.0,0.0,0.0,0.0,0.0,0.1,0.0,0.0,0.0,0.0,0,0,0,0,0,0,0,0,0,0,0.0,0.0,0.0,0.0,0.0,0.0,0.0,0.0,0.0,0.0,0.0,0.0,0.0,0.0,0.0,0.0,0.0,0.0,0.0,0.0
420034131004,42003413100,Allegheny,2162.0,40.603654,-80.059026,2385.0,279.0,1832.0,0.0,0.0,274.0,0.0,0.0,0.0,2385.0,666.0,408.0,891.0,41.0,39.0,121.0,56.0,634.0,891.0,10.0,239.0,2070.24,219.97,825.19,16.99,0.0,0.1027,0.0,0.1027,0.0,0.1027,0.0,0.1027,0.0,0.0,0.0,0.0,0.0,0.1027,0.0,0.1027,0.0,0.0,0.0,0.0,0.0,2.0,0.0,0.0,0.0,0.0,0,0,0,0,0,0,0,0,0,0,0.0,0.0,0.0,0.0,0.0,0.0,0.0,0.0,0.0,0.0,0.0,0.0,0.0,0.0,0.0,0.0,0.0,0.0,0.0,0.0
420034132011,42003413201,Allegheny,817.0,40.575912,-80.031127,825.0,0.0,764.0,0.0,0.0,61.0,0.0,0.0,0.0,825.0,125.0,151.0,396.0,10.0,69.0,41.0,47.0,229.0,396.0,0.0,161.0,823.83,90.11,330.99,11.74,0.4296,0.317,0.1126,0.0,0.4296,0.317,0.1126,0.0,0.3525,0.317,0.0355,0.0,0.3525,0.317,0.0355,0.0,0.3525,0.317,0.0355,0.0,22.1,33.9,18.7,31.1,11.6,23.5,0,0,0,0,0,0,0,0,0,0,0.0747,0.0747,0.0,0.0,0.0747,0.0747,0.0,0.0,0.0747,0.0747,0.0,0.0,0.0747,0.0747,0.0,0.0,0.0747,0.0747,0.0,0.0
420034132012,42003413201,Allegheny,1314.0,40.577214,-80.048262,1298.0,66.0,1042.0,0.0,0.0,182.0,0.0,0.0,8.0,1298.0,258.0,315.0,443.0,52.0,13.0,23.0,11.0,344.0,443.0,18.0,133.0,1324.99,144.93,532.33,18.89,0.0,0.0,0.0,0.0,0.0,0.0,0.0,0.0,0.0,0.0,0.0,0.0,0.0,0.0,0.0,0.0,0.0,0.0,0.0,0.0,0.0,0.0,0.0,0.0,0.0,0.0,0,0,0,0,0,0,0,0,0,0,0.0,0.0,0.0,0.0,0.0,0.0,0.0,0.0,0.0,0.0,0.0,0.0,0.0,0.0,0.0,0.0,0.0,0.0,0.0,0.0
420034132013,42003413201,Allegheny,1695.0,40.570799,-80.042124,1735.0,66.0,1488.0,23.0,0.0,60.0,0.0,8.0,90.0,1735.0,518.0,363.0,711.0,48.0,152.0,113.0,85.0,313.0,711.0,20.0,338.0,1709.18,186.96,686.68,24.37,0.492,0.0,0.492,0.0,0.492,0.0,0.492,0.0,0.0,0.0,0.0,0.0,0.0,0.0,0.0,0.0,0.0,0.0,0.0,0.0,3.0,0.0,0.0,0.0,0.0,0.0,0,0,0,0,0,0,0,0,0,0,0.0,0.0,0.0,0.0,0.0,0.0,0.0,0.0,0.0,0.0,0.0,0.0,0.0,0.0,0.0,0.0,0.0,0.0,0.0,0.0
420034132021,42003413202,Allegheny,1077.0,40.586409,-80.055339,1075.0,39.0,868.0,12.0,0.0,27.0,0.0,18.0,111.0,1075.0,229.0,316.0,492.0,13.0,51.0,87.0,147.0,194.0,492.0,0.0,131.0,1007.33,106.95,466.95,0.0,0.0,0.0,0.0,0.0,0.0,0.0,0.0,0.0,0.0,0.0,0.0,0.0,0.0,0.0,0.0,0.0,0.0,0.0,0.0,0.0,0.0,0.0,0.0,0.0,0.0,0.0,0,0,0,0,0,0,0,0,0,0,0.0,0.0,0.0,0.0,0.0,0.0,0.0,0.0,0.0,0.0,0.0,0.0,0.0,0.0,0.0,0.0,0.0,0.0,0.0,0.0
420034132022,42003413202,Allegheny,1783.0,40.572691,-80.058392,1611.0,57.0,1508.0,22.0,0.0,4.0,0.0,0.0,20.0,1611.0,250.0,414.0,748.0,60.0,79.0,71.0,123.0,415.0,748.0,9.0,306.0,1667.67,177.05,773.05,0.0,0.0,0.0,0.0,0.0,0.0,0.0,0.0,0.0,0.0,0.0,0.0,0.0,0.0,0.0,0.0,0.0,0.0,0.0,0.0,0.0,0.0,0.0,0.0,0.0,0.0,0.0,0,0,0,0,0,0,0,0,0,0,0.0,0.0,0.0,0.0,0.0,0.0,0.0,0.0,0.0,0.0,0.0,0.0,0.0,0.0,0.0,0.0,0.0,0.0,0.0,0.0
420034133001,42003413300,Allegheny,1759.0,40.560844,-80.030709,1845.0,105.0,1632.0,32.0,0.0,34.0,0.0,0.0,42.0,1845.0,339.0,584.0,698.0,55.0,43.0,193.0,48.0,359.0,698.0,18.0,219.0,1555.9,171.72,658.72,4.69,0.282,0.1745,0.1074,0.0,0.282,0.1745,0.1074,0.0,0.2018,0.1745,0.0273,0.0,0.2018,0.1302,0.0716,0.0,0.2018,0.1302,0.0716,0.0,11.9,15.2,8.9,13.7,5.6,10.5,0,0,0,0,0,0,0,0,0,0,0.0296,0.021,0.0085,0.0,0.0296,0.021,0.0085,0.0,0.0,0.021,0.0,0.021,0.0,0.021,0.0,0.021,0.0,0.021,0.0,0.021
420034133002,42003413300,Allegheny,2413.0,40.56028,-80.050412,2196.0,36.0,2040.0,0.0,0.0,66.0,0.0,0.0,54.0,2196.0,440.0,607.0,931.0,89.0,48.0,142.0,67.0,585.0,931.0,39.0,269.0,2134.39,235.56,903.64,6.43,0.0249,0.0,0.0249,0.0,0.0249,0.0,0.0249,0.0,0.0,0.0,0.0,0.0,0.0,0.0,0.0,0.0,0.0,0.0,0.0,0.0,0.1,0.0,0.0,0.0,0.0,0.0,0,0,0,0,0,0,0,0,0,0,0.0,0.0,0.0,0.0,0.0,0.0,0.0,0.0,0.0,0.0,0.0,0.0,0.0,0.0,0.0,0.0,0.0,0.0,0.0,0.0
420034133003,42003413300,Allegheny,704.0,40.55787,-80.062174,450.0,11.0,439.0,0.0,0.0,0.0,0.0,0.0,0.0,450.0,62.0,157.0,197.0,8.0,8.0,9.0,19.0,153.0,197.0,0.0,68.0,622.71,68.73,263.64,1.88,0.0,0.0,0.0,0.0,0.0,0.0,0.0,0.0,0.0,0.0,0.0,0.0,0.0,0.0,0.0,0.0,0.0,0.0,0.0,0.0,0.0,0.0,0.0,0.0,0.0,0.0,0,0,0,0,0,0,0,0,0,0,0.0,0.0,0.0,0.0,0.0,0.0,0.0,0.0,0.0,0.0,0.0,0.0,0.0,0.0,0.0,0.0,0.0,0.0,0.0,0.0
420034134001,42003413400,Allegheny,1607.0,40.561781,-80.000959,1241.0,19.0,1121.0,0.0,0.0,0.0,0.0,0.0,101.0,1241.0,270.0,174.0,481.0,19.0,12.0,15.0,57.0,378.0,481.0,12.0,109.0,1595.97,154.4,596.62,0.0,0.7162,0.0,0.7162,0.0,0.7162,0.0,0.7162,0.0,0.5208,0.0,0.5208,0.0,0.0,0.0,0.0,0.0,0.0,0.0,0.0,0.0,19.7,0.0,6.7,0.0,5.8,0.0,0,0,0,0,0,0,0,0,0,0,0.1655,0.0,0.1655,0.0,0.1655,0.0,0.1655,0.0,0.0498,0.0,0.0498,0.0,0.0,0.0,0.0,0.0,0.0,0.0,0.0,0.0
420034134002,42003413400,Allegheny,1303.0,40.55941,-80.013969,1342.0,200.0,1042.0,25.0,0.0,51.0,0.0,0.0,24.0,1342.0,289.0,396.0,563.0,28.0,101.0,63.0,48.0,323.0,563.0,100.0,108.0,1294.06,125.19,483.76,0.0,1.0,0.3891,0.6109,0.0,1.0,0.3891,0.6109,0.0,0.9041,0.3891,0.515,0.0,0.439,0.3891,0.0499,0.0,0.439,0.3891,0.0499,0.0,59.4,27.7,35.7,35.0,25.3,26.0,1,0,1,0,1,0,0,0,0,0,0.3968,0.0906,0.3062,0.0,0.3968,0.0906,0.3062,0.0,0.2563,0.0906,0.1658,0.0,0.1274,0.0906,0.0368,0.0,0.1274,0.0906,0.0368,0.0
420034134003,42003413400,Allegheny,1607.0,40.559128,-79.993321,1903.0,49.0,1637.0,8.0,0.0,135.0,0.0,49.0,25.0,1903.0,568.0,322.0,633.0,8.0,36.0,115.0,23.0,451.0,633.0,58.0,69.0,1595.97,154.4,596.62,0.0,0.5165,0.0,0.5165,0.0,0.5165,0.0,0.5165,0.0,0.4107,0.0,0.4107,0.0,0.0,0.0,0.0,0.0,0.0,0.0,0.0,0.0,17.5,0.0,6.3,0.0,5.5,0.0,0,0,0,0,0,0,0,0,0,0,0.0423,0.0,0.0423,0.0,0.0423,0.0,0.0423,0.0,0.0423,0.0,0.0423,0.0,0.0,0.0,0.0,0.0,0.0,0.0,0.0,0.0
420034135001,42003413500,Allegheny,950.0,40.583605,-80.007034,507.0,0.0,507.0,0.0,0.0,0.0,0.0,0.0,0.0,507.0,91.0,203.0,298.0,50.0,14.0,30.0,0.0,204.0,298.0,0.0,187.0,956.46,115.22,462.3,10.04,0.0484,0.0,0.0484,0.0,0.0484,0.0,0.0484,0.0,0.0,0.0,0.0,0.0,0.0,0.0,0.0,0.0,0.0,0.0,0.0,0.0,0.3,0.0,0.0,0.0,0.0,0.0,0,0,0,0,0,0,0,0,0,0,0.0484,0.0,0.0484,0.0,0.0484,0.0,0.0484,0.0,0.0,0.0,0.0,0.0,0.0,0.0,0.0,0.0,0.0,0.0,0.0,0.0
420034135002,42003413500,Allegheny,2164.0,40.575525,-80.020611,2100.0,17.0,1454.0,10.0,0.0,538.0,0.0,0.0,81.0,2100.0,338.0,406.0,1001.0,128.0,153.0,148.0,31.0,541.0,1001.0,30.0,426.0,2178.71,262.45,1053.07,22.88,0.7079,0.719,0.0513,0.0624,0.7079,0.719,0.0513,0.0624,0.6567,0.719,0.0,0.0624,0.6567,0.719,0.0,0.0624,0.6567,0.719,0.0,0.0624,39.8,69.1,35.4,68.9,21.7,51.8,0,0,0,0,0,0,0,0,0,0,0.0189,0.0245,0.0,0.0055,0.0189,0.0245,0.0,0.0055,0.0189,0.0245,0.0,0.0055,0.0189,0.0245,0.0,0.0055,0.0189,0.0245,0.0,0.0055
420034135003,42003413500,Allegheny,1448.0,40.57245,-79.997337,1267.0,0.0,1194.0,0.0,0.0,73.0,0.0,0.0,0.0,1267.0,284.0,229.0,552.0,79.0,81.0,19.0,13.0,360.0,552.0,0.0,217.0,1457.84,175.61,704.65,15.31,1.0,0.0,1.0,0.0,1.0,0.0,1.0,0.0,0.3729,0.0,0.3729,0.0,0.0,0.0,0.0,0.0,0.0,0.0,0.0,0.0,22.8,0.0,6.0,0.0,5.2,0.0,1,0,1,0,0,0,0,0,0,0,0.2348,0.0,0.2348,0.0,0.2348,0.0,0.2348,0.0,0.1209,0.0,0.1209,0.0,0.0,0.0,0.0,0.0,0.0,0.0,0.0,0.0
420034135004,42003413500,Allegheny,2059.0,40.576613,-80.004869,2843.0,32.0,2526.0,83.0,0.0,165.0,0.0,0.0,37.0,2843.0,293.0,538.0,1371.0,111.0,300.0,403.0,264.0,293.0,1371.0,54.0,903.0,2072.99,249.72,1001.98,21.77,0.9262,0.2496,0.6765,0.0,0.9262,0.2496,0.6765,0.0,0.4565,0.2496,0.2069,0.0,0.3492,0.2496,0.0996,0.0,0.3492,0.2496,0.0996,0.0,25.7,18.5,20.3,24.5,13.0,18.5,0,0,0,0,0,0,0,0,0,0,0.2122,0.0,0.2122,0.0,0.2122,0.0,0.2122,0.0,0.0,0.0,0.0,0.0,0.0,0.0,0.0,0.0,0.0,0.0,0.0,0.0
420034141011,42003414101,Allegheny,2169.0,40.609195,-79.934297,1673.0,0.0,1596.0,2.0,0.0,51.0,0.0,0.0,24.0,1673.0,356.0,356.0,714.0,66.0,124.0,63.0,102.0,359.0,714.0,23.0,284.0,2176.1,202.35,801.89,0.0,0.0,0.0,0.0,0.0,0.0,0.0,0.0,0.0,0.0,0.0,0.0,0.0,0.0,0.0,0.0,0.0,0.0,0.0,0.0,0.0,0.0,0.0,0.0,0.0,0.0,0.0,0,0,0,0,0,0,0,0,0,0,0.0,0.0,0.0,0.0,0.0,0.0,0.0,0.0,0.0,0.0,0.0,0.0,0.0,0.0,0.0,0.0,0.0,0.0,0.0,0.0
420034141012,42003414101,Allegheny,1272.0,40.587987,-79.934314,1827.0,0.0,1785.0,0.0,0.0,0.0,0.0,0.0,42.0,1827.0,588.0,223.0,582.0,0.0,0.0,106.0,24.0,452.0,582.0,0.0,0.0,1276.16,118.66,470.26,0.0,0.0,0.0,0.0,0.0,0.0,0.0,0.0,0.0,0.0,0.0,0.0,0.0,0.0,0.0,0.0,0.0,0.0,0.0,0.0,0.0,0.0,0.0,0.0,0.0,0.0,0.0,0,0,0,0,0,0,0,0,0,0,0.0,0.0,0.0,0.0,0.0,0.0,0.0,0.0,0.0,0.0,0.0,0.0,0.0,0.0,0.0,0.0,0.0,0.0,0.0,0.0
420034141013,42003414101,Allegheny,923.0,40.59899,-79.941423,795.0,0.0,768.0,0.0,0.0,27.0,0.0,0.0,0.0,795.0,56.0,195.0,347.0,18.0,16.0,73.0,35.0,205.0,347.0,0.0,55.0,926.02,86.11,341.24,0.0,0.0,0.0,0.0,0.0,0.0,0.0,0.0,0.0,0.0,0.0,0.0,0.0,0.0,0.0,0.0,0.0,0.0,0.0,0.0,0.0,0.0,0.0,0.0,0.0,0.0,0.0,0,0,0,0,0,0,0,0,0,0,0.0,0.0,0.0,0.0,0.0,0.0,0.0,0.0,0.0,0.0,0.0,0.0,0.0,0.0,0.0,0.0,0.0,0.0,0.0,0.0
420034141014,42003414101,Allegheny,1135.0,40.607315,-79.923779,1222.0,0.0,1188.0,28.0,0.0,0.0,0.0,0.0,6.0,1222.0,189.0,153.0,390.0,0.0,27.0,0.0,68.0,295.0,390.0,0.0,33.0,1138.72,105.88,419.61,0.0,0.0,0.0,0.0,0.0,0.0,0.0,0.0,0.0,0.0,0.0,0.0,0.0,0.0,0.0,0.0,0.0,0.0,0.0,0.0,0.0,0.0,0.0,0.0,0.0,0.0,0.0,0,0,0,0,0,0,0,0,0,0,0.0,0.0,0.0,0.0,0.0,0.0,0.0,0.0,0.0,0.0,0.0,0.0,0.0,0.0,0.0,0.0,0.0,0.0,0.0,0.0
420034141021,42003414102,Allegheny,2826.0,40.601055,-79.957729,3209.0,22.0,2902.0,0.0,2.0,143.0,0.0,0.0,140.0,3209.0,986.0,606.0,1169.0,91.0,147.0,158.0,75.0,698.0,1169.0,61.0,382.0,2718.08,269.6,1098.47,26.48,0.0,0.0,0.0,0.0,0.0,0.0,0.0,0.0,0.0,0.0,0.0,0.0,0.0,0.0,0.0,0.0,0.0,0.0,0.0,0.0,0.0,0.0,0.0,0.0,0.0,0.0,0,0,0,0,0,0,0,0,0,0,0.0,0.0,0.0,0.0,0.0,0.0,0.0,0.0,0.0,0.0,0.0,0.0,0.0,0.0,0.0,0.0,0.0,0.0,0.0,0.0
420034141022,42003414102,Allegheny,2336.0,40.578256,-79.964154,2268.0,114.0,2059.0,0.0,0.0,95.0,0.0,0.0,0.0,2268.0,501.0,563.0,947.0,149.0,144.0,47.0,193.0,414.0,947.0,113.0,268.0,2246.79,222.86,908.0,21.89,0.0,0.0,0.0,0.0,0.0,0.0,0.0,0.0,0.0,0.0,0.0,0.0,0.0,0.0,0.0,0.0,0.0,0.0,0.0,0.0,0.0,0.0,0.0,0.0,0.0,0.0,0,0,0,0,0,0,0,0,0,0,0.0,0.0,0.0,0.0,0.0,0.0,0.0,0.0,0.0,0.0,0.0,0.0,0.0,0.0,0.0,0.0,0.0,0.0,0.0,0.0
420034141023,42003414102,Allegheny,1882.0,40.593831,-79.979209,1298.0,0.0,1160.0,0.0,0.0,80.0,0.0,0.0,58.0,1298.0,191.0,372.0,622.0,9.0,131.0,58.0,74.0,350.0,622.0,14.0,241.0,1810.13,179.54,731.53,17.63,0.0887,0.0,0.0887,0.0,0.0887,0.0,0.0887,0.0,0.0,0.0,0.0,0.0,0.0,0.0,0.0,0.0,0.0,0.0,0.0,0.0,0.4,0.0,0.0,0.0,0.0,0.0,0,0,0,0,0,0,0,0,0,0,0.0181,0.0,0.0181,0.0,0.0181,0.0,0.0181,0.0,0.0,0.0,0.0,0.0,0.0,0.0,0.0,0.0,0.0,0.0,0.0,0.0
420034142001,42003414200,Allegheny,1020.0,40.561435,-79.963011,885.0,50.0,694.0,17.0,0.0,0.0,0.0,0.0,124.0,885.0,320.0,287.0,336.0,18.0,81.0,107.0,12.0,118.0,336.0,0.0,129.0,1008.83,74.06,350.2,2.41,0.0931,0.5314,0.0,0.4382,0.0931,0.5314,0.0,0.4382,0.0931,0.0,0.0931,0.0,0.0,0.0,0.0,0.0,0.0,0.0,0.0,0.0,3.9,5.2,1.5,0.0,1.4,0.0,0,1,0,1,0,0,0,0,0,0,0.0,0.0324,0.0,0.0324,0.0,0.0324,0.0,0.0324,0.0,0.0,0.0,0.0,0.0,0.0,0.0,0.0,0.0,0.0,0.0,0.0
420034142002,42003414200,Allegheny,1718.0,40.560106,-79.979224,1364.0,184.0,1096.0,0.0,0.0,0.0,0.0,0.0,84.0,1364.0,301.0,313.0,507.0,0.0,58.0,62.0,42.0,345.0,507.0,0.0,158.0,1699.19,124.74,589.84,4.05,0.642,0.241,0.4895,0.0885,0.642,0.241,0.4895,0.0885,0.642,0.0,0.642,0.0,0.0,0.0,0.0,0.0,0.0,0.0,0.0,0.0,27.1,2.4,10.3,0.0,9.2,0.0,1,0,1,0,1,0,0,0,0,0,0.1327,0.0343,0.1123,0.014,0.1327,0.0343,0.1123,0.014,0.1327,0.0,0.1327,0.0,0.0,0.0,0.0,0.0,0.0,0.0,0.0,0.0
420034142003,42003414200,Allegheny,1515.0,40.562426,-79.942678,1628.0,39.0,1545.0,0.0,0.0,0.0,0.0,0.0,44.0,1628.0,463.0,293.0,507.0,0.0,19.0,21.0,33.0,434.0,507.0,0.0,42.0,1498.41,110.0,520.14,3.57,0.0,0.0,0.0,0.0,0.0,0.0,0.0,0.0,0.0,0.0,0.0,0.0,0.0,0.0,0.0,0.0,0.0,0.0,0.0,0.0,0.0,0.0,0.0,0.0,0.0,0.0,0,0,0,0,0,0,0,0,0,0,0.0,0.0,0.0,0.0,0.0,0.0,0.0,0.0,0.0,0.0,0.0,0.0,0.0,0.0,0.0,0.0,0.0,0.0,0.0,0.0
420034142004,42003414200,Allegheny,1683.0,40.574638,-79.934687,2016.0,0.0,1953.0,0.0,0.0,45.0,0.0,0.0,18.0,2016.0,504.0,290.0,688.0,0.0,33.0,0.0,17.0,638.0,688.0,17.0,140.0,1664.57,122.2,577.82,3.97,0.0,0.0,0.0,0.0,0.0,0.0,0.0,0.0,0.0,0.0,0.0,0.0,0.0,0.0,0.0,0.0,0.0,0.0,0.0,0.0,0.0,0.0,0.0,0.0,0.0,0.0,0,0,0,0,0,0,0,0,0,0,0.0,0.0,0.0,0.0,0.0,0.0,0.0,0.0,0.0,0.0,0.0,0.0,0.0,0.0,0.0,0.0,0.0,0.0,0.0,0.0
420034150011,42003415001,Allegheny,1070.0,40.586393,-79.884178,958.0,15.0,903.0,18.0,0.0,0.0,0.0,0.0,22.0,958.0,164.0,241.0,324.0,0.0,41.0,77.0,48.0,158.0,324.0,0.0,99.0,1085.88,113.44,380.6,0.0,0.0,0.0,0.0,0.0,0.0,0.0,0.0,0.0,0.0,0.0,0.0,0.0,0.0,0.0,0.0,0.0,0.0,0.0,0.0,0.0,0.0,0.0,0.0,0.0,0.0,0.0,0,0,0,0,0,0,0,0,0,0,0.0,0.0,0.0,0.0,0.0,0.0,0.0,0.0,0.0,0.0,0.0,0.0,0.0,0.0,0.0,0.0,0.0,0.0,0.0,0.0
420034150012,42003415001,Allegheny,1486.0,40.571971,-79.880682,1356.0,22.0,1169.0,19.0,0.0,61.0,0.0,0.0,85.0,1356.0,370.0,272.0,514.0,65.0,47.0,55.0,97.0,250.0,514.0,20.0,121.0,1508.05,157.55,528.57,0.0,0.0,0.0,0.0,0.0,0.0,0.0,0.0,0.0,0.0,0.0,0.0,0.0,0.0,0.0,0.0,0.0,0.0,0.0,0.0,0.0,0.0,0.0,0.0,0.0,0.0,0.0,0,0,0,0,0,0,0,0,0,0,0.0,0.0,0.0,0.0,0.0,0.0,0.0,0.0,0.0,0.0,0.0,0.0,0.0,0.0,0.0,0.0,0.0,0.0,0.0,0.0
420034150013,42003415001,Allegheny,2094.0,40.577276,-79.83374,2520.0,4.0,2104.0,118.0,0.0,236.0,0.0,0.0,58.0,2520.0,503.0,253.0,816.0,29.0,71.0,149.0,40.0,527.0,816.0,16.0,175.0,2125.07,222.01,744.83,0.0,0.0,0.0,0.0,0.0,0.0,0.0,0.0,0.0,0.0,0.0,0.0,0.0,0.0,0.0,0.0,0.0,0.0,0.0,0.0,0.0,0.0,0.0,0.0,0.0,0.0,0.0,0,0,0,0,0,0,0,0,0,0,0.0,0.0,0.0,0.0,0.0,0.0,0.0,0.0,0.0,0.0,0.0,0.0,0.0,0.0,0.0,0.0,0.0,0.0,0.0,0.0
420034150021,42003415002,Allegheny,1450.0,40.556831,-79.891237,1049.0,24.0,867.0,17.0,0.0,91.0,0.0,11.0,39.0,1049.0,147.0,397.0,487.0,21.0,109.0,57.0,51.0,249.0,487.0,8.0,119.0,1373.16,174.29,589.13,2.78,0.0,0.0,0.0,0.0,0.0,0.0,0.0,0.0,0.0,0.0,0.0,0.0,0.0,0.0,0.0,0.0,0.0,0.0,0.0,0.0,0.0,0.0,0.0,0.0,0.0,0.0,0,0,0,0,0,0,0,0,0,0,0.0,0.0,0.0,0.0,0.0,0.0,0.0,0.0,0.0,0.0,0.0,0.0,0.0,0.0,0.0,0.0,0.0,0.0,0.0,0.0
420034150022,42003415002,Allegheny,1154.0,40.544316,-79.930172,1426.0,69.0,1210.0,4.0,0.0,24.0,0.0,0.0,119.0,1426.0,340.0,333.0,571.0,71.0,86.0,44.0,80.0,290.0,571.0,55.0,108.0,1092.84,138.71,468.87,2.22,0.0,0.0,0.0,0.0,0.0,0.0,0.0,0.0,0.0,0.0,0.0,0.0,0.0,0.0,0.0,0.0,0.0,0.0,0.0,0.0,0.0,0.0,0.0,0.0,0.0,0.0,0,0,0,0,0,0,0,0,0,0,0.0,0.0,0.0,0.0,0.0,0.0,0.0,0.0,0.0,0.0,0.0,0.0,0.0,0.0,0.0,0.0,0.0,0.0,0.0,0.0
420034160001,42003416000,Allegheny,831.0,40.553028,-79.805038,899.0,19.0,845.0,0.0,0.0,16.0,0.0,0.0,19.0,899.0,57.0,287.0,471.0,91.0,115.0,92.0,64.0,109.0,471.0,36.0,250.0,774.88,121.95,390.68,0.0,0.0,0.0,0.0,0.0,0.0,0.0,0.0,0.0,0.0,0.0,0.0,0.0,0.0,0.0,0.0,0.0,0.0,0.0,0.0,0.0,0.0,0.0,0.0,0.0,0.0,0.0,0,0,0,0,0,0,0,0,0,0,0.0,0.0,0.0,0.0,0.0,0.0,0.0,0.0,0.0,0.0,0.0,0.0,0.0,0.0,0.0,0.0,0.0,0.0,0.0,0.0
420034160002,42003416000,Allegheny,709.0,40.553542,-79.790235,537.0,5.0,489.0,0.0,0.0,3.0,0.0,0.0,40.0,537.0,101.0,136.0,253.0,40.0,46.0,35.0,26.0,106.0,253.0,6.0,84.0,661.12,104.05,333.32,0.0,0.0113,0.0113,0.0,0.0,0.0113,0.0113,0.0,0.0,0.0113,0.0113,0.0,0.0,0.0113,0.0113,0.0,0.0,0.0113,0.0113,0.0,0.0,0.8,0.9,0.4,0.8,0.4,0.5,0,0,0,0,0,0,0,0,0,0,0.0113,0.0113,0.0,0.0,0.0113,0.0113,0.0,0.0,0.0113,0.0113,0.0,0.0,0.0113,0.0113,0.0,0.0,0.0113,0.0113,0.0,0.0
420034171001,42003417100,Allegheny,806.0,40.543724,-79.778058,658.0,0.0,652.0,0.0,0.0,0.0,0.0,0.0,6.0,658.0,101.0,202.0,328.0,30.0,122.0,41.0,56.0,79.0,328.0,47.0,143.0,790.74,119.45,400.02,4.84,0.7717,0.7717,0.0,0.0,0.7717,0.7717,0.0,0.0,0.7717,0.7717,0.0,0.0,0.7717,0.7717,0.0,0.0,0.7717,0.7717,0.0,0.0,57.1,64.8,29.3,52.5,29.3,37.0,1,1,1,1,1,1,1,1,1,1,0.3189,0.3189,0.0,0.0,0.3189,0.3189,0.0,0.0,0.3189,0.3189,0.0,0.0,0.3189,0.3189,0.0,0.0,0.2084,0.3189,0.0,0.1104
420034171002,42003417100,Allegheny,748.0,40.542741,-79.78588,796.0,8.0,773.0,0.0,0.0,0.0,0.0,0.0,15.0,796.0,139.0,90.0,378.0,33.0,53.0,68.0,20.0,204.0,378.0,23.0,104.0,733.84,110.85,371.24,4.49,1.0,1.0,0.0,0.0,1.0,1.0,0.0,0.0,1.0,1.0,0.0,0.0,1.0,1.0,0.0,0.0,1.0,1.0,0.0,0.0,73.9,84.8,38.0,68.3,38.0,48.0,1,1,1,1,1,1,1,1,1,1,0.3422,0.3422,0.0,0.0,0.3422,0.3422,0.0,0.0,0.3422,0.3422,0.0,0.0,0.3422,0.3422,0.0,0.0,0.2767,0.3422,0.0,0.0655
420034171003,42003417100,Allegheny,612.0,40.545227,-79.788479,671.0,36.0,630.0,0.0,0.0,0.0,0.0,0.0,5.0,671.0,67.0,293.0,369.0,12.0,67.0,144.0,37.0,109.0,369.0,12.0,180.0,600.42,90.7,303.74,3.67,0.3366,0.3366,0.0,0.0,0.3366,0.3366,0.0,0.0,0.3366,0.3366,0.0,0.0,0.3366,0.3366,0.0,0.0,0.3366,0.3366,0.0,0.0,24.6,28.6,12.8,23.3,12.8,16.2,0,0,0,0,0,0,0,0,0,0,0.1144,0.1144,0.0,0.0,0.1144,0.1144,0.0,0.0,0.1144,0.1144,0.0,0.0,0.1144,0.1144,0.0,0.0,0.1144,0.1144,0.0,0.0
420034172001,42003417200,Allegheny,1234.0,40.539732,-79.781506,1194.0,8.0,1153.0,12.0,0.0,1.0,0.0,14.0,6.0,1194.0,242.0,336.0,580.0,159.0,131.0,74.0,71.0,145.0,580.0,127.0,193.0,1194.0,310.0,580.0,0.0,0.9846,0.9846,0.0,0.0,0.9846,0.9846,0.0,0.0,0.9846,0.9846,0.0,0.0,0.9846,0.9846,0.0,0.0,0.9846,0.9846,0.0,0.0,72.9,83.0,37.4,67.0,37.4,47.3,1,1,1,1,1,1,1,1,1,1,0.4652,0.4652,0.0,0.0,0.4652,0.4652,0.0,0.0,0.4652,0.4652,0.0,0.0,0.4652,0.359,0.1062,0.0,0.4546,0.359,0.1062,0.0105
420034180001,42003418000,Allegheny,1672.0,40.544034,-79.800741,1661.0,43.0,1516.0,3.0,0.0,0.0,0.0,0.0,99.0,1661.0,256.0,488.0,780.0,93.0,130.0,167.0,141.0,249.0,780.0,18.0,331.0,1661.0,206.0,780.0,0.0,0.5981,0.5981,0.0,0.0,0.5981,0.5981,0.0,0.0,0.5981,0.5981,0.0,0.0,0.5981,0.5981,0.0,0.0,0.5825,0.5981,0.0,0.0156,43.1,50.2,22.4,40.4,22.4,28.3,1,1,1,1,1,1,1,1,1,1,0.247,0.247,0.0,0.0,0.247,0.247,0.0,0.0,0.247,0.247,0.0,0.0,0.247,0.247,0.0,0.0,0.247,0.247,0.0,0.0
420034190001,42003419000,Allegheny,1016.0,40.548321,-79.821846,1214.0,0.0,1113.0,73.0,0.0,28.0,0.0,0.0,0.0,1214.0,217.0,514.0,449.0,76.0,40.0,86.0,125.0,122.0,449.0,15.0,233.0,925.52,165.39,517.89,0.0,0.5108,0.5108,0.0,0.0,0.5108,0.5108,0.0,0.0,0.5108,0.5108,0.0,0.0,0.5108,0.5108,0.0,0.0,0.5108,0.5108,0.0,0.0,45.6,53.4,19.5,42.2,19.5,29.6,0,0,0,0,0,0,0,0,0,0,0.2146,0.2146,0.0,0.0,0.2146,0.2146,0.0,0.0,0.2106,0.2146,0.0,0.0039,0.2106,0.1781,0.0364,0.0039,0.2106,0.1781,0.0364,0.0039
420034190002,42003419000,Allegheny,762.0,40.544013,-79.811859,719.0,0.0,693.0,0.0,0.0,0.0,0.0,0.0,26.0,719.0,109.0,74.0,404.0,99.0,107.0,101.0,17.0,80.0,404.0,63.0,222.0,694.14,124.04,388.42,0.0,0.7008,0.7008,0.0,0.0,0.7008,0.7008,0.0,0.0,0.7008,0.7008,0.0,0.0,0.7008,0.7008,0.0,0.0,0.7008,0.7008,0.0,0.0,51.2,59.2,26.9,48.3,26.9,33.9,1,1,1,1,1,1,1,1,1,1,0.3045,0.3045,0.0,0.0,0.3045,0.3045,0.0,0.0,0.3045,0.3045,0.0,0.0,0.3045,0.3045,0.0,0.0,0.2703,0.3045,0.0,0.0341
420034190003,42003419000,Allegheny,1355.0,40.543957,-79.858703,1142.0,2.0,1129.0,1.0,0.0,0.0,0.0,0.0,10.0,1142.0,53.0,539.0,744.0,162.0,118.0,91.0,61.0,312.0,744.0,13.0,408.0,1234.33,220.57,690.69,0.0,0.1697,0.1697,0.0,0.0,0.1697,0.1697,0.0,0.0,0.1697,0.1697,0.0,0.0,0.1697,0.1697,0.0,0.0,0.1697,0.1697,0.0,0.0,16.9,22.7,6.5,17.5,6.5,12.1,0,0,0,0,0,0,0,0,0,0,0.0539,0.0539,0.0,0.0,0.0539,0.0539,0.0,0.0,0.0539,0.0539,0.0,0.0,0.0539,0.0539,0.0,0.0,0.0081,0.0539,0.0,0.0458
420034200001,42003420000,Allegheny,1454.0,40.493776,-79.861542,1439.0,0.0,1219.0,4.0,0.0,157.0,0.0,0.0,59.0,1439.0,158.0,486.0,910.0,222.0,185.0,129.0,106.0,268.0,910.0,181.0,510.0,1439.0,287.0,910.0,0.0,1.0,1.0,0.0,0.0,1.0,1.0,0.0,0.0,1.0,0.9869,0.0131,0.0,1.0,0.9869,0.0131,0.0,1.0,0.9869,0.0131,0.0,120.2,123.7,72.2,100.8,67.3,70.2,1,1,1,1,1,1,1,1,1,1,0.5516,0.489,0.0626,0.0,0.5516,0.489,0.0626,0.0,0.5516,0.489,0.0626,0.0,0.5516,0.489,0.0626,0.0,0.5516,0.489,0.0626,0.0
420034211001,42003421100,Allegheny,1230.0,40.519143,-79.860322,1307.0,65.0,875.0,0.0,0.0,289.0,0.0,0.0,78.0,1307.0,381.0,211.0,483.0,55.0,0.0,61.0,33.0,334.0,483.0,0.0,74.0,1201.29,99.76,525.52,4.95,0.0,0.0,0.0,0.0,0.0,0.0,0.0,0.0,0.0,0.0,0.0,0.0,0.0,0.0,0.0,0.0,0.0,0.0,0.0,0.0,0.0,0.0,0.0,0.0,0.0,0.0,0,0,0,0,0,0,0,0,0,0,0.0,0.0,0.0,0.0,0.0,0.0,0.0,0.0,0.0,0.0,0.0,0.0,0.0,0.0,0.0,0.0,0.0,0.0,0.0,0.0
420034211002,42003421100,Allegheny,878.0,40.501119,-79.856713,902.0,0.0,744.0,99.0,0.0,21.0,0.0,0.0,38.0,902.0,258.0,161.0,377.0,121.0,0.0,0.0,89.0,167.0,377.0,71.0,81.0,857.5,71.21,375.12,3.53,0.9339,0.9339,0.0,0.0,0.9339,0.9339,0.0,0.0,0.9339,0.9339,0.0,0.0,0.9339,0.9339,0.0,0.0,0.9339,0.9339,0.0,0.0,91.1,91.6,54.2,74.5,50.4,51.8,1,1,1,1,1,1,1,1,1,1,0.2927,0.2927,0.0,0.0,0.2927,0.2927,0.0,0.0,0.2927,0.2927,0.0,0.0,0.2927,0.2927,0.0,0.0,0.262,0.1412,0.1515,0.0308
420034211003,42003421100,Allegheny,2019.0,40.498682,-79.872633,2161.0,26.0,2051.0,0.0,0.0,68.0,0.0,0.0,16.0,2161.0,531.0,514.0,991.0,74.0,138.0,79.0,144.0,556.0,991.0,43.0,454.0,1971.87,163.75,862.62,8.13,0.4854,0.4854,0.0,0.0,0.4854,0.4854,0.0,0.0,0.4854,0.4854,0.0,0.0,0.4854,0.4854,0.0,0.0,0.4854,0.4577,0.0277,0.0,95.6,97.8,63.1,77.8,55.8,56.5,1,1,1,1,1,1,1,1,1,1,0.055,0.055,0.0,0.0,0.055,0.055,0.0,0.0,0.055,0.055,0.0,0.0,0.055,0.055,0.0,0.0,0.055,0.0401,0.0149,0.0
420034211004,42003421100,Allegheny,842.0,40.493817,-79.883649,608.0,0.0,551.0,36.0,0.0,21.0,0.0,0.0,0.0,608.0,57.0,371.0,272.0,0.0,63.0,28.0,43.0,138.0,272.0,42.0,144.0,822.34,68.29,359.74,3.39,1.0,1.0,0.0,0.0,1.0,1.0,0.0,0.0,1.0,1.0,0.0,0.0,1.0,1.0,0.0,0.0,1.0,1.0,0.0,0.0,77.9,108.4,66.7,80.4,56.4,65.8,1,1,1,1,1,1,1,1,1,1,0.3872,0.3872,0.0,0.0,0.3872,0.3872,0.0,0.0,0.3872,0.3872,0.0,0.0,0.3872,0.3872,0.0,0.0,0.3872,0.3872,0.0,0.0
420034212001,42003421200,Allegheny,1868.0,40.508823,-79.927499,1772.0,7.0,1572.0,25.0,0.0,150.0,0.0,0.0,18.0,1772.0,398.0,324.0,671.0,88.0,39.0,53.0,64.0,427.0,671.0,50.0,215.0,1788.34,131.6,711.7,3.46,0.0,0.0,0.0,0.0,0.0,0.0,0.0,0.0,0.0,0.0,0.0,0.0,0.0,0.0,0.0,0.0,0.0,0.0,0.0,0.0,0.0,0.0,0.0,0.0,0.0,0.0,0,0,0,0,0,0,0,0,0,0,0.0,0.0,0.0,0.0,0.0,0.0,0.0,0.0,0.0,0.0,0.0,0.0,0.0,0.0,0.0,0.0,0.0,0.0,0.0,0.0
420034212002,42003421200,Allegheny,1101.0,40.505881,-79.915818,985.0,0.0,867.0,24.0,0.0,11.0,0.0,36.0,47.0,985.0,255.0,193.0,379.0,24.0,35.0,82.0,19.0,219.0,379.0,0.0,132.0,1054.05,77.57,419.48,2.04,0.0,0.0,0.0,0.0,0.0,0.0,0.0,0.0,0.0,0.0,0.0,0.0,0.0,0.0,0.0,0.0,0.0,0.0,0.0,0.0,0.0,0.0,0.0,0.0,0.0,0.0,0,0,0,0,0,0,0,0,0,0,0.0,0.0,0.0,0.0,0.0,0.0,0.0,0.0,0.0,0.0,0.0,0.0,0.0,0.0,0.0,0.0,0.0,0.0,0.0,0.0
420034212003,42003421200,Allegheny,300.0,40.495067,-79.899281,339.0,0.0,293.0,0.0,0.0,0.0,0.0,0.0,46.0,339.0,49.0,170.0,196.0,0.0,0.0,139.0,0.0,57.0,196.0,0.0,143.0,287.21,21.14,114.3,0.56,0.0,0.0,0.0,0.0,0.0,0.0,0.0,0.0,0.0,0.0,0.0,0.0,0.0,0.0,0.0,0.0,0.0,0.0,0.0,0.0,0.0,0.0,0.0,0.0,0.0,0.0,0,0,0,0,0,0,0,0,0,0,0.0,0.0,0.0,0.0,0.0,0.0,0.0,0.0,0.0,0.0,0.0,0.0,0.0,0.0,0.0,0.0,0.0,0.0,0.0,0.0
420034212004,42003421200,Allegheny,1046.0,40.527225,-79.923488,1035.0,38.0,822.0,6.0,0.0,44.0,0.0,6.0,119.0,1035.0,194.0,395.0,398.0,29.0,54.0,0.0,34.0,281.0,398.0,0.0,64.0,1001.4,73.69,398.52,1.94,0.0,0.0,0.0,0.0,0.0,0.0,0.0,0.0,0.0,0.0,0.0,0.0,0.0,0.0,0.0,0.0,0.0,0.0,0.0,0.0,0.0,0.0,0.0,0.0,0.0,0.0,0,0,0,0,0,0,0,0,0,0,0.0,0.0,0.0,0.0,0.0,0.0,0.0,0.0,0.0,0.0,0.0,0.0,0.0,0.0,0.0,0.0,0.0,0.0,0.0,0.0
420034220001,42003422000,Allegheny,1754.0,40.5398,-79.876883,1404.0,0.0,1192.0,0.0,0.0,118.0,0.0,25.0,69.0,1404.0,474.0,269.0,451.0,46.0,10.0,36.0,47.0,312.0,451.0,18.0,92.0,1722.16,83.38,566.28,1.64,0.0,0.0,0.0,0.0,0.0,0.0,0.0,0.0,0.0,0.0,0.0,0.0,0.0,0.0,0.0,0.0,0.0,0.0,0.0,0.0,0.0,0.0,0.0,0.0,0.0,0.0,0,0,0,0,0,0,0,0,0,0,0.0,0.0,0.0,0.0,0.0,0.0,0.0,0.0,0.0,0.0,0.0,0.0,0.0,0.0,0.0,0.0,0.0,0.0,0.0,0.0
420034220002,42003422000,Allegheny,823.0,40.514285,-79.878242,621.0,0.0,566.0,0.0,0.0,10.0,0.0,0.0,45.0,621.0,98.0,182.0,214.0,0.0,0.0,23.0,9.0,182.0,214.0,0.0,33.0,808.06,39.12,265.71,0.77,0.0,0.0,0.0,0.0,0.0,0.0,0.0,0.0,0.0,0.0,0.0,0.0,0.0,0.0,0.0,0.0,0.0,0.0,0.0,0.0,0.0,0.0,0.0,0.0,0.0,0.0,0,0,0,0,0,0,0,0,0,0,0.0,0.0,0.0,0.0,0.0,0.0,0.0,0.0,0.0,0.0,0.0,0.0,0.0,0.0,0.0,0.0,0.0,0.0,0.0,0.0
420034220003,42003422000,Allegheny,848.0,40.497827,-79.893607,831.0,76.0,724.0,0.0,0.0,5.0,0.0,13.0,13.0,831.0,261.0,100.0,280.0,6.0,20.0,17.0,11.0,226.0,280.0,0.0,13.0,832.6,40.31,273.78,0.79,0.3998,0.3998,0.0,0.0,0.3998,0.3998,0.0,0.0,0.3998,0.3998,0.0,0.0,0.3998,0.3998,0.0,0.0,0.3998,0.3998,0.0,0.0,26.5,39.2,24.1,28.8,20.0,24.0,1,1,1,1,1,1,1,1,1,1,0.0,0.0,0.0,0.0,0.0,0.0,0.0,0.0,0.0,0.0,0.0,0.0,0.0,0.0,0.0,0.0,0.0,0.0,0.0,0.0
420034220004,42003422000,Allegheny,1918.0,40.522805,-79.901211,2390.0,113.0,2087.0,23.0,0.0,129.0,0.0,0.0,38.0,2390.0,661.0,416.0,780.0,0.0,41.0,69.0,21.0,649.0,780.0,38.0,139.0,1883.18,91.18,619.23,1.79,0.0,0.0,0.0,0.0,0.0,0.0,0.0,0.0,0.0,0.0,0.0,0.0,0.0,0.0,0.0,0.0,0.0,0.0,0.0,0.0,0.0,0.0,0.0,0.0,0.0,0.0,0,0,0,0,0,0,0,0,0,0,0.0,0.0,0.0,0.0,0.0,0.0,0.0,0.0,0.0,0.0,0.0,0.0,0.0,0.0,0.0,0.0,0.0,0.0,0.0,0.0
420034230001,42003423000,Allegheny,991.0,40.497205,-79.904938,943.0,0.0,602.0,0.0,0.0,336.0,0.0,0.0,5.0,943.0,285.0,101.0,376.0,18.0,86.0,28.0,42.0,202.0,376.0,38.0,163.0,963.13,94.82,405.1,26.85,0.1423,0.1423,0.0,0.0,0.1423,0.1423,0.0,0.0,0.1423,0.1423,0.0,0.0,0.1423,0.1423,0.0,0.0,0.1423,0.1423,0.0,0.0,22.6,30.5,15.5,23.6,13.5,17.2,0,0,0,0,0,0,0,0,0,0,0.0,0.0,0.0,0.0,0.0,0.0,0.0,0.0,0.0,0.0,0.0,0.0,0.0,0.0,0.0,0.0,0.0,0.0,0.0,0.0
420034230002,42003423000,Allegheny,1032.0,40.490857,-79.899888,833.0,0.0,824.0,9.0,0.0,0.0,0.0,0.0,0.0,833.0,223.0,131.0,418.0,48.0,49.0,82.0,46.0,193.0,418.0,90.0,199.0,1002.98,98.74,421.86,27.96,0.8062,0.8062,0.0,0.0,0.8062,0.8062,0.0,0.0,0.8062,0.8062,0.0,0.0,0.8062,0.8062,0.0,0.0,0.8062,0.8062,0.0,0.0,193.8,259.8,132.2,202.0,115.6,146.3,1,1,1,1,1,1,1,1,1,1,0.3605,0.3605,0.0,0.0,0.3605,0.3605,0.0,0.0,0.3605,0.3605,0.0,0.0,0.3605,0.3605,0.0,0.0,0.3605,0.3605,0.0,0.0
420034230003,42003423000,Allegheny,893.0,40.492277,-79.905382,1067.0,6.0,1018.0,21.0,0.0,14.0,0.0,8.0,0.0,1067.0,352.0,130.0,398.0,60.0,49.0,39.0,23.0,227.0,398.0,21.0,157.0,867.89,85.44,365.04,24.19,1.0,1.0,0.0,0.0,1.0,1.0,0.0,0.0,1.0,1.0,0.0,0.0,1.0,1.0,0.0,0.0,1.0,1.0,0.0,0.0,230.1,312.1,158.0,241.1,138.3,175.1,1,1,1,1,1,1,1,1,1,1,0.2072,0.2072,0.0,0.0,0.2072,0.2072,0.0,0.0,0.2072,0.2072,0.0,0.0,0.2072,0.2072,0.0,0.0,0.2072,0.2072,0.0,0.0
420034240001,42003424000,Allegheny,842.0,40.495373,-79.919939,1005.0,31.0,918.0,1.0,0.0,0.0,0.0,0.0,55.0,1005.0,206.0,191.0,387.0,28.0,91.0,26.0,74.0,168.0,387.0,23.0,208.0,824.03,141.61,425.89,0.0,1.0,1.0,0.0,0.0,1.0,1.0,0.0,0.0,1.0,1.0,0.0,0.0,1.0,1.0,0.0,0.0,1.0,1.0,0.0,0.0,178.5,148.3,107.0,117.5,97.0,78.5,1,1,1,1,1,1,1,1,1,1,0.7458,0.7458,0.0,0.0,0.7458,0.7458,0.0,0.0,0.7458,0.7458,0.0,0.0,0.7458,0.7458,0.0,0.0,0.7458,0.7458,0.0,0.0
420034240002,42003424000,Allegheny,604.0,40.494721,-79.922939,845.0,26.0,616.0,119.0,2.0,0.0,0.0,0.0,82.0,845.0,162.0,133.0,491.0,196.0,24.0,46.0,45.0,180.0,491.0,122.0,175.0,591.11,101.58,305.51,0.0,1.0,1.0,0.0,0.0,1.0,1.0,0.0,0.0,1.0,1.0,0.0,0.0,1.0,1.0,0.0,0.0,1.0,1.0,0.0,0.0,178.6,149.0,107.0,117.5,97.0,78.4,1,1,1,1,1,1,1,1,1,1,0.9619,0.9619,0.0,0.0,0.9619,0.9619,0.0,0.0,0.9619,0.9619,0.0,0.0,0.9619,0.9619,0.0,0.0,0.9619,0.9619,0.0,0.0
420034240003,42003424000,Allegheny,753.0,40.494613,-79.934635,473.0,78.0,367.0,25.0,0.0,0.0,0.0,0.0,3.0,473.0,0.0,222.0,354.0,150.0,75.0,75.0,0.0,54.0,354.0,118.0,181.0,736.93,126.64,380.87,0.0,1.0,1.0,0.0,0.0,1.0,1.0,0.0,0.0,1.0,1.0,0.0,0.0,1.0,1.0,0.0,0.0,1.0,1.0,0.0,0.0,178.2,149.8,107.0,116.3,97.0,78.0,1,1,1,1,1,1,1,1,1,1,0.9336,0.9336,0.0,0.0,0.9336,0.9336,0.0,0.0,0.9336,0.9336,0.0,0.0,0.9336,0.9336,0.0,0.0,0.9336,0.9336,0.0,0.0
420034240004,42003424000,Allegheny,988.0,40.496333,-79.931511,796.0,0.0,645.0,105.0,0.0,0.0,0.0,19.0,27.0,796.0,180.0,74.0,380.0,78.0,58.0,69.0,77.0,98.0,380.0,89.0,191.0,966.92,166.17,499.74,0.0,0.9453,0.9453,0.0,0.0,0.9453,0.9453,0.0,0.0,0.9453,0.9453,0.0,0.0,0.9453,0.9453,0.0,0.0,0.9453,0.9453,0.0,0.0,169.1,141.2,101.2,109.7,91.7,73.7,1,1,1,1,1,1,1,1,1,1,0.2834,0.2834,0.0,0.0,0.2834,0.2834,0.0,0.0,0.2834,0.2834,0.0,0.0,0.2834,0.2834,0.0,0.0,0.2834,0.2834,0.0,0.0
420034250001,42003425000,Allegheny,562.0,40.506008,-79.948346,854.0,20.0,690.0,55.0,0.0,16.0,0.0,0.0,73.0,854.0,248.0,66.0,295.0,32.0,72.0,22.0,125.0,44.0,295.0,0.0,180.0,550.06,126.89,266.2,0.0,1.0,1.0,0.0,0.0,1.0,1.0,0.0,0.0,1.0,0.0,1.0,0.0,0.0,0.0,0.0,0.0,0.0,0.0,0.0,0.0,42.0,10.0,16.0,0.0,14.0,0.0,1,1,1,1,1,0,0,0,0,0,0.6477,0.6477,0.0,0.0,0.6477,0.6477,0.0,0.0,0.6477,0.0,0.6477,0.0,0.0,0.0,0.0,0.0,0.0,0.0,0.0,0.0
420034250002,42003425000,Allegheny,967.0,40.503835,-79.953449,952.0,60.0,860.0,0.0,0.0,0.0,0.0,0.0,32.0,952.0,100.0,213.0,485.0,152.0,143.0,23.0,24.0,143.0,485.0,54.0,215.0,946.46,218.33,458.04,0.0,0.6308,0.6308,0.0,0.0,0.6308,0.6308,0.0,0.0,0.6308,0.0,0.6308,0.0,0.0,0.0,0.0,0.0,0.0,0.0,0.0,0.0,26.5,6.3,10.1,0.0,8.8,0.0,1,1,1,1,1,0,0,0,0,0,0.1406,0.1406,0.0,0.0,0.1406,0.1406,0.0,0.0,0.1406,0.0,0.1406,0.0,0.0,0.0,0.0,0.0,0.0,0.0,0.0,0.0
420034250003,42003425000,Allegheny,1116.0,40.497868,-79.947037,912.0,35.0,817.0,6.0,0.0,0.0,0.0,0.0,54.0,912.0,70.0,249.0,538.0,196.0,45.0,113.0,29.0,155.0,538.0,216.0,161.0,1092.3,251.97,528.61,0.0,1.0,1.0,0.0,0.0,1.0,1.0,0.0,0.0,1.0,0.7052,0.2948,0.0,0.7052,0.7052,0.0,0.0,0.7052,0.7052,0.0,0.0,86.5,57.1,42.7,33.8,41.0,22.6,1,1,1,1,1,1,1,1,1,1,0.2222,0.2222,0.0,0.0,0.2222,0.2222,0.0,0.0,0.2222,0.19,0.0323,0.0,0.19,0.19,0.0,0.0,0.19,0.19,0.0,0.0
420034250004,42003425000,Allegheny,792.0,40.494653,-79.946715,646.0,0.0,633.0,0.0,0.0,0.0,0.0,7.0,6.0,646.0,116.0,144.0,310.0,88.0,71.0,94.0,21.0,36.0,310.0,26.0,203.0,775.18,178.82,375.15,0.0,1.0,1.0,0.0,0.0,1.0,1.0,0.0,0.0,1.0,1.0,0.0,0.0,0.8649,1.0,0.0,0.1351,0.8649,1.0,0.0,0.1351,138.2,106.6,74.0,72.7,68.6,48.7,1,1,1,1,1,1,1,1,1,1,0.6503,0.6503,0.0,0.0,0.6503,0.6503,0.0,0.0,0.6503,0.6503,0.0,0.0,0.6503,0.6503,0.0,0.0,0.6503,0.6503,0.0,0.0
420034263001,42003426300,Allegheny,1606.0,40.546375,-79.966088,1362.0,0.0,1318.0,0.0,0.0,0.0,0.0,0.0,44.0,1362.0,204.0,475.0,606.0,93.0,44.0,109.0,132.0,228.0,606.0,30.0,247.0,1629.09,201.09,657.49,5.91,0.3643,0.3643,0.0,0.0,0.3643,0.3643,0.0,0.0,0.3643,0.0,0.3643,0.0,0.0,0.0,0.0,0.0,0.0,0.0,0.0,0.0,15.3,3.6,5.8,0.0,5.1,0.0,0,0,0,0,0,0,0,0,0,0,0.1034,0.1034,0.0,0.0,0.1034,0.1034,0.0,0.0,0.1034,0.0,0.1034,0.0,0.0,0.0,0.0,0.0,0.0,0.0,0.0,0.0
420034263002,42003426300,Allegheny,2012.0,40.538437,-79.978353,1707.0,0.0,1549.0,15.0,0.0,0.0,0.0,0.0,143.0,1707.0,329.0,586.0,762.0,58.0,88.0,58.0,113.0,445.0,762.0,0.0,192.0,2040.93,251.92,823.7,7.4,0.4324,0.3574,0.075,0.0,0.4324,0.3574,0.075,0.0,0.3574,0.0,0.3574,0.0,0.0,0.0,0.0,0.0,0.0,0.0,0.0,0.0,15.4,3.6,5.7,0.0,5.0,0.0,0,0,0,0,0,0,0,0,0,0,0.0944,0.0944,0.0,0.0,0.0944,0.0944,0.0,0.0,0.0944,0.0,0.0944,0.0,0.0,0.0,0.0,0.0,0.0,0.0,0.0,0.0
420034263003,42003426300,Allegheny,2364.0,40.549185,-79.980035,2999.0,0.0,2692.0,127.0,0.0,78.0,0.0,0.0,102.0,2999.0,667.0,528.0,1081.0,127.0,133.0,109.0,177.0,535.0,1081.0,0.0,275.0,2397.99,295.99,967.81,8.69,0.2712,0.247,0.0241,0.0,0.2712,0.247,0.0241,0.0,0.2712,0.0,0.2712,0.0,0.0,0.0,0.0,0.0,0.0,0.0,0.0,0.0,11.4,2.5,4.3,0.0,3.8,0.0,0,0,0,0,0,0,0,0,0,0,0.0,0.0,0.0,0.0,0.0,0.0,0.0,0.0,0.0,0.0,0.0,0.0,0.0,0.0,0.0,0.0,0.0,0.0,0.0,0.0
420034264001,42003426400,Allegheny,917.0,40.527044,-79.958969,969.0,0.0,931.0,0.0,0.0,0.0,0.0,0.0,38.0,969.0,307.0,227.0,410.0,30.0,46.0,154.0,61.0,119.0,410.0,12.0,153.0,866.14,127.16,420.56,0.0,0.6848,0.6848,0.0,0.0,0.6848,0.6848,0.0,0.0,0.6848,0.0,0.6848,0.0,0.0,0.0,0.0,0.0,0.0,0.0,0.0,0.0,28.4,6.8,10.8,0.0,9.5,0.0,1,1,1,1,1,0,0,0,0,0,0.3533,0.3533,0.0,0.0,0.3533,0.3533,0.0,0.0,0.3533,0.0,0.3533,0.0,0.0,0.0,0.0,0.0,0.0,0.0,0.0,0.0
420034264002,42003426400,Allegheny,995.0,40.518575,-79.956165,947.0,0.0,882.0,0.0,0.0,0.0,0.0,0.0,65.0,947.0,131.0,225.0,492.0,152.0,50.0,41.0,76.0,173.0,492.0,37.0,196.0,939.81,137.98,456.33,0.0,0.7849,0.7849,0.0,0.0,0.7849,0.7849,0.0,0.0,0.7849,0.0,0.7849,0.0,0.0,0.0,0.0,0.0,0.0,0.0,0.0,0.0,33.0,7.8,12.6,0.0,11.0,0.0,1,1,1,1,1,0,0,0,0,0,0.2925,0.2925,0.0,0.0,0.2925,0.2925,0.0,0.0,0.2925,0.0,0.2925,0.0,0.0,0.0,0.0,0.0,0.0,0.0,0.0,0.0
420034264003,42003426400,Allegheny,998.0,40.509434,-79.954655,807.0,0.0,758.0,0.0,0.0,0.0,0.0,0.0,49.0,807.0,85.0,204.0,417.0,45.0,71.0,15.0,189.0,97.0,417.0,16.0,107.0,942.64,138.39,457.71,0.0,0.99,0.99,0.0,0.0,0.99,0.99,0.0,0.0,0.99,0.0,0.99,0.0,0.0,0.0,0.0,0.0,0.0,0.0,0.0,0.0,41.6,9.9,15.8,0.0,13.9,0.0,1,1,1,1,1,0,0,0,0,0,0.2275,0.2275,0.0,0.0,0.2275,0.2275,0.0,0.0,0.2275,0.0,0.2275,0.0,0.0,0.0,0.0,0.0,0.0,0.0,0.0,0.0
420034264004,42003426400,Allegheny,1525.0,40.523325,-79.964938,1466.0,22.0,1268.0,77.0,0.0,0.0,45.0,36.0,18.0,1466.0,185.0,317.0,715.0,68.0,66.0,265.0,74.0,242.0,715.0,0.0,299.0,1440.41,211.47,699.4,0.0,0.8157,0.8157,0.0,0.0,0.8157,0.8157,0.0,0.0,0.8157,0.0,0.8157,0.0,0.0,0.0,0.0,0.0,0.0,0.0,0.0,0.0,33.9,8.1,12.9,0.0,11.3,0.0,1,1,1,1,1,0,0,0,0,0,0.2892,0.2892,0.0,0.0,0.2892,0.2892,0.0,0.0,0.2892,0.0,0.2892,0.0,0.0,0.0,0.0,0.0,0.0,0.0,0.0,0.0
420034267001,42003426700,Allegheny,709.0,40.503703,-79.938819,710.0,0.0,694.0,7.0,0.0,0.0,0.0,0.0,9.0,710.0,171.0,184.0,360.0,9.0,74.0,93.0,23.0,161.0,360.0,0.0,183.0,693.3,71.42,348.8,2.77,0.0,0.0,0.0,0.0,0.0,0.0,0.0,0.0,0.0,0.0,0.0,0.0,0.0,0.0,0.0,0.0,0.0,0.0,0.0,0.0,0.0,0.0,0.0,0.0,0.0,0.0,0,0,0,0,0,0,0,0,0,0,0.0,0.0,0.0,0.0,0.0,0.0,0.0,0.0,0.0,0.0,0.0,0.0,0.0,0.0,0.0,0.0,0.0,0.0,0.0,0.0
420034267002,42003426700,Allegheny,1594.0,40.520826,-79.94411,1542.0,40.0,1357.0,37.0,0.0,31.0,0.0,0.0,77.0,1542.0,195.0,413.0,773.0,32.0,237.0,188.0,116.0,200.0,773.0,48.0,328.0,1558.7,160.58,784.2,6.23,0.0,0.0,0.0,0.0,0.0,0.0,0.0,0.0,0.0,0.0,0.0,0.0,0.0,0.0,0.0,0.0,0.0,0.0,0.0,0.0,0.0,0.0,0.0,0.0,0.0,0.0,0,0,0,0,0,0,0,0,0,0,0.0,0.0,0.0,0.0,0.0,0.0,0.0,0.0,0.0,0.0,0.0,0.0,0.0,0.0,0.0,0.0,0.0,0.0,0.0,0.0
420034268001,42003426800,Allegheny,1350.0,40.549771,-79.949747,1168.0,40.0,1122.0,0.0,0.0,0.0,0.0,0.0,6.0,1168.0,163.0,394.0,506.0,0.0,27.0,40.0,208.0,231.0,506.0,13.0,101.0,1321.69,138.15,537.38,2.88,0.0,0.0,0.0,0.0,0.0,0.0,0.0,0.0,0.0,0.0,0.0,0.0,0.0,0.0,0.0,0.0,0.0,0.0,0.0,0.0,0.0,0.0,0.0,0.0,0.0,0.0,0,0,0,0,0,0,0,0,0,0,0.0,0.0,0.0,0.0,0.0,0.0,0.0,0.0,0.0,0.0,0.0,0.0,0.0,0.0,0.0,0.0,0.0,0.0,0.0,0.0
420034268002,42003426800,Allegheny,2376.0,40.542097,-79.950388,2431.0,19.0,2317.0,2.0,0.0,7.0,0.0,0.0,86.0,2431.0,312.0,746.0,1040.0,0.0,168.0,90.0,58.0,724.0,1040.0,11.0,250.0,2326.17,243.14,945.79,5.07,0.0,0.0,0.0,0.0,0.0,0.0,0.0,0.0,0.0,0.0,0.0,0.0,0.0,0.0,0.0,0.0,0.0,0.0,0.0,0.0,0.0,0.0,0.0,0.0,0.0,0.0,0,0,0,0,0,0,0,0,0,0,0.0,0.0,0.0,0.0,0.0,0.0,0.0,0.0,0.0,0.0,0.0,0.0,0.0,0.0,0.0,0.0,0.0,0.0,0.0,0.0
420034268003,42003426800,Allegheny,1424.0,40.535516,-79.945715,1443.0,43.0,1310.0,90.0,0.0,0.0,0.0,0.0,0.0,1443.0,381.0,312.0,504.0,33.0,27.0,48.0,98.0,298.0,504.0,0.0,90.0,1394.14,145.72,566.83,3.04,0.0,0.0,0.0,0.0,0.0,0.0,0.0,0.0,0.0,0.0,0.0,0.0,0.0,0.0,0.0,0.0,0.0,0.0,0.0,0.0,0.0,0.0,0.0,0.0,0.0,0.0,0,0,0,0,0,0,0,0,0,0,0.0,0.0,0.0,0.0,0.0,0.0,0.0,0.0,0.0,0.0,0.0,0.0,0.0,0.0,0.0,0.0,0.0,0.0,0.0,0.0
420034270001,42003427000,Allegheny,1314.0,40.488411,-79.972678,1259.0,51.0,1115.0,50.0,0.0,0.0,0.0,26.0,17.0,1259.0,129.0,249.0,614.0,100.0,161.0,134.0,75.0,144.0,614.0,100.0,331.0,1284.03,292.3,640.65,0.0,0.9871,1.0,0.0,0.0129,0.9871,1.0,0.0,0.0129,0.9871,1.0,0.0,0.0129,0.0,1.0,0.0,1.0,0.0,1.0,0.0,1.0,35.5,181.2,15.8,146.4,13.8,105.6,1,1,1,1,1,1,0,1,0,1,0.5609,0.6423,0.0,0.0814,0.5609,0.6423,0.0,0.0814,0.5609,0.624,0.0183,0.0814,0.0,0.624,0.0,0.624,0.0,0.624,0.0,0.624
420034270002,42003427000,Allegheny,771.0,40.478614,-79.973711,566.0,10.0,550.0,6.0,0.0,0.0,0.0,0.0,0.0,566.0,87.0,72.0,268.0,44.0,28.0,62.0,86.0,48.0,268.0,67.0,60.0,753.41,171.51,375.91,0.0,0.6615,0.6835,0.0,0.022,0.6615,0.6835,0.0,0.022,0.6615,0.6835,0.0,0.022,0.6615,0.6835,0.0,0.022,0.6615,0.6835,0.0,0.022,63.1,119.5,34.6,99.8,33.5,72.5,1,1,1,1,1,1,0,1,0,1,0.3437,0.4903,0.0363,0.1829,0.3437,0.4903,0.0363,0.1829,0.3437,0.4903,0.0363,0.1829,0.2348,0.4903,0.0,0.2555,0.2348,0.4008,0.0895,0.2555
420034270003,42003427000,Allegheny,1291.0,40.481448,-79.97537,1474.0,0.0,1191.0,224.0,0.0,54.0,0.0,0.0,5.0,1474.0,121.0,158.0,764.0,96.0,129.0,101.0,287.0,151.0,764.0,204.0,274.0,1261.55,287.19,629.44,0.0,0.457,0.8652,0.0,0.4082,0.457,0.8652,0.0,0.4082,0.457,0.8652,0.0,0.4082,0.1123,0.8652,0.0,0.7529,0.1123,0.8652,0.0,0.7529,21.5,149.8,10.7,127.5,9.9,91.6,0,1,0,1,0,1,0,1,0,1,0.0201,0.5778,0.0201,0.5778,0.0201,0.5778,0.0201,0.5778,0.0201,0.5778,0.0201,0.5778,0.0,0.5778,0.0,0.5778,0.0,0.5778,0.0,0.5778
420034271001,42003427100,Allegheny,1671.0,40.507089,-79.980872,1892.0,65.0,1805.0,0.0,0.0,0.0,0.0,22.0,0.0,1892.0,284.0,185.0,761.0,64.0,13.0,95.0,31.0,558.0,761.0,0.0,138.0,1631.26,158.03,699.07,0.0,0.018,0.3148,0.0,0.2968,0.018,0.3148,0.0,0.2968,0.0,0.3148,0.0,0.3148,0.0,0.0,0.0,0.0,0.0,0.0,0.0,0.0,0.1,9.8,0.0,8.7,0.0,8.1,0,0,0,0,0,0,0,0,0,0,0.0,0.0239,0.0,0.0239,0.0,0.0239,0.0,0.0239,0.0,0.0239,0.0,0.0239,0.0,0.0,0.0,0.0,0.0,0.0,0.0,0.0
420034271002,42003427100,Allegheny,1739.0,40.529491,-79.982308,1591.0,1.0,1530.0,19.0,0.0,0.0,0.0,0.0,41.0,1591.0,261.0,484.0,760.0,13.0,73.0,45.0,250.0,379.0,760.0,14.0,289.0,1697.64,164.46,727.51,0.0,0.2657,0.0,0.2657,0.0,0.2657,0.0,0.2657,0.0,0.0,0.0,0.0,0.0,0.0,0.0,0.0,0.0,0.0,0.0,0.0,0.0,1.6,0.0,0.0,0.0,0.0,0.0,0,0,0,0,0,0,0,0,0,0,0.0,0.0,0.0,0.0,0.0,0.0,0.0,0.0,0.0,0.0,0.0,0.0,0.0,0.0,0.0,0.0,0.0,0.0,0.0,0.0
420034271003,42003427100,Allegheny,1930.0,40.516392,-79.975276,1730.0,0.0,1660.0,11.0,0.0,59.0,0.0,0.0,0.0,1730.0,341.0,360.0,713.0,12.0,88.0,69.0,87.0,457.0,713.0,18.0,284.0,1884.1,182.52,807.42,0.0,0.1373,0.0415,0.0959,0.0,0.1373,0.0415,0.0959,0.0,0.0415,0.0,0.0415,0.0,0.0,0.0,0.0,0.0,0.0,0.0,0.0,0.0,2.3,0.4,0.7,0.0,0.6,0.0,0,0,0,0,0,0,0,0,0,0,0.0088,0.0,0.0088,0.0,0.0088,0.0,0.0088,0.0,0.0,0.0,0.0,0.0,0.0,0.0,0.0,0.0,0.0,0.0,0.0,0.0
420034272001,42003427200,Allegheny,1257.0,40.499459,-79.957886,894.0,32.0,862.0,0.0,0.0,0.0,0.0,0.0,0.0,894.0,52.0,223.0,497.0,71.0,82.0,39.0,99.0,206.0,497.0,44.0,236.0,1219.2,180.05,616.5,18.13,0.2904,0.2904,0.0,0.0,0.2904,0.2904,0.0,0.0,0.2904,0.2904,0.0,0.0,0.0,0.2904,0.0,0.2904,0.0,0.2904,0.0,0.2904,10.5,22.4,4.6,13.9,4.1,9.3,0,0,0,0,0,0,0,0,0,0,0.0263,0.0263,0.0,0.0,0.0263,0.0263,0.0,0.0,0.0263,0.0263,0.0,0.0,0.0,0.0263,0.0,0.0263,0.0,0.0263,0.0,0.0263
420034272002,42003427200,Allegheny,1194.0,40.49947,-79.972435,1457.0,24.0,1433.0,0.0,0.0,0.0,0.0,0.0,0.0,1457.0,464.0,113.0,546.0,94.0,57.0,51.0,18.0,326.0,546.0,29.0,113.0,1158.1,171.02,585.6,17.22,0.0,0.3643,0.0,0.3643,0.0,0.3643,0.0,0.3643,0.0,0.3643,0.0,0.3643,0.0,0.2085,0.0,0.2085,0.0,0.2085,0.0,0.2085,0.0,27.0,0.0,25.1,0.0,19.8,0,0,0,0,0,0,0,0,0,0,0.0,0.0838,0.0,0.0838,0.0,0.0838,0.0,0.0838,0.0,0.0838,0.0,0.0838,0.0,0.0377,0.0,0.0377,0.0,0.0377,0.0,0.0377
420034272003,42003427200,Allegheny,1378.0,40.493152,-79.962704,1140.0,59.0,997.0,0.0,0.0,0.0,0.0,0.0,84.0,1140.0,77.0,451.0,613.0,77.0,176.0,156.0,73.0,131.0,613.0,0.0,246.0,1336.56,197.38,675.84,19.88,0.7852,0.7852,0.0,0.0,0.7852,0.7852,0.0,0.0,0.7852,0.7852,0.0,0.0,0.0,0.7852,0.0,0.7852,0.0,0.7852,0.0,0.7852,28.3,75.3,12.6,52.0,11.1,35.9,1,1,1,1,1,1,0,1,0,1,0.1756,0.1756,0.0,0.0,0.1756,0.1756,0.0,0.0,0.1756,0.1756,0.0,0.0,0.0,0.1756,0.0,0.1756,0.0,0.1089,0.0,0.1089
420034272004,42003427200,Allegheny,1093.0,40.485829,-79.965595,1283.0,99.0,1049.0,73.0,0.0,0.0,0.0,28.0,34.0,1283.0,68.0,358.0,758.0,187.0,80.0,135.0,112.0,244.0,758.0,46.0,310.0,1060.13,156.56,536.06,15.77,0.3166,0.3166,0.0,0.0,0.3166,0.3166,0.0,0.0,0.3166,0.3166,0.0,0.0,0.0,0.3166,0.0,0.3166,0.0,0.3166,0.0,0.3166,11.4,57.1,5.1,46.5,4.4,33.6,0,0,0,0,0,0,0,0,0,0,0.0,0.0,0.0,0.0,0.0,0.0,0.0,0.0,0.0,0.0,0.0,0.0,0.0,0.0,0.0,0.0,0.0,0.0,0.0,0.0
420034281001,42003428100,Allegheny,570.0,40.475319,-79.981692,539.0,8.0,500.0,0.0,0.0,9.0,14.0,0.0,8.0,539.0,72.0,111.0,275.0,6.0,86.0,32.0,37.0,114.0,275.0,0.0,123.0,530.62,38.9,276.12,0.0,0.8158,0.0544,0.7719,0.0105,0.8158,0.0544,0.7719,0.0105,0.8158,0.0544,0.7719,0.0105,0.8158,0.0544,0.7719,0.0105,0.0,0.0544,0.0,0.0544,37.6,4.0,16.7,2.9,10.6,2.3,1,0,1,0,1,0,1,0,0,0,0.3509,0.0,0.3509,0.0,0.3509,0.0,0.3509,0.0,0.3509,0.0,0.3509,0.0,0.3509,0.0,0.3509,0.0,0.0,0.0,0.0,0.0
420034281002,42003428100,Allegheny,617.0,40.471181,-79.982962,566.0,19.0,532.0,8.0,0.0,0.0,0.0,0.0,7.0,566.0,83.0,115.0,300.0,14.0,81.0,40.0,45.0,120.0,300.0,7.0,171.0,574.38,42.1,298.88,0.0,1.0,0.2771,0.7229,0.0,1.0,0.2771,0.7229,0.0,1.0,0.2771,0.7229,0.0,1.0,0.2771,0.7229,0.0,0.0,0.2771,0.0,0.2771,53.0,17.8,22.0,8.9,14.0,7.8,1,0,1,0,1,0,1,0,0,0,0.8444,0.0,0.8444,0.0,0.8444,0.0,0.8444,0.0,0.8444,0.0,0.8444,0.0,0.8444,0.0,0.8444,0.0,0.0,0.0,0.0,0.0
420034282001,42003428200,Allegheny,638.0,40.487113,-79.986548,382.0,5.0,377.0,0.0,0.0,0.0,0.0,0.0,0.0,382.0,55.0,91.0,174.0,0.0,27.0,37.0,18.0,92.0,174.0,11.0,54.0,640.16,111.99,295.86,0.0,0.6599,0.0,0.6599,0.0,0.6599,0.0,0.6599,0.0,0.6599,0.0,0.6599,0.0,0.6599,0.0,0.6599,0.0,0.0,0.0,0.0,0.0,29.7,0.0,14.6,0.0,9.2,0.0,0,0,0,0,0,0,0,0,0,0,0.2633,0.0,0.2633,0.0,0.2633,0.0,0.2633,0.0,0.2633,0.0,0.2633,0.0,0.2633,0.0,0.2633,0.0,0.0,0.0,0.0,0.0
420034282002,42003428200,Allegheny,1430.0,40.488147,-79.998198,1693.0,22.0,1415.0,160.0,0.0,33.0,0.0,0.0,63.0,1693.0,295.0,380.0,785.0,64.0,150.0,168.0,153.0,250.0,785.0,47.0,378.0,1434.84,251.01,663.14,0.0,1.0,0.0378,0.9622,0.0,1.0,0.0378,0.9622,0.0,0.6021,0.0378,0.5643,0.0,0.6021,0.0378,0.5643,0.0,0.0476,0.0378,0.0098,0.0,39.6,2.5,16.4,1.8,10.5,1.2,1,0,1,0,0,0,0,0,0,0,0.1594,0.0,0.1594,0.0,0.1594,0.0,0.1594,0.0,0.0832,0.0,0.0832,0.0,0.0832,0.0,0.0832,0.0,0.0,0.0,0.0,0.0
420034291001,42003429100,Allegheny,1211.0,40.504667,-80.000557,803.0,26.0,681.0,78.0,0.0,6.0,1.0,5.0,6.0,803.0,77.0,288.0,471.0,18.0,155.0,86.0,45.0,167.0,471.0,0.0,312.0,1137.61,75.72,520.26,8.36,0.8159,0.6284,0.1874,0.0,0.8159,0.6284,0.1874,0.0,0.3741,0.6284,0.142,0.3964,0.3741,0.232,0.142,0.0,0.232,0.2221,0.0099,0.0,25.5,42.5,15.5,38.1,9.8,28.8,0,0,0,0,0,0,0,0,0,0,0.0041,0.0149,0.0,0.0107,0.0041,0.0149,0.0,0.0107,0.0041,0.0149,0.0,0.0107,0.0041,0.0041,0.0,0.0,0.0041,0.0041,0.0,0.0
420034291002,42003429100,Allegheny,1396.0,40.510445,-80.0186,1682.0,94.0,1561.0,27.0,0.0,0.0,0.0,0.0,0.0,1682.0,442.0,290.0,649.0,44.0,78.0,101.0,161.0,265.0,649.0,7.0,260.0,1311.39,87.28,599.74,9.64,0.4749,0.4749,0.0,0.0,0.4749,0.4749,0.0,0.0,0.4749,0.4749,0.0,0.0,0.4749,0.4749,0.0,0.0,0.4749,0.4749,0.0,0.0,58.6,54.8,33.7,40.5,25.3,30.2,0,0,0,0,0,0,0,0,0,0,0.0709,0.0709,0.0,0.0,0.0709,0.0709,0.0,0.0,0.0709,0.0709,0.0,0.0,0.0709,0.0709,0.0,0.0,0.0179,0.0709,0.0,0.053
420034292011,42003429201,Allegheny,1938.0,40.549448,-79.998993,2020.0,73.0,1928.0,0.0,0.0,15.0,0.0,0.0,4.0,2020.0,429.0,322.0,760.0,9.0,38.0,40.0,189.0,484.0,760.0,0.0,116.0,1799.94,187.49,800.93,28.63,0.8638,0.1305,0.7332,0.0,0.8638,0.1305,0.7332,0.0,0.1305,0.1305,0.0,0.0,0.1305,0.1305,0.0,0.0,0.1305,0.1305,0.0,0.0,14.2,12.0,6.9,13.1,4.3,9.7,1,0,1,0,0,0,0,0,0,0,0.4319,0.1305,0.3013,0.0,0.4319,0.1305,0.3013,0.0,0.1305,0.1305,0.0,0.0,0.1305,0.1305,0.0,0.0,0.1305,0.1305,0.0,0.0
420034292012,42003429201,Allegheny,3003.0,40.542132,-80.007287,2781.0,38.0,1844.0,191.0,0.0,637.0,0.0,0.0,71.0,2781.0,523.0,651.0,1282.0,160.0,71.0,192.0,98.0,761.0,1282.0,39.0,736.0,2789.06,290.51,1241.07,44.37,0.7982,0.6377,0.1605,0.0,0.7982,0.6377,0.1605,0.0,0.7835,0.6377,0.1459,0.0,0.4642,0.6377,0.1459,0.3193,0.4642,0.6377,0.1459,0.3193,58.1,61.7,47.3,58.2,30.3,44.4,0,0,0,0,0,0,0,0,0,0,0.0,0.0,0.0,0.0,0.0,0.0,0.0,0.0,0.0,0.0,0.0,0.0,0.0,0.0,0.0,0.0,0.0,0.0,0.0,0.0
420034292021,42003429202,Allegheny,1298.0,40.534323,-79.993164,1330.0,24.0,1263.0,0.0,0.0,32.0,0.0,0.0,11.0,1330.0,337.0,283.0,484.0,48.0,38.0,61.0,42.0,295.0,484.0,0.0,107.0,1235.99,136.14,507.64,4.51,0.745,0.0,0.745,0.0,0.745,0.0,0.745,0.0,0.0,0.0,0.0,0.0,0.0,0.0,0.0,0.0,0.0,0.0,0.0,0.0,4.5,0.0,0.0,0.0,0.0,0.0,1,0,1,0,0,0,0,0,0,0,0.1302,0.0,0.1302,0.0,0.1302,0.0,0.1302,0.0,0.0,0.0,0.0,0.0,0.0,0.0,0.0,0.0,0.0,0.0,0.0,0.0
420034292022,42003429202,Allegheny,1348.0,40.517866,-79.990426,1487.0,10.0,1447.0,12.0,0.0,6.0,0.0,0.0,12.0,1487.0,256.0,396.0,711.0,77.0,90.0,114.0,78.0,352.0,711.0,24.0,277.0,1283.6,141.39,527.2,4.68,0.9696,0.2203,0.7493,0.0,0.9696,0.2203,0.7493,0.0,0.0,0.2203,0.0,0.2203,0.0,0.0,0.0,0.0,0.0,0.0,0.0,0.0,5.8,7.5,0.0,6.6,0.0,6.2,1,0,1,0,0,0,0,0,0,0,0.0504,0.0096,0.0408,0.0,0.0504,0.0096,0.0408,0.0,0.0,0.0096,0.0,0.0096,0.0,0.0,0.0,0.0,0.0,0.0,0.0,0.0
420034292023,42003429202,Allegheny,1959.0,40.521353,-79.999503,1568.0,45.0,1472.0,0.0,0.0,15.0,0.0,0.0,36.0,1568.0,357.0,424.0,606.0,15.0,45.0,42.0,94.0,410.0,606.0,0.0,170.0,1865.41,205.47,766.16,6.81,0.757,0.4599,0.3027,0.0056,0.757,0.4599,0.3027,0.0056,0.4543,0.4599,0.0,0.0056,0.4543,0.4543,0.0,0.0,0.4543,0.388,0.0664,0.0,34.4,65.7,24.1,57.3,15.3,41.7,0,0,0,0,0,0,0,0,0,0,0.1879,0.1879,0.0,0.0,0.1879,0.1879,0.0,0.0,0.1879,0.1879,0.0,0.0,0.1879,0.1879,0.0,0.0,0.1879,0.0,0.1879,0.0
420034293001,42003429300,Allegheny,2070.0,40.548511,-80.043772,1849.0,58.0,1742.0,11.0,0.0,0.0,0.0,15.0,23.0,1849.0,289.0,758.0,870.0,122.0,221.0,70.0,108.0,349.0,870.0,158.0,421.0,2084.23,314.01,894.28,4.11,0.4203,0.0,0.4203,0.0,0.4203,0.0,0.4203,0.0,0.0,0.0,0.0,0.0,0.0,0.0,0.0,0.0,0.0,0.0,0.0,0.0,2.5,0.0,0.0,0.0,0.0,0.0,0,0,0,0,0,0,0,0,0,0,0.0,0.0,0.0,0.0,0.0,0.0,0.0,0.0,0.0,0.0,0.0,0.0,0.0,0.0,0.0,0.0,0.0,0.0,0.0,0.0
420034293002,42003429300,Allegheny,1482.0,40.535612,-80.040765,972.0,0.0,931.0,0.0,0.0,28.0,0.0,0.0,13.0,972.0,34.0,391.0,613.0,106.0,204.0,95.0,73.0,135.0,613.0,14.0,376.0,1492.19,224.81,640.25,2.94,0.0344,0.309,0.0344,0.309,0.0344,0.309,0.0344,0.309,0.0,0.309,0.0,0.309,0.0,0.0,0.0,0.0,0.0,0.0,0.0,0.0,0.1,11.7,0.0,9.3,0.0,8.7,0,0,0,0,0,0,0,0,0,0,0.0209,0.0371,0.0209,0.0371,0.0209,0.0371,0.0209,0.0371,0.0,0.0371,0.0,0.0371,0.0,0.0,0.0,0.0,0.0,0.0,0.0,0.0
420034293003,42003429300,Allegheny,2078.0,40.526767,-80.052424,2896.0,127.0,2218.0,71.0,0.0,342.0,0.0,0.0,138.0,2896.0,953.0,307.0,950.0,0.0,91.0,135.0,124.0,600.0,950.0,0.0,216.0,2092.29,315.22,897.74,4.13,0.0,0.0,0.0,0.0,0.0,0.0,0.0,0.0,0.0,0.0,0.0,0.0,0.0,0.0,0.0,0.0,0.0,0.0,0.0,0.0,0.0,0.0,0.0,0.0,0.0,0.0,0,0,0,0,0,0,0,0,0,0,0.0,0.0,0.0,0.0,0.0,0.0,0.0,0.0,0.0,0.0,0.0,0.0,0.0,0.0,0.0,0.0,0.0,0.0,0.0,0.0
420034293004,42003429300,Allegheny,916.0,40.542405,-80.058254,1044.0,60.0,936.0,19.0,0.0,0.0,0.0,0.0,29.0,1044.0,246.0,139.0,395.0,54.0,63.0,36.0,0.0,242.0,395.0,0.0,141.0,922.3,138.95,395.73,1.82,0.0,0.0,0.0,0.0,0.0,0.0,0.0,0.0,0.0,0.0,0.0,0.0,0.0,0.0,0.0,0.0,0.0,0.0,0.0,0.0,0.0,0.0,0.0,0.0,0.0,0.0,0,0,0,0,0,0,0,0,0,0,0.0,0.0,0.0,0.0,0.0,0.0,0.0,0.0,0.0,0.0,0.0,0.0,0.0,0.0,0.0,0.0,0.0,0.0,0.0,0.0
420034294001,42003429400,Allegheny,672.0,40.543066,-80.032477,789.0,0.0,662.0,0.0,0.0,127.0,0.0,0.0,0.0,789.0,266.0,139.0,323.0,8.0,92.0,45.0,61.0,117.0,323.0,8.0,148.0,655.72,65.59,271.16,3.88,0.3393,0.8497,0.1012,0.6116,0.3393,0.8497,0.1012,0.6116,0.0,0.8497,0.0,0.8497,0.0,0.0,0.0,0.0,0.0,0.0,0.0,0.0,1.4,30.5,0.0,24.1,0.0,22.5,1,1,1,1,0,1,0,0,0,0,0.0804,0.0789,0.0804,0.0789,0.0804,0.0789,0.0804,0.0789,0.0,0.0789,0.0,0.0789,0.0,0.0,0.0,0.0,0.0,0.0,0.0,0.0
420034294002,42003429400,Allegheny,1722.0,40.535095,-80.030338,1729.0,25.0,1441.0,42.0,0.0,154.0,0.0,0.0,67.0,1729.0,247.0,437.0,714.0,97.0,79.0,96.0,68.0,374.0,714.0,25.0,288.0,1680.27,168.07,694.85,9.95,0.0,0.4611,0.0,0.4611,0.0,0.4611,0.0,0.4611,0.0,0.4611,0.0,0.4611,0.0,0.0,0.0,0.0,0.0,0.0,0.0,0.0,0.0,17.3,0.0,13.6,0.0,12.7,0,0,0,0,0,0,0,0,0,0,0.0,0.1469,0.0,0.1469,0.0,0.1469,0.0,0.1469,0.0,0.1469,0.0,0.1469,0.0,0.0,0.0,0.0,0.0,0.0,0.0,0.0
420034294003,42003429400,Allegheny,1319.0,40.527607,-80.027216,1247.0,106.0,1096.0,25.0,0.0,0.0,0.0,0.0,20.0,1247.0,223.0,238.0,531.0,79.0,56.0,50.0,25.0,321.0,531.0,0.0,101.0,1287.04,128.73,532.23,7.62,0.0,0.188,0.0,0.188,0.0,0.188,0.0,0.188,0.0,0.188,0.0,0.188,0.0,0.0,0.0,0.0,0.0,0.0,0.0,0.0,0.0,7.1,0.0,5.6,0.0,5.3,0,0,0,0,0,0,0,0,0,0,0.0,0.0,0.0,0.0,0.0,0.0,0.0,0.0,0.0,0.0,0.0,0.0,0.0,0.0,0.0,0.0,0.0,0.0,0.0,0.0
420034294004,42003429400,Allegheny,785.0,40.526312,-80.020937,624.0,0.0,614.0,0.0,0.0,10.0,0.0,0.0,0.0,624.0,186.0,103.0,247.0,33.0,51.0,29.0,29.0,105.0,247.0,7.0,123.0,765.98,76.62,316.76,4.54,0.0,0.0,0.0,0.0,0.0,0.0,0.0,0.0,0.0,0.0,0.0,0.0,0.0,0.0,0.0,0.0,0.0,0.0,0.0,0.0,0.0,0.0,0.0,0.0,0.0,0.0,0,0,0,0,0,0,0,0,0,0,0.0,0.0,0.0,0.0,0.0,0.0,0.0,0.0,0.0,0.0,0.0,0.0,0.0,0.0,0.0,0.0,0.0,0.0,0.0,0.0
420034295001,42003429500,Allegheny,1876.0,40.549126,-80.026175,1713.0,0.0,1590.0,73.0,0.0,48.0,0.0,0.0,2.0,1713.0,278.0,433.0,876.0,217.0,169.0,80.0,59.0,351.0,876.0,145.0,406.0,1830.08,453.27,983.92,0.0,0.58,0.6391,0.016,0.0752,0.58,0.6391,0.016,0.0752,0.5075,0.6391,0.0,0.1317,0.5075,0.5075,0.0,0.0,0.5075,0.5075,0.0,0.0,51.0,74.6,35.3,69.0,23.9,55.4,1,1,1,1,1,1,1,1,1,1,0.3038,0.2676,0.0362,0.0,0.3038,0.2676,0.0362,0.0,0.2143,0.2676,0.0,0.0533,0.2143,0.2143,0.0,0.0,0.2143,0.2143,0.0,0.0
420034295002,42003429500,Allegheny,1876.0,40.540838,-80.01839,2114.0,0.0,1816.0,91.0,0.0,103.0,0.0,0.0,104.0,2114.0,195.0,578.0,1181.0,139.0,408.0,236.0,170.0,228.0,1181.0,23.0,918.0,1830.08,453.27,983.92,0.0,0.1045,0.1045,0.0,0.0,0.1045,0.1045,0.0,0.0,0.1045,0.1045,0.0,0.0,0.1045,0.1045,0.0,0.0,0.1045,0.1045,0.0,0.0,11.4,14.4,7.3,12.9,4.9,10.2,0,0,0,0,0,0,0,0,0,0,0.0672,0.0672,0.0,0.0,0.0672,0.0672,0.0,0.0,0.0672,0.0672,0.0,0.0,0.0672,0.0672,0.0,0.0,0.0672,0.0672,0.0,0.0
420034295003,42003429500,Allegheny,660.0,40.525441,-80.011786,477.0,0.0,477.0,0.0,0.0,0.0,0.0,0.0,0.0,477.0,34.0,36.0,257.0,0.0,36.0,54.0,0.0,167.0,257.0,16.0,102.0,643.84,159.47,346.16,0.0,0.8485,0.8485,0.0,0.0,0.8485,0.8485,0.0,0.0,0.8485,0.8485,0.0,0.0,0.3242,0.8485,0.0,0.5242,0.3242,0.8485,0.0,0.5242,48.9,75.8,29.2,61.7,21.3,44.0,1,1,1,1,1,1,0,1,0,1,0.0,0.0,0.0,0.0,0.0,0.0,0.0,0.0,0.0,0.0,0.0,0.0,0.0,0.0,0.0,0.0,0.0,0.0,0.0,0.0
420034296001,42003429600,Allegheny,2598.0,40.511937,-80.044696,2504.0,300.0,2113.0,0.0,0.0,58.0,5.0,0.0,28.0,2504.0,416.0,613.0,1148.0,48.0,204.0,228.0,200.0,468.0,1148.0,39.0,591.0,2621.17,335.25,1204.15,7.96,0.8264,0.8264,0.0,0.0,0.8264,0.8264,0.0,0.0,0.8264,0.8264,0.0,0.0,0.8264,0.8264,0.0,0.0,0.8264,0.8264,0.0,0.0,83.6,107.1,72.2,94.1,43.3,71.2,1,1,1,1,1,1,1,1,1,1,0.1251,0.1467,0.0,0.0216,0.1251,0.1467,0.0,0.0216,0.1251,0.1467,0.0,0.0216,0.1251,0.1467,0.0,0.0216,0.1251,0.1467,0.0,0.0216
420034296002,42003429600,Allegheny,990.0,40.500636,-80.04697,1116.0,47.0,945.0,105.0,0.0,0.0,0.0,0.0,19.0,1116.0,250.0,118.0,515.0,41.0,69.0,52.0,124.0,229.0,515.0,13.0,198.0,998.83,127.75,458.85,3.04,0.6404,0.6404,0.0,0.0,0.6404,0.6404,0.0,0.0,0.6404,0.6404,0.0,0.0,0.6404,0.6404,0.0,0.0,0.6404,0.6404,0.0,0.0,55.5,73.5,49.0,61.4,30.6,48.5,1,1,1,1,1,1,1,1,1,1,0.2434,0.2434,0.0,0.0,0.2434,0.2434,0.0,0.0,0.2434,0.2434,0.0,0.0,0.2434,0.2434,0.0,0.0,0.2434,0.2434,0.0,0.0
420034297001,42003429700,Allegheny,1416.0,40.500532,-80.0312,1333.0,0.0,1220.0,56.0,0.0,0.0,0.0,0.0,57.0,1333.0,149.0,426.0,649.0,181.0,80.0,164.0,31.0,193.0,649.0,20.0,217.0,1310.85,175.06,585.52,4.18,0.7323,0.4117,0.3206,0.0,0.7323,0.4117,0.3206,0.0,0.7323,0.4117,0.3206,0.0,0.7323,0.4117,0.3206,0.0,0.7154,0.4117,0.3037,0.0,85.5,42.7,46.3,29.6,43.9,23.1,1,0,1,0,1,0,1,0,1,0,0.2429,0.0,0.2429,0.0,0.2429,0.0,0.2429,0.0,0.2429,0.0,0.2429,0.0,0.2429,0.0,0.2429,0.0,0.2429,0.0,0.2429,0.0
420034297002,42003429700,Allegheny,954.0,40.495318,-80.039298,861.0,0.0,857.0,0.0,0.0,0.0,0.0,0.0,4.0,861.0,207.0,249.0,331.0,27.0,73.0,50.0,94.0,87.0,331.0,30.0,101.0,883.15,117.94,394.48,2.82,0.1352,0.0,0.1352,0.0,0.1352,0.0,0.1352,0.0,0.1352,0.0,0.1352,0.0,0.1352,0.0,0.1352,0.0,0.1352,0.0,0.1352,0.0,8.9,0.0,4.9,0.0,5.9,0.0,0,0,0,0,0,0,0,0,0,0,0.0,0.0,0.0,0.0,0.0,0.0,0.0,0.0,0.0,0.0,0.0,0.0,0.0,0.0,0.0,0.0,0.0,0.0,0.0,0.0
420034301001,42003430100,Allegheny,778.0,40.516125,-80.021767,628.0,0.0,544.0,43.0,0.0,0.0,0.0,23.0,18.0,628.0,138.0,89.0,252.0,23.0,37.0,42.0,61.0,89.0,252.0,27.0,94.0,685.76,99.89,340.15,0.0,1.0,1.0,0.0,0.0,1.0,1.0,0.0,0.0,1.0,1.0,0.0,0.0,1.0,1.0,0.0,0.0,1.0,1.0,0.0,0.0,107.2,98.0,62.0,72.0,46.0,56.0,1,1,1,1,1,1,1,1,1,1,0.5039,0.5039,0.0,0.0,0.5039,0.5039,0.0,0.0,0.5039,0.5039,0.0,0.0,0.5039,0.5039,0.0,0.0,0.4717,0.5039,0.0,0.0321
420034301002,42003430100,Allegheny,1356.0,40.514342,-80.025756,1253.0,16.0,1151.0,34.0,0.0,0.0,0.0,6.0,46.0,1253.0,200.0,193.0,681.0,132.0,111.0,161.0,101.0,176.0,681.0,102.0,261.0,1195.24,174.11,592.85,0.0,1.0,1.0,0.0,0.0,1.0,1.0,0.0,0.0,1.0,1.0,0.0,0.0,1.0,1.0,0.0,0.0,1.0,1.0,0.0,0.0,110.8,105.1,64.9,77.6,47.4,60.2,1,1,1,1,1,1,1,1,1,1,0.5693,0.5693,0.0,0.0,0.5693,0.5693,0.0,0.0,0.5693,0.5693,0.0,0.0,0.5693,0.5693,0.0,0.0,0.5693,0.5693,0.0,0.0
420034302001,42003430200,Allegheny,800.0,40.523977,-80.036476,1042.0,0.0,827.0,0.0,0.0,0.0,0.0,215.0,0.0,1042.0,208.0,155.0,436.0,0.0,21.0,125.0,32.0,258.0,436.0,19.0,59.0,817.75,104.94,327.14,3.34,0.2338,1.0,0.0,0.7662,0.2338,1.0,0.0,0.7662,0.2338,1.0,0.0,0.7662,0.2338,0.2338,0.0,0.0,0.2338,0.2338,0.0,0.0,14.8,51.3,14.1,42.9,8.0,36.9,0,1,0,1,0,1,0,0,0,0,0.0,0.435,0.0,0.435,0.0,0.435,0.0,0.435,0.0,0.435,0.0,0.435,0.0,0.0,0.0,0.0,0.0,0.0,0.0,0.0
420034302002,42003430200,Allegheny,1255.0,40.519473,-80.031334,1502.0,135.0,1313.0,1.0,0.0,0.0,0.0,0.0,53.0,1502.0,185.0,241.0,564.0,55.0,184.0,129.0,41.0,155.0,564.0,54.0,227.0,1282.85,164.63,513.2,5.24,0.812,0.988,0.0,0.1761,0.812,0.988,0.0,0.1761,0.812,0.988,0.0,0.1761,0.812,0.812,0.0,0.0,0.812,0.812,0.0,0.0,136.9,155.8,98.2,126.6,65.4,97.6,1,1,1,1,1,1,1,1,1,1,0.4709,0.549,0.0,0.0781,0.4709,0.549,0.0,0.0781,0.4709,0.549,0.0,0.0781,0.4709,0.4709,0.0,0.0,0.4709,0.4709,0.0,0.0
420034302003,42003430200,Allegheny,1004.0,40.520072,-80.036099,1042.0,143.0,775.0,95.0,0.0,29.0,0.0,0.0,0.0,1042.0,218.0,72.0,408.0,15.0,63.0,117.0,101.0,112.0,408.0,0.0,106.0,1026.28,131.7,410.56,4.19,1.0,1.0,0.0,0.0,1.0,1.0,0.0,0.0,1.0,1.0,0.0,0.0,1.0,1.0,0.0,0.0,1.0,1.0,0.0,0.0,143.1,168.3,111.5,142.6,70.5,108.6,1,1,1,1,1,1,1,1,1,1,0.4631,0.6305,0.0,0.1673,0.4631,0.6305,0.0,0.1673,0.4631,0.6305,0.0,0.1673,0.4631,0.4631,0.0,0.0,0.4631,0.4631,0.0,0.0
420034302004,42003430200,Allegheny,726.0,40.520044,-80.044476,291.0,0.0,291.0,0.0,0.0,0.0,0.0,0.0,0.0,291.0,43.0,96.0,159.0,0.0,17.0,14.0,0.0,128.0,159.0,0.0,68.0,742.11,95.24,296.88,3.03,1.0,1.0,0.0,0.0,1.0,1.0,0.0,0.0,1.0,1.0,0.0,0.0,1.0,1.0,0.0,0.0,1.0,1.0,0.0,0.0,103.7,131.6,88.8,115.6,53.0,87.6,1,1,1,1,1,1,1,1,1,1,0.5207,0.5207,0.0,0.0,0.5207,0.5207,0.0,0.0,0.5207,0.5207,0.0,0.0,0.5207,0.5207,0.0,0.0,0.5207,0.5207,0.0,0.0
420034302005,42003430200,Allegheny,766.0,40.516272,-80.044775,775.0,53.0,592.0,50.0,0.0,0.0,0.0,0.0,80.0,775.0,171.0,81.0,294.0,18.0,51.0,22.0,57.0,146.0,294.0,14.0,108.0,783.0,100.48,313.23,3.2,1.0,1.0,0.0,0.0,1.0,1.0,0.0,0.0,1.0,1.0,0.0,0.0,1.0,1.0,0.0,0.0,1.0,1.0,0.0,0.0,98.2,126.3,85.6,111.4,50.6,84.5,1,1,1,1,1,1,1,1,1,1,0.5614,0.5614,0.0,0.0,0.5614,0.5614,0.0,0.0,0.5614,0.5614,0.0,0.0,0.5614,0.5614,0.0,0.0,0.5614,0.5614,0.0,0.0
420034311001,42003431100,Allegheny,1649.0,40.49298,-80.050072,1777.0,32.0,1398.0,191.0,0.0,17.0,0.0,0.0,139.0,1777.0,275.0,317.0,900.0,158.0,209.0,177.0,65.0,291.0,900.0,82.0,414.0,1618.58,266.13,839.96,0.0,1.0,1.0,0.0,0.0,1.0,1.0,0.0,0.0,1.0,1.0,0.0,0.0,1.0,1.0,0.0,0.0,1.0,1.0,0.0,0.0,208.1,226.7,158.4,151.9,118.8,132.5,1,1,1,1,1,1,1,1,1,1,0.5021,0.5021,0.0,0.0,0.5021,0.5021,0.0,0.0,0.382,0.382,0.0,0.0,0.382,0.382,0.0,0.0,0.382,0.382,0.0,0.0
420034311002,42003431100,Allegheny,1604.0,40.488769,-80.051658,1416.0,52.0,1201.0,121.0,0.0,11.0,0.0,0.0,31.0,1416.0,191.0,261.0,757.0,136.0,172.0,146.0,123.0,180.0,757.0,164.0,344.0,1574.42,258.87,817.04,0.0,1.0,1.0,0.0,0.0,1.0,1.0,0.0,0.0,1.0,1.0,0.0,0.0,1.0,1.0,0.0,0.0,0.4719,0.8273,0.0,0.3554,146.2,133.6,102.2,90.7,82.0,79.3,1,1,1,1,1,1,1,1,1,1,0.7438,0.7438,0.0,0.0,0.7438,0.7438,0.0,0.0,0.505,0.505,0.0,0.0,0.505,0.4613,0.0436,0.0,0.2425,0.3329,0.0,0.0904
420034314001,42003431400,Allegheny,1893.0,40.502381,-80.055144,1845.0,18.0,1539.0,144.0,0.0,8.0,0.0,0.0,136.0,1845.0,397.0,258.0,874.0,42.0,168.0,274.0,101.0,289.0,874.0,21.0,363.0,1845.0,275.0,874.0,0.0,0.9245,0.9245,0.0,0.0,0.9245,0.9245,0.0,0.0,0.9245,0.9245,0.0,0.0,0.9245,0.9245,0.0,0.0,0.9245,0.87,0.0544,0.0,70.5,97.8,65.8,87.0,38.6,66.5,1,1,1,1,1,1,1,1,1,1,0.3666,0.3666,0.0,0.0,0.3666,0.3666,0.0,0.0,0.3666,0.3666,0.0,0.0,0.3666,0.3666,0.0,0.0,0.3666,0.3666,0.0,0.0
420034315001,42003431500,Allegheny,682.0,40.499493,-80.05879,291.0,17.0,259.0,15.0,0.0,0.0,0.0,0.0,0.0,291.0,67.0,27.0,124.0,9.0,11.0,28.0,0.0,76.0,124.0,9.0,72.0,665.84,113.56,327.96,4.96,1.0,1.0,0.0,0.0,1.0,1.0,0.0,0.0,1.0,1.0,0.0,0.0,1.0,1.0,0.0,0.0,1.0,1.0,0.0,0.0,148.8,203.4,104.5,123.9,85.5,118.8,1,1,1,1,1,1,1,1,1,1,0.3974,0.3974,0.0,0.0,0.3974,0.3974,0.0,0.0,0.3974,0.3974,0.0,0.0,0.3974,0.3974,0.0,0.0,0.3974,0.3974,0.0,0.0
420034315002,42003431500,Allegheny,856.0,40.497754,-80.054112,1412.0,0.0,1090.0,199.0,0.0,12.0,0.0,0.0,111.0,1412.0,241.0,206.0,579.0,114.0,42.0,110.0,10.0,303.0,579.0,30.0,197.0,835.72,142.53,411.64,6.22,1.0,1.0,0.0,0.0,1.0,1.0,0.0,0.0,1.0,1.0,0.0,0.0,1.0,1.0,0.0,0.0,1.0,1.0,0.0,0.0,177.3,223.2,137.7,155.1,100.1,135.2,1,1,1,1,1,1,1,1,1,1,0.7009,0.7009,0.0,0.0,0.7009,0.7009,0.0,0.0,0.7009,0.7009,0.0,0.0,0.7009,0.7009,0.0,0.0,0.7009,0.7009,0.0,0.0
420034315003,42003431500,Allegheny,960.0,40.494357,-80.056313,783.0,14.0,707.0,62.0,0.0,0.0,0.0,0.0,0.0,783.0,71.0,170.0,514.0,152.0,123.0,104.0,48.0,87.0,514.0,147.0,273.0,937.25,159.85,461.65,6.98,1.0,1.0,0.0,0.0,1.0,1.0,0.0,0.0,1.0,1.0,0.0,0.0,1.0,1.0,0.0,0.0,1.0,1.0,0.0,0.0,180.7,225.3,134.6,146.4,102.9,132.7,1,1,1,1,1,1,1,1,1,1,0.4875,0.4875,0.0,0.0,0.4875,0.4875,0.0,0.0,0.4875,0.4875,0.0,0.0,0.4875,0.4875,0.0,0.0,0.4875,0.4875,0.0,0.0
420034315004,42003431500,Allegheny,667.0,40.492127,-80.058656,604.0,8.0,542.0,10.0,0.0,22.0,0.0,0.0,22.0,604.0,190.0,114.0,305.0,66.0,95.0,29.0,45.0,70.0,305.0,19.0,209.0,651.19,111.06,320.75,4.85,1.0,1.0,0.0,0.0,1.0,1.0,0.0,0.0,1.0,1.0,0.0,0.0,1.0,0.3118,0.6882,0.0,0.2054,1.0,0.0,0.7946,79.5,79.1,57.1,60.6,47.3,54.5,1,1,1,1,1,1,1,0,0,1,0.1949,0.1949,0.0,0.0,0.1949,0.1949,0.0,0.0,0.1949,0.1949,0.0,0.0,0.1949,0.0,0.1949,0.0,0.0,0.1949,0.0,0.1949
420034323001,42003432300,Allegheny,1092.0,40.504852,-80.068226,603.0,12.0,551.0,40.0,0.0,0.0,0.0,0.0,0.0,603.0,26.0,151.0,385.0,35.0,33.0,105.0,113.0,99.0,385.0,0.0,219.0,1042.48,331.65,682.81,19.01,0.5888,0.5888,0.0,0.0,0.5888,0.5888,0.0,0.0,0.4432,0.4432,0.0,0.0,0.4432,0.4432,0.0,0.0,0.4432,0.4432,0.0,0.0,69.4,92.1,44.4,54.8,39.8,54.8,1,1,1,1,1,1,1,1,1,1,0.3223,0.3223,0.0,0.0,0.3223,0.3223,0.0,0.0,0.3095,0.3095,0.0,0.0,0.3095,0.3095,0.0,0.0,0.3095,0.3095,0.0,0.0
420034323002,42003432300,Allegheny,1091.0,40.500874,-80.064363,1524.0,4.0,1235.0,197.0,0.0,85.0,0.0,0.0,3.0,1524.0,200.0,463.0,980.0,268.0,276.0,197.0,42.0,197.0,980.0,357.0,493.0,1041.52,331.35,682.19,18.99,1.0,1.0,0.0,0.0,1.0,1.0,0.0,0.0,1.0,1.0,0.0,0.0,1.0,1.0,0.0,0.0,1.0,1.0,0.0,0.0,126.0,181.1,80.7,102.4,72.6,104.3,1,1,1,1,1,1,1,1,1,1,0.6352,0.6352,0.0,0.0,0.6352,0.6352,0.0,0.0,0.6352,0.6352,0.0,0.0,0.6352,0.6352,0.0,0.0,0.6352,0.6352,0.0,0.0
420034324001,42003432400,Allegheny,934.0,40.49747,-80.06393,683.0,0.0,588.0,48.0,0.0,25.0,0.0,0.0,22.0,683.0,19.0,230.0,497.0,88.0,125.0,177.0,13.0,94.0,497.0,76.0,333.0,922.41,229.97,487.1,0.0,1.0,1.0,0.0,0.0,1.0,1.0,0.0,0.0,1.0,1.0,0.0,0.0,1.0,1.0,0.0,0.0,1.0,1.0,0.0,0.0,167.8,215.0,110.1,133.7,98.4,132.2,1,1,1,1,1,1,1,1,1,1,0.1617,0.1617,0.0,0.0,0.1617,0.1617,0.0,0.0,0.1617,0.1617,0.0,0.0,0.1617,0.1617,0.0,0.0,0.1617,0.1617,0.0,0.0
420034324002,42003432400,Allegheny,837.0,40.500028,-80.069263,957.0,62.0,528.0,359.0,0.0,0.0,0.0,0.0,8.0,957.0,61.0,211.0,452.0,127.0,150.0,85.0,0.0,90.0,452.0,89.0,270.0,826.61,206.09,436.51,0.0,1.0,1.0,0.0,0.0,1.0,1.0,0.0,0.0,1.0,1.0,0.0,0.0,1.0,1.0,0.0,0.0,1.0,1.0,0.0,0.0,172.0,219.5,114.7,138.8,103.3,136.0,1,1,1,1,1,1,1,1,1,1,0.7611,0.7611,0.0,0.0,0.7611,0.7611,0.0,0.0,0.7611,0.7611,0.0,0.0,0.7611,0.4791,0.282,0.0,0.4791,0.7611,0.0,0.282
420034324003,42003432400,Allegheny,808.0,40.499499,-80.070336,907.0,13.0,766.0,85.0,0.0,16.0,0.0,17.0,10.0,907.0,227.0,95.0,396.0,141.0,64.0,31.0,18.0,142.0,396.0,103.0,124.0,797.97,198.95,421.39,0.0,1.0,1.0,0.0,0.0,1.0,1.0,0.0,0.0,1.0,1.0,0.0,0.0,1.0,0.8849,0.1151,0.0,0.8849,1.0,0.0,0.1151,153.8,186.7,102.4,120.4,91.9,118.1,1,1,1,1,1,1,1,1,1,1,0.8713,0.8713,0.0,0.0,0.8713,0.8713,0.0,0.0,0.8713,0.8713,0.0,0.0,0.8713,0.2314,0.6399,0.0,0.2314,0.474,0.0,0.2426
420034340001,42003434000,Allegheny,923.0,40.505874,-80.078106,861.0,70.0,621.0,73.0,0.0,13.0,0.0,17.0,67.0,861.0,256.0,93.0,350.0,40.0,58.0,36.0,78.0,138.0,350.0,17.0,122.0,923.48,126.08,383.54,0.0,1.0,1.0,0.0,0.0,1.0,1.0,0.0,0.0,0.6739,0.6739,0.0,0.0,0.6739,0.5114,0.1625,0.0,0.5114,0.6739,0.0,0.1625,101.6,124.6,63.8,76.8,57.5,75.6,1,1,1,1,1,1,1,1,1,1,0.4919,0.598,0.0,0.1062,0.4919,0.598,0.0,0.1062,0.2026,0.2026,0.0,0.0,0.2026,0.1138,0.0888,0.0,0.1138,0.1213,0.0,0.0076
420034340002,42003434000,Allegheny,995.0,40.507662,-80.08399,1058.0,9.0,990.0,47.0,0.0,3.0,0.0,0.0,9.0,1058.0,205.0,231.0,447.0,50.0,48.0,40.0,42.0,267.0,447.0,21.0,133.0,995.52,135.92,413.46,0.0,1.0,1.0,0.0,0.0,1.0,1.0,0.0,0.0,0.6985,0.6985,0.0,0.0,0.6985,0.0,0.6985,0.0,0.0,0.6985,0.0,0.6985,45.2,39.3,23.7,25.3,21.1,22.7,1,1,1,1,1,1,1,0,0,1,0.7477,0.6975,0.0503,0.0,0.7477,0.6975,0.0503,0.0,0.1588,0.1588,0.0,0.0,0.1588,0.0,0.1588,0.0,0.0,0.1538,0.0,0.1538
420034350001,42003435000,Allegheny,1364.0,40.513434,-80.095737,1427.0,61.0,1257.0,65.0,0.0,5.0,0.0,0.0,39.0,1427.0,337.0,258.0,608.0,93.0,62.0,154.0,109.0,190.0,608.0,32.0,287.0,1313.22,199.87,600.7,4.32,0.9692,0.9619,0.0073,0.0,0.9692,0.9619,0.0073,0.0,0.7111,0.7111,0.0,0.0,0.7111,0.0,0.7111,0.0,0.0,0.1312,0.0,0.1312,46.9,40.5,24.3,25.6,21.3,22.8,1,1,1,1,1,1,1,0,0,0,0.4941,0.4897,0.0044,0.0,0.4941,0.4897,0.0044,0.0,0.085,0.085,0.0,0.0,0.085,0.0,0.085,0.0,0.0,0.0543,0.0,0.0543
420034350002,42003435000,Allegheny,1161.0,40.510812,-80.097947,1038.0,212.0,680.0,66.0,0.0,0.0,0.0,0.0,80.0,1038.0,182.0,158.0,504.0,91.0,120.0,139.0,73.0,81.0,504.0,42.0,287.0,1117.78,170.13,511.3,3.68,1.0,1.0,0.0,0.0,1.0,1.0,0.0,0.0,1.0,1.0,0.0,0.0,1.0,0.0,1.0,0.0,0.0,0.2446,0.0,0.2446,58.2,48.3,34.3,36.0,30.0,32.0,1,1,1,1,1,1,1,0,0,1,0.6744,0.6744,0.0,0.0,0.6744,0.6744,0.0,0.0,0.5917,0.5917,0.0,0.0,0.5917,0.0,0.5917,0.0,0.0,0.348,0.0,0.348
420034370001,42003437000,Allegheny,4262.0,40.538402,-80.083245,4188.0,135.0,3735.0,30.0,0.0,104.0,0.0,0.0,184.0,4188.0,1158.0,544.0,1458.0,26.0,114.0,86.0,111.0,1121.0,1458.0,0.0,287.0,4239.44,445.32,1556.84,18.41,0.0,0.0,0.0,0.0,0.0,0.0,0.0,0.0,0.0,0.0,0.0,0.0,0.0,0.0,0.0,0.0,0.0,0.0,0.0,0.0,0.0,0.0,0.0,0.0,0.0,0.0,0,0,0,0,0,0,0,0,0,0,0.0,0.0,0.0,0.0,0.0,0.0,0.0,0.0,0.0,0.0,0.0,0.0,0.0,0.0,0.0,0.0,0.0,0.0,0.0,0.0
420034370002,42003437000,Allegheny,2916.0,40.552899,-80.106966,3040.0,8.0,2815.0,31.0,0.0,148.0,0.0,34.0,4.0,3040.0,584.0,992.0,1164.0,32.0,92.0,159.0,164.0,717.0,1164.0,0.0,353.0,2900.56,304.68,1065.16,12.59,0.0,0.0,0.0,0.0,0.0,0.0,0.0,0.0,0.0,0.0,0.0,0.0,0.0,0.0,0.0,0.0,0.0,0.0,0.0,0.0,0.0,0.0,0.0,0.0,0.0,0.0,0,0,0,0,0,0,0,0,0,0,0.0,0.0,0.0,0.0,0.0,0.0,0.0,0.0,0.0,0.0,0.0,0.0,0.0,0.0,0.0,0.0,0.0,0.0,0.0,0.0
420034390001,42003439000,Allegheny,1505.0,40.590102,-80.173968,1468.0,19.0,1260.0,30.0,0.0,26.0,0.0,25.0,108.0,1468.0,275.0,361.0,581.0,44.0,34.0,79.0,20.0,404.0,581.0,21.0,117.0,1468.0,152.0,581.0,3.0,0.0,0.0,0.0,0.0,0.0,0.0,0.0,0.0,0.0,0.0,0.0,0.0,0.0,0.0,0.0,0.0,0.0,0.0,0.0,0.0,0.0,0.0,0.0,0.0,0.0,0.0,0,0,0,0,0,0,0,0,0,0,0.0,0.0,0.0,0.0,0.0,0.0,0.0,0.0,0.0,0.0,0.0,0.0,0.0,0.0,0.0,0.0,0.0,0.0,0.0,0.0
420034455001,42003445500,Allegheny,1080.0,40.539693,-80.175393,1154.0,28.0,942.0,55.0,0.0,0.0,0.0,0.0,129.0,1154.0,319.0,209.0,435.0,108.0,42.0,16.0,19.0,250.0,435.0,77.0,67.0,1054.29,114.72,453.89,1.93,0.8611,0.8102,0.0509,0.0,0.8611,0.8102,0.0509,0.0,0.8611,0.8102,0.0509,0.0,0.8102,0.0,0.8102,0.0,0.0,0.8102,0.0,0.8102,48.3,30.8,34.2,29.2,30.8,25.9,1,1,1,1,1,1,1,0,0,1,0.4296,0.2537,0.1963,0.0204,0.4296,0.2537,0.1963,0.0204,0.4296,0.2537,0.1963,0.0204,0.2333,0.0,0.2333,0.0,0.0,0.2278,0.0,0.2278
420034455002,42003445500,Allegheny,1619.0,40.54135,-80.185419,1428.0,66.0,1274.0,20.0,0.0,0.0,0.0,0.0,68.0,1428.0,280.0,380.0,669.0,103.0,92.0,59.0,44.0,371.0,669.0,85.0,280.0,1580.46,171.97,680.42,2.9,0.95,0.7116,0.2384,0.0,0.95,0.7116,0.2384,0.0,0.95,0.7116,0.2384,0.0,0.7116,0.0791,0.6325,0.0,0.1316,0.6325,0.0,0.5009,46.9,24.8,32.7,23.5,29.7,20.9,1,1,1,1,1,1,1,0,0,1,0.3169,0.2557,0.0611,0.0,0.3169,0.2557,0.0611,0.0,0.3169,0.2557,0.0611,0.0,0.2557,0.0,0.2557,0.0,0.0,0.2557,0.0,0.2557
420034455003,42003445500,Allegheny,1208.0,40.535438,-80.180208,1241.0,11.0,1050.0,22.0,0.0,0.0,0.0,0.0,158.0,1241.0,249.0,107.0,538.0,44.0,150.0,25.0,103.0,216.0,538.0,23.0,259.0,1179.25,128.31,507.69,2.16,0.7699,0.625,0.1449,0.0,0.7699,0.625,0.1449,0.0,0.7699,0.625,0.1449,0.0,0.625,0.0,0.625,0.0,0.0124,0.4205,0.0,0.4081,42.4,23.8,29.6,22.5,27.0,20.0,1,1,1,1,1,1,1,0,0,1,0.2508,0.1829,0.1581,0.0902,0.2508,0.1829,0.1581,0.0902,0.2508,0.1829,0.1581,0.0902,0.0927,0.0,0.0927,0.0,0.0,0.0952,0.0,0.0952
420034460001,42003446000,Allegheny,864.0,40.552556,-80.188852,722.0,38.0,659.0,0.0,0.0,0.0,0.0,0.0,25.0,722.0,203.0,129.0,258.0,26.0,3.0,14.0,22.0,193.0,258.0,3.0,53.0,821.55,72.99,309.05,2.59,0.6586,0.6586,0.0,0.0,0.6586,0.6586,0.0,0.0,0.6586,0.6586,0.0,0.0,0.6586,0.4491,0.2095,0.0,0.0,0.2245,0.0,0.2245,31.6,25.0,22.4,23.7,19.8,21.1,1,1,1,1,1,1,1,1,0,0,0.2037,0.2037,0.0,0.0,0.2037,0.2037,0.0,0.0,0.2037,0.2037,0.0,0.0,0.2037,0.0579,0.1458,0.0,0.0,0.1042,0.0,0.1042
420034460002,42003446000,Allegheny,805.0,40.551784,-80.195699,865.0,26.0,801.0,9.0,0.0,12.0,0.0,0.0,17.0,865.0,219.0,210.0,339.0,10.0,34.0,15.0,17.0,263.0,339.0,7.0,110.0,765.45,68.01,287.95,2.41,0.9516,0.9516,0.0,0.0,0.9516,0.9516,0.0,0.0,0.9516,0.9516,0.0,0.0,0.9516,0.3193,0.6323,0.0,0.0,0.6323,0.0,0.6323,45.7,36.2,32.4,34.3,28.5,30.4,1,1,1,1,1,1,1,0,0,1,0.0621,0.0621,0.0,0.0,0.0621,0.0621,0.0,0.0,0.0621,0.0621,0.0,0.0,0.0621,0.0509,0.0112,0.0,0.0,0.0112,0.0,0.0112
420034470001,42003447000,Allegheny,1624.0,40.576475,-80.209301,1530.0,50.0,1346.0,24.0,0.0,18.0,0.0,2.0,90.0,1530.0,330.0,299.0,651.0,80.0,157.0,50.0,68.0,296.0,651.0,29.0,221.0,1530.0,195.0,651.0,3.0,0.226,0.226,0.0,0.0,0.226,0.226,0.0,0.0,0.226,0.226,0.0,0.0,0.226,0.2063,0.0197,0.0,0.0,0.2063,0.0,0.2063,10.4,8.2,7.3,7.8,6.5,6.9,0,0,0,0,0,0,0,0,0,0,0.0,0.0,0.0,0.0,0.0,0.0,0.0,0.0,0.0,0.0,0.0,0.0,0.0,0.0,0.0,0.0,0.0,0.0,0.0,0.0
420034480001,42003448000,Allegheny,1162.0,40.56641,-80.209728,1096.0,41.0,884.0,53.0,6.0,9.0,0.0,0.0,103.0,1096.0,218.0,285.0,558.0,83.0,140.0,79.0,89.0,167.0,558.0,74.0,263.0,1096.0,161.0,558.0,3.0,0.9905,0.9905,0.0,0.0,0.9905,0.9905,0.0,0.0,0.9905,0.9905,0.0,0.0,0.9905,0.6041,0.3864,0.0,0.0,0.9002,0.0,0.9002,47.0,37.2,33.3,35.4,29.4,31.3,1,1,1,1,1,1,1,1,0,1,0.6721,0.6721,0.0,0.0,0.6721,0.6721,0.0,0.0,0.6721,0.6721,0.0,0.0,0.6721,0.5413,0.1308,0.0,0.0,0.5344,0.0,0.5344
420034490001,42003449000,Allegheny,861.0,40.5606,-80.231038,887.0,80.0,675.0,0.0,0.0,15.0,0.0,26.0,91.0,887.0,181.0,196.0,367.0,66.0,43.0,14.0,105.0,139.0,367.0,10.0,99.0,740.92,107.97,337.41,10.38,0.0,0.0,0.0,0.0,0.0,0.0,0.0,0.0,0.0,0.0,0.0,0.0,0.0,0.0,0.0,0.0,0.0,0.0,0.0,0.0,0.0,0.0,0.0,0.0,0.0,0.0,0,0,0,0,0,0,0,0,0,0,0.0,0.0,0.0,0.0,0.0,0.0,0.0,0.0,0.0,0.0,0.0,0.0,0.0,0.0,0.0,0.0,0.0,0.0,0.0,0.0
420034490002,42003449000,Allegheny,1627.0,40.553142,-80.231146,1254.0,30.0,1178.0,0.0,0.0,45.0,0.0,1.0,0.0,1254.0,187.0,336.0,608.0,73.0,56.0,144.0,71.0,264.0,608.0,24.0,276.0,1400.08,204.03,637.59,19.62,0.0,0.0,0.0,0.0,0.0,0.0,0.0,0.0,0.0,0.0,0.0,0.0,0.0,0.0,0.0,0.0,0.0,0.0,0.0,0.0,0.0,0.0,0.0,0.0,0.0,0.0,0,0,0,0,0,0,0,0,0,0,0.0,0.0,0.0,0.0,0.0,0.0,0.0,0.0,0.0,0.0,0.0,0.0,0.0,0.0,0.0,0.0,0.0,0.0,0.0,0.0
420034507001,42003450700,Allegheny,1412.0,40.510537,-80.154753,1181.0,127.0,895.0,55.0,0.0,0.0,0.0,0.0,104.0,1181.0,235.0,177.0,482.0,42.0,85.0,64.0,31.0,260.0,482.0,0.0,191.0,1327.74,166.67,630.35,7.91,0.5489,0.5489,0.0,0.0,0.5489,0.5489,0.0,0.0,0.5489,0.5489,0.0,0.0,0.0,0.5489,0.0,0.5489,0.4221,0.0,0.4221,0.0,28.4,25.9,18.2,16.3,18.2,13.4,0,0,0,0,0,0,0,0,0,0,0.0708,0.0708,0.0,0.0,0.0708,0.0708,0.0,0.0,0.0708,0.0708,0.0,0.0,0.0,0.0581,0.0,0.0581,0.0581,0.0,0.0581,0.0
420034507002,42003450700,Allegheny,1621.0,40.514317,-80.164044,1671.0,62.0,1297.0,74.0,0.0,0.0,0.0,9.0,229.0,1671.0,270.0,350.0,872.0,197.0,195.0,228.0,51.0,201.0,872.0,150.0,461.0,1524.26,191.33,723.65,9.09,0.7446,0.7446,0.0,0.0,0.7446,0.7446,0.0,0.0,0.7446,0.7446,0.0,0.0,0.0,0.7446,0.0,0.7446,0.3615,0.0,0.3615,0.0,38.8,35.4,24.9,22.3,24.9,18.3,1,1,1,1,1,1,0,1,1,0,0.182,0.182,0.0,0.0,0.182,0.182,0.0,0.0,0.182,0.182,0.0,0.0,0.0,0.182,0.0,0.182,0.1086,0.0,0.1086,0.0
420034508001,42003450800,Allegheny,901.0,40.519444,-80.170919,827.0,0.0,364.0,431.0,0.0,26.0,0.0,0.0,6.0,827.0,224.0,317.0,367.0,42.0,55.0,123.0,102.0,45.0,367.0,0.0,200.0,914.91,194.75,440.51,0.0,1.0,1.0,0.0,0.0,1.0,1.0,0.0,0.0,1.0,1.0,0.0,0.0,0.0,1.0,0.0,1.0,0.707,0.0,0.707,0.0,59.7,54.7,38.6,34.0,38.6,28.0,1,1,1,1,1,1,0,1,1,0,0.6082,0.6082,0.0,0.0,0.6082,0.6082,0.0,0.0,0.6082,0.6082,0.0,0.0,0.0,0.6082,0.0,0.6082,0.5394,0.0,0.5394,0.0
420034508002,42003450800,Allegheny,872.0,40.519396,-80.161867,1016.0,0.0,717.0,286.0,0.0,0.0,0.0,0.0,13.0,1016.0,13.0,386.0,544.0,228.0,139.0,36.0,99.0,42.0,544.0,217.0,253.0,885.46,188.48,426.33,0.0,1.0,1.0,0.0,0.0,1.0,1.0,0.0,0.0,1.0,1.0,0.0,0.0,0.0,0.6514,0.0,0.6514,0.336,0.0,0.336,0.0,49.1,44.6,31.4,28.1,31.4,23.1,1,1,1,1,1,1,0,1,1,0,0.3544,0.3544,0.0,0.0,0.3544,0.3544,0.0,0.0,0.3544,0.3544,0.0,0.0,0.0,0.1583,0.0,0.1583,0.0665,0.0,0.0665,0.0
420034508003,42003450800,Allegheny,753.0,40.516143,-80.172579,722.0,90.0,585.0,32.0,0.0,0.0,0.0,0.0,15.0,722.0,67.0,156.0,324.0,27.0,38.0,32.0,93.0,134.0,324.0,0.0,179.0,764.63,162.76,368.15,0.0,0.5445,0.5445,0.0,0.0,0.5445,0.5445,0.0,0.0,0.5445,0.5445,0.0,0.0,0.0,0.5445,0.0,0.5445,0.4861,0.0,0.4861,0.0,24.2,22.3,15.7,14.0,15.7,11.5,0,0,0,0,0,0,0,0,0,0,0.0,0.0,0.0,0.0,0.0,0.0,0.0,0.0,0.0,0.0,0.0,0.0,0.0,0.0,0.0,0.0,0.0,0.0,0.0,0.0
420034511011,42003451101,Allegheny,2171.0,40.540704,-80.225005,2304.0,132.0,2153.0,8.0,0.0,6.0,0.0,0.0,5.0,2304.0,590.0,658.0,942.0,28.0,98.0,112.0,145.0,559.0,942.0,13.0,404.0,2059.93,247.9,886.26,4.58,0.0,0.0,0.0,0.0,0.0,0.0,0.0,0.0,0.0,0.0,0.0,0.0,0.0,0.0,0.0,0.0,0.0,0.0,0.0,0.0,0.0,0.0,0.0,0.0,0.0,0.0,0,0,0,0,0,0,0,0,0,0,0.0,0.0,0.0,0.0,0.0,0.0,0.0,0.0,0.0,0.0,0.0,0.0,0.0,0.0,0.0,0.0,0.0,0.0,0.0,0.0
420034511012,42003451101,Allegheny,1621.0,40.529441,-80.214965,1294.0,27.0,1153.0,50.0,0.0,11.0,0.0,0.0,53.0,1294.0,126.0,384.0,606.0,56.0,81.0,66.0,108.0,295.0,606.0,22.0,171.0,1538.07,185.1,661.74,3.42,0.1696,0.1696,0.0,0.0,0.1696,0.1696,0.0,0.0,0.1696,0.1696,0.0,0.0,0.0,0.1696,0.0,0.1696,0.0,0.0,0.0,0.0,5.1,9.2,3.1,5.8,3.1,4.8,0,0,0,0,0,0,0,0,0,0,0.0,0.0,0.0,0.0,0.0,0.0,0.0,0.0,0.0,0.0,0.0,0.0,0.0,0.0,0.0,0.0,0.0,0.0,0.0,0.0
420034511021,42003451102,Allegheny,2003.0,40.527616,-80.191361,1890.0,202.0,1362.0,0.0,0.0,165.0,0.0,0.0,161.0,1890.0,347.0,293.0,836.0,39.0,36.0,190.0,171.0,400.0,836.0,0.0,307.0,2129.2,247.44,725.41,29.81,0.0529,0.0479,0.005,0.0,0.0529,0.0479,0.005,0.0,0.0529,0.0479,0.005,0.0,0.0,0.0479,0.0,0.0479,0.0,0.0,0.0,0.0,3.0,2.6,1.9,1.6,1.9,1.3,0,0,0,0,0,0,0,0,0,0,0.005,0.0,0.005,0.0,0.005,0.0,0.005,0.0,0.005,0.0,0.005,0.0,0.0,0.0,0.0,0.0,0.0,0.0,0.0,0.0
420034511022,42003451102,Allegheny,985.0,40.520677,-80.198925,963.0,0.0,632.0,77.0,0.0,1.0,0.0,1.0,252.0,963.0,272.0,195.0,330.0,0.0,52.0,49.0,103.0,126.0,330.0,19.0,73.0,1047.06,121.68,356.73,14.66,0.0,0.0,0.0,0.0,0.0,0.0,0.0,0.0,0.0,0.0,0.0,0.0,0.0,0.0,0.0,0.0,0.0,0.0,0.0,0.0,0.0,0.0,0.0,0.0,0.0,0.0,0,0,0,0,0,0,0,0,0,0,0.0,0.0,0.0,0.0,0.0,0.0,0.0,0.0,0.0,0.0,0.0,0.0,0.0,0.0,0.0,0.0,0.0,0.0,0.0,0.0
420034511023,42003451102,Allegheny,1750.0,40.513458,-80.209658,2117.0,39.0,1731.0,112.0,0.0,224.0,7.0,0.0,4.0,2117.0,348.0,647.0,1024.0,161.0,74.0,171.0,137.0,481.0,1024.0,81.0,426.0,1860.26,216.18,633.79,26.05,0.0617,0.0617,0.0,0.0,0.0617,0.0617,0.0,0.0,0.0617,0.0617,0.0,0.0,0.0,0.0617,0.0,0.0617,0.0,0.0,0.0,0.0,1.9,3.3,1.1,2.1,1.1,1.7,0,0,0,0,0,0,0,0,0,0,0.0,0.0,0.0,0.0,0.0,0.0,0.0,0.0,0.0,0.0,0.0,0.0,0.0,0.0,0.0,0.0,0.0,0.0,0.0,0.0
420034511024,42003451102,Allegheny,1309.0,40.521321,-80.21391,1461.0,84.0,1104.0,163.0,0.0,56.0,0.0,0.0,54.0,1461.0,14.0,0.0,0.0,0.0,0.0,0.0,0.0,0.0,0.0,0.0,0.0,1391.48,161.7,474.07,19.48,0.9649,0.9649,0.0,0.0,0.9649,0.9649,0.0,0.0,0.9649,0.9649,0.0,0.0,0.0,0.9649,0.0,0.9649,0.0,0.0,0.0,0.0,28.9,52.1,17.4,32.8,17.4,27.0,1,1,1,1,1,1,0,1,0,0,0.0,0.0,0.0,0.0,0.0,0.0,0.0,0.0,0.0,0.0,0.0,0.0,0.0,0.0,0.0,0.0,0.0,0.0,0.0,0.0
420034511041,42003451104,Allegheny,2131.0,40.530707,-80.259829,2048.0,0.0,1905.0,38.0,0.0,34.0,0.0,0.0,71.0,2048.0,667.0,169.0,641.0,0.0,29.0,28.0,46.0,538.0,641.0,0.0,46.0,2028.91,106.39,709.26,0.0,0.0,0.0,0.0,0.0,0.0,0.0,0.0,0.0,0.0,0.0,0.0,0.0,0.0,0.0,0.0,0.0,0.0,0.0,0.0,0.0,0.0,0.0,0.0,0.0,0.0,0.0,0,0,0,0,0,0,0,0,0,0,0.0,0.0,0.0,0.0,0.0,0.0,0.0,0.0,0.0,0.0,0.0,0.0,0.0,0.0,0.0,0.0,0.0,0.0,0.0,0.0
420034511042,42003451104,Allegheny,1835.0,40.537617,-80.248679,1735.0,8.0,1621.0,68.0,0.0,6.0,0.0,0.0,32.0,1735.0,308.0,459.0,679.0,17.0,43.0,72.0,171.0,376.0,679.0,0.0,123.0,1747.09,91.61,610.74,0.0,0.0,0.0,0.0,0.0,0.0,0.0,0.0,0.0,0.0,0.0,0.0,0.0,0.0,0.0,0.0,0.0,0.0,0.0,0.0,0.0,0.0,0.0,0.0,0.0,0.0,0.0,0,0,0,0,0,0,0,0,0,0,0.0,0.0,0.0,0.0,0.0,0.0,0.0,0.0,0.0,0.0,0.0,0.0,0.0,0.0,0.0,0.0,0.0,0.0,0.0,0.0
420034511051,42003451105,Allegheny,1504.0,40.508434,-80.216744,2483.0,55.0,2300.0,0.0,0.0,61.0,0.0,26.0,41.0,2483.0,74.0,211.0,797.0,99.0,82.0,62.0,49.0,505.0,797.0,26.0,219.0,1589.56,169.52,572.72,14.97,0.0751,0.1157,0.0,0.0406,0.0751,0.1157,0.0,0.0406,0.0751,0.111,0.0,0.0359,0.0,0.111,0.0,0.111,0.0,0.0831,0.0,0.0831,2.3,6.5,1.4,3.8,1.4,3.1,0,0,0,0,0,0,0,0,0,0,0.0279,0.0279,0.0,0.0,0.0279,0.0279,0.0,0.0,0.0279,0.0279,0.0,0.0,0.0,0.0279,0.0,0.0279,0.0,0.0279,0.0,0.0279
420034511052,42003451105,Allegheny,1447.0,40.509228,-80.228533,990.0,1.0,745.0,66.0,0.0,131.0,0.0,0.0,47.0,990.0,131.0,115.0,384.0,0.0,101.0,104.0,34.0,145.0,384.0,0.0,173.0,1529.32,163.09,551.02,14.41,0.369,0.369,0.0,0.0,0.369,0.369,0.0,0.0,0.369,0.369,0.0,0.0,0.0,0.369,0.0,0.369,0.0,0.369,0.0,0.369,11.1,19.9,6.6,12.5,6.6,10.3,0,0,0,0,0,0,0,0,0,0,0.0,0.0,0.0,0.0,0.0,0.0,0.0,0.0,0.0,0.0,0.0,0.0,0.0,0.0,0.0,0.0,0.0,0.0,0.0,0.0
420034511053,42003451105,Allegheny,2674.0,40.519638,-80.236646,2553.0,59.0,1927.0,219.0,0.0,191.0,0.0,0.0,157.0,2553.0,614.0,265.0,961.0,49.0,159.0,38.0,149.0,566.0,961.0,0.0,296.0,2826.12,301.39,1018.26,26.62,0.0,0.0,0.0,0.0,0.0,0.0,0.0,0.0,0.0,0.0,0.0,0.0,0.0,0.0,0.0,0.0,0.0,0.0,0.0,0.0,0.0,0.0,0.0,0.0,0.0,0.0,0,0,0,0,0,0,0,0,0,0,0.0,0.0,0.0,0.0,0.0,0.0,0.0,0.0,0.0,0.0,0.0,0.0,0.0,0.0,0.0,0.0,0.0,0.0,0.0,0.0
420034513001,42003451300,Allegheny,842.0,40.471136,-80.175113,767.0,28.0,640.0,35.0,0.0,64.0,0.0,0.0,0.0,767.0,115.0,79.0,353.0,15.0,74.0,27.0,15.0,222.0,353.0,0.0,99.0,759.63,111.37,319.66,4.1,0.0356,0.0356,0.0,0.0,0.0356,0.0356,0.0,0.0,0.0,0.0,0.0,0.0,0.0,0.0,0.0,0.0,0.0,0.0,0.0,0.0,0.1,0.5,0.0,0.0,0.0,0.0,0,0,0,0,0,0,0,0,0,0,0.0,0.0,0.0,0.0,0.0,0.0,0.0,0.0,0.0,0.0,0.0,0.0,0.0,0.0,0.0,0.0,0.0,0.0,0.0,0.0
420034513002,42003451300,Allegheny,1299.0,40.501803,-80.166898,1521.0,0.0,978.0,38.0,0.0,65.0,0.0,170.0,270.0,1521.0,426.0,523.0,610.0,15.0,53.0,282.0,78.0,182.0,610.0,0.0,274.0,1171.93,171.81,493.15,6.32,0.0,0.0,0.0,0.0,0.0,0.0,0.0,0.0,0.0,0.0,0.0,0.0,0.0,0.0,0.0,0.0,0.0,0.0,0.0,0.0,0.0,0.0,0.0,0.0,0.0,0.0,0,0,0,0,0,0,0,0,0,0,0.0,0.0,0.0,0.0,0.0,0.0,0.0,0.0,0.0,0.0,0.0,0.0,0.0,0.0,0.0,0.0,0.0,0.0,0.0,0.0
420034513003,42003451300,Allegheny,1321.0,40.511561,-80.185947,1091.0,0.0,1026.0,0.0,0.0,0.0,0.0,65.0,0.0,1091.0,183.0,432.0,547.0,32.0,140.0,96.0,9.0,270.0,547.0,0.0,264.0,1191.78,174.72,501.51,6.43,0.0212,0.0212,0.0,0.0,0.0212,0.0212,0.0,0.0,0.0212,0.0212,0.0,0.0,0.0,0.0212,0.0,0.0212,0.0,0.0,0.0,0.0,1.3,1.1,0.8,0.7,0.8,0.6,0,0,0,0,0,0,0,0,0,0,0.0212,0.0212,0.0,0.0,0.0212,0.0212,0.0,0.0,0.0212,0.0212,0.0,0.0,0.0,0.0212,0.0,0.0212,0.0,0.0,0.0,0.0
420034513004,42003451300,Allegheny,2280.0,40.481287,-80.166556,1574.0,0.0,1358.0,0.0,0.0,182.0,0.0,0.0,34.0,1574.0,340.0,222.0,624.0,16.0,20.0,47.0,66.0,475.0,624.0,18.0,115.0,2056.96,301.57,865.58,11.09,0.0,0.0,0.0,0.0,0.0,0.0,0.0,0.0,0.0,0.0,0.0,0.0,0.0,0.0,0.0,0.0,0.0,0.0,0.0,0.0,0.0,0.0,0.0,0.0,0.0,0.0,0,0,0,0,0,0,0,0,0,0,0.0,0.0,0.0,0.0,0.0,0.0,0.0,0.0,0.0,0.0,0.0,0.0,0.0,0.0,0.0,0.0,0.0,0.0,0.0,0.0
420034513005,42003451300,Allegheny,1030.0,40.495976,-80.163656,995.0,0.0,916.0,22.0,0.0,17.0,0.0,0.0,40.0,995.0,211.0,361.0,426.0,93.0,63.0,17.0,21.0,232.0,426.0,0.0,175.0,929.24,136.23,391.03,5.01,0.0,0.0,0.0,0.0,0.0,0.0,0.0,0.0,0.0,0.0,0.0,0.0,0.0,0.0,0.0,0.0,0.0,0.0,0.0,0.0,0.0,0.0,0.0,0.0,0.0,0.0,0,0,0,0,0,0,0,0,0,0,0.0,0.0,0.0,0.0,0.0,0.0,0.0,0.0,0.0,0.0,0.0,0.0,0.0,0.0,0.0,0.0,0.0,0.0,0.0,0.0
420034513006,42003451300,Allegheny,1038.0,40.499333,-80.192596,1116.0,0.0,1116.0,0.0,0.0,0.0,0.0,0.0,0.0,1116.0,259.0,316.0,405.0,0.0,18.0,34.0,0.0,353.0,405.0,34.0,17.0,936.46,137.29,394.07,5.05,0.053,0.053,0.0,0.0,0.053,0.053,0.0,0.0,0.0,0.0,0.0,0.0,0.0,0.0,0.0,0.0,0.0,0.0,0.0,0.0,0.2,0.7,0.0,0.0,0.0,0.0,0,0,0,0,0,0,0,0,0,0,0.0,0.0,0.0,0.0,0.0,0.0,0.0,0.0,0.0,0.0,0.0,0.0,0.0,0.0,0.0,0.0,0.0,0.0,0.0,0.0
420034520001,42003452000,Allegheny,844.0,40.501336,-80.296519,520.0,70.0,428.0,4.0,0.0,0.0,0.0,0.0,18.0,520.0,28.0,185.0,243.0,16.0,14.0,0.0,31.0,182.0,243.0,0.0,110.0,883.07,79.74,377.5,1.32,0.0118,0.0118,0.0,0.0,0.0118,0.0118,0.0,0.0,0.0118,0.0118,0.0,0.0,0.0118,0.0118,0.0,0.0,0.0118,0.0118,0.0,0.0,0.9,0.9,0.9,0.9,0.9,0.9,0,0,0,0,0,0,0,0,0,0,0.0,0.0,0.0,0.0,0.0,0.0,0.0,0.0,0.0,0.0,0.0,0.0,0.0,0.0,0.0,0.0,0.0,0.0,0.0,0.0
420034520002,42003452000,Allegheny,1839.0,40.45889,-80.209218,1363.0,2.0,1331.0,0.0,0.0,21.0,0.0,0.0,9.0,1363.0,80.0,354.0,734.0,81.0,85.0,73.0,66.0,429.0,734.0,15.0,317.0,1924.14,173.74,822.53,2.89,0.0,0.0,0.0,0.0,0.0,0.0,0.0,0.0,0.0,0.0,0.0,0.0,0.0,0.0,0.0,0.0,0.0,0.0,0.0,0.0,0.0,0.0,0.0,0.0,0.0,0.0,0,0,0,0,0,0,0,0,0,0,0.0,0.0,0.0,0.0,0.0,0.0,0.0,0.0,0.0,0.0,0.0,0.0,0.0,0.0,0.0,0.0,0.0,0.0,0.0,0.0
420034520003,42003452000,Allegheny,1680.0,40.458396,-80.247618,1735.0,24.0,1652.0,0.0,0.0,0.0,0.0,0.0,59.0,1735.0,341.0,168.0,667.0,0.0,176.0,69.0,57.0,365.0,667.0,0.0,119.0,1757.78,158.72,751.41,2.64,0.0,0.0,0.0,0.0,0.0,0.0,0.0,0.0,0.0,0.0,0.0,0.0,0.0,0.0,0.0,0.0,0.0,0.0,0.0,0.0,0.0,0.0,0.0,0.0,0.0,0.0,0,0,0,0,0,0,0,0,0,0,0.0,0.0,0.0,0.0,0.0,0.0,0.0,0.0,0.0,0.0,0.0,0.0,0.0,0.0,0.0,0.0,0.0,0.0,0.0,0.0
420034520004,42003452000,Allegheny,2009.0,40.47337,-80.295914,3080.0,41.0,2353.0,85.0,0.0,503.0,0.0,0.0,98.0,3080.0,856.0,383.0,1206.0,234.0,194.0,57.0,82.0,639.0,1206.0,0.0,487.0,2102.01,189.8,898.56,3.15,0.0,0.0,0.0,0.0,0.0,0.0,0.0,0.0,0.0,0.0,0.0,0.0,0.0,0.0,0.0,0.0,0.0,0.0,0.0,0.0,0.0,0.0,0.0,0.0,0.0,0.0,0,0,0,0,0,0,0,0,0,0,0.0,0.0,0.0,0.0,0.0,0.0,0.0,0.0,0.0,0.0,0.0,0.0,0.0,0.0,0.0,0.0,0.0,0.0,0.0,0.0
420034530031,42003453003,Allegheny,1584.0,40.423519,-80.195003,1395.0,20.0,1248.0,28.0,0.0,45.0,0.0,0.0,54.0,1395.0,201.0,214.0,465.0,33.0,73.0,34.0,41.0,284.0,465.0,15.0,106.0,1410.66,185.67,522.2,0.0,0.0025,0.0025,0.0,0.0,0.0025,0.0025,0.0,0.0,0.0025,0.0,0.0025,0.0,0.0025,0.0025,0.0,0.0,0.0,0.0,0.0,0.0,0.1,0.1,0.1,0.0,0.0,0.0,0,0,0,0,0,0,0,0,0,0,0.0,0.0025,0.0,0.0025,0.0,0.0025,0.0,0.0025,0.0,0.0,0.0,0.0,0.0,0.0025,0.0,0.0025,0.0,0.0,0.0,0.0
420034530032,42003453003,Allegheny,600.0,40.439738,-80.197675,558.0,28.0,527.0,0.0,0.0,0.0,0.0,0.0,3.0,558.0,78.0,116.0,255.0,25.0,46.0,29.0,78.0,77.0,255.0,0.0,94.0,534.34,70.33,197.8,0.0,0.0,0.0,0.0,0.0,0.0,0.0,0.0,0.0,0.0,0.0,0.0,0.0,0.0,0.0,0.0,0.0,0.0,0.0,0.0,0.0,0.0,0.0,0.0,0.0,0.0,0.0,0,0,0,0,0,0,0,0,0,0,0.0,0.0,0.0,0.0,0.0,0.0,0.0,0.0,0.0,0.0,0.0,0.0,0.0,0.0,0.0,0.0,0.0,0.0,0.0,0.0
420034530041,42003453004,Allegheny,1768.0,40.450176,-80.220498,2229.0,0.0,1802.0,0.0,0.0,14.0,0.0,0.0,413.0,2229.0,499.0,332.0,910.0,19.0,15.0,65.0,117.0,694.0,910.0,0.0,165.0,1706.13,166.13,791.68,16.81,0.0,0.0,0.0,0.0,0.0,0.0,0.0,0.0,0.0,0.0,0.0,0.0,0.0,0.0,0.0,0.0,0.0,0.0,0.0,0.0,0.0,0.0,0.0,0.0,0.0,0.0,0,0,0,0,0,0,0,0,0,0,0.0,0.0,0.0,0.0,0.0,0.0,0.0,0.0,0.0,0.0,0.0,0.0,0.0,0.0,0.0,0.0,0.0,0.0,0.0,0.0
420034530042,42003453004,Allegheny,1964.0,40.44403,-80.213721,1361.0,49.0,1021.0,35.0,0.0,173.0,0.0,30.0,53.0,1361.0,195.0,315.0,705.0,115.0,156.0,134.0,31.0,269.0,705.0,69.0,316.0,1895.27,184.55,879.44,18.67,0.0,0.0,0.0,0.0,0.0,0.0,0.0,0.0,0.0,0.0,0.0,0.0,0.0,0.0,0.0,0.0,0.0,0.0,0.0,0.0,0.0,0.0,0.0,0.0,0.0,0.0,0,0,0,0,0,0,0,0,0,0,0.0,0.0,0.0,0.0,0.0,0.0,0.0,0.0,0.0,0.0,0.0,0.0,0.0,0.0,0.0,0.0,0.0,0.0,0.0,0.0
420034530043,42003453004,Allegheny,2701.0,40.445491,-80.201126,3038.0,317.0,2168.0,48.0,0.0,173.0,0.0,0.0,332.0,3038.0,566.0,430.0,1351.0,186.0,268.0,121.0,225.0,551.0,1351.0,26.0,575.0,2606.48,253.8,1209.46,25.68,0.0478,0.0578,0.0,0.01,0.0478,0.0578,0.0,0.01,0.0478,0.01,0.0478,0.01,0.0478,0.01,0.0478,0.01,0.0,0.01,0.0,0.01,2.0,2.5,1.4,1.2,0.8,0.8,0,0,0,0,0,0,0,0,0,0,0.0,0.0,0.0,0.0,0.0,0.0,0.0,0.0,0.0,0.0,0.0,0.0,0.0,0.0,0.0,0.0,0.0,0.0,0.0,0.0
420034530044,42003453004,Allegheny,825.0,40.44413,-80.224437,511.0,38.0,399.0,21.0,0.0,19.0,0.0,0.0,34.0,511.0,87.0,54.0,284.0,0.0,51.0,66.0,87.0,80.0,284.0,19.0,159.0,796.13,77.52,369.42,7.84,0.0,0.0,0.0,0.0,0.0,0.0,0.0,0.0,0.0,0.0,0.0,0.0,0.0,0.0,0.0,0.0,0.0,0.0,0.0,0.0,0.0,0.0,0.0,0.0,0.0,0.0,0,0,0,0,0,0,0,0,0,0,0.0,0.0,0.0,0.0,0.0,0.0,0.0,0.0,0.0,0.0,0.0,0.0,0.0,0.0,0.0,0.0,0.0,0.0,0.0,0.0
420034550001,42003455000,Allegheny,1475.0,40.400685,-80.186242,1489.0,7.0,1318.0,51.0,0.0,5.0,0.0,0.0,108.0,1489.0,231.0,305.0,689.0,60.0,113.0,84.0,115.0,317.0,689.0,33.0,215.0,1465.0,176.0,689.0,2.0,0.0,0.0,0.0,0.0,0.0,0.0,0.0,0.0,0.0,0.0,0.0,0.0,0.0,0.0,0.0,0.0,0.0,0.0,0.0,0.0,0.0,0.0,0.0,0.0,0.0,0.0,0,0,0,0,0,0,0,0,0,0,0.0,0.0,0.0,0.0,0.0,0.0,0.0,0.0,0.0,0.0,0.0,0.0,0.0,0.0,0.0,0.0,0.0,0.0,0.0,0.0
420034560011,42003456001,Allegheny,1342.0,40.360192,-80.153758,1162.0,0.0,926.0,37.0,2.0,120.0,0.0,0.0,77.0,1162.0,315.0,142.0,445.0,69.0,42.0,0.0,0.0,334.0,445.0,48.0,92.0,1331.96,101.25,476.68,0.0,0.0,0.0,0.0,0.0,0.0,0.0,0.0,0.0,0.0,0.0,0.0,0.0,0.0,0.0,0.0,0.0,0.0,0.0,0.0,0.0,0.0,0.0,0.0,0.0,0.0,0.0,0,0,0,0,0,0,0,0,0,0,0.0,0.0,0.0,0.0,0.0,0.0,0.0,0.0,0.0,0.0,0.0,0.0,0.0,0.0,0.0,0.0,0.0,0.0,0.0,0.0
420034560012,42003456001,Allegheny,3337.0,40.372575,-80.149429,3491.0,74.0,3050.0,77.0,0.0,123.0,0.0,0.0,167.0,3491.0,931.0,542.0,1217.0,18.0,78.0,199.0,156.0,766.0,1217.0,0.0,140.0,3312.04,251.75,1185.32,0.0,0.0,0.0,0.0,0.0,0.0,0.0,0.0,0.0,0.0,0.0,0.0,0.0,0.0,0.0,0.0,0.0,0.0,0.0,0.0,0.0,0.0,0.0,0.0,0.0,0.0,0.0,0,0,0,0,0,0,0,0,0,0,0.0,0.0,0.0,0.0,0.0,0.0,0.0,0.0,0.0,0.0,0.0,0.0,0.0,0.0,0.0,0.0,0.0,0.0,0.0,0.0
420034560031,42003456003,Allegheny,1050.0,40.340774,-80.162404,958.0,10.0,803.0,22.0,0.0,116.0,0.0,0.0,7.0,958.0,391.0,110.0,286.0,54.0,65.0,32.0,15.0,120.0,286.0,0.0,81.0,978.86,63.06,345.14,16.42,0.0,0.0,0.0,0.0,0.0,0.0,0.0,0.0,0.0,0.0,0.0,0.0,0.0,0.0,0.0,0.0,0.0,0.0,0.0,0.0,0.0,0.0,0.0,0.0,0.0,0.0,0,0,0,0,0,0,0,0,0,0,0.0,0.0,0.0,0.0,0.0,0.0,0.0,0.0,0.0,0.0,0.0,0.0,0.0,0.0,0.0,0.0,0.0,0.0,0.0,0.0
420034560032,42003456003,Allegheny,988.0,40.340769,-80.122508,833.0,0.0,702.0,98.0,0.0,33.0,0.0,0.0,0.0,833.0,137.0,251.0,430.0,0.0,100.0,30.0,99.0,201.0,430.0,0.0,195.0,921.06,59.34,324.76,15.45,0.0,0.0,0.0,0.0,0.0,0.0,0.0,0.0,0.0,0.0,0.0,0.0,0.0,0.0,0.0,0.0,0.0,0.0,0.0,0.0,0.0,0.0,0.0,0.0,0.0,0.0,0,0,0,0,0,0,0,0,0,0,0.0,0.0,0.0,0.0,0.0,0.0,0.0,0.0,0.0,0.0,0.0,0.0,0.0,0.0,0.0,0.0,0.0,0.0,0.0,0.0
420034560033,42003456003,Allegheny,4062.0,40.368895,-80.185219,3454.0,95.0,1981.0,0.0,0.0,1204.0,0.0,0.0,174.0,3454.0,1269.0,176.0,1036.0,15.0,0.0,45.0,88.0,888.0,1036.0,47.0,152.0,3786.8,243.95,1335.18,63.51,0.0,0.0,0.0,0.0,0.0,0.0,0.0,0.0,0.0,0.0,0.0,0.0,0.0,0.0,0.0,0.0,0.0,0.0,0.0,0.0,0.0,0.0,0.0,0.0,0.0,0.0,0,0,0,0,0,0,0,0,0,0,0.0,0.0,0.0,0.0,0.0,0.0,0.0,0.0,0.0,0.0,0.0,0.0,0.0,0.0,0.0,0.0,0.0,0.0,0.0,0.0
420034560034,42003456003,Allegheny,1959.0,40.346451,-80.132439,2268.0,20.0,1866.0,49.0,0.0,316.0,0.0,0.0,17.0,2268.0,524.0,414.0,897.0,35.0,30.0,73.0,97.0,662.0,897.0,60.0,226.0,1826.28,117.65,643.92,30.63,0.0,0.0,0.0,0.0,0.0,0.0,0.0,0.0,0.0,0.0,0.0,0.0,0.0,0.0,0.0,0.0,0.0,0.0,0.0,0.0,0.0,0.0,0.0,0.0,0.0,0.0,0,0,0,0,0,0,0,0,0,0,0.0,0.0,0.0,0.0,0.0,0.0,0.0,0.0,0.0,0.0,0.0,0.0,0.0,0.0,0.0,0.0,0.0,0.0,0.0,0.0
420034560041,42003456004,Allegheny,2294.0,40.330118,-80.117816,2943.0,350.0,2176.0,156.0,0.0,51.0,0.0,145.0,65.0,2943.0,640.0,715.0,1210.0,118.0,209.0,108.0,248.0,527.0,1210.0,69.0,466.0,2442.99,379.2,1049.85,8.16,0.0,0.0,0.0,0.0,0.0,0.0,0.0,0.0,0.0,0.0,0.0,0.0,0.0,0.0,0.0,0.0,0.0,0.0,0.0,0.0,0.0,0.0,0.0,0.0,0.0,0.0,0,0,0,0,0,0,0,0,0,0,0.0,0.0,0.0,0.0,0.0,0.0,0.0,0.0,0.0,0.0,0.0,0.0,0.0,0.0,0.0,0.0,0.0,0.0,0.0,0.0
420034560042,42003456004,Allegheny,837.0,40.327962,-80.138639,714.0,0.0,595.0,64.0,0.0,40.0,0.0,15.0,0.0,714.0,49.0,432.0,229.0,31.0,65.0,66.0,0.0,67.0,229.0,102.0,60.0,891.36,138.36,383.05,2.98,0.0,0.0,0.0,0.0,0.0,0.0,0.0,0.0,0.0,0.0,0.0,0.0,0.0,0.0,0.0,0.0,0.0,0.0,0.0,0.0,0.0,0.0,0.0,0.0,0.0,0.0,0,0,0,0,0,0,0,0,0,0,0.0,0.0,0.0,0.0,0.0,0.0,0.0,0.0,0.0,0.0,0.0,0.0,0.0,0.0,0.0,0.0,0.0,0.0,0.0,0.0
420034560043,42003456004,Allegheny,2489.0,40.323882,-80.130066,2637.0,47.0,2309.0,58.0,0.0,79.0,0.0,25.0,119.0,2637.0,516.0,373.0,1133.0,41.0,150.0,209.0,159.0,574.0,1133.0,0.0,477.0,2650.65,411.44,1139.09,8.86,0.0,0.0,0.0,0.0,0.0,0.0,0.0,0.0,0.0,0.0,0.0,0.0,0.0,0.0,0.0,0.0,0.0,0.0,0.0,0.0,0.0,0.0,0.0,0.0,0.0,0.0,0,0,0,0,0,0,0,0,0,0,0.0,0.0,0.0,0.0,0.0,0.0,0.0,0.0,0.0,0.0,0.0,0.0,0.0,0.0,0.0,0.0,0.0,0.0,0.0,0.0
420034571001,42003457100,Allegheny,721.0,40.363397,-80.114882,723.0,0.0,632.0,34.0,0.0,0.0,0.0,14.0,43.0,723.0,123.0,167.0,327.0,24.0,61.0,48.0,44.0,150.0,327.0,5.0,137.0,726.13,173.84,356.4,0.0,0.4369,0.4369,0.0,0.0,0.4369,0.4369,0.0,0.0,0.4369,0.4369,0.0,0.0,0.4369,0.4369,0.0,0.0,0.0,0.2108,0.0,0.2108,35.4,33.7,15.5,20.9,15.0,17.9,1,1,1,1,1,1,1,1,0,1,0.0374,0.0374,0.0,0.0,0.0374,0.0374,0.0,0.0,0.0374,0.0374,0.0,0.0,0.0374,0.0374,0.0,0.0,0.0,0.0374,0.0,0.0374
420034571002,42003457100,Allegheny,685.0,40.358195,-80.113463,710.0,1.0,635.0,4.0,0.0,0.0,0.0,0.0,70.0,710.0,100.0,145.0,368.0,124.0,72.0,27.0,85.0,60.0,368.0,88.0,181.0,689.87,165.16,338.6,0.0,1.0,0.8891,0.1109,0.0,1.0,0.8891,0.1109,0.0,1.0,0.8891,0.1109,0.0,1.0,0.8365,0.1635,0.0,0.7708,0.1372,0.6336,0.0,99.9,46.6,56.4,29.9,47.2,24.7,1,1,1,1,1,1,1,1,1,0,0.6321,0.4949,0.1372,0.0,0.6321,0.4949,0.1372,0.0,0.6321,0.4949,0.1372,0.0,0.6321,0.1883,0.4438,0.0,0.0438,0.0,0.0438,0.0
420034572001,42003457200,Allegheny,541.0,40.360835,-80.103423,456.0,0.0,399.0,44.0,0.0,0.0,0.0,0.0,13.0,456.0,78.0,78.0,251.0,26.0,89.0,61.0,12.0,63.0,251.0,19.0,131.0,517.91,83.11,287.85,4.78,1.0,0.0,1.0,0.0,1.0,0.0,1.0,0.0,1.0,0.0,1.0,0.0,0.0,0.0,0.0,0.0,0.0,0.0,0.0,0.0,44.0,0.0,36.0,0.0,24.0,0.0,1,0,1,0,1,0,0,0,0,0,0.5712,0.0,0.5712,0.0,0.5712,0.0,0.5712,0.0,0.5712,0.0,0.5712,0.0,0.0,0.0,0.0,0.0,0.0,0.0,0.0,0.0
420034572002,42003457200,Allegheny,730.0,40.358561,-80.100928,659.0,18.0,566.0,0.0,0.0,0.0,0.0,0.0,75.0,659.0,157.0,78.0,386.0,77.0,76.0,129.0,49.0,55.0,386.0,128.0,183.0,698.85,112.14,388.42,6.44,1.0,0.0671,0.9329,0.0,1.0,0.0671,0.9329,0.0,1.0,0.0671,0.9329,0.0,0.0,0.0671,0.0,0.0671,0.0,0.0671,0.0,0.0671,44.0,3.6,36.0,2.3,24.0,1.9,1,0,1,0,1,0,0,0,0,0,0.3082,0.0,0.3082,0.0,0.3082,0.0,0.3082,0.0,0.3082,0.0,0.3082,0.0,0.0,0.0,0.0,0.0,0.0,0.0,0.0,0.0
420034572003,42003457200,Allegheny,1260.0,40.353825,-80.100819,1104.0,24.0,1038.0,1.0,0.0,0.0,0.0,10.0,31.0,1104.0,175.0,265.0,557.0,73.0,96.0,69.0,145.0,174.0,557.0,36.0,209.0,1206.23,193.56,670.42,11.12,0.5214,0.4905,0.031,0.0,0.5214,0.4905,0.031,0.0,0.5214,0.4905,0.031,0.0,0.1341,0.4905,0.0,0.3563,0.1341,0.3992,0.0913,0.3563,30.8,26.8,21.9,16.9,15.8,13.9,0,0,0,0,0,0,0,0,0,0,0.2667,0.2437,0.0429,0.0198,0.2667,0.2437,0.0429,0.0198,0.2667,0.2437,0.0429,0.0198,0.0,0.2437,0.0,0.2437,0.0,0.2389,0.0,0.2389
420034572004,42003457200,Allegheny,867.0,40.352755,-80.10747,1034.0,0.0,819.0,131.0,0.0,0.0,0.0,0.0,84.0,1034.0,156.0,340.0,614.0,194.0,94.0,119.0,80.0,127.0,614.0,143.0,274.0,830.0,133.19,461.31,7.65,1.0,1.0,0.0,0.0,1.0,1.0,0.0,0.0,1.0,1.0,0.0,0.0,0.3022,1.0,0.0,0.6978,0.3022,0.9273,0.0727,0.6978,63.9,54.6,44.5,34.2,32.9,28.7,1,1,1,1,1,1,0,1,0,0,0.7151,0.8766,0.0,0.1615,0.7151,0.8766,0.0,0.1615,0.7151,0.8766,0.0,0.1615,0.0,0.7013,0.0,0.7013,0.0,0.4337,0.0,0.4337
420034580011,42003458001,Allegheny,1795.0,40.38882,-80.150249,2190.0,7.0,1974.0,114.0,0.0,68.0,0.0,0.0,27.0,2190.0,549.0,445.0,823.0,0.0,81.0,163.0,98.0,481.0,823.0,0.0,246.0,1794.59,217.49,776.74,10.36,0.0,0.0,0.0,0.0,0.0,0.0,0.0,0.0,0.0,0.0,0.0,0.0,0.0,0.0,0.0,0.0,0.0,0.0,0.0,0.0,0.0,0.0,0.0,0.0,0.0,0.0,0,0,0,0,0,0,0,0,0,0,0.0,0.0,0.0,0.0,0.0,0.0,0.0,0.0,0.0,0.0,0.0,0.0,0.0,0.0,0.0,0.0,0.0,0.0,0.0,0.0
420034580012,42003458001,Allegheny,2538.0,40.384938,-80.111752,2150.0,7.0,1720.0,113.0,0.0,192.0,0.0,0.0,118.0,2150.0,249.0,703.0,1052.0,76.0,91.0,92.0,265.0,528.0,1052.0,0.0,442.0,2537.41,307.51,1098.26,14.64,0.1363,0.1363,0.0,0.0,0.1363,0.1363,0.0,0.0,0.1363,0.1363,0.0,0.0,0.1363,0.1363,0.0,0.0,0.0,0.1363,0.0,0.1363,13.2,14.2,5.8,8.7,5.5,7.6,0,0,0,0,0,0,0,0,0,0,0.0957,0.1044,0.0,0.0087,0.0957,0.1044,0.0,0.0087,0.0957,0.1044,0.0,0.0087,0.0957,0.1044,0.0,0.0087,0.0,0.0871,0.0,0.0871
420034580021,42003458002,Allegheny,874.0,40.406859,-80.102609,775.0,57.0,535.0,14.0,0.0,28.0,0.0,0.0,141.0,775.0,231.0,89.0,279.0,0.0,104.0,0.0,27.0,148.0,279.0,8.0,53.0,878.56,112.81,389.9,1.9,0.0,0.0,0.0,0.0,0.0,0.0,0.0,0.0,0.0,0.0,0.0,0.0,0.0,0.0,0.0,0.0,0.0,0.0,0.0,0.0,0.0,0.0,0.0,0.0,0.0,0.0,0,0,0,0,0,0,0,0,0,0,0.0,0.0,0.0,0.0,0.0,0.0,0.0,0.0,0.0,0.0,0.0,0.0,0.0,0.0,0.0,0.0,0.0,0.0,0.0,0.0
420034580022,42003458002,Allegheny,2397.0,40.410949,-80.14055,2124.0,0.0,2073.0,9.0,0.0,0.0,0.0,0.0,42.0,2124.0,474.0,416.0,804.0,37.0,124.0,102.0,74.0,467.0,804.0,0.0,148.0,2409.5,309.39,1069.33,5.21,0.0,0.0,0.0,0.0,0.0,0.0,0.0,0.0,0.0,0.0,0.0,0.0,0.0,0.0,0.0,0.0,0.0,0.0,0.0,0.0,0.0,0.0,0.0,0.0,0.0,0.0,0,0,0,0,0,0,0,0,0,0,0.0,0.0,0.0,0.0,0.0,0.0,0.0,0.0,0.0,0.0,0.0,0.0,0.0,0.0,0.0,0.0,0.0,0.0,0.0,0.0
420034580023,42003458002,Allegheny,1331.0,40.409553,-80.114792,1733.0,59.0,1616.0,58.0,0.0,0.0,0.0,0.0,0.0,1733.0,76.0,797.0,970.0,61.0,229.0,99.0,152.0,429.0,970.0,95.0,389.0,1337.94,171.8,593.77,2.89,0.0,0.0,0.0,0.0,0.0,0.0,0.0,0.0,0.0,0.0,0.0,0.0,0.0,0.0,0.0,0.0,0.0,0.0,0.0,0.0,0.0,0.0,0.0,0.0,0.0,0.0,0,0,0,0,0,0,0,0,0,0,0.0,0.0,0.0,0.0,0.0,0.0,0.0,0.0,0.0,0.0,0.0,0.0,0.0,0.0,0.0,0.0,0.0,0.0,0.0,0.0
420034591011,42003459101,Allegheny,1733.0,40.495809,-80.136659,1760.0,0.0,1555.0,166.0,0.0,12.0,0.0,1.0,26.0,1760.0,414.0,308.0,683.0,81.0,68.0,103.0,158.0,273.0,683.0,30.0,208.0,1760.0,278.0,683.0,27.0,0.2048,0.0,0.2048,0.0,0.2048,0.0,0.2048,0.0,0.2048,0.0,0.2048,0.0,0.2048,0.0,0.2048,0.0,0.0,0.0,0.0,0.0,7.5,0.0,5.4,0.0,3.8,0.0,0,0,0,0,0,0,0,0,0,0,0.1621,0.0,0.1621,0.0,0.1621,0.0,0.1621,0.0,0.1621,0.0,0.1621,0.0,0.1621,0.0,0.1621,0.0,0.0,0.0,0.0,0.0
420034591021,42003459102,Allegheny,2051.0,40.473925,-80.128581,2310.0,133.0,1981.0,93.0,0.0,79.0,0.0,0.0,24.0,2310.0,425.0,536.0,895.0,43.0,42.0,160.0,47.0,603.0,895.0,34.0,167.0,2082.92,161.82,802.4,1.92,0.4369,0.4369,0.0,0.0,0.4369,0.4369,0.0,0.0,0.4369,0.4369,0.0,0.0,0.4369,0.4369,0.0,0.0,0.0,0.4369,0.0,0.4369,27.1,28.8,14.9,21.0,14.0,14.0,0,0,0,0,0,0,0,0,0,0,0.0229,0.0229,0.0,0.0,0.0229,0.0229,0.0,0.0,0.0229,0.0229,0.0,0.0,0.0229,0.0229,0.0,0.0,0.0,0.001,0.0,0.001
420034591022,42003459102,Allegheny,1127.0,40.46132,-80.127855,915.0,0.0,882.0,0.0,0.0,0.0,0.0,0.0,33.0,915.0,101.0,284.0,382.0,34.0,37.0,26.0,73.0,212.0,382.0,18.0,68.0,1144.54,88.92,440.91,1.05,0.2999,0.2999,0.0,0.0,0.2999,0.2999,0.0,0.0,0.2999,0.2999,0.0,0.0,0.2999,0.2999,0.0,0.0,0.0,0.2999,0.0,0.2999,18.6,19.8,10.2,14.4,9.6,9.6,0,0,0,0,0,0,0,0,0,0,0.0,0.0,0.0,0.0,0.0,0.0,0.0,0.0,0.0,0.0,0.0,0.0,0.0,0.0,0.0,0.0,0.0,0.0,0.0,0.0
420034591023,42003459102,Allegheny,3248.0,40.477708,-80.147147,3301.0,94.0,3039.0,43.0,0.0,89.0,0.0,0.0,36.0,3301.0,738.0,757.0,1237.0,62.0,53.0,130.0,168.0,824.0,1237.0,18.0,433.0,3298.54,256.26,1270.69,3.03,0.0,0.0,0.0,0.0,0.0,0.0,0.0,0.0,0.0,0.0,0.0,0.0,0.0,0.0,0.0,0.0,0.0,0.0,0.0,0.0,0.0,0.0,0.0,0.0,0.0,0.0,0,0,0,0,0,0,0,0,0,0,0.0,0.0,0.0,0.0,0.0,0.0,0.0,0.0,0.0,0.0,0.0,0.0,0.0,0.0,0.0,0.0,0.0,0.0,0.0,0.0
420034592011,42003459201,Allegheny,1594.0,40.432083,-80.104125,2178.0,0.0,1921.0,9.0,0.0,0.0,0.0,109.0,139.0,2178.0,474.0,593.0,837.0,33.0,196.0,55.0,104.0,449.0,837.0,14.0,251.0,1563.18,106.14,769.0,9.98,0.0502,0.0502,0.0,0.0,0.0502,0.0502,0.0,0.0,0.0502,0.0502,0.0,0.0,0.0502,0.0119,0.0383,0.0,0.0,0.0502,0.0,0.0502,1.3,2.2,0.9,2.1,0.5,1.4,0,0,0,0,0,0,0,0,0,0,0.0,0.0,0.0,0.0,0.0,0.0,0.0,0.0,0.0,0.0,0.0,0.0,0.0,0.0,0.0,0.0,0.0,0.0,0.0,0.0
420034592012,42003459201,Allegheny,2250.0,40.44752,-80.150845,2311.0,239.0,1711.0,103.0,0.0,168.0,0.0,0.0,90.0,2311.0,150.0,307.0,1380.0,118.0,369.0,193.0,243.0,457.0,1380.0,16.0,725.0,2206.5,149.82,1085.48,14.09,0.0916,0.4627,0.0,0.3711,0.0916,0.4627,0.0,0.3711,0.0916,0.4627,0.0,0.3711,0.0916,0.4627,0.0,0.3711,0.0076,0.4627,0.0,0.4551,6.6,38.2,3.9,31.2,3.7,20.8,1,1,1,1,1,1,1,1,1,1,0.0,0.0,0.0,0.0,0.0,0.0,0.0,0.0,0.0,0.0,0.0,0.0,0.0,0.0,0.0,0.0,0.0,0.0,0.0,0.0
420034592013,42003459201,Allegheny,2405.0,40.441123,-80.134129,2020.0,19.0,1632.0,77.0,0.0,211.0,0.0,0.0,81.0,2020.0,424.0,366.0,976.0,49.0,75.0,345.0,52.0,455.0,976.0,77.0,473.0,2358.5,160.14,1160.26,15.06,0.3726,0.3784,0.0,0.0058,0.3726,0.3784,0.0,0.0058,0.3726,0.3784,0.0,0.0058,0.3726,0.3784,0.0,0.0058,0.3314,0.3784,0.0,0.047,36.7,50.4,22.6,43.2,16.8,29.1,0,0,0,0,0,0,0,0,0,0,0.0,0.0058,0.0,0.0058,0.0,0.0058,0.0,0.0058,0.0,0.0058,0.0,0.0058,0.0,0.0058,0.0,0.0058,0.0,0.0058,0.0,0.0058
420034592014,42003459201,Allegheny,1095.0,40.451152,-80.119741,739.0,0.0,658.0,25.0,0.0,33.0,0.0,0.0,23.0,739.0,133.0,186.0,350.0,20.0,85.0,70.0,32.0,143.0,350.0,20.0,136.0,1073.83,72.91,528.27,6.86,0.2283,0.2283,0.0,0.0,0.2283,0.2283,0.0,0.0,0.2283,0.2283,0.0,0.0,0.2283,0.1553,0.0731,0.0,0.0,0.1553,0.0,0.1553,8.2,13.4,5.8,13.0,3.1,8.8,1,1,1,1,1,1,1,1,0,1,0.0,0.0,0.0,0.0,0.0,0.0,0.0,0.0,0.0,0.0,0.0,0.0,0.0,0.0,0.0,0.0,0.0,0.0,0.0,0.0
420034592021,42003459202,Allegheny,677.0,40.428562,-80.101481,655.0,12.0,604.0,13.0,0.0,12.0,6.0,3.0,5.0,655.0,21.0,177.0,474.0,98.0,78.0,95.0,66.0,137.0,474.0,12.0,330.0,655.0,61.0,474.0,0.0,0.0,0.0,0.0,0.0,0.0,0.0,0.0,0.0,0.0,0.0,0.0,0.0,0.0,0.0,0.0,0.0,0.0,0.0,0.0,0.0,0.0,0.0,0.0,0.0,0.0,0.0,0,0,0,0,0,0,0,0,0,0,0.0,0.0,0.0,0.0,0.0,0.0,0.0,0.0,0.0,0.0,0.0,0.0,0.0,0.0,0.0,0.0,0.0,0.0,0.0,0.0
420034600011,42003460001,Allegheny,1654.0,40.488192,-80.115839,1492.0,15.0,1267.0,210.0,0.0,0.0,0.0,0.0,0.0,1492.0,135.0,520.0,658.0,156.0,152.0,69.0,42.0,239.0,658.0,114.0,212.0,1594.89,229.71,719.03,0.0,1.0,0.0,1.0,0.0,1.0,0.0,1.0,0.0,1.0,0.0,1.0,0.0,1.0,0.0,1.0,0.0,0.0,0.0,0.0,0.0,36.3,0.0,26.2,0.0,18.2,0.0,1,0,1,0,1,0,1,0,0,0,0.0859,0.0,0.0859,0.0,0.0859,0.0,0.0859,0.0,0.0859,0.0,0.0859,0.0,0.0859,0.0,0.0859,0.0,0.0,0.0,0.0,0.0
420034600012,42003460001,Allegheny,1272.0,40.49082,-80.105407,1624.0,0.0,1518.0,28.0,0.0,0.0,0.0,0.0,78.0,1624.0,416.0,304.0,608.0,60.0,30.0,20.0,255.0,243.0,608.0,73.0,182.0,1226.54,176.66,552.96,0.0,1.0,0.0,1.0,0.0,1.0,0.0,1.0,0.0,1.0,0.0,1.0,0.0,1.0,0.0,1.0,0.0,0.0,0.0,0.0,0.0,36.1,0.0,26.1,0.0,18.1,0.0,1,0,1,0,1,0,1,0,0,0,0.0975,0.0,0.0975,0.0,0.0975,0.0,0.0975,0.0,0.0975,0.0,0.0975,0.0,0.0975,0.0,0.0975,0.0,0.0,0.0,0.0,0.0
420034600013,42003460001,Allegheny,1999.0,40.480775,-80.093188,1726.0,14.0,1587.0,29.0,0.0,19.0,0.0,0.0,77.0,1726.0,227.0,339.0,875.0,74.0,86.0,161.0,251.0,303.0,875.0,49.0,411.0,1927.56,277.63,869.01,0.0,0.7304,0.7304,0.0,0.0,0.7304,0.7304,0.0,0.0,0.7304,0.7304,0.0,0.0,0.7304,0.7304,0.0,0.0,0.064,0.4257,0.0,0.3617,47.9,42.2,34.9,26.8,16.9,21.8,1,1,1,1,1,1,1,1,0,1,0.0745,0.0745,0.0,0.0,0.0745,0.0745,0.0,0.0,0.0745,0.0745,0.0,0.0,0.0745,0.0745,0.0,0.0,0.0185,0.064,0.0,0.0455
420034600021,42003460002,Allegheny,1171.0,40.463002,-80.102596,1289.0,68.0,1121.0,18.0,0.0,49.0,0.0,11.0,22.0,1289.0,285.0,96.0,602.0,88.0,49.0,84.0,127.0,254.0,602.0,19.0,234.0,1149.6,162.5,490.29,0.93,0.5337,0.5337,0.0,0.0,0.5337,0.5337,0.0,0.0,0.5337,0.5337,0.0,0.0,0.5337,0.5337,0.0,0.0,0.1272,0.5337,0.0,0.4065,44.2,41.6,26.3,29.6,21.3,20.5,0,0,0,0,0,0,0,0,0,0,0.0623,0.0623,0.0,0.0,0.0623,0.0623,0.0,0.0,0.0623,0.0623,0.0,0.0,0.0623,0.0623,0.0,0.0,0.0,0.0623,0.0,0.0623
420034600022,42003460002,Allegheny,1802.0,40.471781,-80.103291,1603.0,49.0,1502.0,14.0,0.0,11.0,0.0,0.0,27.0,1603.0,179.0,724.0,697.0,69.0,74.0,94.0,113.0,347.0,697.0,43.0,242.0,1769.07,250.07,754.49,1.43,0.5105,0.3929,0.1176,0.0,0.5105,0.3929,0.1176,0.0,0.5105,0.3929,0.1176,0.0,0.5105,0.3929,0.1176,0.0,0.1371,0.3119,0.0,0.1748,37.3,27.2,23.9,19.0,17.3,13.4,1,1,1,1,1,1,1,1,1,1,0.121,0.0,0.121,0.0,0.121,0.0,0.121,0.0,0.121,0.0,0.121,0.0,0.121,0.0,0.121,0.0,0.0,0.0,0.0,0.0
420034600023,42003460002,Allegheny,803.0,40.479203,-80.112672,815.0,0.0,632.0,183.0,0.0,0.0,0.0,0.0,0.0,815.0,234.0,194.0,282.0,11.0,36.0,7.0,96.0,132.0,282.0,0.0,94.0,788.33,111.43,336.21,0.64,0.2927,0.0,0.2927,0.0,0.2927,0.0,0.2927,0.0,0.2927,0.0,0.2927,0.0,0.2927,0.0,0.2927,0.0,0.0,0.0,0.0,0.0,10.9,0.0,8.0,0.0,5.6,0.0,1,0,1,0,1,0,1,0,0,0,0.0747,0.0,0.0747,0.0,0.0747,0.0,0.0747,0.0,0.0747,0.0,0.0747,0.0,0.0747,0.0,0.0747,0.0,0.0,0.0,0.0,0.0
420034610001,42003461000,Allegheny,1108.0,40.513227,-80.135166,1085.0,46.0,973.0,30.0,0.0,0.0,1.0,0.0,35.0,1085.0,144.0,247.0,594.0,87.0,156.0,108.0,70.0,173.0,594.0,26.0,325.0,1085.0,177.0,594.0,0.0,0.9233,0.9233,0.0,0.0,0.9233,0.9233,0.0,0.0,0.9233,0.9233,0.0,0.0,0.0,0.9233,0.0,0.9233,0.9233,0.0,0.9233,0.0,54.7,50.3,35.1,31.4,35.1,25.9,1,1,1,1,1,1,0,1,1,0,0.8475,0.8475,0.0,0.0,0.8475,0.8475,0.0,0.0,0.8475,0.8475,0.0,0.0,0.0,0.8475,0.0,0.8475,0.6634,0.0,0.6634,0.0
420034621001,42003462100,Allegheny,521.0,40.483665,-80.067164,316.0,0.0,316.0,0.0,0.0,0.0,0.0,0.0,0.0,316.0,11.0,90.0,183.0,78.0,64.0,27.0,0.0,14.0,183.0,24.0,129.0,516.87,94.54,239.03,0.0,0.4472,0.4472,0.0,0.0,0.4472,0.4472,0.0,0.0,0.4472,0.4472,0.0,0.0,0.1075,0.4472,0.0,0.3397,0.3916,0.0518,0.3397,0.0,27.8,26.2,18.3,16.4,16.3,13.5,1,1,1,1,1,1,0,1,1,0,0.3628,0.3628,0.0,0.0,0.3628,0.3628,0.0,0.0,0.3628,0.3628,0.0,0.0,0.0595,0.3628,0.0,0.3033,0.3033,0.0,0.3033,0.0
420034621002,42003462100,Allegheny,605.0,40.487214,-80.085284,742.0,0.0,710.0,14.0,0.0,0.0,0.0,18.0,0.0,742.0,0.0,229.0,363.0,46.0,39.0,57.0,22.0,199.0,363.0,18.0,142.0,600.21,109.78,277.57,0.0,0.0298,0.0298,0.0,0.0,0.0298,0.0298,0.0,0.0,0.0298,0.0298,0.0,0.0,0.0165,0.0298,0.0,0.0132,0.0132,0.0,0.0132,0.0,1.6,1.2,1.1,0.8,0.8,0.6,0,0,0,0,0,0,0,0,0,0,0.0165,0.0165,0.0,0.0,0.0165,0.0165,0.0,0.0,0.0165,0.0165,0.0,0.0,0.0165,0.0165,0.0,0.0,0.0,0.0,0.0,0.0
420034621003,42003462100,Allegheny,1398.0,40.48061,-80.074898,1446.0,0.0,674.0,755.0,0.0,17.0,0.0,0.0,0.0,1446.0,634.0,125.0,612.0,222.0,191.0,104.0,58.0,37.0,612.0,112.0,396.0,1386.92,253.68,641.4,0.0,1.0,1.0,0.0,0.0,1.0,1.0,0.0,0.0,1.0,1.0,0.0,0.0,0.9077,1.0,0.0,0.0923,0.5093,0.3827,0.1266,0.0,74.8,74.9,52.2,46.7,32.6,38.5,1,1,1,1,1,1,1,1,0,0,0.7425,0.7425,0.0,0.0,0.7425,0.7425,0.0,0.0,0.7425,0.7425,0.0,0.0,0.6924,0.7425,0.0,0.0501,0.0501,0.0,0.0501,0.0
420034626001,42003462600,Allegheny,1002.0,40.473091,-80.068778,937.0,21.0,690.0,226.0,0.0,0.0,0.0,0.0,0.0,937.0,225.0,138.0,391.0,49.0,100.0,51.0,166.0,25.0,391.0,33.0,262.0,973.24,173.08,433.72,0.0,1.0,1.0,0.0,0.0,1.0,1.0,0.0,0.0,1.0,1.0,0.0,0.0,1.0,1.0,0.0,0.0,1.0,1.0,0.0,0.0,117.4,120.3,75.4,80.6,53.9,60.6,1,1,1,1,1,1,1,1,1,1,0.3044,0.3044,0.0,0.0,0.3044,0.3044,0.0,0.0,0.3044,0.3044,0.0,0.0,0.3044,0.3044,0.0,0.0,0.1297,0.1297,0.0,0.0
420034626002,42003462600,Allegheny,873.0,40.475637,-80.07644,767.0,59.0,558.0,82.0,15.0,0.0,0.0,0.0,53.0,767.0,58.0,113.0,383.0,134.0,16.0,49.0,41.0,143.0,383.0,126.0,116.0,847.94,150.79,377.88,0.0,1.0,1.0,0.0,0.0,1.0,1.0,0.0,0.0,1.0,1.0,0.0,0.0,1.0,1.0,0.0,0.0,1.0,1.0,0.0,0.0,107.7,114.1,67.0,77.8,45.9,56.3,1,1,1,1,1,1,1,1,1,1,0.323,0.323,0.0,0.0,0.323,0.323,0.0,0.0,0.323,0.323,0.0,0.0,0.323,0.323,0.0,0.0,0.0859,0.1879,0.0,0.1019
420034626003,42003462600,Allegheny,751.0,40.474047,-80.078903,534.0,0.0,405.0,73.0,0.0,0.0,0.0,9.0,47.0,534.0,98.0,96.0,286.0,117.0,56.0,38.0,20.0,55.0,286.0,67.0,161.0,729.44,129.72,325.07,0.0,1.0,1.0,0.0,0.0,1.0,1.0,0.0,0.0,1.0,1.0,0.0,0.0,1.0,1.0,0.0,0.0,1.0,1.0,0.0,0.0,72.9,77.3,41.3,54.7,35.3,37.4,1,1,1,1,1,1,1,1,1,1,0.9348,0.9348,0.0,0.0,0.9348,0.9348,0.0,0.0,0.9348,0.9348,0.0,0.0,0.9348,0.9348,0.0,0.0,0.6138,0.9348,0.0,0.3209
420034626004,42003462600,Allegheny,1276.0,40.471495,-80.07508,1552.0,0.0,598.0,773.0,0.0,0.0,0.0,0.0,181.0,1552.0,516.0,188.0,629.0,29.0,150.0,293.0,41.0,116.0,629.0,149.0,354.0,1239.37,220.41,552.32,0.0,1.0,1.0,0.0,0.0,1.0,1.0,0.0,0.0,1.0,1.0,0.0,0.0,1.0,1.0,0.0,0.0,1.0,1.0,0.0,0.0,72.6,77.5,41.6,55.5,35.2,37.6,1,1,1,1,1,1,1,1,1,1,0.2876,0.2876,0.0,0.0,0.2876,0.2876,0.0,0.0,0.2876,0.2876,0.0,0.0,0.2876,0.2876,0.0,0.0,0.2876,0.2876,0.0,0.0
420034639001,42003463900,Allegheny,1232.0,40.467959,-80.076008,1447.0,304.0,619.0,310.0,0.0,0.0,0.0,81.0,133.0,1447.0,125.0,192.0,705.0,119.0,144.0,153.0,217.0,72.0,705.0,79.0,242.0,1386.91,235.77,653.71,0.0,0.9894,0.638,0.3515,0.0,0.9894,0.638,0.3515,0.0,0.9894,0.638,0.3515,0.0,0.9894,0.6226,0.3669,0.0,0.3799,0.3799,0.0,0.0,53.4,46.6,34.6,31.8,27.0,23.4,1,1,1,1,1,1,1,0,0,0,0.3182,0.039,0.2792,0.0,0.3182,0.039,0.2792,0.0,0.3182,0.039,0.2792,0.0,0.3182,0.0154,0.3028,0.0,0.0154,0.0154,0.0,0.0
420034639002,42003463900,Allegheny,722.0,40.465118,-80.0702,460.0,0.0,280.0,153.0,0.0,11.0,0.0,0.0,16.0,460.0,89.0,103.0,310.0,141.0,49.0,41.0,3.0,76.0,310.0,155.0,127.0,812.78,138.17,383.1,0.0,1.0,1.0,0.0,0.0,1.0,1.0,0.0,0.0,1.0,1.0,0.0,0.0,1.0,1.0,0.0,0.0,0.7091,0.7091,0.0,0.0,80.1,100.2,49.8,67.8,40.4,50.4,1,1,1,1,1,1,1,1,1,1,0.5249,0.6233,0.0,0.0983,0.5249,0.6233,0.0,0.0983,0.5249,0.6233,0.0,0.0983,0.5249,0.4889,0.1343,0.0983,0.0554,0.0554,0.0,0.0
420034639003,42003463900,Allegheny,758.0,40.467616,-80.067809,1146.0,0.0,683.0,267.0,0.0,0.0,0.0,87.0,109.0,1146.0,386.0,186.0,424.0,122.0,158.0,103.0,24.0,17.0,424.0,161.0,191.0,853.31,145.06,402.2,0.0,1.0,1.0,0.0,0.0,1.0,1.0,0.0,0.0,1.0,1.0,0.0,0.0,1.0,1.0,0.0,0.0,1.0,1.0,0.0,0.0,90.7,106.8,53.6,74.1,45.5,53.1,1,1,1,1,1,1,1,1,1,1,0.9512,0.9512,0.0,0.0,0.9512,0.9512,0.0,0.0,0.9512,0.9512,0.0,0.0,0.9512,0.9512,0.0,0.0,0.8391,0.8391,0.0,0.0
420034643001,42003464300,Allegheny,1369.0,40.443735,-80.072791,1527.0,0.0,1165.0,207.0,0.0,34.0,0.0,0.0,121.0,1527.0,390.0,212.0,640.0,197.0,73.0,21.0,84.0,265.0,640.0,131.0,199.0,1331.86,133.23,619.3,26.24,1.0,1.0,0.0,0.0,1.0,1.0,0.0,0.0,1.0,1.0,0.0,0.0,1.0,1.0,0.0,0.0,1.0,0.5734,0.4266,0.0,140.1,147.3,85.8,109.5,73.8,86.3,1,1,1,1,1,1,1,1,1,1,0.114,0.114,0.0,0.0,0.114,0.114,0.0,0.0,0.114,0.114,0.0,0.0,0.114,0.114,0.0,0.0,0.114,0.0,0.114,0.0
420034643002,42003464300,Allegheny,1056.0,40.446694,-80.070127,802.0,27.0,680.0,95.0,0.0,0.0,0.0,0.0,0.0,802.0,100.0,136.0,467.0,109.0,53.0,58.0,110.0,137.0,467.0,71.0,212.0,1027.35,102.77,477.71,20.24,1.0,1.0,0.0,0.0,1.0,1.0,0.0,0.0,1.0,1.0,0.0,0.0,1.0,1.0,0.0,0.0,1.0,0.5028,0.4972,0.0,170.5,142.2,109.9,100.3,99.9,86.7,1,1,1,1,1,1,1,1,1,0,0.8513,0.7415,0.1098,0.0,0.8513,0.7415,0.1098,0.0,0.8513,0.7415,0.1098,0.0,0.8513,0.7415,0.1098,0.0,0.8513,0.0284,0.8229,0.0
420034643003,42003464300,Allegheny,966.0,40.444336,-80.062613,970.0,14.0,806.0,46.0,0.0,11.0,0.0,0.0,93.0,970.0,256.0,214.0,427.0,53.0,182.0,46.0,91.0,55.0,427.0,28.0,240.0,939.79,94.01,436.99,18.52,1.0,1.0,0.0,0.0,1.0,1.0,0.0,0.0,1.0,1.0,0.0,0.0,1.0,1.0,0.0,0.0,1.0,1.0,0.0,0.0,252.3,288.2,172.4,214.6,153.8,179.9,1,1,1,1,1,1,1,1,1,1,0.53,0.53,0.0,0.0,0.53,0.53,0.0,0.0,0.53,0.53,0.0,0.0,0.53,0.53,0.0,0.0,0.4089,0.3209,0.2091,0.1211
420034644001,42003464400,Allegheny,1229.0,40.471015,-80.063372,1172.0,0.0,729.0,295.0,0.0,0.0,0.0,0.0,148.0,1172.0,225.0,316.0,511.0,231.0,146.0,2.0,101.0,31.0,511.0,84.0,367.0,1047.03,262.81,488.08,3.06,1.0,1.0,0.0,0.0,1.0,1.0,0.0,0.0,1.0,1.0,0.0,0.0,0.8112,1.0,0.0,0.1888,1.0,0.8112,0.1888,0.0,111.9,114.5,71.8,74.8,60.7,58.3,1,1,1,1,1,1,1,1,1,1,0.3995,0.3995,0.0,0.0,0.3995,0.3995,0.0,0.0,0.3995,0.3995,0.0,0.0,0.1522,0.3995,0.0,0.2474,0.3995,0.1522,0.2474,0.0
420034644002,42003464400,Allegheny,1048.0,40.473619,-80.055436,707.0,0.0,393.0,55.0,0.0,0.0,0.0,204.0,55.0,707.0,130.0,86.0,406.0,169.0,122.0,47.0,40.0,28.0,406.0,85.0,254.0,892.83,224.1,416.19,2.61,0.9876,0.9876,0.0,0.0,0.9876,0.9876,0.0,0.0,0.9876,0.9876,0.0,0.0,0.9876,0.9876,0.0,0.0,0.2634,0.2634,0.0,0.0,65.2,66.0,46.4,41.5,24.7,34.2,1,1,1,1,1,1,1,1,0,0,0.6059,0.6059,0.0,0.0,0.6059,0.6059,0.0,0.0,0.6059,0.6059,0.0,0.0,0.6059,0.6059,0.0,0.0,0.0,0.0,0.0,0.0
420034644003,42003464400,Allegheny,931.0,40.466393,-80.060823,854.0,0.0,437.0,197.0,65.0,33.0,0.0,0.0,122.0,854.0,156.0,222.0,357.0,209.0,12.0,0.0,49.0,87.0,357.0,132.0,107.0,793.15,199.09,369.73,2.32,1.0,1.0,0.0,0.0,1.0,1.0,0.0,0.0,1.0,1.0,0.0,0.0,1.0,1.0,0.0,0.0,1.0,1.0,0.0,0.0,169.4,187.6,106.9,123.9,90.7,94.5,1,1,1,1,1,1,1,1,1,1,0.3878,0.3878,0.0,0.0,0.3878,0.3878,0.0,0.0,0.3878,0.3878,0.0,0.0,0.3459,0.3878,0.0,0.0419,0.362,0.3459,0.0419,0.0258
420034656001,42003465600,Allegheny,1124.0,40.43909,-80.073119,1229.0,50.0,807.0,275.0,0.0,47.0,0.0,0.0,50.0,1229.0,234.0,226.0,691.0,183.0,219.0,91.0,83.0,115.0,691.0,251.0,345.0,1068.12,208.67,594.45,7.21,1.0,1.0,0.0,0.0,1.0,1.0,0.0,0.0,1.0,1.0,0.0,0.0,1.0,1.0,0.0,0.0,0.468,1.0,0.0,0.532,107.2,152.6,67.8,121.9,48.9,90.6,1,1,1,1,1,1,1,1,1,1,0.6655,0.6655,0.0,0.0,0.6655,0.6655,0.0,0.0,0.6655,0.6655,0.0,0.0,0.6655,0.621,0.0445,0.0,0.2456,0.4867,0.1788,0.4199
420034656002,42003465600,Allegheny,1370.0,40.437825,-80.063683,1141.0,73.0,1032.0,15.0,0.0,6.0,0.0,0.0,15.0,1141.0,102.0,463.0,628.0,157.0,148.0,83.0,94.0,146.0,628.0,89.0,220.0,1301.88,254.33,724.55,8.79,1.0,1.0,0.0,0.0,1.0,1.0,0.0,0.0,1.0,1.0,0.0,0.0,1.0,1.0,0.0,0.0,0.5314,1.0,0.0,0.4686,149.4,264.0,107.9,204.6,91.1,163.4,1,1,1,1,1,1,1,1,0,1,0.6073,0.6073,0.0,0.0,0.6073,0.6073,0.0,0.0,0.6073,0.6073,0.0,0.0,0.6073,0.6073,0.0,0.0,0.0124,0.6073,0.0,0.5949
420034658001,42003465800,Allegheny,1521.0,40.432331,-80.062158,1507.0,126.0,1102.0,116.0,0.0,121.0,0.0,0.0,42.0,1507.0,313.0,221.0,749.0,147.0,143.0,127.0,123.0,209.0,749.0,55.0,372.0,1509.19,143.03,717.25,4.22,0.5102,0.5102,0.0,0.0,0.5102,0.5102,0.0,0.0,0.5102,0.5102,0.0,0.0,0.5102,0.5102,0.0,0.0,0.0861,0.3307,0.0,0.2446,41.4,54.3,28.1,45.3,23.1,35.1,0,0,0,0,0,0,0,0,0,0,0.0,0.0,0.0,0.0,0.0,0.0,0.0,0.0,0.0,0.0,0.0,0.0,0.0,0.0,0.0,0.0,0.0,0.0,0.0,0.0
420034658002,42003465800,Allegheny,1129.0,40.433262,-80.071388,1345.0,30.0,1142.0,146.0,0.0,0.0,0.0,0.0,27.0,1345.0,312.0,127.0,562.0,43.0,81.0,65.0,80.0,293.0,562.0,30.0,165.0,1120.23,106.17,532.4,3.13,0.4535,0.4535,0.0,0.0,0.4535,0.4535,0.0,0.0,0.4535,0.4535,0.0,0.0,0.4535,0.4535,0.0,0.0,0.3747,0.4535,0.0,0.0788,92.5,126.4,69.6,103.7,61.8,85.9,1,1,1,1,1,1,1,1,0,1,0.1497,0.1497,0.0,0.0,0.1497,0.1497,0.0,0.0,0.1497,0.1497,0.0,0.0,0.1497,0.1497,0.0,0.0,0.0345,0.1497,0.0,0.1151
420034658003,42003465800,Allegheny,955.0,40.427583,-80.076083,739.0,0.0,630.0,54.0,0.0,0.0,0.0,0.0,55.0,739.0,80.0,151.0,389.0,21.0,66.0,67.0,56.0,179.0,389.0,19.0,179.0,947.58,89.8,450.35,2.65,0.5393,0.5393,0.0,0.0,0.5393,0.5393,0.0,0.0,0.5393,0.5393,0.0,0.0,0.5393,0.5393,0.0,0.0,0.5393,0.5246,0.0147,0.0,98.2,111.7,75.8,87.1,73.9,77.7,1,1,1,1,1,1,1,1,1,1,0.0,0.0,0.0,0.0,0.0,0.0,0.0,0.0,0.0,0.0,0.0,0.0,0.0,0.0,0.0,0.0,0.0,0.0,0.0,0.0
420034687001,42003468700,Allegheny,1067.0,40.412852,-80.089991,1179.0,7.0,930.0,64.0,1.0,24.0,0.0,0.0,153.0,1179.0,254.0,247.0,548.0,116.0,46.0,142.0,79.0,165.0,548.0,17.0,312.0,1210.76,139.29,538.61,2.56,0.299,0.4817,0.0,0.1828,0.299,0.4817,0.0,0.1828,0.299,0.4817,0.0,0.1828,0.299,0.4817,0.0,0.1828,0.1659,0.4817,0.0,0.3158,32.5,76.7,21.5,57.1,20.8,50.6,0,0,0,0,0,0,0,0,0,0,0.1443,0.1593,0.0066,0.0216,0.1443,0.1593,0.0066,0.0216,0.1378,0.1593,0.0,0.0216,0.1378,0.1593,0.0,0.0216,0.0,0.1068,0.0,0.1068
420034687002,42003468700,Allegheny,603.0,40.413765,-80.08889,716.0,0.0,683.0,21.0,0.0,0.0,0.0,0.0,12.0,716.0,41.0,151.0,295.0,21.0,37.0,42.0,24.0,171.0,295.0,5.0,136.0,684.24,78.71,304.39,1.44,0.1144,0.272,0.0,0.1575,0.1144,0.272,0.0,0.1575,0.1144,0.272,0.0,0.1575,0.1144,0.272,0.0,0.1575,0.1144,0.1476,0.0,0.0332,22.0,37.6,16.9,28.1,16.5,24.9,0,0,0,0,0,0,0,0,0,0,0.0,0.0,0.0,0.0,0.0,0.0,0.0,0.0,0.0,0.0,0.0,0.0,0.0,0.0,0.0,0.0,0.0,0.0,0.0,0.0
420034688001,42003468800,Allegheny,589.0,40.403088,-80.090807,608.0,2.0,515.0,68.0,0.0,0.0,0.0,0.0,23.0,608.0,136.0,164.0,389.0,221.0,79.0,61.0,11.0,17.0,389.0,110.0,237.0,576.77,124.35,328.3,5.77,0.9881,0.6757,0.3124,0.0,0.9881,0.6757,0.3124,0.0,0.6197,0.6757,0.0,0.056,0.6197,0.6757,0.0,0.056,0.5263,0.6757,0.0,0.1494,75.0,180.5,45.1,143.0,42.9,127.4,1,1,1,1,1,1,1,1,1,1,0.2207,0.0068,0.2139,0.0,0.2207,0.0068,0.2139,0.0,0.0068,0.0068,0.0,0.0,0.0068,0.0068,0.0,0.0,0.0068,0.0068,0.0,0.0
420034688002,42003468800,Allegheny,665.0,40.40411,-80.094787,767.0,15.0,618.0,86.0,0.0,48.0,0.0,0.0,0.0,767.0,116.0,90.0,367.0,88.0,68.0,28.0,54.0,129.0,367.0,59.0,103.0,651.19,140.4,370.66,6.51,0.5564,0.3805,0.1759,0.0,0.5564,0.3805,0.1759,0.0,0.3805,0.3805,0.0,0.0,0.3805,0.3805,0.0,0.0,0.3805,0.3805,0.0,0.0,40.6,114.1,25.9,90.5,24.3,80.7,1,0,1,0,0,0,0,0,0,0,0.1609,0.0286,0.1323,0.0,0.1609,0.0286,0.1323,0.0,0.0286,0.0286,0.0,0.0,0.0286,0.0286,0.0,0.0,0.0286,0.0286,0.0,0.0
420034688003,42003468800,Allegheny,1299.0,40.40814,-80.096019,1125.0,0.0,1012.0,0.0,0.0,53.0,0.0,0.0,60.0,1125.0,58.0,279.0,667.0,65.0,96.0,102.0,162.0,242.0,667.0,9.0,342.0,1272.03,274.25,724.04,12.72,0.2664,0.2317,0.0346,0.0,0.2664,0.2317,0.0346,0.0,0.2317,0.2317,0.0,0.0,0.2317,0.2317,0.0,0.0,0.2317,0.2317,0.0,0.0,23.4,69.5,15.8,55.1,14.8,49.1,0,0,0,0,0,0,0,0,0,0,0.0,0.0,0.0,0.0,0.0,0.0,0.0,0.0,0.0,0.0,0.0,0.0,0.0,0.0,0.0,0.0,0.0,0.0,0.0,0.0
420034689001,42003468900,Allegheny,1271.0,40.406708,-80.078515,1097.0,71.0,951.0,18.0,0.0,45.0,0.0,0.0,12.0,1097.0,113.0,294.0,717.0,176.0,123.0,56.0,70.0,292.0,717.0,62.0,336.0,1164.41,169.32,634.04,43.22,0.6381,1.0,0.0,0.3619,0.6381,1.0,0.0,0.3619,0.6381,1.0,0.0,0.3619,0.6381,1.0,0.0,0.3619,0.0,0.4548,0.0,0.4548,36.2,65.7,17.9,46.0,17.9,40.5,0,1,0,1,0,1,0,1,0,0,0.0834,0.3674,0.0,0.284,0.0834,0.3674,0.0,0.284,0.0834,0.3674,0.0,0.284,0.0834,0.3674,0.0,0.284,0.0,0.0134,0.0,0.0134
420034689002,42003468900,Allegheny,921.0,40.402745,-80.078085,654.0,21.0,473.0,89.0,0.0,28.0,0.0,0.0,43.0,654.0,136.0,133.0,324.0,36.0,66.0,7.0,54.0,161.0,324.0,33.0,129.0,843.76,122.69,459.44,31.32,0.5581,0.8675,0.0,0.3094,0.5581,0.8675,0.0,0.3094,0.5581,0.8675,0.0,0.3094,0.5581,0.8426,0.0,0.2845,0.0,0.1303,0.0,0.1303,31.8,48.1,15.6,32.8,15.5,28.6,0,0,0,0,0,0,0,0,0,0,0.4441,0.544,0.0,0.0999,0.4441,0.544,0.0,0.0999,0.4441,0.544,0.0,0.0999,0.4441,0.4886,0.0554,0.0999,0.0,0.0434,0.0,0.0434
420034689003,42003468900,Allegheny,1719.0,40.402372,-80.084829,1832.0,58.0,1173.0,467.0,0.0,20.0,0.0,0.0,114.0,1832.0,466.0,350.0,910.0,144.0,335.0,91.0,174.0,166.0,910.0,176.0,479.0,1574.83,228.99,857.52,58.46,1.0,1.0,0.0,0.0,1.0,1.0,0.0,0.0,1.0,1.0,0.0,0.0,1.0,1.0,0.0,0.0,0.0791,0.1303,0.0,0.0512,72.2,75.3,33.0,50.8,32.7,43.2,1,1,1,1,1,1,1,1,0,0,0.7045,0.7144,0.0,0.0099,0.7045,0.7144,0.0,0.0099,0.7045,0.7144,0.0,0.0099,0.7045,0.7144,0.0,0.0099,0.0,0.0099,0.0,0.0099
420034690001,42003469000,Allegheny,978.0,40.411128,-80.047565,1008.0,0.0,1008.0,0.0,0.0,0.0,0.0,0.0,0.0,1008.0,141.0,271.0,521.0,58.0,51.0,138.0,39.0,235.0,521.0,0.0,271.0,946.53,122.92,481.38,23.95,1.0,1.0,0.0,0.0,1.0,1.0,0.0,0.0,1.0,1.0,0.0,0.0,1.0,0.0481,0.9519,0.0,0.0,0.0,0.0,0.0,60.4,52.0,28.0,31.4,24.0,29.3,1,1,1,1,1,1,1,0,0,0,0.3016,0.3016,0.0,0.0,0.3016,0.3016,0.0,0.0,0.3016,0.3016,0.0,0.0,0.3016,0.0,0.3016,0.0,0.0,0.0,0.0,0.0
420034690002,42003469000,Allegheny,2367.0,40.413002,-80.054099,2259.0,0.0,1938.0,62.0,0.0,143.0,0.0,48.0,68.0,2259.0,403.0,614.0,1082.0,167.0,168.0,79.0,223.0,445.0,1082.0,117.0,469.0,2290.83,297.49,1165.06,57.97,0.4994,0.4994,0.0,0.0,0.4994,0.4994,0.0,0.0,0.4994,0.4994,0.0,0.0,0.4994,0.0076,0.4918,0.0,0.0,0.0,0.0,0.0,30.0,25.4,14.0,15.2,12.0,14.2,0,0,0,0,0,0,0,0,0,0,0.0976,0.0976,0.0,0.0,0.0976,0.0976,0.0,0.0,0.0976,0.0976,0.0,0.0,0.0976,0.0,0.0976,0.0,0.0,0.0,0.0,0.0
420034690003,42003469000,Allegheny,1596.0,40.423655,-80.051464,1566.0,0.0,1184.0,68.0,0.0,193.0,0.0,0.0,121.0,1566.0,183.0,306.0,829.0,54.0,158.0,205.0,165.0,247.0,829.0,68.0,399.0,1544.64,200.59,785.56,39.08,0.8315,0.8315,0.0,0.0,0.8315,0.8315,0.0,0.0,0.8315,0.8315,0.0,0.0,0.5627,0.4198,0.1429,0.0,0.0,0.0,0.0,0.0,40.1,43.4,19.4,26.5,18.3,23.2,0,0,0,0,0,0,0,0,0,0,0.1284,0.1284,0.0,0.0,0.1284,0.1284,0.0,0.0,0.1284,0.1284,0.0,0.0,0.1165,0.0934,0.0232,0.0,0.0,0.0,0.0,0.0
420034703001,42003470300,Allegheny,1596.0,40.385741,-80.080938,1644.0,10.0,1404.0,26.0,0.0,57.0,0.0,0.0,147.0,1644.0,263.0,393.0,793.0,65.0,174.0,177.0,69.0,308.0,793.0,79.0,344.0,1300.61,266.92,659.18,2.96,1.0,0.5514,0.4486,0.0,1.0,0.5514,0.4486,0.0,1.0,0.5514,0.4486,0.0,0.0608,0.0608,0.0,0.0,0.0,0.0608,0.0,0.0608,34.5,24.4,16.4,15.2,14.0,13.9,1,1,1,1,1,1,0,0,0,0,0.5107,0.0,0.5107,0.0,0.5107,0.0,0.5107,0.0,0.5107,0.0,0.5107,0.0,0.0,0.0,0.0,0.0,0.0,0.0,0.0,0.0
420034703002,42003470300,Allegheny,2721.0,40.377082,-80.081542,2230.0,0.0,2129.0,99.0,0.0,0.0,0.0,1.0,1.0,2230.0,207.0,1042.0,990.0,51.0,154.0,237.0,72.0,476.0,990.0,60.0,538.0,2217.39,455.08,1123.82,5.04,0.3804,0.3741,0.0062,0.0,0.3804,0.3741,0.0062,0.0,0.3804,0.3741,0.0062,0.0,0.0096,0.0096,0.0,0.0,0.0096,0.0096,0.0,0.0,17.6,15.2,14.0,11.8,9.8,11.0,0,0,0,0,0,0,0,0,0,0,0.1319,0.0588,0.0731,0.0,0.1319,0.0588,0.0731,0.0,0.1319,0.0588,0.0731,0.0,0.0,0.0,0.0,0.0,0.0,0.0,0.0,0.0
420034704001,42003470400,Allegheny,951.0,40.368026,-80.082507,786.0,0.0,769.0,0.0,0.0,0.0,0.0,0.0,17.0,786.0,79.0,238.0,372.0,29.0,28.0,41.0,49.0,225.0,372.0,42.0,107.0,949.45,172.35,426.21,0.0,0.9443,0.4721,0.4721,0.0,0.9443,0.4721,0.4721,0.0,0.9443,0.4721,0.4721,0.0,0.0,0.0,0.0,0.0,0.0,0.0,0.0,0.0,42.4,17.9,34.0,14.2,23.0,13.2,1,0,1,0,1,0,0,0,0,0,0.1556,0.02,0.1356,0.0,0.1556,0.02,0.1356,0.0,0.1556,0.02,0.1356,0.0,0.0,0.0,0.0,0.0,0.0,0.0,0.0,0.0
420034704002,42003470400,Allegheny,699.0,40.365293,-80.077855,889.0,265.0,584.0,0.0,0.0,40.0,0.0,0.0,0.0,889.0,126.0,169.0,413.0,7.0,63.0,26.0,41.0,276.0,413.0,0.0,220.0,697.86,126.68,313.27,0.0,0.0029,0.0,0.0029,0.0,0.0029,0.0,0.0029,0.0,0.0029,0.0,0.0029,0.0,0.0,0.0,0.0,0.0,0.0,0.0,0.0,0.0,0.1,0.0,0.1,0.0,0.1,0.0,0,0,0,0,0,0,0,0,0,0,0.0029,0.0,0.0029,0.0,0.0029,0.0,0.0029,0.0,0.0029,0.0,0.0029,0.0,0.0,0.0,0.0,0.0,0.0,0.0,0.0,0.0
420034704003,42003470400,Allegheny,1418.0,40.368048,-80.090871,1396.0,26.0,1302.0,0.0,0.0,9.0,0.0,0.0,59.0,1396.0,352.0,240.0,590.0,33.0,90.0,85.0,65.0,317.0,590.0,83.0,175.0,1415.69,256.98,635.51,0.0,0.878,0.0698,0.8082,0.0,0.878,0.0698,0.8082,0.0,0.878,0.0698,0.8082,0.0,0.0698,0.0698,0.0,0.0,0.0635,0.0698,0.0,0.0063,45.2,7.7,34.3,4.8,23.7,4.2,0,0,0,0,0,0,0,0,0,0,0.1537,0.0,0.1537,0.0,0.1537,0.0,0.1537,0.0,0.1537,0.0,0.1537,0.0,0.0,0.0,0.0,0.0,0.0,0.0,0.0,0.0
420034705011,42003470501,Allegheny,2708.0,40.400436,-80.057358,3496.0,23.0,1232.0,17.0,0.0,1894.0,0.0,0.0,330.0,3496.0,1027.0,95.0,1436.0,0.0,104.0,296.0,298.0,738.0,1436.0,99.0,753.0,2960.17,233.98,1425.2,183.17,0.5864,0.5964,0.0,0.01,0.5864,0.5964,0.0,0.01,0.5864,0.5964,0.0,0.01,0.5864,0.5639,0.0225,0.0,0.0,0.0,0.0,0.0,35.2,51.3,16.4,34.8,14.1,32.5,1,1,1,1,1,1,1,1,0,0,0.1499,0.1499,0.0,0.0,0.1499,0.1499,0.0,0.0,0.1499,0.1499,0.0,0.0,0.1499,0.1499,0.0,0.0,0.0,0.0,0.0,0.0
420034705012,42003470501,Allegheny,1609.0,40.39496,-80.060786,1223.0,0.0,1139.0,51.0,0.0,11.0,0.0,0.0,22.0,1223.0,40.0,506.0,836.0,160.0,151.0,172.0,134.0,219.0,836.0,69.0,472.0,1758.83,139.02,846.8,108.83,0.8838,0.4624,0.4214,0.0,0.8838,0.4624,0.4214,0.0,0.8838,0.4624,0.4214,0.0,0.4624,0.3313,0.1311,0.0,0.0,0.0,0.0,0.0,39.7,35.3,18.4,23.4,15.8,21.8,1,0,1,0,1,0,0,0,0,0,0.3393,0.2088,0.1305,0.0,0.3393,0.2088,0.1305,0.0,0.3393,0.2088,0.1305,0.0,0.2088,0.0,0.2088,0.0,0.0,0.0,0.0,0.0
420034705021,42003470502,Allegheny,1553.0,40.406399,-80.066288,1422.0,0.0,1212.0,19.0,0.0,56.0,0.0,0.0,135.0,1422.0,210.0,296.0,586.0,61.0,56.0,62.0,93.0,314.0,586.0,30.0,107.0,1368.35,176.4,590.05,0.52,0.6285,0.839,0.0,0.2106,0.6285,0.839,0.0,0.2106,0.6285,0.839,0.0,0.2106,0.6285,0.839,0.0,0.2106,0.0,0.0013,0.0,0.0013,37.3,58.6,17.6,40.2,15.7,37.0,0,0,0,0,0,0,0,0,0,0,0.2891,0.2904,0.0,0.0013,0.2891,0.2904,0.0,0.0013,0.2891,0.2904,0.0,0.0013,0.2891,0.2904,0.0,0.0013,0.0,0.0,0.0,0.0
420034705022,42003470502,Allegheny,1458.0,40.395541,-80.071029,1390.0,40.0,1282.0,62.0,6.0,0.0,0.0,0.0,0.0,1390.0,218.0,522.0,558.0,36.0,111.0,34.0,47.0,330.0,558.0,12.0,179.0,1284.65,165.6,553.95,0.48,0.7977,0.7977,0.0,0.0,0.7977,0.7977,0.0,0.0,0.7977,0.7977,0.0,0.0,0.5014,0.1001,0.4012,0.0,0.0,0.0,0.0,0.0,39.0,43.8,18.2,26.9,15.6,25.1,0,0,0,0,0,0,0,0,0,0,0.0137,0.0137,0.0,0.0,0.0137,0.0137,0.0,0.0,0.0137,0.0137,0.0,0.0,0.0137,0.0,0.0137,0.0,0.0,0.0,0.0,0.0
420034706001,42003470600,Allegheny,1584.0,40.393658,-80.084891,1825.0,26.0,1554.0,155.0,0.0,42.0,0.0,0.0,48.0,1825.0,244.0,326.0,871.0,70.0,332.0,142.0,100.0,227.0,871.0,9.0,492.0,1507.39,241.16,753.16,15.11,0.6105,0.3649,0.2456,0.0,0.6105,0.3649,0.2456,0.0,0.5101,0.3649,0.1452,0.0,0.2708,0.2708,0.0,0.0,0.0,0.0436,0.0,0.0436,24.1,21.5,10.8,13.3,10.3,11.4,1,1,1,1,1,1,1,1,0,0,0.0486,0.0284,0.0202,0.0,0.0486,0.0284,0.0202,0.0,0.0284,0.0284,0.0,0.0,0.0284,0.0164,0.012,0.0,0.0,0.0,0.0,0.0
420034706002,42003470600,Allegheny,631.0,40.398286,-80.088599,450.0,4.0,383.0,23.0,0.0,2.0,0.0,0.0,38.0,450.0,27.0,64.0,268.0,22.0,52.0,116.0,20.0,58.0,268.0,69.0,97.0,600.48,96.07,300.03,6.02,0.9572,0.6609,0.2964,0.0,0.9572,0.6609,0.2964,0.0,0.6609,0.6609,0.0,0.0,0.6609,0.6609,0.0,0.0,0.0,0.0,0.0,0.0,46.6,35.7,18.5,22.5,18.5,18.5,1,1,1,1,1,1,1,1,0,0,0.6862,0.1236,0.5626,0.0,0.6862,0.1236,0.5626,0.0,0.1236,0.1236,0.0,0.0,0.1236,0.1236,0.0,0.0,0.0,0.0,0.0,0.0
420034706003,42003470600,Allegheny,721.0,40.399404,-80.092275,519.0,0.0,426.0,0.0,0.0,56.0,0.0,0.0,37.0,519.0,17.0,238.0,257.0,86.0,15.0,52.0,12.0,92.0,257.0,10.0,143.0,686.13,109.77,342.82,6.88,0.6505,0.0444,0.6061,0.0,0.6505,0.0444,0.6061,0.0,0.0444,0.0444,0.0,0.0,0.0444,0.0444,0.0,0.0,0.0,0.0,0.0,0.0,9.0,2.4,1.2,1.5,1.2,1.2,1,0,1,0,0,0,0,0,0,0,0.3176,0.0,0.3176,0.0,0.3176,0.0,0.3176,0.0,0.0,0.0,0.0,0.0,0.0,0.0,0.0,0.0,0.0,0.0,0.0,0.0
420034710001,42003471000,Allegheny,1288.0,40.391575,-80.091587,1234.0,4.0,1133.0,29.0,0.0,8.0,0.0,4.0,56.0,1234.0,157.0,271.0,675.0,115.0,88.0,180.0,80.0,212.0,675.0,66.0,317.0,1223.0,243.0,675.0,0.0,0.7943,0.7943,0.0,0.0,0.7943,0.7943,0.0,0.0,0.7943,0.7943,0.0,0.0,0.7943,0.7943,0.0,0.0,0.0,0.3005,0.0,0.3005,56.3,71.8,24.7,46.7,24.4,40.6,1,1,1,1,1,1,1,1,0,0,0.3766,0.3766,0.0,0.0,0.3766,0.3766,0.0,0.0,0.3766,0.3766,0.0,0.0,0.3766,0.3556,0.021,0.0,0.0,0.0179,0.0,0.0179
420034721001,42003472100,Allegheny,1453.0,40.398386,-80.034561,1125.0,110.0,861.0,14.0,0.0,0.0,0.0,71.0,69.0,1125.0,167.0,159.0,612.0,68.0,113.0,132.0,113.0,186.0,612.0,48.0,406.0,1366.85,209.3,719.52,4.25,0.6036,0.6036,0.0,0.0,0.6036,0.6036,0.0,0.0,0.6036,0.6036,0.0,0.0,0.0,0.6036,0.0,0.6036,0.1487,0.0,0.1487,0.0,27.0,53.1,21.7,34.3,14.5,32.0,1,1,1,1,1,1,0,1,0,0,0.1555,0.1555,0.0,0.0,0.1555,0.1555,0.0,0.0,0.1555,0.1555,0.0,0.0,0.0,0.0833,0.0,0.0833,0.031,0.0,0.031,0.0
420034721002,42003472100,Allegheny,942.0,40.400062,-80.038672,1135.0,0.0,913.0,216.0,0.0,0.0,0.0,0.0,6.0,1135.0,195.0,153.0,574.0,68.0,92.0,80.0,131.0,203.0,574.0,89.0,264.0,886.15,135.7,466.48,2.75,0.5775,0.5573,0.0202,0.0,0.5775,0.5573,0.0202,0.0,0.5775,0.1932,0.3843,0.0,0.5775,0.1667,0.4108,0.0,0.0,0.0,0.0,0.0,23.1,14.6,10.4,5.4,8.1,5.0,1,1,1,1,1,0,1,0,0,0,0.0,0.0,0.0,0.0,0.0,0.0,0.0,0.0,0.0,0.0,0.0,0.0,0.0,0.0,0.0,0.0,0.0,0.0,0.0,0.0
420034722001,42003472200,Allegheny,1143.0,40.395117,-80.038628,1241.0,0.0,1040.0,127.0,7.0,0.0,0.0,0.0,67.0,1241.0,263.0,261.0,567.0,92.0,55.0,114.0,167.0,139.0,567.0,75.0,254.0,1128.61,100.73,610.56,6.17,0.8653,0.8653,0.0,0.0,0.8653,0.8653,0.0,0.0,0.8653,0.8653,0.0,0.0,0.1146,0.8145,0.0507,0.7507,0.0,0.0,0.0,0.0,37.9,73.7,28.6,47.7,19.3,44.5,1,1,1,1,1,1,0,1,0,0,0.3648,0.3648,0.0,0.0,0.3648,0.3648,0.0,0.0,0.3648,0.3648,0.0,0.0,0.0,0.3648,0.0,0.3648,0.0,0.0,0.0,0.0
420034722002,42003472200,Allegheny,1081.0,40.392654,-80.042633,955.0,36.0,862.0,33.0,0.0,8.0,0.0,0.0,16.0,955.0,53.0,79.0,621.0,116.0,118.0,58.0,160.0,169.0,621.0,18.0,427.0,1067.39,95.27,577.44,5.83,1.0,1.0,0.0,0.0,1.0,1.0,0.0,0.0,1.0,1.0,0.0,0.0,0.6226,1.0,0.0,0.3774,0.2877,0.0,0.2877,0.0,54.2,87.3,37.0,53.7,25.6,50.1,1,1,1,1,1,1,1,1,1,0,0.2007,0.5069,0.0,0.3062,0.2007,0.5069,0.0,0.3062,0.2007,0.5069,0.0,0.3062,0.0925,0.2007,0.0,0.1082,0.0,0.0,0.0,0.0
420034723001,42003472300,Allegheny,944.0,40.393095,-80.031276,990.0,18.0,934.0,24.0,0.0,0.0,0.0,0.0,14.0,990.0,102.0,160.0,551.0,130.0,94.0,50.0,101.0,176.0,551.0,82.0,234.0,918.47,193.5,481.45,0.0,0.6843,0.8453,0.0,0.161,0.6843,0.8453,0.0,0.161,0.6843,0.8453,0.0,0.161,0.0,0.6843,0.0,0.6843,0.0,0.0,0.0,0.0,30.6,69.1,24.6,45.9,16.4,42.8,1,1,1,1,1,1,0,1,0,0,0.1917,0.304,0.0,0.1123,0.1917,0.304,0.0,0.1123,0.1917,0.304,0.0,0.1123,0.0,0.1917,0.0,0.1917,0.0222,0.0,0.0222,0.0
420034723002,42003472300,Allegheny,905.0,40.391973,-80.034234,809.0,63.0,692.0,34.0,0.0,11.0,0.0,0.0,9.0,809.0,88.0,122.0,392.0,37.0,61.0,38.0,67.0,189.0,392.0,71.0,131.0,880.53,185.5,461.55,0.0,0.7901,0.7901,0.0,0.0,0.7901,0.7901,0.0,0.0,0.7901,0.7901,0.0,0.0,0.0,0.7901,0.0,0.7901,0.0,0.0,0.0,0.0,36.2,72.7,28.4,47.4,19.0,44.2,1,1,1,1,1,1,0,1,0,0,0.2652,0.2652,0.0,0.0,0.2652,0.2652,0.0,0.0,0.2652,0.2652,0.0,0.0,0.0,0.2652,0.0,0.2652,0.0,0.0,0.0,0.0
420034724001,42003472400,Allegheny,997.0,40.389347,-80.038416,961.0,28.0,898.0,0.0,0.0,5.0,0.0,0.0,30.0,961.0,250.0,150.0,394.0,33.0,48.0,35.0,116.0,162.0,394.0,26.0,154.0,1014.96,94.31,446.85,2.81,1.0,1.0,0.0,0.0,1.0,1.0,0.0,0.0,1.0,1.0,0.0,0.0,0.0732,1.0,0.0,0.9268,0.0732,0.0,0.0732,0.0,46.1,90.3,36.4,58.9,24.4,55.0,1,1,1,1,1,1,0,1,0,0,0.3109,0.3109,0.0,0.0,0.3109,0.3109,0.0,0.0,0.3109,0.3109,0.0,0.0,0.0,0.3109,0.0,0.3109,0.0,0.0,0.0,0.0
420034724002,42003472400,Allegheny,779.0,40.38619,-80.03749,847.0,69.0,772.0,5.0,0.0,0.0,0.0,0.0,1.0,847.0,138.0,174.0,402.0,29.0,107.0,30.0,46.0,190.0,402.0,3.0,224.0,793.04,73.69,349.15,2.19,0.2875,0.2875,0.0,0.0,0.2875,0.2875,0.0,0.0,0.2875,0.2875,0.0,0.0,0.0847,0.2875,0.0,0.2028,0.0,0.0,0.0,0.0,13.6,19.6,9.9,12.2,6.9,11.4,0,0,0,0,0,0,0,0,0,0,0.0,0.0,0.0,0.0,0.0,0.0,0.0,0.0,0.0,0.0,0.0,0.0,0.0,0.0,0.0,0.0,0.0,0.0,0.0,0.0
420034731001,42003473100,Allegheny,1410.0,40.39677,-80.050722,1394.0,12.0,1186.0,0.0,0.0,110.0,0.0,0.0,86.0,1394.0,434.0,154.0,498.0,45.0,26.0,27.0,39.0,361.0,498.0,12.0,96.0,1304.31,97.73,550.02,0.0,0.5348,0.5993,0.0,0.0645,0.5348,0.5993,0.0,0.0645,0.5348,0.5993,0.0,0.0645,0.5348,0.4674,0.0674,0.0,0.0,0.0,0.0,0.0,20.0,28.5,9.0,17.0,7.0,15.8,1,1,1,1,1,1,1,1,0,0,0.1078,0.1496,0.0,0.0418,0.1078,0.1496,0.0,0.0418,0.1078,0.1496,0.0,0.0418,0.1078,0.1078,0.0,0.0,0.0,0.0,0.0,0.0
420034731002,42003473100,Allegheny,846.0,40.391868,-80.052186,497.0,14.0,448.0,2.0,0.0,0.0,0.0,0.0,33.0,497.0,103.0,128.0,230.0,0.0,14.0,37.0,7.0,172.0,230.0,0.0,139.0,782.59,58.64,330.01,0.0,0.8877,0.7754,0.1123,0.0,0.8877,0.7754,0.1123,0.0,0.8877,0.2671,0.6206,0.0,0.7754,0.2671,0.5083,0.0,0.0,0.0,0.0,0.0,43.0,21.0,19.4,8.0,15.5,7.5,0,0,0,0,0,0,0,0,0,0,0.1206,0.0922,0.0284,0.0,0.1206,0.0922,0.0284,0.0,0.1206,0.0,0.1206,0.0,0.0922,0.0,0.0922,0.0,0.0,0.0,0.0,0.0
420034731003,42003473100,Allegheny,914.0,40.387297,-80.049548,893.0,0.0,629.0,4.0,0.0,0.0,0.0,211.0,49.0,893.0,329.0,137.0,369.0,75.0,12.0,72.0,18.0,192.0,369.0,54.0,210.0,845.49,63.35,356.54,0.0,1.0,1.0,0.0,0.0,1.0,1.0,0.0,0.0,1.0,0.7527,0.2473,0.0,1.0,0.407,0.593,0.0,1.0,0.0,1.0,0.0,115.1,49.9,68.8,23.2,50.0,21.7,1,1,1,1,1,0,1,0,1,0,0.9333,0.5591,0.3742,0.0,0.9333,0.5591,0.3742,0.0,0.9333,0.0,0.9333,0.0,0.7363,0.0,0.7363,0.0,0.0295,0.0,0.0295,0.0
420034731004,42003473100,Allegheny,759.0,40.389568,-80.051218,614.0,0.0,512.0,0.0,0.0,10.0,0.0,0.0,92.0,614.0,147.0,172.0,285.0,15.0,41.0,35.0,0.0,194.0,285.0,15.0,123.0,702.11,52.61,296.08,0.0,1.0,1.0,0.0,0.0,1.0,1.0,0.0,0.0,1.0,0.3149,0.6851,0.0,1.0,0.1779,0.8221,0.0,0.3979,0.0,0.3979,0.0,76.8,26.0,40.9,9.4,30.9,8.8,1,1,1,1,1,0,1,0,0,0,0.7958,0.6825,0.1133,0.0,0.7958,0.6825,0.1133,0.0,0.7958,0.0,0.7958,0.0,0.6825,0.0,0.6825,0.0,0.0,0.0,0.0,0.0
420034731005,42003473100,Allegheny,1034.0,40.389583,-80.045084,1193.0,0.0,1181.0,0.0,0.0,12.0,0.0,0.0,0.0,1193.0,325.0,211.0,554.0,132.0,70.0,17.0,48.0,287.0,554.0,144.0,216.0,956.5,71.67,403.35,0.0,1.0,1.0,0.0,0.0,1.0,1.0,0.0,0.0,1.0,1.0,0.0,0.0,1.0,1.0,0.0,0.0,0.6876,0.0,0.6876,0.0,77.6,85.7,46.2,50.6,33.8,47.3,1,1,1,1,1,1,1,1,1,0,0.6286,0.7998,0.0,0.1712,0.6286,0.7998,0.0,0.1712,0.6286,0.5919,0.2079,0.1712,0.5609,0.3162,0.3124,0.0677,0.0,0.0,0.0,0.0
420034732001,42003473200,Allegheny,950.0,40.385116,-80.047399,818.0,18.0,600.0,12.0,0.0,99.0,0.0,11.0,78.0,818.0,140.0,188.0,401.0,71.0,77.0,46.0,23.0,184.0,401.0,72.0,201.0,930.68,102.67,458.27,1.73,1.0,1.0,0.0,0.0,1.0,1.0,0.0,0.0,1.0,1.0,0.0,0.0,1.0,0.58,0.42,0.0,0.42,0.0,0.42,0.0,91.6,58.6,58.2,30.0,41.9,28.0,1,1,1,1,1,1,1,1,0,0,0.7747,0.4063,0.3684,0.0,0.7747,0.4063,0.3684,0.0,0.7747,0.4063,0.3684,0.0,0.5947,0.3116,0.4632,0.18,0.2084,0.0,0.2084,0.0
420034732002,42003473200,Allegheny,1057.0,40.382543,-80.047466,1176.0,0.0,1080.0,24.0,0.0,6.0,0.0,0.0,66.0,1176.0,282.0,182.0,565.0,69.0,138.0,85.0,89.0,184.0,565.0,59.0,306.0,1035.5,114.24,509.89,1.93,1.0,1.0,0.0,0.0,1.0,1.0,0.0,0.0,1.0,1.0,0.0,0.0,0.4759,0.6793,0.2545,0.4579,0.4513,0.0,0.4513,0.0,59.1,62.9,34.5,30.0,25.8,28.0,1,1,1,1,1,1,0,1,0,0,0.21,0.8373,0.0,0.6272,0.21,0.8373,0.0,0.6272,0.21,0.8373,0.0,0.6272,0.0927,0.1173,0.0927,0.1173,0.0,0.0,0.0,0.0
420034732003,42003473200,Allegheny,1287.0,40.378748,-80.048024,1234.0,181.0,997.0,32.0,0.0,0.0,0.0,20.0,4.0,1234.0,207.0,437.0,623.0,104.0,53.0,59.0,83.0,324.0,623.0,75.0,367.0,1260.82,139.09,620.84,2.34,0.6807,0.7304,0.0,0.0497,0.6807,0.7304,0.0,0.0497,0.6807,0.7304,0.0,0.0497,0.2929,0.3714,0.2929,0.3714,0.0,0.0,0.0,0.0,20.2,43.9,9.3,21.9,7.7,20.5,0,1,0,1,0,1,0,0,0,0,0.0637,0.289,0.0,0.2253,0.0637,0.289,0.0,0.2253,0.0637,0.289,0.0,0.2253,0.0124,0.0,0.0124,0.0,0.0,0.0,0.0,0.0
420034733001,42003473300,Allegheny,1374.0,40.384694,-80.027701,1196.0,72.0,1049.0,62.0,0.0,13.0,0.0,0.0,0.0,1196.0,327.0,355.0,484.0,163.0,35.0,40.0,39.0,207.0,484.0,111.0,173.0,1344.48,105.47,574.03,17.62,0.0,0.0,0.0,0.0,0.0,0.0,0.0,0.0,0.0,0.0,0.0,0.0,0.0,0.0,0.0,0.0,0.0,0.0,0.0,0.0,0.0,0.0,0.0,0.0,0.0,0.0,0,0,0,0,0,0,0,0,0,0,0.0,0.0,0.0,0.0,0.0,0.0,0.0,0.0,0.0,0.0,0.0,0.0,0.0,0.0,0.0,0.0,0.0,0.0,0.0,0.0
420034733002,42003473300,Allegheny,1382.0,40.381427,-80.036393,1612.0,0.0,1511.0,1.0,0.0,100.0,0.0,0.0,0.0,1612.0,332.0,304.0,706.0,0.0,89.0,32.0,38.0,547.0,706.0,0.0,298.0,1352.31,106.09,577.37,17.72,0.3025,0.3025,0.0,0.0,0.3025,0.3025,0.0,0.0,0.3025,0.3025,0.0,0.0,0.0014,0.3025,0.0,0.301,0.0014,0.0,0.0014,0.0,9.4,19.8,4.3,8.5,3.7,7.9,0,0,0,0,0,0,0,0,0,0,0.0123,0.0123,0.0,0.0,0.0123,0.0123,0.0,0.0,0.0123,0.0123,0.0,0.0,0.0014,0.0123,0.0,0.0109,0.0,0.0,0.0,0.0
420034733003,42003473300,Allegheny,1294.0,40.375132,-80.02644,1049.0,21.0,988.0,0.0,0.0,15.0,0.0,0.0,25.0,1049.0,348.0,163.0,416.0,0.0,13.0,57.0,74.0,272.0,416.0,0.0,132.0,1266.2,99.33,540.61,16.59,0.0,0.0,0.0,0.0,0.0,0.0,0.0,0.0,0.0,0.0,0.0,0.0,0.0,0.0,0.0,0.0,0.0,0.0,0.0,0.0,0.0,0.0,0.0,0.0,0.0,0.0,0,0,0,0,0,0,0,0,0,0,0.0,0.0,0.0,0.0,0.0,0.0,0.0,0.0,0.0,0.0,0.0,0.0,0.0,0.0,0.0,0.0,0.0,0.0,0.0,0.0
420034733004,42003473300,Allegheny,1040.0,40.37562,-80.033814,936.0,42.0,859.0,5.0,0.0,30.0,0.0,0.0,0.0,936.0,229.0,340.0,389.0,100.0,25.0,13.0,95.0,156.0,389.0,66.0,124.0,1017.65,79.83,434.49,13.34,0.0,0.0,0.0,0.0,0.0,0.0,0.0,0.0,0.0,0.0,0.0,0.0,0.0,0.0,0.0,0.0,0.0,0.0,0.0,0.0,0.0,0.0,0.0,0.0,0.0,0.0,0,0,0,0,0,0,0,0,0,0,0.0,0.0,0.0,0.0,0.0,0.0,0.0,0.0,0.0,0.0,0.0,0.0,0.0,0.0,0.0,0.0,0.0,0.0,0.0,0.0
420034733005,42003473300,Allegheny,681.0,40.378793,-80.0323,1016.0,22.0,964.0,0.0,0.0,0.0,0.0,0.0,30.0,1016.0,161.0,42.0,416.0,0.0,58.0,0.0,20.0,338.0,416.0,0.0,239.0,666.37,52.28,284.51,8.73,0.0,0.0,0.0,0.0,0.0,0.0,0.0,0.0,0.0,0.0,0.0,0.0,0.0,0.0,0.0,0.0,0.0,0.0,0.0,0.0,0.0,0.0,0.0,0.0,0.0,0.0,0,0,0,0,0,0,0,0,0,0,0.0,0.0,0.0,0.0,0.0,0.0,0.0,0.0,0.0,0.0,0.0,0.0,0.0,0.0,0.0,0.0,0.0,0.0,0.0,0.0
420034734011,42003473401,Allegheny,715.0,40.371965,-80.037989,986.0,0.0,789.0,0.0,1.0,39.0,0.0,0.0,157.0,986.0,315.0,77.0,357.0,28.0,8.0,70.0,95.0,156.0,357.0,71.0,55.0,754.09,45.99,293.97,5.56,0.0,0.0,0.0,0.0,0.0,0.0,0.0,0.0,0.0,0.0,0.0,0.0,0.0,0.0,0.0,0.0,0.0,0.0,0.0,0.0,0.0,0.0,0.0,0.0,0.0,0.0,0,0,0,0,0,0,0,0,0,0,0.0,0.0,0.0,0.0,0.0,0.0,0.0,0.0,0.0,0.0,0.0,0.0,0.0,0.0,0.0,0.0,0.0,0.0,0.0,0.0
420034734012,42003473401,Allegheny,592.0,40.375532,-80.041059,699.0,0.0,678.0,0.0,0.0,0.0,0.0,0.0,21.0,699.0,146.0,91.0,319.0,9.0,46.0,48.0,20.0,196.0,319.0,64.0,152.0,624.37,38.08,243.4,4.6,0.0,0.0,0.0,0.0,0.0,0.0,0.0,0.0,0.0,0.0,0.0,0.0,0.0,0.0,0.0,0.0,0.0,0.0,0.0,0.0,0.0,0.0,0.0,0.0,0.0,0.0,0,0,0,0,0,0,0,0,0,0,0.0,0.0,0.0,0.0,0.0,0.0,0.0,0.0,0.0,0.0,0.0,0.0,0.0,0.0,0.0,0.0,0.0,0.0,0.0,0.0
420034734013,42003473401,Allegheny,1100.0,40.376454,-80.043498,956.0,0.0,861.0,15.0,0.0,15.0,0.0,45.0,20.0,956.0,191.0,131.0,437.0,34.0,122.0,62.0,38.0,181.0,437.0,97.0,143.0,1160.14,70.76,452.26,8.55,0.4445,0.54,0.0,0.0955,0.4445,0.54,0.0,0.0955,0.4445,0.4445,0.0,0.0,0.0,0.4355,0.0,0.4355,0.0,0.0,0.0,0.0,13.2,29.6,6.2,12.4,5.3,11.6,0,0,0,0,0,0,0,0,0,0,0.0,0.0945,0.0,0.0945,0.0,0.0945,0.0,0.0945,0.0,0.0,0.0,0.0,0.0,0.0,0.0,0.0,0.0,0.0,0.0,0.0
420034734014,42003473401,Allegheny,1324.0,40.369021,-80.045796,1294.0,29.0,1164.0,21.0,0.0,43.0,0.0,0.0,37.0,1294.0,488.0,182.0,421.0,45.0,23.0,9.0,0.0,344.0,421.0,20.0,74.0,1396.39,85.17,544.36,10.29,0.0,0.0,0.0,0.0,0.0,0.0,0.0,0.0,0.0,0.0,0.0,0.0,0.0,0.0,0.0,0.0,0.0,0.0,0.0,0.0,0.0,0.0,0.0,0.0,0.0,0.0,0,0,0,0,0,0,0,0,0,0,0.0,0.0,0.0,0.0,0.0,0.0,0.0,0.0,0.0,0.0,0.0,0.0,0.0,0.0,0.0,0.0,0.0,0.0,0.0,0.0
420034734021,42003473402,Allegheny,1056.0,40.355996,-80.047691,1035.0,43.0,869.0,0.0,0.0,22.0,0.0,41.0,60.0,1035.0,221.0,256.0,504.0,113.0,125.0,81.0,7.0,178.0,504.0,69.0,172.0,1089.31,123.46,427.8,4.31,0.6468,0.0,0.6468,0.0,0.6468,0.0,0.6468,0.0,0.6468,0.0,0.6468,0.0,0.6468,0.0,0.6468,0.0,0.0,0.0,0.0,0.0,24.0,0.0,11.4,0.0,9.0,0.0,1,0,1,0,1,0,1,0,0,0,0.036,0.0,0.036,0.0,0.036,0.0,0.036,0.0,0.036,0.0,0.036,0.0,0.036,0.0,0.036,0.0,0.0,0.0,0.0,0.0
420034734022,42003473402,Allegheny,719.0,40.364848,-80.038803,1167.0,8.0,1158.0,0.0,1.0,0.0,0.0,0.0,0.0,1167.0,361.0,73.0,410.0,0.0,9.0,51.0,38.0,312.0,410.0,0.0,119.0,741.68,84.06,291.28,2.93,0.0,0.0,0.0,0.0,0.0,0.0,0.0,0.0,0.0,0.0,0.0,0.0,0.0,0.0,0.0,0.0,0.0,0.0,0.0,0.0,0.0,0.0,0.0,0.0,0.0,0.0,0,0,0,0,0,0,0,0,0,0,0.0,0.0,0.0,0.0,0.0,0.0,0.0,0.0,0.0,0.0,0.0,0.0,0.0,0.0,0.0,0.0,0.0,0.0,0.0,0.0
420034734023,42003473402,Allegheny,1903.0,40.358685,-80.039855,1592.0,0.0,1547.0,0.0,0.0,44.0,0.0,0.0,1.0,1592.0,408.0,400.0,576.0,8.0,13.0,23.0,63.0,469.0,576.0,0.0,123.0,1963.02,222.48,770.93,7.76,0.0,0.0,0.0,0.0,0.0,0.0,0.0,0.0,0.0,0.0,0.0,0.0,0.0,0.0,0.0,0.0,0.0,0.0,0.0,0.0,0.0,0.0,0.0,0.0,0.0,0.0,0,0,0,0,0,0,0,0,0,0,0.0,0.0,0.0,0.0,0.0,0.0,0.0,0.0,0.0,0.0,0.0,0.0,0.0,0.0,0.0,0.0,0.0,0.0,0.0,0.0
420034735001,42003473500,Allegheny,836.0,40.373,-80.054312,795.0,61.0,727.0,0.0,0.0,7.0,0.0,0.0,0.0,795.0,316.0,70.0,243.0,6.0,9.0,0.0,53.0,175.0,243.0,0.0,42.0,779.5,44.14,265.94,4.63,0.8086,0.2129,0.5957,0.0,0.8086,0.2129,0.5957,0.0,0.8086,0.2129,0.5957,0.0,0.8086,0.0,0.8086,0.0,0.0,0.0,0.0,0.0,32.3,11.1,14.6,6.4,11.3,6.0,1,0,1,0,1,0,1,0,0,0,0.1053,0.0,0.1053,0.0,0.1053,0.0,0.1053,0.0,0.1053,0.0,0.1053,0.0,0.1053,0.0,0.1053,0.0,0.0,0.0,0.0,0.0
420034735002,42003473500,Allegheny,857.0,40.366111,-80.056761,910.0,16.0,807.0,0.0,0.0,0.0,0.0,0.0,87.0,910.0,228.0,122.0,330.0,0.0,27.0,44.0,18.0,241.0,330.0,0.0,70.0,799.08,45.25,272.62,4.75,0.4656,0.0,0.4656,0.0,0.4656,0.0,0.4656,0.0,0.4656,0.0,0.4656,0.0,0.4656,0.0,0.4656,0.0,0.0,0.0,0.0,0.0,18.9,0.0,8.4,0.0,6.5,0.0,1,0,1,0,1,0,1,0,0,0,0.0,0.0,0.0,0.0,0.0,0.0,0.0,0.0,0.0,0.0,0.0,0.0,0.0,0.0,0.0,0.0,0.0,0.0,0.0,0.0
420034735003,42003473500,Allegheny,2095.0,40.361716,-80.05432,1942.0,156.0,1519.0,32.0,0.0,79.0,0.0,0.0,156.0,1942.0,537.0,382.0,632.0,21.0,72.0,25.0,58.0,456.0,632.0,9.0,152.0,1953.42,110.61,666.44,11.61,0.3327,0.0,0.3327,0.0,0.3327,0.0,0.3327,0.0,0.3327,0.0,0.3327,0.0,0.3327,0.0,0.3327,0.0,0.0,0.0,0.0,0.0,13.6,0.0,6.1,0.0,4.7,0.0,0,0,0,0,0,0,0,0,0,0,0.0,0.0,0.0,0.0,0.0,0.0,0.0,0.0,0.0,0.0,0.0,0.0,0.0,0.0,0.0,0.0,0.0,0.0,0.0,0.0
420034736011,42003473601,Allegheny,1007.0,40.388629,-80.06512,1037.0,0.0,811.0,0.0,0.0,30.0,0.0,0.0,196.0,1037.0,286.0,194.0,392.0,67.0,20.0,7.0,0.0,298.0,392.0,0.0,110.0,942.72,124.66,390.53,2.43,0.8282,0.4181,0.4101,0.0,0.8282,0.4181,0.4101,0.0,0.8282,0.4181,0.4101,0.0,0.0,0.0,0.0,0.0,0.0,0.0,0.0,0.0,19.1,10.5,8.7,6.3,7.4,5.9,0,0,0,0,0,0,0,0,0,0,0.0715,0.0,0.0715,0.0,0.0715,0.0,0.0715,0.0,0.0715,0.0,0.0715,0.0,0.0,0.0,0.0,0.0,0.0,0.0,0.0,0.0
420034736012,42003473601,Allegheny,1458.0,40.383896,-80.06069,1559.0,41.0,1379.0,62.0,4.0,0.0,0.0,26.0,47.0,1559.0,392.0,519.0,642.0,39.0,50.0,91.0,42.0,420.0,642.0,90.0,91.0,1364.94,180.49,565.43,3.53,0.9136,0.9136,0.0,0.0,0.9136,0.9136,0.0,0.0,0.9136,0.9136,0.0,0.0,0.3594,0.0,0.3594,0.0,0.3594,0.0,0.3594,0.0,65.0,39.6,44.5,27.4,31.7,25.6,1,1,1,1,1,1,0,0,0,0,0.2984,0.2984,0.0,0.0,0.2984,0.2984,0.0,0.0,0.2984,0.2984,0.0,0.0,0.0446,0.0,0.0446,0.0,0.0446,0.0,0.0446,0.0
420034736013,42003473601,Allegheny,1671.0,40.380116,-80.057229,1409.0,39.0,1229.0,43.0,0.0,55.0,0.0,0.0,43.0,1409.0,304.0,323.0,570.0,23.0,77.0,138.0,28.0,304.0,570.0,0.0,158.0,1564.34,206.85,648.04,4.04,1.0,0.8845,0.1155,0.0,1.0,0.8845,0.1155,0.0,1.0,0.8845,0.1155,0.0,0.7882,0.0,0.7882,0.0,0.6727,0.0,0.6727,0.0,76.9,40.5,49.3,26.5,35.3,24.8,1,1,1,1,1,1,1,0,1,0,0.3381,0.3136,0.0245,0.0,0.3381,0.3136,0.0245,0.0,0.3381,0.3136,0.0245,0.0,0.1975,0.0,0.1975,0.0,0.149,0.0,0.149,0.0
420034736021,42003473602,Allegheny,728.0,40.372583,-80.061898,440.0,0.0,432.0,0.0,0.0,0.0,0.0,0.0,8.0,440.0,104.0,84.0,186.0,0.0,0.0,42.0,10.0,134.0,186.0,0.0,43.0,655.42,71.04,289.87,6.8,1.0,0.0,1.0,0.0,1.0,0.0,1.0,0.0,1.0,0.0,1.0,0.0,1.0,0.0,1.0,0.0,0.0,0.0,0.0,0.0,35.5,0.0,15.9,0.0,12.3,0.0,1,0,1,0,1,0,1,0,0,0,0.1566,0.0,0.1566,0.0,0.1566,0.0,0.1566,0.0,0.1566,0.0,0.1566,0.0,0.1566,0.0,0.1566,0.0,0.0,0.0,0.0,0.0
420034736022,42003473602,Allegheny,1933.0,40.369774,-80.068315,1985.0,0.0,1323.0,0.0,0.0,331.0,0.0,0.0,331.0,1985.0,441.0,625.0,700.0,38.0,97.0,45.0,21.0,499.0,700.0,40.0,202.0,1740.27,188.63,769.67,18.04,0.5318,0.3073,0.2245,0.0,0.5318,0.3073,0.2245,0.0,0.5318,0.3073,0.2245,0.0,0.2245,0.0,0.2245,0.0,0.0,0.0,0.0,0.0,21.8,11.4,14.6,9.0,10.0,8.4,0,0,0,0,0,0,0,0,0,0,0.1216,0.1164,0.0052,0.0,0.1216,0.1164,0.0052,0.0,0.1216,0.1164,0.0052,0.0,0.0052,0.0,0.0052,0.0,0.0,0.0,0.0,0.0
420034736023,42003473602,Allegheny,723.0,40.368899,-80.074715,752.0,0.0,680.0,0.0,0.0,72.0,0.0,0.0,0.0,752.0,99.0,237.0,326.0,53.0,45.0,0.0,20.0,208.0,326.0,0.0,70.0,650.91,70.55,287.88,6.75,0.4716,0.4716,0.0,0.0,0.4716,0.4716,0.0,0.0,0.4716,0.4716,0.0,0.0,0.0,0.0,0.0,0.0,0.0,0.0,0.0,0.0,21.1,17.9,17.3,14.1,11.6,13.2,0,0,0,0,0,0,0,0,0,0,0.1203,0.1203,0.0,0.0,0.1203,0.1203,0.0,0.0,0.1203,0.1203,0.0,0.0,0.0,0.0,0.0,0.0,0.0,0.0,0.0,0.0
420034736024,42003473602,Allegheny,1330.0,40.375468,-80.075979,1184.0,0.0,932.0,90.0,0.0,162.0,0.0,0.0,0.0,1184.0,158.0,628.0,665.0,119.0,115.0,121.0,47.0,263.0,665.0,175.0,303.0,1197.39,129.78,529.57,12.41,1.0,1.0,0.0,0.0,1.0,1.0,0.0,0.0,1.0,1.0,0.0,0.0,0.0,0.0,0.0,0.0,0.0,0.0,0.0,0.0,44.9,38.0,36.0,30.0,24.0,28.0,1,1,1,1,1,1,0,0,0,0,0.0,0.0,0.0,0.0,0.0,0.0,0.0,0.0,0.0,0.0,0.0,0.0,0.0,0.0,0.0,0.0,0.0,0.0,0.0,0.0
420034741011,42003474101,Allegheny,2341.0,40.356317,-80.063314,2213.0,72.0,1739.0,0.0,0.0,218.0,0.0,0.0,184.0,2213.0,680.0,310.0,855.0,90.0,130.0,101.0,90.0,444.0,855.0,6.0,333.0,2279.06,141.72,786.28,14.17,0.3486,0.0,0.3486,0.0,0.3486,0.0,0.3486,0.0,0.3486,0.0,0.3486,0.0,0.3486,0.0,0.3486,0.0,0.0,0.0,0.0,0.0,12.0,0.0,5.5,0.0,4.3,0.0,0,0,0,0,0,0,0,0,0,0,0.0,0.0,0.0,0.0,0.0,0.0,0.0,0.0,0.0,0.0,0.0,0.0,0.0,0.0,0.0,0.0,0.0,0.0,0.0,0.0
420034741012,42003474101,Allegheny,2119.0,40.354854,-80.082795,2129.0,45.0,1855.0,15.0,5.0,122.0,0.0,0.0,87.0,2129.0,620.0,258.0,643.0,54.0,0.0,25.0,16.0,548.0,643.0,0.0,71.0,2062.94,128.28,711.72,12.83,0.0363,0.0,0.0363,0.0,0.0363,0.0,0.0363,0.0,0.0363,0.0,0.0363,0.0,0.0,0.0,0.0,0.0,0.0,0.0,0.0,0.0,0.8,0.0,0.7,0.0,0.4,0.0,0,0,0,0,0,0,0,0,0,0,0.0,0.0,0.0,0.0,0.0,0.0,0.0,0.0,0.0,0.0,0.0,0.0,0.0,0.0,0.0,0.0,0.0,0.0,0.0,0.0
420034741021,42003474102,Allegheny,2435.0,40.347504,-80.06835,2125.0,0.0,1890.0,2.0,0.0,162.0,0.0,1.0,70.0,2125.0,579.0,513.0,785.0,45.0,38.0,58.0,63.0,581.0,785.0,116.0,50.0,2276.45,227.83,838.3,18.1,0.1548,0.0,0.1548,0.0,0.1548,0.0,0.1548,0.0,0.1548,0.0,0.1548,0.0,0.1548,0.0,0.1548,0.0,0.0,0.0,0.0,0.0,3.1,0.0,1.4,0.0,1.1,0.0,0,0,0,0,0,0,0,0,0,0,0.0,0.0,0.0,0.0,0.0,0.0,0.0,0.0,0.0,0.0,0.0,0.0,0.0,0.0,0.0,0.0,0.0,0.0,0.0,0.0
420034741022,42003474102,Allegheny,1466.0,40.328784,-80.065536,1522.0,0.0,1276.0,146.0,0.0,17.0,0.0,38.0,45.0,1522.0,463.0,257.0,558.0,18.0,101.0,34.0,45.0,360.0,558.0,74.0,85.0,1370.55,137.17,504.7,10.9,0.0,0.0,0.0,0.0,0.0,0.0,0.0,0.0,0.0,0.0,0.0,0.0,0.0,0.0,0.0,0.0,0.0,0.0,0.0,0.0,0.0,0.0,0.0,0.0,0.0,0.0,0,0,0,0,0,0,0,0,0,0,0.0,0.0,0.0,0.0,0.0,0.0,0.0,0.0,0.0,0.0,0.0,0.0,0.0,0.0,0.0,0.0,0.0,0.0,0.0,0.0
420034742011,42003474201,Allegheny,1249.0,40.346383,-80.08982,1233.0,0.0,981.0,38.0,0.0,185.0,0.0,12.0,17.0,1233.0,218.0,384.0,420.0,8.0,41.0,25.0,35.0,311.0,420.0,6.0,64.0,1256.59,117.6,442.41,6.64,0.0,0.0,0.0,0.0,0.0,0.0,0.0,0.0,0.0,0.0,0.0,0.0,0.0,0.0,0.0,0.0,0.0,0.0,0.0,0.0,0.0,0.0,0.0,0.0,0.0,0.0,0,0,0,0,0,0,0,0,0,0,0.0,0.0,0.0,0.0,0.0,0.0,0.0,0.0,0.0,0.0,0.0,0.0,0.0,0.0,0.0,0.0,0.0,0.0,0.0,0.0
420034742012,42003474201,Allegheny,1385.0,40.34349,-80.098871,1417.0,19.0,1168.0,0.0,0.0,198.0,0.0,4.0,28.0,1417.0,274.0,215.0,513.0,8.0,36.0,43.0,37.0,389.0,513.0,4.0,55.0,1393.41,130.4,490.59,7.36,0.156,0.156,0.0,0.0,0.156,0.156,0.0,0.0,0.156,0.156,0.0,0.0,0.0,0.156,0.0,0.156,0.0,0.156,0.0,0.156,6.9,8.4,5.6,5.3,3.8,4.4,0,0,0,0,0,0,0,0,0,0,0.0,0.0,0.0,0.0,0.0,0.0,0.0,0.0,0.0,0.0,0.0,0.0,0.0,0.0,0.0,0.0,0.0,0.0,0.0,0.0
420034742021,42003474202,Allegheny,2740.0,40.316662,-80.099959,2277.0,68.0,1855.0,62.0,0.0,292.0,0.0,0.0,0.0,2277.0,375.0,817.0,1049.0,37.0,114.0,55.0,258.0,585.0,1049.0,71.0,448.0,2815.1,376.03,1064.73,0.0,0.0,0.0,0.0,0.0,0.0,0.0,0.0,0.0,0.0,0.0,0.0,0.0,0.0,0.0,0.0,0.0,0.0,0.0,0.0,0.0,0.0,0.0,0.0,0.0,0.0,0.0,0,0,0,0,0,0,0,0,0,0,0.0,0.0,0.0,0.0,0.0,0.0,0.0,0.0,0.0,0.0,0.0,0.0,0.0,0.0,0.0,0.0,0.0,0.0,0.0,0.0
420034742022,42003474202,Allegheny,2623.0,40.333494,-80.088996,3304.0,40.0,2924.0,0.0,0.0,249.0,0.0,0.0,91.0,3304.0,855.0,409.0,1035.0,5.0,97.0,60.0,59.0,814.0,1035.0,0.0,210.0,2694.9,359.97,1019.27,0.0,0.0,0.0,0.0,0.0,0.0,0.0,0.0,0.0,0.0,0.0,0.0,0.0,0.0,0.0,0.0,0.0,0.0,0.0,0.0,0.0,0.0,0.0,0.0,0.0,0.0,0.0,0,0,0,0,0,0,0,0,0,0,0.0,0.0,0.0,0.0,0.0,0.0,0.0,0.0,0.0,0.0,0.0,0.0,0.0,0.0,0.0,0.0,0.0,0.0,0.0,0.0
420034742031,42003474203,Allegheny,1484.0,40.322951,-80.07502,1372.0,48.0,1266.0,0.0,0.0,54.0,0.0,0.0,4.0,1372.0,366.0,304.0,573.0,0.0,30.0,218.0,83.0,242.0,573.0,0.0,231.0,1434.86,123.62,522.89,2.78,0.0,0.0,0.0,0.0,0.0,0.0,0.0,0.0,0.0,0.0,0.0,0.0,0.0,0.0,0.0,0.0,0.0,0.0,0.0,0.0,0.0,0.0,0.0,0.0,0.0,0.0,0,0,0,0,0,0,0,0,0,0,0.0,0.0,0.0,0.0,0.0,0.0,0.0,0.0,0.0,0.0,0.0,0.0,0.0,0.0,0.0,0.0,0.0,0.0,0.0,0.0
420034742032,42003474203,Allegheny,760.0,40.30974,-80.086399,584.0,0.0,526.0,0.0,0.0,58.0,0.0,0.0,0.0,584.0,102.0,199.0,254.0,27.0,10.0,63.0,10.0,144.0,254.0,10.0,94.0,734.84,63.31,267.79,1.42,0.0,0.0,0.0,0.0,0.0,0.0,0.0,0.0,0.0,0.0,0.0,0.0,0.0,0.0,0.0,0.0,0.0,0.0,0.0,0.0,0.0,0.0,0.0,0.0,0.0,0.0,0,0,0,0,0,0,0,0,0,0,0.0,0.0,0.0,0.0,0.0,0.0,0.0,0.0,0.0,0.0,0.0,0.0,0.0,0.0,0.0,0.0,0.0,0.0,0.0,0.0
420034742033,42003474203,Allegheny,2558.0,40.309691,-80.078781,2687.0,69.0,2383.0,1.0,0.0,140.0,0.0,0.0,94.0,2687.0,755.0,452.0,865.0,9.0,25.0,22.0,101.0,708.0,865.0,0.0,121.0,2473.3,213.08,901.32,4.79,0.0,0.0,0.0,0.0,0.0,0.0,0.0,0.0,0.0,0.0,0.0,0.0,0.0,0.0,0.0,0.0,0.0,0.0,0.0,0.0,0.0,0.0,0.0,0.0,0.0,0.0,0,0,0,0,0,0,0,0,0,0,0.0,0.0,0.0,0.0,0.0,0.0,0.0,0.0,0.0,0.0,0.0,0.0,0.0,0.0,0.0,0.0,0.0,0.0,0.0,0.0
420034751011,42003475101,Allegheny,922.0,40.351605,-80.035424,968.0,0.0,968.0,0.0,0.0,0.0,0.0,0.0,0.0,968.0,141.0,291.0,491.0,75.0,28.0,31.0,41.0,316.0,491.0,0.0,117.0,814.92,151.72,447.75,0.0,0.0,0.0,0.0,0.0,0.0,0.0,0.0,0.0,0.0,0.0,0.0,0.0,0.0,0.0,0.0,0.0,0.0,0.0,0.0,0.0,0.0,0.0,0.0,0.0,0.0,0.0,0,0,0,0,0,0,0,0,0,0,0.0,0.0,0.0,0.0,0.0,0.0,0.0,0.0,0.0,0.0,0.0,0.0,0.0,0.0,0.0,0.0,0.0,0.0,0.0,0.0
420034751012,42003475101,Allegheny,850.0,40.34868,-80.030062,613.0,0.0,578.0,35.0,0.0,0.0,0.0,0.0,0.0,613.0,69.0,200.0,302.0,37.0,15.0,97.0,32.0,121.0,302.0,20.0,89.0,751.29,139.87,412.79,0.0,0.0,0.0,0.0,0.0,0.0,0.0,0.0,0.0,0.0,0.0,0.0,0.0,0.0,0.0,0.0,0.0,0.0,0.0,0.0,0.0,0.0,0.0,0.0,0.0,0.0,0.0,0,0,0,0,0,0,0,0,0,0,0.0,0.0,0.0,0.0,0.0,0.0,0.0,0.0,0.0,0.0,0.0,0.0,0.0,0.0,0.0,0.0,0.0,0.0,0.0,0.0
420034751013,42003475101,Allegheny,1417.0,40.34223,-80.042704,1375.0,11.0,1265.0,0.0,0.0,30.0,0.0,0.0,69.0,1375.0,265.0,430.0,630.0,17.0,122.0,107.0,27.0,357.0,630.0,103.0,167.0,1252.44,233.18,688.14,0.0,0.0,0.0,0.0,0.0,0.0,0.0,0.0,0.0,0.0,0.0,0.0,0.0,0.0,0.0,0.0,0.0,0.0,0.0,0.0,0.0,0.0,0.0,0.0,0.0,0.0,0.0,0,0,0,0,0,0,0,0,0,0,0.0,0.0,0.0,0.0,0.0,0.0,0.0,0.0,0.0,0.0,0.0,0.0,0.0,0.0,0.0,0.0,0.0,0.0,0.0,0.0
420034751014,42003475101,Allegheny,1788.0,40.348318,-80.046898,1608.0,0.0,1575.0,14.0,0.0,0.0,0.0,0.0,19.0,1608.0,107.0,689.0,994.0,193.0,229.0,221.0,57.0,294.0,994.0,140.0,698.0,1580.35,294.23,868.31,0.0,0.8949,0.0,0.8949,0.0,0.8949,0.0,0.8949,0.0,0.8949,0.0,0.8949,0.0,0.8949,0.0,0.8949,0.0,0.0,0.0,0.0,0.0,26.9,0.0,12.1,0.0,9.4,0.0,1,0,1,0,1,0,1,0,0,0,0.1963,0.0,0.1963,0.0,0.1963,0.0,0.1963,0.0,0.1963,0.0,0.1963,0.0,0.1963,0.0,0.1963,0.0,0.0,0.0,0.0,0.0
420034751021,42003475102,Allegheny,1677.0,40.337353,-80.034541,1735.0,0.0,1564.0,9.0,3.0,38.0,0.0,0.0,121.0,1735.0,372.0,478.0,679.0,21.0,71.0,103.0,103.0,381.0,679.0,12.0,121.0,1735.0,256.0,679.0,0.0,0.0,0.0,0.0,0.0,0.0,0.0,0.0,0.0,0.0,0.0,0.0,0.0,0.0,0.0,0.0,0.0,0.0,0.0,0.0,0.0,0.0,0.0,0.0,0.0,0.0,0.0,0,0,0,0,0,0,0,0,0,0,0.0,0.0,0.0,0.0,0.0,0.0,0.0,0.0,0.0,0.0,0.0,0.0,0.0,0.0,0.0,0.0,0.0,0.0,0.0,0.0
420034752001,42003475200,Allegheny,921.0,40.318206,-80.060318,901.0,1.0,899.0,0.0,0.0,0.0,0.0,0.0,1.0,901.0,203.0,133.0,329.0,16.0,33.0,81.0,55.0,144.0,329.0,0.0,46.0,867.74,122.9,378.46,3.8,0.0,0.0,0.0,0.0,0.0,0.0,0.0,0.0,0.0,0.0,0.0,0.0,0.0,0.0,0.0,0.0,0.0,0.0,0.0,0.0,0.0,0.0,0.0,0.0,0.0,0.0,0,0,0,0,0,0,0,0,0,0,0.0,0.0,0.0,0.0,0.0,0.0,0.0,0.0,0.0,0.0,0.0,0.0,0.0,0.0,0.0,0.0,0.0,0.0,0.0,0.0
420034752002,42003475200,Allegheny,1535.0,40.335147,-80.052979,1993.0,84.0,1649.0,2.0,0.0,190.0,0.0,0.0,68.0,1993.0,436.0,238.0,786.0,77.0,10.0,136.0,33.0,530.0,786.0,12.0,326.0,1446.23,204.83,630.76,6.34,0.415,0.0,0.415,0.0,0.415,0.0,0.415,0.0,0.415,0.0,0.415,0.0,0.415,0.0,0.415,0.0,0.0,0.0,0.0,0.0,16.6,0.0,7.5,0.0,5.8,0.0,0,0,0,0,0,0,0,0,0,0,0.2788,0.0,0.2788,0.0,0.2788,0.0,0.2788,0.0,0.2788,0.0,0.2788,0.0,0.2788,0.0,0.2788,0.0,0.0,0.0,0.0,0.0
420034752003,42003475200,Allegheny,1266.0,40.327802,-80.052621,891.0,9.0,882.0,0.0,0.0,0.0,0.0,0.0,0.0,891.0,100.0,180.0,399.0,21.0,8.0,43.0,63.0,264.0,399.0,29.0,108.0,1192.79,168.94,520.22,5.23,0.0,0.0,0.0,0.0,0.0,0.0,0.0,0.0,0.0,0.0,0.0,0.0,0.0,0.0,0.0,0.0,0.0,0.0,0.0,0.0,0.0,0.0,0.0,0.0,0.0,0.0,0,0,0,0,0,0,0,0,0,0,0.0,0.0,0.0,0.0,0.0,0.0,0.0,0.0,0.0,0.0,0.0,0.0,0.0,0.0,0.0,0.0,0.0,0.0,0.0,0.0
420034752004,42003475200,Allegheny,1846.0,40.316871,-80.057084,1461.0,0.0,1400.0,16.0,0.0,0.0,0.0,0.0,45.0,1461.0,165.0,401.0,774.0,34.0,180.0,50.0,93.0,417.0,774.0,85.0,240.0,1739.24,246.33,758.56,7.63,0.0,0.0,0.0,0.0,0.0,0.0,0.0,0.0,0.0,0.0,0.0,0.0,0.0,0.0,0.0,0.0,0.0,0.0,0.0,0.0,0.0,0.0,0.0,0.0,0.0,0.0,0,0,0,0,0,0,0,0,0,0,0.0,0.0,0.0,0.0,0.0,0.0,0.0,0.0,0.0,0.0,0.0,0.0,0.0,0.0,0.0,0.0,0.0,0.0,0.0,0.0
420034753011,42003475301,Allegheny,767.0,40.33597,-80.027287,821.0,0.0,683.0,138.0,0.0,0.0,0.0,0.0,0.0,821.0,109.0,386.0,412.0,94.0,45.0,62.0,80.0,131.0,412.0,33.0,280.0,802.77,126.06,369.74,0.0,0.0,0.0,0.0,0.0,0.0,0.0,0.0,0.0,0.0,0.0,0.0,0.0,0.0,0.0,0.0,0.0,0.0,0.0,0.0,0.0,0.0,0.0,0.0,0.0,0.0,0.0,0,0,0,0,0,0,0,0,0,0,0.0,0.0,0.0,0.0,0.0,0.0,0.0,0.0,0.0,0.0,0.0,0.0,0.0,0.0,0.0,0.0,0.0,0.0,0.0,0.0
420034753012,42003475301,Allegheny,589.0,40.325094,-80.027535,603.0,0.0,400.0,3.0,0.0,200.0,0.0,0.0,0.0,603.0,115.0,146.0,325.0,140.0,30.0,15.0,0.0,140.0,325.0,0.0,170.0,616.47,96.8,283.93,0.0,0.0,0.0,0.0,0.0,0.0,0.0,0.0,0.0,0.0,0.0,0.0,0.0,0.0,0.0,0.0,0.0,0.0,0.0,0.0,0.0,0.0,0.0,0.0,0.0,0.0,0.0,0,0,0,0,0,0,0,0,0,0,0.0,0.0,0.0,0.0,0.0,0.0,0.0,0.0,0.0,0.0,0.0,0.0,0.0,0.0,0.0,0.0,0.0,0.0,0.0,0.0
420034753013,42003475301,Allegheny,2084.0,40.317792,-80.035863,2053.0,0.0,2001.0,10.0,0.0,42.0,0.0,0.0,0.0,2053.0,420.0,372.0,810.0,38.0,160.0,111.0,48.0,453.0,810.0,52.0,223.0,2181.19,342.5,1004.62,0.0,0.0,0.0,0.0,0.0,0.0,0.0,0.0,0.0,0.0,0.0,0.0,0.0,0.0,0.0,0.0,0.0,0.0,0.0,0.0,0.0,0.0,0.0,0.0,0.0,0.0,0.0,0,0,0,0,0,0,0,0,0,0,0.0,0.0,0.0,0.0,0.0,0.0,0.0,0.0,0.0,0.0,0.0,0.0,0.0,0.0,0.0,0.0,0.0,0.0,0.0,0.0
420034753014,42003475301,Allegheny,1020.0,40.326283,-80.034928,1191.0,0.0,890.0,0.0,0.0,0.0,0.0,0.0,301.0,1191.0,238.0,182.0,603.0,42.0,369.0,33.0,101.0,58.0,603.0,0.0,409.0,1067.57,167.64,491.7,0.0,0.0,0.0,0.0,0.0,0.0,0.0,0.0,0.0,0.0,0.0,0.0,0.0,0.0,0.0,0.0,0.0,0.0,0.0,0.0,0.0,0.0,0.0,0.0,0.0,0.0,0.0,0,0,0,0,0,0,0,0,0,0,0.0,0.0,0.0,0.0,0.0,0.0,0.0,0.0,0.0,0.0,0.0,0.0,0.0,0.0,0.0,0.0,0.0,0.0,0.0,0.0
420034753031,42003475303,Allegheny,1857.0,40.311617,-80.04201,1605.0,18.0,1529.0,7.0,51.0,0.0,0.0,0.0,0.0,1605.0,318.0,515.0,682.0,23.0,112.0,49.0,61.0,437.0,682.0,68.0,164.0,1887.88,188.83,772.33,0.0,0.0,0.0,0.0,0.0,0.0,0.0,0.0,0.0,0.0,0.0,0.0,0.0,0.0,0.0,0.0,0.0,0.0,0.0,0.0,0.0,0.0,0.0,0.0,0.0,0.0,0.0,0,0,0,0,0,0,0,0,0,0,0.0,0.0,0.0,0.0,0.0,0.0,0.0,0.0,0.0,0.0,0.0,0.0,0.0,0.0,0.0,0.0,0.0,0.0,0.0,0.0
420034753032,42003475303,Allegheny,1171.0,40.30765,-80.054115,1293.0,0.0,1144.0,0.0,0.0,17.0,0.0,0.0,132.0,1293.0,289.0,285.0,510.0,8.0,67.0,33.0,107.0,295.0,510.0,10.0,95.0,1190.47,119.08,487.02,0.0,0.0,0.0,0.0,0.0,0.0,0.0,0.0,0.0,0.0,0.0,0.0,0.0,0.0,0.0,0.0,0.0,0.0,0.0,0.0,0.0,0.0,0.0,0.0,0.0,0.0,0.0,0,0,0,0,0,0,0,0,0,0,0.0,0.0,0.0,0.0,0.0,0.0,0.0,0.0,0.0,0.0,0.0,0.0,0.0,0.0,0.0,0.0,0.0,0.0,0.0,0.0
420034753033,42003475303,Allegheny,1122.0,40.304155,-80.04377,1321.0,0.0,1320.0,0.0,0.0,0.0,0.0,0.0,1.0,1321.0,339.0,250.0,534.0,28.0,39.0,35.0,70.0,362.0,534.0,8.0,85.0,1140.65,114.09,466.64,0.0,0.0,0.0,0.0,0.0,0.0,0.0,0.0,0.0,0.0,0.0,0.0,0.0,0.0,0.0,0.0,0.0,0.0,0.0,0.0,0.0,0.0,0.0,0.0,0.0,0.0,0.0,0,0,0,0,0,0,0,0,0,0,0.0,0.0,0.0,0.0,0.0,0.0,0.0,0.0,0.0,0.0,0.0,0.0,0.0,0.0,0.0,0.0,0.0,0.0,0.0,0.0
420034753041,42003475304,Allegheny,1091.0,40.308187,-80.064155,738.0,0.0,661.0,0.0,0.0,22.0,0.0,0.0,55.0,738.0,19.0,202.0,486.0,42.0,90.0,95.0,16.0,243.0,486.0,0.0,356.0,1058.27,88.22,475.24,0.0,0.0,0.0,0.0,0.0,0.0,0.0,0.0,0.0,0.0,0.0,0.0,0.0,0.0,0.0,0.0,0.0,0.0,0.0,0.0,0.0,0.0,0.0,0.0,0.0,0.0,0.0,0,0,0,0,0,0,0,0,0,0,0.0,0.0,0.0,0.0,0.0,0.0,0.0,0.0,0.0,0.0,0.0,0.0,0.0,0.0,0.0,0.0,0.0,0.0,0.0,0.0
420034753042,42003475304,Allegheny,1803.0,40.300054,-80.05921,2025.0,0.0,1972.0,0.0,0.0,35.0,0.0,0.0,18.0,2025.0,496.0,369.0,704.0,0.0,0.0,19.0,102.0,583.0,704.0,0.0,113.0,1748.9,145.8,785.39,0.0,0.0,0.0,0.0,0.0,0.0,0.0,0.0,0.0,0.0,0.0,0.0,0.0,0.0,0.0,0.0,0.0,0.0,0.0,0.0,0.0,0.0,0.0,0.0,0.0,0.0,0.0,0,0,0,0,0,0,0,0,0,0,0.0,0.0,0.0,0.0,0.0,0.0,0.0,0.0,0.0,0.0,0.0,0.0,0.0,0.0,0.0,0.0,0.0,0.0,0.0,0.0
420034753043,42003475304,Allegheny,935.0,40.29196,-80.03851,1072.0,22.0,968.0,5.0,0.0,41.0,0.0,0.0,36.0,1072.0,193.0,308.0,517.0,86.0,143.0,35.0,52.0,201.0,517.0,50.0,235.0,906.95,75.61,407.29,0.0,0.0,0.0,0.0,0.0,0.0,0.0,0.0,0.0,0.0,0.0,0.0,0.0,0.0,0.0,0.0,0.0,0.0,0.0,0.0,0.0,0.0,0.0,0.0,0.0,0.0,0.0,0,0,0,0,0,0,0,0,0,0,0.0,0.0,0.0,0.0,0.0,0.0,0.0,0.0,0.0,0.0,0.0,0.0,0.0,0.0,0.0,0.0,0.0,0.0,0.0,0.0
420034753044,42003475304,Allegheny,1637.0,40.299811,-80.035251,1523.0,68.0,1412.0,20.0,0.0,17.0,0.0,0.0,6.0,1523.0,270.0,341.0,674.0,36.0,56.0,105.0,16.0,461.0,674.0,11.0,204.0,1587.88,132.37,713.08,0.0,0.0,0.0,0.0,0.0,0.0,0.0,0.0,0.0,0.0,0.0,0.0,0.0,0.0,0.0,0.0,0.0,0.0,0.0,0.0,0.0,0.0,0.0,0.0,0.0,0.0,0.0,0,0,0,0,0,0,0,0,0,0,0.0,0.0,0.0,0.0,0.0,0.0,0.0,0.0,0.0,0.0,0.0,0.0,0.0,0.0,0.0,0.0,0.0,0.0,0.0,0.0
420034754011,42003475401,Allegheny,1577.0,40.349721,-80.018928,1151.0,33.0,1088.0,0.0,0.0,26.0,0.0,0.0,4.0,1151.0,166.0,373.0,548.0,16.0,106.0,26.0,56.0,344.0,548.0,85.0,116.0,1501.76,283.52,708.6,15.9,0.1008,0.0,0.1008,0.0,0.1008,0.0,0.1008,0.0,0.0,0.0,0.0,0.0,0.0,0.0,0.0,0.0,0.0,0.0,0.0,0.0,0.6,0.0,0.0,0.0,0.0,0.0,0,0,0,0,0,0,0,0,0,0,0.0,0.0,0.0,0.0,0.0,0.0,0.0,0.0,0.0,0.0,0.0,0.0,0.0,0.0,0.0,0.0,0.0,0.0,0.0,0.0
420034754012,42003475401,Allegheny,1702.0,40.340533,-80.010423,1644.0,0.0,1400.0,0.0,0.0,233.0,0.0,0.0,11.0,1644.0,269.0,567.0,693.0,53.0,84.0,67.0,167.0,322.0,693.0,31.0,196.0,1620.79,305.99,764.77,17.16,0.262,0.0,0.262,0.0,0.262,0.0,0.262,0.0,0.0,0.0,0.0,0.0,0.0,0.0,0.0,0.0,0.0,0.0,0.0,0.0,1.5,0.0,0.0,0.0,0.0,0.0,0,0,0,0,0,0,0,0,0,0,0.0,0.0,0.0,0.0,0.0,0.0,0.0,0.0,0.0,0.0,0.0,0.0,0.0,0.0,0.0,0.0,0.0,0.0,0.0,0.0
420034754013,42003475401,Allegheny,787.0,40.331954,-80.016807,1077.0,21.0,968.0,82.0,0.0,0.0,0.0,0.0,6.0,1077.0,154.0,354.0,586.0,64.0,65.0,78.0,91.0,288.0,586.0,7.0,220.0,749.45,141.49,353.63,7.94,0.0,0.0,0.0,0.0,0.0,0.0,0.0,0.0,0.0,0.0,0.0,0.0,0.0,0.0,0.0,0.0,0.0,0.0,0.0,0.0,0.0,0.0,0.0,0.0,0.0,0.0,0,0,0,0,0,0,0,0,0,0,0.0,0.0,0.0,0.0,0.0,0.0,0.0,0.0,0.0,0.0,0.0,0.0,0.0,0.0,0.0,0.0,0.0,0.0,0.0,0.0
420034754021,42003475402,Allegheny,1487.0,40.315655,-80.025055,1435.0,0.0,1378.0,23.0,0.0,34.0,0.0,0.0,0.0,1435.0,309.0,429.0,594.0,18.0,141.0,63.0,58.0,314.0,594.0,9.0,218.0,1489.78,171.24,629.88,0.0,0.0,0.0,0.0,0.0,0.0,0.0,0.0,0.0,0.0,0.0,0.0,0.0,0.0,0.0,0.0,0.0,0.0,0.0,0.0,0.0,0.0,0.0,0.0,0.0,0.0,0.0,0,0,0,0,0,0,0,0,0,0,0.0,0.0,0.0,0.0,0.0,0.0,0.0,0.0,0.0,0.0,0.0,0.0,0.0,0.0,0.0,0.0,0.0,0.0,0.0,0.0
420034754022,42003475402,Allegheny,1726.0,40.304512,-80.025556,1784.0,7.0,1646.0,39.0,0.0,87.0,0.0,0.0,5.0,1784.0,318.0,260.0,767.0,35.0,93.0,71.0,74.0,494.0,767.0,17.0,315.0,1729.22,198.76,731.12,0.0,0.0,0.0,0.0,0.0,0.0,0.0,0.0,0.0,0.0,0.0,0.0,0.0,0.0,0.0,0.0,0.0,0.0,0.0,0.0,0.0,0.0,0.0,0.0,0.0,0.0,0.0,0,0,0,0,0,0,0,0,0,0,0.0,0.0,0.0,0.0,0.0,0.0,0.0,0.0,0.0,0.0,0.0,0.0,0.0,0.0,0.0,0.0,0.0,0.0,0.0,0.0
420034761001,42003476100,Allegheny,668.0,40.376526,-80.011372,450.0,36.0,346.0,54.0,0.0,0.0,0.0,0.0,14.0,450.0,151.0,140.0,191.0,18.0,32.0,74.0,23.0,44.0,191.0,0.0,74.0,653.38,77.68,303.34,8.18,0.0,0.0,0.0,0.0,0.0,0.0,0.0,0.0,0.0,0.0,0.0,0.0,0.0,0.0,0.0,0.0,0.0,0.0,0.0,0.0,0.0,0.0,0.0,0.0,0.0,0.0,0,0,0,0,0,0,0,0,0,0,0.0,0.0,0.0,0.0,0.0,0.0,0.0,0.0,0.0,0.0,0.0,0.0,0.0,0.0,0.0,0.0,0.0,0.0,0.0,0.0
420034761002,42003476100,Allegheny,581.0,40.373154,-80.016713,588.0,6.0,565.0,0.0,0.0,0.0,0.0,0.0,17.0,588.0,63.0,163.0,208.0,36.0,51.0,22.0,62.0,37.0,208.0,25.0,108.0,568.28,67.56,263.84,7.12,0.0,0.0,0.0,0.0,0.0,0.0,0.0,0.0,0.0,0.0,0.0,0.0,0.0,0.0,0.0,0.0,0.0,0.0,0.0,0.0,0.0,0.0,0.0,0.0,0.0,0.0,0,0,0,0,0,0,0,0,0,0,0.0,0.0,0.0,0.0,0.0,0.0,0.0,0.0,0.0,0.0,0.0,0.0,0.0,0.0,0.0,0.0,0.0,0.0,0.0,0.0
420034761003,42003476100,Allegheny,880.0,40.368121,-80.020217,635.0,0.0,614.0,0.0,0.0,0.0,0.0,0.0,21.0,635.0,114.0,81.0,318.0,80.0,32.0,60.0,21.0,125.0,318.0,43.0,128.0,860.74,102.33,399.61,10.78,0.0,0.0,0.0,0.0,0.0,0.0,0.0,0.0,0.0,0.0,0.0,0.0,0.0,0.0,0.0,0.0,0.0,0.0,0.0,0.0,0.0,0.0,0.0,0.0,0.0,0.0,0,0,0,0,0,0,0,0,0,0,0.0,0.0,0.0,0.0,0.0,0.0,0.0,0.0,0.0,0.0,0.0,0.0,0.0,0.0,0.0,0.0,0.0,0.0,0.0,0.0
420034761004,42003476100,Allegheny,1473.0,40.365887,-80.031332,1415.0,50.0,1345.0,1.0,0.0,0.0,0.0,19.0,0.0,1415.0,190.0,388.0,831.0,110.0,160.0,356.0,85.0,120.0,831.0,215.0,445.0,1440.75,171.29,668.9,18.05,0.0,0.0,0.0,0.0,0.0,0.0,0.0,0.0,0.0,0.0,0.0,0.0,0.0,0.0,0.0,0.0,0.0,0.0,0.0,0.0,0.0,0.0,0.0,0.0,0.0,0.0,0,0,0,0,0,0,0,0,0,0,0.0,0.0,0.0,0.0,0.0,0.0,0.0,0.0,0.0,0.0,0.0,0.0,0.0,0.0,0.0,0.0,0.0,0.0,0.0,0.0
420034761005,42003476100,Allegheny,1377.0,40.358653,-80.033149,1782.0,217.0,1199.0,50.0,0.0,224.0,0.0,26.0,66.0,1782.0,277.0,89.0,713.0,24.0,148.0,262.0,69.0,210.0,713.0,91.0,212.0,1346.85,160.13,625.31,16.87,0.0,0.0,0.0,0.0,0.0,0.0,0.0,0.0,0.0,0.0,0.0,0.0,0.0,0.0,0.0,0.0,0.0,0.0,0.0,0.0,0.0,0.0,0.0,0.0,0.0,0.0,0,0,0,0,0,0,0,0,0,0,0.0,0.0,0.0,0.0,0.0,0.0,0.0,0.0,0.0,0.0,0.0,0.0,0.0,0.0,0.0,0.0,0.0,0.0,0.0,0.0
420034762001,42003476200,Allegheny,723.0,40.371803,-80.005,670.0,13.0,657.0,0.0,0.0,0.0,0.0,0.0,0.0,670.0,114.0,97.0,301.0,68.0,18.0,71.0,51.0,93.0,301.0,0.0,163.0,738.26,73.63,337.62,0.0,0.0,0.0,0.0,0.0,0.0,0.0,0.0,0.0,0.0,0.0,0.0,0.0,0.0,0.0,0.0,0.0,0.0,0.0,0.0,0.0,0.0,0.0,0.0,0.0,0.0,0.0,0,0,0,0,0,0,0,0,0,0,0.0,0.0,0.0,0.0,0.0,0.0,0.0,0.0,0.0,0.0,0.0,0.0,0.0,0.0,0.0,0.0,0.0,0.0,0.0,0.0
420034762002,42003476200,Allegheny,1348.0,40.364896,-80.012032,1662.0,23.0,1465.0,137.0,0.0,21.0,0.0,0.0,16.0,1662.0,156.0,233.0,729.0,58.0,107.0,134.0,68.0,362.0,729.0,69.0,327.0,1376.44,137.27,629.48,0.0,0.0,0.0,0.0,0.0,0.0,0.0,0.0,0.0,0.0,0.0,0.0,0.0,0.0,0.0,0.0,0.0,0.0,0.0,0.0,0.0,0.0,0.0,0.0,0.0,0.0,0.0,0,0,0,0,0,0,0,0,0,0,0.0,0.0,0.0,0.0,0.0,0.0,0.0,0.0,0.0,0.0,0.0,0.0,0.0,0.0,0.0,0.0,0.0,0.0,0.0,0.0
420034762003,42003476200,Allegheny,1199.0,40.360573,-80.022853,1007.0,0.0,903.0,1.0,0.0,0.0,0.0,0.0,103.0,1007.0,83.0,274.0,497.0,118.0,57.0,84.0,37.0,201.0,497.0,74.0,179.0,1224.3,122.1,559.9,0.0,0.0,0.0,0.0,0.0,0.0,0.0,0.0,0.0,0.0,0.0,0.0,0.0,0.0,0.0,0.0,0.0,0.0,0.0,0.0,0.0,0.0,0.0,0.0,0.0,0.0,0.0,0,0,0,0,0,0,0,0,0,0,0.0,0.0,0.0,0.0,0.0,0.0,0.0,0.0,0.0,0.0,0.0,0.0,0.0,0.0,0.0,0.0,0.0,0.0,0.0,0.0
420034771001,42003477100,Allegheny,1343.0,40.363716,-80.003907,1502.0,6.0,1301.0,0.0,0.0,159.0,0.0,0.0,36.0,1502.0,259.0,506.0,718.0,28.0,157.0,54.0,124.0,355.0,718.0,18.0,266.0,1415.85,170.94,645.73,11.73,0.6806,0.6806,0.0,0.0,0.6806,0.6806,0.0,0.0,0.0,0.0,0.0,0.0,0.0,0.0,0.0,0.0,0.0,0.0,0.0,0.0,4.1,9.5,0.0,0.0,0.0,0.0,1,1,1,1,0,0,0,0,0,0,0.0,0.0,0.0,0.0,0.0,0.0,0.0,0.0,0.0,0.0,0.0,0.0,0.0,0.0,0.0,0.0,0.0,0.0,0.0,0.0
420034771002,42003477100,Allegheny,994.0,40.352934,-80.001322,1010.0,0.0,1005.0,0.0,0.0,0.0,0.0,0.0,5.0,1010.0,174.0,431.0,433.0,90.0,0.0,34.0,67.0,242.0,433.0,25.0,88.0,1047.92,126.52,477.93,8.68,0.6107,0.0,0.6107,0.0,0.6107,0.0,0.6107,0.0,0.0,0.0,0.0,0.0,0.0,0.0,0.0,0.0,0.0,0.0,0.0,0.0,3.7,0.0,0.0,0.0,0.0,0.0,1,0,1,0,0,0,0,0,0,0,0.1137,0.0,0.1137,0.0,0.1137,0.0,0.1137,0.0,0.0,0.0,0.0,0.0,0.0,0.0,0.0,0.0,0.0,0.0,0.0,0.0
420034771003,42003477100,Allegheny,1442.0,40.356626,-80.0087,1535.0,81.0,1436.0,0.0,0.0,18.0,0.0,0.0,0.0,1535.0,298.0,269.0,666.0,129.0,34.0,121.0,104.0,278.0,666.0,47.0,224.0,1520.22,183.54,693.34,12.59,0.6227,0.129,0.4938,0.0,0.6227,0.129,0.4938,0.0,0.0,0.0,0.0,0.0,0.0,0.0,0.0,0.0,0.0,0.0,0.0,0.0,3.7,1.8,0.0,0.0,0.0,0.0,1,0,1,0,0,0,0,0,0,0,0.1394,0.0,0.1394,0.0,0.1394,0.0,0.1394,0.0,0.0,0.0,0.0,0.0,0.0,0.0,0.0,0.0,0.0,0.0,0.0,0.0
420034772001,42003477200,Allegheny,850.0,40.373731,-79.990042,844.0,31.0,792.0,0.0,0.0,21.0,0.0,0.0,0.0,844.0,124.0,219.0,407.0,29.0,48.0,66.0,0.0,264.0,407.0,11.0,171.0,846.38,97.07,390.93,1.9,0.6624,0.6012,0.0612,0.0,0.6624,0.6012,0.0612,0.0,0.6624,0.1494,0.5129,0.0,0.1494,0.1494,0.0,0.0,0.6624,0.0,0.6624,0.0,36.6,18.4,32.2,9.0,8.1,8.4,1,0,1,0,1,0,0,0,1,0,0.0,0.0,0.0,0.0,0.0,0.0,0.0,0.0,0.0,0.0,0.0,0.0,0.0,0.0,0.0,0.0,0.0,0.0,0.0,0.0
420034772002,42003477200,Allegheny,716.0,40.366501,-79.989514,591.0,61.0,509.0,0.0,0.0,21.0,0.0,0.0,0.0,591.0,117.0,92.0,297.0,12.0,94.0,51.0,16.0,124.0,297.0,15.0,160.0,712.95,81.76,329.3,1.6,1.0,0.4539,0.5461,0.0,1.0,0.4539,0.5461,0.0,1.0,0.3478,0.6522,0.0,0.3478,0.0,0.3478,0.0,1.0,0.0,1.0,0.0,55.3,18.2,49.9,10.4,15.7,9.7,1,0,1,0,1,0,0,0,1,0,0.0796,0.0,0.0796,0.0,0.0796,0.0,0.0796,0.0,0.0796,0.0,0.0796,0.0,0.0,0.0,0.0,0.0,0.0796,0.0,0.0796,0.0
420034772003,42003477200,Allegheny,952.0,40.355011,-79.992572,1426.0,0.0,943.0,0.0,0.0,483.0,0.0,0.0,0.0,1426.0,312.0,335.0,467.0,13.0,52.0,133.0,28.0,241.0,467.0,13.0,118.0,947.95,108.71,437.84,2.13,0.8876,0.9737,0.0263,0.1124,0.8876,0.9737,0.0263,0.1124,0.8613,0.0,0.8613,0.0,0.0,0.0,0.0,0.0,0.5599,0.0,0.5599,0.0,29.4,13.8,31.0,0.0,0.0,0.0,1,1,1,1,1,0,0,0,1,0,0.3445,0.3445,0.0,0.0,0.3445,0.3445,0.0,0.0,0.3445,0.0,0.3445,0.0,0.0,0.0,0.0,0.0,0.0683,0.0,0.0683,0.0
420034772004,42003477200,Allegheny,1948.0,40.366101,-79.996977,1727.0,31.0,1499.0,12.0,0.0,0.0,0.0,0.0,185.0,1727.0,219.0,732.0,883.0,128.0,204.0,63.0,98.0,390.0,883.0,90.0,460.0,1939.71,222.45,895.92,4.36,1.0,1.0,0.0,0.0,1.0,1.0,0.0,0.0,0.6935,0.0,0.6935,0.0,0.0,0.0,0.0,0.0,0.6935,0.0,0.6935,0.0,28.7,13.0,25.0,0.0,0.0,0.0,1,1,1,1,1,0,0,0,1,0,0.1206,0.1155,0.0642,0.059,0.1206,0.1155,0.0642,0.059,0.097,0.0,0.097,0.0,0.0,0.0,0.0,0.0,0.097,0.0,0.097,0.0
420034773001,42003477300,Allegheny,1474.0,40.365593,-79.964759,1753.0,42.0,179.0,350.0,42.0,1140.0,0.0,0.0,0.0,1753.0,628.0,185.0,718.0,317.0,216.0,41.0,47.0,97.0,718.0,285.0,353.0,1335.01,217.24,617.36,50.8,1.0,1.0,0.0,0.0,1.0,1.0,0.0,0.0,1.0,1.0,0.0,0.0,0.0,0.0,0.0,0.0,0.0,0.0,0.0,0.0,36.0,50.0,30.7,30.0,27.0,28.0,1,1,1,1,1,1,0,0,0,0,0.6845,0.4206,0.2639,0.0,0.6845,0.4206,0.2639,0.0,0.6845,0.4206,0.2639,0.0,0.0,0.0,0.0,0.0,0.0,0.0,0.0,0.0
420034773002,42003477300,Allegheny,1131.0,40.367327,-79.965794,463.0,0.0,204.0,232.0,0.0,27.0,0.0,0.0,0.0,463.0,69.0,0.0,320.0,0.0,259.0,20.0,0.0,41.0,320.0,25.0,265.0,1024.35,166.69,473.7,38.98,1.0,1.0,0.0,0.0,1.0,1.0,0.0,0.0,1.0,1.0,0.0,0.0,0.0,0.0,0.0,0.0,0.0,0.0,0.0,0.0,36.0,50.2,30.0,30.0,26.8,28.0,1,1,1,1,1,1,0,0,0,0,1.0,1.0,0.0,0.0,1.0,1.0,0.0,0.0,1.0,1.0,0.0,0.0,0.0,0.0,0.0,0.0,0.0,0.0,0.0,0.0
420034773003,42003477300,Allegheny,1312.0,40.361637,-79.972836,1108.0,0.0,1100.0,0.0,0.0,8.0,0.0,0.0,0.0,1108.0,133.0,315.0,493.0,14.0,39.0,38.0,161.0,241.0,493.0,0.0,174.0,1188.28,193.37,549.5,45.21,0.8498,0.8498,0.0,0.0,0.8498,0.8498,0.0,0.0,0.8498,0.8498,0.0,0.0,0.0328,0.0328,0.0,0.0,0.0328,0.0328,0.0,0.0,35.3,46.6,29.5,28.2,25.2,26.3,1,1,1,1,1,1,0,0,0,0,0.3384,0.3384,0.0,0.0,0.3384,0.3384,0.0,0.0,0.3384,0.3384,0.0,0.0,0.0198,0.0198,0.0,0.0,0.0198,0.0198,0.0,0.0
420034773004,42003477300,Allegheny,1091.0,40.356737,-79.976229,943.0,10.0,833.0,49.0,0.0,51.0,0.0,0.0,0.0,943.0,60.0,235.0,402.0,9.0,146.0,47.0,24.0,176.0,402.0,0.0,107.0,988.12,160.79,456.94,37.6,0.802,0.802,0.0,0.0,0.802,0.802,0.0,0.0,0.802,0.802,0.0,0.0,0.6673,0.6673,0.0,0.0,0.6673,0.6673,0.0,0.0,109.3,91.1,93.5,66.7,73.1,61.9,1,1,1,1,1,1,1,1,1,1,0.2979,0.2979,0.0,0.0,0.2979,0.2979,0.0,0.0,0.2979,0.2979,0.0,0.0,0.0742,0.0742,0.0,0.0,0.0742,0.0742,0.0,0.0
420034773005,42003477300,Allegheny,1811.0,40.351427,-79.982769,1909.0,0.0,1706.0,1.0,0.0,202.0,0.0,0.0,0.0,1909.0,231.0,452.0,923.0,36.0,149.0,139.0,71.0,528.0,923.0,138.0,244.0,1640.23,266.91,758.5,62.41,0.9834,0.9834,0.0,0.0,0.9834,0.9834,0.0,0.0,0.9834,0.6488,0.3346,0.0,0.6052,0.6488,0.0,0.0436,0.6052,0.6052,0.0,0.0,83.1,61.4,73.6,42.3,46.4,39.3,0,0,0,0,0,0,0,0,0,0,0.095,0.095,0.0,0.0,0.095,0.095,0.0,0.0,0.095,0.0199,0.0751,0.0,0.0199,0.0199,0.0,0.0,0.0536,0.0199,0.0337,0.0
420034781001,42003478100,Allegheny,1280.0,40.378457,-79.978663,1091.0,0.0,934.0,145.0,0.0,12.0,0.0,0.0,0.0,1091.0,410.0,109.0,412.0,130.0,111.0,62.0,11.0,98.0,412.0,58.0,206.0,1254.18,176.03,574.43,0.0,0.875,0.875,0.0,0.0,0.875,0.875,0.0,0.0,0.875,0.875,0.0,0.0,0.875,0.875,0.0,0.0,0.875,0.832,0.043,0.0,150.5,203.1,99.1,151.5,69.1,114.0,1,1,1,1,1,1,1,1,1,1,0.0492,0.0492,0.0,0.0,0.0492,0.0492,0.0,0.0,0.0492,0.0492,0.0,0.0,0.0492,0.0492,0.0,0.0,0.0492,0.0492,0.0,0.0
420034781002,42003478100,Allegheny,793.0,40.374228,-79.979064,1015.0,0.0,865.0,149.0,0.0,0.0,0.0,0.0,1.0,1015.0,375.0,154.0,437.0,185.0,22.0,8.0,36.0,186.0,437.0,108.0,142.0,777.01,109.05,355.88,0.0,1.0,1.0,0.0,0.0,1.0,1.0,0.0,0.0,1.0,1.0,0.0,0.0,1.0,1.0,0.0,0.0,1.0,0.6545,0.3455,0.0,123.2,138.6,96.5,102.5,76.1,94.9,1,1,1,1,1,1,1,1,1,1,0.4325,0.4325,0.0,0.0,0.4325,0.4325,0.0,0.0,0.4325,0.4325,0.0,0.0,0.4325,0.3745,0.058,0.0,0.4325,0.1564,0.2762,0.0
420034781003,42003478100,Allegheny,1160.0,40.368344,-79.981066,863.0,10.0,815.0,12.0,0.0,26.0,0.0,0.0,0.0,863.0,48.0,321.0,473.0,164.0,75.0,59.0,78.0,97.0,473.0,118.0,171.0,1136.6,159.52,520.58,0.0,1.0,1.0,0.0,0.0,1.0,1.0,0.0,0.0,1.0,1.0,0.0,0.0,1.0,1.0,0.0,0.0,1.0,1.0,0.0,0.0,170.1,171.4,134.7,126.8,104.1,118.4,1,1,1,1,1,1,1,1,1,1,0.4259,0.4259,0.0,0.0,0.4259,0.4259,0.0,0.0,0.4259,0.4259,0.0,0.0,0.4259,0.206,0.2198,0.0,0.4259,0.206,0.2198,0.0
420034781004,42003478100,Allegheny,1130.0,40.376997,-79.983001,1306.0,0.0,645.0,244.0,0.0,154.0,0.0,0.0,263.0,1306.0,135.0,133.0,636.0,30.0,115.0,180.0,61.0,250.0,636.0,92.0,302.0,1107.21,155.4,507.11,0.0,0.8504,0.8504,0.0,0.0,0.8504,0.8504,0.0,0.0,0.8504,0.8504,0.0,0.0,0.8504,0.8504,0.0,0.0,0.8504,0.1115,0.7389,0.0,89.8,86.8,62.8,60.2,53.3,56.1,1,1,1,1,1,1,1,1,1,0,0.0779,0.0779,0.0,0.0,0.0779,0.0779,0.0,0.0,0.0779,0.0779,0.0,0.0,0.0779,0.0,0.0779,0.0,0.0779,0.0,0.0779,0.0
420034782001,42003478200,Allegheny,1441.0,40.365519,-79.978062,1480.0,0.0,1480.0,0.0,0.0,0.0,0.0,0.0,0.0,1480.0,381.0,337.0,617.0,64.0,19.0,165.0,237.0,132.0,617.0,64.0,326.0,1408.75,293.29,656.12,0.0,1.0,1.0,0.0,0.0,1.0,1.0,0.0,0.0,1.0,1.0,0.0,0.0,0.9375,0.9375,0.0,0.0,0.9375,0.9375,0.0,0.0,145.3,165.8,119.3,122.3,92.2,114.0,1,1,1,1,1,1,1,1,1,1,0.5378,0.5378,0.0,0.0,0.5378,0.5378,0.0,0.0,0.5378,0.5378,0.0,0.0,0.4233,0.4233,0.0,0.0,0.4233,0.4233,0.0,0.0
420034782002,42003478200,Allegheny,2130.0,40.374751,-79.970323,1721.0,0.0,1641.0,54.0,0.0,12.0,0.0,0.0,14.0,1721.0,287.0,321.0,821.0,78.0,156.0,102.0,162.0,323.0,821.0,15.0,448.0,2082.33,433.52,969.84,0.0,0.6671,0.6671,0.0,0.0,0.6671,0.6671,0.0,0.0,0.6671,0.6671,0.0,0.0,0.5479,0.5479,0.0,0.0,0.5479,0.5479,0.0,0.0,68.0,96.6,53.8,73.7,39.1,63.5,0,0,0,0,0,0,0,0,0,0,0.138,0.138,0.0,0.0,0.138,0.138,0.0,0.0,0.138,0.138,0.0,0.0,0.138,0.138,0.0,0.0,0.138,0.138,0.0,0.0
420034782003,42003478200,Allegheny,2148.0,40.3825,-79.972848,2390.0,0.0,1399.0,566.0,0.0,0.0,0.0,0.0,425.0,2390.0,731.0,302.0,1166.0,479.0,223.0,104.0,174.0,186.0,1166.0,381.0,653.0,2099.92,437.19,978.04,0.0,0.7565,0.6024,0.1541,0.0,0.7565,0.6024,0.1541,0.0,0.6024,0.6024,0.0,0.0,0.6024,0.6024,0.0,0.0,0.6024,0.6024,0.0,0.0,153.6,169.9,78.0,125.1,50.2,86.2,1,1,1,1,1,1,1,1,1,1,0.4418,0.2537,0.1881,0.0,0.4418,0.2537,0.1881,0.0,0.2537,0.2537,0.0,0.0,0.2537,0.2537,0.0,0.0,0.2537,0.2537,0.0,0.0
420034790001,42003479000,Allegheny,877.0,40.382888,-80.013541,899.0,0.0,889.0,0.0,0.0,0.0,0.0,0.0,10.0,899.0,222.0,201.0,399.0,15.0,97.0,99.0,50.0,138.0,399.0,14.0,141.0,877.88,147.12,375.1,12.37,0.0764,0.0,0.0764,0.0,0.0764,0.0,0.0764,0.0,0.0764,0.0,0.0764,0.0,0.0764,0.0,0.0764,0.0,0.0,0.0,0.0,0.0,2.9,0.0,1.1,0.0,0.5,0.0,0,0,0,0,0,0,0,0,0,0,0.0,0.0,0.0,0.0,0.0,0.0,0.0,0.0,0.0,0.0,0.0,0.0,0.0,0.0,0.0,0.0,0.0,0.0,0.0,0.0
420034790002,42003479000,Allegheny,1108.0,40.377879,-80.017742,1088.0,0.0,1075.0,0.0,0.0,0.0,0.0,0.0,13.0,1088.0,227.0,203.0,450.0,23.0,90.0,22.0,57.0,258.0,450.0,0.0,183.0,1109.12,185.88,473.9,15.63,0.0,0.0,0.0,0.0,0.0,0.0,0.0,0.0,0.0,0.0,0.0,0.0,0.0,0.0,0.0,0.0,0.0,0.0,0.0,0.0,0.0,0.0,0.0,0.0,0.0,0.0,0,0,0,0,0,0,0,0,0,0,0.0,0.0,0.0,0.0,0.0,0.0,0.0,0.0,0.0,0.0,0.0,0.0,0.0,0.0,0.0,0.0,0.0,0.0,0.0,0.0
420034801011,42003480101,Allegheny,715.0,40.346695,-79.990308,1169.0,171.0,964.0,0.0,0.0,34.0,0.0,0.0,0.0,1169.0,415.0,156.0,389.0,0.0,0.0,60.0,92.0,237.0,389.0,0.0,89.0,682.93,98.72,287.2,12.33,0.9357,0.7035,0.2322,0.0,0.9357,0.7035,0.2322,0.0,0.7035,0.1063,0.5972,0.0,0.0,0.1063,0.0,0.1063,0.2364,0.1063,0.2364,0.1063,26.3,15.2,25.3,3.2,0.0,3.0,1,1,1,1,1,0,0,0,0,0,0.1063,0.1063,0.0,0.0,0.1063,0.1063,0.0,0.0,0.1063,0.0,0.1063,0.0,0.0,0.0,0.0,0.0,0.1063,0.0,0.1063,0.0
420034801012,42003480101,Allegheny,1121.0,40.338029,-79.987921,1049.0,0.0,972.0,15.0,0.0,62.0,0.0,0.0,0.0,1049.0,58.0,227.0,453.0,0.0,113.0,30.0,119.0,191.0,453.0,26.0,81.0,1070.72,154.78,450.28,19.32,0.8626,0.347,0.5156,0.0,0.8626,0.347,0.5156,0.0,0.347,0.2516,0.0955,0.0,0.0,0.2516,0.0,0.2516,0.0955,0.1864,0.0955,0.1864,16.4,17.4,12.5,7.5,0.0,7.0,1,0,1,0,0,0,0,0,0,0,0.1445,0.0651,0.0794,0.0,0.1445,0.0651,0.0794,0.0,0.0651,0.0651,0.0,0.0,0.0,0.0651,0.0,0.0651,0.0,0.0651,0.0,0.0651
420034801013,42003480101,Allegheny,1777.0,40.342579,-79.976592,1516.0,83.0,836.0,127.0,0.0,470.0,0.0,0.0,0.0,1516.0,315.0,291.0,593.0,216.0,100.0,63.0,0.0,214.0,593.0,85.0,190.0,1697.3,245.36,713.77,30.63,0.8109,0.8109,0.0,0.0,0.8109,0.8109,0.0,0.0,0.8109,0.8109,0.0,0.0,0.3478,0.3641,0.0,0.0163,0.3478,0.3478,0.0,0.0,74.9,81.7,67.6,49.9,32.7,46.0,1,1,1,1,1,1,0,0,0,0,0.054,0.054,0.0,0.0,0.054,0.054,0.0,0.0,0.054,0.054,0.0,0.0,0.054,0.054,0.0,0.0,0.054,0.054,0.0,0.0
420034801014,42003480101,Allegheny,2362.0,40.33918,-79.979573,1973.0,46.0,1326.0,84.0,0.0,456.0,0.0,51.0,10.0,1973.0,450.0,326.0,965.0,259.0,321.0,265.0,32.0,88.0,965.0,185.0,501.0,2256.06,326.13,948.75,40.72,0.8827,0.8827,0.0,0.0,0.8827,0.8827,0.0,0.0,0.8827,0.8827,0.0,0.0,0.0,0.3853,0.0,0.3853,0.0,0.0,0.0,0.0,30.0,56.5,31.8,26.5,0.0,24.7,1,1,1,1,1,1,0,1,0,0,0.5059,0.5059,0.0,0.0,0.5059,0.5059,0.0,0.0,0.5059,0.5059,0.0,0.0,0.0,0.2557,0.0,0.2557,0.0,0.0,0.0,0.0
420034801021,42003480102,Allegheny,1066.0,40.348829,-80.003789,940.0,53.0,675.0,5.0,0.0,186.0,0.0,0.0,21.0,940.0,210.0,204.0,361.0,16.0,29.0,85.0,44.0,187.0,361.0,11.0,131.0,1068.73,137.99,415.33,0.0,0.7186,0.0,0.7186,0.0,0.7186,0.0,0.7186,0.0,0.0,0.0,0.0,0.0,0.0,0.0,0.0,0.0,0.0,0.0,0.0,0.0,4.3,0.0,0.0,0.0,0.0,0.0,1,0,1,0,0,0,0,0,0,0,0.3218,0.0,0.3218,0.0,0.3218,0.0,0.3218,0.0,0.0,0.0,0.0,0.0,0.0,0.0,0.0,0.0,0.0,0.0,0.0,0.0
420034801022,42003480102,Allegheny,1215.0,40.343742,-80.000999,1054.0,0.0,990.0,1.0,0.0,25.0,0.0,0.0,38.0,1054.0,155.0,271.0,420.0,33.0,55.0,39.0,37.0,256.0,420.0,12.0,122.0,1218.11,157.28,473.39,0.0,0.9621,0.0,0.9621,0.0,0.9621,0.0,0.9621,0.0,0.0,0.0,0.0,0.0,0.0,0.0,0.0,0.0,0.0,0.0,0.0,0.0,5.8,0.0,0.0,0.0,0.0,0.0,1,0,1,0,0,0,0,0,0,0,0.3309,0.0,0.3309,0.0,0.3309,0.0,0.3309,0.0,0.0,0.0,0.0,0.0,0.0,0.0,0.0,0.0,0.0,0.0,0.0,0.0
420034801023,42003480102,Allegheny,840.0,40.34212,-79.994599,1135.0,0.0,795.0,111.0,0.0,0.0,0.0,159.0,70.0,1135.0,204.0,341.0,435.0,68.0,71.0,104.0,41.0,151.0,435.0,2.0,216.0,842.15,108.73,327.28,0.0,0.9869,0.0,0.9869,0.0,0.9869,0.0,0.9869,0.0,0.0,0.0,0.0,0.0,0.0,0.0,0.0,0.0,0.0,0.0,0.0,0.0,5.8,0.0,0.0,0.0,0.0,0.0,1,0,1,0,0,0,0,0,0,0,0.294,0.0,0.294,0.0,0.294,0.0,0.294,0.0,0.0,0.0,0.0,0.0,0.0,0.0,0.0,0.0,0.0,0.0,0.0,0.0
420034802001,42003480200,Allegheny,2253.0,40.359061,-79.961389,2360.0,36.0,1859.0,133.0,0.0,272.0,0.0,0.0,60.0,2360.0,320.0,601.0,845.0,27.0,101.0,174.0,139.0,404.0,845.0,8.0,230.0,2063.72,303.21,866.31,43.91,0.4962,0.4962,0.0,0.0,0.4962,0.4962,0.0,0.0,0.4962,0.4962,0.0,0.0,0.0,0.0,0.0,0.0,0.0,0.0,0.0,0.0,17.9,24.8,15.0,14.9,13.0,13.9,1,1,1,1,1,1,0,0,0,0,0.1167,0.1167,0.0,0.0,0.1167,0.1167,0.0,0.0,0.1167,0.1167,0.0,0.0,0.0,0.0,0.0,0.0,0.0,0.0,0.0,0.0
420034802002,42003480200,Allegheny,739.0,40.352917,-79.969321,578.0,0.0,486.0,45.0,7.0,0.0,0.0,0.0,40.0,578.0,147.0,136.0,246.0,36.0,79.0,14.0,20.0,97.0,246.0,28.0,87.0,676.91,99.45,284.16,14.4,0.1732,0.1732,0.0,0.0,0.1732,0.1732,0.0,0.0,0.1732,0.1732,0.0,0.0,0.1732,0.1732,0.0,0.0,0.1732,0.1732,0.0,0.0,16.2,12.3,14.1,9.5,10.9,8.8,0,0,0,0,0,0,0,0,0,0,0.0,0.0,0.0,0.0,0.0,0.0,0.0,0.0,0.0,0.0,0.0,0.0,0.0,0.0,0.0,0.0,0.0,0.0,0.0,0.0
420034802003,42003480200,Allegheny,805.0,40.346222,-79.966737,735.0,38.0,646.0,25.0,0.0,0.0,0.0,0.0,26.0,735.0,116.0,164.0,369.0,60.0,104.0,85.0,51.0,69.0,369.0,0.0,204.0,737.37,108.34,309.53,15.69,0.5826,0.5826,0.0,0.0,0.5826,0.5826,0.0,0.0,0.5826,0.5826,0.0,0.0,0.5826,0.5826,0.0,0.0,0.5826,0.5826,0.0,0.0,96.6,84.3,83.8,59.7,53.7,55.4,0,0,0,0,0,0,0,0,0,0,0.2484,0.2484,0.0,0.0,0.2484,0.2484,0.0,0.0,0.2484,0.2484,0.0,0.0,0.2484,0.2484,0.0,0.0,0.2484,0.2484,0.0,0.0
420034803001,42003480300,Allegheny,693.0,40.400702,-79.971903,562.0,8.0,504.0,1.0,0.0,49.0,0.0,0.0,0.0,562.0,89.0,144.0,249.0,13.0,66.0,15.0,37.0,118.0,249.0,0.0,140.0,689.36,73.46,301.14,2.11,0.4603,0.0,0.4603,0.0,0.4603,0.0,0.4603,0.0,0.0,0.0,0.0,0.0,0.0,0.0,0.0,0.0,0.0,0.0,0.0,0.0,19.7,0.0,0.0,0.0,0.0,0.0,1,0,1,0,0,0,0,0,0,0,0.29,0.0,0.29,0.0,0.29,0.0,0.29,0.0,0.0,0.0,0.0,0.0,0.0,0.0,0.0,0.0,0.0,0.0,0.0,0.0
420034803002,42003480300,Allegheny,1537.0,40.393196,-79.963524,1553.0,15.0,1145.0,58.0,0.0,189.0,0.0,0.0,146.0,1553.0,249.0,405.0,666.0,38.0,119.0,98.0,97.0,314.0,666.0,16.0,233.0,1528.92,162.93,667.89,4.68,0.6571,0.0,0.6571,0.0,0.6571,0.0,0.6571,0.0,0.0,0.0,0.0,0.0,0.0,0.0,0.0,0.0,0.0,0.0,0.0,0.0,27.6,0.0,0.0,0.0,0.0,0.0,1,0,1,0,0,0,0,0,0,0,0.1789,0.0,0.1789,0.0,0.1789,0.0,0.1789,0.0,0.0,0.0,0.0,0.0,0.0,0.0,0.0,0.0,0.0,0.0,0.0,0.0
420034803003,42003480300,Allegheny,1383.0,40.391078,-79.972128,1483.0,27.0,1384.0,33.0,0.0,21.0,0.0,0.0,18.0,1483.0,285.0,443.0,655.0,83.0,187.0,107.0,56.0,222.0,655.0,20.0,267.0,1375.73,146.61,600.97,4.21,0.8865,0.0636,0.8228,0.0,0.8865,0.0636,0.8228,0.0,0.0636,0.0636,0.0,0.0,0.0636,0.0636,0.0,0.0,0.0636,0.0636,0.0,0.0,46.8,10.8,5.6,7.9,3.6,5.1,1,0,1,0,0,0,0,0,0,0,0.4353,0.0,0.4353,0.0,0.4353,0.0,0.4353,0.0,0.0,0.0,0.0,0.0,0.0,0.0,0.0,0.0,0.0,0.0,0.0,0.0
420034804001,42003480400,Allegheny,1274.0,40.387025,-79.95045,1328.0,0.0,1225.0,60.0,0.0,0.0,0.0,0.0,43.0,1328.0,262.0,257.0,681.0,129.0,183.0,65.0,67.0,237.0,681.0,66.0,241.0,1250.83,166.25,562.4,0.0,0.7959,0.0,0.7959,0.0,0.7959,0.0,0.7959,0.0,0.0,0.0,0.0,0.0,0.0,0.0,0.0,0.0,0.0,0.0,0.0,0.0,33.4,0.0,0.0,0.0,0.0,0.0,1,0,1,0,0,0,0,0,0,0,0.3932,0.0,0.3932,0.0,0.3932,0.0,0.3932,0.0,0.0,0.0,0.0,0.0,0.0,0.0,0.0,0.0,0.0,0.0,0.0,0.0
420034804002,42003480400,Allegheny,1044.0,40.380963,-79.947758,957.0,0.0,789.0,0.0,0.0,0.0,0.0,65.0,103.0,957.0,52.0,334.0,419.0,42.0,0.0,57.0,94.0,226.0,419.0,0.0,147.0,1025.01,136.24,460.87,0.0,0.205,0.0,0.205,0.0,0.205,0.0,0.205,0.0,0.0,0.0,0.0,0.0,0.0,0.0,0.0,0.0,0.0,0.0,0.0,0.0,8.6,0.0,0.0,0.0,0.0,0.0,0,0,0,0,0,0,0,0,0,0,0.0632,0.0,0.0632,0.0,0.0632,0.0,0.0632,0.0,0.0,0.0,0.0,0.0,0.0,0.0,0.0,0.0,0.0,0.0,0.0,0.0
420034804003,42003480400,Allegheny,1574.0,40.382363,-79.962911,1779.0,0.0,1504.0,0.0,0.0,9.0,0.0,251.0,15.0,1779.0,413.0,228.0,775.0,52.0,38.0,100.0,163.0,422.0,775.0,17.0,227.0,1545.38,205.4,694.84,0.0,0.723,0.0,0.723,0.0,0.723,0.0,0.723,0.0,0.0,0.0,0.0,0.0,0.0,0.0,0.0,0.0,0.0,0.0,0.0,0.0,30.6,0.0,0.0,0.0,0.0,0.0,1,0,1,0,0,0,0,0,0,0,0.0216,0.0,0.0216,0.0,0.0216,0.0,0.0216,0.0,0.0,0.0,0.0,0.0,0.0,0.0,0.0,0.0,0.0,0.0,0.0,0.0
420034804004,42003480400,Allegheny,1112.0,40.373267,-79.953731,886.0,0.0,848.0,12.0,0.0,0.0,0.0,0.0,26.0,886.0,145.0,231.0,334.0,0.0,16.0,131.0,19.0,168.0,334.0,20.0,80.0,1091.78,145.11,490.89,0.0,0.0,0.0,0.0,0.0,0.0,0.0,0.0,0.0,0.0,0.0,0.0,0.0,0.0,0.0,0.0,0.0,0.0,0.0,0.0,0.0,0.0,0.0,0.0,0.0,0.0,0.0,0,0,0,0,0,0,0,0,0,0,0.0,0.0,0.0,0.0,0.0,0.0,0.0,0.0,0.0,0.0,0.0,0.0,0.0,0.0,0.0,0.0,0.0,0.0,0.0,0.0
420034810001,42003481000,Allegheny,853.0,40.416114,-79.985409,662.0,100.0,180.0,268.0,0.0,23.0,0.0,91.0,0.0,662.0,183.0,82.0,256.0,77.0,67.0,21.0,46.0,45.0,256.0,96.0,140.0,834.15,150.29,301.34,8.55,1.0,1.0,0.0,0.0,1.0,1.0,0.0,0.0,1.0,1.0,0.0,0.0,1.0,1.0,0.0,0.0,1.0,1.0,0.0,0.0,443.1,405.0,320.6,290.3,202.5,211.6,1,1,1,1,1,1,1,1,1,1,0.9766,0.9766,0.0,0.0,0.9766,0.9766,0.0,0.0,0.9766,0.9766,0.0,0.0,0.8054,0.9766,0.0,0.1712,0.8054,0.8054,0.0,0.0
420034810002,42003481000,Allegheny,826.0,40.412262,-79.984101,704.0,0.0,122.0,540.0,0.0,0.0,0.0,0.0,42.0,704.0,215.0,9.0,239.0,56.0,6.0,31.0,70.0,76.0,239.0,85.0,62.0,807.75,145.54,291.8,8.27,0.9298,0.9298,0.0,0.0,0.9298,0.9298,0.0,0.0,0.9298,0.9298,0.0,0.0,0.6199,0.9298,0.0,0.3099,0.8874,0.8874,0.0,0.0,224.9,220.0,159.6,147.4,101.6,104.7,1,1,1,1,1,1,0,1,1,1,0.6114,0.6114,0.0,0.0,0.6114,0.6114,0.0,0.0,0.6114,0.6114,0.0,0.0,0.0702,0.6114,0.0,0.5412,0.6114,0.1525,0.4588,0.0
420034810003,42003481000,Allegheny,1046.0,40.409992,-79.988462,1583.0,11.0,1046.0,375.0,0.0,0.0,0.0,0.0,151.0,1583.0,671.0,84.0,455.0,73.0,99.0,147.0,95.0,41.0,455.0,234.0,104.0,1022.89,184.3,369.52,10.48,1.0,1.0,0.0,0.0,1.0,1.0,0.0,0.0,1.0,1.0,0.0,0.0,0.9799,1.0,0.0,0.0201,1.0,1.0,0.0,0.0,298.4,286.4,190.9,201.1,122.0,135.5,1,1,1,1,1,1,1,1,1,1,0.4034,0.4034,0.0,0.0,0.4034,0.4034,0.0,0.0,0.4034,0.4034,0.0,0.0,0.4034,0.4034,0.0,0.0,0.4034,0.4034,0.0,0.0
420034810004,42003481000,Allegheny,669.0,40.408017,-79.9862,370.0,16.0,248.0,106.0,0.0,0.0,0.0,0.0,0.0,370.0,8.0,103.0,249.0,43.0,105.0,62.0,5.0,34.0,249.0,5.0,189.0,654.22,117.87,236.34,6.7,0.5904,0.5904,0.0,0.0,0.5904,0.5904,0.0,0.0,0.5904,0.5904,0.0,0.0,0.5904,0.5904,0.0,0.0,0.5904,0.5904,0.0,0.0,164.9,152.6,100.0,111.0,64.5,72.2,0,0,0,0,0,0,0,0,0,0,0.0194,0.0194,0.0,0.0,0.0194,0.0194,0.0,0.0,0.0194,0.0194,0.0,0.0,0.0194,0.0194,0.0,0.0,0.0194,0.0194,0.0,0.0
420034825001,42003482500,Allegheny,1872.0,40.39548,-79.913412,1905.0,183.0,1368.0,217.0,0.0,0.0,0.0,0.0,137.0,1905.0,318.0,398.0,838.0,118.0,162.0,130.0,88.0,340.0,838.0,71.0,344.0,1905.0,347.0,838.0,0.0,0.1405,0.1405,0.0,0.0,0.1405,0.1405,0.0,0.0,0.1405,0.1405,0.0,0.0,0.1325,0.1405,0.0,0.008,0.1325,0.1325,0.0,0.0,32.5,24.4,25.6,20.1,18.1,13.9,0,0,0,0,0,0,0,0,0,0,0.0,0.0,0.0,0.0,0.0,0.0,0.0,0.0,0.0,0.0,0.0,0.0,0.0,0.0,0.0,0.0,0.0,0.0,0.0,0.0
420034838001,42003483800,Allegheny,649.0,40.400854,-79.910224,733.0,0.0,168.0,530.0,0.0,0.0,0.0,0.0,35.0,733.0,225.0,109.0,290.0,109.0,110.0,9.0,9.0,53.0,290.0,71.0,140.0,646.75,177.1,318.65,8.78,0.8659,0.8659,0.0,0.0,0.8659,0.8659,0.0,0.0,0.8659,0.8659,0.0,0.0,0.0,0.8659,0.0,0.8659,0.0,0.0139,0.0,0.0139,33.2,30.8,24.2,26.7,13.9,24.7,1,1,1,1,1,1,0,1,0,0,0.2311,0.2311,0.0,0.0,0.2311,0.2311,0.0,0.0,0.2311,0.2311,0.0,0.0,0.0,0.1926,0.0,0.1926,0.0,0.0,0.0,0.0
420034838002,42003483800,Allegheny,1353.0,40.406781,-79.908749,1475.0,55.0,431.0,736.0,0.0,18.0,0.0,0.0,235.0,1475.0,277.0,413.0,755.0,246.0,182.0,154.0,33.0,140.0,755.0,232.0,401.0,1348.31,369.21,664.3,18.3,1.0,1.0,0.0,0.0,1.0,1.0,0.0,0.0,1.0,1.0,0.0,0.0,0.9069,1.0,0.0,0.0931,0.9069,1.0,0.0,0.0931,303.1,335.5,241.7,287.7,170.1,209.3,1,1,1,1,1,1,1,1,1,1,0.7384,0.7635,0.0,0.0251,0.7384,0.7635,0.0,0.0251,0.7236,0.7635,0.0,0.0399,0.4501,0.7517,0.0,0.3016,0.4501,0.609,0.0,0.1589
420034838003,42003483800,Allegheny,882.0,40.402422,-79.903913,666.0,0.0,314.0,304.0,0.0,0.0,0.0,0.0,48.0,666.0,56.0,197.0,371.0,77.0,114.0,136.0,32.0,12.0,371.0,33.0,294.0,878.94,240.68,433.05,11.93,0.8628,0.8628,0.0,0.0,0.8628,0.8628,0.0,0.0,0.8628,0.8628,0.0,0.0,0.0,0.8628,0.0,0.8628,0.0,0.195,0.0,0.195,32.5,42.8,23.6,35.5,13.6,30.3,1,1,1,1,1,1,0,1,0,0,0.3243,0.3243,0.0,0.0,0.3243,0.3243,0.0,0.0,0.3243,0.3243,0.0,0.0,0.0,0.2846,0.0,0.2846,0.0,0.0,0.0,0.0
420034843001,42003484300,Allegheny,1001.0,40.405154,-79.898974,552.0,0.0,345.0,187.0,0.0,0.0,0.0,0.0,20.0,552.0,130.0,103.0,247.0,51.0,31.0,31.0,115.0,19.0,247.0,7.0,145.0,1023.12,155.18,460.1,0.0,0.3107,0.3107,0.0,0.0,0.3107,0.3107,0.0,0.0,0.2787,0.2787,0.0,0.0,0.1748,0.2787,0.0,0.1039,0.1748,0.1748,0.0,0.0,37.6,45.5,26.5,38.1,17.5,28.0,0,0,0,0,0,0,0,0,0,0,0.024,0.024,0.0,0.0,0.024,0.024,0.0,0.0,0.024,0.024,0.0,0.0,0.024,0.024,0.0,0.0,0.024,0.024,0.0,0.0
420034843002,42003484300,Allegheny,1086.0,40.40309,-79.891582,1401.0,6.0,1059.0,211.0,0.0,0.0,0.0,0.0,125.0,1401.0,444.0,160.0,588.0,103.0,70.0,116.0,0.0,299.0,588.0,24.0,261.0,1110.0,168.36,499.17,0.0,0.7808,0.7808,0.0,0.0,0.7808,0.7808,0.0,0.0,0.7808,0.7808,0.0,0.0,0.7808,0.7808,0.0,0.0,0.4355,0.7808,0.0,0.3453,100.0,117.7,66.5,97.3,46.4,67.5,1,1,1,1,1,1,1,1,0,1,0.0856,0.0856,0.0,0.0,0.0856,0.0856,0.0,0.0,0.0856,0.0856,0.0,0.0,0.0856,0.0856,0.0,0.0,0.0,0.0856,0.0,0.0856
420034843003,42003484300,Allegheny,1035.0,40.406174,-79.902407,1238.0,0.0,591.0,640.0,0.0,0.0,0.0,0.0,7.0,1238.0,321.0,154.0,600.0,288.0,44.0,62.0,153.0,53.0,600.0,288.0,212.0,1057.87,160.45,475.73,0.0,0.6126,0.6126,0.0,0.0,0.6126,0.6126,0.0,0.0,0.6126,0.6126,0.0,0.0,0.5478,0.6126,0.0,0.0647,0.5478,0.5478,0.0,0.0,121.4,140.1,86.3,120.3,57.7,86.5,1,1,1,1,1,1,1,1,1,1,0.287,0.287,0.0,0.0,0.287,0.287,0.0,0.0,0.287,0.287,0.0,0.0,0.287,0.287,0.0,0.0,0.287,0.287,0.0,0.0
420034845001,42003484500,Allegheny,1744.0,40.378702,-79.901257,1836.0,0.0,1708.0,41.0,0.0,33.0,0.0,0.0,54.0,1836.0,325.0,550.0,800.0,70.0,156.0,180.0,121.0,273.0,800.0,164.0,116.0,1695.23,303.51,847.46,0.0,0.4822,0.4822,0.0,0.0,0.4822,0.4822,0.0,0.0,0.4822,0.4822,0.0,0.0,0.0,0.4822,0.0,0.4822,0.0,0.0,0.0,0.0,18.3,16.4,13.5,14.5,7.7,13.5,0,0,0,0,0,0,0,0,0,0,0.18,0.18,0.0,0.0,0.18,0.18,0.0,0.0,0.18,0.18,0.0,0.0,0.0,0.18,0.0,0.18,0.0,0.0,0.0,0.0
420034845002,42003484500,Allegheny,946.0,40.382114,-79.900975,1101.0,0.0,1096.0,0.0,0.0,0.0,0.0,0.0,5.0,1101.0,53.0,235.0,588.0,86.0,348.0,37.0,63.0,54.0,588.0,61.0,206.0,919.54,164.63,459.69,0.0,0.4873,0.4873,0.0,0.0,0.4873,0.4873,0.0,0.0,0.4873,0.4873,0.0,0.0,0.0,0.4873,0.0,0.4873,0.0,0.0,0.0,0.0,18.7,16.6,13.6,14.6,7.8,13.6,1,1,1,1,1,1,0,1,0,0,0.2505,0.2505,0.0,0.0,0.2505,0.2505,0.0,0.0,0.2505,0.2505,0.0,0.0,0.0,0.2505,0.0,0.2505,0.0,0.0,0.0,0.0
420034845003,42003484500,Allegheny,1101.0,40.385484,-79.903369,711.0,29.0,669.0,13.0,0.0,0.0,0.0,0.0,0.0,711.0,145.0,125.0,385.0,67.0,64.0,101.0,64.0,89.0,385.0,17.0,231.0,1070.21,191.61,535.01,0.0,1.0,1.0,0.0,0.0,1.0,1.0,0.0,0.0,1.0,1.0,0.0,0.0,0.0,1.0,0.0,1.0,0.0,0.0,0.0,0.0,39.2,34.0,28.1,30.0,16.0,28.0,1,1,1,1,1,1,0,1,0,0,0.4632,0.4632,0.0,0.0,0.4632,0.4632,0.0,0.0,0.4632,0.4632,0.0,0.0,0.0,0.4632,0.0,0.4632,0.0,0.0,0.0,0.0
420034845004,42003484500,Allegheny,1823.0,40.385158,-79.911387,1809.0,0.0,1715.0,39.0,0.0,0.0,0.0,0.0,55.0,1809.0,210.0,397.0,955.0,79.0,282.0,234.0,100.0,260.0,955.0,37.0,541.0,1772.02,317.26,885.85,0.0,0.2403,0.2403,0.0,0.0,0.2403,0.2403,0.0,0.0,0.2403,0.2403,0.0,0.0,0.0,0.2403,0.0,0.2403,0.0,0.0,0.0,0.0,9.2,8.2,6.7,7.2,3.8,6.7,0,0,0,0,0,0,0,0,0,0,0.0368,0.0368,0.0,0.0,0.0368,0.0368,0.0,0.0,0.0368,0.0368,0.0,0.0,0.0,0.0126,0.0,0.0126,0.0,0.0,0.0,0.0
420034846001,42003484600,Allegheny,904.0,40.391325,-79.898234,823.0,6.0,750.0,34.0,0.0,0.0,0.0,0.0,33.0,823.0,116.0,341.0,502.0,193.0,127.0,71.0,40.0,71.0,502.0,154.0,203.0,825.04,193.4,439.58,2.66,1.0,1.0,0.0,0.0,1.0,1.0,0.0,0.0,1.0,1.0,0.0,0.0,0.0,1.0,0.0,1.0,0.0,0.0,0.0,0.0,38.2,34.0,28.3,30.0,16.0,28.0,1,1,1,1,1,1,0,1,0,0,0.4181,0.4181,0.0,0.0,0.4181,0.4181,0.0,0.0,0.4181,0.4181,0.0,0.0,0.0,0.4181,0.0,0.4181,0.0,0.0,0.0,0.0
420034846002,42003484600,Allegheny,1134.0,40.393988,-79.903341,1077.0,19.0,779.0,250.0,0.0,0.0,0.0,0.0,29.0,1077.0,171.0,165.0,489.0,117.0,157.0,31.0,43.0,141.0,489.0,56.0,298.0,1034.96,242.6,551.42,3.34,0.9427,0.9427,0.0,0.0,0.9427,0.9427,0.0,0.0,0.9427,0.9427,0.0,0.0,0.0,0.9427,0.0,0.9427,0.0,0.0,0.0,0.0,36.1,32.2,26.7,28.3,15.5,26.4,1,1,1,1,1,1,0,1,0,0,0.4868,0.4868,0.0,0.0,0.4868,0.4868,0.0,0.0,0.4868,0.4868,0.0,0.0,0.0,0.4868,0.0,0.4868,0.0,0.0,0.0,0.0
420034850001,42003485000,Allegheny,1179.0,40.399038,-79.888739,1140.0,106.0,746.0,225.0,4.0,0.0,0.0,0.0,59.0,1140.0,178.0,201.0,549.0,106.0,93.0,178.0,76.0,96.0,549.0,77.0,288.0,1140.0,190.0,549.0,4.0,1.0,1.0,0.0,0.0,1.0,1.0,0.0,0.0,0.7209,0.7209,0.0,0.0,0.7209,0.7209,0.0,0.0,0.0729,0.7209,0.0,0.648,63.9,72.2,33.1,44.8,25.5,29.1,1,1,1,1,1,1,1,1,0,1,0.6047,0.626,0.0,0.0212,0.6047,0.626,0.0,0.0212,0.2969,0.2969,0.0,0.0,0.2969,0.2969,0.0,0.0,0.0,0.2969,0.0,0.2969
420034867001,42003486700,Allegheny,1512.0,40.38006,-79.860016,974.0,0.0,535.0,396.0,0.0,0.0,0.0,0.0,43.0,974.0,112.0,310.0,617.0,117.0,193.0,108.0,154.0,45.0,617.0,295.0,174.0,1467.57,361.59,669.87,11.62,1.0,1.0,0.0,0.0,1.0,1.0,0.0,0.0,1.0,0.504,0.496,0.0,1.0,0.504,0.496,0.0,0.4716,0.4927,0.0112,0.0324,121.5,105.8,82.6,78.8,56.9,52.2,1,1,1,1,1,1,1,1,1,1,0.578,0.578,0.0,0.0,0.578,0.578,0.0,0.0,0.578,0.207,0.371,0.0,0.578,0.207,0.371,0.0,0.1925,0.1726,0.0344,0.0146
420034867002,42003486700,Allegheny,700.0,40.374012,-79.850798,1173.0,2.0,384.0,568.0,0.0,0.0,0.0,0.0,219.0,1173.0,476.0,40.0,363.0,150.0,98.0,99.0,16.0,0.0,363.0,252.0,9.0,679.43,167.41,310.13,5.38,0.9643,0.9643,0.0,0.0,0.9643,0.9643,0.0,0.0,0.8814,0.9643,0.0,0.0829,0.8814,0.9643,0.0,0.0829,0.6871,0.9643,0.0,0.2771,153.7,165.7,97.3,129.4,65.9,85.9,1,1,1,1,1,1,1,1,1,1,0.7729,0.7729,0.0,0.0,0.7729,0.7729,0.0,0.0,0.5986,0.7729,0.0,0.1743,0.5986,0.7729,0.0,0.1743,0.49,0.7357,0.0,0.2457
420034868001,42003486800,Allegheny,675.0,40.3703,-79.84845,609.0,150.0,121.0,287.0,0.0,0.0,0.0,16.0,35.0,609.0,106.0,173.0,280.0,74.0,101.0,30.0,0.0,75.0,280.0,73.0,133.0,657.44,216.83,233.58,12.25,1.0,1.0,0.0,0.0,1.0,1.0,0.0,0.0,1.0,1.0,0.0,0.0,1.0,1.0,0.0,0.0,0.803,1.0,0.0,0.197,179.9,186.4,116.3,147.2,78.7,98.3,1,1,1,1,1,1,1,1,1,1,0.923,0.9126,0.0104,0.0,0.923,0.9126,0.0104,0.0,0.923,0.8963,0.0267,0.0,0.923,0.8963,0.0267,0.0,0.1659,0.837,0.0311,0.7022
420034868002,42003486800,Allegheny,978.0,40.368768,-79.854836,1001.0,0.0,507.0,272.0,0.0,0.0,0.0,0.0,222.0,1001.0,231.0,65.0,292.0,37.0,103.0,44.0,93.0,15.0,292.0,101.0,132.0,952.56,314.17,338.42,17.75,1.0,1.0,0.0,0.0,1.0,1.0,0.0,0.0,1.0,1.0,0.0,0.0,1.0,1.0,0.0,0.0,0.0,1.0,0.0,1.0,67.9,75.0,37.1,50.9,28.0,33.2,1,1,1,1,1,1,1,1,0,1,0.7147,0.7147,0.0,0.0,0.7147,0.7147,0.0,0.0,0.7147,0.7147,0.0,0.0,0.7147,0.7147,0.0,0.0,0.0,0.7147,0.0,0.7147
420034869001,42003486900,Allegheny,708.0,40.363896,-79.852494,710.0,0.0,376.0,292.0,0.0,0.0,0.0,0.0,42.0,710.0,79.0,144.0,375.0,68.0,65.0,59.0,52.0,131.0,375.0,144.0,150.0,709.53,171.27,341.0,0.0,1.0,1.0,0.0,0.0,1.0,1.0,0.0,0.0,1.0,1.0,0.0,0.0,1.0,1.0,0.0,0.0,0.0,1.0,0.0,1.0,57.9,66.9,37.0,50.5,28.0,32.7,1,1,1,1,1,1,1,1,0,1,0.5311,0.5311,0.0,0.0,0.5311,0.5311,0.0,0.0,0.5311,0.5311,0.0,0.0,0.5311,0.5311,0.0,0.0,0.0,0.5184,0.0,0.5184
420034869002,42003486900,Allegheny,681.0,40.364486,-79.847478,682.0,0.0,102.0,512.0,0.0,0.0,0.0,0.0,68.0,682.0,142.0,143.0,294.0,65.0,157.0,56.0,3.0,13.0,294.0,46.0,193.0,682.47,164.73,328.0,0.0,1.0,1.0,0.0,0.0,1.0,1.0,0.0,0.0,1.0,1.0,0.0,0.0,1.0,1.0,0.0,0.0,0.4875,1.0,0.0,0.5125,119.8,132.5,81.0,104.4,56.3,68.9,1,1,1,1,1,1,1,1,1,1,0.605,0.605,0.0,0.0,0.605,0.605,0.0,0.0,0.605,0.605,0.0,0.0,0.605,0.605,0.0,0.0,0.025,0.5947,0.0103,0.58
420034870001,42003487000,Allegheny,633.0,40.354575,-79.888348,730.0,6.0,720.0,4.0,0.0,0.0,0.0,0.0,0.0,730.0,66.0,204.0,328.0,20.0,63.0,80.0,69.0,96.0,328.0,10.0,101.0,645.17,115.45,342.02,1.96,0.0,0.0,0.0,0.0,0.0,0.0,0.0,0.0,0.0,0.0,0.0,0.0,0.0,0.0,0.0,0.0,0.0,0.0,0.0,0.0,0.0,0.0,0.0,0.0,0.0,0.0,0,0,0,0,0,0,0,0,0,0,0.0,0.0,0.0,0.0,0.0,0.0,0.0,0.0,0.0,0.0,0.0,0.0,0.0,0.0,0.0,0.0,0.0,0.0,0.0,0.0
420034870002,42003487000,Allegheny,979.0,40.348811,-79.891645,913.0,5.0,803.0,98.0,2.0,0.0,0.0,3.0,2.0,913.0,90.0,212.0,543.0,146.0,177.0,58.0,48.0,114.0,543.0,106.0,350.0,997.83,178.55,528.98,3.04,0.9571,0.9571,0.0,0.0,0.9571,0.9571,0.0,0.0,0.9571,0.9571,0.0,0.0,0.9571,0.9571,0.0,0.0,0.9571,0.9479,0.0092,0.0,89.8,105.8,59.3,74.0,50.8,52.9,1,1,1,1,1,1,1,1,1,1,0.3299,0.3299,0.0,0.0,0.3299,0.3299,0.0,0.0,0.3299,0.3299,0.0,0.0,0.3299,0.3299,0.0,0.0,0.3299,0.2533,0.0766,0.0
420034881001,42003488100,Allegheny,1013.0,40.388039,-79.889773,989.0,0.0,842.0,110.0,0.0,0.0,0.0,0.0,37.0,989.0,156.0,180.0,500.0,101.0,94.0,110.0,26.0,169.0,500.0,33.0,300.0,1007.34,146.6,448.28,0.0,0.462,0.462,0.0,0.0,0.462,0.462,0.0,0.0,0.0,0.0,0.0,0.0,0.0,0.0,0.0,0.0,0.0,0.0,0.0,0.0,6.9,6.6,0.0,0.0,0.0,0.0,0,0,0,0,0,0,0,0,0,0,0.0276,0.0276,0.0,0.0,0.0276,0.0276,0.0,0.0,0.0,0.0,0.0,0.0,0.0,0.0,0.0,0.0,0.0,0.0,0.0,0.0
420034881002,42003488100,Allegheny,1136.0,40.385251,-79.883675,1148.0,0.0,1139.0,0.0,0.0,0.0,0.0,0.0,9.0,1148.0,227.0,231.0,451.0,58.0,56.0,106.0,51.0,180.0,451.0,35.0,119.0,1129.66,164.4,502.72,0.0,0.6215,0.6215,0.0,0.0,0.6215,0.6215,0.0,0.0,0.1796,0.1796,0.0,0.0,0.1796,0.1796,0.0,0.0,0.0,0.1479,0.0,0.1479,17.8,19.5,5.9,8.2,4.6,5.2,1,1,1,1,0,0,0,0,0,0,0.2614,0.2614,0.0,0.0,0.2614,0.2614,0.0,0.0,0.0449,0.0449,0.0,0.0,0.0449,0.0449,0.0,0.0,0.0,0.0449,0.0,0.0449
420034882001,42003488200,Allegheny,1812.0,40.395471,-79.876588,2128.0,274.0,1261.0,352.0,0.0,0.0,0.0,0.0,241.0,2128.0,848.0,217.0,635.0,154.0,162.0,80.0,75.0,164.0,635.0,105.0,201.0,1857.81,195.37,698.26,16.85,0.894,1.0,0.0,0.106,0.894,1.0,0.0,0.106,0.894,1.0,0.0,0.106,0.894,1.0,0.0,0.106,0.5535,1.0,0.0,0.4465,121.5,149.4,81.1,122.2,56.0,81.7,1,1,1,1,1,1,1,1,0,1,0.1998,0.1998,0.0,0.0,0.1998,0.1998,0.0,0.0,0.1998,0.1998,0.0,0.0,0.1998,0.1998,0.0,0.0,0.0425,0.1871,0.0,0.1446
420034882002,42003488200,Allegheny,626.0,40.385976,-79.874986,502.0,0.0,462.0,26.0,0.0,0.0,0.0,0.0,14.0,502.0,23.0,153.0,241.0,11.0,42.0,55.0,54.0,79.0,241.0,11.0,70.0,641.83,67.49,241.23,5.82,1.0,1.0,0.0,0.0,1.0,1.0,0.0,0.0,1.0,1.0,0.0,0.0,1.0,1.0,0.0,0.0,0.2157,1.0,0.0,0.7843,94.2,105.0,57.1,76.2,41.4,49.7,1,1,1,1,1,1,1,1,0,1,0.2077,0.2077,0.0,0.0,0.2077,0.2077,0.0,0.0,0.1358,0.1358,0.0,0.0,0.1358,0.1358,0.0,0.0,0.0,0.1358,0.0,0.1358
420034882003,42003488200,Allegheny,1003.0,40.392671,-79.882459,960.0,19.0,860.0,81.0,0.0,0.0,0.0,0.0,0.0,960.0,46.0,227.0,450.0,52.0,177.0,45.0,80.0,96.0,450.0,40.0,155.0,1028.36,108.14,386.51,9.33,1.0,1.0,0.0,0.0,1.0,1.0,0.0,0.0,0.8584,0.8584,0.0,0.0,0.8584,0.8584,0.0,0.0,0.0,0.8584,0.0,0.8584,59.2,70.2,30.9,42.9,24.7,27.5,1,1,1,1,1,1,1,1,0,1,0.5553,0.5553,0.0,0.0,0.5553,0.5553,0.0,0.0,0.3151,0.3151,0.0,0.0,0.3151,0.3151,0.0,0.0,0.0,0.3151,0.0,0.3151
420034883001,42003488300,Allegheny,1060.0,40.372101,-79.901135,1102.0,38.0,1026.0,29.0,0.0,3.0,0.0,0.0,6.0,1102.0,126.0,276.0,461.0,13.0,79.0,79.0,83.0,207.0,461.0,20.0,131.0,1016.19,163.65,445.54,0.0,0.166,0.166,0.0,0.0,0.166,0.166,0.0,0.0,0.166,0.166,0.0,0.0,0.0,0.166,0.0,0.166,0.0,0.0,0.0,0.0,6.3,5.6,4.6,5.0,2.7,4.6,0,0,0,0,0,0,0,0,0,0,0.0736,0.0736,0.0,0.0,0.0736,0.0736,0.0,0.0,0.0736,0.0736,0.0,0.0,0.0,0.0736,0.0,0.0736,0.0,0.0,0.0,0.0
420034883002,42003488300,Allegheny,948.0,40.370671,-79.884516,823.0,36.0,765.0,0.0,0.0,1.0,0.0,0.0,21.0,823.0,133.0,252.0,383.0,68.0,80.0,63.0,52.0,120.0,383.0,19.0,151.0,908.81,146.35,398.46,0.0,0.2321,0.0728,0.1593,0.0,0.2321,0.0728,0.1593,0.0,0.0728,0.0728,0.0,0.0,0.0728,0.0728,0.0,0.0,0.0728,0.0728,0.0,0.0,9.1,6.4,4.5,4.7,3.5,4.1,0,0,0,0,0,0,0,0,0,0,0.0,0.0,0.0,0.0,0.0,0.0,0.0,0.0,0.0,0.0,0.0,0.0,0.0,0.0,0.0,0.0,0.0,0.0,0.0,0.0
420034884001,42003488400,Allegheny,1055.0,40.368947,-79.86614,1164.0,0.0,957.0,0.0,0.0,0.0,0.0,0.0,207.0,1164.0,381.0,243.0,469.0,71.0,102.0,113.0,76.0,107.0,469.0,69.0,138.0,989.64,153.18,464.98,7.72,0.4673,0.0588,0.4085,0.0,0.4673,0.0588,0.4085,0.0,0.0588,0.0588,0.0,0.0,0.0588,0.0588,0.0,0.0,0.0,0.0588,0.0,0.0588,10.1,3.9,2.1,2.9,1.6,1.9,0,0,0,0,0,0,0,0,0,0,0.0569,0.0,0.0569,0.0,0.0569,0.0,0.0569,0.0,0.0,0.0,0.0,0.0,0.0,0.0,0.0,0.0,0.0,0.0,0.0,0.0
420034884002,42003488400,Allegheny,963.0,40.364646,-79.861537,1038.0,0.0,1037.0,1.0,0.0,0.0,0.0,0.0,0.0,1038.0,193.0,243.0,425.0,49.0,32.0,108.0,40.0,196.0,425.0,19.0,254.0,903.34,139.82,424.43,7.04,1.0,0.7892,0.2108,0.0,1.0,0.7892,0.2108,0.0,0.7892,0.7892,0.0,0.0,0.7892,0.7892,0.0,0.0,0.0,0.7892,0.0,0.7892,56.7,52.4,28.6,40.6,22.1,27.2,1,1,1,1,1,1,1,1,0,1,0.6064,0.4663,0.1402,0.0,0.6064,0.4663,0.1402,0.0,0.4663,0.4663,0.0,0.0,0.4663,0.4663,0.0,0.0,0.0,0.4663,0.0,0.4663
420034884003,42003488400,Allegheny,895.0,40.360871,-79.859307,619.0,0.0,534.0,69.0,0.0,16.0,0.0,0.0,0.0,619.0,0.0,138.0,360.0,186.0,77.0,0.0,33.0,64.0,360.0,125.0,100.0,839.56,129.95,394.46,6.55,1.0,1.0,0.0,0.0,1.0,1.0,0.0,0.0,1.0,1.0,0.0,0.0,1.0,1.0,0.0,0.0,0.0,1.0,0.0,1.0,67.0,66.8,36.3,50.0,28.0,32.9,1,1,1,1,1,1,1,1,0,1,0.3788,0.2916,0.0872,0.0,0.3788,0.2916,0.0872,0.0,0.2916,0.2916,0.0,0.0,0.2916,0.2916,0.0,0.0,0.0,0.2916,0.0,0.2916
420034884004,42003488400,Allegheny,1736.0,40.361033,-79.871199,1540.0,164.0,1308.0,53.0,0.0,15.0,0.0,0.0,0.0,1540.0,256.0,348.0,795.0,158.0,141.0,179.0,66.0,251.0,795.0,135.0,283.0,1628.46,252.05,765.12,12.7,0.5432,0.0645,0.4787,0.0,0.5432,0.0645,0.4787,0.0,0.0645,0.0645,0.0,0.0,0.0645,0.0645,0.0,0.0,0.0,0.0645,0.0,0.0645,10.4,4.3,2.4,3.2,1.8,2.1,1,0,1,0,0,0,0,0,0,0,0.1498,0.0,0.1498,0.0,0.1498,0.0,0.1498,0.0,0.0,0.0,0.0,0.0,0.0,0.0,0.0,0.0,0.0,0.0,0.0,0.0
420034885001,42003488500,Allegheny,824.0,40.36601,-79.924073,1184.0,0.0,1016.0,12.0,0.0,141.0,0.0,0.0,15.0,1184.0,335.0,160.0,462.0,55.0,142.0,44.0,39.0,182.0,462.0,62.0,113.0,782.53,88.05,359.71,0.0,0.159,0.159,0.0,0.0,0.159,0.159,0.0,0.0,0.159,0.159,0.0,0.0,0.159,0.159,0.0,0.0,0.159,0.159,0.0,0.0,23.2,20.2,16.8,15.9,13.4,14.7,0,0,0,0,0,0,0,0,0,0,0.0,0.0,0.0,0.0,0.0,0.0,0.0,0.0,0.0,0.0,0.0,0.0,0.0,0.0,0.0,0.0,0.0,0.0,0.0,0.0
420034885002,42003488500,Allegheny,1286.0,40.358249,-79.914409,1025.0,58.0,840.0,69.0,5.0,0.0,0.0,0.0,53.0,1025.0,116.0,157.0,551.0,79.0,105.0,66.0,83.0,218.0,551.0,52.0,210.0,1221.28,137.42,561.39,0.0,0.7302,0.7302,0.0,0.0,0.7302,0.7302,0.0,0.0,0.7302,0.7302,0.0,0.0,0.7302,0.7302,0.0,0.0,0.7302,0.7302,0.0,0.0,80.7,87.3,53.9,62.3,44.1,47.0,1,1,1,1,1,1,1,1,1,1,0.0241,0.0241,0.0,0.0,0.0241,0.0241,0.0,0.0,0.0241,0.0241,0.0,0.0,0.0202,0.0202,0.0,0.0,0.0202,0.0202,0.0,0.0
420034885003,42003488500,Allegheny,632.0,40.346437,-79.958032,395.0,0.0,344.0,27.0,0.0,0.0,0.0,0.0,24.0,395.0,87.0,112.0,184.0,39.0,36.0,0.0,58.0,51.0,184.0,0.0,81.0,600.19,67.53,275.89,0.0,0.769,0.769,0.0,0.0,0.769,0.769,0.0,0.0,0.769,0.769,0.0,0.0,0.769,0.769,0.0,0.0,0.769,0.769,0.0,0.0,135.8,146.2,127.7,101.8,77.5,93.8,1,1,1,1,1,1,1,1,1,1,0.0918,0.0918,0.0,0.0,0.0918,0.0918,0.0,0.0,0.0918,0.0918,0.0,0.0,0.0918,0.0918,0.0,0.0,0.0918,0.0918,0.0,0.0
420034886001,42003488600,Allegheny,649.0,40.350305,-79.913863,497.0,13.0,396.0,25.0,0.0,0.0,0.0,0.0,63.0,497.0,60.0,70.0,210.0,27.0,16.0,73.0,28.0,66.0,210.0,0.0,105.0,645.19,126.7,270.75,0.0,0.1726,0.1726,0.0,0.0,0.1726,0.1726,0.0,0.0,0.1726,0.1726,0.0,0.0,0.1726,0.1726,0.0,0.0,0.1726,0.1726,0.0,0.0,21.8,26.6,15.0,19.8,11.3,15.2,0,0,0,0,0,0,0,0,0,0,0.0586,0.0586,0.0,0.0,0.0586,0.0586,0.0,0.0,0.0586,0.0586,0.0,0.0,0.0586,0.0139,0.0447,0.0,0.0139,0.0139,0.0,0.0
420034886002,42003488600,Allegheny,849.0,40.343463,-79.907685,1160.0,0.0,862.0,298.0,0.0,0.0,0.0,0.0,0.0,1160.0,625.0,19.0,352.0,152.0,0.0,7.0,150.0,43.0,352.0,76.0,111.0,844.02,165.74,354.18,0.0,0.8009,0.8009,0.0,0.0,0.8009,0.8009,0.0,0.0,0.8009,0.8009,0.0,0.0,0.0,0.8009,0.0,0.8009,0.0,0.0,0.0,0.0,28.8,27.3,24.1,24.0,24.8,22.4,1,1,1,1,1,1,0,1,0,0,0.0365,0.0365,0.0,0.0,0.0365,0.0365,0.0,0.0,0.0365,0.0365,0.0,0.0,0.0,0.0365,0.0,0.0365,0.0,0.0,0.0,0.0
420034886003,42003488600,Allegheny,1232.0,40.335962,-79.932567,1361.0,0.0,1109.0,252.0,0.0,0.0,0.0,0.0,0.0,1361.0,221.0,430.0,647.0,12.0,26.0,63.0,14.0,532.0,647.0,13.0,82.0,1224.77,240.51,513.96,0.0,0.6128,0.4927,0.1201,0.0,0.6128,0.4927,0.1201,0.0,0.6128,0.4894,0.1234,0.0,0.6006,0.4927,0.1201,0.0122,0.1567,0.0731,0.0836,0.0,59.3,46.3,39.7,30.7,33.7,26.7,1,0,1,0,1,0,1,0,0,0,0.1047,0.1047,0.0,0.0,0.1047,0.1047,0.0,0.0,0.1047,0.1047,0.0,0.0,0.0731,0.0925,0.0,0.0195,0.0731,0.0731,0.0,0.0
420034886004,42003488600,Allegheny,1870.0,40.342028,-79.925226,1555.0,1.0,1326.0,0.0,0.0,0.0,0.0,0.0,228.0,1555.0,236.0,363.0,710.0,111.0,100.0,54.0,182.0,263.0,710.0,37.0,268.0,1859.02,365.06,780.12,0.0,0.4487,0.5086,0.0,0.0599,0.4487,0.5086,0.0,0.0599,0.4487,0.5086,0.0,0.0599,0.0722,0.5086,0.0,0.4364,0.0722,0.0722,0.0,0.0,38.1,30.5,30.5,24.8,24.0,22.0,1,1,1,1,1,1,0,1,0,0,0.3086,0.3086,0.0,0.0,0.3086,0.3086,0.0,0.0,0.3086,0.3086,0.0,0.0,0.0,0.3086,0.0,0.3086,0.0,0.0,0.0,0.0
420034890011,42003489001,Allegheny,648.0,40.341586,-79.960826,869.0,0.0,848.0,0.0,0.0,21.0,0.0,0.0,0.0,869.0,196.0,88.0,330.0,16.0,40.0,50.0,0.0,224.0,330.0,0.0,131.0,651.58,77.16,266.75,2.89,1.0,1.0,0.0,0.0,1.0,1.0,0.0,0.0,1.0,0.8642,0.1358,0.0,1.0,0.8642,0.1358,0.0,0.8642,0.6667,0.1975,0.0,137.3,129.2,116.3,81.4,73.8,75.6,1,1,1,1,1,1,1,1,1,1,0.2346,0.2346,0.0,0.0,0.2346,0.2346,0.0,0.0,0.2346,0.2346,0.0,0.0,0.2346,0.2346,0.0,0.0,0.2346,0.2346,0.0,0.0
420034890012,42003489001,Allegheny,1475.0,40.333062,-79.949989,1248.0,0.0,1131.0,58.0,11.0,48.0,0.0,0.0,0.0,1248.0,245.0,417.0,507.0,132.0,45.0,14.0,64.0,252.0,507.0,11.0,185.0,1483.15,175.63,607.19,6.59,0.8861,0.8861,0.0,0.0,0.8861,0.8861,0.0,0.0,0.8861,0.6346,0.2515,0.0,0.8861,0.6346,0.2515,0.0,0.6346,0.0054,0.6292,0.0,65.0,47.6,45.8,21.8,41.9,19.2,1,1,1,1,1,1,1,1,1,0,0.1315,0.1315,0.0,0.0,0.1315,0.1315,0.0,0.0,0.1315,0.0,0.1315,0.0,0.1315,0.0,0.1315,0.0,0.0,0.0,0.0,0.0
420034890013,42003489001,Allegheny,2580.0,40.32765,-79.953177,2780.0,0.0,2232.0,259.0,0.0,106.0,0.0,48.0,135.0,2780.0,540.0,528.0,1099.0,80.0,121.0,83.0,230.0,585.0,1099.0,23.0,417.0,2594.26,307.21,1062.06,11.52,0.0578,0.0578,0.0,0.0,0.0578,0.0578,0.0,0.0,0.0578,0.0,0.0578,0.0,0.0578,0.0,0.0578,0.0,0.0,0.0,0.0,0.0,2.9,0.8,1.8,0.0,1.6,0.0,0,0,0,0,0,0,0,0,0,0,0.0,0.0,0.0,0.0,0.0,0.0,0.0,0.0,0.0,0.0,0.0,0.0,0.0,0.0,0.0,0.0,0.0,0.0,0.0,0.0
420034890021,42003489002,Allegheny,660.0,40.338621,-79.967657,591.0,0.0,478.0,75.0,0.0,14.0,0.0,0.0,24.0,591.0,97.0,28.0,251.0,25.0,17.0,21.0,74.0,114.0,251.0,7.0,130.0,606.17,41.33,262.02,0.0,0.9076,0.9076,0.0,0.0,0.9076,0.9076,0.0,0.0,0.9076,0.9076,0.0,0.0,0.647,0.703,0.2045,0.2606,0.647,0.4424,0.2045,0.0,102.4,100.8,88.8,60.8,45.0,56.9,1,1,1,1,1,1,1,1,1,1,0.4061,0.4061,0.0,0.0,0.4061,0.4061,0.0,0.0,0.4061,0.3742,0.0318,0.0,0.0318,0.0,0.0318,0.0,0.0,0.0,0.0,0.0
420034890022,42003489002,Allegheny,1278.0,40.333326,-79.966552,955.0,21.0,887.0,0.0,0.0,38.0,0.0,0.0,9.0,955.0,121.0,361.0,488.0,73.0,87.0,45.0,87.0,196.0,488.0,59.0,155.0,1173.77,80.02,507.37,0.0,0.2919,0.2919,0.0,0.0,0.2919,0.2919,0.0,0.0,0.2919,0.2473,0.0446,0.0,0.0446,0.2473,0.0446,0.2473,0.0,0.0,0.0,0.0,10.6,16.4,10.3,7.4,1.2,6.9,0,0,0,0,0,0,0,0,0,0,0.0,0.0,0.0,0.0,0.0,0.0,0.0,0.0,0.0,0.0,0.0,0.0,0.0,0.0,0.0,0.0,0.0,0.0,0.0,0.0
420034890023,42003489002,Allegheny,951.0,40.325355,-79.960481,1069.0,0.0,1032.0,13.0,0.0,6.0,0.0,6.0,12.0,1069.0,323.0,221.0,407.0,12.0,42.0,85.0,37.0,231.0,407.0,0.0,111.0,873.44,59.55,377.55,0.0,0.0,0.0,0.0,0.0,0.0,0.0,0.0,0.0,0.0,0.0,0.0,0.0,0.0,0.0,0.0,0.0,0.0,0.0,0.0,0.0,0.0,0.0,0.0,0.0,0.0,0.0,0,0,0,0,0,0,0,0,0,0,0.0,0.0,0.0,0.0,0.0,0.0,0.0,0.0,0.0,0.0,0.0,0.0,0.0,0.0,0.0,0.0,0.0,0.0,0.0,0.0
420034890024,42003489002,Allegheny,912.0,40.325909,-79.968849,887.0,0.0,780.0,107.0,0.0,0.0,0.0,0.0,0.0,887.0,167.0,165.0,363.0,27.0,83.0,30.0,8.0,215.0,363.0,68.0,74.0,837.62,57.1,362.06,0.0,0.0,0.0,0.0,0.0,0.0,0.0,0.0,0.0,0.0,0.0,0.0,0.0,0.0,0.0,0.0,0.0,0.0,0.0,0.0,0.0,0.0,0.0,0.0,0.0,0.0,0.0,0,0,0,0,0,0,0,0,0,0,0.0,0.0,0.0,0.0,0.0,0.0,0.0,0.0,0.0,0.0,0.0,0.0,0.0,0.0,0.0,0.0,0.0,0.0,0.0,0.0
420034900021,42003490002,Allegheny,991.0,40.293133,-80.024521,590.0,16.0,564.0,0.0,0.0,0.0,0.0,0.0,10.0,590.0,46.0,127.0,273.0,0.0,58.0,81.0,18.0,116.0,273.0,0.0,115.0,945.35,148.2,454.52,0.0,0.0,0.0,0.0,0.0,0.0,0.0,0.0,0.0,0.0,0.0,0.0,0.0,0.0,0.0,0.0,0.0,0.0,0.0,0.0,0.0,0.0,0.0,0.0,0.0,0.0,0.0,0,0,0,0,0,0,0,0,0,0,0.0,0.0,0.0,0.0,0.0,0.0,0.0,0.0,0.0,0.0,0.0,0.0,0.0,0.0,0.0,0.0,0.0,0.0,0.0,0.0
420034900022,42003490002,Allegheny,1061.0,40.295386,-80.01859,1722.0,32.0,1610.0,21.0,0.0,47.0,0.0,0.0,12.0,1722.0,438.0,298.0,712.0,54.0,23.0,230.0,60.0,345.0,712.0,0.0,242.0,1012.13,158.67,486.62,0.0,0.0,0.0,0.0,0.0,0.0,0.0,0.0,0.0,0.0,0.0,0.0,0.0,0.0,0.0,0.0,0.0,0.0,0.0,0.0,0.0,0.0,0.0,0.0,0.0,0.0,0.0,0,0,0,0,0,0,0,0,0,0,0.0,0.0,0.0,0.0,0.0,0.0,0.0,0.0,0.0,0.0,0.0,0.0,0.0,0.0,0.0,0.0,0.0,0.0,0.0,0.0
420034900023,42003490002,Allegheny,1740.0,40.301171,-80.007853,1259.0,21.0,1234.0,4.0,0.0,0.0,0.0,0.0,0.0,1259.0,98.0,401.0,732.0,51.0,238.0,112.0,127.0,204.0,732.0,30.0,393.0,1659.85,260.22,798.04,0.0,0.0,0.0,0.0,0.0,0.0,0.0,0.0,0.0,0.0,0.0,0.0,0.0,0.0,0.0,0.0,0.0,0.0,0.0,0.0,0.0,0.0,0.0,0.0,0.0,0.0,0.0,0,0,0,0,0,0,0,0,0,0,0.0,0.0,0.0,0.0,0.0,0.0,0.0,0.0,0.0,0.0,0.0,0.0,0.0,0.0,0.0,0.0,0.0,0.0,0.0,0.0
420034900024,42003490002,Allegheny,576.0,40.284424,-80.007996,725.0,0.0,678.0,11.0,0.0,0.0,0.0,0.0,36.0,725.0,181.0,116.0,278.0,0.0,67.0,38.0,49.0,124.0,278.0,0.0,4.0,549.47,86.14,264.18,0.0,0.0,0.0,0.0,0.0,0.0,0.0,0.0,0.0,0.0,0.0,0.0,0.0,0.0,0.0,0.0,0.0,0.0,0.0,0.0,0.0,0.0,0.0,0.0,0.0,0.0,0.0,0,0,0,0,0,0,0,0,0,0,0.0,0.0,0.0,0.0,0.0,0.0,0.0,0.0,0.0,0.0,0.0,0.0,0.0,0.0,0.0,0.0,0.0,0.0,0.0,0.0
420034900025,42003490002,Allegheny,734.0,40.286724,-80.025075,577.0,17.0,488.0,29.0,13.0,0.0,0.0,0.0,30.0,577.0,49.0,116.0,345.0,22.0,87.0,119.0,20.0,97.0,345.0,0.0,271.0,700.19,109.77,336.64,0.0,0.0,0.0,0.0,0.0,0.0,0.0,0.0,0.0,0.0,0.0,0.0,0.0,0.0,0.0,0.0,0.0,0.0,0.0,0.0,0.0,0.0,0.0,0.0,0.0,0.0,0.0,0,0,0,0,0,0,0,0,0,0,0.0,0.0,0.0,0.0,0.0,0.0,0.0,0.0,0.0,0.0,0.0,0.0,0.0,0.0,0.0,0.0,0.0,0.0,0.0,0.0
420034900031,42003490003,Allegheny,914.0,40.307937,-79.986701,1117.0,0.0,763.0,4.0,0.0,330.0,0.0,0.0,20.0,1117.0,176.0,237.0,433.0,22.0,51.0,50.0,8.0,302.0,433.0,27.0,138.0,927.91,145.83,357.0,18.88,0.0,0.0,0.0,0.0,0.0,0.0,0.0,0.0,0.0,0.0,0.0,0.0,0.0,0.0,0.0,0.0,0.0,0.0,0.0,0.0,0.0,0.0,0.0,0.0,0.0,0.0,0,0,0,0,0,0,0,0,0,0,0.0,0.0,0.0,0.0,0.0,0.0,0.0,0.0,0.0,0.0,0.0,0.0,0.0,0.0,0.0,0.0,0.0,0.0,0.0,0.0
420034900032,42003490003,Allegheny,1228.0,40.331259,-79.993764,1179.0,28.0,875.0,0.0,0.0,275.0,1.0,0.0,0.0,1179.0,322.0,154.0,403.0,24.0,31.0,76.0,58.0,214.0,403.0,0.0,115.0,1246.69,195.93,479.65,25.37,0.4422,0.0,0.4422,0.0,0.4422,0.0,0.4422,0.0,0.0,0.0,0.0,0.0,0.0,0.0,0.0,0.0,0.0,0.0,0.0,0.0,2.7,0.0,0.0,0.0,0.0,0.0,0,0,0,0,0,0,0,0,0,0,0.0383,0.0,0.0383,0.0,0.0383,0.0,0.0383,0.0,0.0,0.0,0.0,0.0,0.0,0.0,0.0,0.0,0.0,0.0,0.0,0.0
420034900033,42003490003,Allegheny,1537.0,40.319637,-79.988776,1439.0,1.0,1268.0,0.0,0.0,157.0,0.0,0.0,13.0,1439.0,201.0,377.0,601.0,38.0,53.0,99.0,88.0,323.0,601.0,40.0,145.0,1560.4,245.23,600.34,31.75,0.7196,0.0,0.7196,0.0,0.7196,0.0,0.7196,0.0,0.0,0.0,0.0,0.0,0.0,0.0,0.0,0.0,0.0,0.0,0.0,0.0,4.3,0.0,0.0,0.0,0.0,0.0,1,0,1,0,0,0,0,0,0,0,0.3279,0.0,0.3279,0.0,0.3279,0.0,0.3279,0.0,0.0,0.0,0.0,0.0,0.0,0.0,0.0,0.0,0.0,0.0,0.0,0.0
420034900041,42003490004,Allegheny,1930.0,40.29086,-79.98732,1903.0,0.0,1724.0,60.0,0.0,0.0,0.0,0.0,119.0,1903.0,414.0,452.0,811.0,95.0,103.0,138.0,82.0,393.0,811.0,6.0,338.0,1977.22,179.89,752.33,0.0,0.0,0.0,0.0,0.0,0.0,0.0,0.0,0.0,0.0,0.0,0.0,0.0,0.0,0.0,0.0,0.0,0.0,0.0,0.0,0.0,0.0,0.0,0.0,0.0,0.0,0.0,0,0,0,0,0,0,0,0,0,0,0.0,0.0,0.0,0.0,0.0,0.0,0.0,0.0,0.0,0.0,0.0,0.0,0.0,0.0,0.0,0.0,0.0,0.0,0.0,0.0
420034900042,42003490004,Allegheny,2291.0,40.288301,-79.976025,2453.0,0.0,2276.0,9.0,0.0,91.0,0.0,0.0,77.0,2453.0,700.0,378.0,797.0,19.0,51.0,65.0,38.0,624.0,797.0,8.0,96.0,2347.05,213.54,893.05,0.0,0.0,0.0,0.0,0.0,0.0,0.0,0.0,0.0,0.0,0.0,0.0,0.0,0.0,0.0,0.0,0.0,0.0,0.0,0.0,0.0,0.0,0.0,0.0,0.0,0.0,0.0,0,0,0,0,0,0,0,0,0,0,0.0,0.0,0.0,0.0,0.0,0.0,0.0,0.0,0.0,0.0,0.0,0.0,0.0,0.0,0.0,0.0,0.0,0.0,0.0,0.0
420034900043,42003490004,Allegheny,725.0,40.281211,-79.991692,742.0,0.0,676.0,5.0,0.0,20.0,0.0,0.0,41.0,742.0,137.0,207.0,320.0,5.0,75.0,10.0,56.0,174.0,320.0,0.0,85.0,742.74,67.57,282.61,0.0,0.0,0.0,0.0,0.0,0.0,0.0,0.0,0.0,0.0,0.0,0.0,0.0,0.0,0.0,0.0,0.0,0.0,0.0,0.0,0.0,0.0,0.0,0.0,0.0,0.0,0.0,0,0,0,0,0,0,0,0,0,0,0.0,0.0,0.0,0.0,0.0,0.0,0.0,0.0,0.0,0.0,0.0,0.0,0.0,0.0,0.0,0.0,0.0,0.0,0.0,0.0
420034911011,42003491101,Allegheny,3712.0,40.313595,-79.96259,3484.0,11.0,3024.0,1.0,0.0,422.0,0.0,0.0,26.0,3484.0,901.0,889.0,1207.0,38.0,62.0,185.0,124.0,798.0,1207.0,75.0,341.0,3682.04,332.49,1277.77,13.05,0.0,0.0,0.0,0.0,0.0,0.0,0.0,0.0,0.0,0.0,0.0,0.0,0.0,0.0,0.0,0.0,0.0,0.0,0.0,0.0,0.0,0.0,0.0,0.0,0.0,0.0,0,0,0,0,0,0,0,0,0,0,0.0,0.0,0.0,0.0,0.0,0.0,0.0,0.0,0.0,0.0,0.0,0.0,0.0,0.0,0.0,0.0,0.0,0.0,0.0,0.0
420034911012,42003491101,Allegheny,1458.0,40.297329,-79.936814,1354.0,0.0,1318.0,36.0,0.0,0.0,0.0,0.0,0.0,1354.0,384.0,210.0,411.0,61.0,13.0,15.0,0.0,322.0,411.0,26.0,46.0,1446.23,130.6,501.88,5.13,0.1413,0.1413,0.0,0.0,0.1413,0.1413,0.0,0.0,0.1413,0.0,0.1413,0.0,0.1413,0.0,0.1413,0.0,0.0,0.0,0.0,0.0,7.1,2.0,4.5,0.0,4.0,0.0,0,0,0,0,0,0,0,0,0,0,0.0,0.0,0.0,0.0,0.0,0.0,0.0,0.0,0.0,0.0,0.0,0.0,0.0,0.0,0.0,0.0,0.0,0.0,0.0,0.0
420034911013,42003491101,Allegheny,2511.0,40.290044,-79.96076,2860.0,36.0,2643.0,45.0,0.0,0.0,0.0,0.0,136.0,2860.0,673.0,747.0,1026.0,23.0,127.0,96.0,59.0,721.0,1026.0,22.0,335.0,2490.73,224.91,864.35,8.83,0.0,0.0,0.0,0.0,0.0,0.0,0.0,0.0,0.0,0.0,0.0,0.0,0.0,0.0,0.0,0.0,0.0,0.0,0.0,0.0,0.0,0.0,0.0,0.0,0.0,0.0,0,0,0,0,0,0,0,0,0,0,0.0,0.0,0.0,0.0,0.0,0.0,0.0,0.0,0.0,0.0,0.0,0.0,0.0,0.0,0.0,0.0,0.0,0.0,0.0,0.0
420034912001,42003491200,Allegheny,2114.0,40.312479,-79.918973,2131.0,20.0,1746.0,153.0,0.0,77.0,0.0,0.0,135.0,2131.0,309.0,517.0,955.0,115.0,111.0,148.0,149.0,432.0,955.0,73.0,437.0,2033.0,267.0,955.0,6.0,0.5222,0.5222,0.0,0.0,0.5222,0.5222,0.0,0.0,0.5222,0.483,0.0393,0.0,0.0393,0.483,0.0393,0.483,0.0,0.0,0.0,0.0,15.2,22.0,12.7,13.0,12.6,11.5,1,1,1,1,1,1,0,1,0,0,0.0388,0.0388,0.0,0.0,0.0388,0.0388,0.0,0.0,0.0388,0.0189,0.0199,0.0,0.0199,0.0,0.0199,0.0,0.0,0.0,0.0,0.0
420034927001,42003492700,Allegheny,1028.0,40.30474,-79.88948,695.0,25.0,458.0,210.0,0.0,0.0,0.0,0.0,2.0,695.0,45.0,245.0,451.0,181.0,140.0,99.0,20.0,11.0,451.0,152.0,212.0,1059.65,231.71,480.37,0.0,0.8307,0.8307,0.0,0.0,0.8307,0.8307,0.0,0.0,0.8307,0.8307,0.0,0.0,0.0165,0.8307,0.0,0.8142,0.0,0.0,0.0,0.0,30.1,47.0,25.5,28.2,25.5,24.9,1,1,1,1,1,1,0,1,0,0,0.2539,0.2665,0.0,0.0126,0.2539,0.2665,0.0,0.0126,0.2539,0.2665,0.0,0.0126,0.0,0.2198,0.0,0.2198,0.0,0.0,0.0,0.0
420034927002,42003492700,Allegheny,791.0,40.310186,-79.896018,1180.0,5.0,839.0,178.0,0.0,0.0,0.0,0.0,158.0,1180.0,335.0,108.0,399.0,110.0,111.0,42.0,40.0,96.0,399.0,23.0,140.0,815.35,178.29,369.63,0.0,0.4197,0.4197,0.0,0.0,0.4197,0.4197,0.0,0.0,0.4197,0.4197,0.0,0.0,0.0,0.4197,0.0,0.4197,0.0,0.0,0.0,0.0,12.2,19.3,10.3,11.7,10.4,10.3,0,0,0,0,0,0,0,0,0,0,0.0,0.0,0.0,0.0,0.0,0.0,0.0,0.0,0.0,0.0,0.0,0.0,0.0,0.0,0.0,0.0,0.0,0.0,0.0,0.0
420034928001,42003492800,Allegheny,1049.0,40.294002,-79.886527,1681.0,80.0,226.0,1137.0,0.0,0.0,0.0,0.0,238.0,1681.0,823.0,263.0,481.0,169.0,142.0,46.0,23.0,101.0,481.0,99.0,184.0,1118.79,208.95,431.94,6.81,0.8913,0.8913,0.0,0.0,0.8913,0.8913,0.0,0.0,0.8913,0.8913,0.0,0.0,0.8847,0.8913,0.0,0.0067,0.0,0.0,0.0,0.0,76.4,63.7,55.3,30.3,52.0,26.7,1,1,1,1,1,1,1,1,0,0,0.47,0.47,0.0,0.0,0.47,0.47,0.0,0.0,0.47,0.47,0.0,0.0,0.348,0.449,0.0,0.101,0.0,0.0,0.0,0.0
420034928002,42003492800,Allegheny,1416.0,40.289444,-79.88136,967.0,20.0,295.0,652.0,0.0,0.0,0.0,0.0,0.0,967.0,142.0,441.0,534.0,259.0,98.0,47.0,78.0,52.0,534.0,114.0,263.0,1510.21,282.05,583.06,9.19,0.5614,0.5614,0.0,0.0,0.5614,0.5614,0.0,0.0,0.5614,0.5614,0.0,0.0,0.5614,0.5614,0.0,0.0,0.0,0.0,0.0,0.0,45.8,39.3,33.4,19.1,30.8,16.8,1,1,1,1,1,1,1,1,0,0,0.0791,0.0791,0.0,0.0,0.0791,0.0791,0.0,0.0,0.0791,0.0791,0.0,0.0,0.0791,0.0791,0.0,0.0,0.0,0.0,0.0,0.0
420034929001,42003492900,Allegheny,1241.0,40.288549,-79.891426,1038.0,45.0,727.0,256.0,0.0,0.0,0.0,0.0,10.0,1038.0,116.0,233.0,529.0,154.0,84.0,138.0,52.0,101.0,529.0,52.0,301.0,995.02,181.87,556.06,0.0,0.6978,0.6978,0.0,0.0,0.6978,0.6978,0.0,0.0,0.6978,0.6519,0.0459,0.0,0.6978,0.6519,0.0459,0.0,0.0,0.0,0.0,0.0,45.3,46.7,30.4,22.2,27.8,19.6,1,1,1,1,1,1,1,1,0,0,0.2965,0.2965,0.0,0.0,0.2965,0.2965,0.0,0.0,0.2965,0.0645,0.2321,0.0,0.2965,0.0645,0.2321,0.0,0.0,0.0,0.0,0.0
420034929002,42003492900,Allegheny,656.0,40.288921,-79.896507,483.0,64.0,195.0,222.0,0.0,0.0,0.0,0.0,2.0,483.0,32.0,186.0,321.0,180.0,55.0,30.0,14.0,42.0,321.0,100.0,181.0,525.98,96.13,293.94,0.0,1.0,1.0,0.0,0.0,1.0,1.0,0.0,0.0,1.0,1.0,0.0,0.0,1.0,1.0,0.0,0.0,0.0,0.0,0.0,0.0,52.0,70.3,32.0,34.0,28.1,30.0,1,1,1,1,1,1,1,1,0,0,0.4405,0.4405,0.0,0.0,0.4405,0.4405,0.0,0.0,0.4405,0.4405,0.0,0.0,0.4405,0.4405,0.0,0.0,0.0,0.0,0.0,0.0
420034940001,42003494000,Allegheny,1398.0,40.269813,-79.887917,1371.0,104.0,1131.0,64.0,0.0,3.0,0.0,2.0,67.0,1371.0,262.0,226.0,577.0,89.0,184.0,73.0,83.0,148.0,577.0,88.0,262.0,1371.0,293.0,577.0,0.0,0.3369,0.3369,0.0,0.0,0.3369,0.3369,0.0,0.0,0.3369,0.0,0.3369,0.0,0.3369,0.0,0.3369,0.0,0.0,0.0,0.0,0.0,16.8,4.7,10.8,0.0,9.4,0.0,0,0,0,0,0,0,0,0,0,0,0.0558,0.0558,0.0,0.0,0.0558,0.0558,0.0,0.0,0.0558,0.0,0.0558,0.0,0.0558,0.0,0.0558,0.0,0.0,0.0,0.0,0.0
420034950001,42003495000,Allegheny,1749.0,40.23976,-79.907355,1908.0,101.0,1658.0,2.0,0.0,0.0,0.0,0.0,147.0,1908.0,219.0,467.0,816.0,73.0,173.0,125.0,264.0,181.0,816.0,20.0,157.0,1714.25,475.71,779.36,5.7,0.0,0.0,0.0,0.0,0.0,0.0,0.0,0.0,0.0,0.0,0.0,0.0,0.0,0.0,0.0,0.0,0.0,0.0,0.0,0.0,0.0,0.0,0.0,0.0,0.0,0.0,0,0,0,0,0,0,0,0,0,0,0.0,0.0,0.0,0.0,0.0,0.0,0.0,0.0,0.0,0.0,0.0,0.0,0.0,0.0,0.0,0.0,0.0,0.0,0.0,0.0
420034950002,42003495000,Allegheny,1321.0,40.215969,-79.875995,1101.0,94.0,1007.0,0.0,0.0,0.0,0.0,0.0,0.0,1101.0,108.0,352.0,552.0,122.0,94.0,139.0,88.0,109.0,552.0,33.0,276.0,1294.75,359.29,588.64,4.3,0.0,0.0,0.0,0.0,0.0,0.0,0.0,0.0,0.0,0.0,0.0,0.0,0.0,0.0,0.0,0.0,0.0,0.0,0.0,0.0,0.0,0.0,0.0,0.0,0.0,0.0,0,0,0,0,0,0,0,0,0,0,0.0,0.0,0.0,0.0,0.0,0.0,0.0,0.0,0.0,0.0,0.0,0.0,0.0,0.0,0.0,0.0,0.0,0.0,0.0,0.0
420034961011,42003496101,Allegheny,1462.0,40.275179,-79.832476,1351.0,13.0,1293.0,0.0,0.0,0.0,0.0,0.0,45.0,1351.0,283.0,346.0,548.0,27.0,91.0,90.0,69.0,271.0,548.0,9.0,190.0,1408.94,157.73,568.21,0.0,0.0,0.0,0.0,0.0,0.0,0.0,0.0,0.0,0.0,0.0,0.0,0.0,0.0,0.0,0.0,0.0,0.0,0.0,0.0,0.0,0.0,0.0,0.0,0.0,0.0,0.0,0,0,0,0,0,0,0,0,0,0,0.0,0.0,0.0,0.0,0.0,0.0,0.0,0.0,0.0,0.0,0.0,0.0,0.0,0.0,0.0,0.0,0.0,0.0,0.0,0.0
420034961012,42003496101,Allegheny,1569.0,40.270675,-79.809104,1570.0,54.0,1446.0,15.0,0.0,0.0,0.0,0.0,55.0,1570.0,359.0,450.0,630.0,30.0,157.0,25.0,66.0,352.0,630.0,0.0,111.0,1512.06,169.27,609.79,0.0,0.0,0.0,0.0,0.0,0.0,0.0,0.0,0.0,0.0,0.0,0.0,0.0,0.0,0.0,0.0,0.0,0.0,0.0,0.0,0.0,0.0,0.0,0.0,0.0,0.0,0.0,0,0,0,0,0,0,0,0,0,0,0.0,0.0,0.0,0.0,0.0,0.0,0.0,0.0,0.0,0.0,0.0,0.0,0.0,0.0,0.0,0.0,0.0,0.0,0.0,0.0
420034961021,42003496102,Allegheny,1663.0,40.265356,-79.867545,1981.0,0.0,1698.0,10.0,0.0,173.0,0.0,94.0,6.0,1981.0,487.0,342.0,669.0,94.0,130.0,93.0,63.0,289.0,669.0,0.0,275.0,1620.38,330.7,677.0,4.57,0.0,0.0,0.0,0.0,0.0,0.0,0.0,0.0,0.0,0.0,0.0,0.0,0.0,0.0,0.0,0.0,0.0,0.0,0.0,0.0,0.0,0.0,0.0,0.0,0.0,0.0,0,0,0,0,0,0,0,0,0,0,0.0,0.0,0.0,0.0,0.0,0.0,0.0,0.0,0.0,0.0,0.0,0.0,0.0,0.0,0.0,0.0,0.0,0.0,0.0,0.0
420034961022,42003496102,Allegheny,1529.0,40.266653,-79.847026,1402.0,0.0,1395.0,0.0,0.0,0.0,0.0,0.0,7.0,1402.0,196.0,480.0,702.0,166.0,128.0,163.0,65.0,180.0,702.0,111.0,218.0,1489.81,304.05,622.45,4.2,0.0,0.0,0.0,0.0,0.0,0.0,0.0,0.0,0.0,0.0,0.0,0.0,0.0,0.0,0.0,0.0,0.0,0.0,0.0,0.0,0.0,0.0,0.0,0.0,0.0,0.0,0,0,0,0,0,0,0,0,0,0,0.0,0.0,0.0,0.0,0.0,0.0,0.0,0.0,0.0,0.0,0.0,0.0,0.0,0.0,0.0,0.0,0.0,0.0,0.0,0.0
420034961023,42003496102,Allegheny,1178.0,40.23633,-79.826552,875.0,0.0,859.0,5.0,0.0,7.0,0.0,0.0,4.0,875.0,93.0,298.0,408.0,11.0,85.0,70.0,132.0,110.0,408.0,12.0,72.0,1147.81,234.25,479.56,3.23,0.0,0.0,0.0,0.0,0.0,0.0,0.0,0.0,0.0,0.0,0.0,0.0,0.0,0.0,0.0,0.0,0.0,0.0,0.0,0.0,0.0,0.0,0.0,0.0,0.0,0.0,0,0,0,0,0,0,0,0,0,0,0.0,0.0,0.0,0.0,0.0,0.0,0.0,0.0,0.0,0.0,0.0,0.0,0.0,0.0,0.0,0.0,0.0,0.0,0.0,0.0
420034962001,42003496200,Allegheny,1610.0,40.304469,-79.822452,1029.0,0.0,1029.0,0.0,0.0,0.0,0.0,0.0,0.0,1029.0,178.0,217.0,434.0,70.0,69.0,80.0,48.0,167.0,434.0,0.0,202.0,1585.19,262.8,662.35,11.54,0.0025,0.0025,0.0,0.0,0.0025,0.0025,0.0,0.0,0.0025,0.0025,0.0,0.0,0.0,0.0025,0.0,0.0025,0.0,0.0,0.0,0.0,0.0,0.1,0.0,0.0,0.0,0.0,0,0,0,0,0,0,0,0,0,0,0.0,0.0,0.0,0.0,0.0,0.0,0.0,0.0,0.0,0.0,0.0,0.0,0.0,0.0,0.0,0.0,0.0,0.0,0.0,0.0
420034962002,42003496200,Allegheny,924.0,40.291641,-79.820232,1141.0,0.0,884.0,211.0,0.0,0.0,0.0,0.0,46.0,1141.0,185.0,197.0,502.0,67.0,134.0,16.0,111.0,174.0,502.0,95.0,141.0,909.76,150.83,380.13,6.62,0.0,0.0,0.0,0.0,0.0,0.0,0.0,0.0,0.0,0.0,0.0,0.0,0.0,0.0,0.0,0.0,0.0,0.0,0.0,0.0,0.0,0.0,0.0,0.0,0.0,0.0,0,0,0,0,0,0,0,0,0,0,0.0,0.0,0.0,0.0,0.0,0.0,0.0,0.0,0.0,0.0,0.0,0.0,0.0,0.0,0.0,0.0,0.0,0.0,0.0,0.0
420034962003,42003496200,Allegheny,1758.0,40.295287,-79.804252,2091.0,0.0,1861.0,35.0,0.0,180.0,0.0,0.0,15.0,2091.0,408.0,399.0,717.0,32.0,174.0,52.0,129.0,330.0,717.0,0.0,94.0,1730.91,286.96,723.23,12.6,0.0,0.0,0.0,0.0,0.0,0.0,0.0,0.0,0.0,0.0,0.0,0.0,0.0,0.0,0.0,0.0,0.0,0.0,0.0,0.0,0.0,0.0,0.0,0.0,0.0,0.0,0,0,0,0,0,0,0,0,0,0,0.0,0.0,0.0,0.0,0.0,0.0,0.0,0.0,0.0,0.0,0.0,0.0,0.0,0.0,0.0,0.0,0.0,0.0,0.0,0.0
420034962004,42003496200,Allegheny,1289.0,40.314681,-79.80441,1250.0,1.0,1192.0,57.0,0.0,0.0,0.0,0.0,0.0,1250.0,212.0,183.0,643.0,88.0,241.0,154.0,57.0,103.0,643.0,0.0,343.0,1269.14,210.41,530.29,9.24,0.0,0.0,0.0,0.0,0.0,0.0,0.0,0.0,0.0,0.0,0.0,0.0,0.0,0.0,0.0,0.0,0.0,0.0,0.0,0.0,0.0,0.0,0.0,0.0,0.0,0.0,0,0,0,0,0,0,0,0,0,0,0.0,0.0,0.0,0.0,0.0,0.0,0.0,0.0,0.0,0.0,0.0,0.0,0.0,0.0,0.0,0.0,0.0,0.0,0.0,0.0
420034970001,42003497000,Allegheny,932.0,40.298377,-79.853842,922.0,32.0,864.0,8.0,0.0,0.0,0.0,12.0,6.0,922.0,116.0,234.0,443.0,62.0,77.0,84.0,111.0,109.0,443.0,32.0,158.0,922.0,109.0,443.0,0.0,0.0,0.0,0.0,0.0,0.0,0.0,0.0,0.0,0.0,0.0,0.0,0.0,0.0,0.0,0.0,0.0,0.0,0.0,0.0,0.0,0.0,0.0,0.0,0.0,0.0,0.0,0,0,0,0,0,0,0,0,0,0,0.0,0.0,0.0,0.0,0.0,0.0,0.0,0.0,0.0,0.0,0.0,0.0,0.0,0.0,0.0,0.0,0.0,0.0,0.0,0.0
420034980001,42003498000,Allegheny,1171.0,40.323228,-79.850999,1224.0,32.0,1071.0,2.0,0.0,0.0,0.0,0.0,119.0,1224.0,305.0,273.0,525.0,51.0,92.0,93.0,92.0,197.0,525.0,0.0,201.0,1140.17,196.91,527.07,0.0,0.0,0.0,0.0,0.0,0.0,0.0,0.0,0.0,0.0,0.0,0.0,0.0,0.0,0.0,0.0,0.0,0.0,0.0,0.0,0.0,0.0,0.0,0.0,0.0,0.0,0.0,0,0,0,0,0,0,0,0,0,0,0.0,0.0,0.0,0.0,0.0,0.0,0.0,0.0,0.0,0.0,0.0,0.0,0.0,0.0,0.0,0.0,0.0,0.0,0.0,0.0
420034980002,42003498000,Allegheny,1184.0,40.325425,-79.859752,1096.0,0.0,1035.0,17.0,0.0,0.0,0.0,12.0,32.0,1096.0,171.0,231.0,535.0,67.0,98.0,146.0,76.0,148.0,535.0,9.0,209.0,1152.83,199.09,532.93,0.0,0.0,0.0,0.0,0.0,0.0,0.0,0.0,0.0,0.0,0.0,0.0,0.0,0.0,0.0,0.0,0.0,0.0,0.0,0.0,0.0,0.0,0.0,0.0,0.0,0.0,0.0,0,0,0,0,0,0,0,0,0,0,0.0,0.0,0.0,0.0,0.0,0.0,0.0,0.0,0.0,0.0,0.0,0.0,0.0,0.0,0.0,0.0,0.0,0.0,0.0,0.0
420034993001,42003499300,Allegheny,647.0,40.334812,-79.89,538.0,0.0,524.0,2.0,0.0,0.0,0.0,0.0,12.0,538.0,67.0,211.0,265.0,61.0,98.0,24.0,42.0,40.0,265.0,42.0,125.0,599.57,153.46,270.29,8.48,1.0,1.0,0.0,0.0,1.0,1.0,0.0,0.0,1.0,1.0,0.0,0.0,0.0,1.0,0.0,1.0,0.0,0.0,0.0,0.0,35.0,56.0,30.2,34.0,30.0,30.0,1,1,1,1,1,1,0,1,0,0,0.7048,0.7048,0.0,0.0,0.7048,0.7048,0.0,0.0,0.7048,0.7048,0.0,0.0,0.0,0.7048,0.0,0.7048,0.0,0.0,0.0,0.0
420034993002,42003499300,Allegheny,1031.0,40.329497,-79.884966,1017.0,0.0,932.0,23.0,5.0,22.0,0.0,0.0,35.0,1017.0,214.0,170.0,436.0,34.0,162.0,93.0,67.0,80.0,436.0,55.0,167.0,955.43,244.54,430.71,13.52,0.4239,0.4239,0.0,0.0,0.4239,0.4239,0.0,0.0,0.4239,0.4239,0.0,0.0,0.0,0.4239,0.0,0.4239,0.0,0.0,0.0,0.0,14.8,23.7,12.9,14.4,12.8,12.7,0,0,0,0,0,0,0,0,0,0,0.0,0.0,0.0,0.0,0.0,0.0,0.0,0.0,0.0,0.0,0.0,0.0,0.0,0.0,0.0,0.0,0.0,0.0,0.0,0.0
420034994001,42003499400,Allegheny,789.0,40.319318,-79.886163,744.0,33.0,703.0,0.0,0.0,0.0,0.0,0.0,8.0,744.0,134.0,203.0,334.0,111.0,64.0,49.0,25.0,85.0,334.0,5.0,187.0,793.51,171.51,318.2,0.0,0.6869,0.6869,0.0,0.0,0.6869,0.6869,0.0,0.0,0.6869,0.6869,0.0,0.0,0.0,0.6869,0.0,0.6869,0.0,0.0,0.0,0.0,24.0,38.5,20.6,23.4,20.6,20.6,1,1,1,1,1,1,0,1,0,0,0.1343,0.1343,0.0,0.0,0.1343,0.1343,0.0,0.0,0.1343,0.1343,0.0,0.0,0.0,0.1343,0.0,0.1343,0.0,0.0,0.0,0.0
420034994002,42003499400,Allegheny,856.0,40.322805,-79.889661,588.0,23.0,507.0,44.0,0.0,0.0,0.0,0.0,14.0,588.0,26.0,102.0,366.0,145.0,156.0,29.0,27.0,9.0,366.0,31.0,216.0,860.9,186.07,345.22,0.0,0.8528,0.8528,0.0,0.0,0.8528,0.8528,0.0,0.0,0.8528,0.8528,0.0,0.0,0.0,0.8528,0.0,0.8528,0.0,0.0,0.0,0.0,29.8,47.8,25.6,29.0,25.6,25.6,1,1,1,1,1,1,0,1,0,0,0.3575,0.3575,0.0,0.0,0.3575,0.3575,0.0,0.0,0.3575,0.3575,0.0,0.0,0.0,0.3575,0.0,0.3575,0.0,0.0,0.0,0.0
420034994003,42003499400,Allegheny,1152.0,40.327214,-79.891104,1481.0,146.0,1146.0,100.0,0.0,0.0,0.0,8.0,81.0,1481.0,532.0,94.0,428.0,121.0,53.0,100.0,82.0,72.0,428.0,21.0,294.0,1158.59,250.42,464.59,0.0,1.0,1.0,0.0,0.0,1.0,1.0,0.0,0.0,1.0,1.0,0.0,0.0,0.0,1.0,0.0,1.0,0.0,0.0,0.0,0.0,35.0,56.0,30.0,34.0,30.6,30.0,1,1,1,1,1,1,0,1,0,0,0.5894,0.5894,0.0,0.0,0.5894,0.5894,0.0,0.0,0.5894,0.5894,0.0,0.0,0.0,0.5894,0.0,0.5894,0.0,0.0,0.0,0.0
420035003001,42003500300,Allegheny,1414.0,40.341608,-79.872531,1422.0,82.0,1027.0,162.0,0.0,0.0,0.0,0.0,151.0,1422.0,217.0,246.0,572.0,69.0,199.0,103.0,120.0,81.0,572.0,0.0,307.0,1390.95,258.59,639.37,0.0,0.0714,0.0714,0.0,0.0,0.0714,0.0714,0.0,0.0,0.0714,0.0714,0.0,0.0,0.0658,0.0714,0.0,0.0057,0.0658,0.0658,0.0,0.0,9.4,11.7,6.7,7.9,6.0,6.0,0,0,0,0,0,0,0,0,0,0,0.0,0.0,0.0,0.0,0.0,0.0,0.0,0.0,0.0,0.0,0.0,0.0,0.0,0.0,0.0,0.0,0.0,0.0,0.0,0.0
420035003002,42003500300,Allegheny,693.0,40.337455,-79.879637,740.0,26.0,557.0,0.0,0.0,0.0,0.0,0.0,157.0,740.0,86.0,237.0,405.0,39.0,140.0,121.0,53.0,52.0,405.0,19.0,236.0,681.7,126.74,313.36,0.0,0.0418,0.0418,0.0,0.0,0.0418,0.0418,0.0,0.0,0.0418,0.0418,0.0,0.0,0.0418,0.0418,0.0,0.0,0.0418,0.0418,0.0,0.0,5.9,7.4,4.2,4.9,3.8,3.8,0,0,0,0,0,0,0,0,0,0,0.0,0.0,0.0,0.0,0.0,0.0,0.0,0.0,0.0,0.0,0.0,0.0,0.0,0.0,0.0,0.0,0.0,0.0,0.0,0.0
420035003003,42003500300,Allegheny,635.0,40.332885,-79.867232,455.0,14.0,420.0,10.0,0.0,0.0,0.0,0.0,11.0,455.0,55.0,44.0,255.0,78.0,22.0,94.0,18.0,43.0,255.0,8.0,147.0,624.65,116.13,287.13,0.0,0.0,0.0,0.0,0.0,0.0,0.0,0.0,0.0,0.0,0.0,0.0,0.0,0.0,0.0,0.0,0.0,0.0,0.0,0.0,0.0,0.0,0.0,0.0,0.0,0.0,0.0,0,0,0,0,0,0,0,0,0,0,0.0,0.0,0.0,0.0,0.0,0.0,0.0,0.0,0.0,0.0,0.0,0.0,0.0,0.0,0.0,0.0,0.0,0.0,0.0,0.0
420035003004,42003500300,Allegheny,938.0,40.33809,-79.872982,1003.0,0.0,794.0,60.0,0.0,0.0,0.0,74.0,75.0,1003.0,191.0,196.0,432.0,65.0,61.0,125.0,33.0,148.0,432.0,27.0,166.0,922.71,171.54,424.14,0.0,0.0,0.0,0.0,0.0,0.0,0.0,0.0,0.0,0.0,0.0,0.0,0.0,0.0,0.0,0.0,0.0,0.0,0.0,0.0,0.0,0.0,0.0,0.0,0.0,0.0,0.0,0,0,0,0,0,0,0,0,0,0,0.0,0.0,0.0,0.0,0.0,0.0,0.0,0.0,0.0,0.0,0.0,0.0,0.0,0.0,0.0,0.0,0.0,0.0,0.0,0.0
420035010001,42003501000,Allegheny,1476.0,40.318398,-79.83095,1533.0,20.0,1369.0,77.0,0.0,0.0,0.0,0.0,67.0,1533.0,219.0,358.0,808.0,240.0,234.0,94.0,71.0,169.0,808.0,131.0,410.0,1533.0,421.0,808.0,11.0,0.96,0.731,0.229,0.0,0.96,0.731,0.229,0.0,0.731,0.731,0.0,0.0,0.2053,0.731,0.0,0.5257,0.0,0.0,0.0,0.0,20.6,23.0,9.6,20.4,9.6,18.0,1,1,1,1,1,1,0,1,0,0,0.357,0.3137,0.0434,0.0,0.357,0.3137,0.0434,0.0,0.357,0.3137,0.0434,0.0,0.021,0.3137,0.021,0.3137,0.0,0.0,0.0,0.0
420035030021,42003503002,Allegheny,1011.0,40.355226,-79.821333,821.0,37.0,533.0,251.0,0.0,0.0,0.0,0.0,0.0,821.0,114.0,322.0,456.0,150.0,119.0,49.0,27.0,111.0,456.0,15.0,260.0,980.56,143.54,522.1,4.5,0.002,0.002,0.0,0.0,0.002,0.002,0.0,0.0,0.002,0.002,0.0,0.0,0.0,0.0,0.0,0.0,0.0,0.0,0.0,0.0,0.1,0.1,0.1,0.1,0.1,0.1,0,0,0,0,0,0,0,0,0,0,0.0,0.0,0.0,0.0,0.0,0.0,0.0,0.0,0.0,0.0,0.0,0.0,0.0,0.0,0.0,0.0,0.0,0.0,0.0,0.0
420035030022,42003503002,Allegheny,1137.0,40.34922,-79.824215,1428.0,5.0,1303.0,99.0,0.0,8.0,0.0,0.0,13.0,1428.0,257.0,290.0,597.0,85.0,124.0,95.0,12.0,281.0,597.0,15.0,236.0,1102.77,161.43,587.17,5.06,0.3193,0.3193,0.0,0.0,0.3193,0.3193,0.0,0.0,0.3193,0.3193,0.0,0.0,0.3193,0.3193,0.0,0.0,0.0,0.3193,0.0,0.3193,17.4,20.9,10.9,16.4,10.2,13.9,0,0,0,0,0,0,0,0,0,0,0.0,0.0,0.0,0.0,0.0,0.0,0.0,0.0,0.0,0.0,0.0,0.0,0.0,0.0,0.0,0.0,0.0,0.0,0.0,0.0
420035030023,42003503002,Allegheny,1207.0,40.33623,-79.815191,1027.0,0.0,861.0,141.0,0.0,0.0,0.0,11.0,14.0,1027.0,70.0,399.0,709.0,30.0,209.0,263.0,25.0,182.0,709.0,17.0,304.0,1170.66,171.37,623.32,5.37,0.6454,0.0,0.6454,0.0,0.6454,0.0,0.6454,0.0,0.0,0.0,0.0,0.0,0.0,0.0,0.0,0.0,0.0,0.0,0.0,0.0,9.7,0.0,0.0,0.0,0.0,0.0,1,0,1,0,0,0,0,0,0,0,0.0,0.0,0.0,0.0,0.0,0.0,0.0,0.0,0.0,0.0,0.0,0.0,0.0,0.0,0.0,0.0,0.0,0.0,0.0,0.0
420035030024,42003503002,Allegheny,825.0,40.346146,-79.814392,1124.0,0.0,984.0,79.0,0.0,0.0,0.0,0.0,61.0,1124.0,341.0,289.0,488.0,35.0,193.0,11.0,92.0,157.0,488.0,35.0,226.0,800.16,117.13,426.05,3.67,0.0024,0.0024,0.0,0.0,0.0024,0.0024,0.0,0.0,0.0024,0.0024,0.0,0.0,0.0024,0.0024,0.0,0.0,0.0,0.0024,0.0,0.0024,0.1,0.1,0.1,0.1,0.1,0.1,0,0,0,0,0,0,0,0,0,0,0.0,0.0,0.0,0.0,0.0,0.0,0.0,0.0,0.0,0.0,0.0,0.0,0.0,0.0,0.0,0.0,0.0,0.0,0.0,0.0
420035030025,42003503002,Allegheny,1666.0,40.350769,-79.810115,1270.0,0.0,1213.0,13.0,0.0,0.0,0.0,0.0,44.0,1270.0,167.0,587.0,769.0,280.0,106.0,111.0,34.0,238.0,769.0,39.0,429.0,1615.84,236.53,860.36,7.41,0.0678,0.0,0.0678,0.0,0.0678,0.0,0.0678,0.0,0.0,0.0,0.0,0.0,0.0,0.0,0.0,0.0,0.0,0.0,0.0,0.0,1.0,0.0,0.0,0.0,0.0,0.0,0,0,0,0,0,0,0,0,0,0,0.0,0.0,0.0,0.0,0.0,0.0,0.0,0.0,0.0,0.0,0.0,0.0,0.0,0.0,0.0,0.0,0.0,0.0,0.0,0.0
420035041001,42003504100,Allegheny,1052.0,40.39087,-79.817419,914.0,0.0,613.0,283.0,0.0,0.0,0.0,0.0,18.0,914.0,135.0,244.0,518.0,202.0,80.0,78.0,84.0,74.0,518.0,138.0,174.0,1073.56,218.1,466.97,0.0,0.6683,0.9354,0.0,0.2671,0.6683,0.9354,0.0,0.2671,0.5998,0.8669,0.0,0.2671,0.5998,0.5998,0.0,0.0,0.5998,0.1245,0.4753,0.0,40.5,47.1,25.5,29.6,20.7,24.8,1,1,1,1,1,1,1,1,1,0,0.1787,0.1958,0.0,0.0171,0.1787,0.1958,0.0,0.0171,0.1787,0.1787,0.0,0.0,0.1787,0.0713,0.1074,0.0,0.1787,0.0,0.1787,0.0
420035041002,42003504100,Allegheny,552.0,40.394306,-79.824178,916.0,0.0,490.0,333.0,0.0,0.0,0.0,0.0,93.0,916.0,195.0,67.0,458.0,123.0,267.0,22.0,27.0,19.0,458.0,203.0,251.0,563.31,114.44,245.03,0.0,0.9293,0.8859,0.0435,0.0,0.9293,0.8859,0.0435,0.0,0.9094,0.8859,0.0435,0.0199,0.846,0.8659,0.0,0.0199,0.846,0.1033,0.7627,0.0199,51.6,52.5,34.8,33.2,27.9,27.7,1,1,1,1,1,1,1,1,1,0,0.2953,0.3152,0.0,0.0199,0.2953,0.3152,0.0,0.0199,0.2953,0.2953,0.0,0.0,0.2953,0.2953,0.0,0.0,0.2953,0.0,0.2953,0.0
420035041003,42003504100,Allegheny,779.0,40.375864,-79.817349,515.0,0.0,488.0,27.0,0.0,0.0,0.0,0.0,0.0,515.0,107.0,75.0,197.0,0.0,72.0,78.0,31.0,16.0,197.0,0.0,59.0,794.96,161.5,345.79,0.0,0.3453,0.3633,0.0,0.018,0.3453,0.3633,0.0,0.018,0.0,0.0,0.0,0.0,0.0,0.0,0.0,0.0,0.0,0.0,0.0,0.0,3.6,2.6,0.0,0.0,0.0,0.0,0,0,0,0,0,0,0,0,0,0,0.0745,0.0745,0.0,0.0,0.0745,0.0745,0.0,0.0,0.0,0.0,0.0,0.0,0.0,0.0,0.0,0.0,0.0,0.0,0.0,0.0
420035041004,42003504100,Allegheny,1454.0,40.38025,-79.833778,1746.0,0.0,735.0,1011.0,0.0,0.0,0.0,0.0,0.0,1746.0,456.0,237.0,647.0,247.0,74.0,226.0,31.0,69.0,647.0,177.0,174.0,1483.8,301.45,645.42,0.0,0.5963,0.5729,0.0234,0.0,0.5963,0.5729,0.0234,0.0,0.5963,0.5729,0.0234,0.0,0.0,0.1135,0.0,0.1135,0.0,0.1135,0.0,0.1135,22.7,29.0,17.9,21.0,17.9,19.2,0,0,0,0,0,0,0,0,0,0,0.0,0.0,0.0,0.0,0.0,0.0,0.0,0.0,0.0,0.0,0.0,0.0,0.0,0.0,0.0,0.0,0.0,0.0,0.0,0.0
420035041005,42003504100,Allegheny,1189.0,40.372793,-79.825311,1082.0,0.0,678.0,404.0,0.0,0.0,0.0,0.0,0.0,1082.0,427.0,130.0,411.0,62.0,132.0,34.0,92.0,91.0,411.0,36.0,185.0,1213.37,246.51,527.79,0.0,0.9268,0.9268,0.0,0.0,0.9268,0.9268,0.0,0.0,0.8436,0.8436,0.0,0.0,0.0,0.0,0.0,0.0,0.0,0.0,0.0,0.0,30.1,32.2,25.0,24.8,25.1,23.1,1,1,1,1,1,1,0,0,0,0,0.2944,0.2944,0.0,0.0,0.2944,0.2944,0.0,0.0,0.2944,0.2944,0.0,0.0,0.0,0.0,0.0,0.0,0.0,0.0,0.0,0.0
420035070001,42003507000,Allegheny,802.0,40.38684,-79.804638,877.0,11.0,746.0,113.0,0.0,0.0,0.0,0.0,7.0,877.0,134.0,211.0,388.0,33.0,74.0,70.0,30.0,181.0,388.0,45.0,152.0,773.41,150.28,399.07,2.32,0.0,0.0474,0.0,0.0474,0.0,0.0474,0.0,0.0474,0.0,0.0,0.0,0.0,0.0,0.0,0.0,0.0,0.0,0.0,0.0,0.0,0.0,0.5,0.0,0.0,0.0,0.0,0,0,0,0,0,0,0,0,0,0,0.0,0.0,0.0,0.0,0.0,0.0,0.0,0.0,0.0,0.0,0.0,0.0,0.0,0.0,0.0,0.0,0.0,0.0,0.0,0.0
420035070002,42003507000,Allegheny,1274.0,40.381986,-79.810447,1125.0,0.0,809.0,204.0,15.0,4.0,0.0,0.0,93.0,1125.0,76.0,306.0,645.0,127.0,208.0,95.0,80.0,135.0,645.0,83.0,411.0,1228.59,238.72,633.93,3.68,0.8697,0.96,0.0,0.0903,0.8697,0.96,0.0,0.0903,0.0,0.0,0.0,0.0,0.0,0.0,0.0,0.0,0.0,0.0,0.0,0.0,12.9,9.5,0.0,0.0,0.0,0.0,1,1,1,1,0,0,0,0,0,0,0.2606,0.2622,0.1303,0.1319,0.2606,0.2622,0.1303,0.1319,0.0,0.0,0.0,0.0,0.0,0.0,0.0,0.0,0.0,0.0,0.0,0.0
420035080001,42003508000,Allegheny,764.0,40.397079,-79.809115,486.0,0.0,323.0,157.0,0.0,0.0,0.0,0.0,6.0,486.0,19.0,95.0,337.0,111.0,160.0,28.0,4.0,34.0,337.0,86.0,192.0,755.42,160.86,389.94,4.29,1.0,1.0,0.0,0.0,1.0,1.0,0.0,0.0,1.0,1.0,0.0,0.0,1.0,0.0,1.0,0.0,0.0,0.0,0.0,0.0,57.7,40.0,20.7,30.0,20.0,28.0,1,1,1,1,1,1,1,0,0,0,1.0,1.0,0.0,0.0,1.0,1.0,0.0,0.0,1.0,1.0,0.0,0.0,1.0,0.0,1.0,0.0,0.0,0.0,0.0,0.0
420035080002,42003508000,Allegheny,1017.0,40.391518,-79.809393,1275.0,38.0,940.0,287.0,0.0,0.0,0.0,0.0,10.0,1275.0,278.0,154.0,572.0,250.0,86.0,126.0,59.0,51.0,572.0,188.0,260.0,1005.58,214.14,519.06,5.71,1.0,1.0,0.0,0.0,1.0,1.0,0.0,0.0,1.0,1.0,0.0,0.0,1.0,0.0,1.0,0.0,0.0,0.0,0.0,0.0,51.2,40.0,20.2,30.0,20.0,28.0,1,1,1,1,1,1,1,0,0,0,0.3451,0.3451,0.0,0.0,0.3451,0.3451,0.0,0.0,0.3451,0.3451,0.0,0.0,0.3451,0.0,0.3451,0.0,0.0,0.0,0.0,0.0
420035094001,42003509400,Allegheny,1316.0,40.412582,-79.819399,1605.0,0.0,1052.0,499.0,0.0,0.0,0.0,0.0,54.0,1605.0,366.0,534.0,693.0,88.0,210.0,203.0,121.0,71.0,693.0,169.0,269.0,1261.19,382.65,625.06,7.72,0.9574,0.9574,0.0,0.0,0.9574,0.9574,0.0,0.0,0.9574,0.9574,0.0,0.0,0.0555,0.9574,0.0,0.902,0.0555,0.079,0.0,0.0236,46.3,53.9,32.8,34.2,32.3,28.4,1,1,1,1,1,1,0,1,0,0,0.4871,0.5091,0.0,0.022,0.4871,0.5091,0.0,0.022,0.4871,0.5091,0.0,0.022,0.0,0.5091,0.0,0.5091,0.0,0.3047,0.0,0.3047
420035094002,42003509400,Allegheny,1078.0,40.412431,-79.814362,779.0,60.0,695.0,0.0,0.0,0.0,0.0,0.0,24.0,779.0,38.0,254.0,444.0,146.0,94.0,109.0,78.0,17.0,444.0,100.0,261.0,1033.1,313.45,512.02,6.32,0.9944,0.9944,0.0,0.0,0.9944,0.9944,0.0,0.0,0.9944,0.9944,0.0,0.0,0.0,0.9944,0.0,0.9944,0.0,0.1531,0.0,0.1531,41.8,53.7,30.8,33.8,30.8,27.8,1,1,1,1,1,1,0,1,0,0,0.0482,0.0482,0.0,0.0,0.0482,0.0482,0.0,0.0,0.0482,0.0482,0.0,0.0,0.0,0.0482,0.0,0.0482,0.0,0.0,0.0,0.0
420035094003,42003509400,Allegheny,671.0,40.407559,-79.817248,411.0,0.0,132.0,233.0,0.0,19.0,0.0,0.0,27.0,411.0,60.0,13.0,202.0,29.0,144.0,29.0,0.0,0.0,202.0,0.0,173.0,643.05,195.11,318.71,3.94,1.0,1.0,0.0,0.0,1.0,1.0,0.0,0.0,1.0,1.0,0.0,0.0,0.0626,0.8793,0.0,0.8167,0.0626,0.3875,0.0,0.3249,43.0,53.2,30.6,33.8,30.4,28.1,1,1,1,1,1,1,0,1,0,1,0.4844,0.4844,0.0,0.0,0.4844,0.4844,0.0,0.0,0.4844,0.4844,0.0,0.0,0.0,0.3532,0.0,0.3532,0.0,0.0,0.0,0.0
420035094004,42003509400,Allegheny,1095.0,40.405403,-79.821159,1190.0,0.0,477.0,499.0,0.0,27.0,0.0,0.0,187.0,1190.0,190.0,150.0,521.0,68.0,175.0,198.0,35.0,45.0,521.0,181.0,174.0,1049.39,318.39,520.09,6.42,1.0,1.0,0.0,0.0,1.0,1.0,0.0,0.0,1.0,1.0,0.0,0.0,0.6758,0.8374,0.1626,0.3242,0.5132,0.6064,0.0,0.0932,86.0,72.3,48.5,48.7,44.9,42.4,1,1,1,1,1,1,1,1,1,1,0.8192,0.8192,0.0,0.0,0.8192,0.8192,0.0,0.0,0.8192,0.8192,0.0,0.0,0.358,0.4977,0.3215,0.4612,0.0365,0.1434,0.0,0.1068
420035094005,42003509400,Allegheny,954.0,40.407813,-79.829127,1022.0,0.0,569.0,423.0,0.0,30.0,0.0,0.0,0.0,1022.0,60.0,546.0,569.0,199.0,232.0,39.0,0.0,99.0,569.0,181.0,213.0,914.27,277.39,453.12,5.6,0.6876,0.6876,0.0,0.0,0.6876,0.6876,0.0,0.0,0.6876,0.6876,0.0,0.0,0.6321,0.3145,0.3732,0.0556,0.6321,0.2589,0.3732,0.0,92.7,39.1,53.8,27.5,48.9,24.6,1,1,1,1,1,1,1,1,1,1,0.2484,0.2484,0.0,0.0,0.2484,0.2484,0.0,0.0,0.2484,0.2484,0.0,0.0,0.2484,0.0,0.2484,0.0,0.2484,0.0,0.2484,0.0
420035100001,42003510000,Allegheny,895.0,40.398052,-79.838459,1009.0,0.0,168.0,800.0,0.0,0.0,0.0,0.0,41.0,1009.0,272.0,64.0,409.0,108.0,90.0,150.0,23.0,38.0,409.0,178.0,78.0,980.92,187.17,374.35,7.43,1.0,1.0,0.0,0.0,1.0,1.0,0.0,0.0,1.0,1.0,0.0,0.0,0.9184,0.6279,0.3721,0.0816,0.9184,0.6279,0.3721,0.0816,122.6,79.5,72.8,52.8,65.4,47.0,1,1,1,1,1,1,1,1,1,1,0.6313,0.5732,0.0581,0.0,0.6313,0.5732,0.0581,0.0,0.6313,0.5732,0.0581,0.0,0.5084,0.4201,0.2112,0.1229,0.4223,0.3933,0.1251,0.0961
420035100002,42003510000,Allegheny,1032.0,40.39739,-79.841082,1112.0,0.0,310.0,749.0,0.0,0.0,0.0,0.0,53.0,1112.0,530.0,139.0,397.0,224.0,50.0,77.0,26.0,20.0,397.0,109.0,182.0,1131.08,215.83,431.65,8.57,1.0,1.0,0.0,0.0,1.0,1.0,0.0,0.0,1.0,1.0,0.0,0.0,0.8421,1.0,0.0,0.1579,0.8421,1.0,0.0,0.1579,100.7,104.0,62.5,67.0,55.7,58.8,1,1,1,1,1,1,1,1,1,1,0.689,0.6318,0.0572,0.0,0.689,0.6318,0.0572,0.0,0.689,0.6318,0.0572,0.0,0.2267,0.5921,0.0572,0.4225,0.2267,0.5921,0.0572,0.4225
420035120001,42003512000,Allegheny,767.0,40.401458,-79.843043,714.0,29.0,194.0,344.0,0.0,0.0,0.0,136.0,11.0,714.0,260.0,88.0,219.0,58.0,75.0,27.0,18.0,41.0,219.0,87.0,83.0,827.31,205.72,398.48,0.0,0.9857,0.9857,0.0,0.0,0.9857,0.9857,0.0,0.0,0.9857,0.9857,0.0,0.0,0.3716,0.9857,0.0,0.6141,0.339,0.9857,0.0,0.6467,62.3,104.0,39.3,72.2,38.7,63.7,1,1,1,1,1,1,0,1,0,1,0.6375,0.6375,0.0,0.0,0.6375,0.6375,0.0,0.0,0.6375,0.6375,0.0,0.0,0.0,0.6375,0.0,0.6375,0.0,0.6375,0.0,0.6375
420035120002,42003512000,Allegheny,1306.0,40.406771,-79.846174,1522.0,0.0,1001.0,300.0,0.0,18.0,0.0,0.0,203.0,1522.0,180.0,425.0,858.0,221.0,234.0,226.0,68.0,109.0,858.0,144.0,537.0,1408.69,350.28,678.52,0.0,1.0,1.0,0.0,0.0,1.0,1.0,0.0,0.0,1.0,1.0,0.0,0.0,0.51,1.0,0.0,0.49,0.33,1.0,0.0,0.67,75.6,110.6,45.5,76.4,43.9,67.6,1,1,1,1,1,1,1,1,0,1,0.6187,0.6187,0.0,0.0,0.6187,0.6187,0.0,0.0,0.6187,0.6187,0.0,0.0,0.0375,0.5812,0.0375,0.5812,0.0,0.451,0.0,0.451
420035130001,42003513000,Allegheny,1311.0,40.403585,-79.860124,1243.0,0.0,255.0,953.0,30.0,0.0,0.0,0.0,5.0,1243.0,158.0,308.0,613.0,305.0,50.0,118.0,28.0,112.0,613.0,374.0,124.0,1156.97,309.81,621.37,0.0,0.9047,0.7666,0.1381,0.0,0.9047,0.7666,0.1381,0.0,0.9047,0.7666,0.1381,0.0,0.8924,0.7666,0.1381,0.0122,0.8658,0.7666,0.1381,0.0389,207.8,238.8,162.0,192.0,112.7,136.3,1,1,1,1,1,1,1,1,1,1,0.6979,0.6415,0.0564,0.0,0.6979,0.6415,0.0564,0.0,0.6979,0.6415,0.0564,0.0,0.6857,0.6415,0.0564,0.0122,0.5576,0.6415,0.0564,0.1404
420035130002,42003513000,Allegheny,936.0,40.409905,-79.865475,740.0,0.0,230.0,412.0,0.0,0.0,0.0,0.0,98.0,740.0,3.0,103.0,452.0,224.0,83.0,36.0,32.0,77.0,452.0,230.0,158.0,826.03,221.19,443.63,0.0,0.9797,0.9797,0.0,0.0,0.9797,0.9797,0.0,0.0,0.9797,0.9797,0.0,0.0,0.9797,0.9797,0.0,0.0,0.9797,0.9797,0.0,0.0,207.7,207.7,162.6,156.4,111.1,109.8,1,1,1,1,1,1,1,1,1,1,0.6186,0.6186,0.0,0.0,0.6186,0.6186,0.0,0.0,0.6186,0.6186,0.0,0.0,0.6186,0.6186,0.0,0.0,0.6186,0.6186,0.0,0.0
420035138001,42003513800,Allegheny,685.0,40.408124,-79.869454,1068.0,0.0,84.0,668.0,0.0,0.0,0.0,0.0,316.0,1068.0,377.0,123.0,302.0,60.0,178.0,6.0,33.0,25.0,302.0,64.0,178.0,781.32,116.22,282.6,2.79,1.0,1.0,0.0,0.0,1.0,1.0,0.0,0.0,1.0,1.0,0.0,0.0,1.0,1.0,0.0,0.0,1.0,1.0,0.0,0.0,240.1,255.0,188.5,198.7,125.2,140.3,1,1,1,1,1,1,1,1,1,1,0.3679,0.1401,0.2277,0.0,0.3679,0.1401,0.2277,0.0,0.3679,0.1401,0.2277,0.0,0.3679,0.0584,0.3095,0.0,0.1401,0.0584,0.0818,0.0
420035138002,42003513800,Allegheny,1036.0,40.403268,-79.86841,971.0,41.0,72.0,805.0,0.0,0.0,0.0,0.0,53.0,971.0,241.0,161.0,408.0,254.0,58.0,61.0,23.0,12.0,408.0,140.0,197.0,1181.68,175.78,427.4,4.21,1.0,0.9122,0.0878,0.0,1.0,0.9122,0.0878,0.0,1.0,0.9122,0.0878,0.0,1.0,0.9122,0.0878,0.0,1.0,0.9122,0.0878,0.0,215.0,162.9,169.3,141.7,111.4,102.0,1,1,1,1,1,1,1,1,1,1,0.5936,0.5212,0.0724,0.0,0.5936,0.5212,0.0724,0.0,0.5936,0.5212,0.0724,0.0,0.5936,0.4855,0.1081,0.0,0.5811,0.4855,0.0956,0.0
420035140001,42003514000,Allegheny,811.0,40.410944,-79.874652,453.0,0.0,260.0,159.0,0.0,0.0,0.0,15.0,19.0,453.0,68.0,55.0,247.0,50.0,111.0,49.0,0.0,37.0,247.0,154.0,36.0,766.94,165.54,329.36,9.84,1.0,1.0,0.0,0.0,1.0,1.0,0.0,0.0,1.0,1.0,0.0,0.0,1.0,1.0,0.0,0.0,1.0,1.0,0.0,0.0,295.2,360.3,194.3,278.7,128.1,196.5,1,1,1,1,1,1,1,1,1,1,0.6905,0.4044,0.2861,0.0,0.6905,0.4044,0.2861,0.0,0.6671,0.4044,0.2861,0.0234,0.6671,0.4044,0.2861,0.0234,0.1369,0.4044,0.0,0.2676
420035140002,42003514000,Allegheny,1085.0,40.413445,-79.881397,1340.0,233.0,149.0,893.0,0.0,0.0,0.0,0.0,65.0,1340.0,434.0,248.0,523.0,160.0,87.0,79.0,84.0,113.0,523.0,176.0,229.0,1026.06,221.46,440.64,13.16,1.0,1.0,0.0,0.0,1.0,1.0,0.0,0.0,1.0,1.0,0.0,0.0,1.0,1.0,0.0,0.0,1.0,1.0,0.0,0.0,486.7,547.5,280.2,385.1,186.5,292.8,1,1,1,1,1,1,1,1,1,1,1.0,0.8627,0.1373,0.0,1.0,0.8627,0.1373,0.0,1.0,0.8627,0.1373,0.0,1.0,0.8627,0.1373,0.0,0.7143,0.8627,0.0,0.1484
420035151001,42003515100,Allegheny,703.0,40.418621,-79.874912,897.0,123.0,560.0,214.0,0.0,0.0,0.0,0.0,0.0,897.0,137.0,167.0,420.0,36.0,22.0,117.0,30.0,215.0,420.0,30.0,218.0,772.31,135.34,403.28,3.29,0.6558,0.6558,0.0,0.0,0.6558,0.6558,0.0,0.0,0.6558,0.6558,0.0,0.0,0.6558,0.6558,0.0,0.0,0.6558,0.6558,0.0,0.0,176.0,201.9,109.3,151.6,73.5,109.9,1,1,1,1,1,1,1,1,1,1,0.111,0.111,0.0,0.0,0.111,0.111,0.0,0.0,0.111,0.111,0.0,0.0,0.111,0.111,0.0,0.0,0.111,0.111,0.0,0.0
420035151002,42003515100,Allegheny,1209.0,40.418101,-79.88203,1189.0,0.0,262.0,722.0,0.0,200.0,0.0,0.0,5.0,1189.0,389.0,291.0,632.0,245.0,156.0,65.0,16.0,150.0,632.0,241.0,227.0,1328.2,232.75,693.55,5.65,1.0,1.0,0.0,0.0,1.0,1.0,0.0,0.0,1.0,1.0,0.0,0.0,1.0,1.0,0.0,0.0,1.0,1.0,0.0,0.0,575.3,638.0,329.1,454.6,217.9,342.4,1,1,1,1,1,1,1,1,1,1,1.0,1.0,0.0,0.0,1.0,1.0,0.0,0.0,1.0,1.0,0.0,0.0,1.0,1.0,0.0,0.0,1.0,1.0,0.0,0.0
420035151003,42003515100,Allegheny,654.0,40.421175,-79.882001,733.0,11.0,407.0,254.0,1.0,4.0,0.0,0.0,56.0,733.0,30.0,48.0,420.0,55.0,73.0,157.0,50.0,85.0,420.0,188.0,152.0,718.48,125.91,375.17,3.06,0.9664,0.9664,0.0,0.0,0.9664,0.9664,0.0,0.0,0.9664,0.9664,0.0,0.0,0.9664,0.9664,0.0,0.0,0.9664,0.9664,0.0,0.0,286.0,261.4,173.0,200.9,115.6,146.9,1,1,1,1,1,1,1,1,1,1,0.1284,0.1284,0.0,0.0,0.1284,0.1284,0.0,0.0,0.1284,0.1284,0.0,0.0,0.1284,0.1284,0.0,0.0,0.1284,0.1284,0.0,0.0
420035152001,42003515200,Allegheny,969.0,40.425131,-79.877218,932.0,14.0,576.0,127.0,0.0,9.0,0.0,0.0,206.0,932.0,97.0,259.0,441.0,75.0,89.0,68.0,41.0,168.0,441.0,0.0,229.0,934.7,252.49,469.73,0.0,0.4386,0.4386,0.0,0.0,0.4386,0.4386,0.0,0.0,0.4386,0.4386,0.0,0.0,0.0568,0.4386,0.0,0.3818,0.0568,0.0568,0.0,0.0,20.1,24.8,14.6,16.4,13.6,13.0,0,0,0,0,0,0,0,0,0,0,0.0,0.0,0.0,0.0,0.0,0.0,0.0,0.0,0.0,0.0,0.0,0.0,0.0,0.0,0.0,0.0,0.0,0.0,0.0,0.0
420035152002,42003515200,Allegheny,1065.0,40.424599,-79.882789,1030.0,19.0,615.0,288.0,0.0,0.0,0.0,0.0,108.0,1030.0,152.0,174.0,545.0,140.0,80.0,126.0,82.0,117.0,545.0,12.0,370.0,1027.3,277.51,516.27,0.0,0.8178,0.8178,0.0,0.0,0.8178,0.8178,0.0,0.0,0.8178,0.8178,0.0,0.0,0.8178,0.8178,0.0,0.0,0.8178,0.8178,0.0,0.0,148.3,156.5,96.2,128.9,61.7,87.5,1,1,1,1,1,1,1,1,1,1,0.3512,0.3512,0.0,0.0,0.3512,0.3512,0.0,0.0,0.3512,0.3512,0.0,0.0,0.3512,0.3512,0.0,0.0,0.3512,0.3512,0.0,0.0
420035153001,42003515300,Allegheny,675.0,40.419671,-79.888987,691.0,0.0,295.0,317.0,0.0,45.0,0.0,31.0,3.0,691.0,90.0,146.0,490.0,200.0,133.0,72.0,36.0,49.0,490.0,95.0,305.0,586.63,104.33,374.87,4.28,1.0,1.0,0.0,0.0,1.0,1.0,0.0,0.0,1.0,1.0,0.0,0.0,1.0,1.0,0.0,0.0,1.0,1.0,0.0,0.0,514.4,573.3,297.0,402.2,198.5,297.7,1,1,1,1,1,1,1,1,1,1,0.9526,0.9526,0.0,0.0,0.9526,0.9526,0.0,0.0,0.9526,0.9526,0.0,0.0,0.9526,0.7644,0.1881,0.0,0.7644,0.7644,0.0,0.0
420035153002,42003515300,Allegheny,1059.0,40.420233,-79.892432,816.0,19.0,505.0,230.0,0.0,0.0,0.0,13.0,49.0,816.0,57.0,233.0,473.0,151.0,143.0,73.0,30.0,76.0,473.0,121.0,208.0,920.37,163.67,588.13,6.72,1.0,1.0,0.0,0.0,1.0,1.0,0.0,0.0,0.8376,1.0,0.0,0.1624,0.8376,1.0,0.0,0.1624,0.8376,1.0,0.0,0.1624,204.3,239.7,127.7,174.6,85.9,120.6,1,1,1,1,1,1,1,1,1,1,0.5005,0.6195,0.0255,0.1445,0.5005,0.6195,0.0255,0.1445,0.372,0.6195,0.0,0.2474,0.372,0.475,0.0,0.1029,0.372,0.475,0.0,0.1029
420035154011,42003515401,Allegheny,881.0,40.424206,-79.891855,860.0,143.0,574.0,77.0,0.0,32.0,0.0,10.0,24.0,860.0,168.0,75.0,353.0,42.0,65.0,74.0,32.0,140.0,353.0,17.0,195.0,819.45,46.17,358.17,3.08,1.0,1.0,0.0,0.0,1.0,1.0,0.0,0.0,1.0,1.0,0.0,0.0,1.0,1.0,0.0,0.0,1.0,1.0,0.0,0.0,232.5,276.1,156.7,204.9,103.6,139.1,1,1,1,1,1,1,1,1,1,1,0.7787,0.5653,0.2134,0.0,0.7787,0.5653,0.2134,0.0,0.4983,0.5653,0.0,0.067,0.4983,0.5653,0.0,0.067,0.4983,0.5653,0.0,0.067
420035154012,42003515401,Allegheny,632.0,40.422568,-79.896976,497.0,12.0,253.0,185.0,0.0,0.0,0.0,0.0,47.0,497.0,56.0,34.0,241.0,69.0,39.0,58.0,61.0,14.0,241.0,58.0,107.0,587.84,33.12,256.94,2.21,1.0,0.8782,0.1218,0.0,1.0,0.8782,0.1218,0.0,0.0,0.8782,0.0,0.8782,0.0,0.8782,0.0,0.8782,0.0,0.8782,0.0,0.8782,22.0,55.7,0.0,40.8,0.0,26.6,1,1,1,1,0,1,0,1,0,1,1.0,0.3766,0.6234,0.0,1.0,0.3766,0.6234,0.0,0.0,0.3766,0.0,0.3766,0.0,0.3766,0.0,0.3766,0.0,0.3766,0.0,0.3766
420035154013,42003515401,Allegheny,777.0,40.430387,-79.894793,773.0,52.0,720.0,0.0,0.0,0.0,0.0,0.0,1.0,773.0,208.0,125.0,337.0,14.0,49.0,81.0,16.0,177.0,337.0,0.0,169.0,722.71,40.72,315.89,2.71,0.9601,0.9601,0.0,0.0,0.9601,0.9601,0.0,0.0,0.9601,0.9601,0.0,0.0,0.9601,0.9601,0.0,0.0,0.9601,0.9601,0.0,0.0,143.3,224.1,94.7,162.4,60.2,110.4,1,1,1,1,1,1,1,1,1,1,0.3333,0.3333,0.0,0.0,0.3333,0.3333,0.0,0.0,0.3333,0.3333,0.0,0.0,0.3333,0.3333,0.0,0.0,0.3333,0.3333,0.0,0.0
420035161001,42003516100,Allegheny,1406.0,40.432643,-79.889304,1410.0,52.0,1280.0,45.0,0.0,0.0,0.0,0.0,33.0,1410.0,202.0,236.0,697.0,30.0,94.0,88.0,130.0,355.0,697.0,26.0,306.0,1410.0,90.0,697.0,0.0,1.0,1.0,0.0,0.0,1.0,1.0,0.0,0.0,1.0,1.0,0.0,0.0,1.0,1.0,0.0,0.0,1.0,1.0,0.0,0.0,228.8,299.3,139.3,218.8,90.0,156.6,1,1,1,1,1,1,1,1,1,1,0.4538,0.3336,0.1202,0.0,0.4538,0.3336,0.1202,0.0,0.3336,0.3336,0.0,0.0,0.3336,0.3336,0.0,0.0,0.3336,0.3336,0.0,0.0
420035162001,42003516200,Allegheny,797.0,40.433644,-79.879353,751.0,8.0,665.0,22.0,0.0,20.0,0.0,4.0,32.0,751.0,179.0,149.0,328.0,11.0,51.0,26.0,15.0,225.0,328.0,15.0,128.0,760.34,83.87,369.86,2.29,0.9147,0.9147,0.0,0.0,0.9147,0.9147,0.0,0.0,0.9147,0.9147,0.0,0.0,0.7077,0.9147,0.0,0.207,0.4341,0.4341,0.0,0.0,170.3,192.3,96.1,136.3,69.6,105.6,1,1,1,1,1,1,1,1,1,1,0.2886,0.2522,0.0364,0.0,0.2886,0.2522,0.0364,0.0,0.2886,0.2522,0.0364,0.0,0.2886,0.2522,0.0364,0.0,0.2886,0.2522,0.0364,0.0
420035162002,42003516200,Allegheny,942.0,40.429584,-79.882123,916.0,19.0,601.0,169.0,0.0,70.0,0.0,0.0,57.0,916.0,137.0,87.0,479.0,74.0,95.0,109.0,12.0,189.0,479.0,41.0,234.0,898.66,99.13,437.14,2.71,1.0,1.0,0.0,0.0,1.0,1.0,0.0,0.0,1.0,1.0,0.0,0.0,0.9533,1.0,0.0,0.0467,0.9533,0.9533,0.0,0.0,132.1,143.4,88.3,120.9,56.2,82.7,1,1,1,1,1,1,1,1,1,1,0.5191,0.5191,0.0,0.0,0.5191,0.5191,0.0,0.0,0.5191,0.5191,0.0,0.0,0.5191,0.5191,0.0,0.0,0.5191,0.5191,0.0,0.0
420035170001,42003517000,Allegheny,615.0,40.422607,-79.870943,449.0,3.0,359.0,62.0,0.0,25.0,0.0,0.0,0.0,449.0,42.0,140.0,253.0,45.0,53.0,16.0,64.0,75.0,253.0,35.0,114.0,579.1,125.49,328.12,4.27,0.7122,0.7122,0.0,0.0,0.7122,0.7122,0.0,0.0,0.7122,0.7122,0.0,0.0,0.0,0.7122,0.0,0.7122,0.0,0.0,0.0,0.0,30.0,38.7,22.1,24.2,22.8,19.9,1,1,1,1,1,1,0,1,0,0,0.0862,0.0862,0.0,0.0,0.0862,0.0862,0.0,0.0,0.0862,0.0862,0.0,0.0,0.0,0.0862,0.0,0.0862,0.0,0.0,0.0,0.0
420035170002,42003517000,Allegheny,1115.0,40.414182,-79.858211,1180.0,7.0,600.0,471.0,0.0,0.0,0.0,2.0,100.0,1180.0,225.0,257.0,670.0,268.0,170.0,84.0,83.0,65.0,670.0,212.0,326.0,1049.9,227.51,594.88,7.73,0.8332,0.8332,0.0,0.0,0.8332,0.8332,0.0,0.0,0.8332,0.8332,0.0,0.0,0.635,0.8332,0.0,0.1982,0.583,0.635,0.0,0.052,184.0,240.6,138.8,184.6,112.5,134.7,1,1,1,1,1,1,1,1,1,1,0.191,0.191,0.0,0.0,0.191,0.191,0.0,0.0,0.191,0.191,0.0,0.0,0.0,0.191,0.0,0.191,0.0,0.1659,0.0,0.1659
420035180011,42003518001,Allegheny,1125.0,40.426409,-79.865092,1078.0,48.0,902.0,97.0,0.0,9.0,0.0,0.0,22.0,1078.0,86.0,379.0,522.0,35.0,58.0,34.0,56.0,339.0,522.0,0.0,199.0,1077.07,114.01,537.85,3.42,1.0,1.0,0.0,0.0,1.0,1.0,0.0,0.0,1.0,1.0,0.0,0.0,0.7369,0.7084,0.2916,0.2631,0.0,0.4453,0.0,0.4453,82.3,75.4,36.9,46.2,37.2,40.5,1,1,1,1,1,1,1,1,0,1,0.36,0.4,0.0,0.04,0.36,0.4,0.0,0.04,0.36,0.4,0.0,0.04,0.1102,0.2898,0.1102,0.2898,0.0,0.0,0.0,0.0
420035180012,42003518001,Allegheny,1243.0,40.431484,-79.859495,1317.0,30.0,1145.0,34.0,0.0,0.0,0.0,8.0,100.0,1317.0,137.0,472.0,669.0,32.0,134.0,155.0,83.0,265.0,669.0,44.0,290.0,1190.04,125.96,594.26,3.78,0.4747,0.4747,0.0,0.0,0.4747,0.4747,0.0,0.0,0.4747,0.4747,0.0,0.0,0.4747,0.0,0.4747,0.0,0.0,0.0,0.0,0.0,33.7,23.7,9.5,14.2,9.5,13.3,1,1,1,1,1,1,1,0,0,0,0.1826,0.1826,0.0,0.0,0.1826,0.1826,0.0,0.0,0.1826,0.1826,0.0,0.0,0.1826,0.0,0.1826,0.0,0.0,0.0,0.0,0.0
420035180013,42003518001,Allegheny,918.0,40.426971,-79.854121,751.0,20.0,701.0,6.0,0.0,24.0,0.0,0.0,0.0,751.0,146.0,146.0,380.0,57.0,95.0,45.0,36.0,147.0,380.0,48.0,208.0,878.89,93.03,438.89,2.79,0.5686,0.5686,0.0,0.0,0.5686,0.5686,0.0,0.0,0.5686,0.5686,0.0,0.0,0.5686,0.2288,0.3399,0.0,0.0033,0.2288,0.0,0.2255,50.8,42.3,19.2,25.7,19.1,23.0,0,0,0,0,0,0,0,0,0,0,0.0861,0.0861,0.0,0.0,0.0861,0.0861,0.0,0.0,0.0861,0.0861,0.0,0.0,0.037,0.049,0.037,0.049,0.0,0.0,0.0,0.0
420035190001,42003519000,Allegheny,1123.0,40.43697,-79.836599,920.0,79.0,695.0,101.0,0.0,0.0,0.0,15.0,30.0,920.0,97.0,360.0,438.0,5.0,26.0,47.0,116.0,244.0,438.0,0.0,100.0,1098.1,164.34,482.71,5.34,0.211,0.1825,0.0285,0.0,0.211,0.1825,0.0285,0.0,0.211,0.1825,0.0285,0.0,0.211,0.1825,0.0285,0.0,0.0,0.049,0.0,0.049,7.9,7.6,3.9,5.6,3.6,3.7,0,0,0,0,0,0,0,0,0,0,0.0,0.0,0.0,0.0,0.0,0.0,0.0,0.0,0.0,0.0,0.0,0.0,0.0,0.0,0.0,0.0,0.0,0.0,0.0,0.0
420035190002,42003519000,Allegheny,1262.0,40.433953,-79.846449,912.0,0.0,543.0,213.0,0.0,72.0,0.0,0.0,84.0,912.0,196.0,318.0,432.0,17.0,28.0,57.0,103.0,227.0,432.0,6.0,200.0,1234.02,184.68,542.46,6.0,0.0,0.0,0.0,0.0,0.0,0.0,0.0,0.0,0.0,0.0,0.0,0.0,0.0,0.0,0.0,0.0,0.0,0.0,0.0,0.0,0.0,0.0,0.0,0.0,0.0,0.0,0,0,0,0,0,0,0,0,0,0,0.0,0.0,0.0,0.0,0.0,0.0,0.0,0.0,0.0,0.0,0.0,0.0,0.0,0.0,0.0,0.0,0.0,0.0,0.0,0.0
420035190003,42003519000,Allegheny,772.0,40.447607,-79.852483,1255.0,84.0,990.0,75.0,0.0,20.0,0.0,0.0,86.0,1255.0,342.0,197.0,487.0,19.0,31.0,79.0,118.0,240.0,487.0,9.0,226.0,754.88,112.98,331.84,3.67,0.5402,0.4728,0.0674,0.0,0.5402,0.4728,0.0674,0.0,0.3977,0.3303,0.0674,0.0,0.3977,0.3303,0.0674,0.0,0.0,0.3303,0.0,0.3303,33.1,33.4,11.0,15.9,10.2,10.6,1,1,1,1,1,1,1,1,0,1,0.1736,0.1736,0.0,0.0,0.1736,0.1736,0.0,0.0,0.1736,0.1736,0.0,0.0,0.1736,0.1736,0.0,0.0,0.0,0.1736,0.0,0.1736
420035200011,42003520001,Allegheny,1443.0,40.426608,-79.818376,1228.0,15.0,878.0,224.0,46.0,0.0,0.0,47.0,18.0,1228.0,50.0,623.0,820.0,213.0,171.0,166.0,27.0,243.0,820.0,116.0,443.0,1305.7,258.66,692.27,7.09,0.5107,0.5107,0.0,0.0,0.5107,0.5107,0.0,0.0,0.5107,0.5107,0.0,0.0,0.5107,0.5107,0.0,0.0,0.0,0.5107,0.0,0.5107,29.0,44.7,14.4,35.5,13.1,25.6,1,1,1,1,1,1,1,1,0,1,0.0,0.0,0.0,0.0,0.0,0.0,0.0,0.0,0.0,0.0,0.0,0.0,0.0,0.0,0.0,0.0,0.0,0.0,0.0,0.0
420035200012,42003520001,Allegheny,1815.0,40.436324,-79.813687,1720.0,0.0,1212.0,441.0,0.0,6.0,0.0,16.0,45.0,1720.0,318.0,387.0,743.0,36.0,79.0,212.0,148.0,268.0,743.0,0.0,367.0,1642.3,325.34,870.73,8.91,0.0551,0.0551,0.0,0.0,0.0551,0.0551,0.0,0.0,0.0551,0.0551,0.0,0.0,0.0551,0.0551,0.0,0.0,0.0,0.0551,0.0,0.0551,3.5,5.4,1.7,4.3,1.5,3.2,0,0,0,0,0,0,0,0,0,0,0.0,0.0,0.0,0.0,0.0,0.0,0.0,0.0,0.0,0.0,0.0,0.0,0.0,0.0,0.0,0.0,0.0,0.0,0.0,0.0
420035200021,42003520002,Allegheny,1053.0,40.419615,-79.829186,1174.0,18.0,676.0,384.0,0.0,0.0,0.0,0.0,96.0,1174.0,328.0,201.0,517.0,45.0,126.0,136.0,111.0,99.0,517.0,42.0,185.0,1111.58,113.06,540.12,0.0,0.0,0.0,0.0,0.0,0.0,0.0,0.0,0.0,0.0,0.0,0.0,0.0,0.0,0.0,0.0,0.0,0.0,0.0,0.0,0.0,0.0,0.0,0.0,0.0,0.0,0.0,0,0,0,0,0,0,0,0,0,0,0.0,0.0,0.0,0.0,0.0,0.0,0.0,0.0,0.0,0.0,0.0,0.0,0.0,0.0,0.0,0.0,0.0,0.0,0.0,0.0
420035200022,42003520002,Allegheny,1110.0,40.415878,-79.836468,1311.0,51.0,703.0,454.0,0.0,8.0,0.0,0.0,95.0,1311.0,270.0,365.0,714.0,163.0,154.0,126.0,149.0,122.0,714.0,36.0,459.0,1171.75,119.18,569.36,0.0,0.0387,0.0387,0.0,0.0,0.0387,0.0387,0.0,0.0,0.0387,0.0387,0.0,0.0,0.0387,0.0,0.0387,0.0,0.0,0.0,0.0,0.0,2.2,1.5,0.8,1.2,0.8,1.1,0,0,0,0,0,0,0,0,0,0,0.0,0.0,0.0,0.0,0.0,0.0,0.0,0.0,0.0,0.0,0.0,0.0,0.0,0.0,0.0,0.0,0.0,0.0,0.0,0.0
420035200023,42003520002,Allegheny,929.0,40.425899,-79.840019,779.0,0.0,649.0,130.0,0.0,0.0,0.0,0.0,0.0,779.0,94.0,194.0,355.0,9.0,45.0,72.0,88.0,141.0,355.0,0.0,190.0,980.68,99.75,476.52,0.0,0.0,0.0,0.0,0.0,0.0,0.0,0.0,0.0,0.0,0.0,0.0,0.0,0.0,0.0,0.0,0.0,0.0,0.0,0.0,0.0,0.0,0.0,0.0,0.0,0.0,0.0,0,0,0,0,0,0,0,0,0,0,0.0,0.0,0.0,0.0,0.0,0.0,0.0,0.0,0.0,0.0,0.0,0.0,0.0,0.0,0.0,0.0,0.0,0.0,0.0,0.0
420035211001,42003521100,Allegheny,992.0,40.456362,-79.765604,1021.0,4.0,878.0,18.0,0.0,42.0,0.0,0.0,79.0,1021.0,217.0,232.0,373.0,66.0,21.0,26.0,82.0,178.0,373.0,11.0,93.0,966.72,171.55,399.55,6.76,0.3256,0.0464,0.2792,0.0,0.3256,0.0464,0.2792,0.0,0.0,0.0,0.0,0.0,0.3256,0.0464,0.2792,0.0,0.0,0.0,0.0,0.0,15.6,0.7,0.0,0.0,0.0,0.0,0,0,0,0,0,0,0,0,0,0,0.1431,0.0,0.1431,0.0,0.1431,0.0,0.1431,0.0,0.0,0.0,0.0,0.0,0.1431,0.0,0.1431,0.0,0.0,0.0,0.0,0.0
420035211002,42003521100,Allegheny,1316.0,40.44798,-79.77656,1426.0,58.0,757.0,462.0,0.0,0.0,0.0,17.0,132.0,1426.0,194.0,324.0,616.0,73.0,158.0,86.0,128.0,171.0,616.0,20.0,274.0,1282.46,227.57,530.04,8.96,0.0836,0.0433,0.0403,0.0,0.0836,0.0433,0.0403,0.0,0.0,0.0,0.0,0.0,0.0836,0.0433,0.0403,0.0,0.0,0.0,0.0,0.0,3.1,1.4,0.0,0.0,0.0,0.0,0,0,0,0,0,0,0,0,0,0,0.0,0.0,0.0,0.0,0.0,0.0,0.0,0.0,0.0,0.0,0.0,0.0,0.0,0.0,0.0,0.0,0.0,0.0,0.0,0.0
420035211003,42003521100,Allegheny,2243.0,40.450799,-79.783101,1996.0,117.0,1229.0,468.0,0.0,79.0,0.0,19.0,84.0,1996.0,328.0,538.0,844.0,109.0,84.0,163.0,177.0,311.0,844.0,6.0,400.0,2185.83,387.88,903.41,15.28,0.0,0.0,0.0,0.0,0.0,0.0,0.0,0.0,0.0,0.0,0.0,0.0,0.0,0.0,0.0,0.0,0.0,0.0,0.0,0.0,0.0,0.0,0.0,0.0,0.0,0.0,0,0,0,0,0,0,0,0,0,0,0.0,0.0,0.0,0.0,0.0,0.0,0.0,0.0,0.0,0.0,0.0,0.0,0.0,0.0,0.0,0.0,0.0,0.0,0.0,0.0
420035212001,42003521200,Allegheny,2144.0,40.440366,-79.783696,3195.0,504.0,1713.0,748.0,0.0,16.0,0.0,0.0,214.0,3195.0,888.0,436.0,1322.0,154.0,172.0,260.0,282.0,454.0,1322.0,190.0,536.0,2377.32,323.43,1091.21,10.91,0.146,0.146,0.0,0.0,0.146,0.146,0.0,0.0,0.146,0.146,0.0,0.0,0.146,0.146,0.0,0.0,0.0084,0.146,0.0,0.1376,8.3,17.1,4.6,9.0,4.3,6.3,0,0,0,0,0,0,0,0,0,0,0.0,0.0,0.0,0.0,0.0,0.0,0.0,0.0,0.0,0.0,0.0,0.0,0.0,0.0,0.0,0.0,0.0,0.0,0.0,0.0
420035212002,42003521200,Allegheny,923.0,40.427816,-79.791437,569.0,0.0,371.0,148.0,0.0,50.0,0.0,0.0,0.0,569.0,0.0,290.0,366.0,116.0,18.0,102.0,21.0,109.0,366.0,19.0,230.0,1023.45,139.24,469.77,4.7,1.0,0.8852,0.1148,0.0,1.0,0.8852,0.1148,0.0,1.0,0.8852,0.1148,0.0,0.6414,0.8852,0.1148,0.3586,0.1148,0.5775,0.1148,0.5775,77.3,99.8,44.8,60.4,43.8,46.0,1,1,1,1,1,1,1,1,0,1,0.7161,0.5905,0.1257,0.0,0.7161,0.5905,0.1257,0.0,0.5905,0.5905,0.0,0.0,0.4832,0.5785,0.1376,0.2329,0.0,0.415,0.0,0.415
420035212003,42003521200,Allegheny,1454.0,40.414048,-79.806435,1287.0,157.0,825.0,56.0,0.0,35.0,0.0,0.0,214.0,1287.0,260.0,274.0,613.0,60.0,189.0,152.0,104.0,108.0,613.0,27.0,322.0,1612.23,219.34,740.03,7.4,0.434,0.434,0.0,0.0,0.434,0.434,0.0,0.0,0.434,0.434,0.0,0.0,0.011,0.423,0.011,0.423,0.0,0.0,0.0,0.0,18.6,23.4,13.2,14.5,13.2,12.0,0,0,0,0,0,0,0,0,0,0,0.0578,0.0578,0.0,0.0,0.0578,0.0578,0.0,0.0,0.0578,0.0578,0.0,0.0,0.0,0.0578,0.0,0.0578,0.0,0.0,0.0,0.0
420035213011,42003521301,Allegheny,822.0,40.437112,-79.765106,598.0,0.0,447.0,133.0,0.0,2.0,0.0,0.0,16.0,598.0,17.0,341.0,467.0,69.0,210.0,96.0,15.0,77.0,467.0,136.0,244.0,738.36,131.22,399.3,0.39,1.0,1.0,0.0,0.0,1.0,1.0,0.0,0.0,1.0,1.0,0.0,0.0,1.0,1.0,0.0,0.0,0.0,1.0,0.0,1.0,86.0,146.9,50.8,82.0,49.0,60.0,1,1,1,1,1,1,1,1,0,1,0.0718,0.0718,0.0,0.0,0.0718,0.0718,0.0,0.0,0.0718,0.0718,0.0,0.0,0.0718,0.0718,0.0,0.0,0.0,0.0718,0.0,0.0718
420035213012,42003521301,Allegheny,1235.0,40.426278,-79.758447,1052.0,71.0,622.0,244.0,4.0,0.0,0.0,1.0,110.0,1052.0,45.0,298.0,650.0,173.0,158.0,162.0,43.0,114.0,650.0,120.0,460.0,1109.33,197.14,599.92,0.59,0.6591,0.0,0.6591,0.0,0.6591,0.0,0.6591,0.0,0.0462,0.0,0.0462,0.0,0.613,0.0,0.613,0.0,0.0,0.0,0.0,0.0,30.4,0.0,0.6,0.0,0.7,0.0,1,0,1,0,0,0,1,0,0,0,0.0,0.0,0.0,0.0,0.0,0.0,0.0,0.0,0.0,0.0,0.0,0.0,0.0,0.0,0.0,0.0,0.0,0.0,0.0,0.0
420035213013,42003521301,Allegheny,768.0,40.41295,-79.766314,1092.0,0.0,1034.0,32.0,0.0,0.0,0.0,0.0,26.0,1092.0,241.0,127.0,370.0,84.0,113.0,0.0,13.0,160.0,370.0,0.0,90.0,689.85,122.6,373.07,0.36,0.0,0.0,0.0,0.0,0.0,0.0,0.0,0.0,0.0,0.0,0.0,0.0,0.0,0.0,0.0,0.0,0.0,0.0,0.0,0.0,0.0,0.0,0.0,0.0,0.0,0.0,0,0,0,0,0,0,0,0,0,0,0.0,0.0,0.0,0.0,0.0,0.0,0.0,0.0,0.0,0.0,0.0,0.0,0.0,0.0,0.0,0.0,0.0,0.0,0.0,0.0
420035213014,42003521301,Allegheny,1391.0,40.412003,-79.756993,1184.0,22.0,898.0,116.0,0.0,148.0,0.0,0.0,0.0,1184.0,311.0,135.0,561.0,36.0,57.0,14.0,146.0,308.0,561.0,0.0,210.0,1249.46,222.05,675.7,0.66,0.2487,0.0187,0.2301,0.0,0.2487,0.0187,0.2301,0.0,0.0187,0.0187,0.0,0.0,0.2487,0.0187,0.2301,0.0,0.0,0.0,0.0,0.0,12.1,0.7,0.4,0.6,0.4,0.5,0,0,0,0,0,0,0,0,0,0,0.005,0.005,0.0,0.0,0.005,0.005,0.0,0.0,0.005,0.005,0.0,0.0,0.005,0.005,0.0,0.0,0.0,0.0,0.0,0.0
420035213021,42003521302,Allegheny,1592.0,40.430933,-79.769464,1381.0,243.0,565.0,389.0,0.0,173.0,0.0,0.0,11.0,1381.0,219.0,280.0,611.0,12.0,191.0,122.0,185.0,101.0,611.0,29.0,423.0,1235.6,186.49,627.85,3.17,0.1815,0.0182,0.1633,0.0,0.1815,0.0182,0.1633,0.0,0.1815,0.0182,0.1633,0.0,0.0,0.0182,0.0,0.0182,0.0,0.0182,0.0,0.0182,7.6,1.0,5.6,0.6,5.6,0.5,0,0,0,0,0,0,0,0,0,0,0.0182,0.0,0.0182,0.0,0.0182,0.0,0.0182,0.0,0.0182,0.0,0.0182,0.0,0.0,0.0,0.0,0.0,0.0,0.0,0.0,0.0
420035213022,42003521302,Allegheny,956.0,40.434435,-79.777856,618.0,0.0,379.0,112.0,0.0,52.0,0.0,0.0,75.0,618.0,32.0,71.0,460.0,204.0,69.0,46.0,68.0,73.0,460.0,91.0,208.0,741.98,111.98,377.02,1.91,0.8232,1.0,0.0,0.1768,0.8232,1.0,0.0,0.1768,0.8232,1.0,0.0,0.1768,0.7814,1.0,0.0,0.2186,0.7636,1.0,0.0,0.2364,76.8,130.8,49.0,71.5,47.4,53.0,1,1,1,1,1,1,1,1,1,1,0.0,0.1946,0.0,0.1946,0.0,0.1946,0.0,0.1946,0.0,0.1946,0.0,0.1946,0.0,0.1946,0.0,0.1946,0.0,0.1946,0.0,0.1946
420035213023,42003521302,Allegheny,1368.0,40.420871,-79.787131,883.0,0.0,865.0,0.0,0.0,18.0,0.0,0.0,0.0,883.0,80.0,316.0,422.0,137.0,72.0,102.0,71.0,40.0,422.0,0.0,212.0,1061.74,160.25,539.51,2.73,0.3253,0.3253,0.0,0.0,0.3253,0.3253,0.0,0.0,0.3253,0.3253,0.0,0.0,0.0329,0.2617,0.0,0.2288,0.0,0.2617,0.0,0.2617,14.1,16.0,9.2,10.0,9.1,8.2,0,0,0,0,0,0,0,0,0,0,0.0329,0.049,0.0,0.0161,0.0329,0.049,0.0,0.0161,0.0329,0.049,0.0,0.0161,0.0,0.0329,0.0,0.0329,0.0,0.0329,0.0,0.0329
420035213024,42003521302,Allegheny,600.0,40.401221,-79.799756,772.0,0.0,608.0,133.0,0.0,0.0,0.0,31.0,0.0,772.0,231.0,189.0,288.0,30.0,74.0,0.0,19.0,165.0,288.0,20.0,74.0,465.68,70.28,236.63,1.2,0.2667,0.2667,0.0,0.0,0.2667,0.2667,0.0,0.0,0.2667,0.2667,0.0,0.0,0.2667,0.0,0.2667,0.0,0.0,0.0,0.0,0.0,14.4,10.6,5.3,7.8,5.2,7.3,0,0,0,0,0,0,0,0,0,0,0.035,0.035,0.0,0.0,0.035,0.035,0.0,0.0,0.035,0.035,0.0,0.0,0.035,0.0,0.035,0.0,0.0,0.0,0.0,0.0
420035214011,42003521401,Allegheny,2067.0,40.427809,-79.73672,2155.0,43.0,1504.0,60.0,0.0,482.0,0.0,10.0,56.0,2155.0,190.0,532.0,923.0,81.0,177.0,81.0,74.0,510.0,923.0,37.0,403.0,1972.27,308.92,889.29,0.0,0.1563,0.1693,0.0,0.0131,0.1563,0.1693,0.0,0.0131,0.0019,0.0019,0.0,0.0,0.0,0.0019,0.0,0.0019,0.0,0.0019,0.0,0.0019,2.9,2.6,0.1,0.2,0.1,0.1,0,0,0,0,0,0,0,0,0,0,0.0,0.0,0.0,0.0,0.0,0.0,0.0,0.0,0.0,0.0,0.0,0.0,0.0,0.0,0.0,0.0,0.0,0.0,0.0,0.0
420035214012,42003521401,Allegheny,857.0,40.421924,-79.717757,845.0,57.0,769.0,0.0,0.0,0.0,0.0,0.0,19.0,845.0,222.0,228.0,335.0,70.0,43.0,62.0,30.0,130.0,335.0,46.0,91.0,817.73,128.08,368.71,0.0,0.0,0.0,0.0,0.0,0.0,0.0,0.0,0.0,0.0,0.0,0.0,0.0,0.0,0.0,0.0,0.0,0.0,0.0,0.0,0.0,0.0,0.0,0.0,0.0,0.0,0.0,0,0,0,0,0,0,0,0,0,0,0.0,0.0,0.0,0.0,0.0,0.0,0.0,0.0,0.0,0.0,0.0,0.0,0.0,0.0,0.0,0.0,0.0,0.0,0.0,0.0
420035214021,42003521402,Allegheny,1317.0,40.400478,-79.755798,1409.0,0.0,941.0,243.0,0.0,71.0,0.0,0.0,154.0,1409.0,337.0,241.0,541.0,19.0,89.0,48.0,43.0,342.0,541.0,4.0,174.0,1382.25,145.88,519.28,9.57,0.0676,0.0585,0.0091,0.0,0.0676,0.0585,0.0091,0.0,0.0676,0.0585,0.0091,0.0,0.0676,0.0585,0.0091,0.0,0.0,0.0152,0.0,0.0152,3.7,2.3,1.1,1.8,1.1,1.6,0,0,0,0,0,0,0,0,0,0,0.0152,0.0091,0.0061,0.0,0.0152,0.0091,0.0061,0.0,0.0152,0.0091,0.0061,0.0,0.0152,0.0091,0.0061,0.0,0.0,0.0,0.0,0.0
420035214022,42003521402,Allegheny,1285.0,40.404543,-79.745952,1390.0,0.0,764.0,586.0,0.0,2.0,0.0,32.0,6.0,1390.0,476.0,221.0,476.0,44.0,41.0,41.0,11.0,339.0,476.0,0.0,80.0,1348.67,142.33,506.67,9.33,0.0,0.0,0.0,0.0,0.0,0.0,0.0,0.0,0.0,0.0,0.0,0.0,0.0,0.0,0.0,0.0,0.0,0.0,0.0,0.0,0.0,0.0,0.0,0.0,0.0,0.0,0,0,0,0,0,0,0,0,0,0,0.0,0.0,0.0,0.0,0.0,0.0,0.0,0.0,0.0,0.0,0.0,0.0,0.0,0.0,0.0,0.0,0.0,0.0,0.0,0.0
420035214023,42003521402,Allegheny,1253.0,40.412779,-79.74168,1247.0,0.0,1077.0,118.0,0.0,36.0,0.0,0.0,16.0,1247.0,198.0,382.0,503.0,35.0,0.0,68.0,72.0,328.0,503.0,0.0,81.0,1315.08,138.79,494.05,9.1,0.0,0.0,0.0,0.0,0.0,0.0,0.0,0.0,0.0,0.0,0.0,0.0,0.0,0.0,0.0,0.0,0.0,0.0,0.0,0.0,0.0,0.0,0.0,0.0,0.0,0.0,0,0,0,0,0,0,0,0,0,0,0.0,0.0,0.0,0.0,0.0,0.0,0.0,0.0,0.0,0.0,0.0,0.0,0.0,0.0,0.0,0.0,0.0,0.0,0.0,0.0
420035215001,42003521500,Allegheny,1475.0,40.439039,-79.717082,1234.0,0.0,1110.0,61.0,0.0,21.0,0.0,0.0,42.0,1234.0,96.0,392.0,591.0,36.0,35.0,167.0,123.0,230.0,591.0,20.0,145.0,1512.93,176.65,688.55,8.31,0.1261,0.0983,0.0359,0.0081,0.1261,0.0983,0.0359,0.0081,0.0,0.0,0.0,0.0,0.0,0.0,0.0,0.0,0.0,0.0,0.0,0.0,1.9,1.4,0.0,0.0,0.0,0.0,0,0,0,0,0,0,0,0,0,0,0.0047,0.0047,0.0,0.0,0.0047,0.0047,0.0,0.0,0.0,0.0,0.0,0.0,0.0,0.0,0.0,0.0,0.0,0.0,0.0,0.0
420035215002,42003521500,Allegheny,1835.0,40.445024,-79.742843,1856.0,14.0,1294.0,204.0,0.0,214.0,0.0,0.0,130.0,1856.0,264.0,433.0,946.0,130.0,128.0,240.0,109.0,339.0,946.0,69.0,383.0,1882.19,219.77,856.6,10.34,0.612,0.612,0.0,0.0,0.612,0.612,0.0,0.0,0.0,0.0,0.0,0.0,0.612,0.0561,0.5559,0.0,0.0,0.0,0.0,0.0,46.1,9.6,0.0,0.0,0.0,0.0,1,0,1,0,0,0,1,0,0,0,0.1019,0.1019,0.0,0.0,0.1019,0.1019,0.0,0.0,0.0,0.0,0.0,0.0,0.1019,0.0,0.1019,0.0,0.0,0.0,0.0,0.0
420035215003,42003521500,Allegheny,773.0,40.449047,-79.758299,1098.0,45.0,943.0,10.0,0.0,44.0,0.0,0.0,56.0,1098.0,366.0,289.0,369.0,8.0,59.0,49.0,112.0,141.0,369.0,0.0,72.0,792.88,92.58,360.85,4.35,1.0,0.9288,0.0712,0.0,1.0,0.9288,0.0712,0.0,0.0,0.0,0.0,0.0,1.0,0.599,0.401,0.0,0.0,0.0,0.0,0.0,54.8,32.6,0.0,0.0,0.0,0.0,1,1,1,1,0,0,1,1,0,0,0.141,0.0,0.141,0.0,0.141,0.0,0.141,0.0,0.0,0.0,0.0,0.0,0.141,0.0,0.141,0.0,0.0,0.0,0.0,0.0
420035220001,42003522000,Allegheny,622.0,40.404789,-79.773592,390.0,6.0,318.0,11.0,0.0,0.0,0.0,0.0,55.0,390.0,40.0,70.0,159.0,0.0,84.0,26.0,37.0,12.0,159.0,0.0,81.0,608.16,106.11,283.22,0.0,0.4116,0.5096,0.0,0.0981,0.4116,0.5096,0.0,0.0981,0.4116,0.5096,0.0,0.0981,0.4116,0.3232,0.0884,0.0,0.0,0.0,0.0,0.0,23.0,18.4,8.2,13.8,8.2,12.9,1,1,1,1,1,1,1,0,0,0,0.1109,0.2637,0.0,0.1527,0.1109,0.2637,0.0,0.1527,0.1109,0.2637,0.0,0.1527,0.1109,0.0531,0.0579,0.0,0.0,0.0,0.0,0.0
420035220002,42003522000,Allegheny,1538.0,40.403256,-79.779085,1523.0,116.0,683.0,653.0,0.0,0.0,0.0,0.0,71.0,1523.0,242.0,290.0,832.0,340.0,243.0,88.0,21.0,140.0,832.0,160.0,509.0,1503.78,262.37,700.31,0.0,0.9057,0.9057,0.0,0.0,0.9057,0.9057,0.0,0.0,0.9057,0.9057,0.0,0.0,0.9057,0.0462,0.8596,0.0,0.0,0.0,0.0,0.0,50.7,36.2,18.1,27.2,18.1,25.4,1,1,1,1,1,1,1,0,0,0,0.4181,0.4798,0.0,0.0618,0.4181,0.4798,0.0,0.0618,0.4181,0.4798,0.0,0.0618,0.4181,0.1365,0.2815,0.0,0.0,0.0,0.0,0.0
420035220003,42003522000,Allegheny,941.0,40.408867,-79.776086,1119.0,0.0,813.0,275.0,0.0,0.0,0.0,0.0,31.0,1119.0,350.0,174.0,421.0,81.0,186.0,25.0,58.0,71.0,421.0,19.0,183.0,920.06,160.53,428.47,0.0,0.0478,0.0478,0.0,0.0,0.0478,0.0478,0.0,0.0,0.0478,0.0478,0.0,0.0,0.0478,0.0,0.0478,0.0,0.0,0.0,0.0,0.0,2.7,1.9,1.0,1.4,1.0,1.3,0,0,0,0,0,0,0,0,0,0,0.0,0.0,0.0,0.0,0.0,0.0,0.0,0.0,0.0,0.0,0.0,0.0,0.0,0.0,0.0,0.0,0.0,0.0,0.0,0.0
420035231001,42003523100,Allegheny,1212.0,40.473833,-79.871497,1627.0,0.0,195.0,1397.0,0.0,5.0,0.0,0.0,30.0,1627.0,306.0,263.0,635.0,76.0,198.0,226.0,72.0,63.0,635.0,7.0,434.0,1168.36,170.41,471.74,4.78,0.83,0.4274,0.4398,0.0371,0.83,0.4274,0.4398,0.0371,0.83,0.4274,0.4398,0.0371,0.83,0.4274,0.4398,0.0371,0.0,0.4274,0.0,0.4274,53.1,32.3,43.6,23.4,24.1,16.3,1,0,1,0,1,0,1,0,0,0,0.4233,0.0,0.4233,0.0,0.4233,0.0,0.4233,0.0,0.4233,0.0,0.4233,0.0,0.4233,0.0,0.4233,0.0,0.0,0.0,0.0,0.0
420035231002,42003523100,Allegheny,1157.0,40.470594,-79.866295,1095.0,33.0,196.0,747.0,0.0,9.0,0.0,0.0,110.0,1095.0,160.0,337.0,427.0,44.0,171.0,45.0,25.0,142.0,427.0,31.0,164.0,1115.34,162.68,450.33,4.56,1.0,0.4399,0.5601,0.0,1.0,0.4399,0.5601,0.0,1.0,0.4399,0.5601,0.0,1.0,0.4399,0.5601,0.0,0.0,0.4399,0.0,0.4399,75.3,29.0,62.4,21.1,33.6,14.1,1,0,1,0,1,0,1,0,0,0,0.1971,0.0,0.1971,0.0,0.1971,0.0,0.1971,0.0,0.1971,0.0,0.1971,0.0,0.1971,0.0,0.1971,0.0,0.0,0.0,0.0,0.0
420035231003,42003523100,Allegheny,794.0,40.462838,-79.871191,548.0,0.0,68.0,407.0,0.0,18.0,0.0,0.0,55.0,548.0,119.0,125.0,224.0,70.0,45.0,34.0,0.0,75.0,224.0,28.0,75.0,765.41,111.64,309.04,3.13,1.0,1.0,0.0,0.0,1.0,1.0,0.0,0.0,1.0,1.0,0.0,0.0,1.0,1.0,0.0,0.0,0.0831,1.0,0.0,0.9169,95.0,93.8,71.7,68.6,50.2,45.5,1,1,1,1,1,1,1,1,0,1,0.3665,0.3665,0.0,0.0,0.3665,0.3665,0.0,0.0,0.3665,0.3665,0.0,0.0,0.3665,0.3665,0.0,0.0,0.0,0.3665,0.0,0.3665
420035231004,42003523100,Allegheny,642.0,40.464842,-79.883785,398.0,15.0,38.0,315.0,0.0,0.0,0.0,0.0,30.0,398.0,112.0,112.0,195.0,36.0,20.0,58.0,70.0,11.0,195.0,40.0,104.0,618.88,90.27,249.88,2.53,0.7788,0.6433,0.1355,0.0,0.7788,0.6433,0.1355,0.0,0.7788,0.6433,0.1355,0.0,0.7788,0.6433,0.1355,0.0,0.4486,0.4579,0.1854,0.1947,67.4,71.2,49.5,49.6,34.0,37.8,1,1,1,1,1,1,1,1,0,1,0.2072,0.2259,0.0,0.0187,0.2072,0.2259,0.0,0.0187,0.2072,0.2259,0.0,0.0187,0.2072,0.2259,0.0,0.0187,0.0171,0.2087,0.0171,0.2087
420035232001,42003523200,Allegheny,1185.0,40.465866,-79.856693,950.0,0.0,600.0,216.0,0.0,0.0,0.0,0.0,134.0,950.0,108.0,262.0,522.0,312.0,20.0,44.0,62.0,84.0,522.0,49.0,260.0,1239.45,147.85,580.63,0.0,0.7654,0.6329,0.1325,0.0,0.7654,0.6329,0.1325,0.0,0.7468,0.6329,0.1325,0.0186,0.7468,0.6329,0.1325,0.0186,0.0,0.6329,0.0,0.6329,52.5,57.2,36.4,42.1,29.0,27.7,1,1,1,1,1,1,1,1,0,1,0.1544,0.1544,0.0,0.0,0.1544,0.1544,0.0,0.0,0.1122,0.1544,0.0,0.0422,0.1122,0.1544,0.0,0.0422,0.0,0.1544,0.0,0.1544
420035232002,42003523200,Allegheny,955.0,40.460547,-79.850914,896.0,0.0,314.0,534.0,0.0,0.0,0.0,0.0,48.0,896.0,140.0,60.0,393.0,10.0,149.0,30.0,88.0,116.0,393.0,11.0,80.0,998.88,119.15,467.93,0.0,1.0,1.0,0.0,0.0,1.0,1.0,0.0,0.0,1.0,1.0,0.0,0.0,1.0,1.0,0.0,0.0,0.0,1.0,0.0,1.0,78.8,113.3,30.1,81.5,30.1,54.1,1,1,1,1,1,1,1,1,0,1,0.3832,0.3832,0.0,0.0,0.3832,0.3832,0.0,0.0,0.1037,0.3832,0.0,0.2796,0.1037,0.3717,0.0115,0.2796,0.0,0.3717,0.0,0.3717
420035232003,42003523200,Allegheny,971.0,40.454912,-79.849726,1272.0,25.0,387.0,740.0,0.0,6.0,0.0,0.0,114.0,1272.0,399.0,226.0,523.0,133.0,0.0,89.0,93.0,208.0,523.0,35.0,320.0,1015.62,121.15,475.77,0.0,0.5057,0.5057,0.0,0.0,0.5057,0.5057,0.0,0.0,0.1545,0.5057,0.0,0.3512,0.1545,0.5057,0.0,0.3512,0.0,0.5057,0.0,0.5057,27.4,36.6,3.4,25.7,3.4,17.2,1,1,1,1,0,1,0,1,0,1,0.0937,0.0937,0.0,0.0,0.0937,0.0937,0.0,0.0,0.0,0.0937,0.0,0.0937,0.0,0.0937,0.0,0.0937,0.0,0.0937,0.0,0.0937
420035232004,42003523200,Allegheny,632.0,40.46019,-79.859728,797.0,0.0,154.0,603.0,0.0,0.0,0.0,0.0,40.0,797.0,124.0,315.0,396.0,201.0,76.0,43.0,16.0,60.0,396.0,83.0,190.0,661.04,78.85,309.67,0.0,1.0,1.0,0.0,0.0,1.0,1.0,0.0,0.0,0.9636,1.0,0.0,0.0364,0.9636,1.0,0.0,0.0364,0.0,1.0,0.0,1.0,87.4,117.5,45.5,85.2,39.3,56.5,1,1,1,1,1,1,1,1,0,1,0.2009,0.2009,0.0,0.0,0.2009,0.2009,0.0,0.0,0.1646,0.2009,0.0,0.0364,0.1646,0.2009,0.0,0.0364,0.0,0.2009,0.0,0.2009
420035233001,42003523300,Allegheny,723.0,40.478206,-79.828327,950.0,18.0,653.0,239.0,0.0,0.0,0.0,0.0,40.0,950.0,135.0,124.0,396.0,22.0,52.0,56.0,45.0,221.0,396.0,0.0,113.0,759.27,135.98,321.52,3.23,0.3485,0.3485,0.0,0.0,0.3485,0.3485,0.0,0.0,0.3485,0.3485,0.0,0.0,0.3485,0.0,0.3485,0.0,0.0,0.0,0.0,0.0,21.6,11.2,11.2,10.5,11.2,9.1,0,0,0,0,0,0,0,0,0,0,0.0207,0.0207,0.0,0.0,0.0207,0.0207,0.0,0.0,0.0207,0.0207,0.0,0.0,0.0207,0.0,0.0207,0.0,0.0,0.0,0.0,0.0
420035233002,42003523300,Allegheny,1167.0,40.472976,-79.82925,1260.0,46.0,721.0,360.0,0.0,0.0,0.0,0.0,133.0,1260.0,290.0,170.0,585.0,30.0,63.0,109.0,56.0,327.0,585.0,55.0,235.0,1225.55,219.48,518.97,5.21,0.7361,0.7361,0.0,0.0,0.7361,0.7361,0.0,0.0,0.5913,0.7361,0.0,0.1448,0.5913,0.1448,0.5913,0.1448,0.0,0.1448,0.0,0.1448,40.4,32.3,17.0,25.7,17.0,20.3,0,0,0,0,0,0,0,0,0,0,0.1414,0.1414,0.0,0.0,0.1414,0.1414,0.0,0.0,0.1414,0.1414,0.0,0.0,0.1414,0.0,0.1414,0.0,0.0,0.0,0.0,0.0
420035233003,42003523300,Allegheny,614.0,40.468827,-79.834167,593.0,0.0,266.0,302.0,0.0,0.0,0.0,0.0,25.0,593.0,50.0,129.0,215.0,8.0,47.0,62.0,45.0,53.0,215.0,25.0,90.0,644.8,115.48,273.05,2.74,0.8762,0.8762,0.0,0.0,0.8762,0.8762,0.0,0.0,0.8762,0.8762,0.0,0.0,0.8762,0.8762,0.0,0.0,0.0,0.8762,0.0,0.8762,46.6,40.5,28.0,28.2,28.5,19.6,1,1,1,1,1,1,1,1,0,1,0.5684,0.5684,0.0,0.0,0.5684,0.5684,0.0,0.0,0.5684,0.5684,0.0,0.0,0.5684,0.5684,0.0,0.0,0.0,0.5684,0.0,0.5684
420035233004,42003523300,Allegheny,1303.0,40.468448,-79.841248,1195.0,32.0,355.0,734.0,0.0,0.0,0.0,0.0,74.0,1195.0,206.0,296.0,497.0,37.0,121.0,85.0,38.0,216.0,497.0,6.0,278.0,1368.37,245.06,579.45,5.82,0.5403,0.5403,0.0,0.0,0.5403,0.5403,0.0,0.0,0.3108,0.5403,0.0,0.2295,0.3108,0.5403,0.0,0.2295,0.0,0.5403,0.0,0.5403,34.0,42.0,9.9,29.7,9.9,20.0,1,1,1,1,1,1,1,1,0,1,0.0622,0.0622,0.0,0.0,0.0622,0.0622,0.0,0.0,0.0,0.0622,0.0,0.0622,0.0,0.0622,0.0,0.0622,0.0,0.0622,0.0,0.0622
420035234001,42003523400,Allegheny,1264.0,40.450557,-79.833292,831.0,0.0,388.0,245.0,0.0,0.0,0.0,0.0,198.0,831.0,280.0,210.0,378.0,130.0,84.0,0.0,53.0,111.0,378.0,0.0,219.0,1298.42,230.15,605.67,3.85,0.3275,0.6297,0.0,0.3022,0.3275,0.6297,0.0,0.3022,0.0,0.3022,0.0,0.3022,0.0,0.0,0.0,0.0,0.0,0.0,0.0,0.0,7.2,14.3,0.0,9.1,0.0,7.9,0,0,0,0,0,0,0,0,0,0,0.0593,0.0593,0.0,0.0,0.0593,0.0593,0.0,0.0,0.0,0.0,0.0,0.0,0.0,0.0,0.0,0.0,0.0,0.0,0.0,0.0
420035234002,42003523400,Allegheny,698.0,40.456793,-79.841647,366.0,0.0,197.0,169.0,0.0,0.0,0.0,0.0,0.0,366.0,67.0,104.0,214.0,115.0,15.0,7.0,34.0,43.0,214.0,95.0,45.0,717.01,127.09,334.46,2.13,0.7937,0.7937,0.0,0.0,0.7937,0.7937,0.0,0.0,0.3582,0.6246,0.0,0.2665,0.3582,0.6246,0.0,0.2665,0.0,0.6246,0.0,0.6246,48.8,56.8,11.5,38.6,11.5,25.7,1,1,1,1,0,1,0,1,0,1,0.0,0.0,0.0,0.0,0.0,0.0,0.0,0.0,0.0,0.0,0.0,0.0,0.0,0.0,0.0,0.0,0.0,0.0,0.0,0.0
420035234003,42003523400,Allegheny,707.0,40.454991,-79.839651,924.0,0.0,607.0,225.0,0.0,0.0,0.0,0.0,92.0,924.0,194.0,29.0,351.0,10.0,29.0,70.0,126.0,116.0,351.0,50.0,187.0,726.25,128.73,338.77,2.16,1.0,1.0,0.0,0.0,1.0,1.0,0.0,0.0,0.1386,0.1386,0.0,0.0,0.1386,0.1386,0.0,0.0,0.0,0.1386,0.0,0.1386,31.9,23.5,4.4,6.7,4.4,4.4,1,1,1,1,0,0,0,0,0,0,0.5191,0.5191,0.0,0.0,0.5191,0.5191,0.0,0.0,0.0,0.0,0.0,0.0,0.0,0.0,0.0,0.0,0.0,0.0,0.0,0.0
420035234004,42003523400,Allegheny,687.0,40.453142,-79.830138,1853.0,0.0,1277.0,512.0,0.0,0.0,0.0,0.0,64.0,1853.0,466.0,440.0,724.0,18.0,309.0,62.0,195.0,140.0,724.0,18.0,383.0,705.71,125.09,329.19,2.09,0.0,0.5488,0.0,0.5488,0.0,0.5488,0.0,0.5488,0.0,0.5488,0.0,0.5488,0.0,0.0,0.0,0.0,0.0,0.0,0.0,0.0,0.0,17.6,0.0,16.5,0.0,14.3,0,1,0,1,0,1,0,0,0,0,0.0,0.0,0.0,0.0,0.0,0.0,0.0,0.0,0.0,0.0,0.0,0.0,0.0,0.0,0.0,0.0,0.0,0.0,0.0,0.0
420035234005,42003523400,Allegheny,903.0,40.463105,-79.836214,581.0,0.0,397.0,150.0,0.0,0.0,0.0,0.0,34.0,581.0,15.0,231.0,343.0,65.0,55.0,91.0,40.0,92.0,343.0,129.0,97.0,927.59,164.42,432.69,2.75,1.0,1.0,0.0,0.0,1.0,1.0,0.0,0.0,0.9169,0.6412,0.2757,0.0,0.9169,0.6412,0.2757,0.0,0.0,0.6412,0.0,0.6412,56.1,38.0,24.9,21.0,25.1,14.0,1,1,1,1,1,1,1,1,0,1,0.7353,0.7353,0.0,0.0,0.7353,0.7353,0.0,0.0,0.3245,0.3245,0.0,0.0,0.3245,0.3245,0.0,0.0,0.0,0.3245,0.0,0.3245
420035234006,42003523400,Allegheny,662.0,40.460928,-79.829429,500.0,0.0,325.0,142.0,0.0,0.0,0.0,0.0,33.0,500.0,0.0,236.0,348.0,186.0,51.0,57.0,22.0,32.0,348.0,81.0,201.0,680.03,120.53,317.21,2.02,0.5921,0.7961,0.0,0.2039,0.5921,0.7961,0.0,0.2039,0.3036,0.7447,0.0514,0.4924,0.3036,0.5408,0.0514,0.2885,0.0,0.5408,0.0,0.5408,26.3,39.0,8.9,23.7,8.9,17.0,0,1,0,1,0,1,0,1,0,1,0.2523,0.2523,0.0,0.0,0.2523,0.2523,0.0,0.0,0.0861,0.0861,0.0,0.0,0.0861,0.0861,0.0,0.0,0.0,0.0861,0.0,0.0861
420035235011,42003523501,Allegheny,1768.0,40.46939,-79.803593,1438.0,13.0,605.0,799.0,0.0,0.0,0.0,0.0,21.0,1438.0,211.0,403.0,621.0,91.0,124.0,125.0,22.0,259.0,621.0,0.0,343.0,1491.32,297.36,630.44,16.92,0.509,0.509,0.0,0.0,0.509,0.509,0.0,0.0,0.0,0.0266,0.0,0.0266,0.0,0.0,0.0,0.0,0.0,0.0,0.0,0.0,4.5,7.6,0.0,0.8,0.0,0.7,0,0,0,0,0,0,0,0,0,0,0.0577,0.0577,0.0,0.0,0.0577,0.0577,0.0,0.0,0.0,0.0,0.0,0.0,0.0,0.0,0.0,0.0,0.0,0.0,0.0,0.0
420035235012,42003523501,Allegheny,1497.0,40.476535,-79.81516,1254.0,23.0,534.0,605.0,0.0,46.0,0.0,0.0,46.0,1254.0,223.0,308.0,514.0,54.0,94.0,76.0,110.0,180.0,514.0,6.0,273.0,1262.73,251.78,533.8,14.32,0.1804,0.1804,0.0,0.0,0.1804,0.1804,0.0,0.0,0.1804,0.1804,0.0,0.0,0.1804,0.0,0.1804,0.0,0.0,0.0,0.0,0.0,11.2,5.8,5.8,5.4,5.8,4.7,0,0,0,0,0,0,0,0,0,0,0.0,0.0,0.0,0.0,0.0,0.0,0.0,0.0,0.0,0.0,0.0,0.0,0.0,0.0,0.0,0.0,0.0,0.0,0.0,0.0
420035235013,42003523501,Allegheny,1438.0,40.464609,-79.812818,1275.0,333.0,521.0,288.0,0.0,0.0,0.0,40.0,93.0,1275.0,370.0,170.0,542.0,73.0,88.0,198.0,48.0,135.0,542.0,90.0,291.0,1212.96,241.86,512.76,13.76,1.0,1.0,0.0,0.0,1.0,1.0,0.0,0.0,0.0431,0.0431,0.0,0.0,0.0431,0.0,0.0431,0.0,0.0,0.0,0.0,0.0,10.3,15.4,1.4,1.3,1.4,1.1,1,1,1,1,0,0,0,0,0,0,0.1085,0.1085,0.0,0.0,0.1085,0.1085,0.0,0.0,0.0431,0.0431,0.0,0.0,0.0431,0.0,0.0431,0.0,0.0,0.0,0.0,0.0
420035235021,42003523502,Allegheny,1497.0,40.469948,-79.790124,1238.0,14.0,776.0,359.0,0.0,0.0,0.0,0.0,89.0,1238.0,121.0,433.0,688.0,108.0,91.0,108.0,125.0,256.0,688.0,102.0,322.0,1238.0,262.0,688.0,0.0,0.7181,0.7181,0.0,0.0,0.7181,0.7181,0.0,0.0,0.0,0.4102,0.0,0.4102,0.0,0.0975,0.0,0.0975,0.0,0.0,0.0,0.0,18.9,21.6,0.0,12.3,0.0,10.7,1,1,1,1,0,0,0,0,0,0,0.2351,0.2351,0.0,0.0,0.2351,0.2351,0.0,0.0,0.0,0.0,0.0,0.0,0.0,0.0,0.0,0.0,0.0,0.0,0.0,0.0
420035236001,42003523600,Allegheny,1751.0,40.448422,-79.814547,2008.0,0.0,1086.0,658.0,3.0,51.0,0.0,0.0,210.0,2008.0,407.0,643.0,898.0,255.0,32.0,123.0,141.0,347.0,898.0,0.0,416.0,1753.89,249.73,765.43,0.0,0.0,0.2262,0.0,0.2262,0.0,0.2262,0.0,0.2262,0.0,0.2262,0.0,0.2262,0.0,0.0,0.0,0.0,0.0,0.0,0.0,0.0,0.0,6.9,0.0,6.5,0.0,5.6,0,0,0,0,0,0,0,0,0,0,0.0,0.016,0.0,0.016,0.0,0.016,0.0,0.016,0.0,0.016,0.0,0.016,0.0,0.0,0.0,0.0,0.0,0.0,0.0,0.0
420035236002,42003523600,Allegheny,987.0,40.461215,-79.82001,1196.0,0.0,460.0,352.0,0.0,15.0,0.0,306.0,63.0,1196.0,447.0,149.0,428.0,0.0,165.0,38.0,66.0,159.0,428.0,12.0,202.0,988.63,140.77,431.46,0.0,0.5714,1.0,0.0,0.4286,0.5714,1.0,0.0,0.4286,0.0,0.5198,0.0,0.5198,0.0,0.0,0.0,0.0,0.0,0.0,0.0,0.0,4.6,23.1,0.0,14.2,0.0,12.3,1,1,1,1,0,1,0,0,0,0,0.4802,0.4802,0.0,0.0,0.4802,0.4802,0.0,0.0,0.0,0.0,0.0,0.0,0.0,0.0,0.0,0.0,0.0,0.0,0.0,0.0
420035236003,42003523600,Allegheny,2114.0,40.455055,-79.807561,1656.0,0.0,1300.0,356.0,0.0,0.0,0.0,0.0,0.0,1656.0,84.0,458.0,795.0,123.0,365.0,39.0,17.0,251.0,795.0,20.0,325.0,2117.49,301.5,924.11,0.0,0.4082,0.4082,0.0,0.0,0.4082,0.4082,0.0,0.0,0.0,0.0,0.0,0.0,0.0,0.0,0.0,0.0,0.0,0.0,0.0,0.0,3.3,3.3,0.0,0.0,0.0,0.0,0,0,0,0,0,0,0,0,0,0,0.0,0.0,0.0,0.0,0.0,0.0,0.0,0.0,0.0,0.0,0.0,0.0,0.0,0.0,0.0,0.0,0.0,0.0,0.0,0.0
420035237011,42003523701,Allegheny,690.0,40.510149,-79.811176,701.0,18.0,603.0,14.0,0.0,0.0,60.0,0.0,6.0,701.0,204.0,171.0,221.0,56.0,20.0,14.0,20.0,111.0,221.0,50.0,58.0,662.89,69.57,297.73,0.0,0.0,0.0,0.0,0.0,0.0,0.0,0.0,0.0,0.0,0.0,0.0,0.0,0.0,0.0,0.0,0.0,0.0,0.0,0.0,0.0,0.0,0.0,0.0,0.0,0.0,0.0,0,0,0,0,0,0,0,0,0,0,0.0,0.0,0.0,0.0,0.0,0.0,0.0,0.0,0.0,0.0,0.0,0.0,0.0,0.0,0.0,0.0,0.0,0.0,0.0,0.0
420035237012,42003523701,Allegheny,1221.0,40.501912,-79.818983,1131.0,0.0,922.0,169.0,0.0,0.0,0.0,0.0,40.0,1131.0,96.0,324.0,522.0,22.0,95.0,61.0,152.0,192.0,522.0,0.0,219.0,1173.02,123.11,526.85,0.0,0.0,0.0,0.0,0.0,0.0,0.0,0.0,0.0,0.0,0.0,0.0,0.0,0.0,0.0,0.0,0.0,0.0,0.0,0.0,0.0,0.0,0.0,0.0,0.0,0.0,0.0,0,0,0,0,0,0,0,0,0,0,0.0,0.0,0.0,0.0,0.0,0.0,0.0,0.0,0.0,0.0,0.0,0.0,0.0,0.0,0.0,0.0,0.0,0.0,0.0,0.0
420035237013,42003523701,Allegheny,840.0,40.496708,-79.813926,658.0,18.0,408.0,15.0,9.0,13.0,0.0,9.0,186.0,658.0,108.0,203.0,343.0,70.0,18.0,99.0,33.0,123.0,343.0,11.0,134.0,806.99,84.69,362.45,0.0,0.0,0.0,0.0,0.0,0.0,0.0,0.0,0.0,0.0,0.0,0.0,0.0,0.0,0.0,0.0,0.0,0.0,0.0,0.0,0.0,0.0,0.0,0.0,0.0,0.0,0.0,0,0,0,0,0,0,0,0,0,0,0.0,0.0,0.0,0.0,0.0,0.0,0.0,0.0,0.0,0.0,0.0,0.0,0.0,0.0,0.0,0.0,0.0,0.0,0.0,0.0
420035237014,42003523701,Allegheny,1117.0,40.503903,-79.829952,1226.0,35.0,956.0,195.0,0.0,24.0,0.0,16.0,0.0,1226.0,229.0,298.0,583.0,115.0,168.0,138.0,59.0,103.0,583.0,31.0,232.0,1073.11,112.62,481.97,0.0,0.0295,0.0295,0.0,0.0,0.0295,0.0295,0.0,0.0,0.0,0.0295,0.0,0.0295,0.0,0.0295,0.0,0.0295,0.0,0.0295,0.0,0.0295,1.3,2.0,0.0,1.4,0.0,0.9,0,0,0,0,0,0,0,0,0,0,0.0,0.0,0.0,0.0,0.0,0.0,0.0,0.0,0.0,0.0,0.0,0.0,0.0,0.0,0.0,0.0,0.0,0.0,0.0,0.0
420035237021,42003523702,Allegheny,1780.0,40.495114,-79.802949,1579.0,46.0,1223.0,279.0,0.0,0.0,0.0,0.0,31.0,1579.0,132.0,272.0,695.0,163.0,105.0,79.0,35.0,313.0,695.0,45.0,185.0,1846.03,389.63,826.72,11.0,0.6674,0.1202,0.5472,0.0,0.6674,0.1202,0.5472,0.0,0.1202,0.1202,0.0,0.0,0.1202,0.0,0.1202,0.0,0.0,0.0,0.0,0.0,18.5,3.8,3.8,3.6,3.8,3.1,0,0,0,0,0,0,0,0,0,0,0.1225,0.023,0.0994,0.0,0.1225,0.023,0.0994,0.0,0.023,0.023,0.0,0.0,0.023,0.0,0.023,0.0,0.0,0.0,0.0,0.0
420035237022,42003523702,Allegheny,1624.0,40.484094,-79.786739,1715.0,0.0,1401.0,265.0,0.0,0.0,0.0,0.0,49.0,1715.0,351.0,444.0,818.0,300.0,156.0,106.0,54.0,202.0,818.0,177.0,361.0,1684.24,355.49,754.27,10.04,0.4409,0.2913,0.1496,0.0,0.4409,0.2913,0.1496,0.0,0.0,0.2716,0.0,0.2716,0.0,0.1324,0.0,0.1324,0.0,0.0,0.0,0.0,13.4,10.7,0.0,8.1,0.0,7.1,0,0,0,0,0,0,0,0,0,0,0.0825,0.0,0.0825,0.0,0.0825,0.0,0.0825,0.0,0.0,0.0,0.0,0.0,0.0,0.0,0.0,0.0,0.0,0.0,0.0,0.0
420035237023,42003523702,Allegheny,1200.0,40.483596,-79.800444,1430.0,0.0,351.0,913.0,0.0,0.0,0.0,0.0,166.0,1430.0,267.0,411.0,596.0,150.0,142.0,138.0,51.0,115.0,596.0,210.0,251.0,1244.51,262.67,557.34,7.42,0.9425,0.9425,0.0,0.0,0.9425,0.9425,0.0,0.0,0.7067,0.9425,0.0,0.2358,0.0,0.0,0.0,0.0,0.0,0.0,0.0,0.0,28.0,30.2,22.6,28.3,22.6,24.5,1,1,1,1,1,1,0,0,0,0,0.1992,0.0792,0.12,0.0,0.1992,0.0792,0.12,0.0,0.0,0.0792,0.0,0.0792,0.0,0.0,0.0,0.0,0.0,0.0,0.0,0.0
420035237024,42003523702,Allegheny,572.0,40.493512,-79.793859,644.0,0.0,201.0,429.0,0.0,0.0,0.0,0.0,14.0,644.0,224.0,0.0,295.0,80.0,70.0,58.0,54.0,33.0,295.0,0.0,211.0,593.22,125.21,265.67,3.54,1.0,0.0,1.0,0.0,1.0,0.0,1.0,0.0,0.0,0.0,0.0,0.0,0.0,0.0,0.0,0.0,0.0,0.0,0.0,0.0,37.0,0.0,0.0,0.0,0.0,0.0,1,0,1,0,0,0,0,0,0,0,0.1364,0.0,0.1364,0.0,0.1364,0.0,0.1364,0.0,0.0,0.0,0.0,0.0,0.0,0.0,0.0,0.0,0.0,0.0,0.0,0.0
420035238001,42003523800,Allegheny,1229.0,40.491783,-79.831123,1295.0,339.0,636.0,256.0,0.0,0.0,0.0,0.0,64.0,1295.0,342.0,259.0,486.0,92.0,36.0,74.0,132.0,152.0,486.0,20.0,134.0,1129.36,278.21,534.66,0.0,0.1912,0.1912,0.0,0.0,0.1912,0.1912,0.0,0.0,0.0,0.1912,0.0,0.1912,0.0,0.1912,0.0,0.1912,0.0,0.1912,0.0,0.1912,8.4,13.0,0.0,9.2,0.0,6.1,0,0,0,0,0,0,0,0,0,0,0.1139,0.1139,0.0,0.0,0.1139,0.1139,0.0,0.0,0.0,0.1139,0.0,0.1139,0.0,0.1139,0.0,0.1139,0.0,0.1139,0.0,0.1139
420035238002,42003523800,Allegheny,758.0,40.484675,-79.828996,648.0,106.0,344.0,197.0,0.0,0.0,0.0,0.0,1.0,648.0,142.0,247.0,339.0,162.0,78.0,20.0,14.0,65.0,339.0,90.0,150.0,696.54,171.59,329.76,0.0,0.2889,0.2889,0.0,0.0,0.2889,0.2889,0.0,0.0,0.0818,0.2889,0.0,0.2071,0.0818,0.2071,0.0818,0.2071,0.0,0.2071,0.0,0.2071,14.2,16.9,2.6,12.5,2.6,8.8,0,0,0,0,0,0,0,0,0,0,0.1253,0.1253,0.0,0.0,0.1253,0.1253,0.0,0.0,0.029,0.1253,0.0,0.0963,0.029,0.0237,0.029,0.0237,0.0,0.0963,0.0,0.0963
420035238003,42003523800,Allegheny,1036.0,40.481201,-79.838148,982.0,30.0,918.0,21.0,0.0,0.0,0.0,0.0,13.0,982.0,127.0,323.0,405.0,113.0,41.0,69.0,79.0,103.0,405.0,185.0,150.0,952.01,234.52,450.69,0.0,1.0,1.0,0.0,0.0,1.0,1.0,0.0,0.0,0.0,1.0,0.0,1.0,0.0,1.0,0.0,1.0,0.0,1.0,0.0,1.0,44.0,68.2,0.0,48.9,0.0,32.0,1,1,1,1,0,1,0,1,0,1,0.3832,0.3832,0.0,0.0,0.3832,0.3832,0.0,0.0,0.0,0.3832,0.0,0.3832,0.0,0.3562,0.0,0.3562,0.0,0.3832,0.0,0.3832
420035238004,42003523800,Allegheny,1664.0,40.491019,-79.842683,1532.0,0.0,1246.0,105.0,0.0,31.0,0.0,0.0,150.0,1532.0,237.0,610.0,809.0,109.0,34.0,218.0,186.0,262.0,809.0,0.0,387.0,1529.09,376.68,723.9,0.0,0.655,0.655,0.0,0.0,0.655,0.655,0.0,0.0,0.0,0.655,0.0,0.655,0.0,0.655,0.0,0.655,0.0,0.655,0.0,0.655,24.2,37.5,0.0,26.6,0.0,17.6,0,0,0,0,0,0,0,0,0,0,0.1472,0.1472,0.0,0.0,0.1472,0.1472,0.0,0.0,0.0,0.1472,0.0,0.1472,0.0,0.1472,0.0,0.1472,0.0,0.1472,0.0,0.1472
420035240001,42003524000,Allegheny,652.0,40.505751,-79.839599,593.0,32.0,532.0,29.0,0.0,0.0,0.0,0.0,0.0,593.0,88.0,95.0,248.0,60.0,40.0,16.0,19.0,113.0,248.0,55.0,46.0,660.37,106.49,294.87,10.2,0.8558,0.8558,0.0,0.0,0.8558,0.8558,0.0,0.0,0.0,0.8558,0.0,0.8558,0.0,0.8558,0.0,0.8558,0.0,0.8558,0.0,0.8558,37.7,58.2,0.0,41.1,0.0,27.4,1,1,1,1,0,1,0,1,0,1,0.2101,0.2055,0.0046,0.0,0.2101,0.2055,0.0046,0.0,0.0,0.2055,0.0,0.2055,0.0,0.2055,0.0,0.2055,0.0,0.2055,0.0,0.2055
420035240002,42003524000,Allegheny,1124.0,40.502821,-79.841527,1172.0,20.0,994.0,102.0,0.0,16.0,0.0,0.0,40.0,1172.0,220.0,217.0,556.0,160.0,195.0,77.0,59.0,65.0,556.0,127.0,318.0,1138.43,183.57,508.33,17.59,0.7865,0.7865,0.0,0.0,0.7865,0.7865,0.0,0.0,0.0,0.7865,0.0,0.7865,0.0,0.7865,0.0,0.7865,0.0,0.7865,0.0,0.7865,34.6,53.5,0.0,37.8,0.0,25.2,1,1,1,1,0,1,0,1,0,1,0.218,0.218,0.0,0.0,0.218,0.218,0.0,0.0,0.0,0.218,0.0,0.218,0.0,0.218,0.0,0.218,0.0,0.218,0.0,0.218
420035240003,42003524000,Allegheny,716.0,40.508077,-79.8382,759.0,26.0,526.0,193.0,0.0,0.0,0.0,14.0,0.0,759.0,188.0,210.0,323.0,59.0,86.0,69.0,60.0,49.0,323.0,21.0,115.0,725.19,116.94,323.81,11.21,0.4372,0.4372,0.0,0.0,0.4372,0.4372,0.0,0.0,0.0,0.4372,0.0,0.4372,0.0,0.3827,0.0,0.3827,0.0,0.3827,0.0,0.3827,18.0,27.9,0.0,19.7,0.0,13.1,1,1,1,1,0,1,0,0,0,0,0.0112,0.0112,0.0,0.0,0.0112,0.0112,0.0,0.0,0.0,0.0112,0.0,0.0112,0.0,0.0112,0.0,0.0112,0.0,0.0112,0.0,0.0112
420035251001,42003525100,Allegheny,2003.0,40.517676,-79.830703,1930.0,64.0,1752.0,29.0,0.0,4.0,0.0,0.0,81.0,1930.0,411.0,471.0,941.0,142.0,144.0,95.0,142.0,418.0,941.0,52.0,469.0,1930.0,244.0,941.0,0.0,0.0494,0.0,0.0494,0.0,0.0494,0.0,0.0494,0.0,0.0,0.0,0.0,0.0,0.0,0.0,0.0,0.0,0.0,0.0,0.0,0.0,0.3,0.0,0.0,0.0,0.0,0.0,0,0,0,0,0,0,0,0,0,0,0.0,0.0,0.0,0.0,0.0,0.0,0.0,0.0,0.0,0.0,0.0,0.0,0.0,0.0,0.0,0.0,0.0,0.0,0.0,0.0
420035252001,42003525200,Allegheny,1178.0,40.51713,-79.840326,1168.0,14.0,1122.0,0.0,0.0,7.0,0.0,0.0,25.0,1168.0,242.0,237.0,612.0,98.0,146.0,134.0,12.0,222.0,612.0,37.0,357.0,1143.63,134.24,602.94,0.0,0.8846,0.8846,0.0,0.0,0.8846,0.8846,0.0,0.0,0.0,0.8846,0.0,0.8846,0.0,0.8846,0.0,0.8846,0.0,0.8846,0.0,0.8846,38.9,60.1,0.0,42.5,0.0,28.3,1,1,1,1,0,1,0,1,0,1,0.2784,0.2784,0.0,0.0,0.2784,0.2784,0.0,0.0,0.0,0.2784,0.0,0.2784,0.0,0.2784,0.0,0.2784,0.0,0.2784,0.0,0.2784
420035252002,42003525200,Allegheny,1358.0,40.516258,-79.846343,1380.0,32.0,1303.0,26.0,10.0,0.0,0.0,0.0,9.0,1380.0,247.0,469.0,686.0,128.0,151.0,71.0,52.0,284.0,686.0,74.0,318.0,1318.37,154.76,695.06,0.0,1.0,1.0,0.0,0.0,1.0,1.0,0.0,0.0,0.0,1.0,0.0,1.0,0.0,0.9757,0.0,0.9757,0.0,0.9757,0.0,0.9757,43.5,67.2,0.0,47.4,0.0,31.6,1,1,1,1,0,1,0,1,0,1,0.1996,0.1996,0.0,0.0,0.1996,0.1996,0.0,0.0,0.0,0.1996,0.0,0.1996,0.0,0.1119,0.0,0.1119,0.0,0.1119,0.0,0.1119
420035253001,42003525300,Allegheny,757.0,40.526829,-79.835652,537.0,3.0,532.0,0.0,0.0,0.0,0.0,0.0,2.0,537.0,83.0,165.0,222.0,31.0,6.0,42.0,23.0,120.0,222.0,25.0,62.0,739.6,67.21,334.32,0.0,0.959,0.3514,0.6077,0.0,0.959,0.3514,0.6077,0.0,0.0,0.3514,0.0,0.3514,0.0,0.3514,0.0,0.3514,0.0,0.3514,0.0,0.3514,17.9,23.9,0.0,16.9,0.0,11.2,1,0,1,0,0,0,0,0,0,0,0.1136,0.0753,0.0859,0.0476,0.1136,0.0753,0.0859,0.0476,0.0,0.0753,0.0,0.0753,0.0,0.0277,0.0,0.0277,0.0,0.0277,0.0,0.0277
420035253002,42003525300,Allegheny,1462.0,40.522958,-79.834446,1687.0,44.0,1542.0,0.0,0.0,0.0,0.0,0.0,101.0,1687.0,374.0,296.0,758.0,56.0,73.0,60.0,68.0,501.0,758.0,9.0,350.0,1428.4,129.79,645.68,0.0,0.9596,0.4521,0.5075,0.0,0.9596,0.4521,0.5075,0.0,0.0,0.4521,0.0,0.4521,0.0,0.4172,0.0,0.4172,0.0,0.4172,0.0,0.4172,24.8,29.6,0.0,20.9,0.0,13.9,1,0,1,0,0,0,0,0,0,0,0.2832,0.1471,0.1361,0.0,0.2832,0.1471,0.1361,0.0,0.0,0.1471,0.0,0.1471,0.0,0.1471,0.0,0.1471,0.0,0.1471,0.0,0.1471
420035261011,42003526101,Allegheny,686.0,40.542971,-79.749478,368.0,0.0,345.0,0.0,0.0,0.0,0.0,0.0,23.0,368.0,0.0,198.0,215.0,0.0,93.0,44.0,57.0,21.0,215.0,0.0,93.0,697.48,52.77,278.66,0.0,0.0,0.0,0.0,0.0,0.0,0.0,0.0,0.0,0.0,0.0,0.0,0.0,0.0,0.0,0.0,0.0,0.0,0.0,0.0,0.0,0.0,0.0,0.0,0.0,0.0,0.0,0,0,0,0,0,0,0,0,0,0,0.0,0.0,0.0,0.0,0.0,0.0,0.0,0.0,0.0,0.0,0.0,0.0,0.0,0.0,0.0,0.0,0.0,0.0,0.0,0.0
420035261012,42003526101,Allegheny,3258.0,40.512516,-79.757349,3882.0,0.0,3672.0,60.0,0.0,40.0,0.0,23.0,87.0,3882.0,1239.0,266.0,1260.0,52.0,138.0,131.0,101.0,838.0,1260.0,0.0,215.0,3312.52,250.62,1323.43,0.0,0.0249,0.0,0.0249,0.0,0.0249,0.0,0.0249,0.0,0.0,0.0,0.0,0.0,0.0,0.0,0.0,0.0,0.0,0.0,0.0,0.0,0.2,0.0,0.0,0.0,0.0,0.0,0,0,0,0,0,0,0,0,0,0,0.0,0.0,0.0,0.0,0.0,0.0,0.0,0.0,0.0,0.0,0.0,0.0,0.0,0.0,0.0,0.0,0.0,0.0,0.0,0.0
420035261013,42003526101,Allegheny,2387.0,40.521156,-79.779726,2536.0,38.0,2390.0,0.0,0.0,80.0,0.0,0.0,28.0,2536.0,677.0,438.0,963.0,130.0,55.0,161.0,93.0,524.0,963.0,19.0,257.0,2426.94,183.62,969.62,0.0,0.0,0.0,0.0,0.0,0.0,0.0,0.0,0.0,0.0,0.0,0.0,0.0,0.0,0.0,0.0,0.0,0.0,0.0,0.0,0.0,0.0,0.0,0.0,0.0,0.0,0.0,0,0,0,0,0,0,0,0,0,0,0.0,0.0,0.0,0.0,0.0,0.0,0.0,0.0,0.0,0.0,0.0,0.0,0.0,0.0,0.0,0.0,0.0,0.0,0.0,0.0
420035261014,42003526101,Allegheny,1079.0,40.523543,-79.799707,836.0,0.0,777.0,38.0,0.0,0.0,0.0,0.0,21.0,836.0,17.0,666.0,572.0,120.0,0.0,59.0,186.0,207.0,572.0,127.0,231.0,1097.06,83.0,438.3,0.0,0.1112,0.0,0.1112,0.0,0.1112,0.0,0.1112,0.0,0.0,0.0,0.0,0.0,0.0,0.0,0.0,0.0,0.0,0.0,0.0,0.0,0.6,0.0,0.0,0.0,0.0,0.0,0,0,0,0,0,0,0,0,0,0,0.0,0.0,0.0,0.0,0.0,0.0,0.0,0.0,0.0,0.0,0.0,0.0,0.0,0.0,0.0,0.0,0.0,0.0,0.0,0.0
420035261021,42003526102,Allegheny,2327.0,40.497782,-79.725844,2254.0,34.0,2118.0,47.0,0.0,0.0,0.0,2.0,53.0,2254.0,502.0,486.0,854.0,74.0,61.0,150.0,135.0,434.0,854.0,18.0,223.0,2247.0,239.0,854.0,0.0,0.0,0.0,0.0,0.0,0.0,0.0,0.0,0.0,0.0,0.0,0.0,0.0,0.0,0.0,0.0,0.0,0.0,0.0,0.0,0.0,0.0,0.0,0.0,0.0,0.0,0.0,0,0,0,0,0,0,0,0,0,0,0.0,0.0,0.0,0.0,0.0,0.0,0.0,0.0,0.0,0.0,0.0,0.0,0.0,0.0,0.0,0.0,0.0,0.0,0.0,0.0
420035262011,42003526201,Allegheny,1267.0,40.494346,-79.77074,1256.0,39.0,1170.0,7.0,0.0,0.0,0.0,0.0,40.0,1256.0,201.0,295.0,499.0,15.0,76.0,53.0,161.0,194.0,499.0,0.0,103.0,1178.41,142.64,465.21,0.0,0.4388,0.0,0.4388,0.0,0.4388,0.0,0.4388,0.0,0.0,0.0,0.0,0.0,0.0,0.0,0.0,0.0,0.0,0.0,0.0,0.0,13.6,0.0,0.0,0.0,0.0,0.0,0,0,0,0,0,0,0,0,0,0,0.0497,0.0,0.0497,0.0,0.0497,0.0,0.0497,0.0,0.0,0.0,0.0,0.0,0.0,0.0,0.0,0.0,0.0,0.0,0.0,0.0
420035262012,42003526201,Allegheny,2437.0,40.485396,-79.752932,2189.0,0.0,2119.0,1.0,4.0,0.0,0.0,0.0,65.0,2189.0,485.0,542.0,861.0,72.0,108.0,159.0,125.0,397.0,861.0,33.0,270.0,2266.59,274.36,894.79,0.0,0.0554,0.0,0.0554,0.0,0.0554,0.0,0.0554,0.0,0.0,0.0,0.0,0.0,0.0,0.0,0.0,0.0,0.0,0.0,0.0,0.0,1.7,0.0,0.0,0.0,0.0,0.0,0,0,0,0,0,0,0,0,0,0,0.0189,0.0,0.0189,0.0,0.0189,0.0,0.0189,0.0,0.0,0.0,0.0,0.0,0.0,0.0,0.0,0.0,0.0,0.0,0.0,0.0
420035262021,42003526202,Allegheny,1133.0,40.479786,-79.772183,1575.0,21.0,1419.0,0.0,0.0,32.0,0.0,68.0,35.0,1575.0,419.0,175.0,565.0,65.0,120.0,63.0,74.0,243.0,565.0,9.0,234.0,1079.87,124.53,441.6,5.85,0.5719,0.0,0.5719,0.0,0.5719,0.0,0.5719,0.0,0.0,0.0,0.0,0.0,0.0,0.0,0.0,0.0,0.0,0.0,0.0,0.0,18.5,0.0,0.0,0.0,0.0,0.0,0,0,0,0,0,0,0,0,0,0,0.1139,0.0,0.1139,0.0,0.1139,0.0,0.1139,0.0,0.0,0.0,0.0,0.0,0.0,0.0,0.0,0.0,0.0,0.0,0.0,0.0
420035262022,42003526202,Allegheny,2363.0,40.465868,-79.754597,1798.0,53.0,1360.0,141.0,0.0,185.0,0.0,0.0,59.0,1798.0,351.0,427.0,767.0,62.0,39.0,64.0,112.0,490.0,767.0,5.0,201.0,2252.19,259.73,921.01,12.2,0.0605,0.0,0.0605,0.0,0.0605,0.0,0.0605,0.0,0.0,0.0,0.0,0.0,0.0605,0.0,0.0605,0.0,0.0,0.0,0.0,0.0,2.5,0.0,0.0,0.0,0.0,0.0,1,0,1,0,0,0,1,0,0,0,0.0,0.0,0.0,0.0,0.0,0.0,0.0,0.0,0.0,0.0,0.0,0.0,0.0,0.0,0.0,0.0,0.0,0.0,0.0,0.0
420035262023,42003526202,Allegheny,1153.0,40.48365,-79.77908,1116.0,0.0,855.0,218.0,0.0,0.0,0.0,11.0,32.0,1116.0,270.0,183.0,480.0,42.0,22.0,90.0,139.0,187.0,480.0,46.0,112.0,1098.93,126.73,449.39,5.95,0.3027,0.0,0.3027,0.0,0.3027,0.0,0.3027,0.0,0.0,0.0,0.0,0.0,0.0,0.0,0.0,0.0,0.0,0.0,0.0,0.0,9.8,0.0,0.0,0.0,0.0,0.0,0,0,0,0,0,0,0,0,0,0,0.0945,0.0,0.0945,0.0,0.0945,0.0,0.0945,0.0,0.0,0.0,0.0,0.0,0.0,0.0,0.0,0.0,0.0,0.0,0.0,0.0
420035263011,42003526301,Allegheny,1683.0,40.483696,-79.707736,1653.0,59.0,1559.0,0.0,0.0,0.0,0.0,0.0,35.0,1653.0,132.0,754.0,785.0,112.0,191.0,89.0,80.0,313.0,785.0,9.0,280.0,1599.88,260.32,677.17,0.0,0.0,0.0,0.0,0.0,0.0,0.0,0.0,0.0,0.0,0.0,0.0,0.0,0.0,0.0,0.0,0.0,0.0,0.0,0.0,0.0,0.0,0.0,0.0,0.0,0.0,0.0,0,0,0,0,0,0,0,0,0,0,0.0,0.0,0.0,0.0,0.0,0.0,0.0,0.0,0.0,0.0,0.0,0.0,0.0,0.0,0.0,0.0,0.0,0.0,0.0,0.0
420035263012,42003526301,Allegheny,2306.0,40.474696,-79.720059,2139.0,0.0,1986.0,31.0,0.0,0.0,0.0,0.0,122.0,2139.0,395.0,586.0,820.0,49.0,120.0,178.0,116.0,357.0,820.0,11.0,193.0,2192.12,356.68,927.83,0.0,0.1084,0.0,0.1084,0.0,0.1084,0.0,0.1084,0.0,0.0,0.0,0.0,0.0,0.0,0.0,0.0,0.0,0.0,0.0,0.0,0.0,2.0,0.0,0.0,0.0,0.0,0.0,0,0,0,0,0,0,0,0,0,0,0.0,0.0,0.0,0.0,0.0,0.0,0.0,0.0,0.0,0.0,0.0,0.0,0.0,0.0,0.0,0.0,0.0,0.0,0.0,0.0
420035263021,42003526302,Allegheny,1891.0,40.46853,-79.709316,2310.0,0.0,1943.0,352.0,0.0,0.0,0.0,0.0,15.0,2310.0,491.0,508.0,930.0,28.0,119.0,182.0,147.0,454.0,930.0,50.0,301.0,1911.91,204.59,837.79,10.45,0.6272,0.3205,0.3067,0.0,0.6272,0.3205,0.3067,0.0,0.0,0.0,0.0,0.0,0.0,0.0,0.0,0.0,0.0,0.0,0.0,0.0,10.9,4.5,0.0,0.0,0.0,0.0,1,1,1,1,0,0,0,0,0,0,0.0333,0.0333,0.0,0.0,0.0333,0.0333,0.0,0.0,0.0,0.0,0.0,0.0,0.0,0.0,0.0,0.0,0.0,0.0,0.0,0.0
420035263022,42003526302,Allegheny,988.0,40.468185,-79.717274,961.0,39.0,900.0,0.0,0.0,22.0,0.0,0.0,0.0,961.0,277.0,140.0,378.0,0.0,40.0,49.0,57.0,232.0,378.0,12.0,111.0,998.92,106.9,437.72,5.46,0.0,0.0,0.0,0.0,0.0,0.0,0.0,0.0,0.0,0.0,0.0,0.0,0.0,0.0,0.0,0.0,0.0,0.0,0.0,0.0,0.0,0.0,0.0,0.0,0.0,0.0,0,0,0,0,0,0,0,0,0,0,0.0,0.0,0.0,0.0,0.0,0.0,0.0,0.0,0.0,0.0,0.0,0.0,0.0,0.0,0.0,0.0,0.0,0.0,0.0,0.0
420035263023,42003526302,Allegheny,1205.0,40.450608,-79.705916,1103.0,0.0,983.0,120.0,0.0,0.0,0.0,0.0,0.0,1103.0,112.0,277.0,558.0,14.0,75.0,140.0,73.0,256.0,558.0,0.0,225.0,1218.32,130.37,533.86,6.66,0.1726,0.1726,0.0,0.0,0.1726,0.1726,0.0,0.0,0.0,0.0,0.0,0.0,0.0,0.0,0.0,0.0,0.0,0.0,0.0,0.0,3.3,2.4,0.0,0.0,0.0,0.0,0,0,0,0,0,0,0,0,0,0,0.0,0.0,0.0,0.0,0.0,0.0,0.0,0.0,0.0,0.0,0.0,0.0,0.0,0.0,0.0,0.0,0.0,0.0,0.0,0.0
420035263024,42003526302,Allegheny,981.0,40.45971,-79.712282,747.0,0.0,694.0,19.0,0.0,0.0,0.0,0.0,34.0,747.0,84.0,144.0,378.0,9.0,51.0,81.0,56.0,181.0,378.0,0.0,95.0,991.85,106.14,434.62,5.42,0.6616,0.6616,0.0,0.0,0.6616,0.6616,0.0,0.0,0.0,0.0,0.0,0.0,0.0,0.0,0.0,0.0,0.0,0.0,0.0,0.0,11.9,9.3,0.0,0.0,0.0,0.0,1,1,1,1,0,0,0,0,0,0,0.0,0.0,0.0,0.0,0.0,0.0,0.0,0.0,0.0,0.0,0.0,0.0,0.0,0.0,0.0,0.0,0.0,0.0,0.0,0.0
420035509001,42003550900,Allegheny,570.0,40.348786,-79.849315,651.0,0.0,319.0,321.0,0.0,0.0,0.0,0.0,11.0,651.0,122.0,107.0,272.0,117.0,117.0,29.0,0.0,9.0,272.0,92.0,132.0,604.58,190.0,263.82,6.99,1.0,1.0,0.0,0.0,1.0,1.0,0.0,0.0,1.0,1.0,0.0,0.0,0.2211,1.0,0.0,0.7789,0.2211,0.2211,0.0,0.0,75.1,107.8,51.2,88.4,41.4,70.1,1,1,1,1,1,1,0,1,0,0,0.5509,0.5509,0.0,0.0,0.5509,0.5509,0.0,0.0,0.5509,0.5509,0.0,0.0,0.0,0.5509,0.0,0.5509,0.0,0.0,0.0,0.0
420035509002,42003550900,Allegheny,897.0,40.348006,-79.855952,962.0,95.0,370.0,406.0,0.0,0.0,0.0,22.0,69.0,962.0,94.0,278.0,407.0,164.0,74.0,29.0,41.0,99.0,407.0,153.0,118.0,951.42,299.0,415.18,11.01,0.6187,1.0,0.0,0.3813,0.6187,1.0,0.0,0.3813,0.6187,1.0,0.0,0.3813,0.505,1.0,0.0,0.495,0.4827,0.4827,0.0,0.0,145.8,192.0,100.3,153.7,78.5,118.0,0,1,0,1,0,1,0,1,0,0,0.1918,0.5162,0.0,0.3244,0.1918,0.5162,0.0,0.3244,0.1918,0.5162,0.0,0.3244,0.1918,0.4838,0.0,0.2921,0.1918,0.1918,0.0,0.0
420035512001,42003551200,Allegheny,1094.0,40.350574,-79.840285,1204.0,306.0,256.0,574.0,0.0,0.0,0.0,0.0,68.0,1204.0,373.0,206.0,662.0,496.0,100.0,27.0,39.0,0.0,662.0,453.0,117.0,1072.71,271.64,522.0,20.0,1.0,1.0,0.0,0.0,1.0,1.0,0.0,0.0,1.0,1.0,0.0,0.0,0.947,1.0,0.0,0.053,0.947,0.947,0.0,0.0,132.4,169.7,88.4,132.0,73.9,104.4,1,1,1,1,1,1,1,1,1,1,0.6764,0.6764,0.0,0.0,0.6764,0.6764,0.0,0.0,0.6764,0.6764,0.0,0.0,0.0393,0.5567,0.0393,0.5567,0.0,0.0,0.0,0.0
420035512002,42003551200,Allegheny,1133.0,40.353746,-79.830074,1171.0,14.0,1087.0,53.0,0.0,0.0,0.0,0.0,17.0,1171.0,135.0,260.0,418.0,121.0,36.0,41.0,63.0,157.0,418.0,31.0,200.0,1110.95,281.33,540.61,20.72,0.5225,0.5225,0.0,0.0,0.5225,0.5225,0.0,0.0,0.5225,0.5225,0.0,0.0,0.5225,0.5225,0.0,0.0,0.0512,0.5225,0.0,0.4713,26.0,26.8,16.7,17.6,15.8,14.7,0,0,0,0,0,0,0,0,0,0,0.0706,0.0706,0.0,0.0,0.0706,0.0706,0.0,0.0,0.0706,0.0706,0.0,0.0,0.0706,0.068,0.0026,0.0,0.0,0.068,0.0,0.068
420035512003,42003551200,Allegheny,1164.0,40.347523,-79.837814,1047.0,27.0,172.0,649.0,3.0,0.0,0.0,0.0,196.0,1047.0,218.0,122.0,538.0,54.0,310.0,130.0,10.0,34.0,538.0,69.0,325.0,1141.34,289.03,555.4,21.28,1.0,1.0,0.0,0.0,1.0,1.0,0.0,0.0,1.0,1.0,0.0,0.0,0.5077,1.0,0.0,0.4923,0.4923,0.4923,0.0,0.0,41.1,78.8,26.0,64.0,25.0,55.2,1,1,1,1,1,1,1,1,0,0,0.8015,0.8179,0.0189,0.0352,0.8015,0.8179,0.0189,0.0352,0.8015,0.8179,0.0189,0.0352,0.2414,0.8024,0.0155,0.5765,0.0266,0.2259,0.0,0.1993
420035513001,42003551300,Allegheny,868.0,40.341886,-79.83225,791.0,0.0,512.0,271.0,8.0,0.0,0.0,0.0,0.0,791.0,85.0,181.0,426.0,156.0,59.0,102.0,29.0,80.0,426.0,62.0,140.0,770.36,164.21,357.26,0.0,0.4954,0.9666,0.0,0.4712,0.4954,0.9666,0.0,0.4712,0.4954,0.9666,0.0,0.4712,0.4078,0.9666,0.0,0.5588,0.0,0.4078,0.0,0.4078,23.7,55.1,14.7,44.7,13.8,38.2,1,1,1,1,1,1,1,1,0,1,0.2016,0.5553,0.0,0.3537,0.2016,0.5553,0.0,0.3537,0.2016,0.5553,0.0,0.3537,0.2016,0.5553,0.0,0.3537,0.0,0.2016,0.0,0.2016
420035513002,42003551300,Allegheny,1479.0,40.329257,-79.828377,1292.0,5.0,1183.0,98.0,0.0,6.0,0.0,0.0,0.0,1292.0,329.0,348.0,540.0,110.0,122.0,85.0,104.0,119.0,540.0,50.0,214.0,1312.64,279.79,608.74,0.0,0.1636,0.165,0.0284,0.0297,0.1636,0.165,0.0284,0.0297,0.1352,0.165,0.0,0.0297,0.1352,0.165,0.0,0.0297,0.0,0.0,0.0,0.0,4.4,8.3,2.1,7.5,2.1,6.6,0,0,0,0,0,0,0,0,0,0,0.0568,0.0365,0.0203,0.0,0.0568,0.0365,0.0203,0.0,0.0365,0.0365,0.0,0.0,0.0365,0.0365,0.0,0.0,0.0,0.0,0.0,0.0
420035519001,42003551900,Allegheny,1330.0,40.353444,-79.850341,1561.0,97.0,564.0,663.0,0.0,0.0,0.0,0.0,237.0,1561.0,529.0,281.0,779.0,422.0,216.0,79.0,51.0,11.0,779.0,391.0,328.0,1520.0,318.0,779.0,52.0,1.0,1.0,0.0,0.0,1.0,1.0,0.0,0.0,1.0,1.0,0.0,0.0,0.8564,0.8564,0.0,0.0,0.6707,0.8564,0.0,0.1857,209.1,277.8,146.2,212.3,118.0,165.0,1,1,1,1,1,1,1,1,1,1,0.7744,0.9459,0.0,0.1714,0.7744,0.9459,0.0,0.1714,0.7744,0.9459,0.0,0.1714,0.4466,0.4579,0.0,0.0113,0.4233,0.4466,0.0,0.0233
420035520001,42003552000,Allegheny,522.0,40.343716,-79.843772,382.0,0.0,194.0,81.0,0.0,0.0,0.0,0.0,107.0,382.0,29.0,59.0,223.0,45.0,74.0,89.0,15.0,0.0,223.0,46.0,98.0,379.33,109.91,177.72,0.0,1.0,1.0,0.0,0.0,1.0,1.0,0.0,0.0,1.0,1.0,0.0,0.0,0.0,1.0,0.0,1.0,0.0,0.0,0.0,0.0,14.0,29.7,9.0,26.2,9.0,23.3,1,1,1,1,1,1,0,1,0,0,0.3448,0.3448,0.0,0.0,0.3448,0.3448,0.0,0.0,0.3448,0.3448,0.0,0.0,0.0,0.3448,0.0,0.3448,0.0,0.0,0.0,0.0
420035520002,42003552000,Allegheny,574.0,40.340404,-79.843066,152.0,0.0,90.0,62.0,0.0,0.0,0.0,0.0,0.0,152.0,0.0,48.0,82.0,51.0,0.0,31.0,0.0,0.0,82.0,26.0,40.0,417.11,120.86,195.42,0.0,0.0976,1.0,0.0,0.9024,0.0976,1.0,0.0,0.9024,0.0976,1.0,0.0,0.9024,0.0,0.7927,0.0,0.7927,0.0,0.0,0.0,0.0,1.4,29.9,0.9,27.9,0.9,24.2,0,1,0,1,0,1,0,0,0,0,0.0,0.122,0.0,0.122,0.0,0.122,0.0,0.122,0.0,0.122,0.0,0.122,0.0,0.122,0.0,0.122,0.0,0.0,0.0,0.0
420035520003,42003552000,Allegheny,487.0,40.343609,-79.839232,852.0,0.0,425.0,427.0,0.0,0.0,0.0,0.0,0.0,852.0,259.0,249.0,322.0,40.0,109.0,158.0,0.0,15.0,322.0,62.0,108.0,353.89,102.54,165.8,0.0,1.0,1.0,0.0,0.0,1.0,1.0,0.0,0.0,1.0,1.0,0.0,0.0,0.0,1.0,0.0,1.0,0.0,0.0,0.0,0.0,14.0,54.0,9.0,49.0,9.0,43.0,1,1,1,1,1,1,0,1,0,0,0.3758,0.4312,0.0,0.0554,0.3758,0.4312,0.0,0.0554,0.3758,0.4312,0.0,0.0554,0.0,0.4312,0.0,0.4312,0.0,0.0,0.0,0.0
420035520004,42003552000,Allegheny,711.0,40.3401,-79.838685,281.0,0.0,158.0,82.0,0.0,0.0,0.0,0.0,41.0,281.0,35.0,64.0,154.0,56.0,45.0,33.0,2.0,18.0,154.0,56.0,87.0,516.67,149.7,242.06,0.0,0.2166,1.0,0.0,0.7834,0.2166,1.0,0.0,0.7834,0.2166,1.0,0.0,0.7834,0.0,1.0,0.0,1.0,0.0,0.0,0.0,0.0,3.0,36.8,1.9,34.1,1.9,29.7,0,1,0,1,0,1,0,1,0,0,0.0,0.4923,0.0,0.4923,0.0,0.4923,0.0,0.4923,0.0,0.4923,0.0,0.4923,0.0,0.3657,0.0,0.3657,0.0,0.0,0.0,0.0
420035521001,42003552100,Allegheny,552.0,40.346545,-79.863552,702.0,7.0,227.0,393.0,0.0,0.0,0.0,0.0,75.0,702.0,188.0,187.0,191.0,140.0,32.0,11.0,8.0,0.0,191.0,122.0,27.0,400.26,85.03,163.49,0.0,1.0,1.0,0.0,0.0,1.0,1.0,0.0,0.0,1.0,1.0,0.0,0.0,0.1504,1.0,0.0,0.8496,0.1504,0.1504,0.0,0.0,44.0,73.7,29.9,59.6,27.0,49.3,1,1,1,1,1,1,0,1,0,0,0.3786,0.3551,0.0616,0.038,0.3786,0.3551,0.0616,0.038,0.3786,0.3551,0.0616,0.038,0.0,0.3442,0.0,0.3442,0.0,0.0,0.0,0.0
420035521002,42003552100,Allegheny,623.0,40.344085,-79.865849,548.0,6.0,204.0,248.0,0.0,0.0,0.0,0.0,90.0,548.0,90.0,228.0,157.0,150.0,7.0,0.0,0.0,0.0,157.0,122.0,35.0,451.74,95.97,184.51,0.0,1.0,1.0,0.0,0.0,1.0,1.0,0.0,0.0,1.0,1.0,0.0,0.0,0.0,1.0,0.0,1.0,0.0,0.0,0.0,0.0,17.2,22.0,11.0,19.0,11.0,17.0,1,1,1,1,1,1,0,1,0,0,0.0337,0.0144,0.0193,0.0,0.0337,0.0144,0.0193,0.0,0.0337,0.0144,0.0193,0.0,0.0,0.0144,0.0,0.0144,0.0,0.0,0.0,0.0
420035522001,42003552200,Allegheny,969.0,40.348627,-79.876495,855.0,0.0,554.0,132.0,5.0,98.0,0.0,7.0,59.0,855.0,93.0,192.0,415.0,97.0,118.0,72.0,51.0,77.0,415.0,51.0,207.0,855.0,160.0,415.0,0.0,1.0,1.0,0.0,0.0,1.0,1.0,0.0,0.0,1.0,1.0,0.0,0.0,1.0,1.0,0.0,0.0,1.0,1.0,0.0,0.0,141.3,176.0,100.4,118.0,90.0,90.0,1,1,1,1,1,1,1,1,1,1,0.2353,0.2353,0.0,0.0,0.2353,0.2353,0.0,0.0,0.2353,0.2353,0.0,0.0,0.2353,0.2353,0.0,0.0,0.2353,0.1744,0.0609,0.0
420035523001,42003552300,Allegheny,552.0,40.343724,-79.852491,275.0,0.0,89.0,171.0,0.0,0.0,0.0,15.0,0.0,275.0,60.0,88.0,150.0,103.0,11.0,7.0,3.0,26.0,150.0,32.0,89.0,473.44,137.85,218.49,0.0,0.4457,1.0,0.0,0.5543,0.4457,1.0,0.0,0.5543,0.4457,1.0,0.0,0.5543,0.0,0.9239,0.0,0.9239,0.0,0.0,0.0,0.0,6.2,40.5,4.0,37.2,4.0,32.5,1,1,1,1,1,1,0,1,0,0,0.0326,0.375,0.0,0.3424,0.0326,0.375,0.0,0.3424,0.0326,0.375,0.0,0.3424,0.0,0.375,0.0,0.375,0.0,0.0,0.0,0.0
420035523002,42003552300,Allegheny,755.0,40.339616,-79.850728,629.0,0.0,154.0,460.0,0.0,0.0,0.0,0.0,15.0,629.0,157.0,132.0,286.0,59.0,62.0,101.0,0.0,64.0,286.0,58.0,115.0,647.55,188.55,298.84,0.0,0.4119,1.0,0.0,0.5881,0.4119,1.0,0.0,0.5881,0.4119,1.0,0.0,0.5881,0.2305,0.8556,0.0,0.6252,0.0,0.0,0.0,0.0,6.6,41.1,4.4,37.8,4.4,33.0,1,1,1,1,1,1,1,1,0,0,0.0093,0.857,0.0,0.8477,0.0093,0.857,0.0,0.8477,0.0093,0.857,0.0,0.8477,0.0,0.6212,0.0,0.6212,0.0,0.0,0.0,0.0
420035523003,42003552300,Allegheny,555.0,40.343243,-79.847462,693.0,0.0,154.0,426.0,0.0,0.0,0.0,0.0,113.0,693.0,136.0,25.0,301.0,157.0,103.0,6.0,22.0,13.0,301.0,174.0,100.0,476.01,138.6,219.68,0.0,0.7171,1.0,0.0,0.2829,0.7171,1.0,0.0,0.2829,0.7171,1.0,0.0,0.2829,0.0,0.9333,0.0,0.9333,0.0,0.0,0.0,0.0,10.0,25.7,6.5,22.9,6.5,20.3,1,1,1,1,1,1,0,1,0,0,0.2523,0.2523,0.0,0.0,0.2523,0.2523,0.0,0.0,0.2523,0.2523,0.0,0.0,0.0,0.2523,0.0,0.2523,0.0,0.0,0.0,0.0
420035524001,42003552400,Allegheny,610.0,40.336913,-79.83545,1031.0,49.0,580.0,317.0,0.0,0.0,0.0,0.0,85.0,1031.0,537.0,75.0,294.0,28.0,103.0,127.0,13.0,23.0,294.0,85.0,165.0,702.81,125.08,283.7,11.18,0.0,0.9131,0.0,0.9131,0.0,0.9131,0.0,0.9131,0.0,0.9131,0.0,0.9131,0.0,0.9131,0.0,0.9131,0.0,0.0,0.0,0.0,0.0,29.2,0.0,27.4,0.0,23.7,0,1,0,1,0,1,0,1,0,0,0.0,0.0885,0.0,0.0885,0.0,0.0885,0.0,0.0885,0.0,0.0885,0.0,0.0885,0.0,0.0885,0.0,0.0885,0.0,0.0,0.0,0.0
420035524002,42003552400,Allegheny,898.0,40.333071,-79.83726,1045.0,177.0,532.0,165.0,0.0,0.0,0.0,77.0,94.0,1045.0,249.0,228.0,526.0,143.0,161.0,88.0,0.0,134.0,526.0,26.0,312.0,1034.63,184.13,417.64,16.46,0.3753,0.549,0.0,0.1737,0.3753,0.549,0.0,0.1737,0.3753,0.549,0.0,0.1737,0.3753,0.549,0.0,0.1737,0.0,0.0,0.0,0.0,5.6,25.3,4.1,23.1,4.1,20.2,0,0,0,0,0,0,0,0,0,0,0.0568,0.1013,0.0,0.0445,0.0568,0.1013,0.0,0.0445,0.0568,0.1013,0.0,0.0445,0.0479,0.1013,0.0,0.0535,0.0,0.0,0.0,0.0
420035524003,42003552400,Allegheny,1384.0,40.334314,-79.845705,1256.0,0.0,747.0,199.0,0.0,11.0,0.0,38.0,261.0,1256.0,314.0,270.0,525.0,118.0,188.0,84.0,66.0,69.0,525.0,10.0,237.0,1594.57,283.79,643.67,25.36,0.8042,1.0,0.0,0.1958,0.8042,1.0,0.0,0.1958,0.8042,1.0,0.0,0.1958,0.5354,1.0,0.0,0.4646,0.0,0.0,0.0,0.0,13.0,46.6,8.9,42.4,8.9,37.2,1,1,1,1,1,1,0,1,0,0,0.4277,0.6633,0.0079,0.2435,0.4277,0.6633,0.0079,0.2435,0.4277,0.6633,0.0079,0.2435,0.2435,0.6568,0.0,0.4133,0.0,0.0,0.0,0.0
420035604001,42003560400,Allegheny,695.0,40.443966,-79.890805,726.0,140.0,337.0,144.0,0.0,22.0,0.0,0.0,83.0,726.0,55.0,130.0,330.0,71.0,65.0,97.0,25.0,72.0,330.0,66.0,155.0,618.47,134.7,366.07,8.95,1.0,1.0,0.0,0.0,1.0,1.0,0.0,0.0,1.0,1.0,0.0,0.0,1.0,1.0,0.0,0.0,1.0,1.0,0.0,0.0,790.2,817.7,455.2,587.7,321.0,439.0,1,1,1,1,1,1,1,1,1,1,1.0,0.3007,0.6993,0.0,1.0,0.3007,0.6993,0.0,1.0,0.3007,0.6993,0.0,1.0,0.3007,0.6993,0.0,1.0,0.3007,0.6993,0.0
420035604002,42003560400,Allegheny,858.0,40.441782,-79.890742,763.0,27.0,283.0,400.0,0.0,24.0,0.0,14.0,15.0,763.0,68.0,135.0,488.0,141.0,146.0,147.0,14.0,40.0,488.0,195.0,207.0,763.53,166.3,451.93,11.05,1.0,1.0,0.0,0.0,1.0,1.0,0.0,0.0,1.0,1.0,0.0,0.0,1.0,1.0,0.0,0.0,1.0,1.0,0.0,0.0,452.3,468.7,261.5,361.8,179.4,261.8,1,1,1,1,1,1,1,1,1,1,1.0,0.7413,0.2587,0.0,1.0,0.7413,0.2587,0.0,1.0,0.7413,0.2587,0.0,1.0,0.7413,0.2587,0.0,1.0,0.7413,0.2587,0.0
420035605001,42003560500,Allegheny,975.0,40.439362,-79.89201,1134.0,9.0,908.0,50.0,0.0,131.0,0.0,0.0,36.0,1134.0,67.0,89.0,789.0,164.0,47.0,116.0,176.0,286.0,789.0,80.0,530.0,1025.68,132.93,617.99,39.57,1.0,1.0,0.0,0.0,1.0,1.0,0.0,0.0,1.0,1.0,0.0,0.0,1.0,1.0,0.0,0.0,1.0,1.0,0.0,0.0,299.7,280.0,207.9,223.6,133.1,157.3,1,1,1,1,1,1,1,1,1,1,0.6913,0.5744,0.1169,0.0,0.6913,0.5744,0.1169,0.0,0.5744,0.5744,0.0,0.0,0.5744,0.5744,0.0,0.0,0.5744,0.5744,0.0,0.0
420035605002,42003560500,Allegheny,1218.0,40.43678,-79.890832,1173.0,85.0,885.0,103.0,0.0,90.0,0.0,0.0,10.0,1173.0,147.0,261.0,601.0,63.0,58.0,106.0,91.0,283.0,601.0,82.0,298.0,1281.32,166.07,772.01,49.43,1.0,0.9384,0.0616,0.0,1.0,0.9384,0.0616,0.0,0.9384,0.9384,0.0,0.0,0.9384,0.9384,0.0,0.0,0.9384,0.9384,0.0,0.0,315.6,354.0,186.5,254.9,121.7,189.0,1,0,1,0,0,0,0,0,0,0,0.436,0.2397,0.1962,0.0,0.436,0.2397,0.1962,0.0,0.2397,0.2397,0.0,0.0,0.2397,0.2397,0.0,0.0,0.2397,0.2397,0.0,0.0
420035614001,42003561400,Allegheny,581.0,40.450411,-79.855919,438.0,15.0,331.0,33.0,0.0,0.0,0.0,0.0,59.0,438.0,73.0,46.0,221.0,36.0,30.0,0.0,14.0,141.0,221.0,0.0,143.0,510.33,136.42,318.59,7.68,0.7315,0.7315,0.0,0.0,0.7315,0.7315,0.0,0.0,0.358,0.7315,0.0,0.3735,0.358,0.7315,0.0,0.3735,0.0,0.7315,0.0,0.7315,47.1,59.2,10.7,35.1,10.0,23.4,0,0,0,0,0,0,0,0,0,0,0.1222,0.1222,0.0,0.0,0.1222,0.1222,0.0,0.0,0.0,0.1222,0.0,0.1222,0.0,0.1222,0.0,0.1222,0.0,0.1222,0.0,0.1222
420035614002,42003561400,Allegheny,988.0,40.453568,-79.86034,753.0,58.0,68.0,624.0,3.0,0.0,0.0,0.0,0.0,753.0,102.0,260.0,441.0,51.0,140.0,128.0,36.0,86.0,441.0,52.0,312.0,867.82,231.98,541.77,13.05,1.0,1.0,0.0,0.0,1.0,1.0,0.0,0.0,0.3077,1.0,0.0,0.6923,0.3077,1.0,0.0,0.6923,0.0,1.0,0.0,1.0,63.8,87.1,18.0,62.0,11.2,41.3,1,1,1,1,1,1,1,1,0,1,0.4605,0.4605,0.0,0.0,0.4605,0.4605,0.0,0.0,0.0314,0.4605,0.0,0.4291,0.0314,0.4605,0.0,0.4291,0.0,0.4605,0.0,0.4605
420035614003,42003561400,Allegheny,1000.0,40.448856,-79.866754,754.0,0.0,0.0,625.0,0.0,0.0,0.0,0.0,129.0,754.0,54.0,273.0,529.0,274.0,96.0,127.0,32.0,0.0,529.0,466.0,63.0,878.36,234.8,548.35,13.21,1.0,1.0,0.0,0.0,1.0,1.0,0.0,0.0,1.0,1.0,0.0,0.0,1.0,1.0,0.0,0.0,0.068,1.0,0.0,0.932,119.4,146.7,56.0,102.6,32.9,68.5,1,1,1,1,1,1,1,1,0,1,0.592,0.592,0.0,0.0,0.592,0.592,0.0,0.0,0.402,0.592,0.0,0.19,0.402,0.592,0.0,0.19,0.0,0.592,0.0,0.592
420035614004,42003561400,Allegheny,1443.0,40.445887,-79.863488,1579.0,115.0,494.0,753.0,0.0,16.0,0.0,0.0,201.0,1579.0,354.0,225.0,1009.0,324.0,342.0,110.0,86.0,147.0,1009.0,164.0,634.0,1267.48,338.81,791.28,19.06,1.0,1.0,0.0,0.0,1.0,1.0,0.0,0.0,0.9778,1.0,0.0,0.0222,0.9778,1.0,0.0,0.0222,0.0291,1.0,0.0,0.9709,109.7,131.4,31.0,76.2,28.3,50.9,1,1,1,1,1,1,1,1,0,1,0.3534,0.3534,0.0,0.0,0.3534,0.3534,0.0,0.0,0.3389,0.3534,0.0,0.0146,0.3389,0.3534,0.0,0.0146,0.0,0.3534,0.0,0.3534
420035615001,42003561500,Allegheny,1228.0,40.440821,-79.866803,1669.0,127.0,667.0,787.0,0.0,38.0,0.0,0.0,50.0,1669.0,87.0,687.0,872.0,155.0,268.0,62.0,114.0,273.0,872.0,174.0,402.0,1256.47,244.84,679.01,4.74,0.9544,0.9544,0.0,0.0,0.9544,0.9544,0.0,0.0,0.9544,0.9544,0.0,0.0,0.9544,0.9544,0.0,0.0,0.2394,0.9544,0.0,0.715,101.6,115.7,43.0,63.3,40.8,45.5,1,1,1,1,1,1,1,1,0,1,0.377,0.377,0.0,0.0,0.377,0.377,0.0,0.0,0.377,0.377,0.0,0.0,0.377,0.377,0.0,0.0,0.0,0.377,0.0,0.377
420035615002,42003561500,Allegheny,752.0,40.437086,-79.8686,739.0,0.0,300.0,407.0,0.0,0.0,0.0,0.0,32.0,739.0,96.0,160.0,476.0,201.0,71.0,109.0,8.0,87.0,476.0,90.0,352.0,769.43,149.94,415.81,2.91,1.0,1.0,0.0,0.0,1.0,1.0,0.0,0.0,1.0,1.0,0.0,0.0,1.0,0.6915,0.3085,0.0,0.3697,0.6915,0.0,0.3218,106.2,111.9,47.0,64.4,46.2,52.4,1,1,1,1,1,1,1,1,0,1,0.1596,0.1596,0.0,0.0,0.1596,0.1596,0.0,0.0,0.117,0.1596,0.0,0.0426,0.117,0.1596,0.0,0.0426,0.0,0.1596,0.0,0.1596
420035615003,42003561500,Allegheny,608.0,40.443521,-79.873433,240.0,0.0,184.0,56.0,0.0,0.0,0.0,0.0,0.0,240.0,85.0,37.0,83.0,57.0,7.0,17.0,0.0,2.0,83.0,9.0,64.0,622.1,121.22,336.19,2.35,1.0,1.0,0.0,0.0,1.0,1.0,0.0,0.0,1.0,1.0,0.0,0.0,1.0,1.0,0.0,0.0,0.2122,1.0,0.0,0.7878,194.9,247.0,97.7,163.4,69.2,114.1,1,1,1,1,1,1,1,1,0,1,0.4984,0.4885,0.0099,0.0,0.4984,0.4885,0.0099,0.0,0.4984,0.4885,0.0099,0.0,0.4984,0.4885,0.0099,0.0,0.0,0.4885,0.0,0.4885
420035619001,42003561900,Allegheny,656.0,40.472497,-79.894402,488.0,2.0,16.0,457.0,0.0,0.0,0.0,13.0,0.0,488.0,0.0,259.0,277.0,140.0,79.0,14.0,19.0,25.0,277.0,39.0,219.0,633.19,217.74,312.45,4.49,1.0,0.9878,0.0122,0.0,1.0,0.9878,0.0122,0.0,1.0,0.9878,0.0122,0.0,1.0,0.9878,0.0122,0.0,0.939,0.9878,0.0122,0.061,180.4,222.1,114.6,159.2,96.2,124.8,1,1,1,1,1,1,1,1,1,1,0.6128,0.3841,0.2287,0.0,0.6128,0.3841,0.2287,0.0,0.6128,0.3841,0.2287,0.0,0.6128,0.3841,0.2287,0.0,0.3796,0.3841,0.0564,0.061
420035619002,42003561900,Allegheny,1242.0,40.466855,-79.892571,1344.0,8.0,28.0,1253.0,0.0,0.0,0.0,0.0,55.0,1344.0,365.0,164.0,627.0,293.0,51.0,197.0,70.0,16.0,627.0,87.0,329.0,1198.81,412.26,591.55,8.51,1.0,1.0,0.0,0.0,1.0,1.0,0.0,0.0,1.0,1.0,0.0,0.0,1.0,1.0,0.0,0.0,0.8575,0.7496,0.1079,0.0,154.0,179.4,101.2,126.9,79.3,99.8,1,1,1,1,1,1,1,1,1,1,0.9042,0.9211,0.0,0.0169,0.9042,0.9211,0.0,0.0169,0.9042,0.9211,0.0,0.0169,0.8921,0.9211,0.0,0.029,0.6377,0.6465,0.0982,0.1071
420035620001,42003562000,Allegheny,1403.0,40.450973,-79.950902,974.0,83.0,475.0,29.0,0.0,375.0,0.0,0.0,12.0,974.0,79.0,123.0,688.0,342.0,113.0,115.0,103.0,15.0,688.0,265.0,362.0,1002.72,172.88,716.75,66.31,1.0,1.0,0.0,0.0,1.0,1.0,0.0,0.0,1.0,1.0,0.0,0.0,1.0,1.0,0.0,0.0,1.0,1.0,0.0,0.0,714.1,801.5,423.4,627.8,319.6,519.8,1,1,1,1,1,1,1,1,1,1,1.0,1.0,0.0,0.0,1.0,1.0,0.0,0.0,1.0,1.0,0.0,0.0,1.0,1.0,0.0,0.0,1.0,1.0,0.0,0.0
420035620002,42003562000,Allegheny,1119.0,40.453357,-79.95294,866.0,49.0,452.0,58.0,0.0,289.0,11.0,0.0,7.0,866.0,0.0,99.0,721.0,290.0,195.0,139.0,32.0,65.0,721.0,350.0,334.0,799.75,137.89,571.67,52.88,1.0,1.0,0.0,0.0,1.0,1.0,0.0,0.0,1.0,1.0,0.0,0.0,1.0,1.0,0.0,0.0,0.924,1.0,0.0,0.076,664.8,739.2,400.6,577.3,308.0,474.4,1,1,1,1,1,1,1,1,1,1,0.9803,0.9803,0.0,0.0,0.9803,0.9803,0.0,0.0,0.9803,0.9803,0.0,0.0,0.9803,0.9803,0.0,0.0,0.58,0.9803,0.0,0.4004
420035620003,42003562000,Allegheny,927.0,40.449121,-79.954275,625.0,8.0,273.0,145.0,0.0,199.0,0.0,0.0,0.0,625.0,64.0,157.0,353.0,183.0,73.0,0.0,0.0,97.0,353.0,140.0,94.0,662.53,114.23,473.58,43.81,1.0,1.0,0.0,0.0,1.0,1.0,0.0,0.0,1.0,1.0,0.0,0.0,1.0,1.0,0.0,0.0,1.0,1.0,0.0,0.0,980.0,916.0,645.2,719.3,475.8,553.0,1,1,1,1,1,1,1,1,1,1,0.0593,0.6084,0.0,0.5491,0.0593,0.6084,0.0,0.5491,0.0593,0.6084,0.0,0.5491,0.0593,0.0593,0.0,0.0,0.0593,0.0593,0.0,0.0
420035623001,42003562300,Allegheny,1246.0,40.406889,-79.934116,1693.0,30.0,517.0,860.0,5.0,0.0,0.0,233.0,48.0,1693.0,361.0,523.0,529.0,240.0,66.0,32.0,77.0,114.0,529.0,178.0,245.0,1266.4,340.8,553.2,9.2,0.9839,0.9839,0.0,0.0,0.9839,0.9839,0.0,0.0,0.9839,0.9839,0.0,0.0,0.9839,0.9839,0.0,0.0,0.9254,0.9254,0.0,0.0,117.0,130.6,78.0,90.7,70.0,68.4,1,1,1,1,1,1,1,1,1,1,0.748,0.748,0.0,0.0,0.748,0.748,0.0,0.0,0.748,0.748,0.0,0.0,0.748,0.748,0.0,0.0,0.7255,0.6974,0.0281,0.0
420035623002,42003562300,Allegheny,0.0,40.414823,-79.928714,0.0,0.0,0.0,0.0,0.0,0.0,0.0,0.0,0.0,0.0,0.0,0.0,0.0,0.0,0.0,0.0,0.0,0.0,0.0,0.0,0.0,0.0,0.0,0.0,0.0,0.0,0.0,0.0,0.0,0.0,0.0,0.0,0.0,0.0,0.0,0.0,0.0,0.0,0.0,0.0,0.0,0.0,0.0,0.0,0.0,0.0,0.0,0.0,0.0,0.0,0.0,1,1,1,1,1,1,1,1,1,1,0.0,0.0,0.0,0.0,0.0,0.0,0.0,0.0,0.0,0.0,0.0,0.0,0.0,0.0,0.0,0.0,0.0,0.0,0.0,0.0
420035623003,42003562300,Allegheny,1869.0,40.408479,-79.940153,1681.0,204.0,674.0,721.0,0.0,23.0,0.0,8.0,51.0,1681.0,393.0,346.0,854.0,328.0,124.0,184.0,85.0,133.0,854.0,205.0,411.0,1899.6,511.2,829.8,13.8,1.0,1.0,0.0,0.0,1.0,1.0,0.0,0.0,1.0,1.0,0.0,0.0,1.0,1.0,0.0,0.0,0.6795,0.8068,0.0,0.1273,134.1,145.8,85.4,98.7,76.7,75.7,1,1,1,1,1,1,1,1,1,1,0.6972,0.6972,0.0,0.0,0.6972,0.6972,0.0,0.0,0.6972,0.6972,0.0,0.0,0.6972,0.6972,0.0,0.0,0.3788,0.3285,0.0503,0.0
420035624001,42003562400,Allegheny,759.0,40.408023,-79.99938,776.0,1.0,723.0,9.0,0.0,0.0,0.0,0.0,43.0,776.0,77.0,189.0,402.0,48.0,108.0,35.0,95.0,116.0,402.0,44.0,181.0,889.73,266.28,352.68,26.66,0.9947,0.0632,0.9315,0.0,0.9947,0.0632,0.9315,0.0,0.9947,0.0632,0.9315,0.0,0.0632,0.0632,0.0,0.0,0.0632,0.0,0.0632,0.0,39.2,4.0,27.1,1.9,17.3,1.8,1,0,1,0,1,0,0,0,0,0,0.8564,0.0,0.8564,0.0,0.8564,0.0,0.8564,0.0,0.8564,0.0,0.8564,0.0,0.0,0.0,0.0,0.0,0.0,0.0,0.0,0.0
420035624002,42003562400,Allegheny,649.0,40.415848,-80.002736,527.0,0.0,10.0,509.0,0.0,0.0,0.0,0.0,8.0,527.0,281.0,49.0,201.0,101.0,51.0,29.0,0.0,20.0,201.0,68.0,112.0,760.78,227.69,301.57,22.8,1.0,1.0,0.0,0.0,1.0,1.0,0.0,0.0,1.0,1.0,0.0,0.0,0.6148,1.0,0.0,0.3852,1.0,0.5686,0.4314,0.0,99.0,87.7,83.0,46.0,53.4,42.5,1,1,1,1,1,1,1,1,1,0,0.6764,0.621,0.0555,0.0,0.6764,0.621,0.0555,0.0,0.6764,0.621,0.0555,0.0,0.245,0.621,0.0555,0.4314,0.527,0.3945,0.1325,0.0
420035624003,42003562400,Allegheny,955.0,40.418947,-80.003113,1467.0,435.0,131.0,793.0,0.0,0.0,0.0,98.0,10.0,1467.0,477.0,156.0,495.0,201.0,134.0,36.0,66.0,58.0,495.0,62.0,277.0,1119.49,335.04,443.75,33.54,1.0,1.0,0.0,0.0,1.0,1.0,0.0,0.0,1.0,1.0,0.0,0.0,1.0,1.0,0.0,0.0,1.0,1.0,0.0,0.0,310.0,259.9,245.2,163.1,160.9,142.0,1,1,1,1,1,1,1,1,1,1,0.7843,0.7529,0.0314,0.0,0.7843,0.7529,0.0314,0.0,0.7843,0.7529,0.0314,0.0,0.4691,0.7529,0.0314,0.3152,0.7435,0.3759,0.3675,0.0
420035625001,42003562500,Allegheny,915.0,40.457814,-80.049704,634.0,0.0,93.0,541.0,0.0,0.0,0.0,0.0,0.0,634.0,387.0,49.0,164.0,94.0,0.0,16.0,33.0,21.0,164.0,65.0,45.0,936.32,104.07,352.33,0.0,0.7672,0.7672,0.0,0.0,0.7672,0.7672,0.0,0.0,0.7672,0.7672,0.0,0.0,0.7672,0.7672,0.0,0.0,0.7672,0.6831,0.0842,0.0,109.6,115.1,71.3,77.3,58.2,61.2,1,1,1,1,1,1,1,1,1,1,0.2514,0.3169,0.0,0.0656,0.2514,0.3169,0.0,0.0656,0.2514,0.3169,0.0,0.0656,0.2514,0.3169,0.0,0.0656,0.2514,0.2634,0.0,0.012
420035625002,42003562500,Allegheny,872.0,40.454997,-80.050946,832.0,0.0,284.0,405.0,0.0,0.0,0.0,0.0,143.0,832.0,166.0,131.0,410.0,80.0,62.0,200.0,21.0,47.0,410.0,117.0,151.0,892.31,99.18,335.78,0.0,0.7764,0.7764,0.0,0.0,0.7764,0.7764,0.0,0.0,0.7764,0.7764,0.0,0.0,0.7764,0.7764,0.0,0.0,0.7764,0.7122,0.0642,0.0,168.9,180.6,121.3,135.2,112.2,118.9,1,1,1,1,1,1,1,1,1,1,0.086,0.086,0.0,0.0,0.086,0.086,0.0,0.0,0.086,0.086,0.0,0.0,0.086,0.086,0.0,0.0,0.0241,0.0241,0.0,0.0
420035625003,42003562500,Allegheny,1132.0,40.457388,-80.055536,1521.0,0.0,265.0,1047.0,13.0,0.0,0.0,0.0,196.0,1521.0,398.0,60.0,550.0,126.0,13.0,79.0,113.0,219.0,550.0,93.0,188.0,1158.37,128.75,435.89,0.0,0.5733,0.7659,0.0,0.1926,0.5733,0.7659,0.0,0.1926,0.5733,0.7659,0.0,0.1926,0.5733,0.7659,0.0,0.1926,0.5733,0.2951,0.3843,0.106,59.7,65.1,38.7,45.0,33.5,38.5,1,1,1,1,1,1,1,1,1,0,0.0724,0.0724,0.0,0.0,0.0724,0.0724,0.0,0.0,0.0724,0.0724,0.0,0.0,0.0724,0.0724,0.0,0.0,0.0724,0.0,0.0724,0.0
420035626001,42003562600,Allegheny,1181.0,40.440683,-80.039848,1461.0,13.0,975.0,398.0,0.0,6.0,0.0,0.0,69.0,1461.0,170.0,170.0,682.0,117.0,241.0,38.0,59.0,227.0,682.0,106.0,359.0,1299.69,325.05,691.95,0.0,1.0,1.0,0.0,0.0,1.0,1.0,0.0,0.0,1.0,1.0,0.0,0.0,0.9204,0.9204,0.0,0.0,0.8942,0.8942,0.0,0.0,181.7,199.2,105.7,145.5,84.3,112.6,1,1,1,1,1,1,1,1,1,1,0.6986,0.6986,0.0,0.0,0.6986,0.6986,0.0,0.0,0.6986,0.6986,0.0,0.0,0.6198,0.6198,0.0,0.0,0.5817,0.5309,0.0508,0.0
420035626002,42003562600,Allegheny,1217.0,40.44605,-80.038487,1178.0,0.0,608.0,508.0,0.0,5.0,0.0,0.0,57.0,1178.0,260.0,160.0,723.0,289.0,141.0,205.0,27.0,61.0,723.0,189.0,411.0,1339.31,334.95,713.05,0.0,0.8669,0.8669,0.0,0.0,0.8669,0.8669,0.0,0.0,0.8669,0.8669,0.0,0.0,0.8669,0.8669,0.0,0.0,0.8398,0.4519,0.3878,0.0,115.2,115.3,68.9,81.6,54.0,63.4,1,1,1,1,1,1,1,1,1,0,0.1939,0.2095,0.0,0.0156,0.1939,0.2095,0.0,0.0156,0.1939,0.2095,0.0,0.0156,0.1939,0.2095,0.0,0.0156,0.1767,0.0345,0.1422,0.0
420035627001,42003562700,Allegheny,540.0,40.452309,-80.016453,545.0,23.0,500.0,22.0,0.0,0.0,0.0,0.0,0.0,545.0,16.0,99.0,300.0,35.0,49.0,6.0,9.0,201.0,300.0,28.0,140.0,533.66,52.92,369.92,5.24,1.0,1.0,0.0,0.0,1.0,1.0,0.0,0.0,1.0,1.0,0.0,0.0,1.0,1.0,0.0,0.0,1.0,1.0,0.0,0.0,430.1,326.0,310.5,242.3,236.8,209.0,1,1,1,1,1,1,1,1,1,1,1.0,0.9519,0.0481,0.0,1.0,0.9519,0.0481,0.0,0.2296,0.9519,0.0,0.7222,0.2296,0.9519,0.0,0.7222,0.2296,0.9519,0.0,0.7222
420035627002,42003562700,Allegheny,1419.0,40.451882,-80.00517,1404.0,56.0,840.0,238.0,0.0,210.0,0.0,0.0,60.0,1404.0,116.0,174.0,1042.0,233.0,236.0,230.0,81.0,262.0,1042.0,307.0,664.0,1402.34,139.08,972.08,13.76,1.0,1.0,0.0,0.0,1.0,1.0,0.0,0.0,1.0,1.0,0.0,0.0,1.0,1.0,0.0,0.0,1.0,1.0,0.0,0.0,769.3,702.9,562.3,502.5,417.1,400.5,1,1,1,1,1,1,1,1,1,1,1.0,0.3439,0.6561,0.0,1.0,0.3439,0.6561,0.0,1.0,0.3439,0.6561,0.0,1.0,0.2361,0.7639,0.0,1.0,0.2361,0.7639,0.0
420035628001,42003562800,Allegheny,491.0,40.417421,-80.073069,431.0,0.0,305.0,48.0,0.0,0.0,0.0,0.0,78.0,431.0,93.0,60.0,181.0,0.0,53.0,87.0,11.0,30.0,181.0,17.0,110.0,506.22,91.33,244.2,3.89,0.9633,0.9633,0.0,0.0,0.9633,0.9633,0.0,0.0,0.9633,0.9633,0.0,0.0,0.9633,0.9633,0.0,0.0,0.0,0.0,0.0,0.0,54.4,52.0,27.0,32.8,27.0,27.0,1,1,1,1,1,1,1,1,0,0,0.1303,0.1303,0.0,0.0,0.1303,0.1303,0.0,0.0,0.1303,0.1303,0.0,0.0,0.1303,0.1303,0.0,0.0,0.0,0.0,0.0,0.0
420035628002,42003562800,Allegheny,1025.0,40.427165,-80.064258,1132.0,7.0,959.0,4.0,0.0,93.0,0.0,0.0,69.0,1132.0,169.0,318.0,573.0,144.0,99.0,68.0,146.0,116.0,573.0,64.0,249.0,1056.78,190.67,509.8,8.11,0.958,0.958,0.0,0.0,0.958,0.958,0.0,0.0,0.958,0.958,0.0,0.0,0.958,0.958,0.0,0.0,0.2507,0.2507,0.0,0.0,100.4,106.1,63.3,75.4,62.2,65.3,1,1,1,1,1,1,1,1,0,0,0.0244,0.0244,0.0,0.0,0.0244,0.0244,0.0,0.0,0.0244,0.0244,0.0,0.0,0.0244,0.0244,0.0,0.0,0.0,0.0,0.0,0.0
420035629011,42003562901,Allegheny,570.0,40.406439,-79.946208,592.0,74.0,164.0,118.0,0.0,2.0,0.0,0.0,234.0,592.0,288.0,39.0,180.0,140.0,21.0,4.0,15.0,0.0,180.0,109.0,64.0,653.53,77.17,247.81,4.38,1.0,1.0,0.0,0.0,1.0,1.0,0.0,0.0,1.0,1.0,0.0,0.0,1.0,1.0,0.0,0.0,1.0,1.0,0.0,0.0,160.9,176.1,108.0,120.0,98.0,92.0,1,1,1,1,1,1,1,1,1,1,0.1439,0.1439,0.0,0.0,0.1439,0.1439,0.0,0.0,0.1439,0.1439,0.0,0.0,0.1439,0.1035,0.0404,0.0,0.1035,0.1035,0.0,0.0
420035629012,42003562901,Allegheny,863.0,40.417271,-79.942365,1051.0,21.0,638.0,305.0,0.0,11.0,0.0,0.0,76.0,1051.0,306.0,187.0,443.0,124.0,75.0,89.0,31.0,124.0,443.0,25.0,174.0,989.47,116.83,375.19,6.62,0.7567,0.7567,0.0,0.0,0.7567,0.7567,0.0,0.0,0.7567,0.7567,0.0,0.0,0.7567,0.7567,0.0,0.0,0.2445,0.6431,0.007,0.4056,77.8,87.5,42.2,58.9,35.0,44.5,1,1,1,1,1,1,1,1,1,1,0.6315,0.6315,0.0,0.0,0.6315,0.6315,0.0,0.0,0.6315,0.6315,0.0,0.0,0.6315,0.6315,0.0,0.0,0.0394,0.3326,0.007,0.3001
420035630001,42003563000,Allegheny,1092.0,40.448889,-80.077737,976.0,213.0,302.0,215.0,0.0,197.0,0.0,0.0,49.0,976.0,210.0,208.0,450.0,70.0,166.0,89.0,17.0,108.0,450.0,59.0,216.0,1228.5,201.39,492.3,36.55,1.0,1.0,0.0,0.0,1.0,1.0,0.0,0.0,1.0,1.0,0.0,0.0,1.0,1.0,0.0,0.0,1.0,0.0,1.0,0.0,60.8,55.0,34.0,34.0,32.0,28.0,1,1,1,1,1,1,1,1,1,0,0.1062,0.1062,0.0,0.0,0.1062,0.1062,0.0,0.0,0.1062,0.1062,0.0,0.0,0.1062,0.1062,0.0,0.0,0.1062,0.0,0.1062,0.0
420035630002,42003563000,Allegheny,757.0,40.459317,-80.077464,930.0,0.0,630.0,300.0,0.0,0.0,0.0,0.0,0.0,930.0,212.0,162.0,362.0,62.0,104.0,74.0,54.0,68.0,362.0,89.0,110.0,851.63,139.61,341.27,25.34,1.0,1.0,0.0,0.0,1.0,1.0,0.0,0.0,1.0,1.0,0.0,0.0,1.0,1.0,0.0,0.0,1.0,0.0,1.0,0.0,61.1,54.0,34.8,34.0,32.5,28.0,1,1,1,1,1,1,1,1,1,0,0.4875,0.2774,0.21,0.0,0.4875,0.2774,0.21,0.0,0.4875,0.2774,0.21,0.0,0.4875,0.2774,0.21,0.0,0.4875,0.0,0.4875,0.0
420035630003,42003563000,Allegheny,1079.0,40.454753,-80.071261,1388.0,0.0,551.0,743.0,0.0,7.0,0.0,0.0,87.0,1388.0,235.0,256.0,508.0,103.0,67.0,76.0,81.0,181.0,508.0,82.0,177.0,1213.88,199.0,486.43,36.11,1.0,0.5672,0.4328,0.0,1.0,0.5672,0.4328,0.0,1.0,0.5672,0.4328,0.0,1.0,0.5672,0.4328,0.0,0.7933,0.1511,0.6423,0.0,71.1,33.5,40.6,20.9,36.7,17.2,1,1,1,1,1,1,1,1,1,0,0.5412,0.1585,0.3828,0.0,0.5412,0.1585,0.3828,0.0,0.5412,0.1585,0.3828,0.0,0.5412,0.1585,0.3828,0.0,0.4439,0.1316,0.3123,0.0
420035631001,42003563100,Allegheny,1428.0,40.432906,-80.0435,1008.0,0.0,810.0,63.0,0.0,92.0,0.0,0.0,43.0,1008.0,110.0,228.0,544.0,48.0,62.0,176.0,104.0,154.0,544.0,14.0,301.0,1399.23,129.3,631.9,37.6,0.8046,0.8046,0.0,0.0,0.8046,0.8046,0.0,0.0,0.8046,0.8046,0.0,0.0,0.5098,0.5098,0.0,0.0,0.0,0.0,0.0,0.0,36.8,42.0,18.1,25.8,17.5,22.2,0,0,0,0,0,0,0,0,0,0,0.1387,0.1387,0.0,0.0,0.1387,0.1387,0.0,0.0,0.1387,0.1387,0.0,0.0,0.1282,0.1282,0.0,0.0,0.0,0.0,0.0,0.0
420035631002,42003563100,Allegheny,2294.0,40.431905,-80.054126,2639.0,228.0,1681.0,163.0,0.0,567.0,0.0,0.0,0.0,2639.0,617.0,377.0,1103.0,44.0,212.0,322.0,198.0,327.0,1103.0,8.0,726.0,2247.77,207.7,1015.1,60.4,0.9207,0.9207,0.0,0.0,0.9207,0.9207,0.0,0.0,0.9207,0.9207,0.0,0.0,0.9207,0.9207,0.0,0.0,0.0,0.0,0.0,0.0,51.8,50.5,25.8,31.3,25.8,25.8,1,1,1,1,1,1,1,1,0,0,0.2511,0.2511,0.0,0.0,0.2511,0.2511,0.0,0.0,0.2511,0.2511,0.0,0.0,0.2511,0.2511,0.0,0.0,0.0,0.0,0.0,0.0
420035632011,42003563201,Allegheny,301.0,40.449125,-79.998934,366.0,24.0,326.0,0.0,0.0,16.0,0.0,0.0,0.0,366.0,0.0,44.0,275.0,17.0,15.0,17.0,59.0,167.0,275.0,7.0,166.0,366.0,67.0,275.0,0.0,1.0,1.0,0.0,0.0,1.0,1.0,0.0,0.0,1.0,1.0,0.0,0.0,1.0,1.0,0.0,0.0,1.0,1.0,0.0,0.0,687.4,649.3,505.4,458.1,379.9,360.3,1,1,1,1,1,1,1,1,1,1,0.9103,0.0199,0.8904,0.0,0.9103,0.0199,0.8904,0.0,0.9103,0.0199,0.8904,0.0,0.9103,0.0199,0.8904,0.0,0.0199,0.0199,0.0,0.0
420035632021,42003563202,Allegheny,845.0,40.45318,-79.999386,1000.0,32.0,518.0,406.0,0.0,21.0,0.0,0.0,23.0,1000.0,38.0,229.0,722.0,295.0,144.0,73.0,34.0,176.0,722.0,400.0,223.0,858.77,140.76,552.38,0.0,1.0,1.0,0.0,0.0,1.0,1.0,0.0,0.0,1.0,1.0,0.0,0.0,1.0,1.0,0.0,0.0,1.0,1.0,0.0,0.0,736.7,736.2,532.5,522.1,395.6,412.5,1,1,1,1,1,1,1,1,1,1,0.6012,0.6012,0.0,0.0,0.6012,0.6012,0.0,0.0,0.6012,0.6012,0.0,0.0,0.6012,0.6012,0.0,0.0,0.6012,0.6012,0.0,0.0
420035632022,42003563202,Allegheny,1058.0,40.456742,-79.998192,934.0,0.0,814.0,36.0,0.0,0.0,0.0,0.0,84.0,934.0,107.0,120.0,522.0,37.0,97.0,55.0,65.0,268.0,522.0,88.0,287.0,1075.23,176.24,691.62,0.0,1.0,1.0,0.0,0.0,1.0,1.0,0.0,0.0,1.0,1.0,0.0,0.0,1.0,1.0,0.0,0.0,1.0,1.0,0.0,0.0,455.8,519.1,329.3,364.5,242.0,282.4,1,1,1,1,1,1,1,1,1,1,0.931,0.931,0.0,0.0,0.931,0.931,0.0,0.0,0.931,0.931,0.0,0.0,0.931,0.9064,0.0246,0.0,0.8837,0.8592,0.0246,0.0
420035633001,42003563300,Allegheny,689.0,40.568631,-80.126549,672.0,16.0,603.0,0.0,0.0,14.0,0.0,6.0,33.0,672.0,155.0,196.0,264.0,12.0,13.0,41.0,17.0,181.0,264.0,10.0,46.0,607.0,53.48,258.49,0.0,0.0,0.0,0.0,0.0,0.0,0.0,0.0,0.0,0.0,0.0,0.0,0.0,0.0,0.0,0.0,0.0,0.0,0.0,0.0,0.0,0.0,0.0,0.0,0.0,0.0,0.0,0,0,0,0,0,0,0,0,0,0,0.0,0.0,0.0,0.0,0.0,0.0,0.0,0.0,0.0,0.0,0.0,0.0,0.0,0.0,0.0,0.0,0.0,0.0,0.0,0.0
420035633002,42003563300,Allegheny,857.0,40.553502,-80.155055,690.0,3.0,648.0,20.0,0.0,0.0,0.0,0.0,19.0,690.0,135.0,186.0,316.0,5.0,27.0,34.0,35.0,215.0,316.0,5.0,85.0,755.0,66.52,321.51,0.0,0.0,0.0,0.0,0.0,0.0,0.0,0.0,0.0,0.0,0.0,0.0,0.0,0.0,0.0,0.0,0.0,0.0,0.0,0.0,0.0,0.0,0.0,0.0,0.0,0.0,0.0,0,0,0,0,0,0,0,0,0,0,0.0,0.0,0.0,0.0,0.0,0.0,0.0,0.0,0.0,0.0,0.0,0.0,0.0,0.0,0.0,0.0,0.0,0.0,0.0,0.0
420035638001,42003563800,Allegheny,773.0,40.517423,-80.085693,704.0,4.0,665.0,0.0,0.0,4.0,0.0,10.0,21.0,704.0,143.0,174.0,271.0,9.0,23.0,56.0,28.0,155.0,271.0,10.0,58.0,685.76,128.07,319.88,0.2,0.044,0.044,0.0,0.0,0.044,0.044,0.0,0.0,0.0,0.0,0.0,0.0,0.0,0.0,0.0,0.0,0.0,0.0,0.0,0.0,0.6,0.6,0.0,0.0,0.0,0.0,0,0,0,0,0,0,0,0,0,0,0.0,0.0,0.0,0.0,0.0,0.0,0.0,0.0,0.0,0.0,0.0,0.0,0.0,0.0,0.0,0.0,0.0,0.0,0.0,0.0
420035638002,42003563800,Allegheny,1825.0,40.533131,-80.148692,1747.0,4.0,1662.0,23.0,1.0,24.0,0.0,12.0,21.0,1747.0,193.0,1035.0,904.0,123.0,161.0,168.0,84.0,368.0,904.0,210.0,397.0,1619.04,302.36,755.2,0.47,0.0,0.0,0.0,0.0,0.0,0.0,0.0,0.0,0.0,0.0,0.0,0.0,0.0,0.0,0.0,0.0,0.0,0.0,0.0,0.0,0.0,0.0,0.0,0.0,0.0,0.0,0,0,0,0,0,0,0,0,0,0,0.0,0.0,0.0,0.0,0.0,0.0,0.0,0.0,0.0,0.0,0.0,0.0,0.0,0.0,0.0,0.0,0.0,0.0,0.0,0.0
420035638003,42003563800,Allegheny,212.0,40.519402,-80.132093,199.0,6.0,179.0,0.0,2.0,0.0,0.0,0.0,12.0,199.0,36.0,39.0,86.0,3.0,18.0,13.0,9.0,43.0,86.0,0.0,16.0,188.07,35.12,87.73,0.05,0.3585,0.3585,0.0,0.0,0.3585,0.3585,0.0,0.0,0.3585,0.3585,0.0,0.0,0.3585,0.0,0.3585,0.0,0.0,0.0,0.0,0.0,17.2,13.6,12.2,12.9,10.8,11.5,1,1,1,1,1,1,1,0,0,0,0.0,0.0,0.0,0.0,0.0,0.0,0.0,0.0,0.0,0.0,0.0,0.0,0.0,0.0,0.0,0.0,0.0,0.0,0.0,0.0
420035638004,42003563800,Allegheny,81.0,40.527287,-80.156014,99.0,11.0,87.0,0.0,0.0,0.0,0.0,0.0,1.0,99.0,8.0,40.0,42.0,3.0,13.0,13.0,0.0,13.0,42.0,2.0,25.0,71.86,13.42,33.52,0.02,0.6667,0.6667,0.0,0.0,0.6667,0.6667,0.0,0.0,0.6667,0.6667,0.0,0.0,0.6667,0.0,0.6667,0.0,0.0,0.6667,0.0,0.6667,32.0,25.3,22.7,24.0,20.0,21.3,1,1,1,1,1,1,1,0,0,1,0.0,0.0,0.0,0.0,0.0,0.0,0.0,0.0,0.0,0.0,0.0,0.0,0.0,0.0,0.0,0.0,0.0,0.0,0.0,0.0
420035638005,42003563800,Allegheny,590.0,40.531662,-80.167553,585.0,4.0,494.0,56.0,0.0,6.0,0.0,0.0,25.0,585.0,165.0,103.0,196.0,3.0,15.0,16.0,39.0,123.0,196.0,16.0,55.0,523.41,97.75,244.15,0.15,0.9424,0.9424,0.0,0.0,0.9424,0.9424,0.0,0.0,0.9424,0.9424,0.0,0.0,0.9424,0.0,0.9424,0.0,0.0,0.922,0.0,0.922,45.2,35.8,32.4,33.9,28.3,30.2,1,1,1,1,1,1,1,0,0,1,0.478,0.478,0.0,0.0,0.478,0.478,0.0,0.0,0.478,0.478,0.0,0.0,0.478,0.0,0.478,0.0,0.0,0.478,0.0,0.478
420035638006,42003563800,Allegheny,400.0,40.511839,-80.073224,304.0,2.0,294.0,0.0,0.0,6.0,0.0,0.0,2.0,304.0,77.0,39.0,107.0,0.0,4.0,2.0,10.0,91.0,107.0,1.0,11.0,354.86,66.27,165.52,0.1,0.115,0.115,0.0,0.0,0.115,0.115,0.0,0.0,0.0,0.0,0.0,0.0,0.0,0.0,0.0,0.0,0.0,0.0,0.0,0.0,1.5,1.6,0.0,0.0,0.0,0.0,0,0,0,0,0,0,0,0,0,0,0.0,0.0,0.0,0.0,0.0,0.0,0.0,0.0,0.0,0.0,0.0,0.0,0.0,0.0,0.0,0.0,0.0,0.0,0.0,0.0
420035639001,42003563900,Allegheny,748.0,40.409959,-79.838333,768.0,4.0,528.0,166.0,0.0,17.0,0.0,3.0,50.0,768.0,164.0,128.0,394.0,61.0,81.0,121.0,80.0,51.0,394.0,21.0,235.0,751.27,110.92,371.98,7.11,0.4987,0.4987,0.0,0.0,0.4987,0.4987,0.0,0.0,0.4987,0.4987,0.0,0.0,0.4987,0.0775,0.4211,0.0,0.1217,0.0775,0.0441,0.0,31.4,25.3,12.9,18.3,12.6,16.8,0,0,0,0,0,0,0,0,0,0,0.0428,0.0428,0.0,0.0,0.0428,0.0428,0.0,0.0,0.0428,0.0428,0.0,0.0,0.0428,0.0,0.0428,0.0,0.0,0.0,0.0,0.0
420035639002,42003563900,Allegheny,1217.0,40.415289,-79.844771,1187.0,117.0,608.0,350.0,0.0,8.0,0.0,48.0,56.0,1187.0,228.0,153.0,616.0,61.0,182.0,79.0,146.0,148.0,616.0,41.0,289.0,1222.32,180.47,605.22,11.57,0.903,0.903,0.0,0.0,0.903,0.903,0.0,0.0,0.903,0.903,0.0,0.0,0.903,0.1298,0.7732,0.0,0.8085,0.1298,0.6787,0.0,120.2,71.1,57.8,46.6,49.8,40.2,1,1,1,1,1,1,1,0,1,0,0.424,0.4076,0.0164,0.0,0.424,0.4076,0.0164,0.0,0.424,0.4076,0.0164,0.0,0.424,0.0,0.424,0.0,0.2473,0.0,0.2473,0.0
420035639003,42003563900,Allegheny,965.0,40.419821,-79.846267,1143.0,61.0,712.0,276.0,0.0,0.0,0.0,0.0,94.0,1143.0,295.0,98.0,464.0,69.0,78.0,30.0,147.0,140.0,464.0,85.0,180.0,969.22,143.1,479.9,9.18,0.7026,0.7026,0.0,0.0,0.7026,0.7026,0.0,0.0,0.7026,0.7026,0.0,0.0,0.7026,0.0,0.7026,0.0,0.0663,0.0,0.0663,0.0,52.0,34.2,16.1,20.5,15.5,19.1,1,1,1,1,1,1,1,0,0,0,0.2446,0.2446,0.0,0.0,0.2446,0.2446,0.0,0.0,0.2446,0.2446,0.0,0.0,0.2446,0.0,0.2446,0.0,0.0,0.0,0.0,0.0
420035639004,42003563900,Allegheny,961.0,40.426198,-79.847956,810.0,27.0,769.0,14.0,0.0,0.0,0.0,0.0,0.0,810.0,69.0,214.0,461.0,7.0,54.0,77.0,74.0,249.0,461.0,0.0,175.0,965.2,142.51,477.91,9.14,0.0437,0.0437,0.0,0.0,0.0437,0.0437,0.0,0.0,0.0437,0.0437,0.0,0.0,0.0437,0.0,0.0437,0.0,0.0,0.0,0.0,0.0,3.1,2.2,0.9,1.3,0.9,1.2,0,0,0,0,0,0,0,0,0,0,0.0,0.0,0.0,0.0,0.0,0.0,0.0,0.0,0.0,0.0,0.0,0.0,0.0,0.0,0.0,0.0,0.0,0.0,0.0,0.0
420035640001,42003564000,Allegheny,2644.0,40.422168,-80.243772,3790.0,23.0,3363.0,184.0,0.0,44.0,0.0,23.0,153.0,3790.0,1320.0,174.0,1165.0,0.0,62.0,189.0,59.0,855.0,1165.0,0.0,156.0,2766.9,256.57,1052.62,0.0,0.0,0.0,0.0,0.0,0.0,0.0,0.0,0.0,0.0,0.0,0.0,0.0,0.0,0.0,0.0,0.0,0.0,0.0,0.0,0.0,0.0,0.0,0.0,0.0,0.0,0.0,0,0,0,0,0,0,0,0,0,0,0.0,0.0,0.0,0.0,0.0,0.0,0.0,0.0,0.0,0.0,0.0,0.0,0.0,0.0,0.0,0.0,0.0,0.0,0.0,0.0
420035640002,42003564000,Allegheny,2460.0,40.391569,-80.213925,2129.0,0.0,1952.0,0.0,0.0,34.0,0.0,81.0,62.0,2129.0,405.0,399.0,915.0,58.0,179.0,70.0,76.0,532.0,915.0,31.0,248.0,2574.35,238.71,979.37,0.0,0.0,0.0,0.0,0.0,0.0,0.0,0.0,0.0,0.0,0.0,0.0,0.0,0.0,0.0,0.0,0.0,0.0,0.0,0.0,0.0,0.0,0.0,0.0,0.0,0.0,0.0,0,0,0,0,0,0,0,0,0,0,0.0,0.0,0.0,0.0,0.0,0.0,0.0,0.0,0.0,0.0,0.0,0.0,0.0,0.0,0.0,0.0,0.0,0.0,0.0,0.0
420035640003,42003564000,Allegheny,396.0,40.372374,-80.228005,437.0,0.0,437.0,0.0,0.0,0.0,0.0,0.0,0.0,437.0,33.0,99.0,211.0,19.0,77.0,12.0,57.0,46.0,211.0,11.0,96.0,414.41,38.43,157.65,0.0,0.0,0.0,0.0,0.0,0.0,0.0,0.0,0.0,0.0,0.0,0.0,0.0,0.0,0.0,0.0,0.0,0.0,0.0,0.0,0.0,0.0,0.0,0.0,0.0,0.0,0.0,0,0,0,0,0,0,0,0,0,0,0.0,0.0,0.0,0.0,0.0,0.0,0.0,0.0,0.0,0.0,0.0,0.0,0.0,0.0,0.0,0.0,0.0,0.0,0.0,0.0
420035640004,42003564000,Allegheny,1621.0,40.442525,-80.245879,1096.0,36.0,772.0,49.0,0.0,191.0,0.0,0.0,48.0,1096.0,119.0,257.0,544.0,88.0,55.0,69.0,59.0,273.0,544.0,42.0,212.0,1696.35,157.3,645.35,0.0,0.0,0.0,0.0,0.0,0.0,0.0,0.0,0.0,0.0,0.0,0.0,0.0,0.0,0.0,0.0,0.0,0.0,0.0,0.0,0.0,0.0,0.0,0.0,0.0,0.0,0.0,0,0,0,0,0,0,0,0,0,0,0.0,0.0,0.0,0.0,0.0,0.0,0.0,0.0,0.0,0.0,0.0,0.0,0.0,0.0,0.0,0.0,0.0,0.0,0.0,0.0
420035641001,42003564100,Allegheny,441.0,40.423417,-80.090453,534.0,6.0,422.0,11.0,1.0,1.0,0.0,0.0,93.0,534.0,90.0,204.0,270.0,4.0,24.0,12.0,96.0,134.0,270.0,0.0,131.0,485.25,74.88,209.07,0.49,0.0,0.0,0.0,0.0,0.0,0.0,0.0,0.0,0.0,0.0,0.0,0.0,0.0,0.0,0.0,0.0,0.0,0.0,0.0,0.0,0.0,0.0,0.0,0.0,0.0,0.0,0,0,0,0,0,0,0,0,0,0,0.0,0.0,0.0,0.0,0.0,0.0,0.0,0.0,0.0,0.0,0.0,0.0,0.0,0.0,0.0,0.0,0.0,0.0,0.0,0.0
420035641002,42003564100,Allegheny,466.0,40.433552,-80.085878,464.0,22.0,404.0,4.0,0.0,3.0,0.0,0.0,31.0,464.0,130.0,101.0,160.0,1.0,3.0,4.0,10.0,142.0,160.0,2.0,18.0,512.75,79.12,220.93,0.51,0.0,0.0,0.0,0.0,0.0,0.0,0.0,0.0,0.0,0.0,0.0,0.0,0.0,0.0,0.0,0.0,0.0,0.0,0.0,0.0,0.0,0.0,0.0,0.0,0.0,0.0,0,0,0,0,0,0,0,0,0,0,0.0,0.0,0.0,0.0,0.0,0.0,0.0,0.0,0.0,0.0,0.0,0.0,0.0,0.0,0.0,0.0,0.0,0.0,0.0,0.0
420035642001,42003564200,Allegheny,310.0,40.303211,-79.797071,312.0,10.0,302.0,0.0,0.0,0.0,0.0,0.0,0.0,312.0,20.0,125.0,156.0,46.0,33.0,26.0,6.0,45.0,156.0,7.0,44.0,312.37,49.59,145.82,0.0,0.0,0.0,0.0,0.0,0.0,0.0,0.0,0.0,0.0,0.0,0.0,0.0,0.0,0.0,0.0,0.0,0.0,0.0,0.0,0.0,0.0,0.0,0.0,0.0,0.0,0.0,0,0,0,0,0,0,0,0,0,0,0.0,0.0,0.0,0.0,0.0,0.0,0.0,0.0,0.0,0.0,0.0,0.0,0.0,0.0,0.0,0.0,0.0,0.0,0.0,0.0
420035642002,42003564200,Allegheny,918.0,40.324179,-79.7979,952.0,0.0,837.0,50.0,0.0,0.0,0.0,0.0,65.0,952.0,162.0,296.0,482.0,42.0,120.0,163.0,96.0,61.0,482.0,24.0,251.0,925.01,146.86,431.82,0.0,0.0,0.0,0.0,0.0,0.0,0.0,0.0,0.0,0.0,0.0,0.0,0.0,0.0,0.0,0.0,0.0,0.0,0.0,0.0,0.0,0.0,0.0,0.0,0.0,0.0,0.0,0,0,0,0,0,0,0,0,0,0,0.0,0.0,0.0,0.0,0.0,0.0,0.0,0.0,0.0,0.0,0.0,0.0,0.0,0.0,0.0,0.0,0.0,0.0,0.0,0.0
420035642003,42003564200,Allegheny,866.0,40.34287,-79.789925,846.0,26.0,732.0,0.0,0.0,0.0,11.0,0.0,77.0,846.0,135.0,343.0,347.0,32.0,60.0,48.0,49.0,158.0,347.0,25.0,101.0,872.62,138.54,407.36,0.0,0.0531,0.0,0.0531,0.0,0.0531,0.0,0.0531,0.0,0.0,0.0,0.0,0.0,0.0,0.0,0.0,0.0,0.0,0.0,0.0,0.0,0.8,0.0,0.0,0.0,0.0,0.0,0,0,0,0,0,0,0,0,0,0,0.0127,0.0,0.0127,0.0,0.0127,0.0,0.0127,0.0,0.0,0.0,0.0,0.0,0.0,0.0,0.0,0.0,0.0,0.0,0.0,0.0
420035644001,42003564400,Allegheny,1051.0,40.36561,-79.786214,1141.0,0.0,1031.0,34.0,0.0,10.0,0.0,0.0,66.0,1141.0,96.0,432.0,502.0,0.0,85.0,269.0,57.0,91.0,502.0,0.0,197.0,978.77,268.02,496.48,0.0,0.5376,0.0,0.5376,0.0,0.5376,0.0,0.5376,0.0,0.0,0.0,0.0,0.0,0.0,0.0,0.0,0.0,0.0,0.0,0.0,0.0,6.3,0.0,0.0,0.0,0.0,0.0,0,0,0,0,0,0,0,0,0,0,0.0324,0.0,0.0324,0.0,0.0324,0.0,0.0324,0.0,0.0,0.0,0.0,0.0,0.0,0.0,0.0,0.0,0.0,0.0,0.0,0.0
420035644002,42003564400,Allegheny,1165.0,40.367001,-79.800987,1055.0,0.0,1002.0,53.0,0.0,0.0,0.0,0.0,0.0,1055.0,150.0,324.0,422.0,32.0,111.0,106.0,100.0,73.0,422.0,0.0,151.0,1084.93,297.09,550.33,0.0,0.0429,0.0,0.0429,0.0,0.0429,0.0,0.0429,0.0,0.0,0.0,0.0,0.0,0.0,0.0,0.0,0.0,0.0,0.0,0.0,0.0,0.6,0.0,0.0,0.0,0.0,0.0,0,0,0,0,0,0,0,0,0,0,0.0,0.0,0.0,0.0,0.0,0.0,0.0,0.0,0.0,0.0,0.0,0.0,0.0,0.0,0.0,0.0,0.0,0.0,0.0,0.0
420035644003,42003564400,Allegheny,974.0,40.370396,-79.809243,974.0,0.0,860.0,114.0,0.0,0.0,0.0,0.0,0.0,974.0,36.0,395.0,634.0,90.0,286.0,27.0,36.0,195.0,634.0,125.0,214.0,907.06,248.39,460.1,0.0,0.4456,0.0339,0.4117,0.0,0.4456,0.0339,0.4117,0.0,0.0339,0.0339,0.0,0.0,0.0,0.0,0.0,0.0,0.0,0.0,0.0,0.0,7.4,1.3,1.0,1.0,1.0,0.9,0,0,0,0,0,0,0,0,0,0,0.1715,0.0,0.1715,0.0,0.1715,0.0,0.1715,0.0,0.0,0.0,0.0,0.0,0.0,0.0,0.0,0.0,0.0,0.0,0.0,0.0
420035644004,42003564400,Allegheny,1330.0,40.380822,-79.794398,1063.0,0.0,1034.0,6.0,0.0,10.0,0.0,0.0,13.0,1063.0,110.0,496.0,570.0,128.0,176.0,100.0,120.0,46.0,570.0,127.0,256.0,1238.59,339.17,628.27,0.0,0.288,0.0,0.288,0.0,0.288,0.0,0.288,0.0,0.0,0.0,0.0,0.0,0.0,0.0,0.0,0.0,0.0,0.0,0.0,0.0,3.8,0.0,0.0,0.0,0.0,0.0,0,0,0,0,0,0,0,0,0,0,0.0895,0.0,0.0895,0.0,0.0895,0.0,0.0895,0.0,0.0,0.0,0.0,0.0,0.0,0.0,0.0,0.0,0.0,0.0,0.0,0.0
420035644005,42003564400,Allegheny,528.0,40.375264,-79.810756,439.0,55.0,365.0,4.0,0.0,11.0,0.0,0.0,4.0,439.0,24.0,105.0,229.0,0.0,30.0,43.0,97.0,59.0,229.0,0.0,127.0,491.71,134.65,249.42,0.0,0.1023,0.1023,0.0,0.0,0.1023,0.1023,0.0,0.0,0.0,0.0,0.0,0.0,0.0,0.0,0.0,0.0,0.0,0.0,0.0,0.0,1.5,1.0,0.0,0.0,0.0,0.0,0,0,0,0,0,0,0,0,0,0,0.0587,0.0,0.0587,0.0,0.0587,0.0,0.0587,0.0,0.0,0.0,0.0,0.0,0.0,0.0,0.0,0.0,0.0,0.0,0.0,0.0
420035644006,42003564400,Allegheny,519.0,40.393014,-79.787996,563.0,6.0,474.0,24.0,0.0,1.0,0.0,0.0,58.0,563.0,143.0,68.0,287.0,76.0,62.0,58.0,42.0,49.0,287.0,16.0,153.0,483.33,132.35,245.17,0.0,0.1272,0.1272,0.0,0.0,0.1272,0.1272,0.0,0.0,0.1272,0.1272,0.0,0.0,0.1272,0.0,0.1272,0.0,0.0,0.0,0.0,0.0,3.5,2.5,1.3,1.9,1.3,1.8,0,0,0,0,0,0,0,0,0,0,0.0,0.0,0.0,0.0,0.0,0.0,0.0,0.0,0.0,0.0,0.0,0.0,0.0,0.0,0.0,0.0,0.0,0.0,0.0,0.0
420035644007,42003564400,Allegheny,64.0,40.382348,-79.767964,16.0,0.0,16.0,0.0,0.0,0.0,0.0,0.0,0.0,16.0,0.0,16.0,16.0,16.0,0.0,0.0,0.0,0.0,16.0,0.0,16.0,59.6,16.32,30.23,0.0,0.1719,0.0,0.1719,0.0,0.1719,0.0,0.1719,0.0,0.1719,0.0,0.1719,0.0,0.1719,0.0,0.1719,0.0,0.0,0.0,0.0,0.0,9.6,0.0,3.4,0.0,3.4,0.0,0,0,0,0,0,0,0,0,0,0,0.0,0.0,0.0,0.0,0.0,0.0,0.0,0.0,0.0,0.0,0.0,0.0,0.0,0.0,0.0,0.0,0.0,0.0,0.0,0.0
420035645001,42003564500,Allegheny,1564.0,40.280177,-79.920327,1669.0,157.0,1446.0,25.0,0.0,6.0,0.0,0.0,35.0,1669.0,309.0,304.0,656.0,123.0,101.0,157.0,71.0,204.0,656.0,17.0,287.0,1460.83,331.68,583.41,8.25,0.087,0.087,0.0,0.0,0.087,0.087,0.0,0.0,0.087,0.0,0.087,0.0,0.087,0.0,0.087,0.0,0.0,0.0,0.0,0.0,4.4,1.2,2.8,0.0,2.5,0.0,0,0,0,0,0,0,0,0,0,0,0.0205,0.0205,0.0,0.0,0.0205,0.0205,0.0,0.0,0.0205,0.0,0.0205,0.0,0.0205,0.0,0.0205,0.0,0.0,0.0,0.0,0.0
420035645002,42003564500,Allegheny,1065.0,40.267494,-79.915887,819.0,0.0,798.0,0.0,0.0,6.0,0.0,0.0,15.0,819.0,166.0,79.0,321.0,9.0,115.0,63.0,17.0,117.0,321.0,8.0,148.0,994.75,225.86,397.27,5.62,0.0,0.0,0.0,0.0,0.0,0.0,0.0,0.0,0.0,0.0,0.0,0.0,0.0,0.0,0.0,0.0,0.0,0.0,0.0,0.0,0.0,0.0,0.0,0.0,0.0,0.0,0,0,0,0,0,0,0,0,0,0,0.0,0.0,0.0,0.0,0.0,0.0,0.0,0.0,0.0,0.0,0.0,0.0,0.0,0.0,0.0,0.0,0.0,0.0,0.0,0.0
420035645003,42003564500,Allegheny,403.0,40.271754,-79.897973,344.0,3.0,325.0,1.0,0.0,6.0,0.0,0.0,9.0,344.0,63.0,58.0,154.0,32.0,38.0,36.0,19.0,29.0,154.0,13.0,61.0,376.42,85.46,150.33,2.13,0.0,0.0,0.0,0.0,0.0,0.0,0.0,0.0,0.0,0.0,0.0,0.0,0.0,0.0,0.0,0.0,0.0,0.0,0.0,0.0,0.0,0.0,0.0,0.0,0.0,0.0,0,0,0,0,0,0,0,0,0,0,0.0,0.0,0.0,0.0,0.0,0.0,0.0,0.0,0.0,0.0,0.0,0.0,0.0,0.0,0.0,0.0,0.0,0.0,0.0,0.0
420035647001,42003564700,Allegheny,528.0,40.439253,-79.877698,464.0,2.0,18.0,313.0,0.0,0.0,0.0,65.0,66.0,464.0,72.0,8.0,232.0,45.0,119.0,8.0,45.0,15.0,232.0,161.0,71.0,594.97,106.13,269.08,0.0,1.0,1.0,0.0,0.0,1.0,1.0,0.0,0.0,1.0,1.0,0.0,0.0,1.0,1.0,0.0,0.0,1.0,1.0,0.0,0.0,362.4,425.5,207.1,297.0,156.5,213.3,1,1,1,1,1,1,1,1,1,1,1.0,1.0,0.0,0.0,1.0,1.0,0.0,0.0,1.0,1.0,0.0,0.0,1.0,1.0,0.0,0.0,0.5909,0.8106,0.0,0.2197
420035647002,42003564700,Allegheny,606.0,40.436191,-79.87822,731.0,148.0,170.0,404.0,0.0,0.0,0.0,0.0,9.0,731.0,180.0,98.0,326.0,84.0,163.0,31.0,17.0,31.0,326.0,121.0,113.0,682.86,121.81,308.83,0.0,1.0,1.0,0.0,0.0,1.0,1.0,0.0,0.0,1.0,1.0,0.0,0.0,1.0,1.0,0.0,0.0,0.9092,1.0,0.0,0.0908,188.8,188.1,118.5,147.1,92.1,108.6,1,1,1,1,1,1,1,1,1,1,0.6056,0.5182,0.0875,0.0,0.6056,0.5182,0.0875,0.0,0.6056,0.5182,0.0875,0.0,0.6056,0.5182,0.0875,0.0,0.5182,0.5182,0.0,0.0
420035647003,42003564700,Allegheny,1050.0,40.44007,-79.883623,1277.0,13.0,293.0,863.0,0.0,1.0,0.0,2.0,105.0,1277.0,269.0,153.0,555.0,276.0,51.0,114.0,85.0,29.0,555.0,285.0,122.0,1183.17,211.06,535.1,0.0,1.0,1.0,0.0,0.0,1.0,1.0,0.0,0.0,1.0,1.0,0.0,0.0,1.0,1.0,0.0,0.0,1.0,1.0,0.0,0.0,600.2,630.6,350.5,446.7,249.3,334.0,1,1,1,1,1,1,1,1,1,1,0.84,0.6343,0.2057,0.0,0.84,0.6343,0.2057,0.0,0.84,0.6343,0.2057,0.0,0.7924,0.6343,0.2057,0.0476,0.7924,0.6343,0.2057,0.0476
420035648001,42003564800,Allegheny,716.0,40.446418,-79.876058,748.0,0.0,127.0,378.0,7.0,0.0,0.0,0.0,236.0,748.0,304.0,85.0,302.0,100.0,126.0,53.0,10.0,13.0,302.0,131.0,135.0,624.68,174.77,288.53,3.15,0.8282,0.8282,0.0,0.0,0.8282,0.8282,0.0,0.0,0.8282,0.8282,0.0,0.0,0.8282,0.8282,0.0,0.0,0.2277,0.8282,0.0,0.6006,153.8,180.9,80.7,125.1,54.5,86.8,1,1,1,1,1,1,1,1,0,1,0.2779,0.2779,0.0,0.0,0.2779,0.2779,0.0,0.0,0.2779,0.2779,0.0,0.0,0.2779,0.2779,0.0,0.0,0.0084,0.2779,0.0,0.2696
420035648002,42003564800,Allegheny,1103.0,40.446525,-79.882265,839.0,0.0,70.0,535.0,0.0,0.0,0.0,100.0,134.0,839.0,118.0,261.0,431.0,193.0,137.0,69.0,18.0,14.0,431.0,169.0,188.0,962.32,269.23,444.47,4.85,1.0,1.0,0.0,0.0,1.0,1.0,0.0,0.0,1.0,1.0,0.0,0.0,1.0,1.0,0.0,0.0,1.0,1.0,0.0,0.0,518.4,495.5,330.5,346.9,236.1,261.5,1,1,1,1,1,1,1,1,1,1,0.6355,0.6355,0.0,0.0,0.6355,0.6355,0.0,0.0,0.6355,0.6355,0.0,0.0,0.6355,0.6355,0.0,0.0,0.5576,0.6355,0.0,0.078
420035651001,42003565100,Allegheny,2972.0,40.456836,-80.010717,2995.0,114.0,2138.0,568.0,52.0,34.0,0.0,19.0,70.0,2995.0,473.0,432.0,1553.0,477.0,137.0,227.0,156.0,556.0,1553.0,399.0,620.0,2993.0,428.0,1553.0,16.0,1.0,1.0,0.0,0.0,1.0,1.0,0.0,0.0,1.0,1.0,0.0,0.0,1.0,1.0,0.0,0.0,1.0,1.0,0.0,0.0,469.8,373.9,342.4,272.8,255.8,228.8,1,1,1,1,1,1,1,1,1,1,0.6598,0.7002,0.0111,0.0515,0.6598,0.7002,0.0111,0.0515,0.6487,0.7002,0.0,0.0515,0.6487,0.6941,0.0,0.0454,0.645,0.6965,0.0,0.0515
420035652001,42003565200,Allegheny,1274.0,40.453548,-80.023662,1491.0,59.0,611.0,583.0,0.0,15.0,0.0,0.0,223.0,1491.0,298.0,137.0,732.0,171.0,108.0,154.0,104.0,195.0,732.0,173.0,424.0,1273.54,287.81,616.54,7.9,1.0,1.0,0.0,0.0,1.0,1.0,0.0,0.0,1.0,1.0,0.0,0.0,1.0,1.0,0.0,0.0,1.0,1.0,0.0,0.0,118.4,86.1,58.0,80.8,61.9,56.4,1,1,1,1,1,1,1,1,1,1,0.8485,0.6586,0.19,0.0,0.8485,0.6586,0.19,0.0,0.7983,0.6586,0.1515,0.0118,0.7983,0.6586,0.1515,0.0118,0.6468,0.6586,0.0,0.0118
420035652002,42003565200,Allegheny,757.0,40.457011,-80.026166,490.0,24.0,150.0,316.0,0.0,0.0,0.0,0.0,0.0,490.0,98.0,78.0,229.0,37.0,62.0,8.0,2.0,120.0,229.0,33.0,76.0,756.72,171.02,366.34,4.7,1.0,1.0,0.0,0.0,1.0,1.0,0.0,0.0,1.0,1.0,0.0,0.0,1.0,1.0,0.0,0.0,1.0,1.0,0.0,0.0,184.4,100.2,117.6,97.0,97.9,70.3,1,1,1,1,1,1,1,1,1,1,0.7384,0.7384,0.0,0.0,0.7384,0.7384,0.0,0.0,0.6777,0.7384,0.0,0.0608,0.6777,0.7239,0.0145,0.0608,0.6777,0.7384,0.0,0.0608
420035652003,42003565200,Allegheny,709.0,40.460042,-80.021645,758.0,0.0,165.0,397.0,0.0,8.0,0.0,0.0,188.0,758.0,22.0,62.0,365.0,60.0,25.0,17.0,17.0,246.0,365.0,251.0,35.0,708.74,160.17,343.11,4.4,1.0,1.0,0.0,0.0,1.0,1.0,0.0,0.0,1.0,1.0,0.0,0.0,1.0,1.0,0.0,0.0,1.0,1.0,0.0,0.0,287.3,205.5,222.1,147.4,169.0,132.9,1,1,1,1,1,1,1,1,1,1,0.6206,0.6206,0.0,0.0,0.6206,0.6206,0.0,0.0,0.6206,0.6206,0.0,0.0,0.6206,0.481,0.1396,0.0,0.6206,0.5571,0.0635,0.0
420035653001,42003565300,Allegheny,1238.0,40.385747,-79.924376,1359.0,17.0,1006.0,271.0,12.0,20.0,0.0,13.0,20.0,1359.0,276.0,237.0,514.0,114.0,45.0,110.0,53.0,192.0,514.0,37.0,193.0,1359.0,182.0,514.0,0.0,0.2019,0.1922,0.0097,0.0,0.2019,0.1922,0.0097,0.0,0.1922,0.1922,0.0,0.0,0.1922,0.1922,0.0,0.0,0.0,0.0,0.0,0.0,9.2,8.2,5.2,5.2,4.9,4.3,0,0,0,0,0,0,0,0,0,0,0.0388,0.0388,0.0,0.0,0.0388,0.0388,0.0,0.0,0.0388,0.0388,0.0,0.0,0.0388,0.0388,0.0,0.0,0.0,0.0,0.0,0.0
420039800001,42003980000,Allegheny,0.0,40.487566,-79.89083,0.0,0.0,0.0,0.0,0.0,0.0,0.0,0.0,0.0,0.0,0.0,0.0,0.0,0.0,0.0,0.0,0.0,0.0,0.0,0.0,0.0,0.0,0.0,0.0,0.0,0.0,0.0,0.0,0.0,0.0,0.0,0.0,0.0,0.0,0.0,0.0,0.0,0.0,0.0,0.0,0.0,0.0,0.0,0.0,0.0,0.0,0.0,0.0,0.0,0.0,0.0,1,1,1,1,1,1,1,1,1,1,0.0,0.0,0.0,0.0,0.0,0.0,0.0,0.0,0.0,0.0,0.0,0.0,0.0,0.0,0.0,0.0,0.0,0.0,0.0,0.0
420039801001,42003980100,Allegheny,8.0,40.485757,-79.90953,0.0,0.0,0.0,0.0,0.0,0.0,0.0,0.0,0.0,0.0,0.0,0.0,0.0,0.0,0.0,0.0,0.0,0.0,0.0,0.0,0.0,0.0,0.0,0.0,0.0,0.0,1.0,0.0,1.0,0.0,1.0,0.0,1.0,0.0,1.0,0.0,1.0,0.0,1.0,0.0,1.0,0.0,1.0,0.0,1.0,0.0,35.0,0.0,34.0,0.0,24.0,0,1,0,1,0,1,0,1,0,1,0.0,0.0,0.0,0.0,0.0,0.0,0.0,0.0,0.0,0.0,0.0,0.0,0.0,0.0,0.0,0.0,0.0,0.0,0.0,0.0
420039803001,42003980300,Allegheny,0.0,40.43255,-79.905722,0.0,0.0,0.0,0.0,0.0,0.0,0.0,0.0,0.0,0.0,0.0,0.0,0.0,0.0,0.0,0.0,0.0,0.0,0.0,0.0,0.0,0.0,0.0,0.0,0.0,0.0,0.0,0.0,0.0,0.0,0.0,0.0,0.0,0.0,0.0,0.0,0.0,0.0,0.0,0.0,0.0,0.0,0.0,0.0,0.0,0.0,0.0,0.0,0.0,0.0,0.0,0,0,0,0,0,0,0,0,0,0,0.0,0.0,0.0,0.0,0.0,0.0,0.0,0.0,0.0,0.0,0.0,0.0,0.0,0.0,0.0,0.0,0.0,0.0,0.0,0.0
420039804001,42003980400,Allegheny,13.0,40.478464,-80.021697,8.0,0.0,8.0,0.0,0.0,0.0,0.0,0.0,0.0,8.0,0.0,4.0,8.0,4.0,4.0,0.0,0.0,0.0,8.0,4.0,4.0,8.0,0.0,8.0,0.0,0.0,0.0,0.0,0.0,0.0,0.0,0.0,0.0,0.0,0.0,0.0,0.0,0.0,0.0,0.0,0.0,0.0,0.0,0.0,0.0,0.0,0.0,0.0,0.0,0.0,0.0,0,0,0,0,0,0,0,0,0,0,0.0,0.0,0.0,0.0,0.0,0.0,0.0,0.0,0.0,0.0,0.0,0.0,0.0,0.0,0.0,0.0,0.0,0.0,0.0,0.0
420039805001,42003980500,Allegheny,18.0,40.430965,-79.948342,9.0,0.0,9.0,0.0,0.0,0.0,0.0,0.0,0.0,9.0,0.0,9.0,9.0,5.0,4.0,0.0,0.0,0.0,9.0,0.0,9.0,9.0,0.0,9.0,0.0,0.0,0.0,0.0,0.0,0.0,0.0,0.0,0.0,0.0,0.0,0.0,0.0,0.0,0.0,0.0,0.0,0.0,0.0,0.0,0.0,0.0,0.0,0.0,0.0,0.0,0.0,0,0,0,0,0,0,0,0,0,0,0.0,0.0,0.0,0.0,0.0,0.0,0.0,0.0,0.0,0.0,0.0,0.0,0.0,0.0,0.0,0.0,0.0,0.0,0.0,0.0
420039806001,42003980600,Allegheny,19.0,40.452554,-80.027017,5.0,0.0,5.0,0.0,0.0,0.0,0.0,0.0,0.0,5.0,0.0,0.0,5.0,5.0,0.0,0.0,0.0,0.0,5.0,5.0,0.0,5.0,5.0,5.0,0.0,1.0,0.5789,0.4211,0.0,1.0,0.5789,0.4211,0.0,0.5789,0.5789,0.0,0.0,0.5789,0.5789,0.0,0.0,0.5789,0.5789,0.0,0.0,114.5,57.3,60.8,42.3,45.7,34.7,1,1,1,1,1,1,1,1,1,1,0.4211,0.0,0.4211,0.0,0.4211,0.0,0.4211,0.0,0.0,0.0,0.0,0.0,0.0,0.0,0.0,0.0,0.0,0.0,0.0,0.0
420039807001,42003980700,Allegheny,29.0,40.431565,-80.00213,167.0,25.0,138.0,0.0,0.0,4.0,0.0,0.0,0.0,167.0,14.0,0.0,132.0,4.0,17.0,16.0,32.0,63.0,132.0,14.0,98.0,167.0,5.0,132.0,0.0,1.0,1.0,0.0,0.0,1.0,1.0,0.0,0.0,1.0,1.0,0.0,0.0,1.0,1.0,0.0,0.0,1.0,1.0,0.0,0.0,663.3,617.7,464.0,400.8,299.7,308.0,1,1,1,1,1,1,1,1,1,1,1.0,1.0,0.0,0.0,1.0,1.0,0.0,0.0,1.0,1.0,0.0,0.0,1.0,1.0,0.0,0.0,1.0,1.0,0.0,0.0
420039808001,42003980800,Allegheny,3.0,40.434169,-79.968816,0.0,0.0,0.0,0.0,0.0,0.0,0.0,0.0,0.0,0.0,0.0,0.0,0.0,0.0,0.0,0.0,0.0,0.0,0.0,0.0,0.0,0.0,0.0,0.0,0.0,1.0,1.0,0.0,0.0,1.0,1.0,0.0,0.0,1.0,1.0,0.0,0.0,1.0,1.0,0.0,0.0,1.0,0.0,1.0,0.0,791.0,88.0,612.0,34.0,440.0,28.0,1,1,1,1,1,1,1,1,1,0,0.0,0.0,0.0,0.0,0.0,0.0,0.0,0.0,0.0,0.0,0.0,0.0,0.0,0.0,0.0,0.0,0.0,0.0,0.0,0.0
420039809001,42003980900,Allegheny,0.0,40.471674,-80.04335,24.0,0.0,18.0,6.0,0.0,0.0,0.0,0.0,0.0,24.0,0.0,0.0,0.0,0.0,0.0,0.0,0.0,0.0,0.0,0.0,0.0,0.0,0.0,0.0,0.0,0.0,0.0,0.0,0.0,0.0,0.0,0.0,0.0,0.0,0.0,0.0,0.0,0.0,0.0,0.0,0.0,0.0,0.0,0.0,0.0,0.0,0.0,0.0,0.0,0.0,0.0,0,0,0,0,0,0,0,0,0,0,0.0,0.0,0.0,0.0,0.0,0.0,0.0,0.0,0.0,0.0,0.0,0.0,0.0,0.0,0.0,0.0,0.0,0.0,0.0,0.0
420039810001,42003981000,Allegheny,4.0,40.473302,-79.949272,0.0,0.0,0.0,0.0,0.0,0.0,0.0,0.0,0.0,0.0,0.0,0.0,0.0,0.0,0.0,0.0,0.0,0.0,0.0,0.0,0.0,0.0,0.0,0.0,0.0,0.0,0.0,0.0,0.0,0.0,0.0,0.0,0.0,0.0,0.0,0.0,0.0,0.0,0.0,0.0,0.0,0.0,0.0,0.0,0.0,0.0,0.0,0.0,0.0,0.0,0.0,0,0,0,0,0,0,0,0,0,0,0.0,0.0,0.0,0.0,0.0,0.0,0.0,0.0,0.0,0.0,0.0,0.0,0.0,0.0,0.0,0.0,0.0,0.0,0.0,0.0
420039811001,42003981100,Allegheny,0.0,40.443041,-79.90058,0.0,0.0,0.0,0.0,0.0,0.0,0.0,0.0,0.0,0.0,0.0,0.0,0.0,0.0,0.0,0.0,0.0,0.0,0.0,0.0,0.0,0.0,0.0,0.0,0.0,0.0,0.0,0.0,0.0,0.0,0.0,0.0,0.0,0.0,0.0,0.0,0.0,0.0,0.0,0.0,0.0,0.0,0.0,0.0,0.0,0.0,0.0,0.0,0.0,0.0,0.0,0,1,0,1,0,1,0,1,0,1,0.0,0.0,0.0,0.0,0.0,0.0,0.0,0.0,0.0,0.0,0.0,0.0,0.0,0.0,0.0,0.0,0.0,0.0,0.0,0.0
420039811002,42003981100,Allegheny,0.0,40.441889,-79.907173,0.0,0.0,0.0,0.0,0.0,0.0,0.0,0.0,0.0,0.0,0.0,0.0,0.0,0.0,0.0,0.0,0.0,0.0,0.0,0.0,0.0,0.0,0.0,0.0,0.0,0.0,0.0,0.0,0.0,0.0,0.0,0.0,0.0,0.0,0.0,0.0,0.0,0.0,0.0,0.0,0.0,0.0,0.0,0.0,0.0,0.0,0.0,0.0,0.0,0.0,0.0,0,0,0,0,0,0,0,0,0,0,0.0,0.0,0.0,0.0,0.0,0.0,0.0,0.0,0.0,0.0,0.0,0.0,0.0,0.0,0.0,0.0,0.0,0.0,0.0,0.0
420039812001,42003981200,Allegheny,0.0,40.446462,-80.011958,0.0,0.0,0.0,0.0,0.0,0.0,0.0,0.0,0.0,0.0,0.0,0.0,0.0,0.0,0.0,0.0,0.0,0.0,0.0,0.0,0.0,0.0,0.0,0.0,0.0,0.0,0.0,0.0,0.0,0.0,0.0,0.0,0.0,0.0,0.0,0.0,0.0,0.0,0.0,0.0,0.0,0.0,0.0,0.0,0.0,0.0,0.0,0.0,0.0,0.0,0.0,0,0,0,0,0,0,0,0,0,0,0.0,0.0,0.0,0.0,0.0,0.0,0.0,0.0,0.0,0.0,0.0,0.0,0.0,0.0,0.0,0.0,0.0,0.0,0.0,0.0
420039818001,42003981800,Allegheny,314.0,40.479349,-79.897814,305.0,12.0,217.0,65.0,0.0,11.0,0.0,0.0,0.0,305.0,32.0,151.0,0.0,0.0,0.0,0.0,0.0,0.0,0.0,0.0,0.0,107.0,23.0,0.0,0.0,0.6274,0.0,0.6274,0.0,0.6274,0.0,0.6274,0.0,0.6274,0.0,0.6274,0.0,0.6274,0.0,0.6274,0.0,0.6274,0.0,0.6274,0.0,31.4,0.0,23.8,0.0,12.5,0.0,1,0,1,0,1,0,1,0,1,0,0.0,0.0,0.0,0.0,0.0,0.0,0.0,0.0,0.0,0.0,0.0,0.0,0.0,0.0,0.0,0.0,0.0,0.0,0.0,0.0
420039822001,42003982200,Allegheny,5022.0,40.443978,-79.956125,6035.0,239.0,4025.0,501.0,0.0,926.0,0.0,7.0,337.0,6035.0,78.0,0.0,8.0,5.0,3.0,0.0,0.0,0.0,8.0,0.0,8.0,6035.0,311.0,8.0,0.0,1.0,1.0,0.0,0.0,1.0,1.0,0.0,0.0,1.0,1.0,0.0,0.0,1.0,1.0,0.0,0.0,1.0,1.0,0.0,0.0,1513.5,1590.9,1050.6,1270.3,735.2,974.8,1,1,1,1,1,1,1,1,1,1,0.807,0.8294,0.0,0.0223,0.807,0.8294,0.0,0.0223,0.807,0.8294,0.0,0.0223,0.807,0.8294,0.0,0.0223,0.807,0.8294,0.0,0.0223
420076006011,42007600601,Beaver,927.0,40.832084,-80.439669,787.0,8.0,749.0,0.0,0.0,5.0,0.0,12.0,13.0,787.0,124.0,251.0,360.0,45.0,79.0,81.0,64.0,91.0,360.0,0.0,116.0,960.64,134.54,401.39,0.45,0.0,0.0,0.0,0.0,0.0,0.0,0.0,0.0,0.0,0.0,0.0,0.0,0.0,0.0,0.0,0.0,0.0,0.0,0.0,0.0,0.0,0.0,0.0,0.0,0.0,0.0,0,0,0,0,0,0,0,0,0,0,0.0,0.0,0.0,0.0,0.0,0.0,0.0,0.0,0.0,0.0,0.0,0.0,0.0,0.0,0.0,0.0,0.0,0.0,0.0,0.0
420076006012,42007600601,Beaver,1140.0,40.813195,-80.459528,1355.0,0.0,1308.0,3.0,0.0,9.0,0.0,15.0,20.0,1355.0,357.0,244.0,535.0,32.0,183.0,107.0,44.0,169.0,535.0,23.0,179.0,1181.36,165.46,493.61,0.55,0.0,0.0,0.0,0.0,0.0,0.0,0.0,0.0,0.0,0.0,0.0,0.0,0.0,0.0,0.0,0.0,0.0,0.0,0.0,0.0,0.0,0.0,0.0,0.0,0.0,0.0,0,0,0,0,0,0,0,0,0,0,0.0,0.0,0.0,0.0,0.0,0.0,0.0,0.0,0.0,0.0,0.0,0.0,0.0,0.0,0.0,0.0,0.0,0.0,0.0,0.0
420076006021,42007600602,Beaver,1729.0,40.777503,-80.436149,1676.0,47.0,1553.0,7.0,0.0,0.0,0.0,14.0,55.0,1676.0,293.0,553.0,722.0,154.0,111.0,112.0,102.0,243.0,722.0,14.0,303.0,1642.55,307.74,707.73,3.23,0.0,0.0,0.0,0.0,0.0,0.0,0.0,0.0,0.0,0.0,0.0,0.0,0.0,0.0,0.0,0.0,0.0,0.0,0.0,0.0,0.0,0.0,0.0,0.0,0.0,0.0,0,0,0,0,0,0,0,0,0,0,0.0,0.0,0.0,0.0,0.0,0.0,0.0,0.0,0.0,0.0,0.0,0.0,0.0,0.0,0.0,0.0,0.0,0.0,0.0,0.0
420076006022,42007600602,Beaver,951.0,40.740283,-80.450642,972.0,26.0,862.0,8.0,0.0,7.0,24.0,0.0,45.0,972.0,193.0,264.0,375.0,37.0,39.0,37.0,104.0,158.0,375.0,4.0,99.0,903.45,169.26,389.27,1.77,0.0,0.0,0.0,0.0,0.0,0.0,0.0,0.0,0.0,0.0,0.0,0.0,0.0,0.0,0.0,0.0,0.0,0.0,0.0,0.0,0.0,0.0,0.0,0.0,0.0,0.0,0,0,0,0,0,0,0,0,0,0,0.0,0.0,0.0,0.0,0.0,0.0,0.0,0.0,0.0,0.0,0.0,0.0,0.0,0.0,0.0,0.0,0.0,0.0,0.0,0.0
420076007011,42007600701,Beaver,1680.0,40.769024,-80.356478,1781.0,3.0,1627.0,12.0,2.0,0.0,0.0,0.0,137.0,1781.0,418.0,430.0,772.0,72.0,113.0,172.0,176.0,239.0,772.0,0.0,325.0,1507.62,185.34,680.57,5.98,0.0,0.0,0.0,0.0,0.0,0.0,0.0,0.0,0.0,0.0,0.0,0.0,0.0,0.0,0.0,0.0,0.0,0.0,0.0,0.0,0.0,0.0,0.0,0.0,0.0,0.0,0,0,0,0,0,0,0,0,0,0,0.0,0.0,0.0,0.0,0.0,0.0,0.0,0.0,0.0,0.0,0.0,0.0,0.0,0.0,0.0,0.0,0.0,0.0,0.0,0.0
420076007012,42007600701,Beaver,1692.0,40.787164,-80.371874,1245.0,0.0,1195.0,0.0,0.0,0.0,0.0,0.0,50.0,1245.0,209.0,400.0,594.0,63.0,35.0,107.0,42.0,347.0,594.0,13.0,141.0,1518.38,186.66,685.43,6.02,0.0,0.0,0.0,0.0,0.0,0.0,0.0,0.0,0.0,0.0,0.0,0.0,0.0,0.0,0.0,0.0,0.0,0.0,0.0,0.0,0.0,0.0,0.0,0.0,0.0,0.0,0,0,0,0,0,0,0,0,0,0,0.0,0.0,0.0,0.0,0.0,0.0,0.0,0.0,0.0,0.0,0.0,0.0,0.0,0.0,0.0,0.0,0.0,0.0,0.0,0.0
420076007021,42007600702,Beaver,2235.0,40.773659,-80.3918,2042.0,6.0,1874.0,5.0,0.0,22.0,0.0,0.0,135.0,2042.0,336.0,483.0,780.0,136.0,131.0,76.0,86.0,351.0,780.0,14.0,235.0,2351.78,314.91,938.51,0.0,0.0,0.0,0.0,0.0,0.0,0.0,0.0,0.0,0.0,0.0,0.0,0.0,0.0,0.0,0.0,0.0,0.0,0.0,0.0,0.0,0.0,0.0,0.0,0.0,0.0,0.0,0,0,0,0,0,0,0,0,0,0,0.0,0.0,0.0,0.0,0.0,0.0,0.0,0.0,0.0,0.0,0.0,0.0,0.0,0.0,0.0,0.0,0.0,0.0,0.0,0.0
420076007022,42007600702,Beaver,2435.0,40.753334,-80.373955,2937.0,32.0,2800.0,51.0,0.0,0.0,0.0,0.0,54.0,2937.0,746.0,758.0,1181.0,119.0,198.0,91.0,154.0,619.0,1181.0,113.0,317.0,2562.22,343.09,1022.49,0.0,0.0,0.0,0.0,0.0,0.0,0.0,0.0,0.0,0.0,0.0,0.0,0.0,0.0,0.0,0.0,0.0,0.0,0.0,0.0,0.0,0.0,0.0,0.0,0.0,0.0,0.0,0,0,0,0,0,0,0,0,0,0,0.0,0.0,0.0,0.0,0.0,0.0,0.0,0.0,0.0,0.0,0.0,0.0,0.0,0.0,0.0,0.0,0.0,0.0,0.0,0.0
420076010001,42007601000,Beaver,1061.0,40.735644,-80.327135,1309.0,15.0,1220.0,21.0,1.0,0.0,0.0,0.0,52.0,1309.0,450.0,183.0,433.0,18.0,42.0,63.0,43.0,267.0,433.0,19.0,121.0,1062.97,117.7,431.1,9.57,0.0,0.0,0.0,0.0,0.0,0.0,0.0,0.0,0.0,0.0,0.0,0.0,0.0,0.0,0.0,0.0,0.0,0.0,0.0,0.0,0.0,0.0,0.0,0.0,0.0,0.0,0,0,0,0,0,0,0,0,0,0,0.0,0.0,0.0,0.0,0.0,0.0,0.0,0.0,0.0,0.0,0.0,0.0,0.0,0.0,0.0,0.0,0.0,0.0,0.0,0.0
420076010002,42007601000,Beaver,1234.0,40.747872,-80.338528,1218.0,17.0,1157.0,31.0,0.0,0.0,0.0,0.0,13.0,1218.0,271.0,356.0,569.0,97.0,150.0,61.0,72.0,189.0,569.0,41.0,174.0,1236.29,136.89,501.39,11.13,0.0,0.0,0.0,0.0,0.0,0.0,0.0,0.0,0.0,0.0,0.0,0.0,0.0,0.0,0.0,0.0,0.0,0.0,0.0,0.0,0.0,0.0,0.0,0.0,0.0,0.0,0,0,0,0,0,0,0,0,0,0,0.0,0.0,0.0,0.0,0.0,0.0,0.0,0.0,0.0,0.0,0.0,0.0,0.0,0.0,0.0,0.0,0.0,0.0,0.0,0.0
420076010003,42007601000,Beaver,1473.0,40.751436,-80.333247,1267.0,0.0,1127.0,77.0,0.0,9.0,0.0,0.0,54.0,1267.0,195.0,288.0,529.0,44.0,182.0,115.0,71.0,117.0,529.0,75.0,192.0,1475.74,163.41,598.5,13.29,0.0,0.0,0.0,0.0,0.0,0.0,0.0,0.0,0.0,0.0,0.0,0.0,0.0,0.0,0.0,0.0,0.0,0.0,0.0,0.0,0.0,0.0,0.0,0.0,0.0,0.0,0,0,0,0,0,0,0,0,0,0,0.0,0.0,0.0,0.0,0.0,0.0,0.0,0.0,0.0,0.0,0.0,0.0,0.0,0.0,0.0,0.0,0.0,0.0,0.0,0.0
420076011001,42007601100,Beaver,547.0,40.783293,-80.329798,628.0,0.0,354.0,274.0,0.0,0.0,0.0,0.0,0.0,628.0,237.0,58.0,227.0,100.0,29.0,51.0,7.0,40.0,227.0,57.0,106.0,579.19,78.78,181.92,0.0,0.0,0.0,0.0,0.0,0.0,0.0,0.0,0.0,0.0,0.0,0.0,0.0,0.0,0.0,0.0,0.0,0.0,0.0,0.0,0.0,0.0,0.0,0.0,0.0,0.0,0.0,0,0,0,0,0,0,0,0,0,0,0.0,0.0,0.0,0.0,0.0,0.0,0.0,0.0,0.0,0.0,0.0,0.0,0.0,0.0,0.0,0.0,0.0,0.0,0.0,0.0
420076011002,42007601100,Beaver,2529.0,40.773954,-80.324934,2629.0,98.0,2030.0,427.0,0.0,36.0,0.0,13.0,25.0,2629.0,544.0,295.0,796.0,185.0,135.0,230.0,102.0,144.0,796.0,111.0,332.0,2677.81,364.22,841.08,0.0,0.0,0.0,0.0,0.0,0.0,0.0,0.0,0.0,0.0,0.0,0.0,0.0,0.0,0.0,0.0,0.0,0.0,0.0,0.0,0.0,0.0,0.0,0.0,0.0,0.0,0.0,0,0,0,0,0,0,0,0,0,0,0.0,0.0,0.0,0.0,0.0,0.0,0.0,0.0,0.0,0.0,0.0,0.0,0.0,0.0,0.0,0.0,0.0,0.0,0.0,0.0
420076012001,42007601200,Beaver,1146.0,40.750794,-80.323298,1082.0,0.0,565.0,342.0,0.0,0.0,0.0,0.0,175.0,1082.0,295.0,137.0,467.0,195.0,112.0,23.0,11.0,126.0,467.0,57.0,238.0,1146.72,218.46,487.05,0.0,0.0,0.0,0.0,0.0,0.0,0.0,0.0,0.0,0.0,0.0,0.0,0.0,0.0,0.0,0.0,0.0,0.0,0.0,0.0,0.0,0.0,0.0,0.0,0.0,0.0,0.0,0,0,0,0,0,0,0,0,0,0,0.0,0.0,0.0,0.0,0.0,0.0,0.0,0.0,0.0,0.0,0.0,0.0,0.0,0.0,0.0,0.0,0.0,0.0,0.0,0.0
420076012002,42007601200,Beaver,1185.0,40.758873,-80.32661,1214.0,0.0,801.0,208.0,3.0,0.0,0.0,0.0,202.0,1214.0,387.0,176.0,503.0,129.0,142.0,117.0,73.0,42.0,503.0,55.0,287.0,1185.74,225.89,503.62,0.0,0.0,0.0,0.0,0.0,0.0,0.0,0.0,0.0,0.0,0.0,0.0,0.0,0.0,0.0,0.0,0.0,0.0,0.0,0.0,0.0,0.0,0.0,0.0,0.0,0.0,0.0,0,0,0,0,0,0,0,0,0,0,0.0,0.0,0.0,0.0,0.0,0.0,0.0,0.0,0.0,0.0,0.0,0.0,0.0,0.0,0.0,0.0,0.0,0.0,0.0,0.0
420076012003,42007601200,Beaver,869.0,40.75453,-80.319045,906.0,19.0,797.0,28.0,0.0,38.0,0.0,0.0,24.0,906.0,79.0,122.0,390.0,134.0,96.0,14.0,6.0,140.0,390.0,126.0,105.0,869.54,165.65,369.32,0.0,0.0,0.0,0.0,0.0,0.0,0.0,0.0,0.0,0.0,0.0,0.0,0.0,0.0,0.0,0.0,0.0,0.0,0.0,0.0,0.0,0.0,0.0,0.0,0.0,0.0,0.0,0,0,0,0,0,0,0,0,0,0,0.0,0.0,0.0,0.0,0.0,0.0,0.0,0.0,0.0,0.0,0.0,0.0,0.0,0.0,0.0,0.0,0.0,0.0,0.0,0.0
420076013001,42007601300,Beaver,820.0,40.760196,-80.316366,1128.0,66.0,507.0,501.0,0.0,23.0,0.0,0.0,31.0,1128.0,310.0,243.0,450.0,89.0,47.0,124.0,111.0,79.0,450.0,65.0,181.0,652.63,122.29,296.87,5.41,0.0,0.0,0.0,0.0,0.0,0.0,0.0,0.0,0.0,0.0,0.0,0.0,0.0,0.0,0.0,0.0,0.0,0.0,0.0,0.0,0.0,0.0,0.0,0.0,0.0,0.0,0,0,0,0,0,0,0,0,0,0,0.0,0.0,0.0,0.0,0.0,0.0,0.0,0.0,0.0,0.0,0.0,0.0,0.0,0.0,0.0,0.0,0.0,0.0,0.0,0.0
420076013002,42007601300,Beaver,1909.0,40.753454,-80.315266,1263.0,64.0,785.0,346.0,0.0,14.0,0.0,0.0,54.0,1263.0,191.0,389.0,538.0,212.0,83.0,90.0,27.0,126.0,538.0,93.0,311.0,1519.37,284.71,691.13,12.59,0.0,0.0,0.0,0.0,0.0,0.0,0.0,0.0,0.0,0.0,0.0,0.0,0.0,0.0,0.0,0.0,0.0,0.0,0.0,0.0,0.0,0.0,0.0,0.0,0.0,0.0,0,0,0,0,0,0,0,0,0,0,0.0,0.0,0.0,0.0,0.0,0.0,0.0,0.0,0.0,0.0,0.0,0.0,0.0,0.0,0.0,0.0,0.0,0.0,0.0,0.0
420076014001,42007601400,Beaver,782.0,40.739259,-80.314831,880.0,35.0,510.0,223.0,0.0,0.0,0.0,0.0,112.0,880.0,145.0,204.0,438.0,78.0,62.0,87.0,82.0,129.0,438.0,60.0,109.0,784.41,155.73,360.63,0.0,0.0,0.0,0.0,0.0,0.0,0.0,0.0,0.0,0.0,0.0,0.0,0.0,0.0,0.0,0.0,0.0,0.0,0.0,0.0,0.0,0.0,0.0,0.0,0.0,0.0,0.0,0,0,0,0,0,0,0,0,0,0,0.0,0.0,0.0,0.0,0.0,0.0,0.0,0.0,0.0,0.0,0.0,0.0,0.0,0.0,0.0,0.0,0.0,0.0,0.0,0.0
420076014002,42007601400,Beaver,1622.0,40.739988,-80.309546,1319.0,10.0,1169.0,115.0,0.0,0.0,0.0,0.0,25.0,1319.0,277.0,289.0,658.0,213.0,195.0,31.0,102.0,117.0,658.0,104.0,293.0,1627.0,323.0,748.0,0.0,0.0,0.0,0.0,0.0,0.0,0.0,0.0,0.0,0.0,0.0,0.0,0.0,0.0,0.0,0.0,0.0,0.0,0.0,0.0,0.0,0.0,0.0,0.0,0.0,0.0,0.0,0,0,0,0,0,0,0,0,0,0,0.0,0.0,0.0,0.0,0.0,0.0,0.0,0.0,0.0,0.0,0.0,0.0,0.0,0.0,0.0,0.0,0.0,0.0,0.0,0.0
420076014003,42007601400,Beaver,840.0,40.745215,-80.30818,1119.0,0.0,1021.0,18.0,0.0,0.0,0.0,0.0,80.0,1119.0,197.0,147.0,400.0,43.0,33.0,112.0,30.0,182.0,400.0,0.0,112.0,842.59,167.27,387.37,0.0,0.0,0.0,0.0,0.0,0.0,0.0,0.0,0.0,0.0,0.0,0.0,0.0,0.0,0.0,0.0,0.0,0.0,0.0,0.0,0.0,0.0,0.0,0.0,0.0,0.0,0.0,0,0,0,0,0,0,0,0,0,0,0.0,0.0,0.0,0.0,0.0,0.0,0.0,0.0,0.0,0.0,0.0,0.0,0.0,0.0,0.0,0.0,0.0,0.0,0.0,0.0
420076016001,42007601600,Beaver,650.0,40.735276,-80.296923,541.0,0.0,522.0,0.0,0.0,0.0,0.0,12.0,7.0,541.0,72.0,130.0,271.0,22.0,107.0,43.0,28.0,71.0,271.0,4.0,163.0,657.5,133.5,316.5,0.0,0.0,0.0,0.0,0.0,0.0,0.0,0.0,0.0,0.0,0.0,0.0,0.0,0.0,0.0,0.0,0.0,0.0,0.0,0.0,0.0,0.0,0.0,0.0,0.0,0.0,0.0,0,0,0,0,0,0,0,0,0,0,0.0,0.0,0.0,0.0,0.0,0.0,0.0,0.0,0.0,0.0,0.0,0.0,0.0,0.0,0.0,0.0,0.0,0.0,0.0,0.0
420076016002,42007601600,Beaver,650.0,40.728094,-80.296728,774.0,9.0,734.0,3.0,0.0,1.0,0.0,7.0,20.0,774.0,120.0,203.0,362.0,65.0,104.0,118.0,33.0,42.0,362.0,24.0,194.0,657.5,133.5,316.5,0.0,0.0,0.0,0.0,0.0,0.0,0.0,0.0,0.0,0.0,0.0,0.0,0.0,0.0,0.0,0.0,0.0,0.0,0.0,0.0,0.0,0.0,0.0,0.0,0.0,0.0,0.0,0,0,0,0,0,0,0,0,0,0,0.0,0.0,0.0,0.0,0.0,0.0,0.0,0.0,0.0,0.0,0.0,0.0,0.0,0.0,0.0,0.0,0.0,0.0,0.0,0.0
420076017001,42007601700,Beaver,1894.0,40.758141,-80.289852,1738.0,50.0,1594.0,0.0,3.0,0.0,0.0,0.0,91.0,1738.0,210.0,550.0,791.0,89.0,171.0,125.0,60.0,346.0,791.0,11.0,170.0,1848.71,328.63,816.36,0.0,0.0,0.0,0.0,0.0,0.0,0.0,0.0,0.0,0.0,0.0,0.0,0.0,0.0,0.0,0.0,0.0,0.0,0.0,0.0,0.0,0.0,0.0,0.0,0.0,0.0,0.0,0,0,0,0,0,0,0,0,0,0,0.0,0.0,0.0,0.0,0.0,0.0,0.0,0.0,0.0,0.0,0.0,0.0,0.0,0.0,0.0,0.0,0.0,0.0,0.0,0.0
420076017002,42007601700,Beaver,1368.0,40.732981,-80.272482,1446.0,0.0,1427.0,6.0,0.0,0.0,0.0,0.0,13.0,1446.0,208.0,321.0,615.0,96.0,84.0,59.0,96.0,280.0,615.0,11.0,150.0,1335.29,237.37,589.64,0.0,0.0,0.0,0.0,0.0,0.0,0.0,0.0,0.0,0.0,0.0,0.0,0.0,0.0,0.0,0.0,0.0,0.0,0.0,0.0,0.0,0.0,0.0,0.0,0.0,0.0,0.0,0,0,0,0,0,0,0,0,0,0,0.0,0.0,0.0,0.0,0.0,0.0,0.0,0.0,0.0,0.0,0.0,0.0,0.0,0.0,0.0,0.0,0.0,0.0,0.0,0.0
420076018011,42007601801,Beaver,891.0,40.756509,-80.198287,1087.0,0.0,902.0,0.0,0.0,0.0,0.0,166.0,19.0,1087.0,325.0,238.0,365.0,10.0,54.0,35.0,49.0,217.0,365.0,0.0,113.0,905.01,136.61,439.37,0.0,0.0,0.0,0.0,0.0,0.0,0.0,0.0,0.0,0.0,0.0,0.0,0.0,0.0,0.0,0.0,0.0,0.0,0.0,0.0,0.0,0.0,0.0,0.0,0.0,0.0,0.0,0,0,0,0,0,0,0,0,0,0,0.0,0.0,0.0,0.0,0.0,0.0,0.0,0.0,0.0,0.0,0.0,0.0,0.0,0.0,0.0,0.0,0.0,0.0,0.0,0.0
420076018012,42007601801,Beaver,837.0,40.724788,-80.165724,777.0,44.0,721.0,0.0,7.0,0.0,0.0,0.0,5.0,777.0,138.0,158.0,322.0,39.0,14.0,9.0,50.0,210.0,322.0,20.0,62.0,850.16,128.34,412.74,0.0,0.0,0.0,0.0,0.0,0.0,0.0,0.0,0.0,0.0,0.0,0.0,0.0,0.0,0.0,0.0,0.0,0.0,0.0,0.0,0.0,0.0,0.0,0.0,0.0,0.0,0.0,0,0,0,0,0,0,0,0,0,0,0.0,0.0,0.0,0.0,0.0,0.0,0.0,0.0,0.0,0.0,0.0,0.0,0.0,0.0,0.0,0.0,0.0,0.0,0.0,0.0
420076018013,42007601801,Beaver,1833.0,40.685902,-80.177673,1753.0,0.0,1738.0,0.0,0.0,1.0,0.0,0.0,14.0,1753.0,49.0,1408.0,1069.0,284.0,166.0,247.0,199.0,173.0,1069.0,72.0,516.0,1861.83,281.05,903.89,0.0,0.0,0.0,0.0,0.0,0.0,0.0,0.0,0.0,0.0,0.0,0.0,0.0,0.0,0.0,0.0,0.0,0.0,0.0,0.0,0.0,0.0,0.0,0.0,0.0,0.0,0.0,0,0,0,0,0,0,0,0,0,0,0.0,0.0,0.0,0.0,0.0,0.0,0.0,0.0,0.0,0.0,0.0,0.0,0.0,0.0,0.0,0.0,0.0,0.0,0.0,0.0
420076018021,42007601802,Beaver,811.0,40.687576,-80.240954,984.0,0.0,982.0,0.0,0.0,0.0,0.0,0.0,2.0,984.0,160.0,171.0,451.0,61.0,115.0,19.0,152.0,104.0,451.0,0.0,152.0,772.94,112.85,340.12,0.0,0.0,0.0,0.0,0.0,0.0,0.0,0.0,0.0,0.0,0.0,0.0,0.0,0.0,0.0,0.0,0.0,0.0,0.0,0.0,0.0,0.0,0.0,0.0,0.0,0.0,0.0,0,0,0,0,0,0,0,0,0,0,0.0,0.0,0.0,0.0,0.0,0.0,0.0,0.0,0.0,0.0,0.0,0.0,0.0,0.0,0.0,0.0,0.0,0.0,0.0,0.0
420076018022,42007601802,Beaver,2175.0,40.714144,-80.207667,1907.0,7.0,1776.0,0.0,0.0,0.0,0.0,0.0,124.0,1907.0,334.0,625.0,803.0,124.0,217.0,113.0,63.0,286.0,803.0,50.0,292.0,2072.92,302.65,912.15,0.0,0.0,0.0,0.0,0.0,0.0,0.0,0.0,0.0,0.0,0.0,0.0,0.0,0.0,0.0,0.0,0.0,0.0,0.0,0.0,0.0,0.0,0.0,0.0,0.0,0.0,0.0,0,0,0,0,0,0,0,0,0,0,0.0,0.0,0.0,0.0,0.0,0.0,0.0,0.0,0.0,0.0,0.0,0.0,0.0,0.0,0.0,0.0,0.0,0.0,0.0,0.0
420076018023,42007601802,Beaver,636.0,40.733801,-80.233587,561.0,0.0,561.0,0.0,0.0,0.0,0.0,0.0,0.0,561.0,42.0,108.0,265.0,41.0,25.0,91.0,14.0,94.0,265.0,12.0,74.0,606.15,88.5,266.73,0.0,0.0,0.0,0.0,0.0,0.0,0.0,0.0,0.0,0.0,0.0,0.0,0.0,0.0,0.0,0.0,0.0,0.0,0.0,0.0,0.0,0.0,0.0,0.0,0.0,0.0,0.0,0,0,0,0,0,0,0,0,0,0,0.0,0.0,0.0,0.0,0.0,0.0,0.0,0.0,0.0,0.0,0.0,0.0,0.0,0.0,0.0,0.0,0.0,0.0,0.0,0.0
420076021001,42007602100,Beaver,1743.0,40.706509,-80.284318,1468.0,0.0,1078.0,268.0,0.0,15.0,0.0,0.0,107.0,1468.0,236.0,181.0,733.0,140.0,185.0,237.0,56.0,115.0,733.0,74.0,377.0,1673.22,395.09,876.02,23.59,0.0,0.0,0.0,0.0,0.0,0.0,0.0,0.0,0.0,0.0,0.0,0.0,0.0,0.0,0.0,0.0,0.0,0.0,0.0,0.0,0.0,0.0,0.0,0.0,0.0,0.0,0,0,0,0,0,0,0,0,0,0,0.0,0.0,0.0,0.0,0.0,0.0,0.0,0.0,0.0,0.0,0.0,0.0,0.0,0.0,0.0,0.0,0.0,0.0,0.0,0.0
420076021002,42007602100,Beaver,877.0,40.703059,-80.283827,905.0,0.0,796.0,77.0,0.0,17.0,0.0,0.0,15.0,905.0,113.0,105.0,561.0,144.0,192.0,166.0,16.0,43.0,561.0,102.0,386.0,841.89,198.79,440.77,11.87,0.0,0.0,0.0,0.0,0.0,0.0,0.0,0.0,0.0,0.0,0.0,0.0,0.0,0.0,0.0,0.0,0.0,0.0,0.0,0.0,0.0,0.0,0.0,0.0,0.0,0.0,0,0,0,0,0,0,0,0,0,0,0.0,0.0,0.0,0.0,0.0,0.0,0.0,0.0,0.0,0.0,0.0,0.0,0.0,0.0,0.0,0.0,0.0,0.0,0.0,0.0
420076021003,42007602100,Beaver,852.0,40.703541,-80.277473,1049.0,19.0,961.0,32.0,0.0,0.0,0.0,0.0,37.0,1049.0,153.0,335.0,451.0,118.0,200.0,56.0,23.0,54.0,451.0,98.0,166.0,817.89,193.12,428.21,11.53,0.0,0.0,0.0,0.0,0.0,0.0,0.0,0.0,0.0,0.0,0.0,0.0,0.0,0.0,0.0,0.0,0.0,0.0,0.0,0.0,0.0,0.0,0.0,0.0,0.0,0.0,0,0,0,0,0,0,0,0,0,0,0.0,0.0,0.0,0.0,0.0,0.0,0.0,0.0,0.0,0.0,0.0,0.0,0.0,0.0,0.0,0.0,0.0,0.0,0.0,0.0
420076023001,42007602300,Beaver,765.0,40.694654,-80.301,693.0,11.0,661.0,0.0,0.0,12.0,0.0,0.0,9.0,693.0,155.0,161.0,326.0,61.0,14.0,37.0,30.0,184.0,326.0,0.0,115.0,697.61,119.09,410.2,0.0,0.0,0.0,0.0,0.0,0.0,0.0,0.0,0.0,0.0,0.0,0.0,0.0,0.0,0.0,0.0,0.0,0.0,0.0,0.0,0.0,0.0,0.0,0.0,0.0,0.0,0.0,0,0,0,0,0,0,0,0,0,0,0.0,0.0,0.0,0.0,0.0,0.0,0.0,0.0,0.0,0.0,0.0,0.0,0.0,0.0,0.0,0.0,0.0,0.0,0.0,0.0
420076023002,42007602300,Beaver,1721.0,40.698731,-80.304241,1574.0,60.0,1491.0,15.0,0.0,0.0,0.0,0.0,8.0,1574.0,151.0,630.0,1007.0,207.0,257.0,200.0,71.0,272.0,1007.0,131.0,588.0,1569.39,267.91,922.8,0.0,0.0,0.0,0.0,0.0,0.0,0.0,0.0,0.0,0.0,0.0,0.0,0.0,0.0,0.0,0.0,0.0,0.0,0.0,0.0,0.0,0.0,0.0,0.0,0.0,0.0,0.0,0,0,0,0,0,0,0,0,0,0,0.0,0.0,0.0,0.0,0.0,0.0,0.0,0.0,0.0,0.0,0.0,0.0,0.0,0.0,0.0,0.0,0.0,0.0,0.0,0.0
420076024001,42007602400,Beaver,1081.0,40.689865,-80.312635,1180.0,20.0,1122.0,0.0,0.0,0.0,0.0,0.0,38.0,1180.0,276.0,295.0,478.0,28.0,54.0,74.0,39.0,283.0,478.0,11.0,112.0,1166.84,119.62,519.46,0.0,0.0,0.0,0.0,0.0,0.0,0.0,0.0,0.0,0.0,0.0,0.0,0.0,0.0,0.0,0.0,0.0,0.0,0.0,0.0,0.0,0.0,0.0,0.0,0.0,0.0,0.0,0,0,0,0,0,0,0,0,0,0,0.0,0.0,0.0,0.0,0.0,0.0,0.0,0.0,0.0,0.0,0.0,0.0,0.0,0.0,0.0,0.0,0.0,0.0,0.0,0.0
420076024002,42007602400,Beaver,871.0,40.696066,-80.312343,927.0,37.0,847.0,43.0,0.0,0.0,0.0,0.0,0.0,927.0,131.0,169.0,460.0,36.0,55.0,67.0,91.0,211.0,460.0,21.0,111.0,940.16,96.38,418.54,0.0,0.0,0.0,0.0,0.0,0.0,0.0,0.0,0.0,0.0,0.0,0.0,0.0,0.0,0.0,0.0,0.0,0.0,0.0,0.0,0.0,0.0,0.0,0.0,0.0,0.0,0.0,0,0,0,0,0,0,0,0,0,0,0.0,0.0,0.0,0.0,0.0,0.0,0.0,0.0,0.0,0.0,0.0,0.0,0.0,0.0,0.0,0.0,0.0,0.0,0.0,0.0
420076025001,42007602500,Beaver,1295.0,40.685933,-80.327426,1309.0,23.0,1176.0,58.0,1.0,0.0,0.0,0.0,51.0,1309.0,220.0,438.0,732.0,170.0,223.0,126.0,70.0,143.0,732.0,44.0,477.0,1309.0,257.0,732.0,5.0,0.0,0.0,0.0,0.0,0.0,0.0,0.0,0.0,0.0,0.0,0.0,0.0,0.0,0.0,0.0,0.0,0.0,0.0,0.0,0.0,0.0,0.0,0.0,0.0,0.0,0.0,0,0,0,0,0,0,0,0,0,0,0.0,0.0,0.0,0.0,0.0,0.0,0.0,0.0,0.0,0.0,0.0,0.0,0.0,0.0,0.0,0.0,0.0,0.0,0.0,0.0
420076026011,42007602601,Beaver,1907.0,40.688513,-80.368824,2518.0,0.0,2374.0,45.0,0.0,25.0,0.0,0.0,74.0,2518.0,1007.0,448.0,791.0,51.0,77.0,97.0,86.0,480.0,791.0,0.0,203.0,2076.66,200.55,724.43,0.0,0.0,0.0,0.0,0.0,0.0,0.0,0.0,0.0,0.0,0.0,0.0,0.0,0.0,0.0,0.0,0.0,0.0,0.0,0.0,0.0,0.0,0.0,0.0,0.0,0.0,0.0,0,0,0,0,0,0,0,0,0,0,0.0,0.0,0.0,0.0,0.0,0.0,0.0,0.0,0.0,0.0,0.0,0.0,0.0,0.0,0.0,0.0,0.0,0.0,0.0,0.0
420076026012,42007602601,Beaver,1788.0,40.693803,-80.403158,1935.0,135.0,1629.0,40.0,0.0,0.0,0.0,0.0,131.0,1935.0,505.0,402.0,767.0,25.0,98.0,94.0,166.0,384.0,767.0,6.0,231.0,1947.08,188.03,679.23,0.0,0.0,0.0,0.0,0.0,0.0,0.0,0.0,0.0,0.0,0.0,0.0,0.0,0.0,0.0,0.0,0.0,0.0,0.0,0.0,0.0,0.0,0.0,0.0,0.0,0.0,0.0,0,0,0,0,0,0,0,0,0,0,0.0,0.0,0.0,0.0,0.0,0.0,0.0,0.0,0.0,0.0,0.0,0.0,0.0,0.0,0.0,0.0,0.0,0.0,0.0,0.0
420076026013,42007602601,Beaver,1554.0,40.715763,-80.376925,1263.0,22.0,1203.0,0.0,0.0,12.0,0.0,0.0,26.0,1263.0,318.0,162.0,436.0,10.0,58.0,39.0,70.0,259.0,436.0,9.0,64.0,1692.26,163.42,590.34,0.0,0.0,0.0,0.0,0.0,0.0,0.0,0.0,0.0,0.0,0.0,0.0,0.0,0.0,0.0,0.0,0.0,0.0,0.0,0.0,0.0,0.0,0.0,0.0,0.0,0.0,0.0,0,0,0,0,0,0,0,0,0,0,0.0,0.0,0.0,0.0,0.0,0.0,0.0,0.0,0.0,0.0,0.0,0.0,0.0,0.0,0.0,0.0,0.0,0.0,0.0,0.0
420076026021,42007602602,Beaver,1929.0,40.707324,-80.324395,1407.0,0.0,1381.0,26.0,0.0,0.0,0.0,0.0,0.0,1407.0,181.0,477.0,586.0,148.0,79.0,31.0,37.0,291.0,586.0,89.0,159.0,1546.03,187.94,681.5,0.0,0.0,0.0,0.0,0.0,0.0,0.0,0.0,0.0,0.0,0.0,0.0,0.0,0.0,0.0,0.0,0.0,0.0,0.0,0.0,0.0,0.0,0.0,0.0,0.0,0.0,0.0,0,0,0,0,0,0,0,0,0,0,0.0,0.0,0.0,0.0,0.0,0.0,0.0,0.0,0.0,0.0,0.0,0.0,0.0,0.0,0.0,0.0,0.0,0.0,0.0,0.0
420076026022,42007602602,Beaver,1612.0,40.700328,-80.341611,1647.0,9.0,1548.0,14.0,0.0,0.0,0.0,33.0,43.0,1647.0,338.0,279.0,665.0,59.0,68.0,82.0,80.0,376.0,665.0,8.0,129.0,1291.97,157.06,569.5,0.0,0.0,0.0,0.0,0.0,0.0,0.0,0.0,0.0,0.0,0.0,0.0,0.0,0.0,0.0,0.0,0.0,0.0,0.0,0.0,0.0,0.0,0.0,0.0,0.0,0.0,0.0,0,0,0,0,0,0,0,0,0,0,0.0,0.0,0.0,0.0,0.0,0.0,0.0,0.0,0.0,0.0,0.0,0.0,0.0,0.0,0.0,0.0,0.0,0.0,0.0,0.0
420076027011,42007602701,Beaver,1234.0,40.659516,-80.392634,1084.0,5.0,986.0,13.0,0.0,20.0,0.0,17.0,43.0,1084.0,217.0,261.0,435.0,83.0,55.0,79.0,73.0,145.0,435.0,42.0,91.0,1084.28,226.26,452.51,0.0,0.0,0.0,0.0,0.0,0.0,0.0,0.0,0.0,0.0,0.0,0.0,0.0,0.0,0.0,0.0,0.0,0.0,0.0,0.0,0.0,0.0,0.0,0.0,0.0,0.0,0.0,0,0,0,0,0,0,0,0,0,0,0.0,0.0,0.0,0.0,0.0,0.0,0.0,0.0,0.0,0.0,0.0,0.0,0.0,0.0,0.0,0.0,0.0,0.0,0.0,0.0
420076027012,42007602701,Beaver,604.0,40.653804,-80.429962,534.0,19.0,470.0,12.0,0.0,5.0,0.0,0.0,28.0,534.0,90.0,129.0,239.0,35.0,51.0,29.0,36.0,88.0,239.0,2.0,83.0,530.72,110.74,221.49,0.0,0.0,0.0,0.0,0.0,0.0,0.0,0.0,0.0,0.0,0.0,0.0,0.0,0.0,0.0,0.0,0.0,0.0,0.0,0.0,0.0,0.0,0.0,0.0,0.0,0.0,0.0,0,0,0,0,0,0,0,0,0,0,0.0,0.0,0.0,0.0,0.0,0.0,0.0,0.0,0.0,0.0,0.0,0.0,0.0,0.0,0.0,0.0,0.0,0.0,0.0,0.0
420076027021,42007602702,Beaver,1228.0,40.705882,-80.469809,1299.0,0.0,1257.0,0.0,9.0,0.0,0.0,0.0,33.0,1299.0,251.0,322.0,510.0,73.0,101.0,81.0,95.0,160.0,510.0,6.0,110.0,1225.13,178.45,470.02,0.0,0.0,0.0,0.0,0.0,0.0,0.0,0.0,0.0,0.0,0.0,0.0,0.0,0.0,0.0,0.0,0.0,0.0,0.0,0.0,0.0,0.0,0.0,0.0,0.0,0.0,0.0,0,0,0,0,0,0,0,0,0,0,0.0,0.0,0.0,0.0,0.0,0.0,0.0,0.0,0.0,0.0,0.0,0.0,0.0,0.0,0.0,0.0,0.0,0.0,0.0,0.0
420076027022,42007602702,Beaver,1008.0,40.670727,-80.492342,846.0,8.0,829.0,1.0,0.0,8.0,0.0,0.0,0.0,846.0,150.0,189.0,341.0,15.0,86.0,32.0,70.0,138.0,341.0,0.0,67.0,1005.64,146.48,385.81,0.0,0.0,0.0,0.0,0.0,0.0,0.0,0.0,0.0,0.0,0.0,0.0,0.0,0.0,0.0,0.0,0.0,0.0,0.0,0.0,0.0,0.0,0.0,0.0,0.0,0.0,0.0,0,0,0,0,0,0,0,0,0,0,0.0,0.0,0.0,0.0,0.0,0.0,0.0,0.0,0.0,0.0,0.0,0.0,0.0,0.0,0.0,0.0,0.0,0.0,0.0,0.0
420076027023,42007602702,Beaver,1184.0,40.672139,-80.461273,1267.0,0.0,1244.0,0.0,2.0,0.0,0.0,0.0,21.0,1267.0,436.0,198.0,458.0,56.0,40.0,86.0,63.0,213.0,458.0,1.0,180.0,1181.23,172.06,453.17,0.0,0.0,0.0,0.0,0.0,0.0,0.0,0.0,0.0,0.0,0.0,0.0,0.0,0.0,0.0,0.0,0.0,0.0,0.0,0.0,0.0,0.0,0.0,0.0,0.0,0.0,0.0,0,0,0,0,0,0,0,0,0,0,0.0,0.0,0.0,0.0,0.0,0.0,0.0,0.0,0.0,0.0,0.0,0.0,0.0,0.0,0.0,0.0,0.0,0.0,0.0,0.0
420076028001,42007602800,Beaver,724.0,40.634998,-80.447284,772.0,37.0,688.0,40.0,0.0,0.0,0.0,0.0,7.0,772.0,176.0,185.0,304.0,17.0,75.0,84.0,41.0,87.0,304.0,0.0,123.0,682.34,125.28,283.29,0.0,0.0,0.0,0.0,0.0,0.0,0.0,0.0,0.0,0.0,0.0,0.0,0.0,0.0,0.0,0.0,0.0,0.0,0.0,0.0,0.0,0.0,0.0,0.0,0.0,0.0,0.0,0,0,0,0,0,0,0,0,0,0,0.0,0.0,0.0,0.0,0.0,0.0,0.0,0.0,0.0,0.0,0.0,0.0,0.0,0.0,0.0,0.0,0.0,0.0,0.0,0.0
420076028002,42007602800,Beaver,947.0,40.640029,-80.454987,776.0,17.0,508.0,201.0,0.0,0.0,0.0,0.0,50.0,776.0,106.0,175.0,287.0,36.0,45.0,44.0,85.0,77.0,287.0,16.0,108.0,892.51,163.87,370.55,0.0,0.0,0.0,0.0,0.0,0.0,0.0,0.0,0.0,0.0,0.0,0.0,0.0,0.0,0.0,0.0,0.0,0.0,0.0,0.0,0.0,0.0,0.0,0.0,0.0,0.0,0.0,0,0,0,0,0,0,0,0,0,0,0.0,0.0,0.0,0.0,0.0,0.0,0.0,0.0,0.0,0.0,0.0,0.0,0.0,0.0,0.0,0.0,0.0,0.0,0.0,0.0
420076028003,42007602800,Beaver,762.0,40.646368,-80.46351,745.0,22.0,554.0,81.0,0.0,0.0,0.0,0.0,88.0,745.0,187.0,183.0,361.0,135.0,112.0,41.0,17.0,56.0,361.0,8.0,170.0,718.15,131.85,298.16,0.0,0.0,0.0,0.0,0.0,0.0,0.0,0.0,0.0,0.0,0.0,0.0,0.0,0.0,0.0,0.0,0.0,0.0,0.0,0.0,0.0,0.0,0.0,0.0,0.0,0.0,0.0,0,0,0,0,0,0,0,0,0,0,0.0,0.0,0.0,0.0,0.0,0.0,0.0,0.0,0.0,0.0,0.0,0.0,0.0,0.0,0.0,0.0,0.0,0.0,0.0,0.0
420076029001,42007602900,Beaver,1483.0,40.587114,-80.443553,1386.0,11.0,1354.0,1.0,0.0,4.0,0.0,0.0,16.0,1386.0,279.0,351.0,553.0,51.0,82.0,110.0,72.0,238.0,553.0,0.0,139.0,1458.69,221.57,569.11,0.0,0.0,0.0,0.0,0.0,0.0,0.0,0.0,0.0,0.0,0.0,0.0,0.0,0.0,0.0,0.0,0.0,0.0,0.0,0.0,0.0,0.0,0.0,0.0,0.0,0.0,0.0,0,0,0,0,0,0,0,0,0,0,0.0,0.0,0.0,0.0,0.0,0.0,0.0,0.0,0.0,0.0,0.0,0.0,0.0,0.0,0.0,0.0,0.0,0.0,0.0,0.0
420076029002,42007602900,Beaver,1201.0,40.590996,-80.490543,1254.0,29.0,1130.0,0.0,0.0,6.0,0.0,36.0,53.0,1254.0,206.0,322.0,477.0,43.0,50.0,79.0,52.0,253.0,477.0,5.0,76.0,1181.31,179.43,460.89,0.0,0.0,0.0,0.0,0.0,0.0,0.0,0.0,0.0,0.0,0.0,0.0,0.0,0.0,0.0,0.0,0.0,0.0,0.0,0.0,0.0,0.0,0.0,0.0,0.0,0.0,0.0,0,0,0,0,0,0,0,0,0,0,0.0,0.0,0.0,0.0,0.0,0.0,0.0,0.0,0.0,0.0,0.0,0.0,0.0,0.0,0.0,0.0,0.0,0.0,0.0,0.0
420076030001,42007603000,Beaver,927.0,40.621944,-80.356444,904.0,9.0,827.0,0.0,0.0,0.0,0.0,0.0,68.0,904.0,179.0,251.0,371.0,21.0,74.0,54.0,45.0,177.0,371.0,20.0,57.0,912.4,118.82,370.73,0.0,0.0,0.0,0.0,0.0,0.0,0.0,0.0,0.0,0.0,0.0,0.0,0.0,0.0,0.0,0.0,0.0,0.0,0.0,0.0,0.0,0.0,0.0,0.0,0.0,0.0,0.0,0,0,0,0,0,0,0,0,0,0,0.0,0.0,0.0,0.0,0.0,0.0,0.0,0.0,0.0,0.0,0.0,0.0,0.0,0.0,0.0,0.0,0.0,0.0,0.0,0.0
420076030002,42007603000,Beaver,605.0,40.618763,-80.3877,629.0,0.0,594.0,3.0,0.0,0.0,0.0,0.0,32.0,629.0,102.0,140.0,263.0,0.0,72.0,72.0,20.0,99.0,263.0,6.0,70.0,595.47,77.55,241.96,0.0,0.0,0.0,0.0,0.0,0.0,0.0,0.0,0.0,0.0,0.0,0.0,0.0,0.0,0.0,0.0,0.0,0.0,0.0,0.0,0.0,0.0,0.0,0.0,0.0,0.0,0.0,0,0,0,0,0,0,0,0,0,0,0.0,0.0,0.0,0.0,0.0,0.0,0.0,0.0,0.0,0.0,0.0,0.0,0.0,0.0,0.0,0.0,0.0,0.0,0.0,0.0
420076030003,42007603000,Beaver,1261.0,40.591766,-80.37885,1222.0,0.0,1163.0,4.0,0.0,6.0,0.0,0.0,49.0,1222.0,177.0,199.0,483.0,31.0,98.0,74.0,41.0,239.0,483.0,0.0,112.0,1241.13,161.63,504.31,0.0,0.0,0.0,0.0,0.0,0.0,0.0,0.0,0.0,0.0,0.0,0.0,0.0,0.0,0.0,0.0,0.0,0.0,0.0,0.0,0.0,0.0,0.0,0.0,0.0,0.0,0.0,0,0,0,0,0,0,0,0,0,0,0.0,0.0,0.0,0.0,0.0,0.0,0.0,0.0,0.0,0.0,0.0,0.0,0.0,0.0,0.0,0.0,0.0,0.0,0.0,0.0
420076032021,42007603202,Beaver,2406.0,40.642513,-80.293766,3021.0,0.0,2770.0,224.0,3.0,0.0,0.0,0.0,24.0,3021.0,637.0,598.0,1158.0,92.0,249.0,187.0,151.0,479.0,1158.0,62.0,234.0,2404.66,264.91,1015.25,0.0,0.0,0.0,0.0,0.0,0.0,0.0,0.0,0.0,0.0,0.0,0.0,0.0,0.0,0.0,0.0,0.0,0.0,0.0,0.0,0.0,0.0,0.0,0.0,0.0,0.0,0.0,0,0,0,0,0,0,0,0,0,0,0.0,0.0,0.0,0.0,0.0,0.0,0.0,0.0,0.0,0.0,0.0,0.0,0.0,0.0,0.0,0.0,0.0,0.0,0.0,0.0
420076032022,42007603202,Beaver,2020.0,40.662094,-80.280085,1470.0,31.0,1379.0,42.0,0.0,0.0,0.0,0.0,18.0,1470.0,324.0,252.0,676.0,96.0,100.0,68.0,69.0,343.0,676.0,0.0,269.0,2018.87,222.41,852.37,0.0,0.0,0.0,0.0,0.0,0.0,0.0,0.0,0.0,0.0,0.0,0.0,0.0,0.0,0.0,0.0,0.0,0.0,0.0,0.0,0.0,0.0,0.0,0.0,0.0,0.0,0.0,0,0,0,0,0,0,0,0,0,0,0.0,0.0,0.0,0.0,0.0,0.0,0.0,0.0,0.0,0.0,0.0,0.0,0.0,0.0,0.0,0.0,0.0,0.0,0.0,0.0
420076032023,42007603202,Beaver,1712.0,40.630077,-80.29705,1549.0,11.0,1350.0,77.0,0.0,6.0,0.0,0.0,105.0,1549.0,165.0,501.0,721.0,72.0,62.0,130.0,123.0,334.0,721.0,12.0,203.0,1711.04,188.49,722.4,0.0,0.0,0.0,0.0,0.0,0.0,0.0,0.0,0.0,0.0,0.0,0.0,0.0,0.0,0.0,0.0,0.0,0.0,0.0,0.0,0.0,0.0,0.0,0.0,0.0,0.0,0.0,0,0,0,0,0,0,0,0,0,0,0.0,0.0,0.0,0.0,0.0,0.0,0.0,0.0,0.0,0.0,0.0,0.0,0.0,0.0,0.0,0.0,0.0,0.0,0.0,0.0
420076032024,42007603202,Beaver,1019.0,40.629366,-80.320812,1135.0,2.0,1079.0,2.0,14.0,0.0,0.0,0.0,38.0,1135.0,240.0,143.0,465.0,0.0,0.0,87.0,111.0,267.0,465.0,0.0,109.0,1018.43,112.19,429.98,0.0,0.0,0.0,0.0,0.0,0.0,0.0,0.0,0.0,0.0,0.0,0.0,0.0,0.0,0.0,0.0,0.0,0.0,0.0,0.0,0.0,0.0,0.0,0.0,0.0,0.0,0.0,0,0,0,0,0,0,0,0,0,0,0.0,0.0,0.0,0.0,0.0,0.0,0.0,0.0,0.0,0.0,0.0,0.0,0.0,0.0,0.0,0.0,0.0,0.0,0.0,0.0
420076033001,42007603300,Beaver,1871.0,40.678185,-80.26898,1615.0,36.0,1336.0,40.0,0.0,0.0,0.0,0.0,203.0,1615.0,413.0,327.0,691.0,103.0,172.0,150.0,60.0,206.0,691.0,24.0,353.0,1959.37,277.39,774.71,0.0,0.0,0.0,0.0,0.0,0.0,0.0,0.0,0.0,0.0,0.0,0.0,0.0,0.0,0.0,0.0,0.0,0.0,0.0,0.0,0.0,0.0,0.0,0.0,0.0,0.0,0.0,0,0,0,0,0,0,0,0,0,0,0.0,0.0,0.0,0.0,0.0,0.0,0.0,0.0,0.0,0.0,0.0,0.0,0.0,0.0,0.0,0.0,0.0,0.0,0.0,0.0
420076033002,42007603300,Beaver,1940.0,40.681942,-80.282026,2399.0,19.0,2237.0,15.0,0.0,0.0,0.0,0.0,128.0,2399.0,672.0,383.0,887.0,174.0,119.0,66.0,136.0,392.0,887.0,125.0,189.0,2031.63,287.61,803.29,0.0,0.0,0.0,0.0,0.0,0.0,0.0,0.0,0.0,0.0,0.0,0.0,0.0,0.0,0.0,0.0,0.0,0.0,0.0,0.0,0.0,0.0,0.0,0.0,0.0,0.0,0.0,0,0,0,0,0,0,0,0,0,0,0.0,0.0,0.0,0.0,0.0,0.0,0.0,0.0,0.0,0.0,0.0,0.0,0.0,0.0,0.0,0.0,0.0,0.0,0.0,0.0
420076034001,42007603400,Beaver,1185.0,40.691741,-80.276741,1107.0,93.0,969.0,0.0,0.0,16.0,0.0,0.0,29.0,1107.0,250.0,200.0,545.0,37.0,150.0,84.0,90.0,184.0,545.0,35.0,215.0,980.53,201.2,495.17,10.45,0.0,0.0,0.0,0.0,0.0,0.0,0.0,0.0,0.0,0.0,0.0,0.0,0.0,0.0,0.0,0.0,0.0,0.0,0.0,0.0,0.0,0.0,0.0,0.0,0.0,0.0,0,0,0,0,0,0,0,0,0,0,0.0,0.0,0.0,0.0,0.0,0.0,0.0,0.0,0.0,0.0,0.0,0.0,0.0,0.0,0.0,0.0,0.0,0.0,0.0,0.0
420076034002,42007603400,Beaver,629.0,40.689941,-80.278242,398.0,101.0,267.0,6.0,0.0,0.0,0.0,0.0,24.0,398.0,92.0,94.0,213.0,81.0,57.0,6.0,29.0,40.0,213.0,47.0,102.0,520.47,106.8,262.83,5.55,0.0,0.0,0.0,0.0,0.0,0.0,0.0,0.0,0.0,0.0,0.0,0.0,0.0,0.0,0.0,0.0,0.0,0.0,0.0,0.0,0.0,0.0,0.0,0.0,0.0,0.0,0,0,0,0,0,0,0,0,0,0,0.0,0.0,0.0,0.0,0.0,0.0,0.0,0.0,0.0,0.0,0.0,0.0,0.0,0.0,0.0,0.0,0.0,0.0,0.0,0.0
420076035001,42007603500,Beaver,834.0,40.680999,-80.248535,999.0,29.0,903.0,39.0,0.0,2.0,0.0,0.0,26.0,999.0,227.0,110.0,399.0,75.0,69.0,66.0,153.0,36.0,399.0,28.0,190.0,829.54,100.35,348.43,0.0,0.0,0.0,0.0,0.0,0.0,0.0,0.0,0.0,0.0,0.0,0.0,0.0,0.0,0.0,0.0,0.0,0.0,0.0,0.0,0.0,0.0,0.0,0.0,0.0,0.0,0.0,0,0,0,0,0,0,0,0,0,0,0.0,0.0,0.0,0.0,0.0,0.0,0.0,0.0,0.0,0.0,0.0,0.0,0.0,0.0,0.0,0.0,0.0,0.0,0.0,0.0
420076035002,42007603500,Beaver,662.0,40.689604,-80.255844,489.0,0.0,443.0,10.0,0.0,0.0,0.0,0.0,36.0,489.0,87.0,75.0,226.0,34.0,37.0,35.0,78.0,42.0,226.0,14.0,70.0,658.46,79.65,276.57,0.0,0.0,0.0,0.0,0.0,0.0,0.0,0.0,0.0,0.0,0.0,0.0,0.0,0.0,0.0,0.0,0.0,0.0,0.0,0.0,0.0,0.0,0.0,0.0,0.0,0.0,0.0,0,0,0,0,0,0,0,0,0,0,0.0,0.0,0.0,0.0,0.0,0.0,0.0,0.0,0.0,0.0,0.0,0.0,0.0,0.0,0.0,0.0,0.0,0.0,0.0,0.0
420076036001,42007603600,Beaver,2168.0,40.665076,-80.23487,2195.0,45.0,2006.0,24.0,0.0,0.0,0.0,0.0,120.0,2195.0,395.0,526.0,1052.0,218.0,196.0,157.0,137.0,344.0,1052.0,80.0,450.0,2195.0,355.0,1052.0,4.0,0.0,0.0,0.0,0.0,0.0,0.0,0.0,0.0,0.0,0.0,0.0,0.0,0.0,0.0,0.0,0.0,0.0,0.0,0.0,0.0,0.0,0.0,0.0,0.0,0.0,0.0,0,0,0,0,0,0,0,0,0,0,0.0,0.0,0.0,0.0,0.0,0.0,0.0,0.0,0.0,0.0,0.0,0.0,0.0,0.0,0.0,0.0,0.0,0.0,0.0,0.0
420076037001,42007603700,Beaver,1076.0,40.649037,-80.227694,931.0,16.0,893.0,4.0,0.0,0.0,0.0,0.0,18.0,931.0,18.0,468.0,476.0,67.0,63.0,228.0,23.0,95.0,476.0,82.0,226.0,1022.81,104.73,531.94,0.0,0.0,0.0,0.0,0.0,0.0,0.0,0.0,0.0,0.0,0.0,0.0,0.0,0.0,0.0,0.0,0.0,0.0,0.0,0.0,0.0,0.0,0.0,0.0,0.0,0.0,0.0,0,0,0,0,0,0,0,0,0,0,0.0,0.0,0.0,0.0,0.0,0.0,0.0,0.0,0.0,0.0,0.0,0.0,0.0,0.0,0.0,0.0,0.0,0.0,0.0,0.0
420076037002,42007603700,Beaver,754.0,40.64198,-80.221925,677.0,174.0,498.0,5.0,0.0,0.0,0.0,0.0,0.0,677.0,116.0,251.0,407.0,16.0,217.0,97.0,0.0,77.0,407.0,20.0,268.0,716.72,73.39,372.75,0.0,0.0,0.0,0.0,0.0,0.0,0.0,0.0,0.0,0.0,0.0,0.0,0.0,0.0,0.0,0.0,0.0,0.0,0.0,0.0,0.0,0.0,0.0,0.0,0.0,0.0,0.0,0,0,0,0,0,0,0,0,0,0,0.0,0.0,0.0,0.0,0.0,0.0,0.0,0.0,0.0,0.0,0.0,0.0,0.0,0.0,0.0,0.0,0.0,0.0,0.0,0.0
420076037003,42007603700,Beaver,1240.0,40.635447,-80.224279,1320.0,50.0,1265.0,0.0,0.0,0.0,0.0,0.0,5.0,1320.0,213.0,231.0,543.0,54.0,121.0,100.0,27.0,241.0,543.0,11.0,258.0,1178.7,120.7,613.01,0.0,0.0,0.0,0.0,0.0,0.0,0.0,0.0,0.0,0.0,0.0,0.0,0.0,0.0,0.0,0.0,0.0,0.0,0.0,0.0,0.0,0.0,0.0,0.0,0.0,0.0,0.0,0,0,0,0,0,0,0,0,0,0,0.0,0.0,0.0,0.0,0.0,0.0,0.0,0.0,0.0,0.0,0.0,0.0,0.0,0.0,0.0,0.0,0.0,0.0,0.0,0.0
420076037004,42007603700,Beaver,834.0,40.629935,-80.218918,915.0,0.0,868.0,0.0,0.0,0.0,0.0,0.0,47.0,915.0,175.0,214.0,504.0,38.0,130.0,129.0,115.0,92.0,504.0,12.0,314.0,792.77,81.18,412.3,0.0,0.0,0.0,0.0,0.0,0.0,0.0,0.0,0.0,0.0,0.0,0.0,0.0,0.0,0.0,0.0,0.0,0.0,0.0,0.0,0.0,0.0,0.0,0.0,0.0,0.0,0.0,0,0,0,0,0,0,0,0,0,0,0.0,0.0,0.0,0.0,0.0,0.0,0.0,0.0,0.0,0.0,0.0,0.0,0.0,0.0,0.0,0.0,0.0,0.0,0.0,0.0
420076038011,42007603801,Beaver,1881.0,40.664498,-80.212406,1802.0,30.0,1668.0,11.0,0.0,0.0,0.0,8.0,85.0,1802.0,294.0,455.0,764.0,36.0,75.0,178.0,156.0,319.0,764.0,72.0,131.0,1786.02,177.13,721.98,0.0,0.0,0.0,0.0,0.0,0.0,0.0,0.0,0.0,0.0,0.0,0.0,0.0,0.0,0.0,0.0,0.0,0.0,0.0,0.0,0.0,0.0,0.0,0.0,0.0,0.0,0.0,0,0,0,0,0,0,0,0,0,0,0.0,0.0,0.0,0.0,0.0,0.0,0.0,0.0,0.0,0.0,0.0,0.0,0.0,0.0,0.0,0.0,0.0,0.0,0.0,0.0
420076038012,42007603801,Beaver,1050.0,40.672185,-80.194253,981.0,0.0,944.0,13.0,0.0,0.0,0.0,0.0,24.0,981.0,126.0,326.0,361.0,14.0,25.0,77.0,40.0,205.0,361.0,0.0,83.0,996.98,98.87,403.02,0.0,0.0,0.0,0.0,0.0,0.0,0.0,0.0,0.0,0.0,0.0,0.0,0.0,0.0,0.0,0.0,0.0,0.0,0.0,0.0,0.0,0.0,0.0,0.0,0.0,0.0,0.0,0,0,0,0,0,0,0,0,0,0,0.0,0.0,0.0,0.0,0.0,0.0,0.0,0.0,0.0,0.0,0.0,0.0,0.0,0.0,0.0,0.0,0.0,0.0,0.0,0.0
420076038021,42007603802,Beaver,927.0,40.667688,-80.164452,920.0,0.0,920.0,0.0,0.0,0.0,0.0,0.0,0.0,920.0,68.0,351.0,392.0,0.0,26.0,109.0,45.0,212.0,392.0,0.0,56.0,981.23,109.65,397.92,0.0,0.0,0.0,0.0,0.0,0.0,0.0,0.0,0.0,0.0,0.0,0.0,0.0,0.0,0.0,0.0,0.0,0.0,0.0,0.0,0.0,0.0,0.0,0.0,0.0,0.0,0.0,0,0,0,0,0,0,0,0,0,0,0.0,0.0,0.0,0.0,0.0,0.0,0.0,0.0,0.0,0.0,0.0,0.0,0.0,0.0,0.0,0.0,0.0,0.0,0.0,0.0
420076038022,42007603802,Beaver,2218.0,40.654564,-80.167032,2409.0,0.0,2403.0,0.0,0.0,0.0,0.0,0.0,6.0,2409.0,465.0,616.0,958.0,82.0,78.0,263.0,23.0,512.0,958.0,17.0,132.0,2347.77,262.35,952.08,0.0,0.0,0.0,0.0,0.0,0.0,0.0,0.0,0.0,0.0,0.0,0.0,0.0,0.0,0.0,0.0,0.0,0.0,0.0,0.0,0.0,0.0,0.0,0.0,0.0,0.0,0.0,0,0,0,0,0,0,0,0,0,0,0.0,0.0,0.0,0.0,0.0,0.0,0.0,0.0,0.0,0.0,0.0,0.0,0.0,0.0,0.0,0.0,0.0,0.0,0.0,0.0
420076038031,42007603803,Beaver,2043.0,40.618883,-80.194645,1818.0,0.0,1562.0,36.0,0.0,0.0,0.0,0.0,220.0,1818.0,262.0,528.0,887.0,121.0,96.0,188.0,155.0,327.0,887.0,81.0,229.0,1955.79,268.39,889.0,0.0,0.0,0.0,0.0,0.0,0.0,0.0,0.0,0.0,0.0,0.0,0.0,0.0,0.0,0.0,0.0,0.0,0.0,0.0,0.0,0.0,0.0,0.0,0.0,0.0,0.0,0.0,0,0,0,0,0,0,0,0,0,0,0.0,0.0,0.0,0.0,0.0,0.0,0.0,0.0,0.0,0.0,0.0,0.0,0.0,0.0,0.0,0.0,0.0,0.0,0.0,0.0
420076038032,42007603803,Beaver,979.0,40.622827,-80.163726,1075.0,6.0,998.0,37.0,0.0,8.0,0.0,0.0,26.0,1075.0,190.0,252.0,428.0,56.0,46.0,107.0,7.0,212.0,428.0,0.0,58.0,937.21,128.61,426.0,0.0,0.0,0.0,0.0,0.0,0.0,0.0,0.0,0.0,0.0,0.0,0.0,0.0,0.0,0.0,0.0,0.0,0.0,0.0,0.0,0.0,0.0,0.0,0.0,0.0,0.0,0.0,0,0,0,0,0,0,0,0,0,0,0.0,0.0,0.0,0.0,0.0,0.0,0.0,0.0,0.0,0.0,0.0,0.0,0.0,0.0,0.0,0.0,0.0,0.0,0.0,0.0
420076039001,42007603900,Beaver,1655.0,40.613456,-80.220485,1648.0,248.0,1337.0,34.0,0.0,0.0,0.0,0.0,29.0,1648.0,272.0,534.0,775.0,110.0,163.0,179.0,87.0,236.0,775.0,25.0,234.0,1635.27,192.66,765.44,0.0,0.0,0.0,0.0,0.0,0.0,0.0,0.0,0.0,0.0,0.0,0.0,0.0,0.0,0.0,0.0,0.0,0.0,0.0,0.0,0.0,0.0,0.0,0.0,0.0,0.0,0.0,0,0,0,0,0,0,0,0,0,0,0.0,0.0,0.0,0.0,0.0,0.0,0.0,0.0,0.0,0.0,0.0,0.0,0.0,0.0,0.0,0.0,0.0,0.0,0.0,0.0
420076039002,42007603900,Beaver,1532.0,40.59357,-80.215043,1501.0,54.0,1262.0,79.0,2.0,6.0,0.0,0.0,98.0,1501.0,232.0,245.0,699.0,29.0,211.0,136.0,157.0,166.0,699.0,21.0,275.0,1513.73,178.34,708.56,0.0,0.0,0.0,0.0,0.0,0.0,0.0,0.0,0.0,0.0,0.0,0.0,0.0,0.0,0.0,0.0,0.0,0.0,0.0,0.0,0.0,0.0,0.0,0.0,0.0,0.0,0.0,0,0,0,0,0,0,0,0,0,0,0.0,0.0,0.0,0.0,0.0,0.0,0.0,0.0,0.0,0.0,0.0,0.0,0.0,0.0,0.0,0.0,0.0,0.0,0.0,0.0
420076040001,42007604000,Beaver,1296.0,40.600249,-80.223333,1792.0,201.0,816.0,659.0,0.0,0.0,0.0,0.0,116.0,1792.0,704.0,98.0,556.0,71.0,113.0,147.0,21.0,204.0,556.0,139.0,57.0,1364.95,112.91,554.57,4.0,0.0,0.0,0.0,0.0,0.0,0.0,0.0,0.0,0.0,0.0,0.0,0.0,0.0,0.0,0.0,0.0,0.0,0.0,0.0,0.0,0.0,0.0,0.0,0.0,0.0,0.0,0,0,0,0,0,0,0,0,0,0,0.0,0.0,0.0,0.0,0.0,0.0,0.0,0.0,0.0,0.0,0.0,0.0,0.0,0.0,0.0,0.0,0.0,0.0,0.0,0.0
420076040002,42007604000,Beaver,1298.0,40.593663,-80.223462,940.0,49.0,707.0,151.0,0.0,0.0,0.0,0.0,33.0,940.0,142.0,203.0,554.0,55.0,217.0,119.0,66.0,97.0,554.0,84.0,248.0,1367.05,113.09,555.43,4.0,0.2689,0.2689,0.0,0.0,0.2689,0.2689,0.0,0.0,0.2689,0.2689,0.0,0.0,0.2689,0.2689,0.0,0.0,0.0,0.2689,0.0,0.2689,12.7,10.2,9.0,9.7,8.0,8.6,0,0,0,0,0,0,0,0,0,0,0.0,0.0,0.0,0.0,0.0,0.0,0.0,0.0,0.0,0.0,0.0,0.0,0.0,0.0,0.0,0.0,0.0,0.0,0.0,0.0
420076041001,42007604100,Beaver,1026.0,40.58197,-80.222733,820.0,10.0,684.0,114.0,0.0,0.0,0.0,0.0,12.0,820.0,72.0,139.0,422.0,120.0,120.0,111.0,18.0,53.0,422.0,148.0,139.0,1003.85,160.6,462.97,9.6,0.9405,0.9405,0.0,0.0,0.9405,0.9405,0.0,0.0,0.9405,0.9405,0.0,0.0,0.9405,0.3168,0.6238,0.0,0.0,0.9405,0.0,0.9405,45.1,35.7,32.0,33.9,28.2,30.1,1,1,1,1,1,1,1,0,0,1,0.6277,0.6277,0.0,0.0,0.6277,0.6277,0.0,0.0,0.6277,0.6277,0.0,0.0,0.6277,0.5263,0.1014,0.0,0.0,0.6199,0.0,0.6199
420076041002,42007604100,Beaver,902.0,40.586179,-80.227289,796.0,87.0,468.0,157.0,0.0,0.0,0.0,0.0,84.0,796.0,150.0,176.0,302.0,34.0,54.0,63.0,82.0,69.0,302.0,46.0,84.0,882.53,141.19,407.02,8.44,1.0,1.0,0.0,0.0,1.0,1.0,0.0,0.0,1.0,1.0,0.0,0.0,1.0,1.0,0.0,0.0,0.0,1.0,0.0,1.0,48.0,38.0,34.0,36.0,30.0,32.0,1,1,1,1,1,1,1,1,0,1,0.7184,0.7184,0.0,0.0,0.7184,0.7184,0.0,0.0,0.7184,0.7184,0.0,0.0,0.7184,0.4279,0.2905,0.0,0.0,0.592,0.0,0.592
420076041003,42007604100,Beaver,851.0,40.587458,-80.223727,1103.0,49.0,706.0,152.0,0.0,0.0,0.0,0.0,196.0,1103.0,148.0,95.0,530.0,239.0,42.0,105.0,0.0,144.0,530.0,168.0,267.0,832.63,133.21,384.01,7.96,0.772,0.772,0.0,0.0,0.772,0.772,0.0,0.0,0.772,0.772,0.0,0.0,0.772,0.6463,0.1257,0.0,0.0,0.7309,0.0,0.7309,36.1,28.6,25.5,27.1,22.5,24.0,1,1,1,1,1,1,1,1,0,1,0.0,0.0,0.0,0.0,0.0,0.0,0.0,0.0,0.0,0.0,0.0,0.0,0.0,0.0,0.0,0.0,0.0,0.0,0.0,0.0
420076042001,42007604200,Beaver,950.0,40.597264,-80.231296,904.0,115.0,566.0,95.0,0.0,0.0,0.0,0.0,128.0,904.0,166.0,221.0,468.0,131.0,108.0,98.0,60.0,71.0,468.0,86.0,254.0,854.94,227.55,459.85,0.0,0.3716,0.3716,0.0,0.0,0.3716,0.3716,0.0,0.0,0.3716,0.3716,0.0,0.0,0.3716,0.3632,0.0084,0.0,0.0,0.3632,0.0,0.3632,17.6,14.0,12.5,13.2,11.0,11.8,0,0,0,0,0,0,0,0,0,0,0.0421,0.0421,0.0,0.0,0.0421,0.0421,0.0,0.0,0.0421,0.0421,0.0,0.0,0.0421,0.0,0.0421,0.0,0.0,0.0,0.0,0.0
420076042002,42007604200,Beaver,649.0,40.590963,-80.229871,535.0,30.0,451.0,10.0,0.0,0.0,0.0,12.0,32.0,535.0,57.0,100.0,306.0,92.0,47.0,46.0,11.0,110.0,306.0,32.0,169.0,584.06,155.45,314.15,0.0,1.0,1.0,0.0,0.0,1.0,1.0,0.0,0.0,1.0,1.0,0.0,0.0,1.0,1.0,0.0,0.0,0.0,1.0,0.0,1.0,48.0,38.0,34.0,36.0,30.0,32.0,1,1,1,1,1,1,1,1,0,1,0.6271,0.8459,0.0,0.2188,0.6271,0.8459,0.0,0.2188,0.6271,0.8459,0.0,0.2188,0.6271,0.6271,0.0,0.0,0.0,0.6271,0.0,0.6271
420076045001,42007604500,Beaver,393.0,40.624635,-80.247206,415.0,18.0,206.0,168.0,0.0,0.0,0.0,0.0,23.0,415.0,49.0,109.0,215.0,83.0,56.0,22.0,54.0,0.0,215.0,29.0,138.0,332.21,108.08,159.35,4.85,0.0,0.0,0.0,0.0,0.0,0.0,0.0,0.0,0.0,0.0,0.0,0.0,0.0,0.0,0.0,0.0,0.0,0.0,0.0,0.0,0.0,0.0,0.0,0.0,0.0,0.0,0,0,0,0,0,0,0,0,0,0,0.0,0.0,0.0,0.0,0.0,0.0,0.0,0.0,0.0,0.0,0.0,0.0,0.0,0.0,0.0,0.0,0.0,0.0,0.0,0.0
420076045002,42007604500,Beaver,1427.0,40.616971,-80.253984,950.0,1.0,22.0,867.0,0.0,15.0,0.0,0.0,45.0,950.0,250.0,377.0,368.0,145.0,82.0,26.0,0.0,115.0,368.0,146.0,86.0,1206.25,392.44,578.6,17.61,0.0,0.0,0.0,0.0,0.0,0.0,0.0,0.0,0.0,0.0,0.0,0.0,0.0,0.0,0.0,0.0,0.0,0.0,0.0,0.0,0.0,0.0,0.0,0.0,0.0,0.0,0,0,0,0,0,0,0,0,0,0,0.0,0.0,0.0,0.0,0.0,0.0,0.0,0.0,0.0,0.0,0.0,0.0,0.0,0.0,0.0,0.0,0.0,0.0,0.0,0.0
420076045003,42007604500,Beaver,449.0,40.619943,-80.25857,557.0,73.0,0.0,484.0,0.0,0.0,0.0,0.0,0.0,557.0,38.0,52.0,337.0,80.0,67.0,146.0,11.0,33.0,337.0,125.0,201.0,379.54,123.48,182.05,5.54,0.0,0.0,0.0,0.0,0.0,0.0,0.0,0.0,0.0,0.0,0.0,0.0,0.0,0.0,0.0,0.0,0.0,0.0,0.0,0.0,0.0,0.0,0.0,0.0,0.0,0.0,0,0,0,0,0,0,0,0,0,0,0.0,0.0,0.0,0.0,0.0,0.0,0.0,0.0,0.0,0.0,0.0,0.0,0.0,0.0,0.0,0.0,0.0,0.0,0.0,0.0
420076046001,42007604600,Beaver,958.0,40.615183,-80.266957,839.0,30.0,529.0,222.0,0.0,0.0,0.0,0.0,58.0,839.0,145.0,183.0,574.0,207.0,132.0,107.0,23.0,105.0,574.0,149.0,340.0,978.96,221.87,574.8,22.29,0.0,0.0,0.0,0.0,0.0,0.0,0.0,0.0,0.0,0.0,0.0,0.0,0.0,0.0,0.0,0.0,0.0,0.0,0.0,0.0,0.0,0.0,0.0,0.0,0.0,0.0,0,0,0,0,0,0,0,0,0,0,0.0,0.0,0.0,0.0,0.0,0.0,0.0,0.0,0.0,0.0,0.0,0.0,0.0,0.0,0.0,0.0,0.0,0.0,0.0,0.0
420076046002,42007604600,Beaver,1215.0,40.613114,-80.275604,1187.0,0.0,1155.0,9.0,0.0,19.0,0.0,0.0,4.0,1187.0,134.0,264.0,668.0,145.0,130.0,173.0,59.0,161.0,668.0,45.0,238.0,1241.58,281.39,729.0,28.27,0.0,0.0,0.0,0.0,0.0,0.0,0.0,0.0,0.0,0.0,0.0,0.0,0.0,0.0,0.0,0.0,0.0,0.0,0.0,0.0,0.0,0.0,0.0,0.0,0.0,0.0,0,0,0,0,0,0,0,0,0,0,0.0,0.0,0.0,0.0,0.0,0.0,0.0,0.0,0.0,0.0,0.0,0.0,0.0,0.0,0.0,0.0,0.0,0.0,0.0,0.0
420076046003,42007604600,Beaver,707.0,40.609641,-80.284778,917.0,0.0,886.0,31.0,0.0,0.0,0.0,0.0,0.0,917.0,35.0,401.0,486.0,54.0,17.0,186.0,79.0,150.0,486.0,81.0,188.0,722.47,163.74,424.2,16.45,0.0,0.0,0.0,0.0,0.0,0.0,0.0,0.0,0.0,0.0,0.0,0.0,0.0,0.0,0.0,0.0,0.0,0.0,0.0,0.0,0.0,0.0,0.0,0.0,0.0,0.0,0,0,0,0,0,0,0,0,0,0,0.0,0.0,0.0,0.0,0.0,0.0,0.0,0.0,0.0,0.0,0.0,0.0,0.0,0.0,0.0,0.0,0.0,0.0,0.0,0.0
420076047001,42007604700,Beaver,1469.0,40.606123,-80.274697,1381.0,34.0,1003.0,197.0,0.0,21.0,0.0,30.0,96.0,1381.0,199.0,309.0,698.0,159.0,259.0,91.0,49.0,140.0,698.0,78.0,367.0,1356.0,352.0,698.0,12.0,0.0,0.0,0.0,0.0,0.0,0.0,0.0,0.0,0.0,0.0,0.0,0.0,0.0,0.0,0.0,0.0,0.0,0.0,0.0,0.0,0.0,0.0,0.0,0.0,0.0,0.0,0,0,0,0,0,0,0,0,0,0,0.0,0.0,0.0,0.0,0.0,0.0,0.0,0.0,0.0,0.0,0.0,0.0,0.0,0.0,0.0,0.0,0.0,0.0,0.0,0.0
420076048001,42007604800,Beaver,841.0,40.595384,-80.265509,984.0,0.0,747.0,85.0,0.0,0.0,0.0,0.0,152.0,984.0,263.0,86.0,405.0,98.0,69.0,78.0,105.0,55.0,405.0,0.0,75.0,900.69,116.62,397.64,3.97,0.0,0.0,0.0,0.0,0.0,0.0,0.0,0.0,0.0,0.0,0.0,0.0,0.0,0.0,0.0,0.0,0.0,0.0,0.0,0.0,0.0,0.0,0.0,0.0,0.0,0.0,0,0,0,0,0,0,0,0,0,0,0.0,0.0,0.0,0.0,0.0,0.0,0.0,0.0,0.0,0.0,0.0,0.0,0.0,0.0,0.0,0.0,0.0,0.0,0.0,0.0
420076048002,42007604800,Beaver,1297.0,40.596709,-80.257339,1080.0,0.0,1064.0,0.0,0.0,0.0,0.0,0.0,16.0,1080.0,85.0,206.0,539.0,112.0,44.0,34.0,66.0,283.0,539.0,105.0,175.0,1389.05,179.85,613.25,6.12,0.0,0.0,0.0,0.0,0.0,0.0,0.0,0.0,0.0,0.0,0.0,0.0,0.0,0.0,0.0,0.0,0.0,0.0,0.0,0.0,0.0,0.0,0.0,0.0,0.0,0.0,0,0,0,0,0,0,0,0,0,0,0.0,0.0,0.0,0.0,0.0,0.0,0.0,0.0,0.0,0.0,0.0,0.0,0.0,0.0,0.0,0.0,0.0,0.0,0.0,0.0
420076048003,42007604800,Beaver,2737.0,40.577867,-80.24739,3157.0,10.0,2602.0,152.0,0.0,0.0,0.0,0.0,393.0,3157.0,775.0,457.0,1361.0,248.0,394.0,142.0,64.0,513.0,1361.0,111.0,506.0,2931.26,379.53,1294.11,12.91,0.0,0.0,0.0,0.0,0.0,0.0,0.0,0.0,0.0,0.0,0.0,0.0,0.0,0.0,0.0,0.0,0.0,0.0,0.0,0.0,0.0,0.0,0.0,0.0,0.0,0.0,0,0,0,0,0,0,0,0,0,0,0.0,0.0,0.0,0.0,0.0,0.0,0.0,0.0,0.0,0.0,0.0,0.0,0.0,0.0,0.0,0.0,0.0,0.0,0.0,0.0
420076049011,42007604901,Beaver,1014.0,40.627136,-80.269681,1666.0,62.0,1429.0,139.0,0.0,0.0,0.0,0.0,36.0,1666.0,572.0,147.0,447.0,19.0,48.0,12.0,71.0,297.0,447.0,24.0,51.0,1058.58,63.47,412.05,2.77,0.0,0.0,0.0,0.0,0.0,0.0,0.0,0.0,0.0,0.0,0.0,0.0,0.0,0.0,0.0,0.0,0.0,0.0,0.0,0.0,0.0,0.0,0.0,0.0,0.0,0.0,0,0,0,0,0,0,0,0,0,0,0.0,0.0,0.0,0.0,0.0,0.0,0.0,0.0,0.0,0.0,0.0,0.0,0.0,0.0,0.0,0.0,0.0,0.0,0.0,0.0
420076049012,42007604901,Beaver,982.0,40.61128,-80.294135,1111.0,14.0,1073.0,11.0,0.0,0.0,0.0,0.0,13.0,1111.0,48.0,348.0,496.0,36.0,41.0,19.0,78.0,322.0,496.0,6.0,164.0,1025.17,61.47,399.04,2.68,0.0,0.0,0.0,0.0,0.0,0.0,0.0,0.0,0.0,0.0,0.0,0.0,0.0,0.0,0.0,0.0,0.0,0.0,0.0,0.0,0.0,0.0,0.0,0.0,0.0,0.0,0,0,0,0,0,0,0,0,0,0,0.0,0.0,0.0,0.0,0.0,0.0,0.0,0.0,0.0,0.0,0.0,0.0,0.0,0.0,0.0,0.0,0.0,0.0,0.0,0.0
420076049013,42007604901,Beaver,1049.0,40.602235,-80.286123,981.0,10.0,921.0,39.0,0.0,1.0,0.0,0.0,10.0,981.0,198.0,164.0,437.0,61.0,158.0,75.0,67.0,76.0,437.0,20.0,185.0,1095.12,65.66,426.27,2.87,0.0,0.0,0.0,0.0,0.0,0.0,0.0,0.0,0.0,0.0,0.0,0.0,0.0,0.0,0.0,0.0,0.0,0.0,0.0,0.0,0.0,0.0,0.0,0.0,0.0,0.0,0,0,0,0,0,0,0,0,0,0,0.0,0.0,0.0,0.0,0.0,0.0,0.0,0.0,0.0,0.0,0.0,0.0,0.0,0.0,0.0,0.0,0.0,0.0,0.0,0.0
420076049014,42007604901,Beaver,981.0,40.574485,-80.288691,689.0,0.0,509.0,0.0,0.0,40.0,0.0,0.0,140.0,689.0,213.0,142.0,256.0,48.0,19.0,66.0,26.0,97.0,256.0,15.0,85.0,1024.13,61.4,398.64,2.68,0.0,0.0,0.0,0.0,0.0,0.0,0.0,0.0,0.0,0.0,0.0,0.0,0.0,0.0,0.0,0.0,0.0,0.0,0.0,0.0,0.0,0.0,0.0,0.0,0.0,0.0,0,0,0,0,0,0,0,0,0,0,0.0,0.0,0.0,0.0,0.0,0.0,0.0,0.0,0.0,0.0,0.0,0.0,0.0,0.0,0.0,0.0,0.0,0.0,0.0,0.0
420076049021,42007604902,Beaver,995.0,40.592857,-80.272639,834.0,20.0,731.0,0.0,0.0,0.0,0.0,0.0,83.0,834.0,147.0,226.0,419.0,24.0,103.0,198.0,51.0,43.0,419.0,19.0,260.0,819.51,72.16,427.74,3.8,0.0,0.0,0.0,0.0,0.0,0.0,0.0,0.0,0.0,0.0,0.0,0.0,0.0,0.0,0.0,0.0,0.0,0.0,0.0,0.0,0.0,0.0,0.0,0.0,0.0,0.0,0,0,0,0,0,0,0,0,0,0,0.0,0.0,0.0,0.0,0.0,0.0,0.0,0.0,0.0,0.0,0.0,0.0,0.0,0.0,0.0,0.0,0.0,0.0,0.0,0.0
420076049022,42007604902,Beaver,1456.0,40.577697,-80.267129,1270.0,136.0,1024.0,30.0,0.0,54.0,0.0,0.0,26.0,1270.0,195.0,223.0,721.0,91.0,139.0,240.0,63.0,188.0,721.0,0.0,435.0,1199.2,105.59,625.92,5.56,0.0,0.0,0.0,0.0,0.0,0.0,0.0,0.0,0.0,0.0,0.0,0.0,0.0,0.0,0.0,0.0,0.0,0.0,0.0,0.0,0.0,0.0,0.0,0.0,0.0,0.0,0,0,0,0,0,0,0,0,0,0,0.0,0.0,0.0,0.0,0.0,0.0,0.0,0.0,0.0,0.0,0.0,0.0,0.0,0.0,0.0,0.0,0.0,0.0,0.0,0.0
420076049023,42007604902,Beaver,1380.0,40.560612,-80.262484,1260.0,35.0,1223.0,2.0,0.0,0.0,0.0,0.0,0.0,1260.0,213.0,327.0,573.0,14.0,97.0,49.0,196.0,217.0,573.0,0.0,201.0,1136.6,100.08,593.25,5.27,0.0,0.0,0.0,0.0,0.0,0.0,0.0,0.0,0.0,0.0,0.0,0.0,0.0,0.0,0.0,0.0,0.0,0.0,0.0,0.0,0.0,0.0,0.0,0.0,0.0,0.0,0,0,0,0,0,0,0,0,0,0,0.0,0.0,0.0,0.0,0.0,0.0,0.0,0.0,0.0,0.0,0.0,0.0,0.0,0.0,0.0,0.0,0.0,0.0,0.0,0.0
420076049024,42007604902,Beaver,1147.0,40.568637,-80.27721,747.0,139.0,500.0,0.0,0.0,91.0,0.0,0.0,17.0,747.0,107.0,164.0,427.0,69.0,96.0,142.0,45.0,75.0,427.0,0.0,236.0,944.7,83.18,493.09,4.38,0.0,0.0,0.0,0.0,0.0,0.0,0.0,0.0,0.0,0.0,0.0,0.0,0.0,0.0,0.0,0.0,0.0,0.0,0.0,0.0,0.0,0.0,0.0,0.0,0.0,0.0,0,0,0,0,0,0,0,0,0,0,0.0,0.0,0.0,0.0,0.0,0.0,0.0,0.0,0.0,0.0,0.0,0.0,0.0,0.0,0.0,0.0,0.0,0.0,0.0,0.0
420076050011,42007605001,Beaver,1215.0,40.565879,-80.331551,1094.0,15.0,1042.0,0.0,0.0,0.0,0.0,22.0,15.0,1094.0,166.0,263.0,459.0,34.0,59.0,77.0,91.0,198.0,459.0,6.0,49.0,1144.2,123.23,470.22,0.0,0.0,0.0,0.0,0.0,0.0,0.0,0.0,0.0,0.0,0.0,0.0,0.0,0.0,0.0,0.0,0.0,0.0,0.0,0.0,0.0,0.0,0.0,0.0,0.0,0.0,0.0,0,0,0,0,0,0,0,0,0,0,0.0,0.0,0.0,0.0,0.0,0.0,0.0,0.0,0.0,0.0,0.0,0.0,0.0,0.0,0.0,0.0,0.0,0.0,0.0,0.0
420076050012,42007605001,Beaver,1033.0,40.521408,-80.336885,1023.0,56.0,808.0,32.0,1.0,0.0,0.0,8.0,118.0,1023.0,208.0,202.0,411.0,45.0,65.0,50.0,60.0,191.0,411.0,8.0,67.0,972.8,104.77,399.78,0.0,0.0,0.0,0.0,0.0,0.0,0.0,0.0,0.0,0.0,0.0,0.0,0.0,0.0,0.0,0.0,0.0,0.0,0.0,0.0,0.0,0.0,0.0,0.0,0.0,0.0,0.0,0,0,0,0,0,0,0,0,0,0,0.0,0.0,0.0,0.0,0.0,0.0,0.0,0.0,0.0,0.0,0.0,0.0,0.0,0.0,0.0,0.0,0.0,0.0,0.0,0.0
420076050021,42007605002,Beaver,1095.0,40.507859,-80.487447,1122.0,0.0,1018.0,0.0,0.0,7.0,0.0,0.0,97.0,1122.0,338.0,155.0,378.0,37.0,88.0,53.0,82.0,118.0,378.0,40.0,44.0,1080.75,107.0,404.25,0.0,0.0,0.0,0.0,0.0,0.0,0.0,0.0,0.0,0.0,0.0,0.0,0.0,0.0,0.0,0.0,0.0,0.0,0.0,0.0,0.0,0.0,0.0,0.0,0.0,0.0,0.0,0,0,0,0,0,0,0,0,0,0,0.0,0.0,0.0,0.0,0.0,0.0,0.0,0.0,0.0,0.0,0.0,0.0,0.0,0.0,0.0,0.0,0.0,0.0,0.0,0.0
420076050022,42007605002,Beaver,1186.0,40.542504,-80.442839,1108.0,0.0,1072.0,2.0,0.0,15.0,0.0,0.0,19.0,1108.0,239.0,182.0,459.0,83.0,25.0,17.0,53.0,281.0,459.0,60.0,96.0,1170.57,115.89,437.85,0.0,0.0,0.0,0.0,0.0,0.0,0.0,0.0,0.0,0.0,0.0,0.0,0.0,0.0,0.0,0.0,0.0,0.0,0.0,0.0,0.0,0.0,0.0,0.0,0.0,0.0,0.0,0,0,0,0,0,0,0,0,0,0,0.0,0.0,0.0,0.0,0.0,0.0,0.0,0.0,0.0,0.0,0.0,0.0,0.0,0.0,0.0,0.0,0.0,0.0,0.0,0.0
420076050023,42007605002,Beaver,1178.0,40.517231,-80.391224,1184.0,0.0,1136.0,0.0,0.0,0.0,0.0,9.0,39.0,1184.0,325.0,241.0,440.0,12.0,36.0,94.0,91.0,207.0,440.0,0.0,70.0,1162.67,115.11,434.9,0.0,0.0,0.0,0.0,0.0,0.0,0.0,0.0,0.0,0.0,0.0,0.0,0.0,0.0,0.0,0.0,0.0,0.0,0.0,0.0,0.0,0.0,0.0,0.0,0.0,0.0,0.0,0,0,0,0,0,0,0,0,0,0,0.0,0.0,0.0,0.0,0.0,0.0,0.0,0.0,0.0,0.0,0.0,0.0,0.0,0.0,0.0,0.0,0.0,0.0,0.0,0.0
420076051001,42007605100,Beaver,720.0,40.841364,-80.194494,1063.0,0.0,1061.0,0.0,0.0,0.0,0.0,0.0,2.0,1063.0,141.0,145.0,364.0,0.0,18.0,52.0,97.0,197.0,364.0,0.0,38.0,696.15,76.62,295.23,0.0,0.0,0.0,0.0,0.0,0.0,0.0,0.0,0.0,0.0,0.0,0.0,0.0,0.0,0.0,0.0,0.0,0.0,0.0,0.0,0.0,0.0,0.0,0.0,0.0,0.0,0.0,0,0,0,0,0,0,0,0,0,0,0.0,0.0,0.0,0.0,0.0,0.0,0.0,0.0,0.0,0.0,0.0,0.0,0.0,0.0,0.0,0.0,0.0,0.0,0.0,0.0
420076051002,42007605100,Beaver,1471.0,40.826289,-80.221415,1089.0,1.0,1050.0,3.0,0.0,0.0,0.0,35.0,0.0,1089.0,118.0,200.0,529.0,62.0,60.0,71.0,103.0,233.0,529.0,23.0,150.0,1422.28,156.53,603.17,0.0,0.0,0.0,0.0,0.0,0.0,0.0,0.0,0.0,0.0,0.0,0.0,0.0,0.0,0.0,0.0,0.0,0.0,0.0,0.0,0.0,0.0,0.0,0.0,0.0,0.0,0.0,0,0,0,0,0,0,0,0,0,0,0.0,0.0,0.0,0.0,0.0,0.0,0.0,0.0,0.0,0.0,0.0,0.0,0.0,0.0,0.0,0.0,0.0,0.0,0.0,0.0
420076051003,42007605100,Beaver,798.0,40.786871,-80.201648,697.0,19.0,643.0,0.0,0.0,18.0,0.0,0.0,17.0,697.0,115.0,188.0,315.0,21.0,67.0,65.0,34.0,128.0,315.0,22.0,75.0,771.57,84.92,327.21,0.0,0.0,0.0,0.0,0.0,0.0,0.0,0.0,0.0,0.0,0.0,0.0,0.0,0.0,0.0,0.0,0.0,0.0,0.0,0.0,0.0,0.0,0.0,0.0,0.0,0.0,0.0,0,0,0,0,0,0,0,0,0,0,0.0,0.0,0.0,0.0,0.0,0.0,0.0,0.0,0.0,0.0,0.0,0.0,0.0,0.0,0.0,0.0,0.0,0.0,0.0,0.0
420076051004,42007605100,Beaver,1691.0,40.848346,-80.264096,1691.0,10.0,1587.0,0.0,0.0,0.0,0.0,0.0,94.0,1691.0,389.0,383.0,711.0,61.0,101.0,187.0,162.0,200.0,711.0,0.0,320.0,1634.99,179.94,693.38,0.0,0.0,0.0,0.0,0.0,0.0,0.0,0.0,0.0,0.0,0.0,0.0,0.0,0.0,0.0,0.0,0.0,0.0,0.0,0.0,0.0,0.0,0.0,0.0,0.0,0.0,0.0,0,0,0,0,0,0,0,0,0,0,0.0,0.0,0.0,0.0,0.0,0.0,0.0,0.0,0.0,0.0,0.0,0.0,0.0,0.0,0.0,0.0,0.0,0.0,0.0,0.0
420076052001,42007605200,Beaver,1316.0,40.766805,-80.336654,1138.0,1.0,986.0,77.0,0.0,0.0,0.0,0.0,74.0,1138.0,168.0,231.0,558.0,133.0,95.0,110.0,89.0,131.0,558.0,43.0,228.0,1288.75,199.68,611.62,0.0,0.0,0.0,0.0,0.0,0.0,0.0,0.0,0.0,0.0,0.0,0.0,0.0,0.0,0.0,0.0,0.0,0.0,0.0,0.0,0.0,0.0,0.0,0.0,0.0,0.0,0.0,0,0,0,0,0,0,0,0,0,0,0.0,0.0,0.0,0.0,0.0,0.0,0.0,0.0,0.0,0.0,0.0,0.0,0.0,0.0,0.0,0.0,0.0,0.0,0.0,0.0
420076052002,42007605200,Beaver,1195.0,40.779848,-80.338086,1332.0,4.0,1274.0,0.0,0.0,0.0,0.0,0.0,54.0,1332.0,242.0,219.0,609.0,124.0,97.0,153.0,90.0,145.0,609.0,29.0,198.0,1170.25,181.32,555.38,0.0,0.0,0.0,0.0,0.0,0.0,0.0,0.0,0.0,0.0,0.0,0.0,0.0,0.0,0.0,0.0,0.0,0.0,0.0,0.0,0.0,0.0,0.0,0.0,0.0,0.0,0.0,0,0,0,0,0,0,0,0,0,0,0.0,0.0,0.0,0.0,0.0,0.0,0.0,0.0,0.0,0.0,0.0,0.0,0.0,0.0,0.0,0.0,0.0,0.0,0.0,0.0
420076053001,42007605300,Beaver,553.0,40.834684,-80.340725,477.0,7.0,439.0,8.0,0.0,17.0,0.0,0.0,6.0,477.0,63.0,105.0,206.0,54.0,53.0,48.0,26.0,25.0,206.0,3.0,43.0,552.82,109.38,232.97,0.92,0.0,0.0,0.0,0.0,0.0,0.0,0.0,0.0,0.0,0.0,0.0,0.0,0.0,0.0,0.0,0.0,0.0,0.0,0.0,0.0,0.0,0.0,0.0,0.0,0.0,0.0,0,0,0,0,0,0,0,0,0,0,0.0,0.0,0.0,0.0,0.0,0.0,0.0,0.0,0.0,0.0,0.0,0.0,0.0,0.0,0.0,0.0,0.0,0.0,0.0,0.0
420076053002,42007605300,Beaver,1733.0,40.814935,-80.376459,1761.0,20.0,1607.0,7.0,0.0,87.0,0.0,0.0,40.0,1761.0,280.0,455.0,711.0,68.0,111.0,176.0,124.0,232.0,711.0,32.0,150.0,1732.42,342.78,730.08,2.89,0.0,0.0,0.0,0.0,0.0,0.0,0.0,0.0,0.0,0.0,0.0,0.0,0.0,0.0,0.0,0.0,0.0,0.0,0.0,0.0,0.0,0.0,0.0,0.0,0.0,0.0,0,0,0,0,0,0,0,0,0,0,0.0,0.0,0.0,0.0,0.0,0.0,0.0,0.0,0.0,0.0,0.0,0.0,0.0,0.0,0.0,0.0,0.0,0.0,0.0,0.0
420076053003,42007605300,Beaver,712.0,40.834656,-80.324614,759.0,0.0,671.0,3.0,0.0,0.0,0.0,20.0,65.0,759.0,144.0,133.0,346.0,56.0,67.0,48.0,84.0,91.0,346.0,7.0,151.0,711.76,140.83,299.95,1.19,0.0,0.0,0.0,0.0,0.0,0.0,0.0,0.0,0.0,0.0,0.0,0.0,0.0,0.0,0.0,0.0,0.0,0.0,0.0,0.0,0.0,0.0,0.0,0.0,0.0,0.0,0,0,0,0,0,0,0,0,0,0,0.0,0.0,0.0,0.0,0.0,0.0,0.0,0.0,0.0,0.0,0.0,0.0,0.0,0.0,0.0,0.0,0.0,0.0,0.0,0.0
420076054001,42007605400,Beaver,745.0,40.705302,-80.298042,789.0,9.0,671.0,43.0,0.0,22.0,0.0,0.0,44.0,789.0,94.0,224.0,430.0,128.0,46.0,71.0,86.0,99.0,430.0,50.0,199.0,706.56,205.2,345.49,2.35,0.0,0.0,0.0,0.0,0.0,0.0,0.0,0.0,0.0,0.0,0.0,0.0,0.0,0.0,0.0,0.0,0.0,0.0,0.0,0.0,0.0,0.0,0.0,0.0,0.0,0.0,0,0,0,0,0,0,0,0,0,0,0.0,0.0,0.0,0.0,0.0,0.0,0.0,0.0,0.0,0.0,0.0,0.0,0.0,0.0,0.0,0.0,0.0,0.0,0.0,0.0
420076054002,42007605400,Beaver,1778.0,40.725827,-80.305776,1712.0,52.0,1163.0,392.0,0.0,5.0,0.0,0.0,100.0,1712.0,386.0,360.0,846.0,283.0,181.0,247.0,55.0,80.0,846.0,265.0,417.0,1686.27,489.73,824.54,5.61,0.0,0.0,0.0,0.0,0.0,0.0,0.0,0.0,0.0,0.0,0.0,0.0,0.0,0.0,0.0,0.0,0.0,0.0,0.0,0.0,0.0,0.0,0.0,0.0,0.0,0.0,0,0,0,0,0,0,0,0,0,0,0.0,0.0,0.0,0.0,0.0,0.0,0.0,0.0,0.0,0.0,0.0,0.0,0.0,0.0,0.0,0.0,0.0,0.0,0.0,0.0
420076054003,42007605400,Beaver,966.0,40.733973,-80.308857,808.0,139.0,637.0,8.0,0.0,0.0,0.0,0.0,24.0,808.0,215.0,95.0,342.0,73.0,13.0,145.0,52.0,59.0,342.0,64.0,143.0,916.16,266.07,447.98,3.05,0.0,0.0,0.0,0.0,0.0,0.0,0.0,0.0,0.0,0.0,0.0,0.0,0.0,0.0,0.0,0.0,0.0,0.0,0.0,0.0,0.0,0.0,0.0,0.0,0.0,0.0,0,0,0,0,0,0,0,0,0,0,0.0,0.0,0.0,0.0,0.0,0.0,0.0,0.0,0.0,0.0,0.0,0.0,0.0,0.0,0.0,0.0,0.0,0.0,0.0,0.0
420076055001,42007605500,Beaver,1799.0,40.659295,-80.308864,1622.0,0.0,1601.0,21.0,0.0,0.0,0.0,0.0,0.0,1622.0,478.0,399.0,621.0,31.0,118.0,15.0,157.0,300.0,621.0,0.0,186.0,1807.62,296.54,747.1,0.0,0.0,0.0,0.0,0.0,0.0,0.0,0.0,0.0,0.0,0.0,0.0,0.0,0.0,0.0,0.0,0.0,0.0,0.0,0.0,0.0,0.0,0.0,0.0,0.0,0.0,0.0,0,0,0,0,0,0,0,0,0,0,0.0,0.0,0.0,0.0,0.0,0.0,0.0,0.0,0.0,0.0,0.0,0.0,0.0,0.0,0.0,0.0,0.0,0.0,0.0,0.0
420076055002,42007605500,Beaver,1245.0,40.647964,-80.316338,887.0,88.0,684.0,55.0,0.0,0.0,0.0,0.0,60.0,887.0,79.0,307.0,376.0,26.0,126.0,29.0,0.0,195.0,376.0,26.0,122.0,1250.96,205.22,517.03,0.0,0.0,0.0,0.0,0.0,0.0,0.0,0.0,0.0,0.0,0.0,0.0,0.0,0.0,0.0,0.0,0.0,0.0,0.0,0.0,0.0,0.0,0.0,0.0,0.0,0.0,0.0,0,0,0,0,0,0,0,0,0,0,0.0,0.0,0.0,0.0,0.0,0.0,0.0,0.0,0.0,0.0,0.0,0.0,0.0,0.0,0.0,0.0,0.0,0.0,0.0,0.0
420076055003,42007605500,Beaver,1026.0,40.674245,-80.300394,1477.0,49.0,1379.0,39.0,0.0,10.0,0.0,0.0,0.0,1477.0,231.0,147.0,526.0,15.0,156.0,107.0,50.0,198.0,526.0,0.0,171.0,1030.91,169.12,426.08,0.0,0.0,0.0,0.0,0.0,0.0,0.0,0.0,0.0,0.0,0.0,0.0,0.0,0.0,0.0,0.0,0.0,0.0,0.0,0.0,0.0,0.0,0.0,0.0,0.0,0.0,0.0,0,0,0,0,0,0,0,0,0,0,0.0,0.0,0.0,0.0,0.0,0.0,0.0,0.0,0.0,0.0,0.0,0.0,0.0,0.0,0.0,0.0,0.0,0.0,0.0,0.0
420076055004,42007605500,Beaver,941.0,40.661844,-80.331415,1049.0,9.0,981.0,47.0,0.0,3.0,0.0,0.0,9.0,1049.0,133.0,235.0,558.0,6.0,243.0,94.0,77.0,138.0,558.0,6.0,228.0,945.51,155.11,390.78,0.0,0.0,0.0,0.0,0.0,0.0,0.0,0.0,0.0,0.0,0.0,0.0,0.0,0.0,0.0,0.0,0.0,0.0,0.0,0.0,0.0,0.0,0.0,0.0,0.0,0.0,0.0,0,0,0,0,0,0,0,0,0,0,0.0,0.0,0.0,0.0,0.0,0.0,0.0,0.0,0.0,0.0,0.0,0.0,0.0,0.0,0.0,0.0,0.0,0.0,0.0,0.0
420076056001,42007605600,Beaver,1039.0,40.718497,-80.286556,1013.0,5.0,779.0,27.0,0.0,26.0,0.0,0.0,176.0,1013.0,139.0,250.0,441.0,95.0,83.0,120.0,49.0,94.0,441.0,41.0,207.0,1054.54,174.75,456.07,0.0,0.0,0.0,0.0,0.0,0.0,0.0,0.0,0.0,0.0,0.0,0.0,0.0,0.0,0.0,0.0,0.0,0.0,0.0,0.0,0.0,0.0,0.0,0.0,0.0,0.0,0.0,0,0,0,0,0,0,0,0,0,0,0.0,0.0,0.0,0.0,0.0,0.0,0.0,0.0,0.0,0.0,0.0,0.0,0.0,0.0,0.0,0.0,0.0,0.0,0.0,0.0
420076056002,42007605600,Beaver,1672.0,40.713139,-80.270246,1727.0,12.0,1581.0,52.0,0.0,0.0,0.0,0.0,82.0,1727.0,238.0,435.0,705.0,119.0,134.0,113.0,72.0,267.0,705.0,5.0,212.0,1697.01,281.22,733.92,0.0,0.0,0.0,0.0,0.0,0.0,0.0,0.0,0.0,0.0,0.0,0.0,0.0,0.0,0.0,0.0,0.0,0.0,0.0,0.0,0.0,0.0,0.0,0.0,0.0,0.0,0.0,0,0,0,0,0,0,0,0,0,0,0.0,0.0,0.0,0.0,0.0,0.0,0.0,0.0,0.0,0.0,0.0,0.0,0.0,0.0,0.0,0.0,0.0,0.0,0.0,0.0
420076056003,42007605600,Beaver,565.0,40.69913,-80.267611,585.0,39.0,423.0,113.0,7.0,0.0,0.0,0.0,3.0,585.0,137.0,106.0,292.0,63.0,115.0,56.0,12.0,46.0,292.0,21.0,170.0,573.45,95.03,248.01,0.0,0.0,0.0,0.0,0.0,0.0,0.0,0.0,0.0,0.0,0.0,0.0,0.0,0.0,0.0,0.0,0.0,0.0,0.0,0.0,0.0,0.0,0.0,0.0,0.0,0.0,0.0,0,0,0,0,0,0,0,0,0,0,0.0,0.0,0.0,0.0,0.0,0.0,0.0,0.0,0.0,0.0,0.0,0.0,0.0,0.0,0.0,0.0,0.0,0.0,0.0,0.0
420076057001,42007605700,Beaver,720.0,40.613502,-80.247291,774.0,0.0,185.0,550.0,0.0,0.0,0.0,0.0,39.0,774.0,272.0,195.0,363.0,194.0,68.0,91.0,0.0,10.0,363.0,164.0,53.0,777.44,166.26,320.7,15.39,0.0,0.0,0.0,0.0,0.0,0.0,0.0,0.0,0.0,0.0,0.0,0.0,0.0,0.0,0.0,0.0,0.0,0.0,0.0,0.0,0.0,0.0,0.0,0.0,0.0,0.0,0,0,0,0,0,0,0,0,0,0,0.0,0.0,0.0,0.0,0.0,0.0,0.0,0.0,0.0,0.0,0.0,0.0,0.0,0.0,0.0,0.0,0.0,0.0,0.0,0.0
420076057002,42007605700,Beaver,1387.0,40.607418,-80.261723,1480.0,304.0,481.0,570.0,0.0,0.0,0.0,60.0,65.0,1480.0,329.0,263.0,562.0,92.0,173.0,115.0,34.0,148.0,562.0,55.0,242.0,1497.64,320.28,617.8,29.65,0.0,0.0,0.0,0.0,0.0,0.0,0.0,0.0,0.0,0.0,0.0,0.0,0.0,0.0,0.0,0.0,0.0,0.0,0.0,0.0,0.0,0.0,0.0,0.0,0.0,0.0,0,0,0,0,0,0,0,0,0,0,0.0,0.0,0.0,0.0,0.0,0.0,0.0,0.0,0.0,0.0,0.0,0.0,0.0,0.0,0.0,0.0,0.0,0.0,0.0,0.0
420076057003,42007605700,Beaver,513.0,40.637161,-80.24168,579.0,6.0,403.0,52.0,0.0,0.0,0.0,0.0,118.0,579.0,168.0,89.0,242.0,10.0,96.0,55.0,29.0,52.0,242.0,12.0,105.0,553.92,118.46,228.5,10.96,0.0,0.0,0.0,0.0,0.0,0.0,0.0,0.0,0.0,0.0,0.0,0.0,0.0,0.0,0.0,0.0,0.0,0.0,0.0,0.0,0.0,0.0,0.0,0.0,0.0,0.0,0,0,0,0,0,0,0,0,0,0,0.0,0.0,0.0,0.0,0.0,0.0,0.0,0.0,0.0,0.0,0.0,0.0,0.0,0.0,0.0,0.0,0.0,0.0,0.0,0.0
420076058001,42007605800,Beaver,1398.0,40.837584,-80.295585,1215.0,0.0,1208.0,0.0,0.0,0.0,0.0,0.0,7.0,1215.0,152.0,285.0,513.0,30.0,146.0,98.0,46.0,193.0,513.0,0.0,202.0,1385.18,254.64,585.99,0.0,0.0,0.0,0.0,0.0,0.0,0.0,0.0,0.0,0.0,0.0,0.0,0.0,0.0,0.0,0.0,0.0,0.0,0.0,0.0,0.0,0.0,0.0,0.0,0.0,0.0,0.0,0,0,0,0,0,0,0,0,0,0,0.0,0.0,0.0,0.0,0.0,0.0,0.0,0.0,0.0,0.0,0.0,0.0,0.0,0.0,0.0,0.0,0.0,0.0,0.0,0.0
420076058002,42007605800,Beaver,610.0,40.85245,-80.285656,621.0,6.0,615.0,0.0,0.0,0.0,0.0,0.0,0.0,621.0,73.0,71.0,312.0,35.0,36.0,20.0,59.0,162.0,312.0,38.0,167.0,604.4,111.11,255.69,0.0,0.0,0.0,0.0,0.0,0.0,0.0,0.0,0.0,0.0,0.0,0.0,0.0,0.0,0.0,0.0,0.0,0.0,0.0,0.0,0.0,0.0,0.0,0.0,0.0,0.0,0.0,0,0,0,0,0,0,0,0,0,0,0.0,0.0,0.0,0.0,0.0,0.0,0.0,0.0,0.0,0.0,0.0,0.0,0.0,0.0,0.0,0.0,0.0,0.0,0.0,0.0
420076058003,42007605800,Beaver,1328.0,40.816925,-80.262285,1045.0,0.0,1045.0,0.0,0.0,0.0,0.0,0.0,0.0,1045.0,273.0,266.0,461.0,73.0,135.0,65.0,20.0,168.0,461.0,0.0,91.0,1315.82,241.89,556.65,0.0,0.0,0.0,0.0,0.0,0.0,0.0,0.0,0.0,0.0,0.0,0.0,0.0,0.0,0.0,0.0,0.0,0.0,0.0,0.0,0.0,0.0,0.0,0.0,0.0,0.0,0.0,0,0,0,0,0,0,0,0,0,0,0.0,0.0,0.0,0.0,0.0,0.0,0.0,0.0,0.0,0.0,0.0,0.0,0.0,0.0,0.0,0.0,0.0,0.0,0.0,0.0
420076058004,42007605800,Beaver,1734.0,40.778929,-80.278668,1888.0,0.0,1845.0,0.0,0.0,11.0,0.0,32.0,0.0,1888.0,479.0,402.0,737.0,27.0,100.0,130.0,190.0,290.0,737.0,12.0,159.0,1718.09,315.84,726.83,0.0,0.0,0.0,0.0,0.0,0.0,0.0,0.0,0.0,0.0,0.0,0.0,0.0,0.0,0.0,0.0,0.0,0.0,0.0,0.0,0.0,0.0,0.0,0.0,0.0,0.0,0.0,0,0,0,0,0,0,0,0,0,0,0.0,0.0,0.0,0.0,0.0,0.0,0.0,0.0,0.0,0.0,0.0,0.0,0.0,0.0,0.0,0.0,0.0,0.0,0.0,0.0
420076058005,42007605800,Beaver,1035.0,40.797321,-80.301724,1308.0,0.0,1230.0,0.0,0.0,0.0,0.0,0.0,78.0,1308.0,124.0,328.0,536.0,55.0,89.0,105.0,80.0,207.0,536.0,18.0,159.0,1025.51,188.52,433.84,0.0,0.0,0.0,0.0,0.0,0.0,0.0,0.0,0.0,0.0,0.0,0.0,0.0,0.0,0.0,0.0,0.0,0.0,0.0,0.0,0.0,0.0,0.0,0.0,0.0,0.0,0.0,0,0,0,0,0,0,0,0,0,0,0.0,0.0,0.0,0.0,0.0,0.0,0.0,0.0,0.0,0.0,0.0,0.0,0.0,0.0,0.0,0.0,0.0,0.0,0.0,0.0
421298001001,42129800100,Westmoreland,1042.0,40.576641,-79.768694,945.0,0.0,522.0,251.0,0.0,0.0,0.0,57.0,115.0,945.0,102.0,270.0,575.0,353.0,115.0,68.0,22.0,17.0,575.0,180.0,305.0,940.0,288.0,575.0,8.0,0.0,0.999,0.0,0.999,0.0,0.999,0.0,0.999,0.0,0.999,0.0,0.999,0.0,0.0,0.0,0.0,0.0,0.0,0.0,0.0,0.0,32.0,0.0,30.0,0.0,26.0,0,1,0,1,0,1,0,0,0,0,0.0,0.4069,0.0,0.4069,0.0,0.4069,0.0,0.4069,0.0,0.4069,0.0,0.4069,0.0,0.0,0.0,0.0,0.0,0.0,0.0,0.0
421298002001,42129800200,Westmoreland,1282.0,40.575879,-79.76441,1331.0,135.0,719.0,453.0,0.0,0.0,0.0,0.0,24.0,1331.0,371.0,165.0,533.0,58.0,146.0,65.0,149.0,115.0,533.0,46.0,214.0,1331.0,181.0,533.0,0.0,0.0,0.8799,0.0,0.8799,0.0,0.8799,0.0,0.8799,0.0,0.8799,0.0,0.8799,0.0,0.0,0.0,0.0,0.0,0.0,0.0,0.0,0.0,28.2,0.0,26.4,0.0,22.9,0,1,0,1,0,1,0,0,0,0,0.0,0.305,0.0,0.305,0.0,0.305,0.0,0.305,0.0,0.305,0.0,0.305,0.0,0.0,0.0,0.0,0.0,0.0,0.0,0.0
421298003001,42129800300,Westmoreland,1207.0,40.578399,-79.759251,1167.0,25.0,853.0,270.0,0.0,0.0,0.0,0.0,19.0,1167.0,320.0,295.0,472.0,98.0,135.0,115.0,2.0,122.0,472.0,33.0,246.0,1197.14,198.21,532.99,2.96,0.0,0.6984,0.0,0.6984,0.0,0.6984,0.0,0.6984,0.0,0.6984,0.0,0.6984,0.0,0.0,0.0,0.0,0.0,0.0,0.0,0.0,0.0,22.3,0.0,21.0,0.0,18.2,0,1,0,1,0,1,0,0,0,0,0.0,0.2651,0.0,0.2651,0.0,0.2651,0.0,0.2651,0.0,0.2651,0.0,0.2651,0.0,0.0,0.0,0.0,0.0,0.0,0.0,0.0
421298003002,42129800300,Westmoreland,1241.0,40.582766,-79.76339,1261.0,0.0,967.0,272.0,0.0,0.0,0.0,0.0,22.0,1261.0,179.0,192.0,609.0,123.0,98.0,126.0,101.0,161.0,609.0,32.0,253.0,1230.86,203.79,548.01,3.04,0.0,0.7019,0.0,0.7019,0.0,0.7019,0.0,0.7019,0.0,0.7019,0.0,0.7019,0.0,0.0,0.0,0.0,0.0,0.0,0.0,0.0,0.0,22.5,0.0,21.1,0.0,18.2,0,1,0,1,0,1,0,0,0,0,0.0,0.1249,0.0,0.1249,0.0,0.1249,0.0,0.1249,0.0,0.1249,0.0,0.1249,0.0,0.0,0.0,0.0,0.0,0.0,0.0,0.0
421298004001,42129800400,Westmoreland,1405.0,40.588624,-79.757192,1444.0,40.0,1278.0,105.0,0.0,0.0,0.0,0.0,21.0,1444.0,222.0,360.0,685.0,132.0,247.0,81.0,74.0,151.0,685.0,70.0,306.0,1444.0,220.0,685.0,0.0,0.0,0.7125,0.0,0.7125,0.0,0.7125,0.0,0.7125,0.0,0.7125,0.0,0.7125,0.0,0.0,0.0,0.0,0.0,0.0,0.0,0.0,0.0,22.4,0.0,21.0,0.0,18.2,0,1,0,1,0,1,0,0,0,0,0.0,0.1046,0.0,0.1046,0.0,0.1046,0.0,0.1046,0.0,0.1046,0.0,0.1046,0.0,0.0,0.0,0.0,0.0,0.0,0.0,0.0
421298005001,42129800500,Westmoreland,924.0,40.581306,-79.744386,1118.0,0.0,1070.0,17.0,1.0,10.0,0.0,0.0,20.0,1118.0,183.0,237.0,491.0,53.0,43.0,120.0,67.0,208.0,491.0,0.0,187.0,986.86,109.73,454.56,0.0,0.0,0.0671,0.0,0.0671,0.0,0.0671,0.0,0.0671,0.0,0.0671,0.0,0.0671,0.0,0.0,0.0,0.0,0.0,0.0,0.0,0.0,0.0,2.1,0.0,2.0,0.0,1.7,0,0,0,0,0,0,0,0,0,0,0.0,0.0,0.0,0.0,0.0,0.0,0.0,0.0,0.0,0.0,0.0,0.0,0.0,0.0,0.0,0.0,0.0,0.0,0.0,0.0
421298005002,42129800500,Westmoreland,1560.0,40.57584,-79.753969,1535.0,1.0,1495.0,0.0,0.0,0.0,0.0,0.0,39.0,1535.0,293.0,498.0,731.0,68.0,62.0,271.0,90.0,240.0,731.0,20.0,287.0,1666.14,185.27,767.44,0.0,0.0,0.2385,0.0,0.2385,0.0,0.2385,0.0,0.2385,0.0,0.2385,0.0,0.2385,0.0,0.0,0.0,0.0,0.0,0.0,0.0,0.0,0.0,7.4,0.0,7.0,0.0,6.0,0,0,0,0,0,0,0,0,0,0,0.0,0.0199,0.0,0.0199,0.0,0.0199,0.0,0.0199,0.0,0.0199,0.0,0.0199,0.0,0.0,0.0,0.0,0.0,0.0,0.0,0.0
421298006001,42129800600,Westmoreland,892.0,40.570375,-79.762715,841.0,14.0,467.0,181.0,0.0,0.0,0.0,8.0,171.0,841.0,296.0,69.0,349.0,172.0,56.0,71.0,14.0,36.0,349.0,48.0,159.0,809.83,180.37,355.81,0.0,0.0,0.7511,0.0,0.7511,0.0,0.7511,0.0,0.7511,0.0,0.7511,0.0,0.7511,0.0,0.0,0.0,0.0,0.0,0.0,0.0,0.0,0.0,20.2,0.0,18.9,0.0,16.4,0,1,0,1,0,1,0,0,0,0,0.0,0.0123,0.0,0.0123,0.0,0.0123,0.0,0.0123,0.0,0.0123,0.0,0.0123,0.0,0.0,0.0,0.0,0.0,0.0,0.0,0.0
421298006002,42129800600,Westmoreland,1279.0,40.571415,-79.759061,1130.0,4.0,904.0,102.0,0.0,0.0,0.0,0.0,120.0,1130.0,193.0,194.0,517.0,110.0,303.0,28.0,44.0,32.0,517.0,36.0,312.0,1161.17,258.63,510.19,0.0,0.0719,0.1048,0.0,0.0328,0.0719,0.1048,0.0,0.0328,0.0719,0.1048,0.0,0.0328,0.0719,0.0719,0.0,0.0,0.0719,0.0719,0.0,0.0,4.5,8.9,2.7,7.6,2.7,5.8,0,0,0,0,0,0,0,0,0,0,0.0,0.0,0.0,0.0,0.0,0.0,0.0,0.0,0.0,0.0,0.0,0.0,0.0,0.0,0.0,0.0,0.0,0.0,0.0,0.0
421298007001,42129800700,Westmoreland,647.0,40.566259,-79.766514,474.0,0.0,152.0,223.0,0.0,0.0,0.0,0.0,99.0,474.0,0.0,141.0,474.0,391.0,68.0,15.0,0.0,0.0,474.0,350.0,124.0,609.13,188.34,449.11,21.73,0.6012,1.0,0.0,0.3988,0.6012,1.0,0.0,0.3988,0.6012,1.0,0.0,0.3988,0.6012,0.6012,0.0,0.0,0.6012,0.6012,0.0,0.0,37.9,82.5,22.8,70.9,22.8,54.9,1,1,1,1,1,1,1,1,1,1,0.2643,0.8161,0.0464,0.5981,0.2643,0.8161,0.0464,0.5981,0.2643,0.8161,0.0464,0.5981,0.2643,0.2179,0.0464,0.0,0.2643,0.2179,0.0464,0.0
421298007002,42129800700,Westmoreland,1318.0,40.558143,-79.762306,1376.0,248.0,785.0,290.0,0.0,0.0,0.0,0.0,53.0,1376.0,67.0,338.0,890.0,341.0,223.0,101.0,76.0,149.0,890.0,192.0,488.0,1240.87,383.66,914.89,44.27,0.2223,0.019,0.2033,0.0,0.2223,0.019,0.2033,0.0,0.2223,0.019,0.2033,0.0,0.2223,0.019,0.2033,0.0,0.2223,0.019,0.2033,0.0,14.0,2.2,8.4,1.9,8.4,1.4,0,0,0,0,0,0,0,0,0,0,0.0,0.0,0.0,0.0,0.0,0.0,0.0,0.0,0.0,0.0,0.0,0.0,0.0,0.0,0.0,0.0,0.0,0.0,0.0,0.0
421298008001,42129800800,Westmoreland,1714.0,40.557593,-79.752526,1627.0,0.0,1471.0,11.0,0.0,0.0,0.0,80.0,65.0,1627.0,282.0,410.0,793.0,129.0,114.0,130.0,142.0,278.0,793.0,81.0,333.0,1627.0,333.0,793.0,0.0,0.0,0.0,0.0,0.0,0.0,0.0,0.0,0.0,0.0,0.0,0.0,0.0,0.0,0.0,0.0,0.0,0.0,0.0,0.0,0.0,0.0,0.0,0.0,0.0,0.0,0.0,0,0,0,0,0,0,0,0,0,0,0.0,0.0,0.0,0.0,0.0,0.0,0.0,0.0,0.0,0.0,0.0,0.0,0.0,0.0,0.0,0.0,0.0,0.0,0.0,0.0
421298009001,42129800900,Westmoreland,1004.0,40.561811,-79.739305,1014.0,18.0,932.0,33.0,0.0,0.0,0.0,0.0,31.0,1014.0,243.0,106.0,482.0,189.0,63.0,34.0,114.0,82.0,482.0,168.0,97.0,1018.45,204.85,532.77,0.0,0.0,0.0,0.0,0.0,0.0,0.0,0.0,0.0,0.0,0.0,0.0,0.0,0.0,0.0,0.0,0.0,0.0,0.0,0.0,0.0,0.0,0.0,0.0,0.0,0.0,0.0,0,0,0,0,0,0,0,0,0,0,0.0,0.0,0.0,0.0,0.0,0.0,0.0,0.0,0.0,0.0,0.0,0.0,0.0,0.0,0.0,0.0,0.0,0.0,0.0,0.0
421298009002,42129800900,Westmoreland,1427.0,40.567069,-79.745646,1452.0,0.0,1354.0,73.0,0.0,0.0,0.0,0.0,25.0,1452.0,141.0,343.0,808.0,216.0,190.0,174.0,42.0,186.0,808.0,37.0,458.0,1447.55,291.15,757.23,0.0,0.0,0.0,0.0,0.0,0.0,0.0,0.0,0.0,0.0,0.0,0.0,0.0,0.0,0.0,0.0,0.0,0.0,0.0,0.0,0.0,0.0,0.0,0.0,0.0,0.0,0.0,0,0,0,0,0,0,0,0,0,0,0.0,0.0,0.0,0.0,0.0,0.0,0.0,0.0,0.0,0.0,0.0,0.0,0.0,0.0,0.0,0.0,0.0,0.0,0.0,0.0
421298010011,42129801001,Westmoreland,2660.0,40.583822,-79.726394,2902.0,51.0,2781.0,3.0,0.0,0.0,0.0,0.0,67.0,2902.0,613.0,788.0,1236.0,141.0,203.0,166.0,168.0,558.0,1236.0,101.0,462.0,2837.95,343.33,1230.44,11.25,0.0,0.0,0.0,0.0,0.0,0.0,0.0,0.0,0.0,0.0,0.0,0.0,0.0,0.0,0.0,0.0,0.0,0.0,0.0,0.0,0.0,0.0,0.0,0.0,0.0,0.0,0,0,0,0,0,0,0,0,0,0,0.0,0.0,0.0,0.0,0.0,0.0,0.0,0.0,0.0,0.0,0.0,0.0,0.0,0.0,0.0,0.0,0.0,0.0,0.0,0.0
421298010012,42129801001,Westmoreland,1361.0,40.585345,-79.737095,1483.0,0.0,1375.0,42.0,0.0,45.0,0.0,0.0,21.0,1483.0,291.0,344.0,624.0,18.0,195.0,56.0,77.0,278.0,624.0,62.0,186.0,1452.05,175.67,629.56,5.75,0.0,0.0081,0.0,0.0081,0.0,0.0081,0.0,0.0081,0.0,0.0081,0.0,0.0081,0.0,0.0,0.0,0.0,0.0,0.0,0.0,0.0,0.0,0.3,0.0,0.2,0.0,0.2,0,0,0,0,0,0,0,0,0,0,0.0,0.0,0.0,0.0,0.0,0.0,0.0,0.0,0.0,0.0,0.0,0.0,0.0,0.0,0.0,0.0,0.0,0.0,0.0,0.0
421298010021,42129801002,Westmoreland,1022.0,40.559738,-79.728806,974.0,0.0,912.0,7.0,1.0,17.0,0.0,0.0,37.0,974.0,203.0,272.0,415.0,50.0,65.0,122.0,64.0,114.0,415.0,14.0,146.0,856.51,147.59,418.51,5.97,0.0,0.0,0.0,0.0,0.0,0.0,0.0,0.0,0.0,0.0,0.0,0.0,0.0,0.0,0.0,0.0,0.0,0.0,0.0,0.0,0.0,0.0,0.0,0.0,0.0,0.0,0,0,0,0,0,0,0,0,0,0,0.0,0.0,0.0,0.0,0.0,0.0,0.0,0.0,0.0,0.0,0.0,0.0,0.0,0.0,0.0,0.0,0.0,0.0,0.0,0.0
421298010022,42129801002,Westmoreland,1547.0,40.57974,-79.699157,1179.0,73.0,1046.0,37.0,0.0,0.0,12.0,0.0,11.0,1179.0,122.0,485.0,637.0,180.0,75.0,74.0,93.0,215.0,637.0,103.0,203.0,1296.49,223.41,633.49,9.03,0.0,0.0,0.0,0.0,0.0,0.0,0.0,0.0,0.0,0.0,0.0,0.0,0.0,0.0,0.0,0.0,0.0,0.0,0.0,0.0,0.0,0.0,0.0,0.0,0.0,0.0,0,0,0,0,0,0,0,0,0,0,0.0,0.0,0.0,0.0,0.0,0.0,0.0,0.0,0.0,0.0,0.0,0.0,0.0,0.0,0.0,0.0,0.0,0.0,0.0,0.0
421298011001,42129801100,Westmoreland,717.0,40.606669,-79.703282,499.0,0.0,499.0,0.0,0.0,0.0,0.0,0.0,0.0,499.0,133.0,97.0,227.0,45.0,55.0,50.0,0.0,77.0,227.0,0.0,109.0,706.87,73.39,319.1,0.0,0.0,0.0,0.0,0.0,0.0,0.0,0.0,0.0,0.0,0.0,0.0,0.0,0.0,0.0,0.0,0.0,0.0,0.0,0.0,0.0,0.0,0.0,0.0,0.0,0.0,0.0,0,0,0,0,0,0,0,0,0,0,0.0,0.0,0.0,0.0,0.0,0.0,0.0,0.0,0.0,0.0,0.0,0.0,0.0,0.0,0.0,0.0,0.0,0.0,0.0,0.0
421298011002,42129801100,Westmoreland,1940.0,40.594883,-79.712561,1811.0,0.0,1781.0,24.0,3.0,0.0,0.0,0.0,3.0,1811.0,371.0,330.0,796.0,67.0,32.0,172.0,168.0,357.0,796.0,39.0,258.0,1912.6,198.58,863.39,0.0,0.0,0.0,0.0,0.0,0.0,0.0,0.0,0.0,0.0,0.0,0.0,0.0,0.0,0.0,0.0,0.0,0.0,0.0,0.0,0.0,0.0,0.0,0.0,0.0,0.0,0.0,0,0,0,0,0,0,0,0,0,0,0.0,0.0,0.0,0.0,0.0,0.0,0.0,0.0,0.0,0.0,0.0,0.0,0.0,0.0,0.0,0.0,0.0,0.0,0.0,0.0
421298011003,42129801100,Westmoreland,1367.0,40.592478,-79.720401,1472.0,54.0,1358.0,0.0,0.0,0.0,0.0,0.0,60.0,1472.0,295.0,289.0,716.0,29.0,211.0,102.0,42.0,332.0,716.0,122.0,291.0,1347.69,139.93,608.38,0.0,0.0,0.0,0.0,0.0,0.0,0.0,0.0,0.0,0.0,0.0,0.0,0.0,0.0,0.0,0.0,0.0,0.0,0.0,0.0,0.0,0.0,0.0,0.0,0.0,0.0,0.0,0,0,0,0,0,0,0,0,0,0,0.0,0.0,0.0,0.0,0.0,0.0,0.0,0.0,0.0,0.0,0.0,0.0,0.0,0.0,0.0,0.0,0.0,0.0,0.0,0.0
421298011004,42129801100,Westmoreland,1144.0,40.592871,-79.742646,1313.0,0.0,1259.0,0.0,0.0,0.0,0.0,0.0,54.0,1313.0,190.0,341.0,561.0,81.0,144.0,35.0,82.0,219.0,561.0,40.0,139.0,1127.84,117.1,509.13,0.0,0.0,0.2107,0.0,0.2107,0.0,0.2107,0.0,0.2107,0.0,0.2107,0.0,0.2107,0.0,0.0,0.0,0.0,0.0,0.0,0.0,0.0,0.0,3.4,0.0,3.2,0.0,2.7,0,0,0,0,0,0,0,0,0,0,0.0,0.0,0.0,0.0,0.0,0.0,0.0,0.0,0.0,0.0,0.0,0.0,0.0,0.0,0.0,0.0,0.0,0.0,0.0,0.0
421298012001,42129801200,Westmoreland,1551.0,40.626021,-79.676992,1351.0,0.0,1334.0,0.0,0.0,0.0,0.0,0.0,17.0,1351.0,174.0,332.0,623.0,136.0,92.0,118.0,78.0,199.0,623.0,47.0,192.0,1565.87,234.82,670.61,4.96,0.0,0.0,0.0,0.0,0.0,0.0,0.0,0.0,0.0,0.0,0.0,0.0,0.0,0.0,0.0,0.0,0.0,0.0,0.0,0.0,0.0,0.0,0.0,0.0,0.0,0.0,0,0,0,0,0,0,0,0,0,0,0.0,0.0,0.0,0.0,0.0,0.0,0.0,0.0,0.0,0.0,0.0,0.0,0.0,0.0,0.0,0.0,0.0,0.0,0.0,0.0
421298012002,42129801200,Westmoreland,1528.0,40.580648,-79.603005,1440.0,173.0,1065.0,57.0,0.0,0.0,0.0,0.0,145.0,1440.0,260.0,582.0,644.0,116.0,69.0,151.0,142.0,166.0,644.0,15.0,249.0,1542.65,231.34,660.67,4.88,0.0,0.0,0.0,0.0,0.0,0.0,0.0,0.0,0.0,0.0,0.0,0.0,0.0,0.0,0.0,0.0,0.0,0.0,0.0,0.0,0.0,0.0,0.0,0.0,0.0,0.0,0,0,0,0,0,0,0,0,0,0,0.0,0.0,0.0,0.0,0.0,0.0,0.0,0.0,0.0,0.0,0.0,0.0,0.0,0.0,0.0,0.0,0.0,0.0,0.0,0.0
421298012003,42129801200,Westmoreland,812.0,40.593015,-79.630278,1202.0,0.0,1146.0,0.0,0.0,0.0,0.0,56.0,0.0,1202.0,156.0,230.0,542.0,0.0,120.0,213.0,12.0,197.0,542.0,0.0,275.0,819.78,122.94,351.09,2.59,0.0,0.0,0.0,0.0,0.0,0.0,0.0,0.0,0.0,0.0,0.0,0.0,0.0,0.0,0.0,0.0,0.0,0.0,0.0,0.0,0.0,0.0,0.0,0.0,0.0,0.0,0,0,0,0,0,0,0,0,0,0,0.0,0.0,0.0,0.0,0.0,0.0,0.0,0.0,0.0,0.0,0.0,0.0,0.0,0.0,0.0,0.0,0.0,0.0,0.0,0.0
421298012004,42129801200,Westmoreland,1743.0,40.60423,-79.657498,1695.0,0.0,1683.0,0.0,0.0,0.0,0.0,0.0,12.0,1695.0,339.0,278.0,627.0,34.0,61.0,29.0,50.0,453.0,627.0,28.0,81.0,1759.71,263.89,753.63,5.57,0.0,0.0,0.0,0.0,0.0,0.0,0.0,0.0,0.0,0.0,0.0,0.0,0.0,0.0,0.0,0.0,0.0,0.0,0.0,0.0,0.0,0.0,0.0,0.0,0.0,0.0,0,0,0,0,0,0,0,0,0,0,0.0,0.0,0.0,0.0,0.0,0.0,0.0,0.0,0.0,0.0,0.0,0.0,0.0,0.0,0.0,0.0,0.0,0.0,0.0,0.0
421298013001,42129801300,Westmoreland,1343.0,40.634869,-79.639265,847.0,0.0,838.0,0.0,0.0,0.0,0.0,0.0,9.0,847.0,135.0,220.0,392.0,29.0,41.0,116.0,28.0,178.0,392.0,0.0,114.0,1262.52,160.07,538.46,0.0,0.0,0.0,0.0,0.0,0.0,0.0,0.0,0.0,0.0,0.0,0.0,0.0,0.0,0.0,0.0,0.0,0.0,0.0,0.0,0.0,0.0,0.0,0.0,0.0,0.0,0.0,0,0,0,0,0,0,0,0,0,0,0.0,0.0,0.0,0.0,0.0,0.0,0.0,0.0,0.0,0.0,0.0,0.0,0.0,0.0,0.0,0.0,0.0,0.0,0.0,0.0
421298013002,42129801300,Westmoreland,1269.0,40.633088,-79.617469,1190.0,0.0,1106.0,20.0,0.0,0.0,0.0,0.0,64.0,1190.0,209.0,279.0,550.0,59.0,117.0,88.0,94.0,192.0,550.0,21.0,167.0,1192.95,151.25,508.79,0.0,0.0,0.0,0.0,0.0,0.0,0.0,0.0,0.0,0.0,0.0,0.0,0.0,0.0,0.0,0.0,0.0,0.0,0.0,0.0,0.0,0.0,0.0,0.0,0.0,0.0,0.0,0,0,0,0,0,0,0,0,0,0,0.0,0.0,0.0,0.0,0.0,0.0,0.0,0.0,0.0,0.0,0.0,0.0,0.0,0.0,0.0,0.0,0.0,0.0,0.0,0.0
421298013003,42129801300,Westmoreland,1860.0,40.617705,-79.599578,2167.0,0.0,2017.0,25.0,0.0,25.0,0.0,0.0,100.0,2167.0,545.0,385.0,851.0,222.0,125.0,96.0,91.0,317.0,851.0,94.0,374.0,1748.53,221.69,745.75,0.0,0.0,0.0,0.0,0.0,0.0,0.0,0.0,0.0,0.0,0.0,0.0,0.0,0.0,0.0,0.0,0.0,0.0,0.0,0.0,0.0,0.0,0.0,0.0,0.0,0.0,0.0,0,0,0,0,0,0,0,0,0,0,0.0,0.0,0.0,0.0,0.0,0.0,0.0,0.0,0.0,0.0,0.0,0.0,0.0,0.0,0.0,0.0,0.0,0.0,0.0,0.0
421298014001,42129801400,Westmoreland,1815.0,40.596221,-79.576395,1595.0,52.0,1464.0,38.0,0.0,0.0,0.0,0.0,41.0,1595.0,361.0,256.0,751.0,168.0,155.0,253.0,89.0,86.0,751.0,45.0,396.0,1595.0,373.0,751.0,0.0,0.0,0.0,0.0,0.0,0.0,0.0,0.0,0.0,0.0,0.0,0.0,0.0,0.0,0.0,0.0,0.0,0.0,0.0,0.0,0.0,0.0,0.0,0.0,0.0,0.0,0.0,0,0,0,0,0,0,0,0,0,0,0.0,0.0,0.0,0.0,0.0,0.0,0.0,0.0,0.0,0.0,0.0,0.0,0.0,0.0,0.0,0.0,0.0,0.0,0.0,0.0
421298015001,42129801500,Westmoreland,1115.0,40.59832,-79.564517,991.0,55.0,891.0,22.0,0.0,2.0,0.0,0.0,21.0,991.0,178.0,151.0,436.0,67.0,124.0,109.0,59.0,77.0,436.0,46.0,219.0,1157.97,152.83,496.15,0.0,0.0,0.0,0.0,0.0,0.0,0.0,0.0,0.0,0.0,0.0,0.0,0.0,0.0,0.0,0.0,0.0,0.0,0.0,0.0,0.0,0.0,0.0,0.0,0.0,0.0,0.0,0,0,0,0,0,0,0,0,0,0,0.0,0.0,0.0,0.0,0.0,0.0,0.0,0.0,0.0,0.0,0.0,0.0,0.0,0.0,0.0,0.0,0.0,0.0,0.0,0.0
421298015002,42129801500,Westmoreland,1402.0,40.599992,-79.569786,1623.0,0.0,1382.0,26.0,0.0,0.0,0.0,0.0,215.0,1623.0,527.0,148.0,684.0,128.0,164.0,235.0,61.0,96.0,684.0,50.0,430.0,1456.03,192.17,623.85,0.0,0.0,0.0,0.0,0.0,0.0,0.0,0.0,0.0,0.0,0.0,0.0,0.0,0.0,0.0,0.0,0.0,0.0,0.0,0.0,0.0,0.0,0.0,0.0,0.0,0.0,0.0,0,0,0,0,0,0,0,0,0,0,0.0,0.0,0.0,0.0,0.0,0.0,0.0,0.0,0.0,0.0,0.0,0.0,0.0,0.0,0.0,0.0,0.0,0.0,0.0,0.0
421298016001,42129801600,Westmoreland,1345.0,40.603094,-79.56089,1433.0,51.0,1119.0,40.0,0.0,1.0,0.0,0.0,222.0,1433.0,424.0,243.0,636.0,197.0,176.0,88.0,80.0,95.0,636.0,70.0,440.0,1433.0,284.0,636.0,0.0,0.0,0.0,0.0,0.0,0.0,0.0,0.0,0.0,0.0,0.0,0.0,0.0,0.0,0.0,0.0,0.0,0.0,0.0,0.0,0.0,0.0,0.0,0.0,0.0,0.0,0.0,0,0,0,0,0,0,0,0,0,0,0.0,0.0,0.0,0.0,0.0,0.0,0.0,0.0,0.0,0.0,0.0,0.0,0.0,0.0,0.0,0.0,0.0,0.0,0.0,0.0
421298017011,42129801701,Westmoreland,2164.0,40.547748,-79.675051,2022.0,18.0,1908.0,36.0,0.0,48.0,0.0,0.0,12.0,2022.0,359.0,516.0,783.0,51.0,124.0,138.0,111.0,359.0,783.0,26.0,211.0,2022.0,188.0,783.0,0.0,0.0,0.0,0.0,0.0,0.0,0.0,0.0,0.0,0.0,0.0,0.0,0.0,0.0,0.0,0.0,0.0,0.0,0.0,0.0,0.0,0.0,0.0,0.0,0.0,0.0,0.0,0,0,0,0,0,0,0,0,0,0,0.0,0.0,0.0,0.0,0.0,0.0,0.0,0.0,0.0,0.0,0.0,0.0,0.0,0.0,0.0,0.0,0.0,0.0,0.0,0.0
421298017021,42129801702,Westmoreland,1327.0,40.473812,-79.608773,1333.0,0.0,1324.0,0.0,0.0,0.0,0.0,0.0,9.0,1333.0,402.0,257.0,496.0,28.0,146.0,89.0,50.0,183.0,496.0,9.0,142.0,1250.11,188.26,522.38,0.0,0.0,0.0,0.0,0.0,0.0,0.0,0.0,0.0,0.0,0.0,0.0,0.0,0.0,0.0,0.0,0.0,0.0,0.0,0.0,0.0,0.0,0.0,0.0,0.0,0.0,0.0,0,0,0,0,0,0,0,0,0,0,0.0,0.0,0.0,0.0,0.0,0.0,0.0,0.0,0.0,0.0,0.0,0.0,0.0,0.0,0.0,0.0,0.0,0.0,0.0,0.0
421298017022,42129801702,Westmoreland,1441.0,40.531519,-79.625688,1384.0,63.0,1298.0,9.0,0.0,0.0,0.0,0.0,14.0,1384.0,238.0,436.0,596.0,40.0,132.0,104.0,92.0,228.0,596.0,0.0,167.0,1357.5,204.44,567.26,0.0,0.0,0.0,0.0,0.0,0.0,0.0,0.0,0.0,0.0,0.0,0.0,0.0,0.0,0.0,0.0,0.0,0.0,0.0,0.0,0.0,0.0,0.0,0.0,0.0,0.0,0.0,0,0,0,0,0,0,0,0,0,0,0.0,0.0,0.0,0.0,0.0,0.0,0.0,0.0,0.0,0.0,0.0,0.0,0.0,0.0,0.0,0.0,0.0,0.0,0.0,0.0
421298017023,42129801702,Westmoreland,1581.0,40.512208,-79.626616,1380.0,0.0,1314.0,0.0,0.0,18.0,0.0,38.0,10.0,1380.0,177.0,501.0,620.0,80.0,106.0,124.0,39.0,271.0,620.0,8.0,119.0,1489.39,224.3,622.37,0.0,0.0,0.0,0.0,0.0,0.0,0.0,0.0,0.0,0.0,0.0,0.0,0.0,0.0,0.0,0.0,0.0,0.0,0.0,0.0,0.0,0.0,0.0,0.0,0.0,0.0,0.0,0,0,0,0,0,0,0,0,0,0,0.0,0.0,0.0,0.0,0.0,0.0,0.0,0.0,0.0,0.0,0.0,0.0,0.0,0.0,0.0,0.0,0.0,0.0,0.0,0.0
421298017031,42129801703,Westmoreland,1159.0,40.566294,-79.581529,1292.0,0.0,1261.0,20.0,0.0,0.0,0.0,0.0,11.0,1292.0,239.0,352.0,457.0,61.0,49.0,56.0,48.0,243.0,457.0,40.0,94.0,1186.44,165.11,478.42,0.0,0.0,0.0,0.0,0.0,0.0,0.0,0.0,0.0,0.0,0.0,0.0,0.0,0.0,0.0,0.0,0.0,0.0,0.0,0.0,0.0,0.0,0.0,0.0,0.0,0.0,0.0,0,0,0,0,0,0,0,0,0,0,0.0,0.0,0.0,0.0,0.0,0.0,0.0,0.0,0.0,0.0,0.0,0.0,0.0,0.0,0.0,0.0,0.0,0.0,0.0,0.0
421298017032,42129801703,Westmoreland,1375.0,40.517102,-79.582795,1454.0,11.0,1376.0,0.0,0.0,0.0,0.0,0.0,67.0,1454.0,291.0,506.0,589.0,37.0,139.0,93.0,22.0,298.0,589.0,45.0,128.0,1407.56,195.89,567.58,0.0,0.0,0.0,0.0,0.0,0.0,0.0,0.0,0.0,0.0,0.0,0.0,0.0,0.0,0.0,0.0,0.0,0.0,0.0,0.0,0.0,0.0,0.0,0.0,0.0,0.0,0.0,0,0,0,0,0,0,0,0,0,0,0.0,0.0,0.0,0.0,0.0,0.0,0.0,0.0,0.0,0.0,0.0,0.0,0.0,0.0,0.0,0.0,0.0,0.0,0.0,0.0
421298018011,42129801801,Westmoreland,788.0,40.577942,-79.574727,884.0,15.0,867.0,0.0,0.0,0.0,0.0,0.0,2.0,884.0,118.0,212.0,407.0,45.0,98.0,85.0,29.0,150.0,407.0,9.0,160.0,830.66,145.55,385.63,0.0,0.0,0.0,0.0,0.0,0.0,0.0,0.0,0.0,0.0,0.0,0.0,0.0,0.0,0.0,0.0,0.0,0.0,0.0,0.0,0.0,0.0,0.0,0.0,0.0,0.0,0.0,0,0,0,0,0,0,0,0,0,0,0.0,0.0,0.0,0.0,0.0,0.0,0.0,0.0,0.0,0.0,0.0,0.0,0.0,0.0,0.0,0.0,0.0,0.0,0.0,0.0
421298018012,42129801801,Westmoreland,1204.0,40.529197,-79.522039,1161.0,6.0,1139.0,0.0,0.0,0.0,0.0,10.0,6.0,1161.0,80.0,431.0,592.0,74.0,221.0,60.0,84.0,153.0,592.0,17.0,198.0,1269.18,222.39,589.22,0.0,0.0,0.0,0.0,0.0,0.0,0.0,0.0,0.0,0.0,0.0,0.0,0.0,0.0,0.0,0.0,0.0,0.0,0.0,0.0,0.0,0.0,0.0,0.0,0.0,0.0,0.0,0,0,0,0,0,0,0,0,0,0,0.0,0.0,0.0,0.0,0.0,0.0,0.0,0.0,0.0,0.0,0.0,0.0,0.0,0.0,0.0,0.0,0.0,0.0,0.0,0.0
421298018013,42129801801,Westmoreland,1776.0,40.512088,-79.490946,1927.0,53.0,1795.0,41.0,0.0,9.0,0.0,0.0,29.0,1927.0,311.0,473.0,845.0,162.0,174.0,116.0,173.0,220.0,845.0,54.0,251.0,1872.15,328.05,869.15,0.0,0.0,0.0,0.0,0.0,0.0,0.0,0.0,0.0,0.0,0.0,0.0,0.0,0.0,0.0,0.0,0.0,0.0,0.0,0.0,0.0,0.0,0.0,0.0,0.0,0.0,0.0,0,0,0,0,0,0,0,0,0,0,0.0,0.0,0.0,0.0,0.0,0.0,0.0,0.0,0.0,0.0,0.0,0.0,0.0,0.0,0.0,0.0,0.0,0.0,0.0,0.0
421298018021,42129801802,Westmoreland,1095.0,40.472007,-79.47537,819.0,9.0,659.0,29.0,0.0,0.0,0.0,0.0,122.0,819.0,150.0,171.0,302.0,22.0,45.0,74.0,74.0,87.0,302.0,6.0,98.0,865.83,88.1,389.12,3.15,0.0,0.0,0.0,0.0,0.0,0.0,0.0,0.0,0.0,0.0,0.0,0.0,0.0,0.0,0.0,0.0,0.0,0.0,0.0,0.0,0.0,0.0,0.0,0.0,0.0,0.0,0,0,0,0,0,0,0,0,0,0,0.0,0.0,0.0,0.0,0.0,0.0,0.0,0.0,0.0,0.0,0.0,0.0,0.0,0.0,0.0,0.0,0.0,0.0,0.0,0.0
421298018022,42129801802,Westmoreland,993.0,40.450935,-79.423683,832.0,0.0,826.0,0.0,0.0,0.0,0.0,0.0,6.0,832.0,77.0,198.0,440.0,108.0,59.0,58.0,70.0,145.0,440.0,17.0,110.0,785.17,79.9,352.88,2.85,0.0,0.0,0.0,0.0,0.0,0.0,0.0,0.0,0.0,0.0,0.0,0.0,0.0,0.0,0.0,0.0,0.0,0.0,0.0,0.0,0.0,0.0,0.0,0.0,0.0,0.0,0,0,0,0,0,0,0,0,0,0,0.0,0.0,0.0,0.0,0.0,0.0,0.0,0.0,0.0,0.0,0.0,0.0,0.0,0.0,0.0,0.0,0.0,0.0,0.0,0.0
421298019011,42129801901,Westmoreland,1007.0,40.451528,-79.548755,704.0,75.0,618.0,0.0,0.0,0.0,0.0,0.0,11.0,704.0,71.0,240.0,305.0,79.0,64.0,51.0,39.0,72.0,305.0,27.0,140.0,888.82,232.84,452.68,0.0,0.0,0.0,0.0,0.0,0.0,0.0,0.0,0.0,0.0,0.0,0.0,0.0,0.0,0.0,0.0,0.0,0.0,0.0,0.0,0.0,0.0,0.0,0.0,0.0,0.0,0.0,0,0,0,0,0,0,0,0,0,0,0.0,0.0,0.0,0.0,0.0,0.0,0.0,0.0,0.0,0.0,0.0,0.0,0.0,0.0,0.0,0.0,0.0,0.0,0.0,0.0
421298019012,42129801901,Westmoreland,947.0,40.39362,-79.579411,870.0,0.0,843.0,0.0,4.0,0.0,0.0,0.0,23.0,870.0,24.0,513.0,595.0,167.0,157.0,122.0,101.0,48.0,595.0,8.0,438.0,835.86,218.97,425.7,0.0,0.0,0.0,0.0,0.0,0.0,0.0,0.0,0.0,0.0,0.0,0.0,0.0,0.0,0.0,0.0,0.0,0.0,0.0,0.0,0.0,0.0,0.0,0.0,0.0,0.0,0.0,0,0,0,0,0,0,0,0,0,0,0.0,0.0,0.0,0.0,0.0,0.0,0.0,0.0,0.0,0.0,0.0,0.0,0.0,0.0,0.0,0.0,0.0,0.0,0.0,0.0
421298019013,42129801901,Westmoreland,909.0,40.41452,-79.558995,956.0,0.0,841.0,112.0,3.0,0.0,0.0,0.0,0.0,956.0,183.0,223.0,387.0,25.0,40.0,28.0,146.0,148.0,387.0,25.0,99.0,802.32,210.18,408.62,0.0,0.0,0.0,0.0,0.0,0.0,0.0,0.0,0.0,0.0,0.0,0.0,0.0,0.0,0.0,0.0,0.0,0.0,0.0,0.0,0.0,0.0,0.0,0.0,0.0,0.0,0.0,0,0,0,0,0,0,0,0,0,0,0.0,0.0,0.0,0.0,0.0,0.0,0.0,0.0,0.0,0.0,0.0,0.0,0.0,0.0,0.0,0.0,0.0,0.0,0.0,0.0
421298019021,42129801902,Westmoreland,935.0,40.370947,-79.523991,942.0,0.0,942.0,0.0,0.0,0.0,0.0,0.0,0.0,942.0,198.0,341.0,395.0,34.0,107.0,23.0,26.0,205.0,395.0,0.0,39.0,1014.61,153.42,440.87,5.5,0.0,0.0,0.0,0.0,0.0,0.0,0.0,0.0,0.0,0.0,0.0,0.0,0.0,0.0,0.0,0.0,0.0,0.0,0.0,0.0,0.0,0.0,0.0,0.0,0.0,0.0,0,0,0,0,0,0,0,0,0,0,0.0,0.0,0.0,0.0,0.0,0.0,0.0,0.0,0.0,0.0,0.0,0.0,0.0,0.0,0.0,0.0,0.0,0.0,0.0,0.0
421298019022,42129801902,Westmoreland,1154.0,40.42045,-79.505208,1200.0,13.0,1187.0,0.0,0.0,0.0,0.0,0.0,0.0,1200.0,387.0,172.0,494.0,54.0,56.0,16.0,89.0,279.0,494.0,8.0,122.0,1252.25,189.36,544.13,6.79,0.0,0.0,0.0,0.0,0.0,0.0,0.0,0.0,0.0,0.0,0.0,0.0,0.0,0.0,0.0,0.0,0.0,0.0,0.0,0.0,0.0,0.0,0.0,0.0,0.0,0.0,0,0,0,0,0,0,0,0,0,0,0.0,0.0,0.0,0.0,0.0,0.0,0.0,0.0,0.0,0.0,0.0,0.0,0.0,0.0,0.0,0.0,0.0,0.0,0.0,0.0
421298019023,42129801902,Westmoreland,1141.0,40.382085,-79.46361,1363.0,0.0,1363.0,0.0,0.0,0.0,0.0,0.0,0.0,1363.0,132.0,253.0,634.0,125.0,83.0,87.0,41.0,298.0,634.0,138.0,129.0,1238.14,187.22,538.0,6.71,0.0,0.0,0.0,0.0,0.0,0.0,0.0,0.0,0.0,0.0,0.0,0.0,0.0,0.0,0.0,0.0,0.0,0.0,0.0,0.0,0.0,0.0,0.0,0.0,0.0,0.0,0,0,0,0,0,0,0,0,0,0,0.0,0.0,0.0,0.0,0.0,0.0,0.0,0.0,0.0,0.0,0.0,0.0,0.0,0.0,0.0,0.0,0.0,0.0,0.0,0.0
421298020011,42129802001,Westmoreland,1204.0,40.475928,-79.649722,1231.0,85.0,980.0,7.0,0.0,24.0,0.0,0.0,135.0,1231.0,240.0,291.0,429.0,15.0,39.0,86.0,51.0,238.0,429.0,28.0,60.0,1170.2,119.5,412.76,0.0,0.0,0.0,0.0,0.0,0.0,0.0,0.0,0.0,0.0,0.0,0.0,0.0,0.0,0.0,0.0,0.0,0.0,0.0,0.0,0.0,0.0,0.0,0.0,0.0,0.0,0.0,0,0,0,0,0,0,0,0,0,0,0.0,0.0,0.0,0.0,0.0,0.0,0.0,0.0,0.0,0.0,0.0,0.0,0.0,0.0,0.0,0.0,0.0,0.0,0.0,0.0
421298020012,42129802001,Westmoreland,1325.0,40.439421,-79.622935,1227.0,5.0,1062.0,91.0,0.0,57.0,7.0,5.0,0.0,1227.0,183.0,259.0,438.0,33.0,30.0,53.0,41.0,281.0,438.0,9.0,68.0,1287.8,131.5,454.24,0.0,0.0,0.0,0.0,0.0,0.0,0.0,0.0,0.0,0.0,0.0,0.0,0.0,0.0,0.0,0.0,0.0,0.0,0.0,0.0,0.0,0.0,0.0,0.0,0.0,0.0,0.0,0,0,0,0,0,0,0,0,0,0,0.0,0.0,0.0,0.0,0.0,0.0,0.0,0.0,0.0,0.0,0.0,0.0,0.0,0.0,0.0,0.0,0.0,0.0,0.0,0.0
421298020031,42129802003,Westmoreland,1048.0,40.41546,-79.567773,771.0,16.0,728.0,0.0,0.0,21.0,0.0,0.0,6.0,771.0,175.0,164.0,395.0,60.0,97.0,53.0,56.0,129.0,395.0,0.0,183.0,1021.5,137.06,509.87,16.15,0.0,0.0,0.0,0.0,0.0,0.0,0.0,0.0,0.0,0.0,0.0,0.0,0.0,0.0,0.0,0.0,0.0,0.0,0.0,0.0,0.0,0.0,0.0,0.0,0.0,0.0,0,0,0,0,0,0,0,0,0,0,0.0,0.0,0.0,0.0,0.0,0.0,0.0,0.0,0.0,0.0,0.0,0.0,0.0,0.0,0.0,0.0,0.0,0.0,0.0,0.0
421298020032,42129802003,Westmoreland,1352.0,40.409659,-79.588695,1418.0,26.0,1196.0,1.0,0.0,164.0,0.0,0.0,31.0,1418.0,222.0,459.0,689.0,106.0,182.0,39.0,89.0,273.0,689.0,10.0,271.0,1317.81,176.82,657.76,20.84,0.0,0.0,0.0,0.0,0.0,0.0,0.0,0.0,0.0,0.0,0.0,0.0,0.0,0.0,0.0,0.0,0.0,0.0,0.0,0.0,0.0,0.0,0.0,0.0,0.0,0.0,0,0,0,0,0,0,0,0,0,0,0.0,0.0,0.0,0.0,0.0,0.0,0.0,0.0,0.0,0.0,0.0,0.0,0.0,0.0,0.0,0.0,0.0,0.0,0.0,0.0
421298020033,42129802003,Westmoreland,1752.0,40.415037,-79.578105,1858.0,0.0,1718.0,15.0,0.0,97.0,0.0,0.0,28.0,1858.0,267.0,465.0,936.0,234.0,95.0,145.0,88.0,374.0,936.0,11.0,437.0,1707.69,229.13,852.37,27.01,0.0,0.0,0.0,0.0,0.0,0.0,0.0,0.0,0.0,0.0,0.0,0.0,0.0,0.0,0.0,0.0,0.0,0.0,0.0,0.0,0.0,0.0,0.0,0.0,0.0,0.0,0,0,0,0,0,0,0,0,0,0,0.0,0.0,0.0,0.0,0.0,0.0,0.0,0.0,0.0,0.0,0.0,0.0,0.0,0.0,0.0,0.0,0.0,0.0,0.0,0.0
421298020041,42129802004,Westmoreland,1999.0,40.406235,-79.621673,1867.0,30.0,1392.0,149.0,0.0,174.0,0.0,0.0,122.0,1867.0,491.0,396.0,621.0,11.0,48.0,43.0,94.0,425.0,621.0,12.0,68.0,1808.44,209.24,767.75,8.24,0.0,0.0,0.0,0.0,0.0,0.0,0.0,0.0,0.0,0.0,0.0,0.0,0.0,0.0,0.0,0.0,0.0,0.0,0.0,0.0,0.0,0.0,0.0,0.0,0.0,0.0,0,0,0,0,0,0,0,0,0,0,0.0,0.0,0.0,0.0,0.0,0.0,0.0,0.0,0.0,0.0,0.0,0.0,0.0,0.0,0.0,0.0,0.0,0.0,0.0,0.0
421298020042,42129802004,Westmoreland,1641.0,40.415685,-79.617686,1426.0,0.0,1181.0,28.0,0.0,24.0,0.0,6.0,187.0,1426.0,213.0,273.0,777.0,116.0,139.0,153.0,188.0,181.0,777.0,46.0,331.0,1484.56,171.76,630.25,6.76,0.0,0.0,0.0,0.0,0.0,0.0,0.0,0.0,0.0,0.0,0.0,0.0,0.0,0.0,0.0,0.0,0.0,0.0,0.0,0.0,0.0,0.0,0.0,0.0,0.0,0.0,0,0,0,0,0,0,0,0,0,0,0.0,0.0,0.0,0.0,0.0,0.0,0.0,0.0,0.0,0.0,0.0,0.0,0.0,0.0,0.0,0.0,0.0,0.0,0.0,0.0
421298021011,42129802101,Westmoreland,1327.0,40.477567,-79.697853,996.0,8.0,802.0,0.0,0.0,78.0,0.0,0.0,108.0,996.0,188.0,439.0,502.0,0.0,71.0,81.0,33.0,317.0,502.0,20.0,199.0,1300.76,127.4,547.45,0.0,0.0279,0.0279,0.0,0.0,0.0279,0.0279,0.0,0.0,0.0,0.0,0.0,0.0,0.0,0.0,0.0,0.0,0.0,0.0,0.0,0.0,0.5,0.4,0.0,0.0,0.0,0.0,0,0,0,0,0,0,0,0,0,0,0.0,0.0,0.0,0.0,0.0,0.0,0.0,0.0,0.0,0.0,0.0,0.0,0.0,0.0,0.0,0.0,0.0,0.0,0.0,0.0
421298021012,42129802101,Westmoreland,2655.0,40.445674,-79.69678,2888.0,0.0,2788.0,12.0,0.0,88.0,0.0,0.0,0.0,2888.0,478.0,866.0,1065.0,58.0,142.0,120.0,72.0,673.0,1065.0,23.0,333.0,2602.51,254.9,1095.31,0.0,0.0,0.0,0.0,0.0,0.0,0.0,0.0,0.0,0.0,0.0,0.0,0.0,0.0,0.0,0.0,0.0,0.0,0.0,0.0,0.0,0.0,0.0,0.0,0.0,0.0,0.0,0,0,0,0,0,0,0,0,0,0,0.0,0.0,0.0,0.0,0.0,0.0,0.0,0.0,0.0,0.0,0.0,0.0,0.0,0.0,0.0,0.0,0.0,0.0,0.0,0.0
421298021013,42129802101,Westmoreland,1278.0,40.442124,-79.684045,1372.0,66.0,1279.0,0.0,0.0,14.0,0.0,0.0,13.0,1372.0,294.0,512.0,603.0,34.0,39.0,106.0,17.0,407.0,603.0,0.0,138.0,1252.73,122.7,527.24,0.0,0.0,0.0,0.0,0.0,0.0,0.0,0.0,0.0,0.0,0.0,0.0,0.0,0.0,0.0,0.0,0.0,0.0,0.0,0.0,0.0,0.0,0.0,0.0,0.0,0.0,0.0,0,0,0,0,0,0,0,0,0,0,0.0,0.0,0.0,0.0,0.0,0.0,0.0,0.0,0.0,0.0,0.0,0.0,0.0,0.0,0.0,0.0,0.0,0.0,0.0,0.0
421298021021,42129802102,Westmoreland,2426.0,40.432757,-79.674372,2906.0,60.0,2609.0,11.0,0.0,143.0,0.0,0.0,83.0,2906.0,733.0,812.0,1123.0,0.0,294.0,37.0,90.0,702.0,1123.0,0.0,340.0,2573.04,238.32,1053.35,1.53,0.0,0.0,0.0,0.0,0.0,0.0,0.0,0.0,0.0,0.0,0.0,0.0,0.0,0.0,0.0,0.0,0.0,0.0,0.0,0.0,0.0,0.0,0.0,0.0,0.0,0.0,0,0,0,0,0,0,0,0,0,0,0.0,0.0,0.0,0.0,0.0,0.0,0.0,0.0,0.0,0.0,0.0,0.0,0.0,0.0,0.0,0.0,0.0,0.0,0.0,0.0
421298021022,42129802102,Westmoreland,1881.0,40.429853,-79.64885,1352.0,0.0,1233.0,59.0,0.0,42.0,0.0,0.0,18.0,1352.0,200.0,546.0,628.0,50.0,72.0,62.0,122.0,322.0,628.0,21.0,172.0,1995.01,184.78,816.72,1.18,0.0,0.0,0.0,0.0,0.0,0.0,0.0,0.0,0.0,0.0,0.0,0.0,0.0,0.0,0.0,0.0,0.0,0.0,0.0,0.0,0.0,0.0,0.0,0.0,0.0,0.0,0,0,0,0,0,0,0,0,0,0,0.0,0.0,0.0,0.0,0.0,0.0,0.0,0.0,0.0,0.0,0.0,0.0,0.0,0.0,0.0,0.0,0.0,0.0,0.0,0.0
421298021023,42129802102,Westmoreland,2045.0,40.471039,-79.678808,2493.0,30.0,2354.0,0.0,0.0,83.0,0.0,0.0,26.0,2493.0,399.0,999.0,1007.0,23.0,67.0,14.0,281.0,622.0,1007.0,0.0,120.0,2168.95,200.89,887.93,1.29,0.0,0.0,0.0,0.0,0.0,0.0,0.0,0.0,0.0,0.0,0.0,0.0,0.0,0.0,0.0,0.0,0.0,0.0,0.0,0.0,0.0,0.0,0.0,0.0,0.0,0.0,0,0,0,0,0,0,0,0,0,0,0.0,0.0,0.0,0.0,0.0,0.0,0.0,0.0,0.0,0.0,0.0,0.0,0.0,0.0,0.0,0.0,0.0,0.0,0.0,0.0
421298021031,42129802103,Westmoreland,1294.0,40.415111,-79.70807,1001.0,28.0,907.0,0.0,0.0,27.0,0.0,0.0,39.0,1001.0,136.0,422.0,427.0,39.0,23.0,62.0,58.0,245.0,427.0,14.0,94.0,1251.59,141.37,495.79,6.56,0.0,0.0,0.0,0.0,0.0,0.0,0.0,0.0,0.0,0.0,0.0,0.0,0.0,0.0,0.0,0.0,0.0,0.0,0.0,0.0,0.0,0.0,0.0,0.0,0.0,0.0,0,0,0,0,0,0,0,0,0,0,0.0,0.0,0.0,0.0,0.0,0.0,0.0,0.0,0.0,0.0,0.0,0.0,0.0,0.0,0.0,0.0,0.0,0.0,0.0,0.0
421298021032,42129802103,Westmoreland,1269.0,40.410849,-79.674994,1478.0,25.0,1258.0,0.0,0.0,141.0,20.0,8.0,26.0,1478.0,342.0,277.0,555.0,28.0,66.0,29.0,107.0,325.0,555.0,0.0,151.0,1227.41,138.63,486.21,6.44,0.0,0.0,0.0,0.0,0.0,0.0,0.0,0.0,0.0,0.0,0.0,0.0,0.0,0.0,0.0,0.0,0.0,0.0,0.0,0.0,0.0,0.0,0.0,0.0,0.0,0.0,0,0,0,0,0,0,0,0,0,0,0.0,0.0,0.0,0.0,0.0,0.0,0.0,0.0,0.0,0.0,0.0,0.0,0.0,0.0,0.0,0.0,0.0,0.0,0.0,0.0
421298022001,42129802200,Westmoreland,636.0,40.378645,-79.761292,613.0,0.0,477.0,39.0,0.0,20.0,0.0,0.0,77.0,613.0,210.0,159.0,231.0,22.0,40.0,69.0,27.0,73.0,231.0,0.0,103.0,628.12,111.55,272.77,0.0,0.0,0.0,0.0,0.0,0.0,0.0,0.0,0.0,0.0,0.0,0.0,0.0,0.0,0.0,0.0,0.0,0.0,0.0,0.0,0.0,0.0,0.0,0.0,0.0,0.0,0.0,0,0,0,0,0,0,0,0,0,0,0.0,0.0,0.0,0.0,0.0,0.0,0.0,0.0,0.0,0.0,0.0,0.0,0.0,0.0,0.0,0.0,0.0,0.0,0.0,0.0
421298022002,42129802200,Westmoreland,1754.0,40.384943,-79.757564,1900.0,27.0,1724.0,23.0,0.0,0.0,0.0,0.0,126.0,1900.0,360.0,218.0,874.0,251.0,142.0,253.0,57.0,171.0,874.0,90.0,428.0,1732.26,307.64,752.26,0.0,0.8888,0.0,0.8888,0.0,0.8888,0.0,0.8888,0.0,0.8888,0.0,0.8888,0.0,0.8888,0.0,0.8888,0.0,0.0,0.0,0.0,0.0,49.8,0.0,15.4,0.0,15.4,0.0,1,0,1,0,1,0,1,0,0,0,0.4379,0.0,0.4379,0.0,0.4379,0.0,0.4379,0.0,0.4379,0.0,0.4379,0.0,0.4379,0.0,0.4379,0.0,0.0,0.0,0.0,0.0
421298022003,42129802200,Westmoreland,837.0,40.391613,-79.741611,674.0,4.0,628.0,0.0,0.0,42.0,0.0,0.0,0.0,674.0,157.0,122.0,279.0,37.0,10.0,25.0,66.0,141.0,279.0,0.0,67.0,826.63,146.81,358.97,0.0,0.1243,0.0,0.1243,0.0,0.1243,0.0,0.1243,0.0,0.1243,0.0,0.1243,0.0,0.1243,0.0,0.1243,0.0,0.0,0.0,0.0,0.0,7.0,0.0,1.2,0.0,1.2,0.0,0,0,0,0,0,0,0,0,0,0,0.1027,0.0,0.1027,0.0,0.1027,0.0,0.1027,0.0,0.1027,0.0,0.1027,0.0,0.1027,0.0,0.1027,0.0,0.0,0.0,0.0,0.0
421298023011,42129802301,Westmoreland,1141.0,40.397136,-79.725588,1020.0,68.0,930.0,0.0,10.0,0.0,0.0,0.0,12.0,1020.0,264.0,269.0,359.0,0.0,48.0,55.0,24.0,232.0,359.0,0.0,29.0,1239.92,102.52,467.13,0.0,0.0,0.0,0.0,0.0,0.0,0.0,0.0,0.0,0.0,0.0,0.0,0.0,0.0,0.0,0.0,0.0,0.0,0.0,0.0,0.0,0.0,0.0,0.0,0.0,0.0,0.0,0,0,0,0,0,0,0,0,0,0,0.0,0.0,0.0,0.0,0.0,0.0,0.0,0.0,0.0,0.0,0.0,0.0,0.0,0.0,0.0,0.0,0.0,0.0,0.0,0.0
421298023012,42129802301,Westmoreland,2160.0,40.367126,-79.692495,2209.0,153.0,2036.0,0.0,0.0,0.0,0.0,0.0,20.0,2209.0,638.0,368.0,707.0,34.0,37.0,122.0,96.0,418.0,707.0,24.0,80.0,2347.26,194.08,884.3,0.0,0.0,0.0,0.0,0.0,0.0,0.0,0.0,0.0,0.0,0.0,0.0,0.0,0.0,0.0,0.0,0.0,0.0,0.0,0.0,0.0,0.0,0.0,0.0,0.0,0.0,0.0,0,0,0,0,0,0,0,0,0,0,0.0,0.0,0.0,0.0,0.0,0.0,0.0,0.0,0.0,0.0,0.0,0.0,0.0,0.0,0.0,0.0,0.0,0.0,0.0,0.0
421298023013,42129802301,Westmoreland,1037.0,40.38158,-79.719858,1233.0,0.0,1006.0,0.0,0.0,0.0,0.0,0.0,227.0,1233.0,159.0,249.0,428.0,16.0,12.0,101.0,0.0,299.0,428.0,0.0,34.0,1126.9,93.18,424.55,0.0,0.0,0.0,0.0,0.0,0.0,0.0,0.0,0.0,0.0,0.0,0.0,0.0,0.0,0.0,0.0,0.0,0.0,0.0,0.0,0.0,0.0,0.0,0.0,0.0,0.0,0.0,0,0,0,0,0,0,0,0,0,0,0.0,0.0,0.0,0.0,0.0,0.0,0.0,0.0,0.0,0.0,0.0,0.0,0.0,0.0,0.0,0.0,0.0,0.0,0.0,0.0
421298023014,42129802301,Westmoreland,1683.0,40.392674,-79.712752,2081.0,23.0,2058.0,0.0,0.0,0.0,0.0,0.0,0.0,2081.0,211.0,866.0,971.0,81.0,92.0,63.0,368.0,367.0,971.0,0.0,220.0,1828.91,151.22,689.02,0.0,0.0,0.0,0.0,0.0,0.0,0.0,0.0,0.0,0.0,0.0,0.0,0.0,0.0,0.0,0.0,0.0,0.0,0.0,0.0,0.0,0.0,0.0,0.0,0.0,0.0,0.0,0,0,0,0,0,0,0,0,0,0,0.0,0.0,0.0,0.0,0.0,0.0,0.0,0.0,0.0,0.0,0.0,0.0,0.0,0.0,0.0,0.0,0.0,0.0,0.0,0.0
421298023031,42129802303,Westmoreland,1816.0,40.348674,-79.641115,1621.0,33.0,1541.0,0.0,0.0,0.0,0.0,0.0,47.0,1621.0,261.0,382.0,744.0,56.0,83.0,87.0,68.0,450.0,744.0,14.0,210.0,1666.39,112.35,765.78,0.0,0.0,0.0,0.0,0.0,0.0,0.0,0.0,0.0,0.0,0.0,0.0,0.0,0.0,0.0,0.0,0.0,0.0,0.0,0.0,0.0,0.0,0.0,0.0,0.0,0.0,0.0,0,0,0,0,0,0,0,0,0,0,0.0,0.0,0.0,0.0,0.0,0.0,0.0,0.0,0.0,0.0,0.0,0.0,0.0,0.0,0.0,0.0,0.0,0.0,0.0,0.0
421298023032,42129802303,Westmoreland,1255.0,40.358217,-79.656508,1197.0,0.0,1160.0,37.0,0.0,0.0,0.0,0.0,0.0,1197.0,205.0,281.0,551.0,79.0,81.0,52.0,103.0,236.0,551.0,8.0,156.0,1151.61,77.65,529.22,0.0,0.0,0.0,0.0,0.0,0.0,0.0,0.0,0.0,0.0,0.0,0.0,0.0,0.0,0.0,0.0,0.0,0.0,0.0,0.0,0.0,0.0,0.0,0.0,0.0,0.0,0.0,0,0,0,0,0,0,0,0,0,0,0.0,0.0,0.0,0.0,0.0,0.0,0.0,0.0,0.0,0.0,0.0,0.0,0.0,0.0,0.0,0.0,0.0,0.0,0.0,0.0
421298023041,42129802304,Westmoreland,2121.0,40.364623,-79.661161,1930.0,0.0,1673.0,0.0,0.0,14.0,0.0,0.0,243.0,1930.0,311.0,471.0,802.0,62.0,52.0,73.0,111.0,504.0,802.0,16.0,130.0,2192.27,260.59,846.54,0.0,0.0,0.0,0.0,0.0,0.0,0.0,0.0,0.0,0.0,0.0,0.0,0.0,0.0,0.0,0.0,0.0,0.0,0.0,0.0,0.0,0.0,0.0,0.0,0.0,0.0,0.0,0,0,0,0,0,0,0,0,0,0,0.0,0.0,0.0,0.0,0.0,0.0,0.0,0.0,0.0,0.0,0.0,0.0,0.0,0.0,0.0,0.0,0.0,0.0,0.0,0.0
421298023042,42129802304,Westmoreland,1786.0,40.373302,-79.642868,1511.0,54.0,1420.0,0.0,0.0,0.0,0.0,0.0,37.0,1511.0,343.0,385.0,625.0,95.0,118.0,62.0,48.0,302.0,625.0,30.0,195.0,1846.01,219.43,712.83,0.0,0.0,0.0,0.0,0.0,0.0,0.0,0.0,0.0,0.0,0.0,0.0,0.0,0.0,0.0,0.0,0.0,0.0,0.0,0.0,0.0,0.0,0.0,0.0,0.0,0.0,0.0,0,0,0,0,0,0,0,0,0,0,0.0,0.0,0.0,0.0,0.0,0.0,0.0,0.0,0.0,0.0,0.0,0.0,0.0,0.0,0.0,0.0,0.0,0.0,0.0,0.0
421298023043,42129802304,Westmoreland,1705.0,40.376148,-79.665495,1682.0,52.0,1630.0,0.0,0.0,0.0,0.0,0.0,0.0,1682.0,288.0,341.0,648.0,36.0,37.0,74.0,21.0,480.0,648.0,34.0,94.0,1762.29,209.48,680.51,0.0,0.0,0.0,0.0,0.0,0.0,0.0,0.0,0.0,0.0,0.0,0.0,0.0,0.0,0.0,0.0,0.0,0.0,0.0,0.0,0.0,0.0,0.0,0.0,0.0,0.0,0.0,0,0,0,0,0,0,0,0,0,0,0.0,0.0,0.0,0.0,0.0,0.0,0.0,0.0,0.0,0.0,0.0,0.0,0.0,0.0,0.0,0.0,0.0,0.0,0.0,0.0
421298023044,42129802304,Westmoreland,1233.0,40.390698,-79.65288,1952.0,54.0,1581.0,101.0,0.0,0.0,0.0,0.0,216.0,1952.0,398.0,161.0,657.0,0.0,28.0,57.0,32.0,540.0,657.0,0.0,55.0,1274.43,151.49,492.12,0.0,0.0,0.0,0.0,0.0,0.0,0.0,0.0,0.0,0.0,0.0,0.0,0.0,0.0,0.0,0.0,0.0,0.0,0.0,0.0,0.0,0.0,0.0,0.0,0.0,0.0,0.0,0,0,0,0,0,0,0,0,0,0,0.0,0.0,0.0,0.0,0.0,0.0,0.0,0.0,0.0,0.0,0.0,0.0,0.0,0.0,0.0,0.0,0.0,0.0,0.0,0.0
421298024001,42129802400,Westmoreland,2002.0,40.383281,-79.612629,2102.0,13.0,1944.0,65.0,0.0,0.0,0.0,0.0,80.0,2102.0,426.0,590.0,868.0,168.0,66.0,167.0,96.0,371.0,868.0,17.0,282.0,1962.13,262.88,804.88,0.0,0.0,0.0,0.0,0.0,0.0,0.0,0.0,0.0,0.0,0.0,0.0,0.0,0.0,0.0,0.0,0.0,0.0,0.0,0.0,0.0,0.0,0.0,0.0,0.0,0.0,0.0,0,0,0,0,0,0,0,0,0,0,0.0,0.0,0.0,0.0,0.0,0.0,0.0,0.0,0.0,0.0,0.0,0.0,0.0,0.0,0.0,0.0,0.0,0.0,0.0,0.0
421298024002,42129802400,Westmoreland,945.0,40.342937,-79.625099,841.0,0.0,795.0,0.0,0.0,0.0,0.0,0.0,46.0,841.0,141.0,160.0,364.0,54.0,99.0,65.0,25.0,121.0,364.0,46.0,93.0,926.18,124.09,379.93,0.0,0.0,0.0,0.0,0.0,0.0,0.0,0.0,0.0,0.0,0.0,0.0,0.0,0.0,0.0,0.0,0.0,0.0,0.0,0.0,0.0,0.0,0.0,0.0,0.0,0.0,0.0,0,0,0,0,0,0,0,0,0,0,0.0,0.0,0.0,0.0,0.0,0.0,0.0,0.0,0.0,0.0,0.0,0.0,0.0,0.0,0.0,0.0,0.0,0.0,0.0,0.0
421298024003,42129802400,Westmoreland,1371.0,40.35625,-79.589836,1435.0,0.0,1378.0,0.0,2.0,0.0,0.0,16.0,39.0,1435.0,360.0,339.0,504.0,81.0,79.0,100.0,27.0,217.0,504.0,5.0,105.0,1343.69,180.03,551.19,0.0,0.0,0.0,0.0,0.0,0.0,0.0,0.0,0.0,0.0,0.0,0.0,0.0,0.0,0.0,0.0,0.0,0.0,0.0,0.0,0.0,0.0,0.0,0.0,0.0,0.0,0.0,0,0,0,0,0,0,0,0,0,0,0.0,0.0,0.0,0.0,0.0,0.0,0.0,0.0,0.0,0.0,0.0,0.0,0.0,0.0,0.0,0.0,0.0,0.0,0.0,0.0
421298025001,42129802500,Westmoreland,1107.0,40.334153,-79.60215,958.0,0.0,897.0,23.0,0.0,0.0,0.0,0.0,38.0,958.0,82.0,302.0,515.0,126.0,127.0,73.0,58.0,131.0,515.0,46.0,202.0,978.16,235.6,561.65,0.0,0.0,0.0,0.0,0.0,0.0,0.0,0.0,0.0,0.0,0.0,0.0,0.0,0.0,0.0,0.0,0.0,0.0,0.0,0.0,0.0,0.0,0.0,0.0,0.0,0.0,0.0,0,0,0,0,0,0,0,0,0,0,0.0,0.0,0.0,0.0,0.0,0.0,0.0,0.0,0.0,0.0,0.0,0.0,0.0,0.0,0.0,0.0,0.0,0.0,0.0,0.0
421298025002,42129802500,Westmoreland,998.0,40.338101,-79.607812,902.0,103.0,739.0,5.0,0.0,20.0,0.0,0.0,35.0,902.0,128.0,289.0,553.0,172.0,130.0,64.0,110.0,77.0,553.0,31.0,269.0,881.84,212.4,506.35,0.0,0.0,0.0,0.0,0.0,0.0,0.0,0.0,0.0,0.0,0.0,0.0,0.0,0.0,0.0,0.0,0.0,0.0,0.0,0.0,0.0,0.0,0.0,0.0,0.0,0.0,0.0,0,0,0,0,0,0,0,0,0,0,0.0,0.0,0.0,0.0,0.0,0.0,0.0,0.0,0.0,0.0,0.0,0.0,0.0,0.0,0.0,0.0,0.0,0.0,0.0,0.0
421298026001,42129802600,Westmoreland,1307.0,40.332664,-79.620471,765.0,11.0,671.0,26.0,0.0,0.0,0.0,0.0,57.0,765.0,151.0,155.0,374.0,110.0,59.0,70.0,66.0,69.0,374.0,0.0,203.0,1376.32,269.33,667.28,0.0,0.0,0.0,0.0,0.0,0.0,0.0,0.0,0.0,0.0,0.0,0.0,0.0,0.0,0.0,0.0,0.0,0.0,0.0,0.0,0.0,0.0,0.0,0.0,0.0,0.0,0.0,0,0,0,0,0,0,0,0,0,0,0.0,0.0,0.0,0.0,0.0,0.0,0.0,0.0,0.0,0.0,0.0,0.0,0.0,0.0,0.0,0.0,0.0,0.0,0.0,0.0
421298026002,42129802600,Westmoreland,962.0,40.330161,-79.609168,1407.0,64.0,1100.0,122.0,0.0,0.0,0.0,0.0,121.0,1407.0,227.0,248.0,651.0,140.0,156.0,252.0,6.0,97.0,651.0,101.0,217.0,1013.02,198.24,491.14,0.0,0.0,0.0,0.0,0.0,0.0,0.0,0.0,0.0,0.0,0.0,0.0,0.0,0.0,0.0,0.0,0.0,0.0,0.0,0.0,0.0,0.0,0.0,0.0,0.0,0.0,0.0,0,0,0,0,0,0,0,0,0,0,0.0,0.0,0.0,0.0,0.0,0.0,0.0,0.0,0.0,0.0,0.0,0.0,0.0,0.0,0.0,0.0,0.0,0.0,0.0,0.0
421298026003,42129802600,Westmoreland,861.0,40.333127,-79.613329,1125.0,0.0,885.0,214.0,0.0,0.0,0.0,0.0,26.0,1125.0,167.0,293.0,573.0,110.0,204.0,15.0,118.0,126.0,573.0,114.0,260.0,906.66,177.43,439.58,0.0,0.0,0.0,0.0,0.0,0.0,0.0,0.0,0.0,0.0,0.0,0.0,0.0,0.0,0.0,0.0,0.0,0.0,0.0,0.0,0.0,0.0,0.0,0.0,0.0,0.0,0.0,0,0,0,0,0,0,0,0,0,0,0.0,0.0,0.0,0.0,0.0,0.0,0.0,0.0,0.0,0.0,0.0,0.0,0.0,0.0,0.0,0.0,0.0,0.0,0.0,0.0
421298027001,42129802700,Westmoreland,1877.0,40.318111,-79.61292,1941.0,7.0,1670.0,183.0,0.0,70.0,0.0,0.0,11.0,1941.0,333.0,509.0,948.0,213.0,192.0,211.0,140.0,192.0,948.0,28.0,483.0,1941.0,255.0,948.0,27.0,0.0,0.0,0.0,0.0,0.0,0.0,0.0,0.0,0.0,0.0,0.0,0.0,0.0,0.0,0.0,0.0,0.0,0.0,0.0,0.0,0.0,0.0,0.0,0.0,0.0,0.0,0,0,0,0,0,0,0,0,0,0,0.0,0.0,0.0,0.0,0.0,0.0,0.0,0.0,0.0,0.0,0.0,0.0,0.0,0.0,0.0,0.0,0.0,0.0,0.0,0.0
421298028001,42129802800,Westmoreland,897.0,40.32382,-79.619543,914.0,303.0,595.0,10.0,0.0,0.0,0.0,0.0,6.0,914.0,189.0,136.0,416.0,228.0,24.0,83.0,0.0,81.0,416.0,129.0,142.0,954.58,266.16,386.44,0.0,0.0,0.0,0.0,0.0,0.0,0.0,0.0,0.0,0.0,0.0,0.0,0.0,0.0,0.0,0.0,0.0,0.0,0.0,0.0,0.0,0.0,0.0,0.0,0.0,0.0,0.0,0,0,0,0,0,0,0,0,0,0,0.0,0.0,0.0,0.0,0.0,0.0,0.0,0.0,0.0,0.0,0.0,0.0,0.0,0.0,0.0,0.0,0.0,0.0,0.0,0.0
421298028002,42129802800,Westmoreland,1206.0,40.328626,-79.630563,1324.0,102.0,920.0,266.0,0.0,0.0,0.0,0.0,36.0,1324.0,370.0,109.0,490.0,190.0,54.0,114.0,61.0,71.0,490.0,122.0,156.0,1283.42,357.84,519.56,0.0,0.0,0.0,0.0,0.0,0.0,0.0,0.0,0.0,0.0,0.0,0.0,0.0,0.0,0.0,0.0,0.0,0.0,0.0,0.0,0.0,0.0,0.0,0.0,0.0,0.0,0.0,0,0,0,0,0,0,0,0,0,0,0.0,0.0,0.0,0.0,0.0,0.0,0.0,0.0,0.0,0.0,0.0,0.0,0.0,0.0,0.0,0.0,0.0,0.0,0.0,0.0
421298029001,42129802900,Westmoreland,1119.0,40.332161,-79.667359,857.0,88.0,769.0,0.0,0.0,0.0,0.0,0.0,0.0,857.0,287.0,117.0,312.0,20.0,43.0,56.0,33.0,160.0,312.0,0.0,41.0,1123.51,112.28,420.52,0.0,0.0,0.0,0.0,0.0,0.0,0.0,0.0,0.0,0.0,0.0,0.0,0.0,0.0,0.0,0.0,0.0,0.0,0.0,0.0,0.0,0.0,0.0,0.0,0.0,0.0,0.0,0,0,0,0,0,0,0,0,0,0,0.0,0.0,0.0,0.0,0.0,0.0,0.0,0.0,0.0,0.0,0.0,0.0,0.0,0.0,0.0,0.0,0.0,0.0,0.0,0.0
421298029002,42129802900,Westmoreland,1485.0,40.324271,-79.675396,1575.0,31.0,1270.0,0.0,0.0,0.0,0.0,0.0,274.0,1575.0,375.0,150.0,625.0,0.0,37.0,30.0,78.0,480.0,625.0,16.0,147.0,1490.99,149.0,558.06,0.0,0.0,0.0,0.0,0.0,0.0,0.0,0.0,0.0,0.0,0.0,0.0,0.0,0.0,0.0,0.0,0.0,0.0,0.0,0.0,0.0,0.0,0.0,0.0,0.0,0.0,0.0,0,0,0,0,0,0,0,0,0,0,0.0,0.0,0.0,0.0,0.0,0.0,0.0,0.0,0.0,0.0,0.0,0.0,0.0,0.0,0.0,0.0,0.0,0.0,0.0,0.0
421298029003,42129802900,Westmoreland,1574.0,40.341359,-79.67838,1671.0,62.0,1609.0,0.0,0.0,0.0,0.0,0.0,0.0,1671.0,485.0,297.0,629.0,12.0,220.0,114.0,22.0,261.0,629.0,15.0,203.0,1580.35,157.93,591.51,0.0,0.0,0.0,0.0,0.0,0.0,0.0,0.0,0.0,0.0,0.0,0.0,0.0,0.0,0.0,0.0,0.0,0.0,0.0,0.0,0.0,0.0,0.0,0.0,0.0,0.0,0.0,0,0,0,0,0,0,0,0,0,0,0.0,0.0,0.0,0.0,0.0,0.0,0.0,0.0,0.0,0.0,0.0,0.0,0.0,0.0,0.0,0.0,0.0,0.0,0.0,0.0
421298029004,42129802900,Westmoreland,1772.0,40.348974,-79.667186,1871.0,43.0,1793.0,0.0,4.0,13.0,0.0,0.0,18.0,1871.0,408.0,218.0,670.0,16.0,14.0,47.0,67.0,526.0,670.0,0.0,50.0,1779.15,177.8,665.91,0.0,0.0,0.0,0.0,0.0,0.0,0.0,0.0,0.0,0.0,0.0,0.0,0.0,0.0,0.0,0.0,0.0,0.0,0.0,0.0,0.0,0.0,0.0,0.0,0.0,0.0,0.0,0,0,0,0,0,0,0,0,0,0,0.0,0.0,0.0,0.0,0.0,0.0,0.0,0.0,0.0,0.0,0.0,0.0,0.0,0.0,0.0,0.0,0.0,0.0,0.0,0.0
421298030001,42129803000,Westmoreland,1195.0,40.324632,-79.693247,1532.0,17.0,1348.0,25.0,0.0,0.0,0.0,62.0,80.0,1532.0,351.0,412.0,644.0,34.0,80.0,123.0,114.0,293.0,644.0,0.0,252.0,1165.41,140.62,597.63,0.0,0.0,0.0,0.0,0.0,0.0,0.0,0.0,0.0,0.0,0.0,0.0,0.0,0.0,0.0,0.0,0.0,0.0,0.0,0.0,0.0,0.0,0.0,0.0,0.0,0.0,0.0,0,0,0,0,0,0,0,0,0,0,0.0,0.0,0.0,0.0,0.0,0.0,0.0,0.0,0.0,0.0,0.0,0.0,0.0,0.0,0.0,0.0,0.0,0.0,0.0,0.0
421298030002,42129803000,Westmoreland,1912.0,40.33385,-79.708586,1316.0,14.0,1193.0,0.0,0.0,0.0,0.0,0.0,109.0,1316.0,162.0,235.0,696.0,171.0,193.0,113.0,90.0,129.0,696.0,61.0,360.0,1864.66,224.99,956.2,0.0,0.0,0.0,0.0,0.0,0.0,0.0,0.0,0.0,0.0,0.0,0.0,0.0,0.0,0.0,0.0,0.0,0.0,0.0,0.0,0.0,0.0,0.0,0.0,0.0,0.0,0.0,0,0,0,0,0,0,0,0,0,0,0.0,0.0,0.0,0.0,0.0,0.0,0.0,0.0,0.0,0.0,0.0,0.0,0.0,0.0,0.0,0.0,0.0,0.0,0.0,0.0
421298030003,42129803000,Westmoreland,520.0,40.318228,-79.698534,611.0,71.0,476.0,0.0,0.0,0.0,0.0,0.0,64.0,611.0,40.0,35.0,349.0,17.0,19.0,123.0,30.0,160.0,349.0,0.0,169.0,507.12,61.19,260.06,0.0,0.0,0.0,0.0,0.0,0.0,0.0,0.0,0.0,0.0,0.0,0.0,0.0,0.0,0.0,0.0,0.0,0.0,0.0,0.0,0.0,0.0,0.0,0.0,0.0,0.0,0.0,0,0,0,0,0,0,0,0,0,0,0.0,0.0,0.0,0.0,0.0,0.0,0.0,0.0,0.0,0.0,0.0,0.0,0.0,0.0,0.0,0.0,0.0,0.0,0.0,0.0
421298030004,42129803000,Westmoreland,1098.0,40.32471,-79.703705,1171.0,0.0,1138.0,0.0,0.0,0.0,0.0,0.0,33.0,1171.0,312.0,89.0,674.0,163.0,212.0,159.0,74.0,66.0,674.0,0.0,451.0,1070.81,129.2,549.12,0.0,0.0,0.0,0.0,0.0,0.0,0.0,0.0,0.0,0.0,0.0,0.0,0.0,0.0,0.0,0.0,0.0,0.0,0.0,0.0,0.0,0.0,0.0,0.0,0.0,0.0,0.0,0,0,0,0,0,0,0,0,0,0,0.0,0.0,0.0,0.0,0.0,0.0,0.0,0.0,0.0,0.0,0.0,0.0,0.0,0.0,0.0,0.0,0.0,0.0,0.0,0.0
421298031001,42129803100,Westmoreland,1680.0,40.333247,-79.723045,1655.0,0.0,1508.0,24.0,0.0,61.0,0.0,0.0,62.0,1655.0,320.0,336.0,744.0,72.0,169.0,120.0,83.0,300.0,744.0,8.0,294.0,1655.68,205.2,814.83,5.12,0.0,0.0,0.0,0.0,0.0,0.0,0.0,0.0,0.0,0.0,0.0,0.0,0.0,0.0,0.0,0.0,0.0,0.0,0.0,0.0,0.0,0.0,0.0,0.0,0.0,0.0,0,0,0,0,0,0,0,0,0,0,0.0,0.0,0.0,0.0,0.0,0.0,0.0,0.0,0.0,0.0,0.0,0.0,0.0,0.0,0.0,0.0,0.0,0.0,0.0,0.0
421298031002,42129803100,Westmoreland,1394.0,40.343413,-79.703283,1463.0,49.0,1411.0,0.0,0.0,0.0,0.0,0.0,3.0,1463.0,270.0,345.0,693.0,26.0,87.0,197.0,30.0,353.0,693.0,0.0,275.0,1373.82,170.27,676.11,4.25,0.0,0.0,0.0,0.0,0.0,0.0,0.0,0.0,0.0,0.0,0.0,0.0,0.0,0.0,0.0,0.0,0.0,0.0,0.0,0.0,0.0,0.0,0.0,0.0,0.0,0.0,0,0,0,0,0,0,0,0,0,0,0.0,0.0,0.0,0.0,0.0,0.0,0.0,0.0,0.0,0.0,0.0,0.0,0.0,0.0,0.0,0.0,0.0,0.0,0.0,0.0
421298031003,42129803100,Westmoreland,864.0,40.331106,-79.696881,763.0,12.0,677.0,0.0,0.0,6.0,0.0,0.0,68.0,763.0,46.0,197.0,473.0,50.0,74.0,71.0,194.0,84.0,473.0,39.0,285.0,851.49,105.53,419.06,2.63,0.0,0.0,0.0,0.0,0.0,0.0,0.0,0.0,0.0,0.0,0.0,0.0,0.0,0.0,0.0,0.0,0.0,0.0,0.0,0.0,0.0,0.0,0.0,0.0,0.0,0.0,0,0,0,0,0,0,0,0,0,0,0.0,0.0,0.0,0.0,0.0,0.0,0.0,0.0,0.0,0.0,0.0,0.0,0.0,0.0,0.0,0.0,0.0,0.0,0.0,0.0
421298032001,42129803200,Westmoreland,1580.0,40.345836,-79.744948,1926.0,26.0,1825.0,3.0,11.0,10.0,0.0,0.0,51.0,1926.0,485.0,286.0,782.0,61.0,159.0,161.0,44.0,357.0,782.0,88.0,242.0,1576.76,219.32,657.31,0.0,0.0,0.0,0.0,0.0,0.0,0.0,0.0,0.0,0.0,0.0,0.0,0.0,0.0,0.0,0.0,0.0,0.0,0.0,0.0,0.0,0.0,0.0,0.0,0.0,0.0,0.0,0,0,0,0,0,0,0,0,0,0,0.0,0.0,0.0,0.0,0.0,0.0,0.0,0.0,0.0,0.0,0.0,0.0,0.0,0.0,0.0,0.0,0.0,0.0,0.0,0.0
421298032002,42129803200,Westmoreland,855.0,40.368311,-79.741502,504.0,0.0,504.0,0.0,0.0,0.0,0.0,0.0,0.0,504.0,118.0,180.0,231.0,0.0,54.0,43.0,72.0,62.0,231.0,8.0,43.0,853.24,118.68,355.69,0.0,0.0,0.0,0.0,0.0,0.0,0.0,0.0,0.0,0.0,0.0,0.0,0.0,0.0,0.0,0.0,0.0,0.0,0.0,0.0,0.0,0.0,0.0,0.0,0.0,0.0,0.0,0,0,0,0,0,0,0,0,0,0,0.0,0.0,0.0,0.0,0.0,0.0,0.0,0.0,0.0,0.0,0.0,0.0,0.0,0.0,0.0,0.0,0.0,0.0,0.0,0.0
421298033011,42129803301,Westmoreland,1092.0,40.351134,-79.771989,1298.0,0.0,1079.0,0.0,0.0,158.0,0.0,0.0,61.0,1298.0,186.0,320.0,565.0,79.0,12.0,31.0,85.0,358.0,565.0,0.0,87.0,1112.92,143.71,495.34,0.0,0.0,0.0,0.0,0.0,0.0,0.0,0.0,0.0,0.0,0.0,0.0,0.0,0.0,0.0,0.0,0.0,0.0,0.0,0.0,0.0,0.0,0.0,0.0,0.0,0.0,0.0,0,0,0,0,0,0,0,0,0,0,0.0,0.0,0.0,0.0,0.0,0.0,0.0,0.0,0.0,0.0,0.0,0.0,0.0,0.0,0.0,0.0,0.0,0.0,0.0,0.0
421298033012,42129803301,Westmoreland,1903.0,40.337577,-79.769422,1898.0,0.0,1866.0,0.0,0.0,0.0,0.0,0.0,32.0,1898.0,291.0,600.0,865.0,60.0,259.0,78.0,77.0,391.0,865.0,14.0,325.0,1939.46,250.44,863.21,0.0,0.0,0.0,0.0,0.0,0.0,0.0,0.0,0.0,0.0,0.0,0.0,0.0,0.0,0.0,0.0,0.0,0.0,0.0,0.0,0.0,0.0,0.0,0.0,0.0,0.0,0.0,0,0,0,0,0,0,0,0,0,0,0.0,0.0,0.0,0.0,0.0,0.0,0.0,0.0,0.0,0.0,0.0,0.0,0.0,0.0,0.0,0.0,0.0,0.0,0.0,0.0
421298033013,42129803301,Westmoreland,1511.0,40.332946,-79.751916,1662.0,57.0,1507.0,0.0,0.0,41.0,0.0,0.0,57.0,1662.0,394.0,245.0,724.0,67.0,160.0,35.0,123.0,339.0,724.0,19.0,306.0,1539.95,198.85,685.4,0.0,0.0,0.0,0.0,0.0,0.0,0.0,0.0,0.0,0.0,0.0,0.0,0.0,0.0,0.0,0.0,0.0,0.0,0.0,0.0,0.0,0.0,0.0,0.0,0.0,0.0,0.0,0,0,0,0,0,0,0,0,0,0,0.0,0.0,0.0,0.0,0.0,0.0,0.0,0.0,0.0,0.0,0.0,0.0,0.0,0.0,0.0,0.0,0.0,0.0,0.0,0.0
421298033014,42129803301,Westmoreland,1497.0,40.328004,-79.767415,1260.0,0.0,1146.0,0.0,0.0,114.0,0.0,0.0,0.0,1260.0,177.0,333.0,569.0,66.0,106.0,56.0,56.0,285.0,569.0,33.0,138.0,1525.68,197.01,679.05,0.0,0.0,0.0,0.0,0.0,0.0,0.0,0.0,0.0,0.0,0.0,0.0,0.0,0.0,0.0,0.0,0.0,0.0,0.0,0.0,0.0,0.0,0.0,0.0,0.0,0.0,0.0,0,0,0,0,0,0,0,0,0,0,0.0,0.0,0.0,0.0,0.0,0.0,0.0,0.0,0.0,0.0,0.0,0.0,0.0,0.0,0.0,0.0,0.0,0.0,0.0,0.0
421298033021,42129803302,Westmoreland,2041.0,40.322634,-79.756676,1706.0,21.0,1599.0,12.0,0.0,0.0,0.0,0.0,74.0,1706.0,282.0,579.0,707.0,155.0,83.0,129.0,85.0,255.0,707.0,67.0,250.0,1832.7,210.27,762.1,7.9,0.0,0.0,0.0,0.0,0.0,0.0,0.0,0.0,0.0,0.0,0.0,0.0,0.0,0.0,0.0,0.0,0.0,0.0,0.0,0.0,0.0,0.0,0.0,0.0,0.0,0.0,0,0,0,0,0,0,0,0,0,0,0.0,0.0,0.0,0.0,0.0,0.0,0.0,0.0,0.0,0.0,0.0,0.0,0.0,0.0,0.0,0.0,0.0,0.0,0.0,0.0
421298033022,42129803302,Westmoreland,2094.0,40.308258,-79.766926,2118.0,13.0,1915.0,11.0,0.0,79.0,0.0,0.0,100.0,2118.0,379.0,540.0,837.0,18.0,109.0,116.0,86.0,508.0,837.0,9.0,200.0,1880.3,215.73,781.9,8.1,0.0,0.0,0.0,0.0,0.0,0.0,0.0,0.0,0.0,0.0,0.0,0.0,0.0,0.0,0.0,0.0,0.0,0.0,0.0,0.0,0.0,0.0,0.0,0.0,0.0,0.0,0,0,0,0,0,0,0,0,0,0,0.0,0.0,0.0,0.0,0.0,0.0,0.0,0.0,0.0,0.0,0.0,0.0,0.0,0.0,0.0,0.0,0.0,0.0,0.0,0.0
421298034001,42129803400,Westmoreland,2796.0,40.307983,-79.744694,2352.0,0.0,2113.0,24.0,0.0,41.0,0.0,0.0,174.0,2352.0,739.0,305.0,793.0,66.0,39.0,57.0,63.0,568.0,793.0,15.0,148.0,2523.43,210.95,951.09,6.52,0.0,0.0,0.0,0.0,0.0,0.0,0.0,0.0,0.0,0.0,0.0,0.0,0.0,0.0,0.0,0.0,0.0,0.0,0.0,0.0,0.0,0.0,0.0,0.0,0.0,0.0,0,0,0,0,0,0,0,0,0,0,0.0,0.0,0.0,0.0,0.0,0.0,0.0,0.0,0.0,0.0,0.0,0.0,0.0,0.0,0.0,0.0,0.0,0.0,0.0,0.0
421298034002,42129803400,Westmoreland,1061.0,40.321117,-79.738274,1129.0,0.0,1129.0,0.0,0.0,0.0,0.0,0.0,0.0,1129.0,178.0,287.0,519.0,42.0,54.0,94.0,71.0,258.0,519.0,0.0,169.0,957.57,80.05,360.91,2.48,0.0,0.0,0.0,0.0,0.0,0.0,0.0,0.0,0.0,0.0,0.0,0.0,0.0,0.0,0.0,0.0,0.0,0.0,0.0,0.0,0.0,0.0,0.0,0.0,0.0,0.0,0,0,0,0,0,0,0,0,0,0,0.0,0.0,0.0,0.0,0.0,0.0,0.0,0.0,0.0,0.0,0.0,0.0,0.0,0.0,0.0,0.0,0.0,0.0,0.0,0.0
421298035011,42129803501,Westmoreland,2035.0,40.303069,-79.733419,1535.0,0.0,1535.0,0.0,0.0,0.0,0.0,0.0,0.0,1535.0,229.0,536.0,736.0,103.0,146.0,105.0,92.0,290.0,736.0,0.0,282.0,2141.52,307.69,781.69,0.0,0.0,0.0,0.0,0.0,0.0,0.0,0.0,0.0,0.0,0.0,0.0,0.0,0.0,0.0,0.0,0.0,0.0,0.0,0.0,0.0,0.0,0.0,0.0,0.0,0.0,0.0,0,0,0,0,0,0,0,0,0,0,0.0,0.0,0.0,0.0,0.0,0.0,0.0,0.0,0.0,0.0,0.0,0.0,0.0,0.0,0.0,0.0,0.0,0.0,0.0,0.0
421298035012,42129803501,Westmoreland,1070.0,40.299419,-79.715413,903.0,0.0,865.0,26.0,0.0,12.0,0.0,0.0,0.0,903.0,208.0,154.0,329.0,29.0,47.0,28.0,17.0,208.0,329.0,0.0,58.0,1126.01,161.78,411.01,0.0,0.0,0.0,0.0,0.0,0.0,0.0,0.0,0.0,0.0,0.0,0.0,0.0,0.0,0.0,0.0,0.0,0.0,0.0,0.0,0.0,0.0,0.0,0.0,0.0,0.0,0.0,0,0,0,0,0,0,0,0,0,0,0.0,0.0,0.0,0.0,0.0,0.0,0.0,0.0,0.0,0.0,0.0,0.0,0.0,0.0,0.0,0.0,0.0,0.0,0.0,0.0
421298035013,42129803501,Westmoreland,2034.0,40.309756,-79.690409,2970.0,6.0,2944.0,6.0,0.0,7.0,0.0,0.0,7.0,2970.0,853.0,448.0,909.0,21.0,40.0,7.0,117.0,724.0,909.0,168.0,114.0,2140.47,307.53,781.3,0.0,0.0,0.0,0.0,0.0,0.0,0.0,0.0,0.0,0.0,0.0,0.0,0.0,0.0,0.0,0.0,0.0,0.0,0.0,0.0,0.0,0.0,0.0,0.0,0.0,0.0,0.0,0,0,0,0,0,0,0,0,0,0,0.0,0.0,0.0,0.0,0.0,0.0,0.0,0.0,0.0,0.0,0.0,0.0,0.0,0.0,0.0,0.0,0.0,0.0,0.0,0.0
421298035021,42129803502,Westmoreland,1086.0,40.322033,-79.727374,1044.0,0.0,981.0,0.0,0.0,0.0,0.0,0.0,63.0,1044.0,237.0,207.0,418.0,44.0,86.0,60.0,8.0,220.0,418.0,0.0,112.0,1151.03,108.65,491.52,0.0,0.0,0.0,0.0,0.0,0.0,0.0,0.0,0.0,0.0,0.0,0.0,0.0,0.0,0.0,0.0,0.0,0.0,0.0,0.0,0.0,0.0,0.0,0.0,0.0,0.0,0.0,0,0,0,0,0,0,0,0,0,0,0.0,0.0,0.0,0.0,0.0,0.0,0.0,0.0,0.0,0.0,0.0,0.0,0.0,0.0,0.0,0.0,0.0,0.0,0.0,0.0
421298035022,42129803502,Westmoreland,1484.0,40.312799,-79.713451,1563.0,68.0,1407.0,0.0,0.0,7.0,0.0,0.0,81.0,1563.0,343.0,307.0,667.0,9.0,86.0,80.0,83.0,409.0,667.0,9.0,119.0,1572.86,148.47,671.65,0.0,0.0,0.0,0.0,0.0,0.0,0.0,0.0,0.0,0.0,0.0,0.0,0.0,0.0,0.0,0.0,0.0,0.0,0.0,0.0,0.0,0.0,0.0,0.0,0.0,0.0,0.0,0,0,0,0,0,0,0,0,0,0,0.0,0.0,0.0,0.0,0.0,0.0,0.0,0.0,0.0,0.0,0.0,0.0,0.0,0.0,0.0,0.0,0.0,0.0,0.0,0.0
421298035023,42129803502,Westmoreland,1438.0,40.31945,-79.708341,1641.0,0.0,1513.0,128.0,0.0,0.0,0.0,0.0,0.0,1641.0,190.0,340.0,729.0,49.0,112.0,140.0,193.0,235.0,729.0,10.0,172.0,1524.11,143.87,650.83,0.0,0.0,0.0,0.0,0.0,0.0,0.0,0.0,0.0,0.0,0.0,0.0,0.0,0.0,0.0,0.0,0.0,0.0,0.0,0.0,0.0,0.0,0.0,0.0,0.0,0.0,0.0,0,0,0,0,0,0,0,0,0,0,0.0,0.0,0.0,0.0,0.0,0.0,0.0,0.0,0.0,0.0,0.0,0.0,0.0,0.0,0.0,0.0,0.0,0.0,0.0,0.0
421298036001,42129803600,Westmoreland,1661.0,40.320468,-79.643851,1690.0,3.0,1599.0,41.0,0.0,0.0,0.0,10.0,37.0,1690.0,290.0,397.0,744.0,150.0,132.0,111.0,109.0,242.0,744.0,22.0,251.0,1690.0,244.0,744.0,0.0,0.0,0.0,0.0,0.0,0.0,0.0,0.0,0.0,0.0,0.0,0.0,0.0,0.0,0.0,0.0,0.0,0.0,0.0,0.0,0.0,0.0,0.0,0.0,0.0,0.0,0.0,0,0,0,0,0,0,0,0,0,0,0.0,0.0,0.0,0.0,0.0,0.0,0.0,0.0,0.0,0.0,0.0,0.0,0.0,0.0,0.0,0.0,0.0,0.0,0.0,0.0
421298037001,42129803700,Westmoreland,1312.0,40.327806,-79.594617,1522.0,54.0,1429.0,0.0,0.0,8.0,0.0,15.0,16.0,1522.0,357.0,350.0,673.0,80.0,169.0,194.0,88.0,142.0,673.0,57.0,193.0,1289.5,204.38,588.8,0.0,0.0,0.0,0.0,0.0,0.0,0.0,0.0,0.0,0.0,0.0,0.0,0.0,0.0,0.0,0.0,0.0,0.0,0.0,0.0,0.0,0.0,0.0,0.0,0.0,0.0,0.0,0,0,0,0,0,0,0,0,0,0,0.0,0.0,0.0,0.0,0.0,0.0,0.0,0.0,0.0,0.0,0.0,0.0,0.0,0.0,0.0,0.0,0.0,0.0,0.0,0.0
421298037002,42129803700,Westmoreland,1809.0,40.332116,-79.562813,1814.0,0.0,1712.0,0.0,0.0,16.0,0.0,0.0,86.0,1814.0,318.0,459.0,800.0,8.0,170.0,48.0,96.0,478.0,800.0,11.0,258.0,1777.97,281.81,811.84,0.0,0.0,0.0,0.0,0.0,0.0,0.0,0.0,0.0,0.0,0.0,0.0,0.0,0.0,0.0,0.0,0.0,0.0,0.0,0.0,0.0,0.0,0.0,0.0,0.0,0.0,0.0,0,0,0,0,0,0,0,0,0,0,0.0,0.0,0.0,0.0,0.0,0.0,0.0,0.0,0.0,0.0,0.0,0.0,0.0,0.0,0.0,0.0,0.0,0.0,0.0,0.0
421298037003,42129803700,Westmoreland,1135.0,40.31382,-79.570879,851.0,69.0,772.0,1.0,0.0,9.0,0.0,0.0,0.0,851.0,72.0,351.0,437.0,84.0,126.0,29.0,30.0,168.0,437.0,0.0,211.0,1115.53,176.81,509.36,0.0,0.0,0.0,0.0,0.0,0.0,0.0,0.0,0.0,0.0,0.0,0.0,0.0,0.0,0.0,0.0,0.0,0.0,0.0,0.0,0.0,0.0,0.0,0.0,0.0,0.0,0.0,0,0,0,0,0,0,0,0,0,0,0.0,0.0,0.0,0.0,0.0,0.0,0.0,0.0,0.0,0.0,0.0,0.0,0.0,0.0,0.0,0.0,0.0,0.0,0.0,0.0
421298038001,42129803800,Westmoreland,1270.0,40.315695,-79.500147,1641.0,0.0,1635.0,6.0,0.0,0.0,0.0,0.0,0.0,1641.0,44.0,521.0,641.0,28.0,36.0,93.0,250.0,234.0,641.0,0.0,131.0,1238.37,132.55,530.64,3.44,0.0,0.0,0.0,0.0,0.0,0.0,0.0,0.0,0.0,0.0,0.0,0.0,0.0,0.0,0.0,0.0,0.0,0.0,0.0,0.0,0.0,0.0,0.0,0.0,0.0,0.0,0,0,0,0,0,0,0,0,0,0,0.0,0.0,0.0,0.0,0.0,0.0,0.0,0.0,0.0,0.0,0.0,0.0,0.0,0.0,0.0,0.0,0.0,0.0,0.0,0.0
421298038002,42129803800,Westmoreland,1554.0,40.324845,-79.52727,1660.0,0.0,1461.0,124.0,0.0,0.0,0.0,0.0,75.0,1660.0,357.0,571.0,663.0,111.0,77.0,26.0,70.0,379.0,663.0,68.0,145.0,1515.29,162.19,649.3,4.21,0.0,0.0,0.0,0.0,0.0,0.0,0.0,0.0,0.0,0.0,0.0,0.0,0.0,0.0,0.0,0.0,0.0,0.0,0.0,0.0,0.0,0.0,0.0,0.0,0.0,0.0,0,0,0,0,0,0,0,0,0,0,0.0,0.0,0.0,0.0,0.0,0.0,0.0,0.0,0.0,0.0,0.0,0.0,0.0,0.0,0.0,0.0,0.0,0.0,0.0,0.0
421298038003,42129803800,Westmoreland,1695.0,40.345843,-79.549561,1682.0,0.0,1492.0,56.0,0.0,32.0,0.0,0.0,102.0,1682.0,327.0,354.0,726.0,29.0,139.0,99.0,62.0,397.0,726.0,28.0,217.0,1652.78,176.91,708.21,4.6,0.0,0.0,0.0,0.0,0.0,0.0,0.0,0.0,0.0,0.0,0.0,0.0,0.0,0.0,0.0,0.0,0.0,0.0,0.0,0.0,0.0,0.0,0.0,0.0,0.0,0.0,0,0,0,0,0,0,0,0,0,0,0.0,0.0,0.0,0.0,0.0,0.0,0.0,0.0,0.0,0.0,0.0,0.0,0.0,0.0,0.0,0.0,0.0,0.0,0.0,0.0
421298038004,42129803800,Westmoreland,1383.0,40.336151,-79.496704,960.0,36.0,835.0,0.0,0.0,41.0,0.0,0.0,48.0,960.0,253.0,78.0,436.0,96.0,61.0,50.0,16.0,213.0,436.0,15.0,186.0,1348.55,144.35,577.85,3.75,0.0,0.0,0.0,0.0,0.0,0.0,0.0,0.0,0.0,0.0,0.0,0.0,0.0,0.0,0.0,0.0,0.0,0.0,0.0,0.0,0.0,0.0,0.0,0.0,0.0,0.0,0,0,0,0,0,0,0,0,0,0,0.0,0.0,0.0,0.0,0.0,0.0,0.0,0.0,0.0,0.0,0.0,0.0,0.0,0.0,0.0,0.0,0.0,0.0,0.0,0.0
421298039011,42129803901,Westmoreland,1531.0,40.316319,-79.542044,1363.0,0.0,1295.0,44.0,0.0,9.0,0.0,0.0,15.0,1363.0,228.0,385.0,715.0,83.0,159.0,99.0,124.0,250.0,715.0,36.0,284.0,1302.67,201.95,648.61,0.0,0.0,0.0,0.0,0.0,0.0,0.0,0.0,0.0,0.0,0.0,0.0,0.0,0.0,0.0,0.0,0.0,0.0,0.0,0.0,0.0,0.0,0.0,0.0,0.0,0.0,0.0,0,0,0,0,0,0,0,0,0,0,0.0,0.0,0.0,0.0,0.0,0.0,0.0,0.0,0.0,0.0,0.0,0.0,0.0,0.0,0.0,0.0,0.0,0.0,0.0,0.0
421298039012,42129803901,Westmoreland,1835.0,40.334588,-79.538941,1572.0,0.0,1518.0,20.0,0.0,0.0,0.0,0.0,34.0,1572.0,191.0,462.0,711.0,76.0,127.0,73.0,100.0,335.0,711.0,88.0,259.0,1561.33,242.05,777.39,0.0,0.0,0.0,0.0,0.0,0.0,0.0,0.0,0.0,0.0,0.0,0.0,0.0,0.0,0.0,0.0,0.0,0.0,0.0,0.0,0.0,0.0,0.0,0.0,0.0,0.0,0.0,0,0,0,0,0,0,0,0,0,0,0.0,0.0,0.0,0.0,0.0,0.0,0.0,0.0,0.0,0.0,0.0,0.0,0.0,0.0,0.0,0.0,0.0,0.0,0.0,0.0
421298039021,42129803902,Westmoreland,1639.0,40.314356,-79.553454,1673.0,31.0,1408.0,66.0,0.0,74.0,0.0,0.0,94.0,1673.0,38.0,401.0,515.0,169.0,66.0,77.0,39.0,164.0,515.0,83.0,281.0,1624.41,229.12,643.16,12.44,0.0,0.0,0.0,0.0,0.0,0.0,0.0,0.0,0.0,0.0,0.0,0.0,0.0,0.0,0.0,0.0,0.0,0.0,0.0,0.0,0.0,0.0,0.0,0.0,0.0,0.0,0,0,0,0,0,0,0,0,0,0,0.0,0.0,0.0,0.0,0.0,0.0,0.0,0.0,0.0,0.0,0.0,0.0,0.0,0.0,0.0,0.0,0.0,0.0,0.0,0.0
421298039022,42129803902,Westmoreland,914.0,40.307528,-79.546474,753.0,44.0,697.0,0.0,0.0,0.0,0.0,0.0,12.0,753.0,209.0,38.0,357.0,83.0,96.0,43.0,88.0,47.0,357.0,0.0,327.0,905.86,127.77,358.66,6.94,0.0,0.0,0.0,0.0,0.0,0.0,0.0,0.0,0.0,0.0,0.0,0.0,0.0,0.0,0.0,0.0,0.0,0.0,0.0,0.0,0.0,0.0,0.0,0.0,0.0,0.0,0,0,0,0,0,0,0,0,0,0,0.0,0.0,0.0,0.0,0.0,0.0,0.0,0.0,0.0,0.0,0.0,0.0,0.0,0.0,0.0,0.0,0.0,0.0,0.0,0.0
421298039023,42129803902,Westmoreland,1267.0,40.310117,-79.54001,1368.0,25.0,1252.0,12.0,0.0,14.0,0.0,0.0,65.0,1368.0,317.0,198.0,627.0,85.0,143.0,121.0,75.0,203.0,627.0,42.0,346.0,1255.72,177.11,497.18,9.62,0.0,0.0,0.0,0.0,0.0,0.0,0.0,0.0,0.0,0.0,0.0,0.0,0.0,0.0,0.0,0.0,0.0,0.0,0.0,0.0,0.0,0.0,0.0,0.0,0.0,0.0,0,0,0,0,0,0,0,0,0,0,0.0,0.0,0.0,0.0,0.0,0.0,0.0,0.0,0.0,0.0,0.0,0.0,0.0,0.0,0.0,0.0,0.0,0.0,0.0,0.0
421298040001,42129804000,Westmoreland,1389.0,40.301499,-79.557202,1397.0,58.0,1209.0,5.0,0.0,19.0,0.0,0.0,106.0,1397.0,306.0,201.0,666.0,198.0,162.0,95.0,86.0,125.0,666.0,66.0,321.0,1397.0,328.0,666.0,21.0,0.0,0.0,0.0,0.0,0.0,0.0,0.0,0.0,0.0,0.0,0.0,0.0,0.0,0.0,0.0,0.0,0.0,0.0,0.0,0.0,0.0,0.0,0.0,0.0,0.0,0.0,0,0,0,0,0,0,0,0,0,0,0.0,0.0,0.0,0.0,0.0,0.0,0.0,0.0,0.0,0.0,0.0,0.0,0.0,0.0,0.0,0.0,0.0,0.0,0.0,0.0
421298041001,42129804100,Westmoreland,1372.0,40.297714,-79.552036,1771.0,23.0,1660.0,37.0,0.0,0.0,0.0,0.0,51.0,1771.0,201.0,417.0,737.0,141.0,24.0,227.0,108.0,237.0,737.0,33.0,293.0,1451.7,274.81,708.0,3.11,0.0,0.0,0.0,0.0,0.0,0.0,0.0,0.0,0.0,0.0,0.0,0.0,0.0,0.0,0.0,0.0,0.0,0.0,0.0,0.0,0.0,0.0,0.0,0.0,0.0,0.0,0,0,0,0,0,0,0,0,0,0,0.0,0.0,0.0,0.0,0.0,0.0,0.0,0.0,0.0,0.0,0.0,0.0,0.0,0.0,0.0,0.0,0.0,0.0,0.0,0.0
421298041002,42129804100,Westmoreland,635.0,40.3007,-79.546366,748.0,11.0,627.0,36.0,0.0,0.0,0.0,0.0,74.0,748.0,171.0,178.0,458.0,292.0,97.0,50.0,19.0,0.0,458.0,137.0,246.0,671.89,127.19,327.68,1.44,0.0,0.0,0.0,0.0,0.0,0.0,0.0,0.0,0.0,0.0,0.0,0.0,0.0,0.0,0.0,0.0,0.0,0.0,0.0,0.0,0.0,0.0,0.0,0.0,0.0,0.0,0,0,0,0,0,0,0,0,0,0,0.0,0.0,0.0,0.0,0.0,0.0,0.0,0.0,0.0,0.0,0.0,0.0,0.0,0.0,0.0,0.0,0.0,0.0,0.0,0.0
421298041003,42129804100,Westmoreland,644.0,40.302201,-79.541037,286.0,14.0,237.0,8.0,0.0,0.0,0.0,0.0,27.0,286.0,27.0,19.0,173.0,88.0,18.0,24.0,9.0,34.0,173.0,80.0,33.0,681.41,128.99,332.32,1.46,0.0,0.0,0.0,0.0,0.0,0.0,0.0,0.0,0.0,0.0,0.0,0.0,0.0,0.0,0.0,0.0,0.0,0.0,0.0,0.0,0.0,0.0,0.0,0.0,0.0,0.0,0,0,0,0,0,0,0,0,0,0,0.0,0.0,0.0,0.0,0.0,0.0,0.0,0.0,0.0,0.0,0.0,0.0,0.0,0.0,0.0,0.0,0.0,0.0,0.0,0.0
421298042001,42129804200,Westmoreland,1149.0,40.30286,-79.53287,1301.0,11.0,1204.0,75.0,0.0,0.0,0.0,0.0,11.0,1301.0,243.0,444.0,428.0,29.0,60.0,125.0,62.0,152.0,428.0,61.0,105.0,1154.82,159.02,561.32,0.0,0.0,0.0,0.0,0.0,0.0,0.0,0.0,0.0,0.0,0.0,0.0,0.0,0.0,0.0,0.0,0.0,0.0,0.0,0.0,0.0,0.0,0.0,0.0,0.0,0.0,0.0,0,0,0,0,0,0,0,0,0,0,0.0,0.0,0.0,0.0,0.0,0.0,0.0,0.0,0.0,0.0,0.0,0.0,0.0,0.0,0.0,0.0,0.0,0.0,0.0,0.0
421298042002,42129804200,Westmoreland,690.0,40.289392,-79.539992,961.0,0.0,863.0,48.0,0.0,50.0,0.0,0.0,0.0,961.0,38.0,111.0,582.0,182.0,67.0,6.0,160.0,167.0,582.0,48.0,291.0,693.5,95.5,337.09,0.0,0.0,0.0,0.0,0.0,0.0,0.0,0.0,0.0,0.0,0.0,0.0,0.0,0.0,0.0,0.0,0.0,0.0,0.0,0.0,0.0,0.0,0.0,0.0,0.0,0.0,0.0,0,0,0,0,0,0,0,0,0,0,0.0,0.0,0.0,0.0,0.0,0.0,0.0,0.0,0.0,0.0,0.0,0.0,0.0,0.0,0.0,0.0,0.0,0.0,0.0,0.0
421298042003,42129804200,Westmoreland,1911.0,40.297356,-79.53405,1563.0,0.0,1477.0,67.0,0.0,0.0,0.0,0.0,19.0,1563.0,186.0,415.0,822.0,113.0,166.0,146.0,109.0,288.0,822.0,97.0,338.0,1920.68,264.48,933.59,0.0,0.0,0.0,0.0,0.0,0.0,0.0,0.0,0.0,0.0,0.0,0.0,0.0,0.0,0.0,0.0,0.0,0.0,0.0,0.0,0.0,0.0,0.0,0.0,0.0,0.0,0.0,0,0,0,0,0,0,0,0,0,0,0.0,0.0,0.0,0.0,0.0,0.0,0.0,0.0,0.0,0.0,0.0,0.0,0.0,0.0,0.0,0.0,0.0,0.0,0.0,0.0
421298043001,42129804300,Westmoreland,1066.0,40.291459,-79.54813,1079.0,58.0,961.0,9.0,0.0,0.0,0.0,5.0,46.0,1079.0,150.0,275.0,593.0,104.0,209.0,95.0,79.0,106.0,593.0,33.0,280.0,936.29,147.48,508.26,0.0,0.0,0.0,0.0,0.0,0.0,0.0,0.0,0.0,0.0,0.0,0.0,0.0,0.0,0.0,0.0,0.0,0.0,0.0,0.0,0.0,0.0,0.0,0.0,0.0,0.0,0.0,0,0,0,0,0,0,0,0,0,0,0.0,0.0,0.0,0.0,0.0,0.0,0.0,0.0,0.0,0.0,0.0,0.0,0.0,0.0,0.0,0.0,0.0,0.0,0.0,0.0
421298043002,42129804300,Westmoreland,1153.0,40.2952,-79.54846,870.0,31.0,810.0,18.0,0.0,0.0,0.0,0.0,11.0,870.0,142.0,233.0,465.0,74.0,121.0,107.0,79.0,84.0,465.0,34.0,248.0,1012.71,159.52,549.74,0.0,0.0,0.0,0.0,0.0,0.0,0.0,0.0,0.0,0.0,0.0,0.0,0.0,0.0,0.0,0.0,0.0,0.0,0.0,0.0,0.0,0.0,0.0,0.0,0.0,0.0,0.0,0,0,0,0,0,0,0,0,0,0,0.0,0.0,0.0,0.0,0.0,0.0,0.0,0.0,0.0,0.0,0.0,0.0,0.0,0.0,0.0,0.0,0.0,0.0,0.0,0.0
421298044001,42129804400,Westmoreland,1086.0,40.280267,-79.544816,1141.0,84.0,1027.0,0.0,0.0,0.0,0.0,0.0,30.0,1141.0,169.0,286.0,596.0,73.0,162.0,135.0,62.0,164.0,596.0,11.0,341.0,1244.19,191.26,631.25,0.0,0.0,0.0,0.0,0.0,0.0,0.0,0.0,0.0,0.0,0.0,0.0,0.0,0.0,0.0,0.0,0.0,0.0,0.0,0.0,0.0,0.0,0.0,0.0,0.0,0.0,0.0,0,0,0,0,0,0,0,0,0,0,0.0,0.0,0.0,0.0,0.0,0.0,0.0,0.0,0.0,0.0,0.0,0.0,0.0,0.0,0.0,0.0,0.0,0.0,0.0,0.0
421298044002,42129804400,Westmoreland,1049.0,40.274831,-79.549578,1305.0,5.0,1258.0,0.0,0.0,0.0,6.0,0.0,36.0,1305.0,136.0,309.0,645.0,154.0,114.0,223.0,103.0,51.0,645.0,35.0,220.0,1201.81,184.74,609.75,0.0,0.0,0.0,0.0,0.0,0.0,0.0,0.0,0.0,0.0,0.0,0.0,0.0,0.0,0.0,0.0,0.0,0.0,0.0,0.0,0.0,0.0,0.0,0.0,0.0,0.0,0.0,0,0,0,0,0,0,0,0,0,0,0.0,0.0,0.0,0.0,0.0,0.0,0.0,0.0,0.0,0.0,0.0,0.0,0.0,0.0,0.0,0.0,0.0,0.0,0.0,0.0
421298045011,42129804501,Westmoreland,1279.0,40.249725,-79.557287,1478.0,0.0,1478.0,0.0,0.0,0.0,0.0,0.0,0.0,1478.0,264.0,443.0,688.0,65.0,82.0,67.0,174.0,300.0,688.0,27.0,134.0,1371.07,121.95,563.45,9.15,0.0,0.0,0.0,0.0,0.0,0.0,0.0,0.0,0.0,0.0,0.0,0.0,0.0,0.0,0.0,0.0,0.0,0.0,0.0,0.0,0.0,0.0,0.0,0.0,0.0,0.0,0,0,0,0,0,0,0,0,0,0,0.0,0.0,0.0,0.0,0.0,0.0,0.0,0.0,0.0,0.0,0.0,0.0,0.0,0.0,0.0,0.0,0.0,0.0,0.0,0.0
421298045012,42129804501,Westmoreland,1299.0,40.261993,-79.533723,1166.0,9.0,1145.0,11.0,0.0,0.0,0.0,0.0,1.0,1166.0,270.0,206.0,358.0,20.0,70.0,60.0,62.0,146.0,358.0,0.0,56.0,1392.51,123.86,572.26,9.3,0.0,0.0,0.0,0.0,0.0,0.0,0.0,0.0,0.0,0.0,0.0,0.0,0.0,0.0,0.0,0.0,0.0,0.0,0.0,0.0,0.0,0.0,0.0,0.0,0.0,0.0,0,0,0,0,0,0,0,0,0,0,0.0,0.0,0.0,0.0,0.0,0.0,0.0,0.0,0.0,0.0,0.0,0.0,0.0,0.0,0.0,0.0,0.0,0.0,0.0,0.0
421298045013,42129804501,Westmoreland,1106.0,40.266955,-79.513859,1268.0,145.0,1050.0,0.0,0.0,52.0,0.0,0.0,21.0,1268.0,254.0,304.0,613.0,91.0,88.0,66.0,37.0,331.0,613.0,0.0,194.0,1185.62,105.46,487.24,7.91,0.0,0.0,0.0,0.0,0.0,0.0,0.0,0.0,0.0,0.0,0.0,0.0,0.0,0.0,0.0,0.0,0.0,0.0,0.0,0.0,0.0,0.0,0.0,0.0,0.0,0.0,0,0,0,0,0,0,0,0,0,0,0.0,0.0,0.0,0.0,0.0,0.0,0.0,0.0,0.0,0.0,0.0,0.0,0.0,0.0,0.0,0.0,0.0,0.0,0.0,0.0
421298045014,42129804501,Westmoreland,1067.0,40.274874,-79.521017,1184.0,0.0,1115.0,8.0,0.0,9.0,0.0,0.0,52.0,1184.0,71.0,342.0,434.0,32.0,31.0,97.0,36.0,238.0,434.0,0.0,115.0,1143.81,101.74,470.05,7.64,0.0,0.0,0.0,0.0,0.0,0.0,0.0,0.0,0.0,0.0,0.0,0.0,0.0,0.0,0.0,0.0,0.0,0.0,0.0,0.0,0.0,0.0,0.0,0.0,0.0,0.0,0,0,0,0,0,0,0,0,0,0,0.0,0.0,0.0,0.0,0.0,0.0,0.0,0.0,0.0,0.0,0.0,0.0,0.0,0.0,0.0,0.0,0.0,0.0,0.0,0.0
421298045031,42129804503,Westmoreland,1115.0,40.292707,-79.521424,1221.0,0.0,1072.0,0.0,0.0,55.0,0.0,0.0,94.0,1221.0,183.0,178.0,594.0,128.0,67.0,55.0,112.0,232.0,594.0,56.0,204.0,1119.43,152.72,521.03,13.7,0.0,0.0,0.0,0.0,0.0,0.0,0.0,0.0,0.0,0.0,0.0,0.0,0.0,0.0,0.0,0.0,0.0,0.0,0.0,0.0,0.0,0.0,0.0,0.0,0.0,0.0,0,0,0,0,0,0,0,0,0,0,0.0,0.0,0.0,0.0,0.0,0.0,0.0,0.0,0.0,0.0,0.0,0.0,0.0,0.0,0.0,0.0,0.0,0.0,0.0,0.0
421298045032,42129804503,Westmoreland,1652.0,40.28513,-79.533068,1563.0,19.0,1456.0,28.0,0.0,39.0,0.0,0.0,21.0,1563.0,171.0,508.0,699.0,59.0,238.0,121.0,102.0,179.0,699.0,93.0,343.0,1658.57,226.28,771.97,20.3,0.0,0.0,0.0,0.0,0.0,0.0,0.0,0.0,0.0,0.0,0.0,0.0,0.0,0.0,0.0,0.0,0.0,0.0,0.0,0.0,0.0,0.0,0.0,0.0,0.0,0.0,0,0,0,0,0,0,0,0,0,0,0.0,0.0,0.0,0.0,0.0,0.0,0.0,0.0,0.0,0.0,0.0,0.0,0.0,0.0,0.0,0.0,0.0,0.0,0.0,0.0
421298045041,42129804504,Westmoreland,1155.0,40.276997,-79.509438,1272.0,18.0,1253.0,1.0,0.0,0.0,0.0,0.0,0.0,1272.0,149.0,442.0,518.0,17.0,77.0,58.0,106.0,260.0,518.0,0.0,125.0,1155.39,105.21,504.47,0.0,0.0,0.0,0.0,0.0,0.0,0.0,0.0,0.0,0.0,0.0,0.0,0.0,0.0,0.0,0.0,0.0,0.0,0.0,0.0,0.0,0.0,0.0,0.0,0.0,0.0,0.0,0,0,0,0,0,0,0,0,0,0,0.0,0.0,0.0,0.0,0.0,0.0,0.0,0.0,0.0,0.0,0.0,0.0,0.0,0.0,0.0,0.0,0.0,0.0,0.0,0.0
421298045042,42129804504,Westmoreland,1842.0,40.292012,-79.505196,1767.0,28.0,1578.0,93.0,0.0,7.0,0.0,0.0,61.0,1767.0,304.0,530.0,791.0,122.0,62.0,192.0,91.0,324.0,791.0,7.0,399.0,1842.61,167.79,804.53,0.0,0.0,0.0,0.0,0.0,0.0,0.0,0.0,0.0,0.0,0.0,0.0,0.0,0.0,0.0,0.0,0.0,0.0,0.0,0.0,0.0,0.0,0.0,0.0,0.0,0.0,0.0,0,0,0,0,0,0,0,0,0,0,0.0,0.0,0.0,0.0,0.0,0.0,0.0,0.0,0.0,0.0,0.0,0.0,0.0,0.0,0.0,0.0,0.0,0.0,0.0,0.0
421298046001,42129804600,Westmoreland,709.0,40.244323,-79.577151,568.0,15.0,521.0,0.0,0.0,0.0,0.0,0.0,32.0,568.0,109.0,160.0,255.0,19.0,17.0,130.0,61.0,28.0,255.0,8.0,113.0,688.5,107.72,323.16,0.0,0.0,0.0,0.0,0.0,0.0,0.0,0.0,0.0,0.0,0.0,0.0,0.0,0.0,0.0,0.0,0.0,0.0,0.0,0.0,0.0,0.0,0.0,0.0,0.0,0.0,0.0,0,0,0,0,0,0,0,0,0,0,0.0,0.0,0.0,0.0,0.0,0.0,0.0,0.0,0.0,0.0,0.0,0.0,0.0,0.0,0.0,0.0,0.0,0.0,0.0,0.0
421298046002,42129804600,Westmoreland,562.0,40.2471,-79.583422,669.0,0.0,669.0,0.0,0.0,0.0,0.0,0.0,0.0,669.0,115.0,167.0,276.0,14.0,38.0,56.0,79.0,89.0,276.0,0.0,78.0,545.75,85.39,256.16,0.0,0.0,0.0,0.0,0.0,0.0,0.0,0.0,0.0,0.0,0.0,0.0,0.0,0.0,0.0,0.0,0.0,0.0,0.0,0.0,0.0,0.0,0.0,0.0,0.0,0.0,0.0,0,0,0,0,0,0,0,0,0,0,0.0,0.0,0.0,0.0,0.0,0.0,0.0,0.0,0.0,0.0,0.0,0.0,0.0,0.0,0.0,0.0,0.0,0.0,0.0,0.0
421298046003,42129804600,Westmoreland,1704.0,40.235935,-79.584409,1689.0,0.0,1565.0,0.0,0.0,0.0,0.0,32.0,92.0,1689.0,328.0,369.0,825.0,112.0,198.0,155.0,102.0,258.0,825.0,38.0,333.0,1654.74,258.89,776.68,0.0,0.0,0.0,0.0,0.0,0.0,0.0,0.0,0.0,0.0,0.0,0.0,0.0,0.0,0.0,0.0,0.0,0.0,0.0,0.0,0.0,0.0,0.0,0.0,0.0,0.0,0.0,0,0,0,0,0,0,0,0,0,0,0.0,0.0,0.0,0.0,0.0,0.0,0.0,0.0,0.0,0.0,0.0,0.0,0.0,0.0,0.0,0.0,0.0,0.0,0.0,0.0
421298047011,42129804701,Westmoreland,1070.0,40.267492,-79.625273,1261.0,48.0,1196.0,8.0,0.0,0.0,0.0,0.0,9.0,1261.0,261.0,380.0,583.0,29.0,184.0,52.0,73.0,245.0,583.0,40.0,191.0,992.08,147.55,439.04,0.0,0.0,0.0,0.0,0.0,0.0,0.0,0.0,0.0,0.0,0.0,0.0,0.0,0.0,0.0,0.0,0.0,0.0,0.0,0.0,0.0,0.0,0.0,0.0,0.0,0.0,0.0,0,0,0,0,0,0,0,0,0,0,0.0,0.0,0.0,0.0,0.0,0.0,0.0,0.0,0.0,0.0,0.0,0.0,0.0,0.0,0.0,0.0,0.0,0.0,0.0,0.0
421298047012,42129804701,Westmoreland,1896.0,40.27577,-79.585864,1489.0,44.0,1398.0,0.0,2.0,0.0,0.0,0.0,45.0,1489.0,265.0,477.0,634.0,84.0,43.0,107.0,125.0,275.0,634.0,14.0,266.0,1757.92,261.45,777.96,0.0,0.0,0.0,0.0,0.0,0.0,0.0,0.0,0.0,0.0,0.0,0.0,0.0,0.0,0.0,0.0,0.0,0.0,0.0,0.0,0.0,0.0,0.0,0.0,0.0,0.0,0.0,0,0,0,0,0,0,0,0,0,0,0.0,0.0,0.0,0.0,0.0,0.0,0.0,0.0,0.0,0.0,0.0,0.0,0.0,0.0,0.0,0.0,0.0,0.0,0.0,0.0
421298047031,42129804703,Westmoreland,2244.0,40.280837,-79.577136,2150.0,40.0,1858.0,185.0,0.0,0.0,0.0,0.0,67.0,2150.0,399.0,609.0,778.0,44.0,99.0,115.0,131.0,389.0,778.0,63.0,135.0,2050.0,426.0,778.0,0.0,0.0,0.0,0.0,0.0,0.0,0.0,0.0,0.0,0.0,0.0,0.0,0.0,0.0,0.0,0.0,0.0,0.0,0.0,0.0,0.0,0.0,0.0,0.0,0.0,0.0,0.0,0,0,0,0,0,0,0,0,0,0,0.0,0.0,0.0,0.0,0.0,0.0,0.0,0.0,0.0,0.0,0.0,0.0,0.0,0.0,0.0,0.0,0.0,0.0,0.0,0.0
421298047041,42129804704,Westmoreland,1058.0,40.289226,-79.561106,1096.0,0.0,1058.0,32.0,0.0,0.0,0.0,0.0,6.0,1096.0,188.0,282.0,483.0,50.0,99.0,122.0,31.0,181.0,483.0,35.0,215.0,1081.0,233.0,483.0,0.0,0.0,0.0,0.0,0.0,0.0,0.0,0.0,0.0,0.0,0.0,0.0,0.0,0.0,0.0,0.0,0.0,0.0,0.0,0.0,0.0,0.0,0.0,0.0,0.0,0.0,0.0,0,0,0,0,0,0,0,0,0,0,0.0,0.0,0.0,0.0,0.0,0.0,0.0,0.0,0.0,0.0,0.0,0.0,0.0,0.0,0.0,0.0,0.0,0.0,0.0,0.0
421298047051,42129804705,Westmoreland,1121.0,40.271926,-79.558922,1202.0,15.0,978.0,98.0,12.0,42.0,0.0,0.0,57.0,1202.0,0.0,443.0,191.0,154.0,30.0,7.0,0.0,0.0,191.0,97.0,94.0,233.0,109.0,191.0,0.0,0.0,0.0,0.0,0.0,0.0,0.0,0.0,0.0,0.0,0.0,0.0,0.0,0.0,0.0,0.0,0.0,0.0,0.0,0.0,0.0,0.0,0.0,0.0,0.0,0.0,0.0,0,0,0,0,0,0,0,0,0,0,0.0,0.0,0.0,0.0,0.0,0.0,0.0,0.0,0.0,0.0,0.0,0.0,0.0,0.0,0.0,0.0,0.0,0.0,0.0,0.0
421298047061,42129804706,Westmoreland,1307.0,40.272458,-79.568495,1402.0,160.0,1121.0,43.0,0.0,15.0,0.0,0.0,63.0,1402.0,350.0,245.0,493.0,41.0,92.0,61.0,95.0,204.0,493.0,26.0,170.0,1385.0,257.0,493.0,0.0,0.0,0.0,0.0,0.0,0.0,0.0,0.0,0.0,0.0,0.0,0.0,0.0,0.0,0.0,0.0,0.0,0.0,0.0,0.0,0.0,0.0,0.0,0.0,0.0,0.0,0.0,0,0,0,0,0,0,0,0,0,0,0.0,0.0,0.0,0.0,0.0,0.0,0.0,0.0,0.0,0.0,0.0,0.0,0.0,0.0,0.0,0.0,0.0,0.0,0.0,0.0
421298048011,42129804801,Westmoreland,992.0,40.299822,-79.583867,836.0,56.0,722.0,0.0,6.0,19.0,0.0,0.0,33.0,836.0,56.0,285.0,484.0,106.0,202.0,49.0,49.0,78.0,484.0,54.0,309.0,946.17,219.91,478.15,0.0,0.0,0.0,0.0,0.0,0.0,0.0,0.0,0.0,0.0,0.0,0.0,0.0,0.0,0.0,0.0,0.0,0.0,0.0,0.0,0.0,0.0,0.0,0.0,0.0,0.0,0.0,0,0,0,0,0,0,0,0,0,0,0.0,0.0,0.0,0.0,0.0,0.0,0.0,0.0,0.0,0.0,0.0,0.0,0.0,0.0,0.0,0.0,0.0,0.0,0.0,0.0
421298048012,42129804801,Westmoreland,1259.0,40.304726,-79.618088,1311.0,0.0,1301.0,0.0,0.0,0.0,0.0,0.0,10.0,1311.0,324.0,282.0,601.0,134.0,221.0,142.0,43.0,61.0,601.0,76.0,199.0,1200.83,279.09,606.85,0.0,0.0,0.0,0.0,0.0,0.0,0.0,0.0,0.0,0.0,0.0,0.0,0.0,0.0,0.0,0.0,0.0,0.0,0.0,0.0,0.0,0.0,0.0,0.0,0.0,0.0,0.0,0,0,0,0,0,0,0,0,0,0,0.0,0.0,0.0,0.0,0.0,0.0,0.0,0.0,0.0,0.0,0.0,0.0,0.0,0.0,0.0,0.0,0.0,0.0,0.0,0.0
421298048031,42129804803,Westmoreland,1777.0,40.28893,-79.680791,1371.0,0.0,1310.0,0.0,3.0,0.0,0.0,0.0,58.0,1371.0,316.0,310.0,622.0,120.0,148.0,41.0,93.0,220.0,622.0,28.0,190.0,2007.14,262.18,784.21,0.0,0.0,0.0,0.0,0.0,0.0,0.0,0.0,0.0,0.0,0.0,0.0,0.0,0.0,0.0,0.0,0.0,0.0,0.0,0.0,0.0,0.0,0.0,0.0,0.0,0.0,0.0,0,0,0,0,0,0,0,0,0,0,0.0,0.0,0.0,0.0,0.0,0.0,0.0,0.0,0.0,0.0,0.0,0.0,0.0,0.0,0.0,0.0,0.0,0.0,0.0,0.0
421298048032,42129804803,Westmoreland,1273.0,40.295974,-79.674883,2078.0,0.0,2049.0,2.0,0.0,0.0,0.0,0.0,27.0,2078.0,635.0,427.0,724.0,101.0,27.0,100.0,174.0,322.0,724.0,0.0,192.0,1437.86,187.82,561.79,0.0,0.0,0.0,0.0,0.0,0.0,0.0,0.0,0.0,0.0,0.0,0.0,0.0,0.0,0.0,0.0,0.0,0.0,0.0,0.0,0.0,0.0,0.0,0.0,0.0,0.0,0.0,0,0,0,0,0,0,0,0,0,0,0.0,0.0,0.0,0.0,0.0,0.0,0.0,0.0,0.0,0.0,0.0,0.0,0.0,0.0,0.0,0.0,0.0,0.0,0.0,0.0
421298048041,42129804804,Westmoreland,1172.0,40.29201,-79.584387,1261.0,0.0,1176.0,0.0,0.0,23.0,0.0,0.0,62.0,1261.0,306.0,239.0,502.0,50.0,20.0,94.0,74.0,264.0,502.0,0.0,113.0,1113.01,144.16,479.35,0.0,0.0,0.0,0.0,0.0,0.0,0.0,0.0,0.0,0.0,0.0,0.0,0.0,0.0,0.0,0.0,0.0,0.0,0.0,0.0,0.0,0.0,0.0,0.0,0.0,0.0,0.0,0,0,0,0,0,0,0,0,0,0,0.0,0.0,0.0,0.0,0.0,0.0,0.0,0.0,0.0,0.0,0.0,0.0,0.0,0.0,0.0,0.0,0.0,0.0,0.0,0.0
421298048042,42129804804,Westmoreland,1828.0,40.300542,-79.655027,1588.0,0.0,1588.0,0.0,0.0,0.0,0.0,0.0,0.0,1588.0,220.0,482.0,725.0,67.0,159.0,101.0,75.0,323.0,725.0,0.0,227.0,1735.99,224.84,747.65,0.0,0.0,0.0,0.0,0.0,0.0,0.0,0.0,0.0,0.0,0.0,0.0,0.0,0.0,0.0,0.0,0.0,0.0,0.0,0.0,0.0,0.0,0.0,0.0,0.0,0.0,0.0,0,0,0,0,0,0,0,0,0,0,0.0,0.0,0.0,0.0,0.0,0.0,0.0,0.0,0.0,0.0,0.0,0.0,0.0,0.0,0.0,0.0,0.0,0.0,0.0,0.0
421298049011,42129804901,Westmoreland,1211.0,40.230435,-79.602217,1145.0,7.0,1061.0,0.0,0.0,21.0,0.0,0.0,56.0,1145.0,246.0,239.0,460.0,77.0,57.0,109.0,15.0,202.0,460.0,47.0,87.0,1076.9,139.07,478.62,3.16,0.0,0.0,0.0,0.0,0.0,0.0,0.0,0.0,0.0,0.0,0.0,0.0,0.0,0.0,0.0,0.0,0.0,0.0,0.0,0.0,0.0,0.0,0.0,0.0,0.0,0.0,0,0,0,0,0,0,0,0,0,0,0.0,0.0,0.0,0.0,0.0,0.0,0.0,0.0,0.0,0.0,0.0,0.0,0.0,0.0,0.0,0.0,0.0,0.0,0.0,0.0
421298049012,42129804901,Westmoreland,1471.0,40.246312,-79.651124,1240.0,0.0,1233.0,0.0,0.0,0.0,0.0,4.0,3.0,1240.0,297.0,396.0,600.0,88.0,197.0,92.0,79.0,144.0,600.0,60.0,181.0,1308.1,168.93,581.38,3.84,0.0,0.0,0.0,0.0,0.0,0.0,0.0,0.0,0.0,0.0,0.0,0.0,0.0,0.0,0.0,0.0,0.0,0.0,0.0,0.0,0.0,0.0,0.0,0.0,0.0,0.0,0,0,0,0,0,0,0,0,0,0,0.0,0.0,0.0,0.0,0.0,0.0,0.0,0.0,0.0,0.0,0.0,0.0,0.0,0.0,0.0,0.0,0.0,0.0,0.0,0.0
421298049021,42129804902,Westmoreland,1379.0,40.214116,-79.60354,1484.0,11.0,1427.0,0.0,0.0,0.0,0.0,0.0,46.0,1484.0,236.0,340.0,754.0,81.0,180.0,153.0,119.0,221.0,754.0,15.0,328.0,1335.89,251.99,605.08,0.0,0.0,0.0,0.0,0.0,0.0,0.0,0.0,0.0,0.0,0.0,0.0,0.0,0.0,0.0,0.0,0.0,0.0,0.0,0.0,0.0,0.0,0.0,0.0,0.0,0.0,0.0,0,0,0,0,0,0,0,0,0,0,0.0,0.0,0.0,0.0,0.0,0.0,0.0,0.0,0.0,0.0,0.0,0.0,0.0,0.0,0.0,0.0,0.0,0.0,0.0,0.0
421298049022,42129804902,Westmoreland,1308.0,40.208375,-79.590122,1158.0,6.0,1105.0,26.0,0.0,2.0,0.0,0.0,19.0,1158.0,223.0,333.0,425.0,34.0,97.0,48.0,62.0,184.0,425.0,11.0,135.0,1267.11,239.01,573.92,0.0,0.0,0.0,0.0,0.0,0.0,0.0,0.0,0.0,0.0,0.0,0.0,0.0,0.0,0.0,0.0,0.0,0.0,0.0,0.0,0.0,0.0,0.0,0.0,0.0,0.0,0.0,0,0,0,0,0,0,0,0,0,0,0.0,0.0,0.0,0.0,0.0,0.0,0.0,0.0,0.0,0.0,0.0,0.0,0.0,0.0,0.0,0.0,0.0,0.0,0.0,0.0
421298050001,42129805000,Westmoreland,1259.0,40.269246,-79.711626,980.0,38.0,838.0,68.0,0.0,0.0,0.0,0.0,36.0,980.0,70.0,281.0,480.0,67.0,83.0,132.0,110.0,88.0,480.0,22.0,136.0,1283.78,193.31,524.7,3.19,0.0,0.0,0.0,0.0,0.0,0.0,0.0,0.0,0.0,0.0,0.0,0.0,0.0,0.0,0.0,0.0,0.0,0.0,0.0,0.0,0.0,0.0,0.0,0.0,0.0,0.0,0,0,0,0,0,0,0,0,0,0,0.0,0.0,0.0,0.0,0.0,0.0,0.0,0.0,0.0,0.0,0.0,0.0,0.0,0.0,0.0,0.0,0.0,0.0,0.0,0.0
421298050002,42129805000,Westmoreland,1031.0,40.228879,-79.705015,1127.0,0.0,1100.0,0.0,0.0,8.0,0.0,0.0,19.0,1127.0,147.0,336.0,511.0,61.0,205.0,29.0,96.0,120.0,511.0,0.0,119.0,1051.3,158.3,429.68,2.61,0.0,0.0,0.0,0.0,0.0,0.0,0.0,0.0,0.0,0.0,0.0,0.0,0.0,0.0,0.0,0.0,0.0,0.0,0.0,0.0,0.0,0.0,0.0,0.0,0.0,0.0,0,0,0,0,0,0,0,0,0,0,0.0,0.0,0.0,0.0,0.0,0.0,0.0,0.0,0.0,0.0,0.0,0.0,0.0,0.0,0.0,0.0,0.0,0.0,0.0,0.0
421298050003,42129805000,Westmoreland,1266.0,40.246642,-79.722714,1519.0,41.0,1445.0,2.0,0.0,0.0,0.0,14.0,17.0,1519.0,532.0,113.0,491.0,22.0,89.0,64.0,172.0,144.0,491.0,0.0,89.0,1290.92,194.39,527.62,3.2,0.0,0.0,0.0,0.0,0.0,0.0,0.0,0.0,0.0,0.0,0.0,0.0,0.0,0.0,0.0,0.0,0.0,0.0,0.0,0.0,0.0,0.0,0.0,0.0,0.0,0.0,0,0,0,0,0,0,0,0,0,0,0.0,0.0,0.0,0.0,0.0,0.0,0.0,0.0,0.0,0.0,0.0,0.0,0.0,0.0,0.0,0.0,0.0,0.0,0.0,0.0
421298051001,42129805100,Westmoreland,1500.0,40.274205,-79.746717,1370.0,16.0,1319.0,0.0,0.0,35.0,0.0,0.0,0.0,1370.0,233.0,269.0,637.0,51.0,119.0,93.0,130.0,244.0,637.0,0.0,180.0,1424.77,248.3,648.19,6.79,0.0,0.0,0.0,0.0,0.0,0.0,0.0,0.0,0.0,0.0,0.0,0.0,0.0,0.0,0.0,0.0,0.0,0.0,0.0,0.0,0.0,0.0,0.0,0.0,0.0,0.0,0,0,0,0,0,0,0,0,0,0,0.0,0.0,0.0,0.0,0.0,0.0,0.0,0.0,0.0,0.0,0.0,0.0,0.0,0.0,0.0,0.0,0.0,0.0,0.0,0.0
421298051002,42129805100,Westmoreland,1152.0,40.239761,-79.788961,1149.0,0.0,1132.0,0.0,1.0,0.0,0.0,0.0,16.0,1149.0,224.0,287.0,509.0,99.0,115.0,114.0,36.0,145.0,509.0,31.0,148.0,1094.23,190.7,497.81,5.21,0.0,0.0,0.0,0.0,0.0,0.0,0.0,0.0,0.0,0.0,0.0,0.0,0.0,0.0,0.0,0.0,0.0,0.0,0.0,0.0,0.0,0.0,0.0,0.0,0.0,0.0,0,0,0,0,0,0,0,0,0,0,0.0,0.0,0.0,0.0,0.0,0.0,0.0,0.0,0.0,0.0,0.0,0.0,0.0,0.0,0.0,0.0,0.0,0.0,0.0,0.0
421298052001,42129805200,Westmoreland,1094.0,40.152219,-79.874044,1128.0,0.0,896.0,161.0,0.0,0.0,0.0,1.0,70.0,1128.0,283.0,124.0,488.0,163.0,101.0,26.0,96.0,102.0,488.0,55.0,208.0,1069.77,247.64,456.87,0.0,0.0,0.0,0.0,0.0,0.0,0.0,0.0,0.0,0.0,0.0,0.0,0.0,0.0,0.0,0.0,0.0,0.0,0.0,0.0,0.0,0.0,0.0,0.0,0.0,0.0,0.0,0,0,0,0,0,0,0,0,0,0,0.0,0.0,0.0,0.0,0.0,0.0,0.0,0.0,0.0,0.0,0.0,0.0,0.0,0.0,0.0,0.0,0.0,0.0,0.0,0.0
421298052002,42129805200,Westmoreland,757.0,40.15648,-79.880573,682.0,0.0,249.0,365.0,5.0,26.0,0.0,0.0,37.0,682.0,232.0,143.0,285.0,135.0,27.0,50.0,24.0,49.0,285.0,14.0,219.0,740.23,171.36,316.13,0.0,0.0,0.0,0.0,0.0,0.0,0.0,0.0,0.0,0.0,0.0,0.0,0.0,0.0,0.0,0.0,0.0,0.0,0.0,0.0,0.0,0.0,0.0,0.0,0.0,0.0,0.0,0,0,0,0,0,0,0,0,0,0,0.0,0.0,0.0,0.0,0.0,0.0,0.0,0.0,0.0,0.0,0.0,0.0,0.0,0.0,0.0,0.0,0.0,0.0,0.0,0.0
421298054001,42129805400,Westmoreland,737.0,40.158396,-79.892394,797.0,92.0,428.0,163.0,0.0,0.0,0.0,89.0,25.0,797.0,181.0,77.0,324.0,122.0,131.0,32.0,18.0,21.0,324.0,94.0,121.0,766.44,168.59,340.4,0.0,0.0,0.0,0.0,0.0,0.0,0.0,0.0,0.0,0.0,0.0,0.0,0.0,0.0,0.0,0.0,0.0,0.0,0.0,0.0,0.0,0.0,0.0,0.0,0.0,0.0,0.0,0,0,0,0,0,0,0,0,0,0,0.0,0.0,0.0,0.0,0.0,0.0,0.0,0.0,0.0,0.0,0.0,0.0,0.0,0.0,0.0,0.0,0.0,0.0,0.0,0.0
421298054002,42129805400,Westmoreland,640.0,40.158781,-79.887674,635.0,0.0,349.0,257.0,0.0,0.0,0.0,0.0,29.0,635.0,103.0,74.0,312.0,180.0,65.0,46.0,17.0,4.0,312.0,95.0,89.0,665.56,146.41,295.6,0.0,0.0,0.0,0.0,0.0,0.0,0.0,0.0,0.0,0.0,0.0,0.0,0.0,0.0,0.0,0.0,0.0,0.0,0.0,0.0,0.0,0.0,0.0,0.0,0.0,0.0,0.0,0,0,0,0,0,0,0,0,0,0,0.0,0.0,0.0,0.0,0.0,0.0,0.0,0.0,0.0,0.0,0.0,0.0,0.0,0.0,0.0,0.0,0.0,0.0,0.0,0.0
421298055001,42129805500,Westmoreland,1294.0,40.1442,-79.874135,1397.0,1.0,1309.0,0.0,0.0,0.0,0.0,0.0,87.0,1397.0,154.0,574.0,668.0,38.0,75.0,89.0,107.0,359.0,668.0,8.0,185.0,1245.76,281.29,610.11,0.0,0.0,0.0,0.0,0.0,0.0,0.0,0.0,0.0,0.0,0.0,0.0,0.0,0.0,0.0,0.0,0.0,0.0,0.0,0.0,0.0,0.0,0.0,0.0,0.0,0.0,0.0,0,0,0,0,0,0,0,0,0,0,0.0,0.0,0.0,0.0,0.0,0.0,0.0,0.0,0.0,0.0,0.0,0.0,0.0,0.0,0.0,0.0,0.0,0.0,0.0,0.0
421298055002,42129805500,Westmoreland,1220.0,40.150188,-79.893275,936.0,8.0,592.0,327.0,0.0,0.0,0.0,0.0,9.0,936.0,172.0,276.0,442.0,96.0,145.0,95.0,28.0,78.0,442.0,35.0,226.0,1174.52,265.2,575.22,0.0,0.0,0.0,0.0,0.0,0.0,0.0,0.0,0.0,0.0,0.0,0.0,0.0,0.0,0.0,0.0,0.0,0.0,0.0,0.0,0.0,0.0,0.0,0.0,0.0,0.0,0.0,0,0,0,0,0,0,0,0,0,0,0.0,0.0,0.0,0.0,0.0,0.0,0.0,0.0,0.0,0.0,0.0,0.0,0.0,0.0,0.0,0.0,0.0,0.0,0.0,0.0
421298055003,42129805500,Westmoreland,1134.0,40.146524,-79.882623,1205.0,54.0,1069.0,0.0,0.0,0.0,0.0,0.0,82.0,1205.0,219.0,268.0,610.0,109.0,145.0,121.0,108.0,127.0,610.0,18.0,338.0,1091.72,246.51,534.67,0.0,0.0,0.0,0.0,0.0,0.0,0.0,0.0,0.0,0.0,0.0,0.0,0.0,0.0,0.0,0.0,0.0,0.0,0.0,0.0,0.0,0.0,0.0,0.0,0.0,0.0,0.0,0,0,0,0,0,0,0,0,0,0,0.0,0.0,0.0,0.0,0.0,0.0,0.0,0.0,0.0,0.0,0.0,0.0,0.0,0.0,0.0,0.0,0.0,0.0,0.0,0.0
421298056001,42129805600,Westmoreland,1873.0,40.13107,-79.863325,1723.0,107.0,1501.0,67.0,0.0,0.0,0.0,35.0,13.0,1723.0,348.0,434.0,838.0,226.0,189.0,193.0,60.0,170.0,838.0,93.0,394.0,1723.0,369.0,838.0,1.0,0.0,0.0,0.0,0.0,0.0,0.0,0.0,0.0,0.0,0.0,0.0,0.0,0.0,0.0,0.0,0.0,0.0,0.0,0.0,0.0,0.0,0.0,0.0,0.0,0.0,0.0,0,0,0,0,0,0,0,0,0,0,0.0,0.0,0.0,0.0,0.0,0.0,0.0,0.0,0.0,0.0,0.0,0.0,0.0,0.0,0.0,0.0,0.0,0.0,0.0,0.0
421298058001,42129805800,Westmoreland,2040.0,40.173162,-79.841281,1763.0,0.0,1377.0,240.0,0.0,0.0,0.0,66.0,80.0,1763.0,480.0,372.0,788.0,233.0,171.0,113.0,13.0,258.0,788.0,107.0,252.0,1818.9,478.19,870.89,0.0,0.0,0.0,0.0,0.0,0.0,0.0,0.0,0.0,0.0,0.0,0.0,0.0,0.0,0.0,0.0,0.0,0.0,0.0,0.0,0.0,0.0,0.0,0.0,0.0,0.0,0.0,0,0,0,0,0,0,0,0,0,0,0.0,0.0,0.0,0.0,0.0,0.0,0.0,0.0,0.0,0.0,0.0,0.0,0.0,0.0,0.0,0.0,0.0,0.0,0.0,0.0
421298058002,42129805800,Westmoreland,1134.0,40.132702,-79.852309,1067.0,0.0,948.0,100.0,0.0,0.0,0.0,0.0,19.0,1067.0,136.0,310.0,567.0,198.0,109.0,72.0,39.0,149.0,567.0,30.0,263.0,1011.1,265.81,484.11,0.0,0.0,0.0,0.0,0.0,0.0,0.0,0.0,0.0,0.0,0.0,0.0,0.0,0.0,0.0,0.0,0.0,0.0,0.0,0.0,0.0,0.0,0.0,0.0,0.0,0.0,0.0,0,0,0,0,0,0,0,0,0,0,0.0,0.0,0.0,0.0,0.0,0.0,0.0,0.0,0.0,0.0,0.0,0.0,0.0,0.0,0.0,0.0,0.0,0.0,0.0,0.0
421298059011,42129805901,Westmoreland,1514.0,40.141393,-79.781654,1504.0,11.0,1416.0,41.0,0.0,0.0,0.0,8.0,28.0,1504.0,271.0,437.0,665.0,72.0,147.0,106.0,82.0,258.0,665.0,17.0,192.0,1504.0,223.0,665.0,6.0,0.0,0.0,0.0,0.0,0.0,0.0,0.0,0.0,0.0,0.0,0.0,0.0,0.0,0.0,0.0,0.0,0.0,0.0,0.0,0.0,0.0,0.0,0.0,0.0,0.0,0.0,0,0,0,0,0,0,0,0,0,0,0.0,0.0,0.0,0.0,0.0,0.0,0.0,0.0,0.0,0.0,0.0,0.0,0.0,0.0,0.0,0.0,0.0,0.0,0.0,0.0
421298059031,42129805903,Westmoreland,1253.0,40.198011,-79.809252,1159.0,0.0,1159.0,0.0,0.0,0.0,0.0,0.0,0.0,1159.0,142.0,273.0,488.0,39.0,113.0,39.0,40.0,257.0,488.0,0.0,58.0,1243.49,166.63,502.18,0.0,0.0,0.0,0.0,0.0,0.0,0.0,0.0,0.0,0.0,0.0,0.0,0.0,0.0,0.0,0.0,0.0,0.0,0.0,0.0,0.0,0.0,0.0,0.0,0.0,0.0,0.0,0,0,0,0,0,0,0,0,0,0,0.0,0.0,0.0,0.0,0.0,0.0,0.0,0.0,0.0,0.0,0.0,0.0,0.0,0.0,0.0,0.0,0.0,0.0,0.0,0.0
421298059032,42129805903,Westmoreland,1519.0,40.185871,-79.79034,1304.0,37.0,1219.0,24.0,0.0,0.0,0.0,0.0,24.0,1304.0,256.0,414.0,514.0,31.0,34.0,66.0,59.0,324.0,514.0,22.0,123.0,1507.47,202.0,608.79,0.0,0.0,0.0,0.0,0.0,0.0,0.0,0.0,0.0,0.0,0.0,0.0,0.0,0.0,0.0,0.0,0.0,0.0,0.0,0.0,0.0,0.0,0.0,0.0,0.0,0.0,0.0,0,0,0,0,0,0,0,0,0,0,0.0,0.0,0.0,0.0,0.0,0.0,0.0,0.0,0.0,0.0,0.0,0.0,0.0,0.0,0.0,0.0,0.0,0.0,0.0,0.0
421298059033,42129805903,Westmoreland,1048.0,40.221294,-79.777784,1328.0,0.0,1313.0,15.0,0.0,0.0,0.0,0.0,0.0,1328.0,344.0,227.0,529.0,46.0,181.0,110.0,32.0,160.0,529.0,17.0,175.0,1040.04,139.37,420.02,0.0,0.0,0.0,0.0,0.0,0.0,0.0,0.0,0.0,0.0,0.0,0.0,0.0,0.0,0.0,0.0,0.0,0.0,0.0,0.0,0.0,0.0,0.0,0.0,0.0,0.0,0.0,0,0,0,0,0,0,0,0,0,0,0.0,0.0,0.0,0.0,0.0,0.0,0.0,0.0,0.0,0.0,0.0,0.0,0.0,0.0,0.0,0.0,0.0,0.0,0.0,0.0
421298059041,42129805904,Westmoreland,1008.0,40.178359,-79.815173,1147.0,0.0,1037.0,39.0,0.0,37.0,0.0,0.0,34.0,1147.0,117.0,246.0,437.0,14.0,141.0,40.0,86.0,156.0,437.0,0.0,87.0,1148.11,157.93,487.4,0.0,0.0,0.0,0.0,0.0,0.0,0.0,0.0,0.0,0.0,0.0,0.0,0.0,0.0,0.0,0.0,0.0,0.0,0.0,0.0,0.0,0.0,0.0,0.0,0.0,0.0,0.0,0,0,0,0,0,0,0,0,0,0,0.0,0.0,0.0,0.0,0.0,0.0,0.0,0.0,0.0,0.0,0.0,0.0,0.0,0.0,0.0,0.0,0.0,0.0,0.0,0.0
421298059042,42129805904,Westmoreland,1877.0,40.161165,-79.803825,2139.0,42.0,1944.0,60.0,0.0,74.0,0.0,0.0,19.0,2139.0,400.0,551.0,958.0,112.0,177.0,143.0,222.0,304.0,958.0,0.0,384.0,2137.89,294.07,907.6,0.0,0.0,0.0,0.0,0.0,0.0,0.0,0.0,0.0,0.0,0.0,0.0,0.0,0.0,0.0,0.0,0.0,0.0,0.0,0.0,0.0,0.0,0.0,0.0,0.0,0.0,0.0,0,0,0,0,0,0,0,0,0,0,0.0,0.0,0.0,0.0,0.0,0.0,0.0,0.0,0.0,0.0,0.0,0.0,0.0,0.0,0.0,0.0,0.0,0.0,0.0,0.0
421298060001,42129806000,Westmoreland,929.0,40.214821,-79.764059,769.0,0.0,703.0,12.0,0.0,0.0,0.0,0.0,54.0,769.0,41.0,292.0,475.0,179.0,148.0,76.0,12.0,60.0,475.0,141.0,207.0,913.66,199.4,462.93,0.0,0.0,0.0,0.0,0.0,0.0,0.0,0.0,0.0,0.0,0.0,0.0,0.0,0.0,0.0,0.0,0.0,0.0,0.0,0.0,0.0,0.0,0.0,0.0,0.0,0.0,0.0,0,0,0,0,0,0,0,0,0,0,0.0,0.0,0.0,0.0,0.0,0.0,0.0,0.0,0.0,0.0,0.0,0.0,0.0,0.0,0.0,0.0,0.0,0.0,0.0,0.0
421298060002,42129806000,Westmoreland,1736.0,40.207332,-79.770717,1852.0,0.0,1655.0,107.0,0.0,0.0,0.0,0.0,90.0,1852.0,364.0,494.0,853.0,156.0,161.0,159.0,88.0,289.0,853.0,0.0,299.0,1707.34,372.6,865.07,0.0,0.0,0.0,0.0,0.0,0.0,0.0,0.0,0.0,0.0,0.0,0.0,0.0,0.0,0.0,0.0,0.0,0.0,0.0,0.0,0.0,0.0,0.0,0.0,0.0,0.0,0.0,0,0,0,0,0,0,0,0,0,0,0.0,0.0,0.0,0.0,0.0,0.0,0.0,0.0,0.0,0.0,0.0,0.0,0.0,0.0,0.0,0.0,0.0,0.0,0.0,0.0
421298061001,42129806100,Westmoreland,1985.0,40.20261,-79.680321,1884.0,10.0,1800.0,27.0,0.0,11.0,0.0,0.0,36.0,1884.0,285.0,350.0,847.0,109.0,252.0,89.0,161.0,236.0,847.0,12.0,176.0,2160.64,359.61,932.37,0.0,0.0,0.0,0.0,0.0,0.0,0.0,0.0,0.0,0.0,0.0,0.0,0.0,0.0,0.0,0.0,0.0,0.0,0.0,0.0,0.0,0.0,0.0,0.0,0.0,0.0,0.0,0,0,0,0,0,0,0,0,0,0,0.0,0.0,0.0,0.0,0.0,0.0,0.0,0.0,0.0,0.0,0.0,0.0,0.0,0.0,0.0,0.0,0.0,0.0,0.0,0.0
421298061002,42129806100,Westmoreland,1349.0,40.201634,-79.748486,1748.0,0.0,1690.0,45.0,0.0,0.0,0.0,0.0,13.0,1748.0,279.0,290.0,719.0,48.0,140.0,232.0,53.0,246.0,719.0,10.0,200.0,1468.36,244.39,633.63,0.0,0.0,0.0,0.0,0.0,0.0,0.0,0.0,0.0,0.0,0.0,0.0,0.0,0.0,0.0,0.0,0.0,0.0,0.0,0.0,0.0,0.0,0.0,0.0,0.0,0.0,0.0,0,0,0,0,0,0,0,0,0,0,0.0,0.0,0.0,0.0,0.0,0.0,0.0,0.0,0.0,0.0,0.0,0.0,0.0,0.0,0.0,0.0,0.0,0.0,0.0,0.0
421298062001,42129806200,Westmoreland,1205.0,40.15554,-79.723267,1243.0,15.0,1204.0,2.0,0.0,0.0,0.0,0.0,22.0,1243.0,265.0,301.0,516.0,62.0,160.0,106.0,73.0,115.0,516.0,26.0,229.0,1055.55,242.98,473.59,0.0,0.0,0.0,0.0,0.0,0.0,0.0,0.0,0.0,0.0,0.0,0.0,0.0,0.0,0.0,0.0,0.0,0.0,0.0,0.0,0.0,0.0,0.0,0.0,0.0,0.0,0.0,0,0,0,0,0,0,0,0,0,0,0.0,0.0,0.0,0.0,0.0,0.0,0.0,0.0,0.0,0.0,0.0,0.0,0.0,0.0,0.0,0.0,0.0,0.0,0.0,0.0
421298062002,42129806200,Westmoreland,1230.0,40.148631,-79.669437,893.0,0.0,835.0,0.0,0.0,51.0,0.0,0.0,7.0,893.0,79.0,159.0,441.0,89.0,61.0,60.0,115.0,116.0,441.0,27.0,134.0,1077.45,248.02,483.41,0.0,0.0,0.0,0.0,0.0,0.0,0.0,0.0,0.0,0.0,0.0,0.0,0.0,0.0,0.0,0.0,0.0,0.0,0.0,0.0,0.0,0.0,0.0,0.0,0.0,0.0,0.0,0,0,0,0,0,0,0,0,0,0,0.0,0.0,0.0,0.0,0.0,0.0,0.0,0.0,0.0,0.0,0.0,0.0,0.0,0.0,0.0,0.0,0.0,0.0,0.0,0.0
421298063001,42129806300,Westmoreland,1980.0,40.098411,-79.593195,2093.0,0.0,1928.0,38.0,0.0,7.0,0.0,0.0,120.0,2093.0,530.0,394.0,850.0,112.0,202.0,168.0,163.0,205.0,850.0,78.0,290.0,2093.0,291.0,850.0,7.0,0.0,0.0,0.0,0.0,0.0,0.0,0.0,0.0,0.0,0.0,0.0,0.0,0.0,0.0,0.0,0.0,0.0,0.0,0.0,0.0,0.0,0.0,0.0,0.0,0.0,0.0,0,0,0,0,0,0,0,0,0,0,0.0,0.0,0.0,0.0,0.0,0.0,0.0,0.0,0.0,0.0,0.0,0.0,0.0,0.0,0.0,0.0,0.0,0.0,0.0,0.0
421298064001,42129806400,Westmoreland,1094.0,40.105049,-79.5974,1045.0,0.0,999.0,0.0,1.0,0.0,0.0,0.0,45.0,1045.0,110.0,360.0,578.0,229.0,100.0,108.0,40.0,101.0,578.0,70.0,245.0,1013.62,212.1,502.35,9.82,0.0,0.0,0.0,0.0,0.0,0.0,0.0,0.0,0.0,0.0,0.0,0.0,0.0,0.0,0.0,0.0,0.0,0.0,0.0,0.0,0.0,0.0,0.0,0.0,0.0,0.0,0,0,0,0,0,0,0,0,0,0,0.0,0.0,0.0,0.0,0.0,0.0,0.0,0.0,0.0,0.0,0.0,0.0,0.0,0.0,0.0,0.0,0.0,0.0,0.0,0.0
421298064002,42129806400,Westmoreland,1356.0,40.106607,-79.585557,1225.0,4.0,945.0,0.0,0.0,50.0,0.0,0.0,226.0,1225.0,288.0,156.0,547.0,163.0,138.0,73.0,54.0,119.0,547.0,157.0,192.0,1256.38,262.9,622.65,12.18,0.0,0.0,0.0,0.0,0.0,0.0,0.0,0.0,0.0,0.0,0.0,0.0,0.0,0.0,0.0,0.0,0.0,0.0,0.0,0.0,0.0,0.0,0.0,0.0,0.0,0.0,0,0,0,0,0,0,0,0,0,0,0.0,0.0,0.0,0.0,0.0,0.0,0.0,0.0,0.0,0.0,0.0,0.0,0.0,0.0,0.0,0.0,0.0,0.0,0.0,0.0
421298065001,42129806500,Westmoreland,1128.0,40.104158,-79.621829,1066.0,0.0,1027.0,39.0,0.0,0.0,0.0,0.0,0.0,1066.0,127.0,260.0,586.0,218.0,95.0,165.0,38.0,70.0,586.0,94.0,196.0,1089.37,210.68,512.53,0.0,0.0,0.0,0.0,0.0,0.0,0.0,0.0,0.0,0.0,0.0,0.0,0.0,0.0,0.0,0.0,0.0,0.0,0.0,0.0,0.0,0.0,0.0,0.0,0.0,0.0,0.0,0,0,0,0,0,0,0,0,0,0,0.0,0.0,0.0,0.0,0.0,0.0,0.0,0.0,0.0,0.0,0.0,0.0,0.0,0.0,0.0,0.0,0.0,0.0,0.0,0.0
421298065002,42129806500,Westmoreland,1228.0,40.1181,-79.557822,1399.0,0.0,1272.0,0.0,0.0,0.0,0.0,0.0,127.0,1399.0,179.0,419.0,550.0,44.0,76.0,52.0,71.0,307.0,550.0,44.0,145.0,1185.94,229.35,557.97,0.0,0.0,0.0,0.0,0.0,0.0,0.0,0.0,0.0,0.0,0.0,0.0,0.0,0.0,0.0,0.0,0.0,0.0,0.0,0.0,0.0,0.0,0.0,0.0,0.0,0.0,0.0,0,0,0,0,0,0,0,0,0,0,0.0,0.0,0.0,0.0,0.0,0.0,0.0,0.0,0.0,0.0,0.0,0.0,0.0,0.0,0.0,0.0,0.0,0.0,0.0,0.0
421298065003,42129806500,Westmoreland,1282.0,40.134159,-79.56603,1127.0,0.0,1070.0,0.0,0.0,0.0,0.0,0.0,57.0,1127.0,205.0,140.0,521.0,73.0,141.0,81.0,121.0,105.0,521.0,73.0,98.0,1238.09,239.44,582.5,0.0,0.0,0.0,0.0,0.0,0.0,0.0,0.0,0.0,0.0,0.0,0.0,0.0,0.0,0.0,0.0,0.0,0.0,0.0,0.0,0.0,0.0,0.0,0.0,0.0,0.0,0.0,0,0,0,0,0,0,0,0,0,0,0.0,0.0,0.0,0.0,0.0,0.0,0.0,0.0,0.0,0.0,0.0,0.0,0.0,0.0,0.0,0.0,0.0,0.0,0.0,0.0
421298065004,42129806500,Westmoreland,1063.0,40.116969,-79.607223,985.0,0.0,963.0,0.0,2.0,0.0,0.0,0.0,20.0,985.0,159.0,450.0,479.0,134.0,62.0,65.0,73.0,145.0,479.0,150.0,78.0,1026.59,198.54,483.0,0.0,0.0,0.0,0.0,0.0,0.0,0.0,0.0,0.0,0.0,0.0,0.0,0.0,0.0,0.0,0.0,0.0,0.0,0.0,0.0,0.0,0.0,0.0,0.0,0.0,0.0,0.0,0,0,0,0,0,0,0,0,0,0,0.0,0.0,0.0,0.0,0.0,0.0,0.0,0.0,0.0,0.0,0.0,0.0,0.0,0.0,0.0,0.0,0.0,0.0,0.0,0.0
421298066001,42129806600,Westmoreland,1771.0,40.181189,-79.599738,1857.0,46.0,1635.0,0.0,0.0,0.0,0.0,0.0,176.0,1857.0,311.0,557.0,961.0,331.0,59.0,103.0,224.0,244.0,961.0,30.0,457.0,1785.07,180.62,852.66,0.0,0.0,0.0,0.0,0.0,0.0,0.0,0.0,0.0,0.0,0.0,0.0,0.0,0.0,0.0,0.0,0.0,0.0,0.0,0.0,0.0,0.0,0.0,0.0,0.0,0.0,0.0,0,0,0,0,0,0,0,0,0,0,0.0,0.0,0.0,0.0,0.0,0.0,0.0,0.0,0.0,0.0,0.0,0.0,0.0,0.0,0.0,0.0,0.0,0.0,0.0,0.0
421298066002,42129806600,Westmoreland,1249.0,40.158867,-79.596632,1187.0,0.0,1185.0,0.0,0.0,0.0,0.0,0.0,2.0,1187.0,176.0,305.0,493.0,39.0,94.0,108.0,108.0,144.0,493.0,45.0,74.0,1258.93,127.38,601.34,0.0,0.0,0.0,0.0,0.0,0.0,0.0,0.0,0.0,0.0,0.0,0.0,0.0,0.0,0.0,0.0,0.0,0.0,0.0,0.0,0.0,0.0,0.0,0.0,0.0,0.0,0.0,0,0,0,0,0,0,0,0,0,0,0.0,0.0,0.0,0.0,0.0,0.0,0.0,0.0,0.0,0.0,0.0,0.0,0.0,0.0,0.0,0.0,0.0,0.0,0.0,0.0
421298067001,42129806700,Westmoreland,1343.0,40.150895,-79.543253,1530.0,10.0,1504.0,2.0,0.0,0.0,0.0,0.0,14.0,1530.0,365.0,305.0,681.0,49.0,252.0,122.0,108.0,150.0,681.0,50.0,184.0,1300.51,182.65,641.71,3.91,0.0,0.0,0.0,0.0,0.0,0.0,0.0,0.0,0.0,0.0,0.0,0.0,0.0,0.0,0.0,0.0,0.0,0.0,0.0,0.0,0.0,0.0,0.0,0.0,0.0,0.0,0,0,0,0,0,0,0,0,0,0,0.0,0.0,0.0,0.0,0.0,0.0,0.0,0.0,0.0,0.0,0.0,0.0,0.0,0.0,0.0,0.0,0.0,0.0,0.0,0.0
421298067002,42129806700,Westmoreland,1407.0,40.153647,-79.548339,1204.0,3.0,1191.0,0.0,0.0,0.0,0.0,0.0,10.0,1204.0,207.0,503.0,633.0,211.0,195.0,64.0,88.0,75.0,633.0,124.0,238.0,1362.49,191.35,672.29,4.09,0.0,0.0,0.0,0.0,0.0,0.0,0.0,0.0,0.0,0.0,0.0,0.0,0.0,0.0,0.0,0.0,0.0,0.0,0.0,0.0,0.0,0.0,0.0,0.0,0.0,0.0,0,0,0,0,0,0,0,0,0,0,0.0,0.0,0.0,0.0,0.0,0.0,0.0,0.0,0.0,0.0,0.0,0.0,0.0,0.0,0.0,0.0,0.0,0.0,0.0,0.0
421298068001,42129806800,Westmoreland,1495.0,40.14643,-79.537175,1465.0,0.0,1437.0,0.0,0.0,3.0,0.0,0.0,25.0,1465.0,229.0,261.0,713.0,120.0,137.0,209.0,122.0,125.0,713.0,63.0,225.0,1465.0,298.0,713.0,0.0,0.0,0.0,0.0,0.0,0.0,0.0,0.0,0.0,0.0,0.0,0.0,0.0,0.0,0.0,0.0,0.0,0.0,0.0,0.0,0.0,0.0,0.0,0.0,0.0,0.0,0.0,0,0,0,0,0,0,0,0,0,0,0.0,0.0,0.0,0.0,0.0,0.0,0.0,0.0,0.0,0.0,0.0,0.0,0.0,0.0,0.0,0.0,0.0,0.0,0.0,0.0
421298069001,42129806900,Westmoreland,1528.0,40.167319,-79.540461,1444.0,0.0,1425.0,0.0,0.0,0.0,0.0,0.0,19.0,1444.0,169.0,282.0,674.0,83.0,194.0,68.0,107.0,222.0,674.0,71.0,247.0,1603.84,237.58,701.12,0.0,0.0,0.0,0.0,0.0,0.0,0.0,0.0,0.0,0.0,0.0,0.0,0.0,0.0,0.0,0.0,0.0,0.0,0.0,0.0,0.0,0.0,0.0,0.0,0.0,0.0,0.0,0,0,0,0,0,0,0,0,0,0,0.0,0.0,0.0,0.0,0.0,0.0,0.0,0.0,0.0,0.0,0.0,0.0,0.0,0.0,0.0,0.0,0.0,0.0,0.0,0.0
421298069002,42129806900,Westmoreland,1406.0,40.156855,-79.516795,1536.0,5.0,1417.0,110.0,0.0,0.0,0.0,0.0,4.0,1536.0,393.0,225.0,634.0,109.0,128.0,146.0,65.0,186.0,634.0,11.0,259.0,1475.78,218.61,645.14,0.0,0.0,0.0,0.0,0.0,0.0,0.0,0.0,0.0,0.0,0.0,0.0,0.0,0.0,0.0,0.0,0.0,0.0,0.0,0.0,0.0,0.0,0.0,0.0,0.0,0.0,0.0,0,0,0,0,0,0,0,0,0,0,0.0,0.0,0.0,0.0,0.0,0.0,0.0,0.0,0.0,0.0,0.0,0.0,0.0,0.0,0.0,0.0,0.0,0.0,0.0,0.0
421298069003,42129806900,Westmoreland,1015.0,40.140598,-79.525007,1165.0,0.0,1162.0,0.0,0.0,0.0,0.0,0.0,3.0,1165.0,181.0,324.0,504.0,56.0,116.0,63.0,120.0,149.0,504.0,29.0,155.0,1065.38,157.81,465.73,0.0,0.0,0.0,0.0,0.0,0.0,0.0,0.0,0.0,0.0,0.0,0.0,0.0,0.0,0.0,0.0,0.0,0.0,0.0,0.0,0.0,0.0,0.0,0.0,0.0,0.0,0.0,0,0,0,0,0,0,0,0,0,0,0.0,0.0,0.0,0.0,0.0,0.0,0.0,0.0,0.0,0.0,0.0,0.0,0.0,0.0,0.0,0.0,0.0,0.0,0.0,0.0
421298070001,42129807000,Westmoreland,960.0,40.191092,-79.436495,1168.0,0.0,1168.0,0.0,0.0,0.0,0.0,0.0,0.0,1168.0,205.0,291.0,491.0,79.0,59.0,96.0,54.0,203.0,491.0,37.0,91.0,952.22,151.96,474.24,0.0,0.0,0.0,0.0,0.0,0.0,0.0,0.0,0.0,0.0,0.0,0.0,0.0,0.0,0.0,0.0,0.0,0.0,0.0,0.0,0.0,0.0,0.0,0.0,0.0,0.0,0.0,0,0,0,0,0,0,0,0,0,0,0.0,0.0,0.0,0.0,0.0,0.0,0.0,0.0,0.0,0.0,0.0,0.0,0.0,0.0,0.0,0.0,0.0,0.0,0.0,0.0
421298070002,42129807000,Westmoreland,901.0,40.14095,-79.430841,808.0,20.0,714.0,34.0,0.0,0.0,0.0,0.0,40.0,808.0,75.0,276.0,441.0,170.0,115.0,63.0,7.0,86.0,441.0,18.0,152.0,893.69,142.62,445.09,0.0,0.0,0.0,0.0,0.0,0.0,0.0,0.0,0.0,0.0,0.0,0.0,0.0,0.0,0.0,0.0,0.0,0.0,0.0,0.0,0.0,0.0,0.0,0.0,0.0,0.0,0.0,0,0,0,0,0,0,0,0,0,0,0.0,0.0,0.0,0.0,0.0,0.0,0.0,0.0,0.0,0.0,0.0,0.0,0.0,0.0,0.0,0.0,0.0,0.0,0.0,0.0
421298070003,42129807000,Westmoreland,1222.0,40.19097,-79.507828,1111.0,0.0,1088.0,0.0,0.0,0.0,0.0,0.0,23.0,1111.0,124.0,304.0,591.0,175.0,90.0,69.0,88.0,169.0,591.0,66.0,115.0,1212.09,193.43,603.67,0.0,0.0,0.0,0.0,0.0,0.0,0.0,0.0,0.0,0.0,0.0,0.0,0.0,0.0,0.0,0.0,0.0,0.0,0.0,0.0,0.0,0.0,0.0,0.0,0.0,0.0,0.0,0,0,0,0,0,0,0,0,0,0,0.0,0.0,0.0,0.0,0.0,0.0,0.0,0.0,0.0,0.0,0.0,0.0,0.0,0.0,0.0,0.0,0.0,0.0,0.0,0.0
421298071001,42129807100,Westmoreland,1306.0,40.21109,-79.470929,1145.0,0.0,1141.0,0.0,0.0,0.0,0.0,0.0,4.0,1145.0,140.0,293.0,631.0,133.0,80.0,125.0,160.0,133.0,631.0,8.0,155.0,1188.81,207.72,600.75,0.0,0.0,0.0,0.0,0.0,0.0,0.0,0.0,0.0,0.0,0.0,0.0,0.0,0.0,0.0,0.0,0.0,0.0,0.0,0.0,0.0,0.0,0.0,0.0,0.0,0.0,0.0,0,0,0,0,0,0,0,0,0,0,0.0,0.0,0.0,0.0,0.0,0.0,0.0,0.0,0.0,0.0,0.0,0.0,0.0,0.0,0.0,0.0,0.0,0.0,0.0,0.0
421298071002,42129807100,Westmoreland,1041.0,40.219889,-79.506853,865.0,0.0,834.0,0.0,0.0,0.0,0.0,0.0,31.0,865.0,56.0,270.0,442.0,53.0,102.0,64.0,88.0,135.0,442.0,23.0,112.0,947.59,165.58,478.85,0.0,0.0,0.0,0.0,0.0,0.0,0.0,0.0,0.0,0.0,0.0,0.0,0.0,0.0,0.0,0.0,0.0,0.0,0.0,0.0,0.0,0.0,0.0,0.0,0.0,0.0,0.0,0,0,0,0,0,0,0,0,0,0,0.0,0.0,0.0,0.0,0.0,0.0,0.0,0.0,0.0,0.0,0.0,0.0,0.0,0.0,0.0,0.0,0.0,0.0,0.0,0.0
421298071003,42129807100,Westmoreland,740.0,40.209895,-79.497419,800.0,0.0,782.0,1.0,0.0,0.0,0.0,0.0,17.0,800.0,152.0,142.0,347.0,0.0,37.0,81.0,58.0,171.0,347.0,26.0,83.0,673.6,117.7,340.4,0.0,0.0,0.0,0.0,0.0,0.0,0.0,0.0,0.0,0.0,0.0,0.0,0.0,0.0,0.0,0.0,0.0,0.0,0.0,0.0,0.0,0.0,0.0,0.0,0.0,0.0,0.0,0,0,0,0,0,0,0,0,0,0,0.0,0.0,0.0,0.0,0.0,0.0,0.0,0.0,0.0,0.0,0.0,0.0,0.0,0.0,0.0,0.0,0.0,0.0,0.0,0.0
421298072011,42129807201,Westmoreland,1291.0,40.251362,-79.49652,949.0,25.0,857.0,3.0,0.0,0.0,0.0,0.0,64.0,949.0,127.0,246.0,456.0,78.0,111.0,136.0,8.0,123.0,456.0,44.0,59.0,1307.2,165.91,537.96,0.0,0.0,0.0,0.0,0.0,0.0,0.0,0.0,0.0,0.0,0.0,0.0,0.0,0.0,0.0,0.0,0.0,0.0,0.0,0.0,0.0,0.0,0.0,0.0,0.0,0.0,0.0,0,0,0,0,0,0,0,0,0,0,0.0,0.0,0.0,0.0,0.0,0.0,0.0,0.0,0.0,0.0,0.0,0.0,0.0,0.0,0.0,0.0,0.0,0.0,0.0,0.0
421298072012,42129807201,Westmoreland,1247.0,40.274547,-79.473265,1403.0,0.0,1403.0,0.0,0.0,0.0,0.0,0.0,0.0,1403.0,248.0,261.0,581.0,42.0,78.0,75.0,66.0,320.0,581.0,20.0,110.0,1262.65,160.26,519.63,0.0,0.0,0.0,0.0,0.0,0.0,0.0,0.0,0.0,0.0,0.0,0.0,0.0,0.0,0.0,0.0,0.0,0.0,0.0,0.0,0.0,0.0,0.0,0.0,0.0,0.0,0.0,0,0,0,0,0,0,0,0,0,0,0.0,0.0,0.0,0.0,0.0,0.0,0.0,0.0,0.0,0.0,0.0,0.0,0.0,0.0,0.0,0.0,0.0,0.0,0.0,0.0
421298072013,42129807201,Westmoreland,2084.0,40.286202,-79.480514,2328.0,0.0,2238.0,15.0,0.0,0.0,0.0,0.0,75.0,2328.0,602.0,389.0,889.0,46.0,23.0,110.0,69.0,641.0,889.0,8.0,195.0,2110.15,267.83,868.41,0.0,0.0,0.0,0.0,0.0,0.0,0.0,0.0,0.0,0.0,0.0,0.0,0.0,0.0,0.0,0.0,0.0,0.0,0.0,0.0,0.0,0.0,0.0,0.0,0.0,0.0,0.0,0,0,0,0,0,0,0,0,0,0,0.0,0.0,0.0,0.0,0.0,0.0,0.0,0.0,0.0,0.0,0.0,0.0,0.0,0.0,0.0,0.0,0.0,0.0,0.0,0.0
421298072021,42129807202,Westmoreland,1181.0,40.252245,-79.460666,1006.0,21.0,955.0,2.0,0.0,0.0,0.0,0.0,28.0,1006.0,190.0,261.0,500.0,146.0,88.0,75.0,68.0,123.0,500.0,0.0,233.0,1068.21,103.04,446.49,0.0,0.0,0.0,0.0,0.0,0.0,0.0,0.0,0.0,0.0,0.0,0.0,0.0,0.0,0.0,0.0,0.0,0.0,0.0,0.0,0.0,0.0,0.0,0.0,0.0,0.0,0.0,0,0,0,0,0,0,0,0,0,0,0.0,0.0,0.0,0.0,0.0,0.0,0.0,0.0,0.0,0.0,0.0,0.0,0.0,0.0,0.0,0.0,0.0,0.0,0.0,0.0
421298072022,42129807202,Westmoreland,1845.0,40.264624,-79.433805,1851.0,0.0,1743.0,7.0,0.0,97.0,0.0,0.0,4.0,1851.0,368.0,400.0,644.0,58.0,78.0,59.0,47.0,402.0,644.0,15.0,85.0,1668.79,160.96,697.51,0.0,0.0,0.0,0.0,0.0,0.0,0.0,0.0,0.0,0.0,0.0,0.0,0.0,0.0,0.0,0.0,0.0,0.0,0.0,0.0,0.0,0.0,0.0,0.0,0.0,0.0,0.0,0,0,0,0,0,0,0,0,0,0,0.0,0.0,0.0,0.0,0.0,0.0,0.0,0.0,0.0,0.0,0.0,0.0,0.0,0.0,0.0,0.0,0.0,0.0,0.0,0.0
421298073001,42129807300,Westmoreland,1432.0,40.26566,-79.392209,1352.0,3.0,1318.0,2.0,0.0,0.0,0.0,0.0,29.0,1352.0,117.0,419.0,657.0,114.0,142.0,125.0,21.0,255.0,657.0,95.0,238.0,1404.83,255.51,627.32,0.0,0.0,0.0,0.0,0.0,0.0,0.0,0.0,0.0,0.0,0.0,0.0,0.0,0.0,0.0,0.0,0.0,0.0,0.0,0.0,0.0,0.0,0.0,0.0,0.0,0.0,0.0,0,0,0,0,0,0,0,0,0,0,0.0,0.0,0.0,0.0,0.0,0.0,0.0,0.0,0.0,0.0,0.0,0.0,0.0,0.0,0.0,0.0,0.0,0.0,0.0,0.0
421298073002,42129807300,Westmoreland,1166.0,40.242907,-79.394034,1219.0,0.0,1069.0,0.0,0.0,0.0,0.0,0.0,150.0,1219.0,319.0,285.0,489.0,41.0,170.0,75.0,64.0,139.0,489.0,15.0,243.0,1143.88,208.05,510.79,0.0,0.0,0.0,0.0,0.0,0.0,0.0,0.0,0.0,0.0,0.0,0.0,0.0,0.0,0.0,0.0,0.0,0.0,0.0,0.0,0.0,0.0,0.0,0.0,0.0,0.0,0.0,0,0,0,0,0,0,0,0,0,0,0.0,0.0,0.0,0.0,0.0,0.0,0.0,0.0,0.0,0.0,0.0,0.0,0.0,0.0,0.0,0.0,0.0,0.0,0.0,0.0
421298073003,42129807300,Westmoreland,1113.0,40.282692,-79.367654,948.0,0.0,934.0,4.0,0.0,0.0,0.0,2.0,8.0,948.0,122.0,330.0,429.0,48.0,140.0,85.0,59.0,97.0,429.0,12.0,238.0,1091.88,198.59,487.58,0.0,0.0,0.0,0.0,0.0,0.0,0.0,0.0,0.0,0.0,0.0,0.0,0.0,0.0,0.0,0.0,0.0,0.0,0.0,0.0,0.0,0.0,0.0,0.0,0.0,0.0,0.0,0,0,0,0,0,0,0,0,0,0,0.0,0.0,0.0,0.0,0.0,0.0,0.0,0.0,0.0,0.0,0.0,0.0,0.0,0.0,0.0,0.0,0.0,0.0,0.0,0.0
421298073004,42129807300,Westmoreland,980.0,40.268595,-79.345813,1200.0,0.0,1190.0,10.0,0.0,0.0,0.0,0.0,0.0,1200.0,361.0,312.0,480.0,114.0,82.0,66.0,124.0,94.0,480.0,36.0,180.0,961.41,174.86,429.31,0.0,0.0,0.0,0.0,0.0,0.0,0.0,0.0,0.0,0.0,0.0,0.0,0.0,0.0,0.0,0.0,0.0,0.0,0.0,0.0,0.0,0.0,0.0,0.0,0.0,0.0,0.0,0,0,0,0,0,0,0,0,0,0,0.0,0.0,0.0,0.0,0.0,0.0,0.0,0.0,0.0,0.0,0.0,0.0,0.0,0.0,0.0,0.0,0.0,0.0,0.0,0.0
421298074011,42129807401,Westmoreland,1067.0,40.320496,-79.419331,898.0,37.0,811.0,1.0,0.0,2.0,0.0,0.0,47.0,898.0,169.0,362.0,436.0,77.0,146.0,80.0,16.0,117.0,436.0,10.0,201.0,900.95,177.83,426.9,0.0,0.0,0.0,0.0,0.0,0.0,0.0,0.0,0.0,0.0,0.0,0.0,0.0,0.0,0.0,0.0,0.0,0.0,0.0,0.0,0.0,0.0,0.0,0.0,0.0,0.0,0.0,0,0,0,0,0,0,0,0,0,0,0.0,0.0,0.0,0.0,0.0,0.0,0.0,0.0,0.0,0.0,0.0,0.0,0.0,0.0,0.0,0.0,0.0,0.0,0.0,0.0
421298074012,42129807401,Westmoreland,1015.0,40.351358,-79.438067,865.0,2.0,841.0,0.0,0.0,0.0,0.0,15.0,7.0,865.0,105.0,266.0,397.0,75.0,62.0,58.0,50.0,152.0,397.0,13.0,122.0,857.05,169.17,406.1,0.0,0.0,0.0,0.0,0.0,0.0,0.0,0.0,0.0,0.0,0.0,0.0,0.0,0.0,0.0,0.0,0.0,0.0,0.0,0.0,0.0,0.0,0.0,0.0,0.0,0.0,0.0,0,0,0,0,0,0,0,0,0,0,0.0,0.0,0.0,0.0,0.0,0.0,0.0,0.0,0.0,0.0,0.0,0.0,0.0,0.0,0.0,0.0,0.0,0.0,0.0,0.0
421298074031,42129807403,Westmoreland,2293.0,40.303967,-79.46419,2252.0,43.0,2132.0,2.0,0.0,59.0,16.0,0.0,0.0,2252.0,463.0,725.0,932.0,101.0,95.0,212.0,51.0,473.0,932.0,4.0,189.0,2242.0,174.0,932.0,0.0,0.0,0.0,0.0,0.0,0.0,0.0,0.0,0.0,0.0,0.0,0.0,0.0,0.0,0.0,0.0,0.0,0.0,0.0,0.0,0.0,0.0,0.0,0.0,0.0,0.0,0.0,0,0,0,0,0,0,0,0,0,0,0.0,0.0,0.0,0.0,0.0,0.0,0.0,0.0,0.0,0.0,0.0,0.0,0.0,0.0,0.0,0.0,0.0,0.0,0.0,0.0
421298074041,42129807404,Westmoreland,1225.0,40.290637,-79.386353,1130.0,0.0,1109.0,0.0,0.0,6.0,0.0,0.0,15.0,1130.0,47.0,456.0,687.0,11.0,337.0,68.0,62.0,209.0,687.0,19.0,391.0,1264.29,164.32,472.23,0.0,0.0,0.0,0.0,0.0,0.0,0.0,0.0,0.0,0.0,0.0,0.0,0.0,0.0,0.0,0.0,0.0,0.0,0.0,0.0,0.0,0.0,0.0,0.0,0.0,0.0,0.0,0,0,0,0,0,0,0,0,0,0,0.0,0.0,0.0,0.0,0.0,0.0,0.0,0.0,0.0,0.0,0.0,0.0,0.0,0.0,0.0,0.0,0.0,0.0,0.0,0.0
421298074042,42129807404,Westmoreland,2251.0,40.290142,-79.413849,2590.0,95.0,2265.0,87.0,0.0,20.0,0.0,0.0,123.0,2590.0,283.0,409.0,592.0,89.0,106.0,171.0,109.0,117.0,592.0,23.0,352.0,2323.2,301.94,867.76,0.0,0.0,0.0,0.0,0.0,0.0,0.0,0.0,0.0,0.0,0.0,0.0,0.0,0.0,0.0,0.0,0.0,0.0,0.0,0.0,0.0,0.0,0.0,0.0,0.0,0.0,0.0,0,0,0,0,0,0,0,0,0,0,0.0,0.0,0.0,0.0,0.0,0.0,0.0,0.0,0.0,0.0,0.0,0.0,0.0,0.0,0.0,0.0,0.0,0.0,0.0,0.0
421298074043,42129807404,Westmoreland,1668.0,40.298629,-79.40664,1646.0,24.0,1600.0,10.0,0.0,0.0,0.0,0.0,12.0,1646.0,288.0,379.0,704.0,151.0,61.0,128.0,158.0,206.0,704.0,80.0,199.0,1721.5,223.74,643.01,0.0,0.0,0.0,0.0,0.0,0.0,0.0,0.0,0.0,0.0,0.0,0.0,0.0,0.0,0.0,0.0,0.0,0.0,0.0,0.0,0.0,0.0,0.0,0.0,0.0,0.0,0.0,0,0,0,0,0,0,0,0,0,0,0.0,0.0,0.0,0.0,0.0,0.0,0.0,0.0,0.0,0.0,0.0,0.0,0.0,0.0,0.0,0.0,0.0,0.0,0.0,0.0
421298075001,42129807500,Westmoreland,1234.0,40.318818,-79.394397,1114.0,0.0,1033.0,2.0,0.0,0.0,0.0,0.0,79.0,1114.0,174.0,262.0,484.0,82.0,27.0,204.0,38.0,133.0,484.0,15.0,256.0,1176.28,185.15,493.93,0.0,0.0,0.0,0.0,0.0,0.0,0.0,0.0,0.0,0.0,0.0,0.0,0.0,0.0,0.0,0.0,0.0,0.0,0.0,0.0,0.0,0.0,0.0,0.0,0.0,0.0,0.0,0,0,0,0,0,0,0,0,0,0,0.0,0.0,0.0,0.0,0.0,0.0,0.0,0.0,0.0,0.0,0.0,0.0,0.0,0.0,0.0,0.0,0.0,0.0,0.0,0.0
421298075002,42129807500,Westmoreland,1032.0,40.322663,-79.386268,1066.0,0.0,955.0,0.0,0.0,0.0,0.0,11.0,100.0,1066.0,271.0,189.0,423.0,44.0,78.0,117.0,55.0,129.0,423.0,15.0,115.0,983.72,154.85,413.07,0.0,0.0,0.0,0.0,0.0,0.0,0.0,0.0,0.0,0.0,0.0,0.0,0.0,0.0,0.0,0.0,0.0,0.0,0.0,0.0,0.0,0.0,0.0,0.0,0.0,0.0,0.0,0,0,0,0,0,0,0,0,0,0,0.0,0.0,0.0,0.0,0.0,0.0,0.0,0.0,0.0,0.0,0.0,0.0,0.0,0.0,0.0,0.0,0.0,0.0,0.0,0.0
421298076001,42129807600,Westmoreland,1391.0,40.306185,-79.379043,1500.0,0.0,1357.0,9.0,0.0,0.0,0.0,0.0,134.0,1500.0,245.0,258.0,809.0,182.0,151.0,117.0,46.0,313.0,809.0,70.0,286.0,1463.19,257.07,846.34,11.15,0.0,0.0,0.0,0.0,0.0,0.0,0.0,0.0,0.0,0.0,0.0,0.0,0.0,0.0,0.0,0.0,0.0,0.0,0.0,0.0,0.0,0.0,0.0,0.0,0.0,0.0,0,0,0,0,0,0,0,0,0,0,0.0,0.0,0.0,0.0,0.0,0.0,0.0,0.0,0.0,0.0,0.0,0.0,0.0,0.0,0.0,0.0,0.0,0.0,0.0,0.0
421298076002,42129807600,Westmoreland,979.0,40.313343,-79.388914,993.0,0.0,832.0,34.0,0.0,55.0,0.0,0.0,72.0,993.0,72.0,277.0,633.0,274.0,133.0,122.0,60.0,44.0,633.0,167.0,287.0,1029.81,180.93,595.66,7.85,0.0,0.0,0.0,0.0,0.0,0.0,0.0,0.0,0.0,0.0,0.0,0.0,0.0,0.0,0.0,0.0,0.0,0.0,0.0,0.0,0.0,0.0,0.0,0.0,0.0,0.0,0,0,0,0,0,0,0,0,0,0,0.0,0.0,0.0,0.0,0.0,0.0,0.0,0.0,0.0,0.0,0.0,0.0,0.0,0.0,0.0,0.0,0.0,0.0,0.0,0.0
421298077001,42129807700,Westmoreland,1613.0,40.314462,-79.373936,1697.0,0.0,1621.0,24.0,0.0,0.0,0.0,0.0,52.0,1697.0,522.0,315.0,680.0,118.0,159.0,62.0,62.0,279.0,680.0,25.0,308.0,1554.11,271.82,681.19,4.24,0.0,0.0,0.0,0.0,0.0,0.0,0.0,0.0,0.0,0.0,0.0,0.0,0.0,0.0,0.0,0.0,0.0,0.0,0.0,0.0,0.0,0.0,0.0,0.0,0.0,0.0,0,0,0,0,0,0,0,0,0,0,0.0,0.0,0.0,0.0,0.0,0.0,0.0,0.0,0.0,0.0,0.0,0.0,0.0,0.0,0.0,0.0,0.0,0.0,0.0,0.0
421298077002,42129807700,Westmoreland,1154.0,40.316827,-79.37955,986.0,0.0,865.0,23.0,0.0,0.0,0.0,0.0,98.0,986.0,173.0,298.0,452.0,23.0,133.0,108.0,34.0,154.0,452.0,10.0,168.0,1111.87,194.47,487.35,3.03,0.0,0.0,0.0,0.0,0.0,0.0,0.0,0.0,0.0,0.0,0.0,0.0,0.0,0.0,0.0,0.0,0.0,0.0,0.0,0.0,0.0,0.0,0.0,0.0,0.0,0.0,0,0,0,0,0,0,0,0,0,0,0.0,0.0,0.0,0.0,0.0,0.0,0.0,0.0,0.0,0.0,0.0,0.0,0.0,0.0,0.0,0.0,0.0,0.0,0.0,0.0
421298077003,42129807700,Westmoreland,657.0,40.308614,-79.375592,621.0,9.0,591.0,0.0,0.0,0.0,0.0,0.0,21.0,621.0,33.0,134.0,314.0,87.0,51.0,110.0,23.0,43.0,314.0,21.0,157.0,633.01,110.72,277.46,1.73,0.0,0.0,0.0,0.0,0.0,0.0,0.0,0.0,0.0,0.0,0.0,0.0,0.0,0.0,0.0,0.0,0.0,0.0,0.0,0.0,0.0,0.0,0.0,0.0,0.0,0.0,0,0,0,0,0,0,0,0,0,0,0.0,0.0,0.0,0.0,0.0,0.0,0.0,0.0,0.0,0.0,0.0,0.0,0.0,0.0,0.0,0.0,0.0,0.0,0.0,0.0
421298078001,42129807800,Westmoreland,1275.0,40.311623,-79.353337,1584.0,21.0,1487.0,0.0,0.0,0.0,0.0,0.0,76.0,1584.0,336.0,411.0,660.0,102.0,104.0,125.0,126.0,203.0,660.0,15.0,328.0,1185.24,259.73,567.14,0.0,0.0,0.0,0.0,0.0,0.0,0.0,0.0,0.0,0.0,0.0,0.0,0.0,0.0,0.0,0.0,0.0,0.0,0.0,0.0,0.0,0.0,0.0,0.0,0.0,0.0,0.0,0,0,0,0,0,0,0,0,0,0,0.0,0.0,0.0,0.0,0.0,0.0,0.0,0.0,0.0,0.0,0.0,0.0,0.0,0.0,0.0,0.0,0.0,0.0,0.0,0.0
421298078002,42129807800,Westmoreland,1543.0,40.308093,-79.362376,1102.0,19.0,1067.0,9.0,0.0,0.0,0.0,0.0,7.0,1102.0,73.0,411.0,570.0,112.0,94.0,162.0,58.0,144.0,570.0,16.0,283.0,1434.38,314.33,686.35,0.0,0.0,0.0,0.0,0.0,0.0,0.0,0.0,0.0,0.0,0.0,0.0,0.0,0.0,0.0,0.0,0.0,0.0,0.0,0.0,0.0,0.0,0.0,0.0,0.0,0.0,0.0,0,0,0,0,0,0,0,0,0,0,0.0,0.0,0.0,0.0,0.0,0.0,0.0,0.0,0.0,0.0,0.0,0.0,0.0,0.0,0.0,0.0,0.0,0.0,0.0,0.0
421298078003,42129807800,Westmoreland,1060.0,40.319461,-79.366924,977.0,0.0,962.0,15.0,0.0,0.0,0.0,0.0,0.0,977.0,169.0,218.0,495.0,56.0,112.0,58.0,88.0,181.0,495.0,22.0,180.0,985.38,215.94,471.51,0.0,0.0,0.0,0.0,0.0,0.0,0.0,0.0,0.0,0.0,0.0,0.0,0.0,0.0,0.0,0.0,0.0,0.0,0.0,0.0,0.0,0.0,0.0,0.0,0.0,0.0,0.0,0,0,0,0,0,0,0,0,0,0,0.0,0.0,0.0,0.0,0.0,0.0,0.0,0.0,0.0,0.0,0.0,0.0,0.0,0.0,0.0,0.0,0.0,0.0,0.0,0.0
421298079011,42129807901,Westmoreland,1617.0,40.405478,-79.395868,1952.0,43.0,1847.0,30.0,0.0,9.0,0.0,0.0,23.0,1952.0,476.0,328.0,719.0,128.0,83.0,146.0,112.0,250.0,719.0,55.0,161.0,1740.77,422.1,713.55,0.0,0.0,0.0,0.0,0.0,0.0,0.0,0.0,0.0,0.0,0.0,0.0,0.0,0.0,0.0,0.0,0.0,0.0,0.0,0.0,0.0,0.0,0.0,0.0,0.0,0.0,0.0,0,0,0,0,0,0,0,0,0,0,0.0,0.0,0.0,0.0,0.0,0.0,0.0,0.0,0.0,0.0,0.0,0.0,0.0,0.0,0.0,0.0,0.0,0.0,0.0,0.0
421298079012,42129807901,Westmoreland,1440.0,40.348632,-79.382929,1435.0,0.0,1435.0,0.0,0.0,0.0,0.0,0.0,0.0,1435.0,342.0,371.0,630.0,78.0,287.0,87.0,52.0,126.0,630.0,25.0,291.0,1550.23,375.9,635.45,0.0,0.0,0.0,0.0,0.0,0.0,0.0,0.0,0.0,0.0,0.0,0.0,0.0,0.0,0.0,0.0,0.0,0.0,0.0,0.0,0.0,0.0,0.0,0.0,0.0,0.0,0.0,0,0,0,0,0,0,0,0,0,0,0.0,0.0,0.0,0.0,0.0,0.0,0.0,0.0,0.0,0.0,0.0,0.0,0.0,0.0,0.0,0.0,0.0,0.0,0.0,0.0
421298079021,42129807902,Westmoreland,1826.0,40.340424,-79.333048,1826.0,0.0,1736.0,2.0,2.0,28.0,0.0,10.0,48.0,1826.0,310.0,275.0,756.0,90.0,169.0,176.0,117.0,204.0,756.0,36.0,282.0,1533.65,241.3,681.56,0.0,0.0,0.0,0.0,0.0,0.0,0.0,0.0,0.0,0.0,0.0,0.0,0.0,0.0,0.0,0.0,0.0,0.0,0.0,0.0,0.0,0.0,0.0,0.0,0.0,0.0,0.0,0,0,0,0,0,0,0,0,0,0,0.0,0.0,0.0,0.0,0.0,0.0,0.0,0.0,0.0,0.0,0.0,0.0,0.0,0.0,0.0,0.0,0.0,0.0,0.0,0.0
421298079022,42129807902,Westmoreland,1322.0,40.40577,-79.311076,829.0,0.0,799.0,0.0,0.0,0.0,0.0,0.0,30.0,829.0,120.0,251.0,419.0,75.0,76.0,111.0,33.0,124.0,419.0,0.0,138.0,1110.35,174.7,493.44,0.0,0.0,0.0,0.0,0.0,0.0,0.0,0.0,0.0,0.0,0.0,0.0,0.0,0.0,0.0,0.0,0.0,0.0,0.0,0.0,0.0,0.0,0.0,0.0,0.0,0.0,0.0,0,0,0,0,0,0,0,0,0,0,0.0,0.0,0.0,0.0,0.0,0.0,0.0,0.0,0.0,0.0,0.0,0.0,0.0,0.0,0.0,0.0,0.0,0.0,0.0,0.0
421298081001,42129808100,Westmoreland,1024.0,40.351212,-79.272799,946.0,0.0,797.0,0.0,0.0,122.0,0.0,0.0,27.0,946.0,126.0,207.0,349.0,23.0,72.0,103.0,75.0,76.0,349.0,0.0,100.0,1041.7,232.92,434.99,0.0,0.0,0.0,0.0,0.0,0.0,0.0,0.0,0.0,0.0,0.0,0.0,0.0,0.0,0.0,0.0,0.0,0.0,0.0,0.0,0.0,0.0,0.0,0.0,0.0,0.0,0.0,0,0,0,0,0,0,0,0,0,0,0.0,0.0,0.0,0.0,0.0,0.0,0.0,0.0,0.0,0.0,0.0,0.0,0.0,0.0,0.0,0.0,0.0,0.0,0.0,0.0
421298081002,42129808100,Westmoreland,1128.0,40.324965,-79.314121,1434.0,8.0,1426.0,0.0,0.0,0.0,0.0,0.0,0.0,1434.0,248.0,295.0,648.0,112.0,75.0,113.0,66.0,282.0,648.0,18.0,184.0,1147.5,256.58,479.17,0.0,0.0,0.0,0.0,0.0,0.0,0.0,0.0,0.0,0.0,0.0,0.0,0.0,0.0,0.0,0.0,0.0,0.0,0.0,0.0,0.0,0.0,0.0,0.0,0.0,0.0,0.0,0,0,0,0,0,0,0,0,0,0,0.0,0.0,0.0,0.0,0.0,0.0,0.0,0.0,0.0,0.0,0.0,0.0,0.0,0.0,0.0,0.0,0.0,0.0,0.0,0.0
421298081003,42129808100,Westmoreland,1011.0,40.355096,-79.292597,787.0,0.0,744.0,0.0,0.0,0.0,0.0,0.0,43.0,787.0,79.0,231.0,430.0,36.0,190.0,31.0,111.0,62.0,430.0,13.0,205.0,1028.48,229.97,429.47,0.0,0.0,0.0,0.0,0.0,0.0,0.0,0.0,0.0,0.0,0.0,0.0,0.0,0.0,0.0,0.0,0.0,0.0,0.0,0.0,0.0,0.0,0.0,0.0,0.0,0.0,0.0,0,0,0,0,0,0,0,0,0,0,0.0,0.0,0.0,0.0,0.0,0.0,0.0,0.0,0.0,0.0,0.0,0.0,0.0,0.0,0.0,0.0,0.0,0.0,0.0,0.0
421298081004,42129808100,Westmoreland,886.0,40.405077,-79.258024,1048.0,19.0,973.0,39.0,6.0,0.0,0.0,0.0,11.0,1048.0,7.0,292.0,293.0,20.0,59.0,40.0,33.0,141.0,293.0,9.0,62.0,901.32,201.53,376.37,0.0,0.0,0.0,0.0,0.0,0.0,0.0,0.0,0.0,0.0,0.0,0.0,0.0,0.0,0.0,0.0,0.0,0.0,0.0,0.0,0.0,0.0,0.0,0.0,0.0,0.0,0.0,0,0,0,0,0,0,0,0,0,0,0.0,0.0,0.0,0.0,0.0,0.0,0.0,0.0,0.0,0.0,0.0,0.0,0.0,0.0,0.0,0.0,0.0,0.0,0.0,0.0
421298082001,42129808200,Westmoreland,1167.0,40.335158,-79.297552,1097.0,0.0,976.0,59.0,0.0,0.0,0.0,0.0,62.0,1097.0,264.0,247.0,475.0,110.0,154.0,74.0,47.0,90.0,475.0,77.0,167.0,1155.94,226.86,527.12,0.0,0.0,0.0,0.0,0.0,0.0,0.0,0.0,0.0,0.0,0.0,0.0,0.0,0.0,0.0,0.0,0.0,0.0,0.0,0.0,0.0,0.0,0.0,0.0,0.0,0.0,0.0,0,0,0,0,0,0,0,0,0,0,0.0,0.0,0.0,0.0,0.0,0.0,0.0,0.0,0.0,0.0,0.0,0.0,0.0,0.0,0.0,0.0,0.0,0.0,0.0,0.0
421298082002,42129808200,Westmoreland,1472.0,40.332301,-79.303135,1517.0,4.0,1472.0,0.0,0.0,18.0,0.0,14.0,9.0,1517.0,269.0,392.0,717.0,201.0,124.0,128.0,61.0,203.0,717.0,41.0,308.0,1458.06,286.14,664.88,0.0,0.0,0.0,0.0,0.0,0.0,0.0,0.0,0.0,0.0,0.0,0.0,0.0,0.0,0.0,0.0,0.0,0.0,0.0,0.0,0.0,0.0,0.0,0.0,0.0,0.0,0.0,0,0,0,0,0,0,0,0,0,0,0.0,0.0,0.0,0.0,0.0,0.0,0.0,0.0,0.0,0.0,0.0,0.0,0.0,0.0,0.0,0.0,0.0,0.0,0.0,0.0
421298083001,42129808300,Westmoreland,1024.0,40.299034,-79.138449,970.0,23.0,896.0,30.0,0.0,0.0,0.0,0.0,21.0,970.0,164.0,251.0,413.0,44.0,69.0,87.0,66.0,147.0,413.0,20.0,125.0,1022.54,212.82,414.15,0.63,0.0,0.0,0.0,0.0,0.0,0.0,0.0,0.0,0.0,0.0,0.0,0.0,0.0,0.0,0.0,0.0,0.0,0.0,0.0,0.0,0.0,0.0,0.0,0.0,0.0,0.0,0,0,0,0,0,0,0,0,0,0,0.0,0.0,0.0,0.0,0.0,0.0,0.0,0.0,0.0,0.0,0.0,0.0,0.0,0.0,0.0,0.0,0.0,0.0,0.0,0.0
421298083002,42129808300,Westmoreland,1457.0,40.374848,-79.158042,1647.0,3.0,1592.0,3.0,0.0,8.0,0.0,0.0,41.0,1647.0,502.0,344.0,592.0,92.0,149.0,86.0,68.0,197.0,592.0,21.0,165.0,1454.92,302.81,589.28,0.89,0.0,0.0,0.0,0.0,0.0,0.0,0.0,0.0,0.0,0.0,0.0,0.0,0.0,0.0,0.0,0.0,0.0,0.0,0.0,0.0,0.0,0.0,0.0,0.0,0.0,0.0,0,0,0,0,0,0,0,0,0,0,0.0,0.0,0.0,0.0,0.0,0.0,0.0,0.0,0.0,0.0,0.0,0.0,0.0,0.0,0.0,0.0,0.0,0.0,0.0,0.0
421298083003,42129808300,Westmoreland,895.0,40.4132,-79.020405,858.0,4.0,812.0,6.0,0.0,0.0,0.0,0.0,36.0,858.0,163.0,203.0,368.0,61.0,109.0,87.0,34.0,77.0,368.0,25.0,126.0,893.72,186.01,361.98,0.55,0.0,0.0,0.0,0.0,0.0,0.0,0.0,0.0,0.0,0.0,0.0,0.0,0.0,0.0,0.0,0.0,0.0,0.0,0.0,0.0,0.0,0.0,0.0,0.0,0.0,0.0,0,0,0,0,0,0,0,0,0,0,0.0,0.0,0.0,0.0,0.0,0.0,0.0,0.0,0.0,0.0,0.0,0.0,0.0,0.0,0.0,0.0,0.0,0.0,0.0,0.0
421298083004,42129808300,Westmoreland,1527.0,40.373029,-79.073392,1454.0,75.0,1348.0,5.0,0.0,4.0,0.0,0.0,22.0,1454.0,328.0,326.0,610.0,150.0,128.0,92.0,82.0,158.0,610.0,58.0,192.0,1524.82,317.36,617.59,0.93,0.0,0.0,0.0,0.0,0.0,0.0,0.0,0.0,0.0,0.0,0.0,0.0,0.0,0.0,0.0,0.0,0.0,0.0,0.0,0.0,0.0,0.0,0.0,0.0,0.0,0.0,0,0,0,0,0,0,0,0,0,0,0.0,0.0,0.0,0.0,0.0,0.0,0.0,0.0,0.0,0.0,0.0,0.0,0.0,0.0,0.0,0.0,0.0,0.0,0.0,0.0
421298084011,42129808401,Westmoreland,845.0,40.207078,-79.232926,725.0,0.0,623.0,87.0,0.0,0.0,0.0,0.0,15.0,725.0,88.0,297.0,384.0,66.0,96.0,85.0,26.0,111.0,384.0,26.0,129.0,776.16,107.98,371.57,0.0,0.0,0.0,0.0,0.0,0.0,0.0,0.0,0.0,0.0,0.0,0.0,0.0,0.0,0.0,0.0,0.0,0.0,0.0,0.0,0.0,0.0,0.0,0.0,0.0,0.0,0.0,0,0,0,0,0,0,0,0,0,0,0.0,0.0,0.0,0.0,0.0,0.0,0.0,0.0,0.0,0.0,0.0,0.0,0.0,0.0,0.0,0.0,0.0,0.0,0.0,0.0
421298084012,42129808401,Westmoreland,947.0,40.245722,-79.294308,925.0,43.0,842.0,16.0,0.0,0.0,0.0,4.0,20.0,925.0,125.0,284.0,404.0,27.0,81.0,74.0,59.0,163.0,404.0,5.0,103.0,869.84,121.02,416.43,0.0,0.0,0.0,0.0,0.0,0.0,0.0,0.0,0.0,0.0,0.0,0.0,0.0,0.0,0.0,0.0,0.0,0.0,0.0,0.0,0.0,0.0,0.0,0.0,0.0,0.0,0.0,0,0,0,0,0,0,0,0,0,0,0.0,0.0,0.0,0.0,0.0,0.0,0.0,0.0,0.0,0.0,0.0,0.0,0.0,0.0,0.0,0.0,0.0,0.0,0.0,0.0
421298084021,42129808402,Westmoreland,1059.0,40.265156,-79.170499,1188.0,58.0,1013.0,50.0,0.0,0.0,0.0,0.0,67.0,1188.0,351.0,329.0,413.0,27.0,72.0,11.0,158.0,145.0,413.0,17.0,54.0,1053.24,126.31,494.44,0.0,0.0,0.0,0.0,0.0,0.0,0.0,0.0,0.0,0.0,0.0,0.0,0.0,0.0,0.0,0.0,0.0,0.0,0.0,0.0,0.0,0.0,0.0,0.0,0.0,0.0,0.0,0,0,0,0,0,0,0,0,0,0,0.0,0.0,0.0,0.0,0.0,0.0,0.0,0.0,0.0,0.0,0.0,0.0,0.0,0.0,0.0,0.0,0.0,0.0,0.0,0.0
421298084022,42129808402,Westmoreland,1206.0,40.275063,-79.237338,959.0,0.0,940.0,19.0,0.0,0.0,0.0,0.0,0.0,959.0,28.0,436.0,501.0,98.0,66.0,49.0,105.0,183.0,501.0,10.0,168.0,1199.44,143.84,563.07,0.0,0.0,0.0,0.0,0.0,0.0,0.0,0.0,0.0,0.0,0.0,0.0,0.0,0.0,0.0,0.0,0.0,0.0,0.0,0.0,0.0,0.0,0.0,0.0,0.0,0.0,0.0,0,0,0,0,0,0,0,0,0,0,0.0,0.0,0.0,0.0,0.0,0.0,0.0,0.0,0.0,0.0,0.0,0.0,0.0,0.0,0.0,0.0,0.0,0.0,0.0,0.0
421298084023,42129808402,Westmoreland,985.0,40.24587,-79.215781,1170.0,0.0,1170.0,0.0,0.0,0.0,0.0,0.0,0.0,1170.0,203.0,420.0,560.0,28.0,79.0,143.0,60.0,250.0,560.0,13.0,109.0,979.64,117.49,459.89,0.0,0.0,0.0,0.0,0.0,0.0,0.0,0.0,0.0,0.0,0.0,0.0,0.0,0.0,0.0,0.0,0.0,0.0,0.0,0.0,0.0,0.0,0.0,0.0,0.0,0.0,0.0,0,0,0,0,0,0,0,0,0,0,0.0,0.0,0.0,0.0,0.0,0.0,0.0,0.0,0.0,0.0,0.0,0.0,0.0,0.0,0.0,0.0,0.0,0.0,0.0,0.0
421298084024,42129808402,Westmoreland,1160.0,40.23414,-79.178576,1156.0,60.0,1088.0,0.0,0.0,0.0,0.0,0.0,8.0,1156.0,128.0,150.0,585.0,53.0,259.0,83.0,11.0,179.0,585.0,12.0,187.0,1153.69,138.36,541.6,0.0,0.0,0.0,0.0,0.0,0.0,0.0,0.0,0.0,0.0,0.0,0.0,0.0,0.0,0.0,0.0,0.0,0.0,0.0,0.0,0.0,0.0,0.0,0.0,0.0,0.0,0.0,0,0,0,0,0,0,0,0,0,0,0.0,0.0,0.0,0.0,0.0,0.0,0.0,0.0,0.0,0.0,0.0,0.0,0.0,0.0,0.0,0.0,0.0,0.0,0.0,0.0
421298085001,42129808500,Westmoreland,1513.0,40.244772,-79.236457,1534.0,18.0,1511.0,0.0,0.0,0.0,0.0,0.0,5.0,1534.0,232.0,591.0,823.0,142.0,200.0,91.0,125.0,265.0,823.0,30.0,344.0,1534.0,229.0,823.0,8.0,0.0,0.0,0.0,0.0,0.0,0.0,0.0,0.0,0.0,0.0,0.0,0.0,0.0,0.0,0.0,0.0,0.0,0.0,0.0,0.0,0.0,0.0,0.0,0.0,0.0,0.0,0,0,0,0,0,0,0,0,0,0,0.0,0.0,0.0,0.0,0.0,0.0,0.0,0.0,0.0,0.0,0.0,0.0,0.0,0.0,0.0,0.0,0.0,0.0,0.0,0.0
421298086001,42129808600,Westmoreland,1231.0,40.197549,-79.335665,1495.0,0.0,1368.0,15.0,0.0,8.0,0.0,0.0,104.0,1495.0,174.0,432.0,579.0,87.0,125.0,54.0,24.0,289.0,579.0,23.0,91.0,1228.65,167.46,566.44,4.7,0.0,0.0,0.0,0.0,0.0,0.0,0.0,0.0,0.0,0.0,0.0,0.0,0.0,0.0,0.0,0.0,0.0,0.0,0.0,0.0,0.0,0.0,0.0,0.0,0.0,0.0,0,0,0,0,0,0,0,0,0,0,0.0,0.0,0.0,0.0,0.0,0.0,0.0,0.0,0.0,0.0,0.0,0.0,0.0,0.0,0.0,0.0,0.0,0.0,0.0,0.0
421298086002,42129808600,Westmoreland,1489.0,40.148036,-79.328903,1608.0,12.0,1532.0,0.0,0.0,26.0,0.0,0.0,38.0,1608.0,233.0,486.0,731.0,137.0,105.0,169.0,128.0,192.0,731.0,8.0,240.0,1486.16,202.56,685.15,5.69,0.0,0.0,0.0,0.0,0.0,0.0,0.0,0.0,0.0,0.0,0.0,0.0,0.0,0.0,0.0,0.0,0.0,0.0,0.0,0.0,0.0,0.0,0.0,0.0,0.0,0.0,0,0,0,0,0,0,0,0,0,0,0.0,0.0,0.0,0.0,0.0,0.0,0.0,0.0,0.0,0.0,0.0,0.0,0.0,0.0,0.0,0.0,0.0,0.0,0.0,0.0
421298086003,42129808600,Westmoreland,911.0,40.100082,-79.377266,675.0,0.0,653.0,1.0,0.0,0.0,0.0,0.0,21.0,675.0,66.0,315.0,366.0,62.0,97.0,67.0,48.0,92.0,366.0,11.0,129.0,909.26,123.93,419.19,3.48,0.0,0.0,0.0,0.0,0.0,0.0,0.0,0.0,0.0,0.0,0.0,0.0,0.0,0.0,0.0,0.0,0.0,0.0,0.0,0.0,0.0,0.0,0.0,0.0,0.0,0.0,0,0,0,0,0,0,0,0,0,0,0.0,0.0,0.0,0.0,0.0,0.0,0.0,0.0,0.0,0.0,0.0,0.0,0.0,0.0,0.0,0.0,0.0,0.0,0.0,0.0
421298086004,42129808600,Westmoreland,559.0,40.088101,-79.322447,407.0,0.0,335.0,0.0,0.0,0.0,0.0,0.0,72.0,407.0,59.0,113.0,252.0,72.0,55.0,52.0,12.0,61.0,252.0,7.0,74.0,557.93,76.05,257.22,2.13,0.0,0.0,0.0,0.0,0.0,0.0,0.0,0.0,0.0,0.0,0.0,0.0,0.0,0.0,0.0,0.0,0.0,0.0,0.0,0.0,0.0,0.0,0.0,0.0,0.0,0.0,0,0,0,0,0,0,0,0,0,0,0.0,0.0,0.0,0.0,0.0,0.0,0.0,0.0,0.0,0.0,0.0,0.0,0.0,0.0,0.0,0.0,0.0,0.0,0.0,0.0
