route_id,short_name,pattern,direction,headsign,stop_sequence,stop_uuid,meters_from_start
62X,62X,A,Downtown,"DOWNTOWN via Regent Square, Oakland",1,e494ca47-4f58-4303-98fa-dda89e8e9eb4,7596.0
62X,62X,A,Downtown,"DOWNTOWN via Regent Square, Oakland",2,96c5bafd-99cb-4627-87f7-211cbef31248,2418.4
62X,62X,A,Downtown,"DOWNTOWN via Regent Square, Oakland",3,16f17920-bec6-4ab3-aca0-1f66b61492e1,11083.5
62X,62X,A,Downtown,"DOWNTOWN via Regent Square, Oakland",4,daf49906-715a-4f33-8697-8a7b022e9242,12559.8
62X,62X,A,Downtown,"DOWNTOWN via Regent Square, Oakland",5,68923ba2-aadf-4308-bc69-cda35c238190,10484.8
62X,62X,A,Downtown,"DOWNTOWN via Regent Square, Oakland",6,ef3c42c3-4f00-430f-a65a-642b8c5aae92,1058.0
62X,62X,A,Downtown,"DOWNTOWN via Regent Square, Oakland",7,6b9945ec-8021-4e11-bd17-18b3bddbf9c2,11945.5
62X,62X,A,Downtown,"DOWNTOWN via Regent Square, Oakland",8,3f52bb0a-4e8f-4c95-95e3-a0f8b490d30c,6946.4
62X,62X,A,Downtown,"DOWNTOWN via Regent Square, Oakland",9,df5158e5-89b5-46a4-b2e5-d3864bf3d2ba,11642.5
62X,62X,A,Downtown,"DOWNTOWN via Regent Square, Oakland",10,421acfe1-cc8d-41ae-a6a1-6eb5cb5bed1c,3185.1
62X,62X,A,Downtown,"DOWNTOWN via Regent Square, Oakland",11,1984b699-0423-4522-8794-62a7176622c5,6276.8
62X,62X,A,Downtown,"DOWNTOWN via Regent Square, Oakland",12,2bb66cb3-fbb0-4d2b-9876-225dd481051f,14903.4
62X,62X,A,Downtown,"DOWNTOWN via Regent Square, Oakland",13,d0ca4f33-af0a-454f-bfb4-3d75efff9445,5623.3
62X,62X,A,Downtown,"DOWNTOWN via Regent Square, Oakland",14,9ee9dfb8-1823-4240-9e68-0c70fc1d8cc8,4739.1
62X,62X,A,Downtown,"DOWNTOWN via Regent Square, Oakland",15,56147f0b-a8b5-4dac-a2fe-2524047162a2,533.7
62X,62X,A,Downtown,"DOWNTOWN via Regent Square, Oakland",16,7529b168-c520-4747-aa97-c848dd253429,4525.5
62X,62X,A,Downtown,"DOWNTOWN via Regent Square, Oakland",17,05abcfa9-2b53-4c53-842b-88687525a17e,0.9
62X,62X,A,Downtown,"DOWNTOWN via Regent Square, Oakland",18,e0c800d4-b622-445d-84cc-6c23c269fc23,3838.6
62X,62X,A,Downtown,"DOWNTOWN via Regent Square, Oakland",19,c93a6deb-ad67-40eb-85e9-1396809dac15,7796.3
62X,62X,A,Downtown,"DOWNTOWN via Regent Square, Oakland",20,049946c2-6fbe-478c-96d4-9e84748d4c26,4964.1
62X,62X,A,Downtown,"DOWNTOWN via Regent Square, Oakland",21,909dfe1b-419d-4be7-b14e-e6266d4f6f1e,4877.9
62X,62X,A,Downtown,"DOWNTOWN via Regent Square, Oakland",22,4c1d72af-185b-45d8-b605-ad978a23ceab,10116.8
62X,62X,A,Downtown,"DOWNTOWN via Regent Square, Oakland",23,613a3875-6c70-476b-b65f-378497702f43,13600.0
62X,62X,A,Downtown,"DOWNTOWN via Regent Square, Oakland",24,7edbf230-b14c-4932-be40-e8224900d143,215.6
62X,62X,A,Downtown,"DOWNTOWN via Regent Square, Oakland",25,6f59373a-8cc4-4745-be99-b3e9805e087e,5937.2
62X,62X,A,Downtown,"DOWNTOWN via Regent Square, Oakland",26,3fe9d092-ee78-4040-b3d7-f090db7c4d85,2054.6
62X,62X,A,Downtown,"DOWNTOWN via Regent Square, Oakland",27,48fa8e30-bf24-4805-8ec4-60acfb9c6a4e,16421.7
62X,62X,A,Downtown,"DOWNTOWN via Regent Square, Oakland",28,3f119e97-afb8-459d-bd6e-8069e547f261,5524.7
62X,62X,A,Downtown,"DOWNTOWN via Regent Square, Oakland",29,9a181d2f-b436-4ed9-8270-6061db6aba34,16734.6
62X,62X,A,Downtown,"DOWNTOWN via Regent Square, Oakland",30,a19a5e4f-2412-4710-9886-9df11b054e6a,2274.8
62X,62X,A,Downtown,"DOWNTOWN via Regent Square, Oakland",31,3cba871f-4bc1-47db-9a54-3c113a86fbd4,4218.0
62X,62X,A,Downtown,"DOWNTOWN via Regent Square, Oakland",32,5d2d1937-f4a6-4c15-b3de-f759736f46dc,17623.4
62X,62X,A,Downtown,"DOWNTOWN via Regent Square, Oakland",33,9e6e03c1-c48d-41cd-a226-9af19e96b508,5827.9
62X,62X,A,Downtown,"DOWNTOWN via Regent Square, Oakland",34,c15034ef-0e74-4daa-9ea8-e579a4230bee,9576.3
62X,62X,A,Downtown,"DOWNTOWN via Regent Square, Oakland",35,e361fc3f-053d-49cd-ab38-c270f56540cb,6553.9
62X,62X,A,Downtown,"DOWNTOWN via Regent Square, Oakland",36,9218ab99-bfa2-4771-910a-3493efa3d7e0,12112.2
62X,62X,A,Downtown,"DOWNTOWN via Regent Square, Oakland",37,6f0f13c8-d8e0-49da-b5e5-ad24d8c2c3d5,14221.5
62X,62X,A,Downtown,"DOWNTOWN via Regent Square, Oakland",38,12521481-8246-4fc5-86d5-6d85b6dc0df6,7411.8
62X,62X,A,Downtown,"DOWNTOWN via Regent Square, Oakland",39,63a4863b-f8ae-437f-a471-12b2db3c44b4,10823.0
62X,62X,A,Downtown,"DOWNTOWN via Regent Square, Oakland",40,bc00348a-de72-48ad-8eee-ce8478ff30b3,3317.8
62X,62X,A,Downtown,"DOWNTOWN via Regent Square, Oakland",41,5a4b5ed6-b17a-425e-9f65-1ebdd1fdac0e,15670.8
62X,62X,A,Downtown,"DOWNTOWN via Regent Square, Oakland",42,1b8ae0bc-5e14-4f97-9dc7-879b16b7a257,11457.0
62X,62X,A,Downtown,"DOWNTOWN via Regent Square, Oakland",43,25c26a43-4091-47c8-8329-8c70f4232e55,5265.1
62X,62X,A,Downtown,"DOWNTOWN via Regent Square, Oakland",44,3fb72bba-f0fe-455f-bcd0-21bc9e4999e5,3050.3
62X,62X,A,Downtown,"DOWNTOWN via Regent Square, Oakland",45,af64c338-7ead-44f2-8110-b608a5674a48,16099.6
62X,62X,A,Downtown,"DOWNTOWN via Regent Square, Oakland",46,cf886de4-23a1-4751-80a0-e840613d2409,9770.2
62X,62X,A,Downtown,"DOWNTOWN via Regent Square, Oakland",47,3082d14a-6a9a-4bd1-8739-2750ecca2818,7285.3
62X,62X,A,Downtown,"DOWNTOWN via Regent Square, Oakland",48,1a2a6a81-fb87-4d98-bddf-73f27bc1cea6,7157.7
62X,62X,A,Downtown,"DOWNTOWN via Regent Square, Oakland",49,02f6326c-e983-4a9d-9d48-5b9a1c9bfdfd,18275.0
62X,62X,A,Downtown,"DOWNTOWN via Regent Square, Oakland",50,62d19248-f278-4e22-86b5-f8fc2faef3a4,3452.6
62X,62X,A,Downtown,"DOWNTOWN via Regent Square, Oakland",51,fdb627d4-3520-4a8d-b3fc-6131a7d996d8,2668.4
62X,62X,A,Downtown,"DOWNTOWN via Regent Square, Oakland",52,23f5dbd4-956e-446d-9ab2-d665a952af57,2817.3
62X,62X,A,Downtown,"DOWNTOWN via Regent Square, Oakland",53,e2844819-6841-4de0-8565-b3ca517710b1,1623.2
62X,62X,A,Downtown,"DOWNTOWN via Regent Square, Oakland",54,f660347b-001d-48ce-9f37-b682d8170e05,12964.4
62X,62X,A,Downtown,"DOWNTOWN via Regent Square, Oakland",55,9f577fa8-6292-441f-aaff-0323f66564e8,8319.2
62X,62X,A,Downtown,"DOWNTOWN via Regent Square, Oakland",56,5b78567f-9df6-4d40-bba1-f3507efe903b,7914.4
62X,62X,A,Downtown,"DOWNTOWN via Regent Square, Oakland",57,aaea2fd0-7134-46c5-ad1c-e340f857e2b0,1829.2
62X,62X,A,Downtown,"DOWNTOWN via Regent Square, Oakland",58,cf30413a-e079-44cc-9619-06a73da7c5a2,17227.8
62X,62X,A,Downtown,"DOWNTOWN via Regent Square, Oakland",59,90bb5b4b-92cb-41ce-b42b-c54d4f5af33f,17872.6
62X,62X,A,Downtown,"DOWNTOWN via Regent Square, Oakland",60,666ee3ce-9707-4645-a841-3703921cbf70,8075.4
62X,62X,A,Downtown,"DOWNTOWN via Regent Square, Oakland",61,d101f86f-06cf-4eaf-88c0-8a082166e849,13854.8
62X,62X,A,Downtown,"DOWNTOWN via Regent Square, Oakland",62,03c9e08a-f54c-4d78-bd32-171b16d6b46a,6064.3
62X,62X,A,Braddock,"BRADDOCK via Regent Square, Oakland",1,6e80a98d-c1c0-491d-a4fb-eff13ff55870,17031.2
62X,62X,A,Braddock,"BRADDOCK via Regent Square, Oakland",2,3db75928-bf05-4161-a838-8366adf9d8c3,13199.6
62X,62X,A,Braddock,"BRADDOCK via Regent Square, Oakland",3,6fde6e1e-ddf3-4e44-8d5c-23c33a7e4fa1,11752.6
62X,62X,A,Braddock,"BRADDOCK via Regent Square, Oakland",4,e8e013b0-7893-498b-81f5-74078ec1123d,6823.7
62X,62X,A,Braddock,"BRADDOCK via Regent Square, Oakland",5,4ac89d96-5f73-422b-b7b5-eae801139f6b,713.7
62X,62X,A,Braddock,"BRADDOCK via Regent Square, Oakland",6,87b8be82-3a6a-40c4-88a9-5b5a5a8d4d21,317.9
62X,62X,A,Braddock,"BRADDOCK via Regent Square, Oakland",7,0298a35c-f93e-47cb-aadd-ce06f7661f32,12622.4
62X,62X,A,Braddock,"BRADDOCK via Regent Square, Oakland",8,8e9d290d-f343-4f8e-91f5-1efbd0fbfd4b,16781.2
62X,62X,A,Braddock,"BRADDOCK via Regent Square, Oakland",9,6ca3c470-eab0-460c-aeeb-22b04ff569ff,5848.8
62X,62X,A,Braddock,"BRADDOCK via Regent Square, Oakland",10,b3f345a1-40ec-469e-a383-c34ecd22448c,10960.3
62X,62X,A,Braddock,"BRADDOCK via Regent Square, Oakland",11,b23a5412-a455-4bf5-b67a-1a7f2f989fa1,16637.5
62X,62X,A,Braddock,"BRADDOCK via Regent Square, Oakland",12,2c4e8027-1f9a-4451-bcb1-23e6707bf0f0,12411.8
62X,62X,A,Braddock,"BRADDOCK via Regent Square, Oakland",13,e9f0652c-bdc7-46c5-9d8b-d36d2ddf7ef2,10455.5
62X,62X,A,Braddock,"BRADDOCK via Regent Square, Oakland",14,b116f847-d45f-4e61-b2e7-d95572d97d10,13728.1
62X,62X,A,Braddock,"BRADDOCK via Regent Square, Oakland",15,707e46e2-5950-4e58-a408-acf509b3ba89,15609.3
62X,62X,A,Braddock,"BRADDOCK via Regent Square, Oakland",16,b63aa4ca-8fba-4ce7-ace7-9d41bb5bc121,13534.7
62X,62X,A,Braddock,"BRADDOCK via Regent Square, Oakland",17,6f407644-9a80-4290-803c-11c77f48e99d,11116.0
62X,62X,A,Braddock,"BRADDOCK via Regent Square, Oakland",18,2a25519b-f8db-4fd6-95ac-88be5bb41d45,15856.8
62X,62X,A,Braddock,"BRADDOCK via Regent Square, Oakland",19,87987165-bfcb-4b91-9246-f684e915d125,2462.7
62X,62X,A,Braddock,"BRADDOCK via Regent Square, Oakland",20,4bf9f0b6-d0ce-4ec9-8e3d-f4f9374629aa,15481.0
62X,62X,A,Braddock,"BRADDOCK via Regent Square, Oakland",21,e9960c62-7984-4f35-b5eb-2f84499527dc,7419.1
62X,62X,A,Braddock,"BRADDOCK via Regent Square, Oakland",22,ac2eec0f-e34a-4da3-a2a2-78b865bf6b1b,8668.5
62X,62X,A,Braddock,"BRADDOCK via Regent Square, Oakland",23,feca69aa-09f3-4446-a11d-59d3374b33ea,14841.4
62X,62X,A,Braddock,"BRADDOCK via Regent Square, Oakland",24,c672ddc0-93e8-4b86-a804-52b8c85259d1,7177.1
62X,62X,A,Braddock,"BRADDOCK via Regent Square, Oakland",25,36645177-0dca-4bb7-bccb-c0004f0bb3a4,4908.0
62X,62X,A,Braddock,"BRADDOCK via Regent Square, Oakland",26,69fbaba1-38d9-49d8-9e35-7fc2926e804d,15112.6
62X,62X,A,Braddock,"BRADDOCK via Regent Square, Oakland",27,04243672-e717-4107-ba66-4546b119e849,10000.2
62X,62X,A,Braddock,"BRADDOCK via Regent Square, Oakland",28,22993ee6-5609-4892-967a-008a70775df4,4624.7
62X,62X,A,Braddock,"BRADDOCK via Regent Square, Oakland",29,c38149ad-383a-468a-a129-8edd4920fe72,13004.1
62X,62X,A,Braddock,"BRADDOCK via Regent Square, Oakland",30,1a4cc548-cd20-4af3-a483-144cba51358b,6604.8
62X,62X,A,Braddock,"BRADDOCK via Regent Square, Oakland",31,94550995-8498-4df1-93f6-8a195d927758,16933.1
62X,62X,A,Braddock,"BRADDOCK via Regent Square, Oakland",32,0f8d7d53-feeb-4c7e-93cf-c504e75b1a9a,6302.8
62X,62X,A,Braddock,"BRADDOCK via Regent Square, Oakland",33,78215d08-4cce-4b55-88c8-27ff216d8df3,8131.8
62X,62X,A,Braddock,"BRADDOCK via Regent Square, Oakland",34,9d7d0567-7d20-456d-92af-56edf54b269d,12180.4
62X,62X,A,Braddock,"BRADDOCK via Regent Square, Oakland",35,9bba82c4-35ff-42c1-9b00-255add9d572b,3860.6
62X,62X,A,Braddock,"BRADDOCK via Regent Square, Oakland",36,dcdcfbec-b147-4579-a34d-498b2dc29b8e,17837.2
62X,62X,A,Braddock,"BRADDOCK via Regent Square, Oakland",37,cd78c93b-6cc7-46f4-ba4c-989413aa7e0a,7825.0
62X,62X,A,Braddock,"BRADDOCK via Regent Square, Oakland",38,da139bb1-5de0-438a-ae18-c618a6bf17c5,11344.0
62X,62X,A,Braddock,"BRADDOCK via Regent Square, Oakland",39,c67d08c0-a6a1-4c75-bda7-56915930ddef,6952.8
62X,62X,A,Braddock,"BRADDOCK via Regent Square, Oakland",40,872b5803-f5cc-4f78-85cb-4f0feefdfce8,16230.1
62X,62X,A,Braddock,"BRADDOCK via Regent Square, Oakland",41,3e774991-3ea0-4fac-8d31-5feb61a1bbc9,10336.0
62X,62X,A,Braddock,"BRADDOCK via Regent Square, Oakland",42,7b4b3184-0623-4693-9c5f-d66cde681c4a,12049.0
62X,62X,A,Braddock,"BRADDOCK via Regent Square, Oakland",43,6cf3b163-1e39-418c-b93c-60efeb8e8b74,10659.0
62X,62X,A,Braddock,"BRADDOCK via Regent Square, Oakland",44,7b8cea4a-16b8-49a0-8813-a36625826856,16035.5
62X,62X,A,Braddock,"BRADDOCK via Regent Square, Oakland",45,d45235ca-c669-493a-8761-8c81bf81786d,4261.1
62X,62X,A,Braddock,"BRADDOCK via Regent Square, Oakland",46,3283c2fb-46f3-4516-9f65-23667faf6131,13845.0
62X,62X,A,Braddock,"BRADDOCK via Regent Square, Oakland",47,01ba894c-027a-4e3f-b1b3-e2a93629c3eb,12742.2
62X,62X,A,Braddock,"BRADDOCK via Regent Square, Oakland",48,9b64455f-cc87-4e14-8200-657f77948e1d,14967.7
62X,62X,A,Braddock,"BRADDOCK via Regent Square, Oakland",49,1b3ed971-8822-4735-b96e-37bea9fbde6d,16467.7
62X,62X,A,Braddock,"BRADDOCK via Regent Square, Oakland",50,fb725da7-73bc-48c4-870c-88f434b6e541,10817.0
62X,62X,A,Braddock,"BRADDOCK via Regent Square, Oakland",51,7396de6f-ec47-4dfd-bd6a-64e3f03a82e6,6140.6
62X,62X,A,Braddock,"BRADDOCK via Regent Square, Oakland",52,5c341066-ba3f-4fa3-8080-6e7fe558effe,13404.6
62X,62X,A,Braddock,"BRADDOCK via Regent Square, Oakland",53,1f7e61a1-daf6-4b3c-bf42-f1a5e5a6c29e,17242.4
62X,62X,A,Braddock,"BRADDOCK via Regent Square, Oakland",54,d7f3d3f0-1cc2-4fbf-9268-a9e03a629d48,1370.0
62X,62X,A,Braddock,"BRADDOCK via Regent Square, Oakland",55,ea2d45ff-4261-45ce-a5cb-94fa7ce4ea45,13297.8
62X,62X,A,Braddock,"BRADDOCK via Regent Square, Oakland",56,05abcfa9-2b53-4c53-842b-88687525a17e,18362.2
62X,62X,A,Braddock,"BRADDOCK via Regent Square, Oakland",57,3a09a21d-c950-4f47-b9c5-2eae0bd46458,15286.5
62X,62X,A,Braddock,"BRADDOCK via Regent Square, Oakland",58,c6a33437-80e5-48b3-8a82-d10bfe154939,8402.7
62X,62X,A,Braddock,"BRADDOCK via Regent Square, Oakland",59,bd788af9-1253-452f-873b-f7810182798a,5284.5
62X,62X,A,Braddock,"BRADDOCK via Regent Square, Oakland",60,0d1b4664-c4e9-4760-9dd9-9e430451ffcb,10174.6
62X,62X,A,Braddock,"BRADDOCK via Regent Square, Oakland",61,6b8239a1-f254-4897-acc7-869fb714c343,1843.9
62X,62X,A,Braddock,"BRADDOCK via Regent Square, Oakland",62,b7b04ffc-b645-4286-be00-0a0b83d53336,2192.3
62X,62X,A,Braddock,"BRADDOCK via Regent Square, Oakland",63,b02bc6ad-5e35-44f7-9775-f042a86d367d,12329.3
62X,62X,A,Braddock,"BRADDOCK via Regent Square, Oakland",64,02f6326c-e983-4a9d-9d48-5b9a1c9bfdfd,0
62X,62X,A,Braddock,"BRADDOCK via Regent Square, Oakland",65,869e1bc6-18ac-46f7-bc0e-d21b7830f540,14441.0
62X,62X,A,Braddock,"BRADDOCK via Regent Square, Oakland",66,b7410b5a-d450-4067-b1ea-2b85310fe5f4,14081.7
65,65,A,Steel View Manor,STEEL VIEW MANOR via Walnut St,1,ca31686c-1f51-46f2-90ab-216f08e11328,5801.3
65,65,A,Steel View Manor,STEEL VIEW MANOR via Walnut St,2,7af1a919-1c27-4a26-850f-9cb41cefc174,5593.9
65,65,A,Steel View Manor,STEEL VIEW MANOR via Walnut St,3,b7040c2c-5c1d-4bb8-a16d-e91de691b9bf,3000.6
65,65,A,Steel View Manor,STEEL VIEW MANOR via Walnut St,4,ea77a2b5-afd8-4472-ba5e-f0d3a5be8da5,0
65,65,A,Steel View Manor,STEEL VIEW MANOR via Walnut St,5,2d47687d-b885-4c74-bac6-6974ff18e284,668.1
65,65,A,Steel View Manor,STEEL VIEW MANOR via Walnut St,6,1764a4d3-c8f0-4276-a404-2eed87ac80c7,3069.4
65,65,A,Steel View Manor,STEEL VIEW MANOR via Walnut St,7,ae0dd138-0cf4-4576-baab-b411291bd831,3760.1
65,65,A,Steel View Manor,STEEL VIEW MANOR via Walnut St,8,973c6cb5-80c7-40e5-98be-5f01980581ed,6233.7
65,65,A,Steel View Manor,STEEL VIEW MANOR via Walnut St,9,fbfe31f5-d77a-49b9-9731-d53523655a62,7054.4
65,65,A,Steel View Manor,STEEL VIEW MANOR via Walnut St,10,11a125ad-17a8-4050-b111-2644668428b9,333.8
65,65,A,Steel View Manor,STEEL VIEW MANOR via Walnut St,11,4f3f7d80-71e7-45f9-9c75-58df21de5f0b,2756.6
65,65,A,Steel View Manor,STEEL VIEW MANOR via Walnut St,12,d1293ed6-37ea-45b6-84c5-491739b8b756,4958.1
65,65,A,Steel View Manor,STEEL VIEW MANOR via Walnut St,13,a20281ec-5eb6-45e6-9c23-d670bb90b363,7668.1
65,65,A,Steel View Manor,STEEL VIEW MANOR via Walnut St,14,e50e09f9-1bbd-4214-b525-1706102f651f,5924.1
65,65,A,Steel View Manor,STEEL VIEW MANOR via Walnut St,15,a67e1c6a-b839-445a-ac7b-73ec769d675f,4638.6
65,65,A,Steel View Manor,STEEL VIEW MANOR via Walnut St,16,47093553-a69a-4d2d-a7d6-bff406b2d085,3614.3
65,65,A,Steel View Manor,STEEL VIEW MANOR via Walnut St,17,7433f221-bde3-4e4f-89c6-51fdea5b297d,2930.6
65,65,A,Steel View Manor,STEEL VIEW MANOR via Walnut St,18,860a8b2e-5c09-4507-b495-cd25c56f84bd,6425.9
65,65,A,Steel View Manor,STEEL VIEW MANOR via Walnut St,19,5b80451e-0896-404a-9f7f-46590834f72d,2079.6
65,65,A,Steel View Manor,STEEL VIEW MANOR via Walnut St,20,27df617a-ea06-4cfd-b42f-23720e7a011d,3426.7
65,65,A,Steel View Manor,STEEL VIEW MANOR via Walnut St,21,3efdfe63-080b-40cb-9874-d77de3709e24,2389.7
65,65,A,Steel View Manor,STEEL VIEW MANOR via Walnut St,22,0e6da9ac-6785-4fe4-a58b-d336727de789,2621.9
65,65,A,Steel View Manor,STEEL VIEW MANOR via Walnut St,23,82c62220-1e99-4b0a-8746-7ddd080a05e1,6069.2
65,65,A,Steel View Manor,STEEL VIEW MANOR via Walnut St,24,44de07e0-a817-4d97-9549-f0755b3f649d,7306.0
65,65,A,Steel View Manor,STEEL VIEW MANOR via Walnut St,25,8f636c64-4f5c-41ec-abf4-374841a32eac,1156.1
65,65,A,Steel View Manor,STEEL VIEW MANOR via Walnut St,26,0897f8b4-8915-4b80-b583-b0a446d29492,467.9
65,65,A,Steel View Manor,STEEL VIEW MANOR via Walnut St,27,fb6b8f54-1d7b-4380-af92-2ec655bcc0c9,7483.5
65,65,A,Steel View Manor,STEEL VIEW MANOR via Walnut St,28,0eac0ae4-76f8-4ac7-81e9-23dfb1998067,3221.5
65,65,A,Steel View Manor,STEEL VIEW MANOR via Walnut St,29,a9403fc3-4315-4773-b5b6-614481147a12,594.0
65,65,A,Steel View Manor,STEEL VIEW MANOR via Walnut St,30,15be50ad-5723-45d4-be3d-196848bbd3e9,7832.5
65,65,A,Steel View Manor,STEEL VIEW MANOR via Walnut St,31,486387ea-2d45-4b3f-b922-391eb2a6236f,2524.9
65,65,A,Steel View Manor,STEEL VIEW MANOR via Walnut St,32,b26184b5-59ec-46eb-a418-7bc3dfc42a33,4471.3
65,65,A,Steel View Manor,STEEL VIEW MANOR via Walnut St,33,f5fd421d-ecbb-43ef-904c-0431cb408075,6874.1
65,65,A,Steel View Manor,STEEL VIEW MANOR via Walnut St,34,feb70f90-9765-4f56-85ee-b4deb8d9e572,6646.3
65,65,A,Steel View Manor,STEEL VIEW MANOR via Walnut St,35,e78abd18-b924-4da7-bbd4-a7ec2003474a,2304.2
65,65,A,Steel View Manor,STEEL VIEW MANOR via Walnut St,36,447e3f34-edce-4a29-b545-39d60aef2168,228.6
65,65,A,Steel View Manor,STEEL VIEW MANOR via Walnut St,37,8fe9b274-fc70-4989-9580-4ed522402768,5358.6
65,65,A,Steel View Manor,STEEL VIEW MANOR via Walnut St,38,24b7222f-2a4f-43ff-b47d-21bac1eca1cf,795.8
65,65,A,Steel View Manor,STEEL VIEW MANOR via Walnut St,39,f4aca01e-a573-412f-aa47-e9c92e925d21,3319.1
65,65,A,Steel View Manor,STEEL VIEW MANOR via Walnut St,40,cc4bd665-1ac5-4894-a1dd-d5b6a59beff1,4857.0
65,65,A,Versailles,VERSAILLES via Walnut St,1,1a7d8ef9-252e-4a82-956d-0e66e7b06498,1759.8
65,65,A,Versailles,VERSAILLES via Walnut St,2,8f636c64-4f5c-41ec-abf4-374841a32eac,9324.1
65,65,A,Versailles,VERSAILLES via Walnut St,3,9547ef37-7c84-4434-9cd8-40dace21e97f,10603.5
65,65,A,Versailles,VERSAILLES via Walnut St,4,c6320580-a1f0-4c2a-9412-8ca42dd2d77b,10157.7
65,65,A,Versailles,VERSAILLES via Walnut St,5,d1a828f9-a746-4134-9730-cff044c43550,1825.7
65,65,A,Versailles,VERSAILLES via Walnut St,6,bd97fc5f-fe6b-4733-b60d-2d9d37e97e6b,9821.7
65,65,A,Versailles,VERSAILLES via Walnut St,7,6d12eca2-9b36-4a3f-9d8f-08854a2dfd84,2240.6
65,65,A,Versailles,VERSAILLES via Walnut St,8,f6f11d1a-a55d-4b73-9077-03192fc9cfcf,7664.9
65,65,A,Versailles,VERSAILLES via Walnut St,9,77d89f4a-3698-41a5-80a6-2a8a640caae2,1629.6
65,65,A,Versailles,VERSAILLES via Walnut St,10,2ad441b8-8f77-4034-a359-12c9f2081852,8189.4
65,65,A,Versailles,VERSAILLES via Walnut St,11,4cde3d37-f64f-4d54-874f-f241927deeeb,2776.2
65,65,A,Versailles,VERSAILLES via Walnut St,12,903a74ec-29a2-4c59-bb87-c77af6f6b3cf,5030.8
65,65,A,Versailles,VERSAILLES via Walnut St,13,4edf91df-1683-40f4-8bbc-16f7968a26c7,3925.7
65,65,A,Versailles,VERSAILLES via Walnut St,14,0857effc-eff8-461f-81eb-f26181ace639,2375.0
65,65,A,Versailles,VERSAILLES via Walnut St,15,73026cca-9d68-4bb5-85cb-057f1d6cfadf,4625.4
65,65,A,Versailles,VERSAILLES via Walnut St,16,ea4f7ea2-44bb-48fd-8d51-0f9ce821c2d5,565.6
65,65,A,Versailles,VERSAILLES via Walnut St,17,60169e02-c7cd-4eb0-9352-26e8e2c5646d,7419.2
65,65,A,Versailles,VERSAILLES via Walnut St,18,81d07c2f-c1ba-469e-a2e5-98caab5e7ffd,3147.3
65,65,A,Versailles,VERSAILLES via Walnut St,19,428b1fa0-2af7-4972-91f2-d7a9325d2d3c,7200.3
65,65,A,Versailles,VERSAILLES via Walnut St,20,47dc864a-532c-4e34-ab74-e2282d02f125,3639.2
65,65,A,Versailles,VERSAILLES via Walnut St,21,8ed3469d-b4d4-4ca8-91c9-0a2ecdf86d03,469.3
65,65,A,Versailles,VERSAILLES via Walnut St,22,d2423196-a432-416f-b3e5-1817cd157b61,4838.1
65,65,A,Versailles,VERSAILLES via Walnut St,23,27de9c96-6791-47d3-ae67-dba809ceb9d0,1095.4
65,65,A,Versailles,VERSAILLES via Walnut St,24,ecfe7d2a-3f97-423b-b30b-afa9a9c8654f,1954.4
65,65,A,Versailles,VERSAILLES via Walnut St,25,39b89d16-4c29-4dda-961d-b84d876bd2f3,3330.1
65,65,A,Versailles,VERSAILLES via Walnut St,26,409fbb1a-b911-4721-a705-64e05b5aa4b9,8010.1
65,65,A,Versailles,VERSAILLES via Walnut St,27,4910de62-9a99-4fb7-a939-84f0f5ff5bee,2840.3
65,65,A,Versailles,VERSAILLES via Walnut St,28,ce1e2bad-eafa-4b4c-bd34-2f440bb340b2,9909.3
65,65,A,Versailles,VERSAILLES via Walnut St,29,7d6b810d-6a48-429e-a9ff-2e930641d3ac,10245.9
65,65,A,Versailles,VERSAILLES via Walnut St,30,f0542519-eee3-4020-9722-05e16f1882c1,5213.1
65,65,A,Versailles,VERSAILLES via Walnut St,31,6ff1624a-492f-438c-96d0-c19e3cdc4baf,222.5
65,65,A,Versailles,VERSAILLES via Walnut St,32,22c05867-0d1e-4172-a9cc-902529c92c5b,1198.7
65,65,A,Versailles,VERSAILLES via Walnut St,33,812c7769-bff4-444a-a4de-5e0acc614056,4305.1
65,65,A,Versailles,VERSAILLES via Walnut St,34,15be50ad-5723-45d4-be3d-196848bbd3e9,0.1
65,65,A,Versailles,VERSAILLES via Walnut St,35,2771d0ca-ea0c-447e-9ac5-e0d106724a02,10031.5
65,65,A,Versailles,VERSAILLES via Walnut St,36,eeee27cf-5c99-476b-8a51-72b70ac51837,785.1
65,65,A,Versailles,VERSAILLES via Walnut St,37,e368cf5a-6886-4170-b48e-87c52401f34b,2920.8
65,65,A,Versailles,VERSAILLES via Walnut St,38,b79b9557-6fa2-4532-848e-d8083137b2ba,5786.6
65,65,A,Versailles,VERSAILLES via Walnut St,39,d48e3713-1a8d-43dd-86f6-b9194f7d151d,6186.5
65,65,A,Versailles,VERSAILLES via Walnut St,40,7752fed4-2745-4b4b-a98e-4c0bf7e31515,2050.7
65,65,A,Versailles,VERSAILLES via Walnut St,41,bf846ddf-7dc9-4f9f-9117-c52a8bd6adfd,10403.3
65,65,A,Versailles,VERSAILLES via Walnut St,42,5d663de4-ae47-4cc1-9efa-1c9b1038a92d,1497.9
65,65,A,Versailles,VERSAILLES via Walnut St,43,13705a47-1130-41d0-aa97-1591e1844bd2,2672.3
65,65,A,Versailles,VERSAILLES via Walnut St,44,035d9280-9f61-4b95-89ea-9e970493095d,5965.9
65,65,A,Versailles,VERSAILLES via Walnut St,45,0e069184-6e99-4afb-88f7-cd5450d28758,2538.5
65,65,A,Versailles,VERSAILLES via Walnut St,46,282da7ac-c425-449d-a5bd-2da981fc9f43,8341.1
65,65,A,Versailles,VERSAILLES via Walnut St,47,6c137f6a-4d98-47ca-8e78-447f52edf066,8541.8
65,65,A,Versailles,VERSAILLES via Walnut St,48,dec006df-c794-48f0-aca4-956fefb32f0c,658.8
65,65,A,Versailles,VERSAILLES via Walnut St,49,3f05ff4a-f5d3-4805-8727-fcf2c38bf467,6990.9
65,65,A,Versailles,VERSAILLES via Walnut St,50,66f7adc0-9078-4b54-93e4-11d7de7e034c,7515.2
65,65,A,Versailles,VERSAILLES via Walnut St,51,a0236f88-adc6-45ba-8112-34551b821f11,7303.7
65,65,A,Versailles,VERSAILLES via Walnut St,52,ff2f5c60-5500-4dd1-9b0b-df4f87574d20,7881.1
65,65,A,Versailles,VERSAILLES via Walnut St,53,e97ae26c-a50a-4435-93dc-5e7f6086e6be,6847.0
65,65,A,Versailles,VERSAILLES via Walnut St,54,b25f62a9-a4cc-4a7a-a538-874ede09d335,3254.6
65,65,A,Versailles,VERSAILLES via Walnut St,55,70103893-62a9-48cc-bfde-877a234aeb92,8722.1
70,70,A,Downtown,DOWNTOWN via Wilkins Av,1,e183893a-bb54-4234-a630-f463ee232ac0,5799.1
70,70,A,Downtown,DOWNTOWN via Wilkins Av,2,fa6500da-da6a-46e5-8f12-4ed2f4c62604,4787.0
70,70,A,Downtown,DOWNTOWN via Wilkins Av,3,254e9c1c-1f8a-4f5a-9970-14791894f047,972.0
70,70,A,Downtown,DOWNTOWN via Wilkins Av,4,49c88154-79a6-4ea6-8b1e-f5d6c82932c3,10241.4
70,70,A,Downtown,DOWNTOWN via Wilkins Av,5,5787b773-36f7-4a84-94e6-05c4471c0152,3565.1
70,70,A,Downtown,DOWNTOWN via Wilkins Av,6,d368ec15-04c5-4bdc-8ccc-352988ad6576,12492.6
70,70,A,Downtown,DOWNTOWN via Wilkins Av,7,4353694c-862f-45fc-be18-6ba5208a7f07,4314.2
70,70,A,Downtown,DOWNTOWN via Wilkins Av,8,1dc20b79-4c71-4dca-ae44-26d35c17f605,1937.6
70,70,A,Downtown,DOWNTOWN via Wilkins Av,9,c2268d4c-02a3-4f0b-ba17-8a2c728c7e16,1359.3
70,70,A,Downtown,DOWNTOWN via Wilkins Av,10,85be6911-0243-4aa1-86ba-978b8d674d8a,5188.2
70,70,A,Downtown,DOWNTOWN via Wilkins Av,11,6b7f3bd9-bc8c-4d83-93c1-cab946d9a788,3181.9
70,70,A,Downtown,DOWNTOWN via Wilkins Av,12,2bb66cb3-fbb0-4d2b-9876-225dd481051f,8591.3
70,70,A,Downtown,DOWNTOWN via Wilkins Av,13,911bd3d7-c37d-4511-b16c-517bb2801b36,1502.4
70,70,A,Downtown,DOWNTOWN via Wilkins Av,14,3c7faa20-c739-4f94-a36c-fc5d4bf4b2aa,4486.7
70,70,A,Downtown,DOWNTOWN via Wilkins Av,15,4d87fb35-77d3-4cbf-a9b4-6284fca12015,3055.1
70,70,A,Downtown,DOWNTOWN via Wilkins Av,16,ec4e9285-28a7-48eb-9b09-54805fd7b35d,4926.4
70,70,A,Downtown,DOWNTOWN via Wilkins Av,17,6f0f13c8-d8e0-49da-b5e5-ad24d8c2c3d5,7909.5
70,70,A,Downtown,DOWNTOWN via Wilkins Av,18,893753bc-5fe6-43d5-a764-701e39229f88,9968.1
70,70,A,Downtown,DOWNTOWN via Wilkins Av,19,7e68c358-1aef-49a0-8063-63349c5658ae,1789.2
70,70,A,Downtown,DOWNTOWN via Wilkins Av,20,658e380a-5e6e-43d3-9d08-6386d64717f5,13116.1
70,70,A,Downtown,DOWNTOWN via Wilkins Av,21,3a238f53-66d7-43ff-a9c7-5065303db951,5311.3
70,70,A,Downtown,DOWNTOWN via Wilkins Av,22,613a3875-6c70-476b-b65f-378497702f43,7288.0
70,70,A,Downtown,DOWNTOWN via Wilkins Av,23,7c85bc08-5e4a-4299-92b1-fe2c384bbd4e,12306.6
70,70,A,Downtown,DOWNTOWN via Wilkins Av,24,7bd1f0a1-3122-419d-b212-9942d136c320,0.0
70,70,A,Downtown,DOWNTOWN via Wilkins Av,25,434f2ef2-41e2-4bde-a58a-2e70a9162374,1239.4
70,70,A,Downtown,DOWNTOWN via Wilkins Av,26,fbb88176-9bba-4ad2-a226-789fb3f30a8a,2773.8
70,70,A,Downtown,DOWNTOWN via Wilkins Av,27,daf49906-715a-4f33-8697-8a7b022e9242,6243.5
70,70,A,Downtown,DOWNTOWN via Wilkins Av,28,fa99c1e7-ac5b-4463-b2b9-5fa0f7d86873,5596.4
70,70,A,Downtown,DOWNTOWN via Wilkins Av,29,b4627507-e95c-4ede-bcfc-1afec7b35e1d,3925.1
70,70,A,Downtown,DOWNTOWN via Wilkins Av,30,75cf59a2-9062-462b-81e4-873c78f17802,12839.8
70,70,A,Downtown,DOWNTOWN via Wilkins Av,31,bb5c6c2d-2427-4eeb-b0c1-8d56a190d19d,4636.0
70,70,A,Downtown,DOWNTOWN via Wilkins Av,32,a6300003-a62b-4d69-a0f2-a337939a7b7a,5452.0
70,70,A,Downtown,DOWNTOWN via Wilkins Av,33,0e532409-76dc-419c-8ebb-d8df0b85b2bc,9817.9
70,70,A,Downtown,DOWNTOWN via Wilkins Av,34,ebddf587-eacc-48b9-b4d8-02ba6e2d76a7,10415.9
70,70,A,Downtown,DOWNTOWN via Wilkins Av,35,f660347b-001d-48ce-9f37-b682d8170e05,6648.2
70,70,A,Downtown,DOWNTOWN via Wilkins Av,36,6ad45c6a-fd70-493c-9a85-cc6a7b858dcf,10136.7
70,70,A,Downtown,DOWNTOWN via Wilkins Av,37,f9bd51e6-d6cc-4f56-b6db-785e92881f3b,3751.5
70,70,A,Downtown,DOWNTOWN via Wilkins Av,38,164c44fb-1a1a-473f-83b0-4ff7efd79dc9,2291.6
70,70,A,Downtown,DOWNTOWN via Wilkins Av,39,07fe223a-d54c-46e4-85c6-3c80eb9376fc,3435.4
70,70,A,Downtown,DOWNTOWN via Wilkins Av,40,cbefd82a-07a3-4d99-b958-f95151838539,465.2
70,70,A,Downtown,DOWNTOWN via Wilkins Av,41,7db61f38-b12e-4753-b38d-9883c9a62b46,2066.1
70,70,A,Downtown,DOWNTOWN via Wilkins Av,42,767d6aea-cecf-4660-a03d-b1b7a0acbdd1,2529.2
70,70,A,Downtown,DOWNTOWN via Wilkins Av,43,d101f86f-06cf-4eaf-88c0-8a082166e849,7542.9
70,70,A,Downtown,DOWNTOWN via Wilkins Av,44,1739ff68-d800-4c4e-8f3f-1fb3cb027c95,649.3
70,70,A,Downtown,DOWNTOWN via Wilkins Av,45,18b77cd0-0996-498f-9918-ed9afd37dd61,4221.8
70,70,A,Wilkinsburg,WILKINSBURG via Wilkins Av,1,e7746ea3-351e-441f-a486-cf73ca147f9d,7156.8
70,70,A,Wilkinsburg,WILKINSBURG via Wilkins Av,2,65b10adf-0612-4b82-956f-d24c78ae89b1,10626.4
70,70,A,Wilkinsburg,WILKINSBURG via Wilkins Av,3,6a1dd649-b79d-4b5e-b96e-b1e849fb2aae,11416.9
70,70,A,Wilkinsburg,WILKINSBURG via Wilkins Av,4,03d12e5d-c53a-4eb4-998b-ce4f09ccff94,9745.1
70,70,A,Wilkinsburg,WILKINSBURG via Wilkins Av,5,da719905-c90f-43d7-ad0d-2dcd3f8781d8,8618.2
70,70,A,Wilkinsburg,WILKINSBURG via Wilkins Av,6,39fbec37-1ec3-44f8-beff-f8430528b974,11935.3
70,70,A,Wilkinsburg,WILKINSBURG via Wilkins Av,7,63e6de58-61b1-4a2d-8e75-973f8a7e7a7f,7747.7
70,70,A,Wilkinsburg,WILKINSBURG via Wilkins Av,8,c583d5c2-deea-4662-8ff0-8db2d863017d,1027.7
70,70,A,Wilkinsburg,WILKINSBURG via Wilkins Av,9,fd62d14a-0490-4526-b776-f940351c03b3,8797.8
70,70,A,Wilkinsburg,WILKINSBURG via Wilkins Av,10,61ff0c50-681e-490f-98a2-0c6165208af3,2530.4
70,70,A,Wilkinsburg,WILKINSBURG via Wilkins Av,11,04a217f3-f5fd-4a8c-a8ad-e355d667a6d3,9515.8
70,70,A,Wilkinsburg,WILKINSBURG via Wilkins Av,12,bd788af9-1253-452f-873b-f7810182798a,6253.3
70,70,A,Wilkinsburg,WILKINSBURG via Wilkins Av,13,2137b8ae-ea1f-4fbf-bcb9-f33d526b61f7,8985.3
70,70,A,Wilkinsburg,WILKINSBURG via Wilkins Av,14,187130b8-f356-426e-9a11-5deb680665b3,229.0
70,70,A,Wilkinsburg,WILKINSBURG via Wilkins Av,15,9bba82c4-35ff-42c1-9b00-255add9d572b,4829.5
70,70,A,Wilkinsburg,WILKINSBURG via Wilkins Av,16,22993ee6-5609-4892-967a-008a70775df4,5593.5
70,70,A,Wilkinsburg,WILKINSBURG via Wilkins Av,17,277810d4-1435-4ce7-86dc-83d6fefbcad7,8286.2
70,70,A,Wilkinsburg,WILKINSBURG via Wilkins Av,18,569fc22c-0437-4244-b09b-fb6ae1582c52,8119.4
70,70,A,Wilkinsburg,WILKINSBURG via Wilkins Av,19,54d88561-fd61-4a13-b42f-c0d74aa559ab,7989.6
70,70,A,Wilkinsburg,WILKINSBURG via Wilkins Av,20,064ca7f0-ccdb-4cc4-942b-54b32f84470c,10199.8
70,70,A,Wilkinsburg,WILKINSBURG via Wilkins Av,21,1654bf48-c1b8-4b0a-9314-d0636de1ce1f,9356.8
70,70,A,Wilkinsburg,WILKINSBURG via Wilkins Av,22,a34d3aa3-1a0f-4b5f-ab7f-59f2d2b1c1ba,483.2
70,70,A,Wilkinsburg,WILKINSBURG via Wilkins Av,23,69311d8d-9cf0-4a53-8035-079ac8982149,11180.0
70,70,A,Wilkinsburg,WILKINSBURG via Wilkins Av,24,5f6d5cd5-b99b-4eb9-9083-90b1cd1e9add,10853.2
70,70,A,Wilkinsburg,WILKINSBURG via Wilkins Av,25,658e380a-5e6e-43d3-9d08-6386d64717f5,3.5
70,70,A,Wilkinsburg,WILKINSBURG via Wilkins Av,26,4e7464f1-d464-4df9-accb-f25524e0ae4e,11800.6
70,70,A,Wilkinsburg,WILKINSBURG via Wilkins Av,27,878c8037-e78a-4e56-b84a-569f57954298,9182.3
70,70,A,Wilkinsburg,WILKINSBURG via Wilkins Av,28,6cf6af9f-0fde-4088-bd12-a041bc8309b2,7621.7
70,70,A,Wilkinsburg,WILKINSBURG via Wilkins Av,29,6b98b435-a4a3-4b3f-9a5b-06b5dde2afcb,12249.6
70,70,A,Wilkinsburg,WILKINSBURG via Wilkins Av,30,11ab03b7-cc8b-4368-a7f4-df7a7edb02e6,10425.3
70,70,A,Wilkinsburg,WILKINSBURG via Wilkins Av,31,d81575dc-15a7-4102-a402-27ef3328efa4,9873.0
70,70,A,Wilkinsburg,WILKINSBURG via Wilkins Av,32,a177b156-05da-485a-a428-e6a94d770726,8451.7
70,70,A,Wilkinsburg,WILKINSBURG via Wilkins Av,33,8ee4c8c4-6e52-4fc8-af5a-8cce6387961f,7487.8
70,70,A,Wilkinsburg,WILKINSBURG via Wilkins Av,34,929edd2b-8877-4c5e-970d-0f93d15bfba1,12522.4
70,70,A,Wilkinsburg,WILKINSBURG via Wilkins Av,35,f64c5aa6-3271-4bc0-9312-03e122f544dc,12891.0
70,70,A,Wilkinsburg,WILKINSBURG via Wilkins Av,36,6ca3c470-eab0-460c-aeeb-22b04ff569ff,6817.6
70,70,A,Wilkinsburg,WILKINSBURG via Wilkins Av,37,d7fe18e3-da18-44bf-b519-65b2890a450e,721.5
70,70,A,Wilkinsburg,WILKINSBURG via Wilkins Av,38,96fe1e7c-e4e8-41ba-917d-1e8be820c044,7358.9
70,70,A,Wilkinsburg,WILKINSBURG via Wilkins Av,39,d45235ca-c669-493a-8761-8c81bf81786d,5230.0
70,70,A,Wilkinsburg,WILKINSBURG via Wilkins Av,40,36645177-0dca-4bb7-bccb-c0004f0bb3a4,5876.7
70,70,A,Wilkinsburg,WILKINSBURG via Wilkins Av,41,45ac8494-0156-4b9a-b73a-eb5676a1559e,11532.9
70,70,A,Wilkinsburg,WILKINSBURG via Wilkins Av,42,18cf45ba-679c-4a74-a772-113c1f64352c,11013.5
84,84,A,South Side,"SOUTH SIDE via Hill District, Oakland",1,9017e4f1-9a60-4431-831b-13b3c3cb0d6a,5547.8
84,84,A,South Side,"SOUTH SIDE via Hill District, Oakland",2,e0862dd8-4fbd-4c31-9b17-aea8f6255814,2403.9
84,84,A,South Side,"SOUTH SIDE via Hill District, Oakland",3,c206b9a3-345f-49cd-b29f-cc9f03d7ede7,6242.0
84,84,A,South Side,"SOUTH SIDE via Hill District, Oakland",4,ac0aa621-1b0a-439b-954f-261f62f312f5,3850.1
84,84,A,South Side,"SOUTH SIDE via Hill District, Oakland",5,4a3c7d9d-7305-4292-8fc9-c38510edc639,7792.7
84,84,A,South Side,"SOUTH SIDE via Hill District, Oakland",6,970f5e9c-fe8a-4b93-b8f3-c489dd93c465,11047.6
84,84,A,South Side,"SOUTH SIDE via Hill District, Oakland",7,de1ff3fc-b53f-4ee8-aeb4-08c71f81cad1,6345.6
84,84,A,South Side,"SOUTH SIDE via Hill District, Oakland",8,0c7826fe-2c4c-43c5-98f7-7ec51e3b53fe,8003.1
84,84,A,South Side,"SOUTH SIDE via Hill District, Oakland",9,86fb3fba-0570-41dd-8f52-831d972345b8,3655.1
84,84,A,South Side,"SOUTH SIDE via Hill District, Oakland",10,2d7ffab4-7132-48ba-82d8-b1107d05f3da,8631.6
84,84,A,South Side,"SOUTH SIDE via Hill District, Oakland",11,fe1ad508-9e53-4dea-9938-298d97daa970,11290.9
84,84,A,South Side,"SOUTH SIDE via Hill District, Oakland",12,cd793df6-29f1-4c1d-8a31-ad774d103864,2670.3
84,84,A,South Side,"SOUTH SIDE via Hill District, Oakland",13,2bb66cb3-fbb0-4d2b-9876-225dd481051f,9130.7
84,84,A,South Side,"SOUTH SIDE via Hill District, Oakland",14,ba338ff1-8ec6-44fd-ae65-adf83cafcd31,2239.2
84,84,A,South Side,"SOUTH SIDE via Hill District, Oakland",15,13cae60d-c298-4d58-b95d-c9e2f7039eb9,2849.5
84,84,A,South Side,"SOUTH SIDE via Hill District, Oakland",16,6da7b36e-053c-4368-a72c-2e7698c630b5,11496.4
84,84,A,South Side,"SOUTH SIDE via Hill District, Oakland",17,8b7ec643-451d-4cb2-bb59-0b41f9cadb2a,8540.4
84,84,A,South Side,"SOUTH SIDE via Hill District, Oakland",18,ec848169-d265-4bb7-9c2a-76fecbb63bfc,5243.1
84,84,A,South Side,"SOUTH SIDE via Hill District, Oakland",19,c169904b-91da-4ead-9205-f65dca27a5dc,2043.4
84,84,A,South Side,"SOUTH SIDE via Hill District, Oakland",20,d59dcf99-537f-4a8d-8ba4-dc0d2af00af4,3084.2
84,84,A,South Side,"SOUTH SIDE via Hill District, Oakland",21,6c8d6d4f-6c93-4aa6-b61e-445a9f31f33d,6572.1
84,84,A,South Side,"SOUTH SIDE via Hill District, Oakland",22,a1628b78-1486-4411-b10f-cbdeff178506,5857.5
84,84,A,South Side,"SOUTH SIDE via Hill District, Oakland",23,94626438-bcde-4277-b000-20c1dd4a6050,8416.1
84,84,A,South Side,"SOUTH SIDE via Hill District, Oakland",24,1753a59c-dc9d-471b-a5f7-cab0bd4428c2,7348.0
84,84,A,South Side,"SOUTH SIDE via Hill District, Oakland",25,6f7c919c-4b31-4cdf-bfd0-45195e00854a,7430.1
84,84,A,South Side,"SOUTH SIDE via Hill District, Oakland",26,6baf0914-6a19-4403-9888-d66688674caa,4340.8
84,84,A,South Side,"SOUTH SIDE via Hill District, Oakland",27,5c1186c0-7eef-49aa-b901-de83d888e677,5934.0
84,84,A,South Side,"SOUTH SIDE via Hill District, Oakland",28,84b02bfa-03d1-4d89-9f62-4db0be77c76a,3383.8
84,84,A,South Side,"SOUTH SIDE via Hill District, Oakland",29,d4c84733-c669-41c0-8c3d-f9f40dc0aab6,6089.3
84,84,A,South Side,"SOUTH SIDE via Hill District, Oakland",30,a8af48c4-c10d-4a32-9558-f1bac6e165b8,4970.1
84,84,A,South Side,"SOUTH SIDE via Hill District, Oakland",31,cddc8de9-6862-4740-89c3-0d26d280caac,7599.2
84,84,A,South Side,"SOUTH SIDE via Hill District, Oakland",32,f98caf69-fc1f-40ed-ace4-64493e6c64c9,6741.9
84,84,A,South Side,"SOUTH SIDE via Hill District, Oakland",33,524592a9-cde2-4984-b84e-43b59bea1829,8134.7
84,84,A,South Side,"SOUTH SIDE via Hill District, Oakland",34,be12f7ba-d1a2-4834-b4a5-bdae9c1d2095,4738.4
84,84,A,South Side,"SOUTH SIDE via Hill District, Oakland",35,28772350-a68e-41f9-8653-24abff8547d0,6964.7
84,84,A,South Side,"SOUTH SIDE via Hill District, Oakland",36,6b0ebe69-e4f9-415d-a62d-c9a2ff14ed3e,166.9
84,84,A,Downtown,"STRIP DISTRICT via Oakland, Hill District",1,0cb75863-ca36-4230-bd57-66635e49c1e5,5222.9
84,84,A,Downtown,"STRIP DISTRICT via Oakland, Hill District",2,ce8cc0f4-d097-4de3-a908-58c8716ac8c4,5641.8
84,84,A,Downtown,"STRIP DISTRICT via Oakland, Hill District",3,c1c0866d-03e5-4e02-b0d3-9933bfd6e4bd,9835.2
84,84,A,Downtown,"STRIP DISTRICT via Oakland, Hill District",4,cb01312c-3578-4a18-8dcb-8f8bd24d182d,4865.6
84,84,A,Downtown,"STRIP DISTRICT via Oakland, Hill District",5,59b78604-5c83-49b1-bfca-ecad33dcf028,8209.8
84,84,A,Downtown,"STRIP DISTRICT via Oakland, Hill District",6,ab09dc87-f4f1-4eca-ada2-930f20920cfb,6845.6
84,84,A,Downtown,"STRIP DISTRICT via Oakland, Hill District",7,ecd94c18-a5de-4d2f-aae6-323299b4e513,7211.4
84,84,A,Downtown,"STRIP DISTRICT via Oakland, Hill District",8,6add2b26-d39f-42d6-827a-fed95f6041fd,3805.3
84,84,A,Downtown,"STRIP DISTRICT via Oakland, Hill District",9,5bef21bb-07e3-4c76-a400-b0b3be62b1ae,6588.9
84,84,A,Downtown,"STRIP DISTRICT via Oakland, Hill District",10,158b2557-4dcf-421b-9b91-0c96062e00be,6312.2
84,84,A,Downtown,"STRIP DISTRICT via Oakland, Hill District",11,3b5d0cae-a973-4e22-a439-9d1d7b3a8426,7929.2
84,84,A,Downtown,"STRIP DISTRICT via Oakland, Hill District",12,198cd70d-e9e0-474f-b27c-2baa12829da4,5328.9
84,84,A,Downtown,"STRIP DISTRICT via Oakland, Hill District",13,87daa9fa-f093-44dc-8f90-2176a7401ca4,5434.6
84,84,A,Downtown,"STRIP DISTRICT via Oakland, Hill District",14,305e12af-64b0-4ac6-ac4c-428c1dc9fd9c,11655.6
84,84,A,Downtown,"STRIP DISTRICT via Oakland, Hill District",15,0ec1cfe5-515c-421e-abb4-e57fedfb2a81,4221.3
84,84,A,Downtown,"STRIP DISTRICT via Oakland, Hill District",16,dda1607d-695b-4773-a66e-c5425b98c03f,5526.1
84,84,A,Downtown,"STRIP DISTRICT via Oakland, Hill District",17,7697dd9e-04da-40a1-a62f-b62919671832,9129.1
84,84,A,Downtown,"STRIP DISTRICT via Oakland, Hill District",18,43429681-6ae0-4bdc-8582-e4820c6ebe46,3618.8
84,84,A,Downtown,"STRIP DISTRICT via Oakland, Hill District",19,3b6de5bb-35a2-4c3e-97a7-eb5d9e46510a,4145.5
84,84,A,Downtown,"STRIP DISTRICT via Oakland, Hill District",20,77573940-3b8e-4b1a-8198-e010ac927c31,3512.8
84,84,A,Downtown,"STRIP DISTRICT via Oakland, Hill District",21,606151c2-9f57-4d45-995a-e112cb0ee2c8,5739.6
84,84,A,Downtown,"STRIP DISTRICT via Oakland, Hill District",22,dc892e2e-1a2c-498d-93c5-f92a0b601361,3208.2
84,84,A,Downtown,"STRIP DISTRICT via Oakland, Hill District",23,2c4c9def-3361-4b5a-80ef-bb99196083d9,7708.7
84,84,A,Downtown,"STRIP DISTRICT via Oakland, Hill District",24,6eca684c-9fd2-42c1-88d4-73a08cdd9439,2933.9
84,84,A,Downtown,"STRIP DISTRICT via Oakland, Hill District",25,9bba82c4-35ff-42c1-9b00-255add9d572b,2477.4
84,84,A,Downtown,"STRIP DISTRICT via Oakland, Hill District",26,6b9b8877-978a-4181-a8ab-79943d48c99c,8475.7
84,84,A,Downtown,"STRIP DISTRICT via Oakland, Hill District",27,65fb58e4-2d94-4382-816b-14ae37914c47,320.3
84,84,A,Downtown,"STRIP DISTRICT via Oakland, Hill District",28,697e7000-668d-4c48-968b-6454e5f3e0d8,4671.3
84,84,A,Downtown,"STRIP DISTRICT via Oakland, Hill District",29,dfd92073-398d-4949-824c-d83c3be43b40,8709.0
84,84,A,Downtown,"STRIP DISTRICT via Oakland, Hill District",30,d7da229b-028d-4dcd-a173-e9c4b83375d7,6028.9
84,84,A,Downtown,"STRIP DISTRICT via Oakland, Hill District",31,6da7b36e-053c-4368-a72c-2e7698c630b5,1.0
84,84,A,Downtown,"STRIP DISTRICT via Oakland, Hill District",32,b5e100ff-945d-40b4-8a39-7a30c231fa9f,8956.6
84,84,A,Downtown,"STRIP DISTRICT via Oakland, Hill District",33,31946562-6f57-4d02-9bc2-062fc3035b7a,9455.7
84,84,A,Downtown,"STRIP DISTRICT via Oakland, Hill District",34,29fd57a3-8129-4a1e-ab15-717a6654573d,4016.5
84,84,A,Downtown,"STRIP DISTRICT via Oakland, Hill District",35,b49e5251-8c19-4e95-a198-e03fed71c55d,462.6
84,84,A,Downtown,"STRIP DISTRICT via Oakland, Hill District",36,57e496ef-f798-4512-a17b-6dc0be7bd2a1,5000.6
55S,55,A,McKeesport,MCKEESPORT,1,973c6cb5-80c7-40e5-98be-5f01980581ed,34319.1
55S,55,A,McKeesport,MCKEESPORT,2,3e4d9156-3019-4ac8-9d6f-401e7fe8f463,8334.7
55S,55,A,McKeesport,MCKEESPORT,3,859ab9a6-24fe-49e9-9def-8803a37e907c,28984.2
55S,55,A,McKeesport,MCKEESPORT,4,0b82f533-eea1-45c5-836a-d5664c40e444,13473.6
55S,55,A,McKeesport,MCKEESPORT,5,99df48db-f5a1-417a-8508-fe82a09c0d5b,7605.7
55S,55,A,McKeesport,MCKEESPORT,6,f39b800a-d20b-493d-8fb0-33ecdb770189,16758.8
55S,55,A,McKeesport,MCKEESPORT,7,83272588-651f-4df4-88f4-5dcf090f1028,29679.8
55S,55,A,McKeesport,MCKEESPORT,8,60347db9-37be-47db-bdb3-32503ac38295,17912.4
55S,55,A,McKeesport,MCKEESPORT,9,6449e9c1-e604-426d-a9ea-17446614ab7c,16103.8
55S,55,A,McKeesport,MCKEESPORT,10,ecc47759-547f-4f57-ac84-afc61c15b187,28716.8
55S,55,A,McKeesport,MCKEESPORT,11,914a7a99-35b3-4518-b9da-411308d47d07,31090.6
55S,55,A,McKeesport,MCKEESPORT,12,db69064a-5b92-4368-998c-8edced215355,17251.8
55S,55,A,McKeesport,MCKEESPORT,13,6d2fda70-5bc2-4b71-8303-ac05d70f6749,5957.8
55S,55,A,McKeesport,MCKEESPORT,14,95df70f6-0ff2-476c-9262-8225cb6fd94c,27130.2
55S,55,A,McKeesport,MCKEESPORT,15,bea7ff81-f650-4232-8ecd-e1d98321ee30,10108.6
55S,55,A,McKeesport,MCKEESPORT,16,c86ecea0-9a6f-49e1-9e81-82a86820b85f,33865.7
55S,55,A,McKeesport,MCKEESPORT,17,9f2311dc-a04e-4e53-92a2-6b65ab195191,30411.5
55S,55,A,McKeesport,MCKEESPORT,18,3a7607fd-d314-4385-bea9-04c98e33a5a5,24411.5
55S,55,A,McKeesport,MCKEESPORT,19,e9b57fa8-e5b7-4659-8e73-1d420b402d81,15639.3
55S,55,A,McKeesport,MCKEESPORT,20,26c396f8-086a-42be-ae67-f7a69fadab81,18092.2
55S,55,A,McKeesport,MCKEESPORT,21,00e1e949-e1f7-449b-916a-31a8c0a0d802,33201.1
55S,55,A,McKeesport,MCKEESPORT,22,1291c713-106d-4b1f-a4d4-287a188e3636,31247.4
55S,55,A,McKeesport,MCKEESPORT,23,10cf8a01-f674-4f56-9296-2423045fb429,5708.5
55S,55,A,McKeesport,MCKEESPORT,24,5d46e717-1679-4783-97c5-3ac5be6dd3f0,15216.5
55S,55,A,McKeesport,MCKEESPORT,25,e8e2fb8f-6fd5-438e-91ea-223f0e761700,30053.7
55S,55,A,McKeesport,MCKEESPORT,26,33b33d55-7aa8-4fbb-bbe5-b502439e9c1a,4896.0
55S,55,A,McKeesport,MCKEESPORT,27,b561075b-e7d1-42e4-9802-396c9d406b20,32485.4
55S,55,A,McKeesport,MCKEESPORT,28,46c1c581-aee8-48e2-b1ff-5533f5462ff0,14502.8
55S,55,A,McKeesport,MCKEESPORT,29,9ef2b182-2c9f-4733-9fa6-84fbccd6c9fb,4510.3
55S,55,A,McKeesport,MCKEESPORT,30,59cd574f-1bc8-4843-bea7-f43e827aacf6,675.1
55S,55,A,McKeesport,MCKEESPORT,31,9e3696cd-113d-4282-8ec7-f875b8a1fe9f,24969.3
55S,55,A,McKeesport,MCKEESPORT,32,5bf3be16-e3ae-413d-8343-5cce9c2c189a,2051.9
55S,55,A,McKeesport,MCKEESPORT,33,cd701a38-2723-4ae1-be11-30f4cdfe75e9,1179.3
55S,55,A,McKeesport,MCKEESPORT,34,9f78609c-0b02-4dc7-a76c-4bc8fe1dad6b,6510.6
55S,55,A,McKeesport,MCKEESPORT,35,047b565c-810d-4de2-adbd-2fcce2b19ef8,3645.3
55S,55,A,McKeesport,MCKEESPORT,36,199a4f34-e32b-46f3-962f-f2d12b3ce401,31507.4
55S,55,A,McKeesport,MCKEESPORT,37,aa5ce091-a989-4b3c-b578-84e851f7c3d1,26724.4
55S,55,A,McKeesport,MCKEESPORT,38,553ee918-93f3-4d7e-a122-ffb4d22931e3,32827.7
55S,55,A,McKeesport,MCKEESPORT,39,d77dbaa5-b5a6-48ac-9e60-d3b62509ce46,24298.9
55S,55,A,McKeesport,MCKEESPORT,40,298ca950-5108-42f7-88a7-5708999d23ef,2804.2
55S,55,A,McKeesport,MCKEESPORT,41,28de53d1-7d02-474f-bd3a-746caf048eb4,29873.5
55S,55,A,McKeesport,MCKEESPORT,42,e38692e3-ab04-4e7f-ac26-533fac6df430,3275.5
55S,55,A,McKeesport,MCKEESPORT,43,3162f6dc-cb58-49a6-8c41-a4be870c7ab9,30823.9
55S,55,A,McKeesport,MCKEESPORT,44,dac4e6db-db2e-4450-91b4-796f8cfc76ca,11988.2
55S,55,A,McKeesport,MCKEESPORT,45,07fb7938-47dc-492d-b16b-efef49685256,30214.2
55S,55,A,McKeesport,MCKEESPORT,46,31dc3ade-0ded-43f6-8be3-497d0568997c,15389.8
55S,55,A,McKeesport,MCKEESPORT,47,a89e8728-2ffe-40f5-9eca-de966e0fde1d,33371.1
55S,55,A,McKeesport,MCKEESPORT,48,2564b479-e178-428e-84d8-6f8304896f11,25264.5
55S,55,A,McKeesport,MCKEESPORT,49,6d3f8fca-d8a1-44ea-a03b-c86bcd3b97b7,9732.8
55S,55,A,McKeesport,MCKEESPORT,50,1c9fba9a-ccf7-40a4-abfb-6c5bdeebb83b,34663.0
55S,55,A,McKeesport,MCKEESPORT,51,79208a34-58de-4dc9-97a6-74f518522cc7,27348.7
55S,55,A,McKeesport,MCKEESPORT,52,82c62220-1e99-4b0a-8746-7ddd080a05e1,34154.7
55S,55,A,McKeesport,MCKEESPORT,53,c314e25a-9eac-419b-822e-13fee7829af4,29488.5
55S,55,A,McKeesport,MCKEESPORT,54,7b9a46d6-61ae-4c1d-92a7-43dd89946ee4,1707.6
55S,55,A,McKeesport,MCKEESPORT,55,16f2ea0d-da40-431d-8bdd-c5487613979d,5160.8
55S,55,A,McKeesport,MCKEESPORT,56,1ed180c4-44e1-46b1-8c03-63b6695a0641,16889.6
55S,55,A,McKeesport,MCKEESPORT,57,cdf1fa58-4b86-48d1-8fbe-70eb80464916,11277.7
55S,55,A,McKeesport,MCKEESPORT,58,e50e09f9-1bbd-4214-b525-1706102f651f,34009.5
55S,55,A,McKeesport,MCKEESPORT,59,a2c0ef8a-c543-47de-9446-5c9c8860ddef,12368.0
55S,55,A,McKeesport,MCKEESPORT,60,548eb2ad-45a4-4d8b-8a68-90e465bfddaa,4041.7
55S,55,A,McKeesport,MCKEESPORT,61,57db6a7c-9cb0-43c2-bc36-4f0d00ca331b,7284.5
55S,55,A,McKeesport,MCKEESPORT,62,820cc497-304a-44cf-8cda-b847b0249afe,16434.2
55S,55,A,McKeesport,MCKEESPORT,63,46450dd2-6a19-4192-84fe-c8a520d45d14,29259.4
55S,55,A,McKeesport,MCKEESPORT,64,2fa81839-3a03-4f52-8ad8-76d0df1dcca1,25720.7
55S,55,A,McKeesport,MCKEESPORT,65,1108e8a5-e435-422b-9e40-b4c442521b35,10668.1
55S,55,A,McKeesport,MCKEESPORT,66,ad3be501-1c27-4c56-b97f-ab6752be66d0,0
55S,55,A,McKeesport,MCKEESPORT,67,90dd47bb-2385-4b64-a575-29778e991416,14830.1
55S,55,A,McKeesport,MCKEESPORT,68,02a2ce05-b1f6-4aca-aede-549788eaf9df,5368.3
55S,55,A,McKeesport,MCKEESPORT,69,d508bd47-b9d3-4e7c-a568-47e957c0f88b,25513.9
55S,55,A,McKeesport,MCKEESPORT,70,de769096-7cff-4773-876d-b294d356a026,30618.0
55S,55,A,McKeesport,MCKEESPORT,71,d4bb16ed-c7ab-4384-b080-bc364ac12cc8,26997.8
55S,55,A,McKeesport,MCKEESPORT,72,34379ca0-1cb0-4691-a8b9-52fc55f5968f,16002.1
55S,55,A,McKeesport,MCKEESPORT,73,a8ce9c11-2772-4d93-a984-8ea888e5d55e,1584.2
55S,55,A,West Mifflin,WEST MIFFLIN,1,2dfa7f53-e286-4a36-9ec0-1c4f917ed699,1105.1
55S,55,A,West Mifflin,WEST MIFFLIN,2,31dc3ade-0ded-43f6-8be3-497d0568997c,11069.5
55S,55,A,West Mifflin,WEST MIFFLIN,3,87559f8d-ab42-40b7-80cd-783f233bbb68,21784.4
55S,55,A,West Mifflin,WEST MIFFLIN,4,5d46e717-1679-4783-97c5-3ac5be6dd3f0,10896.2
55S,55,A,West Mifflin,WEST MIFFLIN,5,e73504f4-5d3e-4538-ba6f-9c8de9e6cebd,17793.7
55S,55,A,West Mifflin,WEST MIFFLIN,6,aefac04a-c591-42aa-8c55-c26cfa361131,4871.7
55S,55,A,West Mifflin,WEST MIFFLIN,7,42567fd8-fd98-49bf-bb35-22370d3d1193,23019.1
55S,55,A,West Mifflin,WEST MIFFLIN,8,cdf1fa58-4b86-48d1-8fbe-70eb80464916,17209.2
55S,55,A,West Mifflin,WEST MIFFLIN,9,c0b086b6-f409-43fb-9c54-b7bb2932f45a,18911.8
55S,55,A,West Mifflin,WEST MIFFLIN,10,8e0655ed-2cb9-47e0-9ba9-4d72bc3b4daf,7263.2
55S,55,A,West Mifflin,WEST MIFFLIN,11,0f328d1c-458d-4bc9-84d6-f240b187e771,17410.7
55S,55,A,West Mifflin,WEST MIFFLIN,12,bbe449d8-df6b-4ef1-a79a-6d91a038204f,1444.6
55S,55,A,West Mifflin,WEST MIFFLIN,13,0e3df820-c81d-448b-bdfd-89b7b398a7f0,22387.6
55S,55,A,West Mifflin,WEST MIFFLIN,14,c7fdfa87-c2f9-4f6e-9691-f161a1b39ba8,25813.3
55S,55,A,West Mifflin,WEST MIFFLIN,15,54b85d37-0430-4038-a784-f670978b6ef1,18365.3
55S,55,A,West Mifflin,WEST MIFFLIN,16,6bb1135b-ecf7-4f3c-8560-464b99ac311d,18731.9
55S,55,A,West Mifflin,WEST MIFFLIN,17,fda1cf83-4b06-4135-b4d4-abb45c7f7612,10645.6
55S,55,A,West Mifflin,WEST MIFFLIN,18,c33e6579-b21f-4664-a649-ca5931405e2e,3924.6
55S,55,A,West Mifflin,WEST MIFFLIN,19,cf9810e3-26df-4a34-8e1c-8f03cfb789a0,24672.4
55S,55,A,West Mifflin,WEST MIFFLIN,20,1f027ba3-8e81-455f-8c7a-5e22ef021560,23909.8
55S,55,A,West Mifflin,WEST MIFFLIN,21,640fb75c-717e-4ba3-afbf-9bcc723315d5,10243.0
55S,55,A,West Mifflin,WEST MIFFLIN,22,c338a40c-5401-4856-afc4-e6ea7e5d118a,24330.1
55S,55,A,West Mifflin,WEST MIFFLIN,23,88ad27ae-173f-40e7-95ed-1b6e484b16e9,1017.8
55S,55,A,West Mifflin,WEST MIFFLIN,24,4af575fb-8102-4887-9a88-a8ca581217be,9516.6
55S,55,A,West Mifflin,WEST MIFFLIN,25,4238dd6d-fdc9-4e1c-8acb-70497ab6a075,10105.5
55S,55,A,West Mifflin,WEST MIFFLIN,26,52a4b6cd-b50d-496f-b97e-9b7901146cb6,19152.4
55S,55,A,West Mifflin,WEST MIFFLIN,27,36cf5da0-ebbc-4a5a-8ecf-09c9a81e6ef2,23382.5
55S,55,A,West Mifflin,WEST MIFFLIN,28,b68cd221-38b9-4c83-939d-23f3217e8980,22684.4
55S,55,A,West Mifflin,WEST MIFFLIN,29,00721b14-3e91-4f8c-a2e6-af0c9fb84566,14075.9
55S,55,A,West Mifflin,WEST MIFFLIN,30,5b97ffe0-da0f-4723-9766-fa2ad82b7c32,7652.5
55S,55,A,West Mifflin,WEST MIFFLIN,31,3a96af14-6252-4431-a64b-4f8195d9ea66,25477.0
55S,55,A,West Mifflin,WEST MIFFLIN,32,ce2580be-6ee4-4169-a8d8-dc6979e09ac5,26843.2
55S,55,A,West Mifflin,WEST MIFFLIN,33,5d6e3c2f-57f8-4e5a-bc68-219ead058f3d,7379.2
55S,55,A,West Mifflin,WEST MIFFLIN,34,ecf41cfa-9b1a-4513-b71c-a3dcc04bd93a,514.7
55S,55,A,West Mifflin,WEST MIFFLIN,35,97f4d438-6357-40d7-b195-dfe15bdc01ca,7086.3
55S,55,A,West Mifflin,WEST MIFFLIN,36,e9b57fa8-e5b7-4659-8e73-1d420b402d81,11319.0
55S,55,A,West Mifflin,WEST MIFFLIN,37,c2e349da-2959-4620-a01d-8ecd64841b60,8746.0
55S,55,A,West Mifflin,WEST MIFFLIN,38,1ed180c4-44e1-46b1-8c03-63b6695a0641,12561.6
55S,55,A,West Mifflin,WEST MIFFLIN,39,db6e9d89-58c3-455a-856d-df74934f5eb7,3714.7
55S,55,A,West Mifflin,WEST MIFFLIN,40,34379ca0-1cb0-4691-a8b9-52fc55f5968f,11681.8
55S,55,A,West Mifflin,WEST MIFFLIN,41,820cc497-304a-44cf-8cda-b847b0249afe,12113.5
55S,55,A,West Mifflin,WEST MIFFLIN,42,ad3be501-1c27-4c56-b97f-ab6752be66d0,27514.7
55S,55,A,West Mifflin,WEST MIFFLIN,43,1dae0daa-0084-496e-bbe7-1be9b9a42dab,5638.6
55S,55,A,West Mifflin,WEST MIFFLIN,44,0598361d-d5b5-432d-9a39-261182660526,4294.0
55S,55,A,West Mifflin,WEST MIFFLIN,45,908987a8-4568-42ba-a282-181b04e3a1f5,13721.6
55S,55,A,West Mifflin,WEST MIFFLIN,46,0090ee8c-7e5a-4873-a1ab-816f6108bd39,4485.8
55S,55,A,West Mifflin,WEST MIFFLIN,47,f18f98b1-ec8c-4c43-8b98-983cfaf215c2,16387.5
55S,55,A,West Mifflin,WEST MIFFLIN,48,203d3c24-13c9-4b74-bdd5-88774beb4184,19695.8
55S,55,A,West Mifflin,WEST MIFFLIN,49,f73d1021-b673-4fbe-8bf7-13d5e6f8b214,5389.8
55S,55,A,West Mifflin,WEST MIFFLIN,50,6abb7e99-37ff-4bf0-8a7c-97de1d38a892,3245.0
55S,55,A,West Mifflin,WEST MIFFLIN,51,948aa6e3-9542-4efa-8966-812f6984b1a2,6934.7
55S,55,A,West Mifflin,WEST MIFFLIN,52,f29c0578-a7ac-4eb9-902c-12a5212507a6,1833.9
55S,55,A,West Mifflin,WEST MIFFLIN,53,73026cca-9d68-4bb5-85cb-057f1d6cfadf,274.7
55S,55,A,West Mifflin,WEST MIFFLIN,54,fb8ae968-2e99-41b3-870e-085a7099bc52,17815.4
55S,55,A,West Mifflin,WEST MIFFLIN,55,db69064a-5b92-4368-998c-8edced215355,12923.8
55S,55,A,West Mifflin,WEST MIFFLIN,56,d312690c-22df-48c6-b251-6daa03a368e7,3507.1
55S,55,A,West Mifflin,WEST MIFFLIN,57,278c586e-931e-43df-ab8f-63092e09ba82,22105.7
55S,55,A,West Mifflin,WEST MIFFLIN,58,6ccd828b-b9c3-4a38-b3a4-052fb0d4ddfb,2814.7
55S,55,A,West Mifflin,WEST MIFFLIN,59,8845bc4c-815f-4148-ba6a-ecfaf5333e67,5141.2
55S,55,A,West Mifflin,WEST MIFFLIN,60,f39b800a-d20b-493d-8fb0-33ecdb770189,12430.8
55S,55,A,West Mifflin,WEST MIFFLIN,61,f1583e52-80ba-4fb6-87a1-e1c44a7ef203,4120.5
55S,55,A,West Mifflin,WEST MIFFLIN,62,c0e93451-72b7-4ecd-875a-5bb0fd1c95ea,0
55S,55,A,West Mifflin,WEST MIFFLIN,63,99629225-c64a-4319-b0e6-2127de912cce,9214.2
55S,55,A,West Mifflin,WEST MIFFLIN,64,3f5a7464-9037-402f-bb16-4aa97f25a317,8971.3
55S,55,A,West Mifflin,WEST MIFFLIN,65,2f3a1b26-f935-43e9-bbf9-5056bda5923a,10428.1
55S,55,A,West Mifflin,WEST MIFFLIN,66,d79235db-8c15-4a09-bb4c-613b2cc95224,20364.5
55S,55,A,West Mifflin,WEST MIFFLIN,67,baf07d44-b4e4-4a2f-8095-cf038ec3fc10,4679.6
55S,55,A,West Mifflin,WEST MIFFLIN,68,3cb29805-e706-487d-9eed-d41f5807998a,3096.0
45,45,A,East Liberty,EAST LIBERTY via Oakland,1,c9e61d95-1943-4219-ad9f-fb3428eb29a3,0
45,45,A,East Liberty,EAST LIBERTY via Oakland,2,350cf8dc-8930-447a-b465-b2f168583ce8,5562.4
45,45,A,East Liberty,EAST LIBERTY via Oakland,3,ceca5c0b-87ec-4f20-b724-510171e2c74f,14453.8
45,45,A,East Liberty,EAST LIBERTY via Oakland,4,f3a46daf-6496-41e4-8531-99733e8a6be3,5862.9
45,45,A,East Liberty,EAST LIBERTY via Oakland,5,08ecd80b-1c1f-40fa-aa20-916b581e5ea7,13929.7
45,45,A,East Liberty,EAST LIBERTY via Oakland,6,3664bb2c-178f-4fe7-ad06-686e2fb06e12,10947.2
45,45,A,East Liberty,EAST LIBERTY via Oakland,7,197c847f-5e8b-4998-b307-4a31a5feaa73,15203.2
45,45,A,East Liberty,EAST LIBERTY via Oakland,8,4f4b267f-ec77-4a97-9665-d811e8edebb2,11195.6
45,45,A,East Liberty,EAST LIBERTY via Oakland,9,8b55d475-4831-436b-9d74-75057d5ae91b,2003.8
45,45,A,East Liberty,EAST LIBERTY via Oakland,10,0b8a3de4-9a8c-4478-85dd-75943f0d76b8,1331.0
45,45,A,East Liberty,EAST LIBERTY via Oakland,11,76de93b7-1aa9-4667-8eee-22bfd3e864de,7130.3
45,45,A,East Liberty,EAST LIBERTY via Oakland,12,d21a37cb-105b-4703-8ded-e6faf995b447,4307.5
45,45,A,East Liberty,EAST LIBERTY via Oakland,13,65fb58e4-2d94-4382-816b-14ae37914c47,7248.6
45,45,A,East Liberty,EAST LIBERTY via Oakland,14,303c1589-fbb3-4a44-af3e-c0476811e706,220.2
45,45,A,East Liberty,EAST LIBERTY via Oakland,15,943d4bf3-1a91-4114-b0b8-ae13d05a396b,889.6
45,45,A,East Liberty,EAST LIBERTY via Oakland,16,52f7c422-8596-4efb-bbfc-9c55c9d2cab8,5339.5
45,45,A,East Liberty,EAST LIBERTY via Oakland,17,b742b244-994d-4b15-ad40-472e905f1191,3642.2
45,45,A,East Liberty,EAST LIBERTY via Oakland,18,75573d68-8bf8-437a-a223-b8548ff1b3e1,11765.9
45,45,A,East Liberty,EAST LIBERTY via Oakland,19,c5c2a9b6-c4c0-4fb0-ab84-be9270b0bf9a,12894.6
45,45,A,East Liberty,EAST LIBERTY via Oakland,20,815f0b8f-0a21-474a-ba49-9e019e63ebc8,13728.6
45,45,A,East Liberty,EAST LIBERTY via Oakland,21,0a760980-8125-4524-b959-458c12de17b9,15681.8
45,45,A,East Liberty,EAST LIBERTY via Oakland,22,5e107e4f-d18e-4a83-a2bd-d7f17acc91ed,6352.2
45,45,A,East Liberty,EAST LIBERTY via Oakland,23,195d60da-d162-4e00-b6a1-88cda1d58281,15850.4
45,45,A,East Liberty,EAST LIBERTY via Oakland,24,d8f0d910-e93c-4c9c-8b43-4498618ea316,1568.3
45,45,A,East Liberty,EAST LIBERTY via Oakland,25,b99aafe3-9761-4abd-9324-a7866f20371e,2189.2
45,45,A,East Liberty,EAST LIBERTY via Oakland,26,d45235ca-c669-493a-8761-8c81bf81786d,9806.2
45,45,A,East Liberty,EAST LIBERTY via Oakland,27,301985d2-b593-49c6-b3e0-2f5ef330baca,1184.8
45,45,A,East Liberty,EAST LIBERTY via Oakland,28,f94237eb-882d-4c2a-90ac-7ff3719ccbd6,6135.1
45,45,A,East Liberty,EAST LIBERTY via Oakland,29,22993ee6-5609-4892-967a-008a70775df4,10169.8
45,45,A,East Liberty,EAST LIBERTY via Oakland,30,36645177-0dca-4bb7-bccb-c0004f0bb3a4,10453.0
45,45,A,East Liberty,EAST LIBERTY via Oakland,31,618f79ec-b7b4-460d-9e76-ec88f4ffc243,595.0
45,45,A,East Liberty,EAST LIBERTY via Oakland,32,c31296fc-f581-4007-a2fd-cfc6f5b4d648,13253.1
45,45,A,East Liberty,EAST LIBERTY via Oakland,33,dc3b556e-9f74-453b-a712-0fb307825995,3016.7
45,45,A,East Liberty,EAST LIBERTY via Oakland,34,c9e2efb3-3c39-492c-ae7d-828606ffe47e,2689.2
45,45,A,East Liberty,EAST LIBERTY via Oakland,35,8c650b15-17e2-4808-ba46-594f2d53059b,4226.2
45,45,A,East Liberty,EAST LIBERTY via Oakland,36,8e6abd89-7ad9-4f37-b6b8-b27ab28aae4d,4546.5
45,45,A,East Liberty,EAST LIBERTY via Oakland,37,31a7ce2b-45fe-4b0b-b1b4-58baa761dfd3,6587.4
45,45,A,East Liberty,EAST LIBERTY via Oakland,38,5a79489e-c5b2-4ce7-b57d-3ca9b251a368,4851.9
45,45,A,East Liberty,EAST LIBERTY via Oakland,39,dece1cb3-8100-478a-b5ac-e52006b10959,14837.5
45,45,A,East Liberty,EAST LIBERTY via Oakland,40,a3d562fe-280b-4bf3-9d95-b03833d9c93c,12472.5
45,45,A,East Liberty,EAST LIBERTY via Oakland,41,79943df1-d952-426f-91d4-c3d74e046eb0,6867.1
45,45,A,East Liberty,EAST LIBERTY via Oakland,42,3e5a73f5-6d0f-4102-a5a2-0e3d8f183610,2559.4
45,45,A,East Liberty,EAST LIBERTY via Oakland,43,b49e5251-8c19-4e95-a198-e03fed71c55d,7390.9
45,45,A,East Liberty,EAST LIBERTY via Oakland,44,6455c08b-b3f2-4f91-b794-02e6c8be6c19,14689.6
45,45,A,East Liberty,EAST LIBERTY via Oakland,45,6dfad0c2-894f-4e18-8de6-ae650e871c38,13457.5
45,45,A,East Liberty,EAST LIBERTY via Oakland,46,90dd1aed-aad2-4b2c-af84-24349f7c046d,3886.1
45,45,A,East Liberty,EAST LIBERTY via Oakland,47,f8a5377e-de99-4de6-857d-d7dd06fc7533,2348.0
45,45,A,East Liberty,EAST LIBERTY via Oakland,48,79a7f85f-3605-4d75-8164-ea0986f3902f,3235.4
45,45,A,East Liberty,EAST LIBERTY via Oakland,49,893922cc-14ba-44cd-bcdb-6824f31ce0b1,1771.6
45,45,A,East Liberty,EAST LIBERTY via Oakland,50,9bba82c4-35ff-42c1-9b00-255add9d572b,9405.7
45,45,A,East Liberty,EAST LIBERTY via Oakland,51,fc06b63b-f8ca-47c7-8e40-31bb76ffa84e,14198.5
45,45,A,East Liberty,EAST LIBERTY via Oakland,52,a580a7a3-11da-4fdb-85a1-9757499337a6,11355.8
45,45,A,East Liberty,EAST LIBERTY via Oakland,53,a544e305-60c7-4b6d-8b33-32bea84b9965,382.5
45,45,A,East Liberty,EAST LIBERTY via Oakland,54,a710d1b4-f350-455e-980d-fd857113ba11,5188.9
45,45,A,Brentwood,CARRICK via Oakland,1,7c3d050b-9421-4d3a-808f-cb9d44dc178f,14552.4
45,45,A,Brentwood,CARRICK via Oakland,2,3673e31c-b0a8-4b15-a56f-262524dad493,15032.0
45,45,A,Brentwood,CARRICK via Oakland,3,6071051e-a899-403d-a139-15458b4e076a,4613.7
45,45,A,Brentwood,CARRICK via Oakland,4,20886ca0-bc81-431c-a1d7-69afb1712c69,8490.8
45,45,A,Brentwood,CARRICK via Oakland,5,9b99b1f3-86c9-46e7-9cd6-28222b42d838,1896.0
45,45,A,Brentwood,CARRICK via Oakland,6,fbd2dba8-ac64-423c-94f0-46ec8e828b19,606.3
45,45,A,Brentwood,CARRICK via Oakland,7,aff02736-bb33-4af6-a147-56bfe2fbdbb2,9256.1
45,45,A,Brentwood,CARRICK via Oakland,8,0d88d11d-586a-44c2-9d9c-14b4deb7a523,4059.0
45,45,A,Brentwood,CARRICK via Oakland,9,6273db21-bd73-4b01-918d-048508485798,9163.0
45,45,A,Brentwood,CARRICK via Oakland,10,d101f86f-06cf-4eaf-88c0-8a082166e849,5274.6
45,45,A,Brentwood,CARRICK via Oakland,11,999e24c1-4a4b-44d0-9e5c-a6ae7a7a2e80,10427.3
45,45,A,Brentwood,CARRICK via Oakland,12,ec53d2dd-4a69-428b-b5fa-5f9d8dad8bc0,10096.7
45,45,A,Brentwood,CARRICK via Oakland,13,ad2ac511-c704-47f5-a0ff-d1746d09b234,14447.6
45,45,A,Brentwood,CARRICK via Oakland,14,80308afb-bb20-413e-895a-bf2cf070eb90,13850.2
45,45,A,Brentwood,CARRICK via Oakland,15,d4af73dc-378d-4ea8-8b47-bacaefbc4ea3,14303.1
45,45,A,Brentwood,CARRICK via Oakland,16,9f1ac293-21ae-4fe8-8288-285ecc944aeb,8371.1
45,45,A,Brentwood,CARRICK via Oakland,17,321f76d5-628b-42e5-b61b-14e4cd4246a4,2573.0
45,45,A,Brentwood,CARRICK via Oakland,18,441c1ddb-62d8-461f-b8dc-150525ce2f9d,11592.1
45,45,A,Brentwood,CARRICK via Oakland,19,beca9838-2fe7-4240-b573-282015b86f73,11163.1
45,45,A,Brentwood,CARRICK via Oakland,20,727a8611-bc0b-4e92-bad9-a625bf88c68c,15683.0
45,45,A,Brentwood,CARRICK via Oakland,21,b25a3658-3f85-42e2-aa72-e122b626dafb,13634.3
45,45,A,Brentwood,CARRICK via Oakland,22,3ac26f5c-05a1-4ce6-a687-3803cfd7cd42,2395.4
45,45,A,Brentwood,CARRICK via Oakland,23,00111806-d14f-468b-b8e4-c261c4ffb459,12475.9
45,45,A,Brentwood,CARRICK via Oakland,24,1a2ff6f3-cbe1-46da-b3c6-ec99cc9e884c,2935.5
45,45,A,Brentwood,CARRICK via Oakland,25,fcbbbc6a-09ee-485f-b003-ccf0533fa380,15402.5
45,45,A,Brentwood,CARRICK via Oakland,26,6f0f13c8-d8e0-49da-b5e5-ad24d8c2c3d5,5641.3
45,45,A,Brentwood,CARRICK via Oakland,27,c1ff8bea-34b9-4e56-9db8-9f7508c370b5,13070.6
45,45,A,Brentwood,CARRICK via Oakland,28,498c0853-c0bb-4304-8da6-f6dbc2699b1f,9789.9
45,45,A,Brentwood,CARRICK via Oakland,29,62aab728-3249-40f0-b377-c32bc4a26b29,1629.2
45,45,A,Brentwood,CARRICK via Oakland,30,98de1a98-7977-476e-909f-3f84a0634d92,12603.8
45,45,A,Brentwood,CARRICK via Oakland,31,2bb66cb3-fbb0-4d2b-9876-225dd481051f,6323.2
45,45,A,Brentwood,CARRICK via Oakland,32,2070bd53-6e12-48f2-b1e1-bc1c55c05db6,11341.9
45,45,A,Brentwood,CARRICK via Oakland,33,61bd1c88-7d54-45f7-a814-cf3c4572a696,4861.6
45,45,A,Brentwood,CARRICK via Oakland,34,e566911c-1711-405f-a0e2-aa547f881427,9478.4
45,45,A,Brentwood,CARRICK via Oakland,35,8d1ade44-24a1-436e-9259-2f3647d9710f,10884.6
45,45,A,Brentwood,CARRICK via Oakland,36,89dd45ef-3a52-47f4-abd0-8dc11b6c35f7,13442.4
45,45,A,Brentwood,CARRICK via Oakland,37,0d8364ce-ffbe-4e43-a629-e7f863e3509f,974.5
45,45,A,Brentwood,CARRICK via Oakland,38,970f5e9c-fe8a-4b93-b8f3-c489dd93c465,8234.9
45,45,A,Brentwood,CARRICK via Oakland,39,01f9b8ad-e050-43a4-b860-e6342d5ff2b3,0.4
45,45,A,Brentwood,CARRICK via Oakland,40,261eb655-6b40-4886-92a2-546c9b769ee7,1409.8
45,45,A,Brentwood,CARRICK via Oakland,41,2ac2a71e-dc3b-4e4c-9ee7-2b13e59751a0,3351.0
45,45,A,Brentwood,CARRICK via Oakland,42,0eb85e7a-bb17-4a3a-a2ac-b8f8fd6f3510,14052.4
45,45,A,Brentwood,CARRICK via Oakland,43,51a929d1-e921-4446-b635-e06f9209e5d4,4474.8
45,45,A,Brentwood,CARRICK via Oakland,44,8ffde7c7-00cf-49e8-8f3f-c054214c8d1c,15200.2
45,45,A,Brentwood,CARRICK via Oakland,45,814b657a-4f51-4f5f-80bc-ffa6224cf803,13260.7
45,45,A,Brentwood,CARRICK via Oakland,46,66609045-b24f-49f4-a31f-cb7202c2ef78,8843.4
45,45,A,Brentwood,CARRICK via Oakland,47,2cce5b89-e575-4979-bffc-5c286580e2c4,11961.2
45,45,A,Brentwood,CARRICK via Oakland,48,696920eb-d14a-4a8a-a5cb-4859dfc3db3c,11743.1
45,45,A,Brentwood,CARRICK via Oakland,49,613a3875-6c70-476b-b65f-378497702f43,5019.8
45,45,A,Brentwood,CARRICK via Oakland,50,b74d802e-8922-4a83-86c7-b949a0a845b9,12931.9
45,45,A,Brentwood,CARRICK via Oakland,51,d2a88d88-3a00-4af9-a394-cfe36f26ddf1,10264.5
45,45,A,Brentwood,CARRICK via Oakland,52,450744e3-106c-49cf-a82a-86bd362a29ec,14756.8
BLUE,BLUE,A,Allegheny Station,ALLEGHENY STATION,1,b1048580-9ce3-4aa1-8f41-6d6bbd4183a2,923.2
BLUE,BLUE,A,Allegheny Station,ALLEGHENY STATION,2,3b28c3d6-caeb-4310-9a47-cd49f268c1c8,5198.4
BLUE,BLUE,A,Allegheny Station,ALLEGHENY STATION,3,e12ff56a-39d4-4b51-835e-57ee26cf2704,13880.9
BLUE,BLUE,A,Allegheny Station,ALLEGHENY STATION,4,5cae5f94-f286-4594-a499-0733292f3b43,11794.7
BLUE,BLUE,A,Allegheny Station,ALLEGHENY STATION,5,88de9607-0dc3-4668-b031-17240f027add,1606.1
BLUE,BLUE,A,Allegheny Station,ALLEGHENY STATION,6,367cf944-2477-4bd1-b1e5-bd84cc134f4e,2913.9
BLUE,BLUE,A,Allegheny Station,ALLEGHENY STATION,7,9db6f7fe-48f1-403b-8940-3ec6a3a38f97,15231.7
BLUE,BLUE,A,Allegheny Station,ALLEGHENY STATION,8,a43ebacd-9caf-4ffc-bdc2-6201bee9c4c1,6286.3
BLUE,BLUE,A,Allegheny Station,ALLEGHENY STATION,9,42ec10de-d749-4ac0-8841-3574da2c7153,0
BLUE,BLUE,A,Allegheny Station,ALLEGHENY STATION,10,485e9f8b-9ff8-4918-8ed8-99fe9551b90e,12438.2
BLUE,BLUE,A,Allegheny Station,ALLEGHENY STATION,11,0a5ad80b-604f-45d6-8800-2de9141b6d96,17221.4
BLUE,BLUE,A,Allegheny Station,ALLEGHENY STATION,12,6cd14bd2-8240-41ea-adf3-ba83cc59c670,9649.9
BLUE,BLUE,A,Allegheny Station,ALLEGHENY STATION,13,c1b1bbc3-8c46-40c5-b4f3-61f1b1b49592,8891.5
BLUE,BLUE,A,Allegheny Station,ALLEGHENY STATION,14,abb1aa30-d51e-4ed0-8c01-3e576656587d,4299.4
BLUE,BLUE,A,Allegheny Station,ALLEGHENY STATION,15,ea61edd7-dff3-4488-94a6-212c489dc476,3254.3
BLUE,BLUE,A,Allegheny Station,ALLEGHENY STATION,16,958fd0da-90dd-4f12-9a87-b30f20d769de,14723.3
BLUE,BLUE,A,Allegheny Station,ALLEGHENY STATION,17,fc087645-9a1f-4192-a656-99099bf5577b,503.2
BLUE,BLUE,A,Allegheny Station,ALLEGHENY STATION,18,de56488a-e425-425f-9c62-14087f65f92e,6788.4
BLUE,BLUE,A,Allegheny Station,ALLEGHENY STATION,19,c073e3cb-620a-4825-a8ed-54876501b01a,10651.9
BLUE,BLUE,A,Allegheny Station,ALLEGHENY STATION,20,63e70ccd-ba7f-45f8-813a-3cb26fb9bd57,3705.1
BLUE,BLUE,A,Allegheny Station,ALLEGHENY STATION,21,b34606f9-877e-4e2c-ae92-f4d7e092471c,17837.4
BLUE,BLUE,A,Allegheny Station,ALLEGHENY STATION,22,7d6a7203-c22b-406c-a9a6-3400722fa912,15714.4
BLUE,BLUE,A,Allegheny Station,ALLEGHENY STATION,23,aa8cec72-b7d6-4b0f-8649-5bb61f5bb406,2104.0
BLUE,BLUE,A,Allegheny Station,ALLEGHENY STATION,24,ce43b6a0-1687-44d7-85f0-7c0fa2525c7b,16140.0
BLUE,BLUE,A,South Hills Village,SOUTH HILLS VILLAGE,1,6ec03b91-cbdf-4014-be2e-3d5424e2f3a3,2110.0
BLUE,BLUE,A,South Hills Village,SOUTH HILLS VILLAGE,2,ce43b6a0-1687-44d7-85f0-7c0fa2525c7b,1692.3
BLUE,BLUE,A,South Hills Village,SOUTH HILLS VILLAGE,3,33c71989-4e6f-4523-94e6-8c9ddc433a40,11091.4
BLUE,BLUE,A,South Hills Village,SOUTH HILLS VILLAGE,4,f2b16750-0e64-4a2d-a578-299cf23d0abc,15702.3
BLUE,BLUE,A,South Hills Village,SOUTH HILLS VILLAGE,5,d22b9abc-1b14-4937-8428-0a4c9ff0e42b,11594.8
BLUE,BLUE,A,South Hills Village,SOUTH HILLS VILLAGE,6,83a3a804-e41d-4e43-a7c9-bfb9c972d20d,8231.9
BLUE,BLUE,A,South Hills Village,SOUTH HILLS VILLAGE,7,9dcdb1dc-3bbc-4eb5-bf8f-5699e52ff138,12680.9
BLUE,BLUE,A,South Hills Village,SOUTH HILLS VILLAGE,8,acab69ee-23fa-41c0-96a6-fce9fe9725a7,14158.0
BLUE,BLUE,A,South Hills Village,SOUTH HILLS VILLAGE,9,9f02f513-c1e6-4273-aaff-b35212c8ae76,14586.3
BLUE,BLUE,A,South Hills Village,SOUTH HILLS VILLAGE,10,373f6835-2ddb-4f29-85cd-e14f5bad1046,16221.0
BLUE,BLUE,A,South Hills Village,SOUTH HILLS VILLAGE,11,ecc794e1-f8d6-4595-a3ac-3ea9e8f3c2c2,3141.3
BLUE,BLUE,A,South Hills Village,SOUTH HILLS VILLAGE,12,b464a41f-4917-4249-9ca3-5152c9bba965,3984.2
BLUE,BLUE,A,South Hills Village,SOUTH HILLS VILLAGE,13,427581ec-7149-41ed-89f7-48c266d25df4,13581.8
BLUE,BLUE,A,South Hills Village,SOUTH HILLS VILLAGE,14,d26b6d28-ba73-45f7-a647-430449f31998,2635.0
BLUE,BLUE,A,South Hills Village,SOUTH HILLS VILLAGE,15,69c63ba9-5bb6-4a95-8d3d-8882ccd8f620,5489.8
BLUE,BLUE,A,South Hills Village,SOUTH HILLS VILLAGE,16,b34606f9-877e-4e2c-ae92-f4d7e092471c,0
BLUE,BLUE,A,South Hills Village,SOUTH HILLS VILLAGE,17,c729eccd-e8cb-4573-862c-8f9023835bcd,8984.1
BLUE,BLUE,A,South Hills Village,SOUTH HILLS VILLAGE,18,3a09a497-c303-40ea-989a-c6641fd4e79a,6055.7
BLUE,BLUE,A,South Hills Village,SOUTH HILLS VILLAGE,19,0a5ad80b-604f-45d6-8800-2de9141b6d96,616.0
BLUE,BLUE,A,South Hills Village,SOUTH HILLS VILLAGE,20,9fb1f879-ee18-4322-b725-1411d3488b94,17019.9
BLUE,BLUE,A,South Hills Village,SOUTH HILLS VILLAGE,21,2ae93f83-183f-44fe-89fe-af3cdcdae451,7226.6
BLUE,BLUE,A,South Hills Village,SOUTH HILLS VILLAGE,22,0cf60ad9-7de1-473d-aa57-2670722a138b,17367.6
BLUE,BLUE,A,South Hills Village,SOUTH HILLS VILLAGE,23,d9d23fd7-d14c-4783-8d27-cab76a33c416,17880.1
BLUE,BLUE,A,South Hills Village,SOUTH HILLS VILLAGE,24,0b841ecb-7231-475e-94f7-299509aae2b8,14975.4
12,12,A,Downtown,DOWNTOWN via McKnight Rd,1,6a108dde-a478-4f5d-996c-0b5611a6a6b8,20518.0
12,12,A,Downtown,DOWNTOWN via McKnight Rd,2,f2f6f43b-edeb-455a-9350-4c9d46180e4a,11146.7
12,12,A,Downtown,DOWNTOWN via McKnight Rd,3,f71d724f-de29-43a4-ad92-ec7f7c193b97,16013.7
12,12,A,Downtown,DOWNTOWN via McKnight Rd,4,8284f7ba-a08a-401d-af16-514419ad9429,4400.7
12,12,A,Downtown,DOWNTOWN via McKnight Rd,5,aa206119-9675-4ad1-9c49-bc608d5059d1,14922.3
12,12,A,Downtown,DOWNTOWN via McKnight Rd,6,ee1c99eb-6ef6-4fa8-8131-d7918595b685,27002.2
12,12,A,Downtown,DOWNTOWN via McKnight Rd,7,2a6d55d6-beab-4bdc-823d-f8962f9ef715,22844.9
12,12,A,Downtown,DOWNTOWN via McKnight Rd,8,88d1767e-7ba1-4c69-b51e-2abb33d1dee6,27513.3
12,12,A,Downtown,DOWNTOWN via McKnight Rd,9,5fa50cb1-770c-47f8-b84e-a35271acbeb3,18810.0
12,12,A,Downtown,DOWNTOWN via McKnight Rd,10,fc0041a7-f798-4395-a361-5faa8768abb5,26226.6
12,12,A,Downtown,DOWNTOWN via McKnight Rd,11,3f4fdfbc-e70c-4639-a060-843cf8953f89,19394.6
12,12,A,Downtown,DOWNTOWN via McKnight Rd,12,52dc4d84-649f-43d3-adda-189f53666f6d,15144.5
12,12,A,Downtown,DOWNTOWN via McKnight Rd,13,c72278fe-81e6-46bd-8aaa-e0dc78003721,9260.1
12,12,A,Downtown,DOWNTOWN via McKnight Rd,14,4351e5da-fbb3-4c0b-9de7-b3d95c6e0e24,23969.0
12,12,A,Downtown,DOWNTOWN via McKnight Rd,15,7d1ea51f-d2fd-4fb0-9fc6-44cee79e74a2,10962.9
12,12,A,Downtown,DOWNTOWN via McKnight Rd,16,c27239ae-59bd-4dc0-a7fb-5938a380a11d,22547.0
12,12,A,Downtown,DOWNTOWN via McKnight Rd,17,3435ae1d-b3f2-46fe-9d31-98efaf79d1f1,25442.9
12,12,A,Downtown,DOWNTOWN via McKnight Rd,18,829666ab-e457-4b14-a757-e056e22bec33,14699.1
12,12,A,Downtown,DOWNTOWN via McKnight Rd,19,02d26c75-b939-41d8-a1f0-a47548d89e7e,6370.8
12,12,A,Downtown,DOWNTOWN via McKnight Rd,20,998ab553-cd67-4180-b247-9b2810d2dd5b,11715.9
12,12,A,Downtown,DOWNTOWN via McKnight Rd,21,01963ebb-1143-474f-8fe2-9f66f16a8d3c,19951.6
12,12,A,Downtown,DOWNTOWN via McKnight Rd,22,d04883cf-e403-44a0-a84f-2e0799bc07c0,1.2
12,12,A,Downtown,DOWNTOWN via McKnight Rd,23,6b0ebe69-e4f9-415d-a62d-c9a2ff14ed3e,27852.7
12,12,A,Downtown,DOWNTOWN via McKnight Rd,24,4cf9d583-aca8-4fb8-8540-7b727b2e4b24,17335.3
12,12,A,Downtown,DOWNTOWN via McKnight Rd,25,2de0cabb-abae-40f3-ac4e-cc725475055f,25253.3
12,12,A,Downtown,DOWNTOWN via McKnight Rd,26,8f52d209-64b8-4d33-9289-2b9cac2150fa,5144.1
12,12,A,Downtown,DOWNTOWN via McKnight Rd,27,4fce56ac-6332-44e7-981c-363cc3518a45,550.1
12,12,A,Downtown,DOWNTOWN via McKnight Rd,28,08e18c88-65e9-4863-8a4a-47548e9dc305,23586.1
12,12,A,Downtown,DOWNTOWN via McKnight Rd,29,fadcb544-7925-4b73-90a4-26a9f7cc1f05,21035.3
12,12,A,Downtown,DOWNTOWN via McKnight Rd,30,af9578cc-ac0a-4a3e-9274-0118293762ce,3532.0
12,12,A,Downtown,DOWNTOWN via McKnight Rd,31,8d1becc2-3c9f-4fa1-8a01-5a9c5025d59e,9562.9
12,12,A,Downtown,DOWNTOWN via McKnight Rd,32,4137d299-7e37-4549-9f09-0f8964c9dd4f,11917.0
12,12,A,Downtown,DOWNTOWN via McKnight Rd,33,a580dea9-9cf9-4cbc-a7a8-1a0fef915d5e,2896.5
12,12,A,Downtown,DOWNTOWN via McKnight Rd,34,f6031ea0-c698-451d-a901-fa08720f7626,3892.2
12,12,A,Downtown,DOWNTOWN via McKnight Rd,35,54097f1f-032b-4f74-9b54-d1d4c484a7fe,21451.2
12,12,A,Downtown,DOWNTOWN via McKnight Rd,36,a80924cd-82e1-4dfc-b065-b655f9e5b60b,11523.9
12,12,A,Downtown,DOWNTOWN via McKnight Rd,37,cf6c77e8-b383-45ee-a470-5e1d0c0083be,5889.0
12,12,A,Downtown,DOWNTOWN via McKnight Rd,38,9b2f776e-1866-4d90-8a47-122170398558,25918.5
12,12,A,Downtown,DOWNTOWN via McKnight Rd,39,ac12638f-d8e9-48bf-b517-4d3b81cc4c23,7748.3
12,12,A,Downtown,DOWNTOWN via McKnight Rd,40,34beb6f3-dbbb-47aa-8b98-0fe32e1e9663,9980.5
12,12,A,Downtown,DOWNTOWN via McKnight Rd,41,1d6489ed-bef1-4439-aa8d-7b4459c9e7a2,16309.4
12,12,A,Downtown,DOWNTOWN via McKnight Rd,42,9dedd39c-d2fa-4d6c-9fc7-e1e60db24fa5,11350.4
12,12,A,Downtown,DOWNTOWN via McKnight Rd,43,27bc3a2b-836f-4b60-838b-60935277df29,15869.1
12,12,A,Downtown,DOWNTOWN via McKnight Rd,44,b4cbdacc-f9c9-4398-9ddd-27f062dde5aa,17014.4
12,12,A,Downtown,DOWNTOWN via McKnight Rd,45,7da41aea-873e-44d3-ae1b-060766fd00a8,26376.6
12,12,A,Downtown,DOWNTOWN via McKnight Rd,46,9aad3257-b7bb-4eeb-ae0d-c5b14ccbafae,13526.6
12,12,A,Downtown,DOWNTOWN via McKnight Rd,47,7527f772-1491-426d-ad37-b8120c0cbe8d,11619.3
12,12,A,Downtown,DOWNTOWN via McKnight Rd,48,cf81b882-5789-45df-a38f-c425f92d8ed7,15599.5
12,12,A,Downtown,DOWNTOWN via McKnight Rd,49,66a817ec-86e1-4dd6-969b-1228058225be,5714.4
12,12,A,Downtown,DOWNTOWN via McKnight Rd,50,00df945e-86ce-4c89-859e-a749e0a42e7f,19105.2
12,12,A,Downtown,DOWNTOWN via McKnight Rd,51,6812dcdf-e123-4728-ae50-df7a149d436c,8371.7
12,12,A,Downtown,DOWNTOWN via McKnight Rd,52,13d2a987-bfab-4a72-92d9-bf8dd286a060,27270.0
12,12,A,Downtown,DOWNTOWN via McKnight Rd,53,9fba3286-392f-4f77-889b-71980efd1968,24344.0
12,12,A,Downtown,DOWNTOWN via McKnight Rd,54,57d565ef-b4c0-4b31-a94f-4b7549cb7dc2,25704.1
12,12,A,Downtown,DOWNTOWN via McKnight Rd,55,cc4323c6-52e6-4f13-a3bb-3dc6d7089a31,25182.2
12,12,A,Downtown,DOWNTOWN via McKnight Rd,56,e093910b-43a0-44da-97b1-1babc969f399,21937.9
12,12,A,McCandless,MCCANDLESS via McKnight Rd,1,66213a45-9c96-473f-b29d-fbc80efb9280,24595.1
12,12,A,McCandless,MCCANDLESS via McKnight Rd,2,d154cf8b-cd85-423b-bdcb-1b382619db98,2943.9
12,12,A,McCandless,MCCANDLESS via McKnight Rd,3,5d025b67-f8ea-46de-9ede-69cb031bea91,23949.4
12,12,A,McCandless,MCCANDLESS via McKnight Rd,4,cc9e0898-1367-40a6-b4a8-2a54446a8ff1,3446.0
12,12,A,McCandless,MCCANDLESS via McKnight Rd,5,bdad86e9-6f08-4e7e-8ae3-1430e33c6ae8,4939.5
12,12,A,McCandless,MCCANDLESS via McKnight Rd,6,c21a0c80-8fea-4ff0-8a5b-461ba737449d,11133.2
12,12,A,McCandless,MCCANDLESS via McKnight Rd,7,9f517c7e-70b2-4d51-a2dd-efcd08542078,11819.3
12,12,A,McCandless,MCCANDLESS via McKnight Rd,8,a97afc3a-4dc3-42c8-8e12-c4ac0608801f,5227.1
12,12,A,McCandless,MCCANDLESS via McKnight Rd,9,623a4acb-5610-4654-937f-30d69545e03d,2285.5
12,12,A,McCandless,MCCANDLESS via McKnight Rd,10,41523e7f-2719-42a3-a3f9-14c43d40558e,16215.8
12,12,A,McCandless,MCCANDLESS via McKnight Rd,11,c1e42a2a-7968-4e2a-b733-c95f78ed3a18,15868.3
12,12,A,McCandless,MCCANDLESS via McKnight Rd,12,06afd2d9-ded3-4140-8b8d-acb401089e54,8221.1
12,12,A,McCandless,MCCANDLESS via McKnight Rd,13,34beb6f3-dbbb-47aa-8b98-0fe32e1e9663,19061.9
12,12,A,McCandless,MCCANDLESS via McKnight Rd,14,3f5e4841-d8c1-4447-bc95-2b388b21337c,6709.2
12,12,A,McCandless,MCCANDLESS via McKnight Rd,15,9289bfd7-3f21-4828-8004-5f6c15891909,4219.6
12,12,A,McCandless,MCCANDLESS via McKnight Rd,16,d04883cf-e403-44a0-a84f-2e0799bc07c0,26539.5
12,12,A,McCandless,MCCANDLESS via McKnight Rd,17,79f21e67-d901-40a4-b9b4-25b7d5617475,5845.1
12,12,A,McCandless,MCCANDLESS via McKnight Rd,18,6812dcdf-e123-4728-ae50-df7a149d436c,17453.1
12,12,A,McCandless,MCCANDLESS via McKnight Rd,19,718229ba-fac8-4c69-a3a3-9e05ce09bbb4,2666.5
12,12,A,McCandless,MCCANDLESS via McKnight Rd,20,87842825-f067-410f-9c7e-ae6c3a98cf3c,16105.0
12,12,A,McCandless,MCCANDLESS via McKnight Rd,21,8f52d209-64b8-4d33-9289-2b9cac2150fa,23200.9
12,12,A,McCandless,MCCANDLESS via McKnight Rd,22,6fe4dd34-f3e8-4ceb-8de3-490f33cbb83f,3847.3
12,12,A,McCandless,MCCANDLESS via McKnight Rd,23,305e12af-64b0-4ac6-ac4c-428c1dc9fd9c,1.3
12,12,A,McCandless,MCCANDLESS via McKnight Rd,24,097def51-f8d4-4ff5-8a6a-290740916611,15327.7
12,12,A,McCandless,MCCANDLESS via McKnight Rd,25,02bafea7-6378-42c1-84e8-090189c39fcf,712.3
12,12,A,McCandless,MCCANDLESS via McKnight Rd,26,082fd91b-0444-4aea-9b9e-636c808b4568,19764.5
12,12,A,McCandless,MCCANDLESS via McKnight Rd,27,b780c4a3-c691-4dcc-b608-ab64bb99a04b,9285.3
12,12,A,McCandless,MCCANDLESS via McKnight Rd,28,200fe8ac-a8c2-4ec9-b211-2002aede6dca,10440.7
12,12,A,McCandless,MCCANDLESS via McKnight Rd,29,9aad3257-b7bb-4eeb-ae0d-c5b14ccbafae,14175.2
12,12,A,McCandless,MCCANDLESS via McKnight Rd,30,87961963-532e-4700-96d4-15e329b3b40c,23604.9
12,12,A,McCandless,MCCANDLESS via McKnight Rd,31,52430752-470a-4c6c-b47f-d40bdcaa2154,414.6
12,12,A,McCandless,MCCANDLESS via McKnight Rd,32,ab4d6e79-1200-40d4-9db6-27fe30ef2e83,1354.5
12,12,A,McCandless,MCCANDLESS via McKnight Rd,33,39cf554c-ad12-42e1-84dc-8a12b4e808aa,1639.0
12,12,A,McCandless,MCCANDLESS via McKnight Rd,34,f93aa3ee-6a4c-4b5f-9d4a-57370604915f,8758.1
12,12,A,McCandless,MCCANDLESS via McKnight Rd,35,07f0a840-8256-41fa-9336-1df4cb8d0321,12950.4
12,12,A,McCandless,MCCANDLESS via McKnight Rd,36,737e56b4-191f-4cff-8ce6-88f7a4e0d99d,961.8
12,12,A,McCandless,MCCANDLESS via McKnight Rd,37,def19f44-5614-48a2-bc05-c9737f538998,12259.1
12,12,A,McCandless,MCCANDLESS via McKnight Rd,38,aa08cb9e-bae8-4c5e-b180-4f072ac31022,10737.0
12,12,A,McCandless,MCCANDLESS via McKnight Rd,39,795998e7-fb8a-4ea4-b417-f20e8b3145a3,9587.3
12,12,A,McCandless,MCCANDLESS via McKnight Rd,40,48b74dd0-a98f-4d92-b652-47ed11103dcd,21687.3
12,12,A,McCandless,MCCANDLESS via McKnight Rd,41,960ccab8-4615-4f8d-b70d-41abcb863011,16756.2
12,12,A,McCandless,MCCANDLESS via McKnight Rd,42,c8f82dfc-0e87-46f9-81ed-acc167e5f09f,11465.4
12,12,A,McCandless,MCCANDLESS via McKnight Rd,43,c72278fe-81e6-46bd-8aaa-e0dc78003721,18341.2
12,12,A,McCandless,MCCANDLESS via McKnight Rd,44,0dda1038-8396-4d06-8f01-099ddf3a2698,7929.6
12,12,A,McCandless,MCCANDLESS via McKnight Rd,45,8284f7ba-a08a-401d-af16-514419ad9429,22450.2
12,12,A,McCandless,MCCANDLESS via McKnight Rd,46,c9369acd-7607-4530-971b-577f1e81d900,2074.1
12,12,A,McCandless,MCCANDLESS via McKnight Rd,47,1763d895-e8ca-4a98-b874-a6deba8ebad5,16416.1
12,12,A,McCandless,MCCANDLESS via McKnight Rd,48,1dbc045b-afb3-482c-bfeb-762cffb74d9a,12652.0
12,12,A,McCandless,MCCANDLESS via McKnight Rd,49,482a230f-89c5-4c4e-97d1-8e3e81f2331e,11295.1
12,12,A,McCandless,MCCANDLESS via McKnight Rd,50,ed854f60-1d48-422e-b2c5-d9d58352c368,10130.7
12,12,A,McCandless,MCCANDLESS via McKnight Rd,51,0040bf93-b98e-404e-86be-9c2e7059f1b9,2438.0
12,12,A,McCandless,MCCANDLESS via McKnight Rd,52,7471d878-dc5c-4d11-b5f0-715ffbff2f77,1909.6
12,12,A,McCandless,MCCANDLESS via McKnight Rd,53,c06dd1d0-e30b-41f7-8f46-5cee4c80c578,16616.2
12,12,A,McCandless,MCCANDLESS via McKnight Rd,54,b3f3834a-2077-4102-b58e-6e9bbd31d679,6332.1
12,12,A,McCandless,MCCANDLESS via McKnight Rd,55,8d1becc2-3c9f-4fa1-8a01-5a9c5025d59e,18644.4
12,12,A,McCandless,MCCANDLESS via McKnight Rd,56,9b4e21c5-5947-4d46-973d-a429b070f2c9,20899.9
12,12,A,McCandless,MCCANDLESS via McKnight Rd,57,b7437004-dd5e-4a5c-a2b3-99fe3afeac3e,7345.6
12,12,A,McCandless,MCCANDLESS via McKnight Rd,58,7c3e4242-1fc9-4b30-8b73-759eba2924d0,21083.5
38,38,A,Downtown,DOWNTOWN via Green Tree Rd,1,986a67f8-6815-4515-a5cf-89144d7acd97,9008.6
38,38,A,Downtown,DOWNTOWN via Green Tree Rd,2,8fd6f6f6-9c16-48af-ab8c-df02da2021e1,9254.6
38,38,A,Downtown,DOWNTOWN via Green Tree Rd,3,1cbe41eb-e4fb-4b4b-b098-03a61bfbb588,796.7
38,38,A,Downtown,DOWNTOWN via Green Tree Rd,4,3c31985b-f467-4a72-998e-5d86432f0661,4398.9
38,38,A,Downtown,DOWNTOWN via Green Tree Rd,5,5f1e4ac6-5e29-4bf3-a9d5-b27115bd89e2,2187.3
38,38,A,Downtown,DOWNTOWN via Green Tree Rd,6,82f67af5-deb7-4b99-b9d9-6ac5cf628cde,7489.8
38,38,A,Downtown,DOWNTOWN via Green Tree Rd,7,6a17ceb9-3664-4981-8663-15b76672a7dc,1792.8
38,38,A,Downtown,DOWNTOWN via Green Tree Rd,8,e54c7462-2c08-448c-99e5-6d4cc7b8a1d3,14682.8
38,38,A,Downtown,DOWNTOWN via Green Tree Rd,9,5f784765-0355-4cd4-9f28-bf91152d8450,1062.1
38,38,A,Downtown,DOWNTOWN via Green Tree Rd,10,ecd2c17d-cf7e-4292-8610-c698fb6dc0e4,5835.3
38,38,A,Downtown,DOWNTOWN via Green Tree Rd,11,dc608afd-1aac-42c0-9713-d1d9c855a68d,12459.4
38,38,A,Downtown,DOWNTOWN via Green Tree Rd,12,bc2f612b-2b09-48ce-8f08-ce0aac7a9769,13190.0
38,38,A,Downtown,DOWNTOWN via Green Tree Rd,13,c54aec51-74ca-4094-b833-5527b432880e,16276.4
38,38,A,Downtown,DOWNTOWN via Green Tree Rd,14,ebf93063-3f6c-4e2f-a78e-8faee50f5f6a,663.6
38,38,A,Downtown,DOWNTOWN via Green Tree Rd,15,4c05c4b2-b656-48d9-8efa-ee41d016757a,8232.5
38,38,A,Downtown,DOWNTOWN via Green Tree Rd,16,0b4abf7e-04bf-450b-8343-03bb3d98ae77,7797.0
38,38,A,Downtown,DOWNTOWN via Green Tree Rd,17,528fe02f-a6f0-46da-92d5-dffecaf710d4,9779.9
38,38,A,Downtown,DOWNTOWN via Green Tree Rd,18,0d8ad3ec-4c2c-45c3-938a-21e2311cee5f,911.9
38,38,A,Downtown,DOWNTOWN via Green Tree Rd,19,21e35020-f5f4-4472-b140-5bbf25e654af,10791.8
38,38,A,Downtown,DOWNTOWN via Green Tree Rd,20,2d73624f-aaa7-4d10-b068-f54fe69c215b,7066.1
38,38,A,Downtown,DOWNTOWN via Green Tree Rd,21,3e962280-67e7-47fe-b55b-d17d8b64437b,11687.8
38,38,A,Downtown,DOWNTOWN via Green Tree Rd,22,a86b3c17-c83e-4d21-8efb-52bb3de06db4,16087.5
38,38,A,Downtown,DOWNTOWN via Green Tree Rd,23,cc14eaac-a21c-4162-98f2-3e89e089889c,6757.1
38,38,A,Downtown,DOWNTOWN via Green Tree Rd,24,e94cbe9f-4c17-441f-b62e-a2faad637cfa,10004.7
38,38,A,Downtown,DOWNTOWN via Green Tree Rd,25,7c36ad29-8d56-4a2a-8f97-e7d08838a4df,8696.1
38,38,A,Downtown,DOWNTOWN via Green Tree Rd,26,0f1645c7-b39d-4b80-a393-ffda27e79198,8366.3
38,38,A,Downtown,DOWNTOWN via Green Tree Rd,27,a4132f7a-1d32-47ce-8d68-53e626d092c3,344.3
38,38,A,Downtown,DOWNTOWN via Green Tree Rd,28,ea070075-862f-463e-a545-7bd212ada956,1498.3
38,38,A,Downtown,DOWNTOWN via Green Tree Rd,29,545a8982-958e-4117-ad30-bf5c30e35521,10465.6
38,38,A,Downtown,DOWNTOWN via Green Tree Rd,30,34cf6789-8e2f-4fc4-a953-a860f34e5e05,15805.2
38,38,A,Downtown,DOWNTOWN via Green Tree Rd,31,0f8763dd-9620-4bf3-b7e1-e002f1593c4b,11379.4
38,38,A,Downtown,DOWNTOWN via Green Tree Rd,32,b83d5de9-27ea-4f82-9d9a-a3131d0a167a,7297.8
38,38,A,Downtown,DOWNTOWN via Green Tree Rd,33,89e8d4f1-425a-48f2-b717-3c121db1b937,2479.0
38,38,A,Downtown,DOWNTOWN via Green Tree Rd,34,2eb9024a-83a2-48b1-b6f5-934b96e9716d,3.1
38,38,A,Downtown,DOWNTOWN via Green Tree Rd,35,362e98b5-59c3-4a7d-9f2b-48a50b693734,10949.8
38,38,A,Downtown,DOWNTOWN via Green Tree Rd,36,c54fab35-4332-460b-b3d5-785c7383a104,6509.3
38,38,A,Downtown,DOWNTOWN via Green Tree Rd,37,3b79413d-facf-42ef-ac9a-178ae4d20359,15997.3
38,38,A,Downtown,DOWNTOWN via Green Tree Rd,38,e67b5930-01b9-4a63-bff7-4596d0cf1c87,12933.6
38,38,A,Downtown,DOWNTOWN via Green Tree Rd,39,56405429-566d-4ff8-8482-adc9802567e3,14263.1
38,38,A,Downtown,DOWNTOWN via Green Tree Rd,40,f4db785f-9ee4-4645-9a99-d041db0d0617,1919.0
38,38,A,Downtown,DOWNTOWN via Green Tree Rd,41,8b75cff5-cfb5-4104-958d-58dae88881f0,8937.7
38,38,A,Downtown,DOWNTOWN via Green Tree Rd,42,aff7ebbb-22c9-4be8-abe2-3767eeaa0ae0,3359.4
38,38,A,Downtown,DOWNTOWN via Green Tree Rd,43,0e3c6346-588f-44b4-a14d-14855015b2d8,9489.4
38,38,A,Downtown,DOWNTOWN via Green Tree Rd,44,207a10f9-3cd6-449e-9b07-50ffff8ecb88,6138.1
38,38,A,Collier,CHARTIERS VALLEY via Green Tree Rd,1,b391f54e-76cd-4b59-b96a-2e6093ed1f97,14403.6
38,38,A,Collier,CHARTIERS VALLEY via Green Tree Rd,2,44157563-91a7-4a28-9735-9e92b5c97391,13901.6
38,38,A,Collier,CHARTIERS VALLEY via Green Tree Rd,3,eaeb185b-85ef-42d8-bfd6-8b2e9bbac72b,15942.3
38,38,A,Collier,CHARTIERS VALLEY via Green Tree Rd,4,8545f647-f2b5-48e5-9a43-f4efe322ceca,9071.2
38,38,A,Collier,CHARTIERS VALLEY via Green Tree Rd,5,724077be-019a-48a2-8757-d870909c7ae6,6002.6
38,38,A,Collier,CHARTIERS VALLEY via Green Tree Rd,6,cc264e11-8710-4f46-b281-f5502f224fd9,9897.2
38,38,A,Collier,CHARTIERS VALLEY via Green Tree Rd,7,bc312b46-8375-41f3-b04d-cb4f7e4de087,1992.9
38,38,A,Collier,CHARTIERS VALLEY via Green Tree Rd,8,9741c9bd-e696-401b-9f99-3b89f77abd25,9319.7
38,38,A,Collier,CHARTIERS VALLEY via Green Tree Rd,9,ca6e4f18-03f5-4993-8662-657c9f0ef3a6,1584.5
38,38,A,Collier,CHARTIERS VALLEY via Green Tree Rd,10,de95b792-7459-4f8b-acde-b8cd97a628c4,4689.2
38,38,A,Collier,CHARTIERS VALLEY via Green Tree Rd,11,d650ed33-0a3a-4b96-81d4-eedf2df5ee57,9221.9
38,38,A,Collier,CHARTIERS VALLEY via Green Tree Rd,12,899f8554-f21b-4759-bd63-151ba7d41c65,5679.5
38,38,A,Collier,CHARTIERS VALLEY via Green Tree Rd,13,54263313-f782-4517-8fbf-b0f6fb837829,5022.1
38,38,A,Collier,CHARTIERS VALLEY via Green Tree Rd,14,2d9ebf06-fcea-4cc4-8b34-f14a878045df,7401.3
38,38,A,Collier,CHARTIERS VALLEY via Green Tree Rd,15,aff7ebbb-22c9-4be8-abe2-3767eeaa0ae0,13013.8
38,38,A,Collier,CHARTIERS VALLEY via Green Tree Rd,16,a8d79cfd-b0c3-4d8a-954c-22430da7c943,14516.5
38,38,A,Collier,CHARTIERS VALLEY via Green Tree Rd,17,18b4a37c-4c3a-4f9f-b84b-61a8b41bab4d,3457.8
38,38,A,Collier,CHARTIERS VALLEY via Green Tree Rd,18,5a4e1302-69f8-4c3b-9790-74c552b2b416,14791.8
38,38,A,Collier,CHARTIERS VALLEY via Green Tree Rd,19,d2ba43fc-807c-41aa-8835-aeb4f6305a52,3368.6
38,38,A,Collier,CHARTIERS VALLEY via Green Tree Rd,20,c54aec51-74ca-4094-b833-5527b432880e,4.3
38,38,A,Collier,CHARTIERS VALLEY via Green Tree Rd,21,30837958-7cfb-469f-b085-af9e0cb831b5,8605.2
38,38,A,Collier,CHARTIERS VALLEY via Green Tree Rd,22,715dd2a6-cf0a-4a71-9afb-0959cf2e8eb7,3932.1
38,38,A,Collier,CHARTIERS VALLEY via Green Tree Rd,23,6aa81162-ab2f-4a94-ac10-4cebdb68ceb2,5432.4
38,38,A,Collier,CHARTIERS VALLEY via Green Tree Rd,24,d70fe9e2-066c-449d-85f9-a26d7979f010,15457.1
38,38,A,Collier,CHARTIERS VALLEY via Green Tree Rd,25,fdaee561-61af-457b-891e-1dea74b79303,10358.3
38,38,A,Collier,CHARTIERS VALLEY via Green Tree Rd,26,2eb9024a-83a2-48b1-b6f5-934b96e9716d,16307.6
38,38,A,Collier,CHARTIERS VALLEY via Green Tree Rd,27,6f4e34f5-3837-436d-ba0f-439f31d9f6ed,6671.1
38,38,A,Collier,CHARTIERS VALLEY via Green Tree Rd,28,aee4b2c6-cc3a-4ccf-bddd-b283f34e212e,7684.4
38,38,A,Collier,CHARTIERS VALLEY via Green Tree Rd,29,9d808b6f-a388-41ac-8642-a7754c3b1a71,6404.8
38,38,A,Collier,CHARTIERS VALLEY via Green Tree Rd,30,ee835549-ed28-4d33-b7fb-eeed7776cbaf,3187.8
38,38,A,Collier,CHARTIERS VALLEY via Green Tree Rd,31,5658e34c-3111-43b3-b4bf-dc4844f16552,15653.4
38,38,A,Collier,CHARTIERS VALLEY via Green Tree Rd,32,d57c5549-59d1-48cd-beed-63773ccfb252,6900.9
38,38,A,Collier,CHARTIERS VALLEY via Green Tree Rd,33,c469e2ca-c5e0-4e00-a6ea-5c0a890b7f10,8814.4
38,38,A,Collier,CHARTIERS VALLEY via Green Tree Rd,34,274fc78b-5af2-4188-bd56-7b467e823ec1,15217.0
38,38,A,Collier,CHARTIERS VALLEY via Green Tree Rd,35,f0fb192b-01d9-4531-8c5c-65a444696c5b,8184.2
38,38,A,Collier,CHARTIERS VALLEY via Green Tree Rd,36,2343534d-7a0a-4b20-8033-6f171a90ed68,14131.3
38,38,A,Collier,CHARTIERS VALLEY via Green Tree Rd,37,59191d84-a7a0-450f-b602-76bfc3b89410,10546.7
38,38,A,Collier,CHARTIERS VALLEY via Green Tree Rd,38,b65415af-a1a1-4989-adf2-20c32600b9be,7474.9
38,38,A,Collier,CHARTIERS VALLEY via Green Tree Rd,39,d6cfe7eb-433e-4e8a-b4ec-433ca1a5f223,5860.3
38,38,A,Collier,CHARTIERS VALLEY via Green Tree Rd,40,23a5ea2d-2874-4310-ac86-3a060a3a4c06,8012.4
38,38,A,Collier,CHARTIERS VALLEY via Green Tree Rd,41,7ca0dc1b-475a-452d-acbf-61a111ef5af9,11924.6
38,38,A,Collier,CHARTIERS VALLEY via Green Tree Rd,42,d27d4cef-74e1-41f3-8d8d-585cd5b1b55d,9471.6
38,38,A,Collier,CHARTIERS VALLEY via Green Tree Rd,43,4d70f2d0-3bc1-4087-8e8a-694cdf1fde69,9692.7
38,38,A,Collier,CHARTIERS VALLEY via Green Tree Rd,44,c181c918-d167-4f41-b490-6c11cc521828,12599.1
38,38,A,Collier,CHARTIERS VALLEY via Green Tree Rd,45,026daef1-a472-40c2-8442-073038a2f19a,7151.2
46L,46L,A,Downtown,"DOWNTOWN via Clairton, South Hills",1,0e2599f9-3de6-4234-8fe1-8685e2f83752,21391.5
46L,46L,A,Downtown,"DOWNTOWN via Clairton, South Hills",2,029b1c26-40df-49c9-9adb-57b4007981da,19920.0
46L,46L,A,Downtown,"DOWNTOWN via Clairton, South Hills",3,4238dd6d-fdc9-4e1c-8acb-70497ab6a075,3646.5
46L,46L,A,Downtown,"DOWNTOWN via Clairton, South Hills",4,1b68de12-41c0-4687-9568-526a92e52ba6,7602.5
46L,46L,A,Downtown,"DOWNTOWN via Clairton, South Hills",5,68744e6e-72d0-4008-8feb-a657e7e6f56a,32877.5
46L,46L,A,Downtown,"DOWNTOWN via Clairton, South Hills",6,820cc497-304a-44cf-8cda-b847b0249afe,5660.9
46L,46L,A,Downtown,"DOWNTOWN via Clairton, South Hills",7,5920afcf-6014-446e-9647-51af3463054f,7103.4
46L,46L,A,Downtown,"DOWNTOWN via Clairton, South Hills",8,a7b0f592-8231-4e10-a2f6-ea0bd468667a,25176.7
46L,46L,A,Downtown,"DOWNTOWN via Clairton, South Hills",9,64bfa2a3-7a6b-4799-aa77-9a995347297b,21594.4
46L,46L,A,Downtown,"DOWNTOWN via Clairton, South Hills",10,a1b4e56b-6aa5-4b74-b1b0-460aff3002b8,10888.5
46L,46L,A,Downtown,"DOWNTOWN via Clairton, South Hills",11,ea83a645-3808-4dff-aa2a-6c2617e9a37a,35885.7
46L,46L,A,Downtown,"DOWNTOWN via Clairton, South Hills",12,13514d16-21d6-4f5b-bd2f-4cc2f54b641e,13034.4
46L,46L,A,Downtown,"DOWNTOWN via Clairton, South Hills",13,fda1cf83-4b06-4135-b4d4-abb45c7f7612,4186.7
46L,46L,A,Downtown,"DOWNTOWN via Clairton, South Hills",14,c4de0047-43eb-47e8-af0e-7f3f448e436f,9954.3
46L,46L,A,Downtown,"DOWNTOWN via Clairton, South Hills",15,7280e30c-c21c-4deb-ab67-4d98f2c9c45e,6987.0
46L,46L,A,Downtown,"DOWNTOWN via Clairton, South Hills",16,8159be9a-c910-41e3-98d6-525cf43884d4,13546.4
46L,46L,A,Downtown,"DOWNTOWN via Clairton, South Hills",17,8fb95955-e08e-4855-ab26-44d4d41c5267,22797.6
46L,46L,A,Downtown,"DOWNTOWN via Clairton, South Hills",18,4af575fb-8102-4887-9a88-a8ca581217be,3069.0
46L,46L,A,Downtown,"DOWNTOWN via Clairton, South Hills",19,b0fff28d-7c8b-4c93-9445-334bcdfb3517,20806.4
46L,46L,A,Downtown,"DOWNTOWN via Clairton, South Hills",20,d623137a-9ead-43cd-8e54-addb6acc5b77,35544.6
46L,46L,A,Downtown,"DOWNTOWN via Clairton, South Hills",21,6b0ebe69-e4f9-415d-a62d-c9a2ff14ed3e,36236.1
46L,46L,A,Downtown,"DOWNTOWN via Clairton, South Hills",22,7e76b830-ef7d-427c-b0e2-02e296e68496,28680.7
46L,46L,A,Downtown,"DOWNTOWN via Clairton, South Hills",23,1f027ba3-8e81-455f-8c7a-5e22ef021560,16369.4
46L,46L,A,Downtown,"DOWNTOWN via Clairton, South Hills",24,d7d1ef53-eefc-4e7c-a7e7-b5f6873b8d5c,12417.1
46L,46L,A,Downtown,"DOWNTOWN via Clairton, South Hills",25,8f4ada8e-c7ad-47de-8918-7d2eab817740,31537.6
46L,46L,A,Downtown,"DOWNTOWN via Clairton, South Hills",26,1546b20d-4106-4f5e-aaec-f24927db5968,35239.8
46L,46L,A,Downtown,"DOWNTOWN via Clairton, South Hills",27,c5cee3dd-a1fe-4b11-b9c0-cc71b734ebf2,11644.2
46L,46L,A,Downtown,"DOWNTOWN via Clairton, South Hills",28,68368c9d-5187-4af7-aaf7-91365e242d96,30350.9
46L,46L,A,Downtown,"DOWNTOWN via Clairton, South Hills",29,0adccd00-c12c-4bd3-b88f-321e4f49a766,23630.4
46L,46L,A,Downtown,"DOWNTOWN via Clairton, South Hills",30,e8c8d519-2bda-44ef-a806-01eef8288b20,34523.9
46L,46L,A,Downtown,"DOWNTOWN via Clairton, South Hills",31,81ac715f-74fe-4017-9ad1-f34c6ca1799c,9744.7
46L,46L,A,Downtown,"DOWNTOWN via Clairton, South Hills",32,ef62e106-0747-4618-ad04-3f3b24d26e75,17773.7
46L,46L,A,Downtown,"DOWNTOWN via Clairton, South Hills",33,c067daec-e786-42b2-86a8-96e73433b7db,7280.9
46L,46L,A,Downtown,"DOWNTOWN via Clairton, South Hills",34,bdc715d5-17ec-44ba-8723-770d3b818812,27820.6
46L,46L,A,Downtown,"DOWNTOWN via Clairton, South Hills",35,d3c4b873-08fa-420f-98b8-8603ba4cafb4,14573.5
46L,46L,A,Downtown,"DOWNTOWN via Clairton, South Hills",36,1ed180c4-44e1-46b1-8c03-63b6695a0641,6102.3
46L,46L,A,Downtown,"DOWNTOWN via Clairton, South Hills",37,4f9e4172-e883-43fd-871c-01b62227ee68,4.0
46L,46L,A,Downtown,"DOWNTOWN via Clairton, South Hills",38,bf74c8f1-ab0f-457a-81db-93086c0d4710,20970.2
46L,46L,A,Downtown,"DOWNTOWN via Clairton, South Hills",39,db69064a-5b92-4368-998c-8edced215355,6464.4
46L,46L,A,Downtown,"DOWNTOWN via Clairton, South Hills",40,f39b800a-d20b-493d-8fb0-33ecdb770189,5971.4
46L,46L,A,Downtown,"DOWNTOWN via Clairton, South Hills",41,10a79a97-a372-4d02-9332-e78b1c4b04c5,21838.7
46L,46L,A,Downtown,"DOWNTOWN via Clairton, South Hills",42,bb5ad59d-3d92-49a1-9013-808c0536c455,18784.8
46L,46L,A,Downtown,"DOWNTOWN via Clairton, South Hills",43,fda4598a-e78a-4c0b-ad46-a8ec32397477,8605.5
46L,46L,A,Downtown,"DOWNTOWN via Clairton, South Hills",44,36cf5da0-ebbc-4a5a-8ecf-09c9a81e6ef2,15842.0
46L,46L,A,Downtown,"DOWNTOWN via Clairton, South Hills",45,15399372-b780-46a4-93f6-c01a42b61624,34144.8
46L,46L,A,Downtown,"DOWNTOWN via Clairton, South Hills",46,9c8ef16b-73df-4986-a263-df5614ca333e,24973.3
46L,46L,A,Downtown,"DOWNTOWN via Clairton, South Hills",47,cf9810e3-26df-4a34-8e1c-8f03cfb789a0,17132.0
46L,46L,A,Downtown,"DOWNTOWN via Clairton, South Hills",48,7e360e1c-8a35-41a9-9b78-42859682ecc0,25105.1
46L,46L,A,Downtown,"DOWNTOWN via Clairton, South Hills",49,d5914889-54e2-48c5-8aad-17d7632c01e8,22287.2
46L,46L,A,Downtown,"DOWNTOWN via Clairton, South Hills",50,fde9068e-d731-4f50-9efb-dc69abb33184,23252.8
46L,46L,A,Downtown,"DOWNTOWN via Clairton, South Hills",51,619526d8-65fc-4e98-8f0e-26c03027a886,7825.8
46L,46L,A,Downtown,"DOWNTOWN via Clairton, South Hills",52,0ea2afd1-b9ab-4688-90ba-96f1f6b75dc2,20464.3
46L,46L,A,Downtown,"DOWNTOWN via Clairton, South Hills",53,d06d9c98-5193-4f7f-8976-8b08b7b94a5c,23096.6
46L,46L,A,Downtown,"DOWNTOWN via Clairton, South Hills",54,d9612d52-47a8-4f16-b975-d8bb3e238d41,28438.8
46L,46L,A,Downtown,"DOWNTOWN via Clairton, South Hills",55,5d46e717-1679-4783-97c5-3ac5be6dd3f0,4436.8
46L,46L,A,Downtown,"DOWNTOWN via Clairton, South Hills",56,c64a3fa6-645d-4034-a61e-9cc60c97129e,7488.5
46L,46L,A,Downtown,"DOWNTOWN via Clairton, South Hills",57,c3c5225b-a6c5-4960-a757-1eeef8a25b35,25506.4
46L,46L,A,Downtown,"DOWNTOWN via Clairton, South Hills",58,6ac8c53d-f0df-447f-b893-a828bed3fbfc,14199.8
46L,46L,A,Downtown,"DOWNTOWN via Clairton, South Hills",59,183c73d1-b2a2-416a-8b07-8f0375f9310c,19381.7
46L,46L,A,Downtown,"DOWNTOWN via Clairton, South Hills",60,799e165d-6849-4d7f-93b0-0bd07db207a7,9296.7
46L,46L,A,Downtown,"DOWNTOWN via Clairton, South Hills",61,e9b57fa8-e5b7-4659-8e73-1d420b402d81,4860.0
46L,46L,A,Downtown,"DOWNTOWN via Clairton, South Hills",62,e810dc02-d57d-4a29-b570-b0a65dec97eb,24222.5
46L,46L,A,Downtown,"DOWNTOWN via Clairton, South Hills",63,640fb75c-717e-4ba3-afbf-9bcc723315d5,3784.1
46L,46L,A,Downtown,"DOWNTOWN via Clairton, South Hills",64,773b527f-9d0f-4e7f-9048-5e21d6c5c2c4,25876.2
46L,46L,A,Downtown,"DOWNTOWN via Clairton, South Hills",65,2f3a1b26-f935-43e9-bbf9-5056bda5923a,3969.2
46L,46L,A,Downtown,"DOWNTOWN via Clairton, South Hills",66,6844400b-a199-48ae-a026-b188a0956916,21133.1
46L,46L,A,Downtown,"DOWNTOWN via Clairton, South Hills",67,31dc3ade-0ded-43f6-8be3-497d0568997c,4610.6
46L,46L,A,Downtown,"DOWNTOWN via Clairton, South Hills",68,bee6c06d-9d6d-42a2-af44-6b3cb2b6804e,22620.1
46L,46L,A,Downtown,"DOWNTOWN via Clairton, South Hills",69,2742b777-72e0-4b0f-ae0e-4b3372cf6a3b,18403.3
46L,46L,A,Downtown,"DOWNTOWN via Clairton, South Hills",70,491ef73d-f0f1-40f9-91d3-87a462f2074d,35697.5
46L,46L,A,Downtown,"DOWNTOWN via Clairton, South Hills",71,266f9fb5-92a0-4ab0-8fc8-a4ee4bb045d3,22866.2
46L,46L,A,Downtown,"DOWNTOWN via Clairton, South Hills",72,2ae3b230-b921-4590-b82c-73417ebe01d1,32152.1
46L,46L,A,Downtown,"DOWNTOWN via Clairton, South Hills",73,3383b298-8c08-4c3a-8964-5a2005d1bb80,27528.6
46L,46L,A,Downtown,"DOWNTOWN via Clairton, South Hills",74,c338a40c-5401-4856-afc4-e6ea7e5d118a,16789.6
46L,46L,A,Downtown,"DOWNTOWN via Clairton, South Hills",75,88edd198-3f98-452c-a002-6cac64dd27b9,15503.0
46L,46L,A,Downtown,"DOWNTOWN via Clairton, South Hills",76,6449e9c1-e604-426d-a9ea-17446614ab7c,5324.5
46L,46L,A,Downtown,"DOWNTOWN via Clairton, South Hills",77,3ee6dfa7-3bf7-4f7c-bed0-362766b486c8,28119.5
46L,46L,A,Downtown,"DOWNTOWN via Clairton, South Hills",78,a4ab604e-e4a7-476c-a36e-2fa936c3c020,8824.0
46L,46L,A,Downtown,"DOWNTOWN via Clairton, South Hills",79,34379ca0-1cb0-4691-a8b9-52fc55f5968f,5222.9
46L,46L,A,Downtown,"DOWNTOWN via Clairton, South Hills",80,c453599e-3d2a-46e1-8343-e435bebf4075,29045.6
46L,46L,A,Downtown,"DOWNTOWN via Clairton, South Hills",81,de160625-de05-4620-9a4d-a54055a1537a,26848.4
46L,46L,A,Downtown,"DOWNTOWN via Clairton, South Hills",82,7c672aea-96d7-4a7e-8799-978a2477ee11,27431.0
46L,46L,A,Downtown,"DOWNTOWN via Clairton, South Hills",83,5e9bb250-5751-40f3-a22b-01f9d0ddbe23,36195.2
46L,46L,A,Downtown,"DOWNTOWN via Clairton, South Hills",84,b10a204a-7877-4749-86ef-953d85477b31,21270.1
46L,46L,A,Elizabeth,"ELIZABETH via Clairton, South Hills",1,621b9405-2f54-400e-9aaf-c5e13f4b9524,28104.5
46L,46L,A,Elizabeth,"ELIZABETH via Clairton, South Hills",2,9bc9c802-9e7c-45cb-98cb-f5b29101b913,27395.4
46L,46L,A,Elizabeth,"ELIZABETH via Clairton, South Hills",3,5d59bf7e-6dbc-4a29-8dba-6e66514479b7,9546.5
46L,46L,A,Elizabeth,"ELIZABETH via Clairton, South Hills",4,16beb96c-3688-42f7-a902-412ef99674d8,7953.8
46L,46L,A,Elizabeth,"ELIZABETH via Clairton, South Hills",5,20c0077a-3f8c-4ebe-b428-b6978b32efc2,14909.5
46L,46L,A,Elizabeth,"ELIZABETH via Clairton, South Hills",6,820cc497-304a-44cf-8cda-b847b0249afe,29553.9
46L,46L,A,Elizabeth,"ELIZABETH via Clairton, South Hills",7,8f227202-6193-483a-b11f-6a8c58adca99,16506.2
46L,46L,A,Elizabeth,"ELIZABETH via Clairton, South Hills",8,c72e7a78-e833-44b5-a647-540ed722969e,20100.8
46L,46L,A,Elizabeth,"ELIZABETH via Clairton, South Hills",9,9bef928d-cf5d-4c75-a6d4-e680b9c995a1,15452.8
46L,46L,A,Elizabeth,"ELIZABETH via Clairton, South Hills",10,584c43c9-2ccc-443a-a7d7-173ed0644512,10255.4
46L,46L,A,Elizabeth,"ELIZABETH via Clairton, South Hills",11,47ff4298-7b84-4a69-a924-c76c52955537,632.2
46L,46L,A,Elizabeth,"ELIZABETH via Clairton, South Hills",12,891b3ee6-8fdc-4caf-8034-9433c23418f3,1231.6
46L,46L,A,Elizabeth,"ELIZABETH via Clairton, South Hills",13,51896391-70d2-4c8c-bc4d-cab710b81438,23124.5
46L,46L,A,Elizabeth,"ELIZABETH via Clairton, South Hills",14,d5396511-e0eb-4d95-9209-39bf19f446ae,7045.9
46L,46L,A,Elizabeth,"ELIZABETH via Clairton, South Hills",15,213d4f54-004d-4c44-899d-f5e84009ac1c,27738.2
46L,46L,A,Elizabeth,"ELIZABETH via Clairton, South Hills",16,8ab012ca-54fc-49af-a771-4caaecb7de74,14730.1
46L,46L,A,Elizabeth,"ELIZABETH via Clairton, South Hills",17,31dc3ade-0ded-43f6-8be3-497d0568997c,28493.6
46L,46L,A,Elizabeth,"ELIZABETH via Clairton, South Hills",18,175d765b-b91d-490e-af7c-bea5de61b9f9,14314.2
46L,46L,A,Elizabeth,"ELIZABETH via Clairton, South Hills",19,1c699ff8-a09c-4888-8bd3-e75004b1c64c,8580.5
46L,46L,A,Elizabeth,"ELIZABETH via Clairton, South Hills",20,674971e1-150f-4165-bd23-1fcad6d1f478,12278.3
46L,46L,A,Elizabeth,"ELIZABETH via Clairton, South Hills",21,508c0278-c2d6-468e-bacf-f0ecfdddf0dc,7668.5
46L,46L,A,Elizabeth,"ELIZABETH via Clairton, South Hills",22,e38692e3-ab04-4e7f-ac26-533fac6df430,18934.7
46L,46L,A,Elizabeth,"ELIZABETH via Clairton, South Hills",23,55385d9c-6496-4a80-9d68-69caabe3bfcf,5598.3
46L,46L,A,Elizabeth,"ELIZABETH via Clairton, South Hills",24,5cf969d7-2017-4000-b431-a7f83f7a9056,13090.9
46L,46L,A,Elizabeth,"ELIZABETH via Clairton, South Hills",25,37215d5a-01fb-47aa-864b-c53c22e48580,8190.9
46L,46L,A,Elizabeth,"ELIZABETH via Clairton, South Hills",26,e8bf43da-63b3-46a6-96e0-01b89c927785,1722.7
46L,46L,A,Elizabeth,"ELIZABETH via Clairton, South Hills",27,f39b800a-d20b-493d-8fb0-33ecdb770189,29867.6
46L,46L,A,Elizabeth,"ELIZABETH via Clairton, South Hills",28,d1331935-812e-4840-b2d2-5a23b0bdc1a4,16840.9
46L,46L,A,Elizabeth,"ELIZABETH via Clairton, South Hills",29,4f9e4172-e883-43fd-871c-01b62227ee68,35681.2
46L,46L,A,Elizabeth,"ELIZABETH via Clairton, South Hills",30,e1b0a20e-eb2f-4d2d-9299-6756f29fce18,26378.8
46L,46L,A,Elizabeth,"ELIZABETH via Clairton, South Hills",31,7e1c49c9-4b4c-42c3-900b-e9a94b106c51,4409.6
46L,46L,A,Elizabeth,"ELIZABETH via Clairton, South Hills",32,825c73d0-273e-4204-8f53-a5c7c6180fd3,17996.7
46L,46L,A,Elizabeth,"ELIZABETH via Clairton, South Hills",33,7dbbb933-4eb5-4c5d-82c5-a4242dbc3e77,13868.1
46L,46L,A,Elizabeth,"ELIZABETH via Clairton, South Hills",34,db69064a-5b92-4368-998c-8edced215355,30367.8
46L,46L,A,Elizabeth,"ELIZABETH via Clairton, South Hills",35,1ed180c4-44e1-46b1-8c03-63b6695a0641,29999.6
46L,46L,A,Elizabeth,"ELIZABETH via Clairton, South Hills",36,6db297dd-b266-49f5-9734-766927ff97b7,6446.4
46L,46L,A,Elizabeth,"ELIZABETH via Clairton, South Hills",37,be926563-8cad-42b8-bdf7-58fd50fd5640,13222.8
46L,46L,A,Elizabeth,"ELIZABETH via Clairton, South Hills",38,d77dbaa5-b5a6-48ac-9e60-d3b62509ce46,31423.2
46L,46L,A,Elizabeth,"ELIZABETH via Clairton, South Hills",39,6cbfcff8-be4d-415e-9bb1-c9dc658d919a,11681.1
46L,46L,A,Elizabeth,"ELIZABETH via Clairton, South Hills",40,02740f4f-e7eb-418c-91ff-b4c730a4d7ec,22014.8
46L,46L,A,Elizabeth,"ELIZABETH via Clairton, South Hills",41,192190cc-fa73-4112-935e-2c4127693db3,6800.2
46L,46L,A,Elizabeth,"ELIZABETH via Clairton, South Hills",42,121ae92d-ea34-4e18-9859-247d04382601,27553.8
46L,46L,A,Elizabeth,"ELIZABETH via Clairton, South Hills",43,26c396f8-086a-42be-ae67-f7a69fadab81,31208.3
46L,46L,A,Elizabeth,"ELIZABETH via Clairton, South Hills",44,a58f79c5-e0b8-45d7-85a3-4a252bb94f83,21373.1
46L,46L,A,Elizabeth,"ELIZABETH via Clairton, South Hills",45,bfb8b6dc-24c0-471f-b260-4e3ac14aa069,28226.9
46L,46L,A,Elizabeth,"ELIZABETH via Clairton, South Hills",46,f9bc62d7-953d-46f6-99ee-8a305aa60927,23984.1
46L,46L,A,Elizabeth,"ELIZABETH via Clairton, South Hills",47,9e3696cd-113d-4282-8ec7-f875b8a1fe9f,32093.6
46L,46L,A,Elizabeth,"ELIZABETH via Clairton, South Hills",48,b8328dda-8d0b-4af4-a352-99d3cfd947eb,25224.2
46L,46L,A,Elizabeth,"ELIZABETH via Clairton, South Hills",49,69f2b910-801c-405c-b4a1-b4f32a2569d8,15927.9
46L,46L,A,Elizabeth,"ELIZABETH via Clairton, South Hills",50,60347db9-37be-47db-bdb3-32503ac38295,31028.4
46L,46L,A,Elizabeth,"ELIZABETH via Clairton, South Hills",51,7554395f-bc41-40d0-a52e-8878e3012d0e,1055.6
46L,46L,A,Elizabeth,"ELIZABETH via Clairton, South Hills",52,7c61f653-37c2-4a99-86b4-713b4d64c6f8,26827.6
46L,46L,A,Elizabeth,"ELIZABETH via Clairton, South Hills",53,2808a5f1-99d4-4403-a35e-704aa3f30f78,12995.5
46L,46L,A,Elizabeth,"ELIZABETH via Clairton, South Hills",54,6b2825b0-1c79-4ed1-8efa-1e2c28fa9343,14582.1
46L,46L,A,Elizabeth,"ELIZABETH via Clairton, South Hills",55,3979869d-e8fb-4215-8f87-e8aeb9511485,21125.9
46L,46L,A,Elizabeth,"ELIZABETH via Clairton, South Hills",56,548eb2ad-45a4-4d8b-8a68-90e465bfddaa,19700.8
46L,46L,A,Elizabeth,"ELIZABETH via Clairton, South Hills",57,3eb04020-c461-492a-8a6c-58a20d9cadb1,8836.0
46L,46L,A,Elizabeth,"ELIZABETH via Clairton, South Hills",58,a6220558-0fa5-47b0-ad03-7ba54f091535,22529.2
46L,46L,A,Elizabeth,"ELIZABETH via Clairton, South Hills",59,26d745f7-4e8d-43b1-8a85-56c38d5afa1e,17207.0
46L,46L,A,Elizabeth,"ELIZABETH via Clairton, South Hills",60,c4fd4dc1-5d75-4284-8c3e-0cd11a783ead,9900.9
46L,46L,A,Elizabeth,"ELIZABETH via Clairton, South Hills",61,023db85a-d7c7-41ac-b7cc-8ca6b291fbe9,13636.4
46L,46L,A,Elizabeth,"ELIZABETH via Clairton, South Hills",62,305e12af-64b0-4ac6-ac4c-428c1dc9fd9c,2.1
46L,46L,A,Elizabeth,"ELIZABETH via Clairton, South Hills",63,1d71bcad-6022-43fd-ae5b-fb9d08c9af33,3101.0
46L,46L,A,Elizabeth,"ELIZABETH via Clairton, South Hills",64,4eadb2fe-a6a8-4015-9a9a-98837e9d8fb8,814.9
46L,46L,A,Elizabeth,"ELIZABETH via Clairton, South Hills",65,027a2d07-dee9-4671-b63d-7282b8a88e10,276.4
46L,46L,A,Elizabeth,"ELIZABETH via Clairton, South Hills",66,2c970da0-8e3a-4f92-8368-568dd1aebef7,15088.7
46L,46L,A,Elizabeth,"ELIZABETH via Clairton, South Hills",67,34379ca0-1cb0-4691-a8b9-52fc55f5968f,29106.6
46L,46L,A,Elizabeth,"ELIZABETH via Clairton, South Hills",68,6449e9c1-e604-426d-a9ea-17446614ab7c,29208.0
46L,46L,A,Elizabeth,"ELIZABETH via Clairton, South Hills",69,298ca950-5108-42f7-88a7-5708999d23ef,18463.4
46L,46L,A,Elizabeth,"ELIZABETH via Clairton, South Hills",70,047b565c-810d-4de2-adbd-2fcce2b19ef8,19304.4
46L,46L,A,Elizabeth,"ELIZABETH via Clairton, South Hills",71,448a16cb-be53-4e49-b770-4f7a162d5afa,12610.0
46L,46L,A,Elizabeth,"ELIZABETH via Clairton, South Hills",72,480ac42a-6030-42e0-9bfd-055465a8e63d,27059.2
46L,46L,A,Elizabeth,"ELIZABETH via Clairton, South Hills",73,54d0219a-6712-4dc8-a558-ec03777262da,25995.2
46L,46L,A,Elizabeth,"ELIZABETH via Clairton, South Hills",74,dd152f04-d876-410f-93ad-2ecdaa630f6b,3830.4
46L,46L,A,Elizabeth,"ELIZABETH via Clairton, South Hills",75,3a7607fd-d314-4385-bea9-04c98e33a5a5,31535.8
46L,46L,A,Elizabeth,"ELIZABETH via Clairton, South Hills",76,f3a707ce-d179-4af3-9db4-b91349465ae2,7360.0
46L,46L,A,Elizabeth,"ELIZABETH via Clairton, South Hills",77,4ffd9612-a5f2-4f7b-9602-c50323a2c0c3,27934.8
46L,46L,A,Elizabeth,"ELIZABETH via Clairton, South Hills",78,b6fb842c-f852-42cb-a6b9-ab34fc760bc1,14053.8
46L,46L,A,Elizabeth,"ELIZABETH via Clairton, South Hills",79,e9b57fa8-e5b7-4659-8e73-1d420b402d81,28743.0
46L,46L,A,Elizabeth,"ELIZABETH via Clairton, South Hills",80,3a677829-444f-4d6a-b5c2-4aa259d53839,10765.2
46L,46L,A,Elizabeth,"ELIZABETH via Clairton, South Hills",81,8ad4ac81-38af-4406-8849-eb91688a2032,14503.9
46L,46L,A,Elizabeth,"ELIZABETH via Clairton, South Hills",82,1331dd70-3ce8-4fbf-b230-c36710ed5802,10453.8
46L,46L,A,Elizabeth,"ELIZABETH via Clairton, South Hills",83,c4741313-d396-4fb3-82f3-8929cf3cb454,12789.3
46L,46L,A,Elizabeth,"ELIZABETH via Clairton, South Hills",84,ce40c7f1-f4f7-4e5f-a403-9871266b5371,24281.4
80X,80X,A,Downtown,"DOWNTOWN via Point Breeze, Oakland",1,7a1eb1f7-4b28-4f3c-912f-fb5c682ebb33,2229.0
80X,80X,A,Downtown,"DOWNTOWN via Point Breeze, Oakland",2,5d2d1937-f4a6-4c15-b3de-f759736f46dc,9605.6
80X,80X,A,Downtown,"DOWNTOWN via Point Breeze, Oakland",3,48fa8e30-bf24-4805-8ec4-60acfb9c6a4e,8403.9
80X,80X,A,Downtown,"DOWNTOWN via Point Breeze, Oakland",4,01f9b8ad-e050-43a4-b860-e6342d5ff2b3,0.2
80X,80X,A,Downtown,"DOWNTOWN via Point Breeze, Oakland",5,5a4b5ed6-b17a-425e-9f65-1ebdd1fdac0e,7653.1
80X,80X,A,Downtown,"DOWNTOWN via Point Breeze, Oakland",6,90bb5b4b-92cb-41ce-b42b-c54d4f5af33f,9854.9
80X,80X,A,Downtown,"DOWNTOWN via Point Breeze, Oakland",7,02a34539-ce5c-4efd-b877-ac59d6f8859c,4464.4
80X,80X,A,Downtown,"DOWNTOWN via Point Breeze, Oakland",8,cf30413a-e079-44cc-9619-06a73da7c5a2,9210.0
80X,80X,A,Downtown,"DOWNTOWN via Point Breeze, Oakland",9,4f21a1b7-ee54-4263-851a-3a0cd7dfe349,3887.7
80X,80X,A,Downtown,"DOWNTOWN via Point Breeze, Oakland",10,8b0bdb45-1663-4795-9e82-8420694a65e3,4146.1
80X,80X,A,Downtown,"DOWNTOWN via Point Breeze, Oakland",11,07667514-0c28-426d-8d2e-5f76d302356a,2917.1
80X,80X,A,Downtown,"DOWNTOWN via Point Breeze, Oakland",12,f76af573-ca2e-4782-b655-e6d5a84dd2ce,1901.0
80X,80X,A,Downtown,"DOWNTOWN via Point Breeze, Oakland",13,1e21d6e4-0bea-43c4-a0b3-420a5845b2be,3532.2
80X,80X,A,Downtown,"DOWNTOWN via Point Breeze, Oakland",14,7b472776-9112-47d0-9b64-056b2bb2589e,2517.5
80X,80X,A,Downtown,"DOWNTOWN via Point Breeze, Oakland",15,fbd2dba8-ac64-423c-94f0-46ec8e828b19,606.0
80X,80X,A,Downtown,"DOWNTOWN via Point Breeze, Oakland",16,742a62cd-9762-4473-b12a-8665f990d97c,5151.9
80X,80X,A,Downtown,"DOWNTOWN via Point Breeze, Oakland",17,6257f698-013c-4bee-a70e-65377f5ef62f,3617.1
80X,80X,A,Downtown,"DOWNTOWN via Point Breeze, Oakland",18,20f7a302-e39c-48b4-9ff0-7accfb802198,4358.0
80X,80X,A,Downtown,"DOWNTOWN via Point Breeze, Oakland",19,cc05ae79-f101-428b-99da-f243b407be31,4827.9
80X,80X,A,Downtown,"DOWNTOWN via Point Breeze, Oakland",20,0d8364ce-ffbe-4e43-a629-e7f863e3509f,974.2
80X,80X,A,Downtown,"DOWNTOWN via Point Breeze, Oakland",21,2107d7fa-956c-4259-995d-e6c0e1a1b9d2,3161.0
80X,80X,A,Downtown,"DOWNTOWN via Point Breeze, Oakland",22,af64c338-7ead-44f2-8110-b608a5674a48,8081.8
80X,80X,A,Downtown,"DOWNTOWN via Point Breeze, Oakland",23,68eb6bb3-cd8f-4714-adac-47f2b3b04144,82.1
80X,80X,A,Downtown,"DOWNTOWN via Point Breeze, Oakland",24,2bb66cb3-fbb0-4d2b-9876-225dd481051f,6885.6
80X,80X,A,Downtown,"DOWNTOWN via Point Breeze, Oakland",25,9a181d2f-b436-4ed9-8270-6061db6aba34,8716.8
80X,80X,A,Downtown,"DOWNTOWN via Point Breeze, Oakland",26,d101f86f-06cf-4eaf-88c0-8a082166e849,5837.1
80X,80X,A,Downtown,"DOWNTOWN via Point Breeze, Oakland",27,613a3875-6c70-476b-b65f-378497702f43,5582.2
80X,80X,A,Downtown,"DOWNTOWN via Point Breeze, Oakland",28,0d8e1e42-9bb6-41fd-b654-a3ff18b26581,2735.7
80X,80X,A,Downtown,"DOWNTOWN via Point Breeze, Oakland",29,9a6bf9fc-4ce8-4060-ba82-22882105aa78,2367.6
80X,80X,A,Downtown,"DOWNTOWN via Point Breeze, Oakland",30,7ec3f942-0223-47ff-86d1-5f2172e1b514,4621.2
80X,80X,A,Downtown,"DOWNTOWN via Point Breeze, Oakland",31,5f5e3c4f-d990-42ba-a3c0-ca127e6c31e0,1619.0
80X,80X,A,Downtown,"DOWNTOWN via Point Breeze, Oakland",32,5c3e99d4-777c-4a1f-9689-4cdb9fdaff4a,1219.4
80X,80X,A,Downtown,"DOWNTOWN via Point Breeze, Oakland",33,02f6326c-e983-4a9d-9d48-5b9a1c9bfdfd,10257.2
80X,80X,A,Downtown,"DOWNTOWN via Point Breeze, Oakland",34,6f0f13c8-d8e0-49da-b5e5-ad24d8c2c3d5,6203.7
80X,80X,A,Downtown,"DOWNTOWN via Point Breeze, Oakland",35,4b91b81d-6d76-4995-9b81-002eead090dc,3324.4
80X,80X,A,Point Breeze,"WILKINSBURG via Point Breeze, Oakland",1,3df082c4-f901-4026-b90a-204fff996655,8650.9
80X,80X,A,Point Breeze,"WILKINSBURG via Point Breeze, Oakland",2,94eaebc6-e86d-4514-9aa4-2865c40ab5e0,5893.8
80X,80X,A,Point Breeze,"WILKINSBURG via Point Breeze, Oakland",3,3664bb2c-178f-4fe7-ad06-686e2fb06e12,5402.5
80X,80X,A,Point Breeze,"WILKINSBURG via Point Breeze, Oakland",4,d7f3d3f0-1cc2-4fbf-9268-a9e03a629d48,1474.1
80X,80X,A,Point Breeze,"WILKINSBURG via Point Breeze, Oakland",5,0f6635a0-44c3-4574-b45d-9edf39bf4414,6118.6
80X,80X,A,Point Breeze,"WILKINSBURG via Point Breeze, Oakland",6,195d60da-d162-4e00-b6a1-88cda1d58281,10863.7
80X,80X,A,Point Breeze,"WILKINSBURG via Point Breeze, Oakland",7,3b5de7d3-515e-481c-b162-6f368fa8299d,8324.7
80X,80X,A,Point Breeze,"WILKINSBURG via Point Breeze, Oakland",8,75ff3f0f-176e-4aa2-a5ab-a7d2af90fe6e,6365.3
80X,80X,A,Point Breeze,"WILKINSBURG via Point Breeze, Oakland",9,6455c08b-b3f2-4f91-b794-02e6c8be6c19,9703.1
80X,80X,A,Point Breeze,"WILKINSBURG via Point Breeze, Oakland",10,47e21b3a-2b96-4c48-a1eb-7722f1803e19,7691.3
80X,80X,A,Point Breeze,"WILKINSBURG via Point Breeze, Oakland",11,b05f82fb-e715-41e0-8efe-aad7a813ef85,8497.4
80X,80X,A,Point Breeze,"WILKINSBURG via Point Breeze, Oakland",12,e78250d1-d469-48de-b6e0-3736e96b9c37,9025.1
80X,80X,A,Point Breeze,"WILKINSBURG via Point Breeze, Oakland",13,5e2746ba-05ee-4a38-8a94-ac6ff05a7037,10804.0
80X,80X,A,Point Breeze,"WILKINSBURG via Point Breeze, Oakland",14,197c847f-5e8b-4998-b307-4a31a5feaa73,10216.6
80X,80X,A,Point Breeze,"WILKINSBURG via Point Breeze, Oakland",15,02f6326c-e983-4a9d-9d48-5b9a1c9bfdfd,0
80X,80X,A,Point Breeze,"WILKINSBURG via Point Breeze, Oakland",16,dece1cb3-8100-478a-b5ac-e52006b10959,9850.9
80X,80X,A,Point Breeze,"WILKINSBURG via Point Breeze, Oakland",17,68e9b48b-1704-4d93-a584-1a264a0915bd,8840.7
80X,80X,A,Point Breeze,"WILKINSBURG via Point Breeze, Oakland",18,0bd565c9-e9e2-4f26-8062-22abb0b010e3,7340.0
80X,80X,A,Point Breeze,"WILKINSBURG via Point Breeze, Oakland",19,b7b04ffc-b645-4286-be00-0a0b83d53336,2296.6
80X,80X,A,Point Breeze,"WILKINSBURG via Point Breeze, Oakland",20,87987165-bfcb-4b91-9246-f684e915d125,2566.9
80X,80X,A,Point Breeze,"WILKINSBURG via Point Breeze, Oakland",21,7947c8cb-7995-4e78-9502-25f94be193dd,7068.8
80X,80X,A,Point Breeze,"WILKINSBURG via Point Breeze, Oakland",22,9bba82c4-35ff-42c1-9b00-255add9d572b,3964.7
80X,80X,A,Point Breeze,"WILKINSBURG via Point Breeze, Oakland",23,a710968f-c942-428a-b389-a11181455d0a,6589.5
80X,80X,A,Point Breeze,"WILKINSBURG via Point Breeze, Oakland",24,cd523f28-437d-43bf-b61f-8bf943a65e0d,9313.1
80X,80X,A,Point Breeze,"WILKINSBURG via Point Breeze, Oakland",25,36645177-0dca-4bb7-bccb-c0004f0bb3a4,4908.4
80X,80X,A,Point Breeze,"WILKINSBURG via Point Breeze, Oakland",26,f6e997e2-5617-46d4-869e-93b38baa3b61,7514.1
80X,80X,A,Point Breeze,"WILKINSBURG via Point Breeze, Oakland",27,78741857-6ec3-4af8-80d3-a7440a94824d,6804.7
80X,80X,A,Point Breeze,"WILKINSBURG via Point Breeze, Oakland",28,8878eb8b-3777-40d4-8ce7-0928531a78f5,8039.4
80X,80X,A,Point Breeze,"WILKINSBURG via Point Breeze, Oakland",29,1d1152b1-7119-4919-b945-aeceabc08228,9542.9
80X,80X,A,Point Breeze,"WILKINSBURG via Point Breeze, Oakland",30,22993ee6-5609-4892-967a-008a70775df4,4729.9
80X,80X,A,Point Breeze,"WILKINSBURG via Point Breeze, Oakland",31,87b8be82-3a6a-40c4-88a9-5b5a5a8d4d21,315.1
80X,80X,A,Point Breeze,"WILKINSBURG via Point Breeze, Oakland",32,7973de10-a676-4a96-8a4b-e94a417dbbe2,7861.5
80X,80X,A,Point Breeze,"WILKINSBURG via Point Breeze, Oakland",33,4ac89d96-5f73-422b-b7b5-eae801139f6b,818.0
80X,80X,A,Point Breeze,"WILKINSBURG via Point Breeze, Oakland",34,d45235ca-c669-493a-8761-8c81bf81786d,4366.3
80X,80X,A,Point Breeze,"WILKINSBURG via Point Breeze, Oakland",35,e1969cee-6ca1-4175-b696-a255dcae4d74,10534.5
80X,80X,A,Point Breeze,"WILKINSBURG via Point Breeze, Oakland",36,ae5431af-f369-4193-9546-d0824d0d2fcd,9210.3
80X,80X,A,Point Breeze,"WILKINSBURG via Point Breeze, Oakland",37,0a760980-8125-4524-b959-458c12de17b9,10695.2
80X,80X,A,Point Breeze,"WILKINSBURG via Point Breeze, Oakland",38,6b8239a1-f254-4897-acc7-869fb714c343,1948.0
1L,1L,A,Downtown,DOWNTOWN,1,85752f82-b68b-4b5d-be6c-6dfdd7b32c12,3836.1
1L,1L,A,Downtown,DOWNTOWN,2,d9034241-432f-4791-832c-96d8a890c28d,14692.9
1L,1L,A,Downtown,DOWNTOWN,3,a0a02fa9-e11d-4254-ae51-9c7f937f9e4c,35752.0
1L,1L,A,Downtown,DOWNTOWN,4,53e652ec-3eef-461d-a8f6-c76bfa196efa,24914.4
1L,1L,A,Downtown,DOWNTOWN,5,f728e0ef-f1e4-442a-bef6-c10466b6cd85,25917.0
1L,1L,A,Downtown,DOWNTOWN,6,6f64f73a-b932-4582-b7eb-ac02001fdfd5,13852.1
1L,1L,A,Downtown,DOWNTOWN,7,be7d5429-0568-4fc6-8a4d-cb601687b495,5805.7
1L,1L,A,Downtown,DOWNTOWN,8,68305c53-bac3-487a-a34a-2e7faf8695ea,27195.4
1L,1L,A,Downtown,DOWNTOWN,9,5f59274f-c793-4b0d-84f5-5320207264d1,4800.7
1L,1L,A,Downtown,DOWNTOWN,10,6b1a1f3a-a193-42dc-9021-3779212cb8c3,1007.9
1L,1L,A,Downtown,DOWNTOWN,11,9fb74903-b24f-47c6-b106-ee1c40fa04b8,13669.6
1L,1L,A,Downtown,DOWNTOWN,12,2b9f3154-ca1d-4599-9a02-df3009ce486d,26274.3
1L,1L,A,Downtown,DOWNTOWN,13,402308c6-a27e-480a-935f-af4c18404e53,23141.7
1L,1L,A,Downtown,DOWNTOWN,14,9a849b5d-24b7-4265-833c-360ae32a387b,2629.4
1L,1L,A,Downtown,DOWNTOWN,15,eec01fc0-d438-49f3-b413-38fec0a6645a,24056.6
1L,1L,A,Downtown,DOWNTOWN,16,195d60da-d162-4e00-b6a1-88cda1d58281,33639.8
1L,1L,A,Downtown,DOWNTOWN,17,480e2a61-5429-4d85-b20d-174c05be634d,14011.7
1L,1L,A,Downtown,DOWNTOWN,18,68ec3f92-54bb-48a8-87e3-5e76ea7e1c89,33195.0
1L,1L,A,Downtown,DOWNTOWN,19,87f6e5fb-35f1-494c-89e5-1ad8297d9f21,27816.6
1L,1L,A,Downtown,DOWNTOWN,20,47ff4298-7b84-4a69-a924-c76c52955537,42439.5
1L,1L,A,Downtown,DOWNTOWN,21,d8b4823e-4de0-4a05-a696-d09687002ffd,27661.0
1L,1L,A,Downtown,DOWNTOWN,22,35ec932f-a089-4a30-9e57-df692818c68a,6850.2
1L,1L,A,Downtown,DOWNTOWN,23,3d2f01b0-5ba2-4632-b924-a17fe51df078,11296.6
1L,1L,A,Downtown,DOWNTOWN,24,e60cfbbc-acc8-4f14-82d5-f5b4cdabd834,14264.0
1L,1L,A,Downtown,DOWNTOWN,25,bd67dc9a-072e-4b0c-8b93-71390e757942,736.0
1L,1L,A,Downtown,DOWNTOWN,26,da528496-f6f3-4f58-851c-3dbeaeeb2466,26498.9
1L,1L,A,Downtown,DOWNTOWN,27,c5b10ab3-b0c7-45a8-b949-4aa404e78986,25419.3
1L,1L,A,Downtown,DOWNTOWN,28,606678af-8bb1-48e5-abef-67e5e44ac32d,11891.5
1L,1L,A,Downtown,DOWNTOWN,29,7531397d-f6f0-4bef-9f4b-4ba61db0e729,23560.6
1L,1L,A,Downtown,DOWNTOWN,30,3bfdc86f-14c1-4b35-aefa-69b514747cb6,23769.1
1L,1L,A,Downtown,DOWNTOWN,31,027a2d07-dee9-4671-b63d-7282b8a88e10,42083.7
1L,1L,A,Downtown,DOWNTOWN,32,0955af6f-aeda-42f7-b092-f46e19ee4ff2,39051.5
1L,1L,A,Downtown,DOWNTOWN,33,9e963a9c-0f5c-4c3e-a01d-294114879d1d,28254.6
1L,1L,A,Downtown,DOWNTOWN,34,462fc539-6013-41ef-9521-0e1fa9ea002b,11765.7
1L,1L,A,Downtown,DOWNTOWN,35,3f328547-8590-41c6-afda-11280c010e5c,14857.3
1L,1L,A,Downtown,DOWNTOWN,36,6c8dd125-3c0b-4c18-8570-dce01608030b,18341.9
1L,1L,A,Downtown,DOWNTOWN,37,9e8aaf46-1ab6-49b8-bce5-18c5bfa66609,342.2
1L,1L,A,Downtown,DOWNTOWN,38,6e9fcde7-7c56-4c8a-8ac4-59b6c55b6874,15638.4
1L,1L,A,Downtown,DOWNTOWN,39,8385fa62-19ef-4d82-a6d8-e3df43d715ad,19319.4
1L,1L,A,Downtown,DOWNTOWN,40,06961660-1798-4286-9914-8aed0e42c4b9,5309.8
1L,1L,A,Downtown,DOWNTOWN,41,d1692c63-9345-4f88-86a2-37f02b2c0525,0.3
1L,1L,A,Downtown,DOWNTOWN,42,f7c9ee1c-91a5-44a3-894d-846211a676f3,34857.7
1L,1L,A,Downtown,DOWNTOWN,43,dde78460-2b98-4130-88fc-e26e15eb7c52,2010.8
1L,1L,A,Downtown,DOWNTOWN,44,5dd2ee6b-d21f-42b6-b4cc-cec8c75bda1f,2818.1
1L,1L,A,Downtown,DOWNTOWN,45,eebfd186-044d-46c4-a34f-973dc486c9f5,16769.9
1L,1L,A,Downtown,DOWNTOWN,46,d06a24e3-a4b2-4d0f-b367-20db8d4860e8,12184.8
1L,1L,A,Downtown,DOWNTOWN,47,12292146-6a74-425f-b8c7-3a9b195ed6fd,27336.0
1L,1L,A,Downtown,DOWNTOWN,48,dab9aef4-5229-47a2-ac72-a690b67e868e,17406.9
1L,1L,A,Downtown,DOWNTOWN,49,cdee7f3e-eb1d-44e5-9218-5318ffa7a6c3,5189.4
1L,1L,A,Downtown,DOWNTOWN,50,e6db5567-3649-4c77-9ab7-5d2f365e91ea,28048.5
1L,1L,A,Downtown,DOWNTOWN,51,71302897-8907-49a6-8718-6f3cf614847c,3032.9
1L,1L,A,Downtown,DOWNTOWN,52,ce317b6f-e966-4eb9-9d19-b296445c1e7d,12687.7
1L,1L,A,Downtown,DOWNTOWN,53,7fb1c47a-54c8-4807-bdb1-abbe7c6e251b,27461.8
1L,1L,A,Downtown,DOWNTOWN,54,a6f9477e-2560-484d-a89b-7c0310548559,4598.7
1L,1L,A,Downtown,DOWNTOWN,55,4a4c949d-2397-4cf3-ae49-bab16f5a3f38,14486.0
1L,1L,A,Downtown,DOWNTOWN,56,377b5189-06cb-4056-88c3-dc67af82fd46,13066.8
1L,1L,A,Downtown,DOWNTOWN,57,3e2128be-5be8-4d48-812b-a0bcc856d104,17200.4
1L,1L,A,Downtown,DOWNTOWN,58,4b23f068-5bcd-4dab-993d-399b0620aa93,5053.0
1L,1L,A,Downtown,DOWNTOWN,59,af5264e1-bbea-48db-85f4-12c34c538de5,6048.3
1L,1L,A,Downtown,DOWNTOWN,60,241fe226-30fc-4a21-9922-7ddb2515adc5,13482.1
1L,1L,A,Downtown,DOWNTOWN,61,6eea085c-6e85-40a2-9834-37a656c3ee9f,17772.9
1L,1L,A,Downtown,DOWNTOWN,62,5cce00e4-4eb8-437e-a634-5af463c84d2f,15055.0
1L,1L,A,Downtown,DOWNTOWN,63,4ae65b76-de1b-4494-82bb-90d795b00801,6224.5
1L,1L,A,Downtown,DOWNTOWN,64,177fc1c9-3fe8-4bd0-8ce6-f12e8c44ffdc,42904.4
1L,1L,A,Downtown,DOWNTOWN,65,7a93251b-267d-47af-8bc3-bf8337293208,22846.7
1L,1L,A,Downtown,DOWNTOWN,66,bbea2e03-7f0d-4b60-8758-ad5818dbe9a6,1747.9
1L,1L,A,Downtown,DOWNTOWN,67,c21971d2-faa6-44ad-b209-4f85c940bf53,12543.4
1L,1L,A,Downtown,DOWNTOWN,68,113ca94b-7239-42db-8e8d-fb6bbc1e80e4,21834.2
1L,1L,A,Downtown,DOWNTOWN,69,04d9068d-a811-42c3-aaef-4c1f63378a15,22642.7
1L,1L,A,Downtown,DOWNTOWN,70,d6e320fb-1d61-415a-9610-efe465606405,2189.8
1L,1L,A,Downtown,DOWNTOWN,71,bca287e1-4dff-46c5-b305-0c9f67412d9d,12378.9
1L,1L,A,Downtown,DOWNTOWN,72,8de3ba6e-723c-4fc9-a938-96f54a8b92e7,8429.7
1L,1L,A,Downtown,DOWNTOWN,73,8c32ae3c-4aba-4dfe-964d-b5546ef653ed,11989.7
1L,1L,A,Downtown,DOWNTOWN,74,8d3e4f1b-760e-4237-abc8-edad851beca6,31352.0
1L,1L,A,Downtown,DOWNTOWN,75,de0dd202-38f7-4747-ba8c-b8ad1b04cd03,33381.3
1L,1L,A,Downtown,DOWNTOWN,76,0d6e0844-6a15-4371-9ef8-049dde056ec1,15422.3
1L,1L,A,Downtown,DOWNTOWN,77,ad40745d-5eb7-4f44-81ce-e9d9e2f12174,9627.1
1L,1L,A,Downtown,DOWNTOWN,78,ceff10b6-0166-4d56-b526-5e1193735296,15204.2
1L,1L,A,Downtown,DOWNTOWN,79,74c46b44-2812-46d5-a890-48620c947914,25738.1
1L,1L,A,Downtown,DOWNTOWN,80,6671b001-6c13-4f02-88f0-a56b40aac334,22991.9
1L,1L,A,Downtown,DOWNTOWN,81,4eb3e90a-1e03-4e37-9626-ba857b381a75,19123.6
1L,1L,A,Downtown,DOWNTOWN,82,7a9c7219-af54-4347-8c87-83d7b590b200,25078.1
1L,1L,A,Downtown,DOWNTOWN,83,305e12af-64b0-4ac6-ac4c-428c1dc9fd9c,41809.4
1L,1L,A,Downtown,DOWNTOWN,84,9cbf7d66-d5a5-42dd-8825-f8e44cf8b47f,31832.2
1L,1L,A,Downtown,DOWNTOWN,85,606454bb-a531-4514-96c7-7be21295e1d8,23407.5
1L,1L,A,Downtown,DOWNTOWN,86,55f54722-0d5f-418a-aefa-422d523eef71,18586.8
1L,1L,A,Downtown,DOWNTOWN,87,71b54b31-de4a-46ec-8010-71c5c4b60bd7,26777.3
1L,1L,A,Downtown,DOWNTOWN,88,cb624dce-d12d-4171-ba85-f0c823247ec9,12932.2
1L,1L,A,Downtown,DOWNTOWN,89,6b5dbf59-455d-429b-8ea9-8c6e7a61e30e,19612.6
1L,1L,A,Downtown,DOWNTOWN,90,49f735a4-8562-4283-8d45-ab72ea93a40b,25307.9
1L,1L,A,Brackenridge,ALLEGHENY VALLEY,1,4a415924-01b0-4604-9a10-3ba877ad158e,6676.6
1L,1L,A,Brackenridge,ALLEGHENY VALLEY,2,2c695c01-3639-4886-8b89-d496a92fae41,13750
1L,1L,A,Brackenridge,ALLEGHENY VALLEY,3,a6b9de8e-7059-4552-b050-ddde305c0613,18966.0
1L,1L,A,Brackenridge,ALLEGHENY VALLEY,4,badf9b7e-5f8b-4bc3-8d7b-a836d7218ef6,28402.8
1L,1L,A,Brackenridge,ALLEGHENY VALLEY,5,1c401a6b-5978-4763-9578-9c81ca356ad7,38136.1
1L,1L,A,Brackenridge,ALLEGHENY VALLEY,6,f14e0a35-eea9-499e-90af-f7c3240609c8,23514.5
1L,1L,A,Brackenridge,ALLEGHENY VALLEY,7,9199c962-a0d0-4806-b04a-ae36a6c76e12,29969.5
1L,1L,A,Brackenridge,ALLEGHENY VALLEY,8,3bc8d807-0bf9-4f75-941b-e803c61e2f51,16140.1
1L,1L,A,Brackenridge,ALLEGHENY VALLEY,9,0ac36d1b-0048-4a3a-8365-c635fc98fda8,19466.1
1L,1L,A,Brackenridge,ALLEGHENY VALLEY,10,a28e4ddb-67c0-4088-80be-0b6bfc37842f,40107.5
1L,1L,A,Brackenridge,ALLEGHENY VALLEY,11,c8408a35-6320-4f7c-b949-eb9e2214732d,29315.3
1L,1L,A,Brackenridge,ALLEGHENY VALLEY,12,bd67dc9a-072e-4b0c-8b93-71390e757942,41957.8
1L,1L,A,Brackenridge,ALLEGHENY VALLEY,13,8689b3a3-8550-4168-9cb4-c2ce6e88429c,38982.7
1L,1L,A,Brackenridge,ALLEGHENY VALLEY,14,22860170-e482-445e-a4ee-3333a06eb87f,27591.0
1L,1L,A,Brackenridge,ALLEGHENY VALLEY,15,6b0ebe69-e4f9-415d-a62d-c9a2ff14ed3e,679.3
1L,1L,A,Brackenridge,ALLEGHENY VALLEY,16,ff92a7fe-feec-49fb-a5d9-8f75ac018640,34992.9
1L,1L,A,Brackenridge,ALLEGHENY VALLEY,17,8d60fe58-651c-4a9b-aa7f-a0016d6de894,17873.2
1L,1L,A,Brackenridge,ALLEGHENY VALLEY,18,c89f1a65-6344-45aa-be61-eb8ccb21c1e7,3349.7
1L,1L,A,Brackenridge,ALLEGHENY VALLEY,19,e3457687-fc68-4915-b38d-fe7278e3ffd2,16272.5
1L,1L,A,Brackenridge,ALLEGHENY VALLEY,20,6b53343c-f785-470f-8654-d1e117b8e4b2,28965.4
1L,1L,A,Brackenridge,ALLEGHENY VALLEY,21,a64c0808-40e8-48e4-8e9b-b72daa7d95fb,14354.5
1L,1L,A,Brackenridge,ALLEGHENY VALLEY,22,e31dc961-12d1-4461-98eb-e032ca575be6,16587.7
1L,1L,A,Brackenridge,ALLEGHENY VALLEY,23,967f8d10-7deb-4864-9b35-dfdb0a4f5cd3,36495.8
1L,1L,A,Brackenridge,ALLEGHENY VALLEY,24,4b3dd870-cbd8-4c55-9c6b-ffb7fbe978ba,27988.4
1L,1L,A,Brackenridge,ALLEGHENY VALLEY,25,22e473f8-d154-461b-919d-24871eb52bab,14095.5
1L,1L,A,Brackenridge,ALLEGHENY VALLEY,26,49348164-76ed-4e1d-b4a2-2e0f285c4c6a,18786.8
1L,1L,A,Brackenridge,ALLEGHENY VALLEY,27,0bacfc28-9ad9-4d35-a7dc-d058f8008223,24660.4
1L,1L,A,Brackenridge,ALLEGHENY VALLEY,28,d1692c63-9345-4f88-86a2-37f02b2c0525,41223.0
1L,1L,A,Brackenridge,ALLEGHENY VALLEY,29,356d5995-86fd-4ccd-9a55-5495f92f0ffb,36017.3
1L,1L,A,Brackenridge,ALLEGHENY VALLEY,30,01f9b8ad-e050-43a4-b860-e6342d5ff2b3,8790.0
1L,1L,A,Brackenridge,ALLEGHENY VALLEY,31,d79915a9-78d4-4430-a23b-809ec9bc262b,37240.3
1L,1L,A,Brackenridge,ALLEGHENY VALLEY,32,2cf9e8e3-cede-4c6b-9a57-1848747a713e,11042.6
1L,1L,A,Brackenridge,ALLEGHENY VALLEY,33,afc92e22-fa6c-4ae1-899f-2b3d16734bb8,29843.5
1L,1L,A,Brackenridge,ALLEGHENY VALLEY,34,f0644569-58be-493e-a366-8853a0960530,26402.5
1L,1L,A,Brackenridge,ALLEGHENY VALLEY,35,a43394de-770b-473a-91fd-cd57d7cbb986,16789.9
1L,1L,A,Brackenridge,ALLEGHENY VALLEY,36,ef25758b-3e25-4e6e-aa2d-ddffaa41f63e,15506.1
1L,1L,A,Brackenridge,ALLEGHENY VALLEY,37,8d00884a-1c8b-4a24-983b-9f486b8aa9fb,366.5
1L,1L,A,Brackenridge,ALLEGHENY VALLEY,38,9d75d58a-2317-4ca3-8be1-5cfcc9793219,39224.1
1L,1L,A,Brackenridge,ALLEGHENY VALLEY,39,b538fbee-84d3-465a-921d-9bb3517f2694,26795.8
1L,1L,A,Brackenridge,ALLEGHENY VALLEY,40,80bcb348-5835-499c-8d92-7f351983eb83,35781.8
1L,1L,A,Brackenridge,ALLEGHENY VALLEY,41,02eeb66b-541b-4f59-8e59-25fb05a4a6c9,40814.7
1L,1L,A,Brackenridge,ALLEGHENY VALLEY,42,177fc1c9-3fe8-4bd0-8ce6-f12e8c44ffdc,1.1
1L,1L,A,Brackenridge,ALLEGHENY VALLEY,43,b33c9396-8574-4b02-8c59-050e7381e8d6,16983.1
1L,1L,A,Brackenridge,ALLEGHENY VALLEY,44,64b8ad29-563f-4799-940a-bb02bcf6ed04,28754.2
1L,1L,A,Brackenridge,ALLEGHENY VALLEY,45,743b7d04-dfec-4c9f-9d59-0e8a4b53953c,29688.2
1L,1L,A,Brackenridge,ALLEGHENY VALLEY,46,6f13fca2-6636-4a24-b1db-14ce435ec6e5,24332.0
1L,1L,A,Brackenridge,ALLEGHENY VALLEY,47,a1d083c6-7591-499a-8b6d-102801771c89,20107.1
1L,1L,A,Brackenridge,ALLEGHENY VALLEY,48,2a7e553e-6ae9-4d87-96be-cf33d4ed0d67,28162.0
1L,1L,A,Brackenridge,ALLEGHENY VALLEY,49,7a05c7b8-e4ed-4c0a-913f-e1d15ad8d738,30597.2
1L,1L,A,Brackenridge,ALLEGHENY VALLEY,50,e2f03f78-a68c-460c-8770-875143b4a1df,37009.8
1L,1L,A,Brackenridge,ALLEGHENY VALLEY,51,dd385507-df3b-47a9-88ca-797c2f7fa654,25109.4
1L,1L,A,Brackenridge,ALLEGHENY VALLEY,52,8042116e-a581-47ca-877d-6caa8a88d342,29540.6
1L,1L,A,Brackenridge,ALLEGHENY VALLEY,53,64780cb7-d22e-496b-8d5a-a6628af38073,22364.0
1L,1L,A,Brackenridge,ALLEGHENY VALLEY,54,15fa76f0-93f1-4a59-90cd-6505774a1304,26201.2
1L,1L,A,Brackenridge,ALLEGHENY VALLEY,55,f6958db3-bf6f-452e-a0c4-6b6360c7528c,15284.1
1L,1L,A,Brackenridge,ALLEGHENY VALLEY,56,81d1b344-b77c-4d3b-ba07-c87c5a0fd105,38769.2
1L,1L,A,Brackenridge,ALLEGHENY VALLEY,57,9e8aaf46-1ab6-49b8-bce5-18c5bfa66609,41564.9
1L,1L,A,Brackenridge,ALLEGHENY VALLEY,58,7687b567-2b74-486f-a0e6-63c4ab93ffaf,22644.5
1L,1L,A,Brackenridge,ALLEGHENY VALLEY,59,2e792309-8781-4dd4-bc8c-05f917111c1f,27438.8
1L,1L,A,Brackenridge,ALLEGHENY VALLEY,60,d490ee80-5394-4252-9a13-ba14afa6a424,23255.4
1L,1L,A,Brackenridge,ALLEGHENY VALLEY,61,5c96d531-a1f2-4aa7-bdee-38107c644ebf,19708.7
1L,1L,A,Brackenridge,ALLEGHENY VALLEY,62,9b3e67b4-e449-4d79-813d-b0c2af0b105e,13925.8
1L,1L,A,Brackenridge,ALLEGHENY VALLEY,63,2441c28f-d824-4f85-ab01-5c1858465033,30115.6
1L,1L,A,Brackenridge,ALLEGHENY VALLEY,64,8de3ba6e-723c-4fc9-a938-96f54a8b92e7,33666.0
1L,1L,A,Brackenridge,ALLEGHENY VALLEY,65,38c39df5-eb5e-448c-9b2d-399b9fddf843,18557.3
1L,1L,A,Brackenridge,ALLEGHENY VALLEY,66,061a5162-d805-4d98-9b81-9efc158594d4,9021.0
1L,1L,A,Brackenridge,ALLEGHENY VALLEY,67,45de69de-0db5-4733-a2c5-d8914356491c,27830.0
1L,1L,A,Brackenridge,ALLEGHENY VALLEY,68,b839c5be-0bdd-4fb5-b815-0b4d2531d9b4,9205.7
1L,1L,A,Brackenridge,ALLEGHENY VALLEY,69,c90aa53d-fe66-4ce7-9a59-9cd15e95f920,29153.5
1L,1L,A,Brackenridge,ALLEGHENY VALLEY,70,dcee1e37-24a3-4d9d-a00b-c9f161cd2a05,28617.0
1L,1L,A,Brackenridge,ALLEGHENY VALLEY,71,194d6be9-d79e-42de-98aa-e881850a6382,19183.0
1L,1L,A,Brackenridge,ALLEGHENY VALLEY,72,fba02b19-3fc7-4d94-b142-5af9f329fa4c,27190.9
1L,1L,A,Brackenridge,ALLEGHENY VALLEY,73,5cac0d87-5014-4bef-a0b9-c15f2659b336,39808.2
1L,1L,A,Brackenridge,ALLEGHENY VALLEY,74,556989ec-1b01-42a0-9923-8f6c4258462d,36642.4
1L,1L,A,Brackenridge,ALLEGHENY VALLEY,75,c2170705-8451-451d-b005-9f6e5a611ec7,7545.1
1L,1L,A,Brackenridge,ALLEGHENY VALLEY,76,a372b91a-d3e8-4f46-938d-295c2e006c07,24421.4
1L,1L,A,Brackenridge,ALLEGHENY VALLEY,77,2d060ecc-87a1-467f-8020-712b778b5cf6,35605.5
1L,1L,A,Brackenridge,ALLEGHENY VALLEY,78,d9b234ec-d3ea-48df-ab7d-2e5fefcfb83a,26653.5
1L,1L,A,Brackenridge,ALLEGHENY VALLEY,79,29a14e64-0636-44b3-bc27-0db9bdf490bf,15937.5
1L,1L,A,Brackenridge,ALLEGHENY VALLEY,80,b7ac000f-76e5-41e1-a029-7fa0545c5779,39608.4
1L,1L,A,Brackenridge,ALLEGHENY VALLEY,81,5fc72e88-6e10-41d7-bf2c-1258dea876c6,26987.4
1L,1L,A,Brackenridge,ALLEGHENY VALLEY,82,b4a02a40-a6c6-4df1-b724-a49dfc73d85e,14815.1
1L,1L,A,Brackenridge,ALLEGHENY VALLEY,83,29914ff9-dfbb-4698-ba0d-c20a1e2ec9a2,15015.6
1L,1L,A,Brackenridge,ALLEGHENY VALLEY,84,cde63297-c32c-4a80-9301-9b97a524958b,36784.7
1L,1L,A,Brackenridge,ALLEGHENY VALLEY,85,621fc7ea-dd1e-4bd9-bdef-4b06103a6620,40434.9
1L,1L,A,Brackenridge,ALLEGHENY VALLEY,86,c5162269-7ed4-4cec-a99f-c724062a2045,19325.9
23L,23L,A,Downtown,"DOWNTOWN via Robinson, West Busway",1,843377d8-f959-4fec-a72e-0662b8fb71cb,4249.9
23L,23L,A,Downtown,"DOWNTOWN via Robinson, West Busway",2,bf1597a2-145b-4149-96ec-bd0270a9bb6a,2089.5
23L,23L,A,Downtown,"DOWNTOWN via Robinson, West Busway",3,2ff8cf0f-ea81-46f3-be0c-138ded01d404,2990.2
23L,23L,A,Downtown,"DOWNTOWN via Robinson, West Busway",4,187130b8-f356-426e-9a11-5deb680665b3,28997.4
23L,23L,A,Downtown,"DOWNTOWN via Robinson, West Busway",5,cc2f4949-0878-41eb-be2d-7c5536dfd663,241.1
23L,23L,A,Downtown,"DOWNTOWN via Robinson, West Busway",6,1d216d6f-9ec9-47c5-86c0-6183569f3b77,18933.2
23L,23L,A,Downtown,"DOWNTOWN via Robinson, West Busway",7,96f428b8-2c56-45ea-aa8d-75d882d48f8c,3425.2
23L,23L,A,Downtown,"DOWNTOWN via Robinson, West Busway",8,a2edd237-01d3-491a-979c-da8070e163df,21693.2
23L,23L,A,Downtown,"DOWNTOWN via Robinson, West Busway",9,0f20d099-2001-41d9-bebe-e348eca8a33f,29181.4
23L,23L,A,Downtown,"DOWNTOWN via Robinson, West Busway",10,56405429-566d-4ff8-8482-adc9802567e3,27352.5
23L,23L,A,Downtown,"DOWNTOWN via Robinson, West Busway",11,d7fe18e3-da18-44bf-b519-65b2890a450e,29490.1
23L,23L,A,Downtown,"DOWNTOWN via Robinson, West Busway",12,8528f2d5-a72b-42fc-90cd-1deaa81afec7,24239.3
23L,23L,A,Downtown,"DOWNTOWN via Robinson, West Busway",13,3fd9ff1d-6b17-4f35-a63e-e703308dbd6d,0
23L,23L,A,Downtown,"DOWNTOWN via Robinson, West Busway",14,e54c7462-2c08-448c-99e5-6d4cc7b8a1d3,27772.2
23L,23L,A,Downtown,"DOWNTOWN via Robinson, West Busway",15,5e9bb250-5751-40f3-a22b-01f9d0ddbe23,29725.3
23L,23L,A,Downtown,"DOWNTOWN via Robinson, West Busway",16,79c99224-022e-4e10-a5cf-7425b4b574c5,22612.3
23L,23L,A,Downtown,"DOWNTOWN via Robinson, West Busway",17,e564e6ce-b2f6-4681-930b-d4746e0b52a3,927.6
23L,23L,A,Downtown,"DOWNTOWN via Robinson, West Busway",18,254a7a35-6a70-4bef-9d71-dbd9733c299f,20522.3
23L,23L,A,Downtown,"DOWNTOWN via Robinson, West Busway",19,6b0ebe69-e4f9-415d-a62d-c9a2ff14ed3e,30219.6
23L,23L,A,Moon,"MOON via Robinson, West Busway",1,775e4056-ed7e-4fb7-a733-538365264f00,10088.8
23L,23L,A,Moon,"MOON via Robinson, West Busway",2,bc312b46-8375-41f3-b04d-cb4f7e4de087,3225.1
23L,23L,A,Moon,"MOON via Robinson, West Busway",3,305e12af-64b0-4ac6-ac4c-428c1dc9fd9c,3.8
23L,23L,A,Moon,"MOON via Robinson, West Busway",4,f391f646-9e01-449f-ac66-208f7d6a8c9f,30316.7
23L,23L,A,Moon,"MOON via Robinson, West Busway",5,c54aec51-74ca-4094-b833-5527b432880e,1236.5
23L,23L,A,Moon,"MOON via Robinson, West Busway",6,75cf59a2-9062-462b-81e4-873c78f17802,960.4
23L,23L,A,Moon,"MOON via Robinson, West Busway",7,d64e1df6-fa3e-4932-860d-9466dee6c496,6361.7
23L,23L,A,Moon,"MOON via Robinson, West Busway",8,cf30bdc2-9183-435b-b677-de3632adf47d,758.2
23L,23L,A,Moon,"MOON via Robinson, West Busway",9,3fd9ff1d-6b17-4f35-a63e-e703308dbd6d,30784.9
23L,23L,A,Moon,"MOON via Robinson, West Busway",10,ca6e4f18-03f5-4993-8662-657c9f0ef3a6,2815.3
23L,23L,A,Moon,"MOON via Robinson, West Busway",11,52430752-470a-4c6c-b47f-d40bdcaa2154,417.1
23L,23L,A,Moon,"MOON via Robinson, West Busway",12,a1c660a0-f07b-4dc5-9a88-955b4995946c,28501.5
23L,23L,A,Moon,"MOON via Robinson, West Busway",13,c9642b65-c67d-40db-ab32-d90ca2dc3acb,27612.2
23L,23L,A,Moon,"MOON via Robinson, West Busway",14,fe87f9a6-8ee9-4f31-951d-17ddf8d2e95c,8910.4
23L,23L,A,Moon,"MOON via Robinson, West Busway",15,1623af8d-a238-4fde-9ab5-2e24c9030017,29639.1
23L,23L,A,Moon,"MOON via Robinson, West Busway",16,a1b35aa9-7418-425a-b67e-e7f0fd8ffc03,11674.6
23L,23L,A,Moon,"MOON via Robinson, West Busway",17,09271d4f-6a16-497d-adf2-5ebaaf8e08ed,3952.7
23L,23L,A,Moon,"MOON via Robinson, West Busway",18,d6c07531-1421-427a-b481-0cd4f2e241d8,7995.8
23L,23L,A,Moon,"MOON via Robinson, West Busway",19,66dad252-b987-4081-85da-7cded845a508,26328.9
23L,23L,A,Moon,"MOON via Robinson, West Busway",20,54152366-ae16-45ca-ae51-2339689d0df0,27156.1
16,16,A,Downtown,DOWNTOWN via Brighton Rd,1,da64bc72-cb21-42ae-a495-4228b49e17be,2864.4
16,16,A,Downtown,DOWNTOWN via Brighton Rd,2,c677f48d-43f4-4962-a362-a8a443fbbf61,8209.1
16,16,A,Downtown,DOWNTOWN via Brighton Rd,3,03c54e81-a46d-4f87-84dc-55b43291548a,2044.4
16,16,A,Downtown,DOWNTOWN via Brighton Rd,4,57d565ef-b4c0-4b31-a94f-4b7549cb7dc2,9915.6
16,16,A,Downtown,DOWNTOWN via Brighton Rd,5,9269f227-93c8-4a03-8f5a-3431a0f052a5,2230.3
16,16,A,Downtown,DOWNTOWN via Brighton Rd,6,b936e45a-a6da-4bd5-a6b4-ace682586a54,5900.5
16,16,A,Downtown,DOWNTOWN via Brighton Rd,7,6e22724e-6030-4088-bd6b-27a46d693f2f,5132.8
16,16,A,Downtown,DOWNTOWN via Brighton Rd,8,d3125f5c-9873-49e1-a720-36324ef32ac8,11452.0
16,16,A,Downtown,DOWNTOWN via Brighton Rd,9,9592715d-94f5-4654-a487-42f725ad0b98,8723.6
16,16,A,Downtown,DOWNTOWN via Brighton Rd,10,9b2f776e-1866-4d90-8a47-122170398558,10130.0
16,16,A,Downtown,DOWNTOWN via Brighton Rd,11,fc0041a7-f798-4395-a361-5faa8768abb5,10438.2
16,16,A,Downtown,DOWNTOWN via Brighton Rd,12,360be229-f141-4aa9-a4b3-d528ddcfd04c,4781.9
16,16,A,Downtown,DOWNTOWN via Brighton Rd,13,72201c88-b289-4f52-b30c-5a27a1d9d5cd,952.6
16,16,A,Downtown,DOWNTOWN via Brighton Rd,14,7da41aea-873e-44d3-ae1b-060766fd00a8,10588.2
16,16,A,Downtown,DOWNTOWN via Brighton Rd,15,68ce5c79-4fa4-497a-ab94-0aa25251a2ae,6744.0
16,16,A,Downtown,DOWNTOWN via Brighton Rd,16,fe03a30c-5caa-4c10-b3b8-eb2ab9c4b2e4,4432.9
16,16,A,Downtown,DOWNTOWN via Brighton Rd,17,20505aab-394b-4e46-92b0-1876310bd61b,3550.9
16,16,A,Downtown,DOWNTOWN via Brighton Rd,18,c54aec51-74ca-4094-b833-5527b432880e,11828.2
16,16,A,Downtown,DOWNTOWN via Brighton Rd,19,f2164ebe-27f3-4e9d-ba57-53db7598443d,0
16,16,A,Downtown,DOWNTOWN via Brighton Rd,20,f925f332-5184-4e00-b00a-e4146c27c53d,1159.3
16,16,A,Downtown,DOWNTOWN via Brighton Rd,21,7374e3fa-93bd-4515-856e-68ee9ce194dc,3102.1
16,16,A,Downtown,DOWNTOWN via Brighton Rd,22,8fa719c3-8d6c-4c0d-aa47-b1aadc75fd07,7443.4
16,16,A,Downtown,DOWNTOWN via Brighton Rd,23,fb8c56aa-072b-4ae0-a7b1-5a29628e6347,3389.3
16,16,A,Downtown,DOWNTOWN via Brighton Rd,24,851c4d36-9322-4c64-b02a-dd6b2754a4ce,3795.4
16,16,A,Downtown,DOWNTOWN via Brighton Rd,25,e0e55bf1-6894-4bfb-85c1-d791194fe37c,7920.2
16,16,A,Downtown,DOWNTOWN via Brighton Rd,26,3435ae1d-b3f2-46fe-9d31-98efaf79d1f1,9654.5
16,16,A,Downtown,DOWNTOWN via Brighton Rd,27,f33e8b80-f706-4b0c-84ad-170e5c0714f2,6178.3
16,16,A,Downtown,DOWNTOWN via Brighton Rd,28,ee1c99eb-6ef6-4fa8-8131-d7918595b685,11213.7
16,16,A,Downtown,DOWNTOWN via Brighton Rd,29,f40bd0eb-04bc-4028-ba69-b32deab63ebb,9223.3
16,16,A,Downtown,DOWNTOWN via Brighton Rd,30,b6375732-13f8-4ec4-b337-3af1ec7fff58,2387.5
16,16,A,Downtown,DOWNTOWN via Brighton Rd,31,7e04135b-9c17-4fe4-abb5-687e81c5dd8e,9062.3
16,16,A,Downtown,DOWNTOWN via Brighton Rd,32,d0d93be1-4d2e-4a0d-8283-8bcd0011488f,5664.5
16,16,A,Downtown,DOWNTOWN via Brighton Rd,33,12f92f32-ce66-43a9-a2da-2f1ba3783fc6,6605.4
16,16,A,Downtown,DOWNTOWN via Brighton Rd,34,6fe05d9e-9877-46e0-8503-2c9da3fde567,9418.4
16,16,A,Downtown,DOWNTOWN via Brighton Rd,35,49bf3a85-e4eb-4fa7-b5a2-8f2aefd3d97a,125.5
16,16,A,Downtown,DOWNTOWN via Brighton Rd,36,87378bf1-7cde-4374-9500-da30b48b4d6c,4591.8
16,16,A,Downtown,DOWNTOWN via Brighton Rd,37,40dece5c-2348-4df8-92e8-4bb8a45dc239,6422.2
16,16,A,Downtown,DOWNTOWN via Brighton Rd,38,94cb0ef3-bf4b-4e6e-80eb-387ce68ca0f4,610.9
16,16,A,Downtown,DOWNTOWN via Brighton Rd,39,45f9673f-d3a5-4feb-9086-94e2281ed943,4068.5
16,16,A,Downtown,DOWNTOWN via Brighton Rd,40,810546e0-699b-4b7b-9b05-b353759a9610,7605.9
16,16,A,Downtown,DOWNTOWN via Brighton Rd,41,46f00c8c-5553-43fb-a8b2-1ffc8eff7c85,1698.9
16,16,A,Downtown,DOWNTOWN via Brighton Rd,42,29a64a20-ca81-4b68-9a57-f4b5ffb92da4,3957.9
16,16,A,Downtown,DOWNTOWN via Brighton Rd,43,c06d0c9c-116f-4d47-82bc-eb469236ec95,8597.1
16,16,A,Downtown,DOWNTOWN via Brighton Rd,44,cf4bf0d6-ae6f-44a4-87f7-2f43150e3c95,1338.7
16,16,A,Downtown,DOWNTOWN via Brighton Rd,45,ad538455-95e4-49a7-a52c-64cecefdccd3,8303.4
16,16,A,Downtown,DOWNTOWN via Brighton Rd,46,1b2871f2-e121-44e0-9dcd-7b6a8639cfe2,8094.0
16,16,A,Downtown,DOWNTOWN via Brighton Rd,47,4cf85fe9-01d3-4f3d-a383-c13b4bdc745d,302.4
16,16,A,Downtown,DOWNTOWN via Brighton Rd,48,ae881905-0088-4099-b897-7d44c83c99d3,1553.0
16,16,A,Downtown,DOWNTOWN via Brighton Rd,49,32a30b3b-afb4-404d-865c-1fc4a7e28c11,5499.5
16,16,A,Downtown,DOWNTOWN via Brighton Rd,50,16066f6f-5852-4417-aa55-6775132afba5,2624.3
16,16,A,Downtown,DOWNTOWN via Brighton Rd,51,2f18adb0-28dd-4607-b1e2-abaadf04a86d,7172.3
16,16,A,Avalon,EMSWORTH via Brighton Rd,1,f3c15bdc-fd95-4558-a271-4cd3794b5d89,4295.8
16,16,A,Avalon,EMSWORTH via Brighton Rd,2,0bb66420-3bfd-47f7-a014-b1f26c75f4bd,3881.1
16,16,A,Avalon,EMSWORTH via Brighton Rd,3,d3cfdc94-f8ca-4c9a-91ca-501b0175df1e,243.7
16,16,A,Avalon,EMSWORTH via Brighton Rd,4,6ff10e8c-e058-4523-bb3e-c1014a8dcbd6,5071.7
16,16,A,Avalon,EMSWORTH via Brighton Rd,5,ed362234-6c35-4b4b-a85e-ee4cb25fa470,3148.0
16,16,A,Avalon,EMSWORTH via Brighton Rd,6,ab4d6e79-1200-40d4-9db6-27fe30ef2e83,809.6
16,16,A,Avalon,EMSWORTH via Brighton Rd,7,463772b1-7d74-4fe9-901d-d72ac37bf776,3292.3
16,16,A,Avalon,EMSWORTH via Brighton Rd,8,22944307-6f47-4992-807e-d11ac383f15f,8507.8
16,16,A,Avalon,EMSWORTH via Brighton Rd,9,e138d450-637a-43f6-9c03-6114afa53be8,3441.7
16,16,A,Avalon,EMSWORTH via Brighton Rd,10,0fb7bcf0-5e1b-4593-898b-a555ae8fc9f5,9510.9
16,16,A,Avalon,EMSWORTH via Brighton Rd,11,ad772a7d-1949-4b68-8459-04ef68242cef,9973.2
16,16,A,Avalon,EMSWORTH via Brighton Rd,12,bf36cd60-5886-4efb-a433-23e5053a247c,5313.9
16,16,A,Avalon,EMSWORTH via Brighton Rd,13,14ae76ff-009f-4d59-9742-765500079452,4101.8
16,16,A,Avalon,EMSWORTH via Brighton Rd,14,709357f5-866e-495c-97da-9e8428beb9b1,5971.2
16,16,A,Avalon,EMSWORTH via Brighton Rd,15,b54d63b9-5728-42b4-b7df-58bf45ae8538,7367.3
16,16,A,Avalon,EMSWORTH via Brighton Rd,16,256eeff4-d33c-4770-9dc1-4e761568f369,9768.1
16,16,A,Avalon,EMSWORTH via Brighton Rd,17,a8dc382c-2cdd-42b3-9a50-e53a45cde4dc,2410.8
16,16,A,Avalon,EMSWORTH via Brighton Rd,18,39cf554c-ad12-42e1-84dc-8a12b4e808aa,1094.0
16,16,A,Avalon,EMSWORTH via Brighton Rd,19,341656f6-310d-4aae-aa52-2bf3b38e746f,4705.4
16,16,A,Avalon,EMSWORTH via Brighton Rd,20,fd6087e3-f8e8-47da-b3ab-b08c6d94730f,8888.6
16,16,A,Avalon,EMSWORTH via Brighton Rd,21,d5307d21-48bf-4cf5-b991-46e8d55c6a66,2756.2
16,16,A,Avalon,EMSWORTH via Brighton Rd,22,65cbea0b-606b-4230-bff5-d91eefafd6f5,9193.9
16,16,A,Avalon,EMSWORTH via Brighton Rd,23,81eaf555-d89f-45de-9d9d-21a62421b8b3,10674.8
16,16,A,Avalon,EMSWORTH via Brighton Rd,24,96d93888-8027-4f4a-90ed-d30c66bc4681,10855.4
16,16,A,Avalon,EMSWORTH via Brighton Rd,25,f2164ebe-27f3-4e9d-ba57-53db7598443d,11374.0
16,16,A,Avalon,EMSWORTH via Brighton Rd,26,cc1540a7-ac9f-4527-8f0d-24113343f262,7017.1
16,16,A,Avalon,EMSWORTH via Brighton Rd,27,905bdddb-d43d-4509-9530-21b65825ec71,8727.0
16,16,A,Avalon,EMSWORTH via Brighton Rd,28,c6bb0a55-369f-4b0f-aa02-51829d168138,10501.1
16,16,A,Avalon,EMSWORTH via Brighton Rd,29,c476c970-d98d-4e72-b785-c1274976aa99,7916.9
16,16,A,Avalon,EMSWORTH via Brighton Rd,30,7c5f6fbf-9e27-4677-824e-f0a149dac77e,2012.4
16,16,A,Avalon,EMSWORTH via Brighton Rd,31,adf90b2e-9075-41c3-b4f2-798a0103f591,11069.8
16,16,A,Avalon,EMSWORTH via Brighton Rd,32,0812f42a-af5f-4f20-85a9-87c196f8d734,6361.6
16,16,A,Avalon,EMSWORTH via Brighton Rd,33,3f24d775-1ed0-4ab9-9ec5-46663bc2b9fe,4893.8
16,16,A,Avalon,EMSWORTH via Brighton Rd,34,43a5f11a-7682-4b6d-874a-911f39e82a0d,3603.0
16,16,A,Avalon,EMSWORTH via Brighton Rd,35,8740c2dd-ca3c-423e-86ae-acadd0630372,6886.7
16,16,A,Avalon,EMSWORTH via Brighton Rd,36,c54aec51-74ca-4094-b833-5527b432880e,1.9
16,16,A,Avalon,EMSWORTH via Brighton Rd,37,0ab48729-2493-498d-8cb8-7e68f6542afb,8123.0
16,16,A,Avalon,EMSWORTH via Brighton Rd,38,0465e100-ad28-48a3-8bc6-17e08835f27c,10142.4
16,16,A,Avalon,EMSWORTH via Brighton Rd,39,36a92141-c2d6-47ef-9dca-4918f18611c1,6657.4
16,16,A,Avalon,EMSWORTH via Brighton Rd,40,c9369acd-7607-4530-971b-577f1e81d900,1525.7
16,16,A,Avalon,EMSWORTH via Brighton Rd,41,d99f1488-ebe1-4e7a-b224-801871fc85a2,2926.4
16,16,A,Avalon,EMSWORTH via Brighton Rd,42,d9569c31-3b45-4632-9391-35e72f272c21,5559.3
16,16,A,Avalon,EMSWORTH via Brighton Rd,43,0cdf126c-ebb4-4409-b3e5-b69df890e2b2,7522.7
16,16,A,Avalon,EMSWORTH via Brighton Rd,44,623a4acb-5610-4654-937f-30d69545e03d,1733.4
16,16,A,Avalon,EMSWORTH via Brighton Rd,45,c78ee567-9f4c-4905-be3a-dc595496b051,5791.8
16,16,A,Avalon,EMSWORTH via Brighton Rd,46,7471d878-dc5c-4d11-b5f0-715ffbff2f77,1361.1
16,16,A,Avalon,EMSWORTH via Brighton Rd,47,c8ddadff-9102-4a2c-93d1-08ce2e87c841,7648.3
74,74,A,Squirrel Hill,,1,164c44fb-1a1a-473f-83b0-4ff7efd79dc9,5315.3
74,74,A,Squirrel Hill,,2,107a89b8-9b57-49c4-b9ca-8f1121a7a871,10581.1
74,74,A,Squirrel Hill,,3,bcc5e0c1-2bb5-40a5-b665-2ea2ca90458a,3627.0
74,74,A,Squirrel Hill,,4,9b99b1f3-86c9-46e7-9cd6-28222b42d838,7814.5
74,74,A,Squirrel Hill,,5,e5965f68-7810-404e-84e4-94e32d4ec3c0,5095.7
74,74,A,Squirrel Hill,,6,1ffd19eb-fa9e-4b88-9a77-fed7cc1094c5,3771.6
74,74,A,Squirrel Hill,,7,fb9333d4-2951-4019-a0d9-d8c1908751f4,686.5
74,74,A,Squirrel Hill,,8,261eb655-6b40-4886-92a2-546c9b769ee7,7328.3
74,74,A,Squirrel Hill,,9,aeba7833-00c1-40c0-9e87-3d9057a77aea,4202.4
74,74,A,Squirrel Hill,,10,ce1332d9-ebb9-47a8-9e8d-2a7e3bb7cc0f,10467.2
74,74,A,Squirrel Hill,,11,2d1eed87-f71f-4154-9e1f-f8d828efd24a,1559.6
74,74,A,Squirrel Hill,,12,9fbedbef-b458-4838-adde-b02289bbfcb1,3375.7
74,74,A,Squirrel Hill,,13,bef47b0e-1034-4dde-ab51-bd703caf2c21,4420.6
74,74,A,Squirrel Hill,,14,3211d6dc-0f36-46b4-93c2-4b88ac88d100,5738.4
74,74,A,Squirrel Hill,,15,d2ff3606-51cb-47be-bc15-970134b20e03,10014.9
74,74,A,Squirrel Hill,,16,62aab728-3249-40f0-b377-c32bc4a26b29,7547.8
74,74,A,Squirrel Hill,,17,dda832d8-af24-49d0-983d-6dcdfda09226,260.6
74,74,A,Squirrel Hill,,18,12bad332-071c-48fc-8edb-a02fb458a66d,9493.7
74,74,A,Squirrel Hill,,19,437bfe9e-3504-4b48-9e19-91b2c31769d7,10216.8
74,74,A,Squirrel Hill,,20,a4f4ef7c-3eaf-43ce-b77f-472fb9e59f68,2177.0
74,74,A,Squirrel Hill,,21,4e5c51e6-1dae-40af-af5d-7843d0ead632,3158.5
74,74,A,Squirrel Hill,,22,cad734f0-94fc-4f43-a86b-7b12624ba43b,9266.5
74,74,A,Squirrel Hill,,23,6bc011c8-328c-44b5-ad2a-5df66752cd69,0.7
74,74,A,Squirrel Hill,,24,4b0b4e72-5735-4ecd-a76b-2a3727342500,11228.0
74,74,A,Squirrel Hill,,25,219b2d4d-59e2-489f-9620-eb7790cdc498,9876.6
74,74,A,Squirrel Hill,,26,8bf207bd-db00-4633-a2f5-fef7e15946af,4878.8
74,74,A,Squirrel Hill,,27,cdd2c8b7-52e5-4585-8be8-f8fac1fcd657,4628.9
74,74,A,Squirrel Hill,,28,57fa0879-457d-41b8-8e5b-a3e0a791cd76,5951.8
74,74,A,Squirrel Hill,,29,8e428e88-7a98-4f7c-a3db-30953506c733,531.2
74,74,A,Squirrel Hill,,30,2b48e95e-3f12-4076-842f-29ca4bd7aebd,2741.2
74,74,A,Squirrel Hill,,31,b036c5a2-6f59-45e9-ba32-dd051bb7d649,1159.8
74,74,A,Squirrel Hill,,32,53b50fbf-f778-4acf-852a-0c6bcb30a8a0,597.1
74,74,A,Squirrel Hill,,33,9f6bb325-bf8b-4618-b13a-884456ed9a98,2517.3
74,74,A,Squirrel Hill,,34,e8d5f84b-ea96-44a4-8e83-b2cdd1ebec64,3507.8
74,74,A,Squirrel Hill,,35,9153ec9d-bb64-4645-9151-176d4faf98af,3929.5
74,74,A,Squirrel Hill,,36,f0805158-ca52-4f61-8b90-0e56efc3697d,6181.1
74,74,A,Squirrel Hill,,37,cba607b3-b269-4b9d-a63d-981e051c853a,8842.4
74,74,A,Squirrel Hill,,38,767d6aea-cecf-4660-a03d-b1b7a0acbdd1,5552.8
74,74,A,Squirrel Hill,,39,3699b987-1998-4abc-8f32-f4ac4ca13061,428.2
74,74,A,Squirrel Hill,,40,035dacbf-012a-4e01-acae-45cb3d0c4e75,4306.6
74,74,A,Squirrel Hill,,41,872ba40c-1b29-498d-b3bd-411d997278c0,9040.9
74,74,A,Squirrel Hill,,42,933d9b67-51ae-407d-9a0a-77ce8c19bed7,8069.8
74,74,A,Squirrel Hill,,43,37881c7f-34df-4935-b2f3-3e702eb28abf,9703.9
74,74,A,Squirrel Hill,,44,dca0e763-f2fe-4f7b-b116-fe53c14a4ffe,851.4
74,74,A,Squirrel Hill,,45,b2e7bb4f-c05f-42a7-bac2-43b122c34c23,1458.4
74,74,A,Squirrel Hill,,46,17ce273e-131b-4daa-8544-04891749a9b7,2834.7
74,74,A,Squirrel Hill,,47,61940fac-ef2c-4f5c-85a5-504acbe6f4f6,10802.2
74,74,A,Squirrel Hill,,48,6cd18248-16db-4a30-b9ec-1a507550b73d,1721.8
74,74,A,Squirrel Hill,,49,0d8364ce-ffbe-4e43-a629-e7f863e3509f,6893.1
74,74,A,Squirrel Hill,,50,4c092412-15fc-415e-b920-4b8d18734155,8374.8
74,74,A,Squirrel Hill,,51,08522608-2d9c-4662-8aab-6b5eaac83f9d,9164.5
74,74,A,Squirrel Hill,,52,4df667a0-b1e6-4fb0-b25a-4620595b00cf,8595.8
74,74,A,Squirrel Hill,,53,ad9f5221-4d4f-4db8-88a2-347e36332179,2673.0
74,74,A,Squirrel Hill,,54,abe6d029-25a1-49be-a029-5e51485de00b,2953.3
74,74,A,Squirrel Hill,,55,0767b586-1079-4b3f-aa90-e565b6607810,10351.2
74,74,A,Squirrel Hill,,56,8d6940dc-065f-4331-9093-1ae23c87c994,2358.3
74,74,A,Squirrel Hill,,57,fbd2dba8-ac64-423c-94f0-46ec8e828b19,6525.0
74,74,A,Squirrel Hill,,58,0e8ca4f2-1f73-426c-9e62-771ed56e30ca,1982.6
74,74,A,Squirrel Hill,,59,30b41f84-2b1b-47ec-aff6-bd80364b6db6,1329.6
74,74,A,Squirrel Hill,,60,147be6fc-4e62-4905-9f1d-81cdd46a51b0,3030.5
74,74,A,Squirrel Hill,,61,3dceb579-621b-4117-ad03-d0e5a97aef03,11010.0
74,74,A,Squirrel Hill,,62,abb1e6dc-1f0a-4274-bf2f-7d9895cc8b54,4094.8
74,74,A,Squirrel Hill,,63,150c0272-322b-4a1d-8ff5-b1aede94da81,2586.4
74,74,A,Lincoln-Lemington,,1,cf54096d-8349-4568-bcb6-473b9b63379c,10368.9
74,74,A,Lincoln-Lemington,,2,9103e2f5-ed0e-411f-80c3-0a9f2c7b687e,9690.4
74,74,A,Lincoln-Lemington,,3,dc689d4c-a6d4-443b-aaef-43c11b3e2ae3,10548.7
74,74,A,Lincoln-Lemington,,4,b839eb78-4b30-48fb-836c-0575788c25dd,7364.5
74,74,A,Lincoln-Lemington,,5,90cb6001-f598-4ab1-911f-f69b4b4cb99c,3105.1
74,74,A,Lincoln-Lemington,,6,ceca5c0b-87ec-4f20-b724-510171e2c74f,3919.6
74,74,A,Lincoln-Lemington,,7,863838d1-236e-41e8-b7fb-f9f7b038bbbe,9251.8
74,74,A,Lincoln-Lemington,,8,2259e992-a139-4de0-b7d9-6fd936710b5b,9758.6
74,74,A,Lincoln-Lemington,,9,2c3bf87c-7e13-474b-957a-96f09443db34,7586.5
74,74,A,Lincoln-Lemington,,10,fe2f4ae7-4cb5-4a4a-bc4f-c69836f0aa92,7166.4
74,74,A,Lincoln-Lemington,,11,c5d7e62d-aa03-4ef3-aa6e-0c50ab3781ed,8400.7
74,74,A,Lincoln-Lemington,,12,6455c08b-b3f2-4f91-b794-02e6c8be6c19,4155.5
74,74,A,Lincoln-Lemington,,13,04528653-3b7a-468a-a7cc-a82c65871e8c,10625.0
74,74,A,Lincoln-Lemington,,14,b72fde54-18fa-492d-b672-d0b255f870f2,7713.8
74,74,A,Lincoln-Lemington,,15,98a78b7d-d1c9-4bc4-ab88-b375fdf35cda,8471.1
74,74,A,Lincoln-Lemington,,16,e22cee76-0c78-4cf0-9964-5f7604a9b032,2032.4
74,74,A,Lincoln-Lemington,,17,79aea5bd-29f9-430d-8821-6ee5a356de20,2698.6
74,74,A,Lincoln-Lemington,,18,72ba67a8-7bf7-46b6-975a-ecc833706365,8547.5
74,74,A,Lincoln-Lemington,,19,e1969cee-6ca1-4175-b696-a255dcae4d74,4986.9
74,74,A,Lincoln-Lemington,,20,6247c6c8-0acb-4bd6-8f8e-034daf7bc32f,9412.4
74,74,A,Lincoln-Lemington,,21,a3923e6f-1120-4724-a0ad-a3b89dbe8dba,1101.1
74,74,A,Lincoln-Lemington,,22,c7395f17-e1de-4148-a227-be3a0fa3e6ce,7215.0
74,74,A,Lincoln-Lemington,,23,7203b39f-5265-4c99-85d0-740e76e4efbe,7522.7
74,74,A,Lincoln-Lemington,,24,51481cd4-b4d8-4e8d-bd0d-cc5cca3351a1,7446.0
74,74,A,Lincoln-Lemington,,25,16bc377d-ced4-42c8-a525-632aaf055c9f,9067.8
74,74,A,Lincoln-Lemington,,26,fc06b63b-f8ca-47c7-8e40-31bb76ffa84e,3664.3
74,74,A,Lincoln-Lemington,,27,08ecd80b-1c1f-40fa-aa20-916b581e5ea7,3395.6
74,74,A,Lincoln-Lemington,,28,6e705b0d-3eef-40e0-b5ef-278ffc1c6f06,6902.2
74,74,A,Lincoln-Lemington,,29,5f12831a-8979-42e5-ad7a-be5201eef779,203.6
74,74,A,Lincoln-Lemington,,30,246541e2-8c88-44f7-aa3b-cfdb4d0c52d8,5472.9
74,74,A,Lincoln-Lemington,,31,c3acaaea-ac2f-4997-ac02-adcde1d3cc31,1196.8
74,74,A,Lincoln-Lemington,,32,94b269ec-cf78-4796-b9a8-c1a5f4ab9654,6324.8
74,74,A,Lincoln-Lemington,,33,99cd96df-7972-4473-ae61-b79c3f41c2bb,10798.0
74,74,A,Lincoln-Lemington,,34,47613446-3ef2-4b9a-b03f-95d71e35cf21,640.1
74,74,A,Lincoln-Lemington,,35,d8a67407-6ba5-4e1e-aa8d-f673c2c2a903,2157.9
74,74,A,Lincoln-Lemington,,36,6a012d0d-7614-46a3-b78e-57fc12ed9108,1922.7
74,74,A,Lincoln-Lemington,,37,a4be066f-1d72-467f-9145-9ed749ebb5b2,10050.7
74,74,A,Lincoln-Lemington,,38,1d7d850a-79cb-4288-a795-13a374c71351,1558.2
74,74,A,Lincoln-Lemington,,39,ce3b01ba-57c3-42bd-8b31-94bfd6d8de92,2365.1
74,74,A,Lincoln-Lemington,,40,197c847f-5e8b-4998-b307-4a31a5feaa73,4669.1
74,74,A,Lincoln-Lemington,,41,e34cf467-0fa1-450c-8164-7780c0838306,7907.6
74,74,A,Lincoln-Lemington,,42,628b6b7c-8cce-4189-8aa6-c4aeec843c8f,7292.5
74,74,A,Lincoln-Lemington,,43,b0a05fa8-a0df-405f-b694-30dddb1c7391,1753.5
74,74,A,Lincoln-Lemington,,44,5682f7d9-5d2e-4f28-8586-9dcc2e89263a,8623.5
74,74,A,Lincoln-Lemington,,45,fd4c9c80-9ce9-435b-9a0b-fc4061ad8ca9,8842.2
74,74,A,Lincoln-Lemington,,46,16f275c4-9fbc-4c37-a51a-4f2b0cc334ca,3207.5
74,74,A,Lincoln-Lemington,,47,4cd2f359-4c57-4ad4-a782-45b57f52e832,10971.6
74,74,A,Lincoln-Lemington,,48,616c8e49-f8f4-4e22-b680-9d67ec9585b1,999.7
74,74,A,Lincoln-Lemington,,49,32d9bde0-8460-4c46-a428-86493e99d62c,8056.5
74,74,A,Lincoln-Lemington,,50,9c4d5a80-2ba2-423a-a9a0-fca865bb6b84,311.5
74,74,A,Lincoln-Lemington,,51,11ab03b7-cc8b-4368-a7f4-df7a7edb02e6,5682.0
74,74,A,Lincoln-Lemington,,52,ca9d1d05-722a-4f92-84e5-73e6868c16e0,5249.4
74,74,A,Lincoln-Lemington,,53,1f9c6064-ea60-4993-9cff-289ef6dac291,11160.6
74,74,A,Lincoln-Lemington,,54,5baee783-e14e-46f1-8f9f-a21646c884c5,7012.3
74,74,A,Lincoln-Lemington,,55,b1607be5-ab64-4c85-bd2e-5bff36e8a2f2,8179.4
74,74,A,Lincoln-Lemington,,56,53c048ae-3ba9-45e7-b0ae-5833efab486f,6796.3
74,74,A,Lincoln-Lemington,,57,9e990aa6-0976-4519-864e-01b7f48e0ff3,10707.1
74,74,A,Lincoln-Lemington,,58,dece1cb3-8100-478a-b5ac-e52006b10959,4303.4
74,74,A,Lincoln-Lemington,,59,f2db0ced-dfc8-4479-82cf-cccdf51501d2,9904.1
74,74,A,Lincoln-Lemington,,60,f2c71624-a527-4f9f-8110-847cfd6360f8,2857.9
74,74,A,Lincoln-Lemington,,61,545be49e-f39c-4888-8ccd-2a8ce51af7c3,788.7
74,74,A,Lincoln-Lemington,,62,594c2b01-f75f-4e6e-b39f-1ffa7caa006e,8703.7
74,74,A,Lincoln-Lemington,,63,65b10adf-0612-4b82-956f-d24c78ae89b1,5883.1
74,74,A,Lincoln-Lemington,,64,e34666ed-cf66-47b1-8ddb-09070ea358b1,415.4
74,74,A,Lincoln-Lemington,,65,ba2c25d0-0570-43f7-a935-295f4e233f7e,6597.5
74,74,A,Lincoln-Lemington,,66,6bc011c8-328c-44b5-ad2a-5df66752cd69,11275.3
74,74,A,Lincoln-Lemington,,67,44faaec8-d7f4-45e5-ab6b-92cf33d8ed4d,1401.2
93,93,A,Oakland,,1,a41b37f2-eb22-41a3-bd96-eea6ed73f879,1543.1
93,93,A,Oakland,,2,2247a235-1d51-42ca-a734-6a3efbbb6ba7,5180.6
93,93,A,Oakland,,3,568200d5-5046-457a-b837-162e731eb22d,8392.0
93,93,A,Oakland,,4,a6908e77-c41c-458a-ab46-306aefcdc10e,2552.9
93,93,A,Oakland,,5,82e9c2b0-f4ea-4e9d-ad7d-efc5b2769b67,10129.4
93,93,A,Oakland,,6,4297543d-f40a-4357-b74c-42d61951667d,4103.4
93,93,A,Oakland,,7,491167f5-fc29-430a-b48c-38b7a6535874,860.3
93,93,A,Oakland,,8,ca7f3a35-27a6-47e2-8823-a2d7722f0d9f,559.4
93,93,A,Oakland,,9,e0516971-63d6-4529-b207-1d76716d7f6c,1873.1
93,93,A,Oakland,,10,a3923e6f-1120-4724-a0ad-a3b89dbe8dba,6602.7
93,93,A,Oakland,,11,17991816-4f97-4e09-b194-93adb7203e2c,7190.1
93,93,A,Oakland,,12,a155a084-a0df-42a7-af82-07a13c71e606,2954.6
93,93,A,Oakland,,13,ebcff370-ec81-4de1-ab9a-d41348046262,10652.3
93,93,A,Oakland,,14,829fa05f-cb00-4070-a8d8-ae6c637b5b22,3927.6
93,93,A,Oakland,,15,662619d3-4282-4c36-9047-cd951fc855b1,4799.1
93,93,A,Oakland,,16,28d4e234-2799-4346-af6f-59b3588dd578,7733.6
93,93,A,Oakland,,17,bae1beda-e366-4e1b-8b03-ebc4503334f3,3128.1
93,93,A,Oakland,,18,1d7ffce0-a7f5-4dae-8821-f976498cfdc5,987.2
93,93,A,Oakland,,19,545be49e-f39c-4888-8ccd-2a8ce51af7c3,6290.3
93,93,A,Oakland,,20,8f5f7b32-24b9-4d68-8c15-13b890a83af9,3414.0
93,93,A,Oakland,,21,6d82aff8-aaa6-4b23-9cce-ec64dcfb6524,2830.7
93,93,A,Oakland,,22,0d910d90-fb70-486c-aa72-c3b06716815d,7836.7
93,93,A,Oakland,,23,8dfca991-45ab-4de2-a762-fb71350364fb,4984.7
93,93,A,Oakland,,24,6372983a-1205-4994-a6ab-e20a6508ac7c,4442.8
93,93,A,Oakland,,25,d45235ca-c669-493a-8761-8c81bf81786d,10904.8
93,93,A,Oakland,,26,feab7e1e-96cd-4930-83ae-e7b1611546d9,7570.5
93,93,A,Oakland,,27,c378db10-a0db-4b88-b57f-e523715593bc,1168.8
93,93,A,Oakland,,28,616c8e49-f8f4-4e22-b680-9d67ec9585b1,6501.2
93,93,A,Oakland,,29,daaec7d0-a430-473e-a06e-bef64b1c6c4c,2126.3
93,93,A,Oakland,,30,03ff10f2-7190-4c32-9fc2-f75784cfa76a,278.0
93,93,A,Oakland,,31,414d3639-9e0e-40f3-9883-edcac8121842,2017.3
93,93,A,Oakland,,32,8e10cc2b-0bd0-4e53-816d-880562d516a8,1683.2
93,93,A,Oakland,,33,141fa0e6-23cd-4d71-88b3-0431e842beac,3825.9
93,93,A,Oakland,,34,d2c26ceb-7bc1-4458-b5f4-a99dd1a8a2bd,0
93,93,A,Oakland,,35,276ebf07-ddd1-4066-a00c-415d58f0d6a0,2696.5
93,93,A,Oakland,,36,813be301-44b5-4924-92cd-072cd0b48c5e,4275.0
93,93,A,Oakland,,37,1ead061e-1476-44cc-889c-e786e7f89adb,1794.3
93,93,A,Oakland,,38,0478e153-5fde-4215-b0ca-98caf7067544,10443.5
93,93,A,Oakland,,39,fa7c90ff-8d11-40ac-8652-bccbcb97adb1,1395.5
93,93,A,Oakland,,40,47613446-3ef2-4b9a-b03f-95d71e35cf21,6141.7
93,93,A,Oakland,,41,36645177-0dca-4bb7-bccb-c0004f0bb3a4,11551.5
93,93,A,Oakland,,42,8eadf6f4-bd2d-41d8-9cbf-929ddaca5f8a,9410.7
93,93,A,Oakland,,43,4d15f00f-f3b9-4f23-bb42-9e866faae202,9805.5
93,93,A,Oakland,,44,dc189749-8946-4f77-b4e9-8f84dface87c,5914.4
93,93,A,Oakland,,45,30815f84-0fd5-4725-842f-5d4c0d8d6835,718.3
93,93,A,Oakland,,46,f077ad7d-760b-44bf-99f7-1852ea0493d3,9931.5
93,93,A,Oakland,,47,c83843af-db74-404c-be2b-93a654d8fc95,2328.4
93,93,A,Oakland,,48,22993ee6-5609-4892-967a-008a70775df4,11268.4
93,93,A,Oakland,,49,eb743a60-a62e-469c-8246-ce61d894e5da,3691.3
93,93,A,Oakland,,50,2e7f6343-0902-4009-88a1-323bdc2e2aa9,4592.8
93,93,A,Oakland,,51,c3acaaea-ac2f-4997-ac02-adcde1d3cc31,6698.4
93,93,A,Oakland,,52,dfb77800-84e8-49c2-8c9c-9f16c7a4df06,5665.8
93,93,A,Oakland,,53,decf1b97-9ea2-485e-aaf9-dcb9a0271f57,5286.1
93,93,A,Glen Hazel,,1,9fd86e8b-b83a-47f1-a816-ee58bde6fa24,10812.4
93,93,A,Glen Hazel,,2,0767b586-1079-4b3f-aa90-e565b6607810,6074.6
93,93,A,Glen Hazel,,3,5da2373d-c8ad-4bf6-b272-e9e389542dd0,2679.7
93,93,A,Glen Hazel,,4,48301d01-c756-4f3d-906f-025168f30c1a,4744.7
93,93,A,Glen Hazel,,5,66b45e33-4429-40a7-9f5a-add8c31c2200,7347.7
93,93,A,Glen Hazel,,6,7b75526b-0ad7-40aa-9d7d-2c7566e3d051,8250
93,93,A,Glen Hazel,,7,732c5da4-b142-47d9-9619-ea74c4be8c12,10158.0
93,93,A,Glen Hazel,,8,214715e0-e1a0-4813-9693-dac7aab238bb,11517.7
93,93,A,Glen Hazel,,9,36645177-0dca-4bb7-bccb-c0004f0bb3a4,0
93,93,A,Glen Hazel,,10,f538d96e-62f1-42fc-a8f9-e85be1cbb851,11943.5
93,93,A,Glen Hazel,,11,bfb64103-3d43-46fb-b642-c8a3bf94ffb1,11065.6
93,93,A,Glen Hazel,,12,6f0fa1c6-c6c3-41f8-9238-f7398ba72f4b,5368.2
93,93,A,Glen Hazel,,13,90175229-e1ff-4a1b-a93e-9a5ae184d8e1,5243.7
93,93,A,Glen Hazel,,14,b87818a6-ca0d-436d-a8a8-166ac35f292e,4870.5
93,93,A,Glen Hazel,,15,a695448e-168a-441d-acc4-1712d3a3feb7,11317.5
93,93,A,Glen Hazel,,16,61940fac-ef2c-4f5c-85a5-504acbe6f4f6,6521.2
93,93,A,Glen Hazel,,17,803396ba-739c-495c-9f63-db02d734027d,10935.9
93,93,A,Glen Hazel,,18,4ac8dc3a-9556-4b2b-8be2-dd942531f471,12194.3
93,93,A,Glen Hazel,,19,107a89b8-9b57-49c4-b9ca-8f1121a7a871,6304.5
93,93,A,Glen Hazel,,20,153b0628-d8e0-49ad-b96c-474ba1150019,8574.6
93,93,A,Glen Hazel,,21,c75e00bf-b778-41de-b281-5dec9c05372e,7511.2
93,93,A,Glen Hazel,,22,966b3cfc-5eeb-44c9-919c-74769f036d98,10475.8
93,93,A,Glen Hazel,,23,ad724183-9b24-4f9d-8425-1da0050af1af,9917.7
93,93,A,Glen Hazel,,24,118cbe4b-5c46-4a14-9ee2-c9ccb0031da2,7227.7
93,93,A,Glen Hazel,,25,0458d573-1fc3-4090-bef5-6d380fcb769b,10652.9
93,93,A,Glen Hazel,,26,bb7b8985-48e0-4219-853b-f0fbe9289c13,1787.6
93,93,A,Glen Hazel,,27,d101f86f-06cf-4eaf-88c0-8a082166e849,903.2
93,93,A,Glen Hazel,,28,ee84ccd9-537b-463b-9266-cf2032c4168d,6752.6
93,93,A,Glen Hazel,,29,93e9a1f8-26d8-4415-8389-34b1f6a6d928,9780.1
93,93,A,Glen Hazel,,30,d2c26ceb-7bc1-4458-b5f4-a99dd1a8a2bd,12471.8
93,93,A,Glen Hazel,,31,75e76bb0-eed1-48f9-a68f-243b64565e6a,8675.3
93,93,A,Glen Hazel,,32,209f7e1b-5916-4fd1-bcf3-8bb65d273096,10319.6
93,93,A,Glen Hazel,,33,198c2432-fc03-4530-be20-7cd658211096,8465.6
93,93,A,Glen Hazel,,34,717e10d2-4b65-445e-8d33-40d8ddb39af6,9640.4
93,93,A,Glen Hazel,,35,e2af0c57-046a-4e51-9a53-bfce8706f6ea,4191.2
93,93,A,Glen Hazel,,36,6563f16b-fdcb-4168-8586-59f629d93321,5486.2
93,93,A,Glen Hazel,,37,437bfe9e-3504-4b48-9e19-91b2c31769d7,5940.2
93,93,A,Glen Hazel,,38,ac1a74a1-8349-4922-bcca-6e4b8acaebeb,2519.9
93,93,A,Glen Hazel,,39,372946fe-1c64-4e8b-a6bf-7e1c7d7eb855,5055.1
93,93,A,Glen Hazel,,40,613a3875-6c70-476b-b65f-378497702f43,648.3
93,93,A,Glen Hazel,,41,c0214312-8b32-4bcc-857f-69c9ade8da9c,2391.9
93,93,A,Glen Hazel,,42,d2eefb00-8540-4565-be81-a2483aa84455,4972.9
93,93,A,Glen Hazel,,43,927b5857-9d69-421b-8c0d-b6d138617228,7663.8
93,93,A,Glen Hazel,,44,943e965b-ccba-459a-b64f-e875d014d51e,2005.4
93,93,A,Glen Hazel,,45,41d19f3f-2385-44c1-8a87-0fd901d54f28,11643.6
93,93,A,Glen Hazel,,46,5d2838f5-7c45-4b29-a5ca-362f9771149d,4590.2
93,93,A,Glen Hazel,,47,807fd4e4-7f15-4997-ab2e-f924432d43f2,9052.1
93,93,A,Glen Hazel,,48,0da68b3e-6b84-4c9e-b35e-d5c584cf62c2,9394.6
93,93,A,Glen Hazel,,49,76901aff-f80a-44e5-a321-3e4937b6d041,6969.4
93,93,A,Glen Hazel,,50,9f4c9217-ede3-482b-b16a-3e8b2f2a28d2,8343.4
93,93,A,Glen Hazel,,51,ce1332d9-ebb9-47a8-9e8d-2a7e3bb7cc0f,6190.7
93,93,A,Glen Hazel,,52,9981da88-520c-4727-bc48-2197e79adf19,7865.9
93,93,A,Glen Hazel,,53,ce1933f1-1801-4b88-934b-1aa1eb76da86,11220.4
93,93,A,Glen Hazel,,54,6f0f13c8-d8e0-49da-b5e5-ad24d8c2c3d5,1269.8
93,93,A,Glen Hazel,,55,62777eec-2bfa-4135-a211-36f620a6a66b,11772.0
93,93,A,Glen Hazel,,56,84eeb7eb-606a-4aed-9525-9fe9e50dcd98,8005.4
93,93,A,Glen Hazel,,57,b07b48e7-53aa-44ed-844d-d682ce5f8154,5742.9
9,9,A,Oakland,"OAKLAND via Millvale, Lawrenceville",1,a2e477cc-b790-4c28-83a5-63cbc30a1f4a,23880.2
9,9,A,Oakland,"OAKLAND via Millvale, Lawrenceville",2,d101f86f-06cf-4eaf-88c0-8a082166e849,27316.1
9,9,A,Oakland,"OAKLAND via Millvale, Lawrenceville",3,f27c9f19-7c59-49ef-a9b9-7e33cda7f280,24158.6
9,9,A,Oakland,"OAKLAND via Millvale, Lawrenceville",4,4cf9d583-aca8-4fb8-8540-7b727b2e4b24,15210.9
9,9,A,Oakland,"OAKLAND via Millvale, Lawrenceville",5,7527f772-1491-426d-ad37-b8120c0cbe8d,9465.1
9,9,A,Oakland,"OAKLAND via Millvale, Lawrenceville",6,a580dea9-9cf9-4cbc-a7a8-1a0fef915d5e,2894.9
9,9,A,Oakland,"OAKLAND via Millvale, Lawrenceville",7,02d26c75-b939-41d8-a1f0-a47548d89e7e,6366.8
9,9,A,Oakland,"OAKLAND via Millvale, Lawrenceville",8,cc05ae79-f101-428b-99da-f243b407be31,26306.9
9,9,A,Oakland,"OAKLAND via Millvale, Lawrenceville",9,67cc1b56-3e8e-47f8-b98c-6764e207f351,18403.0
9,9,A,Oakland,"OAKLAND via Millvale, Lawrenceville",10,4746adc7-0ed6-4fe1-9528-78692325e7b5,21510.0
9,9,A,Oakland,"OAKLAND via Millvale, Lawrenceville",11,45e6fefc-6e3f-4241-a360-7a83138edd39,20538.8
9,9,A,Oakland,"OAKLAND via Millvale, Lawrenceville",12,27bc3a2b-836f-4b60-838b-60935277df29,13715.8
9,9,A,Oakland,"OAKLAND via Millvale, Lawrenceville",13,220e5256-c36e-4856-8e32-906585159af0,20724.9
9,9,A,Oakland,"OAKLAND via Millvale, Lawrenceville",14,4fce56ac-6332-44e7-981c-363cc3518a45,548.5
9,9,A,Oakland,"OAKLAND via Millvale, Lawrenceville",15,8aa63172-173f-4737-9da1-e035d326d483,18848.7
9,9,A,Oakland,"OAKLAND via Millvale, Lawrenceville",16,d04883cf-e403-44a0-a84f-2e0799bc07c0,0
9,9,A,Oakland,"OAKLAND via Millvale, Lawrenceville",17,713ae471-0599-4024-92e2-4bb22e1b09ce,19376.4
9,9,A,Oakland,"OAKLAND via Millvale, Lawrenceville",18,4137d299-7e37-4549-9f09-0f8964c9dd4f,9762.6
9,9,A,Oakland,"OAKLAND via Millvale, Lawrenceville",19,aa206119-9675-4ad1-9c49-bc608d5059d1,12769.0
9,9,A,Oakland,"OAKLAND via Millvale, Lawrenceville",20,678d7313-564a-4304-b3f5-1e7397a170ed,24387.2
9,9,A,Oakland,"OAKLAND via Millvale, Lawrenceville",21,f2f6f43b-edeb-455a-9350-4c9d46180e4a,8992.4
9,9,A,Oakland,"OAKLAND via Millvale, Lawrenceville",22,9dedd39c-d2fa-4d6c-9fc7-e1e60db24fa5,9196.1
9,9,A,Oakland,"OAKLAND via Millvale, Lawrenceville",23,362e5135-8cf3-4620-9493-714cc8bf87c9,17636.0
9,9,A,Oakland,"OAKLAND via Millvale, Lawrenceville",24,742a62cd-9762-4473-b12a-8665f990d97c,26630.9
9,9,A,Oakland,"OAKLAND via Millvale, Lawrenceville",25,d271252e-c00b-4f3c-bd34-e776da6e27d2,21927.7
9,9,A,Oakland,"OAKLAND via Millvale, Lawrenceville",26,7d1ea51f-d2fd-4fb0-9fc6-44cee79e74a2,8811.4
9,9,A,Oakland,"OAKLAND via Millvale, Lawrenceville",27,61bd1c88-7d54-45f7-a814-cf3c4572a696,26903.1
9,9,A,Oakland,"OAKLAND via Millvale, Lawrenceville",28,6adcaa7d-4746-493c-bfa8-a170d7a48ca3,17014.2
9,9,A,Oakland,"OAKLAND via Millvale, Lawrenceville",29,c455d2ae-23ff-4626-901b-5fd4f0887c6b,21647.1
9,9,A,Oakland,"OAKLAND via Millvale, Lawrenceville",30,b4cbdacc-f9c9-4398-9ddd-27f062dde5aa,14890.0
9,9,A,Oakland,"OAKLAND via Millvale, Lawrenceville",31,998ab553-cd67-4180-b247-9b2810d2dd5b,9561.6
9,9,A,Oakland,"OAKLAND via Millvale, Lawrenceville",32,1fb10686-5a2a-4aee-8d8a-a0bf17ec50f3,27777.1
9,9,A,Oakland,"OAKLAND via Millvale, Lawrenceville",33,f71d724f-de29-43a4-ad92-ec7f7c193b97,13859.9
9,9,A,Oakland,"OAKLAND via Millvale, Lawrenceville",34,613a3875-6c70-476b-b65f-378497702f43,27061.2
9,9,A,Oakland,"OAKLAND via Millvale, Lawrenceville",35,25506efa-77e9-4ee4-b64f-bfe325a857e0,19903.8
9,9,A,Oakland,"OAKLAND via Millvale, Lawrenceville",36,895160f3-1525-46df-a7c4-5860e0131e8c,20140.4
9,9,A,Oakland,"OAKLAND via Millvale, Lawrenceville",37,8f52d209-64b8-4d33-9289-2b9cac2150fa,5141.9
9,9,A,Oakland,"OAKLAND via Millvale, Lawrenceville",38,829666ab-e457-4b14-a757-e056e22bec33,12545.7
9,9,A,Oakland,"OAKLAND via Millvale, Lawrenceville",39,cf81b882-5789-45df-a38f-c425f92d8ed7,13445.8
9,9,A,Oakland,"OAKLAND via Millvale, Lawrenceville",40,50bcafa1-9c04-49e6-aa36-ce28d1e2b2d0,25803.5
9,9,A,Oakland,"OAKLAND via Millvale, Lawrenceville",41,5becd88f-d16c-4613-aab6-f1490b0ef8a9,23409.2
9,9,A,Oakland,"OAKLAND via Millvale, Lawrenceville",42,a80924cd-82e1-4dfc-b065-b655f9e5b60b,9369.6
9,9,A,Oakland,"OAKLAND via Millvale, Lawrenceville",43,c9bd19c0-7a7d-45f4-943f-7327725eaa18,21316.2
9,9,A,Oakland,"OAKLAND via Millvale, Lawrenceville",44,af9578cc-ac0a-4a3e-9274-0118293762ce,3530.0
9,9,A,Oakland,"OAKLAND via Millvale, Lawrenceville",45,6160caaf-4d23-4ac2-b341-1b6488cbf480,25522.8
9,9,A,Oakland,"OAKLAND via Millvale, Lawrenceville",46,c41261b7-5fd9-4f2b-88b0-9e75eb55cd10,16748.2
9,9,A,Oakland,"OAKLAND via Millvale, Lawrenceville",47,82a93fb8-453f-4f01-b2c9-df7025fc8a0f,20973.5
9,9,A,Oakland,"OAKLAND via Millvale, Lawrenceville",48,1d6489ed-bef1-4439-aa8d-7b4459c9e7a2,14155.6
9,9,A,Oakland,"OAKLAND via Millvale, Lawrenceville",49,66a817ec-86e1-4dd6-969b-1228058225be,5711.5
9,9,A,Oakland,"OAKLAND via Millvale, Lawrenceville",50,f6031ea0-c698-451d-a901-fa08720f7626,3890.1
9,9,A,Oakland,"OAKLAND via Millvale, Lawrenceville",51,cf6c77e8-b383-45ee-a470-5e1d0c0083be,5885.0
9,9,A,Oakland,"OAKLAND via Millvale, Lawrenceville",52,8284f7ba-a08a-401d-af16-514419ad9429,4398.6
9,9,A,Oakland,"OAKLAND via Millvale, Lawrenceville",53,8c23ba4a-ecd7-413f-98ff-f02ff16e97f8,20309.6
9,9,A,Oakland,"OAKLAND via Millvale, Lawrenceville",54,4ba79f05-c2c1-4e55-b39c-f82cd4158f92,23569.7
9,9,A,Oakland,"OAKLAND via Millvale, Lawrenceville",55,52dc4d84-649f-43d3-adda-189f53666f6d,12990.7
9,9,A,Oakland,"OAKLAND via Millvale, Lawrenceville",56,9aad3257-b7bb-4eeb-ae0d-c5b14ccbafae,11372.9
9,9,A,Oakland,"OAKLAND via Millvale, Lawrenceville",57,7d94c159-f4fb-4236-934e-1379a7cffc3f,21829.3
9,9,A,Oakland,"OAKLAND via Millvale, Lawrenceville",58,ac12638f-d8e9-48bf-b517-4d3b81cc4c23,7744.3
9,9,A,Oakland,"OAKLAND via Millvale, Lawrenceville",59,7ec3f942-0223-47ff-86d1-5f2172e1b514,26100.2
9,9,A,McCandless,"NORTH HILLS via Millvale, Lawrenceville",1,200fe8ac-a8c2-4ec9-b211-2002aede6dca,11961.6
9,9,A,McCandless,"NORTH HILLS via Millvale, Lawrenceville",2,c06dd1d0-e30b-41f7-8f46-5cee4c80c578,18139.7
9,9,A,McCandless,"NORTH HILLS via Millvale, Lawrenceville",3,41523e7f-2719-42a3-a3f9-14c43d40558e,17739.3
9,9,A,McCandless,"NORTH HILLS via Millvale, Lawrenceville",4,b8b9cb8b-da32-442c-97ce-f1c7d698c90c,6021.6
9,9,A,McCandless,"NORTH HILLS via Millvale, Lawrenceville",5,75ff3f0f-176e-4aa2-a5ab-a7d2af90fe6e,1314.7
9,9,A,McCandless,"NORTH HILLS via Millvale, Lawrenceville",6,07f0a840-8256-41fa-9336-1df4cb8d0321,14471.1
9,9,A,McCandless,"NORTH HILLS via Millvale, Lawrenceville",7,c1a8a91d-9674-4033-bb0b-e08228488280,3424.3
9,9,A,McCandless,"NORTH HILLS via Millvale, Lawrenceville",8,87842825-f067-410f-9c7e-ae6c3a98cf3c,17628.4
9,9,A,McCandless,"NORTH HILLS via Millvale, Lawrenceville",9,94f5f1d9-30a4-4c50-849a-c76db0109e03,1568.7
9,9,A,McCandless,"NORTH HILLS via Millvale, Lawrenceville",10,8f52d209-64b8-4d33-9289-2b9cac2150fa,22786.5
9,9,A,McCandless,"NORTH HILLS via Millvale, Lawrenceville",11,9d9e779c-f9bb-4265-83e9-e74756b9bdac,7187.4
9,9,A,McCandless,"NORTH HILLS via Millvale, Lawrenceville",12,0b2ae001-8206-41f1-983f-e9bacc43531c,3965.3
9,9,A,McCandless,"NORTH HILLS via Millvale, Lawrenceville",13,07bbca09-823b-4066-a7f2-897fc167a3b4,3165.3
9,9,A,McCandless,"NORTH HILLS via Millvale, Lawrenceville",14,1dbc045b-afb3-482c-bfeb-762cffb74d9a,14172.8
9,9,A,McCandless,"NORTH HILLS via Millvale, Lawrenceville",15,7689994b-6582-4bfa-8cfd-0f33f57a39d5,5874.3
9,9,A,McCandless,"NORTH HILLS via Millvale, Lawrenceville",16,87961963-532e-4700-96d4-15e329b3b40c,23190.5
9,9,A,McCandless,"NORTH HILLS via Millvale, Lawrenceville",17,998e115e-06a2-45a6-922a-f259cef1abce,8897.2
9,9,A,McCandless,"NORTH HILLS via Millvale, Lawrenceville",18,7db69436-6469-4de3-b81a-52e5d6e7122c,6122.9
9,9,A,McCandless,"NORTH HILLS via Millvale, Lawrenceville",19,efa9c31b-8850-488e-88dd-a65377b57b33,721.2
9,9,A,McCandless,"NORTH HILLS via Millvale, Lawrenceville",20,1763d895-e8ca-4a98-b874-a6deba8ebad5,17939.6
9,9,A,McCandless,"NORTH HILLS via Millvale, Lawrenceville",21,7176264b-bc3c-4058-8524-d527ab10deb7,5588.5
9,9,A,McCandless,"NORTH HILLS via Millvale, Lawrenceville",22,c1e42a2a-7968-4e2a-b733-c95f78ed3a18,17391.7
9,9,A,McCandless,"NORTH HILLS via Millvale, Lawrenceville",23,e392922f-7cb8-445b-bdc1-8ef006848848,2969.2
9,9,A,McCandless,"NORTH HILLS via Millvale, Lawrenceville",24,c842b123-8622-44b9-ad8b-568ac2775b3e,9594.3
9,9,A,McCandless,"NORTH HILLS via Millvale, Lawrenceville",25,703606e4-88c8-4910-b0b0-dd323fff8bdd,10534.7
9,9,A,McCandless,"NORTH HILLS via Millvale, Lawrenceville",26,960ccab8-4615-4f8d-b70d-41abcb863011,18279.7
9,9,A,McCandless,"NORTH HILLS via Millvale, Lawrenceville",27,a908c498-1522-466d-802b-faeffe84ff3d,1912.7
9,9,A,McCandless,"NORTH HILLS via Millvale, Lawrenceville",28,097def51-f8d4-4ff5-8a6a-290740916611,16851.2
9,9,A,McCandless,"NORTH HILLS via Millvale, Lawrenceville",29,ed854f60-1d48-422e-b2c5-d9d58352c368,11658.2
9,9,A,McCandless,"NORTH HILLS via Millvale, Lawrenceville",30,7c3e4242-1fc9-4b30-8b73-759eba2924d0,20671.1
9,9,A,McCandless,"NORTH HILLS via Millvale, Lawrenceville",31,aa08cb9e-bae8-4c5e-b180-4f072ac31022,12257.8
9,9,A,McCandless,"NORTH HILLS via Millvale, Lawrenceville",32,57b81681-5dea-4cc8-af7b-d66e371423e0,6378.1
9,9,A,McCandless,"NORTH HILLS via Millvale, Lawrenceville",33,def19f44-5614-48a2-bc05-c9737f538998,13779.9
9,9,A,McCandless,"NORTH HILLS via Millvale, Lawrenceville",34,11bbadb3-1943-441b-8cd5-e3ac70de8182,5487.6
9,9,A,McCandless,"NORTH HILLS via Millvale, Lawrenceville",35,d04883cf-e403-44a0-a84f-2e0799bc07c0,26124.7
9,9,A,McCandless,"NORTH HILLS via Millvale, Lawrenceville",36,41e61a94-e425-4f7b-af83-a4ff1f982b8c,6633.4
9,9,A,McCandless,"NORTH HILLS via Millvale, Lawrenceville",37,3fafa303-738a-45b4-972a-da85f119f39c,10233.5
9,9,A,McCandless,"NORTH HILLS via Millvale, Lawrenceville",38,1fb10686-5a2a-4aee-8d8a-a0bf17ec50f3,1.3
9,9,A,McCandless,"NORTH HILLS via Millvale, Lawrenceville",39,48b74dd0-a98f-4d92-b652-47ed11103dcd,21274.9
9,9,A,McCandless,"NORTH HILLS via Millvale, Lawrenceville",40,5d025b67-f8ea-46de-9ede-69cb031bea91,23535.0
9,9,A,McCandless,"NORTH HILLS via Millvale, Lawrenceville",41,9934e883-f5d0-4882-97aa-5157590246d5,7443.1
9,9,A,McCandless,"NORTH HILLS via Millvale, Lawrenceville",42,c21a0c80-8fea-4ff0-8a5b-461ba737449d,12654.0
9,9,A,McCandless,"NORTH HILLS via Millvale, Lawrenceville",43,0de595ac-1cd0-42f2-b486-1d1d51950242,7071.9
9,9,A,McCandless,"NORTH HILLS via Millvale, Lawrenceville",44,814959b7-1fd6-4aae-ae72-0943b838eabf,7905.0
9,9,A,McCandless,"NORTH HILLS via Millvale, Lawrenceville",45,9aad3257-b7bb-4eeb-ae0d-c5b14ccbafae,15691.1
9,9,A,McCandless,"NORTH HILLS via Millvale, Lawrenceville",46,ae206c10-bdda-49ab-8c0a-aaa062617e2a,8426.9
9,9,A,McCandless,"NORTH HILLS via Millvale, Lawrenceville",47,434024e7-22b5-4b9e-99a7-f5e4f4e91122,6836.8
9,9,A,McCandless,"NORTH HILLS via Millvale, Lawrenceville",48,a47fea6f-2cdf-49e2-a082-d22baa5cce79,3817.6
9,9,A,McCandless,"NORTH HILLS via Millvale, Lawrenceville",49,c8f82dfc-0e87-46f9-81ed-acc167e5f09f,12986.2
9,9,A,McCandless,"NORTH HILLS via Millvale, Lawrenceville",50,abbe03d8-59a0-45f0-b589-7b0cc887c446,989.1
9,9,A,McCandless,"NORTH HILLS via Millvale, Lawrenceville",51,8284f7ba-a08a-401d-af16-514419ad9429,22043.2
9,9,A,McCandless,"NORTH HILLS via Millvale, Lawrenceville",52,482a230f-89c5-4c4e-97d1-8e3e81f2331e,12815.9
9,9,A,McCandless,"NORTH HILLS via Millvale, Lawrenceville",53,082fd91b-0444-4aea-9b9e-636c808b4568,19382.3
9,9,A,McCandless,"NORTH HILLS via Millvale, Lawrenceville",54,9f517c7e-70b2-4d51-a2dd-efcd08542078,13340.1
9,9,A,McCandless,"NORTH HILLS via Millvale, Lawrenceville",55,a3fe788c-8df8-4e77-a15e-aa49ffcf76c7,411.8
9,9,A,McCandless,"NORTH HILLS via Millvale, Lawrenceville",56,66213a45-9c96-473f-b29d-fbc80efb9280,24180.7
9,9,A,McCandless,"NORTH HILLS via Millvale, Lawrenceville",57,6b7213d9-30c4-4cec-9b92-0660f70d550e,5719.9
4,4,Troy Hill,Downtown,DOWNTOWN,1,c2d73c1a-c0ef-4a42-9389-61931f895d5c,590.3
4,4,Troy Hill,Downtown,DOWNTOWN,2,6b0ebe69-e4f9-415d-a62d-c9a2ff14ed3e,5033.2
4,4,Troy Hill,Downtown,DOWNTOWN,3,88d1767e-7ba1-4c69-b51e-2abb33d1dee6,4664.6
4,4,Troy Hill,Downtown,DOWNTOWN,4,0cc1a542-7de8-49fd-8d4e-30d264ca8e81,1679.3
4,4,Troy Hill,Downtown,DOWNTOWN,5,4d7702e5-06a0-4d37-ab82-e3b5b060320e,66.7
4,4,Troy Hill,Downtown,DOWNTOWN,6,9b2f776e-1866-4d90-8a47-122170398558,3069.9
4,4,Troy Hill,Downtown,DOWNTOWN,7,adf89a63-2c0e-46b0-a57a-e666e6786907,1280.1
4,4,Troy Hill,Downtown,DOWNTOWN,8,ee1c99eb-6ef6-4fa8-8131-d7918595b685,4153.6
4,4,Troy Hill,Downtown,DOWNTOWN,9,1c8a5bf5-3ae1-4946-b332-78542aa67628,207.8
4,4,Troy Hill,Downtown,DOWNTOWN,10,fc46a2f4-8d3e-4da9-aa58-6b3b5043246e,2166.2
4,4,Troy Hill,Downtown,DOWNTOWN,11,3322291a-14de-474c-bd51-1b4430eef480,1836.9
4,4,Troy Hill,Downtown,DOWNTOWN,12,f46343bd-e172-467b-9546-f4ed59576e00,1962.2
4,4,Troy Hill,Downtown,DOWNTOWN,13,5da95d3b-8ba0-42f9-9c00-938149b6774e,2314.0
4,4,Troy Hill,Downtown,DOWNTOWN,14,785e21d4-757d-412d-bc9c-bca6cee0aad4,971.0
4,4,Troy Hill,Downtown,DOWNTOWN,15,b03c58cd-a643-42e7-a690-608e36935011,2771.1
4,4,Troy Hill,Downtown,DOWNTOWN,16,52bcdc4f-9663-466b-92e8-79da84d47ee4,1202.2
4,4,Troy Hill,Downtown,DOWNTOWN,17,5595db6a-3eb8-43f1-ad2f-2d0798fdd3f3,2635.7
4,4,Troy Hill,Downtown,DOWNTOWN,18,7da41aea-873e-44d3-ae1b-060766fd00a8,3528.0
4,4,Troy Hill,Downtown,DOWNTOWN,19,b7d55437-7b72-4a7d-a8d9-8d193615c963,0
4,4,Troy Hill,Downtown,DOWNTOWN,20,13d2a987-bfab-4a72-92d9-bf8dd286a060,4421.4
4,4,Troy Hill,Downtown,DOWNTOWN,21,b8c2db36-c123-4b76-86af-54bd573de3ec,786.8
4,4,Troy Hill,Downtown,DOWNTOWN,22,fc0041a7-f798-4395-a361-5faa8768abb5,3378.0
4,4,Troy Hill,Downtown,DOWNTOWN,23,1955b321-19db-43e2-9cc9-1080dec7ac0a,383.1
4,4,Troy Hill,Troy Hill,TROY HILL,1,cef918c9-65ff-4e06-9dc6-941bf25d7dca,4786.8
4,4,Troy Hill,Troy Hill,TROY HILL,2,39cf554c-ad12-42e1-84dc-8a12b4e808aa,1637.5
4,4,Troy Hill,Troy Hill,TROY HILL,3,49a2bb00-9240-4a0a-b942-a0975df49251,4212.0
4,4,Troy Hill,Troy Hill,TROY HILL,4,ab4d6e79-1200-40d4-9db6-27fe30ef2e83,1353.1
4,4,Troy Hill,Troy Hill,TROY HILL,5,52430752-470a-4c6c-b47f-d40bdcaa2154,413.2
4,4,Troy Hill,Troy Hill,TROY HILL,6,1e19db83-60ff-44a4-a3d4-b48f4480cfc3,3182.8
4,4,Troy Hill,Troy Hill,TROY HILL,7,236b7c48-66b4-4e44-8082-740085072b2b,4400.5
4,4,Troy Hill,Troy Hill,TROY HILL,8,737e56b4-191f-4cff-8ce6-88f7a4e0d99d,960.4
4,4,Troy Hill,Troy Hill,TROY HILL,9,305e12af-64b0-4ac6-ac4c-428c1dc9fd9c,0
4,4,Troy Hill,Troy Hill,TROY HILL,10,08087ad9-05f6-427a-bd5b-1aff2d52ba4c,2422.8
4,4,Troy Hill,Troy Hill,TROY HILL,11,0ca3f4f7-d510-4f5d-96cc-814b2142cdb6,3929.5
4,4,Troy Hill,Troy Hill,TROY HILL,12,b7d55437-7b72-4a7d-a8d9-8d193615c963,4990.6
4,4,Troy Hill,Troy Hill,TROY HILL,13,7471d878-dc5c-4d11-b5f0-715ffbff2f77,1904.6
4,4,Troy Hill,Troy Hill,TROY HILL,14,f659ce79-a26f-4d43-9bcb-800842b74915,2201.3
4,4,Troy Hill,Troy Hill,TROY HILL,15,07adc58c-25dd-4915-b5dc-8813ec45f009,4575.7
4,4,Troy Hill,Troy Hill,TROY HILL,16,02bafea7-6378-42c1-84e8-090189c39fcf,710.9
4,4,Troy Hill,Troy Hill,TROY HILL,17,c28e9f9b-801f-4c3d-b195-585f9d8d0b2b,4918.4
4,4,Troy Hill,Troy Hill,TROY HILL,18,19dec1a1-80e9-4149-9974-891178b20a85,2870.8
4,4,Troy Hill,Troy Hill,TROY HILL,19,0ff9f420-10fc-4e25-90c0-39937980b8ee,3349.3
4,4,Troy Hill,Troy Hill,TROY HILL,20,01b518e7-5a54-4d1c-99f2-57b961d51bd7,4055.2
4,4,Troy Hill,Troy Hill,TROY HILL,21,70829884-52bd-4ae2-94eb-e821028e3c3b,3067.6
4,4,Troy Hill,Troy Hill,TROY HILL,22,3fdb80b4-f6fb-4646-9e8b-0afce813cec6,3720.6
4,4,Troy Hill,Troy Hill,TROY HILL,23,db5db0dc-9a24-4acd-8ca1-8fa3da793a78,3827.1
63,63,A,Olympia,OLYMPIA VILLAGE via Jenny Lind St,1,d071b170-5239-495c-a9b3-955d69d0257f,11221.8
63,63,A,Olympia,OLYMPIA VILLAGE via Jenny Lind St,2,0f85e5e1-d6ec-4807-a642-75f558c1760d,9094.0
63,63,A,Olympia,OLYMPIA VILLAGE via Jenny Lind St,3,c0e93451-72b7-4ecd-875a-5bb0fd1c95ea,6942.7
63,63,A,Olympia,OLYMPIA VILLAGE via Jenny Lind St,4,b00e3457-c49e-4855-9a81-145b770f76c3,5174.4
63,63,A,Olympia,OLYMPIA VILLAGE via Jenny Lind St,5,a00e3a92-7854-4ffa-a1bc-c8e01337aea2,9361.4
63,63,A,Olympia,OLYMPIA VILLAGE via Jenny Lind St,6,282da7ac-c425-449d-a5bd-2da981fc9f43,12091.3
63,63,A,Olympia,OLYMPIA VILLAGE via Jenny Lind St,7,75d127bb-e4f9-40d1-9e0e-851151c6f321,7262.2
63,63,A,Olympia,OLYMPIA VILLAGE via Jenny Lind St,8,4edf91df-1683-40f4-8bbc-16f7968a26c7,6519.3
63,63,A,Olympia,OLYMPIA VILLAGE via Jenny Lind St,9,fac4679b-971f-4869-aaee-80acbdad3d7e,8708.8
63,63,A,Olympia,OLYMPIA VILLAGE via Jenny Lind St,10,147c754a-520b-42c3-83dc-51226a3ee586,2327.8
63,63,A,Olympia,OLYMPIA VILLAGE via Jenny Lind St,11,8f636c64-4f5c-41ec-abf4-374841a32eac,13073.8
63,63,A,Olympia,OLYMPIA VILLAGE via Jenny Lind St,12,c3a24ac9-5162-4c6f-a9ca-652c677ef33a,4971.9
63,63,A,Olympia,OLYMPIA VILLAGE via Jenny Lind St,13,137798f3-0c6d-4516-8eda-2b9fa0a0cb55,4540.8
63,63,A,Olympia,OLYMPIA VILLAGE via Jenny Lind St,14,409fbb1a-b911-4721-a705-64e05b5aa4b9,11760.3
63,63,A,Olympia,OLYMPIA VILLAGE via Jenny Lind St,15,613bfc96-6a97-4e75-a033-295a233e0774,1035.8
63,63,A,Olympia,OLYMPIA VILLAGE via Jenny Lind St,16,bc787198-b203-4a70-b7dd-ed90b6450680,5626.4
63,63,A,Olympia,OLYMPIA VILLAGE via Jenny Lind St,17,54b24cb9-4ade-4eac-aa4d-73c7dd914a9e,8356.4
63,63,A,Olympia,OLYMPIA VILLAGE via Jenny Lind St,18,43d3c1a6-5b45-4684-ab40-90b707fb330b,836.0
63,63,A,Olympia,OLYMPIA VILLAGE via Jenny Lind St,19,9bd868fb-97ab-4dbe-86be-56be0b717898,3480.5
63,63,A,Olympia,OLYMPIA VILLAGE via Jenny Lind St,20,2ad441b8-8f77-4034-a359-12c9f2081852,11939.5
63,63,A,Olympia,OLYMPIA VILLAGE via Jenny Lind St,21,2b6a1adb-0b33-467f-a1a6-0f2a4b41a2d8,9757.6
63,63,A,Olympia,OLYMPIA VILLAGE via Jenny Lind St,22,66b0d915-db80-42d0-99be-3f144ff49444,10017.6
63,63,A,Olympia,OLYMPIA VILLAGE via Jenny Lind St,23,1cdcd074-f961-4579-8962-53b9e51a05db,6037.0
63,63,A,Olympia,OLYMPIA VILLAGE via Jenny Lind St,24,ceb25cb2-01be-4f44-b402-d860dc6f39c4,4189.9
63,63,A,Olympia,OLYMPIA VILLAGE via Jenny Lind St,25,99904a43-fac6-4a45-ac94-b78b7cd17e24,9534.2
63,63,A,Olympia,OLYMPIA VILLAGE via Jenny Lind St,26,52cd9f2a-d278-4a45-9a4f-3e8b662d51c6,1509.8
63,63,A,Olympia,OLYMPIA VILLAGE via Jenny Lind St,27,ff2f5c60-5500-4dd1-9b0b-df4f87574d20,11631.2
63,63,A,Olympia,OLYMPIA VILLAGE via Jenny Lind St,28,248eb22d-6c4e-4102-be8d-d0595f6b965d,0
63,63,A,Olympia,OLYMPIA VILLAGE via Jenny Lind St,29,f9fd1191-0fc7-45be-9faf-ec766df42624,2074.4
63,63,A,Olympia,OLYMPIA VILLAGE via Jenny Lind St,30,7bdca32d-95e2-49bd-9cd7-eeb512250a8d,3801.8
63,63,A,Olympia,OLYMPIA VILLAGE via Jenny Lind St,31,229748c0-6ad2-481f-b3d6-8406a08a4ec3,7516.5
63,63,A,Olympia,OLYMPIA VILLAGE via Jenny Lind St,32,293344e8-89b7-43c2-84b0-985fb59d6659,4807.1
63,63,A,Olympia,OLYMPIA VILLAGE via Jenny Lind St,33,47dc864a-532c-4e34-ab74-e2282d02f125,6232.7
63,63,A,Olympia,OLYMPIA VILLAGE via Jenny Lind St,34,129a941e-9867-42b8-b4f7-f228c735fdd1,5793.2
63,63,A,Olympia,OLYMPIA VILLAGE via Jenny Lind St,35,46aa9d01-e500-4ce4-b645-4c180df24270,2577.1
63,63,A,Olympia,OLYMPIA VILLAGE via Jenny Lind St,36,c27f0191-2569-47a0-967a-3ae1868299a7,1810.7
63,63,A,Olympia,OLYMPIA VILLAGE via Jenny Lind St,37,810305c7-694d-4db3-ad05-9d66ff501815,10265.1
63,63,A,Olympia,OLYMPIA VILLAGE via Jenny Lind St,38,e555a093-4b4a-4705-a7e0-4a13ac3a9d5c,3351.7
63,63,A,Olympia,OLYMPIA VILLAGE via Jenny Lind St,39,70103893-62a9-48cc-bfde-877a234aeb92,12472.3
63,63,A,Olympia,OLYMPIA VILLAGE via Jenny Lind St,40,d6d6c321-0936-4e2e-b1af-74d39b7bc44e,7945.0
63,63,A,Olympia,OLYMPIA VILLAGE via Jenny Lind St,41,2594a5cc-79df-4684-8e86-f57cb89814a6,10647.3
63,63,A,Olympia,OLYMPIA VILLAGE via Jenny Lind St,42,6c137f6a-4d98-47ca-8e78-447f52edf066,12292.3
63,63,A,Olympia,OLYMPIA VILLAGE via Jenny Lind St,43,59ebccb9-42f3-4ad6-b5f4-57ca5086c8fa,3023.1
63,63,A,Rainbow Vlg,CRAWFORD VLG via Jenny Lind St,1,eeee27cf-5c99-476b-8a51-72b70ac51837,9152.4
63,63,A,Rainbow Vlg,CRAWFORD VLG via Jenny Lind St,2,ea4f7ea2-44bb-48fd-8d51-0f9ce821c2d5,8932.9
63,63,A,Rainbow Vlg,CRAWFORD VLG via Jenny Lind St,3,0e6da9ac-6785-4fe4-a58b-d336727de789,1466.4
63,63,A,Rainbow Vlg,CRAWFORD VLG via Jenny Lind St,4,a8eae059-90be-4175-a015-84c3046a46dd,12309.5
63,63,A,Rainbow Vlg,CRAWFORD VLG via Jenny Lind St,5,5d663de4-ae47-4cc1-9efa-1c9b1038a92d,9864.9
63,63,A,Rainbow Vlg,CRAWFORD VLG via Jenny Lind St,6,87efdbc2-ec02-42b9-80be-1324a79dd5ed,11271.0
63,63,A,Rainbow Vlg,CRAWFORD VLG via Jenny Lind St,7,f5fd421d-ecbb-43ef-904c-0431cb408075,7408.8
63,63,A,Rainbow Vlg,CRAWFORD VLG via Jenny Lind St,8,248eb22d-6c4e-4102-be8d-d0595f6b965d,13362.9
63,63,A,Rainbow Vlg,CRAWFORD VLG via Jenny Lind St,9,860a8b2e-5c09-4507-b495-cd25c56f84bd,6960.5
63,63,A,Rainbow Vlg,CRAWFORD VLG via Jenny Lind St,10,300b5071-65de-4d1d-84f0-d1710ba2197d,1969.3
63,63,A,Rainbow Vlg,CRAWFORD VLG via Jenny Lind St,11,44de07e0-a817-4d97-9549-f0755b3f649d,7840.6
63,63,A,Rainbow Vlg,CRAWFORD VLG via Jenny Lind St,12,4500bad3-598c-4856-90db-85fc983dd7e2,12844.2
63,63,A,Rainbow Vlg,CRAWFORD VLG via Jenny Lind St,13,c1660437-43cb-4c06-9864-569de6eabbe9,5947.5
63,63,A,Rainbow Vlg,CRAWFORD VLG via Jenny Lind St,14,90a14280-d0db-4f82-bc77-4fe1f259c44f,5257.3
63,63,A,Rainbow Vlg,CRAWFORD VLG via Jenny Lind St,15,f774ff22-a38b-4150-b0ae-eb406257e549,4885.8
63,63,A,Rainbow Vlg,CRAWFORD VLG via Jenny Lind St,16,e07cbcdf-cd06-4c6b-afef-9004b970db40,5693.7
63,63,A,Rainbow Vlg,CRAWFORD VLG via Jenny Lind St,17,2e8c5d61-ae7d-4630-9dd6-5493b3035732,2567.5
63,63,A,Rainbow Vlg,CRAWFORD VLG via Jenny Lind St,18,5ca27fc8-ecb8-4333-8cff-7a1ad4123b3c,11872.9
63,63,A,Rainbow Vlg,CRAWFORD VLG via Jenny Lind St,19,0b8b85e8-0b1b-4201-bee9-5d78815485ee,4539.3
63,63,A,Rainbow Vlg,CRAWFORD VLG via Jenny Lind St,20,973c6cb5-80c7-40e5-98be-5f01980581ed,6263.1
63,63,A,Rainbow Vlg,CRAWFORD VLG via Jenny Lind St,21,0284571b-d0be-462b-9129-0305eee61f74,11012.0
63,63,A,Rainbow Vlg,CRAWFORD VLG via Jenny Lind St,22,087433dd-b733-4835-9d63-b53562194936,10810.9
63,63,A,Rainbow Vlg,CRAWFORD VLG via Jenny Lind St,23,de64fa42-3fdc-4e6f-adac-7c93f5bdc98e,4503.6
63,63,A,Rainbow Vlg,CRAWFORD VLG via Jenny Lind St,24,1c9fba9a-ccf7-40a4-abfb-6c5bdeebb83b,6500.5
63,63,A,Rainbow Vlg,CRAWFORD VLG via Jenny Lind St,25,3efdfe63-080b-40cb-9874-d77de3709e24,1234.2
63,63,A,Rainbow Vlg,CRAWFORD VLG via Jenny Lind St,26,7456e245-a7a6-403d-84f3-1ef6af83a070,4268.9
63,63,A,Rainbow Vlg,CRAWFORD VLG via Jenny Lind St,27,e78abd18-b924-4da7-bbd4-a7ec2003474a,1148.7
63,63,A,Rainbow Vlg,CRAWFORD VLG via Jenny Lind St,28,486387ea-2d45-4b3f-b922-391eb2a6236f,1369.4
63,63,A,Rainbow Vlg,CRAWFORD VLG via Jenny Lind St,29,10ec03bb-1e52-4b7d-8d9d-e567ca60371d,11565.0
63,63,A,Rainbow Vlg,CRAWFORD VLG via Jenny Lind St,30,22c05867-0d1e-4172-a9cc-902529c92c5b,9565.9
63,63,A,Rainbow Vlg,CRAWFORD VLG via Jenny Lind St,31,77d89f4a-3698-41a5-80a6-2a8a640caae2,9996.6
63,63,A,Rainbow Vlg,CRAWFORD VLG via Jenny Lind St,32,dc1be4cb-403f-498c-afb8-e4fd5bde9b0e,3185.0
63,63,A,Rainbow Vlg,CRAWFORD VLG via Jenny Lind St,33,4f3f7d80-71e7-45f9-9c75-58df21de5f0b,1601.1
63,63,A,Rainbow Vlg,CRAWFORD VLG via Jenny Lind St,34,8ed3469d-b4d4-4ca8-91c9-0a2ecdf86d03,8836.5
63,63,A,Rainbow Vlg,CRAWFORD VLG via Jenny Lind St,35,3bdbb0ce-65d4-4d3f-a84e-b45988537953,3879.2
63,63,A,Rainbow Vlg,CRAWFORD VLG via Jenny Lind St,36,7d19e531-1a5d-4841-bdcd-514843db0286,4099.2
63,63,A,Rainbow Vlg,CRAWFORD VLG via Jenny Lind St,37,5b80451e-0896-404a-9f7f-46590834f72d,924.0
63,63,A,Rainbow Vlg,CRAWFORD VLG via Jenny Lind St,38,15be50ad-5723-45d4-be3d-196848bbd3e9,8367.4
63,63,A,Rainbow Vlg,CRAWFORD VLG via Jenny Lind St,39,7f4c64bf-e1a7-49e3-8e10-ccb0ac9c8072,10310.6
63,63,A,Rainbow Vlg,CRAWFORD VLG via Jenny Lind St,40,fbfe31f5-d77a-49b9-9731-d53523655a62,7589.0
63,63,A,Rainbow Vlg,CRAWFORD VLG via Jenny Lind St,41,27de9c96-6791-47d3-ae67-dba809ceb9d0,9462.6
63,63,A,Rainbow Vlg,CRAWFORD VLG via Jenny Lind St,42,7bdca32d-95e2-49bd-9cd7-eeb512250a8d,9562.5
63,63,A,Rainbow Vlg,CRAWFORD VLG via Jenny Lind St,43,fb6b8f54-1d7b-4380-af92-2ec655bcc0c9,8018.1
63,63,A,Rainbow Vlg,CRAWFORD VLG via Jenny Lind St,44,feb70f90-9765-4f56-85ee-b4deb8d9e572,7180.9
63,63,A,Rainbow Vlg,CRAWFORD VLG via Jenny Lind St,45,a20281ec-5eb6-45e6-9c23-d670bb90b363,8202.7
63,63,A,Rainbow Vlg,CRAWFORD VLG via Jenny Lind St,46,cfe79ccb-f62a-4da3-9bce-e6ac3f574287,12618.4
63,63,A,Rainbow Vlg,CRAWFORD VLG via Jenny Lind St,47,dec006df-c794-48f0-aca4-956fefb32f0c,9026.0
63,63,A,Rainbow Vlg,CRAWFORD VLG via Jenny Lind St,48,6ff1624a-492f-438c-96d0-c19e3cdc4baf,8589.7
63,63,A,Rainbow Vlg,CRAWFORD VLG via Jenny Lind St,49,1a7d8ef9-252e-4a82-956d-0e66e7b06498,10126.2
63,63,A,Rainbow Vlg,CRAWFORD VLG via Jenny Lind St,50,8f636c64-4f5c-41ec-abf4-374841a32eac,0.6
63,63,A,Rainbow Vlg,CRAWFORD VLG via Jenny Lind St,51,d036d81e-b58a-41a3-917e-e6471c9cc1d0,3010.1
18,18,A,Downtown,DOWNTOWN,1,cf81b882-5789-45df-a38f-c425f92d8ed7,18702.3
18,18,A,Downtown,DOWNTOWN,2,fadcb544-7925-4b73-90a4-26a9f7cc1f05,24039.2
18,18,A,Downtown,DOWNTOWN,3,2a6d55d6-beab-4bdc-823d-f8962f9ef715,25820.1
18,18,A,Downtown,DOWNTOWN,4,52dc4d84-649f-43d3-adda-189f53666f6d,18247.3
18,18,A,Downtown,DOWNTOWN,5,88d1767e-7ba1-4c69-b51e-2abb33d1dee6,30440.4
18,18,A,Downtown,DOWNTOWN,6,f71d724f-de29-43a4-ad92-ec7f7c193b97,19116.5
18,18,A,Downtown,DOWNTOWN,7,27bc3a2b-836f-4b60-838b-60935277df29,19001.2
18,18,A,Downtown,DOWNTOWN,8,d04883cf-e403-44a0-a84f-2e0799bc07c0,7915.3
18,18,A,Downtown,DOWNTOWN,9,54097f1f-032b-4f74-9b54-d1d4c484a7fe,24455.1
18,18,A,Downtown,DOWNTOWN,10,829666ab-e457-4b14-a757-e056e22bec33,17830.4
18,18,A,Downtown,DOWNTOWN,11,4c0848b3-06fc-4b09-86e6-adba1b9722a7,318.7
18,18,A,Downtown,DOWNTOWN,12,a34d3aa3-1a0f-4b5f-ab7f-59f2d2b1c1ba,59467.0
18,18,A,Downtown,DOWNTOWN,13,01963ebb-1143-474f-8fe2-9f66f16a8d3c,22945.9
18,18,A,Downtown,DOWNTOWN,14,4f2ab4ee-6c5b-4c74-8435-e207b86285ce,4324.1
18,18,A,Downtown,DOWNTOWN,15,aa206119-9675-4ad1-9c49-bc608d5059d1,18054.4
18,18,A,Downtown,DOWNTOWN,16,00df945e-86ce-4c89-859e-a749e0a42e7f,22115.5
18,18,A,Downtown,DOWNTOWN,17,13d2a987-bfab-4a72-92d9-bf8dd286a060,30197.2
18,18,A,Downtown,DOWNTOWN,18,a59dfdd9-e503-4716-9d30-169e0556413d,7027.6
18,18,A,Downtown,DOWNTOWN,19,f695ce19-89b5-4325-bf39-44e33e280b62,7159.0
18,18,A,Downtown,DOWNTOWN,20,39e4ea9e-5049-400c-8b20-5aacb937d1eb,1450.8
18,18,A,Downtown,DOWNTOWN,21,ac12638f-d8e9-48bf-b517-4d3b81cc4c23,12935.7
18,18,A,Downtown,DOWNTOWN,22,a580dea9-9cf9-4cbc-a7a8-1a0fef915d5e,10810.6
18,18,A,Downtown,DOWNTOWN,23,f2f6f43b-edeb-455a-9350-4c9d46180e4a,14183.9
18,18,A,Downtown,DOWNTOWN,24,3f4fdfbc-e70c-4639-a060-843cf8953f89,22397.1
18,18,A,Downtown,DOWNTOWN,25,f397318a-8549-4b26-91aa-3f7d368f33b0,59159.7
18,18,A,Downtown,DOWNTOWN,26,3435ae1d-b3f2-46fe-9d31-98efaf79d1f1,28370.2
18,18,A,Downtown,DOWNTOWN,27,4cf9d583-aca8-4fb8-8540-7b727b2e4b24,20467.4
18,18,A,Downtown,DOWNTOWN,28,7d1ea51f-d2fd-4fb0-9fc6-44cee79e74a2,14002.7
18,18,A,Downtown,DOWNTOWN,29,b4cbdacc-f9c9-4398-9ddd-27f062dde5aa,20146.5
18,18,A,Downtown,DOWNTOWN,30,fc0041a7-f798-4395-a361-5faa8768abb5,29153.8
18,18,A,Downtown,DOWNTOWN,31,ce7bf7ff-808b-4166-b6be-68e7078617ff,2681.5
18,18,A,Downtown,DOWNTOWN,32,6a108dde-a478-4f5d-996c-0b5611a6a6b8,23501.8
18,18,A,Downtown,DOWNTOWN,33,2de0cabb-abae-40f3-ac4e-cc725475055f,28209.8
18,18,A,Downtown,DOWNTOWN,34,5aab64ea-644e-407b-85af-f894bd1283b8,11338.2
18,18,A,Downtown,DOWNTOWN,35,7da41aea-873e-44d3-ae1b-060766fd00a8,29303.8
18,18,A,Downtown,DOWNTOWN,36,c1ac2f56-e49a-4fd3-bb66-ee785a0acfac,2161.8
18,18,A,Downtown,DOWNTOWN,37,9aad3257-b7bb-4eeb-ae0d-c5b14ccbafae,16565.3
18,18,A,Downtown,DOWNTOWN,38,4351e5da-fbb3-4c0b-9de7-b3d95c6e0e24,26924.4
18,18,A,Downtown,DOWNTOWN,39,4fce56ac-6332-44e7-981c-363cc3518a45,8464.2
18,18,A,Downtown,DOWNTOWN,40,4137d299-7e37-4549-9f09-0f8964c9dd4f,14954.1
18,18,A,Downtown,DOWNTOWN,41,ff9d445c-009c-4234-a52b-69ecb4abdd65,3490.2
18,18,A,Downtown,DOWNTOWN,42,1d6489ed-bef1-4439-aa8d-7b4459c9e7a2,19412.2
18,18,A,Downtown,DOWNTOWN,43,5fa50cb1-770c-47f8-b84e-a35271acbeb3,21921.4
18,18,A,Downtown,DOWNTOWN,44,d578e874-bdc2-40db-9380-842a1e70b1ad,2.2
18,18,A,Downtown,DOWNTOWN,45,6b0ebe69-e4f9-415d-a62d-c9a2ff14ed3e,60551.3
18,18,A,Downtown,DOWNTOWN,46,cc4323c6-52e6-4f13-a3bb-3dc6d7089a31,28109.4
18,18,A,Downtown,DOWNTOWN,47,7527f772-1491-426d-ad37-b8120c0cbe8d,14656.6
18,18,A,Downtown,DOWNTOWN,48,4bc0935d-1ccb-468d-a390-885f40acc9c4,3016.2
18,18,A,Downtown,DOWNTOWN,49,ee1c99eb-6ef6-4fa8-8131-d7918595b685,29929.4
18,18,A,Downtown,DOWNTOWN,50,9b2f776e-1866-4d90-8a47-122170398558,28845.7
18,18,A,Downtown,DOWNTOWN,51,c27239ae-59bd-4dc0-a7fb-5938a380a11d,25550.9
18,18,A,Downtown,DOWNTOWN,52,08e18c88-65e9-4863-8a4a-47548e9dc305,26551.3
18,18,A,Downtown,DOWNTOWN,53,a80924cd-82e1-4dfc-b065-b655f9e5b60b,14561.0
18,18,A,Downtown,DOWNTOWN,54,86d4af19-eb30-450e-8263-b96931971f5e,1003.5
18,18,A,Downtown,DOWNTOWN,55,fcaa4f3e-f027-441a-8f8a-bcced33cf9c0,11732.4
18,18,A,Downtown,DOWNTOWN,56,1c3e9dfb-fba1-4d0c-b4a9-b114deb84315,659.9
18,18,A,Downtown,DOWNTOWN,57,57d565ef-b4c0-4b31-a94f-4b7549cb7dc2,28631.3
18,18,A,Downtown,DOWNTOWN,58,e093910b-43a0-44da-97b1-1babc969f399,24941.9
18,18,A,Downtown,DOWNTOWN,59,2501d190-e314-4066-b538-c2030d3e31e5,6844.1
18,18,A,Downtown,DOWNTOWN,60,9dedd39c-d2fa-4d6c-9fc7-e1e60db24fa5,14387.5
18,18,A,Downtown,DOWNTOWN,61,9fba3286-392f-4f77-889b-71980efd1968,27289.0
18,18,A,Downtown,DOWNTOWN,62,998ab553-cd67-4180-b247-9b2810d2dd5b,14753.1
18,18,A,Wexford,ROSS,1,d04883cf-e403-44a0-a84f-2e0799bc07c0,22328.7
18,18,A,Wexford,ROSS,2,d154cf8b-cd85-423b-bdcb-1b382619db98,2933.7
18,18,A,Wexford,ROSS,3,c9369acd-7607-4530-971b-577f1e81d900,2067.6
18,18,A,Wexford,ROSS,4,39cf554c-ad12-42e1-84dc-8a12b4e808aa,1636.0
18,18,A,Wexford,ROSS,5,bdad86e9-6f08-4e7e-8ae3-1430e33c6ae8,4929.3
18,18,A,Wexford,ROSS,6,8f22f754-df77-4d06-bf9a-7ea90f387ce2,28579.2
18,18,A,Wexford,ROSS,7,200fe8ac-a8c2-4ec9-b211-2002aede6dca,10398.9
18,18,A,Wexford,ROSS,8,0040bf93-b98e-404e-86be-9c2e7059f1b9,2427.9
18,18,A,Wexford,ROSS,9,52430752-470a-4c6c-b47f-d40bdcaa2154,411.7
18,18,A,Wexford,ROSS,10,0dda1038-8396-4d06-8f01-099ddf3a2698,7919.4
18,18,A,Wexford,ROSS,11,41523e7f-2719-42a3-a3f9-14c43d40558e,16232.9
18,18,A,Wexford,ROSS,12,a59dfdd9-e503-4716-9d30-169e0556413d,23842.8
18,18,A,Wexford,ROSS,13,48a58691-2529-40b8-8f6b-2ee7e79b29b0,29090.8
18,18,A,Wexford,ROSS,14,6fe4dd34-f3e8-4ceb-8de3-490f33cbb83f,3837.2
18,18,A,Wexford,ROSS,15,9aad3257-b7bb-4eeb-ae0d-c5b14ccbafae,14130.0
18,18,A,Wexford,ROSS,16,c1e42a2a-7968-4e2a-b733-c95f78ed3a18,15885.3
18,18,A,Wexford,ROSS,17,3e437c07-0c20-4ced-befb-2331a5702a27,30513.4
18,18,A,Wexford,ROSS,18,a97afc3a-4dc3-42c8-8e12-c4ac0608801f,5217.0
18,18,A,Wexford,ROSS,19,960ccab8-4615-4f8d-b70d-41abcb863011,16773.3
18,18,A,Wexford,ROSS,20,1b9349e8-5401-48bc-9cc1-b49451ac7c1c,28210.2
18,18,A,Wexford,ROSS,21,02bafea7-6378-42c1-84e8-090189c39fcf,709.4
18,18,A,Wexford,ROSS,22,737e56b4-191f-4cff-8ce6-88f7a4e0d99d,958.8
18,18,A,Wexford,ROSS,23,f93aa3ee-6a4c-4b5f-9d4a-57370604915f,8749.6
18,18,A,Wexford,ROSS,24,7471d878-dc5c-4d11-b5f0-715ffbff2f77,1903.1
18,18,A,Wexford,ROSS,25,07f0a840-8256-41fa-9336-1df4cb8d0321,12909.4
18,18,A,Wexford,ROSS,26,d578e874-bdc2-40db-9380-842a1e70b1ad,30999.2
18,18,A,Wexford,ROSS,27,097def51-f8d4-4ff5-8a6a-290740916611,15258.0
18,18,A,Wexford,ROSS,28,f695ce19-89b5-4325-bf39-44e33e280b62,23974.1
18,18,A,Wexford,ROSS,29,718229ba-fac8-4c69-a3a3-9e05ce09bbb4,2656.4
18,18,A,Wexford,ROSS,30,1763d895-e8ca-4a98-b874-a6deba8ebad5,16433.1
18,18,A,Wexford,ROSS,31,7f89830d-dd32-4b95-b1ac-2d8f0ba77ccd,29874.3
18,18,A,Wexford,ROSS,32,1dbc045b-afb3-482c-bfeb-762cffb74d9a,19598.7
18,18,A,Wexford,ROSS,33,cc9e0898-1367-40a6-b4a8-2a54446a8ff1,3436.0
18,18,A,Wexford,ROSS,34,b780c4a3-c691-4dcc-b608-ab64bb99a04b,9268.7
18,18,A,Wexford,ROSS,35,9f517c7e-70b2-4d51-a2dd-efcd08542078,11779.1
18,18,A,Wexford,ROSS,36,def19f44-5614-48a2-bc05-c9737f538998,12217.3
18,18,A,Wexford,ROSS,37,305e12af-64b0-4ac6-ac4c-428c1dc9fd9c,0
18,18,A,Wexford,ROSS,38,9289bfd7-3f21-4828-8004-5f6c15891909,4209.5
18,18,A,Wexford,ROSS,39,b7437004-dd5e-4a5c-a2b3-99fe3afeac3e,7335.5
18,18,A,Wexford,ROSS,40,623a4acb-5610-4654-937f-30d69545e03d,2275.4
18,18,A,Wexford,ROSS,41,ab4d6e79-1200-40d4-9db6-27fe30ef2e83,1351.5
18,18,A,Wexford,ROSS,42,06afd2d9-ded3-4140-8b8d-acb401089e54,8211.1
18,18,A,Wexford,ROSS,43,795998e7-fb8a-4ea4-b417-f20e8b3145a3,9560.1
18,18,A,Wexford,ROSS,44,ed854f60-1d48-422e-b2c5-d9d58352c368,10095.5
18,18,A,Wexford,ROSS,45,8c8f811f-36f3-4990-92ab-bd10ed4cbce4,19339.9
18,18,A,Wexford,ROSS,46,87842825-f067-410f-9c7e-ae6c3a98cf3c,16122.0
18,18,A,Wexford,ROSS,47,082fd91b-0444-4aea-9b9e-636c808b4568,17791.0
18,18,A,Wexford,ROSS,48,3f5e4841-d8c1-4447-bc95-2b388b21337c,6699.1
18,18,A,Wexford,ROSS,49,66213a45-9c96-473f-b29d-fbc80efb9280,19925.7
18,18,A,Wexford,ROSS,50,c06dd1d0-e30b-41f7-8f46-5cee4c80c578,16635.4
18,18,A,Wexford,ROSS,51,c8f82dfc-0e87-46f9-81ed-acc167e5f09f,11423.5
18,18,A,Wexford,ROSS,52,482a230f-89c5-4c4e-97d1-8e3e81f2331e,11253.2
18,18,A,Wexford,ROSS,53,b3f3834a-2077-4102-b58e-6e9bbd31d679,6322.0
18,18,A,Wexford,ROSS,54,4301cdb7-367a-4ec1-b0d2-08af3e8baa3a,26981.8
18,18,A,Wexford,ROSS,55,4cfb92eb-4dac-4091-8496-8737a3243a70,21724.2
18,18,A,Wexford,ROSS,56,2501d190-e314-4066-b538-c2030d3e31e5,23659.3
18,18,A,Wexford,ROSS,57,79f21e67-d901-40a4-b9b4-25b7d5617475,5835.0
18,18,A,Wexford,ROSS,58,aa08cb9e-bae8-4c5e-b180-4f072ac31022,10695.1
18,18,A,Wexford,ROSS,59,c21a0c80-8fea-4ff0-8a5b-461ba737449d,11091.4
18,18,A,Wexford,ROSS,60,1e6f20ab-2c49-475a-9082-36ada30de39c,27824.9
26,26,A,Downtown,DOWNTOWN via Chartiers Av,1,34cf6789-8e2f-4fc4-a953-a860f34e5e05,12282.8
26,26,A,Downtown,DOWNTOWN via Chartiers Av,2,8954c971-befe-4a5e-94fc-0fdd19db2c3b,5503.2
26,26,A,Downtown,DOWNTOWN via Chartiers Av,3,a86b3c17-c83e-4d21-8efb-52bb3de06db4,12565.1
26,26,A,Downtown,DOWNTOWN via Chartiers Av,4,2acd02f6-7bd4-4e33-890f-6a5b84ae1b88,6771.8
26,26,A,Downtown,DOWNTOWN via Chartiers Av,5,9ea1c66e-e1bd-46e3-af36-2978906f6fa7,5148.2
26,26,A,Downtown,DOWNTOWN via Chartiers Av,6,6ebcbf2d-5c5f-41e7-959a-95bd89f17354,1494.8
26,26,A,Downtown,DOWNTOWN via Chartiers Av,7,9ead5b0c-cd60-43bf-9e38-7e8303cb503d,4989.0
26,26,A,Downtown,DOWNTOWN via Chartiers Av,8,1fc698ec-c840-4922-882a-3d10455027b7,2511.2
26,26,A,Downtown,DOWNTOWN via Chartiers Av,9,45e7184e-06b7-4377-a8af-893ceaa40b70,5848.4
26,26,A,Downtown,DOWNTOWN via Chartiers Av,10,30287615-00ba-4ddb-8f5a-03f2ba58a18a,0.1
26,26,A,Downtown,DOWNTOWN via Chartiers Av,11,a9f9bf43-8688-41f6-9b44-d663b81b4341,4435.6
26,26,A,Downtown,DOWNTOWN via Chartiers Av,12,c54aec51-74ca-4094-b833-5527b432880e,12756.0
26,26,A,Downtown,DOWNTOWN via Chartiers Av,13,f7ac688b-c115-4659-879d-1598a69a5e77,8750.9
26,26,A,Downtown,DOWNTOWN via Chartiers Av,14,3b79413d-facf-42ef-ac9a-178ae4d20359,12474.9
26,26,A,Downtown,DOWNTOWN via Chartiers Av,15,56405429-566d-4ff8-8482-adc9802567e3,10740.8
26,26,A,Downtown,DOWNTOWN via Chartiers Av,16,eb133c93-17da-477b-94ca-9248762a8d20,9612.8
26,26,A,Downtown,DOWNTOWN via Chartiers Av,17,6376a246-9403-48bb-a386-853fecdd020a,3310.3
26,26,A,Downtown,DOWNTOWN via Chartiers Av,18,d9dec274-efcb-4d56-8d79-46a0cb82f7c7,7637.3
26,26,A,Downtown,DOWNTOWN via Chartiers Av,19,60cfef17-08a1-4e8a-9a1b-1811fa7c545e,180.1
26,26,A,Downtown,DOWNTOWN via Chartiers Av,20,74867659-9ce9-4926-a9b1-45a83b6c3485,4750.8
26,26,A,Downtown,DOWNTOWN via Chartiers Av,21,63a79b2f-725c-41e6-b9d9-c41defeaea6d,4311.8
26,26,A,Downtown,DOWNTOWN via Chartiers Av,22,758b215b-5492-4db6-9836-599d6aa82aa7,8917.3
26,26,A,Downtown,DOWNTOWN via Chartiers Av,23,fc8a19f9-f98f-4d26-96c3-cf303b021650,2772.6
26,26,A,Downtown,DOWNTOWN via Chartiers Av,24,cda1292a-542c-4f73-ab6f-c146670c7fd4,4540.0
26,26,A,Downtown,DOWNTOWN via Chartiers Av,25,7fe4d858-25c4-4271-ba79-265ed97624e3,7388.5
26,26,A,Downtown,DOWNTOWN via Chartiers Av,26,9be520d8-def9-47c0-8d50-31358ad34c26,1762.2
26,26,A,Downtown,DOWNTOWN via Chartiers Av,27,e35659b1-5203-49ec-b6ad-a57c83be77cc,7815.2
26,26,A,Downtown,DOWNTOWN via Chartiers Av,28,bb2a37b7-8046-48f3-962d-52c3ebae1f21,7171.6
26,26,A,Downtown,DOWNTOWN via Chartiers Av,29,dc1b7e89-fc92-4b54-9748-58e88a17df8b,7954.7
26,26,A,Downtown,DOWNTOWN via Chartiers Av,30,200fd4fb-a1f3-4b58-80fe-65ce16f64c9a,5642.1
26,26,A,Downtown,DOWNTOWN via Chartiers Av,31,85aefcc4-affe-42db-bb05-b125f7fee130,6265.0
26,26,A,Downtown,DOWNTOWN via Chartiers Av,32,8b8b3170-a93d-4dd5-ad77-9a35750981d3,2639.5
26,26,A,Downtown,DOWNTOWN via Chartiers Av,33,f10163e9-02f6-4ff6-9225-ed23e38f687e,2398.1
26,26,A,Downtown,DOWNTOWN via Chartiers Av,34,4976a860-0dba-4456-ab1d-106340205d45,4111.0
26,26,A,Downtown,DOWNTOWN via Chartiers Av,35,17f17a87-b89a-4211-903b-84adc836e88c,6012.2
26,26,A,Downtown,DOWNTOWN via Chartiers Av,36,a172ff6f-064c-4361-bd53-b2638d19e6b4,6919.1
26,26,A,Downtown,DOWNTOWN via Chartiers Av,37,f13d6311-6f09-443f-9901-d5bc66ddeee8,6091.9
26,26,A,Downtown,DOWNTOWN via Chartiers Av,38,8fbe7e3e-c309-4255-a042-bddcb899a8dd,3642.5
26,26,A,Downtown,DOWNTOWN via Chartiers Av,39,4b4981b0-ca83-41ba-bbea-11645ec47911,9472.4
26,26,A,Downtown,DOWNTOWN via Chartiers Av,40,ad8d32d0-3109-4a8e-943c-c586d80734ae,464.9
26,26,A,Downtown,DOWNTOWN via Chartiers Av,41,067de531-3f93-43f8-9ed9-5eab588b084c,8640.2
26,26,A,Downtown,DOWNTOWN via Chartiers Av,42,e54c7462-2c08-448c-99e5-6d4cc7b8a1d3,11160.5
26,26,A,Downtown,DOWNTOWN via Chartiers Av,43,2869bdc4-7cf4-4e13-9177-b832169e8292,9282.4
26,26,A,Downtown,DOWNTOWN via Chartiers Av,44,8523b883-0008-463b-a6ac-a82f697daf2a,7046.3
26,26,A,Downtown,DOWNTOWN via Chartiers Av,45,dfdaebde-e53e-4239-979f-0184ca69f719,3226.2
26,26,A,Downtown,DOWNTOWN via Chartiers Av,46,483cd6ad-391d-408c-93e3-2bcd79cbec44,9398.8
26,26,A,Downtown,DOWNTOWN via Chartiers Av,47,300f88d0-c76e-406d-a894-76c3b48f9039,2215.4
26,26,A,Downtown,DOWNTOWN via Chartiers Av,48,796d823f-8aa7-4d30-b044-e3158fa16800,2939.2
26,26,A,Downtown,DOWNTOWN via Chartiers Av,49,21dda6ba-659a-4f8b-a5d3-eed5784a8178,3844.3
26,26,A,Downtown,DOWNTOWN via Chartiers Av,50,4bd00f2b-78af-460e-9ff6-571fc14083ad,1311.2
26,26,A,Downtown,DOWNTOWN via Chartiers Av,51,ffc38bc7-c21a-4f1b-8863-52ec5657489d,1092.3
26,26,A,Downtown,DOWNTOWN via Chartiers Av,52,960c2a66-41d0-47a1-bb96-1006d17b4a61,6470.5
26,26,A,Downtown,DOWNTOWN via Chartiers Av,53,f3397931-45b8-47b3-9c15-3f44dff2b739,3950.4
26,26,A,Downtown,DOWNTOWN via Chartiers Av,54,08fe9ce7-25f5-4451-8351-29e39cb8989a,6603.1
26,26,A,Downtown,DOWNTOWN via Chartiers Av,55,a446b563-0c04-4073-bcfb-223463bf5d9f,3064.0
26,26,A,Downtown,DOWNTOWN via Chartiers Av,56,68c974f8-36ac-4a4f-9831-7591192d52ed,8225.5
26,26,A,Downtown,DOWNTOWN via Chartiers Av,57,cfe52b52-9772-4f36-b480-0705c086f19e,1989.6
26,26,A,Downtown,DOWNTOWN via Chartiers Av,58,63caf8f0-8b46-42fc-957e-f1441a8aff93,5326.2
26,26,A,Crafton,D26 CRAFTON/INGRAM via Chartiers Av,1,c51b5fd0-b4ec-488e-9cdf-03ab1d02f591,8318.1
26,26,A,Crafton,D26 CRAFTON/INGRAM via Chartiers Av,2,cb9a0b01-98fa-4eca-b213-a9cc70ad9a48,9309.8
26,26,A,Crafton,D26 CRAFTON/INGRAM via Chartiers Av,3,f8a3e6e2-641c-47e0-bd16-1a0ecc41deaf,4845.0
26,26,A,Crafton,D26 CRAFTON/INGRAM via Chartiers Av,4,bc312b46-8375-41f3-b04d-cb4f7e4de087,1988.2
26,26,A,Crafton,D26 CRAFTON/INGRAM via Chartiers Av,5,6ebcbf2d-5c5f-41e7-959a-95bd89f17354,11326.3
26,26,A,Crafton,D26 CRAFTON/INGRAM via Chartiers Av,6,5092aa42-a84c-421f-b996-8da69a39c311,5319.2
26,26,A,Crafton,D26 CRAFTON/INGRAM via Chartiers Av,7,63caf8f0-8b46-42fc-957e-f1441a8aff93,7069.3
26,26,A,Crafton,D26 CRAFTON/INGRAM via Chartiers Av,8,5737202b-baad-40bc-bb01-9c52a95209b3,9965.2
26,26,A,Crafton,D26 CRAFTON/INGRAM via Chartiers Av,9,eaa92887-83eb-42e4-8a87-b108ffa0fd3a,11059.5
26,26,A,Crafton,D26 CRAFTON/INGRAM via Chartiers Av,10,98c62541-2ae5-4e94-9525-edb4455704e4,3328.2
26,26,A,Crafton,D26 CRAFTON/INGRAM via Chartiers Av,11,45e7184e-06b7-4377-a8af-893ceaa40b70,7591.5
26,26,A,Crafton,D26 CRAFTON/INGRAM via Chartiers Av,12,f13d6311-6f09-443f-9901-d5bc66ddeee8,7835.0
26,26,A,Crafton,D26 CRAFTON/INGRAM via Chartiers Av,13,f8fc6235-184c-412e-9087-06dea515a9e1,12620.9
26,26,A,Crafton,D26 CRAFTON/INGRAM via Chartiers Av,14,633a875b-d2f9-4663-a1cc-1ceed822b298,10114.9
26,26,A,Crafton,D26 CRAFTON/INGRAM via Chartiers Av,15,200fd4fb-a1f3-4b58-80fe-65ce16f64c9a,7385.2
26,26,A,Crafton,D26 CRAFTON/INGRAM via Chartiers Av,16,4606cafc-f930-44c6-aa83-1d965d9bd16e,10240.3
26,26,A,Crafton,D26 CRAFTON/INGRAM via Chartiers Av,17,cdf1ddea-5990-4270-b9cd-e8e4754a5602,11483.2
26,26,A,Crafton,D26 CRAFTON/INGRAM via Chartiers Av,18,6eb2499c-dd1e-4f45-acc7-b5ca09db717b,12717.5
26,26,A,Crafton,D26 CRAFTON/INGRAM via Chartiers Av,19,afaf96a5-b1b1-4e3f-9612-462e5043ef05,6248.1
26,26,A,Crafton,D26 CRAFTON/INGRAM via Chartiers Av,20,960c2a66-41d0-47a1-bb96-1006d17b4a61,8209.8
26,26,A,Crafton,D26 CRAFTON/INGRAM via Chartiers Av,21,54f22ff2-14e5-4122-8dda-5ac27d79642d,9698.8
26,26,A,Crafton,D26 CRAFTON/INGRAM via Chartiers Av,22,5a9ec41b-e787-4d33-bae0-983b053b07a0,6127.0
26,26,A,Crafton,D26 CRAFTON/INGRAM via Chartiers Av,23,3be95189-51de-4996-8703-688dd7d889a6,5680.9
26,26,A,Crafton,D26 CRAFTON/INGRAM via Chartiers Av,24,b7c1f24f-126e-4963-b4d3-f0137e1bb382,11744.0
26,26,A,Crafton,D26 CRAFTON/INGRAM via Chartiers Av,25,b9042397-f83e-41f3-bbb0-73bbf0fa9236,4073.9
26,26,A,Crafton,D26 CRAFTON/INGRAM via Chartiers Av,26,f3c57182-567d-434c-b066-060ad3da02e7,4509.2
26,26,A,Crafton,D26 CRAFTON/INGRAM via Chartiers Av,27,30287615-00ba-4ddb-8f5a-03f2ba58a18a,13290.9
26,26,A,Crafton,D26 CRAFTON/INGRAM via Chartiers Av,28,1e6cf796-3c2a-4016-83c4-11a8c2c5e012,9805.8
26,26,A,Crafton,D26 CRAFTON/INGRAM via Chartiers Av,29,6b6178f4-7cc4-4d6d-88e6-a8dbcf640232,8602.5
26,26,A,Crafton,D26 CRAFTON/INGRAM via Chartiers Av,30,9ea1c66e-e1bd-46e3-af36-2978906f6fa7,6883.7
26,26,A,Crafton,D26 CRAFTON/INGRAM via Chartiers Av,31,ca6e4f18-03f5-4993-8662-657c9f0ef3a6,1578.3
26,26,A,Crafton,D26 CRAFTON/INGRAM via Chartiers Av,32,09bc9c29-ca09-4733-90bd-d07c3e7bfb31,8440.5
26,26,A,Crafton,D26 CRAFTON/INGRAM via Chartiers Av,33,0332dd01-587a-4633-853f-423286b289fb,8920.1
26,26,A,Crafton,D26 CRAFTON/INGRAM via Chartiers Av,34,28c04c6b-a233-4cd1-acf2-206f875a5a84,5940.9
26,26,A,Crafton,D26 CRAFTON/INGRAM via Chartiers Av,35,bfe77b56-0270-4830-8a3d-9e3308a93db7,5540.0
26,26,A,Crafton,D26 CRAFTON/INGRAM via Chartiers Av,36,9d9345cb-0a75-44ef-a743-ff26e3ae2dba,9548.7
26,26,A,Crafton,D26 CRAFTON/INGRAM via Chartiers Av,37,2ab4cc98-f66c-4076-afa0-c6a842366753,3937.3
26,26,A,Crafton,D26 CRAFTON/INGRAM via Chartiers Av,38,e722c6da-e12c-4c52-8e7e-74455089bc52,3516.0
26,26,A,Crafton,D26 CRAFTON/INGRAM via Chartiers Av,39,c54aec51-74ca-4094-b833-5527b432880e,0
26,26,A,Crafton,D26 CRAFTON/INGRAM via Chartiers Av,40,6c8c435e-1e29-48a3-9f53-79afa75caebe,9122.2
26,26,A,Crafton,D26 CRAFTON/INGRAM via Chartiers Av,41,8954c971-befe-4a5e-94fc-0fdd19db2c3b,7246.3
26,26,A,Crafton,D26 CRAFTON/INGRAM via Chartiers Av,42,aa3f9524-3536-4f35-a2aa-e3ac939fd676,10383.2
26,26,A,Crafton,D26 CRAFTON/INGRAM via Chartiers Av,43,9f8c0f1b-e68d-4975-9109-982c8e00dcf7,3817.8
26,26,A,Crafton,D26 CRAFTON/INGRAM via Chartiers Av,44,ab0d6dde-cb66-426f-b2fe-b8be13ca6059,12884.0
26,26,A,Crafton,D26 CRAFTON/INGRAM via Chartiers Av,45,c0efdf09-c7fb-4020-a1a5-41aaac31c025,10775.3
26,26,A,Crafton,D26 CRAFTON/INGRAM via Chartiers Av,46,74867659-9ce9-4926-a9b1-45a83b6c3485,6468.8
26,26,A,Crafton,D26 CRAFTON/INGRAM via Chartiers Av,47,17f17a87-b89a-4211-903b-84adc836e88c,7755.3
26,26,A,Crafton,D26 CRAFTON/INGRAM via Chartiers Av,48,85aefcc4-affe-42db-bb05-b125f7fee130,8004.2
26,26,A,Crafton,D26 CRAFTON/INGRAM via Chartiers Av,49,ec927686-1f01-421d-bca2-15f658da86aa,3149.9
26,26,A,Crafton,D26 CRAFTON/INGRAM via Chartiers Av,50,9ead5b0c-cd60-43bf-9e38-7e8303cb503d,6718.0
26,26,A,Crafton,D26 CRAFTON/INGRAM via Chartiers Av,51,91252e52-9f1d-478f-923b-3c344b70fb83,4713.9
26,26,A,Crafton,D26 CRAFTON/INGRAM via Chartiers Av,52,a3f674df-15a2-4a3a-a436-66334a7a00b0,8811.3
26,26,A,Crafton,D26 CRAFTON/INGRAM via Chartiers Av,53,f37bc18b-5123-4140-a650-34dbba233906,10581.6
54,54,A,Allegheny Station,"NORTHSIDE via Oakland, Bloomfield",1,a710968f-c942-428a-b389-a11181455d0a,5625.6
54,54,A,Allegheny Station,"NORTHSIDE via Oakland, Bloomfield",2,d45235ca-c669-493a-8761-8c81bf81786d,3402.5
54,54,A,Allegheny Station,"NORTHSIDE via Oakland, Bloomfield",3,423b08f3-0935-44cc-a5f8-d56507ca322b,11153.0
54,54,A,Allegheny Station,"NORTHSIDE via Oakland, Bloomfield",4,a7007015-1286-4429-a696-a1d141ef4c88,16375.6
54,54,A,Allegheny Station,"NORTHSIDE via Oakland, Bloomfield",5,40543498-df0a-41a8-b659-8c566bb61ede,10438.7
54,54,A,Allegheny Station,"NORTHSIDE via Oakland, Bloomfield",6,94eaebc6-e86d-4514-9aa4-2865c40ab5e0,4930.0
54,54,A,Allegheny Station,"NORTHSIDE via Oakland, Bloomfield",7,141d45bd-59f8-46c6-9cf7-1490f957ce86,12082.8
54,54,A,Allegheny Station,"NORTHSIDE via Oakland, Bloomfield",8,7c5f6fbf-9e27-4677-824e-f0a149dac77e,13398.7
54,54,A,Allegheny Station,"NORTHSIDE via Oakland, Bloomfield",9,623a4acb-5610-4654-937f-30d69545e03d,13442.8
54,54,A,Allegheny Station,"NORTHSIDE via Oakland, Bloomfield",10,d52a9ede-bbba-47a6-ad93-f0852919dfbf,0
54,54,A,Allegheny Station,"NORTHSIDE via Oakland, Bloomfield",11,36645177-0dca-4bb7-bccb-c0004f0bb3a4,4049.2
54,54,A,Allegheny Station,"NORTHSIDE via Oakland, Bloomfield",12,b7e4d276-dba3-4314-9f3c-522ce2589329,5960.2
54,54,A,Allegheny Station,"NORTHSIDE via Oakland, Bloomfield",13,2b792aa9-282b-420a-b960-87115b50c424,6742.3
54,54,A,Allegheny Station,"NORTHSIDE via Oakland, Bloomfield",14,c3aa7dcb-85e9-4935-b4c8-51c361c583dc,8131.4
54,54,A,Allegheny Station,"NORTHSIDE via Oakland, Bloomfield",15,0e5b3e3c-ca6b-427f-8d5c-91706f8cae50,10043.0
54,54,A,Allegheny Station,"NORTHSIDE via Oakland, Bloomfield",16,b06d8094-962e-43e2-96cd-944f11ea590e,8461.9
54,54,A,Allegheny Station,"NORTHSIDE via Oakland, Bloomfield",17,5595db6a-3eb8-43f1-ad2f-2d0798fdd3f3,12715.8
54,54,A,Allegheny Station,"NORTHSIDE via Oakland, Bloomfield",18,a3fc713b-8bb4-4195-9146-1667ed74b62b,6367.9
54,54,A,Allegheny Station,"NORTHSIDE via Oakland, Bloomfield",19,51704c47-52b4-4256-8d18-83c9196d43ad,6461.5
54,54,A,Allegheny Station,"NORTHSIDE via Oakland, Bloomfield",20,5da95d3b-8ba0-42f9-9c00-938149b6774e,12394.0
54,54,A,Allegheny Station,"NORTHSIDE via Oakland, Bloomfield",21,f9f9bd9d-d041-41a3-80c0-df3678fdb39e,15241.3
54,54,A,Allegheny Station,"NORTHSIDE via Oakland, Bloomfield",22,ac0aa621-1b0a-439b-954f-261f62f312f5,9326.3
54,54,A,Allegheny Station,"NORTHSIDE via Oakland, Bloomfield",23,ba338ff1-8ec6-44fd-ae65-adf83cafcd31,10256.1
54,54,A,Allegheny Station,"NORTHSIDE via Oakland, Bloomfield",24,c946bb12-714f-4442-b774-bd609990d8f0,6850.1
54,54,A,Allegheny Station,"NORTHSIDE via Oakland, Bloomfield",25,5ae0eff3-e21d-4b0f-bf7d-7d005d37d4ed,16351.0
54,54,A,Allegheny Station,"NORTHSIDE via Oakland, Bloomfield",26,7bc1f27b-ed6d-49aa-a2ec-b970ee8d6f92,9790.0
54,54,A,Allegheny Station,"NORTHSIDE via Oakland, Bloomfield",27,db2c1452-2d70-4a95-8f9f-fbb0d35e9544,7897.0
54,54,A,Allegheny Station,"NORTHSIDE via Oakland, Bloomfield",28,c66a4ba9-87e6-4fb2-969a-8078321ddec8,10603.7
54,54,A,Allegheny Station,"NORTHSIDE via Oakland, Bloomfield",29,5e5f6c39-04a7-4616-913f-36202f8721e7,7658.9
54,54,A,Allegheny Station,"NORTHSIDE via Oakland, Bloomfield",30,9da628f4-17ef-4d19-bee4-b52c5a7c4ed6,7035.3
54,54,A,Allegheny Station,"NORTHSIDE via Oakland, Bloomfield",31,6336e434-2af2-4f84-8f5f-9b58e7e0333c,7449.8
54,54,A,Allegheny Station,"NORTHSIDE via Oakland, Bloomfield",32,160d41c5-1eb1-47b4-85eb-34e100d5224a,14501.1
54,54,A,Allegheny Station,"NORTHSIDE via Oakland, Bloomfield",33,84b02bfa-03d1-4d89-9f62-4db0be77c76a,8860.4
54,54,A,Allegheny Station,"NORTHSIDE via Oakland, Bloomfield",34,289b69f1-8274-4d42-a446-113df0bd9026,10819.0
54,54,A,Allegheny Station,"NORTHSIDE via Oakland, Bloomfield",35,3664bb2c-178f-4fe7-ad06-686e2fb06e12,4543.5
54,54,A,Allegheny Station,"NORTHSIDE via Oakland, Bloomfield",36,f8c301fd-cfd3-40ad-8f5d-b25e202a61d9,10769.3
54,54,A,Allegheny Station,"NORTHSIDE via Oakland, Bloomfield",37,495c154e-b65c-4e5a-afb3-273b4d361694,895.6
54,54,A,Allegheny Station,"NORTHSIDE via Oakland, Bloomfield",38,9bba82c4-35ff-42c1-9b00-255add9d572b,3002.0
54,54,A,Allegheny Station,"NORTHSIDE via Oakland, Bloomfield",39,734c0fce-ab5b-477f-a822-e055e6b9e4ae,9552.2
54,54,A,Allegheny Station,"NORTHSIDE via Oakland, Bloomfield",40,e66e02b3-de30-4e62-9364-f4024ba036ce,15013.6
54,54,A,Allegheny Station,"NORTHSIDE via Oakland, Bloomfield",41,8b33d64f-bd10-40bf-a0af-5811900698ac,8299.6
54,54,A,Allegheny Station,"NORTHSIDE via Oakland, Bloomfield",42,ed2fd9ed-0b23-4bc3-afa4-b8c65da422bd,5520.0
54,54,A,Allegheny Station,"NORTHSIDE via Oakland, Bloomfield",43,cfb3f68f-a960-4afd-80c2-4e8b6903e4a8,7232.5
54,54,A,Allegheny Station,"NORTHSIDE via Oakland, Bloomfield",44,68d3df94-0407-4173-b862-7e8a174fb234,15877.3
54,54,A,Allegheny Station,"NORTHSIDE via Oakland, Bloomfield",45,a3905eeb-d088-4dcb-9f52-27286654a540,380.1
54,54,A,Allegheny Station,"NORTHSIDE via Oakland, Bloomfield",46,75ff3f0f-176e-4aa2-a5ab-a7d2af90fe6e,5401.5
54,54,A,Allegheny Station,"NORTHSIDE via Oakland, Bloomfield",47,22993ee6-5609-4892-967a-008a70775df4,3766.1
54,54,A,Allegheny Station,"NORTHSIDE via Oakland, Bloomfield",48,9c112a5e-db30-49f8-b53c-6d40f3637cf2,7541.0
54,54,A,Allegheny Station,"NORTHSIDE via Oakland, Bloomfield",49,84597195-cdda-46cf-a710-45e8c69d0e46,12936.7
54,54,A,Allegheny Station,"NORTHSIDE via Oakland, Bloomfield",50,f92ffb72-eb1e-46b9-8bbe-fb812aec56cf,14175.4
54,54,A,Allegheny Station,"NORTHSIDE via Oakland, Bloomfield",51,b5c97083-fe5c-4b8b-9f4c-88e806e4ba66,5892.9
54,54,A,Allegheny Station,"NORTHSIDE via Oakland, Bloomfield",52,1c185669-0132-4e18-8161-d822ab37d056,519.4
54,54,A,Allegheny Station,"NORTHSIDE via Oakland, Bloomfield",53,0f6635a0-44c3-4574-b45d-9edf39bf4414,5154.7
54,54,A,Allegheny Station,"NORTHSIDE via Oakland, Bloomfield",54,bdf489ba-bf0b-46e9-8de7-433a952c6d57,11398.1
54,54,A,Allegheny Station,"NORTHSIDE via Oakland, Bloomfield",55,86fb3fba-0570-41dd-8f52-831d972345b8,9131.2
54,54,A,Allegheny Station,"NORTHSIDE via Oakland, Bloomfield",56,5cad4dc8-b1b6-45e6-a36b-94dbf078673d,643.5
54,54,A,Allegheny Station,"NORTHSIDE via Oakland, Bloomfield",57,37eb4f9c-5cb7-4aa7-a6e2-92391b25d439,6590.0
54,54,A,Allegheny Station,"NORTHSIDE via Oakland, Bloomfield",58,81e28840-6ff1-475f-9fb5-b2e18905d5b2,6148.3
54,54,A,South Side,"SOUTH SIDE via Bloomfield, Oakland",1,0d7686cf-6fb1-4799-87fd-019c52413139,10206.2
54,54,A,South Side,"SOUTH SIDE via Bloomfield, Oakland",2,9ca67e46-d0c3-47de-a4c9-bee3ec3483fe,16062.0
54,54,A,South Side,"SOUTH SIDE via Bloomfield, Oakland",3,6f0f13c8-d8e0-49da-b5e5-ad24d8c2c3d5,12823.2
54,54,A,South Side,"SOUTH SIDE via Bloomfield, Oakland",4,a864513d-cc0b-4bf8-80c1-271845142ca0,9968.6
54,54,A,South Side,"SOUTH SIDE via Bloomfield, Oakland",5,b537a22d-4173-475b-8c43-664c4d2fdd69,9570.1
54,54,A,South Side,"SOUTH SIDE via Bloomfield, Oakland",6,03c997df-e64e-45bf-955c-12385f4d6b42,4332.4
54,54,A,South Side,"SOUTH SIDE via Bloomfield, Oakland",7,7ec3f942-0223-47ff-86d1-5f2172e1b514,11235.9
54,54,A,South Side,"SOUTH SIDE via Bloomfield, Oakland",8,956ec669-ac5e-4b86-88af-aff73eef772d,16587.2
54,54,A,South Side,"SOUTH SIDE via Bloomfield, Oakland",9,bf1d5d0d-80a7-4ad9-a74d-ce501b219378,4100.5
54,54,A,South Side,"SOUTH SIDE via Bloomfield, Oakland",10,60f93612-061e-4ab3-8b2a-c780c8351cf4,10458.1
54,54,A,South Side,"SOUTH SIDE via Bloomfield, Oakland",11,a4341a21-c425-47a1-a42a-56dedd657f77,10633.3
54,54,A,South Side,"SOUTH SIDE via Bloomfield, Oakland",12,cf268f5c-77b0-4b2e-bb04-8e6cb0973593,15910.8
54,54,A,South Side,"SOUTH SIDE via Bloomfield, Oakland",13,08087ad9-05f6-427a-bd5b-1aff2d52ba4c,3787.2
54,54,A,South Side,"SOUTH SIDE via Bloomfield, Oakland",14,27bc0995-59f5-4f6d-89b2-dd617eaa3abe,10760.7
54,54,A,South Side,"SOUTH SIDE via Bloomfield, Oakland",15,4f3b2189-51ea-473d-8979-9e233ed089ea,8718.5
54,54,A,South Side,"SOUTH SIDE via Bloomfield, Oakland",16,59dd5ee8-5972-4db2-8922-02eaeba1e556,2655.2
54,54,A,South Side,"SOUTH SIDE via Bloomfield, Oakland",17,42ca39a2-2eb4-4039-9e0d-02bb515783b5,16217.4
54,54,A,South Side,"SOUTH SIDE via Bloomfield, Oakland",18,2a96c012-ed92-45bc-bfa7-7cd79564f6e1,8878.1
54,54,A,South Side,"SOUTH SIDE via Bloomfield, Oakland",19,406695bd-004e-4d61-a447-6679fb2d4de9,9758.0
54,54,A,South Side,"SOUTH SIDE via Bloomfield, Oakland",20,d101f86f-06cf-4eaf-88c0-8a082166e849,12456.5
54,54,A,South Side,"SOUTH SIDE via Bloomfield, Oakland",21,7ae55c95-3de7-4803-b621-2ed35d6412f1,16506.4
54,54,A,South Side,"SOUTH SIDE via Bloomfield, Oakland",22,02a34539-ce5c-4efd-b877-ac59d6f8859c,11077.0
54,54,A,South Side,"SOUTH SIDE via Bloomfield, Oakland",23,0d260c57-14a0-481c-a6fa-6986a04fb7b4,5255.7
54,54,A,South Side,"SOUTH SIDE via Bloomfield, Oakland",24,32187104-ff4c-46de-95bc-75db431944fd,6910.9
54,54,A,South Side,"SOUTH SIDE via Bloomfield, Oakland",25,a7007015-1286-4429-a696-a1d141ef4c88,2.5
54,54,A,South Side,"SOUTH SIDE via Bloomfield, Oakland",26,f659ce79-a26f-4d43-9bcb-800842b74915,3565.7
54,54,A,South Side,"SOUTH SIDE via Bloomfield, Oakland",27,cc05ae79-f101-428b-99da-f243b407be31,11447.4
54,54,A,South Side,"SOUTH SIDE via Bloomfield, Oakland",28,27e051d5-236d-4c11-bccb-d435672237f9,1328.8
54,54,A,South Side,"SOUTH SIDE via Bloomfield, Oakland",29,736b6b0b-b411-4c33-8743-548715a11af0,8320.4
54,54,A,South Side,"SOUTH SIDE via Bloomfield, Oakland",30,c169904b-91da-4ead-9205-f65dca27a5dc,6274.0
54,54,A,South Side,"SOUTH SIDE via Bloomfield, Oakland",31,48eb39ad-fee3-4101-83c3-4baf4ab3cfbc,1759.4
54,54,A,South Side,"SOUTH SIDE via Bloomfield, Oakland",32,20f7a302-e39c-48b4-9ff0-7accfb802198,10970.6
54,54,A,South Side,"SOUTH SIDE via Bloomfield, Oakland",33,62414495-8e73-4684-b231-6af3105e5938,8470.2
54,54,A,South Side,"SOUTH SIDE via Bloomfield, Oakland",34,acd55657-4e9c-4dc1-a0f7-b9dd4ca13578,7398.4
54,54,A,South Side,"SOUTH SIDE via Bloomfield, Oakland",35,3761e2ae-9c7d-477b-bc48-69c6765633dd,9052.1
54,54,A,South Side,"SOUTH SIDE via Bloomfield, Oakland",36,5de5e484-e892-4d6a-b4ad-a915a3db65c3,7476.8
54,54,A,South Side,"SOUTH SIDE via Bloomfield, Oakland",37,6b9b8877-978a-4181-a8ab-79943d48c99c,8026.1
54,54,A,South Side,"SOUTH SIDE via Bloomfield, Oakland",38,59b78604-5c83-49b1-bfca-ecad33dcf028,7759.8
54,54,A,South Side,"SOUTH SIDE via Bloomfield, Oakland",39,f9f9bd9d-d041-41a3-80c0-df3678fdb39e,1352.6
54,54,A,South Side,"SOUTH SIDE via Bloomfield, Oakland",40,63987eaa-c1e2-42a7-a122-2ce0a0822aab,6097.9
54,54,A,South Side,"SOUTH SIDE via Bloomfield, Oakland",41,89b99452-a6e8-41b2-88ce-1e0392c91c77,7178.1
54,54,A,South Side,"SOUTH SIDE via Bloomfield, Oakland",42,ccfd855a-9d63-4320-8e34-a8c075794bdd,9228.7
54,54,A,South Side,"SOUTH SIDE via Bloomfield, Oakland",43,6e1cee13-c874-4b73-b37f-9982debbc563,15558.6
54,54,A,South Side,"SOUTH SIDE via Bloomfield, Oakland",44,6fe05d9e-9877-46e0-8503-2c9da3fde567,2958.2
54,54,A,South Side,"SOUTH SIDE via Bloomfield, Oakland",45,d52a9ede-bbba-47a6-ad93-f0852919dfbf,16719.4
54,54,A,South Side,"SOUTH SIDE via Bloomfield, Oakland",46,6957bb86-a206-442d-b1e9-50663bfcc37a,1171.6
54,54,A,South Side,"SOUTH SIDE via Bloomfield, Oakland",47,f6abd1ce-039f-488f-ba2a-a6cbe7ea9394,9366.9
54,54,A,South Side,"SOUTH SIDE via Bloomfield, Oakland",48,25df755f-70da-4cbb-a389-9f0712305dfc,7313.9
54,54,A,South Side,"SOUTH SIDE via Bloomfield, Oakland",49,5f2f0252-5b3a-4130-a32e-8c2bd13c3e0c,5629.7
54,54,A,South Side,"SOUTH SIDE via Bloomfield, Oakland",50,b34606f9-877e-4e2c-ae92-f4d7e092471c,722.4
54,54,A,South Side,"SOUTH SIDE via Bloomfield, Oakland",51,742a62cd-9762-4473-b12a-8665f990d97c,11771.3
54,54,A,South Side,"SOUTH SIDE via Bloomfield, Oakland",52,ddd9f5ff-4f8b-4c36-8bdc-a3b612666b37,119.3
54,54,A,South Side,"SOUTH SIDE via Bloomfield, Oakland",53,3418da78-e89d-4835-9637-0df099dd2e34,1163.8
54,54,A,South Side,"SOUTH SIDE via Bloomfield, Oakland",54,2bb66cb3-fbb0-4d2b-9876-225dd481051f,13505.2
54,54,A,South Side,"SOUTH SIDE via Bloomfield, Oakland",55,d6210011-8541-403a-a961-8694d8f0e712,10143.6
54,54,A,South Side,"SOUTH SIDE via Bloomfield, Oakland",56,3435ae1d-b3f2-46fe-9d31-98efaf79d1f1,3194.3
54,54,A,South Side,"SOUTH SIDE via Bloomfield, Oakland",57,7bc027b2-651d-4f26-90a0-f14135544128,2195.5
54,54,A,South Side,"SOUTH SIDE via Bloomfield, Oakland",58,613a3875-6c70-476b-b65f-378497702f43,12201.7
54,54,A,South Side,"SOUTH SIDE via Bloomfield, Oakland",59,87c61e67-2d6f-4c12-9473-aa87eb9afa2b,15680.4
54,54,A,South Side,"SOUTH SIDE via Bloomfield, Oakland",60,d532839b-2b39-4a8f-b2af-3d82980d24e8,6707.8
49,49,A,Downtown,"DOWNTOWN via Whitehall, Brentwood, South Busway",1,93430f33-43e1-4312-aea9-def401cd060b,4220.9
49,49,A,Downtown,"DOWNTOWN via Whitehall, Brentwood, South Busway",2,436c7b43-fb12-4bb9-ae95-fd7f4ac28654,13027.8
49,49,A,Downtown,"DOWNTOWN via Whitehall, Brentwood, South Busway",3,d623137a-9ead-43cd-8e54-addb6acc5b77,23853.7
49,49,A,Downtown,"DOWNTOWN via Whitehall, Brentwood, South Busway",4,3c44b1fd-4a27-4b57-8ecd-59065aec1088,11060.4
49,49,A,Downtown,"DOWNTOWN via Whitehall, Brentwood, South Busway",5,8f227202-6193-483a-b11f-6a8c58adca99,2359.0
49,49,A,Downtown,"DOWNTOWN via Whitehall, Brentwood, South Busway",6,15399372-b780-46a4-93f6-c01a42b61624,22453.8
49,49,A,Downtown,"DOWNTOWN via Whitehall, Brentwood, South Busway",7,9628bf80-8c9e-4d1b-bffe-381717e7b068,11749.2
49,49,A,Downtown,"DOWNTOWN via Whitehall, Brentwood, South Busway",8,1520b1e3-3f54-456a-b9cd-31a4f4b0fd67,10220.9
49,49,A,Downtown,"DOWNTOWN via Whitehall, Brentwood, South Busway",9,e8c8d519-2bda-44ef-a806-01eef8288b20,22838.7
49,49,A,Downtown,"DOWNTOWN via Whitehall, Brentwood, South Busway",10,9bfc085b-5fb5-4b21-a268-50f35c1ac7ff,7599.0
49,49,A,Downtown,"DOWNTOWN via Whitehall, Brentwood, South Busway",11,7c672aea-96d7-4a7e-8799-978a2477ee11,15835.6
49,49,A,Downtown,"DOWNTOWN via Whitehall, Brentwood, South Busway",12,1f81fd50-f8e9-42c3-9d09-73e12c617f9a,9709.5
49,49,A,Downtown,"DOWNTOWN via Whitehall, Brentwood, South Busway",13,1546b20d-4106-4f5e-aaec-f24927db5968,23548.9
49,49,A,Downtown,"DOWNTOWN via Whitehall, Brentwood, South Busway",14,3f6f41a7-e544-4f5e-9027-eeeb48a68282,9325.9
49,49,A,Downtown,"DOWNTOWN via Whitehall, Brentwood, South Busway",15,ce2580be-6ee4-4169-a8d8-dc6979e09ac5,4756.8
49,49,A,Downtown,"DOWNTOWN via Whitehall, Brentwood, South Busway",16,8f4ada8e-c7ad-47de-8918-7d2eab817740,19846.4
49,49,A,Downtown,"DOWNTOWN via Whitehall, Brentwood, South Busway",17,0bb4b779-60be-4202-a9e0-eae2de337519,13406.4
49,49,A,Downtown,"DOWNTOWN via Whitehall, Brentwood, South Busway",18,3ee6dfa7-3bf7-4f7c-bed0-362766b486c8,16524.1
49,49,A,Downtown,"DOWNTOWN via Whitehall, Brentwood, South Busway",19,c453599e-3d2a-46e1-8343-e435bebf4075,17450.2
49,49,A,Downtown,"DOWNTOWN via Whitehall, Brentwood, South Busway",20,9bef928d-cf5d-4c75-a6d4-e680b9c995a1,1305.6
49,49,A,Downtown,"DOWNTOWN via Whitehall, Brentwood, South Busway",21,51f9a537-645b-4713-b919-e4762ec06f5c,9395.1
49,49,A,Downtown,"DOWNTOWN via Whitehall, Brentwood, South Busway",22,89331167-c781-49e9-9d74-0ca453b6fde1,13561.8
49,49,A,Downtown,"DOWNTOWN via Whitehall, Brentwood, South Busway",23,9e2a975a-623b-4e56-bf89-48444b918e64,14413.3
49,49,A,Downtown,"DOWNTOWN via Whitehall, Brentwood, South Busway",24,78c8160a-1f69-4ad1-86bb-3a6d8f08b5e1,9901.2
49,49,A,Downtown,"DOWNTOWN via Whitehall, Brentwood, South Busway",25,78338242-af35-48e3-b8d0-2d7f37f9b759,10901.8
49,49,A,Downtown,"DOWNTOWN via Whitehall, Brentwood, South Busway",26,ea83a645-3808-4dff-aa2a-6c2617e9a37a,24194.6
49,49,A,Downtown,"DOWNTOWN via Whitehall, Brentwood, South Busway",27,6844400b-a199-48ae-a026-b188a0956916,598.9
49,49,A,Downtown,"DOWNTOWN via Whitehall, Brentwood, South Busway",28,6b0ebe69-e4f9-415d-a62d-c9a2ff14ed3e,24640.6
49,49,A,Downtown,"DOWNTOWN via Whitehall, Brentwood, South Busway",29,69f2b910-801c-405c-b4a1-b4f32a2569d8,1780.6
49,49,A,Downtown,"DOWNTOWN via Whitehall, Brentwood, South Busway",30,a0a913a9-82ac-4cbf-8c0d-e3921a6d05dc,11584.2
49,49,A,Downtown,"DOWNTOWN via Whitehall, Brentwood, South Busway",31,70fb8217-5570-4bbf-9e61-4f77b5c0eb89,10744.0
49,49,A,Downtown,"DOWNTOWN via Whitehall, Brentwood, South Busway",32,3dc69c1c-a0c8-40ea-9fed-49862181bfb6,12461.5
49,49,A,Downtown,"DOWNTOWN via Whitehall, Brentwood, South Busway",33,bf2948b6-fa51-4d4d-b76c-b2579686d9c4,3930.5
49,49,A,Downtown,"DOWNTOWN via Whitehall, Brentwood, South Busway",34,2ae3b230-b921-4590-b82c-73417ebe01d1,20460.9
49,49,A,Downtown,"DOWNTOWN via Whitehall, Brentwood, South Busway",35,a9422a6b-1928-4eb1-9198-d211007eaea3,12308.3
49,49,A,Downtown,"DOWNTOWN via Whitehall, Brentwood, South Busway",36,4be0665d-a663-49af-b70e-376658319b89,14858.6
49,49,A,Downtown,"DOWNTOWN via Whitehall, Brentwood, South Busway",37,3c748978-be27-4782-a9a3-92e79be58078,10075.9
49,49,A,Downtown,"DOWNTOWN via Whitehall, Brentwood, South Busway",38,8ad4ac81-38af-4406-8849-eb91688a2032,356.6
49,49,A,Downtown,"DOWNTOWN via Whitehall, Brentwood, South Busway",39,d550520b-d31f-4828-b15c-73403f8f9de7,9743.8
49,49,A,Downtown,"DOWNTOWN via Whitehall, Brentwood, South Busway",40,68368c9d-5187-4af7-aaf7-91365e242d96,18306.4
49,49,A,Downtown,"DOWNTOWN via Whitehall, Brentwood, South Busway",41,8b9389ea-a54f-4aa0-912c-642c9f1f4fd8,3461.1
49,49,A,Downtown,"DOWNTOWN via Whitehall, Brentwood, South Busway",42,8865a165-32c3-49ad-93ae-79c07e66ab8c,15336.1
49,49,A,Downtown,"DOWNTOWN via Whitehall, Brentwood, South Busway",43,ad3be501-1c27-4c56-b97f-ab6752be66d0,5427.3
49,49,A,Downtown,"DOWNTOWN via Whitehall, Brentwood, South Busway",44,7388b71e-7339-4bfd-b6da-f1806c43714b,12731.9
49,49,A,Downtown,"DOWNTOWN via Whitehall, Brentwood, South Busway",45,491ef73d-f0f1-40f9-91d3-87a462f2074d,24006.5
49,49,A,Downtown,"DOWNTOWN via Whitehall, Brentwood, South Busway",46,6b2825b0-1c79-4ed1-8efa-1e2c28fa9343,457.8
49,49,A,Downtown,"DOWNTOWN via Whitehall, Brentwood, South Busway",47,64bfa2a3-7a6b-4799-aa77-9a995347297b,2.7
49,49,A,Downtown,"DOWNTOWN via Whitehall, Brentwood, South Busway",48,5e9bb250-5751-40f3-a22b-01f9d0ddbe23,24504.2
49,49,A,Downtown,"DOWNTOWN via Whitehall, Brentwood, South Busway",49,7e76b830-ef7d-427c-b0e2-02e296e68496,17085.3
49,49,A,Downtown,"DOWNTOWN via Whitehall, Brentwood, South Busway",50,3c517032-b532-4bc4-b924-b43909f3bf6b,13860.9
49,49,A,Downtown,"DOWNTOWN via Whitehall, Brentwood, South Busway",51,3383b298-8c08-4c3a-8964-5a2005d1bb80,15933.2
49,49,A,Downtown,"DOWNTOWN via Whitehall, Brentwood, South Busway",52,2bf80d81-02b0-4642-8c03-749fda4a67f4,6034.2
49,49,A,Downtown,"DOWNTOWN via Whitehall, Brentwood, South Busway",53,bdc715d5-17ec-44ba-8723-770d3b818812,16225.2
49,49,A,Downtown,"DOWNTOWN via Whitehall, Brentwood, South Busway",54,758403ab-37d6-4c35-956a-4fe18c228388,10405.8
49,49,A,Downtown,"DOWNTOWN via Whitehall, Brentwood, South Busway",55,fddecd35-40b8-4283-a6b3-b780e3c51176,11335.2
49,49,A,Downtown,"DOWNTOWN via Whitehall, Brentwood, South Busway",56,20c0077a-3f8c-4ebe-b428-b6978b32efc2,757.7
49,49,A,Downtown,"DOWNTOWN via Whitehall, Brentwood, South Busway",57,188c6923-7d45-4844-a929-8fd7a3d041d4,10605.0
49,49,A,Downtown,"DOWNTOWN via Whitehall, Brentwood, South Busway",58,68744e6e-72d0-4008-8feb-a657e7e6f56a,21186.5
49,49,A,Downtown,"DOWNTOWN via Whitehall, Brentwood, South Busway",59,8c23ba53-b497-4930-bff6-85312fef0264,7979.6
49,49,A,Downtown,"DOWNTOWN via Whitehall, Brentwood, South Busway",60,5e90fc60-9745-4031-9672-5ffd7c469560,3094.9
49,49,A,Downtown,"DOWNTOWN via Whitehall, Brentwood, South Busway",61,8600181c-f955-4fe3-8658-d2531363cb47,9521.0
49,49,A,Downtown,"DOWNTOWN via Whitehall, Brentwood, South Busway",62,005389ab-5dcf-4090-8aef-5e2e92c4df41,2777.5
49,49,A,Downtown,"DOWNTOWN via Whitehall, Brentwood, South Busway",63,d9612d52-47a8-4f16-b975-d8bb3e238d41,16843.3
49,49,A,Downtown,"DOWNTOWN via Whitehall, Brentwood, South Busway",64,2c970da0-8e3a-4f92-8368-568dd1aebef7,937.0
49,49,A,Downtown,"DOWNTOWN via Whitehall, Brentwood, South Busway",65,d021548c-43c4-43bb-a803-5d5a1515b4f0,12085.1
49,49,A,Baldwin,"WEST MIFFLIN via Whitehall, Brentwood, South Busway",1,d5396511-e0eb-4d95-9209-39bf19f446ae,7050.5
49,49,A,Baldwin,"WEST MIFFLIN via Whitehall, Brentwood, South Busway",2,6340d081-063f-459a-9534-72afbc6ad2da,10494.0
49,49,A,Baldwin,"WEST MIFFLIN via Whitehall, Brentwood, South Busway",3,b0fff28d-7c8b-4c93-9445-334bcdfb3517,22901.9
49,49,A,Baldwin,"WEST MIFFLIN via Whitehall, Brentwood, South Busway",4,f3a707ce-d179-4af3-9db4-b91349465ae2,7364.6
49,49,A,Baldwin,"WEST MIFFLIN via Whitehall, Brentwood, South Busway",5,9b16b364-b724-46c3-ba78-780b5ef43203,21123.7
49,49,A,Baldwin,"WEST MIFFLIN via Whitehall, Brentwood, South Busway",6,123da28d-bf86-4983-88fb-00f5037f3ebe,12533.0
49,49,A,Baldwin,"WEST MIFFLIN via Whitehall, Brentwood, South Busway",7,ae7162f9-1e92-4707-b40e-e9264474e3f3,20354.9
49,49,A,Baldwin,"WEST MIFFLIN via Whitehall, Brentwood, South Busway",8,e0673933-7355-4c36-8788-9d41d2e2063f,8827.1
49,49,A,Baldwin,"WEST MIFFLIN via Whitehall, Brentwood, South Busway",9,ad3be501-1c27-4c56-b97f-ab6752be66d0,18462.4
49,49,A,Baldwin,"WEST MIFFLIN via Whitehall, Brentwood, South Busway",10,27de55cf-6803-4bed-b5ab-3d8822ea5a15,11607.8
49,49,A,Baldwin,"WEST MIFFLIN via Whitehall, Brentwood, South Busway",11,305e12af-64b0-4ac6-ac4c-428c1dc9fd9c,2.2
49,49,A,Baldwin,"WEST MIFFLIN via Whitehall, Brentwood, South Busway",12,37215d5a-01fb-47aa-864b-c53c22e48580,8188.6
49,49,A,Baldwin,"WEST MIFFLIN via Whitehall, Brentwood, South Busway",13,47ff4298-7b84-4a69-a924-c76c52955537,632.4
49,49,A,Baldwin,"WEST MIFFLIN via Whitehall, Brentwood, South Busway",14,7ab24a74-8a0f-4760-9856-72e11ba9e41f,14126.3
49,49,A,Baldwin,"WEST MIFFLIN via Whitehall, Brentwood, South Busway",15,7554395f-bc41-40d0-a52e-8878e3012d0e,1055.7
49,49,A,Baldwin,"WEST MIFFLIN via Whitehall, Brentwood, South Busway",16,cae85199-bde6-4af2-84b5-d22b84a343c2,9440.2
49,49,A,Baldwin,"WEST MIFFLIN via Whitehall, Brentwood, South Busway",17,e8bf43da-63b3-46a6-96e0-01b89c927785,1722.9
49,49,A,Baldwin,"WEST MIFFLIN via Whitehall, Brentwood, South Busway",18,07428edc-7ca6-4281-b00a-98fbaabf64ed,12308.3
49,49,A,Baldwin,"WEST MIFFLIN via Whitehall, Brentwood, South Busway",19,0be36b5f-4ff5-4ebe-bf7d-478cddf388e6,10031.8
49,49,A,Baldwin,"WEST MIFFLIN via Whitehall, Brentwood, South Busway",20,dd152f04-d876-410f-93ad-2ecdaa630f6b,3830.6
49,49,A,Baldwin,"WEST MIFFLIN via Whitehall, Brentwood, South Busway",21,64bfa2a3-7a6b-4799-aa77-9a995347297b,23690.0
49,49,A,Baldwin,"WEST MIFFLIN via Whitehall, Brentwood, South Busway",22,789539f0-802e-4924-a08e-1aafe419dd8d,13674.4
49,49,A,Baldwin,"WEST MIFFLIN via Whitehall, Brentwood, South Busway",23,bf74c8f1-ab0f-457a-81db-93086c0d4710,23065.8
49,49,A,Baldwin,"WEST MIFFLIN via Whitehall, Brentwood, South Busway",24,b1629be2-4725-4ab7-be1f-5446ee8b1c0b,16669.9
49,49,A,Baldwin,"WEST MIFFLIN via Whitehall, Brentwood, South Busway",25,891b3ee6-8fdc-4caf-8034-9433c23418f3,1231.8
49,49,A,Baldwin,"WEST MIFFLIN via Whitehall, Brentwood, South Busway",26,f6c736e0-8ff7-45c8-8bc4-36740ad94dbe,9051.3
49,49,A,Baldwin,"WEST MIFFLIN via Whitehall, Brentwood, South Busway",27,192190cc-fa73-4112-935e-2c4127693db3,6804.4
49,49,A,Baldwin,"WEST MIFFLIN via Whitehall, Brentwood, South Busway",28,3784ed81-3835-40cc-aac6-0adf8274dcdb,12153.3
49,49,A,Baldwin,"WEST MIFFLIN via Whitehall, Brentwood, South Busway",29,0e2599f9-3de6-4234-8fe1-8685e2f83752,23487.0
49,49,A,Baldwin,"WEST MIFFLIN via Whitehall, Brentwood, South Busway",30,693e002d-5ad1-4bac-9dc4-db17ae8d2e26,17844.8
49,49,A,Baldwin,"WEST MIFFLIN via Whitehall, Brentwood, South Busway",31,027a2d07-dee9-4671-b63d-7282b8a88e10,276.5
49,49,A,Baldwin,"WEST MIFFLIN via Whitehall, Brentwood, South Busway",32,a1c024f3-a1fe-42c2-a745-4662ab954d6e,20728.4
49,49,A,Baldwin,"WEST MIFFLIN via Whitehall, Brentwood, South Busway",33,cea9d2cf-144b-483c-a43f-19a6c287269f,12791.1
49,49,A,Baldwin,"WEST MIFFLIN via Whitehall, Brentwood, South Busway",34,55385d9c-6496-4a80-9d68-69caabe3bfcf,5598.6
49,49,A,Baldwin,"WEST MIFFLIN via Whitehall, Brentwood, South Busway",35,fc828e09-0650-438c-ad7c-82b16fd5d3c6,11201.3
49,49,A,Baldwin,"WEST MIFFLIN via Whitehall, Brentwood, South Busway",36,d8033914-d29f-4387-9ba1-ce3109488b22,14865.6
49,49,A,Baldwin,"WEST MIFFLIN via Whitehall, Brentwood, South Busway",37,b10a204a-7877-4749-86ef-953d85477b31,23365.7
49,49,A,Baldwin,"WEST MIFFLIN via Whitehall, Brentwood, South Busway",38,1575e463-e675-4a76-a615-6de17462fb3b,14591.6
49,49,A,Baldwin,"WEST MIFFLIN via Whitehall, Brentwood, South Busway",39,1d71bcad-6022-43fd-ae5b-fb9d08c9af33,3101.2
49,49,A,Baldwin,"WEST MIFFLIN via Whitehall, Brentwood, South Busway",40,16beb96c-3688-42f7-a902-412ef99674d8,7958.3
49,49,A,Baldwin,"WEST MIFFLIN via Whitehall, Brentwood, South Busway",41,3a16c79b-4b59-4458-af29-a33735c56067,11462.3
49,49,A,Baldwin,"WEST MIFFLIN via Whitehall, Brentwood, South Busway",42,122c902b-cacd-4425-a595-7afb6d1c193c,13809.9
49,49,A,Baldwin,"WEST MIFFLIN via Whitehall, Brentwood, South Busway",43,a5c28801-1021-4944-956c-f2d395278747,10311.4
49,49,A,Baldwin,"WEST MIFFLIN via Whitehall, Brentwood, South Busway",44,1f81fd50-f8e9-42c3-9d09-73e12c617f9a,14208.4
49,49,A,Baldwin,"WEST MIFFLIN via Whitehall, Brentwood, South Busway",45,0ea2afd1-b9ab-4688-90ba-96f1f6b75dc2,22559.9
49,49,A,Baldwin,"WEST MIFFLIN via Whitehall, Brentwood, South Busway",46,508c0278-c2d6-468e-bacf-f0ecfdddf0dc,7673.0
49,49,A,Baldwin,"WEST MIFFLIN via Whitehall, Brentwood, South Busway",47,17e64695-fc18-41fc-b201-b84a496a2123,13275.3
49,49,A,Baldwin,"WEST MIFFLIN via Whitehall, Brentwood, South Busway",48,183c73d1-b2a2-416a-8b07-8f0375f9310c,21477.3
49,49,A,Baldwin,"WEST MIFFLIN via Whitehall, Brentwood, South Busway",49,6844400b-a199-48ae-a026-b188a0956916,23228.6
49,49,A,Baldwin,"WEST MIFFLIN via Whitehall, Brentwood, South Busway",50,de8244d1-2235-45bc-8df0-12540608c224,12936.5
49,49,A,Baldwin,"WEST MIFFLIN via Whitehall, Brentwood, South Busway",51,cd701a38-2723-4ae1-be11-30f4cdfe75e9,19643.1
49,49,A,Baldwin,"WEST MIFFLIN via Whitehall, Brentwood, South Busway",52,52f62344-f0e0-4913-8540-47af501e4e32,9767.9
49,49,A,Baldwin,"WEST MIFFLIN via Whitehall, Brentwood, South Busway",53,7e1c49c9-4b4c-42c3-900b-e9a94b106c51,4409.8
49,49,A,Baldwin,"WEST MIFFLIN via Whitehall, Brentwood, South Busway",54,6db297dd-b266-49f5-9734-766927ff97b7,6451.1
49,49,A,Baldwin,"WEST MIFFLIN via Whitehall, Brentwood, South Busway",55,19dc8c4e-e385-4c4d-883a-45b3b5b70e48,10825.3
49,49,A,Baldwin,"WEST MIFFLIN via Whitehall, Brentwood, South Busway",56,1fcc73c5-c54e-418e-a8bc-ce8fb15d44ea,11816.2
49,49,A,Baldwin,"WEST MIFFLIN via Whitehall, Brentwood, South Busway",57,29633960-c58f-44cb-b4a2-bd1a07cdb084,13038.4
49,49,A,Baldwin,"WEST MIFFLIN via Whitehall, Brentwood, South Busway",58,99e2c10c-6020-4c40-96d6-f97090e5ae6e,8532.0
49,49,A,Baldwin,"WEST MIFFLIN via Whitehall, Brentwood, South Busway",59,4eadb2fe-a6a8-4015-9a9a-98837e9d8fb8,815.0
49,49,A,Baldwin,"WEST MIFFLIN via Whitehall, Brentwood, South Busway",60,029b1c26-40df-49c9-9adb-57b4007981da,22015.6
49,49,A,Baldwin,"WEST MIFFLIN via Whitehall, Brentwood, South Busway",61,d55a2288-203c-4cbc-9309-508332332a5a,17442.3
49,49,A,Baldwin,"WEST MIFFLIN via Whitehall, Brentwood, South Busway",62,6afe56ee-5570-4c71-ac8b-715ce67b5d57,14398.0
49,49,A,Baldwin,"WEST MIFFLIN via Whitehall, Brentwood, South Busway",63,59cd574f-1bc8-4843-bea7-f43e827aacf6,19138.8
49,49,A,Baldwin,"WEST MIFFLIN via Whitehall, Brentwood, South Busway",64,df6076f9-4299-4549-82f5-87cf7be9c236,16286.2
73L,73L,A,Downtown,DOWNTOWN,1,6dfb5c3b-8797-45db-87bf-ac9992232350,6407.6
73L,73L,A,Downtown,DOWNTOWN,2,ae20e75d-fe11-433a-adc1-62cbcce1f0c9,8527.6
73L,73L,A,Downtown,DOWNTOWN,3,4e4c48af-5cec-44f3-9323-16de0c7989d5,8332.7
73L,73L,A,Downtown,DOWNTOWN,4,bd42dacf-0ae1-4abc-9d7a-077322ac4770,6118.4
73L,73L,A,Downtown,DOWNTOWN,5,0da7bbb4-323e-4641-8aa8-9f6eb609f7d6,737.2
73L,73L,A,Downtown,DOWNTOWN,6,4feed830-1f90-4cce-ba69-cbd12544c41b,7989.7
73L,73L,A,Downtown,DOWNTOWN,7,95fff5f5-3ca4-432c-ac17-18be3bfce79f,1419.7
73L,73L,A,Downtown,DOWNTOWN,8,66020418-19e0-4be4-b96e-9a29be98add7,19973.8
73L,73L,A,Downtown,DOWNTOWN,9,9fa11440-a67b-4959-bdfe-fb506283680c,18862.0
73L,73L,A,Downtown,DOWNTOWN,10,0955af6f-aeda-42f7-b092-f46e19ee4ff2,28684.3
73L,73L,A,Downtown,DOWNTOWN,11,2885cf00-e02e-42d2-b73f-132352a49767,3284.3
73L,73L,A,Downtown,DOWNTOWN,12,47ff4298-7b84-4a69-a924-c76c52955537,32072.5
73L,73L,A,Downtown,DOWNTOWN,13,027a2d07-dee9-4671-b63d-7282b8a88e10,31716.7
73L,73L,A,Downtown,DOWNTOWN,14,305e12af-64b0-4ac6-ac4c-428c1dc9fd9c,31442.6
73L,73L,A,Downtown,DOWNTOWN,15,fa74fa51-632b-4983-a122-223da495e27a,2938.0
73L,73L,A,Downtown,DOWNTOWN,16,945ff90d-f787-4d32-ad26-8af486029cc9,17413.5
73L,73L,A,Downtown,DOWNTOWN,17,d21545a5-17ee-48dd-9a1f-543504993b01,17560.7
73L,73L,A,Downtown,DOWNTOWN,18,63aeab5f-ad2a-4c51-b4cd-a21b3066a189,20904.4
73L,73L,A,Downtown,DOWNTOWN,19,4a974ceb-2bf8-4f1f-b5e7-a0988e7fb48e,20174.0
73L,73L,A,Downtown,DOWNTOWN,20,fdd3e9ae-18e5-49eb-9aee-226fb3c794d9,8961.6
73L,73L,A,Downtown,DOWNTOWN,21,0dd509ae-c023-4867-b41c-bb76e88818a0,20776.4
73L,73L,A,Downtown,DOWNTOWN,22,2057f4cd-b6ab-4d22-b410-e04cf625fb46,17734.1
73L,73L,A,Downtown,DOWNTOWN,23,cb1cf4cc-bdcc-40c2-84be-f17d2cee7570,20301.8
73L,73L,A,Downtown,DOWNTOWN,24,a15a0500-87df-4e2e-a66c-9232959d4b7d,17142.9
73L,73L,A,Downtown,DOWNTOWN,25,c50e7a47-1415-42bb-96ae-7c2d12e5a27b,20409.4
73L,73L,A,Downtown,DOWNTOWN,26,a9f7ca8b-752a-4e75-8cfa-fe74d050ab59,4588.2
73L,73L,A,Downtown,DOWNTOWN,27,c6afc236-8798-46df-aec5-70cf80215828,1804.8
73L,73L,A,Downtown,DOWNTOWN,28,177fc1c9-3fe8-4bd0-8ce6-f12e8c44ffdc,32537.4
73L,73L,A,Downtown,DOWNTOWN,29,9f70a4b2-3b35-48f1-ae98-1f9f45efd744,4068.1
73L,73L,A,Downtown,DOWNTOWN,30,9a9ea52f-0488-464c-8742-180761611398,8186.8
73L,73L,A,Downtown,DOWNTOWN,31,19abd730-c0de-4029-84c7-0d275b2c1bf4,19252.6
73L,73L,A,Downtown,DOWNTOWN,32,f7c9ee1c-91a5-44a3-894d-846211a676f3,24490.5
73L,73L,A,Downtown,DOWNTOWN,33,f0808bd0-82ba-4532-a0b3-d131eaa29c77,18075.6
73L,73L,A,Downtown,DOWNTOWN,34,26181ca8-cd0e-4236-a809-6a8ef22b7a0c,4939.4
73L,73L,A,Downtown,DOWNTOWN,35,02bd8d02-59ac-4857-a697-47b26b07178e,7495.4
73L,73L,A,Downtown,DOWNTOWN,36,c74d6ce5-92e1-4dba-96e7-d72e7ea105d9,8801.6
73L,73L,A,Downtown,DOWNTOWN,37,1cfe7d5b-f507-43c6-8cd4-5fe09f7fa670,19566.0
73L,73L,A,Downtown,DOWNTOWN,38,058037cb-8ae5-4a71-b415-c3baa6f7d7fa,22277.3
73L,73L,A,Downtown,DOWNTOWN,39,cb3b95f0-2bef-47ff-acd2-b62ff25db04c,424.3
73L,73L,A,Downtown,DOWNTOWN,40,51a25c21-50da-46b7-b406-2780d22341c0,7775.4
73L,73L,A,Downtown,DOWNTOWN,41,a0a02fa9-e11d-4254-ae51-9c7f937f9e4c,25384.9
73L,73L,A,Downtown,DOWNTOWN,42,e178bc46-cce5-4d1a-83b9-e0165bcbd40d,2321.1
73L,73L,A,Downtown,DOWNTOWN,43,81f5a7fc-66ff-40fb-95fe-bc20b567c11f,0.6
73L,73L,A,Downtown,DOWNTOWN,44,2262c80e-53c7-44ba-822d-5f2bf0d28a59,20669.8
73L,73L,A,Downtown,DOWNTOWN,45,f64c5aa6-3271-4bc0-9312-03e122f544dc,21132.4
73L,73L,A,Downtown,DOWNTOWN,46,619f18da-3241-493a-bd49-c1727bc4c42b,18558.5
73L,73L,A,Holiday Park,HOLIDAY PARK,1,e09feaf4-e78b-4971-a15c-9a629e2ccc46,9747.3
73L,73L,A,Holiday Park,HOLIDAY PARK,2,64f37f76-cc94-4298-9072-46c209f5b8c1,14828.6
73L,73L,A,Holiday Park,HOLIDAY PARK,3,73597a2a-b56a-4a10-b560-dc36ca968e6f,12370.4
73L,73L,A,Holiday Park,HOLIDAY PARK,4,21d67d01-309e-4983-860a-62c058c151ad,24882.1
73L,73L,A,Holiday Park,HOLIDAY PARK,5,cbefd82a-07a3-4d99-b958-f95151838539,11372.9
73L,73L,A,Holiday Park,HOLIDAY PARK,6,8a3b1f8d-5960-49a4-8cc1-0e89b2b3f739,11682.8
73L,73L,A,Holiday Park,HOLIDAY PARK,7,60cd55ba-b0ab-4479-ba9e-d09e8ad1eaab,30908.5
73L,73L,A,Holiday Park,HOLIDAY PARK,8,35eaf546-371a-4d19-a090-9e5045a65a63,11829.1
73L,73L,A,Holiday Park,HOLIDAY PARK,9,7bd1f0a1-3122-419d-b212-9942d136c320,10907.8
73L,73L,A,Holiday Park,HOLIDAY PARK,10,e48dae37-eea1-47b4-90ae-e6da4f2765ac,11933.9
73L,73L,A,Holiday Park,HOLIDAY PARK,11,177fc1c9-3fe8-4bd0-8ce6-f12e8c44ffdc,1.2
73L,73L,A,Holiday Park,HOLIDAY PARK,12,7a53ced9-cb9a-4434-9a4a-35722173d1c4,24301.8
73L,73L,A,Holiday Park,HOLIDAY PARK,13,e6800fc5-8067-4b7b-992b-622c317f5524,31278.5
73L,73L,A,Holiday Park,HOLIDAY PARK,14,7a6ae7f9-13f3-4ecb-85b1-de3508d2fa1a,29403.3
73L,73L,A,Holiday Park,HOLIDAY PARK,15,d697236a-d238-4429-97cb-0adc3baddd45,14079.2
73L,73L,A,Holiday Park,HOLIDAY PARK,16,b4839351-db03-4fea-b849-d428ac0a4afa,28610.9
73L,73L,A,Holiday Park,HOLIDAY PARK,17,6a304ea5-a953-4ecd-a610-c063d2884d12,27800.8
73L,73L,A,Holiday Park,HOLIDAY PARK,18,4b93aeb9-f8f2-4417-b9df-8296b20ecac0,24491.4
73L,73L,A,Holiday Park,HOLIDAY PARK,19,1b290e0f-87a6-45ae-ba11-82b59b338acf,23856.9
73L,73L,A,Holiday Park,HOLIDAY PARK,20,303f24ff-7b59-452e-8752-14cbdd762c4b,25144.3
73L,73L,A,Holiday Park,HOLIDAY PARK,21,7c838cd7-b739-47c5-8526-81a135af6f04,12064.9
73L,73L,A,Holiday Park,HOLIDAY PARK,22,c89f1a65-6344-45aa-be61-eb8ccb21c1e7,3349.8
73L,73L,A,Holiday Park,HOLIDAY PARK,23,4a415924-01b0-4604-9a10-3ba877ad158e,6676.7
73L,73L,A,Holiday Park,HOLIDAY PARK,24,8d00884a-1c8b-4a24-983b-9f486b8aa9fb,366.5
73L,73L,A,Holiday Park,HOLIDAY PARK,25,6efdf716-ecde-4e15-bea8-cb81eec4992e,31954.0
73L,73L,A,Holiday Park,HOLIDAY PARK,26,1998b51f-093f-4235-8f72-75016cbafd2b,26556.2
73L,73L,A,Holiday Park,HOLIDAY PARK,27,c2170705-8451-451d-b005-9f6e5a611ec7,7545.3
73L,73L,A,Holiday Park,HOLIDAY PARK,28,81f5a7fc-66ff-40fb-95fe-bc20b567c11f,32360.4
73L,73L,A,Holiday Park,HOLIDAY PARK,29,b0915b72-0448-4771-a8cd-4afdac05b3d9,11584.0
73L,73L,A,Holiday Park,HOLIDAY PARK,30,048598a6-dfbf-47af-9fb3-f03752813814,24661.0
73L,73L,A,Holiday Park,HOLIDAY PARK,31,4d1613ec-7cb2-4f3c-8ad4-e24af9ebd045,12829.0
73L,73L,A,Holiday Park,HOLIDAY PARK,32,4dc95922-e892-4997-8b6b-c5ebe0fadc7a,23703.8
73L,73L,A,Holiday Park,HOLIDAY PARK,33,6b0ebe69-e4f9-415d-a62d-c9a2ff14ed3e,679.2
73L,73L,A,Holiday Park,HOLIDAY PARK,34,1a64d6d8-4e54-48d9-b70a-6d6a2dbb6a8c,14348.7
73L,73L,A,Holiday Park,HOLIDAY PARK,35,6bd49774-ade6-4e0c-85d1-6dc3b68fd2ba,28144.4
73L,73L,A,Holiday Park,HOLIDAY PARK,36,2423cb62-99be-47eb-80ae-8ac997a86447,13573.8
73L,73L,A,Holiday Park,HOLIDAY PARK,37,884fa385-7606-44e6-ac56-c2302081317a,13231.7
73L,73L,A,Holiday Park,HOLIDAY PARK,38,fb4fa38c-783e-44f6-9eaf-b4f6b891c167,26255.4
73L,73L,A,Holiday Park,HOLIDAY PARK,39,76f2a3c2-5ad6-4b33-a54b-3479d978c1dc,29795.1
73L,73L,A,Holiday Park,HOLIDAY PARK,40,b89292d2-0dfb-412a-8b46-28b3aa4bc485,30368.6
73L,73L,A,Holiday Park,HOLIDAY PARK,41,e8f252c0-7dd3-4787-870c-4a01e0a82ab8,24126.4
73L,73L,A,Holiday Park,HOLIDAY PARK,42,fea912e3-d63f-4419-aae8-c99ab8ae0da0,12531.5
57,57,A,Downtown,"DOWNTOWN via Glen Hazel, Hazelwood",1,57acc3d9-243a-457c-9fc8-8ae252f08755,11476.2
57,57,A,Downtown,"DOWNTOWN via Glen Hazel, Hazelwood",2,414d3639-9e0e-40f3-9883-edcac8121842,6286.0
57,57,A,Downtown,"DOWNTOWN via Glen Hazel, Hazelwood",3,b43814c6-8d5e-4ecf-83f9-56319240237b,8754.7
57,57,A,Downtown,"DOWNTOWN via Glen Hazel, Hazelwood",4,6b0ebe69-e4f9-415d-a62d-c9a2ff14ed3e,15659.4
57,57,A,Downtown,"DOWNTOWN via Glen Hazel, Hazelwood",5,fa7c90ff-8d11-40ac-8652-bccbcb97adb1,5664.2
57,57,A,Downtown,"DOWNTOWN via Glen Hazel, Hazelwood",6,daaec7d0-a430-473e-a06e-bef64b1c6c4c,6394.9
57,57,A,Downtown,"DOWNTOWN via Glen Hazel, Hazelwood",7,13d2a987-bfab-4a72-92d9-bf8dd286a060,15047.4
57,57,A,Downtown,"DOWNTOWN via Glen Hazel, Hazelwood",8,eca03df8-3625-4e35-a1c8-dd2ed5bfa337,6749.5
57,57,A,Downtown,"DOWNTOWN via Glen Hazel, Hazelwood",9,c62dc823-8c2c-4d09-90f9-742a6a19da5e,12915.2
57,57,A,Downtown,"DOWNTOWN via Glen Hazel, Hazelwood",10,404f3a00-c228-4b3b-84a7-5c5e52a3a5df,2692.3
57,57,A,Downtown,"DOWNTOWN via Glen Hazel, Hazelwood",11,970f5e9c-fe8a-4b93-b8f3-c489dd93c465,10970.0
57,57,A,Downtown,"DOWNTOWN via Glen Hazel, Hazelwood",12,d0074677-d7e4-46bc-83e5-3334d591a43f,12262.5
57,57,A,Downtown,"DOWNTOWN via Glen Hazel, Hazelwood",13,03ff10f2-7190-4c32-9fc2-f75784cfa76a,4546.7
57,57,A,Downtown,"DOWNTOWN via Glen Hazel, Hazelwood",14,a41b37f2-eb22-41a3-bd96-eea6ed73f879,5811.8
57,57,A,Downtown,"DOWNTOWN via Glen Hazel, Hazelwood",15,932e37a9-ed34-4377-84b4-7388fa54640b,7678.2
57,57,A,Downtown,"DOWNTOWN via Glen Hazel, Hazelwood",16,5cad4dc8-b1b6-45e6-a36b-94dbf078673d,10421.5
57,57,A,Downtown,"DOWNTOWN via Glen Hazel, Hazelwood",17,495c154e-b65c-4e5a-afb3-273b4d361694,10673.7
57,57,A,Downtown,"DOWNTOWN via Glen Hazel, Hazelwood",18,4fab53d5-a46a-4f84-b09c-24efcdea57fd,11773.8
57,57,A,Downtown,"DOWNTOWN via Glen Hazel, Hazelwood",19,d2c26ceb-7bc1-4458-b5f4-a99dd1a8a2bd,4269.5
57,57,A,Downtown,"DOWNTOWN via Glen Hazel, Hazelwood",20,e0249ac6-c5b3-4fe6-b16e-654d14305905,8028.6
57,57,A,Downtown,"DOWNTOWN via Glen Hazel, Hazelwood",21,ae91c355-4c75-4a64-8365-6dc459bfbd11,3796.7
57,57,A,Downtown,"DOWNTOWN via Glen Hazel, Hazelwood",22,9f1ac293-21ae-4fe8-8288-285ecc944aeb,11106.2
57,57,A,Downtown,"DOWNTOWN via Glen Hazel, Hazelwood",23,4c25da16-40c9-4563-abeb-fecfeeb7602c,11602.1
57,57,A,Downtown,"DOWNTOWN via Glen Hazel, Hazelwood",24,8e10cc2b-0bd0-4e53-816d-880562d516a8,5952.9
57,57,A,Downtown,"DOWNTOWN via Glen Hazel, Hazelwood",25,e64b3bbc-815f-4255-a78e-607358191832,12467.4
57,57,A,Downtown,"DOWNTOWN via Glen Hazel, Hazelwood",26,c378db10-a0db-4b88-b57f-e523715593bc,5437.5
57,57,A,Downtown,"DOWNTOWN via Glen Hazel, Hazelwood",27,0ac0d70d-002e-47ca-b92e-8136277ffb21,12064.7
57,57,A,Downtown,"DOWNTOWN via Glen Hazel, Hazelwood",28,1d7ffce0-a7f5-4dae-8821-f976498cfdc5,5255.9
57,57,A,Downtown,"DOWNTOWN via Glen Hazel, Hazelwood",29,e8c8d519-2bda-44ef-a806-01eef8288b20,13493.9
57,57,A,Downtown,"DOWNTOWN via Glen Hazel, Hazelwood",30,fad27525-bdb6-434e-8c36-ec19321c73d6,7270.4
57,57,A,Downtown,"DOWNTOWN via Glen Hazel, Hazelwood",31,1f278b25-3e83-4478-9bdf-e3655fc2c021,3949.5
57,57,A,Downtown,"DOWNTOWN via Glen Hazel, Hazelwood",32,ca7f3a35-27a6-47e2-8823-a2d7722f0d9f,4828.2
57,57,A,Downtown,"DOWNTOWN via Glen Hazel, Hazelwood",33,e8cbca67-d7f7-4abd-b37c-649d09bb5725,3872.1
57,57,A,Downtown,"DOWNTOWN via Glen Hazel, Hazelwood",34,30815f84-0fd5-4725-842f-5d4c0d8d6835,4987.0
57,57,A,Downtown,"DOWNTOWN via Glen Hazel, Hazelwood",35,a3905eeb-d088-4dcb-9f52-27286654a540,10158.2
57,57,A,Downtown,"DOWNTOWN via Glen Hazel, Hazelwood",36,88d1767e-7ba1-4c69-b51e-2abb33d1dee6,15290.7
57,57,A,Downtown,"DOWNTOWN via Glen Hazel, Hazelwood",37,1202dc10-2f55-4154-8bbb-860b89aa8212,611.5
57,57,A,Downtown,"DOWNTOWN via Glen Hazel, Hazelwood",38,6c98957d-d93b-424d-84ee-7f5daff11dc4,2448.8
57,57,A,Downtown,"DOWNTOWN via Glen Hazel, Hazelwood",39,c3885a6d-d48c-490e-95fb-bd58b3545082,14627.2
57,57,A,Downtown,"DOWNTOWN via Glen Hazel, Hazelwood",40,ea83a645-3808-4dff-aa2a-6c2617e9a37a,14855.5
57,57,A,Downtown,"DOWNTOWN via Glen Hazel, Hazelwood",41,1546b20d-4106-4f5e-aaec-f24927db5968,14209.8
57,57,A,Downtown,"DOWNTOWN via Glen Hazel, Hazelwood",42,1c185669-0132-4e18-8161-d822ab37d056,10297.4
57,57,A,Downtown,"DOWNTOWN via Glen Hazel, Hazelwood",43,41946b4a-b45b-4a2a-9107-06d0f76ed6c0,13068.8
57,57,A,Downtown,"DOWNTOWN via Glen Hazel, Hazelwood",44,dbb5d8b0-c64e-4d3d-bf1e-005a2d199923,3161.9
57,57,A,Downtown,"DOWNTOWN via Glen Hazel, Hazelwood",45,01c2ca7f-5602-47f2-a0d3-e76539ae05ce,976.0
57,57,A,Downtown,"DOWNTOWN via Glen Hazel, Hazelwood",46,13605376-41e8-4057-84ef-7b2e7419e31f,13278.8
57,57,A,Downtown,"DOWNTOWN via Glen Hazel, Hazelwood",47,681ab434-9fe2-4c03-a8c7-513a77f546ec,12708.7
57,57,A,Downtown,"DOWNTOWN via Glen Hazel, Hazelwood",48,e79434c1-0838-46ee-86e3-d99eed32c4bf,1147.2
57,57,A,Downtown,"DOWNTOWN via Glen Hazel, Hazelwood",49,e0516971-63d6-4529-b207-1d76716d7f6c,6141.8
57,57,A,Downtown,"DOWNTOWN via Glen Hazel, Hazelwood",50,20886ca0-bc81-431c-a1d7-69afb1712c69,11225.9
57,57,A,Downtown,"DOWNTOWN via Glen Hazel, Hazelwood",51,1ead061e-1476-44cc-889c-e786e7f89adb,6063.0
57,57,A,Downtown,"DOWNTOWN via Glen Hazel, Hazelwood",52,491167f5-fc29-430a-b48c-38b7a6535874,5129.0
57,57,A,Downtown,"DOWNTOWN via Glen Hazel, Hazelwood",53,c5fe76de-e60c-4717-ae54-56e714aebe78,2.4
57,57,A,Homestead,"HOMESTEAD via Glen Hazel, Hazelwood",1,305e12af-64b0-4ac6-ac4c-428c1dc9fd9c,2.2
57,57,A,Homestead,"HOMESTEAD via Glen Hazel, Hazelwood",2,7554395f-bc41-40d0-a52e-8878e3012d0e,1055.6
57,57,A,Homestead,"HOMESTEAD via Glen Hazel, Hazelwood",3,c5fe76de-e60c-4717-ae54-56e714aebe78,15834.0
57,57,A,Homestead,"HOMESTEAD via Glen Hazel, Hazelwood",4,e9342762-edb8-4df0-94e3-d8fb3b4cb6e2,2509.4
57,57,A,Homestead,"HOMESTEAD via Glen Hazel, Hazelwood",5,514d0978-e166-4e0c-857a-659778e003ad,8661.9
57,57,A,Homestead,"HOMESTEAD via Glen Hazel, Hazelwood",6,f538d96e-62f1-42fc-a8f9-e85be1cbb851,10608.0
57,57,A,Homestead,"HOMESTEAD via Glen Hazel, Hazelwood",7,6e1cee13-c874-4b73-b37f-9982debbc563,4697.3
57,57,A,Homestead,"HOMESTEAD via Glen Hazel, Hazelwood",8,027a2d07-dee9-4671-b63d-7282b8a88e10,276.5
57,57,A,Homestead,"HOMESTEAD via Glen Hazel, Hazelwood",9,0458d573-1fc3-4090-bef5-6d380fcb769b,9317.4
57,57,A,Homestead,"HOMESTEAD via Glen Hazel, Hazelwood",10,a7e4112c-9a4f-4a1d-93ae-f4384d8fb4bd,12698.8
57,57,A,Homestead,"HOMESTEAD via Glen Hazel, Hazelwood",11,54fa7e8c-01a9-4715-b7b2-afd6e3eb052d,2941.5
57,57,A,Homestead,"HOMESTEAD via Glen Hazel, Hazelwood",12,33a3f8b1-966c-450b-9b58-526c230c2afc,2117.9
57,57,A,Homestead,"HOMESTEAD via Glen Hazel, Hazelwood",13,41d19f3f-2385-44c1-8a87-0fd901d54f28,10308.1
57,57,A,Homestead,"HOMESTEAD via Glen Hazel, Hazelwood",14,87c61e67-2d6f-4c12-9473-aa87eb9afa2b,4819.2
57,57,A,Homestead,"HOMESTEAD via Glen Hazel, Hazelwood",15,bfb64103-3d43-46fb-b642-c8a3bf94ffb1,9730.1
57,57,A,Homestead,"HOMESTEAD via Glen Hazel, Hazelwood",16,26faaf6b-9344-4349-8cbf-cc55b87edc81,6545.2
57,57,A,Homestead,"HOMESTEAD via Glen Hazel, Hazelwood",17,ce1933f1-1801-4b88-934b-1aa1eb76da86,9884.9
57,57,A,Homestead,"HOMESTEAD via Glen Hazel, Hazelwood",18,5dfa2d3e-fcfa-4909-a672-07b7cadb15da,7709.5
57,57,A,Homestead,"HOMESTEAD via Glen Hazel, Hazelwood",19,e8bf43da-63b3-46a6-96e0-01b89c927785,1739.2
57,57,A,Homestead,"HOMESTEAD via Glen Hazel, Hazelwood",20,966b3cfc-5eeb-44c9-919c-74769f036d98,9140.3
57,57,A,Homestead,"HOMESTEAD via Glen Hazel, Hazelwood",21,b49e5251-8c19-4e95-a198-e03fed71c55d,4399.8
57,57,A,Homestead,"HOMESTEAD via Glen Hazel, Hazelwood",22,f19fce18-c135-4421-915a-5e358baef67c,11503.3
57,57,A,Homestead,"HOMESTEAD via Glen Hazel, Hazelwood",23,65fb58e4-2d94-4382-816b-14ae37914c47,4257.4
57,57,A,Homestead,"HOMESTEAD via Glen Hazel, Hazelwood",24,dd03da52-9b0f-46c8-bfe4-d62c0200d6bc,898.8
57,57,A,Homestead,"HOMESTEAD via Glen Hazel, Hazelwood",25,fdb682a9-e191-450d-9a37-eff5602cce03,7364.9
57,57,A,Homestead,"HOMESTEAD via Glen Hazel, Hazelwood",26,d350d9c9-45cb-4f4d-a930-7cb26b3ef40f,11626.4
57,57,A,Homestead,"HOMESTEAD via Glen Hazel, Hazelwood",27,1a9a1ae8-d776-4358-9153-b6a1afb366a8,2289.0
57,57,A,Homestead,"HOMESTEAD via Glen Hazel, Hazelwood",28,132b3552-d527-4843-9f43-cdbb6436d02d,1886.1
57,57,A,Homestead,"HOMESTEAD via Glen Hazel, Hazelwood",29,94326818-6efa-47a7-a0a0-c336710ac05f,12971.3
57,57,A,Homestead,"HOMESTEAD via Glen Hazel, Hazelwood",30,6219146e-37c9-4600-baa5-a9dc0b59399f,8148.1
57,57,A,Homestead,"HOMESTEAD via Glen Hazel, Hazelwood",31,76de93b7-1aa9-4667-8eee-22bfd3e864de,4139.2
57,57,A,Homestead,"HOMESTEAD via Glen Hazel, Hazelwood",32,375a7fe3-092f-47a2-bfee-e1e928514685,3896.5
57,57,A,Homestead,"HOMESTEAD via Glen Hazel, Hazelwood",33,47ff4298-7b84-4a69-a924-c76c52955537,632.4
57,57,A,Homestead,"HOMESTEAD via Glen Hazel, Hazelwood",34,3517b3b9-0752-409f-9232-32c2f66c60b2,14764.0
57,57,A,Homestead,"HOMESTEAD via Glen Hazel, Hazelwood",35,d2c26ceb-7bc1-4458-b5f4-a99dd1a8a2bd,11129.6
57,57,A,Homestead,"HOMESTEAD via Glen Hazel, Hazelwood",36,0ba1cc6a-ae5a-4249-8ebe-589641e538a1,3595.4
57,57,A,Homestead,"HOMESTEAD via Glen Hazel, Hazelwood",37,12201a5d-abc4-4609-bf70-62f76b6ff038,3771.0
57,57,A,Homestead,"HOMESTEAD via Glen Hazel, Hazelwood",38,209f7e1b-5916-4fd1-bcf3-8bb65d273096,8984.2
57,57,A,Homestead,"HOMESTEAD via Glen Hazel, Hazelwood",39,d3a27fc6-0a6c-4b9e-b1e7-34e5884dbccf,4942.5
57,57,A,Homestead,"HOMESTEAD via Glen Hazel, Hazelwood",40,4ac8dc3a-9556-4b2b-8be2-dd942531f471,10858.8
57,57,A,Homestead,"HOMESTEAD via Glen Hazel, Hazelwood",41,a695448e-168a-441d-acc4-1712d3a3feb7,9982.0
57,57,A,Homestead,"HOMESTEAD via Glen Hazel, Hazelwood",42,214715e0-e1a0-4813-9693-dac7aab238bb,10182.2
57,57,A,Homestead,"HOMESTEAD via Glen Hazel, Hazelwood",43,939b83d5-a0ad-4ffc-ba05-188eef3d52f3,14437.6
57,57,A,Homestead,"HOMESTEAD via Glen Hazel, Hazelwood",44,62777eec-2bfa-4135-a211-36f620a6a66b,10436.5
57,57,A,Homestead,"HOMESTEAD via Glen Hazel, Hazelwood",45,8869ffda-5903-4d0b-899b-c91b48730e5b,2669.2
57,57,A,Homestead,"HOMESTEAD via Glen Hazel, Hazelwood",46,00c51287-f571-494f-83a3-c35fd899dbd6,3193.7
57,57,A,Homestead,"HOMESTEAD via Glen Hazel, Hazelwood",47,9fd86e8b-b83a-47f1-a816-ee58bde6fa24,9476.9
57,57,A,Homestead,"HOMESTEAD via Glen Hazel, Hazelwood",48,fb0c3dd3-581e-419a-a8b9-eb98f1b63c9e,12227.7
57,57,A,Homestead,"HOMESTEAD via Glen Hazel, Hazelwood",49,4be9e050-7b22-405f-990f-7f647c797412,3399.9
57,57,A,Homestead,"HOMESTEAD via Glen Hazel, Hazelwood",50,803396ba-739c-495c-9f63-db02d734027d,9600.4
57,57,A,Homestead,"HOMESTEAD via Glen Hazel, Hazelwood",51,891b3ee6-8fdc-4caf-8034-9433c23418f3,1246.9
57,57,A,Homestead,"HOMESTEAD via Glen Hazel, Hazelwood",52,4eadb2fe-a6a8-4015-9a9a-98837e9d8fb8,815.0
51,51,A,Downtown,DOWNTOWN via Carrick,1,d0074677-d7e4-46bc-83e5-3334d591a43f,20176.2
51,51,A,Downtown,DOWNTOWN via Carrick,2,a710d1b4-f350-455e-980d-fd857113ba11,17745.6
51,51,A,Downtown,DOWNTOWN via Carrick,3,1d0ccb2d-603a-4fc7-bfa1-80e22241df95,12153.6
51,51,A,Downtown,DOWNTOWN via Carrick,4,31a7ce2b-45fe-4b0b-b1b4-58baa761dfd3,19086.9
51,51,A,Downtown,DOWNTOWN via Carrick,5,693e002d-5ad1-4bac-9dc4-db17ae8d2e26,3227.1
51,51,A,Downtown,DOWNTOWN via Carrick,6,a4b964d0-1381-4f01-a85b-e74e0a57a40c,324.9
51,51,A,Downtown,DOWNTOWN via Carrick,7,491ef73d-f0f1-40f9-91d3-87a462f2074d,22581.2
51,51,A,Downtown,DOWNTOWN via Carrick,8,b99aafe3-9761-4abd-9324-a7866f20371e,14746.3
51,51,A,Downtown,DOWNTOWN via Carrick,9,e8c8d519-2bda-44ef-a806-01eef8288b20,21407.6
51,51,A,Downtown,DOWNTOWN via Carrick,10,900775e5-f915-4c17-aa50-7a6a19fb4e83,10548.8
51,51,A,Downtown,DOWNTOWN via Carrick,11,5a79489e-c5b2-4ce7-b57d-3ca9b251a368,17408.7
51,51,A,Downtown,DOWNTOWN via Carrick,12,8c650b15-17e2-4808-ba46-594f2d53059b,16783.3
51,51,A,Downtown,DOWNTOWN via Carrick,13,4973761b-08ff-4468-8b84-24a3e99d58fc,10382.7
51,51,A,Downtown,DOWNTOWN via Carrick,14,5e107e4f-d18e-4a83-a2bd-d7f17acc91ed,18907.0
51,51,A,Downtown,DOWNTOWN via Carrick,15,03304b47-cd47-40a3-afee-5b8db2bfab17,5869.8
51,51,A,Downtown,DOWNTOWN via Carrick,16,ae7162f9-1e92-4707-b40e-e9264474e3f3,6383.1
51,51,A,Downtown,DOWNTOWN via Carrick,17,7c8b6b1a-0aa7-4191-b10a-951945873ee0,9205.1
51,51,A,Downtown,DOWNTOWN via Carrick,18,f8a5377e-de99-4de6-857d-d7dd06fc7533,14905.1
51,51,A,Downtown,DOWNTOWN via Carrick,19,943d4bf3-1a91-4114-b0b8-ae13d05a396b,13391.2
51,51,A,Downtown,DOWNTOWN via Carrick,20,13605376-41e8-4057-84ef-7b2e7419e31f,21192.6
51,51,A,Downtown,DOWNTOWN via Carrick,21,8e6c821b-09e8-4b83-a1b0-e29e960ef41e,7258.2
51,51,A,Downtown,DOWNTOWN via Carrick,22,de8e5c71-1581-4f62-b031-488990943418,8055.2
51,51,A,Downtown,DOWNTOWN via Carrick,23,f3a46daf-6496-41e4-8531-99733e8a6be3,18417.7
51,51,A,Downtown,DOWNTOWN via Carrick,24,303c1589-fbb3-4a44-af3e-c0476811e706,12721.8
51,51,A,Downtown,DOWNTOWN via Carrick,25,9b5a5d8d-ede6-4b85-b75b-688dd9f81a8a,3.2
51,51,A,Downtown,DOWNTOWN via Carrick,26,e99822fb-d061-4d58-9672-feebee98fe84,11855.7
51,51,A,Downtown,DOWNTOWN via Carrick,27,d21a37cb-105b-4703-8ded-e6faf995b447,16864.6
51,51,A,Downtown,DOWNTOWN via Carrick,28,82455faf-51a4-416c-950a-9eb25e1adc4f,11188.3
51,51,A,Downtown,DOWNTOWN via Carrick,29,bd99b5a7-84a6-4c27-ae30-47c3b00c8167,7628.3
51,51,A,Downtown,DOWNTOWN via Carrick,30,79943df1-d952-426f-91d4-c3d74e046eb0,19366.6
51,51,A,Downtown,DOWNTOWN via Carrick,31,d8f0d910-e93c-4c9c-8b43-4498618ea316,14125.3
51,51,A,Downtown,DOWNTOWN via Carrick,32,a544e305-60c7-4b6d-8b33-32bea84b9965,12884.1
51,51,A,Downtown,DOWNTOWN via Carrick,33,dc3b556e-9f74-453b-a712-0fb307825995,15573.7
51,51,A,Downtown,DOWNTOWN via Carrick,34,ea83a645-3808-4dff-aa2a-6c2617e9a37a,22769.3
51,51,A,Downtown,DOWNTOWN via Carrick,35,8b55d475-4831-436b-9d74-75057d5ae91b,14560.8
51,51,A,Downtown,DOWNTOWN via Carrick,36,893922cc-14ba-44cd-bcdb-6824f31ce0b1,14328.6
51,51,A,Downtown,DOWNTOWN via Carrick,37,350cf8dc-8930-447a-b465-b2f168583ce8,18117.2
51,51,A,Downtown,DOWNTOWN via Carrick,38,1546b20d-4106-4f5e-aaec-f24927db5968,22123.5
51,51,A,Downtown,DOWNTOWN via Carrick,39,0ac0d70d-002e-47ca-b92e-8136277ffb21,19978.4
51,51,A,Downtown,DOWNTOWN via Carrick,40,41946b4a-b45b-4a2a-9107-06d0f76ed6c0,20982.5
51,51,A,Downtown,DOWNTOWN via Carrick,41,436c7b43-fb12-4bb9-ae95-fd7f4ac28654,10187.5
51,51,A,Downtown,DOWNTOWN via Carrick,42,52f7c422-8596-4efb-bbfc-9c55c9d2cab8,17896.2
51,51,A,Downtown,DOWNTOWN via Carrick,43,90dd1aed-aad2-4b2c-af84-24349f7c046d,16443.1
51,51,A,Downtown,DOWNTOWN via Carrick,44,e64b3bbc-815f-4255-a78e-607358191832,20381.1
51,51,A,Downtown,DOWNTOWN via Carrick,45,d4f653d0-a83d-45dc-ae2e-23b5fe944897,10887.0
51,51,A,Downtown,DOWNTOWN via Carrick,46,0b8a3de4-9a8c-4478-85dd-75943f0d76b8,13888.1
51,51,A,Downtown,DOWNTOWN via Carrick,47,2736d8ae-2a70-493e-9e83-0e9ce84add33,11504.4
51,51,A,Downtown,DOWNTOWN via Carrick,48,f94237eb-882d-4c2a-90ac-7ff3719ccbd6,18689.9
51,51,A,Downtown,DOWNTOWN via Carrick,49,616c1603-8429-4693-8432-7d21e4153694,7739.0
51,51,A,Downtown,DOWNTOWN via Carrick,50,8e6abd89-7ad9-4f37-b6b8-b27ab28aae4d,17103.6
51,51,A,Downtown,DOWNTOWN via Carrick,51,c9e2efb3-3c39-492c-ae7d-828606ffe47e,15246.2
51,51,A,Downtown,DOWNTOWN via Carrick,52,79a7f85f-3605-4d75-8164-ea0986f3902f,15792.4
51,51,A,Downtown,DOWNTOWN via Carrick,53,d623137a-9ead-43cd-8e54-addb6acc5b77,22428.3
51,51,A,Downtown,DOWNTOWN via Carrick,54,4c25da16-40c9-4563-abeb-fecfeeb7602c,19515.8
51,51,A,Downtown,DOWNTOWN via Carrick,55,eddc462b-6d4f-4a6e-ac7e-4eb2d85fcbe8,8489.3
51,51,A,Downtown,DOWNTOWN via Carrick,56,ad3be501-1c27-4c56-b97f-ab6752be66d0,3840.2
51,51,A,Downtown,DOWNTOWN via Carrick,57,d6d98b8d-cd39-46eb-b147-2e067e733bfd,9349.6
51,51,A,Downtown,DOWNTOWN via Carrick,58,fd5f04f3-4fdd-4126-966b-e09cafe2b55f,8823.6
51,51,A,Downtown,DOWNTOWN via Carrick,59,59cd574f-1bc8-4843-bea7-f43e827aacf6,4780.5
51,51,A,Downtown,DOWNTOWN via Carrick,60,96a5aa97-2051-415f-8e0b-6ca7498d93d0,9895.5
51,51,A,Downtown,DOWNTOWN via Carrick,61,b742b244-994d-4b15-ad40-472e905f1191,16199.2
51,51,A,Downtown,DOWNTOWN via Carrick,62,618f79ec-b7b4-460d-9e76-ec88f4ffc243,13096.6
51,51,A,Downtown,DOWNTOWN via Carrick,63,c62dc823-8c2c-4d09-90f9-742a6a19da5e,20828.9
51,51,A,Downtown,DOWNTOWN via Carrick,64,3e5a73f5-6d0f-4102-a5a2-0e3d8f183610,15116.4
51,51,A,Downtown,DOWNTOWN via Carrick,65,a1c024f3-a1fe-42c2-a745-4662ab954d6e,6756.8
51,51,A,Downtown,DOWNTOWN via Carrick,66,4fab53d5-a46a-4f84-b09c-24efcdea57fd,19687.5
51,51,A,Downtown,DOWNTOWN via Carrick,67,b8b5703a-1a76-4092-8e89-6566af7b4959,2427.0
51,51,A,Downtown,DOWNTOWN via Carrick,68,c66eac31-bc94-4df9-b3f9-439dda07a767,2871.0
51,51,A,Downtown,DOWNTOWN via Carrick,69,9b16b364-b724-46c3-ba78-780b5ef43203,7152.0
51,51,A,Downtown,DOWNTOWN via Carrick,70,681ab434-9fe2-4c03-a8c7-513a77f546ec,20622.4
51,51,A,Downtown,DOWNTOWN via Carrick,71,059b8738-f9e9-4b58-b859-514e746e89f0,12503.6
51,51,A,Downtown,DOWNTOWN via Carrick,72,301985d2-b593-49c6-b3e0-2f5ef330baca,13741.8
51,51,A,West Mifflin,WEST MIFFLIN via Carrick,1,d4af73dc-378d-4ea8-8b47-bacaefbc4ea3,9223.0
51,51,A,West Mifflin,WEST MIFFLIN via Carrick,2,840b1b36-49af-433f-91b9-ae0c098232af,12595.1
51,51,A,West Mifflin,WEST MIFFLIN via Carrick,3,ad3be501-1c27-4c56-b97f-ab6752be66d0,18732.2
51,51,A,West Mifflin,WEST MIFFLIN via Carrick,4,2cce5b89-e575-4979-bffc-5c286580e2c4,6881.1
51,51,A,West Mifflin,WEST MIFFLIN via Carrick,5,7554395f-bc41-40d0-a52e-8878e3012d0e,832.3
51,51,A,West Mifflin,WEST MIFFLIN via Carrick,6,727a8611-bc0b-4e92-bad9-a625bf88c68c,10602.9
51,51,A,West Mifflin,WEST MIFFLIN via Carrick,7,6895ec73-e155-4f88-b333-bc7cefa634ed,14980.9
51,51,A,West Mifflin,WEST MIFFLIN via Carrick,8,dd03da52-9b0f-46c8-bfe4-d62c0200d6bc,447.8
51,51,A,West Mifflin,WEST MIFFLIN via Carrick,9,79465ea1-96b8-41d2-96e0-82760625d3e1,11601.1
51,51,A,West Mifflin,WEST MIFFLIN via Carrick,10,441c1ddb-62d8-461f-b8dc-150525ce2f9d,6512.0
51,51,A,West Mifflin,WEST MIFFLIN via Carrick,11,b25a3658-3f85-42e2-aa72-e122b626dafb,8554.2
51,51,A,West Mifflin,WEST MIFFLIN via Carrick,12,8b9389ea-a54f-4aa0-912c-642c9f1f4fd8,16766.6
51,51,A,West Mifflin,WEST MIFFLIN via Carrick,13,1edb0067-bacd-41bb-89a8-699cd4fe5034,13691.9
51,51,A,West Mifflin,WEST MIFFLIN via Carrick,14,fafdb28a-07b4-474f-8c0a-bbab490bf90a,14509.0
51,51,A,West Mifflin,WEST MIFFLIN via Carrick,15,d1aa646c-c0ac-4d7e-9204-df9dc4558b8c,21165.4
51,51,A,West Mifflin,WEST MIFFLIN via Carrick,16,999e24c1-4a4b-44d0-9e5c-a6ae7a7a2e80,5347.1
51,51,A,West Mifflin,WEST MIFFLIN via Carrick,17,93430f33-43e1-4312-aea9-def401cd060b,17526.4
51,51,A,West Mifflin,WEST MIFFLIN via Carrick,18,c1ff8bea-34b9-4e56-9db8-9f7508c370b5,7990.4
51,51,A,West Mifflin,WEST MIFFLIN via Carrick,19,8029d37f-8fa6-41c9-b3d2-b7598c983483,13829.0
51,51,A,West Mifflin,WEST MIFFLIN via Carrick,20,d2a88d88-3a00-4af9-a394-cfe36f26ddf1,5184.3
51,51,A,West Mifflin,WEST MIFFLIN via Carrick,21,03dde938-4495-4dc3-9916-667ec6ce52ed,15294.5
51,51,A,West Mifflin,WEST MIFFLIN via Carrick,22,ce2580be-6ee4-4169-a8d8-dc6979e09ac5,18289.9
51,51,A,West Mifflin,WEST MIFFLIN via Carrick,23,98de1a98-7977-476e-909f-3f84a0634d92,7523.6
51,51,A,West Mifflin,WEST MIFFLIN via Carrick,24,4eadb2fe-a6a8-4015-9a9a-98837e9d8fb8,364.0
51,51,A,West Mifflin,WEST MIFFLIN via Carrick,25,301a0ef1-bb3a-450f-bfa7-9c7b0adc7d56,12420.1
51,51,A,West Mifflin,WEST MIFFLIN via Carrick,26,9b661b14-03ce-407a-bf94-f27e7d721f16,12204.2
51,51,A,West Mifflin,WEST MIFFLIN via Carrick,27,12201a5d-abc4-4609-bf70-62f76b6ff038,3532.6
51,51,A,West Mifflin,WEST MIFFLIN via Carrick,28,bf2948b6-fa51-4d4d-b76c-b2579686d9c4,17236.0
51,51,A,West Mifflin,WEST MIFFLIN via Carrick,29,80308afb-bb20-413e-895a-bf2cf070eb90,8770.0
51,51,A,West Mifflin,WEST MIFFLIN via Carrick,30,e85877af-85c5-41d2-a101-2d65c8639362,11235.3
51,51,A,West Mifflin,WEST MIFFLIN via Carrick,31,2070bd53-6e12-48f2-b1e1-bc1c55c05db6,6261.7
51,51,A,West Mifflin,WEST MIFFLIN via Carrick,32,89dd45ef-3a52-47f4-abd0-8dc11b6c35f7,8362.3
51,51,A,West Mifflin,WEST MIFFLIN via Carrick,33,ec53d2dd-4a69-428b-b5fa-5f9d8dad8bc0,5016.5
51,51,A,West Mifflin,WEST MIFFLIN via Carrick,34,2488cc6b-c88e-42f5-9b57-8e2ffd2b8255,13135.6
51,51,A,West Mifflin,WEST MIFFLIN via Carrick,35,2bf80d81-02b0-4642-8c03-749fda4a67f4,20430.9
51,51,A,West Mifflin,WEST MIFFLIN via Carrick,36,ad2ac511-c704-47f5-a0ff-d1746d09b234,9367.5
51,51,A,West Mifflin,WEST MIFFLIN via Carrick,37,1a9a1ae8-d776-4358-9153-b6a1afb366a8,2050.6
51,51,A,West Mifflin,WEST MIFFLIN via Carrick,38,fcbbbc6a-09ee-485f-b003-ccf0533fa380,10322.4
51,51,A,West Mifflin,WEST MIFFLIN via Carrick,39,54fa7e8c-01a9-4715-b7b2-afd6e3eb052d,2703.1
51,51,A,West Mifflin,WEST MIFFLIN via Carrick,40,0ba1cc6a-ae5a-4249-8ebe-589641e538a1,3357.1
51,51,A,West Mifflin,WEST MIFFLIN via Carrick,41,3673e31c-b0a8-4b15-a56f-262524dad493,9951.9
51,51,A,West Mifflin,WEST MIFFLIN via Carrick,42,498c0853-c0bb-4304-8da6-f6dbc2699b1f,4709.8
51,51,A,West Mifflin,WEST MIFFLIN via Carrick,43,7458db20-3469-4cb2-a83f-fd90e2b24f54,15430.5
51,51,A,West Mifflin,WEST MIFFLIN via Carrick,44,696920eb-d14a-4a8a-a5cb-4859dfc3db3c,6662.9
51,51,A,West Mifflin,WEST MIFFLIN via Carrick,45,a89b034c-7a3d-468e-a6f1-30d408d276f7,23020.2
51,51,A,West Mifflin,WEST MIFFLIN via Carrick,46,e8bf43da-63b3-46a6-96e0-01b89c927785,1270.9
51,51,A,West Mifflin,WEST MIFFLIN via Carrick,47,8ffde7c7-00cf-49e8-8f3f-c054214c8d1c,10120.1
51,51,A,West Mifflin,WEST MIFFLIN via Carrick,48,5f48481d-2ad7-44b9-a720-40612e17ab79,11906.0
51,51,A,West Mifflin,WEST MIFFLIN via Carrick,49,450744e3-106c-49cf-a82a-86bd362a29ec,9676.7
51,51,A,West Mifflin,WEST MIFFLIN via Carrick,50,66609045-b24f-49f4-a31f-cb7202c2ef78,3763.2
51,51,A,West Mifflin,WEST MIFFLIN via Carrick,51,beca9838-2fe7-4240-b573-282015b86f73,6082.9
51,51,A,West Mifflin,WEST MIFFLIN via Carrick,52,00111806-d14f-468b-b8e4-c261c4ffb459,7395.7
51,51,A,West Mifflin,WEST MIFFLIN via Carrick,53,8869ffda-5903-4d0b-899b-c91b48730e5b,2430.8
51,51,A,West Mifflin,WEST MIFFLIN via Carrick,54,ea83a645-3808-4dff-aa2a-6c2617e9a37a,3.6
51,51,A,West Mifflin,WEST MIFFLIN via Carrick,55,b74d802e-8922-4a83-86c7-b949a0a845b9,7851.8
51,51,A,West Mifflin,WEST MIFFLIN via Carrick,56,8d1ade44-24a1-436e-9259-2f3647d9710f,5804.5
51,51,A,West Mifflin,WEST MIFFLIN via Carrick,57,e9342762-edb8-4df0-94e3-d8fb3b4cb6e2,2271.3
51,51,A,West Mifflin,WEST MIFFLIN via Carrick,58,4be9e050-7b22-405f-990f-7f647c797412,3161.5
51,51,A,West Mifflin,WEST MIFFLIN via Carrick,59,0eb85e7a-bb17-4a3a-a2ac-b8f8fd6f3510,8972.2
51,51,A,West Mifflin,WEST MIFFLIN via Carrick,60,9581e7cd-ce48-4d2b-99fc-5480b253176e,15543.2
51,51,A,West Mifflin,WEST MIFFLIN via Carrick,61,aff02736-bb33-4af6-a147-56bfe2fbdbb2,4176.0
51,51,A,West Mifflin,WEST MIFFLIN via Carrick,62,881960d4-dbaf-48d2-be9a-e847ed158ba2,14238.7
51,51,A,West Mifflin,WEST MIFFLIN via Carrick,63,6273db21-bd73-4b01-918d-048508485798,4082.9
51,51,A,West Mifflin,WEST MIFFLIN via Carrick,64,7c3d050b-9421-4d3a-808f-cb9d44dc178f,9472.3
51,51,A,West Mifflin,WEST MIFFLIN via Carrick,65,132b3552-d527-4843-9f43-cdbb6436d02d,1647.7
51,51,A,West Mifflin,WEST MIFFLIN via Carrick,66,005389ab-5dcf-4090-8aef-5e2e92c4df41,16083.0
51,51,A,West Mifflin,WEST MIFFLIN via Carrick,67,00c51287-f571-494f-83a3-c35fd899dbd6,2955.3
51,51,A,West Mifflin,WEST MIFFLIN via Carrick,68,28efeed5-675b-4dd2-a11a-01bc1bea579f,20783.9
51,51,A,West Mifflin,WEST MIFFLIN via Carrick,69,cc07490b-aeb9-4e37-a2cf-cb8db7631c16,22741.5
51,51,A,West Mifflin,WEST MIFFLIN via Carrick,70,8af2dfe7-6b0b-4388-b7d9-655fdcff1ce0,10902.7
51,51,A,West Mifflin,WEST MIFFLIN via Carrick,71,5e90fc60-9745-4031-9672-5ffd7c469560,16400.4
51,51,A,West Mifflin,WEST MIFFLIN via Carrick,72,e566911c-1711-405f-a0e2-aa547f881427,4398.2
51,51,A,West Mifflin,WEST MIFFLIN via Carrick,73,891b3ee6-8fdc-4caf-8034-9433c23418f3,1008.5
51,51,A,West Mifflin,WEST MIFFLIN via Carrick,74,814b657a-4f51-4f5f-80bc-ffa6224cf803,8180.6
MI,MI,A,Down,Inbound-Monongahela Incline,1,14a13f12-509e-4dd1-8859-b61f83a57356,144.2
MI,MI,A,Down,Inbound-Monongahela Incline,2,7b54723f-26b5-4776-8983-9270127b36d2,0
MI,MI,A,Up,Outbound-Monongahela Incline,1,7b54723f-26b5-4776-8983-9270127b36d2,144.1
MI,MI,A,Up,Outbound-Monongahela Incline,2,14a13f12-509e-4dd1-8859-b61f83a57356,0
82,82,A,Downtown,"DOWNTOWN via Hill District, East Liberty",1,3f1fd45e-078c-445e-b44b-2f6b482771f6,11143.7
82,82,A,Downtown,"DOWNTOWN via Hill District, East Liberty",2,254433da-748f-4f92-93e6-1a7ab7f5d520,2691.8
82,82,A,Downtown,"DOWNTOWN via Hill District, East Liberty",3,02a34539-ce5c-4efd-b877-ac59d6f8859c,6831.1
82,82,A,Downtown,"DOWNTOWN via Hill District, East Liberty",4,bdbed02c-c49b-415d-b340-7f197990db97,7660.4
82,82,A,Downtown,"DOWNTOWN via Hill District, East Liberty",5,d730202a-a012-49eb-84a0-7968f9f34770,1774.4
82,82,A,Downtown,"DOWNTOWN via Hill District, East Liberty",6,247d2d6f-1daf-499a-a14f-46c7f7d8ac21,8463.9
82,82,A,Downtown,"DOWNTOWN via Hill District, East Liberty",7,d8550b6c-639d-4934-ac61-6b2e5efc53e1,7173.6
82,82,A,Downtown,"DOWNTOWN via Hill District, East Liberty",8,e3c33373-9e0b-4dc6-b289-09c18aec084f,6920.3
82,82,A,Downtown,"DOWNTOWN via Hill District, East Liberty",9,f260f43b-22c4-4d30-8578-0887fba3c453,9100.7
82,82,A,Downtown,"DOWNTOWN via Hill District, East Liberty",10,46595fdd-209b-472b-9f9b-f26b3fbd1b43,3027.4
82,82,A,Downtown,"DOWNTOWN via Hill District, East Liberty",11,9d1615a5-7442-4c51-9b66-c0de1349e9ee,8581.2
82,82,A,Downtown,"DOWNTOWN via Hill District, East Liberty",12,8262a579-9dcb-4374-94b2-0c1d0959f2d2,5300.9
82,82,A,Downtown,"DOWNTOWN via Hill District, East Liberty",13,cd63fbcb-847e-4478-9546-29cb2c02fbcb,8925.8
82,82,A,Downtown,"DOWNTOWN via Hill District, East Liberty",14,3d7a3344-c519-40ab-b669-5e42de893303,10155.5
82,82,A,Downtown,"DOWNTOWN via Hill District, East Liberty",15,2107d7fa-956c-4259-995d-e6c0e1a1b9d2,5527.6
82,82,A,Downtown,"DOWNTOWN via Hill District, East Liberty",16,5c3e99d4-777c-4a1f-9689-4cdb9fdaff4a,3705.3
82,82,A,Downtown,"DOWNTOWN via Hill District, East Liberty",17,6c029e30-c1dd-4d5f-9ce2-2a70ed172775,2082.9
82,82,A,Downtown,"DOWNTOWN via Hill District, East Liberty",18,0bb55c30-604c-4cea-89eb-9c1d4867e92d,1902.4
82,82,A,Downtown,"DOWNTOWN via Hill District, East Liberty",19,e012875e-6cc7-4410-ba30-d13eb1ca5bac,10936.0
82,82,A,Downtown,"DOWNTOWN via Hill District, East Liberty",20,dbf0239e-c2fe-4639-a691-4d208817c03b,1518.0
82,82,A,Downtown,"DOWNTOWN via Hill District, East Liberty",21,fb9333d4-2951-4019-a0d9-d8c1908751f4,691.4
82,82,A,Downtown,"DOWNTOWN via Hill District, East Liberty",22,6bbd8880-08d9-401c-a57f-e0b43b377891,8379.3
82,82,A,Downtown,"DOWNTOWN via Hill District, East Liberty",23,7a99a9f8-75d1-4a6b-97c2-6f5fa3f58d5d,9798.1
82,82,A,Downtown,"DOWNTOWN via Hill District, East Liberty",24,513a1dbf-ce89-4618-b543-299e4b334cb9,5095.3
82,82,A,Downtown,"DOWNTOWN via Hill District, East Liberty",25,491ef73d-f0f1-40f9-91d3-87a462f2074d,11856.8
82,82,A,Downtown,"DOWNTOWN via Hill District, East Liberty",26,e184c8c2-a97a-4d31-8adc-456fbdb51ac9,2222.0
82,82,A,Downtown,"DOWNTOWN via Hill District, East Liberty",27,2d8de3f2-ff0d-4805-9d6c-dd85b559169a,4532.5
82,82,A,Downtown,"DOWNTOWN via Hill District, East Liberty",28,51c03a7b-6c69-4efc-b7cc-d50e9d4d5ffc,9267.5
82,82,A,Downtown,"DOWNTOWN via Hill District, East Liberty",29,7fcaacf5-36e9-4c0c-966b-04adc20b11e1,2392.2
82,82,A,Downtown,"DOWNTOWN via Hill District, East Liberty",30,dca0e763-f2fe-4f7b-b116-fe53c14a4ffe,856.3
82,82,A,Downtown,"DOWNTOWN via Hill District, East Liberty",31,cb90bc89-401c-408c-84f6-f45c607946ae,9409.2
82,82,A,Downtown,"DOWNTOWN via Hill District, East Liberty",32,b568245c-ab82-48ea-9d57-b9587d7d0098,9689.8
82,82,A,Downtown,"DOWNTOWN via Hill District, East Liberty",33,685864c9-39f5-43f8-a6c2-21ded21f41d3,7520.9
82,82,A,Downtown,"DOWNTOWN via Hill District, East Liberty",34,1cd179a9-7643-4739-9bec-9209feea271a,10247.7
82,82,A,Downtown,"DOWNTOWN via Hill District, East Liberty",35,d01edb8e-0001-4d3f-8092-af66caae0f8f,2541.0
82,82,A,Downtown,"DOWNTOWN via Hill District, East Liberty",36,f3e71223-12a6-4bc3-83c4-2cf063e92e15,10042.7
82,82,A,Downtown,"DOWNTOWN via Hill District, East Liberty",37,5f5e3c4f-d990-42ba-a3c0-ca127e6c31e0,4104.3
82,82,A,Downtown,"DOWNTOWN via Hill District, East Liberty",38,6257f698-013c-4bee-a70e-65377f5ef62f,5983.8
82,82,A,Downtown,"DOWNTOWN via Hill District, East Liberty",39,4f21a1b7-ee54-4263-851a-3a0cd7dfe349,6254.4
82,82,A,Downtown,"DOWNTOWN via Hill District, East Liberty",40,1e21d6e4-0bea-43c4-a0b3-420a5845b2be,5898.9
82,82,A,Downtown,"DOWNTOWN via Hill District, East Liberty",41,f9bc8c4b-64fb-4716-83ec-ea8e2eb84142,9917.9
82,82,A,Downtown,"DOWNTOWN via Hill District, East Liberty",42,e4733af8-0793-42f3-9fc6-193c548f211f,9529.4
82,82,A,Downtown,"DOWNTOWN via Hill District, East Liberty",43,0d8364ce-ffbe-4e43-a629-e7f863e3509f,3460.0
82,82,A,Downtown,"DOWNTOWN via Hill District, East Liberty",44,06310a03-0eee-4ab7-9121-a688e57fa8bc,1168.0
82,82,A,Downtown,"DOWNTOWN via Hill District, East Liberty",45,96bd79e7-5a9d-47b8-891a-d0f44a3dc2d3,10563.3
82,82,A,Downtown,"DOWNTOWN via Hill District, East Liberty",46,d021e36c-6c80-4b31-b9db-1de8e210e9ab,3211.9
82,82,A,Downtown,"DOWNTOWN via Hill District, East Liberty",47,67f78a4e-a6df-4b95-b15d-34ebd5968f53,994.5
82,82,A,Downtown,"DOWNTOWN via Hill District, East Liberty",48,67f078ec-f5d3-4350-9617-85b6b4fc104b,3329.7
82,82,A,Downtown,"DOWNTOWN via Hill District, East Liberty",49,c0d3912e-3244-41bb-adbb-789d9b483dd6,10371.8
82,82,A,Downtown,"DOWNTOWN via Hill District, East Liberty",50,8b0bdb45-1663-4795-9e82-8420694a65e3,6512.8
82,82,A,Downtown,"DOWNTOWN via Hill District, East Liberty",51,20f7a302-e39c-48b4-9ff0-7accfb802198,6724.7
82,82,A,Downtown,"DOWNTOWN via Hill District, East Liberty",52,e962ac6f-8e30-455f-906f-2258a6197695,1662.3
82,82,A,Downtown,"DOWNTOWN via Hill District, East Liberty",53,1e3c7747-e58e-45d9-8811-9fdadbb6b4af,2857.6
82,82,A,Downtown,"DOWNTOWN via Hill District, East Liberty",54,53b50fbf-f778-4acf-852a-0c6bcb30a8a0,602.0
82,82,A,Downtown,"DOWNTOWN via Hill District, East Liberty",55,18a01d28-888c-4b31-8d34-226b3999516e,8775.5
82,82,A,Downtown,"DOWNTOWN via Hill District, East Liberty",56,4b91b81d-6d76-4995-9b81-002eead090dc,5691.1
82,82,A,Downtown,"DOWNTOWN via Hill District, East Liberty",57,dda832d8-af24-49d0-983d-6dcdfda09226,265.5
82,82,A,Downtown,"DOWNTOWN via Hill District, East Liberty",58,079cc9de-5ae7-4969-8bbe-95e6ed85cf7c,8168.5
82,82,A,Downtown,"DOWNTOWN via Hill District, East Liberty",59,4efd2107-6caf-462d-80d6-7002f8643e23,11498.0
82,82,A,Downtown,"DOWNTOWN via Hill District, East Liberty",60,cf4e61e1-1f76-457e-976a-c30f5f9e7d59,1380.2
82,82,A,Downtown,"DOWNTOWN via Hill District, East Liberty",61,98d95e37-2280-468c-ba4a-7717086dcb96,7058.4
82,82,A,Downtown,"DOWNTOWN via Hill District, East Liberty",62,8e428e88-7a98-4f7c-a3db-30953506c733,536.1
82,82,A,Downtown,"DOWNTOWN via Hill District, East Liberty",63,6bc011c8-328c-44b5-ad2a-5df66752cd69,2.7
82,82,A,Downtown,"DOWNTOWN via Hill District, East Liberty",64,06bcf616-a62d-4eb2-9242-88e5fb949c30,4841.1
82,82,A,Downtown,"DOWNTOWN via Hill District, East Liberty",65,3699b987-1998-4abc-8f32-f4ac4ca13061,433.1
82,82,A,Downtown,"DOWNTOWN via Hill District, East Liberty",66,0fde8cc2-f110-4071-8588-7bef1dd85763,7886.2
82,82,A,Downtown,"DOWNTOWN via Hill District, East Liberty",67,3f33e3b4-b7f1-461f-9c47-e69827c552fa,9983.5
82,82,A,Lincoln-Lemington,"LINCOLN via Hill District, East Liberty",1,ef0b53c3-82c6-433f-bcb0-86f76b976650,2088.3
82,82,A,Lincoln-Lemington,"LINCOLN via Hill District, East Liberty",2,ccff886f-d63d-471e-986b-08a68f5c4ee4,10967.0
82,82,A,Lincoln-Lemington,"LINCOLN via Hill District, East Liberty",3,f4ec2ef3-9c3e-4d8b-9284-28c95219f905,9639.9
82,82,A,Lincoln-Lemington,"LINCOLN via Hill District, East Liberty",4,13d2a987-bfab-4a72-92d9-bf8dd286a060,382.1
82,82,A,Lincoln-Lemington,"LINCOLN via Hill District, East Liberty",5,3f18a22f-3465-43e9-96b2-80e0a6e6bbc1,10098.3
82,82,A,Lincoln-Lemington,"LINCOLN via Hill District, East Liberty",6,e5bf066d-2c75-4792-94b7-847961ff4958,4354.5
82,82,A,Lincoln-Lemington,"LINCOLN via Hill District, East Liberty",7,8cec8ae1-f5b3-49b1-8150-3745336ada73,9131.0
82,82,A,Lincoln-Lemington,"LINCOLN via Hill District, East Liberty",8,f6e997e2-5617-46d4-869e-93b38baa3b61,6199.1
82,82,A,Lincoln-Lemington,"LINCOLN via Hill District, East Liberty",9,6bc011c8-328c-44b5-ad2a-5df66752cd69,12232.0
82,82,A,Lincoln-Lemington,"LINCOLN via Hill District, East Liberty",10,670a457f-e19d-4b81-9c3b-82a01c5a283a,10787.7
82,82,A,Lincoln-Lemington,"LINCOLN via Hill District, East Liberty",11,ea83a645-3808-4dff-aa2a-6c2617e9a37a,190.2
82,82,A,Lincoln-Lemington,"LINCOLN via Hill District, East Liberty",12,0dc76ccb-7cff-495d-b1f7-cb8770cc48f0,2901.3
82,82,A,Lincoln-Lemington,"LINCOLN via Hill District, East Liberty",13,7947c8cb-7995-4e78-9502-25f94be193dd,5754.0
82,82,A,Lincoln-Lemington,"LINCOLN via Hill District, East Liberty",14,dc689d4c-a6d4-443b-aaef-43c11b3e2ae3,11491.4
82,82,A,Lincoln-Lemington,"LINCOLN via Hill District, East Liberty",15,0bd565c9-e9e2-4f26-8062-22abb0b010e3,6025.0
82,82,A,Lincoln-Lemington,"LINCOLN via Hill District, East Liberty",16,ff74ea21-178e-4e64-befa-e5c17e965950,1791.3
82,82,A,Lincoln-Lemington,"LINCOLN via Hill District, East Liberty",17,9262e3d0-8a06-4a54-9682-c209cc3af627,3543.1
82,82,A,Lincoln-Lemington,"LINCOLN via Hill District, East Liberty",18,bd1b2ef1-c500-4a40-bce9-f5bda7168502,11197.9
82,82,A,Lincoln-Lemington,"LINCOLN via Hill District, East Liberty",19,e78250d1-d469-48de-b6e0-3736e96b9c37,7700.1
82,82,A,Lincoln-Lemington,"LINCOLN via Hill District, East Liberty",20,47e21b3a-2b96-4c48-a1eb-7722f1803e19,6481.0
82,82,A,Lincoln-Lemington,"LINCOLN via Hill District, East Liberty",21,71bd67c2-5b7b-4bbd-a796-6f19bd2e202c,5062.5
82,82,A,Lincoln-Lemington,"LINCOLN via Hill District, East Liberty",22,e2ce1db0-a8e8-4673-82b5-3ee52ad77598,4120.2
82,82,A,Lincoln-Lemington,"LINCOLN via Hill District, East Liberty",23,e5353480-bcd5-4769-bfa6-56511e7ffafd,7479.3
82,82,A,Lincoln-Lemington,"LINCOLN via Hill District, East Liberty",24,3066817e-5f9f-47fe-8b3b-1540a27e4ac4,2273.0
82,82,A,Lincoln-Lemington,"LINCOLN via Hill District, East Liberty",25,7ce61abb-96db-4784-8c46-35dfa1292b56,4945.8
82,82,A,Lincoln-Lemington,"LINCOLN via Hill District, East Liberty",26,78741857-6ec3-4af8-80d3-a7440a94824d,5489.7
82,82,A,Lincoln-Lemington,"LINCOLN via Hill District, East Liberty",27,4e52be59-881f-46ba-b533-a0bd4976a8b7,4488.5
82,82,A,Lincoln-Lemington,"LINCOLN via Hill District, East Liberty",28,de525c2a-22f9-4903-a176-86ae71faa072,3185.5
82,82,A,Lincoln-Lemington,"LINCOLN via Hill District, East Liberty",29,d843ba46-02b4-4dac-a093-1e4676441f36,7219.2
82,82,A,Lincoln-Lemington,"LINCOLN via Hill District, East Liberty",30,3fab3770-5ead-45c7-b5b6-9c20c613736f,1948.2
82,82,A,Lincoln-Lemington,"LINCOLN via Hill District, East Liberty",31,7cf68912-4d64-4e1d-be7f-de2e92e2faa7,3816.8
82,82,A,Lincoln-Lemington,"LINCOLN via Hill District, East Liberty",32,a06baa84-f644-4d65-a4b4-06af88cae476,3631.1
82,82,A,Lincoln-Lemington,"LINCOLN via Hill District, East Liberty",33,491ef73d-f0f1-40f9-91d3-87a462f2074d,2.1
82,82,A,Lincoln-Lemington,"LINCOLN via Hill District, East Liberty",34,6455c08b-b3f2-4f91-b794-02e6c8be6c19,8547.1
82,82,A,Lincoln-Lemington,"LINCOLN via Hill District, East Liberty",35,7194ad09-c278-456a-b296-58cd88bd3b1f,2021.5
82,82,A,Lincoln-Lemington,"LINCOLN via Hill District, East Liberty",36,f76f3cb5-ff87-49ed-864a-d1284e03b916,10511.8
82,82,A,Lincoln-Lemington,"LINCOLN via Hill District, East Liberty",37,88fe084c-1658-4283-b25a-6418dd1af1cc,9946.3
82,82,A,Lincoln-Lemington,"LINCOLN via Hill District, East Liberty",38,2aedba49-80da-4e15-96ad-bbf782ed3a80,9779.2
82,82,A,Lincoln-Lemington,"LINCOLN via Hill District, East Liberty",39,719b2f18-7c04-4c54-8192-d41598b56892,1017.1
82,82,A,Lincoln-Lemington,"LINCOLN via Hill District, East Liberty",40,7973de10-a676-4a96-8a4b-e94a417dbbe2,6651.2
82,82,A,Lincoln-Lemington,"LINCOLN via Hill District, East Liberty",41,ae5431af-f369-4193-9546-d0824d0d2fcd,8054.7
82,82,A,Lincoln-Lemington,"LINCOLN via Hill District, East Liberty",42,f97460b5-a1a1-4a1c-8964-4c75d35c62bc,9239.7
82,82,A,Lincoln-Lemington,"LINCOLN via Hill District, East Liberty",43,206367ff-ca11-45af-b088-bf62ef0559ed,9514.5
82,82,A,Lincoln-Lemington,"LINCOLN via Hill District, East Liberty",44,60057e08-3824-4064-9cda-b568ec9b8f99,2717.5
82,82,A,Lincoln-Lemington,"LINCOLN via Hill District, East Liberty",45,c583d5c2-deea-4662-8ff0-8db2d863017d,570.8
82,82,A,Lincoln-Lemington,"LINCOLN via Hill District, East Liberty",46,04528653-3b7a-468a-a7cc-a82c65871e8c,11567.5
82,82,A,Lincoln-Lemington,"LINCOLN via Hill District, East Liberty",47,1f9c6064-ea60-4993-9cff-289ef6dac291,12103.2
82,82,A,Lincoln-Lemington,"LINCOLN via Hill District, East Liberty",48,cafc879c-ad38-4590-be60-833b53581b43,4766.6
82,82,A,Lincoln-Lemington,"LINCOLN via Hill District, East Liberty",49,cd523f28-437d-43bf-b61f-8bf943a65e0d,8157.5
82,82,A,Lincoln-Lemington,"LINCOLN via Hill District, East Liberty",50,a97275a2-87eb-47a1-bc8a-d1a2dc75ed3e,6282.3
82,82,A,Lincoln-Lemington,"LINCOLN via Hill District, East Liberty",51,dece1cb3-8100-478a-b5ac-e52006b10959,8695.0
82,82,A,Lincoln-Lemington,"LINCOLN via Hill District, East Liberty",52,4b689771-709d-4fe2-9bc1-baf977a30614,10599.0
82,82,A,Lincoln-Lemington,"LINCOLN via Hill District, East Liberty",53,1d1152b1-7119-4919-b945-aeceabc08228,8387.0
82,82,A,Lincoln-Lemington,"LINCOLN via Hill District, East Liberty",54,6eb22f2c-be5f-4520-b527-2d37cd59d6fb,11309.4
82,82,A,Lincoln-Lemington,"LINCOLN via Hill District, East Liberty",55,ed2fd9ed-0b23-4bc3-afa4-b8c65da422bd,5168.8
82,82,A,Lincoln-Lemington,"LINCOLN via Hill District, East Liberty",56,99cd96df-7972-4473-ae61-b79c3f41c2bb,11740.6
82,82,A,Lincoln-Lemington,"LINCOLN via Hill District, East Liberty",57,47fff004-0ffa-4326-859e-54cb36e03a89,2494.7
82,82,A,Lincoln-Lemington,"LINCOLN via Hill District, East Liberty",58,ae870edd-2495-4ba6-afb1-3b14c2fbe905,8935.8
82,82,A,Lincoln-Lemington,"LINCOLN via Hill District, East Liberty",59,1a8018d1-c84a-4d3e-877a-5c4107f3977a,1362.4
82,82,A,Lincoln-Lemington,"LINCOLN via Hill District, East Liberty",60,dfb257ca-4f20-4c41-9993-3c740830de11,3455.9
82,82,A,Lincoln-Lemington,"LINCOLN via Hill District, East Liberty",61,4cd2f359-4c57-4ad4-a782-45b57f52e832,11914.2
82,82,A,Lincoln-Lemington,"LINCOLN via Hill District, East Liberty",62,cf337cf5-ef2b-4f7b-bd8d-d803c418272e,2627.6
82,82,A,Lincoln-Lemington,"LINCOLN via Hill District, East Liberty",63,2537458a-c598-4238-9f37-bfd8581a07a0,10290.8
82,82,A,Lincoln-Lemington,"LINCOLN via Hill District, East Liberty",64,78e2e7a1-bb02-43a6-a7bf-fab35d9a5a03,10395.4
82,82,A,Lincoln-Lemington,"LINCOLN via Hill District, East Liberty",65,bb0b2ce3-cc16-4675-98ed-269f319680d9,3280.1
82,82,A,Lincoln-Lemington,"LINCOLN via Hill District, East Liberty",66,c0352cb2-b925-4ef6-8632-901d377a26ac,1536.8
82,82,A,Lincoln-Lemington,"LINCOLN via Hill District, East Liberty",67,49a4abe3-6b95-495a-ab61-b85505c3bff3,9419.5
82,82,A,Lincoln-Lemington,"LINCOLN via Hill District, East Liberty",68,9e990aa6-0976-4519-864e-01b7f48e0ff3,11649.7
82,82,A,Lincoln-Lemington,"LINCOLN via Hill District, East Liberty",69,a710968f-c942-428a-b389-a11181455d0a,5274.5
G1,G1,A,Downtown,DOWNTOWN via West Busway (All Stops),1,254a7a35-6a70-4bef-9d71-dbd9733c299f,2966.9
G1,G1,A,Downtown,DOWNTOWN via West Busway (All Stops),2,8528f2d5-a72b-42fc-90cd-1deaa81afec7,6683.9
G1,G1,A,Downtown,DOWNTOWN via West Busway (All Stops),3,87b8be82-3a6a-40c4-88a9-5b5a5a8d4d21,11913.2
G1,G1,A,Downtown,DOWNTOWN via West Busway (All Stops),4,187130b8-f356-426e-9a11-5deb680665b3,11442.1
G1,G1,A,Downtown,DOWNTOWN via West Busway (All Stops),5,4ac89d96-5f73-422b-b7b5-eae801139f6b,12311.2
G1,G1,A,Downtown,DOWNTOWN via West Busway (All Stops),6,5f512e00-bc15-4ec4-b7d1-4756b433a50f,122.8
G1,G1,A,Downtown,DOWNTOWN via West Busway (All Stops),7,e54c7462-2c08-448c-99e5-6d4cc7b8a1d3,10216.9
G1,G1,A,Downtown,DOWNTOWN via West Busway (All Stops),8,a34d3aa3-1a0f-4b5f-ab7f-59f2d2b1c1ba,11696.3
G1,G1,A,Downtown,DOWNTOWN via West Busway (All Stops),9,5d2d1937-f4a6-4c15-b3de-f759736f46dc,12621.1
G1,G1,A,Downtown,DOWNTOWN via West Busway (All Stops),10,79c99224-022e-4e10-a5cf-7425b4b574c5,5056.9
G1,G1,A,Downtown,DOWNTOWN via West Busway (All Stops),11,a2edd237-01d3-491a-979c-da8070e163df,4137.8
G1,G1,A,Downtown,DOWNTOWN via West Busway (All Stops),12,1d216d6f-9ec9-47c5-86c0-6183569f3b77,1377.7
G1,G1,A,Carnegie,CARNEGIE via West Busway (All Stops),1,02f6326c-e983-4a9d-9d48-5b9a1c9bfdfd,651.8
G1,G1,A,Carnegie,CARNEGIE via West Busway (All Stops),2,e3057593-b6ad-41b4-8d0f-7d4fca628b83,10983.9
G1,G1,A,Carnegie,CARNEGIE via West Busway (All Stops),3,ca6e4f18-03f5-4993-8662-657c9f0ef3a6,2099.9
G1,G1,A,Carnegie,CARNEGIE via West Busway (All Stops),4,5a189101-3d0c-455e-bf37-819097d22af2,8216.7
G1,G1,A,Carnegie,CARNEGIE via West Busway (All Stops),5,0020fe28-0af0-4d6a-88d3-766e10e3af77,7297.8
G1,G1,A,Carnegie,CARNEGIE via West Busway (All Stops),6,90bb5b4b-92cb-41ce-b42b-c54d4f5af33f,249.4
G1,G1,A,Carnegie,CARNEGIE via West Busway (All Stops),7,ad6fab63-447e-404d-9102-442cac668611,9395.7
G1,G1,A,Carnegie,CARNEGIE via West Busway (All Stops),8,5d2d1937-f4a6-4c15-b3de-f759736f46dc,0.2
G1,G1,A,Carnegie,CARNEGIE via West Busway (All Stops),9,658e380a-5e6e-43d3-9d08-6386d64717f5,955.3
G1,G1,A,Carnegie,CARNEGIE via West Busway (All Stops),10,71eaec7b-1b6e-4fcc-bc69-1581b28961a7,12229.7
G1,G1,A,Carnegie,CARNEGIE via West Busway (All Stops),11,1019ecb0-36ae-4080-afcc-a94064c65a6d,5668.1
1,1,A,East Liberty,EASY LIBERTY,1,6671b001-6c13-4f02-88f0-a56b40aac334,22258.2
1,1,A,East Liberty,EASY LIBERTY,2,9fb74903-b24f-47c6-b106-ee1c40fa04b8,12935.9
1,1,A,East Liberty,EASY LIBERTY,3,4ae65b76-de1b-4494-82bb-90d795b00801,5490.9
1,1,A,East Liberty,EASY LIBERTY,4,6c8dd125-3c0b-4c18-8570-dce01608030b,17608.2
1,1,A,East Liberty,EASY LIBERTY,5,c21971d2-faa6-44ad-b209-4f85c940bf53,11809.8
1,1,A,East Liberty,EASY LIBERTY,6,8e8a6de4-7b64-4073-803e-1eae6889e701,23229.5
1,1,A,East Liberty,EASY LIBERTY,7,5f59274f-c793-4b0d-84f5-5320207264d1,4067.2
1,1,A,East Liberty,EASY LIBERTY,8,4b23f068-5bcd-4dab-993d-399b0620aa93,4319.4
1,1,A,East Liberty,EASY LIBERTY,9,bca287e1-4dff-46c5-b305-0c9f67412d9d,11645.3
1,1,A,East Liberty,EASY LIBERTY,10,c5b10ab3-b0c7-45a8-b949-4aa404e78986,24685.7
1,1,A,East Liberty,EASY LIBERTY,11,cdee7f3e-eb1d-44e5-9218-5318ffa7a6c3,4455.8
1,1,A,East Liberty,EASY LIBERTY,12,87f6e5fb-35f1-494c-89e5-1ad8297d9f21,27080.1
1,1,A,East Liberty,EASY LIBERTY,13,6b1a1f3a-a193-42dc-9021-3779212cb8c3,274.2
1,1,A,East Liberty,EASY LIBERTY,14,bbea2e03-7f0d-4b60-8758-ad5818dbe9a6,1014.3
1,1,A,East Liberty,EASY LIBERTY,15,bd67dc9a-072e-4b0c-8b93-71390e757942,1.8
1,1,A,East Liberty,EASY LIBERTY,16,195d60da-d162-4e00-b6a1-88cda1d58281,34207.9
1,1,A,East Liberty,EASY LIBERTY,17,0d6e0844-6a15-4371-9ef8-049dde056ec1,14688.6
1,1,A,East Liberty,EASY LIBERTY,18,6e9fcde7-7c56-4c8a-8ac4-59b6c55b6874,14904.7
1,1,A,East Liberty,EASY LIBERTY,19,dab9aef4-5229-47a2-ac72-a690b67e868e,16673.3
1,1,A,East Liberty,EASY LIBERTY,20,8c32ae3c-4aba-4dfe-964d-b5546ef653ed,11256.1
1,1,A,East Liberty,EASY LIBERTY,21,197c847f-5e8b-4998-b307-4a31a5feaa73,33560.9
1,1,A,East Liberty,EASY LIBERTY,22,6f64f73a-b932-4582-b7eb-ac02001fdfd5,13118.4
1,1,A,East Liberty,EASY LIBERTY,23,402308c6-a27e-480a-935f-af4c18404e53,22408.0
1,1,A,East Liberty,EASY LIBERTY,24,74c46b44-2812-46d5-a890-48620c947914,25004.5
1,1,A,East Liberty,EASY LIBERTY,25,ceff10b6-0166-4d56-b526-5e1193735296,14470.5
1,1,A,East Liberty,EASY LIBERTY,26,49f735a4-8562-4283-8d45-ab72ea93a40b,24574.2
1,1,A,East Liberty,EASY LIBERTY,27,e60cfbbc-acc8-4f14-82d5-f5b4cdabd834,13530.3
1,1,A,East Liberty,EASY LIBERTY,28,af5264e1-bbea-48db-85f4-12c34c538de5,5314.7
1,1,A,East Liberty,EASY LIBERTY,29,377b5189-06cb-4056-88c3-dc67af82fd46,12333.1
1,1,A,East Liberty,EASY LIBERTY,30,4eb3e90a-1e03-4e37-9626-ba857b381a75,18389.9
1,1,A,East Liberty,EASY LIBERTY,31,480e2a61-5429-4d85-b20d-174c05be634d,13278.0
1,1,A,East Liberty,EASY LIBERTY,32,462fc539-6013-41ef-9521-0e1fa9ea002b,11032.1
1,1,A,East Liberty,EASY LIBERTY,33,113ca94b-7239-42db-8e8d-fb6bbc1e80e4,21100.5
1,1,A,East Liberty,EASY LIBERTY,34,8385fa62-19ef-4d82-a6d8-e3df43d715ad,18583.0
1,1,A,East Liberty,EASY LIBERTY,35,7a69a0eb-a29e-4ee9-88c4-69b0239e2e56,29618.1
1,1,A,East Liberty,EASY LIBERTY,36,d6e320fb-1d61-415a-9610-efe465606405,1456.3
1,1,A,East Liberty,EASY LIBERTY,37,241fe226-30fc-4a21-9922-7ddb2515adc5,12748.4
1,1,A,East Liberty,EASY LIBERTY,38,0c07c481-50c4-4899-b5dc-540a2bb3f0bb,32261.3
1,1,A,East Liberty,EASY LIBERTY,39,35ec932f-a089-4a30-9e57-df692818c68a,6116.7
1,1,A,East Liberty,EASY LIBERTY,40,3bfdc86f-14c1-4b35-aefa-69b514747cb6,23035.4
1,1,A,East Liberty,EASY LIBERTY,41,f728e0ef-f1e4-442a-bef6-c10466b6cd85,25183.3
1,1,A,East Liberty,EASY LIBERTY,42,0a760980-8125-4524-b959-458c12de17b9,34039.5
1,1,A,East Liberty,EASY LIBERTY,43,6b5dbf59-455d-429b-8ea9-8c6e7a61e30e,18878.9
1,1,A,East Liberty,EASY LIBERTY,44,85752f82-b68b-4b5d-be6c-6dfdd7b32c12,3102.5
1,1,A,East Liberty,EASY LIBERTY,45,ad40745d-5eb7-4f44-81ce-e9d9e2f12174,8893.5
1,1,A,East Liberty,EASY LIBERTY,46,7a93251b-267d-47af-8bc3-bf8337293208,22113.0
1,1,A,East Liberty,EASY LIBERTY,47,4a4c949d-2397-4cf3-ae49-bab16f5a3f38,13752.3
1,1,A,East Liberty,EASY LIBERTY,48,d9034241-432f-4791-832c-96d8a890c28d,13959.2
1,1,A,East Liberty,EASY LIBERTY,49,dde78460-2b98-4130-88fc-e26e15eb7c52,1277.2
1,1,A,East Liberty,EASY LIBERTY,50,9a849b5d-24b7-4265-833c-360ae32a387b,1895.7
1,1,A,East Liberty,EASY LIBERTY,51,55f54722-0d5f-418a-aefa-422d523eef71,17853.1
1,1,A,East Liberty,EASY LIBERTY,52,cb624dce-d12d-4171-ba85-f0c823247ec9,12198.5
1,1,A,East Liberty,EASY LIBERTY,53,04d9068d-a811-42c3-aaef-4c1f63378a15,21909.0
1,1,A,East Liberty,EASY LIBERTY,54,7a9c7219-af54-4347-8c87-83d7b590b200,24344.4
1,1,A,East Liberty,EASY LIBERTY,55,71302897-8907-49a6-8718-6f3cf614847c,2299.3
1,1,A,East Liberty,EASY LIBERTY,56,7531397d-f6f0-4bef-9f4b-4ba61db0e729,22826.9
1,1,A,East Liberty,EASY LIBERTY,57,d8b4823e-4de0-4a05-a696-d09687002ffd,26924.5
1,1,A,East Liberty,EASY LIBERTY,58,ce317b6f-e966-4eb9-9d19-b296445c1e7d,11954.1
1,1,A,East Liberty,EASY LIBERTY,59,3d2f01b0-5ba2-4632-b924-a17fe51df078,10563.0
1,1,A,East Liberty,EASY LIBERTY,60,9e963a9c-0f5c-4c3e-a01d-294114879d1d,27518.1
1,1,A,East Liberty,EASY LIBERTY,61,71b54b31-de4a-46ec-8010-71c5c4b60bd7,26040.8
1,1,A,East Liberty,EASY LIBERTY,62,2b9f3154-ca1d-4599-9a02-df3009ce486d,25540.6
1,1,A,East Liberty,EASY LIBERTY,63,12292146-6a74-425f-b8c7-3a9b195ed6fd,26599.5
1,1,A,East Liberty,EASY LIBERTY,64,06961660-1798-4286-9914-8aed0e42c4b9,4576.2
1,1,A,East Liberty,EASY LIBERTY,65,af16bdf0-3bc9-478c-bc7a-5b5b1cf5c706,659.5
1,1,A,East Liberty,EASY LIBERTY,66,d06a24e3-a4b2-4d0f-b367-20db8d4860e8,11451.2
1,1,A,East Liberty,EASY LIBERTY,67,da528496-f6f3-4f58-851c-3dbeaeeb2466,25765.2
1,1,A,East Liberty,EASY LIBERTY,68,606678af-8bb1-48e5-abef-67e5e44ac32d,11157.9
1,1,A,East Liberty,EASY LIBERTY,69,3f328547-8590-41c6-afda-11280c010e5c,14123.6
1,1,A,East Liberty,EASY LIBERTY,70,53e652ec-3eef-461d-a8f6-c76bfa196efa,24180.7
1,1,A,East Liberty,EASY LIBERTY,71,5cce00e4-4eb8-437e-a634-5af463c84d2f,14321.3
1,1,A,East Liberty,EASY LIBERTY,72,6eea085c-6e85-40a2-9834-37a656c3ee9f,17039.2
1,1,A,East Liberty,EASY LIBERTY,73,7fb1c47a-54c8-4807-bdb1-abbe7c6e251b,26725.4
1,1,A,East Liberty,EASY LIBERTY,74,e6db5567-3649-4c77-9ab7-5d2f365e91ea,27312.0
1,1,A,East Liberty,EASY LIBERTY,75,5dd2ee6b-d21f-42b6-b4cc-cec8c75bda1f,2084.5
1,1,A,East Liberty,EASY LIBERTY,76,8d3e4f1b-760e-4237-abc8-edad851beca6,30615.6
1,1,A,East Liberty,EASY LIBERTY,77,be7d5429-0568-4fc6-8a4d-cb601687b495,5072.1
1,1,A,East Liberty,EASY LIBERTY,78,a6f9477e-2560-484d-a89b-7c0310548559,3865.2
1,1,A,East Liberty,EASY LIBERTY,79,68305c53-bac3-487a-a34a-2e7faf8695ea,26458.9
1,1,A,East Liberty,EASY LIBERTY,80,8de3ba6e-723c-4fc9-a938-96f54a8b92e7,7696.2
1,1,A,East Liberty,EASY LIBERTY,81,dece1cb3-8100-478a-b5ac-e52006b10959,33195.2
1,1,A,East Liberty,EASY LIBERTY,82,3e2128be-5be8-4d48-812b-a0bcc856d104,16466.6
1,1,A,East Liberty,EASY LIBERTY,83,eebfd186-044d-46c4-a34f-973dc486c9f5,16036.2
1,1,A,East Liberty,EASY LIBERTY,84,ca024320-6ca3-4819-8662-f8e8cc498db4,32477.4
1,1,A,East Liberty,EASY LIBERTY,85,606454bb-a531-4514-96c7-7be21295e1d8,22673.8
1,1,A,East Liberty,EASY LIBERTY,86,1d1152b1-7119-4919-b945-aeceabc08228,32888.3
1,1,A,Brackenridge,ALLEGHENY VALLEY,1,0bacfc28-9ad9-4d35-a7dc-d058f8008223,17179.2
1,1,A,Brackenridge,ALLEGHENY VALLEY,2,6b53343c-f785-470f-8654-d1e117b8e4b2,21484.2
1,1,A,Brackenridge,ALLEGHENY VALLEY,3,c90aa53d-fe66-4ce7-9a59-9cd15e95f920,21672.3
1,1,A,Brackenridge,ALLEGHENY VALLEY,4,2c695c01-3639-4886-8b89-d496a92fae41,6265.0
1,1,A,Brackenridge,ALLEGHENY VALLEY,5,a43394de-770b-473a-91fd-cd57d7cbb986,9308.7
1,1,A,Brackenridge,ALLEGHENY VALLEY,6,8042116e-a581-47ca-877d-6caa8a88d342,22059.4
1,1,A,Brackenridge,ALLEGHENY VALLEY,7,22860170-e482-445e-a4ee-3333a06eb87f,20109.8
1,1,A,Brackenridge,ALLEGHENY VALLEY,8,afc92e22-fa6c-4ae1-899f-2b3d16734bb8,22362.3
1,1,A,Brackenridge,ALLEGHENY VALLEY,9,e2f03f78-a68c-460c-8770-875143b4a1df,29527.6
1,1,A,Brackenridge,ALLEGHENY VALLEY,10,b33c9396-8574-4b02-8c59-050e7381e8d6,9501.9
1,1,A,Brackenridge,ALLEGHENY VALLEY,11,45de69de-0db5-4733-a2c5-d8914356491c,20348.8
1,1,A,Brackenridge,ALLEGHENY VALLEY,12,dd385507-df3b-47a9-88ca-797c2f7fa654,17628.2
1,1,A,Brackenridge,ALLEGHENY VALLEY,13,a6b9de8e-7059-4552-b050-ddde305c0613,11002.3
1,1,A,Brackenridge,ALLEGHENY VALLEY,14,f14e0a35-eea9-499e-90af-f7c3240609c8,16033.4
1,1,A,Brackenridge,ALLEGHENY VALLEY,15,c5162269-7ed4-4cec-a99f-c724062a2045,11362.1
1,1,A,Brackenridge,ALLEGHENY VALLEY,16,7687b567-2b74-486f-a0e6-63c4ab93ffaf,15163.4
1,1,A,Brackenridge,ALLEGHENY VALLEY,17,cd5857cd-567f-42ba-b52e-c36d57a52d37,1693.2
1,1,A,Brackenridge,ALLEGHENY VALLEY,18,bd67dc9a-072e-4b0c-8b93-71390e757942,34470.0
1,1,A,Brackenridge,ALLEGHENY VALLEY,19,b538fbee-84d3-465a-921d-9bb3517f2694,19314.7
1,1,A,Brackenridge,ALLEGHENY VALLEY,20,fba02b19-3fc7-4d94-b142-5af9f329fa4c,19709.7
1,1,A,Brackenridge,ALLEGHENY VALLEY,21,967f8d10-7deb-4864-9b35-dfdb0a4f5cd3,29013.6
1,1,A,Brackenridge,ALLEGHENY VALLEY,22,d490ee80-5394-4252-9a13-ba14afa6a424,15774.2
1,1,A,Brackenridge,ALLEGHENY VALLEY,23,2a7e553e-6ae9-4d87-96be-cf33d4ed0d67,20680.8
1,1,A,Brackenridge,ALLEGHENY VALLEY,24,38c39df5-eb5e-448c-9b2d-399b9fddf843,10593.5
1,1,A,Brackenridge,ALLEGHENY VALLEY,25,8689b3a3-8550-4168-9cb4-c2ce6e88429c,31500.5
1,1,A,Brackenridge,ALLEGHENY VALLEY,26,356d5995-86fd-4ccd-9a55-5495f92f0ffb,28535.1
1,1,A,Brackenridge,ALLEGHENY VALLEY,27,5c3e99d4-777c-4a1f-9689-4cdb9fdaff4a,1217.2
1,1,A,Brackenridge,ALLEGHENY VALLEY,28,90852ad8-147b-496e-abbf-88264c478966,1965.0
1,1,A,Brackenridge,ALLEGHENY VALLEY,29,ef25758b-3e25-4e6e-aa2d-ddffaa41f63e,8009.2
1,1,A,Brackenridge,ALLEGHENY VALLEY,30,2e792309-8781-4dd4-bc8c-05f917111c1f,19957.6
1,1,A,Brackenridge,ALLEGHENY VALLEY,31,a1d083c6-7591-499a-8b6d-102801771c89,12625.9
1,1,A,Brackenridge,ALLEGHENY VALLEY,32,64b8ad29-563f-4799-940a-bb02bcf6ed04,21273.0
1,1,A,Brackenridge,ALLEGHENY VALLEY,33,f0644569-58be-493e-a366-8853a0960530,18921.3
1,1,A,Brackenridge,ALLEGHENY VALLEY,34,743b7d04-dfec-4c9f-9d59-0e8a4b53953c,22207.0
1,1,A,Brackenridge,ALLEGHENY VALLEY,35,9199c962-a0d0-4806-b04a-ae36a6c76e12,22488.3
1,1,A,Brackenridge,ALLEGHENY VALLEY,36,2441c28f-d824-4f85-ab01-5c1858465033,22634.4
1,1,A,Brackenridge,ALLEGHENY VALLEY,37,01f9b8ad-e050-43a4-b860-e6342d5ff2b3,0
1,1,A,Brackenridge,ALLEGHENY VALLEY,38,5c96d531-a1f2-4aa7-bdee-38107c644ebf,11744.9
1,1,A,Brackenridge,ALLEGHENY VALLEY,39,22e473f8-d154-461b-919d-24871eb52bab,6612.2
1,1,A,Brackenridge,ALLEGHENY VALLEY,40,e3457687-fc68-4915-b38d-fe7278e3ffd2,8791.3
1,1,A,Brackenridge,ALLEGHENY VALLEY,41,cde63297-c32c-4a80-9301-9b97a524958b,29302.5
1,1,A,Brackenridge,ALLEGHENY VALLEY,42,d9b234ec-d3ea-48df-ab7d-2e5fefcfb83a,19172.3
1,1,A,Brackenridge,ALLEGHENY VALLEY,43,ff92a7fe-feec-49fb-a5d9-8f75ac018640,27510.8
1,1,A,Brackenridge,ALLEGHENY VALLEY,44,8d60fe58-651c-4a9b-aa7f-a0016d6de894,10392.0
1,1,A,Brackenridge,ALLEGHENY VALLEY,45,49348164-76ed-4e1d-b4a2-2e0f285c4c6a,10823.1
1,1,A,Brackenridge,ALLEGHENY VALLEY,46,15fa76f0-93f1-4a59-90cd-6505774a1304,18720.0
1,1,A,Brackenridge,ALLEGHENY VALLEY,47,3bc8d807-0bf9-4f75-941b-e803c61e2f51,8658.9
1,1,A,Brackenridge,ALLEGHENY VALLEY,48,e31dc961-12d1-4461-98eb-e032ca575be6,9106.5
1,1,A,Brackenridge,ALLEGHENY VALLEY,49,556989ec-1b01-42a0-9923-8f6c4258462d,29160.3
1,1,A,Brackenridge,ALLEGHENY VALLEY,50,dcee1e37-24a3-4d9d-a00b-c9f161cd2a05,21135.8
1,1,A,Brackenridge,ALLEGHENY VALLEY,51,29914ff9-dfbb-4698-ba0d-c20a1e2ec9a2,7532.3
1,1,A,Brackenridge,ALLEGHENY VALLEY,52,2d060ecc-87a1-467f-8020-712b778b5cf6,28123.3
1,1,A,Brackenridge,ALLEGHENY VALLEY,53,5fc72e88-6e10-41d7-bf2c-1258dea876c6,19506.3
1,1,A,Brackenridge,ALLEGHENY VALLEY,54,f6958db3-bf6f-452e-a0c4-6b6360c7528c,7800.8
1,1,A,Brackenridge,ALLEGHENY VALLEY,55,7a05c7b8-e4ed-4c0a-913f-e1d15ad8d738,23116.0
1,1,A,Brackenridge,ALLEGHENY VALLEY,56,b4a02a40-a6c6-4df1-b724-a49dfc73d85e,7331.8
1,1,A,Brackenridge,ALLEGHENY VALLEY,57,0d8364ce-ffbe-4e43-a629-e7f863e3509f,972.0
1,1,A,Brackenridge,ALLEGHENY VALLEY,58,c8408a35-6320-4f7c-b949-eb9e2214732d,21834.1
1,1,A,Brackenridge,ALLEGHENY VALLEY,59,80bcb348-5835-499c-8d92-7f351983eb83,28299.8
1,1,A,Brackenridge,ALLEGHENY VALLEY,60,4b3dd870-cbd8-4c55-9c6b-ffb7fbe978ba,20507.2
1,1,A,Brackenridge,ALLEGHENY VALLEY,61,5cac0d87-5014-4bef-a0b9-c15f2659b336,32324.4
1,1,A,Brackenridge,ALLEGHENY VALLEY,62,1c401a6b-5978-4763-9578-9c81ca356ad7,30653.9
1,1,A,Brackenridge,ALLEGHENY VALLEY,63,194d6be9-d79e-42de-98aa-e881850a6382,11219.2
1,1,A,Brackenridge,ALLEGHENY VALLEY,64,9e8aaf46-1ab6-49b8-bce5-18c5bfa66609,34078.4
1,1,A,Brackenridge,ALLEGHENY VALLEY,65,a372b91a-d3e8-4f46-938d-295c2e006c07,16940.2
1,1,A,Brackenridge,ALLEGHENY VALLEY,66,81d1b344-b77c-4d3b-ba07-c87c5a0fd105,31287.0
1,1,A,Brackenridge,ALLEGHENY VALLEY,67,0ac36d1b-0048-4a3a-8365-c635fc98fda8,11502.3
1,1,A,Brackenridge,ALLEGHENY VALLEY,68,bd044ad6-4308-452f-a76e-6ef423e138a0,24691.8
1,1,A,Brackenridge,ALLEGHENY VALLEY,69,d1692c63-9345-4f88-86a2-37f02b2c0525,33736.4
1,1,A,Brackenridge,ALLEGHENY VALLEY,70,badf9b7e-5f8b-4bc3-8d7b-a836d7218ef6,20921.6
1,1,A,Brackenridge,ALLEGHENY VALLEY,71,9b3e67b4-e449-4d79-813d-b0c2af0b105e,6442.5
1,1,A,Brackenridge,ALLEGHENY VALLEY,72,6f13fca2-6636-4a24-b1db-14ce435ec6e5,16368.2
1,1,A,Brackenridge,ALLEGHENY VALLEY,73,fbd2dba8-ac64-423c-94f0-46ec8e828b19,603.8
1,1,A,Brackenridge,ALLEGHENY VALLEY,74,a64c0808-40e8-48e4-8e9b-b72daa7d95fb,6871.2
1,1,A,Brackenridge,ALLEGHENY VALLEY,75,64780cb7-d22e-496b-8d5a-a6628af38073,14882.8
1,1,A,Brackenridge,ALLEGHENY VALLEY,76,9d75d58a-2317-4ca3-8be1-5cfcc9793219,31741.9
1,1,A,Brackenridge,ALLEGHENY VALLEY,77,b7ac000f-76e5-41e1-a029-7fa0545c5779,32126.2
1,1,A,Brackenridge,ALLEGHENY VALLEY,78,a28e4ddb-67c0-4088-80be-0b6bfc37842f,32621.0
1,1,A,Brackenridge,ALLEGHENY VALLEY,79,8de3ba6e-723c-4fc9-a938-96f54a8b92e7,26183.8
1,1,A,Brackenridge,ALLEGHENY VALLEY,80,621fc7ea-dd1e-4bd9-bdef-4b06103a6620,32948.3
1,1,A,Brackenridge,ALLEGHENY VALLEY,81,d79915a9-78d4-4430-a23b-809ec9bc262b,29758.2
1,1,A,Brackenridge,ALLEGHENY VALLEY,82,2cf9e8e3-cede-4c6b-9a57-1848747a713e,3559.3
1,1,A,Brackenridge,ALLEGHENY VALLEY,83,29a14e64-0636-44b3-bc27-0db9bdf490bf,8456.3
1,1,A,Brackenridge,ALLEGHENY VALLEY,84,02eeb66b-541b-4f59-8e59-25fb05a4a6c9,33328.2
60X,60X,A,Downtown,"DOWNTOWN via Wilkinsburg, Oakland",1,e2844819-6841-4de0-8565-b3ca517710b1,1631.6
60X,60X,A,Downtown,"DOWNTOWN via Wilkinsburg, Oakland",2,3314090e-d5ec-479c-8a79-6f86328fada7,1930.6
60X,60X,A,Downtown,"DOWNTOWN via Wilkinsburg, Oakland",3,6c86da25-f39f-4d88-956a-b82aa5cb4575,7983.3
60X,60X,A,Downtown,"DOWNTOWN via Wilkinsburg, Oakland",4,68923ba2-aadf-4308-bc69-cda35c238190,11997.2
60X,60X,A,Downtown,"DOWNTOWN via Wilkinsburg, Oakland",5,9e951a43-d8e3-418c-aca3-0ffcecf6ef00,6899.2
60X,60X,A,Downtown,"DOWNTOWN via Wilkinsburg, Oakland",6,2979d0e0-b6c6-4517-94cc-19a2917211f0,3160.3
60X,60X,A,Downtown,"DOWNTOWN via Wilkinsburg, Oakland",7,cf30413a-e079-44cc-9619-06a73da7c5a2,18740.1
60X,60X,A,Downtown,"DOWNTOWN via Wilkinsburg, Oakland",8,5c3518a1-d450-4809-be78-6943af5de0f3,8114.6
60X,60X,A,Downtown,"DOWNTOWN via Wilkinsburg, Oakland",9,9eba043f-6d78-4325-b864-3d6954dae24e,6775.5
60X,60X,A,Downtown,"DOWNTOWN via Wilkinsburg, Oakland",10,4df351a2-4c4b-4dbc-8558-48e31171d8c1,5169.9
60X,60X,A,Downtown,"DOWNTOWN via Wilkinsburg, Oakland",11,ef3c42c3-4f00-430f-a65a-642b8c5aae92,1057.7
60X,60X,A,Downtown,"DOWNTOWN via Wilkinsburg, Oakland",12,ee5b1c9e-724e-4916-b21f-c69fb6439447,9593.1
60X,60X,A,Downtown,"DOWNTOWN via Wilkinsburg, Oakland",13,1b8ae0bc-5e14-4f97-9dc7-879b16b7a257,12969.4
60X,60X,A,Downtown,"DOWNTOWN via Wilkinsburg, Oakland",14,56147f0b-a8b5-4dac-a2fe-2524047162a2,533.4
60X,60X,A,Downtown,"DOWNTOWN via Wilkinsburg, Oakland",15,64fbce7d-6c5a-44a8-bea1-4851834171b7,6337.8
60X,60X,A,Downtown,"DOWNTOWN via Wilkinsburg, Oakland",16,c85ac177-4a45-4a19-bd1c-5b361c378e67,6448.3
60X,60X,A,Downtown,"DOWNTOWN via Wilkinsburg, Oakland",17,cf886de4-23a1-4751-80a0-e840613d2409,11282.5
60X,60X,A,Downtown,"DOWNTOWN via Wilkinsburg, Oakland",18,5a4b5ed6-b17a-425e-9f65-1ebdd1fdac0e,17183.1
60X,60X,A,Downtown,"DOWNTOWN via Wilkinsburg, Oakland",19,b8d99f44-a4bf-48d6-add1-e392694a9323,8923.2
60X,60X,A,Downtown,"DOWNTOWN via Wilkinsburg, Oakland",20,92df97c0-eaf9-49c4-894c-782acab4f573,4807.1
60X,60X,A,Downtown,"DOWNTOWN via Wilkinsburg, Oakland",21,5ae8cef4-5b00-4ff5-b684-484fbd533cf9,5668.8
60X,60X,A,Downtown,"DOWNTOWN via Wilkinsburg, Oakland",22,2551cebc-aae7-417d-bda7-cd2133037a60,6061.0
60X,60X,A,Downtown,"DOWNTOWN via Wilkinsburg, Oakland",23,1cece5f9-c075-48d2-acb9-9819b90cb293,8739.0
60X,60X,A,Downtown,"DOWNTOWN via Wilkinsburg, Oakland",24,16f17920-bec6-4ab3-aca0-1f66b61492e1,12595.8
60X,60X,A,Downtown,"DOWNTOWN via Wilkinsburg, Oakland",25,0ef8aee5-9b37-4da4-ae62-6dc7eca16343,2402.8
60X,60X,A,Downtown,"DOWNTOWN via Wilkinsburg, Oakland",26,09eaca9d-76aa-46d3-b544-2ce4a957a4ed,8354.4
60X,60X,A,Downtown,"DOWNTOWN via Wilkinsburg, Oakland",27,869e1bc6-18ac-46f7-bc0e-d21b7830f540,4099.4
60X,60X,A,Downtown,"DOWNTOWN via Wilkinsburg, Oakland",28,45f69c1b-7657-49d1-8d52-9afd0d2bdadb,2933.1
60X,60X,A,Downtown,"DOWNTOWN via Wilkinsburg, Oakland",29,3e004fb9-de6b-4e6f-8459-e4e88e64f516,9221.9
60X,60X,A,Downtown,"DOWNTOWN via Wilkinsburg, Oakland",30,68647a51-af42-4fc3-b021-6edf758bbc79,9510.7
60X,60X,A,Downtown,"DOWNTOWN via Wilkinsburg, Oakland",31,6b9945ec-8021-4e11-bd17-18b3bddbf9c2,13457.8
60X,60X,A,Downtown,"DOWNTOWN via Wilkinsburg, Oakland",32,f87e44ae-9425-4741-b864-d4b31605f872,5942.9
60X,60X,A,Downtown,"DOWNTOWN via Wilkinsburg, Oakland",33,63a4863b-f8ae-437f-a471-12b2db3c44b4,12335.3
60X,60X,A,Downtown,"DOWNTOWN via Wilkinsburg, Oakland",34,9f577fa8-6292-441f-aaff-0323f66564e8,9831.5
60X,60X,A,Downtown,"DOWNTOWN via Wilkinsburg, Oakland",35,bba1cb27-eb61-4253-a5b5-807fe562d59c,4449.0
60X,60X,A,Downtown,"DOWNTOWN via Wilkinsburg, Oakland",36,48fa8e30-bf24-4805-8ec4-60acfb9c6a4e,17934.0
60X,60X,A,Downtown,"DOWNTOWN via Wilkinsburg, Oakland",37,9218ab99-bfa2-4771-910a-3493efa3d7e0,13624.5
60X,60X,A,Downtown,"DOWNTOWN via Wilkinsburg, Oakland",38,83163a08-415f-42ac-a6f6-f87f670c976b,3345.0
60X,60X,A,Downtown,"DOWNTOWN via Wilkinsburg, Oakland",39,ff0c697d-1100-408e-a066-858ccb75ea4c,2283.6
60X,60X,A,Downtown,"DOWNTOWN via Wilkinsburg, Oakland",40,8c6c3d0b-95ad-44d6-bb9e-7937117fe118,8218.9
60X,60X,A,Downtown,"DOWNTOWN via Wilkinsburg, Oakland",41,f660347b-001d-48ce-9f37-b682d8170e05,14476.8
60X,60X,A,Downtown,"DOWNTOWN via Wilkinsburg, Oakland",42,2bb66cb3-fbb0-4d2b-9876-225dd481051f,16415.8
60X,60X,A,Downtown,"DOWNTOWN via Wilkinsburg, Oakland",43,42668b7e-9c0b-47a1-8aae-b65cffcfe6ee,4993.9
60X,60X,A,Downtown,"DOWNTOWN via Wilkinsburg, Oakland",44,4c1d72af-185b-45d8-b605-ad978a23ceab,11629.1
60X,60X,A,Downtown,"DOWNTOWN via Wilkinsburg, Oakland",45,0e7352ed-8d67-4316-bd83-3bdf7cf4ded9,9350.2
60X,60X,A,Downtown,"DOWNTOWN via Wilkinsburg, Oakland",46,af64c338-7ead-44f2-8110-b608a5674a48,17611.9
60X,60X,A,Downtown,"DOWNTOWN via Wilkinsburg, Oakland",47,82b8ecae-0b2a-4303-bb6f-6d41deb7adf7,7637.3
60X,60X,A,Downtown,"DOWNTOWN via Wilkinsburg, Oakland",48,122f06d5-db9c-4f0d-b3d4-d9a278850a25,5426.5
60X,60X,A,Downtown,"DOWNTOWN via Wilkinsburg, Oakland",49,d101f86f-06cf-4eaf-88c0-8a082166e849,15367.2
60X,60X,A,Downtown,"DOWNTOWN via Wilkinsburg, Oakland",50,5d2d1937-f4a6-4c15-b3de-f759736f46dc,19135.7
60X,60X,A,Downtown,"DOWNTOWN via Wilkinsburg, Oakland",51,613a3875-6c70-476b-b65f-378497702f43,15112.3
60X,60X,A,Downtown,"DOWNTOWN via Wilkinsburg, Oakland",52,5dc12eec-9a2e-4f9d-b33f-d7514021b461,2633.3
60X,60X,A,Downtown,"DOWNTOWN via Wilkinsburg, Oakland",53,6f0f13c8-d8e0-49da-b5e5-ad24d8c2c3d5,15733.8
60X,60X,A,Downtown,"DOWNTOWN via Wilkinsburg, Oakland",54,148c87bc-e7a1-4aed-bf9a-09fbeab1d45d,2723.2
60X,60X,A,Downtown,"DOWNTOWN via Wilkinsburg, Oakland",55,daf49906-715a-4f33-8697-8a7b022e9242,14072.2
60X,60X,A,Downtown,"DOWNTOWN via Wilkinsburg, Oakland",56,d2323a13-db56-4eb0-aae4-00ec1db5450a,7292.1
60X,60X,A,Downtown,"DOWNTOWN via Wilkinsburg, Oakland",57,846936b5-ead3-43d7-9b63-f12b1e3a6cde,8441.0
60X,60X,A,Downtown,"DOWNTOWN via Wilkinsburg, Oakland",58,c15034ef-0e74-4daa-9ea8-e579a4230bee,11088.7
60X,60X,A,Downtown,"DOWNTOWN via Wilkinsburg, Oakland",59,02f6326c-e983-4a9d-9d48-5b9a1c9bfdfd,19787.4
60X,60X,A,Downtown,"DOWNTOWN via Wilkinsburg, Oakland",60,d1aff5df-85be-407d-b1d9-d48a1e0d9d8d,5515.9
60X,60X,A,Downtown,"DOWNTOWN via Wilkinsburg, Oakland",61,31ca0ddb-c0ee-47cd-a4cf-2f5063b9a2d2,9088.9
60X,60X,A,Downtown,"DOWNTOWN via Wilkinsburg, Oakland",62,05abcfa9-2b53-4c53-842b-88687525a17e,0.7
60X,60X,A,Downtown,"DOWNTOWN via Wilkinsburg, Oakland",63,4fdfdb63-d150-4743-b0e8-363187002dcc,6206.4
60X,60X,A,Downtown,"DOWNTOWN via Wilkinsburg, Oakland",64,b23a5412-a455-4bf5-b67a-1a7f2f989fa1,1795.4
60X,60X,A,Downtown,"DOWNTOWN via Wilkinsburg, Oakland",65,1ed28c39-4fb4-4f68-a28c-1928a1688e73,4542.0
60X,60X,A,Downtown,"DOWNTOWN via Wilkinsburg, Oakland",66,90bb5b4b-92cb-41ce-b42b-c54d4f5af33f,19385.0
60X,60X,A,Downtown,"DOWNTOWN via Wilkinsburg, Oakland",67,9a181d2f-b436-4ed9-8270-6061db6aba34,18246.9
60X,60X,A,Downtown,"DOWNTOWN via Wilkinsburg, Oakland",68,7edbf230-b14c-4932-be40-e8224900d143,215.3
60X,60X,A,Downtown,"DOWNTOWN via Wilkinsburg, Oakland",69,c571252c-9779-4beb-b579-e5d59ffa0f48,6612.6
60X,60X,A,Downtown,"DOWNTOWN via Wilkinsburg, Oakland",70,294b7ad9-eda5-4116-8027-0c63e1bf69cc,5833.0
60X,60X,A,Downtown,"DOWNTOWN via Wilkinsburg, Oakland",71,df5158e5-89b5-46a4-b2e5-d3864bf3d2ba,13154.8
60X,60X,A,Braddock,"BRADDOCK via Wilkinsburg, Oakland",1,e7e50171-fa47-46d0-b03a-11e121829bf5,10263.1
60X,60X,A,Braddock,"BRADDOCK via Wilkinsburg, Oakland",2,2fcdb468-43c6-440d-9c88-5944faf24f82,10910.6
60X,60X,A,Braddock,"BRADDOCK via Wilkinsburg, Oakland",3,9bba82c4-35ff-42c1-9b00-255add9d572b,3861.8
60X,60X,A,Braddock,"BRADDOCK via Wilkinsburg, Oakland",4,01cf1d34-2079-4959-9ca0-bef3ba7528d5,13789.5
60X,60X,A,Braddock,"BRADDOCK via Wilkinsburg, Oakland",5,efe66279-80d9-4d13-887b-46026f104153,10111.4
60X,60X,A,Braddock,"BRADDOCK via Wilkinsburg, Oakland",6,bbe54c07-2364-4674-8f2e-343142cac364,17201.9
60X,60X,A,Braddock,"BRADDOCK via Wilkinsburg, Oakland",7,61b1e0cf-29c8-4b4f-8ce2-6e752fcc3e6a,16686.4
60X,60X,A,Braddock,"BRADDOCK via Wilkinsburg, Oakland",8,cd78c93b-6cc7-46f4-ba4c-989413aa7e0a,7826.3
60X,60X,A,Braddock,"BRADDOCK via Wilkinsburg, Oakland",9,c6a33437-80e5-48b3-8a82-d10bfe154939,8403.9
60X,60X,A,Braddock,"BRADDOCK via Wilkinsburg, Oakland",10,b7b04ffc-b645-4286-be00-0a0b83d53336,2193.6
60X,60X,A,Braddock,"BRADDOCK via Wilkinsburg, Oakland",11,352d8c0a-91b5-4c2e-a1ff-ed74a780e5ff,12934.5
60X,60X,A,Braddock,"BRADDOCK via Wilkinsburg, Oakland",12,77641140-a19e-4eb4-87f6-0f2d31383439,14320.7
60X,60X,A,Braddock,"BRADDOCK via Wilkinsburg, Oakland",13,e9960c62-7984-4f35-b5eb-2f84499527dc,7420.3
60X,60X,A,Braddock,"BRADDOCK via Wilkinsburg, Oakland",14,78215d08-4cce-4b55-88c8-27ff216d8df3,8133.0
60X,60X,A,Braddock,"BRADDOCK via Wilkinsburg, Oakland",15,5c6ce612-35e7-497c-b097-39c859447e7b,12681.4
60X,60X,A,Braddock,"BRADDOCK via Wilkinsburg, Oakland",16,22993ee6-5609-4892-967a-008a70775df4,4625.9
60X,60X,A,Braddock,"BRADDOCK via Wilkinsburg, Oakland",17,8a1526bb-ecd2-4b1e-812f-1346a8fadc62,11161.6
60X,60X,A,Braddock,"BRADDOCK via Wilkinsburg, Oakland",18,94550995-8498-4df1-93f6-8a195d927758,18279.8
60X,60X,A,Braddock,"BRADDOCK via Wilkinsburg, Oakland",19,e8e013b0-7893-498b-81f5-74078ec1123d,6824.9
60X,60X,A,Braddock,"BRADDOCK via Wilkinsburg, Oakland",20,a629dc16-1681-4d48-b5fe-291fb7e8503c,12113.4
60X,60X,A,Braddock,"BRADDOCK via Wilkinsburg, Oakland",21,b450ad6d-f62c-46d0-aaed-48993b1dd45b,16884.9
60X,60X,A,Braddock,"BRADDOCK via Wilkinsburg, Oakland",22,dcdcfbec-b147-4579-a34d-498b2dc29b8e,19183.9
60X,60X,A,Braddock,"BRADDOCK via Wilkinsburg, Oakland",23,1f4e807e-f99e-402e-b4c1-6dc661ec612e,17111.1
60X,60X,A,Braddock,"BRADDOCK via Wilkinsburg, Oakland",24,cc016339-e19b-45be-a30f-bdf6536af587,12533.8
60X,60X,A,Braddock,"BRADDOCK via Wilkinsburg, Oakland",25,1a4cc548-cd20-4af3-a483-144cba51358b,6606.1
60X,60X,A,Braddock,"BRADDOCK via Wilkinsburg, Oakland",26,87987165-bfcb-4b91-9246-f684e915d125,2463.9
60X,60X,A,Braddock,"BRADDOCK via Wilkinsburg, Oakland",27,1fff5b69-b7e7-4ac9-86b6-dd30d0abd0d9,11497.8
60X,60X,A,Braddock,"BRADDOCK via Wilkinsburg, Oakland",28,05abcfa9-2b53-4c53-842b-88687525a17e,19709.6
60X,60X,A,Braddock,"BRADDOCK via Wilkinsburg, Oakland",29,b4736281-5522-4d7f-b234-7a55a17b75c9,11368.5
60X,60X,A,Braddock,"BRADDOCK via Wilkinsburg, Oakland",30,d45235ca-c669-493a-8761-8c81bf81786d,4262.4
60X,60X,A,Braddock,"BRADDOCK via Wilkinsburg, Oakland",31,1f7e61a1-daf6-4b3c-bf42-f1a5e5a6c29e,18589.1
60X,60X,A,Braddock,"BRADDOCK via Wilkinsburg, Oakland",32,2ec8b1e8-8197-41db-adde-a6e3df744e3f,11275.8
60X,60X,A,Braddock,"BRADDOCK via Wilkinsburg, Oakland",33,549d09f1-50c2-438d-933a-a6939c9db5b6,11610.4
60X,60X,A,Braddock,"BRADDOCK via Wilkinsburg, Oakland",34,7396de6f-ec47-4dfd-bd6a-64e3f03a82e6,6141.9
60X,60X,A,Braddock,"BRADDOCK via Wilkinsburg, Oakland",35,d7f3d3f0-1cc2-4fbf-9268-a9e03a629d48,1371.2
60X,60X,A,Braddock,"BRADDOCK via Wilkinsburg, Oakland",36,87b8be82-3a6a-40c4-88a9-5b5a5a8d4d21,314.7
60X,60X,A,Braddock,"BRADDOCK via Wilkinsburg, Oakland",37,bd788af9-1253-452f-873b-f7810182798a,5285.7
60X,60X,A,Braddock,"BRADDOCK via Wilkinsburg, Oakland",38,c672ddc0-93e8-4b86-a804-52b8c85259d1,7178.3
60X,60X,A,Braddock,"BRADDOCK via Wilkinsburg, Oakland",39,9991fdd6-04c2-4c84-8a45-fbd29d1628cf,11740.2
60X,60X,A,Braddock,"BRADDOCK via Wilkinsburg, Oakland",40,f3bcf316-e5c1-48c3-9b69-3266a13f993c,14855.0
60X,60X,A,Braddock,"BRADDOCK via Wilkinsburg, Oakland",41,896621dd-80a5-44a3-9af5-a271020fb8fc,17338.1
60X,60X,A,Braddock,"BRADDOCK via Wilkinsburg, Oakland",42,8cc40e77-49eb-4670-bf1c-d77b355c31fb,10490.3
60X,60X,A,Braddock,"BRADDOCK via Wilkinsburg, Oakland",43,31956305-5ef0-425b-b920-57abd7f33583,11035.1
60X,60X,A,Braddock,"BRADDOCK via Wilkinsburg, Oakland",44,19d0aa24-0ba4-4db2-b67b-dba4865b230f,14209.4
60X,60X,A,Braddock,"BRADDOCK via Wilkinsburg, Oakland",45,0f8d7d53-feeb-4c7e-93cf-c504e75b1a9a,6304.0
60X,60X,A,Braddock,"BRADDOCK via Wilkinsburg, Oakland",46,7b3592c0-8ae3-40d2-b649-7e69fd87ecb5,13652.3
60X,60X,A,Braddock,"BRADDOCK via Wilkinsburg, Oakland",47,719fa427-d2c9-4991-a905-2f29702a2a4f,15286.1
60X,60X,A,Braddock,"BRADDOCK via Wilkinsburg, Oakland",48,2d977b37-b4aa-4a54-9908-512663dfd360,12401.5
60X,60X,A,Braddock,"BRADDOCK via Wilkinsburg, Oakland",49,b0bbd7c7-af29-48ec-a6db-143eb86f3aec,16515.6
60X,60X,A,Braddock,"BRADDOCK via Wilkinsburg, Oakland",50,a43a1199-7410-4e0d-aa0b-92a45cce536b,14018.4
60X,60X,A,Braddock,"BRADDOCK via Wilkinsburg, Oakland",51,766f9d5f-e9c3-4fb8-b6ff-c992e5864716,12207.2
60X,60X,A,Braddock,"BRADDOCK via Wilkinsburg, Oakland",52,c67d08c0-a6a1-4c75-bda7-56915930ddef,6954.0
60X,60X,A,Braddock,"BRADDOCK via Wilkinsburg, Oakland",53,f139e4ea-eb8c-4a84-80b8-af32b0fa28a3,10331.7
60X,60X,A,Braddock,"BRADDOCK via Wilkinsburg, Oakland",54,e0c800d4-b622-445d-84cc-6c23c269fc23,15742.1
60X,60X,A,Braddock,"BRADDOCK via Wilkinsburg, Oakland",55,6ca3c470-eab0-460c-aeeb-22b04ff569ff,5850.0
60X,60X,A,Braddock,"BRADDOCK via Wilkinsburg, Oakland",56,23cf78cd-c8b2-458b-83c4-3a1b4b7d18a5,14504.5
60X,60X,A,Braddock,"BRADDOCK via Wilkinsburg, Oakland",57,03f18cad-d75d-470c-a028-9f45621d8f27,10652.4
60X,60X,A,Braddock,"BRADDOCK via Wilkinsburg, Oakland",58,04243672-e717-4107-ba66-4546b119e849,10001.4
60X,60X,A,Braddock,"BRADDOCK via Wilkinsburg, Oakland",59,2c2562e0-db59-4639-88bc-f1dd1cb0dc70,17539.5
60X,60X,A,Braddock,"BRADDOCK via Wilkinsburg, Oakland",60,30b4c09d-96ce-43a6-83fe-aef7332ed349,13419.7
60X,60X,A,Braddock,"BRADDOCK via Wilkinsburg, Oakland",61,6b8239a1-f254-4897-acc7-869fb714c343,1845.1
60X,60X,A,Braddock,"BRADDOCK via Wilkinsburg, Oakland",62,178c63e6-9c80-460b-aa5e-45022a30a271,14678.1
60X,60X,A,Braddock,"BRADDOCK via Wilkinsburg, Oakland",63,73408345-4efb-451c-be07-9d84285de3c2,17891.7
60X,60X,A,Braddock,"BRADDOCK via Wilkinsburg, Oakland",64,258cb16c-ff7c-4e5b-a8bf-26793cb7862d,11861.4
60X,60X,A,Braddock,"BRADDOCK via Wilkinsburg, Oakland",65,02f6326c-e983-4a9d-9d48-5b9a1c9bfdfd,0
60X,60X,A,Braddock,"BRADDOCK via Wilkinsburg, Oakland",66,b1888d57-373e-4c12-a8a1-98b9ce274a69,13078.7
60X,60X,A,Braddock,"BRADDOCK via Wilkinsburg, Oakland",67,7c683e55-0818-4779-a116-a647ecf3efdc,13900.6
60X,60X,A,Braddock,"BRADDOCK via Wilkinsburg, Oakland",68,cf5d711f-c5dd-478e-bfb7-e3927ca79794,15035.3
60X,60X,A,Braddock,"BRADDOCK via Wilkinsburg, Oakland",69,bb0223e3-1576-458d-8488-8de8574ce92c,15451.2
60X,60X,A,Braddock,"BRADDOCK via Wilkinsburg, Oakland",70,4ac89d96-5f73-422b-b7b5-eae801139f6b,714.9
60X,60X,A,Braddock,"BRADDOCK via Wilkinsburg, Oakland",71,6e80a98d-c1c0-491d-a4fb-eff13ff55870,18377.9
60X,60X,A,Braddock,"BRADDOCK via Wilkinsburg, Oakland",72,8e9d290d-f343-4f8e-91f5-1efbd0fbfd4b,18127.9
60X,60X,A,Braddock,"BRADDOCK via Wilkinsburg, Oakland",73,a64a9c08-173d-45e3-8fd6-9171abbb7cf9,10744.8
60X,60X,A,Braddock,"BRADDOCK via Wilkinsburg, Oakland",74,36645177-0dca-4bb7-bccb-c0004f0bb3a4,4909.2
60X,60X,A,Braddock,"BRADDOCK via Wilkinsburg, Oakland",75,ac2eec0f-e34a-4da3-a2a2-78b865bf6b1b,8669.7
60X,60X,A,Braddock,"BRADDOCK via Wilkinsburg, Oakland",76,96261edb-e327-43bb-a08a-6ecfbe9e2f31,11989.0
29S,29,A,Downtown,"DOWNTOWN via Crafton, West End",1,d3a3f414-9857-4c39-aaeb-8ae19e2f4d20,15224.5
29S,29,A,Downtown,"DOWNTOWN via Crafton, West End",2,7ce52cc8-bd98-4808-ae7c-6ecc33f1e9d2,9080.0
29S,29,A,Downtown,"DOWNTOWN via Crafton, West End",3,60cfef17-08a1-4e8a-9a1b-1811fa7c545e,12036.4
29S,29,A,Downtown,"DOWNTOWN via Crafton, West End",4,ed9b9c75-a880-4e75-83eb-6303b54055fa,8133.3
29S,29,A,Downtown,"DOWNTOWN via Crafton, West End",5,5a68dec0-5575-42bd-a5c0-222f5dd3faf2,2630.8
29S,29,A,Downtown,"DOWNTOWN via Crafton, West End",6,f4efe025-9e90-4444-bf12-6d39c23d7f6f,12680.0
29S,29,A,Downtown,"DOWNTOWN via Crafton, West End",7,0f20d099-2001-41d9-bebe-e348eca8a33f,19539.4
29S,29,A,Downtown,"DOWNTOWN via Crafton, West End",8,0ec2247a-5319-4275-afd0-0ae8a8a8ed12,5088.8
29S,29,A,Downtown,"DOWNTOWN via Crafton, West End",9,5e9bb250-5751-40f3-a22b-01f9d0ddbe23,20081.8
29S,29,A,Downtown,"DOWNTOWN via Crafton, West End",10,a74a3e69-7c9f-4d9c-87d8-e9546d056df5,4019.3
29S,29,A,Downtown,"DOWNTOWN via Crafton, West End",11,9ad36952-a2e6-4970-8e5a-364f08a9f255,5971.2
29S,29,A,Downtown,"DOWNTOWN via Crafton, West End",12,30287615-00ba-4ddb-8f5a-03f2ba58a18a,11856.5
29S,29,A,Downtown,"DOWNTOWN via Crafton, West End",13,75990a71-77e4-45b5-aa48-ae6db1a5c857,15524.4
29S,29,A,Downtown,"DOWNTOWN via Crafton, West End",14,6ebcbf2d-5c5f-41e7-959a-95bd89f17354,13919.4
29S,29,A,Downtown,"DOWNTOWN via Crafton, West End",15,bc8b6ab1-04ca-45f6-9da9-fcd28bf859eb,3241.0
29S,29,A,Downtown,"DOWNTOWN via Crafton, West End",16,54fa74fd-216e-4906-a854-c9349cec5336,10897.2
29S,29,A,Downtown,"DOWNTOWN via Crafton, West End",17,4012e939-10a8-457a-8db3-3e17face289e,1.1
29S,29,A,Downtown,"DOWNTOWN via Crafton, West End",18,6b0ebe69-e4f9-415d-a62d-c9a2ff14ed3e,20577.4
29S,29,A,Downtown,"DOWNTOWN via Crafton, West End",19,d7fe18e3-da18-44bf-b519-65b2890a450e,19847.9
29S,29,A,Downtown,"DOWNTOWN via Crafton, West End",20,e54c7462-2c08-448c-99e5-6d4cc7b8a1d3,18130.2
29S,29,A,Downtown,"DOWNTOWN via Crafton, West End",21,235bba94-e0f1-4d5c-ab7b-b7e27e52ea4f,14952.7
29S,29,A,Downtown,"DOWNTOWN via Crafton, West End",22,cd1b1cfa-dbde-4772-9165-2f7549064743,2059.3
29S,29,A,Downtown,"DOWNTOWN via Crafton, West End",23,aa3adcd3-001a-4989-a30c-b7e3847ba249,10084.1
29S,29,A,Downtown,"DOWNTOWN via Crafton, West End",24,8b661609-7072-4329-9781-69300862a42c,11065.7
29S,29,A,Downtown,"DOWNTOWN via Crafton, West End",25,3e50e0cf-092b-4fe5-ae7d-2b1b274dbad8,11225.7
29S,29,A,Downtown,"DOWNTOWN via Crafton, West End",26,483cd6ad-391d-408c-93e3-2bcd79cbec44,16368.5
29S,29,A,Downtown,"DOWNTOWN via Crafton, West End",27,20df36d1-8395-4a6a-8788-11216c6e53ed,15682.5
29S,29,A,Downtown,"DOWNTOWN via Crafton, West End",28,8a0fa025-d8ad-4d29-a566-cd4e59ad7e21,12552.7
29S,29,A,Downtown,"DOWNTOWN via Crafton, West End",29,933f977e-8f20-403c-8cbc-21b46ec91d86,6799.6
29S,29,A,Downtown,"DOWNTOWN via Crafton, West End",30,52f6b19e-fb69-479d-97a3-ed058687f567,13107.9
29S,29,A,Downtown,"DOWNTOWN via Crafton, West End",31,187130b8-f356-426e-9a11-5deb680665b3,19355.4
29S,29,A,Downtown,"DOWNTOWN via Crafton, West End",32,ad8d32d0-3109-4a8e-943c-c586d80734ae,12320.6
29S,29,A,Downtown,"DOWNTOWN via Crafton, West End",33,ffc38bc7-c21a-4f1b-8863-52ec5657489d,13517.0
29S,29,A,Downtown,"DOWNTOWN via Crafton, West End",34,0c7f1b89-fff8-486b-8eba-a6f576cc9ff1,15286.4
29S,29,A,Downtown,"DOWNTOWN via Crafton, West End",35,4bd00f2b-78af-460e-9ff6-571fc14083ad,13735.8
29S,29,A,Downtown,"DOWNTOWN via Crafton, West End",36,56405429-566d-4ff8-8482-adc9802567e3,17710.5
29S,29,A,Downtown,"DOWNTOWN via Crafton, West End",37,9be520d8-def9-47c0-8d50-31358ad34c26,14186.4
29S,29,A,Downtown,"DOWNTOWN via Crafton, West End",38,4fc46491-5fcd-4c1b-b956-a844e4cf0c0c,3414.8
29S,29,A,Downtown,"DOWNTOWN via Crafton, West End",39,9274e430-a876-4d6a-b036-e737a19f22a8,5348.2
29S,29,A,Downtown,"DOWNTOWN via Crafton, West End",40,eb133c93-17da-477b-94ca-9248762a8d20,16582.5
29S,29,A,Downtown,"DOWNTOWN via Crafton, West End",41,2a825796-1a6f-4141-9dc1-acef7e3430e8,13394.1
29S,29,A,Downtown,"DOWNTOWN via Crafton, West End",42,df90c244-84c9-4eb4-9b8b-a0ca2059a321,5560.7
29S,29,A,Downtown,"DOWNTOWN via Crafton, West End",43,a346b513-21ee-48df-ad9f-759279af26c6,14852.6
29S,29,A,Downtown,"DOWNTOWN via Crafton, West End",44,9681348f-9c9f-4483-8a8c-3f7b97326fc6,6646.6
29S,29,A,Downtown,"DOWNTOWN via Crafton, West End",45,90c34161-32ca-4fda-918f-f8b7661949ec,765.8
29S,29,A,Downtown,"DOWNTOWN via Crafton, West End",46,4b4981b0-ca83-41ba-bbea-11645ec47911,16442.1
29S,29,A,Downtown,"DOWNTOWN via Crafton, West End",47,429a3cd2-4328-449d-9bc4-3983c7fc92c6,4341.3
29S,29,A,Downtown,"DOWNTOWN via Crafton, West End",48,111af33f-7691-4e9f-a4e3-78956886e3ac,9946.6
29S,29,A,Downtown,"DOWNTOWN via Crafton, West End",49,7afdac9e-b719-4b2c-a1f8-d4f91485266e,12886.5
29S,29,A,Downtown,"DOWNTOWN via Crafton, West End",50,7cb49b9b-13f9-4f10-876c-90838204a78d,15871.4
29S,29,A,Downtown,"DOWNTOWN via Crafton, West End",51,257f987d-45cd-4320-bbb7-2fa7088df7de,4592.5
29S,29,A,Downtown,"DOWNTOWN via Crafton, West End",52,10817a3c-a8dd-42da-ba94-cd131a2c026b,1262.8
29S,29,A,Downtown,"DOWNTOWN via Crafton, West End",53,0af9a5cf-1478-4736-bd8c-5862a37cff4e,3779.5
29S,29,A,Downtown,"DOWNTOWN via Crafton, West End",54,cf6a1bc0-8a0b-4a6d-81d1-e91696614aeb,5836.4
29S,29,A,Downtown,"DOWNTOWN via Crafton, West End",55,2869bdc4-7cf4-4e13-9177-b832169e8292,16252.1
29S,29,A,Downtown,"DOWNTOWN via Crafton, West End",56,e2395a59-550b-4a10-9108-960b1cd4f053,3011.2
29S,29,A,Downtown,"DOWNTOWN via Crafton, West End",57,e33087fc-53fc-4dac-9bf7-b1cb0fa6f56e,14652.4
29S,29,A,Downtown,"DOWNTOWN via Crafton, West End",58,46a1a457-dd3d-4ef1-a530-f628c43c8633,15404.7
29S,29,A,Robinson,"ROBINSON via Crafton, West End",1,688eb924-2469-483c-9302-e1288d98927c,10314.2
29S,29,A,Robinson,"ROBINSON via Crafton, West End",2,5ddeaf7e-0055-45ee-9564-af5f68dbcf16,11646.3
29S,29,A,Robinson,"ROBINSON via Crafton, West End",3,8d68dc9a-0c0c-438a-8f88-7c4c7b58fc39,6387.6
29S,29,A,Robinson,"ROBINSON via Crafton, West End",4,c54aec51-74ca-4094-b833-5527b432880e,1234.8
29S,29,A,Robinson,"ROBINSON via Crafton, West End",5,782e0611-a696-4d68-8c21-2d0de5dcf6eb,11438.9
29S,29,A,Robinson,"ROBINSON via Crafton, West End",6,01ae1132-db25-4b77-8c83-c9e67e8a1887,6095.7
29S,29,A,Robinson,"ROBINSON via Crafton, West End",7,30287615-00ba-4ddb-8f5a-03f2ba58a18a,9273.7
29S,29,A,Robinson,"ROBINSON via Crafton, West End",8,4fed8778-c3b5-4d8f-93fd-55bb6a114073,13336.9
29S,29,A,Robinson,"ROBINSON via Crafton, West End",9,a8db9662-d61d-44e5-9d4a-d05d6e73b079,7838.4
29S,29,A,Robinson,"ROBINSON via Crafton, West End",10,60cedd85-dce4-4652-acc9-c070697c0a8e,5612.8
29S,29,A,Robinson,"ROBINSON via Crafton, West End",11,84e2f725-b8b4-4d44-83eb-e212fd3e60f0,10468.7
29S,29,A,Robinson,"ROBINSON via Crafton, West End",12,cae0785c-72f5-4041-a11f-5dd2f52d6e17,5407.1
29S,29,A,Robinson,"ROBINSON via Crafton, West End",13,ed077422-55e6-49d1-9a50-37c0be832534,19525.7
29S,29,A,Robinson,"ROBINSON via Crafton, West End",14,ad8d32d0-3109-4a8e-943c-c586d80734ae,8613.4
29S,29,A,Robinson,"ROBINSON via Crafton, West End",15,b26718ed-2d37-473b-b41f-2c99f6dbdb2a,5755.5
29S,29,A,Robinson,"ROBINSON via Crafton, West End",16,6c9dcdfb-41c0-43b6-89d0-be5be5b506e5,21346.7
29S,29,A,Robinson,"ROBINSON via Crafton, West End",17,6ae29428-2ce6-4a08-aa75-c75b14047f49,6255.7
29S,29,A,Robinson,"ROBINSON via Crafton, West End",18,80581499-85ac-475e-be78-b3adfbe13956,14696.9
29S,29,A,Robinson,"ROBINSON via Crafton, West End",19,6353c371-f3dc-45da-8df2-8f701b60937e,5054.0
29S,29,A,Robinson,"ROBINSON via Crafton, West End",20,b10111cd-ad73-406b-a7aa-8fb8c2e57863,16968.2
29S,29,A,Robinson,"ROBINSON via Crafton, West End",21,98c62541-2ae5-4e94-9525-edb4455704e4,4567.6
29S,29,A,Robinson,"ROBINSON via Crafton, West End",22,ca6e4f18-03f5-4993-8662-657c9f0ef3a6,2817.7
29S,29,A,Robinson,"ROBINSON via Crafton, West End",23,cf30bdc2-9183-435b-b677-de3632adf47d,756.9
29S,29,A,Robinson,"ROBINSON via Crafton, West End",24,26f5f683-287d-4c68-b2e0-8ad125cbc968,16491.2
29S,29,A,Robinson,"ROBINSON via Crafton, West End",25,4012e939-10a8-457a-8db3-3e17face289e,22177.6
29S,29,A,Robinson,"ROBINSON via Crafton, West End",26,cf1fd36c-e737-4455-b0f7-ecd49b0256ce,18366.8
29S,29,A,Robinson,"ROBINSON via Crafton, West End",27,51cdd7aa-7938-4bf1-a463-302765b57370,10656.3
29S,29,A,Robinson,"ROBINSON via Crafton, West End",28,60cfef17-08a1-4e8a-9a1b-1811fa7c545e,9453.6
29S,29,A,Robinson,"ROBINSON via Crafton, West End",29,b39395da-7bbd-450b-bfc2-1f01b3c6166c,5536.4
29S,29,A,Robinson,"ROBINSON via Crafton, West End",30,b7c1f24f-126e-4963-b4d3-f0137e1bb382,7437.0
29S,29,A,Robinson,"ROBINSON via Crafton, West End",31,3a3bede1-2793-4e41-bc97-38fd554e6d48,17582.2
29S,29,A,Robinson,"ROBINSON via Crafton, West End",32,ee4a7957-0e39-4cac-b51e-455193ed23e8,5219.9
29S,29,A,Robinson,"ROBINSON via Crafton, West End",33,960ad376-3a10-4efa-a7a7-504acdac1273,8373.5
29S,29,A,Robinson,"ROBINSON via Crafton, West End",34,ec927686-1f01-421d-bca2-15f658da86aa,4389.3
29S,29,A,Robinson,"ROBINSON via Crafton, West End",35,98316dd6-615a-4d4d-b8d2-4064be26d3eb,18104.0
29S,29,A,Robinson,"ROBINSON via Crafton, West End",36,c7c1ddfc-90ab-44a0-b9f0-a9fc77311d06,7589.3
29S,29,A,Robinson,"ROBINSON via Crafton, West End",37,5ec03922-e241-4afe-b90a-d2a10b7529be,15989.0
29S,29,A,Robinson,"ROBINSON via Crafton, West End",38,44dd786d-088a-4bcf-8d7d-e60e8060641d,20697.6
29S,29,A,Robinson,"ROBINSON via Crafton, West End",39,4dae42a7-42d7-475f-8f18-793b00ae2ea3,19097.2
29S,29,A,Robinson,"ROBINSON via Crafton, West End",40,75cf59a2-9062-462b-81e4-873c78f17802,958.8
29S,29,A,Robinson,"ROBINSON via Crafton, West End",41,88fc14b0-53ab-44c3-b11f-88fe76865021,14451.9
29S,29,A,Robinson,"ROBINSON via Crafton, West End",42,11828ca8-b7af-4f0c-8ef6-4494417ec6b5,12328.1
29S,29,A,Robinson,"ROBINSON via Crafton, West End",43,12984bb0-5c5f-4e76-af27-3a8f52ff9018,17216.6
29S,29,A,Robinson,"ROBINSON via Crafton, West End",44,e722c6da-e12c-4c52-8e7e-74455089bc52,4755.4
29S,29,A,Robinson,"ROBINSON via Crafton, West End",45,bc312b46-8375-41f3-b04d-cb4f7e4de087,3227.6
29S,29,A,Robinson,"ROBINSON via Crafton, West End",46,ff44d5de-d471-44c4-99fd-e7c5b0a36904,8238.7
29S,29,A,Robinson,"ROBINSON via Crafton, West End",47,bde67bdd-15c3-4b35-a051-f1a0b4b6a29c,8903.9
29S,29,A,Robinson,"ROBINSON via Crafton, West End",48,2e9b9869-eaf0-45dc-8433-f692243b4c1c,16226.8
29S,29,A,Robinson,"ROBINSON via Crafton, West End",49,52430752-470a-4c6c-b47f-d40bdcaa2154,415.7
29S,29,A,Robinson,"ROBINSON via Crafton, West End",50,cdf1ddea-5990-4270-b9cd-e8e4754a5602,7176.2
29S,29,A,Robinson,"ROBINSON via Crafton, West End",51,eaa92887-83eb-42e4-8a87-b108ffa0fd3a,6752.5
29S,29,A,Robinson,"ROBINSON via Crafton, West End",52,f0be7575-0c13-4b0a-81eb-e5bc9defe69c,8022.0
29S,29,A,Robinson,"ROBINSON via Crafton, West End",53,fcc37957-1be6-4167-a99c-2b62b9d8fc63,8744.5
29S,29,A,Robinson,"ROBINSON via Crafton, West End",54,83df16f8-8e0b-48f0-9cf6-7cec6c449495,14954.8
29S,29,A,Robinson,"ROBINSON via Crafton, West End",55,d621b670-503c-4f18-abe7-93b5e0bd9477,18652.3
29S,29,A,Robinson,"ROBINSON via Crafton, West End",56,7e0fd916-a82d-40d0-ac2a-7168d4838f6f,17713.5
29S,29,A,Robinson,"ROBINSON via Crafton, West End",57,b916eed0-5518-430d-9b45-74cbc87eb1cf,15549.1
29S,29,A,Robinson,"ROBINSON via Crafton, West End",58,d166650b-dc1f-4f14-b98f-7cfb871164e9,21665.0
29S,29,A,Robinson,"ROBINSON via Crafton, West End",59,305e12af-64b0-4ac6-ac4c-428c1dc9fd9c,2.4
29S,29,A,Robinson,"ROBINSON via Crafton, West End",60,31717011-87cc-492d-8070-3d30ecd95ece,20327.9
36L,36L,A,Downtown,DOWNTOWN,1,0646498e-665a-45b8-bb5b-208fb9ff26c3,552.9
36L,36L,A,Downtown,DOWNTOWN,2,60e77f24-f894-4111-9543-ef7379d0674b,2582.8
36L,36L,A,Downtown,DOWNTOWN,3,d580e839-e036-427e-9247-d139994eb55a,2331.5
36L,36L,A,Downtown,DOWNTOWN,4,3a038561-63a1-4cf2-a0f1-e4ebfb65fc23,3765.8
36L,36L,A,Downtown,DOWNTOWN,5,c2e200f6-eb95-482f-b72a-7b06b67093e9,0
36L,36L,A,Downtown,DOWNTOWN,6,2ab5155b-591f-445b-856c-ecf1ddd38c6e,4253.2
36L,36L,A,Downtown,DOWNTOWN,7,34cf6789-8e2f-4fc4-a953-a860f34e5e05,9901.3
36L,36L,A,Downtown,DOWNTOWN,8,1424e830-3873-4f22-9e51-c2c03f72a6f2,5273.4
36L,36L,A,Downtown,DOWNTOWN,9,07c37c51-0160-42d0-9558-6eae2f2d3b45,5712.1
36L,36L,A,Downtown,DOWNTOWN,10,c23f9d11-d6f2-4f9b-aaf7-e4d3a3f4128e,6288.8
36L,36L,A,Downtown,DOWNTOWN,11,9102346c-f5ff-4f5d-b428-3ee28ad63016,1915.9
36L,36L,A,Downtown,DOWNTOWN,12,37c462e9-6082-4b1b-a96a-3c4ca9ff69c2,3374.4
36L,36L,A,Downtown,DOWNTOWN,13,a86b3c17-c83e-4d21-8efb-52bb3de06db4,10183.6
36L,36L,A,Downtown,DOWNTOWN,14,4fa0ea10-dd8c-48dc-9781-72f719fcded8,1539.2
36L,36L,A,Downtown,DOWNTOWN,15,d335b806-fd37-49a3-a669-c4782d271779,6067.8
36L,36L,A,Downtown,DOWNTOWN,16,f51eaf2c-fa27-4306-97a6-38ed2ccd3756,5384.7
36L,36L,A,Downtown,DOWNTOWN,17,c54aec51-74ca-4094-b833-5527b432880e,10373.6
36L,36L,A,Downtown,DOWNTOWN,18,e65505da-e6b6-4c16-b952-d76160bcfdd4,803.4
36L,36L,A,Downtown,DOWNTOWN,19,3b79413d-facf-42ef-ac9a-178ae4d20359,10093.4
36L,36L,A,Downtown,DOWNTOWN,20,e48b313c-4901-4bda-b708-d67d994143c5,4940.5
36L,36L,A,Downtown,DOWNTOWN,21,ad02df03-6d86-41f4-b85d-90ab4fe4d8a6,2155.7
36L,36L,A,Downtown,DOWNTOWN,22,8f1aa59d-833c-4cfb-8b7f-99d8efd25c9c,1097.0
36L,36L,A,Downtown,DOWNTOWN,23,bc64e79a-4915-48db-97ba-1cdfad25e0fd,3256.5
36L,36L,A,Downtown,DOWNTOWN,24,88cb0c11-0652-4ecc-a703-d6bbd0a475aa,2871.4
36L,36L,A,Downtown,DOWNTOWN,25,f59fd5b2-dbb0-4ea6-8fb3-ec6858f1d031,1377.7
36L,36L,A,Downtown,DOWNTOWN,26,4e87d805-70dd-4d5d-ba54-818138bfd566,258.8
36L,36L,A,Downtown,DOWNTOWN,27,518eff9b-207d-481a-b047-006b93ba566d,1740.0
36L,36L,A,Mt. Lebanon,MT LEBANON via Banksville Rd,1,de0bd677-a9d0-4efc-8f85-720e2d673a45,7313.5
36L,36L,A,Mt. Lebanon,MT LEBANON via Banksville Rd,2,43ab8535-f80f-42eb-8318-c3ee5adf7d68,8701.9
36L,36L,A,Mt. Lebanon,MT LEBANON via Banksville Rd,3,bfd6595d-f66a-4e44-b017-3bb3726f3007,5498.2
36L,36L,A,Mt. Lebanon,MT LEBANON via Banksville Rd,4,1e3c3017-3740-48a4-a2b4-27aeb758ac68,8006.1
36L,36L,A,Mt. Lebanon,MT LEBANON via Banksville Rd,5,c2e200f6-eb95-482f-b72a-7b06b67093e9,10508.0
36L,36L,A,Mt. Lebanon,MT LEBANON via Banksville Rd,6,2548957e-3c70-496c-b2e3-a5f3b088f0d7,8918.0
36L,36L,A,Mt. Lebanon,MT LEBANON via Banksville Rd,7,0e31619b-7cf8-4f96-b122-d9c1e4d3a5b2,8302.6
36L,36L,A,Mt. Lebanon,MT LEBANON via Banksville Rd,8,e7004533-cef1-4202-b62c-5c37f02570f5,9676.7
36L,36L,A,Mt. Lebanon,MT LEBANON via Banksville Rd,9,ad004426-69f1-417c-a644-5aa0f43e2fc0,6183.4
36L,36L,A,Mt. Lebanon,MT LEBANON via Banksville Rd,10,e45d5dd2-2bf5-45d9-833e-1f69f9fa29a8,7564.8
36L,36L,A,Mt. Lebanon,MT LEBANON via Banksville Rd,11,930c2419-9b60-4ab7-82d1-10cdef8e9be9,7138.4
36L,36L,A,Mt. Lebanon,MT LEBANON via Banksville Rd,12,18a2f369-cc25-4803-8324-0e01521d7ae1,9904.9
36L,36L,A,Mt. Lebanon,MT LEBANON via Banksville Rd,13,6125015c-cdcf-4680-8e27-08bb425e1364,4150.3
36L,36L,A,Mt. Lebanon,MT LEBANON via Banksville Rd,14,c473497a-5d65-4faf-be75-fb1120d00467,7850.0
36L,36L,A,Mt. Lebanon,MT LEBANON via Banksville Rd,15,0ae7b16b-469e-4fbb-96f6-17a9d130eb48,5167.8
36L,36L,A,Mt. Lebanon,MT LEBANON via Banksville Rd,16,6e8ecae0-ad0d-41f7-9550-feddde1a7a0b,4411.8
36L,36L,A,Mt. Lebanon,MT LEBANON via Banksville Rd,17,9e91be4a-bb30-4d4d-8d1b-5af509c87898,9041.0
36L,36L,A,Mt. Lebanon,MT LEBANON via Banksville Rd,18,67ddcba2-89be-49ce-9d33-194b63180de0,6697.6
36L,36L,A,Mt. Lebanon,MT LEBANON via Banksville Rd,19,9fcbcb69-6abf-4b31-867e-826c137dc27d,10279.8
36L,36L,A,Mt. Lebanon,MT LEBANON via Banksville Rd,20,c54aec51-74ca-4094-b833-5527b432880e,0
36L,36L,A,Mt. Lebanon,MT LEBANON via Banksville Rd,21,606e4b3f-8a99-4e5d-a688-62e825c626dd,8522.6
36L,36L,A,Mt. Lebanon,MT LEBANON via Banksville Rd,22,4f34ecf6-bbb1-4f68-875f-07059073e921,9317.5
24,24,A,Downtown,DOWNTOWN via West Park,1,9274e430-a876-4d6a-b036-e737a19f22a8,6201.6
24,24,A,Downtown,DOWNTOWN via West Park,2,a7c45a68-e19d-4055-8c5e-e15bb38676d2,11973.4
24,24,A,Downtown,DOWNTOWN via West Park,3,3ad02064-65ec-4196-8601-92cf2de8ffd0,16227.0
24,24,A,Downtown,DOWNTOWN via West Park,4,bde39404-b051-4006-8273-c56216173d5b,19419.3
24,24,A,Downtown,DOWNTOWN via West Park,5,c7cbf1c2-c316-4712-af75-aad5f52fa780,7012.2
24,24,A,Downtown,DOWNTOWN via West Park,6,9dd30881-7000-4b84-b1c3-452881013cf5,19178.6
24,24,A,Downtown,DOWNTOWN via West Park,7,a69fa0f9-00a4-4051-85b0-f6a8dd967031,19695.1
24,24,A,Downtown,DOWNTOWN via West Park,8,096dbb93-8fe6-4803-a93f-c5569f04988c,12744.2
24,24,A,Downtown,DOWNTOWN via West Park,9,a74a3e69-7c9f-4d9c-87d8-e9546d056df5,4872.7
24,24,A,Downtown,DOWNTOWN via West Park,10,d7fe18e3-da18-44bf-b519-65b2890a450e,25076.3
24,24,A,Downtown,DOWNTOWN via West Park,11,62125412-583e-4eb8-9c56-5b5976de1804,19848.3
24,24,A,Downtown,DOWNTOWN via West Park,12,257f987d-45cd-4320-bbb7-2fa7088df7de,5446.0
24,24,A,Downtown,DOWNTOWN via West Park,13,71ad0e44-e765-4336-8eea-4305f5d6ef75,17733.5
24,24,A,Downtown,DOWNTOWN via West Park,14,5fa0d923-ca67-40ca-a44a-b8e04ccec5db,15868.5
24,24,A,Downtown,DOWNTOWN via West Park,15,e2395a59-550b-4a10-9108-960b1cd4f053,3864.6
24,24,A,Downtown,DOWNTOWN via West Park,16,5a68dec0-5575-42bd-a5c0-222f5dd3faf2,3516.7
24,24,A,Downtown,DOWNTOWN via West Park,17,c13d3ff0-b42a-41d7-986e-b8b297dcc917,8027.1
24,24,A,Downtown,DOWNTOWN via West Park,18,bc8b6ab1-04ca-45f6-9da9-fcd28bf859eb,4126.8
24,24,A,Downtown,DOWNTOWN via West Park,19,4f774bd5-afc5-4093-88e7-8c92d47ad436,18197.3
24,24,A,Downtown,DOWNTOWN via West Park,20,6b0ebe69-e4f9-415d-a62d-c9a2ff14ed3e,25805.7
24,24,A,Downtown,DOWNTOWN via West Park,21,fad10b57-bdba-4551-ac67-aa931cb44933,20940.5
24,24,A,Downtown,DOWNTOWN via West Park,22,960683ec-0350-4b6f-80d1-f4d0f09f4c62,18801.9
24,24,A,Downtown,DOWNTOWN via West Park,23,e54c7462-2c08-448c-99e5-6d4cc7b8a1d3,23358.6
24,24,A,Downtown,DOWNTOWN via West Park,24,4fc46491-5fcd-4c1b-b956-a844e4cf0c0c,4300.7
24,24,A,Downtown,DOWNTOWN via West Park,25,d9eed010-6500-4b15-b091-ee76e5717bed,17324.8
24,24,A,Downtown,DOWNTOWN via West Park,26,187130b8-f356-426e-9a11-5deb680665b3,24583.8
24,24,A,Downtown,DOWNTOWN via West Park,27,90c34161-32ca-4fda-918f-f8b7661949ec,801.7
24,24,A,Downtown,DOWNTOWN via West Park,28,5e9bb250-5751-40f3-a22b-01f9d0ddbe23,25311.4
24,24,A,Downtown,DOWNTOWN via West Park,29,3b2bcfa7-26f2-46e8-86ce-1a696d5de2a1,9684.6
24,24,A,Downtown,DOWNTOWN via West Park,30,df90c244-84c9-4eb4-9b8b-a0ca2059a321,6414.1
24,24,A,Downtown,DOWNTOWN via West Park,31,077b9746-cc29-4287-a4d6-fe72416ec692,16421.1
24,24,A,Downtown,DOWNTOWN via West Park,32,aa4836af-a5e1-4cf3-b706-5cbc6ee9f25f,14927.7
24,24,A,Downtown,DOWNTOWN via West Park,33,544c0093-52e3-452a-a1c3-cdf2e8705bb9,16321.0
24,24,A,Downtown,DOWNTOWN via West Park,34,eb96b950-8e97-48bc-810e-431f023d2e79,14687.2
24,24,A,Downtown,DOWNTOWN via West Park,35,87a9ade1-f5ef-4b54-9da6-72e1584c5683,20745.5
24,24,A,Downtown,DOWNTOWN via West Park,36,0f20d099-2001-41d9-bebe-e348eca8a33f,24767.8
24,24,A,Downtown,DOWNTOWN via West Park,37,762aea7b-4f57-42fc-8752-e1e18b1d9dac,8532.1
24,24,A,Downtown,DOWNTOWN via West Park,38,6b858e6b-6e59-45e5-9c58-e4f6915755c6,1473.7
24,24,A,Downtown,DOWNTOWN via West Park,39,297f2cdb-9476-488f-8669-ba93f4f7eaee,11079.8
24,24,A,Downtown,DOWNTOWN via West Park,40,56405429-566d-4ff8-8482-adc9802567e3,22938.8
24,24,A,Downtown,DOWNTOWN via West Park,41,a42ca891-75ee-4f97-a42e-0147392d349f,18951.2
24,24,A,Downtown,DOWNTOWN via West Park,42,5e43f1ad-2ca5-4a26-995c-4531e0062755,2579.3
24,24,A,Downtown,DOWNTOWN via West Park,43,4012e939-10a8-457a-8db3-3e17face289e,3.8
24,24,A,Downtown,DOWNTOWN via West Park,44,ed3c49ed-d939-4114-bf9d-e5a4196c23a8,1846.0
24,24,A,Downtown,DOWNTOWN via West Park,45,8a7282c8-b2cf-40c4-8cf5-809fac7d82d6,14407.3
24,24,A,Downtown,DOWNTOWN via West Park,46,2a983257-521f-4ac1-9e3c-ee3b92afc748,1241.3
24,24,A,Downtown,DOWNTOWN via West Park,47,e8bb1725-8631-48e0-b603-0022ebfe0a81,17949.9
24,24,A,Downtown,DOWNTOWN via West Park,48,fe37b259-73a9-4f6e-9dd2-0198ee9b49d0,12385.6
24,24,A,Downtown,DOWNTOWN via West Park,49,a0349fd3-1c63-44d6-990a-d8eac7504a00,9477.9
24,24,A,Downtown,DOWNTOWN via West Park,50,f3de864d-398f-4014-8155-aad91452fb53,17510.5
24,24,A,Downtown,DOWNTOWN via West Park,51,0af9a5cf-1478-4736-bd8c-5862a37cff4e,4665.2
24,24,A,Downtown,DOWNTOWN via West Park,52,7ab4b157-dc1d-4558-beb9-3b87e8cb4b60,14262.9
24,24,A,Downtown,DOWNTOWN via West Park,53,b407fa37-5c35-4874-ad41-2512cffd630f,16742.3
24,24,A,Downtown,DOWNTOWN via West Park,54,0ec2247a-5319-4275-afd0-0ae8a8a8ed12,5942.2
24,24,A,Downtown,DOWNTOWN via West Park,55,0e66ba48-b9de-4330-80ca-3a5670c04dec,17105.0
24,24,A,Downtown,DOWNTOWN via West Park,56,63b58eb5-00ed-495c-98d5-099e681f06ba,13410.6
24,24,A,Downtown,DOWNTOWN via West Park,57,429a3cd2-4328-449d-9bc4-3983c7fc92c6,5194.8
24,24,A,Downtown,DOWNTOWN via West Park,58,cab8bc8a-fba9-4898-93e1-f212e310fab7,16574.7
24,24,A,Downtown,DOWNTOWN via West Park,59,ab68e4bc-2ead-4d80-bcde-bd281320c20f,18357.0
24,24,A,Downtown,DOWNTOWN via West Park,60,ac7970c5-efc5-42c7-a97a-014e3276b7c8,7633.2
24,24,A,Robinson,ROBINSON via West Park,1,cf30bdc2-9183-435b-b677-de3632adf47d,757.0
24,24,A,Robinson,ROBINSON via West Park,2,bafc2c24-39b0-4667-a73e-cec8ed2db1c5,7027.8
24,24,A,Robinson,ROBINSON via West Park,3,096dbb93-8fe6-4803-a93f-c5569f04988c,13016.3
24,24,A,Robinson,ROBINSON via West Park,4,09d0ba24-2b59-4e4a-84da-27aef26362aa,13712.0
24,24,A,Robinson,ROBINSON via West Park,5,15d499ec-d923-4cba-a98d-2a58f81b3083,23896.6
24,24,A,Robinson,ROBINSON via West Park,6,5e43f1ad-2ca5-4a26-995c-4531e0062755,23269.6
24,24,A,Robinson,ROBINSON via West Park,7,ab67f092-22e2-4e5a-84f8-11f094ee3e89,7419.8
24,24,A,Robinson,ROBINSON via West Park,8,6da950d4-8db6-4359-97e3-3e84f1b0e376,8409.0
24,24,A,Robinson,ROBINSON via West Park,9,4012e939-10a8-457a-8db3-3e17face289e,26348.4
24,24,A,Robinson,ROBINSON via West Park,10,374f8c54-d156-4733-9416-d4c5e907b5d4,24186.3
24,24,A,Robinson,ROBINSON via West Park,11,4e2bc85e-7d33-4879-aa64-efabee106669,8172.8
24,24,A,Robinson,ROBINSON via West Park,12,7e0fd916-a82d-40d0-ac2a-7168d4838f6f,21054.1
24,24,A,Robinson,ROBINSON via West Park,13,26f5f683-287d-4c68-b2e0-8ad125cbc968,19831.8
24,24,A,Robinson,ROBINSON via West Park,14,6c9dcdfb-41c0-43b6-89d0-be5be5b506e5,25516.6
24,24,A,Robinson,ROBINSON via West Park,15,fe37b259-73a9-4f6e-9dd2-0198ee9b49d0,12657.6
24,24,A,Robinson,ROBINSON via West Park,16,090f18a4-8ac8-43ef-9ac7-d74ed4cd6d65,11501.5
24,24,A,Robinson,ROBINSON via West Park,17,3a3bede1-2793-4e41-bc97-38fd554e6d48,20922.7
24,24,A,Robinson,ROBINSON via West Park,18,b10111cd-ad73-406b-a7aa-8fb8c2e57863,20308.8
24,24,A,Robinson,ROBINSON via West Park,19,98316dd6-615a-4d4d-b8d2-4064be26d3eb,21444.6
24,24,A,Robinson,ROBINSON via West Park,20,c4522713-de60-418f-a8a8-2c34c9eb61ed,7258.3
24,24,A,Robinson,ROBINSON via West Park,21,a6a77ce4-84b2-480d-8e5f-c4ed787b5c9b,10153.2
24,24,A,Robinson,ROBINSON via West Park,22,9104f38a-aba9-4003-a0b4-0350449a032b,17726.8
24,24,A,Robinson,ROBINSON via West Park,23,27a24374-c35a-4db1-848d-563c5c773277,8673.2
24,24,A,Robinson,ROBINSON via West Park,24,bc312b46-8375-41f3-b04d-cb4f7e4de087,3223.8
24,24,A,Robinson,ROBINSON via West Park,25,08ab765b-771f-48a7-a10c-795cf5867a59,12336.3
24,24,A,Robinson,ROBINSON via West Park,26,16e699d6-4004-4fa7-94f8-049b12016ff8,9778.4
24,24,A,Robinson,ROBINSON via West Park,27,ec532ad0-687b-48d0-a4cb-a7b50a85651f,7819.8
24,24,A,Robinson,ROBINSON via West Park,28,0ad2b965-649d-474c-834d-3c7b82a1d45b,17191.0
24,24,A,Robinson,ROBINSON via West Park,29,77f37a34-cb30-44ba-8bbe-2f25607a1ad3,14632.1
24,24,A,Robinson,ROBINSON via West Park,30,52430752-470a-4c6c-b47f-d40bdcaa2154,413.0
24,24,A,Robinson,ROBINSON via West Park,31,be6e5528-82ea-4669-9b83-73c9a0a55791,9451.2
24,24,A,Robinson,ROBINSON via West Park,32,808d3d28-9bf6-4a5a-9cdd-a39f736cf664,24448.3
24,24,A,Robinson,ROBINSON via West Park,33,75cf59a2-9062-462b-81e4-873c78f17802,956.3
24,24,A,Robinson,ROBINSON via West Park,34,ca6e4f18-03f5-4993-8662-657c9f0ef3a6,2814.0
24,24,A,Robinson,ROBINSON via West Park,35,13d3fc1a-8b9c-4424-bdb0-5013f4453d65,16036.2
24,24,A,Robinson,ROBINSON via West Park,36,c47c95c9-754c-4c1a-8288-ee696b299f5b,12003.9
24,24,A,Robinson,ROBINSON via West Park,37,32dd60f3-1877-432f-bfb9-0f9be2a52a68,11812.0
24,24,A,Robinson,ROBINSON via West Park,38,cf1fd36c-e737-4455-b0f7-ecd49b0256ce,21707.4
24,24,A,Robinson,ROBINSON via West Park,39,305e12af-64b0-4ac6-ac4c-428c1dc9fd9c,0.5
24,24,A,Robinson,ROBINSON via West Park,40,ff312839-860e-4a6f-b5ea-71fcf01866f7,16280.4
24,24,A,Robinson,ROBINSON via West Park,41,af2aa7c8-8ceb-43fb-936f-aa5150f465fe,9091.1
24,24,A,Robinson,ROBINSON via West Park,42,2e9b9869-eaf0-45dc-8433-f692243b4c1c,19567.4
24,24,A,Robinson,ROBINSON via West Park,43,8bf97a74-66dd-4be0-b8e2-02a7698d18d5,18734.9
24,24,A,Robinson,ROBINSON via West Park,44,a7b4d439-91d7-49b7-9262-9e4ad000ca10,8836.9
24,24,A,Robinson,ROBINSON via West Park,45,5ec03922-e241-4afe-b90a-d2a10b7529be,19329.6
24,24,A,Robinson,ROBINSON via West Park,46,09271d4f-6a16-497d-adf2-5ebaaf8e08ed,3951.4
24,24,A,Robinson,ROBINSON via West Park,47,d621b670-503c-4f18-abe7-93b5e0bd9477,21992.9
24,24,A,Robinson,ROBINSON via West Park,48,8fa64550-3d2d-484a-a753-96346cdcc980,9860.8
24,24,A,Robinson,ROBINSON via West Park,49,12984bb0-5c5f-4e76-af27-3a8f52ff9018,20557.2
24,24,A,Robinson,ROBINSON via West Park,50,25e1a6ea-b533-4c1b-ac60-e71b54eef19f,9944.1
24,24,A,Robinson,ROBINSON via West Park,51,d166650b-dc1f-4f14-b98f-7cfb871164e9,25834.8
24,24,A,Robinson,ROBINSON via West Park,52,a79f6845-ef90-47e9-8945-1598833d4bf7,7984.7
24,24,A,Robinson,ROBINSON via West Park,53,9c5a28fe-d6f2-4831-9e00-d9a44a6aaeac,4933.9
24,24,A,Robinson,ROBINSON via West Park,54,1f7da087-f820-49bc-b9d9-9873c92ffb61,9615.0
24,24,A,Robinson,ROBINSON via West Park,55,390a4443-1be1-4e45-967c-4d408e67c353,18133.7
24,24,A,Robinson,ROBINSON via West Park,56,4dae42a7-42d7-475f-8f18-793b00ae2ea3,22437.7
24,24,A,Robinson,ROBINSON via West Park,57,c54aec51-74ca-4094-b833-5527b432880e,1235.2
14,14,A,Downtown,DOWNTOWN via Ohio River Bl,1,f67127b7-d24a-40c6-8b3e-be06606e0ac2,20125.0
14,14,A,Downtown,DOWNTOWN via Ohio River Bl,2,4bbb3bf5-83ed-496c-9ac1-62b28cdbdad6,6720.6
14,14,A,Downtown,DOWNTOWN via Ohio River Bl,3,e80bad18-171a-49e1-97fa-54a9034f8eb9,663.2
14,14,A,Downtown,DOWNTOWN via Ohio River Bl,4,155acd46-e728-49de-af23-1ec16adde3b7,16034.8
14,14,A,Downtown,DOWNTOWN via Ohio River Bl,5,2c0b1cca-2aa8-4a90-94e3-4434233cbb08,3867.3
14,14,A,Downtown,DOWNTOWN via Ohio River Bl,6,a094be32-af9a-4d73-a414-155e17ccdddd,5446.1
14,14,A,Downtown,DOWNTOWN via Ohio River Bl,7,dc4578f9-606e-4320-918c-4d4d4227ef45,19514.2
14,14,A,Downtown,DOWNTOWN via Ohio River Bl,8,df183069-1d49-45bc-a909-57391cb04c2a,4729.7
14,14,A,Downtown,DOWNTOWN via Ohio River Bl,9,eaac9643-f242-4411-bdf7-7a2b5c8720d0,19974.0
14,14,A,Downtown,DOWNTOWN via Ohio River Bl,10,0a0a31a9-88df-4795-9efb-99d3a711259a,7023.0
14,14,A,Downtown,DOWNTOWN via Ohio River Bl,11,5eed17ec-2833-4d9e-8873-71f1b0baea07,10170.3
14,14,A,Downtown,DOWNTOWN via Ohio River Bl,12,01bf2277-e3eb-40f4-8340-2d4823479034,9878.7
14,14,A,Downtown,DOWNTOWN via Ohio River Bl,13,ca680ce9-9854-4c2f-be2c-d7c8e7ac8759,22561.7
14,14,A,Downtown,DOWNTOWN via Ohio River Bl,14,293f5e38-c983-42dc-9e7d-80126023ecc9,15531.8
14,14,A,Downtown,DOWNTOWN via Ohio River Bl,15,4e4b5b44-adec-432e-9604-86ab23d85735,12767.1
14,14,A,Downtown,DOWNTOWN via Ohio River Bl,16,e8adb1d7-a370-45fe-8300-54a9743984c1,23716.3
14,14,A,Downtown,DOWNTOWN via Ohio River Bl,17,12f92f32-ce66-43a9-a2da-2f1ba3783fc6,24775.9
14,14,A,Downtown,DOWNTOWN via Ohio River Bl,18,fc0041a7-f798-4395-a361-5faa8768abb5,29231.9
14,14,A,Downtown,DOWNTOWN via Ohio River Bl,19,877814a2-3251-4828-82c8-930e5f8eabdb,2262.5
14,14,A,Downtown,DOWNTOWN via Ohio River Bl,20,716eb073-d6e4-4b90-a020-922119290318,9169.0
14,14,A,Downtown,DOWNTOWN via Ohio River Bl,21,eb3b5197-1d7f-4460-ad31-23c25b4bf020,1394.7
14,14,A,Downtown,DOWNTOWN via Ohio River Bl,22,d6ca65db-b5f0-45b3-a19e-d378ec38c66f,9909.9
14,14,A,Downtown,DOWNTOWN via Ohio River Bl,23,c4452dd7-777a-472b-aef7-cd3797e6b6ac,6322.0
14,14,A,Downtown,DOWNTOWN via Ohio River Bl,24,bff31305-d4e2-4b57-9e47-b2a87dd567e1,24024.8
14,14,A,Downtown,DOWNTOWN via Ohio River Bl,25,ad538455-95e4-49a7-a52c-64cecefdccd3,27393.7
14,14,A,Downtown,DOWNTOWN via Ohio River Bl,26,1fac95e7-e115-4d29-9248-a281c0ae2933,7621.7
14,14,A,Downtown,DOWNTOWN via Ohio River Bl,27,0c571a7f-aa56-43df-9c18-0faac25e366c,16369.9
14,14,A,Downtown,DOWNTOWN via Ohio River Bl,28,ee1c99eb-6ef6-4fa8-8131-d7918595b685,30007.4
14,14,A,Downtown,DOWNTOWN via Ohio River Bl,29,7a812bb5-292a-41e6-90a5-513d47c80029,3400.1
14,14,A,Downtown,DOWNTOWN via Ohio River Bl,30,b786c511-33cf-475c-a0ce-caeba633b848,1031.4
14,14,A,Downtown,DOWNTOWN via Ohio River Bl,31,4ad592d6-afc3-4133-a022-42fc5bdc1ef2,8512.0
14,14,A,Downtown,DOWNTOWN via Ohio River Bl,32,3737eda0-c9bf-4f1f-9108-7a0bcdbca1e3,15697.7
14,14,A,Downtown,DOWNTOWN via Ohio River Bl,33,748da5fd-ad9f-45a5-9b21-4d949b3a025a,18541.1
14,14,A,Downtown,DOWNTOWN via Ohio River Bl,34,e0e55bf1-6894-4bfb-85c1-d791194fe37c,27008.9
14,14,A,Downtown,DOWNTOWN via Ohio River Bl,35,32cd7e69-b037-4241-923e-8b593e7c8f0e,24200.9
14,14,A,Downtown,DOWNTOWN via Ohio River Bl,36,93e1b805-8115-4f9d-8525-6130595a5953,26155.7
14,14,A,Downtown,DOWNTOWN via Ohio River Bl,37,7bee26b1-3729-4d70-af07-575074807c57,24445.9
14,14,A,Downtown,DOWNTOWN via Ohio River Bl,38,ad8c328f-90a1-413e-a0d5-39ebb00edcf3,9510.6
14,14,A,Downtown,DOWNTOWN via Ohio River Bl,39,eaae3cae-1f08-46d1-b51c-64d4050442f7,8677.2
14,14,A,Downtown,DOWNTOWN via Ohio River Bl,40,ae3c2545-2542-4c7d-8d9b-e9336fa5f0af,3106.7
14,14,A,Downtown,DOWNTOWN via Ohio River Bl,41,c4f978ec-c61f-4ea7-a969-2b59cb6dea2c,8090.8
14,14,A,Downtown,DOWNTOWN via Ohio River Bl,42,f1bdc187-5ba8-40cd-bc65-c66a2369d10a,22094.3
14,14,A,Downtown,DOWNTOWN via Ohio River Bl,43,fc1028e6-1a60-45b8-8113-b4e4a28d0f8e,8857.1
14,14,A,Downtown,DOWNTOWN via Ohio River Bl,44,6f21e149-b3da-475b-9b18-ab7e42d65c78,26602.4
14,14,A,Downtown,DOWNTOWN via Ohio River Bl,45,9b8dc29c-3de4-4c4f-8f3f-8bed4e04f2b7,23017.0
14,14,A,Downtown,DOWNTOWN via Ohio River Bl,46,3a92e522-76a0-499c-8fc6-e7a0448ed685,5051.1
14,14,A,Downtown,DOWNTOWN via Ohio River Bl,47,395d58e8-da18-4b9f-99f9-897a5653c71e,25286.1
14,14,A,Downtown,DOWNTOWN via Ohio River Bl,48,ed7de8ea-5750-40d8-930c-17402f9df977,17901.2
14,14,A,Downtown,DOWNTOWN via Ohio River Bl,49,0ee2e89e-3b41-4c7f-b0df-90782e2e926a,28758.4
14,14,A,Downtown,DOWNTOWN via Ohio River Bl,50,7da41aea-873e-44d3-ae1b-060766fd00a8,29381.9
14,14,A,Downtown,DOWNTOWN via Ohio River Bl,51,211f18e7-e458-453d-be5c-7d7b0ed347a3,19162.1
14,14,A,Downtown,DOWNTOWN via Ohio River Bl,52,3c34f001-04b9-4589-885f-f1ef1ad4b599,1623.2
14,14,A,Downtown,DOWNTOWN via Ohio River Bl,53,0fe1d48f-bde7-438c-a98f-ae2d21593757,6516.9
14,14,A,Downtown,DOWNTOWN via Ohio River Bl,54,6427e7e5-6818-4098-b842-ee861bf7bdf3,22774.3
14,14,A,Downtown,DOWNTOWN via Ohio River Bl,55,e0a1b3e7-1056-4a99-9b8e-334e7da20fa0,25826.6
14,14,A,Downtown,DOWNTOWN via Ohio River Bl,56,bd82dd07-9b5e-4fe2-a623-5650c93cfd9f,1940.1
14,14,A,Downtown,DOWNTOWN via Ohio River Bl,57,85624f05-c82c-4b7a-b563-641cad857409,26853.7
14,14,A,Downtown,DOWNTOWN via Ohio River Bl,58,13d2a987-bfab-4a72-92d9-bf8dd286a060,30275.3
14,14,A,Downtown,DOWNTOWN via Ohio River Bl,59,f10b558b-ca19-4efc-a69e-abdea74b4809,17370.7
14,14,A,Downtown,DOWNTOWN via Ohio River Bl,60,41fc62ab-9a8f-45a5-9919-e9df45e92037,18107.1
14,14,A,Downtown,DOWNTOWN via Ohio River Bl,61,8280def7-6421-45b3-940b-4d2097e13a63,1875.5
14,14,A,Downtown,DOWNTOWN via Ohio River Bl,62,3556fcc5-7771-4c18-bcbc-f471354025d5,3663.7
14,14,A,Downtown,DOWNTOWN via Ohio River Bl,63,72847cce-01ac-459f-8a3e-57759b638b07,25601.9
14,14,A,Downtown,DOWNTOWN via Ohio River Bl,64,65d0d3ad-ff0a-4548-8076-9ddd939baa4e,25370.3
14,14,A,Downtown,DOWNTOWN via Ohio River Bl,65,61c00537-72dd-4500-b753-8dfe65561a53,26402.9
14,14,A,Downtown,DOWNTOWN via Ohio River Bl,66,210da79c-1d90-48d8-9e56-3b1a9a6f2119,18828.8
14,14,A,Downtown,DOWNTOWN via Ohio River Bl,67,f3820f95-378d-45c9-8400-92de1aae7010,17043.3
14,14,A,Downtown,DOWNTOWN via Ohio River Bl,68,6b0ebe69-e4f9-415d-a62d-c9a2ff14ed3e,30887.0
14,14,A,Downtown,DOWNTOWN via Ohio River Bl,69,00d5df2c-b7ea-44c0-8d29-d310f34cc61b,23246.0
14,14,A,Downtown,DOWNTOWN via Ohio River Bl,70,3eeceba9-01e2-48fe-a724-2cce0ca9880d,29086.8
14,14,A,Downtown,DOWNTOWN via Ohio River Bl,71,7bc027b2-651d-4f26-90a0-f14135544128,28464.6
14,14,A,Downtown,DOWNTOWN via Ohio River Bl,72,4a3a6a01-c9c3-4a5b-9985-24268198625a,8195.4
14,14,A,Downtown,DOWNTOWN via Ohio River Bl,73,1b2871f2-e121-44e0-9dcd-7b6a8639cfe2,27183.6
14,14,A,Downtown,DOWNTOWN via Ohio River Bl,74,6c8f0654-14d6-4b73-adfd-e79d2f07814d,23542.9
14,14,A,Downtown,DOWNTOWN via Ohio River Bl,75,48eb39ad-fee3-4101-83c3-4baf4ab3cfbc,28028.6
14,14,A,Downtown,DOWNTOWN via Ohio River Bl,76,68ce5c79-4fa4-497a-ab94-0aa25251a2ae,24914.5
14,14,A,Downtown,DOWNTOWN via Ohio River Bl,77,e5b9ef91-6d71-45c2-a9f2-0184a4f4f735,26062.8
14,14,A,Downtown,DOWNTOWN via Ohio River Bl,78,c677f48d-43f4-4962-a362-a8a443fbbf61,27298.7
14,14,A,Downtown,DOWNTOWN via Ohio River Bl,79,78f9f890-f28c-4ad2-9248-b1f62272a1de,6099.8
14,14,A,Downtown,DOWNTOWN via Ohio River Bl,80,75bac630-119e-4240-b828-bdce518e20a9,7202.0
14,14,A,Downtown,DOWNTOWN via Ohio River Bl,81,2183128c-2a42-4753-a09a-433befe9cd1c,23874.1
14,14,A,Downtown,DOWNTOWN via Ohio River Bl,82,4d00d99e-d310-48db-9736-162f235c45c6,15229.7
14,14,A,Downtown,DOWNTOWN via Ohio River Bl,83,026ec836-5d57-4d70-a367-ab9a989e1212,7433.8
14,14,A,Downtown,DOWNTOWN via Ohio River Bl,84,83b20a07-921b-45cd-90ad-a8c636b163c3,24591.7
14,14,A,Downtown,DOWNTOWN via Ohio River Bl,85,03357388-499b-4692-bfc8-cb4ef09490fb,18330.6
14,14,A,Downtown,DOWNTOWN via Ohio River Bl,86,344a4a9d-09be-43bf-bdb3-77253374e712,27631.9
14,14,A,Downtown,DOWNTOWN via Ohio River Bl,87,523a1df9-e6da-4e35-bde8-909af6d2c130,4532.8
14,14,A,Downtown,DOWNTOWN via Ohio River Bl,88,e9562bc8-ea99-4fcb-9776-bbc21982118e,4152.8
14,14,A,Downtown,DOWNTOWN via Ohio River Bl,89,825b94bd-614e-484a-9171-967e96b17aee,15418.9
14,14,A,Downtown,DOWNTOWN via Ohio River Bl,90,5fce9e3b-2826-45b6-9ff6-4fab7e530dc6,5302.2
14,14,A,Downtown,DOWNTOWN via Ohio River Bl,91,de285ed2-1ac5-4b3a-8d1e-c3f2c15a71f1,348.2
14,14,A,Downtown,DOWNTOWN via Ohio River Bl,92,124da62a-a586-464a-9d1a-9cd6446f194f,8313.7
14,14,A,Downtown,DOWNTOWN via Ohio River Bl,93,ec3812cf-fbd5-4451-8949-410bd489641d,7856.7
14,14,A,Downtown,DOWNTOWN via Ohio River Bl,94,beae371d-a255-47f2-9f7c-fcd471f19f80,4306.4
14,14,A,Downtown,DOWNTOWN via Ohio River Bl,95,3c07d1c1-0a82-4950-9187-a54fa5459383,27809.1
14,14,A,Downtown,DOWNTOWN via Ohio River Bl,96,1483c8e4-35bf-4253-92c7-772fcb3e2a28,20387.5
14,14,A,Downtown,DOWNTOWN via Ohio River Bl,97,88d1767e-7ba1-4c69-b51e-2abb33d1dee6,30518.5
14,14,A,Downtown,DOWNTOWN via Ohio River Bl,98,6a2d83fa-4caf-44c0-b3d5-fb73d743a5fd,0
14,14,A,Downtown,DOWNTOWN via Ohio River Bl,99,e47dd97c-6371-4711-9857-deb73a8e3ec0,4935.6
14,14,A,Ambridge,AMBRIDGE via Ohio River Bl,1,ed362234-6c35-4b4b-a85e-ee4cb25fa470,3537.5
14,14,A,Ambridge,AMBRIDGE via Ohio River Bl,2,2bbb43a2-b766-447a-8502-5db717d55331,23936.1
14,14,A,Ambridge,AMBRIDGE via Ohio River Bl,3,3282ed1c-40f4-449a-8a44-c3f516d0d5d6,4888.5
14,14,A,Ambridge,AMBRIDGE via Ohio River Bl,4,8740c2dd-ca3c-423e-86ae-acadd0630372,8442.1
14,14,A,Ambridge,AMBRIDGE via Ohio River Bl,5,961eb547-b8c2-4437-860a-8ea8b97c4f31,21745.9
14,14,A,Ambridge,AMBRIDGE via Ohio River Bl,6,160d41c5-1eb1-47b4-85eb-34e100d5224a,2623.6
14,14,A,Ambridge,AMBRIDGE via Ohio River Bl,7,5d825a6b-ee4c-4e3d-aeac-a2697b64ec07,12998.0
14,14,A,Ambridge,AMBRIDGE via Ohio River Bl,8,52430752-470a-4c6c-b47f-d40bdcaa2154,414.7
14,14,A,Ambridge,AMBRIDGE via Ohio River Bl,9,5cbf8b2b-77ac-42f5-9d5d-8157e0638742,26586.4
14,14,A,Ambridge,AMBRIDGE via Ohio River Bl,10,975af934-d60d-4155-89b1-43b6066381b1,27266.6
14,14,A,Ambridge,AMBRIDGE via Ohio River Bl,11,45c52e08-3546-4897-a654-4c8bcb8f90fd,6793.4
14,14,A,Ambridge,AMBRIDGE via Ohio River Bl,12,1ea7d15f-e639-4ac9-9cbc-11b0bf44a0a4,14592.0
14,14,A,Ambridge,AMBRIDGE via Ohio River Bl,13,16135972-b173-4c36-8aae-748edd3577bf,9374.5
14,14,A,Ambridge,AMBRIDGE via Ohio River Bl,14,a258956e-633c-4a0c-9605-0672f23dd54f,24231.3
14,14,A,Ambridge,AMBRIDGE via Ohio River Bl,15,f25e8771-15cb-4438-87a9-db1a8615595d,29288.3
14,14,A,Ambridge,AMBRIDGE via Ohio River Bl,16,ac667e93-7525-4fe4-a4f9-bb8745f43168,5655.6
14,14,A,Ambridge,AMBRIDGE via Ohio River Bl,17,08e8779e-6a07-4047-a8fa-7c0f72919cff,12395.7
14,14,A,Ambridge,AMBRIDGE via Ohio River Bl,18,f9d0e947-8e09-4190-a19e-c034a5f0b588,21421.5
14,14,A,Ambridge,AMBRIDGE via Ohio River Bl,19,c99aee3a-84f1-4045-9c94-67a62d44728d,7958.0
14,14,A,Ambridge,AMBRIDGE via Ohio River Bl,20,02bafea7-6378-42c1-84e8-090189c39fcf,712.4
14,14,A,Ambridge,AMBRIDGE via Ohio River Bl,21,e0d9bc2d-ad75-45c5-bd76-f82fa99d7057,7386.6
14,14,A,Ambridge,AMBRIDGE via Ohio River Bl,22,92e291ca-9c27-4066-a77b-cbcc2f8f53e6,11803.8
14,14,A,Ambridge,AMBRIDGE via Ohio River Bl,23,091c0b16-60a1-4be1-8d0e-22d9d2cc7a85,23483.5
14,14,A,Ambridge,AMBRIDGE via Ohio River Bl,24,3712a984-756e-4f0c-ad2e-d3afb0119d64,15250.6
14,14,A,Ambridge,AMBRIDGE via Ohio River Bl,25,b7773638-1948-4d44-95e8-860b016faa40,5077.6
14,14,A,Ambridge,AMBRIDGE via Ohio River Bl,26,3f24d775-1ed0-4ab9-9ec5-46663bc2b9fe,6155.7
14,14,A,Ambridge,AMBRIDGE via Ohio River Bl,27,7f8ef8c7-fc7a-4f7b-9656-f4da46cfb865,22423.3
14,14,A,Ambridge,AMBRIDGE via Ohio River Bl,28,dab2202b-8123-41c2-b644-e50b348cf6bd,24837.6
14,14,A,Ambridge,AMBRIDGE via Ohio River Bl,29,782b8490-4e0a-4022-82a8-7c6646499600,7039.2
14,14,A,Ambridge,AMBRIDGE via Ohio River Bl,30,5ad9f8f3-350f-4e61-a4c1-3fc79f0079b6,29571.1
14,14,A,Ambridge,AMBRIDGE via Ohio River Bl,31,d6ca65db-b5f0-45b3-a19e-d378ec38c66f,21027.0
14,14,A,Ambridge,AMBRIDGE via Ohio River Bl,32,69cea443-b41c-4361-b0a4-0cb30518a7d5,4128.3
14,14,A,Ambridge,AMBRIDGE via Ohio River Bl,33,c8d778c5-cbe7-49c7-a928-ebf8a7f61f3d,6472.0
14,14,A,Ambridge,AMBRIDGE via Ohio River Bl,34,5a880405-5283-4668-8d57-b6e9314c199e,25621.9
14,14,A,Ambridge,AMBRIDGE via Ohio River Bl,35,ff9ceae4-eda8-4af7-abbe-9b9ac3b752b0,22891.9
14,14,A,Ambridge,AMBRIDGE via Ohio River Bl,36,fc2587c8-b555-4596-ac0c-b7cb637ea827,25988.2
14,14,A,Ambridge,AMBRIDGE via Ohio River Bl,37,11b1064b-b6d2-4d8f-8be8-182a3945b92a,27544.7
14,14,A,Ambridge,AMBRIDGE via Ohio River Bl,38,93a776d0-0a33-4942-95e3-af890d1ead48,20731.7
14,14,A,Ambridge,AMBRIDGE via Ohio River Bl,39,5f0bde0f-5928-4c2e-9dae-9a96825ede55,28782.5
14,14,A,Ambridge,AMBRIDGE via Ohio River Bl,40,43d2afda-e9fc-4a4f-b6d5-9dc021085ffc,30501.9
14,14,A,Ambridge,AMBRIDGE via Ohio River Bl,41,463772b1-7d74-4fe9-901d-d72ac37bf776,3681.7
14,14,A,Ambridge,AMBRIDGE via Ohio River Bl,42,b954680a-d71a-4c66-a737-dbc96a49eec0,26383.4
14,14,A,Ambridge,AMBRIDGE via Ohio River Bl,43,97549f7e-6870-4023-b243-ffe46f5b411d,12839.3
14,14,A,Ambridge,AMBRIDGE via Ohio River Bl,44,e6f97ae0-3d5d-49d1-81e4-bbba6af05a6b,10543.7
14,14,A,Ambridge,AMBRIDGE via Ohio River Bl,45,3eff28ea-d39c-4e1f-9e21-40f31a5a7f6a,12614.7
14,14,A,Ambridge,AMBRIDGE via Ohio River Bl,46,51de5b93-1608-4647-9002-dd7103c60848,11430.9
14,14,A,Ambridge,AMBRIDGE via Ohio River Bl,47,6d31383e-42bc-4dee-ac92-b27f7ceb5608,5897.5
14,14,A,Ambridge,AMBRIDGE via Ohio River Bl,48,39cf554c-ad12-42e1-84dc-8a12b4e808aa,1639.1
14,14,A,Ambridge,AMBRIDGE via Ohio River Bl,49,06ce264f-7d39-4be1-a4a7-47094506a22d,25468.2
14,14,A,Ambridge,AMBRIDGE via Ohio River Bl,50,94aff5c7-91ae-471b-bc8d-d697fda7104d,6709.6
14,14,A,Ambridge,AMBRIDGE via Ohio River Bl,51,9421cc23-35d6-4f40-8bce-da227ef41067,24595.7
14,14,A,Ambridge,AMBRIDGE via Ohio River Bl,52,087c63d4-7f5b-416f-a26d-b5f71e90b1ff,9688.7
14,14,A,Ambridge,AMBRIDGE via Ohio River Bl,53,9ef4785c-c6c7-41fa-bbfa-da9bfa7ba7e0,14919.7
14,14,A,Ambridge,AMBRIDGE via Ohio River Bl,54,b01d5f2f-dfd5-4ae1-9407-deb1779292ec,27072.5
14,14,A,Ambridge,AMBRIDGE via Ohio River Bl,55,0ec84392-ace4-4a55-b4e4-e8c23f87873d,7713.8
14,14,A,Ambridge,AMBRIDGE via Ohio River Bl,56,a4b103cb-cffa-4392-9e43-7a926b7fbfcd,22061.2
14,14,A,Ambridge,AMBRIDGE via Ohio River Bl,57,b5f01cb5-37ad-477b-a33c-e810d5f2bc49,22225.8
14,14,A,Ambridge,AMBRIDGE via Ohio River Bl,58,5fc080c5-c3ae-4f87-9b45-905d5619f7d4,8972.8
14,14,A,Ambridge,AMBRIDGE via Ohio River Bl,59,0b2cec5b-5658-49e8-8f3f-60961f278602,30261.8
14,14,A,Ambridge,AMBRIDGE via Ohio River Bl,60,e2bc412e-5ec6-48a1-81d6-0598565d82e6,13562.0
14,14,A,Ambridge,AMBRIDGE via Ohio River Bl,61,0c01b747-f112-406a-a325-beaaaa2a9502,13126.9
14,14,A,Ambridge,AMBRIDGE via Ohio River Bl,62,4bc6a0d3-d746-4ecd-938d-ca4c7af77b51,29884.8
14,14,A,Ambridge,AMBRIDGE via Ohio River Bl,63,e66e02b3-de30-4e62-9364-f4024ba036ce,3133.4
14,14,A,Ambridge,AMBRIDGE via Ohio River Bl,64,a07f7f20-bd34-40ed-805c-99262fc0f8b8,10974.0
14,14,A,Ambridge,AMBRIDGE via Ohio River Bl,65,be32aea5-e043-46b7-88f4-8ce1028b23a6,4554.6
14,14,A,Ambridge,AMBRIDGE via Ohio River Bl,66,e138d450-637a-43f6-9c03-6114afa53be8,3831.2
14,14,A,Ambridge,AMBRIDGE via Ohio River Bl,67,83601ad5-69b2-4505-87d5-d30c7fc93649,15414.9
14,14,A,Ambridge,AMBRIDGE via Ohio River Bl,68,82c0cd87-1970-451d-83c2-80c8bc70bb2a,23119.3
14,14,A,Ambridge,AMBRIDGE via Ohio River Bl,69,e1e222c8-f6e8-4344-a13d-f0a6b618f58d,8161.7
14,14,A,Ambridge,AMBRIDGE via Ohio River Bl,70,e904f006-4562-4f1c-94ec-6a484844d25a,3308.2
14,14,A,Ambridge,AMBRIDGE via Ohio River Bl,71,4bb25922-07e3-451c-8a39-63c2ba869da0,23743.7
14,14,A,Ambridge,AMBRIDGE via Ohio River Bl,72,6fa4fe46-cccb-4105-8da1-fab5e4deb630,26200.0
14,14,A,Ambridge,AMBRIDGE via Ohio River Bl,73,4de132a1-df60-4856-aaab-8194b524074b,15522.8
14,14,A,Ambridge,AMBRIDGE via Ohio River Bl,74,6a2d83fa-4caf-44c0-b3d5-fb73d743a5fd,30936.5
14,14,A,Ambridge,AMBRIDGE via Ohio River Bl,75,b06dd795-e7a4-4e95-bdb1-a36991ca3acf,6360.7
14,14,A,Ambridge,AMBRIDGE via Ohio River Bl,76,591313d1-85b6-496e-8920-24c6b47b6101,7190.6
14,14,A,Ambridge,AMBRIDGE via Ohio River Bl,77,737e56b4-191f-4cff-8ce6-88f7a4e0d99d,962.0
14,14,A,Ambridge,AMBRIDGE via Ohio River Bl,78,9ccace03-f122-4a58-91fa-9221fbd2ce15,30629.8
14,14,A,Ambridge,AMBRIDGE via Ohio River Bl,79,3679f569-e203-448b-ad6b-65e09c5a4c16,15769.5
14,14,A,Ambridge,AMBRIDGE via Ohio River Bl,80,6381fd44-671b-4f2c-a3c1-e0a5ee2e0c55,6885.3
14,14,A,Ambridge,AMBRIDGE via Ohio River Bl,81,4553cbfc-fbf5-4946-91d3-c5f99a8d0316,11969.2
14,14,A,Ambridge,AMBRIDGE via Ohio River Bl,82,0171ecd3-63d1-47d1-a6b7-63ff75c326be,12110.3
14,14,A,Ambridge,AMBRIDGE via Ohio River Bl,83,09b0364a-61f0-4c49-a8e1-80df55efa064,24391.9
14,14,A,Ambridge,AMBRIDGE via Ohio River Bl,84,7a417307-358e-4506-95e3-b2bacbda980c,28976.8
14,14,A,Ambridge,AMBRIDGE via Ohio River Bl,85,7efa0857-a0df-46b2-a41a-11e717998d72,27841.6
14,14,A,Ambridge,AMBRIDGE via Ohio River Bl,86,b7f36983-a3b4-459d-8c6b-d56d94f4e5a8,5546.1
14,14,A,Ambridge,AMBRIDGE via Ohio River Bl,87,042d8f3a-29aa-4768-bedc-3650b32be78a,26765.2
14,14,A,Ambridge,AMBRIDGE via Ohio River Bl,88,593aaffe-f852-456f-afbe-fd5b1d1becdb,1920.1
14,14,A,Ambridge,AMBRIDGE via Ohio River Bl,89,be51d57c-582a-49c8-95c5-df339b208003,2239.7
14,14,A,Ambridge,AMBRIDGE via Ohio River Bl,90,305e12af-64b0-4ac6-ac4c-428c1dc9fd9c,1.1
14,14,A,Ambridge,AMBRIDGE via Ohio River Bl,91,5e55592f-ed6b-4370-b05c-72e4dad23c4e,10818.1
14,14,A,Ambridge,AMBRIDGE via Ohio River Bl,92,f47bafdc-3b09-4fbf-874e-8a4fbe10700f,4377.2
14,14,A,Ambridge,AMBRIDGE via Ohio River Bl,93,ab4d6e79-1200-40d4-9db6-27fe30ef2e83,1354.6
14,14,A,Ambridge,AMBRIDGE via Ohio River Bl,94,2c52896b-354e-48a5-b364-1a93580c3eeb,13926.5
14,14,A,Ambridge,AMBRIDGE via Ohio River Bl,95,1a3a5841-98af-48eb-bb4d-7803f7d6ae27,4759.8
14,14,A,Ambridge,AMBRIDGE via Ohio River Bl,96,30ea2e04-b158-48d6-b0f6-6acfb3e59e46,22616.3
14,14,A,Ambridge,AMBRIDGE via Ohio River Bl,97,1b7d4198-b24f-49f8-aa55-c2798f093522,22742.8
14,14,A,Ambridge,AMBRIDGE via Ohio River Bl,98,7cf0572e-14bf-4513-9097-af285f4a96a4,23338.5
14,14,A,Ambridge,AMBRIDGE via Ohio River Bl,99,0a207034-cf6c-4c33-aa4b-c5d34c3472b4,18142.9
P1,P1,A,Downtown,DOWNTOWN via East Busway (All Stops),1,2c0b1b67-e93b-420e-9686-0f4fb6658fa7,7327.1
P1,P1,A,Downtown,DOWNTOWN via East Busway (All Stops),2,0c2c3ae4-7e7f-4607-8b03-53f618ba60b3,2854.9
P1,P1,A,Downtown,DOWNTOWN via East Busway (All Stops),3,02f6326c-e983-4a9d-9d48-5b9a1c9bfdfd,15498.7
P1,P1,A,Downtown,DOWNTOWN via East Busway (All Stops),4,555e697b-5cf6-41c8-be55-579e39a77c31,14720.4
P1,P1,A,Downtown,DOWNTOWN via East Busway (All Stops),5,6693d607-a0c6-4059-a00d-38ce2df1fcd8,837.3
P1,P1,A,Downtown,DOWNTOWN via East Busway (All Stops),6,d3c0cdb8-6628-4c8e-b5e9-c24fefa721a2,5123.3
P1,P1,A,Downtown,DOWNTOWN via East Busway (All Stops),7,c782296a-08a2-447f-97a4-9eb5453d1e67,0
P1,P1,A,Downtown,DOWNTOWN via East Busway (All Stops),8,250e4f2d-7287-41d9-93b1-85cf76dfacd4,3967.8
P1,P1,A,Downtown,DOWNTOWN via East Busway (All Stops),9,305e12af-64b0-4ac6-ac4c-428c1dc9fd9c,14245.9
P1,P1,A,Downtown,DOWNTOWN via East Busway (All Stops),10,5ce925e1-3591-4c5a-a513-afc1de90991d,11530.3
P1,P1,A,Downtown,DOWNTOWN via East Busway (All Stops),11,3672602c-3e6c-4c89-a239-908480a25143,8219.4
P1,P1,A,Downtown,DOWNTOWN via East Busway (All Stops),12,90bb5b4b-92cb-41ce-b42b-c54d4f5af33f,15096.3
P1,P1,A,Swissvale,SWISSVALE via East Busway (All Stops),1,2a3695a9-f6cd-4b09-88a1-e86eedbd6ea4,3979.0
P1,P1,A,Swissvale,SWISSVALE via East Busway (All Stops),2,1a62cf36-7450-4ba7-8385-6ce221a33604,8198.0
P1,P1,A,Swissvale,SWISSVALE via East Busway (All Stops),3,87b8be82-3a6a-40c4-88a9-5b5a5a8d4d21,318.6
P1,P1,A,Swissvale,SWISSVALE via East Busway (All Stops),4,84b9b160-1d05-4290-bd1f-f7005219da89,14670.4
P1,P1,A,Swissvale,SWISSVALE via East Busway (All Stops),5,29fc3308-1a26-4d10-99f7-e76cd2692996,12654.2
P1,P1,A,Swissvale,SWISSVALE via East Busway (All Stops),6,da5c865f-79b7-4373-b4fd-efe9607e4477,11539.1
P1,P1,A,Swissvale,SWISSVALE via East Busway (All Stops),7,b76044ad-69e5-4d40-9e85-262441940032,7306.4
P1,P1,A,Swissvale,SWISSVALE via East Busway (All Stops),8,ae7cae62-950e-4387-86a3-209c71a93efd,10394.6
P1,P1,A,Swissvale,SWISSVALE via East Busway (All Stops),9,02f6326c-e983-4a9d-9d48-5b9a1c9bfdfd,0
P1,P1,A,Swissvale,SWISSVALE via East Busway (All Stops),10,505cac18-5740-4eff-a749-c2894353d601,751.3
P1,P1,A,Swissvale,SWISSVALE via East Busway (All Stops),11,09d5baa5-1839-4deb-9a6c-b779810f3a9d,1221.2
P1,P1,A,Swissvale,SWISSVALE via East Busway (All Stops),12,c782296a-08a2-447f-97a4-9eb5453d1e67,15592.3
50,50,A,Oakland,OAKLAND via Murray Av,1,1b8ae0bc-5e14-4f97-9dc7-879b16b7a257,8449.3
50,50,A,Oakland,OAKLAND via Murray Av,2,68923ba2-aadf-4308-bc69-cda35c238190,7477.1
50,50,A,Oakland,OAKLAND via Murray Av,3,df5158e5-89b5-46a4-b2e5-d3864bf3d2ba,8634.7
50,50,A,Oakland,OAKLAND via Murray Av,4,b0feddae-bfd4-47ec-9d1e-fac0c265d0d7,2479.1
50,50,A,Oakland,OAKLAND via Murray Av,5,cb460fd6-d843-461f-ab3b-073faf517d88,6518.6
50,50,A,Oakland,OAKLAND via Murray Av,6,bd5cf47b-8b00-4801-a7ff-6f418abe52db,7047.8
50,50,A,Oakland,OAKLAND via Murray Av,7,15c1524f-fcb9-486e-bcf5-cd083c8e2d48,1158.9
50,50,A,Oakland,OAKLAND via Murray Av,8,196825f8-0611-4315-81de-4bcfa46f99cf,1789.4
50,50,A,Oakland,OAKLAND via Murray Av,9,6c98957d-d93b-424d-84ee-7f5daff11dc4,4390.1
50,50,A,Oakland,OAKLAND via Murray Av,10,63a4863b-f8ae-437f-a471-12b2db3c44b4,7815.2
50,50,A,Oakland,OAKLAND via Murray Av,11,bb533a74-63d2-4cc4-a965-19712294f003,2222.5
50,50,A,Oakland,OAKLAND via Murray Av,12,daf49906-715a-4f33-8697-8a7b022e9242,9552.1
50,50,A,Oakland,OAKLAND via Murray Av,13,c5fe76de-e60c-4717-ae54-56e714aebe78,0
50,50,A,Oakland,OAKLAND via Murray Av,14,16f17920-bec6-4ab3-aca0-1f66b61492e1,8075.7
50,50,A,Oakland,OAKLAND via Murray Av,15,a04e570e-7f9f-491f-b2e5-0ef0e8344197,6932.1
50,50,A,Oakland,OAKLAND via Murray Av,16,6372983a-1205-4994-a6ab-e20a6508ac7c,5455.1
50,50,A,Oakland,OAKLAND via Murray Av,17,2247a235-1d51-42ca-a734-6a3efbbb6ba7,6192.9
50,50,A,Oakland,OAKLAND via Murray Av,18,bc0587db-629b-4836-852d-607b6dc4db91,1470.8
50,50,A,Oakland,OAKLAND via Murray Av,19,1202dc10-2f55-4154-8bbb-860b89aa8212,2977.0
50,50,A,Oakland,OAKLAND via Murray Av,20,2e7f6343-0902-4009-88a1-323bdc2e2aa9,5605.2
50,50,A,Oakland,OAKLAND via Murray Av,21,6f0f13c8-d8e0-49da-b5e5-ad24d8c2c3d5,11213.8
50,50,A,Oakland,OAKLAND via Murray Av,22,9218ab99-bfa2-4771-910a-3493efa3d7e0,9104.4
50,50,A,Oakland,OAKLAND via Murray Av,23,0769dbad-5436-4a93-9f30-9d413c242c2d,7224.5
50,50,A,Oakland,OAKLAND via Murray Av,24,8bca983f-58e6-4579-b99d-1a73fe240867,4593.7
50,50,A,Oakland,OAKLAND via Murray Av,25,f660347b-001d-48ce-9f37-b682d8170e05,9956.7
50,50,A,Oakland,OAKLAND via Murray Av,26,6b9945ec-8021-4e11-bd17-18b3bddbf9c2,8937.7
50,50,A,Oakland,OAKLAND via Murray Av,27,23180696-08ba-46b3-80ef-4e73137b3918,6782.2
50,50,A,Oakland,OAKLAND via Murray Av,28,662619d3-4282-4c36-9047-cd951fc855b1,5811.5
50,50,A,Oakland,OAKLAND via Murray Av,29,8dfca991-45ab-4de2-a762-fb71350364fb,5997.1
50,50,A,Oakland,OAKLAND via Murray Av,30,813be301-44b5-4924-92cd-072cd0b48c5e,5287.3
50,50,A,Oakland,OAKLAND via Murray Av,31,613a3875-6c70-476b-b65f-378497702f43,10592.2
50,50,A,Oakland,OAKLAND via Murray Av,32,974f1af9-f185-441a-b75c-d98ef60ceaef,794.2
50,50,A,Oakland,OAKLAND via Murray Av,33,d101f86f-06cf-4eaf-88c0-8a082166e849,10847.1
50,50,A,Oakland,OAKLAND via Murray Av,34,decf1b97-9ea2-485e-aaf9-dcb9a0271f57,6298.5
50,50,A,Homestead,HOMESTEAD via Murray Av,1,118cbe4b-5c46-4a14-9ee2-c9ccb0031da2,5283.0
50,50,A,Homestead,HOMESTEAD via Murray Av,2,c672ddc0-93e8-4b86-a804-52b8c85259d1,3447.7
50,50,A,Homestead,HOMESTEAD via Murray Av,3,1a4cc548-cd20-4af3-a483-144cba51358b,2875.4
50,50,A,Homestead,HOMESTEAD via Murray Av,4,d45235ca-c669-493a-8761-8c81bf81786d,531.7
50,50,A,Homestead,HOMESTEAD via Murray Av,5,06a07258-8ed9-4729-8288-d6e0058b9456,4464.8
50,50,A,Homestead,HOMESTEAD via Murray Av,6,9981da88-520c-4727-bc48-2197e79adf19,5921.2
50,50,A,Homestead,HOMESTEAD via Murray Av,7,f9f6ab4b-f88a-4c30-b043-26b27ac5c3c9,4212.7
50,50,A,Homestead,HOMESTEAD via Murray Av,8,c67d08c0-a6a1-4c75-bda7-56915930ddef,3223.3
50,50,A,Homestead,HOMESTEAD via Murray Av,9,bb533a74-63d2-4cc4-a965-19712294f003,9341.0
50,50,A,Homestead,HOMESTEAD via Murray Av,10,927b5857-9d69-421b-8c0d-b6d138617228,5719.0
50,50,A,Homestead,HOMESTEAD via Murray Av,11,7396de6f-ec47-4dfd-bd6a-64e3f03a82e6,2411.2
50,50,A,Homestead,HOMESTEAD via Murray Av,12,c5fe76de-e60c-4717-ae54-56e714aebe78,10882.8
50,50,A,Homestead,HOMESTEAD via Murray Av,13,b5dc8675-f1b8-4019-86f8-a42a524fd4d9,4583.9
50,50,A,Homestead,HOMESTEAD via Murray Av,14,373172b7-29fc-4d43-b764-e8d8251d6cbb,6895.5
50,50,A,Homestead,HOMESTEAD via Murray Av,15,bd788af9-1253-452f-873b-f7810182798a,1555.0
50,50,A,Homestead,HOMESTEAD via Murray Av,16,6ca3c470-eab0-460c-aeeb-22b04ff569ff,2119.4
50,50,A,Homestead,HOMESTEAD via Murray Av,17,e9960c62-7984-4f35-b5eb-2f84499527dc,3689.7
50,50,A,Homestead,HOMESTEAD via Murray Av,18,72a492ab-0373-4a51-92ad-0e37809ce290,4995.6
50,50,A,Homestead,HOMESTEAD via Murray Av,19,cc3c2525-54fd-429d-a7eb-39b5582eac52,4733.0
50,50,A,Homestead,HOMESTEAD via Murray Av,20,b0feddae-bfd4-47ec-9d1e-fac0c265d0d7,9597.8
50,50,A,Homestead,HOMESTEAD via Murray Av,21,94326818-6efa-47a7-a0a0-c336710ac05f,7167.6
50,50,A,Homestead,HOMESTEAD via Murray Av,22,36645177-0dca-4bb7-bccb-c0004f0bb3a4,1178.5
50,50,A,Homestead,HOMESTEAD via Murray Av,23,9bba82c4-35ff-42c1-9b00-255add9d572b,131.0
50,50,A,Homestead,HOMESTEAD via Murray Av,24,66b45e33-4429-40a7-9f5a-add8c31c2200,5403.0
50,50,A,Homestead,HOMESTEAD via Murray Av,25,a6e91679-79d0-4bdf-b8cd-69f9bcefb999,4328.7
50,50,A,Homestead,HOMESTEAD via Murray Av,26,0f8d7d53-feeb-4c7e-93cf-c504e75b1a9a,2573.4
50,50,A,Homestead,HOMESTEAD via Murray Av,27,c75e00bf-b778-41de-b281-5dec9c05372e,5566.5
50,50,A,Homestead,HOMESTEAD via Murray Av,28,cd78c93b-6cc7-46f4-ba4c-989413aa7e0a,4095.6
50,50,A,Homestead,HOMESTEAD via Murray Av,29,196825f8-0611-4315-81de-4bcfa46f99cf,8908.2
50,50,A,Homestead,HOMESTEAD via Murray Av,30,7b75526b-0ad7-40aa-9d7d-2c7566e3d051,6305.1
50,50,A,Homestead,HOMESTEAD via Murray Av,31,22993ee6-5609-4892-967a-008a70775df4,895.3
50,50,A,Homestead,HOMESTEAD via Murray Av,32,84eeb7eb-606a-4aed-9525-9fe9e50dcd98,6060.7
50,50,A,Homestead,HOMESTEAD via Murray Av,33,e8e013b0-7893-498b-81f5-74078ec1123d,3094.3
31,31,A,Downtown,INBOUND-DOWNTOWN,1,e36cdb79-c104-40c4-94ca-48b6d6ec93ee,13178.7
31,31,A,Downtown,INBOUND-DOWNTOWN,2,595c4795-90e1-4fef-9613-2ef4d070a91f,6478.2
31,31,A,Downtown,INBOUND-DOWNTOWN,3,b78d32db-a9a8-46e4-8791-39fe4d77c73c,8288.4
31,31,A,Downtown,INBOUND-DOWNTOWN,4,94c4bf3d-ddbf-4d5e-b94f-bac94f208d67,15270.9
31,31,A,Downtown,INBOUND-DOWNTOWN,5,1a7cecbe-64d6-4a7e-b40f-314ef08d9b78,16002.4
31,31,A,Downtown,INBOUND-DOWNTOWN,6,5f1e4ac6-5e29-4bf3-a9d5-b27115bd89e2,4374.0
31,31,A,Downtown,INBOUND-DOWNTOWN,7,28a7c1a7-611c-48ce-93a1-63cd1296faba,18958.0
31,31,A,Downtown,INBOUND-DOWNTOWN,8,2cfe22ca-84bd-41ad-8e6c-86753321365d,7303.1
31,31,A,Downtown,INBOUND-DOWNTOWN,9,afa5dd58-7174-4c3d-b9de-8897c6f79f84,7164.2
31,31,A,Downtown,INBOUND-DOWNTOWN,10,187130b8-f356-426e-9a11-5deb680665b3,21835.2
31,31,A,Downtown,INBOUND-DOWNTOWN,11,ba25ad6c-9828-4368-9b77-863cb0f70aed,18770.9
31,31,A,Downtown,INBOUND-DOWNTOWN,12,e25fd44a-26ae-4ea8-bec2-4d735fad1523,14855.9
31,31,A,Downtown,INBOUND-DOWNTOWN,13,f70fcda7-32e9-4d69-a69e-c41becbadfe1,877.8
31,31,A,Downtown,INBOUND-DOWNTOWN,14,96246d9d-1a09-4914-88d6-b3fb8692f425,13355.4
31,31,A,Downtown,INBOUND-DOWNTOWN,15,d7fe18e3-da18-44bf-b519-65b2890a450e,22327.8
31,31,A,Downtown,INBOUND-DOWNTOWN,16,4abb4f2d-0a77-4dd0-a90e-50dc228bb11c,780.8
31,31,A,Downtown,INBOUND-DOWNTOWN,17,bd338861-b504-471d-b3c1-3a43b705bf5e,16904.4
31,31,A,Downtown,INBOUND-DOWNTOWN,18,4d7e12f1-c625-4a7e-bed6-62394731fe8d,15024.7
31,31,A,Downtown,INBOUND-DOWNTOWN,19,f4db785f-9ee4-4645-9a99-d041db0d0617,4107.7
31,31,A,Downtown,INBOUND-DOWNTOWN,20,0d8ad3ec-4c2c-45c3-938a-21e2311cee5f,3042.7
31,31,A,Downtown,INBOUND-DOWNTOWN,21,a8b7689b-0f5a-4851-b35c-5f2fbcfff3a3,12505.5
31,31,A,Downtown,INBOUND-DOWNTOWN,22,38dc885d-f48b-4ac8-adb4-d18261808666,7735.1
31,31,A,Downtown,INBOUND-DOWNTOWN,23,56405429-566d-4ff8-8482-adc9802567e3,20034.5
31,31,A,Downtown,INBOUND-DOWNTOWN,24,3fda3964-c9cf-40df-a3ac-5898977c38e5,10711.9
31,31,A,Downtown,INBOUND-DOWNTOWN,25,9309894c-2d84-4f4a-8038-a5175b51206b,11879.9
31,31,A,Downtown,INBOUND-DOWNTOWN,26,a4132f7a-1d32-47ce-8d68-53e626d092c3,2435.6
31,31,A,Downtown,INBOUND-DOWNTOWN,27,060dd0e5-7d2b-4c01-b14b-0f4911c8383e,6151.0
31,31,A,Downtown,INBOUND-DOWNTOWN,28,e3ffb81d-44e0-4ea6-8996-fd94ccfeeaa6,8807.0
31,31,A,Downtown,INBOUND-DOWNTOWN,29,6fcf5f40-e17a-4e21-8f5b-7f6a2f08caab,0.9
31,31,A,Downtown,INBOUND-DOWNTOWN,30,2cf86147-f1ac-4dcb-8e92-f57a356990e7,133.3
31,31,A,Downtown,INBOUND-DOWNTOWN,31,ea4bf633-4321-409c-a043-40e4156f8bb5,13718.9
31,31,A,Downtown,INBOUND-DOWNTOWN,32,f464a9b3-692b-4eca-9501-3fa82427816b,16198.3
31,31,A,Downtown,INBOUND-DOWNTOWN,33,99924b62-8fd8-4060-936d-95c582bb84fa,11703.9
31,31,A,Downtown,INBOUND-DOWNTOWN,34,6b0ebe69-e4f9-415d-a62d-c9a2ff14ed3e,23057.3
31,31,A,Downtown,INBOUND-DOWNTOWN,35,5f512e00-bc15-4ec4-b7d1-4756b433a50f,10182.5
31,31,A,Downtown,INBOUND-DOWNTOWN,36,d139a51d-c36c-40b2-9ecf-291f2a863a58,14266.7
31,31,A,Downtown,INBOUND-DOWNTOWN,37,3af9057a-3704-46a2-ad97-8c695ce193d0,16416.9
31,31,A,Downtown,INBOUND-DOWNTOWN,38,45eae6d4-3ca8-48a5-867c-856d3e2559d4,1992.7
31,31,A,Downtown,INBOUND-DOWNTOWN,39,5d78862a-2a93-4a1c-911e-c7923a52581b,16747.3
31,31,A,Downtown,INBOUND-DOWNTOWN,40,0f20d099-2001-41d9-bebe-e348eca8a33f,22019.2
31,31,A,Downtown,INBOUND-DOWNTOWN,41,89e8d4f1-425a-48f2-b717-3c121db1b937,4690.7
31,31,A,Downtown,INBOUND-DOWNTOWN,42,2f071c32-d19a-4ba2-8596-8c6690741767,9000.0
31,31,A,Downtown,INBOUND-DOWNTOWN,43,12ca2257-c8ee-446c-8890-f100a15f1b69,1682.4
31,31,A,Downtown,INBOUND-DOWNTOWN,44,0f260f7c-8acf-4ab9-b112-3ca7aedac800,1316.6
31,31,A,Downtown,INBOUND-DOWNTOWN,45,42412252-9bcf-4288-99ee-f4d67be9f751,12956.5
31,31,A,Downtown,INBOUND-DOWNTOWN,46,e30ad3e9-5f35-4865-baa8-9259ad50b135,6656.0
31,31,A,Downtown,INBOUND-DOWNTOWN,47,151c0a2d-8b8a-482c-ac08-5975180be11e,7942.1
31,31,A,Downtown,INBOUND-DOWNTOWN,48,aa0eaf19-085b-45c2-84bc-e6a348b193c3,15423.3
31,31,A,Downtown,INBOUND-DOWNTOWN,49,a5833b93-a4c9-43cd-be4b-cfdc13891c73,666.0
31,31,A,Downtown,INBOUND-DOWNTOWN,50,e54c7462-2c08-448c-99e5-6d4cc7b8a1d3,20466.1
31,31,A,Downtown,INBOUND-DOWNTOWN,51,3255c3f5-3a7e-4f42-88cd-ff269dcc7822,217.9
31,31,A,Downtown,INBOUND-DOWNTOWN,52,ebf93063-3f6c-4e2f-a78e-8faee50f5f6a,2755.1
31,31,A,Downtown,INBOUND-DOWNTOWN,53,960e3c96-3724-4973-8956-c96a777efe8e,8396.4
31,31,A,Downtown,INBOUND-DOWNTOWN,54,30910636-b606-4094-95a7-aa36c83556c8,12825.8
31,31,A,Downtown,INBOUND-DOWNTOWN,55,1cbe41eb-e4fb-4b4b-b098-03a61bfbb588,2914.4
31,31,A,Downtown,INBOUND-DOWNTOWN,56,ecc8ad29-bc92-4546-a7a6-0a507db1376f,13389.0
31,31,A,Downtown,INBOUND-DOWNTOWN,57,45181792-a5c1-4390-91ac-7c5bcfc02abc,15526.2
31,31,A,Downtown,INBOUND-DOWNTOWN,58,43401ade-d32b-4c15-be4b-0f457c4ea3a4,8617.5
31,31,A,Downtown,INBOUND-DOWNTOWN,59,df227423-6c85-4a9f-b92a-572f56dc52b3,15889.2
31,31,A,Downtown,INBOUND-DOWNTOWN,60,98c49f03-fdda-47ab-ad5b-e227a7aa616d,1066.3
31,31,A,Downtown,INBOUND-DOWNTOWN,61,2de82926-499b-40dc-87bc-b56d5c3e3592,2199.9
31,31,A,Downtown,INBOUND-DOWNTOWN,62,4c485659-485f-479b-876c-1a02491ea15d,6842.9
31,31,A,Downtown,INBOUND-DOWNTOWN,63,d8d5358e-4f62-46a6-b9fd-d95649f22dff,550.8
31,31,A,Downtown,INBOUND-DOWNTOWN,64,6a17ceb9-3664-4981-8663-15b76672a7dc,3970.5
31,31,A,Downtown,INBOUND-DOWNTOWN,65,611c92a6-99dc-474f-b302-6821d664cc95,14688.1
31,31,A,Downtown,INBOUND-DOWNTOWN,66,0a5dd980-7fd4-4e05-8abf-5c4935c4530f,9383.2
31,31,A,Downtown,INBOUND-DOWNTOWN,67,0de10ca2-7a00-451a-8536-06cb9bebe73d,12149.6
31,31,A,Downtown,INBOUND-DOWNTOWN,68,5f784765-0355-4cd4-9f28-bf91152d8450,3209.4
31,31,A,Downtown,INBOUND-DOWNTOWN,69,c15d7c0e-5d48-471e-b79e-6bbf39126ac3,11158.1
31,31,A,Downtown,INBOUND-DOWNTOWN,70,73c15a13-cc6b-40ea-8183-07e7d22739c7,6338.1
31,31,A,Downtown,INBOUND-DOWNTOWN,71,39a651da-5aa1-41a6-a0a6-34dd349c6bbc,7547.5
31,31,A,Downtown,INBOUND-DOWNTOWN,72,ea070075-862f-463e-a545-7bd212ada956,3576.6
31,31,A,Downtown,INBOUND-DOWNTOWN,73,03f8be3c-fb2c-4f83-ae77-c58613652454,11462.5
31,31,A,Downtown,INBOUND-DOWNTOWN,74,56aa5336-7b4a-404f-98da-cc141f00ff41,17734.5
31,31,A,Bridgeville,OUTBOUND-BRIDGEVILLE,1,fc9f0580-d7ff-42aa-9127-bb403d5e12fc,11467.8
31,31,A,Bridgeville,OUTBOUND-BRIDGEVILLE,2,7ada0c25-3e3f-4d96-8b81-e1ed8555bb07,21796.7
31,31,A,Bridgeville,OUTBOUND-BRIDGEVILLE,3,b391f54e-76cd-4b59-b96a-2e6093ed1f97,19402.0
31,31,A,Bridgeville,OUTBOUND-BRIDGEVILLE,4,c15d7c0e-5d48-471e-b79e-6bbf39126ac3,14441.9
31,31,A,Bridgeville,OUTBOUND-BRIDGEVILLE,5,0af6684b-139d-4288-b9ea-1eeb69360c42,11950.1
31,31,A,Bridgeville,OUTBOUND-BRIDGEVILLE,6,c54aec51-74ca-4094-b833-5527b432880e,1236.5
31,31,A,Bridgeville,OUTBOUND-BRIDGEVILLE,7,70e5b625-0b8e-46ba-a0be-9087dbd0aa15,8155.4
31,31,A,Bridgeville,OUTBOUND-BRIDGEVILLE,8,ca6e4f18-03f5-4993-8662-657c9f0ef3a6,2819.2
31,31,A,Bridgeville,OUTBOUND-BRIDGEVILLE,9,5658e34c-3111-43b3-b4bf-dc4844f16552,20693.5
31,31,A,Bridgeville,OUTBOUND-BRIDGEVILLE,10,cf30bdc2-9183-435b-b677-de3632adf47d,758.2
31,31,A,Bridgeville,OUTBOUND-BRIDGEVILLE,11,dc122f7c-d10c-4da2-b3c4-74ce25c51c60,16259.4
31,31,A,Bridgeville,OUTBOUND-BRIDGEVILLE,12,3c910484-4169-4c66-a238-6fff49aa65bb,8561.6
31,31,A,Bridgeville,OUTBOUND-BRIDGEVILLE,13,48438ece-61c2-4175-bfae-d0493a84a2c0,11761.3
31,31,A,Bridgeville,OUTBOUND-BRIDGEVILLE,14,eaeb185b-85ef-42d8-bfd6-8b2e9bbac72b,20990.4
31,31,A,Bridgeville,OUTBOUND-BRIDGEVILLE,15,79d39429-e67d-4e6d-8d9a-01d5d4373a3e,6522.5
31,31,A,Bridgeville,OUTBOUND-BRIDGEVILLE,16,44157563-91a7-4a28-9735-9e92b5c97391,18873.6
31,31,A,Bridgeville,OUTBOUND-BRIDGEVILLE,17,5a4eb4f1-df31-4d1b-acef-c29491b534f8,9114.9
31,31,A,Bridgeville,OUTBOUND-BRIDGEVILLE,18,5c58f5c7-903d-4d30-8061-7a206191e03f,22830.1
31,31,A,Bridgeville,OUTBOUND-BRIDGEVILLE,19,242e970d-53f5-41cd-bc8c-de4fbd25d123,10911.8
31,31,A,Bridgeville,OUTBOUND-BRIDGEVILLE,20,db7d69ea-13b1-4f7c-b880-90bc8f480215,16761.1
31,31,A,Bridgeville,OUTBOUND-BRIDGEVILLE,21,52430752-470a-4c6c-b47f-d40bdcaa2154,417.1
31,31,A,Bridgeville,OUTBOUND-BRIDGEVILLE,22,226aa9d3-1ac7-4f0e-870d-508a52374b44,16939.3
31,31,A,Bridgeville,OUTBOUND-BRIDGEVILLE,23,9643b0d4-9762-48df-b7d6-d7da59c93727,15450.7
31,31,A,Bridgeville,OUTBOUND-BRIDGEVILLE,24,b119c868-4e2a-4ae3-bc44-52159d54de70,22390.8
31,31,A,Bridgeville,OUTBOUND-BRIDGEVILLE,25,9be3b041-c906-43aa-aff0-f6da7e16d234,21120.5
31,31,A,Bridgeville,OUTBOUND-BRIDGEVILLE,26,48ff9067-1df4-410e-9bf1-062cd337fe92,15004.7
31,31,A,Bridgeville,OUTBOUND-BRIDGEVILLE,27,274fc78b-5af2-4188-bd56-7b467e823ec1,20238.5
31,31,A,Bridgeville,OUTBOUND-BRIDGEVILLE,28,249b36b5-4d9f-457d-a2b2-8a36ff4b6553,10126.6
31,31,A,Bridgeville,OUTBOUND-BRIDGEVILLE,29,ee835549-ed28-4d33-b7fb-eeed7776cbaf,4458.0
31,31,A,Bridgeville,OUTBOUND-BRIDGEVILLE,30,a0c58aad-c22d-47a0-b929-350bb562e7c5,23236.8
31,31,A,Bridgeville,OUTBOUND-BRIDGEVILLE,31,baa32d26-6f86-41df-885e-288893608ab9,8683.3
31,31,A,Bridgeville,OUTBOUND-BRIDGEVILLE,32,23d245c7-cfb7-4770-853e-11b0489cf30e,22715.7
31,31,A,Bridgeville,OUTBOUND-BRIDGEVILLE,33,305e12af-64b0-4ac6-ac4c-428c1dc9fd9c,3.8
31,31,A,Bridgeville,OUTBOUND-BRIDGEVILLE,34,d4cfcaaa-9d32-4e1b-a49d-3cefad6e189b,14604.5
31,31,A,Bridgeville,OUTBOUND-BRIDGEVILLE,35,6f85f303-fb93-4fb1-9a0b-cf9feb3b2bc9,14780.9
31,31,A,Bridgeville,OUTBOUND-BRIDGEVILLE,36,a96d531e-ba6c-4de2-9171-e4f9032a52f5,11248.1
31,31,A,Bridgeville,OUTBOUND-BRIDGEVILLE,37,5fc53c9d-36ed-4cf6-8170-3f3ec045b4db,15325.5
31,31,A,Bridgeville,OUTBOUND-BRIDGEVILLE,38,2378ef8a-153e-42c9-9580-a1ad2aa5e0c1,10028.7
31,31,A,Bridgeville,OUTBOUND-BRIDGEVILLE,39,b33cfc0d-5d22-4cb0-9e75-fc66e19410ce,22916.6
31,31,A,Bridgeville,OUTBOUND-BRIDGEVILLE,40,6e1333c7-b269-4a91-8df2-ceaa478aefb6,10240.2
31,31,A,Bridgeville,OUTBOUND-BRIDGEVILLE,41,75cf59a2-9062-462b-81e4-873c78f17802,960.1
31,31,A,Bridgeville,OUTBOUND-BRIDGEVILLE,42,6c73973a-ed1a-41d2-85eb-417edca7bf43,22052.9
31,31,A,Bridgeville,OUTBOUND-BRIDGEVILLE,43,96ef048e-3ae0-466d-99a8-d358ca295192,7016.1
31,31,A,Bridgeville,OUTBOUND-BRIDGEVILLE,44,9069aa7c-6bbf-4dd5-9764-2462535aa8dd,17250.1
31,31,A,Bridgeville,OUTBOUND-BRIDGEVILLE,45,71eaec7b-1b6e-4fcc-bc69-1581b28961a7,13234.9
31,31,A,Bridgeville,OUTBOUND-BRIDGEVILLE,46,27c29934-ada5-4967-83ad-69e93cea2cfa,16601.2
31,31,A,Bridgeville,OUTBOUND-BRIDGEVILLE,47,21f9ddcf-62a5-48ba-8bb1-12b6906e331c,23087.2
31,31,A,Bridgeville,OUTBOUND-BRIDGEVILLE,48,839661ff-1519-4a0e-b5be-baa8fe52446f,6810.6
31,31,A,Bridgeville,OUTBOUND-BRIDGEVILLE,49,c181c918-d167-4f41-b490-6c11cc521828,17423.0
31,31,A,Bridgeville,OUTBOUND-BRIDGEVILLE,50,1744a32a-c4e9-4493-9b7f-bb774d6bfb92,6682.3
31,31,A,Bridgeville,OUTBOUND-BRIDGEVILLE,51,4d1a1e57-00f8-419f-b6aa-099d3a8d07ac,8000.4
31,31,A,Bridgeville,OUTBOUND-BRIDGEVILLE,52,593af018-f948-48d8-ad80-0c7b01202c9c,10622.1
31,31,A,Bridgeville,OUTBOUND-BRIDGEVILLE,53,3bc85a2a-5adc-49e2-acd3-39f6de88ed00,15908.1
31,31,A,Bridgeville,OUTBOUND-BRIDGEVILLE,54,c1611461-7691-48b6-bb1f-a5df683b9b34,17090.5
31,31,A,Bridgeville,OUTBOUND-BRIDGEVILLE,55,e5f3ee08-221a-4895-b948-f2c1c28f1d18,7877.0
31,31,A,Bridgeville,OUTBOUND-BRIDGEVILLE,56,3fda3964-c9cf-40df-a3ac-5898977c38e5,13995.8
31,31,A,Bridgeville,OUTBOUND-BRIDGEVILLE,57,0a5dd980-7fd4-4e05-8abf-5c4935c4530f,12667.0
31,31,A,Bridgeville,OUTBOUND-BRIDGEVILLE,58,d70fe9e2-066c-449d-85f9-a26d7979f010,20490.5
31,31,A,Bridgeville,OUTBOUND-BRIDGEVILLE,59,5a4e1302-69f8-4c3b-9790-74c552b2b416,19801.8
31,31,A,Bridgeville,OUTBOUND-BRIDGEVILLE,60,bc312b46-8375-41f3-b04d-cb4f7e4de087,3245.4
31,31,A,Bridgeville,OUTBOUND-BRIDGEVILLE,61,9d806adf-c96e-4185-a4cb-f734911c0747,8350.6
31,31,A,Bridgeville,OUTBOUND-BRIDGEVILLE,62,2343534d-7a0a-4b20-8033-6f171a90ed68,19115.9
31,31,A,Bridgeville,OUTBOUND-BRIDGEVILLE,63,d2ba43fc-807c-41aa-8835-aeb4f6305a52,4650.9
31,31,A,Bridgeville,OUTBOUND-BRIDGEVILLE,64,28192df6-5474-49e4-b7e5-bd3ea4581319,9677.0
31,31,A,Bridgeville,OUTBOUND-BRIDGEVILLE,65,b0103000-a962-4e3a-8f1f-ae22af52bc73,21514.2
31,31,A,Bridgeville,OUTBOUND-BRIDGEVILLE,66,8eae9445-2418-4923-904e-070b028104a8,7226.3
31,31,A,Bridgeville,OUTBOUND-BRIDGEVILLE,67,dcd812a5-43a9-4ec2-b906-c4c30f585a1b,7423.3
31,31,A,Bridgeville,OUTBOUND-BRIDGEVILLE,68,b185e88f-de96-4e78-ae98-015eed66b1aa,16103.2
31,31,A,Bridgeville,OUTBOUND-BRIDGEVILLE,69,d2f67e8d-2f44-4958-8751-298d73e45902,9531.9
31,31,A,Bridgeville,OUTBOUND-BRIDGEVILLE,70,d2bdf83d-f694-48df-a094-5d8a27dffc1d,7757.9
31,31,A,Bridgeville,OUTBOUND-BRIDGEVILLE,71,a7cd8138-4907-4327-bf67-2e1a3f8072a4,15121.8
31,31,A,Bridgeville,OUTBOUND-BRIDGEVILLE,72,76888488-b289-4f51-905b-8e90ea94902b,7543.2
31,31,A,Bridgeville,OUTBOUND-BRIDGEVILLE,73,c1d4e1ce-43b2-4472-94c1-fd3cb7975c50,15705.1
31,31,A,Bridgeville,OUTBOUND-BRIDGEVILLE,74,804f6489-3eb8-43b7-ab35-4df5acfe0bc1,22582.3
31,31,A,Bridgeville,OUTBOUND-BRIDGEVILLE,75,2f071c32-d19a-4ba2-8596-8c6690741767,12283.8
31,31,A,Bridgeville,OUTBOUND-BRIDGEVILLE,76,8070398f-90c7-4476-9c84-6b985fac2068,5687.0
31,31,A,Bridgeville,OUTBOUND-BRIDGEVILLE,77,6fcf5f40-e17a-4e21-8f5b-7f6a2f08caab,23467.6
31,31,A,Bridgeville,OUTBOUND-BRIDGEVILLE,78,a8d79cfd-b0c3-4d8a-954c-22430da7c943,19515.7
22,22,A,Downtown,DOWNTOWN via McCoy Rd,1,e54c7462-2c08-448c-99e5-6d4cc7b8a1d3,13043.0
22,22,A,Downtown,DOWNTOWN via McCoy Rd,2,56405429-566d-4ff8-8482-adc9802567e3,12623.2
22,22,A,Downtown,DOWNTOWN via McCoy Rd,3,3b79413d-facf-42ef-ac9a-178ae4d20359,14357.4
22,22,A,Downtown,DOWNTOWN via McCoy Rd,4,26d40082-012d-42f7-8838-86e0c695d838,3598.7
22,22,A,Downtown,DOWNTOWN via McCoy Rd,5,326120ca-2b44-4f4d-a2c6-551f94911470,1829.8
22,22,A,Downtown,DOWNTOWN via McCoy Rd,6,ab77fed8-713c-4c4f-97ea-681e1a3c8ce9,6675.6
22,22,A,Downtown,DOWNTOWN via McCoy Rd,7,a86b3c17-c83e-4d21-8efb-52bb3de06db4,14447.6
22,22,A,Downtown,DOWNTOWN via McCoy Rd,8,a0e21a75-37ba-40e5-8b3d-381f419f001f,2017.8
22,22,A,Downtown,DOWNTOWN via McCoy Rd,9,87d9f23d-a2e1-4f28-ab03-eeb6d1a091d0,6839.0
22,22,A,Downtown,DOWNTOWN via McCoy Rd,10,a16f5e92-af43-47b2-9855-38cbadcc744d,4160.0
22,22,A,Downtown,DOWNTOWN via McCoy Rd,11,e74917e5-a265-4b3d-a046-644e5a85660c,3840.0
22,22,A,Downtown,DOWNTOWN via McCoy Rd,12,4df9c772-3b98-480a-afb0-523eafb6e252,2742.3
22,22,A,Downtown,DOWNTOWN via McCoy Rd,13,6b54634f-d693-4a4f-9e6a-6af6a67656c6,4881.9
22,22,A,Downtown,DOWNTOWN via McCoy Rd,14,63b58eb5-00ed-495c-98d5-099e681f06ba,667.7
22,22,A,Downtown,DOWNTOWN via McCoy Rd,15,bde39404-b051-4006-8273-c56216173d5b,9103.7
22,22,A,Downtown,DOWNTOWN via McCoy Rd,16,7b6645f9-e09b-45e3-8d19-d8dd949e2074,8761.2
22,22,A,Downtown,DOWNTOWN via McCoy Rd,17,de9e5710-2cdf-44dc-8b56-67129378edd2,3210.1
22,22,A,Downtown,DOWNTOWN via McCoy Rd,18,8101b838-83d5-4411-b069-250e6851681c,2298.2
22,22,A,Downtown,DOWNTOWN via McCoy Rd,19,5fe0e1ba-3f30-4015-8c9d-263b7ba2a41f,2857.2
22,22,A,Downtown,DOWNTOWN via McCoy Rd,20,b96a7456-5152-40d6-a06f-97af1f779e55,6138.0
22,22,A,Downtown,DOWNTOWN via McCoy Rd,21,62125412-583e-4eb8-9c56-5b5976de1804,9532.7
22,22,A,Downtown,DOWNTOWN via McCoy Rd,22,34cf6789-8e2f-4fc4-a953-a860f34e5e05,14165.2
22,22,A,Downtown,DOWNTOWN via McCoy Rd,23,868c08ab-7a30-4095-81f7-7f508a7f1946,3962.1
22,22,A,Downtown,DOWNTOWN via McCoy Rd,24,6a8da1bc-eccc-434e-bb52-4ccf199058ab,7615.6
22,22,A,Downtown,DOWNTOWN via McCoy Rd,25,aa4836af-a5e1-4cf3-b706-5cbc6ee9f25f,1728.8
22,22,A,Downtown,DOWNTOWN via McCoy Rd,26,eb96b950-8e97-48bc-810e-431f023d2e79,1488.2
22,22,A,Downtown,DOWNTOWN via McCoy Rd,27,5b3bb729-07e0-4679-9c37-8dcbe656f418,4660.2
22,22,A,Downtown,DOWNTOWN via McCoy Rd,28,f5fbdcae-8541-426a-b26e-a0224447e84a,7770.3
22,22,A,Downtown,DOWNTOWN via McCoy Rd,29,cd95c3c5-6923-4bf1-a662-9051e55b550d,7941.5
22,22,A,Downtown,DOWNTOWN via McCoy Rd,30,e12baa72-24e7-430d-ad78-5bc47c66e9c2,3351.2
22,22,A,Downtown,DOWNTOWN via McCoy Rd,31,fad10b57-bdba-4551-ac67-aa931cb44933,10624.9
22,22,A,Downtown,DOWNTOWN via McCoy Rd,32,8a7282c8-b2cf-40c4-8cf5-809fac7d82d6,1207.5
22,22,A,Downtown,DOWNTOWN via McCoy Rd,33,5bd166c2-ab2b-423f-a56b-e300e9080084,8047.1
22,22,A,Downtown,DOWNTOWN via McCoy Rd,34,d5c22275-16a2-45d8-9a7f-58cc36d8ae9f,2187.4
22,22,A,Downtown,DOWNTOWN via McCoy Rd,35,c54aec51-74ca-4094-b833-5527b432880e,14638.3
22,22,A,Downtown,DOWNTOWN via McCoy Rd,36,a69fa0f9-00a4-4051-85b0-f6a8dd967031,9379.5
22,22,A,Downtown,DOWNTOWN via McCoy Rd,37,7ab4b157-dc1d-4558-beb9-3b87e8cb4b60,1063.9
22,22,A,Downtown,DOWNTOWN via McCoy Rd,38,87a9ade1-f5ef-4b54-9da6-72e1584c5683,10429.8
22,22,A,Downtown,DOWNTOWN via McCoy Rd,39,ce59ca6c-544c-4ff5-af9e-804caf6d93c0,4422.8
22,22,A,Downtown,DOWNTOWN via McCoy Rd,40,4a327fef-4a1b-4eaa-be2e-75314b164b2c,8503.2
22,22,A,Downtown,DOWNTOWN via McCoy Rd,41,16f625e1-2151-4f85-88c4-8f833ff96ad9,5898.9
22,22,A,Downtown,DOWNTOWN via McCoy Rd,42,096dbb93-8fe6-4803-a93f-c5569f04988c,1.3
22,22,A,Downtown,DOWNTOWN via McCoy Rd,43,377364a7-ca9f-4d2e-abaa-0ec9e8b802de,5002.7
22,22,A,Kennedy,KENNEDY via McCoy Rd,1,0e6e103b-2867-4bd2-810d-fa7d23657308,12006.6
22,22,A,Kennedy,KENNEDY via McCoy Rd,2,c47c95c9-754c-4c1a-8288-ee696b299f5b,14169.0
22,22,A,Kennedy,KENNEDY via McCoy Rd,3,ccddffda-4708-485c-b5d2-dda869149769,8549.8
22,22,A,Kennedy,KENNEDY via McCoy Rd,4,9aeb0534-067f-4072-9537-65dac4ef4276,7061.9
22,22,A,Kennedy,KENNEDY via McCoy Rd,5,93146e0c-e21a-4aba-9433-dd5da597a662,12895.5
22,22,A,Kennedy,KENNEDY via McCoy Rd,6,210f0f16-6a45-470e-8fe2-c2253c8547c9,11611.1
22,22,A,Kennedy,KENNEDY via McCoy Rd,7,a16f5e92-af43-47b2-9855-38cbadcc744d,9646.7
22,22,A,Kennedy,KENNEDY via McCoy Rd,8,090f18a4-8ac8-43ef-9ac7-d74ed4cd6d65,13661.0
22,22,A,Kennedy,KENNEDY via McCoy Rd,9,6bba8a76-ad0a-4eea-96aa-20053a0510ae,11226.5
22,22,A,Kennedy,KENNEDY via McCoy Rd,10,cdfe1823-d79c-4378-b2f2-b015302a695a,6694.2
22,22,A,Kennedy,KENNEDY via McCoy Rd,11,52764a5c-7474-4a42-83e6-92a9b3924b5b,11865.9
22,22,A,Kennedy,KENNEDY via McCoy Rd,12,d7d5ae37-9ee4-44ae-a132-bca8856032e5,13185.2
22,22,A,Kennedy,KENNEDY via McCoy Rd,13,096dbb93-8fe6-4803-a93f-c5569f04988c,15180.1
22,22,A,Kennedy,KENNEDY via McCoy Rd,14,c54aec51-74ca-4094-b833-5527b432880e,0.9
22,22,A,Kennedy,KENNEDY via McCoy Rd,15,5b3bb729-07e0-4679-9c37-8dcbe656f418,10147.1
22,22,A,Kennedy,KENNEDY via McCoy Rd,16,6204b5c5-2a20-45b3-9a91-99171a3db1e0,5985.3
22,22,A,Kennedy,KENNEDY via McCoy Rd,17,48eb9734-ee40-49d2-aee7-cc93d4f89cb7,7792.1
22,22,A,Kennedy,KENNEDY via McCoy Rd,18,15a0cc95-c8cc-434d-8035-b686ff73b192,13018.0
22,22,A,Kennedy,KENNEDY via McCoy Rd,19,ca6e4f18-03f5-4993-8662-657c9f0ef3a6,1579.7
22,22,A,Kennedy,KENNEDY via McCoy Rd,20,0fa12bf9-8637-49fc-86a4-d398b724a670,11373.8
22,22,A,Kennedy,KENNEDY via McCoy Rd,21,fe37b259-73a9-4f6e-9dd2-0198ee9b49d0,14822.8
22,22,A,Kennedy,KENNEDY via McCoy Rd,22,23143393-1bdb-419a-81ce-71166bdbd129,6577.4
22,22,A,Kennedy,KENNEDY via McCoy Rd,23,377364a7-ca9f-4d2e-abaa-0ec9e8b802de,11037.7
22,22,A,Kennedy,KENNEDY via McCoy Rd,24,09271d4f-6a16-497d-adf2-5ebaaf8e08ed,2717.0
22,22,A,Kennedy,KENNEDY via McCoy Rd,25,ce59ca6c-544c-4ff5-af9e-804caf6d93c0,9909.5
22,22,A,Kennedy,KENNEDY via McCoy Rd,26,32dd60f3-1877-432f-bfb9-0f9be2a52a68,13971.5
22,22,A,Kennedy,KENNEDY via McCoy Rd,27,f693905d-e3e6-4cd6-b8c3-c29d069fcd11,9442.9
22,22,A,Kennedy,KENNEDY via McCoy Rd,28,bc312b46-8375-41f3-b04d-cb4f7e4de087,1989.5
22,22,A,Kennedy,KENNEDY via McCoy Rd,29,a11355cf-8cfe-4fc9-a065-4f165f66ea37,12459.1
22,22,A,Kennedy,KENNEDY via McCoy Rd,30,86e36c00-8dd3-4868-b6e0-4daeef6cdb2d,7159.4
22,22,A,Kennedy,KENNEDY via McCoy Rd,31,99557e65-0f23-440d-b2dd-203fc2e64e3a,12342.7
22,22,A,Kennedy,KENNEDY via McCoy Rd,32,8cdf4f2e-b591-4976-8fca-4f48d5d1e969,8756.3
22,22,A,Kennedy,KENNEDY via McCoy Rd,33,6b54634f-d693-4a4f-9e6a-6af6a67656c6,10368.7
22,22,A,Kennedy,KENNEDY via McCoy Rd,34,aa1505d8-6f68-429b-9163-4571791760aa,6842.8
22,22,A,Kennedy,KENNEDY via McCoy Rd,35,08ab765b-771f-48a7-a10c-795cf5867a59,14501.4
22,22,A,Kennedy,KENNEDY via McCoy Rd,36,9c5a28fe-d6f2-4831-9e00-d9a44a6aaeac,3699.4
25,25,A,Downtown,DOWNTOWN via West Busway,1,254a7a35-6a70-4bef-9d71-dbd9733c299f,17060.9
25,25,A,Downtown,DOWNTOWN via West Busway,2,4609f78f-d580-4388-a8f9-cf913970b03e,6257.9
25,25,A,Downtown,DOWNTOWN via West Busway,3,8528f2d5-a72b-42fc-90cd-1deaa81afec7,20777.8
25,25,A,Downtown,DOWNTOWN via West Busway,4,0f20d099-2001-41d9-bebe-e348eca8a33f,25720.0
25,25,A,Downtown,DOWNTOWN via West Busway,5,79c99224-022e-4e10-a5cf-7425b4b574c5,19150.9
25,25,A,Downtown,DOWNTOWN via West Busway,6,ed3c49ed-d939-4114-bf9d-e5a4196c23a8,3234.0
25,25,A,Downtown,DOWNTOWN via West Busway,7,1d216d6f-9ec9-47c5-86c0-6183569f3b77,15471.8
25,25,A,Downtown,DOWNTOWN via West Busway,8,31717011-87cc-492d-8070-3d30ecd95ece,1793.1
25,25,A,Downtown,DOWNTOWN via West Busway,9,e2395a59-550b-4a10-9108-960b1cd4f053,3974.1
25,25,A,Downtown,DOWNTOWN via West Busway,10,ed077422-55e6-49d1-9a50-37c0be832534,990.9
25,25,A,Downtown,DOWNTOWN via West Busway,11,187130b8-f356-426e-9a11-5deb680665b3,25536.0
25,25,A,Downtown,DOWNTOWN via West Busway,12,5f512e00-bc15-4ec4-b7d1-4756b433a50f,13962.9
25,25,A,Downtown,DOWNTOWN via West Busway,13,d7fe18e3-da18-44bf-b519-65b2890a450e,26028.7
25,25,A,Downtown,DOWNTOWN via West Busway,14,2979fbe1-8bd5-4df4-92c2-ab2f68259b91,5447.7
25,25,A,Downtown,DOWNTOWN via West Busway,15,56405429-566d-4ff8-8482-adc9802567e3,23891.1
25,25,A,Downtown,DOWNTOWN via West Busway,16,5e9bb250-5751-40f3-a22b-01f9d0ddbe23,26263.9
25,25,A,Downtown,DOWNTOWN via West Busway,17,6b858e6b-6e59-45e5-9c58-e4f6915755c6,2861.7
25,25,A,Downtown,DOWNTOWN via West Busway,18,5e43f1ad-2ca5-4a26-995c-4531e0062755,6.6
25,25,A,Downtown,DOWNTOWN via West Busway,19,fe0b2ca5-9509-4b87-beb6-851fc2850e9d,4915.1
25,25,A,Downtown,DOWNTOWN via West Busway,20,e54c7462-2c08-448c-99e5-6d4cc7b8a1d3,24310.8
25,25,A,Downtown,DOWNTOWN via West Busway,21,6b0ebe69-e4f9-415d-a62d-c9a2ff14ed3e,26758.2
25,25,A,Downtown,DOWNTOWN via West Busway,22,a2edd237-01d3-491a-979c-da8070e163df,18231.8
25,25,A,Downtown,DOWNTOWN via West Busway,23,27f3ec8f-44b1-4d5f-a44f-2c709574a039,4716.2
25,25,A,Downtown,DOWNTOWN via West Busway,24,2a983257-521f-4ac1-9e3c-ee3b92afc748,2629.3
25,25,A,Downtown,DOWNTOWN via West Busway,25,5a68dec0-5575-42bd-a5c0-222f5dd3faf2,3626.1
25,25,A,Robinson,ROBINSON via West Busway,1,09271d4f-6a16-497d-adf2-5ebaaf8e08ed,3952.7
25,25,A,Robinson,ROBINSON via West Busway,2,d621b670-503c-4f18-abe7-93b5e0bd9477,23101.6
25,25,A,Robinson,ROBINSON via West Busway,3,7c3211a6-a21e-41f6-be50-9cea3735cfa1,22059.4
25,25,A,Robinson,ROBINSON via West Busway,4,75cf59a2-9062-462b-81e4-873c78f17802,960.4
25,25,A,Robinson,ROBINSON via West Busway,5,305e12af-64b0-4ac6-ac4c-428c1dc9fd9c,3.8
25,25,A,Robinson,ROBINSON via West Busway,6,d64e1df6-fa3e-4932-860d-9466dee6c496,6361.7
25,25,A,Robinson,ROBINSON via West Busway,7,bc312b46-8375-41f3-b04d-cb4f7e4de087,3225.1
25,25,A,Robinson,ROBINSON via West Busway,8,c54aec51-74ca-4094-b833-5527b432880e,1236.5
25,25,A,Robinson,ROBINSON via West Busway,9,48e9319f-4275-4f81-9498-a99fcd26cc21,20749.6
25,25,A,Robinson,ROBINSON via West Busway,10,5e43f1ad-2ca5-4a26-995c-4531e0062755,24221.5
25,25,A,Robinson,ROBINSON via West Busway,11,52430752-470a-4c6c-b47f-d40bdcaa2154,417.1
25,25,A,Robinson,ROBINSON via West Busway,12,775e4056-ed7e-4fb7-a733-538365264f00,10088.8
25,25,A,Robinson,ROBINSON via West Busway,13,ca6e4f18-03f5-4993-8662-657c9f0ef3a6,2815.3
25,25,A,Robinson,ROBINSON via West Busway,14,01bfa195-8bad-4267-916e-3ad6b850fdda,22257.1
25,25,A,Robinson,ROBINSON via West Busway,15,d6c07531-1421-427a-b481-0cd4f2e241d8,7995.9
25,25,A,Robinson,ROBINSON via West Busway,16,71eaec7b-1b6e-4fcc-bc69-1581b28961a7,12945.1
25,25,A,Robinson,ROBINSON via West Busway,17,4dae42a7-42d7-475f-8f18-793b00ae2ea3,23546.5
25,25,A,Robinson,ROBINSON via West Busway,18,fe87f9a6-8ee9-4f31-951d-17ddf8d2e95c,8910.4
25,25,A,Robinson,ROBINSON via West Busway,19,7d3bab28-859c-4ab2-87ed-e9ea3c3d66a4,21546.1
25,25,A,Robinson,ROBINSON via West Busway,20,a1b35aa9-7418-425a-b67e-e7f0fd8ffc03,11674.6
25,25,A,Robinson,ROBINSON via West Busway,21,cf30bdc2-9183-435b-b677-de3632adf47d,758.2
8,8,A,Downtown,DOWNTOWN via Perrysville,1,34b42423-da3d-4cff-95d0-7fc2433c72ac,8536.0
8,8,A,Downtown,DOWNTOWN via Perrysville,2,4196d241-83a7-45b3-9e3f-2c86b20a7a58,10492.9
8,8,A,Downtown,DOWNTOWN via Perrysville,3,b78a05ed-edc9-4124-96e6-51a308a60a46,386.0
8,8,A,Downtown,DOWNTOWN via Perrysville,4,f6310276-d9fd-47a7-964f-ab981c70049e,5088.0
8,8,A,Downtown,DOWNTOWN via Perrysville,5,0ebaddf7-829b-4125-b55b-6116d8852c41,3358.2
8,8,A,Downtown,DOWNTOWN via Perrysville,6,56393594-fd37-4a8a-845f-d95b1a01e1a0,1659.0
8,8,A,Downtown,DOWNTOWN via Perrysville,7,fc0041a7-f798-4395-a361-5faa8768abb5,11946.6
8,8,A,Downtown,DOWNTOWN via Perrysville,8,021d96e8-0370-4135-8e58-190f951416c5,4627.5
8,8,A,Downtown,DOWNTOWN via Perrysville,9,b1f3db7a-cbca-4c67-aaf2-68357d5a8449,7948.0
8,8,A,Downtown,DOWNTOWN via Perrysville,10,cdd19ae0-a558-4964-820f-6012018ca0f9,10066.2
8,8,A,Downtown,DOWNTOWN via Perrysville,11,a4bda942-08e3-4651-b9c5-91d6c325cac4,1066.8
8,8,A,Downtown,DOWNTOWN via Perrysville,12,bc749e93-2137-45ff-ba5f-bc19a75b5220,1772.1
8,8,A,Downtown,DOWNTOWN via Perrysville,13,d6c0d815-8395-4995-9606-95dfb8e13800,6959.5
8,8,A,Downtown,DOWNTOWN via Perrysville,14,f7e671d7-ce09-463d-858b-1d41348492dd,1910.1
8,8,A,Downtown,DOWNTOWN via Perrysville,15,ffe5838a-77b8-43d9-8bad-9ba7b8085ed9,2745.0
8,8,A,Downtown,DOWNTOWN via Perrysville,16,c6ad6ba8-1904-483f-9f4e-d51e3f5f71e9,1.6
8,8,A,Downtown,DOWNTOWN via Perrysville,17,79232942-61a7-4115-99ab-e337121ab003,1275.9
8,8,A,Downtown,DOWNTOWN via Perrysville,18,75f24a00-382d-4368-9694-1722e942b423,10355.4
8,8,A,Downtown,DOWNTOWN via Perrysville,19,953b724f-2382-4c48-94fd-ac846cbcdc86,5912.8
8,8,A,Downtown,DOWNTOWN via Perrysville,20,d733e5d3-b9b7-474e-8c0b-a0be2f467114,7661.4
8,8,A,Downtown,DOWNTOWN via Perrysville,21,3435ae1d-b3f2-46fe-9d31-98efaf79d1f1,11163.0
8,8,A,Downtown,DOWNTOWN via Perrysville,22,e79e2de3-e40e-4aa4-8bc9-c075afd6e852,3674.2
8,8,A,Downtown,DOWNTOWN via Perrysville,23,7da41aea-873e-44d3-ae1b-060766fd00a8,12096.6
8,8,A,Downtown,DOWNTOWN via Perrysville,24,6a7d0550-4855-4b4e-b38d-973e79383ec8,153.8
8,8,A,Downtown,DOWNTOWN via Perrysville,25,68a6f810-a28e-4e56-96fb-b2e03da23e6e,6416.6
8,8,A,Downtown,DOWNTOWN via Perrysville,26,84aa9acd-43ff-41fc-b2a3-c4fc57e7c191,657.1
8,8,A,Downtown,DOWNTOWN via Perrysville,27,4a5468dc-de7c-451e-a36e-bf8e5aed34fd,5497.8
8,8,A,Downtown,DOWNTOWN via Perrysville,28,36b30330-1af4-4845-b323-63bd40e5ec57,10840.7
8,8,A,Downtown,DOWNTOWN via Perrysville,29,64332f05-ca3e-476b-ad33-5a71cf58366a,2282.3
8,8,A,Downtown,DOWNTOWN via Perrysville,30,801505fa-1009-4aa7-ae06-f64759c7ec9b,8096.5
8,8,A,Downtown,DOWNTOWN via Perrysville,31,37e71082-8e7c-4b74-ac69-e0477f61e792,2556.7
8,8,A,Downtown,DOWNTOWN via Perrysville,32,b98dd216-ff45-4bf7-b827-f4194f9f75b8,8915.6
8,8,A,Downtown,DOWNTOWN via Perrysville,33,83d2be36-c69b-4275-b1a5-9e717dc8f0cc,6580.7
8,8,A,Downtown,DOWNTOWN via Perrysville,34,f729c438-c8dd-4d80-b92e-d1976e7d3c88,5329.2
8,8,A,Downtown,DOWNTOWN via Perrysville,35,aa6c58ea-6a4a-4e94-bc3d-3a7d290826de,6793.3
8,8,A,Downtown,DOWNTOWN via Perrysville,36,d3694a79-540b-4542-a74d-279828c616de,9619.7
8,8,A,Downtown,DOWNTOWN via Perrysville,37,20055419-26fc-42d5-a6d3-d035621073ba,1396.0
8,8,A,Downtown,DOWNTOWN via Perrysville,38,4d4acb0b-bfe7-488a-b108-1324c4d2a0fa,4420.4
8,8,A,Downtown,DOWNTOWN via Perrysville,39,c3617dcd-f72b-422e-8977-2fdfb9c12693,2106.1
8,8,A,Downtown,DOWNTOWN via Perrysville,40,49e6533f-1501-4f88-9953-923c09f9fbad,2010.7
8,8,A,Downtown,DOWNTOWN via Perrysville,41,bf971fa2-c636-4793-b014-3f7161d48aed,2936.3
8,8,A,Downtown,DOWNTOWN via Perrysville,42,f1cd2360-befb-4bd3-8e52-188d67097354,4989.8
8,8,A,Downtown,DOWNTOWN via Perrysville,43,55b6b40b-b67e-4141-8827-23ef4f3f1656,8382.6
8,8,A,Downtown,DOWNTOWN via Perrysville,44,68ee6c9a-cb33-4ebc-b815-d0cc87225abf,4205.9
8,8,A,Downtown,DOWNTOWN via Perrysville,45,8a3295b7-f4c9-4b31-b35e-1dbb2a648205,885.4
8,8,A,Downtown,DOWNTOWN via Perrysville,46,ee1c99eb-6ef6-4fa8-8131-d7918595b685,12722.2
8,8,A,Downtown,DOWNTOWN via Perrysville,47,57d565ef-b4c0-4b31-a94f-4b7549cb7dc2,11424.1
8,8,A,Downtown,DOWNTOWN via Perrysville,48,1333eba6-d436-41e2-bb97-878f18960493,9274.1
8,8,A,Downtown,DOWNTOWN via Perrysville,49,b7776d3e-f7be-4e45-80d4-63169b30e227,5787.8
8,8,A,Downtown,DOWNTOWN via Perrysville,50,c9e02566-c2da-455f-be08-3d2a0c0ca9b8,9752.9
8,8,A,Downtown,DOWNTOWN via Perrysville,51,b5d1f348-2431-4e4b-a9c6-4caddabe4db5,9466.0
8,8,A,Downtown,DOWNTOWN via Perrysville,52,f487a2a4-f2d2-47cc-87f1-4d6e13400c58,7161.8
8,8,A,Downtown,DOWNTOWN via Perrysville,53,ce8d9649-166f-4489-9ceb-f8b091838fe8,3548.0
8,8,A,Downtown,DOWNTOWN via Perrysville,54,c54aec51-74ca-4094-b833-5527b432880e,13334.8
8,8,A,Downtown,DOWNTOWN via Perrysville,55,d3125f5c-9873-49e1-a720-36324ef32ac8,12960.6
8,8,A,Downtown,DOWNTOWN via Perrysville,56,ba8d02c0-cc71-41b9-93e3-9e50f8c087c9,6172.3
8,8,A,Downtown,DOWNTOWN via Perrysville,57,f4d66c52-b8e6-4750-8f20-fd36fb857f58,8768.3
8,8,A,Downtown,DOWNTOWN via Perrysville,58,35e1d5ce-2585-4f59-be74-43774c372151,7526.6
8,8,A,Downtown,DOWNTOWN via Perrysville,59,b8f5a13e-ae12-4891-bae6-683c035959d7,7398.5
8,8,A,Downtown,DOWNTOWN via Perrysville,60,9b2f776e-1866-4d90-8a47-122170398558,11638.5
8,8,A,Downtown,DOWNTOWN via Perrysville,61,1f9331e1-49e5-41da-b930-34b39a5e44f2,5620.6
8,8,A,Downtown,DOWNTOWN via Perrysville,62,fe9a5efb-b369-4adb-8326-d3c083961958,9105.2
8,8,A,West View,WEST VIEW via Perrysville,1,cd20168e-07f4-4128-9982-ef19c97b79fc,6834.2
8,8,A,West View,WEST VIEW via Perrysville,2,4b8a6822-2838-43bd-9047-46a010f7bc21,6478.4
8,8,A,West View,WEST VIEW via Perrysville,3,c54aec51-74ca-4094-b833-5527b432880e,6.7
8,8,A,West View,WEST VIEW via Perrysville,4,6d7e4721-f4b3-4af2-b1a8-c862a9c54337,11837.7
8,8,A,West View,WEST VIEW via Perrysville,5,e101f03b-d695-4f7d-accb-1b29c6137feb,5608.1
8,8,A,West View,WEST VIEW via Perrysville,6,149b5f7b-fd6a-4ee1-bf76-cd302d3ffb72,5056.6
8,8,A,West View,WEST VIEW via Perrysville,7,9b9909b9-dc3d-42c9-a894-948b14f22484,11198.2
8,8,A,West View,WEST VIEW via Perrysville,8,79b95930-9731-4321-ad51-a3ea14c379f1,10247.8
8,8,A,West View,WEST VIEW via Perrysville,9,234ff828-0583-428c-adca-264a5f3fcbd7,2953.9
8,8,A,West View,WEST VIEW via Perrysville,10,7b285cee-d779-4a5d-afda-e5c98582a5ef,11619.0
8,8,A,West View,WEST VIEW via Perrysville,11,2446f106-43ea-4cde-886f-caeb76e4dc98,7027.1
8,8,A,West View,WEST VIEW via Perrysville,12,92e44523-191a-469a-b1a8-25e178ee4d7b,5435.7
8,8,A,West View,WEST VIEW via Perrysville,13,a69f34dc-2658-4dcc-b37d-d877505e0fa2,6007.1
8,8,A,West View,WEST VIEW via Perrysville,14,c6ad6ba8-1904-483f-9f4e-d51e3f5f71e9,12779.1
8,8,A,West View,WEST VIEW via Perrysville,15,3f98415b-8842-4513-936b-5faf5aab540b,11005.8
8,8,A,West View,WEST VIEW via Perrysville,16,ee22bbcc-0a71-479c-a8fe-cab67f68a1fe,2295.9
8,8,A,West View,WEST VIEW via Perrysville,17,623a4acb-5610-4654-937f-30d69545e03d,1738.0
8,8,A,West View,WEST VIEW via Perrysville,18,6a7d0550-4855-4b4e-b38d-973e79383ec8,12931.3
8,8,A,West View,WEST VIEW via Perrysville,19,66b8157f-e5f3-45b5-ab03-652b19d9beed,10706.3
8,8,A,West View,WEST VIEW via Perrysville,20,c96db21c-2fd3-4f4b-8aa1-7481d9bffb14,7886.5
8,8,A,West View,WEST VIEW via Perrysville,21,d3cfdc94-f8ca-4c9a-91ca-501b0175df1e,248.5
8,8,A,West View,WEST VIEW via Perrysville,22,fe6573d9-0889-4157-b50f-58d5ab732402,7530.0
8,8,A,West View,WEST VIEW via Perrysville,23,91a1cbc7-97e7-428b-bea1-4910716d6eb1,4076.2
8,8,A,West View,WEST VIEW via Perrysville,24,1753e0fa-2d7d-4039-8e66-a34be8d213ca,12360.8
8,8,A,West View,WEST VIEW via Perrysville,25,0e508d6f-c771-4a7f-aabf-96a056b437d0,4888.4
8,8,A,West View,WEST VIEW via Perrysville,26,caf4f00e-95fe-414a-a45f-ca4071151981,12227.4
8,8,A,West View,WEST VIEW via Perrysville,27,b78a05ed-edc9-4124-96e6-51a308a60a46,13163.5
8,8,A,West View,WEST VIEW via Perrysville,28,c694cea2-38d8-4ceb-bd76-af3da4f6b7c4,3251.4
8,8,A,West View,WEST VIEW via Perrysville,29,335ce5cc-a86a-47fe-b446-280ad1bf5e81,5339.0
8,8,A,West View,WEST VIEW via Perrysville,30,39cf554c-ad12-42e1-84dc-8a12b4e808aa,1098.6
8,8,A,West View,WEST VIEW via Perrysville,31,9c547792-e0ba-40ac-b999-743f3f920843,2625.9
8,8,A,West View,WEST VIEW via Perrysville,32,6074cdad-4ba8-4261-9814-cc4f5d0cff79,4609.4
8,8,A,West View,WEST VIEW via Perrysville,33,7471d878-dc5c-4d11-b5f0-715ffbff2f77,1365.7
8,8,A,West View,WEST VIEW via Perrysville,34,debe9775-c708-41c6-aeef-6c1a2e7c7a7f,8823.2
8,8,A,West View,WEST VIEW via Perrysville,35,c8adc518-3b74-4bbf-9d01-01dc873b4e76,9633.2
8,8,A,West View,WEST VIEW via Perrysville,36,7e4df623-114a-4e8a-99e8-c617e8053655,4457.3
8,8,A,West View,WEST VIEW via Perrysville,37,a2fafdf9-8a90-4791-a12a-f41541b93480,3565.2
8,8,A,West View,WEST VIEW via Perrysville,38,ec568981-6ab0-433a-8557-5a8cb33b601b,12052.8
8,8,A,West View,WEST VIEW via Perrysville,39,51c5ef51-1f6d-43a8-af42-61999df983c4,6233.6
8,8,A,West View,WEST VIEW via Perrysville,40,ab4d6e79-1200-40d4-9db6-27fe30ef2e83,814.2
8,8,A,West View,WEST VIEW via Perrysville,41,727ec0fc-c75b-4142-9234-c4abe0c5b235,4283.8
8,8,A,West View,WEST VIEW via Perrysville,42,6c81d766-c4f5-47df-a6d6-8f5a59d5548b,2449.6
8,8,A,West View,WEST VIEW via Perrysville,43,d354f655-40a2-4bae-98ad-79a541f32728,3890.5
8,8,A,West View,WEST VIEW via Perrysville,44,f41efa44-f8eb-4dd1-84b4-4966493f859b,3995.8
8,8,A,West View,WEST VIEW via Perrysville,45,d2ef2ac3-d48d-49f1-986b-95351dd5874b,7384.0
8,8,A,West View,WEST VIEW via Perrysville,46,7df9d08d-adac-4325-ba51-27181c4fd99c,10878.1
8,8,A,West View,WEST VIEW via Perrysville,47,693f2157-2db6-45f9-9184-a711feeb5f2d,3399.3
8,8,A,West View,WEST VIEW via Perrysville,48,da762b8e-20da-47e4-87fb-03e47d74c5a1,5863.2
8,8,A,West View,WEST VIEW via Perrysville,49,c9369acd-7607-4530-971b-577f1e81d900,1530.3
8,8,A,West View,WEST VIEW via Perrysville,50,e106b9f0-f202-4dfd-8a3e-b9fc1df6b52e,9265.3
8,8,A,West View,WEST VIEW via Perrysville,51,ce1ebf3d-631e-4f31-8926-959baf671896,3661.5
8,8,A,West View,WEST VIEW via Perrysville,52,67013a8b-fafc-46bf-b99b-60795badcef4,11378.0
8,8,A,West View,WEST VIEW via Perrysville,53,43115ed3-0135-47dc-8a62-d74ea2b2ab46,8359.1
8,8,A,West View,WEST VIEW via Perrysville,54,7f778fde-e0f6-43d6-bc2a-1b0d7352cc21,7690.3
8,8,A,West View,WEST VIEW via Perrysville,55,2862ccdc-571f-4645-a626-1f9f11f245a2,9449.9
8,8,A,West View,WEST VIEW via Perrysville,56,ab9bd98e-4893-4a34-aec2-d5748bb67d75,8058.6
8,8,A,West View,WEST VIEW via Perrysville,57,7c5f6fbf-9e27-4677-824e-f0a149dac77e,2017.0
8,8,A,West View,WEST VIEW via Perrysville,58,796a6c52-945f-4a1e-b7a9-93eb8de6adca,6618.6
8,8,A,West View,WEST VIEW via Perrysville,59,370ada87-07c0-445c-9348-a0d2c04803fc,10430.8
8,8,A,West View,WEST VIEW via Perrysville,60,edae1b2a-c52a-4f41-9bd5-348e0c937459,7184.6
8,8,A,West View,WEST VIEW via Perrysville,61,1ab67dd8-46eb-4c48-8e89-b963d49a4913,9968.2
53S,53,A,Homestead,"DOWNTOWN via Munhall, Homestead, Greenfield",1,a4b964d0-1381-4f01-a85b-e74e0a57a40c,323.2
53S,53,A,Homestead,"DOWNTOWN via Munhall, Homestead, Greenfield",2,cd454577-aa32-498b-b398-3ce4838bb40f,9148.9
53S,53,A,Homestead,"DOWNTOWN via Munhall, Homestead, Greenfield",3,c66eac31-bc94-4df9-b3f9-439dda07a767,2869.0
53S,53,A,Homestead,"DOWNTOWN via Munhall, Homestead, Greenfield",4,cd91a609-c113-4585-b476-897fcb712011,10249.2
53S,53,A,Homestead,"DOWNTOWN via Munhall, Homestead, Greenfield",5,34ee5d4c-51e2-415c-9b26-9d0c0efad525,19432.4
53S,53,A,Homestead,"DOWNTOWN via Munhall, Homestead, Greenfield",6,b0a7deae-d28d-4412-b342-acb8ade30db3,5972.7
53S,53,A,Homestead,"DOWNTOWN via Munhall, Homestead, Greenfield",7,b8163a2f-13d8-4a67-aaeb-71d4796c6464,19525.9
53S,53,A,Homestead,"DOWNTOWN via Munhall, Homestead, Greenfield",8,7a320d2e-ab6e-4336-acac-ff1405c2802b,16968.0
53S,53,A,Homestead,"DOWNTOWN via Munhall, Homestead, Greenfield",9,ffa0c01f-760d-4913-a629-17452569a36a,18850
53S,53,A,Homestead,"DOWNTOWN via Munhall, Homestead, Greenfield",10,3517b3b9-0752-409f-9232-32c2f66c60b2,19995.8
53S,53,A,Homestead,"DOWNTOWN via Munhall, Homestead, Greenfield",11,851dbfd7-b488-4b6c-99ba-c4e6e2d0d142,5676.7
53S,53,A,Homestead,"DOWNTOWN via Munhall, Homestead, Greenfield",12,32299c47-857e-4146-972f-7d8e420d821f,6934.5
53S,53,A,Homestead,"DOWNTOWN via Munhall, Homestead, Greenfield",13,28efeed5-675b-4dd2-a11a-01bc1bea579f,4821.1
53S,53,A,Homestead,"DOWNTOWN via Munhall, Homestead, Greenfield",14,ad602be4-ce88-4a17-b143-bc508c3bfdce,9002.5
53S,53,A,Homestead,"DOWNTOWN via Munhall, Homestead, Greenfield",15,0f8a835d-2e85-48dc-9961-b48300f84e2c,19615.0
53S,53,A,Homestead,"DOWNTOWN via Munhall, Homestead, Greenfield",16,ec3b9c9f-06ac-40ce-a246-13ed9c401223,12187.0
53S,53,A,Homestead,"DOWNTOWN via Munhall, Homestead, Greenfield",17,2776f299-1402-43f8-8679-1c7405467eed,17141.4
53S,53,A,Homestead,"DOWNTOWN via Munhall, Homestead, Greenfield",18,2011b29d-a34f-4ca4-804c-6bb908fede38,12796.3
53S,53,A,Homestead,"DOWNTOWN via Munhall, Homestead, Greenfield",19,c12bf486-b39a-4a06-b72f-a0c0f71e5e69,11239.8
53S,53,A,Homestead,"DOWNTOWN via Munhall, Homestead, Greenfield",20,56b65fcf-fda3-46b0-a457-841a0463c279,17460.0
53S,53,A,Homestead,"DOWNTOWN via Munhall, Homestead, Greenfield",21,a11ac907-e1dd-4dde-9965-000f42039ee9,18119.0
53S,53,A,Homestead,"DOWNTOWN via Munhall, Homestead, Greenfield",22,138d1ff8-8052-4477-a20a-c227162479ee,16178.7
53S,53,A,Homestead,"DOWNTOWN via Munhall, Homestead, Greenfield",23,302963cf-7175-473c-8e0b-f666a3865604,7298.1
53S,53,A,Homestead,"DOWNTOWN via Munhall, Homestead, Greenfield",24,972831c6-4e68-4dab-884a-a245ee7abb37,15730.7
53S,53,A,Homestead,"DOWNTOWN via Munhall, Homestead, Greenfield",25,81898417-ec33-49e2-bea8-d49515a9256f,15868.3
53S,53,A,Homestead,"DOWNTOWN via Munhall, Homestead, Greenfield",26,5df8bb5b-c31d-421d-b55c-7d64461c9c3c,18317.8
53S,53,A,Homestead,"DOWNTOWN via Munhall, Homestead, Greenfield",27,2b6e25e8-0510-4265-8a04-1f01d82bd2ff,14157.6
53S,53,A,Homestead,"DOWNTOWN via Munhall, Homestead, Greenfield",28,0b3f9c4e-c7e0-4585-ba0a-e87b38c14a53,18592.8
53S,53,A,Homestead,"DOWNTOWN via Munhall, Homestead, Greenfield",29,250d5da3-92d3-4046-a56b-2b3048b4ea7e,11527.0
53S,53,A,Homestead,"DOWNTOWN via Munhall, Homestead, Greenfield",30,b7d96b66-8a88-4042-943a-f918ebb508a2,7007.5
53S,53,A,Homestead,"DOWNTOWN via Munhall, Homestead, Greenfield",31,025aca43-1775-4f56-9f4e-cd2b90ae3e41,6766.0
53S,53,A,Homestead,"DOWNTOWN via Munhall, Homestead, Greenfield",32,85838c26-bee3-4d90-8ed2-27a0b7400493,6347.2
53S,53,A,Homestead,"DOWNTOWN via Munhall, Homestead, Greenfield",33,debf03e6-dc45-4878-b650-e896cd16b659,16519.6
53S,53,A,Homestead,"DOWNTOWN via Munhall, Homestead, Greenfield",34,0e0a4887-4a42-4c3a-aad7-7add52601966,17554.6
53S,53,A,Homestead,"DOWNTOWN via Munhall, Homestead, Greenfield",35,feb30ed8-113d-4255-bd0e-2d0d6596230e,15336.3
53S,53,A,Homestead,"DOWNTOWN via Munhall, Homestead, Greenfield",36,8445b99c-175b-4aeb-9326-acf28a75d8c1,16685.4
53S,53,A,Homestead,"DOWNTOWN via Munhall, Homestead, Greenfield",37,b8b5703a-1a76-4092-8e89-6566af7b4959,2425.1
53S,53,A,Homestead,"DOWNTOWN via Munhall, Homestead, Greenfield",38,56b2ccab-a0ad-43ec-983b-a8f238143251,12573.2
53S,53,A,Homestead,"DOWNTOWN via Munhall, Homestead, Greenfield",39,e401b759-5067-47ee-8e80-77409944fa09,13092.4
53S,53,A,Homestead,"DOWNTOWN via Munhall, Homestead, Greenfield",40,7a267625-6dfb-4f32-943a-43a56c7e62ca,15523.4
53S,53,A,Homestead,"DOWNTOWN via Munhall, Homestead, Greenfield",41,5fb2592c-8f92-48e1-be86-07446f306e82,18485.8
53S,53,A,Homestead,"DOWNTOWN via Munhall, Homestead, Greenfield",42,a2b84085-44e2-49ce-9d15-9fec64dbed4a,17362.8
53S,53,A,Homestead,"DOWNTOWN via Munhall, Homestead, Greenfield",43,f9960d92-5afd-474f-99c9-8fd7cf600fe8,14426.0
53S,53,A,Homestead,"DOWNTOWN via Munhall, Homestead, Greenfield",44,90f10ac3-8173-4287-a315-37fac4a58526,11235.9
53S,53,A,Homestead,"DOWNTOWN via Munhall, Homestead, Greenfield",45,8c82536e-dd7b-48a8-a5a6-4779d034fc90,17809.6
53S,53,A,Homestead,"DOWNTOWN via Munhall, Homestead, Greenfield",46,410e3bb2-882f-4f7f-83ca-1dc3bc42fbb5,8518.7
53S,53,A,Homestead,"DOWNTOWN via Munhall, Homestead, Greenfield",47,23d333e3-bd52-44c8-81c9-b8a2b9a20386,14713.1
53S,53,A,Homestead,"DOWNTOWN via Munhall, Homestead, Greenfield",48,d69c884c-aafb-4834-9ca4-9a80ec182185,16022.2
53S,53,A,Homestead,"DOWNTOWN via Munhall, Homestead, Greenfield",49,22877d5e-7143-4831-ba57-3d6a876f3785,15126.9
53S,53,A,Homestead,"DOWNTOWN via Munhall, Homestead, Greenfield",50,1d975693-0a09-4d2d-9d48-4ab6aa55db4d,18227.9
53S,53,A,Homestead,"DOWNTOWN via Munhall, Homestead, Greenfield",51,ad3be501-1c27-4c56-b97f-ab6752be66d0,3861.1
53S,53,A,Homestead,"DOWNTOWN via Munhall, Homestead, Greenfield",52,973056fd-d468-4a0c-941c-583d361561c1,16850.0
53S,53,A,Homestead,"DOWNTOWN via Munhall, Homestead, Greenfield",53,693e002d-5ad1-4bac-9dc4-db17ae8d2e26,3225.1
53S,53,A,Homestead,"DOWNTOWN via Munhall, Homestead, Greenfield",54,d9513d1e-fc82-4aa9-bf29-d613c9f90978,19018.7
53S,53,A,Homestead,"DOWNTOWN via Munhall, Homestead, Greenfield",55,6c4af514-267f-4792-8082-0ee3024dff3d,13867.8
53S,53,A,Homestead,"DOWNTOWN via Munhall, Homestead, Greenfield",56,9b5a5d8d-ede6-4b85-b75b-688dd9f81a8a,1.5
53S,53,A,Homestead,"DOWNTOWN via Munhall, Homestead, Greenfield",57,ece585ed-902b-4e5f-b0e3-ae63dcd6f376,13443.4
53S,53,A,Homestead,"DOWNTOWN via Munhall, Homestead, Greenfield",58,c5fe76de-e60c-4717-ae54-56e714aebe78,21067.9
53S,53,A,Homestead,"DOWNTOWN via Munhall, Homestead, Greenfield",59,e9f51d81-d201-4a33-9513-e28785662f1a,16344.0
53S,53,A,Homestead,"DOWNTOWN via Munhall, Homestead, Greenfield",60,df33ba51-0446-45cc-a827-7dd82f6296a1,19249.4
53S,53,A,Homestead,"DOWNTOWN via Munhall, Homestead, Greenfield",61,2663c586-fa5f-43e3-ae16-0fb32875f289,9409.9
53S,53,A,Homestead,"DOWNTOWN via Munhall, Homestead, Greenfield",62,06146b25-cf8c-44ef-924f-cb69cc1648ee,14314.0
53S,53,A,Homestead,"DOWNTOWN via Munhall, Homestead, Greenfield",63,2bf80d81-02b0-4642-8c03-749fda4a67f4,4468.2
53S,53,A,Homestead,"DOWNTOWN via Munhall, Homestead, Greenfield",64,54d9dce4-cccf-4bb9-a50b-b2eb248bf06c,14922.1
53S,53,A,Homestead,"DOWNTOWN via Munhall, Homestead, Greenfield",65,568df08a-efe6-416f-a44b-1eaa208487d9,8881.9
53S,53,A,Homestead,"DOWNTOWN via Munhall, Homestead, Greenfield",66,25c2317e-7b81-44e6-98d0-51dd25e38bbd,7966.9
53S,53,A,West Mifflin,"WEST MIFFLIN via Munhall, Homestead, Greenfield",1,66e3315d-3b25-493e-8365-fd4eabb69dd0,7990.4
53S,53,A,West Mifflin,"WEST MIFFLIN via Munhall, Homestead, Greenfield",2,f3c874f5-7ede-4180-a866-0788d9d04e69,6336.5
53S,53,A,West Mifflin,"WEST MIFFLIN via Munhall, Homestead, Greenfield",3,598fbb6a-07e0-4020-8260-8e746c3c1f08,4898.0
53S,53,A,West Mifflin,"WEST MIFFLIN via Munhall, Homestead, Greenfield",4,1451d19d-ed0f-45a4-9029-34efd291d6a4,4244.1
53S,53,A,West Mifflin,"WEST MIFFLIN via Munhall, Homestead, Greenfield",5,28efeed5-675b-4dd2-a11a-01bc1bea579f,17738.7
53S,53,A,West Mifflin,"WEST MIFFLIN via Munhall, Homestead, Greenfield",6,e3c42213-38bd-4a34-8d41-51584a256fac,5078.5
53S,53,A,West Mifflin,"WEST MIFFLIN via Munhall, Homestead, Greenfield",7,b0526be6-ce42-4962-9e8c-2d5bc9989e15,9577.1
53S,53,A,West Mifflin,"WEST MIFFLIN via Munhall, Homestead, Greenfield",8,cc07490b-aeb9-4e37-a2cf-cb8db7631c16,20298.6
53S,53,A,West Mifflin,"WEST MIFFLIN via Munhall, Homestead, Greenfield",9,5a74e02a-a5c3-44a6-8295-0e8995c14526,2083.7
53S,53,A,West Mifflin,"WEST MIFFLIN via Munhall, Homestead, Greenfield",10,2663c586-fa5f-43e3-ae16-0fb32875f289,12201.7
53S,53,A,West Mifflin,"WEST MIFFLIN via Munhall, Homestead, Greenfield",11,302963cf-7175-473c-8e0b-f666a3865604,10385.3
53S,53,A,West Mifflin,"WEST MIFFLIN via Munhall, Homestead, Greenfield",12,c6a73726-9289-4cef-8be5-d44be9fca5f4,3089.6
53S,53,A,West Mifflin,"WEST MIFFLIN via Munhall, Homestead, Greenfield",13,39f0813c-974f-4d68-bb26-10708054f0f6,4271.0
53S,53,A,West Mifflin,"WEST MIFFLIN via Munhall, Homestead, Greenfield",14,b7d96b66-8a88-4042-943a-f918ebb508a2,10094.8
53S,53,A,West Mifflin,"WEST MIFFLIN via Munhall, Homestead, Greenfield",15,cd91a609-c113-4585-b476-897fcb712011,13334.9
53S,53,A,West Mifflin,"WEST MIFFLIN via Munhall, Homestead, Greenfield",16,bfb1c231-e9e3-4263-8a87-9eda49358f0c,2302.8
53S,53,A,West Mifflin,"WEST MIFFLIN via Munhall, Homestead, Greenfield",17,ad602be4-ce88-4a17-b143-bc508c3bfdce,12112.4
53S,53,A,West Mifflin,"WEST MIFFLIN via Munhall, Homestead, Greenfield",18,34edc18e-8e66-4546-b41d-ba15cbf69312,3164.5
53S,53,A,West Mifflin,"WEST MIFFLIN via Munhall, Homestead, Greenfield",19,297426fe-2dad-4ebc-a544-277759f65305,5696.0
53S,53,A,West Mifflin,"WEST MIFFLIN via Munhall, Homestead, Greenfield",20,49d4a26c-6668-4e1b-a210-65bc7723d69e,2036.8
53S,53,A,West Mifflin,"WEST MIFFLIN via Munhall, Homestead, Greenfield",21,e4c7d5a7-df20-46f5-b6c8-0ce1b121f1ae,3774.5
53S,53,A,West Mifflin,"WEST MIFFLIN via Munhall, Homestead, Greenfield",22,94312981-5832-4385-a7a6-daef19e192a2,5300.0
53S,53,A,West Mifflin,"WEST MIFFLIN via Munhall, Homestead, Greenfield",23,838dd25c-f3a9-416f-ab3c-650140ad7fa1,1184.3
53S,53,A,West Mifflin,"WEST MIFFLIN via Munhall, Homestead, Greenfield",24,c5fe76de-e60c-4717-ae54-56e714aebe78,5.1
53S,53,A,West Mifflin,"WEST MIFFLIN via Munhall, Homestead, Greenfield",25,32299c47-857e-4146-972f-7d8e420d821f,13717.0
53S,53,A,West Mifflin,"WEST MIFFLIN via Munhall, Homestead, Greenfield",26,c7fee4a7-7582-4522-b388-5a3b9a2d27ce,14956.5
53S,53,A,West Mifflin,"WEST MIFFLIN via Munhall, Homestead, Greenfield",27,25a9abb5-1cdb-48a2-9e77-368c67b21855,3697.2
53S,53,A,West Mifflin,"WEST MIFFLIN via Munhall, Homestead, Greenfield",28,3c0fe1be-5158-454f-8c5b-4afba6844633,8421.8
53S,53,A,West Mifflin,"WEST MIFFLIN via Munhall, Homestead, Greenfield",29,4d87978f-15a7-46be-b94b-fa203761547e,7449.4
53S,53,A,West Mifflin,"WEST MIFFLIN via Munhall, Homestead, Greenfield",30,80b85b0a-ca35-4058-940b-be727394aab4,2490.5
53S,53,A,West Mifflin,"WEST MIFFLIN via Munhall, Homestead, Greenfield",31,c66eac31-bc94-4df9-b3f9-439dda07a767,15811.5
53S,53,A,West Mifflin,"WEST MIFFLIN via Munhall, Homestead, Greenfield",32,9cfebb11-4e54-4632-9e85-1f32c873c432,9302.0
53S,53,A,West Mifflin,"WEST MIFFLIN via Munhall, Homestead, Greenfield",33,e9afc87e-4c5e-41c7-b5e4-4ea1c03edd37,6747.0
53S,53,A,West Mifflin,"WEST MIFFLIN via Munhall, Homestead, Greenfield",34,39cf76ca-cb4d-4a65-aba9-ff435a05d676,4504.9
53S,53,A,West Mifflin,"WEST MIFFLIN via Munhall, Homestead, Greenfield",35,568df08a-efe6-416f-a44b-1eaa208487d9,12056.2
53S,53,A,West Mifflin,"WEST MIFFLIN via Munhall, Homestead, Greenfield",36,fa16e6c9-53ee-4142-9050-f25fe6e8b2a0,3267.1
53S,53,A,West Mifflin,"WEST MIFFLIN via Munhall, Homestead, Greenfield",37,693e002d-5ad1-4bac-9dc4-db17ae8d2e26,16167.6
53S,53,A,West Mifflin,"WEST MIFFLIN via Munhall, Homestead, Greenfield",38,d0e1f5fb-2d25-4eab-bdb2-0b1380fd0cbc,8151.5
53S,53,A,West Mifflin,"WEST MIFFLIN via Munhall, Homestead, Greenfield",39,a89b034c-7a3d-468e-a6f1-30d408d276f7,20576.1
53S,53,A,West Mifflin,"WEST MIFFLIN via Munhall, Homestead, Greenfield",40,ad3be501-1c27-4c56-b97f-ab6752be66d0,16779.3
53S,53,A,West Mifflin,"WEST MIFFLIN via Munhall, Homestead, Greenfield",41,739649ab-c288-42ff-815f-9c370739a4f4,14277.6
53S,53,A,West Mifflin,"WEST MIFFLIN via Munhall, Homestead, Greenfield",42,70da6dae-5dd0-41d3-8ea8-6a42bb9da1e3,6176.8
53S,53,A,West Mifflin,"WEST MIFFLIN via Munhall, Homestead, Greenfield",43,025aca43-1775-4f56-9f4e-cd2b90ae3e41,9853.2
53S,53,A,West Mifflin,"WEST MIFFLIN via Munhall, Homestead, Greenfield",44,01f00c42-bd42-4354-b7b0-4c953cadb896,2822.6
53S,53,A,West Mifflin,"WEST MIFFLIN via Munhall, Homestead, Greenfield",45,54355ca6-8162-487c-8906-50c22888ddd6,1769.7
53S,53,A,West Mifflin,"WEST MIFFLIN via Munhall, Homestead, Greenfield",46,6cb02027-6b68-40ce-bcee-4870729b5905,1416.6
53S,53,A,West Mifflin,"WEST MIFFLIN via Munhall, Homestead, Greenfield",47,6a641faa-b285-4580-bcd3-84f239063c3c,14667.2
53S,53,A,West Mifflin,"WEST MIFFLIN via Munhall, Homestead, Greenfield",48,410e3bb2-882f-4f7f-83ca-1dc3bc42fbb5,11587.7
53S,53,A,West Mifflin,"WEST MIFFLIN via Munhall, Homestead, Greenfield",49,8a6e506d-d6a7-4b44-9f6e-b31f548548ed,7826.5
53S,53,A,West Mifflin,"WEST MIFFLIN via Munhall, Homestead, Greenfield",50,c523b821-564e-43cf-8af7-2484ab50f4fc,7212.8
53S,53,A,West Mifflin,"WEST MIFFLIN via Munhall, Homestead, Greenfield",51,25a85f78-15a2-48d8-a1b7-1be2de0f23fb,13961.7
53S,53,A,West Mifflin,"WEST MIFFLIN via Munhall, Homestead, Greenfield",52,01c2f4b6-60f5-42b9-a0bc-09a1d2ddf31c,3357.2
53S,53,A,West Mifflin,"WEST MIFFLIN via Munhall, Homestead, Greenfield",53,88281e10-50f8-4dfe-a51f-cfef629b50c8,4754.8
53S,53,A,West Mifflin,"WEST MIFFLIN via Munhall, Homestead, Greenfield",54,911d2864-4273-4c35-945b-2ab0486fc7ea,6515.1
53S,53,A,West Mifflin,"WEST MIFFLIN via Munhall, Homestead, Greenfield",55,7c9296a9-b4d5-4ab9-be6c-97bc25717863,4760.9
53S,53,A,West Mifflin,"WEST MIFFLIN via Munhall, Homestead, Greenfield",56,7eee2c76-0c17-4ab0-803c-905a2912b747,4021.8
53S,53,A,West Mifflin,"WEST MIFFLIN via Munhall, Homestead, Greenfield",57,91f6c750-4350-49ac-88ee-c43fb0b8c3a1,2153.0
53S,53,A,West Mifflin,"WEST MIFFLIN via Munhall, Homestead, Greenfield",58,1202dc10-2f55-4154-8bbb-860b89aa8212,614.2
53S,53,A,West Mifflin,"WEST MIFFLIN via Munhall, Homestead, Greenfield",59,261e985b-1e10-4859-a81b-77466881e6c9,1587.5
53S,53,A,West Mifflin,"WEST MIFFLIN via Munhall, Homestead, Greenfield",60,01c2ca7f-5602-47f2-a0d3-e76539ae05ce,978.6
53S,53,A,West Mifflin,"WEST MIFFLIN via Munhall, Homestead, Greenfield",61,ef63fc9a-905a-4fa1-8f85-a2cd6bed4909,3939.4
53S,53,A,West Mifflin,"WEST MIFFLIN via Munhall, Homestead, Greenfield",62,3eac665d-aaaf-491a-bf4e-aeb420a3c034,3473.0
53S,53,A,West Mifflin,"WEST MIFFLIN via Munhall, Homestead, Greenfield",63,abbe72ca-4c73-40e1-bba8-11ab28bc875d,5512.8
53S,53,A,West Mifflin,"WEST MIFFLIN via Munhall, Homestead, Greenfield",64,d64f90f8-e1cc-40f8-85bb-1ecc931b5539,5953.1
53S,53,A,West Mifflin,"WEST MIFFLIN via Munhall, Homestead, Greenfield",65,c1fcfcdb-0c7e-453c-9d9b-6fa39df7ef05,1947.8
RED,RED,A,Downtown,ALLEGHENY STATION,1,63e70ccd-ba7f-45f8-813a-3cb26fb9bd57,3705.2
RED,RED,A,Downtown,ALLEGHENY STATION,2,4f6d4449-f658-43e2-bfe4-4834a6d56b5a,9919.2
RED,RED,A,Downtown,ALLEGHENY STATION,3,958fd0da-90dd-4f12-9a87-b30f20d769de,15191.0
RED,RED,A,Downtown,ALLEGHENY STATION,4,c2da6252-1e19-415b-bbf5-58c8ea74646f,8867.0
RED,RED,A,Downtown,ALLEGHENY STATION,5,1ce98029-47de-4628-a2fb-9c7a43b6a4bf,6741.9
RED,RED,A,Downtown,ALLEGHENY STATION,6,ce43b6a0-1687-44d7-85f0-7c0fa2525c7b,16607.7
RED,RED,A,Downtown,ALLEGHENY STATION,7,c89c8624-5390-4898-a881-066e9f427a5f,5055.6
RED,RED,A,Downtown,ALLEGHENY STATION,8,367cf944-2477-4bd1-b1e5-bd84cc134f4e,2913.3
RED,RED,A,Downtown,ALLEGHENY STATION,9,42ec10de-d749-4ac0-8841-3574da2c7153,0
RED,RED,A,Downtown,ALLEGHENY STATION,10,b1048580-9ce3-4aa1-8f41-6d6bbd4183a2,915.5
RED,RED,A,Downtown,ALLEGHENY STATION,11,79936791-5c3b-4c29-ac1f-80dc9aa76fac,4735.4
RED,RED,A,Downtown,ALLEGHENY STATION,12,7d3af61e-80a6-4fb7-b649-a032eb0cc382,12240.9
RED,RED,A,Downtown,ALLEGHENY STATION,13,0530c06f-465b-4128-a9c7-4706188a9243,5782.6
RED,RED,A,Downtown,ALLEGHENY STATION,14,aa8cec72-b7d6-4b0f-8649-5bb61f5bb406,2104.1
RED,RED,A,Downtown,ALLEGHENY STATION,15,02dee4db-d9f2-449c-b6b8-9f4b0dc9a45a,8542.1
RED,RED,A,Downtown,ALLEGHENY STATION,16,485e9f8b-9ff8-4918-8ed8-99fe9551b90e,12907.6
RED,RED,A,Downtown,ALLEGHENY STATION,17,e12ff56a-39d4-4b51-835e-57ee26cf2704,14347.1
RED,RED,A,Downtown,ALLEGHENY STATION,18,ea61edd7-dff3-4488-94a6-212c489dc476,3253.7
RED,RED,A,Downtown,ALLEGHENY STATION,19,88de9607-0dc3-4668-b031-17240f027add,1606.4
RED,RED,A,Downtown,ALLEGHENY STATION,20,7d6a7203-c22b-406c-a9a6-3400722fa912,16179.5
RED,RED,A,Downtown,ALLEGHENY STATION,21,15b355eb-5acf-4731-8048-964cede25fc0,9434.7
RED,RED,A,Downtown,ALLEGHENY STATION,22,bc35850b-8d81-421b-8509-02752f357db5,11840.6
RED,RED,A,Downtown,ALLEGHENY STATION,23,b19f48f2-b24d-417e-9ebf-a636b50e8432,4313.6
RED,RED,A,Downtown,ALLEGHENY STATION,24,0a5ad80b-604f-45d6-8800-2de9141b6d96,17691.5
RED,RED,A,Downtown,ALLEGHENY STATION,25,a55bec80-221c-4b70-8988-d444eca42a3d,10382.3
RED,RED,A,Downtown,ALLEGHENY STATION,26,fc087645-9a1f-4192-a656-99099bf5577b,504.0
RED,RED,A,Downtown,ALLEGHENY STATION,27,dcfd8fc9-1513-4ce5-9d44-8d0c6f228487,10578.9
RED,RED,A,Downtown,ALLEGHENY STATION,28,9db6f7fe-48f1-403b-8940-3ec6a3a38f97,15694.6
RED,RED,A,Downtown,ALLEGHENY STATION,29,aa53ce3b-cf30-4c18-b815-e48e5582a65b,7805.5
RED,RED,A,Downtown,ALLEGHENY STATION,30,cc7e924b-0c4c-4471-b535-ca78f23b03c5,10880.2
RED,RED,A,South Hills Village,SOUTH HILLS VILLAGE,1,f2b16750-0e64-4a2d-a578-299cf23d0abc,16183.9
RED,RED,A,South Hills Village,SOUTH HILLS VILLAGE,2,69c63ba9-5bb6-4a95-8d3d-8882ccd8f620,5494.6
RED,RED,A,South Hills Village,SOUTH HILLS VILLAGE,3,290c21b6-591d-4962-ae56-a70beb5177a8,13991.8
RED,RED,A,South Hills Village,SOUTH HILLS VILLAGE,4,f5f231ef-e502-42a6-aafa-e59c8f7451db,13637.4
RED,RED,A,South Hills Village,SOUTH HILLS VILLAGE,5,97b9c419-bca5-49bc-be44-6861ee58ef7e,9816.3
RED,RED,A,South Hills Village,SOUTH HILLS VILLAGE,6,d9d23fd7-d14c-4783-8d27-cab76a33c416,18361.4
RED,RED,A,South Hills Village,SOUTH HILLS VILLAGE,7,922d68be-4e37-4976-8697-37ecc93766d2,7751.1
RED,RED,A,South Hills Village,SOUTH HILLS VILLAGE,8,ecc794e1-f8d6-4595-a3ac-3ea9e8f3c2c2,3153.6
RED,RED,A,South Hills Village,SOUTH HILLS VILLAGE,9,b464a41f-4917-4249-9ca3-5152c9bba965,4005.6
RED,RED,A,South Hills Village,SOUTH HILLS VILLAGE,10,3cb0c283-13ec-46cc-b61d-a34d6e26e5df,8357.4
RED,RED,A,South Hills Village,SOUTH HILLS VILLAGE,11,d1e151aa-7765-43d6-b453-490418e1993c,700.0
RED,RED,A,South Hills Village,SOUTH HILLS VILLAGE,12,888ddc3f-ebe3-463f-afd1-11dac56faa33,6100.2
RED,RED,A,South Hills Village,SOUTH HILLS VILLAGE,13,f35344f3-031f-44e9-a460-a5c10ea3cd84,7848.8
RED,RED,A,South Hills Village,SOUTH HILLS VILLAGE,14,edcddd8e-5489-4463-9cb3-ba79ce90b8b3,11628.7
RED,RED,A,South Hills Village,SOUTH HILLS VILLAGE,15,5a5b16e3-c285-4901-adb4-19b41c632391,12580.1
RED,RED,A,South Hills Village,SOUTH HILLS VILLAGE,16,6ec03b91-cbdf-4014-be2e-3d5424e2f3a3,2124.8
RED,RED,A,South Hills Village,SOUTH HILLS VILLAGE,17,e2b9c1c7-e727-4d9b-a5d2-2ba88c602d43,8842.3
RED,RED,A,South Hills Village,SOUTH HILLS VILLAGE,18,9fb1f879-ee18-4322-b725-1411d3488b94,17500.4
RED,RED,A,South Hills Village,SOUTH HILLS VILLAGE,19,8fa0ac4f-16e6-4ba0-8ee8-b50e3f03c593,10585.2
RED,RED,A,South Hills Village,SOUTH HILLS VILLAGE,20,6a605182-1537-4c0f-bc3c-829f35e2c46a,9476.5
RED,RED,A,South Hills Village,SOUTH HILLS VILLAGE,21,d26b6d28-ba73-45f7-a647-430449f31998,2649.3
RED,RED,A,South Hills Village,SOUTH HILLS VILLAGE,22,d1fc8d3e-895c-4e8a-b1c5-ceec9ffc9cfe,7443.7
RED,RED,A,South Hills Village,SOUTH HILLS VILLAGE,23,f1d89849-fd7a-462b-b154-e879f2f616c0,6442.6
RED,RED,A,South Hills Village,SOUTH HILLS VILLAGE,24,ce43b6a0-1687-44d7-85f0-7c0fa2525c7b,1699.4
RED,RED,A,South Hills Village,SOUTH HILLS VILLAGE,25,373f6835-2ddb-4f29-85cd-e14f5bad1046,16702.5
RED,RED,A,South Hills Village,SOUTH HILLS VILLAGE,26,acab69ee-23fa-41c0-96a6-fce9fe9725a7,14637.9
RED,RED,A,South Hills Village,SOUTH HILLS VILLAGE,27,9f02f513-c1e6-4273-aaff-b35212c8ae76,15065.7
RED,RED,A,South Hills Village,SOUTH HILLS VILLAGE,28,e209050d-0a5e-4445-94d0-c263c6c5a8b8,13296.1
RED,RED,A,South Hills Village,SOUTH HILLS VILLAGE,29,b34606f9-877e-4e2c-ae92-f4d7e092471c,0
RED,RED,A,South Hills Village,SOUTH HILLS VILLAGE,30,0b841ecb-7231-475e-94f7-299509aae2b8,15454.8
RED,RED,A,South Hills Village,SOUTH HILLS VILLAGE,31,0cf60ad9-7de1-473d-aa57-2670722a138b,17848.1
3,3,A,New Kensington,NEW KENSINGTON,1,6a20954b-beed-4235-9566-92660394b194,5057.8
3,3,A,New Kensington,NEW KENSINGTON,2,8de3ba6e-723c-4fc9-a938-96f54a8b92e7,15804.8
3,3,A,New Kensington,NEW KENSINGTON,3,64c062b4-beb1-47e2-af60-e70ba9eb7522,13944.4
3,3,A,New Kensington,NEW KENSINGTON,4,1db50d90-97bf-4f81-bb0c-c82f489ee20a,8576.2
3,3,A,New Kensington,NEW KENSINGTON,5,c79aada9-d3c4-42fc-8d0a-be556cca4f64,12213.5
3,3,A,New Kensington,NEW KENSINGTON,6,d4ecfa1f-8be2-42fd-be29-609fdf186c40,8059.0
3,3,A,New Kensington,NEW KENSINGTON,7,44af044d-88ed-44fb-8310-28424a00ae89,7694.9
3,3,A,New Kensington,NEW KENSINGTON,8,fe8a7374-d7be-47c5-93e5-f2c97489e614,8387.1
3,3,A,New Kensington,NEW KENSINGTON,9,5e66ff57-3216-406d-ad12-cdc8162e2805,194.1
3,3,A,New Kensington,NEW KENSINGTON,10,4990a119-0760-49d4-947c-391c883e599a,3330.0
3,3,A,New Kensington,NEW KENSINGTON,11,0badc145-a424-493d-8bad-cd4d9f76a65d,5314.7
3,3,A,New Kensington,NEW KENSINGTON,12,dde78460-2b98-4130-88fc-e26e15eb7c52,9405.0
3,3,A,New Kensington,NEW KENSINGTON,13,ab60457c-d62f-4e92-ba65-8460e4f629ec,3107.4
3,3,A,New Kensington,NEW KENSINGTON,14,d6e320fb-1d61-415a-9610-efe465606405,9584.0
3,3,A,New Kensington,NEW KENSINGTON,15,c57f1607-23d3-463b-be5c-75d6f8d6f800,539.6
3,3,A,New Kensington,NEW KENSINGTON,16,69ca8b7e-1c1d-47f1-a87b-ee735795a013,1761.8
3,3,A,New Kensington,NEW KENSINGTON,17,47021ee0-4708-4b27-8334-dedf1a3882d1,13379.4
3,3,A,New Kensington,NEW KENSINGTON,18,6093a7a8-f7eb-4746-9966-61c37020c73b,1335.9
3,3,A,New Kensington,NEW KENSINGTON,19,2f13c242-2995-4388-bece-41e0f2016ceb,2210.6
3,3,A,New Kensington,NEW KENSINGTON,20,9a6304fa-3695-466c-a331-e21b78056853,11399.2
3,3,A,New Kensington,NEW KENSINGTON,21,76551a0a-2731-4317-b3f0-30cb90faaec5,4161.4
3,3,A,New Kensington,NEW KENSINGTON,22,fc2ac39e-3813-4ef5-9059-86eeb4dafd59,6949.8
3,3,A,New Kensington,NEW KENSINGTON,23,d8833947-b5ae-4fa5-abc1-8c1201bd33fa,4809.4
3,3,A,New Kensington,NEW KENSINGTON,24,de323191-053c-499b-a050-6b5efbfd2409,6441.2
3,3,A,New Kensington,NEW KENSINGTON,25,50d6123d-1ab7-420b-842f-c7f3625fe923,12468.5
3,3,A,New Kensington,NEW KENSINGTON,26,cc7fd19e-aef2-4066-b711-a0b071bc64a1,7563.3
3,3,A,New Kensington,NEW KENSINGTON,27,c044bace-8aa7-4049-90b7-1751afea18f2,11105.9
3,3,A,New Kensington,NEW KENSINGTON,28,f2a9817b-2a48-4639-a895-5c71fdc0c1d0,7140.3
3,3,A,New Kensington,NEW KENSINGTON,29,584d4418-9362-494e-8b42-6dabb3aa6a25,14599.6
3,3,A,New Kensington,NEW KENSINGTON,30,d2409baf-ca37-4be8-abd0-61b96c6f7a32,15340.5
3,3,A,New Kensington,NEW KENSINGTON,31,063e32d0-360c-405e-b85e-c5b1e8d6ee84,8222.1
3,3,A,New Kensington,NEW KENSINGTON,32,0a55afee-9371-4ef5-8236-41fc530f25d4,8870.8
3,3,A,New Kensington,NEW KENSINGTON,33,7e4f06b6-09de-4394-93ad-743b21627674,14211.4
3,3,A,New Kensington,NEW KENSINGTON,34,d8203fe5-66c3-44fb-bace-e06b7c712c4d,2.1
3,3,A,New Kensington,NEW KENSINGTON,35,0309e8be-78ef-40fd-b3b4-27b75bd3b37c,11780.3
3,3,A,New Kensington,NEW KENSINGTON,36,18b52a05-f503-48b2-b1bf-8587dec11a98,9217.7
3,3,A,New Kensington,NEW KENSINGTON,37,1dff59b4-6968-4e2f-ba23-f35920a1cff2,9020.6
3,3,A,New Kensington,NEW KENSINGTON,38,959bd4ba-588f-4b0a-9e0c-a84145a0038d,1525.8
3,3,A,New Kensington,NEW KENSINGTON,39,68ebc42e-adc0-4513-abe3-b89fd705a208,2402.8
3,3,A,New Kensington,NEW KENSINGTON,40,d594a67f-9351-4d74-87c8-edd006e6f260,993.4
3,3,A,New Kensington,NEW KENSINGTON,41,116ceb08-93d6-44f6-bff2-2a0a804e72bb,12979.4
3,3,A,New Kensington,NEW KENSINGTON,42,ea3c4cc9-83fa-4d25-8481-2df7ca1ae699,4556.7
3,3,A,New Kensington,NEW KENSINGTON,43,42ed800e-f269-441e-98f1-b0e565cda2d7,15018.6
3,3,A,New Kensington,NEW KENSINGTON,44,0a1a46ce-fd93-484e-80ce-e0f8731f080d,7896.3
3,3,A,Natrona Hts,NATRONA HTS,1,31f90fe5-cbac-4592-89b0-672f5026546a,7821.9
3,3,A,Natrona Hts,NATRONA HTS,2,621bf035-50e4-4af9-b6b0-7166a645bf15,4677.4
3,3,A,Natrona Hts,NATRONA HTS,3,0429027e-9d58-4f7c-ab76-5e4d6eabb9c3,7665.9
3,3,A,Natrona Hts,NATRONA HTS,4,5cac0d87-5014-4bef-a0b9-c15f2659b336,6319.1
3,3,A,Natrona Hts,NATRONA HTS,5,5a79c7a2-c611-4c78-92fe-e597ffd165a1,1150.4
3,3,A,Natrona Hts,NATRONA HTS,6,07a07f87-2f1d-4196-a524-7fe398118bf5,10694.4
3,3,A,Natrona Hts,NATRONA HTS,7,9e00e098-d5d0-47ea-927f-03ef90a7f4bc,11599.0
3,3,A,Natrona Hts,NATRONA HTS,8,1548df9c-b4ad-427a-a5d2-06f1ed7f269a,7495.8
3,3,A,Natrona Hts,NATRONA HTS,9,3b7e2817-3bda-4398-b31a-69489f96682d,8571.2
3,3,A,Natrona Hts,NATRONA HTS,10,68fbffaf-3121-407a-9d6e-89a03f9bdbeb,15279.5
3,3,A,Natrona Hts,NATRONA HTS,11,9439ce0f-2ae3-473b-ab68-76d08a3b02f4,7092.3
3,3,A,Natrona Hts,NATRONA HTS,12,3fa2e560-26e0-4bbe-8495-f7216d346c4a,8194.2
3,3,A,Natrona Hts,NATRONA HTS,13,36256fc9-82c6-4199-8870-f51d9c895877,6850
3,3,A,Natrona Hts,NATRONA HTS,14,237c35d0-7cc9-4e3d-9665-e0235908dba5,10979.2
3,3,A,Natrona Hts,NATRONA HTS,15,4990a119-0760-49d4-947c-391c883e599a,12361.0
3,3,A,Natrona Hts,NATRONA HTS,16,264e78a0-028f-43c3-84b6-0a830354558f,3257.2
3,3,A,Natrona Hts,NATRONA HTS,17,bc69e729-863c-4e03-9d25-f9ba76dbf863,5556.7
3,3,A,Natrona Hts,NATRONA HTS,18,8c70ecfc-a7bc-4be1-a4b6-84a7d8ab2756,1884.7
3,3,A,Natrona Hts,NATRONA HTS,19,c008c9b4-1dc3-4dc6-9129-285fc3f3d14b,583.6
3,3,A,Natrona Hts,NATRONA HTS,20,bd532c14-1b0c-40e5-b370-50a48214ab9d,6691.9
3,3,A,Natrona Hts,NATRONA HTS,21,e56e6427-0872-4f36-9207-45a38827feb3,10442.4
3,3,A,Natrona Hts,NATRONA HTS,22,d8203fe5-66c3-44fb-bace-e06b7c712c4d,16248.9
3,3,A,Natrona Hts,NATRONA HTS,23,447da112-4999-4244-8602-b90d403daf03,3974.8
3,3,A,Natrona Hts,NATRONA HTS,24,2e95b591-0e1c-4d14-9fdd-1958e012871f,9304.9
3,3,A,Natrona Hts,NATRONA HTS,25,ea9560bc-0d37-4049-bd23-6eb2dafc01ca,13801.8
3,3,A,Natrona Hts,NATRONA HTS,26,8de3ba6e-723c-4fc9-a938-96f54a8b92e7,1.8
3,3,A,Natrona Hts,NATRONA HTS,27,54a85579-3c51-4478-beff-7fa2f20c9b8f,3511.1
3,3,A,Natrona Hts,NATRONA HTS,28,55b2b488-6085-49d4-9128-4fcba5fc5e6e,14009.3
3,3,A,Natrona Hts,NATRONA HTS,29,09efbafb-5d7f-481d-97b0-156793d5d0b1,11150.0
3,3,A,Natrona Hts,NATRONA HTS,30,8545e17d-f432-4b7a-9f22-12e5ce8fd220,14442.3
3,3,A,Natrona Hts,NATRONA HTS,31,32e5593a-0c67-4c6f-aaac-df93f9e4746f,4310.8
3,3,A,Natrona Hts,NATRONA HTS,32,6d312442-b18b-4212-9bba-46825ab2fb8d,2721.6
3,3,A,Natrona Hts,NATRONA HTS,33,9518c93b-de3e-4150-aea4-7244515cdd9d,14251.3
3,3,A,Natrona Hts,NATRONA HTS,34,23fab1c1-1514-49e0-90bd-6a5890174758,8025.1
3,3,A,Natrona Hts,NATRONA HTS,35,bedfe514-2642-4d8f-8594-5fbe2fd2fc5d,1525.3
3,3,A,Natrona Hts,NATRONA HTS,36,61668bd2-f0d0-4722-ab91-935895a3587c,8766.8
3,3,A,Natrona Hts,NATRONA HTS,37,6721dce7-fd8b-46a7-bcac-9fc622b914df,13576.8
3,3,A,Natrona Hts,NATRONA HTS,38,1cf0477d-904b-44a5-b2e4-bffbbe89f257,13346.4
3,3,A,Natrona Hts,NATRONA HTS,39,b1bcd9c8-3d25-4367-83aa-f31820f1fa47,2334.8
3,3,A,Natrona Hts,NATRONA HTS,40,3240f056-bada-4075-bac7-80b4064c1ebd,14767.4
3,3,A,Natrona Hts,NATRONA HTS,41,08a2f5a5-5e58-489d-935a-8959005781ad,12708.4
3,3,A,Natrona Hts,NATRONA HTS,42,9899ff89-8f8e-4396-aae8-8254e4b26c14,280.1
3,3,A,Natrona Hts,NATRONA HTS,43,fb7464f6-b7fd-4333-a511-f59a9c0dee31,7269.0
6,6,A,Downtown,DOWNTOWN via Spring Hill,1,e96b674d-b0df-4a71-aac0-233d976cf83a,7736.5
6,6,A,Downtown,DOWNTOWN via Spring Hill,2,7da41aea-873e-44d3-ae1b-060766fd00a8,12779.9
6,6,A,Downtown,DOWNTOWN via Spring Hill,3,cac6755b-5fba-4abe-9b08-67f987fcd883,9202.9
6,6,A,Downtown,DOWNTOWN via Spring Hill,4,6d78fe7d-a09a-49d5-811e-54fc80ec3df7,0
6,6,A,Downtown,DOWNTOWN via Spring Hill,5,5fa50cb1-770c-47f8-b84e-a35271acbeb3,2373.1
6,6,A,Downtown,DOWNTOWN via Spring Hill,6,b987601e-0b16-46af-94f1-4ca138ecbef5,2027.0
6,6,A,Downtown,DOWNTOWN via Spring Hill,7,fc0041a7-f798-4395-a361-5faa8768abb5,12629.9
6,6,A,Downtown,DOWNTOWN via Spring Hill,8,8d873af7-d765-46d5-9806-d495c2ecd826,155.1
6,6,A,Downtown,DOWNTOWN via Spring Hill,9,f61e0cd2-9fd4-40cb-aa14-91dc36e2244a,9729.6
6,6,A,Downtown,DOWNTOWN via Spring Hill,10,c54aec51-74ca-4094-b833-5527b432880e,14020.3
6,6,A,Downtown,DOWNTOWN via Spring Hill,11,b03c58cd-a643-42e7-a690-608e36935011,12023.0
6,6,A,Downtown,DOWNTOWN via Spring Hill,12,ee1c99eb-6ef6-4fa8-8131-d7918595b685,13405.2
6,6,A,Downtown,DOWNTOWN via Spring Hill,13,809b498d-111b-49ed-8c07-f39338256666,7350.1
6,6,A,Downtown,DOWNTOWN via Spring Hill,14,ff091fe8-6662-4a91-9c82-167d7ada4c45,11274.3
6,6,A,Downtown,DOWNTOWN via Spring Hill,15,fce55142-3ae5-48a1-8b6f-ff7519e80137,10464.6
6,6,A,Downtown,DOWNTOWN via Spring Hill,16,d3125f5c-9873-49e1-a720-36324ef32ac8,13644.5
6,6,A,Downtown,DOWNTOWN via Spring Hill,17,5595db6a-3eb8-43f1-ad2f-2d0798fdd3f3,11887.6
6,6,A,Downtown,DOWNTOWN via Spring Hill,18,40b9f6a8-d502-4798-94ee-1c8f165b759a,8086.4
6,6,A,Downtown,DOWNTOWN via Spring Hill,19,54097f1f-032b-4f74-9b54-d1d4c484a7fe,6471.3
6,6,A,Downtown,DOWNTOWN via Spring Hill,20,718a80c9-c494-474a-a27a-4a9c5804a6c3,9932.2
6,6,A,Downtown,DOWNTOWN via Spring Hill,21,207685e1-9e16-4bc1-9067-8f57cf61ae03,8484.9
6,6,A,Downtown,DOWNTOWN via Spring Hill,22,f9f93ae8-9643-4be0-887c-440f119f66c5,11424.2
6,6,A,Downtown,DOWNTOWN via Spring Hill,23,fcef5a5d-fab6-4478-8318-8978f805690b,9800.9
6,6,A,Downtown,DOWNTOWN via Spring Hill,24,9b2f776e-1866-4d90-8a47-122170398558,12321.8
6,6,A,Downtown,DOWNTOWN via Spring Hill,25,31381ebe-5e8c-4d6d-b88e-28cb40638ead,8342.8
6,6,A,Downtown,DOWNTOWN via Spring Hill,26,4cf9d583-aca8-4fb8-8540-7b727b2e4b24,919.1
6,6,A,Downtown,DOWNTOWN via Spring Hill,27,07d85f88-90be-480b-b661-d104a4a48386,11346.2
6,6,A,Downtown,DOWNTOWN via Spring Hill,28,38fa211b-98c7-41bc-97b7-33cf28457113,9407.0
6,6,A,Downtown,DOWNTOWN via Spring Hill,29,021d96e8-0370-4135-8e58-190f951416c5,4510.6
6,6,A,Downtown,DOWNTOWN via Spring Hill,30,680491ad-46a3-41f5-81ca-b43e97e82fd4,9291.8
6,6,A,Downtown,DOWNTOWN via Spring Hill,31,3f4fdfbc-e70c-4639-a060-843cf8953f89,2941.8
6,6,A,Downtown,DOWNTOWN via Spring Hill,32,410fded4-3b8d-440b-bf34-21509aa111ab,10142.6
6,6,A,Downtown,DOWNTOWN via Spring Hill,33,c50b7b41-29f5-4c32-a4db-d414da893b9b,9500.0
6,6,A,Downtown,DOWNTOWN via Spring Hill,34,382e12e3-98d1-478a-a21a-1ae36639f5d6,8678.8
6,6,A,Downtown,DOWNTOWN via Spring Hill,35,885b20d6-a5b0-4228-a559-902d3ceb26b7,7524.0
6,6,A,Downtown,DOWNTOWN via Spring Hill,36,8d6524d9-6abf-42fe-9dba-fd1652970d37,10371.4
6,6,A,Downtown,DOWNTOWN via Spring Hill,37,010043a6-e10f-47bd-ac13-9a8986c55c35,11154.1
6,6,A,Downtown,DOWNTOWN via Spring Hill,38,df814c4e-6942-4c40-9019-7606712a584f,7943.8
6,6,A,Downtown,DOWNTOWN via Spring Hill,39,f1cd2360-befb-4bd3-8e52-188d67097354,4873.0
6,6,A,Downtown,DOWNTOWN via Spring Hill,40,4d38bbe3-4aae-4c49-92f4-629e8b60b8c4,10938.0
6,6,A,Downtown,DOWNTOWN via Spring Hill,41,1ba597bc-76bc-4759-a643-5cf54912b4ee,8925.0
6,6,A,Downtown,DOWNTOWN via Spring Hill,42,4a5468dc-de7c-451e-a36e-bf8e5aed34fd,5381.0
6,6,A,Downtown,DOWNTOWN via Spring Hill,43,eff28ac7-4ba8-49c8-92e1-b763f98daa6a,1759.4
6,6,A,Downtown,DOWNTOWN via Spring Hill,44,e29ef3f3-f3b8-4823-b852-c6ca90edae81,10749.1
6,6,A,Downtown,DOWNTOWN via Spring Hill,45,16890be9-6315-4393-a567-4431643b1061,10030.6
6,6,A,Downtown,DOWNTOWN via Spring Hill,46,8f94f574-3ed4-4dff-802e-5259004bdf25,419.5
6,6,A,Downtown,DOWNTOWN via Spring Hill,47,c1a48805-ae56-4fc6-aac8-1fd9d882d546,7169.0
6,6,A,Downtown,DOWNTOWN via Spring Hill,48,94f41cee-23e0-4e44-bb38-359a3a5fa0a1,7848.7
6,6,A,Downtown,DOWNTOWN via Spring Hill,49,00df945e-86ce-4c89-859e-a749e0a42e7f,2660.3
6,6,A,Downtown,DOWNTOWN via Spring Hill,50,5da95d3b-8ba0-42f9-9c00-938149b6774e,11565.8
6,6,A,Downtown,DOWNTOWN via Spring Hill,51,98a4f8ff-25f2-4a62-a10a-6ef33beebbc4,10614.5
6,6,A,Downtown,DOWNTOWN via Spring Hill,52,f6310276-d9fd-47a7-964f-ab981c70049e,4971.1
6,6,A,Downtown,DOWNTOWN via Spring Hill,53,f729c438-c8dd-4d80-b92e-d1976e7d3c88,5212.4
6,6,A,North Hills Village,NORTH HILLS via Spring Hill,1,aa08cb9e-bae8-4c5e-b180-4f072ac31022,13105.7
6,6,A,North Hills Village,NORTH HILLS via Spring Hill,2,8d873af7-d765-46d5-9806-d495c2ecd826,14194.0
6,6,A,North Hills Village,NORTH HILLS via Spring Hill,3,fe6573d9-0889-4157-b50f-58d5ab732402,8340.4
6,6,A,North Hills Village,NORTH HILLS via Spring Hill,4,f4173a38-51c0-4833-980b-a48166748eec,5734.5
6,6,A,North Hills Village,NORTH HILLS via Spring Hill,5,c96db21c-2fd3-4f4b-8aa1-7481d9bffb14,8696.9
6,6,A,North Hills Village,NORTH HILLS via Spring Hill,6,e3102e0f-cd19-4d31-8604-6768bfa2b0ba,4789.0
6,6,A,North Hills Village,NORTH HILLS via Spring Hill,7,a58c82b9-0520-4f06-b42f-27e70f6f40b3,5830.5
6,6,A,North Hills Village,NORTH HILLS via Spring Hill,8,7f778fde-e0f6-43d6-bc2a-1b0d7352cc21,8500.7
6,6,A,North Hills Village,NORTH HILLS via Spring Hill,9,06afd2d9-ded3-4140-8b8d-acb401089e54,10621.6
6,6,A,North Hills Village,NORTH HILLS via Spring Hill,10,200fe8ac-a8c2-4ec9-b211-2002aede6dca,12809.4
6,6,A,North Hills Village,NORTH HILLS via Spring Hill,11,ec7dd828-69b2-4259-8b51-f160621a24ae,5625.3
6,6,A,North Hills Village,NORTH HILLS via Spring Hill,12,e0b42bf8-33db-4c7c-964e-4dbab13100e8,2465.0
6,6,A,North Hills Village,NORTH HILLS via Spring Hill,13,6c0a2a1e-e881-40b6-a6a3-b482e0cdd3c1,2970.8
6,6,A,North Hills Village,NORTH HILLS via Spring Hill,14,9bdcaf07-d34d-42ce-a319-687db76bfaf5,2788.4
6,6,A,North Hills Village,NORTH HILLS via Spring Hill,15,a54715f0-0fba-4de7-9c3a-9f3ca1bf73d5,3684.8
6,6,A,North Hills Village,NORTH HILLS via Spring Hill,16,e93a8740-9802-4e04-94db-4e994d871fae,2371.9
6,6,A,North Hills Village,NORTH HILLS via Spring Hill,17,39cf554c-ad12-42e1-84dc-8a12b4e808aa,1097.6
6,6,A,North Hills Village,NORTH HILLS via Spring Hill,18,6d78fe7d-a09a-49d5-811e-54fc80ec3df7,14039.4
6,6,A,North Hills Village,NORTH HILLS via Spring Hill,19,b780c4a3-c691-4dcc-b608-ab64bb99a04b,11679.3
6,6,A,North Hills Village,NORTH HILLS via Spring Hill,20,0d7059a0-faa0-4fd0-b016-8e6b24217465,5946.4
6,6,A,North Hills Village,NORTH HILLS via Spring Hill,21,c54aec51-74ca-4094-b833-5527b432880e,5.6
6,6,A,North Hills Village,NORTH HILLS via Spring Hill,22,b3f3834a-2077-4102-b58e-6e9bbd31d679,7229.6
6,6,A,North Hills Village,NORTH HILLS via Spring Hill,23,cef07fe9-2ac7-4f84-b686-f96d6e26e2d0,4404.5
6,6,A,North Hills Village,NORTH HILLS via Spring Hill,24,c21a0c80-8fea-4ff0-8a5b-461ba737449d,13501.9
6,6,A,North Hills Village,NORTH HILLS via Spring Hill,25,d3cfdc94-f8ca-4c9a-91ca-501b0175df1e,247.4
6,6,A,North Hills Village,NORTH HILLS via Spring Hill,26,8f28dbdc-88f7-476c-881e-4c2b3921f9bc,3102.5
6,6,A,North Hills Village,NORTH HILLS via Spring Hill,27,79cb47ee-9596-4172-91c1-37fe79b75afa,2621.8
6,6,A,North Hills Village,NORTH HILLS via Spring Hill,28,d2d02426-756e-4ad1-afd6-26229fa154b2,3840.2
6,6,A,North Hills Village,NORTH HILLS via Spring Hill,29,1d6489ed-bef1-4439-aa8d-7b4459c9e7a2,13879.3
6,6,A,North Hills Village,NORTH HILLS via Spring Hill,30,cb81228e-1ee6-4dca-a60b-46c5b6003f7c,3371.0
6,6,A,North Hills Village,NORTH HILLS via Spring Hill,31,e1f2a545-8088-4f8e-8716-78067b23b8e2,4983.2
6,6,A,North Hills Village,NORTH HILLS via Spring Hill,32,f93aa3ee-6a4c-4b5f-9d4a-57370604915f,11160.2
6,6,A,North Hills Village,NORTH HILLS via Spring Hill,33,ab4d6e79-1200-40d4-9db6-27fe30ef2e83,813.1
6,6,A,North Hills Village,NORTH HILLS via Spring Hill,34,ab9bd98e-4893-4a34-aec2-d5748bb67d75,8869.0
6,6,A,North Hills Village,NORTH HILLS via Spring Hill,35,f659ce79-a26f-4d43-9bcb-800842b74915,1662.6
6,6,A,North Hills Village,NORTH HILLS via Spring Hill,36,795998e7-fb8a-4ea4-b417-f20e8b3145a3,11970.7
6,6,A,North Hills Village,NORTH HILLS via Spring Hill,37,6f8f7eb8-37b2-4c59-be6c-3611c6aae54b,4334.7
6,6,A,North Hills Village,NORTH HILLS via Spring Hill,38,b8bbaac5-d8e7-408b-937a-cee153cb8754,6113.6
6,6,A,North Hills Village,NORTH HILLS via Spring Hill,39,08087ad9-05f6-427a-bd5b-1aff2d52ba4c,1884.0
6,6,A,North Hills Village,NORTH HILLS via Spring Hill,40,26af8a48-3c85-4020-947c-5595b7e59f85,5362.9
6,6,A,North Hills Village,NORTH HILLS via Spring Hill,41,7b7bc3d9-80b1-46de-acbf-8564f8e73d96,4011.2
6,6,A,North Hills Village,NORTH HILLS via Spring Hill,42,a1152d51-4ff5-492f-a922-8f512d8c0250,3280.3
6,6,A,North Hills Village,NORTH HILLS via Spring Hill,43,cb8cb820-6877-4641-b3a4-3994f37a8598,4196.4
6,6,A,North Hills Village,NORTH HILLS via Spring Hill,44,7471d878-dc5c-4d11-b5f0-715ffbff2f77,1365.8
6,6,A,North Hills Village,NORTH HILLS via Spring Hill,45,274ecfc3-40ad-4e7d-a9a5-adabbaae65a6,6522.5
6,6,A,North Hills Village,NORTH HILLS via Spring Hill,46,9838fc8c-226a-4a18-871d-b3b936fc4c40,6373.6
6,6,A,North Hills Village,NORTH HILLS via Spring Hill,47,8f94f574-3ed4-4dff-802e-5259004bdf25,14460.7
6,6,A,North Hills Village,NORTH HILLS via Spring Hill,48,43115ed3-0135-47dc-8a62-d74ea2b2ab46,9169.6
6,6,A,North Hills Village,NORTH HILLS via Spring Hill,49,88fdd910-7d8d-4906-a34d-6a74a16480ba,3917.5
6,6,A,North Hills Village,NORTH HILLS via Spring Hill,50,f3dada15-365b-448c-81ed-efe03f80d223,3554.4
6,6,A,North Hills Village,NORTH HILLS via Spring Hill,51,142f5864-4beb-41cc-9c80-93d6b09e9879,6267.8
34,34,A,Brentwood,BRENTWOOD,1,0b4abf7e-04bf-450b-8343-03bb3d98ae77,3861.8
34,34,A,Brentwood,BRENTWOOD,2,c15d7c0e-5d48-471e-b79e-6bbf39126ac3,1099.3
34,34,A,Brentwood,BRENTWOOD,3,bf91043a-8db1-4ad4-bad1-0818b7055c1d,2388.2
34,34,A,Brentwood,BRENTWOOD,4,a2b18be3-7a2c-45af-b91f-51330b2347fa,6292.5
34,34,A,Brentwood,BRENTWOOD,5,e99822fb-d061-4d58-9672-feebee98fe84,15400.6
34,34,A,Brentwood,BRENTWOOD,6,de0bd677-a9d0-4efc-8f85-720e2d673a45,5898.6
34,34,A,Brentwood,BRENTWOOD,7,37215d5a-01fb-47aa-864b-c53c22e48580,11758.6
34,34,A,Brentwood,BRENTWOOD,8,0be36b5f-4ff5-4ebe-bf7d-478cddf388e6,13597.1
34,34,A,Brentwood,BRENTWOOD,9,b83d5de9-27ea-4f82-9d9a-a3131d0a167a,3362.7
34,34,A,Brentwood,BRENTWOOD,10,cda13ee5-e446-4c2e-a00e-b8a4fc184a20,8785.0
34,34,A,Brentwood,BRENTWOOD,11,f6c736e0-8ff7-45c8-8bc4-36740ad94dbe,12621.3
34,34,A,Brentwood,BRENTWOOD,12,15cf3880-1871-4826-8052-bae4ff9bd493,5283.9
34,34,A,Brentwood,BRENTWOOD,13,803e1a56-78b8-43a5-8a65-6a95b7048e3b,9928.9
34,34,A,Brentwood,BRENTWOOD,14,82f67af5-deb7-4b99-b9d9-6ac5cf628cde,3554.6
34,34,A,Brentwood,BRENTWOOD,15,d4f653d0-a83d-45dc-ae2e-23b5fe944897,14434.7
34,34,A,Brentwood,BRENTWOOD,16,8599f75c-9f30-4b70-aa8a-f8cbe0232db7,2772.2
34,34,A,Brentwood,BRENTWOOD,17,cae85199-bde6-4af2-84b5-d22b84a343c2,13010.2
34,34,A,Brentwood,BRENTWOOD,18,c755ca49-a8ff-491a-855a-1800f58164a7,9411.8
34,34,A,Brentwood,BRENTWOOD,19,18415658-600c-4cbf-9736-385df1fe8e39,9085.6
34,34,A,Brentwood,BRENTWOOD,20,5f512e00-bc15-4ec4-b7d1-4756b433a50f,122.2
34,34,A,Brentwood,BRENTWOOD,21,82455faf-51a4-416c-950a-9eb25e1adc4f,14736.0
34,34,A,Brentwood,BRENTWOOD,22,930c2419-9b60-4ab7-82d1-10cdef8e9be9,5723.5
34,34,A,Brentwood,BRENTWOOD,23,3fda3964-c9cf-40df-a3ac-5898977c38e5,652.3
34,34,A,Brentwood,BRENTWOOD,24,e0673933-7355-4c36-8788-9d41d2e2063f,12397.1
34,34,A,Brentwood,BRENTWOOD,25,0d07ab38-bf38-4ac0-b164-322474d4b1bd,7323.5
34,34,A,Brentwood,BRENTWOOD,26,96976230-9748-414f-b696-a04ffb8f6f89,7544.6
34,34,A,Brentwood,BRENTWOOD,27,99e2c10c-6020-4c40-96d6-f97090e5ae6e,12102.0
34,34,A,Brentwood,BRENTWOOD,28,94655c69-a6b2-4d0c-a48a-4c5d4cdb4c26,8174.4
34,34,A,Brentwood,BRENTWOOD,29,67205291-aaa4-409c-a32a-bb58e2812b52,8630.7
34,34,A,Brentwood,BRENTWOOD,30,a5c28801-1021-4944-956c-f2d395278747,13876.6
34,34,A,Brentwood,BRENTWOOD,31,dd4f57eb-eeb1-4acf-90be-c41ca51188eb,9638.1
34,34,A,Brentwood,BRENTWOOD,32,4506ea65-a65c-4d13-8b9f-e78081619112,10862.9
34,34,A,Brentwood,BRENTWOOD,33,d5d8f3dd-ced6-411b-837d-34168d2ab987,7843.0
34,34,A,Brentwood,BRENTWOOD,34,2736d8ae-2a70-493e-9e83-0e9ce84add33,15049.3
34,34,A,Brentwood,BRENTWOOD,35,52f62344-f0e0-4913-8540-47af501e4e32,13333.1
34,34,A,Brentwood,BRENTWOOD,36,bbd19109-7cce-468e-9c00-d642347294b9,6945.3
34,34,A,Brentwood,BRENTWOOD,37,c35fb9ad-5594-440d-805d-4e5062ab6bf5,11533.0
34,34,A,Brentwood,BRENTWOOD,38,5e9a1408-74da-428a-ad9e-3f88b153ba74,6670.0
34,34,A,Brentwood,BRENTWOOD,39,63448d14-799c-4285-8d8d-1d70f068eebd,8980.0
34,34,A,Brentwood,BRENTWOOD,40,db83c990-2402-437d-b3a1-92f6b7558e68,1314.5
34,34,A,Brentwood,BRENTWOOD,41,f713f791-5381-49da-80bc-4247d6ef16a0,10434.5
34,34,A,Brentwood,BRENTWOOD,42,c9e61d95-1943-4219-ad9f-fb3428eb29a3,16097.2
34,34,A,Brentwood,BRENTWOOD,43,d9cfdd69-0f06-4e9f-b840-c11ffd894399,1767.1
34,34,A,Brentwood,BRENTWOOD,44,6924f245-b662-4444-8fc9-f7fcd2381efd,3120.7
34,34,A,Brentwood,BRENTWOOD,45,1d0ccb2d-603a-4fc7-bfa1-80e22241df95,15698.5
34,34,A,Brentwood,BRENTWOOD,46,7f271883-a270-4881-b5b2-b96a23470381,7099.5
34,34,A,Brentwood,BRENTWOOD,47,b917e6b7-5c05-4729-a0a5-247cc8eb142a,4903.7
34,34,A,Carnegie,CARNEGIE,1,de4bdd87-fe36-4ecb-bfdc-83c337721301,8462.3
34,34,A,Carnegie,CARNEGIE,2,850bf147-0f33-4424-b0b8-3cd352e5c1a5,9751.7
34,34,A,Carnegie,CARNEGIE,3,0a5dd980-7fd4-4e05-8abf-5c4935c4530f,15391.3
34,34,A,Carnegie,CARNEGIE,4,727a8611-bc0b-4e92-bad9-a625bf88c68c,54.6
34,34,A,Carnegie,CARNEGIE,5,79465ea1-96b8-41d2-96e0-82760625d3e1,1052.3
34,34,A,Carnegie,CARNEGIE,6,3ab4ee19-36a8-46ff-96f6-230dac155f34,13672.4
34,34,A,Carnegie,CARNEGIE,7,35e59afe-2345-41de-802b-b8ed3ac91b79,7879.0
34,34,A,Carnegie,CARNEGIE,8,dfd693b7-f455-42cf-8a03-f582f3d6dc8e,6587.9
34,34,A,Carnegie,CARNEGIE,9,67093713-85a0-40df-a04d-1377d9cfad87,14327.0
34,34,A,Carnegie,CARNEGIE,10,5f48481d-2ad7-44b9-a720-40612e17ab79,1357.0
34,34,A,Carnegie,CARNEGIE,11,30837958-7cfb-469f-b085-af9e0cb831b5,12210.2
34,34,A,Carnegie,CARNEGIE,12,71eaec7b-1b6e-4fcc-bc69-1581b28961a7,15959.3
34,34,A,Carnegie,CARNEGIE,13,bc64e79a-4915-48db-97ba-1cdfad25e0fd,10271.3
34,34,A,Carnegie,CARNEGIE,14,c11b94ed-2e26-484f-8ba2-3c26c07adc40,9410.1
34,34,A,Carnegie,CARNEGIE,15,eac0d14c-a568-4f74-a01c-a95de200cb4c,7244.0
34,34,A,Carnegie,CARNEGIE,16,9e2a975a-623b-4e56-bf89-48444b918e64,2997.8
34,34,A,Carnegie,CARNEGIE,17,d650ed33-0a3a-4b96-81d4-eedf2df5ee57,12826.9
34,34,A,Carnegie,CARNEGIE,18,df6a3490-8b05-46c2-b73b-6c736d93430c,8202.9
34,34,A,Carnegie,CARNEGIE,19,9b661b14-03ce-407a-bf94-f27e7d721f16,1655.4
34,34,A,Carnegie,CARNEGIE,20,c469e2ca-c5e0-4e00-a6ea-5c0a890b7f10,12419.4
34,34,A,Carnegie,CARNEGIE,21,2f071c32-d19a-4ba2-8596-8c6690741767,15008.2
34,34,A,Carnegie,CARNEGIE,22,b2502b97-030c-4f04-bde8-dea69bc59b9b,6809.6
34,34,A,Carnegie,CARNEGIE,23,55b9a32a-ce35-4dab-825d-87298c69271a,4551.5
34,34,A,Carnegie,CARNEGIE,24,c44f6133-ba6f-41dc-8155-7ddfe2277f55,8762.6
34,34,A,Carnegie,CARNEGIE,25,c9e61d95-1943-4219-ad9f-fb3428eb29a3,0
34,34,A,Carnegie,CARNEGIE,26,73045efa-9168-467c-a0de-2e0bfa3ee6ae,7067.1
34,34,A,Carnegie,CARNEGIE,27,8af2dfe7-6b0b-4388-b7d9-655fdcff1ce0,354.0
34,34,A,Carnegie,CARNEGIE,28,e5d584eb-cb23-47a2-aa05-53035814e2a1,10820.9
34,34,A,Carnegie,CARNEGIE,29,9741c9bd-e696-401b-9f99-3b89f77abd25,12924.7
34,34,A,Carnegie,CARNEGIE,30,8865a165-32c3-49ad-93ae-79c07e66ab8c,3920.7
34,34,A,Carnegie,CARNEGIE,31,401a2970-5c19-4587-ba9b-c1ed3149f6e6,5622.4
34,34,A,Carnegie,CARNEGIE,32,22ac5b99-3880-49bc-a6fd-e20c36d83c7d,6205.8
34,34,A,Carnegie,CARNEGIE,33,30c04563-f11a-4fe6-848a-d245f7f36ed4,8944.6
34,34,A,Carnegie,CARNEGIE,34,275a5578-5dac-40e6-b1d2-c3f12dcf495c,9154.7
34,34,A,Carnegie,CARNEGIE,35,4b9968e5-a35b-44c5-b448-81021c5793c8,6397.7
34,34,A,Carnegie,CARNEGIE,36,301a0ef1-bb3a-450f-bfa7-9c7b0adc7d56,1871.3
34,34,A,Carnegie,CARNEGIE,37,4be0665d-a663-49af-b70e-376658319b89,3443.0
34,34,A,Carnegie,CARNEGIE,38,f17ec7f2-66af-4a4e-9d5e-9b6e09aee239,5187.5
34,34,A,Carnegie,CARNEGIE,39,25f6e40e-0880-418d-8c7d-32a53bcec0ae,13285.8
34,34,A,Carnegie,CARNEGIE,40,37c462e9-6082-4b1b-a96a-3c4ca9ff69c2,10389.2
34,34,A,Carnegie,CARNEGIE,41,dda9d5ec-5856-4a18-a5e8-8c70a5b480e0,11171.1
34,34,A,Carnegie,CARNEGIE,42,8545f647-f2b5-48e5-9a43-f4efe322ceca,12676.2
34,34,A,Carnegie,CARNEGIE,43,e85877af-85c5-41d2-a101-2d65c8639362,686.5
34,34,A,Carnegie,CARNEGIE,44,d18d40b9-2515-41a6-8f99-b9fce6d09ed2,7565.3
34,34,A,Carnegie,CARNEGIE,45,17598e52-c71f-4d55-b363-82164f34c765,14807.2
34,34,A,Carnegie,CARNEGIE,46,3c517032-b532-4bc4-b924-b43909f3bf6b,2445.3
34,34,A,Carnegie,CARNEGIE,47,7c672aea-96d7-4a7e-8799-978a2477ee11,4419.9
40,40,A,Downtown,DOWNTOWN,1,193c4eb6-e233-424d-9c8d-1370e5250547,2191.0
40,40,A,Downtown,DOWNTOWN,2,077af71a-b772-4c19-b381-165f457d77af,552.5
40,40,A,Downtown,DOWNTOWN,3,0fb0266d-1dbb-44a0-bc38-6e16c3ffbaeb,2950.6
40,40,A,Downtown,DOWNTOWN,4,e50489d5-0d9e-4696-b3e7-c73a2b04e976,837.7
40,40,A,Downtown,DOWNTOWN,5,eb6c071c-3272-4f0d-b5a0-95506a86fec1,3912.0
40,40,A,Downtown,DOWNTOWN,6,6da32076-4c0e-46b4-ad5f-c47c269c2890,1160.0
40,40,A,Downtown,DOWNTOWN,7,17022d30-b6ad-42b5-bcaf-980a591109c1,2584.7
40,40,A,Downtown,DOWNTOWN,8,2e21efec-66dd-4ad1-b578-58c741149f02,1055.3
40,40,A,Downtown,DOWNTOWN,9,0f41d751-dcae-4d6e-ae72-d3f686cf27be,2804.4
40,40,A,Downtown,DOWNTOWN,10,4a7c92b5-8fa6-4cdf-9990-ed365cb507c2,4028.3
40,40,A,Downtown,DOWNTOWN,11,f6446844-d26d-42a4-9f80-ca41cd499ee5,1898.4
40,40,A,Downtown,DOWNTOWN,12,28dfe9e5-152a-4a9b-bfdb-02244f018a20,2033.8
40,40,A,Downtown,DOWNTOWN,13,35898fa0-4492-44f0-a2e5-d490f96af1a4,1330.0
40,40,A,Downtown,DOWNTOWN,14,1d9be0d3-e2c3-485f-bea8-2ac1a171dbd8,7206.6
40,40,A,Downtown,DOWNTOWN,15,ba518052-b043-4c30-8050-30bec5b940c4,665.1
40,40,A,Downtown,DOWNTOWN,16,758e71bf-ba74-4d41-8c5b-66d35c2ecff0,7808.1
40,40,A,Downtown,DOWNTOWN,17,073595bb-089a-4783-8e65-5ea8bd11554d,2422.0
40,40,A,Downtown,DOWNTOWN,18,d66c6665-efd2-4918-9079-edb966f8a954,4521.4
40,40,A,Downtown,DOWNTOWN,19,5bf9d772-d377-4229-b83a-53eaf4a4b2cb,3128.7
40,40,A,Downtown,DOWNTOWN,20,d6fcc4f5-b453-4c1d-89b1-ddb9e30bbafb,8253.4
40,40,A,Downtown,DOWNTOWN,21,1546b20d-4106-4f5e-aaec-f24927db5968,9258.3
40,40,A,Downtown,DOWNTOWN,22,ca3fa450-f904-471c-b878-1de484b1b681,326.2
40,40,A,Downtown,DOWNTOWN,23,48171f37-1d26-44f7-8f33-704e7cffc1a6,2701.7
40,40,A,Downtown,DOWNTOWN,24,c2c346ad-88ec-424d-9e9e-e3c51cb2c300,6089.7
40,40,A,Downtown,DOWNTOWN,25,d623137a-9ead-43cd-8e54-addb6acc5b77,9563.1
40,40,A,Downtown,DOWNTOWN,26,0950845c-e035-4465-bc98-79c20f2c2034,7454.2
40,40,A,Downtown,DOWNTOWN,27,3a7efd74-137d-40f5-b5c5-1e03990e92da,2316.5
40,40,A,Downtown,DOWNTOWN,28,d4aa3b8d-3ae6-4745-a1f0-a98232948c5e,5809.2
40,40,A,Downtown,DOWNTOWN,29,2c5d6875-bd4a-4730-ac9b-45e5beb9f567,6409.1
40,40,A,Downtown,DOWNTOWN,30,6b0ebe69-e4f9-415d-a62d-c9a2ff14ed3e,10707.9
40,40,A,Downtown,DOWNTOWN,31,57507786-aca4-456c-b1c9-6fc8de369ad3,5470.3
40,40,A,Downtown,DOWNTOWN,32,e8c8d519-2bda-44ef-a806-01eef8288b20,8542.3
40,40,A,Downtown,DOWNTOWN,33,ba5ed111-264e-4b4b-83d2-01174f255c0e,1802.3
40,40,A,Downtown,DOWNTOWN,34,491ef73d-f0f1-40f9-91d3-87a462f2074d,9716.0
40,40,A,Downtown,DOWNTOWN,35,5e9bb250-5751-40f3-a22b-01f9d0ddbe23,10213.7
40,40,A,Downtown,DOWNTOWN,36,e128c809-1aeb-4733-a25f-20d4979cf050,1680.3
40,40,A,Downtown,DOWNTOWN,37,7bec3cb7-ea30-479d-908a-0d7f1eca1a72,3425.3
40,40,A,Downtown,DOWNTOWN,38,93d10724-4d51-40a3-92ed-118a7e47877a,132.4
40,40,A,Downtown,DOWNTOWN,39,0f03761d-eac9-4a19-a432-9b19dbb4a8b3,3314.1
40,40,A,Downtown,DOWNTOWN,40,23e71203-005b-48b7-b240-d263a4d9aae5,3608.9
40,40,A,Downtown,DOWNTOWN,41,a9c32e54-d2af-4737-9d66-c8ee673c8145,2883.1
40,40,A,Downtown,DOWNTOWN,42,b6d17161-1ec6-4acd-b195-31399f754cc4,5188.7
40,40,A,Downtown,DOWNTOWN,43,3098341a-5f8c-467d-a3b4-79c3103f499a,1538.9
40,40,A,Downtown,DOWNTOWN,44,c8f4d3cf-a5d4-4920-abb8-6489fc0fdcfb,6522.6
40,40,A,Downtown,DOWNTOWN,45,b475b32b-1f91-4b83-aca7-e6158bf393a0,3719.0
40,40,A,Downtown,DOWNTOWN,46,fefdf0ad-4991-46d6-9045-dc4a4b620a44,0.4
40,40,A,Downtown,DOWNTOWN,47,ea83a645-3808-4dff-aa2a-6c2617e9a37a,9904.1
40,40,A,Downtown,DOWNTOWN,48,fc545e91-524c-46b5-a90b-f9259f1a7a0f,6867.6
40,40,A,Duquesne Hts,MT WASHINGTON,1,1eb41802-28e8-45cb-afdd-a48347454311,9433.7
40,40,A,Duquesne Hts,MT WASHINGTON,2,c12072cc-a746-4518-9401-c1e502bd14ba,3259.2
40,40,A,Duquesne Hts,MT WASHINGTON,3,570449a8-31d3-4f64-ba02-3d689f579774,9588.9
40,40,A,Duquesne Hts,MT WASHINGTON,4,25e96233-7c3a-4550-b87b-8ed001bda8c5,7836.7
40,40,A,Duquesne Hts,MT WASHINGTON,5,97d9f400-5933-4650-a2f2-dc31c4a62fbe,9746.1
40,40,A,Duquesne Hts,MT WASHINGTON,6,cf80e72d-79d0-44b9-a385-118eeaf90685,10084.5
40,40,A,Duquesne Hts,MT WASHINGTON,7,027a2d07-dee9-4671-b63d-7282b8a88e10,276.2
40,40,A,Duquesne Hts,MT WASHINGTON,8,5127aa9b-53c9-4607-9741-a8b7c863b8b8,7380.7
40,40,A,Duquesne Hts,MT WASHINGTON,9,116d22d4-a815-4793-bf7d-ef6dd1d5e3e9,6399.1
40,40,A,Duquesne Hts,MT WASHINGTON,10,47ff4298-7b84-4a69-a924-c76c52955537,632.0
40,40,A,Duquesne Hts,MT WASHINGTON,11,305e12af-64b0-4ac6-ac4c-428c1dc9fd9c,1.9
40,40,A,Duquesne Hts,MT WASHINGTON,12,1c55dcbf-a0bb-4693-8394-2c77cc19effa,8723.9
40,40,A,Duquesne Hts,MT WASHINGTON,13,c3cbdbeb-0f42-4514-851c-5d68d7fc90d3,3878.5
40,40,A,Duquesne Hts,MT WASHINGTON,14,5eed19eb-5819-4788-bed1-b0ddf26872b5,5727.7
40,40,A,Duquesne Hts,MT WASHINGTON,15,09502e0e-1369-469b-a263-ebb69fbb570e,7191.3
40,40,A,Duquesne Hts,MT WASHINGTON,16,a7a5355a-410f-421f-a198-c3be397b0c95,5920.8
40,40,A,Duquesne Hts,MT WASHINGTON,17,6c382d84-2848-469a-9588-5e50f1897da9,7987.4
40,40,A,Duquesne Hts,MT WASHINGTON,18,891b3ee6-8fdc-4caf-8034-9433c23418f3,1231.4
40,40,A,Duquesne Hts,MT WASHINGTON,19,2f72b540-458a-4749-bff0-73cf06ee7c3f,4307.9
40,40,A,Duquesne Hts,MT WASHINGTON,20,7e509ba5-acea-4eb9-a1cd-3d0237ba90f4,9256.5
40,40,A,Duquesne Hts,MT WASHINGTON,21,132b3552-d527-4843-9f43-cdbb6436d02d,1870.6
40,40,A,Duquesne Hts,MT WASHINGTON,22,395dfee5-498f-4a5a-8775-723f2a370475,8505.4
40,40,A,Duquesne Hts,MT WASHINGTON,23,c8ca02a9-c20e-4641-93d8-65e53f0e3f37,8603.4
40,40,A,Duquesne Hts,MT WASHINGTON,24,f92e5f1f-a2b9-4c21-b507-2abf04db4df4,8067.7
40,40,A,Duquesne Hts,MT WASHINGTON,25,1541b21b-9e94-432d-bdab-ddcb271c9f6d,7292.8
40,40,A,Duquesne Hts,MT WASHINGTON,26,fefdf0ad-4991-46d6-9045-dc4a4b620a44,10346.1
40,40,A,Duquesne Hts,MT WASHINGTON,27,92d9df45-94e9-467e-94f1-a36cf2c6df9c,5244.3
40,40,A,Duquesne Hts,MT WASHINGTON,28,e489aa71-856f-439a-ad05-2b06e3daa23c,7689.6
40,40,A,Duquesne Hts,MT WASHINGTON,29,89684ac9-be4d-4879-9c15-8696d8082081,8240.5
40,40,A,Duquesne Hts,MT WASHINGTON,30,78ea67f8-7af8-4955-a0e3-88af104f1f91,9084.3
40,40,A,Duquesne Hts,MT WASHINGTON,31,7554395f-bc41-40d0-a52e-8878e3012d0e,1055.4
40,40,A,Duquesne Hts,MT WASHINGTON,32,ab5438f7-1bd8-4137-abbb-8df160a99581,9368.4
40,40,A,Duquesne Hts,MT WASHINGTON,33,f85dc3ee-e693-40c2-b4d9-ee8b8390e209,2625.1
40,40,A,Duquesne Hts,MT WASHINGTON,34,8ac2289e-4ac0-4aee-b4d4-21a38e07e1e9,3997.1
40,40,A,Duquesne Hts,MT WASHINGTON,35,04a565a9-a35a-4bf8-9365-63e9b7b0d15e,3572.6
40,40,A,Duquesne Hts,MT WASHINGTON,36,32a199ca-8264-4530-90c5-328e7873cb55,4595.9
40,40,A,Duquesne Hts,MT WASHINGTON,37,f432e791-4165-47d9-bf1e-243cc0b9539f,7540.8
40,40,A,Duquesne Hts,MT WASHINGTON,38,08518f53-db57-4727-9ccf-78b6422ff7e1,6559.7
40,40,A,Duquesne Hts,MT WASHINGTON,39,e9c98a61-1ad2-4550-9da7-3c95e49a02cb,9868.0
40,40,A,Duquesne Hts,MT WASHINGTON,40,0c42e968-3de5-42e6-9e0b-dd3d2b3b87d1,7744.3
40,40,A,Duquesne Hts,MT WASHINGTON,41,4eadb2fe-a6a8-4015-9a9a-98837e9d8fb8,814.7
40,40,A,Duquesne Hts,MT WASHINGTON,42,6607a35f-91c4-4d9e-a7e6-f0241fd5a292,7114.4
40,40,A,Duquesne Hts,MT WASHINGTON,43,f44834fd-7e68-4f21-8ec3-8d341f4a67dd,7478.2
40,40,A,Duquesne Hts,MT WASHINGTON,44,736c9a80-bd45-46b0-b8c1-21eb290158d0,8357.1
40,40,A,Duquesne Hts,MT WASHINGTON,45,9a089f2e-94a0-4288-9419-33156d1c89b7,10262.4
40,40,A,Duquesne Hts,MT WASHINGTON,46,122ea7ac-6f08-4663-a792-7713a665acde,8878.6
40,40,A,Duquesne Hts,MT WASHINGTON,47,9d9d6874-9cb5-4b88-8417-2b99d449c6b4,6744.0
40,40,A,Duquesne Hts,MT WASHINGTON,48,3fcb5edf-74c9-4151-b364-16949668f872,7003.4
28X,28X,A,Airport,"AIRPORT via Downtown, Oakland",1,f660347b-001d-48ce-9f37-b682d8170e05,6546.4
28X,28X,A,Airport,"AIRPORT via Downtown, Oakland",2,195d60da-d162-4e00-b6a1-88cda1d58281,0.2
28X,28X,A,Airport,"AIRPORT via Downtown, Oakland",3,1575cb8b-ce47-497c-a2b9-87129b9e3325,46952.2
28X,28X,A,Airport,"AIRPORT via Downtown, Oakland",4,613a3875-6c70-476b-b65f-378497702f43,7181.8
28X,28X,A,Airport,"AIRPORT via Downtown, Oakland",5,1019ecb0-36ae-4080-afcc-a94064c65a6d,17922.6
28X,28X,A,Airport,"AIRPORT via Downtown, Oakland",6,ca6e4f18-03f5-4993-8662-657c9f0ef3a6,14354.3
28X,28X,A,Airport,"AIRPORT via Downtown, Oakland",7,5a189101-3d0c-455e-bf37-819097d22af2,20471.1
28X,28X,A,Airport,"AIRPORT via Downtown, Oakland",8,5f512e00-bc15-4ec4-b7d1-4756b433a50f,24715.7
28X,28X,A,Airport,"AIRPORT via Downtown, Oakland",9,2c0b1b67-e93b-420e-9686-0f4fb6658fa7,1250.4
28X,28X,A,Airport,"AIRPORT via Downtown, Oakland",10,3672602c-3e6c-4c89-a239-908480a25143,2142.6
28X,28X,A,Airport,"AIRPORT via Downtown, Oakland",11,6f0f13c8-d8e0-49da-b5e5-ad24d8c2c3d5,7803.3
28X,28X,A,Airport,"AIRPORT via Downtown, Oakland",12,0020fe28-0af0-4d6a-88d3-766e10e3af77,19552.3
28X,28X,A,Airport,"AIRPORT via Downtown, Oakland",13,daf49906-715a-4f33-8697-8a7b022e9242,6141.6
28X,28X,A,Airport,"AIRPORT via Downtown, Oakland",14,353c7484-b8e1-4e01-bbc6-52af88c7c69d,4487.7
28X,28X,A,Airport,"AIRPORT via Downtown, Oakland",15,e3057593-b6ad-41b4-8d0f-7d4fca628b83,23238.4
28X,28X,A,Airport,"AIRPORT via Downtown, Oakland",16,ad6fab63-447e-404d-9102-442cac668611,21650.2
28X,28X,A,Airport,"AIRPORT via Downtown, Oakland",17,555e697b-5cf6-41c8-be55-579e39a77c31,12127.7
28X,28X,A,Airport,"AIRPORT via Downtown, Oakland",18,02f6326c-e983-4a9d-9d48-5b9a1c9bfdfd,12906.0
28X,28X,A,Airport,"AIRPORT via Downtown, Oakland",19,2bb66cb3-fbb0-4d2b-9876-225dd481051f,8485.1
28X,28X,A,Airport,"AIRPORT via Downtown, Oakland",20,90bb5b4b-92cb-41ce-b42b-c54d4f5af33f,12503.6
28X,28X,A,Airport,"AIRPORT via Downtown, Oakland",21,658e380a-5e6e-43d3-9d08-6386d64717f5,13209.7
28X,28X,A,East Liberty,"EAST LIBERTY via Downtown, Oakland",1,01f9b8ad-e050-43a4-b860-e6342d5ff2b3,47676.7
28X,28X,A,East Liberty,"EAST LIBERTY via Downtown, Oakland",2,254a7a35-6a70-4bef-9d71-dbd9733c299f,26541.3
28X,28X,A,East Liberty,"EAST LIBERTY via Downtown, Oakland",3,22993ee6-5609-4892-967a-008a70775df4,40476.8
28X,28X,A,East Liberty,"EAST LIBERTY via Downtown, Oakland",4,87b8be82-3a6a-40c4-88a9-5b5a5a8d4d21,35487.4
28X,28X,A,East Liberty,"EAST LIBERTY via Downtown, Oakland",5,71eaec7b-1b6e-4fcc-bc69-1581b28961a7,23465.8
28X,28X,A,East Liberty,"EAST LIBERTY via Downtown, Oakland",6,a2edd237-01d3-491a-979c-da8070e163df,27712.2
28X,28X,A,East Liberty,"EAST LIBERTY via Downtown, Oakland",7,bd788af9-1253-452f-873b-f7810182798a,41136.6
28X,28X,A,East Liberty,"EAST LIBERTY via Downtown, Oakland",8,3df5e983-0f4a-4925-8460-d277253173d4,43207.4
28X,28X,A,East Liberty,"EAST LIBERTY via Downtown, Oakland",9,505cac18-5740-4eff-a749-c2894353d601,35920.3
28X,28X,A,East Liberty,"EAST LIBERTY via Downtown, Oakland",10,a34d3aa3-1a0f-4b5f-ab7f-59f2d2b1c1ba,35270.6
28X,28X,A,East Liberty,"EAST LIBERTY via Downtown, Oakland",11,187130b8-f356-426e-9a11-5deb680665b3,35016.4
28X,28X,A,East Liberty,"EAST LIBERTY via Downtown, Oakland",12,1d216d6f-9ec9-47c5-86c0-6183569f3b77,24952.1
28X,28X,A,East Liberty,"EAST LIBERTY via Downtown, Oakland",13,e54c7462-2c08-448c-99e5-6d4cc7b8a1d3,33791.2
28X,28X,A,East Liberty,"EAST LIBERTY via Downtown, Oakland",14,1a62cf36-7450-4ba7-8385-6ce221a33604,46479.3
28X,28X,A,East Liberty,"EAST LIBERTY via Downtown, Oakland",15,79c99224-022e-4e10-a5cf-7425b4b574c5,28631.3
28X,28X,A,East Liberty,"EAST LIBERTY via Downtown, Oakland",16,36645177-0dca-4bb7-bccb-c0004f0bb3a4,40760.1
28X,28X,A,East Liberty,"EAST LIBERTY via Downtown, Oakland",17,ab2dc8df-0abd-4eb1-b03a-a42b5e59a977,41697.9
28X,28X,A,East Liberty,"EAST LIBERTY via Downtown, Oakland",18,d45235ca-c669-493a-8761-8c81bf81786d,40113.3
28X,28X,A,East Liberty,"EAST LIBERTY via Downtown, Oakland",19,8528f2d5-a72b-42fc-90cd-1deaa81afec7,30258.2
28X,28X,A,East Liberty,"EAST LIBERTY via Downtown, Oakland",20,9bba82c4-35ff-42c1-9b00-255add9d572b,39712.8
28X,28X,A,East Liberty,"EAST LIBERTY via Downtown, Oakland",21,1575cb8b-ce47-497c-a2b9-87129b9e3325,0
28X,28X,A,East Liberty,"EAST LIBERTY via Downtown, Oakland",22,b76044ad-69e5-4d40-9e85-262441940032,45587.8
85,85,A,Oakland,OAKLAND via Negley-Centre,1,ea1adf2b-6700-4fb6-9947-adb3bf7f99f5,1831.2
85,85,A,Oakland,OAKLAND via Negley-Centre,2,0d8e1e42-9bb6-41fd-b654-a3ff18b26581,2512.6
85,85,A,Oakland,OAKLAND via Negley-Centre,3,2107d7fa-956c-4259-995d-e6c0e1a1b9d2,2933.8
85,85,A,Oakland,OAKLAND via Negley-Centre,4,20f7a302-e39c-48b4-9ff0-7accfb802198,4130.9
85,85,A,Oakland,OAKLAND via Negley-Centre,5,2afcab7e-8760-4d16-abd4-f4d3d65b0343,1432.2
85,85,A,Oakland,OAKLAND via Negley-Centre,6,9a6bf9fc-4ce8-4060-ba82-22882105aa78,2144.5
85,85,A,Oakland,OAKLAND via Negley-Centre,7,78790afc-d7aa-47d8-9a79-7979bcd07164,1660.4
85,85,A,Oakland,OAKLAND via Negley-Centre,8,592e3f54-4a0b-4440-99eb-4edc08414a79,522.5
85,85,A,Oakland,OAKLAND via Negley-Centre,9,6257f698-013c-4bee-a70e-65377f5ef62f,3390.0
85,85,A,Oakland,OAKLAND via Negley-Centre,10,1812924b-b7be-43c1-98aa-3b82dbc95829,874.6
85,85,A,Oakland,OAKLAND via Negley-Centre,11,4b91b81d-6d76-4995-9b81-002eead090dc,3097.2
85,85,A,Oakland,OAKLAND via Negley-Centre,12,e2f63508-fc05-4e4f-bbf2-6c9e13ebd5cf,1189.3
85,85,A,Oakland,OAKLAND via Negley-Centre,13,613a3875-6c70-476b-b65f-378497702f43,5355.1
85,85,A,Oakland,OAKLAND via Negley-Centre,14,4ba5fcc9-09a4-4e73-9701-6771825db117,976.2
85,85,A,Oakland,OAKLAND via Negley-Centre,15,6f0f13c8-d8e0-49da-b5e5-ad24d8c2c3d5,5976.6
85,85,A,Oakland,OAKLAND via Negley-Centre,16,742a62cd-9762-4473-b12a-8665f990d97c,4924.8
85,85,A,Oakland,OAKLAND via Negley-Centre,17,cc05ae79-f101-428b-99da-f243b407be31,4600.8
85,85,A,Oakland,OAKLAND via Negley-Centre,18,8b0bdb45-1663-4795-9e82-8420694a65e3,3919.0
85,85,A,Oakland,OAKLAND via Negley-Centre,19,7b472776-9112-47d0-9b64-056b2bb2589e,2294.4
85,85,A,Oakland,OAKLAND via Negley-Centre,20,51bfc8c3-c0de-4e1a-86fa-5d4881fce7a0,1.4
85,85,A,Oakland,OAKLAND via Negley-Centre,21,7f9f6e9a-3a5a-4ed7-be98-b3b4c3994fcc,1303.6
85,85,A,Oakland,OAKLAND via Negley-Centre,22,58ad7bef-871d-4fb5-9898-85b2faf9584a,669.9
85,85,A,Oakland,OAKLAND via Negley-Centre,23,d101f86f-06cf-4eaf-88c0-8a082166e849,5610.0
85,85,A,Oakland,OAKLAND via Negley-Centre,24,07667514-0c28-426d-8d2e-5f76d302356a,2694.0
85,85,A,Oakland,OAKLAND via Negley-Centre,25,aa3e511a-874e-4707-8e4b-366bd635eced,304.5
85,85,A,Oakland,OAKLAND via Negley-Centre,26,1e21d6e4-0bea-43c4-a0b3-420a5845b2be,3305.0
85,85,A,Oakland,OAKLAND via Negley-Centre,27,8c4ecc72-15d2-4f36-867c-c7560ff5839e,1554.2
85,85,A,Oakland,OAKLAND via Negley-Centre,28,4f21a1b7-ee54-4263-851a-3a0cd7dfe349,3660.6
85,85,A,Oakland,OAKLAND via Negley-Centre,29,02a34539-ce5c-4efd-b877-ac59d6f8859c,4237.3
85,85,A,Oakland,OAKLAND via Negley-Centre,30,7a1eb1f7-4b28-4f3c-912f-fb5c682ebb33,2005.9
85,85,A,Oakland,OAKLAND via Negley-Centre,31,7ec3f942-0223-47ff-86d1-5f2172e1b514,4394.1
85,85,A,Highland Park,HIGHLAND PARK via Centre-Negley,1,0f6635a0-44c3-4574-b45d-9edf39bf4414,2285.0
85,85,A,Highland Park,HIGHLAND PARK via Centre-Negley,2,3b5de7d3-515e-481c-b162-6f368fa8299d,4602.9
85,85,A,Highland Park,HIGHLAND PARK via Centre-Negley,3,8cd81314-66b1-4eb0-b423-bf2539ede3d5,5454.8
85,85,A,Highland Park,HIGHLAND PARK via Centre-Negley,4,22993ee6-5609-4892-967a-008a70775df4,896.2
85,85,A,Highland Park,HIGHLAND PARK via Centre-Negley,5,a6648fbc-7903-423c-a65f-d76fcd277ef6,6232.5
85,85,A,Highland Park,HIGHLAND PARK via Centre-Negley,6,a710968f-c942-428a-b389-a11181455d0a,2755.9
85,85,A,Highland Park,HIGHLAND PARK via Centre-Negley,7,7947c8cb-7995-4e78-9502-25f94be193dd,3235.2
85,85,A,Highland Park,HIGHLAND PARK via Centre-Negley,8,e6534347-8d0a-4c33-abc6-d6109aca30c9,5592.2
85,85,A,Highland Park,HIGHLAND PARK via Centre-Negley,9,8878eb8b-3777-40d4-8ce7-0928531a78f5,4317.6
85,85,A,Highland Park,HIGHLAND PARK via Centre-Negley,10,3664bb2c-178f-4fe7-ad06-686e2fb06e12,1673.7
85,85,A,Highland Park,HIGHLAND PARK via Centre-Negley,11,51bfc8c3-c0de-4e1a-86fa-5d4881fce7a0,7260.1
85,85,A,Highland Park,HIGHLAND PARK via Centre-Negley,12,ed2fd9ed-0b23-4bc3-afa4-b8c65da422bd,2650.2
85,85,A,Highland Park,HIGHLAND PARK via Centre-Negley,13,94eaebc6-e86d-4514-9aa4-2865c40ab5e0,2060.2
85,85,A,Highland Park,HIGHLAND PARK via Centre-Negley,14,b05f82fb-e715-41e0-8efe-aad7a813ef85,4775.6
85,85,A,Highland Park,HIGHLAND PARK via Centre-Negley,15,78741857-6ec3-4af8-80d3-a7440a94824d,2971.1
85,85,A,Highland Park,HIGHLAND PARK via Centre-Negley,16,09d344de-db75-4647-8677-dbf2a334bd04,5096.9
85,85,A,Highland Park,HIGHLAND PARK via Centre-Negley,17,e2f7ba04-3e98-4c5d-a0ef-99d208528bbb,5906.6
85,85,A,Highland Park,HIGHLAND PARK via Centre-Negley,18,ff79f980-d683-426b-830b-2b0dc0d04e57,5333.4
85,85,A,Highland Park,HIGHLAND PARK via Centre-Negley,19,d45235ca-c669-493a-8761-8c81bf81786d,532.7
85,85,A,Highland Park,HIGHLAND PARK via Centre-Negley,20,9bba82c4-35ff-42c1-9b00-255add9d572b,131.1
85,85,A,Highland Park,HIGHLAND PARK via Centre-Negley,21,7973de10-a676-4a96-8a4b-e94a417dbbe2,4139.7
85,85,A,Highland Park,HIGHLAND PARK via Centre-Negley,22,f6e997e2-5617-46d4-869e-93b38baa3b61,3680.5
85,85,A,Highland Park,HIGHLAND PARK via Centre-Negley,23,3df082c4-f901-4026-b90a-204fff996655,4929.1
85,85,A,Highland Park,HIGHLAND PARK via Centre-Negley,24,47e21b3a-2b96-4c48-a1eb-7722f1803e19,3969.5
85,85,A,Highland Park,HIGHLAND PARK via Centre-Negley,25,f46b27df-2f30-4ae4-a615-9131ca8c1cc5,6373.9
85,85,A,Highland Park,HIGHLAND PARK via Centre-Negley,26,ea37aba0-dd14-4536-80da-49566802df04,5712.8
85,85,A,Highland Park,HIGHLAND PARK via Centre-Negley,27,36645177-0dca-4bb7-bccb-c0004f0bb3a4,1179.5
85,85,A,Highland Park,HIGHLAND PARK via Centre-Negley,28,75ff3f0f-176e-4aa2-a5ab-a7d2af90fe6e,2531.7
85,85,A,Highland Park,HIGHLAND PARK via Centre-Negley,29,d90c4c9e-41f3-488b-b55c-2f2eb324bb7b,6033.8
85,85,A,Highland Park,HIGHLAND PARK via Centre-Negley,30,0bd565c9-e9e2-4f26-8062-22abb0b010e3,3506.4
85,85,A,Highland Park,HIGHLAND PARK via Centre-Negley,31,3d4b3611-66ec-4635-b7aa-17348441daf9,6598.7
85,85,A,Highland Park,HIGHLAND PARK via Centre-Negley,32,a97275a2-87eb-47a1-bc8a-d1a2dc75ed3e,3763.7
85,85,A,Highland Park,HIGHLAND PARK via Centre-Negley,33,da761cc9-dd85-4b1e-99cb-7a4031fa595c,5212.5
48,48,A,Downtown,DOWNTOWN,1,681ab434-9fe2-4c03-a8c7-513a77f546ec,7707.1
48,48,A,Downtown,DOWNTOWN,2,495c154e-b65c-4e5a-afb3-273b4d361694,5672.0
48,48,A,Downtown,DOWNTOWN,3,2c5d6875-bd4a-4730-ac9b-45e5beb9f567,1113.8
48,48,A,Downtown,DOWNTOWN,4,c62dc823-8c2c-4d09-90f9-742a6a19da5e,7913.6
48,48,A,Downtown,DOWNTOWN,5,e8c8d519-2bda-44ef-a806-01eef8288b20,8492.2
48,48,A,Downtown,DOWNTOWN,6,9f1ac293-21ae-4fe8-8288-285ecc944aeb,6104.5
48,48,A,Downtown,DOWNTOWN,7,40b37da8-7c06-4a8b-819f-457db2b31c8f,4167.2
48,48,A,Downtown,DOWNTOWN,8,c3aba178-aa22-4dcc-ac33-e6e8ad414253,1873.2
48,48,A,Downtown,DOWNTOWN,9,03eec73f-f99c-43f3-a992-a93d0a7424b5,0
48,48,A,Downtown,DOWNTOWN,10,13605376-41e8-4057-84ef-7b2e7419e31f,8277.1
48,48,A,Downtown,DOWNTOWN,11,94fd189c-d998-463d-9543-9a6e70abf9a4,5409.9
48,48,A,Downtown,DOWNTOWN,12,c077f57d-94c2-4375-a646-0b2fbb84fc0d,3416.4
48,48,A,Downtown,DOWNTOWN,13,7cce2f29-9e6d-4a5a-ba2c-e26684773981,3064.2
48,48,A,Downtown,DOWNTOWN,14,0ac0d70d-002e-47ca-b92e-8136277ffb21,7063.1
48,48,A,Downtown,DOWNTOWN,15,b6e7f05b-570d-4f8a-a165-dd1f45149950,1465.2
48,48,A,Downtown,DOWNTOWN,16,20886ca0-bc81-431c-a1d7-69afb1712c69,6224.2
48,48,A,Downtown,DOWNTOWN,17,26112e79-eb4a-40fb-891c-f174a7561909,1626.3
48,48,A,Downtown,DOWNTOWN,18,58b64ae1-8ffd-4953-a194-ac2bc5cd89b9,3906.1
48,48,A,Downtown,DOWNTOWN,19,178c8aaa-4969-455c-8bca-d54127fca5bd,4725.3
48,48,A,Downtown,DOWNTOWN,20,69151dfd-6165-4a4b-b5cb-d2bd7d6e795e,3573.5
48,48,A,Downtown,DOWNTOWN,21,6e1bc560-f820-4e85-b8d0-20834583116c,2259.5
48,48,A,Downtown,DOWNTOWN,22,1546b20d-4106-4f5e-aaec-f24927db5968,9208.1
48,48,A,Downtown,DOWNTOWN,23,0f169830-1cdf-4948-9708-645922b0deec,4282.9
48,48,A,Downtown,DOWNTOWN,24,57acc3d9-243a-457c-9fc8-8ae252f08755,6474.6
48,48,A,Downtown,DOWNTOWN,25,491ef73d-f0f1-40f9-91d3-87a462f2074d,9665.8
48,48,A,Downtown,DOWNTOWN,26,d0074677-d7e4-46bc-83e5-3334d591a43f,7260.9
48,48,A,Downtown,DOWNTOWN,27,4fab53d5-a46a-4f84-b09c-24efcdea57fd,6772.2
48,48,A,Downtown,DOWNTOWN,28,c8f4d3cf-a5d4-4920-abb8-6489fc0fdcfb,1227.3
48,48,A,Downtown,DOWNTOWN,29,bb6ef197-4351-43c2-9145-0ca7ef2c2be2,253.6
48,48,A,Downtown,DOWNTOWN,30,10df548a-254c-4235-8303-3bca22a2182f,3253.3
48,48,A,Downtown,DOWNTOWN,31,80a18377-7e07-4b36-978c-3803bd14b151,2834.1
48,48,A,Downtown,DOWNTOWN,32,41946b4a-b45b-4a2a-9107-06d0f76ed6c0,8067.1
48,48,A,Downtown,DOWNTOWN,33,97e4092e-921a-4775-bb51-74a5d21481e6,4538.0
48,48,A,Downtown,DOWNTOWN,34,b6403496-e8b6-4e7a-b14c-45b39c05f318,4934.7
48,48,A,Downtown,DOWNTOWN,35,ea83a645-3808-4dff-aa2a-6c2617e9a37a,9850.3
48,48,A,Downtown,DOWNTOWN,36,d623137a-9ead-43cd-8e54-addb6acc5b77,9512.9
48,48,A,Downtown,DOWNTOWN,37,e002ab0f-322c-40b9-b652-29295d2cb21e,5320.4
48,48,A,Downtown,DOWNTOWN,38,e64b3bbc-815f-4255-a78e-607358191832,7465.7
48,48,A,Downtown,DOWNTOWN,39,dc833720-379d-4757-a4df-d288c4ca5282,5023.1
48,48,A,Downtown,DOWNTOWN,40,cce2ad79-5397-4a0f-91be-e4fb633a12d4,2097.9
48,48,A,Downtown,DOWNTOWN,41,970f5e9c-fe8a-4b93-b8f3-c489dd93c465,5968.4
48,48,A,Downtown,DOWNTOWN,42,d4aa3b8d-3ae6-4745-a1f0-a98232948c5e,514.0
48,48,A,Downtown,DOWNTOWN,43,33d1b490-a150-4402-bae4-a4e6405d9bb3,3753.4
48,48,A,Downtown,DOWNTOWN,44,c2c346ad-88ec-424d-9e9e-e3c51cb2c300,794.5
48,48,A,Downtown,DOWNTOWN,45,4c25da16-40c9-4563-abeb-fecfeeb7602c,6600.5
48,48,A,Downtown,DOWNTOWN,46,afc014d1-47b9-425a-88b3-05565b9e072a,2587.2
48,48,A,Beltzhoover,ARLINGTON,1,c351d948-7c0f-4042-a79d-4623a057a4d8,6137.6
48,48,A,Beltzhoover,ARLINGTON,2,61d3b823-61eb-4659-8750-6d693401b17f,6927.4
48,48,A,Beltzhoover,ARLINGTON,3,f9624c59-6b83-4cbf-87fa-919b4ce8e566,5637.0
48,48,A,Beltzhoover,ARLINGTON,4,132b3552-d527-4843-9f43-cdbb6436d02d,1419.9
48,48,A,Beltzhoover,ARLINGTON,5,4eadb2fe-a6a8-4015-9a9a-98837e9d8fb8,363.9
48,48,A,Beltzhoover,ARLINGTON,6,87c61e67-2d6f-4c12-9473-aa87eb9afa2b,4352.9
48,48,A,Beltzhoover,ARLINGTON,7,4be9e050-7b22-405f-990f-7f647c797412,2933.7
48,48,A,Beltzhoover,ARLINGTON,8,aa5288f3-3edf-4a58-83c1-29514a4f06cc,6664.4
48,48,A,Beltzhoover,ARLINGTON,9,1d0ed172-7f4f-408e-b1d2-ecff1b002fb7,6348.7
48,48,A,Beltzhoover,ARLINGTON,10,7554395f-bc41-40d0-a52e-8878e3012d0e,604.6
48,48,A,Beltzhoover,ARLINGTON,11,32a199ca-8264-4530-90c5-328e7873cb55,9389.9
48,48,A,Beltzhoover,ARLINGTON,12,dcdbc681-75a5-4fa2-b4a0-2e6eec3b8eb8,8665.1
48,48,A,Beltzhoover,ARLINGTON,13,76de93b7-1aa9-4667-8eee-22bfd3e864de,3673.0
48,48,A,Beltzhoover,ARLINGTON,14,b79c7dd3-d0db-43fb-93cf-4a7bfd2254ad,5387.1
48,48,A,Beltzhoover,ARLINGTON,15,3f0c1efe-e097-4c92-84fb-f0250ca74a82,6508.0
48,48,A,Beltzhoover,ARLINGTON,16,ef31a9c0-6900-4b2d-bf1d-62bae100300a,5982.7
48,48,A,Beltzhoover,ARLINGTON,17,bb1a8470-c570-4164-ad31-4d24bab6e1d9,4686.7
48,48,A,Beltzhoover,ARLINGTON,18,54fa7e8c-01a9-4715-b7b2-afd6e3eb052d,2475.4
48,48,A,Beltzhoover,ARLINGTON,19,8ac2289e-4ac0-4aee-b4d4-21a38e07e1e9,8791.1
48,48,A,Beltzhoover,ARLINGTON,20,9f7dbb17-6578-46c8-a73b-9d59792f27a3,7963.7
48,48,A,Beltzhoover,ARLINGTON,21,33f6cbd7-970f-4c41-be7f-623130cf7474,4972.4
48,48,A,Beltzhoover,ARLINGTON,22,8869ffda-5903-4d0b-899b-c91b48730e5b,2203.0
48,48,A,Beltzhoover,ARLINGTON,23,891b3ee6-8fdc-4caf-8034-9433c23418f3,780.7
48,48,A,Beltzhoover,ARLINGTON,24,8879a2b7-9725-4e8d-8c00-8827fd00d478,7052.1
48,48,A,Beltzhoover,ARLINGTON,25,54e7bd42-5711-402b-ab56-31ed8d399a14,7817.3
48,48,A,Beltzhoover,ARLINGTON,26,7adcea17-e21a-443c-b57b-74b8151afa4f,8270.0
48,48,A,Beltzhoover,ARLINGTON,27,ea83a645-3808-4dff-aa2a-6c2617e9a37a,3.6
48,48,A,Beltzhoover,ARLINGTON,28,e9342762-edb8-4df0-94e3-d8fb3b4cb6e2,2043.5
48,48,A,Beltzhoover,ARLINGTON,29,d3a27fc6-0a6c-4b9e-b1e7-34e5884dbccf,4476.3
48,48,A,Beltzhoover,ARLINGTON,30,14e6550a-2afd-4bf9-9d2a-3e64896d1271,5760.2
48,48,A,Beltzhoover,ARLINGTON,31,375a7fe3-092f-47a2-bfee-e1e928514685,3430.3
48,48,A,Beltzhoover,ARLINGTON,32,6e1cee13-c874-4b73-b37f-9982debbc563,4231.1
48,48,A,Beltzhoover,ARLINGTON,33,65fb58e4-2d94-4382-816b-14ae37914c47,3791.3
48,48,A,Beltzhoover,ARLINGTON,34,1a9a1ae8-d776-4358-9153-b6a1afb366a8,1822.8
48,48,A,Beltzhoover,ARLINGTON,35,0ba1cc6a-ae5a-4249-8ebe-589641e538a1,3129.3
48,48,A,Beltzhoover,ARLINGTON,36,c203a5c3-38ec-4f84-908f-e57aef5b2707,7309.4
48,48,A,Beltzhoover,ARLINGTON,37,1ea8f4c0-655f-41ea-af42-571558c69992,9663.5
48,48,A,Beltzhoover,ARLINGTON,38,a95ea7b4-6aed-4e4b-804c-abc617c5783a,7657.0
48,48,A,Beltzhoover,ARLINGTON,39,cf426737-230d-4432-8567-aa66aded533f,8447.8
48,48,A,Beltzhoover,ARLINGTON,40,cb388565-5fe3-4c46-a4bb-3a703c418f1f,4875.7
48,48,A,Beltzhoover,ARLINGTON,41,e8bf43da-63b3-46a6-96e0-01b89c927785,1270.8
48,48,A,Beltzhoover,ARLINGTON,42,2f72b540-458a-4749-bff0-73cf06ee7c3f,9101.9
48,48,A,Beltzhoover,ARLINGTON,43,12201a5d-abc4-4609-bf70-62f76b6ff038,3304.8
48,48,A,Beltzhoover,ARLINGTON,44,b49e5251-8c19-4e95-a198-e03fed71c55d,3933.6
48,48,A,Beltzhoover,ARLINGTON,45,03eec73f-f99c-43f3-a992-a93d0a7424b5,9912.9
48,48,A,Beltzhoover,ARLINGTON,46,00c51287-f571-494f-83a3-c35fd899dbd6,2727.5
53,53,A,Downtown,"DOWNTOWN via Munhall, Homestead, Greenfield",1,410e3bb2-882f-4f7f-83ca-1dc3bc42fbb5,8518.7
53,53,A,Downtown,"DOWNTOWN via Munhall, Homestead, Greenfield",2,c3885a6d-d48c-490e-95fb-bd58b3545082,29447.2
53,53,A,Downtown,"DOWNTOWN via Munhall, Homestead, Greenfield",3,56b65fcf-fda3-46b0-a457-841a0463c279,17460.0
53,53,A,Downtown,"DOWNTOWN via Munhall, Homestead, Greenfield",4,cd454577-aa32-498b-b398-3ce4838bb40f,9148.9
53,53,A,Downtown,"DOWNTOWN via Munhall, Homestead, Greenfield",5,0d141db0-f6f5-4934-84ba-4839a4b65146,23800.3
53,53,A,Downtown,"DOWNTOWN via Munhall, Homestead, Greenfield",6,23d333e3-bd52-44c8-81c9-b8a2b9a20386,14713.1
53,53,A,Downtown,"DOWNTOWN via Munhall, Homestead, Greenfield",7,bf31c84d-9c6c-432e-9663-e716410f9dc0,28624.7
53,53,A,Downtown,"DOWNTOWN via Munhall, Homestead, Greenfield",8,433d99e1-8f93-4c9c-b5c0-378f4eb7fb8e,25961.2
53,53,A,Downtown,"DOWNTOWN via Munhall, Homestead, Greenfield",9,025aca43-1775-4f56-9f4e-cd2b90ae3e41,6766.0
53,53,A,Downtown,"DOWNTOWN via Munhall, Homestead, Greenfield",10,2776f299-1402-43f8-8679-1c7405467eed,17141.4
53,53,A,Downtown,"DOWNTOWN via Munhall, Homestead, Greenfield",11,ece585ed-902b-4e5f-b0e3-ae63dcd6f376,13443.4
53,53,A,Downtown,"DOWNTOWN via Munhall, Homestead, Greenfield",12,d9513d1e-fc82-4aa9-bf29-d613c9f90978,19018.7
53,53,A,Downtown,"DOWNTOWN via Munhall, Homestead, Greenfield",13,b0a7deae-d28d-4412-b342-acb8ade30db3,5972.7
53,53,A,Downtown,"DOWNTOWN via Munhall, Homestead, Greenfield",14,884f7c46-cb2d-4a06-be1a-870dc4759b26,24465.1
53,53,A,Downtown,"DOWNTOWN via Munhall, Homestead, Greenfield",15,c12bf486-b39a-4a06-b72f-a0c0f71e5e69,11239.8
53,53,A,Downtown,"DOWNTOWN via Munhall, Homestead, Greenfield",16,13d2a987-bfab-4a72-92d9-bf8dd286a060,29867.5
53,53,A,Downtown,"DOWNTOWN via Munhall, Homestead, Greenfield",17,138d1ff8-8052-4477-a20a-c227162479ee,16178.7
53,53,A,Downtown,"DOWNTOWN via Munhall, Homestead, Greenfield",18,d9bfd24b-804c-47f6-8d7a-e9c849480432,22711.1
53,53,A,Downtown,"DOWNTOWN via Munhall, Homestead, Greenfield",19,0e0a4887-4a42-4c3a-aad7-7add52601966,17554.6
53,53,A,Downtown,"DOWNTOWN via Munhall, Homestead, Greenfield",20,e401b759-5067-47ee-8e80-77409944fa09,13092.4
53,53,A,Downtown,"DOWNTOWN via Munhall, Homestead, Greenfield",21,56c06d41-1306-4f34-bf45-f747842e2b29,25401.2
53,53,A,Downtown,"DOWNTOWN via Munhall, Homestead, Greenfield",22,c212c488-203e-4e4c-8646-e7516d0b4f15,19768.9
53,53,A,Downtown,"DOWNTOWN via Munhall, Homestead, Greenfield",23,efd0cf88-d299-4e2e-9931-c115668c5109,22482.7
53,53,A,Downtown,"DOWNTOWN via Munhall, Homestead, Greenfield",24,6f215494-272e-453a-9a9d-4813a202c08c,26630.2
53,53,A,Downtown,"DOWNTOWN via Munhall, Homestead, Greenfield",25,a2b84085-44e2-49ce-9d15-9fec64dbed4a,17362.8
53,53,A,Downtown,"DOWNTOWN via Munhall, Homestead, Greenfield",26,2663c586-fa5f-43e3-ae16-0fb32875f289,9409.9
53,53,A,Downtown,"DOWNTOWN via Munhall, Homestead, Greenfield",27,250d5da3-92d3-4046-a56b-2b3048b4ea7e,11527.0
53,53,A,Downtown,"DOWNTOWN via Munhall, Homestead, Greenfield",28,28efeed5-675b-4dd2-a11a-01bc1bea579f,4821.1
53,53,A,Downtown,"DOWNTOWN via Munhall, Homestead, Greenfield",29,d69c884c-aafb-4834-9ca4-9a80ec182185,16022.2
53,53,A,Downtown,"DOWNTOWN via Munhall, Homestead, Greenfield",30,5df8bb5b-c31d-421d-b55c-7d64461c9c3c,18317.8
53,53,A,Downtown,"DOWNTOWN via Munhall, Homestead, Greenfield",31,0f8a835d-2e85-48dc-9961-b48300f84e2c,19615.0
53,53,A,Downtown,"DOWNTOWN via Munhall, Homestead, Greenfield",32,0b3f9c4e-c7e0-4585-ba0a-e87b38c14a53,18592.8
53,53,A,Downtown,"DOWNTOWN via Munhall, Homestead, Greenfield",33,e4bb08b7-b61c-42d2-a2db-a9843968633b,29236.5
53,53,A,Downtown,"DOWNTOWN via Munhall, Homestead, Greenfield",34,2011b29d-a34f-4ca4-804c-6bb908fede38,12796.3
53,53,A,Downtown,"DOWNTOWN via Munhall, Homestead, Greenfield",35,4e917ce5-ced9-4bd3-8c13-9863ea07e018,29040.1
53,53,A,Downtown,"DOWNTOWN via Munhall, Homestead, Greenfield",36,34ee5d4c-51e2-415c-9b26-9d0c0efad525,19432.4
53,53,A,Downtown,"DOWNTOWN via Munhall, Homestead, Greenfield",37,973056fd-d468-4a0c-941c-583d361561c1,16850.0
53,53,A,Downtown,"DOWNTOWN via Munhall, Homestead, Greenfield",38,302963cf-7175-473c-8e0b-f666a3865604,7298.1
53,53,A,Downtown,"DOWNTOWN via Munhall, Homestead, Greenfield",39,3ac65e5f-7860-44d9-817f-ef3cf5fe8a10,25673.3
53,53,A,Downtown,"DOWNTOWN via Munhall, Homestead, Greenfield",40,feb30ed8-113d-4255-bd0e-2d0d6596230e,15336.3
53,53,A,Downtown,"DOWNTOWN via Munhall, Homestead, Greenfield",41,ad602be4-ce88-4a17-b143-bc508c3bfdce,9002.5
53,53,A,Downtown,"DOWNTOWN via Munhall, Homestead, Greenfield",42,df33ba51-0446-45cc-a827-7dd82f6296a1,19249.4
53,53,A,Downtown,"DOWNTOWN via Munhall, Homestead, Greenfield",43,ea83a645-3808-4dff-aa2a-6c2617e9a37a,29675.6
53,53,A,Downtown,"DOWNTOWN via Munhall, Homestead, Greenfield",44,6330eda2-92a9-466d-834f-fcaaa093da34,23687.5
53,53,A,Downtown,"DOWNTOWN via Munhall, Homestead, Greenfield",45,53431d3d-2cb8-4148-9f0a-d78dc3bef18f,22201.2
53,53,A,Downtown,"DOWNTOWN via Munhall, Homestead, Greenfield",46,5fb2592c-8f92-48e1-be86-07446f306e82,18485.8
53,53,A,Downtown,"DOWNTOWN via Munhall, Homestead, Greenfield",47,b8163a2f-13d8-4a67-aaeb-71d4796c6464,19525.9
53,53,A,Downtown,"DOWNTOWN via Munhall, Homestead, Greenfield",48,693e002d-5ad1-4bac-9dc4-db17ae8d2e26,3225.1
53,53,A,Downtown,"DOWNTOWN via Munhall, Homestead, Greenfield",49,b8b5703a-1a76-4092-8e89-6566af7b4959,2425.1
53,53,A,Downtown,"DOWNTOWN via Munhall, Homestead, Greenfield",50,a4b964d0-1381-4f01-a85b-e74e0a57a40c,323.2
53,53,A,Downtown,"DOWNTOWN via Munhall, Homestead, Greenfield",51,038084d6-2d4d-4b61-a639-6bbd71315993,23584.1
53,53,A,Downtown,"DOWNTOWN via Munhall, Homestead, Greenfield",52,85838c26-bee3-4d90-8ed2-27a0b7400493,6347.2
53,53,A,Downtown,"DOWNTOWN via Munhall, Homestead, Greenfield",53,568df08a-efe6-416f-a44b-1eaa208487d9,8881.9
53,53,A,Downtown,"DOWNTOWN via Munhall, Homestead, Greenfield",54,c66eac31-bc94-4df9-b3f9-439dda07a767,2869.0
53,53,A,Downtown,"DOWNTOWN via Munhall, Homestead, Greenfield",55,ad3be501-1c27-4c56-b97f-ab6752be66d0,3861.1
53,53,A,Downtown,"DOWNTOWN via Munhall, Homestead, Greenfield",56,06146b25-cf8c-44ef-924f-cb69cc1648ee,14314.0
53,53,A,Downtown,"DOWNTOWN via Munhall, Homestead, Greenfield",57,b85815cd-2ac3-4f0a-bf98-45e868070b9c,22364.4
53,53,A,Downtown,"DOWNTOWN via Munhall, Homestead, Greenfield",58,56b2ccab-a0ad-43ec-983b-a8f238143251,12573.2
53,53,A,Downtown,"DOWNTOWN via Munhall, Homestead, Greenfield",59,6b0ebe69-e4f9-415d-a62d-c9a2ff14ed3e,30479.5
53,53,A,Downtown,"DOWNTOWN via Munhall, Homestead, Greenfield",60,b7d96b66-8a88-4042-943a-f918ebb508a2,7007.5
53,53,A,Downtown,"DOWNTOWN via Munhall, Homestead, Greenfield",61,25c2317e-7b81-44e6-98d0-51dd25e38bbd,7966.9
53,53,A,Downtown,"DOWNTOWN via Munhall, Homestead, Greenfield",62,dcf55dbf-a503-4bb7-97c9-8cc6734c9eb7,28141.4
53,53,A,Downtown,"DOWNTOWN via Munhall, Homestead, Greenfield",63,8c82536e-dd7b-48a8-a5a6-4779d034fc90,17809.6
53,53,A,Downtown,"DOWNTOWN via Munhall, Homestead, Greenfield",64,ffa0c01f-760d-4913-a629-17452569a36a,18850
53,53,A,Downtown,"DOWNTOWN via Munhall, Homestead, Greenfield",65,ec3b9c9f-06ac-40ce-a246-13ed9c401223,12187.0
53,53,A,Downtown,"DOWNTOWN via Munhall, Homestead, Greenfield",66,9f4c9217-ede3-482b-b16a-3e8b2f2a28d2,21963.8
53,53,A,Downtown,"DOWNTOWN via Munhall, Homestead, Greenfield",67,f1956369-b67b-4b75-a49f-e3b8a01497e5,24013.7
53,53,A,Downtown,"DOWNTOWN via Munhall, Homestead, Greenfield",68,f5be39ea-5f0c-4994-a5ff-f948f1d146ab,23455.8
53,53,A,Downtown,"DOWNTOWN via Munhall, Homestead, Greenfield",69,1d975693-0a09-4d2d-9d48-4ab6aa55db4d,18227.9
53,53,A,Downtown,"DOWNTOWN via Munhall, Homestead, Greenfield",70,54d9dce4-cccf-4bb9-a50b-b2eb248bf06c,14922.1
53,53,A,Downtown,"DOWNTOWN via Munhall, Homestead, Greenfield",71,7a320d2e-ab6e-4336-acac-ff1405c2802b,16968.0
53,53,A,Downtown,"DOWNTOWN via Munhall, Homestead, Greenfield",72,6c98957d-d93b-424d-84ee-7f5daff11dc4,21069.5
53,53,A,Downtown,"DOWNTOWN via Munhall, Homestead, Greenfield",73,debf03e6-dc45-4878-b650-e896cd16b659,16519.6
53,53,A,Downtown,"DOWNTOWN via Munhall, Homestead, Greenfield",74,e9f51d81-d201-4a33-9513-e28785662f1a,16344.0
53,53,A,Downtown,"DOWNTOWN via Munhall, Homestead, Greenfield",75,9b5a5d8d-ede6-4b85-b75b-688dd9f81a8a,1.5
53,53,A,Downtown,"DOWNTOWN via Munhall, Homestead, Greenfield",76,8445b99c-175b-4aeb-9326-acf28a75d8c1,16685.4
53,53,A,Downtown,"DOWNTOWN via Munhall, Homestead, Greenfield",77,22877d5e-7143-4831-ba57-3d6a876f3785,15126.9
53,53,A,Downtown,"DOWNTOWN via Munhall, Homestead, Greenfield",78,32299c47-857e-4146-972f-7d8e420d821f,6934.5
53,53,A,Downtown,"DOWNTOWN via Munhall, Homestead, Greenfield",79,fbe2ec79-ba30-460f-af36-b6c173925db4,22880.9
53,53,A,Downtown,"DOWNTOWN via Munhall, Homestead, Greenfield",80,d3179702-1abf-4e96-a834-e58fb82ca586,23040.0
53,53,A,Downtown,"DOWNTOWN via Munhall, Homestead, Greenfield",81,972831c6-4e68-4dab-884a-a245ee7abb37,15730.7
53,53,A,Downtown,"DOWNTOWN via Munhall, Homestead, Greenfield",82,2b6e25e8-0510-4265-8a04-1f01d82bd2ff,14157.6
53,53,A,Downtown,"DOWNTOWN via Munhall, Homestead, Greenfield",83,93a87096-5b72-476d-a85b-b9428a713534,23352.3
53,53,A,Downtown,"DOWNTOWN via Munhall, Homestead, Greenfield",84,2701e9b4-2ad2-450d-bd2f-90eee7f114f7,22801.9
53,53,A,Downtown,"DOWNTOWN via Munhall, Homestead, Greenfield",85,7a267625-6dfb-4f32-943a-43a56c7e62ca,15523.4
53,53,A,Downtown,"DOWNTOWN via Munhall, Homestead, Greenfield",86,6c4af514-267f-4792-8082-0ee3024dff3d,13867.8
53,53,A,Downtown,"DOWNTOWN via Munhall, Homestead, Greenfield",87,0a919e82-dee5-4470-87b7-77d5358f80cf,22623.9
53,53,A,Downtown,"DOWNTOWN via Munhall, Homestead, Greenfield",88,851dbfd7-b488-4b6c-99ba-c4e6e2d0d142,5676.7
53,53,A,Downtown,"DOWNTOWN via Munhall, Homestead, Greenfield",89,90f10ac3-8173-4287-a315-37fac4a58526,11235.9
53,53,A,Downtown,"DOWNTOWN via Munhall, Homestead, Greenfield",90,cd91a609-c113-4585-b476-897fcb712011,10249.2
53,53,A,Downtown,"DOWNTOWN via Munhall, Homestead, Greenfield",91,f9960d92-5afd-474f-99c9-8fd7cf600fe8,14426.0
53,53,A,Downtown,"DOWNTOWN via Munhall, Homestead, Greenfield",92,88d1767e-7ba1-4c69-b51e-2abb33d1dee6,30110.7
53,53,A,Downtown,"DOWNTOWN via Munhall, Homestead, Greenfield",93,8bca983f-58e6-4579-b99d-1a73fe240867,21273.1
53,53,A,Downtown,"DOWNTOWN via Munhall, Homestead, Greenfield",94,04660cbe-83a7-4bc9-9870-14ecdbe1bacb,24206.2
53,53,A,Downtown,"DOWNTOWN via Munhall, Homestead, Greenfield",95,2bf80d81-02b0-4642-8c03-749fda4a67f4,4468.2
53,53,A,Downtown,"DOWNTOWN via Munhall, Homestead, Greenfield",96,81898417-ec33-49e2-bea8-d49515a9256f,15868.3
53,53,A,Downtown,"DOWNTOWN via Munhall, Homestead, Greenfield",97,a11ac907-e1dd-4dde-9965-000f42039ee9,18119.0
53,53,A,West Mifflin,"WEST MIFFLIN via Munhall, Homestead, Greenfield",1,1451d19d-ed0f-45a4-9029-34efd291d6a4,13816.7
53,53,A,West Mifflin,"WEST MIFFLIN via Munhall, Homestead, Greenfield",2,4ccbc169-d049-4172-824a-826ff85e3df8,6013.9
53,53,A,West Mifflin,"WEST MIFFLIN via Munhall, Homestead, Greenfield",3,0e9357eb-8da8-488e-a0ee-9116f016656d,1756.1
53,53,A,West Mifflin,"WEST MIFFLIN via Munhall, Homestead, Greenfield",4,568df08a-efe6-416f-a44b-1eaa208487d9,21628.7
53,53,A,West Mifflin,"WEST MIFFLIN via Munhall, Homestead, Greenfield",5,027a2d07-dee9-4671-b63d-7282b8a88e10,281.4
53,53,A,West Mifflin,"WEST MIFFLIN via Munhall, Homestead, Greenfield",6,39f0813c-974f-4d68-bb26-10708054f0f6,13843.6
53,53,A,West Mifflin,"WEST MIFFLIN via Munhall, Homestead, Greenfield",7,7eee2c76-0c17-4ab0-803c-905a2912b747,13594.3
53,53,A,West Mifflin,"WEST MIFFLIN via Munhall, Homestead, Greenfield",8,297426fe-2dad-4ebc-a544-277759f65305,15268.5
53,53,A,West Mifflin,"WEST MIFFLIN via Munhall, Homestead, Greenfield",9,6a641faa-b285-4580-bcd3-84f239063c3c,24239.7
53,53,A,West Mifflin,"WEST MIFFLIN via Munhall, Homestead, Greenfield",10,cd91a609-c113-4585-b476-897fcb712011,22907.5
53,53,A,West Mifflin,"WEST MIFFLIN via Munhall, Homestead, Greenfield",11,c7fee4a7-7582-4522-b388-5a3b9a2d27ce,24529.0
53,53,A,West Mifflin,"WEST MIFFLIN via Munhall, Homestead, Greenfield",12,d0e1f5fb-2d25-4eab-bdb2-0b1380fd0cbc,17724.0
53,53,A,West Mifflin,"WEST MIFFLIN via Munhall, Homestead, Greenfield",13,c1fcfcdb-0c7e-453c-9d9b-6fa39df7ef05,11520.3
53,53,A,West Mifflin,"WEST MIFFLIN via Munhall, Homestead, Greenfield",14,cd454577-aa32-498b-b398-3ce4838bb40f,21513.7
53,53,A,West Mifflin,"WEST MIFFLIN via Munhall, Homestead, Greenfield",15,693e002d-5ad1-4bac-9dc4-db17ae8d2e26,25740.1
53,53,A,West Mifflin,"WEST MIFFLIN via Munhall, Homestead, Greenfield",16,34edc18e-8e66-4546-b41d-ba15cbf69312,12737.0
53,53,A,West Mifflin,"WEST MIFFLIN via Munhall, Homestead, Greenfield",17,ef63fc9a-905a-4fa1-8f85-a2cd6bed4909,13511.9
53,53,A,West Mifflin,"WEST MIFFLIN via Munhall, Homestead, Greenfield",18,025aca43-1775-4f56-9f4e-cd2b90ae3e41,19425.7
53,53,A,West Mifflin,"WEST MIFFLIN via Munhall, Homestead, Greenfield",19,e9afc87e-4c5e-41c7-b5e4-4ea1c03edd37,16319.6
53,53,A,West Mifflin,"WEST MIFFLIN via Munhall, Homestead, Greenfield",20,c6a73726-9289-4cef-8be5-d44be9fca5f4,12662.1
53,53,A,West Mifflin,"WEST MIFFLIN via Munhall, Homestead, Greenfield",21,838dd25c-f3a9-416f-ab3c-650140ad7fa1,10759.6
53,53,A,West Mifflin,"WEST MIFFLIN via Munhall, Homestead, Greenfield",22,f3c874f5-7ede-4180-a866-0788d9d04e69,15909.0
53,53,A,West Mifflin,"WEST MIFFLIN via Munhall, Homestead, Greenfield",23,49d4a26c-6668-4e1b-a210-65bc7723d69e,11609.3
53,53,A,West Mifflin,"WEST MIFFLIN via Munhall, Homestead, Greenfield",24,c66eac31-bc94-4df9-b3f9-439dda07a767,25384.0
53,53,A,West Mifflin,"WEST MIFFLIN via Munhall, Homestead, Greenfield",25,61d193b3-65e8-4143-92e1-a9e5a1f14b6f,7294.0
53,53,A,West Mifflin,"WEST MIFFLIN via Munhall, Homestead, Greenfield",26,d4d16488-9ddc-420c-91b2-c6cb01b93e4a,7196.2
53,53,A,West Mifflin,"WEST MIFFLIN via Munhall, Homestead, Greenfield",27,410e3bb2-882f-4f7f-83ca-1dc3bc42fbb5,21160.2
53,53,A,West Mifflin,"WEST MIFFLIN via Munhall, Homestead, Greenfield",28,94326818-6efa-47a7-a0a0-c336710ac05f,9156.1
53,53,A,West Mifflin,"WEST MIFFLIN via Munhall, Homestead, Greenfield",29,a89b034c-7a3d-468e-a6f1-30d408d276f7,30148.6
53,53,A,West Mifflin,"WEST MIFFLIN via Munhall, Homestead, Greenfield",30,cd4fd7ae-25c6-424f-85d1-ddd72a2b939e,7391.5
53,53,A,West Mifflin,"WEST MIFFLIN via Munhall, Homestead, Greenfield",31,47ff4298-7b84-4a69-a924-c76c52955537,637.7
53,53,A,West Mifflin,"WEST MIFFLIN via Munhall, Homestead, Greenfield",32,b7d96b66-8a88-4042-943a-f918ebb508a2,19667.3
53,53,A,West Mifflin,"WEST MIFFLIN via Munhall, Homestead, Greenfield",33,2f5f5be2-4436-45c1-b764-99e309496c20,4208.4
53,53,A,West Mifflin,"WEST MIFFLIN via Munhall, Homestead, Greenfield",34,67f1efe6-3cd1-479b-9b46-683daa101390,4862.5
53,53,A,West Mifflin,"WEST MIFFLIN via Munhall, Homestead, Greenfield",35,2d68a10f-a209-40c3-88ba-00f0816aa6fb,6511.7
53,53,A,West Mifflin,"WEST MIFFLIN via Munhall, Homestead, Greenfield",36,80b85b0a-ca35-4058-940b-be727394aab4,12063.0
53,53,A,West Mifflin,"WEST MIFFLIN via Munhall, Homestead, Greenfield",37,a4c07173-6b19-431d-9ee9-6a61828e0ce7,1183.3
53,53,A,West Mifflin,"WEST MIFFLIN via Munhall, Homestead, Greenfield",38,261e985b-1e10-4859-a81b-77466881e6c9,11160.0
53,53,A,West Mifflin,"WEST MIFFLIN via Munhall, Homestead, Greenfield",39,3eac665d-aaaf-491a-bf4e-aeb420a3c034,13045.5
53,53,A,West Mifflin,"WEST MIFFLIN via Munhall, Homestead, Greenfield",40,598fbb6a-07e0-4020-8260-8e746c3c1f08,14470.5
53,53,A,West Mifflin,"WEST MIFFLIN via Munhall, Homestead, Greenfield",41,e4c7d5a7-df20-46f5-b6c8-0ce1b121f1ae,13347.0
53,53,A,West Mifflin,"WEST MIFFLIN via Munhall, Homestead, Greenfield",42,39cf76ca-cb4d-4a65-aba9-ff435a05d676,14077.4
53,53,A,West Mifflin,"WEST MIFFLIN via Munhall, Homestead, Greenfield",43,2c6a27b2-4ef3-4e28-99f7-d3bd32351138,7620.0
53,53,A,West Mifflin,"WEST MIFFLIN via Munhall, Homestead, Greenfield",44,8a6e506d-d6a7-4b44-9f6e-b31f548548ed,17399.0
53,53,A,West Mifflin,"WEST MIFFLIN via Munhall, Homestead, Greenfield",45,3ea70513-85d4-4db9-90e1-7e8cdf58ea8c,8217.1
53,53,A,West Mifflin,"WEST MIFFLIN via Munhall, Homestead, Greenfield",46,7c9296a9-b4d5-4ab9-be6c-97bc25717863,14333.5
53,53,A,West Mifflin,"WEST MIFFLIN via Munhall, Homestead, Greenfield",47,302963cf-7175-473c-8e0b-f666a3865604,19957.8
53,53,A,West Mifflin,"WEST MIFFLIN via Munhall, Homestead, Greenfield",48,01c2f4b6-60f5-42b9-a0bc-09a1d2ddf31c,12929.8
53,53,A,West Mifflin,"WEST MIFFLIN via Munhall, Homestead, Greenfield",49,b4f87314-d400-49f6-83d3-e76627950d8f,6854.3
53,53,A,West Mifflin,"WEST MIFFLIN via Munhall, Homestead, Greenfield",50,fa16e6c9-53ee-4142-9050-f25fe6e8b2a0,12839.6
53,53,A,West Mifflin,"WEST MIFFLIN via Munhall, Homestead, Greenfield",51,e97b94e3-45c8-444d-9393-3c25ac1bf495,5834.2
53,53,A,West Mifflin,"WEST MIFFLIN via Munhall, Homestead, Greenfield",52,6cb02027-6b68-40ce-bcee-4870729b5905,10989.2
53,53,A,West Mifflin,"WEST MIFFLIN via Munhall, Homestead, Greenfield",53,3c0fe1be-5158-454f-8c5b-4afba6844633,17994.3
53,53,A,West Mifflin,"WEST MIFFLIN via Munhall, Homestead, Greenfield",54,ad602be4-ce88-4a17-b143-bc508c3bfdce,21684.9
53,53,A,West Mifflin,"WEST MIFFLIN via Munhall, Homestead, Greenfield",55,25a85f78-15a2-48d8-a1b7-1be2de0f23fb,23534.2
53,53,A,West Mifflin,"WEST MIFFLIN via Munhall, Homestead, Greenfield",56,6635740e-5f7d-4273-9067-7f91a79230a6,1483.2
53,53,A,West Mifflin,"WEST MIFFLIN via Munhall, Homestead, Greenfield",57,c523b821-564e-43cf-8af7-2484ab50f4fc,16785.3
53,53,A,West Mifflin,"WEST MIFFLIN via Munhall, Homestead, Greenfield",58,84370272-08e3-482d-8fb8-472ba4c2a275,2075.7
53,53,A,West Mifflin,"WEST MIFFLIN via Munhall, Homestead, Greenfield",59,91f6c750-4350-49ac-88ee-c43fb0b8c3a1,11725.5
53,53,A,West Mifflin,"WEST MIFFLIN via Munhall, Homestead, Greenfield",60,88281e10-50f8-4dfe-a51f-cfef629b50c8,14327.4
53,53,A,West Mifflin,"WEST MIFFLIN via Munhall, Homestead, Greenfield",61,e3c42213-38bd-4a34-8d41-51584a256fac,14651.1
53,53,A,West Mifflin,"WEST MIFFLIN via Munhall, Homestead, Greenfield",62,5f36272d-e9af-489a-b8ac-0827f6d1e5da,7720.7
53,53,A,West Mifflin,"WEST MIFFLIN via Munhall, Homestead, Greenfield",63,af259fa3-fb7f-4187-8f7b-172aeb23e095,6631.4
53,53,A,West Mifflin,"WEST MIFFLIN via Munhall, Homestead, Greenfield",64,01f00c42-bd42-4354-b7b0-4c953cadb896,12395.2
53,53,A,West Mifflin,"WEST MIFFLIN via Munhall, Homestead, Greenfield",65,ad3be501-1c27-4c56-b97f-ab6752be66d0,26351.9
53,53,A,West Mifflin,"WEST MIFFLIN via Munhall, Homestead, Greenfield",66,739649ab-c288-42ff-815f-9c370739a4f4,23850.1
53,53,A,West Mifflin,"WEST MIFFLIN via Munhall, Homestead, Greenfield",67,70da6dae-5dd0-41d3-8ea8-6a42bb9da1e3,15749.3
53,53,A,West Mifflin,"WEST MIFFLIN via Munhall, Homestead, Greenfield",68,abbe72ca-4c73-40e1-bba8-11ab28bc875d,15085.4
53,53,A,West Mifflin,"WEST MIFFLIN via Munhall, Homestead, Greenfield",69,cc07490b-aeb9-4e37-a2cf-cb8db7631c16,29871.1
53,53,A,West Mifflin,"WEST MIFFLIN via Munhall, Homestead, Greenfield",70,4d87978f-15a7-46be-b94b-fa203761547e,17022.0
53,53,A,West Mifflin,"WEST MIFFLIN via Munhall, Homestead, Greenfield",71,b0526be6-ce42-4962-9e8c-2d5bc9989e15,19149.6
53,53,A,West Mifflin,"WEST MIFFLIN via Munhall, Homestead, Greenfield",72,9348796f-de16-404f-ae6a-5c27b71102e9,4503.7
53,53,A,West Mifflin,"WEST MIFFLIN via Munhall, Homestead, Greenfield",73,25a9abb5-1cdb-48a2-9e77-368c67b21855,13269.8
53,53,A,West Mifflin,"WEST MIFFLIN via Munhall, Homestead, Greenfield",74,32299c47-857e-4146-972f-7d8e420d821f,23289.6
53,53,A,West Mifflin,"WEST MIFFLIN via Munhall, Homestead, Greenfield",75,c6fc4151-8756-4770-b77e-b3a56ac8dd5b,6384.3
53,53,A,West Mifflin,"WEST MIFFLIN via Munhall, Homestead, Greenfield",76,3d93aa6a-3680-4c59-924b-16217a3b6a11,6147.3
53,53,A,West Mifflin,"WEST MIFFLIN via Munhall, Homestead, Greenfield",77,489db42a-c53d-4a1d-9ce6-b331ee2a6efe,6243.9
53,53,A,West Mifflin,"WEST MIFFLIN via Munhall, Homestead, Greenfield",78,5a74e02a-a5c3-44a6-8295-0e8995c14526,11656.2
53,53,A,West Mifflin,"WEST MIFFLIN via Munhall, Homestead, Greenfield",79,94312981-5832-4385-a7a6-daef19e192a2,14872.5
53,53,A,West Mifflin,"WEST MIFFLIN via Munhall, Homestead, Greenfield",80,e4b7396e-eda3-4d0a-991f-e4daf0b070bf,6762.0
53,53,A,West Mifflin,"WEST MIFFLIN via Munhall, Homestead, Greenfield",81,373172b7-29fc-4d43-b764-e8d8251d6cbb,8884.0
53,53,A,West Mifflin,"WEST MIFFLIN via Munhall, Homestead, Greenfield",82,bfb1c231-e9e3-4263-8a87-9eda49358f0c,11875.3
53,53,A,West Mifflin,"WEST MIFFLIN via Munhall, Homestead, Greenfield",83,4eadb2fe-a6a8-4015-9a9a-98837e9d8fb8,820.4
53,53,A,West Mifflin,"WEST MIFFLIN via Munhall, Homestead, Greenfield",84,305e12af-64b0-4ac6-ac4c-428c1dc9fd9c,6.6
53,53,A,West Mifflin,"WEST MIFFLIN via Munhall, Homestead, Greenfield",85,d4792b2c-32a1-4265-91e9-0193c02acbff,7499.0
53,53,A,West Mifflin,"WEST MIFFLIN via Munhall, Homestead, Greenfield",86,d64f90f8-e1cc-40f8-85bb-1ecc931b5539,15525.6
53,53,A,West Mifflin,"WEST MIFFLIN via Munhall, Homestead, Greenfield",87,9cfebb11-4e54-4632-9e85-1f32c873c432,18874.5
53,53,A,West Mifflin,"WEST MIFFLIN via Munhall, Homestead, Greenfield",88,66e3315d-3b25-493e-8365-fd4eabb69dd0,17562.9
53,53,A,West Mifflin,"WEST MIFFLIN via Munhall, Homestead, Greenfield",89,7ab53c89-d484-4d83-9212-1276ade5f4fb,3553.2
53,53,A,West Mifflin,"WEST MIFFLIN via Munhall, Homestead, Greenfield",90,54355ca6-8162-487c-8906-50c22888ddd6,11342.2
53,53,A,West Mifflin,"WEST MIFFLIN via Munhall, Homestead, Greenfield",91,b19feb92-1e28-432b-9a34-bf0ff5cd41a1,7987.6
53,53,A,West Mifflin,"WEST MIFFLIN via Munhall, Homestead, Greenfield",92,2663c586-fa5f-43e3-ae16-0fb32875f289,21774.2
53,53,A,West Mifflin,"WEST MIFFLIN via Munhall, Homestead, Greenfield",93,2690f4ba-014f-4415-942f-fdee3c1cb00c,2317.6
53,53,A,West Mifflin,"WEST MIFFLIN via Munhall, Homestead, Greenfield",94,911d2864-4273-4c35-945b-2ab0486fc7ea,16087.7
5,5,A,Downtown,"DOWNTOWN via Sharpsburg, Etna, Millvale",1,95302b26-d812-4c49-8601-d814f72b68f3,3125.7
5,5,A,Downtown,"DOWNTOWN via Sharpsburg, Etna, Millvale",2,da528496-f6f3-4f58-851c-3dbeaeeb2466,569.3
5,5,A,Downtown,"DOWNTOWN via Sharpsburg, Etna, Millvale",3,8c23ba4a-ecd7-413f-98ff-f02ff16e97f8,8266.4
5,5,A,Downtown,"DOWNTOWN via Sharpsburg, Etna, Millvale",4,60536690-8a4d-4776-bc13-b6903467cebd,3831.3
5,5,A,Downtown,"DOWNTOWN via Sharpsburg, Etna, Millvale",5,7fb1c47a-54c8-4807-bdb1-abbe7c6e251b,1529.8
5,5,A,Downtown,"DOWNTOWN via Sharpsburg, Etna, Millvale",6,85040639-8025-45da-b25f-cdeeaecb5df2,3430.6
5,5,A,Downtown,"DOWNTOWN via Sharpsburg, Etna, Millvale",7,bf95446f-d442-423e-b4ec-1ef2a4807dbd,7232.3
5,5,A,Downtown,"DOWNTOWN via Sharpsburg, Etna, Millvale",8,6b0ebe69-e4f9-415d-a62d-c9a2ff14ed3e,16138.2
5,5,A,Downtown,"DOWNTOWN via Sharpsburg, Etna, Millvale",9,9b2f776e-1866-4d90-8a47-122170398558,14174.7
5,5,A,Downtown,"DOWNTOWN via Sharpsburg, Etna, Millvale",10,9e963a9c-0f5c-4c3e-a01d-294114879d1d,2322.6
5,5,A,Downtown,"DOWNTOWN via Sharpsburg, Etna, Millvale",11,86615236-0c4b-4864-b728-0869c43590e2,11636.1
5,5,A,Downtown,"DOWNTOWN via Sharpsburg, Etna, Millvale",12,aab81cc5-27bd-4598-a9d5-2ab22bf446fe,7911.0
5,5,A,Downtown,"DOWNTOWN via Sharpsburg, Etna, Millvale",13,ca3a8ca2-36b5-44a8-9445-b30473f7a7c2,3557.2
5,5,A,Downtown,"DOWNTOWN via Sharpsburg, Etna, Millvale",14,fc0041a7-f798-4395-a361-5faa8768abb5,14482.8
5,5,A,Downtown,"DOWNTOWN via Sharpsburg, Etna, Millvale",15,7d94c159-f4fb-4236-934e-1379a7cffc3f,9785.9
5,5,A,Downtown,"DOWNTOWN via Sharpsburg, Etna, Millvale",16,313c6abf-0eb4-49f1-8b11-507b1622a92c,3745.8
5,5,A,Downtown,"DOWNTOWN via Sharpsburg, Etna, Millvale",17,0df8b778-66d8-4985-b26a-911713712876,5332.5
5,5,A,Downtown,"DOWNTOWN via Sharpsburg, Etna, Millvale",18,7da41aea-873e-44d3-ae1b-060766fd00a8,14632.8
5,5,A,Downtown,"DOWNTOWN via Sharpsburg, Etna, Millvale",19,1097d3a1-8b7d-460d-a394-2337ce43b6f7,3932.9
5,5,A,Downtown,"DOWNTOWN via Sharpsburg, Etna, Millvale",20,68305c53-bac3-487a-a34a-2e7faf8695ea,1263.4
5,5,A,Downtown,"DOWNTOWN via Sharpsburg, Etna, Millvale",21,c455d2ae-23ff-4626-901b-5fd4f0887c6b,9603.6
5,5,A,Downtown,"DOWNTOWN via Sharpsburg, Etna, Millvale",22,d271252e-c00b-4f3c-bd34-e776da6e27d2,9884.3
5,5,A,Downtown,"DOWNTOWN via Sharpsburg, Etna, Millvale",23,220e5256-c36e-4856-8e32-906585159af0,8681.6
5,5,A,Downtown,"DOWNTOWN via Sharpsburg, Etna, Millvale",24,0fa0590c-7f05-4ca6-9764-6368c70f1e99,4347.3
5,5,A,Downtown,"DOWNTOWN via Sharpsburg, Etna, Millvale",25,c2ab45ab-2307-4a67-acf3-af464bd01aef,5760.2
5,5,A,Downtown,"DOWNTOWN via Sharpsburg, Etna, Millvale",26,5da95d3b-8ba0-42f9-9c00-938149b6774e,13418.8
5,5,A,Downtown,"DOWNTOWN via Sharpsburg, Etna, Millvale",27,b6d59e1c-c743-40b6-b5c2-11eb6e21d380,6307.7
5,5,A,Downtown,"DOWNTOWN via Sharpsburg, Etna, Millvale",28,13d2a987-bfab-4a72-92d9-bf8dd286a060,15526.3
5,5,A,Downtown,"DOWNTOWN via Sharpsburg, Etna, Millvale",29,895160f3-1525-46df-a7c4-5860e0131e8c,8125.9
5,5,A,Downtown,"DOWNTOWN via Sharpsburg, Etna, Millvale",30,ee1c99eb-6ef6-4fa8-8131-d7918595b685,15258.5
5,5,A,Downtown,"DOWNTOWN via Sharpsburg, Etna, Millvale",31,c9bd19c0-7a7d-45f4-943f-7327725eaa18,9272.8
5,5,A,Downtown,"DOWNTOWN via Sharpsburg, Etna, Millvale",32,8aa00477-f005-4847-a9fd-335a97f11bc4,5441.6
5,5,A,Downtown,"DOWNTOWN via Sharpsburg, Etna, Millvale",33,0b58842f-cf3e-454a-a1d7-3151e14b399f,4118.2
5,5,A,Downtown,"DOWNTOWN via Sharpsburg, Etna, Millvale",34,82a93fb8-453f-4f01-b2c9-df7025fc8a0f,8930.1
5,5,A,Downtown,"DOWNTOWN via Sharpsburg, Etna, Millvale",35,edbcf95d-fe61-4c9c-b2be-43c1f599da58,4645.3
5,5,A,Downtown,"DOWNTOWN via Sharpsburg, Etna, Millvale",36,b03c58cd-a643-42e7-a690-608e36935011,13875.9
5,5,A,Downtown,"DOWNTOWN via Sharpsburg, Etna, Millvale",37,88d1767e-7ba1-4c69-b51e-2abb33d1dee6,15769.5
5,5,A,Downtown,"DOWNTOWN via Sharpsburg, Etna, Millvale",38,2ae2f691-caef-4c83-8d61-26dc1311a99a,4894.3
5,5,A,Downtown,"DOWNTOWN via Sharpsburg, Etna, Millvale",39,4746adc7-0ed6-4fe1-9528-78692325e7b5,9466.5
5,5,A,Downtown,"DOWNTOWN via Sharpsburg, Etna, Millvale",40,d8b4823e-4de0-4a05-a696-d09687002ffd,1728.3
5,5,A,Downtown,"DOWNTOWN via Sharpsburg, Etna, Millvale",41,e6db5567-3649-4c77-9ab7-5d2f365e91ea,2116.5
5,5,A,Downtown,"DOWNTOWN via Sharpsburg, Etna, Millvale",42,1a86fda8-a2a1-46a2-8b2c-65bd723b6ba9,2928.4
5,5,A,Downtown,"DOWNTOWN via Sharpsburg, Etna, Millvale",43,bbdcdd10-6aa0-441d-b7a3-e54fd0d9ffb9,4812.8
5,5,A,Downtown,"DOWNTOWN via Sharpsburg, Etna, Millvale",44,e05468f9-13ff-4e10-b29f-97ecee6474d5,5927.2
5,5,A,Downtown,"DOWNTOWN via Sharpsburg, Etna, Millvale",45,2b9f3154-ca1d-4599-9a02-df3009ce486d,344.6
5,5,A,Downtown,"DOWNTOWN via Sharpsburg, Etna, Millvale",46,03d5b2a9-4728-4f5b-9707-5d3ae561f1cb,6888.9
5,5,A,Downtown,"DOWNTOWN via Sharpsburg, Etna, Millvale",47,6a627dd1-b23d-4a62-a63b-c8e2e65b1711,2800.3
5,5,A,Downtown,"DOWNTOWN via Sharpsburg, Etna, Millvale",48,31fab147-61f9-46c7-9941-84c18928ced6,4456.8
5,5,A,Downtown,"DOWNTOWN via Sharpsburg, Etna, Millvale",49,12292146-6a74-425f-b8c7-3a9b195ed6fd,1404.0
5,5,A,Downtown,"DOWNTOWN via Sharpsburg, Etna, Millvale",50,01dc7584-7152-4797-99a5-7d606f021a7a,6698.5
5,5,A,Downtown,"DOWNTOWN via Sharpsburg, Etna, Millvale",51,87f6e5fb-35f1-494c-89e5-1ad8297d9f21,1884.6
5,5,A,Downtown,"DOWNTOWN via Sharpsburg, Etna, Millvale",52,71b54b31-de4a-46ec-8010-71c5c4b60bd7,845.0
5,5,A,Downtown,"DOWNTOWN via Sharpsburg, Etna, Millvale",53,73e527f2-7686-4896-8302-b5d38ac36cee,3327.5
5,5,A,Downtown,"DOWNTOWN via Sharpsburg, Etna, Millvale",54,e60f28e2-34d7-4cea-b831-2ebbb703a63b,5643.5
5,5,A,Downtown,"DOWNTOWN via Sharpsburg, Etna, Millvale",55,45e6fefc-6e3f-4241-a360-7a83138edd39,8495.5
5,5,A,Downtown,"DOWNTOWN via Sharpsburg, Etna, Millvale",56,492d5c7a-a6d6-423a-a603-f7164f8f7d19,4992.7
5,5,A,Downtown,"DOWNTOWN via Sharpsburg, Etna, Millvale",57,2c87b875-5fab-4ece-9879-8d8f189b812b,4533.7
5,5,A,Downtown,"DOWNTOWN via Sharpsburg, Etna, Millvale",58,5595db6a-3eb8-43f1-ad2f-2d0798fdd3f3,13740.5
5,5,A,Downtown,"DOWNTOWN via Sharpsburg, Etna, Millvale",59,0b9d85ae-5266-42aa-b041-825a176205c6,4225.3
5,5,A,Aspinwall,"ASPINWALL via Sharpsburg, Etna, Millvale",1,11bbadb3-1943-441b-8cd5-e3ac70de8182,6481.0
5,5,A,Aspinwall,"ASPINWALL via Sharpsburg, Etna, Millvale",2,49632bc9-4ba2-4788-9ef6-c12690081bd8,11690.9
5,5,A,Aspinwall,"ASPINWALL via Sharpsburg, Etna, Millvale",3,eb057170-1bfe-4051-b5a2-d4633ae84d7c,12596.1
5,5,A,Aspinwall,"ASPINWALL via Sharpsburg, Etna, Millvale",4,b8b9cb8b-da32-442c-97ce-f1c7d698c90c,7016.0
5,5,A,Aspinwall,"ASPINWALL via Sharpsburg, Etna, Millvale",5,39cf554c-ad12-42e1-84dc-8a12b4e808aa,1642.8
5,5,A,Aspinwall,"ASPINWALL via Sharpsburg, Etna, Millvale",6,57b81681-5dea-4cc8-af7b-d66e371423e0,7371.5
5,5,A,Aspinwall,"ASPINWALL via Sharpsburg, Etna, Millvale",7,243fca39-7a2e-49be-a452-9773762057f1,13518.9
5,5,A,Aspinwall,"ASPINWALL via Sharpsburg, Etna, Millvale",8,ef25758b-3e25-4e6e-aa2d-ddffaa41f63e,15965.9
5,5,A,Aspinwall,"ASPINWALL via Sharpsburg, Etna, Millvale",9,8dfc1e57-a359-4a3e-a328-957fae2b6a8b,11527.5
5,5,A,Aspinwall,"ASPINWALL via Sharpsburg, Etna, Millvale",10,b4a02a40-a6c6-4df1-b724-a49dfc73d85e,15288.5
5,5,A,Aspinwall,"ASPINWALL via Sharpsburg, Etna, Millvale",11,08087ad9-05f6-427a-bd5b-1aff2d52ba4c,2428.2
5,5,A,Aspinwall,"ASPINWALL via Sharpsburg, Etna, Millvale",12,9d9e779c-f9bb-4265-83e9-e74756b9bdac,8180.9
5,5,A,Aspinwall,"ASPINWALL via Sharpsburg, Etna, Millvale",13,f6958db3-bf6f-452e-a0c4-6b6360c7528c,15757.5
5,5,A,Aspinwall,"ASPINWALL via Sharpsburg, Etna, Millvale",14,9b72bd77-6113-4360-8313-5c8b0b59290b,9451.6
5,5,A,Aspinwall,"ASPINWALL via Sharpsburg, Etna, Millvale",15,8de9dab4-11b8-4cc5-b579-da26de6c7437,13386.4
5,5,A,Aspinwall,"ASPINWALL via Sharpsburg, Etna, Millvale",16,7db69436-6469-4de3-b81a-52e5d6e7122c,7116.4
5,5,A,Aspinwall,"ASPINWALL via Sharpsburg, Etna, Millvale",17,3ccdf203-1d9a-4f89-a1f2-66a89131311f,12233.5
5,5,A,Aspinwall,"ASPINWALL via Sharpsburg, Etna, Millvale",18,9b3e67b4-e449-4d79-813d-b0c2af0b105e,14399.2
5,5,A,Aspinwall,"ASPINWALL via Sharpsburg, Etna, Millvale",19,35fa9500-c5b6-4503-8fbb-d8dbe82e64cf,10697.8
5,5,A,Aspinwall,"ASPINWALL via Sharpsburg, Etna, Millvale",20,5706ee51-d575-4dda-b562-1c467eea90b9,12146.0
5,5,A,Aspinwall,"ASPINWALL via Sharpsburg, Etna, Millvale",21,2e6c1773-cd44-4a44-9e3a-daf6aa40e18f,9636.2
5,5,A,Aspinwall,"ASPINWALL via Sharpsburg, Etna, Millvale",22,737e56b4-191f-4cff-8ce6-88f7a4e0d99d,965.7
5,5,A,Aspinwall,"ASPINWALL via Sharpsburg, Etna, Millvale",23,3d018bd2-dff6-4c47-8172-a762fd07130a,10547.0
5,5,A,Aspinwall,"ASPINWALL via Sharpsburg, Etna, Millvale",24,bf1d5d0d-80a7-4ad9-a74d-ce501b219378,2741.3
5,5,A,Aspinwall,"ASPINWALL via Sharpsburg, Etna, Millvale",25,22e473f8-d154-461b-919d-24871eb52bab,14568.9
5,5,A,Aspinwall,"ASPINWALL via Sharpsburg, Etna, Millvale",26,2b16d4cd-4a4d-4aef-9bb4-3f9898a35798,12390.6
5,5,A,Aspinwall,"ASPINWALL via Sharpsburg, Etna, Millvale",27,38f55248-f4e0-49f2-b920-1836abdfe4fd,8440.8
5,5,A,Aspinwall,"ASPINWALL via Sharpsburg, Etna, Millvale",28,1ab466b2-d793-49e6-8c0a-0fdcfeef0122,2915.5
5,5,A,Aspinwall,"ASPINWALL via Sharpsburg, Etna, Millvale",29,bf2cde35-1fc5-49a0-b70f-420df7a755f6,6380.6
5,5,A,Aspinwall,"ASPINWALL via Sharpsburg, Etna, Millvale",30,5ea7e227-2a97-4ab8-bf68-65754a033c37,13044.0
5,5,A,Aspinwall,"ASPINWALL via Sharpsburg, Etna, Millvale",31,6b7213d9-30c4-4cec-9b92-0660f70d550e,6713.3
5,5,A,Aspinwall,"ASPINWALL via Sharpsburg, Etna, Millvale",32,7eacfc81-cda8-4075-bc67-e41d37f8e691,11863.6
5,5,A,Aspinwall,"ASPINWALL via Sharpsburg, Etna, Millvale",33,ab4d6e79-1200-40d4-9db6-27fe30ef2e83,1358.4
5,5,A,Aspinwall,"ASPINWALL via Sharpsburg, Etna, Millvale",34,0de595ac-1cd0-42f2-b486-1d1d51950242,8065.3
5,5,A,Aspinwall,"ASPINWALL via Sharpsburg, Etna, Millvale",35,8f96f0b5-97e7-4231-9420-a3492e5e96fa,12478.5
5,5,A,Aspinwall,"ASPINWALL via Sharpsburg, Etna, Millvale",36,7176264b-bc3c-4058-8524-d527ab10deb7,6581.9
5,5,A,Aspinwall,"ASPINWALL via Sharpsburg, Etna, Millvale",37,f659ce79-a26f-4d43-9bcb-800842b74915,2206.7
5,5,A,Aspinwall,"ASPINWALL via Sharpsburg, Etna, Millvale",38,7689994b-6582-4bfa-8cfd-0f33f57a39d5,6867.8
5,5,A,Aspinwall,"ASPINWALL via Sharpsburg, Etna, Millvale",39,7fac2ba0-efac-4fde-b076-90686905e086,11394.7
5,5,A,Aspinwall,"ASPINWALL via Sharpsburg, Etna, Millvale",40,71543fc4-a18a-4825-8998-bca77b1048d0,12742.2
5,5,A,Aspinwall,"ASPINWALL via Sharpsburg, Etna, Millvale",41,d1a3ace6-75cf-4493-ac4a-84be92c6ea81,13200.4
5,5,A,Aspinwall,"ASPINWALL via Sharpsburg, Etna, Millvale",42,02bafea7-6378-42c1-84e8-090189c39fcf,716.2
5,5,A,Aspinwall,"ASPINWALL via Sharpsburg, Etna, Millvale",43,29914ff9-dfbb-4698-ba0d-c20a1e2ec9a2,15489.0
5,5,A,Aspinwall,"ASPINWALL via Sharpsburg, Etna, Millvale",44,1ef9b352-a89d-4932-9637-804bc1982d12,10067.5
5,5,A,Aspinwall,"ASPINWALL via Sharpsburg, Etna, Millvale",45,8347960c-b74f-496a-aa4b-9360683681b9,11051.1
5,5,A,Aspinwall,"ASPINWALL via Sharpsburg, Etna, Millvale",46,a64c0808-40e8-48e4-8e9b-b72daa7d95fb,14827.9
5,5,A,Aspinwall,"ASPINWALL via Sharpsburg, Etna, Millvale",47,305e12af-64b0-4ac6-ac4c-428c1dc9fd9c,5.1
5,5,A,Aspinwall,"ASPINWALL via Sharpsburg, Etna, Millvale",48,dc923e85-1e19-410e-a292-09032c50d49e,11773.4
5,5,A,Aspinwall,"ASPINWALL via Sharpsburg, Etna, Millvale",49,7471d878-dc5c-4d11-b5f0-715ffbff2f77,1909.9
5,5,A,Aspinwall,"ASPINWALL via Sharpsburg, Etna, Millvale",50,434024e7-22b5-4b9e-99a7-f5e4f4e91122,7830.2
5,5,A,Aspinwall,"ASPINWALL via Sharpsburg, Etna, Millvale",51,2c695c01-3639-4886-8b89-d496a92fae41,14221.7
5,5,A,Aspinwall,"ASPINWALL via Sharpsburg, Etna, Millvale",52,7bf1bf22-6180-4daa-9489-e25a66eb3767,10863.3
5,5,A,Aspinwall,"ASPINWALL via Sharpsburg, Etna, Millvale",53,79518b47-5699-4185-a95e-84d233dfaf60,9047.5
5,5,A,Aspinwall,"ASPINWALL via Sharpsburg, Etna, Millvale",54,52430752-470a-4c6c-b47f-d40bdcaa2154,418.5
5,5,A,Aspinwall,"ASPINWALL via Sharpsburg, Etna, Millvale",55,2384b771-622d-4c3f-9bfc-4b0a58add5ce,12874.6
5,5,A,Aspinwall,"ASPINWALL via Sharpsburg, Etna, Millvale",56,cec3b8da-111b-4814-b3be-6b980c4b7a8c,12000.1
5,5,A,Aspinwall,"ASPINWALL via Sharpsburg, Etna, Millvale",57,ce3bbf78-7d33-4587-b77b-2c518542d358,4462.1
5,5,A,Aspinwall,"ASPINWALL via Sharpsburg, Etna, Millvale",58,41e61a94-e425-4f7b-af83-a4ff1f982b8c,7626.9
44,44,A,Downtown,DOWNTOWN,1,4efafb8e-17bb-4ff3-a055-d39f0725b311,3021.2
44,44,A,Downtown,DOWNTOWN,2,d6f2bc7a-eafc-4c75-93fc-d200843472bd,1062.2
44,44,A,Downtown,DOWNTOWN,3,d623137a-9ead-43cd-8e54-addb6acc5b77,7844.1
44,44,A,Downtown,DOWNTOWN,4,1ea8f4c0-655f-41ea-af42-571558c69992,4963.6
44,44,A,Downtown,DOWNTOWN,5,ae5198d3-757c-43b7-bfc1-9951f163f183,2505.4
44,44,A,Downtown,DOWNTOWN,6,8f3d240a-e9f6-4b46-8399-0adbd9a10310,491.6
44,44,A,Downtown,DOWNTOWN,7,32a199ca-8264-4530-90c5-328e7873cb55,4690.0
44,44,A,Downtown,DOWNTOWN,8,5e9bb250-5751-40f3-a22b-01f9d0ddbe23,8495.2
44,44,A,Downtown,DOWNTOWN,9,bdc72b53-c4cb-4df3-a7af-005e002aee7b,2362.2
44,44,A,Downtown,DOWNTOWN,10,ea419ac8-d176-42ef-97f5-b3a88d541138,5185.6
44,44,A,Downtown,DOWNTOWN,11,023b67b1-7946-4947-ae3f-d54ca200c1ac,683.0
44,44,A,Downtown,DOWNTOWN,12,4e8562e4-0444-4257-9e69-1bcdb625a69a,1773.2
44,44,A,Downtown,DOWNTOWN,13,eb856da9-ab77-438e-a378-b90ead5a71ed,3148.3
44,44,A,Downtown,DOWNTOWN,14,fbfb8fa1-b918-4184-99a7-14c3de63ee04,4399.4
44,44,A,Downtown,DOWNTOWN,15,6b0ebe69-e4f9-415d-a62d-c9a2ff14ed3e,8989.8
44,44,A,Downtown,DOWNTOWN,16,15399372-b780-46a4-93f6-c01a42b61624,6444.3
44,44,A,Downtown,DOWNTOWN,17,5c2068f5-08b0-428a-aa6a-0ed53a2f49de,2844.6
44,44,A,Downtown,DOWNTOWN,18,a3519a3a-958d-4122-b6a6-3bee71d365c4,4221.1
44,44,A,Downtown,DOWNTOWN,19,86264d84-df77-4888-9403-7e3b18bcaca9,1203.9
44,44,A,Downtown,DOWNTOWN,20,4ff38c11-97dd-4673-a431-f5367796e611,3430.9
44,44,A,Downtown,DOWNTOWN,21,e1fbb9ff-8635-49ae-a0bd-bfec2df098b7,1384.9
44,44,A,Downtown,DOWNTOWN,22,688c2c65-0306-4268-aeb2-257545bd7c43,1669.2
44,44,A,Downtown,DOWNTOWN,23,1546b20d-4106-4f5e-aaec-f24927db5968,7539.4
44,44,A,Downtown,DOWNTOWN,24,491ef73d-f0f1-40f9-91d3-87a462f2074d,7997.0
44,44,A,Downtown,DOWNTOWN,25,8a55997b-ce69-4c0d-adf4-7a94c7fb74c5,3956.1
44,44,A,Downtown,DOWNTOWN,26,a30ac50e-933f-4f65-a720-87e206473a9f,2216.3
44,44,A,Downtown,DOWNTOWN,27,449cacae-e085-4c9a-ad32-418c740cb66e,3314.8
44,44,A,Downtown,DOWNTOWN,28,55256aa4-0538-49e7-b7e9-057dd6908c56,1990.2
44,44,A,Downtown,DOWNTOWN,29,ba8f34a7-424c-4a90-adc1-b944ccb76395,3521.4
44,44,A,Downtown,DOWNTOWN,30,f9870737-89b4-494c-bc6e-7ddb59bf045d,4093.0
44,44,A,Downtown,DOWNTOWN,31,f2d29f87-7b43-4248-9a12-766764b646cd,2.3
44,44,A,Downtown,DOWNTOWN,32,e8c8d519-2bda-44ef-a806-01eef8288b20,6823.5
44,44,A,Downtown,DOWNTOWN,33,95bec6f4-3c56-451c-a302-f9120a0433da,3790.6
44,44,A,Downtown,DOWNTOWN,34,ea83a645-3808-4dff-aa2a-6c2617e9a37a,8185.6
44,44,A,Downtown,DOWNTOWN,35,c48d1597-843e-47b8-9738-24b26049eba6,801.5
44,44,A,Downtown,DOWNTOWN,36,112d506a-1ed2-4b6e-ac87-63b60671e14d,2712.4
44,44,A,Downtown,DOWNTOWN,37,d626fc0b-0809-4632-b79d-fd789b7f66e7,896.0
44,44,A,Downtown,DOWNTOWN,38,a8ef6a7e-f3e0-4eba-9d87-efeff1edf686,3230.4
44,44,A,Mt. Oliver,KNOXVILLE,1,4eadb2fe-a6a8-4015-9a9a-98837e9d8fb8,815.5
44,44,A,Mt. Oliver,KNOXVILLE,2,ea6df271-315a-44e1-b620-e73b666775bd,7469.7
44,44,A,Mt. Oliver,KNOXVILLE,3,9db2bea2-ad99-4fff-a7ff-3848ac577481,6405.9
44,44,A,Mt. Oliver,KNOXVILLE,4,d4aa3b8d-3ae6-4745-a1f0-a98232948c5e,3533.5
44,44,A,Mt. Oliver,KNOXVILLE,5,7554395f-bc41-40d0-a52e-8878e3012d0e,1056.2
44,44,A,Mt. Oliver,KNOXVILLE,6,1d1f1b2c-01dd-48f2-8485-437b7ac50780,4136.0
44,44,A,Mt. Oliver,KNOXVILLE,7,2d8c48a5-41c7-4eb4-bbd5-68a9f353bf75,7361.8
44,44,A,Mt. Oliver,KNOXVILLE,8,ee29eff5-a585-4ffb-a35b-98c661279aa3,7583.5
44,44,A,Mt. Oliver,KNOXVILLE,9,47ff4298-7b84-4a69-a924-c76c52955537,632.9
44,44,A,Mt. Oliver,KNOXVILLE,10,fbfb8fa1-b918-4184-99a7-14c3de63ee04,3831.6
44,44,A,Mt. Oliver,KNOXVILLE,11,923afede-ee09-4531-8ef9-eab6a2b79a36,8115.0
44,44,A,Mt. Oliver,KNOXVILLE,12,bb6ef197-4351-43c2-9145-0ca7ef2c2be2,3273.1
44,44,A,Mt. Oliver,KNOXVILLE,13,063bc30a-f4c0-4634-a17a-224ddd0c481a,6533.5
44,44,A,Mt. Oliver,KNOXVILLE,14,305e12af-64b0-4ac6-ac4c-428c1dc9fd9c,0.5
44,44,A,Mt. Oliver,KNOXVILLE,15,d98353f0-5d96-4e0d-b6ca-b49824ca36ec,6683.0
44,44,A,Mt. Oliver,KNOXVILLE,16,9b851846-2166-49d4-91cf-a53b1adbf90f,4805.6
44,44,A,Mt. Oliver,KNOXVILLE,17,6b6abbb1-d343-44be-afad-a826a2bbc044,6029.2
44,44,A,Mt. Oliver,KNOXVILLE,18,480f1913-e826-439d-ab83-ceae378e8434,5533.9
44,44,A,Mt. Oliver,KNOXVILLE,19,d64d5a12-f614-41a6-8f9d-02a78924683e,5857.0
44,44,A,Mt. Oliver,KNOXVILLE,20,58a58d0b-9354-43d6-b0ef-7f486c6144fb,4272.1
44,44,A,Mt. Oliver,KNOXVILLE,21,f2d29f87-7b43-4248-9a12-766764b646cd,8553.7
44,44,A,Mt. Oliver,KNOXVILLE,22,027a2d07-dee9-4671-b63d-7282b8a88e10,274.9
44,44,A,Mt. Oliver,KNOXVILLE,23,086455f2-b82e-4f54-89f5-7d3af20d7d26,6839.7
44,44,A,Mt. Oliver,KNOXVILLE,24,71f34675-2a6c-4ca5-80b5-a81124dec6e3,5380.3
44,44,A,Mt. Oliver,KNOXVILLE,25,35fdd8ae-a6d2-4f38-9162-ab5dca2c524c,6230.9
44,44,A,Mt. Oliver,KNOXVILLE,26,e54b2390-d52f-47d3-aec0-65aa1ca5c4ff,4911.8
44,44,A,Mt. Oliver,KNOXVILLE,27,3e434328-4e9d-4536-9dab-18ea3b48307c,7908.2
44,44,A,Mt. Oliver,KNOXVILLE,28,a564993a-c862-41ca-a55f-b48e3d07c8c8,4002.7
44,44,A,Mt. Oliver,KNOXVILLE,29,891b3ee6-8fdc-4caf-8034-9433c23418f3,1232.3
44,44,A,Mt. Oliver,KNOXVILLE,30,8391889b-9bdc-494a-936b-e29ec82a53c2,5217.7
44,44,A,Mt. Oliver,KNOXVILLE,31,56cf7bfc-8cfd-4dc4-99ca-97db353a8aca,5082.4
44,44,A,Mt. Oliver,KNOXVILLE,32,675c7989-f924-4aa1-9020-e038880a54f9,7765.1
44,44,A,Mt. Oliver,KNOXVILLE,33,d5570a08-1561-467e-88e8-8e2aaec0cce7,7159.5
44,44,A,Mt. Oliver,KNOXVILLE,34,4bead472-62d9-4561-a1be-df9c906d8f31,5680.1
44,44,A,Mt. Oliver,KNOXVILLE,35,504e37d5-92b4-404a-95f5-3142741cff12,4436.0
44,44,A,Mt. Oliver,KNOXVILLE,36,9e1f069c-e594-46a7-880c-30f68bd11a83,4998.2
44,44,A,Mt. Oliver,KNOXVILLE,37,57bf7af3-da64-493d-abda-b2b8abf8690c,4708.1
44,44,A,Mt. Oliver,KNOXVILLE,38,e8bf43da-63b3-46a6-96e0-01b89c927785,1723.5
68,68,A,Wilkinsburg,WILKINSBURG via Braddock Hills,1,3be92c3d-921f-4ac3-872e-478ca1deda05,18861.8
68,68,A,Wilkinsburg,WILKINSBURG via Braddock Hills,2,3baccff4-dc53-4890-97b7-d8019aece47e,6751.2
68,68,A,Wilkinsburg,WILKINSBURG via Braddock Hills,3,8a4b4a1d-95b2-448e-8728-10197a50639d,17261.9
68,68,A,Wilkinsburg,WILKINSBURG via Braddock Hills,4,f2934867-ddda-468c-b989-0c278dded291,10371.5
68,68,A,Wilkinsburg,WILKINSBURG via Braddock Hills,5,929edd2b-8877-4c5e-970d-0f93d15bfba1,26536.2
68,68,A,Wilkinsburg,WILKINSBURG via Braddock Hills,6,237bc07f-3a41-450a-93a1-0f57a41fd478,24879.7
68,68,A,Wilkinsburg,WILKINSBURG via Braddock Hills,7,09eaca9d-76aa-46d3-b544-2ce4a957a4ed,26159.5
68,68,A,Wilkinsburg,WILKINSBURG via Braddock Hills,8,322c23cf-7a22-4bb8-9c89-faf85911e261,9229.5
68,68,A,Wilkinsburg,WILKINSBURG via Braddock Hills,9,d5e0416d-e6e2-4f99-8903-ef1359232711,17817.7
68,68,A,Wilkinsburg,WILKINSBURG via Braddock Hills,10,ad1bcd3c-adc1-4f92-962d-1b05923155a0,25626.8
68,68,A,Wilkinsburg,WILKINSBURG via Braddock Hills,11,dc4bf964-1745-4c1b-8898-cc97738ac6b7,14887.7
68,68,A,Wilkinsburg,WILKINSBURG via Braddock Hills,12,05abcfa9-2b53-4c53-842b-88687525a17e,20674.4
68,68,A,Wilkinsburg,WILKINSBURG via Braddock Hills,13,4fc5bf75-ef88-4467-9e2d-c74f01353b6a,19370.2
68,68,A,Wilkinsburg,WILKINSBURG via Braddock Hills,14,990fb3d6-42eb-4015-b3cf-41e351c8640c,10635.0
68,68,A,Wilkinsburg,WILKINSBURG via Braddock Hills,15,20d644ef-18ed-4541-9f46-b304f7e8b008,19945.5
68,68,A,Wilkinsburg,WILKINSBURG via Braddock Hills,16,2bdaeffe-d38f-41f7-a1c1-27b30ca3e813,8935.2
68,68,A,Wilkinsburg,WILKINSBURG via Braddock Hills,17,f7864956-64e2-4f3d-a290-563b091b6469,22954.7
68,68,A,Wilkinsburg,WILKINSBURG via Braddock Hills,18,183fec1b-b2e5-4b1d-910a-08a261c197ab,10142.0
68,68,A,Wilkinsburg,WILKINSBURG via Braddock Hills,19,91805ac5-00b5-4cd5-b986-5fad18d0cdec,15061.6
68,68,A,Wilkinsburg,WILKINSBURG via Braddock Hills,20,e60eb709-5c99-4db2-8d45-7a93a059e2b1,8473.2
68,68,A,Wilkinsburg,WILKINSBURG via Braddock Hills,21,0a506b5b-2299-48b3-abf8-cb9d33b317aa,22470.7
68,68,A,Wilkinsburg,WILKINSBURG via Braddock Hills,22,f080c554-3e5d-4ece-a436-091cc50b68b8,11597.9
68,68,A,Wilkinsburg,WILKINSBURG via Braddock Hills,23,7bb16060-a088-47e2-a18d-eceb6f1c2b5f,18466.3
68,68,A,Wilkinsburg,WILKINSBURG via Braddock Hills,24,6d7b1bc4-e039-4ae5-80bf-6d7fb3c5b078,3341.6
68,68,A,Wilkinsburg,WILKINSBURG via Braddock Hills,25,90d019b8-5cca-4729-9dc9-ecd7b68eb4df,3700.8
68,68,A,Wilkinsburg,WILKINSBURG via Braddock Hills,26,5779df3f-354a-4587-9466-e795ed56d252,5958.4
68,68,A,Wilkinsburg,WILKINSBURG via Braddock Hills,27,e74ab563-1c49-4d61-b968-8bdd9666b840,23735.1
68,68,A,Wilkinsburg,WILKINSBURG via Braddock Hills,28,dd68299a-7ae7-464d-8ba7-761ad55554b8,13092.1
68,68,A,Wilkinsburg,WILKINSBURG via Braddock Hills,29,cf1e6c1d-44b8-44c9-ba94-8117e89041c4,17903.6
68,68,A,Wilkinsburg,WILKINSBURG via Braddock Hills,30,5cdfd5f8-75fe-4573-9d26-ba09f086fe19,6436.7
68,68,A,Wilkinsburg,WILKINSBURG via Braddock Hills,31,daacb796-d998-4e73-b732-31039ab735a1,2947.1
68,68,A,Wilkinsburg,WILKINSBURG via Braddock Hills,32,d926ccb6-321c-4b67-9f0b-4abb89014a08,12065.8
68,68,A,Wilkinsburg,WILKINSBURG via Braddock Hills,33,32e159d6-e5c6-4305-899d-4138d91442ca,18262.1
68,68,A,Wilkinsburg,WILKINSBURG via Braddock Hills,34,67e385fe-cbf0-4972-bac3-0024dcd38203,21282.0
68,68,A,Wilkinsburg,WILKINSBURG via Braddock Hills,35,454b2726-e23f-464a-a58c-ce6b6e1ceb0f,17690.3
68,68,A,Wilkinsburg,WILKINSBURG via Braddock Hills,36,9d77d59d-34eb-402d-a2e9-eeba80eaeb7e,13001.1
68,68,A,Wilkinsburg,WILKINSBURG via Braddock Hills,37,59a07d24-66c7-47be-9d14-4b8bab100e6c,25439.6
68,68,A,Wilkinsburg,WILKINSBURG via Braddock Hills,38,d38578d5-df4c-4cca-9a35-9c004889c8b2,19768.0
68,68,A,Wilkinsburg,WILKINSBURG via Braddock Hills,39,7fae3b0a-d34a-469a-bd2a-ca168a438ccc,9433.0
68,68,A,Wilkinsburg,WILKINSBURG via Braddock Hills,40,40942e39-f503-4766-8561-47ce6441851c,23315.9
68,68,A,Wilkinsburg,WILKINSBURG via Braddock Hills,41,c4da3a58-8fbe-469a-9e5d-795f16ced99a,9721.4
68,68,A,Wilkinsburg,WILKINSBURG via Braddock Hills,42,aba4c551-7047-4b9c-9d1d-8fcf175e6fd4,12453.5
68,68,A,Wilkinsburg,WILKINSBURG via Braddock Hills,43,61f3467d-dea2-40e2-bb6c-e31dab7c8151,7372.5
68,68,A,Wilkinsburg,WILKINSBURG via Braddock Hills,44,2f31916b-412c-4773-b5ee-08f227497066,20133.1
68,68,A,Wilkinsburg,WILKINSBURG via Braddock Hills,45,a1a7a7b2-bf1b-49a3-b1b9-52bf41c5b47a,4444.6
68,68,A,Wilkinsburg,WILKINSBURG via Braddock Hills,46,0e979f89-f8f9-44ce-b75c-c077c10fa04b,14518.1
68,68,A,Wilkinsburg,WILKINSBURG via Braddock Hills,47,44db60f5-cada-4d1d-b6c8-8acd0f55f037,17343.8
68,68,A,Wilkinsburg,WILKINSBURG via Braddock Hills,48,c454497b-e2d9-4ff7-8ed5-8457bd2c90ae,19158.4
68,68,A,Wilkinsburg,WILKINSBURG via Braddock Hills,49,b2be3d0e-eae5-4af0-8d4a-2c7bd164fb87,22705.7
68,68,A,Wilkinsburg,WILKINSBURG via Braddock Hills,50,1da22e89-3eaf-423e-aa5c-17ad47bf54dd,8065.6
68,68,A,Wilkinsburg,WILKINSBURG via Braddock Hills,51,43629144-d32d-4456-9329-434f8b280818,17176.6
68,68,A,Wilkinsburg,WILKINSBURG via Braddock Hills,52,11802a1e-f1f6-4bf5-a076-e88b278be542,25046.8
68,68,A,Wilkinsburg,WILKINSBURG via Braddock Hills,53,b30fa0ff-b5e4-418b-9af9-902affd353b7,3.8
68,68,A,Wilkinsburg,WILKINSBURG via Braddock Hills,54,ab6b2afe-6331-4b9f-8697-082a3440f295,26379.5
68,68,A,Wilkinsburg,WILKINSBURG via Braddock Hills,55,df7f9444-0f25-482d-a4a8-f0fe538e0f3c,18367.2
68,68,A,Wilkinsburg,WILKINSBURG via Braddock Hills,56,802f9aee-9799-4912-aa30-fdf6a1ae3fd0,11291.4
68,68,A,Wilkinsburg,WILKINSBURG via Braddock Hills,57,8c6c3d0b-95ad-44d6-bb9e-7937117fe118,26024.0
68,68,A,Wilkinsburg,WILKINSBURG via Braddock Hills,58,89fad5ba-e6ac-4dee-9ed8-80a3166f13cf,10910.5
68,68,A,Wilkinsburg,WILKINSBURG via Braddock Hills,59,f64c5aa6-3271-4bc0-9312-03e122f544dc,26905.1
68,68,A,Wilkinsburg,WILKINSBURG via Braddock Hills,60,c1a734ab-8d29-462f-b77e-7f257d09838a,17468.8
68,68,A,Wilkinsburg,WILKINSBURG via Braddock Hills,61,0a0d4b72-91c9-484e-947a-7438b7337c94,15815.7
68,68,A,Wilkinsburg,WILKINSBURG via Braddock Hills,62,8b1a2ff8-6d48-434d-8ce9-f002d656323c,1213.1
68,68,A,Wilkinsburg,WILKINSBURG via Braddock Hills,63,9c672ac8-e167-49e6-a917-44971b376f1c,16887.9
68,68,A,Wilkinsburg,WILKINSBURG via Braddock Hills,64,52181903-941e-41c7-bc1c-28985e22b894,24812.8
68,68,A,Wilkinsburg,WILKINSBURG via Braddock Hills,65,9743e569-c02b-4043-b8f2-20e44d755e6a,11892.0
68,68,A,Wilkinsburg,WILKINSBURG via Braddock Hills,66,7ff86eb7-6fae-4143-8291-924f5815a3dc,23207.0
68,68,A,Wilkinsburg,WILKINSBURG via Braddock Hills,67,d8169a3b-03b7-4f92-9263-11745ccc8aeb,23919.8
68,68,A,Wilkinsburg,WILKINSBURG via Braddock Hills,68,4da9c41e-48cb-4ea8-bc8f-26a66cd30950,2176.8
68,68,A,Wilkinsburg,WILKINSBURG via Braddock Hills,69,68d5a4c1-3b5e-4843-9efa-70cca057bd1b,18081.2
68,68,A,Wilkinsburg,WILKINSBURG via Braddock Hills,70,46c61a99-9f64-4242-bda7-7b090e4be9e2,17093.1
68,68,A,Wilkinsburg,WILKINSBURG via Braddock Hills,71,d512960c-bfcc-4b0f-a126-f0bcf122bf77,2522.8
68,68,A,Wilkinsburg,WILKINSBURG via Braddock Hills,72,1b9e5dbf-6822-451a-bf2c-cbe70707cbd5,7706.6
68,68,A,Wilkinsburg,WILKINSBURG via Braddock Hills,73,b3050e32-33b9-480c-9f7b-e68d172e6c72,18711.8
68,68,A,Wilkinsburg,WILKINSBURG via Braddock Hills,74,4bc0bd84-2966-4bbf-8fd1-c34ad989d860,1955.1
68,68,A,Wilkinsburg,WILKINSBURG via Braddock Hills,75,7edbf230-b14c-4932-be40-e8224900d143,20889.0
68,68,A,Wilkinsburg,WILKINSBURG via Braddock Hills,76,b0b08ceb-d4cc-4b98-ba03-2ff79c205812,13625.8
68,68,A,Wilkinsburg,WILKINSBURG via Braddock Hills,77,5c3518a1-d450-4809-be78-6943af5de0f3,25919.7
68,68,A,Wilkinsburg,WILKINSBURG via Braddock Hills,78,9e339558-43ce-44c7-9213-3e539723eab7,4099.5
68,68,A,Wilkinsburg,WILKINSBURG via Braddock Hills,79,38f0ac9f-48cc-4a60-ac6b-28efefefd969,11372.0
68,68,A,Wilkinsburg,WILKINSBURG via Braddock Hills,80,c234bed0-3613-4aa3-b9bd-fe8dc37f86a3,14199.0
68,68,A,Wilkinsburg,WILKINSBURG via Braddock Hills,81,233f5ea1-6fc5-4d42-a588-552a10fcfddd,15589.7
68,68,A,Wilkinsburg,WILKINSBURG via Braddock Hills,82,2e49a1c9-742f-4123-837a-428eda7d1875,22192.6
68,68,A,Wilkinsburg,WILKINSBURG via Braddock Hills,83,fc27988a-d173-4e0c-b852-c5b3c5693a62,24487.3
68,68,A,Wilkinsburg,WILKINSBURG via Braddock Hills,84,846936b5-ead3-43d7-9b63-f12b1e3a6cde,26246.2
68,68,A,Wilkinsburg,WILKINSBURG via Braddock Hills,85,df8d8911-2d6c-4be6-99c2-a9f8da8060a3,7234.8
68,68,A,Wilkinsburg,WILKINSBURG via Braddock Hills,86,5ad7be3e-09ce-45b1-af99-f74035a12349,10711.6
68,68,A,Wilkinsburg,WILKINSBURG via Braddock Hills,87,3571ba7b-9c6c-47eb-ba2e-e1bc0c3f3de2,4931.2
68,68,A,Wilkinsburg,WILKINSBURG via Braddock Hills,88,6c86da25-f39f-4d88-956a-b82aa5cb4575,25788.4
68,68,A,Wilkinsburg,WILKINSBURG via Braddock Hills,89,e3217ac4-059e-48f6-8c61-63fb9da51f46,11099.2
68,68,A,CCAC Boyce,CCAC BOYCE via Braddock Hills,1,b541c1d4-3a09-4ac8-8e4e-0721a6f293cf,24902.5
68,68,A,CCAC Boyce,CCAC BOYCE via Braddock Hills,2,4db1e776-97fc-41fc-9dff-ffb322750267,15570.1
68,68,A,CCAC Boyce,CCAC BOYCE via Braddock Hills,3,964a59b9-922e-441a-ad8d-47f12b77310a,17670.0
68,68,A,CCAC Boyce,CCAC BOYCE via Braddock Hills,4,d18422c8-f571-4516-9215-52fd557f8f0b,22331.7
68,68,A,CCAC Boyce,CCAC BOYCE via Braddock Hills,5,b30fa0ff-b5e4-418b-9af9-902affd353b7,27291.7
68,68,A,CCAC Boyce,CCAC BOYCE via Braddock Hills,6,9bbd4e21-e524-4a26-886f-93c46e8b65a4,22011.1
68,68,A,CCAC Boyce,CCAC BOYCE via Braddock Hills,7,596e306a-c217-4e11-94e2-ceb6f972de15,11968.5
68,68,A,CCAC Boyce,CCAC BOYCE via Braddock Hills,8,e4813c6c-213a-47ce-87b4-defff7704fef,18792.1
68,68,A,CCAC Boyce,CCAC BOYCE via Braddock Hills,9,15a8446f-9988-49a6-83b2-02b1f4949c23,3695.6
68,68,A,CCAC Boyce,CCAC BOYCE via Braddock Hills,10,b772ba9b-7284-4abe-90af-102358741c02,9912.0
68,68,A,CCAC Boyce,CCAC BOYCE via Braddock Hills,11,eea73047-af3e-449e-8978-7f05bde247bc,22797.0
68,68,A,CCAC Boyce,CCAC BOYCE via Braddock Hills,12,7bd1f0a1-3122-419d-b212-9942d136c320,0
68,68,A,CCAC Boyce,CCAC BOYCE via Braddock Hills,13,94b92932-4176-431a-9bea-b3cfb3d9e63f,24097.3
68,68,A,CCAC Boyce,CCAC BOYCE via Braddock Hills,14,da787871-6b79-44da-bd8d-47189dbf2ed2,23576.4
68,68,A,CCAC Boyce,CCAC BOYCE via Braddock Hills,15,476c9520-86d4-44de-aa46-7179fb92ff56,25638.7
68,68,A,CCAC Boyce,CCAC BOYCE via Braddock Hills,16,f6a6ace4-3e68-42ff-83e2-65cef6456164,4447.3
68,68,A,CCAC Boyce,CCAC BOYCE via Braddock Hills,17,02545dfc-a374-43ab-8f9f-aad34f468984,10995.7
68,68,A,CCAC Boyce,CCAC BOYCE via Braddock Hills,18,01ab1c61-8f95-4945-bee1-09e269801e92,6974.9
68,68,A,CCAC Boyce,CCAC BOYCE via Braddock Hills,19,f3ab8bd8-71f5-4cd9-8c52-94b11531f1ec,14932.8
68,68,A,CCAC Boyce,CCAC BOYCE via Braddock Hills,20,5f7c9225-a96d-4f41-b161-ce9218251c60,14779.8
68,68,A,CCAC Boyce,CCAC BOYCE via Braddock Hills,21,8b559488-6074-4f34-a3f4-4432f41ba92a,8639.0
68,68,A,CCAC Boyce,CCAC BOYCE via Braddock Hills,22,d0d40fb6-d7ae-4669-9444-6713d49c4bea,8819.9
68,68,A,CCAC Boyce,CCAC BOYCE via Braddock Hills,23,55558927-8245-4a86-ae65-8233099c575b,23187.4
68,68,A,CCAC Boyce,CCAC BOYCE via Braddock Hills,24,0cb28e52-7e16-4cb6-9d4a-a2ac11b760f3,9718.0
68,68,A,CCAC Boyce,CCAC BOYCE via Braddock Hills,25,5c2a9a6f-07ce-447f-b72a-0ebbd000b36f,8531.5
68,68,A,CCAC Boyce,CCAC BOYCE via Braddock Hills,26,da923fe0-0bfb-4f3c-8eca-2fc23a848e87,4172.7
68,68,A,CCAC Boyce,CCAC BOYCE via Braddock Hills,27,15a1c9fc-81a1-45e2-afb6-b8deb4c7a782,20451.8
68,68,A,CCAC Boyce,CCAC BOYCE via Braddock Hills,28,7e46ee40-63b3-41a2-9ac4-4160d009368b,17925.5
68,68,A,CCAC Boyce,CCAC BOYCE via Braddock Hills,29,6f3c676b-eab9-4e46-968e-bf50159daf10,3176.7
68,68,A,CCAC Boyce,CCAC BOYCE via Braddock Hills,30,d7a9d25d-d20a-4446-8e75-8d1c2a2c5e33,8196.1
68,68,A,CCAC Boyce,CCAC BOYCE via Braddock Hills,31,b98aff2a-921a-43dc-81fe-3024379d8f24,9556.1
68,68,A,CCAC Boyce,CCAC BOYCE via Braddock Hills,32,cf291a4c-5be1-46d6-a5c5-b3d9fda71503,7140.7
68,68,A,CCAC Boyce,CCAC BOYCE via Braddock Hills,33,799dd154-d83c-45ec-b2c6-afab3a716512,20085.6
68,68,A,CCAC Boyce,CCAC BOYCE via Braddock Hills,34,ff9cef2f-c6dd-433d-b0c2-b5688079a297,19498.0
68,68,A,CCAC Boyce,CCAC BOYCE via Braddock Hills,35,3c53d9b6-6185-4bf2-964c-834a3138d336,3953.0
68,68,A,CCAC Boyce,CCAC BOYCE via Braddock Hills,36,4454193f-f112-4cb7-bec1-393824f39ee8,15286.1
68,68,A,CCAC Boyce,CCAC BOYCE via Braddock Hills,37,865eada7-de33-490c-9656-a236b6b73a70,24385.5
68,68,A,CCAC Boyce,CCAC BOYCE via Braddock Hills,38,ac92d460-797d-4ba2-8e14-cd76de0ed5a2,19626.6
68,68,A,CCAC Boyce,CCAC BOYCE via Braddock Hills,39,b89147f7-0574-40b5-bb46-aa6f8dda46f5,2993.5
68,68,A,CCAC Boyce,CCAC BOYCE via Braddock Hills,40,bd768cd7-9980-4c67-97f2-a9b7a8585781,11339.4
68,68,A,CCAC Boyce,CCAC BOYCE via Braddock Hills,41,7edbf230-b14c-4932-be40-e8224900d143,6468.0
68,68,A,CCAC Boyce,CCAC BOYCE via Braddock Hills,42,779c5a50-1ead-49b3-aedf-581ba4c3f7fe,9638.8
68,68,A,CCAC Boyce,CCAC BOYCE via Braddock Hills,43,baa183fc-7d41-4c36-9368-75f5ec1197f7,18227.7
68,68,A,CCAC Boyce,CCAC BOYCE via Braddock Hills,44,0e979f89-f8f9-44ce-b75c-c077c10fa04b,12325.2
68,68,A,CCAC Boyce,CCAC BOYCE via Braddock Hills,45,fac668be-9473-448c-8903-d2fdfa033415,14437.1
68,68,A,CCAC Boyce,CCAC BOYCE via Braddock Hills,46,b9d8a74a-9b5c-419a-93cc-bed5fc3c6860,15490.3
68,68,A,CCAC Boyce,CCAC BOYCE via Braddock Hills,47,004ba989-b659-46d9-ab93-cd8d2c1b87aa,19115.4
68,68,A,CCAC Boyce,CCAC BOYCE via Braddock Hills,48,e3267267-9c08-46d0-8af3-b548d7c311be,8958.9
68,68,A,CCAC Boyce,CCAC BOYCE via Braddock Hills,49,755a1413-7e5a-4109-93cb-1ead1cd26f4b,16688.2
68,68,A,CCAC Boyce,CCAC BOYCE via Braddock Hills,50,1fff5b69-b7e7-4ac9-86b6-dd30d0abd0d9,755.5
68,68,A,CCAC Boyce,CCAC BOYCE via Braddock Hills,51,54e8f472-8955-42d1-bb82-023c9cd45566,16495.1
68,68,A,CCAC Boyce,CCAC BOYCE via Braddock Hills,52,de55ee00-a84f-46c4-9fd0-706ddd36dff7,15963.1
68,68,A,CCAC Boyce,CCAC BOYCE via Braddock Hills,53,8bb14480-ba21-421d-921d-cdf8bce65765,12733.0
68,68,A,CCAC Boyce,CCAC BOYCE via Braddock Hills,54,54494ab2-4793-4ac7-8ce1-bec7396a89ca,7928.6
68,68,A,CCAC Boyce,CCAC BOYCE via Braddock Hills,55,dcb51804-70c3-4c6d-bfcf-8633622985cd,15758.8
68,68,A,CCAC Boyce,CCAC BOYCE via Braddock Hills,56,f3c1a534-c1dd-477c-9332-e1106e2c3552,15648.0
68,68,A,CCAC Boyce,CCAC BOYCE via Braddock Hills,57,05abcfa9-2b53-4c53-842b-88687525a17e,6253.4
68,68,A,CCAC Boyce,CCAC BOYCE via Braddock Hills,58,82f32ee9-d71f-4a31-b650-d7e3fdf4519a,1513.2
68,68,A,CCAC Boyce,CCAC BOYCE via Braddock Hills,59,5779df3f-354a-4587-9466-e795ed56d252,20909.4
68,68,A,CCAC Boyce,CCAC BOYCE via Braddock Hills,60,d2d63a13-435b-43ac-8349-5e7c27ed531a,2411.4
68,68,A,CCAC Boyce,CCAC BOYCE via Braddock Hills,61,cbefd82a-07a3-4d99-b958-f95151838539,464.3
68,68,A,CCAC Boyce,CCAC BOYCE via Braddock Hills,62,d018ea42-12f5-4cfd-9e61-d332656f7ef0,13271.9
68,68,A,CCAC Boyce,CCAC BOYCE via Braddock Hills,63,1386d1b1-4505-4ad9-bb85-10eb63b7e42f,8013.7
68,68,A,CCAC Boyce,CCAC BOYCE via Braddock Hills,64,3d30b3d5-552b-4402-be37-fbfcf4cd89d1,24695.8
68,68,A,CCAC Boyce,CCAC BOYCE via Braddock Hills,65,73752161-8721-4bc9-9aa8-4a92863b62f8,5625.0
68,68,A,CCAC Boyce,CCAC BOYCE via Braddock Hills,66,3dd36956-fd31-4363-abb7-09b58e039dcb,3586.7
68,68,A,CCAC Boyce,CCAC BOYCE via Braddock Hills,67,549d09f1-50c2-438d-933a-a6939c9db5b6,868.1
68,68,A,CCAC Boyce,CCAC BOYCE via Braddock Hills,68,f8484d05-c9c8-434c-ba47-3991d93c222e,9228.0
68,68,A,CCAC Boyce,CCAC BOYCE via Braddock Hills,69,d3220353-ae42-4120-9675-517e674a8d7f,613.1
68,68,A,CCAC Boyce,CCAC BOYCE via Braddock Hills,70,9991fdd6-04c2-4c84-8a45-fbd29d1628cf,997.8
68,68,A,CCAC Boyce,CCAC BOYCE via Braddock Hills,71,258cb16c-ff7c-4e5b-a8bf-26793cb7862d,1119.1
68,68,A,CCAC Boyce,CCAC BOYCE via Braddock Hills,72,cf42947d-3e9a-475a-8985-0f79c5888a46,13755.0
68,68,A,CCAC Boyce,CCAC BOYCE via Braddock Hills,73,6345246b-f395-46e4-96f8-1522ada34f2d,2063.5
68,68,A,CCAC Boyce,CCAC BOYCE via Braddock Hills,74,6dd3bffc-f2bc-4856-8324-4c8599bdffef,8424.8
68,68,A,CCAC Boyce,CCAC BOYCE via Braddock Hills,75,87eae87d-aaeb-4c64-912c-e43c74463bb8,9431.4
68,68,A,CCAC Boyce,CCAC BOYCE via Braddock Hills,76,37aee431-4ed5-4d40-99c9-3631ef90c875,17158.0
68,68,A,CCAC Boyce,CCAC BOYCE via Braddock Hills,77,f3274179-dc21-4802-9b45-820cba290a8a,4722.5
68,68,A,CCAC Boyce,CCAC BOYCE via Braddock Hills,78,1a070839-ad7c-41cc-8389-4bb90aeb0021,17434.3
68,68,A,CCAC Boyce,CCAC BOYCE via Braddock Hills,79,4fc5bf75-ef88-4467-9e2d-c74f01353b6a,7451.4
68,68,A,CCAC Boyce,CCAC BOYCE via Braddock Hills,80,1164b918-c187-49f0-9e81-30c6b0be4395,20236.6
68,68,A,CCAC Boyce,CCAC BOYCE via Braddock Hills,81,f60fbd88-36e1-49a0-9e89-d7130afb12e3,16213.7
68,68,A,CCAC Boyce,CCAC BOYCE via Braddock Hills,82,0a30d7c1-5ea1-46aa-8786-899fea4f5c4c,9083.1
68,68,A,CCAC Boyce,CCAC BOYCE via Braddock Hills,83,121adcf1-d5bf-4bbc-93d2-a331fda1d45a,11787.6
68,68,A,CCAC Boyce,CCAC BOYCE via Braddock Hills,84,60ece0d4-5e8a-4a70-b71d-42d66c625d45,13859.9
68,68,A,CCAC Boyce,CCAC BOYCE via Braddock Hills,85,96261edb-e327-43bb-a08a-6ecfbe9e2f31,1246.7
91,91,A,Downtown,DOWNTOWN via Butler St,1,a2f6bdcd-c6b9-4a18-90b2-7ed5f3281f15,13720.4
91,91,A,Downtown,DOWNTOWN via Butler St,2,d8b4823e-4de0-4a05-a696-d09687002ffd,5986.4
91,91,A,Downtown,DOWNTOWN via Butler St,3,e6db5567-3649-4c77-9ab7-5d2f365e91ea,6374.7
91,91,A,Downtown,DOWNTOWN via Butler St,4,4eadb2fe-a6a8-4015-9a9a-98837e9d8fb8,17866.5
91,91,A,Downtown,DOWNTOWN via Butler St,5,5e6657cd-4bdf-4b6d-96b9-e61cfae16c23,11603.9
91,91,A,Downtown,DOWNTOWN via Butler St,6,68305c53-bac3-487a-a34a-2e7faf8695ea,5521.5
91,91,A,Downtown,DOWNTOWN via Butler St,7,b5e100ff-945d-40b4-8a39-7a30c231fa9f,14523.3
91,91,A,Downtown,DOWNTOWN via Butler St,8,2c87b875-5fab-4ece-9879-8d8f189b812b,8791.8
91,91,A,Downtown,DOWNTOWN via Butler St,9,423b08f3-0935-44cc-a5f8-d56507ca322b,16298.0
91,91,A,Downtown,DOWNTOWN via Butler St,10,1a86fda8-a2a1-46a2-8b2c-65bd723b6ba9,7186.6
91,91,A,Downtown,DOWNTOWN via Butler St,11,85040639-8025-45da-b25f-cdeeaecb5df2,7688.8
91,91,A,Downtown,DOWNTOWN via Butler St,12,7697dd9e-04da-40a1-a62f-b62919671832,14695.9
91,91,A,Downtown,DOWNTOWN via Butler St,13,76da4a6c-a945-42e8-9e97-32545e7713bd,12207.5
91,91,A,Downtown,DOWNTOWN via Butler St,14,6a627dd1-b23d-4a62-a63b-c8e2e65b1711,7058.4
91,91,A,Downtown,DOWNTOWN via Butler St,15,5455f407-07af-40f6-a9ae-6940084217a7,16994.7
91,91,A,Downtown,DOWNTOWN via Butler St,16,cdfc75d5-d90f-4ac3-bc8b-9757be1edc66,11774.2
91,91,A,Downtown,DOWNTOWN via Butler St,17,a3a60eb5-8d14-4a1a-a283-0bb1beb0686b,12016.6
91,91,A,Downtown,DOWNTOWN via Butler St,18,ca3a8ca2-36b5-44a8-9445-b30473f7a7c2,7815.3
91,91,A,Downtown,DOWNTOWN via Butler St,19,b3636a2f-a0bf-42eb-9480-0b592fda0e7d,14352.0
91,91,A,Downtown,DOWNTOWN via Butler St,20,492d5c7a-a6d6-423a-a603-f7164f8f7d19,9250.8
91,91,A,Downtown,DOWNTOWN via Butler St,21,2b1cd971-17cd-447e-a1a8-3323a1acab2c,12884.8
91,91,A,Downtown,DOWNTOWN via Butler St,22,36238bef-b11f-453f-b3f1-144064279c20,771.8
91,91,A,Downtown,DOWNTOWN via Butler St,23,da0d7bc4-d2c0-4546-b899-478dfc5a947d,13441.2
91,91,A,Downtown,DOWNTOWN via Butler St,24,71b54b31-de4a-46ec-8010-71c5c4b60bd7,5103.5
91,91,A,Downtown,DOWNTOWN via Butler St,25,313c6abf-0eb4-49f1-8b11-507b1622a92c,8004.0
91,91,A,Downtown,DOWNTOWN via Butler St,26,766218cd-e875-489b-923a-d561d90b2096,16712.3
91,91,A,Downtown,DOWNTOWN via Butler St,27,2ae2f691-caef-4c83-8d61-26dc1311a99a,9152.4
91,91,A,Downtown,DOWNTOWN via Butler St,28,47ff4298-7b84-4a69-a924-c76c52955537,17683.8
91,91,A,Downtown,DOWNTOWN via Butler St,29,fe71e6d5-c8ce-4319-b6a0-d831ce470faf,11381.3
91,91,A,Downtown,DOWNTOWN via Butler St,30,87f6e5fb-35f1-494c-89e5-1ad8297d9f21,6142.8
91,91,A,Downtown,DOWNTOWN via Butler St,31,de7dcc4d-af5a-4fc4-be9f-9c7e14c7a6d9,76.7
91,91,A,Downtown,DOWNTOWN via Butler St,32,f728e0ef-f1e4-442a-bef6-c10466b6cd85,4245.9
91,91,A,Downtown,DOWNTOWN via Butler St,33,0b9d85ae-5266-42aa-b041-825a176205c6,8483.4
91,91,A,Downtown,DOWNTOWN via Butler St,34,0fa0590c-7f05-4ca6-9764-6368c70f1e99,8605.4
91,91,A,Downtown,DOWNTOWN via Butler St,35,e60559b1-e416-4165-a54b-fd90f0b721e8,13834.1
91,91,A,Downtown,DOWNTOWN via Butler St,36,95302b26-d812-4c49-8601-d814f72b68f3,7383.8
91,91,A,Downtown,DOWNTOWN via Butler St,37,9e963a9c-0f5c-4c3e-a01d-294114879d1d,6580.7
91,91,A,Downtown,DOWNTOWN via Butler St,38,74c46b44-2812-46d5-a890-48620c947914,4069.9
91,91,A,Downtown,DOWNTOWN via Butler St,39,edbcf95d-fe61-4c9c-b2be-43c1f599da58,8903.4
91,91,A,Downtown,DOWNTOWN via Butler St,40,c5a78296-ed6a-431c-b954-c2b5d113c911,413.0
91,91,A,Downtown,DOWNTOWN via Butler St,41,ce5ec6b0-d4b7-4e9e-aea2-015fe85f7b33,10607.8
91,91,A,Downtown,DOWNTOWN via Butler St,42,0b58842f-cf3e-454a-a1d7-3151e14b399f,8376.3
91,91,A,Downtown,DOWNTOWN via Butler St,43,31946562-6f57-4d02-9bc2-062fc3035b7a,15022.5
91,91,A,Downtown,DOWNTOWN via Butler St,44,8543ecd1-9355-4ac1-993e-5be3fc313e4e,10887.7
91,91,A,Downtown,DOWNTOWN via Butler St,45,7fb1c47a-54c8-4807-bdb1-abbe7c6e251b,5788.0
91,91,A,Downtown,DOWNTOWN via Butler St,46,19ee0cb9-5207-4e78-9484-8162435e6078,1303.0
91,91,A,Downtown,DOWNTOWN via Butler St,47,02e7c0f5-a51a-46b2-bc71-0ed771bd33a0,11512.9
91,91,A,Downtown,DOWNTOWN via Butler St,48,53e652ec-3eef-461d-a8f6-c76bfa196efa,3246.1
91,91,A,Downtown,DOWNTOWN via Butler St,49,7a9c7219-af54-4347-8c87-83d7b590b200,3409.8
91,91,A,Downtown,DOWNTOWN via Butler St,50,31fab147-61f9-46c7-9941-84c18928ced6,8714.9
91,91,A,Downtown,DOWNTOWN via Butler St,51,bbdcdd10-6aa0-441d-b7a3-e54fd0d9ffb9,9070.9
91,91,A,Downtown,DOWNTOWN via Butler St,52,491ef73d-f0f1-40f9-91d3-87a462f2074d,18158.0
91,91,A,Downtown,DOWNTOWN via Butler St,53,1d215c1b-a74a-4506-97e8-9ff17530a153,2375.2
91,91,A,Downtown,DOWNTOWN via Butler St,54,9bc0a9eb-d78e-4839-a986-f194f556a8cf,11058.6
91,91,A,Downtown,DOWNTOWN via Butler St,55,5898ace5-bd91-4a41-9aee-2b8fe656b757,14043.2
91,91,A,Downtown,DOWNTOWN via Butler St,56,db634f12-41ea-4a9e-a2fa-5116322749c7,13144.3
91,91,A,Downtown,DOWNTOWN via Butler St,57,02814826-d849-4da5-9dad-98a211f0bdc5,12982.8
91,91,A,Downtown,DOWNTOWN via Butler St,58,12af0a66-4f02-401a-8ba3-29be2c9f1d34,12351.4
91,91,A,Downtown,DOWNTOWN via Butler St,59,c1c0866d-03e5-4e02-b0d3-9933bfd6e4bd,15403.1
91,91,A,Downtown,DOWNTOWN via Butler St,60,83176fef-e2bb-4a5e-a0c5-09bad0cd93bb,12712.6
91,91,A,Downtown,DOWNTOWN via Butler St,61,1097d3a1-8b7d-460d-a394-2337ce43b6f7,8191.0
91,91,A,Downtown,DOWNTOWN via Butler St,62,639dc851-2e93-47d8-ac5f-f0c3994eab23,1610.8
91,91,A,Downtown,DOWNTOWN via Butler St,63,2dba1db1-4eb1-4fce-8d21-ded6fbdb1252,13533.0
91,91,A,Downtown,DOWNTOWN via Butler St,64,73e527f2-7686-4896-8302-b5d38ac36cee,7585.7
91,91,A,Downtown,DOWNTOWN via Butler St,65,2073321c-2db7-4324-9397-cbfef6e95b52,11231.3
91,91,A,Downtown,DOWNTOWN via Butler St,66,c5b10ab3-b0c7-45a8-b949-4aa404e78986,3751.1
91,91,A,Downtown,DOWNTOWN via Butler St,67,da528496-f6f3-4f58-851c-3dbeaeeb2466,4827.9
91,91,A,Downtown,DOWNTOWN via Butler St,68,027a2d07-dee9-4671-b63d-7282b8a88e10,17328.0
91,91,A,Downtown,DOWNTOWN via Butler St,69,f8c301fd-cfd3-40ad-8f5d-b25e202a61d9,15593.0
91,91,A,Downtown,DOWNTOWN via Butler St,70,5feeca3f-8e73-4389-b845-65a9f6ac951a,10146.5
91,91,A,Downtown,DOWNTOWN via Butler St,71,2b9f3154-ca1d-4599-9a02-df3009ce486d,4603.3
91,91,A,Downtown,DOWNTOWN via Butler St,72,dee3eec8-d441-48eb-bc15-791ae5fac975,0
91,91,A,Downtown,DOWNTOWN via Butler St,73,289b69f1-8274-4d42-a446-113df0bd9026,15964.1
91,91,A,Downtown,DOWNTOWN via Butler St,74,5c252d7d-a478-45f3-a81e-22fb5dde4378,12568.1
91,91,A,Downtown,DOWNTOWN via Butler St,75,12292146-6a74-425f-b8c7-3a9b195ed6fd,5662.2
91,91,A,Downtown,DOWNTOWN via Butler St,76,7b333564-6937-4ff1-946a-cc8ed17b05c8,13610.3
91,91,A,Downtown,DOWNTOWN via Butler St,77,49f735a4-8562-4283-8d45-ab72ea93a40b,3639.6
91,91,A,Downtown,DOWNTOWN via Butler St,78,60536690-8a4d-4776-bc13-b6903467cebd,8089.4
91,91,A,Blawnox,BLAWNOX via Butler St,1,3bc8d807-0bf9-4f75-941b-e803c61e2f51,14051.9
91,91,A,Blawnox,BLAWNOX via Butler St,2,75883a19-0b82-4ce3-a798-e5e53b8c72e0,7105.5
91,91,A,Blawnox,BLAWNOX via Butler St,3,9b9226a3-a621-4fe8-95da-28990b59c9dc,4692.2
91,91,A,Blawnox,BLAWNOX via Butler St,4,9fea74a2-c32b-4e69-a74a-050d94d8480b,4175.6
91,91,A,Blawnox,BLAWNOX via Butler St,5,7fa3fd16-07f1-49c7-8c37-1b7ca6ef9437,5797.8
91,91,A,Blawnox,BLAWNOX via Butler St,6,7b63b409-02a4-40d4-a8e9-707bfc279505,4541.8
91,91,A,Blawnox,BLAWNOX via Butler St,7,88d1767e-7ba1-4c69-b51e-2abb33d1dee6,626.6
91,91,A,Blawnox,BLAWNOX via Butler St,8,491ef73d-f0f1-40f9-91d3-87a462f2074d,3.3
91,91,A,Blawnox,BLAWNOX via Butler St,9,deb4346e-53b9-48a4-b864-1aeb06e52775,4900.8
91,91,A,Blawnox,BLAWNOX via Butler St,10,c169904b-91da-4ead-9205-f65dca27a5dc,2723.4
91,91,A,Blawnox,BLAWNOX via Butler St,11,5dfc86d8-1dfd-4d4e-abf2-272c2afe863d,4463.6
91,91,A,Blawnox,BLAWNOX via Butler St,12,8f96f0b5-97e7-4231-9420-a3492e5e96fa,9916.9
91,91,A,Blawnox,BLAWNOX via Butler St,13,243fca39-7a2e-49be-a452-9773762057f1,10957.3
91,91,A,Blawnox,BLAWNOX via Butler St,14,8be6aae2-188b-4212-a5f3-4c6bacc0b94d,17414.7
91,91,A,Blawnox,BLAWNOX via Butler St,15,29a14e64-0636-44b3-bc27-0db9bdf490bf,13849.2
91,91,A,Blawnox,BLAWNOX via Butler St,16,224c0d90-7d99-4eb9-96da-d3269579e9ed,15734.4
91,91,A,Blawnox,BLAWNOX via Butler St,17,cebedb5c-3f2a-4859-ad10-10333061c336,16390.5
91,91,A,Blawnox,BLAWNOX via Butler St,18,33828561-e4dd-41a1-81c7-933786ad217c,5970.1
91,91,A,Blawnox,BLAWNOX via Butler St,19,8de9dab4-11b8-4cc5-b579-da26de6c7437,10824.8
91,91,A,Blawnox,BLAWNOX via Butler St,20,71543fc4-a18a-4825-8998-bca77b1048d0,10180.6
91,91,A,Blawnox,BLAWNOX via Butler St,21,38e9e82a-e91a-4eb5-8ef8-e61209807d46,5277.1
91,91,A,Blawnox,BLAWNOX via Butler St,22,51fa8c3a-ad5b-42b0-baf5-83282162ac82,6485.2
91,91,A,Blawnox,BLAWNOX via Butler St,23,ef25758b-3e25-4e6e-aa2d-ddffaa41f63e,13404.3
91,91,A,Blawnox,BLAWNOX via Butler St,24,dee3eec8-d441-48eb-bc15-791ae5fac975,17663.6
91,91,A,Blawnox,BLAWNOX via Butler St,25,7eacfc81-cda8-4075-bc67-e41d37f8e691,9302.0
91,91,A,Blawnox,BLAWNOX via Butler St,26,22e473f8-d154-461b-919d-24871eb52bab,12007.3
91,91,A,Blawnox,BLAWNOX via Butler St,27,fa84990b-c518-4a7a-8898-a2972a95aa0e,6374.9
91,91,A,Blawnox,BLAWNOX via Butler St,28,29914ff9-dfbb-4698-ba0d-c20a1e2ec9a2,12927.4
91,91,A,Blawnox,BLAWNOX via Butler St,29,0d260c57-14a0-481c-a6fa-6986a04fb7b4,1705.1
91,91,A,Blawnox,BLAWNOX via Butler St,30,47cd9ac2-629a-4534-97b9-46ad39250fec,16913.7
91,91,A,Blawnox,BLAWNOX via Butler St,31,9b3e67b4-e449-4d79-813d-b0c2af0b105e,11837.6
91,91,A,Blawnox,BLAWNOX via Butler St,32,e31dc961-12d1-4461-98eb-e032ca575be6,14499.4
91,91,A,Blawnox,BLAWNOX via Butler St,33,7a133157-d760-4f46-8de8-af88977bd4a3,1281.0
91,91,A,Blawnox,BLAWNOX via Butler St,34,dc923e85-1e19-410e-a292-09032c50d49e,9211.8
91,91,A,Blawnox,BLAWNOX via Butler St,35,b4a02a40-a6c6-4df1-b724-a49dfc73d85e,12726.9
91,91,A,Blawnox,BLAWNOX via Butler St,36,d1a3ace6-75cf-4493-ac4a-84be92c6ea81,10638.8
91,91,A,Blawnox,BLAWNOX via Butler St,37,0a75f1d8-a2e0-49b1-96b9-cc1db9295d17,7302.8
91,91,A,Blawnox,BLAWNOX via Butler St,38,66c9af58-749a-44d3-b6d1-afae742b17a1,15203.8
91,91,A,Blawnox,BLAWNOX via Butler St,39,b33c9396-8574-4b02-8c59-050e7381e8d6,14894.8
91,91,A,Blawnox,BLAWNOX via Butler St,40,426fb26f-4595-4455-a636-0b8903b62b49,7865.4
91,91,A,Blawnox,BLAWNOX via Butler St,41,5ea7e227-2a97-4ab8-bf68-65754a033c37,10482.4
91,91,A,Blawnox,BLAWNOX via Butler St,42,13d2a987-bfab-4a72-92d9-bf8dd286a060,383.3
91,91,A,Blawnox,BLAWNOX via Butler St,43,2c695c01-3639-4886-8b89-d496a92fae41,11660.1
91,91,A,Blawnox,BLAWNOX via Butler St,44,5f2f0252-5b3a-4130-a32e-8c2bd13c3e0c,2079.1
91,91,A,Blawnox,BLAWNOX via Butler St,45,8dfc1e57-a359-4a3e-a328-957fae2b6a8b,8965.9
91,91,A,Blawnox,BLAWNOX via Butler St,46,ea83a645-3808-4dff-aa2a-6c2617e9a37a,191.4
91,91,A,Blawnox,BLAWNOX via Butler St,47,cec3b8da-111b-4814-b3be-6b980c4b7a8c,9438.5
91,91,A,Blawnox,BLAWNOX via Butler St,48,97c3846c-0ce5-4536-88e6-553bac85e749,3991.1
91,91,A,Blawnox,BLAWNOX via Butler St,49,cb03d811-19f7-4e94-b9c2-ef8a7df7546a,3579.3
91,91,A,Blawnox,BLAWNOX via Butler St,50,2384b771-622d-4c3f-9bfc-4b0a58add5ce,10313.0
91,91,A,Blawnox,BLAWNOX via Butler St,51,fde8bd54-97e9-4658-b632-a97c2e7163b4,15095.3
91,91,A,Blawnox,BLAWNOX via Butler St,52,7fac2ba0-efac-4fde-b076-90686905e086,8833.1
91,91,A,Blawnox,BLAWNOX via Butler St,53,ed3ffbd4-c6d5-4e68-86de-43b46aa88325,6754.8
91,91,A,Blawnox,BLAWNOX via Butler St,54,eb057170-1bfe-4051-b5a2-d4633ae84d7c,10034.5
91,91,A,Blawnox,BLAWNOX via Butler St,55,c42192e5-e993-4416-ad00-7623e55daf74,7442.6
91,91,A,Blawnox,BLAWNOX via Butler St,56,847b539e-94e7-46f7-9998-44d2a571e466,5104.5
91,91,A,Blawnox,BLAWNOX via Butler St,57,49632bc9-4ba2-4788-9ef6-c12690081bd8,9129.3
91,91,A,Blawnox,BLAWNOX via Butler St,58,e0862dd8-4fbd-4c31-9b17-aea8f6255814,3083.9
91,91,A,Blawnox,BLAWNOX via Butler St,59,63987eaa-c1e2-42a7-a122-2ce0a0822aab,2547.3
91,91,A,Blawnox,BLAWNOX via Butler St,60,5706ee51-d575-4dda-b562-1c467eea90b9,9584.4
91,91,A,Blawnox,BLAWNOX via Butler St,61,cd793df6-29f1-4c1d-8a31-ad774d103864,3350.3
91,91,A,Blawnox,BLAWNOX via Butler St,62,78c19f31-bac5-4cb9-b3e2-d7484c24661d,5634.2
91,91,A,Blawnox,BLAWNOX via Butler St,63,77ed01e5-bb48-4c25-ac0d-e6ee81c7002b,4380.8
91,91,A,Blawnox,BLAWNOX via Butler St,64,3ccdf203-1d9a-4f89-a1f2-66a89131311f,9671.9
91,91,A,Blawnox,BLAWNOX via Butler St,65,2b16d4cd-4a4d-4aef-9bb4-3f9898a35798,9829.0
91,91,A,Blawnox,BLAWNOX via Butler St,66,fcc38efa-9a33-49c9-ba32-69695cfe815b,6920.1
91,91,A,Blawnox,BLAWNOX via Butler St,67,75f8f73b-3603-4a44-979e-d3e7cd7a24a0,911.5
91,91,A,Blawnox,BLAWNOX via Butler St,68,f6958db3-bf6f-452e-a0c4-6b6360c7528c,13195.9
91,91,A,Blawnox,BLAWNOX via Butler St,69,a64c0808-40e8-48e4-8e9b-b72daa7d95fb,12266.3
91,91,A,Blawnox,BLAWNOX via Butler St,70,e3457687-fc68-4915-b38d-fe7278e3ffd2,14184.2
91,91,A,Blawnox,BLAWNOX via Butler St,71,58b4b1ab-f1fd-4baa-8414-8d159845a7e9,4301.5
91,91,A,Blawnox,BLAWNOX via Butler St,72,978bd579-182a-4e6b-8da6-8bb677b113e6,6619.1
91,91,A,Blawnox,BLAWNOX via Butler St,73,a43394de-770b-473a-91fd-cd57d7cbb986,14701.6
91,91,A,Blawnox,BLAWNOX via Butler St,74,e5cba71b-564d-4121-999f-dde2acf6609c,6219.6
91,91,A,Blawnox,BLAWNOX via Butler St,75,217bd1a9-40c6-4bde-9d8d-61452bf33cfa,5000.7
91,91,A,Blawnox,BLAWNOX via Butler St,76,5be15225-d27b-41f2-b076-48a14b6a285b,5429.0
83,83,A,Downtown,OAKLAND - BEDFORD AV - DOWNTOWN,1,256e6a2a-0712-46b0-94e3-82cb50c78a17,3857.6
83,83,A,Downtown,OAKLAND - BEDFORD AV - DOWNTOWN,2,e0993bc9-e3de-4a60-876f-76d06d4e592f,8156.2
83,83,A,Downtown,OAKLAND - BEDFORD AV - DOWNTOWN,3,3f1fd45e-078c-445e-b44b-2f6b482771f6,9838.2
83,83,A,Downtown,OAKLAND - BEDFORD AV - DOWNTOWN,4,12423445-e5f3-47f6-a822-fc839a789660,6559.7
83,83,A,Downtown,OAKLAND - BEDFORD AV - DOWNTOWN,5,0bbdc29d-c3b6-47f4-8288-834932c774e9,3366.4
83,83,A,Downtown,OAKLAND - BEDFORD AV - DOWNTOWN,6,9bba82c4-35ff-42c1-9b00-255add9d572b,2478.1
83,83,A,Downtown,OAKLAND - BEDFORD AV - DOWNTOWN,7,ab35c266-48d1-4f50-8414-4ff9847b6221,4183.9
83,83,A,Downtown,OAKLAND - BEDFORD AV - DOWNTOWN,8,491ef73d-f0f1-40f9-91d3-87a462f2074d,10577.4
83,83,A,Downtown,OAKLAND - BEDFORD AV - DOWNTOWN,9,fe66c9bb-706b-448e-8a00-f046c5ff55fd,7320.0
83,83,A,Downtown,OAKLAND - BEDFORD AV - DOWNTOWN,10,dfe01880-cc2c-4ec6-8b38-8d2417a6cd2b,4467.7
83,83,A,Downtown,OAKLAND - BEDFORD AV - DOWNTOWN,11,53333962-8cb5-48dc-a64f-444f13ade6fd,8875.1
83,83,A,Downtown,OAKLAND - BEDFORD AV - DOWNTOWN,12,d159f460-063b-41ae-99ea-e2ea75a64d9b,3528.2
83,83,A,Downtown,OAKLAND - BEDFORD AV - DOWNTOWN,13,271d1a23-ba80-455a-ab37-4ab04d305dd8,6207.0
83,83,A,Downtown,OAKLAND - BEDFORD AV - DOWNTOWN,14,f8f0a8f7-8203-4a59-acd0-a6f249c0d42c,8008.4
83,83,A,Downtown,OAKLAND - BEDFORD AV - DOWNTOWN,15,6eca684c-9fd2-42c1-88d4-73a08cdd9439,2934.6
83,83,A,Downtown,OAKLAND - BEDFORD AV - DOWNTOWN,16,65fb58e4-2d94-4382-816b-14ae37914c47,321.0
83,83,A,Downtown,OAKLAND - BEDFORD AV - DOWNTOWN,17,e012875e-6cc7-4410-ba30-d13eb1ca5bac,9630.5
83,83,A,Downtown,OAKLAND - BEDFORD AV - DOWNTOWN,18,6da7b36e-053c-4368-a72c-2e7698c630b5,1.6
83,83,A,Downtown,OAKLAND - BEDFORD AV - DOWNTOWN,19,497e5e49-c275-4790-b9a5-9c16139e0e43,6379.4
83,83,A,Downtown,OAKLAND - BEDFORD AV - DOWNTOWN,20,4d5ab69f-7bf0-4d2c-8190-469ef03d22b2,5857.1
83,83,A,Downtown,OAKLAND - BEDFORD AV - DOWNTOWN,21,05724068-9854-4de0-a474-3cd9c26a5c66,8519.5
83,83,A,Downtown,OAKLAND - BEDFORD AV - DOWNTOWN,22,fc2e33f7-d14f-48a0-b010-a0a7e36bf16d,5264.1
83,83,A,Downtown,OAKLAND - BEDFORD AV - DOWNTOWN,23,4946c8d4-8996-4af2-8bcd-9f4f306edea2,5437.4
83,83,A,Downtown,OAKLAND - BEDFORD AV - DOWNTOWN,24,2e123f8f-d18e-4d5c-804f-a96e0dd57f54,3922.8
83,83,A,Downtown,OAKLAND - BEDFORD AV - DOWNTOWN,25,3ec4f4d5-9e46-4c73-bccd-799940d7f6ad,6899.8
83,83,A,Downtown,OAKLAND - BEDFORD AV - DOWNTOWN,26,e3f8eb50-5255-423e-93a5-22457afb39eb,7757.1
83,83,A,Downtown,OAKLAND - BEDFORD AV - DOWNTOWN,27,9ef52fcc-543a-4032-86fd-119b0c25a6d3,5689.9
83,83,A,Downtown,OAKLAND - BEDFORD AV - DOWNTOWN,28,4efd2107-6caf-462d-80d6-7002f8643e23,10192.5
83,83,A,Downtown,OAKLAND - BEDFORD AV - DOWNTOWN,29,bb919dae-3dcf-4a7b-9150-84f4ae8f32e4,8623.3
83,83,A,Downtown,OAKLAND - BEDFORD AV - DOWNTOWN,30,dc892e2e-1a2c-498d-93c5-f92a0b601361,3208.9
83,83,A,Downtown,OAKLAND - BEDFORD AV - DOWNTOWN,31,daca6da1-a781-49b4-ad12-91cc980c3c97,3709.9
83,83,A,Downtown,OAKLAND - BEDFORD AV - DOWNTOWN,32,266595dc-cba5-4abf-a0f6-f1995a10ef55,5020.7
83,83,A,Downtown,OAKLAND - BEDFORD AV - DOWNTOWN,33,b49e5251-8c19-4e95-a198-e03fed71c55d,463.3
83,83,A,Downtown,OAKLAND - BEDFORD AV - DOWNTOWN,34,a06859fa-c1ba-410b-ba3b-1b285616b3f8,7582.0
83,83,A,Downtown,OAKLAND - BEDFORD AV - DOWNTOWN,35,883572c9-85f0-4aba-be87-ef42e86352eb,9049.7
83,83,A,Downtown,OAKLAND - BEDFORD AV - DOWNTOWN,36,19f0fcc6-f276-4346-a2a9-b2ea5d233693,209.8
83,83,A,Downtown,OAKLAND - BEDFORD AV - DOWNTOWN,37,8ebcdba2-c08a-4be7-b631-6346a9c7082a,7158.4
83,83,A,Downtown,OAKLAND - BEDFORD AV - DOWNTOWN,38,524592a9-cde2-4984-b84e-43b59bea1829,4257.4
83,83,A,Downtown,OAKLAND - BEDFORD AV - DOWNTOWN,39,5eaed634-56e7-41cf-8293-2bb8ae25dcd0,5548.4
83,83,A,Downtown,OAKLAND - BEDFORD AV - DOWNTOWN,40,316ef3b1-32cb-42fb-b763-d5e53d0394c6,6730.5
83,83,A,South Side,BEDFORD AV - OAKLAND - SOUTH SIDE,1,bc1bd3c1-6c03-463e-b039-f8f772429bc5,5214.9
83,83,A,South Side,BEDFORD AV - OAKLAND - SOUTH SIDE,2,6da7b36e-053c-4368-a72c-2e7698c630b5,10407.6
83,83,A,South Side,BEDFORD AV - OAKLAND - SOUTH SIDE,3,9844289e-9689-49fd-b06c-8c2d24581702,2930.2
83,83,A,South Side,BEDFORD AV - OAKLAND - SOUTH SIDE,4,0a5001e3-10d5-4778-84f5-3424c05f85ce,6809.6
83,83,A,South Side,BEDFORD AV - OAKLAND - SOUTH SIDE,5,d7f0af6f-05d5-4265-8ba3-c42d9be298bf,3518.5
83,83,A,South Side,BEDFORD AV - OAKLAND - SOUTH SIDE,6,e09a0025-3491-4806-952b-05e1b3dfa68f,4371.2
83,83,A,South Side,BEDFORD AV - OAKLAND - SOUTH SIDE,7,c583d5c2-deea-4662-8ff0-8db2d863017d,570.3
83,83,A,South Side,BEDFORD AV - OAKLAND - SOUTH SIDE,8,80cac3c3-6f2b-4e18-9ead-20181aa12ce6,4144.3
83,83,A,South Side,BEDFORD AV - OAKLAND - SOUTH SIDE,9,13d2a987-bfab-4a72-92d9-bf8dd286a060,381.6
83,83,A,South Side,BEDFORD AV - OAKLAND - SOUTH SIDE,10,491ef73d-f0f1-40f9-91d3-87a462f2074d,1.8
83,83,A,South Side,BEDFORD AV - OAKLAND - SOUTH SIDE,11,13a72a74-f19e-4179-a71b-5991c4e0a0ec,1598.1
83,83,A,South Side,BEDFORD AV - OAKLAND - SOUTH SIDE,12,519068ba-e445-4fc1-871a-aff60327d849,4289.1
83,83,A,South Side,BEDFORD AV - OAKLAND - SOUTH SIDE,13,2d7ffab4-7132-48ba-82d8-b1107d05f3da,7546.5
83,83,A,South Side,BEDFORD AV - OAKLAND - SOUTH SIDE,14,8cc222fc-2ab1-432f-9cc6-33ff61426f36,4701.9
83,83,A,South Side,BEDFORD AV - OAKLAND - SOUTH SIDE,15,970f5e9c-fe8a-4b93-b8f3-c489dd93c465,9958.0
83,83,A,South Side,BEDFORD AV - OAKLAND - SOUTH SIDE,16,2bb66cb3-fbb0-4d2b-9876-225dd481051f,8046.1
83,83,A,South Side,BEDFORD AV - OAKLAND - SOUTH SIDE,17,9565e69e-7863-4815-9ce2-5a46e91477c0,3685.5
83,83,A,South Side,BEDFORD AV - OAKLAND - SOUTH SIDE,18,9f1ac293-21ae-4fe8-8288-285ecc944aeb,10094.3
83,83,A,South Side,BEDFORD AV - OAKLAND - SOUTH SIDE,19,77573940-3b8e-4b1a-8198-e010ac927c31,6283.8
83,83,A,South Side,BEDFORD AV - OAKLAND - SOUTH SIDE,20,fe1ad508-9e53-4dea-9938-298d97daa970,10200.8
83,83,A,South Side,BEDFORD AV - OAKLAND - SOUTH SIDE,21,ea83a645-3808-4dff-aa2a-6c2617e9a37a,189.7
83,83,A,South Side,BEDFORD AV - OAKLAND - SOUTH SIDE,22,9c9476cb-50f2-4142-abf2-d880fa67a7b5,6073.9
83,83,A,South Side,BEDFORD AV - OAKLAND - SOUTH SIDE,23,7d07c75d-ccc4-405b-83f6-aa9269894675,1796.6
83,83,A,South Side,BEDFORD AV - OAKLAND - SOUTH SIDE,24,23b8bb4b-fbae-4979-bfae-95fc3477dff2,3093.0
83,83,A,South Side,BEDFORD AV - OAKLAND - SOUTH SIDE,25,94626438-bcde-4277-b000-20c1dd4a6050,7327.3
83,83,A,South Side,BEDFORD AV - OAKLAND - SOUTH SIDE,26,266595dc-cba5-4abf-a0f6-f1995a10ef55,5598.4
83,83,A,South Side,BEDFORD AV - OAKLAND - SOUTH SIDE,27,85b0b81d-e101-4736-bfd6-799a78a9581f,6983.5
83,83,A,South Side,BEDFORD AV - OAKLAND - SOUTH SIDE,28,763329ed-fb2d-4522-ba5a-007c489ea65d,6386.2
83,83,A,South Side,BEDFORD AV - OAKLAND - SOUTH SIDE,29,192160c1-d7b1-4615-8c2a-ae411353a7c7,2256.6
83,83,A,South Side,BEDFORD AV - OAKLAND - SOUTH SIDE,30,91e90abd-e23a-4ffd-b8ff-0885e79996c9,5095.9
83,83,A,South Side,BEDFORD AV - OAKLAND - SOUTH SIDE,31,6790e11f-dd89-44b2-b0b2-babb608199f3,7163.9
83,83,A,South Side,BEDFORD AV - OAKLAND - SOUTH SIDE,32,a7999234-b8e2-4cf6-83f7-7f9cd5935be2,3926.7
83,83,A,South Side,BEDFORD AV - OAKLAND - SOUTH SIDE,33,8a5b12de-8e7b-442e-920c-d06eca9ae149,4576.9
83,83,A,South Side,BEDFORD AV - OAKLAND - SOUTH SIDE,34,1a8018d1-c84a-4d3e-877a-5c4107f3977a,1356.4
83,83,A,South Side,BEDFORD AV - OAKLAND - SOUTH SIDE,35,50a135df-38cb-4e15-9cfb-73a22de35445,7044.9
83,83,A,South Side,BEDFORD AV - OAKLAND - SOUTH SIDE,36,86c12d08-c52e-479b-9de3-f575cb7adf3e,3249.4
83,83,A,South Side,BEDFORD AV - OAKLAND - SOUTH SIDE,37,1fbf4cd9-0720-4de3-981f-9a9489748153,1692.9
83,83,A,South Side,BEDFORD AV - OAKLAND - SOUTH SIDE,38,4d5ab69f-7bf0-4d2c-8190-469ef03d22b2,4784.3
83,83,A,South Side,BEDFORD AV - OAKLAND - SOUTH SIDE,39,79e420de-1806-4c63-8c99-2b54de75d561,4930.1
83,83,A,South Side,BEDFORD AV - OAKLAND - SOUTH SIDE,40,75107668-2442-41a7-be45-51ca933ae982,2658.0
83,83,A,South Side,BEDFORD AV - OAKLAND - SOUTH SIDE,41,31810435-8f77-4810-a7f0-6845553b8712,6566.7
83,83,A,South Side,BEDFORD AV - OAKLAND - SOUTH SIDE,42,719b2f18-7c04-4c54-8192-d41598b56892,1016.6
83,83,A,South Side,BEDFORD AV - OAKLAND - SOUTH SIDE,43,aaa1bec9-01a7-41d0-bb25-08b1d1cf72f9,1970.9
83,83,A,South Side,BEDFORD AV - OAKLAND - SOUTH SIDE,44,efa6f1a7-cbfe-43e6-9150-502881de263e,6673.7
83,83,A,South Side,BEDFORD AV - OAKLAND - SOUTH SIDE,45,51d8d4b7-59eb-4253-aae1-96746a2004ef,2407.8
78S,78,A,Wilkinsburg,"WILKINSBURG via Oakmont, Verona, Penn Hills",1,098b6b87-73dd-4161-a7c0-b1557f89d608,881.5
78S,78,A,Wilkinsburg,"WILKINSBURG via Oakmont, Verona, Penn Hills",2,67f826c2-46aa-450c-99a6-47dcd7007eaf,5640.7
78S,78,A,Wilkinsburg,"WILKINSBURG via Oakmont, Verona, Penn Hills",3,ded452df-279d-40df-9bf6-95e0d1f728b0,4781.5
78S,78,A,Wilkinsburg,"WILKINSBURG via Oakmont, Verona, Penn Hills",4,d5efb4bc-f496-4349-ab21-dc48ed61201d,12663.2
78S,78,A,Wilkinsburg,"WILKINSBURG via Oakmont, Verona, Penn Hills",5,a8f76f7f-878f-44ac-bc26-760743957d19,13435.0
78S,78,A,Wilkinsburg,"WILKINSBURG via Oakmont, Verona, Penn Hills",6,e7138ef5-87b3-4519-addf-67b4f199759d,11045.2
78S,78,A,Wilkinsburg,"WILKINSBURG via Oakmont, Verona, Penn Hills",7,b4cb07cf-f298-4006-81b9-21fd37dd75bf,6216.7
78S,78,A,Wilkinsburg,"WILKINSBURG via Oakmont, Verona, Penn Hills",8,292d433f-51c6-42cc-9b2a-d796d2094644,4246.1
78S,78,A,Wilkinsburg,"WILKINSBURG via Oakmont, Verona, Penn Hills",9,2262c80e-53c7-44ba-822d-5f2bf0d28a59,16531.7
78S,78,A,Wilkinsburg,"WILKINSBURG via Oakmont, Verona, Penn Hills",10,dcb05b97-66c2-4414-913e-5adbc0826514,15944.1
78S,78,A,Wilkinsburg,"WILKINSBURG via Oakmont, Verona, Penn Hills",11,b44a16de-e0ea-4515-84a9-14eb09fcf4fe,9185.5
78S,78,A,Wilkinsburg,"WILKINSBURG via Oakmont, Verona, Penn Hills",12,584d8588-ebae-4211-b531-f18707ae743d,15696.1
78S,78,A,Wilkinsburg,"WILKINSBURG via Oakmont, Verona, Penn Hills",13,caf25b9a-1ad8-4457-bbd2-cbba241569a3,15132.2
78S,78,A,Wilkinsburg,"WILKINSBURG via Oakmont, Verona, Penn Hills",14,8e65a4e1-c0fe-4a5d-b6d6-cf02dfef3702,15389.1
78S,78,A,Wilkinsburg,"WILKINSBURG via Oakmont, Verona, Penn Hills",15,55f54722-0d5f-418a-aefa-422d523eef71,1877.3
78S,78,A,Wilkinsburg,"WILKINSBURG via Oakmont, Verona, Penn Hills",16,51f25b54-be27-4a83-8525-b4ffb7eecbd0,12781.3
78S,78,A,Wilkinsburg,"WILKINSBURG via Oakmont, Verona, Penn Hills",17,63aeab5f-ad2a-4c51-b4cd-a21b3066a189,16765.7
78S,78,A,Wilkinsburg,"WILKINSBURG via Oakmont, Verona, Penn Hills",18,6eea085c-6e85-40a2-9834-37a656c3ee9f,1063.5
78S,78,A,Wilkinsburg,"WILKINSBURG via Oakmont, Verona, Penn Hills",19,de19b31b-5da1-4823-b6b9-f9e8d8e8f8f3,4529.9
78S,78,A,Wilkinsburg,"WILKINSBURG via Oakmont, Verona, Penn Hills",20,0bacfc28-9ad9-4d35-a7dc-d058f8008223,7.0
78S,78,A,Wilkinsburg,"WILKINSBURG via Oakmont, Verona, Penn Hills",21,4a08971b-729f-4c12-9ccc-23593a33e2be,9609.6
78S,78,A,Wilkinsburg,"WILKINSBURG via Oakmont, Verona, Penn Hills",22,1705cd16-63a5-439c-ab5f-196fa7a25548,14727.1
78S,78,A,Wilkinsburg,"WILKINSBURG via Oakmont, Verona, Penn Hills",23,aefe2859-d201-4467-8cb8-65da8ce37f38,12064.4
78S,78,A,Wilkinsburg,"WILKINSBURG via Oakmont, Verona, Penn Hills",24,7c5276f9-1c9a-4ad3-9905-161c980d713b,9009.9
78S,78,A,Wilkinsburg,"WILKINSBURG via Oakmont, Verona, Penn Hills",25,c50e7a47-1415-42bb-96ae-7c2d12e5a27b,16271.3
78S,78,A,Wilkinsburg,"WILKINSBURG via Oakmont, Verona, Penn Hills",26,d0697cc1-2349-4a0d-9d25-229ca9c3598a,13318.3
78S,78,A,Wilkinsburg,"WILKINSBURG via Oakmont, Verona, Penn Hills",27,85eb5038-be25-4335-a889-60ea592feb1e,3671.8
78S,78,A,Wilkinsburg,"WILKINSBURG via Oakmont, Verona, Penn Hills",28,f64c5aa6-3271-4bc0-9312-03e122f544dc,16994.4
78S,78,A,Wilkinsburg,"WILKINSBURG via Oakmont, Verona, Penn Hills",29,d41a9bec-d74c-4025-9769-5e69f186ec85,11467.4
78S,78,A,Wilkinsburg,"WILKINSBURG via Oakmont, Verona, Penn Hills",30,c05e63dc-46e2-4780-a4a7-406e2277e0f5,11733.2
78S,78,A,Wilkinsburg,"WILKINSBURG via Oakmont, Verona, Penn Hills",31,0dd509ae-c023-4867-b41c-bb76e88818a0,16638.4
78S,78,A,Wilkinsburg,"WILKINSBURG via Oakmont, Verona, Penn Hills",32,dd385507-df3b-47a9-88ca-797c2f7fa654,456.7
78S,78,A,Wilkinsburg,"WILKINSBURG via Oakmont, Verona, Penn Hills",33,cb1cf4cc-bdcc-40c2-84be-f17d2cee7570,16163.7
78S,78,A,Wilkinsburg,"WILKINSBURG via Oakmont, Verona, Penn Hills",34,bde3bfa5-d9e1-4c2c-b6f9-fc3d499aa543,15791.0
78S,78,A,Wilkinsburg,"WILKINSBURG via Oakmont, Verona, Penn Hills",35,987b1522-56b9-46aa-8e9c-1ea7d9473cb5,8778.8
78S,78,A,Wilkinsburg,"WILKINSBURG via Oakmont, Verona, Penn Hills",36,d1e7d698-9371-42cf-9375-44eb0936fd19,8011.3
78S,78,A,Wilkinsburg,"WILKINSBURG via Oakmont, Verona, Penn Hills",37,be776397-f4fc-4f5a-bac6-3dfa6d12c7c2,13742.3
78S,78,A,Wilkinsburg,"WILKINSBURG via Oakmont, Verona, Penn Hills",38,4ba74a5e-9b35-4d47-aaa9-163e0a4c6613,14389.7
78S,78,A,Wilkinsburg,"WILKINSBURG via Oakmont, Verona, Penn Hills",39,b1c082d7-6363-4be6-83cc-30a38b0783a9,7442.9
78S,78,A,Wilkinsburg,"WILKINSBURG via Oakmont, Verona, Penn Hills",40,37095c93-bbe7-4038-a4b4-6b867eb52e97,6826.4
78S,78,A,Wilkinsburg,"WILKINSBURG via Oakmont, Verona, Penn Hills",41,ef89779e-85e8-4f3f-9eea-5a043e96cb26,7790.0
78S,78,A,Wilkinsburg,"WILKINSBURG via Oakmont, Verona, Penn Hills",42,4d33ccb7-1907-4c1a-adc1-5eada385d8c8,14964.2
78S,78,A,Wilkinsburg,"WILKINSBURG via Oakmont, Verona, Penn Hills",43,d8aae0ef-27bc-4407-bbaa-bb18f291de48,13894.5
78S,78,A,Wilkinsburg,"WILKINSBURG via Oakmont, Verona, Penn Hills",44,e86dbe34-17a2-4172-8657-fb0cd6deb9dd,14563.3
78S,78,A,Wilkinsburg,"WILKINSBURG via Oakmont, Verona, Penn Hills",45,4d26392f-7e5a-4593-8a8e-6e3080efaceb,6541.6
78S,78,A,Wilkinsburg,"WILKINSBURG via Oakmont, Verona, Penn Hills",46,298df750-88e0-405c-983b-0f515a7e1c9e,8227.3
78S,78,A,Wilkinsburg,"WILKINSBURG via Oakmont, Verona, Penn Hills",47,7b732db8-498a-4dc7-957b-194d153a6803,14834.9
78S,78,A,Wilkinsburg,"WILKINSBURG via Oakmont, Verona, Penn Hills",48,4eb3e90a-1e03-4e37-9626-ba857b381a75,2414.2
78S,78,A,Wilkinsburg,"WILKINSBURG via Oakmont, Verona, Penn Hills",49,b4215601-f6df-4467-b64e-b118b54826b7,7024.9
78S,78,A,Wilkinsburg,"WILKINSBURG via Oakmont, Verona, Penn Hills",50,8e2f845c-f288-43b0-a3a4-0777968a11ad,6114.9
78S,78,A,Wilkinsburg,"WILKINSBURG via Oakmont, Verona, Penn Hills",51,4a974ceb-2bf8-4f1f-b5e7-a0988e7fb48e,16035.9
78S,78,A,Wilkinsburg,"WILKINSBURG via Oakmont, Verona, Penn Hills",52,1f2c99dd-7f0a-4ec5-b75c-5e355768ad11,7144.8
78S,78,A,Wilkinsburg,"WILKINSBURG via Oakmont, Verona, Penn Hills",53,677f9d25-dd47-4020-96ca-e4b7118d4ccf,13114.5
78S,78,A,Wilkinsburg,"WILKINSBURG via Oakmont, Verona, Penn Hills",54,c64f89ee-a379-4d2e-a6a8-0363ce1fcaed,13594.4
78S,78,A,Wilkinsburg,"WILKINSBURG via Oakmont, Verona, Penn Hills",55,b79ab137-b4bb-49e1-90dd-30f6d5626229,5838.7
78S,78,A,Wilkinsburg,"WILKINSBURG via Oakmont, Verona, Penn Hills",56,cd765ff9-4a2c-4c48-bd40-a2c224652834,3350
78S,78,A,Wilkinsburg,"WILKINSBURG via Oakmont, Verona, Penn Hills",57,a78ae2ce-5872-4cb4-93ac-bcf381728e37,12307.6
78S,78,A,Wilkinsburg,"WILKINSBURG via Oakmont, Verona, Penn Hills",58,3b59a5ff-5cba-4860-b48d-e5cbe13fd6bd,3896.1
78S,78,A,Wilkinsburg,"WILKINSBURG via Oakmont, Verona, Penn Hills",59,bdc5f5a5-b1ce-4e6e-935f-4d75ae176882,15562.1
78S,78,A,Wilkinsburg,"WILKINSBURG via Oakmont, Verona, Penn Hills",60,fcdce1c8-dc4d-422f-9ca1-61fb785d8bcf,4371.7
78S,78,A,Wilkinsburg,"WILKINSBURG via Oakmont, Verona, Penn Hills",61,6708c150-da0b-438a-81f3-2ace34f73405,8415.1
78S,78,A,Wilkinsburg,"WILKINSBURG via Oakmont, Verona, Penn Hills",62,d915acbd-c990-40d5-b9bc-fb603335a3b9,14125.6
78S,78,A,Wilkinsburg,"WILKINSBURG via Oakmont, Verona, Penn Hills",63,1e874618-61da-4aff-94ce-de02452ddb79,4091.6
78S,78,A,Wilkinsburg,"WILKINSBURG via Oakmont, Verona, Penn Hills",64,6c8dd125-3c0b-4c18-8570-dce01608030b,1632.5
78S,78,A,Harmar,"HARMAR via Penn Hills, Verona, Oakmont",1,d4c23696-05f7-4e2b-b36d-0121c4aa186b,3933.6
78S,78,A,Harmar,"HARMAR via Penn Hills, Verona, Oakmont",2,973e6cad-3e9d-4f9f-9346-b84eee7e5d58,2708.0
78S,78,A,Harmar,"HARMAR via Penn Hills, Verona, Oakmont",3,66020418-19e0-4be4-b96e-9a29be98add7,1459.5
78S,78,A,Harmar,"HARMAR via Penn Hills, Verona, Oakmont",4,75c76d72-209c-4b63-94a5-4c9377521279,1809.7
78S,78,A,Harmar,"HARMAR via Penn Hills, Verona, Oakmont",5,7d3f5967-e688-4a85-98ee-0c2b6ef885d4,13022.0
78S,78,A,Harmar,"HARMAR via Penn Hills, Verona, Oakmont",6,7a852a61-055f-4f89-9d39-6c59bb2f5bb3,9612.6
78S,78,A,Harmar,"HARMAR via Penn Hills, Verona, Oakmont",7,d490ee80-5394-4252-9a13-ba14afa6a424,15512.5
78S,78,A,Harmar,"HARMAR via Penn Hills, Verona, Oakmont",8,cbefd82a-07a3-4d99-b958-f95151838539,464.7
78S,78,A,Harmar,"HARMAR via Penn Hills, Verona, Oakmont",9,e6a56f37-8d49-444c-b99d-8e4d70db853a,3001.8
78S,78,A,Harmar,"HARMAR via Penn Hills, Verona, Oakmont",10,85810521-d968-4720-a754-2748964188c7,11127.2
78S,78,A,Harmar,"HARMAR via Penn Hills, Verona, Oakmont",11,565962cc-997f-4917-878b-831d70da55de,3272.3
78S,78,A,Harmar,"HARMAR via Penn Hills, Verona, Oakmont",12,bc6315e4-4464-4a93-871b-29fc7f15fcc8,13705.3
78S,78,A,Harmar,"HARMAR via Penn Hills, Verona, Oakmont",13,beca7342-de9a-4e5f-b3d5-98f305414b6d,5682.0
78S,78,A,Harmar,"HARMAR via Penn Hills, Verona, Oakmont",14,2a426ebf-407b-444b-a3e2-b59d15be56f5,5897.2
78S,78,A,Harmar,"HARMAR via Penn Hills, Verona, Oakmont",15,d6d23a27-ff01-47f8-bc8c-6dbb12727889,1698.8
78S,78,A,Harmar,"HARMAR via Penn Hills, Verona, Oakmont",16,7c838cd7-b739-47c5-8526-81a135af6f04,1156.7
78S,78,A,Harmar,"HARMAR via Penn Hills, Verona, Oakmont",17,a372b91a-d3e8-4f46-938d-295c2e006c07,16678.6
78S,78,A,Harmar,"HARMAR via Penn Hills, Verona, Oakmont",18,6f13fca2-6636-4a24-b1db-14ce435ec6e5,16106.5
78S,78,A,Harmar,"HARMAR via Penn Hills, Verona, Oakmont",19,35eaf546-371a-4d19-a090-9e5045a65a63,920.9
78S,78,A,Harmar,"HARMAR via Penn Hills, Verona, Oakmont",20,81a2dd06-9fcc-4f59-9efc-b74d6f613803,12409.1
78S,78,A,Harmar,"HARMAR via Penn Hills, Verona, Oakmont",21,456458ec-2e72-44e3-9d5f-53d0b8f31f1b,11958.2
78S,78,A,Harmar,"HARMAR via Penn Hills, Verona, Oakmont",22,e57d304d-9feb-4b49-8c80-eb6efcab819b,8378.5
78S,78,A,Harmar,"HARMAR via Penn Hills, Verona, Oakmont",23,4c91558d-aa4f-4a75-960b-f54b4249fd16,2573.4
78S,78,A,Harmar,"HARMAR via Penn Hills, Verona, Oakmont",24,8618229e-8dbb-4242-9918-7b781c934fcb,13838.7
78S,78,A,Harmar,"HARMAR via Penn Hills, Verona, Oakmont",25,ecd6f78c-222d-4439-985b-9b34590ffec4,2350.2
78S,78,A,Harmar,"HARMAR via Penn Hills, Verona, Oakmont",26,7891abf0-2c50-4a90-ad1f-71cbc3011fa0,2217.8
78S,78,A,Harmar,"HARMAR via Penn Hills, Verona, Oakmont",27,fdc577c1-46fe-4ecf-9748-13a623d80db4,4312.7
78S,78,A,Harmar,"HARMAR via Penn Hills, Verona, Oakmont",28,b5de58c1-77f6-4600-bd88-a8a648f69b3b,10571.1
78S,78,A,Harmar,"HARMAR via Penn Hills, Verona, Oakmont",29,11537b05-3631-4da4-a630-05b5654f1c98,2013.6
78S,78,A,Harmar,"HARMAR via Penn Hills, Verona, Oakmont",30,562f68d8-ab31-472b-88bd-55633cc53dca,1364.9
78S,78,A,Harmar,"HARMAR via Penn Hills, Verona, Oakmont",31,5dbd40f2-f37a-4170-98bf-a7fb52a7949a,13169.6
78S,78,A,Harmar,"HARMAR via Penn Hills, Verona, Oakmont",32,59305476-5f20-4f0e-84b5-7b760d3ef6e3,2844.0
78S,78,A,Harmar,"HARMAR via Penn Hills, Verona, Oakmont",33,01e1b031-7c96-4d32-a4d6-d519db22a064,10245.4
78S,78,A,Harmar,"HARMAR via Penn Hills, Verona, Oakmont",34,2d894638-ea91-4889-88a8-25c8fa015387,5544.9
78S,78,A,Harmar,"HARMAR via Penn Hills, Verona, Oakmont",35,7187b527-1f39-43fc-bf2e-7b140cd2c4ab,12765.8
78S,78,A,Harmar,"HARMAR via Penn Hills, Verona, Oakmont",36,b46f7434-d6b0-498d-83ae-afa2e9ee1a81,4743.5
78S,78,A,Harmar,"HARMAR via Penn Hills, Verona, Oakmont",37,f14e0a35-eea9-499e-90af-f7c3240609c8,15771.6
78S,78,A,Harmar,"HARMAR via Penn Hills, Verona, Oakmont",38,21a923c7-0e26-49ea-a56d-41bb005bb7f1,2437.5
78S,78,A,Harmar,"HARMAR via Penn Hills, Verona, Oakmont",39,8a3b1f8d-5960-49a4-8cc1-0e89b2b3f739,774.6
78S,78,A,Harmar,"HARMAR via Penn Hills, Verona, Oakmont",40,06518da0-5d59-483a-bc85-120be8b6ef95,4631.1
78S,78,A,Harmar,"HARMAR via Penn Hills, Verona, Oakmont",41,9f82fb71-3b1f-4f21-8426-a3e1f6d6f2d6,9378.3
78S,78,A,Harmar,"HARMAR via Penn Hills, Verona, Oakmont",42,f05bb402-5c6a-431e-b693-ea1c9d41e1ee,11769.6
78S,78,A,Harmar,"HARMAR via Penn Hills, Verona, Oakmont",43,6ba4b08c-2a5d-4998-86d4-ab92017c7ade,12854.5
78S,78,A,Harmar,"HARMAR via Penn Hills, Verona, Oakmont",44,5816d431-c833-4ecc-aa93-c3e86ad7f0cf,10394.3
78S,78,A,Harmar,"HARMAR via Penn Hills, Verona, Oakmont",45,7bd1f0a1-3122-419d-b212-9942d136c320,0
78S,78,A,Harmar,"HARMAR via Penn Hills, Verona, Oakmont",46,f3e8b2fd-da33-43b9-805d-d53834ca57c2,10854.6
78S,78,A,Harmar,"HARMAR via Penn Hills, Verona, Oakmont",47,999c0266-e9d8-4045-bbd6-2b8bb2cb382c,3798.9
78S,78,A,Harmar,"HARMAR via Penn Hills, Verona, Oakmont",48,25478a73-1cea-452b-b32f-0ea8be920d30,14074.1
78S,78,A,Harmar,"HARMAR via Penn Hills, Verona, Oakmont",49,92b589b2-5b50-4ba9-834d-d0d62b279078,9161.1
78S,78,A,Harmar,"HARMAR via Penn Hills, Verona, Oakmont",50,7bdef85a-9ce7-471e-959f-d69a8eacb943,5093.6
78S,78,A,Harmar,"HARMAR via Penn Hills, Verona, Oakmont",51,74bb2938-dbd9-4c1a-a06a-c74b5b416acb,6385.5
78S,78,A,Harmar,"HARMAR via Penn Hills, Verona, Oakmont",52,8c0c34b9-340c-405e-8eeb-6c68bf360e02,5335.3
78S,78,A,Harmar,"HARMAR via Penn Hills, Verona, Oakmont",53,8e9fe553-d8e2-4b0a-8187-f1cb92f96f56,3500.4
78S,78,A,Harmar,"HARMAR via Penn Hills, Verona, Oakmont",54,369a2515-0ef5-4c06-b3bb-0682d9cd2d94,9957.8
78S,78,A,Harmar,"HARMAR via Penn Hills, Verona, Oakmont",55,0a197c17-43c2-483b-bff0-7763be016530,13303.8
78S,78,A,Harmar,"HARMAR via Penn Hills, Verona, Oakmont",56,693e0c4f-e841-4d53-a50f-73362528df2f,1603.5
78S,78,A,Harmar,"HARMAR via Penn Hills, Verona, Oakmont",57,7687b567-2b74-486f-a0e6-63c4ab93ffaf,14901.7
78S,78,A,Harmar,"HARMAR via Penn Hills, Verona, Oakmont",58,39d053d1-7c5d-4b20-8d11-5336951d68b4,3653.0
78S,78,A,Harmar,"HARMAR via Penn Hills, Verona, Oakmont",59,74e4285e-afbe-428c-a67a-7c906f4d77fb,13491.0
78S,78,A,Harmar,"HARMAR via Penn Hills, Verona, Oakmont",60,a693f96a-cb14-45d1-bf26-b169abf7db89,8931.8
78S,78,A,Harmar,"HARMAR via Penn Hills, Verona, Oakmont",61,e48dae37-eea1-47b4-90ae-e6da4f2765ac,1025.7
78S,78,A,Harmar,"HARMAR via Penn Hills, Verona, Oakmont",62,91738df2-51dc-402a-aeca-c66acb487382,8626.3
78S,78,A,Harmar,"HARMAR via Penn Hills, Verona, Oakmont",63,f673f0fa-ecf8-40d3-9cc0-4ea962c5add3,11546.8
78S,78,A,Harmar,"HARMAR via Penn Hills, Verona, Oakmont",64,8997e3bb-1e23-46f1-8c84-d4d731b785d0,8232.7
78S,78,A,Harmar,"HARMAR via Penn Hills, Verona, Oakmont",65,0bacfc28-9ad9-4d35-a7dc-d058f8008223,16917.5
52L,52L,A,Downtown,SWISSVALE,1,b13b0282-cc07-4b11-875f-729458149baf,4526.3
52L,52L,A,Downtown,SWISSVALE,2,17aa280b-eb4f-45da-9486-7c52942f15ef,3708.8
52L,52L,A,Downtown,SWISSVALE,3,c0e93451-72b7-4ecd-875a-5bb0fd1c95ea,0.1
52L,52L,A,Downtown,SWISSVALE,4,dff930aa-afbc-42a5-9fd7-c4a8ef26258f,5784.2
52L,52L,A,Downtown,SWISSVALE,5,d3c0cdb8-6628-4c8e-b5e9-c24fefa721a2,19916.5
52L,52L,A,Downtown,SWISSVALE,6,4eadb2fe-a6a8-4015-9a9a-98837e9d8fb8,29851.9
52L,52L,A,Downtown,SWISSVALE,7,7c683e55-0818-4779-a116-a647ecf3efdc,16235.7
52L,52L,A,Downtown,SWISSVALE,8,0a76baeb-f8c5-46af-a6f5-1759d09c21ad,5323.2
52L,52L,A,Downtown,SWISSVALE,9,c782296a-08a2-447f-97a4-9eb5453d1e67,14791.8
52L,52L,A,Downtown,SWISSVALE,10,d727d78c-406b-4c5c-b662-01c6ca1da2ce,11574.5
52L,52L,A,Downtown,SWISSVALE,11,fee5c388-171d-430f-b234-90e221dd77ab,10501.0
52L,52L,A,Downtown,SWISSVALE,12,d8fb5295-830b-4cb6-a659-c00e04ad7794,5183.1
52L,52L,A,Downtown,SWISSVALE,13,860a8b2e-5c09-4507-b495-cd25c56f84bd,447.4
52L,52L,A,Downtown,SWISSVALE,14,f3fc6092-4328-4a7b-9686-4cca9806458e,10619.8
52L,52L,A,Downtown,SWISSVALE,15,f64c5aa6-3271-4bc0-9312-03e122f544dc,18729.3
52L,52L,A,Downtown,SWISSVALE,16,fb6b8f54-1d7b-4380-af92-2ec655bcc0c9,1505.1
52L,52L,A,Downtown,SWISSVALE,17,c571252c-9779-4beb-b579-e5d59ffa0f48,16873.5
52L,52L,A,Downtown,SWISSVALE,18,162c1965-982f-498e-ab2a-7ce2fe512c48,7279.5
52L,52L,A,Downtown,SWISSVALE,19,305e12af-64b0-4ac6-ac4c-428c1dc9fd9c,29039.1
52L,52L,A,Downtown,SWISSVALE,20,8174987a-42cf-4f14-b0c8-b4ca644eb950,3308.8
52L,52L,A,Downtown,SWISSVALE,21,fbfe31f5-d77a-49b9-9731-d53523655a62,1075.9
52L,52L,A,Downtown,SWISSVALE,22,56c48ac4-ec6a-40a0-9b07-bb9dd935fa7d,7906.4
52L,52L,A,Downtown,SWISSVALE,23,0f63b30e-2d1c-44d4-a7b2-4959ce54e015,8138.2
52L,52L,A,Downtown,SWISSVALE,24,929edd2b-8877-4c5e-970d-0f93d15bfba1,18360.7
52L,52L,A,Downtown,SWISSVALE,25,b1888d57-373e-4c12-a8a1-98b9ce274a69,17049.4
52L,52L,A,Downtown,SWISSVALE,26,0c2c3ae4-7e7f-4607-8b03-53f618ba60b3,17647.0
52L,52L,A,Downtown,SWISSVALE,27,e95b2eec-5f83-4624-adde-95ddb9957af9,4899.0
52L,52L,A,Downtown,SWISSVALE,28,7295c9ea-ea23-43ae-b0a7-50306dfdc52d,10368.5
52L,52L,A,Downtown,SWISSVALE,29,35bc84da-1d27-4edf-9f90-0b5e0e95752b,12439.6
52L,52L,A,Downtown,SWISSVALE,30,973c6cb5-80c7-40e5-98be-5f01980581ed,255.3
52L,52L,A,Downtown,SWISSVALE,31,64fbce7d-6c5a-44a8-bea1-4851834171b7,16602.7
52L,52L,A,Downtown,SWISSVALE,32,869e1bc6-18ac-46f7-bc0e-d21b7830f540,14310.7
52L,52L,A,Downtown,SWISSVALE,33,01cf1d34-2079-4959-9ca0-bef3ba7528d5,16346.7
52L,52L,A,Downtown,SWISSVALE,34,9613a776-dabb-464f-9b84-971d80ba93ec,7095.1
52L,52L,A,Downtown,SWISSVALE,35,30b4c09d-96ce-43a6-83fe-aef7332ed349,16715.9
52L,52L,A,Downtown,SWISSVALE,36,feb70f90-9765-4f56-85ee-b4deb8d9e572,667.8
52L,52L,A,Downtown,SWISSVALE,37,6693d607-a0c6-4059-a00d-38ce2df1fcd8,15629.5
52L,52L,A,Downtown,SWISSVALE,38,44de07e0-a817-4d97-9549-f0755b3f649d,1327.5
52L,52L,A,Downtown,SWISSVALE,39,4fe312f3-3d35-499b-94ab-aad452a29a62,5500.5
52L,52L,A,Downtown,SWISSVALE,40,b744ccf8-d175-4830-9cce-f0767f804e50,10024.5
52L,52L,A,Downtown,SWISSVALE,41,72fee576-2b4a-44a7-9206-d89b78fae539,9549.6
52L,52L,A,Downtown,SWISSVALE,42,9e951a43-d8e3-418c-aca3-0ffcecf6ef00,17156.4
52L,52L,A,Downtown,SWISSVALE,43,47ff4298-7b84-4a69-a924-c76c52955537,29669.4
52L,52L,A,Downtown,SWISSVALE,44,7b3592c0-8ae3-40d2-b649-7e69fd87ecb5,16483.7
52L,52L,A,Downtown,SWISSVALE,45,027a2d07-dee9-4671-b63d-7282b8a88e10,29313.4
52L,52L,A,Downtown,SWISSVALE,46,9af5beb7-0a70-4fa7-845f-f912eeb7c345,10789.6
52L,52L,A,Downtown,SWISSVALE,47,ac89f223-1840-4838-a182-7c29beca4682,4711.1
52L,52L,A,Downtown,SWISSVALE,48,4edb4697-2d4c-4517-bc1d-7ddb15d64f62,11711.5
52L,52L,A,Downtown,SWISSVALE,49,3672602c-3e6c-4c89-a239-908480a25143,23012.6
52L,52L,A,Downtown,SWISSVALE,50,352d8c0a-91b5-4c2e-a1ff-ed74a780e5ff,17199.1
52L,52L,A,Downtown,SWISSVALE,51,d226983d-3234-4d41-9789-102312f34b08,7657.5
52L,52L,A,Downtown,SWISSVALE,52,2c0b1b67-e93b-420e-9686-0f4fb6658fa7,22120.3
52L,52L,A,Downtown,SWISSVALE,53,b88b581c-8966-47c0-891c-b9b05b52460a,10974.4
52L,52L,A,Downtown,SWISSVALE,54,6695608e-68d6-4937-890b-0ef2f7034bd0,9296.0
52L,52L,A,Downtown,SWISSVALE,55,177fc1c9-3fe8-4bd0-8ce6-f12e8c44ffdc,30136.8
52L,52L,A,Downtown,SWISSVALE,56,6fa63578-2527-4fa1-ba24-e87eca46c594,11365.9
52L,52L,A,Downtown,SWISSVALE,57,a43a1199-7410-4e0d-aa0b-92a45cce536b,16118.0
52L,52L,A,Downtown,SWISSVALE,58,cf034810-a438-4df2-84f4-4a37eb638f58,11941.8
52L,52L,A,Downtown,SWISSVALE,59,fe59f785-c762-4c96-84af-b1301f53a253,5680.4
52L,52L,A,Downtown,SWISSVALE,60,4526974b-8148-4cb4-b8d9-7b22d2aa4cf7,4299.1
52L,52L,A,Downtown,SWISSVALE,61,772d9267-98b0-4c88-9319-081ebd70a596,4823.7
52L,52L,A,Downtown,SWISSVALE,62,f5fd421d-ecbb-43ef-904c-0431cb408075,895.7
52L,52L,A,Downtown,SWISSVALE,63,5ce925e1-3591-4c5a-a513-afc1de90991d,26323.5
52L,52L,A,Downtown,SWISSVALE,64,042ec4bd-1f11-4435-846b-a7f6b90f75d1,9943.0
52L,52L,A,Downtown,SWISSVALE,65,75269757-7be2-416e-91a4-903600a13a91,9787.9
52L,52L,A,McKeesport,MCKEESPORT,1,2bda804a-4cad-4c97-9c76-43befa389659,23185.8
52L,52L,A,McKeesport,MCKEESPORT,2,29fc3308-1a26-4d10-99f7-e76cd2692996,12053.3
52L,52L,A,McKeesport,MCKEESPORT,3,beab8ef8-1d07-4bf8-9cc5-5246444b5c3c,26143.2
52L,52L,A,McKeesport,MCKEESPORT,4,cdcfe926-fc68-493a-8f80-c2579148a8af,17904.9
52L,52L,A,McKeesport,MCKEESPORT,5,7009e2b3-890a-4682-899d-186d3afbf406,21972.8
52L,52L,A,McKeesport,MCKEESPORT,6,8b714872-a954-46d9-91aa-c82636746c80,21725.0
52L,52L,A,McKeesport,MCKEESPORT,7,c0e93451-72b7-4ecd-875a-5bb0fd1c95ea,28947.4
52L,52L,A,McKeesport,MCKEESPORT,8,9d901f39-fbab-4d2c-94ef-2b79fef80dfc,23391.9
52L,52L,A,McKeesport,MCKEESPORT,9,e94d0dd9-a144-465c-a0d0-41bccb4e057c,25243.8
52L,52L,A,McKeesport,MCKEESPORT,10,4edf91df-1683-40f4-8bbc-16f7968a26c7,28524.0
52L,52L,A,McKeesport,MCKEESPORT,11,0ff6d574-20cc-430d-ab52-9d042018840c,21430.7
52L,52L,A,McKeesport,MCKEESPORT,12,09e6fb07-c1e6-4a24-9997-b3e90721097a,19811.2
52L,52L,A,McKeesport,MCKEESPORT,13,bc787198-b203-4a70-b7dd-ed90b6450680,27631.2
52L,52L,A,McKeesport,MCKEESPORT,14,c4114667-6204-4f42-8943-851bb97f41f1,24200.6
52L,52L,A,McKeesport,MCKEESPORT,15,e573222d-0d8e-455c-a569-ff89f7b31f9f,25747.8
52L,52L,A,McKeesport,MCKEESPORT,16,90661d47-04ed-4291-8747-5af62374bc16,17676.5
52L,52L,A,McKeesport,MCKEESPORT,17,f84d4a9c-0ada-4e9c-932f-0bab2814c740,22513.0
52L,52L,A,McKeesport,MCKEESPORT,18,354e88c0-5c60-43a1-9009-cd16f227c859,18638.0
52L,52L,A,McKeesport,MCKEESPORT,19,b76044ad-69e5-4d40-9e85-262441940032,6705.6
52L,52L,A,McKeesport,MCKEESPORT,20,b3ab455b-b7a4-4100-bb2b-8cfb7ee28c89,20296.3
52L,52L,A,McKeesport,MCKEESPORT,21,84b9b160-1d05-4290-bd1f-f7005219da89,14069.5
52L,52L,A,McKeesport,MCKEESPORT,22,1a62cf36-7450-4ba7-8385-6ce221a33604,7597.1
52L,52L,A,McKeesport,MCKEESPORT,23,f64c4a64-f5ee-4b48-ad93-5608f5ca9345,22342.8
52L,52L,A,McKeesport,MCKEESPORT,24,9de63ef1-da6d-430a-93b4-5144fabff20b,19600.0
52L,52L,A,McKeesport,MCKEESPORT,25,30cd19e9-3329-4b63-82a9-de641f319386,18288.1
52L,52L,A,McKeesport,MCKEESPORT,26,e1da3b82-f9e2-433d-9260-394d6c5b6a6a,19249.1
52L,52L,A,McKeesport,MCKEESPORT,27,6b0ebe69-e4f9-415d-a62d-c9a2ff14ed3e,682.2
52L,52L,A,McKeesport,MCKEESPORT,28,0a5305c7-23e9-4780-97c2-c4f0a42d577d,23860.3
52L,52L,A,McKeesport,MCKEESPORT,29,129a941e-9867-42b8-b4f7-f228c735fdd1,27798.0
52L,52L,A,McKeesport,MCKEESPORT,30,9344e75e-7ed8-4145-b6f1-048676f7ed68,23999.6
52L,52L,A,McKeesport,MCKEESPORT,31,d845cb0a-d4a3-4d8b-8c3e-4290e484e279,19139.6
52L,52L,A,McKeesport,MCKEESPORT,32,1cdcd074-f961-4579-8962-53b9e51a05db,28041.8
52L,52L,A,McKeesport,MCKEESPORT,33,146ea065-4552-4463-ac95-79213a3bc3ec,24579.1
52L,52L,A,McKeesport,MCKEESPORT,34,878abc7e-3a32-4520-9e73-183ec911ce22,24762.4
52L,52L,A,McKeesport,MCKEESPORT,35,c782296a-08a2-447f-97a4-9eb5453d1e67,14991.5
52L,52L,A,McKeesport,MCKEESPORT,36,419fb27b-086a-445a-9f14-a67ef39e069a,24394.5
52L,52L,A,McKeesport,MCKEESPORT,37,f446abe2-7d93-4957-ba82-a736ae7f6bd9,24935.5
52L,52L,A,McKeesport,MCKEESPORT,38,7bd1f0a1-3122-419d-b212-9942d136c320,10910.6
52L,52L,A,McKeesport,MCKEESPORT,39,2a3695a9-f6cd-4b09-88a1-e86eedbd6ea4,3378.1
52L,52L,A,McKeesport,MCKEESPORT,40,64dfaf3c-e833-453c-abd2-ec4e8f6ac457,22687.1
52L,52L,A,McKeesport,MCKEESPORT,41,034466f4-f685-4a63-b21b-1986d75b3e74,19020.3
52L,52L,A,McKeesport,MCKEESPORT,42,8d00884a-1c8b-4a24-983b-9f486b8aa9fb,369.4
52L,52L,A,McKeesport,MCKEESPORT,43,cbefd82a-07a3-4d99-b958-f95151838539,11375.2
52L,52L,A,McKeesport,MCKEESPORT,44,177fc1c9-3fe8-4bd0-8ce6-f12e8c44ffdc,4.0
52L,52L,A,McKeesport,MCKEESPORT,45,1773bbf0-1e9f-42ac-be40-e93d99ec8ac1,18043.8
52L,52L,A,McKeesport,MCKEESPORT,46,ae7cae62-950e-4387-86a3-209c71a93efd,9793.7
52L,52L,A,McKeesport,MCKEESPORT,47,a951180c-d1dd-4e51-a84b-77a78a5c8827,23544.1
52L,52L,A,McKeesport,MCKEESPORT,48,30e8215a-2a35-42cf-a57e-27cd445739e9,17157.9
52L,52L,A,McKeesport,MCKEESPORT,49,e0c800d4-b622-445d-84cc-6c23c269fc23,15470.3
52L,52L,A,McKeesport,MCKEESPORT,50,36660d8d-3a97-4b65-98be-f3509d0a8f89,20147.9
52L,52L,A,McKeesport,MCKEESPORT,51,47dc864a-532c-4e34-ab74-e2282d02f125,28237.5
52L,52L,A,McKeesport,MCKEESPORT,52,a743ae4a-466a-4245-83de-810572a8aa4b,23631.7
52L,52L,A,McKeesport,MCKEESPORT,53,0b8beb04-8336-4c1f-b1d3-4c19f4b15073,19676.4
2L,2L,A,Downtown,,1,6b0ebe69-e4f9-415d-a62d-c9a2ff14ed3e,20577.6
2L,2L,A,Downtown,,2,bf95446f-d442-423e-b4ec-1ef2a4807dbd,11644.3
2L,2L,A,Downtown,,3,6903a352-b74c-464a-b2f7-2e575bf36bbd,5416.1
2L,2L,A,Downtown,,4,e05468f9-13ff-4e10-b29f-97ecee6474d5,10339.4
2L,2L,A,Downtown,,5,61572556-d8d9-4fec-a444-33e404081f21,3084.1
2L,2L,A,Downtown,,6,2ae45f72-03a2-40b6-849e-357b12f33be5,4207.4
2L,2L,A,Downtown,,7,efe6e12c-d2ef-4316-868c-14b23e08790f,6491.3
2L,2L,A,Downtown,,8,c37417f8-c517-4f9b-bb99-74a54f98b6c5,9591.0
2L,2L,A,Downtown,,9,60cb227d-d338-4d06-a753-421ac754d426,8645.4
2L,2L,A,Downtown,,10,03d5b2a9-4728-4f5b-9707-5d3ae561f1cb,11300.9
2L,2L,A,Downtown,,11,8c23ba4a-ecd7-413f-98ff-f02ff16e97f8,12678.7
2L,2L,A,Downtown,,12,b03c58cd-a643-42e7-a690-608e36935011,18315.5
2L,2L,A,Downtown,,13,c2c1c011-7516-44ec-9218-201f38f6ea76,624.1
2L,2L,A,Downtown,,14,adeb3211-44c7-490b-8077-15eabee50e4c,1573.3
2L,2L,A,Downtown,,15,bf2cde35-1fc5-49a0-b70f-420df7a755f6,14291.1
2L,2L,A,Downtown,,16,f6ff6e1a-a3f1-4449-937c-f87042c4f8ce,3555.2
2L,2L,A,Downtown,,17,e59a7f98-1dab-4003-b345-65293e78d170,2973.7
2L,2L,A,Downtown,,18,e5b5d635-49a8-4048-bdfc-1c171c32ce31,0
2L,2L,A,Downtown,,19,61bcbd12-072c-489c-8275-5e1adb2641c6,4607.1
2L,2L,A,Downtown,,20,aab81cc5-27bd-4598-a9d5-2ab22bf446fe,12323.5
2L,2L,A,Downtown,,21,b4e11046-7bec-46e9-a90d-137739acc7bd,9085.7
2L,2L,A,Downtown,,22,d269b5d5-2c6a-474c-8e12-68f42fc7b9b1,7312.4
2L,2L,A,Downtown,,23,584ad1ab-b1d5-4d3f-b409-2ae98e9d3610,8767.7
2L,2L,A,Downtown,,24,e4c9654d-1804-472b-98d2-3b581403a684,9870.2
2L,2L,A,Downtown,,25,fc0041a7-f798-4395-a361-5faa8768abb5,18922.5
2L,2L,A,Downtown,,26,4dedfc30-4fee-4a5e-ac5e-80c38282e068,2382.5
2L,2L,A,Downtown,,27,a2dee2cf-87a0-4b47-92c1-d893ae8e5ef9,4766.8
2L,2L,A,Downtown,,28,86615236-0c4b-4864-b728-0869c43590e2,16078.5
2L,2L,A,Downtown,,29,2ceec103-b9bf-489a-a3c6-1926c35b871b,6026.9
2L,2L,A,Downtown,,30,fe66460e-4af6-4ea3-8e24-2fcd2b80745b,3807.8
2L,2L,A,Downtown,,31,bbb6aeeb-efc1-40b9-a6f5-73f709ba175d,2125.0
2L,2L,A,Downtown,,32,e60f28e2-34d7-4cea-b831-2ebbb703a63b,10055.7
2L,2L,A,Downtown,,33,5e9bb250-5751-40f3-a22b-01f9d0ddbe23,20083.5
2L,2L,A,Downtown,,34,e921f043-72c4-40a1-a711-7ecd8aa79e40,3983.4
2L,2L,A,Downtown,,35,ca9537dd-589f-49d4-80bd-9658b888a0af,6352.3
2L,2L,A,Downtown,,36,45e6fefc-6e3f-4241-a360-7a83138edd39,12907.7
2L,2L,A,Downtown,,37,220e5256-c36e-4856-8e32-906585159af0,13094.5
2L,2L,A,Downtown,,38,3ae74e8c-8271-48e2-9566-0d414eab3e88,9717.1
2L,2L,A,Downtown,,39,f1948a7e-6524-4572-a8e2-6c9dec8b3cf2,4484.2
2L,2L,A,Downtown,,40,ea575164-f03d-43d6-861d-fa0db6ed9c41,6756.8
2L,2L,A,Downtown,,41,5595db6a-3eb8-43f1-ad2f-2d0798fdd3f3,18180.2
2L,2L,A,Downtown,,42,5ffde497-5ad1-4113-9652-d11bbaab0a6c,7524.0
2L,2L,A,Downtown,,43,b6d59e1c-c743-40b6-b5c2-11eb6e21d380,10719.8
2L,2L,A,Downtown,,44,895160f3-1525-46df-a7c4-5860e0131e8c,12538.2
2L,2L,A,Downtown,,45,fab88dcc-1776-4b29-b9f8-5b3b2a550df5,5032.8
2L,2L,A,Downtown,,46,8d194fc8-53d7-4b41-9824-4834d289bbf7,7105.4
2L,2L,A,Downtown,,47,14b6ccd3-9c3d-4ac0-b032-33b1bed6a25f,3388.4
2L,2L,A,Downtown,,48,5da95d3b-8ba0-42f9-9c00-938149b6774e,17858.4
2L,2L,A,Downtown,,49,ee1c99eb-6ef6-4fa8-8131-d7918595b685,19698.0
2L,2L,A,Downtown,,50,9b2f776e-1866-4d90-8a47-122170398558,18614.3
2L,2L,A,Downtown,,51,9af62ff5-cc8c-4826-81e6-0df93116ebd8,2871.4
2L,2L,A,Downtown,,52,c2ab45ab-2307-4a67-acf3-af464bd01aef,10172.4
2L,2L,A,Downtown,,53,01dc7584-7152-4797-99a5-7d606f021a7a,11110.5
2L,2L,A,Downtown,,54,d7fe18e3-da18-44bf-b519-65b2890a450e,19848.3
2L,2L,A,Downtown,,55,bb90c401-1d83-4b8c-b281-cb5874e3e1ee,6930.5
2L,2L,A,Downtown,,56,fbbe1613-001d-4c6f-b60f-9eaacca91b96,8273.3
2L,2L,A,Downtown,,57,ec0ecf0d-f223-48e2-96a4-cdbb161beb2e,4353.5
2L,2L,A,Downtown,,58,7da41aea-873e-44d3-ae1b-060766fd00a8,19072.4
2L,2L,A,Downtown,,59,418e5c8a-11d8-4fc8-a842-1b3d54950ffe,5811.4
2L,2L,A,Downtown,,60,f9a69017-7c41-44ec-a656-5a5123a81fdb,8444.3
2L,2L,A,Downtown,,61,2df0ce1e-3528-48f0-a354-0a2cba425cee,7728.6
2L,2L,A,Allison Park,,1,ddcdbfdb-7773-4832-a20b-69b4ec8b5040,19945.4
2L,2L,A,Allison Park,,2,8737789a-3321-44c3-a671-515ae29393f6,10800.9
2L,2L,A,Allison Park,,3,12fbc6dd-99e1-46cd-bc29-93a04e867634,18144.4
2L,2L,A,Allison Park,,4,2e6c1773-cd44-4a44-9e3a-daf6aa40e18f,9430.2
2L,2L,A,Allison Park,,5,b258b575-5b03-4679-ad54-b27d2fcab583,11885.2
2L,2L,A,Allison Park,,6,2ac40a51-3399-490c-b2e0-f0aa9150894c,12834.7
2L,2L,A,Allison Park,,7,305e12af-64b0-4ac6-ac4c-428c1dc9fd9c,1.9
2L,2L,A,Allison Park,,8,0de595ac-1cd0-42f2-b486-1d1d51950242,7859.3
2L,2L,A,Allison Park,,9,737e56b4-191f-4cff-8ce6-88f7a4e0d99d,962.4
2L,2L,A,Allison Park,,10,434024e7-22b5-4b9e-99a7-f5e4f4e91122,7624.3
2L,2L,A,Allison Park,,11,d44282a9-d868-4517-a92e-d7f5f99d53fc,13776.8
2L,2L,A,Allison Park,,12,a775ad77-51ba-45b6-a24f-6a710836e3ba,18938.5
2L,2L,A,Allison Park,,13,02bafea7-6378-42c1-84e8-090189c39fcf,713.0
2L,2L,A,Allison Park,,14,bf52be96-5a31-4bb3-9857-a002ecaea708,14727.3
2L,2L,A,Allison Park,,15,411a9de8-8062-4ee3-89e9-f0bb7c96c013,16319.1
2L,2L,A,Allison Park,,16,79518b47-5699-4185-a95e-84d233dfaf60,8841.5
2L,2L,A,Allison Park,,17,275d73ca-49d8-4fcb-966b-cf4b53b8a530,16039.1
2L,2L,A,Allison Park,,18,08087ad9-05f6-427a-bd5b-1aff2d52ba4c,2424.9
2L,2L,A,Allison Park,,19,7471d878-dc5c-4d11-b5f0-715ffbff2f77,1906.7
2L,2L,A,Allison Park,,20,38f55248-f4e0-49f2-b920-1836abdfe4fd,8234.5
2L,2L,A,Allison Park,,21,9796175e-f5de-4b24-bb50-31c83622ab94,17663.9
2L,2L,A,Allison Park,,22,4dd3a07b-c9bd-4856-93c1-e12dffd38ac3,14477.2
2L,2L,A,Allison Park,,23,815d6e96-1db9-4683-a295-336ee1e96af2,15892.4
2L,2L,A,Allison Park,,24,39cf554c-ad12-42e1-84dc-8a12b4e808aa,1639.6
2L,2L,A,Allison Park,,25,48b0e6df-06cd-4537-8423-2d6b2513d922,16560.1
2L,2L,A,Allison Park,,26,c3ee6b34-8287-4195-ba63-8ccb316e2c4f,15741.4
2L,2L,A,Allison Park,,27,52430752-470a-4c6c-b47f-d40bdcaa2154,415.3
2L,2L,A,Allison Park,,28,3707e7b5-e36c-4bcb-a77b-d227a8eda86d,12298.6
2L,2L,A,Allison Park,,29,ce3bbf78-7d33-4587-b77b-2c518542d358,4460.7
2L,2L,A,Allison Park,,30,35019a6f-5531-49ca-968f-d9a8a87c4c91,16931.0
2L,2L,A,Allison Park,,31,3d018bd2-dff6-4c47-8172-a762fd07130a,10341.0
2L,2L,A,Allison Park,,32,f659ce79-a26f-4d43-9bcb-800842b74915,2203.4
2L,2L,A,Allison Park,,33,be92cd5f-a61c-4c51-955f-9860f2220416,10931.5
2L,2L,A,Allison Park,,34,e5b5d635-49a8-4048-bdfc-1c171c32ce31,20372.6
2L,2L,A,Allison Park,,35,027a2d07-dee9-4671-b63d-7282b8a88e10,276.3
2L,2L,A,Allison Park,,36,34b629bc-b11b-4e37-87b4-0347138c70d3,14049.9
2L,2L,A,Allison Park,,37,052241ed-e8b6-41a1-9a67-f6f1740e54f0,17564.1
2L,2L,A,Allison Park,,38,b6d59e1c-c743-40b6-b5c2-11eb6e21d380,9822.5
2L,2L,A,Allison Park,,39,ad0b40e5-b2fa-4f8d-8d85-6dcc0aa864b3,16186.3
2L,2L,A,Allison Park,,40,9d9e779c-f9bb-4265-83e9-e74756b9bdac,7974.8
2L,2L,A,Allison Park,,41,ab4d6e79-1200-40d4-9db6-27fe30ef2e83,1355.1
2L,2L,A,Allison Park,,42,8158a65d-81b0-4996-bd61-0af2f35b44b3,17450.3
2L,2L,A,Allison Park,,43,5a7d4789-9e33-4fc8-80a9-844fb5dc1f85,18445.4
2L,2L,A,Allison Park,,44,1ab466b2-d793-49e6-8c0a-0fdcfeef0122,2912.2
2L,2L,A,Allison Park,,45,43abcbb4-b2ee-4063-8cb5-47a19412b9da,17144.1
2L,2L,A,Allison Park,,46,0cb45749-36c1-4eba-8426-6ad97275be99,15483.2
2L,2L,A,Allison Park,,47,64e38ce8-b21c-40ba-9179-e0a8f932b247,13618.3
2L,2L,A,Allison Park,,48,9b72bd77-6113-4360-8313-5c8b0b59290b,9245.6
2L,2L,A,Allison Park,,49,12f4d5bb-8884-4d1a-814e-682b0b31f0b8,15090.2
2L,2L,A,Allison Park,,50,79957749-f3e9-4e0a-a59e-0b283b3c2a91,11441.8
2L,2L,A,Allison Park,,51,99d0b797-a391-4900-8ac6-717fcbb1ec54,16722.0
2L,2L,A,Allison Park,,52,82d913c1-5de9-466d-84e7-0c19c7688ffd,13226.5
2L,2L,A,Allison Park,,53,28037114-917c-4279-81e7-ff12e4d515d4,14917.2
2L,2L,A,Allison Park,,54,7bf1bf22-6180-4daa-9489-e25a66eb3767,10657.2
2L,2L,A,Allison Park,,55,bf1d5d0d-80a7-4ad9-a74d-ce501b219378,2738.7
2L,2L,A,Allison Park,,56,a7585fec-3bbf-4622-9124-ad1a3ed15fc3,2321.3
2L,2L,A,Allison Park,,57,eb3db11c-ce2e-4a07-a227-aebd039b3a9c,13011.8
2L,2L,A,Allison Park,,58,768fd0f6-e9f0-4cf1-a656-caf76e691a82,13424.3
2L,2L,A,Allison Park,,59,1131e082-28c9-43e1-86f7-2b106ac35b22,11754.9
2L,2L,A,Allison Park,,60,4db6f45a-3f52-42c1-8db6-3204cdedb37b,12087.5
2L,2L,A,Allison Park,,61,ed420b5c-d2f5-4dc6-abdb-69bdbc8da067,14225.7
2L,2L,A,Allison Park,,62,c9369acd-7607-4530-971b-577f1e81d900,2071.2
2L,2L,A,Allison Park,,63,c6d4374e-00ba-4c67-b392-670455fec163,7435.1
2L,2L,A,Allison Park,,64,35fa9500-c5b6-4503-8fbb-d8dbe82e64cf,10491.7
86,86,A,Downtown,DOWNTOWN via Liberty Av,1,5e5f6c39-04a7-4616-913f-36202f8721e7,13645.8
86,86,A,Downtown,DOWNTOWN via Liberty Av,2,920d8198-78a3-4d20-9d87-6e7adf7cc0dd,8634.3
86,86,A,Downtown,DOWNTOWN via Liberty Av,3,80698970-0188-450e-ae57-403d9a8ca794,2981.7
86,86,A,Downtown,DOWNTOWN via Liberty Av,4,732dc951-fc4e-4f7b-8693-271ee90103d1,14955.8
86,86,A,Downtown,DOWNTOWN via Liberty Av,5,c51b2bea-47e5-4a4e-bdb6-93f3713c711e,772.6
86,86,A,Downtown,DOWNTOWN via Liberty Av,6,8d16ba0d-6725-41d9-9e3a-32918bb0e477,975.1
86,86,A,Downtown,DOWNTOWN via Liberty Av,7,a7f6a76c-0d5d-4c67-b3d4-4169b2dd57c9,0
86,86,A,Downtown,DOWNTOWN via Liberty Av,8,4b91b81d-6d76-4995-9b81-002eead090dc,11809.4
86,86,A,Downtown,DOWNTOWN via Liberty Av,9,513a1dbf-ce89-4618-b543-299e4b334cb9,11213.6
86,86,A,Downtown,DOWNTOWN via Liberty Av,10,4eadb2fe-a6a8-4015-9a9a-98837e9d8fb8,18200.2
86,86,A,Downtown,DOWNTOWN via Liberty Av,11,9edc0b00-4850-483e-b1bf-07852309d4bd,4959.2
86,86,A,Downtown,DOWNTOWN via Liberty Av,12,34e2bca7-2579-4584-a47f-e66f5b21253a,4126.4
86,86,A,Downtown,DOWNTOWN via Liberty Av,13,1e3c7747-e58e-45d9-8811-9fdadbb6b4af,8976.4
86,86,A,Downtown,DOWNTOWN via Liberty Av,14,4860192d-8859-4319-a8f1-36a528e52ac3,7808.9
86,86,A,Downtown,DOWNTOWN via Liberty Av,15,f8c301fd-cfd3-40ad-8f5d-b25e202a61d9,15927.0
86,86,A,Downtown,DOWNTOWN via Liberty Av,16,c946bb12-714f-4442-b774-bd609990d8f0,12837.0
86,86,A,Downtown,DOWNTOWN via Liberty Av,17,e03c25c0-ac35-441f-bcf4-2485f1905f27,7477.7
86,86,A,Downtown,DOWNTOWN via Liberty Av,18,e042b2c7-b2e2-4404-8053-9f6c6da08353,12609.9
86,86,A,Downtown,DOWNTOWN via Liberty Av,19,ee8c8c66-7167-4e85-bc94-d5d7643b680b,1359.0
86,86,A,Downtown,DOWNTOWN via Liberty Av,20,d04380a0-655f-4fdb-8994-46a6c9b1e181,2849.4
86,86,A,Downtown,DOWNTOWN via Liberty Av,21,2107d7fa-956c-4259-995d-e6c0e1a1b9d2,11645.9
86,86,A,Downtown,DOWNTOWN via Liberty Av,22,75b8e7e0-8137-4a5c-a379-ba2ed6ee0e60,5570.8
86,86,A,Downtown,DOWNTOWN via Liberty Av,23,b693d24f-3c75-4494-9efc-bea48dc9ceb9,2274.1
86,86,A,Downtown,DOWNTOWN via Liberty Av,24,ee0255b5-824a-4af5-bcbc-6a8577ac87f8,8471.9
86,86,A,Downtown,DOWNTOWN via Liberty Av,25,b9f3aba1-7895-46b2-a4e3-ea2e9c4f6c02,3834.1
86,86,A,Downtown,DOWNTOWN via Liberty Av,26,027a2d07-dee9-4671-b63d-7282b8a88e10,17662.1
86,86,A,Downtown,DOWNTOWN via Liberty Av,27,c66a4ba9-87e6-4fb2-969a-8078321ddec8,15761.4
86,86,A,Downtown,DOWNTOWN via Liberty Av,28,5c3e99d4-777c-4a1f-9689-4cdb9fdaff4a,9824.1
86,86,A,Downtown,DOWNTOWN via Liberty Av,29,cf8da473-8796-436b-8725-c33c44c4d6c8,6023.5
86,86,A,Downtown,DOWNTOWN via Liberty Av,30,ed342c07-5740-4d2a-a2e8-3e172b9aade8,3962.9
86,86,A,Downtown,DOWNTOWN via Liberty Av,31,181577bd-235b-4095-84ec-1e9c17bf351a,14541.4
86,86,A,Downtown,DOWNTOWN via Liberty Av,32,f599a17c-8f45-4079-8c70-248f7495f0b9,12226.4
86,86,A,Downtown,DOWNTOWN via Liberty Av,33,f60b0079-ff2e-4441-a9ff-f91362026857,6383.6
86,86,A,Downtown,DOWNTOWN via Liberty Av,34,2b792aa9-282b-420a-b960-87115b50c424,12729.2
86,86,A,Downtown,DOWNTOWN via Liberty Av,35,fd0f18e9-25c0-40fb-8ec7-7284b0fb34d0,6900.1
86,86,A,Downtown,DOWNTOWN via Liberty Av,36,cfb3f68f-a960-4afd-80c2-4e8b6903e4a8,13219.5
86,86,A,Downtown,DOWNTOWN via Liberty Av,37,db2c1452-2d70-4a95-8f9f-fbb0d35e9544,13884.0
86,86,A,Downtown,DOWNTOWN via Liberty Av,38,2985471f-0797-4296-a2db-7106f04835ac,6566.7
86,86,A,Downtown,DOWNTOWN via Liberty Av,39,46595fdd-209b-472b-9f9b-f26b3fbd1b43,9146.2
86,86,A,Downtown,DOWNTOWN via Liberty Av,40,9da628f4-17ef-4d19-bee4-b52c5a7c4ed6,13022.2
86,86,A,Downtown,DOWNTOWN via Liberty Av,41,ab0a88f4-23bc-4f11-af3d-6dd29390bcdb,7098.4
86,86,A,Downtown,DOWNTOWN via Liberty Av,42,2d8de3f2-ff0d-4805-9d6c-dd85b559169a,10650.8
86,86,A,Downtown,DOWNTOWN via Liberty Av,43,289b69f1-8274-4d42-a446-113df0bd9026,16298.2
86,86,A,Downtown,DOWNTOWN via Liberty Av,44,35edf7b0-1d8b-40b8-a074-95f43f1daa6e,8319.0
86,86,A,Downtown,DOWNTOWN via Liberty Av,45,6336e434-2af2-4f84-8f5f-9b58e7e0333c,13436.8
86,86,A,Downtown,DOWNTOWN via Liberty Av,46,55b40563-b9c6-4602-a5ee-a904d2c3396a,6156.0
86,86,A,Downtown,DOWNTOWN via Liberty Av,47,c384199b-0443-4b5d-a823-198b3f81c73f,6710.5
86,86,A,Downtown,DOWNTOWN via Liberty Av,48,06e9538b-9fa3-4c98-b66b-fa77254eabb8,1485.8
86,86,A,Downtown,DOWNTOWN via Liberty Av,49,9c112a5e-db30-49f8-b53c-6d40f3637cf2,13527.9
86,86,A,Downtown,DOWNTOWN via Liberty Av,50,43bcf003-e0d0-45ef-8bc5-d33c01baccd4,3710.5
86,86,A,Downtown,DOWNTOWN via Liberty Av,51,766218cd-e875-489b-923a-d561d90b2096,17046.4
86,86,A,Downtown,DOWNTOWN via Liberty Av,52,06bcf616-a62d-4eb2-9242-88e5fb949c30,10959.4
86,86,A,Downtown,DOWNTOWN via Liberty Av,53,3a84379a-636f-4795-9eb1-d36c7b0e4054,1185.3
86,86,A,Downtown,DOWNTOWN via Liberty Av,54,20ded35f-6eca-4d3f-94e8-6c22e7b50693,15107.3
86,86,A,Downtown,DOWNTOWN via Liberty Av,55,bdf741f4-e6fa-44e9-9996-29ba0a52482b,5383.0
86,86,A,Downtown,DOWNTOWN via Liberty Av,56,2b414897-922a-4ce1-8f90-f8083d81cd4b,5115.8
86,86,A,Downtown,DOWNTOWN via Liberty Av,57,40543498-df0a-41a8-b659-8c566bb61ede,15596.4
86,86,A,Downtown,DOWNTOWN via Liberty Av,58,8262a579-9dcb-4374-94b2-0c1d0959f2d2,11419.2
86,86,A,Downtown,DOWNTOWN via Liberty Av,59,82cba6cf-dba3-4b2f-bb67-a7601095c96a,12502.8
86,86,A,Downtown,DOWNTOWN via Liberty Av,60,423b08f3-0935-44cc-a5f8-d56507ca322b,16632.1
86,86,A,Downtown,DOWNTOWN via Liberty Av,61,8fa68944-e862-450d-829f-c9091202fc8a,7715.7
86,86,A,Downtown,DOWNTOWN via Liberty Av,62,5455f407-07af-40f6-a9ae-6940084217a7,17328.7
86,86,A,Downtown,DOWNTOWN via Liberty Av,63,7e5820c7-cbe1-4cf0-81d4-0fd75fd83edb,3186.9
86,86,A,Downtown,DOWNTOWN via Liberty Av,64,4f04da4d-b414-4582-ade1-a6a7fbdc49bc,12385.9
86,86,A,Downtown,DOWNTOWN via Liberty Av,65,cbe27aa1-b4b3-436c-b83a-cf5ffa561a51,8820.7
86,86,A,Downtown,DOWNTOWN via Liberty Av,66,a639bb0f-b4db-482c-9d91-abf198e69a4c,7960.0
86,86,A,Downtown,DOWNTOWN via Liberty Av,67,d021e36c-6c80-4b31-b9db-1de8e210e9ab,9330.7
86,86,A,Downtown,DOWNTOWN via Liberty Av,68,d80ddc01-62b7-4710-9663-ec0a4871de0a,3559.0
86,86,A,Downtown,DOWNTOWN via Liberty Av,69,47ff4298-7b84-4a69-a924-c76c52955537,18017.9
86,86,A,Downtown,DOWNTOWN via Liberty Av,70,0aa240b2-5e71-4907-b04b-268a01528a2a,8151.7
86,86,A,Downtown,DOWNTOWN via Liberty Av,71,8b33d64f-bd10-40bf-a0af-5811900698ac,14286.6
86,86,A,Downtown,DOWNTOWN via Liberty Av,72,0d8364ce-ffbe-4e43-a629-e7f863e3509f,9578.9
86,86,A,Downtown,DOWNTOWN via Liberty Av,73,0121163d-a92d-4ec5-8021-3c609290ddad,7290.1
86,86,A,Downtown,DOWNTOWN via Liberty Av,74,dfd92073-398d-4949-824c-d83c3be43b40,14781.0
86,86,A,Downtown,DOWNTOWN via Liberty Av,75,718367b6-b5e3-4b2e-972a-79d7721768e6,4758.0
86,86,A,Downtown,DOWNTOWN via Liberty Av,76,67f078ec-f5d3-4350-9617-85b6b4fc104b,9448.5
86,86,A,Downtown,DOWNTOWN via Liberty Av,77,f2df671a-e366-475b-ac9e-81c0d03d82b7,2068.2
86,86,A,Downtown,DOWNTOWN via Liberty Av,78,dfa6c715-7ecd-405e-9662-8d7553d61056,11947.2
86,86,A,Downtown,DOWNTOWN via Liberty Av,79,c3aa7dcb-85e9-4935-b4c8-51c361c583dc,14118.4
86,86,A,Downtown,DOWNTOWN via Liberty Av,80,5f5e3c4f-d990-42ba-a3c0-ca127e6c31e0,10222.6
86,86,A,Downtown,DOWNTOWN via Liberty Av,81,fc91cbb3-3a1d-4e06-8bce-06e0e539e987,170.8
86,86,A,Downtown,DOWNTOWN via Liberty Av,82,9dde6714-22ff-430b-b1f5-5d40b6e57302,15262.7
86,86,A,Downtown,DOWNTOWN via Liberty Av,83,6c370314-eda1-4d2b-9ef6-66806ba509a4,15440.8
86,86,A,Downtown,DOWNTOWN via Liberty Av,84,c4761560-3980-4057-9493-f300e0719938,1824.2
86,86,A,Downtown,DOWNTOWN via Liberty Av,85,15ff7f54-8de5-466c-b6db-ff966405e9e1,3466.6
86,86,A,Downtown,DOWNTOWN via Liberty Av,86,439ec4be-58cd-48f0-a559-956199bc1c20,674.3
86,86,A,Downtown,DOWNTOWN via Liberty Av,87,4b1909a4-6965-4488-9824-65de56d067ab,4530.7
86,86,A,Downtown,DOWNTOWN via Liberty Av,88,b6827229-8c81-4766-9104-48b239cd8ab4,2694.8
86,86,A,Downtown,DOWNTOWN via Liberty Av,89,dd03da52-9b0f-46c8-bfe4-d62c0200d6bc,18284.9
86,86,A,Penn Hills,PENN HILLS via Liberty Av,1,e5353480-bcd5-4769-bfa6-56511e7ffafd,7781.2
86,86,A,Penn Hills,PENN HILLS via Liberty Av,2,c169904b-91da-4ead-9205-f65dca27a5dc,2825.4
86,86,A,Penn Hills,PENN HILLS via Liberty Av,3,dece1cb3-8100-478a-b5ac-e52006b10959,8825.0
86,86,A,Penn Hills,PENN HILLS via Liberty Av,4,ae870edd-2495-4ba6-afb1-3b14c2fbe905,11234.6
86,86,A,Penn Hills,PENN HILLS via Liberty Av,5,13d2a987-bfab-4a72-92d9-bf8dd286a060,485.3
86,86,A,Penn Hills,PENN HILLS via Liberty Av,6,e35438e0-46d0-4186-8838-4f8ed181b1d3,12417.2
86,86,A,Penn Hills,PENN HILLS via Liberty Av,7,3761e2ae-9c7d-477b-bc48-69c6765633dd,4892.0
86,86,A,Penn Hills,PENN HILLS via Liberty Av,8,406695bd-004e-4d61-a447-6679fb2d4de9,5598.0
86,86,A,Penn Hills,PENN HILLS via Liberty Av,9,c1b802cf-9150-4ce0-8ac5-4897a2952f30,14421.5
86,86,A,Penn Hills,PENN HILLS via Liberty Av,10,d7af2524-816f-4a12-98c7-f020ebe75815,17099.8
86,86,A,Penn Hills,PENN HILLS via Liberty Av,11,881a3d82-2bff-44a0-ba48-7b39cf1b594a,14187.0
86,86,A,Penn Hills,PENN HILLS via Liberty Av,12,4f2e0384-3731-44f7-b5a2-05ddedfc3ebb,14777.1
86,86,A,Penn Hills,PENN HILLS via Liberty Av,13,a4ee3434-2968-4d6b-bf2f-e9dc9be11cba,6214.4
86,86,A,Penn Hills,PENN HILLS via Liberty Av,14,2a96c012-ed92-45bc-bfa7-7cd79564f6e1,4718.1
86,86,A,Penn Hills,PENN HILLS via Liberty Av,15,13cae60d-c298-4d58-b95d-c9e2f7039eb9,3631.5
86,86,A,Penn Hills,PENN HILLS via Liberty Av,16,62414495-8e73-4684-b231-6af3105e5938,4310.2
86,86,A,Penn Hills,PENN HILLS via Liberty Av,17,dd0e8487-c3a8-4736-9f46-af0a764b4137,6026.7
86,86,A,Penn Hills,PENN HILLS via Liberty Av,18,f10f8f6f-7a25-40b8-ad85-ebfc105e4aa2,13087.4
86,86,A,Penn Hills,PENN HILLS via Liberty Av,19,1d1152b1-7119-4919-b945-aeceabc08228,8517.0
86,86,A,Penn Hills,PENN HILLS via Liberty Av,20,f2841766-4537-4d2c-976e-fbbb3a22bf44,15623.8
86,86,A,Penn Hills,PENN HILLS via Liberty Av,21,30eeff15-96fd-4924-b773-c14c1dd23a8e,14012.4
86,86,A,Penn Hills,PENN HILLS via Liberty Av,22,d843ba46-02b4-4dac-a093-1e4676441f36,7521.3
86,86,A,Penn Hills,PENN HILLS via Liberty Av,23,352e2ca5-b81a-447f-bbe2-0daa75ce57c1,11952.3
86,86,A,Penn Hills,PENN HILLS via Liberty Av,24,7aa84c4d-ae32-445f-8479-e2041d36f162,17365.1
86,86,A,Penn Hills,PENN HILLS via Liberty Av,25,7a133157-d760-4f46-8de8-af88977bd4a3,1383.0
86,86,A,Penn Hills,PENN HILLS via Liberty Av,26,e4043745-2d77-4670-b917-b9fbf48735b9,14672.4
86,86,A,Penn Hills,PENN HILLS via Liberty Av,27,736b6b0b-b411-4c33-8743-548715a11af0,4160.3
86,86,A,Penn Hills,PENN HILLS via Liberty Av,28,e78250d1-d469-48de-b6e0-3736e96b9c37,8002.0
86,86,A,Penn Hills,PENN HILLS via Liberty Av,29,63987eaa-c1e2-42a7-a122-2ce0a0822aab,2649.3
86,86,A,Penn Hills,PENN HILLS via Liberty Av,30,ea83a645-3808-4dff-aa2a-6c2617e9a37a,293.4
86,86,A,Penn Hills,PENN HILLS via Liberty Av,31,3d9b5eff-6f7a-4e32-8485-f89e413e8e1a,17808.7
86,86,A,Penn Hills,PENN HILLS via Liberty Av,32,e0862dd8-4fbd-4c31-9b17-aea8f6255814,3185.9
86,86,A,Penn Hills,PENN HILLS via Liberty Av,33,2f7da27a-dfdf-4136-b90d-f7f6dab7ba0d,16909.5
86,86,A,Penn Hills,PENN HILLS via Liberty Av,34,43bc3efe-cba8-4864-bd66-822b4bca5f1d,18208.4
86,86,A,Penn Hills,PENN HILLS via Liberty Av,35,ccfd855a-9d63-4320-8e34-a8c075794bdd,5068.9
86,86,A,Penn Hills,PENN HILLS via Liberty Av,36,7de1030d-bd07-49ae-b3b0-e8f828b10ad8,17448.2
86,86,A,Penn Hills,PENN HILLS via Liberty Av,37,9718fb50-1c7e-4e4a-8ce9-35318e8fa473,17804.6
86,86,A,Penn Hills,PENN HILLS via Liberty Av,38,68ea72b0-01cf-4b40-9a28-88ef53eb8365,16224.2
86,86,A,Penn Hills,PENN HILLS via Liberty Av,39,b7805615-4a31-4229-a87d-2d5ccacfb100,17950.4
86,86,A,Penn Hills,PENN HILLS via Liberty Av,40,f1ca8b74-a5fa-4644-98aa-809e67a97219,16811.7
86,86,A,Penn Hills,PENN HILLS via Liberty Av,41,8cec8ae1-f5b3-49b1-8150-3745336ada73,11429.8
86,86,A,Penn Hills,PENN HILLS via Liberty Av,42,6455c08b-b3f2-4f91-b794-02e6c8be6c19,8677.1
86,86,A,Penn Hills,PENN HILLS via Liberty Av,43,e6a5b6ae-7ae5-4291-aa43-a34e37b9b352,12860.8
86,86,A,Penn Hills,PENN HILLS via Liberty Av,44,491ef73d-f0f1-40f9-91d3-87a462f2074d,105.2
86,86,A,Penn Hills,PENN HILLS via Liberty Av,45,225026e0-549a-4ed1-a768-5d43f0e1080f,13477.7
86,86,A,Penn Hills,PENN HILLS via Liberty Av,46,1d73be8d-4f06-4b47-97fe-9b7f006386e0,16793.7
86,86,A,Penn Hills,PENN HILLS via Liberty Av,47,fdbc753c-22ad-4c3b-be6b-dd43fc519dd0,13196.2
86,86,A,Penn Hills,PENN HILLS via Liberty Av,48,b3b5a5fb-0505-46e2-9fa4-cf750f10b33f,16686.3
86,86,A,Penn Hills,PENN HILLS via Liberty Av,49,cd793df6-29f1-4c1d-8a31-ad774d103864,3452.3
86,86,A,Penn Hills,PENN HILLS via Liberty Av,50,2b0c2cca-e38d-47b9-8ccf-4cb45d520882,12247.5
86,86,A,Penn Hills,PENN HILLS via Liberty Av,51,0d260c57-14a0-481c-a6fa-6986a04fb7b4,1807.0
86,86,A,Penn Hills,PENN HILLS via Liberty Av,52,9edd5fd4-2fbd-456c-a2ff-feea2545854b,12639.4
86,86,A,Penn Hills,PENN HILLS via Liberty Av,53,dc6ef193-d1d4-4cad-8543-09a545ed4e15,16673.6
86,86,A,Penn Hills,PENN HILLS via Liberty Av,54,47e21b3a-2b96-4c48-a1eb-7722f1803e19,6782.5
86,86,A,Penn Hills,PENN HILLS via Liberty Av,55,88d1767e-7ba1-4c69-b51e-2abb33d1dee6,728.5
86,86,A,Penn Hills,PENN HILLS via Liberty Av,56,72cd84a6-3b3d-498f-8e15-d19e329db4b5,12120.5
86,86,A,Penn Hills,PENN HILLS via Liberty Av,57,7e4bd727-3b26-42c2-b07c-17ca7ce3ea9e,17054.3
86,86,A,Penn Hills,PENN HILLS via Liberty Av,58,79699b56-c9d9-42a7-8b6a-45cd0ae7441c,7188.8
86,86,A,Penn Hills,PENN HILLS via Liberty Av,59,cc17faa8-a4b4-4c2b-9844-1b777491133a,12527.1
86,86,A,Penn Hills,PENN HILLS via Liberty Av,60,521dc926-ba30-4024-af01-10a4bbc0c34d,16285.2
86,86,A,Penn Hills,PENN HILLS via Liberty Av,61,5f2f0252-5b3a-4130-a32e-8c2bd13c3e0c,2180.5
86,86,A,Penn Hills,PENN HILLS via Liberty Av,62,a582bcf0-4677-49b5-bc22-8f135972a1a8,5918.9
86,86,A,Penn Hills,PENN HILLS via Liberty Av,63,b537a22d-4173-475b-8c43-664c4d2fdd69,5408.7
86,86,A,Penn Hills,PENN HILLS via Liberty Av,64,d59dcf99-537f-4a8d-8ba4-dc0d2af00af4,3866.2
86,86,A,Penn Hills,PENN HILLS via Liberty Av,65,75f8f73b-3603-4a44-979e-d3e7cd7a24a0,1013.8
86,86,A,Penn Hills,PENN HILLS via Liberty Av,66,01cde69f-1235-4906-a675-80d0d4747cab,15501.5
86,86,A,Penn Hills,PENN HILLS via Liberty Av,67,69b5cd7e-b039-4a39-b775-5c4100463ba2,15850.3
86,86,A,Penn Hills,PENN HILLS via Liberty Av,68,7a3e49c5-26c4-459e-9e1e-300bd6c16516,6337.9
86,86,A,Penn Hills,PENN HILLS via Liberty Av,69,da126e1b-04b7-4406-8ed3-2a3043f302bd,11856.8
86,86,A,Penn Hills,PENN HILLS via Liberty Av,70,3a527b34-fafb-4649-9863-1658c18b981b,16135.8
86,86,A,Penn Hills,PENN HILLS via Liberty Av,71,0e9f7eaa-52ca-4240-b69f-942186cf3498,18045.0
86,86,A,Penn Hills,PENN HILLS via Liberty Av,72,cd523f28-437d-43bf-b61f-8bf943a65e0d,8287.5
86,86,A,Penn Hills,PENN HILLS via Liberty Av,73,14cb6498-3b5f-4370-849c-491942516113,13840.5
86,86,A,Penn Hills,PENN HILLS via Liberty Av,74,3f8a6925-0a30-434d-a5bb-edb59438543b,17675.2
86,86,A,Penn Hills,PENN HILLS via Liberty Av,75,20e1c225-fbaf-42e1-85cc-419d76e1ccb9,16475.1
86,86,A,Penn Hills,PENN HILLS via Liberty Av,76,c036a777-e613-4bfb-8b2e-3d570bf0f4b3,17196.8
86,86,A,Penn Hills,PENN HILLS via Liberty Av,77,a7f6a76c-0d5d-4c67-b3d4-4169b2dd57c9,18676.2
86,86,A,Penn Hills,PENN HILLS via Liberty Av,78,97821aaf-81d9-49c3-a02d-5c2c6cf4c877,13285.5
86,86,A,Penn Hills,PENN HILLS via Liberty Av,79,f2453937-5d9d-4ea4-8f85-2d9f31c6e0d5,13673.4
86,86,A,Penn Hills,PENN HILLS via Liberty Av,80,e7e84f68-9650-4bdb-bc68-62d98512b246,15285.9
86,86,A,Penn Hills,PENN HILLS via Liberty Av,81,ba338ff1-8ec6-44fd-ae65-adf83cafcd31,3021.2
86,86,A,Penn Hills,PENN HILLS via Liberty Av,82,4b2b0de3-7bcd-484d-9956-f8473d09dfc8,15079.7
86,86,A,Penn Hills,PENN HILLS via Liberty Av,83,eac7178b-9b71-4bcc-829a-f786aa54316c,17499.4
86,86,A,Penn Hills,PENN HILLS via Liberty Av,84,9fc51285-67bb-4623-8924-f4974c91a3d5,6450.6
86,86,A,Penn Hills,PENN HILLS via Liberty Av,85,49a4abe3-6b95-495a-ab61-b85505c3bff3,11720.5
86,86,A,Penn Hills,PENN HILLS via Liberty Av,86,f97460b5-a1a1-4a1c-8964-4c75d35c62bc,11536.9
86,86,A,Penn Hills,PENN HILLS via Liberty Av,87,ae5431af-f369-4193-9546-d0824d0d2fcd,8184.7
86,86,A,Penn Hills,PENN HILLS via Liberty Av,88,4f3b2189-51ea-473d-8979-9e233ed089ea,4558.4
86,86,A,Penn Hills,PENN HILLS via Liberty Av,89,f6abd1ce-039f-488f-ba2a-a6cbe7ea9394,5204.2
86,86,A,Penn Hills,PENN HILLS via Liberty Av,90,a864513d-cc0b-4bf8-80c1-271845142ca0,5808.6
86,86,A,Penn Hills,PENN HILLS via Liberty Av,91,ed22141c-280d-492e-8242-e6e97635a198,16470.9
SILVER,SILVER,A,Downtown,ALLEGHENY STATION,1,9db6f7fe-48f1-403b-8940-3ec6a3a38f97,20323.0
SILVER,SILVER,A,Downtown,ALLEGHENY STATION,2,5cae5f94-f286-4594-a499-0733292f3b43,16910.7
SILVER,SILVER,A,Downtown,ALLEGHENY STATION,3,485e9f8b-9ff8-4918-8ed8-99fe9551b90e,17534.7
SILVER,SILVER,A,Downtown,ALLEGHENY STATION,4,a43ebacd-9caf-4ffc-bdc2-6201bee9c4c1,11396.2
SILVER,SILVER,A,Downtown,ALLEGHENY STATION,5,c073e3cb-620a-4825-a8ed-54876501b01a,15767.4
SILVER,SILVER,A,Downtown,ALLEGHENY STATION,6,958fd0da-90dd-4f12-9a87-b30f20d769de,19816.4
SILVER,SILVER,A,Downtown,ALLEGHENY STATION,7,e12ff56a-39d4-4b51-835e-57ee26cf2704,18967.3
SILVER,SILVER,A,Downtown,ALLEGHENY STATION,8,55548931-5461-4d19-a5dc-6c4d0d7f5551,3118.1
SILVER,SILVER,A,Downtown,ALLEGHENY STATION,9,fa5171c4-7f7b-4b0f-b7e2-04cff740097e,1394.0
SILVER,SILVER,A,Downtown,ALLEGHENY STATION,10,c1b1bbc3-8c46-40c5-b4f3-61f1b1b49592,13999.0
SILVER,SILVER,A,Downtown,ALLEGHENY STATION,11,ce43b6a0-1687-44d7-85f0-7c0fa2525c7b,21236.8
SILVER,SILVER,A,Downtown,ALLEGHENY STATION,12,3b28c3d6-caeb-4310-9a47-cd49f268c1c8,10306.9
SILVER,SILVER,A,Downtown,ALLEGHENY STATION,13,d49e09cb-e661-4325-9ac1-d253179ff43d,5377.5
SILVER,SILVER,A,Downtown,ALLEGHENY STATION,14,ea61edd7-dff3-4488-94a6-212c489dc476,8365.8
SILVER,SILVER,A,Downtown,ALLEGHENY STATION,15,0a5ad80b-604f-45d6-8800-2de9141b6d96,22314.8
SILVER,SILVER,A,Downtown,ALLEGHENY STATION,16,6cd14bd2-8240-41ea-adf3-ba83cc59c670,14765.1
SILVER,SILVER,A,Downtown,ALLEGHENY STATION,17,0db58bed-edbc-4e9f-9359-4274011918cc,0
SILVER,SILVER,A,Downtown,ALLEGHENY STATION,18,d388abe0-9c7a-4b06-b07d-85c22bd3bb2d,5052.4
SILVER,SILVER,A,Downtown,ALLEGHENY STATION,19,63e70ccd-ba7f-45f8-813a-3cb26fb9bd57,8815.9
SILVER,SILVER,A,Downtown,ALLEGHENY STATION,20,7d6a7203-c22b-406c-a9a6-3400722fa912,20806.8
SILVER,SILVER,A,Downtown,ALLEGHENY STATION,21,367cf944-2477-4bd1-b1e5-bd84cc134f4e,8025.4
SILVER,SILVER,A,Downtown,ALLEGHENY STATION,22,f24bf149-bedb-4de4-9d20-24425f3fe875,3680.0
SILVER,SILVER,A,Downtown,ALLEGHENY STATION,23,ed854064-2aa0-4ba1-89f5-63c61d8cb74d,2759.3
SILVER,SILVER,A,Downtown,ALLEGHENY STATION,24,509a5cbd-cbae-4d87-8f78-648e012b7a0b,4485.1
SILVER,SILVER,A,Downtown,ALLEGHENY STATION,25,abb1aa30-d51e-4ed0-8c01-3e576656587d,9407.5
SILVER,SILVER,A,Downtown,ALLEGHENY STATION,26,de56488a-e425-425f-9c62-14087f65f92e,11898.4
SILVER,SILVER,A,Downtown,ALLEGHENY STATION,27,5583b65e-dad0-4152-8834-bd0ad8bb1885,1895.7
SILVER,SILVER,A,Downtown,ALLEGHENY STATION,28,550dfb44-d00e-4d5d-a8bd-8cf374fc3500,5812.0
SILVER,SILVER,A,Downtown,ALLEGHENY STATION,29,0b061705-bbb0-4493-9afb-f0b6c2d9b8cf,1129.4
SILVER,SILVER,A,Downtown,ALLEGHENY STATION,30,c935073d-86be-424a-ad85-0d27965e70aa,7078.8
SILVER,SILVER,A,Library,LIBRARY STATION,1,0b841ecb-7231-475e-94f7-299509aae2b8,14983.4
SILVER,SILVER,A,Library,LIBRARY STATION,2,6ec03b91-cbdf-4014-be2e-3d5424e2f3a3,2126.1
SILVER,SILVER,A,Library,LIBRARY STATION,3,d26b6d28-ba73-45f7-a647-430449f31998,2650
SILVER,SILVER,A,Library,LIBRARY STATION,4,d22b9abc-1b14-4937-8428-0a4c9ff0e42b,11601.6
SILVER,SILVER,A,Library,LIBRARY STATION,5,f2191198-f98a-498a-a792-e10c34057260,17870.3
SILVER,SILVER,A,Library,LIBRARY STATION,6,ce43b6a0-1687-44d7-85f0-7c0fa2525c7b,1698.8
SILVER,SILVER,A,Library,LIBRARY STATION,7,c659d62b-a21a-48d8-a399-29933792d018,17189.2
SILVER,SILVER,A,Library,LIBRARY STATION,8,2ae93f83-183f-44fe-89fe-af3cdcdae451,7234.2
SILVER,SILVER,A,Library,LIBRARY STATION,9,83a3a804-e41d-4e43-a7c9-bfb9c972d20d,8238.2
SILVER,SILVER,A,Library,LIBRARY STATION,10,ca82562c-21e2-4b93-ac0b-48b3eb0e7681,19881.6
SILVER,SILVER,A,Library,LIBRARY STATION,11,427581ec-7149-41ed-89f7-48c266d25df4,13590.5
SILVER,SILVER,A,Library,LIBRARY STATION,12,16d4e233-058c-425f-b898-b386ccec7d80,15882.9
SILVER,SILVER,A,Library,LIBRARY STATION,13,3be59c32-9556-4248-a9bf-41e825fe1139,18453.1
SILVER,SILVER,A,Library,LIBRARY STATION,14,b464a41f-4917-4249-9ca3-5152c9bba965,4015.0
SILVER,SILVER,A,Library,LIBRARY STATION,15,0db58bed-edbc-4e9f-9359-4274011918cc,22956.1
SILVER,SILVER,A,Library,LIBRARY STATION,16,3a09a497-c303-40ea-989a-c6641fd4e79a,6065.0
SILVER,SILVER,A,Library,LIBRARY STATION,17,ca425c43-e9bb-4095-a25a-af1228f7a731,20250.6
SILVER,SILVER,A,Library,LIBRARY STATION,18,9f02f513-c1e6-4273-aaff-b35212c8ae76,14594.2
SILVER,SILVER,A,Library,LIBRARY STATION,19,33c71989-4e6f-4523-94e6-8c9ddc433a40,11089.5
SILVER,SILVER,A,Library,LIBRARY STATION,20,b34606f9-877e-4e2c-ae92-f4d7e092471c,0
SILVER,SILVER,A,Library,LIBRARY STATION,21,23323fbd-a8f1-4df8-90ad-1c3eef532c42,17614.7
SILVER,SILVER,A,Library,LIBRARY STATION,22,1fbf64fd-52ec-41cd-8399-f48e59416d0e,19317.5
SILVER,SILVER,A,Library,LIBRARY STATION,23,3f744697-2cd3-421a-b527-5b32b86af6d8,21821.9
SILVER,SILVER,A,Library,LIBRARY STATION,24,69c63ba9-5bb6-4a95-8d3d-8882ccd8f620,5500.9
SILVER,SILVER,A,Library,LIBRARY STATION,25,acab69ee-23fa-41c0-96a6-fce9fe9725a7,14166.4
SILVER,SILVER,A,Library,LIBRARY STATION,26,9dcdb1dc-3bbc-4eb5-bf8f-5699e52ff138,12687.7
SILVER,SILVER,A,Library,LIBRARY STATION,27,ecc794e1-f8d6-4595-a3ac-3ea9e8f3c2c2,3157.8
SILVER,SILVER,A,Library,LIBRARY STATION,28,d1e151aa-7765-43d6-b453-490418e1993c,700.0
SILVER,SILVER,A,Library,LIBRARY STATION,29,5e66996e-782d-4f85-a24c-816b98f963ec,21100.2
SILVER,SILVER,A,Library,LIBRARY STATION,30,25406ed4-fc95-4944-9bba-9fa2c6611e96,21557.2
SILVER,SILVER,A,Library,LIBRARY STATION,31,c729eccd-e8cb-4573-862c-8f9023835bcd,8997.2
19L,19L,A,Downtown,DOWNTOWN,1,eb90d8b8-8d5f-4747-9ab1-09dbfb79c4e6,6369.7
19L,19L,A,Downtown,DOWNTOWN,2,5227f167-9de6-4de7-9b5e-85a61d4ab391,257.4
19L,19L,A,Downtown,DOWNTOWN,3,ec22dad3-861a-437a-8b5d-52a481a71eeb,480.2
19L,19L,A,Downtown,DOWNTOWN,4,8d00884a-1c8b-4a24-983b-9f486b8aa9fb,14696.6
19L,19L,A,Downtown,DOWNTOWN,5,da64bc72-cb21-42ae-a495-4228b49e17be,5706.7
19L,19L,A,Downtown,DOWNTOWN,6,ae881905-0088-4099-b897-7d44c83c99d3,4395.3
19L,19L,A,Downtown,DOWNTOWN,7,c583d5c2-deea-4662-8ff0-8db2d863017d,14468.6
19L,19L,A,Downtown,DOWNTOWN,8,6b0ebe69-e4f9-415d-a62d-c9a2ff14ed3e,15009.3
19L,19L,A,Downtown,DOWNTOWN,9,b10821f7-4f38-45f4-8c28-1845f8a7c184,7649.4
19L,19L,A,Downtown,DOWNTOWN,10,d2e53cd9-fb5b-4dc3-adc6-b1bd9bd352c9,785.9
19L,19L,A,Downtown,DOWNTOWN,11,72201c88-b289-4f52-b30c-5a27a1d9d5cd,3795.6
19L,19L,A,Downtown,DOWNTOWN,12,c75e3ccd-5dca-45de-95d0-68bb9ce1e54d,1098.4
19L,19L,A,Downtown,DOWNTOWN,13,f925f332-5184-4e00-b00a-e4146c27c53d,4001.6
19L,19L,A,Downtown,DOWNTOWN,14,639e1eeb-59d9-4330-bb85-959e9858290d,2197.3
19L,19L,A,Downtown,DOWNTOWN,15,235fd981-bb31-4c44-9761-f3b4f9319d8c,1878.7
19L,19L,A,Downtown,DOWNTOWN,16,f397318a-8549-4b26-91aa-3f7d368f33b0,13616.7
19L,19L,A,Downtown,DOWNTOWN,17,1610f437-2221-4321-b465-2a503d913e08,2027.8
19L,19L,A,Downtown,DOWNTOWN,18,0cf60295-8436-4683-a1e1-6554b9688b1d,6013.3
19L,19L,A,Downtown,DOWNTOWN,19,9269f227-93c8-4a03-8f5a-3431a0f052a5,5072.6
19L,19L,A,Downtown,DOWNTOWN,20,94cb0ef3-bf4b-4e6e-80eb-387ce68ca0f4,3453.8
19L,19L,A,Downtown,DOWNTOWN,21,16066f6f-5852-4417-aa55-6775132afba5,5466.6
19L,19L,A,Downtown,DOWNTOWN,22,d8618323-ecd6-4b19-b849-d12d0ef8ddbb,5907.7
19L,19L,A,Downtown,DOWNTOWN,23,991708ba-77b0-45b2-a2be-ba364f8408bb,1667.3
19L,19L,A,Downtown,DOWNTOWN,24,2076aba2-a765-431b-a31e-9158f0bb2da9,2609.8
19L,19L,A,Downtown,DOWNTOWN,25,cf4bf0d6-ae6f-44a4-87f7-2f43150e3c95,4181.0
19L,19L,A,Downtown,DOWNTOWN,26,731dc74c-58a5-4742-ac25-82d04f175e60,153.4
19L,19L,A,Downtown,DOWNTOWN,27,4cf85fe9-01d3-4f3d-a383-c13b4bdc745d,3145.4
19L,19L,A,Downtown,DOWNTOWN,28,2f0844aa-9fb3-468f-b8cc-f5a1c00639f2,1.4
19L,19L,A,Downtown,DOWNTOWN,29,0e332bfe-8dbc-42f3-b43c-e9fbb28ae209,2850.4
19L,19L,A,Downtown,DOWNTOWN,30,a34d3aa3-1a0f-4b5f-ab7f-59f2d2b1c1ba,13923.9
19L,19L,A,Downtown,DOWNTOWN,31,49bf3a85-e4eb-4fa7-b5a2-8f2aefd3d97a,2968.4
19L,19L,A,Downtown,DOWNTOWN,32,5da115a8-bb42-4597-ac55-a7a197dc4d67,640.4
19L,19L,A,Downtown,DOWNTOWN,33,46f00c8c-5553-43fb-a8b2-1ffc8eff7c85,4541.2
19L,19L,A,Downtown,DOWNTOWN,34,a5de032f-5a46-45fc-a9e2-b36c2025f4e0,1450.5
19L,19L,A,Downtown,DOWNTOWN,35,75118a6c-386e-4bfe-86a9-9fc0cee54b29,6171.0
19L,19L,A,Downtown,DOWNTOWN,36,03c54e81-a46d-4f87-84dc-55b43291548a,4886.7
19L,19L,A,Downtown,DOWNTOWN,37,d7fe18e3-da18-44bf-b519-65b2890a450e,14162.4
19L,19L,A,Downtown,DOWNTOWN,38,a5f92a7c-58e5-4776-849a-81fe11612276,2409.3
19L,19L,A,Emsworth,EMSWORTH,1,305e12af-64b0-4ac6-ac4c-428c1dc9fd9c,0.8
19L,19L,A,Emsworth,EMSWORTH,2,c54aec51-74ca-4094-b833-5527b432880e,1356.2
19L,19L,A,Emsworth,EMSWORTH,3,9e0e20c3-74df-4fe6-a301-2d58b7d43447,13085.1
19L,19L,A,Emsworth,EMSWORTH,4,651d5151-8e3d-401b-aaad-9b90af60d2e8,13309.1
19L,19L,A,Emsworth,EMSWORTH,5,8a91d0ce-2a07-4b4c-b489-02957d979d0e,9442.9
19L,19L,A,Emsworth,EMSWORTH,6,16135972-b173-4c36-8aae-748edd3577bf,7367.8
19L,19L,A,Emsworth,EMSWORTH,7,f1738401-f852-42b8-a7d6-05264e69309e,9273.2
19L,19L,A,Emsworth,EMSWORTH,8,adf90b2e-9075-41c3-b4f2-798a0103f591,11716.0
19L,19L,A,Emsworth,EMSWORTH,9,d3125f5c-9873-49e1-a720-36324ef32ac8,981.2
19L,19L,A,Emsworth,EMSWORTH,10,114c95f7-6371-40ea-954c-ff965e789e58,12554.7
19L,19L,A,Emsworth,EMSWORTH,11,b465cfae-f615-4b25-ad48-8d8fecd19319,14821.5
19L,19L,A,Emsworth,EMSWORTH,12,0fb7bcf0-5e1b-4593-898b-a555ae8fc9f5,10158.1
19L,19L,A,Emsworth,EMSWORTH,13,a16f7ad1-d3c2-419f-8bcd-ae5143f82edb,14193.1
19L,19L,A,Emsworth,EMSWORTH,14,1bd16d81-b1f8-481d-b266-583b43ac3eeb,12144.7
19L,19L,A,Emsworth,EMSWORTH,15,a9f94c78-c704-41f3-b479-d329d54e0990,14974.5
19L,19L,A,Emsworth,EMSWORTH,16,6acd7f46-a340-49ce-9054-b129e38f7427,12775.3
19L,19L,A,Emsworth,EMSWORTH,17,65cbea0b-606b-4230-bff5-d91eefafd6f5,9841.1
19L,19L,A,Emsworth,EMSWORTH,18,40878385-fa00-400c-b47c-3be328e03c60,8970.5
19L,19L,A,Emsworth,EMSWORTH,19,96d93888-8027-4f4a-90ed-d30c66bc4681,11502.5
19L,19L,A,Emsworth,EMSWORTH,20,eee53beb-0493-47dd-bc7d-bbf982e0a1d1,13664.1
19L,19L,A,Emsworth,EMSWORTH,21,e6f97ae0-3d5d-49d1-81e4-bbba6af05a6b,8531.7
19L,19L,A,Emsworth,EMSWORTH,22,c6bb0a55-369f-4b0f-aa02-51829d168138,11148.3
19L,19L,A,Emsworth,EMSWORTH,23,ba3c15e8-24b3-4381-aacc-44c6c7cd0482,13873.4
19L,19L,A,Emsworth,EMSWORTH,24,ea77923e-3f13-4255-8a56-ab4444dd4b44,14608.0
19L,19L,A,Emsworth,EMSWORTH,25,6f4b7b15-107f-40a8-8002-e7e26fa9c5ad,11993.3
19L,19L,A,Emsworth,EMSWORTH,26,180d2957-6217-46a7-bb23-87a43dfe609d,14331.4
19L,19L,A,Emsworth,EMSWORTH,27,75de3354-a481-4fb3-9a8c-907b748d2a87,254.9
19L,19L,A,Emsworth,EMSWORTH,28,dee13df7-2745-4412-8bf8-d7414271f23d,9051.2
19L,19L,A,Emsworth,EMSWORTH,29,ad772a7d-1949-4b68-8459-04ef68242cef,10620.3
19L,19L,A,Emsworth,EMSWORTH,30,7c85bc08-5e4a-4299-92b1-fe2c384bbd4e,547.9
19L,19L,A,Emsworth,EMSWORTH,31,d368ec15-04c5-4bdc-8ccc-352988ad6576,733.9
19L,19L,A,Emsworth,EMSWORTH,32,256eeff4-d33c-4770-9dc1-4e761568f369,10415.3
19L,19L,A,Emsworth,EMSWORTH,33,4ba61f86-e68d-4832-a4ca-54c0f0220e09,10942.7
19L,19L,A,Emsworth,EMSWORTH,34,e734b4d0-6612-4776-8781-b39774898ae6,13520.4
19L,19L,A,Emsworth,EMSWORTH,35,0465e100-ad28-48a3-8bc6-17e08835f27c,10789.6
19L,19L,A,Emsworth,EMSWORTH,36,fd6087e3-f8e8-47da-b3ab-b08c6d94730f,9535.9
19L,19L,A,Emsworth,EMSWORTH,37,7db496c9-f8b0-4d27-8888-a606a4a2eeef,8886.4
19L,19L,A,Emsworth,EMSWORTH,38,24062ee4-b103-4eb3-9fa1-13be492b06ec,9174.5
19L,19L,A,Emsworth,EMSWORTH,39,7003c88b-44cb-4d35-a4d0-02a2db94f6da,14498.7
19L,19L,A,Emsworth,EMSWORTH,40,576c3473-12ef-49a6-a3e7-2188e4f1828e,14721.9
19L,19L,A,Emsworth,EMSWORTH,41,88d2824a-09b1-455a-8cd9-90cbc0e49461,12373.5
81,81,A,Uptown,"UPTOWN-MERCY via Oakland, Hill District",1,dda1607d-695b-4773-a66e-c5425b98c03f,9464.8
81,81,A,Uptown,"UPTOWN-MERCY via Oakland, Hill District",2,a2e477cc-b790-4c28-83a5-63cbc30a1f4a,2876.4
81,81,A,Uptown,"UPTOWN-MERCY via Oakland, Hill District",3,bc932571-ea53-42c0-a041-4009337f0218,10946.5
81,81,A,Uptown,"UPTOWN-MERCY via Oakland, Hill District",4,dc892e2e-1a2c-498d-93c5-f92a0b601361,7146.9
81,81,A,Uptown,"UPTOWN-MERCY via Oakland, Hill District",5,29fd57a3-8129-4a1e-ab15-717a6654573d,7955.1
81,81,A,Uptown,"UPTOWN-MERCY via Oakland, Hill District",6,cc05ae79-f101-428b-99da-f243b407be31,5303.1
81,81,A,Uptown,"UPTOWN-MERCY via Oakland, Hill District",7,76da4a6c-a945-42e8-9e97-32545e7713bd,1333.2
81,81,A,Uptown,"UPTOWN-MERCY via Oakland, Hill District",8,b188c4aa-8bf2-4f70-a56e-ec8f04ca36b4,70.8
81,81,A,Uptown,"UPTOWN-MERCY via Oakland, Hill District",9,5c252d7d-a478-45f3-a81e-22fb5dde4378,1693.8
81,81,A,Uptown,"UPTOWN-MERCY via Oakland, Hill District",10,77573940-3b8e-4b1a-8198-e010ac927c31,7451.4
81,81,A,Uptown,"UPTOWN-MERCY via Oakland, Hill District",11,a3a60eb5-8d14-4a1a-a283-0bb1beb0686b,1142.3
81,81,A,Uptown,"UPTOWN-MERCY via Oakland, Hill District",12,0cb75863-ca36-4230-bd57-66635e49c1e5,9161.6
81,81,A,Uptown,"UPTOWN-MERCY via Oakland, Hill District",13,697e7000-668d-4c48-968b-6454e5f3e0d8,8610.0
81,81,A,Uptown,"UPTOWN-MERCY via Oakland, Hill District",14,6160caaf-4d23-4ac2-b341-1b6488cbf480,4519.1
81,81,A,Uptown,"UPTOWN-MERCY via Oakland, Hill District",15,f9bc8c4b-64fb-4716-83ec-ea8e2eb84142,10316.5
81,81,A,Uptown,"UPTOWN-MERCY via Oakland, Hill District",16,5e6657cd-4bdf-4b6d-96b9-e61cfae16c23,729.6
81,81,A,Uptown,"UPTOWN-MERCY via Oakland, Hill District",17,f3e71223-12a6-4bc3-83c4-2cf063e92e15,10441.3
81,81,A,Uptown,"UPTOWN-MERCY via Oakland, Hill District",18,b568245c-ab82-48ea-9d57-b9587d7d0098,10088.4
81,81,A,Uptown,"UPTOWN-MERCY via Oakland, Hill District",19,6f0f13c8-d8e0-49da-b5e5-ad24d8c2c3d5,6679.2
81,81,A,Uptown,"UPTOWN-MERCY via Oakland, Hill District",20,83176fef-e2bb-4a5e-a0c5-09bad0cd93bb,1838.4
81,81,A,Uptown,"UPTOWN-MERCY via Oakland, Hill District",21,12af0a66-4f02-401a-8ba3-29be2c9f1d34,1477.1
81,81,A,Uptown,"UPTOWN-MERCY via Oakland, Hill District",22,cb90bc89-401c-408c-84f6-f45c607946ae,9807.9
81,81,A,Uptown,"UPTOWN-MERCY via Oakland, Hill District",23,2073321c-2db7-4324-9397-cbfef6e95b52,357.1
81,81,A,Uptown,"UPTOWN-MERCY via Oakland, Hill District",24,6add2b26-d39f-42d6-827a-fed95f6041fd,7743.9
81,81,A,Uptown,"UPTOWN-MERCY via Oakland, Hill District",25,606151c2-9f57-4d45-995a-e112cb0ee2c8,9678.4
81,81,A,Uptown,"UPTOWN-MERCY via Oakland, Hill District",26,7ec3f942-0223-47ff-86d1-5f2172e1b514,5098.7
81,81,A,Uptown,"UPTOWN-MERCY via Oakland, Hill District",27,635dbcf0-b99c-44f7-8a76-83bce2374853,11372.1
81,81,A,Uptown,"UPTOWN-MERCY via Oakland, Hill District",28,e4733af8-0793-42f3-9fc6-193c548f211f,9928.0
81,81,A,Uptown,"UPTOWN-MERCY via Oakland, Hill District",29,814e8775-6177-4d85-9a68-e37d4192d90c,0
81,81,A,Uptown,"UPTOWN-MERCY via Oakland, Hill District",30,0ec1cfe5-515c-421e-abb4-e57fedfb2a81,8159.9
81,81,A,Uptown,"UPTOWN-MERCY via Oakland, Hill District",31,02814826-d849-4da5-9dad-98a211f0bdc5,2108.6
81,81,A,Uptown,"UPTOWN-MERCY via Oakland, Hill District",32,ce8cc0f4-d097-4de3-a908-58c8716ac8c4,9580.5
81,81,A,Uptown,"UPTOWN-MERCY via Oakland, Hill District",33,f27c9f19-7c59-49ef-a9b9-7e33cda7f280,3154.9
81,81,A,Uptown,"UPTOWN-MERCY via Oakland, Hill District",34,3f33e3b4-b7f1-461f-9c47-e69827c552fa,10382.2
81,81,A,Uptown,"UPTOWN-MERCY via Oakland, Hill District",35,61bd1c88-7d54-45f7-a814-cf3c4572a696,5899.5
81,81,A,Uptown,"UPTOWN-MERCY via Oakland, Hill District",36,678d7313-564a-4304-b3f5-1e7397a170ed,3383.4
81,81,A,Uptown,"UPTOWN-MERCY via Oakland, Hill District",37,87daa9fa-f093-44dc-8f90-2176a7401ca4,9373.2
81,81,A,Uptown,"UPTOWN-MERCY via Oakland, Hill District",38,57e496ef-f798-4512-a17b-6dc0be7bd2a1,8939.2
81,81,A,Uptown,"UPTOWN-MERCY via Oakland, Hill District",39,3d7a3344-c519-40ab-b669-5e42de893303,10554.2
81,81,A,Uptown,"UPTOWN-MERCY via Oakland, Hill District",40,2596a534-e0ee-4c02-9e8b-66d3ce63e4ec,178.3
81,81,A,Uptown,"UPTOWN-MERCY via Oakland, Hill District",41,cdfc75d5-d90f-4ac3-bc8b-9757be1edc66,899.9
81,81,A,Uptown,"UPTOWN-MERCY via Oakland, Hill District",42,d101f86f-06cf-4eaf-88c0-8a082166e849,6312.5
81,81,A,Uptown,"UPTOWN-MERCY via Oakland, Hill District",43,4ba79f05-c2c1-4e55-b39c-f82cd4158f92,2565.9
81,81,A,Uptown,"UPTOWN-MERCY via Oakland, Hill District",44,742a62cd-9762-4473-b12a-8665f990d97c,5627.3
81,81,A,Uptown,"UPTOWN-MERCY via Oakland, Hill District",45,1cd179a9-7643-4739-9bec-9209feea271a,10646.3
81,81,A,Uptown,"UPTOWN-MERCY via Oakland, Hill District",46,613a3875-6c70-476b-b65f-378497702f43,6057.6
81,81,A,Uptown,"UPTOWN-MERCY via Oakland, Hill District",47,7a99a9f8-75d1-4a6b-97c2-6f5fa3f58d5d,10196.8
81,81,A,Uptown,"UPTOWN-MERCY via Oakland, Hill District",48,8080cc09-caff-471c-af89-69aeaafc9a90,11159.6
81,81,A,Uptown,"UPTOWN-MERCY via Oakland, Hill District",49,fe71e6d5-c8ce-4319-b6a0-d831ce470faf,507.0
81,81,A,Uptown,"UPTOWN-MERCY via Oakland, Hill District",50,2b1cd971-17cd-447e-a1a8-3323a1acab2c,2010.6
81,81,A,Uptown,"UPTOWN-MERCY via Oakland, Hill District",51,db634f12-41ea-4a9e-a2fa-5116322749c7,2269.8
81,81,A,Uptown,"UPTOWN-MERCY via Oakland, Hill District",52,198cd70d-e9e0-474f-b27c-2baa12829da4,9267.6
81,81,A,Uptown,"UPTOWN-MERCY via Oakland, Hill District",53,43429681-6ae0-4bdc-8582-e4820c6ebe46,7557.4
81,81,A,Uptown,"UPTOWN-MERCY via Oakland, Hill District",54,3b6de5bb-35a2-4c3e-97a7-eb5d9e46510a,8084.1
81,81,A,Uptown,"UPTOWN-MERCY via Oakland, Hill District",55,5becd88f-d16c-4613-aab6-f1490b0ef8a9,2434.3
81,81,A,Uptown,"UPTOWN-MERCY via Oakland, Hill District",56,cb01312c-3578-4a18-8dcb-8f8bd24d182d,8804.2
81,81,A,Uptown,"UPTOWN-MERCY via Oakland, Hill District",57,50bcafa1-9c04-49e6-aa36-ce28d1e2b2d0,4828.8
81,81,A,Lawrenceville,"LAWRENCEVILLE via Hill Dist, Oakland",1,5c1186c0-7eef-49aa-b901-de83d888e677,1563.7
81,81,A,Lawrenceville,"LAWRENCEVILLE via Hill Dist, Oakland",2,de1ff3fc-b53f-4ee8-aeb4-08c71f81cad1,1975.1
81,81,A,Lawrenceville,"LAWRENCEVILLE via Hill Dist, Oakland",3,cf337cf5-ef2b-4f7b-bd8d-d803c418272e,1366.3
81,81,A,Lawrenceville,"LAWRENCEVILLE via Hill Dist, Oakland",4,e392922f-7cb8-445b-bdc1-8ef006848848,8081.3
81,81,A,Lawrenceville,"LAWRENCEVILLE via Hill Dist, Oakland",5,6c8d6d4f-6c93-4aa6-b61e-445a9f31f33d,2201.6
81,81,A,Lawrenceville,"LAWRENCEVILLE via Hill Dist, Oakland",6,a908c498-1522-466d-802b-faeffe84ff3d,7024.8
81,81,A,Lawrenceville,"LAWRENCEVILLE via Hill Dist, Oakland",7,524592a9-cde2-4984-b84e-43b59bea1829,3764.6
81,81,A,Lawrenceville,"LAWRENCEVILLE via Hill Dist, Oakland",8,ef0b53c3-82c6-433f-bcb0-86f76b976650,827.0
81,81,A,Lawrenceville,"LAWRENCEVILLE via Hill Dist, Oakland",9,d4c84733-c669-41c0-8c3d-f9f40dc0aab6,1718.8
81,81,A,Lawrenceville,"LAWRENCEVILLE via Hill Dist, Oakland",10,1753a59c-dc9d-471b-a5f7-cab0bd4428c2,2977.8
81,81,A,Lawrenceville,"LAWRENCEVILLE via Hill Dist, Oakland",11,3664bb2c-178f-4fe7-ad06-686e2fb06e12,5568.6
81,81,A,Lawrenceville,"LAWRENCEVILLE via Hill Dist, Oakland",12,c206b9a3-345f-49cd-b29f-cc9f03d7ede7,1871.5
81,81,A,Lawrenceville,"LAWRENCEVILLE via Hill Dist, Oakland",13,8b7ec643-451d-4cb2-bb59-0b41f9cadb2a,4170.2
81,81,A,Lawrenceville,"LAWRENCEVILLE via Hill Dist, Oakland",14,28772350-a68e-41f9-8653-24abff8547d0,2594.2
81,81,A,Lawrenceville,"LAWRENCEVILLE via Hill Dist, Oakland",15,4a3c7d9d-7305-4292-8fc9-c38510edc639,3422.4
81,81,A,Lawrenceville,"LAWRENCEVILLE via Hill Dist, Oakland",16,a47fea6f-2cdf-49e2-a082-d22baa5cce79,8929.7
81,81,A,Lawrenceville,"LAWRENCEVILLE via Hill Dist, Oakland",17,94eaebc6-e86d-4514-9aa4-2865c40ab5e0,5955.2
81,81,A,Lawrenceville,"LAWRENCEVILLE via Hill Dist, Oakland",18,0f6635a0-44c3-4574-b45d-9edf39bf4414,6180.0
81,81,A,Lawrenceville,"LAWRENCEVILLE via Hill Dist, Oakland",19,9521e700-539b-4f7f-a38f-4be00f051eea,188.3
81,81,A,Lawrenceville,"LAWRENCEVILLE via Hill Dist, Oakland",20,36645177-0dca-4bb7-bccb-c0004f0bb3a4,5074.4
81,81,A,Lawrenceville,"LAWRENCEVILLE via Hill Dist, Oakland",21,cddc8de9-6862-4740-89c3-0d26d280caac,3228.9
81,81,A,Lawrenceville,"LAWRENCEVILLE via Hill Dist, Oakland",22,d45235ca-c669-493a-8761-8c81bf81786d,4427.6
81,81,A,Lawrenceville,"LAWRENCEVILLE via Hill Dist, Oakland",23,f98caf69-fc1f-40ed-ace4-64493e6c64c9,2371.4
81,81,A,Lawrenceville,"LAWRENCEVILLE via Hill Dist, Oakland",24,5be15225-d27b-41f2-b076-48a14b6a285b,9780.9
81,81,A,Lawrenceville,"LAWRENCEVILLE via Hill Dist, Oakland",25,978bd579-182a-4e6b-8da6-8bb677b113e6,10971.0
81,81,A,Lawrenceville,"LAWRENCEVILLE via Hill Dist, Oakland",26,a1628b78-1486-4411-b10f-cbdeff178506,1486.1
81,81,A,Lawrenceville,"LAWRENCEVILLE via Hill Dist, Oakland",27,07bbca09-823b-4066-a7f2-897fc167a3b4,8277.3
81,81,A,Lawrenceville,"LAWRENCEVILLE via Hill Dist, Oakland",28,94f5f1d9-30a4-4c50-849a-c76db0109e03,6680.8
81,81,A,Lawrenceville,"LAWRENCEVILLE via Hill Dist, Oakland",29,78c19f31-bac5-4cb9-b3e2-d7484c24661d,9986.2
81,81,A,Lawrenceville,"LAWRENCEVILLE via Hill Dist, Oakland",30,3066817e-5f9f-47fe-8b3b-1540a27e4ac4,1011.7
81,81,A,Lawrenceville,"LAWRENCEVILLE via Hill Dist, Oakland",31,814e8775-6177-4d85-9a68-e37d4192d90c,11328.6
81,81,A,Lawrenceville,"LAWRENCEVILLE via Hill Dist, Oakland",32,33828561-e4dd-41a1-81c7-933786ad217c,10322.0
81,81,A,Lawrenceville,"LAWRENCEVILLE via Hill Dist, Oakland",33,38e9e82a-e91a-4eb5-8ef8-e61209807d46,9629.0
81,81,A,Lawrenceville,"LAWRENCEVILLE via Hill Dist, Oakland",34,fa84990b-c518-4a7a-8898-a2972a95aa0e,10726.8
81,81,A,Lawrenceville,"LAWRENCEVILLE via Hill Dist, Oakland",35,e5cba71b-564d-4121-999f-dde2acf6609c,10571.6
81,81,A,Lawrenceville,"LAWRENCEVILLE via Hill Dist, Oakland",36,ed3ffbd4-c6d5-4e68-86de-43b46aa88325,11106.8
81,81,A,Lawrenceville,"LAWRENCEVILLE via Hill Dist, Oakland",37,c1a8a91d-9674-4033-bb0b-e08228488280,8536.3
81,81,A,Lawrenceville,"LAWRENCEVILLE via Hill Dist, Oakland",38,0c7826fe-2c4c-43c5-98f7-7ec51e3b53fe,3632.9
81,81,A,Lawrenceville,"LAWRENCEVILLE via Hill Dist, Oakland",39,47fff004-0ffa-4326-859e-54cb36e03a89,1233.4
81,81,A,Lawrenceville,"LAWRENCEVILLE via Hill Dist, Oakland",40,deb4346e-53b9-48a4-b864-1aeb06e52775,9252.7
81,81,A,Lawrenceville,"LAWRENCEVILLE via Hill Dist, Oakland",41,2d7ffab4-7132-48ba-82d8-b1107d05f3da,4260.8
81,81,A,Lawrenceville,"LAWRENCEVILLE via Hill Dist, Oakland",42,75ff3f0f-176e-4aa2-a5ab-a7d2af90fe6e,6426.8
81,81,A,Lawrenceville,"LAWRENCEVILLE via Hill Dist, Oakland",43,7fa3fd16-07f1-49c7-8c37-1b7ca6ef9437,10149.7
81,81,A,Lawrenceville,"LAWRENCEVILLE via Hill Dist, Oakland",44,0b2ae001-8206-41f1-983f-e9bacc43531c,9077.4
81,81,A,Lawrenceville,"LAWRENCEVILLE via Hill Dist, Oakland",45,ff74ea21-178e-4e64-befa-e5c17e965950,530.3
81,81,A,Lawrenceville,"LAWRENCEVILLE via Hill Dist, Oakland",46,94626438-bcde-4277-b000-20c1dd4a6050,4045.8
81,81,A,Lawrenceville,"LAWRENCEVILLE via Hill Dist, Oakland",47,22993ee6-5609-4892-967a-008a70775df4,4791.3
81,81,A,Lawrenceville,"LAWRENCEVILLE via Hill Dist, Oakland",48,847b539e-94e7-46f7-9998-44d2a571e466,9456.4
81,81,A,Lawrenceville,"LAWRENCEVILLE via Hill Dist, Oakland",49,51fa8c3a-ad5b-42b0-baf5-83282162ac82,10837.1
81,81,A,Lawrenceville,"LAWRENCEVILLE via Hill Dist, Oakland",50,635dbcf0-b99c-44f7-8a76-83bce2374853,0.4
81,81,A,Lawrenceville,"LAWRENCEVILLE via Hill Dist, Oakland",51,6f7c919c-4b31-4cdf-bfd0-45195e00854a,3059.8
81,81,A,Lawrenceville,"LAWRENCEVILLE via Hill Dist, Oakland",52,7194ad09-c278-456a-b296-58cd88bd3b1f,760.2
81,81,A,Lawrenceville,"LAWRENCEVILLE via Hill Dist, Oakland",53,217bd1a9-40c6-4bde-9d8d-61452bf33cfa,9352.6
81,81,A,Lawrenceville,"LAWRENCEVILLE via Hill Dist, Oakland",54,3fab3770-5ead-45c7-b5b6-9c20c613736f,686.9
13,13,A,Downtown,"DOWNTOWN via Bellevue, Marshall-Shadeland, Manchester",1,f291539d-fa5a-4b76-a889-4b60ef72fb6c,8106.1
13,13,A,Downtown,"DOWNTOWN via Bellevue, Marshall-Shadeland, Manchester",2,57d565ef-b4c0-4b31-a94f-4b7549cb7dc2,14347.5
13,13,A,Downtown,"DOWNTOWN via Bellevue, Marshall-Shadeland, Manchester",3,0a7bd4d2-332e-4c4d-968f-3b689ae57760,2092.9
13,13,A,Downtown,"DOWNTOWN via Bellevue, Marshall-Shadeland, Manchester",4,da64bc72-cb21-42ae-a495-4228b49e17be,6378.2
13,13,A,Downtown,"DOWNTOWN via Bellevue, Marshall-Shadeland, Manchester",5,b75aa0d3-0070-48cf-a99d-6b1ac2c94244,1321.8
13,13,A,Downtown,"DOWNTOWN via Bellevue, Marshall-Shadeland, Manchester",6,93cd7fa0-bcf4-4463-82fb-dac8417e69ff,11098.4
13,13,A,Downtown,"DOWNTOWN via Bellevue, Marshall-Shadeland, Manchester",7,12b01ee3-d2f7-4273-9f0c-deef10ffc097,5269.3
13,13,A,Downtown,"DOWNTOWN via Bellevue, Marshall-Shadeland, Manchester",8,c6ad6ba8-1904-483f-9f4e-d51e3f5f71e9,0.3
13,13,A,Downtown,"DOWNTOWN via Bellevue, Marshall-Shadeland, Manchester",9,7da41aea-873e-44d3-ae1b-060766fd00a8,15020.1
13,13,A,Downtown,"DOWNTOWN via Bellevue, Marshall-Shadeland, Manchester",10,a2849052-a0d3-4565-8b45-288dc4347e7b,11417.3
13,13,A,Downtown,"DOWNTOWN via Bellevue, Marshall-Shadeland, Manchester",11,199a376e-d4eb-45da-ad79-0c9ed7ad94de,7250.1
13,13,A,Downtown,"DOWNTOWN via Bellevue, Marshall-Shadeland, Manchester",12,42de0351-f892-4437-bebc-6b43916e8207,8199.8
13,13,A,Downtown,"DOWNTOWN via Bellevue, Marshall-Shadeland, Manchester",13,c54aec51-74ca-4094-b833-5527b432880e,15896.6
13,13,A,Downtown,"DOWNTOWN via Bellevue, Marshall-Shadeland, Manchester",14,3435ae1d-b3f2-46fe-9d31-98efaf79d1f1,13722.7
13,13,A,Downtown,"DOWNTOWN via Bellevue, Marshall-Shadeland, Manchester",15,ea272ff1-02ad-47b6-a581-988cbc3f878d,11558.9
13,13,A,Downtown,"DOWNTOWN via Bellevue, Marshall-Shadeland, Manchester",16,08234734-2cdf-44bb-a705-ad3a31f93cd3,9009.6
13,13,A,Downtown,"DOWNTOWN via Bellevue, Marshall-Shadeland, Manchester",17,4574ebbb-8394-4cf0-81ea-10b3994b5622,8297.5
13,13,A,Downtown,"DOWNTOWN via Bellevue, Marshall-Shadeland, Manchester",18,4493e69c-70b0-4875-828a-7ad73ae366bd,2895.0
13,13,A,Downtown,"DOWNTOWN via Bellevue, Marshall-Shadeland, Manchester",19,a27d9db7-a3f4-4430-9891-7ba4c4e65b62,3096.9
13,13,A,Downtown,"DOWNTOWN via Bellevue, Marshall-Shadeland, Manchester",20,3e43dfe1-884d-4516-b004-abcbb2490efe,7504.2
13,13,A,Downtown,"DOWNTOWN via Bellevue, Marshall-Shadeland, Manchester",21,525824f7-9700-4387-be66-a5b25c9c3d64,6881.6
13,13,A,Downtown,"DOWNTOWN via Bellevue, Marshall-Shadeland, Manchester",22,fc0041a7-f798-4395-a361-5faa8768abb5,14870.3
13,13,A,Downtown,"DOWNTOWN via Bellevue, Marshall-Shadeland, Manchester",23,648496a3-571f-4dc3-acdb-e852e3c2e3ae,2551.3
13,13,A,Downtown,"DOWNTOWN via Bellevue, Marshall-Shadeland, Manchester",24,4acf8a16-ce9a-48e0-af6a-593f791459b7,8434.7
13,13,A,Downtown,"DOWNTOWN via Bellevue, Marshall-Shadeland, Manchester",25,6a7d0550-4855-4b4e-b38d-973e79383ec8,152.5
13,13,A,Downtown,"DOWNTOWN via Bellevue, Marshall-Shadeland, Manchester",26,f40bd0eb-04bc-4028-ba69-b32deab63ebb,13291.4
13,13,A,Downtown,"DOWNTOWN via Bellevue, Marshall-Shadeland, Manchester",27,16066f6f-5852-4417-aa55-6775132afba5,6138.0
13,13,A,Downtown,"DOWNTOWN via Bellevue, Marshall-Shadeland, Manchester",28,4bb50160-33d3-4b2c-aa2f-7d20df387aca,11191.2
13,13,A,Downtown,"DOWNTOWN via Bellevue, Marshall-Shadeland, Manchester",29,d74804cd-6814-49f0-bb78-45f55e63f1a0,11959.4
13,13,A,Downtown,"DOWNTOWN via Bellevue, Marshall-Shadeland, Manchester",30,635e8435-f0e2-4746-8832-6906cc9919c4,4306.7
13,13,A,Downtown,"DOWNTOWN via Bellevue, Marshall-Shadeland, Manchester",31,7374e3fa-93bd-4515-856e-68ee9ce194dc,6615.9
13,13,A,Downtown,"DOWNTOWN via Bellevue, Marshall-Shadeland, Manchester",32,45cd0d64-f389-4290-92b8-ba5045986add,1841.0
13,13,A,Downtown,"DOWNTOWN via Bellevue, Marshall-Shadeland, Manchester",33,84aa9acd-43ff-41fc-b2a3-c4fc57e7c191,656.6
13,13,A,Downtown,"DOWNTOWN via Bellevue, Marshall-Shadeland, Manchester",34,e15682ca-bf52-42f2-8016-b4b333d3269f,7875.3
13,13,A,Downtown,"DOWNTOWN via Bellevue, Marshall-Shadeland, Manchester",35,b6375732-13f8-4ec4-b337-3af1ec7fff58,5901.3
13,13,A,Downtown,"DOWNTOWN via Bellevue, Marshall-Shadeland, Manchester",36,9cd73a70-c30c-488a-98bf-52f320cdf8e9,2346.4
13,13,A,Downtown,"DOWNTOWN via Bellevue, Marshall-Shadeland, Manchester",37,aecf869a-432f-4f01-97c8-fb7fc8464999,3593.9
13,13,A,Downtown,"DOWNTOWN via Bellevue, Marshall-Shadeland, Manchester",38,eb7e1069-d9c7-4314-ad5c-dc8a4c01a8d1,11002.2
13,13,A,Downtown,"DOWNTOWN via Bellevue, Marshall-Shadeland, Manchester",39,27da43fc-3a94-428d-ae52-74feb302e7ac,10892.6
13,13,A,Downtown,"DOWNTOWN via Bellevue, Marshall-Shadeland, Manchester",40,8a3295b7-f4c9-4b31-b35e-1dbb2a648205,886.1
13,13,A,Downtown,"DOWNTOWN via Bellevue, Marshall-Shadeland, Manchester",41,530fb5d9-8171-42ce-a59a-5835f326b57e,11300.5
13,13,A,Downtown,"DOWNTOWN via Bellevue, Marshall-Shadeland, Manchester",42,03c54e81-a46d-4f87-84dc-55b43291548a,5558.2
13,13,A,Downtown,"DOWNTOWN via Bellevue, Marshall-Shadeland, Manchester",43,603e6ce6-0e7a-4eb6-9159-691a508e5d6b,7712.3
13,13,A,Downtown,"DOWNTOWN via Bellevue, Marshall-Shadeland, Manchester",44,2c27ff94-b32c-4590-ae15-e67d6de8a768,8603.8
13,13,A,Downtown,"DOWNTOWN via Bellevue, Marshall-Shadeland, Manchester",45,bdc2d077-6a93-432c-9134-41a0e1397789,9337.6
13,13,A,Downtown,"DOWNTOWN via Bellevue, Marshall-Shadeland, Manchester",46,a30756be-6152-4d77-b631-85f9718b87ad,4928.2
13,13,A,Downtown,"DOWNTOWN via Bellevue, Marshall-Shadeland, Manchester",47,41ed0b02-10c5-4d33-8717-6f5249d8fc04,9167.4
13,13,A,Downtown,"DOWNTOWN via Bellevue, Marshall-Shadeland, Manchester",48,35c70649-6d4e-4bc6-998d-f96503639a1c,2217.5
13,13,A,Downtown,"DOWNTOWN via Bellevue, Marshall-Shadeland, Manchester",49,494be108-33cb-49b1-84f8-6965d5582054,11718.4
13,13,A,Downtown,"DOWNTOWN via Bellevue, Marshall-Shadeland, Manchester",50,c06d0c9c-116f-4d47-82bc-eb469236ec95,12671.9
13,13,A,Downtown,"DOWNTOWN via Bellevue, Marshall-Shadeland, Manchester",51,d3125f5c-9873-49e1-a720-36324ef32ac8,15521.4
13,13,A,Downtown,"DOWNTOWN via Bellevue, Marshall-Shadeland, Manchester",52,bc255886-70ba-43f2-afd1-a2098db3897f,1045.3
13,13,A,Downtown,"DOWNTOWN via Bellevue, Marshall-Shadeland, Manchester",53,42f9a29b-972d-4779-b2a2-2d231f009da4,2705.9
13,13,A,Downtown,"DOWNTOWN via Bellevue, Marshall-Shadeland, Manchester",54,9592715d-94f5-4654-a487-42f725ad0b98,12791.8
13,13,A,Downtown,"DOWNTOWN via Bellevue, Marshall-Shadeland, Manchester",55,25887827-8b23-4782-9a67-ff185d0fd2fc,4603.3
13,13,A,Downtown,"DOWNTOWN via Bellevue, Marshall-Shadeland, Manchester",56,1b25c934-b90a-4a74-b38c-a6a440b5d8fc,12370.9
13,13,A,Downtown,"DOWNTOWN via Bellevue, Marshall-Shadeland, Manchester",57,d574fdd1-3a2f-46ec-9b9f-694458d0e47d,5040.6
13,13,A,Downtown,"DOWNTOWN via Bellevue, Marshall-Shadeland, Manchester",58,9b2f776e-1866-4d90-8a47-122170398558,14562.0
13,13,A,Downtown,"DOWNTOWN via Bellevue, Marshall-Shadeland, Manchester",59,ee1c99eb-6ef6-4fa8-8131-d7918595b685,15283.0
13,13,A,Downtown,"DOWNTOWN via Bellevue, Marshall-Shadeland, Manchester",60,b78a05ed-edc9-4124-96e6-51a308a60a46,385.0
13,13,A,Downtown,"DOWNTOWN via Bellevue, Marshall-Shadeland, Manchester",61,0021dbf6-44e0-4ede-8bb4-6e59c0d56a4a,7060.0
13,13,A,Downtown,"DOWNTOWN via Bellevue, Marshall-Shadeland, Manchester",62,50971632-6689-438f-90f9-1aef24969aac,8014.0
13,13,A,Downtown,"DOWNTOWN via Bellevue, Marshall-Shadeland, Manchester",63,6fe05d9e-9877-46e0-8503-2c9da3fde567,13486.5
13,13,A,Downtown,"DOWNTOWN via Bellevue, Marshall-Shadeland, Manchester",64,7e04135b-9c17-4fe4-abb5-687e81c5dd8e,13130.5
13,13,A,Downtown,"DOWNTOWN via Bellevue, Marshall-Shadeland, Manchester",65,9269f227-93c8-4a03-8f5a-3431a0f052a5,5744.1
13,13,A,Downtown,"DOWNTOWN via Bellevue, Marshall-Shadeland, Manchester",66,45d32d8e-a32a-4df3-8d90-141fb1588b62,4751.2
13,13,A,Downtown,"DOWNTOWN via Bellevue, Marshall-Shadeland, Manchester",67,dac503ea-81be-4988-bece-abd44c50cfa3,4118.8
13,13,A,Downtown,"DOWNTOWN via Bellevue, Marshall-Shadeland, Manchester",68,da1fc314-3025-4f4a-a568-4adc4f6e3ec9,8748.7
13,13,A,Downtown,"DOWNTOWN via Bellevue, Marshall-Shadeland, Manchester",69,aa0891ce-f6e2-4fd2-b4d7-174197ac6146,3238.0
13,13,A,Downtown,"DOWNTOWN via Bellevue, Marshall-Shadeland, Manchester",70,e09016c5-59ab-45d4-b8fc-5417e76cb3f1,4017.4
13,13,A,Downtown,"DOWNTOWN via Bellevue, Marshall-Shadeland, Manchester",71,5d901917-24b6-44b8-a93a-84b552265405,1702.9
13,13,A,West View,"WEST VIEW via Bellevue, Marshall-Shadeland, Manchester",1,1753e0fa-2d7d-4039-8e66-a34be8d213ca,15008.8
13,13,A,West View,"WEST VIEW via Bellevue, Marshall-Shadeland, Manchester",2,623a4acb-5610-4654-937f-30d69545e03d,1733.3
13,13,A,West View,"WEST VIEW via Bellevue, Marshall-Shadeland, Manchester",3,064cba0b-dcf7-4c59-aa93-7a67c4b037db,4507.8
13,13,A,West View,"WEST VIEW via Bellevue, Marshall-Shadeland, Manchester",4,024ee3b7-4824-4248-aa07-076c24979c75,6710.6
13,13,A,West View,"WEST VIEW via Bellevue, Marshall-Shadeland, Manchester",5,a3fd92c5-78e4-431a-b0bb-d2c352cfe6b9,3222.5
13,13,A,West View,"WEST VIEW via Bellevue, Marshall-Shadeland, Manchester",6,65cbea0b-606b-4230-bff5-d91eefafd6f5,10284.3
13,13,A,West View,"WEST VIEW via Bellevue, Marshall-Shadeland, Manchester",7,e6200cb4-0151-46c1-ba93-fcd3b1c87b11,4988.1
13,13,A,West View,"WEST VIEW via Bellevue, Marshall-Shadeland, Manchester",8,a2b3969b-9f56-4fc6-aa0b-5060e65c0d8d,4146.3
13,13,A,West View,"WEST VIEW via Bellevue, Marshall-Shadeland, Manchester",9,9db9b78e-2e3b-4c5e-aa40-d8e0b975b35f,8024.2
13,13,A,West View,"WEST VIEW via Bellevue, Marshall-Shadeland, Manchester",10,38ef42b7-6c49-48ac-8aa1-1d918786e8c3,5622.5
13,13,A,West View,"WEST VIEW via Bellevue, Marshall-Shadeland, Manchester",11,ecf8c489-7f0f-4a38-a2b3-f76728e6aa64,4615.5
13,13,A,West View,"WEST VIEW via Bellevue, Marshall-Shadeland, Manchester",12,ac42975f-d512-46a1-87cd-b4f59388606c,11930.6
13,13,A,West View,"WEST VIEW via Bellevue, Marshall-Shadeland, Manchester",13,161581c4-4b3a-4969-8e96-df90eb654944,11741.2
13,13,A,West View,"WEST VIEW via Bellevue, Marshall-Shadeland, Manchester",14,fb2f9a45-d4cd-47f8-8eaa-f3a9c96cbe19,14724.5
13,13,A,West View,"WEST VIEW via Bellevue, Marshall-Shadeland, Manchester",15,22944307-6f47-4992-807e-d11ac383f15f,9232.0
13,13,A,West View,"WEST VIEW via Bellevue, Marshall-Shadeland, Manchester",16,caf4f00e-95fe-414a-a45f-ca4071151981,14875.3
13,13,A,West View,"WEST VIEW via Bellevue, Marshall-Shadeland, Manchester",17,b0bb5548-0e47-4c33-bb9d-03df305cb10f,11505.4
13,13,A,West View,"WEST VIEW via Bellevue, Marshall-Shadeland, Manchester",18,c45fd2d6-0202-45c7-8e5a-a71c6f43921f,13969.0
13,13,A,West View,"WEST VIEW via Bellevue, Marshall-Shadeland, Manchester",19,8faa61a5-a728-4420-a5f8-b7564f37ce3c,8193.5
13,13,A,West View,"WEST VIEW via Bellevue, Marshall-Shadeland, Manchester",20,3500e563-937f-433c-9c85-ebbb8d96906d,8514.3
13,13,A,West View,"WEST VIEW via Bellevue, Marshall-Shadeland, Manchester",21,905bdddb-d43d-4509-9530-21b65825ec71,9817.4
13,13,A,West View,"WEST VIEW via Bellevue, Marshall-Shadeland, Manchester",22,62714892-d242-4c3c-a76e-087788f74996,7836.8
13,13,A,West View,"WEST VIEW via Bellevue, Marshall-Shadeland, Manchester",23,61d54885-e894-4863-a183-ada5b7a315d4,6219.4
13,13,A,West View,"WEST VIEW via Bellevue, Marshall-Shadeland, Manchester",24,4b07fc31-8588-4edd-9b12-6527f6741281,6990.5
13,13,A,West View,"WEST VIEW via Bellevue, Marshall-Shadeland, Manchester",25,d5307d21-48bf-4cf5-b991-46e8d55c6a66,2756.1
13,13,A,West View,"WEST VIEW via Bellevue, Marshall-Shadeland, Manchester",26,66a3fc75-e1d1-4464-b906-a44de08acbb5,10753.4
13,13,A,West View,"WEST VIEW via Bellevue, Marshall-Shadeland, Manchester",27,19c7018a-f9bd-48e8-b153-43e88771ad88,6397.0
13,13,A,West View,"WEST VIEW via Bellevue, Marshall-Shadeland, Manchester",28,7de6afc7-b6e6-43eb-921a-97563ab42324,7611.7
13,13,A,West View,"WEST VIEW via Bellevue, Marshall-Shadeland, Manchester",29,cb04164f-82ff-43ca-b55f-b2a0f3042d5f,11120.1
13,13,A,West View,"WEST VIEW via Bellevue, Marshall-Shadeland, Manchester",30,d3cfdc94-f8ca-4c9a-91ca-501b0175df1e,243.7
13,13,A,West View,"WEST VIEW via Bellevue, Marshall-Shadeland, Manchester",31,5438253c-afcb-415c-b0da-d383584dd850,10924.5
13,13,A,West View,"WEST VIEW via Bellevue, Marshall-Shadeland, Manchester",32,3c69bf7d-14ee-4bf2-87ab-597a10e5d08d,7122.7
13,13,A,West View,"WEST VIEW via Bellevue, Marshall-Shadeland, Manchester",33,c2ec242f-748e-420d-a5fd-41402c191106,4819.4
13,13,A,West View,"WEST VIEW via Bellevue, Marshall-Shadeland, Manchester",34,d887c759-9e9d-43fc-a7d1-dd174b791d3f,10525.9
13,13,A,West View,"WEST VIEW via Bellevue, Marshall-Shadeland, Manchester",35,39cf554c-ad12-42e1-84dc-8a12b4e808aa,1093.9
13,13,A,West View,"WEST VIEW via Bellevue, Marshall-Shadeland, Manchester",36,3bde8b3f-f706-4c34-8040-d4ed339033dc,12784.4
13,13,A,West View,"WEST VIEW via Bellevue, Marshall-Shadeland, Manchester",37,d771ed99-cdc4-427d-8c5a-d6b139edf9d0,13633.5
13,13,A,West View,"WEST VIEW via Bellevue, Marshall-Shadeland, Manchester",38,c9369acd-7607-4530-971b-577f1e81d900,1525.5
13,13,A,West View,"WEST VIEW via Bellevue, Marshall-Shadeland, Manchester",39,b78a05ed-edc9-4124-96e6-51a308a60a46,15811.4
13,13,A,West View,"WEST VIEW via Bellevue, Marshall-Shadeland, Manchester",40,3e4800b0-07b0-4858-a04c-3a1e4505177e,4300.0
13,13,A,West View,"WEST VIEW via Bellevue, Marshall-Shadeland, Manchester",41,10f71b32-4b1b-4ce1-9e68-88de71525f31,13149.0
13,13,A,West View,"WEST VIEW via Bellevue, Marshall-Shadeland, Manchester",42,c6ad6ba8-1904-483f-9f4e-d51e3f5f71e9,15793.4
13,13,A,West View,"WEST VIEW via Bellevue, Marshall-Shadeland, Manchester",43,ab4d6e79-1200-40d4-9db6-27fe30ef2e83,809.4
13,13,A,West View,"WEST VIEW via Bellevue, Marshall-Shadeland, Manchester",44,e88be8bd-6475-4aa7-9990-355222a5735d,7518.4
13,13,A,West View,"WEST VIEW via Bellevue, Marshall-Shadeland, Manchester",45,5b29d47d-2081-421c-9dfe-4e36857f65d8,8900.2
13,13,A,West View,"WEST VIEW via Bellevue, Marshall-Shadeland, Manchester",46,700d5d80-50a6-4f5a-9101-88c1cb1c697e,13323.5
13,13,A,West View,"WEST VIEW via Bellevue, Marshall-Shadeland, Manchester",47,c54aec51-74ca-4094-b833-5527b432880e,1.9
13,13,A,West View,"WEST VIEW via Bellevue, Marshall-Shadeland, Manchester",48,152e86af-5617-40a5-9369-4308ed04bc9e,6064.2
13,13,A,West View,"WEST VIEW via Bellevue, Marshall-Shadeland, Manchester",49,7c5f6fbf-9e27-4677-824e-f0a149dac77e,2012.3
13,13,A,West View,"WEST VIEW via Bellevue, Marshall-Shadeland, Manchester",50,b3bd237a-7684-4d66-8e85-beccd98daa10,12079.8
13,13,A,West View,"WEST VIEW via Bellevue, Marshall-Shadeland, Manchester",51,584790dc-95e4-4328-96db-e18704b97d51,15351.1
13,13,A,West View,"WEST VIEW via Bellevue, Marshall-Shadeland, Manchester",52,fd81451a-6e62-4708-88dc-a239309c50a3,4359.8
13,13,A,West View,"WEST VIEW via Bellevue, Marshall-Shadeland, Manchester",53,2802fa11-fee3-41f4-af0a-2d33fceee6b6,4135.6
13,13,A,West View,"WEST VIEW via Bellevue, Marshall-Shadeland, Manchester",54,d99f1488-ebe1-4e7a-b224-801871fc85a2,2926.2
13,13,A,West View,"WEST VIEW via Bellevue, Marshall-Shadeland, Manchester",55,7471d878-dc5c-4d11-b5f0-715ffbff2f77,1361.0
13,13,A,West View,"WEST VIEW via Bellevue, Marshall-Shadeland, Manchester",56,8c44cc59-483c-44b3-afae-3ef3bdfabe82,12465.3
13,13,A,West View,"WEST VIEW via Bellevue, Marshall-Shadeland, Manchester",57,de086cd0-04ba-4597-b3a4-8096e7c44868,13843.9
13,13,A,West View,"WEST VIEW via Bellevue, Marshall-Shadeland, Manchester",58,1482cef7-ab3c-4979-83b4-b752ecd07372,13459.2
13,13,A,West View,"WEST VIEW via Bellevue, Marshall-Shadeland, Manchester",59,7db96d4c-9ce0-440b-a5c5-95dd15576f60,8401.6
13,13,A,West View,"WEST VIEW via Bellevue, Marshall-Shadeland, Manchester",60,e27c4cb9-0f75-48f6-a1e4-bbe10bce0a25,12371.4
13,13,A,West View,"WEST VIEW via Bellevue, Marshall-Shadeland, Manchester",61,2ffb4392-d598-4023-919c-35fae18eba59,5857.2
13,13,A,West View,"WEST VIEW via Bellevue, Marshall-Shadeland, Manchester",62,a2eef954-c4dd-43b4-a47f-b65ca3ebcc7a,12600.2
13,13,A,West View,"WEST VIEW via Bellevue, Marshall-Shadeland, Manchester",63,ed362234-6c35-4b4b-a85e-ee4cb25fa470,3147.9
13,13,A,West View,"WEST VIEW via Bellevue, Marshall-Shadeland, Manchester",64,0748d88d-47e7-404e-9b96-51fac96eb10a,7405.2
13,13,A,West View,"WEST VIEW via Bellevue, Marshall-Shadeland, Manchester",65,e5d8e2d5-aea2-4b68-a6f1-268d39b906c7,7289.8
13,13,A,West View,"WEST VIEW via Bellevue, Marshall-Shadeland, Manchester",66,fd6087e3-f8e8-47da-b3ab-b08c6d94730f,9979.1
13,13,A,West View,"WEST VIEW via Bellevue, Marshall-Shadeland, Manchester",67,a8dc382c-2cdd-42b3-9a50-e53a45cde4dc,2410.6
13,13,A,West View,"WEST VIEW via Bellevue, Marshall-Shadeland, Manchester",68,31ab9fdc-682d-4186-81ef-f215de72df3d,11262.4
13,13,A,West View,"WEST VIEW via Bellevue, Marshall-Shadeland, Manchester",69,a2849052-a0d3-4565-8b45-288dc4347e7b,4146.7
13,13,A,West View,"WEST VIEW via Bellevue, Marshall-Shadeland, Manchester",70,f4d2fb6c-adbd-48f9-8b5c-3bc5d3933b0d,4054.0
13,13,A,West View,"WEST VIEW via Bellevue, Marshall-Shadeland, Manchester",71,a4ce5dea-c98c-4f69-bf2f-4d5e3cf7187c,6568.0
13,13,A,West View,"WEST VIEW via Bellevue, Marshall-Shadeland, Manchester",72,4dc51fae-c84b-4b85-bc10-5bc77e2a581e,8677.1
58,58,A,Downtown,"DOWNTOWN via Sq Hill, Greenfield, Schenley Park",1,889f17ae-8410-491e-ac60-ffdb442bd9bb,6923.2
58,58,A,Downtown,"DOWNTOWN via Sq Hill, Greenfield, Schenley Park",2,27ad7d5a-5418-43c9-a748-8debca873059,4907.6
58,58,A,Downtown,"DOWNTOWN via Sq Hill, Greenfield, Schenley Park",3,da139bb1-5de0-438a-ae18-c618a6bf17c5,3710.2
58,58,A,Downtown,"DOWNTOWN via Sq Hill, Greenfield, Schenley Park",4,50b8b9c2-6b03-402b-bc8b-06d361132f09,1627.9
58,58,A,Downtown,"DOWNTOWN via Sq Hill, Greenfield, Schenley Park",5,fb2fc38b-b6ed-40ed-bc6f-219681606146,11536.5
58,58,A,Downtown,"DOWNTOWN via Sq Hill, Greenfield, Schenley Park",6,1739ff68-d800-4c4e-8f3f-1fb3cb027c95,649.4
58,58,A,Downtown,"DOWNTOWN via Sq Hill, Greenfield, Schenley Park",7,e67d54c1-ecd5-47e1-a803-a8c80d9e4267,5047.5
58,58,A,Downtown,"DOWNTOWN via Sq Hill, Greenfield, Schenley Park",8,9f4c9217-ede3-482b-b16a-3e8b2f2a28d2,10941.8
58,58,A,Downtown,"DOWNTOWN via Sq Hill, Greenfield, Schenley Park",9,7b7a168b-63d4-40c7-857e-7e960dc9ce99,5859.1
58,58,A,Downtown,"DOWNTOWN via Sq Hill, Greenfield, Schenley Park",10,a07933ab-f8fc-427c-b6c5-463d3a39ff20,12332.3
58,58,A,Downtown,"DOWNTOWN via Sq Hill, Greenfield, Schenley Park",11,e050ca25-d322-453d-9421-d9514713f633,15987.2
58,58,A,Downtown,"DOWNTOWN via Sq Hill, Greenfield, Schenley Park",12,82e9c2b0-f4ea-4e9d-ad7d-efc5b2769b67,15561.8
58,58,A,Downtown,"DOWNTOWN via Sq Hill, Greenfield, Schenley Park",13,fdd0e359-9e03-4a9c-95cb-2f79e4b56338,12562.1
58,58,A,Downtown,"DOWNTOWN via Sq Hill, Greenfield, Schenley Park",14,cbefd82a-07a3-4d99-b958-f95151838539,465.2
58,58,A,Downtown,"DOWNTOWN via Sq Hill, Greenfield, Schenley Park",15,6b0ebe69-e4f9-415d-a62d-c9a2ff14ed3e,20836.7
58,58,A,Downtown,"DOWNTOWN via Sq Hill, Greenfield, Schenley Park",16,568200d5-5046-457a-b837-162e731eb22d,13837.0
58,58,A,Downtown,"DOWNTOWN via Sq Hill, Greenfield, Schenley Park",17,c2268d4c-02a3-4f0b-ba17-8a2c728c7e16,1359.6
58,58,A,Downtown,"DOWNTOWN via Sq Hill, Greenfield, Schenley Park",18,7bd1f0a1-3122-419d-b212-9942d136c320,0.1
58,58,A,Downtown,"DOWNTOWN via Sq Hill, Greenfield, Schenley Park",19,198c2432-fc03-4530-be20-7cd658211096,11063.9
58,58,A,Downtown,"DOWNTOWN via Sq Hill, Greenfield, Schenley Park",20,e9f0652c-bdc7-46c5-9d8b-d36d2ddf7ef2,2821.7
58,58,A,Downtown,"DOWNTOWN via Sq Hill, Greenfield, Schenley Park",21,c9fd5b1d-877e-4c4c-b9dd-7aae685cc93a,6384.2
58,58,A,Downtown,"DOWNTOWN via Sq Hill, Greenfield, Schenley Park",22,28220ac5-f0a1-4c84-a3ab-eb0eae56f7a3,8913.7
58,58,A,Downtown,"DOWNTOWN via Sq Hill, Greenfield, Schenley Park",23,f822181b-eea3-4c22-9f9f-01ec3fa78e83,8585.1
58,58,A,Downtown,"DOWNTOWN via Sq Hill, Greenfield, Schenley Park",24,4d15f00f-f3b9-4f23-bb42-9e866faae202,15237.9
58,58,A,Downtown,"DOWNTOWN via Sq Hill, Greenfield, Schenley Park",25,c75e00bf-b778-41de-b281-5dec9c05372e,10109.6
58,58,A,Downtown,"DOWNTOWN via Sq Hill, Greenfield, Schenley Park",26,118cbe4b-5c46-4a14-9ee2-c9ccb0031da2,9826.1
58,58,A,Downtown,"DOWNTOWN via Sq Hill, Greenfield, Schenley Park",27,0d1b4664-c4e9-4760-9dd9-9e430451ffcb,2540.8
58,58,A,Downtown,"DOWNTOWN via Sq Hill, Greenfield, Schenley Park",28,ea83a645-3808-4dff-aa2a-6c2617e9a37a,20024.3
58,58,A,Downtown,"DOWNTOWN via Sq Hill, Greenfield, Schenley Park",29,bf31c84d-9c6c-432e-9663-e716410f9dc0,18983.0
58,58,A,Downtown,"DOWNTOWN via Sq Hill, Greenfield, Schenley Park",30,434f2ef2-41e2-4bde-a58a-2e70a9162374,1239.7
58,58,A,Downtown,"DOWNTOWN via Sq Hill, Greenfield, Schenley Park",31,7f2dc490-b516-430d-bc8d-dc2ca912196f,12653.6
58,58,A,Downtown,"DOWNTOWN via Sq Hill, Greenfield, Schenley Park",32,76901aff-f80a-44e5-a321-3e4937b6d041,9574.4
58,58,A,Downtown,"DOWNTOWN via Sq Hill, Greenfield, Schenley Park",33,9981da88-520c-4727-bc48-2197e79adf19,10464.4
58,58,A,Downtown,"DOWNTOWN via Sq Hill, Greenfield, Schenley Park",34,6c6253aa-1dce-4331-a936-0d04dc82b6ab,12029.9
58,58,A,Downtown,"DOWNTOWN via Sq Hill, Greenfield, Schenley Park",35,6f407644-9a80-4290-803c-11c77f48e99d,3482.3
58,58,A,Downtown,"DOWNTOWN via Sq Hill, Greenfield, Schenley Park",36,66b45e33-4429-40a7-9f5a-add8c31c2200,9946.1
58,58,A,Downtown,"DOWNTOWN via Sq Hill, Greenfield, Schenley Park",37,8eadf6f4-bd2d-41d8-9cbf-929ddaca5f8a,14855.8
58,58,A,Downtown,"DOWNTOWN via Sq Hill, Greenfield, Schenley Park",38,bf4c11e4-e994-4899-a3d8-d97679902646,1976.9
58,58,A,Downtown,"DOWNTOWN via Sq Hill, Greenfield, Schenley Park",39,f077ad7d-760b-44bf-99f7-1852ea0493d3,15364.0
58,58,A,Downtown,"DOWNTOWN via Sq Hill, Greenfield, Schenley Park",40,254e9c1c-1f8a-4f5a-9970-14791894f047,972.3
58,58,A,Downtown,"DOWNTOWN via Sq Hill, Greenfield, Schenley Park",41,fb725da7-73bc-48c4-870c-88f434b6e541,3183.2
58,58,A,Downtown,"DOWNTOWN via Sq Hill, Greenfield, Schenley Park",42,b81f5997-11eb-4503-9cbd-99855f992faf,11696.5
58,58,A,Downtown,"DOWNTOWN via Sq Hill, Greenfield, Schenley Park",43,bf99f47d-c7f9-465f-a876-0a0af90b41bc,5444.2
58,58,A,Downtown,"DOWNTOWN via Sq Hill, Greenfield, Schenley Park",44,3e774991-3ea0-4fac-8d31-5feb61a1bbc9,2702.3
58,58,A,Downtown,"DOWNTOWN via Sq Hill, Greenfield, Schenley Park",45,84eeb7eb-606a-4aed-9525-9fe9e50dcd98,10603.8
58,58,A,Downtown,"DOWNTOWN via Sq Hill, Greenfield, Schenley Park",46,f1f35ab6-a5b8-42ec-bacc-db9205e05af8,7710.7
58,58,A,Downtown,"DOWNTOWN via Sq Hill, Greenfield, Schenley Park",47,ee84ccd9-537b-463b-9266-cf2032c4168d,9357.6
58,58,A,Downtown,"DOWNTOWN via Sq Hill, Greenfield, Schenley Park",48,0f8e5812-5df4-4705-9476-063b054f0abb,6730.9
58,58,A,Downtown,"DOWNTOWN via Sq Hill, Greenfield, Schenley Park",49,e4d662ff-dca3-4217-9d81-f662df4649fb,2330.1
58,58,A,Downtown,"DOWNTOWN via Sq Hill, Greenfield, Schenley Park",50,4d251f2f-6184-4fc2-988a-46d4293ab279,4362.1
58,58,A,Downtown,"DOWNTOWN via Sq Hill, Greenfield, Schenley Park",51,75e76bb0-eed1-48f9-a68f-243b64565e6a,11273.7
58,58,A,Downtown,"DOWNTOWN via Sq Hill, Greenfield, Schenley Park",52,6cf3b163-1e39-418c-b93c-60efeb8e8b74,3025.2
58,58,A,Downtown,"DOWNTOWN via Sq Hill, Greenfield, Schenley Park",53,afff6667-be83-4d54-842a-58042453a67c,12466.3
58,58,A,Downtown,"DOWNTOWN via Sq Hill, Greenfield, Schenley Park",54,927b5857-9d69-421b-8c0d-b6d138617228,10262.1
58,58,A,Downtown,"DOWNTOWN via Sq Hill, Greenfield, Schenley Park",55,9592a4e8-53ce-4647-807c-fb0aa21f100f,15756.7
58,58,A,Downtown,"DOWNTOWN via Sq Hill, Greenfield, Schenley Park",56,d41ea606-d84b-4829-970c-87d0e53b739d,9176.1
58,58,A,Downtown,"DOWNTOWN via Sq Hill, Greenfield, Schenley Park",57,4a5f71e7-277a-4ac1-a426-0633500293fd,6526.8
58,58,A,Downtown,"DOWNTOWN via Sq Hill, Greenfield, Schenley Park",58,153b0628-d8e0-49ad-b96c-474ba1150019,11173.0
58,58,A,Downtown,"DOWNTOWN via Sq Hill, Greenfield, Schenley Park",59,eb635a43-df58-4c3b-80f4-b989ab1f0043,11374.8
58,58,A,Downtown,"DOWNTOWN via Sq Hill, Greenfield, Schenley Park",60,ff1118ba-a05a-49c1-997f-5c1e788e1984,4535.1
58,58,A,Downtown,"DOWNTOWN via Sq Hill, Greenfield, Schenley Park",61,2e220902-73d7-4b93-9d9c-04011a922208,11857.5
58,58,A,Downtown,"DOWNTOWN via Sq Hill, Greenfield, Schenley Park",62,88d1767e-7ba1-4c69-b51e-2abb33d1dee6,20459.4
58,58,A,Downtown,"DOWNTOWN via Sq Hill, Greenfield, Schenley Park",63,13d2a987-bfab-4a72-92d9-bf8dd286a060,20216.2
58,58,A,Downtown,"DOWNTOWN via Sq Hill, Greenfield, Schenley Park",64,b3f345a1-40ec-469e-a383-c34ecd22448c,3326.6
58,58,A,Wilkinsburg,"SWISSHELM PARK via Sq Hill, Greenfield, Schenley Park",1,59f7f710-a1a4-432e-b4f8-4c0191656567,8284.9
58,58,A,Wilkinsburg,"SWISSHELM PARK via Sq Hill, Greenfield, Schenley Park",2,12521481-8246-4fc5-86d5-6d85b6dc0df6,17284.6
58,58,A,Wilkinsburg,"SWISSHELM PARK via Sq Hill, Greenfield, Schenley Park",3,45ac8494-0156-4b9a-b73a-eb5676a1559e,18793.9
58,58,A,Wilkinsburg,"SWISSHELM PARK via Sq Hill, Greenfield, Schenley Park",4,531d4491-0d90-4353-9756-b8fad89f3d2e,13805.7
58,58,A,Wilkinsburg,"SWISSHELM PARK via Sq Hill, Greenfield, Schenley Park",5,5da2373d-c8ad-4bf6-b272-e9e389542dd0,5255.8
58,58,A,Wilkinsburg,"SWISSHELM PARK via Sq Hill, Greenfield, Schenley Park",6,e976148b-ad3c-4623-aa2e-13931916987a,13041.0
58,58,A,Wilkinsburg,"SWISSHELM PARK via Sq Hill, Greenfield, Schenley Park",7,662619d3-4282-4c36-9047-cd951fc855b1,10477.9
58,58,A,Wilkinsburg,"SWISSHELM PARK via Sq Hill, Greenfield, Schenley Park",8,66226654-e02b-4ed9-9d10-e2bd98c24447,14846.5
58,58,A,Wilkinsburg,"SWISSHELM PARK via Sq Hill, Greenfield, Schenley Park",9,4297543d-f40a-4357-b74c-42d61951667d,9782.2
58,58,A,Wilkinsburg,"SWISSHELM PARK via Sq Hill, Greenfield, Schenley Park",10,5b78567f-9df6-4d40-bba1-f3507efe903b,17787.2
58,58,A,Wilkinsburg,"SWISSHELM PARK via Sq Hill, Greenfield, Schenley Park",11,f64c5aa6-3271-4bc0-9312-03e122f544dc,20087.6
58,58,A,Wilkinsburg,"SWISSHELM PARK via Sq Hill, Greenfield, Schenley Park",12,753b1c5f-0785-4695-8d53-844e79d40ca1,6767.8
58,58,A,Wilkinsburg,"SWISSHELM PARK via Sq Hill, Greenfield, Schenley Park",13,7dc243db-5652-4a92-b019-a5685cd3bc9c,15057.0
58,58,A,Wilkinsburg,"SWISSHELM PARK via Sq Hill, Greenfield, Schenley Park",14,c0214312-8b32-4bcc-857f-69c9ade8da9c,4967.4
58,58,A,Wilkinsburg,"SWISSHELM PARK via Sq Hill, Greenfield, Schenley Park",15,a4c07173-6b19-431d-9ee9-6a61828e0ce7,1177.2
58,58,A,Wilkinsburg,"SWISSHELM PARK via Sq Hill, Greenfield, Schenley Park",16,027a2d07-dee9-4671-b63d-7282b8a88e10,275.8
58,58,A,Wilkinsburg,"SWISSHELM PARK via Sq Hill, Greenfield, Schenley Park",17,aaeeb554-a5b2-46b5-9de6-02b54518d234,18552.7
58,58,A,Wilkinsburg,"SWISSHELM PARK via Sq Hill, Greenfield, Schenley Park",18,8dfca991-45ab-4de2-a762-fb71350364fb,10663.3
58,58,A,Wilkinsburg,"SWISSHELM PARK via Sq Hill, Greenfield, Schenley Park",19,4d251f2f-6184-4fc2-988a-46d4293ab279,15180.8
58,58,A,Wilkinsburg,"SWISSHELM PARK via Sq Hill, Greenfield, Schenley Park",20,e774633b-226e-4b8b-86f7-ec7a01b708aa,17838.9
58,58,A,Wilkinsburg,"SWISSHELM PARK via Sq Hill, Greenfield, Schenley Park",21,78c4947c-c8a5-4f39-8dbb-aabafd84b566,9204.4
58,58,A,Wilkinsburg,"SWISSHELM PARK via Sq Hill, Greenfield, Schenley Park",22,3f52bb0a-4e8f-4c95-95e3-a0f8b490d30c,16819.2
58,58,A,Wilkinsburg,"SWISSHELM PARK via Sq Hill, Greenfield, Schenley Park",23,eebd5572-2c62-460d-9ab5-6f5bd18e4713,8878.2
58,58,A,Wilkinsburg,"SWISSHELM PARK via Sq Hill, Greenfield, Schenley Park",24,f7dce3cf-09f3-4a34-9d3f-7bab5900f019,8154.2
58,58,A,Wilkinsburg,"SWISSHELM PARK via Sq Hill, Greenfield, Schenley Park",25,16f6f824-5253-4d75-8489-46d035b81703,12177.0
58,58,A,Wilkinsburg,"SWISSHELM PARK via Sq Hill, Greenfield, Schenley Park",26,b9a24dbb-c118-40c4-a02e-875baa4b3e74,14535.3
58,58,A,Wilkinsburg,"SWISSHELM PARK via Sq Hill, Greenfield, Schenley Park",27,dc189749-8946-4f77-b4e9-8f84dface87c,11596.5
58,58,A,Wilkinsburg,"SWISSHELM PARK via Sq Hill, Greenfield, Schenley Park",28,db370be6-6482-450c-bb08-7efb5faf8a68,7670.1
58,58,A,Wilkinsburg,"SWISSHELM PARK via Sq Hill, Greenfield, Schenley Park",29,0f3c59d4-dd75-4196-8470-6dbbcb26f7ef,7597.6
58,58,A,Wilkinsburg,"SWISSHELM PARK via Sq Hill, Greenfield, Schenley Park",30,e67d54c1-ecd5-47e1-a803-a8c80d9e4267,16208.0
58,58,A,Wilkinsburg,"SWISSHELM PARK via Sq Hill, Greenfield, Schenley Park",31,6372983a-1205-4994-a6ab-e20a6508ac7c,10121.6
58,58,A,Wilkinsburg,"SWISSHELM PARK via Sq Hill, Greenfield, Schenley Park",32,439db5fa-e890-4454-b49c-a6ee8ff843c2,8417.7
58,58,A,Wilkinsburg,"SWISSHELM PARK via Sq Hill, Greenfield, Schenley Park",33,3dceb579-621b-4117-ad03-d0e5a97aef03,11804.7
58,58,A,Wilkinsburg,"SWISSHELM PARK via Sq Hill, Greenfield, Schenley Park",34,5145ea83-1d1a-4418-a701-cea8465ace14,4537.1
58,58,A,Wilkinsburg,"SWISSHELM PARK via Sq Hill, Greenfield, Schenley Park",35,1a2a6a81-fb87-4d98-bddf-73f27bc1cea6,17030.5
58,58,A,Wilkinsburg,"SWISSHELM PARK via Sq Hill, Greenfield, Schenley Park",36,953f38bb-eea9-4c36-ad0d-0395f758e54b,15205.3
58,58,A,Wilkinsburg,"SWISSHELM PARK via Sq Hill, Greenfield, Schenley Park",37,305e12af-64b0-4ac6-ac4c-428c1dc9fd9c,1.5
58,58,A,Wilkinsburg,"SWISSHELM PARK via Sq Hill, Greenfield, Schenley Park",38,3082d14a-6a9a-4bd1-8739-2750ecca2818,17158.1
58,58,A,Wilkinsburg,"SWISSHELM PARK via Sq Hill, Greenfield, Schenley Park",39,829fa05f-cb00-4070-a8d8-ae6c637b5b22,9606.3
58,58,A,Wilkinsburg,"SWISSHELM PARK via Sq Hill, Greenfield, Schenley Park",40,47ff4298-7b84-4a69-a924-c76c52955537,631.7
58,58,A,Wilkinsburg,"SWISSHELM PARK via Sq Hill, Greenfield, Schenley Park",41,decf1b97-9ea2-485e-aaf9-dcb9a0271f57,10964.6
58,58,A,Wilkinsburg,"SWISSHELM PARK via Sq Hill, Greenfield, Schenley Park",42,dfb77800-84e8-49c2-8c9c-9f16c7a4df06,11347.9
58,58,A,Wilkinsburg,"SWISSHELM PARK via Sq Hill, Greenfield, Schenley Park",43,666ee3ce-9707-4645-a841-3703921cbf70,17948.2
58,58,A,Wilkinsburg,"SWISSHELM PARK via Sq Hill, Greenfield, Schenley Park",44,39fbec37-1ec3-44f8-beff-f8430528b974,19178.8
58,58,A,Wilkinsburg,"SWISSHELM PARK via Sq Hill, Greenfield, Schenley Park",45,dd03da52-9b0f-46c8-bfe4-d62c0200d6bc,898.1
58,58,A,Wilkinsburg,"SWISSHELM PARK via Sq Hill, Greenfield, Schenley Park",46,27ad7d5a-5418-43c9-a748-8debca873059,16068.1
58,58,A,Wilkinsburg,"SWISSHELM PARK via Sq Hill, Greenfield, Schenley Park",47,3d4b2a5a-8408-4432-a605-8628d79d3ee1,8706.2
58,58,A,Wilkinsburg,"SWISSHELM PARK via Sq Hill, Greenfield, Schenley Park",48,0c837dc7-e62d-4d04-a5e0-148d3eaa9f90,14000.7
58,58,A,Wilkinsburg,"SWISSHELM PARK via Sq Hill, Greenfield, Schenley Park",49,9f38eebe-430a-41b0-aebe-c1ea41f6b4ff,9380.0
58,58,A,Wilkinsburg,"SWISSHELM PARK via Sq Hill, Greenfield, Schenley Park",50,6635740e-5f7d-4273-9067-7f91a79230a6,1463.3
58,58,A,Wilkinsburg,"SWISSHELM PARK via Sq Hill, Greenfield, Schenley Park",51,6b98b435-a4a3-4b3f-9a5b-06b5dde2afcb,19493.2
58,58,A,Wilkinsburg,"SWISSHELM PARK via Sq Hill, Greenfield, Schenley Park",52,020f7e3c-0ab7-468e-880d-7d9c58d29f35,15364.6
58,58,A,Wilkinsburg,"SWISSHELM PARK via Sq Hill, Greenfield, Schenley Park",53,813be301-44b5-4924-92cd-072cd0b48c5e,9953.7
58,58,A,Wilkinsburg,"SWISSHELM PARK via Sq Hill, Greenfield, Schenley Park",54,c93a6deb-ad67-40eb-85e9-1396809dac15,17669.1
58,58,A,Wilkinsburg,"SWISSHELM PARK via Sq Hill, Greenfield, Schenley Park",55,b0dcff0c-016b-40ab-93ed-0e54e1913588,4756.3
58,58,A,Wilkinsburg,"SWISSHELM PARK via Sq Hill, Greenfield, Schenley Park",56,ac1a74a1-8349-4922-bcca-6e4b8acaebeb,5095.5
58,58,A,Wilkinsburg,"SWISSHELM PARK via Sq Hill, Greenfield, Schenley Park",57,929edd2b-8877-4c5e-970d-0f93d15bfba1,19718.8
58,58,A,Wilkinsburg,"SWISSHELM PARK via Sq Hill, Greenfield, Schenley Park",58,e7785543-3fc6-402c-b357-2371e8ea93b4,9017.9
58,58,A,Wilkinsburg,"SWISSHELM PARK via Sq Hill, Greenfield, Schenley Park",59,ff1118ba-a05a-49c1-997f-5c1e788e1984,15669.1
58,58,A,Wilkinsburg,"SWISSHELM PARK via Sq Hill, Greenfield, Schenley Park",60,2247a235-1d51-42ca-a734-6a3efbbb6ba7,10859.2
58,58,A,Wilkinsburg,"SWISSHELM PARK via Sq Hill, Greenfield, Schenley Park",61,4235227c-715c-42f8-a015-ef424d9cc011,8069.2
58,58,A,Wilkinsburg,"SWISSHELM PARK via Sq Hill, Greenfield, Schenley Park",62,2e7f6343-0902-4009-88a1-323bdc2e2aa9,10271.6
58,58,A,Wilkinsburg,"SWISSHELM PARK via Sq Hill, Greenfield, Schenley Park",63,141fa0e6-23cd-4d71-88b3-0431e842beac,9504.7
58,58,A,Wilkinsburg,"SWISSHELM PARK via Sq Hill, Greenfield, Schenley Park",64,4e7464f1-d464-4df9-accb-f25524e0ae4e,19044.2
58,58,A,Wilkinsburg,"SWISSHELM PARK via Sq Hill, Greenfield, Schenley Park",65,13623224-c9f8-4c13-813f-142d7e3f0355,18204.4
58,58,A,Wilkinsburg,"SWISSHELM PARK via Sq Hill, Greenfield, Schenley Park",66,4eadb2fe-a6a8-4015-9a9a-98837e9d8fb8,814.3
58,58,A,Wilkinsburg,"SWISSHELM PARK via Sq Hill, Greenfield, Schenley Park",67,e494ca47-4f58-4303-98fa-dda89e8e9eb4,17468.9
67,67,A,Downtown,DOWNTOWN via East Busway,1,3ac8d628-3de6-44da-a07d-9179d2c8c11b,6805.3
67,67,A,Downtown,DOWNTOWN via East Busway,2,21b165a9-2cee-41df-bf16-00d53f068d7b,7582.9
67,67,A,Downtown,DOWNTOWN via East Busway,3,eb00214c-64c9-4ea3-a790-a8356b1cb302,4496.9
67,67,A,Downtown,DOWNTOWN via East Busway,4,19abd730-c0de-4029-84c7-0d275b2c1bf4,15244.6
67,67,A,Downtown,DOWNTOWN via East Busway,5,d93426b9-2e04-4dba-a608-763a4531f35e,14423.6
67,67,A,Downtown,DOWNTOWN via East Busway,6,945ff90d-f787-4d32-ad26-8af486029cc9,13405.5
67,67,A,Downtown,DOWNTOWN via East Busway,7,1cfe7d5b-f507-43c6-8cd4-5fe09f7fa670,15558.0
67,67,A,Downtown,DOWNTOWN via East Busway,8,2057f4cd-b6ab-4d22-b410-e04cf625fb46,13726.0
67,67,A,Downtown,DOWNTOWN via East Busway,9,75cf59a2-9062-462b-81e4-873c78f17802,28390.8
67,67,A,Downtown,DOWNTOWN via East Busway,10,b30fa0ff-b5e4-418b-9af9-902affd353b7,4.6
67,67,A,Downtown,DOWNTOWN via East Busway,11,9fa253fe-1e9b-4d9a-b85e-11f34b9b767d,11346.0
67,67,A,Downtown,DOWNTOWN via East Busway,12,4da9c41e-48cb-4ea8-bc8f-26a66cd30950,2171.7
67,67,A,Downtown,DOWNTOWN via East Busway,13,0abff2ef-5fdc-49ce-afda-ea9cc718358a,8875.5
67,67,A,Downtown,DOWNTOWN via East Busway,14,a0a02fa9-e11d-4254-ae51-9c7f937f9e4c,21376.9
67,67,A,Downtown,DOWNTOWN via East Busway,15,01a0c69b-7678-436d-ad36-4e02474e0cb2,3681.3
67,67,A,Downtown,DOWNTOWN via East Busway,16,8b68a631-2650-4344-bb6d-3242000fc73e,4723.4
67,67,A,Downtown,DOWNTOWN via East Busway,17,63aeab5f-ad2a-4c51-b4cd-a21b3066a189,16896.3
67,67,A,Downtown,DOWNTOWN via East Busway,18,d21545a5-17ee-48dd-9a1f-543504993b01,13552.7
67,67,A,Downtown,DOWNTOWN via East Busway,19,f00b70de-b75a-4fc2-944d-75d2a409b08f,12974.3
67,67,A,Downtown,DOWNTOWN via East Busway,20,9fa11440-a67b-4959-bdfe-fb506283680c,14854.0
67,67,A,Downtown,DOWNTOWN via East Busway,21,66020418-19e0-4be4-b96e-9a29be98add7,15965.8
67,67,A,Downtown,DOWNTOWN via East Busway,22,027a2d07-dee9-4671-b63d-7282b8a88e10,27708.6
67,67,A,Downtown,DOWNTOWN via East Busway,23,30be3f88-4b03-4539-973a-c72d16f10186,15006.6
67,67,A,Downtown,DOWNTOWN via East Busway,24,27a2f237-2534-41d9-8eb0-debe97b0887d,9603.5
67,67,A,Downtown,DOWNTOWN via East Busway,25,9b7e45a9-f71a-4382-8fc3-6f4927d68fd5,3441.2
67,67,A,Downtown,DOWNTOWN via East Busway,26,9c6e98a6-209b-4de8-8fd4-9e231fd17db3,14667.8
67,67,A,Downtown,DOWNTOWN via East Busway,27,2262c80e-53c7-44ba-822d-5f2bf0d28a59,16661.8
67,67,A,Downtown,DOWNTOWN via East Busway,28,8b1a2ff8-6d48-434d-8ce9-f002d656323c,1214.0
67,67,A,Downtown,DOWNTOWN via East Busway,29,dcb05b97-66c2-4414-913e-5adbc0826514,16074.2
67,67,A,Downtown,DOWNTOWN via East Busway,30,15a1c9fc-81a1-45e2-afb6-b8deb4c7a782,5015.2
67,67,A,Downtown,DOWNTOWN via East Busway,31,972b8ac1-0b27-4e28-8a41-0c1f4f5cd8f8,14250.0
67,67,A,Downtown,DOWNTOWN via East Busway,32,571a9f7e-3d96-458d-94f9-fe3a39a302be,6898.4
67,67,A,Downtown,DOWNTOWN via East Busway,33,f0808bd0-82ba-4532-a0b3-d131eaa29c77,14067.5
67,67,A,Downtown,DOWNTOWN via East Busway,34,f64c5aa6-3271-4bc0-9312-03e122f544dc,17124.4
67,67,A,Downtown,DOWNTOWN via East Busway,35,dda4f24b-15f0-4a82-b669-05f9ef061aff,2922.6
67,67,A,Downtown,DOWNTOWN via East Busway,36,658e380a-5e6e-43d3-9d08-6386d64717f5,28667.1
67,67,A,Downtown,DOWNTOWN via East Busway,37,0dd509ae-c023-4867-b41c-bb76e88818a0,16768.4
67,67,A,Downtown,DOWNTOWN via East Busway,38,4a974ceb-2bf8-4f1f-b5e7-a0988e7fb48e,16165.9
67,67,A,Downtown,DOWNTOWN via East Busway,39,305e12af-64b0-4ac6-ac4c-428c1dc9fd9c,27434.2
67,67,A,Downtown,DOWNTOWN via East Busway,40,04603996-54b3-4fdb-a207-65a6e83e4205,3311.8
67,67,A,Downtown,DOWNTOWN via East Busway,41,2c985832-90b3-4363-987d-453794a8fec8,4089.7
67,67,A,Downtown,DOWNTOWN via East Busway,42,90e41de6-07de-4002-a5f0-1a62d427d302,8533.0
67,67,A,Downtown,DOWNTOWN via East Busway,43,c50e7a47-1415-42bb-96ae-7c2d12e5a27b,16401.4
67,67,A,Downtown,DOWNTOWN via East Busway,44,197734dd-d718-4fbe-91ab-aed85b547a13,9453.8
67,67,A,Downtown,DOWNTOWN via East Busway,45,f7c9ee1c-91a5-44a3-894d-846211a676f3,20482.5
67,67,A,Downtown,DOWNTOWN via East Busway,46,0955af6f-aeda-42f7-b092-f46e19ee4ff2,24676.3
67,67,A,Downtown,DOWNTOWN via East Busway,47,c125c9dd-2e85-49b4-afa4-41a891dc6319,14745.2
67,67,A,Downtown,DOWNTOWN via East Busway,48,58b418bd-795e-4ae3-b2d8-a2a99a48caf1,9145.8
67,67,A,Downtown,DOWNTOWN via East Busway,49,4bc0bd84-2966-4bbf-8fd1-c34ad989d860,1955.1
67,67,A,Downtown,DOWNTOWN via East Busway,50,09ab7ca5-33aa-4c5f-a7b6-8696374424eb,6140.3
67,67,A,Downtown,DOWNTOWN via East Busway,51,5779df3f-354a-4587-9466-e795ed56d252,5472.9
67,67,A,Downtown,DOWNTOWN via East Busway,52,d512960c-bfcc-4b0f-a126-f0bcf122bf77,2517.8
67,67,A,Downtown,DOWNTOWN via East Busway,53,cb1cf4cc-bdcc-40c2-84be-f17d2cee7570,16293.7
67,67,A,Downtown,DOWNTOWN via East Busway,54,6e991f2b-5ac9-4da7-ae9f-55abdaf44c81,9080.4
67,67,A,Downtown,DOWNTOWN via East Busway,55,2d21e2f9-cf5f-4c77-b6df-32a43201b3e8,9665.0
67,67,A,Downtown,DOWNTOWN via East Busway,56,619f18da-3241-493a-bd49-c1727bc4c42b,14550.0
67,67,A,Downtown,DOWNTOWN via East Busway,57,d368ec15-04c5-4bdc-8ccc-352988ad6576,28043.7
67,67,A,Downtown,DOWNTOWN via East Busway,58,058037cb-8ae5-4a71-b415-c3baa6f7d7fa,18269.2
67,67,A,Monroeville,MONROEVILLE via East Busway,1,476c9520-86d4-44de-aa46-7179fb92ff56,27354.2
67,67,A,Monroeville,MONROEVILLE via East Busway,2,29883ab2-9d50-4bb4-bb2b-dc60ccd76643,19984.3
67,67,A,Monroeville,MONROEVILLE via East Busway,3,477e2d3f-6418-4252-a4aa-293811d08ff0,19068.2
67,67,A,Monroeville,MONROEVILLE via East Busway,4,f5935b55-2060-4a79-9f41-c3b57de7a352,14123.5
67,67,A,Monroeville,MONROEVILLE via East Busway,5,adf9d1be-37f0-46c7-b876-a6500cb10704,24959.2
67,67,A,Monroeville,MONROEVILLE via East Busway,6,b541c1d4-3a09-4ac8-8e4e-0721a6f293cf,26615.7
67,67,A,Monroeville,MONROEVILLE via East Busway,7,fea912e3-d63f-4419-aae8-c99ab8ae0da0,13303.9
67,67,A,Monroeville,MONROEVILLE via East Busway,8,4a415924-01b0-4604-9a10-3ba877ad158e,7449.0
67,67,A,Monroeville,MONROEVILLE via East Busway,9,c89f1a65-6344-45aa-be61-eb8ccb21c1e7,4122.3
67,67,A,Monroeville,MONROEVILLE via East Busway,10,0b3269e8-9542-4b41-ada4-92182e9285e7,24141.0
67,67,A,Monroeville,MONROEVILLE via East Busway,11,cbb4df56-7cc9-4154-9dc9-536c17666f6d,25663.2
67,67,A,Monroeville,MONROEVILLE via East Busway,12,88d1767e-7ba1-4c69-b51e-2abb33d1dee6,1083.0
67,67,A,Monroeville,MONROEVILLE via East Busway,13,35eaf546-371a-4d19-a090-9e5045a65a63,12601.4
67,67,A,Monroeville,MONROEVILLE via East Busway,14,5cdfd5f8-75fe-4573-9d26-ba09f086fe19,23559.9
67,67,A,Monroeville,MONROEVILLE via East Busway,15,8a3b1f8d-5960-49a4-8cc1-0e89b2b3f739,12455.2
67,67,A,Monroeville,MONROEVILLE via East Busway,16,a65b40fe-17e7-4c99-bd71-b95fbafe9925,23901.6
67,67,A,Monroeville,MONROEVILLE via East Busway,17,64f37f76-cc94-4298-9072-46c209f5b8c1,15601.0
67,67,A,Monroeville,MONROEVILLE via East Busway,18,45434b38-8dd8-4b20-9525-e9e24e93cfec,13886.7
67,67,A,Monroeville,MONROEVILLE via East Busway,19,d697236a-d238-4429-97cb-0adc3baddd45,14851.6
67,67,A,Monroeville,MONROEVILLE via East Busway,20,6a2a2e42-fb83-484b-baf8-9d826839a07d,20536.6
67,67,A,Monroeville,MONROEVILLE via East Busway,21,85d26520-8be5-447d-a880-6b8ef922bff5,14438.2
67,67,A,Monroeville,MONROEVILLE via East Busway,22,7c838cd7-b739-47c5-8526-81a135af6f04,12837.2
67,67,A,Monroeville,MONROEVILLE via East Busway,23,7bd1f0a1-3122-419d-b212-9942d136c320,11680.1
67,67,A,Monroeville,MONROEVILLE via East Busway,24,d03a54cd-f60f-4197-ac65-7564a5488955,20312.3
67,67,A,Monroeville,MONROEVILLE via East Busway,25,5779df3f-354a-4587-9466-e795ed56d252,23081.5
67,67,A,Monroeville,MONROEVILLE via East Busway,26,e09feaf4-e78b-4971-a15c-9a629e2ccc46,10519.6
67,67,A,Monroeville,MONROEVILLE via East Busway,27,d7fe18e3-da18-44bf-b519-65b2890a450e,722.3
67,67,A,Monroeville,MONROEVILLE via East Busway,28,e48dae37-eea1-47b4-90ae-e6da4f2765ac,12706.3
67,67,A,Monroeville,MONROEVILLE via East Busway,29,4d1613ec-7cb2-4f3c-8ad4-e24af9ebd045,13601.3
67,67,A,Monroeville,MONROEVILLE via East Busway,30,a34d3aa3-1a0f-4b5f-ab7f-59f2d2b1c1ba,484.0
67,67,A,Monroeville,MONROEVILLE via East Busway,31,94b92932-4176-431a-9bea-b3cfb3d9e63f,25820.0
67,67,A,Monroeville,MONROEVILLE via East Busway,32,865eada7-de33-490c-9656-a236b6b73a70,26107.9
67,67,A,Monroeville,MONROEVILLE via East Busway,33,9d80d031-bba1-4ee0-92cd-d4754db8ecfb,17598.9
67,67,A,Monroeville,MONROEVILLE via East Busway,34,1a64d6d8-4e54-48d9-b70a-6d6a2dbb6a8c,15121.1
67,67,A,Monroeville,MONROEVILLE via East Busway,35,db77b6f9-0b8a-467a-bad8-9aff1bff3da6,21927.5
67,67,A,Monroeville,MONROEVILLE via East Busway,36,187130b8-f356-426e-9a11-5deb680665b3,229.7
67,67,A,Monroeville,MONROEVILLE via East Busway,37,6b0ebe69-e4f9-415d-a62d-c9a2ff14ed3e,1451.5
67,67,A,Monroeville,MONROEVILLE via East Busway,38,d1041856-b049-4d52-8b6a-735d9f21ed73,14632.8
67,67,A,Monroeville,MONROEVILLE via East Busway,39,cbefd82a-07a3-4d99-b958-f95151838539,12145.2
67,67,A,Monroeville,MONROEVILLE via East Busway,40,b76f766c-c6a6-4289-a9a3-dfecbd7fee4a,21227.8
67,67,A,Monroeville,MONROEVILLE via East Busway,41,fa87a727-1762-464d-a6b6-40aca3ecf5fd,20711.0
67,67,A,Monroeville,MONROEVILLE via East Busway,42,165bb847-8bb0-40b2-8976-df44bcae7df2,25173.4
67,67,A,Monroeville,MONROEVILLE via East Busway,43,60acadf3-903f-4ea3-b950-dc011375b10f,24273.9
67,67,A,Monroeville,MONROEVILLE via East Busway,44,658e380a-5e6e-43d3-9d08-6386d64717f5,4.4
67,67,A,Monroeville,MONROEVILLE via East Busway,45,3d30b3d5-552b-4402-be37-fbfcf4cd89d1,26417.8
67,67,A,Monroeville,MONROEVILLE via East Busway,46,b30fa0ff-b5e4-418b-9af9-902affd353b7,29004.0
67,67,A,Monroeville,MONROEVILLE via East Busway,47,73597a2a-b56a-4a10-b560-dc36ca968e6f,13142.8
67,67,A,Monroeville,MONROEVILLE via East Busway,48,c2170705-8451-451d-b005-9f6e5a611ec7,8317.6
67,67,A,Monroeville,MONROEVILLE via East Busway,49,57893691-cbbb-41fc-900c-8a9f3d602f61,16027.6
67,67,A,Monroeville,MONROEVILLE via East Busway,50,b13c8785-3880-46b9-910f-5d99eb56beb8,20959.0
67,67,A,Monroeville,MONROEVILLE via East Busway,51,2423cb62-99be-47eb-80ae-8ac997a86447,14346.2
67,67,A,Monroeville,MONROEVILLE via East Busway,52,2271b364-cb8c-47af-9b5b-ecb2674cec65,14242.0
67,67,A,Monroeville,MONROEVILLE via East Busway,53,c772cad8-4190-4f4e-a9d8-253e63c1e780,25434.6
67,67,A,Monroeville,MONROEVILLE via East Busway,54,d15852b0-4c70-4a9d-9150-aeec6c3f8af2,24454.2
67,67,A,Monroeville,MONROEVILLE via East Busway,55,884fa385-7606-44e6-ac56-c2302081317a,14004.0
67,67,A,Monroeville,MONROEVILLE via East Busway,56,46e0d13b-a54b-4700-8e9f-d0dfc89f3c75,22428.8
35,35,A,Oakland,OAKLAND via W Liberty Av,1,2ae3b230-b921-4590-b82c-73417ebe01d1,12322.7
35,35,A,Oakland,OAKLAND via W Liberty Av,2,1ce10283-23b8-4486-ba64-e3406feea2a8,7439.7
35,35,A,Oakland,OAKLAND via W Liberty Av,3,9fcbcb69-6abf-4b31-867e-826c137dc27d,7294.4
35,35,A,Oakland,OAKLAND via W Liberty Av,4,77d516e2-f25c-4a7c-a689-682c7d45428d,11088.8
35,35,A,Oakland,OAKLAND via W Liberty Av,5,d45409d6-f4e1-4f98-8b3e-2c3b99a65c1e,5480.4
35,35,A,Oakland,OAKLAND via W Liberty Av,6,7f271883-a270-4881-b5b2-b96a23470381,8526.6
35,35,A,Oakland,OAKLAND via W Liberty Av,7,92b82829-02f2-4346-9023-f4324afb5830,2605.7
35,35,A,Oakland,OAKLAND via W Liberty Av,8,b7504d34-5410-4ca2-b5e7-71b70cfb4031,11379.0
35,35,A,Oakland,OAKLAND via W Liberty Av,9,f621a9d4-4f2c-49d5-9591-4c10e5779651,1871.4
35,35,A,Oakland,OAKLAND via W Liberty Av,10,08e1d187-8f2f-4573-975e-2e838915a3b2,11929.2
35,35,A,Oakland,OAKLAND via W Liberty Av,11,80df112a-d04b-4ac1-8f73-d92c09c15ad4,5281.5
35,35,A,Oakland,OAKLAND via W Liberty Av,12,58001b8a-dab1-40ef-98f7-534b5e78f2c5,2171.9
35,35,A,Oakland,OAKLAND via W Liberty Av,13,bbd19109-7cce-468e-9c00-d642347294b9,8372.4
35,35,A,Oakland,OAKLAND via W Liberty Av,14,0993f284-bbd0-40fe-bf41-e362d6a4321b,3063.9
35,35,A,Oakland,OAKLAND via W Liberty Av,15,22993ee6-5609-4892-967a-008a70775df4,19569.0
35,35,A,Oakland,OAKLAND via W Liberty Av,16,f39e20ef-b485-45ce-b2f1-b26f471e2342,3217.3
35,35,A,Oakland,OAKLAND via W Liberty Av,17,75573d68-8bf8-437a-a223-b8548ff1b3e1,21165.3
35,35,A,Oakland,OAKLAND via W Liberty Av,18,a4c07173-6b19-431d-9ee9-6a61828e0ce7,15527.6
35,35,A,Oakland,OAKLAND via W Liberty Av,19,5e9a1408-74da-428a-ad9e-3f88b153ba74,8097.2
35,35,A,Oakland,OAKLAND via W Liberty Av,20,e075f962-602a-4eeb-b06e-00b36ef410c2,7109.9
35,35,A,Oakland,OAKLAND via W Liberty Av,21,765da494-de22-48c8-968c-c277ead11f65,5623.1
35,35,A,Oakland,OAKLAND via W Liberty Av,22,5ce6be37-839b-4c11-b56b-abac62a97d67,2778.6
35,35,A,Oakland,OAKLAND via W Liberty Av,23,0224a30a-40e8-49b2-b619-01ac186b33fc,5813.9
35,35,A,Oakland,OAKLAND via W Liberty Av,24,15399372-b780-46a4-93f6-c01a42b61624,14315.6
35,35,A,Oakland,OAKLAND via W Liberty Av,25,9bba82c4-35ff-42c1-9b00-255add9d572b,18804.1
35,35,A,Oakland,OAKLAND via W Liberty Av,26,aff7ebbb-22c9-4be8-abe2-3767eeaa0ae0,2.3
35,35,A,Oakland,OAKLAND via W Liberty Av,27,0d07ab38-bf38-4ac0-b164-322474d4b1bd,8750.7
35,35,A,Oakland,OAKLAND via W Liberty Av,28,cbca2b76-34b2-483a-bb8a-c48bd7d7efa3,3348.1
35,35,A,Oakland,OAKLAND via W Liberty Av,29,46133ccf-1146-4466-96d7-7fd24a8ee017,1752.9
35,35,A,Oakland,OAKLAND via W Liberty Av,30,7c7cfbeb-0701-4dd1-97dd-99219287bc9d,11695.1
35,35,A,Oakland,OAKLAND via W Liberty Av,31,71038d1a-ffe4-475d-b4cf-df32403e9b5c,2088.2
35,35,A,Oakland,OAKLAND via W Liberty Av,32,9e91be4a-bb30-4d4d-8d1b-5af509c87898,6055.7
35,35,A,Oakland,OAKLAND via W Liberty Av,33,3664bb2c-178f-4fe7-ad06-686e2fb06e12,20346.4
35,35,A,Oakland,OAKLAND via W Liberty Av,34,1ae876c4-8774-4907-8216-4f789e95e8fb,10006.0
35,35,A,Oakland,OAKLAND via W Liberty Av,35,917ebd07-1057-460a-9016-a9170d8c660f,4782.0
35,35,A,Oakland,OAKLAND via W Liberty Av,36,9a7a6045-908b-44f2-8e4c-0326761d2a6a,2463.5
35,35,A,Oakland,OAKLAND via W Liberty Av,37,4f34ecf6-bbb1-4f68-875f-07059073e921,6332.2
35,35,A,Oakland,OAKLAND via W Liberty Av,38,68744e6e-72d0-4008-8feb-a657e7e6f56a,13048.2
35,35,A,Oakland,OAKLAND via W Liberty Av,39,cea9e4c4-8c3c-42f7-a80f-73a6a816ac7e,3464.4
35,35,A,Oakland,OAKLAND via W Liberty Av,40,6868138c-6177-4d4d-9a58-01e46c0b4261,301.1
35,35,A,Oakland,OAKLAND via W Liberty Av,41,91a8f2ad-c6d2-4861-9a3e-4265ca97f8e4,10229.9
35,35,A,Oakland,OAKLAND via W Liberty Av,42,daf49906-715a-4f33-8697-8a7b022e9242,21561.5
35,35,A,Oakland,OAKLAND via W Liberty Av,43,10648132-fb29-431a-bff0-cea15f4d00ee,9770.5
35,35,A,Oakland,OAKLAND via W Liberty Av,44,a580a7a3-11da-4fdb-85a1-9757499337a6,20755.0
35,35,A,Oakland,OAKLAND via W Liberty Av,45,30719e08-b0a2-4d76-a414-551dfb0c42ae,10722.3
35,35,A,Oakland,OAKLAND via W Liberty Av,46,94b4c1d6-83c5-4e50-a3b1-082af551c366,9513.3
35,35,A,Oakland,OAKLAND via W Liberty Av,47,e7004533-cef1-4202-b62c-5c37f02570f5,6691.4
35,35,A,Oakland,OAKLAND via W Liberty Av,48,c28fd0dc-40f6-4e35-a6ad-161d08a1bdb9,5178.5
35,35,A,Oakland,OAKLAND via W Liberty Av,49,b3ac211b-b30d-429d-a647-a03f22ca8ac0,4210.2
35,35,A,Oakland,OAKLAND via W Liberty Av,50,e8c8d519-2bda-44ef-a806-01eef8288b20,14694.7
35,35,A,Oakland,OAKLAND via W Liberty Av,51,36645177-0dca-4bb7-bccb-c0004f0bb3a4,19852.2
35,35,A,Oakland,OAKLAND via W Liberty Av,52,f5ee8ee7-51e9-42d8-a27c-6debe1f542d6,3691.9
35,35,A,Oakland,OAKLAND via W Liberty Av,53,6fc0d353-7d9b-4d40-b19f-ff20b8ad3aa9,4506.7
35,35,A,Oakland,OAKLAND via W Liberty Av,54,96976230-9748-414f-b696-a04ffb8f6f89,8971.7
35,35,A,Oakland,OAKLAND via W Liberty Av,55,d45235ca-c669-493a-8761-8c81bf81786d,19205.4
35,35,A,Oakland,OAKLAND via W Liberty Av,56,18a2f369-cc25-4803-8324-0e01521d7ae1,6919.5
35,35,A,Oakland,OAKLAND via W Liberty Av,57,2548957e-3c70-496c-b2e3-a5f3b088f0d7,5932.7
35,35,A,Oakland,OAKLAND via W Liberty Av,58,63773b64-788c-4011-873f-df867ed10307,10390.0
35,35,A,Oakland,OAKLAND via W Liberty Av,59,944b638b-0cf3-4ffc-a457-65776bd1f29b,4958.8
35,35,A,Oakland,OAKLAND via W Liberty Av,60,7f27023a-43d0-4926-9496-cd5ae4792144,9329.2
35,35,A,Oakland,OAKLAND via W Liberty Av,61,0c16ade9-9588-403b-8cb4-0d4d1b235588,3833.3
35,35,A,Oakland,OAKLAND via W Liberty Av,62,7d48c886-f443-4643-9699-143a0542d391,7763.3
35,35,A,Scott Twp,MT LEBANON via W Liberty Av,1,ceb3d206-6954-45c0-b64b-74dad9a1d608,11344.3
35,35,A,Scott Twp,MT LEBANON via W Liberty Av,2,ecf6ada1-e968-4211-b5e7-8e423df399ae,18009.9
35,35,A,Scott Twp,MT LEBANON via W Liberty Av,3,8f1aa59d-833c-4cfb-8b7f-99d8efd25c9c,14233.7
35,35,A,Scott Twp,MT LEBANON via W Liberty Av,4,7d6e7605-fc98-48aa-b0e7-7704f9ddeab1,16049.6
35,35,A,Scott Twp,MT LEBANON via W Liberty Av,5,f660347b-001d-48ce-9f37-b682d8170e05,411.1
35,35,A,Scott Twp,MT LEBANON via W Liberty Av,6,b3e74b56-6827-420b-ac88-ad4f7b634c5c,8663.7
35,35,A,Scott Twp,MT LEBANON via W Liberty Av,7,c44f6133-ba6f-41dc-8155-7ddfe2277f55,11887.0
35,35,A,Scott Twp,MT LEBANON via W Liberty Av,8,b90ea082-3af6-4f03-9b8b-5354827fbd2f,17258.0
35,35,A,Scott Twp,MT LEBANON via W Liberty Av,9,613a3875-6c70-476b-b65f-378497702f43,1046.4
35,35,A,Scott Twp,MT LEBANON via W Liberty Av,10,02714144-0634-4ab1-810e-fad91758a3b2,15802.8
35,35,A,Scott Twp,MT LEBANON via W Liberty Av,11,0646498e-665a-45b8-bb5b-208fb9ff26c3,13693.1
35,35,A,Scott Twp,MT LEBANON via W Liberty Av,12,8ef5d757-8180-4eb2-824d-f450c0d9498a,17142.1
35,35,A,Scott Twp,MT LEBANON via W Liberty Av,13,cc8c0394-0675-4460-834f-39eae02ad103,18757.1
35,35,A,Scott Twp,MT LEBANON via W Liberty Av,14,dd152f04-d876-410f-93ad-2ecdaa630f6b,8331.3
35,35,A,Scott Twp,MT LEBANON via W Liberty Av,15,daf49906-715a-4f33-8697-8a7b022e9242,6.3
35,35,A,Scott Twp,MT LEBANON via W Liberty Av,16,2bb66cb3-fbb0-4d2b-9876-225dd481051f,2349.6
35,35,A,Scott Twp,MT LEBANON via W Liberty Av,17,b5fc2369-08fe-413a-9a40-2525d820e288,16597.4
35,35,A,Scott Twp,MT LEBANON via W Liberty Av,18,c11b94ed-2e26-484f-8ba2-3c26c07adc40,12534.4
35,35,A,Scott Twp,MT LEBANON via W Liberty Av,19,ef2339c0-186d-4c1e-a4cf-745ecd71d0fa,15658.8
35,35,A,Scott Twp,MT LEBANON via W Liberty Av,20,f4cb4d40-c41b-4d8c-bd2c-824979fa1a2b,18870.1
35,35,A,Scott Twp,MT LEBANON via W Liberty Av,21,d101f86f-06cf-4eaf-88c0-8a082166e849,1300.0
35,35,A,Scott Twp,MT LEBANON via W Liberty Av,22,bed0f8e1-470b-4515-bd40-434f971285ea,14972.3
35,35,A,Scott Twp,MT LEBANON via W Liberty Av,23,c181c918-d167-4f41-b490-6c11cc521828,20210.2
35,35,A,Scott Twp,MT LEBANON via W Liberty Av,24,99faca41-6c8f-478c-a103-9996114eb66e,16952.6
35,35,A,Scott Twp,MT LEBANON via W Liberty Av,25,bf31c84d-9c6c-432e-9663-e716410f9dc0,5155.5
35,35,A,Scott Twp,MT LEBANON via W Liberty Av,26,1d71bcad-6022-43fd-ae5b-fb9d08c9af33,7601.7
35,35,A,Scott Twp,MT LEBANON via W Liberty Av,27,7d8b860c-6bfd-4431-826c-3b3fff2d56df,18123.2
35,35,A,Scott Twp,MT LEBANON via W Liberty Av,28,4fa0ea10-dd8c-48dc-9781-72f719fcded8,14675.9
35,35,A,Scott Twp,MT LEBANON via W Liberty Av,29,0f8fd532-1079-448c-adea-4cf1ee7a2682,17822.7
35,35,A,Scott Twp,MT LEBANON via W Liberty Av,30,6f0f13c8-d8e0-49da-b5e5-ad24d8c2c3d5,1667.9
35,35,A,Scott Twp,MT LEBANON via W Liberty Av,31,275a5578-5dac-40e6-b1d2-c3f12dcf495c,12279.0
35,35,A,Scott Twp,MT LEBANON via W Liberty Av,32,001e863a-43bf-467d-8bba-3580c2f0e561,11058.4
35,35,A,Scott Twp,MT LEBANON via W Liberty Av,33,c19e5826-0963-43a1-9f9d-f9273f9ce941,10886.0
35,35,A,Scott Twp,MT LEBANON via W Liberty Av,34,e7c2a292-2be3-466d-ab3e-3b85e41a6206,18535.2
35,35,A,Scott Twp,MT LEBANON via W Liberty Av,35,37fe7aee-3e34-4456-9f48-b9b0fbc8ad75,14836.3
35,35,A,Scott Twp,MT LEBANON via W Liberty Av,36,8e3b8fec-fd44-42cb-9ecd-f361b8582314,10367.9
35,35,A,Scott Twp,MT LEBANON via W Liberty Av,37,a4f5c10b-9d08-481a-bcfe-4dcdcc424023,9875.4
35,35,A,Scott Twp,MT LEBANON via W Liberty Av,38,4e917ce5-ced9-4bd3-8c13-9863ea07e018,5567.9
35,35,A,Scott Twp,MT LEBANON via W Liberty Av,39,e8bf43da-63b3-46a6-96e0-01b89c927785,6223.1
35,35,A,Scott Twp,MT LEBANON via W Liberty Av,40,f59fd5b2-dbb0-4ea6-8fb3-ec6858f1d031,14514.4
35,35,A,Scott Twp,MT LEBANON via W Liberty Av,41,de4bdd87-fe36-4ecb-bfdc-83c337721301,11586.7
35,35,A,Scott Twp,MT LEBANON via W Liberty Av,42,c12ebab9-6798-4bb7-8933-8322b4132315,15162.9
35,35,A,Scott Twp,MT LEBANON via W Liberty Av,43,30c04563-f11a-4fe6-848a-d245f7f36ed4,12068.9
35,35,A,Scott Twp,MT LEBANON via W Liberty Av,44,aff7ebbb-22c9-4be8-abe2-3767eeaa0ae0,20625.0
35,35,A,Scott Twp,MT LEBANON via W Liberty Av,45,c49508b8-6b43-457c-ae91-084e1abfa4ea,15408.7
35,35,A,Scott Twp,MT LEBANON via W Liberty Av,46,20479fb0-2fb4-4311-8528-ffbb89b7883f,15318.7
35,35,A,Scott Twp,MT LEBANON via W Liberty Av,47,7b76be00-40d6-4849-8c02-79358c8aa1de,16356.3
35,35,A,Scott Twp,MT LEBANON via W Liberty Av,48,ff5cd27c-cd12-4fe8-ad7a-3abeb326d754,18416.5
35,35,A,Scott Twp,MT LEBANON via W Liberty Av,49,c4ac2ab8-ae12-4bc8-8c79-f0d0c1c608b2,17402.8
35,35,A,Scott Twp,MT LEBANON via W Liberty Av,50,e65505da-e6b6-4c16-b952-d76160bcfdd4,13940.1
35,35,A,Scott Twp,MT LEBANON via W Liberty Av,51,f95b0060-0dd4-4f1a-afa2-0c71f18e8c7c,12887.8
35,35,A,Scott Twp,MT LEBANON via W Liberty Av,52,4112f0a7-808c-4722-a90f-00550c4228d3,9219.1
35,35,A,Scott Twp,MT LEBANON via W Liberty Av,53,05775697-1b92-490e-9939-0d72a95bdb2c,16780.4
35,35,A,Scott Twp,MT LEBANON via W Liberty Av,54,a1ddec2b-a822-4f20-b1a5-be4da4b920df,10581.1
35,35,A,Scott Twp,MT LEBANON via W Liberty Av,55,35061962-d2bc-44e7-a6de-e34ad97a6dd3,13176.5
35,35,A,Scott Twp,MT LEBANON via W Liberty Av,56,619f1c8f-65f4-4b06-a5a5-9a5a2d6ed013,10233.2
35,35,A,Scott Twp,MT LEBANON via W Liberty Av,57,1ef0d1d9-eca0-4116-9435-25595b0da601,17597.3
35,35,A,Scott Twp,MT LEBANON via W Liberty Av,58,b720b4c4-d1a0-4292-99e5-0cbf5319b880,9497.8
92,92,A,Downtown,"DOWNTOWN via Lawrenceville, Stanton Heights",1,7189f57a-0173-4971-a45e-609e2f7ec159,3637.3
92,92,A,Downtown,"DOWNTOWN via Lawrenceville, Stanton Heights",2,a7e159f5-e91a-4ddf-8dfd-741e4268db37,1900.5
92,92,A,Downtown,"DOWNTOWN via Lawrenceville, Stanton Heights",3,0e380c1e-851d-42e5-a44c-0efc9c835b1e,2603.1
92,92,A,Downtown,"DOWNTOWN via Lawrenceville, Stanton Heights",4,4dd4caf0-0186-4566-864a-f0d0e831b644,3290.9
92,92,A,Downtown,"DOWNTOWN via Lawrenceville, Stanton Heights",5,5c252d7d-a478-45f3-a81e-22fb5dde4378,7082.2
92,92,A,Downtown,"DOWNTOWN via Lawrenceville, Stanton Heights",6,b3636a2f-a0bf-42eb-9480-0b592fda0e7d,8866.1
92,92,A,Downtown,"DOWNTOWN via Lawrenceville, Stanton Heights",7,c1c0866d-03e5-4e02-b0d3-9933bfd6e4bd,9916.2
92,92,A,Downtown,"DOWNTOWN via Lawrenceville, Stanton Heights",8,8f8fd6cf-500a-4bdd-b3ca-9b019140c02a,5006.2
92,92,A,Downtown,"DOWNTOWN via Lawrenceville, Stanton Heights",9,3471d7af-10e4-4e0b-ae08-969592eb8ed2,5920.2
92,92,A,Downtown,"DOWNTOWN via Lawrenceville, Stanton Heights",10,76da4a6c-a945-42e8-9e97-32545e7713bd,6721.6
92,92,A,Downtown,"DOWNTOWN via Lawrenceville, Stanton Heights",11,4eadb2fe-a6a8-4015-9a9a-98837e9d8fb8,12379.6
92,92,A,Downtown,"DOWNTOWN via Lawrenceville, Stanton Heights",12,01f9b8ad-e050-43a4-b860-e6342d5ff2b3,0
92,92,A,Downtown,"DOWNTOWN via Lawrenceville, Stanton Heights",13,5f5e3c4f-d990-42ba-a3c0-ca127e6c31e0,1622.3
92,92,A,Downtown,"DOWNTOWN via Lawrenceville, Stanton Heights",14,39b60ca2-b167-4f2b-88b0-d300e9485b6b,2148.3
92,92,A,Downtown,"DOWNTOWN via Lawrenceville, Stanton Heights",15,0d8f60c3-3f53-42ea-81ae-232859851323,3964.1
92,92,A,Downtown,"DOWNTOWN via Lawrenceville, Stanton Heights",16,7b333564-6937-4ff1-946a-cc8ed17b05c8,8124.4
92,92,A,Downtown,"DOWNTOWN via Lawrenceville, Stanton Heights",17,423b08f3-0935-44cc-a5f8-d56507ca322b,10811.1
92,92,A,Downtown,"DOWNTOWN via Lawrenceville, Stanton Heights",18,e487bc45-de4e-4ed3-b873-08a60711d87f,2970.9
92,92,A,Downtown,"DOWNTOWN via Lawrenceville, Stanton Heights",19,027a2d07-dee9-4671-b63d-7282b8a88e10,11841.1
92,92,A,Downtown,"DOWNTOWN via Lawrenceville, Stanton Heights",20,29e7da4c-7ac3-4f20-babe-52ba43fd99d5,6530.4
92,92,A,Downtown,"DOWNTOWN via Lawrenceville, Stanton Heights",21,5c3e99d4-777c-4a1f-9689-4cdb9fdaff4a,1218.0
92,92,A,Downtown,"DOWNTOWN via Lawrenceville, Stanton Heights",22,47ff4298-7b84-4a69-a924-c76c52955537,12196.9
92,92,A,Downtown,"DOWNTOWN via Lawrenceville, Stanton Heights",23,0d8364ce-ffbe-4e43-a629-e7f863e3509f,972.8
92,92,A,Downtown,"DOWNTOWN via Lawrenceville, Stanton Heights",24,fbd2dba8-ac64-423c-94f0-46ec8e828b19,604.5
92,92,A,Downtown,"DOWNTOWN via Lawrenceville, Stanton Heights",25,4a31d40d-56a8-49b1-93d4-26eb67faef0a,6360.2
92,92,A,Downtown,"DOWNTOWN via Lawrenceville, Stanton Heights",26,db634f12-41ea-4a9e-a2fa-5116322749c7,7658.4
92,92,A,Downtown,"DOWNTOWN via Lawrenceville, Stanton Heights",27,12af0a66-4f02-401a-8ba3-29be2c9f1d34,6865.6
92,92,A,Downtown,"DOWNTOWN via Lawrenceville, Stanton Heights",28,f46806b1-aaa1-4e37-9b6b-131636f27de9,3131.3
92,92,A,Downtown,"DOWNTOWN via Lawrenceville, Stanton Heights",29,2b1cd971-17cd-447e-a1a8-3323a1acab2c,7399.3
92,92,A,Downtown,"DOWNTOWN via Lawrenceville, Stanton Heights",30,8f52fa07-bf96-460a-9b8a-e181e638c9ba,3515.3
92,92,A,Downtown,"DOWNTOWN via Lawrenceville, Stanton Heights",31,da0d7bc4-d2c0-4546-b899-478dfc5a947d,7955.3
92,92,A,Downtown,"DOWNTOWN via Lawrenceville, Stanton Heights",32,3358c80a-b89c-45c2-8149-da422617127f,4466.4
92,92,A,Downtown,"DOWNTOWN via Lawrenceville, Stanton Heights",33,f8c301fd-cfd3-40ad-8f5d-b25e202a61d9,10106.1
92,92,A,Downtown,"DOWNTOWN via Lawrenceville, Stanton Heights",34,766218cd-e875-489b-923a-d561d90b2096,11225.4
92,92,A,Downtown,"DOWNTOWN via Lawrenceville, Stanton Heights",35,83176fef-e2bb-4a5e-a0c5-09bad0cd93bb,7226.8
92,92,A,Downtown,"DOWNTOWN via Lawrenceville, Stanton Heights",36,a2f6bdcd-c6b9-4a18-90b2-7ed5f3281f15,8234.5
92,92,A,Downtown,"DOWNTOWN via Lawrenceville, Stanton Heights",37,5898ace5-bd91-4a41-9aee-2b8fe656b757,8557.3
92,92,A,Downtown,"DOWNTOWN via Lawrenceville, Stanton Heights",38,d39bd6b9-0e72-4dc1-b8df-10b6a66b2474,6179.8
92,92,A,Downtown,"DOWNTOWN via Lawrenceville, Stanton Heights",39,2dba1db1-4eb1-4fce-8d21-ded6fbdb1252,8047.1
92,92,A,Downtown,"DOWNTOWN via Lawrenceville, Stanton Heights",40,31946562-6f57-4d02-9bc2-062fc3035b7a,9537.0
92,92,A,Downtown,"DOWNTOWN via Lawrenceville, Stanton Heights",41,f0645944-18fc-47ea-892a-d00e6eac4be8,3434.9
92,92,A,Downtown,"DOWNTOWN via Lawrenceville, Stanton Heights",42,7697dd9e-04da-40a1-a62f-b62919671832,9210.4
92,92,A,Downtown,"DOWNTOWN via Lawrenceville, Stanton Heights",43,491ef73d-f0f1-40f9-91d3-87a462f2074d,12663.4
92,92,A,Downtown,"DOWNTOWN via Lawrenceville, Stanton Heights",44,c711e5be-141b-4e6a-a1d3-0ce7c9c20e5c,5384.2
92,92,A,Downtown,"DOWNTOWN via Lawrenceville, Stanton Heights",45,02814826-d849-4da5-9dad-98a211f0bdc5,7497.0
92,92,A,Downtown,"DOWNTOWN via Lawrenceville, Stanton Heights",46,289b69f1-8274-4d42-a446-113df0bd9026,10477.2
92,92,A,Downtown,"DOWNTOWN via Lawrenceville, Stanton Heights",47,59c49c9d-a5e5-4976-b4db-8d365a2376c8,2435.7
92,92,A,Downtown,"DOWNTOWN via Lawrenceville, Stanton Heights",48,cd83451b-c7d7-4ddd-a72a-cd4d395ef6f7,5787.3
92,92,A,Downtown,"DOWNTOWN via Lawrenceville, Stanton Heights",49,40ebc636-40d3-4695-b9c0-2005addff0d3,4725.8
92,92,A,Downtown,"DOWNTOWN via Lawrenceville, Stanton Heights",50,055458f7-6a55-4fd6-ba3c-cd2242d5c0d3,1753.4
92,92,A,Downtown,"DOWNTOWN via Lawrenceville, Stanton Heights",51,b5e100ff-945d-40b4-8a39-7a30c231fa9f,9037.9
92,92,A,Downtown,"DOWNTOWN via Lawrenceville, Stanton Heights",52,7e2ae888-b6f8-4555-863d-af6c3fcbb99a,2793.8
92,92,A,Downtown,"DOWNTOWN via Lawrenceville, Stanton Heights",53,52fd4e5f-a149-456f-a0e3-c78cc8515294,5219.3
92,92,A,Downtown,"DOWNTOWN via Lawrenceville, Stanton Heights",54,aa791f5e-ec72-4992-aac1-fe597fc4b922,3797.9
92,92,A,Downtown,"DOWNTOWN via Lawrenceville, Stanton Heights",55,e60559b1-e416-4165-a54b-fd90f0b721e8,8348.2
92,92,A,Downtown,"DOWNTOWN via Lawrenceville, Stanton Heights",56,5455f407-07af-40f6-a9ae-6940084217a7,11507.8
92,92,A,Downtown,"DOWNTOWN via Lawrenceville, Stanton Heights",57,d4c24f86-7bf9-44ca-b8df-32113dadd04d,4861.1
92,92,A,East Liberty,"EAST LIBERTY via Lawrenceville, Stanton Heights",1,491ef73d-f0f1-40f9-91d3-87a462f2074d,2.7
92,92,A,East Liberty,"EAST LIBERTY via Lawrenceville, Stanton Heights",2,197c847f-5e8b-4998-b307-4a31a5feaa73,11876.8
92,92,A,East Liberty,"EAST LIBERTY via Lawrenceville, Stanton Heights",3,ca3ceef4-a559-42f7-a194-00c3f4afa361,9711.1
92,92,A,East Liberty,"EAST LIBERTY via Lawrenceville, Stanton Heights",4,88d1767e-7ba1-4c69-b51e-2abb33d1dee6,625.9
92,92,A,East Liberty,"EAST LIBERTY via Lawrenceville, Stanton Heights",5,cb03d811-19f7-4e94-b9c2-ef8a7df7546a,3578.6
92,92,A,East Liberty,"EAST LIBERTY via Lawrenceville, Stanton Heights",6,a973a50d-b759-4a88-98d9-d0d4007ce381,9202.2
92,92,A,East Liberty,"EAST LIBERTY via Lawrenceville, Stanton Heights",7,9b9226a3-a621-4fe8-95da-28990b59c9dc,4684.9
92,92,A,East Liberty,"EAST LIBERTY via Lawrenceville, Stanton Heights",8,deb4346e-53b9-48a4-b864-1aeb06e52775,4893.3
92,92,A,East Liberty,"EAST LIBERTY via Lawrenceville, Stanton Heights",9,22ee03eb-0b9e-48bc-aa7b-f268ddde8b6d,7308.1
92,92,A,East Liberty,"EAST LIBERTY via Lawrenceville, Stanton Heights",10,0a760980-8125-4524-b959-458c12de17b9,12355.4
92,92,A,East Liberty,"EAST LIBERTY via Lawrenceville, Stanton Heights",11,77ed01e5-bb48-4c25-ac0d-e6ee81c7002b,4373.4
92,92,A,East Liberty,"EAST LIBERTY via Lawrenceville, Stanton Heights",12,ef5e6ac0-8a02-411c-937a-102a298dadbc,6595.5
92,92,A,East Liberty,"EAST LIBERTY via Lawrenceville, Stanton Heights",13,00e45143-0cff-4ce1-8bce-e46f841fd98a,10291.8
92,92,A,East Liberty,"EAST LIBERTY via Lawrenceville, Stanton Heights",14,d7b0306c-4bb4-45c7-b8b3-07b28a67e0bc,6154.6
92,92,A,East Liberty,"EAST LIBERTY via Lawrenceville, Stanton Heights",15,0d260c57-14a0-481c-a6fa-6986a04fb7b4,1704.4
92,92,A,East Liberty,"EAST LIBERTY via Lawrenceville, Stanton Heights",16,1a15b6f1-db39-42bb-a2ea-319bfb128e4a,7158.8
92,92,A,East Liberty,"EAST LIBERTY via Lawrenceville, Stanton Heights",17,cd523f28-437d-43bf-b61f-8bf943a65e0d,10967.9
92,92,A,East Liberty,"EAST LIBERTY via Lawrenceville, Stanton Heights",18,97c3846c-0ce5-4536-88e6-553bac85e749,3983.6
92,92,A,East Liberty,"EAST LIBERTY via Lawrenceville, Stanton Heights",19,ea83a645-3808-4dff-aa2a-6c2617e9a37a,190.8
92,92,A,East Liberty,"EAST LIBERTY via Lawrenceville, Stanton Heights",20,b669e68d-2300-45b9-9bf1-8c29da0da204,7636.1
92,92,A,East Liberty,"EAST LIBERTY via Lawrenceville, Stanton Heights",21,6455c08b-b3f2-4f91-b794-02e6c8be6c19,11360.2
92,92,A,East Liberty,"EAST LIBERTY via Lawrenceville, Stanton Heights",22,3f0d85dd-0206-47b8-b19d-0920de6f8b66,8983.3
92,92,A,East Liberty,"EAST LIBERTY via Lawrenceville, Stanton Heights",23,5dfc86d8-1dfd-4d4e-abf2-272c2afe863d,4456.1
92,92,A,East Liberty,"EAST LIBERTY via Lawrenceville, Stanton Heights",24,33828561-e4dd-41a1-81c7-933786ad217c,5962.7
92,92,A,East Liberty,"EAST LIBERTY via Lawrenceville, Stanton Heights",25,b8334fde-628e-4568-b738-037425fed4bf,9393.8
92,92,A,East Liberty,"EAST LIBERTY via Lawrenceville, Stanton Heights",26,e0862dd8-4fbd-4c31-9b17-aea8f6255814,3083.3
92,92,A,East Liberty,"EAST LIBERTY via Lawrenceville, Stanton Heights",27,847b539e-94e7-46f7-9998-44d2a571e466,5097.1
92,92,A,East Liberty,"EAST LIBERTY via Lawrenceville, Stanton Heights",28,9fea74a2-c32b-4e69-a74a-050d94d8480b,4168.2
92,92,A,East Liberty,"EAST LIBERTY via Lawrenceville, Stanton Heights",29,5be15225-d27b-41f2-b076-48a14b6a285b,5421.5
92,92,A,East Liberty,"EAST LIBERTY via Lawrenceville, Stanton Heights",30,5f2f0252-5b3a-4130-a32e-8c2bd13c3e0c,2078.5
92,92,A,East Liberty,"EAST LIBERTY via Lawrenceville, Stanton Heights",31,c174f42e-a0cb-4960-9c44-25b5755651d2,9533.4
92,92,A,East Liberty,"EAST LIBERTY via Lawrenceville, Stanton Heights",32,e8c42e00-0400-498f-ba61-05b959dd9e25,10087.8
92,92,A,East Liberty,"EAST LIBERTY via Lawrenceville, Stanton Heights",33,217bd1a9-40c6-4bde-9d8d-61452bf33cfa,4993.3
92,92,A,East Liberty,"EAST LIBERTY via Lawrenceville, Stanton Heights",34,8db1442b-42e2-4579-b90f-58e7d9044cd5,10746.9
92,92,A,East Liberty,"EAST LIBERTY via Lawrenceville, Stanton Heights",35,7a133157-d760-4f46-8de8-af88977bd4a3,1280.4
92,92,A,East Liberty,"EAST LIBERTY via Lawrenceville, Stanton Heights",36,795780ab-d6ce-41a9-bada-8c6dece03438,8724.3
92,92,A,East Liberty,"EAST LIBERTY via Lawrenceville, Stanton Heights",37,195d60da-d162-4e00-b6a1-88cda1d58281,12523.8
92,92,A,East Liberty,"EAST LIBERTY via Lawrenceville, Stanton Heights",38,13d2a987-bfab-4a72-92d9-bf8dd286a060,382.7
92,92,A,East Liberty,"EAST LIBERTY via Lawrenceville, Stanton Heights",39,1d1152b1-7119-4919-b945-aeceabc08228,11201.1
92,92,A,East Liberty,"EAST LIBERTY via Lawrenceville, Stanton Heights",40,bdca7a7b-5a66-4b90-9cfb-c25f686a9c83,10423.6
92,92,A,East Liberty,"EAST LIBERTY via Lawrenceville, Stanton Heights",41,63987eaa-c1e2-42a7-a122-2ce0a0822aab,2546.6
92,92,A,East Liberty,"EAST LIBERTY via Lawrenceville, Stanton Heights",42,75f8f73b-3603-4a44-979e-d3e7cd7a24a0,910.9
92,92,A,East Liberty,"EAST LIBERTY via Lawrenceville, Stanton Heights",43,8e6bccff-c781-4e16-a6ed-247efebf4bfc,7506.7
92,92,A,East Liberty,"EAST LIBERTY via Lawrenceville, Stanton Heights",44,51af3d24-2f1e-4b2e-8ae7-a43ec4ed1a70,6346.9
92,92,A,East Liberty,"EAST LIBERTY via Lawrenceville, Stanton Heights",45,0d15a37a-16e4-46b2-8399-ead16cc4c68c,8549.1
92,92,A,East Liberty,"EAST LIBERTY via Lawrenceville, Stanton Heights",46,78c19f31-bac5-4cb9-b3e2-d7484c24661d,5626.8
92,92,A,East Liberty,"EAST LIBERTY via Lawrenceville, Stanton Heights",47,7b63b409-02a4-40d4-a8e9-707bfc279505,4534.4
92,92,A,East Liberty,"EAST LIBERTY via Lawrenceville, Stanton Heights",48,0f4e75a7-3a44-4d12-9cd0-d0534796487b,6730.7
92,92,A,East Liberty,"EAST LIBERTY via Lawrenceville, Stanton Heights",49,7fa3fd16-07f1-49c7-8c37-1b7ca6ef9437,5790.4
92,92,A,East Liberty,"EAST LIBERTY via Lawrenceville, Stanton Heights",50,6b3f60a1-7a86-4c6f-a47f-261002aab3bd,7832.4
92,92,A,East Liberty,"EAST LIBERTY via Lawrenceville, Stanton Heights",51,c169904b-91da-4ead-9205-f65dca27a5dc,2722.8
92,92,A,East Liberty,"EAST LIBERTY via Lawrenceville, Stanton Heights",52,58b4b1ab-f1fd-4baa-8414-8d159845a7e9,4294.0
92,92,A,East Liberty,"EAST LIBERTY via Lawrenceville, Stanton Heights",53,eeb4119b-a3e5-458e-9109-53d206f5041a,8045.3
92,92,A,East Liberty,"EAST LIBERTY via Lawrenceville, Stanton Heights",54,cd793df6-29f1-4c1d-8a31-ad774d103864,3349.6
92,92,A,East Liberty,"EAST LIBERTY via Lawrenceville, Stanton Heights",55,02c4dd45-8cf7-460d-a6e2-2d7b51645c60,8858.8
92,92,A,East Liberty,"EAST LIBERTY via Lawrenceville, Stanton Heights",56,dece1cb3-8100-478a-b5ac-e52006b10959,11508.0
92,92,A,East Liberty,"EAST LIBERTY via Lawrenceville, Stanton Heights",57,38e9e82a-e91a-4eb5-8ef8-e61209807d46,5269.7
39,39,A,Downtown,DOWNTOWN,1,73045efa-9168-467c-a0de-2e0bfa3ee6ae,1793.9
39,39,A,Downtown,DOWNTOWN,2,1546b20d-4106-4f5e-aaec-f24927db5968,8294.1
39,39,A,Downtown,DOWNTOWN,3,c55bcb6b-ae73-4289-8a9f-a01557de5bbd,936.0
39,39,A,Downtown,DOWNTOWN,4,eb6ff574-c824-44bf-9db5-09fc5e3641a3,2766.5
39,39,A,Downtown,DOWNTOWN,5,edb0914d-d31a-4b76-80dd-b6f1c160ec0a,4572.4
39,39,A,Downtown,DOWNTOWN,6,eac0d14c-a568-4f74-a01c-a95de200cb4c,1970.8
39,39,A,Downtown,DOWNTOWN,7,d71a236e-3748-4efa-8f5b-eec69b99e7a5,635.4
39,39,A,Downtown,DOWNTOWN,8,025f5350-b59d-4fcf-ab33-f30202e61a72,2630.4
39,39,A,Downtown,DOWNTOWN,9,b2502b97-030c-4f04-bde8-dea69bc59b9b,1536.4
39,39,A,Downtown,DOWNTOWN,10,68744e6e-72d0-4008-8feb-a657e7e6f56a,5931.7
39,39,A,Downtown,DOWNTOWN,11,3503aeb5-5415-4237-893c-2be357cdf596,2343.5
39,39,A,Downtown,DOWNTOWN,12,62c83420-bd7f-435c-ba43-d5700d2046cb,2.3
39,39,A,Downtown,DOWNTOWN,13,1735c296-11b0-413d-825e-f5dc834132df,2524.9
39,39,A,Downtown,DOWNTOWN,14,719397e0-8820-48ed-a479-ed36343e1cf8,3230.4
39,39,A,Downtown,DOWNTOWN,15,d623137a-9ead-43cd-8e54-addb6acc5b77,8598.8
39,39,A,Downtown,DOWNTOWN,16,cdb8242c-015d-425f-a58a-07fdaa8cbef6,2961.5
39,39,A,Downtown,DOWNTOWN,17,b16bff5c-a84f-4c74-8010-7b8802370b85,3579.1
39,39,A,Downtown,DOWNTOWN,18,2ae3b230-b921-4590-b82c-73417ebe01d1,5206.2
39,39,A,Downtown,DOWNTOWN,19,3ab53d50-ca86-4d34-94f3-c61e1e23d2af,4070.0
39,39,A,Downtown,DOWNTOWN,20,e8c8d519-2bda-44ef-a806-01eef8288b20,7578.1
39,39,A,Downtown,DOWNTOWN,21,6b0ebe69-e4f9-415d-a62d-c9a2ff14ed3e,9743.8
39,39,A,Downtown,DOWNTOWN,22,5e9bb250-5751-40f3-a22b-01f9d0ddbe23,9249.5
39,39,A,Downtown,DOWNTOWN,23,dfd693b7-f455-42cf-8a03-f582f3d6dc8e,1314.7
39,39,A,Downtown,DOWNTOWN,24,20b9166b-2c3d-4452-ae5e-6e6ee25f7625,3345.9
39,39,A,Downtown,DOWNTOWN,25,048c230c-976c-452c-a64c-096023d3094c,232.7
39,39,A,Downtown,DOWNTOWN,26,15399372-b780-46a4-93f6-c01a42b61624,7196.1
39,39,A,Downtown,DOWNTOWN,27,c1093027-ebf2-45a2-b537-d0f82e567029,2194.9
39,39,A,Downtown,DOWNTOWN,28,461d204b-53da-4be9-9093-f8300fe6268a,2429.7
39,39,A,Downtown,DOWNTOWN,29,ea83a645-3808-4dff-aa2a-6c2617e9a37a,8939.9
39,39,A,Downtown,DOWNTOWN,30,491ef73d-f0f1-40f9-91d3-87a462f2074d,8751.8
39,39,A,Downtown,DOWNTOWN,31,cb92cf89-d5e6-40b4-bc32-e661e7d20200,459.1
39,39,A,Downtown,DOWNTOWN,32,4b9968e5-a35b-44c5-b448-81021c5793c8,1124.4
39,39,A,Downtown,DOWNTOWN,33,b71ada16-82c0-46f0-be7c-5893a730cdb4,3744.3
39,39,A,Brookline,BROOKLINE,1,027a2d07-dee9-4671-b63d-7282b8a88e10,272.7
39,39,A,Brookline,BROOKLINE,2,9c9fe254-631f-4f22-b68e-1fae726fec00,5490.6
39,39,A,Brookline,BROOKLINE,3,680a54e5-52e2-4c06-b6b2-02a0c9ae6e9e,5072.7
39,39,A,Brookline,BROOKLINE,4,63448d14-799c-4285-8d8d-1d70f068eebd,7284.1
39,39,A,Brookline,BROOKLINE,5,903d959b-b2cc-4e98-beae-5f5469437e70,5385.0
39,39,A,Brookline,BROOKLINE,6,18415658-600c-4cbf-9736-385df1fe8e39,7389.8
39,39,A,Brookline,BROOKLINE,7,59233dc2-b315-44c9-902d-aab259722d07,8614.3
39,39,A,Brookline,BROOKLINE,8,cda13ee5-e446-4c2e-a00e-b8a4fc184a20,7089.1
39,39,A,Brookline,BROOKLINE,9,77ff510b-4f96-4c71-9739-b8dfaf3d77ff,4547.3
39,39,A,Brookline,BROOKLINE,10,4eadb2fe-a6a8-4015-9a9a-98837e9d8fb8,915.7
39,39,A,Brookline,BROOKLINE,11,ea4c5e0e-ce62-4bf5-b644-3c87496b1fce,6362.1
39,39,A,Brookline,BROOKLINE,12,dd4f57eb-eeb1-4acf-90be-c41ca51188eb,7942.2
39,39,A,Brookline,BROOKLINE,13,dcc19b7c-9589-4df8-be28-719e57501a9b,8871.0
39,39,A,Brookline,BROOKLINE,14,869cdc68-d744-4765-972d-d12b5a83780f,8164.1
39,39,A,Brookline,BROOKLINE,15,305e12af-64b0-4ac6-ac4c-428c1dc9fd9c,0
39,39,A,Brookline,BROOKLINE,16,c90281fd-32f7-4fc2-bb63-47e31fe1cad1,8271.1
39,39,A,Brookline,BROOKLINE,17,e8bf43da-63b3-46a6-96e0-01b89c927785,1823.6
39,39,A,Brookline,BROOKLINE,18,7554395f-bc41-40d0-a52e-8878e3012d0e,1156.4
39,39,A,Brookline,BROOKLINE,19,983b08c1-14c2-4386-b28d-181db4695bd2,8436.4
39,39,A,Brookline,BROOKLINE,20,47ff4298-7b84-4a69-a924-c76c52955537,628.5
39,39,A,Brookline,BROOKLINE,21,67205291-aaa4-409c-a32a-bb58e2812b52,6934.9
39,39,A,Brookline,BROOKLINE,22,1d71bcad-6022-43fd-ae5b-fb9d08c9af33,3201.9
39,39,A,Brookline,BROOKLINE,23,dd152f04-d876-410f-93ad-2ecdaa630f6b,3931.3
39,39,A,Brookline,BROOKLINE,24,28c9df98-ff85-4a94-b54a-d00255caa01c,6468.3
39,39,A,Brookline,BROOKLINE,25,94d7a273-115e-4aa9-8458-b82f63e6e74d,5856.2
39,39,A,Brookline,BROOKLINE,26,45c3faa4-db6f-4759-bb3a-aaf4d3e18d9c,5755.2
39,39,A,Brookline,BROOKLINE,27,cdd57525-95df-45dc-af01-290a593f2129,6578.0
39,39,A,Brookline,BROOKLINE,28,091aa0a7-3b34-412f-b42a-c9cf85816f9c,6102.6
39,39,A,Brookline,BROOKLINE,29,c755ca49-a8ff-491a-855a-1800f58164a7,7716.0
39,39,A,Brookline,BROOKLINE,30,891b3ee6-8fdc-4caf-8034-9433c23418f3,1332.4
39,39,A,Brookline,BROOKLINE,31,bb635530-f905-4fc9-8527-f87331f7abff,6646.1
39,39,A,Brookline,BROOKLINE,32,62c83420-bd7f-435c-ba43-d5700d2046cb,9050.4
89,89,A,Universal Plaza,PENN HILLS - Universal Plaza,1,571a9f7e-3d96-458d-94f9-fe3a39a302be,6941.8
89,89,A,Universal Plaza,PENN HILLS - Universal Plaza,2,dda4f24b-15f0-4a82-b669-05f9ef061aff,2971.2
89,89,A,Universal Plaza,PENN HILLS - Universal Plaza,3,ab2163af-9fd8-474b-8c5e-bc880b8bb77d,17091.6
89,89,A,Universal Plaza,PENN HILLS - Universal Plaza,4,15a1c9fc-81a1-45e2-afb6-b8deb4c7a782,5054.6
89,89,A,Universal Plaza,PENN HILLS - Universal Plaza,5,c2ed7e9b-b272-4589-bf3a-810415f0e3e9,20170.4
89,89,A,Universal Plaza,PENN HILLS - Universal Plaza,6,d3325ead-7b3e-4d2f-80df-84efe91ebffb,14278.9
89,89,A,Universal Plaza,PENN HILLS - Universal Plaza,7,2c2097ef-6a37-41d7-97fa-030c445de72e,17946.8
89,89,A,Universal Plaza,PENN HILLS - Universal Plaza,8,01a0c69b-7678-436d-ad36-4e02474e0cb2,3724.8
89,89,A,Universal Plaza,PENN HILLS - Universal Plaza,9,76351e1b-524a-4c75-99ca-6b58631b2c6e,16223.9
89,89,A,Universal Plaza,PENN HILLS - Universal Plaza,10,fb41932d-3966-44ba-92f6-d3bdc5cbefc8,19358.6
89,89,A,Universal Plaza,PENN HILLS - Universal Plaza,11,3f3220bc-5f01-4c86-8a84-7eff13691b23,18100.9
89,89,A,Universal Plaza,PENN HILLS - Universal Plaza,12,18813d79-bd80-4557-a020-56a520294305,13610.0
89,89,A,Universal Plaza,PENN HILLS - Universal Plaza,13,39c15a77-dad9-4960-95e5-7baffe1c6bc5,19916.4
89,89,A,Universal Plaza,PENN HILLS - Universal Plaza,14,5779df3f-354a-4587-9466-e795ed56d252,5513.9
89,89,A,Universal Plaza,PENN HILLS - Universal Plaza,15,62e5946a-1433-4f1f-8836-d90ad7cc509f,15924.1
89,89,A,Universal Plaza,PENN HILLS - Universal Plaza,16,a90df00e-5d55-40a2-87fe-dd6acd3ab3b4,11707.4
89,89,A,Universal Plaza,PENN HILLS - Universal Plaza,17,3d082561-e41e-4e43-8986-ebfb31f6df5b,0.7
89,89,A,Universal Plaza,PENN HILLS - Universal Plaza,18,21b165a9-2cee-41df-bf16-00d53f068d7b,7626.2
89,89,A,Universal Plaza,PENN HILLS - Universal Plaza,19,58b418bd-795e-4ae3-b2d8-a2a99a48caf1,7961.4
89,89,A,Universal Plaza,PENN HILLS - Universal Plaza,20,3108aeca-6ecb-4906-bf37-49a84dc4457f,12145.1
89,89,A,Universal Plaza,PENN HILLS - Universal Plaza,21,04603996-54b3-4fdb-a207-65a6e83e4205,3355.2
89,89,A,Universal Plaza,PENN HILLS - Universal Plaza,22,c9cbc8cb-4e11-40ce-9c23-4daf36cdca1c,12502.0
89,89,A,Universal Plaza,PENN HILLS - Universal Plaza,23,8b68a631-2650-4344-bb6d-3242000fc73e,4766.9
89,89,A,Universal Plaza,PENN HILLS - Universal Plaza,24,f4a90beb-93e1-4668-b845-4ca4d30fc633,20054.2
89,89,A,Universal Plaza,PENN HILLS - Universal Plaza,25,014f697c-062b-42cc-9d87-c4c0015f7831,1506.9
89,89,A,Universal Plaza,PENN HILLS - Universal Plaza,26,a094011e-3fe8-42e3-9bd3-0327ce9beaa5,16688.6
89,89,A,Universal Plaza,PENN HILLS - Universal Plaza,27,105c819b-f7ad-484d-b830-364d623a2ad5,18838.6
89,89,A,Universal Plaza,PENN HILLS - Universal Plaza,28,bd76f95c-5084-4a17-bf15-099b84335c13,14553.8
89,89,A,Universal Plaza,PENN HILLS - Universal Plaza,29,d512960c-bfcc-4b0f-a126-f0bcf122bf77,2566.4
89,89,A,Universal Plaza,PENN HILLS - Universal Plaza,30,9b7e45a9-f71a-4382-8fc3-6f4927d68fd5,3484.7
89,89,A,Universal Plaza,PENN HILLS - Universal Plaza,31,b1ad5edf-a6a9-4bb0-b4b9-ba43da4a6ab2,13769.5
89,89,A,Universal Plaza,PENN HILLS - Universal Plaza,32,8f330328-3d16-405c-b19a-01b161ca1fcc,11361.7
89,89,A,Universal Plaza,PENN HILLS - Universal Plaza,33,cecc340a-b37b-4a83-ae12-c75b7e6f9ced,15416.6
89,89,A,Universal Plaza,PENN HILLS - Universal Plaza,34,eb7629c1-fd92-43da-873a-94749d08f90b,15744.3
89,89,A,Universal Plaza,PENN HILLS - Universal Plaza,35,ada86e16-6164-4b3c-96ed-618dcc927d02,10875.0
89,89,A,Universal Plaza,PENN HILLS - Universal Plaza,36,9d1a2756-dc78-4cf5-86a0-7849bee6323b,13394.8
89,89,A,Universal Plaza,PENN HILLS - Universal Plaza,37,031f0e0b-1a1d-406f-ad8e-cf491ed4d0eb,19496.9
89,89,A,Universal Plaza,PENN HILLS - Universal Plaza,38,964f1401-d989-4406-bda9-7abc20fafbc8,423.8
89,89,A,Universal Plaza,PENN HILLS - Universal Plaza,39,819876b5-6547-4d8c-8555-7244c827a7c2,8146.9
89,89,A,Universal Plaza,PENN HILLS - Universal Plaza,40,8de72493-b329-49e5-8ca7-9ca862313c4d,20491.1
89,89,A,Universal Plaza,PENN HILLS - Universal Plaza,41,eb00214c-64c9-4ea3-a790-a8356b1cb302,4540.4
89,89,A,Universal Plaza,PENN HILLS - Universal Plaza,42,d6e92e40-9921-470b-8fe2-16470f76b7e0,1804.7
89,89,A,Universal Plaza,PENN HILLS - Universal Plaza,43,a069b714-ae50-4b9e-8961-223bde3988ce,15208.3
89,89,A,Universal Plaza,PENN HILLS - Universal Plaza,44,a8092ae8-4159-4f91-872b-0132a12cf5ae,14014.9
89,89,A,Universal Plaza,PENN HILLS - Universal Plaza,45,f0e9bbc3-d567-4700-b122-fd8d3a38a4a7,18644.5
89,89,A,Universal Plaza,PENN HILLS - Universal Plaza,46,b4e87615-af7a-4eb1-8adf-1c9fec8d57a3,20739.4
89,89,A,Universal Plaza,PENN HILLS - Universal Plaza,47,49565337-c98b-410d-b634-20a577d8bf4e,13157.7
89,89,A,Universal Plaza,PENN HILLS - Universal Plaza,48,2c985832-90b3-4363-987d-453794a8fec8,4133.2
89,89,A,Universal Plaza,PENN HILLS - Universal Plaza,49,82e972ef-5f4b-4d22-8feb-d2d566b8f3d6,1055.5
89,89,A,Universal Plaza,PENN HILLS - Universal Plaza,50,09ab7ca5-33aa-4c5f-a7b6-8696374424eb,6183.4
89,89,A,CCAC Boyce,MONROEVILLE MALL,1,35cce30b-caf1-411d-94ba-4259ea5ff6ba,9541.6
89,89,A,CCAC Boyce,MONROEVILLE MALL,2,a88e25d6-8aba-41a6-bed7-5178e5b5f38d,6786.9
89,89,A,CCAC Boyce,MONROEVILLE MALL,3,b13c8785-3880-46b9-910f-5d99eb56beb8,12877.6
89,89,A,CCAC Boyce,MONROEVILLE MALL,4,3f3220bc-5f01-4c86-8a84-7eff13691b23,3071.6
89,89,A,CCAC Boyce,MONROEVILLE MALL,5,94b92932-4176-431a-9bea-b3cfb3d9e63f,17737.9
89,89,A,CCAC Boyce,MONROEVILLE MALL,6,e65bffba-ffef-4b42-a1b8-45c7198d9748,354.1
89,89,A,CCAC Boyce,MONROEVILLE MALL,7,5779df3f-354a-4587-9466-e795ed56d252,14998.5
89,89,A,CCAC Boyce,MONROEVILLE MALL,8,adf9d1be-37f0-46c7-b876-a6500cb10704,16877.1
89,89,A,CCAC Boyce,MONROEVILLE MALL,9,9e8951e6-2c08-4727-8626-a666e73e3c6d,9180.0
89,89,A,CCAC Boyce,MONROEVILLE MALL,10,3af80431-314b-4a41-848f-7e60ba5f86f8,8333.0
89,89,A,CCAC Boyce,MONROEVILLE MALL,11,d4e2bd7d-e387-4e42-8c1b-0f7bf89cfa1d,9905.7
89,89,A,CCAC Boyce,MONROEVILLE MALL,12,86a479ae-5e1a-4f85-b430-61f1e2104db6,12518.1
89,89,A,CCAC Boyce,MONROEVILLE MALL,13,44751fc8-24dc-4301-b296-071e2c14ae43,1466.7
89,89,A,CCAC Boyce,MONROEVILLE MALL,14,2c2097ef-6a37-41d7-97fa-030c445de72e,2917.3
89,89,A,CCAC Boyce,MONROEVILLE MALL,15,f0e9bbc3-d567-4700-b122-fd8d3a38a4a7,3615.3
89,89,A,CCAC Boyce,MONROEVILLE MALL,16,165bb847-8bb0-40b2-8976-df44bcae7df2,17091.3
89,89,A,CCAC Boyce,MONROEVILLE MALL,17,d2713358-5f52-4824-ac03-1e1023049e00,1305.4
89,89,A,CCAC Boyce,MONROEVILLE MALL,18,60acadf3-903f-4ea3-b950-dc011375b10f,16191.8
89,89,A,CCAC Boyce,MONROEVILLE MALL,19,eb45aa57-898a-460a-86f7-9bd2d90ea93a,18732.9
89,89,A,CCAC Boyce,MONROEVILLE MALL,20,c772cad8-4190-4f4e-a9d8-253e63c1e780,17352.6
89,89,A,CCAC Boyce,MONROEVILLE MALL,21,c29c7a1b-d63f-421d-b363-1f895cfe7eba,4086.9
89,89,A,CCAC Boyce,MONROEVILLE MALL,22,b4e87615-af7a-4eb1-8adf-1c9fec8d57a3,0
89,89,A,CCAC Boyce,MONROEVILLE MALL,23,0d541ec6-3092-450a-a2e7-786ccdea2bed,7047.2
89,89,A,CCAC Boyce,MONROEVILLE MALL,24,10afe6ad-d0bd-4f20-b15b-34cbc47f6a01,5457.2
89,89,A,CCAC Boyce,MONROEVILLE MALL,25,d15852b0-4c70-4a9d-9150-aeec6c3f8af2,16372.1
89,89,A,CCAC Boyce,MONROEVILLE MALL,26,9fc32999-566b-4927-8f5b-ccfc3eca97d9,20116.1
89,89,A,CCAC Boyce,MONROEVILLE MALL,27,5cdfd5f8-75fe-4573-9d26-ba09f086fe19,15477.7
89,89,A,CCAC Boyce,MONROEVILLE MALL,28,3b878d04-a8c3-499a-b7a7-70e4b5f72495,4552.6
89,89,A,CCAC Boyce,MONROEVILLE MALL,29,3829966e-a4f3-4961-a82c-2b80053df9a7,8663.0
89,89,A,CCAC Boyce,MONROEVILLE MALL,30,b76f766c-c6a6-4289-a9a3-dfecbd7fee4a,13145.6
89,89,A,CCAC Boyce,MONROEVILLE MALL,31,46e0d13b-a54b-4700-8e9f-d0dfc89f3c75,14346.6
89,89,A,CCAC Boyce,MONROEVILLE MALL,32,ddc1dd42-e9af-4108-8d89-e12033e1654c,6451.3
89,89,A,CCAC Boyce,MONROEVILLE MALL,33,af201c3c-c644-4c4c-952e-26cb7dc0576c,5602.6
89,89,A,CCAC Boyce,MONROEVILLE MALL,34,ddd9c6ad-426b-49d5-873d-7dbeb6c74c7a,901.0
89,89,A,CCAC Boyce,MONROEVILLE MALL,35,db77b6f9-0b8a-467a-bad8-9aff1bff3da6,13837.0
89,89,A,CCAC Boyce,MONROEVILLE MALL,36,a763325f-a9e7-4a11-a3c2-a1a616ba190b,751.8
89,89,A,CCAC Boyce,MONROEVILLE MALL,37,29f2f394-bbdc-4b32-91c8-b6a0ceed4c33,6530.1
89,89,A,CCAC Boyce,MONROEVILLE MALL,38,c25838f7-4d80-44d2-868d-6ad4140809d6,1972.0
89,89,A,CCAC Boyce,MONROEVILLE MALL,39,8e722a74-c2f6-48dc-8710-efb189005580,4842.3
89,89,A,CCAC Boyce,MONROEVILLE MALL,40,5ed0a673-b3b5-4259-a956-9f4bb35030da,7669.0
89,89,A,CCAC Boyce,MONROEVILLE MALL,41,e0b5b2be-9b73-475b-b106-7a1e969d0f4c,3720.4
89,89,A,CCAC Boyce,MONROEVILLE MALL,42,0b3269e8-9542-4b41-ada4-92182e9285e7,16059.0
89,89,A,CCAC Boyce,MONROEVILLE MALL,43,21ec4cad-90bc-4294-b999-ae1d7bc44267,19565.6
89,89,A,CCAC Boyce,MONROEVILLE MALL,44,2b3f45b1-db9f-4b7b-bb26-72ab2239d7d3,4968.3
89,89,A,CCAC Boyce,MONROEVILLE MALL,45,8ecb398f-7d9e-46a1-81c4-724d6211620a,7190.4
89,89,A,CCAC Boyce,MONROEVILLE MALL,46,6d00f328-f4b8-4c8a-9542-8b89fa844f0e,652.9
89,89,A,CCAC Boyce,MONROEVILLE MALL,47,cbb4df56-7cc9-4154-9dc9-536c17666f6d,17581.3
89,89,A,CCAC Boyce,MONROEVILLE MALL,48,865eada7-de33-490c-9656-a236b6b73a70,18025.9
89,89,A,CCAC Boyce,MONROEVILLE MALL,49,780c05b9-d1e9-489c-a342-9b0a7dfed64f,7456.3
89,89,A,CCAC Boyce,MONROEVILLE MALL,50,3d082561-e41e-4e43-8986-ebfb31f6df5b,20770.8
89,89,A,CCAC Boyce,MONROEVILLE MALL,51,a65b40fe-17e7-4c99-bd71-b95fbafe9925,15819.5
89,89,A,CCAC Boyce,MONROEVILLE MALL,52,aee8019f-9509-425b-bbde-2e69d2d13fa4,6230.3
89,89,A,CCAC Boyce,MONROEVILLE MALL,53,fb806f01-af2b-4017-bbf1-7ff30625de71,20000.8
89,89,A,CCAC Boyce,MONROEVILLE MALL,54,42957b1b-9de0-4cf5-85b3-2dd500c9a2e7,19037.6
17,17,A,McIntyre Sq,NORTH HILLS,1,8496a66a-0fde-486e-b719-f17c81316939,9853.6
17,17,A,McIntyre Sq,NORTH HILLS,2,c72278fe-81e6-46bd-8aaa-e0dc78003721,14716.0
17,17,A,McIntyre Sq,NORTH HILLS,3,4b06657c-6443-4e0e-94de-e266d8bc2125,12413.6
17,17,A,McIntyre Sq,NORTH HILLS,4,c45fd2d6-0202-45c7-8e5a-a71c6f43921f,6276.8
17,17,A,McIntyre Sq,NORTH HILLS,5,94cb0ef3-bf4b-4e6e-80eb-387ce68ca0f4,609.7
17,17,A,McIntyre Sq,NORTH HILLS,6,da4651f5-fc07-464d-8a57-b4558fab57eb,10460.8
17,17,A,McIntyre Sq,NORTH HILLS,7,584790dc-95e4-4328-96db-e18704b97d51,6669.3
17,17,A,McIntyre Sq,NORTH HILLS,8,9269f227-93c8-4a03-8f5a-3431a0f052a5,2228.4
17,17,A,McIntyre Sq,NORTH HILLS,9,d771ed99-cdc4-427d-8c5a-d6b139edf9d0,5941.3
17,17,A,McIntyre Sq,NORTH HILLS,10,700d5d80-50a6-4f5a-9101-88c1cb1c697e,5631.3
17,17,A,McIntyre Sq,NORTH HILLS,11,f925f332-5184-4e00-b00a-e4146c27c53d,1157.4
17,17,A,McIntyre Sq,NORTH HILLS,12,31ab9fdc-682d-4186-81ef-f215de72df3d,3206.2
17,17,A,McIntyre Sq,NORTH HILLS,13,e27c4cb9-0f75-48f6-a1e4-bbe10bce0a25,4313.0
17,17,A,McIntyre Sq,NORTH HILLS,14,a80924cd-82e1-4dfc-b065-b655f9e5b60b,13423.7
17,17,A,McIntyre Sq,NORTH HILLS,15,cf4bf0d6-ae6f-44a4-87f7-2f43150e3c95,1336.9
17,17,A,McIntyre Sq,NORTH HILLS,16,998ab553-cd67-4180-b247-9b2810d2dd5b,13615.8
17,17,A,McIntyre Sq,NORTH HILLS,17,f2164ebe-27f3-4e9d-ba57-53db7598443d,0
17,17,A,McIntyre Sq,NORTH HILLS,18,f2f6f43b-edeb-455a-9350-4c9d46180e4a,13046.7
17,17,A,McIntyre Sq,NORTH HILLS,19,b0bb5548-0e47-4c33-bb9d-03df305cb10f,3446.7
17,17,A,McIntyre Sq,NORTH HILLS,20,b3bd237a-7684-4d66-8e85-beccd98daa10,4021.4
17,17,A,McIntyre Sq,NORTH HILLS,21,84aa9acd-43ff-41fc-b2a3-c4fc57e7c191,7762.8
17,17,A,McIntyre Sq,NORTH HILLS,22,9dedd39c-d2fa-4d6c-9fc7-e1e60db24fa5,13250.3
17,17,A,McIntyre Sq,NORTH HILLS,23,3ef6d355-847b-4891-bb7f-83cc23e121b5,5271.5
17,17,A,McIntyre Sq,NORTH HILLS,24,46f00c8c-5553-43fb-a8b2-1ffc8eff7c85,1697.1
17,17,A,McIntyre Sq,NORTH HILLS,25,4137d299-7e37-4549-9f09-0f8964c9dd4f,13816.9
17,17,A,McIntyre Sq,NORTH HILLS,26,c6ad6ba8-1904-483f-9f4e-d51e3f5f71e9,7107.3
17,17,A,McIntyre Sq,NORTH HILLS,27,8c44cc59-483c-44b3-afae-3ef3bdfabe82,4773.1
17,17,A,McIntyre Sq,NORTH HILLS,28,de086cd0-04ba-4597-b3a4-8096e7c44868,6151.7
17,17,A,McIntyre Sq,NORTH HILLS,29,8d1becc2-3c9f-4fa1-8a01-5a9c5025d59e,15019.1
17,17,A,McIntyre Sq,NORTH HILLS,30,72201c88-b289-4f52-b30c-5a27a1d9d5cd,951.5
17,17,A,McIntyre Sq,NORTH HILLS,31,03c54e81-a46d-4f87-84dc-55b43291548a,2042.5
17,17,A,McIntyre Sq,NORTH HILLS,32,7527f772-1491-426d-ad37-b8120c0cbe8d,13519.3
17,17,A,McIntyre Sq,NORTH HILLS,33,0066748e-ce66-44f6-8422-933b87dfba37,9013.8
17,17,A,McIntyre Sq,NORTH HILLS,34,5438253c-afcb-415c-b0da-d383584dd850,2868.3
17,17,A,McIntyre Sq,NORTH HILLS,35,49bf3a85-e4eb-4fa7-b5a2-8f2aefd3d97a,124.4
17,17,A,McIntyre Sq,NORTH HILLS,36,faedcf2f-95c9-4a38-90f0-a088f9d1f0d9,10301.7
17,17,A,McIntyre Sq,NORTH HILLS,37,3c877533-7d9b-4c51-875b-9958c2d9dac5,13877.9
17,17,A,McIntyre Sq,NORTH HILLS,38,3bde8b3f-f706-4c34-8040-d4ed339033dc,5092.4
17,17,A,McIntyre Sq,NORTH HILLS,39,7d1ea51f-d2fd-4fb0-9fc6-44cee79e74a2,12865.5
17,17,A,McIntyre Sq,NORTH HILLS,40,4cf85fe9-01d3-4f3d-a383-c13b4bdc745d,301.4
17,17,A,McIntyre Sq,NORTH HILLS,41,2b438265-2cf3-4d47-8af3-689890672981,11510.2
17,17,A,McIntyre Sq,NORTH HILLS,42,ac42975f-d512-46a1-87cd-b4f59388606c,3872.1
17,17,A,McIntyre Sq,NORTH HILLS,43,8a3295b7-f4c9-4b31-b35e-1dbb2a648205,7990.9
17,17,A,McIntyre Sq,NORTH HILLS,44,10f71b32-4b1b-4ce1-9e68-88de71525f31,5457.7
17,17,A,McIntyre Sq,NORTH HILLS,45,66a3fc75-e1d1-4464-b906-a44de08acbb5,2697.2
17,17,A,McIntyre Sq,NORTH HILLS,46,03f3b81c-e739-4f9a-bb1d-daae005d11cb,8252.9
17,17,A,McIntyre Sq,NORTH HILLS,47,cb04164f-82ff-43ca-b55f-b2a0f3042d5f,3063.9
17,17,A,McIntyre Sq,NORTH HILLS,48,ae881905-0088-4099-b897-7d44c83c99d3,1551.1
17,17,A,McIntyre Sq,NORTH HILLS,49,1482cef7-ab3c-4979-83b4-b752ecd07372,5767.1
17,17,A,McIntyre Sq,NORTH HILLS,50,d887c759-9e9d-43fc-a7d1-dd174b791d3f,2472.1
17,17,A,McIntyre Sq,NORTH HILLS,51,6a7d0550-4855-4b4e-b38d-973e79383ec8,7259.4
17,17,A,McIntyre Sq,NORTH HILLS,52,3c7f6dd9-9d38-44cf-8523-3761f990b59f,8606.6
17,17,A,McIntyre Sq,NORTH HILLS,53,161581c4-4b3a-4969-8e96-df90eb654944,3682.7
17,17,A,McIntyre Sq,NORTH HILLS,54,b78a05ed-edc9-4124-96e6-51a308a60a46,7491.7
17,17,A,McIntyre Sq,NORTH HILLS,55,a2eef954-c4dd-43b4-a47f-b65ca3ebcc7a,4908.1
17,17,A,McIntyre Sq,NORTH HILLS,56,13d92410-c944-4a0b-9320-7a7cef129daf,9476.2
17,17,A,Emsworth,EMSWORTH,1,d574fdd1-3a2f-46ec-9b9f-694458d0e47d,12902.0
17,17,A,Emsworth,EMSWORTH,2,a27d9db7-a3f4-4430-9891-7ba4c4e65b62,10961.7
17,17,A,Emsworth,EMSWORTH,3,728a08ae-2782-4ad0-8649-116a4def31d9,6494.4
17,17,A,Emsworth,EMSWORTH,4,adf90b2e-9075-41c3-b4f2-798a0103f591,14898.5
17,17,A,Emsworth,EMSWORTH,5,5d901917-24b6-44b8-a93a-84b552265405,9567.6
17,17,A,Emsworth,EMSWORTH,6,45cd0d64-f389-4290-92b8-ba5045986add,9705.7
17,17,A,Emsworth,EMSWORTH,7,4493e69c-70b0-4875-828a-7ad73ae366bd,10759.7
17,17,A,Emsworth,EMSWORTH,8,34beb6f3-dbbb-47aa-8b98-0fe32e1e9663,721.9
17,17,A,Emsworth,EMSWORTH,9,a30756be-6152-4d77-b631-85f9718b87ad,12789.7
17,17,A,Emsworth,EMSWORTH,10,b78a05ed-edc9-4124-96e6-51a308a60a46,8963.8
17,17,A,Emsworth,EMSWORTH,11,c06dd1d0-e30b-41f7-8f46-5cee4c80c578,2897.6
17,17,A,Emsworth,EMSWORTH,12,c6bb0a55-369f-4b0f-aa02-51829d168138,14329.8
17,17,A,Emsworth,EMSWORTH,13,b75aa0d3-0070-48cf-a99d-6b1ac2c94244,9186.5
17,17,A,Emsworth,EMSWORTH,14,c1e42a2a-7968-4e2a-b733-c95f78ed3a18,2148.8
17,17,A,Emsworth,EMSWORTH,15,256eeff4-d33c-4770-9dc1-4e761568f369,13596.9
17,17,A,Emsworth,EMSWORTH,16,25887827-8b23-4782-9a67-ff185d0fd2fc,12464.8
17,17,A,Emsworth,EMSWORTH,17,9cd73a70-c30c-488a-98bf-52f320cdf8e9,10211.1
17,17,A,Emsworth,EMSWORTH,18,1753e0fa-2d7d-4039-8e66-a34be8d213ca,8151.9
17,17,A,Emsworth,EMSWORTH,19,197f982a-38f1-48d0-af9f-5390b14b9ac8,3506.3
17,17,A,Emsworth,EMSWORTH,20,0465e100-ad28-48a3-8bc6-17e08835f27c,13971.2
17,17,A,Emsworth,EMSWORTH,21,caf4f00e-95fe-414a-a45f-ca4071151981,8016.7
17,17,A,Emsworth,EMSWORTH,22,aa0891ce-f6e2-4fd2-b4d7-174197ac6146,11102.8
17,17,A,Emsworth,EMSWORTH,23,9fe7cbfd-c34f-42f2-95c8-ba7d4e122363,7645.4
17,17,A,Emsworth,EMSWORTH,24,81eaf555-d89f-45de-9d9d-21a62421b8b3,14503.5
17,17,A,Emsworth,EMSWORTH,25,1763d895-e8ca-4a98-b874-a6deba8ebad5,2696.7
17,17,A,Emsworth,EMSWORTH,26,87842825-f067-410f-9c7e-ae6c3a98cf3c,2385.5
17,17,A,Emsworth,EMSWORTH,27,96d93888-8027-4f4a-90ed-d30c66bc4681,14684.1
17,17,A,Emsworth,EMSWORTH,28,bd48a38c-5146-4833-ac6b-4ef8f4826729,6089.6
17,17,A,Emsworth,EMSWORTH,29,f8bb9835-6e1e-41cb-b678-cc4c421428e7,5624.2
17,17,A,Emsworth,EMSWORTH,30,35c70649-6d4e-4bc6-998d-f96503639a1c,10082.3
17,17,A,Emsworth,EMSWORTH,31,41523e7f-2719-42a3-a3f9-14c43d40558e,2496.4
17,17,A,Emsworth,EMSWORTH,32,648496a3-571f-4dc3-acdb-e852e3c2e3ae,10416.0
17,17,A,Emsworth,EMSWORTH,33,e09016c5-59ab-45d4-b8fc-5417e76cb3f1,11878.7
17,17,A,Emsworth,EMSWORTH,34,aecf869a-432f-4f01-97c8-fb7fc8464999,11455.3
17,17,A,Emsworth,EMSWORTH,35,960ccab8-4615-4f8d-b70d-41abcb863011,3036.8
17,17,A,Emsworth,EMSWORTH,36,ad772a7d-1949-4b68-8459-04ef68242cef,13801.9
17,17,A,Emsworth,EMSWORTH,37,c72278fe-81e6-46bd-8aaa-e0dc78003721,1.2
17,17,A,Emsworth,EMSWORTH,38,4ba61f86-e68d-4832-a4ca-54c0f0220e09,14124.2
17,17,A,Emsworth,EMSWORTH,39,b9cb7de4-b999-4243-a8ba-4354ee2c2f8c,5460.2
17,17,A,Emsworth,EMSWORTH,40,dac503ea-81be-4988-bece-abd44c50cfa3,11980.2
17,17,A,Emsworth,EMSWORTH,41,635e8435-f0e2-4746-8832-6906cc9919c4,12168.0
17,17,A,Emsworth,EMSWORTH,42,d9d07873-6602-4346-a68d-266569ddc713,1640.1
17,17,A,Emsworth,EMSWORTH,43,0a7bd4d2-332e-4c4d-968f-3b689ae57760,9957.6
17,17,A,Emsworth,EMSWORTH,44,12b01ee3-d2f7-4273-9f0c-deef10ffc097,13130.7
17,17,A,Emsworth,EMSWORTH,45,45d32d8e-a32a-4df3-8d90-141fb1588b62,12612.6
17,17,A,Emsworth,EMSWORTH,46,f2164ebe-27f3-4e9d-ba57-53db7598443d,15202.5
17,17,A,Emsworth,EMSWORTH,47,c6ad6ba8-1904-483f-9f4e-d51e3f5f71e9,8578.9
17,17,A,Emsworth,EMSWORTH,48,00cecd86-7c63-478d-bc72-972701c66a05,6949.5
17,17,A,Emsworth,EMSWORTH,49,6a7d0550-4855-4b4e-b38d-973e79383ec8,8731.1
17,17,A,Emsworth,EMSWORTH,50,42f9a29b-972d-4779-b2a2-2d231f009da4,10570.6
17,17,A,Emsworth,EMSWORTH,51,8d1becc2-3c9f-4fa1-8a01-5a9c5025d59e,304.4
17,17,A,Emsworth,EMSWORTH,52,6812dcdf-e123-4728-ae50-df7a149d436c,1232.0
17,17,A,Emsworth,EMSWORTH,53,0967cae0-97ff-4c27-8fac-1c64dbf6967b,4429.1
17,17,A,Emsworth,EMSWORTH,54,23005b0a-f014-4354-b127-a7134298005a,7389.6
P3,P3,A,Oakland,OAKLAND via East Busway (All Stops),1,0c2c3ae4-7e7f-4607-8b03-53f618ba60b3,2854.9
P3,P3,A,Oakland,OAKLAND via East Busway (All Stops),2,c782296a-08a2-447f-97a4-9eb5453d1e67,0
P3,P3,A,Oakland,OAKLAND via East Busway (All Stops),3,d101f86f-06cf-4eaf-88c0-8a082166e849,12018.1
P3,P3,A,Oakland,OAKLAND via East Busway (All Stops),4,6693d607-a0c6-4059-a00d-38ce2df1fcd8,837.3
P3,P3,A,Oakland,OAKLAND via East Busway (All Stops),5,613a3875-6c70-476b-b65f-378497702f43,11763.3
P3,P3,A,Oakland,OAKLAND via East Busway (All Stops),6,353c7484-b8e1-4e01-bbc6-52af88c7c69d,10564.5
P3,P3,A,Oakland,OAKLAND via East Busway (All Stops),7,eb8cb649-8a02-4f16-a828-272a259ec8cf,10822.2
P3,P3,A,Oakland,OAKLAND via East Busway (All Stops),8,250e4f2d-7287-41d9-93b1-85cf76dfacd4,3967.8
P3,P3,A,Oakland,OAKLAND via East Busway (All Stops),9,d3c0cdb8-6628-4c8e-b5e9-c24fefa721a2,5123.3
P3,P3,A,Oakland,OAKLAND via East Busway (All Stops),10,6f0f13c8-d8e0-49da-b5e5-ad24d8c2c3d5,12384.8
P3,P3,A,Oakland,OAKLAND via East Busway (All Stops),11,2c0b1b67-e93b-420e-9686-0f4fb6658fa7,7327.1
P3,P3,A,Oakland,OAKLAND via East Busway (All Stops),12,6071051e-a899-403d-a139-15458b4e076a,11357.2
P3,P3,A,Oakland,OAKLAND via East Busway (All Stops),13,3672602c-3e6c-4c89-a239-908480a25143,8219.4
P3,P3,A,Swissvale,SWISSVALE via East Busway (All Stops),1,8025ec04-e19c-468c-9497-c79cfe34bb63,2471.7
P3,P3,A,Swissvale,SWISSVALE via East Busway (All Stops),2,da5c865f-79b7-4373-b4fd-efe9607e4477,9348.3
P3,P3,A,Swissvale,SWISSVALE via East Busway (All Stops),3,84b9b160-1d05-4290-bd1f-f7005219da89,12479.6
P3,P3,A,Swissvale,SWISSVALE via East Busway (All Stops),4,b76044ad-69e5-4d40-9e85-262441940032,5115.6
P3,P3,A,Swissvale,SWISSVALE via East Busway (All Stops),5,ae7cae62-950e-4387-86a3-209c71a93efd,8203.5
P3,P3,A,Swissvale,SWISSVALE via East Busway (All Stops),6,9bba82c4-35ff-42c1-9b00-255add9d572b,130.6
P3,P3,A,Swissvale,SWISSVALE via East Busway (All Stops),7,c782296a-08a2-447f-97a4-9eb5453d1e67,13401.6
P3,P3,A,Swissvale,SWISSVALE via East Busway (All Stops),8,3df5e983-0f4a-4925-8460-d277253173d4,2756.2
P3,P3,A,Swissvale,SWISSVALE via East Busway (All Stops),9,36645177-0dca-4bb7-bccb-c0004f0bb3a4,1177.9
P3,P3,A,Swissvale,SWISSVALE via East Busway (All Stops),10,22993ee6-5609-4892-967a-008a70775df4,894.7
P3,P3,A,Swissvale,SWISSVALE via East Busway (All Stops),11,1a62cf36-7450-4ba7-8385-6ce221a33604,6007.2
P3,P3,A,Swissvale,SWISSVALE via East Busway (All Stops),12,d45235ca-c669-493a-8761-8c81bf81786d,531.1
P3,P3,A,Swissvale,SWISSVALE via East Busway (All Stops),13,29fc3308-1a26-4d10-99f7-e76cd2692996,10463.4
P3,P3,A,Swissvale,SWISSVALE via East Busway (All Stops),14,4f4b267f-ec77-4a97-9665-d811e8edebb2,1920.5
11,11,A,Downtown,DOWNTOWN,1,88d1767e-7ba1-4c69-b51e-2abb33d1dee6,5331.3
11,11,A,Downtown,DOWNTOWN,2,f1331619-fc7b-4d48-85a5-e37997762b88,446.2
11,11,A,Downtown,DOWNTOWN,3,13e0faaf-a158-4552-9f92-d12422dbf0df,662.6
11,11,A,Downtown,DOWNTOWN,4,7caccf29-7dc5-4fdb-859b-54c55eadd789,1057.2
11,11,A,Downtown,DOWNTOWN,5,b5d1f348-2431-4e4b-a9c6-4caddabe4db5,1563.3
11,11,A,Downtown,DOWNTOWN,6,75f24a00-382d-4368-9694-1722e942b423,2453.5
11,11,A,Downtown,DOWNTOWN,7,6b0ebe69-e4f9-415d-a62d-c9a2ff14ed3e,5699.6
11,11,A,Downtown,DOWNTOWN,8,fc0041a7-f798-4395-a361-5faa8768abb5,4044.8
11,11,A,Downtown,DOWNTOWN,9,7da41aea-873e-44d3-ae1b-060766fd00a8,4194.7
11,11,A,Downtown,DOWNTOWN,10,3435ae1d-b3f2-46fe-9d31-98efaf79d1f1,3261.1
11,11,A,Downtown,DOWNTOWN,11,0533efde-f59c-4b97-92ee-353e59dd0e8f,781.4
11,11,A,Downtown,DOWNTOWN,12,c9e02566-c2da-455f-be08-3d2a0c0ca9b8,1851.0
11,11,A,Downtown,DOWNTOWN,13,ee1c99eb-6ef6-4fa8-8131-d7918595b685,4820.3
11,11,A,Downtown,DOWNTOWN,14,6f398802-b467-42d6-856d-e598bd9b398f,885.0
11,11,A,Downtown,DOWNTOWN,15,9b2f776e-1866-4d90-8a47-122170398558,3736.6
11,11,A,Downtown,DOWNTOWN,16,71c0a439-5e7d-42a1-965c-4b90502b1d90,0
11,11,A,Downtown,DOWNTOWN,17,39ac41ea-e798-4b2f-8e66-313b1140eb8b,212.2
11,11,A,Downtown,DOWNTOWN,18,d3694a79-540b-4542-a74d-279828c616de,1717.8
11,11,A,Downtown,DOWNTOWN,19,53b0a2ef-174c-4fe5-b527-8809b3536a56,1200.9
11,11,A,Downtown,DOWNTOWN,20,36b30330-1af4-4845-b323-63bd40e5ec57,2938.8
11,11,A,Downtown,DOWNTOWN,21,4196d241-83a7-45b3-9e3f-2c86b20a7a58,2591.0
11,11,A,Downtown,DOWNTOWN,22,1333eba6-d436-41e2-bb97-878f18960493,1371.3
11,11,A,Downtown,DOWNTOWN,23,13d2a987-bfab-4a72-92d9-bf8dd286a060,5088.1
11,11,A,Downtown,DOWNTOWN,24,cdd19ae0-a558-4964-820f-6012018ca0f9,2164.3
11,11,A,Downtown,DOWNTOWN,25,60919c05-b103-448e-a525-4893de815906,550.0
11,11,A,Downtown,DOWNTOWN,26,bf117474-d2b6-45e3-982c-88c1f0e8af93,338.9
11,11,A,Downtown,DOWNTOWN,27,a04c1924-24b7-45b2-9d11-3a6b0292545d,598.1
11,11,A,Downtown,DOWNTOWN,28,57d565ef-b4c0-4b31-a94f-4b7549cb7dc2,3522.2
11,11,A,Fineview,FINEVIEW,1,848d7e85-f09c-42f0-86c5-daab834e8c54,4342.4
11,11,A,Fineview,FINEVIEW,2,7c5f6fbf-9e27-4677-824e-f0a149dac77e,2558.0
11,11,A,Fineview,FINEVIEW,3,24efbe28-6448-4520-91fa-9bf2f2a95f45,5483.5
11,11,A,Fineview,FINEVIEW,4,0c1e321f-8c74-4e51-b1c1-44b5033cfb30,3360.9
11,11,A,Fineview,FINEVIEW,5,ee22bbcc-0a71-479c-a8fe-cab67f68a1fe,2836.8
11,11,A,Fineview,FINEVIEW,6,f7975124-6849-4521-b216-5f1a2bbe5aeb,5226.7
11,11,A,Fineview,FINEVIEW,7,02bafea7-6378-42c1-84e8-090189c39fcf,712.9
11,11,A,Fineview,FINEVIEW,8,b53f9e4b-c48e-4d2f-a284-225e936ca907,5912.5
11,11,A,Fineview,FINEVIEW,9,900e568c-8441-49e7-a8ff-48f29d22108b,3858.5
11,11,A,Fineview,FINEVIEW,10,52430752-470a-4c6c-b47f-d40bdcaa2154,415.2
11,11,A,Fineview,FINEVIEW,11,39cf554c-ad12-42e1-84dc-8a12b4e808aa,1639.6
11,11,A,Fineview,FINEVIEW,12,a8388f15-22b3-408d-81af-920d9bda5abe,3253.7
11,11,A,Fineview,FINEVIEW,13,143223d9-59f8-4aeb-8759-6fcd31e1353a,5791.3
11,11,A,Fineview,FINEVIEW,14,ab4d6e79-1200-40d4-9db6-27fe30ef2e83,1355.1
11,11,A,Fineview,FINEVIEW,15,305e12af-64b0-4ac6-ac4c-428c1dc9fd9c,1.9
11,11,A,Fineview,FINEVIEW,16,623a4acb-5610-4654-937f-30d69545e03d,2279.0
11,11,A,Fineview,FINEVIEW,17,273b5c62-9745-4460-9cf7-2fa97dcfc997,4406.0
11,11,A,Fineview,FINEVIEW,18,487108a4-9e63-4bb5-939b-9bcecbfae0f7,4182.2
11,11,A,Fineview,FINEVIEW,19,96dcf13d-13ba-44da-a504-80b011a723a2,5143.1
11,11,A,Fineview,FINEVIEW,20,737e56b4-191f-4cff-8ce6-88f7a4e0d99d,962.4
11,11,A,Fineview,FINEVIEW,21,c9369acd-7607-4530-971b-577f1e81d900,2071.2
11,11,A,Fineview,FINEVIEW,22,cc64e744-37d0-4672-be27-4399559861b1,4733.8
11,11,A,Fineview,FINEVIEW,23,b62ac9c6-deca-44e4-83fb-6f5565c96668,3637.2
11,11,A,Fineview,FINEVIEW,24,a57fb21a-e78d-4ffd-8736-12f381ace635,4601.5
11,11,A,Fineview,FINEVIEW,25,32a20133-3622-4e5e-b9df-7d308dd68bc2,4115.7
11,11,A,Fineview,FINEVIEW,26,7471d878-dc5c-4d11-b5f0-715ffbff2f77,1906.7
11,11,A,Fineview,FINEVIEW,27,6731801e-1d6a-4ed1-8b26-f2115ef61b0a,3982.5
11,11,A,Fineview,FINEVIEW,28,5200f714-a386-4ae3-9dc3-d4ca27646d96,4529.2
11,11,A,Fineview,FINEVIEW,29,6c81d766-c4f5-47df-a6d6-8f5a59d5548b,2990.5
11,11,A,Fineview,FINEVIEW,30,9c547792-e0ba-40ac-b999-743f3f920843,3166.8
11,11,A,Fineview,FINEVIEW,31,0409ce94-73e7-4103-b63f-d008c039cbf4,3744.5
11,11,A,Fineview,FINEVIEW,32,c5075ebc-afe0-4b1c-a4ed-049fe37eab33,6028.2
76L,76L,A,Downtown,DOWNTOWN,1,a0a02fa9-e11d-4254-ae51-9c7f937f9e4c,16159.7
76L,76L,A,Downtown,DOWNTOWN,2,f0c0c4d2-fa69-4426-946c-803c83a59c5a,0
76L,76L,A,Downtown,DOWNTOWN,3,027a2d07-dee9-4671-b63d-7282b8a88e10,22491.5
76L,76L,A,Downtown,DOWNTOWN,4,058037cb-8ae5-4a71-b415-c3baa6f7d7fa,13052.1
76L,76L,A,Downtown,DOWNTOWN,5,f8bc0d9e-d1a6-42b3-9a06-8c522e22eabd,4186.4
76L,76L,A,Downtown,DOWNTOWN,6,d1f60bd9-699e-4ecb-bd10-b8c7a6f77146,9039.0
76L,76L,A,Downtown,DOWNTOWN,7,fdb56264-b06a-467e-95b2-affd07a67ac7,8364.4
76L,76L,A,Downtown,DOWNTOWN,8,8a398142-b827-402f-a810-9119791189f7,6678.5
76L,76L,A,Downtown,DOWNTOWN,9,f7c9ee1c-91a5-44a3-894d-846211a676f3,15265.4
76L,76L,A,Downtown,DOWNTOWN,10,99e15705-1490-4e1e-90a3-9c9cac5dc88d,6311.9
76L,76L,A,Downtown,DOWNTOWN,11,0ddd240e-ec9c-4d67-9e45-ddbd74fd0d4d,6855.0
76L,76L,A,Downtown,DOWNTOWN,12,11802a1e-f1f6-4bf5-a076-e88b278be542,10037.9
76L,76L,A,Downtown,DOWNTOWN,13,4a974ceb-2bf8-4f1f-b5e7-a0988e7fb48e,10948.8
76L,76L,A,Downtown,DOWNTOWN,14,c50e7a47-1415-42bb-96ae-7c2d12e5a27b,11184.2
76L,76L,A,Downtown,DOWNTOWN,15,a331f485-a34d-4e26-8a49-9b4924fb2985,7623.9
76L,76L,A,Downtown,DOWNTOWN,16,cb1cf4cc-bdcc-40c2-84be-f17d2cee7570,11076.6
76L,76L,A,Downtown,DOWNTOWN,17,ad31af7f-3197-4f9a-acc5-8928d1865b8b,193.0
76L,76L,A,Downtown,DOWNTOWN,18,63aeab5f-ad2a-4c51-b4cd-a21b3066a189,11679.2
76L,76L,A,Downtown,DOWNTOWN,19,0955af6f-aeda-42f7-b092-f46e19ee4ff2,19459.1
76L,76L,A,Downtown,DOWNTOWN,20,3ddb9110-91b9-41e3-81e8-a651ff4c513a,7438.4
76L,76L,A,Downtown,DOWNTOWN,21,0bd09bae-7618-4ab0-be4e-5f0916f54ef4,8132.2
76L,76L,A,Downtown,DOWNTOWN,22,bc720dfa-1b2a-4c85-b309-c34fca74fd45,8545.3
76L,76L,A,Downtown,DOWNTOWN,23,f64c5aa6-3271-4bc0-9312-03e122f544dc,11907.3
76L,76L,A,Downtown,DOWNTOWN,24,ab622edc-ec2d-43fa-83b2-0f66a97bfa2e,7204.6
76L,76L,A,Downtown,DOWNTOWN,25,91805ac5-00b5-4cd5-b986-5fad18d0cdec,2352.5
76L,76L,A,Downtown,DOWNTOWN,26,233f5ea1-6fc5-4d42-a588-552a10fcfddd,2880.5
76L,76L,A,Downtown,DOWNTOWN,27,237bc07f-3a41-450a-93a1-0f57a41fd478,9870.8
76L,76L,A,Downtown,DOWNTOWN,28,0dd509ae-c023-4867-b41c-bb76e88818a0,11551.3
76L,76L,A,Downtown,DOWNTOWN,29,2262c80e-53c7-44ba-822d-5f2bf0d28a59,11444.6
76L,76L,A,Downtown,DOWNTOWN,30,47ff4298-7b84-4a69-a924-c76c52955537,22847.3
76L,76L,A,Downtown,DOWNTOWN,31,82551d59-7b2d-403e-b4eb-e0a9570caa46,664.0
76L,76L,A,Downtown,DOWNTOWN,32,8777c642-5943-4e35-996b-839d0f3c766f,1001.0
76L,76L,A,Downtown,DOWNTOWN,33,772d0c3e-a446-4c6a-8dc9-72acc1141500,371.7
76L,76L,A,Downtown,DOWNTOWN,34,0e979f89-f8f9-44ce-b75c-c077c10fa04b,1661.4
76L,76L,A,Downtown,DOWNTOWN,35,0a0d4b72-91c9-484e-947a-7438b7337c94,3106.5
76L,76L,A,Downtown,DOWNTOWN,36,4d6438f2-b9f8-448d-97b8-776b43915892,832.1
76L,76L,A,Downtown,DOWNTOWN,37,dcb05b97-66c2-4414-913e-5adbc0826514,10853.7
76L,76L,A,Downtown,DOWNTOWN,38,66020418-19e0-4be4-b96e-9a29be98add7,10740.8
76L,76L,A,Downtown,DOWNTOWN,39,305e12af-64b0-4ac6-ac4c-428c1dc9fd9c,22217.4
76L,76L,A,Downtown,DOWNTOWN,40,177fc1c9-3fe8-4bd0-8ce6-f12e8c44ffdc,23312.2
76L,76L,A,Downtown,DOWNTOWN,41,dc4bf964-1745-4c1b-8898-cc97738ac6b7,2178.5
76L,76L,A,North Versailles,HOLIDAY PARK,1,d75385a4-1822-4ed4-bf1d-3ceb0a2a73f5,14721.2
76L,76L,A,North Versailles,HOLIDAY PARK,2,4a415924-01b0-4604-9a10-3ba877ad158e,6676.7
76L,76L,A,North Versailles,HOLIDAY PARK,3,177fc1c9-3fe8-4bd0-8ce6-f12e8c44ffdc,1.2
76L,76L,A,North Versailles,HOLIDAY PARK,4,7c838cd7-b739-47c5-8526-81a135af6f04,12064.9
76L,76L,A,North Versailles,HOLIDAY PARK,5,f392697e-e423-479d-a87c-a6589a483a99,21874.1
76L,76L,A,North Versailles,HOLIDAY PARK,6,e09feaf4-e78b-4971-a15c-9a629e2ccc46,9747.3
76L,76L,A,North Versailles,HOLIDAY PARK,7,9a67b057-7a99-453d-815c-46a9a5b99166,15981.8
76L,76L,A,North Versailles,HOLIDAY PARK,8,c89f1a65-6344-45aa-be61-eb8ccb21c1e7,3349.8
76L,76L,A,North Versailles,HOLIDAY PARK,9,73597a2a-b56a-4a10-b560-dc36ca968e6f,12370.5
76L,76L,A,North Versailles,HOLIDAY PARK,10,7bd1f0a1-3122-419d-b212-9942d136c320,10907.8
76L,76L,A,North Versailles,HOLIDAY PARK,11,6345246b-f395-46e4-96f8-1522ada34f2d,13029.5
76L,76L,A,North Versailles,HOLIDAY PARK,12,e48dae37-eea1-47b4-90ae-e6da4f2765ac,11933.9
76L,76L,A,North Versailles,HOLIDAY PARK,13,121adcf1-d5bf-4bbc-93d2-a331fda1d45a,20508.9
76L,76L,A,North Versailles,HOLIDAY PARK,14,01525e42-9962-4def-9294-c4d909c0a719,16537.4
76L,76L,A,North Versailles,HOLIDAY PARK,15,02545dfc-a374-43ab-8f9f-aad34f468984,19717.0
76L,76L,A,North Versailles,HOLIDAY PARK,16,cbefd82a-07a3-4d99-b958-f95151838539,11372.9
76L,76L,A,North Versailles,HOLIDAY PARK,17,69abaecf-7ff2-4d48-a513-ea037c8d8ccc,14022.0
76L,76L,A,North Versailles,HOLIDAY PARK,18,72e76c76-4a38-4abe-aafd-a1e905b74af5,18675.7
76L,76L,A,North Versailles,HOLIDAY PARK,19,42a16c05-bdc7-4d2e-8691-c47626fa2a64,15680.6
76L,76L,A,North Versailles,HOLIDAY PARK,20,148c323e-d9db-4e29-bdbd-05bd62bdccbb,22422.6
76L,76L,A,North Versailles,HOLIDAY PARK,21,392fb73c-9145-4e5d-9a59-73a593ebeebb,22728.3
76L,76L,A,North Versailles,HOLIDAY PARK,22,9c2d06e5-b406-412e-9915-1be3249a2885,14507.9
76L,76L,A,North Versailles,HOLIDAY PARK,23,8a3b1f8d-5960-49a4-8cc1-0e89b2b3f739,11682.8
76L,76L,A,North Versailles,HOLIDAY PARK,24,3a1282d5-7aca-45c8-80f6-2f05f2303a76,15225.3
76L,76L,A,North Versailles,HOLIDAY PARK,25,946e33be-9bb5-42ca-b3e5-ce595d1ea287,16219.3
76L,76L,A,North Versailles,HOLIDAY PARK,26,01c5b990-0d25-46de-a328-c5432b6d6698,14357.1
76L,76L,A,North Versailles,HOLIDAY PARK,27,c5f5eef1-db49-4427-8409-7bb0e71692f6,22222.1
76L,76L,A,North Versailles,HOLIDAY PARK,28,35eaf546-371a-4d19-a090-9e5045a65a63,11829.1
76L,76L,A,North Versailles,HOLIDAY PARK,29,6b0ebe69-e4f9-415d-a62d-c9a2ff14ed3e,679.2
76L,76L,A,North Versailles,HOLIDAY PARK,30,c2170705-8451-451d-b005-9f6e5a611ec7,7545.3
76L,76L,A,North Versailles,HOLIDAY PARK,31,8d00884a-1c8b-4a24-983b-9f486b8aa9fb,366.5
76L,76L,A,North Versailles,HOLIDAY PARK,32,5c253c37-b7f3-41f0-a260-fe7a6b7a7442,15452.1
76L,76L,A,North Versailles,HOLIDAY PARK,33,596e306a-c217-4e11-94e2-ceb6f972de15,20689.8
76L,76L,A,North Versailles,HOLIDAY PARK,34,efe12e50-9ebf-46fb-b509-afb596ac7716,13726.7
76L,76L,A,North Versailles,HOLIDAY PARK,35,bd768cd7-9980-4c67-97f2-a9b7a8585781,20060.7
76L,76L,A,North Versailles,HOLIDAY PARK,36,0e979f89-f8f9-44ce-b75c-c077c10fa04b,21225.6
76L,76L,A,North Versailles,HOLIDAY PARK,37,f0c0c4d2-fa69-4426-946c-803c83a59c5a,22906.5
79,79,A,East Liberty,EAST LIBERTY via Lincoln-Lemington,1,7891abf0-2c50-4a90-ad1f-71cbc3011fa0,2218.3
79,79,A,East Liberty,EAST LIBERTY via Lincoln-Lemington,2,8a0b075f-8c3a-4722-a199-23d181e4110d,13202.1
79,79,A,East Liberty,EAST LIBERTY via Lincoln-Lemington,3,94a52f0c-413a-4ac8-bfde-6695542b78f9,6620.9
79,79,A,East Liberty,EAST LIBERTY via Lincoln-Lemington,4,21a923c7-0e26-49ea-a56d-41bb005bb7f1,2438.0
79,79,A,East Liberty,EAST LIBERTY via Lincoln-Lemington,5,7d604ed7-be2a-4acb-851a-26fd84a51475,12460.7
79,79,A,East Liberty,EAST LIBERTY via Lincoln-Lemington,6,e1c36722-f609-4e38-abe5-7a2be135c8eb,9885.7
79,79,A,East Liberty,EAST LIBERTY via Lincoln-Lemington,7,7c838cd7-b739-47c5-8526-81a135af6f04,1157.1
79,79,A,East Liberty,EAST LIBERTY via Lincoln-Lemington,8,11537b05-3631-4da4-a630-05b5654f1c98,2014.2
79,79,A,East Liberty,EAST LIBERTY via Lincoln-Lemington,9,147db305-ebe0-482b-b592-2669fccc193c,4371.5
79,79,A,East Liberty,EAST LIBERTY via Lincoln-Lemington,10,8e428e88-7a98-4f7c-a3db-30953506c733,10362.2
79,79,A,East Liberty,EAST LIBERTY via Lincoln-Lemington,11,cbefd82a-07a3-4d99-b958-f95151838539,465.1
79,79,A,East Liberty,EAST LIBERTY via Lincoln-Lemington,12,1cb21b15-7718-4c82-8f42-c08d1582cb98,2653.3
79,79,A,East Liberty,EAST LIBERTY via Lincoln-Lemington,13,ddb0d5bb-0ae0-42f7-8402-8c8e21b351d0,7557.7
79,79,A,East Liberty,EAST LIBERTY via Lincoln-Lemington,14,ee92bfc4-04cd-4186-9e08-aa1fa0dc62d0,9619.1
79,79,A,East Liberty,EAST LIBERTY via Lincoln-Lemington,15,4c91558d-aa4f-4a75-960b-f54b4249fd16,2573.9
79,79,A,East Liberty,EAST LIBERTY via Lincoln-Lemington,16,4ad9479e-7c3f-436d-8c17-0a4e6b376bc1,14747.1
79,79,A,East Liberty,EAST LIBERTY via Lincoln-Lemington,17,7bd1f0a1-3122-419d-b212-9942d136c320,0.0
79,79,A,East Liberty,EAST LIBERTY via Lincoln-Lemington,18,5f91f30f-6a8d-4cec-b2d2-c2930f0f8811,9325.5
79,79,A,East Liberty,EAST LIBERTY via Lincoln-Lemington,19,f3c3a147-7c57-4ad8-9979-00be36a33ca0,7226.1
79,79,A,East Liberty,EAST LIBERTY via Lincoln-Lemington,20,46595fdd-209b-472b-9f9b-f26b3fbd1b43,13308.4
79,79,A,East Liberty,EAST LIBERTY via Lincoln-Lemington,21,9b3f69bb-a7c2-4750-9d62-6f13747b55ae,3830.5
79,79,A,East Liberty,EAST LIBERTY via Lincoln-Lemington,22,b265ad7e-491c-47f6-b57d-1261f4f4317f,6198.0
79,79,A,East Liberty,EAST LIBERTY via Lincoln-Lemington,23,9426824d-494e-4881-8fe5-f593b15c8074,12339.4
79,79,A,East Liberty,EAST LIBERTY via Lincoln-Lemington,24,d6e68c55-b6c4-4610-a8b4-00b9a0f7ea90,8257.6
79,79,A,East Liberty,EAST LIBERTY via Lincoln-Lemington,25,b12c0180-39c7-4218-9cef-764c9e17118a,4737.2
79,79,A,East Liberty,EAST LIBERTY via Lincoln-Lemington,26,0f4bd8c5-ef32-48b2-9346-3c269bf14ffa,12151.5
79,79,A,East Liberty,EAST LIBERTY via Lincoln-Lemington,27,1d7c68ce-1b17-4c99-b698-92a5c98f429c,3480.9
79,79,A,East Liberty,EAST LIBERTY via Lincoln-Lemington,28,35eaf546-371a-4d19-a090-9e5045a65a63,921.3
79,79,A,East Liberty,EAST LIBERTY via Lincoln-Lemington,29,303cdc39-29b6-4c02-af5b-ddf1f5e4a802,3835.2
79,79,A,East Liberty,EAST LIBERTY via Lincoln-Lemington,30,feada18b-8697-428c-a5ac-ac3be97c1c36,2963.1
79,79,A,East Liberty,EAST LIBERTY via Lincoln-Lemington,31,53b50fbf-f778-4acf-852a-0c6bcb30a8a0,10428.1
79,79,A,East Liberty,EAST LIBERTY via Lincoln-Lemington,32,fb9333d4-2951-4019-a0d9-d8c1908751f4,10517.5
79,79,A,East Liberty,EAST LIBERTY via Lincoln-Lemington,33,91f39726-806b-4757-bd3e-0866e771cbbc,9077.0
79,79,A,East Liberty,EAST LIBERTY via Lincoln-Lemington,34,75c76d72-209c-4b63-94a5-4c9377521279,1810.3
79,79,A,East Liberty,EAST LIBERTY via Lincoln-Lemington,35,c15d5a92-7194-48f7-80a2-833cb8bceca2,9544.4
79,79,A,East Liberty,EAST LIBERTY via Lincoln-Lemington,36,91f9eb84-c77f-4e60-a2bb-e112374e9100,6764.4
79,79,A,East Liberty,EAST LIBERTY via Lincoln-Lemington,37,1f7f5266-170e-4f88-ae56-748d48421b18,5508.6
79,79,A,East Liberty,EAST LIBERTY via Lincoln-Lemington,38,5c3e99d4-777c-4a1f-9689-4cdb9fdaff4a,13986.2
79,79,A,East Liberty,EAST LIBERTY via Lincoln-Lemington,39,7cd7c63f-2f56-4f4b-8323-2ed437d6735f,11779.3
79,79,A,East Liberty,EAST LIBERTY via Lincoln-Lemington,40,dca0e763-f2fe-4f7b-b116-fe53c14a4ffe,10682.4
79,79,A,East Liberty,EAST LIBERTY via Lincoln-Lemington,41,d021e36c-6c80-4b31-b9db-1de8e210e9ab,13492.8
79,79,A,East Liberty,EAST LIBERTY via Lincoln-Lemington,42,349ebc70-56b6-4e0b-8db8-156faae22d80,6882.0
79,79,A,East Liberty,EAST LIBERTY via Lincoln-Lemington,43,6a141d3b-b2cf-40d4-8d35-16e404c47aa5,10852.9
79,79,A,East Liberty,EAST LIBERTY via Lincoln-Lemington,44,67f078ec-f5d3-4350-9617-85b6b4fc104b,13610.6
79,79,A,East Liberty,EAST LIBERTY via Lincoln-Lemington,45,b3b5c8b1-a21d-4276-a18b-a835de2e1f30,4969.5
79,79,A,East Liberty,EAST LIBERTY via Lincoln-Lemington,46,0a1a71ec-fe88-4e7e-aae7-667a8f8e66fe,11043.7
79,79,A,East Liberty,EAST LIBERTY via Lincoln-Lemington,47,7bf0af4b-7b21-43fe-86dd-8ca54542a622,3224.2
79,79,A,East Liberty,EAST LIBERTY via Lincoln-Lemington,48,18b97192-ed46-4116-8d07-e1f472e6327a,8078.2
79,79,A,East Liberty,EAST LIBERTY via Lincoln-Lemington,49,276b3cee-c515-4a2d-aaef-45f93c9f8e11,4501.1
79,79,A,East Liberty,EAST LIBERTY via Lincoln-Lemington,50,5685013f-6cef-4cbd-b895-a7b11922d9f3,3730.4
79,79,A,East Liberty,EAST LIBERTY via Lincoln-Lemington,51,8a3b1f8d-5960-49a4-8cc1-0e89b2b3f739,775.1
79,79,A,East Liberty,EAST LIBERTY via Lincoln-Lemington,52,f9c6fd5e-42a7-48d2-a944-a8ab1d17bb85,3359.1
79,79,A,East Liberty,EAST LIBERTY via Lincoln-Lemington,53,2aad104b-1b18-4f04-8e54-1818fa23ff62,11873.9
79,79,A,East Liberty,EAST LIBERTY via Lincoln-Lemington,54,d12627d5-a838-492f-9766-f93401aa4be7,11679.8
79,79,A,East Liberty,EAST LIBERTY via Lincoln-Lemington,55,37cdaceb-8d72-42d4-be01-56d622db6758,14628.1
79,79,A,East Liberty,EAST LIBERTY via Lincoln-Lemington,56,0c6736b2-213c-441e-9933-044dbf6a3541,11286.1
79,79,A,East Liberty,EAST LIBERTY via Lincoln-Lemington,57,dda832d8-af24-49d0-983d-6dcdfda09226,10091.6
79,79,A,East Liberty,EAST LIBERTY via Lincoln-Lemington,58,8bfa47bf-29e1-4da1-b221-614e04b8b4ca,12833.2
79,79,A,East Liberty,EAST LIBERTY via Lincoln-Lemington,59,3cb4e0ab-9d4c-4d80-b3c9-2ef9e59b1bc8,11386.2
79,79,A,East Liberty,EAST LIBERTY via Lincoln-Lemington,60,66020418-19e0-4be4-b96e-9a29be98add7,1460.1
79,79,A,East Liberty,EAST LIBERTY via Lincoln-Lemington,61,693e0c4f-e841-4d53-a50f-73362528df2f,1604.0
79,79,A,East Liberty,EAST LIBERTY via Lincoln-Lemington,62,8de70b5c-c1cb-4645-a8d3-8a3b29670291,7437.4
79,79,A,East Liberty,EAST LIBERTY via Lincoln-Lemington,63,562f68d8-ab31-472b-88bd-55633cc53dca,1365.3
79,79,A,East Liberty,EAST LIBERTY via Lincoln-Lemington,64,104c9193-14dd-4586-a54c-c539188abeaa,6432.8
79,79,A,East Liberty,EAST LIBERTY via Lincoln-Lemington,65,ee2e304b-02c2-4233-be59-99c91b4c3ce4,12728.7
79,79,A,East Liberty,EAST LIBERTY via Lincoln-Lemington,66,f19a4a0d-12dd-44b1-aebe-7282f173fada,5979.7
79,79,A,East Liberty,EAST LIBERTY via Lincoln-Lemington,67,3699b987-1998-4abc-8f32-f4ac4ca13061,10259.2
79,79,A,East Liberty,EAST LIBERTY via Lincoln-Lemington,68,48b563b2-2a27-4e20-87c7-689462722e08,5344.5
79,79,A,East Liberty,EAST LIBERTY via Lincoln-Lemington,69,ecd6f78c-222d-4439-985b-9b34590ffec4,2350.8
79,79,A,East Liberty,EAST LIBERTY via Lincoln-Lemington,70,6923bae4-c8cc-492f-8e4a-ac8cb90799ee,4855.6
79,79,A,East Liberty,EAST LIBERTY via Lincoln-Lemington,71,8780766b-f6a6-4bdf-865a-b6fa7099639c,7930.7
79,79,A,East Liberty,EAST LIBERTY via Lincoln-Lemington,72,5f5e3c4f-d990-42ba-a3c0-ca127e6c31e0,14384.7
79,79,A,East Liberty,EAST LIBERTY via Lincoln-Lemington,73,045863a2-6747-43a2-b82c-49aa829fa671,12561.0
79,79,A,East Liberty,EAST LIBERTY via Lincoln-Lemington,74,0d8364ce-ffbe-4e43-a629-e7f863e3509f,13741.0
79,79,A,East Liberty,EAST LIBERTY via Lincoln-Lemington,75,da60c15c-76c0-41a1-a8a9-3e5642ec4114,5174.8
79,79,A,East Liberty,EAST LIBERTY via Lincoln-Lemington,76,85b73ac1-d916-4595-9bb6-8024ad4ce5c3,4106.1
79,79,A,East Liberty,EAST LIBERTY via Lincoln-Lemington,77,82723a66-8c9d-4eac-b85e-c66c41b5dd9d,4202.4
79,79,A,East Liberty,EAST LIBERTY via Lincoln-Lemington,78,e48dae37-eea1-47b4-90ae-e6da4f2765ac,1026.2
79,79,A,East Liberty,EAST LIBERTY via Lincoln-Lemington,79,646133cf-708b-4960-95e3-63963096202c,11447.8
79,79,A,East Liberty,EAST LIBERTY via Lincoln-Lemington,80,d6d23a27-ff01-47f8-bc8c-6dbb12727889,1699.4
79,79,A,Wilkinsburg,WILKINSBURG via Lincoln-Lemington,1,bde3bfa5-d9e1-4c2c-b6f9-fc3d499aa543,12709.4
79,79,A,Wilkinsburg,WILKINSBURG via Lincoln-Lemington,2,63aeab5f-ad2a-4c51-b4cd-a21b3066a189,13684.0
79,79,A,Wilkinsburg,WILKINSBURG via Lincoln-Lemington,3,6478d9e3-4ebf-4de0-9aec-ff7b5732f65c,1310.9
79,79,A,Wilkinsburg,WILKINSBURG via Lincoln-Lemington,4,aa2a2e43-fa76-473d-ba61-2bdcf1fe5fff,6603.9
79,79,A,Wilkinsburg,WILKINSBURG via Lincoln-Lemington,5,7bf0af4b-7b21-43fe-86dd-8ca54542a622,8820.7
79,79,A,Wilkinsburg,WILKINSBURG via Lincoln-Lemington,6,f631f0d2-dd07-4327-8c5a-7aa23f7a295d,4432.4
79,79,A,Wilkinsburg,WILKINSBURG via Lincoln-Lemington,7,5685013f-6cef-4cbd-b895-a7b11922d9f3,9336.9
79,79,A,Wilkinsburg,WILKINSBURG via Lincoln-Lemington,8,79a5763a-1994-4a08-b139-abbb86dc67f3,1586.6
79,79,A,Wilkinsburg,WILKINSBURG via Lincoln-Lemington,9,f64c5aa6-3271-4bc0-9312-03e122f544dc,13912.8
79,79,A,Wilkinsburg,WILKINSBURG via Lincoln-Lemington,10,cb21ab20-e4fe-4bbb-a54d-d62da470cb35,10572.2
79,79,A,Wilkinsburg,WILKINSBURG via Lincoln-Lemington,11,7b732db8-498a-4dc7-957b-194d153a6803,11753.3
79,79,A,Wilkinsburg,WILKINSBURG via Lincoln-Lemington,12,8ef1ab92-0f0d-4681-baab-0ce3aa6f6d61,4523.1
79,79,A,Wilkinsburg,WILKINSBURG via Lincoln-Lemington,13,1705cd16-63a5-439c-ab5f-196fa7a25548,11645.5
79,79,A,Wilkinsburg,WILKINSBURG via Lincoln-Lemington,14,5e4b47c6-9c2d-4786-a5ac-c374f63b796f,5791.3
79,79,A,Wilkinsburg,WILKINSBURG via Lincoln-Lemington,15,18b97192-ed46-4116-8d07-e1f472e6327a,5976.3
79,79,A,Wilkinsburg,WILKINSBURG via Lincoln-Lemington,16,88340d1a-785a-4b8b-a1b1-a897d22c0110,3182.0
79,79,A,Wilkinsburg,WILKINSBURG via Lincoln-Lemington,17,99cd96df-7972-4473-ae61-b79c3f41c2bb,3784.7
79,79,A,Wilkinsburg,WILKINSBURG via Lincoln-Lemington,18,f9c6fd5e-42a7-48d2-a944-a8ab1d17bb85,8955.6
79,79,A,Wilkinsburg,WILKINSBURG via Lincoln-Lemington,19,b235358f-3409-45c9-ac43-7ece2e3b51b9,3345.6
79,79,A,Wilkinsburg,WILKINSBURG via Lincoln-Lemington,20,d76641dc-88ae-4925-b415-888369f71ec2,2354.4
79,79,A,Wilkinsburg,WILKINSBURG via Lincoln-Lemington,21,04528653-3b7a-468a-a7cc-a82c65871e8c,3611.5
79,79,A,Wilkinsburg,WILKINSBURG via Lincoln-Lemington,22,1f9c6064-ea60-4993-9cff-289ef6dac291,4147.3
79,79,A,Wilkinsburg,WILKINSBURG via Lincoln-Lemington,23,0dd509ae-c023-4867-b41c-bb76e88818a0,13556.7
79,79,A,Wilkinsburg,WILKINSBURG via Lincoln-Lemington,24,62d175ab-b8c3-4022-a6f6-d7bce7dfab8e,2980.5
79,79,A,Wilkinsburg,WILKINSBURG via Lincoln-Lemington,25,bdc5f5a5-b1ce-4e6e-935f-4d75ae176882,12480.5
79,79,A,Wilkinsburg,WILKINSBURG via Lincoln-Lemington,26,b9e92158-f88a-44ab-bdeb-2dbec8833d30,1870.9
79,79,A,Wilkinsburg,WILKINSBURG via Lincoln-Lemington,27,eee8c4a4-05df-4f3a-9d2f-23705148015a,9581.8
79,79,A,Wilkinsburg,WILKINSBURG via Lincoln-Lemington,28,1d7c68ce-1b17-4c99-b698-92a5c98f429c,9077.4
79,79,A,Wilkinsburg,WILKINSBURG via Lincoln-Lemington,29,c6faf3a6-d56f-46c3-8867-b9c2d87e8872,10123.0
79,79,A,Wilkinsburg,WILKINSBURG via Lincoln-Lemington,30,965d7159-2c00-4b73-bb64-c45a8c14133b,4710.3
79,79,A,Wilkinsburg,WILKINSBURG via Lincoln-Lemington,31,3041131d-48c1-4fb8-abd4-3db4e6df8518,4919.8
79,79,A,Wilkinsburg,WILKINSBURG via Lincoln-Lemington,32,2af4fa9c-823d-4fba-864f-fc61ccf96517,2256.9
79,79,A,Wilkinsburg,WILKINSBURG via Lincoln-Lemington,33,4a974ceb-2bf8-4f1f-b5e7-a0988e7fb48e,12954.3
79,79,A,Wilkinsburg,WILKINSBURG via Lincoln-Lemington,34,3a4a5314-1c3f-4823-a180-df1807b59981,7908.8
79,79,A,Wilkinsburg,WILKINSBURG via Lincoln-Lemington,35,2262c80e-53c7-44ba-822d-5f2bf0d28a59,13450.1
79,79,A,Wilkinsburg,WILKINSBURG via Lincoln-Lemington,36,ae5431af-f369-4193-9546-d0824d0d2fcd,332.1
79,79,A,Wilkinsburg,WILKINSBURG via Lincoln-Lemington,37,99881c9d-389e-473d-b400-8c08e19a5b5a,6876.5
79,79,A,Wilkinsburg,WILKINSBURG via Lincoln-Lemington,38,d617ab08-02fb-4d5d-bd9b-e307ffe2b2db,10259.1
79,79,A,Wilkinsburg,WILKINSBURG via Lincoln-Lemington,39,4cd2f359-4c57-4ad4-a782-45b57f52e832,3958.2
79,79,A,Wilkinsburg,WILKINSBURG via Lincoln-Lemington,40,c01b1d87-cbf0-47a8-a5a2-6d8ce387d2de,5067.3
79,79,A,Wilkinsburg,WILKINSBURG via Lincoln-Lemington,41,584d8588-ebae-4211-b531-f18707ae743d,12614.5
79,79,A,Wilkinsburg,WILKINSBURG via Lincoln-Lemington,42,a107ae22-25d0-4f17-91a4-1634f14161b6,7736.2
79,79,A,Wilkinsburg,WILKINSBURG via Lincoln-Lemington,43,da60c15c-76c0-41a1-a8a9-3e5642ec4114,10781.4
79,79,A,Wilkinsburg,WILKINSBURG via Lincoln-Lemington,44,28ff110f-5077-47a1-bd60-839053328a3f,2585.3
79,79,A,Wilkinsburg,WILKINSBURG via Lincoln-Lemington,45,8c8982e5-4e4c-4d85-bd96-752946d4afa6,11351.0
79,79,A,Wilkinsburg,WILKINSBURG via Lincoln-Lemington,46,30d25f24-03da-4205-a70f-8c8304bd143b,8095.7
79,79,A,Wilkinsburg,WILKINSBURG via Lincoln-Lemington,47,8b4712d9-e89e-4503-a474-b6331df4c2c8,1694.4
79,79,A,Wilkinsburg,WILKINSBURG via Lincoln-Lemington,48,946eca47-2246-409d-b592-39be0e3d799d,1476.6
79,79,A,Wilkinsburg,WILKINSBURG via Lincoln-Lemington,49,57272051-aebf-4e83-9f9a-6dcc16ac5e5e,9721.2
79,79,A,Wilkinsburg,WILKINSBURG via Lincoln-Lemington,50,1f7f5266-170e-4f88-ae56-748d48421b18,11116.1
79,79,A,Wilkinsburg,WILKINSBURG via Lincoln-Lemington,51,e8a15920-7393-4cee-835c-8be314d1cdd1,10368.6
79,79,A,Wilkinsburg,WILKINSBURG via Lincoln-Lemington,52,e988e969-e208-445b-a019-e7586e91b116,8312.6
79,79,A,Wilkinsburg,WILKINSBURG via Lincoln-Lemington,53,cb1cf4cc-bdcc-40c2-84be-f17d2cee7570,13082.1
79,79,A,Wilkinsburg,WILKINSBURG via Lincoln-Lemington,54,dcb05b97-66c2-4414-913e-5adbc0826514,12862.5
79,79,A,Wilkinsburg,WILKINSBURG via Lincoln-Lemington,55,74c01736-f660-4524-8e5b-9ab57d6f64be,2162.1
79,79,A,Wilkinsburg,WILKINSBURG via Lincoln-Lemington,56,ac58211e-6967-42fb-817e-60a8f7acbfe8,4773.7
79,79,A,Wilkinsburg,WILKINSBURG via Lincoln-Lemington,57,032312eb-ce05-4290-a015-d5f9459ff967,9436.3
79,79,A,Wilkinsburg,WILKINSBURG via Lincoln-Lemington,58,dc689d4c-a6d4-443b-aaef-43c11b3e2ae3,3535.4
79,79,A,Wilkinsburg,WILKINSBURG via Lincoln-Lemington,59,cd523f28-437d-43bf-b61f-8bf943a65e0d,434.9
79,79,A,Wilkinsburg,WILKINSBURG via Lincoln-Lemington,60,4fad9162-26b3-4891-bc6b-3bf79b62b157,9827.0
79,79,A,Wilkinsburg,WILKINSBURG via Lincoln-Lemington,61,e78250d1-d469-48de-b6e0-3736e96b9c37,146.9
79,79,A,Wilkinsburg,WILKINSBURG via Lincoln-Lemington,62,04afa970-8397-4926-8dd4-7afc657c7545,7170.0
79,79,A,Wilkinsburg,WILKINSBURG via Lincoln-Lemington,63,c50e7a47-1415-42bb-96ae-7c2d12e5a27b,13189.8
79,79,A,Wilkinsburg,WILKINSBURG via Lincoln-Lemington,64,48b563b2-2a27-4e20-87c7-689462722e08,10951.2
79,79,A,Wilkinsburg,WILKINSBURG via Lincoln-Lemington,65,8e65a4e1-c0fe-4a5d-b6d6-cf02dfef3702,12307.5
79,79,A,Wilkinsburg,WILKINSBURG via Lincoln-Lemington,66,7a04bdf6-7d13-4ca9-9bc9-055bd6783516,7480.3
79,79,A,Wilkinsburg,WILKINSBURG via Lincoln-Lemington,67,174da2ab-9b6e-4f0a-8c92-2854ab108024,2755.4
79,79,A,Wilkinsburg,WILKINSBURG via Lincoln-Lemington,68,4d33ccb7-1907-4c1a-adc1-5eada385d8c8,11882.6
79,79,A,Wilkinsburg,WILKINSBURG via Lincoln-Lemington,69,303cdc39-29b6-4c02-af5b-ddf1f5e4a802,10491.8
79,79,A,Wilkinsburg,WILKINSBURG via Lincoln-Lemington,70,caf25b9a-1ad8-4457-bbd2-cbba241569a3,12050.6
79,79,A,Wilkinsburg,WILKINSBURG via Lincoln-Lemington,71,9e990aa6-0976-4519-864e-01b7f48e0ff3,3693.8
69,69,A,Downtown,DOWNTOWN via East Busway,1,f7c9ee1c-91a5-44a3-894d-846211a676f3,20260.0
69,69,A,Downtown,DOWNTOWN via East Busway,2,0dd509ae-c023-4867-b41c-bb76e88818a0,16545.9
69,69,A,Downtown,DOWNTOWN via East Busway,3,85234a87-a114-41e0-9b29-5ed3f12d6705,6600.6
69,69,A,Downtown,DOWNTOWN via East Busway,4,123575fd-6b78-4525-89ac-14c2bf065fdc,9884.5
69,69,A,Downtown,DOWNTOWN via East Busway,5,b58e73e2-ca66-4695-ae4b-14b5cd8ba7b3,5377.2
69,69,A,Downtown,DOWNTOWN via East Busway,6,c50e7a47-1415-42bb-96ae-7c2d12e5a27b,16178.7
69,69,A,Downtown,DOWNTOWN via East Busway,7,237bc07f-3a41-450a-93a1-0f57a41fd478,14868.1
69,69,A,Downtown,DOWNTOWN via East Busway,8,f64c5aa6-3271-4bc0-9312-03e122f544dc,16901.9
69,69,A,Downtown,DOWNTOWN via East Busway,9,6dce92b5-9efb-4f6c-b7e6-f7b5ee5ea642,7962.2
69,69,A,Downtown,DOWNTOWN via East Busway,10,92a65afa-1504-4ec2-87a1-362e6e7eeab2,4817.5
69,69,A,Downtown,DOWNTOWN via East Busway,11,5f7c9225-a96d-4f41-b161-ce9218251c60,8586.5
69,69,A,Downtown,DOWNTOWN via East Busway,12,07451cc2-74fd-4197-85dc-4530f59efc6e,9540.0
69,69,A,Downtown,DOWNTOWN via East Busway,13,058037cb-8ae5-4a71-b415-c3baa6f7d7fa,18046.8
69,69,A,Downtown,DOWNTOWN via East Busway,14,93148590-81b0-4823-b0c6-623f57235f5b,5454.1
69,69,A,Downtown,DOWNTOWN via East Busway,15,1b5bed5f-81b4-4270-bad8-1b54249fe226,7211.2
69,69,A,Downtown,DOWNTOWN via East Busway,16,fdda892c-af06-4eb2-8199-d62f9527e55a,15673.6
69,69,A,Downtown,DOWNTOWN via East Busway,17,65b1e36d-cdc5-4ef9-b677-ac8c7be9107e,10310.2
69,69,A,Downtown,DOWNTOWN via East Busway,18,bc720dfa-1b2a-4c85-b309-c34fca74fd45,13542.6
69,69,A,Downtown,DOWNTOWN via East Busway,19,a331f485-a34d-4e26-8a49-9b4924fb2985,12621.2
69,69,A,Downtown,DOWNTOWN via East Busway,20,027a2d07-dee9-4671-b63d-7282b8a88e10,27486.0
69,69,A,Downtown,DOWNTOWN via East Busway,21,d9b14fdc-41a3-4087-89dd-5e4b53203596,476.6
69,69,A,Downtown,DOWNTOWN via East Busway,22,658e380a-5e6e-43d3-9d08-6386d64717f5,28444.9
69,69,A,Downtown,DOWNTOWN via East Busway,23,dcb05b97-66c2-4414-913e-5adbc0826514,15851.0
69,69,A,Downtown,DOWNTOWN via East Busway,24,ebd36bc0-8f8b-405c-8e63-4d9eeda71aab,5974.0
69,69,A,Downtown,DOWNTOWN via East Busway,25,49db4421-4752-4fd2-b7cb-0ba215f93571,1628.6
69,69,A,Downtown,DOWNTOWN via East Busway,26,2262c80e-53c7-44ba-822d-5f2bf0d28a59,16439.3
69,69,A,Downtown,DOWNTOWN via East Busway,27,0ddd240e-ec9c-4d67-9e45-ddbd74fd0d4d,11852.4
69,69,A,Downtown,DOWNTOWN via East Busway,28,cb1cf4cc-bdcc-40c2-84be-f17d2cee7570,16071.1
69,69,A,Downtown,DOWNTOWN via East Busway,29,3ea8be70-54fd-47cd-969a-9f751a54de93,6941.1
69,69,A,Downtown,DOWNTOWN via East Busway,30,2ec79b3b-0540-4618-9b87-a580b13727e4,9249.6
69,69,A,Downtown,DOWNTOWN via East Busway,31,437862f7-42e3-4028-9c96-912079635546,8722.4
69,69,A,Downtown,DOWNTOWN via East Busway,32,63aeab5f-ad2a-4c51-b4cd-a21b3066a189,16673.2
69,69,A,Downtown,DOWNTOWN via East Busway,33,d368ec15-04c5-4bdc-8ccc-352988ad6576,27821.3
69,69,A,Downtown,DOWNTOWN via East Busway,34,fdb56264-b06a-467e-95b2-affd07a67ac7,13361.7
69,69,A,Downtown,DOWNTOWN via East Busway,35,223c31d1-0871-4e26-91f3-8a5dead31135,6512.5
69,69,A,Downtown,DOWNTOWN via East Busway,36,d1f60bd9-699e-4ecb-bd10-b8c7a6f77146,14036.3
69,69,A,Downtown,DOWNTOWN via East Busway,37,99e15705-1490-4e1e-90a3-9c9cac5dc88d,11309.2
69,69,A,Downtown,DOWNTOWN via East Busway,38,c53611ef-7c82-4aec-b728-a1341b3ca437,2558.7
69,69,A,Downtown,DOWNTOWN via East Busway,39,e4383d20-291c-4d5b-bdde-66359f4aaca2,8137.0
69,69,A,Downtown,DOWNTOWN via East Busway,40,071dffe2-1070-4dc7-bd42-ac40a9fab02d,6446.6
69,69,A,Downtown,DOWNTOWN via East Busway,41,8a398142-b827-402f-a810-9119791189f7,11675.9
69,69,A,Downtown,DOWNTOWN via East Busway,42,ec1ffce4-7f3a-4118-93bc-f2844341f21f,1.9
69,69,A,Downtown,DOWNTOWN via East Busway,43,0bd09bae-7618-4ab0-be4e-5f0916f54ef4,13129.5
69,69,A,Downtown,DOWNTOWN via East Busway,44,4a974ceb-2bf8-4f1f-b5e7-a0988e7fb48e,15943.3
69,69,A,Downtown,DOWNTOWN via East Busway,45,4e483f85-fd91-400b-a36c-9b2e89a8aab1,8225.9
69,69,A,Downtown,DOWNTOWN via East Busway,46,45fd33f4-53bf-4325-b428-774de47a8975,6823.5
69,69,A,Downtown,DOWNTOWN via East Busway,47,e66bbe74-4d44-41e3-a867-45f25d00ae96,2314.7
69,69,A,Downtown,DOWNTOWN via East Busway,48,0672d949-cf6c-4070-88ac-b7041cda9c33,3152.2
69,69,A,Downtown,DOWNTOWN via East Busway,49,79e6820e-3320-4943-98dd-2072c644caf1,7088.4
69,69,A,Downtown,DOWNTOWN via East Busway,50,ee548e52-a91e-4804-91e7-0156637eb1fc,3457.4
69,69,A,Downtown,DOWNTOWN via East Busway,51,75cf59a2-9062-462b-81e4-873c78f17802,28168.5
69,69,A,Downtown,DOWNTOWN via East Busway,52,b15bcbb7-7fd5-4b37-9b8d-7e97c08070be,1899.4
69,69,A,Downtown,DOWNTOWN via East Busway,53,77256fab-58c0-413b-9376-db8c36723170,8871.5
69,69,A,Downtown,DOWNTOWN via East Busway,54,3247df02-f282-4d09-bec8-3cc555581dee,5544.6
69,69,A,Downtown,DOWNTOWN via East Busway,55,d9dad536-4bfd-48e2-8bc4-0bcbfd19bd8e,5807.4
69,69,A,Downtown,DOWNTOWN via East Busway,56,a0a02fa9-e11d-4254-ae51-9c7f937f9e4c,21154.4
69,69,A,Downtown,DOWNTOWN via East Busway,57,ab622edc-ec2d-43fa-83b2-0f66a97bfa2e,12201.9
69,69,A,Downtown,DOWNTOWN via East Busway,58,305e12af-64b0-4ac6-ac4c-428c1dc9fd9c,27211.7
69,69,A,Downtown,DOWNTOWN via East Busway,59,96691a06-0a4d-4255-be7a-5d158e1c15ea,5649.8
69,69,A,Downtown,DOWNTOWN via East Busway,60,38b0a37f-8661-4ea6-9d81-87dbe40c91ac,9979.1
69,69,A,Downtown,DOWNTOWN via East Busway,61,0955af6f-aeda-42f7-b092-f46e19ee4ff2,24453.8
69,69,A,Downtown,DOWNTOWN via East Busway,62,1ee61b3a-f1a7-41cb-a8f8-99268dfdc2b7,8311.3
69,69,A,Downtown,DOWNTOWN via East Busway,63,36180b54-de51-445c-b7f2-cd443b84a8c9,3663.2
69,69,A,Downtown,DOWNTOWN via East Busway,64,fc64d623-a442-4297-8713-75fbe30f7d55,9692.3
69,69,A,Downtown,DOWNTOWN via East Busway,65,3ddb9110-91b9-41e3-81e8-a651ff4c513a,12435.6
69,69,A,Downtown,DOWNTOWN via East Busway,66,941bad77-fc9c-4fed-906a-db6511c6559c,7642.7
69,69,A,Downtown,DOWNTOWN via East Busway,67,11802a1e-f1f6-4bf5-a076-e88b278be542,15035.2
69,69,A,Downtown,DOWNTOWN via East Busway,68,d1f63c2f-fff8-4d53-8004-41d6cd5008ff,854.9
69,69,A,Downtown,DOWNTOWN via East Busway,69,a9e9215a-790a-4d16-a72e-160426432317,7467.5
69,69,A,Downtown,DOWNTOWN via East Busway,70,66020418-19e0-4be4-b96e-9a29be98add7,15742.6
69,69,A,Pitcairn,TRAFFORD via East Busway,1,318ff26f-e80f-49e7-b11f-2491796e179c,27272.4
69,69,A,Pitcairn,TRAFFORD via East Busway,2,44ad756c-7079-45d0-bdc2-f1f255f98605,21659.9
69,69,A,Pitcairn,TRAFFORD via East Busway,3,09aeed2b-d46a-471a-aa28-6fce25214295,20336.7
69,69,A,Pitcairn,TRAFFORD via East Busway,4,27a02b47-7cbb-4bac-bf95-ec0f622646a8,28051.3
69,69,A,Pitcairn,TRAFFORD via East Busway,5,901e6f12-3b99-4136-a24b-1c68e3aa0b0b,26929.3
69,69,A,Pitcairn,TRAFFORD via East Busway,6,6c304326-6f47-4ce5-98fb-0722f3b20e6c,24305.9
69,69,A,Pitcairn,TRAFFORD via East Busway,7,c2170705-8451-451d-b005-9f6e5a611ec7,8317.7
69,69,A,Pitcairn,TRAFFORD via East Busway,8,6cadb30d-6089-4406-be95-da1e62cccb24,28567.6
69,69,A,Pitcairn,TRAFFORD via East Busway,9,9a67b057-7a99-453d-815c-46a9a5b99166,16754.3
69,69,A,Pitcairn,TRAFFORD via East Busway,10,e09feaf4-e78b-4971-a15c-9a629e2ccc46,10519.7
69,69,A,Pitcairn,TRAFFORD via East Busway,11,01c5b990-0d25-46de-a328-c5432b6d6698,15129.5
69,69,A,Pitcairn,TRAFFORD via East Busway,12,773f4998-939b-4723-bb4d-399f58e16008,18669.2
69,69,A,Pitcairn,TRAFFORD via East Busway,13,658e380a-5e6e-43d3-9d08-6386d64717f5,4.4
69,69,A,Pitcairn,TRAFFORD via East Busway,14,73597a2a-b56a-4a10-b560-dc36ca968e6f,13142.9
69,69,A,Pitcairn,TRAFFORD via East Busway,15,3247df02-f282-4d09-bec8-3cc555581dee,22881.5
69,69,A,Pitcairn,TRAFFORD via East Busway,16,7fbab3ed-c4ad-415f-80b2-6e20c86b9000,18778.2
69,69,A,Pitcairn,TRAFFORD via East Busway,17,8a3b1f8d-5960-49a4-8cc1-0e89b2b3f739,12455.3
69,69,A,Pitcairn,TRAFFORD via East Busway,18,d9dad536-4bfd-48e2-8bc4-0bcbfd19bd8e,23144.3
69,69,A,Pitcairn,TRAFFORD via East Busway,19,d75385a4-1822-4ed4-bf1d-3ceb0a2a73f5,15493.7
69,69,A,Pitcairn,TRAFFORD via East Busway,20,7e810771-8653-4eac-810b-7524433d8a2e,21046.1
69,69,A,Pitcairn,TRAFFORD via East Busway,21,efe12e50-9ebf-46fb-b509-afb596ac7716,14499.2
69,69,A,Pitcairn,TRAFFORD via East Busway,22,e48dae37-eea1-47b4-90ae-e6da4f2765ac,12706.4
69,69,A,Pitcairn,TRAFFORD via East Busway,23,93148590-81b0-4823-b0c6-623f57235f5b,22790.9
69,69,A,Pitcairn,TRAFFORD via East Busway,24,35eaf546-371a-4d19-a090-9e5045a65a63,12601.5
69,69,A,Pitcairn,TRAFFORD via East Busway,25,01525e42-9962-4def-9294-c4d909c0a719,17309.9
69,69,A,Pitcairn,TRAFFORD via East Busway,26,4d9f21b3-6861-4669-8283-3c7b13f28ee7,26576.6
69,69,A,Pitcairn,TRAFFORD via East Busway,27,d7fe18e3-da18-44bf-b519-65b2890a450e,722.2
69,69,A,Pitcairn,TRAFFORD via East Busway,28,42a16c05-bdc7-4d2e-8691-c47626fa2a64,16453.0
69,69,A,Pitcairn,TRAFFORD via East Busway,29,88d1767e-7ba1-4c69-b51e-2abb33d1dee6,1083.0
69,69,A,Pitcairn,TRAFFORD via East Busway,30,68b76b9e-af2b-4135-a22b-393e999a082f,20034.4
69,69,A,Pitcairn,TRAFFORD via East Busway,31,9355f25a-d0af-4364-ba6b-999143f903b7,20853.1
69,69,A,Pitcairn,TRAFFORD via East Busway,32,8ada13e2-f93e-4bbe-bc02-2753557c552c,20510.7
69,69,A,Pitcairn,TRAFFORD via East Busway,33,3a3b7a25-0705-48c4-83bf-17e06c44413d,25765.1
69,69,A,Pitcairn,TRAFFORD via East Busway,34,6345246b-f395-46e4-96f8-1522ada34f2d,13801.9
69,69,A,Pitcairn,TRAFFORD via East Busway,35,9287cc78-161c-4364-a025-acbc80673359,21121.8
69,69,A,Pitcairn,TRAFFORD via East Busway,36,3ab22594-e0d3-4750-a5a9-13f94534208e,19908.2
69,69,A,Pitcairn,TRAFFORD via East Busway,37,187130b8-f356-426e-9a11-5deb680665b3,229.7
69,69,A,Pitcairn,TRAFFORD via East Busway,38,55141c0e-d843-4e9d-bee6-3c8768f27030,21389.0
69,69,A,Pitcairn,TRAFFORD via East Busway,39,b58e73e2-ca66-4695-ae4b-14b5cd8ba7b3,22713.4
69,69,A,Pitcairn,TRAFFORD via East Busway,40,6a06add0-90a8-4b1b-b8ae-c5884eed5605,25255.8
69,69,A,Pitcairn,TRAFFORD via East Busway,41,9c2d06e5-b406-412e-9915-1be3249a2885,15280.3
69,69,A,Pitcairn,TRAFFORD via East Busway,42,6b0ebe69-e4f9-415d-a62d-c9a2ff14ed3e,1451.3
69,69,A,Pitcairn,TRAFFORD via East Busway,43,ebd36bc0-8f8b-405c-8e63-4d9eeda71aab,23679.5
69,69,A,Pitcairn,TRAFFORD via East Busway,44,4616efed-79f6-45ab-b9cc-338bb053c682,19770.5
69,69,A,Pitcairn,TRAFFORD via East Busway,45,7c838cd7-b739-47c5-8526-81a135af6f04,12837.3
69,69,A,Pitcairn,TRAFFORD via East Busway,46,ec1ffce4-7f3a-4118-93bc-f2844341f21f,28798.7
69,69,A,Pitcairn,TRAFFORD via East Busway,47,d61b4fd4-11aa-4e68-a076-9b1b6319e51d,18945.8
69,69,A,Pitcairn,TRAFFORD via East Busway,48,ae1396b8-bc93-4b42-abc3-01be31b61dc6,26371.9
69,69,A,Pitcairn,TRAFFORD via East Busway,49,95b7a6aa-5a12-4ea1-8c57-9a666a2929a2,19630.3
69,69,A,Pitcairn,TRAFFORD via East Busway,50,a34d3aa3-1a0f-4b5f-ab7f-59f2d2b1c1ba,484.0
69,69,A,Pitcairn,TRAFFORD via East Busway,51,e0cc9e78-e174-4619-8f41-3b1a3237eb14,19306.5
69,69,A,Pitcairn,TRAFFORD via East Busway,52,7bd1f0a1-3122-419d-b212-9942d136c320,11680.2
69,69,A,Pitcairn,TRAFFORD via East Busway,53,ee739133-9baf-49e0-bd68-3b34cd427464,25498.7
69,69,A,Pitcairn,TRAFFORD via East Busway,54,5c253c37-b7f3-41f0-a260-fe7a6b7a7442,16224.6
69,69,A,Pitcairn,TRAFFORD via East Busway,55,288d88d2-1e29-434f-b3a7-e3cf6341490d,18326.8
69,69,A,Pitcairn,TRAFFORD via East Busway,56,69abaecf-7ff2-4d48-a513-ea037c8d8ccc,14794.4
69,69,A,Pitcairn,TRAFFORD via East Busway,57,7d6e03e2-e848-40b4-bba8-9010c0df6b43,20692.1
69,69,A,Pitcairn,TRAFFORD via East Busway,58,946e33be-9bb5-42ca-b3e5-ce595d1ea287,16991.8
69,69,A,Pitcairn,TRAFFORD via East Busway,59,cbefd82a-07a3-4d99-b958-f95151838539,12145.3
69,69,A,Pitcairn,TRAFFORD via East Busway,60,071dffe2-1070-4dc7-bd42-ac40a9fab02d,24152.1
69,69,A,Pitcairn,TRAFFORD via East Busway,61,30128df1-0063-4d3b-9998-2f8713283e79,18069.1
69,69,A,Pitcairn,TRAFFORD via East Busway,62,4a415924-01b0-4604-9a10-3ba877ad158e,7449.2
69,69,A,Pitcairn,TRAFFORD via East Busway,63,96691a06-0a4d-4255-be7a-5d158e1c15ea,22986.7
69,69,A,Pitcairn,TRAFFORD via East Busway,64,cd660575-bf3d-462a-873c-9bdffa75ba13,22013.7
69,69,A,Pitcairn,TRAFFORD via East Busway,65,c89f1a65-6344-45aa-be61-eb8ccb21c1e7,4122.3
69,69,A,Pitcairn,TRAFFORD via East Busway,66,c564877c-c160-4f43-9943-11c93f79509c,20419.6
69,69,A,Pitcairn,TRAFFORD via East Busway,67,57b39e61-78cd-4f2b-9029-218e833593db,22101.3
69,69,A,Pitcairn,TRAFFORD via East Busway,68,3a1282d5-7aca-45c8-80f6-2f05f2303a76,15997.7
10L,10L,A,Downtown,DOWNTOWN,1,15cf3bef-3ceb-444f-b7fa-20f4a35def5b,462.9
10L,10L,A,Downtown,DOWNTOWN,2,c583d5c2-deea-4662-8ff0-8db2d863017d,10840.0
10L,10L,A,Downtown,DOWNTOWN,3,6b0ebe69-e4f9-415d-a62d-c9a2ff14ed3e,11380.6
10L,10L,A,Downtown,DOWNTOWN,4,bf971fa2-c636-4793-b014-3f7161d48aed,0.7
10L,10L,A,Downtown,DOWNTOWN,5,8d00884a-1c8b-4a24-983b-9f486b8aa9fb,11067.9
10L,10L,A,Downtown,DOWNTOWN,6,a34d3aa3-1a0f-4b5f-ab7f-59f2d2b1c1ba,10295.5
10L,10L,A,Downtown,DOWNTOWN,7,f397318a-8549-4b26-91aa-3f7d368f33b0,9988.2
10L,10L,A,Downtown,DOWNTOWN,8,d7fe18e3-da18-44bf-b519-65b2890a450e,10533.8
10L,10L,A,Downtown,DOWNTOWN,9,58c91888-cfcc-4381-8603-97ed4947bedd,339.1
10L,10L,A,Ross,ROSS,1,305e12af-64b0-4ac6-ac4c-428c1dc9fd9c,0.4
10L,10L,A,Ross,ROSS,2,75de3354-a481-4fb3-9a8c-907b748d2a87,258.3
10L,10L,A,Ross,ROSS,3,d3125f5c-9873-49e1-a720-36324ef32ac8,980.7
10L,10L,A,Ross,ROSS,4,d3cfdc94-f8ca-4c9a-91ca-501b0175df1e,1598.6
10L,10L,A,Ross,ROSS,5,d368ec15-04c5-4bdc-8ccc-352988ad6576,733.5
10L,10L,A,Ross,ROSS,6,c54aec51-74ca-4094-b833-5527b432880e,1356.7
10L,10L,A,Ross,ROSS,7,7c85bc08-5e4a-4299-92b1-fe2c384bbd4e,547.5
10L,10L,A,Ross,ROSS,8,bf971fa2-c636-4793-b014-3f7161d48aed,10737.7
10L,10L,A,Ross,ROSS,9,15cf3bef-3ceb-444f-b7fa-20f4a35def5b,10563.0
10L,10L,A,Ross,ROSS,10,58c91888-cfcc-4381-8603-97ed4947bedd,10433.5
35S,35,A,Oakland,OAKLAND via W Liberty Av,1,10648132-fb29-431a-bff0-cea15f4d00ee,2686.7
35S,35,A,Oakland,OAKLAND via W Liberty Av,2,94b4c1d6-83c5-4e50-a3b1-082af551c366,2429.5
35S,35,A,Oakland,OAKLAND via W Liberty Av,3,36645177-0dca-4bb7-bccb-c0004f0bb3a4,12768.4
35S,35,A,Oakland,OAKLAND via W Liberty Av,4,0d07ab38-bf38-4ac0-b164-322474d4b1bd,1666.9
35S,35,A,Oakland,OAKLAND via W Liberty Av,5,3664bb2c-178f-4fe7-ad06-686e2fb06e12,13262.6
35S,35,A,Oakland,OAKLAND via W Liberty Av,6,91a8f2ad-c6d2-4861-9a3e-4265ca97f8e4,3146.1
35S,35,A,Oakland,OAKLAND via W Liberty Av,7,9bba82c4-35ff-42c1-9b00-255add9d572b,11720.3
35S,35,A,Oakland,OAKLAND via W Liberty Av,8,7d48c886-f443-4643-9699-143a0542d391,679.5
35S,35,A,Oakland,OAKLAND via W Liberty Av,9,b7504d34-5410-4ca2-b5e7-71b70cfb4031,4295.2
35S,35,A,Oakland,OAKLAND via W Liberty Av,10,63773b64-788c-4011-873f-df867ed10307,3306.2
35S,35,A,Oakland,OAKLAND via W Liberty Av,11,75573d68-8bf8-437a-a223-b8548ff1b3e1,14081.5
35S,35,A,Oakland,OAKLAND via W Liberty Av,12,22993ee6-5609-4892-967a-008a70775df4,12485.2
35S,35,A,Oakland,OAKLAND via W Liberty Av,13,d45235ca-c669-493a-8761-8c81bf81786d,12121.6
35S,35,A,Oakland,OAKLAND via W Liberty Av,14,96976230-9748-414f-b696-a04ffb8f6f89,1888.0
35S,35,A,Oakland,OAKLAND via W Liberty Av,15,a580a7a3-11da-4fdb-85a1-9757499337a6,13671.2
35S,35,A,Oakland,OAKLAND via W Liberty Av,16,77d516e2-f25c-4a7c-a689-682c7d45428d,4005.0
35S,35,A,Oakland,OAKLAND via W Liberty Av,17,7c7cfbeb-0701-4dd1-97dd-99219287bc9d,4611.3
35S,35,A,Oakland,OAKLAND via W Liberty Av,18,bbd19109-7cce-468e-9c00-d642347294b9,1288.6
35S,35,A,Oakland,OAKLAND via W Liberty Av,19,2ae3b230-b921-4590-b82c-73417ebe01d1,5238.9
35S,35,A,Oakland,OAKLAND via W Liberty Av,20,daf49906-715a-4f33-8697-8a7b022e9242,14477.7
35S,35,A,Oakland,OAKLAND via W Liberty Av,21,68744e6e-72d0-4008-8feb-a657e7e6f56a,5964.4
35S,35,A,Oakland,OAKLAND via W Liberty Av,22,08e1d187-8f2f-4573-975e-2e838915a3b2,4845.4
35S,35,A,Oakland,OAKLAND via W Liberty Av,23,30719e08-b0a2-4d76-a414-551dfb0c42ae,3638.5
35S,35,A,Oakland,OAKLAND via W Liberty Av,24,7f271883-a270-4881-b5b2-b96a23470381,1442.9
35S,35,A,Oakland,OAKLAND via W Liberty Av,25,7f27023a-43d0-4926-9496-cd5ae4792144,2245.4
35S,35,A,Oakland,OAKLAND via W Liberty Av,26,a4c07173-6b19-431d-9ee9-6a61828e0ce7,8443.8
35S,35,A,Oakland,OAKLAND via W Liberty Av,27,1ce10283-23b8-4486-ba64-e3406feea2a8,355.9
35S,35,A,Oakland,OAKLAND via W Liberty Av,28,c2e200f6-eb95-482f-b72a-7b06b67093e9,0
35S,35,A,Oakland,OAKLAND via W Liberty Av,29,e8c8d519-2bda-44ef-a806-01eef8288b20,7611.0
35S,35,A,Oakland,OAKLAND via W Liberty Av,30,5e9a1408-74da-428a-ad9e-3f88b153ba74,1013.4
35S,35,A,Oakland,OAKLAND via W Liberty Av,31,1ae876c4-8774-4907-8216-4f789e95e8fb,2922.2
35S,35,A,Oakland,OAKLAND via W Liberty Av,32,15399372-b780-46a4-93f6-c01a42b61624,7231.8
35S,35,A,Mt. Lebanon,MT LEBANON via W Liberty Av,1,c11b94ed-2e26-484f-8ba2-3c26c07adc40,12534.4
35S,35,A,Mt. Lebanon,MT LEBANON via W Liberty Av,2,f660347b-001d-48ce-9f37-b682d8170e05,411.1
35S,35,A,Mt. Lebanon,MT LEBANON via W Liberty Av,3,30c04563-f11a-4fe6-848a-d245f7f36ed4,12068.9
35S,35,A,Mt. Lebanon,MT LEBANON via W Liberty Av,4,c19e5826-0963-43a1-9f9d-f9273f9ce941,10886.0
35S,35,A,Mt. Lebanon,MT LEBANON via W Liberty Av,5,4e917ce5-ced9-4bd3-8c13-9863ea07e018,5567.9
35S,35,A,Mt. Lebanon,MT LEBANON via W Liberty Av,6,b720b4c4-d1a0-4292-99e5-0cbf5319b880,9497.8
35S,35,A,Mt. Lebanon,MT LEBANON via W Liberty Av,7,a1ddec2b-a822-4f20-b1a5-be4da4b920df,10581.1
35S,35,A,Mt. Lebanon,MT LEBANON via W Liberty Av,8,ceb3d206-6954-45c0-b64b-74dad9a1d608,11344.3
35S,35,A,Mt. Lebanon,MT LEBANON via W Liberty Av,9,001e863a-43bf-467d-8bba-3580c2f0e561,11058.4
35S,35,A,Mt. Lebanon,MT LEBANON via W Liberty Av,10,b3e74b56-6827-420b-ac88-ad4f7b634c5c,8663.7
35S,35,A,Mt. Lebanon,MT LEBANON via W Liberty Av,11,f95b0060-0dd4-4f1a-afa2-0c71f18e8c7c,12887.8
35S,35,A,Mt. Lebanon,MT LEBANON via W Liberty Av,12,c2e200f6-eb95-482f-b72a-7b06b67093e9,13913.8
35S,35,A,Mt. Lebanon,MT LEBANON via W Liberty Av,13,35061962-d2bc-44e7-a6de-e34ad97a6dd3,13176.5
35S,35,A,Mt. Lebanon,MT LEBANON via W Liberty Av,14,daf49906-715a-4f33-8697-8a7b022e9242,6.3
35S,35,A,Mt. Lebanon,MT LEBANON via W Liberty Av,15,619f1c8f-65f4-4b06-a5a5-9a5a2d6ed013,10233.2
35S,35,A,Mt. Lebanon,MT LEBANON via W Liberty Av,16,8e3b8fec-fd44-42cb-9ecd-f361b8582314,10367.9
35S,35,A,Mt. Lebanon,MT LEBANON via W Liberty Av,17,2bb66cb3-fbb0-4d2b-9876-225dd481051f,2349.6
35S,35,A,Mt. Lebanon,MT LEBANON via W Liberty Av,18,c44f6133-ba6f-41dc-8155-7ddfe2277f55,11887.0
35S,35,A,Mt. Lebanon,MT LEBANON via W Liberty Av,19,de4bdd87-fe36-4ecb-bfdc-83c337721301,11586.7
35S,35,A,Mt. Lebanon,MT LEBANON via W Liberty Av,20,613a3875-6c70-476b-b65f-378497702f43,1046.4
35S,35,A,Mt. Lebanon,MT LEBANON via W Liberty Av,21,d101f86f-06cf-4eaf-88c0-8a082166e849,1300.0
35S,35,A,Mt. Lebanon,MT LEBANON via W Liberty Av,22,275a5578-5dac-40e6-b1d2-c3f12dcf495c,12279.0
35S,35,A,Mt. Lebanon,MT LEBANON via W Liberty Av,23,e8bf43da-63b3-46a6-96e0-01b89c927785,6223.1
35S,35,A,Mt. Lebanon,MT LEBANON via W Liberty Av,24,1d71bcad-6022-43fd-ae5b-fb9d08c9af33,7601.7
35S,35,A,Mt. Lebanon,MT LEBANON via W Liberty Av,25,dd152f04-d876-410f-93ad-2ecdaa630f6b,8331.3
35S,35,A,Mt. Lebanon,MT LEBANON via W Liberty Av,26,a4f5c10b-9d08-481a-bcfe-4dcdcc424023,9875.4
35S,35,A,Mt. Lebanon,MT LEBANON via W Liberty Av,27,4112f0a7-808c-4722-a90f-00550c4228d3,9219.1
35S,35,A,Mt. Lebanon,MT LEBANON via W Liberty Av,28,6f0f13c8-d8e0-49da-b5e5-ad24d8c2c3d5,1667.9
29,29,A,Downtown,DOWNTOWN via Robinson,1,235bba94-e0f1-4d5c-ab7b-b7e27e52ea4f,21014.9
29,29,A,Downtown,DOWNTOWN via Robinson,2,9ad36952-a2e6-4970-8e5a-364f08a9f255,12033.4
29,29,A,Downtown,DOWNTOWN via Robinson,3,ffc38bc7-c21a-4f1b-8863-52ec5657489d,19579.2
29,29,A,Downtown,DOWNTOWN via Robinson,4,52f6b19e-fb69-479d-97a3-ed058687f567,19170.1
29,29,A,Downtown,DOWNTOWN via Robinson,5,e2395a59-550b-4a10-9108-960b1cd4f053,9073.3
29,29,A,Downtown,DOWNTOWN via Robinson,6,4fc46491-5fcd-4c1b-b956-a844e4cf0c0c,9509.4
29,29,A,Downtown,DOWNTOWN via Robinson,7,111af33f-7691-4e9f-a4e3-78956886e3ac,16008.7
29,29,A,Downtown,DOWNTOWN via Robinson,8,ad8d32d0-3109-4a8e-943c-c586d80734ae,18382.8
29,29,A,Downtown,DOWNTOWN via Robinson,9,cf6a1bc0-8a0b-4a6d-81d1-e91696614aeb,11898.6
29,29,A,Downtown,DOWNTOWN via Robinson,10,9ddbb62d-d5ba-494a-806b-e3fbf8390259,4362.3
29,29,A,Downtown,DOWNTOWN via Robinson,11,10817a3c-a8dd-42da-ba94-cd131a2c026b,7324.9
29,29,A,Downtown,DOWNTOWN via Robinson,12,9be520d8-def9-47c0-8d50-31358ad34c26,20249.1
29,29,A,Downtown,DOWNTOWN via Robinson,13,6a004783-4a8c-428a-9ac9-85dca1691b8a,5668.5
29,29,A,Downtown,DOWNTOWN via Robinson,14,4bd00f2b-78af-460e-9ff6-571fc14083ad,19798.0
29,29,A,Downtown,DOWNTOWN via Robinson,15,0ec2247a-5319-4275-afd0-0ae8a8a8ed12,11151.0
29,29,A,Downtown,DOWNTOWN via Robinson,16,13605efa-79dc-4ede-b895-485fae6ce2c6,4766.5
29,29,A,Downtown,DOWNTOWN via Robinson,17,8a0fa025-d8ad-4d29-a566-cd4e59ad7e21,18614.9
29,29,A,Downtown,DOWNTOWN via Robinson,18,0c7f1b89-fff8-486b-8eba-a6f576cc9ff1,21348.7
29,29,A,Downtown,DOWNTOWN via Robinson,19,56405429-566d-4ff8-8482-adc9802567e3,23772.7
29,29,A,Downtown,DOWNTOWN via Robinson,20,aca9f75e-1e4c-41ac-9e8b-4588f189e2b2,6243.9
29,29,A,Downtown,DOWNTOWN via Robinson,21,cd1b1cfa-dbde-4772-9165-2f7549064743,8121.5
29,29,A,Downtown,DOWNTOWN via Robinson,22,2a825796-1a6f-4141-9dc1-acef7e3430e8,19456.3
29,29,A,Downtown,DOWNTOWN via Robinson,23,9274e430-a876-4d6a-b036-e737a19f22a8,11410.4
29,29,A,Downtown,DOWNTOWN via Robinson,24,7cb49b9b-13f9-4f10-876c-90838204a78d,21933.6
29,29,A,Downtown,DOWNTOWN via Robinson,25,20df36d1-8395-4a6a-8788-11216c6e53ed,21744.8
29,29,A,Downtown,DOWNTOWN via Robinson,26,933f977e-8f20-403c-8cbc-21b46ec91d86,12861.8
29,29,A,Downtown,DOWNTOWN via Robinson,27,aa3adcd3-001a-4989-a30c-b7e3847ba249,16146.2
29,29,A,Downtown,DOWNTOWN via Robinson,28,d7fe18e3-da18-44bf-b519-65b2890a450e,25910.1
29,29,A,Downtown,DOWNTOWN via Robinson,29,8b661609-7072-4329-9781-69300862a42c,17127.9
29,29,A,Downtown,DOWNTOWN via Robinson,30,2bb660dd-0b62-4f09-8972-6c15e047adfb,5935.2
29,29,A,Downtown,DOWNTOWN via Robinson,31,0af9a5cf-1478-4736-bd8c-5862a37cff4e,9874.0
29,29,A,Downtown,DOWNTOWN via Robinson,32,429a3cd2-4328-449d-9bc4-3983c7fc92c6,10403.5
29,29,A,Downtown,DOWNTOWN via Robinson,33,df90c244-84c9-4eb4-9b8b-a0ca2059a321,11622.8
29,29,A,Downtown,DOWNTOWN via Robinson,34,a74a3e69-7c9f-4d9c-87d8-e9546d056df5,10081.4
29,29,A,Downtown,DOWNTOWN via Robinson,35,f4efe025-9e90-4444-bf12-6d39c23d7f6f,18742.2
29,29,A,Downtown,DOWNTOWN via Robinson,36,3ac36075-f0f8-48f0-aa70-7d6d6bd0a6e6,5.5
29,29,A,Downtown,DOWNTOWN via Robinson,37,4b4981b0-ca83-41ba-bbea-11645ec47911,22504.3
29,29,A,Downtown,DOWNTOWN via Robinson,38,75990a71-77e4-45b5-aa48-ae6db1a5c857,21586.6
29,29,A,Downtown,DOWNTOWN via Robinson,39,7afdac9e-b719-4b2c-a1f8-d4f91485266e,18948.7
29,29,A,Downtown,DOWNTOWN via Robinson,40,7ce52cc8-bd98-4808-ae7c-6ecc33f1e9d2,15142.1
29,29,A,Downtown,DOWNTOWN via Robinson,41,3e50e0cf-092b-4fe5-ae7d-2b1b274dbad8,17287.8
29,29,A,Downtown,DOWNTOWN via Robinson,42,5e9bb250-5751-40f3-a22b-01f9d0ddbe23,26145.3
29,29,A,Downtown,DOWNTOWN via Robinson,43,257f987d-45cd-4320-bbb7-2fa7088df7de,10654.7
29,29,A,Downtown,DOWNTOWN via Robinson,44,187130b8-f356-426e-9a11-5deb680665b3,25417.6
29,29,A,Downtown,DOWNTOWN via Robinson,45,c79d20fa-77fc-4dd8-bd40-e093d51048d2,4078.4
29,29,A,Downtown,DOWNTOWN via Robinson,46,eb133c93-17da-477b-94ca-9248762a8d20,22644.7
29,29,A,Downtown,DOWNTOWN via Robinson,47,5a68dec0-5575-42bd-a5c0-222f5dd3faf2,8725.4
29,29,A,Downtown,DOWNTOWN via Robinson,48,54fa74fd-216e-4906-a854-c9349cec5336,16959.4
29,29,A,Downtown,DOWNTOWN via Robinson,49,90c34161-32ca-4fda-918f-f8b7661949ec,6860.3
29,29,A,Downtown,DOWNTOWN via Robinson,50,2869bdc4-7cf4-4e13-9177-b832169e8292,22314.3
29,29,A,Downtown,DOWNTOWN via Robinson,51,d3a3f414-9857-4c39-aaeb-8ae19e2f4d20,21286.7
29,29,A,Downtown,DOWNTOWN via Robinson,52,23cb49ef-0ab1-4431-bd8a-7076b8e8dfb7,5389.6
29,29,A,Downtown,DOWNTOWN via Robinson,53,60cfef17-08a1-4e8a-9a1b-1811fa7c545e,18098.7
29,29,A,Downtown,DOWNTOWN via Robinson,54,e33087fc-53fc-4dac-9bf7-b1cb0fa6f56e,20714.6
29,29,A,Downtown,DOWNTOWN via Robinson,55,0f20d099-2001-41d9-bebe-e348eca8a33f,25601.6
29,29,A,Downtown,DOWNTOWN via Robinson,56,e54c7462-2c08-448c-99e5-6d4cc7b8a1d3,24192.4
29,29,A,Downtown,DOWNTOWN via Robinson,57,a346b513-21ee-48df-ad9f-759279af26c6,20914.8
29,29,A,Downtown,DOWNTOWN via Robinson,58,483cd6ad-391d-408c-93e3-2bcd79cbec44,22430.7
29,29,A,Downtown,DOWNTOWN via Robinson,59,30287615-00ba-4ddb-8f5a-03f2ba58a18a,17918.3
29,29,A,Downtown,DOWNTOWN via Robinson,60,46a1a457-dd3d-4ef1-a530-f628c43c8633,21466.9
29,29,A,Downtown,DOWNTOWN via Robinson,61,9681348f-9c9f-4483-8a8c-3f7b97326fc6,12708.8
29,29,A,Downtown,DOWNTOWN via Robinson,62,ed9b9c75-a880-4e75-83eb-6303b54055fa,14195.5
29,29,A,Downtown,DOWNTOWN via Robinson,63,6ebcbf2d-5c5f-41e7-959a-95bd89f17354,19981.6
29,29,A,Downtown,DOWNTOWN via Robinson,64,a3bb02fc-98d4-4cdc-a6ea-eeaafa8d676c,5049.8
29,29,A,Downtown,DOWNTOWN via Robinson,65,bc8b6ab1-04ca-45f6-9da9-fcd28bf859eb,9335.6
29,29,A,CCAC West,CCAC WEST via Robinson,1,eaa92887-83eb-42e4-8a87-b108ffa0fd3a,6753.3
29,29,A,CCAC West,CCAC WEST via Robinson,2,cae0785c-72f5-4041-a11f-5dd2f52d6e17,5407.8
29,29,A,CCAC West,CCAC WEST via Robinson,3,fcc37957-1be6-4167-a99c-2b62b9d8fc63,8746.3
29,29,A,CCAC West,CCAC WEST via Robinson,4,6ae29428-2ce6-4a08-aa75-c75b14047f49,6256.5
29,29,A,CCAC West,CCAC WEST via Robinson,5,960ad376-3a10-4efa-a7a7-504acdac1273,8375.0
29,29,A,CCAC West,CCAC WEST via Robinson,6,b7c1f24f-126e-4963-b4d3-f0137e1bb382,7437.8
29,29,A,CCAC West,CCAC WEST via Robinson,7,d166650b-dc1f-4f14-b98f-7cfb871164e9,21675.2
29,29,A,CCAC West,CCAC WEST via Robinson,8,26f5f683-287d-4c68-b2e0-8ad125cbc968,16493.1
29,29,A,CCAC West,CCAC WEST via Robinson,9,ed077422-55e6-49d1-9a50-37c0be832534,19535.9
29,29,A,CCAC West,CCAC WEST via Robinson,10,7e0fd916-a82d-40d0-ac2a-7168d4838f6f,17715.4
29,29,A,CCAC West,CCAC WEST via Robinson,11,84e2f725-b8b4-4d44-83eb-e212fd3e60f0,10470.6
29,29,A,CCAC West,CCAC WEST via Robinson,12,0ba6fae9-02e4-4ad7-af83-43fc285fece9,27649.4
29,29,A,CCAC West,CCAC WEST via Robinson,13,60cedd85-dce4-4652-acc9-c070697c0a8e,5613.6
29,29,A,CCAC West,CCAC WEST via Robinson,14,4fed8778-c3b5-4d8f-93fd-55bb6a114073,13338.7
29,29,A,CCAC West,CCAC WEST via Robinson,15,a8db9662-d61d-44e5-9d4a-d05d6e73b079,7839.2
29,29,A,CCAC West,CCAC WEST via Robinson,16,cf30bdc2-9183-435b-b677-de3632adf47d,757.6
29,29,A,CCAC West,CCAC WEST via Robinson,17,98c62541-2ae5-4e94-9525-edb4455704e4,4568.4
29,29,A,CCAC West,CCAC WEST via Robinson,18,6353c371-f3dc-45da-8df2-8f701b60937e,5054.7
29,29,A,CCAC West,CCAC WEST via Robinson,19,52430752-470a-4c6c-b47f-d40bdcaa2154,416.5
29,29,A,CCAC West,CCAC WEST via Robinson,20,88fc14b0-53ab-44c3-b11f-88fe76865021,14453.8
29,29,A,CCAC West,CCAC WEST via Robinson,21,b10111cd-ad73-406b-a7aa-8fb8c2e57863,16970.1
29,29,A,CCAC West,CCAC WEST via Robinson,22,305e12af-64b0-4ac6-ac4c-428c1dc9fd9c,3.1
29,29,A,CCAC West,CCAC WEST via Robinson,23,82665df0-1608-4a20-b1e5-592890df3d9f,23285.7
29,29,A,CCAC West,CCAC WEST via Robinson,24,bc312b46-8375-41f3-b04d-cb4f7e4de087,3228.4
29,29,A,CCAC West,CCAC WEST via Robinson,25,6dc5ed32-3e72-4c11-86d2-467a9f162f08,23535.9
29,29,A,CCAC West,CCAC WEST via Robinson,26,cdf1ddea-5990-4270-b9cd-e8e4754a5602,7177.0
29,29,A,CCAC West,CCAC WEST via Robinson,27,ca6e4f18-03f5-4993-8662-657c9f0ef3a6,2818.5
29,29,A,CCAC West,CCAC WEST via Robinson,28,ad8d32d0-3109-4a8e-943c-c586d80734ae,8615.2
29,29,A,CCAC West,CCAC WEST via Robinson,29,31717011-87cc-492d-8070-3d30ecd95ece,20338.1
29,29,A,CCAC West,CCAC WEST via Robinson,30,5ec03922-e241-4afe-b90a-d2a10b7529be,15990.9
29,29,A,CCAC West,CCAC WEST via Robinson,31,51cdd7aa-7938-4bf1-a463-302765b57370,10658.2
29,29,A,CCAC West,CCAC WEST via Robinson,32,83df16f8-8e0b-48f0-9cf6-7cec6c449495,14956.7
29,29,A,CCAC West,CCAC WEST via Robinson,33,11828ca8-b7af-4f0c-8ef6-4494417ec6b5,12330.0
29,29,A,CCAC West,CCAC WEST via Robinson,34,782e0611-a696-4d68-8c21-2d0de5dcf6eb,11440.8
29,29,A,CCAC West,CCAC WEST via Robinson,35,d621b670-503c-4f18-abe7-93b5e0bd9477,18654.2
29,29,A,CCAC West,CCAC WEST via Robinson,36,cf1fd36c-e737-4455-b0f7-ecd49b0256ce,18368.7
29,29,A,CCAC West,CCAC WEST via Robinson,37,b26718ed-2d37-473b-b41f-2c99f6dbdb2a,5756.3
29,29,A,CCAC West,CCAC WEST via Robinson,38,b916eed0-5518-430d-9b45-74cbc87eb1cf,15551.0
29,29,A,CCAC West,CCAC WEST via Robinson,39,f0be7575-0c13-4b0a-81eb-e5bc9defe69c,8023.3
29,29,A,CCAC West,CCAC WEST via Robinson,40,bde67bdd-15c3-4b35-a051-f1a0b4b6a29c,8905.7
29,29,A,CCAC West,CCAC WEST via Robinson,41,30287615-00ba-4ddb-8f5a-03f2ba58a18a,9275.5
29,29,A,CCAC West,CCAC WEST via Robinson,42,2e9b9869-eaf0-45dc-8433-f692243b4c1c,16228.6
29,29,A,CCAC West,CCAC WEST via Robinson,43,5e66356b-3e1a-4000-bb94-2b861376293d,22857.0
29,29,A,CCAC West,CCAC WEST via Robinson,44,b39395da-7bbd-450b-bfc2-1f01b3c6166c,5537.2
29,29,A,CCAC West,CCAC WEST via Robinson,45,80581499-85ac-475e-be78-b3adfbe13956,14698.7
29,29,A,CCAC West,CCAC WEST via Robinson,46,98316dd6-615a-4d4d-b8d2-4064be26d3eb,18105.9
29,29,A,CCAC West,CCAC WEST via Robinson,47,e722c6da-e12c-4c52-8e7e-74455089bc52,4756.2
29,29,A,CCAC West,CCAC WEST via Robinson,48,15fd66b7-bf6d-4fdc-9466-4262c981e45c,22362.0
29,29,A,CCAC West,CCAC WEST via Robinson,49,fb580063-177b-43fa-b0d1-8d5240b9ef40,22559.9
29,29,A,CCAC West,CCAC WEST via Robinson,50,ec927686-1f01-421d-bca2-15f658da86aa,4390.1
29,29,A,CCAC West,CCAC WEST via Robinson,51,01ae1132-db25-4b77-8c83-c9e67e8a1887,6096.5
29,29,A,CCAC West,CCAC WEST via Robinson,52,f23bb00a-58c1-469a-8542-d2b27744c968,21917.4
29,29,A,CCAC West,CCAC WEST via Robinson,53,443b8636-b13b-4454-97c4-4fa1960f1a96,22190.7
29,29,A,CCAC West,CCAC WEST via Robinson,54,ee4a7957-0e39-4cac-b51e-455193ed23e8,5220.7
29,29,A,CCAC West,CCAC WEST via Robinson,55,c54aec51-74ca-4094-b833-5527b432880e,1235.6
29,29,A,CCAC West,CCAC WEST via Robinson,56,c7c1ddfc-90ab-44a0-b9f0-a9fc77311d06,7590.0
29,29,A,CCAC West,CCAC WEST via Robinson,57,4dae42a7-42d7-475f-8f18-793b00ae2ea3,19098.7
29,29,A,CCAC West,CCAC WEST via Robinson,58,6c9dcdfb-41c0-43b6-89d0-be5be5b506e5,21357.0
29,29,A,CCAC West,CCAC WEST via Robinson,59,12984bb0-5c5f-4e76-af27-3a8f52ff9018,17218.5
29,29,A,CCAC West,CCAC WEST via Robinson,60,ff44d5de-d471-44c4-99fd-e7c5b0a36904,8240.3
29,29,A,CCAC West,CCAC WEST via Robinson,61,8d68dc9a-0c0c-438a-8f88-7c4c7b58fc39,6388.3
29,29,A,CCAC West,CCAC WEST via Robinson,62,60cfef17-08a1-4e8a-9a1b-1811fa7c545e,9455.5
29,29,A,CCAC West,CCAC WEST via Robinson,63,5ddeaf7e-0055-45ee-9564-af5f68dbcf16,11648.2
29,29,A,CCAC West,CCAC WEST via Robinson,64,44dd786d-088a-4bcf-8d7d-e60e8060641d,20707.8
29,29,A,CCAC West,CCAC WEST via Robinson,65,84d2b5e5-d517-4e64-9971-1d36794373c7,7029.1
29,29,A,CCAC West,CCAC WEST via Robinson,66,3a3bede1-2793-4e41-bc97-38fd554e6d48,17584.0
29,29,A,CCAC West,CCAC WEST via Robinson,67,688eb924-2469-483c-9302-e1288d98927c,10316.1
29,29,A,CCAC West,CCAC WEST via Robinson,68,75cf59a2-9062-462b-81e4-873c78f17802,959.5
72,72,A,South Side,SOUTH SIDE via Fifth Ave,1,321f76d5-628b-42e5-b61b-14e4cd4246a4,5111.8
72,72,A,South Side,SOUTH SIDE via Fifth Ave,2,e4993745-710a-4a45-8128-8ba868aca605,2859.4
72,72,A,South Side,SOUTH SIDE via Fifth Ave,3,0027197e-2f71-4f1b-ba79-3ad7636acab2,993.6
72,72,A,South Side,SOUTH SIDE via Fifth Ave,4,3ac26f5c-05a1-4ce6-a687-3803cfd7cd42,4934.1
72,72,A,South Side,SOUTH SIDE via Fifth Ave,5,f7b2faa9-746c-4ffa-9731-56247d445a12,1235.7
72,72,A,South Side,SOUTH SIDE via Fifth Ave,6,40dca8ab-73ca-4db6-ad99-c987c5cd28fa,1108.9
72,72,A,South Side,SOUTH SIDE via Fifth Ave,7,6da7b36e-053c-4368-a72c-2e7698c630b5,12445.5
72,72,A,South Side,SOUTH SIDE via Fifth Ave,8,54125f26-0cca-48b2-b272-2ccee1af2829,4175.9
72,72,A,South Side,SOUTH SIDE via Fifth Ave,9,fe1ad508-9e53-4dea-9938-298d97daa970,12238.8
72,72,A,South Side,SOUTH SIDE via Fifth Ave,10,c71b095b-577b-4638-b3f6-0dee17106701,1040.3
72,72,A,South Side,SOUTH SIDE via Fifth Ave,11,712e7f5b-7c80-4d0f-9f63-96000cec0cce,1427.7
72,72,A,South Side,SOUTH SIDE via Fifth Ave,12,00d246b6-16b6-4601-a0a9-a8c668976bf4,1695.6
72,72,A,South Side,SOUTH SIDE via Fifth Ave,13,9f1ac293-21ae-4fe8-8288-285ecc944aeb,12132.1
72,72,A,South Side,SOUTH SIDE via Fifth Ave,14,c3c79cbc-e6bc-42c5-a705-ad604252348f,1296.8
72,72,A,South Side,SOUTH SIDE via Fifth Ave,15,61bd1c88-7d54-45f7-a814-cf3c4572a696,7400.4
72,72,A,South Side,SOUTH SIDE via Fifth Ave,16,6071051e-a899-403d-a139-15458b4e076a,7151.2
72,72,A,South Side,SOUTH SIDE via Fifth Ave,17,c769daac-c819-4373-a89a-b007e8006779,3083.0
72,72,A,South Side,SOUTH SIDE via Fifth Ave,18,4004e10f-cd18-4e03-832f-71c400a5d991,2444.8
72,72,A,South Side,SOUTH SIDE via Fifth Ave,19,1c185669-0132-4e18-8161-d822ab37d056,11323.4
72,72,A,South Side,SOUTH SIDE via Fifth Ave,20,6f0f13c8-d8e0-49da-b5e5-ad24d8c2c3d5,8180.4
72,72,A,South Side,SOUTH SIDE via Fifth Ave,21,9e484068-f707-4702-a2b8-c333c0f5b845,783.5
72,72,A,South Side,SOUTH SIDE via Fifth Ave,22,5145ea83-1d1a-4418-a701-cea8465ace14,9182.7
72,72,A,South Side,SOUTH SIDE via Fifth Ave,23,73481d86-5c9f-467b-bc5f-5775cf99b848,2630.8
72,72,A,South Side,SOUTH SIDE via Fifth Ave,24,ac6fd45c-c9b1-45a9-8a5c-0918037b0b5a,3990.4
72,72,A,South Side,SOUTH SIDE via Fifth Ave,25,7bd1f0a1-3122-419d-b212-9942d136c320,0.0
72,72,A,South Side,SOUTH SIDE via Fifth Ave,26,613a3875-6c70-476b-b65f-378497702f43,7558.5
72,72,A,South Side,SOUTH SIDE via Fifth Ave,27,18d2425c-5914-4900-905e-afbbb9b45f24,2041.3
72,72,A,South Side,SOUTH SIDE via Fifth Ave,28,7b46ccd7-1f76-4387-871d-0fc71ff6384b,1853.0
72,72,A,South Side,SOUTH SIDE via Fifth Ave,29,1a2ff6f3-cbe1-46da-b3c6-ec99cc9e884c,5474.3
72,72,A,South Side,SOUTH SIDE via Fifth Ave,30,2ac2a71e-dc3b-4e4c-9ee7-2b13e59751a0,5889.7
72,72,A,South Side,SOUTH SIDE via Fifth Ave,31,929a7729-9325-4d86-940a-bf362d24c95e,468.5
72,72,A,South Side,SOUTH SIDE via Fifth Ave,32,68eb6bb3-cd8f-4714-adac-47f2b3b04144,3728.0
72,72,A,South Side,SOUTH SIDE via Fifth Ave,33,16f275c4-9fbc-4c37-a51a-4f2b0cc334ca,4638.3
72,72,A,South Side,SOUTH SIDE via Fifth Ave,34,2c941e6d-cc1e-454d-92cd-becde2b2a945,1558.3
72,72,A,South Side,SOUTH SIDE via Fifth Ave,35,67f1efe6-3cd1-479b-9b46-683daa101390,10132.2
72,72,A,South Side,SOUTH SIDE via Fifth Ave,36,d972e98e-fa3b-482f-a289-217e7c1988dd,909.2
72,72,A,South Side,SOUTH SIDE via Fifth Ave,37,0d88d11d-586a-44c2-9d9c-14b4deb7a523,6597.8
72,72,A,South Side,SOUTH SIDE via Fifth Ave,38,88eb0470-bcce-4c4d-966a-a7b479edcf73,8859.3
72,72,A,South Side,SOUTH SIDE via Fifth Ave,39,5cad4dc8-b1b6-45e6-a36b-94dbf078673d,11447.5
72,72,A,South Side,SOUTH SIDE via Fifth Ave,40,d101f86f-06cf-4eaf-88c0-8a082166e849,7813.4
72,72,A,South Side,SOUTH SIDE via Fifth Ave,41,495c154e-b65c-4e5a-afb3-273b4d361694,11699.6
72,72,A,South Side,SOUTH SIDE via Fifth Ave,42,8c586fee-e3e8-401b-a98c-7537c73a0f2d,9052.5
72,72,A,South Side,SOUTH SIDE via Fifth Ave,43,51a929d1-e921-4446-b635-e06f9209e5d4,7013.5
72,72,A,South Side,SOUTH SIDE via Fifth Ave,44,d073f407-ce5c-4f74-9e1d-1167230be869,671.8
72,72,A,South Side,SOUTH SIDE via Fifth Ave,45,54397a89-3915-40ed-8072-2b1255449d66,3417.6
72,72,A,South Side,SOUTH SIDE via Fifth Ave,46,e80448c1-ed74-4495-9d77-f3839e406602,9568.4
72,72,A,South Side,SOUTH SIDE via Fifth Ave,47,a3905eeb-d088-4dcb-9f52-27286654a540,11184.1
72,72,A,South Side,SOUTH SIDE via Fifth Ave,48,3ccae6db-bcf7-4e51-a41e-86e3a2607760,2244.5
72,72,A,South Side,SOUTH SIDE via Fifth Ave,49,970f5e9c-fe8a-4b93-b8f3-c489dd93c465,11996.0
72,72,A,South Side,SOUTH SIDE via Fifth Ave,50,b0dcff0c-016b-40ab-93ed-0e54e1913588,9402.0
72,72,A,Wilkinsburg,WILKINSBURG via Fifth Ave,1,b49e5251-8c19-4e95-a198-e03fed71c55d,460.7
72,72,A,Wilkinsburg,WILKINSBURG via Fifth Ave,2,42ca39a2-2eb4-4039-9e0d-02bb515783b5,1412.4
72,72,A,Wilkinsburg,WILKINSBURG via Fifth Ave,3,fe77b942-23a3-4a15-a6a6-9902ae7f6d31,11892.5
72,72,A,Wilkinsburg,WILKINSBURG via Fifth Ave,4,d7b64aca-058c-4a28-a579-fe378d497e4e,9838.1
72,72,A,Wilkinsburg,WILKINSBURG via Fifth Ave,5,9592a4e8-53ce-4647-807c-fb0aa21f100f,3223.0
72,72,A,Wilkinsburg,WILKINSBURG via Fifth Ave,6,cf268f5c-77b0-4b2e-bb04-8e6cb0973593,1110.5
72,72,A,Wilkinsburg,WILKINSBURG via Fifth Ave,7,e050ca25-d322-453d-9421-d9514713f633,3453.6
72,72,A,Wilkinsburg,WILKINSBURG via Fifth Ave,8,13680c1f-ca45-4e4d-b5fa-77b4678b8810,11382.7
72,72,A,Wilkinsburg,WILKINSBURG via Fifth Ave,9,631e52d0-4c16-42d6-acab-59ae3ab9ee99,11505.9
72,72,A,Wilkinsburg,WILKINSBURG via Fifth Ave,10,6e1cee13-c874-4b73-b37f-9982debbc563,758.3
72,72,A,Wilkinsburg,WILKINSBURG via Fifth Ave,11,c5c2a9b6-c4c0-4fb0-ab84-be9270b0bf9a,7223.2
72,72,A,Wilkinsburg,WILKINSBURG via Fifth Ave,12,1d004f98-18c6-44c7-8d24-2d938f94f624,11810.9
72,72,A,Wilkinsburg,WILKINSBURG via Fifth Ave,13,85d5300a-70a2-4c8c-a31a-2222be737bbe,12205.1
72,72,A,Wilkinsburg,WILKINSBURG via Fifth Ave,14,75573d68-8bf8-437a-a223-b8548ff1b3e1,6094.5
72,72,A,Wilkinsburg,WILKINSBURG via Fifth Ave,15,9ca67e46-d0c3-47de-a4c9-bee3ec3483fe,1260.2
72,72,A,Wilkinsburg,WILKINSBURG via Fifth Ave,16,6dfad0c2-894f-4e18-8de6-ae650e871c38,7786.1
72,72,A,Wilkinsburg,WILKINSBURG via Fifth Ave,17,6da7b36e-053c-4368-a72c-2e7698c630b5,0
72,72,A,Wilkinsburg,WILKINSBURG via Fifth Ave,18,19f0fcc6-f276-4346-a2a9-b2ea5d233693,207.3
72,72,A,Wilkinsburg,WILKINSBURG via Fifth Ave,19,815f0b8f-0a21-474a-ba49-9e019e63ebc8,8057.3
72,72,A,Wilkinsburg,WILKINSBURG via Fifth Ave,20,d4f4607d-479f-4ae3-abf6-bad5c4ed5866,10654.5
72,72,A,Wilkinsburg,WILKINSBURG via Fifth Ave,21,d039b411-e391-4cbf-9ede-caa93b28d8e2,10815.5
72,72,A,Wilkinsburg,WILKINSBURG via Fifth Ave,22,4f4b267f-ec77-4a97-9665-d811e8edebb2,5524.2
72,72,A,Wilkinsburg,WILKINSBURG via Fifth Ave,23,faec75f7-e6ad-4e60-92ac-74a3a30e0b8e,11136.1
72,72,A,Wilkinsburg,WILKINSBURG via Fifth Ave,24,b579f9bb-ed83-46ba-abe2-35791307d417,8719.8
72,72,A,Wilkinsburg,WILKINSBURG via Fifth Ave,25,0a760980-8125-4524-b959-458c12de17b9,8903.5
72,72,A,Wilkinsburg,WILKINSBURG via Fifth Ave,26,2a00279a-a01d-43a9-9dd5-fb93680b7f35,2944.1
72,72,A,Wilkinsburg,WILKINSBURG via Fifth Ave,27,61b68657-d514-4903-b5ca-739c2e979eeb,11226.9
72,72,A,Wilkinsburg,WILKINSBURG via Fifth Ave,28,d6139ebe-8e84-40a1-8d82-162ef928e542,10250.3
72,72,A,Wilkinsburg,WILKINSBURG via Fifth Ave,29,e0b210ab-ea06-40a2-9f3b-2b3073ee6175,2368.5
72,72,A,Wilkinsburg,WILKINSBURG via Fifth Ave,30,d45235ca-c669-493a-8761-8c81bf81786d,4130.1
72,72,A,Wilkinsburg,WILKINSBURG via Fifth Ave,31,a3d562fe-280b-4bf3-9d95-b03833d9c93c,6801.2
72,72,A,Wilkinsburg,WILKINSBURG via Fifth Ave,32,380e7124-3f32-4ea4-9ed8-edd99f6c48b6,9314.8
72,72,A,Wilkinsburg,WILKINSBURG via Fifth Ave,33,f64c5aa6-3271-4bc0-9312-03e122f544dc,12686.9
72,72,A,Wilkinsburg,WILKINSBURG via Fifth Ave,34,2c8ef028-05e1-4b5e-854c-ef10198c4fc4,10067.0
72,72,A,Wilkinsburg,WILKINSBURG via Fifth Ave,35,090bfdfb-4cb3-4d79-9a94-097b09619a13,10988.2
72,72,A,Wilkinsburg,WILKINSBURG via Fifth Ave,36,3c02a058-0319-4754-8c09-9323cb436618,9613.5
72,72,A,Wilkinsburg,WILKINSBURG via Fifth Ave,37,40d62049-f7c8-4313-a92e-aa1e1c1f722a,10464.6
72,72,A,Wilkinsburg,WILKINSBURG via Fifth Ave,38,36645177-0dca-4bb7-bccb-c0004f0bb3a4,4781.6
72,72,A,Wilkinsburg,WILKINSBURG via Fifth Ave,39,63aeab5f-ad2a-4c51-b4cd-a21b3066a189,12454.2
72,72,A,Wilkinsburg,WILKINSBURG via Fifth Ave,40,3664bb2c-178f-4fe7-ad06-686e2fb06e12,5275.8
72,72,A,Wilkinsburg,WILKINSBURG via Fifth Ave,41,df9da00c-cda6-4868-abd3-abda7cea3026,3654.2
72,72,A,Wilkinsburg,WILKINSBURG via Fifth Ave,42,22993ee6-5609-4892-967a-008a70775df4,4493.6
72,72,A,Wilkinsburg,WILKINSBURG via Fifth Ave,43,65fb58e4-2d94-4382-816b-14ae37914c47,318.4
72,72,A,Wilkinsburg,WILKINSBURG via Fifth Ave,44,5e2746ba-05ee-4a38-8a94-ac6ff05a7037,9012.4
72,72,A,Wilkinsburg,WILKINSBURG via Fifth Ave,45,c31296fc-f581-4007-a2fd-cfc6f5b4d648,7581.7
72,72,A,Wilkinsburg,WILKINSBURG via Fifth Ave,46,b896ffd2-b2bc-4d1f-816a-9fdf7cce44cb,12019.8
72,72,A,Wilkinsburg,WILKINSBURG via Fifth Ave,47,a580a7a3-11da-4fdb-85a1-9757499337a6,5684.4
72,72,A,Wilkinsburg,WILKINSBURG via Fifth Ave,48,a99dc09f-c5fe-4b59-a276-1765dc7d63b4,8513.9
72,72,A,Wilkinsburg,WILKINSBURG via Fifth Ave,49,87c61e67-2d6f-4c12-9473-aa87eb9afa2b,880.1
72,72,A,Wilkinsburg,WILKINSBURG via Fifth Ave,50,9ecc74cb-eb4c-4a81-b3fd-fe9f6a502e29,11659.9
89S,89,A,Universal Plaza,PENN HILLS - Universal Plaza,1,62e5946a-1433-4f1f-8836-d90ad7cc509f,10409.2
89S,89,A,Universal Plaza,PENN HILLS - Universal Plaza,2,c2ed7e9b-b272-4589-bf3a-810415f0e3e9,14655.6
89S,89,A,Universal Plaza,PENN HILLS - Universal Plaza,3,819876b5-6547-4d8c-8555-7244c827a7c2,2632.1
89S,89,A,Universal Plaza,PENN HILLS - Universal Plaza,4,39c15a77-dad9-4960-95e5-7baffe1c6bc5,14401.5
89S,89,A,Universal Plaza,PENN HILLS - Universal Plaza,5,9d1a2756-dc78-4cf5-86a0-7849bee6323b,7879.9
89S,89,A,Universal Plaza,PENN HILLS - Universal Plaza,6,b4e87615-af7a-4eb1-8adf-1c9fec8d57a3,15224.5
89S,89,A,Universal Plaza,PENN HILLS - Universal Plaza,7,c9cbc8cb-4e11-40ce-9c23-4daf36cdca1c,6987.1
89S,89,A,Universal Plaza,PENN HILLS - Universal Plaza,8,b1ad5edf-a6a9-4bb0-b4b9-ba43da4a6ab2,8254.6
89S,89,A,Universal Plaza,PENN HILLS - Universal Plaza,9,571a9f7e-3d96-458d-94f9-fe3a39a302be,1426.9
89S,89,A,Universal Plaza,PENN HILLS - Universal Plaza,10,a8092ae8-4159-4f91-872b-0132a12cf5ae,8500.1
89S,89,A,Universal Plaza,PENN HILLS - Universal Plaza,11,18813d79-bd80-4557-a020-56a520294305,8095.1
89S,89,A,Universal Plaza,PENN HILLS - Universal Plaza,12,eb7629c1-fd92-43da-873a-94749d08f90b,10229.4
89S,89,A,Universal Plaza,PENN HILLS - Universal Plaza,13,cecc340a-b37b-4a83-ae12-c75b7e6f9ced,9901.7
89S,89,A,Universal Plaza,PENN HILLS - Universal Plaza,14,76351e1b-524a-4c75-99ca-6b58631b2c6e,10709.0
89S,89,A,Universal Plaza,PENN HILLS - Universal Plaza,15,ab2163af-9fd8-474b-8c5e-bc880b8bb77d,11576.8
89S,89,A,Universal Plaza,PENN HILLS - Universal Plaza,16,58b418bd-795e-4ae3-b2d8-a2a99a48caf1,2446.5
89S,89,A,Universal Plaza,PENN HILLS - Universal Plaza,17,a094011e-3fe8-42e3-9bd3-0327ce9beaa5,11173.7
89S,89,A,Universal Plaza,PENN HILLS - Universal Plaza,18,d3325ead-7b3e-4d2f-80df-84efe91ebffb,8764.0
89S,89,A,Universal Plaza,PENN HILLS - Universal Plaza,19,2c2097ef-6a37-41d7-97fa-030c445de72e,12432.0
89S,89,A,Universal Plaza,PENN HILLS - Universal Plaza,20,3108aeca-6ecb-4906-bf37-49a84dc4457f,6630.2
89S,89,A,Universal Plaza,PENN HILLS - Universal Plaza,21,f0e9bbc3-d567-4700-b122-fd8d3a38a4a7,13129.7
89S,89,A,Universal Plaza,PENN HILLS - Universal Plaza,22,5779df3f-354a-4587-9466-e795ed56d252,0
89S,89,A,Universal Plaza,PENN HILLS - Universal Plaza,23,fb41932d-3966-44ba-92f6-d3bdc5cbefc8,13843.7
89S,89,A,Universal Plaza,PENN HILLS - Universal Plaza,24,8de72493-b329-49e5-8ca7-9ca862313c4d,14976.2
89S,89,A,Universal Plaza,PENN HILLS - Universal Plaza,25,bd76f95c-5084-4a17-bf15-099b84335c13,9038.9
89S,89,A,Universal Plaza,PENN HILLS - Universal Plaza,26,ada86e16-6164-4b3c-96ed-618dcc927d02,5360.1
89S,89,A,Universal Plaza,PENN HILLS - Universal Plaza,27,3f3220bc-5f01-4c86-8a84-7eff13691b23,12586.0
89S,89,A,Universal Plaza,PENN HILLS - Universal Plaza,28,f4a90beb-93e1-4668-b845-4ca4d30fc633,14539.4
89S,89,A,Universal Plaza,PENN HILLS - Universal Plaza,29,8f330328-3d16-405c-b19a-01b161ca1fcc,5846.8
89S,89,A,Universal Plaza,PENN HILLS - Universal Plaza,30,a069b714-ae50-4b9e-8961-223bde3988ce,9693.4
89S,89,A,Universal Plaza,PENN HILLS - Universal Plaza,31,a90df00e-5d55-40a2-87fe-dd6acd3ab3b4,6192.6
89S,89,A,Universal Plaza,PENN HILLS - Universal Plaza,32,105c819b-f7ad-484d-b830-364d623a2ad5,13323.7
89S,89,A,Universal Plaza,PENN HILLS - Universal Plaza,33,09ab7ca5-33aa-4c5f-a7b6-8696374424eb,668.5
89S,89,A,Universal Plaza,PENN HILLS - Universal Plaza,34,21b165a9-2cee-41df-bf16-00d53f068d7b,2111.3
89S,89,A,Universal Plaza,PENN HILLS - Universal Plaza,35,49565337-c98b-410d-b634-20a577d8bf4e,7642.8
89S,89,A,Monroeville Mall,MONROEVILLE MALL,1,5779df3f-354a-4587-9466-e795ed56d252,14998.5
89S,89,A,Monroeville Mall,MONROEVILLE MALL,2,29f2f394-bbdc-4b32-91c8-b6a0ceed4c33,6530.1
89S,89,A,Monroeville Mall,MONROEVILLE MALL,3,44751fc8-24dc-4301-b296-071e2c14ae43,1466.7
89S,89,A,Monroeville Mall,MONROEVILLE MALL,4,8ecb398f-7d9e-46a1-81c4-724d6211620a,7190.4
89S,89,A,Monroeville Mall,MONROEVILLE MALL,5,a763325f-a9e7-4a11-a3c2-a1a616ba190b,751.8
89S,89,A,Monroeville Mall,MONROEVILLE MALL,6,9e8951e6-2c08-4727-8626-a666e73e3c6d,9180.0
89S,89,A,Monroeville Mall,MONROEVILLE MALL,7,6d00f328-f4b8-4c8a-9542-8b89fa844f0e,652.9
89S,89,A,Monroeville Mall,MONROEVILLE MALL,8,2c2097ef-6a37-41d7-97fa-030c445de72e,2917.3
89S,89,A,Monroeville Mall,MONROEVILLE MALL,9,5ed0a673-b3b5-4259-a956-9f4bb35030da,7669.0
89S,89,A,Monroeville Mall,MONROEVILLE MALL,10,d2713358-5f52-4824-ac03-1e1023049e00,1305.4
89S,89,A,Monroeville Mall,MONROEVILLE MALL,11,d4e2bd7d-e387-4e42-8c1b-0f7bf89cfa1d,9905.7
89S,89,A,Monroeville Mall,MONROEVILLE MALL,12,ddc1dd42-e9af-4108-8d89-e12033e1654c,6451.3
89S,89,A,Monroeville Mall,MONROEVILLE MALL,13,ddd9c6ad-426b-49d5-873d-7dbeb6c74c7a,901.0
89S,89,A,Monroeville Mall,MONROEVILLE MALL,14,e0b5b2be-9b73-475b-b106-7a1e969d0f4c,3720.4
89S,89,A,Monroeville Mall,MONROEVILLE MALL,15,35cce30b-caf1-411d-94ba-4259ea5ff6ba,9541.6
89S,89,A,Monroeville Mall,MONROEVILLE MALL,16,3f3220bc-5f01-4c86-8a84-7eff13691b23,3071.6
89S,89,A,Monroeville Mall,MONROEVILLE MALL,17,0d541ec6-3092-450a-a2e7-786ccdea2bed,7047.2
89S,89,A,Monroeville Mall,MONROEVILLE MALL,18,c29c7a1b-d63f-421d-b363-1f895cfe7eba,4086.9
89S,89,A,Monroeville Mall,MONROEVILLE MALL,19,780c05b9-d1e9-489c-a342-9b0a7dfed64f,7456.3
89S,89,A,Monroeville Mall,MONROEVILLE MALL,20,10afe6ad-d0bd-4f20-b15b-34cbc47f6a01,5457.2
89S,89,A,Monroeville Mall,MONROEVILLE MALL,21,86a479ae-5e1a-4f85-b430-61f1e2104db6,12518.1
89S,89,A,Monroeville Mall,MONROEVILLE MALL,22,aee8019f-9509-425b-bbde-2e69d2d13fa4,6230.3
89S,89,A,Monroeville Mall,MONROEVILLE MALL,23,b76f766c-c6a6-4289-a9a3-dfecbd7fee4a,13145.6
89S,89,A,Monroeville Mall,MONROEVILLE MALL,24,2b3f45b1-db9f-4b7b-bb26-72ab2239d7d3,4968.3
89S,89,A,Monroeville Mall,MONROEVILLE MALL,25,db77b6f9-0b8a-467a-bad8-9aff1bff3da6,13837.0
89S,89,A,Monroeville Mall,MONROEVILLE MALL,26,8e722a74-c2f6-48dc-8710-efb189005580,4842.3
89S,89,A,Monroeville Mall,MONROEVILLE MALL,27,c25838f7-4d80-44d2-868d-6ad4140809d6,1972.0
89S,89,A,Monroeville Mall,MONROEVILLE MALL,28,b4e87615-af7a-4eb1-8adf-1c9fec8d57a3,0
89S,89,A,Monroeville Mall,MONROEVILLE MALL,29,af201c3c-c644-4c4c-952e-26cb7dc0576c,5602.6
89S,89,A,Monroeville Mall,MONROEVILLE MALL,30,3af80431-314b-4a41-848f-7e60ba5f86f8,8333.0
89S,89,A,Monroeville Mall,MONROEVILLE MALL,31,3829966e-a4f3-4961-a82c-2b80053df9a7,8663.0
89S,89,A,Monroeville Mall,MONROEVILLE MALL,32,f0e9bbc3-d567-4700-b122-fd8d3a38a4a7,3615.3
89S,89,A,Monroeville Mall,MONROEVILLE MALL,33,46e0d13b-a54b-4700-8e9f-d0dfc89f3c75,14346.6
89S,89,A,Monroeville Mall,MONROEVILLE MALL,34,3b878d04-a8c3-499a-b7a7-70e4b5f72495,4552.6
89S,89,A,Monroeville Mall,MONROEVILLE MALL,35,a88e25d6-8aba-41a6-bed7-5178e5b5f38d,6786.9
89S,89,A,Monroeville Mall,MONROEVILLE MALL,36,b13c8785-3880-46b9-910f-5d99eb56beb8,12877.6
89S,89,A,Monroeville Mall,MONROEVILLE MALL,37,e65bffba-ffef-4b42-a1b8-45c7198d9748,354.1
69S,69,A,Wilkinsburg,WILKINSBURG via Forest Hills,1,99e15705-1490-4e1e-90a3-9c9cac5dc88d,11310.4
69S,69,A,Wilkinsburg,WILKINSBURG via Forest Hills,2,f64c5aa6-3271-4bc0-9312-03e122f544dc,16902.7
69S,69,A,Wilkinsburg,WILKINSBURG via Forest Hills,3,ec1ffce4-7f3a-4118-93bc-f2844341f21f,2.8
69S,69,A,Wilkinsburg,WILKINSBURG via Forest Hills,4,ab622edc-ec2d-43fa-83b2-0f66a97bfa2e,12203.2
69S,69,A,Wilkinsburg,WILKINSBURG via Forest Hills,5,2262c80e-53c7-44ba-822d-5f2bf0d28a59,16437.5
69S,69,A,Wilkinsburg,WILKINSBURG via Forest Hills,6,237bc07f-3a41-450a-93a1-0f57a41fd478,14869.4
69S,69,A,Wilkinsburg,WILKINSBURG via Forest Hills,7,45fd33f4-53bf-4325-b428-774de47a8975,6824.7
69S,69,A,Wilkinsburg,WILKINSBURG via Forest Hills,8,fdb56264-b06a-467e-95b2-affd07a67ac7,13363.0
69S,69,A,Wilkinsburg,WILKINSBURG via Forest Hills,9,5f7c9225-a96d-4f41-b161-ce9218251c60,8587.7
69S,69,A,Wilkinsburg,WILKINSBURG via Forest Hills,10,d926ccb6-321c-4b67-9f0b-4abb89014a08,8619.8
69S,69,A,Wilkinsburg,WILKINSBURG via Forest Hills,11,11802a1e-f1f6-4bf5-a076-e88b278be542,15036.5
69S,69,A,Wilkinsburg,WILKINSBURG via Forest Hills,12,ebd36bc0-8f8b-405c-8e63-4d9eeda71aab,5975.2
69S,69,A,Wilkinsburg,WILKINSBURG via Forest Hills,13,941bad77-fc9c-4fed-906a-db6511c6559c,7643.9
69S,69,A,Wilkinsburg,WILKINSBURG via Forest Hills,14,3ea8be70-54fd-47cd-969a-9f751a54de93,6942.3
69S,69,A,Wilkinsburg,WILKINSBURG via Forest Hills,15,77256fab-58c0-413b-9376-db8c36723170,8872.7
69S,69,A,Wilkinsburg,WILKINSBURG via Forest Hills,16,4a974ceb-2bf8-4f1f-b5e7-a0988e7fb48e,15944.0
69S,69,A,Wilkinsburg,WILKINSBURG via Forest Hills,17,92a65afa-1504-4ec2-87a1-362e6e7eeab2,4818.6
69S,69,A,Wilkinsburg,WILKINSBURG via Forest Hills,18,b58e73e2-ca66-4695-ae4b-14b5cd8ba7b3,5378.4
69S,69,A,Wilkinsburg,WILKINSBURG via Forest Hills,19,d1f60bd9-699e-4ecb-bd10-b8c7a6f77146,14037.6
69S,69,A,Wilkinsburg,WILKINSBURG via Forest Hills,20,bc720dfa-1b2a-4c85-b309-c34fca74fd45,13543.8
69S,69,A,Wilkinsburg,WILKINSBURG via Forest Hills,21,66020418-19e0-4be4-b96e-9a29be98add7,15743.8
69S,69,A,Wilkinsburg,WILKINSBURG via Forest Hills,22,63aeab5f-ad2a-4c51-b4cd-a21b3066a189,16671.4
69S,69,A,Wilkinsburg,WILKINSBURG via Forest Hills,23,65b1e36d-cdc5-4ef9-b677-ac8c7be9107e,10311.4
69S,69,A,Wilkinsburg,WILKINSBURG via Forest Hills,24,8a398142-b827-402f-a810-9119791189f7,11677.1
69S,69,A,Wilkinsburg,WILKINSBURG via Forest Hills,25,2ec79b3b-0540-4618-9b87-a580b13727e4,9250.8
69S,69,A,Wilkinsburg,WILKINSBURG via Forest Hills,26,437862f7-42e3-4028-9c96-912079635546,8723.9
69S,69,A,Wilkinsburg,WILKINSBURG via Forest Hills,27,c53611ef-7c82-4aec-b728-a1341b3ca437,2559.7
69S,69,A,Wilkinsburg,WILKINSBURG via Forest Hills,28,85234a87-a114-41e0-9b29-5ed3f12d6705,6601.8
69S,69,A,Wilkinsburg,WILKINSBURG via Forest Hills,29,96691a06-0a4d-4255-be7a-5d158e1c15ea,5651.0
69S,69,A,Wilkinsburg,WILKINSBURG via Forest Hills,30,0672d949-cf6c-4070-88ac-b7041cda9c33,3153.2
69S,69,A,Wilkinsburg,WILKINSBURG via Forest Hills,31,0dd509ae-c023-4867-b41c-bb76e88818a0,16544.1
69S,69,A,Wilkinsburg,WILKINSBURG via Forest Hills,32,d9dad536-4bfd-48e2-8bc4-0bcbfd19bd8e,5808.6
69S,69,A,Wilkinsburg,WILKINSBURG via Forest Hills,33,fc64d623-a442-4297-8713-75fbe30f7d55,9693.5
69S,69,A,Wilkinsburg,WILKINSBURG via Forest Hills,34,a331f485-a34d-4e26-8a49-9b4924fb2985,12622.4
69S,69,A,Wilkinsburg,WILKINSBURG via Forest Hills,35,223c31d1-0871-4e26-91f3-8a5dead31135,6513.8
69S,69,A,Wilkinsburg,WILKINSBURG via Forest Hills,36,ee548e52-a91e-4804-91e7-0156637eb1fc,3458.2
69S,69,A,Wilkinsburg,WILKINSBURG via Forest Hills,37,6dce92b5-9efb-4f6c-b7e6-f7b5ee5ea642,7965.2
69S,69,A,Wilkinsburg,WILKINSBURG via Forest Hills,38,3247df02-f282-4d09-bec8-3cc555581dee,5545.8
69S,69,A,Wilkinsburg,WILKINSBURG via Forest Hills,39,a9e9215a-790a-4d16-a72e-160426432317,7468.7
69S,69,A,Wilkinsburg,WILKINSBURG via Forest Hills,40,0bd09bae-7618-4ab0-be4e-5f0916f54ef4,13130.8
69S,69,A,Wilkinsburg,WILKINSBURG via Forest Hills,41,1ee61b3a-f1a7-41cb-a8f8-99268dfdc2b7,8312.5
69S,69,A,Wilkinsburg,WILKINSBURG via Forest Hills,42,49db4421-4752-4fd2-b7cb-0ba215f93571,1629.7
69S,69,A,Wilkinsburg,WILKINSBURG via Forest Hills,43,3ddb9110-91b9-41e3-81e8-a651ff4c513a,12436.9
69S,69,A,Wilkinsburg,WILKINSBURG via Forest Hills,44,07451cc2-74fd-4197-85dc-4530f59efc6e,9541.3
69S,69,A,Wilkinsburg,WILKINSBURG via Forest Hills,45,79e6820e-3320-4943-98dd-2072c644caf1,7089.6
69S,69,A,Wilkinsburg,WILKINSBURG via Forest Hills,46,4e483f85-fd91-400b-a36c-9b2e89a8aab1,8225.9
69S,69,A,Wilkinsburg,WILKINSBURG via Forest Hills,47,93148590-81b0-4823-b0c6-623f57235f5b,5455.3
69S,69,A,Wilkinsburg,WILKINSBURG via Forest Hills,48,d1f63c2f-fff8-4d53-8004-41d6cd5008ff,855.9
69S,69,A,Wilkinsburg,WILKINSBURG via Forest Hills,49,d9b14fdc-41a3-4087-89dd-5e4b53203596,477.6
69S,69,A,Wilkinsburg,WILKINSBURG via Forest Hills,50,36180b54-de51-445c-b7f2-cd443b84a8c9,3663.7
69S,69,A,Wilkinsburg,WILKINSBURG via Forest Hills,51,0ddd240e-ec9c-4d67-9e45-ddbd74fd0d4d,11853.6
69S,69,A,Wilkinsburg,WILKINSBURG via Forest Hills,52,123575fd-6b78-4525-89ac-14c2bf065fdc,9885.7
69S,69,A,Wilkinsburg,WILKINSBURG via Forest Hills,53,1b5bed5f-81b4-4270-bad8-1b54249fe226,7212.4
69S,69,A,Wilkinsburg,WILKINSBURG via Forest Hills,54,c50e7a47-1415-42bb-96ae-7c2d12e5a27b,16179.5
69S,69,A,Wilkinsburg,WILKINSBURG via Forest Hills,55,38b0a37f-8661-4ea6-9d81-87dbe40c91ac,9980.3
69S,69,A,Wilkinsburg,WILKINSBURG via Forest Hills,56,e4383d20-291c-4d5b-bdde-66359f4aaca2,8138.2
69S,69,A,Wilkinsburg,WILKINSBURG via Forest Hills,57,cb1cf4cc-bdcc-40c2-84be-f17d2cee7570,16071.8
69S,69,A,Wilkinsburg,WILKINSBURG via Forest Hills,58,b15bcbb7-7fd5-4b37-9b8d-7e97c08070be,1900.4
69S,69,A,Wilkinsburg,WILKINSBURG via Forest Hills,59,dcb05b97-66c2-4414-913e-5adbc0826514,15852.3
69S,69,A,Wilkinsburg,WILKINSBURG via Forest Hills,60,e66bbe74-4d44-41e3-a867-45f25d00ae96,2315.2
69S,69,A,Pitcairn,TRAFFORD via Forest Hills,1,55141c0e-d843-4e9d-bee6-3c8768f27030,9708.1
69S,69,A,Pitcairn,TRAFFORD via Forest Hills,2,9c2d06e5-b406-412e-9915-1be3249a2885,3599.3
69S,69,A,Pitcairn,TRAFFORD via Forest Hills,3,6a06add0-90a8-4b1b-b8ae-c5884eed5605,13572.3
69S,69,A,Pitcairn,TRAFFORD via Forest Hills,4,7fbab3ed-c4ad-415f-80b2-6e20c86b9000,7097.2
69S,69,A,Pitcairn,TRAFFORD via Forest Hills,5,6cadb30d-6089-4406-be95-da1e62cccb24,16888.9
69S,69,A,Pitcairn,TRAFFORD via Forest Hills,6,57b39e61-78cd-4f2b-9029-218e833593db,10420.4
69S,69,A,Pitcairn,TRAFFORD via Forest Hills,7,6c304326-6f47-4ce5-98fb-0722f3b20e6c,12625.2
69S,69,A,Pitcairn,TRAFFORD via Forest Hills,8,cbefd82a-07a3-4d99-b958-f95151838539,464.4
69S,69,A,Pitcairn,TRAFFORD via Forest Hills,9,8ada13e2-f93e-4bbe-bc02-2753557c552c,8829.8
69S,69,A,Pitcairn,TRAFFORD via Forest Hills,10,d61b4fd4-11aa-4e68-a076-9b1b6319e51d,7264.9
69S,69,A,Pitcairn,TRAFFORD via Forest Hills,11,e48dae37-eea1-47b4-90ae-e6da4f2765ac,1025.4
69S,69,A,Pitcairn,TRAFFORD via Forest Hills,12,27a02b47-7cbb-4bac-bf95-ec0f622646a8,16370.6
69S,69,A,Pitcairn,TRAFFORD via Forest Hills,13,01525e42-9962-4def-9294-c4d909c0a719,5628.9
69S,69,A,Pitcairn,TRAFFORD via Forest Hills,14,c564877c-c160-4f43-9943-11c93f79509c,8743.7
69S,69,A,Pitcairn,TRAFFORD via Forest Hills,15,ec1ffce4-7f3a-4118-93bc-f2844341f21f,17117.9
69S,69,A,Pitcairn,TRAFFORD via Forest Hills,16,946e33be-9bb5-42ca-b3e5-ce595d1ea287,5310.8
69S,69,A,Pitcairn,TRAFFORD via Forest Hills,17,95b7a6aa-5a12-4ea1-8c57-9a666a2929a2,7949.4
69S,69,A,Pitcairn,TRAFFORD via Forest Hills,18,30128df1-0063-4d3b-9998-2f8713283e79,6388.1
69S,69,A,Pitcairn,TRAFFORD via Forest Hills,19,b58e73e2-ca66-4695-ae4b-14b5cd8ba7b3,11033.3
69S,69,A,Pitcairn,TRAFFORD via Forest Hills,20,3a1282d5-7aca-45c8-80f6-2f05f2303a76,4316.7
69S,69,A,Pitcairn,TRAFFORD via Forest Hills,21,efe12e50-9ebf-46fb-b509-afb596ac7716,2818.2
69S,69,A,Pitcairn,TRAFFORD via Forest Hills,22,7bd1f0a1-3122-419d-b212-9942d136c320,0
69S,69,A,Pitcairn,TRAFFORD via Forest Hills,23,cd660575-bf3d-462a-873c-9bdffa75ba13,10332.7
69S,69,A,Pitcairn,TRAFFORD via Forest Hills,24,7c838cd7-b739-47c5-8526-81a135af6f04,1156.4
69S,69,A,Pitcairn,TRAFFORD via Forest Hills,25,ebd36bc0-8f8b-405c-8e63-4d9eeda71aab,11998.8
69S,69,A,Pitcairn,TRAFFORD via Forest Hills,26,69abaecf-7ff2-4d48-a513-ea037c8d8ccc,3113.5
69S,69,A,Pitcairn,TRAFFORD via Forest Hills,27,9a67b057-7a99-453d-815c-46a9a5b99166,5073.3
69S,69,A,Pitcairn,TRAFFORD via Forest Hills,28,773f4998-939b-4723-bb4d-399f58e16008,6988.3
69S,69,A,Pitcairn,TRAFFORD via Forest Hills,29,901e6f12-3b99-4136-a24b-1c68e3aa0b0b,15248.6
69S,69,A,Pitcairn,TRAFFORD via Forest Hills,30,3ab22594-e0d3-4750-a5a9-13f94534208e,8232.4
69S,69,A,Pitcairn,TRAFFORD via Forest Hills,31,c2f02587-08d7-474e-8d6e-e0c6221cdb0c,7391.2
69S,69,A,Pitcairn,TRAFFORD via Forest Hills,32,288d88d2-1e29-434f-b3a7-e3cf6341490d,6645.8
69S,69,A,Pitcairn,TRAFFORD via Forest Hills,33,d75385a4-1822-4ed4-bf1d-3ceb0a2a73f5,3812.7
69S,69,A,Pitcairn,TRAFFORD via Forest Hills,34,4d9f21b3-6861-4669-8283-3c7b13f28ee7,14895.9
69S,69,A,Pitcairn,TRAFFORD via Forest Hills,35,ae1396b8-bc93-4b42-abc3-01be31b61dc6,14691.2
69S,69,A,Pitcairn,TRAFFORD via Forest Hills,36,3a3b7a25-0705-48c4-83bf-17e06c44413d,14084.4
69S,69,A,Pitcairn,TRAFFORD via Forest Hills,37,09aeed2b-d46a-471a-aa28-6fce25214295,8660.8
69S,69,A,Pitcairn,TRAFFORD via Forest Hills,38,6345246b-f395-46e4-96f8-1522ada34f2d,2121.0
69S,69,A,Pitcairn,TRAFFORD via Forest Hills,39,9287cc78-161c-4364-a025-acbc80673359,9440.8
69S,69,A,Pitcairn,TRAFFORD via Forest Hills,40,9355f25a-d0af-4364-ba6b-999143f903b7,9172.1
69S,69,A,Pitcairn,TRAFFORD via Forest Hills,41,93148590-81b0-4823-b0c6-623f57235f5b,11110.2
69S,69,A,Pitcairn,TRAFFORD via Forest Hills,42,42a16c05-bdc7-4d2e-8691-c47626fa2a64,4772.1
69S,69,A,Pitcairn,TRAFFORD via Forest Hills,43,7d6e03e2-e848-40b4-bba8-9010c0df6b43,9011.1
69S,69,A,Pitcairn,TRAFFORD via Forest Hills,44,35eaf546-371a-4d19-a090-9e5045a65a63,920.6
69S,69,A,Pitcairn,TRAFFORD via Forest Hills,45,5c253c37-b7f3-41f0-a260-fe7a6b7a7442,4543.6
69S,69,A,Pitcairn,TRAFFORD via Forest Hills,46,7e810771-8653-4eac-810b-7524433d8a2e,9365.1
69S,69,A,Pitcairn,TRAFFORD via Forest Hills,47,ee739133-9baf-49e0-bd68-3b34cd427464,13817.8
69S,69,A,Pitcairn,TRAFFORD via Forest Hills,48,8a3b1f8d-5960-49a4-8cc1-0e89b2b3f739,774.3
69S,69,A,Pitcairn,TRAFFORD via Forest Hills,49,01c5b990-0d25-46de-a328-c5432b6d6698,3448.5
69S,69,A,Pitcairn,TRAFFORD via Forest Hills,50,d9dad536-4bfd-48e2-8bc4-0bcbfd19bd8e,11463.6
69S,69,A,Pitcairn,TRAFFORD via Forest Hills,51,3247df02-f282-4d09-bec8-3cc555581dee,11200.8
69S,69,A,Pitcairn,TRAFFORD via Forest Hills,52,44ad756c-7079-45d0-bdc2-f1f255f98605,9978.9
69S,69,A,Pitcairn,TRAFFORD via Forest Hills,53,e0cc9e78-e174-4619-8f41-3b1a3237eb14,7625.5
69S,69,A,Pitcairn,TRAFFORD via Forest Hills,54,071dffe2-1070-4dc7-bd42-ac40a9fab02d,12471.4
69S,69,A,Pitcairn,TRAFFORD via Forest Hills,55,49db4421-4752-4fd2-b7cb-0ba215f93571,15620.1
69S,69,A,Pitcairn,TRAFFORD via Forest Hills,56,4616efed-79f6-45ab-b9cc-338bb053c682,8094.6
69S,69,A,Pitcairn,TRAFFORD via Forest Hills,57,96691a06-0a4d-4255-be7a-5d158e1c15ea,11306.0
69S,69,A,Pitcairn,TRAFFORD via Forest Hills,58,73597a2a-b56a-4a10-b560-dc36ca968e6f,1461.9
69S,69,A,Pitcairn,TRAFFORD via Forest Hills,59,68b76b9e-af2b-4135-a22b-393e999a082f,8358.5
75,75,A,Oakland,"OAKLAND-DOWNTOWN via Morningside, East Liberty, Shadyside",1,9e963a9c-0f5c-4c3e-a01d-294114879d1d,5016.7
75,75,A,Oakland,"OAKLAND-DOWNTOWN via Morningside, East Liberty, Shadyside",2,08426728-299e-48c2-a73b-541d4cdf8264,8841.6
75,75,A,Oakland,"OAKLAND-DOWNTOWN via Morningside, East Liberty, Shadyside",3,a3bdbc28-5dbb-4610-8e5d-1cd1c304c835,14589.4
75,75,A,Oakland,"OAKLAND-DOWNTOWN via Morningside, East Liberty, Shadyside",4,bba02be1-b1c1-4cf9-8ee4-56b00a2e2d41,12600.5
75,75,A,Oakland,"OAKLAND-DOWNTOWN via Morningside, East Liberty, Shadyside",5,f728e0ef-f1e4-442a-bef6-c10466b6cd85,2681.7
75,75,A,Oakland,"OAKLAND-DOWNTOWN via Morningside, East Liberty, Shadyside",6,68305c53-bac3-487a-a34a-2e7faf8695ea,3957.5
75,75,A,Oakland,"OAKLAND-DOWNTOWN via Morningside, East Liberty, Shadyside",7,6071051e-a899-403d-a139-15458b4e076a,14954.0
75,75,A,Oakland,"OAKLAND-DOWNTOWN via Morningside, East Liberty, Shadyside",8,80bb5d8e-fc7f-4827-a7d9-212b097f86e5,7615.9
75,75,A,Oakland,"OAKLAND-DOWNTOWN via Morningside, East Liberty, Shadyside",9,9459c47b-acbc-4c07-91f4-6fe15ae04aa0,13992.2
75,75,A,Oakland,"OAKLAND-DOWNTOWN via Morningside, East Liberty, Shadyside",10,3380b3ee-61da-4f96-ac15-cb02b891b8d0,10849.6
75,75,A,Oakland,"OAKLAND-DOWNTOWN via Morningside, East Liberty, Shadyside",11,a973a50d-b759-4a88-98d9-d0d4007ce381,9192.4
75,75,A,Oakland,"OAKLAND-DOWNTOWN via Morningside, East Liberty, Shadyside",12,ca3ceef4-a559-42f7-a194-00c3f4afa361,9701.4
75,75,A,Oakland,"OAKLAND-DOWNTOWN via Morningside, East Liberty, Shadyside",13,45f7c7fe-6b68-4e02-be19-359318dccd58,10389.0
75,75,A,Oakland,"OAKLAND-DOWNTOWN via Morningside, East Liberty, Shadyside",14,85cfef78-4ed8-4eb8-ab37-7a41ebde389d,8062.3
75,75,A,Oakland,"OAKLAND-DOWNTOWN via Morningside, East Liberty, Shadyside",15,e6db5567-3649-4c77-9ab7-5d2f365e91ea,4810.7
75,75,A,Oakland,"OAKLAND-DOWNTOWN via Morningside, East Liberty, Shadyside",16,d8b4823e-4de0-4a05-a696-d09687002ffd,4423.1
75,75,A,Oakland,"OAKLAND-DOWNTOWN via Morningside, East Liberty, Shadyside",17,74c46b44-2812-46d5-a890-48620c947914,2505.7
75,75,A,Oakland,"OAKLAND-DOWNTOWN via Morningside, East Liberty, Shadyside",18,7fb1c47a-54c8-4807-bdb1-abbe7c6e251b,4224.0
75,75,A,Oakland,"OAKLAND-DOWNTOWN via Morningside, East Liberty, Shadyside",19,ad0ab054-160d-437a-b741-e93fdc46906c,14788.9
75,75,A,Oakland,"OAKLAND-DOWNTOWN via Morningside, East Liberty, Shadyside",20,02cb9d9b-bde1-4091-b240-dddade4bac89,14170.8
75,75,A,Oakland,"OAKLAND-DOWNTOWN via Morningside, East Liberty, Shadyside",21,62780e49-733d-41e8-915b-6e4963f1573b,13595.0
75,75,A,Oakland,"OAKLAND-DOWNTOWN via Morningside, East Liberty, Shadyside",22,1077d57c-7c8b-4e34-b753-2b08004026af,1874.3
75,75,A,Oakland,"OAKLAND-DOWNTOWN via Morningside, East Liberty, Shadyside",23,8a41edcd-f301-43a5-827a-42334e9beea3,2109.3
75,75,A,Oakland,"OAKLAND-DOWNTOWN via Morningside, East Liberty, Shadyside",24,12292146-6a74-425f-b8c7-3a9b195ed6fd,4098.2
75,75,A,Oakland,"OAKLAND-DOWNTOWN via Morningside, East Liberty, Shadyside",25,d1e8272e-b82f-4f24-ae86-5bc107a9aec8,0
75,75,A,Oakland,"OAKLAND-DOWNTOWN via Morningside, East Liberty, Shadyside",26,67f078ec-f5d3-4350-9617-85b6b4fc104b,11603.2
75,75,A,Oakland,"OAKLAND-DOWNTOWN via Morningside, East Liberty, Shadyside",27,1930e99c-b3cc-4fee-9c01-d129e6dee773,309.5
75,75,A,Oakland,"OAKLAND-DOWNTOWN via Morningside, East Liberty, Shadyside",28,b8334fde-628e-4568-b738-037425fed4bf,9384.0
75,75,A,Oakland,"OAKLAND-DOWNTOWN via Morningside, East Liberty, Shadyside",29,8a5151ed-07fe-4055-9059-0deddb0e676e,991.2
75,75,A,Oakland,"OAKLAND-DOWNTOWN via Morningside, East Liberty, Shadyside",30,6f5d0365-bcd9-4aec-a068-d1b00fc0752b,13176.0
75,75,A,Oakland,"OAKLAND-DOWNTOWN via Morningside, East Liberty, Shadyside",31,da528496-f6f3-4f58-851c-3dbeaeeb2466,3263.7
75,75,A,Oakland,"OAKLAND-DOWNTOWN via Morningside, East Liberty, Shadyside",32,e8c42e00-0400-498f-ba61-05b959dd9e25,10078.0
75,75,A,Oakland,"OAKLAND-DOWNTOWN via Morningside, East Liberty, Shadyside",33,2b9f3154-ca1d-4599-9a02-df3009ce486d,3039.1
75,75,A,Oakland,"OAKLAND-DOWNTOWN via Morningside, East Liberty, Shadyside",34,41b0b46f-8368-4f60-a332-977becd5a673,7317.9
75,75,A,Oakland,"OAKLAND-DOWNTOWN via Morningside, East Liberty, Shadyside",35,aad1d4bd-11b8-44f8-bb86-f9b909163f1b,8627.4
75,75,A,Oakland,"OAKLAND-DOWNTOWN via Morningside, East Liberty, Shadyside",36,271f6fdf-42cc-412e-af94-3199b0c5da0c,13409.4
75,75,A,Oakland,"OAKLAND-DOWNTOWN via Morningside, East Liberty, Shadyside",37,863ed8b4-7ea4-4b5f-a42c-9c9e927c682f,6910.2
75,75,A,Oakland,"OAKLAND-DOWNTOWN via Morningside, East Liberty, Shadyside",38,3f0d85dd-0206-47b8-b19d-0920de6f8b66,8973.5
75,75,A,Oakland,"OAKLAND-DOWNTOWN via Morningside, East Liberty, Shadyside",39,87f6e5fb-35f1-494c-89e5-1ad8297d9f21,4578.8
75,75,A,Oakland,"OAKLAND-DOWNTOWN via Morningside, East Liberty, Shadyside",40,93055bf6-09c6-4c58-a623-3c09f181ca2f,1441.5
75,75,A,Oakland,"OAKLAND-DOWNTOWN via Morningside, East Liberty, Shadyside",41,d101f86f-06cf-4eaf-88c0-8a082166e849,15614.9
75,75,A,Oakland,"OAKLAND-DOWNTOWN via Morningside, East Liberty, Shadyside",42,912bad67-8ae3-48f3-802c-ed9f765efa6e,7453.5
75,75,A,Oakland,"OAKLAND-DOWNTOWN via Morningside, East Liberty, Shadyside",43,3680e373-6c6d-4cb8-b8f8-937c1e474dd2,7218.5
75,75,A,Oakland,"OAKLAND-DOWNTOWN via Morningside, East Liberty, Shadyside",44,46595fdd-209b-472b-9f9b-f26b3fbd1b43,11300.9
75,75,A,Oakland,"OAKLAND-DOWNTOWN via Morningside, East Liberty, Shadyside",45,bbac8c88-922f-4533-bcb9-a2aca64f57da,12965.4
75,75,A,Oakland,"OAKLAND-DOWNTOWN via Morningside, East Liberty, Shadyside",46,c174f42e-a0cb-4960-9c44-25b5755651d2,9523.6
75,75,A,Oakland,"OAKLAND-DOWNTOWN via Morningside, East Liberty, Shadyside",47,0edea559-53ff-4c52-a3f2-db7e38dfa3f6,8253.1
75,75,A,Oakland,"OAKLAND-DOWNTOWN via Morningside, East Liberty, Shadyside",48,71b54b31-de4a-46ec-8010-71c5c4b60bd7,3539.5
75,75,A,Oakland,"OAKLAND-DOWNTOWN via Morningside, East Liberty, Shadyside",49,6f0f13c8-d8e0-49da-b5e5-ad24d8c2c3d5,15981.5
75,75,A,Oakland,"OAKLAND-DOWNTOWN via Morningside, East Liberty, Shadyside",50,d021e36c-6c80-4b31-b9db-1de8e210e9ab,11485.4
75,75,A,Oakland,"OAKLAND-DOWNTOWN via Morningside, East Liberty, Shadyside",51,f1dccb80-1d6e-4e19-8a5c-7c123f6c2b41,6786.7
75,75,A,Oakland,"OAKLAND-DOWNTOWN via Morningside, East Liberty, Shadyside",52,61bd1c88-7d54-45f7-a814-cf3c4572a696,15201.9
75,75,A,Oakland,"OAKLAND-DOWNTOWN via Morningside, East Liberty, Shadyside",53,8eb7b706-ab16-4e54-944b-b16e89c6a83d,7883.0
75,75,A,Oakland,"OAKLAND-DOWNTOWN via Morningside, East Liberty, Shadyside",54,51f69ceb-7b9d-4223-9717-7864312d2ca3,7041.2
75,75,A,Oakland,"OAKLAND-DOWNTOWN via Morningside, East Liberty, Shadyside",55,8a0b075f-8c3a-4722-a199-23d181e4110d,11194.6
75,75,A,Oakland,"OAKLAND-DOWNTOWN via Morningside, East Liberty, Shadyside",56,02524216-d4b5-41b1-b76d-4f980dda8e42,10595.7
75,75,A,Oakland,"OAKLAND-DOWNTOWN via Morningside, East Liberty, Shadyside",57,0d8364ce-ffbe-4e43-a629-e7f863e3509f,11733.5
75,75,A,Oakland,"OAKLAND-DOWNTOWN via Morningside, East Liberty, Shadyside",58,aacbbd3b-3f48-49d9-b467-629957622dfc,12208.3
75,75,A,Oakland,"OAKLAND-DOWNTOWN via Morningside, East Liberty, Shadyside",59,86465c01-2419-499b-96fe-00746c12b6c1,8497.7
75,75,A,Oakland,"OAKLAND-DOWNTOWN via Morningside, East Liberty, Shadyside",60,613a3875-6c70-476b-b65f-378497702f43,15360.1
75,75,A,Heinz VA-O'Hara,"ASPINWALL-OAKLAND via Morningside, East Liberty, Shadyside",1,3a238907-5fba-4e75-a071-7f2c5e6717f0,9454.8
75,75,A,Heinz VA-O'Hara,"ASPINWALL-OAKLAND via Morningside, East Liberty, Shadyside",2,f6958db3-bf6f-452e-a0c4-6b6360c7528c,13428.4
75,75,A,Heinz VA-O'Hara,"ASPINWALL-OAKLAND via Morningside, East Liberty, Shadyside",3,d1e8272e-b82f-4f24-ae86-5bc107a9aec8,16954.4
75,75,A,Heinz VA-O'Hara,"ASPINWALL-OAKLAND via Morningside, East Liberty, Shadyside",4,6455c08b-b3f2-4f91-b794-02e6c8be6c19,5005.9
75,75,A,Heinz VA-O'Hara,"ASPINWALL-OAKLAND via Morningside, East Liberty, Shadyside",5,3664bb2c-178f-4fe7-ad06-686e2fb06e12,1682.1
75,75,A,Heinz VA-O'Hara,"ASPINWALL-OAKLAND via Morningside, East Liberty, Shadyside",6,493d8b04-9a15-40d6-a267-2bd6bdb3db86,9363.1
75,75,A,Heinz VA-O'Hara,"ASPINWALL-OAKLAND via Morningside, East Liberty, Shadyside",7,9bba82c4-35ff-42c1-9b00-255add9d572b,135.9
75,75,A,Heinz VA-O'Hara,"ASPINWALL-OAKLAND via Morningside, East Liberty, Shadyside",8,2c695c01-3639-4886-8b89-d496a92fae41,11889.6
75,75,A,Heinz VA-O'Hara,"ASPINWALL-OAKLAND via Morningside, East Liberty, Shadyside",9,e3a16f81-caad-4ce1-83cf-e71c813faae6,3932.2
75,75,A,Heinz VA-O'Hara,"ASPINWALL-OAKLAND via Morningside, East Liberty, Shadyside",10,26152248-3aeb-4770-a969-2ba8be243b94,4313.0
75,75,A,Heinz VA-O'Hara,"ASPINWALL-OAKLAND via Morningside, East Liberty, Shadyside",11,f0ab3cf2-aabb-4242-9a4d-90e26a6f403a,9858.9
75,75,A,Heinz VA-O'Hara,"ASPINWALL-OAKLAND via Morningside, East Liberty, Shadyside",12,29914ff9-dfbb-4698-ba0d-c20a1e2ec9a2,13159.9
75,75,A,Heinz VA-O'Hara,"ASPINWALL-OAKLAND via Morningside, East Liberty, Shadyside",13,ffba4288-dd09-4b59-95c6-e0bd6ebd0ff1,6029.1
75,75,A,Heinz VA-O'Hara,"ASPINWALL-OAKLAND via Morningside, East Liberty, Shadyside",14,4265df2e-0fbc-45ac-b30f-65bb4651763d,15713.8
75,75,A,Heinz VA-O'Hara,"ASPINWALL-OAKLAND via Morningside, East Liberty, Shadyside",15,1c0a8f3e-9404-45c4-834e-787dab0d1894,8374.5
75,75,A,Heinz VA-O'Hara,"ASPINWALL-OAKLAND via Morningside, East Liberty, Shadyside",16,4d42c700-1393-4fcb-be6c-f132075f127c,16892.0
75,75,A,Heinz VA-O'Hara,"ASPINWALL-OAKLAND via Morningside, East Liberty, Shadyside",17,d45235ca-c669-493a-8761-8c81bf81786d,536.4
75,75,A,Heinz VA-O'Hara,"ASPINWALL-OAKLAND via Morningside, East Liberty, Shadyside",18,29a14e64-0636-44b3-bc27-0db9bdf490bf,14081.7
75,75,A,Heinz VA-O'Hara,"ASPINWALL-OAKLAND via Morningside, East Liberty, Shadyside",19,f97460b5-a1a1-4a1c-8964-4c75d35c62bc,5696.7
75,75,A,Heinz VA-O'Hara,"ASPINWALL-OAKLAND via Morningside, East Liberty, Shadyside",20,8f52fa07-bf96-460a-9b8a-e181e638c9ba,7938.2
75,75,A,Heinz VA-O'Hara,"ASPINWALL-OAKLAND via Morningside, East Liberty, Shadyside",21,e04fb722-6526-48cb-adf6-8ed7e05140c4,3548.8
75,75,A,Heinz VA-O'Hara,"ASPINWALL-OAKLAND via Morningside, East Liberty, Shadyside",22,06d6cd6f-8f1b-43c2-9b8f-bba80c6fea61,14971.8
75,75,A,Heinz VA-O'Hara,"ASPINWALL-OAKLAND via Morningside, East Liberty, Shadyside",23,af4e53f9-ae83-4660-9f7c-6c2a4281fd3b,9713.4
75,75,A,Heinz VA-O'Hara,"ASPINWALL-OAKLAND via Morningside, East Liberty, Shadyside",24,ae870edd-2495-4ba6-afb1-3b14c2fbe905,5394.5
75,75,A,Heinz VA-O'Hara,"ASPINWALL-OAKLAND via Morningside, East Liberty, Shadyside",25,8708f985-c559-4ffe-9b3b-449d1a0fa0fe,8231.3
75,75,A,Heinz VA-O'Hara,"ASPINWALL-OAKLAND via Morningside, East Liberty, Shadyside",26,118f8014-ed49-4b93-b928-9573021d791a,14528.7
75,75,A,Heinz VA-O'Hara,"ASPINWALL-OAKLAND via Morningside, East Liberty, Shadyside",27,b4a02a40-a6c6-4df1-b724-a49dfc73d85e,12959.4
75,75,A,Heinz VA-O'Hara,"ASPINWALL-OAKLAND via Morningside, East Liberty, Shadyside",28,a12347df-f85f-4e4e-8b79-b0422360e83a,9211.8
75,75,A,Heinz VA-O'Hara,"ASPINWALL-OAKLAND via Morningside, East Liberty, Shadyside",29,b62cd6ac-b483-4ec5-a4c0-a41b5808666d,3356.6
75,75,A,Heinz VA-O'Hara,"ASPINWALL-OAKLAND via Morningside, East Liberty, Shadyside",30,011baf69-001e-4286-bf37-ce4c4c456913,14700.6
75,75,A,Heinz VA-O'Hara,"ASPINWALL-OAKLAND via Morningside, East Liberty, Shadyside",31,3f6098b6-75c7-4c74-b648-df393e4f15fe,9638.5
75,75,A,Heinz VA-O'Hara,"ASPINWALL-OAKLAND via Morningside, East Liberty, Shadyside",32,a39c54e3-7e76-4434-9600-8a45892766f9,10160.5
75,75,A,Heinz VA-O'Hara,"ASPINWALL-OAKLAND via Morningside, East Liberty, Shadyside",33,9b3e67b4-e449-4d79-813d-b0c2af0b105e,12066.0
75,75,A,Heinz VA-O'Hara,"ASPINWALL-OAKLAND via Morningside, East Liberty, Shadyside",34,1384ca82-d587-49d9-8e9f-8020e47ba09d,8807.9
75,75,A,Heinz VA-O'Hara,"ASPINWALL-OAKLAND via Morningside, East Liberty, Shadyside",35,59c49c9d-a5e5-4976-b4db-8d365a2376c8,6858.7
75,75,A,Heinz VA-O'Hara,"ASPINWALL-OAKLAND via Morningside, East Liberty, Shadyside",36,ee7deebf-3ec3-49c9-9073-c22ce864bc99,8983.5
75,75,A,Heinz VA-O'Hara,"ASPINWALL-OAKLAND via Morningside, East Liberty, Shadyside",37,4f4b267f-ec77-4a97-9665-d811e8edebb2,1930.5
75,75,A,Heinz VA-O'Hara,"ASPINWALL-OAKLAND via Morningside, East Liberty, Shadyside",38,4dd4caf0-0186-4566-864a-f0d0e831b644,7713.8
75,75,A,Heinz VA-O'Hara,"ASPINWALL-OAKLAND via Morningside, East Liberty, Shadyside",39,9e560c2c-df9d-4ca0-be2a-c5fae06a31a6,2728.4
75,75,A,Heinz VA-O'Hara,"ASPINWALL-OAKLAND via Morningside, East Liberty, Shadyside",40,a64c0808-40e8-48e4-8e9b-b72daa7d95fb,12498.9
75,75,A,Heinz VA-O'Hara,"ASPINWALL-OAKLAND via Morningside, East Liberty, Shadyside",41,c12b39f9-f34f-4384-945f-cf3afb45702f,4724.7
75,75,A,Heinz VA-O'Hara,"ASPINWALL-OAKLAND via Morningside, East Liberty, Shadyside",42,f46806b1-aaa1-4e37-9b6b-131636f27de9,7554.3
75,75,A,Heinz VA-O'Hara,"ASPINWALL-OAKLAND via Morningside, East Liberty, Shadyside",43,7e2ae888-b6f8-4555-863d-af6c3fcbb99a,7216.7
75,75,A,Heinz VA-O'Hara,"ASPINWALL-OAKLAND via Morningside, East Liberty, Shadyside",44,1ac2dfff-bbeb-417b-8d8d-842d8e883567,16459.6
75,75,A,Heinz VA-O'Hara,"ASPINWALL-OAKLAND via Morningside, East Liberty, Shadyside",45,3034376f-6aa4-4e16-a593-8b6025da2f7b,2915.2
75,75,A,Heinz VA-O'Hara,"ASPINWALL-OAKLAND via Morningside, East Liberty, Shadyside",46,8cec8ae1-f5b3-49b1-8150-3745336ada73,5589.7
75,75,A,Heinz VA-O'Hara,"ASPINWALL-OAKLAND via Morningside, East Liberty, Shadyside",47,b4fe4eec-d9c3-44a9-a8eb-15fa0e42f745,9997.3
75,75,A,Heinz VA-O'Hara,"ASPINWALL-OAKLAND via Morningside, East Liberty, Shadyside",48,dece1cb3-8100-478a-b5ac-e52006b10959,5153.7
75,75,A,Heinz VA-O'Hara,"ASPINWALL-OAKLAND via Morningside, East Liberty, Shadyside",49,eb560106-f5bb-4da1-88d9-bbdd4a671cba,8604.4
75,75,A,Heinz VA-O'Hara,"ASPINWALL-OAKLAND via Morningside, East Liberty, Shadyside",50,ed6dcc34-0ffe-4ba4-ac6e-898af4a38841,2174.5
75,75,A,Heinz VA-O'Hara,"ASPINWALL-OAKLAND via Morningside, East Liberty, Shadyside",51,22e473f8-d154-461b-919d-24871eb52bab,12239.8
75,75,A,Heinz VA-O'Hara,"ASPINWALL-OAKLAND via Morningside, East Liberty, Shadyside",52,b243058f-be46-41b8-8700-04d47f5957f6,6517.4
75,75,A,Heinz VA-O'Hara,"ASPINWALL-OAKLAND via Morningside, East Liberty, Shadyside",53,0a85fedb-eb00-4a6b-aff1-0587656427b4,3722.2
75,75,A,Heinz VA-O'Hara,"ASPINWALL-OAKLAND via Morningside, East Liberty, Shadyside",54,e9963742-52e7-4aac-ba5d-a194f8ff1ff5,15521.5
75,75,A,Heinz VA-O'Hara,"ASPINWALL-OAKLAND via Morningside, East Liberty, Shadyside",55,ef25758b-3e25-4e6e-aa2d-ddffaa41f63e,13636.8
75,75,A,Heinz VA-O'Hara,"ASPINWALL-OAKLAND via Morningside, East Liberty, Shadyside",56,f0645944-18fc-47ea-892a-d00e6eac4be8,7857.9
75,75,A,Heinz VA-O'Hara,"ASPINWALL-OAKLAND via Morningside, East Liberty, Shadyside",57,3bc8d807-0bf9-4f75-941b-e803c61e2f51,14284.4
75,75,A,Heinz VA-O'Hara,"ASPINWALL-OAKLAND via Morningside, East Liberty, Shadyside",58,36645177-0dca-4bb7-bccb-c0004f0bb3a4,1187.9
75,75,A,Heinz VA-O'Hara,"ASPINWALL-OAKLAND via Morningside, East Liberty, Shadyside",59,ebd9f401-d91f-4e71-b048-c90dd51a4691,2293.6
75,75,A,Heinz VA-O'Hara,"ASPINWALL-OAKLAND via Morningside, East Liberty, Shadyside",60,e487bc45-de4e-4ed3-b873-08a60711d87f,7393.9
75,75,A,Heinz VA-O'Hara,"ASPINWALL-OAKLAND via Morningside, East Liberty, Shadyside",61,93d39780-44d0-4ef6-a30e-9c69913135bc,6317.2
75,75,A,Heinz VA-O'Hara,"ASPINWALL-OAKLAND via Morningside, East Liberty, Shadyside",62,22993ee6-5609-4892-967a-008a70775df4,900.0
66,66,A,Homestead,HOMESTEAD via North Versailles,1,43629144-d32d-4456-9329-434f8b280818,10000.3
66,66,A,Homestead,HOMESTEAD via North Versailles,2,ad32eb7f-2ffe-4db8-963e-03a14ac289a2,5667.6
66,66,A,Homestead,HOMESTEAD via North Versailles,3,44db60f5-cada-4d1d-b6c8-8acd0f55f037,10167.6
66,66,A,Homestead,HOMESTEAD via North Versailles,4,7bb16060-a088-47e2-a18d-eceb6f1c2b5f,11290.0
66,66,A,Homestead,HOMESTEAD via North Versailles,5,053c5376-f24d-4e4a-9087-4cb83d02d08b,2930.8
66,66,A,Homestead,HOMESTEAD via North Versailles,6,454b2726-e23f-464a-a58c-ce6b6e1ceb0f,10514.0
66,66,A,Homestead,HOMESTEAD via North Versailles,7,4f2dc7b7-1908-4c34-86b0-b776c7637dd0,4679.2
66,66,A,Homestead,HOMESTEAD via North Versailles,8,fbfe31f5-d77a-49b9-9731-d53523655a62,1089.0
66,66,A,Homestead,HOMESTEAD via North Versailles,9,e0c800d4-b622-445d-84cc-6c23c269fc23,18126.7
66,66,A,Homestead,HOMESTEAD via North Versailles,10,a80185ff-6355-438e-83e2-25d0d36a49de,21498.3
66,66,A,Homestead,HOMESTEAD via North Versailles,11,20d644ef-18ed-4541-9f46-b304f7e8b008,12864.4
66,66,A,Homestead,HOMESTEAD via North Versailles,12,c7638d85-02bb-4c4e-b32f-41eabe0582c2,5115.3
66,66,A,Homestead,HOMESTEAD via North Versailles,13,0e979f89-f8f9-44ce-b75c-c077c10fa04b,7341.7
66,66,A,Homestead,HOMESTEAD via North Versailles,14,869e1bc6-18ac-46f7-bc0e-d21b7830f540,17161.9
66,66,A,Homestead,HOMESTEAD via North Versailles,15,148c87bc-e7a1-4aed-bf9a-09fbeab1d45d,15787.2
66,66,A,Homestead,HOMESTEAD via North Versailles,16,ee828259-fa87-48a6-9214-558ab4959357,3465.9
66,66,A,Homestead,HOMESTEAD via North Versailles,17,c454497b-e2d9-4ff7-8ed5-8457bd2c90ae,11982.1
66,66,A,Homestead,HOMESTEAD via North Versailles,18,df7f9444-0f25-482d-a4a8-f0fe538e0f3c,11190.9
66,66,A,Homestead,HOMESTEAD via North Versailles,19,860a8b2e-5c09-4507-b495-cd25c56f84bd,460.6
66,66,A,Homestead,HOMESTEAD via North Versailles,20,939b83d5-a0ad-4ffc-ba05-188eef3d52f3,22077.2
66,66,A,Homestead,HOMESTEAD via North Versailles,21,c782296a-08a2-447f-97a4-9eb5453d1e67,17643.0
66,66,A,Homestead,HOMESTEAD via North Versailles,22,2979d0e0-b6c6-4517-94cc-19a2917211f0,16224.3
66,66,A,Homestead,HOMESTEAD via North Versailles,23,d5e0416d-e6e2-4f99-8903-ef1359232711,10641.5
66,66,A,Homestead,HOMESTEAD via North Versailles,24,fb6b8f54-1d7b-4380-af92-2ec655bcc0c9,1518.5
66,66,A,Homestead,HOMESTEAD via North Versailles,25,3dba30fc-99c4-4b1c-a231-dccf3d4378d3,15709.6
66,66,A,Homestead,HOMESTEAD via North Versailles,26,feb70f90-9765-4f56-85ee-b4deb8d9e572,680.9
66,66,A,Homestead,HOMESTEAD via North Versailles,27,49051a86-e57d-4d0f-b1b2-18cc40adf3cd,21399.4
66,66,A,Homestead,HOMESTEAD via North Versailles,28,b42875bc-5d8a-44d8-bfa0-3aadb6c7a041,21685.6
66,66,A,Homestead,HOMESTEAD via North Versailles,29,233f5ea1-6fc5-4d42-a588-552a10fcfddd,8413.3
66,66,A,Homestead,HOMESTEAD via North Versailles,30,fe84e7d3-9b15-4c35-825e-defc47f9ab8a,10249.8
66,66,A,Homestead,HOMESTEAD via North Versailles,31,8ca3bb7f-d1b4-4871-8ebe-7dc032ef98a1,2710.5
66,66,A,Homestead,HOMESTEAD via North Versailles,32,32e159d6-e5c6-4305-899d-4138d91442ca,11085.8
66,66,A,Homestead,HOMESTEAD via North Versailles,33,7edbf230-b14c-4932-be40-e8224900d143,13806.9
66,66,A,Homestead,HOMESTEAD via North Versailles,34,44de07e0-a817-4d97-9549-f0755b3f649d,1341.0
66,66,A,Homestead,HOMESTEAD via North Versailles,35,dc4bf964-1745-4c1b-8898-cc97738ac6b7,7711.3
66,66,A,Homestead,HOMESTEAD via North Versailles,36,50244677-a23f-41cd-9f48-61bd3a3f9b3a,3162.6
66,66,A,Homestead,HOMESTEAD via North Versailles,37,cf1e6c1d-44b8-44c9-ba94-8117e89041c4,10730.0
66,66,A,Homestead,HOMESTEAD via North Versailles,38,c1a734ab-8d29-462f-b77e-7f257d09838a,10292.5
66,66,A,Homestead,HOMESTEAD via North Versailles,39,395bda1b-a073-47e3-9a0d-f54f9fb31547,15200.5
66,66,A,Homestead,HOMESTEAD via North Versailles,40,820f2112-d110-471f-abaf-c60d67357016,2478.8
66,66,A,Homestead,HOMESTEAD via North Versailles,41,4f807e81-a0e4-41a4-abf6-5597fe439108,21866.0
66,66,A,Homestead,HOMESTEAD via North Versailles,42,e50153c1-3d5f-48d9-943d-c35c26459036,15527.7
66,66,A,Homestead,HOMESTEAD via North Versailles,43,54494ab2-4793-4ac7-8ce1-bec7396a89ca,11814.3
66,66,A,Homestead,HOMESTEAD via North Versailles,44,4fc5bf75-ef88-4467-9e2d-c74f01353b6a,12289.0
66,66,A,Homestead,HOMESTEAD via North Versailles,45,8f7d894b-f766-40f3-86fd-bff2e2122fd8,3807.3
66,66,A,Homestead,HOMESTEAD via North Versailles,46,56147f0b-a8b5-4dac-a2fe-2524047162a2,14125.0
66,66,A,Homestead,HOMESTEAD via North Versailles,47,5b892fe5-b1d8-440d-81d2-455cc069f66a,20624.8
66,66,A,Homestead,HOMESTEAD via North Versailles,48,ef3c42c3-4f00-430f-a65a-642b8c5aae92,14649.3
66,66,A,Homestead,HOMESTEAD via North Versailles,49,d38578d5-df4c-4cca-9a35-9c004889c8b2,12686.9
66,66,A,Homestead,HOMESTEAD via North Versailles,50,92b38d95-5fbc-46d5-b568-92b590001632,4336.9
66,66,A,Homestead,HOMESTEAD via North Versailles,51,b3050e32-33b9-480c-9f7b-e68d172e6c72,11533.3
66,66,A,Homestead,HOMESTEAD via North Versailles,52,1c9fba9a-ccf7-40a4-abfb-6c5bdeebb83b,22.1
66,66,A,Homestead,HOMESTEAD via North Versailles,53,2f31916b-412c-4773-b5ee-08f227497066,13051.0
66,66,A,Homestead,HOMESTEAD via North Versailles,54,f5fd421d-ecbb-43ef-904c-0431cb408075,908.8
66,66,A,Homestead,HOMESTEAD via North Versailles,55,1493d674-78c6-4e70-86c3-ce15ac50a827,21183.6
66,66,A,Homestead,HOMESTEAD via North Versailles,56,3be92c3d-921f-4ac3-872e-478ca1deda05,11685.6
66,66,A,Homestead,HOMESTEAD via North Versailles,57,0a0d4b72-91c9-484e-947a-7438b7337c94,8639.3
66,66,A,Homestead,HOMESTEAD via North Versailles,58,83163a08-415f-42ac-a6f6-f87f670c976b,16407.5
66,66,A,Homestead,HOMESTEAD via North Versailles,59,9fa78b79-51af-4835-b337-c21075f0025d,19817.8
66,66,A,Homestead,HOMESTEAD via North Versailles,60,efddf0b4-1ed3-44ad-87eb-6f0f7dc1575f,20927.3
66,66,A,Homestead,HOMESTEAD via North Versailles,61,9c672ac8-e167-49e6-a917-44971b376f1c,9711.5
66,66,A,Homestead,HOMESTEAD via North Versailles,62,8a4b4a1d-95b2-448e-8728-10197a50639d,10086.7
66,66,A,Homestead,HOMESTEAD via North Versailles,63,973c6cb5-80c7-40e5-98be-5f01980581ed,268.2
66,66,A,Homestead,HOMESTEAD via North Versailles,64,05abcfa9-2b53-4c53-842b-88687525a17e,13592.3
66,66,A,Homestead,HOMESTEAD via North Versailles,65,91805ac5-00b5-4cd5-b986-5fad18d0cdec,7885.3
66,66,A,Homestead,HOMESTEAD via North Versailles,66,c372dbd6-2f97-4d42-9b6d-0d6a6b47be31,2302.9
66,66,A,Homestead,HOMESTEAD via North Versailles,67,7de65b1c-5e7c-4f01-80cc-42754edb971a,5848.4
66,66,A,Homestead,HOMESTEAD via North Versailles,68,596e306a-c217-4e11-94e2-ceb6f972de15,6805.9
66,66,A,Homestead,HOMESTEAD via North Versailles,69,c5fe76de-e60c-4717-ae54-56e714aebe78,23354.6
66,66,A,Homestead,HOMESTEAD via North Versailles,70,68d5a4c1-3b5e-4843-9efa-70cca057bd1b,10905.0
66,66,A,Homestead,HOMESTEAD via North Versailles,71,e819d883-8caa-479d-bbec-fc5dd9d5a595,5439.9
66,66,A,Homestead,HOMESTEAD via North Versailles,72,121adcf1-d5bf-4bbc-93d2-a331fda1d45a,6625.0
66,66,A,Homestead,HOMESTEAD via North Versailles,73,45f69c1b-7657-49d1-8d52-9afd0d2bdadb,15997.0
66,66,A,McKeesport,MCKEESPORT via North Versailles,1,05abcfa9-2b53-4c53-842b-88687525a17e,9681.1
66,66,A,McKeesport,MCKEESPORT via North Versailles,2,c782296a-08a2-447f-97a4-9eb5453d1e67,5589.4
66,66,A,McKeesport,MCKEESPORT via North Versailles,3,6dd3bffc-f2bc-4856-8324-4c8599bdffef,11849.8
66,66,A,McKeesport,MCKEESPORT via North Versailles,4,61446dca-4753-447a-b6c9-f08ef6de41de,17537.4
66,66,A,McKeesport,MCKEESPORT via North Versailles,5,e3267267-9c08-46d0-8af3-b548d7c311be,12384.0
66,66,A,McKeesport,MCKEESPORT via North Versailles,6,0cb28e52-7e16-4cb6-9d4a-a2ac11b760f3,13143.0
66,66,A,McKeesport,MCKEESPORT via North Versailles,7,e8df88d2-3d41-4f87-83e5-5fb66c41b573,1190.5
66,66,A,McKeesport,MCKEESPORT via North Versailles,8,0e979f89-f8f9-44ce-b75c-c077c10fa04b,15755.0
66,66,A,McKeesport,MCKEESPORT via North Versailles,9,02545dfc-a374-43ab-8f9f-aad34f468984,14420.7
66,66,A,McKeesport,MCKEESPORT via North Versailles,10,cf291a4c-5be1-46d6-a5c5-b3d9fda71503,10566.9
66,66,A,McKeesport,MCKEESPORT via North Versailles,11,8b559488-6074-4f34-a3f4-4432f41ba92a,12064.0
66,66,A,McKeesport,MCKEESPORT via North Versailles,12,1f4e807e-f99e-402e-b4c1-6dc661ec612e,7752.2
66,66,A,McKeesport,MCKEESPORT via North Versailles,13,007cd11e-224d-49b1-b2f9-712255423732,3227.4
66,66,A,McKeesport,MCKEESPORT via North Versailles,14,596e306a-c217-4e11-94e2-ceb6f972de15,15393.3
66,66,A,McKeesport,MCKEESPORT via North Versailles,15,fd5fd154-5517-4013-a348-526e1816be72,1703.8
66,66,A,McKeesport,MCKEESPORT via North Versailles,16,1202dc10-2f55-4154-8bbb-860b89aa8212,608.5
66,66,A,McKeesport,MCKEESPORT via North Versailles,17,b2a9e555-a592-445d-963b-bf21cdb9a28b,18218.7
66,66,A,McKeesport,MCKEESPORT via North Versailles,18,0765f899-05ba-46fc-a888-d8a7d90c1cbe,2384.5
66,66,A,McKeesport,MCKEESPORT via North Versailles,19,dcdcfbec-b147-4579-a34d-498b2dc29b8e,9156.2
66,66,A,McKeesport,MCKEESPORT via North Versailles,20,bc2e9c72-cfea-44cb-a4e4-f121ba4739c7,20315.1
66,66,A,McKeesport,MCKEESPORT via North Versailles,21,b64137e9-fbb6-4afe-b051-61ae25787ded,18547.0
66,66,A,McKeesport,MCKEESPORT via North Versailles,22,91805ac5-00b5-4cd5-b986-5fad18d0cdec,16546.1
66,66,A,McKeesport,MCKEESPORT via North Versailles,23,3139a221-b7f9-49a6-b917-7fc85de7e540,8598.4
66,66,A,McKeesport,MCKEESPORT via North Versailles,24,97333a45-de24-4eca-9e6e-51972c7971bb,17387.7
66,66,A,McKeesport,MCKEESPORT via North Versailles,25,dacedb6d-ffb7-4022-8ab8-f2f3ac3234b6,18894.9
66,66,A,McKeesport,MCKEESPORT via North Versailles,26,a1181ba7-d4e0-4cd3-92f1-747fbd30af5d,19430.8
66,66,A,McKeesport,MCKEESPORT via North Versailles,27,1c9fba9a-ccf7-40a4-abfb-6c5bdeebb83b,22841.2
66,66,A,McKeesport,MCKEESPORT via North Versailles,28,f8484d05-c9c8-434c-ba47-3991d93c222e,12653.0
66,66,A,McKeesport,MCKEESPORT via North Versailles,29,129a941e-9867-42b8-b4f7-f228c735fdd1,21704.5
66,66,A,McKeesport,MCKEESPORT via North Versailles,30,0a30d7c1-5ea1-46aa-8786-899fea4f5c4c,12508.2
66,66,A,McKeesport,MCKEESPORT via North Versailles,31,121adcf1-d5bf-4bbc-93d2-a331fda1d45a,15212.6
66,66,A,McKeesport,MCKEESPORT via North Versailles,32,e897d64d-02f0-48a2-aae5-44c3cee07dc2,20934.7
66,66,A,McKeesport,MCKEESPORT via North Versailles,33,e329aa40-0b1c-43fa-89ca-9ec628b53b28,8356.5
66,66,A,McKeesport,MCKEESPORT via North Versailles,34,b450ad6d-f62c-46d0-aaed-48993b1dd45b,7525.9
66,66,A,McKeesport,MCKEESPORT via North Versailles,35,01ab1c61-8f95-4945-bee1-09e269801e92,10401.1
66,66,A,McKeesport,MCKEESPORT via North Versailles,36,7bb5087b-0aea-46d3-9176-ff5e58769d75,1343.8
66,66,A,McKeesport,MCKEESPORT via North Versailles,37,c5fe76de-e60c-4717-ae54-56e714aebe78,0
66,66,A,McKeesport,MCKEESPORT via North Versailles,38,f7991f89-d123-4cb3-8183-3a9c1a253465,2090.0
66,66,A,McKeesport,MCKEESPORT via North Versailles,39,ece0f7b8-e6d3-46ae-a35c-c6f1da442806,20526.9
66,66,A,McKeesport,MCKEESPORT via North Versailles,40,61b1e0cf-29c8-4b4f-8ce2-6e752fcc3e6a,7019.1
66,66,A,McKeesport,MCKEESPORT via North Versailles,41,fca6c434-719c-4c27-bf78-e7498b46c754,20067.9
66,66,A,McKeesport,MCKEESPORT via North Versailles,42,5c2a9a6f-07ce-447f-b72a-0ebbd000b36f,11956.5
66,66,A,McKeesport,MCKEESPORT via North Versailles,43,dd580aea-d2fb-47c0-adff-46516deafc9c,1515.7
66,66,A,McKeesport,MCKEESPORT via North Versailles,44,b0bbd7c7-af29-48ec-a6db-143eb86f3aec,6846.5
66,66,A,McKeesport,MCKEESPORT via North Versailles,45,dc4bf964-1745-4c1b-8898-cc97738ac6b7,16372.1
66,66,A,McKeesport,MCKEESPORT via North Versailles,46,b8c338be-e8a1-4268-9d26-2988a22d7950,19777.1
66,66,A,McKeesport,MCKEESPORT via North Versailles,47,869e1bc6-18ac-46f7-bc0e-d21b7830f540,5108.3
66,66,A,McKeesport,MCKEESPORT via North Versailles,48,87eae87d-aaeb-4c64-912c-e43c74463bb8,12856.5
66,66,A,McKeesport,MCKEESPORT via North Versailles,49,bd768cd7-9980-4c67-97f2-a9b7a8585781,14764.4
66,66,A,McKeesport,MCKEESPORT via North Versailles,50,2a43e65e-a4a3-4b17-b8a6-b435da3f1358,17829.0
66,66,A,McKeesport,MCKEESPORT via North Versailles,51,b98aff2a-921a-43dc-81fe-3024379d8f24,12981.1
66,66,A,McKeesport,MCKEESPORT via North Versailles,52,54494ab2-4793-4ac7-8ce1-bec7396a89ca,11353.6
66,66,A,McKeesport,MCKEESPORT via North Versailles,53,a4a2fd22-21ee-4960-b589-f74a09ddec3a,1037.4
66,66,A,McKeesport,MCKEESPORT via North Versailles,54,7edbf230-b14c-4932-be40-e8224900d143,9895.7
66,66,A,McKeesport,MCKEESPORT via North Versailles,55,d7a9d25d-d20a-4446-8e75-8d1c2a2c5e33,11621.1
66,66,A,McKeesport,MCKEESPORT via North Versailles,56,d0d40fb6-d7ae-4669-9444-6713d49c4bea,12244.9
66,66,A,McKeesport,MCKEESPORT via North Versailles,57,1386d1b1-4505-4ad9-bb85-10eb63b7e42f,11438.8
66,66,A,McKeesport,MCKEESPORT via North Versailles,58,1cdcd074-f961-4579-8962-53b9e51a05db,21948.3
66,66,A,McKeesport,MCKEESPORT via North Versailles,59,4fc5bf75-ef88-4467-9e2d-c74f01353b6a,10878.0
66,66,A,McKeesport,MCKEESPORT via North Versailles,60,779c5a50-1ead-49b3-aedf-581ba4c3f7fe,13063.9
66,66,A,McKeesport,MCKEESPORT via North Versailles,61,bc787198-b203-4a70-b7dd-ed90b6450680,21537.7
66,66,A,McKeesport,MCKEESPORT via North Versailles,62,e0c800d4-b622-445d-84cc-6c23c269fc23,6073.0
66,66,A,McKeesport,MCKEESPORT via North Versailles,63,123fd442-4140-491a-a76f-9cd4677ab214,8030.2
66,66,A,McKeesport,MCKEESPORT via North Versailles,64,47dc864a-532c-4e34-ab74-e2282d02f125,22144.0
66,66,A,McKeesport,MCKEESPORT via North Versailles,65,b772ba9b-7284-4abe-90af-102358741c02,13337.0
66,66,A,McKeesport,MCKEESPORT via North Versailles,66,4edf91df-1683-40f4-8bbc-16f7968a26c7,22430.5
78,78,A,Downtown,DOWNTOWN via East Busway,1,2262c80e-53c7-44ba-822d-5f2bf0d28a59,16531.7
78,78,A,Downtown,DOWNTOWN via East Busway,2,b1c082d7-6363-4be6-83cc-30a38b0783a9,7442.9
78,78,A,Downtown,DOWNTOWN via East Busway,3,85eb5038-be25-4335-a889-60ea592feb1e,3671.0
78,78,A,Downtown,DOWNTOWN via East Busway,4,63aeab5f-ad2a-4c51-b4cd-a21b3066a189,16765.7
78,78,A,Downtown,DOWNTOWN via East Busway,5,298df750-88e0-405c-983b-0f515a7e1c9e,8227.3
78,78,A,Downtown,DOWNTOWN via East Busway,6,f7c9ee1c-91a5-44a3-894d-846211a676f3,20352.6
78,78,A,Downtown,DOWNTOWN via East Busway,7,55f54722-0d5f-418a-aefa-422d523eef71,1876.5
78,78,A,Downtown,DOWNTOWN via East Busway,8,75cf59a2-9062-462b-81e4-873c78f17802,28261.6
78,78,A,Downtown,DOWNTOWN via East Busway,9,027a2d07-dee9-4671-b63d-7282b8a88e10,27578.5
78,78,A,Downtown,DOWNTOWN via East Busway,10,4ba74a5e-9b35-4d47-aaa9-163e0a4c6613,14389.7
78,78,A,Downtown,DOWNTOWN via East Busway,11,dd385507-df3b-47a9-88ca-797c2f7fa654,455.9
78,78,A,Downtown,DOWNTOWN via East Busway,12,fcdce1c8-dc4d-422f-9ca1-61fb785d8bcf,4370.8
78,78,A,Downtown,DOWNTOWN via East Busway,13,67f826c2-46aa-450c-99a6-47dcd7007eaf,5639.8
78,78,A,Downtown,DOWNTOWN via East Busway,14,7b732db8-498a-4dc7-957b-194d153a6803,14834.9
78,78,A,Downtown,DOWNTOWN via East Busway,15,caf25b9a-1ad8-4457-bbd2-cbba241569a3,15132.2
78,78,A,Downtown,DOWNTOWN via East Busway,16,3b59a5ff-5cba-4860-b48d-e5cbe13fd6bd,3895.2
78,78,A,Downtown,DOWNTOWN via East Busway,17,987b1522-56b9-46aa-8e9c-1ea7d9473cb5,8778.7
78,78,A,Downtown,DOWNTOWN via East Busway,18,4a08971b-729f-4c12-9ccc-23593a33e2be,9609.5
78,78,A,Downtown,DOWNTOWN via East Busway,19,d41a9bec-d74c-4025-9769-5e69f186ec85,11467.4
78,78,A,Downtown,DOWNTOWN via East Busway,20,c50e7a47-1415-42bb-96ae-7c2d12e5a27b,16271.3
78,78,A,Downtown,DOWNTOWN via East Busway,21,1e874618-61da-4aff-94ce-de02452ddb79,4090.8
78,78,A,Downtown,DOWNTOWN via East Busway,22,b4cb07cf-f298-4006-81b9-21fd37dd75bf,6216.7
78,78,A,Downtown,DOWNTOWN via East Busway,23,4d33ccb7-1907-4c1a-adc1-5eada385d8c8,14964.2
78,78,A,Downtown,DOWNTOWN via East Busway,24,e7138ef5-87b3-4519-addf-67b4f199759d,11045.2
78,78,A,Downtown,DOWNTOWN via East Busway,25,51f25b54-be27-4a83-8525-b4ffb7eecbd0,12781.2
78,78,A,Downtown,DOWNTOWN via East Busway,26,37095c93-bbe7-4038-a4b4-6b867eb52e97,6826.3
78,78,A,Downtown,DOWNTOWN via East Busway,27,a0a02fa9-e11d-4254-ae51-9c7f937f9e4c,21246.9
78,78,A,Downtown,DOWNTOWN via East Busway,28,e86dbe34-17a2-4172-8657-fb0cd6deb9dd,14563.2
78,78,A,Downtown,DOWNTOWN via East Busway,29,ded452df-279d-40df-9bf6-95e0d1f728b0,4780.6
78,78,A,Downtown,DOWNTOWN via East Busway,30,d915acbd-c990-40d5-b9bc-fb603335a3b9,14125.6
78,78,A,Downtown,DOWNTOWN via East Busway,31,4d26392f-7e5a-4593-8a8e-6e3080efaceb,6541.6
78,78,A,Downtown,DOWNTOWN via East Busway,32,1f2c99dd-7f0a-4ec5-b75c-5e355768ad11,7144.7
78,78,A,Downtown,DOWNTOWN via East Busway,33,584d8588-ebae-4211-b531-f18707ae743d,15696.0
78,78,A,Downtown,DOWNTOWN via East Busway,34,cb1cf4cc-bdcc-40c2-84be-f17d2cee7570,16163.7
78,78,A,Downtown,DOWNTOWN via East Busway,35,dcb05b97-66c2-4414-913e-5adbc0826514,15944.0
78,78,A,Downtown,DOWNTOWN via East Busway,36,bdc5f5a5-b1ce-4e6e-935f-4d75ae176882,15562.1
78,78,A,Downtown,DOWNTOWN via East Busway,37,1705cd16-63a5-439c-ab5f-196fa7a25548,14727.1
78,78,A,Downtown,DOWNTOWN via East Busway,38,8e65a4e1-c0fe-4a5d-b6d6-cf02dfef3702,15389.1
78,78,A,Downtown,DOWNTOWN via East Busway,39,d0697cc1-2349-4a0d-9d25-229ca9c3598a,13318.3
78,78,A,Downtown,DOWNTOWN via East Busway,40,6c8dd125-3c0b-4c18-8570-dce01608030b,1631.7
78,78,A,Downtown,DOWNTOWN via East Busway,41,be776397-f4fc-4f5a-bac6-3dfa6d12c7c2,13742.2
78,78,A,Downtown,DOWNTOWN via East Busway,42,ef89779e-85e8-4f3f-9eea-5a043e96cb26,7790.0
78,78,A,Downtown,DOWNTOWN via East Busway,43,d8aae0ef-27bc-4407-bbaa-bb18f291de48,13894.4
78,78,A,Downtown,DOWNTOWN via East Busway,44,058037cb-8ae5-4a71-b415-c3baa6f7d7fa,18139.3
78,78,A,Downtown,DOWNTOWN via East Busway,45,d1e7d698-9371-42cf-9375-44eb0936fd19,8011.2
78,78,A,Downtown,DOWNTOWN via East Busway,46,0dd509ae-c023-4867-b41c-bb76e88818a0,16638.4
78,78,A,Downtown,DOWNTOWN via East Busway,47,a78ae2ce-5872-4cb4-93ac-bcf381728e37,12307.5
78,78,A,Downtown,DOWNTOWN via East Busway,48,b44a16de-e0ea-4515-84a9-14eb09fcf4fe,9185.5
78,78,A,Downtown,DOWNTOWN via East Busway,49,aefe2859-d201-4467-8cb8-65da8ce37f38,12064.3
78,78,A,Downtown,DOWNTOWN via East Busway,50,b79ab137-b4bb-49e1-90dd-30f6d5626229,5838.7
78,78,A,Downtown,DOWNTOWN via East Busway,51,658e380a-5e6e-43d3-9d08-6386d64717f5,28537.9
78,78,A,Downtown,DOWNTOWN via East Busway,52,098b6b87-73dd-4161-a7c0-b1557f89d608,880.6
78,78,A,Downtown,DOWNTOWN via East Busway,53,6eea085c-6e85-40a2-9834-37a656c3ee9f,1062.6
78,78,A,Downtown,DOWNTOWN via East Busway,54,d368ec15-04c5-4bdc-8ccc-352988ad6576,27914.4
78,78,A,Downtown,DOWNTOWN via East Busway,55,8e2f845c-f288-43b0-a3a4-0777968a11ad,6114.8
78,78,A,Downtown,DOWNTOWN via East Busway,56,c05e63dc-46e2-4780-a4a7-406e2277e0f5,11733.1
78,78,A,Downtown,DOWNTOWN via East Busway,57,b4215601-f6df-4467-b64e-b118b54826b7,7024.9
78,78,A,Downtown,DOWNTOWN via East Busway,58,cd765ff9-4a2c-4c48-bd40-a2c224652834,3350
78,78,A,Downtown,DOWNTOWN via East Busway,59,4a974ceb-2bf8-4f1f-b5e7-a0988e7fb48e,16035.9
78,78,A,Downtown,DOWNTOWN via East Busway,60,6708c150-da0b-438a-81f3-2ace34f73405,8415.1
78,78,A,Downtown,DOWNTOWN via East Busway,61,292d433f-51c6-42cc-9b2a-d796d2094644,4245.3
78,78,A,Downtown,DOWNTOWN via East Busway,62,0bacfc28-9ad9-4d35-a7dc-d058f8008223,6.1
78,78,A,Downtown,DOWNTOWN via East Busway,63,f64c5aa6-3271-4bc0-9312-03e122f544dc,16994.4
78,78,A,Downtown,DOWNTOWN via East Busway,64,305e12af-64b0-4ac6-ac4c-428c1dc9fd9c,27304.2
78,78,A,Downtown,DOWNTOWN via East Busway,65,de19b31b-5da1-4823-b6b9-f9e8d8e8f8f3,4529.0
78,78,A,Downtown,DOWNTOWN via East Busway,66,0955af6f-aeda-42f7-b092-f46e19ee4ff2,24546.3
78,78,A,Downtown,DOWNTOWN via East Busway,67,bde3bfa5-d9e1-4c2c-b6f9-fc3d499aa543,15790.9
78,78,A,Downtown,DOWNTOWN via East Busway,68,c64f89ee-a379-4d2e-a6a8-0363ce1fcaed,13594.4
78,78,A,Downtown,DOWNTOWN via East Busway,69,d5efb4bc-f496-4349-ab21-dc48ed61201d,12663.2
78,78,A,Downtown,DOWNTOWN via East Busway,70,677f9d25-dd47-4020-96ca-e4b7118d4ccf,13114.4
78,78,A,Downtown,DOWNTOWN via East Busway,71,7c5276f9-1c9a-4ad3-9905-161c980d713b,9009.9
78,78,A,Downtown,DOWNTOWN via East Busway,72,a8f76f7f-878f-44ac-bc26-760743957d19,13435.0
78,78,A,Downtown,DOWNTOWN via East Busway,73,4eb3e90a-1e03-4e37-9626-ba857b381a75,2413.4
78,78,A,Harmar,OAKMONT via East Busway,1,f14e0a35-eea9-499e-90af-f7c3240609c8,27451.7
78,78,A,Harmar,OAKMONT via East Busway,2,59305476-5f20-4f0e-84b5-7b760d3ef6e3,14524.0
78,78,A,Harmar,OAKMONT via East Busway,3,d7fe18e3-da18-44bf-b519-65b2890a450e,721.5
78,78,A,Harmar,OAKMONT via East Busway,4,f673f0fa-ecf8-40d3-9cc0-4ea962c5add3,23226.8
78,78,A,Harmar,OAKMONT via East Busway,5,0bacfc28-9ad9-4d35-a7dc-d058f8008223,28597.6
78,78,A,Harmar,OAKMONT via East Busway,6,2a426ebf-407b-444b-a3e2-b59d15be56f5,17577.3
78,78,A,Harmar,OAKMONT via East Busway,7,74e4285e-afbe-428c-a67a-7c906f4d77fb,25171.0
78,78,A,Harmar,OAKMONT via East Busway,8,ecd6f78c-222d-4439-985b-9b34590ffec4,14030.3
78,78,A,Harmar,OAKMONT via East Busway,9,d6d23a27-ff01-47f8-bc8c-6dbb12727889,13378.9
78,78,A,Harmar,OAKMONT via East Busway,10,e48dae37-eea1-47b4-90ae-e6da4f2765ac,12705.7
78,78,A,Harmar,OAKMONT via East Busway,11,e6a56f37-8d49-444c-b99d-8e4d70db853a,14681.8
78,78,A,Harmar,OAKMONT via East Busway,12,7d3f5967-e688-4a85-98ee-0c2b6ef885d4,24702.0
78,78,A,Harmar,OAKMONT via East Busway,13,0a197c17-43c2-483b-bff0-7763be016530,24983.9
78,78,A,Harmar,OAKMONT via East Busway,14,d4c23696-05f7-4e2b-b36d-0121c4aa186b,15613.6
78,78,A,Harmar,OAKMONT via East Busway,15,fdc577c1-46fe-4ecf-9748-13a623d80db4,15992.7
78,78,A,Harmar,OAKMONT via East Busway,16,39d053d1-7c5d-4b20-8d11-5336951d68b4,15333.1
78,78,A,Harmar,OAKMONT via East Busway,17,d490ee80-5394-4252-9a13-ba14afa6a424,27192.6
78,78,A,Harmar,OAKMONT via East Busway,18,11537b05-3631-4da4-a630-05b5654f1c98,13693.7
78,78,A,Harmar,OAKMONT via East Busway,19,658e380a-5e6e-43d3-9d08-6386d64717f5,3.5
78,78,A,Harmar,OAKMONT via East Busway,20,88d1767e-7ba1-4c69-b51e-2abb33d1dee6,1082.3
78,78,A,Harmar,OAKMONT via East Busway,21,8a3b1f8d-5960-49a4-8cc1-0e89b2b3f739,12454.6
78,78,A,Harmar,OAKMONT via East Busway,22,693e0c4f-e841-4d53-a50f-73362528df2f,13283.5
78,78,A,Harmar,OAKMONT via East Busway,23,85810521-d968-4720-a754-2748964188c7,22807.2
78,78,A,Harmar,OAKMONT via East Busway,24,a372b91a-d3e8-4f46-938d-295c2e006c07,28358.7
78,78,A,Harmar,OAKMONT via East Busway,25,e57d304d-9feb-4b49-8c80-eb6efcab819b,20058.5
78,78,A,Harmar,OAKMONT via East Busway,26,2d894638-ea91-4889-88a8-25c8fa015387,17225.0
78,78,A,Harmar,OAKMONT via East Busway,27,6ba4b08c-2a5d-4998-86d4-ab92017c7ade,24534.6
78,78,A,Harmar,OAKMONT via East Busway,28,6f13fca2-6636-4a24-b1db-14ce435ec6e5,27786.6
78,78,A,Harmar,OAKMONT via East Busway,29,c2170705-8451-451d-b005-9f6e5a611ec7,8317.0
78,78,A,Harmar,OAKMONT via East Busway,30,7187b527-1f39-43fc-bf2e-7b140cd2c4ab,24445.8
78,78,A,Harmar,OAKMONT via East Busway,31,f05bb402-5c6a-431e-b693-ea1c9d41e1ee,23449.6
78,78,A,Harmar,OAKMONT via East Busway,32,7bd1f0a1-3122-419d-b212-9942d136c320,11679.7
78,78,A,Harmar,OAKMONT via East Busway,33,9f82fb71-3b1f-4f21-8426-a3e1f6d6f2d6,21058.3
78,78,A,Harmar,OAKMONT via East Busway,34,06518da0-5d59-483a-bc85-120be8b6ef95,16311.1
78,78,A,Harmar,OAKMONT via East Busway,35,cbefd82a-07a3-4d99-b958-f95151838539,12144.7
78,78,A,Harmar,OAKMONT via East Busway,36,8c0c34b9-340c-405e-8eeb-6c68bf360e02,17015.4
78,78,A,Harmar,OAKMONT via East Busway,37,562f68d8-ab31-472b-88bd-55633cc53dca,13044.8
78,78,A,Harmar,OAKMONT via East Busway,38,a693f96a-cb14-45d1-bf26-b169abf7db89,20611.8
78,78,A,Harmar,OAKMONT via East Busway,39,35eaf546-371a-4d19-a090-9e5045a65a63,12600.9
78,78,A,Harmar,OAKMONT via East Busway,40,66020418-19e0-4be4-b96e-9a29be98add7,13139.6
78,78,A,Harmar,OAKMONT via East Busway,41,5816d431-c833-4ecc-aa93-c3e86ad7f0cf,22074.4
78,78,A,Harmar,OAKMONT via East Busway,42,a34d3aa3-1a0f-4b5f-ab7f-59f2d2b1c1ba,483.2
78,78,A,Harmar,OAKMONT via East Busway,43,21a923c7-0e26-49ea-a56d-41bb005bb7f1,14117.5
78,78,A,Harmar,OAKMONT via East Busway,44,973e6cad-3e9d-4f9f-9346-b84eee7e5d58,14388.0
78,78,A,Harmar,OAKMONT via East Busway,45,187130b8-f356-426e-9a11-5deb680665b3,229.0
78,78,A,Harmar,OAKMONT via East Busway,46,bc6315e4-4464-4a93-871b-29fc7f15fcc8,25385.4
78,78,A,Harmar,OAKMONT via East Busway,47,81a2dd06-9fcc-4f59-9efc-b74d6f613803,24089.2
78,78,A,Harmar,OAKMONT via East Busway,48,7a852a61-055f-4f89-9d39-6c59bb2f5bb3,21292.6
78,78,A,Harmar,OAKMONT via East Busway,49,74bb2938-dbd9-4c1a-a06a-c74b5b416acb,18065.6
78,78,A,Harmar,OAKMONT via East Busway,50,25478a73-1cea-452b-b32f-0ea8be920d30,25754.1
78,78,A,Harmar,OAKMONT via East Busway,51,b5de58c1-77f6-4600-bd88-a8a648f69b3b,22251.2
78,78,A,Harmar,OAKMONT via East Busway,52,999c0266-e9d8-4045-bbd6-2b8bb2cb382c,15478.9
78,78,A,Harmar,OAKMONT via East Busway,53,7891abf0-2c50-4a90-ad1f-71cbc3011fa0,13897.8
78,78,A,Harmar,OAKMONT via East Busway,54,4c91558d-aa4f-4a75-960b-f54b4249fd16,14253.4
78,78,A,Harmar,OAKMONT via East Busway,55,6b0ebe69-e4f9-415d-a62d-c9a2ff14ed3e,1450.7
78,78,A,Harmar,OAKMONT via East Busway,56,f3e8b2fd-da33-43b9-805d-d53834ca57c2,22534.6
78,78,A,Harmar,OAKMONT via East Busway,57,92b589b2-5b50-4ba9-834d-d0d62b279078,20841.2
78,78,A,Harmar,OAKMONT via East Busway,58,8618229e-8dbb-4242-9918-7b781c934fcb,25518.7
78,78,A,Harmar,OAKMONT via East Busway,59,e09feaf4-e78b-4971-a15c-9a629e2ccc46,10519.1
78,78,A,Harmar,OAKMONT via East Busway,60,01e1b031-7c96-4d32-a4d6-d519db22a064,21925.4
78,78,A,Harmar,OAKMONT via East Busway,61,91738df2-51dc-402a-aeca-c66acb487382,20306.4
78,78,A,Harmar,OAKMONT via East Busway,62,7bdef85a-9ce7-471e-959f-d69a8eacb943,16773.7
78,78,A,Harmar,OAKMONT via East Busway,63,565962cc-997f-4917-878b-831d70da55de,14952.3
78,78,A,Harmar,OAKMONT via East Busway,64,beca7342-de9a-4e5f-b3d5-98f305414b6d,17362.1
78,78,A,Harmar,OAKMONT via East Busway,65,7c838cd7-b739-47c5-8526-81a135af6f04,12836.6
78,78,A,Harmar,OAKMONT via East Busway,66,c89f1a65-6344-45aa-be61-eb8ccb21c1e7,4121.6
78,78,A,Harmar,OAKMONT via East Busway,67,369a2515-0ef5-4c06-b3bb-0682d9cd2d94,21637.8
78,78,A,Harmar,OAKMONT via East Busway,68,4a415924-01b0-4604-9a10-3ba877ad158e,7448.5
78,78,A,Harmar,OAKMONT via East Busway,69,5dbd40f2-f37a-4170-98bf-a7fb52a7949a,24849.7
78,78,A,Harmar,OAKMONT via East Busway,70,7687b567-2b74-486f-a0e6-63c4ab93ffaf,26581.7
78,78,A,Harmar,OAKMONT via East Busway,71,8997e3bb-1e23-46f1-8c84-d4d731b785d0,19912.7
78,78,A,Harmar,OAKMONT via East Busway,72,b46f7434-d6b0-498d-83ae-afa2e9ee1a81,16423.6
78,78,A,Harmar,OAKMONT via East Busway,73,75c76d72-209c-4b63-94a5-4c9377521279,13489.8
78,78,A,Harmar,OAKMONT via East Busway,74,8e9fe553-d8e2-4b0a-8187-f1cb92f96f56,15180.5
64,64,A,Millvale,MILLVALE via East End,1,79aea5bd-29f9-430d-8821-6ee5a356de20,8924.5
64,64,A,Millvale,MILLVALE via East End,2,bdd43032-5379-467a-ad04-8afae2292121,14116.2
64,64,A,Millvale,MILLVALE via East End,3,8967460b-2ad2-45c1-9a72-f348813ca51c,13972.9
64,64,A,Millvale,MILLVALE via East End,4,2e7f6343-0902-4009-88a1-323bdc2e2aa9,5605.6
64,64,A,Millvale,MILLVALE via East End,5,434024e7-22b5-4b9e-99a7-f5e4f4e91122,17761.1
64,64,A,Millvale,MILLVALE via East End,6,e22cee76-0c78-4cf0-9964-5f7604a9b032,8258.3
64,64,A,Millvale,MILLVALE via East End,7,662619d3-4282-4c36-9047-cd951fc855b1,5811.9
64,64,A,Millvale,MILLVALE via East End,8,8bca983f-58e6-4579-b99d-1a73fe240867,4594.1
64,64,A,Millvale,MILLVALE via East End,9,1d7d850a-79cb-4288-a795-13a374c71351,7784.1
64,64,A,Millvale,MILLVALE via East End,10,15c1524f-fcb9-486e-bcf5-cd083c8e2d48,1158.3
64,64,A,Millvale,MILLVALE via East End,11,c4672a11-9d4f-43f7-8821-a369fd5f4d85,7396.1
64,64,A,Millvale,MILLVALE via East End,12,f2c71624-a527-4f9f-8110-847cfd6360f8,9083.8
64,64,A,Millvale,MILLVALE via East End,13,8dfca991-45ab-4de2-a762-fb71350364fb,5997.5
64,64,A,Millvale,MILLVALE via East End,14,6d39ab70-21f0-45cb-a3d0-93de7fc2eb7e,12018.4
64,64,A,Millvale,MILLVALE via East End,15,5723ac7c-92f6-475d-a379-ae9caed7b6b3,13711.0
64,64,A,Millvale,MILLVALE via East End,16,aacbbd3b-3f48-49d9-b467-629957622dfc,10252.2
64,64,A,Millvale,MILLVALE via East End,17,7689994b-6582-4bfa-8cfd-0f33f57a39d5,16798.6
64,64,A,Millvale,MILLVALE via East End,18,4482fdb9-da95-417b-8acd-49f6bc1bea65,13327.9
64,64,A,Millvale,MILLVALE via East End,19,6a012d0d-7614-46a3-b78e-57fc12ed9108,8148.7
64,64,A,Millvale,MILLVALE via East End,20,7176264b-bc3c-4058-8524-d527ab10deb7,16512.8
64,64,A,Millvale,MILLVALE via East End,21,bc0587db-629b-4836-852d-607b6dc4db91,1470.2
64,64,A,Millvale,MILLVALE via East End,22,0769dbad-5436-4a93-9f30-9d413c242c2d,7225.0
64,64,A,Millvale,MILLVALE via East End,23,974f1af9-f185-441a-b75c-d98ef60ceaef,793.6
64,64,A,Millvale,MILLVALE via East End,24,11bbadb3-1943-441b-8cd5-e3ac70de8182,16411.9
64,64,A,Millvale,MILLVALE via East End,25,edec46a9-cff7-4cc0-a198-badd006b3eac,13027.3
64,64,A,Millvale,MILLVALE via East End,26,4f04da4d-b414-4582-ade1-a6a7fbdc49bc,12573.6
64,64,A,Millvale,MILLVALE via East End,27,41e61a94-e425-4f7b-af83-a4ff1f982b8c,17557.6
64,64,A,Millvale,MILLVALE via East End,28,bba02be1-b1c1-4cf9-8ee4-56b00a2e2d41,10644.5
64,64,A,Millvale,MILLVALE via East End,29,271f6fdf-42cc-412e-af94-3199b0c5da0c,11453.3
64,64,A,Millvale,MILLVALE via East End,30,ce3b01ba-57c3-42bd-8b31-94bfd6d8de92,8591.0
64,64,A,Millvale,MILLVALE via East End,31,813be301-44b5-4924-92cd-072cd0b48c5e,5287.7
64,64,A,Millvale,MILLVALE via East End,32,cb460fd6-d843-461f-ab3b-073faf517d88,6519.1
64,64,A,Millvale,MILLVALE via East End,33,9934e883-f5d0-4882-97aa-5157590246d5,18367.4
64,64,A,Millvale,MILLVALE via East End,34,bd5cf47b-8b00-4801-a7ff-6f418abe52db,7048.2
64,64,A,Millvale,MILLVALE via East End,35,23180696-08ba-46b3-80ef-4e73137b3918,6782.6
64,64,A,Millvale,MILLVALE via East End,36,c1a8a91d-9674-4033-bb0b-e08228488280,14348.8
64,64,A,Millvale,MILLVALE via East End,37,f599a17c-8f45-4079-8c70-248f7495f0b9,12416.1
64,64,A,Millvale,MILLVALE via East End,38,a04e570e-7f9f-491f-b2e5-0ef0e8344197,6932.5
64,64,A,Millvale,MILLVALE via East End,39,6b7213d9-30c4-4cec-9b92-0660f70d550e,16644.2
64,64,A,Millvale,MILLVALE via East End,40,0b2ae001-8206-41f1-983f-e9bacc43531c,14889.7
64,64,A,Millvale,MILLVALE via East End,41,08ecd80b-1c1f-40fa-aa20-916b581e5ea7,9621.6
64,64,A,Millvale,MILLVALE via East End,42,dfa6c715-7ecd-405e-9662-8d7553d61056,12139.1
64,64,A,Millvale,MILLVALE via East End,43,9d9e779c-f9bb-4265-83e9-e74756b9bdac,18111.7
64,64,A,Millvale,MILLVALE via East End,44,bbac8c88-922f-4533-bcb9-a2aca64f57da,11009.3
64,64,A,Millvale,MILLVALE via East End,45,62780e49-733d-41e8-915b-6e4963f1573b,11638.9
64,64,A,Millvale,MILLVALE via East End,46,57b81681-5dea-4cc8-af7b-d66e371423e0,17302.4
64,64,A,Millvale,MILLVALE via East End,47,6c98957d-d93b-424d-84ee-7f5daff11dc4,4390.5
64,64,A,Millvale,MILLVALE via East End,48,bb533a74-63d2-4cc4-a965-19712294f003,2221.9
64,64,A,Millvale,MILLVALE via East End,49,6372983a-1205-4994-a6ab-e20a6508ac7c,5455.5
64,64,A,Millvale,MILLVALE via East End,50,2247a235-1d51-42ca-a734-6a3efbbb6ba7,6193.3
64,64,A,Millvale,MILLVALE via East End,51,2528780a-f107-487e-9f0b-3ed16d4bcc10,13448.1
64,64,A,Millvale,MILLVALE via East End,52,196825f8-0611-4315-81de-4bcfa46f99cf,1788.8
64,64,A,Millvale,MILLVALE via East End,53,b0a05fa8-a0df-405f-b694-30dddb1c7391,7979.4
64,64,A,Millvale,MILLVALE via East End,54,6f5d0365-bcd9-4aec-a068-d1b00fc0752b,11219.9
64,64,A,Millvale,MILLVALE via East End,55,b8b9cb8b-da32-442c-97ce-f1c7d698c90c,16946.8
64,64,A,Millvale,MILLVALE via East End,56,decf1b97-9ea2-485e-aaf9-dcb9a0271f57,6298.9
64,64,A,Millvale,MILLVALE via East End,57,1202dc10-2f55-4154-8bbb-860b89aa8212,2976.4
64,64,A,Millvale,MILLVALE via East End,58,0de595ac-1cd0-42f2-b486-1d1d51950242,17996.1
64,64,A,Millvale,MILLVALE via East End,59,713ae471-0599-4024-92e2-4bb22e1b09ce,18867.8
64,64,A,Millvale,MILLVALE via East End,60,7db69436-6469-4de3-b81a-52e5d6e7122c,17047.2
64,64,A,Millvale,MILLVALE via East End,61,ea7084e2-8cbc-4a4e-8fb0-cfc8be6a8fef,13137.9
64,64,A,Millvale,MILLVALE via East End,62,c5fe76de-e60c-4717-ae54-56e714aebe78,0
64,64,A,Millvale,MILLVALE via East End,63,82cba6cf-dba3-4b2f-bb67-a7601095c96a,12690.6
64,64,A,Millvale,MILLVALE via East End,64,fc06b63b-f8ca-47c7-8e40-31bb76ffa84e,9890.4
64,64,A,Millvale,MILLVALE via East End,65,90cb6001-f598-4ab1-911f-f69b4b4cb99c,9331.2
64,64,A,Millvale,MILLVALE via East End,66,b0feddae-bfd4-47ec-9d1e-fac0c265d0d7,2478.5
64,64,A,Millvale,MILLVALE via East End,67,d8a67407-6ba5-4e1e-aa8d-f673c2c2a903,8383.8
64,64,A,Millvale,MILLVALE via East End,68,a47fea6f-2cdf-49e2-a082-d22baa5cce79,14742.1
64,64,A,Homestead,HOMESTEAD via East End,1,c455d2ae-23ff-4626-901b-5fd4f0887c6b,2169.4
64,64,A,Homestead,HOMESTEAD via East End,2,7d94c159-f4fb-4236-934e-1379a7cffc3f,2351.6
64,64,A,Homestead,HOMESTEAD via East End,3,26152248-3aeb-4770-a969-2ba8be243b94,8102.1
64,64,A,Homestead,HOMESTEAD via East End,4,cad734f0-94fc-4f43-a86b-7b12624ba43b,10564.4
64,64,A,Homestead,HOMESTEAD via East End,5,872ba40c-1b29-498d-b3bd-411d997278c0,10338.9
64,64,A,Homestead,HOMESTEAD via East End,6,d271252e-c00b-4f3c-bd34-e776da6e27d2,2450.1
64,64,A,Homestead,HOMESTEAD via East End,7,9981da88-520c-4727-bc48-2197e79adf19,13136.5
64,64,A,Homestead,HOMESTEAD via East End,8,5becd88f-d16c-4613-aab6-f1490b0ef8a9,3960.3
64,64,A,Homestead,HOMESTEAD via East End,9,e823c2a6-e509-4ce0-a788-cb4cdbfb0f7e,5264.5
64,64,A,Homestead,HOMESTEAD via East End,10,a4ee3434-2968-4d6b-bf2f-e9dc9be11cba,6337.7
64,64,A,Homestead,HOMESTEAD via East End,11,713ae471-0599-4024-92e2-4bb22e1b09ce,0
64,64,A,Homestead,HOMESTEAD via East End,12,a6e91679-79d0-4bdf-b8cd-69f9bcefb999,11543.9
64,64,A,Homestead,HOMESTEAD via East End,13,c9bd19c0-7a7d-45f4-943f-7327725eaa18,1838.6
64,64,A,Homestead,HOMESTEAD via East End,14,3d888fb0-e24f-4bb8-aa72-6897164e49a5,5332.9
64,64,A,Homestead,HOMESTEAD via East End,15,82a93fb8-453f-4f01-b2c9-df7025fc8a0f,1495.9
64,64,A,Homestead,HOMESTEAD via East End,16,84eeb7eb-606a-4aed-9525-9fe9e50dcd98,13275.9
64,64,A,Homestead,HOMESTEAD via East End,17,79f86db2-c713-47b5-81ab-bb89e53e4259,6750.6
64,64,A,Homestead,HOMESTEAD via East End,18,bb533a74-63d2-4cc4-a965-19712294f003,16564.3
64,64,A,Homestead,HOMESTEAD via East End,19,196825f8-0611-4315-81de-4bcfa46f99cf,16131.5
64,64,A,Homestead,HOMESTEAD via East End,20,e18a916e-7502-4b45-b0c7-b81f4e796011,5070.1
64,64,A,Homestead,HOMESTEAD via East End,21,e3a16f81-caad-4ce1-83cf-e71c813faae6,7721.4
64,64,A,Homestead,HOMESTEAD via East End,22,b0feddae-bfd4-47ec-9d1e-fac0c265d0d7,16821.1
64,64,A,Homestead,HOMESTEAD via East End,23,c12b39f9-f34f-4384-945f-cf3afb45702f,8513.8
64,64,A,Homestead,HOMESTEAD via East End,24,7a3e49c5-26c4-459e-9e1e-300bd6c16516,6460.3
64,64,A,Homestead,HOMESTEAD via East End,25,b62cd6ac-b483-4ec5-a4c0-a41b5808666d,7138.7
64,64,A,Homestead,HOMESTEAD via East End,26,08a1ccfa-7970-4690-9824-704fa448acbd,5489.9
64,64,A,Homestead,HOMESTEAD via East End,27,f9f6ab4b-f88a-4c30-b043-26b27ac5c3c9,11427.9
64,64,A,Homestead,HOMESTEAD via East End,28,94326818-6efa-47a7-a0a0-c336710ac05f,14382.9
64,64,A,Homestead,HOMESTEAD via East End,29,c5fe76de-e60c-4717-ae54-56e714aebe78,18106.3
64,64,A,Homestead,HOMESTEAD via East End,30,4c092412-15fc-415e-b920-4b8d18734155,9672.6
64,64,A,Homestead,HOMESTEAD via East End,31,12bad332-071c-48fc-8edb-a02fb458a66d,10791.5
64,64,A,Homestead,HOMESTEAD via East End,32,cba607b3-b269-4b9d-a63d-981e051c853a,10140.2
64,64,A,Homestead,HOMESTEAD via East End,33,37881c7f-34df-4935-b2f3-3e702eb28abf,11001.8
64,64,A,Homestead,HOMESTEAD via East End,34,4df667a0-b1e6-4fb0-b25a-4620595b00cf,9893.6
64,64,A,Homestead,HOMESTEAD via East End,35,b5dc8675-f1b8-4019-86f8-a42a524fd4d9,11799.1
64,64,A,Homestead,HOMESTEAD via East End,36,373172b7-29fc-4d43-b764-e8d8251d6cbb,14110.8
64,64,A,Homestead,HOMESTEAD via East End,37,72a492ab-0373-4a51-92ad-0e37809ce290,12210.8
64,64,A,Homestead,HOMESTEAD via East End,38,0a85fedb-eb00-4a6b-aff1-0587656427b4,7511.3
64,64,A,Homestead,HOMESTEAD via East End,39,c75e00bf-b778-41de-b281-5dec9c05372e,12781.8
64,64,A,Homestead,HOMESTEAD via East End,40,e04fb722-6526-48cb-adf6-8ed7e05140c4,7338.0
64,64,A,Homestead,HOMESTEAD via East End,41,62aab728-3249-40f0-b377-c32bc4a26b29,8845.6
64,64,A,Homestead,HOMESTEAD via East End,42,9fc51285-67bb-4623-8924-f4974c91a3d5,6572.9
64,64,A,Homestead,HOMESTEAD via East End,43,118cbe4b-5c46-4a14-9ee2-c9ccb0031da2,12498.3
64,64,A,Homestead,HOMESTEAD via East End,44,4746adc7-0ed6-4fe1-9528-78692325e7b5,2032.3
64,64,A,Homestead,HOMESTEAD via East End,45,9b99b1f3-86c9-46e7-9cd6-28222b42d838,9112.3
64,64,A,Homestead,HOMESTEAD via East End,46,895160f3-1525-46df-a7c4-5860e0131e8c,691.6
64,64,A,Homestead,HOMESTEAD via East End,47,7b75526b-0ad7-40aa-9d7d-2c7566e3d051,13521.3
64,64,A,Homestead,HOMESTEAD via East End,48,06a07258-8ed9-4729-8288-d6e0058b9456,11680.1
64,64,A,Homestead,HOMESTEAD via East End,49,933d9b67-51ae-407d-9a0a-77ce8c19bed7,9367.6
64,64,A,Homestead,HOMESTEAD via East End,50,4ba79f05-c2c1-4e55-b39c-f82cd4158f92,4091.8
64,64,A,Homestead,HOMESTEAD via East End,51,08522608-2d9c-4662-8aab-6b5eaac83f9d,10462.3
64,64,A,Homestead,HOMESTEAD via East End,52,0bfdb0c9-ccda-4d82-9687-afb8c987284f,4832.1
64,64,A,Homestead,HOMESTEAD via East End,53,cc3c2525-54fd-429d-a7eb-39b5582eac52,11948.2
64,64,A,Homestead,HOMESTEAD via East End,54,8c23ba4a-ecd7-413f-98ff-f02ff16e97f8,832.1
64,64,A,Homestead,HOMESTEAD via East End,55,b90c2d9d-2ebd-4f5c-8638-17cab3b98a12,5635.8
64,64,A,Homestead,HOMESTEAD via East End,56,220e5256-c36e-4856-8e32-906585159af0,1247.3
64,64,A,Homestead,HOMESTEAD via East End,57,f27c9f19-7c59-49ef-a9b9-7e33cda7f280,4680.8
64,64,A,Homestead,HOMESTEAD via East End,58,927b5857-9d69-421b-8c0d-b6d138617228,12934.3
64,64,A,Homestead,HOMESTEAD via East End,59,a582bcf0-4677-49b5-bc22-8f135972a1a8,6041.2
64,64,A,Homestead,HOMESTEAD via East End,60,45e6fefc-6e3f-4241-a360-7a83138edd39,1061.2
64,64,A,Homestead,HOMESTEAD via East End,61,25506efa-77e9-4ee4-b64f-bfe325a857e0,455.1
64,64,A,Homestead,HOMESTEAD via East End,62,66b45e33-4429-40a7-9f5a-add8c31c2200,12618.2
64,64,A,Homestead,HOMESTEAD via East End,63,4c691f3c-21ee-402c-b380-f25d344bd25e,5172.8
64,64,A,Homestead,HOMESTEAD via East End,64,dd0e8487-c3a8-4736-9f46-af0a764b4137,6148.9
64,64,A,Homestead,HOMESTEAD via East End,65,a2e477cc-b790-4c28-83a5-63cbc30a1f4a,4402.4
88,88,A,Downtown,DOWNTOWN via Penn Av,1,5f5e3c4f-d990-42ba-a3c0-ca127e6c31e0,4522.2
88,88,A,Downtown,DOWNTOWN via Penn Av,2,289b69f1-8274-4d42-a446-113df0bd9026,10199.1
88,88,A,Downtown,DOWNTOWN via Penn Av,3,0d8364ce-ffbe-4e43-a629-e7f863e3509f,3873.7
88,88,A,Downtown,DOWNTOWN via Penn Av,4,911bd3d7-c37d-4511-b16c-517bb2801b36,1506.6
88,88,A,Downtown,DOWNTOWN via Penn Av,5,c2268d4c-02a3-4f0b-ba17-8a2c728c7e16,1363.5
88,88,A,Downtown,DOWNTOWN via Penn Av,6,bdd43032-5379-467a-ad04-8afae2292121,7203.1
88,88,A,Downtown,DOWNTOWN via Penn Av,7,8967460b-2ad2-45c1-9a72-f348813ca51c,7059.8
88,88,A,Downtown,DOWNTOWN via Penn Av,8,5455f407-07af-40f6-a9ae-6940084217a7,11226.9
88,88,A,Downtown,DOWNTOWN via Penn Av,9,767d6aea-cecf-4660-a03d-b1b7a0acbdd1,2533.4
88,88,A,Downtown,DOWNTOWN via Penn Av,10,f47ffba6-6955-40b4-bcaf-5cf97d8e27a9,5994.9
88,88,A,Downtown,DOWNTOWN via Penn Av,11,317d7333-e57a-4d78-94dd-e70f916e7cb2,5777.6
88,88,A,Downtown,DOWNTOWN via Penn Av,12,164c44fb-1a1a-473f-83b0-4ff7efd79dc9,2295.9
88,88,A,Downtown,DOWNTOWN via Penn Av,13,31946562-6f57-4d02-9bc2-062fc3035b7a,9258.9
88,88,A,Downtown,DOWNTOWN via Penn Av,14,434f2ef2-41e2-4bde-a58a-2e70a9162374,1239.4
88,88,A,Downtown,DOWNTOWN via Penn Av,15,f0805158-ca52-4f61-8b90-0e56efc3697d,3161.7
88,88,A,Downtown,DOWNTOWN via Penn Av,16,fbc70d01-5ed1-4ae5-88d3-ec8a3d4566e8,5587.9
88,88,A,Downtown,DOWNTOWN via Penn Av,17,7db61f38-b12e-4753-b38d-9883c9a62b46,2070.3
88,88,A,Downtown,DOWNTOWN via Penn Av,18,b3636a2f-a0bf-42eb-9480-0b592fda0e7d,8588.4
88,88,A,Downtown,DOWNTOWN via Penn Av,19,31ffa5f4-90da-45b4-bfb2-eac457136f44,7646.8
88,88,A,Downtown,DOWNTOWN via Penn Av,20,7bd1f0a1-3122-419d-b212-9942d136c320,0.0
88,88,A,Downtown,DOWNTOWN via Penn Av,21,3211d6dc-0f36-46b4-93c2-4b88ac88d100,2719.0
88,88,A,Downtown,DOWNTOWN via Penn Av,22,47ff4298-7b84-4a69-a924-c76c52955537,11918.9
88,88,A,Downtown,DOWNTOWN via Penn Av,23,423b08f3-0935-44cc-a5f8-d56507ca322b,10533.0
88,88,A,Downtown,DOWNTOWN via Penn Av,24,eabbfe6c-511b-4313-b578-4719a7f94d9e,7964.7
88,88,A,Downtown,DOWNTOWN via Penn Av,25,f8c301fd-cfd3-40ad-8f5d-b25e202a61d9,9828.0
88,88,A,Downtown,DOWNTOWN via Penn Av,26,fbd2dba8-ac64-423c-94f0-46ec8e828b19,3505.5
88,88,A,Downtown,DOWNTOWN via Penn Av,27,f76af573-ca2e-4782-b655-e6d5a84dd2ce,4804.2
88,88,A,Downtown,DOWNTOWN via Penn Av,28,766218cd-e875-489b-923a-d561d90b2096,10947.3
88,88,A,Downtown,DOWNTOWN via Penn Av,29,491ef73d-f0f1-40f9-91d3-87a462f2074d,12393.0
88,88,A,Downtown,DOWNTOWN via Penn Av,30,027a2d07-dee9-4671-b63d-7282b8a88e10,11563.0
88,88,A,Downtown,DOWNTOWN via Penn Av,31,1739ff68-d800-4c4e-8f3f-1fb3cb027c95,649.3
88,88,A,Downtown,DOWNTOWN via Penn Av,32,254e9c1c-1f8a-4f5a-9970-14791894f047,972.0
88,88,A,Downtown,DOWNTOWN via Penn Av,33,4eadb2fe-a6a8-4015-9a9a-98837e9d8fb8,12096.7
88,88,A,Downtown,DOWNTOWN via Penn Av,34,5c3e99d4-777c-4a1f-9689-4cdb9fdaff4a,4118.9
88,88,A,Downtown,DOWNTOWN via Penn Av,35,ad4c4e21-7dde-44ae-9870-40829b33e6df,6583.6
88,88,A,Downtown,DOWNTOWN via Penn Av,36,1dc20b79-4c71-4dca-ae44-26d35c17f605,1941.8
88,88,A,Downtown,DOWNTOWN via Penn Av,37,7e68c358-1aef-49a0-8063-63349c5658ae,1793.4
88,88,A,Downtown,DOWNTOWN via Penn Av,38,57fa0879-457d-41b8-8e5b-a3e0a791cd76,2932.4
88,88,A,Downtown,DOWNTOWN via Penn Av,39,7f4ea57b-fe6d-4154-ad15-eb6a963711e2,8280.4
88,88,A,Downtown,DOWNTOWN via Penn Av,40,9fc4ad3c-1399-4250-9247-b1da0039cd4a,6922.1
88,88,A,Downtown,DOWNTOWN via Penn Av,41,c7164ece-d179-4bf4-978e-433ae7522e96,5245.3
88,88,A,Downtown,DOWNTOWN via Penn Av,42,15bf01f9-507c-45d7-a7e0-dd48e4a5064a,6142.1
88,88,A,Downtown,DOWNTOWN via Penn Av,43,c1c0866d-03e5-4e02-b0d3-9933bfd6e4bd,9638.1
88,88,A,Downtown,DOWNTOWN via Penn Av,44,e789a3f4-8802-4a08-912d-f8db40d8852b,6454.3
88,88,A,Downtown,DOWNTOWN via Penn Av,45,c1a8a91d-9674-4033-bb0b-e08228488280,7435.7
88,88,A,Downtown,DOWNTOWN via Penn Av,46,7697dd9e-04da-40a1-a62f-b62919671832,8932.3
88,88,A,Downtown,DOWNTOWN via Penn Av,47,cbefd82a-07a3-4d99-b958-f95151838539,465.2
88,88,A,Downtown,DOWNTOWN via Penn Av,48,7c982be2-4006-4bf9-a916-7053e87910af,6348.5
88,88,A,Downtown,DOWNTOWN via Penn Av,49,c157de75-b511-424c-aefc-45f7b2e44e96,5046.1
88,88,A,Downtown,DOWNTOWN via Penn Av,50,b5e100ff-945d-40b4-8a39-7a30c231fa9f,8759.7
88,88,A,Wilkinsburg,EAST LIBERTY via Penn Av,1,04d79485-f2be-4710-9c4f-c3218531a39b,5878.9
88,88,A,Wilkinsburg,EAST LIBERTY via Penn Av,2,3970f2d4-3db5-4098-932d-de7f7b476f98,6978.2
88,88,A,Wilkinsburg,EAST LIBERTY via Penn Av,3,e78250d1-d469-48de-b6e0-3736e96b9c37,7502.4
88,88,A,Wilkinsburg,EAST LIBERTY via Penn Av,4,18cf45ba-679c-4a74-a772-113c1f64352c,10294.8
88,88,A,Wilkinsburg,EAST LIBERTY via Penn Av,5,e589c8a7-a8b5-472c-a888-d12e0fa41f6f,6081.9
88,88,A,Wilkinsburg,EAST LIBERTY via Penn Av,6,ae5431af-f369-4193-9546-d0824d0d2fcd,7687.7
88,88,A,Wilkinsburg,EAST LIBERTY via Penn Av,7,85e9c1ed-03e6-4df1-9df5-48465b63144a,6229.3
88,88,A,Wilkinsburg,EAST LIBERTY via Penn Av,8,11ab03b7-cc8b-4368-a7f4-df7a7edb02e6,9706.6
88,88,A,Wilkinsburg,EAST LIBERTY via Penn Av,9,4e7464f1-d464-4df9-accb-f25524e0ae4e,11081.5
88,88,A,Wilkinsburg,EAST LIBERTY via Penn Av,10,a623a477-c875-4333-bfdc-53898ffbe82b,5774.0
88,88,A,Wilkinsburg,EAST LIBERTY via Penn Av,11,f27c9f19-7c59-49ef-a9b9-7e33cda7f280,5007.2
88,88,A,Wilkinsburg,EAST LIBERTY via Penn Av,12,0c46d815-7a44-4635-9675-60daf777e348,6619.1
88,88,A,Wilkinsburg,EAST LIBERTY via Penn Av,13,75f8f73b-3603-4a44-979e-d3e7cd7a24a0,911.5
88,88,A,Wilkinsburg,EAST LIBERTY via Penn Av,14,65b10adf-0612-4b82-956f-d24c78ae89b1,9907.7
88,88,A,Wilkinsburg,EAST LIBERTY via Penn Av,15,e0862dd8-4fbd-4c31-9b17-aea8f6255814,3083.7
88,88,A,Wilkinsburg,EAST LIBERTY via Penn Av,16,f64c5aa6-3271-4bc0-9312-03e122f544dc,12125.0
88,88,A,Wilkinsburg,EAST LIBERTY via Penn Av,17,491ef73d-f0f1-40f9-91d3-87a462f2074d,2.9
88,88,A,Wilkinsburg,EAST LIBERTY via Penn Av,18,45ac8494-0156-4b9a-b73a-eb5676a1559e,10814.3
88,88,A,Wilkinsburg,EAST LIBERTY via Penn Av,19,197c847f-5e8b-4998-b307-4a31a5feaa73,8693.7
88,88,A,Wilkinsburg,EAST LIBERTY via Penn Av,20,e0392b34-4872-4689-b180-0dbe6c1e6c28,6444.1
88,88,A,Wilkinsburg,EAST LIBERTY via Penn Av,21,cb03d811-19f7-4e94-b9c2-ef8a7df7546a,3579.0
88,88,A,Wilkinsburg,EAST LIBERTY via Penn Av,22,dece1cb3-8100-478a-b5ac-e52006b10959,8328.0
88,88,A,Wilkinsburg,EAST LIBERTY via Penn Av,23,1d1152b1-7119-4919-b945-aeceabc08228,8020.0
88,88,A,Wilkinsburg,EAST LIBERTY via Penn Av,24,ca9d1d05-722a-4f92-84e5-73e6868c16e0,9274.0
88,88,A,Wilkinsburg,EAST LIBERTY via Penn Av,25,68e9b48b-1704-4d93-a584-1a264a0915bd,7318.1
88,88,A,Wilkinsburg,EAST LIBERTY via Penn Av,26,13d2a987-bfab-4a72-92d9-bf8dd286a060,383.0
88,88,A,Wilkinsburg,EAST LIBERTY via Penn Av,27,5f2f0252-5b3a-4130-a32e-8c2bd13c3e0c,2078.8
88,88,A,Wilkinsburg,EAST LIBERTY via Penn Av,28,63987eaa-c1e2-42a7-a122-2ce0a0822aab,2547.0
88,88,A,Wilkinsburg,EAST LIBERTY via Penn Av,29,6a1dd649-b79d-4b5e-b96e-b1e849fb2aae,10698.4
88,88,A,Wilkinsburg,EAST LIBERTY via Penn Av,30,246541e2-8c88-44f7-aa3b-cfdb4d0c52d8,9497.5
88,88,A,Wilkinsburg,EAST LIBERTY via Penn Av,31,6455c08b-b3f2-4f91-b794-02e6c8be6c19,8180.1
88,88,A,Wilkinsburg,EAST LIBERTY via Penn Av,32,88d1767e-7ba1-4c69-b51e-2abb33d1dee6,626.3
88,88,A,Wilkinsburg,EAST LIBERTY via Penn Av,33,cd793df6-29f1-4c1d-8a31-ad774d103864,3350.0
88,88,A,Wilkinsburg,EAST LIBERTY via Penn Av,34,b869bc99-7378-4ee7-a46e-e907245bf8a6,4264.6
88,88,A,Wilkinsburg,EAST LIBERTY via Penn Av,35,ea83a645-3808-4dff-aa2a-6c2617e9a37a,191.1
88,88,A,Wilkinsburg,EAST LIBERTY via Penn Av,36,c7d36a1d-3fb1-4100-a870-441dc68e9cd5,5635.9
88,88,A,Wilkinsburg,EAST LIBERTY via Penn Av,37,69311d8d-9cf0-4a53-8035-079ac8982149,10461.3
88,88,A,Wilkinsburg,EAST LIBERTY via Penn Av,38,4e11cfef-467f-40e3-939d-100609374e29,3906.9
88,88,A,Wilkinsburg,EAST LIBERTY via Penn Av,39,f8f43989-1993-4bfc-bff6-37ba631d8333,4590.0
88,88,A,Wilkinsburg,EAST LIBERTY via Penn Av,40,929edd2b-8877-4c5e-970d-0f93d15bfba1,11756.1
88,88,A,Wilkinsburg,EAST LIBERTY via Penn Av,41,7a133157-d760-4f46-8de8-af88977bd4a3,1280.7
88,88,A,Wilkinsburg,EAST LIBERTY via Penn Av,42,43cfbeb7-c900-442d-9219-6dbcf207275e,7140.4
88,88,A,Wilkinsburg,EAST LIBERTY via Penn Av,43,0d260c57-14a0-481c-a6fa-6986a04fb7b4,1704.8
88,88,A,Wilkinsburg,EAST LIBERTY via Penn Av,44,0bfdb0c9-ccda-4d82-9687-afb8c987284f,5158.5
88,88,A,Wilkinsburg,EAST LIBERTY via Penn Av,45,5f6d5cd5-b99b-4eb9-9083-90b1cd1e9add,10134.5
88,88,A,Wilkinsburg,EAST LIBERTY via Penn Av,46,c169904b-91da-4ead-9205-f65dca27a5dc,2723.2
88,88,A,Wilkinsburg,EAST LIBERTY via Penn Av,47,39fbec37-1ec3-44f8-beff-f8430528b974,11216.1
88,88,A,Wilkinsburg,EAST LIBERTY via Penn Av,48,f2c0363d-1569-4b7f-85bb-bb06cebe081b,5275.9
88,88,A,Wilkinsburg,EAST LIBERTY via Penn Av,49,71343ff4-73b8-4b7d-8dfc-8877c6488f1b,4777.1
56,56,A,Downtown,"DOWNTOWN via Lincoln Place, Hazelwood",1,433d99e1-8f93-4c9c-b5c0-378f4eb7fb8e,21180.3
56,56,A,Downtown,"DOWNTOWN via Lincoln Place, Hazelwood",2,cec8baaf-f4d9-4af9-95c6-ef4c6afe8fb0,12545.3
56,56,A,Downtown,"DOWNTOWN via Lincoln Place, Hazelwood",3,3618c4a6-b6fc-4f07-8e19-36fc3fc616f7,8441.5
56,56,A,Downtown,"DOWNTOWN via Lincoln Place, Hazelwood",4,2b6e25e8-0510-4265-8a04-1f01d82bd2ff,11622.1
56,56,A,Downtown,"DOWNTOWN via Lincoln Place, Hazelwood",5,9dd340b0-949b-4eb7-a3a4-4093db6c48be,7468.9
56,56,A,Downtown,"DOWNTOWN via Lincoln Place, Hazelwood",6,13d2a987-bfab-4a72-92d9-bf8dd286a060,25086.8
56,56,A,Downtown,"DOWNTOWN via Lincoln Place, Hazelwood",7,384792b6-7c4f-4766-a0ac-1cd773c72370,9836.2
56,56,A,Downtown,"DOWNTOWN via Lincoln Place, Hazelwood",8,c3885a6d-d48c-490e-95fb-bd58b3545082,24666.5
56,56,A,Downtown,"DOWNTOWN via Lincoln Place, Hazelwood",9,68b80c94-8cdb-4158-8df1-90fea3fcdf51,12171.8
56,56,A,Downtown,"DOWNTOWN via Lincoln Place, Hazelwood",10,bad6f21f-6a35-45b8-ac42-74934e5f7447,16576.8
56,56,A,Downtown,"DOWNTOWN via Lincoln Place, Hazelwood",11,e4bb08b7-b61c-42d2-a2db-a9843968633b,24455.8
56,56,A,Downtown,"DOWNTOWN via Lincoln Place, Hazelwood",12,b09ccb55-7f38-4c63-9a94-6055c5bdde48,16848.7
56,56,A,Downtown,"DOWNTOWN via Lincoln Place, Hazelwood",13,e401b759-5067-47ee-8e80-77409944fa09,10557.0
56,56,A,Downtown,"DOWNTOWN via Lincoln Place, Hazelwood",14,2dfa7f53-e286-4a36-9ec0-1c4f917ed699,5275.6
56,56,A,Downtown,"DOWNTOWN via Lincoln Place, Hazelwood",15,88ad27ae-173f-40e7-95ed-1b6e484b16e9,5188.3
56,56,A,Downtown,"DOWNTOWN via Lincoln Place, Hazelwood",16,a8f9a264-3a2c-4a2c-bfdc-fac1c183b5a7,14814.2
56,56,A,Downtown,"DOWNTOWN via Lincoln Place, Hazelwood",17,2f9aa2ea-76fb-436f-be7d-c605fc8d09b1,17113.2
56,56,A,Downtown,"DOWNTOWN via Lincoln Place, Hazelwood",18,73026cca-9d68-4bb5-85cb-057f1d6cfadf,4445.3
56,56,A,Downtown,"DOWNTOWN via Lincoln Place, Hazelwood",19,c481c4ad-e279-4339-abd0-629b60eb89a3,12356.9
56,56,A,Downtown,"DOWNTOWN via Lincoln Place, Hazelwood",20,884f7c46-cb2d-4a06-be1a-870dc4759b26,19684.5
56,56,A,Downtown,"DOWNTOWN via Lincoln Place, Hazelwood",21,ecf41cfa-9b1a-4513-b71c-a3dcc04bd93a,4685.3
56,56,A,Downtown,"DOWNTOWN via Lincoln Place, Hazelwood",22,b00e3457-c49e-4855-9a81-145b770f76c3,2474.8
56,56,A,Downtown,"DOWNTOWN via Lincoln Place, Hazelwood",23,6c4af514-267f-4792-8082-0ee3024dff3d,11332.3
56,56,A,Downtown,"DOWNTOWN via Lincoln Place, Hazelwood",24,2011b29d-a34f-4ca4-804c-6bb908fede38,10260.9
56,56,A,Downtown,"DOWNTOWN via Lincoln Place, Hazelwood",25,2973da0a-e109-4d3b-9462-86a32ae44150,18540.5
56,56,A,Downtown,"DOWNTOWN via Lincoln Place, Hazelwood",26,db91f2e8-72ee-44ec-8746-2948b3051baa,1635.7
56,56,A,Downtown,"DOWNTOWN via Lincoln Place, Hazelwood",27,8f2ac30f-021f-4a31-8ff3-5918534ff993,14019.6
56,56,A,Downtown,"DOWNTOWN via Lincoln Place, Hazelwood",28,4e917ce5-ced9-4bd3-8c13-9863ea07e018,24259.3
56,56,A,Downtown,"DOWNTOWN via Lincoln Place, Hazelwood",29,56b2ccab-a0ad-43ec-983b-a8f238143251,10037.7
56,56,A,Downtown,"DOWNTOWN via Lincoln Place, Hazelwood",30,ea83a645-3808-4dff-aa2a-6c2617e9a37a,24894.9
56,56,A,Downtown,"DOWNTOWN via Lincoln Place, Hazelwood",31,bbe449d8-df6b-4ef1-a79a-6d91a038204f,5615.2
56,56,A,Downtown,"DOWNTOWN via Lincoln Place, Hazelwood",32,e0516971-63d6-4529-b207-1d76716d7f6c,17573.6
56,56,A,Downtown,"DOWNTOWN via Lincoln Place, Hazelwood",33,2f469ee1-542a-42ca-ad54-9a7585da3d35,18023.0
56,56,A,Downtown,"DOWNTOWN via Lincoln Place, Hazelwood",34,daaec7d0-a430-473e-a06e-bef64b1c6c4c,17826.8
56,56,A,Downtown,"DOWNTOWN via Lincoln Place, Hazelwood",35,1cdcd074-f961-4579-8962-53b9e51a05db,3337.4
56,56,A,Downtown,"DOWNTOWN via Lincoln Place, Hazelwood",36,88d1767e-7ba1-4c69-b51e-2abb33d1dee6,25330.0
56,56,A,Downtown,"DOWNTOWN via Lincoln Place, Hazelwood",37,30210db6-4c78-4367-a930-cde764ad14f4,18196.7
56,56,A,Downtown,"DOWNTOWN via Lincoln Place, Hazelwood",38,1ead061e-1476-44cc-889c-e786e7f89adb,17494.8
56,56,A,Downtown,"DOWNTOWN via Lincoln Place, Hazelwood",39,b46fe53d-7ad1-440f-878d-93c47dba5d78,8979.2
56,56,A,Downtown,"DOWNTOWN via Lincoln Place, Hazelwood",40,129a941e-9867-42b8-b4f7-f228c735fdd1,3093.6
56,56,A,Downtown,"DOWNTOWN via Lincoln Place, Hazelwood",41,4edf91df-1683-40f4-8bbc-16f7968a26c7,3819.6
56,56,A,Downtown,"DOWNTOWN via Lincoln Place, Hazelwood",42,cfe79ccb-f62a-4da3-9bce-e6ac3f574287,316.1
56,56,A,Downtown,"DOWNTOWN via Lincoln Place, Hazelwood",43,f9960d92-5afd-474f-99c9-8fd7cf600fe8,11891.0
56,56,A,Downtown,"DOWNTOWN via Lincoln Place, Hazelwood",44,6b0ebe69-e4f9-415d-a62d-c9a2ff14ed3e,25698.7
56,56,A,Downtown,"DOWNTOWN via Lincoln Place, Hazelwood",45,f93c807b-e82b-4b9c-98dc-9d2cb8b1c55c,9940.0
56,56,A,Downtown,"DOWNTOWN via Lincoln Place, Hazelwood",46,358e8857-a56a-4f0a-b618-a6046549924b,13752.2
56,56,A,Downtown,"DOWNTOWN via Lincoln Place, Hazelwood",47,1cdbcedf-9f54-4bb0-8e70-1ef88fc815fa,1415.4
56,56,A,Downtown,"DOWNTOWN via Lincoln Place, Hazelwood",48,bf31c84d-9c6c-432e-9663-e716410f9dc0,23843.9
56,56,A,Downtown,"DOWNTOWN via Lincoln Place, Hazelwood",49,3ac65e5f-7860-44d9-817f-ef3cf5fe8a10,20892.3
56,56,A,Downtown,"DOWNTOWN via Lincoln Place, Hazelwood",50,dcf55dbf-a503-4bb7-97c9-8cc6734c9eb7,23360.5
56,56,A,Downtown,"DOWNTOWN via Lincoln Place, Hazelwood",51,47dc864a-532c-4e34-ab74-e2282d02f125,3533.1
56,56,A,Downtown,"DOWNTOWN via Lincoln Place, Hazelwood",52,7886f9c5-a89d-4de1-abb4-3a6c92422047,859.4
56,56,A,Downtown,"DOWNTOWN via Lincoln Place, Hazelwood",53,fe3709b0-be99-44f0-85c6-0eb45e22ed18,16719.0
56,56,A,Downtown,"DOWNTOWN via Lincoln Place, Hazelwood",54,84826442-d2fb-4f6d-95f6-a4f74d2ccd11,7571.8
56,56,A,Downtown,"DOWNTOWN via Lincoln Place, Hazelwood",55,8a7ccbc1-a486-45a4-9f40-eaab3d54a79f,8726.5
56,56,A,Downtown,"DOWNTOWN via Lincoln Place, Hazelwood",56,6a9213cc-5254-4027-8030-38f18680bede,7255.9
56,56,A,Downtown,"DOWNTOWN via Lincoln Place, Hazelwood",57,d1a79388-03b7-47ee-80f8-248b2e3689a8,9274.6
56,56,A,Downtown,"DOWNTOWN via Lincoln Place, Hazelwood",58,6f215494-272e-453a-9a9d-4813a202c08c,21849.3
56,56,A,Downtown,"DOWNTOWN via Lincoln Place, Hazelwood",59,56c06d41-1306-4f34-bf45-f747842e2b29,20620.3
56,56,A,Downtown,"DOWNTOWN via Lincoln Place, Hazelwood",60,414d3639-9e0e-40f3-9883-edcac8121842,17717.7
56,56,A,Downtown,"DOWNTOWN via Lincoln Place, Hazelwood",61,9f14e352-039f-4b57-9809-120d7e8ff838,15119.8
56,56,A,Downtown,"DOWNTOWN via Lincoln Place, Hazelwood",62,112bc009-ad02-4437-8c76-4d4ed2cabc17,14330.5
56,56,A,Downtown,"DOWNTOWN via Lincoln Place, Hazelwood",63,f29c0578-a7ac-4eb9-902c-12a5212507a6,6004.4
56,56,A,Downtown,"DOWNTOWN via Lincoln Place, Hazelwood",64,68676e17-90bc-480c-9ee3-29585545d74a,4203.0
56,56,A,Downtown,"DOWNTOWN via Lincoln Place, Hazelwood",65,62a09adb-1a07-4b1c-a213-4cef46a20ea8,13624.1
56,56,A,Downtown,"DOWNTOWN via Lincoln Place, Hazelwood",66,ece585ed-902b-4e5f-b0e3-ae63dcd6f376,10907.9
56,56,A,Downtown,"DOWNTOWN via Lincoln Place, Hazelwood",67,f542ab71-9bb2-43b9-81eb-866e5ca42ac8,7393.2
56,56,A,Downtown,"DOWNTOWN via Lincoln Place, Hazelwood",68,a8eae059-90be-4175-a015-84c3046a46dd,0.4
56,56,A,Downtown,"DOWNTOWN via Lincoln Place, Hazelwood",69,bc787198-b203-4a70-b7dd-ed90b6450680,2926.8
56,56,A,Downtown,"DOWNTOWN via Lincoln Place, Hazelwood",70,9e3ca62e-7245-4f04-b8c8-837375c40adb,18368.4
56,56,A,Downtown,"DOWNTOWN via Lincoln Place, Hazelwood",71,ee179186-c968-4ee9-8687-eb5c62d7a5ce,17371.4
56,56,A,Downtown,"DOWNTOWN via Lincoln Place, Hazelwood",72,4500bad3-598c-4856-90db-85fc983dd7e2,541.8
56,56,A,Downtown,"DOWNTOWN via Lincoln Place, Hazelwood",73,06146b25-cf8c-44ef-924f-cb69cc1648ee,11778.5
56,56,A,Downtown,"DOWNTOWN via Lincoln Place, Hazelwood",74,f9550e4b-a90d-4438-8d49-6aa7ed50c348,17210.8
56,56,A,McKeesport,"MCKEESPORT via Lincoln Place, Hazelwood",1,14e19eae-9c8a-4ee1-a55e-d7044b81c982,15664.6
56,56,A,McKeesport,"MCKEESPORT via Lincoln Place, Hazelwood",2,248eb22d-6c4e-4102-be8d-d0595f6b965d,25135.4
56,56,A,McKeesport,"MCKEESPORT via Lincoln Place, Hazelwood",3,0e5e555c-69d3-48fb-8119-e2804ad27efe,8831.3
56,56,A,McKeesport,"MCKEESPORT via Lincoln Place, Hazelwood",4,35d233d1-5e80-4ff7-83be-e6edf8cce8c9,18095.9
56,56,A,McKeesport,"MCKEESPORT via Lincoln Place, Hazelwood",5,a89e8728-2ffe-40f5-9eca-de966e0fde1d,20364.2
56,56,A,McKeesport,"MCKEESPORT via Lincoln Place, Hazelwood",6,d4ccc62d-57cd-4e21-90c8-67bcd290675d,7410.0
56,56,A,McKeesport,"MCKEESPORT via Lincoln Place, Hazelwood",7,0e9357eb-8da8-488e-a0ee-9116f016656d,1752.0
56,56,A,McKeesport,"MCKEESPORT via Lincoln Place, Hazelwood",8,305e12af-64b0-4ac6-ac4c-428c1dc9fd9c,3.8
56,56,A,McKeesport,"MCKEESPORT via Lincoln Place, Hazelwood",9,8a6e506d-d6a7-4b44-9f6e-b31f548548ed,15215.9
56,56,A,McKeesport,"MCKEESPORT via Lincoln Place, Hazelwood",10,b00e3457-c49e-4855-9a81-145b770f76c3,22910.3
56,56,A,McKeesport,"MCKEESPORT via Lincoln Place, Hazelwood",11,70da6dae-5dd0-41d3-8ea8-6a42bb9da1e3,13566.2
56,56,A,McKeesport,"MCKEESPORT via Lincoln Place, Hazelwood",12,860a8b2e-5c09-4507-b495-cd25c56f84bd,21504.4
56,56,A,McKeesport,"MCKEESPORT via Lincoln Place, Hazelwood",13,e50e09f9-1bbd-4214-b525-1706102f651f,21002.6
56,56,A,McKeesport,"MCKEESPORT via Lincoln Place, Hazelwood",14,78660a36-ccea-4043-b17b-c013c760d9e8,25228.6
56,56,A,McKeesport,"MCKEESPORT via Lincoln Place, Hazelwood",15,973c6cb5-80c7-40e5-98be-5f01980581ed,21312.2
56,56,A,McKeesport,"MCKEESPORT via Lincoln Place, Hazelwood",16,6635740e-5f7d-4273-9067-7f91a79230a6,1479.4
56,56,A,McKeesport,"MCKEESPORT via Lincoln Place, Hazelwood",17,911d2864-4273-4c35-945b-2ab0486fc7ea,13904.5
56,56,A,McKeesport,"MCKEESPORT via Lincoln Place, Hazelwood",18,0ec78c4c-44c9-49ef-85bf-ffbb0c7e735f,12930.4
56,56,A,McKeesport,"MCKEESPORT via Lincoln Place, Hazelwood",19,f8a8d3be-1649-4a3c-bb07-962fbd8fce60,24337.9
56,56,A,McKeesport,"MCKEESPORT via Lincoln Place, Hazelwood",20,25566ec5-120f-481c-8106-f5eab6fcb7e7,15521.3
56,56,A,McKeesport,"MCKEESPORT via Lincoln Place, Hazelwood",21,0458d573-1fc3-4090-bef5-6d380fcb769b,7896.3
56,56,A,McKeesport,"MCKEESPORT via Lincoln Place, Hazelwood",22,e9afc87e-4c5e-41c7-b5e4-4ea1c03edd37,14136.5
56,56,A,McKeesport,"MCKEESPORT via Lincoln Place, Hazelwood",23,51fbd397-ce80-4eb5-ab93-5ad4a6f46e22,16774.3
56,56,A,McKeesport,"MCKEESPORT via Lincoln Place, Hazelwood",24,a4d8a158-38e0-46f1-8672-8a6f2d3bac63,8562.0
56,56,A,McKeesport,"MCKEESPORT via Lincoln Place, Hazelwood",25,0b4c19cb-2314-40a1-8ddf-b2d7d14cf8bd,10522.5
56,56,A,McKeesport,"MCKEESPORT via Lincoln Place, Hazelwood",26,027a2d07-dee9-4671-b63d-7282b8a88e10,278.1
56,56,A,McKeesport,"MCKEESPORT via Lincoln Place, Hazelwood",27,c89fab66-b403-4f9d-8d15-7bba6c7b7b33,18002.4
56,56,A,McKeesport,"MCKEESPORT via Lincoln Place, Hazelwood",28,f3c874f5-7ede-4180-a866-0788d9d04e69,13725.9
56,56,A,McKeesport,"MCKEESPORT via Lincoln Place, Hazelwood",29,dbe17b64-bfef-44a9-b987-1512ad48b3b1,8013.4
56,56,A,McKeesport,"MCKEESPORT via Lincoln Place, Hazelwood",30,a20281ec-5eb6-45e6-9c23-d670bb90b363,22746.6
56,56,A,McKeesport,"MCKEESPORT via Lincoln Place, Hazelwood",31,5057a26b-26eb-4bdf-9b38-a0b1fe75368d,18357.2
56,56,A,McKeesport,"MCKEESPORT via Lincoln Place, Hazelwood",32,bee97f9f-ff6a-48f1-89f0-d6c4382a580b,17914.0
56,56,A,McKeesport,"MCKEESPORT via Lincoln Place, Hazelwood",33,966b3cfc-5eeb-44c9-919c-74769f036d98,7719.2
56,56,A,McKeesport,"MCKEESPORT via Lincoln Place, Hazelwood",34,c86ecea0-9a6f-49e1-9e81-82a86820b85f,20858.9
56,56,A,McKeesport,"MCKEESPORT via Lincoln Place, Hazelwood",35,ab1c82ec-f945-42f8-a8ed-566e874423bd,11202.8
56,56,A,McKeesport,"MCKEESPORT via Lincoln Place, Hazelwood",36,e0829aaa-e07a-4a3c-9e8d-9ffa4391d497,11380.4
56,56,A,McKeesport,"MCKEESPORT via Lincoln Place, Hazelwood",37,0d6853e4-4627-4d9f-9280-4441a7c9083d,8258.0
56,56,A,McKeesport,"MCKEESPORT via Lincoln Place, Hazelwood",38,84bba495-073a-4573-9ced-d9c127d13933,8385.4
56,56,A,McKeesport,"MCKEESPORT via Lincoln Place, Hazelwood",39,24bd3ddc-8dad-4d94-8df1-c7d3489f3457,16156.3
56,56,A,McKeesport,"MCKEESPORT via Lincoln Place, Hazelwood",40,00837045-dbdb-454b-8036-bec834cbbe9b,8694.2
56,56,A,McKeesport,"MCKEESPORT via Lincoln Place, Hazelwood",41,553ee918-93f3-4d7e-a122-ffb4d22931e3,19820.8
56,56,A,McKeesport,"MCKEESPORT via Lincoln Place, Hazelwood",42,44de07e0-a817-4d97-9549-f0755b3f649d,22384.5
56,56,A,McKeesport,"MCKEESPORT via Lincoln Place, Hazelwood",43,82c62220-1e99-4b0a-8746-7ddd080a05e1,21147.8
56,56,A,McKeesport,"MCKEESPORT via Lincoln Place, Hazelwood",44,925909ba-0bfa-406a-a74e-cec9cdb3fd88,16535.5
56,56,A,McKeesport,"MCKEESPORT via Lincoln Place, Hazelwood",45,4ca1d46e-62ab-4a11-a8ec-ead9aab9448d,8186.7
56,56,A,McKeesport,"MCKEESPORT via Lincoln Place, Hazelwood",46,73b43c5b-7a36-46d3-b120-7aba4a741b59,11796.9
56,56,A,McKeesport,"MCKEESPORT via Lincoln Place, Hazelwood",47,a8eae059-90be-4175-a015-84c3046a46dd,25752.5
56,56,A,McKeesport,"MCKEESPORT via Lincoln Place, Hazelwood",48,876acaa4-19e2-487d-abb5-5f6c768fc5b9,10343.4
56,56,A,McKeesport,"MCKEESPORT via Lincoln Place, Hazelwood",49,a0760848-c47f-4e7d-9788-5f853d2f1897,24620.9
56,56,A,McKeesport,"MCKEESPORT via Lincoln Place, Hazelwood",50,fb6b8f54-1d7b-4380-af92-2ec655bcc0c9,22562.0
56,56,A,McKeesport,"MCKEESPORT via Lincoln Place, Hazelwood",51,9348796f-de16-404f-ae6a-5c27b71102e9,4499.5
56,56,A,McKeesport,"MCKEESPORT via Lincoln Place, Hazelwood",52,67f1efe6-3cd1-479b-9b46-683daa101390,4855.6
56,56,A,McKeesport,"MCKEESPORT via Lincoln Place, Hazelwood",53,c8b5e3bc-6f0a-4018-806a-0ada80cb5bbd,13349.1
56,56,A,McKeesport,"MCKEESPORT via Lincoln Place, Hazelwood",54,80eae863-b2e4-403d-a8a9-cf8224253f59,10606.4
56,56,A,McKeesport,"MCKEESPORT via Lincoln Place, Hazelwood",55,cb47405b-dbc2-44cd-baa4-a72e05b17921,7212.3
56,56,A,McKeesport,"MCKEESPORT via Lincoln Place, Hazelwood",56,47ff4298-7b84-4a69-a924-c76c52955537,633.9
56,56,A,McKeesport,"MCKEESPORT via Lincoln Place, Hazelwood",57,fbfe31f5-d77a-49b9-9731-d53523655a62,22132.9
56,56,A,McKeesport,"MCKEESPORT via Lincoln Place, Hazelwood",58,dd03da52-9b0f-46c8-bfe4-d62c0200d6bc,900.3
56,56,A,McKeesport,"MCKEESPORT via Lincoln Place, Hazelwood",59,a4c07173-6b19-431d-9ee9-6a61828e0ce7,1179.4
56,56,A,McKeesport,"MCKEESPORT via Lincoln Place, Hazelwood",60,66e3315d-3b25-493e-8365-fd4eabb69dd0,15379.8
56,56,A,McKeesport,"MCKEESPORT via Lincoln Place, Hazelwood",61,209f7e1b-5916-4fd1-bcf3-8bb65d273096,7563.0
56,56,A,McKeesport,"MCKEESPORT via Lincoln Place, Hazelwood",62,7ab53c89-d484-4d83-9212-1276ade5f4fb,3549.0
56,56,A,McKeesport,"MCKEESPORT via Lincoln Place, Hazelwood",63,c523b821-564e-43cf-8af7-2484ab50f4fc,14602.2
56,56,A,McKeesport,"MCKEESPORT via Lincoln Place, Hazelwood",64,f5fd421d-ecbb-43ef-904c-0431cb408075,21952.7
56,56,A,McKeesport,"MCKEESPORT via Lincoln Place, Hazelwood",65,b8d0cfa1-976e-4c37-acbd-94ec265e27ca,25364.8
56,56,A,McKeesport,"MCKEESPORT via Lincoln Place, Hazelwood",66,84370272-08e3-482d-8fb8-472ba4c2a275,2071.5
56,56,A,McKeesport,"MCKEESPORT via Lincoln Place, Hazelwood",67,2f5f5be2-4436-45c1-b764-99e309496c20,4204.3
56,56,A,McKeesport,"MCKEESPORT via Lincoln Place, Hazelwood",68,b561075b-e7d1-42e4-9802-396c9d406b20,19478.5
56,56,A,McKeesport,"MCKEESPORT via Lincoln Place, Hazelwood",69,00e1e949-e1f7-449b-916a-31a8c0a0d802,20194.2
56,56,A,McKeesport,"MCKEESPORT via Lincoln Place, Hazelwood",70,2690f4ba-014f-4415-942f-fdee3c1cb00c,2313.5
56,56,A,McKeesport,"MCKEESPORT via Lincoln Place, Hazelwood",71,91028425-62c3-49f4-8499-40bdc89bc505,23581.7
56,56,A,McKeesport,"MCKEESPORT via Lincoln Place, Hazelwood",72,6e1f9483-0f3d-4dc0-ab0e-b226aa1c7953,13133.0
56,56,A,McKeesport,"MCKEESPORT via Lincoln Place, Hazelwood",73,feb70f90-9765-4f56-85ee-b4deb8d9e572,21724.8
56,56,A,McKeesport,"MCKEESPORT via Lincoln Place, Hazelwood",74,1698e8f2-1804-42c2-8a6b-7be7d276ce27,6860.3
56,56,A,McKeesport,"MCKEESPORT via Lincoln Place, Hazelwood",75,9e826dd5-33a9-43c1-b654-1820881cead8,17085.9
56,56,A,McKeesport,"MCKEESPORT via Lincoln Place, Hazelwood",76,4d87978f-15a7-46be-b94b-fa203761547e,14838.9
56,56,A,McKeesport,"MCKEESPORT via Lincoln Place, Hazelwood",77,cfde256d-bcd9-46e1-ab13-911c72fa65fc,5752.9
56,56,A,McKeesport,"MCKEESPORT via Lincoln Place, Hazelwood",78,4eadb2fe-a6a8-4015-9a9a-98837e9d8fb8,816.5
87,87,A,Downtown,"DOWNTOWN via Friendship, Garfield",1,79797d2a-6473-4554-8841-955baad472aa,6430.6
87,87,A,Downtown,"DOWNTOWN via Friendship, Garfield",2,fbd2dba8-ac64-423c-94f0-46ec8e828b19,605.2
87,87,A,Downtown,"DOWNTOWN via Friendship, Garfield",3,e0a10dfe-4c1a-44d1-8f68-55177ea9d584,7754.9
87,87,A,Downtown,"DOWNTOWN via Friendship, Garfield",4,1f50750a-263c-47dd-8820-598fd88b8f0f,6883.0
87,87,A,Downtown,"DOWNTOWN via Friendship, Garfield",5,9dde6714-22ff-430b-b1f5-5d40b6e57302,9959.3
87,87,A,Downtown,"DOWNTOWN via Friendship, Garfield",6,0d8364ce-ffbe-4e43-a629-e7f863e3509f,973.4
87,87,A,Downtown,"DOWNTOWN via Friendship, Garfield",7,c3aa7dcb-85e9-4935-b4c8-51c361c583dc,8815.0
87,87,A,Downtown,"DOWNTOWN via Friendship, Garfield",8,8b33d64f-bd10-40bf-a0af-5811900698ac,8983.3
87,87,A,Downtown,"DOWNTOWN via Friendship, Garfield",9,e839ccc9-cf8d-4840-aa63-cd8de9d3d795,4015.6
87,87,A,Downtown,"DOWNTOWN via Friendship, Garfield",10,2528780a-f107-487e-9f0b-3ed16d4bcc10,7544.3
87,87,A,Downtown,"DOWNTOWN via Friendship, Garfield",11,c66a4ba9-87e6-4fb2-969a-8078321ddec8,10458.1
87,87,A,Downtown,"DOWNTOWN via Friendship, Garfield",12,91367c3c-6b6c-4e5b-9f76-985c8f9802ab,5024.5
87,87,A,Downtown,"DOWNTOWN via Friendship, Garfield",13,6cbebffd-6705-4a10-b927-bcf0a2e2ff1b,6539.6
87,87,A,Downtown,"DOWNTOWN via Friendship, Garfield",14,6c370314-eda1-4d2b-9ef6-66806ba509a4,10137.5
87,87,A,Downtown,"DOWNTOWN via Friendship, Garfield",15,cfe18a92-e7e8-46e0-9f50-425e124f5ed5,7914.2
87,87,A,Downtown,"DOWNTOWN via Friendship, Garfield",16,111600fb-a808-41b2-af75-2ac7ec814523,4840.3
87,87,A,Downtown,"DOWNTOWN via Friendship, Garfield",17,2b26eaab-9504-4909-bd54-a27c678837b0,5109.3
87,87,A,Downtown,"DOWNTOWN via Friendship, Garfield",18,dfd92073-398d-4949-824c-d83c3be43b40,9477.6
87,87,A,Downtown,"DOWNTOWN via Friendship, Garfield",19,43cfbeb7-c900-442d-9219-6dbcf207275e,5721.0
87,87,A,Downtown,"DOWNTOWN via Friendship, Garfield",20,423b08f3-0935-44cc-a5f8-d56507ca322b,11328.8
87,87,A,Downtown,"DOWNTOWN via Friendship, Garfield",21,f8e49110-c726-4c96-8442-a373c4177a99,5211.5
87,87,A,Downtown,"DOWNTOWN via Friendship, Garfield",22,40543498-df0a-41a8-b659-8c566bb61ede,10293.1
87,87,A,Downtown,"DOWNTOWN via Friendship, Garfield",23,6336e434-2af2-4f84-8f5f-9b58e7e0333c,8133.4
87,87,A,Downtown,"DOWNTOWN via Friendship, Garfield",24,5c3e99d4-777c-4a1f-9689-4cdb9fdaff4a,1218.6
87,87,A,Downtown,"DOWNTOWN via Friendship, Garfield",25,a7e159f5-e91a-4ddf-8dfd-741e4268db37,1895.3
87,87,A,Downtown,"DOWNTOWN via Friendship, Garfield",26,5455f407-07af-40f6-a9ae-6940084217a7,12025.5
87,87,A,Downtown,"DOWNTOWN via Friendship, Garfield",27,01f9b8ad-e050-43a4-b860-e6342d5ff2b3,0
87,87,A,Downtown,"DOWNTOWN via Friendship, Garfield",28,c399a854-23dc-48c4-b9d9-5520137ae110,7128.0
87,87,A,Downtown,"DOWNTOWN via Friendship, Garfield",29,9a6bf9fc-4ce8-4060-ba82-22882105aa78,5921.2
87,87,A,Downtown,"DOWNTOWN via Friendship, Garfield",30,9c112a5e-db30-49f8-b53c-6d40f3637cf2,8224.6
87,87,A,Downtown,"DOWNTOWN via Friendship, Garfield",31,8458fdc4-e940-40cd-a89a-19b7d2d20f4b,6285.4
87,87,A,Downtown,"DOWNTOWN via Friendship, Garfield",32,b06d8094-962e-43e2-96cd-944f11ea590e,9142.6
87,87,A,Downtown,"DOWNTOWN via Friendship, Garfield",33,c6bb123a-d3ce-4a06-b2e0-574cb74498a6,3379.8
87,87,A,Downtown,"DOWNTOWN via Friendship, Garfield",34,db2c1452-2d70-4a95-8f9f-fbb0d35e9544,8580.6
87,87,A,Downtown,"DOWNTOWN via Friendship, Garfield",35,c3015bce-afe7-4272-a99e-1d63336bf4b5,6158.6
87,87,A,Downtown,"DOWNTOWN via Friendship, Garfield",36,5f5e3c4f-d990-42ba-a3c0-ca127e6c31e0,1617.1
87,87,A,Downtown,"DOWNTOWN via Friendship, Garfield",37,ea7084e2-8cbc-4a4e-8fb0-cfc8be6a8fef,7234.1
87,87,A,Downtown,"DOWNTOWN via Friendship, Garfield",38,3970f2d4-3db5-4098-932d-de7f7b476f98,5558.3
87,87,A,Downtown,"DOWNTOWN via Friendship, Garfield",39,f8c301fd-cfd3-40ad-8f5d-b25e202a61d9,10623.8
87,87,A,Downtown,"DOWNTOWN via Friendship, Garfield",40,6bda3f4f-04de-4ec0-858d-14fb670667dc,4685.7
87,87,A,Downtown,"DOWNTOWN via Friendship, Garfield",41,47ff4298-7b84-4a69-a924-c76c52955537,12714.6
87,87,A,Downtown,"DOWNTOWN via Friendship, Garfield",42,027a2d07-dee9-4671-b63d-7282b8a88e10,12358.8
87,87,A,Downtown,"DOWNTOWN via Friendship, Garfield",43,ee4ab990-3877-4f05-8df1-7c043a97b7c9,3025.0
87,87,A,Downtown,"DOWNTOWN via Friendship, Garfield",44,20ded35f-6eca-4d3f-94e8-6c22e7b50693,9804.0
87,87,A,Downtown,"DOWNTOWN via Friendship, Garfield",45,2bd9a49e-089a-46e9-ac99-e06fbdf52b16,3903.9
87,87,A,Downtown,"DOWNTOWN via Friendship, Garfield",46,7efe8e11-bc24-4ce2-8798-c54f5eb6950d,6656.5
87,87,A,Downtown,"DOWNTOWN via Friendship, Garfield",47,766218cd-e875-489b-923a-d561d90b2096,11743.1
87,87,A,Downtown,"DOWNTOWN via Friendship, Garfield",48,732dc951-fc4e-4f7b-8693-271ee90103d1,9652.5
87,87,A,Downtown,"DOWNTOWN via Friendship, Garfield",49,181577bd-235b-4095-84ec-1e9c17bf351a,9238.1
87,87,A,Downtown,"DOWNTOWN via Friendship, Garfield",50,df32f51d-15e0-4bd7-8a81-43d3a9e69140,2391.3
87,87,A,Downtown,"DOWNTOWN via Friendship, Garfield",51,68eb6bb3-cd8f-4714-adac-47f2b3b04144,81.3
87,87,A,Downtown,"DOWNTOWN via Friendship, Garfield",52,70716d66-14d3-4c41-814d-77dc5ba63feb,4238.4
87,87,A,Downtown,"DOWNTOWN via Friendship, Garfield",53,289b69f1-8274-4d42-a446-113df0bd9026,10994.9
87,87,A,Downtown,"DOWNTOWN via Friendship, Garfield",54,055458f7-6a55-4fd6-ba3c-cd2242d5c0d3,1748.1
87,87,A,Downtown,"DOWNTOWN via Friendship, Garfield",55,9fb97cb7-04e1-4e6f-83de-e0112f256c74,4352.6
87,87,A,Downtown,"DOWNTOWN via Friendship, Garfield",56,ea424c22-8f02-45fd-ab82-819cbc69235b,7019.9
87,87,A,Downtown,"DOWNTOWN via Friendship, Garfield",57,c2a4c5ef-7eca-4c8c-81d2-0133a7583632,4535.3
87,87,A,Downtown,"DOWNTOWN via Friendship, Garfield",58,4eadb2fe-a6a8-4015-9a9a-98837e9d8fb8,12895.9
87,87,A,Downtown,"DOWNTOWN via Friendship, Garfield",59,4b87b7e3-972a-43ee-b110-dc4f5c8cb4e6,6779.6
87,87,A,Downtown,"DOWNTOWN via Friendship, Garfield",60,4cb106ba-2d7d-430b-baa5-6e4010c4d3df,2211.6
87,87,A,Downtown,"DOWNTOWN via Friendship, Garfield",61,2ef4a2af-1578-4592-a4d9-8f1953a390ae,2654.7
87,87,A,Downtown,"DOWNTOWN via Friendship, Garfield",62,2445374e-793c-47d2-8a84-05bcb8f8a4ed,3506.7
87,87,A,Downtown,"DOWNTOWN via Friendship, Garfield",63,4482fdb9-da95-417b-8acd-49f6bc1bea65,7424.1
87,87,A,Downtown,"DOWNTOWN via Friendship, Garfield",64,62c9bcc7-589b-40cc-9d50-b59ef0430ea2,2844.6
87,87,A,Downtown,"DOWNTOWN via Friendship, Garfield",65,5e5f6c39-04a7-4616-913f-36202f8721e7,8342.4
87,87,A,Downtown,"DOWNTOWN via Friendship, Garfield",66,a5661e57-23c8-4d93-b816-377b02cd83c5,4931.8
87,87,A,Downtown,"DOWNTOWN via Friendship, Garfield",67,7b472776-9112-47d0-9b64-056b2bb2589e,6071.2
87,87,A,Downtown,"DOWNTOWN via Friendship, Garfield",68,74d4543b-52f0-45b9-9e0a-49e875e8e4dc,4758.5
87,87,A,Downtown,"DOWNTOWN via Friendship, Garfield",69,158e1623-1a0d-4d8f-ab19-1ac8fe3fb8fc,4448.9
87,87,A,East Liberty,"EAST LIBERTY via Friendship, Garfield",1,dd03da52-9b0f-46c8-bfe4-d62c0200d6bc,84.4
87,87,A,East Liberty,"EAST LIBERTY via Friendship, Garfield",2,c890b111-dc7b-4e6f-b3aa-42cd22cc0424,8572.8
87,87,A,East Liberty,"EAST LIBERTY via Friendship, Garfield",3,3761e2ae-9c7d-477b-bc48-69c6765633dd,5080.1
87,87,A,East Liberty,"EAST LIBERTY via Friendship, Garfield",4,197c847f-5e8b-4998-b307-4a31a5feaa73,12697.4
87,87,A,East Liberty,"EAST LIBERTY via Friendship, Garfield",5,75f8f73b-3603-4a44-979e-d3e7cd7a24a0,1202.2
87,87,A,East Liberty,"EAST LIBERTY via Friendship, Garfield",6,2a96c012-ed92-45bc-bfa7-7cd79564f6e1,4906.1
87,87,A,East Liberty,"EAST LIBERTY via Friendship, Garfield",7,819873ad-03cf-4150-8cc8-e5d50286cbbc,6709.9
87,87,A,East Liberty,"EAST LIBERTY via Friendship, Garfield",8,85fe31e8-dafd-416e-8ccd-1ca89aa7a6b9,6933.5
87,87,A,East Liberty,"EAST LIBERTY via Friendship, Garfield",9,8db1442b-42e2-4579-b90f-58e7d9044cd5,11573.7
87,87,A,East Liberty,"EAST LIBERTY via Friendship, Garfield",10,491ef73d-f0f1-40f9-91d3-87a462f2074d,293.9
87,87,A,East Liberty,"EAST LIBERTY via Friendship, Garfield",11,c841e4fe-b849-4880-925a-c95729ac774a,8787.5
87,87,A,East Liberty,"EAST LIBERTY via Friendship, Garfield",12,5f2f0252-5b3a-4130-a32e-8c2bd13c3e0c,2369.7
87,87,A,East Liberty,"EAST LIBERTY via Friendship, Garfield",13,b05f82fb-e715-41e0-8efe-aad7a813ef85,7464.4
87,87,A,East Liberty,"EAST LIBERTY via Friendship, Garfield",14,ea83a645-3808-4dff-aa2a-6c2617e9a37a,482.0
87,87,A,East Liberty,"EAST LIBERTY via Friendship, Garfield",15,317d7333-e57a-4d78-94dd-e70f916e7cb2,8336.8
87,87,A,East Liberty,"EAST LIBERTY via Friendship, Garfield",16,b90c2d9d-2ebd-4f5c-8638-17cab3b98a12,6096.9
87,87,A,East Liberty,"EAST LIBERTY via Friendship, Garfield",17,3bbea763-7d3d-42ac-9ee9-0ce91c844e64,10043.8
87,87,A,East Liberty,"EAST LIBERTY via Friendship, Garfield",18,fbc70d01-5ed1-4ae5-88d3-ec8a3d4566e8,8147.2
87,87,A,East Liberty,"EAST LIBERTY via Friendship, Garfield",19,549b7760-cdf0-4742-b968-328e470dd943,10726.6
87,87,A,East Liberty,"EAST LIBERTY via Friendship, Garfield",20,bdca7a7b-5a66-4b90-9cfb-c25f686a9c83,11250.4
87,87,A,East Liberty,"EAST LIBERTY via Friendship, Garfield",21,88d1767e-7ba1-4c69-b51e-2abb33d1dee6,917.1
87,87,A,East Liberty,"EAST LIBERTY via Friendship, Garfield",22,e0862dd8-4fbd-4c31-9b17-aea8f6255814,3374.5
87,87,A,East Liberty,"EAST LIBERTY via Friendship, Garfield",23,a2a71189-5777-4676-9ba7-42623c6b6c9d,8481.3
87,87,A,East Liberty,"EAST LIBERTY via Friendship, Garfield",24,a89e5cdc-19e4-4e8b-b74b-35563e02aad4,7282.9
87,87,A,East Liberty,"EAST LIBERTY via Friendship, Garfield",25,63987eaa-c1e2-42a7-a122-2ce0a0822aab,2837.9
87,87,A,East Liberty,"EAST LIBERTY via Friendship, Garfield",26,0fcb5280-1aa1-41d3-8d79-ddfaea285b38,8964.9
87,87,A,East Liberty,"EAST LIBERTY via Friendship, Garfield",27,4ca0943b-52a1-4153-aa24-039219508740,6590.9
87,87,A,East Liberty,"EAST LIBERTY via Friendship, Garfield",28,cd523f28-437d-43bf-b61f-8bf943a65e0d,11794.7
87,87,A,East Liberty,"EAST LIBERTY via Friendship, Garfield",29,195d60da-d162-4e00-b6a1-88cda1d58281,13344.4
87,87,A,East Liberty,"EAST LIBERTY via Friendship, Garfield",30,62414495-8e73-4684-b231-6af3105e5938,4498.8
87,87,A,East Liberty,"EAST LIBERTY via Friendship, Garfield",31,0a760980-8125-4524-b959-458c12de17b9,13175.9
87,87,A,East Liberty,"EAST LIBERTY via Friendship, Garfield",32,3ea066bc-b1c0-440d-815f-c8d9ed8aec63,7129.0
87,87,A,East Liberty,"EAST LIBERTY via Friendship, Garfield",33,08a1ccfa-7970-4690-9824-704fa448acbd,5951.0
87,87,A,East Liberty,"EAST LIBERTY via Friendship, Garfield",34,4f3b2189-51ea-473d-8979-9e233ed089ea,4746.4
87,87,A,East Liberty,"EAST LIBERTY via Friendship, Garfield",35,c7164ece-d179-4bf4-978e-433ae7522e96,7804.6
87,87,A,East Liberty,"EAST LIBERTY via Friendship, Garfield",36,fcdc6f9a-6091-459a-84a0-bd1d060ea59c,6226.8
87,87,A,East Liberty,"EAST LIBERTY via Friendship, Garfield",37,c169904b-91da-4ead-9205-f65dca27a5dc,3014.0
87,87,A,East Liberty,"EAST LIBERTY via Friendship, Garfield",38,0ef07d77-da14-4a1b-a51d-1e890ba7bc62,6822.8
87,87,A,East Liberty,"EAST LIBERTY via Friendship, Garfield",39,6455c08b-b3f2-4f91-b794-02e6c8be6c19,12183.9
87,87,A,East Liberty,"EAST LIBERTY via Friendship, Garfield",40,cd793df6-29f1-4c1d-8a31-ad774d103864,3640.9
87,87,A,East Liberty,"EAST LIBERTY via Friendship, Garfield",41,85c8f7b7-43d6-4a70-8bea-8a7aed6d13d3,5525.8
87,87,A,East Liberty,"EAST LIBERTY via Friendship, Garfield",42,9b4336e6-0970-47a5-a16a-77944e2bf294,9306.8
87,87,A,East Liberty,"EAST LIBERTY via Friendship, Garfield",43,0c5e3157-25a2-4bbc-b013-32092df8324c,6484.5
87,87,A,East Liberty,"EAST LIBERTY via Friendship, Garfield",44,37f51245-ac5e-4fee-9ed1-9ac37c5cf749,5420.8
87,87,A,East Liberty,"EAST LIBERTY via Friendship, Garfield",45,0e696a61-7d7e-4826-b18b-b9995e74c5e6,10936.0
87,87,A,East Liberty,"EAST LIBERTY via Friendship, Garfield",46,7a133157-d760-4f46-8de8-af88977bd4a3,1571.6
87,87,A,East Liberty,"EAST LIBERTY via Friendship, Garfield",47,3d888fb0-e24f-4bb8-aa72-6897164e49a5,5794.0
87,87,A,East Liberty,"EAST LIBERTY via Friendship, Garfield",48,4eadb2fe-a6a8-4015-9a9a-98837e9d8fb8,0
87,87,A,East Liberty,"EAST LIBERTY via Friendship, Garfield",49,96c85672-497b-48e5-87a6-23f18ba3a48e,10527.0
87,87,A,East Liberty,"EAST LIBERTY via Friendship, Garfield",50,e823c2a6-e509-4ce0-a788-cb4cdbfb0f7e,5725.6
87,87,A,East Liberty,"EAST LIBERTY via Friendship, Garfield",51,8efb6668-fe07-41db-9ef6-635db1faae17,9836.1
87,87,A,East Liberty,"EAST LIBERTY via Friendship, Garfield",52,80bbd4a0-fa5a-4ed4-9be0-64fd0b43f8a3,8659.4
87,87,A,East Liberty,"EAST LIBERTY via Friendship, Garfield",53,5da71bf5-28a7-4cee-8664-102497308e9a,9952.5
87,87,A,East Liberty,"EAST LIBERTY via Friendship, Garfield",54,3bec9b53-9719-479d-a188-1ba42e739e31,6349.0
87,87,A,East Liberty,"EAST LIBERTY via Friendship, Garfield",55,13cae60d-c298-4d58-b95d-c9e2f7039eb9,3820.1
87,87,A,East Liberty,"EAST LIBERTY via Friendship, Garfield",56,1d8ed1ae-6edf-4f77-bb43-79d5739580dc,9439.4
87,87,A,East Liberty,"EAST LIBERTY via Friendship, Garfield",57,d59dcf99-537f-4a8d-8ba4-dc0d2af00af4,4054.8
87,87,A,East Liberty,"EAST LIBERTY via Friendship, Garfield",58,1d1152b1-7119-4919-b945-aeceabc08228,12024.7
87,87,A,East Liberty,"EAST LIBERTY via Friendship, Garfield",59,736b6b0b-b411-4c33-8743-548715a11af0,4348.9
87,87,A,East Liberty,"EAST LIBERTY via Friendship, Garfield",60,39bae5c2-5980-4746-b3b5-7c4a1d72a4ab,9104.6
87,87,A,East Liberty,"EAST LIBERTY via Friendship, Garfield",61,4c691f3c-21ee-402c-b380-f25d344bd25e,5633.9
87,87,A,East Liberty,"EAST LIBERTY via Friendship, Garfield",62,0d260c57-14a0-481c-a6fa-6986a04fb7b4,1995.6
87,87,A,East Liberty,"EAST LIBERTY via Friendship, Garfield",63,3bf58409-8854-4a1b-bdef-45e4826dad34,9546.7
87,87,A,East Liberty,"EAST LIBERTY via Friendship, Garfield",64,13d2a987-bfab-4a72-92d9-bf8dd286a060,673.9
87,87,A,East Liberty,"EAST LIBERTY via Friendship, Garfield",65,740f420d-dbbc-4724-8e63-4b51fa63a1c3,10283.6
87,87,A,East Liberty,"EAST LIBERTY via Friendship, Garfield",66,dece1cb3-8100-478a-b5ac-e52006b10959,12331.7
55,55,A,McKeesport,MCKEESPORT,1,90dd47bb-2385-4b64-a575-29778e991416,17017.7
55,55,A,McKeesport,MCKEESPORT,2,859ab9a6-24fe-49e9-9def-8803a37e907c,31171.7
55,55,A,McKeesport,MCKEESPORT,3,047b565c-810d-4de2-adbd-2fcce2b19ef8,3645.3
55,55,A,McKeesport,MCKEESPORT,4,e38692e3-ab04-4e7f-ac26-533fac6df430,3275.5
55,55,A,McKeesport,MCKEESPORT,5,1108e8a5-e435-422b-9e40-b4c442521b35,12855.7
55,55,A,McKeesport,MCKEESPORT,6,9ef2b182-2c9f-4733-9fa6-84fbccd6c9fb,4510.3
55,55,A,McKeesport,MCKEESPORT,7,d77dbaa5-b5a6-48ac-9e60-d3b62509ce46,26486.5
55,55,A,McKeesport,MCKEESPORT,8,cdf1fa58-4b86-48d1-8fbe-70eb80464916,13465.3
55,55,A,McKeesport,MCKEESPORT,9,83272588-651f-4df4-88f4-5dcf090f1028,31867.3
55,55,A,McKeesport,MCKEESPORT,10,57db6a7c-9cb0-43c2-bc36-4f0d00ca331b,9472.1
55,55,A,McKeesport,MCKEESPORT,11,e9b57fa8-e5b7-4659-8e73-1d420b402d81,17826.9
55,55,A,McKeesport,MCKEESPORT,12,28de53d1-7d02-474f-bd3a-746caf048eb4,32061.1
55,55,A,McKeesport,MCKEESPORT,13,bea7ff81-f650-4232-8ecd-e1d98321ee30,12296.1
55,55,A,McKeesport,MCKEESPORT,14,95df70f6-0ff2-476c-9262-8225cb6fd94c,29317.8
55,55,A,McKeesport,MCKEESPORT,15,3e4d9156-3019-4ac8-9d6f-401e7fe8f463,10522.3
55,55,A,McKeesport,MCKEESPORT,16,cd701a38-2723-4ae1-be11-30f4cdfe75e9,1179.3
55,55,A,McKeesport,MCKEESPORT,17,e8e2fb8f-6fd5-438e-91ea-223f0e761700,32241.2
55,55,A,McKeesport,MCKEESPORT,18,82c62220-1e99-4b0a-8746-7ddd080a05e1,36342.2
55,55,A,McKeesport,MCKEESPORT,19,31dc3ade-0ded-43f6-8be3-497d0568997c,17577.4
55,55,A,McKeesport,MCKEESPORT,20,00e1e949-e1f7-449b-916a-31a8c0a0d802,35388.6
55,55,A,McKeesport,MCKEESPORT,21,d508bd47-b9d3-4e7c-a568-47e957c0f88b,27701.5
55,55,A,McKeesport,MCKEESPORT,22,1291c713-106d-4b1f-a4d4-287a188e3636,33435.0
55,55,A,McKeesport,MCKEESPORT,23,dac4e6db-db2e-4450-91b4-796f8cfc76ca,14175.7
55,55,A,McKeesport,MCKEESPORT,24,59cd574f-1bc8-4843-bea7-f43e827aacf6,675.1
55,55,A,McKeesport,MCKEESPORT,25,f39b800a-d20b-493d-8fb0-33ecdb770189,18946.3
55,55,A,McKeesport,MCKEESPORT,26,553ee918-93f3-4d7e-a122-ffb4d22931e3,35015.2
55,55,A,McKeesport,MCKEESPORT,27,46450dd2-6a19-4192-84fe-c8a520d45d14,31447.0
55,55,A,McKeesport,MCKEESPORT,28,b561075b-e7d1-42e4-9802-396c9d406b20,34672.9
55,55,A,McKeesport,MCKEESPORT,29,46c1c581-aee8-48e2-b1ff-5533f5462ff0,16690.3
55,55,A,McKeesport,MCKEESPORT,30,1ed180c4-44e1-46b1-8c03-63b6695a0641,19077.2
55,55,A,McKeesport,MCKEESPORT,31,7b9a46d6-61ae-4c1d-92a7-43dd89946ee4,1707.6
55,55,A,McKeesport,MCKEESPORT,32,07fb7938-47dc-492d-b16b-efef49685256,32401.7
55,55,A,McKeesport,MCKEESPORT,33,de769096-7cff-4773-876d-b294d356a026,32805.6
55,55,A,McKeesport,MCKEESPORT,34,3162f6dc-cb58-49a6-8c41-a4be870c7ab9,33011.5
55,55,A,McKeesport,MCKEESPORT,35,ad3be501-1c27-4c56-b97f-ab6752be66d0,0
55,55,A,McKeesport,MCKEESPORT,36,199a4f34-e32b-46f3-962f-f2d12b3ce401,33694.9
55,55,A,McKeesport,MCKEESPORT,37,914a7a99-35b3-4518-b9da-411308d47d07,33278.1
55,55,A,McKeesport,MCKEESPORT,38,6d2fda70-5bc2-4b71-8303-ac05d70f6749,5858.2
55,55,A,McKeesport,MCKEESPORT,39,d4bb16ed-c7ab-4384-b080-bc364ac12cc8,29185.4
55,55,A,McKeesport,MCKEESPORT,40,9e3696cd-113d-4282-8ec7-f875b8a1fe9f,27156.9
55,55,A,McKeesport,MCKEESPORT,41,16f2ea0d-da40-431d-8bdd-c5487613979d,5160.8
55,55,A,McKeesport,MCKEESPORT,42,298ca950-5108-42f7-88a7-5708999d23ef,2804.2
55,55,A,McKeesport,MCKEESPORT,43,aa5ce091-a989-4b3c-b578-84e851f7c3d1,28912.0
55,55,A,McKeesport,MCKEESPORT,44,ecc47759-547f-4f57-ac84-afc61c15b187,30904.4
55,55,A,McKeesport,MCKEESPORT,45,973c6cb5-80c7-40e5-98be-5f01980581ed,36506.7
55,55,A,McKeesport,MCKEESPORT,46,6d3f8fca-d8a1-44ea-a03b-c86bcd3b97b7,11920.4
55,55,A,McKeesport,MCKEESPORT,47,e50e09f9-1bbd-4214-b525-1706102f651f,36197.1
55,55,A,McKeesport,MCKEESPORT,48,5bf3be16-e3ae-413d-8343-5cce9c2c189a,2051.9
55,55,A,McKeesport,MCKEESPORT,49,db69064a-5b92-4368-998c-8edced215355,19439.4
55,55,A,McKeesport,MCKEESPORT,50,2fa81839-3a03-4f52-8ad8-76d0df1dcca1,27908.2
55,55,A,McKeesport,MCKEESPORT,51,820cc497-304a-44cf-8cda-b847b0249afe,18624.1
55,55,A,McKeesport,MCKEESPORT,52,33b33d55-7aa8-4fbb-bbe5-b502439e9c1a,4896.0
55,55,A,McKeesport,MCKEESPORT,53,c86ecea0-9a6f-49e1-9e81-82a86820b85f,36053.3
55,55,A,McKeesport,MCKEESPORT,54,34379ca0-1cb0-4691-a8b9-52fc55f5968f,18189.7
55,55,A,McKeesport,MCKEESPORT,55,5d46e717-1679-4783-97c5-3ac5be6dd3f0,17404.1
55,55,A,McKeesport,MCKEESPORT,56,548eb2ad-45a4-4d8b-8a68-90e465bfddaa,4041.7
55,55,A,McKeesport,MCKEESPORT,57,79208a34-58de-4dc9-97a6-74f518522cc7,29536.2
55,55,A,McKeesport,MCKEESPORT,58,60347db9-37be-47db-bdb3-32503ac38295,20100.0
55,55,A,McKeesport,MCKEESPORT,59,10cf8a01-f674-4f56-9296-2423045fb429,5605.5
55,55,A,McKeesport,MCKEESPORT,60,cbbe5881-a72a-48b1-ae80-7a3890f2d23e,6954.9
55,55,A,McKeesport,MCKEESPORT,61,6449e9c1-e604-426d-a9ea-17446614ab7c,18291.3
55,55,A,McKeesport,MCKEESPORT,62,1c9fba9a-ccf7-40a4-abfb-6c5bdeebb83b,36850.6
55,55,A,McKeesport,MCKEESPORT,63,c314e25a-9eac-419b-822e-13fee7829af4,31676.1
55,55,A,McKeesport,MCKEESPORT,64,a2c0ef8a-c543-47de-9446-5c9c8860ddef,14555.5
55,55,A,McKeesport,MCKEESPORT,65,9f2311dc-a04e-4e53-92a2-6b65ab195191,32599.1
55,55,A,McKeesport,MCKEESPORT,66,0b82f533-eea1-45c5-836a-d5664c40e444,15661.1
55,55,A,McKeesport,MCKEESPORT,67,2564b479-e178-428e-84d8-6f8304896f11,27452.1
55,55,A,McKeesport,MCKEESPORT,68,9f78609c-0b02-4dc7-a76c-4bc8fe1dad6b,8698.2
55,55,A,McKeesport,MCKEESPORT,69,3a7607fd-d314-4385-bea9-04c98e33a5a5,26599.1
55,55,A,McKeesport,MCKEESPORT,70,99df48db-f5a1-417a-8508-fe82a09c0d5b,9793.3
55,55,A,McKeesport,MCKEESPORT,71,a89e8728-2ffe-40f5-9eca-de966e0fde1d,35558.7
55,55,A,McKeesport,MCKEESPORT,72,a8ce9c11-2772-4d93-a984-8ea888e5d55e,1584.2
55,55,A,West Mifflin,WEST MIFFLIN,1,948aa6e3-9542-4efa-8966-812f6984b1a2,6934.7
55,55,A,West Mifflin,WEST MIFFLIN,2,88ad27ae-173f-40e7-95ed-1b6e484b16e9,1017.8
55,55,A,West Mifflin,WEST MIFFLIN,3,f73d1021-b673-4fbe-8bf7-13d5e6f8b214,5389.8
55,55,A,West Mifflin,WEST MIFFLIN,4,4af575fb-8102-4887-9a88-a8ca581217be,9516.6
55,55,A,West Mifflin,WEST MIFFLIN,5,203d3c24-13c9-4b74-bdd5-88774beb4184,20939.6
55,55,A,West Mifflin,WEST MIFFLIN,6,e9b57fa8-e5b7-4659-8e73-1d420b402d81,11319.0
55,55,A,West Mifflin,WEST MIFFLIN,7,36cf5da0-ebbc-4a5a-8ecf-09c9a81e6ef2,25534.5
55,55,A,West Mifflin,WEST MIFFLIN,8,5d6e3c2f-57f8-4e5a-bc68-219ead058f3d,7379.2
55,55,A,West Mifflin,WEST MIFFLIN,9,ecf41cfa-9b1a-4513-b71c-a3dcc04bd93a,514.7
55,55,A,West Mifflin,WEST MIFFLIN,10,0598361d-d5b5-432d-9a39-261182660526,4294.0
55,55,A,West Mifflin,WEST MIFFLIN,11,5b97ffe0-da0f-4723-9766-fa2ad82b7c32,7652.5
55,55,A,West Mifflin,WEST MIFFLIN,12,42567fd8-fd98-49bf-bb35-22370d3d1193,25171.2
55,55,A,West Mifflin,WEST MIFFLIN,13,c2e349da-2959-4620-a01d-8ecd64841b60,8746.0
55,55,A,West Mifflin,WEST MIFFLIN,14,db6e9d89-58c3-455a-856d-df74934f5eb7,3714.7
55,55,A,West Mifflin,WEST MIFFLIN,15,3cb29805-e706-487d-9eed-d41f5807998a,3096.0
55,55,A,West Mifflin,WEST MIFFLIN,16,cbbe5881-a72a-48b1-ae80-7a3890f2d23e,22450.1
55,55,A,West Mifflin,WEST MIFFLIN,17,908987a8-4568-42ba-a282-181b04e3a1f5,13721.6
55,55,A,West Mifflin,WEST MIFFLIN,18,cf9810e3-26df-4a34-8e1c-8f03cfb789a0,26824.5
55,55,A,West Mifflin,WEST MIFFLIN,19,2dfa7f53-e286-4a36-9ec0-1c4f917ed699,1105.1
55,55,A,West Mifflin,WEST MIFFLIN,20,baf07d44-b4e4-4a2f-8095-cf038ec3fc10,4679.6
55,55,A,West Mifflin,WEST MIFFLIN,21,54b85d37-0430-4038-a784-f670978b6ef1,19607.5
55,55,A,West Mifflin,WEST MIFFLIN,22,0e3df820-c81d-448b-bdfd-89b7b398a7f0,24539.7
55,55,A,West Mifflin,WEST MIFFLIN,23,99629225-c64a-4319-b0e6-2127de912cce,9214.2
55,55,A,West Mifflin,WEST MIFFLIN,24,3f5a7464-9037-402f-bb16-4aa97f25a317,8971.3
55,55,A,West Mifflin,WEST MIFFLIN,25,c33e6579-b21f-4664-a649-ca5931405e2e,3924.6
55,55,A,West Mifflin,WEST MIFFLIN,26,c0b086b6-f409-43fb-9c54-b7bb2932f45a,20155.6
55,55,A,West Mifflin,WEST MIFFLIN,27,bbe449d8-df6b-4ef1-a79a-6d91a038204f,1444.6
55,55,A,West Mifflin,WEST MIFFLIN,28,87559f8d-ab42-40b7-80cd-783f233bbb68,23940.2
55,55,A,West Mifflin,WEST MIFFLIN,29,52a4b6cd-b50d-496f-b97e-9b7901146cb6,20396.1
55,55,A,West Mifflin,WEST MIFFLIN,30,00721b14-3e91-4f8c-a2e6-af0c9fb84566,14075.9
55,55,A,West Mifflin,WEST MIFFLIN,31,1f027ba3-8e81-455f-8c7a-5e22ef021560,26061.9
55,55,A,West Mifflin,WEST MIFFLIN,32,5d46e717-1679-4783-97c5-3ac5be6dd3f0,10896.2
55,55,A,West Mifflin,WEST MIFFLIN,33,6ccd828b-b9c3-4a38-b3a4-052fb0d4ddfb,2814.7
55,55,A,West Mifflin,WEST MIFFLIN,34,73026cca-9d68-4bb5-85cb-057f1d6cfadf,274.7
55,55,A,West Mifflin,WEST MIFFLIN,35,8845bc4c-815f-4148-ba6a-ecfaf5333e67,5141.2
55,55,A,West Mifflin,WEST MIFFLIN,36,0090ee8c-7e5a-4873-a1ab-816f6108bd39,4485.8
55,55,A,West Mifflin,WEST MIFFLIN,37,f39b800a-d20b-493d-8fb0-33ecdb770189,12430.8
55,55,A,West Mifflin,WEST MIFFLIN,38,97f4d438-6357-40d7-b195-dfe15bdc01ca,7086.3
55,55,A,West Mifflin,WEST MIFFLIN,39,e73504f4-5d3e-4538-ba6f-9c8de9e6cebd,17793.7
55,55,A,West Mifflin,WEST MIFFLIN,40,58d71133-0056-4bc6-90c5-a99dd822a56d,18616.6
55,55,A,West Mifflin,WEST MIFFLIN,41,b68cd221-38b9-4c83-939d-23f3217e8980,24836.4
55,55,A,West Mifflin,WEST MIFFLIN,42,2f3a1b26-f935-43e9-bbf9-5056bda5923a,10428.1
55,55,A,West Mifflin,WEST MIFFLIN,43,34379ca0-1cb0-4691-a8b9-52fc55f5968f,11681.8
55,55,A,West Mifflin,WEST MIFFLIN,44,1dae0daa-0084-496e-bbe7-1be9b9a42dab,5638.6
55,55,A,West Mifflin,WEST MIFFLIN,45,f18f98b1-ec8c-4c43-8b98-983cfaf215c2,16387.5
55,55,A,West Mifflin,WEST MIFFLIN,46,f29c0578-a7ac-4eb9-902c-12a5212507a6,1833.9
55,55,A,West Mifflin,WEST MIFFLIN,47,fda1cf83-4b06-4135-b4d4-abb45c7f7612,10645.6
55,55,A,West Mifflin,WEST MIFFLIN,48,db69064a-5b92-4368-998c-8edced215355,12923.8
55,55,A,West Mifflin,WEST MIFFLIN,49,c338a40c-5401-4856-afc4-e6ea7e5d118a,26482.1
55,55,A,West Mifflin,WEST MIFFLIN,50,820cc497-304a-44cf-8cda-b847b0249afe,12113.5
55,55,A,West Mifflin,WEST MIFFLIN,51,6abb7e99-37ff-4bf0-8a7c-97de1d38a892,3245.0
55,55,A,West Mifflin,WEST MIFFLIN,52,278c586e-931e-43df-ab8f-63092e09ba82,24257.7
55,55,A,West Mifflin,WEST MIFFLIN,53,8e0655ed-2cb9-47e0-9ba9-4d72bc3b4daf,7263.2
55,55,A,West Mifflin,WEST MIFFLIN,54,c0e93451-72b7-4ecd-875a-5bb0fd1c95ea,0
55,55,A,West Mifflin,WEST MIFFLIN,55,f1583e52-80ba-4fb6-87a1-e1c44a7ef203,4120.5
55,55,A,West Mifflin,WEST MIFFLIN,56,6bb1135b-ecf7-4f3c-8560-464b99ac311d,19975.6
55,55,A,West Mifflin,WEST MIFFLIN,57,fb8ae968-2e99-41b3-870e-085a7099bc52,19058.5
55,55,A,West Mifflin,WEST MIFFLIN,58,c7fdfa87-c2f9-4f6e-9691-f161a1b39ba8,27965.4
55,55,A,West Mifflin,WEST MIFFLIN,59,d312690c-22df-48c6-b251-6daa03a368e7,3507.1
55,55,A,West Mifflin,WEST MIFFLIN,60,3a96af14-6252-4431-a64b-4f8195d9ea66,27629.0
55,55,A,West Mifflin,WEST MIFFLIN,61,ce2580be-6ee4-4169-a8d8-dc6979e09ac5,28995.2
55,55,A,West Mifflin,WEST MIFFLIN,62,4238dd6d-fdc9-4e1c-8acb-70497ab6a075,10105.5
55,55,A,West Mifflin,WEST MIFFLIN,63,31dc3ade-0ded-43f6-8be3-497d0568997c,11069.5
55,55,A,West Mifflin,WEST MIFFLIN,64,ad3be501-1c27-4c56-b97f-ab6752be66d0,29666.7
55,55,A,West Mifflin,WEST MIFFLIN,65,aefac04a-c591-42aa-8c55-c26cfa361131,4871.7
55,55,A,West Mifflin,WEST MIFFLIN,66,0f328d1c-458d-4bc9-84d6-f240b187e771,17410.7
55,55,A,West Mifflin,WEST MIFFLIN,67,640fb75c-717e-4ba3-afbf-9bcc723315d5,10243.0
55,55,A,West Mifflin,WEST MIFFLIN,68,1ed180c4-44e1-46b1-8c03-63b6695a0641,12561.6
55,55,A,West Mifflin,WEST MIFFLIN,69,d79235db-8c15-4a09-bb4c-613b2cc95224,23767.8
12L,12L,A,Downtown,DOWNTOWN,1,b4cbdacc-f9c9-4398-9ddd-27f062dde5aa,9448.7
12L,12L,A,Downtown,DOWNTOWN,2,ac12638f-d8e9-48bf-b517-4d3b81cc4c23,5018.5
12L,12L,A,Downtown,DOWNTOWN,3,d9d07873-6602-4346-a68d-266569ddc713,6050.0
12L,12L,A,Downtown,DOWNTOWN,4,f397318a-8549-4b26-91aa-3f7d368f33b0,19923.5
12L,12L,A,Downtown,DOWNTOWN,5,6812dcdf-e123-4728-ae50-df7a149d436c,5641.9
12L,12L,A,Downtown,DOWNTOWN,6,0dc0e915-27ed-4a97-9299-006d1572355e,7030.5
12L,12L,A,Downtown,DOWNTOWN,7,a34d3aa3-1a0f-4b5f-ab7f-59f2d2b1c1ba,20230.8
12L,12L,A,Downtown,DOWNTOWN,8,4cf9d583-aca8-4fb8-8540-7b727b2e4b24,9769.6
12L,12L,A,Downtown,DOWNTOWN,9,1d6489ed-bef1-4439-aa8d-7b4459c9e7a2,8714.4
12L,12L,A,Downtown,DOWNTOWN,10,52dc4d84-649f-43d3-adda-189f53666f6d,7549.4
12L,12L,A,Downtown,DOWNTOWN,11,aa206119-9675-4ad1-9c49-bc608d5059d1,7356.6
12L,12L,A,Downtown,DOWNTOWN,12,01963ebb-1143-474f-8fe2-9f66f16a8d3c,12341.2
12L,12L,A,Downtown,DOWNTOWN,13,cf81b882-5789-45df-a38f-c425f92d8ed7,8004.5
12L,12L,A,Downtown,DOWNTOWN,14,6b0ebe69-e4f9-415d-a62d-c9a2ff14ed3e,21316.1
12L,12L,A,Downtown,DOWNTOWN,15,a580dea9-9cf9-4cbc-a7a8-1a0fef915d5e,2894.0
12L,12L,A,Downtown,DOWNTOWN,16,d7fe18e3-da18-44bf-b519-65b2890a450e,20469.1
12L,12L,A,Downtown,DOWNTOWN,17,4fce56ac-6332-44e7-981c-363cc3518a45,548.3
12L,12L,A,Downtown,DOWNTOWN,18,c583d5c2-deea-4662-8ff0-8db2d863017d,20775.3
12L,12L,A,Downtown,DOWNTOWN,19,829666ab-e457-4b14-a757-e056e22bec33,7133.3
12L,12L,A,Downtown,DOWNTOWN,20,fcaa4f3e-f027-441a-8f8a-bcced33cf9c0,3815.8
12L,12L,A,Downtown,DOWNTOWN,21,5aab64ea-644e-407b-85af-f894bd1283b8,3421.6
12L,12L,A,Downtown,DOWNTOWN,22,614e1d83-e168-41f3-ba9c-6f59971c834e,6497.1
12L,12L,A,Downtown,DOWNTOWN,23,8d00884a-1c8b-4a24-983b-9f486b8aa9fb,21003.3
12L,12L,A,Downtown,DOWNTOWN,24,f71d724f-de29-43a4-ad92-ec7f7c193b97,8418.7
12L,12L,A,Downtown,DOWNTOWN,25,d04883cf-e403-44a0-a84f-2e0799bc07c0,0
12L,12L,A,McCandless,MCKNIGHT,1,3c877533-7d9b-4c51-875b-9958c2d9dac5,14257.6
12L,12L,A,McCandless,MCKNIGHT,2,305e12af-64b0-4ac6-ac4c-428c1dc9fd9c,1.5
12L,12L,A,McCandless,MCKNIGHT,3,66213a45-9c96-473f-b29d-fbc80efb9280,17842.0
12L,12L,A,McCandless,MCKNIGHT,4,45ce3d17-c7e0-43f0-8c1e-4021a1fbde03,15221.0
12L,12L,A,McCandless,MCKNIGHT,5,8c8f811f-36f3-4990-92ab-bd10ed4cbce4,17256.3
12L,12L,A,McCandless,MCKNIGHT,6,07f0a840-8256-41fa-9336-1df4cb8d0321,13465.0
12L,12L,A,McCandless,MCKNIGHT,7,d368ec15-04c5-4bdc-8ccc-352988ad6576,734.5
12L,12L,A,McCandless,MCKNIGHT,8,aa08cb9e-bae8-4c5e-b180-4f072ac31022,11250.9
12L,12L,A,McCandless,MCKNIGHT,9,d04883cf-e403-44a0-a84f-2e0799bc07c0,19786.0
12L,12L,A,McCandless,MCKNIGHT,10,7c85bc08-5e4a-4299-92b1-fe2c384bbd4e,548.6
12L,12L,A,McCandless,MCKNIGHT,11,def19f44-5614-48a2-bc05-c9737f538998,12773.1
12L,12L,A,McCandless,MCKNIGHT,12,097def51-f8d4-4ff5-8a6a-290740916611,13735.3
12L,12L,A,McCandless,MCKNIGHT,13,9b4e21c5-5947-4d46-973d-a429b070f2c9,16841.4
12L,12L,A,McCandless,MCKNIGHT,14,c8f82dfc-0e87-46f9-81ed-acc167e5f09f,11979.3
12L,12L,A,McCandless,MCKNIGHT,15,1dbc045b-afb3-482c-bfeb-762cffb74d9a,13165.9
12L,12L,A,McCandless,MCKNIGHT,16,d3cfdc94-f8ca-4c9a-91ca-501b0175df1e,1599.7
12L,12L,A,McCandless,MCKNIGHT,17,d3125f5c-9873-49e1-a720-36324ef32ac8,981.8
12L,12L,A,McCandless,MCKNIGHT,18,9f517c7e-70b2-4d51-a2dd-efcd08542078,12334.9
12L,12L,A,McCandless,MCKNIGHT,19,082fd91b-0444-4aea-9b9e-636c808b4568,15707.8
12L,12L,A,McCandless,MCKNIGHT,20,0dda1038-8396-4d06-8f01-099ddf3a2698,8475.3
12L,12L,A,McCandless,MCKNIGHT,21,9fe70c4d-d8de-4e48-93d3-a0afb63c7552,14746.8
12L,12L,A,McCandless,MCKNIGHT,22,c54aec51-74ca-4094-b833-5527b432880e,1357.9
12L,12L,A,McCandless,MCKNIGHT,23,200fe8ac-a8c2-4ec9-b211-2002aede6dca,10954.7
12L,12L,A,McCandless,MCKNIGHT,24,75de3354-a481-4fb3-9a8c-907b748d2a87,259.4
51S,51,A,Downtown,DOWNTOWN via Carrick,1,618f79ec-b7b4-460d-9e76-ec88f4ffc243,596.4
51S,51,A,Downtown,DOWNTOWN via Carrick,2,491ef73d-f0f1-40f9-91d3-87a462f2074d,10080.9
51S,51,A,Downtown,DOWNTOWN via Carrick,3,0ac0d70d-002e-47ca-b92e-8136277ffb21,7478.3
51S,51,A,Downtown,DOWNTOWN via Carrick,4,a710d1b4-f350-455e-980d-fd857113ba11,5190.1
51S,51,A,Downtown,DOWNTOWN via Carrick,5,8c650b15-17e2-4808-ba46-594f2d53059b,4227.7
51S,51,A,Downtown,DOWNTOWN via Carrick,6,f94237eb-882d-4c2a-90ac-7ff3719ccbd6,6134.4
51S,51,A,Downtown,DOWNTOWN via Carrick,7,d623137a-9ead-43cd-8e54-addb6acc5b77,9928.0
51S,51,A,Downtown,DOWNTOWN via Carrick,8,41946b4a-b45b-4a2a-9107-06d0f76ed6c0,8482.3
51S,51,A,Downtown,DOWNTOWN via Carrick,9,0b8a3de4-9a8c-4478-85dd-75943f0d76b8,1332.5
51S,51,A,Downtown,DOWNTOWN via Carrick,10,681ab434-9fe2-4c03-a8c7-513a77f546ec,8122.3
51S,51,A,Downtown,DOWNTOWN via Carrick,11,dc3b556e-9f74-453b-a712-0fb307825995,3018.2
51S,51,A,Downtown,DOWNTOWN via Carrick,12,79943df1-d952-426f-91d4-c3d74e046eb0,6866.4
51S,51,A,Downtown,DOWNTOWN via Carrick,13,c9e2efb3-3c39-492c-ae7d-828606ffe47e,2690.7
51S,51,A,Downtown,DOWNTOWN via Carrick,14,f8a5377e-de99-4de6-857d-d7dd06fc7533,2349.5
51S,51,A,Downtown,DOWNTOWN via Carrick,15,31a7ce2b-45fe-4b0b-b1b4-58baa761dfd3,6586.7
51S,51,A,Downtown,DOWNTOWN via Carrick,16,d0074677-d7e4-46bc-83e5-3334d591a43f,7676.1
51S,51,A,Downtown,DOWNTOWN via Carrick,17,13605376-41e8-4057-84ef-7b2e7419e31f,8692.3
51S,51,A,Downtown,DOWNTOWN via Carrick,18,4fab53d5-a46a-4f84-b09c-24efcdea57fd,7187.4
51S,51,A,Downtown,DOWNTOWN via Carrick,19,893922cc-14ba-44cd-bcdb-6824f31ce0b1,1773.0
51S,51,A,Downtown,DOWNTOWN via Carrick,20,c9e61d95-1943-4219-ad9f-fb3428eb29a3,1.4
51S,51,A,Downtown,DOWNTOWN via Carrick,21,350cf8dc-8930-447a-b465-b2f168583ce8,5561.7
51S,51,A,Downtown,DOWNTOWN via Carrick,22,b742b244-994d-4b15-ad40-472e905f1191,3643.7
51S,51,A,Downtown,DOWNTOWN via Carrick,23,3e5a73f5-6d0f-4102-a5a2-0e3d8f183610,2560.8
51S,51,A,Downtown,DOWNTOWN via Carrick,24,303c1589-fbb3-4a44-af3e-c0476811e706,221.6
51S,51,A,Downtown,DOWNTOWN via Carrick,25,ea83a645-3808-4dff-aa2a-6c2617e9a37a,10267.7
51S,51,A,Downtown,DOWNTOWN via Carrick,26,943d4bf3-1a91-4114-b0b8-ae13d05a396b,891.1
51S,51,A,Downtown,DOWNTOWN via Carrick,27,d8f0d910-e93c-4c9c-8b43-4498618ea316,1569.8
51S,51,A,Downtown,DOWNTOWN via Carrick,28,52f7c422-8596-4efb-bbfc-9c55c9d2cab8,5340.7
51S,51,A,Downtown,DOWNTOWN via Carrick,29,a544e305-60c7-4b6d-8b33-32bea84b9965,384.0
51S,51,A,Downtown,DOWNTOWN via Carrick,30,5e107e4f-d18e-4a83-a2bd-d7f17acc91ed,6351.5
51S,51,A,Downtown,DOWNTOWN via Carrick,31,90dd1aed-aad2-4b2c-af84-24349f7c046d,3887.6
51S,51,A,Downtown,DOWNTOWN via Carrick,32,d21a37cb-105b-4703-8ded-e6faf995b447,4307.6
51S,51,A,Downtown,DOWNTOWN via Carrick,33,e64b3bbc-815f-4255-a78e-607358191832,7880.9
51S,51,A,Downtown,DOWNTOWN via Carrick,34,b99aafe3-9761-4abd-9324-a7866f20371e,2190.7
51S,51,A,Downtown,DOWNTOWN via Carrick,35,5a79489e-c5b2-4ce7-b57d-3ca9b251a368,4853.1
51S,51,A,Downtown,DOWNTOWN via Carrick,36,79a7f85f-3605-4d75-8164-ea0986f3902f,3236.9
51S,51,A,Downtown,DOWNTOWN via Carrick,37,8b55d475-4831-436b-9d74-75057d5ae91b,2005.3
51S,51,A,Downtown,DOWNTOWN via Carrick,38,8e6abd89-7ad9-4f37-b6b8-b27ab28aae4d,4548.0
51S,51,A,Downtown,DOWNTOWN via Carrick,39,e8c8d519-2bda-44ef-a806-01eef8288b20,8907.2
51S,51,A,Downtown,DOWNTOWN via Carrick,40,1546b20d-4106-4f5e-aaec-f24927db5968,9623.3
51S,51,A,Downtown,DOWNTOWN via Carrick,41,4c25da16-40c9-4563-abeb-fecfeeb7602c,7015.7
51S,51,A,Downtown,DOWNTOWN via Carrick,42,f3a46daf-6496-41e4-8531-99733e8a6be3,5862.2
51S,51,A,Downtown,DOWNTOWN via Carrick,43,301985d2-b593-49c6-b3e0-2f5ef330baca,1186.3
51S,51,A,Downtown,DOWNTOWN via Carrick,44,c62dc823-8c2c-4d09-90f9-742a6a19da5e,8328.8
51S,51,A,Brentwood,BRENTWOOD via Carrick,1,891b3ee6-8fdc-4caf-8034-9433c23418f3,998.0
51S,51,A,Brentwood,BRENTWOOD via Carrick,2,696920eb-d14a-4a8a-a5cb-4859dfc3db3c,6652.3
51S,51,A,Brentwood,BRENTWOOD via Carrick,3,e8bf43da-63b3-46a6-96e0-01b89c927785,1270.9
51S,51,A,Brentwood,BRENTWOOD via Carrick,4,498c0853-c0bb-4304-8da6-f6dbc2699b1f,4699.2
51S,51,A,Brentwood,BRENTWOOD via Carrick,5,e9342762-edb8-4df0-94e3-d8fb3b4cb6e2,2260.5
51S,51,A,Brentwood,BRENTWOOD via Carrick,6,c1ff8bea-34b9-4e56-9db8-9f7508c370b5,7979.9
51S,51,A,Brentwood,BRENTWOOD via Carrick,7,2070bd53-6e12-48f2-b1e1-bc1c55c05db6,6251.1
51S,51,A,Brentwood,BRENTWOOD via Carrick,8,450744e3-106c-49cf-a82a-86bd362a29ec,9666.1
51S,51,A,Brentwood,BRENTWOOD via Carrick,9,dd03da52-9b0f-46c8-bfe4-d62c0200d6bc,447.8
51S,51,A,Brentwood,BRENTWOOD via Carrick,10,8869ffda-5903-4d0b-899b-c91b48730e5b,2420.2
51S,51,A,Brentwood,BRENTWOOD via Carrick,11,12201a5d-abc4-4609-bf70-62f76b6ff038,3522.0
51S,51,A,Brentwood,BRENTWOOD via Carrick,12,98de1a98-7977-476e-909f-3f84a0634d92,7513.1
51S,51,A,Brentwood,BRENTWOOD via Carrick,13,66609045-b24f-49f4-a31f-cb7202c2ef78,3752.7
51S,51,A,Brentwood,BRENTWOOD via Carrick,14,54fa7e8c-01a9-4715-b7b2-afd6e3eb052d,2692.6
51S,51,A,Brentwood,BRENTWOOD via Carrick,15,beca9838-2fe7-4240-b573-282015b86f73,6072.3
51S,51,A,Brentwood,BRENTWOOD via Carrick,16,d4af73dc-378d-4ea8-8b47-bacaefbc4ea3,9212.4
51S,51,A,Brentwood,BRENTWOOD via Carrick,17,814b657a-4f51-4f5f-80bc-ffa6224cf803,8170.0
51S,51,A,Brentwood,BRENTWOOD via Carrick,18,fcbbbc6a-09ee-485f-b003-ccf0533fa380,10094.6
51S,51,A,Brentwood,BRENTWOOD via Carrick,19,727a8611-bc0b-4e92-bad9-a625bf88c68c,10375.1
51S,51,A,Brentwood,BRENTWOOD via Carrick,20,e566911c-1711-405f-a0e2-aa547f881427,4387.6
51S,51,A,Brentwood,BRENTWOOD via Carrick,21,4be9e050-7b22-405f-990f-7f647c797412,3150.9
51S,51,A,Brentwood,BRENTWOOD via Carrick,22,ec53d2dd-4a69-428b-b5fa-5f9d8dad8bc0,5006.0
51S,51,A,Brentwood,BRENTWOOD via Carrick,23,0eb85e7a-bb17-4a3a-a2ac-b8f8fd6f3510,8961.7
51S,51,A,Brentwood,BRENTWOOD via Carrick,24,ea83a645-3808-4dff-aa2a-6c2617e9a37a,3.6
51S,51,A,Brentwood,BRENTWOOD via Carrick,25,00c51287-f571-494f-83a3-c35fd899dbd6,2944.7
51S,51,A,Brentwood,BRENTWOOD via Carrick,26,00111806-d14f-468b-b8e4-c261c4ffb459,7385.1
51S,51,A,Brentwood,BRENTWOOD via Carrick,27,b74d802e-8922-4a83-86c7-b949a0a845b9,7841.2
51S,51,A,Brentwood,BRENTWOOD via Carrick,28,89dd45ef-3a52-47f4-abd0-8dc11b6c35f7,8351.7
51S,51,A,Brentwood,BRENTWOOD via Carrick,29,7554395f-bc41-40d0-a52e-8878e3012d0e,604.6
51S,51,A,Brentwood,BRENTWOOD via Carrick,30,1a9a1ae8-d776-4358-9153-b6a1afb366a8,2040.1
51S,51,A,Brentwood,BRENTWOOD via Carrick,31,8d1ade44-24a1-436e-9259-2f3647d9710f,5793.9
51S,51,A,Brentwood,BRENTWOOD via Carrick,32,3673e31c-b0a8-4b15-a56f-262524dad493,9724.1
51S,51,A,Brentwood,BRENTWOOD via Carrick,33,132b3552-d527-4843-9f43-cdbb6436d02d,1637.2
51S,51,A,Brentwood,BRENTWOOD via Carrick,34,80308afb-bb20-413e-895a-bf2cf070eb90,8759.5
51S,51,A,Brentwood,BRENTWOOD via Carrick,35,aff02736-bb33-4af6-a147-56bfe2fbdbb2,4165.4
51S,51,A,Brentwood,BRENTWOOD via Carrick,36,441c1ddb-62d8-461f-b8dc-150525ce2f9d,6501.4
51S,51,A,Brentwood,BRENTWOOD via Carrick,37,8ffde7c7-00cf-49e8-8f3f-c054214c8d1c,9892.3
51S,51,A,Brentwood,BRENTWOOD via Carrick,38,4eadb2fe-a6a8-4015-9a9a-98837e9d8fb8,364.0
51S,51,A,Brentwood,BRENTWOOD via Carrick,39,6273db21-bd73-4b01-918d-048508485798,4072.3
51S,51,A,Brentwood,BRENTWOOD via Carrick,40,999e24c1-4a4b-44d0-9e5c-a6ae7a7a2e80,5336.5
51S,51,A,Brentwood,BRENTWOOD via Carrick,41,7c3d050b-9421-4d3a-808f-cb9d44dc178f,9461.7
51S,51,A,Brentwood,BRENTWOOD via Carrick,42,0ba1cc6a-ae5a-4249-8ebe-589641e538a1,3346.5
51S,51,A,Brentwood,BRENTWOOD via Carrick,43,b25a3658-3f85-42e2-aa72-e122b626dafb,8543.6
51S,51,A,Brentwood,BRENTWOOD via Carrick,44,d2a88d88-3a00-4af9-a394-cfe36f26ddf1,5173.8
51S,51,A,Brentwood,BRENTWOOD via Carrick,45,2cce5b89-e575-4979-bffc-5c286580e2c4,6870.5
51S,51,A,Brentwood,BRENTWOOD via Carrick,46,ad2ac511-c704-47f5-a0ff-d1746d09b234,9356.9
7,7,A,Downtown,DOWNTOWN,1,c7c9b8e9-118b-4bb5-8e61-8fd9887588c9,1361.7
7,7,A,Downtown,DOWNTOWN,2,cd044c92-f88e-4bfd-af93-96417afe4e2b,724.3
7,7,A,Downtown,DOWNTOWN,3,fc0041a7-f798-4395-a361-5faa8768abb5,2896.7
7,7,A,Downtown,DOWNTOWN,4,5595db6a-3eb8-43f1-ad2f-2d0798fdd3f3,2154.5
7,7,A,Downtown,DOWNTOWN,5,7da41aea-873e-44d3-ae1b-060766fd00a8,3046.7
7,7,A,Downtown,DOWNTOWN,6,ee1c99eb-6ef6-4fa8-8131-d7918595b685,3672.3
7,7,A,Downtown,DOWNTOWN,7,ff091fe8-6662-4a91-9c82-167d7ada4c45,1541.2
7,7,A,Downtown,DOWNTOWN,8,5da95d3b-8ba0-42f9-9c00-938149b6774e,1832.7
7,7,A,Downtown,DOWNTOWN,9,7f1f6298-09b0-4775-b542-a6e398dc90e8,1191.5
7,7,A,Downtown,DOWNTOWN,10,f9f93ae8-9643-4be0-887c-440f119f66c5,1691.1
7,7,A,Downtown,DOWNTOWN,11,11238101-7acf-4e0d-977e-913212d40dba,0.6
7,7,A,Downtown,DOWNTOWN,12,88d1767e-7ba1-4c69-b51e-2abb33d1dee6,4183.3
7,7,A,Downtown,DOWNTOWN,13,d9156a4b-2837-4007-90e6-44b570164a07,434.5
7,7,A,Downtown,DOWNTOWN,14,7bd53427-bea5-4678-8360-3c0b2a081656,504.0
7,7,A,Downtown,DOWNTOWN,15,07d85f88-90be-480b-b661-d104a4a48386,1613.1
7,7,A,Downtown,DOWNTOWN,16,b03c58cd-a643-42e7-a690-608e36935011,2289.8
7,7,A,Downtown,DOWNTOWN,17,bfd47648-82a3-4ce8-b1d2-75efed23f2f3,973.8
7,7,A,Downtown,DOWNTOWN,18,dd4af3eb-8cfb-4f5e-bd84-9e33901d0f6e,254.1
7,7,A,Downtown,DOWNTOWN,19,13d2a987-bfab-4a72-92d9-bf8dd286a060,3940.1
7,7,A,Downtown,DOWNTOWN,20,9b2f776e-1866-4d90-8a47-122170398558,2588.6
7,7,A,Downtown,DOWNTOWN,21,ebd11b8f-5002-4e7a-8870-44f45fc01bd8,882.3
7,7,A,Downtown,DOWNTOWN,22,6b0ebe69-e4f9-415d-a62d-c9a2ff14ed3e,4552.1
7,7,A,Spring Garden,SPRING GARDEN,1,ab4d6e79-1200-40d4-9db6-27fe30ef2e83,1357.0
7,7,A,Spring Garden,SPRING GARDEN,2,02bafea7-6378-42c1-84e8-090189c39fcf,714.8
7,7,A,Spring Garden,SPRING GARDEN,3,08087ad9-05f6-427a-bd5b-1aff2d52ba4c,2433.9
7,7,A,Spring Garden,SPRING GARDEN,4,7457f826-1f7b-48e5-a4f2-03f627fdba9b,3644.9
7,7,A,Spring Garden,SPRING GARDEN,5,e0b42bf8-33db-4c7c-964e-4dbab13100e8,3014.8
7,7,A,Spring Garden,SPRING GARDEN,6,47980d24-3d0b-4bd6-9204-aa60034169c6,3144.2
7,7,A,Spring Garden,SPRING GARDEN,7,11238101-7acf-4e0d-977e-913212d40dba,4528.5
7,7,A,Spring Garden,SPRING GARDEN,8,48c007c8-97e4-4585-828e-f5c9d5e2b615,3330.9
7,7,A,Spring Garden,SPRING GARDEN,9,7471d878-dc5c-4d11-b5f0-715ffbff2f77,1915.6
7,7,A,Spring Garden,SPRING GARDEN,10,d23eb65c-1702-4117-9a94-7968f1f2e3ea,4010.7
7,7,A,Spring Garden,SPRING GARDEN,11,9a10dbc1-ea36-46c4-8f74-eb30cc7b3144,4260.6
7,7,A,Spring Garden,SPRING GARDEN,12,52430752-470a-4c6c-b47f-d40bdcaa2154,417.1
7,7,A,Spring Garden,SPRING GARDEN,13,c75b7729-0ed0-4887-806e-a6ab3f01bd7a,3824.4
7,7,A,Spring Garden,SPRING GARDEN,14,737e56b4-191f-4cff-8ce6-88f7a4e0d99d,964.3
7,7,A,Spring Garden,SPRING GARDEN,15,f22a7abe-5df0-4090-be6c-47e71a867184,4112.7
7,7,A,Spring Garden,SPRING GARDEN,16,e93a8740-9802-4e04-94db-4e994d871fae,2921.7
7,7,A,Spring Garden,SPRING GARDEN,17,f659ce79-a26f-4d43-9bcb-800842b74915,2212.4
7,7,A,Spring Garden,SPRING GARDEN,18,39cf554c-ad12-42e1-84dc-8a12b4e808aa,1641.4
7,7,A,Spring Garden,SPRING GARDEN,19,d12e35b9-0a4b-4e83-b0a1-c0346df48ecc,3548.2
7,7,A,Spring Garden,SPRING GARDEN,20,305e12af-64b0-4ac6-ac4c-428c1dc9fd9c,3.8
77L,77L,A,Downtown,WILKINSBURG,1,f817c780-40f2-4e6f-8131-12530a464ae2,2284.0
77L,77L,A,Downtown,WILKINSBURG,2,7dbb4bb2-9726-4b59-a0f2-37b4e41ae7d0,2835.6
77L,77L,A,Downtown,WILKINSBURG,3,444ff068-0296-474c-8e5d-be42944b1ba8,412.4
77L,77L,A,Downtown,WILKINSBURG,4,3ee95a5d-fbe8-4d3c-9993-bd6ab3dca210,4361.3
77L,77L,A,Downtown,WILKINSBURG,5,d21545a5-17ee-48dd-9a1f-543504993b01,9420.2
77L,77L,A,Downtown,WILKINSBURG,6,5724a105-80a3-4901-b62c-325d73886c45,8998.7
77L,77L,A,Downtown,WILKINSBURG,7,619f18da-3241-493a-bd49-c1727bc4c42b,10418.1
77L,77L,A,Downtown,WILKINSBURG,8,98859c2a-4073-4f96-949e-2aa698a81dfe,1008.6
77L,77L,A,Downtown,WILKINSBURG,9,0dd509ae-c023-4867-b41c-bb76e88818a0,12635.9
77L,77L,A,Downtown,WILKINSBURG,10,2262c80e-53c7-44ba-822d-5f2bf0d28a59,12529.3
77L,77L,A,Downtown,WILKINSBURG,11,f209b7fb-a493-4dbb-aa3b-0235c0d4848e,6335.4
77L,77L,A,Downtown,WILKINSBURG,12,b4e87615-af7a-4eb1-8adf-1c9fec8d57a3,0
77L,77L,A,Downtown,WILKINSBURG,13,256b1115-9749-4cad-aa80-0faf50a2b359,5555.9
77L,77L,A,Downtown,WILKINSBURG,14,5ce925e1-3591-4c5a-a513-afc1de90991d,20586.4
77L,77L,A,Downtown,WILKINSBURG,15,d93426b9-2e04-4dba-a608-763a4531f35e,10291.2
77L,77L,A,Downtown,WILKINSBURG,16,c50e7a47-1415-42bb-96ae-7c2d12e5a27b,12269.0
77L,77L,A,Downtown,WILKINSBURG,17,9fa11440-a67b-4959-bdfe-fb506283680c,10721.6
77L,77L,A,Downtown,WILKINSBURG,18,d3c0cdb8-6628-4c8e-b5e9-c24fefa721a2,14179.3
77L,77L,A,Downtown,WILKINSBURG,19,c125c9dd-2e85-49b4-afa4-41a891dc6319,10612.8
77L,77L,A,Downtown,WILKINSBURG,20,5723008e-1337-4cb7-939f-0d2c31fcb268,1874.0
77L,77L,A,Downtown,WILKINSBURG,21,9e1caca3-9ba7-4fd3-a302-d9552ef4f2cb,3927.9
77L,77L,A,Downtown,WILKINSBURG,22,4a974ceb-2bf8-4f1f-b5e7-a0988e7fb48e,12033.5
77L,77L,A,Downtown,WILKINSBURG,23,63aeab5f-ad2a-4c51-b4cd-a21b3066a189,12763.2
77L,77L,A,Downtown,WILKINSBURG,24,f63ac9df-cd6c-4d93-bf06-c94885261cda,2683.4
77L,77L,A,Downtown,WILKINSBURG,25,21cdc0e0-10a8-45e3-b0a5-d16df102df7f,7326.0
77L,77L,A,Downtown,WILKINSBURG,26,305e12af-64b0-4ac6-ac4c-428c1dc9fd9c,23301.9
77L,77L,A,Downtown,WILKINSBURG,27,3672602c-3e6c-4c89-a239-908480a25143,17275.5
77L,77L,A,Downtown,WILKINSBURG,28,4eadb2fe-a6a8-4015-9a9a-98837e9d8fb8,24114.8
77L,77L,A,Downtown,WILKINSBURG,29,2c0b1b67-e93b-420e-9686-0f4fb6658fa7,16383.2
77L,77L,A,Downtown,WILKINSBURG,30,f94acca5-6e2d-42e2-b7c0-c14252938ff3,8173.5
77L,77L,A,Downtown,WILKINSBURG,31,19abd730-c0de-4029-84c7-0d275b2c1bf4,11112.2
77L,77L,A,Downtown,WILKINSBURG,32,45ef23ec-aa74-4e9f-b926-eab0fa073554,221.5
77L,77L,A,Downtown,WILKINSBURG,33,dcb05b97-66c2-4414-913e-5adbc0826514,11941.7
77L,77L,A,Downtown,WILKINSBURG,34,177fc1c9-3fe8-4bd0-8ce6-f12e8c44ffdc,24397.0
77L,77L,A,Downtown,WILKINSBURG,35,f64c5aa6-3271-4bc0-9312-03e122f544dc,12992.3
77L,77L,A,Downtown,WILKINSBURG,36,027a2d07-dee9-4671-b63d-7282b8a88e10,23576.3
77L,77L,A,Downtown,WILKINSBURG,37,9369ecb6-24cd-473f-966b-d5394cbee15a,4988.2
77L,77L,A,Downtown,WILKINSBURG,38,6bee8514-2e1d-4176-a9c1-d2ca4678d4a9,4693.1
77L,77L,A,Downtown,WILKINSBURG,39,4304da79-08b4-4159-9671-4262c05a014d,4140.5
77L,77L,A,Downtown,WILKINSBURG,40,26167e34-e747-4ad6-9a65-dc14fc00a2fd,1301.7
77L,77L,A,Downtown,WILKINSBURG,41,dc45783c-07b3-41cc-902c-87f3d86cc250,3781.5
77L,77L,A,Downtown,WILKINSBURG,42,1cfe7d5b-f507-43c6-8cd4-5fe09f7fa670,11425.6
77L,77L,A,Downtown,WILKINSBURG,43,d6fc2ec8-7017-44e6-a2cc-3b85c5414345,5124.3
77L,77L,A,Downtown,WILKINSBURG,44,972b8ac1-0b27-4e28-8a41-0c1f4f5cd8f8,10117.8
77L,77L,A,Downtown,WILKINSBURG,45,8984d2d9-3646-40ea-9daf-b18fdf2d3bcc,7083.6
77L,77L,A,Downtown,WILKINSBURG,46,945ff90d-f787-4d32-ad26-8af486029cc9,9273.1
77L,77L,A,Downtown,WILKINSBURG,47,f04d81d7-ba7d-4599-ae60-a195935b8b1d,3194.9
77L,77L,A,Downtown,WILKINSBURG,48,1f0b3de9-15a0-411f-9acc-e83994794b39,4511.1
77L,77L,A,Downtown,WILKINSBURG,49,2057f4cd-b6ab-4d22-b410-e04cf625fb46,9593.6
77L,77L,A,Downtown,WILKINSBURG,50,9b5a1dda-ea2b-482d-a050-f20f315ae649,6017.6
77L,77L,A,Downtown,WILKINSBURG,51,9c6e98a6-209b-4de8-8fd4-9e231fd17db3,10535.5
77L,77L,A,Downtown,WILKINSBURG,52,de0f5964-0f1e-4149-9556-b42a814fde55,801.0
77L,77L,A,Downtown,WILKINSBURG,53,f0808bd0-82ba-4532-a0b3-d131eaa29c77,9935.1
77L,77L,A,Downtown,WILKINSBURG,54,8d1c48cc-5a2f-48dc-b1ef-ca283918df75,6704.0
77L,77L,A,Downtown,WILKINSBURG,55,cb1cf4cc-bdcc-40c2-84be-f17d2cee7570,12161.3
77L,77L,A,Downtown,WILKINSBURG,56,66020418-19e0-4be4-b96e-9a29be98add7,11833.3
77L,77L,A,Downtown,WILKINSBURG,57,d19538e4-5e61-49d1-a5ff-03d8651ce421,121.0
77L,77L,A,Downtown,WILKINSBURG,58,47ff4298-7b84-4a69-a924-c76c52955537,23932.2
77L,77L,A,Penn Hills,PENN HILLS - Universal Plaza,1,a3e32401-cbed-4ca8-8472-7fbc1524131f,21023.7
77L,77L,A,Penn Hills,PENN HILLS - Universal Plaza,2,ef21d545-b151-4786-bca8-4c8a187cf757,22726.1
77L,77L,A,Penn Hills,PENN HILLS - Universal Plaza,3,d1041856-b049-4d52-8b6a-735d9f21ed73,13858.0
77L,77L,A,Penn Hills,PENN HILLS - Universal Plaza,4,26167e34-e747-4ad6-9a65-dc14fc00a2fd,22935.1
77L,77L,A,Penn Hills,PENN HILLS - Universal Plaza,5,b4e87615-af7a-4eb1-8adf-1c9fec8d57a3,24147.0
77L,77L,A,Penn Hills,PENN HILLS - Universal Plaza,6,d43c8018-a00a-4ad7-801a-406a986b44e0,16913.0
77L,77L,A,Penn Hills,PENN HILLS - Universal Plaza,7,9f5d77f4-04bf-4161-8c62-ca152b741abf,23817.6
77L,77L,A,Penn Hills,PENN HILLS - Universal Plaza,8,cbefd82a-07a3-4d99-b958-f95151838539,11370.4
77L,77L,A,Penn Hills,PENN HILLS - Universal Plaza,9,f5ca0fd4-6064-4701-b49b-94af368088df,20806.9
77L,77L,A,Penn Hills,PENN HILLS - Universal Plaza,10,55d60249-325d-463d-b906-4706bfff9502,17645.8
77L,77L,A,Penn Hills,PENN HILLS - Universal Plaza,11,cc7abb6a-84bb-440e-b1bc-58cbbda2a8ab,17889.3
77L,77L,A,Penn Hills,PENN HILLS - Universal Plaza,12,884fa385-7606-44e6-ac56-c2302081317a,13229.2
77L,77L,A,Penn Hills,PENN HILLS - Universal Plaza,13,85d26520-8be5-447d-a880-6b8ef922bff5,13663.4
77L,77L,A,Penn Hills,PENN HILLS - Universal Plaza,14,9cb379f2-881a-4ba1-9beb-a3be1c96a4a6,20291.4
77L,77L,A,Penn Hills,PENN HILLS - Universal Plaza,15,be6b05a2-5082-4ea7-92af-31c48d828836,20104.1
77L,77L,A,Penn Hills,PENN HILLS - Universal Plaza,16,b38ee7a2-d6db-49b5-baa5-dbe123ca55bb,21381.2
77L,77L,A,Penn Hills,PENN HILLS - Universal Plaza,17,a2196584-cd78-41da-a987-72a845e93634,16691.4
77L,77L,A,Penn Hills,PENN HILLS - Universal Plaza,18,41d67e40-ecc0-4775-a787-4190cf156ecc,22400.5
77L,77L,A,Penn Hills,PENN HILLS - Universal Plaza,19,87802911-270a-435f-ac19-32fc4039f95d,19267.1
77L,77L,A,Penn Hills,PENN HILLS - Universal Plaza,20,b866d4c3-822b-4776-9eaf-47d102c1fb01,23422.2
77L,77L,A,Penn Hills,PENN HILLS - Universal Plaza,21,295c93ee-317a-40b5-8794-6c366d24adb7,19010.7
77L,77L,A,Penn Hills,PENN HILLS - Universal Plaza,22,46a9c960-9be5-4a90-940e-8110bcf5d7b6,15798.7
77L,77L,A,Penn Hills,PENN HILLS - Universal Plaza,23,e57cf7a0-d883-469d-9802-702c12b86d54,21957.4
77L,77L,A,Penn Hills,PENN HILLS - Universal Plaza,24,9b77b946-dc71-4501-ae5a-1957a3101ab9,18064.9
77L,77L,A,Penn Hills,PENN HILLS - Universal Plaza,25,e68a0284-8b17-4de1-b7a7-fbf1d5d6c947,19543.9
77L,77L,A,Penn Hills,PENN HILLS - Universal Plaza,26,177fc1c9-3fe8-4bd0-8ce6-f12e8c44ffdc,0
77L,77L,A,Penn Hills,PENN HILLS - Universal Plaza,27,e373a641-ad64-4064-94b3-dcc57a9ae391,20435.4
77L,77L,A,Penn Hills,PENN HILLS - Universal Plaza,28,73597a2a-b56a-4a10-b560-dc36ca968e6f,12367.9
77L,77L,A,Penn Hills,PENN HILLS - Universal Plaza,29,64f37f76-cc94-4298-9072-46c209f5b8c1,14826.4
77L,77L,A,Penn Hills,PENN HILLS - Universal Plaza,30,ae7cae62-950e-4387-86a3-209c71a93efd,9788.3
77L,77L,A,Penn Hills,PENN HILLS - Universal Plaza,31,8c280a78-ec07-49a8-b0f5-33fc79e7b955,18205.5
77L,77L,A,Penn Hills,PENN HILLS - Universal Plaza,32,d543426c-f2bc-4eb8-bb09-9e4c9c44882f,21558.6
77L,77L,A,Penn Hills,PENN HILLS - Universal Plaza,33,6b0ebe69-e4f9-415d-a62d-c9a2ff14ed3e,673.3
77L,77L,A,Penn Hills,PENN HILLS - Universal Plaza,34,ce4fb371-7da7-4b85-9261-1f2faf89e5a9,23100.6
77L,77L,A,Penn Hills,PENN HILLS - Universal Plaza,35,fea912e3-d63f-4419-aae8-c99ab8ae0da0,12529.0
77L,77L,A,Penn Hills,PENN HILLS - Universal Plaza,36,43bc3efe-cba8-4864-bd66-822b4bca5f1d,18466.9
77L,77L,A,Penn Hills,PENN HILLS - Universal Plaza,37,2271b364-cb8c-47af-9b5b-ecb2674cec65,13467.1
77L,77L,A,Penn Hills,PENN HILLS - Universal Plaza,38,f5935b55-2060-4a79-9f41-c3b57de7a352,13348.7
77L,77L,A,Penn Hills,PENN HILLS - Universal Plaza,39,e48dae37-eea1-47b4-90ae-e6da4f2765ac,11931.4
77L,77L,A,Penn Hills,PENN HILLS - Universal Plaza,40,d697236a-d238-4429-97cb-0adc3baddd45,14076.7
77L,77L,A,Penn Hills,PENN HILLS - Universal Plaza,41,7c838cd7-b739-47c5-8526-81a135af6f04,12062.4
77L,77L,A,Penn Hills,PENN HILLS - Universal Plaza,42,ad76d412-811f-4a5a-8004-fe5bfd7e06cb,23592.1
77L,77L,A,Penn Hills,PENN HILLS - Universal Plaza,43,3c2e4265-808a-4077-9bc3-cc56d67aa1f0,22946.9
77L,77L,A,Penn Hills,PENN HILLS - Universal Plaza,44,4d1613ec-7cb2-4f3c-8ad4-e24af9ebd045,12826.5
77L,77L,A,Penn Hills,PENN HILLS - Universal Plaza,45,2423cb62-99be-47eb-80ae-8ac997a86447,13571.3
77L,77L,A,Penn Hills,PENN HILLS - Universal Plaza,46,1a62cf36-7450-4ba7-8385-6ce221a33604,7591.8
77L,77L,A,Penn Hills,PENN HILLS - Universal Plaza,47,b76044ad-69e5-4d40-9e85-262441940032,6700.2
77L,77L,A,Penn Hills,PENN HILLS - Universal Plaza,48,d7e7f916-cad5-4ab4-a6f5-1ea14378b914,17278.5
77L,77L,A,Penn Hills,PENN HILLS - Universal Plaza,49,62f6ae0d-5d36-4693-82d5-246c2c7c5531,19742.2
77L,77L,A,Penn Hills,PENN HILLS - Universal Plaza,50,8da5c338-a832-413e-a0a3-8073abef1163,15038.5
77L,77L,A,Penn Hills,PENN HILLS - Universal Plaza,51,8d00884a-1c8b-4a24-983b-9f486b8aa9fb,363.2
77L,77L,A,Penn Hills,PENN HILLS - Universal Plaza,52,7bd1f0a1-3122-419d-b212-9942d136c320,10905.3
77L,77L,A,Penn Hills,PENN HILLS - Universal Plaza,53,2a3695a9-f6cd-4b09-88a1-e86eedbd6ea4,3372.8
77L,77L,A,Penn Hills,PENN HILLS - Universal Plaza,54,e5e12f8d-93b8-4a62-8446-3f868b3bb2a3,20830.4
77L,77L,A,Penn Hills,PENN HILLS - Universal Plaza,55,1a64d6d8-4e54-48d9-b70a-6d6a2dbb6a8c,14346.2
77L,77L,A,Penn Hills,PENN HILLS - Universal Plaza,56,35eaf546-371a-4d19-a090-9e5045a65a63,11826.6
77L,77L,A,Penn Hills,PENN HILLS - Universal Plaza,57,8a3b1f8d-5960-49a4-8cc1-0e89b2b3f739,11680.4
77L,77L,A,Penn Hills,PENN HILLS - Universal Plaza,58,5102cc33-3d5f-4674-8fc3-0d23e987e586,24089.4
59,59,A,Homestead,HOMESTEAD,1,4fe312f3-3d35-499b-94ab-aad452a29a62,17579.3
59,59,A,Homestead,HOMESTEAD,2,59432e12-ab9f-4837-98f5-c72d305b8202,25617.8
59,59,A,Homestead,HOMESTEAD,3,a89e8728-2ffe-40f5-9eca-de966e0fde1d,8549.9
59,59,A,Homestead,HOMESTEAD,4,44de07e0-a817-4d97-9549-f0755b3f649d,10570.2
59,59,A,Homestead,HOMESTEAD,5,ed7cbe55-1ccc-460c-8778-5d6931c895db,16266.8
59,59,A,Homestead,HOMESTEAD,6,af4d2d25-1410-4c12-85e9-8b35b80fcd04,16420.1
59,59,A,Homestead,HOMESTEAD,7,bee97f9f-ff6a-48f1-89f0-d6c4382a580b,6099.7
59,59,A,Homestead,HOMESTEAD,8,250d5da3-92d3-4046-a56b-2b3048b4ea7e,2719.3
59,59,A,Homestead,HOMESTEAD,9,27827116-26b2-406e-8293-5dd666d60010,19484.0
59,59,A,Homestead,HOMESTEAD,10,c89fab66-b403-4f9d-8d15-7bba6c7b7b33,6188.1
59,59,A,Homestead,HOMESTEAD,11,4184751b-5c2c-4eab-b6bc-2e85f906d09b,14982.4
59,59,A,Homestead,HOMESTEAD,12,fb6b8f54-1d7b-4380-af92-2ec655bcc0c9,10747.7
59,59,A,Homestead,HOMESTEAD,13,13751f1c-e20b-4ddc-aa51-23d95a80da04,23346.6
59,59,A,Homestead,HOMESTEAD,14,2b113eb9-4d2b-4e49-aac1-3751c44de68c,15087.8
59,59,A,Homestead,HOMESTEAD,15,c789cdf7-32ec-4314-a34d-06d170a9a8c8,21014.6
59,59,A,Homestead,HOMESTEAD,16,a7ddd363-3311-4023-9abc-d86cca162ca1,24229.0
59,59,A,Homestead,HOMESTEAD,17,78f7fb04-8656-4a15-af84-cc8ce7137362,15544.2
59,59,A,Homestead,HOMESTEAD,18,ad3be501-1c27-4c56-b97f-ab6752be66d0,0
59,59,A,Homestead,HOMESTEAD,19,d0b3778f-21ac-4c8c-8b0a-57b0d7e689b3,25277.7
59,59,A,Homestead,HOMESTEAD,20,62ec26b8-a0c4-4ab2-8cc6-920ef66bb778,24504.2
59,59,A,Homestead,HOMESTEAD,21,71b85f74-6632-4c4b-a5a5-79a9e3f4a42b,25408.8
59,59,A,Homestead,HOMESTEAD,22,0ff8e0ae-991f-4325-af6c-7fc3f21af2d6,19983.1
59,59,A,Homestead,HOMESTEAD,23,5542ad04-acde-48de-819f-cb3ba81f1dfe,15986.7
59,59,A,Homestead,HOMESTEAD,24,a494c973-4b4f-4b3c-b29b-fec3cfcd7c1c,28296.3
59,59,A,Homestead,HOMESTEAD,25,4526974b-8148-4cb4-b8d9-7b22d2aa4cf7,13541.7
59,59,A,Homestead,HOMESTEAD,26,925909ba-0bfa-406a-a74e-cec9cdb3fd88,4721.2
59,59,A,Homestead,HOMESTEAD,27,9613a776-dabb-464f-9b84-971d80ba93ec,19174.0
59,59,A,Homestead,HOMESTEAD,28,f830eed8-2be6-4505-af0a-cf5e5bbc065b,14594.6
59,59,A,Homestead,HOMESTEAD,29,114e12ab-3b8c-423a-8bea-99aa28a0b266,14805.8
59,59,A,Homestead,HOMESTEAD,30,b89c08e0-fd20-4cfb-89c0-ec1d72257083,24864.7
59,59,A,Homestead,HOMESTEAD,31,c5fe76de-e60c-4717-ae54-56e714aebe78,30253.2
59,59,A,Homestead,HOMESTEAD,32,131d34b2-a16c-4a1b-b794-5f80f5e21fa5,25164.1
59,59,A,Homestead,HOMESTEAD,33,17aa280b-eb4f-45da-9486-7c52942f15ef,12951.4
59,59,A,Homestead,HOMESTEAD,34,24bd3ddc-8dad-4d94-8df1-c7d3489f3457,4342.2
59,59,A,Homestead,HOMESTEAD,35,00e1e949-e1f7-449b-916a-31a8c0a0d802,8379.9
59,59,A,Homestead,HOMESTEAD,36,a6ad501e-0c99-41ce-947c-da73bd70f123,15436.2
59,59,A,Homestead,HOMESTEAD,37,90e57bad-fa03-4b49-a3bf-9c3ad915d837,28166.3
59,59,A,Homestead,HOMESTEAD,38,53a817cc-0dcc-468c-bf26-d7e98001dfc2,24681.1
59,59,A,Homestead,HOMESTEAD,39,1f74d50b-7abd-4b3b-b09e-3ed222845080,14372.0
59,59,A,Homestead,HOMESTEAD,40,7d249c20-0c2b-4f1e-a511-6961567d7ed0,15873.6
59,59,A,Homestead,HOMESTEAD,41,82c62220-1e99-4b0a-8746-7ddd080a05e1,9333.5
59,59,A,Homestead,HOMESTEAD,42,2afd22b5-20bf-4841-a4ba-d9837b7bbb64,17597.7
59,59,A,Homestead,HOMESTEAD,43,e50e09f9-1bbd-4214-b525-1706102f651f,9188.4
59,59,A,Homestead,HOMESTEAD,44,3517b3b9-0752-409f-9232-32c2f66c60b2,29180.3
59,59,A,Homestead,HOMESTEAD,45,cfa80fec-bc2e-4832-8e71-4842d2ef60a5,20777.5
59,59,A,Homestead,HOMESTEAD,46,20b6d17a-d78a-4d7c-b29c-585eb2eb1dad,15075.1
59,59,A,Homestead,HOMESTEAD,47,58f6fa39-9b48-4139-9ab4-890505571926,20421.6
59,59,A,Homestead,HOMESTEAD,48,882f4a6c-c02b-4c73-bcf1-2dd7792ad071,20095.2
59,59,A,Homestead,HOMESTEAD,49,5057a26b-26eb-4bdf-9b38-a0b1fe75368d,6542.9
59,59,A,Homestead,HOMESTEAD,50,8ed22c0f-0237-4d9c-96e7-226e3bf363a3,16086.8
59,59,A,Homestead,HOMESTEAD,51,094f33e4-4766-46cc-856f-edd08e62643e,26040.2
59,59,A,Homestead,HOMESTEAD,52,93e816e9-e62a-49f8-9ab8-40a1684e31f6,15152.8
59,59,A,Homestead,HOMESTEAD,53,feb70f90-9765-4f56-85ee-b4deb8d9e572,9910.5
59,59,A,Homestead,HOMESTEAD,54,49051a86-e57d-4d0f-b1b2-18cc40adf3cd,27648.2
59,59,A,Homestead,HOMESTEAD,55,7604af80-705e-435b-bb62-bb98d501c790,26430.9
59,59,A,Homestead,HOMESTEAD,56,ead56a3f-ee73-4f5f-8262-49b4a7f1f941,25806.5
59,59,A,Homestead,HOMESTEAD,57,b42875bc-5d8a-44d8-bfa0-3aadb6c7a041,27934.4
59,59,A,Homestead,HOMESTEAD,58,e044542a-bcb1-4cd3-820b-93860e092d48,19799.0
59,59,A,Homestead,HOMESTEAD,59,b17f26f3-7adc-46c7-84a2-dd1d0bef667e,23699.8
59,59,A,Homestead,HOMESTEAD,60,fbfe31f5-d77a-49b9-9731-d53523655a62,10318.6
59,59,A,Homestead,HOMESTEAD,61,3c30cc4a-7b40-4a7e-a54e-3480bcb99be5,16186.6
59,59,A,Homestead,HOMESTEAD,62,efddf0b4-1ed3-44ad-87eb-6f0f7dc1575f,27176.1
59,59,A,Homestead,HOMESTEAD,63,1493d674-78c6-4e70-86c3-ce15ac50a827,27432.4
59,59,A,Homestead,HOMESTEAD,64,0a76baeb-f8c5-46af-a6f5-1759d09c21ad,17402.1
59,59,A,Homestead,HOMESTEAD,65,a6d2d852-f35a-42e4-903c-fd4b47ca8a7d,20564.6
59,59,A,Homestead,HOMESTEAD,66,01565e36-dc14-4ecb-b54f-642b5d34a66a,23000.6
59,59,A,Homestead,HOMESTEAD,67,aec29f12-9e94-49bb-81af-741fbe4e299e,14267.2
59,59,A,Homestead,HOMESTEAD,68,c41c65ca-a0c1-40dd-989a-9c10c3c9d67c,24342.7
59,59,A,Homestead,HOMESTEAD,69,15ad4f5c-054d-429b-9ffa-d78199e8f92f,16481.9
59,59,A,Homestead,HOMESTEAD,70,dff930aa-afbc-42a5-9fd7-c4a8ef26258f,17863.2
59,59,A,Homestead,HOMESTEAD,71,fa404e0e-0955-4050-883d-2d293d39b0a7,22818.6
59,59,A,Homestead,HOMESTEAD,72,5b892fe5-b1d8-440d-81d2-455cc069f66a,26873.5
59,59,A,Homestead,HOMESTEAD,73,2729d594-5203-438b-aab4-3a0406db83d2,15303.0
59,59,A,Homestead,HOMESTEAD,74,35d233d1-5e80-4ff7-83be-e6edf8cce8c9,6281.6
59,59,A,Homestead,HOMESTEAD,75,91cc4206-a769-4bd3-a3a8-e92096c33ca3,2443.9
59,59,A,Homestead,HOMESTEAD,76,34ee5d4c-51e2-415c-9b26-9d0c0efad525,28616.9
59,59,A,Homestead,HOMESTEAD,77,2bf80d81-02b0-4642-8c03-749fda4a67f4,607.3
59,59,A,Homestead,HOMESTEAD,78,d1aa646c-c0ac-4d7e-9204-df9dc4558b8c,1341.8
59,59,A,Homestead,HOMESTEAD,79,f5fd421d-ecbb-43ef-904c-0431cb408075,10138.4
59,59,A,Homestead,HOMESTEAD,80,7f98ace8-e89b-4e72-b07d-32f823dfed5b,16963.9
59,59,A,Homestead,HOMESTEAD,81,fe1afc97-acbb-44c6-bb88-b04bf8831ba0,25501.1
59,59,A,Homestead,HOMESTEAD,82,939b83d5-a0ad-4ffc-ba05-188eef3d52f3,28853.9
59,59,A,Homestead,HOMESTEAD,83,860a8b2e-5c09-4507-b495-cd25c56f84bd,9690.1
59,59,A,Homestead,HOMESTEAD,84,4eb0914f-8e25-4f8c-a227-e6cadb5f51d7,14902.8
59,59,A,Homestead,HOMESTEAD,85,a80185ff-6355-438e-83e2-25d0d36a49de,27747.2
59,59,A,Homestead,HOMESTEAD,86,b561075b-e7d1-42e4-9802-396c9d406b20,7664.2
59,59,A,Homestead,HOMESTEAD,87,600a7896-9d7a-4823-be0d-c037d2a5adb7,14577.1
59,59,A,Homestead,HOMESTEAD,88,a7938d5b-0a1a-4550-aef2-85c338b62251,15001.7
59,59,A,Homestead,HOMESTEAD,89,2aa2724d-3d87-449d-ae75-5c1417415f25,13537.3
59,59,A,Homestead,HOMESTEAD,90,553ee918-93f3-4d7e-a122-ffb4d22931e3,8006.5
59,59,A,Homestead,HOMESTEAD,91,eb3a8226-f6c9-426a-aa45-607dbe826c06,22131.6
59,59,A,Homestead,HOMESTEAD,92,28efeed5-675b-4dd2-a11a-01bc1bea579f,960.2
59,59,A,Homestead,HOMESTEAD,93,90c8ce8b-66a8-4123-a881-16bd2e545b39,15654.3
59,59,A,Homestead,HOMESTEAD,94,c86ecea0-9a6f-49e1-9e81-82a86820b85f,9044.6
59,59,A,Homestead,HOMESTEAD,95,ff957030-9274-4bf1-a3fa-1fef0370aeaa,16645.1
59,59,A,Homestead,HOMESTEAD,96,fe59f785-c762-4c96-84af-b1301f53a253,17759.2
59,59,A,Homestead,HOMESTEAD,97,973c6cb5-80c7-40e5-98be-5f01980581ed,9498.0
59,59,A,Homestead,HOMESTEAD,98,51fbd397-ce80-4eb5-ab93-5ad4a6f46e22,4960.0
59,59,A,Homestead,HOMESTEAD,99,b13b0282-cc07-4b11-875f-729458149baf,13768.8
59,59,A,Homestead,HOMESTEAD,100,d8fb5295-830b-4cb6-a659-c00e04ad7794,17261.9
59,59,A,Homestead,HOMESTEAD,101,d6b677b6-505b-4c2c-933e-e66838b924aa,21227.7
59,59,A,Homestead,HOMESTEAD,102,6695608e-68d6-4937-890b-0ef2f7034bd0,21912.4
59,59,A,Homestead,HOMESTEAD,103,ac89f223-1840-4838-a182-7c29beca4682,13953.7
59,59,A,Homestead,HOMESTEAD,104,8174987a-42cf-4f14-b0c8-b4ca644eb950,12551.4
59,59,A,Homestead,HOMESTEAD,105,9ccebf68-d27f-4151-afe6-204a4fb3682e,16829.4
59,59,A,Homestead,HOMESTEAD,106,9e826dd5-33a9-43c1-b654-1820881cead8,5271.6
59,59,A,Homestead,HOMESTEAD,107,14e19eae-9c8a-4ee1-a55e-d7044b81c982,3850.4
59,59,A,Homestead,HOMESTEAD,108,6641b5af-657f-4dfb-b068-754227fc3da7,25922.1
59,59,A,Homestead,HOMESTEAD,109,ec3b9c9f-06ac-40ce-a246-13ed9c401223,3379.2
59,59,A,Homestead,HOMESTEAD,110,e647ffc4-d90a-486e-a4a6-224c3f896f1d,24036.0
59,59,A,Homestead,HOMESTEAD,111,5d0ad94e-cc98-4cd3-b7c4-00058935ed67,17064.4
59,59,A,Homestead,HOMESTEAD,112,162c1965-982f-498e-ab2a-7ce2fe512c48,19358.4
59,59,A,Homestead,HOMESTEAD,113,b8163a2f-13d8-4a67-aaeb-71d4796c6464,28710.5
59,59,A,West Mifflin,WEST MIFFLIN,1,0a5305c7-23e9-4780-97c2-c4f0a42d577d,11958.3
59,59,A,West Mifflin,WEST MIFFLIN,2,19caf091-116f-4b83-bd81-edb6bf40c645,14270.1
59,59,A,West Mifflin,WEST MIFFLIN,3,1df02f16-2375-4476-bea1-fa59ba6780ee,14143.3
59,59,A,West Mifflin,WEST MIFFLIN,4,c012c7ba-787b-4923-bae1-62a5c4878ac3,3973.3
59,59,A,West Mifflin,WEST MIFFLIN,5,d1a79388-03b7-47ee-80f8-248b2e3689a8,24906.9
59,59,A,West Mifflin,WEST MIFFLIN,6,e0406795-8dc5-4c72-b6e6-b2bd3d5a8c22,3877.5
59,59,A,West Mifflin,WEST MIFFLIN,7,0a6ebf1b-cda7-460c-a61c-1cbd2641b7b4,6106.1
59,59,A,West Mifflin,WEST MIFFLIN,8,3618c4a6-b6fc-4f07-8e19-36fc3fc616f7,24073.9
59,59,A,West Mifflin,WEST MIFFLIN,9,62ec26b8-a0c4-4ab2-8cc6-920ef66bb778,4535.8
59,59,A,West Mifflin,WEST MIFFLIN,10,8a7ccbc1-a486-45a4-9f40-eaab3d54a79f,24358.9
59,59,A,West Mifflin,WEST MIFFLIN,11,86ded2f6-ce0d-40ce-a833-0fd5fc1e9c26,13497.7
59,59,A,West Mifflin,WEST MIFFLIN,12,fed94563-1945-4dc2-bb24-5ce54bdab4c9,13398.0
59,59,A,West Mifflin,WEST MIFFLIN,13,7f7ccd0a-db06-4057-9948-3ece49914c04,14028.7
59,59,A,West Mifflin,WEST MIFFLIN,14,9129145d-f0ca-481d-b601-ebbf9b3b2e3e,3744.1
59,59,A,West Mifflin,WEST MIFFLIN,15,b89c08e0-fd20-4cfb-89c0-ec1d72257083,4896.9
59,59,A,West Mifflin,WEST MIFFLIN,16,fd5fd154-5517-4013-a348-526e1816be72,2229.5
59,59,A,West Mifflin,WEST MIFFLIN,17,cc48e05a-7f7a-4463-89b1-515b10dc3a37,15197.3
59,59,A,West Mifflin,WEST MIFFLIN,18,5ffb8775-2d91-43a2-9e14-c3d42a9d8b93,10077.6
59,59,A,West Mifflin,WEST MIFFLIN,19,25566ec5-120f-481c-8106-f5eab6fcb7e7,25602.1
59,59,A,West Mifflin,WEST MIFFLIN,20,2b113eb9-4d2b-4e49-aac1-3751c44de68c,14500.2
59,59,A,West Mifflin,WEST MIFFLIN,21,949e7836-20e2-457a-b5c9-37cb80da6371,4210.3
59,59,A,West Mifflin,WEST MIFFLIN,22,88ad27ae-173f-40e7-95ed-1b6e484b16e9,20820.7
59,59,A,West Mifflin,WEST MIFFLIN,23,c246d095-848e-4420-9553-15cd182ad929,10315.1
59,59,A,West Mifflin,WEST MIFFLIN,24,129a941e-9867-42b8-b4f7-f228c735fdd1,18651.9
59,59,A,West Mifflin,WEST MIFFLIN,25,d0b3778f-21ac-4c8c-8b0a-57b0d7e689b3,5310.2
59,59,A,West Mifflin,WEST MIFFLIN,26,a7938d5b-0a1a-4550-aef2-85c338b62251,14586.4
59,59,A,West Mifflin,WEST MIFFLIN,27,e94d0dd9-a144-465c-a0d0-41bccb4e057c,16097.6
59,59,A,West Mifflin,WEST MIFFLIN,28,b1c61ffe-d3c1-4da6-8079-fd7ef56e37bd,13597.4
59,59,A,West Mifflin,WEST MIFFLIN,29,9dd340b0-949b-4eb7-a3a4-4093db6c48be,23101.3
59,59,A,West Mifflin,WEST MIFFLIN,30,84826442-d2fb-4f6d-95f6-a4f74d2ccd11,23204.2
59,59,A,West Mifflin,WEST MIFFLIN,31,5e70dc41-0883-4fa4-a51f-59874af4c40d,13104.2
59,59,A,West Mifflin,WEST MIFFLIN,32,b3ab455b-b7a4-4100-bb2b-8cfb7ee28c89,7866.2
59,59,A,West Mifflin,WEST MIFFLIN,33,01c2ca7f-5602-47f2-a0d3-e76539ae05ce,973.5
59,59,A,West Mifflin,WEST MIFFLIN,34,f446abe2-7d93-4957-ba82-a736ae7f6bd9,15789.2
59,59,A,West Mifflin,WEST MIFFLIN,35,1fa40c77-2551-4d8f-bdbb-ab0834b36075,5573.7
59,59,A,West Mifflin,WEST MIFFLIN,36,8c89bf3d-7b84-4a57-9b33-4e2edc3723bd,14666.7
59,59,A,West Mifflin,WEST MIFFLIN,37,f64c4a64-f5ee-4b48-ad93-5608f5ca9345,10440.3
59,59,A,West Mifflin,WEST MIFFLIN,38,131d34b2-a16c-4a1b-b794-5f80f5e21fa5,5196.5
59,59,A,West Mifflin,WEST MIFFLIN,39,73026cca-9d68-4bb5-85cb-057f1d6cfadf,20077.7
59,59,A,West Mifflin,WEST MIFFLIN,40,cfa80fec-bc2e-4832-8e71-4842d2ef60a5,8776.5
59,59,A,West Mifflin,WEST MIFFLIN,41,265c4dc6-7473-433e-bb7c-06a75c44cc5a,15613.2
59,59,A,West Mifflin,WEST MIFFLIN,42,1c9fba9a-ccf7-40a4-abfb-6c5bdeebb83b,19788.7
59,59,A,West Mifflin,WEST MIFFLIN,43,bc787198-b203-4a70-b7dd-ed90b6450680,18485.1
59,59,A,West Mifflin,WEST MIFFLIN,44,7bb5087b-0aea-46d3-9176-ff5e58769d75,1869.3
59,59,A,West Mifflin,WEST MIFFLIN,45,d45ebba2-9c21-472a-8f19-d7672d998983,6999.2
59,59,A,West Mifflin,WEST MIFFLIN,46,3c0fe1be-5158-454f-8c5b-4afba6844633,25901.7
59,59,A,West Mifflin,WEST MIFFLIN,47,f29c0578-a7ac-4eb9-902c-12a5212507a6,21636.8
59,59,A,West Mifflin,WEST MIFFLIN,48,53a817cc-0dcc-468c-bf26-d7e98001dfc2,4713.2
59,59,A,West Mifflin,WEST MIFFLIN,49,04d51c19-25f2-4bbd-9cbe-4bfd2369cb98,14412.1
59,59,A,West Mifflin,WEST MIFFLIN,50,dd580aea-d2fb-47c0-adff-46516deafc9c,2041.3
59,59,A,West Mifflin,WEST MIFFLIN,51,2dfa7f53-e286-4a36-9ec0-1c4f917ed699,20908.1
59,59,A,West Mifflin,WEST MIFFLIN,52,74adcb63-8e80-449b-9eec-2af26e3b5d66,1682.2
59,59,A,West Mifflin,WEST MIFFLIN,53,c789cdf7-32ec-4314-a34d-06d170a9a8c8,9008.0
59,59,A,West Mifflin,WEST MIFFLIN,54,7c4653a0-0350-4c9c-b265-1311845755a1,13153.3
59,59,A,West Mifflin,WEST MIFFLIN,55,b46fe53d-7ad1-440f-878d-93c47dba5d78,24611.6
59,59,A,West Mifflin,WEST MIFFLIN,56,c66eac31-bc94-4df9-b3f9-439dda07a767,28389.2
59,59,A,West Mifflin,WEST MIFFLIN,57,8912d9b1-6e36-4366-be99-29de5afa8c79,14758.4
59,59,A,West Mifflin,WEST MIFFLIN,58,419fb27b-086a-445a-9f14-a67ef39e069a,12496.7
59,59,A,West Mifflin,WEST MIFFLIN,59,1202dc10-2f55-4154-8bbb-860b89aa8212,608.2
59,59,A,West Mifflin,WEST MIFFLIN,60,9ec61b04-1630-4070-99f1-017ee5fc20bc,6452.0
59,59,A,West Mifflin,WEST MIFFLIN,61,ad3be501-1c27-4c56-b97f-ab6752be66d0,29358.0
59,59,A,West Mifflin,WEST MIFFLIN,62,c4114667-6204-4f42-8943-851bb97f41f1,12298.6
59,59,A,West Mifflin,WEST MIFFLIN,63,76118136-ed12-4ae1-8127-f2d9ff892ddd,7698.7
59,59,A,West Mifflin,WEST MIFFLIN,64,f84d4a9c-0ada-4e9c-932f-0bab2814c740,10610.5
59,59,A,West Mifflin,WEST MIFFLIN,65,3cd3bc0e-30ef-4a02-afde-981bc1c7252d,9802.4
59,59,A,West Mifflin,WEST MIFFLIN,66,9d901f39-fbab-4d2c-94ef-2b79fef80dfc,11491.4
59,59,A,West Mifflin,WEST MIFFLIN,67,f7991f89-d123-4cb3-8183-3a9c1a253465,2615.5
59,59,A,West Mifflin,WEST MIFFLIN,68,384792b6-7c4f-4766-a0ac-1cd773c72370,25468.5
59,59,A,West Mifflin,WEST MIFFLIN,69,c91fe725-b9bc-4755-aec3-21e000a7e5d7,13906.7
59,59,A,West Mifflin,WEST MIFFLIN,70,e573222d-0d8e-455c-a569-ff89f7b31f9f,16601.5
59,59,A,West Mifflin,WEST MIFFLIN,71,c5fe76de-e60c-4717-ae54-56e714aebe78,0
59,59,A,West Mifflin,WEST MIFFLIN,72,693e002d-5ad1-4bac-9dc4-db17ae8d2e26,28745.4
59,59,A,West Mifflin,WEST MIFFLIN,73,9a8ad68b-0580-4aa1-b8a9-5daa2d0ead81,4306.5
59,59,A,West Mifflin,WEST MIFFLIN,74,a951180c-d1dd-4e51-a84b-77a78a5c8827,11643.5
59,59,A,West Mifflin,WEST MIFFLIN,75,838dd25c-f3a9-416f-ab3c-650140ad7fa1,1181.9
59,59,A,West Mifflin,WEST MIFFLIN,76,1cdcd074-f961-4579-8962-53b9e51a05db,18895.7
59,59,A,West Mifflin,WEST MIFFLIN,77,2cf15f5f-94e0-410b-b4cd-6fdeea29a50f,16379.1
59,59,A,West Mifflin,WEST MIFFLIN,78,d77b0a8d-6ce0-49ba-bd4f-8823ab05f5fe,3376.3
59,59,A,West Mifflin,WEST MIFFLIN,79,2bda804a-4cad-4c97-9c76-43befa389659,11285.3
59,59,A,West Mifflin,WEST MIFFLIN,80,148d9109-027c-4851-9471-99cf0e178fa8,5856.6
59,59,A,West Mifflin,WEST MIFFLIN,81,e47da1ec-a462-4140-aa5e-4a2bf6de7794,12744.6
59,59,A,West Mifflin,WEST MIFFLIN,82,beab8ef8-1d07-4bf8-9cc5-5246444b5c3c,16996.9
59,59,A,West Mifflin,WEST MIFFLIN,83,a743ae4a-466a-4245-83de-810572a8aa4b,11729.7
59,59,A,West Mifflin,WEST MIFFLIN,84,a3c3ac79-9186-4cb8-81be-a1f7831f1a3e,12932.1
59,59,A,West Mifflin,WEST MIFFLIN,85,98211e40-de5f-41be-9ad7-1dc4ed1cdb1d,4411.9
59,59,A,West Mifflin,WEST MIFFLIN,86,f93c807b-e82b-4b9c-98dc-9d2cb8b1c55c,25572.2
59,59,A,West Mifflin,WEST MIFFLIN,87,f542ab71-9bb2-43b9-81eb-866e5ca42ac8,23025.6
59,59,A,West Mifflin,WEST MIFFLIN,88,da51a805-0ec8-4f38-a6a4-cb1f222b8c00,13695.1
59,59,A,West Mifflin,WEST MIFFLIN,89,6a9213cc-5254-4027-8030-38f18680bede,22888.3
59,59,A,West Mifflin,WEST MIFFLIN,90,4edf91df-1683-40f4-8bbc-16f7968a26c7,19377.9
59,59,A,West Mifflin,WEST MIFFLIN,91,64dfaf3c-e833-453c-abd2-ec4e8f6ac457,10786.5
59,59,A,West Mifflin,WEST MIFFLIN,92,9560ae0a-fdab-4f77-9aa4-21565e9e42dc,1499.3
59,59,A,West Mifflin,WEST MIFFLIN,93,feea4c3f-b9f2-4bfb-a65b-2596a39d76c5,6856.5
59,59,A,West Mifflin,WEST MIFFLIN,94,bbe449d8-df6b-4ef1-a79a-6d91a038204f,21247.6
59,59,A,West Mifflin,WEST MIFFLIN,95,9344e75e-7ed8-4145-b6f1-048676f7ed68,12097.6
59,59,A,West Mifflin,WEST MIFFLIN,96,b8b5703a-1a76-4092-8e89-6566af7b4959,27945.3
59,59,A,West Mifflin,WEST MIFFLIN,97,0765f899-05ba-46fc-a888-d8a7d90c1cbe,2909.9
59,59,A,West Mifflin,WEST MIFFLIN,98,eaf50819-54b9-434d-9295-05750f58b70c,13278.9
59,59,A,West Mifflin,WEST MIFFLIN,99,47dc864a-532c-4e34-ab74-e2282d02f125,19091.4
59,59,A,West Mifflin,WEST MIFFLIN,100,de74544d-705c-4362-b659-a1b06d0377c2,15394.6
59,59,A,West Mifflin,WEST MIFFLIN,101,d8fdb03b-de37-48fa-b4a0-317bc446d1ba,9397.6
59,59,A,West Mifflin,WEST MIFFLIN,102,ecf41cfa-9b1a-4513-b71c-a3dcc04bd93a,20317.7
59,59,A,West Mifflin,WEST MIFFLIN,103,9cfebb11-4e54-4632-9e85-1f32c873c432,26781.8
71X,71X,A,Downtown,"DOWNTOWN via Highland Ave, Oakland",1,00e45143-0cff-4ce1-8bce-e46f841fd98a,1861.9
71X,71X,A,Downtown,"DOWNTOWN via Highland Ave, Oakland",2,f7ddc909-8e03-4637-8aeb-694d3c897966,988.8
71X,71X,A,Downtown,"DOWNTOWN via Highland Ave, Oakland",3,5a4b5ed6-b17a-425e-9f65-1ebdd1fdac0e,8219.3
71X,71X,A,Downtown,"DOWNTOWN via Highland Ave, Oakland",4,90bb5b4b-92cb-41ce-b42b-c54d4f5af33f,10421.1
71X,71X,A,Downtown,"DOWNTOWN via Highland Ave, Oakland",5,0d88d11d-586a-44c2-9d9c-14b4deb7a523,5187.7
71X,71X,A,Downtown,"DOWNTOWN via Highland Ave, Oakland",6,c37145c7-6ab4-4c62-9585-be04da206765,2892.4
71X,71X,A,Downtown,"DOWNTOWN via Highland Ave, Oakland",7,f4bdee11-78c3-4b61-a298-99f0bee0ae24,502.1
71X,71X,A,Downtown,"DOWNTOWN via Highland Ave, Oakland",8,3bf99cfb-221f-45fe-80fb-f5680cc2fb0e,588.7
71X,71X,A,Downtown,"DOWNTOWN via Highland Ave, Oakland",9,062d3731-9b0b-4173-9c05-d85e12194a65,813.2
71X,71X,A,Downtown,"DOWNTOWN via Highland Ave, Oakland",10,be709c6d-ce58-45de-8bd9-17aa7c1f03fd,1136.1
71X,71X,A,Downtown,"DOWNTOWN via Highland Ave, Oakland",11,2bb66cb3-fbb0-4d2b-9876-225dd481051f,7452.0
71X,71X,A,Downtown,"DOWNTOWN via Highland Ave, Oakland",12,cf30413a-e079-44cc-9619-06a73da7c5a2,9776.3
71X,71X,A,Downtown,"DOWNTOWN via Highland Ave, Oakland",13,64dfc44f-9f18-4485-97d4-728f7afa6fd8,1469.9
71X,71X,A,Downtown,"DOWNTOWN via Highland Ave, Oakland",14,321f76d5-628b-42e5-b61b-14e4cd4246a4,3701.7
71X,71X,A,Downtown,"DOWNTOWN via Highland Ave, Oakland",15,af64c338-7ead-44f2-8110-b608a5674a48,8648.1
71X,71X,A,Downtown,"DOWNTOWN via Highland Ave, Oakland",16,bf51b597-0a63-4567-bb45-2b3bc4d2dd27,674.3
71X,71X,A,Downtown,"DOWNTOWN via Highland Ave, Oakland",17,e8c42e00-0400-498f-ba61-05b959dd9e25,1657.9
71X,71X,A,Downtown,"DOWNTOWN via Highland Ave, Oakland",18,2ac2a71e-dc3b-4e4c-9ee7-2b13e59751a0,4479.7
71X,71X,A,Downtown,"DOWNTOWN via Highland Ave, Oakland",19,bdca7a7b-5a66-4b90-9cfb-c25f686a9c83,1993.8
71X,71X,A,Downtown,"DOWNTOWN via Highland Ave, Oakland",20,6071051e-a899-403d-a139-15458b4e076a,5742.4
71X,71X,A,Downtown,"DOWNTOWN via Highland Ave, Oakland",21,b4de2413-54d6-4777-bc52-e2fb1660695d,3255.8
71X,71X,A,Downtown,"DOWNTOWN via Highland Ave, Oakland",22,d101f86f-06cf-4eaf-88c0-8a082166e849,6403.3
71X,71X,A,Downtown,"DOWNTOWN via Highland Ave, Oakland",23,8db1442b-42e2-4579-b90f-58e7d9044cd5,2317.0
71X,71X,A,Downtown,"DOWNTOWN via Highland Ave, Oakland",24,51bfc8c3-c0de-4e1a-86fa-5d4881fce7a0,0
71X,71X,A,Downtown,"DOWNTOWN via Highland Ave, Oakland",25,028e5156-c567-4186-8765-e6bf787f55ab,2749.2
71X,71X,A,Downtown,"DOWNTOWN via Highland Ave, Oakland",26,613a3875-6c70-476b-b65f-378497702f43,6148.5
71X,71X,A,Downtown,"DOWNTOWN via Highland Ave, Oakland",27,aa3e511a-874e-4707-8e4b-366bd635eced,300.0
71X,71X,A,Downtown,"DOWNTOWN via Highland Ave, Oakland",28,1a2ff6f3-cbe1-46da-b3c6-ec99cc9e884c,4064.2
71X,71X,A,Downtown,"DOWNTOWN via Highland Ave, Oakland",29,9a181d2f-b436-4ed9-8270-6061db6aba34,9283.1
71X,71X,A,Downtown,"DOWNTOWN via Highland Ave, Oakland",30,6f0f13c8-d8e0-49da-b5e5-ad24d8c2c3d5,6770.0
71X,71X,A,Downtown,"DOWNTOWN via Highland Ave, Oakland",31,5d2d1937-f4a6-4c15-b3de-f759736f46dc,10171.9
71X,71X,A,Downtown,"DOWNTOWN via Highland Ave, Oakland",32,1795f05a-f265-4892-9e64-c2587adc0e45,2544.5
71X,71X,A,Downtown,"DOWNTOWN via Highland Ave, Oakland",33,48fa8e30-bf24-4805-8ec4-60acfb9c6a4e,8970.2
71X,71X,A,Downtown,"DOWNTOWN via Highland Ave, Oakland",34,02f6326c-e983-4a9d-9d48-5b9a1c9bfdfd,10823.7
71X,71X,A,Downtown,"DOWNTOWN via Highland Ave, Oakland",35,c93e86b2-2be1-4001-973f-56ce453a0e5e,1303.9
71X,71X,A,Highland Park,"HIGHLAND PARK via Oakland, Highland Ave",1,87987165-bfcb-4b91-9246-f684e915d125,2463.7
71X,71X,A,Highland Park,"HIGHLAND PARK via Oakland, Highland Ave",2,a580a7a3-11da-4fdb-85a1-9757499337a6,5811.7
71X,71X,A,Highland Park,"HIGHLAND PARK via Oakland, Highland Ave",3,9a9f4300-1e0e-40dd-8e54-9435a4323ce2,8963.1
71X,71X,A,Highland Park,"HIGHLAND PARK via Oakland, Highland Ave",4,4ac89d96-5f73-422b-b7b5-eae801139f6b,715.5
71X,71X,A,Highland Park,"HIGHLAND PARK via Oakland, Highland Ave",5,36645177-0dca-4bb7-bccb-c0004f0bb3a4,4908.9
71X,71X,A,Highland Park,"HIGHLAND PARK via Oakland, Highland Ave",6,51bfc8c3-c0de-4e1a-86fa-5d4881fce7a0,11768.0
71X,71X,A,Highland Park,"HIGHLAND PARK via Oakland, Highland Ave",7,fb5fc76a-0179-484f-b8d3-c260963d7ad4,10119.1
71X,71X,A,Highland Park,"HIGHLAND PARK via Oakland, Highland Ave",8,4f4b267f-ec77-4a97-9665-d811e8edebb2,5651.5
71X,71X,A,Highland Park,"HIGHLAND PARK via Oakland, Highland Ave",9,9bba82c4-35ff-42c1-9b00-255add9d572b,3861.6
71X,71X,A,Highland Park,"HIGHLAND PARK via Oakland, Highland Ave",10,b7b04ffc-b645-4286-be00-0a0b83d53336,2193.4
71X,71X,A,Highland Park,"HIGHLAND PARK via Oakland, Highland Ave",11,ad86f6c4-590d-4a48-ab5e-abefb881433d,10391.2
71X,71X,A,Highland Park,"HIGHLAND PARK via Oakland, Highland Ave",12,59c49c9d-a5e5-4976-b4db-8d365a2376c8,9778.7
71X,71X,A,Highland Park,"HIGHLAND PARK via Oakland, Highland Ave",13,75573d68-8bf8-437a-a223-b8548ff1b3e1,6221.8
71X,71X,A,Highland Park,"HIGHLAND PARK via Oakland, Highland Ave",14,39b60ca2-b167-4f2b-88b0-d300e9485b6b,9491.3
71X,71X,A,Highland Park,"HIGHLAND PARK via Oakland, Highland Ave",15,eb94a395-caa5-43a2-a9af-d0808dff32be,10912.0
71X,71X,A,Highland Park,"HIGHLAND PARK via Oakland, Highland Ave",16,87b8be82-3a6a-40c4-88a9-5b5a5a8d4d21,317.4
71X,71X,A,Highland Park,"HIGHLAND PARK via Oakland, Highland Ave",17,9af9595e-6a83-442c-8e63-f41373ae7e7f,10273.1
71X,71X,A,Highland Park,"HIGHLAND PARK via Oakland, Highland Ave",18,c5c2a9b6-c4c0-4fb0-ab84-be9270b0bf9a,7350.0
71X,71X,A,Highland Park,"HIGHLAND PARK via Oakland, Highland Ave",19,0e380c1e-851d-42e5-a44c-0efc9c835b1e,9946.1
71X,71X,A,Highland Park,"HIGHLAND PARK via Oakland, Highland Ave",20,d9b636c8-9a1a-4e14-a095-29926cde9d48,8493.1
71X,71X,A,Highland Park,"HIGHLAND PARK via Oakland, Highland Ave",21,3274b6d7-e00e-46e4-a44f-972377121606,10843.4
71X,71X,A,Highland Park,"HIGHLAND PARK via Oakland, Highland Ave",22,6b8239a1-f254-4897-acc7-869fb714c343,1844.9
71X,71X,A,Highland Park,"HIGHLAND PARK via Oakland, Highland Ave",23,3d4b3611-66ec-4635-b7aa-17348441daf9,11515.3
71X,71X,A,Highland Park,"HIGHLAND PARK via Oakland, Highland Ave",24,1bb5f73d-d63d-4a99-9569-9323b682b7cc,8163.6
71X,71X,A,Highland Park,"HIGHLAND PARK via Oakland, Highland Ave",25,22993ee6-5609-4892-967a-008a70775df4,4625.7
71X,71X,A,Highland Park,"HIGHLAND PARK via Oakland, Highland Ave",26,01899565-a9e2-49b6-a8d6-fb660e02261d,10516.5
71X,71X,A,Highland Park,"HIGHLAND PARK via Oakland, Highland Ave",27,a7e159f5-e91a-4ddf-8dfd-741e4268db37,9243.6
71X,71X,A,Highland Park,"HIGHLAND PARK via Oakland, Highland Ave",28,c31296fc-f581-4007-a2fd-cfc6f5b4d648,8119.3
71X,71X,A,Highland Park,"HIGHLAND PARK via Oakland, Highland Ave",29,780b544d-50fa-4117-ad8b-3fd49b82e78d,8698.6
71X,71X,A,Highland Park,"HIGHLAND PARK via Oakland, Highland Ave",30,d7f3d3f0-1cc2-4fbf-9268-a9e03a629d48,1371.0
71X,71X,A,Highland Park,"HIGHLAND PARK via Oakland, Highland Ave",31,ec0a1485-04f0-44a6-965b-5b8dca515252,10736.1
71X,71X,A,Highland Park,"HIGHLAND PARK via Oakland, Highland Ave",32,d45235ca-c669-493a-8761-8c81bf81786d,4262.1
71X,71X,A,Highland Park,"HIGHLAND PARK via Oakland, Highland Ave",33,02f6326c-e983-4a9d-9d48-5b9a1c9bfdfd,3.6
71X,71X,A,Highland Park,"HIGHLAND PARK via Oakland, Highland Ave",34,055458f7-6a55-4fd6-ba3c-cd2242d5c0d3,9096.3
71X,71X,A,Highland Park,"HIGHLAND PARK via Oakland, Highland Ave",35,a3d562fe-280b-4bf3-9d95-b03833d9c93c,6928.5
21,21,A,Downtown,DOWNTOWN via McKees Rocks,1,06297417-cba1-4dad-8e48-a5a4e4e9d1b7,16080.3
21,21,A,Downtown,DOWNTOWN via McKees Rocks,2,c9238e52-c64d-4418-b436-06e141326434,10990.0
21,21,A,Downtown,DOWNTOWN via McKees Rocks,3,187130b8-f356-426e-9a11-5deb680665b3,27021.6
21,21,A,Downtown,DOWNTOWN via McKees Rocks,4,a2d432cb-5654-4acc-9412-5d27fa6f3d43,20818.3
21,21,A,Downtown,DOWNTOWN via McKees Rocks,5,e54c7462-2c08-448c-99e5-6d4cc7b8a1d3,25796.5
21,21,A,Downtown,DOWNTOWN via McKees Rocks,6,409b9669-2cc0-4499-b3b9-d1669f5e82e3,1562.5
21,21,A,Downtown,DOWNTOWN via McKees Rocks,7,0f20d099-2001-41d9-bebe-e348eca8a33f,27205.7
21,21,A,Downtown,DOWNTOWN via McKees Rocks,8,599738c3-ade8-4d8a-b4f4-b5f290bfaf38,18796.2
21,21,A,Downtown,DOWNTOWN via McKees Rocks,9,6b0ebe69-e4f9-415d-a62d-c9a2ff14ed3e,28242.4
21,21,A,Downtown,DOWNTOWN via McKees Rocks,10,e5266b6a-0138-4329-8008-e91446f9b064,13741.2
21,21,A,Downtown,DOWNTOWN via McKees Rocks,11,93af3b26-457a-4c99-b6e4-e9d608a1d13b,8116.1
21,21,A,Downtown,DOWNTOWN via McKees Rocks,12,bde39404-b051-4006-8273-c56216173d5b,21852.8
21,21,A,Downtown,DOWNTOWN via McKees Rocks,13,89116171-2019-4a79-8767-7bbc52d77aec,902.0
21,21,A,Downtown,DOWNTOWN via McKees Rocks,14,5537d5a8-e709-4901-ab45-efc39aba4781,11825.0
21,21,A,Downtown,DOWNTOWN via McKees Rocks,15,235301c3-e6c7-4323-850b-0904070fc72c,9346.3
21,21,A,Downtown,DOWNTOWN via McKees Rocks,16,d7fe18e3-da18-44bf-b519-65b2890a450e,27514.1
21,21,A,Downtown,DOWNTOWN via McKees Rocks,17,c81cdfde-bcad-498b-86c3-115fde9c21af,14135.3
21,21,A,Downtown,DOWNTOWN via McKees Rocks,18,62125412-583e-4eb8-9c56-5b5976de1804,22281.8
21,21,A,Downtown,DOWNTOWN via McKees Rocks,19,de969890-17f6-4d41-b339-70432a52df62,10567.8
21,21,A,Downtown,DOWNTOWN via McKees Rocks,20,3415718c-940b-4c63-9fec-d6f8d3d97311,13252.5
21,21,A,Downtown,DOWNTOWN via McKees Rocks,21,e3613fb9-79d4-42b7-a3e2-85dba7e50d88,12132.0
21,21,A,Downtown,DOWNTOWN via McKees Rocks,22,cc2f4949-0878-41eb-be2d-7c5536dfd663,242.7
21,21,A,Downtown,DOWNTOWN via McKees Rocks,23,dce19d93-9ab3-4e55-866c-d4b3986ea0b9,8363.6
21,21,A,Downtown,DOWNTOWN via McKees Rocks,24,755ec996-bd74-4af2-b845-2fc58420ea5b,581.8
21,21,A,Downtown,DOWNTOWN via McKees Rocks,25,fad10b57-bdba-4551-ac67-aa931cb44933,23373.9
21,21,A,Downtown,DOWNTOWN via McKees Rocks,26,4c148b05-d032-4c26-9ada-aedb580b4ef8,18447.1
21,21,A,Downtown,DOWNTOWN via McKees Rocks,27,bfb5ec92-3a3d-44fc-928e-66dee3a4bfe6,19380.1
21,21,A,Downtown,DOWNTOWN via McKees Rocks,28,240184c7-24b4-4394-b3ab-38e76365e3ca,6745.7
21,21,A,Downtown,DOWNTOWN via McKees Rocks,29,f9d5946e-381c-4f5c-8588-42d72a24d9f2,18586.6
21,21,A,Downtown,DOWNTOWN via McKees Rocks,30,a69fa0f9-00a4-4051-85b0-f6a8dd967031,22128.6
21,21,A,Downtown,DOWNTOWN via McKees Rocks,31,1b63e7c1-f703-404f-a92d-e10196dc6a44,18268.8
21,21,A,Downtown,DOWNTOWN via McKees Rocks,32,7734cfbc-82bb-416e-b7c6-bdfb6c2ce6e1,20729.3
21,21,A,Downtown,DOWNTOWN via McKees Rocks,33,ed1df4d3-d7bc-4863-97b9-ad056720c8c8,9523.4
21,21,A,Downtown,DOWNTOWN via McKees Rocks,34,ba63631f-4f36-459f-9476-d728ad0ca7f9,20305.9
21,21,A,Downtown,DOWNTOWN via McKees Rocks,35,960683ec-0350-4b6f-80d1-f4d0f09f4c62,21235.4
21,21,A,Downtown,DOWNTOWN via McKees Rocks,36,5502075e-62b1-4d4c-823d-5db3839cc57b,12977.0
21,21,A,Downtown,DOWNTOWN via McKees Rocks,37,2ff5b095-6612-46d6-a3cf-cdadf0f27239,11144.7
21,21,A,Downtown,DOWNTOWN via McKees Rocks,38,19680926-b18f-4e60-82b9-48f9a9c2fd5b,19941.2
21,21,A,Downtown,DOWNTOWN via McKees Rocks,39,2bc3163b-b0b2-40cd-9204-94ba1b1806ce,9147.3
21,21,A,Downtown,DOWNTOWN via McKees Rocks,40,391532b5-8f6d-4e1e-956a-ea89c4f34f6f,1900.4
21,21,A,Downtown,DOWNTOWN via McKees Rocks,41,5539d645-9401-4076-befc-a7bdacbc67e5,14982.2
21,21,A,Downtown,DOWNTOWN via McKees Rocks,42,9298d58d-0155-49c5-ad26-ae5eb69811e0,12481.0
21,21,A,Downtown,DOWNTOWN via McKees Rocks,43,7e45aae9-998b-4d6f-8e87-4551101456da,13434.8
21,21,A,Downtown,DOWNTOWN via McKees Rocks,44,fce09d04-525e-4fc6-9f63-d42ae2d10981,12645.5
21,21,A,Downtown,DOWNTOWN via McKees Rocks,45,68556ee3-9fdb-4b18-8ae1-8eb42cb9d043,20152.7
21,21,A,Downtown,DOWNTOWN via McKees Rocks,46,5e9bb250-5751-40f3-a22b-01f9d0ddbe23,27749.3
21,21,A,Downtown,DOWNTOWN via McKees Rocks,47,42c933fb-4157-4b43-a2da-681f18d2dd5d,17641.0
21,21,A,Downtown,DOWNTOWN via McKees Rocks,48,b46ec1a8-a941-45b2-b43c-71b388566071,14538.8
21,21,A,Downtown,DOWNTOWN via McKees Rocks,49,b610cb19-4942-4da1-81e0-5e4b139500fc,7667.2
21,21,A,Downtown,DOWNTOWN via McKees Rocks,50,87d9f23d-a2e1-4f28-ab03-eeb6d1a091d0,19728.7
21,21,A,Downtown,DOWNTOWN via McKees Rocks,51,9dd30881-7000-4b84-b1c3-452881013cf5,21612.1
21,21,A,Downtown,DOWNTOWN via McKees Rocks,52,f513c141-2017-42c7-aeca-40ab4ff693c9,8619.9
21,21,A,Downtown,DOWNTOWN via McKees Rocks,53,1656918e-a9b8-41d4-a765-a62466cc9416,11321.4
21,21,A,Downtown,DOWNTOWN via McKees Rocks,54,3fd9ff1d-6b17-4f35-a63e-e703308dbd6d,1.3
21,21,A,Downtown,DOWNTOWN via McKees Rocks,55,7b07411a-16f5-4c1a-a826-c0eaa6390114,13828.1
21,21,A,Downtown,DOWNTOWN via McKees Rocks,56,962ad6f9-d48d-42e6-9624-a798af2dc3a6,19105.0
21,21,A,Downtown,DOWNTOWN via McKees Rocks,57,c8782081-aa12-42fd-a60f-8cbc2aa8efbf,9989.0
21,21,A,Downtown,DOWNTOWN via McKees Rocks,58,a5fc05e3-d5d5-4361-9039-ab459549e394,7936.6
21,21,A,Downtown,DOWNTOWN via McKees Rocks,59,2a1da5fe-0b8b-4eb0-91c3-57e53ce3bc03,10786.3
21,21,A,Downtown,DOWNTOWN via McKees Rocks,60,a42ca891-75ee-4f97-a42e-0147392d349f,21384.7
21,21,A,Downtown,DOWNTOWN via McKees Rocks,61,56405429-566d-4ff8-8482-adc9802567e3,25376.7
21,21,A,Downtown,DOWNTOWN via McKees Rocks,62,d6373bdb-4017-496d-9c0a-dcff227bcbb0,18002.2
21,21,A,Downtown,DOWNTOWN via McKees Rocks,63,87a9ade1-f5ef-4b54-9da6-72e1584c5683,23178.9
21,21,A,Downtown,DOWNTOWN via McKees Rocks,64,1dde15ad-1f54-468d-9ce0-b5ccdb6c8805,2238.2
21,21,A,Coraopolis,CORAOPOLIS via McKees Rocks,1,338b13b2-9917-4c1e-8993-ee64356c645b,11445.4
21,21,A,Coraopolis,CORAOPOLIS via McKees Rocks,2,3047dd1c-4718-4bdf-a69e-68f1cb8b9736,20036.0
21,21,A,Coraopolis,CORAOPOLIS via McKees Rocks,3,6ba6c2d7-c950-40a1-8278-27a1fed49f6c,10234.1
21,21,A,Coraopolis,CORAOPOLIS via McKees Rocks,4,d5f85e49-483b-4c59-9a43-45612105337e,15216.1
21,21,A,Coraopolis,CORAOPOLIS via McKees Rocks,5,5b3b7fe6-16a7-425e-ab98-47eddf7794ed,12545.8
21,21,A,Coraopolis,CORAOPOLIS via McKees Rocks,6,c82820e2-e39f-4fc9-8bda-12672bf47f7c,26318.7
21,21,A,Coraopolis,CORAOPOLIS via McKees Rocks,7,8097eda7-ca88-4adb-b9be-9589c89963d7,19868.5
21,21,A,Coraopolis,CORAOPOLIS via McKees Rocks,8,99a74c03-0d9f-44df-9bb7-338e1384f982,16843.3
21,21,A,Coraopolis,CORAOPOLIS via McKees Rocks,9,7e25a1f7-2fd1-4d2a-94c1-d2d96150c81c,8333.4
21,21,A,Coraopolis,CORAOPOLIS via McKees Rocks,10,ab60551f-b6e7-4117-8902-f26c7f795cd2,9054.2
21,21,A,Coraopolis,CORAOPOLIS via McKees Rocks,11,8b9fd2c0-174d-496e-b6a9-9d74771c106e,27562.3
21,21,A,Coraopolis,CORAOPOLIS via McKees Rocks,12,2b953881-d9fe-4697-bda6-5565036a58fd,27884.1
21,21,A,Coraopolis,CORAOPOLIS via McKees Rocks,13,067f3dba-e42f-470c-bc62-ae4d3acc5327,18723.5
21,21,A,Coraopolis,CORAOPOLIS via McKees Rocks,14,9c5a28fe-d6f2-4831-9e00-d9a44a6aaeac,4938.1
21,21,A,Coraopolis,CORAOPOLIS via McKees Rocks,15,9783d480-0cd1-4a69-b88b-d2cd7f00d597,20657.3
21,21,A,Coraopolis,CORAOPOLIS via McKees Rocks,16,c4522713-de60-418f-a8a8-2c34c9eb61ed,7261.3
21,21,A,Coraopolis,CORAOPOLIS via McKees Rocks,17,9304bf45-dd06-4ea9-88ad-ebb8c3d97646,9843.3
21,21,A,Coraopolis,CORAOPOLIS via McKees Rocks,18,ddffdc5e-3273-4714-b541-4f4467772b61,17864.2
21,21,A,Coraopolis,CORAOPOLIS via McKees Rocks,19,c4c581fd-defb-447c-beb8-1df8d6ca6ed2,15996.4
21,21,A,Coraopolis,CORAOPOLIS via McKees Rocks,20,1e425973-03a6-4841-b5c7-eee95cb22f3e,19342.2
21,21,A,Coraopolis,CORAOPOLIS via McKees Rocks,21,f3b78c51-22dc-4cef-a3fa-3ea7c14820df,10068.0
21,21,A,Coraopolis,CORAOPOLIS via McKees Rocks,22,6cf8a24c-f87d-4624-8976-0a54d8594b1f,21726.3
21,21,A,Coraopolis,CORAOPOLIS via McKees Rocks,23,2fc14012-9f35-444c-a0e9-60f379ef1e5c,10653.8
21,21,A,Coraopolis,CORAOPOLIS via McKees Rocks,24,35b8de11-a9fb-44d0-87d9-f8b2232a228b,10332.3
21,21,A,Coraopolis,CORAOPOLIS via McKees Rocks,25,8b20804c-086d-49b7-a847-a7d68e612cb0,19199.0
21,21,A,Coraopolis,CORAOPOLIS via McKees Rocks,26,1bb924b8-f5f8-4c83-8b26-2201a1ca264a,11006.1
21,21,A,Coraopolis,CORAOPOLIS via McKees Rocks,27,efb82de5-cc2b-4048-be78-00d94b412f28,8574.1
21,21,A,Coraopolis,CORAOPOLIS via McKees Rocks,28,f1a10f83-6f08-47ca-bfd2-4db9bb50b90d,13635.6
21,21,A,Coraopolis,CORAOPOLIS via McKees Rocks,29,9bffcf89-b2ce-4764-82ce-eb8fb99156e9,8702.6
21,21,A,Coraopolis,CORAOPOLIS via McKees Rocks,30,ab67f092-22e2-4e5a-84f8-11f094ee3e89,7422.8
21,21,A,Coraopolis,CORAOPOLIS via McKees Rocks,31,e3feb5d5-d88c-4f1f-9fc0-69825271905f,17493.4
21,21,A,Coraopolis,CORAOPOLIS via McKees Rocks,32,cf30bdc2-9183-435b-b677-de3632adf47d,761.6
21,21,A,Coraopolis,CORAOPOLIS via McKees Rocks,33,63213ba2-e3df-4e8d-8f7b-329ae16a57f1,14317.0
21,21,A,Coraopolis,CORAOPOLIS via McKees Rocks,34,f391f646-9e01-449f-ac66-208f7d6a8c9f,28263.7
21,21,A,Coraopolis,CORAOPOLIS via McKees Rocks,35,037ab086-6644-4eca-8052-d35757153ff6,20346.4
21,21,A,Coraopolis,CORAOPOLIS via McKees Rocks,36,94a8596c-1b1e-46b2-856a-7062ea4b353c,18925.3
21,21,A,Coraopolis,CORAOPOLIS via McKees Rocks,37,6e8481d2-2cf5-484d-bc6f-3bee56d4168c,26225.4
21,21,A,Coraopolis,CORAOPOLIS via McKees Rocks,38,94aefd45-3ac6-4b5d-a341-af2583d0168d,15403.4
21,21,A,Coraopolis,CORAOPOLIS via McKees Rocks,39,f09677a1-9640-4309-9e46-d48f553a8147,9250.6
21,21,A,Coraopolis,CORAOPOLIS via McKees Rocks,40,09271d4f-6a16-497d-adf2-5ebaaf8e08ed,3955.8
21,21,A,Coraopolis,CORAOPOLIS via McKees Rocks,41,305e12af-64b0-4ac6-ac4c-428c1dc9fd9c,7.1
21,21,A,Coraopolis,CORAOPOLIS via McKees Rocks,42,1bd340e8-ba4f-4927-95e0-c306a2b5bd7e,19636.9
21,21,A,Coraopolis,CORAOPOLIS via McKees Rocks,43,e6b71175-1674-4aab-b78f-28483e43d0ef,9540.0
21,21,A,Coraopolis,CORAOPOLIS via McKees Rocks,44,350e0ecc-ff7a-4aeb-9199-ba783cb55e06,17157.9
21,21,A,Coraopolis,CORAOPOLIS via McKees Rocks,45,43cfa2cc-e17b-46a4-be6e-fcc7142c17d6,26651.1
21,21,A,Coraopolis,CORAOPOLIS via McKees Rocks,46,203551ec-24ae-40eb-8f55-dfa4a98cec53,14913.5
21,21,A,Coraopolis,CORAOPOLIS via McKees Rocks,47,bc312b46-8375-41f3-b04d-cb4f7e4de087,3228.2
21,21,A,Coraopolis,CORAOPOLIS via McKees Rocks,48,a3035cd2-681a-41c0-b9ee-902b3e8c3db3,14527.9
21,21,A,Coraopolis,CORAOPOLIS via McKees Rocks,49,b23ccca3-e365-4462-abb3-e12e1cc24705,16523.6
21,21,A,Coraopolis,CORAOPOLIS via McKees Rocks,50,6fe88e82-2dcf-40ce-aa36-4c66884dec9d,17650.6
21,21,A,Coraopolis,CORAOPOLIS via McKees Rocks,51,1fa1b5b2-286c-41d6-af7d-86d19a647b41,15683.7
21,21,A,Coraopolis,CORAOPOLIS via McKees Rocks,52,bafc2c24-39b0-4667-a73e-cec8ed2db1c5,7030.8
21,21,A,Coraopolis,CORAOPOLIS via McKees Rocks,53,2e748a85-f5ef-4165-97d8-71b53eb3740a,17296.0
21,21,A,Coraopolis,CORAOPOLIS via McKees Rocks,54,e39d60c2-021f-4b9a-81dc-83ea6d3f185f,8202.3
21,21,A,Coraopolis,CORAOPOLIS via McKees Rocks,55,3fd9ff1d-6b17-4f35-a63e-e703308dbd6d,28732.0
21,21,A,Coraopolis,CORAOPOLIS via McKees Rocks,56,6ad117fc-e244-4dbd-943c-10c8560b1443,20894.3
21,21,A,Coraopolis,CORAOPOLIS via McKees Rocks,57,9d6a8636-e0fa-4094-9337-39311e915dfd,16157.3
21,21,A,Coraopolis,CORAOPOLIS via McKees Rocks,58,e254face-3464-4f6d-9364-2f4d8299767b,26897.6
21,21,A,Coraopolis,CORAOPOLIS via McKees Rocks,59,52430752-470a-4c6c-b47f-d40bdcaa2154,420.4
21,21,A,Coraopolis,CORAOPOLIS via McKees Rocks,60,5e68724f-c507-420d-ac83-bc97e1044efe,20191.2
21,21,A,Coraopolis,CORAOPOLIS via McKees Rocks,61,c54aec51-74ca-4094-b833-5527b432880e,1239.6
21,21,A,Coraopolis,CORAOPOLIS via McKees Rocks,62,adba6fe8-24fe-47dc-a320-0bcb4c34f6f5,19484.7
21,21,A,Coraopolis,CORAOPOLIS via McKees Rocks,63,cb70d709-7c09-4f79-b7dc-03c3f4b24338,8491.0
21,21,A,Coraopolis,CORAOPOLIS via McKees Rocks,64,e217fdc1-6ffa-4c18-ae0b-8254b743f518,14766.2
21,21,A,Coraopolis,CORAOPOLIS via McKees Rocks,65,ca6e4f18-03f5-4993-8662-657c9f0ef3a6,2818.4
21,21,A,Coraopolis,CORAOPOLIS via McKees Rocks,66,8ebfb0d5-cf27-4dad-86a1-63b79dbe37df,18095.4
21,21,A,Coraopolis,CORAOPOLIS via McKees Rocks,67,7abe715a-b82c-4eef-8660-312b4be7ed79,14122.7
21,21,A,Coraopolis,CORAOPOLIS via McKees Rocks,68,75cf59a2-9062-462b-81e4-873c78f17802,963.5
21,21,A,Coraopolis,CORAOPOLIS via McKees Rocks,69,c0eae5b9-a408-435a-925b-e3ea8c2ee372,7906.2
21,21,A,Coraopolis,CORAOPOLIS via McKees Rocks,70,48eb9734-ee40-49d2-aee7-cc93d4f89cb7,8897.5
DQI,DQI,A,Down,Inbound-Duquesne Incline,1,3a46f324-c360-4e1f-90fd-689b0be3bb53,0
DQI,DQI,A,Down,Inbound-Duquesne Incline,2,e45ecb3f-9811-40bb-a444-087171e507a3,200.6
DQI,DQI,A,Up,Outbound-Duquesne Incline,1,e45ecb3f-9811-40bb-a444-087171e507a3,0
DQI,DQI,A,Up,Outbound-Duquesne Incline,2,3a46f324-c360-4e1f-90fd-689b0be3bb53,202.2
27,27,A,Downtown,DOWNTOWN via Fairywood,1,60cfef17-08a1-4e8a-9a1b-1811fa7c545e,7164.7
27,27,A,Downtown,DOWNTOWN via Fairywood,2,2869bdc4-7cf4-4e13-9177-b832169e8292,10815.1
27,27,A,Downtown,DOWNTOWN via Fairywood,3,18aeff48-f776-498b-ace9-c658e0d28a69,3044.9
27,27,A,Downtown,DOWNTOWN via Fairywood,4,e33087fc-53fc-4dac-9bf7-b1cb0fa6f56e,9211.9
27,27,A,Downtown,DOWNTOWN via Fairywood,5,ec532ad0-687b-48d0-a4cb-a7b50a85651f,1129.1
27,27,A,Downtown,DOWNTOWN via Fairywood,6,ffc38bc7-c21a-4f1b-8863-52ec5657489d,8076.5
27,27,A,Downtown,DOWNTOWN via Fairywood,7,4e2bc85e-7d33-4879-aa64-efabee106669,1482.1
27,27,A,Downtown,DOWNTOWN via Fairywood,8,eb133c93-17da-477b-94ca-9248762a8d20,11145.5
27,27,A,Downtown,DOWNTOWN via Fairywood,9,ab0d6dde-cb66-426f-b2fe-b8be13ca6059,6578.6
27,27,A,Downtown,DOWNTOWN via Fairywood,10,327598a3-0b29-489b-81d2-251b7b5999e7,189.4
27,27,A,Downtown,DOWNTOWN via Fairywood,11,fae04ed8-842b-41da-8650-c051195bbcf9,3914.2
27,27,A,Downtown,DOWNTOWN via Fairywood,12,85139f9e-0b37-449c-884e-c0f16576f24d,2045.8
27,27,A,Downtown,DOWNTOWN via Fairywood,13,75990a71-77e4-45b5-aa48-ae6db1a5c857,10087.4
27,27,A,Downtown,DOWNTOWN via Fairywood,14,235bba94-e0f1-4d5c-ab7b-b7e27e52ea4f,9512.3
27,27,A,Downtown,DOWNTOWN via Fairywood,15,ab67f092-22e2-4e5a-84f8-11f094ee3e89,729.1
27,27,A,Downtown,DOWNTOWN via Fairywood,16,30287615-00ba-4ddb-8f5a-03f2ba58a18a,6984.8
27,27,A,Downtown,DOWNTOWN via Fairywood,17,d1524954-215c-4066-9f1e-e08d796fb995,4644.5
27,27,A,Downtown,DOWNTOWN via Fairywood,18,0a5b1543-cfad-47be-8756-8ad73afb98d6,4180.4
27,27,A,Downtown,DOWNTOWN via Fairywood,19,60ec7897-d676-4c72-a8a0-143ef3b348d1,5433.0
27,27,A,Downtown,DOWNTOWN via Fairywood,20,1caac80e-17b8-4375-b5f7-ffd27aa92b9f,5643.7
27,27,A,Downtown,DOWNTOWN via Fairywood,21,46a1a457-dd3d-4ef1-a530-f628c43c8633,9967.7
27,27,A,Downtown,DOWNTOWN via Fairywood,22,0cd12bd0-0482-46b3-a514-edf7a3fc207a,5788.5
27,27,A,Downtown,DOWNTOWN via Fairywood,23,56405429-566d-4ff8-8482-adc9802567e3,12273.5
27,27,A,Downtown,DOWNTOWN via Fairywood,24,4bd00f2b-78af-460e-9ff6-571fc14083ad,8295.4
27,27,A,Downtown,DOWNTOWN via Fairywood,25,187130b8-f356-426e-9a11-5deb680665b3,13918.4
27,27,A,Downtown,DOWNTOWN via Fairywood,26,20df36d1-8395-4a6a-8788-11216c6e53ed,10245.5
27,27,A,Downtown,DOWNTOWN via Fairywood,27,a346b513-21ee-48df-ad9f-759279af26c6,9412.1
27,27,A,Downtown,DOWNTOWN via Fairywood,28,240e49c3-dea6-4030-9060-844c4c3a1169,2878.3
27,27,A,Downtown,DOWNTOWN via Fairywood,29,bde39404-b051-4006-8273-c56216173d5b,0
27,27,A,Downtown,DOWNTOWN via Fairywood,30,68356238-7d47-41a6-9eb8-ae03feff7e89,4385.3
27,27,A,Downtown,DOWNTOWN via Fairywood,31,68a081c1-1115-4b2d-aa14-d9dde2cf3228,5221.2
27,27,A,Downtown,DOWNTOWN via Fairywood,32,3bf7b0f1-3ee3-43d2-8f4a-4442b5fab095,356.1
27,27,A,Downtown,DOWNTOWN via Fairywood,33,a6e6081c-ba89-4dc8-b371-81a9331276d5,1678.6
27,27,A,Downtown,DOWNTOWN via Fairywood,34,ad8d32d0-3109-4a8e-943c-c586d80734ae,7453.2
27,27,A,Downtown,DOWNTOWN via Fairywood,35,505d9632-6e80-4649-885e-dfc91c6a5b76,5989.3
27,27,A,Downtown,DOWNTOWN via Fairywood,36,5eb6e0cf-c4cc-4143-9883-b0d7249a839c,4830.8
27,27,A,Downtown,DOWNTOWN via Fairywood,37,6b0ebe69-e4f9-415d-a62d-c9a2ff14ed3e,15140.4
27,27,A,Downtown,DOWNTOWN via Fairywood,38,7cb49b9b-13f9-4f10-876c-90838204a78d,10434.4
27,27,A,Downtown,DOWNTOWN via Fairywood,39,8ce8bdd3-e504-43a6-8af1-7d696adf1e10,583.3
27,27,A,Downtown,DOWNTOWN via Fairywood,40,f3210be2-1588-4db3-ab43-d6f7b78f793c,6425.7
27,27,A,Downtown,DOWNTOWN via Fairywood,41,9be520d8-def9-47c0-8d50-31358ad34c26,8746.4
27,27,A,Downtown,DOWNTOWN via Fairywood,42,23430aac-c465-4c28-850e-0ff297083bbf,3303.2
27,27,A,Downtown,DOWNTOWN via Fairywood,43,d7fe18e3-da18-44bf-b519-65b2890a450e,14410.9
27,27,A,Downtown,DOWNTOWN via Fairywood,44,bbd6eb07-8844-40f0-be39-8dab3bacd06a,1888.2
27,27,A,Downtown,DOWNTOWN via Fairywood,45,bc56de16-c795-46c2-a0e9-b4ccd38354bb,6125.9
27,27,A,Downtown,DOWNTOWN via Fairywood,46,d3a3f414-9857-4c39-aaeb-8ae19e2f4d20,9787.0
27,27,A,Downtown,DOWNTOWN via Fairywood,47,4b4981b0-ca83-41ba-bbea-11645ec47911,11005.1
27,27,A,Downtown,DOWNTOWN via Fairywood,48,6ebcbf2d-5c5f-41e7-959a-95bd89f17354,8479.0
27,27,A,Downtown,DOWNTOWN via Fairywood,49,e54c7462-2c08-448c-99e5-6d4cc7b8a1d3,12693.2
27,27,A,Downtown,DOWNTOWN via Fairywood,50,0c7f1b89-fff8-486b-8eba-a6f576cc9ff1,9849.4
27,27,A,Downtown,DOWNTOWN via Fairywood,51,5e9bb250-5751-40f3-a22b-01f9d0ddbe23,14646.1
27,27,A,Downtown,DOWNTOWN via Fairywood,52,0f20d099-2001-41d9-bebe-e348eca8a33f,14102.4
27,27,A,Downtown,DOWNTOWN via Fairywood,53,483cd6ad-391d-408c-93e3-2bcd79cbec44,10931.5
27,27,A,Downtown,DOWNTOWN via Fairywood,54,a79f6845-ef90-47e9-8945-1598833d4bf7,1294.1
27,27,A,McKees Rocks,MCKEES ROCKS via Fairywood,1,ca6e4f18-03f5-4993-8662-657c9f0ef3a6,2815.2
27,27,A,McKees Rocks,MCKEES ROCKS via Fairywood,2,75cf59a2-9062-462b-81e4-873c78f17802,960.2
27,27,A,McKees Rocks,MCKEES ROCKS via Fairywood,3,3cb3bda8-019b-4818-8e96-c37916343fb6,13679.0
27,27,A,McKees Rocks,MCKEES ROCKS via Fairywood,4,60cedd85-dce4-4652-acc9-c070697c0a8e,5610.3
27,27,A,McKees Rocks,MCKEES ROCKS via Fairywood,5,8d68dc9a-0c0c-438a-8f88-7c4c7b58fc39,6385.1
27,27,A,McKees Rocks,MCKEES ROCKS via Fairywood,6,6ae29428-2ce6-4a08-aa75-c75b14047f49,6253.3
27,27,A,McKees Rocks,MCKEES ROCKS via Fairywood,7,cae0785c-72f5-4041-a11f-5dd2f52d6e17,5404.6
27,27,A,McKees Rocks,MCKEES ROCKS via Fairywood,8,44c64a5e-7d30-44e4-a7b6-3e9a9d63477b,13843.9
27,27,A,McKees Rocks,MCKEES ROCKS via Fairywood,9,3f59a960-9d58-4b2b-a4ea-e0da5abe961f,10342.7
27,27,A,McKees Rocks,MCKEES ROCKS via Fairywood,10,bbd7031e-3ecd-452d-b131-01675d39aaf0,12259.4
27,27,A,McKees Rocks,MCKEES ROCKS via Fairywood,11,960683ec-0350-4b6f-80d1-f4d0f09f4c62,14847.9
27,27,A,McKees Rocks,MCKEES ROCKS via Fairywood,12,52430752-470a-4c6c-b47f-d40bdcaa2154,417.2
27,27,A,McKees Rocks,MCKEES ROCKS via Fairywood,13,be20c775-f317-4c31-80fc-cf7bcc607a2b,11356.7
27,27,A,McKees Rocks,MCKEES ROCKS via Fairywood,14,c8ca7dd6-ccf0-4c35-827a-10883c17d1c3,9860.6
27,27,A,McKees Rocks,MCKEES ROCKS via Fairywood,15,fae172aa-bbef-41de-9917-25c4ef462f38,13529.4
27,27,A,McKees Rocks,MCKEES ROCKS via Fairywood,16,4f774bd5-afc5-4093-88e7-8c92d47ad436,14243.3
27,27,A,McKees Rocks,MCKEES ROCKS via Fairywood,17,b4f77cf7-c42a-4eb4-bfe9-52265505efc4,12496.6
27,27,A,McKees Rocks,MCKEES ROCKS via Fairywood,18,305e12af-64b0-4ac6-ac4c-428c1dc9fd9c,3.8
27,27,A,McKees Rocks,MCKEES ROCKS via Fairywood,19,cf30bdc2-9183-435b-b677-de3632adf47d,758.3
27,27,A,McKees Rocks,MCKEES ROCKS via Fairywood,20,daad96ae-1769-48a1-8ddf-dffa4c8950f6,9951.2
27,27,A,McKees Rocks,MCKEES ROCKS via Fairywood,21,ee4a7957-0e39-4cac-b51e-455193ed23e8,5217.5
27,27,A,McKees Rocks,MCKEES ROCKS via Fairywood,22,9dd30881-7000-4b84-b1c3-452881013cf5,15224.6
27,27,A,McKees Rocks,MCKEES ROCKS via Fairywood,23,a5f949fd-88cc-4d6a-99ad-74ed7755e9d1,11610.7
27,27,A,McKees Rocks,MCKEES ROCKS via Fairywood,24,6def2576-8c3d-4641-9bfd-a119c2b0b774,12653.7
27,27,A,McKees Rocks,MCKEES ROCKS via Fairywood,25,60cfef17-08a1-4e8a-9a1b-1811fa7c545e,8880.1
27,27,A,McKees Rocks,MCKEES ROCKS via Fairywood,26,bde39404-b051-4006-8273-c56216173d5b,15465.3
27,27,A,McKees Rocks,MCKEES ROCKS via Fairywood,27,04b3d13d-ffc2-4822-a107-f5b923df98be,10123.0
27,27,A,McKees Rocks,MCKEES ROCKS via Fairywood,28,44b5ec37-1022-4728-9aad-520a7fd38966,9443.2
27,27,A,McKees Rocks,MCKEES ROCKS via Fairywood,29,0c1670a2-884e-4d20-88fe-6ad63fda2f47,13382.2
27,27,A,McKees Rocks,MCKEES ROCKS via Fairywood,30,30287615-00ba-4ddb-8f5a-03f2ba58a18a,8700.2
27,27,A,McKees Rocks,MCKEES ROCKS via Fairywood,31,b39395da-7bbd-450b-bfc2-1f01b3c6166c,5533.9
27,27,A,McKees Rocks,MCKEES ROCKS via Fairywood,32,1c4a9e22-8999-4aa5-a1f1-0b21dfe49ef5,10906.0
27,27,A,McKees Rocks,MCKEES ROCKS via Fairywood,33,98c62541-2ae5-4e94-9525-edb4455704e4,4565.1
27,27,A,McKees Rocks,MCKEES ROCKS via Fairywood,34,b7c1f24f-126e-4963-b4d3-f0137e1bb382,7434.5
27,27,A,McKees Rocks,MCKEES ROCKS via Fairywood,35,eaa92887-83eb-42e4-8a87-b108ffa0fd3a,6750.0
27,27,A,McKees Rocks,MCKEES ROCKS via Fairywood,36,b26718ed-2d37-473b-b41f-2c99f6dbdb2a,5753.0
27,27,A,McKees Rocks,MCKEES ROCKS via Fairywood,37,6353c371-f3dc-45da-8df2-8f701b60937e,5051.5
27,27,A,McKees Rocks,MCKEES ROCKS via Fairywood,38,84d2b5e5-d517-4e64-9971-1d36794373c7,7025.7
27,27,A,McKees Rocks,MCKEES ROCKS via Fairywood,39,4f8da0a4-8365-4645-90ec-2f6bb044da8d,8085.6
27,27,A,McKees Rocks,MCKEES ROCKS via Fairywood,40,2b9bfc9d-109e-4cab-a948-81a65e33b2e5,11122.0
27,27,A,McKees Rocks,MCKEES ROCKS via Fairywood,41,ab68e4bc-2ead-4d80-bcde-bd281320c20f,14403.1
27,27,A,McKees Rocks,MCKEES ROCKS via Fairywood,42,b4472b28-5a2d-4efd-a349-95935076a876,9736.4
27,27,A,McKees Rocks,MCKEES ROCKS via Fairywood,43,bde67bdd-15c3-4b35-a051-f1a0b4b6a29c,8330.3
27,27,A,McKees Rocks,MCKEES ROCKS via Fairywood,44,f8fc6235-184c-412e-9087-06dea515a9e1,9008.2
27,27,A,McKees Rocks,MCKEES ROCKS via Fairywood,45,e722c6da-e12c-4c52-8e7e-74455089bc52,4752.9
27,27,A,McKees Rocks,MCKEES ROCKS via Fairywood,46,6eb2499c-dd1e-4f45-acc7-b5ca09db717b,9104.8
27,27,A,McKees Rocks,MCKEES ROCKS via Fairywood,47,a42ca891-75ee-4f97-a42e-0147392d349f,14997.2
27,27,A,McKees Rocks,MCKEES ROCKS via Fairywood,48,01ae1132-db25-4b77-8c83-c9e67e8a1887,6093.2
27,27,A,McKees Rocks,MCKEES ROCKS via Fairywood,49,e323ebd9-be2c-40fb-b459-4bd1929d7161,10728.7
27,27,A,McKees Rocks,MCKEES ROCKS via Fairywood,50,c54aec51-74ca-4094-b833-5527b432880e,1236.5
27,27,A,McKees Rocks,MCKEES ROCKS via Fairywood,51,bc312b46-8375-41f3-b04d-cb4f7e4de087,3225.1
27,27,A,McKees Rocks,MCKEES ROCKS via Fairywood,52,cdf1ddea-5990-4270-b9cd-e8e4754a5602,7173.7
27,27,A,McKees Rocks,MCKEES ROCKS via Fairywood,53,ec927686-1f01-421d-bca2-15f658da86aa,4386.8
27,27,A,McKees Rocks,MCKEES ROCKS via Fairywood,54,2c053e8a-f980-4f59-b5a1-92ae78d02fa2,14043.7
61X,61X,A,Downtown,"DOWNTOWN via Squirrel Hill, Oakland",1,162c1965-982f-498e-ab2a-7ce2fe512c48,6272.4
61X,61X,A,Downtown,"DOWNTOWN via Squirrel Hill, Oakland",2,1493d674-78c6-4e70-86c3-ce15ac50a827,11407.8
61X,61X,A,Downtown,"DOWNTOWN via Squirrel Hill, Oakland",3,feb70f90-9765-4f56-85ee-b4deb8d9e572,666.2
61X,61X,A,Downtown,"DOWNTOWN via Squirrel Hill, Oakland",4,2247a235-1d51-42ca-a734-6a3efbbb6ba7,15504.6
61X,61X,A,Downtown,"DOWNTOWN via Squirrel Hill, Oakland",5,17aa280b-eb4f-45da-9486-7c52942f15ef,3707.0
61X,61X,A,Downtown,"DOWNTOWN via Squirrel Hill, Oakland",6,27827116-26b2-406e-8293-5dd666d60010,6398.1
61X,61X,A,Downtown,"DOWNTOWN via Squirrel Hill, Oakland",7,a80185ff-6355-438e-83e2-25d0d36a49de,11722.6
61X,61X,A,Downtown,"DOWNTOWN via Squirrel Hill, Oakland",8,23180696-08ba-46b3-80ef-4e73137b3918,16093.9
61X,61X,A,Downtown,"DOWNTOWN via Squirrel Hill, Oakland",9,44de07e0-a817-4d97-9549-f0755b3f649d,1325.9
61X,61X,A,Downtown,"DOWNTOWN via Squirrel Hill, Oakland",10,2e7f6343-0902-4009-88a1-323bdc2e2aa9,14916.9
61X,61X,A,Downtown,"DOWNTOWN via Squirrel Hill, Oakland",11,d101f86f-06cf-4eaf-88c0-8a082166e849,20158.7
61X,61X,A,Downtown,"DOWNTOWN via Squirrel Hill, Oakland",12,90bb5b4b-92cb-41ce-b42b-c54d4f5af33f,24176.6
61X,61X,A,Downtown,"DOWNTOWN via Squirrel Hill, Oakland",13,cf30413a-e079-44cc-9619-06a73da7c5a2,23531.7
61X,61X,A,Downtown,"DOWNTOWN via Squirrel Hill, Oakland",14,8bca983f-58e6-4579-b99d-1a73fe240867,13905.4
61X,61X,A,Downtown,"DOWNTOWN via Squirrel Hill, Oakland",15,a04e570e-7f9f-491f-b2e5-0ef0e8344197,16243.8
61X,61X,A,Downtown,"DOWNTOWN via Squirrel Hill, Oakland",16,dff930aa-afbc-42a5-9fd7-c4a8ef26258f,4775.0
61X,61X,A,Downtown,"DOWNTOWN via Squirrel Hill, Oakland",17,df5158e5-89b5-46a4-b2e5-d3864bf3d2ba,17946.4
61X,61X,A,Downtown,"DOWNTOWN via Squirrel Hill, Oakland",18,c0863f4c-d9c0-4dfa-9f98-49024d97094c,12250.5
61X,61X,A,Downtown,"DOWNTOWN via Squirrel Hill, Oakland",19,63a4863b-f8ae-437f-a471-12b2db3c44b4,17126.9
61X,61X,A,Downtown,"DOWNTOWN via Squirrel Hill, Oakland",20,01608061-26ab-49b8-80ab-abba1c808b80,4669.6
61X,61X,A,Downtown,"DOWNTOWN via Squirrel Hill, Oakland",21,daf49906-715a-4f33-8697-8a7b022e9242,18863.7
61X,61X,A,Downtown,"DOWNTOWN via Squirrel Hill, Oakland",22,af64c338-7ead-44f2-8110-b608a5674a48,22403.5
61X,61X,A,Downtown,"DOWNTOWN via Squirrel Hill, Oakland",23,68923ba2-aadf-4308-bc69-cda35c238190,16788.7
61X,61X,A,Downtown,"DOWNTOWN via Squirrel Hill, Oakland",24,e044542a-bcb1-4cd3-820b-93860e092d48,6713.0
61X,61X,A,Downtown,"DOWNTOWN via Squirrel Hill, Oakland",25,9fa78b79-51af-4835-b337-c21075f0025d,10040.3
61X,61X,A,Downtown,"DOWNTOWN via Squirrel Hill, Oakland",26,613a3875-6c70-476b-b65f-378497702f43,19903.9
61X,61X,A,Downtown,"DOWNTOWN via Squirrel Hill, Oakland",27,49051a86-e57d-4d0f-b1b2-18cc40adf3cd,11623.6
61X,61X,A,Downtown,"DOWNTOWN via Squirrel Hill, Oakland",28,5d2d1937-f4a6-4c15-b3de-f759736f46dc,23927.3
61X,61X,A,Downtown,"DOWNTOWN via Squirrel Hill, Oakland",29,f660347b-001d-48ce-9f37-b682d8170e05,19268.5
61X,61X,A,Downtown,"DOWNTOWN via Squirrel Hill, Oakland",30,860a8b2e-5c09-4507-b495-cd25c56f84bd,445.8
61X,61X,A,Downtown,"DOWNTOWN via Squirrel Hill, Oakland",31,0769dbad-5436-4a93-9f30-9d413c242c2d,16536.2
61X,61X,A,Downtown,"DOWNTOWN via Squirrel Hill, Oakland",32,9218ab99-bfa2-4771-910a-3493efa3d7e0,18416.1
61X,61X,A,Downtown,"DOWNTOWN via Squirrel Hill, Oakland",33,5b892fe5-b1d8-440d-81d2-455cc069f66a,10849.0
61X,61X,A,Downtown,"DOWNTOWN via Squirrel Hill, Oakland",34,6b9945ec-8021-4e11-bd17-18b3bddbf9c2,18249.4
61X,61X,A,Downtown,"DOWNTOWN via Squirrel Hill, Oakland",35,4f807e81-a0e4-41a4-abf6-5597fe439108,12090.2
61X,61X,A,Downtown,"DOWNTOWN via Squirrel Hill, Oakland",36,fb6b8f54-1d7b-4380-af92-2ec655bcc0c9,1503.4
61X,61X,A,Downtown,"DOWNTOWN via Squirrel Hill, Oakland",37,5a4b5ed6-b17a-425e-9f65-1ebdd1fdac0e,21974.7
61X,61X,A,Downtown,"DOWNTOWN via Squirrel Hill, Oakland",38,efddf0b4-1ed3-44ad-87eb-6f0f7dc1575f,11151.6
61X,61X,A,Downtown,"DOWNTOWN via Squirrel Hill, Oakland",39,6f0f13c8-d8e0-49da-b5e5-ad24d8c2c3d5,20525.4
61X,61X,A,Downtown,"DOWNTOWN via Squirrel Hill, Oakland",40,b42875bc-5d8a-44d8-bfa0-3aadb6c7a041,11909.9
61X,61X,A,Downtown,"DOWNTOWN via Squirrel Hill, Oakland",41,16f17920-bec6-4ab3-aca0-1f66b61492e1,17387.4
61X,61X,A,Downtown,"DOWNTOWN via Squirrel Hill, Oakland",42,0ff8e0ae-991f-4325-af6c-7fc3f21af2d6,6897.2
61X,61X,A,Downtown,"DOWNTOWN via Squirrel Hill, Oakland",43,9613a776-dabb-464f-9b84-971d80ba93ec,6088.0
61X,61X,A,Downtown,"DOWNTOWN via Squirrel Hill, Oakland",44,e79434c1-0838-46ee-86e3-d99eed32c4bf,12401.5
61X,61X,A,Downtown,"DOWNTOWN via Squirrel Hill, Oakland",45,decf1b97-9ea2-485e-aaf9-dcb9a0271f57,15610.2
61X,61X,A,Downtown,"DOWNTOWN via Squirrel Hill, Oakland",46,f5fd421d-ecbb-43ef-904c-0431cb408075,894.0
61X,61X,A,Downtown,"DOWNTOWN via Squirrel Hill, Oakland",47,48fa8e30-bf24-4805-8ec4-60acfb9c6a4e,22725.6
61X,61X,A,Downtown,"DOWNTOWN via Squirrel Hill, Oakland",48,bd5cf47b-8b00-4801-a7ff-6f418abe52db,16359.4
61X,61X,A,Downtown,"DOWNTOWN via Squirrel Hill, Oakland",49,9a181d2f-b436-4ed9-8270-6061db6aba34,23038.5
61X,61X,A,Downtown,"DOWNTOWN via Squirrel Hill, Oakland",50,6c98957d-d93b-424d-84ee-7f5daff11dc4,13701.6
61X,61X,A,Downtown,"DOWNTOWN via Squirrel Hill, Oakland",51,662619d3-4282-4c36-9047-cd951fc855b1,15123.1
61X,61X,A,Downtown,"DOWNTOWN via Squirrel Hill, Oakland",52,973c6cb5-80c7-40e5-98be-5f01980581ed,253.6
61X,61X,A,Downtown,"DOWNTOWN via Squirrel Hill, Oakland",53,9dcb8a10-932d-485b-bf35-f74841177698,7547.5
61X,61X,A,Downtown,"DOWNTOWN via Squirrel Hill, Oakland",54,2bb66cb3-fbb0-4d2b-9876-225dd481051f,21207.4
61X,61X,A,Downtown,"DOWNTOWN via Squirrel Hill, Oakland",55,6372983a-1205-4994-a6ab-e20a6508ac7c,14766.8
61X,61X,A,Downtown,"DOWNTOWN via Squirrel Hill, Oakland",56,b13b0282-cc07-4b11-875f-729458149baf,4524.5
61X,61X,A,Downtown,"DOWNTOWN via Squirrel Hill, Oakland",57,49086588-00b0-493e-8e92-4e40df2e6587,7744.9
61X,61X,A,Downtown,"DOWNTOWN via Squirrel Hill, Oakland",58,cb460fd6-d843-461f-ab3b-073faf517d88,15830.3
61X,61X,A,Downtown,"DOWNTOWN via Squirrel Hill, Oakland",59,02f6326c-e983-4a9d-9d48-5b9a1c9bfdfd,24579.0
61X,61X,A,Downtown,"DOWNTOWN via Squirrel Hill, Oakland",60,d0431283-cc7d-47d5-9aa0-47798ae205e5,9310.0
61X,61X,A,Downtown,"DOWNTOWN via Squirrel Hill, Oakland",61,4526974b-8148-4cb4-b8d9-7b22d2aa4cf7,4297.3
61X,61X,A,Downtown,"DOWNTOWN via Squirrel Hill, Oakland",62,813be301-44b5-4924-92cd-072cd0b48c5e,14599.0
61X,61X,A,Downtown,"DOWNTOWN via Squirrel Hill, Oakland",63,c0e93451-72b7-4ecd-875a-5bb0fd1c95ea,0
61X,61X,A,Downtown,"DOWNTOWN via Squirrel Hill, Oakland",64,0c3ae90f-7adc-4908-86f3-c0962129e5b1,7976.4
61X,61X,A,Downtown,"DOWNTOWN via Squirrel Hill, Oakland",65,8174987a-42cf-4f14-b0c8-b4ca644eb950,3307.0
61X,61X,A,Downtown,"DOWNTOWN via Squirrel Hill, Oakland",66,8dfca991-45ab-4de2-a762-fb71350364fb,15308.7
61X,61X,A,Downtown,"DOWNTOWN via Squirrel Hill, Oakland",67,fbfe31f5-d77a-49b9-9731-d53523655a62,1074.2
61X,61X,A,Downtown,"DOWNTOWN via Squirrel Hill, Oakland",68,1b8ae0bc-5e14-4f97-9dc7-879b16b7a257,17761.0
61X,61X,A,McKeesport,"MCKEESPORT via Squirrel Hill, Oakland",1,129a941e-9867-42b8-b4f7-f228c735fdd1,22966.1
61X,61X,A,McKeesport,"MCKEESPORT via Squirrel Hill, Oakland",2,6b8239a1-f254-4897-acc7-869fb714c343,2193.0
61X,61X,A,McKeesport,"MCKEESPORT via Squirrel Hill, Oakland",3,0765f899-05ba-46fc-a888-d8a7d90c1cbe,13706.8
61X,61X,A,McKeesport,"MCKEESPORT via Squirrel Hill, Oakland",4,47dc864a-532c-4e34-ab74-e2282d02f125,23405.6
61X,61X,A,McKeesport,"MCKEESPORT via Squirrel Hill, Oakland",5,d45235ca-c669-493a-8761-8c81bf81786d,4262.0
61X,61X,A,McKeesport,"MCKEESPORT via Squirrel Hill, Oakland",6,b5dc8675-f1b8-4019-86f8-a42a524fd4d9,8319.2
61X,61X,A,McKeesport,"MCKEESPORT via Squirrel Hill, Oakland",7,cd78c93b-6cc7-46f4-ba4c-989413aa7e0a,7831.0
61X,61X,A,McKeesport,"MCKEESPORT via Squirrel Hill, Oakland",8,66b45e33-4429-40a7-9f5a-add8c31c2200,9138.4
61X,61X,A,McKeesport,"MCKEESPORT via Squirrel Hill, Oakland",9,7396de6f-ec47-4dfd-bd6a-64e3f03a82e6,6146.6
61X,61X,A,McKeesport,"MCKEESPORT via Squirrel Hill, Oakland",10,72a492ab-0373-4a51-92ad-0e37809ce290,8731.0
61X,61X,A,McKeesport,"MCKEESPORT via Squirrel Hill, Oakland",11,373172b7-29fc-4d43-b764-e8d8251d6cbb,10630.9
61X,61X,A,McKeesport,"MCKEESPORT via Squirrel Hill, Oakland",12,64dfaf3c-e833-453c-abd2-ec4e8f6ac457,18969.2
61X,61X,A,McKeesport,"MCKEESPORT via Squirrel Hill, Oakland",13,1a4cc548-cd20-4af3-a483-144cba51358b,6610.8
61X,61X,A,McKeesport,"MCKEESPORT via Squirrel Hill, Oakland",14,06a07258-8ed9-4729-8288-d6e0058b9456,8200.2
61X,61X,A,McKeesport,"MCKEESPORT via Squirrel Hill, Oakland",15,6ca3c470-eab0-460c-aeeb-22b04ff569ff,5854.8
61X,61X,A,McKeesport,"MCKEESPORT via Squirrel Hill, Oakland",16,ece70963-0551-438d-8fae-749f0d2db35b,16535.2
61X,61X,A,McKeesport,"MCKEESPORT via Squirrel Hill, Oakland",17,30e8215a-2a35-42cf-a57e-27cd445739e9,15237.4
61X,61X,A,McKeesport,"MCKEESPORT via Squirrel Hill, Oakland",18,f7991f89-d123-4cb3-8183-3a9c1a253465,13412.4
61X,61X,A,McKeesport,"MCKEESPORT via Squirrel Hill, Oakland",19,fad27d0f-4d1e-415a-947a-19a038eafc0f,16813.2
61X,61X,A,McKeesport,"MCKEESPORT via Squirrel Hill, Oakland",20,4edf91df-1683-40f4-8bbc-16f7968a26c7,23692.1
61X,61X,A,McKeesport,"MCKEESPORT via Squirrel Hill, Oakland",21,f64c4a64-f5ee-4b48-ad93-5608f5ca9345,18293.2
61X,61X,A,McKeesport,"MCKEESPORT via Squirrel Hill, Oakland",22,22993ee6-5609-4892-967a-008a70775df4,4625.6
61X,61X,A,McKeesport,"MCKEESPORT via Squirrel Hill, Oakland",23,94326818-6efa-47a7-a0a0-c336710ac05f,10903.0
61X,61X,A,McKeesport,"MCKEESPORT via Squirrel Hill, Oakland",24,c75e00bf-b778-41de-b281-5dec9c05372e,9299.9
61X,61X,A,McKeesport,"MCKEESPORT via Squirrel Hill, Oakland",25,c67d08c0-a6a1-4c75-bda7-56915930ddef,6958.7
61X,61X,A,McKeesport,"MCKEESPORT via Squirrel Hill, Oakland",26,f84d4a9c-0ada-4e9c-932f-0bab2814c740,18463.4
61X,61X,A,McKeesport,"MCKEESPORT via Squirrel Hill, Oakland",27,f9f6ab4b-f88a-4c30-b043-26b27ac5c3c9,7948.1
61X,61X,A,McKeesport,"MCKEESPORT via Squirrel Hill, Oakland",28,87b8be82-3a6a-40c4-88a9-5b5a5a8d4d21,314.7
61X,61X,A,McKeesport,"MCKEESPORT via Squirrel Hill, Oakland",29,9981da88-520c-4727-bc48-2197e79adf19,9656.6
61X,61X,A,McKeesport,"MCKEESPORT via Squirrel Hill, Oakland",30,02f6326c-e983-4a9d-9d48-5b9a1c9bfdfd,0
61X,61X,A,McKeesport,"MCKEESPORT via Squirrel Hill, Oakland",31,a951180c-d1dd-4e51-a84b-77a78a5c8827,19842.6
61X,61X,A,McKeesport,"MCKEESPORT via Squirrel Hill, Oakland",32,55e9185a-627e-4ac1-a28c-6426093c808d,17646.7
61X,61X,A,McKeesport,"MCKEESPORT via Squirrel Hill, Oakland",33,e8e013b0-7893-498b-81f5-74078ec1123d,6829.7
61X,61X,A,McKeesport,"MCKEESPORT via Squirrel Hill, Oakland",34,007cd11e-224d-49b1-b2f9-712255423732,14550
61X,61X,A,McKeesport,"MCKEESPORT via Squirrel Hill, Oakland",35,87987165-bfcb-4b91-9246-f684e915d125,2811.9
61X,61X,A,McKeesport,"MCKEESPORT via Squirrel Hill, Oakland",36,e94d0dd9-a144-465c-a0d0-41bccb4e057c,20383.8
61X,61X,A,McKeesport,"MCKEESPORT via Squirrel Hill, Oakland",37,beab8ef8-1d07-4bf8-9cc5-5246444b5c3c,21311.1
61X,61X,A,McKeesport,"MCKEESPORT via Squirrel Hill, Oakland",38,b7b04ffc-b645-4286-be00-0a0b83d53336,2193.3
61X,61X,A,McKeesport,"MCKEESPORT via Squirrel Hill, Oakland",39,a4a2fd22-21ee-4960-b589-f74a09ddec3a,12359.9
61X,61X,A,McKeesport,"MCKEESPORT via Squirrel Hill, Oakland",40,dd2dfb41-3416-4f5e-aba5-9093ca35b18b,20078.4
61X,61X,A,McKeesport,"MCKEESPORT via Squirrel Hill, Oakland",41,9d901f39-fbab-4d2c-94ef-2b79fef80dfc,19690.5
61X,61X,A,McKeesport,"MCKEESPORT via Squirrel Hill, Oakland",42,d7f3d3f0-1cc2-4fbf-9268-a9e03a629d48,1719.1
61X,61X,A,McKeesport,"MCKEESPORT via Squirrel Hill, Oakland",43,0f8d7d53-feeb-4c7e-93cf-c504e75b1a9a,6308.8
61X,61X,A,McKeesport,"MCKEESPORT via Squirrel Hill, Oakland",44,7b75526b-0ad7-40aa-9d7d-2c7566e3d051,10042.2
61X,61X,A,McKeesport,"MCKEESPORT via Squirrel Hill, Oakland",45,dd580aea-d2fb-47c0-adff-46516deafc9c,12838.2
61X,61X,A,McKeesport,"MCKEESPORT via Squirrel Hill, Oakland",46,118cbe4b-5c46-4a14-9ee2-c9ccb0031da2,9018.3
61X,61X,A,McKeesport,"MCKEESPORT via Squirrel Hill, Oakland",47,e573222d-0d8e-455c-a569-ff89f7b31f9f,20902.5
61X,61X,A,McKeesport,"MCKEESPORT via Squirrel Hill, Oakland",48,c212c488-203e-4e4c-8646-e7516d0b4f15,12180.7
61X,61X,A,McKeesport,"MCKEESPORT via Squirrel Hill, Oakland",49,f1209294-b7dc-4018-875d-509ff4ed7f54,17022.7
61X,61X,A,McKeesport,"MCKEESPORT via Squirrel Hill, Oakland",50,1c9fba9a-ccf7-40a4-abfb-6c5bdeebb83b,23754.6
61X,61X,A,McKeesport,"MCKEESPORT via Squirrel Hill, Oakland",51,e9960c62-7984-4f35-b5eb-2f84499527dc,7425.1
61X,61X,A,McKeesport,"MCKEESPORT via Squirrel Hill, Oakland",52,2bda804a-4cad-4c97-9c76-43befa389659,19484.4
61X,61X,A,McKeesport,"MCKEESPORT via Squirrel Hill, Oakland",53,7bb5087b-0aea-46d3-9176-ff5e58769d75,12666.2
61X,61X,A,McKeesport,"MCKEESPORT via Squirrel Hill, Oakland",54,c246d095-848e-4420-9553-15cd182ad929,18168.0
61X,61X,A,McKeesport,"MCKEESPORT via Squirrel Hill, Oakland",55,e8df88d2-3d41-4f87-83e5-5fb66c41b573,12512.9
61X,61X,A,McKeesport,"MCKEESPORT via Squirrel Hill, Oakland",56,36645177-0dca-4bb7-bccb-c0004f0bb3a4,4908.8
61X,61X,A,McKeesport,"MCKEESPORT via Squirrel Hill, Oakland",57,bd788af9-1253-452f-873b-f7810182798a,5285.4
61X,61X,A,McKeesport,"MCKEESPORT via Squirrel Hill, Oakland",58,bc787198-b203-4a70-b7dd-ed90b6450680,22799.3
61X,61X,A,McKeesport,"MCKEESPORT via Squirrel Hill, Oakland",59,4ac89d96-5f73-422b-b7b5-eae801139f6b,714.7
61X,61X,A,McKeesport,"MCKEESPORT via Squirrel Hill, Oakland",60,84eeb7eb-606a-4aed-9525-9fe9e50dcd98,9796.0
61X,61X,A,McKeesport,"MCKEESPORT via Squirrel Hill, Oakland",61,9bba82c4-35ff-42c1-9b00-255add9d572b,3861.5
61X,61X,A,McKeesport,"MCKEESPORT via Squirrel Hill, Oakland",62,c672ddc0-93e8-4b86-a804-52b8c85259d1,7183.1
61X,61X,A,McKeesport,"MCKEESPORT via Squirrel Hill, Oakland",63,fd5fd154-5517-4013-a348-526e1816be72,13026.3
61X,61X,A,McKeesport,"MCKEESPORT via Squirrel Hill, Oakland",64,a6e91679-79d0-4bdf-b8cd-69f9bcefb999,8064.1
61X,61X,A,McKeesport,"MCKEESPORT via Squirrel Hill, Oakland",65,1cdcd074-f961-4579-8962-53b9e51a05db,23209.9
61X,61X,A,McKeesport,"MCKEESPORT via Squirrel Hill, Oakland",66,cc3c2525-54fd-429d-a7eb-39b5582eac52,8468.4
61X,61X,A,McKeesport,"MCKEESPORT via Squirrel Hill, Oakland",67,927b5857-9d69-421b-8c0d-b6d138617228,9454.4
