stop_uuid,gtfs_stop_id,stop_name,lat,lon,wheelchair_boarding
0002dcaf-26b3-4837-800c-100b9ab059e3,20665,PORT PERRY RD + E PITTSBURGH-MCKEESPORT BLVD,40.383401,-79.828345,0
0008a072-aea1-426b-bb4f-1a2769bb3328,1055,THOMPSON RUN RD + CHERRINGTON,40.536466,-79.990282,0
00111806-d14f-468b-b8e4-c261c4ffb459,18472,BROWNSVILLE RD + CEDRICTON FS,40.405027,-79.990736,0
001e863a-43bf-467d-8bba-3580c2f0e561,6408,WEST LIBERTY AVE + #2666,40.397784,-80.027957,0
0020fe28-0af0-4d6a-88d3-766e10e3af77,18720,WEST BUSWAY + INGRAM STATION STOP A,40.443662,-80.066085,0
0021dbf6-44e0-4ede-8bb4-6e59c0d56a4a,1848,CALIFORNIA AVE + CHELLIS ST,40.486167,-80.043436,0
0027197e-2f71-4f1b-ba79-3ad7636acab2,8909,WOOD ST + MOOSEHEART,40.448847,-79.883969,0
002ebfef-2d81-4b61-a4d6-bd5ad66ca589,1104,AMITY DR + LINGAY,40.547661,-79.994705,0
0040bf93-b98e-404e-86be-9c2e7059f1b9,217,CEDAR AVE + NORTH AVE (AGH),40.456112,-80.002532,0
004ba989-b659-46d9-ab93-cd8d2c1b87aa,8128,JAMES ST + TURTLE CREEK-MONROEVILLE,40.424421388,-79.790672929,0
004f148c-7992-4c8e-970e-238bd49a55be,21174,AMANDA ST + ARLINGTON AVE,40.418347,-79.988181,0
005389ab-5dcf-4090-8aef-5e2e92c4df41,10035,LEBANON CHURCH RD + OTT DR FS,40.342936,-79.964138,0
0066748e-ce66-44f6-8422-933b87dfba37,10010386,Perry Hwy + Thompson Dr NS,40.526033669,-80.035538935,0
006afad3-7894-4c04-ac72-2b09684593ef,20826,COLBY ST + REGULUS ST,40.484706,-80.004358,0
00721b14-3e91-4f8c-a2e6-af0c9fb84566,20610,RAVENSBURG BLVD + CLAIRTON MUNICIPAL COMPLEX,40.295828,-79.893824,0
007cd11e-224d-49b1-b2f9-712255423732,20850,MONONGAHELA BLVD + #1224,40.405815,-79.886326,0
00837045-dbdb-454b-8036-bec834cbbe9b,12147,SECOND AVE + RENOVA,40.400976,-79.939411,0
0090ee8c-7e5a-4873-a1ab-816f6108bd39,20599,MONONGAHELA AVE + 6TH ST,40.326105,-79.892537,0
0099d090-bce4-45a4-b8f1-164c071d9b4d,1061,AMITY DR + #212,40.545857,-79.994511,0
00a969df-e5a8-4534-a2df-6e1befe55bdd,13498,BEATTY RD + COLLEGE PARK,40.441799,-79.743065,0
00aeb34a-934d-4320-9890-2cf1f8ad7af7,56,RIDGE AVE + GALVESTON,40.450058,-80.016045,0
00b9bbfe-b8ad-4177-a3f1-6fb3330541a4,6165,CHELTON AVE + OAKRIDGE,40.389858,-80.01477,0
00c353b8-8a1b-4f31-a217-e74173d74d72,15072,CORBET ST + 6TH,40.603123173,-79.752366356,0
00c51287-f571-494f-83a3-c35fd899dbd6,4847,E CARSON ST + 10TH ST,40.428654,-79.988994,0
00cecd86-7c63-478d-bc72-972701c66a05,10010385,Perry Hwy + Rochester Rd NS,40.525945165,-80.035696841,0
00d246b6-16b6-4601-a0a9-a8c668976bf4,8298,HAMILTON AVE + BRUSHTON,40.452717,-79.88891,0
00d5df2c-b7ea-44c0-8d29-d310f34cc61b,1857,SHADELAND AVE + STOKES WAY,40.477308,-80.03356,0
00df945e-86ce-4c89-859e-a749e0a42e7f,21213,MCKNIGHT RD + INTOWN SUITES DRVWY FS,40.505076,-80.009044,0
00e1605e-4ff1-47cb-89c2-d8f205aaec6f,8324,HAMILTON AVE + LASCHALL,40.456745,-79.906999,0
00e1e949-e1f7-449b-916a-31a8c0a0d802,10946,W 5TH AVE + REBECCA,40.350037,-79.873698,0
00e45143-0cff-4ce1-8bce-e46f841fd98a,3128,HIGHLAND AVE + EAST LIBERTY BLVD,40.46648,-79.92259,0
010043a6-e10f-47bd-ac13-9a8986c55c35,2824,ITIN ST + SPRING GARDEN,40.45785,-79.995499,0
011baf69-001e-4286-bf37-ce4c4c456913,18816,FOX CHAPEL RD + MARGERY S,40.489839,-79.882638,0
0121163d-a92d-4ec5-8021-3c609290ddad,9114,FRANKSTOWN AVE + HOMEWOOD AVE,40.457396,-79.89612,0
0128fe1e-a3ea-4d8a-adba-9d25f851c4b0,14311,HULTON RD + 5TH,40.525024,-79.838369,0
012cb27f-f5b8-47b6-8202-08fb32246523,6252,BOWER HILL RD + COOK SCHOOL,40.361157,-80.100196,0
01476478-eb6d-422c-84c0-f5ded02b1be8,21647,HORNING RD + #5621,40.333017,-79.98913,0
014f697c-062b-42cc-9d87-c4c0015f7831,10010457,Haymaker Rd + Old Wm Penn Hwy NS,40.444883074,-79.75913949,0
01525e42-9962-4def-9294-c4d909c0a719,7816,ARDMORE BLVD OPP AVE B- FOREST HILLS PARK AND RIDE,40.4132,-79.845258,0
01565e36-dc14-4ecb-b54f-642b5d34a66a,11916,ELIZA ST + GLENCAIRN,40.389058,-79.875401,0
01608061-26ab-49b8-80ab-abba1c808b80,10885,2ND ST + GRANT,40.37303,-79.846878,0
0171ecd3-63d1-47d1-a6b7-63ff75c326be,18293,OHIO RIVER BLVD + ELIZABETH FS,40.49596,-80.067201,0
01899565-a9e2-49b6-a8d6-fb660e02261d,3278,HIGHLAND AVE + BRYANT CT,40.474412,-79.91879,0
01963ebb-1143-474f-8fe2-9f66f16a8d3c,158,MCKNIGHT RD + IVORY AVE RAMP (ISLAND),40.498345,-80.013054,0
019bf2e8-bfc0-4780-ac68-d703efad9705,2299,VILLAGE DR + LEWIS,40.506603,-80.14016,0
01a0c69b-7678-436d-ad36-4e02474e0cb2,21032,WM PENN HWY + NORTHERN PIKE FS,40.437556,-79.778354,0
01ab1c61-8f95-4945-bee1-09e269801e92,20000,BRINTON RD + BRINTON MANOR DR W,40.411812,-79.854072,0
01ae1132-db25-4b77-8c83-c9e67e8a1887,4255,STEUBEN ST + RINGGOLD FS,40.442395,-80.050716,0
01b518e7-5a54-4d1c-99f2-57b961d51bd7,20517,LOWRIE ST + HOFF ST,40.461989,-79.984108,0
01ba894c-027a-4e3f-b1b3-e2a93629c3eb,7250,MONONGAHELA AVE + #2130,40.417416,-79.887697,0
01bf2277-e3eb-40f4-8340-2d4823479034,1370,BEAVER ST + SYCAMORE,40.52842,-80.161725,0
01bfa195-8bad-4267-916e-3ad6b850fdda,10010284,Campbells Run Rd + Holiday Inn Express,40.443543766,-80.158482785,0
01c2ca7f-5602-47f2-a0d3-e76539ae05ce,16426,AMITY ST + 8TH NS,40.407241,-79.911147,0
01c2f4b6-60f5-42b9-a0bc-09a1d2ddf31c,11041,MAIN ST + WOODLAWN,40.390864,-79.900698,0
01c5b990-0d25-46de-a328-c5432b6d6698,7811,ARDMORE BLVD + BEVINGTON FS,40.426767,-79.862889,0
01c745b2-9926-48b7-b3e9-833f6dec0095,2517,ALICE ST + CAMFIELD,40.410337,-79.997575,0
01cde69f-1235-4906-a675-80d0d4747cab,9152,FRANKSTOWN RD + WOODS RD,40.459716,-79.873906,0
01cf1d34-2079-4959-9ca0-bef3ba7528d5,7153,EDGEWOOD AVE + DELAWARE,40.425625,-79.885681,0
01dc7584-7152-4797-99a5-7d606f021a7a,3414,PARKER ST + HILL,40.494351,-79.956596,0
01e1b031-7c96-4d32-a4d6-d519db22a064,14450,VERONA RD + RAITHEL FS,40.496046,-79.836745,0
01e2eed5-b536-4404-a5a9-6a9095f5428b,21528,CHURCHVIEW GARDEN APARTMENTS,40.386074,-79.93805,0
01f00c42-bd42-4354-b7b0-4c953cadb896,11038,MAIN ST + HOMESTEAD-DUQUESNE,40.395499,-79.899682,0
01f9b8ad-e050-43a4-b860-e6342d5ff2b3,17765,FIFTH AVE RAMP + FIFTH AVE NS,40.455928,-79.910932,0
020f7e3c-0ab7-468e-880d-7d9c58d29f35,7374,EDGEWOOD TOWNE CENTRE + TOWNE CENTRE OFFICES,40.424797,-79.887434,0
021d96e8-0370-4135-8e58-190f951416c5,574,PERRY HWY + CONNIE,40.496533,-80.020025,0
0224a30a-40e8-49b2-b619-01ac186b33fc,6284,BOWER HILL RD + COCHRAN RD,40.384864,-80.053572,0
023b67b1-7946-4947-ae3f-d54ca200c1ac,11583,ST JOSEPH ST + COMO (STEPS),40.413538,-79.979195,0
023db85a-d7c7-41ac-b7cc-8ca6b291fbe9,9761,BROWNSVILLE RD + STREETS RUN,40.346842,-79.986459,0
024ee3b7-4824-4248-aa07-076c24979c75,21443,CALIFORNIA AVE + FORSYTHE ST,40.470636,-80.036096,0
02524216-d4b5-41b1-b76d-4f980dda8e42,20100,EAST LIBERTY BLVD + CENTRE AVE,40.465039,-79.920097,0
02545dfc-a374-43ab-8f9f-aad34f468984,11154,LINCOLN HWY + CLYDE,40.388973,-79.830775,0
025aca43-1775-4f56-9f4e-cd2b90ae3e41,22691,CAMP HOLLOW RD AT LIVINGSTON RD FS,40.34595,-79.925745,0
025f5350-b59d-4fcf-ab33-f30202e61a72,6084,PIONEER AVE + BERWIN,40.399156,-80.021201,0
0261c71a-71c8-4775-a313-c6c29592f5c0,8831,MARK DR + #7915,40.469971,-79.868105,0
026daef1-a472-40c2-8442-073038a2f19a,5739,GREENTREE RD + ORCHARD,40.412212,-80.045994,0
026ec836-5d57-4d70-a367-ab9a989e1212,1358,BEAVER ST + LITTLE,40.542393,-80.183449,0
02714144-0634-4ab1-810e-fad91758a3b2,6415,BOWER HILL RD + PARKVIEW,40.380076,-80.062897,0
02740f4f-e7eb-418c-91ff-b4c730a4d7ec,11257,HWY RT 51 + BLUE FLAME,40.305157,-79.934197,0
0276944e-e2e7-45b6-a13d-70999a15ad95,100165,Schenley Dr + Phipps,40.439632876,-79.946865195,0
027a2d07-dee9-4671-b63d-7282b8a88e10,7279,LIBERTY AVE + 10TH ST NS,40.44381,-79.994892,0
02814826-d849-4da5-9dad-98a211f0bdc5,14973,BUTLER ST + 43RD,40.470823545,-79.960302731,0
0284571b-d0be-462b-9129-0305eee61f74,10010272,Mayfair St + Allison St,40.339580087,-79.835622699,0
028e5156-c567-4186-8765-e6bf787f55ab,20765,HIGHLAND AVE + ELLSWORTH AVE STEPS,40.458790279,-79.925197814,0
0298a35c-f93e-47cb-aadd-ce06f7661f32,7249,MONONGAHELA AVE + DUQUESNE,40.418393,-79.888292,0
029b1c26-40df-49c9-9adb-57b4007981da,9740,CURRY HOLLOW RD + ARBOR,40.336694,-79.971284,0
02a2ce05-b1f6-4aca-aede-549788eaf9df,20726,LEWIS RUN RD + SOUTHWESTERN HEALTH CENTER,40.328626,-79.938183,0
02a34539-ce5c-4efd-b877-ac59d6f8859c,2632,CENTRE AVE + MELWOOD AVE,40.452328,-79.950707,0
02bafea7-6378-42c1-84e8-090189c39fcf,180,LIBERTY AVE + 7TH ST (CLARK BLDG),40.442537,-79.999766,0
02bd8d02-59ac-4857-a697-47b26b07178e,20111,OLD WILLIAM PENN HWY + BEATTY RD,40.440283133,-79.742021035,0
02c4dd45-8cf7-460d-a6e2-2d7b51645c60,22112,STANTON AVE + JANCEY ST,40.47421,-79.931627,0
02cb9d9b-bde1-4091-b240-dddade4bac89,8252,ELLSWORTH AVE + MOREWOOD,40.450959,-79.942875,0
02d26c75-b939-41d8-a1f0-a47548d89e7e,10010359,Duncan Ave + Covenant Ave,40.568122457,-80.021612005,0
02dee4db-d9f2-449c-b6b8-9f4b0dc9a45a,61,POTOMAC STATION,40.397354,-80.036243,0
02e7c0f5-a51a-46b2-bc71-0ed771bd33a0,16463,BUTLER ST + 53RD,40.48224,-79.9524,0
02ebc3d3-df5c-47e3-9fda-300a6fd61011,4121,CHARTIERS AVE + MIDDLETOWN,40.457566,-80.073578,0
02eeb66b-541b-4f59-8e59-25fb05a4a6c9,10010373,E 1st Ave + Bridge St,40.602432592,-79.745260812,0
02f6326c-e983-4a9d-9d48-5b9a1c9bfdfd,20684,MARKET SQUARE PRTX STATION,40.441467808,-80.002280095,0
0309e8be-78ef-40fd-b3b4-27b75bd3b37c,10010217,Tarentum Br Rd + Freeport Rd,40.587115591,-79.749674187,0
0309f926-4654-47a4-93ae-8ae9032dbac5,3611,CHARTIERS AVE EXT + #1536,40.467038,-80.081807,0
031f0e0b-1a1d-406f-ad8e-cf491ed4d0eb,10010489,SALTSBURG RD + ALCOMA DR,40.477000615,-79.798261456,0
032312eb-ce05-4290-a015-d5f9459ff967,16346,EAST HILLS DR + #2340,40.455867,-79.870829,0
03304b47-cd47-40a3-afee-5b8db2bfab17,18844,LEBANON CHURCH RD + REGIS,40.347864999,-79.951382723,0
0332dd01-587a-4633-853f-423286b289fb,20943,JEFFERS ST + FADETTE ST,40.452097,-80.066031,0
03357388-499b-4692-bfc8-cb4ef09490fb,1386,OHIO RIVER BLVD + BIRMINGHAM AVE BRIDGE,40.499137,-80.071566,0
034466f4-f685-4a63-b21b-1986d75b3e74,11744,GREENSPRINGS AVE + DUQUESNE,40.391778322,-79.884736102,0
035d9280-9f61-4b95-89ea-9e970493095d,10371,WALNUT ST + 14TH,40.341186,-79.860977,0
035dacbf-012a-4e01-acae-45cb3d0c4e75,8466,HOMEWOOD AVE + KELLY,40.455679,-79.897008,0
03722927-af84-4329-8396-5b4149c1a290,21548,CUSTER AVE + EDWARD DR,40.395549,-79.968369,0
037ab086-6644-4eca-8052-d35757153ff6,2368,4TH AVE + LOCUST,40.521229,-80.17108,0
038084d6-2d4d-4b61-a639-6bbd71315993,18955,GREENFIELD AVE + LYDIA FS,40.425535,-79.942606,0
0388f180-1b4a-4eb6-be13-e5e95f7e57d2,6434,VANADIUM RD + VOLUNTEER FIRE COMPANY,40.374261,-80.092323,0
038f0158-641d-4cfe-8fdb-79c0bc312ebc,14601,CONNECTING RD + HAYMAKER RD,40.449637,-79.76173,0
03b4c3b6-20e0-4f64-bc21-588273834dbc,2728,MT TROY RD + BECKERT,40.47025,-79.982254,0
03c54e81-a46d-4f87-84dc-55b43291548a,1271,LINCOLN AVE + SHERIDAN AVE,40.495209,-80.054928,0
03c997df-e64e-45bf-955c-12385f4d6b42,2620,CHESTNUT ST + PROGRESS,40.453305,-79.992912,0
03c9e08a-f54c-4d78-bd32-171b16d6b46a,7220,MONONGAHELA AVE + CHURCH,40.421751,-79.890252,0
03d12e5d-c53a-4eb4-998b-ce4f09ccff94,7688,DALLAS AVE + EDGERTON,40.44764,-79.910896,0
03d5b2a9-4728-4f5b-9707-5d3ae561f1cb,20941,PARKER ST + KLOEHLER FS,40.494289,-79.958847,0
03dde938-4495-4dc3-9916-667ec6ce52ed,9593,HWY RT 51 + GRACE,40.344044,-79.97174,0
03eec73f-f99c-43f3-a992-a93d0a7424b5,4764,SHJ BUS TURNAROUND SHELTER,40.421144968,-80.006245267,0
03f18cad-d75d-470c-a028-9f45621d8f27,7137,KELLY ST + TRENTON,40.441217,-79.892502,0
03f3b81c-e739-4f9a-bb1d-daae005d11cb,100043,Perry Hwy + West View Business Dist,40.519745546,-80.032442829,0
03f8be3c-fb2c-4f83-ae77-c58613652454,4412,MAIN ST + JANE,40.411938,-80.08001,0
03ff10f2-7190-4c32-9fc2-f75784cfa76a,18452,JOHNSTON AVE + RIVERMONT FS,40.406657,-79.927785,0
0409ce94-73e7-4103-b63f-d008c039cbf4,986,HENDERSON ST + JAY,40.460253,-80.001676,0
0423cf1b-9b42-4427-a206-87f700aefdcf,2729,MT TROY RD + PITTVIEW,40.469349,-79.981919,0
04243672-e717-4107-ba66-4546b119e849,7234,FORBES AVE + BRADDOCK,40.43958,-79.897924,0
0429027e-9d58-4f7c-ab76-5e4d6eabb9c3,10010216,9th Ave + Grant St,40.608208646,-79.745934769,0
042d8f3a-29aa-4768-bedc-3650b32be78a,1475,BEAVER RD + SPENCER,40.564936,-80.206919,0
042ec4bd-1f11-4435-846b-a7f6b90f75d1,11710,GREENSPRINGS AVE + HAZEL,40.387095,-79.880609,0
043b37e9-a397-4284-9342-fd4798efbdb6,19775,UNITY TRESTLE RD + ASHLAND DR FS,40.486367,-79.771565,0
04528653-3b7a-468a-a7cc-a82c65871e8c,8808,LINCOLN AVE + WILTSIE,40.470088,-79.893735,0
045863a2-6747-43a2-b82c-49aa829fa671,20047,LARIMER AVE + MEADOW,40.46535,-79.914442,0
0458d573-1fc3-4090-bef5-6d380fcb769b,12109,SECOND AVE + ELIZABETH,40.407198,-79.943363,0
04603996-54b3-4fdb-a207-65a6e83e4205,13512,WM PENN HWY + DUFFS,40.438225,-79.774095,0
0465e100-ad28-48a3-8bc6-17e08835f27c,1321,CALIFORNIA AVE + HOME,40.498584,-80.0617,0
04660cbe-83a7-4bc9-9870-14ecdbe1bacb,12212,GREENFIELD AVE + FRAZIER ST,40.425718,-79.949754,0
0478e153-5fde-4215-b0ca-98caf7067544,11075,HALKET ST + LOUISA ST,40.437051,-79.959414,0
047b565c-810d-4de2-adbd-2fcce2b19ef8,20237,HWY RT 51 + E BRUCETON FS,40.328065,-79.944898,0
048598a6-dfbf-47af-9fb3-f03752813814,13608,OLD WM PENN HWY + ROTH DR,40.441112,-79.747792,0
048c230c-976c-452c-a64c-096023d3094c,6190,REAMER ST + #1555,40.3919,-80.002648,0
04940d80-bb2d-41bd-a000-341e0ece3e82,19136,MILLTOWN RD + LEECHBURG RD,40.494605,-79.788624,0
049946c2-6fbe-478c-96d4-9e84748d4c26,7213,HARRIETT ST + 5TH,40.414645,-79.883319,0
04a217f3-f5fd-4a8c-a8ad-e355d667a6d3,7687,WILKINS AVE + WORTH,40.446621,-79.912842,0
04a565a9-a35a-4bf8-9365-63e9b7b0d15e,19309,ARLINGTON AVE + #1047 FS,40.423464,-79.989236,0
04afa970-8397-4926-8dd4-7afc657c7545,14340,VERONA RD + GRAHAM BLVD EXT,40.46329,-79.865765,0
04b3d13d-ffc2-4822-a107-f5b923df98be,4269,W PROSPECT AVE + KINGSLAND,40.447595,-80.071654,0
04c5f78f-9976-4c8e-ac79-d0f01fd046e3,21570,SPENCER AVE + MAKARY WAY,40.391876,-79.976398,0
04d51c19-25f2-4bbd-9cbe-4bfd2369cb98,12009,CRAWFORD ST + WOOL,40.363222,-79.850657,0
04d79485-f2be-4710-9c4f-c3218531a39b,21985,PENN AVE + MILLVALE AVE,40.465297,-79.945355,0
04d9068d-a811-42c3-aaef-4c1f63378a15,3183,FREEPORT RD + CLIFTON,40.49957,-79.852991,0
04f98ab8-0f82-4864-a93d-996a0899cea8,200149,Centre Ave + Annie Pl,40.460402774,-79.923778391,0
051ec796-1ae0-43b9-8cda-9f3104b3d1af,2872,SPRING GARDEN AVE + MAUCH,40.471672,-79.98658,0
052241ed-e8b6-41a1-9a67-f6f1740e54f0,2459,MT ROYAL BLVD + GRANDVIEW,40.550199,-79.971457,0
0530c06f-465b-4128-a9c7-4706188a9243,99949,POPLAR,40.375395,-80.03851,0
0533efde-f59c-4b97-92ee-353e59dd0e8f,963,WILSON AVE + CHESTER,40.467432,-80.013563,0
0534507d-b85a-463a-a944-89cfda351afa,6867,PROVOST RD + LAWNVIEW,40.363008,-79.99227,0
053c5376-f24d-4e4a-9087-4cb83d02d08b,22754,BOWMAN AVE OPP CHESTNUT AVE,40.359025,-79.834076,0
055458f7-6a55-4fd6-ba3c-cd2242d5c0d3,23034,HIGHLAND AVE + BROAD ST,40.462352258,-79.924325313,0
05724068-9854-4de0-a474-3cd9c26a5c66,8713,BEDFORD AVE + MANILLA,40.44497,-79.986147,0
05775697-1b92-490e-9939-0d72a95bdb2c,18662,BOWER HILL RD + HILLAIRE,40.375006,-80.071841,0
058037cb-8ae5-4a71-b415-c3baa6f7d7fa,16119,EAST BUSWAY + HOMEWOOD STATION D,40.452929,-79.898897,0
058cc57c-17da-4f55-8a1e-e65068c51472,5928,FT COUCH RD + MEDICAL ARTS BLDG,40.340878,-80.052343,0
05969540-2290-4da9-9f23-6b58682c613c,21653,4TH AVE + HAWKINS AVE,40.409263,-79.866848,0
0598361d-d5b5-432d-9a39-261182660526,20598,MONONGAHELA AVE + 5TH ST,40.327742,-79.89256,0
059b8738-f9e9-4b58-b859-514e746e89f0,9377,BROWNSVILLE RD OPP BRENTWOOD LOOP,40.380922527,-79.975900393,0
05abcfa9-2b53-4c53-842b-88687525a17e,12565,BRADDOCK HILLS S C + STOREFRONT,40.414555,-79.85334,0
05fd7227-60af-458f-bc54-b19fc129b1b2,14366,BAUM BLVD + MOREWOOD AVE,40.455071,-79.944977,0
0607c53f-c3a8-4275-bd24-c6448922839c,4086,LADOGA ST + #3218,40.449796,-80.068213,0
060dd0e5-7d2b-4c01-b14b-0f4911c8383e,5278,RAILROAD ST + COLLIER,40.388093,-80.09004,0
06146b25-cf8c-44ef-924f-cb69cc1648ee,12034,MIFFLIN RD + #5419,40.368199,-79.910351,0
061a5162-d805-4d98-9b81-9efc158594d4,9257,5TH AVE + HAMILTON,40.457103,-79.909137,0
06297417-cba1-4dad-8e48-a5a4e4e9d1b7,2228,NEVILLE RD + GULF OIL ENTRANCE,40.497685,-80.091728,0
062d3731-9b0b-4173-9c05-d85e12194a65,3122,BRYANT ST + HIGHLAND,40.475207,-79.918528,0
06310a03-0eee-4ab7-9121-a688e57fa8bc,8866,LINCOLN AVE + ARBOR,40.466431,-79.89777,0
063bc30a-f4c0-4634-a17a-224ddd0c481a,22649,BAUSMAN ST + KNOX AVE FS,40.414356,-79.990064,0
063e32d0-360c-405e-b85e-c5b1e8d6ee84,13477,9TH ST + HORNER,40.60764159,-79.747474119,0
0646498e-665a-45b8-bb5b-208fb9ff26c3,10010497,Cedar Blvd opp Baywood Ave,40.381776418,-80.046392881,0
064ca7f0-ccdb-4cc4-942b-54b32f84470c,7691,DALLAS AVE + PENN,40.451229,-79.908302,0
064cba0b-dcf7-4c59-aa93-7a67c4b037db,16086,CHATEAU + FRANKLIN,40.455436,-80.028775,0
06518da0-5d59-483a-bc85-120be8b6ef95,7727,LAKETON RD + SOUTHERN,40.457923,-79.851529,0
0672d949-cf6c-4070-88ac-b7041cda9c33,7756,BROADWAY BLVD + MAWCO,40.398521698,-79.788861969,0
067de531-3f93-43f8-9ed9-5eab588b084c,4108,CHARTIERS AVE + AZALIA FS,40.44471,-80.041492,0
067f3dba-e42f-470c-bc62-ae4d3acc5327,2359,4TH AVE + CORAOPLIS BRIDGE FS,40.514756,-80.153921,0
06961660-1798-4286-9914-8aed0e42c4b9,12647,FREEPORT RD + MURRAY HILL,40.581448,-79.778872,0
06a07258-8ed9-4729-8288-d6e0058b9456,18156,MURRAY AVE + BEACON,40.434911,-79.922897,0
06afd2d9-ded3-4140-8b8d-acb401089e54,234,MCKNIGHT RD + MCKNIGHT-IVORY BLDG,40.501455,-80.01133,0
06b02cf9-e3f4-498c-857a-1840764ce0f7,14747,SALTSBURG RD + REITER RD,40.476465,-79.780434,0
06bcf616-a62d-4eb2-9242-88e5fb949c30,10010451,S Negley Ave + Centre Ave (FS),40.458874487,-79.929103263,0
06ce264f-7d39-4be1-a4a7-47094506a22d,1468,BEAVER RD + CHURCH,40.556247,-80.196793,0
06d6cd6f-8f1b-43c2-9b8f-bba80c6fea61,18817,FOX CHAPEL RD + MARGERY N,40.492092,-79.881397,0
06e9538b-9fa3-4c98-b66b-fa77254eabb8,14394,FRANKSTOWN RD + BARTHOLOMEW CHURCH DR,40.464932,-79.839371,0
071dffe2-1070-4dc7-bd42-ac40a9fab02d,7762,PATTON ST BRIDGE + MIDDLE,40.395325,-79.804666,0
073595bb-089a-4783-8e65-5ea8bd11554d,6675,VIRGINIA AVE + MAPLE TERRACE,40.430652,-80.009673,0
07428edc-7ca6-4281-b00a-98fbaabf64ed,9559,PROSPECT RD + ABBOTT,40.36407,-79.973373,0
07451cc2-74fd-4197-85dc-4530f59efc6e,19472,BRADDOCK AVE + ELECTRIC,40.400717388,-79.83344448,0
0745af67-8a61-4aca-9e6e-fde9df59fc07,1052,THOMPSON RUN RD + ABARD,40.531605,-79.990242,0
0748d88d-47e7-404e-9b96-51fac96eb10a,1950,CALIFORNIA AVE + RANKIN AVE,40.47617,-80.0398,0
075c5b7d-c273-4605-ba74-dc5432fb6bf7,19645,BOWER HILL RD + PAINTERS RUN FS,40.364228,-80.086916,0
0765f899-05ba-46fc-a888-d8a7d90c1cbe,10969,8TH AVE + RAVINE,40.408717,-79.895468,0
07667514-0c28-426d-8d2e-5f76d302356a,8191,NEGLEY AVE + CENTRE,40.457468,-79.934247,0
0767b586-1079-4b3f-aa90-e565b6607810,8484,SHADY AVE + PHILLIPS,40.432444,-79.918306,0
0769dbad-5436-4a93-9f30-9d413c242c2d,10924,MURRAY AVE + BARTLETT,40.436209,-79.922831,0
077af71a-b772-4c19-b381-165f457d77af,6657,GRANDVIEW AVE + SHALER,40.440396,-80.023224,0
077b9746-cc29-4287-a4d6-fe72416ec692,3678,BROADWAY ST + 13TH,40.474618,-80.079753,0
078444b0-97ab-4714-a820-582280ef4036,22643,VILLAGE DR AT WASHINGTON RD FS,40.342759,-80.059774,0
079cc9de-5ae7-4969-8bbe-95e6ed85cf7c,8895,CENTRE AVE + HERRON,40.448917,-79.96474,0
07a07f87-2f1d-4196-a524-7fe398118bf5,10010298,Pacific Ave + Liberty Ave,40.620090349,-79.72597681,0
07adc58c-25dd-4915-b5dc-8813ec45f009,2735,LOWRIE ST + FLECK,40.465979,-79.980952,0
07bbca09-823b-4066-a7f2-897fc167a3b4,19113,MAIN ST + PENN NS,40.46545,-79.954829,0
07c37c51-0160-42d0-9558-6eae2f2d3b45,4568,BANKSVILLE RD + GOLDSTROM,40.412967,-80.030539,0
07d85f88-90be-480b-b661-d104a4a48386,2826,CHESTNUT ST + SUISMON,40.45618,-79.994962,0
07f0a840-8256-41fa-9336-1df4cb8d0321,248,MCKNIGHT RD + MR TIRE,40.540299,-80.012019,0
07fb7938-47dc-492d-b16b-efef49685256,20551,MONONGAHELA AVE + 4TH ST,40.328943,-79.892465,0
07fe223a-d54c-46e4-85c6-3c80eb9376fc,7639,WILKINS AVE + WORTH,40.446652,-79.912966,0
08087ad9-05f6-427a-bd5b-1aff2d52ba4c,2090,EAST OHIO ST + NASH ST FS,40.453886,-79.998096,0
0812f42a-af5f-4f20-85a9-87c196f8d734,1610,BRIGHTON RD + ACACIA,40.479706,-80.031059,0
08234734-2cdf-44bb-a705-ad3a31f93cd3,1935,CALIFORNIA AVE + FORSYTHE ST,40.470772,-80.03629,0
082fd91b-0444-4aea-9b9e-636c808b4568,18694,MCKNIGHT RD + PERRYMONT FS,40.558341,-80.023342,0
0834dcca-ea2e-48dc-9c54-b32ad6d6ffaf,6260,VANADIUM RD + ELMBROOK,40.369478,-80.085734,0
083a3ac1-4af9-4659-b337-5d0e10034165,20024,HULTON RD + JEFFERSON,40.522957,-79.811691,0
08426728-299e-48c2-a73b-541d4cdf8264,9340,JANCEY ST + STANTON,40.474308,-79.931448,0
08518f53-db57-4727-9ccf-78b6422ff7e1,6742,SOUTHERN AVE + CARFEL,40.420162409,-80.013070439,0
08522608-2d9c-4662-8aab-6b5eaac83f9d,8528,SHADY AVE + SOLWAY,40.442978,-79.920303,0
0857effc-eff8-461f-81eb-f26181ace639,10583,VERSAILLES AVE + MAPLE,40.345531,-79.845792,0
086455f2-b82e-4f54-89f5-7d3af20d7d26,21702,PENN AVE + SCHOOL WAY FS,40.413937,-79.987155,0
087433dd-b733-4835-9d63-b53562194936,10010270,Grandview Ave + Gleason St,40.340492151,-79.836927119,0
087c63d4-7f5b-416f-a26d-b5f71e90b1ff,1421,OHIO RIVER BLVD + MILLERTON,40.481481,-80.045977,0
0897f8b4-8915-4b80-b583-b0a446d29492,16678,WALNUT ST + WAMPLER,40.317288,-79.833672,0
08a1ccfa-7970-4690-9824-704fa448acbd,14866,FRIENDSHIP AVE + EDMOND ST,40.462614,-79.947863,0
08a2f5a5-5e58-489d-935a-8959005781ad,10010369,Sheldon Park + Booker Community Ctr,40.624129097,-79.720568606,0
08ab765b-771f-48a7-a10c-795cf5867a59,10010409,Langer Way + Regency Apts,40.469349066,-80.095023826,0
08b79f6d-2319-41f2-9cb0-c26f2946671b,1072,REMINGTON DR + WALDWICK,40.553924,-80.00741,0
08c040b0-108b-43ab-9590-2afd3ca0de85,8847,ABER RD + URBAN,40.467335,-79.869403,0
08c9e44f-e95f-4f48-b421-71158e2947a5,22877,NORTHERN PIKE AT MOSSIDE BLVD,40.433905011,-79.753461876,0
08e18c88-65e9-4863-8a4a-47548e9dc305,167,EAST ST + SUFFOLK ST,40.469084,-80.001562,0
08e1d187-8f2f-4573-975e-2e838915a3b2,6299,SOUTH BUSWAY + DAWN AVE SHELTER,40.412975,-80.010879,0
08e8779e-6a07-4047-a8fa-7c0f72919cff,1429,OHIO RIVER BLVD + LOCUST,40.497706,-80.069651,0
08ecd80b-1c1f-40fa-aa20-916b581e5ea7,200247,Shady Ave + Howe St,40.454461168,-79.921584347,0
08fe9ce7-25f5-4451-8351-29e39cb8989a,4097,CHARTIERS AVE + CITADEL FS,40.454256,-80.058335,0
09000bf9-ecb7-4cd0-a748-2a2a14aa5140,15839,BELTZHOOVER + ORCHARD,40.417847,-79.997214,0
09087555-6a27-459e-b588-8a3f080d9e49,14367,BAUM BLVD + MILLVALE AVE,40.454454,-79.947569,0
090bfdfb-4cb3-4d79-9a94-097b09619a13,8333,HAMILTON AVE + BRUSHTON,40.452728,-79.889339,0
090d57cd-99e9-4dfd-b623-15d521d61f14,3173,FREEPORT RD + COMFORT INN,40.538273803,-79.832748525,0
090f18a4-8ac8-43ef-9ac7-d74ed4cd6d65,3507,HECKEL RD + KENMAWR PLAZA,40.473517,-80.094421,0
091aa0a7-3b34-412f-b42a-c9cf85816f9c,6106,PIONEER AVE + BELLBROOK,40.401254,-80.018092,0
091c0b16-60a1-4be1-8d0e-22d9d2cc7a85,1460,BEAVER ST + GRIMES,40.542339,-80.183232,0
09271d4f-6a16-497d-adf2-5ebaaf8e08ed,2312,W CARSON ST + WEST END BRIDGE STEPS (UNDERPASS),40.44478,-80.028825,0
092c4928-66dc-4fae-a036-585c9e374b6c,15992,HERBST + BOSTIAN,40.485336,-80.113008,0
094f33e4-4766-46cc-856f-edd08e62643e,11121,WHITAKER WAY + LARKSPUR,40.403261,-79.890045,0
09502e0e-1369-469b-a263-ebb69fbb570e,6747,SOUTHERN AVE + SANDWICH,40.425069,-80.009668,0
0950845c-e035-4465-bc98-79c20f2c2034,6995,ARLINGTON AVE + NEWTON,40.426487,-79.99288,0
0955af6f-aeda-42f7-b092-f46e19ee4ff2,16122,EAST BUSWAY + HERRON STATION D,40.459362,-79.966613,0
0967cae0-97ff-4c27-8fac-1c64dbf6967b,10010379,Three Degree Rd + Babcock Blvd FS,40.545131388,-80.031239354,0
096dbb93-8fe6-4803-a93f-c5569f04988c,3479,KENNEDY CTR GIANT EAGLE + ENTRANCE,40.46788,-80.09716,0
097def51-f8d4-4ff5-8a6a-290740916611,249,MCKNIGHT RD + ROSS PARK MALL DR,40.542549,-80.013268,0
098b6b87-73dd-4161-a7c0-b1557f89d608,3174,FREEPORT RD + ALPHA DR W,40.537976486,-79.834557636,0
0993f284-bbd0-40fe-bf41-e362d6a4321b,18647,BOWER HILL RD + SOMERVILLE,40.371477,-80.079587,0
099e750e-b3c9-4e37-9ecd-513ebe49936f,19774,UNITY TRESTLE RD + FRANCIS RD,40.483598,-79.765745,0
09ab7ca5-33aa-4c5f-a7b6-8696374424eb,20688,EXPOMART DR + WEST ENTRANCE,40.432449,-79.793976,0
09aeed2b-d46a-471a-aa28-6fce25214295,7828,AIRBRAKE AVE + 11TH,40.403283289,-79.823074572,0
09b0364a-61f0-4c49-a8e1-80df55efa064,1465,BEAVER RD + QUAKER,40.548419,-80.18954,0
09b8d7da-30ec-4cf4-b0e8-95f736345012,8841,CHASKE ST + WESTMINSTER,40.473912,-79.86387,0
09bc9c29-ca09-4733-90bd-d07c3e7bfb31,4148,CHARTIERS AVE + HUXLEY,40.453492,-80.06202,0
09ce3328-718a-4fca-ba0c-2a0f6041db99,7188,LINDEN AVE + BESSEMER FS,40.395126,-79.838135,0
09d0ba24-2b59-4e4a-84da-27aef26362aa,3693,CLEVER RD + PATRICIA PARK,40.469768,-80.100838,0
09d344de-db75-4647-8677-dbf2a334bd04,8210,NEGLEY AVE + PENNLEY PARK APTS,40.464592,-79.929957,0
09d5baa5-1839-4deb-9a6c-b779810f3a9d,5560,EAST BUSWAY + PENN STATION A,40.443917597,-79.99210725,0
09e6fb07-c1e6-4a24-9997-b3e90721097a,11750,GREENSPRINGS AVE + ROBERTA,40.386039,-79.880322,0
09e8b8a5-d271-418d-87b4-21c337aa24ba,22423,CHASKE ST + #8038,40.476024,-79.870897,0
09eaca9d-76aa-46d3-b544-2ce4a957a4ed,7276,SOUTH AVE + MULBERRY,40.44162,-79.884122,0
09efbafb-5d7f-481d-97b0-156793d5d0b1,10010299,Heights Plaza + Union Ave (UPMC Outpatient),40.622857402,-79.723578711,0
0a0a31a9-88df-4795-9efb-99d3a711259a,18283,BEAVER RD + ACADEMY FS,40.544841,-80.187094,0
0a0d4b72-91c9-484e-947a-7438b7337c94,11152,LINCOLN HWY + CLYDE,40.388716,-79.830156,0
0a197c17-43c2-483b-bff0-7763be016530,16566,ALLEGHENY AVE + ANN,40.520159,-79.842814,0
0a1a46ce-fd93-484e-80ce-e0f8731f080d,13475,9TH ST + PROSPECT,40.609115634,-79.744131116,0
0a1a71ec-fe88-4e7e-aae7-667a8f8e66fe,8446,PAULSON AVE + OLIVANT,40.469617,-79.899188,0
0a207034-cf6c-4c33-aa4b-c5d34c3472b4,1444,OHIO RIVER BLVD + KILBUCK (I-79 ENT),40.517883,-80.130653,0
0a30d7c1-5ea1-46aa-8786-899fea4f5c4c,7455,BRINTON AVE + RAVINE,40.401604184,-79.841382429,0
0a3d61f3-d1f5-4fac-a366-8bbd44f6499a,1812,CHARLES ST + #2562,40.467593,-80.016678,0
0a48a7b4-c1ec-4e0c-83c3-50fa4030720e,22644,WASHINGTON RD AT CONSOL DR FS,40.345859,-80.057481,0
0a5001e3-10d5-4778-84f5-3424c05f85ce,18910,TERRACE ST + OAK HILL,40.439966,-79.967684,0
0a506b5b-2299-48b3-abf8-cb9d33b317aa,8051,BRINTON RD + FAIRFAX,40.421617297,-79.861295139,0
0a5305c7-23e9-4780-97c2-c4f0a42d577d,11677,GRANT AVE + 4TH FS,40.372631,-79.849411,0
0a55afee-9371-4ef5-8236-41fc530f25d4,15071,CORBET ST + 8TH,40.604422856,-79.753302933,0
0a5ad80b-604f-45d6-8800-2de9141b6d96,99999,NORTH SIDE STATION,40.4481,-80.010515,0
0a5b1543-cfad-47be-8756-8ad73afb98d6,4303,BROADHEAD-FORDING RD + VILLAGE RD #2,40.449926,-80.080572,0
0a5dd980-7fd4-4e05-8abf-5c4935c4530f,100006,Mansfield Blvd + Broadway St,40.409236557,-80.086183256,0
0a6ebf1b-cda7-460c-a61c-1cbd2641b7b4,17666,ELIZA ST + DIVISION,40.394594,-79.879598,0
0a75f1d8-a2e0-49b1-96b9-cc1db9295d17,22117,BUTLER ST + #5770 (CAR WASH),40.485845,-79.944298,0
0a760980-8125-4524-b959-458c12de17b9,8320,FIFTH AVE + THOMAS BLVD,40.45481,-79.911464,0
0a76baeb-f8c5-46af-a6f5-1759d09c21ad,11780,GRANT AVE + 6TH,40.372133,-79.851168,0
0a7bd4d2-332e-4c4d-968f-3b689ae57760,1018,CENTER AVE + COLUMBIA AVE FS,40.520235,-80.042286,0
0a85fedb-eb00-4a6b-aff1-0587656427b4,8265,ELLSWORTH AVE + NEGLEY,40.454662,-79.932657,0
0a919e82-dee5-4470-87b7-77d5358f80cf,18952,GREENFIELD AVE + FRANK FS,40.424139,-79.933088,0
0aa240b2-5e71-4907-b04b-268a01528a2a,9119,FRANKSTOWN AVE + LASCHALL ST,40.458329,-79.905863,0
0ab48729-2493-498d-8cb8-7e68f6542afb,18317,WINHURST ST + CALIFORNIA,40.487361,-80.04492,0
0aba78ed-2e0f-4749-b902-ea74821c330a,14369,BAUM BLVD + MELWOOD AVE,40.454077,-79.951806,0
0abff2ef-5fdc-49ce-afda-ea9cc718358a,7503,PENN CENTER BLVD + PENN TOWERS (UPPER),40.424416,-79.812322,0
0ac0d70d-002e-47ca-b92e-8136277ffb21,17286,EAST CARSON ST + 11TH,40.428772,-79.987377,0
0ac36d1b-0048-4a3a-8365-c635fc98fda8,12608,FREEPORT RD + BOYD,40.49792,-79.854793,0
0ad2b965-649d-474c-834d-3c7b82a1d45b,22398,CLEVER RD + REGINA DR FS,40.466034,-80.136034,0
0adccd00-c12c-4bd3-b88f-321e4f49a766,20806,BROWNSVILLE RD + CURRY RD FS,40.358464,-79.990614,0
0ae584e9-2b52-4873-b389-065b422953ac,3902,CAROTHERS AVE + HILL,40.400288,-80.088316,0
0ae7b16b-469e-4fbb-96f6-17a9d130eb48,4656,BANKSVILLE RD + CHAPPEL,40.409498,-80.032073,0
0af6684b-139d-4288-b9ea-1eeb69360c42,4527,MAIN ST + JANE,40.411996,-80.080105,0
0af7fc20-5043-4da1-80b7-6d930e7ec5db,20829,FERGUSON RD + WALLACE,40.564862,-79.992513,0
0af9a5cf-1478-4736-bd8c-5862a37cff4e,5021,STEUBENVILLE PIKE + DEVASSIE,40.445873,-80.151649,0
0b061705-bbb0-4493-9afb-f0b6c2d9b8cf,85,WEST LIBRARY,40.294139,-80.029802,0
0b2ae001-8206-41f1-983f-e9bacc43531c,1199,40TH ST + BUTLER,40.468660368,-79.962097065,0
0b2cec5b-5658-49e8-8f3f-60961f278602,1487,MERCHANT ST + #826,40.589468,-80.229295,0
0b3269e8-9542-4b41-ada4-92182e9285e7,13595,MALL BLVD + ALTMEYERS DRIVEWAY,40.434952,-79.786024,0
0b3f9c4e-c7e0-4585-ba0a-e87b38c14a53,11646,WEST ST + 18TH,40.400013,-79.90497,0
0b4abf7e-04bf-450b-8343-03bb3d98ae77,5822,GREENTREE RD + CHATHAM PARK,40.403345,-80.058376,0
0b4c19cb-2314-40a1-8ddf-b2d7d14cf8bd,10157,BALDWIN ST + HOLY ANGEL SCHOOL,40.387721,-79.932638,0
0b58842f-cf3e-454a-a1d7-3151e14b399f,12701,MAIN ST + 13TH ST,40.494358,-79.929604,0
0b69019f-ad6e-49b1-8ea1-3829e392e648,16347,MT TROY RD + BAUN,40.481491,-79.989209,0
0b7d7560-444d-43dc-8383-37d8dab7c69e,1078,REMINGTON DR + PEEBLES,40.561295,-80.012953,0
0b82f533-eea1-45c5-836a-d5664c40e444,20536,RAVENSBURG BLVD + HWY RT 885 FS,40.304401,-79.895569,0
0b83ef6c-3f2e-4ac4-8c2c-d307eca99e44,22663,OLYMPIA SHOPPING CENTER PARK AND RIDE AT SHELTER,40.322443,-79.834806,0
0b841ecb-7231-475e-94f7-299509aae2b8,82,WASHINGTON JUNCTION,40.353447,-80.028117,0
0b8a3de4-9a8c-4478-85dd-75943f0d76b8,21172,BROWNSVILLE RD + OVERBROOK BLVD,40.38931,-79.985359,0
0b8b85e8-0b1b-4201-bee9-5d78815485ee,10010257,Jenny Lind St + Flagler St,40.339993318,-79.854686976,0
0b8beb04-8336-4c1f-b1d3-4c19f4b15073,11749,GREENSPRINGS AVE + HAZEL,40.387215,-79.880724,0
0b990e97-d247-4cd2-85bf-90c62bd7848b,11139,LINCOLN OPP BROAD ST,40.375449,-79.796521,0
0b9a5bfa-d572-4230-9ce8-133176573b5c,21206,WASHINGTON AVE + JAMES ST FS (POST OFFICE),40.356579,-80.113406,0
0b9d85ae-5266-42aa-b041-825a176205c6,12702,MAIN ST + #1102,40.494275,-79.930866,0
0ba1cc6a-ae5a-4249-8ebe-589641e538a1,4850,E CARSON ST + 14TH ST,40.42877,-79.984251,0
0ba6fae9-02e4-4ad7-af83-43fc285fece9,17371,MCKEE RD + CCAC WEST,40.437271,-80.19163,0
0bacfc28-9ad9-4d35-a7dc-d058f8008223,22368,HARMAR PNR - STOP 1,40.540591,-79.833954,0
0badc145-a424-493d-8bad-cd4d9f76a65d,13320,MONTANA AVE + BROADVIEW BLVD,40.62094275,-79.728253434,0
0bb4b779-60be-4202-a9e0-eae2de337519,9700,HWY RT 51 + BRENTWOOD TOWN SQUARE,40.366702,-79.984203,0
0bb55c30-604c-4cea-89eb-9c1d4867e92d,19437,LINCOLN AVE + ATWELL,40.463157,-79.90465,0
0bb66420-3bfd-47f7-a014-b1f26c75f4bd,16881,BRIGHTON RD + BRIGHTRIDGE ST FS (BREADWORKS),40.461496,-80.018859,0
0bbdc29d-c3b6-47f4-8288-834932c774e9,9031,TERRACE ST + CHESTERFIELD,40.441039,-79.963867,0
0bd09bae-7618-4ab0-be4e-5f0916f54ef4,7787,ARDMORE BLVD + BRADDOCK,40.424638,-79.859163,0
0bd13ea0-da06-487b-845d-9d35c4b6630f,1110,THOMPSON RUN RD + SANGREE,40.538902,-79.990189,0
0bd565c9-e9e2-4f26-8062-22abb0b010e3,8201,CENTRE AVE + CYPRESS,40.454968,-79.941567,0
0be36b5f-4ff5-4ebe-bf7d-478cddf388e6,9652,HWY RT 51 + DELCO,40.370796,-79.982348,0
0bfdb0c9-ccda-4d82-9687-afb8c987284f,9185,PENN AVE + 44TH (CHILDRENS HOSPITAL),40.465871,-79.953722,0
0c01b747-f112-406a-a325-beaaaa2a9502,1433,OHIO RIVER BLVD + LAUREL,40.501937,-80.076208,0
0c07c481-50c4-4899-b5dc-540a2bb3f0bb,10010402,Centre Ave + East Liberty Blvd,40.464813886,-79.920153962,0
0c1670a2-884e-4d20-88fe-6ad63fda2f47,18785,CHARTIERS AVE + SINGER,40.464925,-80.073974,0
0c16ade9-9588-403b-8cb4-0d4d1b235588,18648,BOWER HILL RD + HILLAIRE,40.374877,-80.071902,0
0c1e321f-8c74-4e51-b1c1-44b5033cfb30,984,HENDERSON ST + SANDUSKY CT,40.459227,-80.005647,0
0c2c3ae4-7e7f-4607-8b03-53f618ba60b3,15878,EAST BUSWAY + HAMNETT STATION C,40.437189,-79.885613,0
0c37163d-f873-417e-a0a2-a912aafe14b7,200173,Vine St + Philadelphia Ave,40.615689822,-79.72369244,0
0c38e021-ed50-4f4c-9b78-9880401f646b,17355,FREEPORT RD + DOLLAR BANK(WATERWORKS),40.487273,-79.885363,0
0c3ae90f-7adc-4908-86f3-c0962129e5b1,21153,KENNYWOOD BLVD + #4000,40.392553,-79.86986,0
0c42e968-3de5-42e6-9e0b-dd3d2b3b87d1,6779,SHILOH ST + VIRGINIA,40.42927,-80.007281,0
0c46d815-7a44-4635-9675-60daf777e348,21989,PENN AVE + AIKEN AVE,40.464632,-79.936695,0
0c571a7f-aa56-43df-9c18-0faac25e366c,1381,OHIO RIVER BLVD + MEMORIAL,40.50872,-80.090674,0
0c5e3157-25a2-4bbc-b013-32092df8324c,21906,FRIENDSHIP AVE + EVALINE ST,40.462191,-79.941738,0
0c6736b2-213c-441e-9933-044dbf6a3541,8447,PAULSON AVE + BRAINARD,40.468689,-79.90178,0
0c7826fe-2c4c-43c5-98f7-7ec51e3b53fe,8642,WADSWORTH ST + ROBINSON,40.443291,-79.966172,0
0c7f1b89-fff8-486b-8eba-a6f576cc9ff1,19615,STEUBEN ST + ELLIOTT HEIGHTS SENIOR CTR,40.441354,-80.045966,0
0c837dc7-e62d-4d04-a5e0-148d3eaa9f90,19000,COMMERCIAL ST + BLACKHAWK ST,40.420375826,-79.89873868,0
0c8ad2ba-b3c2-4071-be9f-4814f62aaf9d,2864,SPRING GARDEN AVE + #3681,40.485444,-79.996594,0
0ca3f4f7-d510-4f5d-96cc-814b2142cdb6,2758,GARDNER ST + LOWRIE,40.461192,-79.984921,0
0cb28e52-7e16-4cb6-9d4a-a2ac11b760f3,7572,MAIN ST + CENTER,40.396026,-79.841452,0
0cb45749-36c1-4eba-8426-6ad97275be99,2447,MT ROYAL BLVD + WOOD,40.532467,-79.967928,0
0cb75863-ca36-4230-bd57-66635e49c1e5,21244,REED ST + ELMORE ST,40.442177,-79.978467,0
0cc1a542-7de8-49fd-8d4e-30d264ca8e81,2747,TROY HILL RD + PROVINCE FS,40.457562,-79.989446,0
0cd12bd0-0482-46b3-a514-edf7a3fc207a,4209,W PROSPECT AVE + MAINSGATE,40.446228,-80.067964,0
0cdf126c-ebb4-4409-b3e5-b69df890e2b2,1619,BRIGHTON RD + PENNOCK,40.48733,-80.039015,0
0cf60295-8436-4683-a1e1-6554b9688b1d,1659,KENDALL AVE + CRAWFORD,40.488972,-80.05072,0
0cf60ad9-7de1-473d-aa57-2670722a138b,99971,DORCHESTER,40.340801,-80.048133,0
0d07ab38-bf38-4ac0-b164-322474d4b1bd,21117,WEST LIBERTY AVE + WISCONSIN FS,40.393828,-80.035899,0
0d141db0-f6f5-4934-84ba-4839a4b65146,12210,GREENFIELD AVE + HAYWORTH,40.425372,-79.945104,0
0d15a37a-16e4-46b2-8399-ead16cc4c68c,22110,STANTON AVE + DEMARILLAC HOME,40.476909,-79.932571,0
0d1b4664-c4e9-4760-9dd9-9e430451ffcb,7235,BRADDOCK AVE + GUTHRIE,40.438383,-79.897147,0
0d1fb2ee-f34d-4c7e-9060-b688b1135cfa,17350,FREEPORT RD + OAK MANOR,40.650726,-79.708371,0
0d244402-8788-40d3-934d-730a17f01c59,8825,MT CARMEL RD + FAYBERN,40.466287,-79.874812,0
0d260c57-14a0-481c-a6fa-6986a04fb7b4,2174,LIBERTY AVE + 17TH ST,40.449107,-79.985387,0
0d418173-e44f-43dd-83e5-58b806eb4ccf,14363,BAUM BLVD + GRAHAM ST,40.457481,-79.936798,0
0d467f64-be5a-4d51-ab31-e8b7c8263963,15946,GRANT ST + US STEEL STOP B,40.441683573,-79.995078684,0
0d4eac57-3995-4247-9e3b-214ba6728eb3,2908,SPRING GARDEN AVE + REPPEL WAY,40.472791,-79.987512,0
0d541ec6-3092-450a-a2e7-786ccdea2bed,14385,FRANKSTOWN RD + HARVARD DR,40.469486,-79.823647,0
0d54c1c9-f08f-4f5c-a07d-b7f8e6974830,19284,GILKESON RD + WASHINGTON,40.355115,-80.050458,0
0d6853e4-4627-4d9f-9280-4441a7c9083d,12144,SECOND AVE + MANSION,40.40402,-79.942468,0
0d6e0844-6a15-4371-9ef8-049dde056ec1,12686,FREEPORT RD + PEARL,40.540773,-79.816047,0
0d6f4a50-b9c6-4a5a-9a14-c152f5922637,11695,PENNSYLVANIA AVE + CONLIN,40.361812,-79.867918,0
0d7059a0-faa0-4fd0-b016-8e6b24217465,1825,MT PLEASANT RD + CHICAGO,40.478536,-80.000751,0
0d7686cf-6fb1-4799-87fd-019c52413139,2627,MILLVALE AVE + YEW,40.458332,-79.947419,0
0d8364ce-ffbe-4e43-a629-e7f863e3509f,8233,PENN AVE + VILLAGE OF EASTSIDE SHPG CTR,40.458198,-79.918378,0
0d88d11d-586a-44c2-9d9c-14b4deb7a523,1167,FIFTH AVE + MOREWOOD AVE,40.447476,-79.942284,0
0d8ad3ec-4c2c-45c3-938a-21e2311cee5f,5395,WASHINGTON PIKE + BERAM FS,40.368943,-80.101863,0
0d8e1e42-9bb6-41fd-b654-a3ff18b26581,8190,NEGLEY AVE + #370 (BAUM BLVD),40.459043,-79.933468,0
0d8f2302-7a9e-4473-add8-10d93cff0a59,1725,ALLEGHENY AVE + NORTH,40.452957,-80.01931,0
0d8f60c3-3f53-42ea-81ae-232859851323,21949,STANTON AVE + DEMARILLAC HOME,40.476833,-79.932448,0
0d910d90-fb70-486c-aa72-c3b06716815d,8019,BEACON ST + #5414,40.433615,-79.932093,0
0da68b3e-6b84-4c9e-b35e-d5c584cf62c2,20867,HAZELWOOD AVE + WINTERBURN AVE,40.415669,-79.939018,0
0da7bbb4-323e-4641-8aa8-9f6eb609f7d6,13569,HWY RT 286 + PRESQUE ISLE,40.463731,-79.705538,0
0daf4373-318d-4a47-bbfa-ee23f11c2a51,14471,HULTON RD + 12TH,40.524319,-79.828995,0
0db58bed-edbc-4e9f-9359-4274011918cc,66,LIBRARY STATION,40.287071,-80.020933,0
0dc0e915-27ed-4a97-9299-006d1572355e,18682,MCKNIGHT RD + MCKNIGHT CIR (OPP ROSS PARK MALL DR),40.542185,-80.013331,0
0dc76ccb-7cff-495d-b1f7-cb8770cc48f0,8781,CENTRE AVE + SOHO,40.445149,-79.974172,0
0dd509ae-c023-4867-b41c-bb76e88818a0,16628,WALLACE AVE + HAY,40.444868,-79.885315,0
0dda1038-8396-4d06-8f01-099ddf3a2698,17389,MCKNIGHT RD + IVORY AVE RAMP FS,40.499126,-80.012829,0
0ddd240e-ec9c-4d67-9e45-ddbd74fd0d4d,7429,ARDMORE BLVD + SUMNER,40.417161,-79.848222,0
0de10ca2-7a00-451a-8536-06cb9bebe73d,5409,NOBLESTOWN RD + ALTER,40.413765,-80.073312,0
0de595ac-1cd0-42f2-b486-1d1d51950242,1211,EVERGREEN RD + DAVID,40.489175,-79.97215,0
0dedaa4c-2268-418f-8597-33582d9b7cb1,21373,PROVOST RD + SHADOWLAWN DR,40.37241,-79.994766,0
0df8b778-66d8-4985-b26a-911713712876,12710,FREEPORT ST + GARDEN,40.496703,-79.942578,0
0e05aac2-176c-4141-9a95-4c4237ca1716,10010363,McCandless Ave + Holmes St,40.479960605,-79.951008118,0
0e069184-6e99-4afb-88f7-cd5450d28758,10584,VERSAILLES AVE + PACKER,40.345661,-79.84771,0
0e0a4887-4a42-4c3a-aad7-7add52601966,11640,MAIN ST + EDNA,40.393238,-79.900197,0
0e0adc2c-20e4-4277-90c7-b9d412f365cd,22316,LEWIS AVE + #1236,40.505208,-80.142415,0
0e2599f9-3de6-4234-8fe1-8685e2f83752,16403,KNOEDLER RD + MERRYHEART HOME #100,40.341969,-79.982456,0
0e2e86c3-b8da-4621-9695-d581fd81ac27,14570,WASHINGTON BLVD + LIBERTY WELDING,40.466916,-79.90861,0
0e31619b-7cf8-4f96-b122-d9c1e4d3a5b2,4668,BEVERLY RD + W MARLIN,40.387849,-80.05211,0
0e332bfe-8dbc-42f3-b43c-e9fbb28ae209,1582,DIVISION ST + MARIE,40.504389,-80.075174,0
0e380c1e-851d-42e5-a44c-0efc9c835b1e,3274,HIGHLAND AVE + STANTON,40.469560823,-79.92099524,0
0e3c6346-588f-44b4-a14d-14855015b2d8,5661,GREENTREE RD + CARNAHAN,40.414111,-80.045016,0
0e3df820-c81d-448b-bdfd-89b7b398a7f0,20637,LEWIS RUN RD + ANNHURST APTS,40.326798,-79.938967,0
0e508d6f-c771-4a7f-aabf-96a056b437d0,890,PERRYSVILLE AVE + CHARLES,40.470914,-80.008508,0
0e532409-76dc-419c-8ebb-d8df0b85b2bc,20507,BLVD OF ALLIES + JUMONVILLE,40.436293,-79.977708,0
0e5b3e3c-ca6b-427f-8d5c-91706f8cae50,2616,BRERETON ST + 28TH,40.455772,-79.972755,0
0e5e555c-69d3-48fb-8119-e2804ad27efe,12148,SECOND AVE + ALUVIAN,40.400208,-79.938132,0
0e66ba48-b9de-4330-80ca-3a5670c04dec,3623,BROADWAY ST + DALE,40.47182,-80.072652,0
0e696a61-7d7e-4826-b18b-b9995e74c5e6,9228,EAST LIBERTY BLVD + EUCLID,40.466662,-79.925528,0
0e6da9ac-6785-4fe4-a58b-d336727de789,10258,WALNUT ST + 33RD FS,40.330177,-79.842326,0
0e6e103b-2867-4bd2-810d-fa7d23657308,3493,MCCOY RD + LENORE,40.48002,-80.08562,0
0e7352ed-8d67-4316-bd83-3bdf7cf4ded9,7088,KELLY ST + PEEBLES,40.441271,-79.894206,0
0e8ca4f2-1f73-426c-9e62-771ed56e30ca,20366,MINGO ST + VANN RD,40.465075,-79.892767,0
0e9357eb-8da8-488e-a0ee-9116f016656d,12181,SECOND AVE + ALLEGHENY COUNTY JAIL,40.435214,-79.993679,0
0e979f89-f8f9-44ce-b75c-c077c10fa04b,15851,WALMART + SHELTER (N VERSAILLES),40.387614839,-79.823521101,0
0e9f7eaa-52ca-4240-b69f-942186cf3498,13796,FRANKSTOWN RD + DUFFIELD AVE,40.461323,-79.847962,0
0ea2afd1-b9ab-4688-90ba-96f1f6b75dc2,200130,Curry Hollow Center,40.336467436,-79.977415837,0
0eac0ae4-76f8-4ac7-81e9-23dfb1998067,10263,WALNUT ST + 27TH FS,40.33357,-79.847826,0
0eb85e7a-bb17-4a3a-a2ac-b8f8fd6f3510,10026,BROWNSVILLE RD + PARKFIELD ST,40.391477,-79.986685,0
0ebaddf7-829b-4125-b55b-6116d8852c41,569,PERRY HWY + CLARWIN,40.505238,-80.028571,0
0ec1cfe5-515c-421e-abb4-e57fedfb2a81,16845,BENTLEY DR + BURROWS,40.439823,-79.970364,0
0ec2247a-5319-4275-afd0-0ae8a8a8ed12,5025,STEUBENVILLE PIKE + WATERFORD WOODS DR,40.449458,-80.140928,0
0ec78c4c-44c9-49ef-85bf-ffbb0c7e735f,12186,MIFFLIN RD + GLENHURST,40.37211,-79.917079,0
0ec84392-ace4-4a55-b4e4-e8c23f87873d,1873,SHADELAND AVE + HARBISON FS,40.47755,-80.03354,0
0ed00153-2073-4c41-ba32-5c1fd11ae853,1095,REMINGTON DR + WALDWICK,40.554142,-80.007485,0
0edc04d6-2203-4bec-85d8-b9f568ee801e,14469,HULTON RD + 10TH,40.523865,-79.831764,0
0edea559-53ff-4c52-a3f2-db7e38dfa3f6,9337,JANCEY ST + BRYANT,40.479447,-79.929774,0
0ee2e89e-3b41-4c7f-b0df-90782e2e926a,15881,WEST COMMONS + THE ALLEGHENY SENIOR HOME,40.450584,-80.007149,0
0ee6c77f-424f-46f3-8b27-02f3735c6f30,21554,AGNEW RD + JOSEPH ST,40.396331,-79.971483,0
0ef07d77-da14-4a1b-a51d-1e890ba7bc62,21909,FRIENDSHIP AVE + AIKEN AVE,40.461878,-79.937768,0
0ef8aee5-9b37-4da4-ae62-6dc7eca16343,7467,BRADDOCK AVE + TURTLE CRK MENTAL HEALTH CTR,40.401779,-79.86645,0
0f03761d-eac9-4a19-a432-9b19dbb4a8b3,6682,SOUTHERN AVE + DEWITT,40.424594,-80.010311,0
0f1645c7-b39d-4b80-a393-ffda27e79198,5656,GREENTREE RD + BANBURY,40.406342,-80.053023,0
0f169830-1cdf-4948-9708-645922b0deec,4804,JOSEPHINE ST + #3203,40.41996,-79.964246,0
0f20d099-2001-41d9-bebe-e348eca8a33f,23097,LIBERTY AVE + FIFTH AVE,40.44163,-80.00287,0
0f260f7c-8acf-4ab9-b112-3ca7aedac800,6447,RAILROAD ST + STATION,40.357854494,-80.110605304,0
0f328d1c-458d-4bc9-84d6-f240b187e771,20667,HWY RT 885 + WALL RD,40.306952,-79.904973,0
0f3c59d4-dd75-4196-8470-6dbbcb26f7ef,22681,GREENFIELD BRIDGE AT ALGER ST,40.427294,-79.938801,0
0f41d751-dcae-4d6e-ae72-d3f686cf27be,6678,SOUTHERN AVE + NATCHEZ,40.428699,-80.008103,0
0f4bd8c5-ef32-48b2-9346-3c269bf14ffa,8532,LARIMER AVE + LENORA,40.46704,-79.910137,0
0f4e0454-f119-47ef-aaa1-46b8b5e52857,18704,SPRINGFIELD DR + NORTHGATE,40.577893,-79.992421,0
0f4e75a7-3a44-4d12-9cd0-d0534796487b,9270,STANTON AVE + STEPS FS,40.477775,-79.947708,0
0f63b30e-2d1c-44d4-a7b2-4959ce54e015,22768,COMMONWEALTH AVE + MILLER AVE,40.380294,-79.864574,0
0f6490e3-9a59-4e6d-8131-0b07d9b95e85,15836,BELTZHOOVER + FREELAND,40.419206,-79.997358,0
0f6635a0-44c3-4574-b45d-9edf39bf4414,2572,CRAIG ST + BAYARD ST,40.449697,-79.950619,0
0f85e5e1-d6ec-4807-a642-75f558c1760d,10010256,Jenny Lind St + Flagler St,40.339965616,-79.854930824,0
0f8763dd-9620-4bf3-b7e1-e002f1593c4b,22844,GREENTREE RD AT RIDGEMONT DR,40.429004,-80.040118,0
0f8a835d-2e85-48dc-9961-b48300f84e2c,17518,AMITY ST + 8TH,40.406968,-79.910707,0
0f8d7d53-feeb-4c7e-93cf-c504e75b1a9a,18173,FORBES + MARGARET MORRISON NS,40.442789,-79.93778,0
0f8e5812-5df4-4705-9476-063b054f0abb,18996,COMMERCIAL ST + BLACKHAWK,40.420387333,-79.898429595,0
0f8fd532-1079-448c-adea-4cf1ee7a2682,6425,BOWER HILL RD + KANE BLVD,40.371838,-80.082474,0
0fa0590c-7f05-4ca6-9764-6368c70f1e99,12703,MAIN ST + CANAL ST,40.494602,-79.932179,0
0fa12bf9-8637-49fc-86a4-d398b724a670,3490,MCCOY RD + SHAFTER,40.480791,-80.079169,0
0fa8b566-584d-4095-82e2-49acbbc5ac69,19491,ADELAIDE ST + IOWA,40.452957,-79.956719,0
0fb0266d-1dbb-44a0-bc38-6e16c3ffbaeb,17307,SOUTHERN AV+ COWAN,40.427595,-80.00895,0
0fb7bcf0-5e1b-4593-898b-a555ae8fc9f5,1630,LINCOLN AVE + BALPH,40.495525,-80.055405,0
0fcb5280-1aa1-41d3-8d79-ddfaea285b38,9217,COLUMBO ST + PACIFIC,40.46912,-79.938956,0
0fde8cc2-f110-4071-8588-7bef1dd85763,8894,CENTRE AVE + EWART,40.448758,-79.961412,0
0fe1d48f-bde7-438c-a98f-ae2d21593757,1354,BEAVER RD + QUAKER,40.548647,-80.189678,0
0ff6d574-20cc-430d-ab52-9d042018840c,22762,COMMONWEALTH AVE + HILLTOP/PARKVIEW MANOR APTS,40.380168,-79.865464,0
0ff8e0ae-991f-4325-af6c-7fc3f21af2d6,10892,KENNYWOOD BLVD + HOFFMAN,40.384975,-79.86254,0
0ff9f420-10fc-4e25-90c0-39937980b8ee,2755,TROY HILL RD + PROVINCE FS,40.457581,-79.989143,0
1019ecb0-36ae-4080-afcc-a94064c65a6d,18579,WEST BUSWAY + SHERADEN STATION A,40.452753,-80.053154,0
1036d48c-c12f-4a4d-aa47-b0b447471169,3434,CORAOPOLIS RD + LONG VALLEY,40.489929,-80.109089,0
104c9193-14dd-4586-a54c-c539188abeaa,22012,ROBINSON BLVD + #2600 (OPP E GATE),40.459355,-79.865886,0
105c819b-f7ad-484d-b830-364d623a2ad5,14674,SALTSBURG RD + ALCOMA GOLF CLUB,40.481016,-79.802589,0
10648132-fb29-431a-bff0-cea15f4d00ee,6291,WEST LIBERTY AVE + BROOKLINE BLVD FS,40.398558,-80.025756,0
1077d57c-7c8b-4e34-b753-2b08004026af,22185,FOX CHAPEL RD + N MARGERY DR,40.491845,-79.88167,0
107a89b8-9b57-49c4-b9ca-8f1121a7a871,8486,TILBURY AVE + NICHOLSON,40.430411,-79.91781,0
10817a3c-a8dd-42da-ba94-cd131a2c026b,10010413,Robinson Town Centre Blvd + Park Manor Blvd,40.455914862,-80.167699011,0
1087f41b-034b-4649-a95c-4cf1b08602f7,21616,HORNING RD + #5621,40.333033,-79.989037,0
10959208-1b21-41e6-b40e-baf8d2341e7d,22434,PARK AVE + MONTIER ST,40.444655,-79.874594,0
1097d3a1-8b7d-460d-a394-2337ce43b6f7,12700,MAIN ST + 14TH ST,40.494494,-79.927422,0
10a79a97-a372-4d02-9332-e78b1c4b04c5,9673,BROWNSVILLE RD + HALLOW HAVEN,40.343571,-79.98514,0
10af4a8c-5c3e-4139-81e5-9264eb446f0a,13565,HOLIDAY PARK RD + HWY RT 286,40.475287,-79.707584,0
10afe6ad-d0bd-4f20-b15b-34cbc47f6a01,14164,FRANKSTOWN RD + 1ST REFORMED CHURCH,40.481163,-79.822136,0
10b03b60-52b6-4691-8387-cad56b922fda,5808,LINDSAY RD + PEACH TREE FS,40.3843,-80.071678,0
10cdfb9d-dc75-400c-bac2-165389ab64e5,20023,HULTON RD + LINCOLN,40.525113,-79.813992,0
10cf8a01-f674-4f56-9296-2423045fb429,20731,LEWIS RUN RD + KELLY LANE,40.331365,-79.936609,0
10d05feb-65bf-4577-a27d-8ab250d17cad,11754,HOMEVILLE RD + CASTLE #1,40.381464,-79.877411,0
10da016a-1a64-4155-ad47-a4ee9cf86df1,22362,BAKERSTOWN RD + SILVERVILLE RD,40.667597,-79.712515,0
10db7358-c141-45e3-8cd1-2ef99efbf155,19083,UNITY-CENTER RD+ WILLOW,40.484851,-79.768145,0
10df548a-254c-4235-8303-3bca22a2182f,4785,ARLINGTON AVE + CLOVER,40.41756,-79.97145,0
10ec03bb-1e52-4b7d-8d9d-e567ca60371d,10010276,Tulip Dr opp Park Ln,40.339539521,-79.830381713,0
10f70f33-f538-49de-8d64-7078c681d74f,1057,THOMPSON RUN RD + WHITE OAK,40.541928,-79.992309,0
10f71b32-4b1b-4ce1-9e68-88de71525f31,1289,CENTER AVE + YALE AVE,40.516736,-80.044425,0
1108e8a5-e435-422b-9e40-b4c442521b35,20532,HWY RT 885 + WRAY DR FS,40.315177,-79.91716,0
111600fb-a808-41b2-af75-2ac7ec814523,9251,HILLCREST ST + AIKEN,40.467689,-79.934766,0
111af33f-7691-4e9f-a4e3-78956886e3ac,4329,STEUBENVILLE PIKE + PITTSBURGH MOTEL,40.439704,-80.090939,0
11238101-7acf-4e0d-977e-913212d40dba,2875,SPRING GARDEN AVE AT SPRING GARDEN LOOP PNR,40.466396,-79.985291,0
112bc009-ad02-4437-8c76-4d4ed2cabc17,12284,MIFFLIN RD + #605,40.383235,-79.930313,0
112d506a-1ed2-4b6e-ac87-63b60671e14d,21655,CHALFONT ST + CURTIN AVE,40.416733,-79.99868,0
1131e082-28c9-43e1-86f7-2b106ac35b22,2427,GRANT AVE + WILSON,40.504141,-79.949046,0
113ca94b-7239-42db-8e8d-fb6bbc1e80e4,21362,FREEPORT RD + POWERS RUN FS,40.506549,-79.851641,0
114c95f7-6371-40ea-954c-ff965e789e58,1634,CHURCH AVE + WALNUT,40.506989,-80.07659,0
114e12ab-3b8c-423a-8bea-99aa28a0b266,11972,5TH ST + CRAWFORD,40.364745,-79.847056,0
11537b05-3631-4da4-a630-05b5654f1c98,7713,MONTIER ST + #1438,40.445206,-79.87391,0
1164b918-c187-49f0-9e81-30c6b0be4395,18522,OXFORD DR + MALL BLVD,40.432003,-79.789124,0
116ceb08-93d6-44f6-bff2-2a0a804e72bb,200180,Freeport Rd + Drey St,40.581014023,-79.757792057,0
116d22d4-a815-4793-bf7d-ef6dd1d5e3e9,6777,SOUTHERN AVE + MINSINGER,40.418773,-80.013575,0
117b40f9-9930-402c-a1f9-be2e946cde8c,22651,PINE HOLLOW RD AT KENMAWR PLAZA DRVWY,40.475432,-80.097575,0
11802a1e-f1f6-4bf5-a076-e88b278be542,7793,ARDMORE BLVD + REBECCA FS,40.43681,-79.873154,0
11828ca8-b7af-4f0c-8ef6-4494417ec6b5,4365,STEUBENVILLE PIKE + #4460,40.443756,-80.097373,0
118cbe4b-5c46-4a14-9ee2-c9ccb0031da2,10953,MURRAY AVE + MORROWFIELD,40.428107,-79.925165,0
118f8014-ed49-4b93-b928-9573021d791a,18814,FOX CHAPEL RD + FREEPORT FS,40.488406386,-79.882981613,0
11a125ad-17a8-4050-b111-2644668428b9,10248,WALNUT ST + #4913,40.316331,-79.832916,0
11ab03b7-cc8b-4368-a7f4-df7a7edb02e6,7692,PENN AVE + MURTLAND,40.450745,-79.906082,0
11b1064b-b6d2-4d8f-8be8-182a3945b92a,1478,BEAVER ST + BROAD,40.569538,-80.21386,0
11bbadb3-1943-441b-8cd5-e3ac70de8182,21376,GRANT AVE + #114,40.478066,-79.969696,0
1202dc10-2f55-4154-8bbb-860b89aa8212,17744,TARGET DR + TARGET PERIMETER RD,40.41001,-79.912595,0
121adcf1-d5bf-4bbc-93d2-a331fda1d45a,20221,WARREN DR + LINCOLN HWY FS,40.384752,-79.823563,0
121ae92d-ea34-4e18-9859-247d04382601,11267,WORTHINGTON AVE + 12TH,40.292915,-79.897871,0
12201a5d-abc4-4609-bf70-62f76b6ff038,4852,E CARSON ST + 17TH ST,40.428818,-79.982179,0
12292146-6a74-425f-b8c7-3a9b195ed6fd,3205,FREEPORT RD + VIRGINIA AVE FS,40.488464,-79.899564,0
122c902b-cacd-4425-a595-7afb6d1c193c,21462,SKYLINE DR + BALDWIN HEALTH CENTER,40.366862,-79.962728,0
122ea7ac-6f08-4663-a792-7713a665acde,20396,LABELLE ST + PIERMONT,40.43449,-80.015973,0
122f06d5-db9c-4f0d-b3d4-d9a278850a25,7063,NOBLE AVE + DICKSON ST,40.420642,-79.885351,0
1230e138-7bf9-44a4-95b6-7ace99f11f9b,2768,MT TROY RD + HIGHLAND,40.470813,-79.982393,0
123575fd-6b78-4525-89ac-14c2bf065fdc,7779,ELECTRIC AVE + ELECTRIC AVENUE APARTMENTS,40.402203,-79.836617,0
123da28d-bf86-4983-88fb-00f5037f3ebe,9560,PROSPECT RD + COLTER,40.36298,-79.971208,0
123fd442-4140-491a-a76f-9cd4677ab214,22705,6TH ST AT MARGARETTA ST,40.404218,-79.866971,0
12423445-e5f3-47f6-a822-fc839a789660,20452,BEDFORD AVE + HERRON AVE FS,40.453012,-79.965879,0
124a20ce-d933-4b48-9f9d-6904a71c3ea7,20428,4TH AVE + ANTISBURY ST,40.412731,-79.879364,0
124da62a-a586-464a-9d1a-9cd6446f194f,1363,BEAVER ST + BEAVER CT,40.536419,-80.176705,0
12521481-8246-4fc5-86d5-6d85b6dc0df6,7228,BRADDOCK AVE + HUTCHINSON,40.432681,-79.893884,0
12712614-a131-4076-a5b0-24d123649f0a,14631,UNITY TRESTLE RD + LEECHBURG RD,40.491498,-79.784952,0
129073c7-e093-4152-8cee-b151346b4d9b,14634,LEECHBURG RD + BARCKHOFF ST FS,40.493752,-79.789271,0
1291c713-106d-4b1f-a4d4-287a188e3636,20730,MONONGAHELA AVE + ARCH ST,40.337802,-79.889393,0
12984bb0-5c5f-4e76-af27-3a8f52ff9018,5110,STEUBENVILLE PIKE + WEST WAY SHOPPES,40.44441,-80.145989,0
129a941e-9867-42b8-b4f7-f228c735fdd1,10995,LYSLE BLVD + 5TH,40.352858,-79.847932,0
12af0a66-4f02-401a-8ba3-29be2c9f1d34,14969,BUTLER ST + 48TH,40.475983,-79.957703,0
12b01ee3-d2f7-4273-9f0c-deef10ffc097,1317,BALPH AVE + TEECE AVE,40.49737,-80.05436,0
12bad332-071c-48fc-8edb-a02fb458a66d,8530,SHADY AVE + AYLESBORO,40.440088,-79.919628,0
12c672fe-59c2-4393-ae52-f3f8e406b341,18866,ZUPANCIC DR + QUAKER,40.32077,-79.989408,0
12ca2257-c8ee-446c-8890-f100a15f1b69,5389,WASHINGTON AVE + MURRAY,40.360333,-80.111396,0
12d56ba8-b631-497c-ab60-8d114a005181,1788,CHARLES ST + IZORA,40.464078,-80.020577,0
12d9789b-609f-457b-9f38-1aff44d8c6a3,200113,Saltsburg Rd + Sycamore Dr,40.481455074,-79.82928118,0
12db886b-04bb-4911-80d8-6be7f058c379,5806,LINDSAY RD + NIXON SCHOOL,40.386143,-80.075272,0
12f4d5bb-8884-4d1a-814e-682b0b31f0b8,2446,MT ROYAL BLVD + SHAW,40.529433,-79.965556,0
12f92f32-ce66-43a9-a2da-2f1ba3783fc6,1540,BRIGHTON RD + HIGHWOOD,40.468456,-80.025291,0
12fbc6dd-99e1-46cd-bc29-93a04e867634,3418,MT ROYAL BLVD + HAMPTON AVE,40.55433,-79.971164,0
130cee1c-afea-4342-91ad-f3132c085402,21733,BEECHWOOD BLVD + PHILLIPS AVE FS,40.432456,-79.915199,0
131d34b2-a16c-4a1b-b794-5f80f5e21fa5,11114,MIDWAY DR + #4A,40.397606,-79.883239,0
131e75d9-03b0-40ca-aa0d-0b9efa114482,21582,CHURCHVIEW AVE + CATHELL RD NS,40.384544,-79.949732,0
132b3552-d527-4843-9f43-cdbb6436d02d,4841,E CARSON ST + STATION SQUARE STATION,40.431837256,-80.003468494,0
1331dd70-3ce8-4fbf-b230-c36710ed5802,20443,WEYMAN RD + SOUTH PASSAGE DR,40.362647,-80.000443,0
1333eba6-d436-41e2-bb97-878f18960493,833,PERRYSVILLE AVE + MCCLINTOCK,40.463044,-80.013807,0
133484a9-c51e-44dd-ac4e-04712c41b039,14636,LEECHBURG RD + SUTTON DR,40.491851,-79.792853,0
1345c6bf-7508-4414-af3c-5ae1205378ef,18699,HEMLOCK DR + BABCOCK,40.587194,-79.999078,0
13514d16-21d6-4f5b-bd2f-4cc2f54b641e,15463,HWY RT 51 + JEFFERSON VETERINARY CLINIC,40.301396,-79.929547,0
13605376-41e8-4057-84ef-7b2e7419e31f,4826,E CARSON ST + ARLINGTON,40.430843,-80.001105,0
13605efa-79dc-4ede-b895-485fae6ce2c6,5046,SUMMIT PARK DR + #35,40.450454,-80.19045,0
13623224-c9f8-4c13-813f-142d7e3f0355,200112,S Braddock Ave + Edgerton Ave,40.443076311,-79.896699243,0
13680c1f-ca45-4e4d-b5fa-77b4678b8810,18936,HAMILTON AVE + OAKWOOD,40.451715,-79.884876,0
13705a47-1130-41d0-aa97-1591e1844bd2,10585,VERSAILLES AVE + EVANS,40.345863,-79.849266,0
13751f1c-e20b-4ddc-aa51-23d95a80da04,11931,ELIZA ST + FRANK,40.391829,-79.877208,0
137798f3-0c6d-4516-8eda-2b9fa0a0cb55,10010479,Brownlee St + Ohio St,40.349321733,-79.841258632,0
1384ca82-d587-49d9-8e9f-8020e47ba09d,9348,CHISLETT ST + VETTER,40.480749,-79.928267,0
1386d1b1-4505-4ad9-bb85-10eb63b7e42f,7566,WOLFE AVE + TURNER,40.408021,-79.849412,0
138d1ff8-8052-4477-a20a-c227162479ee,11630,MAIN ST + #4117,40.38174,-79.905549,0
138dd695-eb52-47c1-97cb-373191fa5dbb,14708,CENTER RD + GATEWAY DR,40.458534,-79.757835,0
13972c91-6036-402e-bc56-2cacd28dfa07,18857,BLOSSOM DR + GARDENVILLE,40.342652,-80.00532,0
13a0dda1-c397-4cdf-a234-4da6bc2df107,6265,MAIN ST + #1737,40.376844,-80.092911,0
13a72a74-f19e-4179-a71b-5991c4e0a0ec,8737,CRAWFORD ST + WEBSTER,40.443173,-79.987475,0
13cae60d-c298-4d58-b95d-c9e2f7039eb9,2183,LIBERTY AVE + 32ND ST NS,40.460087,-79.969376,0
13d2a987-bfab-4a72-92d9-bf8dd286a060,15283,LIBERTY AVE + 9TH ST,40.442835,-79.998105,0
13d3fc1a-8b9c-4424-bdb0-5013f4453d65,20439,CLEVER RD + MONTOUR HIGH SCHOOL,40.468488,-80.123558,0
13d92410-c944-4a0b-9320-7a7cef129daf,10010383,Perry Hwy + Thompson Dr FS,40.530164875,-80.035025213,0
13e0faaf-a158-4552-9f92-d12422dbf0df,16898,WILSON ST + KENWOOD,40.468468,-80.013909,0
13f3b3ed-d43a-408a-b143-af54d212807d,200144,Schenley Dr + Carnegie Library,40.442411825,-79.951451697,0
1402b32a-0ccb-4eb6-951f-4683472aced6,2725,MT TROY RD + ALFRED,40.473092,-79.983485,0
141d45bd-59f8-46c6-9cf7-1490f957ce86,2595,CHESTNUT ST + PROGRESS FS,40.453352,-79.9928,0
141fa0e6-23cd-4d71-88b3-0431e842beac,19902,HAZELWOOD AVE + #713,40.419791,-79.932618,0
1424e830-3873-4f22-9e51-c2c03f72a6f2,4566,BANKSVILLE RD + COAST,40.40919,-80.032024,0
142f5864-4beb-41cc-9c80-93d6b09e9879,1827,MT PLEASANT RD + BEECH,40.481167,-80.002245,0
143223d9-59f8-4aeb-8759-6fcd31e1353a,979,BRULE ST + MAGNET,40.470995,-80.00599,0
143baed9-997f-407d-a956-9056b4775fa4,19080,UNITY-CENTER RD+ MILLERS,40.489392,-79.778517,0
1451d19d-ed0f-45a4-9029-34efd291d6a4,11047,MAIN ST + BOTSFORD,40.384692,-79.903685,0
146ea065-4552-4463-ac95-79213a3bc3ec,18408,KENNEDY AVE + 6TH,40.370846,-79.850644,0
147be6fc-4e62-4905-9f1d-81cdd46a51b0,18979,BRUSHTON AVE + UPLAND,40.460737,-79.888537,0
147c754a-520b-42c3-83dc-51226a3ee586,10010273,Mayfair St + Allison St,40.339741298,-79.83539197,0
147db305-ebe0-482b-b592-2669fccc193c,22005,PARK HILL DR + WHITE PINE PL,40.454482,-79.87411,0
1482cef7-ab3c-4979-83b4-b752ecd07372,1291,CENTER AVE + CORNELL AVE,40.519398,-80.043643,0
1483c8e4-35bf-4253-92c7-772fcb3e2a28,1392,OHIO RIVER BLVD + KENDALL,40.486328,-80.054165,0
148c323e-d9db-4e29-bdbd-05bd62bdccbb,14024,GREENSBURG PIKE + HILDA,40.380736728,-79.814716977,0
148c87bc-e7a1-4aed-bf9a-09fbeab1d45d,7469,BRADDOCK AVE + COREY,40.403771,-79.869163,0
148d9109-027c-4851-9471-99cf0e178fa8,11949,MAPLE ST + ELIZA,40.396142,-79.881267,0
1493d674-78c6-4e70-86c3-ce15ac50a827,10903,8TH AVE + ANDREW,40.409207,-79.901489,0
149b5f7b-fd6a-4ee1-bf76-cd302d3ffb72,891,PERRYSVILLE AVE + ELLZEY,40.471837,-80.009947,0
14a13f12-509e-4dd1-8859-b61f83a57356,W15308,MONONGAHELA INCLINE AT LOWER STATION,40.432475145,-80.004911287,0
14ae76ff-009f-4d59-9742-765500079452,1596,BRIGHTON RD + FARRIS ST STEPS,40.463029,-80.020522,0
14b6ccd3-9c3d-4ac0-b032-33b1bed6a25f,3335,MT ROYAL BLVD + EADE,40.546607,-79.972393,0
14cb6498-3b5f-4370-849c-491942516113,9143,FRANKSTOWN AVE + BRADDOCK AVE,40.455961,-79.89016,0
14d55ea5-1638-40c3-9de7-b551bff8eeaa,4085,BERRY ST + SCOTIA,40.448341,-80.06768,0
14e19eae-9c8a-4ee1-a55e-d7044b81c982,10932,LEBANON CHURCH RD + POLK,40.354194,-79.9122,0
14e6550a-2afd-4bf9-9d2a-3e64896d1271,4863,JOSEPHINE ST + #3237,40.418987,-79.964677,0
1501475c-ce50-4690-b847-c22e8d2d406f,1062,AMITY DR + LINGAY,40.547461,-79.994557,0
150c0272-322b-4a1d-8ff5-b1aede94da81,20368,SILVERTON ST + EVERTON ST,40.462928,-79.891796,0
150fd047-1e92-4e39-a954-9eb4e7d93142,22989,VA CLINIC FRONT DOOR,40.427906,-79.791657,0
151c0a2d-8b8a-482c-ac08-5975180be11e,3907,WASHINGTON AVE + FRANKLIN,40.401462,-80.082966,0
1520b1e3-3f54-456a-b9cd-31a4f4b0fd67,21453,SKYLINE DR + PARKLINE DR,40.367138,-79.963975,0
152e86af-5617-40a5-9369-4308ed04bc9e,1940,CALIFORNIA AVE + SUPERIOR AVE,40.46543,-80.033287,0
15399372-b780-46a4-93f6-c01a42b61624,9827,PRIVATE ROADWAY + STATION SQUARE STATION,40.431789,-80.003705,0
153b0628-d8e0-49ad-b96c-474ba1150019,20486,HAZELWOOD AVE + #737,40.419915,-79.931716,0
153b505e-32cb-4d64-959f-df72fe8296f7,18867,ZUPANCIC DR + #6516,40.32051,-79.992141,0
153e479d-261f-4150-ba89-4fffd06181c4,8519,BEECHWOOD BLVD + #3911,40.428213,-79.933739,0
1541b21b-9e94-432d-bdab-ddcb271c9f6d,6748,SOUTHERN AVE + WHITWORTH,40.425932,-80.009239,0
1546b20d-4106-4f5e-aaec-f24927db5968,4828,FT PITT BLVD + SMITHFIELD ST FS,40.437066,-80.001663,0
1548df9c-b4ad-427a-a5d2-06f1ed7f269a,10010295,Hormer St + 9th Ave,40.607470978,-79.747403496,0
155acd46-e728-49de-af23-1ec16adde3b7,1380,OHIO RIVER BLVD + WILLOW,40.510135,-80.094113,0
15667350-8e2e-4de6-a57e-5a7810f1641e,22879,MONROEVILLE BLVD OPP IVANHOE DR,40.434022,-79.764605,0
1575cb8b-ce47-497c-a2b9-87129b9e3325,22827,PGH AIRPORT UPPER LEVEL (DEPARTURES),40.496376158,-80.249070494,0
1575e463-e675-4a76-a615-6de17462fb3b,16340,PROSPECT RD + BERLY,40.361337,-79.962258,0
158b2557-4dcf-421b-9b91-0c96062e00be,200162,WYLIE AVE + JUNILLA ST,40.447890184,-79.971812235,0
158e1623-1a0d-4d8f-ab19-1ac8fe3fb8fc,19465,COLUMBO ST + ATLANTIC,40.46895,-79.938115,0
159144e5-cf80-42c1-8946-bd722eb85c13,7046,BELL AVE + JONES,40.403385,-79.86273,0
15a0cc95-c8cc-434d-8035-b686ff73b192,21115,MCCOY RD + N VIREO,40.477572,-80.095274,0
15a1c9fc-81a1-45e2-afb6-b8deb4c7a782,20689,MALL BLVD + K-MART,40.431923,-79.79115,0
15a8446f-9988-49a6-83b2-02b1f4949c23,8114,BRINTON RD + COLUMBIA,40.424634,-79.868618,0
15ad4f5c-054d-429b-9ffa-d78199e8f92f,11774,KENNEDY AVE + DELL,40.366429,-79.857264,0
15b355eb-5acf-4731-8048-964cede25fc0,17482,BROADWAY AVE AT SHIRAS,40.403788,-80.030326,0
15be50ad-5723-45d4-be3d-196848bbd3e9,22440,PIRL ST + BROWNLEE ST,40.352144,-79.844757,0
15bf01f9-507c-45d7-a7e0-dd48e4a5064a,22025,PENN AVE + WINEBIDDLE ST,40.464995,-79.942717,0
15c1524f-fcb9-486e-bcf5-cd083c8e2d48,20285,WATERFRONT DR + LOEWS THEATRE,40.407047,-79.919491,0
15cf3880-1871-4826-8052-bae4ff9bd493,10010425,McMonagle Ave + Banksville Rd,40.399658388,-80.044655709,0
15cf3bef-3ceb-444f-b7fa-20f4a35def5b,15716,ROSS PARK AND RIDE ENTRANCE AT HOV RAMP,40.507614,-80.030113,0
15d499ec-d923-4cba-a98d-2a58f81b3083,21730,PARK MANOR BLVD + ROBINSON CENTER DR FS,40.451896,-80.161898,0
15fa76f0-93f1-4a59-90cd-6505774a1304,12784,FREEPORT RD + # 1101 (MULLIGANS),40.540913,-79.818825,0
15fd66b7-bf6d-4fdc-9466-4262c981e45c,21087,SUMMIT PARK DR + HOME DEPOT SERVICE DR,40.451019,-80.184491,0
15ff7f54-8de5-466c-b6db-ff966405e9e1,19059,FRANKSTOWN RD + BON AIR FS,40.463635,-79.855727,0
16066f6f-5852-4417-aa55-6775132afba5,1518,LINCOLN AVE + BRYANT AVE FS,40.492377,-80.049175,0
160d41c5-1eb1-47b4-85eb-34e100d5224a,19543,RIDGE AVE + ARCH,40.452159,-80.00815,0
1610f437-2221-4321-b465-2a503d913e08,1578,CHURCH AVE + DICKSON,40.507545,-80.081372,0
16135972-b173-4c36-8aae-748edd3577bf,18291,OHIO RIVER BLVD + MCKEES ROCKS BRIDGE FS,40.479422,-80.043519,0
161581c4-4b3a-4969-8e96-df90eb654944,1280,FOREST AVE + MARYLAND AVE,40.504092,-80.052545,0
161e30cc-c860-4c46-8bb2-275838b1ea04,6877,BAPTIST RD + MCKEE FS,40.352733,-80.009819,0
1623af8d-a238-4fde-9ab5-2e24c9030017,10010469,Business 376 + Airside Dr,40.500157657,-80.219096362,0
162748fb-28b0-4273-bb59-7fe74470ff90,8566,NEGLEY AVE + ELLSWORTH,40.454689,-79.932481,0
16288ae2-d6cc-4db0-aa38-3e299d2630c4,7032,LINDEN AVE + SR CITIZEN APTS,40.398748583,-79.836690674,0
162c1965-982f-498e-ab2a-7ce2fe512c48,10889,DUQUESNE BLVD + FAIRMONT,40.382068,-79.856386,0
16450a5c-90ed-4e18-9b77-0a376094b32a,1786,CHARLES ST + BIZET,40.466454,-80.019862,0
164c44fb-1a1a-473f-83b0-4ff7efd79dc9,7633,PENN AVE + LANG,40.449958,-79.90346,0
1654bf48-c1b8-4b0a-9314-d0636de1ce1f,7686,WILKINS AVE + #6640,40.446049,-79.914475,0
1656918e-a9b8-41d4-a765-a62466cc9416,2211,GRAND AVE + PINE,40.514516,-80.140627,0
165bb847-8bb0-40b2-8976-df44bcae7df2,13599,WM PENN HWY + RED LOBSTER,40.437892,-79.775456,0
16890be9-6315-4393-a567-4431643b1061,2817,BUENTE ST + RHINE,40.466137,-79.993025,0
1698e8f2-1804-42c2-8a6b-7be7d276ce27,12103,IRVINE ST + MOBILE,40.416081,-79.946823,0
16bbe64e-11ce-4b63-be59-a1e4320040b4,5891,LINDSAY RD + GREENVIEW FS,40.386926,-80.076484,0
16bc377d-ced4-42c8-a525-632aaf055c9f,20360,TILDEN ST + #7101,40.464824,-79.89489,0
16beb96c-3688-42f7-a902-412ef99674d8,6855,SOUTH BUSWAY + GLENBURY AVE RAMP,40.382852,-79.996781,0
16c9dabb-aa8c-4c16-906c-7e3e44937ce2,8407,HIGHLAND DR + JOB CORPS DR,40.478217,-79.898975,0
16d4e233-058c-425f-b898-b386ccec7d80,99963,HILLCREST,40.34549,-80.028911,0
16e699d6-4004-4fa7-94f8-049b12016ff8,3687,BROADWAY ST + 13TH,40.474699,-80.079705,0
16f17920-bec6-4ab3-aca0-1f66b61492e1,7098,FORBES AVE + MURDOCH,40.437906,-79.930587,0
16f275c4-9fbc-4c37-a51a-4f2b0cc334ca,8311,FIFTH AVE + SHADY,40.452962,-79.920585,0
16f2ea0d-da40-431d-8bdd-c5487613979d,20524,LEWIS RUN RD + ANHURST APTS,40.326845,-79.938869,0
16f625e1-2151-4f85-88c4-8f833ff96ad9,3472,MCCOY RD + DUNN,40.475629,-80.072771,0
16f6f824-5253-4d75-8489-46d035b81703,200242,Forward Ave + Summerset Dr,40.426579564,-79.912716413,0
17022d30-b6ad-42b5-bcaf-980a591109c1,6676,VIRGINIA AVE + SHOP N SAVE,40.429819,-80.008101,0
1705cd16-63a5-439c-ab5f-196fa7a25548,7613,MONTIER ST + LAKETON FS,40.448865,-79.867791,0
1734647d-ef2c-4552-a77b-cebc5df08a98,3458,FOREST GROVE RD + FAIRHAVEN,40.475708,-80.099249,0
1735c296-11b0-413d-825e-f5dc834132df,6083,PIONEER AVE + GALLION,40.398492,-80.022089,0
17389e3c-32ea-465e-b432-4a04e8356839,5811,SWALLOW HILL RD + THE KNOLLS,40.387276,-80.073708,0
1739ff68-d800-4c4e-8f3f-1fb3cb027c95,8313,PENNWOOD AVE + SOUTH FS,40.443912,-79.885912,0
1744a32a-c4e9-4493-9b7f-bb774d6bfb92,4497,NOBLESTOWN RD + HARTWELL,40.437551,-80.050959,0
174da2ab-9b6e-4f0a-8c92-2854ab108024,8400,PAULSON AVE + BRAINARD,40.468572,-79.901901,0
1753a59c-dc9d-471b-a5f7-cab0bd4428c2,16832,BENTLEY DR + BURROWS,40.439637,-79.970657,0
1753e0fa-2d7d-4039-8e66-a34be8d213ca,618,WEST VIEW PARK DR + WEST VIEW TOWERS,40.516986,-80.033418,0
17598e52-c71f-4d55-b363-82164f34c765,10010418,Chestnut ST + E Main St NS,40.409042907,-80.081240088,0
175d765b-b91d-490e-af7c-bea5de61b9f9,18848,KNOEDLER RD + BROWNSVILLE RD FS,40.341621,-79.984516,0
1763d895-e8ca-4a98-b874-a6deba8ebad5,293,CORBETT DR + CLUB JULIAN SPA,40.548188,-80.020068,0
1764a4d3-c8f0-4276-a404-2eed87ac80c7,10262,WALNUT ST + 28TH,40.332712,-79.846427,0
1773bbf0-1e9f-42ac-be40-e93d99ec8ac1,20714,MIFFLIN AVE + CHERRY ST,40.397242,-79.889155,0
177fc1c9-3fe8-4bd0-8ce6-f12e8c44ffdc,5564,GRANT ST + OLIVER,40.440094,-79.996232,0
178c63e6-9c80-460b-aa5e-45022a30a271,7159,WOODSTOCK AVE + ARDMORE,40.419126,-79.884408,0
178c8aaa-4969-455c-8bca-d54127fca5bd,4807,JOSEPHINE ST + TELESCOPE,40.422887,-79.96679,0
1795f05a-f265-4892-9e64-c2587adc0e45,19383,HIGHLAND AVE + BAUM BLVD,40.460632545,-79.925033466,0
17991816-4f97-4e09-b194-93adb7203e2c,21471,BEACON ST + MUNHALL RD,40.434559,-79.924561,0
17aa280b-eb4f-45da-9486-7c52942f15ef,20913,DUQUESNE BLVD + WYLIE AVE,40.367188,-79.842139,0
17ce273e-131b-4daa-8544-04891749a9b7,20365,STRANAHAN ST + OBERLIN,40.461656,-79.889967,0
17e13b5d-34b6-4e1a-b34e-a95481b31cfb,1077,REMINGTON DR + HAZLETT,40.559823,-80.010634,0
17e64695-fc18-41fc-b201-b84a496a2123,21458,PARKLINE DR + #1620,40.366759,-79.967672,0
17f17a87-b89a-4211-903b-84adc836e88c,4200,ALLENDALE ST + STANHOPE,40.457151,-80.062967,0
17ff90c7-b451-487b-9d71-d5beb150bddb,22307,BOGGS AVE + MINSINGER ST,40.418614,-80.012159,0
180d25db-2a70-46f3-9473-4e78792a279a,11696,CONLIN ST + CAROLINA,40.362225,-79.869366,0
180d2957-6217-46a7-bb23-87a43dfe609d,22734,CENTER AVE AT LOCUST AVE,40.513364,-80.095212,0
1812924b-b7be-43c1-98aa-3b82dbc95829,8179,NEGLEY AVE + JACKSON,40.472561,-79.925875,0
181577bd-235b-4095-84ec-1e9c17bf351a,2156,LIBERTY AVE + LIGONIER (HERRON),40.461666,-79.966822,0
18284632-ef64-4264-82ae-6e751c7c9be8,474,PRESIDENTIAL DR + COOLIDGE,40.582413,-79.996891,0
183c73d1-b2a2-416a-8b07-8f0375f9310c,20920,CURRY HOLLOW RD + GREEN DR,40.340257,-79.967396,0
183fec1b-b2e5-4b1d-910a-08a261c197ab,8077,JAMES ST + HARPER,40.416761,-79.814647,0
18415658-600c-4cbf-9736-385df1fe8e39,6163,BROOKLINE BLVD + STEBBINS,40.393096714,-80.019248049,0
187130b8-f356-426e-9a11-5deb680665b3,20295,LIBERTY AVE + GATEWAY #4,40.441341,-80.00499,0
18813d79-bd80-4557-a020-56a520294305,14523,FRANKSTOWN RD + LIME HOLLOW RD,40.468272,-79.824698,0
188c6923-7d45-4844-a929-8fd7a3d041d4,21455,PARKLINE DR + #1631,40.36708,-79.967448,0
18a01d28-888c-4b31-8d34-226b3999516e,8899,CENTRE AVE + JUNILLA,40.445604,-79.970366,0
18a2f369-cc25-4803-8324-0e01521d7ae1,10010498,Cedar Blvd + Baywood Ave,40.3816908,-80.046493384,0
18aeff48-f776-498b-ace9-c658e0d28a69,3752,WINDGAP AVE + BELHURST,40.458368,-80.078982,0
18af58fd-bc5f-44e8-ad40-d3f3919a4853,21151,HEMLOCK DR + LAUREL OAK DR,40.577199,-79.97959,0
18b4a37c-4c3a-4f9f-b84b-61a8b41bab4d,22849,WABASH ST AT NEPTUNE ST,40.440261,-80.03447,0
18b4c8c5-8630-48d1-9340-491a3e15b35c,19076,LEECHBURG RD + SALTSBURG FS,40.485454,-79.817413,0
18b52a05-f503-48b2-b1bf-8587dec11a98,12634,E 6TH AVE + LOCK,40.602516,-79.754408,0
18b77cd0-0996-498f-9918-ed9afd37dd61,18529,WILKINS AVE + SHADY,40.443893,-79.920996,0
18b97192-ed46-4116-8d07-e1f472e6327a,8827,CALMAR DR + #220,40.468574,-79.873797,0
18c1b8bb-4dd0-44fb-a025-598fb08f5376,6818,BAPTIST RD + LACHMAN,40.355557,-80.002924,0
18cf45ba-679c-4a74-a772-113c1f64352c,7695,PENN AVE + LEXINGTON,40.448606,-79.899721,0
18d2425c-5914-4900-905e-afbbb9b45f24,8300,HAMILTON AVE + COLLIER,40.453609,-79.892823,0
18d41956-2918-4db5-866c-88ac17fc739e,10214,HWY RT 885 + HUSTON,40.338258,-79.937829,0
192160c1-d7b1-4615-8c2a-ae411353a7c7,20469,BEDFORD AVE + DEVILLIERS ST,40.44636616,-79.982561241,0
192190cc-fa73-4112-935e-2c4127693db3,6851,SOUTH BUSWAY + SOUTH BANK,40.392555,-79.998433,0
1930e99c-b3cc-4fee-9c01-d129e6dee773,16991,PATRIOT WAY + DELAFIELD,40.497006,-79.890916,0
193c4eb6-e233-424d-9c8d-1370e5250547,6673,VIRGINIA AVE + BERTHA,40.431422,-80.012165,0
194d6be9-d79e-42de-98aa-e881850a6382,12606,FREEPORT RD + HUMBOLDT,40.496128,-79.857172,0
1955b321-19db-43e2-9cc9-1080dec7ac0a,2741,LOWRIE ST + SUNDEMAN,40.466273,-79.980834,0
195d60da-d162-4e00-b6a1-88cda1d58281,16029,EAST LIBERTY DRWY + FIFTH FS,40.456011,-79.910856,0
19680926-b18f-4e60-82b9-48f9a9c2fd5b,2240,ISLAND AVE + MCKEES ROCKS BRIDGE,40.473317,-80.062404,0
196825f8-0611-4315-81de-4bcfa46f99cf,19991,WATERFRONT DR + 5TH AVE FS,40.40411,-79.920097,0
19698732-7d7b-4529-af5d-95c211057b3b,6874,BAPTIST RD + LACHMAN,40.355708,-80.002843,0
196df034-0d54-4706-a847-66686f3e1ace,478,PRESIDENTIAL DR + BABCOCK,40.586342,-80.000233,0
197734dd-d718-4fbe-91ab-aed85b547a13,7500,PENN CENTER BLVD + RITE AID DRVWY,40.429318,-79.81205,0
197c847f-5e8b-4998-b307-4a31a5feaa73,8279,PENN AVE + BAKERY SQUARE,40.456136,-79.915602,0
197f982a-38f1-48d0-af9f-5390b14b9ac8,22836,BABCOCK BLVD AT RODERICK DR,40.551263802,-80.024329015,0
1984b699-0423-4522-8794-62a7176622c5,7222,MONONGAHELA AVE + SCHOYER,40.42348,-79.891312,0
198c2432-fc03-4530-be20-7cd658211096,18963,HAZELWOOD AVE + #771,40.419882,-79.930425,0
198cd70d-e9e0-474f-b27c-2baa12829da4,21245,REED ST + ADDISON ST,40.442657,-79.977384,0
1998b51f-093f-4235-8f72-75016cbafd2b,13626,WM PENN HWY + JADEN II,40.431919,-79.730517,0
199a376e-d4eb-45da-ad79-0c9ed7ad94de,19557,CALIFORNIA AVE + PERROTT,40.485093,-80.041696,0
199a4f34-e32b-46f3-962f-f2d12b3ce401,20631,MONONGAHELA AVE + LINCOLN ST,40.339894,-79.888024,0
19abd730-c0de-4029-84c7-0d275b2c1bf4,7950,PENN AVE + PRINCETON,40.440823,-79.871589,0
19c7018a-f9bd-48e8-b153-43e88771ad88,21442,CALIFORNIA AVE + ST JOHNS CHURCH,40.467899,-80.035191,0
19caf091-116f-4b83-bd81-edb6bf40c645,12008,CRAWFORD ST + MONTEREY,40.362826,-79.85225,0
19d0aa24-0ba4-4db2-b67b-dba4865b230f,7156,WAVERLY AVE + BRADDOCK FS,40.422234,-79.886253,0
19dc8c4e-e385-4c4d-883a-45b3b5b70e48,18431,HWY RT 51 + BROWNSVILLE,40.36398,-79.984324,0
19dec1a1-80e9-4149-9974-891178b20a85,2752,TROY HILL RD + CHESTNUT FS,40.455501,-79.994045,0
19ee0cb9-5207-4e78-9484-8162435e6078,12847,ALPHA DR + BETA DR FS,40.495142,-79.867763,0
19f0fcc6-f276-4346-a2a9-b2ea5d233693,8777,S 20TH ST + E CARSON,40.428713,-79.977671,0
1a070839-ad7c-41cc-8389-4bb90aeb0021,8137,JAMES ST + BUENA VISTA,40.419978196,-79.80835106,0
1a0c81e5-ad12-456c-8f1b-a1e03fe0a343,2531,MCKINLEY AVE + BROWNSVILLE,40.4088,-79.991454,0
1a11a94f-f63d-4392-bbd4-cfd3728191ed,14745,SALTSBURG RD + CHAPEL HILL DENTAL (#7641),40.475128,-79.775271,0
1a130e8b-a5d7-4d15-81ba-8add3edbb50c,1398,BEAVER AVE + NORTH,40.452,-80.028656,0
1a15b6f1-db39-42bb-a2ea-319bfb128e4a,22102,STANTON AVE + WOODBINE ST FS,40.4794,-79.943555,0
1a2a6a81-fb87-4d98-bddf-73f27bc1cea6,7226,BRADDOCK AVE + CHARLESTON,40.43065,-79.892494,0
1a2ff6f3-cbe1-46da-b3c6-ec99cc9e884c,3143,FIFTH AVE + NEGLEY,40.449917,-79.92956,0
1a3a5841-98af-48eb-bb4d-7803f7d6ae27,3164,CALIFORNIA AVE + KUNKLE WAY,40.459939,-80.025195,0
1a4cc548-cd20-4af3-a483-144cba51358b,7121,FORBES AVE + PLAINFIELD,40.440575,-79.935719,0
1a62cf36-7450-4ba7-8385-6ce221a33604,8165,EAST BUSWAY + EAST LIBERTY STATION A,40.459475,-79.922535,0
1a64d6d8-4e54-48d9-b70a-6d6a2dbb6a8c,7906,WM PENN HWY + MCCREA,40.445553,-79.855523,0
1a77b8cd-b527-4908-b00f-42417b73ebb1,2780,MT TROY RD + #3222,40.485641,-79.991881,0
1a7cecbe-64d6-4a7e-b40f-314ef08d9b78,5428,NOBLESTOWN RD + DENISONVIEW,40.435102,-80.050413,0
1a7d8ef9-252e-4a82-956d-0e66e7b06498,10667,MCCLEARY ST + VERSAILLES,40.345069,-79.838679,0
1a8018d1-c84a-4d3e-877a-5c4107f3977a,22810,WYLIE AVE AT FULLERTON ST,40.441873,-79.989136,0
1a86fda8-a2a1-46a2-8b2c-65bd723b6ba9,12693,MAIN ST + 21ST ST,40.493679,-79.915704,0
1a9a1ae8-d776-4358-9153-b6a1afb366a8,4842,E CARSON ST + 2ND ST,40.430133,-79.999278,0
1ab466b2-d793-49e6-8c0a-0fdcfeef0122,20673,EAST OHIO ST + HEINZ,40.455233,-79.992771,0
1ab67dd8-46eb-4c48-8e89-b963d49a4913,22815,PERRY HWY AT OLD PERRYSVILLE RD FS,40.507824,-80.029608,0
1ac2dfff-bbeb-417b-8d8d-842d8e883567,19982,DELAFIELD RD + PATRIOT WAY,40.497197608,-79.890828314,0
1ad50936-9724-45e5-8c07-bb560711000f,7858,4th St + Brinton Ave,40.384822015,-79.761465386,0
1adb1f1d-e6c7-44a4-bd78-6e945010941c,22358,BAKERSTOWN RD + #1 COCHRAN DRVWY,40.667062,-79.706791,0
1ae876c4-8774-4907-8216-4f789e95e8fb,18652,WEST LIBERTY AVE + BELLE ISLE,40.400055,-80.023769,0
1afcc45a-bb93-486d-ac29-9db42c392f98,3302,OLD FREEPORT TERMINUS + FREEPORT,40.490139,-79.869972,0
1b1eb64b-f92a-4f55-948e-d1d340aec9f1,627,NORTH AVE + CEDAR (AGH),40.456117,-80.00286,0
1b22012c-53ce-4f16-be40-ca20c9ae2702,7322,SAVANNAH AVE + OVERTON,40.434972,-79.892986,0
1b25c934-b90a-4a74-b38c-a6a440b5d8fc,15952,PENNSYLVANIA + BRIGHTON,40.456026,-80.015513,0
1b275a32-a04c-4cf2-93d3-520a08decb5f,7114,FORBES AVE + MOULTRIE,40.437100932,-79.974289067,0
1b2871f2-e121-44e0-9dcd-7b6a8639cfe2,17552,BRIGHTON RD + ARMANDALE,40.458032,-80.016051,0
1b290e0f-87a6-45ae-ba11-82b59b338acf,13839,OLD WM PENN HWY + #4533,40.442898,-79.75631,0
1b3ed971-8822-4735-b96e-37bea9fbde6d,7173,HAWKINS AVE + MIDDLE ST,40.405536,-79.861839,0
1b5bed5f-81b4-4270-bad8-1b54249fe226,7767,MIDDLE ST + 1ST,40.398259561,-79.812487817,0
1b63e7c1-f703-404f-a92d-e10196dc6a44,2232,ISLAND AVE + FLEMING,40.485215,-80.073914,0
1b65c842-faee-4aa1-94e7-a886d962c588,10518,LONG RUN RD + SUNSET,40.335058,-79.811558,0
1b68de12-41c0-4687-9568-526a92e52ba6,11200,WORTHINGTON AVE + 12TH,40.292732,-79.897195,0
1b70666f-9395-4798-b467-5bc00dd49ad6,15112,HULTON RD + 13TH,40.524735,-79.827057,0
1b73667b-ee84-4d62-9c38-e981795c9363,11669,FOURTH AVE + SMITHFIELD,40.438785,-79.99975,0
1b7d4198-b24f-49f8-aa55-c2798f093522,1456,BEAVER ST + ST ANDREWS CHURCH,40.537341,-80.177487,0
1b8ae0bc-5e14-4f97-9dc7-879b16b7a257,7100,FORBES AVE + NORTHUMBERLAND FS,40.439003,-79.934171,0
1b8ba96d-f285-4549-9db1-153cf64c1106,18701,PRESIDENTIAL DR + WASHINGTON,40.584988,-79.999735,0
1b9349e8-5401-48bc-9cc1-b49451ac7c1c,100097,Perry Hwy + Brooktree Rd NB,40.615628211,-80.055120473,0
1b938a3e-42b8-46c0-b17a-c1b0eb371d93,2718,MT TROY RD + KINKURA,40.479397,-79.987611,0
1b96fae4-ebe0-45de-bff6-d4ac29df19b8,16948,PRESIDENTIAL DR + JACKSON,40.583292,-79.99836,0
1b9e5dbf-6822-451a-bf2c-cbe70707cbd5,8070,MONROEVILLE BLVD + BRINTON,40.424797,-79.790245,0
1ba597bc-76bc-4759-a643-5cf54912b4ee,2809,SUNSET AVE + NORRIS,40.471256,-80.000823,0
1bacfe6f-ae4a-4065-92c2-49a92c25e40e,15423,GIANT EAGLE DRIVE + IGGLE VIDEO,40.411425246,-79.908325893,0
1bb5f73d-d63d-4a99-9569-9323b682b7cc,3262,HIGHLAND AVE + WALNUT,40.454105,-79.925237,0
1bb924b8-f5f8-4c83-8b26-2201a1ca264a,2335,ISLAND AVE + GLENN,40.48895,-80.079287,0
1bbf2a59-69da-479e-a6c8-b5dbc6cac014,6730,KATHLEEN ST + CRAIGHEAD,40.42572,-79.998641,0
1bd0f1d2-a90c-4def-91d0-9447434551af,7210,HAWKINS AVE + RANKIN BLVD,40.412138,-79.881089,0
1bd16d81-b1f8-481d-b266-583b43ac3eeb,1632,DIVISION ST + MARIE,40.504413,-80.075068,0
1bd340e8-ba4f-4927-95e0-c306a2b5bd7e,2364,4TH AVE + MILL,40.518392,-80.16356,0
1be49615-eb68-450d-8167-c71b1a3cd06b,20064,WILTSIE ST + HIGHLAND DR FS,40.476241,-79.898523,0
1be540c5-d2aa-4afe-aaf0-076e6a00a946,124,BABCOCK BLVD OPP WINCHESTER DR,40.566028,-80.016517,0
1c0a8f3e-9404-45c4-834e-787dab0d1894,9346,CHISLETT ST + HAMPTON,40.476962,-79.929487,0
1c0abf5c-b345-49dc-be42-b782e3549ad9,10215,HWY RT 885 + GORDENS,40.335938,-79.936816,0
1c185669-0132-4e18-8161-d822ab37d056,10127,E CARSON ST + 27TH ST,40.427077,-79.966831,0
1c3ccc2c-e261-45c9-b59f-f72621dfcced,15123,HULTON RD + HULTON ESTATES,40.513214,-79.803198,0
1c3cd137-d922-4a7e-9419-21b4d01f86b4,15452,NEGLEY AVE + KENTUCKY,40.450566,-79.930145,0
1c3e9dfb-fba1-4d0c-b4a9-b114deb84315,10010349,Perry Hwy + Hospital Dr,40.635538379,-80.061663464,0
1c401a6b-5978-4763-9578-9c81ca356ad7,21339,FREEPORT RD + WORKS ENTRANCE #3,40.593906,-79.769818,0
1c4a9e22-8999-4aa5-a1f1-0b21dfe49ef5,4273,W PROSPECT AVE + ARBORDALE,40.446942,-80.080475,0
1c55dcbf-a0bb-4693-8394-2c77cc19effa,20395,LABELLE ST + SYCAMORE,40.433118,-80.016261,0
1c5737f5-64b0-43d4-bf82-1466bcd7a9f4,11161,LINCOLN HWY + GRAHAM,40.380126,-79.809183,0
1c66b227-4755-45ef-90df-b243e93d9eff,14714,CENTER RD + HELMAR DR FS,40.452396,-79.761299,0
1c699ff8-a09c-4888-8bd3-e75004b1c64c,6856,FAIRHAVEN-PROVOST RD + STEWART,40.378233,-79.993675,0
1c8a5bf5-3ae1-4946-b332-78542aa67628,2740,LOWRIE ST + NIGGEL,40.46771,-79.979952,0
1c97d515-5215-4bc1-a8e7-7b317733b4cd,6586,CEDAR BLVD + HOLLYCREST,40.377721,-80.055309,0
1c9fba9a-ccf7-40a4-abfb-6c5bdeebb83b,18158,MCKEESPORT TRANSPORTATION CENTER AT BAY #2,40.352277,-79.860926,0
1caac80e-17b8-4375-b5f7-ffd27aa92b9f,4225,W PROSPECT AVE + BERRY,40.447052,-80.069267,0
1cb10f2c-818a-4f70-90aa-0ee53497efce,6581,CEDAR BLVD + LINDENDALE,40.367586,-80.061278,0
1cb21b15-7718-4c82-8f42-c08d1582cb98,22633,MONTIER ST AT WRIGHT ST NS,40.448579,-79.867972,0
1cb98cab-b8b7-4c33-86c2-75ca513c1b67,20793,7TH ST + TIMBER LN,40.388053,-79.748383,0
1cbe41eb-e4fb-4b4b-b098-03a61bfbb588,5394,WASHINGTON PIKE + GREAT SOUTHERN SHPG CTR,40.368303,-80.102929,0
1cd179a9-7643-4739-9bec-9209feea271a,8677,CENTRE AVE + CRAWFORD,40.441138,-79.985863,0
1cdbcedf-9f54-4bb0-8e70-1ef88fc815fa,21496,HARTMAN ST + CAMP ST,40.354733,-79.834704,0
1cdcd074-f961-4579-8962-53b9e51a05db,9915,LYSLE BLVD + EVANS,40.352602,-79.850788,0
1ce10283-23b8-4486-ba64-e3406feea2a8,19586,WASHINGTON RD + FLORENCE,40.384443,-80.043758,0
1ce98029-47de-4628-a2fb-9c7a43b6a4bf,53,MOUNT LEBANON STATION,40.382651,-80.04318,0
1cece5f9-c075-48d2-acb9-9819b90cb293,7084,ROWLAND CONNECTOR + HIGHRISE,40.44061,-79.887459,0
1cf0477d-904b-44a5-b2e4-bffbbe89f257,13459,FREEPORT RD + ROSS,40.627822,-79.719322,0
1cfe7d5b-f507-43c6-8cd4-5fe09f7fa670,7951,PENN AVE + ANGELA,40.439571,-79.874687,0
1d004f98-18c6-44c7-8d24-2d938f94f624,8339,WOOD ST + SUSQUEHANNA FS,40.448033,-79.88385,0
1d0ccb2d-603a-4fc7-bfa1-80e22241df95,9375,BROWNSVILLE RD + E GARDEN RD,40.377797,-79.975362,0
1d0ed172-7f4f-408e-b1d2-ecff1b002fb7,4865,ARLINGTON AVE + DENGLER,40.417289,-79.967662,0
1d0fb5de-6cf7-4388-b6ed-bf0fc9db1023,19133,HULTON RD + CENTER,40.522238,-79.81117,0
1d1152b1-7119-4919-b945-aeceabc08228,21856,PENN AVE + EASTSIDE III DR,40.460132989,-79.921512788,0
1d1f1b2c-01dd-48f2-8485-437b7ac50780,7001,CLIMAX ST + CURTIN,40.420018,-79.998776,0
1d215c1b-a74a-4506-97e8-9ff17530a153,13357,ALPHA DR + FREEPORT RD,40.491642,-79.866073,0
1d216d6f-9ec9-47c5-86c0-6183569f3b77,15277,WEST BUSWAY + BELL STATION C,40.4156,-80.082726,0
1d310bc1-f540-4a33-b043-0ecee7bb95ab,8745,DEVILLIERS ST + WYLIE AVE,40.44432,-79.980903,0
1d382ab9-2411-472b-b510-9fb5d5fe6fdc,21364,IVORY AVE + SCHERLING ST,40.495825,-80.005372,0
1d5a29d3-27bf-45c4-9a0e-54474a68b3bc,2784,MT TROY RD + HOFFMAN,40.490628,-79.99198,0
1d5fa939-82a4-42b7-94a3-51355820f5fc,21879,OAKWOOD ST + BENNETT ST,40.454318,-79.885782,0
1d6489ed-bef1-4439-aa8d-7b4459c9e7a2,139,MCKNIGHT RD + NORTH HILLS VILLAGE (NORTH ENT),40.528288,-80.007259,0
1d71bcad-6022-43fd-ae5b-fb9d08c9af33,19685,SOUTH BUSWAY + SOUTH HILLS JCT,40.42109,-80.007097,0
1d73be8d-4f06-4b47-97fe-9b7f006386e0,13789,FRANKSTOWN RD + CHAMPA ST,40.462013,-79.859627,0
1d7c68ce-1b17-4c99-b698-92a5c98f429c,8944,WILNER DR + #2258,40.454206,-79.868445,0
1d7d850a-79cb-4288-a795-13a374c71351,10010520,FORBES AVE + SHADY AVE FS,40.438434617,-79.919329902,0
1d7ffce0-a7f5-4dae-8821-f976498cfdc5,12070,JOHNSTON AVE + #635,40.404871,-79.935356,0
1d8ed1ae-6edf-4f77-bb43-79d5739580dc,9220,SCHENLEY AVE + PACIFIC AVE,40.47197,-79.938809,0
1d975693-0a09-4d2d-9d48-4ab6aa55db4d,20268,22ND AVE + WEST,40.39744,-79.902637,0
1d9be0d3-e2c3-485f-bea8-2ac1a171dbd8,19305,ARLINGTON AVE + ROANOKE,40.425288,-79.990457,0
1d9c13d4-3c81-4681-90dc-7c85fabc653c,21392,IVORY AVE + PEACHTREE WAY,40.49678,-80.014756,0
1da22e89-3eaf-423e-aa5c-17ad47bf54dd,8071,JAMES ST + JAMES ST EXT,40.423633,-79.793952,0
1dae0daa-0084-496e-bbe7-1be9b9a42dab,20604,OHIO AVE + WALL ST,40.31716,-79.889672,0
1db50d90-97bf-4f81-bb0c-c82f489ee20a,100112,E 9th Ave + Cedar Alley,40.606020297,-79.751082174,0
1dbc045b-afb3-482c-bfeb-762cffb74d9a,18691,MCKNIGHT RD + PATRICK PL FS,40.537692,-80.011168,0
1dc20b79-4c71-4dca-ae44-26d35c17f605,7631,PENN AVE + LEXINGTON,40.448678,-79.899627,0
1dde15ad-1f54-468d-9ce0-b5ccdb6c8805,22791,UNIVERSITY BLVD + ROBERT MORRIS,40.519619,-80.217834,0
1df02f16-2375-4476-bea1-fa59ba6780ee,12588,CRAWFORD ST + JUNO,40.362483,-79.853675,0
1dfba398-5f0c-42fa-8a08-95dc19b320a8,6825,PROVOST RD + MULBERRY,40.362988,-79.992186,0
1dff59b4-6968-4e2f-ba23-f35920a1cff2,10010294,Corbet St + E 6th Ave,40.603180502,-79.752640796,0
1e19db83-60ff-44a4-a3d4-b48f4480cfc3,2754,TROY HILL RD + VINIAL,40.456899,-79.990886,0
1e21d6e4-0bea-43c4-a0b3-420a5845b2be,8194,CENTRE AVE + SHADYSIDE HOSPITAL,40.455398,-79.940461,0
1e3c3017-3740-48a4-a2b4-27aeb758ac68,4667,BEVERLY RD + RALSTON,40.389068,-80.049025,0
1e3c7747-e58e-45d9-8811-9fdadbb6b4af,8877,FRANKSTOWN AVE + PAULSON AVE,40.460881,-79.914969,0
1e425973-03a6-4841-b5c7-eee95cb22f3e,2362,4TH AVE + BROADWAY,40.517215,-80.160437,0
1e6cf796-3c2a-4016-83c4-11a8c2c5e012,4229,MIDDLETOWN RD + TYNDALL,40.44958,-80.064384,0
1e6f20ab-2c49-475a-9082-36ada30de39c,100126,Perry Hwy + Wexford Plaza NB,40.612268759,-80.054184428,0
1e874618-61da-4aff-94ce-de02452ddb79,19428,ALLEGHENY AVE + ANN NS,40.520304,-79.842877,0
1ea7d15f-e639-4ac9-9cbc-11b0bf44a0a4,1436,OHIO RIVER BLVD + MEMORIAL DR,40.508833,-80.090682,0
1ea8f4c0-655f-41ea-af42-571558c69992,4890,HABERMAN RAMP + HARWOOD STEPS,40.421543,-80.003502,0
1ead061e-1476-44cc-889c-e786e7f89adb,12075,SECOND AVE + ELIZABETH,40.406964,-79.943174,0
1eb41802-28e8-45cb-afdd-a48347454311,15842,GRANDVIEW AVE + #1209 (DUQUESNE INCLINE),40.438188,-80.018936,0
1eb7f0c1-f3ac-4d87-92c0-96a5cc29c017,1769,SIRIUS ST + #3517,40.484936,-80.005661,0
1ecc9094-459a-4da2-a1b3-a2b08b2df0f0,19764,CHARTIERS VALLEY SC + CINEMA FRONT,40.366875,-80.111855,0
1ed180c4-44e1-46b1-8c03-63b6695a0641,9845,DESIDERIO BLVD + WASHINGTON,40.286903,-79.894837,0
1ed28c39-4fb4-4f68-a28c-1928a1688e73,16344,WOODSTOCK + SWISSVALE STATION STEPS,40.415683,-79.87825,0
1edb0067-bacd-41bb-89a8-699cd4fe5034,9588,HWY RT 51 + GLEN ELM,40.356702,-79.980487,0
1edf13f2-d36f-4e61-a682-f62d11eb13ca,21549,CLOVERFIELD DR + EDWARD DR FS,40.394942,-79.966224,0
1ee61b3a-f1a7-41cb-a8f8-99268dfdc2b7,7775,AIRBRAKE AVE + 11TH,40.40332663,-79.822932283,0
1ef0d1d9-eca0-4116-9435-25595b0da601,18663,BOWER HILL RD + SOMERVILLE,40.371473,-80.080073,0
1ef7823d-ba0b-4ee3-aeb7-8ae8e995eb60,21383,FERGUSON RD + DUNCAN AVE NS,40.565775,-79.998152,0
1ef9b352-a89d-4932-9637-804bc1982d12,13023,PARKER ST + #90,40.49374,-79.95163,0
1f027ba3-8e81-455f-8c7a-5e22ef021560,21162,HWY RT 51 + E BRUCETON RD,40.328475,-79.94483,0
1f0b3de9-15a0-411f-9acc-e83994794b39,20030,UNIVERSAL RD + WEBSTER,40.463897,-79.818413,0
1f0f6726-e5b3-4bec-a509-e27bc17191a3,2733,RIALTO ST + LEY,40.465977,-79.981941,0
1f278b25-3e83-4478-9bdf-e3655fc2c021,20885,JOHNSTON AVE + BROADVIEW FS,40.407196,-79.926827,0
1f2c99dd-7f0a-4ec5-b75c-5e355768ad11,14326,VERONA RD + RAITHEL,40.496224,-79.83683,0
1f4e807e-f99e-402e-b4c1-6dc661ec612e,7396,BRADDOCK AVE + COREY,40.40388,-79.869499,0
1f50750a-263c-47dd-8820-598fd88b8f0f,22074,FRIENDSHIP AVE + EVALINE ST,40.462238,-79.941508,0
1f74d50b-7abd-4b3b-b09e-3ed222845080,11970,5TH ST + PRISCILLA,40.368458,-79.848412,0
1f7da087-f820-49bc-b9d9-9873c92ffb61,18770,BROADWAY ST + 11TH,40.474094,-80.077943,0
1f7e61a1-daf6-4b3c-bf42-f1a5e5a6c29e,21029,JONES AVE + MAIN,40.407498,-79.856915,0
1f7f5266-170e-4f88-ae56-748d48421b18,9168,WILNER DR + ROBINSON,40.452763,-79.866758,0
1f81fd50-f8e9-42c3-9d09-73e12c617f9a,22662,MAPLE DR AT HOLLYWOOD DR,40.364211,-79.96445,0
1f9331e1-49e5-41da-b930-34b39a5e44f2,809,PERRYSVILLE AVE + PERRY ACADEMY,40.489254,-80.018288,0
1f95b154-113a-4d8a-9f0f-c5bb8588e21c,21143,AMITY DR + THOMPSON RUN RD,40.550148,-79.997693,0
1f9c6064-ea60-4993-9cff-289ef6dac291,16596,LINCOLN AVE + VERONA,40.472931,-79.888966,0
1fa1b5b2-286c-41d6-af7d-86d19a647b41,22264,GRAND AVE + FRONTIER STEEL,40.509504,-80.12227,0
1fa40c77-2551-4d8f-bdbb-ab0834b36075,11947,WHITAKER ST + OAK,40.396323,-79.883797,0
1fa936e1-2fb2-45c2-8d24-9de89fb36356,18499,MULHATTON ST + BEACON FS,40.435016,-79.916415,0
1fac95e7-e115-4d29-9248-a281c0ae2933,1359,BEAVER ST + WALNUT,40.541287,-80.181773,0
1fb10686-5a2a-4aee-8d8a-a0bf17ec50f3,9028,DESOTO ST + OHARA,40.443129,-79.959714,0
1fbf4cd9-0720-4de3-981f-9a9489748153,23069,Crawford St at Bedford Ave,40.443915,-79.988019,0
1fbf64fd-52ec-41cd-8399-f48e59416d0e,65,SARAH,40.31563,-80.029968,0
1fc698ec-c840-4922-882a-3d10455027b7,4261,MIDDLETOWN RD + JUSTINE,40.446648,-80.060822,0
1fcc73c5-c54e-418e-a8bc-ce8fb15d44ea,9556,PROSPECT RD + WAINWRIGHT,40.362215,-79.978555,0
1fd7d56a-b58a-49d6-a5d0-12366a0a9eab,15887,KATHLEEN + HABERMAN,40.425539,-80.002824,0
1ffd19eb-fa9e-4b88-9a77-fed7cc1094c5,8462,HOMEWOOD AVE + HERMITAGE,40.46029,-79.895222,0
1fff5b69-b7e7-4ac9-86b6-dd30d0abd0d9,7283,SOUTH AVE + MULBERRY,40.441622,-79.884348,0
20055419-26fc-42d5-a6d3-d035621073ba,843,CENTER AVE + TOWNSHIP RD,40.518907,-80.025409,0
200fd4fb-a1f3-4b58-80fe-65ce16f64c9a,4197,ALLENDALE CIR + #3728,40.459545,-80.062821,0
200fe8ac-a8c2-4ec9-b211-2002aede6dca,240,MCKNIGHT RD + NORTHLAND MEDICAL CENTER,40.519167,-80.004758,0
2011b29d-a34f-4ca4-804c-6bb908fede38,12028,BUTTERMILK HOLLOW RD + WALNUT,40.356161,-79.911645,0
203551ec-24ae-40eb-8f55-dfa4a98cec53,2343,GRAND AVE + ARMY CORP ENGINEERING,40.508188,-80.113331,0
203d3c24-13c9-4b74-bdd5-88774beb4184,10075,HWY RT 885 + HAMPTON RD,40.327536,-79.931088,0
20479fb0-2fb4-4311-8528-ffbb89b7883f,4754,BOWER HILL RD + LONGRIDGE,40.382124,-80.057853,0
20505aab-394b-4e46-92b0-1876310bd61b,1522,WINHURST ST + CAMBRONNE,40.488513,-80.043615,0
2057f4cd-b6ab-4d22-b410-e04cf625fb46,15092,WM PENN HWY + OLD GATE,40.445726,-79.855115,0
206367ff-ca11-45af-b088-bf62ef0559ed,22816,LINCOLN AVE AT FRANKSTOWN AVE FS,40.460461,-79.9129,0
206b3225-30b3-4ea9-af11-a61af3062447,21606,CORAOPOLIS RD + #298,40.502288,-80.122448,0
2070bd53-6e12-48f2-b1e1-bc1c55c05db6,18471,BROWNSVILLE RD + BAUSMAN FS,40.414124,-79.98829,0
2073321c-2db7-4324-9397-cbfef6e95b52,9260,BUTLER ST + 55TH ST,40.483737,-79.94971,0
207685e1-9e16-4bc1-9067-8f57cf61ae03,1781,PENFORT ST + ESSEN,40.473297,-80.002953,0
2076aba2-a765-431b-a31e-9158f0bb2da9,1581,CHURCH AVE + VICTORIA,40.506461,-80.074766,0
2076c768-185b-483b-9a04-d8560a68685d,15462,CENTRE AVE + WHOLE FOODS,40.458996,-79.92806,0
207a10f9-3cd6-449e-9b07-50ffff8ecb88,20814,GREENTREE RD + VIRGINIA MANOR SC DRIVEWAY,40.392205,-80.067613,0
20886ca0-bc81-431c-a1d7-69afb1712c69,2647,E CARSON ST + 20TH,40.428643,-79.977481,0
209f7e1b-5916-4fd1-bcf3-8bb65d273096,12107,SECOND AVE + FLOWERS AVE,40.410123,-79.944203,0
20b6d17a-d78a-4d7c-b29c-585eb2eb1dad,11975,CRAWFORD ST + STATE,40.36367,-79.849599,0
20b84436-0999-4db5-a8ee-36b12de43b89,2379,BROAD ST + BEAVER,40.540432,-80.180254,0
20b9166b-2c3d-4452-ae5e-6e6ee25f7625,19506,PIONEER AVE + CRYSLER FS,40.403374,-80.015534,0
20c0077a-3f8c-4ebe-b428-b6978b32efc2,9766,KEEPORT + #5402,40.339527,-79.980301,0
20d644ef-18ed-4541-9f46-b304f7e8b008,22756,BRINTON RD + BRINTON MANOR DR W,40.411879,-79.85409,0
20ded35f-6eca-4d3f-94e8-6c22e7b50693,21276,LIBERTY AVE + 30TH ST,40.45842,-79.971944,0
20df36d1-8395-4a6a-8788-11216c6e53ed,4242,STEUBEN ST + LORENZ,40.442814,-80.04252,0
20e1c225-fbaf-42e1-85cc-419d76e1ccb9,14511,FRANKSTOWN RD + GRAHAM BLVD,40.461374,-79.863266,0
20ed03a1-2e8d-4085-8c3f-13f0c0ac4831,7625,HAY ST + PENN AVE,40.444203116,-79.885968102,0
20f34626-59b6-4b83-847a-16e7a64aebc9,9361,OLD FREEPORT RD + POST OFFICE,40.488368,-79.875718,0
20f433f4-199b-4e09-91df-f898c8b37088,11665,BEECHWOOD BLVD + HAZELWOOD,40.419752,-79.92728,0
20f7a302-e39c-48b4-9ff0-7accfb802198,2631,CENTRE AVE + NEVILLE ST,40.45269,-79.949541,0
2107d7fa-956c-4259-995d-e6c0e1a1b9d2,8192,CENTRE AVE + GRAHAM,40.456622,-79.936379,0
210da79c-1d90-48d8-9e56-3b1a9a6f2119,1387,OHIO RIVER BLVD + ELIZABETH,40.495937,-80.067434,0
210f0f16-6a45-470e-8fe2-c2253c8547c9,3491,MCCOY RD + #724,40.480859,-80.081411,0
211f18e7-e458-453d-be5c-7d7b0ed347a3,1388,OHIO RIVER BLVD + EAT-N-PARK,40.494148,-80.064288,0
2134427d-895b-4533-8cfa-2fa03f148891,11656,BEECHWOOD BLVD + LILAC,40.422914,-79.927556,0
2137b8ae-ea1f-4fbf-bcb9-f33d526b61f7,7684,WILKINS AVE + BEECHWOOD,40.444284,-79.917918,0
213d4f54-004d-4c44-899d-f5e84009ac1c,11268,WORTHINGTON AVE + 11TH,40.292276,-79.895864,0
214715e0-e1a0-4813-9693-dac7aab238bb,12115,JOHNSTON AVE + #643,40.404825,-79.935035,0
216514b7-bdfe-486b-a245-914c87e5249a,14416,BAUM BLVD + MOREWOOD AVE,40.454888,-79.945335,0
2170397c-106e-4602-a660-02a9cbd8a602,4122,CHARTIERS AVE + KRUPP,40.458125,-80.070882,0
217bd1a9-40c6-4bde-9d8d-61452bf33cfa,14977,BUTLER ST + 43RD,40.470478,-79.960373,0
2183128c-2a42-4753-a09a-433befe9cd1c,19351,SHADELAND AVE + OAKHILL FS,40.472036,-80.031073,0
219b2d4d-59e2-489f-9620-eb7790cdc498,8481,SHADY AVE + #1810,40.436657,-79.919201,0
21a923c7-0e26-49ea-a56d-41bb005bb7f1,7716,MONTIER ST + HERR,40.447187,-79.869739,0
21b165a9-2cee-41df-bf16-00d53f068d7b,7498,WM PENN HWY + PEP BOYS,40.430695,-79.805725,0
21cdc0e0-10a8-45e3-b0a5-d16df102df7f,14923,LONG RD + PENTLAND,40.454316,-79.837629,0
21d67d01-309e-4983-860a-62c058c151ad,13609,OLD WM PENN HWY + GLENWOOD DR,40.44066,-79.745259,0
21dda6ba-659a-4f8b-a5d3-eed5784a8178,4091,JEFFERS ST + FADETTE,40.452025,-80.065951,0
21e11a27-9224-4ce7-8631-7cb979d28cff,1806,CHARLES ST + BRIGHTRIDGE,40.462022,-80.018133,0
21e35020-f5f4-4472-b140-5bbf25e654af,5460,GREENTREE RD + PARKWAY CENTER DR SOUTH,40.424606,-80.042834,0
21ec4cad-90bc-4294-b999-ae1d7bc44267,14716,HAYMAKER RD + BEATTY RD,40.448724473,-79.76047332,0
21ef530d-f930-4088-85b0-c18951cadf35,3377,FERGUSON RD + GUYTON,40.564919,-79.992843,0
21f9ddcf-62a5-48ba-8bb1-12b6906e331c,6453,BANK ST + #1060,40.351765,-80.105209,0
220e5256-c36e-4856-8e32-906585159af0,22752,EVERGREEN AVE AT KLOPHER ST,40.485566,-79.972353,0
22139bc7-f475-4d22-a17c-8923c16ed1b8,21129,HEMLOCK DR + LAUREL OAK DR,40.577244,-79.979532,0
222cb498-18b3-4278-920b-e9d432f8fa4b,19311,HABERMAN AVE + KATHLEEN FS,40.425932,-80.002596,0
223c31d1-0871-4e26-91f3-8a5dead31135,20485,MIDDLE ST + BRIDGE,40.395624696,-79.805223238,0
223d3c52-ffff-46e5-b09d-996693846c69,2776,MT TROY RD + #2840,40.476891,-79.987588,0
224282f7-dc6b-483f-8e8a-ea3276919517,396,SPRINGFIELD DR + PEEBLE RD FS,40.579478,-79.994669,0
2247a235-1d51-42ca-a734-6a3efbbb6ba7,10918,MURRAY AVE + #2825,40.427736,-79.925852,0
224c0d90-7d99-4eb9-96da-d3269579e9ed,12834,ALPHA DR + FREEPORT RD FS,40.491737,-79.866,0
225026e0-549a-4ed1-a768-5d43f0e1080f,9141,FRANKSTOWN AVE + STERRETT ST,40.456898,-79.894269,0
225105b4-92e7-4c10-b3c3-072401750c54,19800,UNITY TRESTLE RD + FRANCIS RD,40.483683,-79.765902,0
2259e992-a139-4de0-b7d9-6fd936710b5b,8441,OBERLIN ST + LEMINGTON,40.467051,-79.890073,0
2262c80e-53c7-44ba-822d-5f2bf0d28a59,7624,WALLACE AVE + WOOD,40.444485,-79.884162,0
226aa9d3-1ac7-4f0e-870d-508a52374b44,5327,RAILROAD ST + 3RD,40.390435,-80.088057,0
227155f1-025f-49d4-8364-751eeeb6cf6a,11135,LINCOLN HWY + LEUHM,40.370471,-79.786099,0
2271b364-cb8c-47af-9b5b-ecb2674cec65,7970,PENN AVE + FAIRMONT,40.443661,-79.865578,0
22860170-e482-445e-a4ee-3333a06eb87f,12791,PITTSBURGH ST + HILL,40.541021,-79.802476,0
22877d5e-7143-4831-ba57-3d6a876f3785,11624,INTERBORO AVE + PLAPORT,40.373761,-79.911865,0
22944307-6f47-4992-807e-d11ac383f15f,1624,LINCOLN AVE + KESWICK AVE,40.489931,-80.047678,0
229748c0-6ad2-481f-b3d6-8406a08a4ec3,10010484,Shaw Ave + Huey St,40.349636446,-79.859655552,0
22993ee6-5609-4892-967a-008a70775df4,20959,CENTRAL OAKLAND PRTX STATION,40.442173,-79.956062,0
22ac5b99-3880-49bc-a6fd-e20c36d83c7d,23065,BREINING ST + BROOKLINE BLVD,40.392141413,-80.010737602,0
22c05867-0d1e-4172-a9cc-902529c92c5b,20841,GRANDVIEW AVE + BROWNLEE ST,40.348859927,-79.837233615,0
22d8d480-70d7-4ef4-adcc-d5506c92ff1a,1092,REMINGTON DR + BALMORAL #1,40.558434,-80.008812,0
22e473f8-d154-461b-919d-24871eb52bab,3306,FREEPORT RD + EASTERN AVE,40.48948,-79.903626,0
22ee03eb-0b9e-48bc-aa7b-f268ddde8b6d,9273,STANTON AVE + #4340,40.480438,-79.942445,0
23005b0a-f014-4354-b127-a7134298005a,100042,Perry Hwy + Highland Ave,40.522107632,-80.034410774,0
23070c63-d0be-4a76-8aa2-f76cc19fe96b,6435,VANADIUM RD + VANADIUM WOODS VLG NS,40.372217,-80.089814,0
23143393-1bdb-419a-81ce-71166bdbd129,3573,ROBB ST + HELEN,40.470637,-80.054546,0
23180696-08ba-46b3-80ef-4e73137b3918,10921,MURRAY AVE + PHILLIPS,40.432237,-79.923099,0
23323fbd-a8f1-4df8-90ad-1c3eef532c42,52,MESTA,40.330398,-80.030775,0
233f5ea1-6fc5-4d42-a588-552a10fcfddd,10700,LINCOLN HWY + LINCOLN SQ SR CITIZEN HOME,40.38737,-79.828141,0
23430aac-c465-4c28-850e-0ff297083bbf,3753,WINDGAP AVE + SUMMERDALE,40.456255,-80.080271,0
2343534d-7a0a-4b20-8033-6f171a90ed68,22738,WASHINGTON PIKE AT #1370,40.379495,-80.096014,0
234ff828-0583-428c-adca-264a5f3fcbd7,877,PERRYSVILLE AVE + #1664,40.461227,-80.009012,0
235301c3-e6c7-4323-850b-0904070fc72c,18790,5TH AVE + CHESTNUT FS,40.515573,-80.159382,0
235bba94-e0f1-4d5c-ab7b-b7e27e52ea4f,4238,STEUBEN ST + WHITEWOOD FS,40.442008,-80.049505,0
235fd981-bb31-4c44-9761-f3b4f9319d8c,1577,CHURCH AVE + FOREST AVE,40.508209,-80.082928,0
236b7c48-66b4-4e44-8082-740085072b2b,2761,LOWRIE ST + FROMAN (LEY),40.464601,-79.981951,0
23712e88-5bfd-464e-80c4-28ddb99c4a17,6578,CEDAR BLVD + #1281,40.363107,-80.063427,0
2378ef8a-153e-42c9-9580-a1ad2aa5e0c1,5528,NOBLESTOWN RD + MORANGE,40.42084,-80.066969,0
237bc07f-3a41-450a-93a1-0f57a41fd478,18508,ARDMORE BLVD + MARLBORO FS,40.435858,-79.871694,0
237c35d0-7cc9-4e3d-9665-e0235908dba5,10010367,Heights Plaza + Dallas Ave,40.62184138,-79.725145132,0
2384b771-622d-4c3f-9bfc-4b0a58add5ce,12774,MAIN ST + 18TH ST,40.494563,-79.921886,0
23a5ea2d-2874-4310-ac86-3a060a3a4c06,5743,GREENTREE RD + BANBURY,40.406612,-80.052778,0
23b8bb4b-fbae-4979-bfae-95fc3477dff2,20466,BEDFORD AVE + DUFF ST,40.450055,-79.973935,0
23cb49ef-0ab1-4431-bd8a-7076b8e8dfb7,3816,SUMMIT PARK DR + CHAUVET DR #1,40.450233,-80.183661,0
23cf78cd-c8b2-458b-83c4-3a1b4b7d18a5,19411,NOBLE AVE + ROSLYN,40.420272,-79.884806,0
23d245c7-cfb7-4770-853e-11b0489cf30e,6450,BANK ST + CHESTNUT,40.3544,-80.10759,0
23d333e3-bd52-44c8-81c9-b8a2b9a20386,11622,INTERBORO AVE + LEASIDE #1 (MIFFLIN),40.370143,-79.912825,0
23dc9d6d-040a-44fc-bbf9-e79340e7c594,2916,SPRING GARDEN AVE + #3851,40.48791,-79.997138,0
23e71203-005b-48b7-b240-d263a4d9aae5,6744,SOUTHERN AVE + SIMMS,40.422489415,-80.012397249,0
23f5dbd4-956e-446d-9ab2-d665a952af57,7053,HAWKINS AVE + 2ND,40.411868,-79.869768,0
23f934ff-88f4-4ea3-8c55-7a778736b936,2522,DRYCOVE ST + CONNISTON,40.403967,-79.9991,0
23fab1c1-1514-49e0-90bd-6a5890174758,13490,9TH ST + MORGAN,40.609467,-79.742065,0
23fd3a10-0094-4420-ae8f-27ab3d918325,3430,CORAOPOLIS RD + #28,40.484056,-80.106992,0
23ffa281-264d-48bc-8690-ee8e82e66f40,22615,HOMEVILLE RD OPP MUNICIPAL RD,40.373624,-79.873668,0
240184c7-24b4-4394-b3ab-38e76365e3ca,2193,HWY RT 51 + VALLEY AMBULANCE,40.527403,-80.185185,0
24062ee4-b103-4eb3-9fa1-13be492b06ec,1670,GRANT ST + DAVIS,40.490247,-80.050707,0
240e49c3-dea6-4030-9060-844c4c3a1169,4184,WINDGAP AVE + CHARTIERS AVE,40.45945954,-80.077621524,0
241fe226-30fc-4a21-9922-7ddb2515adc5,12675,PITTSBURGH ST + DUQUESNE CT,40.541009,-79.793372,0
2423cb62-99be-47eb-80ae-8ac997a86447,7902,PENN AVE + BEACON HILL DR FS,40.443978,-79.864417,0
242ae541-c03c-419b-aab1-26f699b2ff59,11142,LINCOLN HWY + TAYLOR FS,40.378212,-79.80373,0
242e970d-53f5-41cd-bc8c-de4fbd25d123,5481,NOBLESTOWN RD + #640,40.415859,-80.070763,0
243287e7-1560-4ebf-b19a-ea427352d46e,6436,VANADIUM RD + ELMBROOK,40.369455,-80.085846,0
24367198-94d6-481d-8d5c-0b15713ef754,1817,CHARLES ST + SHELTON,40.470452,-80.011328,0
243fca39-7a2e-49be-a452-9773762057f1,19817,MAIN ST + 23RD ST,40.493369,-79.91444,0
2441c28f-d824-4f85-ab01-5c1858465033,12806,PITTSBURGH + BUTLER,40.542548,-79.773145,0
2445374e-793c-47d2-8a84-05bcb8f8a4ed,19466,MOSSFIELD ST + AZURE,40.472159,-79.934461,0
2446f106-43ea-4cde-886f-caeb76e4dc98,904,PERRYSVILLE AVE + RICHEY,40.486722,-80.016145,0
246541e2-8c88-44f7-aa3b-cfdb4d0c52d8,20763,PENN AVE + DALLAS AVE,40.451492,-79.908345,0
24682aef-d6df-4837-8f6f-9401e3de1639,20195,ROBERTS ST + BEDFORD,40.445158,-79.98535,0
247d2d6f-1daf-499a-a14f-46c7f7d8ac21,8897,CENTRE AVE + FRANCIS,40.447214,-79.967411,0
2488cc6b-c88e-42f5-9b57-8e2ffd2b8255,9587,HWY RT 51 + STILLEY,40.361387,-79.982709,0
248eb22d-6c4e-4102-be8d-d0595f6b965d,21490,GREEN LOT + BROADWAY AVE,40.346081,-79.828415,0
249b36b5-4d9f-457d-a2b2-8a36ff4b6553,5529,NOBLESTOWN RD + ST PAULS SEMINARY,40.420063,-80.066799,0
249b8f27-12fe-49b4-a02e-a199e336f584,20234,RIDGEVUE DR + BROWNSVILLE,40.319067,-79.99586,0
24b7222f-2a4f-43ff-b47d-21bac1eca1cf,10251,WALNUT ST + GRANT,40.319932,-79.835255,0
24bd3ddc-8dad-4d94-8df1-c7d3489f3457,10934,LEBANON CHURCH RD + #4220,40.352092,-79.907612,0
24c51241-6e48-4d7e-9a70-86f29df08166,4119,CHARTIERS AVE + MERLE,40.458891,-80.077193,0
24cd2d3e-c537-40a9-bdb0-8c34d7633d02,16270,DUQUESNE BLVD + GRANT,40.373794,-79.845012,0
24efbe28-6448-4520-91fa-9bf2f2a95f45,978,WURZELL AVE + BURGESS,40.468689,-80.00416,0
24fb15bd-052f-4ea8-ae19-4e109be1f455,1105,AMITY DR + #213,40.545715,-79.994515,0
2501d190-e314-4066-b538-c2030d3e31e5,22320,BLAZIER DR + TARGET ENTRANCE DRIVE,40.586163,-80.041105,0
250d5da3-92d3-4046-a56b-2b3048b4ea7e,12025,LEBANON CHURCH RD + CURRY HOLLOW,40.350625,-79.924508,0
250e4f2d-7287-41d9-93b1-85cf76dfacd4,15880,EAST BUSWAY + WILKINSBURG STATION C,40.446887,-79.888646,0
2528780a-f107-487e-9f0b-3ed16d4bcc10,14854,FRIENDSHIP AVE + PEARL ST,40.46349,-79.948812,0
2537458a-c598-4238-9f37-bfd8581a07a0,8799,LINCOLN AVE + ATWELL,40.463126,-79.904532,0
253b463f-1bf1-4d36-acd2-255769245497,5883,SWALLOW HILL RD + GREENTREE FS,40.390078,-80.074184,0
25406ed4-fc95-4944-9bba-9fa2c6611e96,87,SANDY CREEK,40.296466,-80.030448,0
254433da-748f-4f92-93e6-1a7ab7f5d520,8876,LINCOLN AVE + FRANKSTOWN,40.460503,-79.913159,0
25478a73-1cea-452b-b32f-0ea8be920d30,14508,HULTON RD + 3RD,40.52605178,-79.842520901,0
2548957e-3c70-496c-b2e3-a5f3b088f0d7,4671,COCHRAN RD + NAVATO,40.384061,-80.052945,0
254a7a35-6a70-4bef-9d71-dbd9733c299f,15278,WEST BUSWAY + IDLEWOOD STATION C,40.426224,-80.072562,0
254e9c1c-1f8a-4f5a-9970-14791894f047,7626,PENN AVE + WEST,40.445175,-79.889183,0
25506efa-77e9-4ee4-b64f-bfe325a857e0,10010362,Evergreen opp Hawthorne Rd,40.492019543,-79.973235375,0
2551cebc-aae7-417d-bda7-cd2133037a60,7068,EDGEWOOD AVE + DELAWARE,40.425418,-79.885655,0
25566ec5-120f-481c-8106-f5eab6fcb7e7,10010523,Mac Arthur Dr + Lebanon Church Rd NEW,40.354264277,-79.913853706,0
2564b479-e178-428e-84d8-6f8304896f11,20539,STATE ST + MILL DR,40.294379,-79.874564,0
256b1115-9749-4cad-aa80-0faf50a2b359,14388,FRANKSTOWN RD + DUFF RD,40.465041,-79.828292,0
256e6a2a-0712-46b0-94e3-82cb50c78a17,16022,ALLEQUIPPA ST + SR RESIDENCE (#2418),40.440622,-79.96855,0
256eeff4-d33c-4770-9dc1-4e761568f369,1319,LINCOLN AVE + JACKSON,40.49679,-80.057952,0
257b5e92-ea2e-4d07-9e06-73ce825738c0,21504,WALNUT ST + 1ST EVANGELICAL FREE CHURCH,40.344768365,-79.826387085,0
257f987d-45cd-4320-bbb7-2fa7088df7de,5024,STEUBENVILLE PIKE + PAUL LN,40.445706,-80.14389,0
25887827-8b23-4782-9a67-ff185d0fd2fc,1312,FOREST AVE + CAROLYN AVE FS,40.502197,-80.054516,0
258cb16c-ff7c-4e5b-a8bf-26793cb7862d,7286,SOUTH AVE + COAL,40.4403,-79.880417,0
2594a5cc-79df-4684-8e86-f57cb89814a6,10010268,Patterson St + Meyer Blvd (FS),40.337809998,-79.839531225,0
2596a534-e0ee-4c02-9e8b-66d3ce63e4ec,9259,56TH ST + BUTLER,40.484288,-79.947888,0
25a85f78-15a2-48d8-a1b7-1be2de0f23fb,21230,LEBANON SCHOOL RD + LIVINGSTON RD FS,40.346299,-79.926305,0
25a9abb5-1cdb-48a2-9e77-368c67b21855,11043,MAIN ST + MARION,40.387988,-79.901938,0
25ab93ce-6583-4e62-b968-e70e14c66490,1059,AMITY DR + SUTTER,40.543755,-79.992481,0
25c2317e-7b81-44e6-98d0-51dd25e38bbd,22700,LEBANON SCHOOL RD AT CAMP HOLLOW RD,40.34066,-79.914996,0
25c26a43-4091-47c8-8329-8c70f4232e55,7215,MILLER ST + GAS ST,40.416033,-79.885251,0
25df755f-70da-4cbb-a389-9f0712305dfc,2684,DOBSON ST + HANCOCK,40.457527,-79.965896,0
25e1a6ea-b533-4c1b-ac60-e71b54eef19f,3689,BROADWAY ST + 15TH,40.475305,-80.081494,0
25e96233-7c3a-4550-b87b-8ed001bda8c5,6754,VIRGINIA AVE + SHOP N SAVE,40.429864,-80.007988,0
25f6e40e-0880-418d-8c7d-32a53bcec0ae,200207,Forsythe Rd + Wise Rd,40.40180288,-80.067668854,0
260b2bbf-94bf-40ca-99fc-e568afda2e15,22638,BOWER HILL RD OPP BEDNERS FARM MARKET,40.361641,-80.08969,0
26112e79-eb4a-40fb-891c-f174a7561909,4774,ARLINGTON AVE + FREELAND,40.419301,-79.989446,0
26152248-3aeb-4770-a969-2ba8be243b94,21063,ELLSWORTH AVE + SPAHR ST,40.458228,-79.927539,0
26167e34-e747-4ad6-9a65-dc14fc00a2fd,19139,UNIVERSAL RD + THOMPSON RUN,40.46843,-79.791269,0
26181ca8-cd0e-4236-a809-6a8ef22b7a0c,18624,HWY RT 286 + ALPINE,40.429121032,-79.719784135,0
261e985b-1e10-4859-a81b-77466881e6c9,11667,WEST ST + 13TH,40.403157,-79.908461,0
261eb655-6b40-4886-92a2-546c9b769ee7,10010502,Shady Ave + Ellsworth Ave FS,40.458883266,-79.922207468,0
26406038-6550-4e0e-942f-c7e879cdeb43,100008,Saw Mill Run Blvd + Maytide St,40.384558154,-79.995067695,0
264e78a0-028f-43c3-84b6-0a830354558f,100109,Freeport Rd + Camp Ave,40.585117824,-79.756761515,0
265c4dc6-7473-433e-bb7c-06a75c44cc5a,12018,4TH ST + KENNEDY,40.371318,-79.848404,0
2663c586-fa5f-43e3-ae16-0fb32875f289,22699,BLACKBERRY DR AT #847,40.342207,-79.912661,0
266595dc-cba5-4abf-a0f6-f1995a10ef55,17734,VA HOSPITAL TRANSIT LOOP + SHELTER,40.446697,-79.960418,0
266f9fb5-92a0-4ab0-8fc8-a4ee4bb045d3,22302,BROWNSVILLE RD + MARYAL DR,40.352002,-79.988763,0
2690f4ba-014f-4415-942f-fdee3c1cb00c,12092,SECOND AVE + SECOND AVE PARKING PL (#1250),40.43447,-79.987227,0
26af8a48-3c85-4020-947c-5595b7e59f85,1821,PENFORT ST + #174,40.474354,-80.002411,0
26c396f8-086a-42be-ae67-f7a69fadab81,9849,ST CLAIR AVE + 5TH,40.292978,-79.885698,0
26d40082-012d-42f7-8838-86e0c695d838,3468,MCCOY RD + #723,40.480808,-80.081358,0
26d745f7-4e8d-43b1-8a85-56c38d5afa1e,9810,HWY RT 51 + GLENBURN,40.338936,-79.960625,0
26df7f59-3342-414f-9867-809c266affd5,9705,PROVOST RD + BARLIND,40.363821,-79.992155,0
26f5f683-287d-4c68-b2e0-8ad125cbc968,5108,STEUBENVILLE PIKE + WATERFORD WOODS DR,40.449458,-80.141083,0
26faaf6b-9344-4349-8cbf-cc55b87edc81,22802,BLAIR ST AT SECOND AVE FS,40.427133,-79.955693,0
2701e9b4-2ad2-450d-bd2f-90eee7f114f7,11071,GREENFIELD AVE + GRAPHIC,40.424362,-79.935158,0
27162652-94e4-4396-84b6-a65362f84219,4051,CAROTHERS AVE + FINLEY,40.396636,-80.087988,0
271d1a23-ba80-455a-ab37-4ab04d305dd8,8686,BRYN MAWR RD + MILWAUKEE ST,40.453259148,-79.96263177,0
271f6fdf-42cc-412e-af94-3199b0c5da0c,21060,ELLSWORTH AVE + GRAHAM ST,40.453746,-79.934724,0
2729d594-5203-438b-aab4-3a0406db83d2,11977,CRAWFORD ST + MONTEREY,40.362927,-79.852097,0
27325d73-f576-4ae0-b5fd-29a6189d31a2,21424,CORPORATE DR + #5700,40.563531,-80.023052,0
2736d8ae-2a70-493e-9e83-0e9ce84add33,18477,BROWNSVILLE RD + HILLMAN FS,40.371977,-79.975265,0
273b5c62-9745-4460-9cf7-2fa97dcfc997,971,MEADVILLE ST + TELEVISION HILL ST,40.46247,-80.005679,0
273cdc21-f157-4446-a029-adcc1899f7a1,21605,BEECHWOOD BLVD + #3986,40.427631,-79.936157,0
2742b777-72e0-4b0f-ae0e-4b3372cf6a3b,9736,HWY RT 51 + GLENBURN,40.339028,-79.960278,0
274ecfc3-40ad-4e7d-a9a5-adabbaae65a6,1797,COLBY ST + MT PLEASANT FS,40.483097768,-80.003780613,0
274fc78b-5af2-4188-bd56-7b467e823ec1,5493,WASHINGTON PIKE + VANADIUM,40.370472,-80.100718,0
275a5578-5dac-40e6-b1d2-c3f12dcf495c,6207,WEST LIBERTY AVE + PARK,40.391242,-80.039256,0
275d73ca-49d8-4fcb-966b-cf4b53b8a530,2450,MT ROYAL BLVD + IOLA,40.536736,-79.971352,0
276b3cee-c515-4a2d-aaef-45f93c9f8e11,22006,PARK HILL DR + #2350,40.455514,-79.874152,0
276bd30f-b101-4295-a58a-4a6fb0b30dfb,20948,BLOSSOM DR + CLELIA DR,40.344332,-80.000477,0
276ebf07-ddd1-4066-a00c-415d58f0d6a0,20877,HAZELWOOD AVE + GLADSTONE ST,40.412454,-79.940283,0
27700a44-9acb-4ba3-bfb2-639e8fa54302,2730,PITTVIEW AVE + TEUTONIA,40.469097,-79.982796,0
2771d0ca-ea0c-447e-9ac5-e0d106724a02,10388,WALNUT ST + LARCH,40.318261,-79.834106,0
2776f299-1402-43f8-8679-1c7405467eed,21603,MAIN ST + E OLIVER RD,40.389568,-79.900964,0
277810d4-1435-4ce7-86dc-83d6fefbcad7,7680,WILKINS AVE + NEGLEY,40.444004,-79.926113,0
27827116-26b2-406e-8293-5dd666d60010,10890,DUQUESNE BLVD + COMMONWEALTH,40.382941,-79.857302,0
278c586e-931e-43df-ab8f-63092e09ba82,20622,LEWIS RUN RD + SOUTHWESTERN HEALTH CENTER,40.3292,-79.937903,0
27a02b47-7cbb-4bac-bf95-ec0f622646a8,7853,PITCAIRN-TRAFFORD RD + CLARK,40.395245234,-79.76743553,0
27a24374-c35a-4db1-848d-563c5c773277,3646,BROADWAY ST + WAYNE,40.469222,-80.069028,0
27a2f237-2534-41d9-8eb0-debe97b0887d,7501,PENN CENTER BLVD + BLDG #3,40.427975,-79.811913,0
27ad7d5a-5418-43c9-a748-8debca873059,7378,EDGEWOOD TOWNE CENTRE + LAUNDRY ROOM,40.42789,-79.887289,0
27bc0995-59f5-4f6d-89b2-dd617eaa3abe,2630,MILLVALE AVE + CENTRE,40.453381,-79.947434,0
27bc3a2b-836f-4b60-838b-60935277df29,18684,MCKNIGHT RD + SEIBERT NS,40.531118,-80.010346,0
27bc5769-cd94-4016-86f8-41550d926ecc,1101,MCINTYRE DR + THOMPSON RUN,40.552403,-79.998573,0
27c29934-ada5-4967-83ad-69e93cea2cfa,5325,RAILROAD ST + 1ST FS,40.393292,-80.087705,0
27da43fc-3a94-428d-ae52-74feb302e7ac,1705,COLUMBUS AVE + CHATEAU FS,40.457423,-80.02888,0
27de55cf-6803-4bed-b5ab-3d8822ea5a15,9555,PROSPECT RD + BAUMAN,40.360768,-79.979955,0
27de9c96-6791-47d3-ae67-dba809ceb9d0,22687,GRANDVIEW AVE AT #39,40.349782525,-79.837410359,0
27df617a-ea06-4cfd-b42f-23720e7a011d,10265,WALNUT ST + 25TH FS,40.334711,-79.849731,0
27e051d5-236d-4c11-bccb-d435672237f9,5,WESTERN AVE + GALVESTON,40.4519,-80.016679,0
27f3ec8f-44b1-4d5f-a44f-2c709574a039,10010222,Holiday Inn Express,40.443494103,-80.158746748,0
2802fa11-fee3-41f4-af0a-2d33fceee6b6,1730,PENNSYLVANIA AVE + MANHATTAN,40.454102,-80.026254,0
28037114-917c-4279-81e7-ff12e4d515d4,2445,MT ROYAL BLVD + SHALER LIBRARY,40.528064,-79.964577,0
2808a5f1-99d4-4403-a35e-704aa3f30f78,22303,BROWNSVILLE RD + THURNER DR,40.352195,-79.988947,0
280c013d-6a5f-4260-a3a1-38828c509b63,5887,LINDSAY RD + SWALLOW HILL FS,40.384462,-80.071032,0
28192df6-5474-49e4-b7e5-bd3ea4581319,5526,NOBLESTOWN RD + DURBIN,40.423801,-80.066531,0
28220ac5-f0a1-4c84-a3ab-eb0eae56f7a3,10010403,Forward Ave + Beechwood Blvd,40.427944,-79.915924084,0
282da7ac-c425-449d-a5bd-2da981fc9f43,10382,WALNUT ST + EDEN PARK,40.327422,-79.840363,0
283526dc-9600-4ae1-bc29-c57d95fcf4ce,19322,SPRING GARDEN AVE + GIDDY WAY,40.474636,-79.989019,0
2862ccdc-571f-4645-a626-1f9f11f245a2,19728,PERRY HWY + HANWAY,40.504393,-80.026471,0
2869bdc4-7cf4-4e13-9177-b832169e8292,4111,STEUBEN ST + #211,40.441242,-80.036666,0
28772350-a68e-41f9-8653-24abff8547d0,8637,BENTLEY DR + KIRKPATRICK,40.440708,-79.974197,0
2885cf00-e02e-42d2-b73f-132352a49767,13574,HWY RT 286 + WESTINGHOUSE #1,40.442413,-79.713402,0
288d88d2-1e29-434f-b3a7-e3cf6341490d,7818,ELECTRIC AVE + NORTH,40.405558,-79.839368,0
28953e92-b31c-46c0-b344-c67fe96c0a23,6263,VANADIUM RD + VOLUNTEER FIRE COMPANY,40.374319,-80.092305,0
289b69f1-8274-4d42-a446-113df0bd9026,21283,LIBERTY AVE + 21ST ST,40.45124,-79.982383,0
28a7c1a7-611c-48ce-93a1-63cd1296faba,4450,S MAIN ST + SANCTUS,40.441554,-80.032959,0
28abe899-e28e-4113-a4e8-60d6e5d602a8,1810,CHARLES ST + BIZET,40.466452,-80.019749,0
28c04c6b-a233-4cd1-acf2-206f875a5a84,4144,CHARTIERS AVE + DITZLER,40.453986,-80.056232,0
28c9df98-ff85-4a94-b54a-d00255caa01c,6108,PIONEER AVE + BERWIN,40.39922,-80.021223,0
28d4e234-2799-4346-af6f-59b3588dd578,18494,BEACON ST + MURDOCH FS,40.433766,-79.930892,0
28de53d1-7d02-474f-bd3a-746caf048eb4,9870,MONONGAHELA AVE + 6TH ST,40.325879,-79.892422,0
28dfe9e5-152a-4a9b-bfdb-02244f018a20,20204,VIRGINIA AVE + MERRIMAC,40.431745,-80.013973,0
28efeed5-675b-4dd2-a11a-01bc1bea579f,9616,MOUNTAINVIEW DR + GREASE MONKEY,40.344582,-79.939678,0
28ff110f-5077-47a1-bd60-839053328a3f,8398,DEAN ST + PAULSON,40.468033,-79.903725,0
290c21b6-591d-4962-ae56-a70beb5177a8,105,OVERBROOK JUNCTION,40.365888,-80.027136,0
2915a0d5-24f5-4e0a-ba49-baf80675bec8,465,SAMPLE RD + #1848,40.57234,-79.996328,0
292d433f-51c6-42cc-9b2a-d796d2094644,16558,ALLEGHENY AVE + MARYLAND,40.518921,-79.843051,0
293344e8-89b7-43c2-84b0-985fb59d6659,10010480,Crawford Family Services Ctr,40.351035353,-79.843221123,0
293f5e38-c983-42dc-9e7d-80126023ecc9,1378,OHIO RIVER BLVD + PENNSYLVANIA,40.511049,-80.099867,0
294b7ad9-eda5-4116-8027-0c63e1bf69cc,19405,EDGEWOOD AVE + SAILOR PL FS,40.42343,-79.886315,0
295c93ee-317a-40b5-8794-6c366d24adb7,14959,JEFFERSON RD + UNIVERSAL,40.465379,-79.824506,0
29633960-c58f-44cb-b4a2-bd1a07cdb084,21457,PARKLINE DR + RADFORD RD FS,40.365201,-79.966925,0
2973da0a-e109-4d3b-9462-86a32ae44150,12082,IRVINE ST + MOBILE,40.415956,-79.946641,0
297426fe-2dad-4ebc-a544-277759f65305,11056,INTERBORO AVE + LEASIDE,40.37222,-79.912366,0
2979d0e0-b6c6-4517-94cc-19a2917211f0,7473,BRADDOCK AVE + 2ND,40.406126,-79.873303,0
2979fbe1-8bd5-4df4-92c2-ab2f68259b91,10010224,Campbells Run Rd + Settlers Ridge,40.439503707,-80.151989915,0
297f2cdb-9476-488f-8669-ba93f4f7eaee,16652,CLEVER RD + PITCHFORK,40.464995,-80.109499,0
2985471f-0797-4296-a2db-7106f04835ac,9110,FRANKSTOWN AVE + BRUSHTON AVE,40.455527,-79.887932,0
29883ab2-9d50-4bb4-bb2b-dc60ccd76643,13590,PENN CENTER BLVD + PENN TOWERS (UPPER),40.424239,-79.812522,0
298bd1ea-8bee-4694-b333-380f2cdce83d,391,PRESIDENTIAL DR + JEFFERSON,40.584558,-79.99958,0
298ca950-5108-42f7-88a7-5708999d23ef,20520,HWY RT 51 + PARTY CITY (CENTURY III),40.335355,-79.947225,0
298df750-88e0-405c-983b-0f515a7e1c9e,14330,VERONA RD + POKETA,40.486653,-79.837343,0
29914ff9-dfbb-4698-ba0d-c20a1e2ec9a2,9356,WATERWORKS MALL + GIANT EAGLE,40.48763,-79.893833,0
299aef4d-b798-4456-81a2-0ff7b669837b,1053,THOMPSON RUN RD + HODIL,40.534733,-79.990341,0
29a14e64-0636-44b3-bc27-0db9bdf490bf,10010346,FREEPORT RD + MAIN ENTRANCE (WATERWORKS),40.486888316,-79.886946656,0
29a64a20-ca81-4b68-9a57-f4b5ffb92da4,1525,BRIGHTON RD + PENNOCK,40.487296,-80.039297,0
29b54b9e-f4a2-48f6-ab42-1d1848d6a8cc,11128,JACKS RUN RD + OAK PARK MALL,40.337842,-79.807186,0
29b6702c-a653-4d0d-8acf-575189d05775,6253,BOWER HILL RD + SYLVA,40.362106,-80.097878,0
29d7c113-fdef-4e2c-a749-029f273d3098,6702,BELTZHOOVER AVE + EDGEMONT,40.422607,-79.997475,0
29e6d67d-405a-440b-801f-e1c33d0ae3ad,3638,CHARTIERS AVE + SINGER,40.465004,-80.073953,0
29e7da4c-7ac3-4f20-babe-52ba43fd99d5,21966,STANTON AVE + BUTLER ST,40.478275,-79.955448,0
29f2f394-bbdc-4b32-91c8-b6a0ceed4c33,22826,FRANKSTOWN RD AT #12245,40.472418,-79.819675,0
29f432f5-770e-45dd-89ec-67edef7431cc,12590,4TH ST + COREY,40.408322,-79.867168,0
29fc3308-1a26-4d10-99f7-e76cd2692996,16105,EAST BUSWAY + HAMNETT STATION A,40.436841,-79.885696,0
29fd57a3-8129-4a1e-ab15-717a6654573d,16019,OAK HILL + HYMAN,40.441375,-79.970077,0
29ff2534-54d7-4c78-b980-afdaf16a28e4,3429,CORAOPOLIS RD + DOROTHY,40.483095,-80.107229,0
2a00279a-a01d-43a9-9dd5-fb93680b7f35,8024,BLVD OF ALLIES + BATES,40.435305098,-79.956278459,0
2a03ea4d-b7b6-4742-9b6a-f66832217bfe,1789,CHARLES ST + STRAUSS,40.463215,-80.019854,0
2a0a6210-6422-4932-80a8-7475a48f4d7b,20807,WASHINGTON RD + BOWER HILL RD FS,40.3866,-80.043867,0
2a1da5fe-0b8b-4eb0-91c3-57e53ce3bc03,2208,GRAND AVE + MAPLE LANE,40.516422,-80.14644,0
2a25519b-f8db-4fd6-95ac-88be5bb41d45,7170,HAWKINS AVE + 4TH,40.409409,-79.866944,0
2a2e18d6-967d-4077-a0ca-0b7d7b01002c,19150,HULTON RD + PENNSYLVANIA,40.525955,-79.815246,0
2a3695a9-f6cd-4b09-88a1-e86eedbd6ea4,5125,EAST BUSWAY + HERRON STATION A,40.459241,-79.966667,0
2a426ebf-407b-444b-a3e2-b59d15be56f5,19169,COAL HOLLOW + CLIFF,40.46347,-79.844244,0
2a43e65e-a4a3-4b17-b8a6-b435da3f1358,16198,E PGH-MCKSPT BLVD + OVERHILL,40.377703,-79.828056,0
2a603a27-282a-4ea8-b7ac-d2f8f8f25183,19086,MONROEVILLE-TRESTLE RD + BOYCE PARK ENTERANCE,40.470428,-79.754943,0
2a6d55d6-beab-4bdc-823d-f8962f9ef715,166,EAST ST + HAZLETT ST,40.474771,-80.005385,0
2a7e553e-6ae9-4d87-96be-cf33d4ed0d67,12794,PITTSBURGH ST + SHADY,40.540921,-79.795923,0
2a80938a-2028-4491-a840-3c9436c2802b,11168,LINCOLN HWY + MCKEE,40.373066,-79.793103,0
2a825796-1a6f-4141-9dc1-acef7e3430e8,4075,NOBLE AVE + STEUBEN,40.438262,-80.063244,0
2a8c6ad8-5ad8-4d22-9e55-d164893debcb,469,NORTHGATE DR + SPRINGFIELD,40.577794,-79.992243,0
2a96c012-ed92-45bc-bfa7-7cd79564f6e1,21306,LIBERTY AVE + 40TH ST,40.46276,-79.957393,0
2a983257-521f-4ac1-9e3c-ee3b92afc748,3822,PARK MANOR BLVD + IKEA,40.453407,-80.167687,0
2aa2724d-3d87-449d-ae75-5c1417415f25,19388,LIBRARY PL AT DUQUESNE BLVD FS - DUQUESNE PNR,40.371788,-79.844238,0
2aad104b-1b18-4f04-8e54-1818fa23ff62,8452,LARIMER AVE + DEARY,40.467954,-79.907125,0
2ab4cc98-f66c-4076-afa0-c6a842366753,4134,CHARTIERS AVE + LORENZ,40.443958,-80.040525,0
2ab5155b-591f-445b-856c-ecf1ddd38c6e,4564,BANKSVILLE RD + POTOMAC,40.403202,-80.040827,0
2ac2a71e-dc3b-4e4c-9ee7-2b13e59751a0,3145,FIFTH AVE + AIKEN,40.448493,-79.934101,0
2ac40a51-3399-490c-b2e0-f0aa9150894c,2431,MT ROYAL BLVD + KENNETH,40.510899,-79.956952,0
2acd02f6-7bd4-4e33-890f-6a5b84ae1b88,4098,CHARTIERS AVE + DITZLER,40.453934,-80.056388,0
2ad441b8-8f77-4034-a359-12c9f2081852,10381,WALNUT ST + 35TH,40.328686,-79.84106,0
2ae2f691-caef-4c83-8d61-26dc1311a99a,12708,MAIN ST + POWERS ST,40.495638,-79.938347,0
2ae3b230-b921-4590-b82c-73417ebe01d1,6094,SOUTH BUSWAY + PALM GARDEN,40.416432,-80.011833,0
2ae45f72-03a2-40b6-849e-357b12f33be5,3340,MT ROYAL BLVD + SCOTT,40.539237,-79.972297,0
2ae93f83-183f-44fe-89fe-af3cdcdae451,103,BON AIR STATION,40.407736,-80.003113,0
2aedba49-80da-4e15-96ad-bbf782ed3a80,8796,LINCOLN AVE + MEADOW,40.460999,-79.909856,0
2aef84a3-7a28-42cc-b50b-a277d4deedc6,19263,CAROTHERS AVE + WASHINGTON,40.396069,-80.086946,0
2af4fa9c-823d-4fba-864f-fc61ccf96517,8396,LARIMER AVE + APPLE,40.46844,-79.906534,0
2afcab7e-8760-4d16-abd4-f4d3d65b0343,8183,NEGLEY AVE + MARGARETTA ST,40.467857,-79.928116,0
2afd22b5-20bf-4841-a4ba-d9837b7bbb64,12019,4TH ST + GRANT,40.372602,-79.848949,0
2b0c2cca-e38d-47b9-8ccf-4cb45d520882,9133,FRANKSTOWN AVE + 5TH AVE,40.458678,-79.908211,0
2b113eb9-4d2b-4e49-aac1-3751c44de68c,12010,CRAWFORD ST + STATE,40.363562,-79.849713,0
2b16d4cd-4a4d-4aef-9bb4-3f9898a35798,12770,MAIN ST + 14TH ST,40.494427,-79.927564,0
2b1cd971-17cd-447e-a1a8-3323a1acab2c,14972,BUTLER ST + 44TH,40.471596,-79.959755,0
2b26eaab-9504-4909-bd54-a27c678837b0,9254,AIKEN AVE + BROAD,40.465635,-79.935911,0
2b3cdacb-dc07-4dd8-9a79-7000f5dc7afe,6692,BOGGS AVE + #207,40.426144,-80.007845,0
2b3f45b1-db9f-4b7b-bb26-72ab2239d7d3,14647,SALTSBURG RD + HULTON RD NS,40.484593,-79.818763,0
2b414897-922a-4ce1-8f90-f8083d81cd4b,9104,FRANKSTOWN RD + WOODS RD,40.460007,-79.873744,0
2b438265-2cf3-4d47-8af3-689890672981,100142,Three Degree Rd + Babcock Blvd NS,40.544866624,-80.03125853,0
2b48e95e-3f12-4076-842f-29ca4bd7aebd,20370,OAKDENE ST + STRANAHAN ST,40.462032,-79.89089,0
2b6a1adb-0b33-467f-a1a6-0f2a4b41a2d8,10010262,Jenny Lind St + Packer St,40.338716694,-79.84744013,0
2b6e25e8-0510-4265-8a04-1f01d82bd2ff,12033,MIFFLIN RD + MOHRBACH FS,40.366918,-79.909867,0
2b792aa9-282b-420a-b960-87115b50c424,1191,LIBERTY AVE + MATHILDA (WEST PENN HOSP),40.460582,-79.946912,0
2b953881-d9fe-4697-bda6-5565036a58fd,22795,UNIVERSITY BLVD + PATTON DR,40.506421,-80.223302,0
2b9bfc9d-109e-4cab-a948-81a65e33b2e5,4275,W PROSPECT AVE + BROADHEAD-FORDING,40.448238,-80.08236,0
2b9f3154-ca1d-4599-9a02-df3009ce486d,22177,WATERWORKS MALL + WALMART,40.48805402,-79.889444132,0
2bb53a50-4c41-46b8-9c01-7fd44faa4c0e,13472,PENN ST + ATLANTIC,40.611679,-79.740818,0
2bb660dd-0b62-4f09-8972-6c15e047adfb,19186,SUMMIT PARK DR + QUINN,40.447628,-80.178691,0
2bb66cb3-fbb0-4d2b-9876-225dd481051f,2639,FIFTH AVE + CRAFT AVE (CARLOW UNIV),40.437862606,-79.964346261,0
2bbb43a2-b766-447a-8502-5db717d55331,1463,BEAVER RD + ACADEMY,40.545031,-80.187257,0
2bc3163b-b0b2-40cd-9204-94ba1b1806ce,2201,5TH AVE + BROADWAY,40.516337,-80.161397,0
2bc5ea61-82b7-434e-8d4c-d12feabe56d7,8472,HOMEWOOD AVE + REYNOLDS,40.446598,-79.903162,0
2bd14ca7-bd7d-48a5-ae8f-5547c05c61f6,506,DUNCAN AVE + ROYAL MANOR CT #1,40.566068,-80.00159,0
2bd9a49e-089a-46e9-ac99-e06fbdf52b16,9242,SCHENLEY AVE + PACIFIC,40.472022,-79.938845,0
2bda804a-4cad-4c97-9c76-43befa389659,16605,2ND ST + OLIVER,40.376552,-79.849998,0
2bdaeffe-d38f-41f7-a1c1-27b30ca3e813,8074,JAMES ST + QUEEN,40.421864,-79.803116,0
2bf80d81-02b0-4642-8c03-749fda4a67f4,22767,CENTURY DR + GABRIEL BROTHERS,40.343284,-79.942669,0
2c053e8a-f980-4f59-b5a1-92ae78d02fa2,22988,CHARTIERS AVE AT ST JOHN ST,40.465476,-80.066361,0
2c0b1b67-e93b-420e-9686-0f4fb6658fa7,8161,EAST BUSWAY + EAST LIBERTY STATION C,40.459448,-79.923137,0
2c0b1cca-2aa8-4a90-94e3-4434233cbb08,1343,BEAVER RD + RAPP,40.566605,-80.209746,0
2c19466e-0376-42d7-af79-4051769e98cf,7273,COAL ST + SOUTH,40.440222,-79.880264,0
2c2097ef-6a37-41d7-97fa-030c445de72e,20696,ALCOMA BLVD + TURNAROUND,40.485344,-79.799667,0
2c2562e0-db59-4639-88bc-f1dd1cb0dc70,20721,BRADDOCK AVE + LIBRARY,40.401233,-79.865843,0
2c27ff94-b32c-4590-ae15-e67d6de8a768,1933,CALIFORNIA AVE + #3228,40.473928,-80.038686,0
2c3bf87c-7e13-474b-957a-96f09443db34,8386,HOMEWOOD AVE + MT VERNON,40.461303,-79.894734,0
2c4c9def-3361-4b5a-80ef-bb99196083d9,10010393,Herron Ave + Hancock St,40.456713566,-79.965018374,0
2c4e8027-1f9a-4451-bcb1-23e6707bf0f0,7248,MONONGAHELA AVE + WASHINGTON,40.420107,-79.889346,0
2c4f934a-85bb-465d-9c73-8cf0707c20e5,20901,EVERGREEN RD + #4535,40.500992,-80.003792,0
2c52896b-354e-48a5-b364-1a93580c3eeb,1435,OHIO RIVER BLVD + BRIGHTON,40.504964,-80.084785,0
2c5d6875-bd4a-4730-ac9b-45e5beb9f567,4771,WARRINGTON AVE + ALLEN,40.421767,-79.993842,0
2c695c01-3639-4886-8b89-d496a92fae41,3304,FREEPORT RD + WESTERN AVE,40.490614,-79.907452,0
2c6a27b2-4ef3-4e28-99f7-d3bd32351138,12138,GREENFIELD AVE + FRANK (#912),40.423938,-79.932797,0
2c87b875-5fab-4ece-9879-8d8f189b812b,12705,MAIN ST + 8TH ST,40.494662,-79.934381,0
2c8ef028-05e1-4b5e-854c-ef10198c4fc4,8327,HAMILTON AVE + LANG,40.455104,-79.899767,0
2c941e6d-cc1e-454d-92cd-becde2b2a945,8297,HAMILTON AVE + HALE,40.452376,-79.887422,0
2c970da0-8e3a-4f92-8368-568dd1aebef7,9767,KEEPORT + TRAVIS,40.338259,-79.979176,0
2c985832-90b3-4363-987d-453794a8fec8,13515,WM PENN HWY + COUNTRY SQUARE SC,40.436615,-79.782997,0
2cce5b89-e575-4979-bffc-5c286580e2c4,2667,BROWNSVILLE RD + MCKINLEY ST,40.408978,-79.991066,0
2ce8f4e9-922c-4c73-848c-5b2597a35700,12059,HWY ROUTE 885 + LEWIS RUN ROAD NS,40.333464,-79.934872,0
2ceec103-b9bf-489a-a3c6-1926c35b871b,3348,MT ROYAL BLVD + WETZELL,40.524902,-79.962257,0
2cf15f5f-94e0-410b-b4cd-6fdeea29a50f,10992,DUQUESNE BLVD + CAMP,40.369399,-79.842845,0
2cf86147-f1ac-4dcb-8e92-f57a356990e7,18644,SARAH ST + WINFIELD,40.350351,-80.103735,0
2cf9e8e3-cede-4c6b-9a57-1848747a713e,14577,WASHINGTON BLVD + HIGHLAND,40.474002,-79.908205,0
2cfe22ca-84bd-41ad-8e6c-86753321365d,3905,WASHINGTON AVE + HOPE,40.396637,-80.084938,0
2d060ecc-87a1-467f-8020-712b778b5cf6,12813,FREEPORT RD + 1ST FS,40.573294,-79.777354,0
2d1eed87-f71f-4154-9e1f-f8d828efd24a,20065,OBERLIN ST + OAKDENE FS,40.46632,-79.89011,0
2d21e2f9-cf5f-4c77-b6df-32a43201b3e8,7505,PENN CENTER BLVD + RODI,40.429418001,-79.815823923,0
2d47687d-b885-4c74-bac6-6974ff18e284,10250,WALNUT ST + JUNIPER,40.319025,-79.834328,0
2d5dbaa0-3f07-42e6-8ea3-9f2284476452,20193,ROBERTS ST + WYLIE,40.443493,-79.984134,0
2d5e1043-8ab8-4987-a04c-e7dc58b0c66f,22821,CHARTIERS AVE AT SUTER ST,40.45808,-80.075368,0
2d68a10f-a209-40c3-88ba-00f0816aa6fb,12130,GREENFIELD AVE + KEARCHER,40.425299,-79.943942,0
2d73624f-aaa7-4d10-b068-f54fe69c215b,5819,GREENTREE RD + FORSYTHE,40.399517,-80.064987,0
2d7ffab4-7132-48ba-82d8-b1107d05f3da,9022,DARRAGH ST + FIFTH,40.440692,-79.960497,0
2d85e1f4-bdfb-489b-809d-406456bc45d1,11140,LINCOLN HWY + JACOB,40.376757,-79.799597,0
2d894638-ea91-4889-88a8-25c8fa015387,20732,COAL HOLLOW RD + FRANKSTOWN RD FS,40.460893,-79.842446,0
2d8c48a5-41c7-4eb4-bbd5-68a9f353bf75,21705,OTTILLA ST + ST JOSEPH ST,40.413523,-79.981787,0
2d8de3f2-ff0d-4805-9d6c-dd85b559169a,200212,S Negley Ave + Eva St,40.46150221,-79.928573353,0
2d8f4b96-9d1e-441e-9c20-d09030bf20e8,19813,SALTSBURG RD + CHAPEL HILL DENTAL BLDG (#7641),40.475109,-79.776184,0
2d977b37-b4aa-4a54-9908-512663dfd360,7147,SWISSVALE AVE + #441(MERCY GRANDVIEW MANOR),40.436793,-79.880608,0
2d9ebf06-fcea-4cc4-8b34-f14a878045df,5740,GREENTREE RD + ORIOLE,40.41036,-80.047495,0
2dba1db1-4eb1-4fce-8d21-ded6fbdb1252,22130,BUTLER ST + 38TH ST,40.466967,-79.964263,0
2de0cabb-abae-40f3-ac4e-cc725475055f,172,NORTH AVE + JAMES ST,40.456478,-80.001419,0
2de82926-499b-40dc-87bc-b56d5c3e3592,5391,WASHINGTON PIKE + ANDERSON EQUIPMENT,40.364544,-80.10923,0
2df0ce1e-3528-48f0-a354-0a2cba425cee,3359,MT ROYAL BLVD + IRENE,40.510693,-79.956893,0
2dfa7f53-e286-4a36-9ec0-1c4f917ed699,10999,W 5TH AVE + REBECCA,40.350154861,-79.873231907,0
2e07047f-91b6-4d6f-9393-69609df92a2d,11088,NEGLEY AVE + E BUSWAY STEPS,40.456074,-79.933304,0
2e0b9017-5dfb-4c97-a6f8-967e5a8d7089,6815,BAPTIST RD + MCKEE,40.352681,-80.009773,0
2e123f8f-d18e-4d5c-804f-a96e0dd57f54,16023,ALLEQUIPPA ST + WHITRIDGE,40.441034,-79.968027,0
2e144866-54d6-4453-a66b-88359e0a7242,20461,DEVILLIERS ST + WEBSTER,40.445759,-79.981951,0
2e21efec-66dd-4ad1-b578-58c741149f02,6660,GRANDVIEW AVE + COHASSETT,40.437799582,-80.018390484,0
2e220902-73d7-4b93-9d9c-04011a922208,8511,BIGELOW ST + WINTERBURN,40.418997,-79.939703,0
2e49a1c9-742f-4123-837a-428eda7d1875,8050,BRINTON RD + RIDGE,40.419945052,-79.858870277,0
2e55babf-da39-41d5-b02b-0a454f9c279d,8582,BIGELOW BLVD + HERRON AVE FS,40.455737,-79.96616,0
2e58e2ca-d749-4d3a-90a6-a5ef4251fe0d,22880,MONROEVILLE BLVD AT IVANHOE DR,40.433967,-79.763965,0
2e6c1773-cd44-4a44-9e3a-daf6aa40e18f,3422,PARKER ST + HILL,40.494284,-79.956618,0
2e748a85-f5ef-4165-97d8-71b53eb3740a,2353,GRAND AVE + ORCHARD,40.514515,-80.140129,0
2e792309-8781-4dd4-bc8c-05f917111c1f,12790,PITTSBURGH ST + PILLOW,40.540998,-79.804275,0
2e7f6343-0902-4009-88a1-323bdc2e2aa9,10915,MURRAY AVE + LILAC,40.423092,-79.928628,0
2e8c5d61-ae7d-4630-9dd6-5493b3035732,10010269,Patterson St + Meyer Blvd (NS),40.337849983,-79.839403565,0
2e8e9360-9986-4fca-b2df-77611f477793,2871,SPRING GARDEN AVE + REPPEL WAY,40.473031,-79.987768,0
2e95b591-0e1c-4d14-9fdd-1958e012871f,13323,ALABAMA AVE + UNION AVE,40.616303469,-79.736317547,0
2e9b9869-eaf0-45dc-8433-f692243b4c1c,5106,STEUBENVILLE PIKE + SUNSET,40.450901,-80.138634,0
2eb9024a-83a2-48b1-b6f5-934b96e9716d,17374,CHARTIERS VALLEY SC DR + GIANT EAGLE,40.366977,-80.109697,0
2ec79b3b-0540-4618-9b87-a580b13727e4,21321,BRADDOCK AVE + KEYSTONE COMMONS PORTAL 9 FS,40.4028505,-79.831482369,0
2ec8b1e8-8197-41db-adde-a6e3df744e3f,15218,WOOD ST + FRANKLIN,40.441207,-79.886095,0
2ee9241a-4df9-42c9-8af8-478a33fe74ce,5387,WASHINGTON AVE + JAMES ST,40.35615,-80.113583,0
2ef4a2af-1578-4592-a4d9-8f1953a390ae,9235,EAST LIBERTY BLVD + NEGLEY,40.467743,-79.927925,0
2f071c32-d19a-4ba2-8596-8c6690741767,10010345,Chestnut St + E Main St FS,40.410414824,-80.082775122,0
2f0844aa-9fb3-468f-b8cc-f5a1c00639f2,22720,CENTER AVE AT WALLISTON AVE,40.513017193,-80.103005388,0
2f13c242-2995-4388-bece-41e0f2016ceb,13408,FREEPORT RD + BURTNER,40.629697,-79.718271,0
2f18adb0-28dd-4607-b1e2-abaadf04a86d,1543,BRIGHTON RD + OLIVER HIGH SCHOOL,40.463874,-80.022922,0
2f31916b-412c-4773-b5ee-08f227497066,7424,BRINTON RD + YOST,40.412592576,-79.856093659,0
2f3a1b26-f935-43e9-bbf9-5056bda5923a,9964,ST CLAIR AVE + 5TH,40.293012,-79.88539,0
2f469ee1-542a-42ca-ad54-9a7585da3d35,10010513,Irvine St + Hazelwood Ave FS,40.411563802,-79.944760105,0
2f5f5be2-4436-45c1-b764-99e309496c20,12095,SECOND AVE + TECHNOLOGY DR,40.434089,-79.965542,0
2f6e5c30-f060-421e-a864-b99f5c8df97b,6688,BOGGS AVE + LELIA,40.421829,-80.010291,0
2f72b540-458a-4749-bff0-73cf06ee7c3f,4886,WARRINGTON AVE + BELTZHOOVER,40.421712,-79.997246,0
2f7da27a-dfdf-4136-b90d-f7f6dab7ba0d,19101,FRANKSTOWN RD + PENN ARBORS DR FS,40.464178,-79.839647,0
2f9aa2ea-76fb-436f-be7d-c605fc8d09b1,12163,SECOND AVE + MANSION,40.403622,-79.942219,0
2fa81839-3a03-4f52-8ad8-76d0df1dcca1,9857,STATE ST + MAPLE AVE,40.298423,-79.875322,0
2fc14012-9f35-444c-a0e9-60f379ef1e5c,2334,ISLAND AVE + #1470,40.486857,-80.076279,0
2fcdb468-43c6-440d-9c88-5944faf24f82,7139,KELLY ST + PITT,40.440568,-79.889636,0
2fcfbd11-e4d8-4481-8930-05ffe5b6442c,5796,LINDSAY RD + #443,40.384201,-80.084457,0
2fe99901-d3fe-4a07-946f-df0043d3ab6b,15122,HULTON RD + HULTON ARBORS,40.513655,-79.804199,0
2ff5b095-6612-46d6-a3cf-cdadf0f27239,2210,GRAND AVE + GIBSON,40.515129,-80.142557,0
2ff8cf0f-ea81-46f3-be0c-138ded01d404,22855,CHERRINGTON PKWY OPP #1000 (EATON),40.49218,-80.201889,0
2ffb4392-d598-4023-919c-35fae18eba59,1939,CALIFORNIA AVE + HALSEY PL FS,40.463833,-80.032051,0
300b5071-65de-4d1d-84f0-d1710ba2197d,10010281,30th St + Beale St,40.333270662,-79.842664269,0
300f88d0-c76e-406d-a894-76c3b48f9039,4259,MIDDLETOWN RD + STRATMORE,40.44467,-80.05853,0
30128df1-0063-4d3b-9998-2f8713283e79,22262,ELECTRIC AVE + #1208,40.407166,-79.841556,0
301985d2-b593-49c6-b3e0-2f5ef330baca,9982,BROWNSVILLE RD + #2347,40.388133,-79.984626,0
301a0ef1-bb3a-450f-bfa7-9c7b0adc7d56,16611,BROWNSVILLE RD + TOWN SQUARE,40.366744,-79.98096,0
30210db6-4c78-4367-a930-cde764ad14f4,12080,IRVINE ST + BERWICK,40.413064,-79.945196,0
30287615-00ba-4ddb-8f5a-03f2ba58a18a,3714,CRAFTON INGRAM SHOPPING CENTER + GIANT EAGLE,40.44076,-80.071756,0
302963cf-7175-473c-8e0b-f666a3865604,22693,CAMP HOLLOW RD AT BEVERLY DR,40.343800978,-79.920247745,0
3029a1dc-4434-4aac-9914-07309929b32c,19779,LEECHBURG RD + GARDEN DR,40.488181,-79.801409,0
3034376f-6aa4-4e16-a593-8b6025da2f7b,8259,ELLSWORTH AVE + AMBERSON,40.45125,-79.941055,0
303c1589-fbb3-4a44-af3e-c0476811e706,9379,BROWNSVILLE RD + STEWART AVE,40.382785,-79.976741,0
303cdc39-29b6-4c02-af5b-ddf1f5e4a802,9164,EAST HILLS DR + #2220,40.454613,-79.87204,0
303f24ff-7b59-452e-8752-14cbdd762c4b,13840,OLD WM PENN HWY + BEATTY,40.440259,-79.742323,0
3041131d-48c1-4fb8-abd4-3db4e6df8518,22422,MT CARMEL RD + GEISLER WAY,40.468155,-79.884475,0
3047dd1c-4718-4bdf-a69e-68f1cb8b9736,2366,4TH AVE + KENDALL,40.519985,-80.16779,0
304e3007-d960-4a1a-9dc7-0ed1bb265326,20198,COCHRAN RD + AREDEN RD,40.387806,-80.055263,0
305e12af-64b0-4ac6-ac4c-428c1dc9fd9c,1407,EAST BUSWAY + PENN STATION C,40.444047788,-79.992118179,0
306515c5-cef3-4e4c-a793-a7f101ee355b,471,SPRINGFIELD DR + PEEBLES,40.579567,-79.994746,0
3066817e-5f9f-47fe-8b3b-1540a27e4ac4,8627,CENTRE AVE + DINWIDDIE,40.44324,-79.980741,0
30719e08-b0a2-4d76-a414-551dfb0c42ae,19717,WEST LIBERTY AVE + CAPITOL,40.405178,-80.01879,0
30815f84-0fd5-4725-842f-5d4c0d8d6835,12068,JOHNSTON AVE + ROSELLE FS,40.4062,-79.932842,0
3082d14a-6a9a-4bd1-8739-2750ecca2818,7227,BRADDOCK AVE + SANDERS,40.431687,-79.893161,0
30837958-7cfb-469f-b085-af9e0cb831b5,19592,GREENTREE RD + ARLA FS,40.403529,-80.058299,0
30910636-b606-4094-95a7-aa36c83556c8,5412,NOBLESTOWN RD + HAWTHORNE,40.416294,-80.067123,0
3098341a-5f8c-467d-a3b4-79c3103f499a,6663,LABELLE ST + PIERMONT,40.434605,-80.016043,0
30a05527-99f7-4737-a1f8-aae320bc0624,6739,BOGGS AVE + PAUL,40.422517,-80.010143,0
30a1b9a6-6c94-4687-868a-76e3f6a089b8,7807,REBECCA ST + ARDMORE,40.436802,-79.873568,0
30b41f84-2b1b-47ec-aff6-bd80364b6db6,8425,LEMINGTON AVE + #7249,40.467026,-79.891747,0
30b4c09d-96ce-43a6-83fe-aef7332ed349,21158,EDGEWOOD AVE + GORDON ST,40.428851,-79.884637,0
30bb244a-0345-4d53-8c8e-3b919c24c119,920,CONNIE DR + PERRY,40.496327,-80.02034,0
30be3f88-4b03-4539-973a-c72d16f10186,7949,PENN AVE + WEBER,40.441951,-79.869199,0
30be68d0-4da2-4ade-82e1-8d9d8213a51f,38,FIFTH AVE + CHESTERFIELD RD,40.439482918,-79.961741667,0
30c04563-f11a-4fe6-848a-d245f7f36ed4,18658,WEST LIBERTY AVE + KELTON FS,40.39259,-80.037533,0
30cd19e9-3329-4b63-82a9-de641f319386,20715,CYPRESS ST + MIFFLIN AVE FS,40.396103,-79.891107,0
30d25f24-03da-4205-a70f-8c8304bd143b,21388,ROBINSON BLVD + W'BURG PENN JOINT WATER AUTHORITY,40.457801,-79.864874,0
30dd3a82-7d03-44a0-a987-ceee38ebf258,7306,SCHOYER AVE + MONONGAHELA,40.42355,-79.891594,0
30e36ee7-561a-4a08-a6fc-1655e887dd17,4528,MAIN ST + CHESTNUT,40.410282037,-80.082361438,0
30e8215a-2a35-42cf-a57e-27cd445739e9,10975,KENNYWOOD BLVD + MIFFLIN,40.401454,-79.880826,0
30ea2e04-b158-48d6-b0f6-6acfb3e59e46,1455,BEAVER ST + NEVIN,40.536416,-80.176609,0
30eeff15-96fd-4924-b773-c14c1dd23a8e,9144,FRANKSTOWN AVE + BRUSHTON AVE,40.455516,-79.888214,0
3108aeca-6ecb-4906-bf37-49a84dc4457f,10010319,Rodi Rd + Stoneledge Dr,40.456129495,-79.822911157,0
31381ebe-5e8c-4d6d-b88e-28cb40638ead,1780,PENFORT ST + #173,40.474438,-80.002425,0
3139a221-b7f9-49a6-b917-7fc85de7e540,22707,6TH ST AT MAIN ST,40.408156,-79.858075,0
313c6abf-0eb4-49f1-8b11-507b1622a92c,12698,MAIN ST + 16TH ST,40.494705,-79.925229,0
3162f6dc-cb58-49a6-8c41-a4be870c7ab9,20554,MONONGAHELA AVE + 1ST ST,40.334244,-79.891101,0
316ef3b1-32cb-42fb-b763-d5e53d0394c6,20453,BEDFORD AVE + WANDLESS ST,40.452798,-79.967682,0
31717011-87cc-492d-8070-3d30ecd95ece,10010414,Robinson Town Centre Blvd + Park Manor Blvd FS,40.456043623,-80.168110409,0
317cf9fe-3bec-42b1-94ee-3adbeba99cd6,21579,CHURCHVIEW AVE + CASTLEVIEW DR,40.385015,-79.959244,0
317d7333-e57a-4d78-94dd-e70f916e7cb2,9176,PENN AVE + ATLANTIC,40.464607,-79.938461,0
31810435-8f77-4810-a7f0-6845553b8712,18907,ALLEQUIPPA ST + WHITRIDGE,40.441249,-79.967882,0
318ff26f-e80f-49e7-b11f-2491796e179c,17081,BROADWAY BLVD + #1010,40.400799,-79.772972,0
31946562-6f57-4d02-9bc2-062fc3035b7a,2591,PENN AVE + 28TH,40.456953,-79.975562,0
31956305-5ef0-425b-b920-57abd7f33583,7140,KELLY ST + HAY,40.440118,-79.88829,0
31a7ce2b-45fe-4b0b-b1b4-58baa761dfd3,2548,S 18TH ST + MARY ST,40.425959,-79.980789,0
31ab9fdc-682d-4186-81ef-f215de72df3d,1278,FOREST AVE + #546,40.500676,-80.053763,0
31ca0ddb-c0ee-47cd-a4cf-2f5063b9a2d2,7086,KELLY ST + WEST,40.441133,-79.891147,0
31dab4ff-8c1e-4ac8-b71d-86a52ff4a58d,21586,CUSTER AVE + MARY ST,40.39368,-79.972645,0
31dc3ade-0ded-43f6-8be3-497d0568997c,22771,DESIDERIO BLVD + BAKER AVE,40.29061,-79.889808,0
31e31ecb-959c-4fdc-ab6a-a720c4835fdc,1737,METROPOLITAN ST + CITIZENS BANK DRVWY,40.455542,-80.031277,0
31e6df3d-3d2e-49fe-8b79-becb0d79eac6,19709,PTI DR + MCKEE,40.422115,-80.191628,0
31f49e2c-b666-4fc8-91d3-968b2a28c627,15149,HULTON RD + HULTON ESTATES,40.513394,-79.803444,0
31f90fe5-cbac-4592-89b0-672f5026546a,100115,9th Ave + Prospect St,40.608923004,-79.744346768,0
31fab147-61f9-46c7-9941-84c18928ced6,12704,MAIN ST + 9TH ST,40.494639,-79.933472,0
31fe0e00-afd6-4576-86e9-4141f3750b5b,13707,WM PENN HWY + HAWTHORNE,40.43288,-79.819061,0
31ffa5f4-90da-45b4-bfb2-eac457136f44,2582,PENN AVE + 39TH ST,40.464856,-79.96017,0
3211d6dc-0f36-46b4-93c2-4b88ac88d100,20762,PENN AVE + DALLAS AVE,40.451482,-79.908039,0
32187104-ff4c-46de-95bc-75db431944fd,2681,BRERETON ST + 30TH,40.456493,-79.970284,0
321f76d5-628b-42e5-b61b-14e4cd4246a4,3141,FIFTH AVE + COLLEGE,40.451301,-79.925696,0
32299c47-857e-4146-972f-7d8e420d821f,22703,CAMP HOLLOW RD OPP MILLPORT DR,40.345005,-79.924212,0
322c23cf-7a22-4bb8-9c89-faf85911e261,22688,JAMES ST AT #1445,40.421196,-79.806332,0
32366537-77bc-48cf-ad98-1d369dd6f01e,11165,LINCOLN HWY + ISSAC,40.377604,-79.802254,0
3240f056-bada-4075-bac7-80b4064c1ebd,13466,FREEPORT RD + OLIVE,40.638863886,-79.711152973,0
3247df02-f282-4d09-bec8-3cc555581dee,7799,WESTINGHOUSE AVE. + COMMERCE,40.392745,-79.809774,0
3255c3f5-3a7e-4f42-88cd-ff269dcc7822,6240,WINFIELD ST + BANK,40.350401,-80.104623,0
326120ca-2b44-4f4d-a2c6-551f94911470,3484,PINE HOLLOW + MCCOY,40.475373,-80.096834,0
32662c0c-f3ad-42db-a0fb-ed7f670117cd,6608,GILKESON RD + OLD GILKESON,40.358795,-80.059631,0
3274b6d7-e00e-46e4-a44f-972377121606,3120,ST CLAIR ST + BRYANT,40.476226,-79.920729,0
327598a3-0b29-489b-81d2-251b7b5999e7,10010406,Tabor St + Oregon St,40.462147358,-80.053791602,0
3282ed1c-40f4-449a-8a44-c3f516d0d5d6,3165,CALIFORNIA AVE + STRANMORE ST,40.460391,-80.02659,0
3283c2fb-46f3-4516-9f65-23667faf6131,7258,RANKIN BLVD + #211,40.41142,-79.880137,0
32882239-d7cb-47d0-9240-6f02e3122d9a,21963,STANTON AVE + HOLMES ST,40.477614,-79.952681,0
32a199ca-8264-4530-90c5-328e7873cb55,4888,WARRINGTON AVE + ESTELLA AVE,40.421067,-80.000455,0
32a20133-3622-4e5e-b9df-7d308dd68bc2,969,CATOMA ST + LANARK,40.460631,-80.004087,0
32a30b3b-afb4-404d-865c-1fc4a7e28c11,1534,BRIGHTON RD + WOODS RUN,40.476618,-80.031797,0
32b221af-55f0-46c2-b5f3-c48418b50837,21639,VERONA ST + MAPLEVIEW DR,40.400314,-79.863064,0
32cd7e69-b037-4241-923e-8b593e7c8f0e,1862,SHADELAND AVE + WOODLAND,40.46918,-80.030179,0
32d9bde0-8460-4c46-a428-86493e99d62c,20306,UPLAND ST + #7500,40.460877,-79.889998,0
32dd60f3-1877-432f-bfb9-0f9be2a52a68,3508,HECKLE RD + OHIO VALLEY HOSPITAL ENTRANCE,40.471688,-80.091671,0
32e159d6-e5c6-4305-899d-4138d91442ca,7412,BRINTON AVE + SHERIDAN,40.404955836,-79.843683845,0
32e5593a-0c67-4c6f-aaac-df93f9e4746f,100110,Tarentum Br Rd + Caldwell Ave,40.590166493,-79.750837778,0
3314090e-d5ec-479c-8a79-6f86328fada7,7538,JONES AVE + PARKVIEW,40.403664,-79.862579,0
3322291a-14de-474c-bd51-1b4430eef480,2748,TROY HILL RD + VINIAL,40.456887,-79.991086,0
333023aa-9a69-41f1-9e2a-11ce7597fab0,11692,PENNSYLVANIA AVE + TAFT,40.362125,-79.86143,0
3358c80a-b89c-45c2-8149-da422617127f,21951,STANTON AVE + STANTON CT EAST,40.480634,-79.934784,0
335ce5cc-a86a-47fe-b446-280ad1bf5e81,893,PERRYSVILLE AVE + KENNEDY,40.474245,-80.010352,0
3365dc19-d612-4bc4-99e1-b5a3c3f57407,21562,AGNEW RD + CLOVERFIELD DR,40.398782,-79.964679,0
3380b3ee-61da-4f96-ac15-cb02b891b8d0,18966,EAST LIBERTY BLVD + LARIMER,40.463642,-79.917804,0
33828561-e4dd-41a1-81c7-933786ad217c,14983,BUTLER ST + STANTON AVE,40.478227908,-79.955705834,0
3383b298-8c08-4c3a-8964-5a2005d1bb80,20912,GLENBURY ST RAMP + SOUTH BUSWAY,40.382754,-79.996639,0
338b13b2-9917-4c1e-8993-ee64356c645b,22683,NEVILLE RD AT #200,40.492623,-80.080237,0
33a3f8b1-966c-450b-9b58-526c230c2afc,6998,ARLINGTON AVE + E CARSON,40.430674,-80.001154,0
33afba68-3e45-400c-9736-62f8d2d683ee,21619,WORTON BLVD + HOMESTEAD-DUQUESNE FS,40.363909,-79.869942,0
33b33d55-7aa8-4fbb-bbe5-b502439e9c1a,20523,LEWIS RUN RD + MON VALLEY SCHOOL DRWY,40.324592,-79.939887,0
33c71989-4e6f-4523-94e6-8c9ddc433a40,95,MCNEILLY STATION,40.377404,-80.005063,0
33d1b490-a150-4402-bae4-a4e6405d9bb3,19656,ARLINGTON AVE + JOSEPHINE ST,40.417306,-79.965627,0
33e91acc-a0c7-4288-a319-ba6e2201582e,4661,BANKSVILLE RD + #3030,40.40179,-80.0424,0
33f6cbd7-970f-4c41-be7f-623130cf7474,4859,JOSEPHINE ST + BARRY,40.423821,-79.969052,0
33fdb406-6406-454c-b43e-c8c8cdf0b39f,1723,ALLEGHENY AVE + NORTH,40.453228,-80.019493,0
3415718c-940b-4c63-9fec-d6f8d3d97311,2218,GRAND AVE + CALGON CARBON,40.508991,-80.11905,0
341656f6-310d-4aae-aa52-2bf3b38e746f,1601,BRIGHTON RD + MARSHALL,40.466752,-80.024901,0
3418da78-e89d-4835-9637-0df099dd2e34,18275,WESTERN AVE + ALLEGHENY FS,40.451551,-80.018572,0
3435ae1d-b3f2-46fe-9d31-98efaf79d1f1,19846,CEDAR AVE + TRIPOLI ST,40.455741,-80.002558,0
34379ca0-1cb0-4691-a8b9-52fc55f5968f,9968,DESIDERIO BLVD + WASHINGTON,40.286991,-79.894781,0
343e3ab6-f53b-49d1-aec3-ce3d3bdba5d6,19068,LEECHBURG RD + COURTNEY,40.486776,-79.804454,0
344a4a9d-09be-43bf-bdb3-77253374e712,10010389,Brighton Rd + W North Ave,40.454123636,-80.014714487,0
346749c3-d700-43fe-836d-80d61dadb1b7,16066,MULHATTAN ST + BARTLETT,40.435486,-79.916361,0
3471d7af-10e4-4e0b-ae08-969592eb8ed2,21960,STANTON AVE + MCCANDLESS AVE,40.478227541,-79.949111446,0
34743b19-89db-41e9-92a2-d0f4600af831,21356,PEEBLES RD + REMINGTON DR,40.561158,-80.013202,0
349ebc70-56b6-4e0b-8db8-156faae22d80,14436,VERONA RD + GRAHAM BLVD EXT,40.463244,-79.86566,0
34a4c253-ca7a-4501-aa76-3c21ecf00e77,21731,BEECHWOOD BLVD + CROMBIE ST FS,40.430872,-79.915245,0
34b42423-da3d-4cff-95d0-7fc2433c72ac,828,PERRYSVILLE AVE + BURGESS,40.467682,-80.009949,0
34b629bc-b11b-4e37-87b4-0347138c70d3,2440,MT ROYAL BLVD + GLENN,40.521358,-79.959574,0
34beb6f3-dbbb-47aa-8b98-0fe32e1e9663,20437,PEEBLES RD + VINCENTIAN DRVWY FS,40.556973,-80.018753,0
34cf6789-8e2f-4fc4-a953-a860f34e5e05,4572,BLVD OF ALLIES + POST GAZETTE BLDG,40.439938,-80.006088,0
34e2bca7-2579-4584-a47f-e66f5b21253a,14408,FRANKSTOWN RD + GRAHAM BLVD,40.46143,-79.862717,0
34e53a75-c5ae-418f-bbdc-271cdfe122bb,8520,BEECHWOOD BLVD + #3825,40.428298,-79.93088,0
34ed1541-9b28-4b65-954d-f68e28366006,4762,CEDAR BLVD + LONGRIDGE,40.378539,-80.054438,0
34edc18e-8e66-4546-b41d-ba15cbf69312,11668,MAIN ST + MARHAM,40.392564,-79.900289,0
34ee5d4c-51e2-415c-9b26-9d0c0efad525,11651,AMITY ST + 10TH AVE,40.405702,-79.909335,0
3500e563-937f-433c-9c85-ebbb8d96906d,1882,CALIFORNIA AVE + PERROTT ST,40.485303,-80.041847,0
35019a6f-5531-49ca-968f-d9a8a87c4c91,2456,MT ROYAL BLVD + DEHAVEN CT,40.544603,-79.972326,0
3503aeb5-5415-4237-893c-2be357cdf596,6081,PIONEER AVE + BELLAIRE,40.397164,-80.023215,0
35061962-d2bc-44e7-a6de-e34ad97a6dd3,6002,WASHINGTON RD + FLORENCE PL,40.384457,-80.043904,0
350cf8dc-8930-447a-b465-b2f168583ce8,2543,S 18TH ST + ST PATRICK ST,40.421383,-79.982455,0
350e0ecc-ff7a-4aeb-9199-ba783cb55e06,2352,GRAND AVE + IDAHO,40.514069,-80.138607,0
3517b3b9-0752-409f-9232-32c2f66c60b2,15428,AMITY ST + TARGET DRIVE,40.409837,-79.912281,0
352d8c0a-91b5-4c2e-a1ff-ed74a780e5ff,20962,SWISSVALE AVE + MAPLE,40.433212,-79.884816,0
352e2ca5-b81a-447f-bbe2-0daa75ce57c1,9131,FRANKSTOWN AVE + JULIUS ST,40.459618,-79.911476,0
353c7484-b8e1-4e01-bbc6-52af88c7c69d,2668,NEVILLE RAMP + CENTRE,40.452725,-79.949753,0
354e88c0-5c60-43a1-9009-cd16f227c859,20716,CYPRESS ST + OAK ST,40.394234035,-79.887825319,0
3556fcc5-7771-4c18-bcbc-f471354025d5,1342,BEAVER RD + #305,40.567784,-80.211586,0
3565e237-5690-4f40-8686-8cdf9730e456,14689,SALTSBURG RD + FORD AVE,40.476689,-79.782775,0
356d5995-86fd-4ccd-9a55-5495f92f0ffb,12815,FREEPORT RD + 3RD,40.576934,-79.778255,0
3571ba7b-9c6c-47eb-ba2e-e1bc0c3f3de2,22875,MONROEVILLE BLVD AT OXFORD DR,40.430599,-79.78574,0
35786eab-81c5-4e2a-9320-0476f610713d,15733,NORTH VERSAILLES PARK AND RIDE,40.388225,-79.823308,0
3583bf0c-ceff-48d5-ac7a-45323dfc6797,127,CORPORATE DR + #5700,40.563606,-80.022751,0
35898fa0-4492-44f0-a2e5-d490f96af1a4,6662,GRANDVIEW AVE + LABELLE,40.436392992,-80.015729079,0
358e8857-a56a-4f0a-b618-a6046549924b,18485,MIFFLIN RD + LEBANON FS,40.379633,-79.92543,0
35b351ae-6042-4d41-bee8-b301503578b2,13335,FREEPORT RD + ARGONNE,40.617415,-79.733948,0
35b6b1f1-6d26-4e44-9d84-86fc0b9fb208,19075,LEECHBURG RD + AUBURN,40.492859,-79.790715,0
35b8de11-a9fb-44d0-87d9-f8b2232a228b,2333,ISLAND AVE + FLEMING,40.484996,-80.073384,0
35bc84da-1d27-4edf-9f90-0b5e0e95752b,10010447,Mifflin Rd + Kennywood Blvd,40.401187841,-79.880852282,0
35c70649-6d4e-4bc6-998d-f96503639a1c,1019,CENTER AVE + CORNELL AVE,40.519643,-80.043542,0
35cce30b-caf1-411d-94ba-4259ea5ff6ba,200263,Rodi Rd + Hoover Rd,40.449371534,-79.827218959,0
35d233d1-5e80-4ff7-83be-e6edf8cce8c9,10940,RICHLAND AVE + CEMETERY,40.349729,-79.893264,0
35e1d5ce-2585-4f59-be74-43774c372151,821,PERRYSVILLE AVE + MARSHALL AVE,40.475117,-80.011597,0
35e59afe-2345-41de-802b-b8ed3ac91b79,10010432,Pioneer Ave opp Dorchester Ave,40.39425528,-80.02707309,0
35eaf546-371a-4d19-a090-9e5045a65a63,7703,ROSS AVE + CENTER,40.44196,-79.882529,0
35ec932f-a089-4a30-9e57-df692818c68a,12656,FREEPORT RD + #153,40.567774,-79.776218,0
35edf7b0-1d8b-40b8-a074-95f43f1daa6e,9120,FRANKSTOWN AVE + WASHINGTON BLVD,40.458667,-79.907788,0
35fa9500-c5b6-4503-8fbb-d8dbe82e64cf,21331,BUTLER ST + CENTER ST,40.495299,-79.945457,0
35fdd8ae-a6d2-4f38-9162-ab5dca2c524c,7022,CHARLES ST + KNOX,40.41657,-79.990823,0
360be229-f141-4aa9-a4b3-d528ddcfd04c,1530,BRIGHTON RD + DAVIS,40.481804,-80.034213,0
36180b54-de51-445c-b7f2-cd443b84a8c9,21048,BROADWAY BLVD + QUARRY,40.396564433,-79.793751335,0
3618c4a6-b6fc-4f07-8e19-36fc3fc616f7,11009,LEBANON CHURCH RD + PGH-MCKEESPORT BLVD FS,40.355934,-79.899839,0
36238bef-b11f-453f-b3f1-144064279c20,22198,GAMMA DR + ZOLL DRIVEWAY,40.498724,-79.868205,0
36256fc9-82c6-4199-8870-f51d9c895877,20651,CORBET ST + 8TH,40.604290738,-79.753048747,0
362e5135-8cf3-4620-9493-714cc8bf87c9,10010297,Babcock Blvd opp Church Rd,40.505346029,-79.990055095,0
362e98b5-59c3-4a7d-9f2b-48a50b693734,22843,GREENTREE RD AT MCKNINNEY LN,40.425676,-80.041612,0
36645177-0dca-4bb7-bccb-c0004f0bb3a4,2568,BIGELOW PRTX STATION,40.443284753,-79.95311738,0
3664bb2c-178f-4fe7-ad06-686e2fb06e12,1173,BELLEFIELD AVE + FIFTH AVE,40.4463515,-79.951773456,0
36660d8d-3a97-4b65-98be-f3509d0a8f89,11752,GREENSPRINGS AVE + EASTMAN,40.383543,-79.878252,0
3672602c-3e6c-4c89-a239-908480a25143,8162,EAST BUSWAY + NEGLEY STATION C,40.456536,-79.932912,0
3673e31c-b0a8-4b15-a56f-262524dad493,10032,BROWNSVILLE RD + CHURCHVIEW AVE,40.385858,-79.979016,0
3679f569-e203-448b-ad6b-65e09c5a4c16,1441,OHIO RIVER BLVD + HAZELWOOD,40.512184,-80.103676,0
367cf944-2477-4bd1-b1e5-bd84cc134f4e,81,WASHINGTON JUNCTION,40.353933,-80.028173,0
3680e373-6c6d-4cb8-b8f8-937c1e474dd2,9331,JANCEY ST + GAEL WAY,40.487679,-79.924786,0
3699b987-1998-4abc-8f32-f4ac4ca13061,8860,LINCOLN AVE + LEMINGTON HOME DRVWY,40.471112,-79.892066,0
369a2515-0ef5-4c06-b3bb-0682d9cd2d94,14449,VERONA RD + QUINCY,40.493472,-79.836379,0
36a92141-c2d6-47ef-9dca-4918f18611c1,1613,BRIGHTON RD + DAVIS,40.481541,-80.033551,0
36a9dc0f-0abd-4c58-a112-3ed225e7532a,3904,CAROTHERS AVE + FINLEY FS,40.396567,-80.088052,0
36abc91c-df6c-4854-b4ee-fcf34e432c4f,22837,PERRY HWY AT LOMBARDY DR,40.545102,-80.035874,0
36b0f7a3-4d36-4dd3-83c8-c8878f34fa9a,18873,GARDENVILLE RD + BLOSSOM,40.342678,-80.005553,0
36b30330-1af4-4845-b323-63bd40e5ec57,625,NORTH AVE + BOYLE,40.455564,-80.005715,0
36cf5da0-ebbc-4a5a-8ecf-09c9a81e6ef2,10144,HWY RT 51 + PRIMANTI BROTHERS,40.323893,-79.943333,0
36d34f81-81d3-44bf-8719-27a67f446735,22840,PERRY HWY AT PERRYMONT RD,40.556154,-80.038995,0
3707e7b5-e36c-4bcb-a77b-d227a8eda86d,2430,GRANT AVE + HERMAN,40.508453,-79.95202,0
37095c93-bbe7-4038-a4b4-6b867eb52e97,14324,VERONA RD + ELLIOTT,40.49901,-79.837516,0
370ada87-07c0-445c-9348-a0d2c04803fc,21411,CENTER AVE + PARK AVE,40.511325,-80.027534,0
3712a984-756e-4f0c-ad2e-d3afb0119d64,1438,OHIO RIVER BLVD + ORCHARD,40.51058,-80.097923,0
37215d5a-01fb-47aa-864b-c53c22e48580,18677,HWY RT 51 + HILLVIEW,40.381293,-79.995505,0
37253c76-db87-4864-b2cc-a557fc023894,8375,HOMEWOOD AVE + PENN,40.449025,-79.901395,0
372946fe-1c64-4e8b-a6bf-7e1c7d7eb855,21470,BEACON ST + WIGHTMAN ST,40.434177,-79.927078,0
373172b7-29fc-4d43-b764-e8d8251d6cbb,10958,BROWNS HILL RD + IMOGENE RD,40.415666,-79.92516,0
3737eda0-c9bf-4f1f-9108-7a0bcdbca1e3,1379,OHIO RIVER BLVD + MAPLE,40.510479,-80.09806,0
373f6835-2ddb-4f29-85cd-e14f5bad1046,99965,HIGHLAND,40.348372,-80.03979,0
374f8c54-d156-4733-9416-d4c5e907b5d4,3824,PARK MANOR BLVD + ROBINSON LN,40.45278,-80.164821,0
375a7fe3-092f-47a2-bfee-e1e928514685,4853,E CARSON ST + 18TH ST,40.428719,-79.980704,0
3761e2ae-9c7d-477b-bc48-69c6765633dd,2690,LIBERTY AVE + CANOE,40.463092,-79.955382,0
3763e5cd-f9ec-4dac-948c-130396fc1a13,20206,ROBERTS ST + WEBSTER,40.44453,-79.984996,0
377364a7-ca9f-4d2e-abaa-0ec9e8b802de,17431,JEFFERSON DR + SENIOR HIGHRISE,40.480035,-80.076368,0
377b5189-06cb-4056-88c3-dc67af82fd46,12673,PITTSBURGH ST + PORTER,40.541262,-79.78847,0
3784ed81-3835-40cc-aac6-0adf8274dcdb,9558,PROSPECT RD + GIESE,40.363623,-79.975046,0
37881c7f-34df-4935-b2f3-3e702eb28abf,8531,SHADY AVE + FORBES,40.438194632,-79.919458607,0
3796f95c-b6e4-4e38-ae86-7e198bb0aa46,15453,NEGLEY AVE + WALNUT,40.452143,-79.931078,0
37aee431-4ed5-4d40-99c9-3631ef90c875,8135,JAMES ST + OHIO,40.418992148,-79.811270816,0
37c462e9-6082-4b1b-a96a-3c4ca9ff69c2,4561,MCFARLAND RD + HELEN,40.396477,-80.046143,0
37caed5d-423d-4020-9eac-73df53c26312,6832,PROVOST RD + SHADOW FS,40.370783,-79.994547,0
37cdaceb-8d72-42d4-be01-56d622db6758,18967,S WHITFIELD ST + BAUM,40.460645065,-79.926505419,0
37e71082-8e7c-4b74-ac69-e0477f61e792,851,CENTER AVE + PARK,40.511549,-80.027499,0
37eb4f9c-5cb7-4aa7-a6e2-92391b25d439,17284,MILLVALE AVE.+MITRE WAY,40.459597,-79.946247,0
37f51245-ac5e-4fee-9ed1-9ac37c5cf749,14861,HOWLEY ST + SHUR SAVE DRVWY (GANGWISH),40.464384,-79.95227,0
37fe7aee-3e34-4456-9f48-b9b0fbc8ad75,6414,BOWER HILL RD + COCHRAN RD FS,40.38489,-80.053923,0
380e076f-47bf-4c9f-aa7c-a2d95eac8dd7,7399,BRADDOCK AVE + 9TH,40.400063,-79.864251,0
380e7124-3f32-4ea4-9ed8-edd99f6c48b6,18934,HAMILTON AVE + FIFTH FS,40.457033,-79.908283,0
3829966e-a4f3-4961-a82c-2b80053df9a7,10010325,Rodi Rd opp Stoneledge Dr,40.456122549,-79.823039037,0
382e12e3-98d1-478a-a21a-1ae36639f5d6,2808,ESSEN ST + SUNSET,40.473239,-80.000709,0
383d964c-493e-4bb9-8be7-216872c68b59,1819,CHARLES ST + HAZELTON,40.471233,-80.00731,0
3845d0f1-7256-42ee-94a0-7830d903a8a0,11703,HOMEVILLE RD + CASTLE #1,40.376823,-79.875446,0
384792b6-7c4f-4766-a0ac-1cd773c72370,11015,LEBANON CHURCH RD + POLK,40.354259,-79.912274,0
384cd739-37b9-4a96-a2c9-f3d5d241bd65,21938,BUTLER ST + BAKER ST FS,40.48802,-79.920619,0
38b0a37f-8661-4ea6-9d81-87dbe40c91ac,7780,ELECTRIC AVE + OLYMPIA HALL,40.402808,-79.837315,0
38b5dcdf-fcad-4391-b6ca-33c5b70ec1e3,22882,MONROEVILLE BLVD AT NORTHERN PIKE,40.436462,-79.780141,0
38ba92c4-813d-490b-8610-977a0d4ea063,22830,PERRY HWY OPP CUMBERLAND RD,40.572099,-80.037022,0
38c39df5-eb5e-448c-9b2d-399b9fddf843,12603,FREEPORT RD + BLAW,40.492792,-79.863087,0
38d758ec-a092-4f33-ae94-3ff9ff957c40,10010365,McCandless Ave + Butler St,40.481472856,-79.95316294,0
38dc885d-f48b-4ac8-adb4-d18261808666,3906,WASHINGTON AVE + MARSHALL,40.399678,-80.082669,0
38e9e82a-e91a-4eb5-8ef8-e61209807d46,14979,BUTLER ST + 46TH,40.472671,-79.958847,0
38ef42b7-6c49-48ac-8aa1-1d918786e8c3,1419,CALIFORNIA AVE + MARSHALL AVE,40.462064,-80.030585,0
38f0ac9f-48cc-4a60-ac6b-28efefefd969,8095,MAPLE ST + CHARLES,40.40787,-79.820376,0
38f55248-f4e0-49f2-b920-1836abdfe4fd,22395,SEAVEY RD + ELBE DR FS,40.491343,-79.969569,0
38f55a66-d69b-4161-bae1-afa827c8f616,8014,WIGHTMAN ST + PHILLIPS FS,40.431402,-79.92745,0
38fa211b-98c7-41bc-97b7-33cf28457113,2812,SOUTH SIDE AVE + LAPPE,40.470195,-79.996568,0
390a4443-1be1-4e45-967c-4d408e67c353,3596,SILVER LANE + DIANA,40.459423,-80.138807,0
3912668e-d0c7-4f88-a361-d31841479034,21046,MONROEVILLE MALL + WEST COURT ENTRANCE,40.42873,-79.796955,0
391532b5-8f6d-4e1e-956a-ea89c4f34f6f,10010466,University Blvd + Broadhead Rd FS,40.517349355,-80.220468799,0
392fb73c-9145-4e5d-9a59-73a593ebeebb,10010208,Broadway St opp Miami St,40.381884554,-79.811828211,0
393e7505-276a-434b-a947-b47db9173a15,19803,CENTER RD + RUTH DR,40.453767,-79.760565,0
395bda1b-a073-47e3-9a0d-f54f9fb31547,12567,6TH ST + BALDRIDGE,40.40573,-79.863463,0
395d58e8-da18-4b9f-99f9-897a5653c71e,1911,MARSHALL AVE + NEW HAMPSHIRE,40.464644,-80.027586,0
395dfee5-498f-4a5a-8775-723f2a370475,19648,VIRGINIA AVE + BIGHAM,40.431987,-80.015247,0
3970f2d4-3db5-4098-932d-de7f7b476f98,21991,PENN AVE + FAIRMOUNT ST,40.464121,-79.932645,0
3979869d-e8fb-4215-8f87-e8aeb9511485,18432,HWY RT 51 + COAL VALLEY FS,40.312438,-79.938461,0
397ad83d-acdc-4a12-9afd-f764c6b2fd02,11127,LONG RUN RD + SUNSET,40.334998,-79.811413,0
39a651da-5aa1-41a6-a0a6-34dd349c6bbc,5284,WASHINGTON AVE + DOLLAR GENERAL,40.398192,-80.083208,0
39ac41ea-e798-4b2f-8e66-313b1140eb8b,959,CHARLES ST + SHELTON,40.470547,-80.011154,0
39b60ca2-b167-4f2b-88b0-d300e9485b6b,3272,HIGHLAND AVE + EAST LIBERTY BLVD,40.465716,-79.922805,0
39b89d16-4c29-4dda-961d-b84d876bd2f3,17521,EVANS AVE + MCKEESPORT HOSPITAL MAIN ENTRANCE,40.351476,-79.850446,0
39bae5c2-5980-4746-b3b5-7c4a1d72a4ab,9218,COLUMBO ST + #5149,40.469869,-79.94015,0
39c15a77-dad9-4960-95e5-7baffe1c6bc5,14790,SALTSBURG RD + CHANTICLEER DR,40.475468,-79.793738,0
39cae3c2-8202-4c35-9179-5d879f39af9c,14417,BAUM BLVD + CYPRESS ST,40.455864,-79.942077,0
39cf554c-ad12-42e1-84dc-8a12b4e808aa,215,SANDUSKY ST + STOCKTON AVE,40.450321,-80.002776,0
39cf76ca-cb4d-4a65-aba9-ff435a05d676,11049,MAIN ST + CAMBRIA,40.381678,-79.906013,0
39d053d1-7c5d-4b20-8d11-5336951d68b4,7724,LAKETON RD + COLLINS,40.453389,-79.859048,0
39d4efe7-a140-4769-a991-c7cf93d420a4,21542,SPENCER AVE + STEINER ST,40.389273,-79.976197,0
39e30668-5b00-4023-b95b-159428f5a7ea,1395,CALIFORNIA AVE + MARSHALL AVE,40.462166,-80.031004,0
39e4ea9e-5049-400c-8b20-5aacb937d1eb,100130,Perry Hwy + Manor Rd NS,40.629508051,-80.056863117,0
39e8fa64-5070-4e97-8f0b-79f87f21e26d,7335,SAVANNAH AVE + BIDDLE,40.437467,-79.894371,0
39f0813c-974f-4d68-bb26-10708054f0f6,11048,MAIN ST + GRACE,40.383192,-79.904454,0
39fbec37-1ec3-44f8-beff-f8430528b974,7700,PENN AVE + WEST,40.445282,-79.889755,0
3a038561-63a1-4cf2-a0f1-e4ebfb65fc23,4562,BANKSVILLE RD + MCMONAGLE,40.399654,-80.044207,0
3a09a21d-c950-4f47-b9c5-2eae0bd46458,7167,WOODSTOCK AVE + WILKINS,40.413345,-79.871225,0
3a09a497-c303-40ea-989a-c6641fd4e79a,89,BOGGS STATION,40.416499,-80.010334,0
3a1282d5-7aca-45c8-80f6-2f05f2303a76,7814,ARDMORE BLVD + FAIRFAX,40.422174,-79.854668,0
3a16c79b-4b59-4458-af29-a33735c56067,9554,PROSPECT RD + STILLEY FS,40.359533,-79.980438,0
3a238907-5fba-4e75-a071-7f2c5e6717f0,9352,GREENWOOD ST + JANCEY,40.485885,-79.926432,0
3a238f53-66d7-43ff-a9c7-5065303db951,7651,BEELER ST + BEELERMONT,40.44551,-79.933291,0
3a3b7a25-0705-48c4-83bf-17e06c44413d,7847,BROADWAY BLVD + MAWCO,40.398314,-79.788884,0
3a3bede1-2793-4e41-bc97-38fd554e6d48,5111,STEUBENVILLE PIKE + #6181,40.444982,-80.149974,0
3a45ebe7-6a1b-4c1a-858e-637f7c30fa24,1068,LAURELWOOD DR + FENWICK,40.552144,-80.00226,0
3a46f324-c360-4e1f-90fd-689b0be3bb53,W06300,DUQUESNE INCLINE AT UPPER STATION,40.438309788,-80.01884948,0
3a4a5314-1c3f-4823-a180-df1807b59981,20089,ROBINSON BLVD + EAST GATE ENTRANCE FS,40.459227,-79.866044,0
3a527b34-fafb-4649-9863-1658c18b981b,9155,FRANKSTOWN RD + ROBINSON BLVD NS,40.460865,-79.867165,0
3a677829-444f-4d6a-b5c2-4aa259d53839,6900,WEYMAN RD + VILLAGE LANE,40.359857,-80.000839,0
3a7607fd-d314-4385-bea9-04c98e33a5a5,9851,ST CLAIR AVE + 3RD,40.292206,-79.881993,0
3a765572-edd2-415f-be79-f099784fad01,14691,SALTSBURG RD + CRESTVIEW DR,40.476033,-79.778596,0
3a7efd74-137d-40f5-b5c5-1e03990e92da,6674,VIRGINIA AVE + KEARSARGE,40.431144,-80.010727,0
3a84379a-636f-4795-9eb1-d36c7b0e4054,19057,FRANKSTOWN RD + WILSON NS,40.466912,-79.837048,0
3a8465c9-00b5-4063-8fa2-32c52415e629,3504,FOREST GROVE RD + MIDWAY,40.477876,-80.102765,0
3a88e097-8eb3-406d-96c6-e7ca94291bcb,1090,REMINGTON DR + HAZLETT,40.560087,-80.011021,0
3a92e522-76a0-499c-8fc6-e7a0448ed685,1349,BEAVER RD + LITTLE SEWICKLEY,40.558785,-80.200394,0
3a96af14-6252-4431-a64b-4f8195d9ea66,12346,REGIS AVE EXT + CIRCUIT CITY,40.339769,-79.953036,0
3ab22594-e0d3-4750-a5a9-13f94534208e,7825,PENN AVE + THOMPSON ST,40.405260863,-79.827335814,0
3ab4ee19-36a8-46ff-96f6-230dac155f34,200208,Forsythe Rd + Woodridge Dr,40.404272286,-80.070754175,0
3ab53d50-ca86-4d34-94f3-c61e1e23d2af,6092,PIONEER AVE + NORTHCREST,40.409412,-80.013843,0
3ac0c2c6-24bc-4b2b-90ac-542d1e5ef6bf,15874,WATERFRONT DRIVE + RECREATION CENTER,40.413917,-79.904917,0
3ac26f5c-05a1-4ce6-a687-3803cfd7cd42,8312,FIFTH AVE + HIGHLAND,40.452049,-79.923842,0
3ac36075-f0f8-48f0-aa70-7d6d6bd0a6e6,17369,MCKEE RD + CCAC WEST,40.43715,-80.191487,0
3ac65e5f-7860-44d9-817f-ef3cf5fe8a10,18398,SECOND AVE + PGH TECH CTR (MIDDLE ACCESS ROAD),40.432781,-79.962126,0
3ac8d628-3de6-44da-a07d-9179d2c8c11b,21107,WM PENN HWY + KIA DEALERSHIP,40.433632104,-79.797375661,0
3ad02064-65ec-4196-8601-92cf2de8ffd0,3676,BROADWAY ST + 15TH,40.47533,-80.081848,0
3ae74e8c-8271-48e2-9566-0d414eab3e88,3367,BUTLER ST + HIGH,40.497897,-79.943953,0
3af80431-314b-4a41-848f-7e60ba5f86f8,10010486,Rodi Rd + Integrity Dr,40.459088359,-79.823346519,0
3af9057a-3704-46a2-ad97-8c695ce193d0,5430,NOBLESTOWN RD + CRAFTON,40.437486,-80.053761,0
3b28c3d6-caeb-4310-9a47-cd49f268c1c8,98,MEMORIAL HALL,40.366611,-80.016186,0
3b2bcfa7-26f2-46e8-86ce-1a696d5de2a1,16651,CLEVER RD + MONTOUR HIGH SCHOOL,40.468488,-80.12399,0
3b59a5ff-5cba-4860-b48d-e5cbe13fd6bd,16556,ALLEGHENY AVE + PENNSYLVANIA,40.522058,-79.84264,0
3b5d0cae-a973-4e22-a439-9d1d7b3a8426,10010394,Herron Ave opp Dobson St,40.458295236,-79.964132392,0
3b5de7d3-515e-481c-b162-6f368fa8299d,8207,NEGLEY AVE + FRIENDSHIP AVE,40.46056,-79.932404,0
3b6de5bb-35a2-4c3e-97a7-eb5d9e46510a,16020,OAK HILL + BENTLY,40.440214,-79.969859,0
3b79413d-facf-42ef-ac9a-178ae4d20359,2261,STANWIX ST + FOURTH AVE (PPG PLACE),40.440308,-80.004441,0
3b7e2817-3bda-4398-b31a-69489f96682d,100116,Mile Lock Ln + 9th Ave,40.610911913,-79.735881318,0
3b878d04-a8c3-499a-b7a7-70e4b5f72495,14762,SALTSBURG RD + ASTER ST NS,40.483902,-79.814333,0
3baccff4-dc53-4890-97b7-d8019aece47e,8065,OXFORD DR. + PRIMARY CARE CENTER,40.431416,-79.788117,0
3bbea763-7d3d-42ac-9ee9-0ce91c844e64,9224,BLACK ST + AIKEN,40.470642,-79.932941,0
3bc85a2a-5adc-49e2-acd3-39f6de88ed00,22632,WASHINGTON AVE OPP DOLLAR TREE,40.398017,-80.083568,0
3bc8d807-0bf9-4f75-941b-e803c61e2f51,15263,FREEPORT RD + #1050,40.487257,-79.884597,0
3bcb316e-4644-4ea2-aad3-36ad4c3489d1,8838,CHASKE ST + CROSS,40.475781,-79.86924,0
3bdbb0ce-65d4-4d3f-a84e-b45988537953,10010263,Jenny Lind St + Packer St,40.338818939,-79.847260648,0
3bde8b3f-f706-4c34-8040-d4ed339033dc,19754,CORNELL AVE + WILLIAM ST,40.513548,-80.045461,0
3be59c32-9556-4248-a9bf-41e825fe1139,99951,MUNROE,40.322921,-80.029796,0
3be92c3d-921f-4ac3-872e-478ca1deda05,7416,BRINTON RD + TURNER,40.407757753,-79.849071445,0
3be95189-51de-4996-8703-688dd7d889a6,19204,CHARTIERS AVE + LITCHFIELD (STEPS),40.452625,-80.054243,0
3bec9b53-9719-479d-a188-1ba42e739e31,21905,FRIENDSHIP AVE + WINEBIDDLE ST,40.462311,-79.943332,0
3bf58409-8854-4a1b-bdef-45e4826dad34,19456,SCHENLEY AVE + FERN,40.472249,-79.937594,0
3bf7b0f1-3ee3-43d2-8f4a-4442b5fab095,100119,Tabor St + Stanhope St,40.461535784,-80.055589057,0
3bf99cfb-221f-45fe-80fb-f5680cc2fb0e,8222,BRYANT ST + ST CLAIR,40.476112,-79.920899,0
3bfdc86f-14c1-4b35-aefa-69b514747cb6,3190,FREEPORT RD + BLAW,40.492969,-79.862948,0
3c02a058-0319-4754-8c09-9323cb436618,8325,HAMILTON AVE + DALLAS,40.456269,-79.9049,0
3c07d1c1-0a82-4950-9187-a54fa5459383,6,BRIGHTON RD + WESTERN AVE,40.45258337,-80.014188686,0
3c0fe1be-5158-454f-8c5b-4afba6844633,11017,LEBANON CHURCH RD + RODEO DR,40.353198193,-79.917103812,0
3c2e4265-808a-4077-9bc3-cc56d67aa1f0,14682,MAIN ST + THOMPSON,40.468484,-79.791108,0
3c30cc4a-7b40-4a7e-a54e-3480bcb99be5,11771,MELLON ST + MAINE,40.364821,-79.859149,0
3c31985b-f467-4a72-998e-5d86432f0661,5795,GREENTREE RD + LINDSAY,40.386087,-80.084647,0
3c34f001-04b9-4589-885f-f1ef1ad4b599,18280,MERCHANT ST + 3RD FS,40.581977,-80.223977,0
3c44b1fd-4a27-4b57-8ecd-59065aec1088,9425,RADFORD RD + WILLOCK (OPP 7-11),40.363839,-79.967986,0
3c4a409e-4a25-4a46-9e7e-0fda9ac1e346,1416,CHATEAU ST + PENNSYLVANIA,40.453522,-80.028151,0
3c517032-b532-4bc4-b924-b43909f3bf6b,9702,HWY RT 51 + MARYLEA,40.370518,-79.982295,0
3c53d9b6-6185-4bf2-964c-834a3138d336,7347,BRINTON RD + #1246,40.422958,-79.866768,0
3c69bf7d-14ee-4bf2-87ab-597a10e5d08d,21444,CALIFORNIA AVE + #3228,40.473871,-80.038507,0
3c709690-6acb-4131-a480-d5d143341343,20568,PORT PERRY RD + E PITTSBURGH-MCKEESPORT BLVD FS,40.383719,-79.828486,0
3c748978-be27-4782-a9a3-92e79be58078,21452,SKYLINE DR + BALDWIN HEALTH CENTER,40.366636,-79.962492,0
3c7f6dd9-9d38-44cf-8523-3761f990b59f,100041,Perry Hwy + Highland Ave,40.522506536,-80.03443179,0
3c7faa20-c739-4f94-a36c-fc5d4bf4b2aa,7645,WILKINS AVE + MURRAY,40.44401,-79.924123,0
3c877533-7d9b-4c51-875b-9958c2d9dac5,250,MCKNIGHT RD + JOHNANNA DR FS,40.54626,-80.01698,0
3c910484-4169-4c66-a238-6fff49aa65bb,5470,NOBLESTOWN RD + NOBLE MANOR (RITE AID),40.427084,-80.055592,0
3cabee78-00b8-496b-ab8e-ad6e9b360f94,853,CEDAR AVE + SUISMON ST,40.454959,-80.002302,0
3cb0c283-13ec-46cc-b61d-a34d6e26e5df,18,BROADWAY AVE AT BELASCO,40.407213,-80.026832,0
3cb29805-e706-487d-9eed-d41f5807998a,20729,MONONGAHELA AVE + ARCH ST,40.337942,-79.889419,0
3cb3bda8-019b-4818-8e96-c37916343fb6,22686,CHARTIERS AVE AT CRAWFORD ST,40.464887,-80.070473,0
3cb4e0ab-9d4c-4d80-b3c9-2ef9e59b1bc8,8448,PAULSON AVE + NAVARRO,40.468288,-79.90284,0
3cba871f-4bc1-47db-9a54-3c113a86fbd4,18994,RANKIN BLVD + KENMAWR,40.410381,-79.877991,0
3ccae6db-bcf7-4e51-a41e-86e3a2607760,8301,HAMILTON AVE + STERRETT,40.454129,-79.895127,0
3ccdf203-1d9a-4f89-a1f2-66a89131311f,12769,MAIN ST + 13TH ST,40.4943,-79.929416,0
3cd3bc0e-30ef-4a02-afde-981bc1c7252d,20406,HOFFMAN BLVD + KENNYWOOD BLVD,40.384712,-79.86288,0
3cf19d2a-ea54-4306-bfc3-398d03138c6e,1106,AMITY DR + BLAZE,40.544907,-79.993431,0
3d018bd2-dff6-4c47-8172-a762fd07130a,2420,BUTLER ST + ISABELLA,40.494272,-79.946634,0
3d082561-e41e-4e43-8986-ebfb31f6df5b,13496,BOYCE CAMPUS EAST PKG LOT + STEPS,40.453202,-79.751368,0
3d2b64aa-4714-4377-bfdf-b40866a087f1,8913,OAKWOOD ST + BENNETT,40.453925,-79.885575,0
3d2f01b0-5ba2-4632-b924-a17fe51df078,12663,FREEPORT RD + RIDDLE RUN,40.545899,-79.770572,0
3d30b3d5-552b-4402-be37-fbfcf4cd89d1,21634,LOWES DR+FOX PLAN RD,40.437984,-79.761582,0
3d4b2a5a-8408-4432-a605-8628d79d3ee1,12237,WINTERBURN AVE + CONNOR,40.42057,-79.939877,0
3d4b3611-66ec-4635-b7aa-17348441daf9,8176,BRYANT ST + NEGLEY,40.477221,-79.923578,0
3d7a3344-c519-40ab-b669-5e42de893303,8676,CENTRE AVE + PROTECTORY PL,40.441542,-79.984913,0
3d85e1c8-ec0a-4ccb-8984-9746cbca7fac,19674,CEDAR BLVD + OLD CEDAR,40.371657,-80.059237,0
3d888fb0-e24f-4bb8-aa72-6897164e49a5,14865,FRIENDSHIP AVE + PEARL ST,40.463627,-79.949135,0
3d8f3eab-dab3-4ff5-abd9-13c90e3b4ccb,6693,BOGGS AVE + WYOMING,40.426808,-80.006381,0
3d93aa6a-3680-4c59-924b-16217a3b6a11,17269,GREENFIELD AVE+ 322,40.425356,-79.948151,0
3d9b5eff-6f7a-4e32-8485-f89e413e8e1a,13794,FRANKSTOWN RD + CURTIS ST,40.462707,-79.850078,0
3db75928-bf05-4161-a838-8366adf9d8c3,7253,MILLER ST + HARRIETT,40.415509,-79.883181,0
3dba30fc-99c4-4b1c-a231-dccf3d4378d3,7292,6TH ST + BRADDOCK AVE,40.403337,-79.868556,0
3dc69c1c-a0c8-40ea-9fed-49862181bfb6,9432,PROSPECT RD AT STILLEY RD,40.359545,-79.980531,0
3dceb579-621b-4117-ad03-d0e5a97aef03,21097,FORWARD AVE + BEECHWOOD,40.427926,-79.916292,0
3dd36956-fd31-4363-abb7-09b58e039dcb,8113,BRINTON RD + MCKELVEY,40.425455,-79.869246,0
3ddb6e7e-2337-4a30-8cda-473b90e40875,21618,WORTON BLVD + HOMESTEAD-DUQUESNE,40.364456,-79.869766,0
3ddb9110-91b9-41e3-81e8-a651ff4c513a,7431,ARDMORE BLVD + 2 PARKWAY CENTER EAST,40.421244,-79.852283,0
3ddf1dab-adc7-491c-bd8f-eebb4d92cb95,20027,MILLTOWN RD + COMMUNITY MARKET DRVWY,40.498496,-79.790011,0
3de668d9-f38b-4313-858b-2df13ed685c6,21644,VERONA ST + MAPLEVIEW DR,40.40045,-79.86298,0
3de8e88e-1d1f-4c91-99f1-b73c0e69fe63,19802,CENTER RD + MCKENZIE DR,40.457292,-79.758334,0
3df082c4-f901-4026-b90a-204fff996655,8209,NEGLEY AVE + PENN AVE,40.463207,-79.930756,0
3df5e983-0f4a-4925-8460-d277253173d4,19008,NEVILLE RAMP + CENTRE FS,40.452738,-79.949668,0
3e004fb9-de6b-4e6f-8459-e4e88e64f516,19007,KELLY ST + TRENTON FS,40.441283,-79.89269,0
3e2128be-5be8-4d48-812b-a0bcc856d104,10010347,HARMAR PNR - STOP 2,40.54069471,-79.834019002,0
3e2c46ed-a0f4-4b12-b7ba-6eb548a036d4,11169,LINCOLN HWY + DENNING,40.371396,-79.789174,0
3e434328-4e9d-4536-9dab-18ea3b48307c,11615,MOUNTAIN ST + FISHER,40.411581,-79.977276,0
3e437c07-0c20-4ced-befb-2331a5702a27,10010351,Wallace Rd + Northway Christian,40.633112765,-80.060403421,0
3e43dfe1-884d-4516-b004-abcbb2490efe,1850,CALIFORNIA AVE + MARMADUKE ST,40.483389,-80.04106,0
3e4800b0-07b0-4858-a04c-3a1e4505177e,1731,PENNSYLVANIA AVE + CHATEAU,40.453747,-80.028143,0
3e4d9156-3019-4ac8-9d6f-401e7fe8f463,20577,JEFFERSON HOSPITAL,40.317834,-79.933164,0
3e50e0cf-092b-4fe5-ae7d-2b1b274dbad8,3767,STEUBEN ST + DUNCAN,40.439504,-80.076178,0
3e5a73f5-6d0f-4102-a5a2-0e3d8f183610,9990,BROWNSVILLE RD + E MEYERS AVE,40.399731,-79.989003,0
3e5aeb07-9fac-4928-b876-ebd53d5c74a6,1067,CHARTERWOOD DR + LAURELWOOD,40.552469,-80.001219,0
3e68d8ef-39ed-4128-aa14-cc127b26e80d,22306,BOGGS AVE + MINSINGER ST,40.418525,-80.012126,0
3e774991-3ea0-4fac-8d31-5feb61a1bbc9,7236,BRADDOCK AVE + BIDDLE,40.437008,-79.896544,0
3e84b45e-aed8-485e-98e0-8baf3d9fb616,1076,REMINGTON DR + BINGAY,40.559393,-80.009758,0
3e962280-67e7-47fe-b55b-d17d8b64437b,22845,GREENTREE RD AT JUNIUS ST,40.431622,-80.038879,0
3ea066bc-b1c0-440d-815f-c8d9ed8aec63,21911,FRIENDSHIP AVE + FAIRMOUNT ST,40.461308,-79.934272,0
3ea70513-85d4-4db9-90e1-7e8cdf58ea8c,8505,GREENFIELD AVE + HAZELWOOD,40.419868,-79.929271,0
3ea8be70-54fd-47cd-969a-9f751a54de93,7765,MIDDLE ST + MAPLE,40.396722735,-79.810043346,0
3eabf89d-e0f6-4da3-a1c9-f0c7ce968f38,1099,LAURELWOOD DR + CHARTERWOOD,40.552424,-80.001431,0
3eac665d-aaaf-491a-bf4e-aeb420a3c034,11042,MAIN ST + W OLIVER FS,40.389844,-79.900966,0
3eb04020-c461-492a-8a6c-58a20d9cadb1,6858,FAIRHAVEN RD + WEYMAN,40.375969,-79.994045,0
3eb1bf2f-c46c-44f6-bbeb-8dd9e0530e87,6732,KATHLEEN ST + ESTELLA,40.425654,-80.001036,0
3eb21c35-2a8f-4836-a7c4-2881f546f57f,18856,BLOSSOM DR + NORMA,40.343912,-80.001958,0
3ec4f4d5-9e46-4c73-bccd-799940d7f6ad,20454,BEDFORD AVE + MORGAN ST,40.452058,-79.96943,0
3ee6dfa7-3bf7-4f7c-bed0-362766b486c8,6839,SOUTH BUSWAY + INGLEWOOD SHELTER,40.38761,-79.997069,0
3ee95a5d-fbe8-4d3c-9993-bd6ab3dca210,20029,UNIVERSAL RD + POPLAR RIDGE DR,40.463604,-79.816689,0
3eeceba9-01e2-48fe-a724-2cce0ca9880d,18312,SOUTH COMMONS + FEDERAL FS,40.450461,-80.003891,0
3ef6d355-847b-4891-bb7f-83cc23e121b5,1288,CENTER AVE + HARVARD AVE,40.515067,-80.044763,0
3efdfe63-080b-40cb-9874-d77de3709e24,10256,WALNUT ST + 35TH,40.328467,-79.840827,0
3eff28ea-d39c-4e1f-9e21-40f31a5a7f6a,1430,OHIO RIVER BLVD + BIRMINGHAM AVE BRIDGE,40.499159,-80.07141,0
3f05ff4a-f5d3-4805-8727-fcf2c38bf467,10374,WALNUT ST + CP INDUSTRIES,40.335656,-79.851621,0
3f0c1efe-e097-4c92-84fb-f0250ca74a82,4867,ARLINGTON AVE + COLOGNE,40.417542,-79.969513,0
3f0d85dd-0206-47b8-b19d-0920de6f8b66,9283,STANTON AVE + CHISLETT ST,40.473278,-79.930902,0
3f119e97-afb8-459d-bd6e-8069e547f261,16500,MON0NGAHELA + #2129,40.417361,-79.887544,0
3f18a22f-3465-43e9-96b2-80e0a6e6bbc1,8798,LINCOLN AVE + RENFREW,40.462145,-79.906402,0
3f1fd45e-078c-445e-b44b-2f6b482771f6,23099,DIAMOND ST opp BOYD ST,40.43875005,-79.993151486,0
3f24d775-1ed0-4ab9-9ec5-46663bc2b9fe,1602,BRIGHTON RD + HIGHWOOD,40.468433,-80.025165,0
3f3220bc-5f01-4c86-8a84-7eff13691b23,22769,ALCOMA BLVD + #225,40.48461,-79.800987,0
3f328547-8590-41c6-afda-11280c010e5c,12683,FREEPORT RD + WILSON,40.540666,-79.809401,0
3f33e3b4-b7f1-461f-9c47-e69827c552fa,8674,CENTRE AVE + ROBERTS,40.442293,-79.983136,0
3f3b2303-418d-411f-970c-f3c2ca0ec507,11092,S. BEATTY ST + PENN NS,40.461847031,-79.926909812,0
3f4fdfbc-e70c-4639-a060-843cf8953f89,21214,MCKNIGHT RD + PITTSBURGH REVIVAL CENTER,40.502923,-80.010794,0
3f52bb0a-4e8f-4c95-95e3-a0f8b490d30c,7225,BRADDOCK AVE + GREENDALE FS,40.428848,-79.89172,0
3f59a960-9d58-4b2b-a4ea-e0da5abe961f,4270,W PROSPECT AVE + #210,40.447581,-80.074212,0
3f5a7464-9037-402f-bb16-4aa97f25a317,9957,STATE ST + FRANCIS AVE,40.296812,-79.874746,0
3f5e4841-d8c1-4447-bc95-2b388b21337c,229,EVERGREEN RD + BAYTREE ST,40.488397,-80.010081,0
3f6098b6-75c7-4c74-b648-df393e4f15fe,9353,JANCEY ST + #1842,40.4871,-79.925194,0
3f6f41a7-e544-4f5e-9027-eeeb48a68282,17534,PROSPECT RD + BERYL FS,40.361387,-79.962217,0
3f744697-2cd3-421a-b527-5b32b86af6d8,86,WEST LIBRARY,40.294131,-80.029852,0
3f89b141-a743-45f9-81e9-a23aea961b28,14612,CENTER RD + WIMBLEDON DR,40.467089,-79.757021,0
3f8a6925-0a30-434d-a5bb-edb59438543b,19786,FRANKSTOWN RD + FRANKSTOWN GARDENS,40.463546,-79.851204,0
3f98415b-8842-4513-936b-5faf5aab540b,927,CENTER AVE + RIDGEWOOD (STEPS),40.515096,-80.023044,0
3fa2e560-26e0-4bbe-8495-f7216d346c4a,20109,9TH AVE + PENN ST,40.609927,-79.74015,0
3fab3770-5ead-45c7-b5b6-9c20c613736f,8624,CENTRE AVE + MILLER,40.4418,-79.984087,0
3fafa303-738a-45b4-972a-da85f119f39c,444,BABCOCK BLVD + ROSECLIFF,40.509793,-79.991594,0
3fb72bba-f0fe-455f-bcd0-21bc9e4999e5,18401,WOODSTOCK AVE + WILKINS F S,40.413559,-79.871373,0
3fcb5edf-74c9-4151-b364-16949668f872,6745,SOUTHERN AVE + #221,40.423755,-80.01104,0
3fd9ff1d-6b17-4f35-a63e-e703308dbd6d,15634,UNIVERSITY BLVD PARK AND RIDE AT SHELTER,40.503917,-80.225737,0
3fda3964-c9cf-40df-a3ac-5898977c38e5,10010312,Mansfield Blvd + Broadway St,40.408858568,-80.086347542,0
3fdb80b4-f6fb-4646-9e8b-0afce813cec6,2756,TROY HILL RD + GOETTMAN,40.459686,-79.985831,0
3fe9d092-ee78-4040-b3d7-f090db7c4d85,7049,HAWKINS AVE + ROSE,40.406859,-79.863618,0
4004e10f-cd18-4e03-832f-71c400a5d991,8302,HAMILTON AVE + HOMEWOOD,40.454644,-79.897391,0
4012e939-10a8-457a-8db3-3e17face289e,10010416,Walmart North Fayette,40.447953245,-80.175513119,0
401a2970-5c19-4587-ba9b-c1ed3149f6e6,100000,Brenning St + Carmalt,40.388458405,-80.006475503,0
401c7433-08bf-4306-87a5-39bf99bf984e,7542,COREY AVE + MARGARETTA,40.404901,-79.867691,0
402308c6-a27e-480a-935f-af4c18404e53,3187,FREEPORT RD + HUMBOLDT,40.496346,-79.857063,0
404eafea-fac2-4d6f-92e2-6bad41740169,21536,CHURCHVIEW AVE + GLASS RUN RD FS,40.385857,-79.967832,0
404f3a00-c228-4b3b-84a7-5c5e52a3a5df,18450,IMOGENE RD + BROWNS HILL FS,40.415265,-79.924993,0
40543498-df0a-41a8-b659-8c566bb61ede,21279,LIBERTY AVE + 27TH ST,40.455463,-79.976227,0
406695bd-004e-4d61-a447-6679fb2d4de9,1154,LIBERTY AVE + EDMOND,40.461119,-79.948164,0
40878385-fa00-400c-b47c-3be328e03c60,1668,GRANT ST + WOODLAWN,40.488936,-80.052393,0
40942e39-f503-4766-8561-47ce6441851c,8054,BRINTON RD + MCKELVEY,40.42544,-79.869124,0
409b9669-2cc0-4499-b3b9-d1669f5e82e3,22790,UNIVERSITY BLVD + CARNOT RD,40.514886,-80.222202,0
409fbb1a-b911-4721-a705-64e05b5aa4b9,10380,WALNUT ST + 33RD,40.329979,-79.842189,0
40a8a80a-10e9-4968-b3ce-95e465f53174,6737,BOGGS AVE + GREENBUSH,40.426387,-80.007529,0
40b37da8-7c06-4a8b-819f-457db2b31c8f,4803,JOSEPHINE ST + #3237,40.418956,-79.964629,0
40b9f6a8-d502-4798-94ee-1c8f165b759a,1778,PENFORT ST + #338,40.476208,-80.000478,0
40d62049-f7c8-4313-a92e-aa1e1c1f722a,8329,HAMILTON AVE + STERRETT,40.454076,-79.895263,0
40dca8ab-73ca-4db6-ad99-c987c5cd28fa,16572,OAKWOOD ST + NIMICK PLACE,40.44986,-79.884232,0
40dece5c-2348-4df8-92e8-4bb8a45dc239,1539,BRIGHTON RD + WOODLAND,40.470059,-80.025708,0
40e416df-27d8-4cd9-95f7-b0b895451744,2807,ESSEN ST + PENFORT FS,40.473201,-80.002421,0
40ebc636-40d3-4695-b9c0-2005addff0d3,21953,STANTON AVE + MCCABE ST,40.481379,-79.937685,0
410ac0ec-4ae7-475e-b48a-8f9bcb266f96,3476,FAIRHAVEN RD + KENMAWR PLAZA ENT,40.475023,-80.099363,0
410e3bb2-882f-4f7f-83ca-1dc3bc42fbb5,22695,A DR AT B DR,40.342166,-79.910397,0
410fded4-3b8d-440b-bf34-21509aa111ab,2818,RHINE ST + STEINE,40.465325,-79.992226,0
4112f0a7-808c-4722-a90f-00550c4228d3,6401,WEST LIBERTY AVE + BROOKSIDE,40.410571,-80.015487,0
411a9de8-8062-4ee3-89e9-f0bb7c96c013,2452,MT ROYAL BLVD + SCOTT,40.539102,-79.97221,0
4137d299-7e37-4549-9f09-0f8964c9dd4f,203,BROWNS LN + MCKNIGHT RD,40.545837,-80.01701,0
414d3639-9e0e-40f3-9883-edcac8121842,12077,SECOND AVE + GLEN CALADH,40.408923,-79.943734,0
414e1be6-9c34-4fd8-af97-60e9e4051379,1096,ENNERDALE LN + DOUNREAY,40.551537,-80.00679,0
4151ba3e-3025-47d0-84cf-549cf9b59317,917,CONNIE DR + MULKERIN,40.498524,-80.023384,0
41523e7f-2719-42a3-a3f9-14c43d40558e,292,CORBETT DR + TOWNE TOWERS NORTH,40.546592,-80.020111,0
4184751b-5c2c-4eab-b6bc-2e85f906d09b,11974,CRAWFORD ST + PIRL,40.364036,-79.848616,0
4187649f-87d0-41d3-a049-99b39ca7707b,6611,WASHINGTON RD + ABBYVILLE,40.352315,-80.050609,0
418e5c8a-11d8-4fc8-a842-1b3d54950ffe,3347,MT ROYAL BLVD + CAMPBELL,40.526573,-79.963528,0
41946b4a-b45b-4a2a-9107-06d0f76ed6c0,4825,E CARSON ST + 2ND ST,40.430079,-79.998841,0
4196d241-83a7-45b3-9e3f-2c86b20a7a58,840,FEDERAL ST + SAMPSONIA,40.457744,-80.007458,0
419fb27b-086a-445a-9f14-a67ef39e069a,22772,AURILES ST + KENNEDY AVE,40.370436,-79.852696,0
41b0b46f-8368-4f60-a332-977becd5a673,9332,JANCEY ST + #1853,40.48695,-79.92544,0
41bd57ea-8529-410c-9d68-8aca66cd508e,2292,COAROPOLIS RD + HERBST RD,40.501031,-80.114745,0
41d19f3f-2385-44c1-8a87-0fd901d54f28,12116,JOHNSTON AVE + #666,40.405465,-79.933832,0
41d67e40-ecc0-4775-a787-4190cf156ecc,20041,UNIVERSAL RD + HERSHEY RD,40.469302,-79.79562,0
41e61a94-e425-4f7b-af83-a4ff1f982b8c,10010509,Knopfer St + Evergreen Rd,40.485381986,-79.972319965,0
41ed0b02-10c5-4d33-8717-6f5249d8fc04,1936,CALIFORNIA AVE + BOSTON ST,40.469414,-80.035805,0
41fc62ab-9a8f-45a5-9919-e9df45e92037,1385,OHIO RIVER BLVD + HARRISON,40.500448,-80.073567,0
42026322-c42c-4ecc-be61-fafee5614b83,2778,MT TROY RD + RIDGELAWN CEMETERY ENT,40.482084,-79.989472,0
421acfe1-cc8d-41ae-a6a1-6eb5cb5bed1c,7055,WOODSTOCK AVE + #2695,40.414302,-79.872644,0
4235227c-715c-42f8-a015-ef424d9cc011,12233,WINTERBURN AVE + GREENFIELD,40.426299,-79.939836,0
4238dd6d-fdc9-4e1c-8acb-70497ab6a075,9962,ST CLAIR AVE + 3RD,40.292206,-79.881744,0
423b08f3-0935-44cc-a5f8-d56507ca322b,21284,LIBERTY AVE + 17TH ST,40.449248,-79.985329,0
42412252-9bcf-4288-99ee-f4d67be9f751,5413,NOBLESTOWN RD + MANSFIELD FS,40.417135,-80.066124,0
42567fd8-fd98-49bf-bb35-22370d3d1193,20628,LEWIS RUN RD + HWY 51 NS,40.321596,-79.941675,0
4265df2e-0fbc-45ac-b30f-65bb4651763d,18819,FOX CHAPEL RD + DELAFIELD NS,40.498587154,-79.883285812,0
42668b7e-9c0b-47a1-8aae-b65cffcfe6ee,7061,WOODSTOCK AVE + ORMOND,40.418099,-79.882518,0
426fb26f-4595-4455-a636-0b8903b62b49,22121,BUTLER ST + #6130,40.487981,-79.938272,0
427581ec-7149-41ed-89f7-48c266d25df4,101,WILLOW STATION,40.365186,-80.026632,0
428b1fa0-2af7-4972-91f2-d7a9325d2d3c,10375,WALNUT ST + 25TH,40.33455,-79.849625,0
42957b1b-9de0-4cf5-85b3-2dd500c9a2e7,10010458,Haymaker Rd + Old Wm Penn Hwy FS,40.444742835,-79.758835036,0
4297543d-f40a-4357-b74c-42d61951667d,12242,HAZELWOOD AVE + GREENFIELD AVE,40.419731,-79.929354,0
429a3cd2-4328-449d-9bc4-3983c7fc92c6,5023,STEUBENVILLE PIKE + WEST WAY SHOPPES,40.444272,-80.146082,0
42a16c05-bdc7-4d2e-8691-c47626fa2a64,7352,ARDMORE BLVD + BERKLEY,40.419799,-79.850324,0
42c933fb-4157-4b43-a2da-681f18d2dd5d,2230,ISLAND AVE + GLENN,40.488934,-80.079483,0
42ca39a2-2eb4-4039-9e0d-02bb515783b5,17265,SIDNEY ST + S 28TH,40.427134,-79.964965,0
42de0351-f892-4437-bebc-6b43916e8207,22635,CALIFORNIA AVE AT CHIDELL ST,40.477328,-80.040305,0
42ec10de-d749-4ac0-8841-3574da2c7153,69,SOUTH HILLS VILLAGE STATION,40.339376,-80.052715,0
42ed800e-f269-441e-98f1-b0e565cda2d7,200184,Fifth Ave + 12th St (WCCC/Career Link),40.569816209,-79.766315513,0
42f9a29b-972d-4779-b2a2-2d231f009da4,1303,CENTER AVE + HARVARD AVE,40.515379,-80.044807,0
42fa5c7a-e8cc-47a7-b504-2c7a264f7890,860,JACKS RUN RD EXT + YORK,40.499943,-80.031517,0
4301cdb7-367a-4ec1-b0d2-08af3e8baa3a,10010356,Perry Hwy + NA Dwy NB,40.605158679,-80.050860503,0
4304da79-08b4-4159-9671-4262c05a014d,14192,UNIVERSAL RD + GREENWAY,40.462283,-79.814749,0
43115ed3-0135-47dc-8a62-d74ea2b2ab46,21316,PERRY HWY + CONNIE DR,40.496286,-80.019926,0
433d99e1-8f93-4c9c-b5c0-378f4eb7fb8e,12089,SECOND AVE + TECHNOLOGY DR,40.434051,-79.965084,0
43401ade-d32b-4c15-be4b-0f457c4ea3a4,5286,WASHINGTON AVE + ACADEMY,40.407432,-80.083673,0
434024e7-22b5-4b9e-99a7-f5e4f4e91122,1209,EVERGREEN RD + JOHN,40.487126,-79.972619,0
43429681-6ae0-4bdc-8582-e4820c6ebe46,16025,WADSWORTH ST + ROBINSON,40.443311,-79.966436,0
434f2ef2-41e2-4bde-a58a-2e70a9162374,18527,PENN AVE + TRENTON,40.446167,-79.892069,0
4351e5da-fbb3-4c0b-9de7-b3d95c6e0e24,169,EAST ST + ROYAL ST,40.465996,-79.99984,0
4353694c-862f-45fc-be18-6ba5208a7f07,7644,WILKINS AVE + WOODLAND,40.443936,-79.922085,0
43629144-d32d-4456-9329-434f8b280818,7523,MAIN ST + CENTER,40.395788091,-79.841359976,0
436c7b43-fb12-4bb9-ae95-fd7f4ac28654,9424,HWY RT 51 + BROWNSVILLE,40.36354,-79.98386,0
437862f7-42e3-4028-9c96-912079635546,21050,PENN AVE + THOMPSON,40.405312982,-79.827011984,0
437bfe9e-3504-4b48-9e19-91b2c31769d7,8483,SHADY AVE + DOUGLAS,40.433632,-79.9186,0
438aaaf9-d76f-4c41-a526-0dfdbf0f67c4,23095,FORBES AVE + SMITHFIELD ST,40.439434143,-79.999314677,0
4397ffb2-7fb1-4995-870c-88c5e7be0452,18654,VANADIUM RD + GREEN COMMONS FS,40.371625,-80.088843,0
439db5fa-e890-4454-b49c-a6ee8ff843c2,12236,WINTERBURN AVE + FARNSWORTH FS,40.423166,-79.939859,0
439ec4be-58cd-48f0-a559-956199bc1c20,19056,FRANKSTOWN RD + LONG FS,40.465796,-79.83223,0
43a5f11a-7682-4b6d-874a-911f39e82a0d,1594,BRIGHTON RD + CHARLES,40.459609,-80.016874,0
43ab8535-f80f-42eb-8318-c3ee5adf7d68,4670,COCHRAN RD + MCCULLY RD,40.38582,-80.054029,0
43abcbb4-b2ee-4063-8cb5-47a19412b9da,2457,MT ROYAL BLVD + EADE,40.54651,-79.972338,0
43bc3efe-cba8-4864-bd66-822b4bca5f1d,19789,FRANKSTOWN RD + DUFF RD FS,40.464985966,-79.82804744,0
43bcf003-e0d0-45ef-8bc5-d33c01baccd4,14405,FRANKSTOWN RD + TREMONT ST,40.462378,-79.857997,0
43bf9c14-916b-4800-8415-da9be6871e14,1045,THOMPSON RUN RD + WOODBRIDGE DR,40.518309,-79.992907,0
43cb75ce-e3a0-4eda-bc76-9e142105e08e,3454,FOREST GROVE RD + #324 (FLAMINGO LANDSCAPE),40.480961,-80.10614,0
43ccdee8-576e-443c-a33d-3075ea7565f6,20269,BAPTIST RD + #5341,40.353498,-80.007001,0
43cfa2cc-e17b-46a4-be6e-fcc7142c17d6,10010467,University Blvd + Broadhead Rd NS,40.517253162,-80.221219571,0
43cfbeb7-c900-442d-9219-6dbcf207275e,21992,PENN AVE + NEGLEY,40.4635,-79.930909,0
43d2afda-e9fc-4a4f-b6d5-9dc021085ffc,1488,MERCHANT ST + 10TH,40.591562,-80.229987,0
43d3c1a6-5b45-4684-ab40-90b707fb330b,10550,EDEN PARK BLVD + MCKEESPORT HIGH SCHOOL DRVWY,40.344907,-79.830532,0
4407afbc-ba0b-4a41-b162-b35e3c65da7b,6169,FREEDOM AVE + MERRICK,40.390076,-80.010468,0
44157563-91a7-4a28-9735-9e92b5c97391,19246,WASHINGTON PIKE AT THOMS RUN RD - WOODVILLE PNR,40.38133,-80.094755,0
441c1ddb-62d8-461f-b8dc-150525ce2f9d,2665,BROWNSVILLE RD + MARLAND AVE,40.41212,-79.989641,0
442e9c95-0852-410e-bcfa-d237adcb5e4e,15885,RUTH ST + KATHLEEN,40.425795,-80.005168,0
443b8636-b13b-4454-97c4-4fa1960f1a96,3827,SUMMIT PARK DR + HOME DR,40.44989,-80.183092,0
443de8bd-c6d6-4ca1-8193-b28b1b32e638,22620,SPRING GARDEN AVE OPP #2200,40.470705,-79.986046,0
444ff068-0296-474c-8e5d-be42944b1ba8,19144,UNIVERSAL RD + AUSTIN,40.475344,-79.78666,0
4452c93a-2465-44f0-a844-a6372ff7d9ce,20652,CORBET ST + 9TH AVE,40.604793,-79.75347,0
4454193f-f112-4cb7-bec1-393824f39ee8,8125,MAPLE AVE + #843,40.407482,-79.822938,0
445aaf82-61ae-454c-bdab-411f6da7581c,2762,LEY ST + COWLEY,40.465614,-79.981896,0
445e90cb-918c-4da8-8da1-773342a8cc86,19762,BANKSVILLE RD + DAYS INN,40.419471,-80.029859,0
44751fc8-24dc-4301-b296-071e2c14ae43,14756,SALTSBURG RD + HERSHEY RD,40.477718,-79.799706,0
447da112-4999-4244-8602-b90d403daf03,100118,Tarentum Br Rd + Leechburg Rd (FS),40.587327826,-79.749469429,0
447e3f34-edce-4a29-b545-39d60aef2168,18184,WALNUT ST + CENTER FS,40.315837,-79.831857,0
4482fdb9-da95-417b-8acd-49f6bc1bea65,14853,FRIENDSHIP AVE + EDMOND ST,40.462889,-79.947706,0
448a16cb-be53-4e49-b770-4f7a162d5afa,9754,BROWNSVILLE RD + MCANULTY,40.355383,-79.990726,0
4493e69c-70b0-4875-828a-7ad73ae366bd,1304,CORNELL AVE + CORNELL AVE EXT,40.513776,-80.045507,0
4494309d-a65f-4a7b-bf0c-d5fa63931c8e,3455,FOREST GROVE RD + DIEBOLD RD,40.479599,-80.104187,0
449cacae-e085-4c9a-ad32-418c740cb66e,21659,GEARING AVE + SYLVANIA AVE,40.417263,-80.004878,0
44a67923-f61b-4625-8875-08953fc1d295,2799,IVORY AVE + CHERRYLAND,40.496491,-80.008984,0
44ad756c-7079-45d0-bdc2-f1f255f98605,17182,AIRBRAKE AVE + #620,40.39632,-79.810545,0
44af044d-88ed-44fb-8310-28424a00ae89,13326,9TH ST + MORGAN,40.609652154,-79.741848157,0
44b16ba3-4c5b-4581-949f-ceaf8ef4f9af,22874,MONROEVILLE BLVD OPP TARGET DRIVE,40.435795,-79.770582,0
44b5ec37-1022-4728-9aad-520a7fd38966,19192,INGRAM AVE + WEST BUSWAY RAMP FS,40.443931,-80.06618,0
44b862ea-dfb3-48f4-b488-f360b157d47b,6817,BAPTIST RD + WINDVALE,40.353957,-80.005262,0
44c64a5e-7d30-44e4-a7b6-3e9a9d63477b,3617,CHARTIERS AVE + AMELIA,40.464879,-80.068538,0
44d87f22-119e-4738-aa96-7392ed89f52d,7805,REBECCA ST + ELLA,40.437594,-79.877883,0
44db60f5-cada-4d1d-b6c8-8acd0f55f037,20093,MAIN ST + HOWARD,40.397285184,-79.841150956,0
44dd786d-088a-4bcf-8d7d-e60e8060641d,10010415,Robinson Town Centre Blvd + Park Manor Blvd (Upper),40.45409651,-80.171646692,0
44de07e0-a817-4d97-9549-f0755b3f649d,9898,LYSLE BLVD + 5TH,40.35269,-79.848289,0
44faaec8-d7f4-45e5-ab6b-92cf33d8ed4d,8365,SHADY AVE + DARLINGTON,40.437032,-79.919164,0
4500bad3-598c-4856-90db-85fc983dd7e2,10629,EDEN PARK BLVD + ONEIL,40.347419,-79.832327,0
4506ea65-a65c-4d13-8b9f-e78081619112,10010436,Glenbury St + Aaron Ave,40.38706233,-80.00226144,0
450744e3-106c-49cf-a82a-86bd362a29ec,10030,BROWNSVILLE RD + CLIFTON BLVD,40.38683,-79.981846,0
45181792-a5c1-4390-91ac-7c5bcfc02abc,5425,NOBLESTOWN RD + #2120 (SHOP-N-SAVE DR #2),40.431806,-80.052764,0
4526974b-8148-4cb4-b8d9-7b22d2aa4cf7,18175,LIBRARY PL + 1ST,40.371774,-79.844286,0
45434b38-8dd8-4b20-9525-e9e24e93cfec,7967,PENN AVE + WEBER,40.441915,-79.869064,0
454b2726-e23f-464a-a58c-ce6b6e1ceb0f,7529,BRINTON AVE + TERRACE,40.400336118,-79.841066127,0
4553cbfc-fbf5-4946-91d3-c5f99a8d0316,16963,OHIO RIVER BLVD + THRIFT STORE,40.49521,-80.06587,0
456458ec-2e72-44e3-9d5f-53d0b8f31f1b,19177,ALLEGHENY RIVER BLVD + SHELDON FS,40.508429,-79.842617,0
4574ebbb-8394-4cf0-81ea-10b3994b5622,1931,CALIFORNIA AVE + RANKIN AVE,40.476472,-80.04004,0
459f627c-4d60-4d36-957d-83d48996c085,9002,ADELAIDE ST + MILWAUKEE,40.454494,-79.960494,0
45ac8494-0156-4b9a-b73a-eb5676a1559e,7698,PENN AVE + EAST END,40.446739,-79.894096,0
45c3faa4-db6f-4759-bb3a-aaf4d3e18d9c,19509,PIONEER AVE + CRYSLER NS,40.403402,-80.015607,0
45c52e08-3546-4897-a654-4c8bcb8f90fd,1868,SHADELAND AVE + DICKSON,40.469712,-80.030243,0
45cd0d64-f389-4290-92b8-ba5045986add,19748,CENTER AVE + BRONX,40.520669,-80.039364,0
45ce3d17-c7e0-43f0-8c1e-4021a1fbde03,3102,MCKNIGHT RD + PEEBLES RD,40.554336,-80.021052,0
45d32d8e-a32a-4df3-8d90-141fb1588b62,1313,FOREST AVE + #550,40.500908,-80.054315,0
45de69de-0db5-4733-a2c5-d8914356491c,12792,PITTSBURGH ST + HIGHLAND FS,40.541445,-79.799743,0
45e6fefc-6e3f-4241-a360-7a83138edd39,1138,EVERGREEN RD + JOHN,40.487221,-79.97271,0
45e7184e-06b7-4377-a8af-893ceaa40b70,4199,MOYER ST + ALLENDALE,40.458294,-80.063986,0
45e95bc9-3cc4-48e5-b842-bd9119312684,14748,SALTSBURG RD + FORD AVE,40.476736,-79.782693,0
45eae6d4-3ca8-48a5-867c-856d3e2559d4,5390,WASHINGTON PIKE + SCHULTE,40.362932,-80.110293,0
45ef23ec-aa74-4e9f-b926-eab0fa073554,20903,UNIVERSAL RD + SALTSBURG FS,40.476891,-79.785674,0
45f69c1b-7657-49d1-8d52-9afd0d2bdadb,7471,BRADDOCK AVE + 4TH,40.404923,-79.87114,0
45f7c7fe-6b68-4e02-be19-359318dccd58,20101,EAST LIBERTY BLVD + HIGHLAND AVE FS,40.46577,-79.92233,0
45f9673f-d3a5-4feb-9086-94e2281ed943,1526,BRIGHTON RD + KLEBER,40.487061,-80.038024,0
45fd33f4-53bf-4325-b428-774de47a8975,7764,MIDDLE ST + #526,40.396362021,-79.808738489,0
4604e12a-5d1b-48f6-8eba-999db3b562a2,3649,CHARTIERS AVE EXT + OWEN,40.466554,-80.077099,0
4606cafc-f930-44c6-aa83-1d965d9bd16e,4232,MIDDLETOWN RD + MARSHALL,40.446697,-80.060986,0
4609f78f-d580-4388-a8f9-cf913970b03e,10010227,Campbells Run Rd + McMichael Rd,40.435427743,-80.14422899,0
46133ccf-1146-4466-96d7-7fd24a8ee017,6267,KANE BLVD + DAVIS,40.378016,-80.09145,0
4616efed-79f6-45ab-b9cc-338bb053c682,18515,PENN AVE + SHAW FS,40.405181666,-79.828920732,0
461a8bea-f25e-4c34-b0d4-30ffea2a996e,14710,CENTER RD + COTTAGE LN,40.456222,-79.759882,0
461d204b-53da-4be9-9093-f8300fe6268a,6082,PIONEER AVE + ROSSMORE,40.397892,-80.02288,0
462fc539-6013-41ef-9521-0e1fa9ea002b,12664,PITTSBURGH ST + BUTLER FS,40.542507,-79.773393,0
463772b1-7d74-4fe9-901d-d72ac37bf776,1592,BRIGHTON RD + JACKSONIA ST FS,40.457044,-80.015594,0
463cf617-a17d-431b-86c2-2d6201974151,20630,CLYDE AVE + PORT PERRY RD,40.385949,-79.83278,0
463e66e4-2132-47c4-9cdb-32979aa3a486,3219,BUTLER ST ST + GALLATIN,40.488174,-79.921669,0
46450dd2-6a19-4192-84fe-c8a520d45d14,20547,9TH ST + HEMLOCK WAY,40.321097,-79.891789,0
464f2077-a47b-4495-a1fe-e3a408429e6d,258,BABCOCK BLVD + FAIRFIELD RD,40.564016,-80.01929,0
46595fdd-209b-472b-9f9b-f26b3fbd1b43,8878,EAST LIBERTY BLVD + HAMILTON AVE,40.46001,-79.915777,0
467a8435-1d66-412f-94fa-7439ef76097f,1809,CHARLES ST + CROSS,40.46517,-80.020588,0
468de66b-6211-49f6-a773-5617685c7599,19407,COAL ST + WALNUT,40.43637,-79.88245,0
46a1a457-dd3d-4ef1-a530-f628c43c8633,4240,STEUBEN ST + HERSCHEL FS,40.442139,-80.045014,0
46a9c960-9be5-4a90-940e-8110bcf5d7b6,22332,BEULAH RD + LONG RD,40.450651,-79.843744,0
46aa9d01-e500-4ce4-b645-4c180df24270,10010271,Grandview Ave + Gleason St,40.340686509,-79.836756005,0
46b39e64-f6b0-458f-b49f-225f1801d123,15418,DRIVE TO LOWES + STOREFRONT DRIVE,40.41297,-79.903123,0
46c1c581-aee8-48e2-b1ff-5533f5462ff0,20537,RAVENSBURG BLVD + CLAIRTON MUNICIPAL COMPLEX,40.295756,-79.89389,0
46c61a99-9f64-4242-bda7-7b090e4be9e2,19570,BESSEMER AVE + MAIN,40.395207,-79.841582,0
46cd3f2b-9450-4c16-bdf5-0407c20b6dfa,20647,CORBET ST + 2ND AVE,40.601302,-79.751293,0
46e0d13b-a54b-4700-8e9f-d0dfc89f3c75,7592,EXPOMART DR + WEST ENTRANCE,40.43264,-79.794151,0
46f00c8c-5553-43fb-a8b2-1ffc8eff7c85,1269,LINCOLN AVE + JACKSON,40.49691,-80.05835,0
46f46a43-42d8-473e-b5af-cc4608081d74,2523,CONNISTON AVE + GOSSER,40.40564,-79.999232,0
47021ee0-4708-4b27-8334-dedf1a3882d1,200181,Drey St + Woodmont Ave,40.579932754,-79.762065515,0
47093553-a69a-4d2d-a7d6-bff406b2d085,10266,WALNUT ST + CP INDUSTRIES,40.335701,-79.851522,0
470b9a7b-fd53-4ae3-9c54-d6c541a0ba9c,14358,HAMILTON AVE + EAST LIBERTY BLVD,40.459819,-79.91552,0
473f3349-9fcd-492a-bbf8-e53ac1b4376b,4120,CHARTIERS AVE + EYRE WAY,40.458097,-80.07561,0
4746adc7-0ed6-4fe1-9528-78692325e7b5,22751,GRANT AVE AT BLACK ST,40.480043,-79.973459,0
47613446-3ef2-4b9a-b03f-95d71e35cf21,21095,TILBURY AVE + NICHOLSON ST,40.430276,-79.917739,0
476c9520-86d4-44de-aa46-7179fb92ff56,10010514,Mosside Blvd + Northern Pike FS,40.433721928,-79.753055508,0
477e2d3f-6418-4252-a4aa-293811d08ff0,13588,RODI RD + PENN CENTER BLVD,40.430393,-79.816969,0
47914cbf-3ac8-4f73-9144-96df7c7aae81,2495,FERGUSON RD + SWEENEY,40.557968,-79.97524,0
47980d24-3d0b-4bd6-9204-aa60034169c6,2898,SPRING GARDEN AVE + MONETA,40.457833,-79.994901,0
47b484e2-f606-4548-bad4-f94a3e8f4ab6,6602,CEDAR BLVD + #1154,40.369488,-80.060616,0
47cd9ac2-629a-4534-97b9-46ad39250fec,22250,BETA DR + ALPHA DR FS,40.495895,-79.867345,0
47dc864a-532c-4e34-ab74-e2282d02f125,9916,LYSLE BLVD + CENTER,40.352478,-79.853088,0
47e21b3a-2b96-4c48-a1eb-7722f1803e19,8204,CENTRE AVE + GRAHAM,40.456475,-79.936554,0
47f2e285-29e2-4bd6-bcf4-f209fc39c04b,4123,CHARTIERS AVE + OLTMAN,40.458416,-80.069091,0
47f58c7f-c72a-4eb3-a6a0-68848e77b39c,14607,CENTER RD + MCKENZIE DR FS,40.457237,-79.75828,0
47ff4298-7b84-4a69-a924-c76c52955537,7280,SMITHFIELD ST + SIXTH AVE,40.441698859,-79.997647099,0
47fff004-0ffa-4326-859e-54cb36e03a89,20506,CENTRE AVE + ADDISON ST,40.444392,-79.978652,0
480ac42a-6030-42e0-9bfd-055465a8e63d,11264,WORTHINGTON AVE + PETERSON,40.293844,-79.903305,0
480e2a61-5429-4d85-b20d-174c05be634d,18342,PITTSBURGH ST + HIGHLAND FS,40.541594,-79.799552,0
480f1913-e826-439d-ab83-ceae378e8434,21694,CHALFONT ST + CURTIN AVE FS,40.416668,-79.998687,0
48171f37-1d26-44f7-8f33-704e7cffc1a6,6677,SHILOH ST + VIRGINIA FS,40.429105,-80.007341,0
4820042d-5dd5-49aa-97fb-9933a0979b26,8580,BIGELOW BLVD + FINLAND ST,40.458077,-79.960388,0
482a230f-89c5-4c4e-97d1-8e3e81f2331e,243,MCKNIGHT RD + HOUSTON RD FS,40.526808,-80.005724,0
48301d01-c756-4f3d-906f-025168f30c1a,8040,BEACON ST + MURDOCH,40.433678,-79.930687,0
483cd6ad-391d-408c-93e3-2bcd79cbec44,4112,STEUBEN ST + WABASH,40.441639,-80.035399,0
48438ece-61c2-4175-bfae-d0493a84a2c0,5485,NOBLESTOWN RD + IDLEWOOD,40.413371,-80.076804,0
485e9f8b-9ff8-4918-8ed8-99fe9551b90e,71,SOUTH HILLS JUNCTION STATION,40.420841,-80.007226,0
4860192d-8859-4319-a8f1-36a528e52ac3,21757,FRANKSTOWN AVE + GERRITT ST,40.458652,-79.902018,0
486387ea-2d45-4b3f-b922-391eb2a6236f,10257,WALNUT ST + 34TH,40.329593,-79.841462,0
487108a4-9e63-4bb5-939b-9bcecbfae0f7,16899,MEADVILLE ST + #1603,40.460641,-80.00473,0
489db42a-c53d-4a1d-9ce6-b331ee2a6efe,19904,GREENFIELD AVE + YODER,40.425148,-79.947039,0
48a58691-2529-40b8-8f6b-2ee7e79b29b0,10010353,Perry Hwy + Bonnie View NB,40.62324917,-80.053642003,0
48b0e6df-06cd-4537-8423-2d6b2513d922,3417,MT ROYAL BLVD + HARTLE,40.541268,-79.972272,0
48b563b2-2a27-4e20-87c7-689462722e08,9167,WILNER DR + BRACEY,40.45404,-79.867246,0
48b74dd0-a98f-4d92-b652-47ed11103dcd,21427,BABCOCK BLVD + LAROCHE COLLEGE DRVWY,40.568125,-80.016444,0
48c007c8-97e4-4585-828e-f5c9d5e2b615,2899,SPRING GARDEN AVE + #1043,40.459212,-79.993701,0
48cd8d1b-deed-4567-b5d4-c40b418bb3a0,7078,COAL ST + REBECCA,40.438593,-79.881191,0
48e9319f-4275-4f81-9498-a99fcd26cc21,10010228,Campbells Run Rd + McMichael Rd,40.435657317,-80.1443798,0
48eb39ad-fee3-4101-83c3-4baf4ab3cfbc,7,BRIGHTON RD + RIDGE (CCAC),40.450687,-80.013512,0
48eb9734-ee40-49d2-aee7-cc93d4f89cb7,18256,ISLAND AVE + ADRIAN,40.474383,-80.064048,0
48fa8e30-bf24-4805-8ec4-60acfb9c6a4e,3151,FIFTH AVE + DINWIDDIE ST,40.438443691,-79.981161242,0
48ff9067-1df4-410e-9bf1-062cd337fe92,5322,WASHINGTON AVE + TRIMBLE,40.405582,-80.083735,0
49051a86-e57d-4d0f-b1b2-18cc40adf3cd,10905,8TH AVE + HEISEL,40.409062,-79.90403,0
49086588-00b0-493e-8e92-4e40df2e6587,10894,KENNYWOOD BLVD + GLEN,40.390578,-79.86904,0
4910de62-9a99-4fb7-a939-84f0f5ff5bee,10587,EVANS AVE + BALDWIN,40.347292,-79.849351,0
491167f5-fc29-430a-b48c-38b7a6535874,12069,JOHNSTON AVE + #657,40.405358,-79.934098,0
491ef73d-f0f1-40f9-91d3-87a462f2074d,21711,WOOD ST + FORBES AVE AND FIFTH AVE,40.440292,-80.00064,0
492791ba-c58e-47f9-bd1f-179e9b95af82,5807,LINDSAY RD + CHERRYTREE,40.385494,-80.074008,0
492d5c7a-a6d6-423a-a603-f7164f8f7d19,14962,MAIN ST + 62ND ST BRIDGE,40.495403,-79.939415,0
49348164-76ed-4e1d-b4a2-2e0f285c4c6a,12604,FREEPORT RD + MAPLE,40.493918,-79.860825,0
493d8b04-9a15-40d6-a267-2bd6bdb3db86,9351,CHISLETT ST + GREENWOOD,40.485262,-79.925947,0
4946c8d4-8996-4af2-8bcd-9f4f306edea2,18896,BRYN MAWR RD + CENTER FS,40.449285,-79.957542,0
494be108-33cb-49b1-84f8-6965d5582054,1720,PENNSYLVANIA AVE + FONTELLA,40.454631,-80.023,0
49565337-c98b-410d-b634-20a577d8bf4e,100099,Rodi Rd + Jefferson Rd FS,40.465067985,-79.82459107,0
495c154e-b65c-4e5a-afb3-273b4d361694,4814,E CARSON ST + 24TH ST,40.428244,-79.971017,0
49632bc9-4ba2-4788-9ef6-c12690081bd8,12764,MAIN ST OPP 6TH ST FS,40.49461,-79.93569,0
49668f88-f843-49f2-b0fb-78f4d300b40a,19605,COCHRAN RD + BEVERLY,40.387276,-80.054923,0
4968de8c-82f6-452d-bd77-aacbd5b7f206,16471,BEATTY ST + BAUM NS,40.460470019,-79.927951981,0
4973761b-08ff-4468-8b84-24a3e99d58fc,20671,BROWNSVILLE RD + DEWALT AVE FS,40.364902,-79.982994,0
4976a860-0dba-4456-ab1d-106340205d45,20476,CHARTIERS AVE + FURMAN WAY FS,40.453786,-80.064506,0
497e5e49-c275-4790-b9a5-9c16139e0e43,8687,MILWAUKEE ST + HERRON,40.452403,-79.964233,0
498c0853-c0bb-4304-8da6-f6dbc2699b1f,2654,S 18TH ST + CROSSMAN ST FS,40.421745,-79.979358,0
4990a119-0760-49d4-947c-391c883e599a,10010370,Sheldon Park + Bldg 28,40.62236216,-79.722005261,0
49966fa2-195b-43a7-a77a-23f173ac76cb,8836,GROVE RD + CHASKE,40.474794,-79.871544,0
49a2bb00-9240-4a0a-b942-a0975df49251,2760,LOWRIE ST + CLAIM,40.463119,-79.982999,0
49a4abe3-6b95-495a-ab61-b85505c3bff3,8794,FRANKSTOWN AVE + LINCOLN AVE,40.460448,-79.913985,0
49b2e825-050b-4ba1-90ba-eed3022fcad3,13479,9TH ST + CORBET,40.604962914,-79.753454864,0
49b3ecba-4c00-40ce-bae9-76f0e969d373,13638,FIESTA DR + SUN VALLEY,40.471518,-79.707606,0
49bbf29d-6521-48b4-acb1-6ce6aa971016,21604,LINDSAY RD + #723,40.385688,-80.079343,0
49bf3a85-e4eb-4fa7-b5a2-8f2aefd3d97a,1259,CALIFORNIA AVE + FLORENCE,40.503482,-80.074563,0
49c88154-79a6-4ea6-8b1e-f5d6c82932c3,5133,BLVD OF ALLIES + VAN BRAAM,40.435703,-79.982651,0
49d4a26c-6668-4e1b-a210-65bc7723d69e,11033,WEST ST + 18TH,40.40005,-79.905137,0
49db4421-4752-4fd2-b7cb-0ba215f93571,16779,BROADWAY BLVD + #1010,40.400763897,-79.77260341,0
49e6533f-1501-4f88-9953-923c09f9fbad,847,CENTER AVE + RIDGEWOOD (STEPS),40.51513,-80.023153,0
49eacf83-ec60-4f46-ac43-860150514cc8,22640,BROAD ST AT ST JAMES CHURCH,40.537608,-80.183588,0
49f735a4-8562-4283-8d45-ab72ea93a40b,3197,FREEPORT RD + #1150,40.488158,-79.879419,0
49f9320a-41ee-43ba-b5a9-614fa0322b54,2774,MT TROY RD + #2768,40.475278,-79.986928,0
4a08971b-729f-4c12-9ccc-23593a33e2be,14248,VERONA RD + THIRD ST,40.47795,-79.845127,0
4a31d40d-56a8-49b1-93d4-26eb67faef0a,21964,STANTON AVE + KEYSTONE ST,40.477339,-79.953916,0
4a327fef-4a1b-4eaa-be2e-75314b164b2c,22865,RIVER AVE AT LANE STEEL,40.467572,-80.052717,0
4a3a6a01-c9c3-4a5b-9985-24268198625a,18285,BEAVER ST + PEEBLES,40.537279,-80.177534,0
4a3c7d9d-7305-4292-8fc9-c38510edc639,16026,ECKSTIEN + WADSWORTH,40.442613,-79.96843,0
4a411238-2436-4623-9d76-3e89c4d23c20,20431,4TH AVE + HAWKINS AVE,40.413128,-79.880485,0
4a415924-01b0-4604-9a10-3ba877ad158e,20502,EAST BUSWAY + NEGLEY STATION B,40.456583,-79.932616,0
4a4c949d-2397-4cf3-ae49-bab16f5a3f38,18348,PITTSBURGH ST + ELIZABETH,40.541071,-79.805046,0
4a5468dc-de7c-451e-a36e-bf8e5aed34fd,579,PERRYSVILLE AVE + FRANKLIN,40.490297,-80.01867,0
4a5f71e7-277a-4ac1-a426-0633500293fd,7315,MCCLURE ST + NEVADA,40.420573,-79.896484,0
4a7c92b5-8fa6-4cdf-9990-ed365cb507c2,6717,SOUTHERN AVE + MINSINGER,40.418807,-80.013647,0
4a974ceb-2bf8-4f1f-b5e7-a0988e7fb48e,7621,WALLACE AVE + COAL,40.442701,-79.878797,0
4abb4f2d-0a77-4dd0-a90e-50dc228bb11c,6244,BANK ST + CHESTNUT,40.354515,-80.10762,0
4ac89d96-5f73-422b-b7b5-eae801139f6b,23104,STEEL PLAZA PRTX STATION,40.44058,-79.9955,0
4ac8dc3a-9556-4b2b-8be2-dd942531f471,18457,JOHNSTON AVE + RIVERMONT,40.40656,-79.927812,0
4acf8a16-ce9a-48e0-af6a-593f791459b7,1932,CALIFORNIA AVE + ANTRIM ST,40.475271,-80.039665,0
4ad19735-4ee4-4291-88e4-a5f1a38c7453,16443,FREEPORT RD + CALIFORNIA,40.618461488,-79.732115086,0
4ad47f12-ad2f-4a10-b9ac-d3b1aa6c921a,7330,SOUTH AVE + PITT,40.442946,-79.888318,0
4ad592d6-afc3-4133-a022-42fc5bdc1ef2,1364,BEAVER ST + BOUNDARY,40.534951,-80.17536,0
4ad9479e-7c3f-436d-8c17-0a4e6b376bc1,19572,BAUM BLVD + S BEATTY,40.460243536,-79.927719236,0
4ae02e91-f62d-4092-88e3-1d3c69f3bb3e,3447,HERBST RD + MARY,40.486407,-80.117525,0
4ae65b76-de1b-4494-82bb-90d795b00801,12652,FREEPORT RD + 1ST,40.573322,-79.777489,0
4af575fb-8102-4887-9a88-a8ca581217be,9960,ST CLAIR AVE + STATE,40.292409,-79.875144,0
4afc5d84-6262-4b7a-a7a4-2ece88ca9244,1796,EAST OHIO + CEDAR,40.453216,-80.001918,0
4b06657c-6443-4e0e-94de-e266d8bc2125,22835,BABCOCK BLVD AT BROWNS LANE,40.550947,-80.024554,0
4b07fc31-8588-4edd-9b12-6527f6741281,22625,CALIFORNIA AVE AT BAINTON ST,40.472822,-80.037781,0
4b0b4e72-5735-4ecd-a76b-2a3727342500,8006,BEECHWOOD BLVD + ANITA AVE (MONITOR),40.426183743,-79.916822672,0
4b1909a4-6965-4488-9824-65de56d067ab,9102,FRANKSTOWN RD + OVERBROOK RD,40.460926,-79.867401,0
4b23f068-5bcd-4dab-993d-399b0620aa93,12645,FREEPORT RD + ROWES CROSSING,40.58365,-79.77795,0
4b2b0de3-7bcd-484d-9956-f8473d09dfc8,19095,FRANKSTOWN AVE + STANDARD FS,40.457135,-79.877541,0
4b34bfc0-87df-4ca4-a66c-5afaf09ab647,13324,FREEPORT RD + MILE LOCK,40.61567,-79.738702,0
4b3dd870-cbd8-4c55-9c6b-ffb7fbe978ba,12793,PITTSBURGH ST + ALLEGHENY,40.541225,-79.797943,0
4b4981b0-ca83-41ba-bbea-11645ec47911,4113,STEUBEN ST + ALEXANDER,40.44192,-80.034611,0
4b689771-709d-4fe2-9bc1-baf977a30614,21066,LINCOLN AVE + DEARY ST,40.464076,-79.901138,0
4b87b7e3-972a-43ee-b110-dc4f5c8cb4e6,22073,FRIENDSHIP AVE + PACIFIC AVE,40.462144,-79.940285,0
4b8a6822-2838-43bd-9047-46a010f7bc21,899,PERRYSVILLE AVE + #3436,40.483082,-80.013035,0
4b8b6d61-2b51-42b2-b939-89a6f95c8d35,21596,BEECHWOOD BLVD + #3735,40.427365,-79.928063,0
4b8dfa69-1c10-4835-a7ff-38cb6a5031dd,22838,PERRY HWY OPP TRION RD (PINES PLAZA),40.548491,-80.036917,0
4b91b81d-6d76-4995-9b81-002eead090dc,8193,CENTRE AVE + AIKEN,40.456089,-79.938178,0
4b93aeb9-f8f2-4417-b9df-8296b20ecac0,13607,OLD WM PENN HWY + BAYHILL DR,40.441713,-79.749619,0
4b9968e5-a35b-44c5-b448-81021c5793c8,22736,BROOKLINE BLVD AT BELLAIRE PL,40.392247,-80.012925,0
4ba5fcc9-09a4-4e73-9701-6771825db117,8180,NEGLEY AVE + STANTON AVE,40.471697,-79.926263,0
4ba61f86-e68d-4832-a4ca-54c0f0220e09,18318,CALIFORNIA AVE OPP ELIZABETH,40.499212,-80.063313,0
4ba74a5e-9b35-4d47-aaa9-163e0a4c6613,7611,LAKETON RD + TURNER SCHOOL,40.449238,-79.86395,0
4ba79f05-c2c1-4e55-b39c-f82cd4158f92,1149,40TH ST + DAVIDSON,40.467598,-79.960979,0
4bb25922-07e3-451c-8a39-63c2ba869da0,1462,BEAVER ST + GRANT,40.543882,-80.185546,0
4bb50160-33d3-4b2c-aa2f-7d20df387aca,1708,MANHATTAN ST + N FRANKLIN,40.456131,-80.027043,0
4bb9af72-1858-41b1-8df2-53861499f919,403,SAMPLE RD + COLLINGTON,40.572079,-79.998062,0
4bbb3bf5-83ed-496c-9ac1-62b28cdbdad6,1355,BEAVER RD + MEADOW,40.546842,-80.189357,0
4bc0935d-1ccb-468d-a390-885f40acc9c4,200198,Perry Hwy + Brooktree Rd SB,40.616160513,-80.055540725,0
4bc0bd84-2966-4bbf-8fd1-c34ad989d860,20114,UPMC EAST DRIVE + HOSPITAL,40.437393239,-79.759760799,0
4bc6a0d3-d746-4ecd-938d-ca4c7af77b51,22817,MERCHANT ST AT 6TH ST,40.586488,-80.227229,0
4bd00f2b-78af-460e-9ff6-571fc14083ad,5035,STEUBEN ST + RIDENOUR,40.440518,-80.061195,0
4bdcf037-f6cd-4c7f-911c-18b64c2c10f5,21529,CHURCHVIEW GARDEN APTS DRVWY + CHURCHVIEW AVE,40.385643,-79.940525,0
4be0665d-a663-49af-b70e-376658319b89,9695,HWY RT 51 + #2859,40.377704,-79.987343,0
4be9e050-7b22-405f-990f-7f647c797412,4848,E CARSON ST + 12TH ST,40.428718,-79.98656,0
4bead472-62d9-4561-a1be-df9c906d8f31,7019,BELTZHOOVER AVE + CHARLES ST,40.416524,-79.997257,0
4bf9f0b6-d0ce-4ec9-8e3d-f4f9374629aa,7168,HAWKINS AVE + 2ND,40.41191,-79.869939,0
4c028bd1-82bf-4326-b1df-f43c1f67143a,20390,RIDGE AVE + ALLEGHENY,40.449603,-80.018561,0
4c05c4b2-b656-48d9-8efa-ee41d016757a,5655,GREENTREE RD + FOREST FS,40.405522,-80.054181,0
4c0848b3-06fc-4b09-86e6-adba1b9722a7,10010350,Wallace Rd + Perry Hwy,40.637709103,-80.063842663,0
4c092412-15fc-415e-b920-4b8d18734155,11098,SHADY AVE + HIGHMONT,40.449905,-79.920763,0
4c148b05-d032-4c26-9ada-aedb580b4ef8,18793,ISLAND AVE + ORR FS,40.484155,-80.07234,0
4c1d72af-185b-45d8-b605-ad978a23ceab,7095,FORBES AVE + SHADY,40.438119917,-79.919174948,0
4c22900b-3fb8-4027-bbfd-3991d8d0250f,1107,AMITY DR + SUTTER,40.543476,-79.992554,0
4c25da16-40c9-4563-abeb-fecfeeb7602c,4816,E CARSON ST + 17TH ST,40.428889,-79.981913,0
4c485659-485f-479b-876c-1a02491ea15d,21202,E RAILROAD ST + 1ST ST,40.393424,-80.087496,0
4c691f3c-21ee-402c-b380-f25d344bd25e,14863,FRIENDSHIP AVE + ELLA ST,40.464615,-79.950508,0
4c73a271-85d0-4716-abb2-dab166ea20f9,22775,CONLIN ST + WORTON BLVD,40.36259,-79.870469,0
4c91558d-aa4f-4a75-960b-f54b4249fd16,7717,MONTIER ST + #1824,40.448069,-79.868626,0
4ca0943b-52a1-4153-aa24-039219508740,21907,FRIENDSHIP AVE + PACIFIC AVE,40.462092,-79.940489,0
4ca1d46e-62ab-4a11-a8ec-ead9aab9448d,12143,SECOND AVE + WINSTON,40.404649,-79.942636,0
4ca20b8c-bac7-4809-ba71-befd4ac9c15f,6698,KATHLEEN ST + JUDICIAL,40.425624,-79.999828,0
4cb106ba-2d7d-430b-baa5-6e4010c4d3df,10010504,East Liberty Blvd + Highland Ave FS,40.466124909,-79.923153785,0
4ccbc169-d049-4172-824a-826ff85e3df8,12127,GREENFIELD AVE + SYLVAN,40.425641,-79.949668,0
4cd2f359-4c57-4ad4-a782-45b57f52e832,8811,LINCOLN AVE + CAMPANIA,40.472249,-79.890909,0
4cde3d37-f64f-4d54-874f-f241927deeeb,10668,EVANS AVE + LAMONT,40.346713,-79.849343,0
4cf85fe9-01d3-4f3d-a383-c13b4bdc745d,1260,CALIFORNIA AVE + FISK,40.503205,-80.072517,0
4cf9d583-aca8-4fb8-8540-7b727b2e4b24,150,MCKNIGHT RD + NORTHLAND MEDICAL CENTER,40.519187,-80.00504,0
4cfb92eb-4dac-4091-8496-8737a3243a70,10010358,Blazier Dr + Ashton Commons NB,40.5869,-80.02493,0
4cfc9ae4-e225-4425-9b39-fb700a3b7bba,1098,LAURELWOOD DR + FENWICK,40.551984,-80.002556,0
4d00d99e-d310-48db-9736-162f235c45c6,1376,OHIO RIVER BLVD + WALLISTON,40.51194,-80.103236,0
4d15f00f-f3b9-4f23-bb42-9e866faae202,8022,BLVD OF ALLIES + DAWSON,40.43443,-79.953002,0
4d1613ec-7cb2-4f3c-8ad4-e24af9ebd045,7966,PENN AVE + PRINCETON,40.440518,-79.87188,0
4d1a1e57-00f8-419f-b6aa-099d3a8d07ac,5467,NOBLESTOWN RD + FIRE STATION (#2200),40.431121,-80.053458,0
4d251f2f-6184-4fc2-988a-46d4293ab279,19888,EDGEWOOD TOWNE CENTRE + GIANT EAGLE,40.425940285,-79.886888157,0
4d26392f-7e5a-4593-8a8e-6e3080efaceb,14323,VERONA RD + 2ND ST,40.50156,-79.837734,0
4d33ccb7-1907-4c1a-adc1-5eada385d8c8,7615,MONTIER ST + HERR,40.447336,-79.869738,0
4d38bbe3-4aae-4c49-92f4-629e8b60b8c4,2842,ITIN ST + HIGH,40.459718147,-79.994739579,0
4d42c700-1393-4fcb-be6c-f132075f127c,20767,AMBULATORY CARE CENTER DR + BLDG #71,40.494557,-79.889135,0
4d4acb0b-bfe7-488a-b108-1324c4d2a0fa,573,PERRY HWY + IVORY,40.498325,-80.020375,0
4d5ab69f-7bf0-4d2c-8190-469ef03d22b2,16839,CAMP ST + BRYN MAWR,40.452088,-79.958805,0
4d61c91d-f2ba-4812-8aa8-9b88c39a2599,13611,BEATTY RD + BEATTY POINTE VILLAGE,40.445774,-79.74744,0
4d6438f2-b9f8-448d-97b8-776b43915892,15732,GREENSBURG PK + CORVETTE TECHNICIANS,40.382375,-79.818214,0
4d70f2d0-3bc1-4087-8e8a-694cdf1fde69,5879,GREENTREE ROAD + LEADER COUNTRY DR,40.396586,-80.06616,0
4d76af06-c1ac-4882-86f3-4a6c369106c5,7302,WHIPPLE ST + AURELIUS,40.424602,-79.896312,0
4d7702e5-06a0-4d37-ab82-e3b5b060320e,2739,LOWRIE ST + HECKLEMAN,40.468793,-79.979091,0
4d7e12f1-c625-4a7e-bed6-62394731fe8d,5422,NOBLESTOWN RD + POPLAR,40.427818,-80.053781,0
4d87978f-15a7-46be-b94b-fa203761547e,12044,BUTTERMILK HOLLOW RD + PGH-MCKPT BLVD,40.358799,-79.908537,0
4d87fb35-77d3-4cbf-a9b4-6284fca12015,7637,DALLAS AVE + REYNOLDS ST,40.448921,-79.910072,0
4d9f21b3-6861-4669-8283-3c7b13f28ee7,7849,BROADWAY BLVD + WALL,40.401278,-79.780399,0
4da2b7cd-8628-47ad-a8fc-73c44dcc682d,11659,BEECHWOOD BLVD + PARKWAY ENTRANCE,40.428465,-79.93104,0
4da9c41e-48cb-4ea8-bc8f-26a66cd30950,13508,LOWES DR + FOX PLAN RD FS,40.438045,-79.761741,0
4dae42a7-42d7-475f-8f18-793b00ae2ea3,21717,ROBINSON CENTER DR + # 6000 (OLIVE GARDEN),40.450753,-80.161663,0
4db1e776-97fc-41fc-9dff-ffb322750267,8127,MAPLE AVE + ALBERT,40.407896511,-79.819627313,0
4db6f45a-3f52-42c1-8db6-3204cdedb37b,2429,GRANT AVE + MT HOPE,40.50675,-79.950894,0
4dc51fae-c84b-4b85-bc10-5bc77e2a581e,1883,CALIFORNIA AVE + CHELLIS ST,40.486236,-80.043332,0
4dc95922-e892-4997-8b6b-c5ebe0fadc7a,13604,OLD WM PENN HWY + GOOD SHEPHERD,40.443722,-79.757749,0
4dd3a07b-c9bd-4856-93c1-e12dffd38ac3,2443,MT ROYAL BLVD + GARDEN PL (WETZELL),40.524622,-79.96201,0
4dd4caf0-0186-4566-864a-f0d0e831b644,9301,STANTON AVE + HETHS,40.472329,-79.928244,0
4ddac4a4-9d8a-4a6c-9d51-ce297eeb05a6,704,DUNCAN AVE + ALLEGHENY MEMORIAL PARK,40.566962,-80.004952,0
4de132a1-df60-4856-aaab-8194b524074b,1440,OHIO RIVER BLVD + ALLEGHENY,40.511481,-80.100904,0
4dedfc30-4fee-4a5e-ac5e-80c38282e068,15548,MT ROYAL BLVD + HAMPTON,40.554467,-79.971234,0
4df351a2-4c4b-4dbc-8558-48e31171d8c1,7062,WOODSTOCK AVE + ARDMORE,40.41907,-79.884156,0
4df667a0-b1e6-4fb0-b25a-4620595b00cf,11099,SHADY AVE + DEVERAUX,40.448005,-79.921531,0
4df9c772-3b98-480a-afb0-523eafb6e252,3463,MCCOY RD + WARBLER,40.4804,-80.090987,0
4e11cfef-467f-40e3-939d-100609374e29,22648,PENN AVE AT 34TH ST NS,40.462407,-79.967451,0
4e19f3e8-1708-4bfe-a7c7-040e56316ea8,401,SAMPLE RD + HIGH MEADOW,40.573462,-79.993624,0
4e2bc85e-7d33-4879-aa64-efabee106669,3634,CHARTIERS AVE + BROADWAY AVE,40.465738,-80.066156,0
4e3a0f3b-3c21-440d-ba4f-2c9b816538d0,6829,PROVOST RD + WHITEHILL CIR,40.36705,-79.993496,0
4e483f85-fd91-400b-a36c-9b2e89a8aab1,7774,AIRBRAKE AVE + 10TH,40.402963249,-79.822036549,0
4e4b5b44-adec-432e-9604-86ab23d85735,1373,OHIO RIVER BLVD OPP GLENFIELD PARK AND RIDE,40.51785,-80.131232,0
4e4c48af-5cec-44f3-9323-16de0c7989d5,13503,OLD WM PENN HWY + SCOTT DR,40.441522,-79.751442,0
4e4d347e-77ac-49ec-96cd-3908674bfbcf,21426,BABCOCK BLVD + WINCHESTER DR,40.565949,-80.016424,0
4e52be59-881f-46ba-b533-a0bd4976a8b7,8785,CENTRE AVE + BRYN MAWR,40.448958,-79.957646,0
4e55d786-fe5f-45a8-bc0a-f031ad45af5d,5896,LINDSAY RD + WYNNECLIFF #2,40.383789,-80.080301,0
4e588320-2c45-4a19-9d99-93cead66155e,21645,BRADDOCK AVE + 9TH ST,40.400092,-79.864135,0
4e5c51e6-1dae-40af-af5d-7843d0ead632,22820,UPLAND ST AT #7506,40.460883,-79.889734,0
4e60dc10-00d8-46ea-adcc-5d884cb6ef70,8005,BEECHWOOD BLVD + FORWARD,40.42804,-79.916127,0
4e7464f1-d464-4df9-accb-f25524e0ae4e,18536,PENN AVE + TRENTON FS,40.445789,-79.891199,0
4e8562e4-0444-4257-9e69-1bcdb625a69a,2536,AMANDA ST + CHARLES,40.416511,-79.988087,0
4e87d805-70dd-4d5d-ba54-818138bfd566,10010501,Alfred St + Washington Rd,40.380686902,-80.044262422,0
4e917ce5-ced9-4bd3-8c13-9863ea07e018,5923,BLVD OF ALLIES + CHERRY WAY FS,40.437661,-79.999664,0
4eaac8a3-ccf0-419f-af6f-a343f875a5e9,14697,SALTSBURG RD + MONROEVILLE TRESTLE,40.476504,-79.760247,0
4eadb2fe-a6a8-4015-9a9a-98837e9d8fb8,22870,SMITHFIELD ST AT FIFTH AVE,40.440232,-79.998609,0
4eb0914f-8e25-4f8c-a227-e6cadb5f51d7,11973,CRAWFORD ST + CATHERINE,40.364334,-79.847772,0
4eb3e90a-1e03-4e37-9626-ba857b381a75,21680,FREEPORT RD + #2366,40.530595,-79.849301,0
4ed0205b-10a9-475f-9c0a-19228b6874b3,13321,FREEPORT RD + IDAHO,40.619673,-79.730355,0
4edb4697-2d4c-4517-bc1d-7ddb15d64f62,11943,MIFFLIN ST + GEORGE ST,40.397693,-79.887885,0
4edf91df-1683-40f4-8bbc-16f7968a26c7,9917,LYSLE BLVD + COURSIN,40.352325,-79.856464,0
4efafb8e-17bb-4ff3-a055-d39f0725b311,22655,CHALFONT ST OPP HABERMAN AVE,40.416649,-80.002327,0
4efd2107-6caf-462d-80d6-7002f8643e23,12178,FORBES AVE + GRANT NS,40.438699492,-79.99695054,0
4f04da4d-b414-4582-ade1-a6a7fbdc49bc,1188,LIBERTY AVE + WINEBIDDLE,40.458814,-79.943591,0
4f21a1b7-ee54-4263-851a-3a0cd7dfe349,8196,CENTRE AVE + MOREWOOD,40.454235,-79.944368,0
4f2ab4ee-6c5b-4c74-8435-e207b86285ce,10010355,Perry Hwy + NA Dwy SB,40.604971824,-80.051064755,0
4f2dc7b7-1908-4c34-86b0-b776c7637dd0,16233,EAST PITTSBURGH-MCKEESPORT BLVD + THE LANE,40.371262,-79.828348,0
4f2e0384-3731-44f7-b5a2-05ddedfc3ebb,9149,FRANKSTOWN AVE + DORNBUSH ST,40.455089,-79.879877,0
4f34ecf6-bbb1-4f68-875f-07059073e921,4673,COCHRAN RD + CEDAR,40.380579,-80.052642,0
4f350a55-c8c9-4e4f-a610-a395fa7a61d6,21561,AGNEW RD + ACADEMY CHARTER SCHOOL DRVWY,40.399361,-79.967839,0
4f3b2189-51ea-473d-8979-9e233ed089ea,2188,LIBERTY AVE + 39TH ST,40.462457,-79.959236,0
4f3f7d80-71e7-45f9-9c75-58df21de5f0b,10259,WALNUT ST + 31ST FS,40.330952,-79.843547,0
4f4b267f-ec77-4a97-9665-d811e8edebb2,1174,FIFTH AVE + CRAIG ST NS,40.446827635,-79.949297919,0
4f65a67f-3cf1-43fd-86a0-4f862e9c283a,3381,FERGUSON RD + OHIO,40.557338,-79.978771,0
4f6d4449-f658-43e2-bfe4-4834a6d56b5a,17,BROADWAY AVE AT BELASCO,40.407036,-80.027078,0
4f6fabee-1287-4f08-a77a-1a250a0d5835,11767,PENNSYLVANIA AVE + TAFT,40.362072,-79.861667,0
4f774bd5-afc5-4093-88e7-8c92d47ad436,3629,CHARTIERS AVE + MARGARET,40.46576,-80.064176,0
4f807e81-a0e4-41a4-abf6-5597fe439108,10908,8TH AVE + ANN,40.407979,-79.909218,0
4f8da0a4-8365-4645-90ec-2f6bb044da8d,5094,STEUBEN ST + CVS DRVWY,40.438485,-80.070008,0
4f9e4172-e883-43fd-871c-01b62227ee68,11194,THIRD AT RT 51 OVERPASS - ELIZABETH PARK AND RIDE,40.273078,-79.885653,0
4fa0ea10-dd8c-48dc-9781-72f719fcded8,4553,COCHRAN RD + NAVATO,40.384008,-80.052804,0
4fab53d5-a46a-4f84-b09c-24efcdea57fd,4817,E CARSON ST + 14TH ST,40.428849,-79.983942,0
4fad9162-26b3-4891-bc6b-3bf79b62b157,15676,PARK HILL DR + #2401,40.455542,-79.874206,0
4fc46491-5fcd-4c1b-b956-a844e4cf0c0c,21067,STEUBENVILLE PIKE + HIGHTOWER,40.447736,-80.155165,0
4fc5bf75-ef88-4467-9e2d-c74f01353b6a,7419,PRIVATE DR + BRINTON TOWERS,40.409817,-79.85244,0
4fce56ac-6332-44e7-981c-363cc3518a45,10010357,Blazier Dr + Ashton Commons SB,40.586768556,-80.024900932,0
4fdfdb63-d150-4743-b0e8-363187002dcc,7069,EDGEWOOD AVE + LACROSSE,40.426685,-79.885234,0
4fe0e996-9328-4c4d-914c-d13febd251ba,19651,BOGGS AVE + PAUL,40.422415,-80.010093,0
4fe312f3-3d35-499b-94ab-aad452a29a62,11782,GRANT AVE + 4TH,40.372609,-79.849171,0
4fed8778-c3b5-4d8f-93fd-55bb6a114073,19231,STEUBENVILLE PIKE + LORISH NS (ECONO LODGE),40.449186,-80.106607,0
4feed830-1f90-4cce-ba69-cbd12544c41b,13501,OLD WM PENN HWY + ROTH DR,40.441144,-79.747628,0
4ff38c11-97dd-4673-a431-f5367796e611,16489,GEARING + FREELAND,40.41828,-80.00526,0
4ffd9612-a5f2-4f7b-9602-c50323a2c0c3,20240,WORTHINGTON AVE + 10TH FS,40.291971,-79.893589,0
50244677-a23f-41cd-9f48-61bd3a3f9b3a,16227,BOWMAN AVE + LIME,40.360891,-79.83285,0
503e55d7-c3cb-400a-89bf-7c74e99b60a5,19149,MILLTOWN RD + NEWFIELD,40.500973,-79.792096,0
504e37d5-92b4-404a-95f5-3142741cff12,21686,CLIMAX ST + HABERMAN AVE,40.419956,-80.002324,0
5056a494-4957-4af4-9dea-eeb2a0c2b58b,4054,CAROTHERS AVE + CREEK,40.40171,-80.088397,0
5057a26b-26eb-4bdf-9b38-a0b1fe75368d,10941,RICHLAND AVE + BRIDGE STEPS,40.348041,-79.891286,0
505cac18-5740-4eff-a749-c2894353d601,1510,GRANT ST + US STEEL STOP A,40.441202,-79.99536,0
505d9632-6e80-4649-885e-dfc91c6a5b76,4210,W PROSPECT AVE + INGRAM,40.444952,-80.066296,0
50871a69-cf93-4694-86f8-6c6607fafbb6,4741,CEDAR BLVD + LONGRIDGE,40.378624,-80.054484,0
5089414a-bf54-4d11-8c4e-9b50e3172de6,20659,PROSPECT ST + 9TH AVE,40.609077,-79.744358,0
508ad0b0-1511-4c4c-b02c-5543f2ac4048,23,BLVD OF ALLIES + SMITHFIELD ST,40.437782,-80.000397,0
508c0278-c2d6-468e-bacf-f0ecfdddf0dc,6854,SOUTH BUSWAY + OVERBROOK SHELTER,40.385268,-79.995902,0
5092aa42-a84c-421f-b996-8da69a39c311,4141,CHARTIERS AVE + DUBOIS,40.451409,-80.050313,0
50971632-6689-438f-90f9-1aef24969aac,19855,CALIFORNIA AVE + FAIRLEE ST FS,40.478956,-80.040802,0
509a5cbd-cbae-4d87-8f78-648e012b7a0b,55,MUNROE,40.32278,-80.029695,0
50a135df-38cb-4e15-9cfb-73a22de35445,9018,TERRACE ST + DUNSEITH,40.440388,-79.964965,0
50b8b9c2-6b03-402b-bc8b-06d361132f09,200115,S Braddock Ave + Tuscarora St,40.446320004,-79.895592875,0
50bcafa1-9c04-49e6-aa36-ce28d1e2b2d0,19109,CRAIG ST + BAUM,40.453808,-79.953117,0
50c720b7-2892-4144-ad51-b2de1b5c3777,2912,SPRING GARDEN RD + #3253,40.478432,-79.994914,0
50d29847-d702-4263-9ceb-c4053407fc50,10010464,Walmart Moon SB,40.517377695,-80.223336712,0
50d6123d-1ab7-420b-842f-c7f3625fe923,200179,Freeport Rd + Camp Ave,40.585389346,-79.756775944,0
50f5d7df-bfd2-4dea-9036-3fa861695e35,19271,CEDAR BLVD + #1046,40.372711,-80.058398,0
5102cc33-3d5f-4674-8fc3-0d23e987e586,14688,UNIVERSAL RD + SALTBURG,40.477453,-79.785231,0
51202fae-49ca-407c-a88a-093cab97e34a,6736,BOGGS AVE + ST JUSTINS PLAZA,40.426699,-80.006925,0
5127aa9b-53c9-4607-9741-a8b7c863b8b8,6749,SOUTHERN AVE + GRAY,40.426708,-80.008982,0
513a1dbf-ce89-4618-b543-299e4b334cb9,8888,CENTRE AVE + #5803,40.458038,-79.931623,0
513bdef0-8822-4001-90b9-688209a5b29c,200166,Robert Morris University,40.521819404,-80.214810753,0
5145ea83-1d1a-4418-a701-cea8465ace14,8033,BLVD OF ALLIES + CRAFT FS,40.435757462,-79.960908803,0
51481cd4-b4d8-4e8d-bd0d-cc5cca3351a1,8384,HOMEWOOD AVE + HERMITAGE,40.460095,-79.895206,0
514d0978-e166-4e0c-857a-659778e003ad,22805,HAZELWOOD AVE AT LYTLE ST,40.4108,-79.946773,0
51704c47-52b4-4256-8d18-83c9196d43ad,2580,MILLVALE AVE + CYPRESS,40.458649,-79.947116,0
51709faf-7f7f-4623-b17a-2a83e8fdd265,2867,SPRING GARDEN AVE + LUKES ROAD HOUSE (#3254),40.478631,-79.995139,0
51749336-3ff7-4ad6-ae92-27aae1d51e02,9016,ROBINSON ST + ELLERS,40.441719,-79.965703,0
51896391-70d2-4c8c-bc4d-cab710b81438,11259,HWY RT 51 + LARGE VFD,40.300589,-79.92355,0
518eff9b-207d-481a-b047-006b93ba566d,4554,COCHRAN RD + MCCULLY,40.385642,-80.05381,0
519068ba-e445-4fc1-871a-aff60327d849,8764,WEBSTER AVE + ORION,40.454858,-79.961966,0
51a25c21-50da-46b7-b406-2780d22341c0,13500,OLD WM PENN HWY + GLENWOOD DR,40.440830179,-79.745197982,0
51a929d1-e921-4446-b635-e06f9209e5d4,1169,FIFTH AVE + NEVILLE ST,40.447121,-79.947174,0
51af3d24-2f1e-4b2e-8ae7-a43ec4ed1a70,22097,STANTON AVE + DUNCAN ST,40.47752,-79.951852,0
51bfc8c3-c0de-4e1a-86fa-5d4881fce7a0,3230,MELLON TERRACE + N NEGLEY AVE,40.47959,-79.92196,0
51c03a7b-6c69-4efc-b7cc-d50e9d4d5ffc,8902,CENTRE AVE + KIRKPATRICK,40.445311,-79.975842,0
51c5ef51-1f6d-43a8-af42-61999df983c4,898,PERRYSVILLE AVE + #3358,40.481119,-80.013367,0
51cdd7aa-7938-4bf1-a463-302765b57370,5099,STEUBEN ST + INGRAM,40.440339,-80.079797,0
51d8d4b7-59eb-4253-aae1-96746a2004ef,20462,BEDFORD AVE + ERIN ST,40.447053,-79.981005,0
51de5b93-1608-4647-9002-dd7103c60848,18292,OHIO RIVER BLVD + RIVERVIEW,40.491826,-80.061352,0
51f25b54-be27-4a83-8525-b4ffb7eecbd0,7603,LAKETON RD + SOUTHERN,40.457986,-79.851537,0
51f69ceb-7b9d-4223-9717-7864312d2ca3,16474,BAKER ST + #7207,40.487813,-79.923153,0
51f9a537-645b-4713-b919-e4762ec06f5c,17533,PROSPECT RD + CAPAREL TOWNHOUSES,40.359633,-79.959714,0
51fa8c3a-ad5b-42b0-baf5-83282162ac82,16464,BUTLER ST + 53RD,40.482044,-79.952532,0
51fb39df-131c-4d91-aad8-c4ee045147a3,19510,FREEDOM AVE + CREEDMORE FS,40.389035,-80.011747,0
51fbd397-ce80-4eb5-ab93-5ad4a6f46e22,10936,LEBANON CHURCH RD + PLEASANT,40.353712,-79.901432,0
5200f714-a386-4ae3-9dc3-d4ca27646d96,972,MEADVILLE ST + RISING MAIN,40.46355,-80.006014,0
52181903-941e-41c7-bc1c-28985e22b894,8061,BRINTON RD + ARDMORE,40.435371,-79.871658,0
521dc926-ba30-4024-af01-10a4bbc0c34d,14510,FRANKSTOWN RD + ROBINSON BLVD FS,40.461225,-79.865464,0
5227f167-9de6-4de7-9b5e-85a61d4ab391,22722,CENTER AVE AT PENNSYLVANIA AVE,40.513075,-80.099979,0
523a1df9-e6da-4e35-bde8-909af6d2c130,1346,BEAVER RD + OAK,40.562504,-80.204071,0
52430752-470a-4c6c-b47f-d40bdcaa2154,1408,LIBERTY AVE + SMITHFIELD ST,40.443417,-79.996451,0
524592a9-cde2-4984-b84e-43b59bea1829,8649,ALLEQUIPPA ST + DARRAGH,40.443162,-79.965234,0
524d8eb1-7e70-4d47-8b0c-42513ed453ca,21747,OAKWOOD ST + KELLY ST,40.452835,-79.885262,0
525166ef-e94a-456f-b1db-fa4320974f18,8931,MT CARMEL + MASON RD,40.465484,-79.878214,0
525824f7-9700-4387-be66-a5b25c9c3d64,1847,CALIFORNIA AVE + WINHURST ST,40.487207,-80.045062,0
526511f2-e6ce-4ba8-b45c-561a7f0882d3,6699,KATHLEEN ST + CRAIGHEAD,40.425655,-79.99866,0
52764a5c-7474-4a42-83e6-92a9b3924b5b,18780,MCCOY RD + NEVILLE FS,40.479799,-80.083984,0
528fe02f-a6f0-46da-92d5-dffecaf710d4,19693,GREENTREE RD + POCONO FS,40.41673,-80.04498,0
52a4b6cd-b50d-496f-b97e-9b7901146cb6,22719,HWY RT 885 AT #1620,40.324054,-79.926871,0
52a563ab-851a-4d63-ab7f-2d326ec9d58f,5797,LINDSAY RD + #509,40.38239,-80.085733,0
52bcdc4f-9663-466b-92e8-79da84d47ee4,2745,TROY HILL RD + N CATHOLIC SCHOOL,40.46028,-79.985224,0
52cd9f2a-d278-4a45-9a4f-3e8b662d51c6,10010278,Renziehausen Park,40.339936423,-79.827159543,0
52dc4d84-649f-43d3-adda-189f53666f6d,135,MCKNIGHT RD + ROSS TOWNE CENTER,40.537777,-80.011459,0
52e5982f-116e-48aa-937d-8336a7167dc8,4563,BANKSVILLE RD + #3021,40.401533,-80.042428,0
52f62344-f0e0-4913-8540-47af501e4e32,9651,HWY RT 51 + #3500,40.373095,-79.982146,0
52f6b19e-fb69-479d-97a3-ed058687f567,19630,NOBLE AVE + CRAFTON,40.435994,-80.064532,0
52f7c422-8596-4efb-bbfc-9c55c9d2cab8,2542,S 18TH ST + GABLE ST,40.421328,-79.984615,0
52fd4e5f-a149-456f-a0e3-c78cc8515294,21956,STANTON AVE + #4343,40.480476,-79.942519,0
530fb5d9-8171-42ce-a59a-5835f326b57e,1709,MANHATTAN ST + LIVERPOOL,40.455178,-80.026728,0
531d4491-0d90-4353-9756-b8fad89f3d2e,18997,COMMERCIAL ST + WHIPPLE AVE,40.421310154,-79.900692412,0
53333962-8cb5-48dc-a64f-444f13ade6fd,22814,CRAWFORD ST AT WYLIE AVE,40.442774,-79.987348,0
53364092-3212-4d6c-9025-df8911b9144f,8374,HOMEWOOD AVE + ROYCREST,40.448104,-79.902065,0
53431d3d-2cb8-4148-9f0a-d78dc3bef18f,18950,GREENFIELD AVE + LORETTA,40.421693,-79.92969,0
5374efc7-3384-4f93-9c43-3585ab65f84d,200262,Federal St + Duff Rd,40.463900832,-79.828052677,0
53a817cc-0dcc-468c-bf26-d7e98001dfc2,11110,MIDWAY DR + #18C,40.397286,-79.882713,0
53b0a2ef-174c-4fe5-b527-8809b3536a56,966,WILSON AVE + PERRYSVILLE,40.463772,-80.012369,0
53b50fbf-f778-4acf-852a-0c6bcb30a8a0,8862,LINCOLN AVE + WILTSIE,40.470227,-79.893601,0
53c048ae-3ba9-45e7-b0ae-5833efab486f,8378,HOMEWOOD AVE + HAMILTON,40.454534,-79.897553,0
53cd21d5-fe65-4098-954b-6a08d67063ee,6928,GARDENVILLE RD + KOEFFLER,40.347836,-80.00759,0
53dcb83e-e1c6-4e6c-a54a-39a4b0f01e5d,3612,CHARTIERS AVE EXT + STATE,40.466664,-80.079769,0
53e652ec-3eef-461d-a8f6-c76bfa196efa,3195,FREEPORT RD + E OAK HILL RD,40.489329,-79.875036,0
53f6609b-a506-400c-8cb7-3d7bd2cef8a0,20794,FORBES RD + MEADOW ST,40.388982,-79.750332,0
53f80c1b-af49-421b-acf6-1fb4f0a76899,6573,GALLERIA STOREFRONT + SOUTHEAST ENTRANCE,40.356559,-80.052006,0
54097f1f-032b-4f74-9b54-d1d4c484a7fe,163,EAST ST + VENTURE ST FS,40.485058,-80.009567,0
54125f26-0cca-48b2-b272-2ccee1af2829,8310,FIFTH AVE + BEECHWOOD,40.453713,-79.915207,0
54152366-ae16-45ca-ae51-2339689d0df0,22859,CHERRINGTON PKWY AT #1200 (SERVICELINK),40.490199,-80.197129,0
54263313-f782-4517-8fbf-b0f6fb837829,22852,GREENTREE RD AT RIDGEMONT DR,40.429122,-80.040127,0
54355ca6-8162-487c-8906-50c22888ddd6,11031,WEST ST + 15TH,40.40201,-79.906926,0
5438253c-afcb-415c-b0da-d383584dd850,1275,FOREST AVE + #414,40.498951,-80.050481,0
54397a89-3915-40ed-8072-2b1255449d66,8307,HAMILTON AVE + FIFTH AVE,40.457147,-79.908405,0
54494ab2-4793-4ac7-8ce1-bec7396a89ca,7447,BRINTON RD + GENERAL BRADDOCK FS,40.408711,-79.849861,0
544c0093-52e3-452a-a1c3-cdf2e8705bb9,3677,BROADWAY ST + 14TH,40.474985,-80.080833,0
5455f407-07af-40f6-a9ae-6940084217a7,2169,LIBERTY AVE + 12TH ST,40.445357492,-79.991766925,0
545a8982-958e-4117-ad30-bf5c30e35521,5458,GREENTREE RD + MANSFIELD FS,40.422491,-80.045508,0
545be49e-f39c-4888-8ccd-2a8ce51af7c3,21096,TILBURY AVE + WALDRON ST,40.431604,-79.91802,0
548eb2ad-45a4-4d8b-8a68-90e465bfddaa,10222,HWY RT 51 + PRIMANTI BROTHERS,40.324586,-79.943816,0
549b7760-cdf0-4742-b968-328e470dd943,19457,EAST LIBERTY BLVD + NEGLEY FS,40.467458,-79.927774,0
549d09f1-50c2-438d-933a-a6939c9db5b6,7284,SOUTH AVE + CENTER,40.441212,-79.883133,0
54a85579-3c51-4478-beff-7fa2f20c9b8f,200174,Freeport Rd + Valley St,40.586083039,-79.754259269,0
54af7890-c663-46a7-9dee-5763dc861657,6691,BOGGS AVE + KRAMER,40.424553,-80.008908,0
54b24cb9-4ade-4eac-aa4d-73c7dd914a9e,10010252,Union Ave + Library St,40.345267356,-79.854703781,0
54b85d37-0430-4038-a784-f670978b6ef1,20617,HWY RT 885 + WRAY LARGE RD,40.318534,-79.921627,0
54d0219a-6712-4dc8-a558-ec03777262da,11262,WORTHINGTON AVE + HWY RT 51,40.29072,-79.912907,0
54d88561-fd61-4a13-b42f-c0d74aa559ab,7678,WILKINS AVE + BELLEROCK,40.44476,-79.92937,0
54d9dce4-cccf-4bb9-a50b-b2eb248bf06c,11623,INTERBORO AVE + LEASIDE #2,40.371988,-79.912347,0
54e7bd42-5711-402b-ab56-31ed8d399a14,4876,ARLINGTON AVE + KOEHLER,40.417637,-79.984507,0
54e8c8d7-fbda-4070-9c33-fe30716406be,21532,CHURCHVIEW AVE + GREENGLEN DR,40.384047,-79.952816,0
54e8f472-8955-42d1-bb82-023c9cd45566,8133,JAMES ST + LOWER BOONE,40.414753,-79.815788,0
54f22ff2-14e5-4122-8dda-5ac27d79642d,4228,MIDDLETOWN RD + MUTUAL,40.450203,-80.06535,0
54fa74fd-216e-4906-a854-c9349cec5336,3766,STEUBEN ST + CRAFTON,40.440284,-80.07992,0
54fa7e8c-01a9-4715-b7b2-afd6e3eb052d,18465,E CARSON ST + 7TH FS,40.4286,-79.991973,0
5502075e-62b1-4d4c-823d-5db3839cc57b,22265,GRAND AVE + #4700,40.509425,-80.12226,0
550b95c8-32b6-40e9-9d2f-ef5349985b5a,6929,GARDENVILLE RD + CROSS,40.349958,-80.008198,0
550dfb44-d00e-4d5d-a8bd-8cf374fc3500,49,LYTLE,40.33464,-80.031059,0
55141c0e-d843-4e9d-bee6-3c8768f27030,21058,AIRBRAKE AVE + 1ST,40.397889,-79.813004,0
55256aa4-0538-49e7-b7e9-057dd6908c56,2676,CHARLES ST + KNOX,40.416619,-79.990519,0
5537d5a8-e709-4901-ab45-efc39aba4781,15974,GRAND AVE + HUBERT (NEVILLE PNR),40.512871,-80.135091,0
55385d9c-6496-4a80-9d68-69caabe3bfcf,6849,SOUTH BUSWAY + EDGEBROOK SHELTER,40.402875,-80.002304,0
5539d645-9401-4076-befc-a7bdacbc67e5,2226,GRAND AVE + NEVILLE NS,40.502892,-80.101837,0
553ee918-93f3-4d7e-a122-ffb4d22931e3,21026,W 5TH AVE + WINDSOR,40.348584,-79.877612,0
5542ad04-acde-48de-819f-cb3ba81f1dfe,11769,MELLON ST + HIGHLAND,40.363036,-79.858884,0
55548931-5461-4d19-a5dc-6c4d0d7f5551,47,LOGAN ROAD,40.311723,-80.03314,0
55558927-8245-4a86-ae65-8233099c575b,100082,Stroschein Rd + Cliffside Ct,40.433285452,-79.775531405,0
555e697b-5cf6-41c8-be55-579e39a77c31,7874,GRANT ST + STRAWBERRY WAY (US STEEL TOWER),40.441557,-79.995472,0
556989ec-1b01-42a0-9923-8f6c4258462d,12818,FREEPORT RD + CRAWFORD RUN,40.582387,-79.778334,0
55739cfd-be8d-468f-ba0b-347fdbbe7c85,20809,BROWNSVILLE RD + NATIVTY CHURCH,40.329144,-79.987487,0
5583b65e-dad0-4152-8834-bd0ad8bb1885,25,BEAGLE,40.300909,-80.031477,0
5595db6a-3eb8-43f1-ad2f-2d0798fdd3f3,1997,EAST OHIO ST + MIDDLE,40.453857,-79.998947,0
55abc836-de4f-4220-b3f6-45434e93cdb4,5899,LINDSAY RD + #509,40.382134,-80.085701,0
55b2b488-6085-49d4-9128-4fcba5fc5e6e,19986,FREEPORT RD + JEFFERSON FS,40.632614,-79.714718,0
55b40563-b9c6-4602-a5ee-a904d2c3396a,19783,FRANKSTOWN AVE + BLACKADORE AVE,40.455486,-79.883249,0
55b6b40b-b67e-4141-8827-23ef4f3f1656,827,PERRYSVILLE AVE + MCINTYRE,40.468921,-80.00931,0
55b9a32a-ce35-4dab-825d-87298c69271a,10010439,Glenbury St + South Busway,40.382863361,-79.997041017,0
55c953bc-c4ce-416b-b380-7469a676e9b2,2918,RAMAGE RD + CHARLEMMA,40.490137,-80.002969,0
55d60249-325d-463d-b906-4706bfff9502,14953,LONG RD + ELIZABETH,40.46217,-79.833965,0
55e9185a-627e-4ac1-a28c-6426093c808d,10979,KENNYWOOD BLVD + HOFFMAN,40.385019,-79.863085,0
55f54722-0d5f-418a-aefa-422d523eef71,3178,FREEPORT RD + GUYS RUN RD,40.534012,-79.844813,0
56147f0b-a8b5-4dac-a2fe-2524047162a2,21629,YOST BLVD + BRINTON RD FS,40.412324,-79.856389,0
561a1251-1e0d-413e-b887-aa291caa27f0,6960,CURRY RD + HORNING,40.337344,-79.99144,0
562f68d8-ab31-472b-88bd-55633cc53dca,7707,SWISSVALE AVE + STONER WAY,40.44088,-79.877937,0
5634f3fb-5db2-4ec6-bc69-e9296ca065c6,1738,METROPOLITAN ST + COLUMBUS,40.456814,-80.031684,0
56393594-fd37-4a8a-845f-d95b1a01e1a0,20180,CENTER AVE + NORWICH,40.517605,-80.023167,0
56405429-566d-4ff8-8482-adc9802567e3,2258,W CARSON ST + GATEWAY VIEW PLAZA,40.441694,-80.021743,0
564d7495-6e08-45d6-86f1-cc5cf72f4c0a,7128,FORBES AVE + DENNISTON,40.438005,-79.918058,0
5658e34c-3111-43b3-b4bf-dc4844f16552,5495,WASHINGTON PIKE + GREAT SOUTHERN SC ENT #2,40.367714,-80.104225,0
565962cc-997f-4917-878b-831d70da55de,21103,LAKETON RD + WINTON,40.450905,-79.862051,0
568200d5-5046-457a-b837-162e731eb22d,18495,PANTHER HOLLOW RD + BARTLETT RD FS,40.433481,-79.937157,0
5682f7d9-5d2e-4f28-8586-9dcc2e89263a,8433,EVERTON ST + SILVERTON ST,40.462797,-79.891618,0
5685013f-6cef-4cbd-b895-a7b11922d9f3,8945,WILNER DR + EAST HILLS DR,40.455078,-79.871014,0
568df08a-efe6-416f-a44b-1eaa208487d9,22696,B DR AT MANAGEMENT OFFICE,40.342164,-79.911457,0
569fc22c-0437-4244-b09b-fb6ae1582c52,7679,WILKINS AVE + WIGHTMAN,40.444145,-79.928063,0
56aa5336-7b4a-404f-98da-cc141f00ff41,4447,NOBLESTOWN RD + #608,40.437108,-80.040117,0
56b12d5a-5c99-4f90-a180-39c5e89dae80,1100,CHARTERWOOD DR + MCINTYRE,40.551785,-80.000816,0
56b2ccab-a0ad-43ec-983b-a8f238143251,12026,BUTTERMILK HOLLOW RD + #5055,40.354732,-79.913493,0
56b65fcf-fda3-46b0-a457-841a0463c279,11639,MAIN ST + LEA,40.392385,-79.900231,0
56c06d41-1306-4f34-bf45-f747842e2b29,20990,SECOND AVE + BATES FS,40.431413,-79.959459,0
56c48ac4-ec6a-40a0-9b07-bb9dd935fa7d,22766,COMMONWEALTH AVE + CLONMEL ST,40.380236,-79.861971,0
56cf7bfc-8cfd-4dc4-99ca-97db353a8aca,21691,CHALFONT ST + DELMONT AVE,40.416567,-80.004018,0
5700d8bc-7aca-47c3-b3af-fc8c02b3d2f7,2719,MT TROY RD + FORNOFF,40.478464,-79.986385,0
570449a8-31d3-4f64-ba02-3d689f579774,6770,GRANDVIEW AVE + PLYMOUTH,40.438925,-80.020502,0
5706ee51-d575-4dda-b562-1c467eea90b9,12768,MAIN ST + #1113,40.49423,-79.930445,0
571a9f7e-3d96-458d-94f9-fe3a39a302be,7497,WM PENN HWY + SAMS WAREHOUSE DRVWY,40.433331455,-79.798406942,0
5723008e-1337-4cb7-939f-0d2c31fcb268,19140,UNIVERSAL RD + HERSHEY RD FS,40.468995,-79.795811,0
5723ac7c-92f6-475d-a379-ae9caed7b6b3,18149,FRIENDSHIP AVE + HOWLEY,40.465109,-79.951069,0
5724a105-80a3-4901-b62c-325d73886c45,19130,BEULAH RD + MCCRADY FS,40.446423885,-79.848505134,0
57272051-aebf-4e83-9f9a-6dcc16ac5e5e,15675,PARK HILL DR + #2501,40.456271,-79.873382,0
5737202b-baad-40bc-bb01-9c52a95209b3,4230,MIDDLETOWN RD + BERRY,40.448607,-80.063006,0
57507786-aca4-456c-b1c9-6fc8de369ad3,6723,WARRINGTON AVE + DELMONT AVE FS,40.420787,-80.004713,0
5756c574-61ec-44e5-8995-c9654f28834f,20419,BEECHWOOD BLVD + MONITOR,40.425358,-79.926689,0
576c3473-12ef-49a6-a3e7-2188e4f1828e,1647,CENTER AVE + PENNSYLVANIA,40.513162,-80.099814,0
5779df3f-354a-4587-9466-e795ed56d252,100090,Monroeville Mall,40.429283907,-79.792233598,0
5787b773-36f7-4a84-94e6-05c4471c0152,7640,WILKINS AVE + #6647,40.446231,-79.914378,0
57893691-cbbb-41fc-900c-8a9f3d602f61,20918,CHURCHILL RD + HOLLAND,40.444743165,-79.846337455,0
57acc3d9-243a-457c-9fc8-8ae252f08755,4815,E CARSON ST + 18TH ST,40.428809,-79.980429,0
57b39e61-78cd-4f2b-9029-218e833593db,7839,AIRBRAKE AVE + BRIDGE,40.395302,-79.805518,0
57b81681-5dea-4cc8-af7b-d66e371423e0,1207,NORTH AVE + ELIZABETH,40.483494,-79.97284,0
57bf7af3-da64-493d-abda-b2b8abf8690c,21687,CLIMAX ST + GEARING AVE,40.419219728,-80.005386288,0
57d565ef-b4c0-4b31-a94f-4b7549cb7dc2,174,CEDAR AVE + EAST OHIO ST,40.453461,-80.001819,0
57db6a7c-9cb0-43c2-bc36-4f0d00ca331b,12050,HWY RT 885 + COAL VALLEY,40.322754,-79.926491,0
57e496ef-f798-4512-a17b-6dc0be7bd2a1,8662,BENTLEY DR + NIGH WAY,40.440622,-79.978193,0
57fa0879-457d-41b8-8e5b-a3e0a791cd76,8229,PENN AVE + LINDEN,40.452524,-79.910125,0
58001b8a-dab1-40ef-98f7-534b5e78f2c5,6270,KANE BLVD + INSTITUTION DR (KANE CTR),40.375371,-80.087923,0
5816d431-c833-4ecc-aa93-c3e86ad7f0cf,14451,VERONA RD + RIVERVIEW,40.497389,-79.836822,0
5827cfe0-1816-406f-9c77-447b631c513b,7996,MULHATTON ST + DARLINGTON,40.436351,-79.916228,0
582ff17e-296a-475b-832f-3a42b5079c0b,14620,UNITY TRESTLE RD + #1049,40.478284,-79.761287,0
584790dc-95e4-4328-96db-e18704b97d51,1010,CENTER AVE + WAVERLY AVE,40.517416,-80.035841,0
584ad1ab-b1d5-4d3f-b409-2ae98e9d3610,3363,GRANT AVE + WILSON,40.504208,-79.949249,0
584c43c9-2ccc-443a-a7d7-173ed0644512,20228,WEYMAN RD + HENNIG DR FS,40.364339,-79.999732,0
584d4418-9362-494e-8b42-6dabb3aa6a25,100104,5th Ave + 14th St FS,40.573518101,-79.767240552,0
584d8588-ebae-4211-b531-f18707ae743d,7619,SWISSVALE AVE + HILL,40.443817,-79.876389,0
5898ace5-bd91-4a41-9aee-2b8fe656b757,22126,BUTLER ST + PENN AVE,40.462924,-79.967123,0
58a58d0b-9354-43d6-b0ef-7f486c6144fb,21685,CLIMAX ST + ESTELLA AVE,40.41999,-80.000383,0
58aa52d7-595f-4e2c-aa15-1f8e2adb259a,9055,IOWA ST + CLARISSA ST,40.452382,-79.956671,0
58ad7bef-871d-4fb5-9898-85b2faf9584a,8178,NEGLEY AVE + WELLESLEY,40.474306,-79.925102,0
58b418bd-795e-4ae3-b2d8-a2a99a48caf1,7499,WM PENN HWY + KINGSTON FS,40.429989,-79.809511,0
58b4b1ab-f1fd-4baa-8414-8d159845a7e9,22204,BUTLER ST + 36TH ST,40.465433,-79.965183,0
58b6161b-81e5-4c9b-bd06-a2d79ab842e3,3655,CHARTIERS AVE EXT + HECKLE,40.4706,-80.091064,0
58b64ae1-8ffd-4953-a194-ac2bc5cd89b9,4802,JOSEPHINE ST + SALISBURY,40.417832,-79.9667,0
58c91888-cfcc-4381-8603-97ed4947bedd,734,ROSS PARK AND RIDE AT SHELTERS (MIDDLE UPPER LOT),40.506752,-80.030472,0
58d71133-0056-4bc6-90c5-a99dd822a56d,20640,HWY RT 885 + # 1118,40.31144,-79.91638,0
58ee71fd-2c3e-4f31-8a56-669ea3ed4fc2,21534,CHURCHVIEW AVE + CASTLEVIEW DR,40.385025,-79.959127,0
58f6fa39-9b48-4139-9ab4-890505571926,20160,HOFFMAN BLVD + K-MART DR,40.382904,-79.866847,0
591313d1-85b6-496e-8920-24c6b47b6101,1871,SHADELAND AVE + SCHIMMER,40.473185,-80.031343,0
5913da27-f41e-4859-8a02-b05e2408b94d,7077,COAL ST + WOODWORTH,40.437434,-79.881846,0
59191d84-a7a0-450f-b602-76bfc3b89410,5882,GREENTREE RD + VIRGINIA MANSIONS,40.391672,-80.071292,0
5920afcf-6014-446e-9647-51af3463054f,11197,WORTHINGTON AVE + 9TH,40.29219,-79.891505,0
5922283d-9762-42fc-92e3-a7b61cd772f5,14610,CENTER RD + FOUR SEASONS APTS,40.460966,-79.759405,0
59233dc2-b315-44c9-902d-aab259722d07,6186,BROOKLINE BLVD + GREENCREST,40.39235,-80.00541,0
592e3f54-4a0b-4440-99eb-4edc08414a79,8177,NEGLEY AVE + HAMPTON,40.475563,-79.924549,0
59305476-5f20-4f0e-84b5-7b760d3ef6e3,7719,LAKETON RD + #1746,40.449086,-79.866019,0
593393c2-7964-42b3-ac2f-f65efc18dfbb,2720,MT TROY RD + PIEFFERS STORE,40.476791,-79.987744,0
593aaffe-f852-456f-afbe-fd5b1d1becdb,623,EAST COMMONS + EAST OHIO ST NS,40.452772,-80.00358,0
593af018-f948-48d8-ad80-0c7b01202c9c,5480,NOBLESTOWN RD + HAWTHORNE,40.416189,-80.067468,0
59432e12-ab9f-4837-98f5-c72d305b8202,11118,WHITAKER ST + OAK ST,40.40029,-79.886927,0
594c2b01-f75f-4e6e-b39f-1ffa7caa006e,8434,SILVERTON ST + TILDEN ST,40.463408,-79.891736,0
594d89ac-6711-42b6-9ac6-250b72cb9997,22613,HOMEVILLE RD OPP DUQUESNE VILLAGE ENTRANCE #2,40.365609,-79.870489,0
595c4795-90e1-4fef-9613-2ef4d070a91f,5280,RAILROAD ST + 3RD,40.390313,-80.087998,0
59667455-1bf8-42a6-b9f2-23caccdc104f,2697,IVORY AVE + CHERRYLAND,40.496434,-80.009008,0
596e306a-c217-4e11-94e2-ceb6f972de15,15736,WARREN DR + WAL MART DRWY,40.385476,-79.821663,0
598fbb6a-07e0-4020-8260-8e746c3c1f08,11052,MAIN ST + N LEHIGH,40.378549,-79.908122,0
599738c3-ade8-4d8a-b4f4-b5f290bfaf38,2235,ISLAND AVE + #1308,40.481851,-80.069605,0
59a07d24-66c7-47be-9d14-4b8bab100e6c,18509,SOUTH AVE + ELVIA FS,40.439024,-79.876324,0
59b78604-5c83-49b1-bfca-ecad33dcf028,2687,HERRON AVE + RUTHVEN (BUSWAY ENT),40.459202,-79.965914,0
59bf8b30-a7ae-40ec-a40e-a8248add8548,11025,MCCLURE ST + 9TH,40.408169,-79.906967,0
59c49c9d-a5e5-4976-b4db-8d365a2376c8,19412,HIGHLAND AVE + HAYS,40.468152,-79.921679,0
59cd574f-1bc8-4843-bea7-f43e827aacf6,20775,CENTURY DR + SAMS CLUB DRVWY,40.344604,-79.948263,0
59dd5ee8-5972-4db2-8922-02eaeba1e556,10010493,Federal St + N Commons FS,40.454285867,-80.006123673,0
59ebccb9-42f3-4ad6-b5f4-57ca5086c8fa,10010474,Grandview Ave + Versailles Ave,40.344686251,-79.836340818,0
59f7f710-a1a4-432e-b4f8-4c0191656567,19900,WINTERBURN AVE + BLANTON,40.42436,-79.939847,0
5a189101-3d0c-455e-bf37-819097d22af2,18721,WEST BUSWAY + CRAFTON STATION STOP A,40.43553,-80.067735,0
5a4b5ed6-b17a-425e-9f65-1ebdd1fdac0e,18164,FIFTH AVE + KIRKPATRICK FS,40.437748001,-79.972355249,0
5a4e1302-69f8-4c3b-9790-74c552b2b416,5491,WASHINGTON PIKE + WINSTEIN,40.37405,-80.099162,0
5a4eb4f1-df31-4d1b-acef-c29491b534f8,5524,NOBLESTOWN RD + HOLIDAY DR,40.426431,-80.06166,0
5a4f3fc0-85de-44c8-a633-12ad282330f5,19776,UNITY TRESTLE RD + EAST ALLEY NS,40.489771,-79.779596,0
5a5b16e3-c285-4901-adb4-19b41c632391,99948,POPLAR,40.375081,-80.038129,0
5a68dec0-5575-42bd-a5c0-222f5dd3faf2,20692,PARK MANOR DR + ROBINSON PLAZA,40.449169,-80.162989,0
5a6c0382-990e-4757-891f-8ad13426633e,7554,COREY AVE + 5TH,40.407606,-79.866776,0
5a74e02a-a5c3-44a6-8295-0e8995c14526,16604,WEST ST + HOMESTEAD HEALTH CTR,40.399708,-79.904832,0
5a79489e-c5b2-4ce7-b57d-3ca9b251a368,2539,S 18TH ST + MT OLIVER ST FS,40.418717,-79.986239,0
5a79c7a2-c611-4c78-92fe-e597ffd165a1,200186,14th St + 5th Ave,40.573633138,-79.767404773,0
5a7d4789-9e33-4fc8-80a9-844fb5dc1f85,10010305,Mt Royal Blvd opp Ebonhurst Manor,40.556957806,-79.970626431,0
5a86fd0a-4faa-4f9d-9787-968c1608e7c8,1103,AMITY DR + CARRIAGE,40.549164,-79.996613,0
5a880405-5283-4668-8d57-b6e9314c199e,1469,BEAVER RD + SHIELDS,40.557205,-80.198096,0
5a9b64ff-9f77-43da-97a9-1d1689111e47,3505,FOREST GROVE RD + ST MALACHY CHURCH,40.479858,-80.104234,0
5a9ec41b-e787-4d33-bae0-983b053b07a0,4145,CHARTIERS AVE + CITADEL,40.454329,-80.058286,0
5a9ed2f0-8cec-4bc1-abb1-d89bd86bdd1d,2874,SPRING GARDEN AVE + BOROUGH,40.468745,-79.985455,0
5aab64ea-644e-407b-85af-f894bd1283b8,327,MCKNIGHT RD + CUMBERLAND RD,40.572292,-80.023789,0
5ac32559-9c79-4ad0-b2ea-cd5b8c1453f8,3653,CHARTIERS AVE EXT + HOWARD,40.46791,-80.084113,0
5acabf8e-36e4-4e8b-b422-54762861971e,19091,BAUM BLVD + MELWOOD FS,40.453993,-79.951381,0
5ad7be3e-09ce-45b1-af99-f74035a12349,8081,JAMES ST + GARDEN,40.412629,-79.818399,0
5ad950cc-9cb6-43f2-8257-93974666635a,2713,MT TROY RD + MT TROY FLORAL (#3467),40.487644,-79.992033,0
5ad9f8f3-350f-4e61-a4c1-3fc79f0079b6,1484,MERCHANT ST + 4TH FS,40.584042,-80.225393,0
5adb9a08-269b-489c-9b18-e22f8ee7b149,19092,BAUM BLVD + LIBERTY FS,40.456668,-79.939286,0
5ae0eff3-e21d-4b0f-bf7d-7d005d37d4ed,19884,ALLEGHENY STATION BAY 2,40.447641,-80.019387,0
5ae8cef4-5b00-4ff5-b684-484fbd533cf9,7065,WAVERLY AVE + BRADDOCK,40.422202,-79.886139,0
5af7ca3c-de1f-4e94-a98a-7b4a00477e96,1115,THOMPSON RUN RD + BARNWOOD,40.53041,-79.990382,0
5b29d47d-2081-421c-9dfe-4e36857f65d8,1884,CALIFORNIA AVE + WINHURST ST FS,40.487567,-80.045274,0
5b3b7fe6-16a7-425e-ab98-47eddf7794ed,2337,NEVILLE RD + GULF OIL ENT,40.497722,-80.091318,0
5b3bb729-07e0-4679-9c37-8dcbe656f418,17625,PLEASANT RIDGE RD + OVERLOOK,40.480536,-80.07259,0
5b70cd37-52ff-4289-b44b-c8905d31b023,19602,COCHRAN + ROESSLER,40.392956,-80.063394,0
5b78567f-9df6-4d40-bba1-f3507efe903b,7231,BRADDOCK AVE + BIDDLE,40.43677,-79.896331,0
5b80451e-0896-404a-9f7f-46590834f72d,10254,WALNUT ST + EXXON STATION,40.325893,-79.839409,0
5b892fe5-b1d8-440d-81d2-455cc069f66a,20299,8TH AVE + RAVINE,40.408682,-79.895009,0
5b97ffe0-da0f-4723-9766-fa2ad82b7c32,20606,STATE ST + MONTOUR TRAIL,40.305475,-79.884047,0
5ba1fafa-9444-471a-a9ab-dc5afa746589,19303,BOGGS AVE + SOFFEL,40.419551,-80.011432,0
5baee783-e14e-46f1-8f9f-a21646c884c5,8380,HOMEWOOD AVE + BENNETT,40.456356,-79.896663,0
5bb7f1df-80b2-482f-abe7-b8a74dfd63a6,2497,FERGUSON RD + LINWOOD #2,40.55817,-79.984757,0
5bd166c2-ab2b-423f-a56b-e300e9080084,3554,HELEN ST + ROBB (MUNSON),40.470665,-80.054687,0
5be15225-d27b-41f2-b076-48a14b6a285b,14980,BUTLER ST + 47TH,40.473847,-79.957954,0
5be24b2e-5ce7-4e6f-8673-a204f1131c38,1116,THOMPSON RUN RD + SEIBERT,40.529193,-79.99043,0
5becac08-fdbf-4c0d-a2b7-bdb36e23531f,15549,PEEBLES + MCINTYRE SQUARE DRIVEWAY,40.557269,-80.017633,0
5becd88f-d16c-4613-aab6-f1490b0ef8a9,200252,40th + Butler St FS,40.468448812,-79.962059793,0
5bef21bb-07e3-4c76-a400-b0b3be62b1ae,200160,WYLIE AVE + FRANCIS ST,40.449169123,-79.968985724,0
5bf3be16-e3ae-413d-8343-5cce9c2c189a,9453,REGIS AVE EXT + HOME DEPOT,40.339571,-79.952974,0
5bf9d772-d377-4229-b83a-53eaf4a4b2cb,6680,SOUTHERN AVE + WHITWORTH,40.426024,-80.009288,0
5c1186c0-7eef-49aa-b901-de83d888e677,20504,KIRKPATRICK ST + ROSE ST,40.444479,-79.975709,0
5c2068f5-08b0-428a-aa6a-0ed53a2f49de,21656,CHALFONT ST + ESTELLA AVE,40.416701,-80.000242,0
5c252d7d-a478-45f3-a81e-22fb5dde4378,14970,BUTLER ST + 47TH,40.474084,-79.957939,0
5c253c37-b7f3-41f0-a260-fe7a6b7a7442,7351,ARDMORE BLVD + WESTINGHOUSE,40.421055,-79.852425,0
5c271856-941d-4155-8eab-88eddd34047f,3287,BUTLER ST + GALLATIN,40.488408,-79.922283,0
5c2a9a6f-07ce-447f-b72a-0ebbd000b36f,7451,PALLAS ST + BRINTON,40.40581736,-79.844379375,0
5c341066-ba3f-4fa3-8080-6e7fe558effe,7255,HARRIETT ST + BLDG #2,40.413944,-79.883782,0
5c3518a1-d450-4809-be78-6943af5de0f3,20956,SOUTH AVE + MILL,40.44076,-79.881526,0
5c3e99d4-777c-4a1f-9689-4cdb9fdaff4a,22868,PENN AVE OPP SHADY AVE,40.459718,-79.920499,0
5c40a0b9-9623-46cc-9eb3-bb1272d60eee,20026,MILLTOWN RD + HULTON,40.506012,-79.793167,0
5c58f5c7-903d-4d30-8061-7a206191e03f,6451,BANK ST + ELM,40.353711,-80.106586,0
5c6ce612-35e7-497c-b097-39c859447e7b,17335,SWISSVALE AVE + COAL,40.434899,-79.882796,0
5c708b40-71c0-461c-9372-19517ce97249,21557,AGNEW RD + BECKS RUN RD FS,40.39695,-79.978243,0
5c968554-36e4-4028-ba11-4793847efc5e,6248,RAILROAD ST + #435 (STATION),40.358235,-80.110379,0
5c96d531-a1f2-4aa7-bdee-38107c644ebf,12610,FREEPORT RD + CLIFTON,40.499529,-79.852853,0
5ca27fc8-ecb8-4333-8cff-7a1ad4123b3c,10010279,Renziehausen Park,40.339872947,-79.826918827,0
5ca49b24-560b-455b-959b-8451ed5e0a37,21574,CHURCHVIEW AVE + WAIDLER AVE FS,40.38489,-79.973664,0
5cac0d87-5014-4bef-a0b9-c15f2659b336,21344,E 4TH AVE + WOOD ST,40.601206,-79.754922,0
5cad4dc8-b1b6-45e6-a36b-94dbf078673d,10128,E CARSON ST + 26TH,40.427492,-79.96821,0
5cae5f94-f286-4594-a499-0733292f3b43,88,BOGGS STATION,40.416682,-80.010357,0
5cbf8b2b-77ac-42f5-9d5d-8157e0638742,1474,BEAVER RD + CAMP MEETING,40.563841,-80.205374,0
5cce00e4-4eb8-437e-a634-5af463c84d2f,12684,FREEPORT RD + ORR,40.540497,-79.811728,0
5cdfd5f8-75fe-4573-9d26-ba09f086fe19,20687,MALL BLVD + K-MART,40.43165,-79.791245,0
5ce6be37-839b-4c11-b56b-abac62a97d67,22779,KANE BLVD + BOWER HILL RD,40.371851,-80.082752,0
5ce925e1-3591-4c5a-a513-afc1de90991d,8163,EAST BUSWAY + HERRON STATION C,40.459235,-79.967085,0
5cf523f4-1258-4c0b-bbe0-63e078a07d27,1790,CHARLES ST + BRIGHTRIDGE,40.462182,-80.018485,0
5cf5ccd2-9b30-4e56-90cd-6b6f029c8ab3,8370,MURRAY AVE + WILKINS,40.443864,-79.923811,0
5cf969d7-2017-4000-b431-a7f83f7a9056,9757,BROWNSVILLE RD + AUDBERT,40.351399,-79.988518,0
5d025b67-f8ea-46de-9ede-69cb031bea91,333,CUMBERLAND RD + LANCELOT DR,40.57217,-80.022438,0
5d0ad94e-cc98-4cd3-b7c4-00058935ed67,22773,KENNEDY AVE + AURILES ST,40.370295,-79.85268,0
5d207cee-7aea-4d37-9a77-53acc3853a14,5884,SWALLOW HILL RD + THE BOURSE,40.38925,-80.074122,0
5d2838f5-7c45-4b29-a5ca-362f9771149d,8039,BEACON ST + #5414,40.433452,-79.932488,0
5d2d1937-f4a6-4c15-b3de-f759736f46dc,8681,FIFTH AVE + ROSS ST,40.43902,-79.995337,0
5d46e717-1679-4783-97c5-3ac5be6dd3f0,9847,7TH ST + WORTHINGTON AVE FS,40.292141,-79.88945,0
5d576cca-110e-4890-81cd-6e369b3f393d,20795,FORBES RD + CK STUDIOS DRIVEWAY,40.392094,-79.758172,0
5d59bf7e-6dbc-4a29-8dba-6e66514479b7,6901,WEYMAN RD + MCROBERTS,40.370395,-79.997671,0
5d663de4-ae47-4cc1-9efa-1c9b1038a92d,23033,FREELAND ST AT MCCLEARY ST,40.347331,-79.83836,0
5d6c8565-34fe-4914-97e3-63a8e5a70a22,1060,AMITY DR + BLAZE,40.544802,-79.993181,0
5d6e3c2f-57f8-4e5a-bc68-219ead058f3d,20624,STATE ST + DIVISION AVE,40.306947,-79.886495,0
5d78862a-2a93-4a1c-911e-c7923a52581b,4444,NOBLESTOWN RD + HARTWELL,40.43747,-80.051061,0
5d825a6b-ee4c-4e3d-aeac-a2697b64ec07,1432,OHIO RIVER BLVD + FISK,40.50139,-80.074861,0
5d901917-24b6-44b8-a93a-84b552265405,1016,CENTER AVE + CHALFONTE AVE,40.520224,-80.037876,0
5da115a8-bb42-4597-ac55-a7a197dc4d67,22724,CENTER AVE AT LOCUST AVE,40.513292,-80.095467,0
5da2373d-c8ad-4bf6-b272-e9e389542dd0,8037,BLVD OF ALLIES + DAWSON FS,40.434271,-79.952872,0
5da71bf5-28a7-4cee-8664-102497308e9a,19454,MOSSFIELD ST + FERN,40.471267,-79.933649,0
5da95d3b-8ba0-42f9-9c00-938149b6774e,18354,E OHIO ST + CHESTNUT FS,40.454574,-79.995279,0
5dbd40f2-f37a-4170-98bf-a7fb52a7949a,19179,ALLEGHENY AVE + MARYLAND NS,40.518956,-79.842943,0
5dc12eec-9a2e-4f9d-b33f-d7514021b461,20938,BRADDOCK AVE + 6TH ST,40.40322,-79.868412,0
5dd2ee6b-d21f-42b6-b4cc-cec8c75bda1f,12639,7TH AVE + WESTERN,40.599447,-79.762397,0
5ddeaf7e-0055-45ee-9564-af5f68dbcf16,5101,STEUBENVILLE PIKE + PITTSBURGH MOTEL,40.439867,-80.091255,0
5de049d7-a96a-4b3a-9fc5-e5c112d3ef83,18708,AMITY DR + THOMPSON RUN,40.55007,-79.997515,0
5de0dc61-f3b3-4172-9429-765a94abb6dd,14711,CENTER RD + FRANKLIN HEIGHTS DR FS,40.454509,-79.76034,0
5de5e484-e892-4d6a-b4ad-a915a3db65c3,2686,DOBSON ST + HERRON,40.45826,-79.964262,0
5df8bb5b-c31d-421d-b55c-7d64461c9c3c,11644,WEST ST + 21ST,40.397946,-79.903184,0
5dfa2d3e-fcfa-4909-a672-07b7cadb15da,22803,BLAIR ST OPP BEEHIVE ST,40.417697,-79.950661,0
5dfc86d8-1dfd-4d4e-abf2-272c2afe863d,22206,BUTLER ST + 38TH ST,40.466735,-79.964298,0
5e107e4f-d18e-4a83-a2bd-d7f17acc91ed,2547,S 18TH ST + JOSEPHINE ST,40.424808,-79.979416,0
5e2746ba-05ee-4a38-8a94-ac6ff05a7037,20016,FIFTH AVE + MCPHERSON ST,40.455578,-79.910663,0
5e3466a9-66cf-4027-843c-521ca4e734ba,10010391,Schenley Dr + Phipps,40.43961354,-79.946682516,0
5e43f1ad-2ca5-4a26-995c-4531e0062755,15438,MALL AT ROBINSON + ENTRANCE K,40.4529,-80.156992,0
5e4b47c6-9c2d-4786-a5ac-c374f63b796f,200150,Mark Dr + Calmar Dr,40.469831751,-79.874869035,0
5e55592f-ed6b-4370-b05c-72e4dad23c4e,1424,OHIO RIVER BLVD + SHILOH,40.487903,-80.056318,0
5e5f6c39-04a7-4616-913f-36202f8721e7,21269,LIBERTY AVE + 40TH ST NS,40.463033,-79.956405,0
5e61ff95-8f48-4e58-a78d-8bfbb70c3b9e,9017,ROBINSON ST + TERRACE,40.440422,-79.965606,0
5e66356b-3e1a-4000-bb94-2b861376293d,5115,SUMMIT PARK DR + #35,40.450543,-80.190204,0
5e6657cd-4bdf-4b6d-96b9-e61cfae16c23,9262,BUTLER ST + MCCANDLESS AVE,40.481755,-79.953264,0
5e66996e-782d-4f85-a24c-816b98f963ec,99981,BEAGLE,40.300507,-80.031418,0
5e66ff57-3216-406d-ad12-cdc8162e2805,10010303,Highlands Mall South End,40.644540501,-79.712185749,0
5e68724f-c507-420d-ac83-bc97e1044efe,2367,4TH AVE + WATT,40.520608,-80.169433,0
5e70dc41-0883-4fa4-a51f-59874af4c40d,16620,KENNEDY AVE + DELL,40.366496,-79.85729,0
5e90fc60-9745-4031-9672-5ffd7c469560,21590,LEBANON CHURCH RD + PLEASANT HILLS BLVD,40.344734,-79.961277,0
5e9a1408-74da-428a-ad9e-3f88b153ba74,18649,WEST LIBERTY AVE + MCFARLAND,40.389661,-80.041336,0
5e9bb250-5751-40f3-a22b-01f9d0ddbe23,15284,LIBERTY AVE + SMITHFIELD ST,40.443186,-79.996792,0
5ea7e227-2a97-4ab8-bf68-65754a033c37,12775,MAIN ST + #1841,40.494322,-79.91991,0
5eaed634-56e7-41cf-8293-2bb8ae25dcd0,19493,BRYN MAWR RD + ANDOVER,40.450205,-79.957035,0
5eb6e0cf-c4cc-4143-9883-b0d7249a839c,4220,W PROSPECT AVE + ALLEGHENY VALLEY SCHOOL,40.446514,-80.078466,0
5ec03922-e241-4afe-b90a-d2a10b7529be,5105,STEUBENVILLE PIKE + HOLY TRINITY CHURCH,40.451699,-80.136026,0
5ed0611b-33f9-496c-96e0-ebbaa7a4a6e5,6936,GARDENVILLE RD + BAPTIST RD FS,40.351506,-80.010472,0
5ed0a673-b3b5-4259-a956-9f4bb35030da,10010340,Rodi Rd opp Jefferson Rd,40.464880257,-79.824652867,0
5ee029e9-fabb-4d90-9c84-91bbf9c6510f,8406,WILTSIE RD + #6903,40.473847,-79.897653,0
5ee853a0-7ff2-4a34-ac3e-966865b6c695,19065,LEECHBURG RD + RICHEY,40.486217,-79.814753,0
5eed17ec-2833-4d9e-8873-71f1b0baea07,1371,BEAVER ST + RIVER,40.526691,-80.159254,0
5eed19eb-5819-4788-bed1-b0ddf26872b5,6721,PALM GARDEN RAMP + WARRINGTON,40.416928,-80.011307,0
5f0bde0f-5928-4c2e-9dae-9a96825ede55,1480,BEAVER RD + MAIN FS,40.57854,-80.22033,0
5f12831a-8979-42e5-ad7a-be5201eef779,8007,BEECHWOOD BLVD + TILBURY,40.426646,-79.919099,0
5f18484c-0b93-42a4-ab04-73b127553c04,21073,STEUBEN ST + FOSTER AVE,40.438354,-80.069694,0
5f1e4ac6-5e29-4bf3-a9d5-b27115bd89e2,5401,WASHINGTON PIKE + #1375,40.379403,-80.0959,0
5f286a54-2a6a-4f75-9a5c-da26b20ba395,2514,MCKINLEY AVE + GROGAN,40.409173,-79.993639,0
5f2f0252-5b3a-4130-a32e-8c2bd13c3e0c,21822,LIBERTY AVE + 21ST ST FS,40.451336,-79.982078,0
5f36272d-e9af-489a-b8ac-0827f6d1e5da,12139,GREENFIELD AVE + DELEVAN,40.423499,-79.931758,0
5f48481d-2ad7-44b9-a720-40612e17ab79,9547,BROWNSVILLE RD + KAUFMAN AVE FS,40.369085,-79.97581,0
5f512e00-bc15-4ec4-b7d1-4756b433a50f,15276,WEST BUSWAY + CARNEGIE STATION,40.406216,-80.090038,0
5f515845-5db0-4f94-be98-cbe7c2938e55,11145,LINCOLN HWY + 5TH,40.381048,-79.811431,0
5f59274f-c793-4b0d-84f5-5320207264d1,12644,FREEPORT RD + BARTSCH,40.585804,-79.777023,0
5f5e3c4f-d990-42ba-a3c0-ca127e6c31e0,8882,PENN AVE + HIGHLAND AVE,40.461429587,-79.924616542,0
5f6d5cd5-b99b-4eb9-9083-90b1cd1e9add,7694,PENN AVE + HOMEWOOD,40.449179,-79.901458,0
5f784765-0355-4cd4-9f28-bf91152d8450,5396,WASHINGTON PIKE + VANADIUM,40.370075,-80.100845,0
5f7c9225-a96d-4f41-b161-ce9218251c60,20104,PENN AVE + GRANT,40.404738325,-79.825587442,0
5f91f30f-6a8d-4cec-b2d2-c2930f0f8811,8934,MT CARMEL RD + HIGHLAND VIEW,40.468741,-79.886569,0
5f971369-4a87-4c86-be7a-5f95a71aca2b,21571,SPENCER AVE + ALMORA ST,40.390026,-79.976292,0
5fa0d923-ca67-40ca-a44a-b8e04ccec5db,3675,PINE HOLLOW RD + #1625 (Mickeys Place),40.475581,-80.085777,0
5fa50cb1-770c-47f8-b84e-a35271acbeb3,154,MCKNIGHT RD + NELSON RUN RD,40.507012,-80.00679,0
5fb2592c-8f92-48e1-be86-07446f306e82,11645,WEST ST + MUNHALL BORO BLDG,40.39921,-79.904276,0
5fc080c5-c3ae-4f87-9b45-905d5619f7d4,10010478,Termon Ave + California Ave,40.482069362,-80.041374986,0
5fc53c9d-36ed-4cf6-8170-3f3ec045b4db,4046,WASHINGTON AVE + KNOX AVE FS,40.402742,-80.08326,0
5fc72e88-6e10-41d7-bf2c-1258dea876c6,12788,FREEPORT RD + WILSON,40.540578,-79.809571,0
5fce9e3b-2826-45b6-9ff6-4fab7e530dc6,1350,BEAVER RD + SHIELDS,40.557237,-80.198242,0
5fe0e1ba-3f30-4015-8c9d-263b7ba2a41f,3464,MCCOY RD + KENNEDY,40.480428,-80.089629,0
5feeca3f-8e73-4389-b845-65a9f6ac951a,3294,BUTLER ST + 62ND ST BRIDGE FS,40.488085,-79.938239,0
5ffb8775-2d91-43a2-9e14-c3d42a9d8b93,20191,DUQUESNE BLVD + MILLER,40.383978,-79.860024,0
5ffde497-5ad1-4113-9652-d11bbaab0a6c,3358,MT ROYAL BLVD + PENNVIEW,40.512321,-79.95802,0
60057e08-3824-4064-9cda-b568ec9b8f99,8780,CENTRE AVE + KIRKPATRICK,40.445255,-79.976341,0
600a7896-9d7a-4823-be0d-c037d2a5adb7,11971,5TH ST + COCHRAN,40.366692,-79.847954,0
601676a7-f55a-44b4-ad38-c8fff7be8752,21524,CORAOPOLIS RD + #285,40.502029,-80.120723,0
60169e02-c7cd-4eb0-9352-26e8e2c5646d,18199,WALNUT ST + 27TH,40.333325,-79.847604,0
6027ced7-59bf-47f9-bce4-cf97180f126b,2521,CAMFIELD ST + DRYCOVE,40.404033,-79.998119,0
60347db9-37be-47db-bdb3-32503ac38295,9848,ST CLAIR AVE + 6TH,40.293348,-79.887763,0
603afe5e-7270-4408-945d-84bb3719b1a9,21118,SAMPLE RD + EASTVIEW DR #2,40.571223,-79.999593,0
603e6ce6-0e7a-4eb6-9159-691a508e5d6b,19558,CALIFORNIA AVE + TERMON,40.481592,-80.041627,0
60536690-8a4d-4776-bc13-b6903467cebd,12699,MAIN ST + 15TH ST,40.494604,-79.92623,0
605a3d1d-4410-4a3b-909e-5ffab3de828d,6915,BLOSSOM DR + MCANULTY,40.343943,-79.996877,0
606151c2-9f57-4d45-995a-e112cb0ee2c8,8668,KIRKPATRICK ST + CENTRE,40.445153,-79.976067,0
606454bb-a531-4514-96c7-7be21295e1d8,3188,FREEPORT RD + CABLE,40.494728,-79.85936,0
606678af-8bb1-48e5-abef-67e5e44ac32d,12665,PITTSBURGH ST + ORCHARD,40.542023,-79.774696,0
606e4b3f-8a99-4e5d-a688-62e825c626dd,4669,BEVERLY RD + COCHRAN,40.387307,-80.054605,0
6071051e-a899-403d-a139-15458b4e076a,1170,FIFTH AVE + CRAIG,40.447054,-79.948816,0
6074cdad-4ba8-4261-9814-cc4f5d0cff79,888,PERRYSVILLE AVE + MCINTYRE,40.468736,-80.009447,0
607fc2d7-cef9-4234-9240-7ecd07727964,2770,MT TROY RD + ALFRED,40.473098,-79.983389,0
60835786-91ce-4680-b04f-e545028c7bcb,8224,TRENTON AVE + REBECCA,40.441944,-79.892357,0
60919c05-b103-448e-a525-4893de815906,1782,CHARLES ST + WILSON,40.469262,-80.014573,0
6093a7a8-f7eb-4746-9966-61c37020c73b,13404,FREEPORT RD + SAXONBURG,40.636115,-79.712513,0
60acadf3-903f-4ea3-b950-dc011375b10f,13596,MALL BLVD + WM PENN,40.435894,-79.785446,0
60cb227d-d338-4d06-a753-421ac754d426,3362,GRANT AVE + VILSACK,40.505177,-79.949951,0
60cd55ba-b0ab-4479-ba9e-d09e8ad1eaab,13634,HWY RT 286 + PINE VALLEY,40.454971,-79.710756,0
60cedd85-dce4-4652-acc9-c070697c0a8e,19616,STEUBEN ST + ELLIOTT HEIGHTS SENIOR CTR,40.441689,-80.04571,0
60cfef17-08a1-4e8a-9a1b-1811fa7c545e,16637,CRAFTON INGRAM SHOPPING CENTER + BANK (CITIZENS),40.440389,-80.06969,0
60de1420-36f2-43a4-bd59-ee59c4644824,16491,FREEPORT RD + DALLAS,40.622754,-79.726233,0
60e23124-ab0c-44fa-8098-084af67a0d44,1046,THOMPSON RUN RD + #218,40.519772,-79.991928,0
60e77f24-f894-4111-9543-ef7379d0674b,4558,BEVERLY RD + MEADOWCROFT,40.38974,-80.047981,0
60ec7897-d676-4c72-a8a0-143ef3b348d1,4223,W PROSPECT AVE + KINGSLAND,40.447532,-80.071672,0
60ece0d4-5e8a-4a70-b71d-42d66c625d45,21237,GREENSBURG PIKE + KLINE AVE,40.397636785,-79.820991832,0
60f93612-061e-4ab3-8b2a-c780c8351cf4,2628,MILLVALE AVE + MOREWOOD,40.456085,-79.94766,0
60fd96ed-1c74-4b77-8bf4-672a81333a75,19547,BAUSMAN AVE + ROMEYN,40.414351,-79.992038,0
611c92a6-99dc-474f-b302-6821d664cc95,5420,NOBLESTOWN RD + SCHOOL,40.426422,-80.057121,0
6125015c-cdcf-4680-8e27-08bb425e1364,19277,BANKSVILLE RD + BANKSVILLE AVE,40.418418,-80.029921,0
613a3875-6c70-476b-b65f-378497702f43,33,TENNYSON PRTX STATION,40.44574,-79.953102,0
613bfc96-6a97-4e75-a033-295a233e0774,10552,EDEN PARK BLVD + MAYFAIR,40.343353,-79.829344,0
61446dca-4753-447a-b6c9-f08ef6de41de,20579,EAST PITTSBURGH MCKEESPORT BLVD + MARYLAND AVE,40.380301,-79.828568,0
614e1d83-e168-41f3-ba9c-6f59971c834e,132,MCKNIGHT RD + BROWNS LN,40.545997,-80.017083,0
61572556-d8d9-4fec-a444-33e404081f21,3334,MT ROYAL BLVD + ELFINWILD LANE,40.549296,-79.97184,0
6160caaf-4d23-4ac2-b341-1b6488cbf480,19089,CRAIG ST + BIGELOW FS,40.456253,-79.954782,0
6162585e-c344-4683-8ca0-c6c9456039cd,6056,BOWER HILL RD + LIBERTY,40.359022,-80.108893,0
61668bd2-f0d0-4722-ab91-935895a3587c,10010212,Mile Lock Ln + Atlantic/11th Ave,40.612662436,-79.735779877,0
616c1603-8429-4693-8432-7d21e4153694,9416,HWY RT 51 + GRACE,40.344022,-79.971331,0
616c8e49-f8f4-4e22-b680-9d67ec9585b1,8363,SHADY AVE + DOUGLAS,40.433464,-79.918495,0
618f79ec-b7b4-460d-9e76-ec88f4ffc243,9978,BROWNSVILLE RD + CHURCHVIEW AVE,40.385795,-79.978767,0
61940fac-ef2c-4f5c-85a5-504acbe6f4f6,8487,TILBURY AVE + FORWARD,40.42857,-79.918494,0
619526d8-65fc-4e98-8f0e-26c03027a886,11202,WORTHINGTON AVE + 13TH,40.293673,-79.899525,0
619f18da-3241-493a-bd49-c1727bc4c42b,7901,PENN AVE + FINDLEY DR WEST (BEACON HILL),40.444028,-79.864586,0
619f1c8f-65f4-4b06-a5a5-9a5a2d6ed013,18657,WEST LIBERTY AVE + RAY,40.40278,-80.020971,0
61b1e0cf-29c8-4b4f-8ce2-6e752fcc3e6a,21614,BRADDOCK AVE + 2ND ST,40.406151,-79.873535,0
61b29b71-c401-4326-95f8-022ee0c55756,20484,YOST BLVD + ARDMORE MANOR,40.413878,-79.851082,0
61b68657-d514-4903-b5ca-739c2e979eeb,8335,HAMILTON AVE + MULFORD,40.452113,-79.886641,0
61bcbd12-072c-489c-8275-5e1adb2641c6,3343,MT ROYAL BLVD + VILSACK,40.535901,-79.970755,0
61bd1c88-7d54-45f7-a814-cf3c4572a696,1171,FIFTH AVE + BELLEFIELD,40.446708,-79.951709,0
61c00537-72dd-4500-b753-8dfe65561a53,3236,CALIFORNIA AVE + COLUMBUS AVE BRIDGE,40.458827,-80.023582,0
61d193b3-65e8-4143-92e1-a9e5a1f14b6f,12135,GREENFIELD AVE + MCCASLIN,40.424087,-79.936474,0
61d3b823-61eb-4659-8750-6d693401b17f,4870,ARLINGTON AVE + STERLING,40.417302,-79.974416,0
61d54885-e894-4863-a183-ada5b7a315d4,21433,OLD CALIFORNIA AVE + WOODLAND AVE,40.466718,-80.033951,0
61d62543-26bc-4bfe-a1db-3b7e4d373a9e,4181,CHARTIERS AVE + MIDDLETOWN,40.457732,-80.073007,0
61f3467d-dea2-40e2-bb6c-e31dab7c8151,8068,MONROEVILLE BLVD + JAMISON,40.427355,-79.788206,0
61ff0c50-681e-490f-98a2-0c6165208af3,24,BLVD OF ALLIES + DUQUESNE UNIV FOOTBRIDGE,40.43485,-79.988736,0
6204b5c5-2a20-45b3-9a91-99171a3db1e0,3570,RIVER AVE + MARINA,40.466238,-80.05269,0
62125412-583e-4eb8-9c56-5b5976de1804,22402,W CARSON ST + EARL,40.460217,-80.048287,0
6219146e-37c9-4600-baa5-a9dc0b59399f,22804,BLAIR ST AT STREET F,40.413823,-79.950008,0
621b9405-2f54-400e-9aaf-c5e13f4b9524,11270,WORTHINGTON AVE + 9TH,40.2921,-79.891598,0
621bf035-50e4-4af9-b6b0-7166a645bf15,100111,Tarentum Br Rd + Giant Eagle,40.593272044,-79.752325521,0
621fc7ea-dd1e-4bd9-bdef-4b06103a6620,10010375,E 1st Ave + Allegheny St,40.601032196,-79.749328294,0
623a4acb-5610-4654-937f-30d69545e03d,2596,CEDAR AVE + SUISMON ST,40.45478,-80.002098,0
623a9d79-a7cd-4772-be91-504cdcd0b426,19088,BIGELOW BLVD + HERRON FS,40.455694,-79.965855,0
62414495-8e73-4684-b231-6af3105e5938,21304,LIBERTY AVE + 37TH ST,40.461977,-79.962108,0
6247c6c8-0acb-4bd6-8f8e-034daf7bc32f,20362,MINGO ST + OAKDENE,40.46464,-79.89099,0
624e0831-69fc-4251-9b59-77f22965ac4f,15853,WATERFRONT DRIVE + COMMONWEALTH BANK,40.413344,-79.907259,0
62521b36-e8b8-43b8-87b1-7eb6f5ec2b31,466,SAMPLE RD + ARDEN,40.573666,-79.992931,0
6257f698-013c-4bee-a70e-65377f5ef62f,8195,CENTRE AVE + CYPRESS,40.45512,-79.941395,0
62714892-d242-4c3c-a76e-087788f74996,1953,CALIFORNIA AVE + DAVIS AVE,40.479946,-80.040968,0
62727767-3b7f-4a36-ae1b-1269c07c5d80,13339,FREEPORT RD + PRINCETON,40.623707,-79.724534,0
6273db21-bd73-4b01-918d-048508485798,2651,S 18TH ST + STEPS,40.425042,-79.980977,0
62777eec-2bfa-4135-a211-36f620a6a66b,18455,JOHNSTON AVE + ROSELLE,40.406163,-79.932674,0
62780e49-733d-41e8-915b-6e4963f1573b,8249,ELLSWORTH AVE + AIKEN AVE,40.45286,-79.936579,0
628b6b7c-8cce-4189-8aa6-c4aeec843c8f,8382,HOMEWOOD AVE + RACE,40.45877,-79.895722,0
62a09adb-1a07-4b1c-a213-4cef46a20ea8,22824,MIFFLIN RD AT MOONEY RD FS,40.379133,-79.92407,0
62a18947-b56a-40a4-ba32-1acaeec07c39,476,PRESIDENTIAL DR + JEFFERSON,40.584322,-79.999447,0
62aab728-3249-40f0-b377-c32bc4a26b29,200250,Shady Ave + Alder St,40.456915762,-79.922522372,0
62b5200e-0ac4-4cad-83d5-e59b2e64a976,21632,CORAOPOLIS RD+ # 338,40.502995,-80.126871,0
62c83420-bd7f-435c-ba43-d5700d2046cb,6189,ALTMAR ST + REAMER,40.391498,-80.000247,0
62c9bcc7-589b-40cc-9d50-b59ef0430ea2,9236,BLACK ST + NEGLEY FS,40.468979,-79.928055,0
62d175ab-b8c3-4022-a6f6-d7bce7dfab8e,8401,PAULSON AVE + OLIVANT,40.469466,-79.899515,0
62d19248-f278-4e22-86b5-f8fc2faef3a4,7057,WOODSTOCK AVE + BELMAR PLACE,40.415302,-79.875521,0
62e5946a-1433-4f1f-8836-d90ad7cc509f,19806,SALTSBURG RD + LEECHBURG RD,40.484894,-79.817972,0
62ec26b8-a0c4-4ab2-8cc6-920ef66bb778,11109,MIDWAY DR + WHITAKER FS,40.398054,-79.884526,0
62f6ae0d-5d36-4693-82d5-246c2c7c5531,21509,UNIVERSAL RD + WEBSTER DR FS,40.463829258,-79.81822746,0
631e52d0-4c16-42d6-acab-59ae3ab9ee99,9200,OAKWOOD ST + INGLENOOK FS,40.450724,-79.884536,0
6320d639-25f8-4486-815c-ee78bf0a3b5a,8834,GROVE RD + WESTMINSTER,40.473207,-79.867977,0
63213ba2-e3df-4e8d-8f7b-329ae16a57f1,15991,GRAND AVE + NEVILLE METALS,40.506232,-80.106802,0
6330eda2-92a9-466d-834f-fcaaa093da34,12209,GREENFIELD AVE + KEARCHER,40.425354,-79.943777,0
6331ce9c-986e-4f1b-9c93-5d3cb772e915,5804,LINDSAY RD + CLAIREVIEW,40.387955,-80.077438,0
6336e434-2af2-4f84-8f5f-9b58e7e0333c,2609,LIBERTY AVE + MAIN ST FS,40.463438,-79.953997,0
633a875b-d2f9-4663-a1cc-1ceed822b298,4231,MIDDLETOWN RD + #2847,40.447634,-80.061812,0
6340d081-063f-459a-9534-72afbc6ad2da,9815,HWY RT 51 + OLD CLAIRTON,40.366919,-79.984277,0
63448d14-799c-4285-8d8d-1d70f068eebd,6162,BROOKLINE BLVD + FLATBUSH,40.393712,-80.020141,0
6345246b-f395-46e4-96f8-1522ada34f2d,7808,ARDMORE BLVD + BRINTON,40.43563,-79.871733,0
6353c371-f3dc-45da-8df2-8f701b60937e,4249,STEUBEN ST + ELBON,40.441625,-80.040749,0
6357b9a3-6b56-4648-b4c4-247926ac9daf,8833,GROVE RD + SUNCREST,40.470995,-79.866867,0
635dbcf0-b99c-44f7-8a76-83bce2374853,7656,Mercy Hospital,40.436794434,-79.985363117,0
635e8435-f0e2-4746-8832-6906cc9919c4,1311,FOREST AVE + MARYLAND AVE,40.50429,-80.052416,0
6372983a-1205-4994-a6ab-e20a6508ac7c,10914,MURRAY AVE + LORETTA,40.421788,-79.928753,0
63748f40-46ea-4a72-9b7b-f611e54c3d50,21391,MT TROY RD + FORNOF LN,40.478229,-79.986067,0
6376a246-9403-48bb-a386-853fecdd020a,4267,MIDDLETOWN RD + WYNETTE,40.451171,-80.067927,0
63773b64-788c-4011-873f-df867ed10307,18653,WEST LIBERTY AVE + RAY,40.402687,-80.020869,0
6381fd44-671b-4f2c-a3c1-e0a5ee2e0c55,1869,SHADELAND AVE + CASEMENT,40.470518,-80.030494,0
638e82e9-659b-4abc-80cc-9dd650526186,6700,KATHLEEN ST + BELTZHOOVER,40.425688,-79.997641,0
63987eaa-c1e2-42a7-a122-2ce0a0822aab,2177,LIBERTY AVE + 26TH ST,40.45415,-79.977968,0
639dc851-2e93-47d8-ac5f-f0c3994eab23,22200,ALPHA DR + PRINT TECH DRVWY,40.493518,-79.869737,0
639e1eeb-59d9-4330-bb85-959e9858290d,1579,CHURCH AVE + RIDGE,40.507353,-80.079397,0
63a4863b-f8ae-437f-a471-12b2db3c44b4,7097,FORBES AVE + WIGHTMAN,40.438102,-79.92752,0
63a79b2f-725c-41e6-b9d9-c41defeaea6d,21169,CHARTIERS AVE + HOOVER ST,40.453412,-80.062187,0
63aeab5f-ad2a-4c51-b4cd-a21b3066a189,16627,WALLACE AVE + PITT,40.44532,-79.886694,0
63b58eb5-00ed-495c-98d5-099e681f06ba,10010408,Langer Way + Regency Apts,40.469187043,-80.095068761,0
63caf8f0-8b46-42fc-957e-f1441a8aff93,4195,ALLENDALE CIR + #3604,40.459427,-80.064519,0
63e6de58-61b1-4a2d-8e75-973f8a7e7a7f,7676,BEELER ST + #5362,40.44554,-79.931889,0
63e70ccd-ba7f-45f8-813a-3cb26fb9bd57,75,ST ANNE'S,40.360892,-80.029244,0
6404e81b-d4a0-4964-8901-175e6603669d,1094,REMINGTON DR + BALMORAL #2,40.55513,-80.00753,0
640fb75c-717e-4ba3-afbf-9bcc723315d5,9963,ST CLAIR AVE + MILLER,40.292628,-79.883268,0
6427e7e5-6818-4098-b842-ee861bf7bdf3,1854,SHADELAND AVE + DAVIS FS,40.481438,-80.034882,0
6431772e-4f9e-49db-8b10-f668c0b59fe7,1111,THOMPSON RUN RD + CHERRINGTON,40.536461,-79.990349,0
64332f05-ca3e-476b-ad33-5a71cf58366a,849,CENTER AVE + FRANKFORT AVE,40.513492,-80.025531,0
6449e9c1-e604-426d-a9ea-17446614ab7c,9969,DESIDERIO BLVD + SOLTIS,40.286547,-79.895825,0
6455c08b-b3f2-4f91-b794-02e6c8be6c19,8276,PENN AVE + SHADY AVE FS (GIANT EAGLE),40.459236,-79.920097,0
646133cf-708b-4960-95e3-63963096202c,8449,PAULSON AVE + DEAN,40.468037,-79.903493,0
64780cb7-d22e-496b-8d5a-a6628af38073,12613,FREEPORT RD + #2238,40.527344,-79.850562,0
6478d9e3-4ebf-4de0-9aec-ff7b5732f65c,18970,LARIMER AVE + MAYFLOWER,40.464255,-79.916089,0
648496a3-571f-4dc3-acdb-e852e3c2e3ae,1302,CENTER AVE + YALE AVE,40.516756,-80.044561,0
64a691d5-c92e-4cf0-8b84-8084da66a0cc,11757,HOMEVILLE RD + MUNICIPAL,40.373795,-79.873863,0
64b8ad29-563f-4799-940a-bb02bcf6ed04,12798,PITTSBURGH ST + PORTER,40.541169,-79.788926,0
64bfa2a3-7a6b-4799-aa77-9a995347297b,9664,KNOEDLER RD + BROWNSVILLE,40.341664,-79.984815,0
64c062b4-beb1-47e2-af60-e70ba9eb7522,200182,Horne Blvd + 18th St,40.579001715,-79.76750448,0
64dfaf3c-e833-453c-abd2-ec4e8f6ac457,10984,DUQUESNE BLVD + OVERLAND,40.379702,-79.854128,0
64dfc44f-9f18-4485-97d4-728f7afa6fd8,3126,HIGHLAND AVE + STANTON,40.469802,-79.921045,0
64e38ce8-b21c-40ba-9179-e0a8f932b247,2437,MT ROYAL BLVD + GENESSEE,40.517538,-79.958952,0
64f37f76-cc94-4298-9072-46c209f5b8c1,7907,WILLIAM PENN HWY + CHURCHILL BORO BLDG,40.446018173,-79.84992239,0
64fbce7d-6c5a-44a8-bea1-4851834171b7,20955,EDGEWOOD AVE + LLOYD,40.427825,-79.884845,0
651224b0-2148-4ace-bb51-2448e9f7afc1,19983,OLD FREEPORT RD + CHAPEL HARBOR DR,40.487617,-79.878954,0
651d5151-8e3d-401b-aaad-9b90af60d2e8,22729,CHURCH AVE AT DALZELL AVE,40.509141,-80.084899,0
6556e57e-2d02-43b2-895d-a61409044d56,3443,HERBST RD + DOWNS,40.492833,-80.118277,0
655861b9-591b-4170-830c-5876564e0178,7556,COREY AVE + MILLS,40.405158,-79.867432,0
6563f16b-fdcb-4168-8586-59f629d93321,7993,BEACON ST + MURRAY FS,40.434827,-79.922059,0
656bf772-69d3-4219-9a17-8f71f439129e,21584,CHURCHVIEW AVE + DONAHUE DR NS,40.385568,-79.940671,0
6577d9dc-72a7-4f3d-9e22-5e334c654d47,21610,LONG RUN RD + MARSHALL DR,40.322962,-79.8209,0
658ad85b-3434-4f4d-9670-5aaed0450096,4544,PARSE WAY + MT LEBANON STATION,40.382302,-80.043484,0
658e380a-5e6e-43d3-9d08-6386d64717f5,4126,LIBERTY AVE + WYNDHAM GRAND HOTEL,40.44144,-80.005643,0
65b10adf-0612-4b82-956f-d24c78ae89b1,7693,PENN AVE + LANG,40.450016,-79.903908,0
65b1e36d-cdc5-4ef9-b677-ac8c7be9107e,7782,ELECTRIC AVE + NORTH,40.405459,-79.839103,0
65cbea0b-606b-4230-bff5-d91eefafd6f5,1628,LINCOLN AVE + FREMONT AVE,40.493994,-80.052254,0
65d0d3ad-ff0a-4548-8076-9ddd939baa4e,22825,MARSHALL AVE AT SORREL ST,40.464062,-80.028223,0
65df8815-72c5-4043-8693-f067373ba871,22629,PRESIDENTIAL DR AT BABCOCK BLVD FS,40.586478,-80.000428,0
65fb58e4-2d94-4382-816b-14ae37914c47,2554,E CARSON ST + 21ST ST,40.428469,-79.976455,0
66020418-19e0-4be4-b96e-9a29be98add7,7708,SWISSVALE AVE + PENN FS,40.441654,-79.87748,0
6605f9e9-5a64-4844-9cf5-0bffdf5c52cd,14605,CENTER RD + LORRAINE DR FS,40.454655,-79.760244,0
6607a35f-91c4-4d9e-a7e6-f0241fd5a292,6746,SOUTHERN AVE + DEWITT,40.424547,-80.010256,0
6611682a-95c0-4732-aaaf-38cf239711d9,15744,COCHRAN + OSAGE RD,40.388581,-80.057434,0
661afbc2-df50-43f5-b5a6-e1d9c6b9198b,18159,DUQUESNE + LIBRARY,40.371923,-79.843883,0
66213a45-9c96-473f-b29d-fbc80efb9280,334,MCKNIGHT RD + ARCADIA DR FS,40.576748,-80.02597,0
66226654-e02b-4ed9-9d10-e2bd98c24447,200246,Church St + Monongahela Ave FS,40.422053498,-79.889921331,0
662619d3-4282-4c36-9047-cd951fc855b1,10916,MURRAY AVE + WELFER,40.424896,-79.928058,0
6635740e-5f7d-4273-9067-7f91a79230a6,12180,SECOND AVE + B ST,40.436324,-79.996554,0
6641b5af-657f-4dfb-b068-754227fc3da7,18419,WHITAKER WAY + MARIGOLD,40.402448,-79.88914,0
66609045-b24f-49f4-a31f-cb7202c2ef78,2649,S 18TH ST + SARAH ST,40.427948,-79.980684,0
666ee3ce-9707-4645-a841-3703921cbf70,22646,BRADDOCK AVE AT GUTHRIE ST,40.438142,-79.896932,0
6671b001-6c13-4f02-88f0-a56b40aac334,3186,FREEPORT RD + LEWIS FS,40.49728,-79.855794,0
6693d607-a0c6-4059-a00d-38ce2df1fcd8,15879,EAST BUSWAY + ROSLYN STATION C,40.41944,-79.886376,0
6695608e-68d6-4937-890b-0ef2f7034bd0,15433,COMMONWEALTH + RITE AID,40.383012,-79.876429,0
66a3fc75-e1d1-4464-b906-a44de08acbb5,1274,FREMONT AVE + ORCHARD AVE,40.497647,-80.050595,0
66a817ec-86e1-4dd6-969b-1228058225be,122,BABCOCK BLVD AT MCCANDLESS CROSSING,40.569004,-80.016491,0
66b0d915-db80-42d0-99be-3f144ff49444,10010264,Duquesne St + Riverview Ave,40.338198044,-79.845277709,0
66b30759-4046-43ff-9515-983397d65464,8930,MT CARMEL RD + PERSHING,40.465706,-79.876343,0
66b45e33-4429-40a7-9f5a-add8c31c2200,10954,MURRAY AVE + BURCHFIELD,40.4275,-79.926342,0
66b7b385-a1b3-4a98-8fb3-251278e6bff8,2698,IVORY AVE + EVERGREEN,40.496066,-80.008083,0
66b8157f-e5f3-45b5-ab03-652b19d9beed,925,CENTER AVE + FRANKFORT AVE,40.513314,-80.025693,0
66c9af58-749a-44d3-b6d1-afae742b17a1,21337,FREEPORT RD + OLD FREEPORT RD,40.489956,-79.871491,0
66dad252-b987-4081-85da-7cded845a508,22858,EWING RD AT COVENTRY HEALTH CARE,40.484613,-80.19619,0
66e3315d-3b25-493e-8365-fd4eabb69dd0,12047,BUTTERMILK HOLLOW RD + REMNANT WORLD,40.355283,-79.912911,0
66f7adc0-9078-4b54-93e4-11d7de7e034c,10377,WALNUT ST + 28TH,40.332788,-79.846717,0
67013a8b-fafc-46bf-b99b-60795badcef4,20179,CENTER AVE + NORWICH,40.517792,-80.02314,0
6708c150-da0b-438a-81f3-2ace34f73405,14331,VERONA RD + ARTHUR,40.484963,-79.83745,0
67093713-85a0-40df-a04d-1377d9cfad87,10010420,Chestnut St + Wabash St,40.407547738,-80.076567285,0
670a457f-e19d-4b81-9c3b-82a01c5a283a,8803,LINCOLN AVE + APPLE,40.464625,-79.899028,0
67205291-aaa4-409c-a32a-bb58e2812b52,19511,BROOKLINE BLVD + PIONEER FS (#506),40.395939,-80.023082,0
6721dce7-fd8b-46a7-bcac-9fc622b914df,13460,FREEPORT RD + BURTNER,40.62948,-79.717677,0
672ba543-23c0-403f-847f-456072fd7dc4,3439,HERBST RD + #225,40.499466,-80.116578,0
6731801e-1d6a-4ed1-8b26-f2115ef61b0a,968,WARREN ST + CATOMA,40.460938,-80.00268,0
674971e1-150f-4165-bd23-1fcad6d1f478,9622,BROWNSVILLE RD + CURRY,40.358279,-79.990675,0
675c7989-f924-4aa1-9020-e038880a54f9,21708,ST JOSEPH ST + ORMSBY ST,40.412694,-79.977435,0
67606005-e68c-455b-abad-135cc0f41c3c,3214,BUTLER ST + JANCEY ST (STEPS),40.488767,-79.924263,0
676b1401-5fe9-41b7-aa8d-39dc8a61a295,6018,OXFORD DR + GIANT EAGLE,40.34668,-80.048845,0
677f9d25-dd47-4020-96ca-e4b7118d4ccf,7604,LAKETON RD + HOWARD,40.45824,-79.8554,0
678d7313-564a-4304-b3f5-1e7397a170ed,1151,MAIN ST + HOWLEY,40.46434,-79.953484,0
6790e11f-dd89-44b2-b0b2-babb608199f3,9019,TERRACE ST + CHESTERFIELD,40.440947,-79.963844,0
6796dcfd-069b-44df-83d5-b3c7843e6a5e,4740,CEDAR BLVD + CARNEGIE,40.380001,-80.052966,0
67a0fc88-a242-487d-a3e2-79961c030e01,1122,THOMPSON RUN RD + RADCLIFFE,40.517302,-79.993752,0
67a42b3b-1c6a-47b5-a73f-41ee95096536,2869,SPRING GARDEN AVE + REEKES WAY,40.476317,-79.98939,0
67b41a74-7d24-49bc-b587-f6c57ab17a34,8843,ABER RD + HARVEST,40.473329,-79.861619,0
67cc1b56-3e8e-47f8-b98c-6764e207f351,100117,Babcock Blvd opp Greenhill Rd,40.501673002,-79.982740314,0
67d9afb4-92ba-48c7-ae77-a97b9a119443,2722,MT TROY RD + #2722,40.473908,-79.986626,0
67ddcba2-89be-49ce-9d33-194b63180de0,4662,BANKSVILLE RD + MCMONAGLE,40.399796,-80.044369,0
67e385fe-cbf0-4972-bac3-0024dcd38203,8048,BRINTON RD + #1584,40.412815656,-79.857578826,0
67e694da-3b5d-495f-9afa-ec8f1b591886,22822,BOGGS AVE AT #304,40.42551,-80.008386,0
67f078ec-f5d3-4350-9617-85b6b4fc104b,8880,EAST LIBERTY BLVD + PENN AVE,40.457652,-79.91732,0
67f1efe6-3cd1-479b-9b46-683daa101390,12097,SECOND AVE + BATES FS,40.430963,-79.959081,0
67f78a4e-a6df-4b95-b15d-34ebd5968f53,8865,LINCOLN AVE + MANNING,40.46788,-79.89701,0
67f826c2-46aa-450c-99a6-47dcd7007eaf,14319,ALLEGHENY RIVER BLVD + CENTER,40.506754,-79.842946,0
680491ad-46a3-41f5-81ca-b43e97e82fd4,2811,SOUTH SIDE AVE + LUELLA,40.469923,-79.997831,0
680a54e5-52e2-4c06-b6b2-02a0c9ae6e9e,6100,PIONEER AVE + NORTHCREST,40.409286,-80.014301,0
6812dcdf-e123-4728-ae50-df7a149d436c,18681,MCKNIGHT RD + THE BLOCK AT NORTHWAY DRVWY,40.553164,-80.020703,0
681ab434-9fe2-4c03-a8c7-513a77f546ec,4823,E CARSON ST + 5TH ST,40.428776,-79.994951,0
681fc96f-deb8-44e2-9f58-ec34451be0fc,2529,ALICE ST + GEORGIA,40.410138,-79.995209,0
6823365b-6325-4b2a-a470-d0f1dce27f52,6188,BROOKLINE BLVD + ALTMAR,40.391062,-80.000491,0
68305c53-bac3-487a-a34a-2e7faf8695ea,3204,FREEPORT RD + DELAFIELD AVE FS,40.488036,-79.897999,0
68356238-7d47-41a6-9eb8-ae03feff7e89,17503,BROADHEAD-FORDING RD + W PROSPECT,40.448575,-80.082218,0
68368c9d-5187-4af7-aaf7-91365e242d96,6843,SOUTH BUSWAY + EDGEBROOK SHELTER,40.402986,-80.002187,0
6838cbef-0668-4bb3-9c72-8ae4b03e8d79,6940,GARDENVILLE RD + CHARLOTTE,40.345836,-80.007031,0
6844400b-a199-48ae-a026-b188a0956916,10005,KEEPORT DR + YOUNGRIDGE,40.340754,-79.981175,0
68556ee3-9fdb-4b18-8ae1-8eb42cb9d043,2241,ISLAND AVE + CUTLER,40.471641,-80.061253,0
685864c9-39f5-43f8-a6c2-21ded21f41d3,8892,CENTRE AVE + BRYN MAWR,40.449137,-79.957543,0
68647a51-af42-4fc3-b021-6edf758bbc79,7089,PEEBLES ST + FORBES,40.439923,-79.89471,0
68676e17-90bc-480c-9ee3-29585545d74a,20933,LYSLE BLVD + MCKEESPORT TRANSPORTATION CENTER,40.352054,-79.860972,0
6868138c-6177-4d4d-9a58-01e46c0b4261,5277,WASHINGTON PIKE + RACEWAY PLAZA,40.386396,-80.092379,0
68744e6e-72d0-4008-8feb-a657e7e6f56a,6095,SOUTH BUSWAY + SOUTH HILLS JCT,40.421255,-80.006804,0
6877624a-a077-40fc-a2af-661b75614c8e,18372,PENN ST + BROADVIEW FS,40.613527,-79.741918,0
6879dfac-c21d-4100-9bdf-b0d5cca240dc,7338,SAVANNAH AVE + HUTCHINSON,40.433849,-79.892269,0
688c2c65-0306-4268-aeb2-257545bd7c43,20953,AMANDA ST + GOLDBACH WAY,40.415574,-79.988046,0
688eb924-2469-483c-9302-e1288d98927c,5097,STEUBEN ST + DUNCAN,40.439527,-80.075901,0
68923ba2-aadf-4308-bc69-cda35c238190,7096,FORBES + MURRAY FS,40.438095,-79.923523,0
6895ec73-e155-4f88-b333-bc7cefa634ed,9592,HWY RT 51 + STREETS RUN RD,40.34645,-79.973576,0
68a081c1-1115-4b2d-aa14-d9dde2cf3228,4222,W PROSPECT AVE + #221 (STEPS),40.447525,-80.074116,0
68a6f810-a28e-4e56-96fb-b2e03da23e6e,815,PERRYSVILLE AVE + WATSON BLVD FS,40.483943,-80.013342,0
68ac9425-6fc3-400d-9f07-199197a88228,21134,PRESIDENTIAL DR + CLEVELAND,40.581898,-79.993757,0
68b5e483-bc00-4aa9-a4ce-dc4578b38ee5,15835,BELTZHOOVER + CEDARHURST,40.418453,-79.997337,0
68b76b9e-af2b-4135-a22b-393e999a082f,18518,PENN AVE + GRANT ST,40.404804,-79.826014,0
68b80c94-8cdb-4158-8df1-90fea3fcdf51,12152,MIFFLIN RD + INTERBORO FS,40.369984,-79.913408,0
68c974f8-36ac-4a4f-9831-7591192d52ed,19705,CHARTIERS AVE + NITTANY FS,40.447221,-80.044183,0
68ce5c79-4fa4-497a-ab94-0aa25251a2ae,18308,BRIGHTON RD + MARSHALL NS,40.467219,-80.025106,0
68cf5ca2-16b8-4f11-8888-e7d36354efe3,1785,CHARLES ST + IRWIN,40.466939,-80.018809,0
68d3df94-0407-4173-b862-7e8a174fb234,20381,ALLEGHENY AVE + REEDSDALE FS,40.447821,-80.017839,0
68d5a4c1-3b5e-4843-9efa-70cca057bd1b,7411,BRINTON AVE + QUARRY,40.403493022,-79.84282786,0
68e9b48b-1704-4d93-a584-1a264a0915bd,22976,PENN AVE AT S ST. CLAIR ST,40.462814,-79.929017,0
68ea72b0-01cf-4b40-9a28-88ef53eb8365,13797,FRANKSTOWN RD AT HEBRON CHURCH PARK AND RIDE,40.460423,-79.844364,0
68eb6bb3-cd8f-4714-adac-47f2b3b04144,8308,FIFTH AVE + MCPHERSON FS,40.455505,-79.910881,0
68ebc42e-adc0-4513-abe3-b89fd705a208,13410,FREEPORT RD + LILAC FS,40.628311,-79.719634,0
68ec3f92-54bb-48a8-87e3-5e76ea7e1c89,14572,WASHINGTON BLVD + FRANKSTOWN,40.458849,-79.907997,0
68ee6c9a-cb33-4ebc-b815-d0cc87225abf,572,PERRY HWY + WEST VIEW AVE FS,40.499926,-80.021673,0
68fbffaf-3121-407a-9d6e-89a03f9bdbeb,18380,FREEPORT RD + PADDOCK,40.643415,-79.710113,0
6903a352-b74c-464a-b2f7-2e575bf36bbd,3346,MT ROYAL BLVD + SHAW,40.529669,-79.965828,0
69151dfd-6165-4a4b-b5cb-d2bd7d6e795e,4788,ARLINGTON AVE + DENGLER,40.41724,-79.967731,0
6922798c-49d0-46c0-92ac-6cd6c324718d,6582,CEDAR BLVD + #1163,40.369265,-80.060649,0
6923bae4-c8cc-492f-8e4a-ac8cb90799ee,22008,EAST HILLS DR + #2303,40.456141,-79.871015,0
6924f245-b662-4444-8fc9-f7fcd2381efd,10010423,Forsythe Rd + Greentree Rd,40.39974658,-80.06529367,0
69311d8d-9cf0-4a53-8035-079ac8982149,18542,PENN AVE + CARNEGIE FS,40.44801,-79.897916,0
693e002d-5ad1-4bac-9dc4-db17ae8d2e26,21463,CENTURY DR + GABRIEL BROTHERS,40.34335,-79.942587,0
693e0c4f-e841-4d53-a50f-73362528df2f,7709,SWISSVALE AVE + NORTH,40.442848,-79.876816,0
693f2157-2db6-45f9-9184-a711feeb5f2d,879,PERRYSVILLE AVE + OHERN,40.460411,-80.01326,0
69459c02-e513-44ec-8ac2-b446731b65f8,20036,HULTON RD + 12TH,40.524467,-79.828759,0
6957bb86-a206-442d-b1e9-50663bfcc37a,60,WESTERN AVE + ALLEGHENY,40.45158,-80.018486,0
696920eb-d14a-4a8a-a5cb-4859dfc3db3c,2666,BROWNSVILLE RD + KNOX AVE,40.410832,-79.990221,0
697e7000-668d-4c48-968b-6454e5f3e0d8,8660,BENTLEY DR + KIRKPATRICK FS,40.440608,-79.974592,0
6989d8f8-51e4-4d55-99b8-22aa2c5ec04c,1742,PREBLE AVE + ISLAND,40.461418,-80.034515,0
69914964-8fe8-4f6b-bb3e-006d84528260,5031,STEUBEN ST + RICHMOND,40.438654,-80.071414,0
69abaecf-7ff2-4d48-a513-ea037c8d8ccc,7810,ARDMORE BLVD + LAFAYETTE,40.429678,-79.863869,0
69b5cd7e-b039-4a39-b775-5c4100463ba2,19097,FRANKSTOWN AVE + EAST HILLS NS,40.461136,-79.870474,0
69b948d0-62b2-46cc-9856-2b65ab9aa534,14571,WASHINGTON BLVD + SHETLAND,40.460079,-79.907074,0
69be03e2-6a4d-4688-b3f5-0209102135ed,2769,MT TROY RD + HOMESTEAD,40.472522,-79.982978,0
69c63ba9-5bb6-4a95-8d3d-8882ccd8f620,72,SOUTH HILLS JUNCTION STATION,40.420363,-80.008222,0
69ca8b7e-1c1d-47f1-a87b-ee735795a013,13406,FREEPORT RD + DAVIS,40.632736,-79.714828,0
69cea443-b41c-4361-b0a4-0cb30518a7d5,19755,CALIFORNIA AVE + MARQUIS WAY,40.459421,-80.018438,0
69f2b910-801c-405c-b4a1-b4f32a2569d8,9807,CURRY HOLLOW RD + ARBOR,40.336357,-79.971718,0
69fbaba1-38d9-49d8-9e35-7fc2926e804d,17313,WOODSTOCK AVE +2690,40.414304,-79.872838,0
6a004783-4a8c-428a-9ac9-85dca1691b8a,21069,SUMMIT PARK DR + CHAUVET #2,40.448279,-80.181589,0
6a012d0d-7614-46a3-b78e-57fc12ed9108,11079,SHADY AVE + NORTHUMBERLAND,40.441695,-79.919804,0
6a06add0-90a8-4b1b-b8ae-c5884eed5605,7844,BROADWAY BLVD + QUARRY,40.396384,-79.793716,0
6a108dde-a478-4f5d-996c-0b5611a6a6b8,15352,MCKNIGHT RD + EVERGREEN RD,40.493465,-80.011597,0
6a141d3b-b2cf-40d4-8d35-16e404c47aa5,8445,LEMINGTON AVE + PAULSON,40.47004,-79.897029,0
6a17ceb9-3664-4981-8663-15b76672a7dc,5399,WASHINGTON PIKE + STEEN,40.376175,-80.097809,0
6a1dd649-b79d-4b5e-b96e-b1e849fb2aae,7697,PENN AVE + BRADDOCK,40.447144,-79.895355,0
6a20954b-beed-4235-9566-92660394b194,10010214,Pacific Ave + Liberty Ave,40.620140285,-79.726155617,0
6a29baa6-1897-484e-8030-6e05c7bd46b7,7324,SAVANNAH AVE + BIDDLE,40.437349,-79.894215,0
6a2a2e42-fb83-484b-baf8-9d826839a07d,13592,PENN CENTER BLVD + BLDG #3,40.428246,-79.81184,0
6a2d83fa-4caf-44c0-b3d5-fb73d743a5fd,16051,AMBRIDGE + PARK AND RIDE,40.592449,-80.22814,0
6a304ea5-a953-4ecd-a610-c063d2884d12,20020,HWY RT 286 + ALPINE VILLAGE PARK AND RIDE,40.429049,-79.719444,0
6a32f207-7ad2-44e9-96da-e8da6a232389,21530,CHURCHVIEW AVE + REVO DR,40.386149,-79.942889,0
6a44eacc-ef4c-4072-84a2-f8e9a300b7a9,3431,CORAOPOLIS RD + PORTER HOLLOW,40.48619,-80.106471,0
6a605182-1537-4c0f-bc3c-829f35e2c46a,80,STEVENSON,40.399293,-80.033939,0
6a627dd1-b23d-4a62-a63b-c8e2e65b1711,16887,MAIN ST + 23RD,40.49342,-79.914229,0
6a641faa-b285-4580-bcd3-84f239063c3c,21232,OLD ELIZABETH RD + WOODHILL RD,40.347741,-79.933469,0
6a73dbde-e1a6-4e4c-aff6-eaf2887d2706,21555,AGNEW RD + PENN ST FS,40.396494,-79.974291,0
6a7b8100-2c77-488c-a382-4d602c5237db,8963,MT CARMEL RD + FAYBERN,40.46657,-79.874288,0
6a7d0550-4855-4b4e-b38d-973e79383ec8,619,WEST VIEW PLAZA FIRE LANE + GIANT EAGLE,40.516673,-80.03865,0
6a8da1bc-eccc-434e-bb52-4ccf199058ab,3551,HELEN ST + ELLA,40.47397,-80.057317,0
6a9213cc-5254-4027-8030-38f18680bede,11005,RICHLAND AVE + 3RD,40.349037,-79.891934,0
6aa81162-ab2f-4a94-ac10-4cebdb68ceb2,22853,GREENTREE RD OPP MCKINNEY LN,40.425933,-80.041503,0
6abb7e99-37ff-4bf0-8a7c-97de1d38a892,20593,MONONGAHELA AVE + HARRISON ST,40.336731,-79.890196,0
6ac8c53d-f0df-447f-b893-a828bed3fbfc,11213,HWY RT 51 + ELLIOTT,40.309895,-79.937161,0
6acd7f46-a340-49ce-9054-b129e38f7427,1635,CHURCH AVE + RIDGE,40.507393,-80.079144,0
6ad117fc-e244-4dbd-943c-10c8560b1443,2371,4TH AVE OPP THORN RUN RD - THORN RUN PARK AND RIDE,40.523403,-80.176889,0
6ad45c6a-fd70-493c-9a85-cc6a7b858dcf,5132,BLVD OF ALLIES + MILTENBERGER,40.435858,-79.98143,0
6adcaa7d-4746-493c-bfa8-a170d7a48ca3,425,BABCOCK BLVD + ROSECLIFF,40.509858,-79.991849,0
6add2b26-d39f-42d6-827a-fed95f6041fd,18918,ECKSTIEN + WADSWORTH FS,40.44267,-79.96845,0
6ae29428-2ce6-4a08-aa75-c75b14047f49,4256,STEUBEN ST + OBEY,40.442955,-80.052453,0
6af4d069-15dd-4023-b920-c7040ed87905,2766,PITTVIEW AVE + MTTROY,40.469241,-79.981949,0
6afe56ee-5570-4c71-ac8b-715ce67b5d57,22807,PROSPECT RD AT HOLLYROOD RD FS,40.362715,-79.963648,0
6b0ebe69-e4f9-415d-a62d-c9a2ff14ed3e,20287,EAST BUSWAY + PENN STATION B,40.4442448,-79.991523862,0
6b1a1f3a-a193-42dc-9021-3779212cb8c3,10010374,E 1st Ave + Bridge St,40.602561362,-79.745062167,0
6b2825b0-1c79-4ed1-8efa-1e2c28fa9343,9665,KNOEDLER RD + KEEPORT(UNI MART),40.342028,-79.981401,0
6b3f60a1-7a86-4c6f-a47f-261002aab3bd,22106,STANTON AVE + HAWTHORNE ST,40.481208,-79.937323,0
6b53343c-f785-470f-8654-d1e117b8e4b2,12799,PITTSBURGH ST + ROSA,40.54118,-79.786429,0
6b54634f-d693-4a4f-9e6a-6af6a67656c6,17430,OVERLOOK PLACE + PLEASANT RIDGE,40.480071,-80.07506,0
6b5dbf59-455d-429b-8ea9-8c6e7a61e30e,3180,FREEPORT RD + #2238,40.526393,-79.851014,0
6b6178f4-7cc4-4d6d-88e6-a8dbcf640232,19205,CHARTIERS AVE + FAIRDALE ST,40.45378,-80.063869,0
6b6abbb1-d343-44be-afad-a826a2bbc044,21697,CHARLES ST + GRIMES AVE,40.416501,-79.993203,0
6b7213d9-30c4-4cec-9b92-0660f70d550e,1203,GRANT AVE + SHERMAN,40.479274,-79.971929,0
6b7f3bd9-bc8c-4d83-93c1-cab946d9a788,7638,DALLAS AVE + EDGERTON,40.447921,-79.910794,0
6b8239a1-f254-4897-acc7-869fb714c343,3245,FORBES AVE + PRIDE ST (MERCY HOSPITAL),40.437633,-79.985293,0
6b858e6b-6e59-45e5-9c58-e4f6915755c6,3991,PARK MANOR BLVD + ROBINSON LN,40.452866,-80.165184,0
6b98b435-a4a3-4b3f-9a5b-06b5dde2afcb,7701,SAWYER WAY + EAST BUSWAY STEPS,40.443813,-79.886971,0
6b9945ec-8021-4e11-bd17-18b3bddbf9c2,7102,FORBES AVE + MARGARET MORRISON,40.442606,-79.937477,0
6b9b8877-978a-4181-a8ab-79943d48c99c,2688,HERRON AVE + LIBERTY,40.461447,-79.966996,0
6ba4b08c-2a5d-4998-86d4-ab92017c7ade,16563,ALLEGHENY AVE + WASHINGTON,40.516134,-79.843288,0
6ba6c2d7-c950-40a1-8278-27a1fed49f6c,18794,ISLAND AVE + ORR,40.484389,-80.072535,0
6baf0914-6a19-4403-9888-d66688674caa,200157,HERRON AVE + BEDFORD/WEBSTER AVES,40.453015807,-79.965186415,0
6bb1135b-ecf7-4f3c-8560-464b99ac311d,22750,HWY RT 885 OPP ANDREW DR,40.321049,-79.924235,0
6bba8a76-ad0a-4eea-96aa-20053a0510ae,17432,JEFFERSON DR + MCOY,40.479716,-80.078489,0
6bbd8880-08d9-401c-a57f-e0b43b377891,8896,CENTRE AVE + MORGAN,40.447724,-79.966668,0
6bc011c8-328c-44b5-ad2a-5df66752cd69,8812,LINCOLN AVE + LINCOLN LOOP,40.473192255,-79.888221043,0
6bca41f3-2e2e-4e8a-9a00-849c45a1d6ef,1702,ISLAND AVE + BEAVER,40.461933,-80.032517,0
6bd49774-ade6-4e0c-85d1-6dc3b68fd2ba,13931,HWY RT 286 + DAY CHEVROLET,40.431525,-79.716964,0
6bda3f4f-04de-4ec0-858d-14fb670667dc,9249,HILLCREST ST + FANNELL,40.467946,-79.936562,0
6bee8514-2e1d-4176-a9c1-d2ca4678d4a9,14193,UNIVERSAL RD + POPLAR RIDGE RD FS,40.464636,-79.820254,0
6c029e30-c1dd-4d5f-9ce2-2a70ed172775,8872,LINCOLN AVE + RENFREW,40.462233,-79.906404,0
6c0a2a1e-e881-40b6-a6a3-b482e0cdd3c1,2843,ITIN ST + GOEHRING,40.461051,-79.993325,0
6c137f6a-4d98-47ca-8e78-447f52edf066,10383,WALNUT ST + EXXON STATION,40.325772,-79.839474,0
6c304326-6f47-4ce5-98fb-0722f3b20e6c,7840,AVENUE U + WATKINS,40.394932,-79.803925,0
6c370314-eda1-4d2b-9ef6-66806ba509a4,2161,LIBERTY AVE + 28TH ST,40.456398,-79.974861,0
6c382d84-2848-469a-9588-5e50f1897da9,6755,VIRGINIA AVE + MAPLE TERRACE,40.430636,-80.009447,0
6c3f47df-aac8-4315-9447-318edf913e2c,19653,BELTZHOOVER AVE + EUREKA,40.423641,-79.997427,0
6c4112af-0dbb-4068-9320-1a308180460f,21581,CHURCHVIEW AVE + MARY ANN DR FS,40.383975,-79.952995,0
6c4a9c8d-fd9e-464b-a7ad-35f8fe67f39a,13333,FREEPORT RD + MILE LOCK,40.615491,-79.738793,0
6c4af514-267f-4792-8082-0ee3024dff3d,12032,BUTTERMILK HOLLOW RD + NAUGLE,40.364657,-79.908165,0
6c6253aa-1dce-4331-a936-0d04dc82b6ab,8512,WINTERBURN AVE + CONNOR,40.420403,-79.939781,0
6c73973a-ed1a-41d2-85eb-417edca7bf43,21205,WASHINGTON AVE + STATION ST,40.358298798,-80.111851545,0
6c8055a8-09fd-46b9-b6d9-313b6c92a688,6953,BLOSSOM DR + LAUREL,40.343396,-79.994236,0
6c81d766-c4f5-47df-a6d6-8f5a59d5548b,19577,FEDERAL ST + HEMLOCK ST,40.457232,-80.007126,0
6c86da25-f39f-4d88-956a-b82aa5cb4575,8062,SOUTH AVE + COAL,40.440284,-79.880105,0
6c8c435e-1e29-48a3-9f53-79afa75caebe,4152,FARONIA ST + WYNETTE FS,40.451893,-80.067697,0
6c8d6d4f-6c93-4aa6-b61e-445a9f31f33d,22455,BENTLEY DR + NIGH WAY,40.440695,-79.978445,0
6c8dd125-3c0b-4c18-8570-dce01608030b,3177,FREEPORT RD + VALLEY MOTEL,40.535428,-79.842594,0
6c8f0654-14d6-4b73-adfd-e79d2f07814d,1858,SHADELAND AVE + GEYER,40.474932,-80.031987,0
6c956448-8641-4b75-a2eb-f9ad70c83939,10010452,Glenfield Dr + Sycamore Dr,40.475410477,-79.823353376,0
6c98957d-d93b-424d-84ee-7f5daff11dc4,19375,BROWNS HILL RD + PARKVIEW FS,40.414065,-79.922971,0
6c9dcdfb-41c0-43b6-89d0-be5be5b506e5,3896,SUMMIT PARK DR + ANDREW (SAMS),40.449997,-80.176064,0
6ca3c470-eab0-460c-aeeb-22b04ff569ff,7117,FORBES AVE + MOREWOOD (CARNEGIE MELLON),40.444458,-79.942291,0
6cadb30d-6089-4406-be95-da1e62cccb24,22982,PITCAIRN-TRAFFORD RD OPP FORBES ROAD,40.391195588,-79.76648696,0
6cb02027-6b68-40ce-bcee-4870729b5905,19384,12TH AVE + AMITY FS,40.404314,-79.90838,0
6cbebffd-6705-4a10-b927-bcf0a2e2ff1b,22071,FRIENDSHIP AVE + AIKEN AVE,40.461929,-79.937472,0
6cbfcff8-be4d-415e-9bb1-c9dc658d919a,10010445,Baptist Rd + Old Boston Rd,40.360778358,-79.993930503,0
6ccd828b-b9c3-4a38-b3a4-052fb0d4ddfb,20632,MONONGAHELA AVE + LINCOLN ST,40.340207,-79.887936,0
6cd14bd2-8240-41ea-adf3-ba83cc59c670,90,DENISE STATION,40.399855,-79.999029,0
6cd18248-16db-4a30-b9ec-1a507550b73d,8428,OBERLIN ST + MINGO,40.464863,-79.890083,0
6cf3b163-1e39-418c-b93c-60efeb8e8b74,7238,BRADDOCK AVE + OVERTON,40.434301,-79.895169,0
6cf6af9f-0fde-4088-bd12-a041bc8309b2,7675,BEELER ST + BEELERMONT,40.445417,-79.933369,0
6cf8a24c-f87d-4624-8976-0a54d8594b1f,2372,HWY RT 51 + VALLEY AMBULANCE,40.527478,-80.185032,0
6d00f328-f4b8-4c8a-9542-8b89fa844f0e,14752,SALTSBURG RD + COLONIAL VILLAGE DR,40.475044,-79.791016,0
6d05312a-7c33-411f-8140-b52018f0da54,20819,ROBINSON ST + ELLERS,40.441617,-79.965614,0
6d12eca2-9b36-4a3f-9d8f-08854a2dfd84,10582,VERSAILLES AVE + HAMILTON,40.345428,-79.844212,0
6d2fda70-5bc2-4b71-8303-ac05d70f6749,20526,LEWIS RUN RD + HWY 885,40.332361,-79.934023,0
6d30edf8-73a4-4e56-bf6b-a8555c74c090,22881,MONROEVILLE BLVD AT TARGET DR FS,40.435533,-79.770294,0
6d312442-b18b-4212-9bba-46825ab2fb8d,100107,Drey St + Freeport Rd,40.580756159,-79.75800749,0
6d31383e-42bc-4dee-ac92-b27f7ceb5608,1915,MARSHALL AVE + STAYTON ST,40.46627,-80.025635,0
6d39ab70-21f0-45cb-a3d0-93de7fc2eb7e,10010395,S Aiken Ave + Centre Ave,40.455779351,-79.938405275,0
6d3f8fca-d8a1-44ea-a03b-c86bcd3b97b7,22770,HWY RT 885 + ANDREW DR,40.321168,-79.924543,0
6d45db05-f4f5-4020-b18d-40f3d4c99ffe,1108,SUTTER DR + THOMPSON,40.543377,-79.993492,0
6d541918-98f4-4805-816f-93644f9d565a,7466,BRADDOCK AVE + LIBRARY,40.401087,-79.865502,0
6d78fe7d-a09a-49d5-811e-54fc80ec3df7,21347,NORTH HILLS VILLAGE + TARGET,40.526871917,-80.0075177,0
6d7b1bc4-e039-4ae5-80bf-6d7fb3c5b078,100060,Stroschein Rd + Monroeville Blvd FS,40.435876669,-79.772811633,0
6d7e4721-f4b3-4af2-b1a8-c862a9c54337,650,PERRY HWY + #328,40.518423,-80.027666,0
6d82aff8-aaa6-4b23-9cce-ec64dcfb6524,20878,HAZELWOOD AVE + NANSEN ST,40.413447,-79.939459,0
6d9b3d56-4c7b-476a-942e-0c9e5c2b40f4,6413,BOWER HILL RD + MARLIN,40.38585,-80.049954,0
6da32076-4c0e-46b4-ad5f-c47c269c2890,6661,GRANDVIEW AVE + HALLOCK,40.437269461,-80.01736904,0
6da7b36e-053c-4368-a72c-2e7698c630b5,4834,WHARTON ST + S 20TH,40.430421,-79.977196,0
6da950d4-8db6-4359-97e3-3e84f1b0e376,3647,BROADWAY ST + 3RD,40.467451,-80.066959,0
6db297dd-b266-49f5-9734-766927ff97b7,6850,SOUTH BUSWAY + WHITED ST SHELTER,40.395546,-79.999717,0
6dc5ed32-3e72-4c11-86d2-467a9f162f08,5118,SUMMIT PARK DR + PARK LANE #2,40.454822,-80.19184,0
6dce92b5-9efb-4f6c-b7e6-f7b5ee5ea642,7772,AIRBRAKE AVE + 7TH,40.401798014,-79.819342364,0
6dd3bffc-f2bc-4856-8324-4c8599bdffef,7450,WOLFE AVE + PALLAS,40.405774,-79.845628,0
6de4c80c-e32e-482b-a1c6-3d3735829a89,3903,CAROTHERS AVE + LOCUST,40.397847,-80.088351,0
6def2576-8c3d-4641-9bfd-a119c2b0b774,3742,WINDGAP AVE + CHARTIERS,40.459235,-80.077777,0
6dfad0c2-894f-4e18-8de6-ae650e871c38,8316,FIFTH AVE + HIGHLAND,40.451910213,-79.923783717,0
6dfb18a5-6f31-4537-82ab-ade3aec2e0a0,14365,BAUM BLVD + CYPRESS ST FS,40.455891,-79.942307,0
6dfb5c3b-8797-45db-87bf-ac9992232350,20017,WM PENN HWY + ELLIOTT,40.434109112,-79.732278269,0
6e1333c7-b269-4a91-8df2-ceaa478aefb6,5530,NOBLESTOWN RD + #2793,40.419055,-80.066564,0
6e1bc560-f820-4e85-b8d0-20834583116c,4777,ARLINGTON AVE + FREDERICK,40.417609,-79.982741,0
6e1cee13-c874-4b73-b37f-9982debbc563,17749,E CARSON ST + 24TH,40.428163,-79.97131,0
6e1f9483-0f3d-4dc0-ab0e-b226aa1c7953,12187,MIFFLIN RD + #1236,40.371105,-79.915089,0
6e22724e-6030-4088-bd6b-27a46d693f2f,1532,BRIGHTON RD + ACACIA,40.47972,-80.031195,0
6e3b98d7-0a28-4868-b99c-394e1cc3a600,913,CONNIE DR + #110,40.500124,-80.028087,0
6e55b3c4-5b64-426e-be81-ac663de907f2,22903,BRIGHTION RD AT BASCOM,40.489796,-80.04348,0
6e705b0d-3eef-40e0-b5ef-278ffc1c6f06,8379,HOMEWOOD AVE + KELLY,40.455404,-79.897035,0
6e770c8d-23a2-4ead-8dbd-e6d4bebad231,6170,MERRICK AVE + HOBSON,40.389546,-80.009648,0
6e7b68f3-a8bd-488c-9651-a111ba0518fc,22621,PEEBLES RD AT DUNCAN AVE NS,40.56717,-80.007044,0
6e80a98d-c1c0-491d-a4fb-eff13ff55870,7560,JONES AVE + ZUERNER,40.406036,-79.858462,0
6e8481d2-2cf5-484d-bc6f-3bee56d4168c,22792,UNIVERSITY BLVD AT MOON PLAZA,40.51995,-80.217855,0
6e84868b-4393-4c2a-aa9f-e5cf50ca7ccd,17453,VANADIUM RD + BOWER HILL,40.368406,-80.084332,0
6e8ecae0-ad0d-41f7-9550-feddde1a7a0b,19278,BANKSVILLE RD + CRANE,40.416067,-80.030038,0
6e91b874-26b4-4e4e-b6f4-a667dbf80679,19134,MILLTOWN RD + NEWFIELD,40.501027,-79.792372,0
6e991f2b-5ac9-4da7-ae9f-55abdaf44c81,7504,PENN CENTER BLVD + PENN TOWERS (LOWER),40.424599,-79.814003,0
6e9fcde7-7c56-4c8a-8ac4-59b6c55b6874,12687,FREEPORT RD + MULLIGANS,40.540985,-79.818588,0
6ea1b5aa-35e8-4e28-8a71-9b99e45b602e,1056,THOMPSON RUN RD + BERKLEY MEADOWS,40.538152,-79.98993,0
6ea9537e-934a-489a-a777-2cd18feb20a7,19579,LINDSAY RD + OLD GREENTREE,40.385844,-80.084268,0
6eb22f2c-be5f-4520-b527-2d37cd59d6fb,8806,LINCOLN AVE + LEMINGTON,40.468661,-79.896124,0
6eb2499c-dd1e-4f45-acc7-b5ca09db717b,18758,FOSTER AVE + WILLOW (PLAYGROUND),40.441581,-80.068327,0
6ebcbf2d-5c5f-41e7-959a-95bd89f17354,21074,STEUBEN ST + CUMBERLAND FS,40.44209,-80.060626,0
6ec03b91-cbdf-4014-be2e-3d5424e2f3a3,11,WOOD STREET STATION,40.442329867,-79.999631202,0
6eca684c-9fd2-42c1-88d4-73a08cdd9439,10010508,McKee Pl + Fifth Ave,40.440390917,-79.960075405,0
6eea085c-6e85-40a2-9834-37a656c3ee9f,3175,FREEPORT RD + TARGET (HARMAR),40.537572,-79.83664,0
6ef9762a-ce26-4e4e-ac53-46dba0678f01,13468,FREEPORT RD + HARVARD,40.625907,-79.722268,0
6efdf716-ecde-4e15-bea8-cb81eec4992e,13636,HWY RT 286 + SANDUNE,40.463377,-79.70545,0
6f0f13c8-d8e0-49da-b5e5-ad24d8c2c3d5,36,ATWOOD PRTX STATION,40.441902,-79.958443,0
6f0fa1c6-c6c3-41f8-9238-f7398ba72f4b,21592,BEACON ST + MURRAY AVE NS,40.434658,-79.923434,0
6f13fca2-6636-4a24-b1db-14ce435ec6e5,12618,FREEPORT RD +HWY RT 910( WERNER CAMP),40.536857,-79.83926,0
6f179acf-9c30-4415-a09a-d10863b8d849,14746,SALTSBURG RD + CRESTVIEW DR,40.47592,-79.778182,0
6f1a1cfe-ecf9-4e07-a34f-aa52f6d5a843,11167,LINCOLN HWY AT BROAD ST,40.375572,-79.796981,0
6f215494-272e-453a-9a9d-4813a202c08c,12090,SECOND AVE + BRADY,40.435855,-79.972532,0
6f21e149-b3da-475b-9b18-ab7e42d65c78,3237,CALIFORNIA AVE + ST MARKS PLACE,40.458772,-80.021297,0
6f3230b4-0bbc-4a80-a1f3-b55dfc844669,3503,FOREST GROVE RD + #1764 (PLAZA),40.476234,-80.100788,0
6f398802-b467-42d6-856d-e598bd9b398f,964,WILSON AVE + BURGESS,40.466527,-80.01327,0
6f3c676b-eab9-4e46-968e-bf50159daf10,8111,BRINTON RD + KINGS,40.427615,-79.873035,0
6f407644-9a80-4290-803c-11c77f48e99d,7241,BRADDOCK AVE + CHARLESTON,40.430695,-79.892618,0
6f4a0618-cf69-4f0f-b5d2-42b305b2a57b,6164,CHELTON AVE + QUEENSBORO,40.391615,-80.017159,0
6f4b7b15-107f-40a8-8002-e7e26fa9c5ad,20479,CALIFORNIA AVE + AVALON LOOP,40.50353,-80.074189,0
6f4e34f5-3837-436d-ba0f-439f31d9f6ed,19590,GREENTREE RD + POCONO FS,40.416383,-80.045074,0
6f537d74-d33e-4c32-bdb7-76432c1ea7df,20658,PROSPECT ST + ROUP DR,40.609741,-79.744985,0
6f59373a-8cc4-4745-be99-b3e9805e087e,7219,MONONGAHELA AVE + IRVINE,40.420721,-79.889612,0
6f5d0365-bcd9-4aec-a068-d1b00fc0752b,8246,ELLSWORTH AVE + NEGLEY,40.454871,-79.932391,0
6f64f73a-b932-4582-b7eb-ac02001fdfd5,12678,PITTSBURGH ST + ALLEGHENY,40.541276,-79.797705,0
6f7c919c-4b31-4cdf-bfd0-45195e00854a,16027,BENTLY DR + OAK HILL,40.440034,-79.969837,0
6f85f303-fb93-4fb1-9a0b-cf9feb3b2bc9,5321,WASHINGTON AVE + ACADEMY,40.4076,-80.083752,0
6f8f7eb8-37b2-4c59-be6c-3611c6aae54b,2853,SOUTH SIDE AVE + LAPPE,40.470303,-79.996866,0
6fa4fe46-cccb-4105-8da1-fab5e4deb630,1472,BEAVER RD + VALLEY,40.561089,-80.202564,0
6fa63578-2527-4fa1-ba24-e87eca46c594,20709,CYPRESS ST + MIFFLIN AVE,40.396266,-79.891234,0
6fc0d353-7d9b-4d40-b19f-ff20b8ad3aa9,6281,BOWER HILL RD + LAKEMONT (ST CLAIR HOSP),40.377887,-80.065164,0
6fcf5f40-e17a-4e21-8f5b-7f6a2f08caab,6528,LESNETT RD + BANK FS,40.349209,-80.103668,0
6fde6e1e-ddf3-4e44-8d5c-23c33a7e4fa1,19006,MONONGAHELA AVE + WHIPPLE FS,40.425376,-79.891597,0
6fe05d9e-9877-46e0-8503-2c9da3fde567,626,NORTH AVE + SANDUSKY,40.455747,-80.004727,0
6fe4dd34-f3e8-4ceb-8de3-490f33cbb83f,222,EAST ST + ROYAL ST,40.465814,-79.999642,0
6fe88e82-2dcf-40ce-aa36-4c66884dec9d,2355,GRAND AVE + COTTAGE,40.515745,-80.143997,0
6ff10e8c-e058-4523-bb3e-c1014a8dcbd6,1603,BRIGHTON RD + WOODLAND,40.470006,-80.025572,0
6ff1624a-492f-438c-96d0-c19e3cdc4baf,22441,BROWNLEE ST + #60,40.350698,-79.843137,0
7003c88b-44cb-4d35-a4d0-02a2db94f6da,22735,CENTER AVE AT NORTH AVE,40.513246,-80.097179,0
7009e2b3-890a-4682-899d-186d3afbf406,22764,COMMONWEALTH AVE + OVERLAND AVE,40.381496,-79.859785,0
700d5d80-50a6-4f5a-9101-88c1cb1c697e,1290,CENTER AVE + PRINCETON AVE,40.51828,-80.044129,0
70103893-62a9-48cc-bfde-877a234aeb92,10384,WALNUT ST + LONG RUN,40.324179,-79.839157,0
702b5780-51b7-4ded-9b4d-eb033215701a,5900,LINDSAY RD + #443,40.384186,-80.08438,0
7031187c-1c80-49f0-962d-1f1c9b3115dd,5805,LINDSAY RD + GREENVIEW,40.386883,-80.076523,0
703606e4-88c8-4910-b0b0-dd323fff8bdd,1043,BABCOCK BLVD + THOMPSON FS,40.51118876,-79.994572987,0
704a91b4-0901-46fd-859e-4f969cffc71d,8003,BEECHWOOD BLVD + NICHOLSON,40.430419,-79.915262,0
70716d66-14d3-4c41-814d-77dc5ba63feb,9244,COLUMBO ST + #5134,40.469789,-79.940218,0
707e46e2-5950-4e58-a408-acf509b3ba89,7169,HAWKINS AVE + OVERLAND,40.41105,-79.868915,0
70829884-52bd-4ae2-94eb-e821028e3c3b,2753,TROY HILL RD + #1034,40.456318,-79.991996,0
709357f5-866e-495c-97da-9e8428beb9b1,1608,BRIGHTON RD + WOODS RUN,40.476352,-80.031616,0
70da6dae-5dd0-41d3-8ea8-6a42bb9da1e3,12039,MIFFLIN RD + MCBRIDE,40.369333,-79.910727,0
70e5b625-0b8e-46ba-a0be-9087dbd0aa15,5468,NOBLESTOWN RD + #2212,40.429811,-80.053529,0
70e61536-5971-4a8a-a237-5171542b3c75,21178,BEECHWOOD BLVD + FEDERAL HILL ST,40.420957,-79.927575,0
70fb8217-5570-4bbf-9e61-4f77b5c0eb89,21456,PARKLINE DR + #1551 (RENTAL OFFICE),40.365997,-79.968173,0
71038d1a-ffe4-475d-b4cf-df32403e9b5c,6269,KANE BLVD + ELM,40.375889,-80.088639,0
71116dd1-e60e-4122-8569-be5bfe3bc10a,16967,BAUM BLVD + AIKEN,40.457059,-79.938339,0
711807ba-38f7-439b-bc85-12f51c1c4224,12689,FREEPORT RD + ALPHA DR E,40.538742,-79.830223,0
712e7f5b-7c80-4d0f-9f63-96000cec0cce,18937,HAMILTON AVE + ROSEDALE,40.452042,-79.885949,0
71302897-8907-49a6-8718-6f3cf614847c,12640,7TH AVE + GRANTHAM,40.598318,-79.764464,0
71343ff4-73b8-4b7d-8dfc-8877c6488f1b,2625,PENN AVE + 40TH,40.465118,-79.958117,0
713ae471-0599-4024-92e2-4bb22e1b09ce,100141,Bauerstown Loop,40.495157151,-79.97587309,0
713ae875-c6c8-4c79-871b-ff8f6bd2a21b,6432,MAIN ST + #1737,40.377026,-80.092876,0
71543fc4-a18a-4825-8998-bca77b1048d0,12773,MAIN ST + 17TH ST,40.494693,-79.923436,0
715bcb8b-86b9-48ed-a9e7-2976b49d7c7d,3438,HERBST RD + #235,40.499532,-80.11516,0
715d9ea3-4a64-45b1-850c-71b787647df4,5929,OXFORD DR + THOMAS MORE MANOR,40.343425,-80.051929,0
715dd2a6-cf0a-4a71-9afb-0959cf2e8eb7,22850,WABASH ST AT MCCARTNEY ST,40.436183,-80.03403,0
7167865b-007f-4f0e-992c-3a41daa9bcb7,20118,MONROEVILLE TRESTLE RD + SALTSBURG RD,40.476457,-79.760658,0
716eb073-d6e4-4b90-a020-922119290318,20836,BEAVER ST + GLEN MITCHELL RD,40.531536,-80.169029,0
7176264b-bc3c-4058-8524-d527ab10deb7,1202,GRANT AVE + SHERIDAN,40.478588,-79.970668,0
717e10d2-4b65-445e-8d33-40d8ddb39af6,20868,HAZELWOOD AVE + NANSEN ST,40.413507555,-79.939543222,0
718229ba-fac8-4c69-a3a3-9e05ce09bbb4,219,NORTH AVE + MIDDLE ST,40.456629,-80.000195,0
718367b6-b5e3-4b2e-972a-79d7721768e6,8956,FRANKSTOWN RD + EASTWOOD RD,40.461159,-79.87001,0
7187b527-1f39-43fc-bf2e-7b140cd2c4ab,16562,ALLEGHENY AVE + CALIFORNIA,40.515345,-79.843382,0
7189f57a-0173-4971-a45e-609e2f7ec159,9304,STANTON AVE + JANCEY,40.474,-79.931448,0
718a80c9-c494-474a-a27a-4a9c5804a6c3,2816,RHINE ST + BUENTE,40.466539,-79.99397,0
719397e0-8820-48ed-a479-ed36343e1cf8,6088,PIONEER AVE + DUNSTER,40.402386,-80.015965,0
7194ad09-c278-456a-b296-58cd88bd3b1f,21718,CENTRE AVE + ROBERTS ST,40.442119,-79.98333,0
719b2f18-7c04-4c54-8192-d41598b56892,10010491,Bedford Ave + Washington Pl FS,40.441986763,-79.991578468,0
719fa427-d2c9-4991-a905-2f29702a2a4f,16177,WOODSTOCK AVE + SWISSVALE STATION STEPS,40.415777,-79.87873,0
71ad0e44-e765-4336-8eea-4305f5d6ef75,3620,BROADWAY ST + 3RD,40.467846,-80.067358,0
71b54b31-de4a-46ec-8010-71c5c4b60bd7,3203,WATERWORKS MALL + GIANT EAGLE,40.487701,-79.893956,0
71b85f74-6632-4c4b-a5a5-79a9e3f4a42b,11116,WHITAKER ST + MIFFLIN F S,40.398801,-79.885425,0
71ba9806-1205-47e5-b826-136263777911,11126,LONG RUN RD + COOLSPRINGS,40.332568,-79.813734,0
71bd67c2-5b7b-4bbd-a796-6f19bd2e202c,8788,CENTRE AVE + CRAIG ST,40.451825,-79.952152,0
71c0a439-5e7d-42a1-965c-4b90502b1d90,19857,CHARLES ST + PERRYSVILLE,40.470959,-80.008712,0
71c9cb06-5aa7-4d71-9d02-a0758e850d25,1739,METROPOLITAN ST + BRANCHPORT,40.458706,-80.032318,0
71d60695-6c71-4df7-b20f-e647732a8d25,1814,CHARLES ST + WILSON,40.469134,-80.014589,0
71eaec7b-1b6e-4fcc-bc69-1581b28961a7,15275,WEST BUSWAY + CARNEGIE STATION,40.40607134,-80.090211707,0
71ed3044-cc68-4ff9-acab-9fff0b9c6e43,21550,CLOVERFIELD DR + SANDRA DR,40.397312,-79.966058,0
71f18c6e-9468-4ace-a394-d8a4c7d4dbfe,21521,VILLAGE DR + GROVETON DR,40.504379,-80.140442,0
71f34675-2a6c-4ca5-80b5-a81124dec6e3,7015,CHALFONT ST + ESTELLA,40.416631,-80.0005,0
7203b39f-5265-4c99-85d0-740e76e4efbe,8385,HOMEWOOD AVE + KEDRON,40.460755,-79.89495,0
72186d78-4675-4e84-ba83-176adc20e3db,7557,COREY AVE + BRADDOCK,40.403976,-79.869218,0
72201c88-b289-4f52-b30c-5a27a1d9d5cd,1264,CALIFORNIA AVE + CHESTNUT,40.500204,-80.066015,0
722b6fef-b29d-4fb0-9142-03768f0616d8,3511,FAIRHAVEN RD + #59,40.47095,-80.10011,0
722f174a-e27d-4d11-b0b6-f772e8d8ae2a,21140,IVORY AVE + VALLEYVIEW ST,40.496738,-80.011318,0
72353bec-7950-4306-8e57-d29432ab18fd,14706,CENTER RD + FOUR SEASONS APTS,40.461109,-79.759603,0
724077be-019a-48a2-8757-d870909c7ae6,5553,GREENTREE RD + MANSFIELD,40.422172,-80.046055,0
724da6ff-997c-4d5f-b7f5-3f11acb7a04d,15456,NEGLEY AVE + CLAYBOURNE,40.456655,-79.933747,0
727a8611-bc0b-4e92-bad9-a625bf88c68c,18782,BROWNSVILLE RD AT BRENTWOOD LOOP SHELTER,40.380572,-79.975905,0
727ec0fc-c75b-4142-9234-c4abe0c5b235,886,PERRYSVILLE AVE + KOERNER,40.466451,-80.011206,0
7280e30c-c21c-4deb-ab67-4d98f2c9c45e,11196,WORTHINGTON AVE + 8TH,40.292465,-79.890175,0
72847cce-01ac-459f-8a3e-57759b638b07,1975,MARSHALL AVE + CALIFORNIA,40.462596,-80.030157,0
728a08ae-2782-4ad0-8649-116a4def31d9,10010384,Perry Hwy + Perry Ln NS,40.529978935,-80.03516588,0
7295c9ea-ea23-43ae-b0a7-50306dfdc52d,11713,GREENSPRINGS AVE + CHURCH,40.390627,-79.882385,0
729a1a06-c5ce-4823-9a74-d130db042735,3378,FERGUSON RD + POST,40.563795,-79.990021,0
72a0cd62-b133-4de8-960d-8687148b4172,2873,SPRING GARDEN AVE + TRACYS DELI,40.469414,-79.985733,0
72a492ab-0373-4a51-92ad-0e37809ce290,10952,MURRAY AVE + FORWARD,40.430171,-79.923505,0
72a547f7-1f61-4664-b873-5756f13e1c70,2513,MCKINLEY AVE + BROWNSVILLE FS,40.408901,-79.99154,0
72ba67a8-7bf7-46b6-975a-ecc833706365,20356,OAKDENE ST + EVERTON,40.462504,-79.890823,0
72cd84a6-3b3d-498f-8e15-d19e329db4b5,9132,FRANKSTOWN AVE + FINLEY ST FS,40.459017,-79.909648,0
72e27e77-4421-41b7-9d1c-99c75c6ccd23,5892,LINDSAY RD + CLAIREVIEW,40.387852,-80.077364,0
72e47af6-4461-49fd-9551-bcf5be69a0f0,22878,NORTHERN PIKE AT MOSSIDE BLVD FS,40.433974558,-79.754354254,0
72e76c76-4a38-4abe-aafd-a1e905b74af5,11180,LINCOLN HWY + CENTER,40.395784,-79.838699,0
72fee576-2b4a-44a7-9206-d89b78fae539,11707,GREENSPRINGS AVE + MUNICIPAL BUILDING,40.384098,-79.87843,0
73026cca-9d68-4bb5-85cb-057f1d6cfadf,9920,LYSLE BLVD + LOCUST,40.351758,-79.86381,0
73045efa-9168-467c-a0de-2e0bfa3ee6ae,6198,BROOKLINE BLVD + FLATBUSH,40.39372,-80.019839,0
7307e8b9-08f6-41d5-8265-d2475342645c,19268,HIGHLAND RD + OXFORD,40.348821,-80.050792,0
731dc74c-58a5-4742-ac25-82d04f175e60,22721,CENTER AVE AT ALLEGHENY AVE,40.51305,-80.101208,0
732c5da4-b142-47d9-9619-ea74c4be8c12,12250,HAZELWOOD AVE + SECOND AVE,40.411411,-79.944466,0
732dc951-fc4e-4f7b-8693-271ee90103d1,2158,LIBERTY AVE + 31ST ST,40.459341,-79.970625,0
73408345-4efb-451c-be07-9d84285de3c2,7272,JONES AVE + BELL AVE,40.40334,-79.862896,0
73481d86-5c9f-467b-bc5f-5775cf99b848,8303,HAMILTON AVE + LANG,40.455119,-79.899498,0
734c0fce-ab5b-477f-a822-e055e6b9e4ae,2614,BRERETON ST + DOBSON,40.456709,-79.967194,0
73597a2a-b56a-4a10-b560-dc36ca968e6f,10010517,Ross Ave + Penn/Ardmore,40.439990807,-79.876675351,0
736b6b0b-b411-4c33-8743-548715a11af0,21303,LIBERTY AVE + 36TH ST,40.461832,-79.96387,0
736c9a80-bd45-46b0-b8c1-21eb290158d0,20203,VIRGINIA AVE + MERRIMAC,40.431719,-80.013531,0
7374e3fa-93bd-4515-856e-68ee9ce194dc,16261,LINCOLN AVE + BURNSIDE,40.489103,-80.046984,0
73752161-8721-4bc9-9aa8-4a92863b62f8,8118,BRINTON RD + #1584,40.41279,-79.857734,0
737e56b4-191f-4cff-8ce6-88f7a4e0d99d,213,7TH ST + FT DUQUESNE BLVD,40.444445,-80.000735,0
7388b71e-7339-4bfd-b6da-f1806c43714b,9433,STILLEY RD + HWY RT 51,40.361288,-79.982221,0
739649ab-c288-42ff-815f-9c370739a4f4,21231,LEBANON SCHOOL RD + OLD ELIZABETH RD,40.348168,-79.929074,0
7396de6f-ec47-4dfd-bd6a-64e3f03a82e6,7119,FORBES AVE + BEELER,40.443865,-79.938933,0
73b43c5b-7a36-46d3-b120-7aba4a741b59,18449,MIFFLIN RD + LEBANON FS,40.379334,-79.924908,0
73c15a13-cc6b-40ea-8183-07e7d22739c7,5279,RAILROAD ST + 4TH,40.389222,-80.088653,0
73ca8c07-5c9a-4e1a-8d4d-310105e89a9d,20808,HORNING RD + BROUGHTON RD,40.330636,-79.988323,0
73e527f2-7686-4896-8302-b5d38ac36cee,12695,MAIN ST + #1834,40.494459,-79.92031,0
740f420d-dbbc-4724-8e63-4b51fa63a1c3,9225,BLACK ST + CHISLETT,40.46973,-79.930359,0
742a62cd-9762-4473-b12a-8665f990d97c,2635,CRAIG ST + FIFTH AVE,40.447258,-79.949188,0
7433f221-bde3-4e4f-89c6-51fdea5b297d,10260,WALNUT ST + 30TH FS,40.331936,-79.845149,0
743b7d04-dfec-4c9f-9d59-0e8a4b53953c,12803,PITTSBURGH + SCHOOL,40.54138,-79.777912,0
7456e245-a7a6-403d-84f3-1ef6af83a070,10010258,Jenny Lind St + Federal St,40.339122654,-79.851709271,0
7457f826-1f7b-48e5-a4f2-03f627fdba9b,21397,SPRING GARDEN AVE + BASIN ST,40.460312,-79.990535,0
7458db20-3469-4cb2-a83f-fd90e2b24f54,9594,HWY RT 51 + IRWIN,40.343486,-79.970306,0
7471d878-dc5c-4d11-b5f0-715ffbff2f77,944,CEDAR AVE + PRESSLEY ST,40.45153,-80.001041,0
747eca34-9e6c-4c45-a959-2fe43924cca6,2525,CONNISTON AVE + BANDI,40.409307,-79.99942,0
74867659-9ce9-4926-a9b1-45a83b6c3485,4191,ALLENDALE ST + FAIRDALE,40.455405,-80.061028,0
748da5fd-ad9f-45a5-9b21-4d949b3a025a,20832,OHIO RIVER BLVD + LOCUST,40.497772,-80.069861,0
74adcb63-8e80-449b-9eec-2af26e3b5d66,11653,ANN ST + 8TH,40.407779,-79.909144,0
74af8b36-91af-4e3f-9050-aa1568953c52,13462,FREEPORT RD + AUTO PARTS STORE,40.631893,-79.715232,0
74bb2938-dbd9-4c1a-a06a-c74b5b416acb,19170,COAL HOLLOW + OLD COAL HOLLOW,40.466731,-79.84684,0
74c01736-f660-4524-8e5b-9ab57d6f64be,8553,LARIMER AVE + DEARY,40.467793,-79.907257,0
74c44848-eaa4-456d-82c0-6c5354603e85,6958,CURRY RD + OLYMPIC,40.340421,-79.990978,0
74c46b44-2812-46d5-a890-48620c947914,17356,FREEPORT + #1050,40.4874,-79.884395,0
74c8fb1e-2807-4e22-8d2b-05324f389216,399,NORTHGATE DR + #9396,40.576688,-79.990731,0
74d4543b-52f0-45b9-9e0a-49e875e8e4dc,22312,HILLCREST ST + WICKLOW ST,40.467825,-79.935715,0
74e4285e-afbe-428c-a67a-7c906f4d77fb,16567,ALLEGHENY AVE + PENNSYLVANIA,40.521832,-79.842593,0
75107668-2442-41a7-be45-51ca933ae982,8732,BEDFORD AVE + KIRKPATRICK,40.448147,-79.978422,0
75118a6c-386e-4bfe-86a9-9fc0cee54b29,1660,KENDALL AVE + WATSON,40.48793,-80.051987,0
7518ff32-ca25-4033-9fab-0d4768e50e02,472,PRESIDENTIAL DR + CLEVELAND,40.581934,-79.993713,0
75269757-7be2-416e-91a4-903600a13a91,11709,GREENSPRINGS AVE + ROBERTA,40.385798,-79.880054,0
7527f772-1491-426d-ad37-b8120c0cbe8d,201,CORBETT DR + BROWNS LN,40.545902,-80.020157,0
7529b168-c520-4747-aa97-c848dd253429,20965,RANKIN BLVD + HAWKINS,40.411973,-79.880966,0
7531397d-f6f0-4bef-9f4b-4ba61db0e729,3189,FREEPORT RD + MCKINLEY,40.494002,-79.860896,0
753b0a9c-4637-4501-9d3a-01de760ff3e1,11176,JACKS RUN RD + #3193,40.352159,-79.78942,0
753b1c5f-0785-4695-8d53-844e79d40ca1,22682,GREENFIELD RD AT OVERLOOK DR,40.432839,-79.937307,0
75434b17-b950-4073-a35b-5360f2d227b5,14421,HAMILTON AVE + ENTERPRISE,40.459316,-79.91462,0
7554395f-bc41-40d0-a52e-8878e3012d0e,4839,SMITHFIELD ST + THIRD AVE,40.4383,-79.9999,0
75573d68-8bf8-437a-a223-b8548ff1b3e1,1177,FIFTH AVE + MOREWOOD AVE,40.447365,-79.942604,0
755a1413-7e5a-4109-93cb-1ead1cd26f4b,18395,JAMES ST + HARPER,40.416293195,-79.814759989,0
755ec996-bd74-4af2-b845-2fc58420ea5b,22788,UNIVERSITY BLVD AT PATTON DR,40.50614,-80.223094,0
758403ab-37d6-4c35-956a-4fe18c228388,21454,PARKLINE DR + #1695,40.367991464,-79.965476602,0
75883a19-0b82-4ce3-a798-e5e53b8c72e0,14985,BUTLER ST + 57TH,40.485073,-79.946396,0
758b215b-5492-4db6-9836-599d6aa82aa7,4110,CHARTIERS AVE + MARLOW,40.442902,-80.039676,0
758e71bf-ba74-4d41-8c5b-66d35c2ecff0,6996,ARLINGTON AVE + WILLIAM NS,40.427951,-79.996336,0
758ff70d-4e61-4d4b-b5b8-65b5de459071,13494,PENN ST + UNION,40.61304,-79.74148,0
75990a71-77e4-45b5-aa48-ae6db1a5c857,4241,STEUBEN ST + HARKER,40.442988,-80.044141,0
75ae95a7-da37-47f8-a7f6-a9ca71b8a91f,19494,DEVILLIERS ST + CENTRE,40.4437,-79.980447,0
75b826bd-90d9-487a-b1df-ddeff18ddca1,7339,HUTCHINSON AVE + BRADDOCK,40.433122,-79.893523,0
75b8e7e0-8137-4a5c-a379-ba2ed6ee0e60,9106,FRANKSTOWN AVE + STANDARD AVE,40.457215,-79.877624,0
75bac630-119e-4240-b828-bdce518e20a9,1357,BEAVER ST + GRANT,40.543776,-80.185508,0
75bf8059-3f34-4452-9cfe-fbde5b7f163a,22831,PERRY HWY AT CCAC NORTH,40.566421,-80.038111,0
75c76d72-209c-4b63-94a5-4c9377521279,7711,SWISSVALE AVE + PARK,40.444534,-79.875846,0
75cf59a2-9062-462b-81e4-873c78f17802,11186,LIBERTY AVE + FIFTH AVE,40.441797,-80.002514,0
75d127bb-e4f9-40d1-9e0e-851151c6f321,10010482,Sinclair St + 6th St,40.350247109,-79.861995066,0
75de3354-a481-4fb3-9a8c-907b748d2a87,15287,GRANT ST + LIBERTY AVE FS (FED BLDG),40.443292,-79.994316,0
75e76bb0-eed1-48f9-a68f-243b64565e6a,20487,HAZELWOOD AVE + FRANK,40.419856,-79.932901,0
75e8e523-c209-4488-8d6b-8d0a38f78f1b,1113,THOMPSON RUN RD + HODIL,40.534863,-79.99044,0
75f24a00-382d-4368-9694-1722e942b423,839,FEDERAL ST + ALPINE,40.458938,-80.007857,0
75f8f73b-3603-4a44-979e-d3e7cd7a24a0,2171,LIBERTY AVE + 11TH ST FS (AMTRAK),40.444603619,-79.992651785,0
75ff3f0f-176e-4aa2-a5ab-a7d2af90fe6e,2573,CRAIG ST + CENTRE AVE,40.451709,-79.951836,0
7604af80-705e-435b-bb62-bb98d501c790,11123,WHITAKER WAY + HIGHWOOD,40.405989,-79.892801,0
76118136-ed12-4ae1-8127-f2d9ff892ddd,11962,EASTMAN ST + GREENSPRINGS,40.383622,-79.877927,0
76151d10-b38d-4947-8d72-3bdfc335e659,14370,CRAIG ST + BAUM BLVD FS,40.454418,-79.953522,0
762aea7b-4f57-42fc-8752-e1e18b1d9dac,4389,SILVER LANE + CLEVER,40.465961,-80.136438,0
763329ed-fb2d-4522-ba5a-007c489ea65d,19496,ALLEQUIPPA ST + OUTLET,40.442398,-79.966377,0
76351e1b-524a-4c75-99ca-6b58631b2c6e,19808,SALTSBURG RD + ASTER ST,40.483893,-79.814787,0
76551a0a-2731-4317-b3f0-30cb90faaec5,10010300,Broadview Blvd opp Harrison Hi-Rise,40.625874719,-79.722041208,0
765da494-de22-48c8-968c-c277ead11f65,4751,BOWER HILL RD + SERPENTINE,40.384303,-80.055672,0
766218cd-e875-489b-923a-d561d90b2096,21286,LIBERTY AVE + 14TH ST,40.446945,-79.989163,0
766f9d5f-e9c3-4fb8-b6ff-c992e5864716,7289,SWISSVALE AVE + REBECCA,40.438319,-79.87957,0
767d6aea-cecf-4660-a03d-b1b7a0acbdd1,18528,PENN AVE + MURTLAND,40.45081,-79.906033,0
7687b567-2b74-486f-a0e6-63c4ab93ffaf,21681,FREEPORT RD + HULTON BRIDGE FS,40.52975,-79.84967,0
76888488-b289-4f51-905b-8e90ea94902b,5464,NOBLESTOWN RD + HARRIS FS,40.434116,-80.05035,0
7689994b-6582-4bfa-8cfd-0f33f57a39d5,1204,GRANT AVE + BLACK,40.480088,-79.973408,0
768fd0f6-e9f0-4cf1-a656-caf76e691a82,2435,MT ROYAL BLVD + UNDERCLIFF,40.515795,-79.959077,0
76901aff-f80a-44e5-a321-3e4937b6d041,8011,FORWARD AVE + MURRAY,40.429792,-79.923314,0
7697dd9e-04da-40a1-a62f-b62919671832,2589,PENN AVE + 30TH ST,40.458924,-79.972701,0
76da4a6c-a945-42e8-9e97-32545e7713bd,14968,BUTLER ST + 49TH,40.477139,-79.956902,0
76de93b7-1aa9-4667-8eee-22bfd3e864de,2553,E CARSON ST + 20TH,40.428549,-79.977847,0
76f18a46-cfc2-4256-8361-f2134a716799,1414,CHATEAU ST + NORTH,40.451778,-80.027579,0
76f2a3c2-5ad6-4b33-a54b-3479d978c1dc,18627,HWY RT 286 + OLD FRANKSTOWN RD,40.445563022,-79.713665621,0
770c0cb9-0352-48d5-b698-ac8c7d2618c4,14472,HULTON RD + 15TH,40.525604,-79.823052,0
77256fab-58c0-413b-9376-db8c36723170,21051,PENN AVE + SHAW NS,40.405324564,-79.82877151,0
772d0c3e-a446-4c6a-8dc9-72acc1141500,11147,LINCOLN HWY + SANTOS FS,40.381378495,-79.813573187,0
772d9267-98b0-4c88-9319-081ebd70a596,11968,5TH ST + KENNEDY,40.371231,-79.849617,0
772db492-ba86-4667-b3ee-5c9aef08921e,7543,COREY AVE + CENTER,40.406104,-79.866276,0
7734cfbc-82bb-416e-b7c6-bdfb6c2ce6e1,2244,ISLAND AVE + BOQUET,40.46665,-80.060497,0
773b527f-9d0f-4e7f-9048-5e21d6c5c2c4,6794,WEYMAN RD + MCROBERTS,40.370258,-79.997661,0
773f4998-939b-4723-bb4d-399f58e16008,7820,ELECTRIC AVE + GREEK CATHOLIC CHURCH,40.402862,-79.837488,0
7752fed4-2745-4b4b-a98e-4c0bf7e31515,20168,VERSAILLES AVE + FREEMONT,40.345272,-79.841982,0
77573940-3b8e-4b1a-8198-e010ac927c31,8654,ALLEQUIPPA ST + ROBINSON ST,40.443081055,-79.965542127,0
775e4056-ed7e-4fb7-a733-538365264f00,18731,WEST BUSWAY + IDLEWOOD STATION STOP B,40.426263,-80.07275,0
77641140-a19e-4eb4-87f6-0f2d31383439,7157,NOBLE AVE + WASHINGTON ST,40.421473,-79.886291,0
779c5a50-1ead-49b3-aedf-581ba4c3f7fe,7571,MAIN ST + FRANKLIN,40.396734,-79.841356,0
77b3e653-aeb6-45c3-a1b6-5621583fbf5b,8524,BEECHWOOD BLVD + LILAC,40.423152,-79.927605,0
77c82980-1d30-427b-b467-02ffedb28200,5595,CAROTHERS AVE + WASHINGTON,40.395715,-80.086949,0
77d516e2-f25c-4a7c-a689-682c7d45428d,6296,WEST LIBERTY AVE + CAPE MAY,40.408332,-80.01776,0
77d5e8c1-81e2-4662-853b-b0d6d130f87a,14357,HAMILTON AVE + ENTERPRISE,40.459349,-79.914352,0
77d89f4a-3698-41a5-80a6-2a8a640caae2,10666,MCCLEARY ST + FORD,40.346224,-79.838546,0
77dfdabb-ab5c-45c7-a58d-219b73cb6233,6909,CURRY RD + LAUREL,40.344281,-79.992085,0
77ed01e5-bb48-4c25-ac0d-e6ee81c7002b,2415,BUTLER ST + 37TH,40.466091,-79.964775,0
77f37a34-cb30-44ba-8bbe-2f25607a1ad3,19180,CLEVER RD + PITCHFORK,40.465137,-80.109118,0
77ff510b-4f96-4c71-9739-b8dfaf3d77ff,6099,PIONEER AVE RAMP + PIONEER,40.411808,-80.009236,0
78016831-9acf-4fd5-bdea-3d3784003d3c,2715,MT TROY RD + GARDENVIEW,40.485059,-79.991975,0
780b544d-50fa-4117-ad8b-3fd49b82e78d,20766,HIGHLAND AVE + ELLSWORTH AVE STEPS,40.45887424,-79.925026033,0
780c05b9-d1e9-489c-a342-9b0a7dfed64f,14387,FRANKSTOWN RD + RODI RD,40.466396284,-79.826145874,0
780f1ed1-cc90-443e-b434-bcdcbce04149,19476,LINCOLN HWY + JACKS RUN RD FS,40.368467,-79.780755,0
78163abb-298d-489a-ac61-17b8391e0306,21363,IVORY AVE + SCHERLING ST,40.49599,-80.007329,0
781f4be8-44a5-4f85-aa2a-4e1a348641c6,3292,BUTLER ST + JANCEY ST (STEPS),40.488852,-79.924206,0
78215d08-4cce-4b55-88c8-27ff216d8df3,7127,FORBES AVE + SHADY AVE,40.437977305,-79.919574768,0
782aa595-6022-49cc-a81d-a91ce60116bd,1740,BRANCHPORT ST + PREBLE,40.458813,-80.033409,0
782b8490-4e0a-4022-82a8-7c6646499600,1870,SHADELAND AVE + RANCHERIA,40.471862,-80.030926,0
782e0611-a696-4d68-8c21-2d0de5dcf6eb,4363,STEUBENVILLE PIKE + FIRESIDE INN,40.439728,-80.088867,0
78338242-af35-48e3-b8d0-2d7f37f9b759,22311,PARKLINE DR + RADFORD RD,40.364979,-79.966986,0
785e21d4-757d-412d-bc9c-bca6cee0aad4,20518,LOWRIE ST + DEHAVEN ST FS,40.46188,-79.984328,0
78660a36-ccea-4043-b17b-c013c760d9e8,21505,BROADWAY AVE + RED LOT NS (CROSSWALK),40.345792433,-79.827395445,0
78741857-6ec3-4af8-80d3-a7440a94824d,8198,CENTRE AVE + MILLVALE,40.453217,-79.947453,0
78790afc-d7aa-47d8-9a79-7979bcd07164,22064,NEGLEY AVE + RURAL ST,40.465996,-79.929244,0
7886e991-3a1a-4f08-83ac-66f2cef3cc06,10010306,Penn Hills SC - Aldi,40.46327647,-79.826230405,0
7886f9c5-a89d-4de1-abb4-3a6c92422047,12170,HARTMAN ST + SARAH ST FS,40.34987,-79.83424,0
7891abf0-2c50-4a90-ad1f-71cbc3011fa0,7714,MONTIER ST + PARK,40.4459,-79.871688,0
789539f0-802e-4924-a08e-1aafe419dd8d,21460,PARKLINE DR + SKYLINE DR,40.367262,-79.9641,0
789cb3e6-1d93-4514-ae01-f57911e633af,19825,ROSS GARAGE + TERMINAL-NO STOP,40.501111,-80.022331,0
78a67930-193f-450e-b625-b66432bb7e9a,19090,BAUM BLVD + CRAIG FS,40.453968,-79.952698,0
78ab656a-53cd-4911-b6aa-a9902458a23d,22322,MONROEVILLE TRESTLE RD + SALTSBURG RD,40.476299,-79.760091,0
78c19f31-bac5-4cb9-b3e2-d7484c24661d,14981,BUTLER ST + 48TH,40.475681,-79.95755,0
78c4947c-c8a5-4f39-8dbb-aabafd84b566,12240,BIGELOW ST + TESLA,40.419359,-79.93611,0
78c8160a-1f69-4ad1-86bb-3a6d8f08b5e1,21451,SKYLINE DR + #1765,40.365706,-79.963997,0
78e2e7a1-bb02-43a6-a7bf-fab35d9a5a03,21720,LINCOLN AVE + LYRIC ST,40.463484,-79.903411,0
78e6e619-3634-48c8-b5cd-e614747bad22,8418,WILTSIE RD + #6903,40.473733,-79.897653,0
78ea67f8-7af8-4955-a0e3-88af104f1f91,20397,LABELLE ST+ GRANDVIEW,40.43632,-80.015608,0
78f7fb04-8656-4a15-af84-cc8ce7137362,11978,CRAWFORD ST + MIFFLIN,40.362275,-79.854811,0
78f9f890-f28c-4ad2-9248-b1f62272a1de,18287,BEAVER RD + EDGEWORTH FS,40.551969,-80.191846,0
79208a34-58de-4dc9-97a6-74f518522cc7,20786,STATE ST + WALNUT AVE FS,40.308756,-79.889532,0
79232942-61a7-4115-99ab-e337121ab003,21405,PERRY HWY + #328,40.518581,-80.026751,0
79290188-72ad-4a2c-a237-a023557063cb,1117,THOMPSON RUN RD + EASLEY,40.527439,-79.988577,0
79465ea1-96b8-41d2-96e0-82760625d3e1,9545,BROWNSVILLE RD + HILLMAN ST,40.371652,-79.975354,0
7947c8cb-7995-4e78-9502-25f94be193dd,8199,CENTRE AVE + MOREWOOD,40.454091,-79.944553,0
79518b47-5699-4185-a95e-84d233dfaf60,2046,SEAVEY RD + PARKER ST,40.493971,-79.963524,0
795780ab-d6ce-41a9-bada-8c6dece03438,22111,STANTON AVE + MORNINGSIDE AVE,40.47538,-79.932034,0
795998e7-fb8a-4ea4-b417-f20e8b3145a3,237,MCKNIGHT RD + BROOKVIEW LN,40.511664,-80.003719,0
79699b56-c9d9-42a7-8b6a-45cd0ae7441c,8789,CENTRE AVE + #5743,40.457802,-79.932084,0
796a6c52-945f-4a1e-b7a9-93eb8de6adca,900,PERRYSVILLE AVE + WATSON BLVD,40.484191,-80.013481,0
796d823f-8aa7-4d30-b044-e3158fa16800,4264,MIDDLETOWN RD + TYNDALL,40.449517,-80.064155,0
7973de10-a676-4a96-8a4b-e94a417dbbe2,8205,CENTRE AVE + NEGLEY (MARKET DISTRICT),40.457029,-79.934679,0
79797d2a-6473-4554-8841-955baad472aa,22070,FRIENDSHIP AVE + GRAHAM ST,40.461789,-79.936196,0
797b0f8f-714a-4c85-a4ae-267077cc46a0,20219,LONG RUN RD + OLD LONG RUN RD NS,40.321918,-79.826105,0
798cab2b-3fb7-46f0-a224-424831ae44fb,21568,CUSTER AVE + ST WENDELIN CHURCH,40.393354,-79.974616,0
79936791-5c3b-4c29-ac1f-80dc9aa76fac,99976,CASTLE SHANNON STATION,40.368492,-80.030516,0
79943df1-d952-426f-91d4-c3d74e046eb0,2551,S 18TH ST + E CARSON ST,40.428466,-79.980531,0
79957749-f3e9-4e0a-a59e-0b283b3c2a91,16485,CRESCENT + SULLIVAN WAY,40.502042,-79.946767,0
799dd154-d83c-45ec-b2c6-afab3a716512,8146,OXFORD DR + RACQUET CLUB APTS,40.431294,-79.787605,0
799e165d-6849-4d7f-93b0-0bd07db207a7,17509,WORTHINGTON AVE + INTERSTATE LOUNGE(#1560),40.292744,-79.909534,0
79a5763a-1994-4a08-b139-abbb86dc67f3,20398,LARIMER AVE + WINSLOW,40.465682,-79.913453,0
79a7f85f-3605-4d75-8164-ea0986f3902f,9994,BROWNSVILLE RD + WYNOKA ST,40.405552,-79.991058,0
79aea5bd-29f9-430d-8821-6ee5a356de20,11083,SHADY AVE + BRAEBURN,40.448456,-79.921234,0
79b95930-9731-4321-ad51-a3ea14c379f1,922,CENTER AVE + PERRYSVILLE,40.50977,-80.028262,0
79c99224-022e-4e10-a5cf-7425b4b574c5,15280,WEST BUSWAY + INGRAM STATION C,40.44386,-80.065889,0
79cb47ee-9596-4172-91c1-37fe79b75afa,2841,CHESTNUT ST + CONCORD,40.458356,-79.995364,0
79d39429-e67d-4e6d-8d9a-01d5d4373a3e,4495,NOBLESTOWN RD + OBEY,40.438135,-80.049369,0
79e420de-1806-4c63-8c99-2b54de75d561,18902,BRYN MAWR RD + IOWA,40.451462,-79.957338,0
79e6820e-3320-4943-98dd-2072c644caf1,7766,MIDDLE ST + #644,40.397516,-79.811404,0
79f21e67-d901-40a4-b9b4-25b7d5617475,227,EAST ST + MT PLEASANT RD,40.48222,-80.005855,0
79f86db2-c713-47b5-81ab-bb89e53e4259,10010396,S Aiken Ave + Centre Ave,40.455632132,-79.938502014,0
7a04bdf6-7d13-4ca9-9bc9-055bd6783516,15664,GIANT EAGLE (VERONA RD) AT ENTRANCE,40.462368842,-79.865258861,0
7a05c7b8-e4ed-4c0a-913f-e1d15ad8d738,12807,FREEPORT RD + RIDDLE RUN,40.546179,-79.770383,0
7a133157-d760-4f46-8de8-af88977bd4a3,2172,LIBERTY AVE + 14TH ST,40.446727,-79.989306,0
7a1eb1f7-4b28-4f3c-912f-fb5c682ebb33,9125,NEGLEY AVE + PENN AVE FS,40.46318,-79.93096,0
7a267625-6dfb-4f32-943a-43a56c7e62ca,11626,INTERBORO AVE + BRIERLY,40.376779,-79.909381,0
7a2b9a95-192d-41a1-b5b9-ad7df5546333,1397,BEAVER AVE + PENNSYLVANIA,40.453468,-80.029129,0
7a2dc027-bd10-4109-8231-627c8e1e001c,3452,HERBST RD + FOREST GROVE,40.482228,-80.111894,0
7a320d2e-ab6e-4336-acac-ff1405c2802b,11635,MAIN ST + MARION,40.388131,-79.901769,0
7a36c2f9-10b3-4f16-9adb-a1424ef1ca62,20233,ZUPANCIC DR + SPRINGDALE,40.320577,-79.994214,0
7a3e49c5-26c4-459e-9e1e-300bd6c16516,1158,LIBERTY AVE + PACIFIC,40.457293,-79.941013,0
7a417307-358e-4506-95e3-b2bacbda980c,1481,MERCHANT ST + VALLEY,40.579884,-80.221357,0
7a53ced9-cb9a-4434-9a4a-35722173d1c4,13606,OLD WM PENN HWY + SCOTT DR,40.441384,-79.751748,0
7a69a0eb-a29e-4ee9-88c4-69b0239e2e56,18369,WASHINGTON BLVD + ALLEGHENY RIVER BLVD,40.483298,-79.908048,0
7a6ae7f9-13f3-4ecb-85b1-de3508d2fa1a,13631,HWY RT 286 + WESTINGHOUSE #2,40.44205,-79.713245,0
7a812bb5-292a-41e6-90a5-513d47c80029,1341,BEAVER RD + BROAD FS,40.569439,-80.213829,0
7a852a61-055f-4f89-9d39-6c59bb2f5bb3,14448,VERONA RD + GALETON,40.490376,-79.836093,0
7a8c831a-6805-4317-9020-c28d47f52ada,8581,BIGELOW BLVD + HARDING WAY,40.456732,-79.963642,0
7a93251b-267d-47af-8bc3-bf8337293208,3185,FREEPORT RD + BOYD,40.498219,-79.854585,0
7a951be5-3e1c-495e-85cc-acc8257ee6cd,3375,FERGUSON RD + FOXCROFT,40.565075,-79.995804,0
7a99a9f8-75d1-4a6b-97c2-6f5fa3f58d5d,21892,CENTRE AVE + HILL HOUSE,40.443102,-79.981222,0
7a9c7219-af54-4347-8c87-83d7b590b200,3196,FREEPORT RD + S OAK HILL RD,40.488955,-79.876906,0
7aa84c4d-ae32-445f-8479-e2041d36f162,14517,FRANKSTOWN RD + HIGHLAND DR,40.467125,-79.836296,0
7ab24a74-8a0f-4760-9856-72e11ba9e41f,21461,SKYLINE DR + MAPLE DR NS,40.36487,-79.964596,0
7ab4b157-dc1d-4558-beb9-3b87e8cb4b60,20917,MCKEES ROCKS RD + HECKEL,40.470631719,-80.09143465,0
7ab53c89-d484-4d83-9212-1276ade5f4fb,12094,SECOND AVE + BRADY,40.435782,-79.972824,0
7abe715a-b82c-4eef-8660-312b4be7ed79,22647,GRAND AVE AT #3000 (HOLDEN CORP),40.50537,-80.104811,0
7ada0c25-3e3f-4d96-8b81-e1ed8555bb07,5500,WASHINGTON AVE + MURRAY,40.360294,-80.111523,0
7adcea17-e21a-443c-b57b-74b8151afa4f,2670,ARLINGTON AVE + FREELAND,40.419179,-79.989129,0
7ae55c95-3de7-4803-b621-2ed35d6412f1,21622,SIDNEY ST + CIRCUIT CENTER DRVWY FS,40.425639,-79.962264,0
7af1a919-1c27-4a26-850f-9cb41cefc174,10831,WALNUT ST + 7TH,40.349058,-79.864512,0
7af284cb-7349-4ad0-a6a1-d28a4b58ee23,20792,7TH ST + PROSPECT,40.386442,-79.752504,0
7afdac9e-b719-4b2c-a1f8-d4f91485266e,4070,STOTZ AVE + CRAFTON MUNICIPAL BLDG,40.435042,-80.066397,0
7b07411a-16f5-4c1a-a826-c0eaa6390114,2221,GRAND AVE + TRIAD METALS,40.507935,-80.112392,0
7b285cee-d779-4a5d-afda-e5c98582a5ef,931,CENTER AVE + TOWNSHIP,40.51893,-80.025228,0
7b323f23-a4bb-4378-8363-b03f742de366,3379,FERGUSON RD + LAMMERTON,40.561237,-79.987555,0
7b333564-6937-4ff1-946a-cc8ed17b05c8,22129,BUTLER ST + 37TH ST,40.466351,-79.964695,0
7b3592c0-8ae3-40d2-b649-7e69fd87ecb5,7152,EDGEWOOD AVE + LACROSSE,40.426817,-79.885278,0
7b46ccd7-1f76-4387-871d-0fc71ff6384b,8299,HAMILTON AVE + BRADDOCK,40.453121,-79.890694,0
7b472776-9112-47d0-9b64-056b2bb2589e,8189,NEGLEY AVE + FRIENDSHIP AVE,40.460808,-79.932366,0
7b4b3184-0623-4693-9c5f-d66cde681c4a,7245,MONONGAHELA AVE + MCCLURE,40.423057,-79.891175,0
7b4e2af3-57c1-4333-a16a-19e408a5979f,14467,HULTON RD + 7TH,40.524338,-79.835884,0
7b54723f-26b5-4776-8983-9270127b36d2,W15307,MONONGAHELA INCLINE AT UPPER STATION,40.431361183,-80.005904692,0
7b5787ec-ed1c-4532-83de-6f89e464f8f8,14630,UNITY TRESTLE RD + UNIVERSAL RD,40.490419,-79.783024,0
7b63b409-02a4-40d4-a8e9-707bfc279505,2417,BUTLER ST + 39TH,40.467355,-79.963858,0
7b6645f9-e09b-45e3-8d19-d8dd949e2074,3556,RIVER AVE + W CARSON NS,40.465422,-80.053341,0
7b732db8-498a-4dc7-957b-194d153a6803,7614,MONTIER ST + #1823,40.448171,-79.868676,0
7b75526b-0ad7-40aa-9d7d-2c7566e3d051,19994,MURRAY AVE + HAZELWOOD AVE,40.419856364,-79.928335257,0
7b76be00-40d6-4849-8c02-79358c8aa1de,6417,BOWER HILL RD + N WREN,40.376584,-80.067407,0
7b7a168b-63d4-40c7-857e-7e960dc9ce99,7382,CHURCH ST + MONONGAHELA,40.421993,-79.890305,0
7b7bc3d9-80b1-46de-acbf-8564f8e73d96,22429,MATHIAS ST + MANOR CARE DRIVEWAY,40.468348,-79.994917,0
7b8cea4a-16b8-49a0-8813-a36625826856,21641,HAWKINS AVE + #504,40.40822,-79.865525,0
7b9a46d6-61ae-4c1d-92a7-43dd89946ee4,9451,MOUNTAINVIEW DR + HOME DEPOT,40.342239,-79.953896,0
7bb16060-a088-47e2-a18d-eceb6f1c2b5f,7414,PALLAS ST + WOLFE AVE,40.405808498,-79.845301257,0
7bb5087b-0aea-46d3-9176-ff5e58769d75,10964,8TH AVE + MCCLURE,40.408667,-79.907564,0
7bc027b2-651d-4f26-90a0-f14135544128,2601,RIDGE AVE + ARCH ST,40.451867876,-80.008882446,0
7bc1f27b-ed6d-49aa-a2ec-b970ee8d6f92,21120,BRERETON ST + 30TH ST,40.456575,-79.969999,0
7bd1f0a1-3122-419d-b212-9942d136c320,16111,EAST BUSWAY + WILKINSBURG STATION B,40.44678021,-79.888743973,0
7bd3ba5b-d7dc-4d10-838f-bc29c39d2078,2865,SPRING GARDEN AVE + BEECH ST,40.4813,-79.99629,0
7bd53427-bea5-4678-8360-3c0b2a081656,2877,SPRING GARDEN AVE + OLD HONESTY,40.46218,-79.987237,0
7bdca32d-95e2-49bd-9cd7-eeb512250a8d,10010476,Grandview Ave + Brownlee St,40.3489144,-79.837121574,0
7bdef85a-9ce7-471e-959f-d69a8eacb943,7729,LAKETON RD + LINDBERG,40.458387,-79.846344,0
7bec3cb7-ea30-479d-908a-0d7f1eca1a72,6683,SOUTHERN AVE + OHARA,40.423807,-80.011104,0
7bee26b1-3729-4d70-af07-575074807c57,1863,WOODLAND AVE + STAYTON,40.469573,-80.02745,0
7bf0af4b-7b21-43fe-86dd-8ca54542a622,18583,WILNER DR + ROBINSON FS,40.45291,-79.866757,0
7bf1bf22-6180-4daa-9489-e25a66eb3767,12760,BUTLER ST + FREEPORT ST,40.496406,-79.94415,0
7c3211a6-a21e-41f6-be50-9cea3735cfa1,10010283,Campbells Run Rd + Davassie Rd,40.442198781,-80.157016875,0
7c36ad29-8d56-4a2a-8f97-e7d08838a4df,5657,GREENTREE RD + POTOMAC,40.408367,-80.050176,0
7c3d050b-9421-4d3a-808f-cb9d44dc178f,10029,BROWNSVILLE RD + BISCAYNE DR,40.387436,-79.984055,0
7c3e4242-1fc9-4b30-8b73-759eba2924d0,10010360,Duncan Ave + Covenant Ave,40.568038592,-80.02216749,0
7c4653a0-0350-4c9c-b265-1311845755a1,11686,KENNEDY AVE + MIFFLIN,40.366181,-79.857698,0
7c5276f9-1c9a-4ad3-9905-161c980d713b,14333,VERONA RD + MAPLE,40.479959,-79.839313,0
7c5f6fbf-9e27-4677-824e-f0a149dac77e,18636,NORTH AVE + SANDUSKY ST (AGH),40.456043,-80.003929,0
7c61f653-37c2-4a99-86b4-713b4d64c6f8,11263,WORTHINGTON AVE + ONEIDA,40.294574,-79.905718,0
7c672aea-96d7-4a7e-8799-978a2477ee11,22259,JUGHANDLE + IVYGLEN FS,40.382402,-79.995621,0
7c683e55-0818-4779-a116-a647ecf3efdc,7154,EDGEWOOD AVE + COLUMBIA,40.424655,-79.885998,0
7c6f81af-b478-48fb-9c19-acd6fd9fa055,19859,LEECHBURG RD + BARCKHOFF ST,40.493736,-79.789161,0
7c7cfbeb-0701-4dd1-97dd-99219287bc9d,6298,WEST LIBERTY AVE + BUSWAY ISLAND,40.411343,-80.012146,0
7c838cd7-b739-47c5-8526-81a135af6f04,21042,ROSS AVE + COAL,40.44111,-79.879977,0
7c85bc08-5e4a-4299-92b1-fe2c384bbd4e,1125,SEVENTH AVE + SMITHFIELD ST,40.442791,-79.99662,0
7c897dec-5841-4327-8aa3-914b1763b566,6585,CEDAR BLVD + GREENHURST,40.374953,-80.056779,0
7c8b6b1a-0aa7-4191-b10a-951945873ee0,9421,HWY RT 51 + BEALL,40.355419,-79.979426,0
7c9296a9-b4d5-4ab9-be6c-97bc25717863,11051,MAIN ST + LESLIE,40.379611,-79.907307,0
7c982be2-4006-4bf9-a916-7053e87910af,22026,PENN AVE + MILLVALE AVE,40.465322,-79.945117,0
7ca0dc1b-475a-452d-acbf-61a111ef5af9,10010442,Greentree Rd + Lindsay Rd,40.386374411,-80.08419403,0
7caccf29-7dc5-4fdb-859b-54c55eadd789,965,WILSON AVE + DRUM,40.465029,-80.012784,0
7cad6d65-8311-4c17-bd8c-fe304d3593ce,2917,RAMAGE RD + CHERRYWOOD FS,40.49068,-80.000034,0
7cb49b9b-13f9-4f10-876c-90838204a78d,4243,STEUBEN ST + ELBON,40.441642,-80.04091,0
7cce2f29-9e6d-4a5a-ba2c-e26684773981,4783,ARLINGTON AVE + CONWAY,40.41732,-79.973661,0
7cd7c63f-2f56-4f4b-8323-2ed437d6735f,8451,LARIMER AVE + APPLE,40.468625,-79.906449,0
7ce52cc8-bd98-4808-ae7c-6ecc33f1e9d2,21078,STEUBENVILLE PIKE + E WINDHAVEN RD FS,40.444352,-80.099004,0
7ce61abb-96db-4784-8c46-35dfa1292b56,16601,CENTRE AVE + DITHRIDGE,40.451428,-79.953432,0
7cf0572e-14bf-4513-9097-af285f4a96a4,1459,BEAVER RD + BLACKBURN FS,40.541481,-80.181943,0
7cf68912-4d64-4e1d-be7f-de2e92e2faa7,8773,CENTRE AVE + ROBINSON ST EXT,40.448674,-79.965138,0
7d07c75d-ccc4-405b-83f6-aa9269894675,8739,BEDFORD AVE + MERCER,40.444389,-79.987316,0
7d19e531-1a5d-4841-bdcd-514843db0286,10010261,Evans St,40.338644595,-79.849845921,0
7d1ea51f-d2fd-4fb0-9fc6-44cee79e74a2,22895,THE BLOCK AT NORTHWAY AT NORTHWAY APARTMENTS,40.550241,-80.022548,0
7d249c20-0c2b-4f1e-a511-6961567d7ed0,11980,PENNSYLVANIA AVE + MELLON,40.36212,-79.858684,0
7d3af61e-80a6-4fb7-b649-a032eb0cc382,112,PALM GARDEN,40.416466,-80.011827,0
7d3bab28-859c-4ab2-87ed-e9ea3c3d66a4,10010282,Campbells Run Rd + Ridge Road,40.439755128,-80.151930507,0
7d3f5967-e688-4a85-98ee-0c2b6ef885d4,16564,ALLEGHENY AVE + DELAWARE,40.517633,-79.843102,0
7d48c886-f443-4643-9699-143a0542d391,22797,WASHINGTON RD AT BOWER HILL RD FS,40.387284,-80.043549,0
7d51ee4a-cad3-4ea7-a2d5-cb3ca5a80ae9,21941,BUTLER ST + LIVONIA,40.4889,-79.935943,0
7d572bcf-5c20-41e8-b2d8-b0e6954bfdbb,20123,HULTON RD + JEFFERSON ST,40.523081,-79.81169,0
7d604ed7-be2a-4acb-851a-26fd84a51475,8534,LARIMER AVE + WINSLOW,40.465761,-79.913391,0
7d6a7203-c22b-406c-a9a6-3400722fa912,12,WOOD STREET STATION,40.442352634,-79.999563689,0
7d6b810d-6a48-429e-a9ff-2e930641d3ac,10389,WALNUT ST + WORTHINGTON,40.316427,-79.833302,0
7d6e03e2-e848-40b4-bba8-9010c0df6b43,7831,AIRBRAKE AVE + 7TH,40.401733,-79.819473708,0
7d6e7605-fc98-48aa-b0e7-7704f9ddeab1,6416,BOWER HILL RD + SEGAR,40.378362,-80.064644,0
7d7c3ae0-117d-480c-b47b-da2116de575b,22899,MCKEESPORT TRANSPORTATION CENTER AT BAY #4,40.352097,-79.861809,0
7d8b860c-6bfd-4431-826c-3b3fff2d56df,6426,KANE BLVD + OUR LADY OF GRACE CHURCH,40.373912,-80.084665,0
7d94c159-f4fb-4236-934e-1379a7cffc3f,1145,GRANT AVE + SCHOOL,40.478348,-79.970406,0
7da41aea-873e-44d3-ae1b-060766fd00a8,21330,SANDUSKY ST + GENERAL ROBINSON ST,40.44873,-80.002382,0
7db496c9-f8b0-4d27-8888-a606a4a2eeef,20934,GRANT ST + LAUREL,40.4884,-80.053093,0
7db61f38-b12e-4753-b38d-9883c9a62b46,7632,PENN AVE + HOMEWOOD,40.449141,-79.90102,0
7db69436-6469-4de3-b81a-52e5d6e7122c,1206,NORTH AVE + LINCOLN,40.481522,-79.97435,0
7db96d4c-9ce0-440b-a5c5-95dd15576f60,19563,CALIFORNIA AVE + BENTON FS,40.484659,-80.040821,0
7dbb4bb2-9726-4b59-a0f2-37b4e41ae7d0,14186,UNIVERSAL RD + JOSLYN,40.463295,-79.802536,0
7dbbb933-4eb5-4c5d-82c5-a4242dbc3e77,22749,BROWNSVILLE RD AT SUNNY DR,40.344984,-79.985743,0
7dbf494d-d4ac-4f69-924e-1dc0cea102fa,19799,UNITY TRESTLE RD + ASHLAND DR,40.486222,-79.77143,0
7dc243db-5652-4a92-b019-a5685cd3bc9c,22656,CHURCH ST AT BRADDOCK AVE NS,40.422908016,-79.887698437,0
7dcc4dbf-72a8-4dec-b975-3ac32aef710a,1813,CHARLES ST + KENN,40.467922,-80.015746,0
7ddbe75e-c194-4c66-94ef-c8f302f747ff,2914,SPRING GARDEN AVE + BEECH ST,40.481195,-79.996182,0
7de1030d-bd07-49ae-b3b0-e8f828b10ad8,13793,FRANKSTOWN RD + ORIN ST,40.464847,-79.853228,0
7de65b1c-5e7c-4f01-80cc-42754edb971a,22672,EAST PITTSBURGHMCKEESPORT BLVD + #920,40.381595,-79.828094,0
7de6afc7-b6e6-43eb-921a-97563ab42324,1952,CALIFORNIA AVE + FALCK AVE,40.477976,-80.040361,0
7df9d08d-adac-4325-ba51-27181c4fd99c,926,CENTER AVE + OAKWOOD,40.514329,-80.024165,0
7e0170c6-ccd5-4b6a-bada-b3997f83296c,21401,SPRING GARDEN AVE + WILLIAMS RD,40.477227,-79.993267,0
7e04135b-9c17-4fe4-abb5-687e81c5dd8e,1556,NORTH AVE + ARCH ST,40.454999,-80.008809,0
7e0fd916-a82d-40d0-ac2a-7168d4838f6f,5112,STEUBENVILLE PIKE + DEVASSIE,40.445715,-80.151194,0
7e1c49c9-4b4c-42c3-900b-e9a94b106c51,20224,SOUTH BUSWAY + PIONEER AVE RAMP FS,40.411841,-80.008547,0
7e25a1f7-2fd1-4d2a-94c1-d2d96150c81c,2321,ISLAND AVE + BRADLEY,40.470432,-80.060348,0
7e26a9f1-2065-4e91-893c-af43230cd295,22657,DUQUESNE BLVD AT WHITFIELD AVE,40.371173,-79.843506,0
7e2ae888-b6f8-4555-863d-af6c3fcbb99a,9297,STANTON AVE + EUCLID AVE,40.4704,-79.922946,0
7e360e1c-8a35-41a9-9b78-42859682ecc0,18849,WEYMAN RD + VILLAGE LANE,40.359704,-80.000731,0
7e45aae9-998b-4d6f-8e87-4551101456da,2219,GRAND AVE + PITTSBURGH RECYCLING CENTER,40.508686,-80.116943,0
7e46ee40-63b3-41a2-9ac4-4160d009368b,8139,JAMES ST + QUEEN,40.421811822,-79.803337634,0
7e4bd727-3b26-42c2-b07c-17ca7ce3ea9e,13791,FRANKSTOWN RD + HOWARD ST,40.462757,-79.856728,0
7e4df623-114a-4e8a-99e8-c617e8053655,887,PERRYSVILLE AVE + BURGESS,40.467511,-80.009839,0
7e4f06b6-09de-4394-93ad-743b21627674,200185,Horne Blvd + 16th St,40.576588508,-79.767397241,0
7e509ba5-acea-4eb9-a1cd-3d0237ba90f4,19295,GRANDVIEW AVE + HALLOCK,40.437296,-80.017192,0
7e5820c7-cbe1-4cf0-81d4-0fd75fd83edb,14402,FRANKSTOWN RD + MCCLUTCHEON LN,40.464876,-79.85307,0
7e68c358-1aef-49a0-8063-63349c5658ae,7630,PENN AVE + CARNEGIE,40.448143,-79.898021,0
7e76b830-ef7d-427c-b0e2-02e296e68496,6841,SOUTH BUSWAY + SOUTH BANK,40.392454,-79.998352,0
7e810771-8653-4eac-810b-7524433d8a2e,7834,AIRBRAKE AVE + 3RD,40.399909,-79.816069,0
7e8f59b8-b998-40cf-a21f-5cbcae819e7a,2919,CHAPIN ST + COLBY,40.489296,-80.006546,0
7e92dcf2-2ceb-4a72-ade9-ac1d598d9f31,21575,CHURCHVIEW AVE + WILLET RD,40.385616,-79.971512,0
7eacfc81-cda8-4075-bc67-e41d37f8e691,12766,MAIN ST + 9TH ST,40.494561,-79.933664,0
7ec07959-2edb-4689-89b4-293229bf3c47,21577,CHURCHVIEW AVE + MELLOT RD NS,40.385803,-79.967536,0
7ec3f942-0223-47ff-86d1-5f2172e1b514,20761,CRAIG ST + CENTRE AVE FS,40.451553,-79.951881,0
7ed377b6-2743-4fcb-802d-ff54186b86b7,14415,BAUM BLVD + MILLVALE AVE,40.454308,-79.947853,0
7edbf230-b14c-4932-be40-e8224900d143,7357,BRADDOCK HILLS SC + GIANT EAGLE,40.414495,-79.855219,0
7eee2c76-0c17-4ab0-803c-905a2912b747,11046,MAIN ST + EMERSON,40.385283,-79.903382,0
7efa0857-a0df-46b2-a41a-11e717998d72,1479,BEAVER RD + LEET,40.571419,-80.216356,0
7efe8e11-bc24-4ce2-8798-c54f5eb6950d,22072,FRIENDSHIP AVE + ATLANTIC AVE,40.462029,-79.938846,0
7f1f6298-09b0-4775-b542-a6e398dc90e8,2881,SPRING GARDEN AVE + #1036,40.459331,-79.9937,0
7f27023a-43d0-4926-9496-cd5ae4792144,6288,WEST LIBERTY AVE + BLAINE,40.396783,-80.030414,0
7f271883-a270-4881-b5b2-b96a23470381,18650,WEST LIBERTY AVE + KELTON,40.392318,-80.037655,0
7f2dc490-b516-430d-bc8d-dc2ca912196f,18961,WINTERBURN AVE + GREENFIELD,40.426009,-79.939746,0
7f4c64bf-e1a7-49e3-8e10-ccb0ac9c8072,10010231,Versailles Ave + Grandview Ave,40.344791094,-79.836572339,0
7f4ea57b-fe6d-4154-ad15-eb6a963711e2,2586,BUTLER ST + PENN,40.462837,-79.966974,0
7f778fde-e0f6-43d6-bc2a-1b0d7352cc21,19332,PERRYSVILLE AVE + WALDORF FS,40.491406,-80.020202,0
7f7ccd0a-db06-4057-9948-3ece49914c04,12007,PENNSYLVANIA AVE + MIFFLIN,40.362182,-79.854977,0
7f89830d-dd32-4b95-b1ac-2d8f0ba77ccd,1000941,Perry Hwy + N Chapel Dr FS,40.629854462,-80.056717427,0
7f8ef8c7-fc7a-4f7b-9656-f4da46cfb865,18296,BEAVER ST + BOUNDARY FS,40.534991,-80.175293,0
7f90063f-a72a-45c7-95fe-4c12158f2870,2866,SPRING GARDEN AVE + #3364,40.480614,-79.99606,0
7f974b51-1427-490d-9b93-15d19a6b3633,18697,SAMPLE RD + NORTHGATE,40.574646,-79.990532,0
7f98ace8-e89b-4e72-b07d-32f823dfed5b,11777,KENNEDY AVE + CATHERINE,40.369709,-79.853575,0
7f9f6e9a-3a5a-4ed7-be98-b3b4c3994fcc,8182,NEGLEY AVE + BLACK ST,40.468903,-79.92749,0
7fa3fd16-07f1-49c7-8c37-1b7ca6ef9437,14982,BUTLER ST + 49TH,40.476992,-79.956919,0
7fac2ba0-efac-4fde-b076-90686905e086,22217,MAIN ST + 62ND ST BRIDGE FS,40.495537,-79.938847,0
7fae3b0a-d34a-469a-bd2a-ca168a438ccc,17126,JAMES ST + BUENA VISTA,40.420174,-79.808328,0
7fb1c47a-54c8-4807-bdb1-abbe7c6e251b,3206,FREEPORT RD + BRILLIANT AVE,40.488856,-79.900961,0
7fbab3ed-c4ad-415f-80b2-6e20c86b9000,7821,ELECTRIC AVE + OLYMPIA HALL,40.402107,-79.83667,0
7fcaacf5-36e9-4c0c-966b-04adc20b11e1,8874,LINCOLN AVE + MEADOW,40.461118,-79.909727,0
7fe4d858-25c4-4271-ba79-265ed97624e3,19619,CHARTIERS AVE + DUBOIS,40.451355,-80.05053,0
7fed9650-64c4-47d1-a566-7d1f36321917,5798,LINDSAY RD + #559,40.382298,-80.084168,0
7ff3c103-7e5b-4fa2-b6c6-059730521873,14690,SALTSBURG RD + REITER RD,40.476371,-79.78083,0
7ff86eb7-6fae-4143-8291-924f5815a3dc,8053,BRINTON RD + COLUMBIA,40.424572,-79.868521,0
801505fa-1009-4aa7-ae06-f64759c7ec9b,825,PERRYSVILLE AVE + CHARLES,40.471083,-80.008709,0
801eb318-4cdb-4901-bce3-2338a7138dc3,22833,PERRY HWY AT WASHINGTON BLVD,40.552759,-80.038028,0
8025ec04-e19c-468c-9497-c79cfe34bb63,8170,NEVILLE ST + BAYARD,40.450315,-79.948651,0
8029d37f-8fa6-41c9-b3d2-b7598c983483,9589,HWY RT 51 + BEALL,40.355602,-79.979737,0
802f9aee-9799-4912-aa30-fdf6a1ae3fd0,8085,ALBERT ST + MAPLE,40.408027,-79.819604,0
80308afb-bb20-413e-895a-bf2cf070eb90,10025,BROWNSVILLE RD + WOODFORD AVE,40.393302,-79.986562,0
803396ba-739c-495c-9f63-db02d734027d,12111,JOHNSTON AVE + GERTRUDE,40.406496,-79.941243,0
80379eae-2418-474a-a558-d692fe140cc9,1051,THOMPSON RUN RD + BARNWOOD,40.530208,-79.990315,0
803e1a56-78b8-43a5-8a65-6a95b7048e3b,200086,Brenning St + Oakridge St,40.39153449,-80.010727462,0
8042116e-a581-47ca-877d-6caa8a88d342,12802,PITTSBURGH + JAMES,40.541182,-79.779641,0
804bffb2-9d8b-40d9-aa6d-03ba66fd4c95,20946,EBEN ST + SHIRE PL,40.388376,-80.008278,0
804f6489-3eb8-43b7-ab35-4df5acfe0bc1,6449,BANK ST + GREGG,40.355192,-80.108766,0
80581499-85ac-475e-be78-b3adfbe13956,4371,STEUBENVILLE PIKE + ROBINSON MANOR,40.448824,-80.121831,0
805f44f2-46ab-4403-b3ef-2688fa88bc7e,14305,HULTON RD + THE FAIRWAYS,40.525983,-79.82177,0
80688ae6-e727-4713-9e0e-6b9f637b10a5,21355,PEEBLES RD + BINGAY DR,40.558984,-80.01522,0
80698970-0188-450e-ae57-403d9a8ca794,14401,FRANKSTOWN RD + FRANKSTOWN GARDENS,40.463667,-79.851234,0
806fae32-13df-4836-abfb-88b6571bdd4f,13407,FREEPORT RD + AUTO PARTS STORE,40.630188,-79.717697,0
8070398f-90c7-4476-9c84-6b985fac2068,4493,NOBLESTOWN RD + WEAVER FS,40.437159,-80.039853,0
807fd4e4-7f15-4997-ab2e-f924432d43f2,20866,HAZELWOOD AVE + EMAHLEA ST,40.418148,-79.936668,0
8080cc09-caff-471c-af89-69aeaafc9a90,20977,STEVENSON ST + FORBES AVE,40.437878419,-79.986626014,0
808d3d28-9bf6-4a5a-9cdd-a39f736cf664,3825,PARK MANOR BLVD + IKEA,40.453556,-80.167587,0
8097eda7-ca88-4adb-b9be-9589c89963d7,2365,4TH AVE + MAIN NS,40.519318,-80.166015,0
809aa8fd-22c1-4a96-a311-af4ed6e7541e,21732,BEECHWOOD BLVD + DOUGLAS ST FS,40.433266,-79.914635,0
809b498d-111b-49ed-8c07-f39338256666,1773,MT PLEASANT RD + NORTHVIEW HTS SCHOOL,40.481891,-80.002784,0
80a18377-7e07-4b36-978c-3803bd14b151,4781,ARLINGTON AVE + FERNLEAF,40.417334,-79.976272,0
80aad52c-18f8-4176-89b3-6877b4ae0775,2915,SPRING GARDEN AVE + #3681,40.485347,-79.996505,0
80b85b0a-ca35-4058-940b-be727394aab4,11036,22ND AVE + MAIN,40.39772,-79.901853,0
80bb5d8e-fc7f-4827-a7d9-212b097f86e5,9334,JANCEY ST + MARTHA,40.48497,-79.927788,0
80bbd4a0-fa5a-4ed4-9be0-64fd0b43f8a3,9214,ATLANTIC AVE + ROSETTA,40.467313,-79.937815,0
80bcb348-5835-499c-8d92-7f351983eb83,12814,FREEPORT RD + 2ND FS,40.574852,-79.777743,0
80cac3c3-6f2b-4e18-9ead-20181aa12ce6,8763,WEBSTER AVE + MCNEIL,40.453993,-79.963243,0
80df112a-d04b-4ac1-8f73-d92c09c15ad4,4749,BOWER HILL RD + LONGRIDGE,40.381925,-80.05802,0
80eae863-b2e4-403d-a8a9-cf8224253f59,10158,BALDWIN ST + RAMP ST BRIDGE,40.386967,-79.932676,0
8101b838-83d5-4411-b069-250e6851681c,3461,MCCOY RD + GREENWOOD,40.477992,-80.094076,0
810305c7-694d-4db3-ad05-9d66ff501815,10010267,Morlock St + Meyer Blvd,40.337672654,-79.842744596,0
810546e0-699b-4b7b-9b05-b353759a9610,1547,BRIGHTON RD + BRIGHTRIDGE,40.461564,-80.019046,0
811b0c3e-730c-42fa-a8f3-495cda8d68c6,1768,COLBY ST + FABER,40.486115,-80.005005,0
812c7769-bff4-444a-a4de-5e0acc614056,17791,MCKSPT TRANSPORTATION CTR + BAY #2,40.352308,-79.860558,0
813be301-44b5-4924-92cd-072cd0b48c5e,20969,MURRAY AVE+ HAZELWOOD AVE FS,40.420304,-79.928399,0
814959b7-1fd6-4aae-ae72-0943b838eabf,200191,Evergreen + Bauerstown Loop,40.495219675,-79.976002136,0
814b657a-4f51-4f5f-80bc-ffa6224cf803,18473,BROWNSVILLE RD + W CHERRYHILL NS,40.398219,-79.988592,0
814e8775-6177-4d85-9a68-e37d4192d90c,19866,LAWRENCEVILLE SHOPPING CENTER (TERMINAL),40.482902,-79.948012,0
8158a65d-81b0-4996-bd61-0af2f35b44b3,2458,MT ROYAL BLVD + ILLINOIS,40.549207,-79.971804,0
8159be9a-c910-41e3-98d6-525cf43884d4,11212,HWY RT 51 + BLUE FLAME,40.304798,-79.933545,0
815d6e96-1db9-4683-a295-336ee1e96af2,2449,MT ROYAL BLVD + KLEBER,40.535619,-79.97044,0
815f0b8f-0a21-474a-ba49-9e019e63ebc8,8317,FIFTH AVE + SHADY,40.452829,-79.920856,0
8174987a-42cf-4f14-b0c8-b4ca644eb950,10881,DUQUESNE BLVD + CENTER,40.36365,-79.842881,0
817af979-4774-4213-b837-9cecee5bd521,1792,CHARLES ST + BRIGHTON,40.459844,-80.017086,0
81898417-ec33-49e2-bea8-d49515a9256f,11628,MAIN ST + LESLIE,40.379465,-79.907338,0
819873ad-03cf-4150-8cc8-e5d50286cbbc,21908,FRIENDSHIP AVE + ATLANTIC AVE,40.461986,-79.939095,0
819876b5-6547-4d8c-8555-7244c827a7c2,13706,WM PENN HWY + PENN CENTER,40.430082,-79.811688,0
81991778-7c45-403d-ba5f-fdf038cbea2d,22617,HOMEVILLE RD AT DUQUESNE VILLAGE ENTRANCE #2,40.365499,-79.870586,0
81a2dd06-9fcc-4f59-9efc-b74d6f613803,19176,ALLEGHENY RIVER BLVD + PLUM FS,40.512413,-79.84334,0
81ac715f-74fe-4017-9ad1-f34c6ca1799c,11206,WORTHINGTON AVE + HWY RT 51,40.291027,-79.913624,0
81d07c2f-c1ba-469e-a2e5-98caab5e7ffd,18194,EVANS AVE + HOSPITAL DR,40.350027,-79.84948,0
81d1b344-b77c-4d3b-ba07-c87c5a0fd105,21340,W 7TH AVE + GRANTHAM ST,40.598041,-79.764744,0
81e28840-6ff1-475f-9fb5-b2e18905d5b2,2578,MILLVALE AVE + MOREWOOD,40.455914,-79.947573,0
81eaf555-d89f-45de-9d9d-21a62421b8b3,1325,CALIFORNIA AVE + SCHOOL,40.50097,-80.06713,0
81ef51e7-879b-4ea5-9c0c-9979378ded42,125,BABCOCK BLVD + FAIRFIELD RD,40.564226,-80.019086,0
81f5a7fc-66ff-40fb-95fe-bc20b567c11f,13637,FIESTA DR + HOLIDAY PARK VFD,40.466695,-79.705973,0
820936aa-ecd3-49ba-804f-239b34f794c1,21384,PEEBLES RD + BINGAY DR,40.559005,-80.015308,0
820cc497-304a-44cf-8cda-b847b0249afe,9971,CENTURY HOMES + TURNAROUND,40.288794,-79.896323,0
820f2112-d110-471f-abaf-c60d67357016,22755,BOWMAN AVE AT #2314,40.356328,-79.838036,0
822d2f2a-8bd6-41c0-8fc5-4498b40564e4,18874,BLOSSOM DR + MCANULTY,40.343848,-79.997244,0
82455faf-51a4-416c-950a-9eb25e1adc4f,9368,BROWNSVILLE RD + KAUFMANN AVE,40.369195,-79.975557,0
82551d59-7b2d-403e-b4eb-e0a9570caa46,17170,LINCOLN HWY + GREENSBURG PIKE,40.38146,-79.816771,0
825b94bd-614e-484a-9171-967e96b17aee,1377,OHIO RIVER BLVD + ALLEGHENY,40.5114,-80.101116,0
825c73d0-273e-4204-8f53-a5c7c6180fd3,9813,HWY RT 51 + PEP BOYS,40.337683,-79.951689,0
825fa5c7-6eec-42dc-ae9f-33e9d0f62d8b,3651,CHARTIERS AVE EXT + #1536,40.467084,-80.081779,0
8262a579-9dcb-4374-94b2-0c1d0959f2d2,8889,CENTRE AVE + NEGLEY,40.457366,-79.933883,0
82665df0-1608-4a20-b1e5-592890df3d9f,5116,SUMMIT PARK DR + #20,40.452911,-80.193398,0
82723a66-8c9d-4eac-b85e-c66c41b5dd9d,22004,PARK HILL DR + #2102,40.453,-79.874264,0
8280def7-6421-45b3-940b-4d2097e13a63,1337,MERCHANT ST + PA JOB SERVICE,40.580116,-80.222298,0
8284f7ba-a08a-401d-af16-514419ad9429,20728,PASSAVANT HOSPITAL + 4TH FLOOR ENTRANCE BLDG T,40.574089127,-80.015938954,0
829666ab-e457-4b14-a757-e056e22bec33,134,MCKNIGHT RD + #7451,40.541347385,-80.012811888,0
829fa05f-cb00-4070-a8d8-ae6c637b5b22,12241,HAZELWOOD AVE + NOTLEY,40.419846,-79.931424,0
82a93fb8-453f-4f01-b2c9-df7025fc8a0f,1140,NORTH AVE + ELIZABETH,40.483799,-79.972946,0
82b8ecae-0b2a-4303-bb6f-6d41deb7adf7,200142,Swissvale Ave + Rebecca Ave,40.438007995,-79.879545214,0
82c0cd87-1970-451d-83c2-80c8bc70bb2a,1458,BEAVER ST + BROAD,40.540066,-80.180142,0
82c62220-1e99-4b0a-8746-7ddd080a05e1,18492,LYSLE BLVD + LOCUST FS,40.351722,-79.86282,0
82cba6cf-dba3-4b2f-bb67-a7601095c96a,1189,LIBERTY AVE + GROSS,40.459412,-79.944722,0
82d913c1-5de9-466d-84e7-0c19c7688ffd,2433,MT ROYAL BLVD + WILJOHN,40.514039,-79.959026,0
82e972ef-5f4b-4d22-8feb-d2d566b8f3d6,13526,BEATTY RD + HAYMAKER RD,40.448515,-79.761033,0
82e9c2b0-f4ea-4e9d-ad7d-efc5b2769b67,22999,BLVD OF THE ALLIES AT BATES (FARSIDE),40.435269587,-79.956620803,0
82f32ee9-d71f-4a31-b650-d7e3fdf4519a,10010516,South Ave + Elvia Way,40.438876824,-79.876156248,0
82f67af5-deb7-4b99-b9d9-6ac5cf628cde,19580,GREENTREE RD + RYAN NS,40.402324,-80.061703,0
83163a08-415f-42ac-a6f6-f87f670c976b,19499,BRADDOCK AVE + LINE,40.407103,-79.87504,0
83176fef-e2bb-4a5e-a0c5-09bad0cd93bb,14971,BUTLER ST + 46TH,40.472942,-79.958756,0
83272588-651f-4df4-88f4-5dcf090f1028,20570,MONONGAHELA AVE + 7TH,40.324239,-79.892394,0
8347960c-b74f-496a-aa4b-9360683681b9,12761,FREEPORT ST + BRIDGE,40.496748,-79.942023,0
83581318-0384-4456-b508-0f85e1037de4,2376,HILL ST + LOCUST,40.542179,-80.178633,0
83601ad5-69b2-4505-87d5-d30c7fc93649,1439,OHIO RIVER BLVD + PENNSYLVANIA,40.511139,-80.09971,0
8385fa62-19ef-4d82-a6d8-e3df43d715ad,3179,FREEPORT RD + HULTON BRIDGE NS,40.528983,-79.850181,0
838dd25c-f3a9-416f-ab3c-650140ad7fa1,11028,AMITY ST + 10TH,40.4058,-79.909576,0
8391889b-9bdc-494a-936b-e29ec82a53c2,7014,CHALFONT ST + HABERMAN,40.416594,-80.00242,0
839661ff-1519-4a0e-b5be-baa8fe52446f,19682,NOBLESTOWN RD + BARTOW,40.437612,-80.052346,0
83a267d4-141b-474b-a674-626a43fbd953,13640,FIESTA DR + RIVIERA,40.474728,-79.709107,0
83a3a804-e41d-4e43-a7c9-bfb9c972d20d,91,DENISE STATION,40.399416,-79.998987,0
83b20a07-921b-45cd-90ad-a8c636b163c3,1864,WOODLAND AVE + BRIGHTON,40.469876,-80.025775,0
83ba6125-8a23-42d1-8a7f-7b039feb50e3,21357,PEEBLES RD + PARKWAY RD FS,40.564139,-80.009548,0
83d2be36-c69b-4275-b1a5-9e717dc8f0cc,816,PERRYSVILLE AVE + #3418,40.482768,-80.013405,0
83df16f8-8e0b-48f0-9cf6-7cec6c449495,4373,STEUBENVILLE PIKE + MCCORMICK,40.449364,-80.124783,0
83fa5e7e-4f00-4b76-b31e-bf52f04c7b70,9401,SOUTH MALL ENTRANCE DR + NATIONAL CITY DR,40.3355,-79.946635,0
840b1b36-49af-433f-91b9-ae0c098232af,16612,BROWNSVILLE RD + GIANT EAGLE,40.365626,-79.982424,0
840bccc4-fae3-4769-9d4f-baac89088a5f,11178,JACKS RUN RD + RAINBOW SHOPPING CTR ENTRANCE,40.338111,-79.806605,0
843377d8-f959-4fec-a72e-0662b8fb71cb,22857,EWING RD OPP COVENTRY HEALTH CARE,40.484834,-80.195942,0
84370272-08e3-482d-8fb8-472ba4c2a275,11449,SECOND AVE +S 10TH ST BRIDGE,40.434467,-79.990082,0
8445b99c-175b-4aeb-9326-acf28a75d8c1,11633,MAIN ST + VIRGINIA,40.385783,-79.903038,0
8458fdc4-e940-40cd-a89a-19b7d2d20f4b,14844,FRIENDSHIP AVE + FAIRMOUNT FS,40.461476,-79.934539,0
84597195-cdda-46cf-a710-45e8c69d0e46,19738,EAST OHIO ST + CEDAR,40.453372,-80.001478,0
846936b5-ead3-43d7-9b63-f12b1e3a6cde,18510,SOUTH AVE + WOOD NS,40.441936,-79.885063,0
847b539e-94e7-46f7-9998-44d2a571e466,14978,BUTLER ST + 44TH,40.471294,-79.959801,0
84826442-d2fb-4f6d-95f6-a4f74d2ccd11,11007,RICHLAND AVE + 6TH,40.350472,-79.895107,0
848d7e85-f09c-42f0-86c5-daab834e8c54,970,MEADVILLE ST + BELLEAU,40.46192,-80.005492,0
8496a66a-0fde-486e-b719-f17c81316939,100145,Perry Hwy + Saint John's,40.533479557,-80.035810215,0
84aa9acd-43ff-41fc-b2a3-c4fc57e7c191,733,WEST VIEW PARK DR + WEST VIEW TOWER,40.516855,-80.033563,0
84b02bfa-03d1-4d89-9f62-4db0be77c76a,2611,HERRON AVE + RUTHVEN (BUSWAY ENT),40.459198,-79.965996,0
84b8d2cb-319c-4f21-ad1b-a4b5c0b8f1e0,21662,MOUNTAIN AVE + FISHER ST,40.411429,-79.977221,0
84b9b160-1d05-4290-bd1f-f7005219da89,16106,EAST BUSWAY + ROSLYN STATION A,40.419086,-79.886292,0
84bba495-073a-4573-9ced-d9c127d13933,12145,SECOND AVE + AMERICAN,40.402927,-79.941978,0
84cd68de-1e54-4aae-ae10-b77680c750bb,8477,MURRAY AVE + SOLWAY ST,40.442982,-79.923724,0
84d2b5e5-d517-4e64-9971-1d36794373c7,5090,STEUBEN ST + CUMBERLAND,40.442071,-80.060755,0
84dc3444-6c6e-49fb-9a11-951dc538a365,5888,LINDSAY RD + PEACHTREE,40.384344,-80.071673,0
84e2f725-b8b4-4d44-83eb-e212fd3e60f0,21083,STEUBEN ST + MCCORMICK AVE,40.439843,-80.077676,0
84eeb7eb-606a-4aed-9525-9fe9e50dcd98,8526,MURRAY AVE + LORETTA,40.422036,-79.928915,0
84f5838e-fe49-4440-b19c-1fc3338fe9d4,21560,AGNEW RD + LAFFERTY DR,40.397905,-79.969258,0
85040639-8025-45da-b25f-cdeeaecb5df2,12696,MAIN ST + 18TH ST,40.494598,-79.921517,0
85059dbc-6980-4bc3-be56-34d6485de239,10664,MCCLEARY ST + IDAHO,40.348074,-79.83851,0
850bf147-0f33-4424-b0b8-3cd352e5c1a5,10010428,McFarland Rd + Dell Ave,40.391251422,-80.044287127,0
85139f9e-0b37-449c-884e-c0f16576f24d,3637,CHARTIERS AVE + VFW BLDG (WINDGAP),40.465004,-80.072455,0
851c4d36-9322-4c64-b02a-dd6b2754a4ce,1524,CAMBRONNE ST + BRIGHTON,40.487628,-80.041148,0
851dbfd7-b488-4b6c-99ba-c4e6e2d0d142,21224,OLD ELIZABETH RD + BLUEMONT DR,40.347339,-79.937065,0
85234a87-a114-41e0-9b29-5ed3f12d6705,7763,MIDDLE ST + MILLER,40.395853628,-79.806208828,0
8523b883-0008-463b-a6ac-a82f697daf2a,4100,CHARTIERS AVE + LITCHFIELD (STEPS),40.452532,-80.054234,0
8528f2d5-a72b-42fc-90cd-1deaa81afec7,15281,WEST BUSWAY + SHERADEN STATION C,40.452566,-80.052935,0
853a45d7-80fc-4ef2-b70b-da5d8ade0191,6412,BOWER HILL RD + RALSTON,40.386426,-80.047699,0
8543ecd1-9355-4ac1-993e-5be3fc313e4e,14965,BUTLER ST + 57TH,40.485257,-79.946171,0
8545e17d-f432-4b7a-9f22-12e5ce8fd220,13465,FREEPORT RD + SAXONBURG,40.636058,-79.712346,0
8545f647-f2b5-48e5-9a43-f4efe322ceca,5861,GREENTREE RD + GREEN OAK,40.401536,-80.063061,0
85504464-feb3-4b2b-aa4a-2ccd70531e39,2494,FERGUSON RD + LINWOOD #1,40.557043,-79.973344,0
85624f05-c82c-4b7a-b563-641cad857409,3238,CALIFORNIA AVE + MARQUIS WAY,40.459355,-80.018436,0
85752f82-b68b-4b5d-be6c-6dfdd7b32c12,12642,FREEPORT RD + WORKS ENT #3,40.593011,-79.770861,0
85810521-d968-4720-a754-2748964188c7,16437,WILDWOOD AVE + VERONA,40.503342,-79.839386,0
85838c26-bee3-4d90-8ed2-27a0b7400493,21226,OLD ELIZABETH RD + LEBANON SCHOOL RD,40.348079,-79.92931,0
8593c92d-13b8-49d3-91ed-7b4630ff085a,19269,GILKESON RD + WASHINGTON,40.355715,-80.051165,0
8599f75c-9f30-4b70-aa8a-f8cbe0232db7,10010422,Forsythe Rd + Swallow Hill Rd,40.401961283,-80.067874327,0
859ab9a6-24fe-49e9-9def-8803a37e907c,20546,OHIO AVE + BROADWAY ST,40.319048,-79.890603,0
85aefcc4-affe-42db-bb05-b125f7fee130,4202,ALLENDALE ST + FAIRDALE,40.455482,-80.061203,0
85b0b81d-e101-4736-bfd6-799a78a9581f,18909,TERRACE ST + ROBINSON,40.440285,-79.965677,0
85b73ac1-d916-4595-9bb6-8024ad4ce5c3,22003,EAST HILLS DR + PARK HILL DR,40.452644,-79.873644,0
85be6911-0243-4aa1-86ba-978b8d674d8a,18534,BEELER ST + WILKINS FS,40.445626,-79.931845,0
85c8f7b7-43d6-4a70-8bea-8a7aed6d13d3,14862,HOWLEY ST + FRIENDSHIP,40.465054,-79.95139,0
85cfef78-4ed8-4eb8-ab37-7a41ebde389d,9336,JANCEY ST + VETTER,40.481113,-79.929232,0
85d26520-8be5-447d-a880-6b8ef922bff5,7903,PENN AVE + FINDLEY DR EAST,40.444267,-79.863396,0
85d4dc51-9faa-4aed-b07c-64793403a392,16243,PORT PERRY RD + CLYDE,40.3859,-79.832527,0
85d5300a-70a2-4c8c-a31a-2222be737bbe,8343,WOOD ST + WALLACE,40.444685,-79.884218,0
85e9c1ed-03e6-4df1-9df5-48465b63144a,21987,PENN AVE + EVALINE ST,40.464751,-79.941276,0
85eb5038-be25-4335-a889-60ea592feb1e,20931,ALLEGHENY AVE + ARCHIE NS,40.524001,-79.841889,0
85f3e2cb-d159-4d92-bf7a-bd539ed14e0d,8369,MURRAY AVE + SOLWAY,40.442791,-79.923592,0
85fe31e8-dafd-416e-8ccd-1ca89aa7a6b9,21910,FRIENDSHIP AVE + GRAHAM ST,40.461752,-79.936473,0
85ff5615-b12e-4745-8d05-e502bb7c183d,57,RIDGE AVE + BRIGHTON (CCAC),40.450516,-80.013619,0
8600181c-f955-4fe3-8658-d2531363cb47,20247,HOLLYROOD DR + PROSPECT,40.362776,-79.963595,0
8609bb1e-ab90-4166-ae82-a3a83dc27140,8420,WARDSONS RD + CHURCHLAND,40.472089,-79.897383,0
860a8b2e-5c09-4507-b495-cd25c56f84bd,9894,LYSLE BLVD + SENIOR CARE PLAZA,40.352058,-79.858639,0
8618229e-8dbb-4242-9918-7b781c934fcb,16569,ALLEGHENY AVE + HULTON,40.524786,-79.841354,0
86264d84-df77-4888-9403-7e3b18bcaca9,21668,ST JOSEPH ST + #144,40.413387,-79.985348,0
863838d1-236e-41e8-b7fb-f9f7b038bbbe,16932,VANN RD + MINGO,40.465035,-79.892789,0
863ed8b4-7ea4-4b5f-a42c-9c9e927c682f,9330,BAKER ST + GALLATIN,40.487464,-79.921672,0
86465c01-2419-499b-96fe-00746c12b6c1,9338,JANCEY ST + HAMPTON,40.47731,-79.930466,0
865eada7-de33-490c-9656-a236b6b73a70,17109,WM PENN HWY + DOLLAR BANK,40.438818,-79.764542,0
86615236-0c4b-4864-b728-0869c43590e2,20781,31ST ST BRIDGE RAMP + RIALTO ST,40.46491,-79.979896,0
8689b3a3-8550-4168-9cb4-c2ce6e88429c,21341,W 7TH AVE + WESTERN ST,40.599167,-79.762691,0
868c08ab-7a30-4095-81f7-7f508a7f1946,3470,MCCOY RD + JEFFERSON,40.479688,-80.078663,0
868e9691-3fab-4907-811d-026e09d1ec25,8371,REYNOLDS ST + MURTLAND,40.447984,-79.907917,0
869a51cd-a433-4ab0-b0b0-da861010e736,6598,CEDAR BLVD + SALEM,40.378045,-80.055118,0
869cdc68-d744-4765-972d-d12b5a83780f,10010435,Brookline Blvd + Parkside Manor,40.39223867,-80.010704991,0
869e1bc6-18ac-46f7-bc0e-d21b7830f540,22977,BRADDOCK AVE AT HERITAGE HIGHLANDS FS,40.412696,-79.876253,0
86a479ae-5e1a-4f85-b430-61f1e2104db6,12594,WM PENN HWY + PENN CENTER NS (DONUT SHOP),40.430306,-79.813582,0
86c12d08-c52e-479b-9de3-f575cb7adf3e,9044,BEDFORD AVE + WATT LANE,40.450739,-79.97232,0
86d4af19-eb30-450e-8263-b96931971f5e,10010352,Perry Hwy + Wallace Rd FS,40.632978003,-80.059406705,0
86ded2f6-ce0d-40ce-a833-0fd5fc1e9c26,11689,MELLON ST + VERMONT,40.363952,-79.859099,0
86e36c00-8dd3-4868-b6e0-4daeef6cdb2d,22866,HELEN ST AT AGNES ST,40.475092,-80.058109,0
86fb3fba-0570-41dd-8f52-831d972345b8,2612,HERRON AVE + DOBSON,40.458354,-79.964275,0
8708f985-c559-4ffe-9b3b-449d1a0fa0fe,15671,CHISLETT ST + WELLSLEY,40.475715,-79.929901,0
8723b033-f709-4f6e-aa21-2b316724b798,3650,CHARTIERS AVE EXT + STATE,40.466716,-80.079731,0
872650e6-177c-4527-a4ef-f72545cfd219,2399,HWY RT 51 + STANFORD CT,40.495251,-80.111231,0
872b5803-f5cc-4f78-85cb-4f0feefdfce8,21642,HAWKINS AVE + #552,40.406967,-79.863914,0
872ba40c-1b29-498d-b3bd-411d997278c0,11101,SHADY AVE + WILKINS,40.444057,-79.920635,0
8737789a-3321-44c3-a671-515ae29393f6,2423,BUTLER ST + BRIDGE,40.49767,-79.943859,0
87378bf1-7cde-4374-9500-da30b48b4d6c,1529,BRIGHTON RD + TERMON,40.483134865,-80.035534987,0
8737e9b2-a815-46dc-acd2-48e91bc98f91,1066,MCINTYRE DR + CHARTERWOOD,40.551776,-80.000555,0
8740c2dd-ca3c-423e-86ae-acadd0630372,1615,BRIGHTON RD + TERMON,40.482964191,-80.035307969,0
87559f8d-ab42-40b7-80cd-783f233bbb68,20663,LEWIS RUN RD + NORTH,40.331672,-79.936237,0
876acaa4-19e2-487d-abb5-5f6c768fc5b9,12183,BALDWIN RD AT GLASS RUN RD,40.389287,-79.932743,0
8777c642-5943-4e35-996b-839d0f3c766f,15735,GREENSBURG PIKE + GREAT VALLEY BOWLING ALLEY,40.383666,-79.819216,0
877814a2-3251-4828-82c8-930e5f8eabdb,18281,BEAVER ST + MAIN FS,40.577597,-80.22036,0
87802911-270a-435f-ac19-32fc4039f95d,14221,UNIVERSAL RD + #150,40.466181,-79.822564,0
8780766b-f6a6-4bdf-865a-b6fa7099639c,8826,CALMAR DR + MT CARMEL FS,40.467296,-79.873362,0
87842825-f067-410f-9c7e-ae6c3a98cf3c,291,BROWNS LN + CORBETT DR,40.54572,-80.020017,0
878abc7e-3a32-4520-9e73-183ec911ce22,18409,KENNEDY AVE + 4TH,40.371348,-79.848583,0
878c8037-e78a-4e56-b84a-569f57954298,7685,WILKINS AVE + BARNSDALE,40.444777,-79.915685,0
87961963-532e-4700-96d4-15e329b3b40c,331,CUMBERLAND RD + FOX HUNT DR,40.57196,-80.018435,0
87987165-bfcb-4b91-9246-f684e915d125,7112,FORBES AVE + JUMONVILLE,40.437332,-79.977997,0
87a34098-8c27-43c5-bf9d-8385b4ba66b0,20947,BLOSSOM DR + CLELIA DR,40.34439,-80.000276,0
87a9ade1-f5ef-4b54-9da6-72e1584c5683,2255,W CARSON ST + GLENMAWR,40.454433,-80.040944,0
87b8be82-3a6a-40c4-88a9-5b5a5a8d4d21,23103,WOOD STREET PRTX STATION,40.44214,-79.99973,0
87c61e67-2d6f-4c12-9473-aa87eb9afa2b,4855,E CARSON ST + 25TH ST,40.42782,-79.969955,0
87d9f23d-a2e1-4f28-ab03-eeb6d1a091d0,2239,ISLAND AVE + ADRIAN,40.474514,-80.064317,0
87daa9fa-f093-44dc-8f90-2176a7401ca4,21246,REED ST + ELMORE ST,40.443113,-79.976291,0
87eae87d-aaeb-4c64-912c-e43c74463bb8,7569,MAIN ST + RIDGE,40.39859,-79.841115,0
87efdbc2-ec02-42b9-80be-1324a79dd5ed,10010275,Wesley St opp Fir Ave,40.339234298,-79.833206009,0
87f6e5fb-35f1-494c-89e5-1ad8297d9f21,3208,FREEPORT RD + CENTER AVE (ASPINWALL),40.489935,-79.904907,0
881960d4-dbaf-48d2-be9a-e847ed158ba2,9590,HWY RT 51 + BOROUGH PARK,40.352256,-79.977752,0
881a3d82-2bff-44a0-ba48-7b39cf1b594a,9145,FRANKSTOWN AVE + OAKWOOD ST,40.455071,-79.886238,0
88281e10-50f8-4dfe-a51f-cfef629b50c8,11050,MAIN ST + W LEHIGH,40.380903,-79.906563,0
882f4a6c-c02b-4c73-bcf1-2dd7792ad071,19569,HOFFMAN BOULEVARD + DUQUESNE BOULEVARD FS,40.384438,-79.863571,0
88340d1a-785a-4b8b-a1b1-a897d22c0110,8402,PAULSON AVE + LEMINGTON,40.470014,-79.897249,0
8834a9ef-527f-492e-b23b-f3fa9cc972fc,4178,CHARTIERS AVE + OETTING,40.457878,-80.067344,0
883572c9-85f0-4aba-be87-ef42e86352eb,22813,WYLIE AVE AT FULLERTON ST,40.442042,-79.988885,0
8845bc4c-815f-4148-ba6a-ecfaf5333e67,20664,9TH ST + OHIO AVE,40.321017,-79.891609,0
884f7c46-cb2d-4a06-be1a-870dc4759b26,20989,GREENFIELD AVE + SECOND AVE,40.424988,-79.952568,0
884fa385-7606-44e6-ac56-c2302081317a,7968,PENN AVE + SUPERIOR,40.442463,-79.867884,0
885b20d6-a5b0-4228-a559-902d3ceb26b7,1774,MT PLEASANT RD + #384,40.480453,-80.002007,0
885c9b47-1672-415a-845c-c1ebd8cc1c2f,4124,CHARTIERS AVE + OETTING,40.457868,-80.067497,0
8865a165-32c3-49ad-93ae-79c07e66ab8c,22301,HWY RT 51 + STEWART AVE,40.37865,-79.992751,0
8869ffda-5903-4d0b-899b-c91b48730e5b,4844,E CARSON ST + 5TH ST,40.428733,-79.99517,0
8878eb8b-3777-40d4-8ce7-0928531a78f5,8206,NEGLEY AVE + BAUM,40.458245,-79.933818,0
8879a2b7-9725-4e8d-8c00-8827fd00d478,4871,ARLINGTON AVE + FERNLEAF,40.417166,-79.975861,0
888ddc3f-ebe3-463f-afd1-11dac56faa33,113,PALM GARDEN,40.416126,-80.011822,0
888f81b0-b2a6-4eee-be90-069cd624b5e1,393,PRESIDENTIAL DR + COOLIDGE,40.582372,-79.99694,0
889f17ae-8410-491e-ac60-ffdb442bd9bb,19001,COMMERCIAL ST + WHIPPLE,40.421291697,-79.900359524,0
88ad27ae-173f-40e7-95ed-1b6e484b16e9,18481,W 5TH AVE + RAMP #1 FS,40.350071,-79.872206,0
88bfa6e3-c443-4b8a-9177-ac081bfe979f,21580,CHURCHVIEW AVE + JOHN ROMANUS DR FS,40.383455,-79.955418,0
88cb0c11-0652-4ecc-a703-d6bbd0a475aa,4559,BEVERLY RD + PARKER,40.392222,-80.046958,0
88d1767e-7ba1-4c69-b51e-2abb33d1dee6,15285,LIBERTY AVE + WILLIAM PENN PL,40.443544,-79.99539,0
88d2824a-09b1-455a-8cd9-90cbc0e49461,1633,CHURCH AVE + VICTORIA,40.50643,-80.074632,0
88de9607-0dc3-4668-b031-17240f027add,99966,HIGHLAND,40.348321,-80.039769,0
88eb0470-bcce-4c4d-966a-a7b479edcf73,39,CRAFT AVE + FIFTH FS (DIALYSIS CTR),40.437567506,-79.963761735,0
88edd198-3f98-452c-a002-6cac64dd27b9,21161,HWY RT 51 + LEWIS RUN RD,40.321001,-79.942067,0
88f24eea-953d-41c5-91cd-1a05e4948305,5799,LINDSAY RD + #601,40.383133,-80.082512,0
88fc14b0-53ab-44c3-b11f-88fe76865021,4370,STEUBENVILLE PIKE + MCKEES ROCK RD,40.449349,-80.11918,0
88fdd910-7d8d-4906-a34d-6a74a16480ba,2850,RHINE ST + #2146,40.467593,-79.994734,0
88fe084c-1658-4283-b25a-6418dd1af1cc,8797,LINCOLN AVE + SHETLAND,40.461543,-79.908014,0
8909c42c-1587-473b-8b85-e79b3900c3ad,2773,MT TROY RD + #2722,40.473907,-79.986534,0
89116171-2019-4a79-8767-7bbc52d77aec,22789,UNIVERSITY BLVD + TIGER TRAIL,40.508976,-80.222973,0
8912d9b1-6e36-4366-be99-29de5afa8c79,12013,CRAWFORD ST + 5TH,40.364567,-79.846973,0
891b3ee6-8fdc-4caf-8034-9433c23418f3,4840,SMITHFIELD ST + FT PITT BLVD,40.436891,-80.000842,0
89325141-508f-4f3b-846b-05a32a056238,6701,BELTZHOOVER AVE + EUREKA,40.423805,-79.997515,0
89331167-c781-49e9-9d74-0ca453b6fde1,9701,HWY RT 51 + PIZZA HUT,40.368006,-79.983551,0
893753bc-5fe6-43d5-a764-701e39229f88,5131,BLVD OF ALLIES + GIST,40.436095,-79.979464,0
893922cc-14ba-44cd-bcdb-6824f31ce0b1,9985,BROWNSVILLE RD + WOODFORD AVE,40.393037,-79.986482,0
89428724-cd97-4a1f-be8d-ab8b68390ce1,18513,GRANDVIEW AVE + BESSEMER NS,40.395087,-79.839308,0
895160f3-1525-46df-a7c4-5860e0131e8c,1135,EVERGREEN RD + FRANKLIN,40.490466,-79.971754,0
8954c971-befe-4a5e-94fc-0fdd19db2c3b,4196,ALLENDALE CIR + #3658,40.460523,-80.063701,0
896621dd-80a5-44a3-9af5-a271020fb8fc,7293,BRADDOCK AVE + 7TH,40.402484,-79.867557,0
8967460b-2ad2-45c1-9a72-f348813ca51c,9183,PENN AVE + 44TH (CHILDRENS HOSPITAL),40.466021,-79.953405,0
89684ac9-be4d-4879-9c15-8696d8082081,6787,VIRGINIA AVE + BERTHA ST,40.431473,-80.012191,0
896fd590-b4fa-48d5-b7a0-81b2b54cb4f3,2618,CEDAR AVE + FORELAND,40.454029,-80.001991,0
898293d8-80fb-47a6-9e03-f396349676b6,22785,MT TROY RD + VILLA DR,40.495731,-80.000688,0
8984d2d9-3646-40ea-9daf-b18fdf2d3bcc,14922,LONG RD + SAYLONG,40.45609,-79.835977,0
89857bc7-749a-40ff-aac3-dec48a2c78e9,5898,LINDSAY RD + #559,40.38222,-80.084368,0
8997e3bb-1e23-46f1-8c84-d4d731b785d0,14442,VERONA RD + RANDOLPH,40.478847,-79.840684,0
899f8554-f21b-4759-bd63-151ba7d41c65,5552,GREENTREE RD + WARRIORS,40.42425,-80.043385,0
89a2c883-b093-44ac-aa7f-dc93e9b64f11,10010453,Earlwood Dr + Glenfield Dr,40.475550167,-79.829006765,0
89b8c368-be89-413f-a63c-e64d6d86c425,2499,FERGUSON RD + POST,40.563859,-79.989982,0
89b99452-a6e8-41b2-88ce-1e0392c91c77,19551,DOBSON ST + BRERETON,40.456875,-79.967251,0
89dd45ef-3a52-47f4-abd0-8dc11b6c35f7,10022,BROWNSVILLE RD + CRAILO AVE,40.39672,-79.987743,0
89e326ac-f04b-424a-88f4-ce47856b5802,11763,CONLIN ST + CAROLINA,40.362188,-79.869421,0
89e8d4f1-425a-48f2-b717-3c121db1b937,19716,WASHINGTON PIKE OPP THOMS RUN RD - WOODVILLE PNR,40.381698,-80.094251,0
89fad5ba-e6ac-4dee-9ed8-80a3166f13cf,8082,JAMES ST + #531,40.410879,-79.818861,0
8a0b075f-8c3a-4722-a199-23d181e4110d,9342,EAST LIBERTY BLVD + BROAD,40.460932,-79.915977,0
8a0fa025-d8ad-4d29-a566-cd4e59ad7e21,4068,CRENNEL AVE + BROADHEAD AVE,40.43686,-80.069144,0
8a1526bb-ecd2-4b1e-812f-1346a8fadc62,7141,ROWLAND CONNECTOR + PENNWOOD,40.440555,-79.887099,0
8a3295b7-f4c9-4b31-b35e-1dbb2a648205,842,WEST VIEW PARK DR + PERRY,40.517688,-80.0311,0
8a398142-b827-402f-a810-9119791189f7,7786,ARDMORE BLVD + YOST,40.415731,-79.847354,0
8a3b1f8d-5960-49a4-8cc1-0e89b2b3f739,17677,ROSS ST + WOOD,40.442493,-79.88411,0
8a41edcd-f301-43a5-827a-42334e9beea3,22186,FOX CHAPEL RD + S MARGERY DR,40.489905,-79.882762,0
8a4b4a1d-95b2-448e-8728-10197a50639d,7524,MAIN ST + FRANKLIN,40.396557487,-79.84122063,0
8a5151ed-07fe-4055-9059-0deddb0e676e,22183,DELAFIELD RD + FOX CHAPEL RD,40.499128,-79.883898,0
8a55997b-ce69-4c0d-adf4-7a94c7fb74c5,6987,CLIMAX ST + ESTELLA,40.41992,-80.000602,0
8a5b12de-8e7b-442e-920c-d06eca9ae149,8979,CLARISSA ST + LYON,40.453145,-79.959898,0
8a6e506d-d6a7-4b44-9f6e-b31f548548ed,12046,BUTTERMILK HOLLOW RD + WALNUT,40.356331,-79.911554,0
8a7282c8-b2cf-40c4-8cf5-809fac7d82d6,3482,HECKLE RD + OHIO VALLEY HOSPITAL ENTRANCE,40.471759,-80.091657,0
8a7ccbc1-a486-45a4-9f40-eaab3d54a79f,11010,LEBANON CHURCH RD + PLEASANT,40.353692,-79.901525,0
8a91d0ce-2a07-4b4c-b489-02957d979d0e,1672,GRANT ST + LINCOLN,40.491966,-80.048481,0
8a94f1ad-fe26-4f32-b528-2369650d68ba,15081,FREEPORT RD + SPRING HILL,40.626517,-79.721271,0
8aa00477-f005-4847-a9fd-335a97f11bc4,12711,FREEPORT RD + BUTLER,40.496504,-79.943842,0
8aa63172-173f-4737-9da1-e035d326d483,200192,Babcock Blvd + Shop and Save,40.498891914,-79.979510492,0
8aa8101a-8845-42cd-97a3-8450240cca16,20033,MILLTOWN RD + LEECHBURG RD FS,40.494525,-79.788432,0
8ab012ca-54fc-49af-a771-4caaecb7de74,9765,KEEPORT + YOUNGRIDGE,40.340929,-79.981265,0
8ac2289e-4ac0-4aee-b4d4-21a38e07e1e9,4884,WARRINGTON AVE + ALLEN,40.421845,-79.993579,0
8ad4ac81-38af-4406-8849-eb91688a2032,16614,KNOEDLER RD + BALDWIN TOWERS (#200),40.341909,-79.982312,0
8ada13e2-f93e-4bbe-bc02-2753557c552c,7830,AIRBRAKE AVE + 9TH,40.402544834,-79.82133167,0
8ae96d34-ba29-4a23-9bbd-b3bebc9f159d,2693,IVORY AVE + RODENBAUGH FS,40.497304,-80.017454,0
8aee72ac-fb11-4a30-a223-b6c45a0e9033,20735,MANSFIELD BLVD + JEFFERSON ST (CARNEGIE STATION),40.406141,-80.089826,0
8af2dfe7-6b0b-4388-b7d9-655fdcff1ce0,9541,BROWNSVILLE RD + W GARDEN RD,40.377925,-79.975485,0
8b06a958-fabb-47de-bd3a-48b69c060cdc,21552,AGNEW RD + ACADEMY CHARTER SCHOOL DRVWY,40.399378,-79.967591,0
8b0bdb45-1663-4795-9e82-8420694a65e3,8197,CENTRE AVE + MILLVALE,40.453387,-79.94721,0
8b15b569-98c8-4461-8593-1b97debe2629,2709,MT TROY RD + GEYER,40.493714,-79.995076,0
8b1a2ff8-6d48-434d-8ce9-f002d656323c,10010515,Mosside Blvd + Northern Pike NS,40.433863676,-79.752902819,0
8b1f454d-24c6-455e-a466-397a11e2c90b,1400,BEAVER AVE + NORTH POINTE,40.44961,-80.027035,0
8b20804c-086d-49b7-a847-a7d68e612cb0,22337,4TH AVE + CHESTNUT ST,40.516657,-80.158959,0
8b33d64f-bd10-40bf-a0af-5811900698ac,21272,LIBERTY AVE + 36TH ST,40.461936,-79.963831,0
8b4712d9-e89e-4503-a474-b6331df4c2c8,20399,LARIMER AVE + SHETLAND,40.46611,-79.912315,0
8b559488-6074-4f34-a3f4-4432f41ba92a,7452,BRINTON AVE + SHERIDAN,40.405054,-79.843859,0
8b55d475-4831-436b-9d74-75057d5ae91b,9987,BROWNSVILLE RD + E AGNEW RD,40.395102,-79.986681,0
8b661609-7072-4329-9781-69300862a42c,21071,STEUBEN ST + MCCORMICK AVE,40.439845,-80.078014,0
8b68a631-2650-4344-bb6d-3242000fc73e,13517,MALL BLVD + STEPS,40.433785,-79.78878,0
8b714872-a954-46d9-91aa-c82636746c80,22763,COMMONWEALTH AVE + CLONMEL ST,40.380107,-79.862083,0
8b75cff5-cfb5-4104-958d-58dae88881f0,5658,GREENTREE RD + GREENRIDGE,40.409844,-80.048089,0
8b7ec643-451d-4cb2-bb59-0b41f9cadb2a,9021,DARRAGH ST + VICTORIA,40.441153,-79.961379,0
8b8764fa-207f-48b0-8aab-08be77432f61,13317,FREEPORT RD + PENNSYLVANIA,40.624944,-79.723233,0
8b8b3170-a93d-4dd5-ad77-9a35750981d3,4262,MIDDLETOWN RD + STRAKA FS,40.447614,-80.061658,0
8b9389ea-a54f-4aa0-912c-642c9f1f4fd8,19879,LEBANON CHURCH RD + COMFORT INN,40.345996,-79.957292,0
8b9fd2c0-174d-496e-b6a9-9d74771c106e,22794,UNIVERSITY BLVD + TIGER TRAIL,40.509325,-80.223086,0
8bb14480-ba21-421d-921d-cdf8bce65765,21234,GREENSBURG PIKE + VERSAILLES CASTLE APT,40.388611598,-79.821680365,0
8bbcffb9-43e1-48db-a03e-f1dd7c418ec2,3428,FOREST GROVE RD + CORAOPOLIS RD,40.481175,-80.106514,0
8bc857f8-9119-4106-98e5-272ffdf465a2,394,PRESIDENTIAL DR + HARDING,40.582099,-79.994735,0
8bca983f-58e6-4579-b99d-1a73fe240867,10913,BROWNS HILL RD + IMOGENE RD,40.415316,-79.924617,0
8bdbe244-d191-49e5-8a89-a1f46e264f30,21546,CUSTER AVE + MARY ST,40.393603,-79.97275,0
8be6aae2-188b-4212-a5f3-4c6bacc0b94d,22251,BETA DR + EMERSON PROCESS MGMT,40.499177,-79.8633,0
8bf207bd-db00-4633-a2f5-fef7e15946af,8469,HOMEWOOD AVE + THOMAS,40.451085,-79.900015,0
8bf97a74-66dd-4be0-b8e2-02a7698d18d5,3600,BEAVER GRADE RD + AIKEN,40.455161,-80.136333,0
8bfa47bf-29e1-4da1-b221-614e04b8b4ca,8537,LARIMER AVE + AUBURN,40.463776,-79.916916,0
8c050deb-8775-4417-ab99-146f0e2c8f79,8367,MURRAY AVE + AYLESBORO,40.439579,-79.923007,0
8c0c34b9-340c-405e-8eeb-6c68bf360e02,7730,LAKETON RD + #3600,40.459447,-79.84385,0
8c23ba4a-ecd7-413f-98ff-f02ff16e97f8,1136,EVERGREEN RD + EMMA,40.489246,-79.972206,0
8c23ba53-b497-4930-bff6-85312fef0264,18668,DELWAR + RITTER ENGINEERING DRVWY,40.35083,-79.950821,0
8c280a78-ec07-49a8-b0f5-33fc79e7b955,19102,FRANKSTOWN RD + EVERNIA FS,40.464901,-79.831041,0
8c2db68a-1887-4c90-817c-ade81b9f92f5,7544,COREY AVE + 5TH,40.407538,-79.866615,0
8c32ae3c-4aba-4dfe-964d-b5546ef653ed,12666,PITTSBURGH ST + MOYHEND,40.541829,-79.77583,0
8c3df454-726c-407e-8d08-934ba9b5caad,2419,BUTLER ST + #188,40.493357,-79.948254,0
8c44cc59-483c-44b3-afae-3ef3bdfabe82,19753,CORNELL AVE + SPRUCE VALLEY DR,40.510769,-80.045492,0
8c4ecc72-15d2-4f36-867c-c7560ff5839e,8184,NEGLEY AVE + RIPPEY ST FS,40.466863,-79.928721,0
8c586fee-e3e8-401b-a98c-7537c73a0f2d,9074,CRAFT AVE + HAMLET,40.43632,-79.962186,0
8c5ebcc0-6d84-44f1-873f-9fcc1c327d37,8421,WARDSONS RD + LEMINGTON,40.471498,-79.898132,0
8c650b15-17e2-4808-ba46-594f2d53059b,17634,BROWNSVILLE RD + MATHEWS,40.413422,-79.988655,0
8c6c3d0b-95ad-44d6-bb9e-7937117fe118,20957,SOUTH AVE + CENTER,40.441135,-79.882656,0
8c70ecfc-a7bc-4be1-a4b6-84a7d8ab2756,100106,Horne Blvd + Drey St,40.579768121,-79.767345847,0
8c82536e-dd7b-48a8-a5a6-4779d034fc90,11641,MAIN ST + HOMESTEAD DUQUESNE,40.395423,-79.899575,0
8c8982e5-4e4c-4d85-bd96-752946d4afa6,9169,ROBINSON BLVD + SUNRISE,40.451243,-79.868341,0
8c89bf3d-7b84-4a57-9b33-4e2edc3723bd,12012,CRAWFORD ST + CATHERINE,40.364205,-79.847947,0
8c8f811f-36f3-4990-92ab-bd10ed4cbce4,337,MCKNIGHT RD + CUMBERLAND RD,40.571861,-80.023438,0
8c9729c7-4757-4c1b-b08d-a26054dafcc0,13336,FREEPORT RD + CALIFORNIA AVE,40.618177629,-79.732220535,0
8ca3bb7f-d1b4-4871-8ebe-7dc032ef98a1,20559,BOWMAN AVE + POPLAR ST,40.357536,-79.835806,0
8cc222fc-2ab1-432f-9cc6-33ff61426f36,8980,CLARISSA ST + CAMP,40.452687,-79.958547,0
8cc40e77-49eb-4670-bf1c-d77b355c31fb,7136,PEEBLES ST + KELLY,40.441162,-79.894316,0
8cd81314-66b1-4eb0-b423-bf2539ede3d5,8213,NEGLEY AVE + EAST LIBERTY BLVD,40.467518,-79.928196,0
8cdf4f2e-b591-4976-8fca-4f48d5d1e969,3487,MCCOY RD + DUNN,40.475651,-80.072707,0
8ce8bdd3-e504-43a6-8af1-7d696adf1e10,10010407,Stafford St + Stanhope St,40.463272273,-80.056662833,0
8cec8ae1-f5b3-49b1-8150-3745336ada73,8542,EAST LIBERTY BLVD + HAMILTON AVE,40.459669,-79.915828,0
8d00884a-1c8b-4a24-983b-9f486b8aa9fb,3427,GRANT ST + POST OFFICE,40.443027,-79.994296,0
8d0add3b-df07-4151-87ee-448f3d8a48de,6286,BOWER HILL RD + RALSTON,40.386325,-80.047861,0
8d16ba0d-6725-41d9-9e3a-32918bb0e477,14391,FRANKSTOWN RD + HIGHPOINT DR FS,40.467469,-79.834708,0
8d194fc8-53d7-4b41-9824-4834d289bbf7,3355,MT ROYAL BLVD + UNDERCLIFF,40.515911,-79.959122,0
8d1ade44-24a1-436e-9259-2f3647d9710f,2661,S 18TH ST + ARLINGTON AVE,40.417935,-79.986416,0
8d1becc2-3c9f-4fa1-8a01-5a9c5025d59e,210,MCINTYRE SQUARE + GABRIEL BROTHERS,40.554013,-80.016522,0
8d1c48cc-5a2f-48dc-b1ef-ca283918df75,14921,LONG RD + PARIS,40.459087,-79.833998,0
8d32d627-f1f9-41aa-814b-127ef97e7504,22701,CAMP HOLLOW RD OPP LEBANON MANOR DR,40.342541,-79.917614,0
8d38b253-4d74-4d38-93ca-a0dff940439e,1722,ALLEGHENY AVE + SHEFFIELD,40.454308,-80.019829,0
8d3e4f1b-760e-4237-abc8-edad851beca6,14568,WASHINGTON BLVD + HIGHLAND,40.474341,-79.908378,0
8d60fe58-651c-4a9b-aa7f-a0016d6de894,12602,FREEPORT RD + CENTER AVE (BLAWNOX),40.491795193,-79.865095106,0
8d6524d9-6abf-42fe-9dba-fd1652970d37,2819,RHINE ST + YETTA FS,40.463398,-79.991437,0
8d678c1b-8be3-46d4-bed5-d317a5e4bbb9,3448,HERBST RD + GRANT,40.486903,-80.115178,0
8d68dc9a-0c0c-438a-8f88-7c4c7b58fc39,4257,STEUBEN ST + WOODLOW NS,40.443509,-80.053828,0
8d6940dc-065f-4331-9093-1ae23c87c994,20364,TILDEN ST + #7182,40.463921,-79.893667,0
8d6c02eb-3706-4057-a49e-c44e263ad300,20950,BOWER HILL RD + S MEADOWCROFT AVE,40.386607,-80.04637,0
8d873af7-d765-46d5-9806-d495c2ecd826,21348,NORTH HILLS VILLAGE + BURLINGTON,40.525518,-80.007163,0
8d9dceab-edb6-45eb-ac9a-5a8c1db6fc45,14646,LEECHBURG RD + SALTSBURG RD,40.485149,-79.817707,0
8da5c338-a832-413e-a0a3-8073abef1163,15109,BEULAH RD + MCCRADY RD,40.446755735,-79.8483812,0
8db1442b-42e2-4579-b90f-58e7d9044cd5,17602,HIGHLAND AVE + BROAD ST,40.46261,-79.92435,0
8de3ba6e-723c-4fc9-a938-96f54a8b92e7,10010472,4th Ave + Central City Plaza,40.56408606,-79.765927533,0
8de70b5c-c1cb-4645-a8d3-8a3b29670291,18586,MT CARMEL RD + DOLLMAN,40.466373,-79.868518,0
8de72493-b329-49e5-8ca7-9ca862313c4d,19810,SALTSBURG RD + ALCOMA PARK PLAZA,40.476817,-79.787938,0
8de9dab4-11b8-4cc5-b579-da26de6c7437,12777,MAIN ST + 21ST ST,40.493651,-79.915963,0
8dfc1e57-a359-4a3e-a328-957fae2b6a8b,12763,MAIN ST + PRAEGER ST,40.49523,-79.937459,0
8dfca991-45ab-4de2-a762-fb71350364fb,18179,MURRAY AVE+ FLEMINGTON FS,40.42644,-79.927392,0
8e0655ed-2cb9-47e0-9ba9-4d72bc3b4daf,22709,STATE ST AT LOCUST AVE FS,40.30752,-79.887519,0
8e10cc2b-0bd0-4e53-816d-880562d516a8,12074,JOHNSTON AVE + SECOND,40.406185,-79.942843,0
8e1550bb-8250-4f3b-a09e-391f69b2ad1f,8474,REYNOLDS ST + MURTLAND,40.447953,-79.907598,0
8e2f845c-f288-43b0-a3a4-0777968a11ad,14321,WILDWOOD AVE + #444,40.503695,-79.841251,0
8e3ad165-37ab-4af1-a782-c1b23d218c86,11655,BEECHWOOD BLVD + LORETTA,40.422018,-79.927688,0
8e3b8fec-fd44-42cb-9ecd-f361b8582314,6405,WEST LIBERTY AVE + PAULINE,40.401903,-80.022071,0
8e428e88-7a98-4f7c-a3db-30953506c733,8861,LINCOLN AVE + JOSHUA,40.470497,-79.892909,0
8e4af423-1632-4181-b3d1-e8588fb81525,392,PRESIDENTIAL DR + MADISON (LEASE OFFICE),40.583465,-79.998856,0
8e65a4e1-c0fe-4a5d-b6d6-cf02dfef3702,7617,MONTIER ST + #1449,40.445346,-79.873897,0
8e6abd89-7ad9-4f37-b6b8-b27ab28aae4d,9997,BROWNSVILLE RD + WALNUT ST FS,40.416036,-79.987081,0
8e6bccff-c781-4e16-a6ed-247efebf4bfc,9274,STANTON AVE + MCCANDLESS AVE NS,40.481744,-79.940844,0
8e6c821b-09e8-4b83-a1b0-e29e960ef41e,19876,HWY RT 51 RAMP + HWY RT 51 (STEPS),40.34238,-79.965775,0
8e722a74-c2f6-48dc-8710-efb189005580,14763,SALTSBURG RD + LEECHBURG RD,40.484983,-79.817407,0
8e759691-637c-4b25-ac8b-0df16e255966,19078,UNITY-CENTER RD+ CADWELL,40.493827,-79.786307,0
8e8a6de4-7b64-4073-803e-1eae6889e701,3191,FREEPORT + CENTER (BLAWNOX),40.492051,-79.864863,0
8e9672f5-a11c-4d3e-8998-f329d1dc2bea,19815,SALTSBURG RD + REGENCY DR,40.475261,-79.77096,0
8e9d290d-f343-4f8e-91f5-1efbd0fbfd4b,7558,JONES AVE + HAWKINS,40.404807,-79.860882,0
8e9fe553-d8e2-4b0a-8187-f1cb92f96f56,7723,LAKETON RD + TURNER,40.452484,-79.860411,0
8eadf6f4-bd2d-41d8-9cbf-929ddaca5f8a,8021,PANTHER HOLLOW RD + SCHENLEY PARK POOL,40.434663,-79.948415,0
8eae9445-2418-4923-904e-070b028104a8,5462,NOBLESTOWN RD + BARTOW,40.436195,-80.052139,0
8eb7b706-ab16-4e54-944b-b16e89c6a83d,9335,JANCEY ST + VILSACK,40.482677,-79.928725,0
8eb9854b-5e0c-4937-ab58-a5fb795bc0ea,6579,CEDAR BLVD + BEADLING RD,40.366372,-80.061188,0
8ebcdba2-c08a-4be7-b631-6346a9c7082a,9007,BEDFORD AVE + CHAUNCEY DR,40.45092,-79.972098,0
8ebfb0d5-cf27-4dad-86a1-63b79dbe37df,18798,GRAND AVE + VON STEIN,40.517395,-80.148785,0
8ecb398f-7d9e-46a1-81c4-724d6211620a,14386,FRANKSTOWN RD + LIME HOLLOW RD,40.468456,-79.824669,0
8ed22c0f-0237-4d9c-96e7-226e3bf363a3,11770,MELLON ST + VERMONT,40.363929,-79.859021,0
8ed3469d-b4d4-4ca8-91c9-0a2ecdf86d03,22442,BROWNLEE ST + #44,40.349168,-79.841167,0
8ede0ed5-fda3-4f14-adbc-586a810095fe,13471,PENN ST + UNION,40.61316,-79.741656,0
8ee07ca0-7888-48af-9fcb-4e71dbd14cbc,3283,BUNKERHILL ST + ST CLAIR NS,40.479504,-79.918747,0
8ee4c8c4-6e52-4fc8-af5a-8cce6387961f,21109,BEELER ST + OLYMPIA PL,40.44531,-79.934945,0
8eeb15e6-0ca4-416f-b435-f0bcb7096842,7320,HUTCHINSON AVE + EAST END,40.433182,-79.893181,0
8ef1ab92-0f0d-4681-baab-0ce3aa6f6d61,18594,MT CARMEL RD + TIERS,40.470383,-79.887595,0
8ef5d757-8180-4eb2-824d-f450c0d9498a,6421,BOWER HILL RD + PAT HAVEN,40.373441,-80.075562,0
8efb6668-fe07-41db-9ef6-635db1faae17,19453,MOSSFIELD ST + AZURE FS,40.472075,-79.934518,0
8f1aa59d-833c-4cfb-8b7f-99d8efd25c9c,10010496,Cedar Blvd + Cochran Rd,40.380373112,-80.052378762,0
8f227202-6193-483a-b11f-6a8c58adca99,9808,CURRY HOLLOW RD + GREEN,40.340075037,-79.967339592,0
8f22f754-df77-4d06-bf9a-7ea90f387ce2,200197,Perry Hwy + Best Tile Plaza,40.618844085,-80.055341985,0
8f242deb-8f48-4a21-83c4-00564a6cc945,2863,SPRING GARDEN AVE + #3851,40.487666,-79.9973,0
8f28dbdc-88f7-476c-881e-4c2b3921f9bc,2844,ITIN ST + DIANA,40.461801,-79.992148,0
8f2ac30f-021f-4a31-8ff3-5918534ff993,10120,MIFFLIN RD + SLATE,40.381351,-79.927594,0
8f2d8bc7-d219-4a8e-96c7-accf1a60f584,2192,SEWICKLEY BRIDGE RAMP + KRAMER,40.535955,-80.184884,0
8f330328-3d16-405c-b19a-01b161ca1fcc,100066,Rodi Rd + Hoover Rd,40.450144673,-79.826884282,0
8f3d240a-e9f6-4b46-8399-0adbd9a10310,21663,ST JOSEPH ST + ORMSBY ST,40.412663,-79.977303,0
8f4ada8e-c7ad-47de-8918-7d2eab817740,6844,SOUTH BUSWAY + PIONEER AVE RAMP,40.411883,-80.008493,0
8f52d209-64b8-4d33-9289-2b9cac2150fa,20727,PASSAVANT HOSPITAL + MAIN ENTRANCE,40.572204869,-80.013680495,0
8f52fa07-bf96-460a-9b8a-e181e638c9ba,9303,STANTON AVE + CHISLETT ST,40.473259,-79.930598,0
8f5f7b32-24b9-4d68-8c15-13b890a83af9,20879,HAZELWOOD AVE + EMAHLEA ST,40.417938,-79.936661,0
8f636c64-4f5c-41ec-abf4-374841a32eac,10252,OLYMPIA DRIVEWAY AT LIFE SPAN,40.322261454,-79.834875442,0
8f7d894b-f766-40f3-86fd-bff2e2122fd8,16230,EAST PITTSBURGH-MCKEESPORT BLVD + AULT,40.364505,-79.829199,0
8f826ba0-ab8b-4308-8663-b8fe2defbbd2,14645,LEECHBURG RD + RICHEY DR,40.486292,-79.814618,0
8f8fd6cf-500a-4bdd-b3ca-9b019140c02a,21955,STANTON AVE + MCCANDLESS AVE FS,40.481881,-79.940804,0
8f94f574-3ed4-4dff-802e-5259004bdf25,21349,NORTH HILLS VILLAGE + BEST BUY,40.523263,-80.006316,0
8f96f0b5-97e7-4231-9420-a3492e5e96fa,12771,MAIN ST + 15TH ST,40.494494,-79.926529,0
8fa0ac4f-16e6-4ba0-8ee8-b50e3f03c593,99969,DORMONT JUNCTION,40.391329,-80.04108,0
8fa50559-d53b-475b-8d26-ea8d4ba3d3f8,2861,RAMAGE RD + CHERRYWOOD,40.490693,-79.999871,0
8fa64550-3d2d-484a-a753-96346cdcc980,3688,BROADWAY ST + 14TH,40.474999,-80.080594,0
8fa68944-e862-450d-829f-c9091202fc8a,9116,FRANKSTOWN AVE + MURTLAND ST,40.458485,-79.90094,0
8fa719c3-8d6c-4c0d-aa47-b1aadc75fd07,1546,BRIGHTON RD + FARRIS ST (STEPS),40.462686,-80.020229,0
8faa61a5-a728-4420-a5f8-b7564f37ce3c,1880,CALIFORNIA AVE + COOPER AVE,40.482956,-80.041132,0
8fb95955-e08e-4855-ab26-44d4d41c5267,9678,BROWNSVILLE RD + AUDBERT,40.351437,-79.988444,0
8fbe7e3e-c309-4255-a042-bddcb899a8dd,4089,FARONIA ST + WYNETTE,40.451812,-80.067743,0
8fc5a984-a567-4b1e-b29b-3bbce7f5bda4,2777,MT TROY RD + KINKURA,40.4795,-79.98763,0
8fd6f6f6-9c16-48af-ab8c-df02da2021e1,5660,GREENTREE RD + ORCHARD,40.412117,-80.045942,0
8fe1f5f1-0b3b-40bd-ae61-9f150053dd83,9707,PROVOST RD + WHITEHALL COUNTRY CLUB,40.372174,-79.994702,0
8fe926a4-6fc0-45fe-8881-609efbfa1f6d,10010328,Glenfield Dr + Sycamore Dr,40.475310048,-79.82358398,0
8fe9b274-fc70-4989-9580-4ed522402768,10828,WALNUT ST + 9TH,40.346976,-79.864033,0
8ff1ac4a-da23-4197-bb3b-4b6aceed1db6,19541,CAMFIELD ST + CALLE,40.407887,-79.998293,0
8ffde7c7-00cf-49e8-8f3f-c054214c8d1c,10033,BROWNSVILLE RD + MAYTIDE ST,40.384581,-79.978009,0
900775e5-f915-4c17-aa50-7a6a19fb4e83,9364,BROWNSVILLE RD + MEADOWBROOK BLVD,40.366037,-79.981741,0
900e568c-8441-49e7-a8ff-48f29d22108b,967,HENDERSON ST + CARRIE,40.461295,-80.001613,0
9015e640-4968-4899-a802-e1622c84e457,473,PRESIDENTIAL DR + HARDING,40.582226,-79.995172,0
90175229-e1ff-4a1b-a93e-9a5ae184d8e1,8043,BEACON ST + MUNHALL,40.434444,-79.924881,0
9017e4f1-9a60-4431-831b-13b3c3cb0d6a,200163,WYLIE AVE opp SOHO ST,40.446919898,-79.974672573,0
901e6f12-3b99-4136-a24b-1c68e3aa0b0b,7851,BROADWAY BLVD + PITCAIRN PARK BLDG,40.401976,-79.776335,0
902f2d7b-d2aa-4b77-a60b-3373fff844f5,1109,THOMPSON RUN RD + WHITE OAK,40.541959,-79.992438,0
903970d6-8f6a-43c6-8c6f-85ea8577ad38,21547,CUSTER AVE + JOSEPH ST,40.394506,-79.970163,0
903a4654-fb6e-476a-9db0-0e83b4091cdf,8419,WILTSIE RD + WARDSONS,40.472594,-79.896726,0
903a74ec-29a2-4c59-bb87-c77af6f6b3cf,18197,WALNUT ST + 7TH FS,40.348921,-79.864565,0
903d959b-b2cc-4e98-beae-5f5469437e70,19508,PIONEER AVE + SOUTHCREST FS,40.406656,-80.015021,0
905bdddb-d43d-4509-9530-21b65825ec71,1625,LINCOLN AVE + STRAW AVE,40.491603,-80.047725,0
9060e180-a352-4120-94e2-b403781b6839,13639,FIESTA DR + #251,40.473174,-79.708198,0
90661d47-04ed-4291-8747-5af62374bc16,10010446,Mifflin St + Whitaker Way,40.398814192,-79.885333555,0
9069aa7c-6bbf-4dd5-9764-2462535aa8dd,5329,RAILROAD ST + COLLIER,40.388341,-80.08985,0
9073ccd5-ab30-4e3f-a4e4-af11e025a382,21369,PROVOST RD + WEYMAN RD,40.375672,-79.993938,0
907d1499-0268-46c4-8768-1b3485536f24,11026,9TH AVE + ANN,40.407324,-79.908436,0
90852ad8-147b-496e-abbf-88264c478966,10010401,Centre Ave + East Liberty Blvd,40.46485375,-79.919887593,0
908987a8-4568-42ba-a282-181b04e3a1f5,20639,ST CLAIR AVE + 8TH ST,40.294022,-79.890996,0
909dfe1b-419d-4be7-b14e-e6266d4f6f1e,7212,HARRIETT ST + BLDG #2,40.413906,-79.883657,0
90a14280-d0db-4f82-bc77-4fe1f259c44f,10010251,Versailles Ave + Cornell St,40.346991743,-79.857459971,0
90bb5b4b-92cb-41ce-b42b-c54d4f5af33f,21037,WILLIAM PENN STATION,40.439895,-79.998008,0
90c34161-32ca-4fda-918f-f8b7661949ec,20864,ROBINSON TOWNE CTR DR + PARK MANOR BLVD,40.453435,-80.17201,0
90c8ce8b-66a8-4123-a881-16bd2e545b39,11979,PENNSYLVANIA AVE + CARNEGIE,40.362212,-79.856098,0
90cb6001-f598-4ab1-911f-f69b4b4cb99c,16427,SHADY AVE + 5TH,40.452006,-79.920397,0
90cc44dc-6aa3-48e4-8e2f-f3ed27c2b4dd,11163,LINCOLN HWY + 3RD,40.379383,-79.807175,0
90d019b8-5cca-4729-9dc9-ecd7b68eb4df,200254,Stroschein Rd + Blue Grass Cir,40.433431912,-79.775567227,0
90dd1aed-aad2-4b2c-af84-24349f7c046d,21173,BROWNSVILLE RD + KNOX AVE,40.41061,-79.990193,0
90dd47bb-2385-4b64-a575-29778e991416,20638,ST CLAIR AVE + 8TH ST,40.293974,-79.891236,0
90e41de6-07de-4002-a5f0-1a62d427d302,7502,PENN CENTER BLVD + BLDG #7,40.426579,-79.811591,0
90e57bad-fa03-4b49-a3bf-9c3ad915d837,10010448,Ann St + Hazel Way,40.407503297,-79.909069285,0
90f10ac3-8173-4287-a315-37fac4a58526,21227,CAMP HOLLOW RD + LIVINGSTON RD FS,40.346574,-79.926214,0
9102346c-f5ff-4f5d-b428-3ee28ad63016,4555,COCHRAN RD + BEVERLY RD,40.38709,-80.054649,0
91028425-62c3-49f4-8499-40bdc89bc505,21499,FIFTH AVE + LATTERMAN FAMILY HEALTH CENTER,40.354011,-79.836587,0
9103e2f5-ed0e-411f-80c3-0a9f2c7b687e,8440,OBERLIN ST + OAKDENE,40.466438,-79.89006,0
9104f38a-aba9-4003-a0b4-0350449a032b,3593,SILVER LANE + FALCK,40.462846,-80.139556,0
911bd3d7-c37d-4511-b16c-517bb2801b36,7629,PENN AVE + BRADDOCK,40.447112,-79.894918,0
911d2864-4273-4c35-945b-2ab0486fc7ea,12041,MIFFLIN RD + MOHRBACH FS,40.366629,-79.909768,0
91252e52-9f1d-478f-923b-3c344b70fb83,4138,CHARTIERS AVE + #1338,40.449212,-80.044561,0
9129145d-f0ca-481d-b601-ebbf9b3b2e3e,11103,WHITAKER WAY + LARKSPUR ST,40.403488,-79.890361,0
912bad67-8ae3-48f3-802c-ed9f765efa6e,9333,JANCEY ST + GREENWOOD,40.486014,-79.926461,0
91367c3c-6b6c-4e5b-9f76-985c8f9802ab,9253,AIKEN AVE + KINCAID,40.466325,-79.935494,0
914a7a99-35b3-4518-b9da-411308d47d07,20555,MONONGAHELA AVE + HARRISON ST,40.336532,-79.890162,0
9153ec9d-bb64-4645-9151-176d4faf98af,8463,HOMEWOOD AVE + RACE,40.45893,-79.895748,0
9166410d-1f7c-4165-8d60-424547481f21,19307,KATHLEEN ST + ESTELLA,40.425594,-80.001007,0
91738df2-51dc-402a-aeca-c66acb487382,14444,VERONA RD + ROSEDALE,40.481711,-79.838047,0
917ebd07-1057-460a-9016-a9170d8c660f,6282,BOWER HILL RD + PARKVIEW,40.37976,-80.063136,0
91805ac5-00b5-4cd5-b986-5fad18d0cdec,20999,WARREN DR + LINCOLN HWY NS,40.384939881,-79.823239888,0
919667f8-a6f9-438e-baff-3647afe12576,428,EVERGREEN RD + NELSON RUN,40.50572,-79.995088,0
9199c962-a0d0-4806-b04a-ae36a6c76e12,12805,PITTSBURGH + HARTREY,40.541945,-79.774666,0
91a1cbc7-97e7-428b-bea1-4910716d6eb1,885,PERRYSVILLE AVE + LAFAYETTE,40.464799,-80.011426,0
91a61345-4560-48dc-b628-eecc863c9c62,13473,PENN ST + ROUP,40.610882,-79.740494,0
91a8f2ad-c6d2-4861-9a3e-4265ca97f8e4,6293,WEST LIBERTY AVE + PAULINE,40.401657,-80.022164,0
91addd28-56e9-4847-974e-a7e3d57e9853,200059,5th Ave + Lincoln Way FS,40.357525323,-79.832271742,0
91cc4206-a769-4bd3-a3a8-e92096c33ca3,12038,LEBANON CHURCH RD + CAMP HOLLOW,40.350181,-79.927704,0
91e90abd-e23a-4ffd-b8ff-0885e79996c9,19495,BRYN MAWR RD + ANDOVER,40.450253,-79.957085,0
91f39726-806b-4757-bd3e-0866e771cbbc,8822,MT CARMEL RD + ELK,40.468171941,-79.883784791,0
91f6c750-4350-49ac-88ee-c43fb0b8c3a1,11034,WEST ST + MUNHALL BORO BLDG,40.399179,-79.904375,0
91f9eb84-c77f-4e60-a2bb-e112374e9100,14435,VERONA RD + GIANT EAGLE,40.462195,-79.865903,0
9200db72-0276-442c-9b84-eacf3a3e8f7a,20352,RODENBAUGH + IVORY AVE FS,40.497341,-80.017884,0
920d8198-78a3-4d20-9d87-6e7adf7cc0dd,9122,FRANKSTOWN AVE + JULIUS ST,40.459623,-79.911281,0
9218ab99-bfa2-4771-910a-3493efa3d7e0,7103,FORBES AVE + BEELER,40.443833,-79.938618,0
922d68be-4e37-4976-8697-37ecc93766d2,40,FALLOWFIELD STATION,40.411176,-80.023434,0
9234e61e-d767-41ed-982c-6cc9b685b985,20072,MURRAY AVE + AYLESBORO,40.439921,-79.923122,0
9238470d-1fc8-4eb6-9b94-eb303a3709f0,22901,MONROEVILLE MALL PARK AND RIDE WEST,40.428791,-79.799665,0
923afede-ee09-4531-8ef9-eab6a2b79a36,20258,MOUNTAIN ST + SCHULER ST,40.409729,-79.977393,0
925909ba-0bfa-406a-a74e-cec9cdb3fd88,10935,LEBANON CHURCH RD + #4512,40.352293,-79.90328,0
9262e3d0-8a06-4a54-9682-c209cc3af627,8771,CENTRE AVE + FRANCIS,40.447021,-79.967533,0
9269f227-93c8-4a03-8f5a-3431a0f052a5,19746,LINCOLN AVE + FREMONT AVE NS,40.494297,-80.053085,0
9274e430-a876-4d6a-b036-e737a19f22a8,5027,STEUBENVILLE PIKE + SUNSET,40.450834,-80.138541,0
92756802-db43-4f8f-b6f5-a44e39733dac,22842,PERRY HWY AT CUMBERLAND RD,40.571787,-80.0369,0
927b5857-9d69-421b-8c0d-b6d138617228,10956,MURRAY AVE + WELFER,40.425058,-79.92813,0
9287cc78-161c-4364-a025-acbc80673359,7835,AIRBRAKE AVE + 2ND,40.399457,-79.8154,0
9289bfd7-3f21-4828-8004-5f6c15891909,224,EAST ST + SUFFOLK ST NS,40.468904,-80.001347,0
929058fd-ff9e-4ba3-af59-82038eee2690,3441,HERBST RD + JENNY LANE,40.493981,-80.117055,0
9298d58d-0155-49c5-ad26-ae5eb69811e0,2215,GRAND AVE + 4TH,40.510891,-80.1278,0
929a7729-9325-4d86-940a-bf362d24c95e,8314,WALLACE AVE + WOOD,40.444522,-79.884504,0
929edd2b-8877-4c5e-970d-0f93d15bfba1,16014,HAY ST RAMP + INBOUND SHELTER,40.443534856,-79.886941634,0
92a65afa-1504-4ec2-87a1-362e6e7eeab2,21049,PATTON ST + MIDDLE,40.395691,-79.804772,0
92b38d95-5fbc-46d5-b568-92b590001632,16231,EAST PITTSBURGH-MCKEESPORT BLVD + ORRIS,40.368953,-79.830665,0
92b589b2-5b50-4ba9-834d-d0d62b279078,14446,VERONA RD + POKETA,40.486442,-79.837308,0
92b82829-02f2-4346-9023-f4324afb5830,6272,KANE BLVD + CHURCH RECTORY,40.373069,-80.083982,0
92be276c-8e65-4720-a01b-65c4ad906eae,11756,HOMEVILLE RD + CASTLE #2,40.376822,-79.87554,0
92d9df45-94e9-467e-94f1-a36cf2c6df9c,19650,WARRINGTON AVE + BOGGSTON,40.42007,-80.007921,0
92df97c0-eaf9-49c4-894c-782acab4f573,7060,WOODSTOCK AVE + MELROSE,40.417069,-79.880779,0
92e291ca-9c27-4066-a77b-cbcc2f8f53e6,1427,OHIO RIVER BLVD + EAT-N-PARK,40.494317,-80.064299,0
92e44523-191a-469a-b1a8-25e178ee4d7b,894,PERRYSVILLE AVE + MARSHALL AVE,40.474922,-80.011113,0
9304bf45-dd06-4ea9-88ad-ebb8c3d97646,2330,ISLAND AVE + #1308,40.481803,-80.069441,0
93055bf6-09c6-4c58-a623-3c09f181ca2f,22184,FOX CHAPEL RD + #325 (OHARA MUNICIPAL BUILDING),40.495552519,-79.882224934,0
9309894c-2d84-4f4a-8038-a5175b51206b,5408,NOBLESTOWN RD + DUNCAN,40.413083,-80.075495,0
930c2419-9b60-4ab7-82d1-10cdef8e9be9,19281,MCFARLAND RD + HELEN FS,40.39618,-80.046475,0
93146e0c-e21a-4aba-9433-dd5da597a662,3498,MCCOY RD + GREENWOOD,40.478088,-80.093998,0
93148590-81b0-4823-b0c6-623f57235f5b,7798,STATION ST. + WESTINGHOUSE,40.393269,-79.809319,0
932e37a9-ed34-4377-84b4-7388fa54640b,22800,BLAIR ST AT BEEHIVE ST,40.417642,-79.950597,0
933d9b67-51ae-407d-9a0a-77ce8c19bed7,10010397,Shady Ave + Fifth Ave FS,40.452509421,-79.920693221,0
933f977e-8f20-403c-8cbc-21b46ec91d86,3605,STEUBENVILLE PIKE + OMEGA DR,40.448852,-80.122683,0
93430f33-43e1-4312-aea9-def401cd060b,15908,CENTURY SQUARE ENTRANCE RAMP + MOUNTIANVIEW,40.347555,-79.94911,0
9344e75e-7ed8-4145-b6f1-048676f7ed68,11679,GRANT AVE + 6TH,40.372266,-79.850983,0
9348796f-de16-404f-ae6a-5c27b71102e9,17733,SECOND AVENUE + PGH TECH CTR (MIDDLE ACCESS ROAD),40.432779,-79.962507,0
9355f25a-d0af-4364-ba6b-999143f903b7,7832,AIRBRAKE AVE + 5TH,40.401007844,-79.817827528,0
9369ecb6-24cd-473f-966b-d5394cbee15a,20032,UNIVERSAL RD + #150,40.466288,-79.822766,0
939b83d5-a0ad-4ffc-ba05-188eef3d52f3,17519,AMITY + 7TH AVE,40.407336,-79.911127,0
93a776d0-0a33-4942-95e3-af890d1ead48,1446,BEAVER ST + RIVER,40.526582,-80.158875,0
93a87096-5b72-476d-a85b-b9428a713534,18953,GREENFIELD AVE + WINTERBURN FS,40.42617,-79.939998,0
93af3b26-457a-4c99-b6e4-e9d608a1d13b,2197,5TH AVE + LOCUST NS,40.520447,-80.172012,0
93cd7fa0-bcf4-4463-82fb-dac8417e69ff,1707,MANHATTAN ST + JUNIATA,40.456944,-80.027298,0
93d10724-4d51-40a3-92ed-118a7e47877a,15844,FINGAL ST + #225(FINGAL/RUTLDGE TERMIN),40.440038,-80.027037,0
93d39780-44d0-4ef6-a30e-9c69913135bc,20097,EAST LIBERTY BLVD + NEGLEY RUN,40.46509,-79.919599,0
93e1b805-8115-4f9d-8525-6130595a5953,3235,CALIFORNIA AVE + KUNKLE WAY,40.460087,-80.025955,0
93e816e9-e62a-49f8-9ab8-40a1684e31f6,11976,CRAWFORD ST + WOOL,40.363367,-79.850426,0
93e9a1f8-26d8-4415-8389-34b1f6a6d928,17229,HAZELWOOD AVE + GLADSTONE,40.412525,-79.9403,0
93fb7be9-dfce-46be-bc0a-dabad16f1a71,20779,BAUM BLVD + FAIRMOUNT ST FS,40.457961,-79.934963,0
93fb85cf-a38c-42c9-addd-4ecfb7354b1d,6865,PROVOST RD + BRIGHTVIEW,40.3649,-79.992188,0
94146055-5312-49f7-a8e7-8917d52332bf,20034,MILLTOWN RD + COMMUNITY MARKET DRVWY,40.498707,-79.790045,0
941bad77-fc9c-4fed-906a-db6511c6559c,7770,MIDDLE ST + 4TH,40.400789396,-79.816350519,0
9421cc23-35d6-4f40-8bce-da227ef41067,1466,BEAVER RD + CHESTNUT,40.550158,-80.1903,0
9426824d-494e-4881-8fe5-f593b15c8074,8533,LARIMER AVE + SHETLAND,40.466259,-79.912113,0
9427d79d-31c7-41ba-9032-08235e89d8b1,19482,LINCOLN HWY + JACKS RUN RD,40.368251,-79.780627,0
94312981-5832-4385-a7a6-daef19e192a2,11054,INTERBORO AVE + LINDBERG FS,40.375433,-79.910523,0
94326818-6efa-47a7-a0a0-c336710ac05f,10959,BROWNS HILL RD +PARKVIEW BLVD,40.413866,-79.922983,0
9439ce0f-2ae3-473b-ab68-76d08a3b02f4,200175,E 8th Ave + Wilis St,40.60536413,-79.750771907,0
943d4bf3-1a91-4114-b0b8-ae13d05a396b,9980,BROWNSVILLE RD + CLIFTON BLVD,40.386925,-79.981806,0
943e965b-ccba-459a-b64f-e875d014d51e,10010506,Halket St + Louisa St,40.437121821,-79.959672202,0
944b638b-0cf3-4ffc-a457-65776bd1f29b,4746,BOWER HILL RD + RUTH,40.380547,-80.061375,0
94550995-8498-4df1-93f6-8a195d927758,7559,JONES AVE + MILLER,40.405669,-79.859516,0
9459c47b-acbc-4c07-91f4-6fe15ae04aa0,8251,ELLSWORTH AVE + AMBERSON,40.45139,-79.940849,0
945ff90d-f787-4d32-ad26-8af486029cc9,7896,WILLIAM PENN HWY + CHURCHILL BORO BLDG,40.446157,-79.851367,0
94626438-bcde-4277-b000-20c1dd4a6050,9020,DARRAGH ST + TERRACE ST,40.441766988,-79.962594287,0
94655c69-a6b2-4d0c-a48a-4c5d4cdb4c26,10010431,Pioneer Ave + Dorchester Ave,40.394160101,-80.027267963,0
946e33be-9bb5-42ca-b3e5-ce595d1ea287,7815,ARDMORE BLVD + YOST FS,40.415479,-79.847515,0
946eca47-2246-409d-b592-39be0e3d799d,18976,LARMIER AVE + MEADOW,40.465215,-79.914592,0
9481d2a5-056c-4d0a-a4d2-f1344775485e,18413,KENNEDY AVE + AURILES,40.370458,-79.852508,0
94871052-4126-462a-a468-120f26a51877,508,DUNCAN AVE + ALLEGHENY MEMORIAL PARK,40.566991,-80.004816,0
948aa6e3-9542-4efa-8966-812f6984b1a2,20760,STATE ST + ELM ST,40.309255,-79.890551,0
949e7836-20e2-457a-b5c9-37cb80da6371,11106,WHITAKER WAY + OAK,40.400207,-79.886933,0
94a52f0c-413a-4ac8-bfde-6695542b78f9,22013,ROBINSON BLVD + FRANKSTOWN RD,40.460958,-79.866291,0
94a8596c-1b1e-46b2-856a-7062ea4b353c,2360,4TH AVE + ARCH,40.515564,-80.156059,0
94aefd45-3ac6-4b5d-a341-af2583d0168d,2345,GRAND AVE + CALGON CARBON,40.509087,-80.119005,0
94aff5c7-91ae-471b-bc8d-d697fda7104d,1867,WOODLAND AVE + SHADELAND,40.46914,-80.02997,0
94b269ec-cf78-4796-b9a8-c1a5f4ab9654,8376,HOMEWOOD AVE + THOMAS,40.450779,-79.900146,0
94b3cc35-2c2e-4500-84ef-169f9d9b7706,22096,STANTON AVE + HOLMES ST,40.477515,-79.952756,0
94b4c1d6-83c5-4e50-a3b1-082af551c366,6289,WEST LIBERTY AVE + #2665,40.397479,-80.028444,0
94b845bc-2ab5-4eb0-a59a-f18435068f4a,6446,BOWER HILL RD + MCLAUGHLIN,40.358359,-80.105141,0
94b92932-4176-431a-9bea-b3cfb3d9e63f,17110,WM PENN HWY + ECKARD,40.438669,-79.767918,0
94c4bf3d-ddbf-4d5e-b94f-bac94f208d67,5423,NOBLESTOWN RD + #2212,40.429879,-80.053421,0
94cb0ef3-bf4b-4e6e-80eb-387ce68ca0f4,1262,CALIFORNIA AVE + BIRMINGHAM,40.501869,-80.069385,0
94d7a273-115e-4aa9-8458-b82f63e6e74d,6104,PIONEER AVE + DUNSTER,40.402537,-80.015976,0
94eaebc6-e86d-4514-9aa4-2865c40ab5e0,2571,CRAIG ST + PARK PLAZA,40.447868,-79.949477,0
94ecc4ea-5742-4ef1-a467-7a9c93440c80,11130,JACKS RUN RD + MCKEESPORT SPORTSMENS ASSOC,40.358595,-79.786057,0
94f41cee-23e0-4e44-bb38-359a3a5fa0a1,1776,MT PLEASANT RD + HAZLETT,40.477836,-80.000288,0
94f5f1d9-30a4-4c50-849a-c76db0109e03,20914,CRAIG ST + BAUM (MOOREHEAD TOWERS),40.453773,-79.953125,0
94fd189c-d998-463d-9543-9a6e70abf9a4,4812,26TH ST + E CARSON,40.427235,-79.96844,0
95098c5f-dc63-4c8e-9169-efdbbe501736,13610,BEATTY RD + COLLEGE PARK,40.441634,-79.742771,0
95145f15-81e0-4b88-b249-36540570c7ac,21564,CLOVERFIELD DR + EDWARD DR,40.394864,-79.96638,0
9518c93b-de3e-4150-aea4-7244515cdd9d,13464,FREEPORT RD + HARRISON,40.634537,-79.713376,0
9521e700-539b-4f7f-a38f-4be00f051eea,7658,PRIDE ST + FIFTH AVE (NB),40.438408451,-79.985002309,0
95302b26-d812-4c49-8601-d814f72b68f3,12694,MAIN ST + 19TH ST,40.494085,-79.917976,0
9535b2e7-2b6d-4b9a-9349-83385d7802c9,6876,BAPTIST RD + #5344,40.353504,-80.007225,0
953b724f-2382-4c48-94fd-ac846cbcdc86,811,PERRYSVILLE AVE + SEMICIR,40.487333,-80.016344,0
953f38bb-eea9-4c36-ad0d-0395f758e54b,19886,BRADDOCK AVE + DELMAR WAY,40.423769,-79.887106,0
9547ef37-7c84-4434-9cd8-40dace21e97f,10391,WALNUT ST + LINDEN,40.314645,-79.829811,0
9560ae0a-fdab-4f77-9aa4-21565e9e42dc,10010449,Ann St + 10th Ave,40.406423124,-79.907934386,0
9565e69e-7863-4815-9ce2-5a46e91477c0,20468,BEDFORD AVE + WANDLESS ST,40.45265,-79.96782,0
956ec669-ac5e-4b86-88af-aff73eef772d,21623,SIDNEY ST + SARAH ST,40.425123,-79.961615,0
9581e7cd-ce48-4d2b-99fc-5480b253176e,9596,HWY RT 51 + CLOVERLEAF TOWERS,40.342102,-79.966751,0
958fd0da-90dd-4f12-9a87-b30f20d769de,99997,FIRST AVENUE STATION,40.435574,-79.996468,0
9592715d-94f5-4654-a487-42f725ad0b98,1554,NORTH AVE + MONTEREY ST,40.454277,-80.012695,0
9592a4e8-53ce-4647-807c-fb0aa21f100f,8025,BLVD OF ALLIES + HALKET FS,40.435998395,-79.958566324,0
959bd4ba-588f-4b0a-9e0c-a84145a0038d,13405,FREEPORT RD + LENGEL,40.634599,-79.7135,0
95b04dcb-e19f-4568-9f8c-c09e3c9793a6,916,CONNIE DR + MERWOOD,40.499467,-80.024817,0
95b62061-28a4-43ff-b330-35c41a5daaf4,20205,BELTZHOOVER AVE + CLIMAX,40.419857,-79.997297,0
95b7a6aa-5a12-4ea1-8c57-9a666a2929a2,7576,BRADDOCK AVE + PENN,40.40451366,-79.830191375,0
95be2621-1d23-4500-81c5-a0f85fb29e9d,21565,EDWARD DR + CUSTER AVE,40.39565,-79.968252,0
95bec6f4-3c56-451c-a302-f9120a0433da,6985,CLIMAX ST + HABERMAN,40.419838,-80.002541,0
95df70f6-0ff2-476c-9262-8225cb6fd94c,22708,STATE ST OPP LOCUST AVE,40.307633,-79.887547,0
95ee990b-7a65-4cac-865b-05f5a22669d4,8564,NEGLEY AVE + WALNUT,40.451995,-79.930879,0
95fff5f5-3ca4-432c-ac17-18be3bfce79f,13570,HWY RT 286 + KANE (YMCA),40.458107425,-79.708450818,0
960683ec-0350-4b6f-80d1-f4d0f09f4c62,2247,CHARTIERS AVE OPP MCKEES ROCKS PLAZA,40.464104,-80.057642,0
960ad376-3a10-4efa-a7a7-504acdac1273,19635,CRENNEL AVE + CRAFTON,40.43672,-80.069089,0
960c2a66-41d0-47a1-bb96-1006d17b4a61,4204,ALLENDALE ST + CHARTIERS,40.454053,-80.059669,0
960ccab8-4615-4f8d-b70d-41abcb863011,22896,THE BLOCK AT NORTHWAY OPP NORTHWAY APARTMENTS,40.5501,-80.02227,0
960e3c96-3724-4973-8956-c96a777efe8e,5285,WASHINGTON AVE + TRIMBLE,40.405456,-80.08363,0
9613a776-dabb-464f-9b84-971d80ba93ec,10888,DUQUESNE BLVD + OAKMONT,40.380765,-79.855038,0
961eb547-b8c2-4437-860a-8ea8b97c4f31,20837,BEAVER ST + GLEN MITCHELL RD,40.531511,-80.16877,0
96246d9d-1a09-4914-88d6-b3fb8692f425,5416,NOBLESTOWN RD + BRENFORD,40.420562,-80.066827,0
96261edb-e327-43bb-a08a-6ecfbe9e2f31,7287,SOUTH AVE + SWISSVALE,40.43985,-79.879028,0
9628bf80-8c9e-4d1b-bffe-381717e7b068,9428,PROSPECT RD + GIESE,40.363753,-79.974918,0
962ad6f9-d48d-42e6-9624-a798af2dc3a6,2237,ISLAND AVE + #1179,40.479477,-80.067741,0
96365dde-f10c-41c3-a981-6dda70d3356c,7354,YOST BLVD + ARDMORE F S,40.415474,-79.84803,0
9643b0d4-9762-48df-b7d6-d7da59c93727,4047,WASHINGTON AVE + FRANKLIN,40.401687,-80.083092,0
964a59b9-922e-441a-ad8d-47f12b77310a,22689,JAMES ST + #1446,40.421151234,-79.806045405,0
964f1401-d989-4406-bda9-7abc20fafbc8,13523,BEATTY RD + BRUNNER DR,40.451878,-79.755051,0
965d7159-2c00-4b73-bb64-c45a8c14133b,8819,MT CARMEL RD + HIGHLANDVIEW,40.46882,-79.886773,0
96656559-30e4-4c20-944b-909941b01a2c,475,PRESIDENTIAL DR + MADISON (LEASE OFFICE),40.583504,-79.998797,0
96691a06-0a4d-4255-be7a-5d158e1c15ea,22674,WESTINGHOUSE AVE + HERMAN AVE,40.391797,-79.809766,0
966b3cfc-5eeb-44c9-919c-74769f036d98,12108,SECOND AVE + TECUMSEH,40.408757,-79.943805,0
967f8d10-7deb-4864-9b35-dfdb0a4f5cd3,12817,FREEPORT RD + MURRAY HILL,40.58114,-79.778861,0
9681348f-9c9f-4483-8a8c-3f7b97326fc6,21076,STEUBENVILLE PIKE + MCCORMICK FS,40.449191,-80.124441,0
968783af-20bb-405a-bbf2-1060a5cde937,6735,BAILEY AVE + RUTH,40.427069,-80.005214,0
96976230-9748-414f-b696-a04ffb8f6f89,6154,WEST LIBERTY AVE + ILLINOIS (POTOMAC),40.395175,-80.033986,0
96a5aa97-2051-415f-8e0b-6ca7498d93d0,9423,HWY RT 51 + STILLEY,40.361158,-79.982392,0
96bd79e7-5a9d-47b8-891a-d0f44a3dc2d3,23118,CENTRE AVE + LOGAN ST,40.4406,-79.98941,0
96c48c93-95ed-4df2-8be7-8ba3ebe38395,4053,CAROTHERS AVE + PACHEL,40.399545,-80.088222,0
96c5bafd-99cb-4627-87f7-211cbef31248,7051,HAWKINS AVE + 4TH,40.409214,-79.866592,0
96c85672-497b-48e5-87a6-23f18ba3a48e,9226,BLACK ST + NEGLEY,40.468788,-79.927757,0
96d93888-8027-4f4a-90ed-d30c66bc4681,1326,CALIFORNIA AVE + BIRMINGHAM,40.501814,-80.068955,0
96dcf13d-13ba-44da-a504-80b011a723a2,976,HAZELTON ST + SEABRIGHT,40.466885,-80.00507,0
96ef048e-3ae0-466d-99a8-d358ca295192,5461,NOBLESTOWN RD + CRAFTON FS,40.437477,-80.053848,0
96f428b8-2c56-45ea-aa8d-75d882d48f8c,22856,CHERRINGTON PKWY OPP #1200 (SERVICELINK),40.490269,-80.197411,0
96fd09bb-4407-425c-a313-c30cff7f3e06,460,PEEBLES RD + LOCUST,40.569558,-80.003857,0
96fe1e7c-e4e8-41ba-917d-1e8be820c044,7673,BEELER ST + UNGER FS,40.444956,-79.936356,0
97062e3e-a76d-4d0b-8f06-591aebd5e7f4,22122,BUTLER ST + LIVONIA,40.488803,-79.935948,0
970f5e9c-fe8a-4b93-b8f3-c489dd93c465,2645,E CARSON ST + 22ND ST,40.428462,-79.974487,0
9718fb50-1c7e-4e4a-8ce9-35318e8fa473,14520,FRANKSTOWN RD + LONG RD,40.46576,-79.83233,0
972831c6-4e68-4dab-884a-a245ee7abb37,11627,MAIN ST + ELIZABETH,40.378392,-79.908152,0
972b8ac1-0b27-4e28-8a41-0c1f4f5cd8f8,18617,PENN AVE + JACKSON,40.44477,-79.861181,0
973056fd-d468-4a0c-941c-583d361561c1,11634,MAIN ST + MILLER,40.387162,-79.902309,0
97333a45-de24-4eca-9e6e-51972c7971bb,22673,EAST PITTSURGH MCKEESPORT BLVD + #920,40.381631,-79.828263,0
973c6cb5-80c7-40e5-98be-5f01980581ed,9892,LYSLE BLVD + MCKEESPORT TRANSP CTR,40.351905,-79.860893,0
973e6cad-3e9d-4f9f-9346-b84eee7e5d58,19174,MONTIER ST + LAKETON,40.448935,-79.867519,0
973e71c0-828f-4375-8c64-8c60e8e78d9a,19862,MCINTYRE DR + THOMPSON RUN FS,40.552506,-79.998512,0
9741c9bd-e696-401b-9f99-3b89f77abd25,5863,GREENTREE RD + FORSYTHE,40.399857,-80.06501,0
9743e569-c02b-4043-b8f2-20e44d755e6a,8099,GRANT AVE + TRI-BORO,40.406308,-79.825194,0
974f1af9-f185-441a-b75c-d98ef60ceaef,17737,WATERFRONT DR + BRIDGE ST. (RED ROBIN),40.409498,-79.916568,0
97549f7e-6870-4023-b243-ffe46f5b411d,1431,OHIO RIVER BLVD + HARRISON,40.500467,-80.073427,0
975af934-d60d-4155-89b1-43b6066381b1,1477,BEAVER RD + #306,40.567805,-80.211484,0
975fbb32-bbd4-4c3b-9ae8-481bc6156f8b,19084,UNITY-CENTER RD+ #1010,40.478829,-79.762591,0
97821aaf-81d9-49c3-a02d-5c2c6cf4c877,9140,FRANKSTOWN AVE + HOMEWOOD AVE,40.45739,-79.896445,0
9783d480-0cd1-4a69-b88b-d2cd7f00d597,2370,4TH AVE + THORN,40.522472,-80.174374,0
978bd579-182a-4e6b-8da6-8bb677b113e6,9326,BUTLER ST + 54TH ST,40.482786,-79.951281,0
978d1622-3fff-43ce-b5eb-d54823bb7d96,19484,LINCOLN HWY + MOTEL,40.377999,-79.803335,0
9794ee67-875c-49de-a5b5-ac2728e8dbe6,18864,ZUPANCIC DR + BROGLIE,40.32068,-79.985351,0
9796175e-f5de-4b24-bb50-31c83622ab94,2460,MT ROYAL BLVD + DEHAVEN,40.551102,-79.971436,0
97b9c419-bca5-49bc-be44-6861ee58ef7e,62,POTOMAC STATION,40.397127,-80.036748,0
97c3846c-0ce5-4536-88e6-553bac85e749,20516,BUTLER ST + PENN AVE FS,40.463011,-79.966971,0
97d9f400-5933-4650-a2f2-dc31c4a62fbe,6771,GRANDVIEW AVE + AUGUSTA,40.43976,-80.021955,0
97e4092e-921a-4775-bb51-74a5d21481e6,4806,JOSEPHINE ST + #3033,40.42191,-79.964981,0
97f4d438-6357-40d7-b195-dfe15bdc01ca,9950,STATE ST + WALNUT,40.308422,-79.889127,0
98211e40-de5f-41be-9ad7-1dc4ed1cdb1d,11108,WHITAKER WAY + MIFFLIN,40.398767,-79.885486,0
98316dd6-615a-4d4d-b8d2-4064be26d3eb,5114,STEUBENVILLE PIKE + HIGHTOWER FS,40.44778,-80.154935,0
9838fc8c-226a-4a18-871d-b3b936fc4c40,1828,MT PLEASANT RD + #305,40.482028,-80.002755,0
983b08c1-14c2-4386-b28d-181db4695bd2,6185,BROOKLINE BLVD + #1439,40.392418,-80.0075,0
9844289e-9689-49fd-b06c-8c2d24581702,20465,BEDFORD AVE + SOMERS DR,40.449343,-79.975613,0
986a67f8-6815-4515-a5cf-89144d7acd97,5659,GREENTREE RD + ORIOLE,40.41028,-80.047472,0
987b1522-56b9-46aa-8e9c-1ea7d9473cb5,14332,VERONA RD + HOMESTEAD,40.481787,-79.838084,0
98859c2a-4073-4f96-949e-2aa698a81dfe,20028,MAIN ST + WASHINGTON SCHOOL,40.470533,-79.789177,0
988fc27a-25ac-4e9a-aeb4-459cbafc55ea,22618,BROAD ST AT BANK ST FS,40.537069,-80.184008,0
9899ff89-8f8e-4396-aae8-8254e4b26c14,100101,4th Ave + 10th St,40.566569041,-79.766515832,0
989e336f-cf5f-4029-95e7-bcf293a05bbb,2498,FERGUSON RD + LAMMERTON,40.561302,-79.987487,0
98a4f8ff-25f2-4a62-a10a-6ef33beebbc4,20824,ITIN ST + DIANA,40.461846,-79.992179,0
98a78b7d-d1c9-4bc4-ab88-b375fdf35cda,8431,STRANAHAN ST + OAKDENE ST,40.461876,-79.890732,0
98c49f03-fdda-47ab-ad5b-e227a7aa616d,6246,BANK ST + DEWEY,40.356213,-80.110138,0
98c62541-2ae5-4e94-9525-edb4455704e4,4131,STEUBEN ST + PLANET FS (WABASH),40.441723,-80.035398,0
98d865f8-6a8f-4977-92b2-70471ae5120b,8306,HAMILTON AVE + LASCHALL,40.456666,-79.906307,0
98d95e37-2280-468c-ba4a-7717086dcb96,8890,CENTRE AVE + DITHRIDGE,40.45158,-79.953205,0
98de1a98-7977-476e-909f-3f84a0634d92,10016,BROWNSVILLE RD + NOBLES LN,40.403958,-79.99023,0
990fb3d6-42eb-4015-b3cf-41e351c8640c,8080,JAMES ST + CAROTHERS,40.413136,-79.817791,0
9914784f-0030-4adf-a55a-c011158331f0,21572,SPENCER AVE + BEAU ST,40.387752,-79.976442,0
991708ba-77b0-45b2-a2be-ba364f8408bb,22728,CHURCH AVE AT DALZELL AVE,40.50914,-80.085108,0
99306adb-16b3-4719-a490-02721e0b3495,2191,BANK ST + WALNUT,40.537697,-80.185501,0
9934e883-f5d0-4882-97aa-5157590246d5,10010361,Evergreen + Hawthorne Rd,40.492049232,-79.973044083,0
99557e65-0f23-440d-b2dd-203fc2e64e3a,18781,MCCOY RD + EWING FS,40.480491,-80.089544,0
99629225-c64a-4319-b0e6-2127de912cce,20625,STATE ST + SHAW AVE,40.294733,-79.874654,0
9981da88-520c-4727-bc48-2197e79adf19,10957,MURRAY AVE + LILAC,40.423292,-79.928685,0
99881c9d-389e-473d-b400-8c08e19a5b5a,18593,MT CARMEL RD + VERNON,40.465749,-79.865584,0
998ab553-cd67-4180-b247-9b2810d2dd5b,202,BROWNS LN + ROSS PARK DR,40.545364,-80.01931,0
998e115e-06a2-45a6-922a-f259cef1abce,10010341,Babcock Blvd + Greenhill Rd,40.501798567,-79.983213147,0
99904a43-fac6-4a45-ac94-b78b7cd17e24,10010260,Jenny Lind St + Evans St,40.33854379,-79.850076414,0
9991fdd6-04c2-4c84-8a45-fbd29d1628cf,7285,SOUTH AVE + MILL,40.44075,-79.881726,0
99924b62-8fd8-4060-936d-95c582bb84fa,5407,NOBLESTOWN RD + IDLEWOOD,40.413247,-80.078008,0
999c0266-e9d8-4045-bbd6-2b8bb2cb382c,7725,LAKETON RD + DOUGLAS PLAZA APTS,40.454609,-79.85837,0
999e24c1-4a4b-44d0-9e5c-a6ae7a7a2e80,2658,S 18TH ST + #2620,40.420859,-79.985839,0
99a74c03-0d9f-44df-9bb7-338e1384f982,22634,GRAND AVE AT HUBERT ST (NEVILLE PARK-AND-RIDE),40.5131,-80.135114,0
99cd96df-7972-4473-ae61-b79c3f41c2bb,8810,LINCOLN AVE + LEMINGTON HOME DRVWY,40.470965,-79.892074,0
99d0b797-a391-4900-8ac6-717fcbb1ec54,2455,MT ROYAL BLVD + ROYALCOURT,40.542723,-79.972288,0
99df48db-f5a1-417a-8508-fe82a09c0d5b,20576,COAL VALLEY RD + JEFFERSON PHYSICAL THERAPY DRWY,40.322784,-79.930764,0
99e15705-1490-4e1e-90a3-9c9cac5dc88d,7785,ARDMORE BLVD AT AVE B - FOREST HILLS PARK AND RIDE,40.413048,-79.844834,0
99e28065-98ac-4fce-8fc2-df59a1cf79bd,14602,CENTER RD + HELMAR DR FS,40.452351,-79.761223,0
99e2c10c-6020-4c40-96d6-f97090e5ae6e,9647,HWY RT 51 + STEWART,40.378742,-79.993248,0
99faca41-6c8f-478c-a103-9996114eb66e,6420,BOWER HILL RD + SYLVANDELL,40.374384,-80.07371,0
9a089f2e-94a0-4288-9419-33156d1c89b7,6774,REPUBLIC ST + GREENLEAF,40.439066,-80.026417,0
9a10dbc1-ea36-46c4-8f74-eb30cc7b3144,21400,SPRING GARDEN AVE + LAGER ST,40.463988,-79.985931,0
9a181d2f-b436-4ed9-8270-6061db6aba34,3154,FIFTH AVE + PRIDE ST,40.438587,-79.984852,0
9a6304fa-3695-466c-a331-e21b78056853,200178,Tarentum Br Rd + Caldwell Ave,40.590345039,-79.751216932,0
9a67b057-7a99-453d-815c-46a9a5b99166,7353,ARDMORE BLVD + KENMORE,40.417437,-79.848662,0
9a6bf9fc-4ce8-4060-ba82-22882105aa78,8188,NEGLEY AVE + CORAL ST,40.46205075,-79.931654492,0
9a7a6045-908b-44f2-8e4c-0326761d2a6a,19731,KANE BLVD + OUR LADY OF GRACE,40.374043,-80.085023,0
9a849b5d-24b7-4265-833c-360ae32a387b,18326,CENTER ST + 7TH,40.600167789,-79.760570618,0
9a8ad68b-0580-4aa1-b8a9-5daa2d0ead81,11107,WHITAKER WAY + GRANT,40.399522,-79.886239,0
9a8d8934-ad03-435e-b1c0-3d1d71270aef,2524,CONNISTON AVE + CALLE,40.407689,-79.999328,0
9a97138b-0380-4bbe-b40d-6d4a878212de,1093,REMINGTON DR + REGENCY,40.556194,-80.007591,0
9a9ea52f-0488-464c-8742-180761611398,13502,OLD WM PENN HWY + BAYHILL DR,40.441859981,-79.749780386,0
9a9f4300-1e0e-40dd-8e54-9435a4323ce2,3268,HIGHLAND AVE + PENN,40.461233107,-79.924762158,0
9aad3257-b7bb-4eeb-ae0d-c5b14ccbafae,17587,ROSS PARK OUTER PARKING LOT + SHELTER,40.545666699,-80.006199326,0
9ad36952-a2e6-4970-8e5a-364f08a9f255,3602,STEUBENVILLE PIKE + WEST HILLS PLAZA,40.451543,-80.13158,0
9aeb0534-067f-4072-9537-65dac4ef4276,3576,HELEN ST + ELLA,40.474345,-80.057502,0
9af5beb7-0a70-4fa7-845f-f912eeb7c345,11716,GREENSPRINGS AVE + CYPRESS,40.393009,-79.886031,0
9af62ff5-cc8c-4826-81e6-0df93116ebd8,3332,MT ROYAL BLVD + DEHAVEN,40.551157,-79.971515,0
9af9595e-6a83-442c-8e63-f41373ae7e7f,3276,HIGHLAND AVE + WELLESLEY,40.472346,-79.919742,0
9b081ef6-0d07-40d7-ad20-531253ba6991,11077,MURRAY AVE + FORBES,40.438273,-79.923017,0
9b16b364-b724-46c3-ba78-780b5ef43203,22668,LEBANON CHURCH RD + CLOVERLEAF TOWERS,40.342654,-79.964652,0
9b2f776e-1866-4d90-8a47-122170398558,175,CEDAR AVE + PRESSLEY ST,40.451587,-80.001206,0
9b3e67b4-e449-4d79-813d-b0c2af0b105e,3305,FREEPORT RD + CENTER AVE,40.490011,-79.90552,0
9b3f69bb-a7c2-4750-9d62-6f13747b55ae,22001,EAST HILLS DR + #2220,40.45469,-79.872012,0
9b4336e6-0970-47a5-a16a-77944e2bf294,9219,COLUMBO ST + SCHENLEY,40.471602,-79.940106,0
9b4e21c5-5947-4d46-973d-a429b070f2c9,16842,MCKNIGHT RD + DUNCAN,40.568137575,-80.023811719,0
9b5a1dda-ea2b-482d-a050-f20f315ae649,20021,LONG RD + CLEMATIS,40.464959,-79.832637,0
9b5a5d8d-ede6-4b85-b75b-688dd9f81a8a,21187,LEBANON RD + NOBLE DR FS,40.361767,-79.932442,0
9b64455f-cc87-4e14-8200-657f77948e1d,7165,WOODSTOCK AVE + WOODSTOCK TERRACE,40.414847,-79.874385,0
9b661b14-03ce-407a-bf94-f27e7d721f16,20423,BROWNSVILLE RD + BRENTRIDGE AVE,40.367548,-79.978666,0
9b72bd77-6113-4360-8313-5c8b0b59290b,21379,PARKER ST + KOEHLER ST,40.494219,-79.958796,0
9b77b946-dc71-4501-ae5a-1957a3101ab9,14955,LONG RD + FRANKSTOWN,40.465565,-79.832209,0
9b7e45a9-f71a-4382-8fc3-6f4927d68fd5,13513,WM PENN HWY + RED LOBSTER,40.438052689,-79.775605714,0
9b851846-2166-49d4-91cf-a53b1adbf90f,7007,GEARING AVE + LAFFERTY,40.418334,-80.005373,0
9b8dc29c-3de4-4c4f-8f3f-8bed4e04f2b7,1855,SHADELAND AVE + #3475,40.479317,-80.034208,0
9b9226a3-a621-4fe8-95da-28990b59c9dc,22208,BUTLER ST + 40TH ST NS,40.468326709,-79.962671715,0
9b9909b9-dc3d-42c9-a894-948b14f22484,929,CENTER AVE + HAWTHORNE,40.516639,-80.022009,0
9b99b1f3-86c9-46e7-9cd6-28222b42d838,200251,Shady Ave + Howe St,40.454599051,-79.921849105,0
9ba55083-e910-4b06-b108-b60342c73468,22619,BELTZHOOVER AVE AT SYLVANIA AVE,40.417722,-79.997307,0
9bba82c4-35ff-42c1-9b00-255add9d572b,26,WEST OAKLAND PRTX STATION,40.437392513,-79.962559383,0
9bbd4e21-e524-4a26-886f-93c46e8b65a4,22876,MONROEVILLE BLVD AT OXFORD DR FS,40.430803042,-79.785234157,0
9bbf3dc3-c393-4557-8e66-1dd3c39193aa,21533,CHURCHVIEW AVE + JOHN ROMANUS DR,40.383515,-79.955537,0
9bc0a9eb-d78e-4839-a986-f194f556a8cf,14966,BUTLER ST + 56TH,40.484504,-79.947935,0
9bc88824-cf5c-4f36-80a9-5d912f6aa384,22357,BAKERSTOWN RD + BP ENTRANCE FS,40.667422,-79.711875,0
9bc9c802-9e7c-45cb-98cb-f5b29101b913,11266,WORTHINGTON AVE + 13TH,40.293595,-79.899508,0
9bd868fb-97ab-4dbe-86be-56be0b717898,10665,McCleary St + Freeland St,40.347234781,-79.838411181,0
9bdcaf07-d34d-42ce-a319-687db76bfaf5,2823,ITIN ST + HIGH,40.459740985,-79.994601505,0
9be3b041-c906-43aa-aff0-f6da7e16d234,5498,WASHINGTON PIKE + CHARTIERS VALLEY SC,40.365601,-80.108075,0
9be520d8-def9-47c0-8d50-31358ad34c26,5037,STEUBEN ST + STRATMORE FS,40.443131,-80.057816,0
9bef928d-cf5d-4c75-a6d4-e680b9c995a1,100016,Curry Hollow Center,40.336197888,-79.977154834,0
9bfc085b-5fb5-4b21-a268-50f35c1ac7ff,18667,DELWAR + APPLEBEES DRVWY,40.348939,-79.94765,0
9bffcf89-b2ce-4764-82ce-eb8fb99156e9,2324,ISLAND AVE + MCKEES ROCKS BRIDGE,40.473413,-80.062277,0
9c112a5e-db30-49f8-b53c-6d40f3637cf2,14857,LIBERTY AVE + CANOE WAY,40.463252,-79.955043,0
9c12e153-38ea-4798-bbdf-5e3aaaa602d5,7304,SCHOYER AVE + TONETTE,40.422535,-79.894821,0
9c24d3ee-b5a8-4c22-a387-4bebc91ba495,5809,LINDSAY RD + SWALLOW HILL,40.384605,-80.070679,0
9c2d06e5-b406-412e-9915-1be3249a2885,7812,ARDMORE BLVD + NEWPORT,40.425711,-79.861761,0
9c4c436b-9929-450f-bb8f-4d4bec19190b,22637,BOWER HILL RD AT BEDNERS FARM MARKET,40.361568,-80.089981,0
9c4d5a80-2ba2-423a-a9a0-fca865bb6b84,20048,TILBURY AVE + ALDERSON,40.427446,-79.918873,0
9c547792-e0ba-40ac-b999-743f3f920843,875,FEDERAL ST + HENDERSON,40.458763,-80.007621,0
9c54e4da-01ae-4287-81b2-1355d68b9c88,3119,ST CLAIR ST + CALLOWHILL,40.477651,-79.919868,0
9c5a28fe-d6f2-4831-9e00-d9a44a6aaeac,22404,W CARSON + BUSWAY RAMP FS,40.451017,-80.037035,0
9c5b5e77-d597-43d6-bf20-ac0dc67db96c,6285,BOWER HILL RD + MARLIN,40.385667,-80.050321,0
9c672ac8-e167-49e6-a917-44971b376f1c,7035,BESSEMER AVE + GRANDVIEW,40.395015,-79.839172,0
9c6e98a6-209b-4de8-8fd4-9e231fd17db3,7946,PENN AVE + BRITTANY APTS (#1717),40.443665,-79.865893,0
9c87a983-8a0a-4e5b-ac63-fdf74263573e,1091,REMINGTON DR + BINGAY,40.559422,-80.009994,0
9c8ef16b-73df-4986-a263-df5614ca333e,20442,WEYMAN RD + SOUTH PASSAGE DR,40.36256,-80.000389,0
9c9476cb-50f2-4142-abf2-d880fa67a7b5,8653,ALLEQUIPPA ST + SUTHERLAND DR FS,40.44437,-79.963742,0
9c9cc37e-f807-4053-ae1b-daba5e423dee,3424,FERGUSON RD + WYLAND,40.561745,-79.987548,0
9c9fe254-631f-4f22-b68e-1fae726fec00,6102,PIONEER AVE + STETSON,40.405731,-80.015063,0
9ca67e46-d0c3-47de-a4c9-bee3ec3483fe,17264,SIDNEY ST + S 27TH,40.427862,-79.966481,0
9cb379f2-881a-4ba1-9beb-a3be1c96a4a6,20040,UNIVERSAL RD + HAZEL RD FS,40.461235,-79.812906,0
9cbbdfd3-bec2-47a7-b4d7-0f534ef7da1c,22359,FREEPORT RD + ALTERMOOR DR,40.656057,-79.7075,0
9cbf7d66-d5a5-42dd-8825-f8e44cf8b47f,15084,WASHINGTON BLVD + NEGLEY RUN FS,40.470047,-79.908729,0
9ccace03-f122-4a58-91fa-9221fbd2ce15,1489,MERCHANT ST + 11TH,40.592676,-80.230367,0
9ccebf68-d27f-4151-afe6-204a4fb3682e,11776,KENNEDY AVE + WILMOT,40.368742,-79.854521,0
9cd73a70-c30c-488a-98bf-52f320cdf8e9,1301,CENTER AVE + PRINCETON AVE,40.518578,-80.04419,0
9cf9a5dc-46eb-4f43-a874-9b353a70d2b9,21116,HERBST RD + HERBST MANOR RD,40.491383,-80.119188,0
9cfebb11-4e54-4632-9e85-1f32c873c432,12053,LEBANON CHURCH RD + COUNTY AIRPORT ENT,40.350432,-79.92675,0
9d031aef-741e-4314-8d3b-a7d71e2335b9,1044,THOMPSON RUN RD + RADCLIFFE,40.517544,-79.993546,0
9d1615a5-7442-4c51-9b66-c0de1349e9ee,8898,CENTRE AVE + WATT,40.446503,-79.968435,0
9d1a2756-dc78-4cf5-86a0-7849bee6323b,14522,FRANKSTOWN RD + RODI RD FS,40.466628,-79.825881,0
9d6a8636-e0fa-4094-9337-39311e915dfd,2348,GRAND AVE + 4TH,40.510925,-80.127541,0
9d75d58a-2317-4ca3-8be1-5cfcc9793219,12638,7TH AVE + CENTER,40.599957403,-79.760549436,0
9d77d59d-34eb-402d-a2e9-eeba80eaeb7e,21239,GREENSBURG PIKE + KLINE AVE FS,40.397816,-79.821085,0
9d7d0567-7d20-456d-92af-56edf54b269d,7246,MONONGAHELA AVE + CHURCH,40.421986,-79.890516,0
9d806adf-c96e-4185-a4cb-f734911c0747,5469,NOBLESTOWN RD + POPLAR,40.428149,-80.053674,0
9d808b6f-a388-41ac-8642-a7754c3b1a71,5736,GREENTREE RD + MANILLA,40.418648,-80.045868,0
9d80d031-bba1-4ee0-92cd-d4754db8ecfb,13585,WM PENN HWY + NOTTINGHAM,40.438214,-79.830701,0
9d901f39-fbab-4d2c-94ef-2b79fef80dfc,16606,2ND ST + HAMILTON,40.375027,-79.848608,0
9d9345cb-0a75-44ef-a743-ff26e3ae2dba,4227,MIDDLETOWN RD + #3205,40.450797,-80.066925,0
9d9d6874-9cb5-4b88-8417-2b99d449c6b4,6743,SOUTHERN AVE + LELIA,40.421778,-80.012557,0
9d9e779c-f9bb-4265-83e9-e74756b9bdac,21377,EVERGREEN AVE + FRANKLIN ST,40.490176,-79.971767,0
9da628f4-17ef-4d19-bee4-b52c5a7c4ed6,1193,LIBERTY AVE + PEARL,40.462088,-79.949752,0
9db2bea2-ad99-4fff-a7ff-3848ac577481,2675,KNOX AVE + ROCHELLE,40.415178,-79.990587,0
9db6f7fe-48f1-403b-8940-3ec6a3a38f97,9,STEEL PLAZA STATION,40.439905038,-79.995106637,0
9db9b78e-2e3b-4c5e-aa40-d8e0b975b35f,1954,CALIFORNIA AVE + TERMON AVE,40.481598267,-80.041461239,0
9dc36ffc-a3a3-4758-8d81-bb66db5c88f1,21198,WASHINGTON AVE + STATION ST NS,40.358059,-80.112371,0
9dcb8a10-932d-485b-bf35-f74841177698,18176,KENNYWOOD BLVD + GLENCAIRN FS,40.389083,-79.867784,0
9dcdb1dc-3bbc-4eb5-bf8f-5699e52ff138,99,MEMORIAL HALL STATION,40.366474,-80.01672,0
9dd30881-7000-4b84-b1c3-452881013cf5,2249,STANHOPE ST + W CARSON,40.464189,-80.053738,0
9dd340b0-949b-4eb7-a3a4-4093db6c48be,23067,RICHLAND AVE AT 5TH STREET,40.350095,-79.893996,0
9ddbb62d-d5ba-494a-806b-e3fbf8390259,5045,SUMMIT PARK DR + #20,40.452926,-80.193532,0
9dde6714-22ff-430b-b1f5-5d40b6e57302,21277,LIBERTY AVE + 29TH ST,40.457484,-79.973307,0
9de63ef1-da6d-430a-93b4-5144fabff20b,11748,GREENSPRINGS AVE + HIGH,40.387889,-79.880924,0
9dedd39c-d2fa-4d6c-9fc7-e1e60db24fa5,19910,CORBETT DR + CORBETT TOWERS,40.548021,-80.020099,0
9e00e098-d5d0-47ea-927f-03ef90a7f4bc,10010215,Broadview Blvd + Harrison Hi-Rise,40.625907187,-79.721804907,0
9e0b1532-7491-48da-bfd2-263ec0be3c0b,8405,WARDSONS RD + WILTSIE,40.472498,-79.896703,0
9e0e20c3-74df-4fe6-a301-2d58b7d43447,1637,CHURCH AVE + FOREST,40.508149,-80.082591,0
9e1caca3-9ba7-4fd3-a302-d9552ef4f2cb,14191,UNIVERSAL RD + COLLINS,40.461216,-79.812707,0
9e1f069c-e594-46a7-880c-30f68bd11a83,7012,GEARING AVE + CHALFONT,40.416665,-80.004943,0
9e2a975a-623b-4e56-bf89-48444b918e64,9704,HWY RT 51 + GREENLEE,40.375346,-79.983158,0
9e339558-43ce-44c7-9213-3e539723eab7,100058,Wyngate Dr + Belmont Blvd,40.431571261,-79.779003088,0
9e3696cd-113d-4282-8ec7-f875b8a1fe9f,9853,ST CLAIR AVE + STATE,40.292371,-79.875625,0
9e39c592-cf3c-4f5a-bac9-a204e07bc2f7,409,PEEBLES RD + DUNCAN AVE FS,40.5671,-80.007243,0
9e3ca62e-7245-4f04-b8c8-837375c40adb,12081,IRVINE ST + TULLYMET,40.414518,-79.945884,0
9e440a0f-aabe-4b0e-bd52-1fe00f15398c,6729,BELTZHOOVER AVE + KATHLEEN,40.425692,-79.997492,0
9e484068-f707-4702-a2b8-c333c0f5b845,8291,WOOD ST + HOLMES,40.446995,-79.883496,0
9e560c2c-df9d-4ca0-be2a-c5fae06a31a6,8258,ELLSWORTH AVE + MOREWOOD,40.450821,-79.943188,0
9e6e03c1-c48d-41cd-a226-9af19e96b508,7218,MONONGAHELA AVE + WASHINGTON,40.419829,-79.889063,0
9e7cb2ac-c7b1-4200-acf6-797068da9c3b,7190,LINDEN AVE + SR CITIZEN APTS,40.398744,-79.836523,0
9e7db364-5852-48b7-8fd0-b5aa5e6c60b6,21539,CHURCHVIEW AVE + WAIDLER AVE,40.384855,-79.974002,0
9e8137cc-4cae-45db-9c97-e9395d75f69f,12659,4TH AVE + 7TH,40.56259,-79.765741,0
9e826dd5-33a9-43c1-b654-1820881cead8,21025,LEBANON CHURCH RD + PGH-MCKSPT BLVD,40.355968,-79.89945,0
9e8951e6-2c08-4727-8626-a666e73e3c6d,100094,Newport Dr + Duff Rd,40.452561851,-79.826300159,0
9e8aaf46-1ab6-49b8-bce5-18c5bfa66609,100114,Morgan St + Brackenridge Ave,40.604610772,-79.739317415,0
9e91be4a-bb30-4d4d-8d1b-5af509c87898,4672,COCHRAN RD + ALTOONA,40.383011,-80.052547,0
9e951a43-d8e3-418c-aca3-0ffcecf6ef00,7074,EDGEWOOD AVE + MAPLE,40.432843,-79.884685,0
9e963a9c-0f5c-4c3e-a01d-294114879d1d,3210,FREEPORT RD + ORIGINAL MATRESS FACTORY,40.492023,-79.909084,0
9e990aa6-0976-4519-864e-01b7f48e0ff3,8809,LINCOLN AVE + JOSHUA,40.47043,-79.892873,0
9ea1c66e-e1bd-46e3-af36-2978906f6fa7,4194,ALLENDALE ST + MOYER,40.45819,-80.063963,0
9ead5b0c-cd60-43bf-9e38-7e8303cb503d,4193,ALLENDALE ST + STANHOPE,40.457071,-80.062803,0
9eb4f215-93ac-4a3b-9127-5203c4f5a157,7323,SAVANNAH AVE + WHITNEY,40.43631,-79.893772,0
9eba043f-6d78-4325-b864-3d6954dae24e,21154,EDGEWOOD AVE + ELM ST FS,40.431744,-79.884461,0
9ec61b04-1630-4070-99f1-017ee5fc20bc,11966,ELIZA ST + FRANK (#3932),40.391949,-79.877396,0
9ecc74cb-eb4c-4a81-b3fd-fe9f6a502e29,9201,OAKWOOD ST + TIOGA,40.449361,-79.884202,0
9ed4e3cb-f0a2-449f-b394-6c6c3a3b4e3c,11134,LINCOLN HWY + DIX,40.369168,-79.782561,0
9edc0b00-4850-483e-b1bf-07852309d4bd,9103,FRANKSTOWN RD + #8881,40.460927,-79.872337,0
9edd5fd4-2fbd-456c-a2ff-feea2545854b,9136,FRANKSTOWN AVE + BENNETT ST FS,40.458086,-79.903669,0
9ee92b83-4ad7-431c-9220-6542053932d5,20790,FOREST AVE + 6TH ST,40.386826,-79.757629,0
9ee9dfb8-1823-4240-9e68-0c70fc1d8cc8,7211,RANKIN BLVD + BLDG #5,40.413062,-79.883043,0
9ef2b182-2c9f-4733-9fa6-84fbccd6c9fb,20522,LEWIS RUN RD + HWY 51 FS,40.321465,-79.941703,0
9ef4785c-c6c7-41fa-bbfa-da9bfa7ba7e0,18294,OHIO RIVER BLVD + CAMP HORNE NS,40.510241,-80.094071,0
9ef52fcc-543a-4032-86fd-119b0c25a6d3,18897,BRYN MAWR RD + IOWA,40.451388,-79.957049,0
9efdf185-fbb4-4724-8fab-633eb35c380b,21170,CHARTIERS AVE + WARFLE ST,40.458813,-80.076903,0
9f02f513-c1e6-4273-aaff-b35212c8ae76,68,SMITH ROAD,40.356835,-80.029261,0
9f136969-19ec-4e15-9c83-cd2ebfdec0be,20656,10TH AVE + ORMOND ST,40.608356,-79.750534,0
9f14e352-039f-4b57-9809-120d7e8ff838,12159,BALDWIN ST + GLASS RUN,40.389287,-79.932646,0
9f1736b8-dbbc-4302-98e9-3c7ade9e16a0,8,RIDGE AVE + GALVESTON,40.450237,-80.015516,0
9f1ac293-21ae-4fe8-8288-285ecc944aeb,2646,E CARSON ST + 21ST ST,40.428559,-79.976071,0
9f2311dc-a04e-4e53-92a2-6b65ab195191,20552,MONONGAHELA AVE + 3RD ST,40.330718,-79.892494,0
9f29c37a-1a1e-405a-a6e8-68d928bf425f,3513,FAIRHAVEN RD + KENMAWR PLAZA ENTRANCE (SHELTER),40.474821,-80.099333,0
9f33d5b1-2d4a-4346-af53-735d5adc6cd2,3432,CORAOPOLIS RD + EHLE AVE,40.487941,-80.10699,0
9f38eebe-430a-41b0-aebe-c1ea41f6b4ff,20988,BIGELOW ST + HAZELWOOD,40.41966,-79.934074,0
9f4c9217-ede3-482b-b16a-3e8b2f2a28d2,11065,HAZELWOOD AVE + GREENFIELD AVE,40.419798264,-79.928986909,0
9f517c7e-70b2-4d51-a2dd-efcd08542078,20830,MCKNIGHT RD + SEIBERT RD,40.530443,-80.009582,0
9f577fa8-6292-441f-aaff-0323f66564e8,7233,FORBES AVE + BRADDOCK FS,40.439692,-79.898376,0
9f5d77f4-04bf-4161-8c62-ca152b741abf,14687,UNIVERSAL RD + AUSTIN,40.475244,-79.786634,0
9f6bb325-bf8b-4618-b13a-884456ed9a98,20367,TILDEN ST + SILVERTON ST,40.463481,-79.891882,0
9f6ffeaf-bd60-4d60-9bde-a0058be97192,11143,LINCOLN HWY + 3RD,40.37939,-79.806872,0
9f70a4b2-3b35-48f1-ae98-1f9f45efd744,13576,HWY RT 286 + PROFESSIONAL CENTER,40.435577,-79.713989,0
9f78609c-0b02-4dc7-a76c-4bc8fe1dad6b,10197,HWY RT 885 + SPARTZ DR,40.328124,-79.931677,0
9f7dbb17-6578-46c8-a73b-9d59792f27a3,4877,ARLINGTON AVE + S 18TH,40.417582,-79.986232,0
9f80d78c-d48f-43d2-a6fb-e631109a7aad,19151,HULTON RD + FRANKLIN,40.52206,-79.810915,0
9f811195-7620-46a8-8e39-a6050450c9c6,2764,RIALTO ST + WICKLINES,40.467267,-79.982885,0
9f82fb71-3b1f-4f21-8426-a3e1f6d6f2d6,22777,VERONA RD + PELONE DR (VERONA ESTATES),40.488362,-79.836905,0
9f8c0f1b-e68d-4975-9109-982c8e00dcf7,4133,CHARTIERS AVE + MARLOW,40.443095,-80.03965,0
9fa11440-a67b-4959-bdfe-fb506283680c,7948,PENN AVE + AMBASSADOR APTS,40.442679,-79.867678,0
9fa253fe-1e9b-4d9a-b85e-11f34b9b767d,13518,WM PENN HWY + RODI FS,40.438528031,-79.830779711,0
9fa78b79-51af-4835-b337-c21075f0025d,20849,MONONGAHELA BLVD + #1224,40.405892,-79.886232,0
9fa9e229-3467-48f3-a750-8b98e307d32a,6862,PROVOST RD + FRANK,40.368388,-79.994191,0
9fb1f879-ee18-4322-b725-1411d3488b94,99979,BETHEL VILLAGE,40.343744,-80.046747,0
9fb74903-b24f-47c6-b106-ee1c40fa04b8,18341,PITTSBURGH ST + MURRAY HILL FS,40.540986,-79.795585,0
9fb97cb7-04e1-4e6f-83de-e0112f256c74,9246,COLUMBO ST + PACIFIC AVE,40.469095,-79.939239,0
9fba3286-392f-4f77-889b-71980efd1968,170,EAST ST + LAREDA ST,40.462822,-79.998985,0
9fbedbef-b458-4838-adde-b02289bbfcb1,20068,UPLAND ST + STERRETT ST STEPS NS,40.461463,-79.892169,0
9fc32999-566b-4927-8f5b-ccfc3eca97d9,13620,BEATTY RD + BRUNNER DR,40.451696996,-79.755317592,0
9fc4ad3c-1399-4250-9247-b1da0039cd4a,22029,PENN AVE + 45TH ST,40.466226,-79.951797,0
9fc51285-67bb-4623-8924-f4974c91a3d5,1159,LIBERTY AVE + BAUM,40.456711,-79.939926,0
9fcbcb69-6abf-4b31-867e-826c137dc27d,5950,WASHINGTON RD + SHADY DR,40.383111051,-80.043787135,0
9fd86e8b-b83a-47f1-a816-ee58bde6fa24,18453,JOHNSTON AVE + SECOND FS,40.406135,-79.942619,0
9fe70c4d-d8de-4e48-93d3-a0afb63c7552,251,MCKNIGHT RD + MCINTYRE RD,40.550342,-80.019084,0
9fe7cbfd-c34f-42f2-95c8-ba7d4e122363,10010387,Perry Hwy + West View Business Dist,40.52013601,-80.032810163,0
9fea74a2-c32b-4e69-a74a-050d94d8480b,2413,BUTLER ST + 35TH,40.464453,-79.965909,0
a00e3a92-7854-4ffa-a1bc-c8e01337aea2,10010259,Jenny Lind St + Federal St,40.339101853,-79.851982175,0
a0236f88-adc6-45ba-8112-34551b821f11,10376,WALNUT ST + 26TH,40.333973,-79.848666,0
a0293c4b-75ad-46f5-9089-b5416a32240a,1114,THOMPSON RUN RD + SUNSET,40.532173,-79.990227,0
a0349fd3-1c63-44d6-990a-d8eac7504a00,16650,CLEVER RD + FIELD CLUB,40.4688,-80.126358,0
a03a947d-ca43-41ca-a77e-3b62edd62892,4156,BERRY ST + SCOTIA,40.4484,-80.067762,0
a04c1924-24b7-45b2-9d11-3a6b0292545d,18643,WILSON ST + CHARLES,40.46895,-80.01418,0
a04e570e-7f9f-491f-b2e5-0ef0e8344197,10922,MURRAY AVE + HOBART,40.433577,-79.922917,0
a05b5a83-c701-4290-86b5-a8591f98b77f,6438,BOWER HILL RD + ROCKHILL,40.366837,-80.086314,0
a06859fa-c1ba-410b-ba3b-1b285616b3f8,9010,BEDFORD AVE + SOMERS ST,40.449069,-79.976469,0
a069b714-ae50-4b9e-8961-223bde3988ce,19792,FRANKSTOWN RD + CRESTVIEW DR,40.479868,-79.822493,0
a06baa84-f644-4d65-a4b4-06af88cae476,8772,CENTRE AVE + MORGAN,40.447552,-79.966764,0
a0760848-c47f-4e7d-9788-5f853d2f1897,21615,HARTMAN ST + ONEIL BLVD,40.347764,-79.832699,0
a07933ab-f8fc-427c-b6c5-463d3a39ff20,8513,WINTERBURN AVE + FARNSWORTH,40.423122,-79.939797,0
a07f7f20-bd34-40ed-805c-99262fc0f8b8,1425,OHIO RIVER BLVD + SPRING AVE (STEPS),40.488865,-80.057664,0
a0871f3e-2f53-4051-9b56-8e4c582f8707,2695,IVORY AVE + NELSON RUN,40.496621,-80.014573,0
a094011e-3fe8-42e3-9bd3-0327ce9beaa5,14671,SALTSBURG RD + STOTLER RD,40.482986,-79.809785,0
a094be32-af9a-4d73-a414-155e17ccdddd,1351,BEAVER RD + CHURCH,40.556293085,-80.197058236,0
a0a02fa9-e11d-4254-ae51-9c7f937f9e4c,16121,EAST BUSWAY + NEGLEY STATION D,40.456705,-79.932622,0
a0a913a9-82ac-4cbf-8c0d-e3921a6d05dc,9427,PROSPECT RD + ABBOTT,40.364069,-79.973079,0
a0c58aad-c22d-47a0-b929-350bb562e7c5,6454,BANK ST + WINFIELD,40.350434,-80.104948,0
a0d22696-cd2a-49f9-9108-e32eb60d08d7,21253,ZUPANCIC DR + HURL,40.321026,-79.983325,0
a0e21a75-37ba-40e5-8b3d-381f419f001f,3459,MCCOY RD + #1044,40.476633,-80.09678,0
a107ae22-25d0-4f17-91a4-1634f14161b6,20088,ROBINSON BLVD + FRANKSTOWN FS,40.460748,-79.866485,0
a11355cf-8cfe-4fc9-a065-4f165f66ea37,3496,MCCOY RD + WARBLER,40.480464,-80.09092,0
a1152d51-4ff5-492f-a922-8f512d8c0250,2845,RHINE ST + ITIN FS,40.462896,-79.991054,0
a1181ba7-d4e0-4cd3-92f1-747fbd30af5d,20584,EAST PITTSBURGH-MCKEESPORT BLVD + AULT ST,40.364455,-79.829314,0
a11ac907-e1dd-4dde-9965-000f42039ee9,17736,MAIN + 22ND,40.397711,-79.901554,0
a12112ea-dc57-46ed-820a-fa2aed0f6123,9414,HWY RT 51 + CLOVERLEAF TOWERS,40.34199,-79.966174,0
a12347df-f85f-4e4e-8b79-b0422360e83a,9350,CHISLETT ST + MARTHA,40.484272,-79.927122,0
a155a084-a0df-42a7-af82-07a13c71e606,20880,HAZELWOOD AVE + GIDDINGS ST,40.414554,-79.9393,0
a15a0500-87df-4e2e-a66c-9232959d4b7d,10010495,WM PENN HWY + BEULAH RD,40.446000186,-79.84817142,0
a1628b78-1486-4411-b10f-cbdeff178506,8630,KIRKPATRICK ST + CENTRE FS,40.445085,-79.976144,0
a16f5e92-af43-47b2-9855-38cbadcc744d,17426,JEFFERSON DR + COMMUNITY CENTER,40.480002,-80.076496,0
a16f7ad1-d3c2-419f-8bcd-ae5143f82edb,22733,CENTER AVE AT MILLER AVE,40.513187,-80.09357,0
a172ff6f-064c-4361-bd53-b2638d19e6b4,4099,CHARTIERS AVE + HILLSBORO,40.453375,-80.05485,0
a177b156-05da-485a-a428-e6a94d770726,7681,WILKINS AVE + MURRAY,40.443911994,-79.924156912,0
a19a5e4f-2412-4710-9886-9df11b054e6a,7050,HAWKINS AVE + #509,40.408253,-79.865457,0
a1a7a7b2-bf1b-49a3-b1b9-52bf41c5b47a,100085,Wyngate Dr + Anderson Ln,40.433366654,-79.782226969,0
a1af98b1-f756-4a1b-8ab5-3eb07a6d281b,8012,POCUSSETT ST + WIGHTMAN,40.429316,-79.927243,0
a1b35aa9-7418-425a-b67e-e7f0fd8ffc03,18732,WEST BUSWAY + BELL STATION STOP B,40.415637,-80.082887,0
a1b4e56b-6aa5-4b74-b1b0-460aff3002b8,15495,LARGE PARK AND RIDE INBOUND PL,40.29324,-79.91095,0
a1c024f3-a1fe-42c2-a745-4662ab954d6e,9974,LEBANON CHURCH RD + PLEASANT HILLS BLVD,40.344937,-79.961113,0
a1c660a0-f07b-4dc5-9a88-955b4995946c,22861,CHERRINGTON PKWY AT CORAOPOLIS HEIGHTS RD,40.49816,-80.207348,0
a1c68705-4e2b-43dd-8502-bbedb94f392e,20717,MURRAY AVE + WILKINS AVE FS,40.443606,-79.923839,0
a1d083c6-7591-499a-8b6d-102801771c89,21361,FREEPORT RD + POWERS RUN,40.507276,-79.851597,0
a1dd41bf-89d3-4646-a9a1-fcdff0087801,18598,BEATTY ST + BAUM,40.459990956,-79.927760885,0
a1ddec2b-a822-4f20-b1a5-be4da4b920df,6406,WEST LIBERTY AVE + BELLE ISLE,40.400392,-80.023626,0
a1ece7c9-e6bb-45de-95d0-348378b8ad42,1083,HEMLOCK DR + SAMPLE FS,40.576425,-79.978994,0
a20281ec-5eb6-45e6-9c23-d670bb90b363,9899,5TH AVE + PIRL,40.353135,-79.844256,0
a2196584-cd78-41da-a987-72a845e93634,14950,LONG RD + ROSEWOOD,40.454351,-79.83749,0
a21e6bf5-eb05-46b1-b45c-db4824eab143,9268,STANTON AVE + 52ND,40.477516,-79.950501,0
a258956e-633c-4a0c-9605-0672f23dd54f,1464,BEAVER RD + MEADOW FS,40.546983,-80.189306,0
a25e0a9d-aa26-4d1a-a37b-f638f0985c63,1048,THOMPSON RUN RD + LOIRE VALLEY,40.524227,-79.988714,0
a27d9db7-a3f4-4430-9891-7ba4c4e65b62,22669,CORNELL AVE + #1718,40.511979,-80.045263,0
a2849052-a0d3-4565-8b45-288dc4347e7b,1710,MANHATTAN ST + PENNSYLVANIA,40.454158,-80.026397,0
a28e4ddb-67c0-4088-80be-0b6bfc37842f,10010377,Lock St + E 1st Ave,40.600033983,-79.752852606,0
a2a71189-5777-4676-9ba7-42623c6b6c9d,9212,ATLANTIC AVE + BROAD,40.465744,-79.93824,0
a2b18be3-7a2c-45af-b91f-51330b2347fa,10010427,McFarland Rd + Dell Ave,40.391375232,-80.044538352,0
a2b3969b-9f56-4fc6-aa0b-5060e65c0d8d,1728,PENNSYLVANIA AVE + SEDGEWICK,40.454844,-80.022223,0
a2b84085-44e2-49ce-9d15-9fec64dbed4a,11638,MAIN ST + E JAMES,40.391523,-79.90045,0
a2c0ef8a-c543-47de-9446-5c9c8860ddef,20535,HWY RT 885 + WALL RD,40.307031,-79.90434,0
a2c5d98c-42ef-499a-9a5f-7da49de52930,5931,OXFORD DR + GIANT EAGLE,40.346526,-80.04856,0
a2d432cb-5654-4acc-9412-5d27fa6f3d43,20940,ISLAND AVE + CHARTIERS NS (MARY),40.465943,-80.060861,0
a2dee2cf-87a0-4b47-92c1-d893ae8e5ef9,3344,MT ROYAL BLVD + MOREWOOD,40.534672,-79.969782,0
a2e477cc-b790-4c28-83a5-63cbc30a1f4a,18152,40TH + GOVERNMENT WAY STEPS,40.465577,-79.958451,0
a2ebf2d8-5339-4e19-ad95-fdcd171aa8a5,19312,BOGGS AVE + DEWITT FS,40.424238,-80.009206,0
a2edd237-01d3-491a-979c-da8070e163df,15279,WEST BUSWAY + CRAFTON STATION C,40.435745,-80.067571,0
a2eef954-c4dd-43b4-a47f-b65ca3ebcc7a,22670,CORNELL AVE + #1719,40.511982,-80.045118,0
a2f6bdcd-c6b9-4a18-90b2-7ed5f3281f15,22128,BUTLER ST + 36TH ST,40.465479,-79.96531,0
a2fafdf9-8a90-4791-a12a-f41541b93480,880,PERRYSVILLE AVE + #1923,40.461598,-80.013489,0
a3035cd2-681a-41c0-b9ee-902b3e8c3db3,2341,GRAND AVE + NEVILLE RECYCLING,40.507125,-80.109008,0
a30756be-6152-4d77-b631-85f9718b87ad,1314,FOREST AVE + BALPH AVE,40.499997,-80.052596,0
a30ac50e-933f-4f65-a720-87e206473a9f,2677,CHARLES ST + GRIMES FS,40.416543,-79.993188,0
a30b8dc9-9a84-40a7-b195-a2a46b2a26ec,14796,SALTSBURG RD + PIERSON RUN RD FS,40.477062,-79.759684,0
a319012c-1bd2-4748-ad5f-8f8e28974221,1129,HEMLOCK DR + #4424,40.578812,-79.980765,0
a331f485-a34d-4e26-8a49-9b4924fb2985,7432,ARDMORE BLVD + CENTURION DR,40.422156,-79.854122,0
a336f6fc-8578-41e5-94d1-f19779ff0e5f,7997,DARLINGTON RD + BEACON,40.436193,-79.913774,0
a346b513-21ee-48df-ad9f-759279af26c6,19710,STEUBEN ST + DEXTER,40.442281,-80.050637,0
a34bfc35-fb02-43f1-95f8-409e326b0b58,16595,E 4TH AVE + BOYD,40.600704,-79.756126,0
a34d3aa3-1a0f-4b5f-ab7f-59f2d2b1c1ba,22296,LIBERTY AVE + MARKET ST,40.441802,-80.002082,0
a3519a3a-958d-4122-b6a6-3bee71d365c4,6989,CLIMAX ST + BELTZHOOVER,40.419974,-79.997475,0
a35c4181-f272-461c-b83b-35fe792438d6,8840,CHASKE ST + BRAMBLE,40.474346,-79.866036,0
a3718bb3-2fae-4d4d-b930-797667d4fb3e,1815,CHARLES ST + KIMBERLIN,40.469781,-80.013966,0
a372b91a-d3e8-4f46-938d-295c2e006c07,22367,ALPHA DR W + ANCHOR DR NB,40.539374972,-79.835137128,0
a3898b63-3239-4d67-a4a7-df01f2bdf6b2,7321,HUTCHINSON AVE + SAVANNAH,40.433611,-79.892198,0
a39038d5-1d0e-4988-a27d-d022fe18800f,8283,TRENTON AVE + PENN FS,40.445483,-79.891593,0
a3905eeb-d088-4dcb-9f52-27286654a540,21625,E CARSON ST + S 28TH ST,40.426238,-79.965605,0
a3923e6f-1120-4724-a0ad-a3b89dbe8dba,17277,SHADY AVE + HOBART,40.434362,-79.91871,0
a39c54e3-7e76-4434-9600-8a45892766f9,19125,BAKER ST + BUTLER,40.487453,-79.920154,0
a3a60eb5-8d14-4a1a-a283-0bb1beb0686b,14967,BUTLER ST + 51ST (STANTON),40.478538554,-79.955627015,0
a3bb02fc-98d4-4cdc-a6ea-eeaafa8d676c,19626,SUMMIT PARK DR + PARK LANE #1,40.450919,-80.187164,0
a3bdbc28-5dbb-4610-8e5d-1cd1c304c835,8254,ELLSWORTH AVE + CLYDE,40.448918,-79.946762,0
a3c20e0c-3d4b-4583-b8c3-73203de756a6,19798,UNITY TRESTLE RD + UNIVERSAL RD,40.490452,-79.783371,0
a3c3ac79-9186-4cb8-81be-a1f7831f1a3e,11685,KENNEDY AVE + PETER,40.367585,-79.855851,0
a3d562fe-280b-4bf3-9d95-b03833d9c93c,3255,FIFTH AVE + S AIKEN,40.448296,-79.934387,0
a3e32401-cbed-4ca8-8472-7fbc1524131f,14228,UNIVERSAL RD + STOTLER,40.460592,-79.804698,0
a3e784b8-1a69-4fac-ae27-eb924d10691e,1717,BRIGHTON + GIANT EAGLE LOWER LOT,40.48967,-80.044536,0
a3f674df-15a2-4a3a-a436-66334a7a00b0,17235,JEFFERS ST + #1330,40.453006,-80.065562,0
a3fc713b-8bb4-4195-9146-1667ed74b62b,2579,MILLVALE AVE + YEW,40.457884,-79.947347,0
a3fd92c5-78e4-431a-b0bb-d2c352cfe6b9,19353,PENNSYLVANIA + BRIGHTON FS,40.456085,-80.015779,0
a3fe788c-8df8-4e77-a15e-aa49ffcf76c7,10010462,O'Hara St + Bigelow Blvd,40.445573737,-79.956462273,0
a4132f7a-1d32-47ce-8d68-53e626d092c3,5392,WASHINGTON PIKE + MAYER,40.365906,-80.107231,0
a41b37f2-eb22-41a3-bd96-eea6ed73f879,12073,JOHNSTON AVE + GERTRUDE,40.406575,-79.941279,0
a41b954e-f8c9-45b2-9f7e-c4e8ffc3bc2f,2727,MT TROY RD + HIGHLAND (#1287),40.470804,-79.982467,0
a42ca891-75ee-4f97-a42e-0147392d349f,18764,STANHOPE ST + CHARTIERS FS (SUNOCO),40.463508,-80.056286,0
a43394de-770b-473a-91fd-cd57d7cbb986,12596,FREEPORT RD + S OAK HILL RD,40.488762,-79.877214,0
a4341a21-c425-47a1-a42a-56dedd657f77,2629,MILLVALE AVE + BAUM,40.454496,-79.947768,0
a43a1199-7410-4e0d-aa0b-92a45cce536b,19409,EDGEWOOD AVE + BRADDOCK NS,40.423629,-79.886339,0
a43ebacd-9caf-4ffc-bdc2-6201bee9c4c1,96,KILLARNEY,40.373925,-80.00777,0
a4425154-1ba2-4c8b-a79e-97be3f4bfa3d,22361,BAKERSTOWN RD + #1 COCHRAN DRVWY FS,40.66703,-79.706479,0
a4452664-aaef-422d-99a5-71376f1150f9,5897,LINDSAY RD + #601,40.383129,-80.08271,0
a446b563-0c04-4073-bcfb-223463bf5d9f,4265,MIDDLETOWN RD + MUTUAL,40.450245,-80.065281,0
a47fea6f-2cdf-49e2-a082-d22baa5cce79,20106,40TH ST + DAVIDSON ST FS,40.467651,-79.96094,0
a4816b03-03ca-4e33-9108-32b7d8b66ab5,2789,MT TROY RD + MT TROY EXT,40.495739,-80.000345,0
a494c973-4b4f-4b3c-b29b-fec3cfcd7c1c,11652,ANN ST + 10TH AVE,40.406530739,-79.908217529,0
a4a2fd22-21ee-4960-b589-f74a09ddec3a,10962,8TH AVE + AMITY FS,40.407135,-79.910571,0
a4ab604e-e4a7-476c-a36e-2fa936c3c020,11205,WORTHINGTON AVE + ONEIDA,40.294604,-79.905487,0
a4b103cb-cffa-4392-9e43-7a926b7fbfcd,1452,BEAVER ST + OSBORNE,40.533083,-80.171872,0
a4b2d97f-cd6a-405d-8e16-115f78f36c4e,8473,REYNOLDS ST + LANG,40.447238,-79.905533,0
a4b964d0-1381-4f01-a85b-e74e0a57a40c,20906,LEBANON RD + SOUTH HILLS INDUSTRIAL PARK,40.359182,-79.934128,0
a4bda942-08e3-4651-b9c5-91d6c325cac4,562,PERRY HWY + MCDONALDS,40.517924,-80.029064,0
a4be066f-1d72-467f-9145-9ed749ebb5b2,8443,LEMINGTON AVE + WESTMORELAND,40.466966,-79.893436,0
a4c07173-6b19-431d-9ee9-6a61828e0ce7,10010492,Blvd of the Allies + Cherry Way,40.43744168,-79.999585672,0
a4ce5dea-c98c-4f69-bf2f-4d5e3cf7187c,1945,CALIFORNIA AVE + BOSTON ST,40.469385,-80.035698,0
a4d8a158-38e0-46f1-8672-8a6f2d3bac63,12146,SECOND AVE + VESPUCIUS,40.401689,-79.940663,0
a4d9afd5-dde5-4557-95c5-3fbda9e7a200,6250,BOWER HILL RD + #736,40.358621,-80.103978,0
a4ee3434-2968-4d6b-bf2f-e9dc9be11cba,19997,LIBERTY AVE + OSCOLA ST,40.457931,-79.94221,0
a4f4ef7c-3eaf-43ce-b77f-472fb9e59f68,20363,TILDEN ST + #7110,40.464796,-79.89498,0
a4f5c10b-9d08-481a-bcfe-4dcdcc424023,6403,WEST LIBERTY AVE + CURRANHILL,40.405405,-80.018885,0
a544e305-60c7-4b6d-8b33-32bea84b9965,9380,BROWNSVILLE RD + SANKEY AVE,40.384114,-79.977546,0
a54715f0-0fba-4de7-9c3a-9f3ca1bf73d5,2848,RHINE ST + BUENTE,40.466159,-79.992991,0
a55bec80-221c-4b70-8988-d444eca42a3d,19,BROADWAY AVE AT HAMPSHIRE,40.410367,-80.024636,0
a564993a-c862-41ca-a55f-b48e3d07c8c8,7000,BELTZHOOVER AVE + CLIMAX,40.420122,-79.997403,0
a5661e57-23c8-4d93-b816-377b02cd83c5,9252,AIKEN AVE + ROSETTA,40.467076,-79.935038,0
a56d6344-cbda-4ac1-acb0-8159ed71f779,21578,CHURCHVIEW AVE + VILLAGE DR,40.386018,-79.962275,0
a57fb21a-e78d-4ffd-8736-12f381ace635,973,RISING MAIN AVE + LANARK,40.463748,-80.005344,0
a580a7a3-11da-4fdb-85a1-9757499337a6,1175,FIFTH AVE + NEVILLE ST,40.447024,-79.947427,0
a580dea9-9cf9-4cbc-a7a8-1a0fef915d5e,322,MCKNIGHT RD + ARCADIA DR,40.576656,-80.026146,0
a582bcf0-4677-49b5-bc22-8f135972a1a8,9127,LIBERTY AVE + GROSS,40.459455,-79.945061,0
a5833b93-a4c9-43cd-be4b-cfdc13891c73,6243,BANK ST + ELM,40.353823,-80.106611,0
a58c82b9-0520-4f06-b42f-27e70f6f40b3,1824,MT PLEASANT RD + HAZLETT,40.47765,-80.000032,0
a58f79c5-e0b8-45d7-85a3-4a252bb94f83,20238,HWY RT 51 + ELLIOTT RD FS,40.310328,-79.937574,0
a59b04ed-ddaa-4310-b3ba-25eb70f09efb,11705,HOMEVILLE RD + CASTLE #2,40.381288,-79.877237,0
a59dfdd9-e503-4716-9d30-169e0556413d,10010460,Blazier Dr - Pine Creek SC,40.585645351,-80.039029494,0
a5c1a66b-0089-410a-bc32-bd5ee1e45d88,20649,1ST AVE + ROSS ST,40.599199,-79.756108,0
a5c28801-1021-4944-956c-f2d395278747,9653,HWY RT 51 + #4040,40.368452,-79.983506,0
a5de032f-5a46-45fc-a9e2-b36c2025f4e0,22727,CHURCH AVE AT ROSTREVOR PL,40.510324,-80.08714,0
a5e64fc7-35f6-40c9-9dff-8a8c89b83c30,21374,PROVOST RD + SHADOW DR,40.370787,-79.994626,0
a5f92a7c-58e5-4776-849a-81fe11612276,1580,CHURCH AVE + WALNUT,40.506971,-80.076942,0
a5f949fd-88cc-4d6a-99ad-74ed7755e9d1,3732,BROADHEAD-FORDING RD + VILLAGE RD #1,40.451405,-80.078634,0
a5fc05e3-d5d5-4361-9039-ab459549e394,18788,5TH AVE + CHESS FS,40.521165,-80.17379,0
a6015a2e-7f9b-4c16-9a60-22cdffddbc4e,20222,LONG RUN RD + OLD LONG RUN RD FS,40.322136,-79.825775,0
a6220558-0fa5-47b0-ad03-7ba54f091535,11258,HWY RT 51 + JEFFERSON VETERINARY CLINIC,40.301631,-79.930273,0
a623a477-c875-4333-bfdc-53898ffbe82b,21984,PENN AVE + MATHILDA ST,40.465453,-79.946577,0
a629dc16-1681-4d48-b5fe-291fb7e8503c,7288,SWISSVALE AVE + FRANKLIN,40.439083,-79.879097,0
a6300003-a62b-4d69-a0f2-a337939a7b7a,21111,BEELER ST + OLYMPIA PL,40.445362,-79.934944,0
a63460bb-3ddf-45e9-9a0f-07168c6d10d3,21749,OAKWOOD ST + FRANKSTOWN AVE,40.455001,-79.885891,0
a639bb0f-b4db-482c-9d91-abf198e69a4c,9117,FRANKSTOWN AVE + EAST VIEW ST,40.458174,-79.903634,0
a64a9c08-173d-45e3-8fd6-9171abbb7cf9,7138,KELLY ST + WEST,40.441169,-79.891419,0
a64c0808-40e8-48e4-8e9b-b72daa7d95fb,3307,FREEPORT RD + BRILLIANT AVE FS,40.488691,-79.900748,0
a65b40fe-17e7-4c99-bd71-b95fbafe9925,13594,MALL BLVD + TGI FRIDAY,40.433837,-79.78841,0
a6634802-3cf4-4996-9f70-d7f4ada781da,20225,BROWNSVILLE RD + NATIVTY CHURCH,40.328994,-79.987259,0
a6648fbc-7903-423c-a65f-d76fcd277ef6,8218,NEGLEY AVE + WELLESLEY NS,40.474102,-79.925083,0
a675ff99-19bc-4ca0-9114-f2322be3a93a,1704,BEAVER AVE + BRANCHPORT,40.459427,-80.031136,0
a67e1c6a-b839-445a-ac7b-73ec769d675f,20309,WALNUT ST + 14TH,40.341202,-79.860858,0
a6908e77-c41c-458a-ab46-306aefcdc10e,12215,HAZELWOOD AVE + SYLVAN AVE,40.411892,-79.941803,0
a693f96a-cb14-45d1-bf26-b169abf7db89,14445,VERONA RD + BRINLEY,40.484391,-79.837354,0
a695448e-168a-441d-acc4-1712d3a3feb7,21449,JOHNSTON AVE + MANSION ST,40.405408,-79.937219,0
a69f34dc-2658-4dcc-b37d-d877505e0fa2,897,PERRYSVILLE AVE + DELAWARE,40.479644,-80.011695,0
a69fa0f9-00a4-4051-85b0-f6a8dd967031,22401,W CARSON ST + SAGINAW,40.461062,-80.049715,0
a6a77ce4-84b2-480d-8e5f-c4ed787b5c9b,3690,BROADWAY ST + PINE HOLLOW,40.475651,-80.083726,0
a6ad501e-0c99-41ce-947c-da73bd70f123,12576,CRAWFORD ST + JUNO,40.362571,-79.853595,0
a6b9de8e-7059-4552-b050-ddde305c0613,12605,FREEPORT RD + CABLE,40.494788,-79.859041,0
a6d2d852-f35a-42e4-903c-fd4b47ca8a7d,22748,HOFFMAN BLVD AT KENNYWOOD MALL DR,40.382387,-79.868368,0
a6e6081c-ba89-4dc8-b371-81a9331276d5,3635,CHARTIERS AVE + AMELIA NS,40.465018,-80.068155,0
a6e91679-79d0-4bdf-b8cd-69f9bcefb999,10948,MURRAY AVE + BARTLETT,40.436133,-79.922916,0
a6f9477e-2560-484d-a89b-7c0310548559,19822,FREEPORT RD + BAILEYS RUN RD,40.587544,-79.776306,0
a7007015-1286-4429-a696-a1d141ef4c88,19883,ALLEGHENY STATION BAY 1,40.447570648,-80.019062364,0
a70ba810-438f-4e2e-8639-d0e1e4b036fd,2782,MT TROY RD + MOST HOLY NAME OF JESUS CEMETERY,40.488016,-79.992087,0
a710968f-c942-428a-b389-a11181455d0a,2575,CENTRE AVE + NEVILLE ST,40.452505,-79.949818,0
a710d1b4-f350-455e-980d-fd857113ba11,2541,S 18TH ST + WACHTER ST,40.420634,-79.986125,0
a7191f05-168f-4c67-9066-565fd047990b,2858,COLBY ST + CHAPIN,40.489035,-80.006465,0
a7267bcc-d904-4ae4-a8fb-81038cb77859,3282,EUCLID AVE + BUNKERHILL,40.479018,-79.91777,0
a73741e3-2ce7-4fe4-aebe-88fa9f3ee196,15886,KATHLEEN + HARWOOD,40.42545,-80.004162,0
a743ae4a-466a-4245-83de-810572a8aa4b,10988,2ND ST + GRANT,40.37326,-79.847059,0
a74a3e69-7c9f-4d9c-87d8-e9546d056df5,5022,STEUBENVILLE PIKE + #6181,40.44472,-80.149722,0
a752ccd9-f84e-42aa-bafc-cc498f013dae,2723,MT TROY RD + #2637,40.47349,-79.985267,0
a7585fec-3bbf-4622-9124-ad1a3ed15fc3,2089,EAST OHIO ST + MIDDLE,40.453704,-79.999291,0
a763325f-a9e7-4a11-a3c2-a1a616ba190b,14753,SALTSBURG RD + TILFORD RD,40.475033,-79.792099,0
a775ad77-51ba-45b6-a24f-6a710836e3ba,10010477,Mt Royal Blvd opp Lake Ave,40.560747249,-79.969762347,0
a775b67b-d84d-4af2-b7ab-cd64fe398fc6,7079,COAL ST + FRANKLIN,40.439402,-79.880738,0
a77a06e3-1134-4d06-876a-ff156d849e3d,705,DUNCAN AVE + ROYAL MANOR CT #1,40.566602,-80.003709,0
a78ae2ce-5872-4cb4-93ac-bcf381728e37,7601,LAKETON RD + LINDBERG,40.458489,-79.846274,0
a7938d5b-0a1a-4550-aef2-85c338b62251,12011,CRAWFORD ST + PIRL,40.363899,-79.848798,0
a7999234-b8e2-4cf6-83f7-7f9cd5935be2,9049,BEDFORD AVE + HERRON AVE,40.452875,-79.965257,0
a79f6845-ef90-47e9-8945-1598833d4bf7,3633,CHARTIERS AVE + MARGARET,40.46581,-80.063944,0
a7a5355a-410f-421f-a198-c3be397b0c95,6776,BOGGS AVE + WARRINGTON FS,40.415711,-80.011537,0
a7b0f592-8231-4e10-a2f6-ea0bd468667a,6792,WEYMAN RD + WHITE HAMPTON,40.364269,-79.999698,0
a7b4d439-91d7-49b7-9262-9e4ad000ca10,3645,BROADWAY ST + CHARLES,40.470256,-80.070404,0
a7c45a68-e19d-4055-8c5e-e15bb38676d2,3671,CLEVER RD + PATRICIA PARK,40.469416,-80.101537,0
a7c64e99-fd81-45d7-bd1a-382b84945765,21459,PARKLINE DR + #1690,40.367968398,-79.965417483,0
a7cd8138-4907-4327-bf67-2e1a3f8072a4,19242,WASHINGTON AVE + LINCOLN FS,40.404541,-80.083564,0
a7ddd363-3311-4023-9abc-d86cca162ca1,11926,WHITAKER ST + OAK,40.396203,-79.883629,0
a7e159f5-e91a-4ddf-8dfd-741e4268db37,3270,HIGHLAND AVE + STATION ST,40.463611823,-79.923770213,0
a7e4112c-9a4f-4a1d-93ae-f4384d8fb4bd,18458,IMOGENE RD + BROWNS HILL,40.415093,-79.92493,0
a7f6a76c-0d5d-4c67-b3d4-4169b2dd57c9,10010317,Penn Hills SC,40.464934879,-79.826597727,0
a80185ff-6355-438e-83e2-25d0d36a49de,10906,8TH AVE + DICKSON,40.40898,-79.905195,0
a80924cd-82e1-4dfc-b065-b655f9e5b60b,200,CORBETT DR + TOWNE TOWERS NORTH,40.546654,-80.020218,0
a8092ae8-4159-4f91-872b-0132a12cf5ae,19104,FRANKSTOWN RD + PARKRIDGE,40.470808,-79.821387,0
a81393ac-d7a7-477b-9cd5-fb95e76e63c2,12658,4TH AVE + CENTRAL CITY PLAZA,40.564110933,-79.766070163,0
a8388f15-22b3-408d-81af-920d9bda5abe,983,HENDERSON ST + FOUNTAIN,40.459033,-80.006879,0
a853bb2b-5fc4-4a97-8baa-006b5bd15056,21961,STANTON AVE + 52ND ST,40.477688,-79.950298,0
a864513d-cc0b-4bf8-80c1-271845142ca0,1155,LIBERTY AVE + MILLVALE AVE ( WEST PENN HOSP),40.460035,-79.946124,0
a86b3c17-c83e-4d21-8efb-52bb3de06db4,44,STANWIX ST AT FORBES AVE,40.441042,-80.003964,0
a87ca4bb-3732-499b-b777-ecc3a10e13b8,4052,CAROTHERS AVE + LOCUST,40.397881,-80.088246,0
a88e25d6-8aba-41a6-bed7-5178e5b5f38d,14384,FRANKSTOWN RD + PARKRIDGE DR FS,40.470882,-79.821251,0
a8970188-c4c7-4b02-8514-484c0c6bd592,20436,PEEBLES RD + # 8077,40.557353,-80.01766,0
a89b034c-7a3d-468e-a6f1-30d408d276f7,9618,LEBANON RD + NOBLE DR,40.361889,-79.932259,0
a89e5cdc-19e4-4e8b-b74b-35563e02aad4,21912,FRIENDSHIP AVE + NEGLEY AVE,40.460724,-79.932623,0
a89e8728-2ffe-40f5-9eca-de966e0fde1d,10815,W 5TH AVE + RAMP #1,40.349985,-79.871699,0
a8a3a856-71df-4ed6-8a7e-2df11b71209a,3383,FERGUSON RD + LINWOOD #2,40.557117,-79.973527,0
a8af48c4-c10d-4a32-9558-f1bac6e165b8,200159,WYLIE AVE + FRANCIS ST,40.449451483,-79.968756548,0
a8b7689b-0f5a-4851-b35c-5f2fbcfff3a3,5411,NOBLESTOWN RD + #640,40.415791,-80.070707,0
a8bf88c5-81d8-416a-a855-0bc100019c36,21126,HULTON RD + 13TH,40.524815,-79.826986,0
a8c2711e-01ab-4c19-b186-b389aa1a10e7,6612,WASHINGTON RD + WASHINGTONIAN APTS,40.350225,-80.051365,0
a8cc2c55-be22-4ea7-a38e-40fbbce492ac,6907,CURRY RD + OLYMPIA,40.340186,-79.990873,0
a8ce9c11-2772-4d93-a984-8ea888e5d55e,22919,MOUNTAINVIEW DR AT HERITAGE CREDIT UNION DR,40.34335,-79.953688,0
a8d3d776-82de-40a1-9957-7ec98982e35e,1415,CHATEAU ST + SHEFFIELD,40.452677,-80.02788,0
a8d79cfd-b0c3-4d8a-954c-22430da7c943,5490,WASHINGTON PIKE + STEEN,40.376324,-80.09786,0
a8db9662-d61d-44e5-9d4a-d05d6e73b079,4170,NOBLE AVE + CRAFTON,40.435973,-80.064624,0
a8dc382c-2cdd-42b3-9a50-e53a45cde4dc,1587,NORTH AVE + ARCH ST,40.455176,-80.008476,0
a8eae059-90be-4175-a015-84c3046a46dd,12168,UNIVERSITY DR + EDEN PARK BLVD,40.343271477,-79.829147302,0
a8ef6a7e-f3e0-4eba-9d87-efeff1edf686,6972,CHALFONT ST + GEARING,40.416614,-80.004797,0
a8f76f7f-878f-44ac-bc26-760743957d19,19164,LAKETON RD + DOYLE FS,40.456156,-79.85778,0
a8f9a264-3a2c-4a2c-bfdc-fac1c183b5a7,12158,RAMP ST BRIDGE + BALDWIN,40.386716,-79.932477,0
a908c498-1522-466d-802b-faeffe84ff3d,8578,CRAIG ST + BIGELOW BLVD,40.456575,-79.954833,0
a90df00e-5d55-40a2-87fe-dd6acd3ab3b4,100067,Duff Rd + Newport Dr,40.453027575,-79.825668474,0
a912974c-c8ec-4442-b044-9215c926c5b0,7300,WHIPPLE ST + NEVADA,40.423001,-79.899143,0
a91b8cac-0690-435e-9879-2f1db87dcc61,5893,LINDSAY RD + #834,40.388636,-80.078271,0
a9403fc3-4315-4773-b5b6-614481147a12,10249,WALNUT ST + LARCH FS,40.318385,-79.834048,0
a9422a6b-1928-4eb1-9198-d211007eaea3,9431,PROSPECT RD + BAUMAN,40.360803,-79.980008,0
a951180c-d1dd-4e51-a84b-77a78a5c8827,16607,2ND ST + SR CITIZEN HI-RISE,40.373904,-79.847584,0
a95ea7b4-6aed-4e4b-804c-abc617c5783a,4875,ARLINGTON AVE + FREDERICK,40.417694,-79.982614,0
a96d531e-ba6c-4de2-9171-e4f9032a52f5,5483,NOBLESTOWN RD + ALTER,40.413893,-80.073256,0
a97275a2-87eb-47a1-bc8a-d1a2dc75ed3e,8203,CENTRE AVE + AIKEN,40.455835491,-79.938743013,0
a973a50d-b759-4a88-98d9-d0d4007ce381,9284,STANTON AVE + HETHS,40.472374,-79.928604,0
a97afc3a-4dc3-42c8-8e12-c4ac0608801f,226,EAST ST + MILROY ST,40.476754,-80.006704,0
a9826797-a61b-458a-9c28-fcdc7982a62a,19843,FELICITY RD + KANE CTR (STAFF ENTRANCE),40.549619,-80.015005,0
a99dc09f-c5fe-4b59-a276-1765dc7d63b4,8318,FIFTH AVE + BEECHWOOD,40.453542,-79.915543,0
a9c32e54-d2af-4737-9d66-c8ee673c8145,6679,SOUTHERN AVE + PROSPECT,40.428167,-80.008668,0
a9e9215a-790a-4d16-a72e-160426432317,7768,MIDDLE ST + 2ND,40.399761383,-79.814784188,0
a9f00b29-ed79-4cc2-ab82-94c66cc196fc,19721,CEDAR BLVD + #1046 FS,40.372833,-80.058398,0
a9f7ca8b-752a-4e75-8cfa-fe74d050ab59,13577,HWY RT 286 + DAY CHEVROLET,40.431539,-79.717118,0
a9f94c78-c704-41f3-b479-d329d54e0990,1649,CENTER AVE + WALLISTON,40.513058,-80.102799,0
a9f9bf43-8688-41f6-9b44-d663b81b4341,4095,CHARTIERS AVE + UNIVERSAL,40.453663,-80.060763,0
aa0891ce-f6e2-4fd2-b4d7-174197ac6146,1306,CORNELL AVE + OAKRIDGE RD,40.510788,-80.045582,0
aa08cb9e-bae8-4c5e-b180-4f072ac31022,18690,MCKNIGHT RD + BRAUNLICH,40.521805,-80.005137,0
aa0d3132-3afb-44d7-be37-814f36047ca1,15150,HULTON RD + HULTON ARBORS,40.513741,-79.804234,0
aa0eaf19-085b-45c2-84bc-e6a348b193c3,5424,NOBLESTOWN RD + #2148 (SHOP-N-SAVE DR #1),40.431142,-80.053322,0
aa1505d8-6f68-429b-9163-4571791760aa,3575,HELEN ST + CATHERINE,40.472643,-80.056236,0
aa206119-9675-4ad1-9c49-bc608d5059d1,17340,MCKNIGHT RD + JAREDS JEWLERS DRVWY,40.539458,-80.012018,0
aa29f51d-3a62-4a20-ae90-8390c0d0c4c8,1726,ALLEGHENY AVE + SHEFFIELD,40.454192,-80.01969,0
aa2a2e43-fa76-473d-ba61-2bdcf1fe5fff,18592,MT CARMEL RD + DOLLMAN,40.466401,-79.868685,0
aa3adcd3-001a-4989-a30c-b7e3847ba249,4330,STEUBENVILLE PIKE + FIRESIDE INN,40.439595,-80.089324,0
aa3e511a-874e-4707-8e4b-366bd635eced,8220,NEGLEY AVE + BRYANT,40.477434424,-79.923726817,0
aa3f9524-3536-4f35-a2aa-e3ac939fd676,4233,MIDDLETOWN RD + HODGSON,40.445644,-80.060015,0
aa4836af-a5e1-4cf3-b706-5cbc6ee9f25f,3483,HECKLE RD + PINE HOLLOW,40.474942,-80.095929,0
aa5288f3-3edf-4a58-83c1-29514a4f06cc,4868,ARLINGTON AVE + CLOVER,40.417641,-79.971345,0
aa53ce3b-cf30-4c18-b815-e48e5582a65b,37,DORMONT JUNCTION,40.39201,-80.040762,0
aa5ce091-a989-4b3c-b578-84e851f7c3d1,20542,STATE ST + MONTOUR TRAIL,40.305521,-79.883953,0
aa6c58ea-6a4a-4e94-bc3d-3a7d290826de,817,PERRYSVILLE AVE + #3358,40.480935,-80.013406,0
aa791f5e-ec72-4992-aac1-fe597fc4b922,21948,STANTON AVE + MORNINGSIDE AVE,40.475398,-79.931925,0
aa8cec72-b7d6-4b0f-8649-5bb61f5bb406,99978,CASSWELL,40.349264,-80.034039,0
aaa1bec9-01a7-41d0-bb25-08b1d1cf72f9,19490,BEDFORD AVE + ROBERTS,40.445151,-79.985517,0
aaa8a52c-ee53-43c2-80bd-cb0be839e63a,1807,CHARLES ST + STRAUSS,40.463207,-80.019716,0
aab81cc5-27bd-4598-a9d5-2ab22bf446fe,22630,SEAVEY RD OPP ELBE DR NS,40.491359,-79.969759,0
aacbbd3b-3f48-49d9-b467-629957622dfc,18141,ELLSWORTH AVE + EAST LIBERTY STATION,40.459262,-79.922968,0
aad1d4bd-11b8-44f8-bb86-f9b909163f1b,9339,JANCEY ST + WELLESLEY,40.476175,-79.930827,0
aad83a80-2db5-41a9-a23c-2585a4eba513,20846,LINCOLN HWY + 5TH AVE EXT NS,40.381360148,-79.812204699,0
aaea2fd0-7134-46c5-ad1c-e340f857e2b0,7048,MIDDLE ST + HAWKINS,40.405441,-79.861767,0
aaeeb554-a5b2-46b5-9de6-02b54518d234,10010335,S Braddock Ave + Tuscarora St,40.446069615,-79.895508763,0
aaf09158-a61a-455b-b7cd-3b8ae9e6804e,1054,THOMPSON RUN RD + HORIZON,40.535465,-79.990643,0
aafe2b66-1136-4181-b91e-fd445b6132d4,21119,SAMPLE RD + EASTVIEW DR #1,40.570711,-80.000806,0
ab09dc87-f4f1-4eca-ada2-930f20920cfb,200156,WYLIE AVE + WANDLESS ST,40.450170161,-79.966361013,0
ab09e2d8-e23c-4eea-9b4f-5714ce8442fa,20427,4TH AVE + DUQUESNE ST,40.411695301,-79.877217147,0
ab0a88f4-23bc-4f11-af3d-6dd29390bcdb,9113,FRANKSTOWN AVE + STERRETT ST,40.456902,-79.893952,0
ab0d6dde-cb66-426f-b2fe-b8be13ca6059,3711,CRAFTON INGRAM SHOPPING CENTER + RITE-AID,40.441776,-80.069946,0
ab17c7a2-4897-4099-9d33-cd5f07250538,5801,LINDSAY RD + #722,40.385452,-80.079277,0
ab1c82ec-f945-42f8-a8ed-566e874423bd,10159,MIFFLIN RD + HAYS SCHOOL,40.382969,-79.929993,0
ab2163af-9fd8-474b-8c5e-bc880b8bb77d,19809,SALTSBURG RD + CRESTVIEW APTS,40.481427,-79.805771,0
ab2dc8df-0abd-4eb1-b03a-a42b5e59a977,22783,MOREWOOD AVE AT FORBES AVE FS,40.445113,-79.9427,0
ab35c266-48d1-4f50-8414-4ff9847b6221,16024,ALLEQUIPPA ST + ROBINSON,40.442678794,-79.965837225,0
ab3dbc23-edce-40cc-a3cb-4392ee7977a8,10130,HWY RT 885 + GORDENS,40.335958,-79.936625,0
ab3e8663-88e5-4cd7-ab5c-58f650d5d80f,22246,OLD FREEPORT RD + #1380,40.488752,-79.872743,0
ab4d6e79-1200-40d4-9db6-27fe30ef2e83,214,SANDUSKY ST + ISABELLA ST,40.447846,-80.001964,0
ab5438f7-1bd8-4137-abbb-8df160a99581,19296,GRANDVIEW AVE + COHASSETT,40.43788379,-80.018282744,0
ab60457c-d62f-4e92-ba65-8460e4f629ec,200168,Sheldon Park opp Booker Community Ctr,40.624070138,-79.720773462,0
ab60551f-b6e7-4117-8902-f26c7f795cd2,2326,ISLAND AVE + MCCOY,40.475573,-80.06503,0
ab622edc-ec2d-43fa-83b2-0f66a97bfa2e,7430,ARDMORE BLVD + MARION FS,40.419945,-79.850124,0
ab6702ca-d7a2-4d39-a775-2bab565f3783,14624,UNITY TRESTLE RD + JACKSON RD,40.485456,-79.769142,0
ab67f092-22e2-4e5a-84f8-11f094ee3e89,20401,CHARTIERS AVE + MCKEES ROCKS PLAZA NS,40.464401,-80.057613,0
ab68e4bc-2ead-4d80-bcde-bd281320c20f,20831,CHARTIERS AVE + ISLAND AVE NS,40.465662,-80.062292,0
ab6b2afe-6331-4b9f-8697-082a3440f295,19470,SOUTH AVE + HAY,40.442414,-79.886506,0
ab77fed8-713c-4c4f-97ea-681e1a3c8ce9,3475,MCCOY RD + ISLAND,40.475764,-80.065353,0
ab96eae0-45a7-479e-8d5b-61a1b431f31a,20075,CENTRE AVE + S EUCLID AVE,40.458932246,-79.928763715,0
ab9719d7-3181-434f-82c6-10a47e9efaad,8284,TRENTON AVE + SOUTH,40.444326,-79.892103,0
ab9bd98e-4893-4a34-aec2-d5748bb67d75,636,PERRY HWY + #4146,40.493964,-80.021717,0
aba4c551-7047-4b9c-9d1d-8fcf175e6fd4,21243,GREENSBURG PIKE + 1ST ST FS,40.401907,-79.82375,0
abb1aa30-d51e-4ed0-8c01-3e576656587d,100,WILLOW STATION,40.365469,-80.026193,0
abb1e6dc-1f0a-4274-bf2f-7d9895cc8b54,8464,HOMEWOOD AVE + FRANKSTOWN,40.457505,-79.896304,0
abbe03d8-59a0-45f0-b589-7b0cc887c446,10010463,Bayard St + N Dithridge St FS,40.449150071,-79.951523126,0
abbe72ca-4c73-40e1-bba8-11ab28bc875d,11055,INTERBORO AVE + PLAPORT,40.373828,-79.911892,0
abe6d029-25a1-49be-a029-5e51485de00b,18978,STRANAHAN ST + BRUSHTON,40.461326,-79.888635,0
ac0aa621-1b0a-439b-954f-261f62f312f5,2613,HERRON AVE + HANCOCK,40.457016,-79.96476,0
ac12638f-d8e9-48bf-b517-4d3b81cc4c23,329,MCKNIGHT RD + PERRYMONT RD,40.558319,-80.023613,0
ac1a74a1-8349-4922-bcca-6e4b8acaebeb,8036,BLVD OF ALLIES + WARD,40.434547,-79.954734,0
ac2eec0f-e34a-4da3-a2a2-78b865bf6b1b,7130,FORBES AVE + DALLAS,40.437994,-79.913232,0
ac42975f-d512-46a1-87cd-b4f59388606c,1281,FOREST AVE + RAVENSWOOD AVE,40.505613,-80.051547,0
ac58211e-6967-42fb-817e-60a8f7acbfe8,8820,MT CARMEL RD + CHADWICK,40.468518,-79.886128,0
ac667e93-7525-4fe4-a4f9-bb8745f43168,1914,MARSHALL AVE + NEW HAMPSHIRE,40.464595,-80.027467,0
ac6fd45c-c9b1-45a9-8a5c-0918037b0b5a,20014,FIFTH AVE + PENN AVE FS,40.453986,-79.913047,0
ac785728-5c71-42c4-a9ff-4641ad0829ff,859,JACKS RUN RD + CONNIE,40.499146,-80.029366,0
ac7970c5-efc5-42c7-a97a-014e3276b7c8,15980,SILVER LANE + DIANA FS,40.459539,-80.138833,0
ac802ad1-3a1b-401b-b894-6dfffbd584a7,14470,HULTON RD + 11TH,40.524078,-79.830399,0
ac89f223-1840-4838-a182-7c29beca4682,18411,KENNEDY AVE + 4TH,40.37148,-79.848341,0
ac92d460-797d-4ba2-8e14-cd76de0ed5a2,8145,MONROEVILLE BLVD + BOSSES,40.42825,-79.787437,0
ac9ef24d-62dd-4729-8882-58ca35585f42,2798,IVORY AVE + EVERGREEN,40.496047,-80.007572,0
aca9f75e-1e4c-41ac-9e8b-4588f189e2b2,3818,SUMMIT PARK DR + ANDREW (WAL-MART),40.449577,-80.176163,0
acab69ee-23fa-41c0-96a6-fce9fe9725a7,76,ST ANNE'S,40.360648,-80.029385,0
acd55657-4e9c-4dc1-a0f7-b9dd4ca13578,2685,DOBSON ST + HARDING,40.45793,-79.965047,0
aceb9d81-a5f4-450d-8acb-01302a67c38d,17324,FREEPORT RD + EVERGREEN,40.649055,-79.7088,0
ad004426-69f1-417c-a644-5aa0f43e2fc0,4660,BANKSVILLE RD + POTOMAC,40.403513,-80.04076,0
ad02df03-6d86-41f4-b85d-90ab4fe4d8a6,4556,BEVERLY RD + W MARLIN,40.387756,-80.052225,0
ad0ab054-160d-437a-b741-e93fdc46906c,5127,NEVILLE ST + FIFTH AVE,40.447346,-79.947469,0
ad0b40e5-b2fa-4f8d-8d85-6dcc0aa864b3,2451,MT ROYAL BLVD + WOODLAND,40.537922,-79.972107,0
ad1bcd3c-adc1-4f92-962d-1b05923155a0,7796,SOUTH AVE + SWISSVALE,40.439703,-79.87835,0
ad2ac511-c704-47f5-a0ff-d1746d09b234,10028,BROWNSVILLE RD + #2336,40.38819,-79.984822,0
ad31af7f-3197-4f9a-acc5-8928d1865b8b,10010218,5th Ave + Lincoln Hwy,40.381336727,-79.811752816,0
ad32eb7f-2ffe-4db8-963e-03a14ac289a2,20567,EAST PITTSBURGH MCKEESPORT BLVD + MARYLAND AVE,40.380017,-79.828303,0
ad3be501-1c27-4c56-b97f-ab6752be66d0,16281,WAL MART DR + SHELTER,40.341251869,-79.94484736,0
ad3ec7dc-191e-47f1-be94-fea1aa01848a,20194,ROBERTS ST + WEBSTER,40.444341,-79.984756,0
ad40745d-5eb7-4f44-81ce-e9d9e2f12174,12662,FREEPORT RD + GLASSMERE GAS STATION,40.560579,-79.772956,0
ad4c4e21-7dde-44ae-9870-40829b33e6df,22028,PENN AVE + PEARL ST,40.465712,-79.94785,0
ad538455-95e4-49a7-a52c-64cecefdccd3,1551,BRIGHTON RD + PENNSYLVANIA AVE,40.4562,-80.015452,0
ad602be4-ce88-4a17-b143-bc508c3bfdce,22697,B DR AT #532 (SHED),40.342929,-79.912245,0
ad6fab63-447e-404d-9102-442cac668611,18722,WEST BUSWAY + IDLEWOOD STATION A,40.426101,-80.072903,0
ad724183-9b24-4f9d-8425-1da0050af1af,12248,HAZELWOOD AVE + SYVAN AVE,40.411953,-79.941742,0
ad76d412-811f-4a5a-8004-fe5bfd7e06cb,14686,MAIN ST + #2636,40.47342,-79.787598,0
ad772a7d-1949-4b68-8459-04ef68242cef,1320,LINCOLN AVE + STARR AVE,40.497794,-80.059989,0
ad84205a-dfdc-4240-8462-2ebe75888136,11166,LINCOLN HWY + JACOB,40.376807,-79.800051,0
ad86f6c4-590d-4a48-ab5e-abefb881433d,3277,HIGHLAND AVE + HAMPTON,40.473348,-79.919282,0
ad8c328f-90a1-413e-a0d5-39ebb00edcf3,1368,BEAVER ST + #1446,40.529931,-80.165589,0
ad8d32d0-3109-4a8e-943c-c586d80734ae,10010410,Foster Ave + W Steuben St,40.43847132,-80.069467418,0
ad927b5f-fc99-4a92-b216-6073ae34663e,1071,REMINGTON DR + #210,40.552584,-80.00739,0
ad9f5221-4d4f-4db8-88a2-347e36332179,20369,EVERTON ST + OAKDENE ST,40.462583,-79.89096,0
ada86e16-6164-4b3c-96ed-618dcc927d02,100065,Radi Rd + Purity Rd,40.445842977,-79.827937784,0
adba6fe8-24fe-47dc-a320-0bcb4c34f6f5,2363,4TH AVE + MULBERRY,40.517782,-80.161949,0
adeb3211-44c7-490b-8077-15eabee50e4c,10010487,Mt Royal Blvd + Lake Ave,40.560979966,-79.969519131,0
adec9dcf-70d3-43cf-b514-3d8ca1519317,22614,HOMEVILLE RD OPP DUQUESNE VILLAGE ENTRANCE #1,40.366678,-79.871328,0
adf89a63-2c0e-46b0-a57a-e666e6786907,2746,TROY HILL RD + GOETTMAN,40.459788,-79.985873,0
adf90b2e-9075-41c3-b4f2-798a0103f591,18320,CALIFORNIA AVE + OHIO st,40.502647,-80.07123,0
adf9d1be-37f0-46c7-b876-a6500cb10704,18622,WM PENN HWY + NORTHERN PIKE,40.437456,-79.777903,0
ae0dd138-0cf4-4576-baab-b411291bd831,10267,WALNUT ST + SUNOCO STATION,40.336469,-79.852917,0
ae1378fd-07f0-453b-931d-5847ec96a755,21583,CHURCHVIEW AVE + REVO DR,40.386102,-79.943032,0
ae1396b8-bc93-4b42-abc3-01be31b61dc6,7848,BROADWAY BLVD + BROADVIEW MANOR HI-RISE,40.400862,-79.782756,0
ae206c10-bdda-49ab-8c0a-aaa062617e2a,100140,Babcock Blvd + Shop and Save,40.499086816,-79.979526803,0
ae20e75d-fe11-433a-adc1-62cbcce1f0c9,13504,OLD WM PENN HWY + WILLIAMSBURG DR,40.441469465,-79.753643691,0
ae3c2545-2542-4c7d-8d9b-e9336fa5f0af,1340,BEAVER RD + LEET FS,40.571251,-80.216332,0
ae5198d3-757c-43b7-bfc1-9951f163f183,21674,CHARLES ST + BELTZHOOVER AVE,40.416464,-79.996602,0
ae5431af-f369-4193-9546-d0824d0d2fcd,3133,PENN AVE + HIGHLAND AVE,40.461453,-79.925052,0
ae5a60e2-ad4e-4100-8275-e1ae8960c8d5,1873_2,SHADELAND AVE + HARBISON FS,40.477554471,-80.033534778,0
ae7162f9-1e92-4707-b40e-e9264474e3f3,10115,LEBANON CHURCH RD + BOMBARDIER,40.346247,-79.957045,0
ae7871da-5200-409b-bc31-2ec135cd6de0,14743,SALTSBURG RD + REGENCY DR,40.475269,-79.770813,0
ae7cae62-950e-4387-86a3-209c71a93efd,8160,EAST BUSWAY + HOMEWOOD STATION A,40.452819,-79.898925,0
ae870edd-2495-4ba6-afb1-3b14c2fbe905,21859,EAST LIBERTY BLVD + DAHLEM PL,40.45804,-79.916695,0
ae881905-0088-4099-b897-7d44c83c99d3,19912,LINCOLN AVE + STARR AVE FS (KUHNS),40.497619,-80.0598,0
ae91c355-4c75-4a64-8365-6dc459bfbd11,20886,JOHNSON AVE + NAOMI,40.408299,-79.925845,0
aeba7833-00c1-40c0-9e87-3d9057a77aea,8465,HOMEWOOD AVE + BENNETT,40.456576,-79.89666,0
aec29f12-9e94-49bb-81af-741fbe4e299e,11969,5TH ST + VIOLA,40.369338,-79.848822,0
aecf869a-432f-4f01-97c8-fb7fc8464999,21431,FOREST AVE + CENTER AVE FS,40.508155,-80.047401,0
aee4b2c6-cc3a-4ccf-bddd-b283f34e212e,5742,GREENTREE RD + POTOMAC,40.40862,-80.049956,0
aee8019f-9509-425b-bbde-2e69d2d13fa4,14382,FRANKSTOWN RD + SPRING GROVE RD,40.47443,-79.822022,0
aef542e4-e09a-4f1e-a74b-2ecb64ca6e24,13409,FREEPORT RD + BEACON,40.62901,-79.718945,0
aefac04a-c591-42aa-8c55-c26cfa361131,20601,MONONGAHELA AVE + 8TH ST,40.322796,-79.892483,0
aefe2859-d201-4467-8cb8-65da8ce37f38,7600,LAKETON RD + NELBON,40.459575,-79.843778,0
af16bdf0-3bc9-478c-bc7a-5b5b1cf5c706,10010376,E 1st Ave + Allegheny St,40.601196338,-79.749237385,0
af201c3c-c644-4c4c-952e-26cb7dc0576c,14165,FRANKSTOWN RD + CRESTVIEW RD,40.479902,-79.822576,0
af259fa3-fb7f-4187-8f7b-172aeb23e095,12131,GREENFIELD AVE + LYDIA,40.425471,-79.942559,0
af2aa7c8-8ceb-43fb-936f-aa5150f465fe,3644,BROADWAY ST + DALE,40.471866,-80.07254,0
af4d2d25-1410-4c12-85e9-8b35b80fcd04,20159,TEXAS AVE + MIFFLIN ST,40.366041,-79.857787,0
af4e53f9-ae83-4660-9f7c-6c2a4281fd3b,19869,JANCEY ST + BAKER,40.487671,-79.924698,0
af5264e1-bbea-48db-85f4-12c34c538de5,12651,FREEPORT RD + 2ND,40.574878,-79.777883,0
af64c338-7ead-44f2-8110-b608a5674a48,3149,FIFTH AVE + WYANDOTTE ST,40.438275,-79.977362,0
af9578cc-ac0a-4a3e-9274-0118293762ce,323,CUMBERLAND RD + LANCELOT DR,40.572107,-80.022649,0
af9ff0cc-05b6-4e6d-8862-e308185df594,2767,MT TROY RD + BECKERT,40.470198,-79.982134,0
afa5dd58-7174-4c3d-b9de-8897c6f79f84,5283,WASHINGTON AVE + HOPE HOLLOW (CAROTHERS),40.395997,-80.086191,0
afaf96a5-b1b1-4e3f-9612-462e5043ef05,4146,CHARTIERS AVE + ALLENDALE,40.454053,-80.059486,0
afb124e1-db11-4c42-9005-432635dc4567,6442,BOWER HILL RD + UNION,40.362213,-80.097662,0
afc014d1-47b9-425a-88b3-05565b9e072a,4779,ARLINGTON AVE + SPRING,40.417905,-79.978899,0
afc92e22-fa6c-4ae1-899f-2b3d16734bb8,12804,PITTSBURGH + MOYHEND,40.541693,-79.77612,0
afd77d37-bb43-42cc-b959-9f96f9e7f513,1820,ESSEN ST + PENFORT,40.473048,-80.003181,0
aff02736-bb33-4af6-a147-56bfe2fbdbb2,2652,S 18TH ST + JOSEPHINE ST,40.424843,-79.979924,0
aff19fb1-f39d-4ad7-ba7f-158b58e0443e,462,SAMPLE RD + EASTVIEW #1,40.570658,-80.000769,0
aff7ebbb-22c9-4be8-abe2-3767eeaa0ae0,5403,RACEWAY FIRELANE + SHOP N SAVE,40.387951,-80.09362,0
afff6667-be83-4d54-842a-58042453a67c,18959,WINTERBURN AVE + BLANTON,40.424326,-79.939754,0
b009e226-3ac2-4d47-8f90-4296af5cdbda,14641,LEECHBURG RD + #6503,40.48717,-79.803227,0
b00e3457-c49e-4855-9a81-145b770f76c3,9900,MATHIAS ST + QUARRY ST,40.352234934,-79.843292462,0
b0103000-a962-4e3a-8f1f-ae22af52bc73,5499,WASHINGTON AVE + PRESTLEY,40.362701,-80.110473,0
b01d5f2f-dfd5-4ae1-9407-deb1779292ec,1476,BEAVER RD + RAPP,40.56668,-80.209739,0
b02bc6ad-5e35-44f7-9775-f042a86d367d,7247,MONONGAHELA AVE + SCHLEY,40.420772,-79.889764,0
b036c5a2-6f59-45e9-ba32-dd051bb7d649,8424,LEMINGTON AVE + WESTMORELAND,40.466909,-79.893747,0
b03c58cd-a643-42e7-a690-608e36935011,1998,EAST OHIO ST + JAMES,40.453559,-80.000497,0
b0526be6-ce42-4962-9e8c-2d5bc9989e15,21229,CAMP HOLLOW RD + LEBANON CHURCH RD FS,40.349578,-79.927164,0
b05f82fb-e715-41e0-8efe-aad7a813ef85,8208,NEGLEY AVE + CORAL ST,40.461957721,-79.931524187,0
b06d8094-962e-43e2-96cd-944f11ea590e,2155,LIBERTY AVE + 34TH ST,40.461768,-79.9657,0
b06dd795-e7a4-4e95-bdb1-a36991ca3acf,19354,WOODLAND AVE + BRIGHTON FS,40.469916,-80.025973,0
b07b48e7-53aa-44ed-844d-d682ce5f8154,7994,BEACON ST + SHADY,40.435268,-79.91908,0
b08a3ea4-0dd6-4ab5-b49f-af03c310b535,6863,PROVOST RD + WHITEHALL,40.367071,-79.993602,0
b0915b72-0448-4771-a8cd-4afdac05b3d9,8287,WOOD ST + ROSS,40.442783,-79.885201,0
b09ccb55-7f38-4c63-9a94-6055c5bdde48,12162,SECOND AVE + VESPUCIUS,40.401704,-79.940508,0
b0a05fa8-a0df-405f-b694-30dddb1c7391,11078,SHADY AVE + AYLESBORO,40.440182,-79.919523,0
b0a7deae-d28d-4412-b342-acb8ade30db3,21225,OLD ELIZABETH RD + WOODHILL RD,40.347675,-79.933602,0
b0b08ceb-d4cc-4b98-ba03-2ff79c205812,21241,GREENSBURG PIKE + CENTRAL AVE FS,40.392787,-79.81917,0
b0bb5548-0e47-4c33-bb9d-03df305cb10f,1279,FOREST AVE + CAROLYN AVE,40.502514,-80.054345,0
b0bbd7c7-af29-48ec-a6db-143eb86f3aec,7391,BRADDOCK AVE + LINE,40.407063,-79.875153,0
b0d16f0a-c183-4c61-9604-39740974ca6d,20834,WATERFRONT DR + COMMONWEALTH BANK FS,40.413375,-79.906536,0
b0dcff0c-016b-40ab-93ed-0e54e1913588,8034,BLVD OF ALLIES + HALKET ST,40.435796,-79.958325,0
b0dff87d-ea3a-4857-87c1-00ae707abc5c,11765,PENNSYLVANIA AVE + VERMONT,40.362059,-79.866962,0
b0eaaa70-dbf2-4f30-a1ee-7cf3da21b820,13411,FREEPORT RD + POPLAR,40.627358,-79.720678,0
b0feddae-bfd4-47ec-9d1e-fac0c265d0d7,21318,WATERFRONT DR + BRIDGE ST (RED ROBIN),40.409142,-79.916713,0
b0fff28d-7c8b-4c93-9445-334bcdfb3517,20243,KEEPORT DR + TRAVIS DR FS,40.338377,-79.979093,0
b10111cd-ad73-406b-a7aa-8fb8c2e57863,5109,STEUBENVILLE PIKE + PAUL LN,40.445826,-80.143963,0
b1048580-9ce3-4aa1-8f41-6d6bbd4183a2,99980,BETHEL VILLAGE,40.344605,-80.04607,0
b10821f7-4f38-45f4-8c28-1845f8a7c184,18288,OHIO RIVER BLVD + MCKEES ROCKS BRIDGE,40.478927,-80.043253,0
b10a204a-7877-4749-86ef-953d85477b31,12358,KEEPORT + KNOEDLER,40.341981,-79.981157,0
b116f847-d45f-4e61-b2e7-d95572d97d10,7257,RANKIN BLVD + HAWKINS,40.412011,-79.881276,0
b119c868-4e2a-4ae3-bc44-52159d54de70,6448,DEWEY AVE + BANK,40.356428,-80.110329,0
b12c0180-39c7-4218-9cef-764c9e17118a,8953,PARK HILL DR + EAST HILLS DR,40.456557,-79.87189,0
b132e713-237d-49e7-8dbd-83063d68a0fb,12660,7TH ST + NEW KEN HOSPITAL,40.562312,-79.766678,0
b13b0282-cc07-4b11-875f-729458149baf,10884,2ND ST + KENNEDY,40.371792,-79.846339,0
b13c8785-3880-46b9-910f-5d99eb56beb8,19836,WM PENN HWY + KINGSTON,40.429811,-79.809405,0
b15bcbb7-7fd5-4b37-9b8d-7e97c08070be,7752,BROADWAY BLVD + BRINTON,40.402197,-79.77518,0
b1607be5-ab64-4c85-bd2e-5bff36e8a2f2,18986,UPLAND ST + BRUSHTON,40.460553,-79.888607,0
b1629be2-4725-4ab7-be1f-5446ee8b1c0b,18673,DELWAR + APPLEBEES DRVWY,40.348981,-79.947753,0
b16bff5c-a84f-4c74-8010-7b8802370b85,6090,PIONEER AVE + STETSON,40.405443,-80.01505,0
b1777a5b-9803-4f10-b481-0a2a60b416bf,7305,SCHOYER AVE + MONROE,40.423157,-79.892755,0
b17f26f3-7adc-46c7-84a2-dd1d0bef667e,11932,ELIZA ST + DIVISION ST,40.394506,-79.879442,0
b184ebfe-4c86-4f2e-8c45-801e3fe05b0a,19801,CENTER RD + WIMBLEDON DR FS,40.467113,-79.757068,0
b185e88f-de96-4e78-ae98-015eed66b1aa,4049,WASHINGTON AVE + HOPE,40.396778,-80.084934,0
b1888d57-373e-4c12-a8a1-98b9ce274a69,7150,EDGEWOOD AVE + ELM ST,40.431873,-79.884601,0
b188c4aa-8bf2-4f70-a56e-ec8f04ca36b4,22806,LAWRENCEVILLE SHOPPING CTR (BOARDING STOP-SHELTER),40.483407,-79.947505,0
b19f48f2-b24d-417e-9ebf-a636b50e8432,104,OVERBROOK JUNCTION,40.365906,-80.027101,0
b19feb92-1e28-432b-9a34-bf0ff5cd41a1,19906,GREENFIELD AVE + LORETTA,40.421882,-79.929833,0
b1ad5edf-a6a9-4bb0-b4b9-ba43da4a6ab2,14524,FRANKSTOWN RD + HARVARD DR FS,40.469431,-79.82357,0
b1bcd9c8-3d25-4367-83aa-f31820f1fa47,100105,Drey St + Woodmont Ave,40.57969852,-79.76238163,0
b1c082d7-6363-4be6-83cc-30a38b0783a9,14327,VERONA RD + RIVERSIDE,40.493561,-79.836495,0
b1c61ffe-d3c1-4da6-8079-fd7ef56e37bd,18888,MELLON ST + HIGHLAND,40.363058,-79.858966,0
b1eaa344-1ebc-45b8-9eed-fe8ae9bc5f63,20207,ROBERTS ST + WYLIE,40.443675,-79.984376,0
b1f3db7a-cbca-4c67-aaf2-68357d5a8449,824,PERRYSVILLE AVE + ELLZEY,40.471776,-80.010063,0
b235358f-3409-45c9-ac43-7ece2e3b51b9,8423,LEMINGTON AVE + LINCOLN,40.468895,-79.896196,0
b23a5412-a455-4bf5-b67a-1a7f2f989fa1,19756,BALDRIDGE AVE + WALNUT ST FS,40.404462,-79.862136,0
b23c7c9f-65a6-4264-bf89-abdce4fcc932,20421,MICHIGAN ST + BELTZHOOVER AVE,40.41592,-79.997299,0
b23ccca3-e365-4462-abb3-e12e1cc24705,2349,GRAND AVE + PERSHING FS,40.512158,-80.131546,0
b243058f-be46-41b8-8700-04d47f5957f6,9233,EAST LIBERTY BLVD + HIGHLAND,40.465836,-79.921753,0
b2502b97-030c-4f04-bde8-dea69bc59b9b,20833,BROOKLINE BLVD + GLENARM,40.392158,-80.017618,0
b252ae21-f433-4b5c-8f0a-874e902cb354,11663,BEECHWOOD BLVD + LORETTA FS,40.422032,-79.927811,0
b258b575-5b03-4679-ad54-b27d2fcab583,2428,GRANT AVE + VILSACK,40.505123,-79.949829,0
b25a3658-3f85-42e2-aa72-e122b626dafb,10023,BROWNSVILLE RD + AGNEW RD,40.39514,-79.98683,0
b25f62a9-a4cc-4a7a-a538-874ede09d335,17520,EVANS AVE + MCKEESPORT HOSPITAL EMERGENCY,40.350924,-79.849927,0
b26184b5-59ec-46eb-a418-7bc3dfc42a33,20310,WALNUT ST + 15TH AVE BRIDGE,40.339964,-79.859745,0
b265ad7e-491c-47f6-b57d-1261f4f4317f,22011,ROBINSON BLVD + WILK PENN JOINT WATER AUTH,40.457561,-79.864426,0
b26718ed-2d37-473b-b41f-2c99f6dbdb2a,4253,STEUBEN ST + #1260,40.441143,-80.047096,0
b2707276-320d-4c52-9387-2dc88c639123,17349,FREEPORT RD + OAK MANOR,40.65121,-79.708426,0
b2895b54-f5d9-4251-871c-cc905e523a95,10010521,WARRENDALE PARK AND RIDE,40.649576894,-80.095765386,0
b29620a8-5952-4cb2-82fa-77459134e10f,2527,BON AIR AVE + CAMFIELD,40.410331,-79.997927,0
b2a9e555-a592-445d-963b-bf21cdb9a28b,16201,E PGH-MCKSPT BLVD + #625,40.374323,-79.827698,0
b2be3d0e-eae5-4af0-8d4a-2c7bd164fb87,8052,BRINTON RD + BRADDOCK,40.422492912,-79.863837655,0
b2da89a3-8a1a-4bd5-a7ba-d3f89057fc1b,8832,MARK DR + GROVE,40.470058,-79.867119,0
b2e7bb4f-c05f-42a7-bac2-43b122c34c23,8426,LEMINGTON AVE + OBERLIN,40.467114,-79.890228,0
b2e83ef6-a9f9-4c75-a755-645f575daa02,7336,SAVANNAH AVE + WHITNEY,40.436564,-79.893977,0
b2f4fcb3-e950-49cc-8f75-a25f4550ca06,22631,LARIMER AVE AT AUBURN ST,40.463788,-79.916832,0
b3050e32-33b9-480c-9f7b-e68d172e6c72,7415,BRINTON RD + MARY,40.406891894,-79.847734951,0
b3063316-5430-4a48-be7b-41363b3f2cde,6577,GILKESON RD + CEDAR,40.361648,-80.063758,0
b30fa0ff-b5e4-418b-9af9-902affd353b7,22873,FORBES HOSPITAL,40.429133,-79.749055,0
b33c9396-8574-4b02-8c59-050e7381e8d6,12597,FREEPORT RD + E OAK HILL RD,40.48924,-79.875024,0
b33cfc0d-5d22-4cb0-9e75-fc66e19410ce,6452,BANK ST + ELIZABETH,40.353131,-80.105911,0
b34606f9-877e-4e2c-ae92-f4d7e092471c,99998,ALLEGHENY STATION,40.44789,-80.017787,0
b353441f-57bc-4bc4-8af2-c0a1ad8de68d,19319,SPRING GARDEN AVE + WILLIAMS RD,40.47729,-79.993594,0
b3636a2f-a0bf-42eb-9480-0b592fda0e7d,2587,PENN AVE + 32ND,40.461002,-79.969689,0
b37732ef-e55d-4404-b1d7-90eabed6461c,4658,BANKSVILLE RD + FAMILY LINK,40.405513,-80.037424,0
b3818e7f-efcd-4f52-a495-e5a5a58c8251,1413,WESTERN AVE + MANHATTAN FS,40.450377,-80.025365,0
b38ee7a2-d6db-49b5-baa5-dbe123ca55bb,14179,UNIVERSAL RD + JOSLYN,40.46312,-79.802682,0
b391f54e-76cd-4b59-b96a-2e6093ed1f97,22676,WASHINGTON PIKE + #1343,40.377255,-80.097327,0
b39395da-7bbd-450b-bfc2-1f01b3c6166c,4252,STEUBEN ST + HERSCHEL,40.442191,-80.04509,0
b394b6c6-e575-49a5-877b-e55f5c00595b,5803,LINDSAY RD + #834,40.388577,-80.078308,0
b3ab455b-b7a4-4100-bb2b-8cfb7ee28c89,21008,COMMONWEALTH AVE + RITE AID,40.382927,-79.877057,0
b3ac211b-b30d-429d-a647-a03f22ca8ac0,6280,BOWER HILL RD + FIRWOOD,40.376167,-80.067837,0
b3b5a5fb-0505-46e2-9fa4-cf750f10b33f,14513,FRANKSTOWN RD + RITZLAND RD,40.462399,-79.840782,0
b3b5c8b1-a21d-4276-a18b-a835de2e1f30,22009,EAST HILLS DR + WILNER DR,40.455206,-79.871112,0
b3bd237a-7684-4d66-8e85-beccd98daa10,19564,FOREST AVE + KLEMONT FS,40.506908,-80.051069,0
b3d10deb-d84e-4691-a661-77332950a018,8829,MARK DR + #7843,40.468744,-79.872349,0
b3e74b56-6827-420b-ac88-ad4f7b634c5c,6400,SOUTH BUSWAY + DAWN AVE SHELTER,40.413183,-80.010987,0
b3f345a1-40ec-469e-a383-c34ecd22448c,7240,BRADDOCK AVE + SANDERS,40.431927,-79.893451,0
b3f3834a-2077-4102-b58e-6e9bbd31d679,228,EAST ST + VENTURE ST,40.485056,-80.009377,0
b3fa714c-a774-47ce-8beb-357b7aa8a03e,200117,Saltsburg Rd opp Sycamore Dr,40.481549459,-79.829355635,0
b402be8d-913c-4230-84bb-a8fbe66ee341,18709,EVERGREEN RD + IVORY NS,40.496285,-80.007915,0
b407fa37-5c35-4874-ad41-2512cffd630f,3680,BROADWAY ST + 9TH FS,40.473437,-80.076289,0
b4215601-f6df-4467-b64e-b118b54826b7,14325,VERONA RD + RIVERVIEW,40.497303,-79.836883,0
b42875bc-5d8a-44d8-bfa0-3aadb6c7a041,10907,8TH AVE + MCCLURE,40.408826,-79.907397,0
b43814c6-8d5e-4ecf-83f9-56319240237b,22801,BLAIR ST OPP STREET A,40.426348,-79.95569,0
b4472b28-5a2d-4efd-a349-95935076a876,4187,INGRAM AVE + MAINSGATE,40.446104,-80.067642,0
b44a16de-e0ea-4515-84a9-14eb09fcf4fe,14334,VERONA RD + RANDOLPH,40.478855,-79.840787,0
b450ad6d-f62c-46d0-aaed-48993b1dd45b,7394,BRADDOCK AVE + 4TH,40.405088,-79.87165,0
b4535cf3-25ad-426c-b262-4a4b12c80ccc,13467,FREEPORT RD + SPRING HILL,40.62681,-79.721289,0
b4587d11-bc58-4574-a7d3-dfa902e1f711,803,CONNIE DR + JACKS RUN,40.499214,-80.029161,0
b4627507-e95c-4ede-bcfc-1afec7b35e1d,7642,WILKINS AVE + BEECHWOOD,40.444427,-79.917577,0
b464a41f-4917-4249-9ca3-5152c9bba965,78,STATION SQUARE STATION,40.431606,-80.003158,0
b465cfae-f615-4b25-ad48-8d8fecd19319,1648,CENTER AVE + ALLEGHENY,40.513133,-80.100991,0
b46ec1a8-a941-45b2-b43c-71b388566071,22624,GRAND AVE OPP #3000 (HOLDEN CORP),40.505272,-80.10482,0
b46f7434-d6b0-498d-83ae-afa2e9ee1a81,7728,LAKETON RD + CHURCHILL,40.457677,-79.850241,0
b46fe53d-7ad1-440f-878d-93c47dba5d78,11011,LEBANON CHURCH RD + #4513,40.352298,-79.903528,0
b4736281-5522-4d7f-b234-7a55a17b75c9,8286,WOOD ST + SOUTH,40.441975,-79.885658,0
b475b32b-1f91-4b83-aca7-e6158bf393a0,19292,SOUTHERN AVE + LELIA,40.421503,-80.012734,0
b4839351-db03-4fea-b849-d428ac0a4afa,13629,HWY RT 286 + #1610,40.435106,-79.714115,0
b499557e-13df-4b87-870c-18bc22b22fd4,200148,Centre Ave + Annie Pl,40.46017813,-79.92409496,0
b49e5251-8c19-4e95-a198-e03fed71c55d,2555,E CARSON ST + 22ND ST,40.428374,-79.974784,0
b4a02a40-a6c6-4df1-b724-a49dfc73d85e,3308,FREEPORT RD + ST MARGARETS DR,40.487252,-79.895639,0
b4cb07cf-f298-4006-81b9-21fd37dd75bf,14322,WILDWOOD AVE + FOOD PARK,40.503574,-79.840097,0
b4cbdacc-f9c9-4398-9ddd-27f062dde5aa,205,MCKNIGHT RD + NORTH HILLS VILLAGE (SOUTH ENT),40.522064,-80.005447,0
b4de2413-54d6-4777-bc52-e2fb1660695d,3138,HIGHLAND AVE + WALNUT,40.454233,-79.925407,0
b4e11046-7bec-46e9-a90d-137739acc7bd,16484,CRESCENT + SULLIVAN WAY,40.502019,-79.946954,0
b4e87615-af7a-4eb1-8adf-1c9fec8d57a3,10010459,Aldi - Universal Plaza,40.477426721,-79.785895465,0
b4f77cf7-c42a-4eb4-bfe9-52265505efc4,3741,WINDGAP AVE + BELHURST,40.458209,-80.079043,0
b4f87314-d400-49f6-83d3-e76627950d8f,12133,GREENFIELD AVE + WINTERBURN,40.426083,-79.940054,0
b4fa288f-a40a-4b67-8dca-977da850438c,20013,SOUTH AVE + PENNWOOD,40.442685,-79.887565,0
b4fe4eec-d9c3-44a9-a8eb-15fa0e42f745,9355,BAKER ST + GALLATIN,40.487457,-79.921928,0
b532fd90-064f-4ce5-a1f6-19f6ca20be0c,2287,COAROPOLIS RD + #333,40.502964,-80.127041,0
b537a22d-4173-475b-8c43-664c4d2fdd69,1153,LIBERTY AVE + PEARL,40.462109,-79.949989,0
b538fbee-84d3-465a-921d-9bb3517f2694,12787,FREEPORT RD + ORR,40.540421,-79.811831,0
b53af9fe-7483-4f13-9da3-ceaba6689b92,20004,HUTCHINSON AVE + EAST END,40.433333,-79.892982,0
b53f9e4b-c48e-4d2f-a284-225e936ca907,980,HAZELTON ST + CHARLES,40.471237,-80.007174,0
b541c1d4-3a09-4ac8-8e4e-0721a6f293cf,20116,UPMC EAST DRIVE + HOSPITAL,40.437343467,-79.759910683,0
b54d63b9-5728-42b4-b7df-58bf45ae8538,1618,BRIGHTON RD + KLEBER,40.486996,-80.037224,0
b55126fb-44aa-46ab-ae8f-37b34be2b888,20226,GARDENVILLE RD + CHARLOTTE,40.345644,-80.006911,0
b5607d49-20cd-4534-8a7b-9f5f1c0aa744,21556,AGNEW RD + BECKS RUN RD,40.396992,-79.97855,0
b561075b-e7d1-42e4-9802-396c9d406b20,10942,W 5TH AVE + RAMP #2,40.346625,-79.880719,0
b568245c-ab82-48ea-9d57-b9587d7d0098,8671,CENTRE AVE + DEVILLIERS,40.443735,-79.980277,0
b56b588e-6e16-47df-aa91-4940f0eb1016,11141,LINCOLN HWY + ISAAC FS,40.377544,-79.80179,0
b577d99e-3c01-437e-80ea-0a37fd21cee1,2712,MT TROY RD + KLEMENTINA,40.489481,-79.992484,0
b579f9bb-ed83-46ba-abe2-35791307d417,8319,FIFTH AVE + HASTINGS ST FS (PENN),40.453872,-79.91315,0
b58c630a-7656-48ec-9225-f9f077e3ca31,22653,BOWER HILL RD OPP UNIVERSAL CYCLOPS,40.36175,-80.092865,0
b58cdad4-7424-4218-a1de-a38f26d592a5,22832,PERRY HWY AT PERRYMONT RD,40.556366,-80.039197,0
b58e73e2-ca66-4695-ae4b-14b5cd8ba7b3,14108,STATION ST. + HERMAN,40.39328,-79.808411,0
b5c8faa5-62a3-4e44-b78d-92c60fdea267,4154,LADOGA ST + KATHY,40.450645,-80.069388,0
b5c97083-fe5c-4b8b-9f4c-88e806e4ba66,19539,MILLVALE AVE + CENTRE,40.453674,-79.947428,0
b5d1f348-2431-4e4b-a9c6-4caddabe4db5,834,PERRYSVILLE AVE + #1923,40.461448,-80.013643,0
b5dc8675-f1b8-4019-86f8-a42a524fd4d9,10950,MURRAY AVE + HOBART,40.433853,-79.923009,0
b5de58c1-77f6-4600-bd88-a8a648f69b3b,14452,VERONA RD + ELLIOTT,40.498911,-79.837415,0
b5e100ff-945d-40b4-8a39-7a30c231fa9f,2588,PENN AVE + 31ST ST,40.459962,-79.971188,0
b5e710b7-48c3-4a40-8f8f-2d161c7e7d31,13495,PENN ST + BROADVIEW,40.613875,-79.742083,0
b5f01cb5-37ad-477b-a33c-e810d5f2bc49,1453,BEAVER ST + DAVIS LANE,40.533931,-80.173463,0
b5fc2369-08fe-413a-9a40-2525d820e288,6418,BOWER HILL RD + BOWER HILL APTS,40.375458,-80.069763,0
b603de5c-7e23-4607-a084-d1e73bd3c063,5901,LINDSAY RD + GREENTREE,40.386125559,-80.084271571,0
b610cb19-4942-4da1-81e0-5e4b139500fc,18787,5TH AVE AT THORN HOLLOW RD FS - THORN RUN PNR,40.522421223,-80.176487572,0
b62ac9c6-deca-44e4-83fb-6f5565c96668,985,HENDERSON ST + JAMES ST STEPS,40.459598,-80.0026,0
b62cd6ac-b483-4ec5-a4c0-a41b5808666d,8261,ELLSWORTH AVE + AIKEN,40.452886493,-79.936299655,0
b6375732-13f8-4ec4-b337-3af1ec7fff58,16695,LINCOLN + HARRISON,40.493535,-80.051521,0
b639c801-3f3c-4e55-bd73-d9cd56935e13,2493,FERGUSON RD + MT ROYAL BLVD FS,40.555684,-79.971802,0
b63aa4ca-8fba-4ce7-ace7-9d41bb5bc121,7256,RANKIN BLVD + BLDG #5,40.413005,-79.883151,0
b6403496-e8b6-4e7a-b14c-45b39c05f318,4808,JOSEPHINE ST + BARRY,40.42381,-79.968812,0
b64137e9-fbb6-4afe-b051-61ae25787ded,20582,EAST PITTSBURGH-MCKEESPORT BLVD + THE LANE,40.37143,-79.828428,0
b65415af-a1a1-4989-adf2-20c32600b9be,5741,GREENTREE RD + GREENRIDGE,40.409908,-80.048134,0
b669e68d-2300-45b9-9bf1-8c29da0da204,9275,STANTON AVE + WOODBINE,40.48175,-79.939531,0
b6827229-8c81-4766-9104-48b239cd8ab4,14399,FRANKSTOWN RD + CRAB HOLLOW DR,40.461884,-79.848788,0
b68cd221-38b9-4c83-939d-23f3217e8980,20623,LEWIS RUN RD + MON VALLEY SCHOOL DRWY,40.324285,-79.940108,0
b693d24f-3c75-4494-9efc-bea48dc9ceb9,14397,FRANKSTOWN RD + #10485,40.460592,-79.844448,0
b694a745-2a98-429f-8504-aaf4897e7715,2606,BAUSMAN AVE + ROMEYN,40.414276,-79.992165,0
b6a2bc93-a49a-4f82-95ac-5ce02f1770c6,22680,RONALD ST AT BEECHWOOD BLVD,40.426722,-79.938573,0
b6c06ca2-6b52-4b3a-aef2-d6d07fdb553a,9684,BROWNSVILLE RD + BAPTIST FS,40.361322,-79.991077,0
b6d17161-1ec6-4acd-b195-31399f754cc4,22983,WARRINGTON AVE AT BOGGSTON AVE,40.420021,-80.00785,0
b6d59e1c-c743-40b6-b5c2-11eb6e21d380,12989,PARKER ST + #90,40.493801,-79.952087,0
b6e7f05b-570d-4f8a-a165-dd1f45149950,4773,ARLINGTON AVE + KNOX,40.420224,-79.990903,0
b6fb842c-f852-42cb-a6b9-ab34fc760bc1,18847,BROWNSVILLE RD + HOLLOWHAVEN FS,40.343505,-79.985241,0
b7040c2c-5c1d-4bb8-a16d-e91de691b9bf,10261,WALNUT ST + 29TH FS,40.332328,-79.845792,0
b71ada16-82c0-46f0-be7c-5893a730cdb4,6091,PIONEER AVE + SOUTHCREST,40.406925,-80.014989,0
b720b4c4-d1a0-4292-99e5-0cbf5319b880,6402,WEST LIBERTY AVE + CAPE MAY,40.408661,-80.017676,0
b72fde54-18fa-492d-b672-d0b255f870f2,18983,UPLAND ST + APLLE,40.461891,-79.893795,0
b7410b5a-d450-4067-b1ea-2b85310fe5f4,7259,RANKIN BLVD + KENMAWR,40.410202,-79.877843,0
b742b244-994d-4b15-ad40-472e905f1191,9996,BROWNSVILLE RD + MCKINLEY ST,40.408548,-79.991143,0
b7437004-dd5e-4a5c-a2b3-99fe3afeac3e,232,MCKNIGHT RD + EVERGREEN RD,40.493996,-80.011604,0
b744ccf8-d175-4830-9cce-f0767f804e50,11711,GREENSPRINGS AVE + HIGH,40.387806,-79.880829,0
b746ab70-6136-48e3-af6d-569e4b270098,21566,CUSTER AVE + BICKAR ST,40.394198,-79.97104,0
b748e814-354a-4623-b9b5-d8f858cad750,1112,THOMPSON RUN RD + HORIZON,40.535385,-79.990669,0
b74d802e-8922-4a83-86c7-b949a0a845b9,10018,BROWNSVILLE RD + THE BOULEVARD,40.401127,-79.989317,0
b7504d34-5410-4ca2-b5e7-71b70cfb4031,22642,WEST LIBERTY AVE OPP BROOKSIDE AVE,40.410348,-80.015592,0
b75244b2-c76b-4b72-8b60-36aa03a1aa5e,1075,REMINGTON DR + BALMORAL #2,40.55821,-80.008644,0
b75aa0d3-0070-48cf-a99d-6b1ac2c94244,1015,CENTER AVE + WAVERLY AVE,40.517462,-80.035564,0
b76044ad-69e5-4d40-9e85-262441940032,20501,EAST BUSWAY + NEGLEY STATION A,40.456722,-79.93237,0
b76f766c-c6a6-4289-a9a3-dfecbd7fee4a,7590,WM PENN HWY + HOME DEPOT,40.430328,-79.80632,0
b772ba9b-7284-4abe-90af-102358741c02,7186,CENTER ST + GRANDVIEW,40.395685757,-79.839289689,0
b7773638-1948-4d44-95e8-860b016faa40,3166,CALIFORNIA AVE + MARVISTA ST,40.461141,-80.028593,0
b7776d3e-f7be-4e45-80d4-63169b30e227,810,PERRYSVILLE AVE + #3835,40.488237,-80.016822,0
b7805615-4a31-4229-a87d-2d5ccacfb100,13795,FRANKSTOWN RD + CRAB HOLLOW DR,40.461843,-79.848849,0
b780c4a3-c691-4dcc-b608-ab64bb99a04b,236,MCKNIGHT RD + STEVENS DR,40.509073,-80.004081,0
b786c511-33cf-475c-a0ce-caeba633b848,1334,MERCHANT ST + 6TH,40.586599,-80.227418,0
b78a05ed-edc9-4124-96e6-51a308a60a46,620,WEST VIEW PLAZA FIRE LANE + UHAUL,40.516553,-80.036697,0
b78d32db-a9a8-46e4-8791-39fe4d77c73c,3909,WASHINGTON AVE + LINCOLN,40.404492,-80.083476,0
b79ab137-b4bb-49e1-90dd-30f6d5626229,14320,ALLEGHENY RIVER BLVD + SOUTH,40.504978,-79.843143,0
b79b9557-6fa2-4532-848e-d8083137b2ba,10370,WALNUT ST + 13TH,40.342472,-79.86224,0
b79c7dd3-d0db-43fb-93cf-4a7bfd2254ad,4861,JOSEPHINE ST + #3033,40.421863,-79.965044,0
b7ac000f-76e5-41e1-a029-7fa0545c5779,20650,4TH AVE + TARENTUM PARK-AND-RIDE,40.600308457,-79.75696281,0
b7b04ffc-b645-4286-be00-0a0b83d53336,3247,FORBES AVE + MILTENBERGER ST,40.437431902,-79.981184519,0
b7c1f24f-126e-4963-b4d3-f0137e1bb382,5092,STEUBEN ST + UNION AVE FS (NOBLE AVE),40.43896,-80.062707,0
b7d55437-7b72-4a7d-a8d9-8d193615c963,2738,TROY HILL LOOP + LOWRIE,40.469269,-79.978632,0
b7d96b66-8a88-4042-943a-f918ebb508a2,22692,CAMP HOLLOW RD AT SKYPORT DR,40.344658,-79.923466,0
b7e4d276-dba3-4314-9f3c-522ce2589329,2577,MILLVALE AVE + BAUM,40.454257,-79.947589,0
b7ea38f6-5f10-4c60-9263-1e84902184df,406,SAMPLE RD + PEEBLES,40.570639,-80.002403,0
b7f36983-a3b4-459d-8c6b-d56d94f4e5a8,1913,MARSHALL AVE + SORREL,40.463842,-80.028297,0
b8163a2f-13d8-4a67-aaeb-71d4796c6464,17293,AMITY ST + 9TH,40.406346,-79.910035,0
b817c8fe-c37a-4864-b04b-d7554692e9e9,22419,HERBST RD + AGNES,40.486335,-80.113749,0
b81d1938-5f8b-4e5f-b8d0-f01b985e580c,1816,CHARLES ST + LELAND,40.470261,-80.012344,0
b81f5997-11eb-4503-9cbd-99855f992faf,8510,BIGELOW ST + MCCASLIN,40.419159,-79.937813,0
b82ed29a-2d52-4ef5-8f8e-f24439f83851,5588,3RD ST + MAIN,40.404453,-80.091119,0
b831aafd-d510-45f7-b6be-e93edd4ec2ac,2905,SPRING GARDEN AVE OPP SPRING GARDEN LOOP PNR,40.466589,-79.985194,0
b8328dda-8d0b-4af4-a352-99d3cfd947eb,22430,LARGE PARK-AND-RIDE OUTBOUND PLATFORM,40.293143,-79.910912,0
b8334fde-628e-4568-b738-037425fed4bf,9285,STANTON AVE + NEGLEY,40.471596,-79.92658,0
b839c5be-0bdd-4fb5-b815-0b4d2531d9b4,18377,5TH AVE + FRANKSTOWN AVE,40.458552,-79.908061,0
b839eb78-4b30-48fb-836c-0575788c25dd,8383,HOMEWOOD AVE + MONTICELLO,40.459391,-79.895481,0
b83d5de9-27ea-4f82-9d9a-a3131d0a167a,5820,GREENTREE RD + GREEN OAK NS,40.401118,-80.063307,0
b83f6862-c801-4dad-ac57-d2b87bb97151,2870,SPRING GARDEN AVE + GIDDY WAY,40.474632,-79.989122,0
b8559cb3-b8a9-4528-9d9b-8566b447e686,6613,HIGHLAND RD + WASHINGTON FS,40.348209,-80.051758,0
b85815cd-2ac3-4f0a-bf98-45e868070b9c,18951,GREENFIELD AVE + WINDSOR FS,40.423,-79.930411,0
b866d4c3-822b-4776-9eaf-47d102c1fb01,14685,MAIN ST + REITER,40.471881,-79.787714,0
b869bc99-7378-4ee7-a46e-e907245bf8a6,2621,PENN AVE + 36TH,40.464131,-79.964031,0
b8730239-044d-474f-a0ac-3fa75eb9626b,8404,WARDSONS RD + CHURCHLAND,40.471928,-79.897463,0
b87818a6-ca0d-436d-a8a8-166ac35f292e,8041,BEACON ST + WENDOVER,40.433866,-79.929223,0
b88b581c-8966-47c0-891c-b9b05b52460a,20708,CYPRESS ST + OAK ST,40.394136,-79.887588,0
b89147f7-0574-40b5-bb46-aa6f8dda46f5,8110,BRINTON RD + WESTINGHOUSE COMPUTER CTR,40.428987,-79.874301,0
b89292d2-0dfb-412a-8b46-28b3aa4bc485,13633,HWY RT 286 OPP NEW TEXAS RD - PLUM PARK AND RIDE,40.450647,-79.713551,0
b896ffd2-b2bc-4d1f-816a-9fdf7cce44cb,8341,WOOD ST + HILL,40.446192,-79.883411,0
b89c08e0-fd20-4cfb-89c0-ec1d72257083,11111,MIDWAY DR + #24,40.397647,-79.8808,0
b89e9699-9343-4e11-ab76-b5088356346f,4180,CHARTIERS AVE + MARLOW,40.458253,-80.07069,0
b8a33ff9-6061-448f-bc20-37ab4b3154b0,21576,CHURCHVIEW AVE + ANDRADE ST,40.385774,-79.969459,0
b8b5703a-1a76-4092-8e89-6566af7b4959,12055,HWY RT 885 + LEBANON CHURCH FS,40.347985,-79.939228,0
b8b9cb8b-da32-442c-97ce-f1c7d698c90c,1205,GRANT AVE + NORTH,40.480871,-79.974815,0
b8bbaac5-d8e7-408b-937a-cee153cb8754,1826,MT PLEASANT RD + #415,40.47987,-80.00165,0
b8c2db36-c123-4b76-86af-54bd573de3ec,2742,LOWRIE ST + CLAIM,40.463196,-79.983039,0
b8c338be-e8a1-4268-9d26-2988a22d7950,20585,EAST PITTSBURGH-MCKEESPORT BLVD + FAIRMONT ST,40.36222,-79.830647,0
b8d0cfa1-976e-4c37-acbd-94ec265e27ca,12167,WALNUT ST + PENN STATE MAIN BUILDING,40.344797,-79.826586,0
b8d99f44-a4bf-48d6-add1-e392694a9323,7085,KELLY ST + PITT,40.44058416,-79.889338553,0
b8dd6df6-60f8-4c24-a404-a26046f4ca01,22626,BEAVER AVE + N FRANKLIN ST,40.456333,-80.030057,0
b8f5a13e-ae12-4891-bae6-683c035959d7,820,PERRYSVILLE AVE + #3000,40.47611,-80.012407,0
b9042397-f83e-41f3-bbb0-73bbf0fa9236,4135,CHARTIERS AVE + AZALIA,40.444836,-80.041452,0
b90c2d9d-2ebd-4f5c-8638-17cab3b98a12,14867,FRIENDSHIP AVE + MILLVALE AVE,40.462386,-79.946194,0
b90ea082-3af6-4f03-9b8b-5354827fbd2f,6422,BOWER HILL RD + CLEMSON,40.372632,-80.076426,0
b914468b-e2f3-42ce-b70d-74e50cfe5e4e,14309,HULTON RD + 9TH,40.523839,-79.832854,0
b916eed0-5518-430d-9b45-74cbc87eb1cf,5103,STEUBENVILLE PIKE + WEST HILLS PLAZA,40.451542,-80.131007,0
b917e6b7-5c05-4729-a0a5-247cc8eb142a,10010339,McMonagle Ave + N Meadowcroft Ave,40.400896981,-80.048780321,0
b9337861-eb6d-4a43-832c-1b7e68d1ce06,5800,LINDSAY RD + WYNNECLIFF #1,40.383671,-80.080521,0
b936e45a-a6da-4bd5-a6b4-ace682586a54,1536,BRIGHTON RD + SCHIMMER,40.473804,-80.028981,0
b93c97a4-b23a-4d19-a2aa-d7156745e4c5,22839,PERRY HWY OPP WASHINGTON BLVD,40.552532,-80.037792,0
b954680a-d71a-4c66-a737-dbc96a49eec0,1473,BEAVER RD + OAK,40.562412,-80.203866,0
b96a7456-5152-40d6-a06f-97af1f779e55,19641,MCCOY RD + TOTERA,40.474633,-80.070405,0
b987601e-0b16-46af-94f1-4ca138ecbef5,153,MCKNIGHT RD + STEVENS DR,40.509357,-80.004159,0
b98aff2a-921a-43dc-81fe-3024379d8f24,7570,MAIN ST + HOWARD,40.397474,-79.841255,0
b98dd216-ff45-4bf7-b827-f4194f9f75b8,831,PERRYSVILLE AVE + LAFAYETTE,40.464931,-80.011579,0
b993d6b4-4dd8-4e2f-8b9a-f6715e5a73b3,2913,SPRING GARDEN AVE + FIRE HOUSE (#3367),40.480436,-79.995917,0
b99aafe3-9761-4abd-9324-a7866f20371e,9988,BROWNSVILLE RD + CRAILO AVE,40.396629,-79.987568,0
b9a105b0-4bd9-400f-bab8-1732caf90ec9,200143,Schenley Park opp Anderson Playground,40.436131385,-79.946245967,0
b9a24dbb-c118-40c4-a02e-875baa4b3e74,200245,Church St + Hanover St,40.420782247,-79.893199597,0
b9c8be6c-df85-4e2c-80c0-c5f8bd1c7149,2515,MCKINLEY AVE + ALICE,40.41007,-79.994685,0
b9cb7de4-b999-4243-a8ba-4354ee2c2f8c,10010380,Perry Hwy + Good Ln,40.539206741,-80.036412898,0
b9cf2299-78d8-4cb3-abc5-e8bcd391493d,470,SPRINGFIELD DR + SHADY OAK,40.579497,-79.993694,0
b9d8a74a-9b5c-419a-93cc-bed5fc3c6860,8126,MAPLE AVE + CHARLES,40.407752082,-79.820550969,0
b9e92158-f88a-44ab-bdeb-2dbec8833d30,8552,LARIMER AVE + ORPHAN ST,40.466849,-79.910463,0
b9f3aba1-7895-46b2-a4e3-ea2e9c4f6c02,14406,FRANKSTOWN RD + CHAMPA ST,40.462151,-79.859425,0
b9fb0641-07e6-4a72-9ade-3b3b0756166b,21148,HEMLOCK DR OPP NORTH PARK POOL PARK AND RIDE,40.586742,-79.996834,0
ba1a1d6d-8d2b-4706-85da-1880926a69ce,14364,BAUM BLVD + LIBERTY AVE,40.456721,-79.939483,0
ba25ad6c-9828-4368-9b77-863cb0f70aed,4449,S MAIN ST + WABASH,40.440857,-80.034895,0
ba2c25d0-0570-43f7-a935-295f4e233f7e,8377,HOMEWOOD AVE + FINANCE (BUSWAY),40.452946,-79.898624,0
ba338ff1-8ec6-44fd-ae65-adf83cafcd31,22623,28TH ST AT LIBERTY AVE,40.456319,-79.974662,0
ba3c15e8-24b3-4381-aacc-44c6c7cd0482,22732,CENTER AVE AT VISTA ST,40.511579,-80.090626,0
ba518052-b043-4c30-8050-30bec5b940c4,6658,GRANDVIEW AVE + AUGUSTA,40.439816,-80.022141,0
ba5ed111-264e-4b4b-83d2-01174f255c0e,6665,LABELLE ST + VIRGINIA,40.432235,-80.016524,0
ba63631f-4f36-459f-9476-d728ad0ca7f9,2242,ISLAND AVE + BRADLEY,40.470415,-80.060455,0
ba8d02c0-cc71-41b9-93e3-9e50f8c087c9,813,PERRYSVILLE AVE + CHERRYFIELD,40.485043,-80.015689,0
ba8f34a7-424c-4a90-adc1-b944ccb76395,6983,GEARING AVE + CLIMAX,40.419063,-80.005454,0
ba92693a-26cd-45c9-bd72-f98813e13be7,11129,JACKS RUN RD + MCKEE,40.343804,-79.79881,0
baa183fc-7d41-4c36-9368-75f5ec1197f7,8140,JAMES ST + SPEELMAN,40.421120203,-79.799954796,0
baa32d26-6f86-41df-885e-288893608ab9,5471,NOBLESTOWN RD + BALDWICK,40.426636,-80.056706,0
bab9bcec-1e15-4798-bb3a-45554baa71f9,15454,NEGLEY AVE + ELMER,40.453261,-79.931738,0
bad6f21f-6a35-45b8-ac42-74934e5f7447,12160,SECOND AVE + ALUVIAN,40.400252,-79.937948,0
badf9b7e-5f8b-4bc3-8d7b-a836d7218ef6,12796,PITTSBURGH ST + DUQUESNE CT,40.54094,-79.793071,0
bae1beda-e366-4e1b-8b03-ebc4503334f3,20881,HAZELWOOD AVE + SABINA ST,40.415918,-79.938613,0
baf07d44-b4e4-4a2f-8095-cf038ec3fc10,20600,MONONGAHELA AVE + 7TH ST,40.324454,-79.892507,0
bafc2c24-39b0-4667-a73e-cec8ed2db1c5,2315,STANHOPE ST + W CARSON FS,40.464308,-80.053845,0
bb0223e3-1576-458d-8488-8de8574ce92c,7163,WOODSTOCK AVE + BRADDOCK,40.415389,-79.876907,0
bb0b2ce3-cc16-4675-98ed-269f319680d9,8769,CENTRE AVE + JUNILLAT ST STEPS FS,40.445645,-79.970034,0
bb10347d-a395-45da-a3ca-7f8d41637980,6731,KATHLEEN ST + JUDICIAL,40.425687,-79.999805,0
bb1a8470-c570-4164-ad31-4d24bab6e1d9,19665,26TH ST + JANE ST,40.42583,-79.969199,0
bb1bcc7e-fc2b-445e-869d-5420f05a5b40,3456,FOREST GROVE RD + MIDWAY,40.477795,-80.102852,0
bb2a37b7-8046-48f3-962d-52c3ebae1f21,19618,CHARTIERS AVE + MUNICIPAL,40.452161,-80.052849,0
bb533a74-63d2-4cc4-a965-19712294f003,17824,WATERFRONT DR + LOEWS THEATER,40.407484,-79.918805,0
bb5ad59d-3d92-49a1-9013-808c0536c455,9737,HWY RT 51 + OLD LEBANON CHURCH,40.340531,-79.964186,0
bb5c6c2d-2427-4eeb-b0c1-8d56a190d19d,7646,WILKINS AVE + NEGLEY,40.444065,-79.925887,0
bb635530-f905-4fc9-8527-f87331f7abff,6110,PIONEER AVE + ROSSMORE,40.398101,-80.022722,0
bb6ef197-4351-43c2-9145-0ca7ef2c2be2,4765,HABERMAN RAMP + HARWOOD STEPS,40.42152,-80.003623,0
bb7b8985-48e0-4219-853b-f0fbe9289c13,10010507,Halket St + Forbes Ave,40.438548198,-79.961435583,0
bb90c401-1d83-4b8c-b281-cb5874e3e1ee,3354,MT ROYAL BLVD + GENESSEE FS,40.517483,-79.959014,0
bb919dae-3dcf-4a7b-9150-84f4ae8f32e4,8714,BEDFORD AVE + MERCER,40.444521,-79.98722,0
bb9811b1-efa8-49c3-878a-413b79efb641,10593,LONG RUN RD + COOLSPRINGS,40.332924,-79.813602,0
bba02be1-b1c1-4cf9-8ee4-56b00a2e2d41,18142,ELLSWORTH AVE+ SPAHR,40.458357,-79.927439,0
bba1cb27-eb61-4253-a5b5-807fe562d59c,22437,WOODSTOCK AVE + BRADDOCK AVE FS,40.415489,-79.877193,0
bba8a058-cc48-4d2a-88ca-4d9ce8690e94,1097,LAURELWOOD DR + #125,40.551796,-80.005131,0
bbac8c88-922f-4533-bcb9-a2aca64f57da,8244,ELLSWORTH AVE + MARYLAND,40.45623,-79.930721,0
bbb6aeeb-efc1-40b9-a6f5-73f709ba175d,10010304,Mt Royal Blvd + Ebonhurst Manor,40.55678364,-79.970881682,0
bbd19109-7cce-468e-9c00-d642347294b9,6151,WEST LIBERTY AVE + DORMONT AVE,40.391328,-80.038927,0
bbd6eb07-8844-40f0-be39-8dab3bacd06a,3636,CHARTIERS AVE + CRAWFORD,40.464972,-80.070591,0
bbd7031e-3ecd-452d-b131-01675d39aaf0,3740,WINDGAP AVE + SUMMERDALE FS,40.456291,-80.080158,0
bbdcdd10-6aa0-441d-b7a3-e54fd0d9ffb9,12707,MAIN ST + GARNIER ST,40.495318,-79.937477,0
bbe449d8-df6b-4ef1-a79a-6d91a038204f,11001,W 5TH AVE + PERRY,40.349015,-79.876911,0
bbe54c07-2364-4674-8f2e-343142cac364,20939,BRADDOCK AVE + 6TH ST,40.403333,-79.868719,0
bbea2e03-7f0d-4b60-8758-ad5818dbe9a6,20648,1ST AVE + LOCK ST,40.600199307,-79.752835567,0
bc00348a-de72-48ad-8eee-ce8478ff30b3,7056,WOODSTOCK AVE + WOODSTOCK TERRACE NS,40.414812,-79.874062,0
bc0587db-629b-4836-852d-607b6dc4db91,17647,WATERFRONT DR + COSTCO WHOLESALE DRVWY,40.404341,-79.920553,0
bc1bd3c1-6c03-463e-b039-f8f772429bc5,18906,BRYN MAWR RD + CENTER,40.44927,-79.957618,0
bc1cff59-4fca-454f-9c97-38cf9c8becb4,21563,CLOVERFIELD DR + SANDRA DR,40.397482,-79.966032,0
bc255886-70ba-43f2-afd1-a2098db3897f,1013,CENTER AVE + PERRY HWY FS (STEPS),40.518018,-80.032448,0
bc2d59cf-f24c-4b0d-adb8-17f0f0e6ee09,12601,FREEPORT RD + ALPHA (RIDC PARK),40.491378,-79.866017,0
bc2e9c72-cfea-44cb-a4e4-f121ba4739c7,22753,BOWMAN AVE AT CHESTUT AVE,40.359038,-79.834195,0
bc2f612b-2b09-48ce-8f08-ce0aac7a9769,22848,SANCTUS ST AT MAIN ST,40.441531,-80.032803,0
bc312b46-8375-41f3-b04d-cb4f7e4de087,2310,W CARSON ST + GATEWAY VIEW PLAZA,40.441703,-80.021367,0
bc35850b-8d81-421b-8509-02752f357db5,99974,DAWN,40.412945,-80.010848,0
bc56de16-c795-46c2-a0e9-b4ccd38354bb,19614,INGRAM AVE + MARCROSS,40.44385,-80.06631,0
bc6315e4-4464-4a93-871b-29fc7f15fcc8,16568,ALLEGHENY AVE + ARCHIE,40.523682,-79.841961,0
bc64e79a-4915-48db-97ba-1cdfad25e0fd,19276,MCFARLAND RD + DORMONT PARK,40.395485,-80.046432,0
bc69e729-863c-4e03-9d25-f9ba76dbf863,10010296,Ross St + 4th Ave,40.600396166,-79.756639297,0
bc720dfa-1b2a-4c85-b309-c34fca74fd45,7789,ARDMORE BLVD + BEVINGTON,40.427036,-79.862778,0
bc749e93-2137-45ff-ba5f-bc19a75b5220,845,CENTER AVE + #360,40.517045,-80.022222,0
bc787198-b203-4a70-b7dd-ed90b6450680,17224,5TH AVE + #1681,40.353324,-79.846079,0
bc8b6ab1-04ca-45f6-9da9-fcd28bf859eb,18763,STUEBENVILLE PIKE + CAMPBELLS RUN FS,40.448242,-80.157086,0
bc932571-ea53-42c0-a041-4009337f0218,200231,PRIDE ST + FIFTH AVE (SB),40.438676222,-79.985157177,0
bc9d1152-2454-4ae1-a7d3-8c1b81f2adff,2373,BROAD ST + THORN,40.539105,-80.181638,0
bca287e1-4dff-46c5-b305-0c9f67412d9d,12668,PITTSBURGH ST + JAMES FS,40.541225,-79.780351,0
bca6c122-2413-42af-8172-624de1efa408,21712,BOWER HILL RD + #809,40.360208,-80.1015,0
bcb376b6-0620-4cc8-9be1-6058cb760a49,20313,HIGHLAND DR + JOB CORP DR FS,40.478271847,-79.899286619,0
bcc5e0c1-2bb5-40a5-b665-2ea2ca90458a,8461,HOMEWOOD AVE + MT VERNON,40.461532,-79.894724,0
bce99162-9e48-4b97-9f5d-61c6c5374b0a,18894,TERRACE ST + SUTHERLAND DR,40.442906,-79.961949,0
bcf865c8-83f6-41a7-832b-a0d7fdcee2da,3901,CAROTHERS AVE + CREEK,40.401629,-80.088441,0
bd044ad6-4308-452f-a76e-6ef423e138a0,12808,FREEPORT RD + GLASSMERE GAS STATION,40.560153,-79.772559,0
bd0c91f5-f86c-4790-888d-a093a1ef6c1b,19871,PENNWOOD AVE + FRANKILN,40.441851,-79.887263,0
bd1b2ef1-c500-4a40-bce9-f5bda7168502,8805,LINCOLN AVE + VASSAR,40.467895,-79.896891,0
bd338861-b504-471d-b3c1-3a43b705bf5e,4445,NOBLESTOWN RD + OBEY,40.438015,-80.049477,0
bd3fee3a-df2b-46f8-bede-79e1cacdf576,13319,FREEPORT RD + FAIRMONT,40.622225,-79.727024,0
bd42dacf-0ae1-4abc-9d7a-077322ac4770,15601,WM PENN HWY + JADENS II,40.431966,-79.730328,0
bd48a38c-5146-4833-ac6b-4ef8f4826729,10010461,Perry Hwy + Saint John's,40.533557179,-80.035971678,0
bd532c14-1b0c-40e5-b370-50a48214ab9d,15079,CORBET ST + 6TH,40.602967664,-79.752562795,0
bd5cf47b-8b00-4801-a7ff-6f418abe52db,10923,MURRAY AVE + BEACON NS,40.43461,-79.92278,0
bd662cc6-7703-4e5c-992e-51c77ab09969,6740,BOGGS AVE + LELIA,40.421852,-80.010375,0
bd67dc9a-072e-4b0c-8b93-71390e757942,10010372,Brackenridge Ave + Cherry St,40.603638563,-79.74353877,0
bd768cd7-9980-4c67-97f2-a9b7a8585781,10748,LINCOLN HWY + LINCOLN SQ SR CITIZEN HOME,40.386925,-79.827746,0
bd76f95c-5084-4a17-bf15-099b84335c13,14528,FRANKSTOWN RD + SHENANDOAH DR,40.474221,-79.821772,0
bd788af9-1253-452f-873b-f7810182798a,7115,FORBES AVE + CRAIG ST,40.444327,-79.948893,0
bd82dd07-9b5e-4fe2-a623-5650c93cfd9f,1338,MERCHANT ST + VALLEY,40.579876,-80.221603,0
bd93621a-cfdc-412b-8fd5-21faaacf3afb,12661,INDUSTRIAL BLVD + KEY LINCOLN-MERCURY,40.563447,-79.76792,0
bd97fc5f-fe6b-4733-b60d-2d9d37e97e6b,10386,WALNUT ST + GRANT,40.319853,-79.835293,0
bd99b5a7-84a6-4c27-ae30-47c3b00c8167,19898,HWY RT 51 + IRWIN FS,40.343586,-79.970155,0
bdad86e9-6f08-4e7e-8ae3-1430e33c6ae8,225,EAST ST + HAZLETT ST,40.47453,-80.005074,0
bdb9fa6e-4711-4ed2-862a-fe2f1a3ddc6c,11171,LINCOLN HWY + LEUHM,40.370409,-79.786434,0
bdbed02c-c49b-415d-b340-7f197990db97,8893,CENTRE AVE + ALLEQUIPPA,40.44839,-79.958832,0
bdc2d077-6a93-432c-9134-41a0e1397789,1938,CALIFORNIA AVE + ST JOHNS CHURCH,40.46792,-80.035337,0
bdc5f5a5-b1ce-4e6e-935f-4d75ae176882,7618,PARK AVE + SWISSVALE,40.444752,-79.875496,0
bdc715d5-17ec-44ba-8723-770d3b818812,6838,SOUTH BUSWAY + OVERBROOK SHELTER,40.385218,-79.995853,0
bdc72b53-c4cb-4df3-a7af-005e002aee7b,21673,CHARLES ST + GEORGIA AVE,40.416498,-79.994911,0
bdca7a7b-5a66-4b90-9cfb-c25f686a9c83,8539,HIGHLAND AVE + VINTAGE SR CENTER,40.46536,-79.9231,0
bdd43032-5379-467a-ad04-8afae2292121,9184,PENN AVE + MAIN,40.465725,-79.955054,0
bde39404-b051-4006-8273-c56216173d5b,22400,W CARSON ST + TABOR,40.462823,-80.05203,0
bde3bfa5-d9e1-4c2c-b6f9-fc3d499aa543,7620,SWISSVALE AVE + NORTH,40.443043,-79.876846,0
bde67bdd-15c3-4b35-a051-f1a0b4b6a29c,5096,STEUBEN ST + LINDEN,40.438982,-80.072822,0
bdf489ba-bf0b-46e9-8de7-433a952c6d57,18641,16TH ST + PENN AVE,40.448769,-79.987392,0
bdf741f4-e6fa-44e9-9996-29ba0a52482b,9105,FRANKSTOWN AVE + WILKINSBURG AVE,40.45821,-79.875839,0
be010a21-4891-45c8-bba5-5588c4327f32,21588,CHURCHVIEW AVE + ANDRADE ST FS,40.385817,-79.969884,0
be12f7ba-d1a2-4834-b4a5-bdae9c1d2095,200155,WYLIE AVE + WANDLESS ST,40.450522872,-79.966346062,0
be16dd7d-1cb1-4c0c-80f1-96b5d98587ae,7545,COREY AVE + 4TH,40.40818,-79.867125,0
be20c775-f317-4c31-80fc-cf7bcc607a2b,3731,BROADHEAD-FORDING RD + VILLAGE RD #2,40.44973,-80.080671,0
be32aea5-e043-46b7-88f4-8ce1028b23a6,3163,CALIFORNIA AVE + COLUMBUS AVE BRIDGE,40.458794,-80.02329,0
be51d57c-582a-49c8-95c5-df339b208003,624,N. COMMONS + FEDERAL ST,40.45405437,-80.005870927,0
be6464df-f9a5-41ea-8a1f-8b4f51295602,21251,COCHRANS MILL RD + BROWNSVILLE RD FS,40.325086,-79.985709,0
be6b05a2-5082-4ea7-92af-31c48d828836,21510,UNIVERSAL RD + WEBSTER DR,40.462171,-79.81472,0
be6e5528-82ea-4669-9b83-73c9a0a55791,18769,BROADWAY ST + 9TH,40.473497,-80.076175,0
be709c6d-ce58-45de-8bd9-17aa7c1f03fd,3124,HIGHLAND AVE + WELLESLEY,40.472637,-79.919746,0
be776397-f4fc-4f5a-bac6-3dfa6d12c7c2,20107,LAKETON RD + COLLINS RD,40.453568,-79.859013,0
be7d5429-0568-4fc6-8a4d-cb601687b495,12650,FREEPORT RD + 3RD,40.57702,-79.778416,0
be926563-8cad-42b8-bdf7-58fd50fd5640,9758,BROWNSVILLE RD + FELIX,40.350306,-79.987923,0
be92cd5f-a61c-4c51-955f-9860f2220416,19533,BUTLER ST + MAPLEWOOD,40.498846,-79.943781,0
bea7ff81-f650-4232-8ecd-e1d98321ee30,20531,HWY RT 885 + WRAY LARGE RD,40.318595,-79.921816,0
beab8ef8-1d07-4bf8-9cc5-5246444b5c3c,10994,DUQUESNE BLVD + CENTER,40.363978,-79.842911,0
beae371d-a255-47f2-9f7c-fcd471f19f80,1345,BEAVER RD + CAMP MEETING,40.564054,-80.205796,0
beca7342-de9a-4e5f-b3d5-98f305414b6d,19434,COAL HOLLOW + OLD COAL HOLLOW #2,40.462137,-79.842484,0
beca9838-2fe7-4240-b573-282015b86f73,2663,BROWNSVILLE RD + GOLDBACH WAY,40.415548,-79.987362,0
bed0f8e1-470b-4515-bd40-434f971285ea,4752,BOWER HILL RD + SERPENTINE,40.384526,-80.05546,0
bedfe514-2642-4d8f-8594-5fbe2fd2fc5d,200183,Horne Blvd + 16th St,40.576558334,-79.767198551,0
bee6c06d-9d6d-42a2-af44-6b3cb2b6804e,9677,BROWNSVILLE RD + FELIX,40.349961,-79.987648,0
bee97f9f-ff6a-48f1-89f0-d6c4382a580b,10939,RICHLAND AVE + 6TH,40.350383,-79.895232,0
bef47b0e-1034-4dde-ab51-bd703caf2c21,8467,HOMEWOOD AVE + HAMILTON,40.454737,-79.897505,0
bf02eb2b-ee40-4104-a371-96a6d429069d,18853,HORNING RD + BROUGHTON FS,40.330774,-79.988297,0
bf117474-d2b6-45e3-982c-88c1f0e8af93,960,CHARLES ST + NORWOOD,40.470272,-80.012608,0
bf124779-6388-447f-af72-335b38c6fbda,17370,PTI DR + MCKEE,40.422093,-80.191236,0
bf1597a2-145b-4149-96ec-bd0270a9bb6a,22854,CHERRINGTON PKWY AT CORAOPOLIS HEIGHTS RD,40.498194,-80.207575,0
bf15985c-06d4-4a6b-ab2c-453de02e8af3,19069,LEECHBURG RD + #6503,40.487108,-79.803181,0
bf1d5d0d-80a7-4ad9-a74d-ce501b219378,10010505,E Ohio St + Chestnut St,40.4546989,-79.994573987,0
bf1fce02-5864-4382-b1a4-bcbcd4530888,21559,AGNEW RD + JOSEPH ST FS,40.396297,-79.971179,0
bf25e19d-0770-4346-a27a-c25981973963,8403,LEMINGTON AVE + WARDSONS,40.471383,-79.898108,0
bf2948b6-fa51-4d4d-b76c-b2579686d9c4,10038,LEBANON CHURCH RD + REGIS AVE,40.347555,-79.952147,0
bf2cde35-1fc5-49a0-b70f-420df7a755f6,20674,EAST OHIO ST + GRANT,40.478296,-79.96892,0
bf30f6ae-907e-4f2c-a76f-557f04be76fb,7312,SCHOYER AVE + TONETTE,40.422629,-79.894731,0
bf31c84d-9c6c-432e-9663-e716410f9dc0,5922,SECOND AVE + MUNICIPAL COURTS DR FS,40.435982,-79.995478,0
bf36cd60-5886-4efb-a433-23e5053a247c,1605,BRIGHTON RD + MCDOWELL,40.47177,-80.026958,0
bf4940c0-00cf-43b1-8e52-27e5fcdc685e,8835,GROVE RD + SELVIN,40.473825,-79.868673,0
bf4c11e4-e994-4899-a3d8-d97679902646,10010455,S Braddock Ave + Edgerton Ave,40.443312734,-79.896791628,0
bf51b597-0a63-4567-bb45-2b3bc4d2dd27,3280,BRYANT ST + EUCLID,40.475736114,-79.920006348,0
bf52be96-5a31-4bb3-9857-a002ecaea708,2444,MT ROYAL BLVD + CAMPBELL,40.526597,-79.96344,0
bf74c8f1-ab0f-457a-81db-93086c0d4710,12357,KEEPORT + #5407,40.339562,-79.980222,0
bf846ddf-7dc9-4f9f-9117-c52a8bd6adfd,10390,WALNUT ST + CENTER,40.315688,-79.831718,0
bf91043a-8db1-4ad4-bad1-0818b7055c1d,10010421,Forsythe Rd opp Woodridge Dr,40.404191561,-80.07101951,0
bf95446f-d442-423e-b4ec-1ef2a4807dbd,2064,PARKER ST + SOOSE,40.494162,-79.962905,0
bf971fa2-c636-4793-b014-3f7161d48aed,568,PERRY HWY AT ROSS PARK AND RIDE- LOWER LOT SHELTER,40.508775699,-80.029434114,0
bf99f47d-c7f9-465f-a876-0a0af90b41bc,19894,BRADDOCK AVE + DELMAR,40.423876,-79.887322,0
bfb1c231-e9e3-4263-8a87-9eda49358f0c,11035,WEST ST + 21ST,40.398052,-79.903405,0
bfb5ec92-3a3d-44fc-928e-66dee3a4bfe6,2238,ISLAND AVE + TUNNEL WAY,40.477246,-80.066341,0
bfb64103-3d43-46fb-b642-c8a3bf94ffb1,12112,JOHNSTON AVE + GLENWOOD,40.406469,-79.939846,0
bfb8b6dc-24c0-471f-b260-4e3ac14aa069,22641,WORTHINGTON AVE AT 8TH ST,40.292385,-79.890209,0
bfc00026-9a39-4ac4-822f-32e76437a5b8,2600,ARCH ST + ALLEGHENY MIDDLE SCHOOL,40.453091,-80.009118,0
bfcc29a4-907d-40e9-9566-8f98ddc9efa5,19070,LEECHBURG RD + LEECHBURG GARDEN APTS,40.488197,-79.801287,0
bfd47648-82a3-4ce8-b1d2-75efed23f2f3,2880,SPRING GARDEN AVE + ARCOLA,40.460169,-79.991527,0
bfd6595d-f66a-4e44-b017-3bb3726f3007,4657,BANKSVILLE RD + CARNAHAN,40.407116,-80.034218,0
bfe77b56-0270-4830-8a3d-9e3308a93db7,4142,CHARTIERS AVE + MUNICIPAL,40.452196,-80.052669,0
bfef82f8-89b4-4374-8f4e-8db35500df46,8748,ROBERTS ST + CENTER AVE,40.442285,-79.983365,0
bff31305-d4e2-4b57-9e47-b2a87dd567e1,1861,SHADELAND AVE + CASEMENT,40.470717,-80.030662,0
bff57cfb-145b-45a5-9a39-248fd2fc1e28,6601,CEDAR BLVD + MAYFAIR,40.371078,-80.059793,0
c008c9b4-1dc3-4dc6-9129-285fc3f3d14b,100103,4th Ave + JFK Playground,40.569254846,-79.767185561,0
c012c7ba-787b-4923-bae1-62a5c4878ac3,11105,WHITAKER WAY + SCHWAB,40.401897,-79.888633,0
c01b1d87-cbf0-47a8-a5a2-6d8ce387d2de,8932,MT CARMEL RD + TYLER,40.468040447,-79.882736556,0
c0214312-8b32-4bcc-857f-69c9ade8da9c,8035,BLVD OF ALLIES + JULIET,40.434992879,-79.956133578,0
c0307b76-710c-4ce1-a044-f518c70c2de2,2859,CHAPIN ST + #354,40.489845,-80.004822,0
c0352cb2-b925-4ef6-8632-901d377a26ac,22811,WYLIE AVE AT CRAWFORD ST,40.442614,-79.987326,0
c036a777-e613-4bfb-8b2e-3d570bf0f4b3,13792,FRANKSTOWN RD + BON AIR RD,40.463679,-79.855552,0
c044bace-8aa7-4049-90b7-1751afea18f2,200177,Tarentum Br Rd + Giant Eagle,40.592833893,-79.752390664,0
c0545241-6ca8-4fda-ab32-b962b44b42b7,8289,WOOD ST + WALLACE,40.444376,-79.884293,0
c05e63dc-46e2-4780-a4a7-406e2277e0f5,19433,COAL HOLLOW + OLD COAL HOLLOW #2,40.462075,-79.842542,0
c067daec-e786-42b2-86a8-96e73433b7db,11198,WORTHINGTON AVE + 10TH,40.292042,-79.893567,0
c06bb314-0651-484d-af64-7f1c6e692eae,18707,ENNERDALE DR +LAURELWOOD,40.551704,-80.006004,0
c06d0c9c-116f-4d47-82bc-eb469236ec95,1553,NORTH AVE + BRIGHTON RD FS,40.454003,-80.01407,0
c06dd1d0-e30b-41f7-8f46-5cee4c80c578,22819,THE BLOCK NORTHWAY DR AT DAVE AND BUSTERS,40.549778,-80.021047,0
c073e3cb-620a-4825-a8ed-54876501b01a,102,BON AIR STATION,40.408156,-80.003178,0
c077f57d-94c2-4375-a646-0b2fbb84fc0d,4786,ARLINGTON AVE + COLOGNE,40.417496,-79.969558,0
c0863f4c-d9c0-4dfa-9f98-49024d97094c,10909,8TH AVE + AMITY,40.407175,-79.910787,0
c0a6f90e-7318-4377-b2af-8281521ee628,11027,9TH AVE + AMITY,40.406542,-79.909984,0
c0b086b6-f409-43fb-9c54-b7bb2932f45a,20642,HWY RT 885 AT COAL VALLEY RD FS,40.322095,-79.925844,0
c0d3912e-3244-41bb-adbb-789d9b483dd6,19436,CENTRE AVE + WASHINGTON PLAZA,40.440666,-79.987163,0
c0e93451-72b7-4ecd-875a-5bb0fd1c95ea,10592,MCKEESPORT TRANSPORTATION CENTER + BAY #4,40.352268536,-79.861072412,0
c0eae5b9-a408-435a-925b-e3ea8c2ee372,2319,ISLAND AVE + BOQUET,40.466601,-80.060404,0
c0efdf09-c7fb-4020-a1a5-41aaac31c025,4235,MIDDLETOWN RD + MARTERA,40.444085,-80.056029,0
c1093027-ebf2-45a2-b537-d0f82e567029,6647,BROOKLINE BLVD + PIONEER,40.396176,-80.023332,0
c11b94ed-2e26-484f-8ba2-3c26c07adc40,18659,WEST LIBERTY AVE + MCFARLAND,40.389702,-80.041496,0
c12072cc-a746-4518-9401-c1e502bd14ba,7027,ARLINGTON AVE + #916,40.424948,-79.990318,0
c125c9dd-2e85-49b4-afa4-41a891dc6319,7947,PENN AVE + SUMMIT,40.443249,-79.866638,0
c128d945-9a2a-40bc-8b52-65c76c572726,18611,BEATTY RD + BEATTY POINTE VILLAGE FS,40.445702,-79.74741,0
c12b39f9-f34f-4384-945f-cf3afb45702f,20416,ELLSWORTH AVE + EAST LIBERTY STATION,40.459179,-79.922894,0
c12bf486-b39a-4a06-b72f-a0c0f71e5e69,21228,CAMP HOLLOW RD + LEBANON CHURCH RD,40.349689,-79.927005,0
c12ebab9-6798-4bb7-8933-8322b4132315,4753,BOWER HILL RD + CARNEGIE FS,40.383077,-80.056647,0
c13d3ff0-b42a-41d7-986e-b8b297dcc917,19612,SILVER LANE + FALCK FS,40.462752,-80.139462,0
c14e181a-7dae-45af-b0ac-4757386f572a,16535,LINDEN + BEECH,40.399804,-79.835514,0
c15034ef-0e74-4daa-9ea8-e579a4230bee,7093,FORBES AVE + DALLAS,40.43807,-79.912789,0
c157de75-b511-424c-aefc-45f7b2e44e96,9172,PENN AVE + NEGLEY,40.463414,-79.930203,0
c15d5a92-7194-48f7-80a2-833cb8bceca2,8935,VERONA BLVD + RUNNETTE,40.470534,-79.887576,0
c15d7c0e-5d48-471e-b79e-6bbf39126ac3,10010344,Chestnut St + E Main St NS,40.410182313,-80.082642403,0
c1611461-7691-48b6-bb1f-a5df683b9b34,19245,RAILROAD ST + 4TH FS,40.389298,-80.088714,0
c1660437-43cb-4c06-9864-569de6eabbe9,10010483,6th St + Sinclair St,40.350176925,-79.861741759,0
c169904b-91da-4ead-9205-f65dca27a5dc,2178,LIBERTY AVE + 27TH ST,40.455219,-79.976433,0
c16a2aa6-4b18-414c-824a-22b6a737c807,2786,MT TROY RD + GEYER,40.493395,-79.994772,0
c174f42e-a0cb-4960-9c44-25b5755651d2,9286,STANTON AVE + MELLON ST,40.471068,-79.925085,0
c17fab7c-1ed1-470f-948f-f0d89d4f64f9,2400,HWY RT 51 + EDGETOWN APTS,40.500011,-80.112061,0
c181c918-d167-4f41-b490-6c11cc521828,5330,WASHINGTON PIKE + RACEWAY PLAZA,40.387398,-80.091466,0
c195c47f-0c0d-4815-8ea1-228f4563547e,3453,FOREST GROVE RD + SPEER,40.481812,-80.10984,0
c19e5826-0963-43a1-9f9d-f9273f9ce941,6407,WEST LIBERTY AVE + WENZELL,40.398453,-80.02614,0
c1a48805-ae56-4fc6-aac8-1fd9d882d546,1772,MT PLEASANT RD + COLBY ST,40.483122702,-80.004030173,0
c1a734ab-8d29-462f-b77e-7f257d09838a,7527,MAIN ST + RIDGE,40.398403243,-79.840991703,0
c1a8a91d-9674-4033-bb0b-e08228488280,1197,PENN AVE + 40TH ST,40.465262,-79.957734,0
c1ac2f56-e49a-4fd3-bb66-ee785a0acfac,10010354,Perry Hwy + Bonnie View SB,40.623616421,-80.053921972,0
c1b1bbc3-8c46-40c5-b4f3-61f1b1b49592,92,SOUTH BANK STATION,40.393266,-79.99833,0
c1b802cf-9150-4ce0-8ac5-4897a2952f30,18630,FRANKSTOWN AVE + BLACKADORE,40.455422,-79.883552,0
c1c0866d-03e5-4e02-b0d3-9933bfd6e4bd,2593,26TH ST + PENN AVE FS (SPRING WAY),40.454586,-79.978073,0
c1d4e1ce-43b2-4472-94c1-fd3cb7975c50,19243,WASHINGTON AVE + MARSHALL FS,40.399497,-80.082724,0
c1e42a2a-7968-4e2a-b733-c95f78ed3a18,289,BROWNS LN + MCKNIGHT RD FS,40.545836,-80.017418,0
c1fcfcdb-0c7e-453c-9d9b-6fa39df7ef05,11032,WEST ST + 17TH,40.400719,-79.90571,0
c1ff8bea-34b9-4e56-9db8-9f7508c370b5,10019,BROWNSVILLE RD + E MEYERS AVE,40.399887,-79.989153,0
c203a5c3-38ec-4f84-908f-e57aef5b2707,4873,ARLINGTON AVE + JULIA,40.417974,-79.978534,0
c206b9a3-345f-49cd-b29f-cc9f03d7ede7,21248,REED ST + ADDISON ST,40.442821,-79.977147,0
c212c488-203e-4e4c-8646-e7516d0b4f15,10961,8TH AVE AT WEST ST FS,40.406213137,-79.912049856,0
c2170705-8451-451d-b005-9f6e5a611ec7,16109,EAST BUSWAY + EAST LIBERTY STATION B,40.459348,-79.923089,0
c21971d2-faa6-44ad-b209-4f85c940bf53,12670,PITTSBURGH ST + MURTLAND,40.54113,-79.782293,0
c21a0c80-8fea-4ff0-8a5b-461ba737449d,21350,MCKNIGHT RD + NORTH HILLS VILLAGE (CENTER ENT),40.525363,-80.005368,0
c2268d4c-02a3-4f0b-ba17-8a2c728c7e16,7628,PENN AVE + BRUSHTON,40.4466,-79.893367,0
c228a25e-c054-4a16-9e3d-f0803efea575,8648,ROBINSON ST + ALLEQUIPPA,40.4429,-79.965834,0
c234bed0-3613-4aa3-b9bd-fe8dc37f86a3,21242,GREENSBURG PIKE + PATRICIA LN,40.388359,-79.822212,0
c23f9d11-d6f2-4f9b-aaf7-e4d3a3f4128e,4570,BANKSVILLE RD + BANKSVILLE AVE,40.418105308,-80.029722299,0
c246d095-848e-4420-9553-15cd182ad929,10981,DUQUESNE BLVD + COMMONWEALTH,40.383,-79.857584,0
c25838f7-4d80-44d2-868d-6ad4140809d6,20392,SALTSBURG RD + ALCOMA GOLF CLUB,40.481103,-79.802524,0
c2645680-546a-4e58-906e-2f7be452063b,15746,COCHRAN + ROBINWOOD,40.390833,-80.059083,0
c27239ae-59bd-4dc0-a7fb-5938a380a11d,165,EAST ST + MILROY ST,40.476913,-80.006848,0
c27f0191-2569-47a0-967a-3ae1868299a7,10010277,Tulip Dr + Park Ln,40.339590001,-79.830533396,0
c28e9f9b-801f-4c3d-b195-585f9d8d0b2b,2737,LOWRIE ST + HECKLEMAN,40.468706,-79.979071,0
c28fc953-c4f9-4003-a7fe-e0e8d48ffe94,706,DUNCAN AVE + ROYAL MANOR CT #2,40.566016,-80.001668,0
c28fd0dc-40f6-4e35-a6ad-161d08a1bdb9,4748,BOWER HILL RD + SALEM,40.381424,-80.059059,0
c299f4c6-b97d-4c49-b652-dca065da1d79,11768,PENNSYLVANIA AVE + MELLON,40.36207,-79.858867,0
c29c7a1b-d63f-421d-b363-1f895cfe7eba,14760,SALTSBURG RD + STOTLER RD,40.482749,-79.809457,0
c2a4c5ef-7eca-4c8c-81d2-0133a7583632,9248,ATLANTIC AVE + HILLCREST,40.468291,-79.938188,0
c2ab45ab-2307-4a67-acf3-af464bd01aef,3370,BUTLER ST + ISABELLA,40.494532,-79.946454,0
c2b5f432-8692-4e90-98d8-c104dbff315e,2375,BROAD ST + HILL,40.541466,-80.178363,0
c2c1c011-7516-44ec-9218-201f38f6ea76,10010454,Duncan Ave + Kirk Ave (FS),40.559966828,-79.963659751,0
c2c346ad-88ec-424d-9e9e-e3c51cb2c300,21447,WARRINGTON AVE + BELTZHOOVER AVE,40.421583,-79.997592,0
c2d73c1a-c0ef-4a42-9389-61931f895d5c,20184,LOWRIE ST + LEY,40.464635,-79.982009,0
c2da6252-1e19-415b-bbf5-58c8ea74646f,79,STEVENSON,40.399491,-80.03364,0
c2e200f6-eb95-482f-b72a-7b06b67093e9,4546,SHADY AVE + MT LEBANON STATION,40.381839363,-80.043123232,0
c2e349da-2959-4620-a01d-8ecd64841b60,20607,STATE ST + MAPLE AVE,40.298619,-79.875578,0
c2ec242f-748e-420d-a5fd-41402c191106,1733,CHATEAU ST + ADAMS,40.458163,-80.029651,0
c2ed7e9b-b272-4589-bf3a-810415f0e3e9,14792,SALTSBURG RD + COLONIAL VILLAGE DR,40.47503,-79.790912,0
c2f02587-08d7-474e-8d6e-e0c6221cdb0c,18516,BRADDOCK AVE + ELECTRIC,40.400542801,-79.833863593,0
c3015bce-afe7-4272-a99e-1d63336bf4b5,22068,FRIENDSHIP AVE + STRATFORD AVE,40.460995,-79.933182,0
c309e8b5-119e-4bef-9557-62e2324c5919,129,MCKNIGHT RD + MALIBRAN DR,40.557392,-80.023102,0
c31296fc-f581-4007-a2fd-cfc6f5b4d648,3259,FIFTH AVE + COLLEGE,40.451085,-79.925929,0
c314e25a-9eac-419b-822e-13fee7829af4,9868,MONONGAHELA AVE + 8TH ST,40.32258,-79.89238,0
c338a40c-5401-4856-afc4-e6ea7e5d118a,9606,HWY RT 51 + SOUTHLAND SHOPPING CTR ENTRANCE,40.332179,-79.945835,0
c33e6579-b21f-4664-a649-ca5931405e2e,20596,MONONGAHELA AVE + 3RD ST,40.330873,-79.8926,0
c351d948-7c0f-4042-a79d-4623a057a4d8,20785,JOSEPHINE ST + ARLINGTON AVE,40.417514,-79.965511,0
c35fb9ad-5594-440d-805d-4e5062ab6bf5,10010438,Glenbury St + South Busway,40.382714813,-79.996942525,0
c3617dcd-f72b-422e-8977-2fdfb9c12693,848,CENTER AVE + OAKWOOD,40.514524,-80.023951,0
c37145c7-6ab4-4c62-9585-be04da206765,20979,HIGHLAND AVE + ALDER ST,40.45749702,-79.92527537,0
c372dbd6-2f97-4d42-9b6d-0d6a6b47be31,20558,BOWMAN AVE + JARVIS ST,40.355417,-79.83972,0
c37417f8-c517-4f9b-bb99-74a54f98b6c5,3366,BUTLER ST + MAPLEWOOD,40.499024,-79.943899,0
c378db10-a0db-4b88-b57f-e523715593bc,12071,JOHNSTON AVE + MANSION,40.405517,-79.937283,0
c38149ad-383a-468a-a129-8edd4920fe72,7252,MILLER ST + GAS ST,40.416013,-79.885384,0
c384199b-0443-4b5d-a823-198b3f81c73f,9111,FRANKSTOWN AVE + BRADDOCK AVE,40.45591,-79.889557,0
c3885a6d-d48c-490e-95fb-bd58b3545082,23096,WOOD ST + FORBES AVE,40.43998,-80.00087,0
c399a854-23dc-48c4-b9d9-5520137ae110,22076,FRIENDSHIP AVE + GROSS ST,40.462476,-79.944382,0
c3a24ac9-5162-4c6f-a9ca-652c677ef33a,10010481,Brownlee St + Pirl St,40.352032646,-79.8446363,0
c3aa7dcb-85e9-4935-b4c8-51c361c583dc,21271,LIBERTY AVE + 37TH ST,40.462126,-79.961863,0
c3aba178-aa22-4dcc-ac33-e6e8ad414253,15833,ARLINGTON+ JOHN F.S.,40.41795,-79.987142,0
c3acaaea-ac2f-4997-ac02-adcde1d3cc31,8364,SHADY AVE + BEACON,40.435215,-79.918899,0
c3c4f3cd-692a-4437-8901-387cd619aad5,14422,HAMILTON AVE + JULIUS,40.458202,-79.911682,0
c3c5225b-a6c5-4960-a757-1eeef8a25b35,6793,WEYMAN RD + FOXWOOD MANOR APTS,40.367182,-79.999221,0
c3c79cbc-e6bc-42c5-a705-ad604252348f,21746,OAKWOOD ST + HAMILTON AVE,40.451524,-79.884648,0
c3c8b7cb-eaa6-4c98-8326-ebf88712d475,9800,COCHRAN MILLS RD + #985,40.323825,-79.984652,0
c3cbdbeb-0f42-4514-851c-5d68d7fc90d3,7029,ARLINGTON AVE + WARRINGTON,40.421958,-79.992244,0
c3cc36d9-078c-4a22-84ce-68389725d535,20071,MURRAY AVE + NORTHUMBERLAND,40.441554,-79.923442,0
c3ee6b34-8287-4195-ba63-8ccb316e2c4f,2448,MT ROYAL BLVD + MOREWOOD,40.534451,-79.969528,0
c407e92e-1d35-43dc-bf29-42c4f0c39822,15478,SOUTH MALL ENTRANCE DR + DSW DRIVEWAY,40.335406,-79.946519,0
c4114667-6204-4f42-8943-851bb97f41f1,21175,GRANT AVE + ERWIN ST,40.37172,-79.853243,0
c41261b7-5fd9-4f2b-88b0-9e75eb55cd10,1123,BABCOCK BLVD + THOMPSON,40.510920625,-79.994226404,0
c41c65ca-a0c1-40dd-989a-9c10c3c9d67c,11927,WHITAKER ST + ELM F S,40.39711,-79.884246,0
c41fb519-563c-49fc-98ae-867a3294717b,22685,PINE HOLLOW RD AT #1806,40.47904,-80.103662,0
c42192e5-e993-4416-ad00-7623e55daf74,22118,BUTLER ST + #6012,40.48638,-79.942801,0
c4452dd7-777a-472b-aef7-cd3797e6b6ac,1353,BEAVER RD + CHESTNUT,40.550271,-80.190464,0
c44f6133-ba6f-41dc-8155-7ddfe2277f55,6205,WEST LIBERTY AVE + WISCONSIN,40.393816,-80.03611,0
c4522713-de60-418f-a8a8-2c34c9eb61ed,2316,STANHOPE ST + CHARTIERS,40.463627,-80.056418,0
c453599e-3d2a-46e1-8343-e435bebf4075,6842,SOUTH BUSWAY + WHITED ST SHELTER,40.395584,-79.999582,0
c454497b-e2d9-4ff7-8ed5-8457bd2c90ae,7418,BRINTON RD + GENERAL BRADDOCK,40.410093,-79.850683,0
c455d2ae-23ff-4626-901b-5fd4f0887c6b,1144,GRANT AVE + SHERMAN,40.479332,-79.972138,0
c45fd2d6-0202-45c7-8e5a-a71c6f43921f,1009,CENTER AVE + CHALFONTE AVE,40.520324,-80.038181,0
c4672a11-9d4f-43f7-8821-a369fd5f4d85,20119,MURRAY AVE + FORBES AVE,40.437748,-79.9229,0
c469e2ca-c5e0-4e00-a6ea-5c0a890b7f10,5860,GREENTREE RD + RYAN,40.402916,-80.060647,0
c46d5472-20ca-4891-84e2-9376d7879205,2785,MT TROY RD + #3802,40.492169,-79.994015,0
c473497a-5d65-4faf-be75-fb1120d00467,4666,BEVERLY RD + MEADOWCROFT,40.390083,-80.047831,0
c4741313-d396-4fb3-82f3-8929cf3cb454,9755,BROWNSVILLE RD + CARLYN,40.353915,-79.989848,0
c4761560-3980-4057-9493-f300e0719938,19058,FRANKSTOWN RD + RITZLAND FS,40.462184,-79.840973,0
c476c970-d98d-4e72-b785-c1274976aa99,16882,CAMBRONNE ST + WINHURST,40.488497,-80.0433,0
c47c95c9-754c-4c1a-8288-ee696b299f5b,18772,MCKEES ROCKS RD + HECKLE FS,40.470727,-80.092038,0
c47d345e-cb1f-4c76-a6ac-a53b53d9f68c,16482,SAMPLE RD + HIGH MEADOW,40.573361,-79.993726,0
c481c4ad-e279-4339-abd0-629b60eb89a3,18484,MIFFLIN RD + #1236,40.371128,-79.914995,0
c48d1597-843e-47b8-9738-24b26049eba6,21665,ST JOSEPH ST + RATON ST,40.413539,-79.980599,0
c49508b8-6b43-457c-ae91-084e1abfa4ea,4755,BOWER HILL RD + SALEM,40.381722,-80.058773,0
c4ac2ab8-ae12-4bc8-8c79-f0d0c1c608b2,6423,BOWER HILL RD + KELSO,40.372076,-80.077913,0
c4c581fd-defb-447c-beb8-1df8d6ca6ed2,2347,GRAND AVE + 2ND,40.510423,-80.125756,0
c4da3a58-8fbe-469a-9e5d-795f16ced99a,8076,JAMES ST + OHIO,40.419145,-79.811293,0
c4de0047-43eb-47e8-af0e-7f3f448e436f,11207,HWY RT 51 + PETERS CREEK,40.292341,-79.915368,0
c4f978ec-c61f-4ea7-a969-2b59cb6dea2c,1361,BEAVER ST + LOGAN FS,40.538025,-80.178276,0
c4fd4dc1-5d75-4284-8c3e-0cd11a783ead,6897,WEYMAN RD + FOXWOOD MANOR APTS,40.367445,-79.999202,0
c5058cff-ee3f-4a90-946f-357601ff865b,3572,RIVER AVE + RAILROAD UNDERPASS,40.470385,-80.053927,0
c5075ebc-afe0-4b1c-a4ed-049fe37eab33,981,CHARLES ST + PERRYSVILLE,40.471063,-80.008481,0
c50b7b41-29f5-4c32-a4db-d414da893b9b,2813,SOUTH SIDE AVE + MATHIAS,40.470079,-79.995478,0
c50e7a47-1415-42bb-96ae-7c2d12e5a27b,7623,WALLACE AVE + CENTER,40.443551,-79.881346,0
c5162269-7ed4-4cec-a99f-c724062a2045,18362,FREEPORT RD + LEWIS,40.497037,-79.855976,0
c51b2bea-47e5-4a4e-bdb6-93f3713c711e,14390,FRANKSTOWN RD + BANYON DR,40.466568,-79.832756,0
c51b5fd0-b4ec-488e-9cdf-03ab1d02f591,4147,CHARTIERS AVE + UNIVERSAL,40.453774,-80.060625,0
c523b821-564e-43cf-8af7-2484ab50f4fc,12043,BUTTERMILK HOLLOW RD + THOMPSON RUN,40.360766,-79.90773,0
c523c3c9-6f3a-4a50-a0e2-3588cefabdf1,19834,BEATTY RD + OLD WM PENN,40.440804,-79.74241,0
c52a2b6b-5d99-4efa-bc83-340cb7dc3fb9,8839,CHASKE ST + #8168,40.474744,-79.866941,0
c53611ef-7c82-4aec-b728-a1341b3ca437,7755,BROADWAY BLVD + BROADVIEW MANOR HI-RISE,40.401043144,-79.782799831,0
c54aec51-74ca-4094-b833-5527b432880e,19514,STANWIX ST + PENN FS,40.442732871,-80.004321432,0
c54fab35-4332-460b-b3d5-785c7383a104,20420,GREENTREE RD + MANORVIEW,40.39472,-80.066166,0
c55b9835-01dd-4459-ae72-8e6bc2c39622,21543,SPENCER AVE + WATERMAN AVE FS,40.391474,-79.976357,0
c55bcb6b-ae73-4289-8a9f-a01557de5bbd,6193,BROOKLINE BLVD + BREINING,40.392329,-80.010706,0
c564877c-c160-4f43-9943-11c93f79509c,7829,AIRBRAKE AVE + 10TH,40.402921574,-79.822216053,0
c571252c-9779-4beb-b579-e5d59ffa0f48,7072,EDGEWOOD AVE + EDGEWOOD CT,40.430273,-79.884342,0
c57c117d-c527-44cd-aaf7-446603af49e1,18645,BOWER HILL RD + PAINTERS RUN,40.364639,-80.086596,0
c57f1607-23d3-463b-be5c-75d6f8d6f800,18373,FREEPORT RD + BONNIEVIEW FS,40.643063,-79.710374,0
c583d5c2-deea-4662-8ff0-8db2d863017d,22298,SEVENTH AVE + WILLIAM PENN PL,40.442563,-79.996139,0
c5a47aec-3c1c-423d-afc6-00b830275af6,17740,TARGET DR + TARGET PERIMETER RD,40.411125,-79.909742,0
c5a78296-ed6a-431c-b954-c2b5d113c911,12838,RIDC PARK + TERMINAL,40.500591,-79.864784,0
c5b10ab3-b0c7-45a8-b949-4aa404e78986,3198,FREEPORT RD + FOX CHAPEL RD NS (PLAZA DRVWY),40.48787,-79.880675,0
c5c2a9b6-c4c0-4fb0-ab84-be9270b0bf9a,3257,FIFTH AVE + NEGLEY,40.449741,-79.929775,0
c5c70626-a849-4262-8580-5e3b0ea30c2b,2910,SPRING GARDEN AVE + REEKES WAY,40.476272,-79.989269,0
c5caaa86-b4c1-4347-9498-4a8351890908,459,PEEBLES RD + DUNCAN AVE FS,40.568337,-80.005721,0
c5cc0723-3af5-4c6a-b4d2-8556611c60b2,2530,MCKINLEY AVE + GROGAN,40.409191,-79.993836,0
c5cee3dd-a1fe-4b11-b9c0-cc71b734ebf2,11208,HWY RT 51 + OLD CLAIRTON RD,40.294458,-79.917807,0
c5d7e62d-aa03-4ef3-aa6e-0c50ab3781ed,18988,STRANAHAN ST + OBERLIN,40.461688,-79.889936,0
c5f5eef1-db49-4427-8409-7bb0e71692f6,14023,GREENSBURG PIKE + UNION,40.381052843,-79.817017027,0
c5fe76de-e60c-4717-ae54-56e714aebe78,200219,Giant Eagle - Waterfront,40.410930692,-79.909338593,0
c60fb781-8e8a-460e-8d50-3ace29eed749,2860,RAMAGE RD + CHARLEMMA,40.49013,-80.003189,0
c62dc823-8c2c-4d09-90f9-742a6a19da5e,4824,E CARSON ST + TERMINAL WAY FS,40.429505,-79.997189,0
c6320580-a1f0-4c2a-9412-8ca42dd2d77b,16679,WALNUT ST + WAMPLER,40.317162,-79.833728,0
c646e9ed-88a0-4c72-a85a-f942dae7e56f,6411,BOWER HILL RD + N MEADOWCROFT,40.386734,-80.045844,0
c64a3fa6-645d-4034-a61e-9cc60c97129e,11199,WORTHINGTON AVE + 11TH FS,40.29236,-79.895955,0
c64f89ee-a379-4d2e-a6a8-0363ce1fcaed,19432,LAKETON RD + DOUGLAS DR E,40.454807,-79.858412,0
c659d62b-a21a-48d8-a399-29933792d018,50,LYTLE STATION,40.334217,-80.031065,0
c65e75af-6287-4d48-9387-d8f91361fae2,2726,MT TROY RD + HOMESTEAD,40.472433,-79.983036,0
c66a4ba9-87e6-4fb2-969a-8078321ddec8,2162,LIBERTY AVE + 26TH ST,40.45448,-79.977677,0
c66eac31-bc94-4df9-b3f9-439dda07a767,9447,MOUNTAINVIEW DR + GREASE MONKEY,40.344669,-79.939865,0
c672ddc0-93e8-4b86-a804-52b8c85259d1,7124,FORBES AVE + MURDOCH,40.437806,-79.930837,0
c677f48d-43f4-4962-a362-a8a443fbbf61,1550,BRIGHTON RD + JACKSONIA ST,40.457027,-80.015721,0
c67d08c0-a6a1-4c75-bda7-56915930ddef,15659,FORBES AVE + SCHENLEY DR,40.437974794,-79.93339304,0
c694cea2-38d8-4ceb-bd76-af3da4f6b7c4,878,PERRYSVILLE AVE + #1733,40.460068,-80.011591,0
c6a33437-80e5-48b3-8a82-d10bfe154939,7129,FORBES AVE + BEECHWOOD,40.438003,-79.916373,0
c6a73726-9289-4cef-8be5-d44be9fca5f4,11039,MAIN ST + EDNA,40.39323,-79.900278,0
c6ad6ba8-1904-483f-9f4e-d51e3f5f71e9,16529,WEST VIEW FIRE LN + WORKOUT ANYTIME,40.517570663,-80.037769594,0
c6afc236-8798-46df-aec5-70cf80215828,13571,HWY RT 286 + PINE VALLEY,40.455181256,-79.710851031,0
c6b0f1c4-0c6b-40fd-b2bd-6f43b4804dea,468,NORTHGATE DR + #9396,40.576433,-79.990636,0
c6bb0a55-369f-4b0f-aa02-51829d168138,1324,CALIFORNIA AVE + CHESTNUT,40.500071,-80.065466,0
c6bb123a-d3ce-4a06-b2e0-574cb74498a6,19461,MOSSFIELD ST + FERN,40.471273,-79.933513,0
c6d4374e-00ba-4c67-b392-670455fec163,23013,EVERGREEN AVE OPP KLOPFER ST,40.485521,-79.97218,0
c6faf3a6-d56f-46c3-8867-b9c2d87e8872,15678,PARK HILL DR + #2101,40.452989,-79.874317,0
c6fc4151-8756-4770-b77e-b3a56ac8dd5b,12129,GREENFIELD AVE + HAYWORTH,40.4252,-79.945376,0
c710a977-684c-470a-a4dd-b83309519285,19996,NEGLEY AVE + ELMER ST,40.453343,-79.931674,0
c711e5be-141b-4e6a-a1d3-0ce7c9c20e5c,21957,STANTON AVE + UPVIEW TERRACE,40.479322,-79.943754,0
c71623ad-c99d-428a-959a-af92476e1319,10078,HWY RT 885 + LEWIS RUN,40.332344,-79.933663,0
c7164ece-d179-4bf4-978e-433ae7522e96,22020,PENN AVE + FAIRMOUNT ST,40.464147,-79.932353,0
c71b095b-577b-4638-b3f6-0dee17106701,21743,WOOD ST + TIOGA ST,40.449263,-79.884077,0
c72278fe-81e6-46bd-8aaa-e0dc78003721,22671,MCINTYRE SQUARE + OLIVE GARDEN,40.552714,-80.01874,0
c7259ee5-65fe-4e56-aafc-590347c522cf,20213,MILWAUKEE ST + ORION,40.454443,-79.961227,0
c729eccd-e8cb-4573-862c-8f9023835bcd,93,SOUTH BANK STATION,40.392837,-79.998309,0
c72e7a78-e833-44b5-a647-540ed722969e,11254,HWY RT 51 + LEWIS RUN,40.321184,-79.942318,0
c7395f17-e1de-4148-a227-be3a0fa3e6ce,20045,HOMEWOOD AVE + IDLEWILD,40.458102,-79.895985,0
c74d6ce5-92e1-4dba-96e7-d72e7ea105d9,13505,OLD WM PENN HWY + #4533,40.442898,-79.756249,0
c755ca49-a8ff-491a-855a-1800f58164a7,200071,Brookline Blvd + Creedmoor Ave,40.391711179,-80.015926812,0
c75b7729-0ed0-4887-806e-a6ab3f01bd7a,2902,SPRING GARDEN AVE + TELL ST,40.460707,-79.988478,0
c75e00bf-b778-41de-b281-5dec9c05372e,19999,MURRAY AVE + FLEMINGTON ST,40.426386,-79.927607,0
c75e3ccd-5dca-45de-95d0-68bb9ce1e54d,22726,CENTER AVE OPP VISTA ST,40.511555,-80.090891,0
c7620f72-2f2a-45ba-8cf6-e144b029dbb4,6445,BOWER HILL RD + #736,40.35871,-80.103917,0
c7638d85-02bb-4c4e-b32f-41eabe0582c2,20565,EAST PITTSBURGH-MCKEESPORT BLVD + BROWN PL,40.375122,-79.827362,0
c769daac-c819-4373-a89a-b007e8006779,8305,HAMILTON AVE + DALLAS,40.45629,-79.904615,0
c772cad8-4190-4f4e-a9d8-253e63c1e780,13600,WM PENN HWY + DENNYS,40.43829,-79.772423,0
c77b6247-4fed-4fde-b760-43ee9dd03a1c,4157,BERRY ST + WINDGAP,40.447858,-80.068371,0
c782296a-08a2-447f-97a4-9eb5453d1e67,16063,EAST BUSWAY + SWISSVALE STATION A,40.415306776,-79.879045492,0
c7848a2e-b3c1-4da5-9e5d-c35e94f8ef6e,2771,MT TROY RD + LONSDALE,40.47377,-79.984078,0
c789cdf7-32ec-4314-a34d-06d170a9a8c8,21012,KENNYWOOD MALL FIRE LANE + GIANT EAGLE,40.383913,-79.868381,0
c78ee567-9f4c-4905-be3a-dc595496b051,1607,BRIGHTON RD + WADLOW,40.475272,-80.030153,0
c79aada9-d3c4-42fc-8d0a-be556cca4f64,200172,Freeport Rd + Valley St,40.586241907,-79.754037583,0
c79d20fa-77fc-4dd8-bd40-e093d51048d2,19625,SUMMIT PARK DR + PARKLANE #2,40.455092,-80.191978,0
c79f43f0-6551-4d85-bb82-3699c4d9150e,414,PEEBLES RD + REMINGTON,40.561447,-80.013031,0
c7c1ddfc-90ab-44a0-b9f0-a9fc77311d06,4168,NOBLE AVE + SIDNEY,40.437855,-80.063255,0
c7c5d28c-7d86-46d2-81c8-604193d4b271,21558,AGNEW RD + ALAN ST,40.39642,-79.973911,0
c7c9b8e9-118b-4bb5-8e61-8fd9887588c9,2882,SPRING GARDEN AVE + CONSTANCE,40.458007,-79.994643,0
c7ca6aef-92ae-4028-9807-b2ad0b0c3b1a,12619,FREEPORT RD + ALPHA DR W,40.537748,-79.83478,0
c7cbf1c2-c316-4712-af75-aad5f52fa780,4377,BEAVER GRADE RD + AIKEN,40.455131,-80.136241,0
c7d36a1d-3fb1-4100-a870-441dc68e9cd5,21983,PENN AVE + PEARL ST,40.465679,-79.948183,0
c7fdfa87-c2f9-4f6e-9691-f161a1b39ba8,9611,MOUNTAINVIEW DR + HOME DEPOT,40.342289,-79.953791,0
c7fe5c2b-ca89-4b08-9c03-371aade863d4,22834,PERRY HWY AT TRION RD,40.548744,-80.037105,0
c7fee4a7-7582-4522-b388-5a3b9a2d27ce,11021,OLD ELIZABETH RD + BLUEMONT DR,40.347405,-79.936855,0
c81cdfde-bcad-498b-86c3-115fde9c21af,2222,GRAND AVE + NEVILLE RECYCLING,40.507024,-80.108999,0
c82820e2-e39f-4fc9-8bda-12672bf47f7c,10010465,University Blvd + Campus Dr FS,40.519268049,-80.218439288,0
c82e04f4-c074-4eb8-a809-0e7fe0e8de5e,17592,BAPTIST + WEYMAN RD FS (CASTE VILLAGE),40.357663,-80.000317,0
c83843af-db74-404c-be2b-93a654d8fc95,22898,HAZELWOOD AVE AT OSPREY WAY,40.411343,-79.94435,0
c8408a35-6320-4f7c-b949-eb9e2214732d,12801,PITTSBURGH ST + OAK,40.541037,-79.7823,0
c841e4fe-b849-4880-925a-c95729ac774a,9215,HILLCREST ST + ATLANTIC,40.468215,-79.938063,0
c842b123-8622-44b9-ad8b-568ac2775b3e,200170,Babcock Blvd + Church Rd,40.505289763,-79.989714834,0
c84f9ca7-fbed-4bf5-b700-768342c1f3f6,11175,JACKS RUN RD + BIROS TRAILER PARK,40.360209,-79.785726,0
c85ac177-4a45-4a19-bd1c-5b361c378e67,7071,EDGEWOOD AVE + GORDON,40.428795,-79.884537,0
c86ecea0-9a6f-49e1-9e81-82a86820b85f,20158,LYSLE BLVD + MARKET FS,40.351336,-79.866188,0
c8782081-aa12-42fd-a60f-8cbc2aa8efbf,2205,FERREE ST + 4TH,40.514327,-80.153265,0
c890b111-dc7b-4e6f-b3aa-42cd22cc0424,9213,ATLANTIC AVE + KINCAID,40.466551,-79.938028,0
c89c8624-5390-4898-a881-066e9f427a5f,99984,ARLINGTON,40.370176,-80.03354,0
c89f1a65-6344-45aa-be61-eb8ccb21c1e7,16107,EAST BUSWAY + HERRON STATION B,40.459163,-79.966949,0
c89fab66-b403-4f9d-8d15-7bba6c7b7b33,23068,RICHLAND AVE OPP 5TH STREET,40.350074,-79.894272,0
c8adc518-3b74-4bbf-9d01-01dc873b4e76,643,PERRY HWY + CLARWIN,40.505238,-80.028328,0
c8b5e3bc-6f0a-4018-806a-0ada80cb5bbd,18490,MIFFLIN RD + INTERBORO,40.369789,-79.913212,0
c8ca02a9-c20e-4641-93d8-65e53f0e3f37,6761,VIRGINIA AVE + LABELLE,40.432161,-80.016383,0
c8ca7dd6-ccf0-4c35-827a-10883c17d1c3,4189,W PROSPECT AVE + BERRY NS,40.446834,-80.068749,0
c8d778c5-cbe7-49c7-a928-ebf8a7f61f3d,1866,WOODLAND AVE + STAYTON,40.469679,-80.027252,0
c8db6c91-3b9d-4407-bb73-727388bc3f9c,18877,BAPTIST RD + WINDVALE FS,40.354016,-80.005285,0
c8ddadff-9102-4a2c-93d1-08ce2e87c841,1620,BRIGHTON RD + PERROTT,40.487591,-80.040459,0
c8f4d3cf-a5d4-4920-abb8-6489fc0fdcfb,4772,WARRINGTON AVE + ARLINGTON,40.421789,-79.992502,0
c8f82dfc-0e87-46f9-81ed-acc167e5f09f,244,MCKNIGHT RD + NORTH HILLS VILLAGE (NORTH ENT),40.528148,-80.006732,0
c90281fd-32f7-4fc2-bb63-47e31fe1cad1,6654,BROOKLINE BLVD + BIRCHLAND,40.392337,-80.009447,0
c9079ef9-0acd-4826-812c-e6d486f3b10b,6571,WASHINGTON RD + ABBYVILLE,40.351983,-80.05052,0
c90aa53d-fe66-4ce7-9a59-9cd15e95f920,18331,PITTSBURGH ST + COLFAX FS,40.541027,-79.784225,0
c91fe725-b9bc-4755-aec3-21e000a7e5d7,12006,PENNSYLVANIA AVE + CARNEGIE,40.362137,-79.856415,0
c9238e52-c64d-4418-b436-06e141326434,2209,GRAND AVE + COTTAGE,40.515663,-80.144245,0
c9320175-1201-4840-9e07-0cf8b7f3f296,6603,CEDAR BLVD + LINDENDALE,40.367725,-80.061354,0
c935073d-86be-424a-ad85-0d27965e70aa,99964,HILLCREST,40.345557,-80.028867,0
c9368ac2-4f15-4867-9818-9e1a8d1e1637,4268,MIDDLETOWN RD + LADOGA,40.451575,-80.069282,0
c9369acd-7607-4530-971b-577f1e81d900,19329,CEDAR AVE + EAST OHIO,40.452968,-80.001504,0
c93a6deb-ad67-40eb-85e9-1396809dac15,7230,BRADDOCK AVE + HENRIETTA,40.435761,-79.895891,0
c93e86b2-2be1-4001-973f-56ce453a0e5e,3125,HIGHLAND AVE + JACKSON,40.471209,-79.920396,0
c946bb12-714f-4442-b774-bd609990d8f0,1192,LIBERTY AVE + EDMOND,40.461145,-79.947957,0
c9623407-7d16-46b4-9d7f-213939dfd0dd,5406,MAIN ST + CHESTNUT,40.410029,-80.082633,0
c9642b65-c67d-40db-ab32-d90ca2dc3acb,22860,CHERRINGTON PKWY AT #1000 (EATON),40.492224,-80.201818,0
c96db21c-2fd3-4f4b-8aa1-7481d9bffb14,635,PERRYSVILLE AVE + VINCETON,40.492753,-80.021682,0
c99aee3a-84f1-4045-9c94-67a62d44728d,1875,SHADELAND AVE + ETOLA St FS,40.479687,-80.034214,0
c9bd19c0-7a7d-45f4-943f-7327725eaa18,1142,NORTH AVE + GRANT,40.481209,-79.974801,0
c9cbc8cb-4e11-40ce-9c23-4daf36cdca1c,10010485,Rodi Rd + Morrow Dr FS,40.45930735,-79.823245149,0
c9e02566-c2da-455f-be08-3d2a0c0ca9b8,836,PERRYSVILLE AVE + #1749,40.460011,-80.01167,0
c9e2efb3-3c39-492c-ae7d-828606ffe47e,9991,BROWNSVILLE RD + THE BOULEVARD,40.400888,-79.989158,0
c9e61d95-1943-4219-ad9f-fb3428eb29a3,19882,BRENTWOOD LOOP AT BROWNSVILLE RD,40.38087,-79.976066,0
c9fd5b1d-877e-4c4c-b9dd-7aae685cc93a,7314,AURELIUS AVE + MCCLURE,40.421246182,-79.895038227,0
ca024320-6ca3-4819-8662-f8e8cc498db4,10010399,Centre Ave + Station St,40.463064918,-79.921249932,0
ca31686c-1f51-46f2-90ab-216f08e11328,10464,WALNUT ST + 5TH,40.350901,-79.864903,0
ca3a8ca2-36b5-44a8-9445-b30473f7a7c2,12697,MAIN ST + #1704,40.494731,-79.923001,0
ca3ceef4-a559-42f7-a194-00c3f4afa361,9288,STANTON AVE + EUCLID AVE,40.470394,-79.923181,0
ca3fa450-f904-471c-b878-1de484b1b681,6656,RUTLEDGE ST + REPUBLIC,40.440299,-80.025391,0
ca425c43-e9bb-4095-a25a-af1228f7a731,46,KINGS SCHOOL ROAD,40.308018,-80.033251,0
ca56bf05-0d19-4e44-a79b-7b8776948442,17422,DYNAMO WAY + BEECH,40.40051,-79.83558,0
ca680ce9-9854-4c2f-be2c-d7c8e7ac8759,BLR289,Termon Ave + Brighton Rd,40.482956207,-80.035663587,0
ca6e4f18-03f5-4993-8662-657c9f0ef3a6,2309,W CARSON ST + DUQUESNE INCLINE,40.439873,-80.017168,0
ca7f3a35-27a6-47e2-8823-a2d7722f0d9f,12067,JOHNSTON AVE + #857,40.406218,-79.930971,0
ca82562c-21e2-4b93-ac0b-48b3eb0e7681,48,LOGAN ROAD,40.311297,-80.033358,0
ca9537dd-589f-49d4-80bd-9658b888a0af,19527,MT ROYAL BLVD + HOFFMAN,40.522548,-79.960017,0
ca9d1d05-722a-4f92-84e5-73e6868c16e0,8281,PENN AVE + LINDEN,40.452654,-79.9105,0
cab8bc8a-fba9-4898-93e1-f212e310fab7,22990,BROADWAY AVE AT 11TH ST,40.474072,-80.07809,0
cac6755b-5fba-4abe-9b08-67f987fcd883,2810,SOUTH SIDE AVE + ENTRANCE,40.46962,-79.998803,0
cad734f0-94fc-4f43-a86b-7b12624ba43b,8529,SHADY AVE + NORTHUMBERLAND,40.442082,-79.920036,0
cae0785c-72f5-4041-a11f-5dd2f52d6e17,4251,STEUBEN ST + HARKER,40.443098,-80.044137,0
cae85199-bde6-4af2-84b5-d22b84a343c2,21165,HWY RT 51 + GREENLEE RD,40.375664,-79.983688,0
caf25b9a-1ad8-4457-bbd2-cbba241569a3,7616,MONTIER ST + BESSICA,40.446248,-79.871115,0
caf4f00e-95fe-414a-a45f-ca4071151981,617,WEST VIEW PARK DR + PERRY HWY FS,40.517479,-80.031983,0
cafc879c-ad38-4590-be60-833b53581b43,8786,CENTRE AVE + BIGELOW,40.450642,-79.955225,0
cb01312c-3578-4a18-8dcb-8f8bd24d182d,22452,BENTLEY DR + #1785,40.440168,-79.976723,0
cb03d811-19f7-4e94-b9c2-ef8a7df7546a,2410,32ND ST + SPRING WAY,40.460445,-79.969566,0
cb04164f-82ff-43ca-b55f-b2a0f3042d5f,1277,FOREST AVE + BALPH AVE,40.499958,-80.052374,0
cb168466-ebbb-4870-96c0-e7c7fa03d229,18985,REYNOLDS ST + HOMEWOOD,40.446498,-79.903442,0
cb1cf4cc-bdcc-40c2-84be-f17d2cee7570,7622,WALLACE AVE + MILL,40.443157,-79.880181,0
cb21ab20-e4fe-4bbb-a54d-d62da470cb35,20418,EAST HILLS DR + WILNER,40.454998,-79.87124,0
cb388565-5fe3-4c46-a4bb-3a703c418f1f,4858,26TH ST + JOSEPHINE ST,40.424233,-79.969956,0
cb3b95f0-2bef-47ff-acd2-b62ff25db04c,13568,HWY RT 286 AT HOLIDAY PARK VFD PARK AND RIDE,40.466522,-79.705536,0
cb460fd6-d843-461f-ab3b-073faf517d88,10920,MURRAY AVE + FORWARD,40.429877,-79.923403,0
cb47405b-dbc2-44cd-baa4-a72e05b17921,12105,IRVINE ST + BERWICK,40.413123,-79.945349,0
cb624dce-d12d-4171-ba85-f0c823247ec9,18339,PITTSBURGH ST + ROSA FS,40.541274,-79.786875,0
cb6855fb-d841-4b14-a802-aaa4e9762683,11138,LINCOLN HWY + MCKEE,40.373025,-79.792726,0
cb70d709-7c09-4f79-b7dc-03c3f4b24338,2322,ISLAND AVE + CUTLER,40.471707,-80.061179,0
cb81228e-1ee6-4dca-a60b-46c5b6003f7c,2846,RHINE ST + YETTA,40.463652,-79.991429,0
cb8cb820-6877-4641-b3a4-3994f37a8598,2852,MATHIAS ST+ SOUTHSIDE,40.470017,-79.995329,0
cb90bc89-401c-408c-84f6-f45c607946ae,8669,CENTRE AVE + ELMORE,40.445012,-79.977419,0
cb92cf89-d5e6-40b4-bc32-e661e7d20200,6191,BROOKLINE BLVD + GREENCREST,40.392266,-80.005128,0
cb9a0b01-98fa-4eca-b213-a9cc70ad9a48,4153,LADOGA ST + MIDDLETOWN,40.451686,-80.06943,0
cba607b3-b269-4b9d-a63d-981e051c853a,11100,SHADY AVE + HASTINGS,40.445796,-79.921162,0
cbb4df56-7cc9-4154-9dc9-536c17666f6d,13601,WM PENN HWY + STROSCHEIN,40.438534,-79.76976,0
cbb5577c-e983-4a85-b717-fe9b0f685564,22694,CAMP HOLLOW RD AT LEBANON MANOR DR,40.342535,-79.917765,0
cbbe5881-a72a-48b1-ae80-7a3890f2d23e,10129,SOUTH CAMPUS DRVWY + LIBRARY ENTRANCE,40.330153,-79.923501,0
cbc20f48-1472-4263-a80b-e8dcaf327bbc,2604,BAUSMAN ST + GEORGIA (STEPS),40.414204,-79.994949,0
cbca2b76-34b2-483a-bb8a-c48bd7d7efa3,6276,BOWER HILL RD + CLEMSON,40.37244,-80.076477,0
cbe27aa1-b4b3-436c-b83a-cf5ffa561a51,9123,FRANKSTOWN AVE + LINCOLN AVE,40.460306,-79.913294,0
cbefd82a-07a3-4d99-b958-f95151838539,8153,EAST BUSWAY + HAY ST RAMP OUTBOUND SHELTER,40.442845,-79.887025,0
cbf6fae9-34e0-473a-9243-1cc8a313975c,20231,LAUREL DR + CURRY,40.344282,-79.992313,0
cc016339-e19b-45be-a30f-bdf6536af587,19874,SWISSVALE AVE + JANE ST LOOP,40.435899,-79.881643,0
cc05ae79-f101-428b-99da-f243b407be31,2634,CRAIG ST + BAYARD ST,40.449869,-79.950854,0
cc07490b-aeb9-4e37-a2cf-cb8db7631c16,20909,LEBANON RD + SOUTH HILLS INDUSTRIAL PARK,40.359614,-79.933663,0
cc0b2239-3a5d-4725-87c6-49e348d90684,3898,3RD ST + MAIN FS,40.404353,-80.091124,0
cc14eaac-a21c-4162-98f2-3e89e089889c,20812,GREENTREE RD + GREENBRIAR DR,40.396871,-80.065896,0
cc1540a7-ac9f-4527-8f0d-24113343f262,1616,BRIGHTON RD + BENTON,40.484096279,-80.035668388,0
cc17adab-d7f8-40e8-8d2f-00e9bc7c144c,5030,STEUBEN ST + LINDEN,40.438993,-80.07322,0
cc17faa8-a4b4-4c2b-9844-1b777491133a,9135,FRANKSTOWN AVE + INWOOD ST,40.458107,-79.904995,0
cc264e11-8710-4f46-b281-f5502f224fd9,5880,GREENTREE RD + MANORVIEW,40.394717,-80.066373,0
cc2f4949-0878-41eb-be2d-7c5536dfd663,10010470,Port Authority Dr + University Blvd,40.503519227,-80.223041448,0
cc3c2525-54fd-429d-a7eb-39b5582eac52,10951,MURRAY AVE + PHILLIPS,40.432522,-79.923188,0
cc4323c6-52e6-4f13-a3bb-3dc6d7089a31,171,NORTH AVE + MIDDLE ST FS,40.456696,-80.000267,0
cc48e05a-7f7a-4463-89b1-515b10dc3a37,12015,5TH ST + PRISCILLA,40.368314,-79.848306,0
cc4bd665-1ac5-4894-a1dd-d5b6a59beff1,18191,WALNUT ST + 13TH FS,40.342769,-79.862416,0
cc64e744-37d0-4672-be27-4399559861b1,22893,BIGGS AVE AT GLENROSE ST,40.464847,-80.0056,0
cc744581-7660-4bf1-ae77-3fba191ccaf7,5551,PARKWAY CTR DR SOUTH + BUILDING #7,40.423579,-80.041033,0
cc7abb6a-84bb-440e-b1bc-58cbbda2a8ab,19145,LONG RD + CLEMATIS,40.464108,-79.832993,0
cc7e924b-0c4c-4471-b535-ca78f23b03c5,83,WESTFIELD,40.410318,-80.019964,0
cc7fd19e-aef2-4066-b711-a0b071bc64a1,13474,9TH ST + PENN FS,40.609964,-79.740358,0
cc8c0394-0675-4460-834f-39eae02ad103,6430,KANE BLVD + HUGHES,40.377351,-80.090497,0
cc9e0898-1367-40a6-b4a8-2a54446a8ff1,221,EAST ST + LAREDA ST,40.462256,-79.998861,0
cca71840-010c-47ce-ac8a-ca6e513e24e2,6443,BOWER HILL RD + COOKS SCHOOL,40.361173,-80.100298,0
ccddffda-4708-485c-b5d2-dda869149769,17381,MCCOY RD + #208,40.474662,-80.070752,0
cce2ad79-5397-4a0f-91be-e4fb633a12d4,4776,ARLINGTON AVE + KOEHLER,40.417562,-79.984648,0
cce84313-e274-4bc9-8412-b47653009d11,18705,SAMPLE RD + ARDEN,40.573776,-79.992831,0
ccfd855a-9d63-4320-8e34-a8c075794bdd,21308,LIBERTY AVE + MAIN ST (BLOOMFIELD BRIDGE),40.463497,-79.953365,0
ccff886f-d63d-471e-986b-08a68f5c4ee4,8804,LINCOLN AVE + ARBOR,40.465964,-79.897843,0
cd044c92-f88e-4bfd-af93-96417afe4e2b,2878,SPRING GARDEN AVE + TELL,40.46072,-79.988668,0
cd0f8d6d-1da5-4691-a9dd-967c3b8bfab1,6720,BELTZHOOVER AVE + WARRINGTON,40.421773,-79.997443,0
cd1b1cfa-dbde-4772-9165-2f7549064743,10010412,Robinson Center Dr + Mall Dr,40.453877948,-80.161307738,0
cd20168e-07f4-4128-9982-ef19c97b79fc,902,PERRYSVILLE AVE + CHERRYFIELD,40.485052,-80.015549,0
cd454577-aa32-498b-b398-3ce4838bb40f,22698,B DR AT D DR,40.34419,-79.912108,0
cd4fd7ae-25c6-424f-85d1-ddd72a2b939e,12136,GREENFIELD AVE + GRAPHIC,40.424318,-79.935394,0
cd523f28-437d-43bf-b61f-8bf943a65e0d,8881,PENN AVE + SHERIDAN AVE,40.461040756,-79.923958,0
cd5857cd-567f-42ba-b52e-c36d57a52d37,10010400,Centre Ave + Station St,40.462688447,-79.92133779,0
cd63fbcb-847e-4478-9546-29cb2c02fbcb,8900,CENTRE AVE + CHAUNCEY,40.445733,-79.972024,0
cd660575-bf3d-462a-873c-9bdffa75ba13,7838,AIRBRAKE AVE + MILLER,40.395375,-79.806546,0
cd701a38-2723-4ae1-be11-30f4cdfe75e9,15876,MOUNTAINVIEW DR + CENTURY DR FS,40.346586,-79.951512,0
cd765ff9-4a2c-4c48-bd40-a2c224652834,14371,HULTON RD + 3RD,40.525886558,-79.842404972,0
cd78c93b-6cc7-46f4-ba4c-989413aa7e0a,7126,FORBES AVE + MURRAY AVE,40.43801,-79.923198,0
cd793df6-29f1-4c1d-8a31-ad774d103864,2182,LIBERTY AVE + 31ST ST,40.458996,-79.97094,0
cd83451b-c7d7-4ddd-a72a-cd4d395ef6f7,21959,STANTON AVE + STEPS,40.477831,-79.947615,0
cd91a609-c113-4585-b476-897fcb712011,22702,CAMP HOLLOW RD OPP BEVERLY DR,40.343954142,-79.920031823,0
cd95c3c5-6923-4bf1-a662-9051e55b550d,18778,HELEN ST + SPROUL FS,40.471469,-80.055359,0
cda1292a-542c-4f73-ab6f-c146670c7fd4,4096,CHARTIERS AVE + ALLENDALE,40.453914,-80.059574,0
cda13ee5-e446-4c2e-a00e-b8a4fc184a20,6161,BROOKLINE BLVD + CASTLEGATE,40.394996,-80.021754,0
cdb8242c-015d-425f-a58a-07fdaa8cbef6,6086,PIONEER AVE + BELLBROOK,40.401149,-80.018511,0
cdcf8db6-7d3d-4d7f-b256-ef579f04e987,919,CONNIE DR + OLD CONNIE,40.496384,-80.022881,0
cdcfe926-fc68-493a-8f80-c2579148a8af,20713,MIFFLIN AVE + GEORGE ST,40.397828,-79.887705,0
cdd19ae0-a558-4964-820f-6012018ca0f9,837,PERRYSVILLE AVE + FEDERAL,40.461155,-80.008894,0
cdd2c8b7-52e5-4585-8be8-f8fac1fcd657,20372,HOMEWOOD AVE + FINANCE (EAST BUSWAY),40.453066,-79.898625,0
cdd2dd43-d943-46e4-80aa-89aecb7588d5,19082,UNITY-CENTER RD+ ANDERSON,40.48558,-79.769564,0
cdd57525-95df-45dc-af01-290a593f2129,6109,PIONEER AVE + GALLION,40.398527,-80.022146,0
cddc8de9-6862-4740-89c3-0d26d280caac,16028,OAK HILL DR + ECKSTIEN,40.441506,-79.969941,0
cde63297-c32c-4a80-9301-9b97a524958b,12819,FREEPORT RD + ROWES CROSSING,40.583613,-79.777835,0
cdee7f3e-eb1d-44e5-9218-5318ffa7a6c3,12646,FREEPORT RD + CRAWFORD RUN,40.582478,-79.778435,0
cdf1ddea-5990-4270-b9cd-e8e4754a5602,21081,STEUBEN ST + WINLOCK AVE,40.440778,-80.061234,0
cdf1fa58-4b86-48d1-8fbe-70eb80464916,20641,HWY RT 885 + PAYNE HILL RD FS,40.310058,-79.915485,0
cdfc75d5-d90f-4ac3-bc8b-9757be1edc66,9263,BUTLER ST + 52ND ST,40.480536,-79.954463,0
cdfe1823-d79c-4378-b2f2-b015302a695a,3574,HELEN ST + SPROUL,40.47151,-80.055306,0
ce1332d9-ebb9-47a8-9e8d-2a7e3bb7cc0f,21098,TILBURY AVE + WALDRON ST FS,40.431418,-79.918057,0
ce1933f1-1801-4b88-934b-1aa1eb76da86,12113,JOHNSTON AVE + WINSTON,40.405819,-79.938236,0
ce1e2bad-eafa-4b4c-bd34-2f440bb340b2,10387,WALNUT ST + JUNIPER,40.319232,-79.834662,0
ce1ebf3d-631e-4f31-8926-959baf671896,881,PERRYSVILLE AVE + LANGLEY,40.462475,-80.013306,0
ce2580be-6ee4-4169-a8d8-dc6979e09ac5,9613,CENTURY DR+ SAMS CLUB DRWY,40.344507,-79.948273,0
ce317b6f-e966-4eb9-9d19-b296445c1e7d,12671,PITTSBURGH ST + COLFAX,40.541093,-79.783997,0
ce3b01ba-57c3-42bd-8b31-94bfd6d8de92,11082,SHADY AVE + HASTINGS,40.44557,-79.920974,0
ce3bbf78-7d33-4587-b77b-2c518542d358,22313,31ST ST BRIDGE RAMP + 31ST ST BRIDGE,40.464615,-79.979735,0
ce40c7f1-f4f7-4e5f-a403-9871266b5371,11261,HWY RT 51 + DICK CORPORATION DR,40.292375,-79.915705,0
ce43b6a0-1687-44d7-85f0-7c0fa2525c7b,111,GATEWAY STATION,40.441810604,-80.004050006,0
ce4fb371-7da7-4b85-9261-1f2faf89e5a9,14683,MAIN ST + #2344,40.469586,-79.790071,0
ce59ca6c-544c-4ff5-af9e-804caf6d93c0,17427,PLEASANT RIDGE RD + OAK,40.479061,-80.073827,0
ce5ec6b0-d4b7-4e9e-aea2-015fe85f7b33,14964,BUTLER ST + #6002,40.486333,-79.943177,0
ce65b3bd-685c-4aac-9483-66c6f0f59037,8227,TRENTON AVE + PENN,40.445685,-79.891373,0
ce744ab5-1825-4ed8-8144-248c921d2520,100061,5th Ave + Arcannia St NS,40.362191334,-79.826163269,0
ce7bf7ff-808b-4166-b6be-68e7078617ff,100128,Perry Hwy + Wright,40.619179223,-80.055491761,0
ce8835db-7be0-4c61-ba3e-bca15d921cb4,19995,NEGLEY AVE + KENTUCKY ST NS,40.450231,-79.929837,0
ce8cc0f4-d097-4de3-a908-58c8716ac8c4,8667,ROSE ST + KIRKPATRICK,40.444356,-79.975683,0
ce8d9649-166f-4489-9ceb-f8b091838fe8,570,PERRY HWY + HANWAY,40.504332,-80.026665,0
cea9d2cf-144b-483c-a43f-19a6c287269f,9561,PROSPECT RD + E WILLOCK,40.363332,-79.968349,0
cea9e4c4-8c3c-42f7-a80f-73a6a816ac7e,6277,BOWER HILL RD + PAT HAVEN,40.373246,-80.075587,0
ceb25cb2-01be-4f44-b402-d860dc6f39c4,200236,5th Ave + Westinghouse Ave FS,40.35069,-79.839,0
ceb3d206-6954-45c0-b64b-74dad9a1d608,6409,WEST LIBERTY AVE + LASALLE,40.396705,-80.031013,0
ceb8b9a2-7787-4379-a286-29bec578bf36,407,PEEBLES RD + LOCUST,40.569645,-80.003876,0
cebedb5c-3f2a-4859-ad10-10333061c336,12836,ALPDA DR + PRINT TECH DRVWY,40.493153,-79.870842,0
cec3b8da-111b-4814-b3be-6b980c4b7a8c,12767,MAIN ST + CANAL ST,40.494509,-79.932054,0
cec8baaf-f4d9-4af9-95c6-ef4c6afe8fb0,12154,MIFFLIN RD + GLENHURST,40.372058,-79.916852,0
ceca5c0b-87ec-4f20-b724-510171e2c74f,10010503,Shady Ave + Ellsworth Ave,40.458944662,-79.9219969,0
cecc340a-b37b-4a83-ae12-c75b7e6f9ced,14242,FRANKSTOWN RD + 1ST REFORMED CHURCH,40.481488,-79.821606,0
ced4c4d1-88f8-4f91-abb0-2c96d26eeb01,3374,FERGUSON RD + THOMPSON RUN RD FS,40.565739,-79.998253,0
cee880a4-9dd7-44f4-9560-a48f6e67aa28,2862,RAMAGE RD + SPRING GARDEN,40.492489,-79.996353,0
cee9b3be-1a4a-41cf-8656-0af928a135c8,10010443,Lindsay Rd - Chartiers Terrace,40.388179136,-80.084399322,0
cef07fe9-2ac7-4f84-b686-f96d6e26e2d0,2854,SOUTH SIDE AVE + LUELLA,40.470072,-79.997637,0
cef918c9-65ff-4e06-9dc6-941bf25d7dca,2736,LOWRIE ST + NIGGEL,40.467695,-79.979873,0
ceff10b6-0166-4d56-b526-5e1193735296,12685,FREEPORT RD + JEFFERSON,40.540527,-79.813489,0
cf01f6c5-f9fc-4018-8c4f-759f3ca81434,14608,CENTER RD + GATEWAY DR,40.458458,-79.757721,0
cf034810-a438-4df2-84f4-4a37eb638f58,11945,MIFFLIN ST + WHITAKER ST,40.39866,-79.885482,0
cf1e6c1d-44b8-44c9-ba94-8117e89041c4,7410,BRINTON AVE + BOWERS,40.402253776,-79.84152398,0
cf1fd36c-e737-4455-b0f7-ecd49b0256ce,21086,STEUBENVILLE PIKE + CAMPBELLS RUN RD,40.448523,-80.157893,0
cf214c42-5622-4029-a7b8-2b948a701b23,14643,LEECHBURG RD + CLOVERLEAF RD,40.486989,-79.808504,0
cf268f5c-77b0-4b2e-bb04-8e6cb0973593,17263,S 26TH ST + SIDNEY,40.428212,-79.967983,0
cf291a4c-5be1-46d6-a5c5-b3d9fda71503,7443,BRINTON RD + BRINTON MANOR,40.41132,-79.852257,0
cf30413a-e079-44cc-9619-06a73da7c5a2,3157,FIFTH AVE + WASHINGTON PL,40.438843,-79.990669,0
cf30bdc2-9183-435b-b677-de3632adf47d,23092,LIBERTY AVE + 7TH ST,40.4424,-80.00025,0
cf3151ac-19fb-4be3-987e-697d7a6b0822,22841,PERRY HWY OPP 19 NORTH DR (CCAC NORTH),40.566326,-80.037968,0
cf323516-2b46-4531-a822-f389ab513ca4,1120,THOMPSON RUN RD + #218,40.519872,-79.992013,0
cf337cf5-ef2b-4f7b-bd8d-d803c418272e,20077,CENTRE AVE + ELMORE ST FS,40.444974,-79.977283,0
cf3a2dc3-b201-4d79-9f6d-37cabe24f2fb,7806,REBECCA ST + CRAFT,40.437095,-79.876099,0
cf426737-230d-4432-8567-aa66aded533f,18632,ARLINGTON AVE + KNOX,40.42021,-79.990732,0
cf42947d-3e9a-475a-8985-0f79c5888a46,21236,GREENSBURG PIKE + LLOYD AVE,40.396711631,-79.821164674,0
cf4bf0d6-ae6f-44a4-87f7-2f43150e3c95,1267,CALIFORNIA AVE + HOME,40.498601,-80.061969,0
cf4e61e1-1f76-457e-976a-c30f5f9e7d59,8867,LINCOLN AVE + APPLE,40.464776,-79.8989,0
cf54096d-8349-4568-bcb6-473b9b63379c,8444,LEMINGTON AVE + LINCOLN,40.468713,-79.895957,0
cf5d711f-c5dd-478e-bfb7-e3927ca79794,7161,WOODSTOCK AVE + MELROSE,40.417158,-79.881084,0
cf6a1bc0-8a0b-4a6d-81d1-e91696614aeb,3601,STEUBENVILLE PIKE + BEAVER GRADE FS,40.451885,-80.13311,0
cf6c77e8-b383-45ee-a470-5e1d0c0083be,123,BABCOCK BLVD + DUNCAN AVE,40.567435,-80.016556,0
cf79d962-c76d-4422-b984-426128a33072,2377,LOCUST PL + CENTENNIAL,40.541736,-80.179765,0
cf80e72d-79d0-44b9-a385-118eeaf90685,6773,REPUBLIC ST + RUTLEDGE,40.440375,-80.025209,0
cf81b882-5789-45df-a38f-c425f92d8ed7,136,MCKNIGHT RD + OLD MCKNIGHT RD,40.533742,-80.011139,0
cf886de4-23a1-4751-80a0-e840613d2409,7094,FORBES AVE + BEECHWOOD,40.438083,-79.915079,0
cf892244-bac6-47ee-be06-4d82cf029479,20902,EVERGREEN RD + #4534,40.500885,-80.003708,0
cf8da473-8796-436b-8725-c33c44c4d6c8,22254,FRANKSTOWN AVE + LAWNDALE ST,40.455226,-79.88172,0
cf9810e3-26df-4a34-8e1c-8f03cfb789a0,9607,HWY RT 51 + SOUTH MALL ENTRANCE DR,40.335166,-79.946884,0
cf99c22d-4e39-4a3b-9498-9a407a8fe4de,1121,THOMPSON RUN RD + WOODBRIDGE APTS,40.518541,-79.992734,0
cf9f4c4c-50e4-4a77-aac9-55dc0dfef8d2,6609,GILKESON RD + #223,40.35751,-80.055404,0
cfa80fec-bc2e-4832-8e71-4842d2ef60a5,11791,KENNYWOOD MALL FIRE LANE + HOLLYWOOD VIDEO,40.383592,-79.867459,0
cfb3f68f-a960-4afd-80c2-4e8b6903e4a8,1194,LIBERTY AVE + ELLA,40.463127,-79.95165,0
cfde256d-bcd9-46e1-ab13-911c72fa65fc,12100,GREENFIELD AVE + IRVINE ST,40.424797351,-79.952474096,0
cfe18a92-e7e8-46e0-9f50-425e124f5ed5,14856,ELLA ST + LIBERTY,40.463297,-79.951732,0
cfe52b52-9772-4f36-b480-0705c086f19e,19212,MIDDLETOWN RD + MARTERA FS,40.444161,-80.055995,0
cfe79ccb-f62a-4da3-9bce-e6ac3f574287,10628,EDEN PARK BLVD + VICTORY DR,40.345673,-79.830978,0
cfe8aff3-74ab-4a83-afcd-faa2abd41809,21640,VERONA ST + BELL AVE,40.401959,-79.861007,0
cff7961b-6c21-448a-a080-caf4f86d3285,6734,HABERMAN AVE + BAILEY,40.426867,-80.002561,0
d0074677-d7e4-46bc-83e5-3334d591a43f,20719,E CARSON ST + 9TH ST,40.428719,-79.989713,0
d018ea42-12f5-4cfd-9e61-d332656f7ef0,21235,GREENSBURG PIKE + CENTRAL AVE FS,40.392942,-79.819059,0
d01edb8e-0001-4d3f-8092-af66caae0f8f,8875,LINCOLN AVE + #409,40.460755,-79.911409,0
d021548c-43c4-43bb-a803-5d5a1515b4f0,9430,PROSPECT RD + WAINWRIGHT,40.362326,-79.978391,0
d021e36c-6c80-4b31-b9db-1de8e210e9ab,8879,EAST LIBERTY BLVD + DAHLEM PL,40.458507,-79.916626,0
d0271b08-2eb1-4e67-89fc-45fcda762cc8,13567,HWY RT 286 + DUANE,40.468421,-79.705984,0
d036d81e-b58a-41a3-917e-e6471c9cc1d0,10010266,Riverview Ave + Powers St,40.338302613,-79.843043707,0
d039b411-e391-4cbf-9ede-caa93b28d8e2,8332,HAMILTON AVE + BRADDOCK,40.453171,-79.891297,0
d03a54cd-f60f-4197-ac65-7564a5488955,13591,PENN CENTER BLVD + BLDG #7,40.426345,-79.811304,0
d0431283-cc7d-47d5-9aa0-47798ae205e5,20967,KENNYWOOD BLVD + MIFFLIN,40.401288,-79.880477,0
d04380a0-655f-4fdb-8994-46a6c9b1e181,14400,FRANKSTOWN RD + CURTIS ST,40.46283,-79.850126,0
d04883cf-e403-44a0-a84f-2e0799bc07c0,318,MCCANDLESS PARK AND RIDE,40.586477065,-80.030397233,0
d0697cc1-2349-4a0d-9d25-229ca9c3598a,7605,LAKETON RD + GRAHAM,40.457142,-79.857299,0
d06a24e3-a4b2-4d0f-b367-20db8d4860e8,18337,PITTSBURGH ST + SCHOOL FS,40.541438,-79.778078,0
d06d9c98-5193-4f7f-8976-8b08b7b94a5c,9680,BROWNSVILLE RD + CARLYN,40.353929,-79.989761,0
d071b170-5239-495c-a9b3-955d69d0257f,10010280,30th St + Beale St,40.333470607,-79.842653717,0
d073f407-ce5c-4f74-9e1d-1167230be869,8290,WOOD ST + HILL,40.44598,-79.88337,0
d0a2be30-fe4d-4734-8cb7-b5721900988f,19349,CONNIE DR + OLD CONNIE,40.496248,-80.022731,0
d0b36bc3-3bdc-4159-93c3-39c4a7948103,3436,CORAOPOLIS RD + HWY RT 51,40.491904,-80.111687,0
d0b3778f-21ac-4c8c-8b0a-57b0d7e689b3,11115,MIDWAY DR + #1F,40.398099,-79.884419,0
d0c02f6d-8714-44b0-95e0-049bb4d403fd,6999,BELTZHOOVER AVE + WARRINGTON AVE FS,40.421343,-79.997436,0
d0ca4f33-af0a-454f-bfb4-3d75efff9445,7217,MONONGAHELA AVE + DUQUESNE,40.418161,-79.888042,0
d0cb7422-5f59-44d3-b3e4-317c60694577,17367,MCCARTAN DR + 4TH AISLE,40.425242,-80.188625,0
d0cce893-744b-4bd9-90f7-3f4718ddebc5,21573,CHURCHVIEW AVE + SANKEY AVE,40.385389,-79.976615,0
d0d40fb6-d7ae-4669-9444-6713d49c4bea,7453,BRINTON AVE + QUARRY,40.403548834,-79.843075802,0
d0d93be1-4d2e-4a0d-8283-8bcd0011488f,1535,BRIGHTON RD + WADLOW,40.475463,-80.030641,0
d0e1f5fb-2d25-4eab-bdb2-0b1380fd0cbc,21190,BUTTERMILK HOLLOW RD + LEBANON CHURCH RD,40.35427,-79.914262,0
d0e5926a-5ca8-45a2-b403-f9534deccd35,11654,BEECHWOOD BLVD + FEDERAL HILL,40.42086,-79.927419,0
d101f86f-06cf-4eaf-88c0-8a082166e849,34,BIGELOW PRTX STATION,40.444189658,-79.955307638,0
d1041856-b049-4d52-8b6a-735d9f21ed73,7904,PENN AVE + GREENSBURG PIKE,40.444677,-79.861177,0
d12627d5-a838-492f-9766-f93401aa4be7,8450,DEAN ST + LARIMER,40.469236,-79.905671,0
d1293ed6-37ea-45b6-84c5-491739b8b756,10271,WALNUT ST + 12TH,40.343472,-79.863172,0
d12e35b9-0a4b-4e83-b0a1-c0346df48ecc,2900,SPRING GARDEN AVE + ARCOLA WAY,40.4601,-79.991644,0
d1331935-812e-4840-b2d2-5a23b0bdc1a4,9791,HWY RT 51 + OLD CLAIRTON FS,40.340494,-79.964389,0
d139a51d-c36c-40b2-9ecf-291f2a863a58,5419,NOBLESTOWN RD + HOLIDAY DR,40.426341,-80.061945,0
d1524954-215c-4066-9f1e-e08d796fb995,4219,W PROSPECT AVE + ARBORDALE,40.446893,-80.080568,0
d154cf8b-cd85-423b-bdcb-1b382619db98,220,MADISON AVE + CONCORD ST,40.457861,-79.99799,0
d15852b0-4c70-4a9d-9150-aeec6c3f8af2,21047,WM PENN HWY + VALUE CITY,40.436297,-79.783665,0
d159f460-063b-41ae-99ea-e2ea75a64d9b,9032,TERRACE ST + ROBINSON,40.440393,-79.965411,0
d166650b-dc1f-4f14-b98f-7cfb871164e9,3826,SUMMIT PARK DR + QUINN,40.447842,-80.178352,0
d1692c63-9345-4f88-86a2-37f02b2c0525,10010371,E 1st Ave + Brackenridge Hall Apts,40.602858779,-79.740475895,0
d1742225-2468-4743-9eff-ebee9dfdd6ff,14473,HULTON RD + THE FAIRWAYS,40.525948,-79.821671,0
d18422c8-f571-4516-9215-52fd557f8f0b,100057,Monroeville Blvd + Wyngate Dr,40.433307629,-79.78332689,0
d18d40b9-2515-41a6-8f99-b9fce6d09ed2,10010433,Pioneer Ave + Brookline Blvd FS,40.395638714,-80.024082056,0
d1917386-fb60-43c0-b071-0a770a1d2ec3,11373,SPENCER AVE + BEAU,40.387624,-79.976412,0
d19538e4-5e61-49d1-a5ff-03d8651ce421,19811,SALTSBURG RD + UNIVERSAL RD,40.477595,-79.785364,0
d1a3ace6-75cf-4493-ac4a-84be92c6ea81,12776,MAIN ST + 19TH ST,40.494031,-79.918107,0
d1a79388-03b7-47ee-80f8-248b2e3689a8,11013,LEBANON CHURCH RD + WILSON,40.35237,-79.906947,0
d1a828f9-a746-4134-9730-cff044c43550,10579,VERSAILLES AVE + CRAIG,40.345079,-79.839339,0
d1aa646c-c0ac-4d7e-9204-df9dc4558b8c,22897,HWY RT 885 AT LEBANON CHURCH RD (SHEETZ),40.347524,-79.939065,0
d1aff5df-85be-407d-b1d9-d48a1e0d9d8d,7064,NOBLE AVE + WASHINGTON ST,40.421275,-79.885996,0
d1c658e8-4b24-446f-8cbc-253564f15333,1063,AMITY DR + CARRIAGE HILL,40.548927,-79.996315,0
d1e151aa-7765-43d6-b453-490418e1993c,110,NORTH SIDE STATION,40.447859,-80.009498,0
d1e7d698-9371-42cf-9375-44eb0936fd19,22778,VERONA RD + PELONE DR (VERONA ESTATES),40.488569,-79.836901,0
d1e8272e-b82f-4f24-ae86-5bc107a9aec8,20768,AMBULATORY CARE CENTER DR + BLDG #51,40.495047,-79.888723,0
d1f60bd9-699e-4ecb-bd10-b8c7a6f77146,7791,ARDMORE BLVD + BRYN MAWR NS,40.431347,-79.864037,0
d1f63c2f-fff8-4d53-8004-41d6cd5008ff,7751,PITCAIRN-TRAFFORD RD. + CLARK,40.395199619,-79.767114278,0
d1f9dff3-ca25-44b7-9450-80a358b7d635,10010364,McCandless Ave + Holmes St,40.479993827,-79.951332579,0
d1fc8d3e-895c-4e8a-b1c5-ceec9ffc9cfe,84,WESTFIELD,40.410544,-80.020113,0
d213d4a0-a515-4a81-8961-b09770fceae1,3118,ST CLAIR ST + BUNKER HILL APTS,40.478918,-79.919091,0
d21545a5-17ee-48dd-9a1f-543504993b01,7897,WM PENN HWY + #2295,40.446023,-79.853103,0
d21a37cb-105b-4703-8ded-e6faf995b447,2534,BROWNSVILLE RD + #311 (BAUSMAN NS),40.414067,-79.988206,0
d226983d-3234-4d41-9789-102312f34b08,22765,COMMONWEALTH AVE AT OVERLAND AVE,40.381636,-79.859677,0
d22b9abc-1b14-4937-8428-0a4c9ff0e42b,97,KILLARNEY STATION,40.373624,-80.008182,0
d2323a13-db56-4eb0-aae4-00ec1db5450a,200141,Swissvale Ave + Walnut St,40.435500346,-79.881915734,0
d23eb65c-1702-4117-9a94-7968f1f2e3ea,2903,SPRING GARDEN AVE + OLD HONESTY ST,40.461995,-79.987257,0
d2409baf-ca37-4be8-abd0-61b96c6f7a32,10010200,5th Ave + 10th St,40.566966622,-79.765633637,0
d2423196-a432-416f-b3e5-1817cd157b61,18196,WALNUT ST + 5TH FS,40.350626,-79.864952,0
d250093c-db7a-4abf-a291-148c2a80b4b3,5885,SWALLOW HILL RD + NOB HILL APTS DRIVE,40.387931,-80.074016,0
d269b5d5-2c6a-474c-8e12-68f42fc7b9b1,3357,MT ROYAL BLVD + WILJOHN,40.514046,-79.959091,0
d26b6d28-ba73-45f7-a647-430449f31998,10,STEEL PLAZA STATION,40.43956,-79.99533,0
d271252e-c00b-4f3c-bd34-e776da6e27d2,1146,GRANT AVE + EAST OHIO,40.477821,-79.969467,0
d2713358-5f52-4824-ac03-1e1023049e00,14755,SALTSBURG RD + ALCOMA DR,40.477017,-79.798096,0
d27d4cef-74e1-41f3-8d8d-585cd5b1b55d,5878,GREENTREE RD + GREENBRIAR,40.398529,-80.065668,0
d29c026d-2ff9-4e29-9099-72c54ed42483,20653,CORBET ST + 10TH AVE AVE NS (FREEPORT),40.605848,-79.75428,0
d2a88d88-3a00-4af9-a394-cfe36f26ddf1,2657,S 18TH ST + MONASTERY AVE,40.4217,-79.984288,0
d2ba43fc-807c-41aa-8835-aeb4f6305a52,4491,S MAIN ST + WABASH,40.441011,-80.034685,0
d2bdf83d-f694-48df-a094-5d8a27dffc1d,5465,NOBLESTOWN RD + #2094,40.432745,-80.051798,0
d2c26ceb-7bc1-4458-b5f4-a99dd1a8a2bd,12091,MAIN CIRCLE DR + EMPLOYEE ENTRANCE,40.407579555,-79.929899001,0
d2d02426-756e-4ad1-afd6-26229fa154b2,2849,RHINE ST + #2129,40.467004,-79.994291,0
d2d63a13-435b-43ac-8349-5e7c27ed531a,18520,BRINTON RD + DRIVEWAY,40.432786,-79.872747,0
d2e53cd9-fb5b-4dc3-adc6-b1bd9bd352c9,22725,CENTER AVE AT MILLER AVE,40.513199,-80.093763,0
d2eefb00-8540-4565-be81-a2483aa84455,8042,BEACON ST + WIGHTMAN,40.434014,-79.928029,0
d2ef2ac3-d48d-49f1-986b-95351dd5874b,906,PERRYSVILLE AVE + EAST ST,40.489284,-80.018169,0
d2f67e8d-2f44-4958-8751-298d73e45902,5525,NOBLESTOWN RD + PACE,40.424904,-80.065741,0
d2ff3606-51cb-47be-bc15-970134b20e03,8482,SHADY AVE + BEACON,40.43542,-79.919038,0
d3125f5c-9873-49e1-a720-36324ef32ac8,1410,LIBERTY AVE + 6TH ST NS,40.442127,-80.001396,0
d312690c-22df-48c6-b251-6daa03a368e7,20594,MONONGAHELA AVE + 1ST ST,40.334484,-79.89112,0
d3179702-1abf-4e96-a834-e58fb82ca586,11073,GREENFIELD AVE + CITY STEPS,40.424559,-79.937667,0
d3220353-ae42-4120-9675-517e674a8d7f,7282,SOUTH AVE + WOOD,40.442123,-79.885895,0
d3325ead-7b3e-4d2f-80df-84efe91ebffb,19791,FRANKSTOWN RD + MUNICIPAL BLDG,40.472419,-79.819559,0
d335b806-fd37-49a3-a669-c4782d271779,19270,BANKSVILLE RD + CRANE,40.416121,-80.029857,0
d350d9c9-45cb-4f4d-a930-7cb26b3ef40f,20176,JOHNSON AVE + NAOMI DR,40.408398,-79.925736,0
d3530be5-7951-4b48-afe9-c1a50802f7fb,6694,BAILEY AVE + RUTH,40.426997,-80.00528,0
d354f655-40a2-4bae-98ad-79a541f32728,883,PERRYSVILLE AVE + WILSON AVE,40.46363,-80.012351,0
d36634b1-16fe-4c19-a113-3fedaa7ea243,1074,REMINGTON DR + REGENCY,40.555956,-80.007523,0
d368ec15-04c5-4bdc-8ccc-352988ad6576,22287,LIBERTY AVE + TITO WAY,40.442860727,-79.998636754,0
d3694a79-540b-4542-a74d-279828c616de,835,PERRYSVILLE AVE + OHERN,40.460316,-80.013187,0
d36efaba-4031-4876-aaaa-0dad5d5684fd,9322,STANTON AVE + CARNEGIE,40.477784,-79.954758,0
d38578d5-df4c-4cca-9a35-9c004889c8b2,8047,BRINTON RD + BRINTON MANOR,40.411363,-79.852124,0
d388abe0-9c7a-4b06-b07d-85c22bd3bb2d,73,SOUTH PARK ROAD,40.327821,-80.030536,0
d39bd6b9-0e72-4dc1-b8df-10b6a66b2474,21962,STANTON AVE + DUNCAN ST,40.477611,-79.951867,0
d3a27fc6-0a6c-4b9e-b1e7-34e5884dbccf,19663,E CARSON ST + 26TH ST,40.427449,-79.968584,0
d3a3f414-9857-4c39-aaeb-8ae19e2f4d20,4239,STEUBEN ST + #1129,40.441066,-80.046604,0
d3b40bf5-c310-4598-934c-e5ef3d6b853d,13493,PENN ST + PACIFIC,40.612252,-79.740958,0
d3c0cdb8-6628-4c8e-b5e9-c24fefa721a2,8154,EAST BUSWAY + HOMEWOOD STATION C,40.453102,-79.899342,0
d3c426b4-9c49-4476-8291-40df19dd222d,1058,THOMPSON RUN RD + SUTTER,40.543215,-79.99336,0
d3c4b873-08fa-420f-98b8-8603ba4cafb4,11214,HWY RT 51 + COAL VALLEY,40.313092,-79.938532,0
d3cfdc94-f8ca-4c9a-91ca-501b0175df1e,22894,FT DUQUESNE BLVD AT 6TH ST,40.443884,-80.002918,0
d40e8974-d9a3-41f5-b075-471b4acba12f,20183,LEY ST + FROMAN,40.464845,-79.982168,0
d41a9bec-d74c-4025-9769-5e69f186ec85,19162,COAL HOLLOW + CLIFF,40.463554,-79.844771,0
d41ea606-d84b-4829-970c-87d0e53b739d,10010404,Forward Ave + Tilbury Ave FS,40.428625041,-79.91887696,0
d42953fd-a0d3-4af6-9747-d3c440c0622c,2603,BERND ST + BAUSMAN,40.414211,-79.997498,0
d434bf04-e475-4a37-b097-8fee15808dfd,5802,LINDSAY RD + WYNNECLIFF #2,40.387322,-80.079396,0
d43c8018-a00a-4ad7-801a-406a986b44e0,14951,LONG RD + SAYLONG,40.455986,-79.835983,0
d44282a9-d868-4517-a92e-d7f5f99d53fc,2438,MT ROYAL BLVD + BRAUN,40.518965,-79.958947,0
d44951b1-052a-41df-8d10-370cb2f5222e,21545,CUSTER AVE + ST WENDELIN CHURCH,40.393345,-79.974345,0
d45235ca-c669-493a-8761-8c81bf81786d,28,MCKEE PRTX STATION,40.439924395,-79.959173525,0
d45409d6-f4e1-4f98-8b3e-2c3b99a65c1e,6283,BOWER HILL RD + CARNEGIE,40.383189,-80.056427,0
d45596f2-4753-4118-8528-b62bcf7b7dfb,6604,CEDAR BLVD + BEADLING,40.366356,-80.061272,0
d4561f99-9de2-4fe2-8dcb-959cab279259,21252,BROWNSVILLE RD + WILHELM AVE,40.32508,-79.987659,0
d45ebba2-9c21-472a-8f19-d7672d998983,11958,ELIZA ST + CORBIN,40.387478,-79.874924,0
d4792b2c-32a1-4265-91e9-0193c02acbff,12137,GREENFIELD AVE + BEEHNER,40.424244,-79.934128,0
d47bc756-fe5d-4da5-bdc9-f000d7c27bd1,13318,FREEPORT RD + PRINCETON,40.623948,-79.72442,0
d48e3713-1a8d-43dd-86f6-b9194f7d151d,10372,WALNUT ST + 15TH FS,40.339546,-79.859517,0
d490ee80-5394-4252-9a13-ba14afa6a424,12616,FREEPORT RD + GUYS RUN RD,40.533763,-79.844916,0
d49e09cb-e661-4325-9ac1-d253179ff43d,51,MESTA,40.330813,-80.030761,0
d4aa3b8d-3ae6-4745-a1f0-a98232948c5e,4767,WARRINGTON AVE + ESTELLA AVE,40.42099,-80.000733,0
d4af73dc-378d-4ea8-8b47-bacaefbc4ea3,10027,BROWNSVILLE RD + OVERBROOK BLVD,40.389384,-79.985526,0
d4bb16ed-c7ab-4384-b080-bc364ac12cc8,20543,STATE ST + MILL DR (2),40.306987,-79.886379,0
d4c180fe-b154-4aab-be99-ced189ec8755,21264,BEECHWOOD BLVD + MONITOR ST FS,40.42551,-79.926852,0
d4c23696-05f7-4e2b-b36d-0121c4aa186b,21713,LAKETON RD + GRAHAM BLVD NS,40.455756,-79.857848,0
d4c24f86-7bf9-44ca-b8df-32113dadd04d,21954,STANTON AVE + WOODBINE ST FS,40.481749,-79.93921,0
d4c84733-c669-41c0-8c3d-f9f40dc0aab6,21250,ELMORE ST + ROSE ST FS,40.443656,-79.976586,0
d4ccc62d-57cd-4e21-90c8-67bcd290675d,12106,IRVINE ST + HAZELWOOD,40.4114,-79.94484,0
d4cfcaaa-9d32-4e1b-a49d-3cefad6e189b,19241,WASHINGTON AVE + MAIN FS,40.409183,-80.083691,0
d4d16488-9ddc-420c-91b2-c6cb01b93e4a,12134,GREENFIELD AVE + CITY STEPS,40.424366,-79.937523,0
d4e2bd7d-e387-4e42-8c1b-0f7bf89cfa1d,100093,Rodi Rd + Purity Rd,40.446154322,-79.828034755,0
d4ecfa1f-8be2-42fd-be29-609fdf186c40,13476,9TH ST + GRANT,40.608399118,-79.745817013,0
d4eeae51-9b89-4c3e-851f-8beebce22bc3,178,ANDERSON ST + ISABELLA ST,40.448349,-80.000656,0
d4f4607d-479f-4ae3-abf6-bad5c4ed5866,8331,HAMILTON AVE + COLLIER,40.453591,-79.893116,0
d4f653d0-a83d-45dc-ae2e-23b5fe944897,18475,BROWNSVILLE RD + BRENTRIDGE FS,40.367575,-79.978396,0
d508bd47-b9d3-4e7c-a568-47e957c0f88b,20540,STATE ST + FRANCIS AVE,40.296628,-79.874612,0
d50a68e9-74e3-4cc8-9c2e-d0b49d363cfb,20646,CORBET ST + 4TH AVE,40.602372,-79.752157,0
d512960c-bfcc-4b0f-a126-f0bcf122bf77,13509,WM PENN HWY + SUNRISE HOTEL,40.438953,-79.7649,0
d52a9ede-bbba-47a6-ad93-f0852919dfbf,21624,SARAH ST + E CARSON ST,40.424271,-79.962356,0
d52ab17d-862c-45a6-9d34-498b29388741,14474,HULTON RD + COXCOMB,40.527034,-79.816721,0
d5307d21-48bf-4cf5-b991-46e8d55c6a66,1589,NORTH AVE + MONTEREY ST,40.454419,-80.012437,0
d532839b-2b39-4a8f-b2af-3d82980d24e8,19550,BRERETON ST + 28TH,40.455842,-79.972478,0
d5396511-e0eb-4d95-9209-39bf19f446ae,6852,SOUTH BUSWAY + CENTRAL SHELTER,40.39036,-79.998222,0
d543426c-f2bc-4eb8-bb09-9e4c9c44882f,19153,UNIVERSAL RD + ANTHON,40.463924,-79.800888,0
d550520b-d31f-4828-b15c-73403f8f9de7,9814,MAPLE DR + SKYLINE,40.364496,-79.964645,0
d5570a08-1561-467e-88e8-8e2aaec0cce7,21703,PENN AVE + #197,40.414052,-79.98338,0
d55a2288-203c-4cbc-9309-508332332a5a,21465,MOUNTAINVIEW DR + POOL CITY DR,40.344946,-79.942187,0
d574fdd1-3a2f-46ec-9b9f-694458d0e47d,19749,BALPH AVE + ORCHARD,40.499191,-80.053105,0
d578e874-bdc2-40db-9380-842a1e70b1ad,100092,AHN Wexford,40.635262989,-80.065224135,0
d57c5549-59d1-48cd-beed-63773ccfb252,5738,GREENTREE RD + CARNAHAN,40.414317,-80.045095,0
d580e839-e036-427e-9247-d139994eb55a,4557,BEVERLY RD + OVERLOOK,40.388401,-80.05034,0
d5914889-54e2-48c5-8aad-17d7632c01e8,9675,BROWNSVILLE RD + STREETS RUN RD FS,40.347167,-79.986265,0
d594a67f-9351-4d74-87c8-edd006e6f260,10010301,Olive Ave,40.639050852,-79.711357864,0
d59dcf99-537f-4a8d-8ba4-dc0d2af00af4,2185,LIBERTY AVE + HERRON,40.461448,-79.967266,0
d5a1db0b-2450-4d5e-a29c-735f472283e1,8830,MARK DR + #7865,40.469232,-79.87112,0
d5c22275-16a2-45d8-9a7f-58cc36d8ae9f,21114,MCCOY RD + S VIREO,40.477518,-80.09523,0
d5d8f3dd-ced6-411b-837d-34168d2ab987,10010430,Pioneer Ave + McNeilly Ave,40.395339183,-80.03083548,0
d5e0416d-e6e2-4f99-8903-ef1359232711,7530,BRINTON AVE + RAVINE,40.401495814,-79.841165661,0
d5efb4bc-f496-4349-ab21-dc48ed61201d,7602,LAKETON RD + CHURCHILL,40.457737,-79.850183,0
d5f85e49-483b-4c59-9a43-45612105337e,2344,GRAND AVE + PITTSBURGH RECYCLING CENTER,40.508769,-80.116829,0
d6139ebe-8e84-40a1-8d82-162ef928e542,8328,HAMILTON AVE + HOMEWOOD,40.454631,-79.897689,0
d613ba26-ab1e-467f-96cb-3969efc46b25,13337,FREEPORT RD + IDAHO,40.619336,-79.730541,0
d617ab08-02fb-4d5d-bd9b-e307ffe2b2db,22639,EAST HILLS DR AT CALISTOGA PL FS,40.452963,-79.873486,0
d61b4fd4-11aa-4e68-a076-9b1b6319e51d,20003,ELECTRIC AVE + DYNAMO WAY,40.401207,-79.835075,0
d6210011-8541-403a-a961-8694d8f0e712,2626,MILLVALE AVE + CYPRESS,40.458853,-79.94706,0
d621b670-503c-4f18-abe7-93b5e0bd9477,10010511,Steubenville Pike + Robinson Center Dr,40.448408668,-80.161245992,0
d623137a-9ead-43cd-8e54-addb6acc5b77,4829,WOOD ST + THIRD AVE FS,40.439076,-80.001471,0
d626fc0b-0809-4632-b79d-fd789b7f66e7,21666,ST JOSEPH ST + OTTILLIA ST,40.413507,-79.981714,0
d6373bdb-4017-496d-9c0a-dcff227bcbb0,2231,ISLAND AVE + #1470,40.486778,-80.076325,0
d64a0536-da11-4e8e-bf64-88655ad503d5,20789,5TH ST + DUQUESNE,40.385679,-79.759081,0
d64d5a12-f614-41a6-8f9d-02a78924683e,21696,CHARLES ST + GEORGIA AVE,40.416442,-79.995236,0
d64e1df6-fa3e-4932-860d-9466dee6c496,15270,WEST BUSWAY + SHERADEN STATION B,40.452707,-80.052905,0
d64f90f8-e1cc-40f8-85bb-1ecc931b5539,11057,INTERBORO AVE + MIFFLIN,40.369951,-79.912954,0
d650ed33-0a3a-4b96-81d4-eedf2df5ee57,5862,GREENTREE RD AT COVENANT CHURCH PARK AND RIDE,40.400571,-80.064294,0
d6620967-2375-4aa1-8663-459f75caffb0,19675,HIGHLAND RD + OXFORD,40.348917,-80.050166,0
d66c6665-efd2-4918-9079-edb966f8a954,6718,BOGGS AVE + WARRINGTON,40.415577,-80.011391,0
d67413a4-6d07-4d20-983c-3c4561f4b283,21139,IVORY AVE + VALLEYVIEW ST,40.496766,-80.011171,0
d67fb539-8184-4631-bcd2-efdfe119fa0d,8824,MT CARMEL RD + PERSHING,40.465604,-79.876441,0
d6824d95-ac08-40f8-a54d-65c1d66221fa,802,CONNIE DR + #110,40.50015,-80.02814,0
d6941d3c-fd48-4e46-809f-dfc1c386f483,7329,SOUTH AVE + WEST,40.443714,-79.89061,0
d697236a-d238-4429-97cb-0adc3baddd45,7905,WM PENN HWY + GRAHAM,40.445107,-79.858649,0
d69c884c-aafb-4834-9ca4-9a80ec182185,11629,MAIN ST + FULTON,40.380721,-79.906578,0
d6b677b6-505b-4c2c-933e-e66838b924aa,12589,KENNYWOOD MALL DR + HOFFMAN,40.382439,-79.868764,0
d6c07531-1421-427a-b481-0cd4f2e241d8,18729,WEST BUSWAY + INGRAM STATION STOP B,40.443815,-80.066065,0
d6c0d815-8395-4995-9606-95dfb8e13800,818,PERRYSVILLE AVE + DELAWARE,40.479917,-80.012065,0
d6ca65db-b5f0-45b3-a19e-d378ec38c66f,1447,BEAVER ST + SYCAMORE,40.528281,-80.161418,0
d6cfe7eb-433e-4e8a-b4ec-433ca1a5f223,17007,GREENTREE RD + ST MARGARET SCHOOL DRIVEWAY,40.423084,-80.044874,0
d6d23a27-ff01-47f8-bc8c-6dbb12727889,7710,SWISSVALE AVE + HILL,40.44363,-79.876358,0
d6d6c321-0936-4e2e-b1af-74d39b7bc44e,10010250,Versailles Ave + Cornell St,40.34690676,-79.857818289,0
d6d98b8d-cd39-46eb-b147-2e067e733bfd,21164,HWY RT 51 + GLEN ELM DR,40.356579,-79.980212,0
d6e320fb-1d61-415a-9610-efe465606405,21345,W 4TH AVE + ROSS ST,40.600602778,-79.756620679,0
d6e68c55-b6c4-4610-a8b4-00b9a0f7ea90,8828,MARK DR + CALMAR FS,40.469926065,-79.874826422,0
d6e92e40-9921-470b-8fe2-16470f76b7e0,13507,HAYMAKER RD + CLOVER DR,40.442448,-79.760208,0
d6f2bc7a-eafc-4c75-93fc-d200843472bd,21667,ST JOSEPH ST + #184,40.413437,-79.983675,0
d6fc2ec8-7017-44e6-a2cc-3b85c5414345,14194,UNIVERSAL RD + VOLUNTEER FIRE CO,40.466121,-79.824354,0
d6fcc4f5-b453-4c1d-89b1-ddb9e30bbafb,19306,ARLINGTON AVE + SYCAMORE,40.430326,-80.000526,0
d70fe9e2-066c-449d-85f9-a26d7979f010,5494,WASHINGTON PIKE + GREAT SOUTHERN SC ENT #1,40.368758,-80.102365,0
d7103dbc-3903-41ed-b650-5b4f107f23a1,16950,PRESIDENTIAL DR + WASHINGTON,40.584852,-79.999604,0
d71a236e-3748-4efa-8f5b-eec69b99e7a5,6192,BROOKLINE BLVD + #1439,40.392472,-80.007161,0
d7245b0d-bdc8-4553-82c3-edbc70a140af,2732,RIALTO ST + TOURS,40.466575,-79.982417,0
d727d78c-406b-4c5c-b662-01c6ca1da2ce,20710,MIFFLIN AVE + CHERRY ST,40.397117,-79.889317,0
d730202a-a012-49eb-84a0-7968f9f34770,8870,LINCOLN AVE + LYRIC,40.463599,-79.90326,0
d733e5d3-b9b7-474e-8c0b-a0be2f467114,19326,PERRYSVILLE AVE + KENNEDY,40.474291,-80.010501,0
d74804cd-6814-49f0-bb78-45f55e63f1a0,1721,PENNSYLVANIA AVE + ALLEGHENY,40.455151,-80.020235,0
d75385a4-1822-4ed4-bf1d-3ceb0a2a73f5,7813,ARDMORE BLVD + BRADDOCK,40.424643,-79.859664,0
d76641dc-88ae-4925-b415-888369f71ec2,8397,LARIMER AVE + DEAN,40.469139,-79.905838,0
d771ed99-cdc4-427d-8c5a-d6b139edf9d0,1007,CENTER AVE + COLUMBIA AVE FS,40.520193,-80.041974,0
d77b0a8d-6ce0-49ba-bd4f-8823ab05f5fe,11102,WHITAKER WAY + HIGHWOOD,40.405958,-79.892995,0
d77dbaa5-b5a6-48ac-9e60-d3b62509ce46,20242,ST CLAIR AVE + MILLER AVE FS,40.292534,-79.883233,0
d79235db-8c15-4a09-bb4c-613b2cc95224,20627,LEWIS RUN RD + HWY 885 FS,40.332322,-79.934403,0
d79915a9-78d4-4430-a23b-809ec9bc262b,19820,FREEPORT RD + FERRY ST FS,40.587511,-79.776189,0
d7a9d25d-d20a-4446-8e75-8d1c2a2c5e33,7449,WOLFE AVE + MARY,40.406849194,-79.847921873,0
d7af2524-816f-4a12-98c7-f020ebe75815,14516,FRANKSTOWN RD + ERHARDT DR,40.465717,-79.838753,0
d7b0306c-4bb4-45c7-b8b3-07b28a67e0bc,22095,STANTON AVE + KEYSTONE ST,40.477258,-79.954033,0
d7b64aca-058c-4a28-a579-fe378d497e4e,8326,HAMILTON AVE + MURTLAND,40.455692,-79.902364,0
d7be41bb-fff8-46f8-90cf-a700f05400ab,2526,CONNISTON AVE + BON AIR,40.410372,-79.999461,0
d7d1ef53-eefc-4e7c-a7e7-b5f6873b8d5c,11211,HWY RT 51 + WRAY LARGE (OPP LARGE VFD),40.300406,-79.922522,0
d7d5ae37-9ee4-44ae-a132-bca8856032e5,3500,MCCOY RD + #1044,40.476684,-80.096848,0
d7da229b-028d-4dcd-a173-e9c4b83375d7,10010392,WYLIE AVE + SOHO ST,40.446692301,-79.974812778,0
d7e7f916-cad5-4ab4-a6f5-1ea14378b914,14952,LONG RD + JOAN,40.458876,-79.83397,0
d7f0af6f-05d5-4265-8ba3-c42d9be298bf,20467,BEDFORD AVE + MORGAN ST,40.451916,-79.969542,0
d7f3d3f0-1cc2-4fbf-9268-a9e03a629d48,3242,FORBES AVE + MCANULTY DR,40.437845785,-79.990883441,0
d7fb33aa-5aeb-4435-8ddd-fc194bf48310,18879,GARDENVILLE RD + CROSS FS,40.349904,-80.008162,0
d7fe18e3-da18-44bf-b519-65b2890a450e,21816,LIBERTY AVE + WOOD ST,40.4425,-79.999419,0
d8033914-d29f-4387-9ba1-ce3109488b22,20249,PROSPECT RD + CAPREL TOWNHOUSES,40.359673,-79.959878,0
d8077a96-7e0e-4ebc-aacd-919badf35be8,19215,CHARTIERS AVE + OLTMAN FS,40.458543,-80.069268,0
d80ddc01-62b7-4710-9663-ec0a4871de0a,14404,FRANKSTOWN RD + HOWARD ST,40.463037,-79.856477,0
d81575dc-15a7-4102-a402-27ef3328efa4,7689,DALLAS AVE + REYNOLDS ST,40.448623802,-79.910133202,0
d8169a3b-03b7-4f92-9263-11745ccc8aeb,8057,BRINTON RD + WESTINGHOUSE COMPUTER CTR,40.429009,-79.874237,0
d8203fe5-66c3-44fb-bace-e06b7c712c4d,100121,Highlands Mall Walmart,40.646263784,-79.712296657,0
d82169e6-b9b1-4f34-aef9-e36816e5309c,3384,FERGUSON RD + MT ROYAL,40.555184,-79.971386,0
d843ba46-02b4-4dac-a093-1e4676441f36,10010450,S Euclid Ave + Centre Ave (FS),40.459218399,-79.929047677,0
d845cb0a-d4a3-4d8b-8c3e-4290e484e279,18891,GREENSPRINGS AVE + SPRING FS,40.391397,-79.883477,0
d8550b6c-639d-4934-ac61-6b2e5efc53e1,8891,CENTRE AVE + BIGELOW,40.4512,-79.954473,0
d8618323-ecd6-4b19-b849-d12d0ef8ddbb,1658,KENDALL AVE + DAVIS,40.489674,-80.049881,0
d8746d1b-44d6-49eb-a3f6-8ee5d7c251d4,22191,FREEPORT RD + #1372,40.489773,-79.872514,0
d8833947-b5ae-4fa5-abc1-8c1201bd33fa,10010368,Heights Plaza + Dallas Ave,40.621673637,-79.725636498,0
d887c759-9e9d-43fc-a7d1-dd174b791d3f,1273,FREMONT AVE + TEECE AVE,40.495795,-80.05168,0
d89924df-d626-465a-bf3c-1eb6ae4933bb,1073,REMINGTON DR + BALMORAL #1,40.554954,-80.007464,0
d8a67407-6ba5-4e1e-aa8d-f673c2c2a903,11081,SHADY AVE + WILKINS,40.443756,-79.920424,0
d8aae0ef-27bc-4407-bbaa-bb18f291de48,7609,LAKETON RD + TURNER,40.452656,-79.860324,0
d8b4823e-4de0-4a05-a696-d09687002ffd,3207,FREEPORT RD + EASTERN AVE,40.48945,-79.903171,0
d8d5358e-4f62-46a6-b9fd-d95649f22dff,6242,BANK ST + GRANDVIEW,40.353044,-80.105706,0
d8f0d910-e93c-4c9c-8b43-4498618ea316,9984,BROWNSVILLE RD + PARKFIELD ST,40.391234,-79.986547,0
d8f49efa-da00-4d6c-b706-c014e69de3a5,8708,DEVILLIERS ST + WEBSTER AVE,40.445613,-79.981739,0
d8fb5295-830b-4cb6-a659-c00e04ad7794,22774,NORMAN ST + GRANT AVE,40.371752752,-79.852488027,0
d8fdb03b-de37-48fa-b4a0-317bc446d1ba,20185,HOFFMAN BLVD + K-MART DR,40.382773,-79.866925,0
d9034241-432f-4791-832c-96d8a890c28d,18349,PITTSBURGH ST + CHESWICK AVE,40.540833,-79.807469,0
d90c4c9e-41f3-488b-b55c-2f2eb324bb7b,19011,NEGLEY AVE + JACKSON NS,40.472401,-79.925819,0
d9156a4b-2837-4007-90e6-44b570164a07,16180,SPRING GARDEN AVE + #1435 WALTMIRE PHARMACY,40.462756,-79.986909,0
d915acbd-c990-40d5-b9bc-fb603335a3b9,7610,LAKETON RD + WINTON,40.451068,-79.862051,0
d926ccb6-321c-4b67-9f0b-4abb89014a08,8100,GRANT AVE + PENN,40.404896895,-79.825905506,0
d93426b9-2e04-4dba-a608-763a4531f35e,7900,PENN AVE + FINDLEY DR EAST,40.444409,-79.863172,0
d9513d1e-fc82-4aa9-bf29-d613c9f90978,11649,WEST ST + 13TH,40.402992,-79.908101,0
d9569c31-3b45-4632-9391-35e72f272c21,1606,BRIGHTON RD + WESTBORN,40.473529,-80.028626,0
d9612d52-47a8-4f16-b975-d8bb3e238d41,6840,SOUTH BUSWAY + CENTRAL SHELTER,40.390282,-79.998173,0
d9658c61-19b3-46f2-a62e-1fa9aee1cc26,22628,BAUSMAN ST AT GEORGIA AVE,40.414277,-79.994035,0
d972e98e-fa3b-482f-a289-217e7c1988dd,8292,WOOD ST + SUSQUEHANNA,40.4481,-79.88378,0
d9824bef-5015-4d70-a45a-9e8b9fc2d037,10010398,Centre Ave + S Beatty St,40.459352961,-79.927319519,0
d98353f0-5d96-4e0d-b6ca-b49824ca36ec,2608,BAUSMAN ST + BROWNSVILLE RD,40.414406,-79.988298,0
d99f1488-ebe1-4e7a-b224-801871fc85a2,1590,NORTH AVE + BRIGHTON RD,40.454075,-80.014394,0
d9b14fdc-41a3-4087-89dd-5e4b53203596,18530,PITCAIRN-TRAFFORD RD + HAYMAKER FS,40.391879,-79.766099,0
d9b234ec-d3ea-48df-ab7d-2e5fefcfb83a,12786,FREEPORT RD + JEFFERSON,40.540454,-79.813517,0
d9b636c8-9a1a-4e14-a095-29926cde9d48,3265,HIGHLAND AVE + ALDER,40.457028728,-79.92513658,0
d9bfd24b-804c-47f6-8d7a-e9c849480432,11070,GREENFIELD AVE + BEEHNER,40.42429,-79.93409,0
d9cfdd69-0f06-4e9f-b840-c11ffd894399,10010419,Chestnut St + Wabash St,40.407391573,-80.076599314,0
d9d07873-6602-4346-a68d-266569ddc713,22432,MCKNIGHT RD + #7905 (MAD MEX),40.54971,-80.019092,0
d9d23fd7-d14c-4783-8d27-cab76a33c416,70,SOUTH HILLS VILLAGE STATION,40.339308,-80.053341,0
d9dad536-4bfd-48e2-8bc4-0bcbfd19bd8e,22784,HERMAN AVE + COMMERCE ST,40.392502,-79.808601,0
d9dec274-efcb-4d56-8d79-46a0cb82f7c7,20497,CHARTIERS AVE + PITTSBURGH CLASSICAL ACADEMY,40.450842,-80.047667,0
d9eed010-6500-4b15-b091-ee76e5717bed,3622,BROADWAY ST + CHARLES,40.470432,-80.070792,0
da042d3f-bf34-4023-85ae-b317c5f34dc0,2680,MICHIGAN ST + BERND ST,40.415983,-79.998057,0
da0d7bc4-d2c0-4546-b899-478dfc5a947d,3401,BUTLER ST + 39TH,40.467679,-79.9637,0
da126e1b-04b7-4406-8ed3-2a3043f302bd,9130,FRANKSTOWN AVE + PUTNAM ST,40.459953,-79.912514,0
da139bb1-5de0-438a-ae18-c618a6bf17c5,7242,BRADDOCK AVE + GREENDALE,40.428734,-79.891808,0
da1fc314-3025-4f4a-a568-4adc4f6e3ec9,1934,CALIFORNIA AVE + BAINTON ST,40.472777,-80.037876,0
da298eab-f4ef-4101-b051-c5f1fc201153,6938,GARDENVILLE RD + KOEFFLER,40.348023,-80.00771,0
da32b20c-0b9d-4eee-9b4d-b7c576c85f34,6866,PROVOST RD + BARLIND,40.364019,-79.992224,0
da4651f5-fc07-464d-8a57-b4558fab57eb,100144,Perry Hwy + Good Ln,40.538897637,-80.036265623,0
da4c1f40-4611-4a11-af7c-49322437d8a3,4190,BERRY ST + CENTER,40.447605,-80.068497,0
da51a805-0ec8-4f38-a6a4-cb1f222b8c00,11691,MELLON ST + PENNSYLVANIA,40.362187,-79.858827,0
da528496-f6f3-4f58-851c-3dbeaeeb2466,21328,WATERWORKS MALL + MARSHALLS,40.488814,-79.891879,0
da5c865f-79b7-4373-b4fd-efe9607e4477,16104,EAST BUSWAY + WILKINSBURG STATION A,40.446550422,-79.888611317,0
da60c15c-76c0-41a1-a8a9-3e5642ec4114,9166,WILNER DR + #2278,40.454144,-79.869209,0
da64bc72-cb21-42ae-a495-4228b49e17be,1519,LINCOLN AVE + KENDALL AVE,40.490959,-80.048218,0
da6dbe71-24b6-40d4-aa4b-76c5271ecb8f,21569,CUSTER AVE + SPENCER AVE,40.393085,-79.976218,0
da719905-c90f-43d7-ad0d-2dcd3f8781d8,7682,WILKINS AVE + WOODLAND,40.443834988,-79.922191543,0
da761cc9-dd85-4b1e-99cb-7a4031fa595c,8211,NEGLEY AVE + RURAL ST,40.465544,-79.929397,0
da762b8e-20da-47e4-87fb-03e47d74c5a1,896,PERRYSVILLE AVE + WATSON BLVD,40.478354,-80.011957,0
da787871-6b79-44da-bd8d-47189dbf2ed2,100083,Stroschein Rd + Monroeville Blvd NS,40.435939249,-79.772527027,0
da91e9ee-e17d-47dd-92a0-0611363304cc,14356,HAMILTON AVE + PUTNAM,40.458824,-79.913027,0
da923fe0-0bfb-4f3c-8eca-2fc23a848e87,7348,BRINTON RD + WILKINS (BRADDOCK),40.422505,-79.864288,0
da931abd-1f21-4bd7-9398-4cde6eab0024,3281,EUCLID AVE + CALLOW HILL FS,40.477098,-79.918946,0
daacb796-d998-4e73-b732-31039ab735a1,10010456,Stroschein Rd + Wm Penn Hwy FS,40.438197872,-79.769466909,0
daad96ae-1769-48a1-8ddf-dffa4c8950f6,19620,W PROSPECT AVE + BERRY FS,40.447203,-80.06969,0
daaec7d0-a430-473e-a06e-bef64b1c6c4c,12078,SECOND AVE + FLOWERS,40.409879,-79.944012,0
dab2202b-8123-41c2-b644-e50b348cf6bd,18298,BEAVER RD + EDGEWORTH,40.552024,-80.191797,0
dab9aef4-5229-47a2-ac72-a690b67e868e,10010348,Alpha Dr W at Anchor Dr SB,40.539593035,-79.835372135,0
dabc0040-3e3d-4d3c-8c6a-f3a40f4e114e,6868,PROVOST RD + BAPTIST,40.361173,-79.991077,0
dac4e6db-db2e-4450-91b4-796f8cfc76ca,20534,HWY RT 885 + SUNSET DR,40.306464,-79.908653,0
dac503ea-81be-4988-bece-abd44c50cfa3,1310,FOREST AVE + RAVENSWOOD AVE,40.50584,-80.051601,0
daca6da1-a781-49b4-ad12-91cc980c3c97,20818,TERRACE ST + WHITRIDGE,40.440064,-79.967514,0
dacedb6d-ffb7-4022-8ab8-f2f3ac3234b6,20583,EAST PITTSBURGH-MCKEESPORT BLVD + ORRIS RD,40.369082,-79.830758,0
dad48d80-f4c4-45fd-90c7-3e6eb0d124ba,9057,ADELAIDE ST + CAMP,40.453388,-79.957995,0
daf49906-715a-4f33-8697-8a7b022e9242,4407,FORBES AVE + MOREWOOD AVE FS (CARNEGIE MELLON),40.444698,-79.943756,0
daf755fc-20ab-45f1-8e26-94f8580d72f5,1735,CHATEAU ST TURNAROUND + BEAVER,40.461407,-80.031593,0
db2c1452-2d70-4a95-8f9f-fbb0d35e9544,2152,LIBERTY AVE + 39TH,40.462568,-79.959154,0
db370be6-6482-450c-bb08-7efb5faf8a68,12232,ALGER ST + WINTERBURN,40.427103,-79.939605,0
db5b8c2e-baab-42c8-a8b5-28d2e1ea489a,7875,GRANT ST + OLIVER AVE,40.440245,-79.996334,0
db5db0dc-9a24-4acd-8ca1-8fa3da793a78,2757,TROY HILL RD + N CATHOLIC SCHOOL,40.460376,-79.984952,0
db634f12-41ea-4a9e-a2fa-5116322749c7,14974,BUTLER ST + 41ST,40.469586,-79.96125,0
db69064a-5b92-4368-998c-8edced215355,20275,DESIDERIO BLVD + JEFERSON,40.288651,-79.891341,0
db6e9d89-58c3-455a-856d-df74934f5eb7,20595,MONONGAHELA AVE + 2ND ST,40.332701,-79.891851,0
db77b6f9-0b8a-467a-bad8-9aff1bff3da6,7591,WM PENN HWY + KOHLS DRVWY,40.43293044,-79.798895576,0
db7d69ea-13b1-4f7c-b880-90bc8f480215,5326,RAILROAD ST + 2ND,40.391901,-80.087834,0
db83c990-2402-437d-b3a1-92f6b7558e68,10010417,Chestnut St + Academy St FS,40.40869854,-80.081008206,0
db91f2e8-72ee-44ec-8746-2948b3051baa,21497,FIFTH AVE + LATTERMAN FAMILY HEALTH CENTER,40.354262,-79.836574,0
db9a4e78-c8c5-40cb-a357-c3bf3a2b52db,10131,HWY RT 885 + HUSTON,40.338381,-79.937652,0
dbb5d8b0-c64e-4d3d-bf1e-005a2d199923,12062,IMOGENE RD + DESDEMONA,40.411896,-79.922847,0
dbe17b64-bfef-44a9-b987-1512ad48b3b1,12182,SECOND AVE + JOHNSTON,40.406173,-79.943062,0
dbf0239e-c2fe-4639-a691-4d208817c03b,8868,LINCOLN AVE + CHAUCER,40.46435,-79.900396,0
dbf49875-98b5-40c9-bcac-e4372a5fc2b8,20022,HULTON RD + PENNSYLVANIA,40.525991,-79.815426,0
dbf4e84c-8987-4d7a-bda1-56b8c4144626,21881,OAKWOOD ST + HAMILTON AVE,40.451885,-79.884835,0
dc04171c-cf65-4d5c-99b2-c9829bed40d1,20694,BRADDOCK AVE + HERITAGE HIGHLANDS NS,40.411518,-79.875471,0
dc122f7c-d10c-4da2-b3c4-74ce25c51c60,4050,WASHINGTON AVE + CAROTHERS,40.396109,-80.086365,0
dc189749-8946-4f77-b4e9-8f84dface87c,10010405,Forward Ave + Tilbury Ave,40.428416724,-79.918656682,0
dc1b7e89-fc92-4b54-9748-58e88a17df8b,4105,CHARTIERS AVE + DANLEY,40.449523,-80.04485,0
dc1be4cb-403f-498c-afb8-e4fd5bde9b0e,10010265,Riverview Ave + Duquesne St,40.338163554,-79.845099367,0
dc3b556e-9f74-453b-a712-0fb307825995,9993,BROWNSVILLE RD + NOBLES LN,40.403758,-79.990016,0
dc45783c-07b3-41cc-902c-87f3d86cc250,14190,UNIVERSAL RD + FREY,40.460517,-79.811247,0
dc4578f9-606e-4320-918c-4d4d4227ef45,1389,OHIO RIVER BLVD + RIVERVIEW,40.491819,-80.061533,0
dc4bf964-1745-4c1b-8898-cc97738ac6b7,15734,WARREN DR + WAL MART DRWY,40.385718,-79.821611,0
dc608afd-1aac-42c0-9713-d1d9c855a68d,22846,GREENTREE RD AT WABASH ST,40.436132,-80.033835,0
dc689d4c-a6d4-443b-aaef-43c11b3e2ae3,8807,LINCOLN AVE + CHURCHLAND,40.469736,-79.894493,0
dc6ef193-d1d4-4cad-8543-09a545ed4e15,22761,FRANKSTOWN + HOCHBERG RD FS,40.461629,-79.860954,0
dc833720-379d-4757-a4df-d288c4ca5282,4809,JOSEPHINE ST + 26TH,40.424076,-79.969795,0
dc892e2e-1a2c-498d-93c5-f92a0b601361,9030,DARRAGH ST + TERRACE ST,40.441895704,-79.962586029,0
dc923e85-1e19-410e-a292-09032c50d49e,12765,MAIN ST + ALI ST,40.494596,-79.934724,0
dca0e763-f2fe-4f7b-b116-fe53c14a4ffe,8864,LINCOLN AVE + LEMINGTON,40.468845,-79.895993,0
dcb05b97-66c2-4414-913e-5adbc0826514,20120,WALLACE AVE + SWISSVALE FS,40.442375,-79.877799,0
dcb51804-70c3-4c6d-bfcf-8633622985cd,18523,JAMES ST + MONROEVILLE,40.40903144,-79.818805904,0
dcc19b7c-9589-4df8-be28-719e57501a9b,6187,BROOKLINE BLVD + #1572,40.391224,-80.003094,0
dcd812a5-43a9-4ec2-b906-c4c30f585a1b,5463,NOBLESTOWN RD + DENISONVIEW,40.435053,-80.050533,0
dcdbc681-75a5-4fa2-b4a0-2e6eec3b8eb8,19667,ARLINGTON AVE + WARRINGTON,40.421692,-79.992267,0
dcdcfbec-b147-4579-a34d-498b2dc29b8e,7564,YOST BLVD + BRINTON,40.412504,-79.856384,0
dce19d93-9ab3-4e55-866c-d4b3986ea0b9,18789,5TH AVE + WOOD FS,40.519451,-80.169506,0
dcee1e37-24a3-4d9d-a00b-c9f161cd2a05,12797,PITTSBURGH ST + WASHINGTON,40.541106,-79.790545,0
dcf55dbf-a503-4bb7-97c9-8cc6734c9eb7,11404,SECOND AVE +S 10TH ST BRIDGE FS,40.434554,-79.990186,0
dcfd8fc9-1513-4ce5-9d44-8d0c6f228487,99968,FALLOWFIELD STATION,40.411148,-80.023078,0
dcfe2d11-b7d7-4479-ba15-725cd21d55f2,1049,THOMPSON RUN RD + VILSACK,40.526807,-79.988225,0
dd03da52-9b0f-46c8-bfe4-d62c0200d6bc,4838,SMITHFIELD ST + FORBES AVE,40.439558,-79.999055,0
dd0e8487-c3a8-4736-9f46-af0a764b4137,1156,LIBERTY AVE + WINEBIDDLE,40.458904,-79.94402,0
dd152f04-d876-410f-93ad-2ecdaa630f6b,6098,SOUTH BUSWAY + PALM GARDEN,40.4161,-80.011821,0
dd2dfb41-3416-4f5e-aba5-9093ca35b18b,10989,2ND ST + KENNEDY FS,40.371967,-79.846542,0
dd335b76-503d-4497-8426-1d186cf7556e,7999,BEECHWOOD BLVD + FOREST GLEN,40.434269,-79.912188,0
dd385507-df3b-47a9-88ca-797c2f7fa654,22326,ALPHA DR + FREEPORT RD (HARMAR),40.539182,-79.830682,0
dd4af3eb-8cfb-4f5e-bd84-9e33901d0f6e,2876,SPRING GARDEN AVE + LAGER,40.464188,-79.985947,0
dd4f57eb-eeb1-4acf-90be-c41ca51188eb,10010434,Brookline Blvd + Merrick Ave,40.392067476,-80.013318581,0
dd580aea-d2fb-47c0-adff-46516deafc9c,21180,8TH AVE + DICKSON,40.408819,-79.905587,0
dd68299a-7ae7-464d-8ba7-761ad55554b8,21240,GREENSBURG PIKE + LLOYD AVE,40.397009,-79.821253,0
dd74bbae-3a42-403f-9d98-662384f05703,8846,ABER RD + GROVE,40.46784,-79.865285,0
dd9d5607-4653-4a4d-a9f2-f3c5d7b2f861,14368,BAUM BLVD + ENFIELD ST,40.454144,-79.949348,0
dda1607d-695b-4773-a66e-c5425b98c03f,8666,ELMORE ST + ROSE ST,40.443855,-79.976625,0
dda4f24b-15f0-4a82-b669-05f9ef061aff,18612,WM PENN HWY + CENTER FS,40.438751,-79.769642,0
dda832d8-af24-49d0-983d-6dcdfda09226,8859,LINCOLN AVE + CAMPANIA,40.472355,-79.890932,0
dda9d5ec-5856-4a18-a5e8-8c70a5b480e0,10010424,McMonagle Ave + N Meadowcroft Ave,40.401038999,-80.048654827,0
ddb0d5bb-0ae0-42f7-8402-8c8e21b351d0,8960,MT CARMEL RD + ABER,40.467141,-79.869528,0
ddb8445b-33c0-4ed0-9239-6441003f1a8b,1831,ARCH ST + MERCY PROVIDENCE HOSP,40.45426,-80.008957,0
ddc1dd42-e9af-4108-8d89-e12033e1654c,19055,FRANKSTOWN RD + CRESCENT HILL FS,40.472955,-79.820262,0
ddcdbfdb-7773-4832-a20b-69b4ec8b5040,10010322,Duncan Ave + Kirk Ave,40.559826427,-79.963341409,0
ddd9c6ad-426b-49d5-873d-7dbeb6c74c7a,14754,SALTSBURG RD + CHANTICLEER DR,40.4755,-79.793749,0
ddd9f5ff-4f8b-4c36-8bdc-a3b612666b37,18289,REEDSDALE ST + BOYCE,40.447823,-80.01987,0
dddc3413-e242-4171-97c1-df729b6068d5,8475,REYNOLDS ST + DALLAS,40.44873,-79.909936,0
dde78460-2b98-4130-88fc-e26e15eb7c52,10010378,E 4th Ave + Wood St,40.601371224,-79.754762509,0
ddec86a2-c6ff-4fd2-9b2e-3ca98b52d372,3920,MANSFIELD BLVD + CHARTIERS FS,40.407188,-80.089308,0
ddffdc5e-3273-4714-b541-4f4467772b61,2356,GRAND AVE + MAPLE LANE,40.516529,-80.146301,0
de086cd0-04ba-4597-b3a4-8096e7c44868,1008,CENTER AVE + BRONX AVE,40.520542,-80.039529,0
de0bd677-a9d0-4efc-8f85-720e2d673a45,4664,MCFARLAND RD + THE FIREPLACE & PATIO PLACE,40.394581,-80.046462,0
de0dd202-38f7-4747-ba8c-b8ad1b04cd03,14573,FIFTH AVE + HAMILTON,40.457381,-79.909031,0
de0f5964-0f1e-4149-9556-b42a814fde55,19138,UNIVERSAL RD + REITER,40.472025,-79.787754,0
de160625-de05-4620-9a4d-a54055a1537a,6836,PROVOST RD + STEWART,40.378146,-79.993622,0
de19b31b-5da1-4823-b6b9-f9e8d8e8f8f3,16560,ALLEGHENY AVE + WASHINGTON,40.51638,-79.843348,0
de1ff3fc-b53f-4ee8-aeb4-08c71f81cad1,21249,REED ST + ELMORE ST,40.442366,-79.978214,0
de285ed2-1ac5-4b3a-8d1e-c3f2c15a71f1,18279,MERCHANT ST + 11TH FS,40.592287,-80.230336,0
de3066c9-ef22-470c-aed9-8af5c69853f1,8471,HOMEWOOD AVE + ROYCREST,40.448219,-79.902048,0
de323191-053c-499b-a050-6b5efbfd2409,13334,ALABAMA AVE + BROADVIEW BLVD (FS),40.616180448,-79.736400963,0
de4bdd87-fe36-4ecb-bfdc-83c337721301,18655,WEST LIBERTY AVE + PIONEER,40.395642,-80.033494,0
de525c2a-22f9-4903-a176-86ae71faa072,8782,CENTRE AVE + REED,40.445424,-79.971092,0
de55ee00-a84f-46c4-9fd0-706ddd36dff7,8130,JAMES ST + #530,40.410841,-79.81878,0
de56488a-e425-425f-9c62-14087f65f92e,94,MCNEILLY STATION,40.377718,-80.004684,0
de56928e-197c-4a1a-a2cd-3be73b76e088,858,JACKS RUN RD + YORK DR,40.499943,-80.031822,0
de64fa42-3fdc-4e6f-adac-7c93f5bdc98e,10010254,Union Ave + Beaver St,40.34210697,-79.856091433,0
de74544d-705c-4362-b659-a1b06d0377c2,12017,4TH ST + VIOLA,40.369441,-79.847638,0
de769096-7cff-4773-876d-b294d356a026,20553,MONONGAHELA AVE + 2ND ST,40.332474,-79.891824,0
de7dcc4d-af5a-4fc4-be9f-9c7e14c7a6d9,22252,GAMMA DR + COMFORT INN DRVWY,40.500996,-79.860983,0
de8244d1-2235-45bc-8df0-12540608c224,9816,RADFORD RD + BEVAN,40.364348,-79.967366,0
de86ba83-5407-4b25-823c-9589c4fe854a,6168,FREEDOM AVE + WAREMAN,40.38941,-80.011288,0
de8858f1-1ff8-4275-860b-ae2eae3d8fed,18646,VANADIUM RD + BOWER HILL,40.368861,-80.084835,0
de8e5c71-1581-4f62-b031-488990943418,9417,HWY RT 51 + STREETS RUN RD,40.346239,-79.973317,0
de8ffb5d-61a3-46ab-9bef-cdf983d6736b,17323,FREEPORT RD + EVERGREEN,40.649166,-79.708945,0
de90b10a-a85c-45e4-80c7-5e27004321fc,7031,LINDEN AVE + CABLE,40.399872411,-79.835701914,0
de95b792-7459-4f8b-acde-b8cd97a628c4,22851,GREENTREE RD AT JUNIUS ST,40.431931,-80.038861,0
de969890-17f6-4d41-b339-70432a52df62,2206,GRAND AVE + VON STEIN,40.51724,-80.148792,0
de9e5710-2cdf-44dc-8b56-67129378edd2,3466,MCCOY RD + AL SMITH,40.479946,-80.085518,0
de9fea46-78a9-4f21-a03e-366b1d2eb18a,11762,WORTON BLVD + CONLIN,40.362866,-79.870699,0
deb4346e-53b9-48a4-b864-1aeb06e52775,14976,BUTLER ST + MAIN,40.4697,-79.960976,0
deb6d003-e407-4ab0-a7bc-1c7b62cc7626,19052,LEECHBURG RD + AUBURN FS,40.492919,-79.790796,0
deba346b-33a1-4a6b-80c9-7169ccfe5c12,19548,BAUSMAN AVE + GRIMES,40.414327,-79.99293,0
debe9775-c708-41c6-aeef-6c1a2e7c7a7f,639,PERRY HWY + WEST VIEW AVE,40.500125,-80.021776,0
debf03e6-dc45-4878-b650-e896cd16b659,11632,MAIN ST + BOTSFORD,40.384388,-79.90374,0
dec006df-c794-48f0-aca4-956fefb32f0c,20843,YESTER SQ + CRAIG ST,40.349520683,-79.839711697,0
dece1cb3-8100-478a-b5ac-e52006b10959,8277,PENN AVE + VILLAGE OF EASTSIDE SHPG CTR,40.458359,-79.918793,0
decf1b97-9ea2-485e-aaf9-dcb9a0271f57,10919,MURRAY AVE + MORROWFIELD,40.428223,-79.924777,0
ded452df-279d-40df-9bf6-95e0d1f728b0,20087,ALLEGHENY AVE + COLLEGE,40.514127,-79.843616,0
dee13df7-2745-4412-8bf8-d7414271f23d,1669,GRANT ST + JEFFERSON,40.489448,-80.051722,0
dee32dc1-5962-495c-bd4c-b3d3f471bb0d,7146,REBECCA ST + SWISSVALE FS,40.438012,-79.879136,0
dee3eec8-d441-48eb-bc15-791ae5fac975,12750,RIDC PARK + TERMINAL,40.500432352,-79.860965718,0
def19f44-5614-48a2-bc05-c9737f538998,246,MCKNIGHT RD + OLD MCKNIGHT RD FS,40.534181,-80.01089,0
df09a7e1-c511-4a95-86e7-d2c1c453c86f,16470,BEATTY ST + EVA,40.461254852,-79.927482527,0
df183069-1d49-45bc-a909-57391cb04c2a,1347,BEAVER RD + VALLEY,40.561104,-80.20266,0
df227423-6c85-4a9f-b92a-572f56dc52b3,5427,NOBLESTOWN RD + COLESCOTT,40.434235,-80.050202,0
df31c889-1814-48cd-82bb-11c82df6f62a,10010490,Estella Ave + E Warrington Ave,40.42092671,-80.000449947,0
df32f51d-15e0-4bd7-8a81-43d3a9e69140,9234,EAST LIBERTY BLVD + EUCLID,40.466732,-79.925108,0
df33ba51-0446-45cc-a827-7dd82f6296a1,21186,12TH AVE + AMITY ST,40.404401,-79.908146,0
df5158e5-89b5-46a4-b2e5-d3864bf3d2ba,7101,FORBES AVE + PLAINFIELD,40.440376,-79.935417,0
df6076f9-4299-4549-82f5-87cf7be9c236,18672,DELWAR + RITTER ENGINEERING DRVWY,40.350809,-79.950933,0
df6631c6-6201-42b9-813d-80ba33963e3f,8225,TRENTON AVE + FRANKLIN,40.443292,-79.892365,0
df6a3490-8b05-46c2-b73b-6c736d93430c,10010429,Pioneer Ave opp McNeilly Ave,40.395385372,-80.030545319,0
df703eaf-917a-4337-bd84-5c51cb5d963b,8372,REYNOLDS ST + LANG,40.447246,-79.905737,0
df7440cf-0ec7-4fe3-b4af-9a317c641579,20125,HULTON RD + LINCOLN DR,40.524994,-79.813677,0
df7f9444-0f25-482d-a4a8-f0fe538e0f3c,7413,BRINTON AVE + PALLAS,40.405807,-79.844196,0
df814c4e-6942-4c40-9019-7606712a584f,1777,MT PLEASANT RD + PENFORT,40.477118,-79.999685,0
df8d8911-2d6c-4be6-99c2-a9f8da8060a3,8067,MONROEVILLE BLVD + BOSSES,40.428433,-79.787415,0
df90c244-84c9-4eb4-9b8b-a0ca2059a321,5028,STEUBENVILLE PIKE + HOLY TRINITY CHURCH,40.451547,-80.136211,0
df9da00c-cda6-4868-abd3-abda7cea3026,8027,CRAFT AVE + FORBES AVE,40.437017751,-79.962860719,0
dfa6c715-7ecd-405e-9662-8d7553d61056,21782,LIBERTY AVE + BAUM BLVD,40.456562,-79.939392,0
dfb257ca-4f20-4c41-9993-3c740830de11,8770,CENTRE AVE + WATT,40.446494,-79.968296,0
dfb77800-84e8-49c2-8c9c-9f16c7a4df06,10010519,Forward Ave + Shady Ave,40.429172234,-79.921421185,0
dfd2f885-d4ae-4917-925b-58ac2c2c95ad,22325,SALTSBURG RD + MILLERS LN,40.475205,-79.773019,0
dfd693b7-f455-42cf-8a03-f582f3d6dc8e,22737,BROOKLINE BLVD AT EDGEBROOK AVE,40.392015,-80.015151,0
dfd92073-398d-4949-824c-d83c3be43b40,2157,LIBERTY AVE + 32ND ST,40.4604,-79.969093,0
dfdaebde-e53e-4239-979f-0184ca69f719,4266,MIDDLETOWN RD + #3206,40.450894,-80.067001,0
dfe01880-cc2c-4ec6-8b38-8d2417a6cd2b,8650,ALLEQUIPPA ST + SUTHERLAND (PETERSEN CTR),40.4445,-79.963465,0
dff930aa-afbc-42a5-9fd7-c4a8ef26258f,10886,GRANT AVE + 1ST,40.373374,-79.845977,0
e002ab0f-322c-40b9-b652-29295d2cb21e,4811,26TH ST + SARAH ST,40.426475,-79.968792,0
e012875e-6cc7-4410-ba30-d13eb1ca5bac,23098,WASHINGTON PL + FIFTH AVE,40.43897,-79.99107,0
e0249ac6-c5b3-4fe6-b16e-654d14305905,23027,BLAIR ST + #4165,40.42063,-79.95172,0
e0392b34-4872-4689-b180-0dbe6c1e6c28,21988,PENN AVE + ATLANTIC AVE,40.464524,-79.938759,0
e03c25c0-ac35-441f-bcf4-2485f1905f27,9115,FRANKSTOWN AVE + LANG AVE NS,40.457885,-79.898244,0
e0406795-8dc5-4c72-b6e6-b2bd3d5a8c22,21004,WHITAKER WAY + MARIGOLD ST,40.402562,-79.889355,0
e042b2c7-b2e2-4404-8053-9f6c6da08353,21787,LIBERTY AVE + MILLVALE,40.459969,-79.945756,0
e044542a-bcb1-4cd3-820b-93860e092d48,18397,DUQUESNE BLVD + HERMAN FS,40.3843,-79.860554,0
e04fb722-6526-48cb-adf6-8ed7e05140c4,8263,ELLSWORTH AVE + FILBERT,40.453832,-79.934392,0
e050ca25-d322-453d-9421-d9514713f633,8026,BLVD OF ALLIES + CRAFT,40.435932358,-79.961291263,0
e0516971-63d6-4529-b207-1d76716d7f6c,12076,SECOND AVE + TIPTON,40.407659,-79.943375,0
e05468f9-13ff-4e10-b29f-97ecee6474d5,3371,BUTLER ST + WASHINGTON ST,40.493606,-79.947985,0
e05d84f6-1f47-4bd0-a547-4684aeb7178a,21661,MOUNTAIN AVE + SCHULER ST,40.409609,-79.977359,0
e0673933-7355-4c36-8788-9d41d2e2063f,9648,HWY RT 51 + #2790,40.378346,-79.989857,0
e06b4197-b651-4aeb-bc4d-b0821f453031,21635,BALDRIDGE AVE + MIDDLE ST,40.404795,-79.862436,0
e075f962-602a-4eeb-b06e-00b36ef410c2,19587,WASHINGTON RD + CEDAR,40.381398,-80.044217,0
e07cbcdf-cd06-4c6b-afef-9004b970db40,10010249,Huey St + Shaw Ave,40.349579855,-79.859451354,0
e0829aaa-e07a-4a3c-9e8d-9ffa4391d497,10160,MIFFLIN RD + #669,40.381897,-79.928452,0
e0862dd8-4fbd-4c31-9b17-aea8f6255814,21827,LIBERTY AVE + 29TH ST,40.457384,-79.97327,0
e09016c5-59ab-45d4-b8fc-5417e76cb3f1,1309,FOREST AVE + KLEMONT AVE,40.506703,-80.051236,0
e093910b-43a0-44da-97b1-1babc969f399,164,EAST ST + MT PLEASANT RD,40.48227,-80.005994,0
e0993bc9-e3de-4a60-876f-76d06d4e592f,8711,BEDFORD AVE + DEVILLIERS,40.446551,-79.982401,0
e09a0025-3491-4806-952b-05e1b3dfa68f,8685,ORION ST + MILWAUKEE,40.454341,-79.961475,0
e09feaf4-e78b-4971-a15c-9a629e2ccc46,16110,EAST BUSWAY + HOMEWOOD STATION B,40.453,-79.899379,0
e0a10dfe-4c1a-44d1-8f68-55177ea9d584,14855,ELLA ST + FRIENDSHIP AVE FS,40.464453,-79.950619,0
e0a1b3e7-1056-4a99-9b8e-334e7da20fa0,21434,CALIFORNIA AVE + MARVISTA ST NS,40.46139,-80.02945,0
e0b210ab-ea06-40a2-9f3b-2b3073ee6175,10010518,Second Ave + Bates St NS,40.431109318,-79.958896888,0
e0b42bf8-33db-4c7c-964e-4dbab13100e8,18640,CHESTNUT ST + ZONA WAY,40.45703,-79.995167,0
e0b5b2be-9b73-475b-b106-7a1e969d0f4c,14759,SALTSBURG RD + CRESTVIEW APTS,40.481449,-79.805733,0
e0bacd51-b079-4251-91b5-25ef8a1ac857,6830,PROVOST RD + FRANK FS,40.368782,-79.994223,0
e0c800d4-b622-445d-84cc-6c23c269fc23,22978,BRADDOCK AVE OPP HERITAGE HIGHLANDS,40.412906512,-79.876553925,0
e0cc9e78-e174-4619-8f41-3b1a3237eb14,7574,BRADDOCK AVE + KEYSTONE COMMONS,40.401981,-79.832094,0
e0d9bc2d-ad75-45c5-bd76-f82fa99d7057,1872,SHADELAND AVE + GEYER,40.474899,-80.031887,0
e0e55bf1-6894-4bfb-85c1-d791194fe37c,1549,BRIGHTON RD + CALIFORNIA AVE FS,40.459423,-80.016752,0
e0fb319d-997d-4098-9b8a-c5ad2c98d589,7337,SAVANNAH AVE + OVERTON,40.435077,-79.893153,0
e101f03b-d695-4f7d-accb-1b29c6137feb,895,PERRYSVILLE AVE + #3000,40.476111,-80.012273,0
e106b9f0-f202-4dfd-8a3e-b9fc1df6b52e,641,PERRY HWY + CEMETERY LN,40.503282,-80.024849,0
e10c28b2-8ab0-47f5-890c-f5b94e003627,20422,BELTZHOOVER AVE + RENTZ WAY,40.416737,-79.997185,0
e128c809-1aeb-4733-a25f-20d4979cf050,6664,LABELLE ST + SYCAMORE,40.43332,-80.016311,0
e12baa72-24e7-430d-ad78-5bc47c66e9c2,3467,MCCOY RD + NEVILLE,40.479733,-80.08387,0
e12ff56a-39d4-4b51-835e-57ee26cf2704,77,STATION SQUARE STATION,40.431324,-80.002671,0
e138d450-637a-43f6-9c03-6114afa53be8,1593,BRIGHTON RD + COLUMBIA PL,40.458351,-80.016021,0
e154e2af-fd60-4b3a-8414-6283bf32cadf,1787,CHARLES ST + CROSS,40.465212,-80.020681,0
e15682ca-bf52-42f2-8016-b4b333d3269f,22266,CALIFORNIA AVE + DAVIS AVE,40.480164,-80.041184,0
e16119b3-c897-4a4d-bc10-07faaf574a5c,5890,LINDSAY RD + NIXON SCHOOL,40.386247,-80.075353,0
e172ee36-4e6c-43f6-aefe-378d7df63a8a,21544,SPENCER AVE + CUSTER AVE,40.392975,-79.976306,0
e178bc46-cce5-4d1a-83b9-e0165bcbd40d,13572,HWY RT 286 AT NEW TEXAS RD - PLUM PARK AND RIDE,40.451046757,-79.713635885,0
e183893a-bb54-4234-a630-f463ee232ac0,7654,BEELER ST + FORBES,40.444045,-79.938608,0
e184c8c2-a97a-4d31-8adc-456fbdb51ac9,8873,LINCOLN AVE + SHETLAND,40.461675,-79.907853,0
e18a916e-7502-4b45-b0c7-b81f4e796011,18153,FRIENDSHIP AVE + HOWLEY,40.46525,-79.951388,0
e1969cee-6ca1-4175-b696-a255dcae4d74,8280,PENN AVE + 5TH,40.454221,-79.912814,0
e1a4809a-a33c-4cd3-b24a-480a2f592bfb,22451,MT TROY + CRONEMEYER AVE FS,40.473726,-79.984462,0
e1b0a20e-eb2f-4d2d-9299-6756f29fce18,17510,WORTHINGTON AVE + INTERSTATE LOUNGE(#1560),40.292725,-79.90945,0
e1bb4423-bd7c-43b9-b38e-c6e113af9639,798,CONNIE DR + MULKERIN,40.498387,-80.023183,0
e1c36722-f609-4e38-abe5-7a2be135c8eb,8937,VERONA BLVD + LINCOLN,40.472891,-79.888799,0
e1d2fe93-3395-4600-87ca-f68a4f0f0383,14466,HULTON RD + 5TH ST,40.525004,-79.838598,0
e1da3b82-f9e2-433d-9260-394d6c5b6a6a,11746,GREENSPRINGS AVE + CHURCH FS,40.390715,-79.882556,0
e1e222c8-f6e8-4344-a13d-f0a6b618f58d,1876,SHADELAND AVE + DAVIS,40.481465,-80.034789,0
e1f2a545-8088-4f8e-8716-78067b23b8e2,20825,SUNSET AVE + ESSEN ST,40.472945,-80.000504,0
e1fbb9ff-8635-49ae-a0bd-bfec2df098b7,11588,ST JOSEPH ST + HAYS,40.413325,-79.987484,0
e209050d-0a5e-4445-94d0-c263c6c5a8b8,99983,ARLINGTON,40.369889,-80.033313,0
e217fdc1-6ffa-4c18-ae0b-8254b743f518,2342,GRAND AVE + TRIAD METALS,40.507913,-80.111629,0
e224e9b9-2bd8-41be-8bd7-04062642ea10,464,SAMPLE RD + RINGEISEN,40.571766,-79.998505,0
e22cee76-0c78-4cf0-9964-5f7604a9b032,11080,SHADY AVE + SOLWAY,40.442656,-79.920096,0
e2366de5-96ec-4e74-9b50-614efc7efdc7,8845,ABER RD + #8077,40.469151,-79.862206,0
e2395a59-550b-4a10-9108-960b1cd4f053,10010512,Steubenville Pike + Robinson Center Dr,40.448285714,-80.160143598,0
e254face-3464-4f6d-9364-2f4d8299767b,22793,UNIVERSITY BLVD + CARNOT RD,40.515241,-80.222424,0
e25fd44a-26ae-4ea8-bec2-4d735fad1523,5421,NOBLESTOWN RD + NOBLE MANOR (COGOS),40.427067,-80.0554,0
e26b7fcd-a9e4-4906-86a5-aa4e61cfd432,18703,SPRINGFIELD DR + SHADY OAK,40.579464,-79.993905,0
e26c1cb3-2ad3-469f-a8f2-bc301e0ce9f8,22739,JACKS RUN RD + #3150,40.349139,-79.791023,0
e27c4cb9-0f75-48f6-a1e4-bbe10bce0a25,19752,FOREST AVE + #1055,40.508139,-80.048642,0
e2844819-6841-4de0-8565-b3ca517710b1,18400,BALDRIDGE AVE + 6TH ST FS (SR HI-RISE),40.405488,-79.863367,0
e29ef3f3-f3b8-4823-b852-c6ca90edae81,2822,ITIN ST + GOEHRING,40.461071,-79.993394,0
e2af0c57-046a-4e51-9a53-bfce8706f6ea,21469,HOBART RD + GREENFIELD RD FS,40.432569,-79.936292,0
e2b98f15-6443-4c0a-b04f-1b58b827781a,2518,CAMFIELD ST + BANDI,40.409222,-79.99836,0
e2b9c1c7-e727-4d9b-a5d2-2ba88c602d43,22280,BROADWAY AVE AT SHIRAS,40.404084,-80.030283,0
e2ba49d6-175b-45ca-90ff-bd38ef46cc71,12626,7TH ST + PENN AVE FS,40.44294,-80.000191,0
e2bc412e-5ec6-48a1-81d6-0598565d82e6,1434,OHIO RIVER BLVD + DICKSON,40.503582,-80.080877,0
e2ce1db0-a8e8-4673-82b5-3ee52ad77598,8783,CENTRE AVE + AVALON,40.448725,-79.961662,0
e2f03f78-a68c-460c-8770-875143b4a1df,12820,FREEPORT RD + BARTSCH,40.585537,-79.777013,0
e2f63508-fc05-4e4f-bbf2-6c9e13ebd5cf,8181,NEGLEY AVE + HAYS ST,40.46988,-79.927067,0
e2f7ba04-3e98-4c5d-a0ef-99d208528bbb,8216,NEGLEY AVE + STANTON AVE,40.471324,-79.926314,0
e3057593-b6ad-41b4-8d0f-7d4fca628b83,17633,WEST BUSWAY + BELL STATION A,40.415441,-80.083026,0
e30ad3e9-5f35-4865-baa8-9259ad50b135,21201,E RAILROAD ST + 2ND ST,40.391832,-80.087732,0
e3102e0f-cd19-4d31-8604-6768bfa2b0ba,2856,SUNSET AVE + NORRIS,40.471276,-80.000748,0
e31dc961-12d1-4461-98eb-e032ca575be6,12595,FREEPORT RD + #1150,40.488047,-79.879415,0
e3217ac4-059e-48f6-8c61-63fb9da51f46,8083,JAMES ST + TURTLE CREEK-MONROEVILLE,40.409218,-79.818901,0
e323bb27-4bf7-4a74-a581-7a3f13296670,17527,PANTHER HOLLOW RD + PANTHER HOLLOW BRIDGE,40.434929908,-79.945507699,0
e323ebd9-be2c-40fb-b459-4bd1929d7161,4272,W PROSPECT AVE + ALLEGHENY VALLEY SCHOOL,40.446542,-80.078517,0
e3267267-9c08-46d0-8af3-b548d7c311be,7454,BRINTON AVE + BOWERS,40.402566,-79.842008,0
e329aa40-0b1c-43fa-89ca-9ec628b53b28,22706,6TH ST AT BALDRIDGE ST,40.405622,-79.863596,0
e33087fc-53fc-4dac-9bf7-b1cb0fa6f56e,4236,STEUBEN ST + OBEY,40.44301,-80.052801,0
e3457687-fc68-4915-b38d-fe7278e3ffd2,3309,FREEPORT RD + OLD FREEPORT RD (FOX CHAPEL RD),40.487441,-79.883056,0
e34666ed-cf66-47b1-8ddb-09070ea358b1,8009,TILBURY AVE + FORWARD,40.428336,-79.918504,0
e34cf467-0fa1-450c-8164-7780c0838306,20305,UPLAND ST + #7220,40.461252,-79.891687,0
e35438e0-46d0-4186-8838-4f8ed181b1d3,9134,FRANKSTOWN AVE + LASCHALL ST,40.458317,-79.906265,0
e35659b1-5203-49ec-b6ad-a57c83be77cc,4104,CHARTIERS AVE + CORLISS,40.450483,-80.045619,0
e3613fb9-79d4-42b7-a3e2-85dba7e50d88,2214,GRAND AVE + PERSHING,40.511989,-80.131655,0
e361fc3f-053d-49cd-ab38-c270f56540cb,7223,MONONGAHELA AVE + WHIPPLE (#1641),40.425607,-79.891606,0
e368cf5a-6886-4170-b48e-87c52401f34b,10588,EVANS AVE + COLFAX,40.348013,-79.849425,0
e36cdb79-c104-40c4-94ca-48b6d6ec93ee,5414,NOBLESTOWN RD + #2793,40.419037,-80.066485,0
e373a641-ad64-4064-94b3-dcc57a9ae391,14226,UNIVERSAL RD + FREY,40.460536,-79.811485,0
e384ddbd-026e-4717-b669-3e9d3f14a1c3,19545,BAUSMAN AVE + BRICK WAY FS,40.414403,-79.990176,0
e38692e3-ab04-4e7f-ac26-533fac6df430,11274,HWY RT 51 + MONROE MUFFLER,40.331322,-79.945749,0
e38f64ec-e45b-4886-98cc-403bef0e5776,18686,MCKNIGHT RD + BABCOCK RAMP FS,40.515078,-80.004401,0
e392922f-7cb8-445b-bdc1-8ef006848848,19475,MAIN ST + HOWLEY FS,40.464207,-79.953178,0
e39d60c2-021f-4b9a-81dc-83ea6d3f185f,2320,ISLAND AVE + JOHN FS,40.469253,-80.060134,0
e3a16f81-caad-4ce1-83cf-e71c813faae6,8267,ELLSWORTH AVE + MARYLAND,40.455959,-79.930892,0
e3afb607-7250-4196-b8a4-55f62dc0b398,22883,MONROEVILLE BLVD AT MUNICIPAL BLDG,40.436466,-79.780039,0
e3c33373-9e0b-4dc6-b289-09c18aec084f,2633,CENTRE AVE + CRAIG ST NS,40.452043,-79.951689,0
e3c42213-38bd-4a34-8d41-51584a256fac,11053,MAIN ST + WEST RUN (BRIERLY LANE),40.377145,-79.909195,0
e3ebcd70-82bf-41d7-af5f-ee816def6629,19067,LEECHBURG RD + CLOVERLEAF,40.486953,-79.80885,0
e3f4d7b5-9417-4263-bc17-9c0e9dda8376,14604,CENTER RD + RUTH DR FS,40.453792,-79.760463,0
e3f8eb50-5255-423e-93a5-22457afb39eb,9011,BEDFORD AVE + MEMORY LN,40.448301,-79.978277,0
e3feb5d5-d88c-4f1f-9fc0-69825271905f,2354,GRAND AVE + GIBSON,40.515198,-80.142285,0
e3ffb81d-44e0-4ea6-8996-fd94ccfeeaa6,5405,WASHINGTON AVE + MAIN,40.409135,-80.083601,0
e401b759-5067-47ee-8e80-77409944fa09,12030,BUTTERMILK HOLLOW RD + PGH-MCKPT BLVD,40.358057,-79.909194,0
e4043745-2d77-4670-b917-b9fbf48735b9,18631,TOKAY ST + BENNETT,40.454835,-79.880898,0
e4148670-1e2b-4b6a-a318-673cbedb1ab3,1829,ALLEGHENY SQ WEST + STOP #2,40.452023,-80.006447,0
e4383d20-291c-4d5b-bdde-66359f4aaca2,7773,AIRBRAKE AVE + 9TH,40.402578174,-79.821134654,0
e45d5dd2-2bf5-45d9-833e-1f69f9fa29a8,4665,BEVERLY RD + PARKER,40.392522,-80.047013,0
e45ecb3f-9811-40bb-a444-087171e507a3,W06290,DUQUESNE INCLINE AT LOWER STATION,40.439893747,-80.01758574,0
e4681261-ac14-40fc-b1b6-2a96af3a1a32,2711,MT TROY RD + HOFFMAN,40.490721,-79.992101,0
e46e0789-5398-4fc6-9b3e-abf778164204,3382,FERGUSON RD + SWEENEY,40.55785,-79.975678,0
e4733af8-0793-42f3-9fc6-193c548f211f,8670,CENTRE AVE + ERIN,40.44449,-79.978661,0
e47da1ec-a462-4140-aa5e-4a2bf6de7794,11684,KENNEDY AVE + WILMOT,40.368893,-79.854475,0
e47dd97c-6371-4711-9857-deb73a8e3ec0,1348,BEAVER RD + VILLAGE DR,40.559555,-80.201319,0
e4813c6c-213a-47ce-87b4-defff7704fef,8142,JAMES ST + JAMES ST EXT,40.423413366,-79.794081759,0
e487bc45-de4e-4ed3-b873-08a60711d87f,9299,STANTON AVE + MELLON ST,40.471076,-79.924842,0
e489aa71-856f-439a-ad05-2b06e3daa23c,6752,SOUTHERN AVE + SHILOH,40.428788,-80.007344,0
e48b313c-4901-4bda-b708-d67d994143c5,4565,BANKSVILLE RD + WENZELL,40.406866,-80.034359,0
e48dae37-eea1-47b4-90ae-e6da4f2765ac,7704,ROSS AVE + MILL,40.441581,-79.881394,0
e494ca47-4f58-4303-98fa-dda89e8e9eb4,7229,BRADDOCK AVE + OVERTON,40.434136,-79.894935,0
e4993745-710a-4a45-8128-8ba868aca605,8304,HAMILTON AVE + MURTLAND,40.455711,-79.902082,0
e4b4b17f-da64-4d0b-86c5-8ce08569b485,17327,FREEPORT RD + ALTERMOOR DR,40.655803,-79.707327,0
e4b7396e-eda3-4d0a-991f-e4daf0b070bf,12132,GREENFIELD AVE + HOOSAC,40.425833,-79.941092,0
e4bb08b7-b61c-42d2-a2db-a9843968633b,41,BLVD OF ALLIES + WOOD ST,40.438436,-80.001748,0
e4c7d5a7-df20-46f5-b6c8-0ce1b121f1ae,11044,MAIN ST + MILLER,40.387359,-79.902317,0
e4c9654d-1804-472b-98d2-3b581403a684,3368,BUTLER ST + FREEPORT,40.496565,-79.94411,0
e4d662ff-dca3-4217-9d81-f662df4649fb,200111,S Braddock Ave + Forbes Ave,40.440250671,-79.897917669,0
e4d6719d-5053-4495-8eaa-8991c6b1afd9,18150,39TH ST + BUTLER,40.467498,-79.963592,0
e4fd3ecd-1332-4c47-b6a9-1540b83d5eef,2765,PITTVIEW AVE + TEUTONIA,40.469022,-79.982813,0
e50153c1-3d5f-48d9-943d-c35c26459036,7291,6TH ST + MARGARETTA ST,40.404333,-79.866861,0
e50489d5-0d9e-4696-b3e7-c73a2b04e976,6659,GRANDVIEW AVE + PLYMOUTH,40.438838384,-80.02056211,0
e50e09f9-1bbd-4214-b525-1706102f651f,18493,LYSLE BLVD + WALNUT FS,40.351556,-79.864517,0
e5266b6a-0138-4329-8008-e91446f9b064,2220,GRAND AVE + ARMY CORP ENGINEERING,40.508108,-80.113395,0
e5353480-bcd5-4769-bfa6-56511e7ffafd,200215,S Euclid Ave + Eva St,40.461280979,-79.928482876,0
e54b2390-d52f-47d3-aec0-65aa1ca5c4ff,21689,GEARING AVE + SYLVANIA AVE,40.417422,-80.005029,0
e54c7462-2c08-448c-99e5-6d4cc7b8a1d3,2260,W CARSON ST + DUQUESNE INCLINE,40.439865,-80.017433,0
e555a093-4b4a-4705-a7e0-4a13ac3a9d5c,10010475,McCleary St + Ford St,40.346074064,-79.838448989,0
e564e6ce-b2f6-4681-930b-d4746e0b52a3,10010468,Business 376 + Airside Dr,40.499878634,-80.21942398,0
e566911c-1711-405f-a0e2-aa547f881427,2653,S 18TH ST + PIUS ST,40.424008,-79.977763,0
e56e6427-0872-4f36-9207-45a38827feb3,13338,MONTANA AVE + BROADVIEW BLVD FS,40.620741321,-79.728200358,0
e573222d-0d8e-455c-a569-ff89f7b31f9f,20911,DUQUESNE BLVD + WYLIE AVE,40.367433,-79.842408,0
e57cf7a0-d883-469d-9802-702c12b86d54,19154,UNIVERSAL RD + DEERFIELD,40.466925,-79.798746,0
e57d304d-9feb-4b49-8c80-eb6efcab819b,14443,VERONA RD + MAPLE,40.479761,-79.839445,0
e57fa145-9615-4f65-a0cb-a98acf723461,5813,SWALLOW HILL RD + THE BOURSE,40.389176,-80.073972,0
e589c8a7-a8b5-472c-a888-d12e0fa41f6f,21986,PENN AVE + WINEBIDDLE ST,40.464971,-79.942994,0
e5965f68-7810-404e-84e4-94e32d4ec3c0,8470,HOMEWOOD AVE + PENN,40.449375,-79.901241,0
e59a7f98-1dab-4003-b345-65293e78d170,3333,MT ROYAL BLVD + GRANDVIEW,40.550249,-79.971527,0
e5b5d635-49a8-4048-bdfc-1c171c32ce31,10010522,Rt 8 Park and Ride,40.558781284,-79.959291117,0
e5b9ef91-6d71-45c2-a9f2-0184a4f4f735,3234,CALIFORNIA AVE + STRANMORE ST,40.460443,-80.026952,0
e5bf066d-2c75-4792-94b7-847961ff4958,8784,CENTRE AVE + ALLEQUIPPA,40.4483,-79.958955,0
e5cba71b-564d-4121-999f-dde2acf6609c,9324,BUTLER ST + 52ND ST,40.480283,-79.954491,0
e5d584eb-cb23-47a2-aa05-53035814e2a1,10010426,McMonagle Ave + Banksville Rd,40.399900938,-80.044814419,0
e5d8e2d5-aea2-4b68-a6f1-268d39b906c7,1949,CALIFORNIA AVE + ANTRIM ST,40.47519,-80.039455,0
e5e12f8d-93b8-4a62-8446-3f868b3bb2a3,14227,UNIVERSAL RD + #1048,40.460306,-79.806934,0
e5e68d08-1c56-473d-815d-b8cdbaab4844,507,DUNCAN AVE + ROYAL MANOR CT #2,40.566636,-80.003578,0
e5f3ee08-221a-4895-b948-f2c1c28f1d18,5466,NOBLESTOWN RD + #2128,40.431988,-80.0527,0
e60559b1-e416-4165-a54b-fd90f0b721e8,22127,BUTLER ST + 35TH ST,40.464571,-79.965955,0
e60cfbbc-acc8-4f14-82d5-f5b4cdabd834,12680,PITTSBURGH ST + HILL,40.541115,-79.802422,0
e60eb709-5c99-4db2-8d45-7a93a059e2b1,18503,JAMES ST + SPEELMAN FS,40.42171,-79.797985,0
e60f28e2-34d7-4cea-b831-2ebbb703a63b,3369,BUTLER ST + CENTER,40.495332,-79.945575,0
e6200cb4-0151-46c1-ba93-fcd3b1c87b11,22823,CHATEAU ST AT HOFFMAN ST FS,40.459636,-80.030131,0
e647ffc4-d90a-486e-a4a6-224c3f896f1d,11925,MAPLE ST + KENNETT,40.395907,-79.882019,0
e64b3bbc-815f-4255-a78e-607358191832,4821,E CARSON ST + 7TH ST,40.428668,-79.99213,0
e6503f40-1be5-4a81-b8cf-90b4636928b0,5889,LINDSAY RD + CHERRYTREE,40.385473,-80.073849,0
e6513173-c20c-436c-aed0-a40ae7f72095,21611,LONG RUN RD + MARSHALL DR FS,40.323102,-79.820862,0
e6534347-8d0a-4c33-abc6-d6109aca30c9,8214,NEGLEY AVE + BLACK ST,40.468642,-79.927516,0
e65505da-e6b6-4c16-b952-d76160bcfdd4,10010500,Cedar Blvd + Mapleton Ave,40.381595626,-80.049302057,0
e65bffba-ffef-4b42-a1b8-45c7198d9748,19804,SALTSBURG RD + ALCOMA PARK PLAZA,40.476727,-79.788258,0
e66bbe74-4d44-41e3-a867-45f25d00ae96,7754,BROADWAY BLVD + WALL,40.401510322,-79.779986295,0
e66e02b3-de30-4e62-9364-f4024ba036ce,18276,W OHIO ST + BRIGHTON RD,40.452546326,-80.013794407,0
e67b5930-01b9-4a63-bff7-4596d0cf1c87,22847,WABASH ST AT NEPTUNE ST,40.440149,-80.034287,0
e67d54c1-ecd5-47e1-a803-a8c80d9e4267,7379,EDGEWOOD TOWNE CENTRE + RENT WAY,40.426673,-79.887691,0
e6800fc5-8067-4b7b-992b-622c317f5524,13635,HWY RT 286 + KANE (YMCA),40.457768,-79.708463,0
e68a0284-8b17-4de1-b7a7-fbf1d5d6c947,20038,UNIVERSAL RD + POPLAR RIDGE RD,40.464579,-79.820308,0
e693b1e9-db25-415c-80ba-f184089f336f,3380,FERGUSON RD + LINWOOD #1,40.558149,-79.984849,0
e694560a-8d7f-4c19-93ee-583a2815a53f,2788,MT TROY RD + ST MARY CEMETERY ENT,40.495528,-79.998956,0
e6a56f37-8d49-444c-b99d-8e4d70db853a,21101,LAKETON RD + PADEN ST,40.449123,-79.864156,0
e6a5b6ae-7ae5-4291-aa43-a34e37b9b352,9137,FRANKSTOWN AVE + MURTLAND ST,40.458486,-79.90125,0
e6b71175-1674-4aab-b78f-28483e43d0ef,2328,ISLAND AVE + #1179,40.479456,-80.067613,0
e6c51f11-3c6c-4cb9-990b-f5ea233056e2,20791,FOREST AVE + 7TH ST,40.38729,-79.757095,0
e6db5567-3649-4c77-9ab7-5d2f365e91ea,22169,FREEPORT RD + WESTERN AVE,40.490701,-79.90745,0
e6f97ae0-3d5d-49d1-81e4-bbba6af05a6b,1422,OHIO RIVER BLVD + KENDALL,40.486275,-80.053883,0
e7004533-cef1-4202-b62c-5c37f02570f5,10010499,Cedar Blvd opp Mapleton Ave,40.381517766,-80.0491744,0
e7116ded-e48d-4481-a5e0-71e78b3d5f50,400,NORTHGATE DR + SAMPLE RD,40.574761,-79.990631,0
e7138ef5-87b3-4519-addf-67b4f199759d,19161,COAL HOLLOW + OLD COAL HOLLOW,40.466548,-79.846915,0
e722c6da-e12c-4c52-8e7e-74455089bc52,4132,STEUBEN ST + LINHART,40.441326,-80.037478,0
e734b4d0-6612-4776-8781-b39774898ae6,22730,CHURCH AVE AT PERRYSVILLE AVE,40.51025,-80.086899,0
e73504f4-5d3e-4538-ba6f-9c8de9e6cebd,20613,HWY RT 885 + SUNSET DR,40.306715,-79.909254,0
e74917e5-a265-4b3d-a046-644e5a85660c,3469,MCCOY RD + HILLCREST,40.480699,-80.079217,0
e74ab563-1c49-4d61-b968-8bdd9666b840,8056,BRINTON RD + KINGS,40.427647,-79.872985,0
e755e992-7a7b-475a-9dc9-efdf101ed3c4,16384,OXFORD DR + HOME DEPOT,40.344515,-80.049766,0
e75e97ea-d2ad-4a8e-8b7c-51589a861bda,21531,CHURCHVIEW AVE + CATHELL RD,40.384672,-79.949494,0
e774633b-226e-4b8b-86f7-ec7a01b708aa,10010510,S Braddock Ave + Forbes Ave,40.439942058,-79.897672724,0
e7746ea3-351e-441f-a486-cf73ca147f9d,7672,BEELER ST + FORBES FS,40.444042,-79.938416,0
e7785543-3fc6-402c-b357-2371e8ea93b4,12239,BIGELOW ST + MCCASLIN,40.419069,-79.938281,0
e78250d1-d469-48de-b6e0-3736e96b9c37,9128,PENN AVE + BEATTY ST,40.462132079,-79.927039588,0
e789a3f4-8802-4a08-912d-f8db40d8852b,22027,PENN AVE + MATHILDA ST,40.465497,-79.946348,0
e78abd18-b924-4da7-bbd4-a7ec2003474a,10255,WALNUT ST + EDEN PARK FS,40.327762,-79.840427,0
e79434c1-0838-46ee-86e3-d99eed32c4bf,10910,8TH AVE + WEST (HI-LEVEL BRIDGE),40.406222,-79.912062,0
e79e2de3-e40e-4aa4-8bc9-c075afd6e852,571,PERRY HWY + I-279 RAMP,40.503623,-80.025527,0
e7ad6012-a247-4e80-a5b8-ef49c3b19adc,20654,10TH AVE + GARFIELD ST,40.606814,-79.753136,0
e7c2a292-2be3-466d-ab3e-3b85e41a6206,6429,KANE BLVD + ELM,40.375956,-80.088619,0
e7cb8c1a-fee9-4783-9bf7-251f62b0635c,2401,COAROPOLIS RD + HERBST RD,40.501065,-80.114653,0
e7e50171-fa47-46d0-b03a-11e121829bf5,7134,FORBES AVE + PEEBLES,40.439354,-79.895012,0
e7e84f68-9650-4bdb-bc68-62d98512b246,19096,FRANKSTOWN AVE + WILKINSBURG FS,40.458269,-79.875603,0
e80036b6-2de1-42b3-ac72-baa2590d0e22,11764,CONLIN ST + PENNSYLVANIA,40.361741,-79.868114,0
e80448c1-ed74-4495-9d77-f3839e406602,23000,BLVD OF THE ALLIES AT BATES (NEARSIDE),40.435161186,-79.956617055,0
e80bad18-171a-49e1-97fa-54a9034f8eb9,1332,MERCHANT ST + 8TH NS,40.589542,-80.229424,0
e810dc02-d57d-4a29-b570-b0a65dec97eb,10010444,Baptist Rd + Old Boston Rd,40.360737506,-79.994116866,0
e819d883-8caa-479d-bbec-fc5dd9d5a595,20566,EAST PITTSBURGH-MCKEESPORT BLVD + OVERHILL DR,40.377987,-79.827954,0
e823c2a6-e509-4ce0-a788-cb4cdbfb0f7e,14864,FRIENDSHIP AVE + TAYLOR ST,40.464046,-79.949724,0
e839ccc9-cf8d-4840-aa63-cd8de9d3d795,20098,SCHENLEY AVE + COLUMBO ST,40.471724,-79.940108,0
e84ecc1c-db32-437f-b9c3-b52fbd69af68,9706,PROVOST RD + BRIGHTVIEW,40.364708,-79.992119,0
e85877af-85c5-41d2-a101-2d65c8639362,9543,BROWNSVILLE RD + HILLSON AVE FS,40.374939,-79.975601,0
e858b212-3883-4b8f-b250-2684f37d6b1f,22684,PINE HOLLOW RD AT LAB CORP SQUARE,40.476178,-80.100932,0
e86dbe34-17a2-4172-8657-fb0cd6deb9dd,7612,LAKETON RD + #1753,40.449168,-79.865981,0
e88be8bd-6475-4aa7-9990-355222a5735d,22636,CALIFORNIA AVE AT CHIDELL ST,40.477162,-80.040107,0
e89785ad-f747-47a3-87c7-c279b39650e8,2772,MT TROY RD + #2652,40.473447,-79.98524,0
e897d64d-02f0-48a2-aae5-44c3cee07dc2,20588,BOWMAN AVE + JARVIS ST,40.355486,-79.839731,0
e8998a9e-4f4c-4040-aa7f-1a42fc9ec481,461,PEEBLES RD + SAMPLE,40.57054,-80.002813,0
e8a15920-7393-4cee-835c-8be314d1cdd1,20489,EAST HILLS DR + SCHOOL DRIVEWAY,40.453878,-79.873085,0
e8adb1d7-a370-45fe-8300-54a9743984c1,19350,SHADELAND AVE + COMPLETE FS,40.47341,-80.031524,0
e8bb1725-8631-48e0-b603-0022ebfe0a81,3648,BROADWAY ST +LAKE,40.466068,-80.066513,0
e8bf43da-63b3-46a6-96e0-01b89c927785,6096,SMITHFIELD ST BRIDGE + STATION SQUARE,40.43296,-80.003494,0
e8c42e00-0400-498f-ba61-05b959dd9e25,3127,HIGHLAND AVE + HAYS,40.468209,-79.921783,0
e8c8d519-2bda-44ef-a806-01eef8288b20,11216,E CARSON ST + STATION SQUARE STATION,40.431900217,-80.00324398,0
e8cbca67-d7f7-4abd-b37c-649d09bb5725,20874,BROADVIEW DR + JOHNSTON AVE,40.407754151,-79.926270042,0
e8d5f84b-ea96-44a4-8e83-b2cdd1ebec64,18980,UPLAND ST + APLLE,40.461895,-79.893609,0
e8df88d2-3d41-4f87-83e5-5fb66c41b573,10963,8TH AVE + ANN FS,40.407894,-79.909069,0
e8e013b0-7893-498b-81f5-74078ec1123d,20103,FORBES AVE + NORTHUMBERLAND,40.438956,-79.934247,0
e8e2fb8f-6fd5-438e-91ea-223f0e761700,20550,MONONGAHELA AVE + 5TH ST,40.3275,-79.892448,0
e8f252c0-7dd3-4787-870c-4a01e0a82ab8,13605,OLD WM PENN HWY + WILLIAMSBURG DR,40.441411,-79.753778,0
e904f006-4562-4f1c-94ec-6a484844d25a,10010390,Brighton Rd + W North Ave,40.45383037,-80.014373096,0
e90b3c33-ac7b-403d-b57a-d586063e09c3,8593,BIGELOW BLVD + BLOOMFIELD BRIDGE,40.458614,-79.957497,0
e921f043-72c4-40a1-a711-7ecd8aa79e40,3338,MT ROYAL BLVD + HARTLE,40.541251,-79.972346,0
e9315b5e-c284-4aa7-934a-d8bc6a1eae2e,15455,NEGLEY AVE + ELLSWORTH,40.454902,-79.932714,0
e9342762-edb8-4df0-94e3-d8fb3b4cb6e2,19877,E CARSON ST + TERMINAL WAY,40.429326,-79.996899,0
e93a8740-9802-4e04-94db-4e994d871fae,2839,CHESTNUT ST + SUISMON,40.456217,-79.994905,0
e94957c1-09da-43fb-aea0-a19dfed7b430,11153,GRANDVIEW AVE + CENTER,40.395612,-79.839121,0
e94cbe9f-4c17-441f-b62e-a2faad637cfa,5663,GREENTREE RD + MANILLA FS,40.418682,-80.045713,0
e94d0dd9-a144-465c-a0d0-41bccb4e057c,10991,LIBRARY PL AT DUQUESNE BLVD - DUQUESNE PNR,40.371683,-79.843844,0
e9562bc8-ea99-4fcb-9776-bbc21982118e,1344,BEAVER RD + SPENCER,40.565003,-80.207118,0
e95b2eec-5f83-4624-adde-95ddb9957af9,18412,KENNEDY AVE + 6TH,40.370961,-79.850453,0
e962ac6f-8e30-455f-906f-2258a6197695,8869,LINCOLN AVE + ROWAN,40.463924,-79.902007,0
e96b674d-b0df-4a71-aac0-233d976cf83a,1775,MT PLEASANT RD + CHICAGO,40.478703,-80.000974,0
e976148b-ad3c-4623-aa2e-13931916987a,200243,Nine Mile Run - Frick Park,40.426286221,-79.906283683,0
e97ae26c-a50a-4435-93dc-5e7f6086e6be,10373,WALNUT ST + SUNOCO STATION,40.336416,-79.852997,0
e97b94e3-45c8-444d-9393-3c25ac1bf495,22659,GREENFIELD AVE AT IRVINE ST,40.425049994,-79.951581549,0
e988e969-e208-445b-a019-e7586e91b116,20090,ROBINSON BLVD + DOUGLAS,40.456037,-79.863942,0
e9960c62-7984-4f35-b5eb-2f84499527dc,7125,FORBES AVE + WIGHTMAN,40.437986,-79.927988,0
e9963742-52e7-4aac-ba5d-a194f8ff1ff5,18818,FOX CHAPEL RD + PARL ENTERANCE,40.496968686,-79.882474366,0
e99822fb-d061-4d58-9672-feebee98fe84,9373,BROWNSVILLE RD + PARK DR,40.375122,-79.975491,0
e9a663ae-a969-46c8-ad36-076bc07ce3a8,7426,YOST BLVD + ARDMORE,40.415329,-79.848,0
e9afc87e-4c5e-41c7-b5e4-4ea1c03edd37,12042,MIFFLIN RD + NAUGLE,40.364834,-79.908379,0
e9b57fa8-e5b7-4659-8e73-1d420b402d81,9846,DESIDERIO BLVD + JEFFERSON,40.288758,-79.891315,0
e9c98a61-1ad2-4550-9da7-3c95e49a02cb,6772,GRANDVIEW AVE + SHALER,40.440406,-80.023119,0
e9e2acff-cf96-4d8e-91e2-76548c25fabc,22920,BOWER HILL RD AT McLAUGHLIN RUN RD,40.358325,-80.105368,0
e9e6d515-27ac-45fc-8865-c9fa1eec1abe,9264,STANTON AVE + BUTLER ST FS,40.478069,-79.955326,0
e9f0652c-bdc7-46c5-9d8b-d36d2ddf7ef2,7237,BRADDOCK AVE + HENRIETTA,40.435986,-79.896104,0
e9f51d81-d201-4a33-9513-e28785662f1a,11631,MAIN ST + CAROLINE,40.382926,-79.904513,0
ea012595-a942-4b07-970c-a23d0f85c1cb,18286,CASINO CR + NORTH POINT FS (BUS BAY),40.448389,-80.023019,0
ea070075-862f-463e-a545-7bd212ada956,5398,WASHINGTON PIKE + WINSTEIN,40.373741,-80.099106,0
ea1adf2b-6700-4fb6-9947-adb3bf7f99f5,8186,NEGLEY AVE + BROAD ST,40.464603,-79.930093,0
ea272ff1-02ad-47b6-a581-988cbc3f878d,1719,PENNSYLVANIA AVE + FULTON,40.454299,-80.024834,0
ea2d45ff-4261-45ce-a5cb-94fa7ce4ea45,7254,HARRIETT ST + 5TH,40.414827,-79.883297,0
ea353842-3dba-440d-9ff3-a787b58d9480,18859,BLOSSOM DR + NORMA,40.343669,-80.002347,0
ea37aba0-dd14-4536-80da-49566802df04,8215,NEGLEY AVE + HAYS ST,40.469639,-79.926972,0
ea3c4cc9-83fa-4d25-8481-2df7ca1ae699,10010219,Heights Plaza + Union Ave (UPMC Outpatient),40.623053914,-79.723707167,0
ea419ac8-d176-42ef-97f5-b3a88d541138,6706,HABERMAN RAMP + SOUTH HILLS JCT,40.421537,-80.006101,0
ea424c22-8f02-45fd-ab82-819cbc69235b,22075,FRIENDSHIP AVE + WINEBIDDLE ST,40.462365,-79.943113,0
ea4bf633-4321-409c-a043-40e4156f8bb5,5418,NOBLESTOWN RD + DURBIN,40.423628,-80.066591,0
ea4c5e0e-ce62-4bf5-b644-3c87496b1fce,19507,PIONEER AVE + BELLE ISLE,40.399938,-80.020418,0
ea4f7ea2-44bb-48fd-8d51-0f9ce821c2d5,20840,YOUNG ST + YESTER,40.349650666,-79.84055515,0
ea575164-f03d-43d6-861d-fa0db6ed9c41,3353,MT ROYAL BLVD + BRAUN,40.519035,-79.959015,0
ea5a4744-8313-4cfc-ad57-c0f0059c550e,2710,MT TROY RD + #3735,40.491867,-79.993894,0
ea61edd7-dff3-4488-94a6-212c489dc476,67,SMITH ROAD,40.356887,-80.029222,0
ea6df271-315a-44e1-b620-e73b666775bd,21706,ST JOSEPH ST + RATON ST,40.41348,-79.980558,0
ea7084e2-8cbc-4a4e-8fb0-cfc8be6a8fef,14852,FRIENDSHIP AVE + MILLVALE AVE,40.46272,-79.945472,0
ea77923e-3f13-4255-8a56-ab4444dd4b44,1646,CENTER AVE + CHURCH,40.513202,-80.09847,0
ea77a2b5-afd8-4472-ba5e-f0d3a5be8da5,10246,WALNUT ST + LINDEN,40.314624,-79.829663,0
ea83a645-3808-4dff-aa2a-6c2617e9a37a,4832,WOOD ST + SIXTH AVE,40.441801,-79.999643,0
ea8404ec-5d20-461f-9db9-a6efa881c30d,408,PEEBLES RD + KNOLL,40.568226,-80.006073,0
ea9560bc-0d37-4049-bd23-6eb2dafc01ca,13461,FREEPORT RD + PAINTER,40.630989,-79.715912,0
eaa92887-83eb-42e4-8a87-b108ffa0fd3a,19225,STEUBEN ST + STRATMORE,40.443201,-80.057846,0
eaac9643-f242-4411-bdf7-7a2b5c8720d0,1390,OHIO RIVER BLVD + SPRING AVE (STEPS),40.488804,-80.057814,0
eaae3cae-1f08-46d1-b51c-64d4050442f7,1365,BEAVER ST + MCKOWN,40.534035,-80.173831,0
eabbfe6c-511b-4313-b578-4719a7f94d9e,2585,PENN AVE + 36TH,40.464241,-79.96384,0
eac0d14c-a568-4f74-a01c-a95de200cb4c,6199,BROOKLINE BLVD + CASTLEGATE,40.394817,-80.021351,0
eac7178b-9b71-4bcc-829a-f786aa54316c,19788,FRANKSTOWN RD + HIGHPOINT DR,40.467406,-79.83479,0
ead56a3f-ee73-4f5f-8262-49b4a7f1f941,11119,WHITAKER WAY + SCHWAB,40.401642,-79.888273,0
eaeb185b-85ef-42d8-bfd6-8b2e9bbac72b,5497,WASHINGTON PIKE + MAYER,40.366212,-80.106937,0
eaf2fee8-8d30-463e-a27c-8d81a384c975,8226,TRENTON AVE + SOUTH,40.444033,-79.892114,0
eaf50819-54b9-434d-9295-05750f58b70c,11687,TEXAS AVE + MELLON,40.365741,-79.858977,0
eb00214c-64c9-4ea3-a790-a8356b1cb302,13516,MALL BLVD + MALL BLVD PLAZA,40.434898,-79.786522,0
eb057170-1bfe-4051-b5a2-d4633ae84d7c,12772,MAIN ST + 16TH ST,40.49464,-79.925153,0
eb133c93-17da-477b-94ca-9248762a8d20,4114,STEUBEN ST + SANCTUS FS,40.442464,-80.033115,0
eb3a8226-f6c9-426a-aa45-607dbe826c06,11911,EASTMAN ST + GREENSPRINGS F S,40.383589,-79.877821,0
eb3b5197-1d7f-4460-ad31-23c25b4bf020,1335,MERCHANT ST + 4TH,40.583768,-80.225291,0
eb3db11c-ce2e-4a07-a227-aebd039b3a9c,2432,MT ROYAL BLVD + PENNVIEW,40.512305,-79.957933,0
eb44d66b-4185-455b-aa96-293525ee6ec2,21587,CHURCHVIEW AVE + WALTON RD FS,40.385512,-79.961087,0
eb45aa57-898a-460a-86f7-9bd2d90ea93a,13603,HAYMAKER RD + CLOVER DR,40.442193,-79.760116,0
eb54f4a5-2488-430f-ba2e-17cf2b6e3cbf,10010441,Maytide St + Brownsville Rd,40.384421083,-79.97808732,0
eb560106-f5bb-4da1-88d9-bbdd4a671cba,9347,CHISLETT ST + BRYANT,40.478971,-79.92884,0
eb635a43-df58-4c3b-80f4-b989ab1f0043,18964,BIGELOW ST + HAZELWOOD AVE FS,40.419715,-79.934084,0
eb6c071c-3272-4f0d-b5a0-95506a86fec1,6716,SOUTHERN AVE + SOFFEL,40.419825,-80.013304,0
eb6ff574-c824-44bf-9db5-09fc5e3641a3,6085,PIONEER AVE + METZ,40.400098,-80.02018,0
eb743a60-a62e-469c-8246-ce61d894e5da,20882,HAZELWOOD AVE + CALVARY ST,40.419456,-79.934099,0
eb7629c1-fd92-43da-873a-94749d08f90b,19793,FRANKSTOWN RD + PETERMANS LN,40.483801,-79.819236,0
eb7e1069-d9c7-4314-ad5c-dc8a4c01a8d1,1706,COLUMBUS AVE + MANHATTAN,40.457656,-80.027622,0
eb856da9-ab77-438e-a378-b90ead5a71ed,6971,CHALFONT ST + DELMONT,40.416631,-80.003828,0
eb8cb649-8a02-4f16-a828-272a259ec8cf,5126,NEVILLE ST + BAYARD,40.450508,-79.948837,0
eb90d8b8-8d5f-4747-9ab1-09dbfb79c4e6,16680,KENDALL AVE + CEDAR,40.48666,-80.053636,0
eb94a395-caa5-43a2-a9af-d0808dff32be,22667,BRYANT ST + MELLON ST,40.47644,-79.921542,0
eb96b950-8e97-48bc-810e-431f023d2e79,16940,HECKEL RD OPP KENMAWR PLAZA,40.473413,-80.094148,0
eba85ff6-84d7-4e44-b6de-4d17227316d8,6576,GILKESON RD + OLD GILKESON,40.359018,-80.05979,0
ebcddf35-4c72-40be-9d1e-6f2a310cafc3,7325,SAVANNAH AVE + UNION,40.438659,-79.894798,0
ebcff370-ec81-4de1-ab9a-d41348046262,11076,HALKET ST + FORBES,40.438406,-79.961113,0
ebd11b8f-5002-4e7a-8870-44f45fc01bd8,2879,SPRING GARDEN AVE + BASIN,40.460361,-79.990477,0
ebd36bc0-8f8b-405c-8e63-4d9eeda71aab,7801,STATION ST + SR CITIZEN BLDG,40.393204,-79.807678,0
ebd9f401-d91f-4e71-b048-c90dd51a4691,8256,ELLSWORTH AVE + CATHEDRAL MANSIONS,40.448528,-79.947031,0
ebdd7961-a88e-4f2d-bc09-a1b9dcc23b96,8368,MURRAY AVE + NORTHUMBERLAND,40.441325,-79.923307,0
ebddf587-eacc-48b9-b4d8-02ba6e2d76a7,4410,BLVD OF ALLIES + MARION ST (MERCY HOSP),40.435432,-79.984682,0
ebf93063-3f6c-4e2f-a78e-8faee50f5f6a,5393,WASHINGTON PIKE + PIZZA HUT,40.367592,-80.104187,0
ebfdc3ac-2b12-4452-95ba-d966cbf7dc2a,19583,COCHRAN ROAD + PARKER DR,40.388419,-80.056916,0
ec0a1485-04f0-44a6-965b-5b8dca515252,20110,BRYANT ST + EUCLID AVE,40.475729,-79.919684,0
ec0ecf0d-f223-48e2-96a4-cdbb161beb2e,3341,MT ROYAL BLVD + WOODLAND,40.537915,-79.972177,0
ec1ffce4-7f3a-4118-93bc-f2844341f21f,22786,HAYMAKER VILLAGE (SHOP N SAVE),40.389436451,-79.766916284,0
ec22dad3-861a-437a-8b5d-52a481a71eeb,22723,CENTER AVE AT NORTH AVE,40.513167,-80.097347,0
ec3812cf-fbd5-4451-8949-410bd489641d,18284,BEAVER ST + DIVISION FS,40.539736,-80.179899,0
ec3b9c9f-06ac-40ce-a246-13ed9c401223,10930,LEBANON CHURCH RD + RODEO,40.35294,-79.917364,0
ec3ebf0b-b705-44bb-97e3-fcc0197563fb,410,PEEBLES RD + PEEBLES SCHOOL RD,40.565399,-80.008535,0
ec4e9285-28a7-48eb-9b09-54805fd7b35d,7648,WILKINS AVE + BELLEROCK,40.444708,-79.929084,0
ec532ad0-687b-48d0-a4cb-a7b50a85651f,22718,CHARTIERS AVE AT ISLAND AVE FS (STEPS),40.465724,-80.062004,0
ec53d2dd-4a69-428b-b5fa-5f9d8dad8bc0,2656,S 18TH ST + ST PATRICK ST,40.421488,-79.982507,0
ec568981-6ab0-433a-8557-5a8cb33b601b,651,PERRY HWY + VFW,40.517746,-80.030041,0
ec7dd828-69b2-4259-8b51-f160621a24ae,22987,PENFORT ST AT #346,40.476158,-80.000412,0
ec848169-d265-4bb7-9c2a-76fecbb63bfc,200161,WYLIE AVE + JUNILLA ST,40.448280512,-79.971539406,0
ec927686-1f01-421d-bca2-15f658da86aa,4129,STEUBEN ST + SANCTUS,40.442412,-80.033496,0
eca03df8-3625-4e35-a1c8-dd2ed5bfa337,22798,HAZELWOOD AVE AT LYTLE ST,40.410911,-79.94682,0
eca86ca9-8d30-41ee-80f5-e785f9119409,8004,BEECHWOOD BLVD + #2530,40.429335,-79.915624,0
ecc47759-547f-4f57-ac84-afc61c15b187,9865,OHIO AVE + WALL,40.317039,-79.889439,0
ecc794e1-f8d6-4595-a3ac-3ea9e8f3c2c2,99996,FIRST AVENUE STATION,40.435282,-79.996698,0
ecc8ad29-bc92-4546-a7a6-0a507db1376f,5415,NOBLESTOWN RD + ST PAULS SEMINARY,40.41959,-80.066635,0
ecd2c17d-cf7e-4292-8610-c698fb6dc0e4,20813,GREENTREE RD + VIRGINIA MANSIONS FS,40.391559,-80.071087,0
ecd4fb73-5481-4d93-89c0-452637f0fe64,1050,THOMPSON RUN RD + SIEBERT,40.528952,-79.990181,0
ecd6f78c-222d-4439-985b-9b34590ffec4,7715,MONTIER ST + LABELLE,40.446617,-79.870451,0
ecd94c18-a5de-4d2f-aae6-323299b4e513,200158,HERRON AVE + BEDFORD/WEBSTER AVES,40.452814693,-79.964736943,0
ece0f7b8-e6d3-46ae-a35c-c6f1da442806,20587,BOWMAN AVE + POPLAR ST,40.357627,-79.835827,0
ece585ed-902b-4e5f-b0e3-ae63dcd6f376,12031,BUTTERMILK HOLLOW RD + THOMPSON RUN FS,40.360886,-79.907625,0
ece70963-0551-438d-8fae-749f0d2db35b,10976,KENNYWOOD BLVD + #4000,40.393051,-79.870401,0
ecf41cfa-9b1a-4513-b71c-a3dcc04bd93a,9922,LYSLE BLVD + MARKET,40.351415,-79.866607,0
ecf6ada1-e968-4211-b5e7-8e423df399ae,19644,KANE BLVD + CHURCH RECTORY,40.373064,-80.083892,0
ecf8c489-7f0f-4a38-a2b3-f76728e6aa64,1418,CHATEAU ST + JUNIATA,40.456372,-80.029081,0
ecfe7d2a-3f97-423b-b30b-afa9a9c8654f,18193,VERSAILLES AVE + SUMAC,40.345188,-79.840851,0
ed014e7c-86c9-4fa0-945b-b32ae4dfa419,20655,10TH AVE + SUMMIT ST,40.607629,-79.751772,0
ed077422-55e6-49d1-9a50-37c0be832534,10010411,Robinson Center Dr + Mall Dr,40.45441505,-80.161152908,0
ed1df4d3-d7bc-4863-97b9-ad056720c8c8,2203,5TH AVE + OFFICE BLDG,40.51491,-80.157599,0
ed22141c-280d-492e-8242-e6e97635a198,14512,FRANKSTOWN RD + BEULAH RD FS,40.460712,-79.84186,0
ed2fd9ed-0b23-4bc3-afa4-b8c65da422bd,2574,CENTRE AVE + MELWOOD AVE,40.452158,-79.950978,0
ed342c07-5740-4d2a-a2e8-3e172b9aade8,22760,FRANKSTOWN RD + HOCHBERG RD,40.461739,-79.86085,0
ed362234-6c35-4b4b-a85e-ee4cb25fa470,1591,BRIGHTON RD + TAYLOR AVE,40.455793,-80.015169,0
ed3c49ed-d939-4114-bf9d-e5a4196c23a8,17168,PARK MANOR DR + ROBINSON CENTER DR,40.451745,-80.161385,0
ed3ffbd4-c6d5-4e68-86de-43b46aa88325,9327,BUTLER ST + 55TH ST,40.483504,-79.949988,0
ed420b5c-d2f5-4dc6-abdb-69bdbc8da067,2441,MT ROYAL BLVD + GLENSHAW,40.522845,-79.960231,0
ed57556a-1b0c-4959-beb2-9a199c408039,504,HEMLOCK DR AT NORTH PARK POOL PARK AND RIDE,40.586694,-79.996333,0
ed6dcc34-0ffe-4ba4-ac6e-898af4a38841,8169,NEVILLE ST + ELLSWORTH NS,40.447689,-79.947517,0
ed7cbe55-1ccc-460c-8778-5d6931c895db,11772,MELLON ST + TEXAS,40.365537,-79.859248,0
ed7de8ea-5750-40d8-930c-17402f9df977,1384,OHIO RIVER BLVD + MONITOR,40.501564,-80.075483,0
ed7f5f0a-8d93-4c61-9342-48b4996ea826,17212,CLOVERFIELD ST + AGNEW,40.398709,-79.964555,0
ed80d849-3188-46c7-9073-498b0bb53460,14468,HULTON RD + 9TH,40.523697,-79.833183,0
ed854064-2aa0-4ba1-89f5-63c61d8cb74d,45,KINGS SCHOOL ROAD,40.308545,-80.033333,0
ed854f60-1d48-422e-b2c5-d9d58352c368,239,MCKNIGHT RD + U-HAUL,40.51645,-80.004397,0
ed96eae4-6c8c-49ff-be3c-8aa10e4d1de2,8015,WIGHTMAN ST + HOBART,40.432455,-79.927492,0
ed9b9c75-a880-4e75-83eb-6303b54055fa,17645,STEUBENVILLE PIKE + HADDOCK,40.449416,-80.107668,0
edad9fb5-b046-4156-ac3e-5850a257cb55,14308,HULTON RD + 10TH,40.52399,-79.831644,0
edae1b2a-c52a-4f41-9bd5-348e0c937459,905,PERRYSVILLE AVE + #3820,40.488096,-80.016424,0
edb0914d-d31a-4b76-80dd-b6f1c160ec0a,6093,PIONEER AVE RAMP + SOUTH BUSWAY,40.411828,-80.009028,0
edbcf95d-fe61-4c9c-b2be-43c1f599da58,12706,MAIN ST + 6TH ST,40.494693,-79.935699,0
edcddd8e-5489-4463-9cb3-ba79ce90b8b3,54,MOUNT LEBANON STATION,40.38212339,-80.043374979,0
eddc462b-6d4f-4a6e-ac7e-4eb2d85fcbe8,18421,HWY RT 51 + MAXWELL,40.349593,-79.975905,0
edec46a9-cff7-4cc0-a198-badd006b3eac,18148,GROSS ST + FRIENDSHIP,40.462316,-79.944469,0
ee0255b5-824a-4af5-bcbc-6a8577ac87f8,9121,FRANKSTOWN AVE + FINLEY ST NS,40.459058,-79.909511,0
ee179186-c968-4ee9-8687-eb5c62d7a5ce,12165,SECOND AVE + JOHNSTON,40.405881,-79.942871,0
ee1c99eb-6ef6-4fa8-8131-d7918595b685,20182,7TH ST + PENN AVE,40.443323,-80.000347,0
ee22bbcc-0a71-479c-a8fe-cab67f68a1fe,873,FEDERAL ST + NORTH AVE FS,40.455887,-80.0067,0
ee278d93-b9de-4814-a7f0-e4f04dc3082f,1069,LAURELWOOD DR + #126,40.551855,-80.005049,0
ee29eff5-a585-4ffb-a35b-98c661279aa3,21707,ST JOSEPH ST + COMO ST (STEPS),40.413481,-79.97922,0
ee2e304b-02c2-4233-be59-99c91b4c3ce4,8536,LARIMER AVE + MAYFLOWER,40.464396,-79.915982,0
ee3a6d08-8853-47a1-8552-6a1f20fbcb53,4088,LADOGA ST + MIDDLETOWN,40.451368,-80.06952,0
ee431f09-978a-4477-81e1-ef1959b8f1ff,20668,PROSPECT ST + RESERVOIR DR,40.610779,-79.746547,0
ee4a7957-0e39-4cac-b51e-455193ed23e8,4250,STEUBEN ST + LORENZ,40.442649,-80.042168,0
ee4ab990-3877-4f05-8df1-7c043a97b7c9,9237,BLACK ST + CHISLETT,40.469684,-79.929984,0
ee548e52-a91e-4804-91e7-0156637eb1fc,7757,BROADWAY BLVD + VALLEY,40.398020452,-79.792231244,0
ee5b1c9e-724e-4916-b21f-c69fb6439447,7090,FORBES AVE + CELERON,40.439804,-79.895569,0
ee739133-9baf-49e0-bd68-3b34cd427464,18547,BROADWAY BLVD + VALLEY NS,40.397889,-79.791871,0
ee771bde-9826-41f3-be9c-90cc2e9d90b2,8707,DEVILLIERS ST + WYLIE AVE,40.444159,-79.980689,0
ee7deebf-3ec3-49c9-9073-c22ce864bc99,9349,CHISLETT ST + VILLANOVA,40.482279,-79.927764,0
ee828259-fa87-48a6-9214-558ab4959357,16229,EAST PITTSBURGH-MCKEESPORT + FAIRMONT,40.362175,-79.830558,0
ee835549-ed28-4d33-b7fb-eeed7776cbaf,19237,S MAIN ST + SANCTUS,40.441718,-80.032761,0
ee84ccd9-537b-463b-9266-cf2032c4168d,8010,FORWARD AVE + SHADY,40.429144,-79.920907,0
ee8c8c66-7167-4e85-bc94-d5d7643b680b,14393,FRANKSTOWN RD + ERHARDT DR,40.465916,-79.838623,0
ee92bfc4-04cd-4186-9e08-aa1fa0dc62d0,8936,VERONA BLVD + #7281,40.470954,-79.888267,0
eea17bcc-6e2f-475f-9012-379963a7ad8e,14614,MONROEVILLE-TRESTLE RD + FOUR SEASONS,40.4701,-79.754807,0
eea73047-af3e-449e-8978-7f05bde247bc,100081,Wyngate Dr + Belmont Blvd,40.431441295,-79.779024102,0
eeb4119b-a3e5-458e-9109-53d206f5041a,22108,STANTON AVE + ORANMORE ST,40.480587,-79.93494,0
eebd5572-2c62-460d-9ab5-6f5bd18e4713,12238,WINTERBURN AVE + BIGELOW,40.419024,-79.939888,0
eebfd186-044d-46c4-a34f-973dc486c9f5,12620,ALPHA DR + FREEPORT FS,40.539423712,-79.830543515,0
eec01fc0-d438-49f3-b413-38fec0a6645a,3192,FREEPORT RD + ALPHA (RIDC PARK),40.491591,-79.865783,0
eecf3c06-7bed-4d9e-9550-460d250b9f34,15838,BELTZHOOVER + FREELAND,40.419026,-79.997262,0
eee53beb-0493-47dd-bc7d-bbf982e0a1d1,22731,CENTER AVE AT PLUMER AVE,40.511051,-80.088251,0
eee8c4a4-05df-4f3a-9d2f-23705148015a,15674,PARK HILL DR + #2567,40.456619,-79.871804,0
eeee27cf-5c99-476b-8a51-72b70ac51837,20844,YESTER SQ + CRAWFORD VILLAGE PL,40.350469914,-79.839024051,0
eef4a1ba-7b3b-493f-9252-db0f3f380cc1,3445,HERBST RD + VIGNE,40.489527,-80.119555,0
ef0b53c3-82c6-433f-bcb0-86f76b976650,8626,CENTRE AVE + HELDMAN,40.442415,-79.98264,0
ef1f28d1-7b17-419f-ade0-ac8c0a9db224,14606,CENTER RD + COTTAGE LN,40.456166,-79.759822,0
ef21d545-b151-4786-bca8-4c8a187cf757,16981,UNIVERSAL RD + MAIN,40.467691,-79.793399,0
ef2339c0-186d-4c1e-a4cf-745ecd71d0fa,4757,BOWER HILL RD + RUTH,40.380664,-80.061377,0
ef25758b-3e25-4e6e-aa2d-ddffaa41f63e,17656,WATERWORKS DR + BED BATH & BEYOND (WALMART),40.488022,-79.889769,0
ef31a9c0-6900-4b2d-bf1d-62bae100300a,19370,JOSEPHINE ST + SALISBURY FS,40.418107,-79.966897,0
ef3c42c3-4f00-430f-a65a-642b8c5aae92,7533,YOST BLVD + MAIN,40.408289,-79.857999,0
ef4e0f16-2710-475d-aa8b-08d152e0a347,10010440,Saw Mill Run Blvd + Maytide St FS,40.384444458,-79.995358312,0
ef5e6ac0-8a02-411c-937a-102a298dadbc,22099,STANTON AVE + MCCANDLESS AVE,40.478118509,-79.949173826,0
ef62e106-0747-4618-ad04-3f3b24d26e75,9733,HWY RT 51 + PETCO DRIVEWAY,40.338335,-79.953013,0
ef63fc9a-905a-4fa1-8f85-a2cd6bed4909,11045,MAIN ST + VIRGINIA,40.385967,-79.903013,0
ef89779e-85e8-4f3f-9eea-5a043e96cb26,14328,VERONA RD + GALETON,40.490444,-79.836174,0
efa6f1a7-cbfe-43e6-9150-502881de263e,18908,ALLEQUIPPA ST + SR RESIDENCE (TERRACE),40.440618,-79.968814,0
efa9c31b-8850-488e-88dd-a65377b57b33,200151,Bigelow Blvd + Ruskin Ave,40.447487428,-79.953813571,0
efb72a34-0cb9-4c32-94a9-3f0f0987ff39,19540,ARCH ST + NORTH,40.45473,-80.00856,0
efb82de5-cc2b-4048-be78-00d94b412f28,18796,ISLAND AVE + CHURCHILL,40.472378,-80.061609,0
efc954c5-c7a8-4df8-b007-4eed1d2dd984,11694,PENNSYLVANIA AVE + VERMONT,40.362111,-79.866598,0
efd0cf88-d299-4e2e-9931-c115668c5109,11068,GREENFIELD AVE + DELEVAN,40.423521,-79.931631,0
efd84e77-2bc0-4f75-b927-8f142d4879ac,1811,CHARLES ST + IRWIN,40.466824,-80.018892,0
efddf0b4-1ed3-44ad-87eb-6f0f7dc1575f,10902,8TH AVE + GRANT,40.409319,-79.898462,0
efe12e50-9ebf-46fb-b509-afb596ac7716,18544,ARDMORE BLVD + BRYN MAWR FS,40.432154,-79.864941,0
efe586d2-499b-4a3d-8e0a-ea7332620bc5,19687,VILLAGE DR + STAIRTOWER,40.339737,-80.054789,0
efe66279-80d9-4d13-887b-46026f104153,7133,FORBES AVE + EAST END AVE,40.439664364,-79.896646461,0
efe6e12c-d2ef-4316-868c-14b23e08790f,3351,MT ROYAL BLVD + W GLENN FS,40.521357,-79.959632,0
efecedc1-735e-4f9a-862b-3594fe6c6594,14623,UNITY TRESTLE RD + COLLEGE AVE,40.48457,-79.767443,0
eff28ac7-4ba8-49c8-92e1-b763f98daa6a,152,MCKNIGHT RD + BROOKVIEW LN,40.511681,-80.003913,0
f00b70de-b75a-4fc2-944d-75d2a409b08f,13521,MCCRADY RD AT BEULAH CHURCH PARK AND RIDE,40.44630842,-79.846645537,0
f0454589-eaae-452b-8626-6e0ea1665db8,22616,HOMEVILLE RD AT DUQUESNE VILLAGE ENTRANCE #1,40.366901,-79.871599,0
f045814c-3c91-48df-b247-1f9a133961d9,8961,MT CARMEL RD + CALMAR,40.466848,-79.873134,0
f04d81d7-ba7d-4599-ae60-a195935b8b1d,14187,UNIVERSAL RD + STOTLER,40.460789,-79.804611,0
f0542519-eee3-4020-9722-05e16f1882c1,10364,WALNUT ST + 9TH,40.347303,-79.864216,0
f05bb402-5c6a-431e-b693-ea1c9d41e1ee,19435,ALLEGHENY RIVER BLVD + CENTER FS,40.506726,-79.842739,0
f0644569-58be-493e-a366-8853a0960530,12785,FREEPORT RD + PEARL,40.540734,-79.816466,0
f0645944-18fc-47ea-892a-d00e6eac4be8,9302,STANTON AVE + HIGHVIEW,40.472922,-79.929756,0
f06e57e0-c46c-47ee-b818-8e62c99428f0,19546,BAUSMAN AVE + BERND,40.414224,-79.997109,0
f077ad7d-760b-44bf-99f7-1852ea0493d3,8023,BLVD OF ALLIES + WARD,40.434616,-79.954472,0
f0805158-ca52-4f61-8b90-0e56efc3697d,8230,PENN AVE + 5TH,40.453915,-79.91213,0
f0808bd0-82ba-4532-a0b3-d131eaa29c77,19131,WM PENN HWY + GRAHAM FS,40.445121,-79.859072,0
f080c554-3e5d-4ece-a436-091cc50b68b8,8096,MAPLE ST + #843,40.407590546,-79.823007357,0
f09677a1-9640-4309-9e46-d48f553a8147,2327,ISLAND AVE + TUNNEL WAY,40.477109,-80.066138,0
f0ab3cf2-aabb-4242-9a4d-90e26a6f403a,19870,BAKER ST + #7124,40.487805,-79.923497,0
f0be7575-0c13-4b0a-81eb-e5bc9defe69c,20827,WHITE AVE + STOTZ AVE FS,40.4352,-80.066158,0
f0c0c4d2-fa69-4426-946c-803c83a59c5a,10010209,Chicora St + 5th Ave,40.382623216,-79.810515441,0
f0d49cc4-e935-403d-b8af-172cd8e58c92,19603,COCHRAN + ROBINWOOD,40.390968,-80.059445,0
f0e9bbc3-d567-4700-b122-fd8d3a38a4a7,20697,ALCOMA BLVD + SALTSBURG,40.481518,-79.804679,0
f0fb192b-01d9-4531-8c5c-65a444696c5b,5744,GREENTREE RD + FOREST,40.405559,-80.05426,0
f10163e9-02f6-4ff6-9225-ed23e38f687e,4260,MIDDLETOWN RD + HODGSON FS,40.445813,-80.060072,0
f107fd5c-31c2-4b86-b3ad-44966014e92f,7303,AURELIUS ST + HARRISON,40.422964,-79.895854,0
f10b558b-ca19-4efc-a69e-abdea74b4809,1383,OHIO RIVER BLVD + DICKSON,40.503591,-80.08116,0
f10f8f6f-7a25-40b8-ad85-ebfc105e4aa2,9138,FRANKSTOWN AVE + LANG AVE,40.4579,-79.898687,0
f1209294-b7dc-4018-875d-509ff4ed7f54,10978,KENNYWOOD BLVD + GLENCAIRN,40.389117,-79.867993,0
f1331619-fc7b-4d48-85a5-e37997762b88,961,CHARLES ST + LINWOOD,40.470039,-80.01384,0
f139e4ea-eb8c-4a84-80b8-af32b0fa28a3,7135,PEEBLES ST + FORBES,40.439758,-79.894652,0
f13d6311-6f09-443f-9901-d5bc66ddeee8,19197,ALLENDALE ST + TWEED,40.456616,-80.062401,0
f14e0a35-eea9-499e-90af-f7c3240609c8,12617,FREEPORT RD + VALLEY MOTEL,40.535264,-79.842571,0
f1583e52-80ba-4fb6-87a1-e1c44a7ef203,20597,MONONGAHELA AVE + 4TH ST,40.329231,-79.892578,0
f1738401-f852-42b8-a7d6-05264e69309e,1671,GRANT ST + WASHINGTON FS,40.490874,-80.049883,0
f17ec7f2-66af-4a4e-9d5e-9b6e09aee239,10010437,Glenbury St + Aaron Ave,40.386995324,-80.002042058,0
f1813792-84ad-44e9-8445-98674960e30f,19152,MILLTOWN RD + HULTON,40.505901,-79.793119,0
f18f98b1-ec8c-4c43-8b98-983cfaf215c2,20633,RAVENSBURG BLVD + HWY RT 885,40.304618,-79.895108,0
f1948a7e-6524-4572-a8e2-6c9dec8b3cf2,3342,MT ROYAL BLVD + IOLA,40.536852,-79.971499,0
f1956369-b67b-4b75-a49f-e3b8a01497e5,12211,GREENFIELD AVE + YODER FS,40.425297,-79.947543,0
f1958ce1-db3f-4210-8f66-5305cc54e99c,8016,WIGHTMAN ST + BEACON,40.433976,-79.927551,0
f19a4a0d-12dd-44b1-aebe-7282f173fada,15665,ROBINSON BLVD + DOUGLAS,40.455676,-79.863734,0
f19fce18-c135-4421-915a-5e358baef67c,20887,JOHNSTON AVE + BROADVIEW,40.407416,-79.926433,0
f1a10f83-6f08-47ca-bfd2-4db9bb50b90d,18797,GRAND AVE + NEVILLE,40.502479,-80.101867,0
f1afd5f0-e9b0-4c02-bccf-f362c81fbabc,19074,LEECHBURG RD + SUTTON,40.491784,-79.79279,0
f1bdc187-5ba8-40cd-bc65-c66a2369d10a,10010488,Termon Ave + Massachesetts Ave,40.482014245,-80.041046087,0
f1c419ad-06bb-4277-b9bd-09fe7d4edf7e,11177,JACKS RUN RD + MCKEE,40.344054,-79.798456,0
f1c7ed8d-98cc-4fbe-b3c7-17531ba5fe3c,5894,LINDSAY RD + WYNNECLIFF #1,40.387481,-80.079484,0
f1ca8b74-a5fa-4644-98aa-809e67a97219,14514,FRANKSTOWN RD + VANCE ST,40.463322,-79.839954,0
f1cd2360-befb-4bd3-8e52-188d67097354,576,PERRY HWY + PERRY VIEW,40.493832,-80.022118,0
f1d236da-afa4-4cd1-8607-8bba769cf5a8,6166,CHELTON AVE + FREEDOM,40.3884,-80.012749,0
f1d89849-fd7a-462b-b154-e879f2f616c0,99973,DAWN,40.413126,-80.010912,0
f1dccb80-1d6e-4e19-8a5c-7c123f6c2b41,3285,BAKER ST + BALLARD WAY,40.487378,-79.920339,0
f1f35ab6-a5b8-42ec-bacc-db9205e05af8,200238,Nine Mile Run - Frick Park,40.426331152,-79.90612011,0
f1fa3fe7-e18a-4ef3-82dd-2c5fd1e1eec3,2783,MT TROY RD + KLEMENTINA,40.489475,-79.992393,0
f209b7fb-a493-4dbb-aa3b-0235c0d4848e,14920,LONG RD + DATURA,40.462399,-79.833922,0
f2164ebe-27f3-4e9d-ba57-53db7598443d,1258,AVALON LOOP + CALIFORNIA,40.503682,-80.074369,0
f2191198-f98a-498a-a792-e10c34057260,74,SOUTH PARK ROAD,40.328103,-80.030599,0
f22a7abe-5df0-4090-be6c-47e71a867184,21399,SPRING GARDEN AVE +#1435 WALTMIRE PHARMACY,40.46285,-79.9868,0
f23bb00a-58c1-469a-8542-d2b27744c968,19187,SUMMIT PARK DR + CHAUVET DR #1,40.448034,-80.181014,0
f2453937-5d9d-4ea4-8f85-2d9f31c6e0d5,9142,FRANKSTOWN AVE + COLLIER ST,40.45639,-79.892053,0
f24bf149-bedb-4de4-9d20-24425f3fe875,64,SARAH,40.315982,-80.029613,0
f24c60af-38f2-4d7f-b03b-35126dabcba9,2605,BAUSMAN AVE + GRIMES,40.414242,-79.993118,0
f25ca138-db3e-49fa-9519-29755f678a87,799,CONNIE DR + MERWOOD,40.499406,-80.024634,0
f25e8771-15cb-4438-87a9-db1a8615595d,1483,MERCHANT ST + 3RD,40.581822,-80.223754,0
f260f43b-22c4-4d30-8578-0887fba3c453,8901,CENTRE AVE + SOHO,40.445244,-79.973902,0
f26eef1c-e998-414f-9267-4af5c43dce88,8366,MURRAY AVE + FORBES FS,40.438431,-79.922942,0
f27c9f19-7c59-49ef-a9b9-7e33cda7f280,1150,PENN AVE + MAIN ST,40.465573,-79.955463,0
f2841766-4537-4d2c-976e-fbbb3a22bf44,9153,FRANKSTOWN RD + EYMARD ST FS,40.460521,-79.872936,0
f291539d-fa5a-4b76-a889-4b60ef72fb6c,1929,CALIFORNIA AVE + FALCK AVE,40.478146,-80.040558,0
f2934867-ddda-468c-b989-0c278dded291,8078,JAMES ST + LOWER BOONE,40.414924548,-79.815859782,0
f29c0578-a7ac-4eb9-902c-12a5212507a6,11003,W 5TH AVE + RAMP #2,40.346864,-79.880534,0
f2a9817b-2a48-4639-a895-5c71fdc0c1d0,10010366,River Ave + Natrona Park,40.611143332,-79.735821704,0
f2adf282-4d05-438c-bf75-46b3911b7711,20297,BLOSSOM RD + LAUREL DR FS,40.343614,-79.994437,0
f2b16750-0e64-4a2d-a578-299cf23d0abc,30,CASSWELL,40.349336,-80.033811,0
f2c0363d-1569-4b7f-85bb-bb06cebe081b,21982,PENN AVE + FRIENDSHIP,40.4661,-79.952368,0
f2c71624-a527-4f9f-8110-847cfd6360f8,11084,SHADY AVE + HIGHMONT,40.449823,-79.920672,0
f2d29f87-7b43-4248-9a12-766764b646cd,20252,KOHNE ST + FISHER ST,40.410562,-79.973745,0
f2db0ced-dfc8-4479-82cf-cccdf51501d2,8442,LEMINGTON AVE + #7249,40.467089,-79.89171,0
f2db2cb4-d2d2-42e2-ad7e-555740e2d51a,463,SAMPLE RD + EASTVIEW #2,40.571078,-79.99973,0
f2df671a-e366-475b-ac9e-81c0d03d82b7,14396,FRANKSTOWN RD + COAL HOLLOW RD,40.460444,-79.842425,0
f2f6f43b-edeb-455a-9350-4c9d46180e4a,21387,THE BLOCK AT NORTHWAY DR + DAVE AND BUSTERS,40.549632,-80.021095,0
f3210be2-1588-4db3-ab43-d6f7b78f793c,19707,FOSTER AVE + WILLOW (OPP PLAYGROUND),40.441838,-80.068282,0
f3274179-dc21-4802-9b45-820cba290a8a,8116,BRINTON RD + RIDGE,40.419919,-79.858995,0
f3397931-45b8-47b3-9c15-3f44dff2b739,4092,JEFFERS ST + #1331,40.452919,-80.065506,0
f33e8b80-f706-4b0c-84ad-170e5c0714f2,1537,BRIGHTON RD + MCDOWELL,40.471755,-80.027113,0
f35344f3-031f-44e9-a460-a5c10ea3cd84,99987,BROADWAY AVE AT HAMPSHIRE,40.410999,-80.024525,0
f357625d-7143-417c-b7fa-c5bc3371c0e6,1118,THOMPSON RUN RD + SUNNYHILL,40.524117,-79.988876,0
f37bc18b-5123-4140-a650-34dbba233906,19206,MIDDLETOWN RD + STRATMORE FS,40.444452,-80.058252,0
f3820f95-378d-45c9-8400-92de1aae7010,1382,OHIO RIVER BLVD + BRIGHTON (#7139),40.504826,-80.084668,0
f384effa-1858-4e49-be54-573483b4faad,200167,Walmart Moon NB,40.517449653,-80.223243111,0
f391f646-9e01-449f-ac66-208f7d6a8c9f,10010471,Port Authority Dr + University Blvd,40.503709608,-80.223130431,0
f392697e-e423-479d-a87c-a6589a483a99,14022,GREENSBURG PIKE + BOWLING ALLEY,40.383638,-79.819283,0
f397318a-8549-4b26-91aa-3f7d368f33b0,1502,STANWIX ST + PENN AVE (GATEWAY #2),40.44265,-80.004413,0
f39b800a-d20b-493d-8fb0-33ecdb770189,11324,SOLTIS DR + DESIDERIO,40.286625,-79.89608,0
f39e20ef-b485-45ce-b2f1-b26f471e2342,6275,BOWER HILL RD + KELSO,40.371967,-80.077895,0
f3a402cb-952c-4745-b052-9a08f80dec5d,19781,BAUM BLVD + ENFIELD ST FS,40.454073,-79.949176,0
f3a46daf-6496-41e4-8531-99733e8a6be3,2545,S 18TH ST + CROSSMAN ST,40.421675,-79.979294,0
f3a64b21-c83e-416b-82c2-658cac09c0bb,441,EVERGREEN RD + PEOPLES TWP,40.505611,-79.995486,0
f3a707ce-d179-4af3-9db4-b91349465ae2,6853,SOUTH BUSWAY + INGLEWOOD SHELTER,40.387674,-79.997204,0
f3ab8bd8-71f5-4cd9-8c52-94b11531f1ec,8122,GRANT AVE + TRI-BORO,40.405803,-79.825197,0
f3b78c51-22dc-4cef-a3fa-3ea7c14820df,2331,ISLAND AVE + FRANKLIN INTERIORS,40.483409,-80.071052,0
f3bcf316-e5c1-48c3-9b69-3266a13f993c,7160,WOODSTOCK AVE + ORMOND,40.418155,-79.882763,0
f3c15bdc-fd95-4558-a271-4cd3794b5d89,1599,BRIGHTON RD + OLIVER HIGH SCHOOL,40.463751,-80.022547,0
f3c1a534-c1dd-477c-9332-e1106e2c3552,8086,MAPLE AVE + JAMES,40.408039,-79.818726,0
f3c1d4ea-b9a8-4b8f-876b-5d03598f8d54,7177,BELL AVE + VERONA,40.402073,-79.861069,0
f3c3a147-7c57-4ad8-9979-00be36a33ca0,20042,MT CARMEL RD + VERONA FS,40.465865,-79.866131,0
f3c57182-567d-434c-b066-060ad3da02e7,4137,CHARTIERS AVE + NITTANY,40.447494,-80.044004,0
f3c874f5-7ede-4180-a866-0788d9d04e69,12040,MIFFLIN RD + #5419,40.368151,-79.910455,0
f3dada15-365b-448c-81ed-efe03f80d223,2847,RHINE ST + STEINE,40.465241,-79.992032,0
f3de864d-398f-4014-8155-aad91452fb53,3621,BROADWAY ST + WAYNE,40.469253,-80.069234,0
f3df224f-4184-4f7f-b741-51ed7407cdfa,1119,THOMPSON RUN RD + MILLER,40.522336,-79.990991,0
f3e71223-12a6-4bc3-83c4-2cf063e92e15,21727,CENTRE AVE + ARTHUR ST,40.442032,-79.983747,0
f3e8b2fd-da33-43b9-805d-d53834ca57c2,14453,VERONA RD + 2ND,40.501444,-79.837624,0
f3fc6092-4328-4a7b-9686-4cca9806458e,11715,GREENSPRINGS AVE + BOROUGH PARKING LOT,40.391890989,-79.884768008,0
f40bd0eb-04bc-4028-ba69-b32deab63ebb,1557,NORTH AVE + FEDERAL ST,40.455316,-80.006962,0
f4173a38-51c0-4833-980b-a48166748eec,1823,PENFORT ST + MT PLEASANT,40.476915,-79.999586,0
f41efa44-f8eb-4dd1-84b4-4966493f859b,884,PERRYSVILLE AVE + CLAYTON,40.46406,-80.011255,0
f432e791-4165-47d9-bf1e-243cc0b9539f,6751,SOUTHERN AVE + PROSPECT,40.428091,-80.008635,0
f43701d1-8f60-4f7f-9ddb-5a696e088783,5932,OXFORD DR + VILLAGE SQUARE UPPER ENT,40.347887,-80.049638,0
f446abe2-7d93-4957-ba82-a736ae7f6bd9,18410,KENNEDY AVE + 2ND,40.371828,-79.84664,0
f44834fd-7e68-4f21-8ec3-8d341f4a67dd,6750,SOUTHERN AVE + COWAN,40.427578,-80.00888,0
f46343bd-e172-467b-9546-f4ed59576e00,2749,TROY HILL RD + #1034,40.456259,-79.992296,0
f464a9b3-692b-4eca-9501-3fa82427816b,5429,NOBLESTOWN RD + BARTOW,40.436208,-80.052019,0
f46806b1-aaa1-4e37-9b6b-131636f27de9,22975,STANTON AVE AT NEGLEY AVE FS,40.471701712,-79.926553929,0
f46b27df-2f30-4ae4-a615-9131ca8c1cc5,8219,NEGLEY AVE + HAMPTON,40.475307,-79.924549,0
f473fba5-767d-436e-8a26-53cbb8b90ba2,3478,FAIRHAVEN RD + #63,40.470546,-80.100145,0
f47bafdc-3b09-4fbf-874e-8a4fbe10700f,3162,CALIFORNIA AVE OPP ST MARKS PLACE,40.458842,-80.021283,0
f47ffba6-6955-40b4-bcaf-5cf97d8e27a9,9177,PENN AVE + EVALINE,40.46476,-79.941002,0
f487a2a4-f2d2-47cc-87f1-4d6e13400c58,819,PERRYSVILLE AVE + MARSHALL RD,40.47825,-80.012114,0
f4a90beb-93e1-4668-b845-4ca4d30fc633,14791,SALTSBURG RD + TILFORD RD,40.475018,-79.792216,0
f4aca01e-a573-412f-aa47-e9c92e925d21,10264,WALNUT ST + 26TH FS,40.334112,-79.848729,0
f4bdee11-78c3-4b61-a298-99f0bee0ae24,8221,BRYANT ST + MELLON,40.476461,-79.921813,0
f4cb4d40-c41b-4d8c-bd2c-824979fa1a2b,6431,KANE BLVD + DAVIS,40.378087,-80.091418,0
f4cd81b8-3980-4886-b10a-171fdab69c05,13492,PENN ST + ATLANTIC,40.611543,-79.74067,0
f4d2fb6c-adbd-48f9-8b5c-3bc5d3933b0d,1727,PENNSYLVANIA AVE + BIDWELL ST,40.455047,-80.021165,0
f4d5d9dd-ee26-44d8-8fc3-635105513a0c,2907,SPRING GARDEN AVE + MAUCH,40.471602,-79.986448,0
f4d66c52-b8e6-4750-8f20-fd36fb857f58,830,PERRYSVILLE AVE + CUTLER,40.466257,-80.011618,0
f4db785f-9ee4-4645-9a99-d041db0d0617,22675,WASHINGTON PIKE + #1308,40.37721,-80.097194,0
f4ec2ef3-9c3e-4d8b-9284-28c95219f905,8795,LINCOLN AVE + MAYFLOWER ST (#408),40.46068,-79.911447,0
f4efe025-9e90-4444-bf12-6d39c23d7f6f,4069,CRENNEL AVE + LINWOOD AVE,40.435815,-80.068574,0
f4fb2c72-42ac-4dff-b39d-d7aa6f7e6b93,15747,COCHRAN + ROESSLER,40.392973,-80.063113,0
f513c141-2017-42c7-aeca-40ab4ff693c9,2199,5TH AVE + MAIN,40.518416,-80.166898,0
f51eaf2c-fa27-4306-97a6-38ed2ccd3756,4567,BANKSVILLE RD + #1593,40.410121,-80.031534,0
f538d96e-62f1-42fc-a8f9-e85be1cbb851,12118,JOHNSTON AVE + #857,40.40612,-79.930677,0
f542ab71-9bb2-43b9-81eb-866e5ca42ac8,11006,RICHLAND AVE + 4TH FS,40.349838,-79.893172,0
f56c5b42-d54c-450f-9952-f8458098c44f,6690,BOGGS AVE + SMITH,40.423994,-80.009245,0
f5935b55-2060-4a79-9f41-c3b57de7a352,7969,PENN AVE + SUMMIT,40.4431,-79.866739,0
f599a17c-8f45-4079-8c70-248f7495f0b9,1187,LIBERTY AVE + EVALINE,40.457999,-79.942071,0
f59fd5b2-dbb0-4ea6-8fb3-ec6858f1d031,4552,COCHRAN RD + ALTOONA,40.382603067,-80.052281616,0
f5a2ff78-29e4-4edb-a3f1-07b4dba7b2e6,6931,GARDENVILLE RD + BAPTIST,40.351982,-80.010758,0
f5a8496c-11b0-4ae5-bf9a-7df0448ee199,411,PEEBLES RD + PARKWAY,40.564091,-80.009728,0
f5bb3fe2-4f42-4fb1-a1e5-a89e0f380de8,458,PEEBLES RD + PEEBLES SCHOOL DRVWY,40.565293,-80.008536,0
f5be39ea-5f0c-4994-a5ff-f948f1d146ab,18954,GREENFIELD AVE + HOOSAC FS,40.425883,-79.941162,0
f5ca0fd4-6064-4701-b49b-94af368088df,14188,UNIVERSAL RD #1048,40.460368,-79.807214,0
f5ee8ee7-51e9-42d8-a27c-6debe1f542d6,6278,BOWER HILL RD + SYLVANDELL,40.374374,-80.073425,0
f5f231ef-e502-42a6-aafa-e59c8f7451db,99975,CASTLE SHANNON STATION,40.368066,-80.030126,0
f5f3b74b-91e1-41f3-addc-3806f64e9a27,12830,E 4TH AVE + HICKORY AL,40.601977,-79.752892,0
f5fbdcae-8541-426a-b26e-a0224447e84a,3552,HELEN ST + CATHERINE,40.472795,-80.056347,0
f5fd421d-ecbb-43ef-904c-0431cb408075,9896,LYSLE BLVD + CENTER,40.352345,-79.853365,0
f6031ea0-c698-451d-a901-fa08720f7626,325,CUMBERLAND RD + FOX HUNT DR,40.571888,-80.018456,0
f60b0079-ff2e-4441-a9ff-f91362026857,9109,FRANKSTOWN AVE + OAKWOOD ST,40.455114,-79.885869,0
f60fbd88-36e1-49a0-9e89-d7130afb12e3,8131,JAMES ST + CAROTHERS,40.412898,-79.817998,0
f61e0cd2-9fd4-40cb-aa14-91dc36e2244a,18639,MATHIAS ST + RHINE,40.468156,-79.995053,0
f621a9d4-4f2c-49d5-9591-4c10e5779651,6268,KANE BLVD + HUGHES,40.377249,-80.090478,0
f6310276-d9fd-47a7-964f-ab981c70049e,577,PERRYSVILLE AVE + BASCOM,40.492954,-80.021996,0
f631f0d2-dd07-4327-8c5a-7aa23f7a295d,8817,VERONA BLVD + #7278,40.470899,-79.888331,0
f63ac9df-cd6c-4d93-bf06-c94885261cda,19143,UNIVERSAL RD + ANTHON,40.463963,-79.800966,0
f6446844-d26d-42a4-9f80-ca41cd499ee5,16648,VIRGINIA AVE + BIGHAM,40.431984,-80.01554,0
f64c4a64-f5ee-4b48-ad93-5608f5ca9345,10982,DUQUESNE BLVD + FAIRMONT,40.382124,-79.85666,0
f64c5aa6-3271-4bc0-9312-03e122f544dc,16118,EAST BUSWAY + WILKINSBURG STATION D,40.446626288,-79.888485618,0
f659ce79-a26f-4d43-9bcb-800842b74915,2088,EAST OHIO ST + JAMES,40.453453,-80.000643,0
f660347b-001d-48ce-9f37-b682d8170e05,4409,FORBES AVE + CRAIG ST,40.444525,-79.948541,0
f667ff10-e52b-46e0-8614-9d9292a80d0a,3609,CHARTIERS AVE EXT + HOWARD,40.467933,-80.084366,0
f66b4c3a-be87-4f80-90e3-e280a47bcb1c,18783,HERBST RD + ROSE,40.487232,-80.11837,0
f66de841-edff-4cb5-afea-8d08bb279c88,14642,LEECHBURG RD + COURTNEY DR,40.486735,-79.804821,0
f67127b7-d24a-40c6-8b3e-be06606e0ac2,1391,OHIO RIVER BLVD + SHILOH,40.487869,-80.056511,0
f673f0fa-ecf8-40d3-9cc0-4ea962c5add3,14456,ALLEGHENY RIVER BLVD + SOUTH,40.504742,-79.843076,0
f693905d-e3e6-4cd6-b8c3-c29d069fcd11,3489,MCCOY RD + JEFFERSON,40.479544,-80.07849,0
f6958db3-bf6f-452e-a0c4-6b6360c7528c,22240,WATERWORKS MALL + MARSHALLS,40.488773,-79.891997,0
f695ce19-89b5-4325-bf39-44e33e280b62,15587,BLAZIER + GIANT EAGLE,40.585354,-80.037534,0
f6a6ace4-3e68-42ff-83e2-65cef6456164,8115,BRINTON RD + FAIRFAX,40.421522,-79.861324,0
f6abd1ce-039f-488f-ba2a-a6cbe7ea9394,1152,LIBERTY AVE + ELLA,40.463154,-79.951974,0
f6c736e0-8ff7-45c8-8bc4-36740ad94dbe,9649,HWY RT 51 + #2850,40.377594,-79.987442,0
f6d73b22-26e8-48b2-a8c4-59a95ff1d06c,7075,COAL ST + HUTCHINSON,40.435203,-79.883112,0
f6d97fc7-05de-4af8-aa15-7e13df4b43b0,9198,OAKWOOD ST + KELLY,40.453159,-79.885453,0
f6e997e2-5617-46d4-869e-93b38baa3b61,8202,CENTRE AVE + SHADYSIDE HOSPITAL,40.455549,-79.939653,0
f6f11d1a-a55d-4b73-9077-03192fc9cfcf,10378,WALNUT ST + #2906,40.331945,-79.845342,0
f6f46284-d054-4c72-95b7-df68303d50fe,1047,THOMPSON RUN RD + MILLER,40.522286,-79.990921,0
f6ff6e1a-a3f1-4449-937c-f87042c4f8ce,3336,MT ROYAL BLVD + BRIDAL,40.545101,-79.97242,0
f70fcda7-32e9-4d69-a69e-c41becbadfe1,6245,BANK ST + GREGG,40.355091,-80.108475,0
f7114859-40be-4238-bc12-30cc63aa896d,14693,SALTSBURG RD + MILLERS LN,40.475159,-79.772827,0
f713f791-5381-49da-80bc-4247d6ef16a0,22759,BREINING ST + CARMALT,40.388355707,-80.006637004,0
f71d724f-de29-43a4-ad92-ec7f7c193b97,18685,MCKNIGHT RD + SEIBERT FS,40.530195,-80.009692,0
f728e0ef-f1e4-442a-bef6-c10466b6cd85,9329,FREEPORT RD + MAIN ENTRANCE (WATERWORKS),40.487113,-79.886433,0
f729c438-c8dd-4d80-b92e-d1976e7d3c88,578,PERRYSVILLE AVE + WALDORF,40.491273,-80.020192,0
f72a5e73-bd34-410f-9624-99b8a41c4b92,18870,BROWNSVILLE + SYLVANIA,40.321828,-79.995157,0
f73d1021-b673-4fbe-8bf7-13d5e6f8b214,20603,OHIO AVE + BROADWAY ST,40.319146,-79.890716,0
f76af573-ca2e-4782-b655-e6d5a84dd2ce,22869,PENN AVE AT EUCLID AVE,40.462501145,-79.927630965,0
f76f3cb5-ff87-49ed-864a-d1284e03b916,8801,LINCOLN AVE + UPLAND,40.463827,-79.902115,0
f774ff22-a38b-4150-b0ae-eb406257e549,10010253,Union Ave + Lee Ave,40.345364539,-79.854574753,0
f7864956-64e2-4f3d-a290-563b091b6469,20723,BRINTON RD + #1245,40.422986,-79.866695,0
f7975124-6849-4521-b216-5f1a2bbe5aeb,977,HAZELTON ST + SUFFOLK,40.46729,-80.005838,0
f7991f89-d123-4cb3-8183-3a9c1a253465,10968,8TH AVE + GRANT,40.409218,-79.898828,0
f79bf815-602a-452b-88fe-d187ca2e1d3d,3502,FOREST GROVE RD + STARLING,40.47574,-80.098754,0
f79f014d-d5e4-4aa7-8052-a00e058c37a0,9034,ROBINSON ST + ALLEQUIPPA,40.442756,-79.965686,0
f7ac688b-c115-4659-879d-1598a69a5e77,4109,CHARTIERS AVE + LORENZ,40.444018,-80.040743,0
f7b2faa9-746c-4ffa-9731-56247d445a12,8910,OAKWOOD ST + INGLENOOK,40.45098,-79.884522,0
f7c6b0ff-3f24-4936-a7d7-d29431f4dd3c,1080,PRESIDENTIAL DR + KENNEDY,40.585345,-79.999826,0
f7c9ee1c-91a5-44a3-894d-846211a676f3,16120,EAST BUSWAY + EAST LIBERTY STATION D,40.459539,-79.922767,0
f7dce3cf-09f3-4a34-9d3f-7bab5900f019,19901,WINTERBURN AVE + DENMARSH,40.425534,-79.939831,0
f7ddc909-8e03-4637-8aeb-694d3c897966,3123,HIGHLAND AVE + HAMPTON,40.473884,-79.919162,0
f7e671d7-ce09-463d-858b-1d41348492dd,19324,CENTER AVE + BRIGHTWOOD,40.515873,-80.02253,0
f7eadc6d-1959-499e-be66-4cde376de778,14749,SALTSBURG RD + UNIVERSAL RD FS,40.477681,-79.7854,0
f7f62687-0e56-4470-b2b7-35fc8cf31c30,20074,BEATTY ST + CENTRE AVE,40.459371958,-79.927608989,0
f810fcc9-d697-49d4-81a0-d43645fac6bd,2496,FERGUSON RD + OHIO,40.557392,-79.978424,0
f817c780-40f2-4e6f-8131-12530a464ae2,19142,UNIVERSAL RD + DEERFIELD,40.466939,-79.798844,0
f822181b-eea3-4c22-9f9f-01ec3fa78e83,200239,Forward Ave + Summerset Dr FS,40.426743147,-79.912712143,0
f830eed8-2be6-4505-af0a-cf5e5bbc065b,12014,5TH ST + COCHRAN,40.366526,-79.847926,0
f8474f67-0de3-4310-8c24-5e3a411bc89a,1832,ARCH ST + NORTH,40.454995,-80.008524,0
f8481cb9-6853-4f63-b965-1941f4e6b229,2906,SPRING GARDEN AVE + BOROUGH,40.468726,-79.985376,0
f8484d05-c9c8-434c-ba47-3991d93c222e,7567,BRINTON AVE + TERRACE,40.400341,-79.841205,0
f84d4a9c-0ada-4e9c-932f-0bab2814c740,10983,DUQUESNE BLVD + OAKMONT,40.380929,-79.855409,0
f85dc3ee-e693-40c2-b4d9-ee8b8390e209,19314,ARLINGTON AVE + WILLIAM FS,40.42787,-79.996323,0
f8633a30-5f19-4296-9e0d-dba379a38bc5,17347,VILLAGE DR + SOUTH HIILS VILLAGE PARKING GARAGE,40.340025,-80.0538,0
f86ac947-0104-4123-a4b9-42330cc45bb7,1131,HEMLOCK DR + SAMPLE,40.576218,-79.978973,0
f87e44ae-9425-4741-b864-d4b31605f872,7067,EDGEWOOD AVE + COLUMBIA,40.424387,-79.885993,0
f8942445-e1df-45c9-9124-6582be2a7dc1,176,ANDERSON ST + LACOCK ST,40.449867,-80.001076,0
f8a3e6e2-641c-47e0-bd16-1a0ecc41deaf,4139,CHARTIERS AVE + CORLISS,40.450326,-80.045099,0
f8a5377e-de99-4de6-857d-d7dd06fc7533,9989,BROWNSVILLE RD + W CHERRYHILL ST,40.397927,-79.988322,0
f8a8d3be-1649-4a3c-bb07-962fbd8fce60,12201,HARTMAN ST + ANDERSON AVE,40.349977,-79.834371,0
f8bb9835-6e1e-41cb-b678-cc4c421428e7,10010382,Perry Hwy + Atlantic Ave,40.537701422,-80.036384906,0
f8bc0d9e-d1a6-42b3-9a06-8c522e22eabd,11179,LINCOLN HWY + CENTER,40.395584,-79.83861,0
f8c301fd-cfd3-40ad-8f5d-b25e202a61d9,21281,LIBERTY AVE + 25TH ST,40.453463,-79.979127,0
f8db13bc-1045-4090-86ea-c84d6e9d6f63,11706,HOMEVILLE RD + COMMONWEALTH,40.3827,-79.877766,0
f8e49110-c726-4c96-8442-a373c4177a99,9255,AIKEN AVE + PENN,40.464795,-79.936414,0
f8f0a8f7-8203-4a59-acd0-a6f249c0d42c,20459,BEDFORD AVE + ERIN ST,40.447197,-79.980867,0
f8f43989-1993-4bfc-bff6-37ba631d8333,2624,PENN AVE + 39TH ST,40.464779,-79.960281,0
f8fc6235-184c-412e-9087-06dea515a9e1,3715,FOSTER AVE + SR CITIZEN BLDG,40.440754,-80.068642,0
f925f332-5184-4e00-b00a-e4146c27c53d,18305,CALIFORNIA AVE AT ELIZABETH AVE,40.499328,-80.063866,0
f92e5f1f-a2b9-4c21-b507-2abf04db4df4,6756,VIRGINIA AVE + KEARSARGE,40.431054,-80.010226,0
f92ffb72-eb1e-46b9-8bbe-fb812aec56cf,588,NORTH COMMONS + WEST COMMONS,40.453924636,-80.00650974,0
f933973c-6ea1-46da-82a5-c640f99c8b0a,20657,FREEPORT RD + HORNER ST,40.609265,-79.749064,0
f93aa3ee-6a4c-4b5f-9d4a-57370604915f,18689,MCKNIGHT RD + NELSON RUN,40.505594,-80.008172,0
f93c807b-e82b-4b9c-98dc-9d2cb8b1c55c,11016,LEBANON CHURCH RD + BUTTERMILK HOLLOW,40.354296,-79.9135,0
f94237eb-882d-4c2a-90ac-7ff3719ccbd6,9998,S 18TH ST + MISSION ST,40.42367,-79.97764,0
f94acca5-6e2d-42e2-b7c0-c14252938ff3,15090,LONG RD + BEULAH,40.45071,-79.843491,0
f9550e4b-a90d-4438-8d49-6aa7ed50c348,12164,SECOND AVE + WINSTON,40.404466,-79.94248,0
f95b0060-0dd4-4f1a-afa2-0c71f18e8c7c,6410,WASHINGTON RD + BOWER HILL,40.387057,-80.043758,0
f9624c59-6b83-4cbf-87fa-919b4ce8e566,19666,JOSEPHINE ST + #3201,40.420042,-79.964279,0
f97460b5-a1a1-4a1c-8964-4c75d35c62bc,8543,EAST LIBERTY BLVD + FRANKSTOWN AVE,40.460625103,-79.915577084,0
f9777b1f-fb11-4358-9e97-63b9006bff78,21382,FERGUSON RD + FOXCROFT LN,40.565142,-79.995836,0
f97f43cc-4e01-4768-8d9a-a7feb7b9d1b7,1770,REGULUS ST + COLBY,40.484647,-80.004502,0
f9870737-89b4-494c-bc6e-7ddb59bf045d,21678,CLIMAX ST + CURTIN AVE,40.419949,-79.998986,0
f98caf69-fc1f-40ed-ace4-64493e6c64c9,22454,BENTLEY DR + #1784,40.440109,-79.976643,0
f9960d92-5afd-474f-99c9-8fd7cf600fe8,21182,MIFFLIN RD + MCBRIDE AVE NS,40.369216,-79.910308,0
f9a69017-7c41-44ec-a656-5a5123a81fdb,19531,GRANT AVE + LEHR,40.50679,-79.951019,0
f9bc62d7-953d-46f6-99ee-8a305aa60927,18434,HWY RT 51 + OLD CLAIRTON F.S.,40.2944,-79.917992,0
f9bc8c4b-64fb-4716-83ec-ea8e2eb84142,8673,CENTRE AVE + HELDMAN,40.442571,-79.982461,0
f9bd51e6-d6cc-4f56-b6db-785e92881f3b,7641,WILKINS AVE + BARNSDALE,40.444862,-79.91565,0
f9c6fd5e-42a7-48d2-a944-a8ab1d17bb85,8943,WILNER DR + BRACEY,40.45402,-79.867054,0
f9d0e947-8e09-4190-a19e-c034a5f0b588,1449,BEAVER ST + #1449,40.529967,-80.165513,0
f9d5946e-381c-4f5c-8588-42d72a24d9f2,19609,ISLAND AVE + FRANKLIN INTERIORS,40.483335,-80.071095,0
f9f6ab4b-f88a-4c30-b043-26b27ac5c3c9,10947,MURRAY AVE + DARLINGTON,40.437173,-79.922999,0
f9f93ae8-9643-4be0-887c-440f119f66c5,2827,CHESTNUT ST + PHINEAS (EAST OHIO),40.455502,-79.994728,0
f9f9bd9d-d041-41a3-80c0-df3678fdb39e,59,WESTERN AVE + GALVESTON,40.451977,-80.016411,0
f9fd1191-0fc7-45be-9faf-ec766df42624,10010274,Wesley St + Fir Ave,40.339234298,-79.832973143,0
fa0a45bb-4574-4ff3-82ae-50d90b3e9984,1085,HEMLOCK DR + #4424,40.578872,-79.980699,0
fa16e6c9-53ee-4142-9050-f25fe6e8b2a0,11040,MAIN ST + E JAMES,40.39166,-79.90049,0
fa404e0e-0955-4050-883d-2d293d39b0a7,11915,ELIZA ST + CORBIN F,40.387484,-79.874856,0
fa5171c4-7f7b-4b0f-b7e2-04cff740097e,63,SANDY CREEK,40.296474,-80.030397,0
fa6500da-da6a-46e5-8f12-4ed2f4c62604,7647,WILKINS AVE + WIGHTMAN,40.444132957,-79.927665455,0
fa74fa51-632b-4983-a122-223da495e27a,10010494,HWY RT 286 + OLD FRANKSTOWN RD,40.445502348,-79.713864158,0
fa7c90ff-8d11-40ac-8652-bccbcb97adb1,12072,JOHNSTON AVE + GLENWOOD,40.406474,-79.939644,0
fa84990b-c518-4a7a-8898-a2972a95aa0e,9325,BUTLER ST + MCCANDLESS AVE,40.481472,-79.95359,0
fa87a727-1762-464d-a6b6-40aca3ecf5fd,13593,PENN CENTER BLVD + WM PENN,40.429811,-79.811999,0
fa888a52-f333-499d-8ac0-97cf7f855489,7555,COREY AVE + CENTER,40.406372,-79.866268,0
fa8be591-0953-445d-a592-40fcbf45e91f,11172,LINCOLN HWY + DIX,40.369065,-79.782581,0
fa99c1e7-ac5b-4463-b2b9-5fa0f7d86873,7653,BEELER ST + UNGER,40.444969,-79.936546,0
fab88dcc-1776-4b29-b9f8-5b3b2a550df5,3345,MT ROYAL BLVD + MCELHENY,40.532624,-79.968151,0
fac4679b-971f-4869-aaee-80acbdad3d7e,10010255,Union Ave + Beaver St,40.342325635,-79.856141046,0
fac668be-9473-448c-8903-d2fdfa033415,21238,GREENSBURG PIKE + 1ST ST,40.402059,-79.823776,0
fad10b57-bdba-4551-ac67-aa931cb44933,22397,W CARSON ST + CORLISS TUNNEL,40.453027,-80.039574,0
fad27525-bdb6-434e-8c36-ec19321c73d6,22799,BLAIR ST AT STREET F,40.414071,-79.950076,0
fad27d0f-4d1e-415a-947a-19a038eafc0f,10977,KENNYWOOD BLVD + GLENN,40.390712,-79.86932,0
fadcb544-7925-4b73-90a4-26a9f7cc1f05,21418,EVERGREEN RD + BAYTREE ST,40.488746,-80.010295,0
fae04ed8-842b-41da-8650-c051195bbcf9,4302,BROADHEAD-FORDING RD + VILLAGE RD #1,40.451684,-80.078434,0
fae172aa-bbef-41de-9917-25c4ef462f38,3615,CHARTIERS AVE + #1241 (OPP VFW),40.464933,-80.072234,0
faec75f7-e6ad-4e60-92ac-74a3a30e0b8e,8334,HAMILTON AVE + HALE,40.452353,-79.887665,0
faedcf2f-95c9-4a38-90f0-a088f9d1f0d9,10010381,Perry Hwy + Atlantic Ave,40.537494878,-80.036168553,0
fafdb28a-07b4-474f-8c0a-bbab490bf90a,9591,HWY RT 51 + MAXWELL FS,40.350023,-79.976465,0
fb0c3dd3-581e-419a-a8b9-eb98f1b63c9e,12123,IMOGENE RD + DESDEMONA,40.411704,-79.922799,0
fb2f9a45-d4cd-47f8-8eaa-f3a9c96cbe19,1011,CENTER AVE + PERRY HWY,40.518114,-80.031798,0
fb2fc38b-b6ed-40ed-bc6f-219681606146,8509,BIGELOW ST + TESLA,40.419436,-79.935958,0
fb41932d-3966-44ba-92f6-d3bdc5cbefc8,14675,SALTSBURG RD + HERSHEY RD,40.477612,-79.799696,0
fb4fa38c-783e-44f6-9eaf-b4f6b891c167,20019,WILLIAM PENN HWY + ELLIOTT RD,40.434066,-79.732674,0
fb580063-177b-43fa-b0d1-8d5240b9ef40,3828,SUMMIT DR + PARKLANE #1,40.4511,-80.186792,0
fb5fc76a-0179-484f-b8d3-c260963d7ad4,3275,HIGHLAND AVE + JACKSON,40.47104,-79.920347,0
fb6a4982-a131-4e2e-88de-e70790db6f76,18257,RIVER AVE + UNDERPASS,40.470435,-80.054089,0
fb6b8f54-1d7b-4380-af92-2ec655bcc0c9,20904,FIFTH AVE + # 1681,40.353119,-79.846267,0
fb71bde5-d50a-4a56-94ab-033649c2169c,1070,LAURELWOOD DR + ENNERDALE,40.551525,-80.006574,0
fb725da7-73bc-48c4-870c-88f434b6e541,7239,BRADDOCK AVE + HUTCHINSON,40.433041,-79.894287,0
fb7464f6-b7fd-4333-a511-f59a9c0dee31,100113,E 8th Ave + Ormand St,40.606179893,-79.748977511,0
fb806f01-af2b-4017-bbf1-7ff30625de71,22776,BEATTY RD + #560,40.451085,-79.756374,0
fb8ae968-2e99-41b3-870e-085a7099bc52,20616,HWY RT 885 + WRAY DR,40.315227,-79.917096,0
fb8c56aa-072b-4ae0-a7b1-5a29628e6347,18307,WINHURST ST + CALIFORNIA FS,40.487384,-80.044824,0
fb9333d4-2951-4019-a0d9-d8c1908751f4,8863,LINCOLN AVE + CHURCHLAND,40.469816,-79.894517,0
fba02b19-3fc7-4d94-b142-5af9f329fa4c,22304,PITTSBURGH ST + BLOCKDALE ST,40.540794,-79.807179,0
fbb88176-9bba-4ad2-a226-789fb3f30a8a,7635,DALLAS AVE + PENHAM,40.451146371,-79.908511578,0
fbbe1613-001d-4c6f-b60f-9eaacca91b96,3360,GRANT AVE + BYERLEY,40.508183,-79.951881,0
fbc70d01-5ed1-4ae5-88d3-ec8a3d4566e8,9175,PENN AVE + AIKEN,40.464718,-79.936226,0
fbd2dba8-ac64-423c-94f0-46ec8e828b19,18942,PENN AVE + BAKERY SQUARE,40.455992,-79.915142,0
fbd3f3ac-adba-4af0-8575-68b701a7b5f3,11548,CHURCHVIEW AVE + SANKEY AVE,40.385387,-79.976336,0
fbe2ec79-ba30-460f-af36-b6c173925db4,11072,GREENFIELD AVE + MCCASLIN,40.424297,-79.936081,0
fbea43f1-0eb3-4e4c-9652-f5d1a3722c94,6258,BOWER HILL RD + ROCKHILL,40.366595,-80.08637,0
fbfb8fa1-b918-4184-99a7-14c3de63ee04,18882,BELTZHOOVER AVE + WARRINGTON NS,40.42152,-79.997354,0
fbfe31f5-d77a-49b9-9731-d53523655a62,9897,LYSLE BLVD + EVANS,40.352435,-79.85124,0
fc0041a7-f798-4395-a361-5faa8768abb5,21329,SANDUSKY ST + UNDERPASS,40.45004,-80.002796,0
fc06b63b-f8ca-47c7-8e40-31bb76ffa84e,200248,Shady Ave + Alder St,40.456671372,-79.922397567,0
fc087645-9a1f-4192-a656-99099bf5577b,99972,DORCHESTER,40.341118,-80.047931,0
fc1028e6-1a60-45b8-8113-b4e4a28d0f8e,1366,BEAVER ST + OSBORNE,40.533115,-80.172087,0
fc105cfe-db56-441a-9dcb-59ef79c8a7ac,6599,CEDAR BLVD + GREENHURST,40.37526,-80.056707,0
fc2587c8-b555-4596-ac0c-b7cb637ea827,1471,BEAVER RD + VILLAGE DR,40.559549773,-80.201141931,0
fc27988a-d173-4e0c-b852-c5b3c5693a62,18507,BRINTON RD + HOLIDAY INN DRVWY FS,40.432598,-79.872795,0
fc2ac39e-3813-4ef5-9059-86eeb4dafd59,200171,River Ave + Pine St,40.612843409,-79.73601578,0
fc2e33f7-d14f-48a0-b010-a0a7e36bf16d,22375,ALLEQUIPPA ST + CENTRE AVE,40.448158,-79.958862,0
fc46a2f4-8d3e-4da9-aa58-6b3b5043246e,2751,TROY HILL RD + CHESTNUT,40.455497,-79.994447,0
fc545e91-524c-46b5-a90b-f9259f1a7a0f,6993,ARLINGTON AVE + #1047,40.423457,-79.989092,0
fc64d623-a442-4297-8713-75fbe30f7d55,7778,ELECTRIC AVE + DYNAMO WAY,40.401212152,-79.834765717,0
fc828e09-0650-438c-ad7c-82b16fd5d3c6,18678,STILLEY RD + HWY RT 51,40.361169,-79.982075,0
fc886dc9-61e6-41ec-8c5b-4c3e1ea4c696,16551,WASHINGTON BLVD + CYPHERS COMPANY,40.463186,-79.905896,0
fc8a19f9-f98f-4d26-96c3-cf303b021650,4263,MIDDLETOWN RD + BERRY,40.448493,-80.062714,0
fc91cbb3-3a1d-4e06-8bce-06e0e539e987,10010311,Federal Dr + Duff Rd,40.463974956,-79.828191989,0
fc93637e-a315-4070-bc72-d0f3062cfce1,8579,BIGELOW BLVD + BLOOMFLD BRDGE FS,40.458849,-79.958193,0
fc96c83c-7d52-491b-921b-013cc379d6da,10010331,Earlwood Dr + Glenfield Dr,40.475445349,-79.828924324,0
fc9f0580-d7ff-42aa-9127-bb403d5e12fc,5484,NOBLESTOWN RD + DUNCAN FS,40.413128,-80.075347,0
fca6c434-719c-4c27-bf78-e7498b46c754,20586,BOWMAN AVE + LIME ST,40.361024,-79.832889,0
fcaa4f3e-f027-441a-8f8a-bcced33cf9c0,16841,MCKNIGHT RD + DUNCAN,40.568833425,-80.024040067,0
fcbbbc6a-09ee-485f-b003-ccf0533fa380,9537,BROWNSVILLE RD + STEWART AVE,40.382955,-79.976962,0
fcc37957-1be6-4167-a99c-2b62b9d8fc63,22652,STEUBEN ST AT RICHMOND ST,40.438656,-80.070992,0
fcc38efa-9a33-49c9-ba32-69695cfe815b,14984,BUTLER ST + 56TH,40.484234,-79.948296,0
fcc6f881-10e1-4b4c-8e5b-888ea822e9fb,19085,UNITY-TRESTLE RD+ SALTSBURG,40.477575,-79.759484,0
fcdc6f9a-6091-459a-84a0-bd1d060ea59c,14868,FRIENDSHIP AVE + GROSS,40.462265,-79.944658,0
fcdce1c8-dc4d-422f-9ca1-61fb785d8bcf,16559,ALLEGHENY AVE + DELAWARE,40.517799,-79.843205,0
fce09d04-525e-4fc6-9f63-d42ae2d10981,2216,GRAND AVE + 2ND,40.510366,-80.125975,0
fce55142-3ae5-48a1-8b6f-ff7519e80137,2820,RHINE ST + ITIN,40.462603,-79.991035,0
fcef5a5d-fab6-4478-8318-8978f805690b,2815,RHINE ST + #2146,40.467547,-79.994811,0
fcf9d819-c466-4d20-8338-42b6bc8b5784,7334,PEEBLES ST + GREEN,40.438905,-79.894956,0
fd0f18e9-25c0-40fb-8ec7-7284b0fb34d0,9112,FRANKSTOWN AVE + COLLIER ST,40.456394,-79.891705,0
fd26ed75-e7b3-4d97-8122-bb16eb6860a7,10010388,Benton Ave + Brighton Rd,40.484252689,-80.036014997,0
fd272aee-3b63-4884-8f5c-f693cf0492dc,6741,BOGGS AVE + SOFFEL,40.419703,-80.011424,0
fd4c9c80-9ce9-435b-9a0b-fc4061ad8ca9,20359,TILDEN ST + #7171,40.463848,-79.89325,0
fd53fc09-3c3f-423f-b156-8ed2ea7934ff,12782,FREEPORT RD + ALPHA DR E,40.538586,-79.830208,0
fd5f04f3-4fdd-4126-966b-e09cafe2b55f,9419,HWY RT 51 + NURNBERGER,40.352284,-79.977589,0
fd5fd154-5517-4013-a348-526e1816be72,21181,8TH AVE + LIBRARY,40.408978,-79.903374,0
fd6087e3-f8e8-47da-b3ab-b08c6d94730f,1626,LINCOLN AVE + BRIGHTON RD,40.492506,-80.049223,0
fd62d14a-0490-4526-b776-f940351c03b3,7683,WILKINS AVE + SHADY FS,40.44389,-79.920075,0
fd81451a-6e62-4708-88dc-a239309c50a3,1729,PENNSYLVANIA AVE + FULTON,40.454406,-80.024624,0
fda1cf83-4b06-4135-b4d4-abb45c7f7612,9965,ST CLAIR AVE + 6TH,40.293462,-79.887887,0
fda4598a-e78a-4c0b-ad46-a8ec32397477,11204,WORTHINGTON AVE + PETERSON,40.293857,-79.903216,0
fdaee561-61af-457b-891e-1dea74b79303,5881,GREENTREE RD + # 2080,40.391972,-80.069099,0
fdb56264-b06a-467e-95b2-affd07a67ac7,7788,ARDMORE BLVD + NEWPORT,40.425796,-79.861445,0
fdb627d4-3520-4a8d-b3fc-6131a7d996d8,7052,HAWKINS AVE + OVERLAND,40.410873,-79.868582,0
fdb682a9-e191-450d-9a37-eff5602cce03,23028,BLAIR ST + #4165,40.420607285,-79.951801805,0
fdbc753c-22ad-4c3b-be6b-dd43fc519dd0,9139,FRANKSTOWN AVE + HOMEWOOD HOUSE,40.457625,-79.897454,0
fdbdb5e9-1de5-4236-98ff-961c0d0aabdb,7655,BLUFF ST + STEVENSON,40.435199,-79.9866,0
fdc51784-c965-422a-8530-2650ccbb1f7f,11137,LINCOLN HWY + DENNING,40.371424,-79.788965,0
fdc577c1-46fe-4ecf-9748-13a623d80db4,7726,LAKETON RD + WOODGATE,40.458224,-79.8552,0
fdd0e359-9e03-4a9c-95cb-2f79e4b56338,8515,WINTERBURN AVE + MINNESOTA,40.425188,-79.939754,0
fdd3e9ae-18e5-49eb-9aee-226fb3c794d9,13506,OLD WM PENN HWY + GOOD SHEPHERD,40.443849,-79.757671,0
fdda892c-af06-4eb2-8199-d62f9527e55a,7952,PENN AVE + SWISSVALE (DISCH ONLY),40.44129,-79.877391,0
fddecd35-40b8-4283-a6b3-b780e3c51176,9426,PROSPECT RD + COLTER,40.362877,-79.970655,0
fde8bd54-97e9-4658-b632-a97c2e7163b4,21338,FREEPORT RD + #1372,40.489658,-79.872719,0
fde9068e-d731-4f50-9efb-dc69abb33184,9681,BROWNSVILLE RD + MCANULTY,40.355211,-79.990528,0
fdf11a13-c08d-4166-b365-104e912b0480,8591,BIGELOW BLVD + HARDING WAY,40.456624,-79.963534,0
fe03a30c-5caa-4c10-b3b8-eb2ab9c4b2e4,1528,BRIGHTON RD + BENTON,40.48452,-80.035973,0
fe0b2ca5-9509-4b87-beb6-851fc2850e9d,10010223,Devassie Rd,40.442137154,-80.157184608,0
fe1ad508-9e53-4dea-9938-298d97daa970,19369,21ST ST. + SIDNEY,40.429336,-79.97612,0
fe1afc97-acbb-44c6-bb88-b04bf8831ba0,11117,WHITAKER ST + GRANT,40.399459,-79.886088,0
fe22a5f7-f8ca-48b2-bd2e-e6a1f631d80a,21553,AGNEW RD + LAFFERTY DR,40.398187,-79.969302,0
fe2f4ae7-4cb5-4a4a-bc4f-c69836f0aa92,20044,HOMEWOOD AVE + FRANKSTOWN FS,40.457685,-79.896149,0
fe3709b0-be99-44f0-85c6-0eb45e22ed18,12161,SECOND AVE + GLENWOOD,40.400994,-79.939296,0
fe37b259-73a9-4f6e-9dd2-0198ee9b49d0,22892,MCKEES ROCKS RD AT CONNIE PARK DR,40.468556,-80.098371,0
fe59f785-c762-4c96-84af-b1301f53a253,11783,GRANT AVE + 2ND,40.373085,-79.847145,0
fe5f15ac-5d50-43ff-9a00-c8950c6fbb32,14355,HAMILTON AVE + JULIUS,40.458267,-79.911563,0
fe6573d9-0889-4157-b50f-58d5ab732402,633,PERRYSVILLE AVE + FRANKLIN FS,40.490481,-80.01876,0
fe66460e-4af6-4ea3-8e24-2fcd2b80745b,3337,MT ROYAL BLVD + ROYALCOURT,40.542829,-79.97237,0
fe66c9bb-706b-448e-8a00-f046c5ff55fd,20456,BEDFORD AVE + DUFF ST,40.450214,-79.973764,0
fe71e6d5-c8ce-4319-b6a0-d831ce470faf,9261,BUTLER ST + 54TH ST,40.482944,-79.951151,0
fe77b942-23a3-4a15-a6a6-9902ae7f6d31,8340,WOOD ST + HOLMES,40.447309,-79.883679,0
fe78ddfb-384e-4758-8602-7184bab1305b,19993,WATERFRONT DR + LOWES DRVWY FS,40.414166,-79.902527,0
fe7f1846-422b-4c44-941a-f9c6c03b401f,2763,RIALTO ST + TOURS,40.466569,-79.982324,0
fe84e7d3-9b15-4c35-825e-defc47f9ab8a,7526,MAIN ST + MAPLE,40.398016662,-79.841021563,0
fe87f9a6-8ee9-4f31-951d-17ddf8d2e95c,18730,WEST BUSWAY + CRAFTON STATION STOP B,40.435725,-80.067743,0
fe8a7374-d7be-47c5-93e5-f2c97489e614,13478,9TH ST + ORMOND,40.60689638,-79.749161684,0
fe9a5efb-b369-4adb-8326-d3c083961958,832,PERRYSVILLE AVE + WILSON AVE,40.463741,-80.012195,0
fea912e3-d63f-4419-aae8-c99ab8ae0da0,7965,PENN AVE + MIDLAND,40.439489,-79.874949,0
feab7e1e-96cd-4930-83ae-e7b1611546d9,8017,BEACON ST + WENDOVER,40.434009,-79.928991,0
feada18b-8697-428c-a5ac-ac3be97c1c36,9099,ROBINSON BLVD + SUNRISE,40.451116,-79.868185,0
feade75c-6cb0-4d27-b38f-2ff19b821d6a,11425,CHURCHVIEW AVE + WILLETT,40.385744,-79.971319,0
feb30ed8-113d-4255-bd0e-2d0d6596230e,11625,INTERBORO AVE + LINDBERG,40.375316,-79.910482,0
feb70f90-9765-4f56-85ee-b4deb8d9e572,18174,LYSLE BLVD + COURSIN FS,40.352217,-79.856047,0
feca69aa-09f3-4446-a11d-59d3374b33ea,7164,WOODSTOCK AVE + BELMAR PLACE,40.415284,-79.875757,0
fed94563-1945-4dc2-bb24-5ce54bdab4c9,11688,MELLON ST + MAINE,40.364842,-79.859229,0
fee5c388-171d-430f-b234-90e221dd77ab,11714,GREENSPRINGS AVE + SPRING,40.391476,-79.883479,0
feea4c3f-b9f2-4bfb-a65b-2596a39d76c5,11967,ELIZA ST + GLENCAIRN FS,40.38871,-79.87542,0
fefdf0ad-4991-46d6-9045-dc4a4b620a44,6775,GREENLEAF ST + FINGAL,40.439023,-80.027202,0
ff06f9de-f990-44e8-ad7b-3040092b5f15,19275,CEDAR BLVD + DUQUESNE DR,40.37905,-80.053877,0
ff091fe8-6662-4a91-9c82-167d7ada4c45,2825,CHESTNUT ST + TRIPOLI,40.456806,-79.995168,0
ff0c697d-1100-408e-a066-858ccb75ea4c,7541,LIBRARY ST + BRADDOCK,40.401399,-79.8655,0
ff1118ba-a05a-49c1-997f-5c1e788e1984,7376,EDGEWOOD TOWNE CENTRE + DOLLAR TREE,40.427403,-79.886398,0
ff1c12f6-acf9-4b9a-9f8b-f3ccb69a688f,179,9TH ST + PENN AVE,40.44389,-79.99848,0
ff2ef9c4-72ce-412f-ba23-7aacc20e7808,6251,BOWER HILL RD + #802,40.359865,-80.101768,0
ff2f5c60-5500-4dd1-9b0b-df4f87574d20,20170,WALNUT ST + 31ST FS,40.330734,-79.843348,0
ff312839-860e-4a6f-b5ea-71fcf01866f7,3698,CLEVER RD + FIELDCLUB,40.46888,-80.126389,0
ff44d5de-d471-44c4-99fd-e7c5b0a36904,20828,CRENNEL AVE + LINWOOD,40.435723,-80.068362,0
ff4bd344-b89c-4a0e-9e47-e6b891a2ce82,18716,PRESIDENTIAL DR + JACKSON,40.583268,-79.998138,0
ff5942ea-3f55-4f42-819e-42bac024eb16,4208,BERRY ST + W PROSPECT,40.447201,-80.069052,0
ff5cd27c-cd12-4fe8-ad7a-3abeb326d754,18664,KANE BLVD + PROVIDENCE POINT BLVD,40.37523,-80.0876,0
ff74ea21-178e-4e64-befa-e5c17e965950,22812,CENTRE AVE AT CRAWFORD ST FS,40.441113,-79.985701,0
ff79f980-d683-426b-830b-2b0dc0d04e57,8212,NEGLEY AVE + RIPPEY ST,40.466532,-79.928798,0
ff863216-ec64-447a-8ff7-c546ad9454a1,6583,CEDAR BLVD + MAYFAIR,40.370795,-80.059912,0
ff864b0f-6941-4ed2-9e24-d0d7a100ddb6,21423,BABCOCK BLVD + PERRYMONT RD,40.558245,-80.022979,0
ff92a7fe-feec-49fb-a5d9-8f75ac018640,12809,FREEPORT RD + #153,40.56787,-79.776113,0
ff957030-9274-4bf1-a3fa-1fef0370aeaa,11775,KENNEDY AVE + PETER,40.367463,-79.855902,0
ff9ceae4-eda8-4af7-abbe-9b9ac3b752b0,1457,BEAVER ST + STRAIGHT,40.538414,-80.178535,0
ff9cef2f-c6dd-433d-b0c2-b5688079a297,8144,MONROEVILLE BLVD + JAMISON,40.427223,-79.788138,0
ff9d445c-009c-4234-a52b-69ecb4abdd65,200199,Perry Hwy + N Meadows Dr SB,40.611994217,-80.054423372,0
ffa0c01f-760d-4913-a629-17452569a36a,11648,WEST ST + 15TH,40.401932,-79.906677,0
ffba4288-dd09-4b59-95c6-e0bd6ebd0ff1,20096,EAST LIBERTY BLVD + LARIMER,40.463354748,-79.917128432,0
ffc38bc7-c21a-4f1b-8863-52ec5657489d,5034,STEUBEN ST + UNION,40.438953,-80.062519,0
ffdd2986-3ba1-40c0-8e2c-05495df09ed2,8844,ABER RD + #8141,40.471161,-79.861244,0
ffe5838a-77b8-43d9-8bad-9ba7b8085ed9,852,CENTER AVE + PERRYSVILLE RD,40.50995,-80.028263,0
ffe7e8aa-0483-41e8-8c31-9fcdb788d3ec,2520,CAMFIELD ST + GOSSER,40.405856,-79.998192,0
fffaef45-4db9-4139-ac2b-659556830913,8422,LEMINGTON AVE + PAULSON,40.47015,-79.897221,0
