stop_id,stop_name,muni,hood,lat,lon,status,metres_to_nearest_proposed_stop,weekday_boardings,saturday_boardings,sunday_boardings,current_routes,boardings_source
19514,STANWIX ST AT PENN AVE FS,"Pittsburgh city (Allegheny, PA)",Central Business District,40.442748,-80.004257,kept,0,1300.67,696.0,505.4,13;16;17;19L;20;21;22;24;26;27;29;31;36;38;8;G3;G31,id
7280,SMITHFIELD ST AT SIXTH AVE,"Pittsburgh city (Allegheny, PA)",Central Business District,40.441684,-79.997611,kept,0,1158.76,714.8,447.2,39;40;41;44;P12;P16;P67;P68;P71,id
20182,7TH ST AT PENN AVE,"Pittsburgh city (Allegheny, PA)",Central Business District,40.443323,-80.000347,kept,0,992.67,614.4,446.4,1;11;12;13;15;16;17;2;6;8;86;87;88;91,id
99998,ALLEGHENY STATION,"Pittsburgh city (Allegheny, PA)",Chateau,40.44789,-80.017787,kept,0,797.86,1230.2,549.8,BLUE;RED;SLVR,id
45,LIBERTY AVE AT MARKET ST,"Pittsburgh city (Allegheny, PA)",Central Business District,40.308545,-80.033333,kept,0,787.57,350.8,247.0,SLVR,id
15880,EAST BUSWAY AT WILKINSBURG STATION C,"Wilkinsburg borough (Allegheny, PA)",,40.446887,-79.888646,kept,0,772.67,442.6,300.4,P1;P3,id
10,STEEL PLAZA STATION,"Pittsburgh city (Allegheny, PA)",Central Business District,40.439562,-79.995332,kept,0,731.33,213.2,184.0,BLUE;RED;SLVR,former_id
38,FIFTH AVE AT CHESTERFIELD RD,"Pittsburgh city (Allegheny, PA)",West Oakland,40.439483,-79.961698,kept_nearby,106,712.9,325.8,227.4,28X;54;58;61A;61B;61C;61D;67;69;71A;71B;71C;71D;75;81;83;93;P3,id
22728,SMITHFIELD ST AT FIFTH AVE,"Pittsburgh city (Allegheny, PA)",Central Business District,40.50914,-80.085108,kept,0,626.71,325.8,222.6,19L,id
8161,EAST BUSWAY AT EAST LIBERTY STATION C,"Pittsburgh city (Allegheny, PA)",Shadyside,40.459448,-79.923137,kept,0,598.24,292.2,212.8,P1;P17;P3;P68;P71,id
11186,LIBERTY AVE AT FIFTH AVE,"Pittsburgh city (Allegheny, PA)",Central Business District,40.441797,-80.002514,kept,0,575.48,246.2,172.6,28X;29;31;65;67;69;77;G3;G31;P10;P17;P69;P7;P76;P78,id
15284,LIBERTY AVE AT SMITHFIELD ST,"Pittsburgh city (Allegheny, PA)",Central Business District,40.443186,-79.996792,kept,0,547.1,261.0,147.6,29;31;39;40;41;44;G3;G31,former_id
7279,LIBERTY AVE AT 10TH ST NS,"Pittsburgh city (Allegheny, PA)",Central Business District,40.44381,-79.994892,kept,0,524.19,231.0,202.2,1;11;12;15;2;39;40;41;44;6;P10;P12;P16;P17;P67;P68;P69;P7;P71;P76;P78,id
21711,WOOD ST BTW FORBES AVE & FIFTH AVE,"Pittsburgh city (Allegheny, PA)",Central Business District,40.440292,-80.00064,kept,0,509.48,297.8,229.2,39;40;41;43;44;48;51;81;82;83;Y46;Y47;Y49,former_id
4832,WOOD ST AT SIXTH AVE,"Pittsburgh city (Allegheny, PA)",Central Business District,40.441801,-79.999643,kept,0,490.86,260.8,158.6,39;40;41;43;44;48;51;81;82;83;Y46;Y47;Y49,id
1510,GRANT ST AT US STEEL STOP A,"Pittsburgh city (Allegheny, PA)",Central Business District,40.441202,-79.99536,kept,0,488.14,179.8,99.0,P1,id
1410,LIBERTY AVE AT 6TH ST,"Pittsburgh city (Allegheny, PA)",Central Business District,40.442127,-80.001396,kept,0,475.24,297.4,161.8,13;16;17;19L;8,id
23103,WOOD STREET STATION,"Pittsburgh city (Allegheny, PA)",Central Business District,40.442145,-79.99973,kept,0,471.86,301.8,243.4,61A;61B;61C;71B;G2;P1,former_id
4838,SMITHFIELD ST AT FORBES AVE,"Pittsburgh city (Allegheny, PA)",Central Business District,40.439558,-79.999055,kept,0,468.24,281.2,159.6,39;40;41;43;44;48;51;Y46;Y47;Y49,id
110,NORTH SIDE STATION,"Pittsburgh city (Allegheny, PA)",North Shore,40.447859,-80.009498,kept,0,448.0,536.2,424.8,BLUE;RED;SLVR,former_id
15285,LIBERTY AVE AT WILLIAM PENN PL,"Pittsburgh city (Allegheny, PA)",Central Business District,40.443544,-79.99539,kept,0,431.38,167.0,120.4,1;11;12;15;2;6;86;87;88;91;P10;P17;P69;P7;P76;P78,id
29,FORBES AVE AT ATWOOD ST,"Pittsburgh city (Allegheny, PA)",Central Oakland,40.440987,-79.957685,kept_nearby,120,427.38,306.0,191.0,28X;58;61A;61B;61C;61D;67;69,id
22298,SEVENTH AVE AT WILLIAM PENN PL,"Pittsburgh city (Allegheny, PA)",Central Business District,40.442563,-79.996139,kept,0,408.76,131.4,91.8,19L;28X;65;67;69;77;81;82;83;O1;O12;O5,former_id
7117,FORBES AVE OPP MOREWOOD AVE (CARNEGIE MELLON),"Pittsburgh city (Allegheny, PA)",Squirrel Hill North,40.444458,-79.942291,kept,0,407.14,236.2,159.8,61A;61B;61C;61D;67;69,id
7096,FORBES AVE AT MURRAY AVE FS,"Pittsburgh city (Allegheny, PA)",Squirrel Hill North,40.438095,-79.923523,kept,0,399.9,347.8,277.6,61A;61B;61C;61D,id
111,GATEWAY STATION,"Pittsburgh city (Allegheny, PA)",Central Business District,40.44142,-80.003978,kept,0,389.95,419.6,390.6,BLUE;RED;SLVR,former_id
213,7TH ST AT FT DUQUESNE BLVD,"Pittsburgh city (Allegheny, PA)",Central Business District,40.444445,-80.000735,kept,0,375.52,201.8,152.8,1;11;12;15;2;4;6;7;P13,id
16281,WALMART DRVWY AT SHELTER (WEST MIFFLIN),"West Mifflin borough (Allegheny, PA)",,40.341259,-79.944847,kept,0,374.38,346.0,244.0,51;53;53L;55;59;Y47;Y49,id
22287,LIBERTY AVE AT TITO WAY,"Pittsburgh city (Allegheny, PA)",Central Business District,40.442792,-79.99861,kept,0,360.1,161.6,111.8,1;11;12;15;19L;2;28X;4;6;7;77;P10;P13;P17;P69;P7;P76;P78,former_id
36,FIFTH AVE AT ATWOOD STATION,"Pittsburgh city (Allegheny, PA)",West Oakland,40.441902,-79.958443,kept,0,348.29,121.4,94.8,28X;54;61A;61B;61C;61D;67;69;71A;71B;71C;71D;75;93;P3,id
9,STEEL PLAZA STATION,"Pittsburgh city (Allegheny, PA)",Central Business District,40.439841,-79.995207,kept,0,344.76,301.4,151.4,BLUE;RED;SLVR,former_id
15283,LIBERTY AVE OPP 9TH ST,"Pittsburgh city (Allegheny, PA)",Central Business District,40.442835,-79.998105,kept,0,342.05,155.6,122.2,1;11;12;15;2;6;81;82;83;86;87;88;91;O1;O12;O5,id
15879,EAST BUSWAY AT ROSLYN STATION C,"Swissvale borough (Allegheny, PA)",,40.41944,-79.886376,kept,0,336.62,231.6,180.8,P1;P3,id
8154,EAST BUSWAY AT HOMEWOOD STATION C,"Pittsburgh city (Allegheny, PA)",Homewood South,40.453102,-79.899342,kept,0,328.1,210.6,161.8,P1;P3;P68;P71,id
8882,PENN AVE AT HIGHLAND AVE,"Pittsburgh city (Allegheny, PA)",East Liberty,40.461403,-79.92463,kept,0,324.43,224.4,147.2,71C;74;77;82;86;88;89,id
33,FIFTH AVE AT TENNYSON AVE,"Pittsburgh city (Allegheny, PA)",North Oakland,40.44574,-79.953102,kept,0,323.67,152.8,114.6,28X;54;58;61A;61B;61C;61D;67;69;71A;71B;71C;71D;75;81;83;93;P3,id
2568,FORBES AVE OPP BELLEFIELD AVE NS,"Pittsburgh city (Allegheny, PA)",North Oakland,40.443642,-79.951492,kept,0,312.05,153.8,112.8,28X;61A;61B;61C;61D;67;69,id
3203,WATERWORKS MALL AT GIANT EAGLE,"Pittsburgh city (Allegheny, PA)",Lincoln-Lemington-Belmar,40.487668,-79.893924,kept,0,305.24,240.2,201.0,1;75;91,id
35,FIFTH AVE AT THACKERAY AVE,"Pittsburgh city (Allegheny, PA)",North Oakland,40.443282,-79.956511,kept_nearby,129,298.52,107.0,63.2,28X;54;58;61A;61B;61C;61D;67;69;71A;71B;71C;71D;75;81;83;93;P3,id
8205,CENTRE AVE AT NEGLEY AVE (MARKET DISTRICT),"Pittsburgh city (Allegheny, PA)",Shadyside,40.457029,-79.934679,kept,0,297.38,283.4,191.8,64;71A;71C;82;86,id
8162,EAST BUSWAY AT NEGLEY STATION C,"Pittsburgh city (Allegheny, PA)",Shadyside,40.456536,-79.932912,kept,0,296.05,157.4,122.8,P1;P17;P3;P68;P71,id
21816,WOOD STREET SUBWAY STATION,"Pittsburgh city (Allegheny, PA)",Central Business District,40.4425,-79.999419,kept,0,292.33,355.6,167.0,19L;28X;29;31;65;67;69;77;G3;G31;P10;P17;P69;P7;P76;P78,former_id
99997,FIRST AVENUE STATION,"Pittsburgh city (Allegheny, PA)",Central Business District,40.435574,-79.996468,kept,0,290.9,499.2,247.2,BLUE;RED;SLVR,id
69,SOUTH HILLS VILLAGE STATION,"Bethel Park municipality (Allegheny, PA)",,40.339376,-80.052715,kept,0,284.29,319.4,197.6,BLUE;RED,former_id
8165,EAST BUSWAY AT EAST LIBERTY STATION A,"Pittsburgh city (Allegheny, PA)",Shadyside,40.459475,-79.922535,kept,0,276.76,192.0,164.8,P1;P3,id
10921,MURRAY AVE AT PHILLIPS AVE,"Pittsburgh city (Allegheny, PA)",Squirrel Hill South,40.432237,-79.923099,kept,0,271.52,139.2,103.0,61C;61D;64;93,id
99996,FIRST AVENUE STATION,"Pittsburgh city (Allegheny, PA)",Central Business District,40.435282,-79.996698,kept,0,271.52,261.2,168.0,BLUE;RED;SLVR,id
15423,GIANT EAGLE DR AT DRUG STORE,"Homestead borough (Allegheny, PA)",,40.411455,-79.908297,kept_nearby,106,270.14,285.4,198.4,53;53L;57;59;61D;64,id
1408,LIBERTY AVE OPP SMITHFIELD ST,"Pittsburgh city (Allegheny, PA)",Central Business District,40.443417,-79.996451,kept,0,255.86,160.4,103.6,29;31;G3;G31,id
15281,WEST BUSWAY AT SHERADEN STATION C,"Pittsburgh city (Allegheny, PA)",Sheraden,40.452566,-80.052935,kept,0,244.95,154.0,94.4,28X;G2;G3;G31,id
7115,FORBES AVE OPP CRAIG ST,"Pittsburgh city (Allegheny, PA)",North Oakland,40.444327,-79.948893,kept,0,241.14,220.4,166.6,28X;61A;61B;61C;61D;67;69,id
1407,EAST BUSWAY AT PENN STATION C,"Pittsburgh city (Allegheny, PA)",Central Business District,40.444022,-79.992052,kept,0,241.1,144.2,127.6,1;11;12;15;19L;2;29;31;39;40;41;44;6;91;G3;G31;P1;P10;P12;P16;P17;P67;P68;P69;P7;P71;P76;P78,id
4407,FORBES AVE PAST MOREWOOD AVE (,"Pittsburgh city (Allegheny, PA)",Squirrel Hill North,40.444698,-79.943756,kept,0,239.24,147.6,101.4,28X;58;61A;61B;61C;61D;67;69,id
8881,PENN AVE AT SHERIDAN AVE,"Pittsburgh city (Allegheny, PA)",East Liberty,40.461031,-79.923589,kept,0,239.19,183.4,128.0,71C;74;77;82;86;88;89,id
4839,SMITHFIELD ST AT THIRD AVE,"Pittsburgh city (Allegheny, PA)",Central Business District,40.438302,-79.999898,kept,0,237.33,133.0,79.6,39;40;41;43;44;48;51;51L;Y1;Y45;Y46;Y47;Y49,id
8191,NEGLEY AVE AT CENTRE AVE,"Pittsburgh city (Allegheny, PA)",Friendship,40.457468,-79.934247,kept,0,235.19,168.2,121.8,71A;71C,id
2551,S 18TH ST AT E CARSON ST,"Pittsburgh city (Allegheny, PA)",South Side Flats,40.428466,-79.980531,kept,0,232.71,137.0,84.4,51;54,id
34,FIFTH AVE AT UNIVERSITY PL,"Pittsburgh city (Allegheny, PA)",North Oakland,40.443874,-79.955668,kept,0,232.71,100.4,54.4,28X;54;58;61A;61B;61C;61D;67;69;71A;71B;71C;71D;75;93;P3,id
4840,SMITHFIELD ST AT FT PITT BLVD,"Pittsburgh city (Allegheny, PA)",Central Business District,40.436891,-80.000842,kept,0,228.9,138.6,111.0,39;40;41;43;44;48;51;51L;Y1;Y45;Y46;Y47;Y49,id
8193,CENTRE AVE AT AIKEN AVE,"Pittsburgh city (Allegheny, PA)",Bloomfield,40.456089,-79.938178,kept,0,226.0,152.8,83.0,64;71A;71C;82;86,id
12177,FOURTH AVE AT WOOD ST,"Pittsburgh city (Allegheny, PA)",Central Business District,40.439482,-80.001669,kept_nearby,48,224.9,131.2,104.8,52L;53L;56;57;58,id
15878,EAST BUSWAY AT HAMNETT STATION C,"Wilkinsburg borough (Allegheny, PA)",,40.437189,-79.885613,kept,0,223.43,112.0,76.0,P1;P3,id
16063,EAST BUSWAY AT SWISSVALE STATION A,"Swissvale borough (Allegheny, PA)",,40.415288,-79.87905,kept,0,217.9,84.8,52.6,71;P1;P3;P71,id
16111,EAST BUSWAY AT WILKINSBURG STATION B,"Wilkinsburg borough (Allegheny, PA)",,40.446781,-79.888757,kept,0,216.57,159.2,124.2,69;71;71C;71D;79;86;P12;P16;P17;P67;P68;P69;P7;P71;P76;P78,id
4829,WOOD ST AT THIRD AVE FS,"Pittsburgh city (Allegheny, PA)",Central Business District,40.439076,-80.001471,kept,0,197.86,72.6,61.2,39;40;41;43;44;48;51;51L;Y1;Y45;Y46;Y47;Y49,id
7357,BRADDOCK HILLS SHPG CTR AT GIANT EAGLE,"Braddock Hills borough (Allegheny, PA)",,40.414495,-79.855219,kept,0,197.24,148.8,118.4,59;61A;61B;P68,id
944,CEDAR AVE AT PRESSLEY ST,"Pittsburgh city (Allegheny, PA)",East Allegheny,40.45153,-80.001041,kept,0,190.62,112.4,97.6,11;15;17;8,id
2639,FIFTH AVE OPP CRAFT AVE (CARLOW UNIV),"Pittsburgh city (Allegheny, PA)",West Oakland,40.437962,-79.963795,kept,0,183.71,126.6,92.8,28X;54;61A;61B;61C;61D;67;69;71A;71B;71C;71D;75;81;83,id
99972,DORCHESTER,"Bethel Park municipality (Allegheny, PA)",,40.341118,-80.047931,kept,0,182.76,122.4,140.0,BLUE;RED,id
7097,FORBES AVE AT WIGHTMAN ST,"Pittsburgh city (Allegheny, PA)",Squirrel Hill North,40.438102,-79.92752,kept,0,179.33,84.8,80.6,61A;61B;61C;61D,id
179,9TH ST AT PENN AVE,"Pittsburgh city (Allegheny, PA)",Central Business District,40.443888,-79.998481,kept_nearby,115,177.86,73.8,47.0,4;7;P13,id
7126,FORBES AVE AT MURRAY AVE,"Pittsburgh city (Allegheny, PA)",Squirrel Hill South,40.43801,-79.923198,kept,0,177.1,154.6,116.4,61A;61B;61C;61D,id
61,POTOMAC STATION,"Dormont borough (Allegheny, PA)",,40.397354,-80.036243,kept,0,176.76,170.2,144.6,RED,former_id
23092,LIBERTY AVE AT SIXTH AVE,"Pittsburgh city (Allegheny, PA)",Central Business District,40.442398,-80.000245,kept,0,175.38,86.6,62.4,29;31;65;67;69;G3;G31,former_id
10147,FOURTH AVE AT PPG ENTRANCE,"Pittsburgh city (Allegheny, PA)",Central Business District,40.440204,-80.003579,kept_nearby,74,169.52,53.8,36.8,52L;53L;56;57;58,id
20501,EAST BUSWAY AT NEGLEY STATION A,"Pittsburgh city (Allegheny, PA)",Shadyside,40.456722,-79.93237,kept,0,166.81,99.8,75.2,P1;P10;P12;P16;P17;P3;P67;P68;P69;P7;P71;P76;P78,id
8627,CENTRE AVE AT DINWIDDIE ST,"Pittsburgh city (Allegheny, PA)",Crawford-Roberts,40.44324,-79.980741,kept,0,166.76,119.0,76.6,81;82;83,id
8233,PENN AVE AT VILLAGE OF EASTSIDE SHPG CTR,"Pittsburgh city (Allegheny, PA)",East Liberty,40.458198,-79.918378,kept,0,165.76,146.8,92.0,71C;74;75;77;82;86;88;89,id
3133,PENN AVE AT HIGHLAND AVE,"Pittsburgh city (Allegheny, PA)",East Liberty,40.461453,-79.925052,kept,0,164.33,130.2,65.2,71C;74;77;82;86;88;89,id
11669,FOURTH AVE AT SMITHFIELD ST,"Pittsburgh city (Allegheny, PA)",Central Business District,40.438785,-79.99975,kept_nearby,55,164.29,85.4,73.4,52L;53L;56;57;58,id
3241,FORBES AVE AT BOYD ST (DUQUESNE UNIV),"Pittsburgh city (Allegheny, PA)",Bluff,40.437995,-79.993535,kept_nearby,90,160.38,27.8,27.8,61A;61B;61C;71B,id
10922,MURRAY AVE AT HOBART ST,"Pittsburgh city (Allegheny, PA)",Squirrel Hill South,40.433577,-79.922917,kept,0,157.95,93.8,63.6,61C;61D;64;93,id
619,WEST VIEW PLAZA FIRE LANE AT GIANT EAGLE,"West View borough (Allegheny, PA)",,40.516673,-80.03865,kept,0,157.48,145.0,89.0,13;8,id
3242,FORBES AVE AT MCANULTY DR,"Pittsburgh city (Allegheny, PA)",Bluff,40.43795,-79.991234,kept,0,157.05,35.4,44.8,61A;61B;61C;71B,id
53,MOUNT LEBANON STATION,"Mount Lebanon township (Allegheny, PA)",,40.382651,-80.04318,kept,0,153.62,129.0,97.2,RED,former_id
17740,TARGET DR AT TARGET PERIMETER RD,"Homestead borough (Allegheny, PA)",,40.411125,-79.909742,kept_nearby,40,152.57,161.0,134.0,53;53L;57;59;61D;64,id
17677,ROSS AVE AT WOOD ST FS (SAVE A LOT),"Wilkinsburg borough (Allegheny, PA)",,40.442493,-79.88411,kept,0,150.9,118.0,57.0,61A;67;69;79;P17;P67;P69;P78,id
1174,FIFTH AVE AT CRAIG ST NS,"Pittsburgh city (Allegheny, PA)",North Oakland,40.446805,-79.949606,kept,0,150.86,67.8,43.6,58;71B;71D;75;P3,id
2649,S 18TH ST AT SARAH ST,"Pittsburgh city (Allegheny, PA)",South Side Flats,40.427948,-79.980684,kept,0,150.33,118.6,109.0,51;54,id
8192,CENTRE AVE AT GRAHAM ST,"Pittsburgh city (Allegheny, PA)",Friendship,40.456622,-79.936379,kept,0,148.95,113.8,78.0,64;71A;71C;82;86,id
214,SANDUSKY ST AT ISABELLA ST,"Pittsburgh city (Allegheny, PA)",North Shore,40.447846,-80.001964,kept,0,147.95,108.4,85.6,1;11;12;13;15;16;17;2;4;6;7;8;P13,id
8889,CENTRE AVE AT NEGLEY AVE,"Pittsburgh city (Allegheny, PA)",East Liberty,40.457366,-79.933883,kept,0,146.43,128.2,84.8,82;86,id
4814,E CARSON ST AT S 24TH ST,"Pittsburgh city (Allegheny, PA)",South Side Flats,40.428244,-79.971017,kept,0,146.05,82.0,49.4,48;75,id
44,STANWIX ST AT FORBES AVE,"Pittsburgh city (Allegheny, PA)",Central Business District,40.441042,-80.003964,kept,0,145.95,31.4,34.6,20;21;22;24;26;27;36;38,id
175,CEDAR AVE OPP PRESSLEY ST,"Pittsburgh city (Allegheny, PA)",Allegheny Center,40.451587,-80.001206,kept,0,145.71,96.6,75.4,1;11;12;15;17;2;4;6;7;8,id
28,FORBES AVE AT MCKEE PL,"Pittsburgh city (Allegheny, PA)",Central Oakland,40.43967,-79.9595,kept,0,145.38,48.8,51.0,28X;58;61A;61B;61C;61D;67;69;81;83,id
18173,FORBES AVE AT MARGARET MORRISON ST NS,"Pittsburgh city (Allegheny, PA)",Squirrel Hill North,40.442789,-79.93778,kept,0,143.67,51.6,41.0,61A;61B;61C;61D,id
21173,BROWNSVILLE RD OPP KNOX AVE,"Mount Oliver borough (Allegheny, PA)",,40.41061,-79.990193,kept,0,142.48,72.6,55.8,51;51L;54,former_id
27,FORBES AVE AT HALKET ST (MAGEE HOSPITAL),"Pittsburgh city (Allegheny, PA)",South Oakland,40.438295,-79.961409,kept_nearby,28,142.38,113.4,51.8,28X;54;61A;61B;61C;61D;67;69;71A;71B;71C;71D;75;81;83;93;P3,id
8196,CENTRE AVE AT MOREWOOD AVE,"Pittsburgh city (Allegheny, PA)",Bloomfield,40.454235,-79.944368,kept,0,142.05,52.6,38.8,71A;71C;82,id
15851,WALMART AT SHELTER (N VERSAILLES),"North Versailles township (Allegheny, PA)",,40.387864,-79.823247,kept,0,141.1,122.2,102.2,55;59;P76,id
4126,LIBERTY AVE AT WYNDHAM GRAND HOTEL,"Pittsburgh city (Allegheny, PA)",Central Business District,40.44144,-80.005643,kept,0,140.24,104.2,81.8,28X;65;67;69;77;G2;P10;P17;P69;P7;P76;P78,id
7098,FORBES AVE AT MURDOCH ST,"Pittsburgh city (Allegheny, PA)",Squirrel Hill North,40.437906,-79.930587,kept,0,137.14,61.0,26.0,61A;61B;61C;61D,id
37,DORMONT JUNCTION,"Dormont borough (Allegheny, PA)",,40.39201,-80.040762,kept,0,137.0,108.6,95.6,RED,former_id
16109,EAST BUSWAY AT EAST LIBERTY STATION B,"Pittsburgh city (Allegheny, PA)",Shadyside,40.459348,-79.923089,kept,0,135.33,27.6,18.6,P10;P12;P16;P17;P67;P68;P69;P7;P71;P76;P78,id
15279,WEST BUSWAY AT CRAFTON STATION C,"Crafton borough (Allegheny, PA)",,40.435745,-80.067571,kept,0,135.24,59.4,34.8,28X;G2;G3;G31,id
9380,BROWNSVILLE RD AT SANKEY AVE,"Brentwood borough (Allegheny, PA)",,40.384114,-79.977546,kept,0,134.52,90.0,62.6,51;51L,id
2571,CRAIG ST AT PARK PLAZA,"Pittsburgh city (Allegheny, PA)",North Oakland,40.447868,-79.949477,kept,0,132.76,65.0,60.0,54;71A;71C;93,id
1177,FIFTH AVE AT MOREWOOD AVE,"Pittsburgh city (Allegheny, PA)",Squirrel Hill North,40.447365,-79.942604,kept,0,129.95,74.4,36.4,58;71B;71D,id
7127,FORBES AVE AT SHADY AVE,"Pittsburgh city (Allegheny, PA)",Squirrel Hill South,40.438,-79.919581,kept,0,129.81,126.8,82.0,61A;61B;64,id
10915,MURRAY AVE AT LILAC ST,"Pittsburgh city (Allegheny, PA)",Greenfield,40.423092,-79.928628,kept,0,129.24,69.4,51.4,61C;61D;64;93,id
10923,MURRAY AVE AT BEACON ST NS,"Pittsburgh city (Allegheny, PA)",Squirrel Hill South,40.43461,-79.92278,kept,0,127.29,99.6,59.4,61C;61D;64;93,id
2633,CRAIG ST AT CENTRE AVE FS,"Pittsburgh city (Allegheny, PA)",North Oakland,40.452043,-79.951689,kept,0,127.1,76.6,49.6,82,id
75,ST ANNE'S,"Castle Shannon borough (Allegheny, PA)",,40.360892,-80.029244,kept,0,126.76,53.4,45.4,BLUE;RED;SLVR,former_id
72,SOUTH HILLS JUNCTION STATION,"Pittsburgh city (Allegheny, PA)",Mount Washington,40.420363,-80.008222,kept,0,123.19,99.4,83.0,BLUE;RED;SLVR,former_id
4853,E CARSON ST AT S 18TH ST,"Pittsburgh city (Allegheny, PA)",South Side Flats,40.428719,-79.980704,kept,0,122.57,101.6,66.6,48;51,id
1587,NORTH AVE AT ARCH ST,"Pittsburgh city (Allegheny, PA)",Central Northside,40.455176,-80.008476,kept,0,121.71,81.6,71.8,13;15;16;17,id
9997,BROWNSVILLE RD AT WALNUT ST FS,"Mount Oliver borough (Allegheny, PA)",,40.416036,-79.987081,kept,0,121.43,88.2,67.8,51,id
4409,FORBES AVE AT CRAIG ST,"Pittsburgh city (Allegheny, PA)",North Oakland,40.444525,-79.948541,kept,0,120.95,69.8,54.8,28X;58;61A;61B;61C;61D;67;69,id
3154,FIFTH AVE AT PRIDE ST,"Pittsburgh city (Allegheny, PA)",Crawford-Roberts,40.438587,-79.984852,kept,0,118.57,53.4,37.2,61A;61B;61C;71B,id
17634,BROWNSVILLE RD OPP MATTHEWS AVE,"Mount Oliver borough (Allegheny, PA)",,40.413422,-79.988655,kept,0,118.0,83.6,68.0,51;54,id
12658,4TH AVE AT CENTRAL CITY PLAZA,"New Kensington city (Westmoreland, PA)",,40.564138,-79.766112,kept_nearby,17,116.86,74.8,68.4,1,id
9897,LYSLE BLVD AT EVANS ST,"McKeesport city (Allegheny, PA)",,40.352435,-79.85124,kept,0,115.9,60.8,56.4,55;56;59;60;61C;P7,id
1557,NORTH AVE AT FEDERAL ST,"Pittsburgh city (Allegheny, PA)",Allegheny Center,40.455316,-80.006962,kept,0,115.24,86.2,62.6,13;15;16;17;54,id
15277,WEST BUSWAY AT BELL STATION C,"Carnegie borough (Allegheny, PA)",,40.4156,-80.082726,kept,0,114.52,52.2,24.8,28X;G2;G3;G31,id
46,LIBERTY AVE AT WOOD ST,"Pittsburgh city (Allegheny, PA)",Central Business District,40.308018,-80.033251,kept,0,114.38,54.6,39.8,SLVR,id
20864,ROBINSON TOWNE CTR DR AT PARK MANOR BLVD,"Robinson township (Allegheny, PA)",,40.453435,-80.17201,kept,0,114.19,126.4,113.2,28X;29,former_id
3143,FIFTH AVE AT NEGLEY AVE,"Pittsburgh city (Allegheny, PA)",Shadyside,40.449917,-79.92956,kept,0,113.33,71.2,47.8,28X;71B;71D,id
10919,MURRAY AVE AT MORROWFIELD AVE FS,"Pittsburgh city (Allegheny, PA)",Squirrel Hill South,40.428223,-79.924777,kept,0,112.81,68.4,46.0,61C;61D;64;93,id
2555,E CARSON ST AT S 22ND ST,"Pittsburgh city (Allegheny, PA)",South Side Flats,40.428374,-79.974784,kept,0,108.48,83.2,63.2,48;54;81;83,id
18174,LYSLE BLVD AT COURSIN ST FS,"McKeesport city (Allegheny, PA)",,40.352217,-79.856047,kept,0,107.48,70.0,60.8,55;56;59;60;61C;P7,id
99968,FALLOWFIELD STATION,"Pittsburgh city (Allegheny, PA)",Beechview,40.411148,-80.023078,kept,0,107.1,86.2,77.4,RED,id
9125,NEGLEY AVE AT PENN AVE FS,"Pittsburgh city (Allegheny, PA)",Friendship,40.46318,-79.93096,kept,0,106.95,68.8,41.8,71A;71C;77;87,former_id
1150,PENN AVE AT MAIN ST,"Pittsburgh city (Allegheny, PA)",Bloomfield,40.465573,-79.955463,kept,0,106.43,49.0,36.0,54;64;88;93,id
15280,WEST BUSWAY AT INGRAM STATION C,"Ingram borough (Allegheny, PA)",,40.44386,-80.065889,kept,0,106.43,59.6,44.8,28X;G2;G3;G31,id
4841,E CARSON ST AT STATION SQUARE STATION,"Pittsburgh city (Allegheny, PA)",South Shore,40.431835,-80.003456,kept,0,106.33,97.0,50.8,43;48;51;51L,id
2634,CRAIG ST AT BAYARD ST,"Pittsburgh city (Allegheny, PA)",North Oakland,40.449869,-79.950854,kept,0,105.24,48.8,26.8,54;71A;71C;93,id
9984,BROWNSVILLE RD OPP PARKFIELD ST,"Pittsburgh city (Allegheny, PA)",Carrick,40.391234,-79.986547,kept,0,104.62,47.6,31.0,51;51L,id
3144,FIFTH AVE AT BELLEFONTE ST,"Pittsburgh city (Allegheny, PA)",Shadyside,40.449009,-79.932498,kept_nearby,147,102.67,78.2,45.0,28X;71B;71D,id
4771,WARRINGTON AVE AT ALLEN ST,"Pittsburgh city (Allegheny, PA)",Allentown,40.421767,-79.993842,kept,0,102.29,89.6,74.6,43;48,id
20719,E CARSON ST AT S 9TH ST,"Pittsburgh city (Allegheny, PA)",South Side Flats,40.428719,-79.989713,kept,0,101.86,44.4,19.2,48;51,id
627,NORTH AVE AT CEDAR AVE (AGH),"Pittsburgh city (Allegheny, PA)",Allegheny Center,40.456117,-80.00286,kept_nearby,49,100.05,33.8,36.4,11;15;17;54;8,id
8314,WALLACE AVE AT WOOD ST,"Wilkinsburg borough (Allegheny, PA)",,40.444522,-79.884504,kept,0,99.52,83.8,46.4,71D;86,id
2573,CRAIG ST AT CENTRE AVE,"Pittsburgh city (Allegheny, PA)",North Oakland,40.451709,-79.951836,kept,0,98.19,68.8,44.6,54;71A;71C;93,id
11216,E CARSON ST OPP STATION SQUARE STATION,"Pittsburgh city (Allegheny, PA)",South Shore,40.431895,-80.003312,kept,0,97.67,92.2,56.4,39;40;41;43;44;48;51;51L;Y1;Y45;Y46;Y47;Y49,id
1271,LINCOLN AVE AT SHERIDAN AVE,"Bellevue borough (Allegheny, PA)",,40.495209,-80.054928,kept,0,97.57,76.4,51.0,13;16;19L,id
3245,FORBES AVE AT PRIDE ST (MERCY HOSPITAL),"Pittsburgh city (Allegheny, PA)",Bluff,40.437633,-79.985293,kept,0,97.33,42.8,31.6,61A;61B;61C;71B,id
7095,FORBES AVE AT SHADY AVE,"Pittsburgh city (Allegheny, PA)",Squirrel Hill North,40.438062,-79.919223,kept,0,97.24,59.6,40.6,61A;61B,id
2554,E CARSON ST AT S 21ST ST,"Pittsburgh city (Allegheny, PA)",South Side Flats,40.428469,-79.976455,kept,0,95.57,48.4,42.0,48;54;81;83,id
99999,NORTH SIDE STATION,"Pittsburgh city (Allegheny, PA)",North Shore,40.4481,-80.010515,kept,0,95.0,225.8,154.8,BLUE;RED;SLVR,id
1796,EAST OHIO ST AT CEDAR AVE,"Pittsburgh city (Allegheny, PA)",Allegheny Center,40.453216,-80.001918,kept_nearby,29,94.19,72.2,60.2,1;2;4;6;7,id
7119,FORBES AVE OPP BEELER ST,"Pittsburgh city (Allegheny, PA)",Squirrel Hill North,40.443865,-79.938933,kept,0,94.19,37.4,29.8,61A;61B;61C;61D,id
21822,LIBERTY AVE OPP 21ST ST FS,"Pittsburgh city (Allegheny, PA)",Strip District,40.451336,-79.982078,kept,0,94.05,106.0,49.4,54;86;87;88;91,former_id
734,ROSS PARK AND RIDE AT SHELTER (MIDDLE UPPER LOT),"Ross township (Allegheny, PA)",,40.506752,-80.030472,kept,0,91.48,0.0,0.0,O1,id
4834,WHARTON ST AT S 20TH ST,"Pittsburgh city (Allegheny, PA)",South Side Flats,40.430421,-79.977196,kept,0,90.71,93.6,83.2,81;83,id
3822,PARK MANOR BLVD AT IKEA,"Robinson township (Allegheny, PA)",,40.453407,-80.167687,kept,0,90.0,48.8,52.4,24;28X;29,id
18471,BROWNSVILLE RD AT BAUSMAN ST FS,"Pittsburgh city (Allegheny, PA)",Knoxville,40.414124,-79.98829,kept,0,89.62,62.4,49.4,51;54,id
10909,8TH AVE AT AMITY ST,"Homestead borough (Allegheny, PA)",,40.407175,-79.910787,kept,0,88.86,52.6,37.8,52L;53L;59;61C,id
26,FORBES AVE AT CRAFT AVE FS,"Pittsburgh city (Allegheny, PA)",South Oakland,40.437225,-79.962845,kept,0,87.62,63.4,40.2,28X;54;61A;61B;61C;61D;67;69;71A;71B;71C;71D;75;81;83;93;P3,id
2646,E CARSON ST AT S 21ST ST,"Pittsburgh city (Allegheny, PA)",South Side Flats,40.428559,-79.976071,kept,0,87.0,64.2,34.0,48;54;81;83,id
2661,S 18TH ST AT ARLINGTON AVE,"Pittsburgh city (Allegheny, PA)",South Side Slopes,40.417935,-79.986416,kept,0,86.48,58.6,54.0,51;54,id
9263,BUTLER ST AT 52ND ST,"Pittsburgh city (Allegheny, PA)",Upper Lawrenceville,40.480536,-79.954463,kept,0,86.24,45.0,31.2,87;91;93,id
3623,BROADWAY AVE AT DALE ST,"Stowe township (Allegheny, PA)",,40.47182,-80.072652,kept,0,85.1,40.6,32.6,24,id
20692,PARK MANOR DR AT ROBINSON PLAZA,"Robinson township (Allegheny, PA)",,40.449169,-80.162989,kept,0,84.14,43.2,39.4,24;28X;29,id
22824,ROSS PARK MALL,"Ross township (Allegheny, PA)",,40.379133,-79.92407,kept,0,83.9,123.8,62.4,56,id
4572,BLVD OF ALLIES AT POST GAZETTE BLDG,"Pittsburgh city (Allegheny, PA)",Central Business District,40.439938,-80.006088,kept,0,83.86,27.6,29.0,20;21;22;24;26;27;36;38,id
18636,NORTH AVE AT SANDUSKY ST (AGH),"Pittsburgh city (Allegheny, PA)",Central Northside,40.456043,-80.003929,kept,0,83.81,35.4,31.0,11;15;17;54;8,id
10885,2ND ST AT GRANT AVE,"Duquesne city (Allegheny, PA)",,40.37303,-79.846878,kept,0,83.57,63.0,42.8,52L;61C;P7,id
17744,AMITY ST OPP TARGET DR,"Homestead borough (Allegheny, PA)",,40.41001,-79.912595,kept,0,83.29,86.8,70.4,53L;57;61D;64,id
2632,CENTRE AVE AT MELWOOD AVE,"Pittsburgh city (Allegheny, PA)",North Oakland,40.452328,-79.950707,kept,0,83.14,48.2,29.6,54;71A;71C;82,id
215,SANDUSKY ST AT STOCKTON AVE,"Pittsburgh city (Allegheny, PA)",Allegheny Center,40.450321,-80.002776,kept,0,82.62,62.2,46.2,1;11;12;13;15;16;17;2;4;6;7;8,id
21892,CENTRE AVE AT HILL HOUSE,"Pittsburgh city (Allegheny, PA)",Crawford-Roberts,40.443102,-79.981222,kept,0,82.1,47.6,34.4,81;82;83,former_id
15276,WEST BUSWAY AT CARNEGIE STATION,"Carnegie borough (Allegheny, PA)",,40.406216,-80.090038,kept,0,82.0,43.0,34.8,G2,id
16177,WOODSTOCK AVE AT SWISSVALE STATION STEPS,"Swissvale borough (Allegheny, PA)",,40.415777,-79.87873,kept,0,81.76,57.8,42.6,59;61A;P7,id
8277,PENN AVE OPP VILLAGE OF EASTSIDE SHPG CTR,"Pittsburgh city (Allegheny, PA)",Shadyside,40.458359,-79.918793,kept,0,80.24,52.6,34.4,71C;74;75;77;82;86;88;89,id
2539,S 18TH ST OPP MT OLIVER ST FS,"Pittsburgh city (Allegheny, PA)",South Side Slopes,40.418717,-79.986239,kept,0,80.1,63.6,53.4,51;54,id
20933,LYSLE BLVD AT MCKEESPORT TRANSPORTATION CENT,"McKeesport city (Allegheny, PA)",,40.352054,-79.860972,kept,0,79.9,61.4,52.2,55;56;59,former_id
2635,CRAIG ST AT FIFTH AVE,"Pittsburgh city (Allegheny, PA)",North Oakland,40.447258,-79.949188,kept,0,79.62,46.6,25.6,54;71A;71C;93,id
9982,BROWNSVILLE RD AT #2347,"Pittsburgh city (Allegheny, PA)",Carrick,40.388133,-79.984626,kept,0,79.57,24.2,15.4,51,id
8311,FIFTH AVE AT SHADY AVE,"Pittsburgh city (Allegheny, PA)",Shadyside,40.452962,-79.920585,kept,0,79.33,39.4,29.8,28X;71D,id
8197,CENTRE AVE AT MILLVALE AVE,"Pittsburgh city (Allegheny, PA)",Bloomfield,40.453387,-79.94721,kept,0,78.33,42.8,32.0,71A;71C;82,id
8195,CENTRE AVE AT CYPRESS ST,"Pittsburgh city (Allegheny, PA)",Bloomfield,40.45512,-79.941395,kept,0,78.24,24.0,16.6,71A;71C;82,id
99976,CASTLE SHANNON STATION,"Castle Shannon borough (Allegheny, PA)",,40.368492,-80.030516,kept,0,76.48,45.2,35.8,RED,id
1553,NORTH AVE AT BRIGHTON RD FS,"Pittsburgh city (Allegheny, PA)",Allegheny Center,40.454003,-80.01407,kept,0,76.29,45.8,35.8,13;15;16;17,id
66,LIBRARY STATION,"South Park township (Allegheny, PA)",,40.287071,-80.020933,kept,0,75.81,75.4,49.8,SLVR,former_id
19329,CEDAR AVE AT EAST OHIO ST NS,"Pittsburgh city (Allegheny, PA)",East Allegheny,40.452968,-80.001504,kept,0,75.05,41.6,33.8,11;15;17;8,id
19685,SOUTH BUSWAY AT SOUTH HILLS JCT,"Pittsburgh city (Allegheny, PA)",Mount Washington,40.42109,-80.007097,kept,0,75.0,48.6,33.0,39;40;41;44;Y1;Y45;Y46;Y47;Y49,id
9892,LYSLE BLVD OPP MCKEESPORT TRANSPORTATION CENT,"McKeesport city (Allegheny, PA)",,40.351905,-79.860893,kept,0,74.0,43.2,30.2,55;56;59;60;61C;P7,id
3680,BROADWAY AVE AT 9TH ST FS,"Stowe township (Allegheny, PA)",,40.473437,-80.076289,kept,0,73.9,42.0,33.4,24,id
9994,BROWNSVILLE RD AT WYNOKA ST,"Pittsburgh city (Allegheny, PA)",Carrick,40.405552,-79.991058,kept,0,73.81,57.4,46.4,51,id
21046,MONROEVILLE MALL AT WEST COURT ENTRANCE,"Monroeville municipality (Allegheny, PA)",,40.42873,-79.796955,loses_all_service,405,73.57,76.0,47.2,67;P68,former_id
3247,FORBES AVE AT MILTENBERGER ST,"Pittsburgh city (Allegheny, PA)",Bluff,40.437476,-79.981691,kept,0,73.57,29.8,23.8,61A;61B;61C;71B,id
4828,FT PITT BLVD AT SMITHFIELD ST FS,"Pittsburgh city (Allegheny, PA)",Central Business District,40.437066,-80.001663,kept,0,73.14,31.4,31.2,39;40;41;43;44;48;51;51L;Y1;Y45;Y46;Y47;Y49,id
19383,HIGHLAND AVE AT BAUM BLVD,"Pittsburgh city (Allegheny, PA)",East Liberty,40.46063,-79.924998,kept,0,72.52,52.8,29.4,71B;74;89,id
21284,LIBERTY AVE AT 17TH ST,"Pittsburgh city (Allegheny, PA)",Strip District,40.449248,-79.985329,kept,0,71.9,70.0,44.2,54;86;87;88;91,former_id
20416,ELLSWORTH AVE OPP EAST LIBERTY STATION,"Pittsburgh city (Allegheny, PA)",Shadyside,40.459179,-79.922894,kept,0,71.19,32.2,19.2,75,id
9993,BROWNSVILLE RD OPP NOBLES LN,"Pittsburgh city (Allegheny, PA)",Carrick,40.403758,-79.990016,kept,0,71.19,38.4,34.6,51;51L,id
17286,E CARSON ST AT S 11TH ST,"Pittsburgh city (Allegheny, PA)",South Side Flats,40.428772,-79.987377,kept,0,71.1,48.8,31.0,48;51,id
12178,FOURTH AVE AT GRANT ST FS,"Pittsburgh city (Allegheny, PA)",Central Business District,40.437769,-79.997031,kept,0,70.43,24.4,7.6,52L;53L;56;57;58,id
8204,CENTRE AVE AT GRAHAM ST,"Pittsburgh city (Allegheny, PA)",Shadyside,40.456475,-79.936554,kept,0,70.38,69.4,45.8,64;71A;71C;82;86,id
3145,FIFTH AVE AT AIKEN AVE,"Pittsburgh city (Allegheny, PA)",Shadyside,40.448493,-79.934101,kept,0,70.19,67.8,33.8,28X;71B;71D,id
8153,EAST BUSWAY AT HAY ST RAMP OUTBOUND SHELTER,"Wilkinsburg borough (Allegheny, PA)",,40.442845,-79.887025,kept,0,69.76,51.4,38.0,69;71;71C;79;P12;P16;P17;P67;P68;P69;P7;P71;P76;P78,id
9285,STANTON AVE AT NEGLEY AVE,"Pittsburgh city (Allegheny, PA)",East Liberty,40.471596,-79.92658,kept,0,69.14,26.4,12.4,75;87,id
9996,BROWNSVILLE RD OPP MCKINLEY ST,"Mount Oliver borough (Allegheny, PA)",,40.408548,-79.991143,kept,0,68.9,41.0,37.4,51;51L,id
10924,MURRAY AVE AT BARTLETT ST FS,"Pittsburgh city (Allegheny, PA)",Squirrel Hill South,40.436209,-79.922831,kept,0,68.86,56.4,51.2,61C;61D;64;74,id
14974,BUTLER ST AT 41ST ST,"Pittsburgh city (Allegheny, PA)",Central Lawrenceville,40.469586,-79.96125,kept,0,68.52,32.6,23.0,91;93,id
15833,ARLINGTON AVE AT JOHN ST FS,"Mount Oliver borough (Allegheny, PA)",,40.41795,-79.987142,kept,0,68.38,48.0,31.6,48;51L;54,id
8189,NEGLEY AVE AT FRIENDSHIP AVE,"Pittsburgh city (Allegheny, PA)",Friendship,40.460808,-79.932366,kept,0,68.33,20.4,13.8,71A;71C;77,id
8160,EAST BUSWAY AT HOMEWOOD STATION A,"Pittsburgh city (Allegheny, PA)",Homewood South,40.452819,-79.898925,kept,0,67.86,62.4,60.4,P1;P3,id
20674,EAST OHIO ST AT GRANT AVE,"Millvale borough (Allegheny, PA)",,40.478296,-79.96892,kept,0,67.76,61.8,34.8,1;2,id
12077,SECOND AVE AT GLEN CALADH ST,"Pittsburgh city (Allegheny, PA)",Hazelwood,40.408923,-79.943734,kept,0,67.29,49.4,34.8,56;57;93,id
809,PERRYSVILLE AVE AT PERRY ACADEMY,"Pittsburgh city (Allegheny, PA)",Perry North,40.489052,-80.018034,kept,0,67.29,18.2,25.6,15;8,id
4236,STEUBEN ST AT OBEY ST,"Pittsburgh city (Allegheny, PA)",Crafton Heights,40.44301,-80.052801,kept,0,67.14,28.6,20.0,27;29,id
4764,SHJ BUS TURNAROUND SHELTER,"Pittsburgh city (Allegheny, PA)",Mount Washington,40.421135,-80.006111,kept,0,66.95,76.8,47.6,43;48;54,id
17168,PARK MANOR BLVD AT ROBINSON CENTER DR,"Robinson township (Allegheny, PA)",,40.451745,-80.161385,kept,0,66.9,75.2,40.8,24;28X;29,id
1125,SEVENTH AVE AT SMITHFIELD ST,"Pittsburgh city (Allegheny, PA)",Central Business District,40.442791,-79.99662,kept,0,66.86,40.6,28.4,19L;28X;65;67;69;77,id
20671,BROWNSVILLE RD OPP DEWALT AVE FS,"Brentwood borough (Allegheny, PA)",,40.364902,-79.982994,kept,0,66.38,53.8,49.4,51;51L,id
5403,RACEWAY FIRELANE AT SHOP N SAVE,"Scott township (Allegheny, PA)",,40.387951,-80.09362,kept,0,66.29,46.6,36.0,31,id
20295,LIBERTY AVE AT GATEWAY #4,"Pittsburgh city (Allegheny, PA)",Central Business District,40.441341,-80.00499,kept,0,66.14,37.2,35.2,28X;29;31;65;67;69;77;G2;G3;G31;P10;P17;P69;P7;P76;P78,id
20401,CHARTIERS AVE AT MCKEES ROCKS PLAZA NS,"McKees Rocks borough (Allegheny, PA)",,40.464401,-80.057613,kept,0,65.95,47.0,30.6,20;21;24,id
10952,MURRAY AVE AT FORWARD AVE,"Pittsburgh city (Allegheny, PA)",Squirrel Hill South,40.430171,-79.923505,kept,0,65.52,27.6,16.8,61C;61D;64;93,id
2310,W CARSON ST AT GATEWAY VIEW PLAZA,"Pittsburgh city (Allegheny, PA)",South Shore,40.441703,-80.021367,kept,0,64.95,41.2,23.4,20;21;22;24;26;27;28X;29;31;38;G2;G3;G31,id
100,WILLOW STATION,"Castle Shannon borough (Allegheny, PA)",,40.365469,-80.026193,kept,0,64.57,31.6,26.4,BLUE;SLVR,former_id
22727,PENN AVE AT EUCLID AVE,"Pittsburgh city (Allegheny, PA)",East Liberty,40.510324,-80.08714,kept,0,64.52,44.6,36.8,19L,id
1269,LINCOLN AVE AT JACKSON AVE,"Bellevue borough (Allegheny, PA)",,40.49691,-80.05835,kept,0,63.33,40.0,16.2,16;19L,id
16695,LINCOLN AVE AT HARRISON AVE,"Bellevue borough (Allegheny, PA)",,40.493535,-80.051521,kept,0,63.33,47.0,33.6,13;16;19L,id
18289,REEDSDALE ST AT BOYCE ST,"Pittsburgh city (Allegheny, PA)",Chateau,40.447823,-80.01987,kept_nearby,74,63.1,21.2,20.0,14;18,id
318,McCANDLESS PARK AND RIDE,"McCandless township (Allegheny, PA)",,40.586572,-80.030184,kept,0,63.1,18.4,12.8,12;O12,id
9894,LYSLE BLVD AT SENIOR CARE PLAZA,"McKeesport city (Allegheny, PA)",,40.352058,-79.858639,kept,0,62.81,43.2,34.8,55;56;59;60;61C;P7,id
99984,ARLINGTON,"Castle Shannon borough (Allegheny, PA)",,40.370176,-80.03354,kept,0,62.24,41.2,38.6,RED,id
3551,HELEN ST AT ELLA ST,"McKees Rocks borough (Allegheny, PA)",,40.47397,-80.057317,kept,0,62.0,30.6,17.0,22,id
2247,CHARTIERS AVE OPP MCKEES ROCKS PLAZA,"McKees Rocks borough (Allegheny, PA)",,40.464104,-80.057642,kept,0,61.33,31.2,36.8,20;21;24,id
4847,E CARSON ST AT S 10TH ST,"Pittsburgh city (Allegheny, PA)",South Side Flats,40.428654,-79.988994,kept,0,61.33,31.2,20.4,48;51,id
3246,FORBES AVE AT VAN BRAAM ST,"Pittsburgh city (Allegheny, PA)",Bluff,40.437528,-79.982842,kept_nearby,141,61.29,17.2,19.8,61A;61B;61C;71B,id
9917,LYSLE BLVD OPP COURSIN ST,"McKeesport city (Allegheny, PA)",,40.352325,-79.856464,kept,0,61.29,46.8,33.8,55;56;59;60;61C;P7,id
9987,BROWNSVILLE RD AT E AGNEW AVE,"Pittsburgh city (Allegheny, PA)",Carrick,40.395102,-79.986681,kept,0,61.29,34.0,25.2,51;51L,id
16104,EAST BUSWAY AT WILKINSBURG STATION A,"Wilkinsburg borough (Allegheny, PA)",,40.44656,-79.888573,kept,0,61.19,51.0,40.6,P1;P3,id
12075,SECOND AVE AT ELIZABETH ST,"Pittsburgh city (Allegheny, PA)",Hazelwood,40.406964,-79.943174,kept,0,61.14,40.4,25.6,56;57;93,id
14967,BUTLER ST AT 51ST ST (STANTON AVE),"Pittsburgh city (Allegheny, PA)",Upper Lawrenceville,40.478523,-79.955589,kept,0,61.0,29.8,19.8,91;93,id
2631,CENTRE AVE OPP NEVILLE ST,"Pittsburgh city (Allegheny, PA)",Bloomfield,40.45269,-79.949541,kept,0,60.86,36.2,24.4,54;71A;71C;82,id
10920,MURRAY AVE AT FORWARD AVE FS,"Pittsburgh city (Allegheny, PA)",Squirrel Hill South,40.429877,-79.923403,kept,0,60.76,14.8,12.0,61C;61D;64;93,id
10910,8TH AVE AT WEST ST (HI-LEVEL BRIDGE),"Homestead borough (Allegheny, PA)",,40.406222,-79.912062,kept,0,60.71,48.0,43.8,52L;53L;57;61C,id
1534,BRIGHTON RD AT WOODS RUN AVE,"Pittsburgh city (Allegheny, PA)",Brighton Heights,40.476618,-80.031797,kept,0,60.52,48.0,33.6,16,id
8194,CENTRE AVE OPP SHADYSIDE HOSPITAL,"Pittsburgh city (Allegheny, PA)",Bloomfield,40.455398,-79.940461,kept,0,60.38,23.0,16.2,71A;71C;82,id
8543,EAST LIBERTY BLVD AT FRANKSTOWN AVE,"Pittsburgh city (Allegheny, PA)",Larimer,40.460617,-79.915665,kept,0,60.38,39.8,24.2,75;77;82;86;P17,id
8180,NEGLEY AVE AT STANTON AVE,"Pittsburgh city (Allegheny, PA)",Highland Park,40.471697,-79.926263,kept,0,60.24,38.4,27.0,71A,id
10127,E CARSON ST AT S 27TH ST,"Pittsburgh city (Allegheny, PA)",South Side Flats,40.427077,-79.966831,kept,0,60.05,52.2,42.6,75,id
16637,CRAFTON INGRAM SHOPPING CENTER AT BANK (CITIZENS),"Crafton borough (Allegheny, PA)",,40.440389,-80.06969,kept,0,60.05,50.8,29.6,26;27,id
18141,ELLSWORTH AVE AT EAST LIBERTY STATION,"Pittsburgh city (Allegheny, PA)",Shadyside,40.459262,-79.922968,kept,0,60.0,30.6,29.8,75,id
2174,LIBERTY AVE OPP 17TH ST,"Pittsburgh city (Allegheny, PA)",Strip District,40.449107,-79.985387,kept,0,59.0,73.4,31.4,54;86;87;88;91,id
1536,BRIGHTON RD AT SCHIMMER ST,"Pittsburgh city (Allegheny, PA)",Marshall-Shadeland,40.473804,-80.028981,kept,0,58.9,36.2,28.8,16,id
5923,BLVD OF ALLIES AT CHERRY WAY FS,"Pittsburgh city (Allegheny, PA)",Central Business District,40.437661,-79.999664,kept,0,58.57,25.4,18.6,52L;53L;56;57;58,id
99980,BETHEL VILLAGE,"Bethel Park municipality (Allegheny, PA)",,40.344605,-80.04607,kept,0,58.52,47.2,41.4,BLUE;RED,id
6095,SOUTH BUSWAY AT SOUTH HILLS JCT,"Pittsburgh city (Allegheny, PA)",Mount Washington,40.421255,-80.006804,kept,0,58.43,51.0,52.2,39;40;41;Y1;Y45;Y46;Y47;Y49,id
1176,FIFTH AVE OPP CLYDE ST,"Pittsburgh city (Allegheny, PA)",Squirrel Hill North,40.447201,-79.944955,loses_all_service,188,58.29,16.8,6.8,58;71B;71D,id
9990,BROWNSVILLE RD AT E MEYERS AVE,"Pittsburgh city (Allegheny, PA)",Carrick,40.399731,-79.989003,kept,0,58.1,35.8,19.4,51;51L,id
15634,UNIVERSITY BLVD PARK AND RIDE AT SHELTER,"Moon township (Allegheny, PA)",,40.503917,-80.225737,kept,0,57.43,10.8,11.0,21;G3,id
1528,BRIGHTON RD AT BENTON AVE,"Pittsburgh city (Allegheny, PA)",Brighton Heights,40.48452,-80.035973,kept,0,57.38,37.0,31.6,16;17,id
4812,S 26TH ST AT E CARSON ST,"Pittsburgh city (Allegheny, PA)",South Side Flats,40.427235,-79.96844,kept,0,57.38,43.8,35.6,48,id
9024,FORBES AVE AT OAKLAND AVE,"Pittsburgh city (Allegheny, PA)",Central Oakland,40.441461,-79.95704,kept_nearby,115,56.81,33.8,22.4,54;71A;71B;71C;71D;75;81;83;93;P3,id
3149,FIFTH AVE AT WYANDOTTE ST,"Pittsburgh city (Allegheny, PA)",Bluff,40.438275,-79.977362,kept,0,56.76,49.8,37.8,61A;61B;61C;71B,id
4109,CHARTIERS AVE AT LORENZ AVE,"Pittsburgh city (Allegheny, PA)",Elliott,40.444018,-80.040743,kept,0,56.57,25.2,20.4,26,id
62,POTOMAC STATION,"Dormont borough (Allegheny, PA)",,40.397127,-80.036748,kept,0,56.43,59.0,48.6,RED,former_id
9364,BROWNSVILLE RD AT MEADOWBROOK BLVD,"Brentwood borough (Allegheny, PA)",,40.366037,-79.981741,kept,0,56.24,45.6,42.4,51;51L,id
2309,W CARSON ST OPP DUQUESNE INCLINE,"Pittsburgh city (Allegheny, PA)",South Shore,40.439873,-80.017168,kept,0,56.0,37.4,22.2,20;21;22;24;26;27;28X;29;31;38;G2;G3;G31,id
99971,DORCHESTER,"Bethel Park municipality (Allegheny, PA)",,40.340801,-80.048133,kept,0,55.67,46.8,37.8,BLUE;RED,id
10914,MURRAY AVE AT LORETTA ST,"Pittsburgh city (Allegheny, PA)",Greenfield,40.421788,-79.928753,kept,0,55.62,31.0,24.8,61C;61D;64;93,id
8864,LINCOLN AVE AT LEMINGTON AVE,"Pittsburgh city (Allegheny, PA)",Lincoln-Lemington-Belmar,40.468845,-79.895993,kept,0,55.57,38.0,27.8,82;P17,id
4817,E CARSON ST AT S 14TH ST,"Pittsburgh city (Allegheny, PA)",South Side Flats,40.428849,-79.983942,kept,0,55.52,35.0,23.6,48;51,id
9356,WATERWORKS MALL OPP GIANT EAGLE,"Pittsburgh city (Allegheny, PA)",Lincoln-Lemington-Belmar,40.487635,-79.893883,kept,0,55.29,45.4,36.0,1;75;91,id
10951,MURRAY AVE AT PHILLIPS AVE,"Pittsburgh city (Allegheny, PA)",Squirrel Hill South,40.432522,-79.923188,kept,0,55.19,33.2,28.4,61C;61D;64;93,id
828,PERRYSVILLE AVE AT BURGESS ST,"Pittsburgh city (Allegheny, PA)",Perry South,40.467682,-80.009949,kept,0,54.9,35.4,19.0,8,id
1171,FIFTH AVE AT BELLEFIELD AVE,"Pittsburgh city (Allegheny, PA)",North Oakland,40.446708,-79.951709,kept,0,54.76,17.0,16.6,54;71A;71B;71C;71D;75;93;P3,id
4816,E CARSON ST AT S 17TH ST,"Pittsburgh city (Allegheny, PA)",South Side Flats,40.428889,-79.981913,kept,0,54.76,45.8,28.6,48;51,id
3126,HIGHLAND AVE AT STANTON AVE,"Pittsburgh city (Allegheny, PA)",Highland Park,40.469802,-79.921045,kept,0,54.48,21.2,12.8,71B,id
5125,EAST BUSWAY AT HERRON STATION A,"Pittsburgh city (Allegheny, PA)",Polish Hill,40.459241,-79.966667,kept,0,54.33,47.0,36.4,P1,id
19375,BROWNS HILL RD AT PARKVIEW BLVD FS,"Pittsburgh city (Allegheny, PA)",Squirrel Hill South,40.414065,-79.922971,kept,0,54.29,29.6,32.2,52L;53L;57;61C;61D;64,id
15278,WEST BUSWAY AT IDLEWOOD STATION C,"Pittsburgh city (Allegheny, PA)",Oakwood,40.426224,-80.072562,kept,0,54.19,6.4,6.8,28X;G2;G3;G31,id
7220,MONONGAHELA AVE AT CHURCH ST,"Swissvale borough (Allegheny, PA)",,40.421751,-79.890252,kept,0,53.95,33.8,25.6,59;61B;71;P71,id
8670,CENTRE AVE AT ERIN ST,"Pittsburgh city (Allegheny, PA)",Middle Hill,40.44449,-79.978661,kept,0,53.9,43.2,28.8,81;82,id
7084,ROWLAND CONNECTOR PAST PENNWOO,"Wilkinsburg borough (Allegheny, PA)",,40.44061,-79.887459,kept,0,53.86,32.8,25.8,61A;71;71C;P71,id
1170,FIFTH AVE AT CRAIG ST,"Pittsburgh city (Allegheny, PA)",North Oakland,40.447054,-79.948816,kept,0,53.76,34.2,18.8,71B;71D;75;P3,id
2553,E CARSON ST AT S 20TH ST,"Pittsburgh city (Allegheny, PA)",South Side Flats,40.428549,-79.977847,kept,0,53.76,48.6,27.6,48;54,id
9704,HWY RT 51 AT GREENLEE RD,"Brentwood borough (Allegheny, PA)",,40.375346,-79.983158,kept,0,53.48,29.0,20.2,Y1;Y46;Y49,id
2574,CENTRE AVE AT MELWOOD AVE,"Pittsburgh city (Allegheny, PA)",North Oakland,40.452158,-79.950978,kept,0,53.38,48.2,38.6,54;71A;71C;82,id
5564,GRANT ST OPP OLIVER AVE,"Pittsburgh city (Allegheny, PA)",Central Business District,40.440094,-79.996232,kept,0,53.33,0.0,0.0,P12;P16;P67,id
20761,CENTRE AVE AT CRAIG ST NS,"Pittsburgh city (Allegheny, PA)",North Oakland,40.451553,-79.951881,kept,0,53.14,39.4,26.8,54;71A;71C;93,id
8308,FIFTH AVE OPP MCPHERSON ST FS,"Pittsburgh city (Allegheny, PA)",Larimer,40.455505,-79.910881,kept,0,53.1,26.8,32.2,28X;71D;74;88;89,former_id
83,WESTFIELD,"Pittsburgh city (Allegheny, PA)",Beechview,40.410318,-80.019964,kept,0,52.62,40.6,36.6,RED,former_id
1550,BRIGHTON RD AT JACKSONIA ST,"Pittsburgh city (Allegheny, PA)",California-Kirkbride,40.457027,-80.015721,kept,0,52.57,34.8,21.2,13;15;16,id
17482,BROADWAY AVE AT SHIRAS,"Pittsburgh city (Allegheny, PA)",Beechview,40.403788,-80.030326,kept,0,52.38,30.4,28.2,RED,id
8209,NEGLEY AVE AT PENN AVE,"Pittsburgh city (Allegheny, PA)",East Liberty,40.463207,-79.930756,kept,0,52.29,44.4,24.0,71A;71C;77;87,id
20119,MURRAY AVE AT FORBES AVE,"Pittsburgh city (Allegheny, PA)",Squirrel Hill South,40.437748,-79.9229,kept,0,52.19,64.8,34.4,64;74,id
873,FEDERAL ST AT NORTH AVE FS,"Pittsburgh city (Allegheny, PA)",Central Northside,40.455887,-80.0067,kept,0,51.95,24.6,16.0,11;8,id
20506,CENTRE AVE AT ADDISON ST,"Pittsburgh city (Allegheny, PA)",Middle Hill,40.444392,-79.978652,kept,0,51.67,38.0,15.8,81;82,id
20765,HIGHLAND AVE AT ELLSWORTH AVE STEPS,"Pittsburgh city (Allegheny, PA)",Shadyside,40.458806,-79.925153,kept,0,51.67,38.4,24.2,71B,id
10948,MURRAY AVE AT BARTLETT ST,"Pittsburgh city (Allegheny, PA)",Squirrel Hill South,40.436133,-79.922916,kept,0,51.24,21.4,20.8,61C;61D;64;74,id
9985,BROWNSVILLE RD AT E WOODFORD AVE,"Pittsburgh city (Allegheny, PA)",Carrick,40.393037,-79.986482,kept,0,50.81,29.4,22.8,51,id
2572,CRAIG ST AT BAYARD ST,"Pittsburgh city (Allegheny, PA)",North Oakland,40.449697,-79.950619,kept,0,50.52,46.0,21.8,54;71A;71C;93,id
20969,MURRAY AVE AT HAZELWOOD AVE FS,"Pittsburgh city (Allegheny, PA)",Greenfield,40.420304,-79.928399,kept,0,50.38,31.6,24.6,61C;61D;64;93,former_id
9978,BROWNSVILLE RD AT CHURCHVIEW AVE,"Pittsburgh city (Allegheny, PA)",Carrick,40.385795,-79.978767,kept,0,50.14,44.0,31.0,51,id
6096,SMITHFIELD ST BRIDGE AT STATION SQUARE,"Pittsburgh city (Allegheny, PA)",South Shore,40.43296,-80.003494,kept,0,49.86,37.0,20.2,39;40;41;44;Y1;Y45;Y46;Y47;Y49,id
1590,NORTH AVE AT BRIGHTON RD,"Pittsburgh city (Allegheny, PA)",Central Northside,40.454075,-80.014394,kept,0,49.81,35.8,28.6,13;15;16;17,id
9183,PENN AVE AT 44TH ST (CHILDRENS HOSPITAL),"Pittsburgh city (Allegheny, PA)",Central Lawrenceville,40.466021,-79.953405,kept,0,49.76,16.0,15.2,64;88,id
18156,MURRAY AVE AT BEACON ST,"Pittsburgh city (Allegheny, PA)",Squirrel Hill South,40.434911,-79.922897,kept,0,49.52,44.2,37.6,61C;61D;64;74,id
2663,BROWNSVILLE RD AT GOLDBACH WAY,"Mount Oliver borough (Allegheny, PA)",,40.415548,-79.987362,kept,0,49.48,36.8,24.8,51;54,id
10128,E CARSON ST AT S 26TH ST,"Pittsburgh city (Allegheny, PA)",South Side Flats,40.427492,-79.96821,kept,0,49.43,16.0,5.2,75,id
5422,NOBLESTOWN RD AT POPLAR ST,"Green Tree borough (Allegheny, PA)",,40.427818,-80.053781,kept,0,49.24,30.4,24.6,31,id
9379,BROWNSVILLE RD OPP STEWART AVE,"Brentwood borough (Allegheny, PA)",,40.382785,-79.976741,kept,0,49.24,30.4,19.4,51,id
7629,PENN AVE AT BRADDOCK AVE,"Pittsburgh city (Allegheny, PA)",Point Breeze North,40.447112,-79.894918,kept,0,49.19,25.8,13.6,67;69;71C,id
21330,SANDUSKY ST AT GENERAL ROBINSON ST,"Pittsburgh city (Allegheny, PA)",North Shore,40.44873,-80.002382,kept,0,49.14,38.6,26.8,1;11;13;15;16;17;6;8,former_id
12068,JOHNSTON AVE AT ROSELLE CT FS,"Pittsburgh city (Allegheny, PA)",Glen Hazel,40.4062,-79.932842,kept,0,48.81,29.8,17.4,57;93,id
3401,BUTLER ST AT 39TH ST,"Pittsburgh city (Allegheny, PA)",Lower Lawrenceville,40.467679,-79.9637,kept,0,48.81,19.6,13.6,91,id
19663,E CARSON ST AT S 26TH ST,"Pittsburgh city (Allegheny, PA)",South Side Flats,40.427449,-79.968584,kept,0,48.76,37.6,28.4,48,id
20979,HIGHLAND AVE AT ALDER ST,"Pittsburgh city (Allegheny, PA)",Shadyside,40.457415,-79.925244,kept,0,48.71,27.2,14.6,71B,former_id
9185,PENN AVE OPP 44TH ST (CHILDRENS HOSPITAL),"Pittsburgh city (Allegheny, PA)",Bloomfield,40.465871,-79.953722,kept,0,48.67,32.6,18.0,64;88,id
10963,8TH AVE AT ANN ST FS,"Homestead borough (Allegheny, PA)",,40.407894,-79.909069,kept,0,48.57,37.0,23.4,52L;53;53L;59;61C,id
54,MOUNT LEBANON STATION,"Mount Lebanon township (Allegheny, PA)",,40.381726,-80.043434,kept,0,48.43,41.4,34.8,RED,former_id
8246,ELLSWORTH AVE AT NEGLEY AVE,"Pittsburgh city (Allegheny, PA)",Shadyside,40.454871,-79.932391,kept,0,48.38,17.2,9.8,75,id
3142,FIFTH AVE AT MARYLAND AVE,"Pittsburgh city (Allegheny, PA)",Shadyside,40.450605,-79.927407,kept_nearby,136,48.33,27.2,17.2,28X;64;71B;71D,id
2260,W CARSON ST AT DUQUESNE INCLINE,"Pittsburgh city (Allegheny, PA)",South Shore,40.439865,-80.017433,kept,0,48.14,48.8,26.0,20;21;22;24;26;27;28X;29;31;38;G2;G3;G31,id
8897,CENTRE AVE AT FRANCIS ST,"Pittsburgh city (Allegheny, PA)",Middle Hill,40.447214,-79.967411,kept,0,47.76,33.2,22.2,82,id
10947,MURRAY AVE AT DARLINGTON RD,"Pittsburgh city (Allegheny, PA)",Squirrel Hill South,40.437173,-79.922999,kept,0,47.48,37.2,34.0,61C;61D;64;74,id
8183,NEGLEY AVE AT MARGARETTA ST,"Pittsburgh city (Allegheny, PA)",Garfield,40.467857,-79.928116,kept,0,47.48,19.6,7.4,71A;87,id
8199,CENTRE AVE AT MOREWOOD AVE,"Pittsburgh city (Allegheny, PA)",Shadyside,40.454091,-79.944553,kept,0,47.43,32.0,20.4,71A;71C;82,id
8182,NEGLEY AVE AT BLACK ST,"Pittsburgh city (Allegheny, PA)",East Liberty,40.468903,-79.92749,kept,0,47.33,15.8,11.4,71A;87,id
2090,EAST OHIO ST AT NASH ST FS,"Pittsburgh city (Allegheny, PA)",East Allegheny,40.453886,-79.998096,kept,0,47.19,43.0,25.8,1;2;4;54;6;7,id
17734,VA HOSPITAL TRANSIT LOOP AT SHELTER,"Pittsburgh city (Allegheny, PA)",Terrace Village,40.446697,-79.960418,kept,0,47.1,11.2,8.6,83,id
624,NORTH COMMONS AT FEDERAL ST,"Pittsburgh city (Allegheny, PA)",Allegheny Center,40.453973,-80.006045,kept,0,46.86,35.0,16.2,13;16,id
12565,BRADDOCK HILLS SHPG CTR AT PROPEL SCHOOL,"Braddock Hills borough (Allegheny, PA)",,40.414555,-79.85334,kept,0,46.81,24.4,21.2,59;61A;61B;P68,id
19008,NEVILLE RAMP AT CENTRE AVE FS,"Pittsburgh city (Allegheny, PA)",Bloomfield,40.452738,-79.949668,kept,0,46.81,0.0,0.0,P3,id
16470,BEATTY ST AT EVA ST,"Pittsburgh city (Allegheny, PA)",East Liberty,40.461242,-79.927437,kept_nearby,89,46.71,32.8,23.6,82;86,id
9963,ST CLAIR AVE AT MILLER AVE,"Clairton city (Allegheny, PA)",,40.292628,-79.883268,kept,0,46.71,35.0,23.8,55;Y46,id
6647,BROOKLINE BLVD AT PIONEER AVE,"Pittsburgh city (Allegheny, PA)",Brookline,40.396176,-80.023332,kept,0,46.57,16.0,12.8,39,id
20953,AMANDA ST AT GOLDBACH WAY,"Mount Oliver borough (Allegheny, PA)",,40.415574,-79.988046,kept,0,46.33,31.6,22.0,44;54,former_id
2667,BROWNSVILLE RD AT MCKINLEY ST,"Pittsburgh city (Allegheny, PA)",Knoxville,40.408978,-79.991066,kept,0,46.14,28.4,18.8,51;51L;54,id
7051,HAWKINS AVE AT 4TH ST,"North Braddock borough (Allegheny, PA)",,40.409214,-79.866592,kept,0,46.1,24.0,25.4,61A,id
21050,PENN AVE AT THOMPSON ST,"Turtle Creek borough (Allegheny, PA)",,40.405253,-79.82701,kept,0,46.0,34.4,24.4,59;69;P68;P69,former_id
2666,BROWNSVILLE RD AT KNOX AVE,"Pittsburgh city (Allegheny, PA)",Knoxville,40.410832,-79.990221,kept,0,45.9,20.2,21.4,51;51L;54,id
78,STATION SQUARE STATION,"Pittsburgh city (Allegheny, PA)",South Shore,40.431606,-80.003158,kept,0,45.76,113.2,97.8,BLUE;RED;SLVR,former_id
9980,BROWNSVILLE RD AT CLIFTON BLVD,"Pittsburgh city (Allegheny, PA)",Carrick,40.386925,-79.981806,kept,0,45.76,20.2,17.2,51;51L,id
139,MCKNIGHT RD AT NORTH HILLS VILLAGE (NORTH ENT,"Ross township (Allegheny, PA)",,40.528288,-80.007259,kept,0,45.71,38.2,27.2,12;2;O12,id
12108,SECOND AVE AT TECUMSEH ST,"Pittsburgh city (Allegheny, PA)",Hazelwood,40.408757,-79.943805,kept,0,45.52,32.6,28.6,56;57;93,id
3127,HIGHLAND AVE AT HAYS ST,"Pittsburgh city (Allegheny, PA)",East Liberty,40.468209,-79.921783,kept,0,45.05,14.2,11.8,71B;75,id
17824,WATERFRONT DR AT AMC THEATRE,"West Homestead borough (Allegheny, PA)",,40.407484,-79.918805,kept,0,45.0,78.8,39.4,53L;59;61D;64,id
1775,MT PLEASANT RD AT CHICAGO ST,"Pittsburgh city (Allegheny, PA)",Northview Heights,40.478703,-80.000974,kept,0,44.9,30.2,23.6,6,id
8526,MURRAY AVE AT LORETTA ST,"Pittsburgh city (Allegheny, PA)",Greenfield,40.422036,-79.928915,kept,0,44.9,28.8,22.6,61C;61D;64;93,id
7103,FORBES AVE AT BEELER ST,"Pittsburgh city (Allegheny, PA)",Squirrel Hill North,40.443833,-79.938618,kept,0,44.86,44.0,25.0,61A;61B;61C;61D,id
22266,CALIFORNIA AVE AT DAVIS AVE,"Pittsburgh city (Allegheny, PA)",Brighton Heights,40.480164,-80.041184,kept,0,44.52,22.4,17.2,13,id
10884,2ND ST AT KENNEDY AVE,"Duquesne city (Allegheny, PA)",,40.371792,-79.846339,kept,0,44.38,37.0,21.8,52L;59;61C;P7,id
3141,FIFTH AVE AT COLLEGE ST,"Pittsburgh city (Allegheny, PA)",Shadyside,40.451301,-79.925696,kept,0,44.38,14.2,12.8,28X;64;71B;71D,id
1502,STANWIX ST AT PENN AVE (GATEWAY #2),"Pittsburgh city (Allegheny, PA)",Central Business District,40.44265,-80.004413,kept,0,44.29,0.0,0.0,19L;O1;O12;O5,id
18624,HWY RT 286 AT ALPINE VILLAGE PARK AND RIDE,"Monroeville municipality (Allegheny, PA)",,40.429104,-79.719682,kept,0,44.29,0.0,0.0,P12,id
21625,E CARSON ST AT S 28TH ST,"Pittsburgh city (Allegheny, PA)",South Side Flats,40.426238,-79.965605,kept,0,44.29,16.0,12.0,75,id
18942,PENN AVE AT BAKERY SQUARE,"Pittsburgh city (Allegheny, PA)",Larimer,40.455992,-79.915142,kept,0,44.24,25.8,20.0,71C;74;88;89,id
2171,LIBERTY AVE OPP 11TH ST FS (AMTRAK),"Pittsburgh city (Allegheny, PA)",Central Business District,40.444645,-79.992714,kept,0,43.95,22.8,22.0,86;87;88;91,id
20074,BEATTY ST AT CENTRE AVE,"Pittsburgh city (Allegheny, PA)",East Liberty,40.459364,-79.927577,kept_nearby,99,43.0,43.4,22.4,82;86,id
10908,8TH AVE AT ANN ST,"Homestead borough (Allegheny, PA)",,40.407979,-79.909218,kept,0,42.81,33.8,24.0,52L;59;61C,id
21051,PENN AVE AT SHAW AVE NS,"Turtle Creek borough (Allegheny, PA)",,40.405271,-79.828736,kept,0,42.71,27.4,26.0,59;69;P68;P69,former_id
16426,AMITY ST AT 8TH AVE NS,"Homestead borough (Allegheny, PA)",,40.407241,-79.911147,kept,0,42.57,47.6,38.4,57,id
14972,BUTLER ST AT 44TH ST,"Pittsburgh city (Allegheny, PA)",Central Lawrenceville,40.471596,-79.959755,kept,0,42.52,17.6,7.4,91;93,id
7292,6TH ST AT BRADDOCK AVE,"Braddock borough (Allegheny, PA)",,40.403337,-79.868556,kept,0,42.43,30.8,29.8,61A;61B,id
7613,MONTIER ST AT LAKETON RD FS,"Wilkinsburg borough (Allegheny, PA)",,40.448865,-79.867791,kept,0,42.33,23.2,9.8,79;P17;P78,id
22208,BUTLER ST AT 40TH ST NS,"Pittsburgh city (Allegheny, PA)",Lower Lawrenceville,40.468342,-79.962688,kept,0,42.0,43.4,19.2,64;91,former_id
3152,FIFTH AVE OPP VAN BRAAM ST,"Pittsburgh city (Allegheny, PA)",Crawford-Roberts,40.438469,-79.982426,kept_nearby,107,42.0,23.8,21.6,61A;61B;61C;71B,id
1530,BRIGHTON RD AT DAVIS AVE,"Pittsburgh city (Allegheny, PA)",Brighton Heights,40.481804,-80.034213,kept,0,41.76,20.4,17.0,16,id
18308,BRIGHTON RD AT MARSHALL AVE NS,"Pittsburgh city (Allegheny, PA)",Marshall-Shadeland,40.467219,-80.025106,kept,0,41.76,21.0,17.2,16;17,id
18179,MURRAY AVE AT FLEMINGTON ST FS,"Pittsburgh city (Allegheny, PA)",Greenfield,40.42644,-79.927392,kept,0,41.57,25.2,16.0,61C;61D;64;93,id
17645,STEUBENVILLE PIKE AT HADDOCK RD,"Robinson township (Allegheny, PA)",,40.449416,-80.107668,kept,0,41.52,19.8,8.0,29,id
1543,BRIGHTON RD AT ISLAND AVE (OLIVER HIGH SCHOOL,"Pittsburgh city (Allegheny, PA)",Marshall-Shadeland,40.463874,-80.022922,kept,0,41.48,34.2,24.2,16,id
96,KILLARNEY,"Castle Shannon borough (Allegheny, PA)",,40.373925,-80.00777,kept,0,41.48,16.6,13.0,BLUE;SLVR,former_id
8860,LINCOLN AVE AT LEMINGTON HOME DRVWY,"Pittsburgh city (Allegheny, PA)",Lincoln-Lemington-Belmar,40.471112,-79.892066,kept,0,41.38,24.0,20.4,82;P17,id
8169,NEVILLE ST AT ELLSWORTH AVE NS,"Pittsburgh city (Allegheny, PA)",Shadyside,40.447689,-79.947517,kept,0,41.29,12.8,7.6,75;P3,id
1628,LINCOLN AVE OPP FREMONT AVE,"Bellevue borough (Allegheny, PA)",,40.493994,-80.052254,kept,0,40.95,43.2,15.8,13;16;19L,id
23108,ST CLAIR ST AT BRYANT ST,"Pittsburgh city (Allegheny, PA)",Highland Park,40.476121,-79.920685,kept_nearby,12,40.95,23.6,14.8,71B,former_id
12071,JOHNSTON AVE AT MANSION ST,"Pittsburgh city (Allegheny, PA)",Hazelwood,40.405517,-79.937283,kept,0,40.86,13.8,10.2,57;93,id
7086,KELLY AVE AT WEST ST,"Wilkinsburg borough (Allegheny, PA)",,40.441133,-79.891147,kept,0,40.71,22.4,16.6,61A;71;71C;P71,id
4884,WARRINGTON AVE AT ALLEN ST,"Pittsburgh city (Allegheny, PA)",Allentown,40.421845,-79.993579,kept,0,40.43,52.2,29.0,43;48,id
8669,CENTRE AVE AT ELMORE ST,"Pittsburgh city (Allegheny, PA)",Middle Hill,40.445012,-79.977419,kept,0,40.33,36.4,14.8,81;82,id
8181,NEGLEY AVE AT HAYS ST,"Pittsburgh city (Allegheny, PA)",East Liberty,40.46988,-79.927067,kept,0,40.29,17.4,12.6,71A;87,id
10962,8TH AVE AT AMITY ST FS,"Homestead borough (Allegheny, PA)",,40.407135,-79.910571,kept,0,40.05,36.6,28.0,52L;53;53L;59;61C,id
2816,RHINE ST AT BUENTE ST,"Pittsburgh city (Allegheny, PA)",Spring Hill-City View,40.466539,-79.99397,kept,0,40.0,40.2,38.0,6,id
7128,FORBES AVE AT DENNISTON ST,"Pittsburgh city (Allegheny, PA)",Squirrel Hill South,40.438005,-79.918058,kept_nearby,95,40.0,5.6,5.4,61A;61B,id
9116,FRANKSTOWN AVE AT MURTLAND ST,"Pittsburgh city (Allegheny, PA)",Homewood North,40.458485,-79.90094,kept,0,39.86,15.6,12.0,77;86,id
8312,FIFTH AVE AT HIGHLAND AVE,"Pittsburgh city (Allegheny, PA)",Shadyside,40.452049,-79.923842,kept,0,39.81,30.6,26.4,28X;64;71D,id
22733,FORBES HOSPITAL,"Monroeville municipality (Allegheny, PA)",,40.513187,-80.09357,kept_nearby,140,39.71,31.6,21.2,19L,id
3818,SUMMIT PARK DR AT ANDREW DR (WALMART),"North Fayette township (Allegheny, PA)",,40.449577,-80.176163,kept,0,39.71,29.0,8.6,29,id
10906,8TH AVE AT DICKSON ST,"Homestead borough (Allegheny, PA)",,40.40898,-79.905195,kept,0,39.67,28.0,22.4,52L;59;61C,id
8894,CENTRE AVE AT EWART DR,"Pittsburgh city (Allegheny, PA)",Upper Hill,40.448758,-79.961412,kept,0,39.48,2.6,1.6,82,id
9007,BEDFORD AVE AT CHAUNCEY DR,"Pittsburgh city (Allegheny, PA)",Bedford Dwellings,40.45092,-79.972098,kept,0,39.48,28.2,17.8,83,id
15428,AMITY ST AT TARGET DR,"Homestead borough (Allegheny, PA)",,40.409837,-79.912281,kept,0,39.38,38.0,21.2,53;53L;57;59;61D;64,id
1155,LIBERTY AVE AT MILLVALE AVE (WEST PENN HOSP),"Pittsburgh city (Allegheny, PA)",Bloomfield,40.460035,-79.946124,kept,0,39.33,16.2,7.8,54;86,id
1778,PENFORT ST AT #338,"Pittsburgh city (Allegheny, PA)",Northview Heights,40.476208,-80.000478,kept,0,39.33,31.2,34.2,6,id
19884,ALLEGHENY STATION BAY 2,"Pittsburgh city (Allegheny, PA)",Chateau,40.447641,-80.019387,kept_nearby,29,39.33,21.8,21.2,18;54,id
19,BROADWAY AVE AT HAMPSHIRE,"Pittsburgh city (Allegheny, PA)",Beechview,40.410367,-80.024636,kept,0,39.29,28.6,47.0,RED,former_id
135,MCKNIGHT RD AT ROSS TOWNE CENTER,"Ross township (Allegheny, PA)",,40.537777,-80.011459,kept,0,39.24,31.2,30.8,12;2;O12,id
1551,BRIGHTON RD AT PENNSYLVANIA AVE,"Pittsburgh city (Allegheny, PA)",California-Kirkbride,40.4562,-80.015452,kept,0,39.14,39.0,15.2,13;15;16,id
1518,LINCOLN AVE AT BRYANT AVE FS,"Bellevue borough (Allegheny, PA)",,40.492377,-80.049175,kept,0,39.05,23.6,14.0,13;16;19L,id
21172,BROWNSVILLE RD OPP OVERBROOK BLVD,"Pittsburgh city (Allegheny, PA)",Carrick,40.38931,-79.985359,kept,0,38.76,19.8,12.6,51;51L,former_id
7233,FORBES AVE AT BRADDOCK AVE FS,"Pittsburgh city (Allegheny, PA)",Point Breeze,40.439692,-79.898376,kept,0,38.76,24.4,22.2,61A;61B,id
10886,GRANT AVE AT 1ST ST,"Duquesne city (Allegheny, PA)",,40.373374,-79.845977,kept,0,38.71,22.2,20.2,52L;59;61C;P7,id
1549,BRIGHTON RD AT CALIFORNIA AVE FS,"Pittsburgh city (Allegheny, PA)",California-Kirkbride,40.459423,-80.016752,kept,0,38.71,18.2,17.4,13;15;16,id
9998,S 18TH ST AT MISSION ST,"Pittsburgh city (Allegheny, PA)",South Side Slopes,40.42367,-79.97764,kept,0,38.71,25.0,16.4,51;54,id
9915,LYSLE BLVD OPP EVANS ST,"McKeesport city (Allegheny, PA)",,40.352602,-79.850788,kept,0,38.57,20.8,23.4,55;56;59;61C;P7,id
19577,FEDERAL ST AT HEMLOCK ST,"Pittsburgh city (Allegheny, PA)",Central Northside,40.457232,-80.007126,kept,0,38.43,27.8,22.2,11;8,id
579,PERRYSVILLE AVE OPP FRANKLIN RD,"Pittsburgh city (Allegheny, PA)",Perry North,40.490297,-80.01867,kept,0,38.38,10.0,7.6,8,id
14969,BUTLER ST AT 48TH ST,"Pittsburgh city (Allegheny, PA)",Central Lawrenceville,40.475983,-79.957703,kept,0,38.33,12.8,5.2,91;93,id
30,FORBES AVE AT BOUQUET ST FS,"Pittsburgh city (Allegheny, PA)",Central Oakland,40.349336,-80.033811,kept,0,38.14,6.0,5.4,BLUE;RED,id
4783,ARLINGTON AVE OPP CONWAY ST,"Pittsburgh city (Allegheny, PA)",Arlington-Arlington Heights,40.41732,-79.973661,kept,0,38.14,29.6,19.2,48,id
8188,NEGLEY AVE AT CORAL ST,"Pittsburgh city (Allegheny, PA)",Friendship,40.46204,-79.931625,kept,0,38.14,19.2,14.8,71A;71C;77;87,id
17,BROADWAY AVE AT BELASCO,"Pittsburgh city (Allegheny, PA)",Beechview,40.407036,-80.027078,kept,0,38.1,24.2,24.8,RED,former_id
577,PERRYSVILLE AVE AT BASCOM ST,"Pittsburgh city (Allegheny, PA)",Perry North,40.492954,-80.021996,kept,0,38.1,21.4,12.6,8,id
8201,CENTRE AVE OPP CYPRESS ST,"Pittsburgh city (Allegheny, PA)",Shadyside,40.454968,-79.941567,kept,0,38.1,7.0,3.8,71A;71C;82,id
1592,BRIGHTON RD AT JACKSONIA ST FS,"Pittsburgh city (Allegheny, PA)",Central Northside,40.457044,-80.015594,kept,0,37.95,29.4,20.2,13;15;16,former_id
2591,PENN AVE AT 28TH ST,"Pittsburgh city (Allegheny, PA)",Strip District,40.456953,-79.975562,kept,0,37.76,18.0,4.0,54;88;91,id
1154,LIBERTY AVE AT EDMOND ST,"Pittsburgh city (Allegheny, PA)",Bloomfield,40.461119,-79.948164,kept,0,37.48,21.2,17.2,54;86,id
9922,LYSLE BLVD AT MARKET ST,"McKeesport city (Allegheny, PA)",,40.351415,-79.866607,kept,0,37.38,21.4,14.2,55;56;59,id
19656,ARLINGTON AVE OPP JOSEPHINE ST,"Pittsburgh city (Allegheny, PA)",Arlington-Arlington Heights,40.417306,-79.965627,kept,0,37.24,29.6,21.8,48,id
19716,WASHINGTON PIKE OPP THOMS RUN RD - WOODVILLE PNR,"Collier township (Allegheny, PA)",,40.381698,-80.094251,kept,0,37.24,3.0,1.4,31;38;G31,id
21060,ELLSWORTH AVE AT GRAHAM ST,"Pittsburgh city (Allegheny, PA)",Shadyside,40.453746,-79.934724,kept,0,37.19,16.6,10.2,75,former_id
9110,FRANKSTOWN AVE AT BRUSHTON AVE,"Pittsburgh city (Allegheny, PA)",Homewood North,40.455527,-79.887932,kept,0,36.76,17.8,13.0,77;86,id
3714,CRAFTON INGRAM SHOPPING CENTER AT GIANT EAGLE,"Crafton borough (Allegheny, PA)",,40.44076,-80.071756,kept,0,36.71,51.4,34.2,26;27,id
2588,PENN AVE AT 31ST ST,"Pittsburgh city (Allegheny, PA)",Strip District,40.459962,-79.971188,kept,0,36.52,3.2,1.6,54;88;91,id
3140,HIGHLAND AVE AT FIFTH AVE,"Pittsburgh city (Allegheny, PA)",Shadyside,40.452057,-79.924126,kept_nearby,24,36.52,22.0,8.0,71B,id
7419,PRIVATE DR AT BRINTON TOWERS,"Braddock Hills borough (Allegheny, PA)",,40.409817,-79.85244,kept,0,36.48,35.6,22.4,P68,id
9988,BROWNSVILLE RD AT CRAILO AVE,"Pittsburgh city (Allegheny, PA)",Carrick,40.396629,-79.987568,kept,0,36.43,26.4,15.4,51;51L,id
17749,E CARSON ST AT S 24TH ST,"Pittsburgh city (Allegheny, PA)",South Side Flats,40.428163,-79.97131,kept,0,36.24,16.2,15.4,48;75,former_id
79,STEVENSON,"Dormont borough (Allegheny, PA)",,40.399491,-80.03364,kept,0,35.9,24.0,13.8,RED,former_id
14388,FRANKSTOWN RD OPP DUFF RD,"Penn Hills township (Allegheny, PA)",,40.465041,-79.828292,kept,0,35.86,19.8,14.2,77;P16,id
2647,E CARSON ST AT S 20TH ST,"Pittsburgh city (Allegheny, PA)",South Side Flats,40.428643,-79.977481,kept,0,35.62,24.8,15.6,48;54,id
40,FALLOWFIELD STATION,"Pittsburgh city (Allegheny, PA)",Beechview,40.411176,-80.023434,kept,0,35.62,36.8,32.6,RED,former_id
20459,BEDFORD AVE OPP ERIN ST,"Pittsburgh city (Allegheny, PA)",Bedford Dwellings,40.447197,-79.980867,kept,0,35.57,19.2,13.0,83,id
99969,DORMONT JUNCTION,"Dormont borough (Allegheny, PA)",,40.391329,-80.04108,kept,0,35.57,38.6,24.6,RED,id
18782,BROWNSVILLE RD AT BRENTWOOD LOOP SHELTER,"Brentwood borough (Allegheny, PA)",,40.380572,-79.975905,kept,0,35.52,30.8,15.2,51;51L,id
3248,FORBES AVE AT GIST ST,"Pittsburgh city (Allegheny, PA)",Bluff,40.437387,-79.979635,kept_nearby,131,35.52,15.8,9.0,61A;61B;61C;71B,id
205,MCKNIGHT RD AT NORTH HILLS VILLAGE (SOUTH ENT,"Ross township (Allegheny, PA)",,40.522064,-80.005447,kept,0,35.48,32.4,19.4,12;O12,id
174,CEDAR AVE AT EAST OHIO ST,"Pittsburgh city (Allegheny, PA)",Allegheny Center,40.453461,-80.001819,kept,0,35.38,23.4,17.6,11;12;15;17;8,id
2596,CEDAR AVE AT SUISMON ST,"Pittsburgh city (Allegheny, PA)",East Allegheny,40.45478,-80.002098,kept,0,35.38,31.0,19.8,11;12;15;17;54;8,id
1721,PENNSYLVANIA AVE AT ALLEGHENY AVE,"Pittsburgh city (Allegheny, PA)",Manchester,40.455151,-80.020235,kept,0,35.29,16.0,11.0,17;18,id
1194,LIBERTY AVE AT ELLA ST,"Pittsburgh city (Allegheny, PA)",Bloomfield,40.463127,-79.95165,kept,0,35.19,26.2,13.6,54;86,id
3137,HIGHLAND AVE AT ELWOOD ST,"Pittsburgh city (Allegheny, PA)",Shadyside,40.45507,-79.925384,kept_nearby,93,35.14,8.6,5.0,71B,id
12706,MAIN ST AT 6TH ST,"Sharpsburg borough (Allegheny, PA)",,40.494693,-79.935699,kept,0,35.05,23.0,18.4,1;91,id
9114,FRANKSTOWN AVE AT HOMEWOOD AVE,"Pittsburgh city (Allegheny, PA)",Homewood North,40.457396,-79.89612,kept,0,35.05,34.4,23.2,77;86,id
1153,LIBERTY AVE AT PEARL ST,"Pittsburgh city (Allegheny, PA)",Bloomfield,40.462109,-79.949989,kept,0,34.76,15.2,11.2,54;86,id
8317,FIFTH AVE AT SHADY AVE,"Pittsburgh city (Allegheny, PA)",Squirrel Hill North,40.452829,-79.920856,kept,0,34.76,44.6,31.6,28X;64;71D,id
2638,FORBES AVE AT DITHRIDGE ST,"Pittsburgh city (Allegheny, PA)",North Oakland,40.44418,-79.950002,kept_nearby,95,34.62,25.4,15.8,28X;58;61A;61B;61C;61D;67;69,id
3991,PARK MANOR BLVD AT ROBINSON LN,"Robinson township (Allegheny, PA)",,40.452866,-80.165184,kept,0,34.62,25.6,19.0,24;28X;29,id
3907,WASHINGTON AVE AT FRANKLIN AVE,"Carnegie borough (Allegheny, PA)",,40.401462,-80.082966,kept,0,34.24,14.8,13.8,31,id
18515,PENN AVE OPP SHAW AVE FS,"Turtle Creek borough (Allegheny, PA)",,40.405198,-79.828935,kept,0,34.19,23.4,17.8,59;69;P68;P69,id
9375,BROWNSVILLE RD AT E GARDEN RD,"Brentwood borough (Allegheny, PA)",,40.377797,-79.975362,kept,0,34.14,17.8,18.2,51;51L,id
7112,FORBES AVE AT JUMONVILLE ST,"Pittsburgh city (Allegheny, PA)",Bluff,40.437332,-79.977997,kept,0,34.05,19.6,9.6,61A;61B;61C;71B,id
8198,CENTRE AVE OPP MILLVALE AVE,"Pittsburgh city (Allegheny, PA)",Shadyside,40.453217,-79.947453,kept,0,34.05,34.8,26.0,71A;71C;82,id
1175,FIFTH AVE AT NEVILLE ST,"Pittsburgh city (Allegheny, PA)",North Oakland,40.447024,-79.947427,kept,0,33.86,36.6,19.4,58;71B;71D,id
14971,BUTLER ST AT 46TH ST,"Pittsburgh city (Allegheny, PA)",Central Lawrenceville,40.472942,-79.958756,kept,0,33.71,15.0,14.0,91;93,id
1539,BRIGHTON RD AT WOODLAND AVE,"Pittsburgh city (Allegheny, PA)",Marshall-Shadeland,40.470059,-80.025708,kept,0,33.62,30.0,13.6,16,id
3629,CHARTIERS AVE OPP MARGARET ST,"McKees Rocks borough (Allegheny, PA)",,40.46576,-80.064176,kept,0,33.62,24.4,14.8,20;24,id
8244,ELLSWORTH AVE AT MARYLAND AVE,"Pittsburgh city (Allegheny, PA)",Shadyside,40.45623,-79.930721,kept,0,33.57,14.2,6.6,75,id
20833,BROOKLINE BLVD AT GLENARM AVE,"Pittsburgh city (Allegheny, PA)",Brookline,40.392158,-80.017618,kept,0,33.48,10.4,5.2,39,id
8868,LINCOLN AVE OPP CHAUCER ST,"Pittsburgh city (Allegheny, PA)",Lincoln-Lemington-Belmar,40.46435,-79.900396,kept,0,33.43,20.8,17.2,82;P17,id
2088,EAST OHIO ST OPP JAMES ST,"Pittsburgh city (Allegheny, PA)",East Allegheny,40.453453,-80.000643,kept,0,33.38,24.8,20.4,1;2;4;54;6;7,id
2089,EAST OHIO ST AT MIDDLE ST,"Pittsburgh city (Allegheny, PA)",East Allegheny,40.453704,-79.999291,kept,0,33.33,25.6,19.0,1;2;4;54;6;7,id
3151,FIFTH AVE AT DINWIDDIE ST,"Pittsburgh city (Allegheny, PA)",Crawford-Roberts,40.438397,-79.980639,kept,0,33.33,28.4,14.8,61A;61B;61C;71B,id
12358,KEEPORT DR AT KNOEDLER RD,"Baldwin borough (Allegheny, PA)",,40.341981,-79.981157,kept,0,33.29,14.2,0.0,Y47,id
10907,8TH AVE AT MCCLURE ST,"Homestead borough (Allegheny, PA)",,40.408826,-79.907397,kept,0,33.1,21.8,14.6,52L;59;61C,id
18472,BROWNSVILLE RD AT CEDRICTON ST FS,"Pittsburgh city (Allegheny, PA)",Carrick,40.405027,-79.990736,kept,0,33.1,27.8,24.2,51,id
15881,WEST COMMONS AT THE ALLEGHENY SR HOME,"Pittsburgh city (Allegheny, PA)",Allegheny Center,40.450584,-80.007149,kept,0,32.95,14.0,7.0,13;16,id
18579,WEST BUSWAY AT SHERADEN STATION A,"Pittsburgh city (Allegheny, PA)",Sheraden,40.452753,-80.053154,kept,0,32.71,26.2,19.6,G2,id
2630,MILLVALE AVE AT CENTRE AVE,"Pittsburgh city (Allegheny, PA)",Bloomfield,40.453381,-79.947434,kept,0,32.67,14.2,11.4,54,id
11194,THIRD AVE AT RT 51 OVERPASS - ELIZABETH PNR,"Elizabeth borough (Allegheny, PA)",,40.273078,-79.885653,kept,0,32.57,22.6,16.8,Y46,id
5822,GREENTREE RD AT CHATHAM PARK DR,"Scott township (Allegheny, PA)",,40.403345,-80.058376,kept,0,32.14,15.8,16.2,38,id
9261,BUTLER ST AT 54TH ST,"Pittsburgh city (Allegheny, PA)",Upper Lawrenceville,40.482944,-79.951151,kept,0,32.1,13.0,11.2,87;91;93,id
10950,MURRAY AVE AT HOBART ST,"Pittsburgh city (Allegheny, PA)",Squirrel Hill South,40.433853,-79.923009,kept,0,32.0,27.2,18.4,61C;61D;64;93,id
6098,SOUTH BUSWAY AT PALM GARDEN,"Pittsburgh city (Allegheny, PA)",Mount Washington,40.4161,-80.011821,kept,0,31.86,21.8,13.2,39;41;Y1;Y45;Y46;Y47;Y49,id
3128,HIGHLAND AVE AT EAST LIBERTY BLVD,"Pittsburgh city (Allegheny, PA)",East Liberty,40.46648,-79.922588,kept,0,31.71,8.8,6.6,71B,id
8877,FRANKSTOWN AVE AT PAULSON AVE,"Pittsburgh city (Allegheny, PA)",Larimer,40.460881,-79.914969,kept,0,31.62,19.6,14.8,77;82;86;P17,id
825,PERRYSVILLE AVE AT N CHARLES ST,"Pittsburgh city (Allegheny, PA)",Perry South,40.471083,-80.008709,kept,0,31.57,24.8,19.8,15;8,id
7754,BROADWAY BLVD AT WALL AVE,"Monroeville municipality (Allegheny, PA)",,40.401422,-79.780019,kept,0,31.52,16.4,12.6,69;P69,id
2177,LIBERTY AVE OPP 26TH ST,"Pittsburgh city (Allegheny, PA)",Strip District,40.45415,-79.977968,kept,0,31.48,21.2,9.4,54;86;87;88;91,id
8377,HOMEWOOD AVE AT FINANCE ST (EAST BUSWAY),"Pittsburgh city (Allegheny, PA)",Homewood South,40.452946,-79.898624,kept,0,31.48,9.2,5.6,74,id
1591,BRIGHTON RD AT TAYLOR AVE,"Pittsburgh city (Allegheny, PA)",Central Northside,40.455793,-80.015169,kept,0,31.43,30.6,22.8,13;15;16,id
12078,SECOND AVE AT FLOWERS AVE,"Pittsburgh city (Allegheny, PA)",Hazelwood,40.409879,-79.944012,kept,0,31.38,16.6,8.8,56;57;93,id
21329,SANDUSKY ST AT UNDERPASS,"Pittsburgh city (Allegheny, PA)",North Shore,40.45004,-80.002796,kept,0,31.33,14.0,15.4,1;11;13;15;16;17;6;8,former_id
10964,8TH AVE AT MCCLURE ST,"Homestead borough (Allegheny, PA)",,40.408667,-79.907564,kept,0,31.29,13.6,18.6,52L;53;53L;59;61C,id
41,BLVD OF ALLIES AT WOOD ST,"Pittsburgh city (Allegheny, PA)",Central Business District,40.438436,-80.001748,kept,0,31.24,7.8,6.6,52L;53L;56;57;58,id
8310,FIFTH AVE OPP BEECHWOOD BLVD,"Pittsburgh city (Allegheny, PA)",Shadyside,40.453713,-79.915207,kept,0,31.14,17.2,11.8,28X;71D,id
20077,CENTRE AVE AT ELMORE ST FS,"Pittsburgh city (Allegheny, PA)",Middle Hill,40.444974,-79.977283,kept,0,31.1,22.0,11.2,81;82,id
625,NORTH AVE OPP BOYLE ST,"Pittsburgh city (Allegheny, PA)",Allegheny Center,40.455564,-80.005715,kept,0,31.1,14.8,12.0,11;15;17;54;8,id
1258,AVALON LOOP AT CALIFORNIA AVE FS,"Avalon borough (Allegheny, PA)",,40.503682,-80.074369,kept,0,30.76,25.6,27.8,16,id
837,PERRYSVILLE AVE AT FEDERAL ST,"Pittsburgh city (Allegheny, PA)",Central Northside,40.461155,-80.008894,kept,0,30.71,13.4,5.8,11;8,id
13496,BOYCE CAMPUS EAST PKG LOT AT STEPS,"Monroeville municipality (Allegheny, PA)",,40.453202,-79.751368,kept,0,30.67,0.0,0.0,67;77,id
8163,EAST BUSWAY AT HERRON STATION C,"Pittsburgh city (Allegheny, PA)",Polish Hill,40.459235,-79.967085,kept,0,30.62,24.8,10.6,P1;P17;P68;P71,id
8407,HIGHLAND DR OPP JOB CORPS DR,"Pittsburgh city (Allegheny, PA)",Lincoln-Lemington-Belmar,40.478217,-79.898975,loses_all_service,906,30.48,7.8,5.6,74,id
10905,8TH AVE AT HEISEL ST,"Homestead borough (Allegheny, PA)",,40.409062,-79.90403,kept,0,30.43,11.8,4.8,52L;59;61C,id
23056,WALLACE AVE AT HAY ST NS,"Wilkinsburg borough (Allegheny, PA)",,40.444896,-79.885606,kept_nearby,25,30.33,28.6,20.2,71D;86,former_id
9338,JANCEY ST AT HAMPTON ST,"Pittsburgh city (Allegheny, PA)",Morningside,40.47731,-79.930466,kept,0,30.33,3.8,1.2,75;87,id
8178,NEGLEY AVE OPP WELLESLEY AVE,"Pittsburgh city (Allegheny, PA)",Highland Park,40.474306,-79.925102,kept,0,30.29,12.4,9.6,71A,id
9373,BROWNSVILLE RD AT PARK DR,"Brentwood borough (Allegheny, PA)",,40.375122,-79.975491,kept,0,30.29,15.4,11.6,51;51L,id
22662,LAWRENCEVILLE SHOPPING CTR (BO,"Pittsburgh city (Allegheny, PA)",Upper Lawrenceville,40.364211,-79.96445,kept,0,30.24,19.6,9.4,Y49,id
19746,LINCOLN AVE OPP FREMONT AVE NS,"Bellevue borough (Allegheny, PA)",,40.494297,-80.053085,kept,0,30.19,21.6,12.8,13;16;19L,id
9989,BROWNSVILLE RD OPP W CHERRYHILL ST,"Pittsburgh city (Allegheny, PA)",Carrick,40.397927,-79.988322,kept,0,30.19,9.6,11.0,51,id
733,WEST VIEW PARK DR OPP WEST VIEW TOWER,"West View borough (Allegheny, PA)",,40.516855,-80.033563,kept,0,30.1,20.4,12.4,13;8,id
2531,MCKINLEY ST AT BROWNSVILLE RD,"Pittsburgh city (Allegheny, PA)",Knoxville,40.4088,-79.991454,kept_nearby,38,30.05,28.6,15.6,54,id
1776,MT PLEASANT RD AT HAZLETT ST,"Pittsburgh city (Allegheny, PA)",Northview Heights,40.477836,-80.000288,kept,0,30.0,29.2,20.6,6,id
6999,BELTZHOOVER AVE AT WARRINGTON AVE FS,"Pittsburgh city (Allegheny, PA)",Beltzhoover,40.421343,-79.997436,kept_nearby,21,30.0,12.6,10.6,44;54,id
20243,KEEPORT DR AT TRAVIS DR FS,"Baldwin borough (Allegheny, PA)",,40.338377,-79.979093,kept,0,29.9,18.8,0.0,Y47,id
99949,POPLAR,"Mount Lebanon township (Allegheny, PA)",,40.375395,-80.03851,kept,0,29.86,23.4,7.6,RED,id
7471,BRADDOCK AVE AT 4TH ST,"Braddock borough (Allegheny, PA)",,40.404923,-79.87114,kept,0,29.76,14.8,8.2,61B,id
11111,MIDWAY DR AT #24,"West Mifflin borough (Allegheny, PA)",,40.397647,-79.8808,kept,0,29.71,17.6,25.4,59,id
2258,W CARSON ST OPP GATEWAY VIEW PLAZA,"Pittsburgh city (Allegheny, PA)",South Shore,40.441694,-80.021743,kept,0,29.71,23.6,12.6,20;21;22;24;26;27;28X;29;31;38;G2;G3;G31,id
18431,HWY RT 51 AT BROWNSVILLE RD,"Brentwood borough (Allegheny, PA)",,40.36398,-79.984324,kept,0,29.57,18.4,18.6,Y1;Y46;Y49,id
3156,FIFTH AVE AT MAGEE ST,"Pittsburgh city (Allegheny, PA)",Crawford-Roberts,40.438698,-79.988113,loses_all_service,156,29.52,14.0,9.6,61A;61B;61C;71B,id
7901,PENN AVE AT FINDLEY DR WEST (BEACON HILL),"Wilkinsburg borough (Allegheny, PA)",,40.444028,-79.864586,kept,0,29.52,8.8,4.8,67;P16;P67,id
20456,BEDFORD AVE OPP DUFF ST,"Pittsburgh city (Allegheny, PA)",Bedford Dwellings,40.450214,-79.973764,kept,0,29.48,16.8,18.0,83,id
19912,LINCOLN AVE AT STARR AVE FS (KUHN'S),"Bellevue borough (Allegheny, PA)",,40.497619,-80.0598,kept,0,29.43,26.4,17.0,16;19L,id
20101,EAST LIBERTY BLVD AT HIGHLAND AVE FS,"Pittsburgh city (Allegheny, PA)",East Liberty,40.46577,-79.92233,kept,0,29.33,4.0,5.4,74;75,id
4767,WARRINGTON AVE AT ESTELLA AVE,"Pittsburgh city (Allegheny, PA)",Beltzhoover,40.42099,-80.000733,kept,0,29.33,17.8,10.8,44;48;54,id
18785,CHARTIERS AVE AT SINGER AVE FS,"McKees Rocks borough (Allegheny, PA)",,40.464925,-80.073974,kept,0,29.24,19.0,10.2,20,id
22776,BROADWAY AVE AT 11TH ST,"Stowe township (Allegheny, PA)",,40.451085,-79.756374,kept,0,29.24,13.8,15.4,77,id
1264,CALIFORNIA AVE AT CHESTNUT ST,"Avalon borough (Allegheny, PA)",,40.500204,-80.066015,kept,0,29.19,12.6,7.0,16;19L,id
2201,5TH AVE AT BROADWAY ST,"Coraopolis borough (Allegheny, PA)",,40.516337,-80.161397,kept,0,29.19,15.4,14.2,21,id
22777,BROADWAY BLVD OPP PITCAIRN PARK BLDG,"Pitcairn borough (Allegheny, PA)",,40.488362,-79.836905,kept,0,29.14,8.2,10.2,P78,id
1535,BRIGHTON RD AT WADLOW ST,"Pittsburgh city (Allegheny, PA)",Marshall-Shadeland,40.475463,-80.030641,kept,0,29.1,21.8,13.2,16,id
7222,MONONGAHELA AVE AT SCHOYER AVE,"Swissvale borough (Allegheny, PA)",,40.42348,-79.891312,kept,0,29.1,15.8,10.8,61B;71;P71,id
9962,ST CLAIR AVE AT 3RD ST,"Clairton city (Allegheny, PA)",,40.292206,-79.881744,kept,0,29.1,20.2,17.2,55;Y46,id
6198,BROOKLINE BLVD AT FLATBUSH AVE,"Pittsburgh city (Allegheny, PA)",Brookline,40.39372,-80.019839,kept,0,29.05,12.6,9.2,39,id
9176,PENN AVE AT ATLANTIC AVE,"Pittsburgh city (Allegheny, PA)",Garfield,40.464607,-79.938461,kept,0,29.05,14.8,13.4,88;89,id
20775,CENTURY DR OPP SAM'S CLUB DRVWY,"West Mifflin borough (Allegheny, PA)",,40.344604,-79.948263,kept,0,28.95,24.2,16.0,51;55;59;Y47;Y49,id
832,PERRYSVILLE AVE AT WILSON AVE,"Pittsburgh city (Allegheny, PA)",Perry South,40.463741,-80.012195,kept,0,28.95,17.4,9.4,8,id
10026,BROWNSVILLE RD AT PARKFIELD ST,"Pittsburgh city (Allegheny, PA)",Carrick,40.391477,-79.986685,kept,0,28.76,18.4,15.6,51;51L,id
20976,FORBES AVE AT MAGEE ST,"Pittsburgh city (Allegheny, PA)",Bluff,40.43779,-79.988495,loses_all_service,159,28.67,18.0,12.2,61A;61B;61C;71B,former_id
217,CEDAR AVE AT NORTH AVE (AGH),"Pittsburgh city (Allegheny, PA)",East Allegheny,40.456112,-80.002532,kept_nearby,41,28.67,36.8,9.4,12,id
9416,HWY RT 51 OPP GRACE ST,"Baldwin borough (Allegheny, PA)",,40.344022,-79.971331,kept,0,28.67,14.0,35.4,51;Y1;Y46,id
8777,S 20TH ST AT E CARSON ST,"Pittsburgh city (Allegheny, PA)",South Side Flats,40.428713,-79.977671,kept,0,28.62,20.6,12.8,81;83,id
9991,BROWNSVILLE RD AT THE BOULEVARD,"Pittsburgh city (Allegheny, PA)",Carrick,40.400888,-79.989158,kept,0,28.62,12.0,13.4,51;51L,id
3138,HIGHLAND AVE AT WALNUT ST,"Pittsburgh city (Allegheny, PA)",Shadyside,40.454233,-79.925407,kept,0,28.57,11.2,8.0,71B,id
2178,LIBERTY AVE OPP 27TH ST,"Pittsburgh city (Allegheny, PA)",Strip District,40.455219,-79.976433,kept,0,28.52,26.0,23.6,54;86;87;88;91,id
1197,PENN AVE AT 40TH ST,"Pittsburgh city (Allegheny, PA)",Central Lawrenceville,40.465262,-79.957734,kept,0,28.48,12.4,11.2,54;64;88;93,id
6199,BROOKLINE BLVD OPP CASTLEGATE AVE,"Pittsburgh city (Allegheny, PA)",Brookline,40.394817,-80.021351,kept,0,28.48,12.8,5.8,39,id
17426,PLEASANT RIDGE RD AT COMMUNITY CENTER,"Stowe township (Allegheny, PA)",,40.480002,-80.076496,kept,0,28.33,18.0,11.0,22,id
12180,SECOND AVE AT B ST,"Pittsburgh city (Allegheny, PA)",Central Business District,40.436324,-79.996554,kept,0,28.29,20.2,7.8,52L;53L;56;57;58,id
18142,ELLSWORTH AVE OPP SPAHR ST,"Pittsburgh city (Allegheny, PA)",Shadyside,40.458357,-79.927439,kept,0,28.24,15.8,8.8,75,id
8880,EAST LIBERTY BLVD AT PENN AVE,"Pittsburgh city (Allegheny, PA)",East Liberty,40.457652,-79.91732,kept,0,28.24,18.2,13.8,75;77;82;86,id
3268,HIGHLAND AVE AT PENN AVE,"Pittsburgh city (Allegheny, PA)",East Liberty,40.461264,-79.924789,kept,0,28.19,12.4,6.0,71B,id
19882,BRENTWOOD LOOP AT BROWNSVILLE RD,"Brentwood borough (Allegheny, PA)",,40.38087,-79.976066,kept,0,28.05,10.2,4.6,51,id
8783,CENTRE AVE AT AVALON ST,"Pittsburgh city (Allegheny, PA)",Terrace Village,40.448725,-79.961662,kept,0,28.0,4.4,1.2,82,id
16110,EAST BUSWAY AT HOMEWOOD STATION B,"Pittsburgh city (Allegheny, PA)",Homewood South,40.453,-79.899379,kept,0,27.95,18.0,9.0,P12;P16;P67;P68;P69;P7;P71;P76;P78,id
20516,BUTLER ST AT PENN AVE FS,"Pittsburgh city (Allegheny, PA)",Lower Lawrenceville,40.463011,-79.966971,kept,0,27.95,8.4,9.8,91,id
21012,KENNYWOOD MALL FIRE LANE AT GIANT EAGLE,"West Mifflin borough (Allegheny, PA)",,40.383913,-79.868381,kept,0,27.86,28.4,18.2,59,former_id
12567,6TH ST AT BALDRIDGE AVE,"North Braddock borough (Allegheny, PA)",,40.40573,-79.863463,kept,0,27.67,35.6,31.6,59;61A;61B,id
9965,ST CLAIR AVE AT 6TH ST FS,"Clairton city (Allegheny, PA)",,40.293462,-79.887887,kept,0,27.67,17.2,13.8,55;Y46,id
19192,INGRAM AVE AT WEST BUSWAY RAMP FS,"Ingram borough (Allegheny, PA)",,40.443931,-80.06618,kept,0,27.62,24.2,8.8,26;27,id
4781,ARLINGTON AVE AT FERNLEAF ST,"Pittsburgh city (Allegheny, PA)",Arlington-Arlington Heights,40.417334,-79.976272,kept,0,27.62,19.8,15.8,48,id
12152,MIFFLIN RD AT INTERBORO AVE FS,"Pittsburgh city (Allegheny, PA)",Lincoln Place,40.369984,-79.913408,kept,0,27.57,15.8,11.0,56,id
7429,ARDMORE BLVD AT SUMNER AVE,"Forest Hills borough (Allegheny, PA)",,40.417161,-79.848222,kept,0,27.48,4.0,1.4,69;P69;P76,id
19883,ALLEGHENY STATION BAY 1,"Pittsburgh city (Allegheny, PA)",Chateau,40.447675,-80.019162,kept,0,27.43,26.8,10.4,14,id
20242,ST CLAIR AVE AT MILLER AVE FS,"Clairton city (Allegheny, PA)",,40.292534,-79.883233,kept,0,27.43,17.6,12.0,55;Y46,id
14867,FRIENDSHIP AVE AT MILLVALE AVE,"Pittsburgh city (Allegheny, PA)",Bloomfield,40.462386,-79.946194,kept,0,27.33,23.0,11.0,64;87,former_id
22762,STANTON AVE AT NEGLEY AVE FS,"Pittsburgh city (Allegheny, PA)",Highland Park,40.380168,-79.865464,kept,0,27.24,13.4,9.6,59,id
7165,WOODSTOCK AVE AT WOODSTOCK TERRACE,"Swissvale borough (Allegheny, PA)",,40.414847,-79.874385,kept,0,27.24,4.4,2.4,59;61A,id
22726,PENN AVE OPP SHADY AVE,"Pittsburgh city (Allegheny, PA)",East Liberty,40.511555,-80.090891,kept,0,27.14,33.4,19.2,19L,id
5023,STEUBENVILLE PIKE AT WEST WAY SHOPPES,"Robinson township (Allegheny, PA)",,40.444272,-80.146082,kept,0,27.14,22.6,11.6,24;29,id
7102,FORBES AVE OPP MARGARET MORRISON ST,"Pittsburgh city (Allegheny, PA)",Squirrel Hill North,40.442606,-79.937477,kept,0,27.05,33.4,15.8,61A;61B;61C;61D,id
14387,FRANKSTOWN RD OPP RODI RD,"Penn Hills township (Allegheny, PA)",,40.466393,-79.826126,kept,0,26.86,27.6,11.0,77;P16,id
1862,SHADELAND AVE AT WOODLAND AVE,"Pittsburgh city (Allegheny, PA)",Marshall-Shadeland,40.46918,-80.030179,kept,0,26.86,9.4,8.4,17,id
4848,E CARSON ST AT S 12TH ST,"Pittsburgh city (Allegheny, PA)",South Side Flats,40.428718,-79.98656,kept,0,26.86,17.6,12.0,48;51,id
22763,PENN AVE AT S ST. CLAIR ST,"Pittsburgh city (Allegheny, PA)",East Liberty,40.380107,-79.862083,kept,0,26.81,18.2,11.4,59,id
3479,KENNEDY CTR GIANT EAGLE,"Kennedy township (Allegheny, PA)",,40.46788,-80.09716,kept,0,26.81,19.4,10.0,20;22;24,id
18769,BROADWAY AVE AT 9TH ST,"Stowe township (Allegheny, PA)",,40.473497,-80.076175,kept,0,26.71,27.4,13.4,24,id
18305,CALIFORNIA AVE AT ELIZABETH AVE,"Avalon borough (Allegheny, PA)",,40.499328,-80.063866,kept,0,26.62,16.2,15.4,16;19L,id
12072,JOHNSTON AVE AT GLENWOOD AVE,"Pittsburgh city (Allegheny, PA)",Hazelwood,40.406474,-79.939644,kept,0,26.57,11.6,7.2,57;93,id
22786,HAYMAKER VILLAGE (SHOP N SAVE),"Monroeville municipality (Allegheny, PA)",,40.389442,-79.766828,kept,0,26.52,9.4,8.0,69,former_id
1169,FIFTH AVE AT NEVILLE ST,"Pittsburgh city (Allegheny, PA)",Squirrel Hill North,40.447121,-79.947174,kept,0,26.48,22.2,13.0,71B;71D,id
2575,CENTRE AVE AT NEVILLE ST,"Pittsburgh city (Allegheny, PA)",North Oakland,40.452505,-79.949818,kept,0,26.33,32.0,13.4,54;71A;71C;82,id
824,PERRYSVILLE AVE AT ELLZEY ST,"Pittsburgh city (Allegheny, PA)",Perry South,40.471776,-80.010063,kept,0,26.33,22.4,14.8,15;8,id
12760,BUTLER ST AT FREEPORT ST,"Etna borough (Allegheny, PA)",,40.496406,-79.94415,kept,0,26.29,23.2,15.8,1;2;P13,former_id
3139,HIGHLAND AVE AT HOWE ST,"Pittsburgh city (Allegheny, PA)",Shadyside,40.45341,-79.924941,kept_nearby,81,26.29,5.8,5.0,71B,id
18397,DUQUESNE BLVD OPP HERMAN AVE FS,"Duquesne city (Allegheny, PA)",,40.3843,-79.860554,kept,0,26.24,16.2,15.6,59;61C;P7,id
12830,E 4TH AVE AT HICKORY AL,"Tarentum borough (Allegheny, PA)",,40.601977,-79.752892,kept_nearby,114,26.14,19.4,19.0,1;P10,id
1705,COLUMBUS AVE AT CHATEAU ST FS,"Pittsburgh city (Allegheny, PA)",Manchester,40.457423,-80.02888,kept,0,26.14,1.6,3.0,17;18,id
99987,BROADWAY AVE AT HAMPSHIRE,"Pittsburgh city (Allegheny, PA)",Beechview,40.410999,-80.024525,kept,0,26.14,12.4,27.8,RED,id
1267,CALIFORNIA AVE AT HOME AVE,"Avalon borough (Allegheny, PA)",,40.498601,-80.061969,kept,0,26.05,12.6,13.4,16;19L,id
21042,ROSS AVE AT COAL ST,"Wilkinsburg borough (Allegheny, PA)",,40.44111,-79.879977,kept,0,26.05,12.0,9.6,61A;67;69;79;P17;P67;P69;P78,former_id
1397,BEAVER AVE AT PENNSYLVANIA AVE,"Pittsburgh city (Allegheny, PA)",Chateau,40.453468,-80.029129,kept_nearby,89,26.0,0.0,3.6,14,id
12109,SECOND AVE AT ELIZABETH ST,"Pittsburgh city (Allegheny, PA)",Hazelwood,40.407198,-79.943363,kept,0,25.67,16.0,19.4,56;57;93,id
3715,FOSTER AVE AT SR CITIZEN BLDG,"Crafton borough (Allegheny, PA)",,40.440754,-80.068642,kept,0,25.67,15.4,5.2,26;27,id
10961,8TH AVE AT WEST ST FS,"Homestead borough (Allegheny, PA)",,40.406204,-79.911854,kept,0,25.52,23.4,23.0,52L;53;53L;57;59;61C,id
17647,WATERFRONT DR AT COSTCO WHOLESALE DRVWY,"West Homestead borough (Allegheny, PA)",,40.404341,-79.920553,kept,0,25.52,29.8,28.6,53;53L;59;61D;64,id
8184,NEGLEY AVE OPP RIPPEY ST FS,"Pittsburgh city (Allegheny, PA)",Garfield,40.466863,-79.928721,kept,0,25.52,10.0,4.2,71A;87,id
8290,WOOD ST AT HILL AVE,"Wilkinsburg borough (Allegheny, PA)",,40.44598,-79.88337,kept,0,25.52,20.6,15.2,71D;86,id
8674,CENTRE AVE AT ROBERTS ST,"Pittsburgh city (Allegheny, PA)",Crawford-Roberts,40.442293,-79.983136,kept,0,25.52,13.8,14.0,81;82;83,id
1151,MAIN ST AT HOWLEY ST,"Pittsburgh city (Allegheny, PA)",Bloomfield,40.46434,-79.953484,kept,0,25.48,11.0,5.2,54;93,id
17356,FREEPORT RD OPP #1050,"O'Hara township (Allegheny, PA)",,40.4874,-79.884395,kept,0,25.29,22.2,23.0,1;75;91,id
7228,BRADDOCK AVE AT HUTCHINSON ST,"Edgewood borough (Allegheny, PA)",,40.432681,-79.893884,kept,0,25.29,18.0,9.2,61B;71;P71,id
7035,BESSEMER AVE AT GRANDVIEW AVE,"East Pittsburgh borough (Allegheny, PA)",,40.395015,-79.839172,kept,0,25.24,26.0,15.6,59;P68,id
2239,ISLAND AVE OPP ADRIAN ST,"McKees Rocks borough (Allegheny, PA)",,40.474514,-80.064317,kept,0,25.05,12.6,9.2,21;22,id
9284,STANTON AVE OPP HETH'S AVE,"Pittsburgh city (Allegheny, PA)",East Liberty,40.472374,-79.928604,kept,0,24.86,10.6,7.6,75;87,id
12074,JOHNSTON AVE AT SECOND AVE,"Pittsburgh city (Allegheny, PA)",Hazelwood,40.406185,-79.942843,kept,0,24.81,11.0,7.6,57;93,id
10953,MURRAY AVE OPP MORROWFIELD AVE,"Pittsburgh city (Allegheny, PA)",Squirrel Hill South,40.428107,-79.925165,kept,0,24.71,19.8,14.0,61C;61D;64;93,id
7093,FORBES AVE AT DALLAS AVE,"Pittsburgh city (Allegheny, PA)",Point Breeze,40.43807,-79.912789,kept,0,24.67,10.6,10.4,61A;61B,id
21198,WASHINGTON AVE AT STATION ST NS,"Bridgeville borough (Allegheny, PA)",,40.358059,-80.112371,kept_nearby,52,24.52,16.2,4.4,31;G31,former_id
1594,BRIGHTON RD AT N CHARLES ST,"Pittsburgh city (Allegheny, PA)",Perry South,40.459609,-80.016874,kept,0,24.48,11.2,5.4,15;16,id
3148,FIFTH AVE OPP SENECA ST,"Pittsburgh city (Allegheny, PA)",West Oakland,40.438191,-79.975796,kept_nearby,133,24.48,13.6,11.0,61A;61B;61C;71B,id
3620,BROADWAY AVE AT 3RD ST,"McKees Rocks borough (Allegheny, PA)",,40.467846,-80.067358,kept,0,24.48,13.4,8.4,24,id
9140,FRANKSTOWN AVE AT HOMEWOOD AVE,"Pittsburgh city (Allegheny, PA)",Homewood South,40.45739,-79.896445,kept,0,24.48,19.4,13.4,77;86,id
11005,RICHLAND AVE AT 3RD ST,"Dravosburg borough (Allegheny, PA)",,40.349037,-79.891934,kept,0,24.43,16.8,12.4,56;59,id
1193,LIBERTY AVE AT PEARL ST,"Pittsburgh city (Allegheny, PA)",Bloomfield,40.462088,-79.949752,kept,0,24.43,14.4,7.8,54;86,id
17552,BRIGHTON RD OPP ARMANDALE ST,"Pittsburgh city (Allegheny, PA)",California-Kirkbride,40.458032,-80.016051,kept,0,24.43,14.0,9.2,13;15;16,id
18510,SOUTH AVE AT WOOD ST NS,"Wilkinsburg borough (Allegheny, PA)",,40.441936,-79.885063,kept,0,24.33,17.0,7.6,61A;P68;P69,id
3644,BROADWAY AVE OPP DALE ST,"Stowe township (Allegheny, PA)",,40.471866,-80.07254,kept,0,24.33,13.8,16.2,24,id
19558,CALIFORNIA AVE AT TERMON AVE FS,"Pittsburgh city (Allegheny, PA)",Brighton Heights,40.481592,-80.041627,kept,0,24.29,15.4,9.4,13,id
21447,WARRINGTON AVE AT BELTZHOOVER AVE,"Pittsburgh city (Allegheny, PA)",Beltzhoover,40.421583,-79.997592,kept,0,24.29,13.8,12.0,48,id
6280,BOWER HILL RD AT FIRWOOD DR,"Mount Lebanon township (Allegheny, PA)",,40.376167,-80.067837,kept,0,24.29,9.8,4.8,41,id
1152,LIBERTY AVE AT ELLA ST,"Pittsburgh city (Allegheny, PA)",Bloomfield,40.463154,-79.951974,kept,0,24.24,16.0,8.0,54;86,id
12767,MAIN ST OPP CANAL ST,"Sharpsburg borough (Allegheny, PA)",,40.494509,-79.932054,kept,0,24.24,22.8,19.6,1;91,id
13572,HWY RT 286 AT NEW TEXAS RD - PLUM PARK AND R,"Plum borough (Allegheny, PA)",,40.450972,-79.71358,kept,0,24.19,0.0,0.0,P12,id
16051,AMBRIDGE PARK AND RIDE,"Ambridge borough (Beaver, PA)",,40.592449,-80.22814,kept,0,24.19,20.2,11.0,14,id
7785,ARDMORE BLVD AT AVE B - FOREST HILLS PARK AND,"Forest Hills borough (Allegheny, PA)",,40.413048,-79.844834,kept,0,24.1,2.6,0.6,59;69;P69;P76,id
9102,FRANKSTOWN RD AT OVERBROOK RD,"Penn Hills township (Allegheny, PA)",,40.460926,-79.867401,kept,0,24.05,16.4,14.0,77,id
20906,LEBANON RD AT SOUTH HILLS INDUSTRIAL PARK,"West Mifflin borough (Allegheny, PA)",,40.359182,-79.934128,kept,0,23.95,5.8,2.0,51;53L;55,id
19539,MILLVALE AVE AT CENTRE AVE FS,"Pittsburgh city (Allegheny, PA)",Bloomfield,40.453674,-79.947428,kept,0,23.9,16.2,9.6,54,id
9333,JANCEY ST AT GREENWOOD ST,"Pittsburgh city (Allegheny, PA)",Morningside,40.486014,-79.926461,kept,0,23.9,4.2,4.8,75;87,id
14856,ELLA ST AT LIBERTY AVE,"Pittsburgh city (Allegheny, PA)",Bloomfield,40.463297,-79.951732,kept,0,23.86,7.0,2.2,87,id
15270,WEST BUSWAY AT SHERADEN STATION B,"Pittsburgh city (Allegheny, PA)",Sheraden,40.452707,-80.052905,kept,0,23.81,28.0,17.2,28X;G3;G31,id
22198,GAMMA DR OPP ZOLL DRIVEWAY,"O'Hara township (Allegheny, PA)",,40.498724,-79.868205,kept,0,23.81,0.0,0.0,91,former_id
815,PERRYSVILLE AVE OPP WATSON BLVD FS,"Pittsburgh city (Allegheny, PA)",Perry North,40.483943,-80.013342,kept,0,23.81,19.0,15.4,15;8,id
10958,BROWNS HILL RD AT IMOGENE RD,"Pittsburgh city (Allegheny, PA)",Hazelwood,40.415666,-79.92516,kept,0,23.76,12.6,8.2,52L;53L;61C;61D;64,id
93,SOUTH BANK STATION,"Pittsburgh city (Allegheny, PA)",Brookline,40.392837,-79.998309,kept,0,23.71,18.8,11.2,BLUE;SLVR,former_id
1192,LIBERTY AVE AT EDMOND ST,"Pittsburgh city (Allegheny, PA)",Bloomfield,40.461145,-79.947957,kept,0,23.67,15.6,8.4,54;86,id
1777,MT PLEASANT RD AT PENFORT ST,"Pittsburgh city (Allegheny, PA)",Northview Heights,40.477118,-79.999685,kept,0,23.62,15.6,11.6,6,id
2199,5TH AVE AT MAIN ST,"Coraopolis borough (Allegheny, PA)",,40.518416,-80.166898,kept,0,23.62,13.8,11.8,21,id
4772,WARRINGTON AVE AT ARLINGTON AVE,"Pittsburgh city (Allegheny, PA)",Allentown,40.421789,-79.992502,kept,0,23.62,22.2,12.2,43;48,id
4877,ARLINGTON AVE AT S 18TH ST,"Pittsburgh city (Allegheny, PA)",South Side Slopes,40.417582,-79.986232,kept,0,23.57,14.0,8.4,48,id
7825,PENN AVE OPP THOMPSON ST,"Turtle Creek borough (Allegheny, PA)",,40.405214,-79.827345,kept,0,23.48,18.2,21.4,59;69;P68;P69,former_id
2628,MILLVALE AVE AT MOREWOOD AVE,"Pittsburgh city (Allegheny, PA)",Bloomfield,40.456085,-79.94766,kept,0,23.38,10.6,3.4,54,id
1259,CALIFORNIA AVE AT FLORENCE AVE,"Avalon borough (Allegheny, PA)",,40.503482,-80.074563,kept,0,23.33,19.6,6.4,16;19L,id
21067,STEUBENVILLE PIKE OPP HIGHTOWER BLVD,"Robinson township (Allegheny, PA)",,40.447736,-80.155165,kept,0,23.33,10.2,8.0,24;29,id
9368,BROWNSVILLE RD OPP KAUFMANN AVE,"Brentwood borough (Allegheny, PA)",,40.369195,-79.975557,kept,0,23.29,9.2,8.6,51;51L,id
322,MCKNIGHT RD AT ARCADIA DR,"McCandless township (Allegheny, PA)",,40.576656,-80.026146,kept,0,23.19,0.0,0.2,12;O12,id
19432,LAKETON RD AT DOUGLAS DR FS,"Wilkinsburg borough (Allegheny, PA)",,40.454807,-79.858412,kept,0,23.14,0.0,0.0,P78,id
1997,EAST OHIO ST AT MIDDLE ST,"Pittsburgh city (Allegheny, PA)",East Allegheny,40.453857,-79.998947,kept,0,23.05,16.6,10.0,1;2;4;54;6;7,id
8812,LINCOLN AVE AT VERONA BLVD,"Pittsburgh city (Allegheny, PA)",Lincoln-Lemington-Belmar,40.47315,-79.88822,kept,0,23.05,15.4,13.4,79;82,id
1159,LIBERTY AVE AT BAUM BLVD,"Pittsburgh city (Allegheny, PA)",Bloomfield,40.456711,-79.939926,kept,0,22.95,18.2,16.6,64;86,id
9011,BEDFORD AVE AT MEMORY LN,"Pittsburgh city (Allegheny, PA)",Bedford Dwellings,40.448301,-79.978277,kept,0,22.95,12.8,8.8,83,id
1149,40TH ST OPP DAVIDSON ST,"Pittsburgh city (Allegheny, PA)",Lower Lawrenceville,40.467598,-79.960979,kept,0,22.9,18.6,5.6,64;93,id
22280,BROADWAY AVE AT SHIRAS,"Pittsburgh city (Allegheny, PA)",Beechview,40.404084,-80.030283,kept,0,22.9,20.2,14.2,RED,id
16344,WOODSTOCK AVE OPP SWISSVALE STATION STEPS,"Swissvale borough (Allegheny, PA)",,40.415683,-79.87825,kept,0,22.81,20.6,11.4,59;61A;P7,former_id
3621,BROADWAY AVE AT WAYNE AVE,"McKees Rocks borough (Allegheny, PA)",,40.469253,-80.069234,kept,0,22.71,15.4,13.2,24,id
8671,CENTRE AVE AT DEVILLIERS ST,"Pittsburgh city (Allegheny, PA)",Middle Hill,40.443735,-79.980277,kept,0,22.71,14.2,10.6,81;82,id
9137,FRANKSTOWN AVE AT MURTLAND ST,"Pittsburgh city (Allegheny, PA)",Homewood West,40.458486,-79.90125,kept,0,22.71,6.6,7.0,77;86,id
9920,LYSLE BLVD AT LOCUST ST FS,"McKeesport city (Allegheny, PA)",,40.351758,-79.86381,kept,0,22.71,11.2,9.4,55;56;59;60,former_id
210,MCINTYRE SQUARE AT GABRIEL BROTHERS,"McCandless township (Allegheny, PA)",,40.554013,-80.016522,kept,0,22.67,29.8,15.4,12,id
1262,CALIFORNIA AVE AT BIRMINGHAM AVE,"Avalon borough (Allegheny, PA)",,40.501869,-80.069385,kept,0,22.62,16.6,12.4,16;19L,id
15453,NEGLEY AVE AT WALNUT ST,"Pittsburgh city (Allegheny, PA)",Shadyside,40.452143,-79.931078,loses_all_service,279,22.62,34.8,28.6,64,id
5430,NOBLESTOWN RD OPP CRAFTON BLVD,"Pittsburgh city (Allegheny, PA)",Westwood,40.437486,-80.053761,kept,0,22.62,7.8,2.4,31,id
20104,PENN AVE AT GRANT ST,"Turtle Creek borough (Allegheny, PA)",,40.404656,-79.825593,kept,0,22.52,32.2,19.8,59;69;P69,id
10129,SOUTH CAMPUS DRVWY AT LIBRARY ENTRANCE,"West Mifflin borough (Allegheny, PA)",,40.330153,-79.923501,kept,0,22.48,8.4,6.2,55;Y47;Y49,id
10916,MURRAY AVE AT WELFER ST,"Pittsburgh city (Allegheny, PA)",Greenfield,40.424896,-79.928058,kept,0,22.48,10.0,5.4,61C;61D;64;93,id
7628,PENN AVE AT BRUSHTON AVE,"Pittsburgh city (Allegheny, PA)",Point Breeze North,40.4466,-79.893367,kept,0,22.48,8.8,6.8,67;69;71C,id
6154,WEST LIBERTY AVE AT ILLINOIS AVE,"Dormont borough (Allegheny, PA)",,40.395175,-80.033986,kept,0,22.43,9.4,6.0,41,id
19326,PERRYSVILLE AVE AT KENNEDY AVE FS,"Pittsburgh city (Allegheny, PA)",Perry South,40.474291,-80.010501,kept,0,22.38,11.8,7.2,15;8,id
21452,SKYLINE DR AT BALDWIN HEALTH CENTER,"Whitehall borough (Allegheny, PA)",,40.366636,-79.962492,kept_nearby,138,22.38,16.4,10.8,Y49,id
4099,CHARTIERS AVE AT HILLSBORO ST,"Pittsburgh city (Allegheny, PA)",Sheraden,40.453375,-80.05485,kept,0,22.38,8.0,7.2,26,id
1608,BRIGHTON RD AT WOODS RUN AVE,"Pittsburgh city (Allegheny, PA)",Marshall-Shadeland,40.476352,-80.031616,kept,0,22.33,11.8,11.0,16,id
3270,HIGHLAND AVE AT STATION ST,"Pittsburgh city (Allegheny, PA)",East Liberty,40.463612,-79.923811,kept,0,22.33,12.8,8.6,71B;74;89,id
7354,YOST BLVD AT ARDMORE BLVD FS,"Forest Hills borough (Allegheny, PA)",,40.415474,-79.84803,kept_nearby,44,22.33,19.8,11.4,59,id
7469,BRADDOCK AVE AT COREY AVE,"Braddock borough (Allegheny, PA)",,40.403771,-79.869163,kept,0,22.33,14.6,12.4,59;61B,id
842,WEST VIEW PARK DR AT PERRY HWY,"West View borough (Allegheny, PA)",,40.517688,-80.0311,kept,0,22.33,19.0,10.0,8,id
8539,HIGHLAND AVE AT VINTAGE SENIOR CITIZEN CTR,"Pittsburgh city (Allegheny, PA)",East Liberty,40.465361,-79.923099,kept,0,22.29,10.0,1.0,71B;74;89,id
21859,EAST LIBERTY BLVD AT DAHLEM PL,"Pittsburgh city (Allegheny, PA)",Larimer,40.45804,-79.916695,kept,0,22.24,13.4,9.4,75;77;82;86,former_id
3302,OLD FREEPORT RD AT FREEPORT RD (TERM),"O'Hara township (Allegheny, PA)",,40.490139,-79.869972,kept_nearby,130,22.24,20.2,7.0,91,id
2608,BAUSMAN ST AT BROWNSVILLE RD,"Pittsburgh city (Allegheny, PA)",Knoxville,40.414406,-79.988298,kept,0,22.19,7.6,8.6,44;54,id
47,LOGAN ROAD,"Bethel Park municipality (Allegheny, PA)",,40.311723,-80.03314,kept,0,22.19,10.6,7.2,SLVR,former_id
2626,MILLVALE AVE AT CYPRESS ST,"Pittsburgh city (Allegheny, PA)",Bloomfield,40.458853,-79.94706,kept,0,22.14,9.2,3.4,54,id
1334,MERCHANT ST AT 6TH ST,"Ambridge borough (Beaver, PA)",,40.586599,-80.227418,kept,0,22.1,19.0,15.4,14,id
99966,HIGHLAND,"Bethel Park municipality (Allegheny, PA)",,40.348321,-80.039769,kept,0,22.1,12.6,10.6,BLUE;RED,id
12703,MAIN ST AT CANAL ST,"Sharpsburg borough (Allegheny, PA)",,40.494602,-79.932179,kept,0,22.0,15.8,16.2,1;91,id
14962,MAIN ST AT 62ND ST BRIDGE,"Etna borough (Allegheny, PA)",,40.495403,-79.939415,kept,0,21.95,14.2,10.2,91,former_id
1529,BRIGHTON RD AT TERMON AVE,"Pittsburgh city (Allegheny, PA)",Brighton Heights,40.483136,-80.035509,kept,0,21.95,10.0,8.2,16;17,id
6838,SOUTH BUSWAY AT OVERBROOK SHELTER,"Pittsburgh city (Allegheny, PA)",Overbrook,40.385218,-79.995853,kept,0,21.95,9.8,10.2,Y1;Y45;Y46;Y47;Y49,id
11633,MAIN ST AT VIRGINIA AVE,"Munhall borough (Allegheny, PA)",,40.385783,-79.903038,kept,0,21.9,5.6,6.2,53;53L,id
3552,HELEN ST AT CATHERINE ST,"McKees Rocks borough (Allegheny, PA)",,40.472795,-80.056347,kept,0,21.86,12.2,4.8,22,id
4850,E CARSON ST AT S 14TH ST,"Pittsburgh city (Allegheny, PA)",South Side Flats,40.42877,-79.984251,kept,0,21.86,20.0,16.4,48;51,id
7065,WAVERLY AVE AT BRADDOCK AVE,"Swissvale borough (Allegheny, PA)",,40.422202,-79.886139,kept,0,21.86,18.6,14.0,59;61A;P7,id
8202,CENTRE AVE AT SHADYSIDE HOSPITAL,"Pittsburgh city (Allegheny, PA)",Shadyside,40.455549,-79.939653,kept,0,21.81,13.4,5.6,71A;71C;82,id
8739,BEDFORD AVE AT MERCER ST,"Pittsburgh city (Allegheny, PA)",Crawford-Roberts,40.444389,-79.987316,kept,0,21.76,18.4,9.0,81,id
8890,CENTRE AVE AT DITHRIDGE ST,"Pittsburgh city (Allegheny, PA)",North Oakland,40.45158,-79.953205,kept,0,21.76,15.4,13.6,82,id
15455,NEGLEY AVE AT ELLSWORTH AVE,"Pittsburgh city (Allegheny, PA)",Shadyside,40.454902,-79.932714,kept_nearby,27,21.71,26.4,28.0,64,id
8249,ELLSWORTH AVE AT AIKEN AVE,"Pittsburgh city (Allegheny, PA)",Shadyside,40.45286,-79.936579,kept,0,21.71,8.2,6.6,75,id
10913,BROWNS HILL RD OPP IMOGENE RD,"Pittsburgh city (Allegheny, PA)",Squirrel Hill South,40.415316,-79.924617,kept,0,21.67,13.8,11.0,52L;53L;61C;61D;64,id
18150,39TH ST AT BUTLER ST,"Pittsburgh city (Allegheny, PA)",Lower Lawrenceville,40.467498,-79.963592,kept_nearby,22,21.67,19.2,10.0,64,id
1998,EAST OHIO ST AT JAMES ST,"Pittsburgh city (Allegheny, PA)",East Allegheny,40.453559,-80.000497,kept,0,21.67,13.0,9.6,1;2;4;54;6;7,id
1556,NORTH AVE AT ARCH ST,"Pittsburgh city (Allegheny, PA)",Allegheny Center,40.454999,-80.008809,kept,0,21.57,21.2,16.8,13;15;16;17,id
8179,NEGLEY AVE AT JACKSON ST,"Pittsburgh city (Allegheny, PA)",Highland Park,40.472561,-79.925875,kept,0,21.57,8.0,6.2,71A,id
11274,HWY RT 51 AT MONRO MUFFLER,"Pleasant Hills borough (Allegheny, PA)",,40.331322,-79.945749,kept,0,21.52,21.4,14.6,55;Y46,id
20406,HOFFMAN BLVD AT KENNYWOOD BLVD,"Duquesne city (Allegheny, PA)",,40.384712,-79.86288,kept,0,21.52,24.4,13.8,59,id
92,SOUTH BANK STATION,"Pittsburgh city (Allegheny, PA)",Brookline,40.393266,-79.99833,kept,0,21.52,13.2,5.8,BLUE;SLVR,former_id
4811,S 26TH ST AT SARAH ST,"Pittsburgh city (Allegheny, PA)",South Side Flats,40.426475,-79.968792,kept,0,21.43,17.4,7.8,48,id
21180,8TH AVE AT DICKSON ST,"Munhall borough (Allegheny, PA)",,40.408819,-79.905587,kept,0,21.38,10.0,14.0,52L;59;61C,former_id
10629,EDEN PARK BLVD AT O'NEIL BLVD,"McKeesport city (Allegheny, PA)",,40.347419,-79.832327,kept,0,21.33,17.2,9.2,56,id
7125,FORBES AVE AT WIGHTMAN ST,"Pittsburgh city (Allegheny, PA)",Squirrel Hill South,40.437986,-79.927988,kept,0,21.33,24.8,9.4,61A;61B;61C;61D,id
7631,PENN AVE AT LEXINGTON ST,"Pittsburgh city (Allegheny, PA)",Point Breeze North,40.448678,-79.899627,kept,0,21.24,15.0,11.4,67;69;71C,id
84,WESTFIELD,"Pittsburgh city (Allegheny, PA)",Beechview,40.410544,-80.020113,kept,0,21.24,31.8,16.0,RED,former_id
8714,BEDFORD AVE OPP MERCER ST,"Pittsburgh city (Allegheny, PA)",Crawford-Roberts,40.444521,-79.98722,kept,0,21.24,13.4,9.8,81,id
15438,MALL AT ROBINSON AT ENTRANCE K,"Robinson township (Allegheny, PA)",,40.4529,-80.156992,kept,0,21.19,22.4,16.6,24,id
8203,CENTRE AVE AT AIKEN AVE,"Pittsburgh city (Allegheny, PA)",Shadyside,40.455835,-79.93874,kept,0,21.19,12.2,12.8,71A;71C;82,id
9616,MOUNTAINVIEW DR AT GREASE MONKEY,"West Mifflin borough (Allegheny, PA)",,40.344582,-79.939678,kept,0,21.19,15.4,10.4,51;53;53L;55;59;Y47;Y49,id
8873,LINCOLN AVE AT SHETLAND ST,"Pittsburgh city (Allegheny, PA)",Larimer,40.461675,-79.907853,kept,0,21.1,17.4,6.2,82;P17,id
21454,PARKLINE DR AT #1695,"Whitehall borough (Allegheny, PA)",,40.367997,-79.965491,kept,0,21.0,18.2,10.6,Y49,id
2589,PENN AVE AT 30TH ST,"Pittsburgh city (Allegheny, PA)",Strip District,40.458924,-79.972701,kept,0,21.0,9.2,6.6,54;88;91,id
22311,PARKLINE DR AT RADFORD RD,"Whitehall borough (Allegheny, PA)",,40.364979,-79.966986,kept,0,20.95,18.2,12.8,Y49,id
57,RIDGE AVE OPP BRIGHTON RD,"Pittsburgh city (Allegheny, PA)",Allegheny West,40.450375,-80.014343,kept_nearby,78,20.95,8.8,2.4,18;54,id
5387,WASHINGTON AVE AT CHARTIERS ST FS,"Bridgeville borough (Allegheny, PA)",,40.35615,-80.113583,loses_all_service,278,20.86,7.6,8.2,31;G31,id
9115,FRANKSTOWN AVE AT LANG AVE NS,"Pittsburgh city (Allegheny, PA)",Homewood North,40.457885,-79.898244,kept,0,20.86,21.4,13.6,77;86,id
7129,FORBES AVE AT BEECHWOOD BLVD,"Pittsburgh city (Allegheny, PA)",Squirrel Hill South,40.438003,-79.916373,kept,0,20.81,2.2,1.8,61A;61B,id
9030,TERRACE ST AT DARRAGH ST,"Pittsburgh city (Allegheny, PA)",West Oakland,40.44209,-79.962786,kept,0,20.81,5.4,8.2,81;83,id
14852,FRIENDSHIP AVE AT MILLVALE AVE,"Pittsburgh city (Allegheny, PA)",Bloomfield,40.46272,-79.945472,kept,0,20.71,5.0,3.2,64;87,id
14976,BUTLER ST AT MAIN ST,"Pittsburgh city (Allegheny, PA)",Central Lawrenceville,40.4697,-79.960976,kept,0,20.67,13.8,13.0,91;93,id
8771,CENTRE AVE OPP FRANCIS ST,"Pittsburgh city (Allegheny, PA)",Terrace Village,40.447021,-79.967533,kept,0,20.67,24.6,15.8,82,id
9964,ST CLAIR AVE AT 5TH ST,"Clairton city (Allegheny, PA)",,40.293012,-79.88539,kept,0,20.67,10.0,6.4,55;Y46,id
8865,LINCOLN AVE AT MANNING ST FS,"Pittsburgh city (Allegheny, PA)",Lincoln-Lemington-Belmar,40.46788,-79.89701,kept,0,20.62,10.0,8.2,82;P17,id
22718,CHARTIERS AVE AT ISLAND AVE FS (STEPS),"McKees Rocks borough (Allegheny, PA)",,40.465724,-80.062004,kept,0,20.57,7.4,8.4,20;24,former_id
9425,RADFORD RD AT WILLOCK RD (OPP 7-11),"Whitehall borough (Allegheny, PA)",,40.363839,-79.967986,kept,0,20.52,13.4,6.2,Y49,id
9870,MONONGAHELA AVE AT 6TH ST,"Glassport borough (Allegheny, PA)",,40.325879,-79.892422,kept,0,20.52,17.4,10.4,55,id
10016,BROWNSVILLE RD AT NOBLES LN,"Pittsburgh city (Allegheny, PA)",Carrick,40.403958,-79.99023,kept,0,20.29,18.6,7.2,51;51L,id
21782,LIBERTY AVE AT BAUM BLVD,"Pittsburgh city (Allegheny, PA)",Bloomfield,40.456562,-79.939392,kept,0,20.29,19.4,11.0,64;86,former_id
8624,CENTRE AVE AT MILLER ST,"Pittsburgh city (Allegheny, PA)",Crawford-Roberts,40.4418,-79.984087,kept,0,20.29,13.0,7.6,82;83,id
3513,FAIRHAVEN RD AT KENMAWR PLAZA ENTRANCE (SHELTE,"Kennedy township (Allegheny, PA)",,40.474821,-80.099333,loses_all_service,220,20.24,14.6,10.8,20;22,id
623,EAST COMMONS AT EAST OHIO ST NS,"Pittsburgh city (Allegheny, PA)",Allegheny Center,40.452772,-80.00358,kept,0,20.24,18.4,6.6,1;12;13;16;2;4;6;7,id
1554,NORTH AVE OPP MONTEREY ST,"Pittsburgh city (Allegheny, PA)",Allegheny Center,40.454277,-80.012695,kept,0,20.19,20.6,15.4,13;15;16;17,id
7600,LAKETON RD OPP NELBON AVE,"Penn Hills township (Allegheny, PA)",,40.459575,-79.843778,kept,0,20.19,0.0,0.0,P78,id
1540,BRIGHTON RD AT HIGHWOOD ST,"Pittsburgh city (Allegheny, PA)",Marshall-Shadeland,40.468456,-80.025291,kept,0,20.1,12.6,9.0,16;17,id
2410,32ND ST AT SPRING WAY,"Pittsburgh city (Allegheny, PA)",Strip District,40.460445,-79.969566,kept,0,20.1,6.2,5.6,54;88;91,id
819,PERRYSVILLE AVE AT MARSHALL RD,"Pittsburgh city (Allegheny, PA)",Perry North,40.47825,-80.012114,kept,0,20.1,13.4,8.2,15;8,id
8788,CENTRE AVE AT CRAIG ST,"Pittsburgh city (Allegheny, PA)",North Oakland,40.451825,-79.952152,kept,0,20.05,22.6,12.6,82,id
7088,KELLY AVE AT PEEBLES ST,"Wilkinsburg borough (Allegheny, PA)",,40.441271,-79.894206,kept,0,20.0,12.8,4.0,61A;71;P71,id
99,MEMORIAL HALL STATION,"Castle Shannon borough (Allegheny, PA)",,40.366474,-80.01672,kept,0,20.0,14.2,11.4,BLUE;SLVR,former_id
1519,LINCOLN AVE AT KENDALL AVE,"Bellevue borough (Allegheny, PA)",,40.490959,-80.048218,kept,0,19.95,16.0,10.4,13;16;19L,id
19007,KELLY AVE AT TRENTON AVE FS,"Wilkinsburg borough (Allegheny, PA)",,40.441283,-79.89269,kept,0,19.95,7.4,5.4,61A;71;P71,id
4821,E CARSON ST AT S 7TH ST,"Pittsburgh city (Allegheny, PA)",South Side Flats,40.428668,-79.99213,kept,0,19.95,10.4,5.2,48;51,id
1167,FIFTH AVE AT MOREWOOD AVE,"Pittsburgh city (Allegheny, PA)",Shadyside,40.447476,-79.942284,kept,0,19.9,14.2,9.0,71B;71D,id
7704,ROSS AVE AT MILL ST,"Wilkinsburg borough (Allegheny, PA)",,40.441581,-79.881394,kept,0,19.9,5.8,3.0,61A;67;69;79;P17;P67;P69;P78,id
19388,LIBRARY PL AT DUQUESNE BLVD - DUQUESNE PNR,"Duquesne city (Allegheny, PA)",,40.371788,-79.844238,kept_nearby,4,19.86,12.2,5.8,59;61C;P7,id
19641,MCCOY RD AT TOTERA AVE,"Stowe township (Allegheny, PA)",,40.474633,-80.070405,kept,0,19.86,12.4,5.4,22,id
9031,TERRACE ST OPP CHESTERFIELD RD,"Pittsburgh city (Allegheny, PA)",West Oakland,40.441039,-79.963867,kept,0,19.86,4.8,2.2,81;83,id
22648,UNIVERSITY BLVD AT ROBERT MORRIS,"Moon township (Allegheny, PA)",,40.462407,-79.967451,kept,0,19.76,11.6,9.8,54;88,id
21982,PENN AVE AT FRIENDSHIP AVE,"Pittsburgh city (Allegheny, PA)",Bloomfield,40.4661,-79.952368,kept,0,19.71,7.2,6.8,88,former_id
10033,BROWNSVILLE RD AT MAYTIDE ST,"Pittsburgh city (Allegheny, PA)",Carrick,40.384581,-79.978009,kept,0,19.67,15.8,16.2,51;51L,id
203,BROWNS LN AT MCKNIGHT RD,"Ross township (Allegheny, PA)",,40.545837,-80.01701,kept,0,19.67,17.6,14.8,12;2,id
22169,FREEPORT RD AT WESTERN AVE,"Aspinwall borough (Allegheny, PA)",,40.490701,-79.90745,kept,0,19.62,7.6,9.4,1;75;91,former_id
7616,MONTIER ST AT BESSICA ST,"Wilkinsburg borough (Allegheny, PA)",,40.446248,-79.871115,kept,0,19.62,12.2,2.0,79;P17;P78,id
1165,FIFTH AVE OPP WILKINS AVE,"Pittsburgh city (Allegheny, PA)",Shadyside,40.447892,-79.936896,loses_all_service,217,19.52,11.6,11.0,28X;71B;71D,id
22629,COMMONWEALTH AVE AT MILLER AVE,"Duquesne city (Allegheny, PA)",,40.586478,-80.000428,loses_all_service,1903,19.52,10.0,13.0,O5,id
7473,BRADDOCK AVE AT 2ND ST,"Braddock borough (Allegheny, PA)",,40.406126,-79.873303,kept,0,19.52,11.4,11.2,61B,id
16019,OAK HILL DR AT HYMAN PL,"Pittsburgh city (Allegheny, PA)",Terrace Village,40.441375,-79.970077,kept,0,19.43,12.0,8.6,81,id
20831,CHARTIERS AVE OPP ISLAND AVE NS,"McKees Rocks borough (Allegheny, PA)",,40.465662,-80.062292,kept,0,19.43,17.2,10.4,20;24,id
21603,MAIN ST AT E OLIVER RD,"Munhall borough (Allegheny, PA)",,40.389568,-79.900964,kept,0,19.43,0.6,0.4,53;53L,former_id
76,ST ANNE'S,"Castle Shannon borough (Allegheny, PA)",,40.360648,-80.029385,kept,0,19.43,17.6,14.0,BLUE;RED;SLVR,former_id
19994,MURRAY AVE AT HAZELWOOD AVE,"Pittsburgh city (Allegheny, PA)",Greenfield,40.419851,-79.92835,kept,0,19.38,16.0,8.8,61C;61D;64;93,id
6248,RAILROAD ST AT STATION ST FS,"Bridgeville borough (Allegheny, PA)",,40.358235,-80.110379,kept_nearby,47,19.38,17.2,9.0,41,id
9175,PENN AVE AT AIKEN AVE,"Pittsburgh city (Allegheny, PA)",Garfield,40.464718,-79.936226,kept,0,19.38,10.6,7.2,88,id
4779,ARLINGTON AVE AT SPRING ST,"Pittsburgh city (Allegheny, PA)",Arlington-Arlington Heights,40.417905,-79.978899,kept,0,19.19,10.0,9.6,48,id
18513,GRANDVIEW AVE AT BESSEMER AVE NS,"East Pittsburgh borough (Allegheny, PA)",,40.395087,-79.839308,kept_nearby,14,19.1,13.4,11.4,59;P68,id
2665,BROWNSVILLE RD AT MARLAND AVE,"Pittsburgh city (Allegheny, PA)",Knoxville,40.41212,-79.989641,kept,0,19.1,11.8,7.8,51;54,id
1823,PENFORT ST AT MT PLEASANT RD,"Pittsburgh city (Allegheny, PA)",Northview Heights,40.476915,-79.999586,kept,0,19.05,6.6,8.4,6,id
5922,SECOND AVE OPP MUNICIPAL COURTS DR FS,"Pittsburgh city (Allegheny, PA)",Central Business District,40.435982,-79.995478,kept,0,19.05,10.2,8.2,52L;53L;56;57;58,id
7157,NOBLE ST AT WASHINGTON ST,"Swissvale borough (Allegheny, PA)",,40.421473,-79.886291,kept,0,19.0,22.4,13.0,59;61A;P7,id
8316,FIFTH AVE OPP HIGHLAND AVE,"Pittsburgh city (Allegheny, PA)",Squirrel Hill North,40.451839,-79.92406,kept,0,18.95,10.8,12.0,28X;64;71D,id
9172,PENN AVE AT NEGLEY AVE,"Pittsburgh city (Allegheny, PA)",East Liberty,40.463414,-79.930203,kept,0,18.95,18.8,18.6,88,id
4852,E CARSON ST AT S 17TH ST,"Pittsburgh city (Allegheny, PA)",South Side Flats,40.428818,-79.982179,kept,0,18.9,15.2,8.0,48;51,id
8784,CENTRE AVE AT ALLEQUIPPA ST,"Pittsburgh city (Allegheny, PA)",Terrace Village,40.4483,-79.958955,kept,0,18.9,4.4,3.8,82,id
16529,WEST VIEW PLAZA FIRE LANE AT WORKOUT ANYTIME,"West View borough (Allegheny, PA)",,40.517571,-80.037758,kept,0,18.86,11.0,6.4,13;8,id
7246,MONONGAHELA AVE AT CHURCH ST,"Swissvale borough (Allegheny, PA)",,40.421986,-79.890516,kept,0,18.86,12.0,9.2,61B;71;P71,id
9606,HWY RT 51 AT SOUTHLAND SHOPPING CTR ENTRANC,"Pleasant Hills borough (Allegheny, PA)",,40.332179,-79.945835,kept,0,18.86,15.0,11.0,55;Y46,id
9611,MOUNTAINVIEW DR AT HOME DEPOT,"West Mifflin borough (Allegheny, PA)",,40.342289,-79.953791,kept,0,18.86,13.0,11.2,55;59,id
21629,YOST BLVD AT BRINTON RD FS,"Braddock Hills borough (Allegheny, PA)",,40.412324,-79.856389,kept,0,18.81,18.4,18.0,59;61A;61B,former_id
11631,MAIN ST AT CAROLINE AVE,"Munhall borough (Allegheny, PA)",,40.382926,-79.904513,kept,0,18.76,8.4,5.6,53;53L,id
2241,ISLAND AVE AT CUTLER ST FS,"McKees Rocks borough (Allegheny, PA)",,40.471641,-80.061253,kept,0,18.76,15.2,19.4,21,id
8892,CENTRE AVE AT BRYN MAWR RD,"Pittsburgh city (Allegheny, PA)",Upper Hill,40.449137,-79.957543,kept,0,18.71,11.8,9.0,82,id
10918,MURRAY AVE AT #2825,"Pittsburgh city (Allegheny, PA)",Squirrel Hill South,40.427736,-79.925852,kept,0,18.67,13.8,10.2,61C;61D;64;93,id
15664,GIANT EAGLE (VERONA RD) AT ENTRANCE,"Penn Hills township (Allegheny, PA)",,40.462338,-79.865005,kept,0,18.67,19.2,11.0,79;P17,former_id
18291,OHIO RIVER BLVD OPP MCKEES ROCKS BRIDGE FS,"Pittsburgh city (Allegheny, PA)",Brighton Heights,40.479422,-80.043519,kept,0,18.67,5.0,1.4,14;19L,id
3175,FREEPORT RD AT TARGET (HARMAR),"Harmar township (Allegheny, PA)",,40.537572,-79.83664,kept,0,18.67,8.8,11.6,1;P10;P16;P78,id
3909,WASHINGTON AVE AT LINCOLN AVE,"Carnegie borough (Allegheny, PA)",,40.404492,-80.083476,kept,0,18.62,10.6,7.8,31,id
3622,BROADWAY AVE AT CHARLES ST,"Stowe township (Allegheny, PA)",,40.470432,-80.070792,kept,0,18.57,10.4,7.2,24,id
9177,PENN AVE AT EVALINE ST,"Pittsburgh city (Allegheny, PA)",Garfield,40.46476,-79.941002,kept,0,18.52,12.0,10.2,88,id
20912,GLENBURY ST RAMP AT SOUTH BUSWAY,"Pittsburgh city (Allegheny, PA)",Overbrook,40.382754,-79.996639,kept,0,18.48,11.4,3.8,Y1;Y45;Y46;Y47;Y49,id
3236,CALIFORNIA AVE AT COLUMBUS AVE BRIDGE,"Pittsburgh city (Allegheny, PA)",Manchester,40.458827,-80.023582,kept,0,18.48,14.8,9.6,13,id
17625,PLEASANT RIDGE RD OPP OVERLOOK PL,"Stowe township (Allegheny, PA)",,40.480536,-80.07259,kept,0,18.43,13.2,9.2,22,id
9424,HWY RT 51 AT BROWNSVILLE RD,"Brentwood borough (Allegheny, PA)",,40.36354,-79.98386,kept,0,18.43,15.4,18.4,51;Y1;Y46;Y49,id
22368,ALPHA DR AT HARMAR PARK AND RIDE,"Harmar township (Allegheny, PA)",,40.540591,-79.833954,kept,0,18.38,0.0,0.0,P10;P16,id
4785,ARLINGTON AVE AT CLOVER ST,"Pittsburgh city (Allegheny, PA)",Arlington-Arlington Heights,40.41756,-79.97145,kept,0,18.38,11.8,5.8,48,id
94,MCNEILLY STATION,"Pittsburgh city (Allegheny, PA)",Overbrook,40.377718,-80.004684,kept,0,18.38,9.6,4.2,BLUE;SLVR,former_id
3150,FIFTH AVE OPP GIST ST,"Pittsburgh city (Allegheny, PA)",Crawford-Roberts,40.438346,-79.97936,loses_all_service,153,18.33,14.6,8.8,61A;61B;61C;71B,id
113,PALM GARDEN,"Pittsburgh city (Allegheny, PA)",Mount Washington,40.416126,-80.011822,kept,0,18.29,11.8,13.8,RED,former_id
3634,CHARTIERS AVE AT BROADWAY AVE,"McKees Rocks borough (Allegheny, PA)",,40.465738,-80.066156,kept,0,18.24,12.8,8.8,20;24,id
10988,2ND ST AT GRANT AVE,"Duquesne city (Allegheny, PA)",,40.37326,-79.847059,kept,0,18.19,16.4,11.8,59;61C,id
21463,CENTURY DR OPP GABRIEL BROTHERS,"West Mifflin borough (Allegheny, PA)",,40.34335,-79.942587,kept,0,18.19,24.0,17.2,51;53;53L;55;59;Y47;Y49,id
7500,PENN CENTER BLVD AT RITE AID DRVWY,"Wilkins township (Allegheny, PA)",,40.429318,-79.81205,kept,0,18.19,6.0,4.8,67,id
18527,PENN AVE AT TRENTON AVE FS (LIFE CARE),"Wilkinsburg borough (Allegheny, PA)",,40.446167,-79.892069,kept,0,18.14,2.8,0.6,67;69;71C,id
11324,SOLTIS DR AT DESIDERIO BLVD,"Clairton city (Allegheny, PA)",,40.286625,-79.89608,kept,0,18.0,11.0,5.8,Y46,id
12659,4TH AVE AT 7TH ST,"New Kensington city (Westmoreland, PA)",,40.56259,-79.765741,loses_all_service,167,18.0,16.6,13.8,1,id
3272,HIGHLAND AVE AT EAST LIBERTY BLVD,"Pittsburgh city (Allegheny, PA)",East Liberty,40.465716,-79.922805,kept,0,18.0,6.4,4.2,71B;74,id
18354,EAST OHIO ST AT CHESTNUT ST FS,"Pittsburgh city (Allegheny, PA)",East Allegheny,40.454574,-79.995279,kept,0,17.95,11.6,9.4,1;2;4;6;7,id
4257,STEUBEN ST AT WOODLOW ST,"Pittsburgh city (Allegheny, PA)",Crafton Heights,40.443509,-80.053828,kept,0,17.95,15.4,8.2,27;29,id
18,BROADWAY AVE AT BELASCO,"Pittsburgh city (Allegheny, PA)",Beechview,40.407213,-80.026832,kept,0,17.9,17.0,16.6,RED,former_id
6291,WEST LIBERTY AVE AT BROOKLINE BLVD FS,"Pittsburgh city (Allegheny, PA)",Brookline,40.398558,-80.025756,kept,0,17.9,12.4,12.0,41,id
1418,CHATEAU ST AT JUNIATA ST,"Pittsburgh city (Allegheny, PA)",Manchester,40.456372,-80.029081,kept,0,17.86,3.6,4.2,14;17;18,id
20989,GREENFIELD AVE AT SECOND AVE,"Pittsburgh city (Allegheny, PA)",Hazelwood,40.424988,-79.952568,kept,0,17.86,7.6,7.2,56;58;65;93,former_id
2819,RHINE ST AT YETTA AVE FS,"Pittsburgh city (Allegheny, PA)",Spring Hill-City View,40.463398,-79.991437,kept,0,17.86,17.8,13.8,6,id
9044,BEDFORD AVE AT WATT LN,"Pittsburgh city (Allegheny, PA)",Bedford Dwellings,40.450739,-79.97232,kept,0,17.86,11.0,10.2,83,id
9900,MATHIAS ST AT QUARRY ST,"McKeesport city (Allegheny, PA)",,40.352253,-79.843217,kept,0,17.86,14.0,8.4,56,id
4242,STEUBEN ST OPP LORENZ AVE,"Pittsburgh city (Allegheny, PA)",Elliott,40.442814,-80.04252,kept,0,17.81,15.4,11.8,27;29,id
8898,CENTRE AVE AT WATT ST,"Pittsburgh city (Allegheny, PA)",Middle Hill,40.446503,-79.968435,kept,0,17.81,12.4,7.2,82,id
10892,KENNYWOOD BLVD OPP HOFFMAN BLVD,"West Mifflin borough (Allegheny, PA)",,40.384975,-79.86254,kept,0,17.76,48.4,38.4,61C;P7,id
7063,NOBLE ST AT DICKSON ST,"Swissvale borough (Allegheny, PA)",,40.420642,-79.885351,kept,0,17.76,13.8,7.2,59;61A;P7,id
11088,NEGLEY AVE AT EAST BUSWAY STEPS,"Pittsburgh city (Allegheny, PA)",Shadyside,40.456074,-79.933304,kept_nearby,61,17.71,10.8,4.2,64,id
19470,SOUTH AVE AT HAY ST,"Wilkinsburg borough (Allegheny, PA)",,40.442414,-79.886506,kept,0,17.71,13.6,10.4,61A,id
8895,CENTRE AVE AT HERRON AVE,"Pittsburgh city (Allegheny, PA)",Upper Hill,40.448917,-79.96474,kept,0,17.67,10.0,5.8,82,id
9537,BROWNSVILLE RD AT STEWART AVE,"Pittsburgh city (Allegheny, PA)",Carrick,40.382955,-79.976962,kept,0,17.67,9.8,13.4,51,id
18196,WALNUT ST AT 5TH AVE FS,"McKeesport city (Allegheny, PA)",,40.350626,-79.864952,kept,0,17.62,6.0,3.6,60,id
3208,FREEPORT RD AT CENTER AVE (ASPINWALL),"Aspinwall borough (Allegheny, PA)",,40.489935,-79.904907,kept,0,17.62,11.0,8.2,1;75;91,id
90,DENISE STATION,"Pittsburgh city (Allegheny, PA)",Carrick,40.399855,-79.999029,kept,0,17.57,10.2,9.4,BLUE;SLVR,former_id
102,BON AIR STATION,"Pittsburgh city (Allegheny, PA)",Bon Air,40.408156,-80.003178,kept,0,17.52,11.8,9.0,BLUE;SLVR,former_id
22126,BUTLER ST AT PENN AVE,"Pittsburgh city (Allegheny, PA)",Lower Lawrenceville,40.462924,-79.967123,kept,0,17.52,8.4,6.4,91,former_id
11114,MIDWAY DR AT #4A,"West Mifflin borough (Allegheny, PA)",,40.397606,-79.883239,kept,0,17.48,19.6,14.6,59,id
20453,BEDFORD AVE OPP WANDLESS ST,"Pittsburgh city (Allegheny, PA)",Bedford Dwellings,40.452798,-79.967682,kept,0,17.48,9.4,9.8,83,id
1191,LIBERTY AVE AT MATHILDA ST (WEST PENN HOSP),"Pittsburgh city (Allegheny, PA)",Bloomfield,40.460582,-79.946912,kept,0,17.43,12.8,4.6,86,id
22750,MONROEVILLE MALL PARK AND RIDE,"Monroeville municipality (Allegheny, PA)",,40.321049,-79.924235,kept,0,17.38,1.2,1.2,55,id
20577,JEFFERSON HOSPITAL,"Jefferson Hills borough (Allegheny, PA)",,40.317834,-79.933164,kept,0,17.33,9.6,5.6,55,id
853,CEDAR AVE OPP SUISMON ST,"Pittsburgh city (Allegheny, PA)",Allegheny Center,40.454959,-80.002302,kept_nearby,26,17.29,6.0,6.6,11;12;15;17;54;8,id
970,MEADVILLE ST AT BELLEAU ST,"Pittsburgh city (Allegheny, PA)",Fineview,40.46192,-80.005492,kept,0,17.29,10.6,2.0,11,id
18953,GREENFIELD AVE AT WINTERBURN AVE FS,"Pittsburgh city (Allegheny, PA)",Greenfield,40.42617,-79.939998,kept,0,17.24,2.6,2.0,58;65;93,id
7641,WILKINS AVE OPP BARNSDALE ST,"Pittsburgh city (Allegheny, PA)",Point Breeze,40.444862,-79.91565,kept,0,17.24,2.2,0.6,67;69;74,id
19626,SUMMIT PARK DR OPP PARK LANE #1,"North Fayette township (Allegheny, PA)",,40.450919,-80.187164,kept,0,17.19,0.0,0.4,29,id
2668,NEVILLE RAMP AT CENTRE AVE,"Pittsburgh city (Allegheny, PA)",Bloomfield,40.452725,-79.949753,kept,0,17.19,0.0,0.0,P3,id
964,WILSON AVE AT BURGESS ST,"Pittsburgh city (Allegheny, PA)",Perry South,40.466527,-80.01327,kept,0,17.19,5.2,3.4,11,id
9814,MAPLE DR AT SKYLINE DR,"Whitehall borough (Allegheny, PA)",,40.364496,-79.964645,kept_nearby,36,17.19,13.6,7.2,Y49,id
9702,HWY RT 51 AT MARYLEA DR,"Brentwood borough (Allegheny, PA)",,40.370518,-79.982295,kept,0,17.14,6.6,2.2,Y1;Y46;Y49,id
18729,WEST BUSWAY AT INGRAM STATION B,"Ingram borough (Allegheny, PA)",,40.443815,-80.066065,kept,0,17.1,15.6,13.0,28X;G3;G31,id
20766,HIGHLAND AVE AT ELLSWORTH AVE STEPS,"Pittsburgh city (Allegheny, PA)",Shadyside,40.45897,-79.925049,kept,0,17.1,11.0,3.8,71B,id
14973,BUTLER ST AT 43RD ST,"Pittsburgh city (Allegheny, PA)",Central Lawrenceville,40.470806,-79.960251,kept,0,17.05,8.8,5.2,91;93,id
20807,WASHINGTON RD AT BOWER HILL RD FS,"Mount Lebanon township (Allegheny, PA)",,40.3866,-80.043867,kept_nearby,52,17.0,9.4,3.8,38,id
9127,LIBERTY AVE AT GROSS ST,"Pittsburgh city (Allegheny, PA)",Bloomfield,40.459455,-79.945061,kept,0,17.0,10.4,7.8,64;86,id
11656,BEECHWOOD BLVD AT LILAC ST,"Pittsburgh city (Allegheny, PA)",Greenfield,40.422914,-79.927556,kept_nearby,93,16.95,0.0,0.0,52L;53L,id
18763,STEUBENVILLE PIKE AT CAMPBELLS RUN RD FS,"Robinson township (Allegheny, PA)",,40.448242,-80.157086,kept,0,16.95,11.6,9.0,24;29,id
22895,THE BLOCK AT NORTHWAY AT NORTHWAY APARTMENT,"Ross township (Allegheny, PA)",,40.550241,-80.022548,kept,0,16.95,18.6,13.6,12;2,former_id
1166,FIFTH AVE AT AMBERSON AVE,"Pittsburgh city (Allegheny, PA)",Shadyside,40.447758,-79.938742,loses_all_service,302,16.9,9.0,7.0,28X;71B;71D,id
20103,FORBES AVE AT NORTHUMBERLAND ST,"Pittsburgh city (Allegheny, PA)",Squirrel Hill North,40.438956,-79.934247,kept,0,16.9,5.8,8.2,61A;61B;61C;61D,id
3157,FIFTH AVE AT WASHINGTON PL,"Pittsburgh city (Allegheny, PA)",Crawford-Roberts,40.438843,-79.990669,kept,0,16.9,11.6,6.6,61A;61B;61C;71B,id
10890,DUQUESNE BLVD OPP COMMONWEALTH AVE,"Duquesne city (Allegheny, PA)",,40.382941,-79.857302,kept,0,16.86,12.8,5.4,59;61C;P7,id
43,BLVD OF ALLIES AT STANWIX ST,"Pittsburgh city (Allegheny, PA)",Central Business District,40.439575,-80.004786,kept_nearby,87,16.86,7.8,5.8,52L;53L;56;57;58,id
2541,S 18TH ST OPP WACHTER ST,"Pittsburgh city (Allegheny, PA)",South Side Slopes,40.420634,-79.986125,kept,0,16.81,7.6,6.2,51;54,id
7798,STATION ST AT WESTINGHOUSE AVE,"Wilmerding borough (Allegheny, PA)",,40.393269,-79.809319,kept,0,16.81,7.0,5.8,69,id
10023,BROWNSVILLE RD AT W AGNEW AVE,"Pittsburgh city (Allegheny, PA)",Carrick,40.39514,-79.98683,kept,0,16.76,10.8,9.6,51;51L,id
17431,PLEASANT RIDGE RD AT SENIOR HIGHRISE,"Stowe township (Allegheny, PA)",,40.480035,-80.076368,kept,0,16.71,9.8,4.4,22,id
20372,HOMEWOOD AVE OPP FINANCE ST (EAST BUSWAY),"Pittsburgh city (Allegheny, PA)",Homewood South,40.453066,-79.898625,kept,0,16.71,2.6,1.0,74,id
21213,MCKNIGHT RD AT INTOWN SUITES DRVWY FS,"Ross township (Allegheny, PA)",,40.505076,-80.009044,kept,0,16.71,9.8,6.2,12;O12,former_id
7273,COAL ST AT SOUTH AVE,"Wilkinsburg borough (Allegheny, PA)",,40.440222,-79.880264,kept_nearby,15,16.71,14.0,14.2,61A,id
73,SOUTH PARK ROAD,"Bethel Park municipality (Allegheny, PA)",,40.327821,-80.030536,kept,0,16.71,8.4,5.6,SLVR,former_id
9260,BUTLER ST AT 55TH ST,"Pittsburgh city (Allegheny, PA)",Upper Lawrenceville,40.483737,-79.94971,kept,0,16.67,7.2,9.8,87;91;93,id
14853,FRIENDSHIP AVE AT EDMOND ST,"Pittsburgh city (Allegheny, PA)",Bloomfield,40.462889,-79.947706,kept,0,16.62,4.8,2.2,64;87,id
3816,SUMMIT PARK DR AT CHAUVET DR #1,"North Fayette township (Allegheny, PA)",,40.450233,-80.183661,kept,0,16.62,7.8,6.0,29,id
7611,LAKETON RD AT TURNER SCHOOL,"Wilkinsburg borough (Allegheny, PA)",,40.449238,-79.86395,kept,0,16.62,0.0,0.0,P78,id
8780,CENTRE AVE AT KIRKPATRICK ST,"Pittsburgh city (Allegheny, PA)",Middle Hill,40.445255,-79.976341,kept,0,16.57,10.8,10.0,81;82,id
1832,ARCH ST AT NORTH AVE,"Pittsburgh city (Allegheny, PA)",Allegheny Center,40.454995,-80.008524,kept_nearby,21,16.52,7.4,5.0,54,id
20999,WARREN DR AT LINCOLN HWY NS,"North Versailles township (Allegheny, PA)",,40.384883,-79.823255,kept,0,16.52,12.2,10.8,55;P76,former_id
960,N CHARLES ST AT NORWOOD AVE,"Pittsburgh city (Allegheny, PA)",Perry South,40.470272,-80.012608,kept,0,16.52,10.2,8.2,11;15,id
15474,GRANT ST AT SEVENTH AVE FS,"Pittsburgh city (Allegheny, PA)",Central Business District,40.442787,-79.994301,kept_nearby,27,16.48,0.0,0.0,19L;P12;P16;P67;P68;P71,id
21640,VERONA ST AT BELL AVE,"North Braddock borough (Allegheny, PA)",,40.401959,-79.861007,loses_all_service,222,16.48,13.8,8.8,61A,id
21592,BEACON ST AT MURRAY AVE NS,"Pittsburgh city (Allegheny, PA)",Squirrel Hill South,40.434658,-79.923434,kept,0,16.43,6.2,3.0,65;93,former_id
9104,FRANKSTOWN RD AT WOODS RD,"Penn Hills township (Allegheny, PA)",,40.460007,-79.873744,kept,0,16.43,6.8,6.0,77,id
11691,MELLON ST AT PENNSYLVANIA AVE,"West Mifflin borough (Allegheny, PA)",,40.362187,-79.858827,kept,0,16.38,9.4,11.6,52L;59,id
3482,HECKLE RD AT OHIO VALLEY HOSPITAL ENTRANCE,"Kennedy township (Allegheny, PA)",,40.471759,-80.091657,kept,0,16.38,4.8,5.6,20;24,id
4108,CHARTIERS AVE AT AZALIA ST FS,"Pittsburgh city (Allegheny, PA)",Elliott,40.44471,-80.041492,kept,0,16.38,5.4,5.2,26,id
9113,FRANKSTOWN AVE AT STERRETT ST,"Pittsburgh city (Allegheny, PA)",Homewood North,40.456902,-79.893952,kept,0,16.38,13.2,10.0,77;86,id
2621,PENN AVE OPP 36TH ST,"Pittsburgh city (Allegheny, PA)",Lower Lawrenceville,40.464131,-79.964031,kept,0,16.29,6.2,6.4,54;88,id
3198,FREEPORT RD AT FOX CHAPEL RD NS (PLAZA DRVWY),"O'Hara township (Allegheny, PA)",,40.48787,-79.880675,kept,0,16.24,9.6,5.6,1;91,id
818,PERRYSVILLE AVE OPP DELAWARE ST,"Pittsburgh city (Allegheny, PA)",Perry North,40.479917,-80.012065,kept,0,16.24,6.6,6.4,15;8,id
9111,FRANKSTOWN AVE AT BRADDOCK AVE,"Pittsburgh city (Allegheny, PA)",Homewood North,40.45591,-79.889557,kept,0,16.24,11.0,6.4,77;86,id
821,PERRYSVILLE AVE AT MARSHALL AVE,"Pittsburgh city (Allegheny, PA)",Perry North,40.475117,-80.011597,kept,0,16.19,5.6,5.8,15;8,id
8258,ELLSWORTH AVE AT MOREWOOD AVE,"Pittsburgh city (Allegheny, PA)",Shadyside,40.450821,-79.943188,kept,0,16.14,10.0,6.2,75,id
833,PERRYSVILLE AVE AT MCCLINTOCK AVE,"Pittsburgh city (Allegheny, PA)",Perry South,40.463044,-80.013807,kept,0,16.14,7.6,4.2,11;8,id
12619,FREEPORT RD OPP ALPHA DR W,"Harmar township (Allegheny, PA)",,40.537748,-79.83478,kept_nearby,32,16.1,16.2,12.4,1;P78,id
1825,MT PLEASANT RD AT CHICAGO ST,"Pittsburgh city (Allegheny, PA)",Northview Heights,40.478536,-80.000751,kept,0,16.1,6.2,9.6,6,id
18689,MCKNIGHT RD AT NELSON RUN RD NS,"Ross township (Allegheny, PA)",,40.505594,-80.008172,kept,0,16.1,10.6,7.4,12;O12,id
19997,LIBERTY AVE AT OSCEOLA ST,"Pittsburgh city (Allegheny, PA)",Bloomfield,40.457931,-79.94221,kept,0,16.1,10.2,7.6,64;86,id
4491,S MAIN ST AT WABASH ST,"Pittsburgh city (Allegheny, PA)",West End,40.441011,-80.034685,kept,0,16.1,15.4,10.6,31;38,id
10005,KEEPORT DR AT YOUNGRIDGE DR,"Baldwin borough (Allegheny, PA)",,40.340754,-79.981175,kept,0,16.05,11.0,0.0,Y47,id
20462,BEDFORD AVE AT ERIN ST,"Pittsburgh city (Allegheny, PA)",Middle Hill,40.447053,-79.981005,kept,0,16.05,2.6,3.2,83,id
7052,HAWKINS AVE OPP OVERLAND ST,"North Braddock borough (Allegheny, PA)",,40.410873,-79.868582,kept,0,16.0,7.8,6.0,59;61A,id
7231,BRADDOCK AVE AT BIDDLE AVE,"Pittsburgh city (Allegheny, PA)",Regent Square,40.43677,-79.896331,kept,0,16.0,7.0,5.0,61B,id
21345,W 4TH AVE AT ROSS ST,"Tarentum borough (Allegheny, PA)",,40.600414,-79.756836,kept,0,15.95,5.8,4.2,1;P10,former_id
2542,S 18TH ST AT GABLE ST,"Pittsburgh city (Allegheny, PA)",South Side Slopes,40.421328,-79.984615,kept,0,15.95,9.4,5.6,51;54,id
18955,GREENFIELD AVE AT LYDIA ST FS,"Pittsburgh city (Allegheny, PA)",Greenfield,40.425535,-79.942606,kept,0,15.9,10.2,4.4,58;65;93,id
8186,NEGLEY AVE AT BROAD ST,"Pittsburgh city (Allegheny, PA)",Garfield,40.464603,-79.930093,kept,0,15.9,8.8,4.2,71A;87,id
22068,FRIENDSHIP AVE AT STRATFORD AVE,"Pittsburgh city (Allegheny, PA)",Friendship,40.460995,-79.933182,kept,0,15.86,9.4,5.6,87,former_id
3646,BROADWAY AVE OPP WAYNE AVE,"McKees Rocks borough (Allegheny, PA)",,40.469222,-80.069028,kept,0,15.86,13.8,10.8,24,id
9275,STANTON AVE AT WOODBINE ST,"Pittsburgh city (Allegheny, PA)",Stanton Heights,40.48175,-79.939531,kept,0,15.81,5.0,4.6,87,id
20721,BRADDOCK AVE OPP LIBRARY ST,"Braddock borough (Allegheny, PA)",,40.401233,-79.865843,kept,0,15.76,12.2,5.0,59;61A,id
3766,STEUBEN ST AT CRAFTON BLVD,"Crafton borough (Allegheny, PA)",,40.440284,-80.07992,kept,0,15.76,5.2,4.8,29,id
17422,DYNAMO WAY AT BEECH ST,"East Pittsburgh borough (Allegheny, PA)",,40.40051,-79.83558,kept_nearby,89,15.71,17.2,11.0,59;P68,id
8676,CENTRE AVE AT PROTECTORY PL,"Pittsburgh city (Allegheny, PA)",Crawford-Roberts,40.441542,-79.984913,kept,0,15.71,9.4,7.8,82;83,id
21749,OAKWOOD ST AT FRANKSTOWN AVE,"Pittsburgh city (Allegheny, PA)",East Hills,40.455001,-79.885891,kept_nearby,13,15.67,11.2,6.4,86,former_id
22773,PENFORT ST AT #346,"Pittsburgh city (Allegheny, PA)",Northview Heights,40.370295,-79.85268,kept,0,15.67,9.4,6.8,52L;59,id
8945,WILNER DR AT EAST HILLS DR,"Pittsburgh city (Allegheny, PA)",East Hills,40.455078,-79.871014,kept,0,15.67,10.6,8.6,79;P17,id
1850,CALIFORNIA AVE AT MARMADUKE ST,"Pittsburgh city (Allegheny, PA)",Brighton Heights,40.483389,-80.04106,kept,0,15.62,8.4,7.2,13,id
6088,PIONEER AVE AT DUNSTER ST,"Pittsburgh city (Allegheny, PA)",Brookline,40.402386,-80.015965,kept,0,15.62,6.4,3.4,39,id
20075,CENTRE AVE AT S EUCLID AVE,"Pittsburgh city (Allegheny, PA)",East Liberty,40.458898,-79.92877,kept_nearby,28,15.57,12.2,5.0,82;86,id
3257,FIFTH AVE AT NEGLEY AVE,"Pittsburgh city (Allegheny, PA)",Squirrel Hill North,40.449741,-79.929775,kept,0,15.57,12.0,8.4,28X;71B;71D,id
3732,BROADHEAD-FORDING RD AT VILLAGE RD #1,"Pittsburgh city (Allegheny, PA)",Fairywood,40.451405,-80.078634,kept,0,15.57,6.0,4.4,27,id
7064,NOBLE ST OPP WASHINGTON ST,"Swissvale borough (Allegheny, PA)",,40.421275,-79.885996,kept,0,15.57,13.6,7.6,59;61A;P7,id
18279,MERCHANT ST AT 11TH ST FS,"Ambridge borough (Beaver, PA)",,40.592287,-80.230336,kept,0,15.52,10.4,5.6,14,id
19353,PENNSYLVANIA AVE AT BRIGHTON RD FS,"Pittsburgh city (Allegheny, PA)",California-Kirkbride,40.456085,-80.015779,kept,0,15.52,7.6,9.0,17,id
8859,LINCOLN AVE AT CAMPANIA ST,"Pittsburgh city (Allegheny, PA)",Lincoln-Lemington-Belmar,40.472355,-79.890932,kept,0,15.52,17.8,7.6,82;P17,id
1471,BEAVER ST OPP VILLAGE DR,"Leetsdale borough (Allegheny, PA)",,40.559516,-80.201192,kept,0,15.48,11.2,5.4,14,id
21318,WATERFRONT DR AT BRIDGE ST,"Homestead borough (Allegheny, PA)",,40.409142,-79.916713,kept,0,15.48,18.2,16.6,53L;59;61D;64,id
99964,HILLCREST,"Bethel Park municipality (Allegheny, PA)",,40.345557,-80.028867,kept,0,15.48,13.2,6.4,SLVR,id
21635,BALDRIDGE AVE AT MIDDLE ST,"North Braddock borough (Allegheny, PA)",,40.404795,-79.862436,kept_nearby,45,15.38,13.2,8.6,61A,former_id
8773,CENTRE AVE AT ROBINSON ST EXT,"Pittsburgh city (Allegheny, PA)",Terrace Village,40.448674,-79.965138,kept,0,15.38,13.8,8.4,82,id
15462,CENTRE AVE AT WHOLE FOODS,"Pittsburgh city (Allegheny, PA)",Shadyside,40.458996,-79.92806,kept_nearby,87,15.33,9.4,3.0,82;86,id
7426,YOST BLVD AT ARDMORE BLVD,"Forest Hills borough (Allegheny, PA)",,40.415329,-79.848,kept_nearby,44,15.33,11.2,8.4,59,id
8874,LINCOLN AVE AT MEADOW ST,"Pittsburgh city (Allegheny, PA)",Larimer,40.461118,-79.909727,kept,0,15.33,6.8,4.8,82;P17,id
12750,RIDC PARK TERMINAL,"O'Hara township (Allegheny, PA)",,40.500414,-79.860934,kept,0,15.29,1.0,0.0,91,id
3255,FIFTH AVE OPP AIKEN AVE,"Pittsburgh city (Allegheny, PA)",Squirrel Hill North,40.448296,-79.934387,kept,0,15.29,9.6,3.4,28X;71B;71D,id
6851,SOUTH BUSWAY AT SOUTH BANK,"Pittsburgh city (Allegheny, PA)",Brookline,40.392555,-79.998433,kept,0,15.29,13.2,5.2,Y1;Y45;Y46;Y47;Y49,id
7100,FORBES AVE AT NORTHUMBERLAND ST FS,"Pittsburgh city (Allegheny, PA)",Squirrel Hill North,40.439003,-79.934171,kept,0,15.29,6.4,4.4,61A;61B;61C;61D,id
4250,STEUBEN ST AT LORENZ AVE,"Pittsburgh city (Allegheny, PA)",Elliott,40.442649,-80.042168,kept,0,15.24,9.4,7.8,27;29,id
8794,FRANKSTOWN AVE OPP LINCOLN AVE,"Pittsburgh city (Allegheny, PA)",Larimer,40.460448,-79.913985,kept,0,15.24,6.2,4.6,77;86,id
16028,OAK HILL DR AT ECKSTEIN PL,"Pittsburgh city (Allegheny, PA)",Terrace Village,40.441506,-79.969941,kept,0,15.19,12.4,6.0,81,id
5391,WASHINGTON PIKE AT ANDERSON EQUIPMENT,"Collier township (Allegheny, PA)",,40.364544,-80.10923,kept,0,15.19,12.2,9.2,31;G31,id
568,PERRY HWY AT ROSS PARK AND RIDE - LOWER LOT,"Ross township (Allegheny, PA)",,40.508811,-80.029566,kept,0,15.19,1.2,0.2,8;O1,id
8878,EAST LIBERTY BLVD OPP HAMILTON AVE,"Pittsburgh city (Allegheny, PA)",East Liberty,40.46001,-79.915777,kept,0,15.14,15.0,7.4,75;77;82;86,id
9145,FRANKSTOWN AVE AT OAKWOOD ST,"Pittsburgh city (Allegheny, PA)",Homewood South,40.455071,-79.886238,kept,0,15.14,10.4,6.6,77;86,id
7624,WALLACE AVE AT WOOD ST,"Wilkinsburg borough (Allegheny, PA)",,40.444485,-79.884162,kept,0,15.1,3.0,4.0,67;69;79;P16;P17;P67;P78,id
20990,SECOND AVE AT BATES ST FS,"Pittsburgh city (Allegheny, PA)",South Oakland,40.431413,-79.959459,kept,0,15.05,7.2,5.6,56;57;58,former_id
9023,FORBES AVE AT MEYRAN AVE,"Pittsburgh city (Allegheny, PA)",Central Oakland,40.440465,-79.958405,kept_nearby,89,15.05,7.8,9.8,54;71A;71B;71C;71D;75;81;83;93;P3,id
2644,FIFTH AVE OPP #2358,"Pittsburgh city (Allegheny, PA)",West Oakland,40.437202,-79.970999,kept_nearby,130,15.0,12.2,6.2,54;61A;61B;61C;61D;71A;71B;71C;71D;75;81;83,id
6094,SOUTH BUSWAY AT PALM GARDEN,"Pittsburgh city (Allegheny, PA)",Mount Washington,40.416432,-80.011833,kept,0,14.95,11.4,9.0,39;41;Y1;Y45;Y46;Y47;Y49,id
9283,STANTON AVE AT CHISLETT ST,"Pittsburgh city (Allegheny, PA)",East Liberty,40.473278,-79.930902,kept,0,14.95,5.0,3.4,75;87,id
9377,BROWNSVILLE RD OPP BRENTWOOD LOOP,"Brentwood borough (Allegheny, PA)",,40.380932,-79.975903,kept,0,14.95,11.2,9.4,51;51L,id
18492,LYSLE BLVD AT LOCUST ST FS,"McKeesport city (Allegheny, PA)",,40.351722,-79.86282,kept,0,14.9,6.6,8.0,55;56;59;60,id
5392,WASHINGTON PIKE AT MAYER ST,"Collier township (Allegheny, PA)",,40.365906,-80.107231,kept,0,14.9,13.0,7.8,31;38;G31,id
18508,ARDMORE BLVD AT MARLBORO AVE FS,"Wilkinsburg borough (Allegheny, PA)",,40.435858,-79.871694,kept,0,14.86,6.6,4.4,69;P68;P69;P76,id
20419,BEECHWOOD BLVD AT MONITOR ST,"Pittsburgh city (Allegheny, PA)",Greenfield,40.425358,-79.926689,kept_nearby,127,14.86,0.0,0.0,52L;53L,id
20785,JOSEPHINE ST AT ARLINGTON AVE,"Pittsburgh city (Allegheny, PA)",South Side Slopes,40.417514,-79.965511,kept,0,14.86,11.6,8.6,48,id
7700,PENN AVE AT WEST ST,"Wilkinsburg borough (Allegheny, PA)",,40.445282,-79.889755,kept,0,14.86,6.0,5.0,67;69,id
840,FEDERAL ST AT SAMPSONIA WAY,"Pittsburgh city (Allegheny, PA)",Central Northside,40.457744,-80.007458,kept,0,14.81,6.4,2.6,11;8,id
8869,LINCOLN AVE AT ROWAN ST,"Pittsburgh city (Allegheny, PA)",Lincoln-Lemington-Belmar,40.463924,-79.902007,kept,0,14.81,12.2,5.4,82;P17,id
6676,VIRGINIA AVE AT SHOP-N-SAVE,"Pittsburgh city (Allegheny, PA)",Mount Washington,40.429819,-80.008101,kept,0,14.76,9.4,2.8,40,id
1013,CENTER AVE AT PERRY HWY FS (STEPS),"West View borough (Allegheny, PA)",,40.518018,-80.032448,kept,0,14.71,14.4,7.8,13,id
6091,PIONEER AVE AT SOUTHCREST DR,"Pittsburgh city (Allegheny, PA)",Brookline,40.406925,-80.014989,kept,0,14.71,7.0,3.8,39,id
7501,PENN CENTER BLVD AT BLDG #3,"Wilkins township (Allegheny, PA)",,40.427975,-79.811913,kept,0,14.71,9.0,4.6,67,id
7946,PENN AVE AT BRITTANY APTS (#1717),"Wilkinsburg borough (Allegheny, PA)",,40.443665,-79.865893,kept,0,14.71,4.0,6.4,67;P16;P67,id
9342,EAST LIBERTY BLVD AT BROAD ST,"Pittsburgh city (Allegheny, PA)",East Liberty,40.460932,-79.915977,kept,0,14.71,8.4,3.6,75,id
2185,LIBERTY AVE AT HERRON AVE,"Pittsburgh city (Allegheny, PA)",Lower Lawrenceville,40.461448,-79.967266,kept,0,14.67,13.8,8.4,86;87,id
3125,HIGHLAND AVE AT JACKSON ST,"Pittsburgh city (Allegheny, PA)",Highland Park,40.471209,-79.920396,kept,0,14.67,2.4,2.6,71B,id
12705,MAIN ST AT 8TH ST,"Sharpsburg borough (Allegheny, PA)",,40.494662,-79.934381,kept,0,14.62,6.6,6.2,1;91,id
9334,JANCEY ST AT MARTHA ST,"Pittsburgh city (Allegheny, PA)",Morningside,40.48497,-79.927788,kept,0,14.62,5.8,3.6,75;87,id
12711,FREEPORT ST AT BUTLER ST,"Etna borough (Allegheny, PA)",,40.496504,-79.943842,kept,0,14.57,12.2,5.2,1,id
134,MCKNIGHT RD AT TOYOTA DEALERSHIP,"Ross township (Allegheny, PA)",,40.540305,-80.012294,kept,0,14.57,15.8,8.6,12;2;O12,id
18882,BELTZHOOVER AVE AT WARRINGTON AVE,"Pittsburgh city (Allegheny, PA)",Allentown,40.42152,-79.997354,kept,0,14.57,13.0,6.0,44;54,id
12638,W 7TH AVE AT CENTER ST,"Tarentum borough (Allegheny, PA)",,40.600351,-79.760731,kept,0,14.52,12.6,6.8,1,id
8265,ELLSWORTH AVE AT NEGLEY AVE,"Pittsburgh city (Allegheny, PA)",Shadyside,40.454662,-79.932657,kept,0,14.52,11.2,9.8,75,id
16612,BROWNSVILLE RD AT GIANT EAGLE DRVWY,"Brentwood borough (Allegheny, PA)",,40.365626,-79.982424,kept,0,14.48,12.0,8.6,51,id
1829,CHILDREN'S WAY,"Pittsburgh city (Allegheny, PA)",Allegheny Center,40.452023,-80.006447,kept_nearby,145,14.48,12.2,7.8,54,id
18455,JOHNSTON AVE OPP ROSELLE CT,"Pittsburgh city (Allegheny, PA)",Glen Hazel,40.406163,-79.932674,kept,0,14.48,15.0,14.2,57;93,id
7223,MONONGAHELA AVE OPP WHIPPLE ST (#1641),"Swissvale borough (Allegheny, PA)",,40.425607,-79.891606,kept,0,14.48,10.6,5.4,61B;P71,id
827,PERRYSVILLE AVE AT MCINTYRE AVE,"Pittsburgh city (Allegheny, PA)",Perry South,40.468921,-80.00931,kept,0,14.48,6.4,4.6,8,id
15287,GRANT ST AT LIBERTY AVE FS (FED BLDG),"Pittsburgh city (Allegheny, PA)",Central Business District,40.443292,-79.994316,kept,0,14.43,0.0,0.0,19L,id
8009,TILBURY AVE AT FORWARD AVE,"Pittsburgh city (Allegheny, PA)",Squirrel Hill South,40.428336,-79.918504,kept,0,14.43,0.0,0.0,65;74,id
21165,HWY RT 51 AT GREENLEE RD,"Brentwood borough (Allegheny, PA)",,40.375664,-79.983688,kept,0,14.38,14.4,9.4,Y1;Y46;Y49,former_id
3237,CALIFORNIA AVE OPP ST MARKS PLACE,"Pittsburgh city (Allegheny, PA)",California-Kirkbride,40.458772,-80.021297,kept,0,14.38,11.0,6.8,13,id
5469,NOBLESTOWN RD AT POPLAR ST,"Pittsburgh city (Allegheny, PA)",Westwood,40.428149,-80.053674,kept,0,14.38,16.0,10.0,31,id
7101,FORBES AVE AT PLAINFIELD ST,"Pittsburgh city (Allegheny, PA)",Squirrel Hill North,40.440376,-79.935417,kept,0,14.38,8.8,3.4,61A;61B;61C;61D,id
7630,PENN AVE OPP CARNEGIE PL,"Pittsburgh city (Allegheny, PA)",Point Breeze North,40.448143,-79.898021,kept,0,14.38,8.4,4.6,67;69;71C,id
101,WILLOW STATION,"Castle Shannon borough (Allegheny, PA)",,40.365186,-80.026632,kept,0,14.33,12.4,6.6,BLUE;SLVR,former_id
16020,OAK HILL DR AT BENTLEY DR,"Pittsburgh city (Allegheny, PA)",Terrace Village,40.440214,-79.969859,kept,0,14.33,8.2,4.6,81,id
18730,WEST BUSWAY AT CRAFTON STATION B,"Crafton borough (Allegheny, PA)",,40.435725,-80.067743,kept,0,14.33,16.2,8.6,28X;G3;G31,id
22729,MONROEVILLE BLVD OPP TARGET DRIVE,"Monroeville municipality (Allegheny, PA)",,40.509141,-80.084899,kept,0,14.33,18.2,13.4,19L,id
906,PERRYSVILLE AVE AT EAST ST,"Pittsburgh city (Allegheny, PA)",Perry North,40.489284,-80.018169,kept,0,14.33,6.0,3.6,15;8,id
5406,MAIN ST AT CHESTNUT ST,"Carnegie borough (Allegheny, PA)",,40.410029,-80.082633,kept_nearby,17,14.29,5.8,5.0,31,id
16940,HECKLE RD OPP KENMAWR PLAZA DRVWY,"Kennedy township (Allegheny, PA)",,40.473413,-80.094148,kept,0,14.24,9.6,7.6,20;24,id
1824,MT PLEASANT RD OPP HAZLETT ST,"Pittsburgh city (Allegheny, PA)",Northview Heights,40.47765,-80.000032,kept,0,14.24,8.6,6.2,6,id
4773,ARLINGTON AVE AT KNOX AVE,"Pittsburgh city (Allegheny, PA)",Allentown,40.420224,-79.990903,kept,0,14.24,7.0,5.4,48;51L,id
12698,MAIN ST AT 16TH ST,"Sharpsburg borough (Allegheny, PA)",,40.494705,-79.925229,kept,0,14.14,11.2,5.6,1;91,id
21453,SKLYLINE DR AT PARKLINE DR,"Whitehall borough (Allegheny, PA)",,40.367138,-79.963975,kept,0,14.1,11.0,6.8,Y49,id
2625,PENN AVE AT 40TH ST,"Pittsburgh city (Allegheny, PA)",Lower Lawrenceville,40.465118,-79.958117,kept,0,14.1,13.4,9.0,54;88,id
3363,GRANT AVE AT WILSON ST,"Etna borough (Allegheny, PA)",,40.504208,-79.949249,kept,0,14.1,1.8,2.8,2;P13,id
9112,FRANKSTOWN AVE AT COLLIER ST,"Pittsburgh city (Allegheny, PA)",Homewood North,40.456394,-79.891705,kept,0,14.1,14.8,9.0,77;86,id
12131,GREENFIELD AVE AT LYDIA ST,"Pittsburgh city (Allegheny, PA)",Greenfield,40.425471,-79.942559,kept,0,14.05,6.6,2.0,52L;53L;58;65;93,id
20760,STATE ST AT ELM ST,"Clairton city (Allegheny, PA)",,40.309255,-79.890551,kept,0,14.05,9.6,5.6,55,id
2593,26TH ST AT PENN AVE FS (SPRING WAY),"Pittsburgh city (Allegheny, PA)",Strip District,40.454586,-79.978073,kept,0,14.05,3.0,3.4,54;88;91,id
3124,HIGHLAND AVE AT WELLESLEY AVE,"Pittsburgh city (Allegheny, PA)",Highland Park,40.472637,-79.919746,kept,0,14.05,2.8,2.0,71B,id
3258,FIFTH AVE OPP MARYLAND AVE,"Pittsburgh city (Allegheny, PA)",Squirrel Hill North,40.450439,-79.927538,loses_all_service,154,14.05,15.0,8.2,28X;64;71B;71D,id
18339,PITTSBURGH ST AT ROSA ST FS,"Springdale borough (Allegheny, PA)",,40.541274,-79.786875,kept,0,14.0,9.4,6.6,1;P10,id
22668,CENTRE AVE AT CRAWFORD ST FS,"Pittsburgh city (Allegheny, PA)",Crawford-Roberts,40.342654,-79.964652,kept,0,14.0,8.4,9.2,Y47,id
22894,FT DUQUESNE BLVD AT 6TH ST,"Pittsburgh city (Allegheny, PA)",Central Business District,40.443884,-80.002918,kept,0,14.0,8.2,10.8,13;16;17;8,former_id
17602,HIGHLAND AVE AT BROAD ST,"Pittsburgh city (Allegheny, PA)",East Liberty,40.462605,-79.924351,kept,0,13.95,9.2,6.0,71B;74;89,id
18732,WEST BUSWAY AT BELL STATION B,"Carnegie borough (Allegheny, PA)",,40.415637,-80.082887,kept,0,13.95,7.0,10.0,28X;G3;G31,id
8085,ALBERT ST AT MAPLE AVE,"Turtle Creek borough (Allegheny, PA)",,40.408027,-79.819604,kept,0,13.95,8.8,6.2,P68,id
9971,CENTURY TOWNHOMES AT TURNAROUND,"Clairton city (Allegheny, PA)",,40.288794,-79.896323,kept,0,13.95,8.6,4.8,Y46,id
22064,NEGLEY AVE OPP RURAL ST,"Pittsburgh city (Allegheny, PA)",Garfield,40.465996,-79.929244,kept,0,13.9,9.4,5.8,71A;87,former_id
3206,FREEPORT RD AT BRILLIANT AVE,"Aspinwall borough (Allegheny, PA)",,40.488856,-79.900961,kept,0,13.9,7.4,4.8,1;75;91,id
20191,DUQUESNE BLVD AT MILLER AVE,"Duquesne city (Allegheny, PA)",,40.383978,-79.860024,kept,0,13.86,9.4,6.4,59;61C;P7,id
18152,40TH ST AT PENN AVE NS,"Pittsburgh city (Allegheny, PA)",Lower Lawrenceville,40.465577,-79.958451,kept,0,13.81,10.6,8.8,64;93,id
18979,BRUSHTON AVE AT UPLAND ST,"Pittsburgh city (Allegheny, PA)",Homewood North,40.460737,-79.888537,kept,0,13.81,4.2,1.2,74,id
19871,PENNWOOD AVE AT FRANKLIN AVE,"Wilkinsburg borough (Allegheny, PA)",,40.441851,-79.887263,kept_nearby,90,13.81,6.8,4.0,61A;71;71C;P71,id
3285,BAKER ST AT BALLARD WAY,"Pittsburgh city (Allegheny, PA)",Morningside,40.487378,-79.920339,kept,0,13.81,16.8,20.6,75;87,id
10954,MURRAY AVE OPP BURCHFIELD AVE,"Pittsburgh city (Allegheny, PA)",Squirrel Hill South,40.4275,-79.926342,kept,0,13.76,9.4,7.8,61C;61D;64;93,id
18844,LEBANON CHURCH RD OPP REGIS AVE,"West Mifflin borough (Allegheny, PA)",,40.34787,-79.951515,kept,0,13.76,10.4,8.6,51;Y47,id
9607,HWY RT 51 AT SOUTH MALL ENTRANCE DR,"Pleasant Hills borough (Allegheny, PA)",,40.335166,-79.946884,kept,0,13.76,9.6,5.2,55;Y46,id
11077,MURRAY AVE AT FORBES AVE,"Pittsburgh city (Allegheny, PA)",Squirrel Hill North,40.438273,-79.923017,kept_nearby,33,13.71,0.0,0.0,74,id
12772,MAIN ST OPP 16TH ST,"Sharpsburg borough (Allegheny, PA)",,40.49464,-79.925153,kept,0,13.71,10.8,9.0,1;91,id
14866,FRIENDSHIP AVE AT EDMOND ST,"Pittsburgh city (Allegheny, PA)",Bloomfield,40.462614,-79.947863,kept,0,13.71,12.8,8.6,64;87,id
1526,BRIGHTON RD AT KLEBER ST,"Pittsburgh city (Allegheny, PA)",Brighton Heights,40.487061,-80.038024,kept,0,13.71,6.8,7.4,16;17,id
3155,FIFTH AVE AT STEVENSON ST,"Pittsburgh city (Allegheny, PA)",Crawford-Roberts,40.438646,-79.986237,kept_nearby,92,13.71,8.2,6.8,61A;61B;61C;71B,id
15452,NEGLEY AVE AT KENTUCKY AVE,"Pittsburgh city (Allegheny, PA)",Shadyside,40.450566,-79.930145,kept_nearby,88,13.67,13.2,12.8,64,id
4824,E CARSON ST AT TERMINAL WAY FS,"Pittsburgh city (Allegheny, PA)",South Side Flats,40.429505,-79.997189,kept,0,13.67,4.2,1.8,48;51,id
7638,DALLAS AVE OPP EDGERTON AVE,"Pittsburgh city (Allegheny, PA)",Point Breeze,40.447921,-79.910794,kept,0,13.67,1.2,0.8,67;69;74,id
9737,HWY RT 51 AT OLD LEBANON CHURCH RD,"Pleasant Hills borough (Allegheny, PA)",,40.340531,-79.964186,kept,0,13.67,6.8,5.4,Y1;Y46,id
12634,E 6TH AVE AT LOCK ST,"Tarentum borough (Allegheny, PA)",,40.602516,-79.754408,kept,0,13.62,11.4,11.4,1,id
12769,MAIN ST OPP 13TH ST FS,"Sharpsburg borough (Allegheny, PA)",,40.4943,-79.929416,kept,0,13.62,6.8,6.4,1;91,id
19888,EDGEWOOD TOWNE CENTRE AT GIANT EAGLE FS,"Edgewood borough (Allegheny, PA)",,40.425965,-79.886878,kept,0,13.62,0.0,0.0,71;P71,id
8687,MILWAUKEE ST AT HERRON AVE,"Pittsburgh city (Allegheny, PA)",Upper Hill,40.452403,-79.964233,kept,0,13.62,6.2,4.0,83,id
15716,ROSS PARK AND RIDE ENTRANCE AT HOV RAMP,"Ross township (Allegheny, PA)",,40.507614,-80.030113,kept,0,13.57,0.0,0.0,O1,id
10894,KENNYWOOD BLVD AT GLENN ST,"West Mifflin borough (Allegheny, PA)",,40.390578,-79.86904,kept,0,13.52,9.2,6.8,61C;P7,id
11196,WORTHINGTON AVE OPP 8TH ST,"Clairton city (Allegheny, PA)",,40.292465,-79.890175,kept,0,13.52,11.0,6.0,Y46,id
1419,CALIFORNIA AVE AT MARSHALL AVE,"Pittsburgh city (Allegheny, PA)",California-Kirkbride,40.462064,-80.030585,kept,0,13.52,10.2,8.0,13;14,id
14647,SALTSBURG RD AT HULTON RD NS,"Penn Hills township (Allegheny, PA)",,40.484593,-79.818763,kept,0,13.52,14.2,10.6,77;P16,id
16107,EAST BUSWAY AT HERRON STATION B,"Pittsburgh city (Allegheny, PA)",Polish Hill,40.459163,-79.966949,kept,0,13.52,2.8,1.0,P10;P12;P16;P17;P67;P68;P69;P7;P71;P76;P78,id
20696,ALCOMA BLVD AT TURNAROUND,"Penn Hills township (Allegheny, PA)",,40.485344,-79.799667,kept,0,13.52,16.4,9.2,77,id
9447,MOUNTAINVIEW DR OPP GREASE MONKEY,"West Mifflin borough (Allegheny, PA)",,40.344669,-79.939865,kept,0,13.52,16.8,9.2,53;53L;55;59;Y47;Y49,id
11145,LINCOLN HWY AT 5TH AVE EXT,"East McKeesport borough (Allegheny, PA)",,40.381048,-79.811431,kept_nearby,42,13.48,0.0,0.0,P76,id
12097,SECOND AVE OPP BATES ST FS,"Pittsburgh city (Allegheny, PA)",South Oakland,40.430963,-79.959081,kept,0,13.48,9.8,10.0,56;57;58,id
18966,EAST LIBERTY BLVD AT LARIMER AVE,"Pittsburgh city (Allegheny, PA)",East Liberty,40.463642,-79.917804,kept,0,13.43,5.2,3.8,75,id
17765,FIFTH AVE RAMP AT FIFTH AVE NS,"Pittsburgh city (Allegheny, PA)",Larimer,40.455928,-79.910932,kept,0,13.38,6.0,7.6,74;75;89;P10;P17,id
2543,S 18TH ST AT ST PATRICK ST,"Pittsburgh city (Allegheny, PA)",South Side Slopes,40.421383,-79.982455,kept,0,13.38,10.4,10.6,51;54,id
7288,SWISSVALE AVE AT FRANKLIN AVE,"Wilkinsburg borough (Allegheny, PA)",,40.439083,-79.879097,kept,0,13.38,11.4,8.4,61A;69;P68;P69,id
2191,BANK ST AT WALNUT ST,"Sewickley borough (Allegheny, PA)",,40.537697,-80.185501,loses_all_service,509,13.33,4.6,6.8,21,id
42,BLVD OF ALLIES AT MARKET ST,"Pittsburgh city (Allegheny, PA)",Central Business District,40.439089,-80.003482,loses_all_service,158,13.33,9.6,4.0,52L;53L;56;57;58,id
7085,KELLY AVE AT PITT ST,"Wilkinsburg borough (Allegheny, PA)",,40.440542,-79.889366,kept,0,13.33,12.6,6.4,61A;71;71C;P71,id
9665,KNOEDLER RD AT KEEPORT DR,"Baldwin borough (Allegheny, PA)",,40.342028,-79.981401,kept,0,13.33,16.2,0.0,Y47,id
10959,BROWNS HILL RD OPP PARKVIEW BLVD,"Pittsburgh city (Allegheny, PA)",Squirrel Hill South,40.413866,-79.922983,kept,0,13.29,13.4,13.4,52L;53L;57;61C;61D;64,former_id
11648,WEST ST AT 15TH AVE,"Homestead borough (Allegheny, PA)",,40.401932,-79.906677,kept,0,13.29,2.4,0.4,53;53L,id
20518,LOWRIE ST AT DEHAVEN ST FS,"Pittsburgh city (Allegheny, PA)",Troy Hill,40.46188,-79.984328,kept,0,13.29,5.4,3.0,4,id
4788,ARLINGTON AVE AT DENGLER ST,"Pittsburgh city (Allegheny, PA)",Arlington-Arlington Heights,40.41724,-79.967731,kept,0,13.29,13.0,12.2,48,id
7948,PENN AVE AT AMBASSADOR APTS,"Wilkinsburg borough (Allegheny, PA)",,40.442679,-79.867678,kept,0,13.29,5.4,4.0,67;P67,id
8302,HAMILTON AVE AT HOMEWOOD AVE,"Pittsburgh city (Allegheny, PA)",Homewood South,40.454644,-79.897391,kept,0,13.29,13.4,6.0,71D,id
2172,LIBERTY AVE OPP 14TH ST,"Pittsburgh city (Allegheny, PA)",Strip District,40.446727,-79.989306,kept,0,13.19,12.2,13.6,86;87;88;91,id
6270,KANE BLVD AT GREEN COMMONS DR,"Scott township (Allegheny, PA)",,40.375371,-80.087923,kept,0,13.19,7.2,3.2,41,id
9335,JANCEY ST AT VILSACK ST,"Pittsburgh city (Allegheny, PA)",Morningside,40.482677,-79.928725,kept,0,13.19,1.4,1.4,75;87,id
99983,ARLINGTON,"Castle Shannon borough (Allegheny, PA)",,40.369889,-80.033313,kept,0,13.19,8.6,7.0,RED,id
129,MCKNIGHT RD AT MALIBRAN DR,"McCandless township (Allegheny, PA)",,40.557392,-80.023102,kept_nearby,108,13.14,4.6,6.0,12;O12,id
4131,STEUBEN ST AT PLANET ST (WABASH ST),"Pittsburgh city (Allegheny, PA)",West End,40.441723,-80.035398,kept,0,13.14,12.4,9.4,26;27;29,id
19241,WASHINGTON AVE AT MAIN ST FS,"Carnegie borough (Allegheny, PA)",,40.409183,-80.083691,kept,0,13.0,10.8,6.0,31,id
21449,JOHNSTON AVE AT MANSION ST,"Pittsburgh city (Allegheny, PA)",Hazelwood,40.405408,-79.937219,kept,0,13.0,4.2,6.8,57;93,former_id
12770,MAIN ST OPP 14TH ST,"Sharpsburg borough (Allegheny, PA)",,40.494427,-79.927564,kept,0,12.9,6.8,7.2,1;91,id
1547,BRIGHTON RD OPP BRIGHTRIDGE ST,"Pittsburgh city (Allegheny, PA)",California-Kirkbride,40.461564,-80.019046,kept,0,12.9,13.0,6.8,16,id
7399,BRADDOCK AVE AT 9TH ST,"Braddock borough (Allegheny, PA)",,40.400063,-79.864251,loses_all_service,183,12.9,6.2,4.8,61A,id
8227,TRENTON AVE AT PENN AVE,"Wilkinsburg borough (Allegheny, PA)",,40.445685,-79.891373,kept_nearby,19,12.9,7.8,4.0,71C,id
8677,CENTRE AVE AT CRAWFORD ST,"Pittsburgh city (Allegheny, PA)",Crawford-Roberts,40.441138,-79.985863,kept,0,12.9,6.2,6.6,82;83,id
2587,PENN AVE AT 32ND ST,"Pittsburgh city (Allegheny, PA)",Strip District,40.461002,-79.969689,kept,0,12.86,3.2,2.0,54;88;91,id
7124,FORBES AVE AT MURDOCH ST,"Pittsburgh city (Allegheny, PA)",Squirrel Hill South,40.437806,-79.930837,kept,0,12.81,6.8,10.8,61A;61B;61C;61D,id
12073,JOHNSTON AVE AT GERTRUDE ST,"Pittsburgh city (Allegheny, PA)",Hazelwood,40.406575,-79.941279,kept,0,12.76,8.4,3.2,57;93,id
1720,PENNSYLVANIA AVE AT FONTELLA ST,"Pittsburgh city (Allegheny, PA)",Manchester,40.454631,-80.023,kept,0,12.76,3.6,4.0,17;18,id
2620,CHESTNUT ST AT PROGRESS ST,"Pittsburgh city (Allegheny, PA)",North Shore,40.453305,-79.992912,kept,0,12.76,7.0,4.2,54,id
7170,HAWKINS AVE AT 4TH ST,"North Braddock borough (Allegheny, PA)",,40.409409,-79.866944,kept,0,12.76,12.4,9.8,59;61A,id
10019,BROWNSVILLE RD OPP E MEYERS AVE,"Pittsburgh city (Allegheny, PA)",Carrick,40.399887,-79.989153,kept,0,12.71,9.6,6.6,51;51L,id
8781,CENTRE AVE AT SOHO ST,"Pittsburgh city (Allegheny, PA)",Middle Hill,40.445149,-79.974172,kept,0,12.71,3.8,2.6,82,id
18720,WEST BUSWAY AT INGRAM STATION A,"Ingram borough (Allegheny, PA)",,40.443662,-80.066085,kept,0,12.67,7.0,4.8,G2,id
19499,BRADDOCK AVE AT LINE AVE,"Braddock borough (Allegheny, PA)",,40.407103,-79.87504,kept,0,12.67,8.2,8.0,61B,id
5393,WASHINGTON PIKE AT PIZZA HUT,"Collier township (Allegheny, PA)",,40.367592,-80.104187,kept,0,12.67,7.4,3.8,31;38;G31,id
572,PERRY HWY OPP WEST VIEW AVE FS,"Ross township (Allegheny, PA)",,40.499926,-80.021673,kept,0,12.67,9.0,10.4,17;4;8,id
1187,LIBERTY AVE AT EVALINE ST,"Pittsburgh city (Allegheny, PA)",Bloomfield,40.457999,-79.942071,kept,0,12.62,10.2,8.2,64;86,id
19910,CORBETT CT AT CORBETT TOWERS,"Ross township (Allegheny, PA)",,40.548021,-80.020099,kept,0,12.62,12.2,7.2,12;2,id
7211,RANKIN BLVD AT BLDG #5,"Rankin borough (Allegheny, PA)",,40.413062,-79.883043,kept,0,12.62,13.2,5.6,59;61B;71;P71,id
7632,PENN AVE AT HOMEWOOD AVE,"Pittsburgh city (Allegheny, PA)",Point Breeze North,40.449141,-79.90102,kept,0,12.62,10.4,6.0,67;69;71C,id
12707,MAIN ST AT GARNIER ST,"Sharpsburg borough (Allegheny, PA)",,40.495318,-79.937477,kept,0,12.57,9.2,5.8,1;91,id
20485,MIDDLE AVE AT BRIDGE ST,"Wilmerding borough (Allegheny, PA)",,40.395558,-79.805216,kept,0,12.57,5.8,3.0,69;P69,id
8177,NEGLEY AVE AT HAMPTON ST,"Pittsburgh city (Allegheny, PA)",Highland Park,40.475563,-79.924549,kept,0,12.57,4.4,3.0,71A,id
11119,WHITAKER WAY AT SCHWAB AVE,"Whitaker borough (Allegheny, PA)",,40.401642,-79.888273,kept,0,12.52,6.2,5.8,52L;59,id
12782,FREEPORT RD OPP ALPHA DR E,"Harmar township (Allegheny, PA)",,40.538586,-79.830208,kept_nearby,78,12.52,7.8,4.8,1,id
1332,MERCHANT ST AT 8TH ST NS,"Ambridge borough (Beaver, PA)",,40.589542,-80.229424,kept,0,12.52,7.0,4.8,14,id
1710,MANHATTAN ST AT PENNSYLVANIA AVE,"Pittsburgh city (Allegheny, PA)",Manchester,40.454158,-80.026397,kept,0,12.52,4.2,4.4,17;18,id
21181,8TH AVE AT LIBRARY PL,"Munhall borough (Allegheny, PA)",,40.408978,-79.903374,kept,0,12.52,7.8,6.4,52L;59;61C,former_id
2240,ISLAND AVE OPP MCKEES ROCKS BRIDGE,"McKees Rocks borough (Allegheny, PA)",,40.473317,-80.062404,kept,0,12.52,5.4,8.8,21,id
24,BLVD OF ALLIES AT DUQUESNE UNIV FOOTBRIDGE,"Pittsburgh city (Allegheny, PA)",Bluff,40.43485,-79.988736,kept,0,12.52,3.2,2.6,28X;65;67;69,id
4275,W PROSPECT AVE AT BROADHEAD-FORDING RD,"Pittsburgh city (Allegheny, PA)",Fairywood,40.448238,-80.08236,kept,0,12.52,5.2,5.8,27,id
7796,SOUTH AVE AT SWISSVALE AVE,"Wilkinsburg borough (Allegheny, PA)",,40.439703,-79.87835,kept,0,12.52,6.8,4.6,69;P12;P68;P69,id
8170,NEVILLE ST AT BAYARD ST,"Pittsburgh city (Allegheny, PA)",Shadyside,40.450315,-79.948651,loses_all_service,180,12.52,0.0,0.0,P3,id
20100,EAST LIBERTY BLVD AT CENTRE AVE,"Pittsburgh city (Allegheny, PA)",East Liberty,40.465039,-79.920097,kept,0,12.48,3.6,2.8,74;75,id
132,MCKNIGHT RD AT BROWNS LN,"Ross township (Allegheny, PA)",,40.545997,-80.017083,kept,0,12.43,0.0,0.0,O12;P13,id
8224,TRENTON AVE OPP REBECCA AVE NS,"Wilkinsburg borough (Allegheny, PA)",,40.441944,-79.892357,kept_nearby,79,12.38,13.2,7.8,71C,id
11092,BEATTY ST AT PENN AVE NS,"Pittsburgh city (Allegheny, PA)",East Liberty,40.461603,-79.9271,kept_nearby,59,12.33,8.2,5.8,74;82;86;89,id
12766,MAIN ST OPP 9TH ST,"Sharpsburg borough (Allegheny, PA)",,40.494561,-79.933664,kept,0,12.33,11.4,5.6,1;91,id
18453,JOHNSTON AVE AT SECOND AVE FS,"Pittsburgh city (Allegheny, PA)",Hazelwood,40.406135,-79.942619,kept,0,12.33,15.6,8.0,57;93,id
2582,PENN AVE AT 39TH ST,"Pittsburgh city (Allegheny, PA)",Lower Lawrenceville,40.464856,-79.96017,kept,0,12.33,6.4,7.0,54;64;88,id
18256,ISLAND AVE AT ADRIAN ST,"McKees Rocks borough (Allegheny, PA)",,40.474383,-80.064048,kept,0,12.24,6.8,5.0,21;22,id
2219,GRAND AVE OPP PITTSBURGH RECYCLING CENTER,"Neville township (Allegheny, PA)",,40.508686,-80.116943,kept,0,12.24,0.6,0.2,21,id
5460,GREENTREE RD AT PARKWAY CENTER DR SOUTH,"Green Tree borough (Allegheny, PA)",,40.424606,-80.042834,kept,0,12.24,7.4,5.8,38,id
8863,LINCOLN AVE AT CHURCHLAND ST,"Pittsburgh city (Allegheny, PA)",Lincoln-Lemington-Belmar,40.469816,-79.894517,kept,0,12.24,8.8,8.0,82;P17,id
14977,BUTLER ST AT 43RD ST,"Pittsburgh city (Allegheny, PA)",Central Lawrenceville,40.470478,-79.960373,kept,0,12.19,10.8,9.0,91;93,id
21757,FRANKSTOWN AVE AT GERRITT ST,"Pittsburgh city (Allegheny, PA)",Homewood West,40.458652,-79.902018,kept,0,12.19,9.4,6.6,77;86,former_id
11980,PENNSYLVANIA AVE AT MELLON ST,"West Mifflin borough (Allegheny, PA)",,40.36212,-79.858684,kept,0,12.14,5.2,7.2,59,id
1395,CALIFORNIA AVE AT MARSHALL AVE,"Pittsburgh city (Allegheny, PA)",Marshall-Shadeland,40.462166,-80.031004,kept_nearby,37,12.14,11.8,4.6,13;14,id
20014,FIFTH AVE AT PENN AVE FS,"Pittsburgh city (Allegheny, PA)",Shadyside,40.453986,-79.913047,kept,0,12.14,7.0,6.6,28X;71D,id
3570,RIVER AVE AT MARINA,"McKees Rocks borough (Allegheny, PA)",,40.466238,-80.05269,kept,0,12.14,8.6,1.6,22,id
7227,BRADDOCK AVE AT SANDERS ST,"Edgewood borough (Allegheny, PA)",,40.431687,-79.893161,kept,0,12.14,5.4,3.4,61B;71;P71,id
12357,KEEPORT DR AT #5407,"Baldwin borough (Allegheny, PA)",,40.339562,-79.980222,kept,0,12.1,6.4,0.0,Y47,id
22400,W CARSON ST AT TABOR ST,"Pittsburgh city (Allegheny, PA)",Esplen,40.462823,-80.05203,kept,0,12.1,7.6,9.0,20;21;22;24,former_id
8861,LINCOLN AVE OPP JOSHUA ST,"Pittsburgh city (Allegheny, PA)",Lincoln-Lemington-Belmar,40.470497,-79.892909,kept,0,12.1,10.6,8.0,82;P17,id
2156,LIBERTY AVE AT LIGONIER ST (HERRON AVE),"Pittsburgh city (Allegheny, PA)",Lower Lawrenceville,40.461666,-79.966822,kept,0,12.05,8.0,4.2,86;87,id
22647,UNIVERSITY BLVD AT CARNOT RD,"Moon township (Allegheny, PA)",,40.50537,-80.104811,kept,0,12.05,6.4,6.4,21,id
578,PERRYSVILLE AVE OPP WALDORF ST,"Pittsburgh city (Allegheny, PA)",Perry North,40.491273,-80.020192,kept,0,12.05,5.4,1.6,8,id
7646,WILKINS AVE AT NEGLEY AVE,"Pittsburgh city (Allegheny, PA)",Squirrel Hill North,40.444065,-79.925887,kept,0,12.05,5.2,0.6,67;69,id
15678,PARK HILL DR AT #2101,"Pittsburgh city (Allegheny, PA)",East Hills,40.452989,-79.874317,kept,0,12.0,12.6,9.2,79;P17,id
8190,NEGLEY AVE AT #370 (BAUM BLVD),"Pittsburgh city (Allegheny, PA)",Friendship,40.459043,-79.933468,kept,0,12.0,6.8,3.4,71A;71C;77,id
21465,MOUNTAINVIEW DR AT POOL CITY DR,"West Mifflin borough (Allegheny, PA)",,40.344946,-79.942187,kept,0,11.95,10.0,11.8,51;53L,id
20120,WALLACE AVE AT SWISSVALE AVE FS,"Wilkinsburg borough (Allegheny, PA)",,40.442375,-79.877799,kept,0,11.9,6.6,5.0,67;69;79;P17;P67;P78,id
9166,WILNER DR OPP #2278,"Pittsburgh city (Allegheny, PA)",East Hills,40.454144,-79.869209,kept,0,11.9,10.2,7.2,79;P17,id
2228,NEVILLE RD OPP GULF OIL ENTRANCE,"Neville township (Allegheny, PA)",,40.497685,-80.091728,kept,0,11.86,4.4,3.2,21,id
6193,BROOKLINE BLVD OPP BREINING ST,"Pittsburgh city (Allegheny, PA)",Brookline,40.392329,-80.010706,kept,0,11.86,5.6,5.4,39,id
7526,MAIN ST AT MAPLE ST,"East Pittsburgh borough (Allegheny, PA)",,40.398014,-79.84108,kept,0,11.86,6.2,6.8,P68,id
19411,NOBLE ST AT ROSLYN ST,"Swissvale borough (Allegheny, PA)",,40.420272,-79.884806,kept,0,11.81,6.4,4.4,59;61A;P7,id
229,EVERGREEN RD OPP BAYTREE ST,"Pittsburgh city (Allegheny, PA)",Summer Hill,40.488397,-80.010081,kept,0,11.81,11.0,7.8,12,id
3256,FIFTH AVE OPP BELLEFONTE ST,"Pittsburgh city (Allegheny, PA)",Squirrel Hill North,40.448985,-79.932213,loses_all_service,169,11.81,16.0,4.8,28X;71B;71D,id
4815,E CARSON ST AT S 18TH ST,"Pittsburgh city (Allegheny, PA)",South Side Flats,40.428809,-79.980429,kept,0,11.81,11.2,8.0,48,id
15263,FREEPORT RD AT #1050,"Pittsburgh city (Allegheny, PA)",Lincoln-Lemington-Belmar,40.487257,-79.884597,kept,0,11.76,4.8,4.4,1;75;91,id
20520,HWY RT 51 OPP CENTURY III MALL,"Pleasant Hills borough (Allegheny, PA)",,40.335355,-79.947225,kept,0,11.71,11.6,4.6,55;Y46,id
9264,STANTON AVE AT BUTLER ST FS,"Pittsburgh city (Allegheny, PA)",Central Lawrenceville,40.478069,-79.955326,kept_nearby,25,11.71,8.0,7.0,87,id
10957,MURRAY AVE AT LILAC ST,"Pittsburgh city (Allegheny, PA)",Greenfield,40.423292,-79.928685,kept,0,11.67,8.4,4.4,61C;61D;64;93,id
12765,MAIN ST AT ALI ST,"Sharpsburg borough (Allegheny, PA)",,40.494596,-79.934724,kept,0,11.67,10.6,11.8,1;91,id
2817,BUENTE ST AT RHINE ST,"Pittsburgh city (Allegheny, PA)",Spring Hill-City View,40.466137,-79.993025,kept,0,11.67,7.6,8.4,6,id
7791,ARDMORE BLVD AT BRYN MAWR RD NS,"Forest Hills borough (Allegheny, PA)",,40.431347,-79.864037,kept,0,11.67,1.2,0.4,69;P69;P76,id
10018,BROWNSVILLE RD OPP THE BOULEVARD,"Pittsburgh city (Allegheny, PA)",Carrick,40.401127,-79.989317,kept,0,11.62,6.8,7.8,51;51L,id
12701,MAIN ST AT 13TH ST FS,"Sharpsburg borough (Allegheny, PA)",,40.494358,-79.929604,kept,0,11.62,6.8,6.2,1;91,id
2319,ISLAND AVE OPP BOUQUET ST,"McKees Rocks borough (Allegheny, PA)",,40.466601,-80.060404,kept,0,11.62,3.6,3.8,21,id
20844,YESTER SQ AT CRAWFORD VILLAGE PL,"McKeesport city (Allegheny, PA)",,40.350465,-79.83908,loses_all_service,224,11.57,5.4,4.0,60,id
7113,FORBES AVE AT SENECA ST,"Pittsburgh city (Allegheny, PA)",Bluff,40.437241,-79.976135,loses_all_service,155,11.57,5.6,5.6,61A;61B;61C;71B,id
7114,FORBES AVE AT MOULTRIE ST,"Pittsburgh city (Allegheny, PA)",Bluff,40.437179,-79.974813,loses_all_service,218,11.57,7.6,8.2,61A;61B;61C;61D;71A;71B;71C;71D,id
7672,BEELER ST AT FORBES AVE FS,"Pittsburgh city (Allegheny, PA)",Squirrel Hill North,40.444042,-79.938416,kept,0,11.57,8.2,3.8,67;69,id
831,PERRYSVILLE AVE OPP LAFAYETTE AVE,"Pittsburgh city (Allegheny, PA)",Perry South,40.464931,-80.011579,kept,0,11.57,11.4,8.2,8,id
887,PERRYSVILLE AVE AT BURGESS ST,"Pittsburgh city (Allegheny, PA)",Perry South,40.467511,-80.009839,kept,0,11.57,9.4,8.6,8,id
9303,STANTON AVE AT CHISLETT ST,"Pittsburgh city (Allegheny, PA)",Morningside,40.473259,-79.930598,kept,0,11.57,5.4,6.2,75;87,id
7618,PARK AVE AT SWISSVALE AVE,"Wilkinsburg borough (Allegheny, PA)",,40.444752,-79.875496,kept,0,11.52,3.0,1.2,79;P17;P78,id
9184,PENN AVE AT MAIN ST,"Pittsburgh city (Allegheny, PA)",Central Lawrenceville,40.465725,-79.955054,kept,0,11.52,8.8,6.0,64;88,id
8083,JAMES ST AT MONROEVILLE AVE,"Turtle Creek borough (Allegheny, PA)",,40.409218,-79.818901,kept,0,11.48,6.6,3.4,P68,id
11685,KENNEDY AVE AT PETER ST,"Duquesne city (Allegheny, PA)",,40.367585,-79.855851,kept,0,11.43,5.4,2.8,52L;59,id
14319,ALLEGHENY RIVER BLVD AT CENTER AVE,"Verona borough (Allegheny, PA)",,40.506754,-79.842946,kept,0,11.43,0.0,0.0,P78,id
14320,ALLEGHENY RIVER BLVD AT SOUTH AVE,"Verona borough (Allegheny, PA)",,40.504978,-79.843143,kept,0,11.43,0.0,0.0,P78,id
9144,FRANKSTOWN AVE AT BRUSHTON AVE,"Pittsburgh city (Allegheny, PA)",Homewood South,40.455516,-79.888214,kept,0,11.43,8.2,5.0,77;86,id
18896,BRYN MAWR RD AT CENTRE AVE FS,"Pittsburgh city (Allegheny, PA)",Upper Hill,40.449285,-79.957542,kept,0,11.38,4.8,4.2,83,id
7633,PENN AVE AT LANG AVE,"Pittsburgh city (Allegheny, PA)",Point Breeze North,40.449958,-79.90346,kept,0,11.38,4.4,4.4,67;69;71C,id
9288,STANTON AVE AT EUCLID AVE,"Pittsburgh city (Allegheny, PA)",East Liberty,40.470394,-79.923181,kept,0,11.38,3.4,2.4,75,id
1178,FIFTH AVE OPP AMBERSON AVE,"Pittsburgh city (Allegheny, PA)",Squirrel Hill North,40.447642,-79.938893,loses_all_service,288,11.33,9.4,7.8,28X;71B;71D,id
1768,COLBY ST AT FABER ST,"Pittsburgh city (Allegheny, PA)",Summer Hill,40.486115,-80.005005,loses_all_service,343,11.33,7.8,6.0,15;6;7,id
1940,CALIFORNIA AVE AT SUPERIOR AVE,"Pittsburgh city (Allegheny, PA)",Marshall-Shadeland,40.46543,-80.033287,kept,0,11.33,11.8,6.0,13,id
97,KILLARNEY STATION,"Castle Shannon borough (Allegheny, PA)",,40.373624,-80.008182,kept,0,11.33,8.2,5.6,BLUE;SLVR,former_id
21308,LIBERTY AVE OPP MAIN ST (BLOOMFIELD BRIDGE),"Pittsburgh city (Allegheny, PA)",Bloomfield,40.463497,-79.953365,kept,0,11.29,10.8,9.8,54;86,former_id
7698,PENN AVE AT EAST END AVE,"Pittsburgh city (Allegheny, PA)",Point Breeze,40.446739,-79.894096,kept,0,11.29,3.4,3.0,67;69;71C,id
10667,MCCLEARY ST AT VERSAILLES AVE,"McKeesport city (Allegheny, PA)",,40.345069,-79.838679,kept,0,11.24,6.2,3.4,60,id
11121,WHITAKER WAY AT LARKSPUR ST,"Munhall borough (Allegheny, PA)",,40.403261,-79.890045,kept,0,11.24,4.4,2.8,52L;59,id
5389,WASHINGTON AVE OPP MURRAY ST,"Bridgeville borough (Allegheny, PA)",,40.360333,-80.111396,kept,0,11.24,3.2,3.4,31;G31,id
20465,BEDFORD AVE AT SOMERS ST,"Pittsburgh city (Allegheny, PA)",Middle Hill,40.449343,-79.975613,kept,0,11.19,5.6,3.0,83,id
2624,PENN AVE AT 39TH ST,"Pittsburgh city (Allegheny, PA)",Lower Lawrenceville,40.464779,-79.960281,kept,0,11.19,6.0,5.4,54;88,id
8782,CENTRE AVE AT REED ST,"Pittsburgh city (Allegheny, PA)",Middle Hill,40.445424,-79.971092,kept,0,11.14,8.2,4.8,82,id
10881,DUQUESNE BLVD AT CENTER ST,"Duquesne city (Allegheny, PA)",,40.36365,-79.842881,kept,0,11.1,11.2,11.0,59;61C;P7,id
22129,BUTLER ST AT 37TH ST,"Pittsburgh city (Allegheny, PA)",Lower Lawrenceville,40.466351,-79.964695,kept,0,11.1,5.4,2.2,91,former_id
2738,TROY HILL LOOP AT LOWRIE ST,"Pittsburgh city (Allegheny, PA)",Troy Hill,40.469269,-79.978632,kept,0,11.1,5.2,2.8,4,id
8901,CENTRE AVE AT SOHO ST,"Pittsburgh city (Allegheny, PA)",Middle Hill,40.445244,-79.973902,kept,0,11.1,3.2,2.2,82,id
9233,EAST LIBERTY BLVD AT HIGHLAND AVE,"Pittsburgh city (Allegheny, PA)",East Liberty,40.465836,-79.921753,kept,0,11.1,6.6,5.4,74;75,id
3678,BROADWAY AVE AT 13TH ST,"Stowe township (Allegheny, PA)",,40.474618,-80.079753,kept,0,11.05,6.0,3.2,24,id
2677,CHARLES ST AT GRIMES AVE FS,"Pittsburgh city (Allegheny, PA)",Knoxville,40.416543,-79.993188,kept,0,11.0,10.6,5.8,44,id
19995,NEGLEY AVE AT KENTUCKY AVE NS,"Pittsburgh city (Allegheny, PA)",Shadyside,40.450231,-79.929837,kept_nearby,42,10.95,11.8,5.2,64,id
3188,FREEPORT RD AT CABLE AVE,"Blawnox borough (Allegheny, PA)",,40.494728,-79.85936,kept,0,10.95,4.2,1.2,1,id
5429,NOBLESTOWN RD AT BARTOW ST,"Pittsburgh city (Allegheny, PA)",Westwood,40.436208,-80.052019,kept,0,10.95,5.8,6.8,31,id
6284,BOWER HILL RD AT COCHRAN RD,"Mount Lebanon township (Allegheny, PA)",,40.384864,-80.053572,kept,0,10.95,5.0,8.2,41,id
8026,BLVD OF ALLIES AT CRAFT AVE,"Pittsburgh city (Allegheny, PA)",South Oakland,40.4359,-79.96137,kept,0,10.95,6.4,4.4,65;93,id
9022,DARRAGH ST AT FIFTH AVE,"Pittsburgh city (Allegheny, PA)",West Oakland,40.440692,-79.960497,kept,0,10.95,6.2,8.0,81;83,id
9128,PENN AVE AT BEATTY ST,"Pittsburgh city (Allegheny, PA)",East Liberty,40.462162,-79.927033,kept,0,10.95,6.0,3.2,71C;77;88,id
1537,BRIGHTON RD AT MCDOWELL ST,"Pittsburgh city (Allegheny, PA)",Marshall-Shadeland,40.471755,-80.027113,kept,0,10.9,5.8,3.8,16,id
1953,CALIFORNIA AVE AT DAVIS AVE,"Pittsburgh city (Allegheny, PA)",Brighton Heights,40.479946,-80.040968,kept,0,10.9,8.8,5.6,13,id
21455,PARKLINE DR AT #1631,"Whitehall borough (Allegheny, PA)",,40.36708,-79.967448,kept,0,10.9,6.4,6.2,Y49,id
6754,VIRGINIA AVE OPP SHOP-N-SAVE,"Pittsburgh city (Allegheny, PA)",Mount Washington,40.429864,-80.007988,kept,0,10.9,6.8,4.6,40,id
7089,PEEBLES ST AT FORBES AVE,"Pittsburgh city (Allegheny, PA)",Point Breeze,40.439923,-79.89471,kept,0,10.9,6.4,4.6,61A;71;P71,id
19113,MAIN ST AT PENN AVE NS,"Pittsburgh city (Allegheny, PA)",Bloomfield,40.46545,-79.954829,kept,0,10.86,2.0,2.2,54;93,id
21117,WEST LIBERTY AVE AT WISCONSIN AVE FS,"Dormont borough (Allegheny, PA)",,40.393828,-80.035899,kept,0,10.86,4.2,1.0,41,former_id
22070,FRIENDSHIP AVE AT GRAHAM ST,"Pittsburgh city (Allegheny, PA)",Friendship,40.461789,-79.936196,kept,0,10.86,0.8,1.4,87,former_id
4808,JOSEPHINE ST OPP BARRY ST,"Pittsburgh city (Allegheny, PA)",South Side Slopes,40.42381,-79.968812,kept,0,10.86,4.4,1.6,48,id
8307,HAMILTON AVE AT FIFTH AVE,"Pittsburgh city (Allegheny, PA)",Homewood West,40.457147,-79.908405,kept,0,10.86,6.0,5.0,71D,id
8732,BEDFORD AVE AT KIRKPATRICK ST,"Pittsburgh city (Allegheny, PA)",Middle Hill,40.448147,-79.978422,kept,0,10.86,5.8,9.4,83,id
1335,MERCHANT ST AT 4TH ST,"Ambridge borough (Beaver, PA)",,40.583768,-80.225291,kept,0,10.81,10.0,10.0,14,id
18193,VERSAILLES AVE OPP SUMAC ST,"McKeesport city (Allegheny, PA)",,40.345188,-79.840851,kept,0,10.81,1.6,2.0,60,id
112,PALM GARDEN,"Pittsburgh city (Allegheny, PA)",Mount Washington,40.416466,-80.011827,kept,0,10.76,6.6,9.4,RED,former_id
19092,BAUM BLVD AT LIBERTY AVE FS,"Pittsburgh city (Allegheny, PA)",Bloomfield,40.456668,-79.939286,kept_nearby,15,10.76,11.6,9.8,77,id
19779,LEECHBURG RD AT GARDEN DR,"Penn Hills township (Allegheny, PA)",,40.488181,-79.801409,loses_all_service,349,10.76,0.0,0.0,77;P16,id
21162,HWY RT 51 OPP E BRUCETON RD,"Pleasant Hills borough (Allegheny, PA)",,40.328475,-79.94483,kept,0,10.76,3.2,4.2,55;Y1;Y46,former_id
21787,LIBERTY AVE AT MILLVALE AVE,"Pittsburgh city (Allegheny, PA)",Bloomfield,40.459969,-79.945756,kept,0,10.76,15.0,5.4,86,former_id
4823,E CARSON ST AT S 5TH ST,"Pittsburgh city (Allegheny, PA)",South Side Flats,40.428776,-79.994951,kept,0,10.76,9.4,5.2,48;51,id
6843,SOUTH BUSWAY AT EDGEBROOK SHELTER,"Pittsburgh city (Allegheny, PA)",Brookline,40.402986,-80.002187,kept,0,10.76,1.0,1.4,Y1;Y45;Y46;Y47;Y49,id
7226,BRADDOCK AVE OPP CHARLESTON AVE,"Edgewood borough (Allegheny, PA)",,40.43065,-79.892494,kept,0,10.76,5.2,3.4,61B;71;P71,id
891,PERRYSVILLE AVE OPP ELLZEY ST,"Pittsburgh city (Allegheny, PA)",Perry South,40.471837,-80.009947,kept,0,10.76,7.4,3.4,15;8,id
4134,CHARTIERS AVE AT LORENZ AVE,"Pittsburgh city (Allegheny, PA)",Elliott,40.443958,-80.040525,kept,0,10.71,6.8,5.8,26,id
5427,NOBLESTOWN RD AT COLESCOTT ST,"Pittsburgh city (Allegheny, PA)",Westwood,40.434235,-80.050202,kept,0,10.71,7.2,2.6,31,id
5931,OXFORD DR AT GIANT EAGLE,"Bethel Park municipality (Allegheny, PA)",,40.346526,-80.04856,loses_all_service,301,10.67,1.6,3.4,36,id
21718,CENTRE AVE AT ROBERTS ST,"Pittsburgh city (Allegheny, PA)",Crawford-Roberts,40.442119,-79.98333,kept,0,10.62,5.8,3.4,82;83,id
8252,ELLSWORTH AVE AT MOREWOOD AVE,"Pittsburgh city (Allegheny, PA)",Shadyside,40.450959,-79.942875,kept,0,10.62,6.6,2.8,75,id
8301,HAMILTON AVE AT STERRETT ST,"Pittsburgh city (Allegheny, PA)",Homewood South,40.454129,-79.895127,kept,0,10.62,6.2,3.6,71D,id
12170,HARTMAN ST AT SARAH ST FS,"McKeesport city (Allegheny, PA)",,40.34987,-79.83424,kept,0,10.57,5.6,3.8,56,id
18398,SECOND AVE OPP PGH TECH CTR (MIDDLE ACCESS RD,"Pittsburgh city (Allegheny, PA)",South Oakland,40.432781,-79.962126,kept,0,10.57,3.8,1.8,56;57;58,id
2182,LIBERTY AVE OPP 31ST ST,"Pittsburgh city (Allegheny, PA)",Polish Hill,40.458996,-79.97094,kept,0,10.57,6.2,4.2,54;86;87;88;91,id
2205,FERREE ST AT 4TH AVE,"Coraopolis borough (Allegheny, PA)",,40.514327,-80.153265,kept,0,10.57,5.8,3.4,21,id
22442,BROWNLEE ST AT #44,"McKeesport city (Allegheny, PA)",,40.349168,-79.841167,kept,0,10.57,6.6,4.0,60,id
4243,STEUBEN ST AT ELBON ST,"Pittsburgh city (Allegheny, PA)",Elliott,40.441642,-80.04091,kept,0,10.57,4.6,3.4,27;29,id
7793,ARDMORE BLVD OPP REBECCA AVE,"Wilkinsburg borough (Allegheny, PA)",,40.43681,-79.873154,kept,0,10.57,9.0,7.8,69;P68;P69,id
80,STEVENSON,"Dormont borough (Allegheny, PA)",,40.399293,-80.033939,kept,0,10.57,6.4,4.4,RED,former_id
12181,SECOND AVE AT ALLEGHENY COUNTY JAIL,"Pittsburgh city (Allegheny, PA)",Bluff,40.435214,-79.993679,kept,0,10.52,3.2,7.2,52L;53L;56;57;58,id
1589,NORTH AVE AT MONTEREY ST,"Pittsburgh city (Allegheny, PA)",Central Northside,40.454419,-80.012437,kept,0,10.52,15.6,6.4,13;15;16;17,id
19420,HIGHLAND AVE AT FIFTH AVE FS,"Pittsburgh city (Allegheny, PA)",Shadyside,40.452311,-79.924161,kept_nearby,40,10.52,4.2,0.4,71B,id
19490,BEDFORD AVE AT ROBERTS ST,"Pittsburgh city (Allegheny, PA)",Crawford-Roberts,40.445151,-79.985517,kept,0,10.52,8.0,6.8,81,id
19625,SUMMIT PARK DR OPP PARK LANE #2,"North Fayette township (Allegheny, PA)",,40.455092,-80.191978,kept,0,10.52,4.0,1.6,29,id
7703,ROSS AVE AT CENTER ST,"Wilkinsburg borough (Allegheny, PA)",,40.44196,-79.882529,kept,0,10.52,7.0,2.0,61A;67;69;79;P17;P67;P69;P78,id
11646,WEST ST AT 18TH AVE,"Munhall borough (Allegheny, PA)",,40.400013,-79.90497,kept,0,10.48,1.6,1.2,53;53L,id
20466,BEDFORD AVE AT DUFF ST,"Pittsburgh city (Allegheny, PA)",Middle Hill,40.450055,-79.973935,kept,0,10.48,5.2,6.6,83,id
7163,WOODSTOCK AVE AT BRADDOCK AVE,"Swissvale borough (Allegheny, PA)",,40.415389,-79.876907,kept,0,10.48,7.0,5.2,59;61A;P7,id
8913,OAKWOOD ST AT BENNETT ST,"Pittsburgh city (Allegheny, PA)",East Hills,40.453925,-79.885575,kept_nearby,135,10.48,10.6,5.6,86,id
11153,GRANDVIEW AVE AT CENTER AVE,"East Pittsburgh borough (Allegheny, PA)",,40.395612,-79.839121,kept_nearby,16,10.43,6.4,4.4,59,id
12696,MAIN ST AT 18TH ST,"Sharpsburg borough (Allegheny, PA)",,40.494598,-79.921517,kept,0,10.43,6.2,5.4,1;91,id
21063,ELLSWORTH AVE AT SPAHR ST,"Pittsburgh city (Allegheny, PA)",Shadyside,40.458228,-79.927539,kept,0,10.43,9.2,5.8,75,former_id
22614,EVERGREEN AVE AT KLOPFER ST,"Millvale borough (Allegheny, PA)",,40.366678,-79.871328,loses_all_service,1032,10.43,1.2,1.6,52L,id
7067,EDGEWOOD AVE AT COLUMBIA AVE,"Swissvale borough (Allegheny, PA)",,40.424387,-79.885993,kept,0,10.43,6.0,3.0,61A;P7,id
7069,EDGEWOOD AVE AT LACROSSE ST,"Swissvale borough (Allegheny, PA)",,40.426685,-79.885234,kept,0,10.43,3.2,5.6,61A;P7,id
14385,FRANKSTOWN RD OPP HARVARD DR,"Penn Hills township (Allegheny, PA)",,40.469486,-79.823647,kept,0,10.38,5.6,6.6,77;P16,id
14979,BUTLER ST AT 46TH ST,"Pittsburgh city (Allegheny, PA)",Central Lawrenceville,40.472671,-79.958847,kept,0,10.38,4.4,5.8,91;93,id
1719,PENNSYLVANIA AVE AT FULTON ST,"Pittsburgh city (Allegheny, PA)",Manchester,40.454299,-80.024834,kept,0,10.38,5.6,7.4,17;18,id
2244,ISLAND AVE AT BOUQUET ST,"McKees Rocks borough (Allegheny, PA)",,40.46665,-80.060497,kept,0,10.38,5.4,3.6,21,id
22628,CENTURY DR AT GABRIEL BROTHERS,"West Mifflin borough (Allegheny, PA)",,40.414277,-79.994035,loses_all_service,257,10.38,14.4,9.4,54,id
7225,BRADDOCK AVE AT GREENDALE AVE FS,"Edgewood borough (Allegheny, PA)",,40.428848,-79.89172,kept,0,10.38,6.6,8.8,61B;71;P71,id
16026,ECKSTEIN PL AT WADSWORTH ST,"Pittsburgh city (Allegheny, PA)",Terrace Village,40.442613,-79.96843,kept,0,10.33,7.0,6.2,81,id
7410,BRINTON AVE AT BOWERS ST,"North Braddock borough (Allegheny, PA)",,40.402232,-79.841559,kept,0,10.33,6.0,8.6,P68,id
7523,MAIN ST AT CENTER AVE,"East Pittsburgh borough (Allegheny, PA)",,40.395779,-79.841423,kept,0,10.33,13.2,4.8,P68,id
7801,STATION ST AT SR CITIZEN BLDG,"Wilmerding borough (Allegheny, PA)",,40.393204,-79.807678,kept,0,10.33,5.4,5.6,69,id
839,FEDERAL ST AT ALPINE ST,"Pittsburgh city (Allegheny, PA)",Central Northside,40.458938,-80.007857,kept,0,10.33,2.4,3.6,11;8,id
1785,N CHARLES ST OPP IRWIN AVE,"Pittsburgh city (Allegheny, PA)",Perry South,40.466939,-80.018809,loses_all_service,448,10.29,5.0,4.2,15,id
18685,MCKNIGHT RD AT SIEBERT RD FS,"Ross township (Allegheny, PA)",,40.530195,-80.009692,kept,0,10.29,3.6,3.0,12;2;O12,id
20097,EAST LIBERTY BLVD AT NEGLEY RUN BLVD,"Pittsburgh city (Allegheny, PA)",Larimer,40.46509,-79.919599,kept,0,10.29,6.8,2.4,74;75,id
3711,CRAFTON INGRAM SHOPPING CENTER AT RITE-AID,"Ingram borough (Allegheny, PA)",,40.441776,-80.069946,kept,0,10.29,9.2,9.0,26;27,id
7219,MONONGAHELA AVE AT IRVINE ST,"Swissvale borough (Allegheny, PA)",,40.420721,-79.889612,kept,0,10.29,6.8,3.2,59;61B;71;P71,id
7647,WILKINS AVE AT WIGHTMAN ST,"Pittsburgh city (Allegheny, PA)",Squirrel Hill North,40.4441,-79.927666,kept,0,10.29,1.0,0.8,67;69,id
13516,MALL BLVD AT MCDONALD'S,"Monroeville municipality (Allegheny, PA)",,40.434898,-79.786522,kept,0,10.24,7.4,4.6,67,id
16841,MCKNIGHT RD OPP DUNCAN AVE,"McCandless township (Allegheny, PA)",,40.568787,-80.023956,kept,0,10.24,0.0,0.0,O12,id
18897,BRYN MAWR RD AT IOWA ST,"Pittsburgh city (Allegheny, PA)",Upper Hill,40.451388,-79.957049,kept,0,10.24,4.2,4.4,83,id
9340,JANCEY ST AT STANTON AVE,"Pittsburgh city (Allegheny, PA)",Morningside,40.474308,-79.931448,kept,0,10.24,2.6,3.4,75;87,id
11645,WEST ST OPP MUNHALL BORO BLDG,"Munhall borough (Allegheny, PA)",,40.39921,-79.904276,kept,0,10.19,1.4,0.6,53;53L,id
19717,WEST LIBERTY AVE AT CAPITAL AVE,"Pittsburgh city (Allegheny, PA)",Brookline,40.405178,-80.01879,kept,0,10.19,5.8,5.2,41,id
20195,ROBERTS ST AT BEDFORD AVE,"Pittsburgh city (Allegheny, PA)",Crawford-Roberts,40.445158,-79.98535,kept_nearby,14,10.19,5.6,3.0,81,id
2684,DOBSON ST AT HANCOCK ST,"Pittsburgh city (Allegheny, PA)",Polish Hill,40.457527,-79.965896,kept,0,10.19,3.8,2.8,54,id
8122,GRANT ST AT TRI-BORO EXPWY,"Turtle Creek borough (Allegheny, PA)",,40.405803,-79.825197,kept,0,10.19,4.0,7.2,P68,id
8564,NEGLEY AVE AT WALNUT ST,"Pittsburgh city (Allegheny, PA)",Shadyside,40.451995,-79.930879,loses_all_service,257,10.19,13.0,7.2,64,id
9324,BUTLER ST AT 52ND ST,"Pittsburgh city (Allegheny, PA)",Upper Lawrenceville,40.480283,-79.954491,kept,0,10.19,6.0,4.8,87;91;93,id
12209,GREENFIELD AVE OPP KEARCHER ST,"Pittsburgh city (Allegheny, PA)",Greenfield,40.425354,-79.943777,kept,0,10.14,1.4,0.8,58;65;93,id
2629,MILLVALE AVE AT BAUM BLVD,"Pittsburgh city (Allegheny, PA)",Bloomfield,40.454496,-79.947768,kept,0,10.14,5.0,4.8,54,id
2833,PENN AVE AT 11TH ST,"Pittsburgh city (Allegheny, PA)",Central Business District,40.44509,-79.993589,kept_nearby,96,10.14,4.4,6.0,86;87;88;91,id
6720,BELTZHOOVER AVE AT WARRINGTON AVE,"Pittsburgh city (Allegheny, PA)",Mount Washington,40.421773,-79.997443,kept_nearby,18,10.14,5.2,5.0,43,id
7159,WOODSTOCK AVE AT ARDMORE ST,"Swissvale borough (Allegheny, PA)",,40.419126,-79.884408,kept,0,10.14,5.0,1.8,59;61A;P7,id
7382,CHURCH ST AT MONONGAHELA AVE,"Swissvale borough (Allegheny, PA)",,40.421993,-79.890305,kept,0,10.14,4.4,7.0,59;71;P71,id
9120,FRANKSTOWN AVE AT WASHINGTON BLVD,"Pittsburgh city (Allegheny, PA)",Homewood West,40.458667,-79.907788,kept,0,10.14,8.0,3.6,77;86,id
12161,SECOND AVE AT GLENWOOD AVE,"Pittsburgh city (Allegheny, PA)",Hazelwood,40.400994,-79.939296,kept,0,10.1,6.0,7.4,56,id
17737,WATERFRONT DR OPP BRIDGE ST (RED ROBIN),"Homestead borough (Allegheny, PA)",,40.409498,-79.916568,kept,0,10.1,13.6,4.8,53;53L;59;61D;64,id
3195,FREEPORT RD AT E OAK HILL RD,"O'Hara township (Allegheny, PA)",,40.489329,-79.875036,kept,0,10.1,2.6,4.8,1;91,id
875,FEDERAL ST AT HENDERSON ST,"Pittsburgh city (Allegheny, PA)",Central Northside,40.458763,-80.007621,kept,0,10.1,3.4,3.2,11;8,id
1717,BRIGHTON RD AT GIANT EAGLE LOWER LOT,"Ross township (Allegheny, PA)",,40.48967,-80.044536,loses_all_service,151,10.05,3.8,9.2,17,id
17427,PLEASANT RIDGE RD OPP OAK DR,"Stowe township (Allegheny, PA)",,40.479061,-80.073827,kept,0,10.05,8.0,2.0,22,id
12618,FREEPORT RD OPP HWY RT 910 (WERNER CAMP),"Harmar township (Allegheny, PA)",,40.536857,-79.83926,kept,0,10.0,8.4,6.8,1;P16;P78,id
16261,LINCOLN AVE AT BURNSIDE AVE FS,"Bellevue borough (Allegheny, PA)",,40.489103,-80.046984,kept,0,10.0,5.2,5.6,13;16,id
16427,SHADY AVE AT FIFTH AVE NS,"Pittsburgh city (Allegheny, PA)",Point Breeze,40.452006,-79.920397,kept,0,10.0,14.4,9.6,64,id
19059,FRANKSTOWN RD AT BON AIR RD FS,"Penn Hills township (Allegheny, PA)",,40.463635,-79.855727,kept,0,10.0,8.6,5.2,77,id
21321,BRADDOCK AVE OPP KEYSTONE COMMONS PORTAL 9 FS,"Turtle Creek borough (Allegheny, PA)",,40.402844,-79.831457,kept,0,10.0,4.4,0.4,59;69;P68;P69,former_id
1607,BRIGHTON RD OPP WADLOW ST,"Pittsburgh city (Allegheny, PA)",Marshall-Shadeland,40.475272,-80.030153,kept,0,9.95,8.2,4.2,16,id
4046,WASHINGTON AVE OPP KNOX AVE FS,"Carnegie borough (Allegheny, PA)",,40.402742,-80.08326,kept,0,9.95,7.8,4.4,31,id
6674,VIRGINIA AVE AT KEARSARGE ST,"Pittsburgh city (Allegheny, PA)",Mount Washington,40.431144,-80.010727,kept,0,9.95,2.8,3.4,40,id
323,CUMBERLAND RD OPP LANCELOT DR,"McCandless township (Allegheny, PA)",,40.572107,-80.022649,kept,0,9.9,12.8,8.8,12,id
7247,MONONGAHELA AVE AT SCHLEY AVE,"Swissvale borough (Allegheny, PA)",,40.420772,-79.889764,kept,0,9.9,6.6,6.2,59;61B;71;P71,id
8206,NEGLEY AVE AT BAUM BLVD,"Pittsburgh city (Allegheny, PA)",East Liberty,40.458245,-79.933818,kept,0,9.86,8.4,3.4,71A;71C,id
9613,CENTURY DR AT SAM'S CLUB DRVWY FS,"West Mifflin borough (Allegheny, PA)",,40.344507,-79.948273,kept,0,9.86,6.8,5.4,51;55;59;Y47;Y49,id
10946,W 5TH AVE AT REBECCA ST,"McKeesport city (Allegheny, PA)",,40.350037,-79.873698,kept,0,9.81,8.8,6.0,55;56;59,id
3123,HIGHLAND AVE AT HAMPTON ST,"Pittsburgh city (Allegheny, PA)",Highland Park,40.473884,-79.919162,kept,0,9.81,1.0,1.0,71B,id
4765,HABERMAN RAMP OPP HARWOOD ST STEPS,"Pittsburgh city (Allegheny, PA)",Mount Washington,40.42152,-80.003623,kept,0,9.81,6.2,4.0,48;54,id
5663,GREENTREE RD AT MANILLA AVE FS,"Green Tree borough (Allegheny, PA)",,40.418682,-80.045713,kept,0,9.81,5.4,2.4,38,id
6164,CHELTON AVE AT QUEENSBORO ST,"Pittsburgh city (Allegheny, PA)",Brookline,40.391615,-80.017159,kept_nearby,72,9.81,3.0,2.2,39,id
7229,BRADDOCK AVE AT OVERTON ST,"Wilkinsburg borough (Allegheny, PA)",,40.434136,-79.894935,kept,0,9.81,5.4,3.6,61B,id
9848,ST CLAIR AVE AT 6TH ST,"Clairton city (Allegheny, PA)",,40.293348,-79.887763,kept,0,9.81,6.4,5.6,55;Y46,id
12699,MAIN ST AT 15TH ST,"Sharpsburg borough (Allegheny, PA)",,40.494604,-79.92623,kept,0,9.76,11.6,6.4,1;91,id
1380,OHIO RIVER BLVD AT WILLOW ST,"Emsworth borough (Allegheny, PA)",,40.510135,-80.094113,kept,0,9.76,5.2,1.8,14,id
15587,BLAZIER DR AT GIANT EAGLE ENTRANCE DRIVE,"McCandless township (Allegheny, PA)",,40.585354,-80.037534,loses_all_service,616,9.76,8.8,4.2,12;O12,id
19231,STEUBENVILLE PIKE AT LORISH RD NS (ECONO LODGE),"Robinson township (Allegheny, PA)",,40.449186,-80.106607,kept,0,9.76,6.6,4.8,29,id
9121,FRANKSTOWN AVE AT FINLEY ST NS,"Pittsburgh city (Allegheny, PA)",Larimer,40.459058,-79.909511,kept,0,9.76,11.6,7.0,77;86,id
1532,BRIGHTON RD OPP ACACIA LN,"Pittsburgh city (Allegheny, PA)",Brighton Heights,40.47972,-80.031195,kept,0,9.71,7.4,5.6,16,id
1593,BRIGHTON RD AT COLUMBIA PL,"Pittsburgh city (Allegheny, PA)",Central Northside,40.458351,-80.016021,kept,0,9.71,4.2,2.8,13;15;16,id
20158,LYSLE BLVD AT MARKET ST FS,"McKeesport city (Allegheny, PA)",,40.351336,-79.866188,kept,0,9.71,6.0,4.8,55;56;59,id
4329,STEUBENVILLE PIKE OPP PITTSBURGH MOTEL,"Robinson township (Allegheny, PA)",,40.439704,-80.090939,kept,0,9.71,4.6,5.0,29,id
14970,BUTLER ST AT 47TH ST,"Pittsburgh city (Allegheny, PA)",Central Lawrenceville,40.474084,-79.957939,kept,0,9.67,7.0,4.6,91;93,id
21451,SKYLINE DR AT #1765,"Whitehall borough (Allegheny, PA)",,40.365706,-79.963997,loses_all_service,159,9.67,3.0,4.0,Y49,id
2605,BAUSMAN ST AT GRIMES AVE,"Pittsburgh city (Allegheny, PA)",Knoxville,40.414242,-79.993118,loses_all_service,238,9.67,3.0,2.6,54,id
7079,COAL ST AT FRANKLIN AVE,"Wilkinsburg borough (Allegheny, PA)",,40.439402,-79.880738,kept_nearby,104,9.67,7.0,3.8,61A,id
7557,COREY AVE AT BRADDOCK AVE,"Braddock borough (Allegheny, PA)",,40.403976,-79.869218,kept_nearby,23,9.67,4.4,5.0,59,id
8566,NEGLEY AVE AT ELLSWORTH AVE,"Pittsburgh city (Allegheny, PA)",Shadyside,40.454689,-79.932481,kept_nearby,15,9.67,11.0,5.4,64,id
14435,VERONA RD AT GIANT EAGLE DRIVEWAY,"Penn Hills township (Allegheny, PA)",,40.462195,-79.865903,kept,0,9.62,7.8,1.4,79;P17,id
18778,HELEN ST AT SPROUL ST FS,"McKees Rocks borough (Allegheny, PA)",,40.471469,-80.055359,kept,0,9.62,4.6,4.8,22,id
4112,STEUBEN ST AT WABASH ST,"Pittsburgh city (Allegheny, PA)",Elliott,40.441639,-80.035399,kept,0,9.62,7.6,4.6,26;27;29,id
7074,EDGEWOOD AVE AT MAPLE AVE,"Edgewood borough (Allegheny, PA)",,40.432843,-79.884685,kept,0,9.62,2.2,1.4,61A;P7,id
12168,UNIVERSITY DR AT EDEN PARK BLVD,"McKeesport city (Allegheny, PA)",,40.343265,-79.829087,kept,0,9.57,5.2,2.8,56,id
18465,E CARSON ST AT S 7TH ST FS,"Pittsburgh city (Allegheny, PA)",South Side Flats,40.4286,-79.991973,kept,0,9.57,13.0,6.2,48;51,id
961,N CHARLES ST AT LINWOOD AVE,"Pittsburgh city (Allegheny, PA)",Perry South,40.470039,-80.01384,kept,0,9.57,2.2,2.6,11;15,id
10700,LINCOLN HWY AT LINCOLN SQ SR CITIZEN HOME,"North Versailles township (Allegheny, PA)",,40.38737,-79.828141,kept,0,9.52,5.8,0.6,55;P76,id
16558,ALLEGHENY AVE AT MARYLAND AVE,"Oakmont borough (Allegheny, PA)",,40.518921,-79.843051,kept,0,9.52,0.0,0.0,P78,id
1854,SHADELAND AVE AT DAVIS AVE FS,"Pittsburgh city (Allegheny, PA)",Brighton Heights,40.481438,-80.034882,kept,0,9.52,1.8,2.2,17,id
22437,WOODSTOCK AVE AT BRADDOCK AVE FS,"Swissvale borough (Allegheny, PA)",,40.415489,-79.877193,kept,0,9.52,7.8,5.2,59;61A;P7,former_id
22839,RICHLAND AVE OPP 5TH STREET,"Dravosburg borough (Allegheny, PA)",,40.552532,-80.037792,loses_all_service,993,9.52,4.8,3.4,O12,id
2545,S 18TH ST OPP CROSSMAN ST,"Pittsburgh city (Allegheny, PA)",South Side Slopes,40.421675,-79.979294,kept,0,9.52,6.8,3.4,51;54,id
7257,RANKIN BLVD OPP HAWKINS AVE,"Rankin borough (Allegheny, PA)",,40.412011,-79.881276,kept,0,9.52,3.4,7.2,59;61B;71;P71,id
8261,ELLSWORTH AVE AT AIKEN AVE,"Pittsburgh city (Allegheny, PA)",Shadyside,40.452654,-79.936836,kept,0,9.52,5.8,4.4,75,id
16105,EAST BUSWAY AT HAMNETT STATION A,"Wilkinsburg borough (Allegheny, PA)",,40.436841,-79.885696,kept,0,9.48,9.2,9.4,P1;P3,id
18158,MCKEESPORT TRANSPORTATION CENT AT BAY #2,"McKeesport city (Allegheny, PA)",,40.352277,-79.860926,kept,0,9.48,4.0,4.6,60,id
1606,BRIGHTON RD AT WESTBORN ST,"Pittsburgh city (Allegheny, PA)",Marshall-Shadeland,40.473529,-80.028626,kept,0,9.43,5.0,4.2,16,id
21456,PARKLINE DR AT #1551 (RENTAL OFFICE),"Whitehall borough (Allegheny, PA)",,40.365997,-79.968173,kept,0,9.43,6.0,7.0,Y49,id
2813,SOUTH SIDE AVE AT MATHIAS ST,"Pittsburgh city (Allegheny, PA)",Spring Hill-City View,40.470079,-79.995478,kept,0,9.43,4.0,4.0,6,id
4528,MAIN ST AT CHESTNUT ST,"Carnegie borough (Allegheny, PA)",,40.410294,-80.082329,kept_nearby,29,9.43,6.2,5.4,31,id
8891,CENTRE AVE AT BIGELOW BLVD,"Pittsburgh city (Allegheny, PA)",North Oakland,40.4512,-79.954473,kept,0,9.43,2.4,2.0,82,id
1359,BEAVER ST AT WALNUT ST,"Sewickley borough (Allegheny, PA)",,40.541287,-80.181773,kept,0,9.38,3.6,1.8,14,id
1773,MT PLEASANT RD AT NORTHVIEW HTS SCHOOL,"Pittsburgh city (Allegheny, PA)",Northview Heights,40.481891,-80.002784,kept,0,9.38,9.4,8.8,6,id
20965,RANKIN BLVD AT HAWKINS AVE,"Rankin borough (Allegheny, PA)",,40.411973,-79.880966,kept,0,9.38,8.4,5.8,61B,former_id
21306,LIBERTY AVE AT 40TH ST,"Pittsburgh city (Allegheny, PA)",Lower Lawrenceville,40.46276,-79.957393,kept,0,9.38,7.2,3.8,54;86;87,former_id
22778,BLVD OF THE ALLIES AT BATES (FARSIDE),"Pittsburgh city (Allegheny, PA)",Central Oakland,40.488569,-79.836901,kept,0,9.38,1.4,1.4,P78,id
22779,BLVD OF THE ALLIES AT BATES (NEARSIDE),"Pittsburgh city (Allegheny, PA)",South Oakland,40.371851,-80.082752,kept,0,9.38,4.6,3.4,41,id
6842,SOUTH BUSWAY AT WHITED ST SHELTER,"Pittsburgh city (Allegheny, PA)",Brookline,40.395584,-79.999582,kept,0,9.38,9.2,5.8,Y1;Y45;Y46;Y47;Y49,id
7642,WILKINS AVE AT BEECHWOOD BLVD,"Pittsburgh city (Allegheny, PA)",Point Breeze,40.444427,-79.917577,kept,0,9.38,2.2,0.6,67;69;74,id
10027,BROWNSVILLE RD AT OVERBROOK BLVD,"Pittsburgh city (Allegheny, PA)",Carrick,40.389384,-79.985526,kept,0,9.33,6.2,6.0,51;51L,id
13512,WM PENN HWY AT DUFF RD,"Monroeville municipality (Allegheny, PA)",,40.438225,-79.774095,kept,0,9.33,9.2,4.2,67,id
1616,BRIGHTON RD AT BENTON AVE,"Pittsburgh city (Allegheny, PA)",Brighton Heights,40.484236,-80.035728,kept,0,9.33,5.8,6.6,16;17,id
3617,CHARTIERS AVE OPP AMELIA ST,"McKees Rocks borough (Allegheny, PA)",,40.464879,-80.068538,kept,0,9.33,7.0,2.8,20,id
6693,BOGGS AVE OPP WYOMING ST,"Pittsburgh city (Allegheny, PA)",Mount Washington,40.426808,-80.006381,loses_all_service,221,9.33,9.6,3.8,43,id
8208,NEGLEY AVE OPP CORAL ST,"Pittsburgh city (Allegheny, PA)",East Liberty,40.461982,-79.931552,kept,0,9.33,6.2,2.0,71A;71C;77;87,id
14865,FRIENDSHIP AVE AT PEARL ST,"Pittsburgh city (Allegheny, PA)",Bloomfield,40.463627,-79.949135,kept,0,9.29,5.0,4.4,64;87,id
16628,WALLACE AVE AT HAY ST,"Wilkinsburg borough (Allegheny, PA)",,40.444868,-79.885315,kept,0,9.29,3.2,0.8,67;69;71;71D;79;86;P17;P67;P71;P78,id
2586,PENN AVE AT BUTLER ST,"Pittsburgh city (Allegheny, PA)",Lower Lawrenceville,40.462837,-79.966974,kept,0,9.29,6.2,7.8,54;88,id
2733,RIALTO ST AT LEY ST,"Pittsburgh city (Allegheny, PA)",Troy Hill,40.465977,-79.981941,kept_nearby,84,9.29,5.6,3.6,4,id
5045,SUMMIT PARK DR AT #20,"North Fayette township (Allegheny, PA)",,40.452926,-80.193532,kept,0,9.29,1.2,0.4,29,id
64,SARAH,"Bethel Park municipality (Allegheny, PA)",,40.315982,-80.029613,kept,0,9.29,4.8,2.4,SLVR,former_id
8299,HAMILTON AVE AT BRADDOCK AVE,"Pittsburgh city (Allegheny, PA)",Homewood South,40.453121,-79.890694,kept,0,9.29,3.6,5.4,71D,id
9339,JANCEY ST AT WELLESLEY AVE,"Pittsburgh city (Allegheny, PA)",Morningside,40.476175,-79.930827,kept,0,9.29,3.4,1.6,75;87,id
10022,BROWNSVILLE RD OPP CRAILO AVE,"Pittsburgh city (Allegheny, PA)",Carrick,40.39672,-79.987743,kept,0,9.24,6.8,4.6,51;51L,id
10592,MCKEESPORT TRANSPORTATION CENT AT BAY #3,"McKeesport city (Allegheny, PA)",,40.352267,-79.861248,kept,0,9.24,0.0,0.0,P7,id
15456,NEGLEY AVE OPP CLAYBOURNE ST,"Pittsburgh city (Allegheny, PA)",Shadyside,40.456655,-79.933747,kept_nearby,72,9.24,11.4,10.2,64,id
1780,PENFORT ST AT #173,"Pittsburgh city (Allegheny, PA)",Northview Heights,40.474438,-80.002425,kept,0,9.24,7.8,4.2,6,id
18477,BROWNSVILLE RD AT HILLMAN ST FS,"Brentwood borough (Allegheny, PA)",,40.371977,-79.975265,kept,0,9.24,9.0,6.6,51;51L,id
18758,FOSTER AVE OPP WILLOW AVE (PLAYGROUND),"Crafton borough (Allegheny, PA)",,40.441581,-80.068327,kept,0,9.24,6.4,4.8,26;27,id
19350,SHADELAND AVE AT COMPLETE ST FS,"Pittsburgh city (Allegheny, PA)",Marshall-Shadeland,40.47341,-80.031524,kept,0,9.24,3.2,6.2,17,id
8626,CENTRE AVE AT HELDMAN ST,"Pittsburgh city (Allegheny, PA)",Crawford-Roberts,40.442415,-79.98264,kept,0,9.24,4.2,2.6,81;82;83,id
9337,JANCEY ST AT BRYANT ST,"Pittsburgh city (Allegheny, PA)",Morningside,40.479447,-79.929774,kept,0,9.24,0.4,0.6,75;87,id
11783,GRANT AVE AT 2ND ST,"Duquesne city (Allegheny, PA)",,40.373085,-79.847145,kept,0,9.19,5.6,8.2,59,id
150,MCKNIGHT RD AT NORTHLAND MEDICAL CENTER,"Ross township (Allegheny, PA)",,40.519187,-80.00504,kept,0,9.19,6.0,2.4,12;O12,id
18632,ARLINGTON AVE OPP KNOX AVE,"Pittsburgh city (Allegheny, PA)",Allentown,40.42021,-79.990732,kept,0,9.19,0.4,0.6,48;51L,id
21344,E 4TH AVE AT WOOD ST,"Tarentum borough (Allegheny, PA)",,40.601206,-79.754922,kept,0,9.19,2.0,3.0,1;P10,former_id
21653,4TH ST AT HAWKINS AVE,"North Braddock borough (Allegheny, PA)",,40.409263,-79.866848,kept_nearby,18,9.19,6.0,6.2,59,id
2197,5TH AVE AT LOCUST ST NS,"Coraopolis borough (Allegheny, PA)",,40.520447,-80.172012,kept,0,9.19,2.2,1.4,21,id
7049,HAWKINS AVE AT ROSE ST,"North Braddock borough (Allegheny, PA)",,40.406859,-79.863618,kept,0,9.19,7.0,4.6,61A,id
8900,CENTRE AVE AT CHAUNCEY ST,"Pittsburgh city (Allegheny, PA)",Middle Hill,40.445733,-79.972024,kept,0,9.19,5.4,4.0,82,id
12664,PITTSBURGH ST AT BUTLER ST FS,"Springdale borough (Allegheny, PA)",,40.542507,-79.773393,kept,0,9.14,6.2,3.6,1;P10,id
1602,BRIGHTON RD OPP HIGHWOOD ST,"Pittsburgh city (Allegheny, PA)",Perry South,40.468433,-80.025165,kept,0,9.14,6.6,5.0,16;17,id
18649,WEST LIBERTY AVE OPP MCFARLAND RD FS,"Dormont borough (Allegheny, PA)",,40.389661,-80.041336,kept,0,9.14,2.2,1.8,41,id
18721,WEST BUSWAY AT CRAFTON STATION A,"Crafton borough (Allegheny, PA)",,40.43553,-80.067735,kept,0,9.14,5.0,3.8,G2,id
21433,OLD CALIFORNIA AVE AT WOODLAND AVE,"Pittsburgh city (Allegheny, PA)",Marshall-Shadeland,40.466718,-80.033951,kept,0,9.14,8.4,3.0,13,former_id
2815,RHINE ST OPP #2146,"Pittsburgh city (Allegheny, PA)",Spring Hill-City View,40.467547,-79.994811,kept,0,9.14,7.8,10.0,6,id
7068,EDGEWOOD AVE AT DELAWARE AVE,"Swissvale borough (Allegheny, PA)",,40.425418,-79.885655,kept,0,9.14,5.8,3.2,61A;P7,id
8879,EAST LIBERTY BLVD OPP DAHLEM PL,"Pittsburgh city (Allegheny, PA)",East Liberty,40.458507,-79.916626,kept,0,9.14,5.8,3.6,75;77;82;86,id
11588,ST JOSEPH ST AT HAYS AVE NS,"Mount Oliver borough (Allegheny, PA)",,40.413325,-79.987484,kept,0,9.1,6.0,6.0,44,id
1314,FOREST AVE AT BALPH AVE,"Bellevue borough (Allegheny, PA)",,40.499997,-80.052596,kept,0,9.1,7.2,3.4,13,id
1459,BEAVER RD AT BLACKBURN RD FS,"Sewickley borough (Allegheny, PA)",,40.541481,-80.181943,kept,0,9.1,6.2,3.0,14,id
19999,MURRAY AVE AT FLEMINGTON ST,"Pittsburgh city (Allegheny, PA)",Greenfield,40.426386,-79.927607,kept,0,9.1,5.8,6.4,61C;61D;64;93,id
2676,CHARLES ST AT KNOX AVE,"Pittsburgh city (Allegheny, PA)",Knoxville,40.416619,-79.990519,kept,0,9.1,5.6,4.0,44,id
3384,FERGUSON RD AT MT ROYAL BLVD,"Hampton township (Allegheny, PA)",,40.555184,-79.971386,kept_nearby,81,9.1,5.4,1.4,2;P13,id
4144,CHARTIERS AVE OPP DITZLER ST,"Pittsburgh city (Allegheny, PA)",Sheraden,40.453986,-80.056232,kept,0,9.1,3.8,2.4,26,id
4193,ALLENDALE ST OPP STANHOPE ST,"Pittsburgh city (Allegheny, PA)",Sheraden,40.457071,-80.062803,kept,0,9.1,6.8,3.6,26,id
7212,HARRIET ST AT BLDG #2,"Rankin borough (Allegheny, PA)",,40.413906,-79.883657,kept,0,9.1,8.8,4.8,59;61B;71;P71,id
1707,MANHATTAN ST AT JUNIATA ST,"Pittsburgh city (Allegheny, PA)",Manchester,40.456944,-80.027298,kept,0,9.05,3.0,1.6,17;18,id
20452,BEDFORD AVE AT HERRON AVE FS,"Pittsburgh city (Allegheny, PA)",Bedford Dwellings,40.453012,-79.965879,kept,0,9.05,4.8,2.4,83,id
20550,MONONGAHELA AVE AT 5TH ST,"Glassport borough (Allegheny, PA)",,40.3275,-79.892448,kept,0,9.05,5.8,6.6,55,id
20939,BRADDOCK AVE AT 6TH ST,"Braddock borough (Allegheny, PA)",,40.403333,-79.868719,kept,0,9.05,9.4,6.0,59;61A;61B,id
4776,ARLINGTON AVE AT KOEHLER ST,"Mount Oliver borough (Allegheny, PA)",,40.417562,-79.984648,kept,0,9.05,10.6,6.6,48,id
16029,FIFTH AVE RAMP AT FIFTH AVE FS,"Pittsburgh city (Allegheny, PA)",Larimer,40.456011,-79.910856,kept,0,9.0,0.0,0.0,28X;74;75;88;89;P10;P17,id
3369,BUTLER ST OPP CENTER ST,"Etna borough (Allegheny, PA)",,40.495332,-79.945575,kept,0,9.0,4.0,2.4,1;2;P13,id
12069,JOHNSTON AVE AT #657,"Pittsburgh city (Allegheny, PA)",Glen Hazel,40.405358,-79.934098,kept,0,8.95,4.8,4.8,57;93,id
1344,BEAVER ST AT SPENCER ST,"Leetsdale borough (Allegheny, PA)",,40.565003,-80.207118,kept,0,8.95,4.4,4.0,14,id
1827,MT PLEASANT RD AT BEECH ST,"Pittsburgh city (Allegheny, PA)",Northview Heights,40.481167,-80.002245,kept,0,8.95,5.0,2.8,6,id
18950,GREENFIELD AVE AT LORETTA ST,"Pittsburgh city (Allegheny, PA)",Greenfield,40.421693,-79.92969,kept,0,8.95,8.6,3.4,58,id
11009,LEBANON CHURCH RD AT PGH-MCKEESPORT BLVD FS,"West Mifflin borough (Allegheny, PA)",,40.355934,-79.899839,kept,0,8.9,7.6,3.4,56;59,id
12671,PITTSBURGH ST AT COLFAX ST,"Springdale borough (Allegheny, PA)",,40.541093,-79.783997,kept,0,8.9,6.0,5.4,1;P10,id
14382,FRANKSTOWN RD AT SPRING GROVE RD,"Penn Hills township (Allegheny, PA)",,40.47443,-79.822022,kept,0,8.9,3.8,2.8,77;P16,id
16839,CAMP ST AT BRYN MAWR RD,"Pittsburgh city (Allegheny, PA)",Upper Hill,40.452088,-79.958805,kept,0,8.9,4.4,1.8,83,id
19412,HIGHLAND AVE OPP HAYS ST,"Pittsburgh city (Allegheny, PA)",East Liberty,40.468152,-79.921679,kept,0,8.9,5.0,6.6,71B;75,id
20044,HOMEWOOD AVE AT FRANKSTOWN AVE FS,"Pittsburgh city (Allegheny, PA)",Homewood North,40.457685,-79.896149,kept,0,8.9,2.4,2.6,74,id
20920,CURRY HOLLOW RD OPP GREEN DR,"Pleasant Hills borough (Allegheny, PA)",,40.340257,-79.967396,kept,0,8.9,4.2,0.0,Y47,id
21624,SARAH ST AT E CARSON ST,"Pittsburgh city (Allegheny, PA)",South Side Flats,40.424271,-79.962356,kept,0,8.9,6.2,3.4,75,id
21702,PENN AVE AT SCHOOL WAY FS,"Mount Oliver borough (Allegheny, PA)",,40.413937,-79.987155,kept,0,8.9,6.4,2.8,44,former_id
4119,CHARTIERS AVE AT MERLE ST,"Pittsburgh city (Allegheny, PA)",Windgap,40.458891,-80.077193,kept_nearby,63,8.9,4.2,3.0,27,id
7218,MONONGAHELA AVE AT WASHINGTON ST,"Swissvale borough (Allegheny, PA)",,40.419829,-79.889063,kept,0,8.9,6.4,5.6,59;61B;71;P71,id
8263,ELLSWORTH AVE AT FILBERT ST,"Pittsburgh city (Allegheny, PA)",Shadyside,40.453832,-79.934392,kept,0,8.9,4.4,4.8,75,id
12639,W 7TH AVE AT WESTERN ST,"Tarentum borough (Allegheny, PA)",,40.599447,-79.762397,kept,0,8.86,4.2,4.2,1;P10,id
12774,MAIN ST OPP 18TH ST,"Sharpsburg borough (Allegheny, PA)",,40.494563,-79.921886,kept,0,8.86,9.2,5.4,1;91,id
17224,5TH AVE AT #1681,"McKeesport city (Allegheny, PA)",,40.353324,-79.846079,kept,0,8.86,5.6,6.0,55;56;59;61C;P7,id
562,PERRY HWY AT MCDONALDS,"West View borough (Allegheny, PA)",,40.517924,-80.029064,kept,0,8.86,10.8,5.6,8,former_id
7031,LINDEN AVE AT CABLE AVE,"East Pittsburgh borough (Allegheny, PA)",,40.399809,-79.835632,loses_all_service,163,8.86,8.8,1.6,59;P68,id
12694,MAIN ST AT 19TH ST,"Sharpsburg borough (Allegheny, PA)",,40.494085,-79.917976,kept,0,8.81,8.6,5.0,1;91,id
16601,CENTRE AVE AT DITHRIDGE ST,"Pittsburgh city (Allegheny, PA)",North Oakland,40.451428,-79.953432,kept,0,8.81,5.8,4.4,82,id
21521,VILLAGE DR OPP GROVETON DR,"Robinson township (Allegheny, PA)",,40.504379,-80.140442,loses_all_service,1048,8.81,4.6,6.2,20,id
39,CRAFT AVE AT FIFTH AVE FS (DIALYSIS CTR),"Pittsburgh city (Allegheny, PA)",South Oakland,40.437583,-79.963749,kept,0,8.81,4.0,2.8,58;93,id
5405,WASHINGTON AVE AT MAIN ST,"Carnegie borough (Allegheny, PA)",,40.409135,-80.083601,kept,0,8.81,6.2,2.2,31,id
7858,5TH ST AT CAVIT AVE,"Trafford borough (Westmoreland, PA)",,40.385812,-79.760005,loses_all_service,711,8.81,3.6,3.2,69;P69,id
1458,BEAVER ST AT BROAD ST,"Sewickley borough (Allegheny, PA)",,40.540066,-80.180142,kept,0,8.76,5.4,4.8,14,id
20299,8TH AVE OPP RAVINE ST,"Munhall borough (Allegheny, PA)",,40.408682,-79.895009,kept,0,8.76,6.0,4.0,52L;59;61C,id
20599,MONONGAHELA AVE AT 6TH ST,"Glassport borough (Allegheny, PA)",,40.326105,-79.892537,kept,0,8.76,8.2,6.2,55,id
3648,BROADWAY AVE AT LAKE ST,"McKees Rocks borough (Allegheny, PA)",,40.466068,-80.066513,kept,0,8.76,6.0,3.8,24,id
7778,ELECTRIC AVE OPP DYNAMO WAY,"East Pittsburgh borough (Allegheny, PA)",,40.401177,-79.834857,kept,0,8.76,1.6,0.2,69;P69,id
813,PERRYSVILLE AVE OPP CHERRYFIELD ST,"Pittsburgh city (Allegheny, PA)",Perry North,40.485043,-80.015689,kept,0,8.76,9.2,3.4,15;8,id
8772,CENTRE AVE AT MORGAN ST,"Pittsburgh city (Allegheny, PA)",Terrace Village,40.447552,-79.966764,kept,0,8.76,6.8,4.0,82,id
8870,LINCOLN AVE AT LYRIC ST,"Pittsburgh city (Allegheny, PA)",Lincoln-Lemington-Belmar,40.463599,-79.90326,kept,0,8.76,8.0,3.8,82;P17,id
966,WILSON AVE AT PERRYSVILLE AVE,"Pittsburgh city (Allegheny, PA)",Perry South,40.463772,-80.012369,kept,0,8.76,2.0,1.6,11,id
11641,MAIN ST AT HOMESTEAD DUQUESNE RD,"Munhall borough (Allegheny, PA)",,40.395423,-79.899575,kept,0,8.71,0.8,0.2,53;53L,id
15495,LARGE PARK AND RIDE INBOUND PL,"Jefferson Hills borough (Allegheny, PA)",,40.29324,-79.91095,kept,0,8.71,0.0,0.0,Y1;Y46,id
15952,PENNSYLVANIA AVE AT BRIGHTON RD,"Pittsburgh city (Allegheny, PA)",Central Northside,40.456026,-80.015513,kept,0,8.71,7.4,5.8,17,id
1935,CALIFORNIA AVE AT FORSYTHE ST,"Pittsburgh city (Allegheny, PA)",Marshall-Shadeland,40.470772,-80.03629,kept,0,8.71,7.6,6.6,13,id
20224,SOUTH BUSWAY AT PIONEER AVE RAMP FS,"Pittsburgh city (Allegheny, PA)",Brookline,40.411841,-80.008547,kept,0,8.71,5.2,4.4,Y1;Y45;Y46;Y47;Y49,id
20285,WATERFRONT DR OPP AMC THEATRE,"West Homestead borough (Allegheny, PA)",,40.407047,-79.919491,kept,0,8.71,7.4,9.2,53;53L;59;61D;64,id
20762,PENN AVE AT DALLAS AVE,"Pittsburgh city (Allegheny, PA)",Point Breeze North,40.451482,-79.908039,kept,0,8.71,4.2,3.6,71C,id
21987,PENN AVE AT EVALINE ST,"Pittsburgh city (Allegheny, PA)",Bloomfield,40.464751,-79.941276,kept,0,8.71,6.6,5.2,88,former_id
2299,VILLAGE DR AT LEWIS AVE,"Robinson township (Allegheny, PA)",,40.506603,-80.14016,loses_all_service,819,8.71,9.0,6.6,20,id
5127,NEVILLE ST AT FIFTH AVE,"Pittsburgh city (Allegheny, PA)",North Oakland,40.447346,-79.947469,kept_nearby,35,8.71,8.2,4.0,75;P3,id
7072,EDGEWOOD AVE AT EDGEWOOD CT,"Edgewood borough (Allegheny, PA)",,40.430273,-79.884342,kept,0,8.71,6.6,3.8,61A;P7,id
9701,HWY RT 51 AT PIZZA HUT,"Brentwood borough (Allegheny, PA)",,40.368006,-79.983551,kept,0,8.71,7.6,3.8,Y46;Y49,id
20546,OHIO AVE AT BROADWAY ST,"Glassport borough (Allegheny, PA)",,40.319048,-79.890603,kept,0,8.67,3.2,3.4,55,id
21639,VERONA ST AT MAPLEVIEW DR,"Braddock borough (Allegheny, PA)",,40.400314,-79.863064,loses_all_service,239,8.67,6.6,3.8,61A,id
5421,NOBLESTOWN RD OPP NOBLE MANOR (COGOS),"Green Tree borough (Allegheny, PA)",,40.427067,-80.0554,kept,0,8.67,5.4,4.0,31,id
19569,HOFFMAN BLVD AT DUQUESNE BLVD FS,"West Mifflin borough (Allegheny, PA)",,40.384438,-79.863571,kept,0,8.62,13.4,9.6,59,id
51,MESTA,"Bethel Park municipality (Allegheny, PA)",,40.330813,-80.030761,kept,0,8.62,4.0,3.2,SLVR,former_id
99978,CASSWELL,"Bethel Park municipality (Allegheny, PA)",,40.349264,-80.034039,kept,0,8.62,4.8,3.8,BLUE;RED,id
14983,BUTLER ST OPP 50TH ST (STANTON AVE),"Pittsburgh city (Allegheny, PA)",Central Lawrenceville,40.477838,-79.956122,kept,0,8.57,5.6,3.6,91;93,id
16022,ALLEQUIPPA ST AT SR RESIDENCE (#2418),"Pittsburgh city (Allegheny, PA)",Terrace Village,40.440622,-79.96855,kept,0,8.57,6.6,3.2,83,id
163,EAST ST AT VENTURE ST FS,"Pittsburgh city (Allegheny, PA)",Perry North,40.485058,-80.009567,kept,0,8.57,3.6,1.4,12;15,id
16535,LINDEN AVE AT BEECH ST NS,"East Pittsburgh borough (Allegheny, PA)",,40.399804,-79.835514,loses_all_service,161,8.57,10.4,5.8,59;P68,id
3511,FAIRHAVEN RD AT #59,"Kennedy township (Allegheny, PA)",,40.47095,-80.10011,kept_nearby,145,8.57,5.0,2.0,20;22,id
4153,LADOGA ST AT MIDDLETOWN RD,"Pittsburgh city (Allegheny, PA)",Sheraden,40.451686,-80.06943,kept,0,8.57,3.8,1.6,26;27,id
5037,STEUBEN ST AT STRATMORE ST FS,"Pittsburgh city (Allegheny, PA)",Crafton Heights,40.443131,-80.057816,kept,0,8.57,3.2,3.2,29,id
7048,MIDDLE ST AT HAWKINS AVE,"North Braddock borough (Allegheny, PA)",,40.405441,-79.861767,kept,0,8.57,3.0,2.4,61A,id
2211,GRAND AVE AT PINE LN,"Neville township (Allegheny, PA)",,40.514516,-80.140627,kept,0,8.52,2.8,2.4,21,id
4089,FARONIA ST AT WYNETTE ST,"Pittsburgh city (Allegheny, PA)",Sheraden,40.451812,-80.067743,kept,0,8.52,5.2,5.4,26;27,id
4871,ARLINGTON AVE AT FERNLEAF ST,"Pittsburgh city (Allegheny, PA)",South Side Slopes,40.417166,-79.975861,kept,0,8.52,4.8,6.8,48,id
8025,BLVD OF ALLIES AT HALKET ST FS,"Pittsburgh city (Allegheny, PA)",South Oakland,40.435976,-79.95856,kept,0,8.52,1.6,0.8,65;93,id
10999,W 5TH AVE OPP REBECCA ST,"McKeesport city (Allegheny, PA)",,40.350139,-79.873204,kept,0,8.48,7.6,5.0,55;56;59,id
12107,SECOND AVE OPP FLOWERS AVE,"Pittsburgh city (Allegheny, PA)",Hazelwood,40.410123,-79.944203,kept,0,8.48,9.2,4.4,56;57;93,id
1319,LINCOLN AVE AT JACKSON AVE,"Bellevue borough (Allegheny, PA)",,40.49679,-80.057952,kept,0,8.48,5.0,4.4,16;19L,id
15734,WARREN DR AT WALMART DRVWY,"North Versailles township (Allegheny, PA)",,40.385718,-79.821611,kept,0,8.48,6.6,8.2,55;P76,id
19351,SHADELAND AVE AT OAKHILL ST FS,"Pittsburgh city (Allegheny, PA)",Marshall-Shadeland,40.472036,-80.031073,kept,0,8.48,5.4,2.8,17,id
20940,ISLAND AVE AT CHARTIERS AVE NS (MARY ST),"McKees Rocks borough (Allegheny, PA)",,40.465943,-80.060861,kept,0,8.48,11.2,9.4,21,former_id
2315,STANHOPE ST AT W CARSON ST FS,"Pittsburgh city (Allegheny, PA)",Esplen,40.464308,-80.053845,kept,0,8.48,1.8,5.4,20;21;24,id
3742,WINDGAP AVE AT CHARTIERS AVE,"Pittsburgh city (Allegheny, PA)",Windgap,40.459235,-80.077777,kept,0,8.48,2.4,2.2,27,id
4195,ALLENDALE CIR AT #3604,"Pittsburgh city (Allegheny, PA)",Sheraden,40.459427,-80.064519,kept,0,8.48,3.4,1.0,26,id
4240,STEUBEN ST AT HERSCHEL ST FS,"Pittsburgh city (Allegheny, PA)",Elliott,40.442139,-80.045014,kept,0,8.48,8.4,4.0,27;29,id
7259,RANKIN BLVD AT KENMAWR AVE,"Rankin borough (Allegheny, PA)",,40.410202,-79.877843,kept,0,8.48,4.8,3.8,59;61B;71;P71,id
12635,E 7TH AVE AT WOOD ST,"Tarentum borough (Allegheny, PA)",,40.602566,-79.755702,kept_nearby,110,8.43,6.4,5.4,1,id
12689,FREEPORT RD AT ALPHA DR E,"Harmar township (Allegheny, PA)",,40.538742,-79.830223,kept_nearby,63,8.43,6.2,5.6,1;P10,id
13509,WM PENN HWY AT #4155 (PANDA EXPRESS),"Monroeville municipality (Allegheny, PA)",,40.438953,-79.7649,kept,0,8.43,13.4,4.0,67,id
20786,STATE ST AT WALNUT AVE FS,"Clairton city (Allegheny, PA)",,40.308756,-79.889532,kept,0,8.43,4.8,3.8,55,id
5458,GREENTREE RD OPP MANSFIELD AVE FS,"Green Tree borough (Allegheny, PA)",,40.422491,-80.045508,kept,0,8.43,1.2,2.2,38,id
7615,MONTIER ST AT HERR ST,"Wilkinsburg borough (Allegheny, PA)",,40.447336,-79.869738,kept,0,8.43,3.2,3.2,79;P17;P78,id
8770,CENTRE AVE OPP WATT ST,"Pittsburgh city (Allegheny, PA)",Terrace Village,40.446494,-79.968296,kept,0,8.43,8.0,2.6,82,id
8867,LINCOLN AVE OPP APPLE ST,"Pittsburgh city (Allegheny, PA)",Lincoln-Lemington-Belmar,40.464776,-79.8989,kept,0,8.43,3.8,3.8,82;P17,id
9541,BROWNSVILLE RD AT W GARDEN RD,"Brentwood borough (Allegheny, PA)",,40.377925,-79.975485,kept,0,8.43,8.2,4.6,51;51L,id
1158,LIBERTY AVE OPP PACIFIC AVE,"Pittsburgh city (Allegheny, PA)",Bloomfield,40.457293,-79.941013,kept,0,8.38,3.8,3.0,64;86,id
18312,SOUTH COMMONS AT FEDERAL ST FS,"Pittsburgh city (Allegheny, PA)",Allegheny Center,40.450461,-80.003891,kept,0,8.38,5.6,2.2,13;16,id
4121,CHARTIERS AVE AT MIDDLETOWN RD,"Pittsburgh city (Allegheny, PA)",Windgap,40.457566,-80.073578,loses_all_service,401,8.38,3.4,4.2,27,id
7874,GRANT ST AT STRAWBERRY WAY (US STEEL TOWER,"Pittsburgh city (Allegheny, PA)",Central Business District,40.441557,-79.995472,kept,0,8.38,0.0,0.0,P1,id
11630,MAIN ST OPP #4117,"Munhall borough (Allegheny, PA)",,40.38174,-79.905549,kept,0,8.33,2.0,0.8,53;53L,id
21912,FRIENDSHIP AVE AT NEGLEY AVE,"Pittsburgh city (Allegheny, PA)",Friendship,40.460724,-79.932623,kept,0,8.33,4.6,2.2,87,former_id
22320,BLAZIER DR AT TARGET ENTRANCE DRIVE,"McCandless township (Allegheny, PA)",,40.586163,-80.041105,loses_all_service,906,8.33,5.6,2.0,12;O12,former_id
6084,PIONEER AVE AT BERWIN AVE,"Pittsburgh city (Allegheny, PA)",Brookline,40.399156,-80.021201,kept,0,8.33,0.8,1.2,39,id
6694,BAILEY AVE AT RUTH ST,"Pittsburgh city (Allegheny, PA)",Mount Washington,40.426997,-80.00528,loses_all_service,265,8.33,4.0,3.8,43,id
12242,HAZELWOOD AVE OPP GREENFIELD AVE,"Pittsburgh city (Allegheny, PA)",Greenfield,40.419731,-79.929354,kept,0,8.29,1.8,1.8,58;93,id
1348,BEAVER ST AT VILLAGE DR,"Leetsdale borough (Allegheny, PA)",,40.559555,-80.201319,kept,0,8.29,7.0,4.4,14,id
14855,ELLA ST AT FRIENDSHIP AVE FS,"Pittsburgh city (Allegheny, PA)",Bloomfield,40.464453,-79.950619,kept,0,8.29,3.8,2.2,87,former_id
18908,ALLEQUIPPA ST AT SR RESIDENCE (TERRACE),"Pittsburgh city (Allegheny, PA)",Terrace Village,40.440618,-79.968814,kept,0,8.29,6.2,2.6,83,id
1929,CALIFORNIA AVE OPP FALCK AVE,"Pittsburgh city (Allegheny, PA)",Brighton Heights,40.478146,-80.040558,kept,0,8.29,8.0,3.2,13,id
4564,BANKSVILLE RD AT POTOMAC AVE,"Pittsburgh city (Allegheny, PA)",Banksville,40.403202,-80.040827,kept,0,8.29,1.2,3.8,36,id
6776,BOGGS AVE AT WARRINGTON AVE FS,"Pittsburgh city (Allegheny, PA)",Mount Washington,40.415711,-80.011537,kept,0,8.29,6.8,4.2,40;43,id
7787,ARDMORE BLVD AT BRADDOCK RD,"Forest Hills borough (Allegheny, PA)",,40.424638,-79.859163,kept,0,8.29,0.4,0.0,69;P69;P76,id
8279,PENN AVE OPP BAKERY SQUARE,"Pittsburgh city (Allegheny, PA)",Shadyside,40.456136,-79.915602,kept,0,8.29,5.8,1.0,71C;74;88;89,id
1135,EVERGREEN AVE OPP FRANKLIN ST,"Millvale borough (Allegheny, PA)",,40.490466,-79.971754,kept,0,8.24,1.6,2.6,2,id
14862,HOWLEY ST AT FRIENDSHIP AVE,"Pittsburgh city (Allegheny, PA)",Bloomfield,40.465054,-79.95139,kept,0,8.24,0.8,0.2,87,id
1524,CAMBRONNE ST AT BRIGHTON RD,"Pittsburgh city (Allegheny, PA)",Brighton Heights,40.487628,-80.041148,kept,0,8.24,1.8,1.4,16,id
19475,MAIN ST AT HOWLEY ST FS,"Pittsburgh city (Allegheny, PA)",Bloomfield,40.464207,-79.953178,kept,0,8.24,5.6,2.0,54;93,id
20688,EXPOMART DR AT WEST ENTRANCE,"Monroeville municipality (Allegheny, PA)",,40.432449,-79.793976,kept,0,8.24,3.6,2.2,67;P67,id
21049,PATTON ST AT MIDDLE AVE,"Wilmerding borough (Allegheny, PA)",,40.395691,-79.804772,kept,0,8.24,4.2,1.2,69;P69,former_id
2627,MILLVALE AVE AT YEW ST,"Pittsburgh city (Allegheny, PA)",Bloomfield,40.458332,-79.947419,kept,0,8.24,2.2,1.8,54,id
2824,ITIN ST AT SPRING GARDEN AVE,"Pittsburgh city (Allegheny, PA)",East Allegheny,40.45785,-79.995499,kept,0,8.24,5.4,7.2,6,id
5284,WASHINGTON AVE AT DOLLAR TREE,"Scott township (Allegheny, PA)",,40.398192,-80.083208,kept,0,8.24,5.4,4.8,31,id
7121,FORBES AVE OPP PLAINFIELD ST,"Pittsburgh city (Allegheny, PA)",Squirrel Hill North,40.440575,-79.935719,kept,0,8.24,6.2,1.6,61A;61B;61C;61D,id
8226,TRENTON AVE AT SOUTH AVE,"Wilkinsburg borough (Allegheny, PA)",,40.444033,-79.892114,loses_all_service,210,8.24,7.8,3.8,71C,id
17503,BROADHEAD-FORDING RD OPP W PROSPECT AVE NS,"Pittsburgh city (Allegheny, PA)",Fairywood,40.448575,-80.082218,kept,0,8.19,4.0,1.0,27,id
22619,SHIRE PL AT BREINING ST,"Pittsburgh city (Allegheny, PA)",Overbrook,40.417722,-79.997307,kept_nearby,133,8.19,1.6,0.6,54,id
2548,S 18TH ST AT MARY ST,"Pittsburgh city (Allegheny, PA)",South Side Flats,40.425959,-79.980789,kept,0,8.19,4.6,3.2,51;54,id
2653,S 18TH ST AT PIUS ST,"Pittsburgh city (Allegheny, PA)",South Side Slopes,40.424008,-79.977763,kept,0,8.19,5.6,8.6,51;54,id
6660,GRANDVIEW AVE AT COHASSETT ST,"Pittsburgh city (Allegheny, PA)",Mount Washington,40.437868,-80.018323,kept,0,8.19,5.8,3.0,40,id
7061,WOODSTOCK AVE AT ORMOND ST,"Swissvale borough (Allegheny, PA)",,40.418099,-79.882518,kept,0,8.19,4.2,3.4,59;61A;P7,id
8300,HAMILTON AVE AT COLLIER ST,"Pittsburgh city (Allegheny, PA)",Homewood South,40.453609,-79.892823,kept,0,8.19,5.4,3.8,71D,id
8328,HAMILTON AVE AT HOMEWOOD AVE,"Pittsburgh city (Allegheny, PA)",Homewood South,40.454631,-79.897689,kept,0,8.19,7.0,1.0,71D,id
10902,8TH AVE OPP GRANT ST,"Munhall borough (Allegheny, PA)",,40.409319,-79.898462,kept,0,8.14,5.4,4.0,52L;59;61C,id
123,BABCOCK BLVD OPP DUNCAN AVE,"McCandless township (Allegheny, PA)",,40.567435,-80.016556,kept,0,8.14,7.8,5.0,12,id
18342,PITTSBURGH ST AT HIGHLAND AVE FS,"Cheswick borough (Allegheny, PA)",,40.541594,-79.799552,kept,0,8.14,4.0,9.0,1;P10,id
2238,ISLAND AVE AT TUNNEL WAY,"Stowe township (Allegheny, PA)",,40.477246,-80.066341,kept,0,8.14,5.0,5.4,21,id
6407,WEST LIBERTY AVE AT WENZELL AVE,"Pittsburgh city (Allegheny, PA)",Beechview,40.398453,-80.02614,kept,0,8.14,7.2,1.8,41,id
3676,BROADWAY AVE AT 15TH ST,"Stowe township (Allegheny, PA)",,40.47533,-80.081848,kept,0,8.1,6.2,6.4,24,id
4111,STEUBEN ST AT #211,"Pittsburgh city (Allegheny, PA)",Elliott,40.441242,-80.036666,kept,0,8.1,3.8,2.6,26;27;29,id
7230,BRADDOCK AVE AT HENRIETTA ST,"Pittsburgh city (Allegheny, PA)",Regent Square,40.435761,-79.895891,kept,0,8.1,2.8,2.2,61B,id
7637,DALLAS AVE AT REYNOLDS ST,"Pittsburgh city (Allegheny, PA)",Point Breeze,40.448921,-79.910072,kept,0,8.1,1.0,0.0,67;69,id
8433,EVERTON ST AT SILVERTON ST,"Pittsburgh city (Allegheny, PA)",Lincoln-Lemington-Belmar,40.462797,-79.891618,kept,0,8.1,1.0,1.2,74,id
9543,BROWNSVILLE RD AT HILLSON AVE FS,"Brentwood borough (Allegheny, PA)",,40.374939,-79.975601,kept,0,8.1,6.4,5.2,51;51L,id
10903,8TH AVE OPP ANDREW ST,"Munhall borough (Allegheny, PA)",,40.409207,-79.901489,kept,0,8.05,4.0,6.2,52L;59;61C,id
11791,KENNYWOOD MALL FIRE LANE AT HOLLYWOOD VIDEO,"West Mifflin borough (Allegheny, PA)",,40.383592,-79.867459,kept,0,8.05,7.0,7.0,59,id
18617,PENN AVE AT JACKSON ST,"Wilkinsburg borough (Allegheny, PA)",,40.44477,-79.861181,kept,0,8.05,4.2,2.4,67;P16;P67,id
21269,LIBERTY AVE AT 40TH ST NS,"Pittsburgh city (Allegheny, PA)",Bloomfield,40.463033,-79.956405,kept,0,8.05,5.0,2.8,54;86;87,former_id
2162,LIBERTY AVE AT 26TH ST,"Pittsburgh city (Allegheny, PA)",Strip District,40.45448,-79.977677,kept,0,8.05,3.2,1.4,54;86;87,id
5420,NOBLESTOWN RD AT SCHOOL ST,"Green Tree borough (Allegheny, PA)",,40.426422,-80.057121,kept,0,8.05,2.8,3.6,31,id
8902,CENTRE AVE AT KIRKPATRICK ST,"Pittsburgh city (Allegheny, PA)",Middle Hill,40.445311,-79.975842,kept,0,8.05,6.8,2.4,82,id
95,MCNEILLY STATION,"Pittsburgh city (Allegheny, PA)",Overbrook,40.377404,-80.005063,kept,0,8.05,6.2,5.4,BLUE;SLVR,former_id
10364,WALNUT ST AT 9TH ST,"McKeesport city (Allegheny, PA)",,40.347303,-79.864216,kept,0,8.0,3.6,2.4,60,id
1863,WOODLAND AVE AT STAYTON ST,"Pittsburgh city (Allegheny, PA)",Marshall-Shadeland,40.469573,-80.02745,kept,0,8.0,3.2,3.6,17,id
19898,HWY RT 51 AT IRWIN DR FS,"Baldwin borough (Allegheny, PA)",,40.343586,-79.970155,kept,0,8.0,6.6,4.4,51;Y46,id
20938,BRADDOCK AVE AT 6TH ST,"Braddock borough (Allegheny, PA)",,40.40322,-79.868412,kept,0,8.0,12.0,4.6,59;61A;61B,id
9868,MONONGAHELA AVE AT 8TH ST,"Glassport borough (Allegheny, PA)",,40.32258,-79.89238,kept,0,8.0,7.2,4.0,55,id
16027,BENTLEY DR AT OAK HILL DR,"Pittsburgh city (Allegheny, PA)",Terrace Village,40.440034,-79.969837,kept,0,7.95,4.2,3.0,81,id
1790,N CHARLES ST AT BRIGHTRIDGE ST,"Pittsburgh city (Allegheny, PA)",Perry South,40.462182,-80.018485,kept_nearby,83,7.95,2.8,3.0,15,id
18918,ECKSTEIN PL AT WADSWORTH ST FS,"Pittsburgh city (Allegheny, PA)",Terrace Village,40.44267,-79.96845,kept,0,7.95,6.8,3.2,81,id
18994,RANKIN BLVD AT KENMAWR AVE FS,"Rankin borough (Allegheny, PA)",,40.410381,-79.877991,kept,0,7.95,4.0,5.0,61B,id
20727,PASSAVANT HOSPITAL AT MAIN ENTRANCE,"McCandless township (Allegheny, PA)",,40.572155,-80.013514,kept,0,7.95,2.4,3.0,12,id
2242,ISLAND AVE AT BRADLEY ST,"McKees Rocks borough (Allegheny, PA)",,40.470415,-80.060455,kept,0,7.95,5.8,2.0,21,id
4786,ARLINGTON AVE AT COLOGNE ST,"Pittsburgh city (Allegheny, PA)",Arlington-Arlington Heights,40.417496,-79.969558,kept,0,7.95,5.2,4.4,48,id
6702,BELTZHOOVER AVE AT EDGEMONT ST,"Pittsburgh city (Allegheny, PA)",Mount Washington,40.422607,-79.997475,kept_nearby,102,7.95,0.4,2.4,43,id
6855,SOUTH BUSWAY AT GLENBURY ST RAMP,"Pittsburgh city (Allegheny, PA)",Overbrook,40.382852,-79.996781,kept,0,7.95,10.6,3.6,Y1;Y45;Y46;Y47;Y49,id
8303,HAMILTON AVE AT LANG AVE,"Pittsburgh city (Allegheny, PA)",Homewood South,40.455119,-79.899498,kept,0,7.95,7.8,3.0,71D,id
14965,BUTLER ST AT 57TH ST,"Pittsburgh city (Allegheny, PA)",Upper Lawrenceville,40.485257,-79.946171,kept,0,7.9,2.6,1.4,87;91,id
17235,JEFFERS ST AT #1330,"Pittsburgh city (Allegheny, PA)",Sheraden,40.453006,-80.065562,kept,0,7.9,5.0,5.6,26;27,id
21076,STEUBENVILLE PIKE AT MCCORMICK RD FS,"Robinson township (Allegheny, PA)",,40.449191,-80.124441,kept,0,7.9,0.2,0.0,29,former_id
21164,HWY RT 51 OPP GLEN ELM DR,"Whitehall borough (Allegheny, PA)",,40.356579,-79.980212,kept,0,7.9,5.8,2.2,51;Y1;Y46,former_id
22646,UNIVERSITY BLVD AT TIGER TRAIL,"Moon township (Allegheny, PA)",,40.438142,-79.896932,kept,0,7.9,6.6,9.4,61B,id
20957,SOUTH AVE AT CENTER ST,"Wilkinsburg borough (Allegheny, PA)",,40.441135,-79.882656,kept,0,7.86,3.8,3.0,61A;P68;P69,former_id
22217,MAIN ST AT 62ND ST BRIDGE FS,"Sharpsburg borough (Allegheny, PA)",,40.495537,-79.938847,kept,0,7.86,3.2,3.8,1;91,former_id
2736,LOWRIE ST OPP NIGGEL ST,"Pittsburgh city (Allegheny, PA)",Troy Hill,40.467695,-79.979873,kept,0,7.86,1.6,2.0,4,id
2875,SPRING GARDEN AVE AT SPRING GARDEN LOOP PNR,"Pittsburgh city (Allegheny, PA)",Spring Garden,40.466396,-79.985291,kept,0,7.86,0.0,0.0,7,id
8785,CENTRE AVE OPP BRYN MAWR RD,"Pittsburgh city (Allegheny, PA)",North Oakland,40.448958,-79.957646,kept,0,7.86,8.4,4.4,82,id
9141,FRANKSTOWN AVE AT STERRETT ST,"Pittsburgh city (Allegheny, PA)",Homewood South,40.456898,-79.894269,kept,0,7.86,10.0,5.8,77;86,id
14394,FRANKSTOWN RD AT BARTHOLOMEW CHURCH DR,"Penn Hills township (Allegheny, PA)",,40.464932,-79.839371,kept,0,7.81,3.6,6.2,77,id
16403,KNOEDLER RD OPP MERRYHEART HOME (#100),"Baldwin borough (Allegheny, PA)",,40.341969,-79.982456,kept,0,7.81,7.8,0.0,Y47,id
18770,BROADWAY AVE AT 11TH ST,"Stowe township (Allegheny, PA)",,40.474094,-80.077943,kept,0,7.81,9.6,8.4,24,id
21988,PENN AVE AT ATLANTIC AVE,"Pittsburgh city (Allegheny, PA)",Bloomfield,40.464524,-79.938759,kept,0,7.81,6.0,3.0,88,former_id
22313,31ST ST BRIDGE RAMP AT 31ST ST BRIDGE,"Pittsburgh city (Allegheny, PA)",Troy Hill,40.464615,-79.979735,kept,0,7.81,5.6,9.0,1;2,former_id
10025,BROWNSVILLE RD AT W WOODFORD AVE,"Pittsburgh city (Allegheny, PA)",Carrick,40.393302,-79.986562,kept,0,7.76,9.4,5.0,51,id
20237,HWY RT 51 AT E BRUCETON RD FS,"Pleasant Hills borough (Allegheny, PA)",,40.328065,-79.944898,kept,0,7.76,8.2,6.4,55;Y1;Y46,id
3825,PARK MANOR BLVD OPP IKEA,"Robinson township (Allegheny, PA)",,40.453556,-80.167587,kept,0,7.76,4.6,4.0,24;29,id
5096,STEUBEN ST AT LINDEN AVE,"Crafton borough (Allegheny, PA)",,40.438982,-80.072822,kept,0,7.76,5.4,3.0,29,id
7078,COAL ST AT REBECCA AVE,"Wilkinsburg borough (Allegheny, PA)",,40.438593,-79.881191,kept_nearby,141,7.76,4.6,4.2,61A,id
7707,SWISSVALE AVE AT STONER WAY,"Wilkinsburg borough (Allegheny, PA)",,40.44088,-79.877937,kept,0,7.76,4.0,3.4,79;P17;P78,id
10030,BROWNSVILLE RD OPP CLIFTON BLVD,"Pittsburgh city (Allegheny, PA)",Carrick,40.38683,-79.981846,kept,0,7.71,8.8,10.2,51;51L,id
12799,PITTSBURGH ST OPP ROSA ST,"Springdale borough (Allegheny, PA)",,40.54118,-79.786429,kept,0,7.71,3.2,3.6,1;P10,id
16572,OAKWOOD ST AT NIMICK PL,"Pittsburgh city (Allegheny, PA)",East Hills,40.44986,-79.884232,kept,0,7.71,4.2,3.8,71D;86,id
22071,FRIENDSHIP AVE AT AIKEN AVE,"Pittsburgh city (Allegheny, PA)",Bloomfield,40.461929,-79.937472,kept,0,7.71,1.4,0.6,87,former_id
2316,STANHOPE ST AT CHARTIERS AVE,"Pittsburgh city (Allegheny, PA)",Esplen,40.463627,-80.056418,kept,0,7.71,4.6,6.2,20;21;24,id
6675,VIRGINIA AVE AT MAPLE TERRACE,"Pittsburgh city (Allegheny, PA)",Mount Washington,40.430652,-80.009673,kept,0,7.71,2.6,4.0,40,id
6678,SOUTHERN AVE AT NATCHEZ ST,"Pittsburgh city (Allegheny, PA)",Mount Washington,40.428699,-80.008103,kept,0,7.71,1.4,2.4,40,id
7782,ELECTRIC AVE AT NORTH AVE,"North Braddock borough (Allegheny, PA)",,40.405459,-79.839103,kept,0,7.71,3.2,3.0,69;P69,id
8207,NEGLEY AVE AT FRIENDSHIP AVE,"Pittsburgh city (Allegheny, PA)",East Liberty,40.46056,-79.932404,kept,0,7.71,14.0,7.6,71A;71C;77,id
8267,ELLSWORTH AVE AT MARYLAND AVE,"Pittsburgh city (Allegheny, PA)",Shadyside,40.455959,-79.930892,kept,0,7.71,5.6,3.2,75,id
851,CENTER AVE AT PARK AVE,"West View borough (Allegheny, PA)",,40.511549,-80.027499,kept,0,7.71,1.8,2.2,8,id
8531,SHADY AVE AT FORBES AVE,"Pittsburgh city (Allegheny, PA)",Squirrel Hill North,40.438191,-79.919434,kept,0,7.71,9.0,7.8,64,id
1260,CALIFORNIA AVE AT FISK AVE,"Avalon borough (Allegheny, PA)",,40.503205,-80.072517,kept,0,7.67,1.4,1.8,16;19L,id
20418,EAST HILLS DR AT WILNER DR,"Pittsburgh city (Allegheny, PA)",East Hills,40.454998,-79.87124,kept,0,7.67,9.6,1.4,79;P17,id
5028,STEUBENVILLE PIKE OPP HOLY TRINITY CHURCH,"Robinson township (Allegheny, PA)",,40.451547,-80.136211,kept,0,7.67,3.4,0.6,24;29,id
7610,LAKETON RD AT WINTON ST,"Wilkinsburg borough (Allegheny, PA)",,40.451068,-79.862051,kept,0,7.67,0.0,0.0,P78,id
811,PERRYSVILLE AVE AT SEMICIR ST,"Pittsburgh city (Allegheny, PA)",Perry North,40.487333,-80.016344,kept,0,7.67,1.2,1.8,15;8,id
9074,CRAFT AVE AT HAMLET PL FS,"Pittsburgh city (Allegheny, PA)",South Oakland,40.43632,-79.962186,kept,0,7.67,0.6,0.4,58;93,former_id
9142,FRANKSTOWN AVE AT COLLIER ST,"Pittsburgh city (Allegheny, PA)",Homewood South,40.45639,-79.892053,kept,0,7.67,3.2,3.4,77;86,id
19472,BRADDOCK AVE AT ELECTRIC AVE,"Turtle Creek borough (Allegheny, PA)",,40.400676,-79.833435,kept,0,7.62,0.8,1.0,59;69;P68;P69,id
4129,STEUBEN ST OPP SANCTUS ST,"Pittsburgh city (Allegheny, PA)",West End,40.442412,-80.033496,kept,0,7.62,6.8,4.2,26;27;29,id
8423,LEMINGTON AVE AT LINCOLN AVE,"Pittsburgh city (Allegheny, PA)",Lincoln-Lemington-Belmar,40.468895,-79.896196,kept,0,7.62,3.2,1.6,74,id
3645,BROADWAY AVE OPP CHARLES ST,"Stowe township (Allegheny, PA)",,40.470256,-80.070404,kept,0,7.57,6.8,2.0,24,id
9352,GREENWOOD ST AT JANCEY ST,"Pittsburgh city (Allegheny, PA)",Morningside,40.485885,-79.926432,kept,0,7.57,4.4,2.8,75;87,id
12091,KANE CENTER MAIN ENTRANCE (GLE,"Pittsburgh city (Allegheny, PA)",Glen Hazel,40.407563,-79.929895,kept,0,7.52,9.8,5.0,57;93,id
19843,FELICITY RD AT KANE CTR (STAFF ENTRANCE),"Ross township (Allegheny, PA)",,40.549619,-80.015005,loses_all_service,346,7.52,8.0,6.8,12,id
21661,MOUNTAIN AVE AT SCHULER ST,"Pittsburgh city (Allegheny, PA)",St. Clair,40.409609,-79.977359,kept_nearby,14,7.52,0.0,0.0,44,former_id
9032,TERRACE ST AT ROBINSON ST,"Pittsburgh city (Allegheny, PA)",West Oakland,40.440393,-79.965411,kept,0,7.52,5.0,5.2,81;83,id
4098,CHARTIERS AVE AT DITZLER ST,"Pittsburgh city (Allegheny, PA)",Sheraden,40.453934,-80.056388,kept,0,7.48,1.4,0.8,26,id
7138,KELLY AVE AT WEST ST,"Wilkinsburg borough (Allegheny, PA)",,40.441169,-79.891419,kept,0,7.48,1.6,0.8,61A;71;P71,id
9336,JANCEY ST AT VETTER ST,"Pittsburgh city (Allegheny, PA)",Morningside,40.481113,-79.929232,kept,0,7.48,1.0,0.2,75;87,id
10029,BROWNSVILLE RD AT BISCAYNE DR,"Pittsburgh city (Allegheny, PA)",Carrick,40.387436,-79.984055,kept,0,7.43,4.0,4.2,51;51L,id
10828,WALNUT ST AT 9TH ST,"McKeesport city (Allegheny, PA)",,40.346976,-79.864033,kept_nearby,40,7.43,6.0,2.6,60,id
10968,8TH AVE AT GRANT ST,"Munhall borough (Allegheny, PA)",,40.409218,-79.898828,kept,0,7.43,2.8,5.6,52L;59;61C,id
1312,FOREST AVE AT CAROLYN AVE FS,"Bellevue borough (Allegheny, PA)",,40.502197,-80.054516,kept,0,7.43,10.2,4.0,13,id
20213,MILWAUKEE ST AT ORION ST,"Pittsburgh city (Allegheny, PA)",Upper Hill,40.454443,-79.961227,kept_nearby,24,7.43,4.0,3.8,83,id
3174,FREEPORT RD AT ALPHA DR W,"Harmar township (Allegheny, PA)",,40.537945,-79.834557,kept,0,7.43,2.2,2.2,1;P10;P16;P78,former_id
6207,WEST LIBERTY AVE AT PARK BLVD,"Dormont borough (Allegheny, PA)",,40.391242,-80.039256,kept,0,7.43,3.2,3.8,41,id
7094,FORBES AVE AT BEECHWOOD BLVD,"Pittsburgh city (Allegheny, PA)",Squirrel Hill North,40.438083,-79.915079,kept,0,7.43,5.2,3.6,61A;61B,id
9733,HWY RT 51 AT PETCO DRIVEWAY,"Pleasant Hills borough (Allegheny, PA)",,40.338335,-79.953013,kept,0,7.43,10.0,3.4,Y46,id
10981,DUQUESNE BLVD AT COMMONWEALTH AVE,"Duquesne city (Allegheny, PA)",,40.383,-79.857584,kept,0,7.38,10.8,2.2,59;61C;P7,id
11622,INTERBORO AVE AT LEASIDE DR #1 (MIFFLIN),"Pittsburgh city (Allegheny, PA)",Lincoln Place,40.370143,-79.912825,kept,0,7.38,1.8,2.8,53;53L,id
11653,ANN ST AT 8TH AVE,"Homestead borough (Allegheny, PA)",,40.407779,-79.909144,kept,0,7.38,0.0,0.0,53L,id
18667,DELWAR RD OPP APPLEBEE'S DRVWY,"West Mifflin borough (Allegheny, PA)",,40.348939,-79.94765,kept,0,7.38,3.2,2.8,Y49,id
1934,CALIFORNIA AVE OPP BAINTON ST,"Pittsburgh city (Allegheny, PA)",Brighton Heights,40.472777,-80.037876,kept,0,7.38,4.4,3.0,13,id
327,MCKNIGHT RD AT CUMBERLAND RD,"McCandless township (Allegheny, PA)",,40.572292,-80.023789,kept,0,7.38,0.0,0.0,O12,id
6086,PIONEER AVE AT BELLBROOK ST,"Pittsburgh city (Allegheny, PA)",Brookline,40.401149,-80.018511,kept,0,7.38,0.8,0.4,39,id
7248,MONONGAHELA AVE OPP WASHINGTON ST,"Swissvale borough (Allegheny, PA)",,40.420107,-79.889346,kept,0,7.38,3.8,4.6,59;61B;71;P71,id
11634,MAIN ST AT MILLER AVE,"Munhall borough (Allegheny, PA)",,40.387162,-79.902309,kept,0,7.33,1.6,0.8,53;53L,id
14861,HOWLEY ST AT SHUR SAVE DRVWY FS (GANGWISH S,"Pittsburgh city (Allegheny, PA)",Bloomfield,40.464384,-79.95227,kept,0,7.33,4.2,1.2,87,former_id
18910,TERRACE ST AT OAK HILL DR,"Pittsburgh city (Allegheny, PA)",Terrace Village,40.439966,-79.967684,kept,0,7.33,2.0,1.2,83,id
2742,LOWRIE ST AT CLAIM ST,"Pittsburgh city (Allegheny, PA)",Troy Hill,40.463196,-79.983039,kept,0,7.33,1.8,2.2,4,id
4189,W PROSPECT AVE AT BERRY ST NS,"Ingram borough (Allegheny, PA)",,40.446834,-80.068749,kept,0,7.33,5.4,4.2,26;27,id
5394,WASHINGTON PIKE OPP GREAT SOUTHERN SHPG CTR,"Collier township (Allegheny, PA)",,40.368303,-80.102929,kept,0,7.33,1.6,1.0,31;38;G31,id
9896,LYSLE BLVD AT CENTER ST,"McKeesport city (Allegheny, PA)",,40.352345,-79.853365,kept,0,7.33,6.4,6.0,55;56;59;60;61C;P7,id
6701,BELTZHOOVER AVE AT EUREKA ST,"Pittsburgh city (Allegheny, PA)",Mount Washington,40.423805,-79.997515,loses_all_service,234,7.29,2.8,3.0,43,id
7062,WOODSTOCK AVE AT ARDMORE ST,"Swissvale borough (Allegheny, PA)",,40.41907,-79.884156,kept,0,7.29,3.8,2.6,59;61A;P7,id
11654,BEECHWOOD BLVD AT FEDERAL HILL ST,"Pittsburgh city (Allegheny, PA)",Greenfield,40.42086,-79.927419,kept_nearby,104,7.24,0.0,0.0,52L;53L,id
12704,MAIN ST AT 9TH ST,"Sharpsburg borough (Allegheny, PA)",,40.494639,-79.933472,kept,0,7.24,4.6,2.6,1;91,id
14367,BAUM BLVD AT MILLVALE AVE,"Pittsburgh city (Allegheny, PA)",Bloomfield,40.454454,-79.947569,kept_nearby,17,7.24,2.8,1.6,77,id
1727,PENNSYLVANIA AVE AT BIDWELL ST,"Pittsburgh city (Allegheny, PA)",Manchester,40.455047,-80.021165,kept,0,7.24,3.4,3.0,17;18,id
17374,CHARTIERS VALLEY SC DR AT GIANT EAGLE,"Collier township (Allegheny, PA)",,40.366977,-80.109697,kept,0,7.24,5.0,2.2,38,id
19749,BALPH AVE AT ORCHARD AVE,"Bellevue borough (Allegheny, PA)",,40.499191,-80.053105,kept,0,7.24,6.4,4.4,13,id
6166,CHELTON AVE AT FREEDOM AVE,"Pittsburgh city (Allegheny, PA)",Brookline,40.3884,-80.012749,loses_all_service,389,7.24,2.4,0.2,39,id
8225,TRENTON AVE AT FRANKLIN AVE,"Wilkinsburg borough (Allegheny, PA)",,40.443292,-79.892365,loses_all_service,225,7.24,7.0,5.2,71C,id
1522,WINHURST ST AT CAMBRONNE ST,"Pittsburgh city (Allegheny, PA)",Brighton Heights,40.488513,-80.043615,kept,0,7.19,4.0,4.2,16,id
20687,MALL BLVD AT #120 (AT HOME STORE),"Monroeville municipality (Allegheny, PA)",,40.43165,-79.791245,kept,0,7.19,6.0,3.2,67;P68,id
22004,PARK HILL DR AT #2102,"Pittsburgh city (Allegheny, PA)",East Hills,40.453,-79.874264,kept,0,7.19,7.2,2.2,79;P17,former_id
2657,S 18TH ST AT MONASTERY AVE,"Pittsburgh city (Allegheny, PA)",South Side Slopes,40.4217,-79.984288,kept,0,7.19,8.4,6.6,51;54,id
3179,FREEPORT RD OPP HULTON BRIDGE NS,"Harmar township (Allegheny, PA)",,40.528983,-79.850181,kept,0,7.19,8.2,10.8,1,id
3259,FIFTH AVE OPP COLLEGE ST,"Pittsburgh city (Allegheny, PA)",Squirrel Hill North,40.451085,-79.925929,kept,0,7.19,5.8,5.2,28X;64;71B;71D,id
7541,LIBRARY ST AT BRADDOCK AVE,"Braddock borough (Allegheny, PA)",,40.401399,-79.8655,kept,0,7.19,5.0,3.2,59,id
8298,HAMILTON AVE AT BRUSHTON AVE,"Pittsburgh city (Allegheny, PA)",Homewood South,40.452717,-79.88891,kept,0,7.19,3.4,4.4,71D,id
9020,TERRACE ST AT DARRAGH ST,"Pittsburgh city (Allegheny, PA)",West Oakland,40.441872,-79.962883,kept,0,7.19,2.4,0.0,81;83,id
10115,LEBANON CHURCH RD AT CECO DR,"West Mifflin borough (Allegheny, PA)",,40.346247,-79.957045,kept,0,7.14,9.2,4.2,51;Y47,id
18284,BEAVER ST AT DIVISION ST FS,"Sewickley borough (Allegheny, PA)",,40.539736,-80.179899,kept,0,7.14,5.6,2.4,14,id
18529,WILKINS AVE AT SHADY AVE FS,"Pittsburgh city (Allegheny, PA)",Squirrel Hill North,40.443893,-79.920996,kept,0,7.14,1.2,1.0,67;69;74,id
19453,MOSSFIELD ST OPP AZURE ST FS,"Pittsburgh city (Allegheny, PA)",Garfield,40.472075,-79.934518,kept,0,7.14,4.0,1.6,89,id
3576,HELEN ST AT ELLA ST FS,"McKees Rocks borough (Allegheny, PA)",,40.474345,-80.057502,kept,0,7.14,4.2,1.0,22,id
4199,MOYER ST AT ALLENDALE ST,"Pittsburgh city (Allegheny, PA)",Sheraden,40.458294,-80.063986,kept,0,7.14,6.4,3.4,26,id
1709,MANHATTAN ST AT LIVERPOOL ST,"Pittsburgh city (Allegheny, PA)",Manchester,40.455178,-80.026728,kept,0,7.1,2.0,0.6,17;18,id
18528,PENN AVE AT MURTLAND ST FS,"Pittsburgh city (Allegheny, PA)",Point Breeze North,40.45081,-79.906033,kept,0,7.1,4.8,2.0,67;69;71C,id
19693,GREENTREE RD AT POCONO DR FS,"Green Tree borough (Allegheny, PA)",,40.41673,-80.04498,kept,0,7.1,5.4,2.0,38,id
20096,EAST LIBERTY BLVD AT LARIMER AVE,"Pittsburgh city (Allegheny, PA)",Larimer,40.463313,-79.917174,kept,0,7.1,6.6,3.2,75,id
2365,4TH AVE AT MAIN ST NS,"Coraopolis borough (Allegheny, PA)",,40.519318,-80.166015,kept,0,7.1,4.8,3.2,21,id
6971,CHALFONT ST AT DELMONT AVE,"Pittsburgh city (Allegheny, PA)",Beltzhoover,40.416631,-80.003828,kept,0,7.1,4.0,3.4,44,id
99948,POPLAR,"Mount Lebanon township (Allegheny, PA)",,40.375081,-80.038129,kept,0,7.1,10.8,5.4,RED,id
14397,FRANKSTOWN RD AT #10485,"Penn Hills township (Allegheny, PA)",,40.460592,-79.844448,kept,0,7.05,8.6,5.6,77,id
19384,12TH AVE AT AMITY ST FS,"Homestead borough (Allegheny, PA)",,40.404314,-79.90838,kept,0,7.05,3.4,1.4,53;53L,id
21528,CHURCHVIEW GARDEN APARTMENTS,"Baldwin borough (Allegheny, PA)",,40.386074,-79.93805,loses_all_service,466,7.05,0.0,0.0,44,id
2839,CHESTNUT ST AT SUISMON ST,"Pittsburgh city (Allegheny, PA)",East Allegheny,40.456217,-79.994905,kept,0,7.05,1.8,1.8,6;7,id
11081,SHADY AVE AT WILKINS AVE,"Pittsburgh city (Allegheny, PA)",Squirrel Hill North,40.443756,-79.920424,kept,0,7.0,8.6,4.0,64,id
14630,UNITY TRESTLE RD OPP UNIVERSAL RD,"Plum borough (Allegheny, PA)",,40.490419,-79.783024,loses_all_service,1441,7.0,0.0,0.0,77;P16,id
14968,BUTLER ST AT 49TH ST,"Pittsburgh city (Allegheny, PA)",Central Lawrenceville,40.477139,-79.956902,kept,0,7.0,2.8,2.4,91;93,id
18413,KENNEDY AVE AT AURILES ST,"Duquesne city (Allegheny, PA)",,40.370458,-79.852508,kept_nearby,16,7.0,3.6,1.8,59,id
18534,BEELER ST AT WILKINS AVE FS,"Pittsburgh city (Allegheny, PA)",Squirrel Hill North,40.445626,-79.931845,kept,0,7.0,0.6,1.8,67;69,id
21656,CHALFONT ST AT ESTELLA AVE,"Pittsburgh city (Allegheny, PA)",Beltzhoover,40.416701,-80.000242,kept,0,7.0,4.8,3.2,44,former_id
22634,KENNEDY AVE AT AURILES ST,"Duquesne city (Allegheny, PA)",,40.5131,-80.135114,kept,0,7.0,4.8,3.2,21,id
6189,ALTMAR ST OPP REAMER ST,"Pittsburgh city (Allegheny, PA)",Brookline,40.391498,-80.000247,kept,0,7.0,2.0,0.8,39,id
9417,HWY RT 51 AT STREETS RUN RD,"Baldwin borough (Allegheny, PA)",,40.346239,-79.973317,kept,0,7.0,3.0,3.0,51;Y46,id
12700,MAIN ST AT 14TH ST,"Sharpsburg borough (Allegheny, PA)",,40.494494,-79.927422,kept,0,6.95,7.0,4.0,1;91,id
13357,ALPHA DR AT FREEPORT RD,"O'Hara township (Allegheny, PA)",,40.491642,-79.866073,kept,0,6.95,0.0,0.0,91,id
20204,VIRGINIA AVE AT MERRIMAC ST,"Pittsburgh city (Allegheny, PA)",Mount Washington,40.431745,-80.013973,kept,0,6.95,3.2,2.4,40,id
20579,EAST PITTSBURGH MCKEESPORT BLV AT MARYLAND AVE,"North Versailles township (Allegheny, PA)",,40.380301,-79.828568,kept,0,6.95,6.8,5.6,55,id
21989,PENN AVE AT AIKEN AVE,"Pittsburgh city (Allegheny, PA)",Bloomfield,40.464632,-79.936695,kept,0,6.95,3.4,2.2,88,former_id
2215,GRAND AVE AT 4TH ST,"Neville township (Allegheny, PA)",,40.510891,-80.1278,kept,0,6.95,3.2,4.4,21,id
4110,CHARTIERS AVE OPP MARLOW ST,"Pittsburgh city (Allegheny, PA)",Elliott,40.442902,-80.039676,kept,0,6.95,3.2,3.0,26,id
5425,NOBLESTOWN RD OPP #2120 (SHOP-N-SAVE DR #2),"Pittsburgh city (Allegheny, PA)",Westwood,40.431806,-80.052764,kept,0,6.95,2.8,3.2,31,id
7430,ARDMORE BLVD AT MARION AVE FS,"Forest Hills borough (Allegheny, PA)",,40.419945,-79.850124,kept,0,6.95,0.8,1.2,69;P69;P76,id
7499,WM PENN HWY AT KINGSTON DR FS,"Wilkins township (Allegheny, PA)",,40.429989,-79.809511,kept,0,6.95,3.6,5.2,67;P67,id
1320,LINCOLN AVE AT STARR AVE,"Bellevue borough (Allegheny, PA)",,40.497794,-80.059989,kept,0,6.9,4.6,3.8,16;19L,id
18473,BROWNSVILLE RD AT W CHERRYHILL ST NS,"Pittsburgh city (Allegheny, PA)",Carrick,40.398219,-79.988592,kept,0,6.9,7.8,3.6,51,id
1858,SHADELAND AVE AT GEYER AVE,"Pittsburgh city (Allegheny, PA)",Marshall-Shadeland,40.474932,-80.031987,kept,0,6.9,2.8,4.0,17,id
18681,MCKNIGHT RD AT THE BLOCK NORTHWAY DRVWY,"Ross township (Allegheny, PA)",,40.553164,-80.020703,kept,0,6.9,0.0,0.6,12;O12;P13,id
20779,BAUM BLVD OPP FAIRMOUNT ST FS,"Pittsburgh city (Allegheny, PA)",Friendship,40.457961,-79.934963,kept_nearby,82,6.9,6.2,4.8,77,id
4114,STEUBEN ST AT SANCTUS ST FS,"Pittsburgh city (Allegheny, PA)",West End,40.442464,-80.033115,kept,0,6.9,7.0,5.8,26;27;29,id
4122,CHARTIERS AVE AT KRUPP ST,"Pittsburgh city (Allegheny, PA)",Chartiers City,40.458125,-80.070882,loses_all_service,558,6.9,2.2,1.4,27,id
9767,KEEPORT DR AT TRAVIS DR,"Baldwin borough (Allegheny, PA)",,40.338259,-79.979176,kept,0,6.9,10.6,0.0,Y47,id
1708,MANHATTAN ST AT N FRANKLIN ST,"Pittsburgh city (Allegheny, PA)",Manchester,40.456131,-80.027043,kept,0,6.86,1.2,1.8,17;18,id
5283,WASHINGTON AVE AT HOPE HOLLOW RD FS,"Scott township (Allegheny, PA)",,40.395997,-80.086191,kept,0,6.86,3.4,3.4,31,id
7764,MIDDLE AVE AT #526,"Wilmerding borough (Allegheny, PA)",,40.396325,-79.808753,kept,0,6.86,1.4,2.4,69;P69,id
7789,ARDMORE BLVD OPP BEVINGTON RD,"Forest Hills borough (Allegheny, PA)",,40.427036,-79.862778,kept,0,6.86,1.0,0.0,69;P69;P76,id
7966,PENN AVE AT PRINCETON BLVD,"Wilkinsburg borough (Allegheny, PA)",,40.440518,-79.87188,kept,0,6.86,1.6,3.4,67;P67,id
1864,WOODLAND AVE AT BRIGHTON RD,"Pittsburgh city (Allegheny, PA)",Marshall-Shadeland,40.469876,-80.025775,kept,0,6.81,2.0,5.4,17,id
2220,GRAND AVE OPP ARMY CORPS OF ENGINEERS,"Neville township (Allegheny, PA)",,40.508108,-80.113395,kept,0,6.81,2.6,0.4,21,id
4204,ALLENDALE ST AT CHARTIERS AVE,"Pittsburgh city (Allegheny, PA)",Sheraden,40.454053,-80.059669,kept,0,6.81,3.8,2.6,26,id
6283,BOWER HILL RD AT CARNEGIE DR,"Mount Lebanon township (Allegheny, PA)",,40.383189,-80.056427,kept,0,6.81,1.6,1.0,41,id
7619,SWISSVALE AVE AT HILL AVE,"Wilkinsburg borough (Allegheny, PA)",,40.443817,-79.876389,kept,0,6.81,4.4,0.2,79;P17;P78,id
8256,ELLSWORTH AVE AT CATHEDRAL MANSIONS,"Pittsburgh city (Allegheny, PA)",Shadyside,40.448528,-79.947031,kept,0,6.81,4.8,4.4,75,id
8467,HOMEWOOD AVE AT HAMILTON AVE,"Pittsburgh city (Allegheny, PA)",Homewood South,40.454737,-79.897505,kept,0,6.81,0.8,0.4,74,id
12764,MAIN ST OPP 6TH ST FS,"Sharpsburg borough (Allegheny, PA)",,40.494613,-79.935691,kept,0,6.76,6.2,3.4,1;91,id
1626,LINCOLN AVE AT BRIGHTON RD,"Bellevue borough (Allegheny, PA)",,40.492506,-80.049223,kept,0,6.76,6.4,2.8,13;16;19L,id
20570,MONONGAHELA AVE AT 7TH ST,"Glassport borough (Allegheny, PA)",,40.324239,-79.892394,kept,0,6.76,2.4,2.4,55,id
21248,REED ST AT ADDISON ST,"Pittsburgh city (Allegheny, PA)",Terrace Village,40.442821,-79.977147,kept,0,6.76,6.8,4.8,81,id
7156,WAVERLY AVE AT BRADDOCK AVE FS,"Swissvale borough (Allegheny, PA)",,40.422234,-79.886253,kept,0,6.76,5.8,2.8,59;61A;P7,id
7620,SWISSVALE AVE AT NORTH AVE,"Wilkinsburg borough (Allegheny, PA)",,40.443043,-79.876846,kept,0,6.76,3.0,2.0,79;P17;P78,id
10032,BROWNSVILLE RD OPP CHURCHVIEW AVE,"Pittsburgh city (Allegheny, PA)",Carrick,40.385858,-79.979016,kept,0,6.71,5.4,6.0,51,id
12673,PITTSBURGH ST AT PORTER ST,"Springdale borough (Allegheny, PA)",,40.541262,-79.78847,kept,0,6.71,4.0,2.4,1;P10,id
18450,IMOGENE RD AT BROWNS HILL RD FS,"Pittsburgh city (Allegheny, PA)",Hazelwood,40.415265,-79.924993,kept,0,6.71,7.4,9.8,57,id
18452,JOHNSTON AVE AT RIVERMONT DR FS,"Pittsburgh city (Allegheny, PA)",Glen Hazel,40.406657,-79.927785,kept,0,6.71,5.0,1.2,57;93,id
220,MADISON AVE AT CONCORD ST,"Pittsburgh city (Allegheny, PA)",East Allegheny,40.457861,-79.99799,kept,0,6.71,7.2,7.4,12,id
2222,GRAND AVE OPP NEVILLE RECYCLING,"Neville township (Allegheny, PA)",,40.507024,-80.108999,kept,0,6.71,1.8,0.4,21,id
3267,HIGHLAND AVE OPP BAUM BLVD,"Pittsburgh city (Allegheny, PA)",East Liberty,40.460348,-79.92493,kept_nearby,33,6.71,3.2,2.2,71B,id
7140,KELLY AVE AT HAY ST,"Wilkinsburg borough (Allegheny, PA)",,40.440118,-79.88829,kept,0,6.71,3.4,2.0,61A;71;P71,id
9123,FRANKSTOWN AVE AT LINCOLN AVE,"Pittsburgh city (Allegheny, PA)",Larimer,40.460306,-79.913294,kept,0,6.71,8.2,3.0,77;86,id
9133,FRANKSTOWN AVE AT 5TH AVE,"Pittsburgh city (Allegheny, PA)",Larimer,40.458678,-79.908211,kept,0,6.71,4.2,5.2,77;86,id
10979,KENNYWOOD BLVD AT HOFFMAN BLVD,"West Mifflin borough (Allegheny, PA)",,40.385019,-79.863085,kept_nearby,38,6.67,12.4,7.0,61C;P7,id
11179,LINCOLN HWY OPP CENTER AVE,"East Pittsburgh borough (Allegheny, PA)",,40.395584,-79.83861,kept,0,6.67,0.0,0.0,P76,id
11692,PENNSYLVANIA AVE AT TAFT AVE,"West Mifflin borough (Allegheny, PA)",,40.362125,-79.86143,loses_all_service,221,6.67,0.0,0.0,52L,id
12067,JOHNSTON AVE AT #857,"Pittsburgh city (Allegheny, PA)",Glen Hazel,40.406218,-79.930971,kept,0,6.67,5.6,6.2,57;93,id
14108,STATION ST OPP HERMAN AVE,"Wilmerding borough (Allegheny, PA)",,40.39328,-79.808411,kept,0,6.67,0.4,0.2,69,id
19494,DEVILLIERS ST AT CENTRE AVE,"Pittsburgh city (Allegheny, PA)",Crawford-Roberts,40.4437,-79.980447,kept_nearby,15,6.67,4.4,2.6,83,id
19991,WATERFRONT DR AT 5TH AVE FS,"West Homestead borough (Allegheny, PA)",,40.40411,-79.920097,kept,0,6.67,11.0,8.4,53L;59;61D;64,id
5395,WASHINGTON PIKE AT BERAM AVE FS,"Collier township (Allegheny, PA)",,40.368943,-80.101863,kept,0,6.67,3.4,3.0,31;38;G31,id
9594,HWY RT 51 OPP IRWIN DR,"Baldwin borough (Allegheny, PA)",,40.343486,-79.970306,kept,0,6.67,5.0,3.8,51;Y46,id
13506,OLD WILLIAM PENN HWY AT GOOD SHEPHERD CHURCH,"Monroeville municipality (Allegheny, PA)",,40.443849,-79.757671,kept,0,6.62,0.0,0.0,67;P12,id
15549,PEEBLES RD AT MCINTYRE SQUARE DR FS,"McCandless township (Allegheny, PA)",,40.557269,-80.017633,kept_nearby,100,6.62,3.4,1.4,2;P13,former_id
1857,SHADELAND AVE AT STOKES WAY,"Pittsburgh city (Allegheny, PA)",Brighton Heights,40.477308,-80.03356,kept,0,6.62,3.2,2.4,17,id
18612,WM PENN HWY AT CENTER RD FS,"Monroeville municipality (Allegheny, PA)",,40.438751,-79.769642,kept,0,6.62,5.0,4.6,67,id
21202,E RAILROAD ST AT 1ST ST,"Heidelberg borough (Allegheny, PA)",,40.393424,-80.087496,kept,0,6.62,7.8,2.6,31;G31,former_id
5278,E RAILROAD ST AT COLLIER AVE,"Heidelberg borough (Allegheny, PA)",,40.388093,-80.09004,kept,0,6.62,6.8,4.4,31;G31,id
8011,FORWARD AVE AT MURRAY AVE,"Pittsburgh city (Allegheny, PA)",Squirrel Hill South,40.429792,-79.923314,kept,0,6.62,0.0,0.0,65,id
963,WILSON AVE AT CHESTER AVE,"Pittsburgh city (Allegheny, PA)",Perry South,40.467432,-80.013563,kept,0,6.62,2.6,0.8,11,id
12158,RAMP ST AT BALDWIN RD,"Pittsburgh city (Allegheny, PA)",Hays,40.386716,-79.932477,kept,0,6.57,5.2,4.0,56,id
1806,N CHARLES ST AT BRIGHTRIDGE ST,"Pittsburgh city (Allegheny, PA)",Perry South,40.462022,-80.018133,kept_nearby,85,6.57,2.6,1.6,15,id
2152,LIBERTY AVE AT 39TH ST,"Pittsburgh city (Allegheny, PA)",Lower Lawrenceville,40.462568,-79.959154,kept,0,6.57,5.0,2.4,54;86;87,id
4235,MIDDLETOWN RD OPP MARTERA PL,"Ingram borough (Allegheny, PA)",,40.444085,-80.056029,kept,0,6.57,1.8,0.8,27,id
7950,PENN AVE AT PRINCETON BLVD,"Wilkinsburg borough (Allegheny, PA)",,40.440823,-79.871589,kept,0,6.57,7.6,4.4,67;P67,id
99973,DAWN,"Pittsburgh city (Allegheny, PA)",Beechview,40.413126,-80.010912,kept,0,6.57,2.0,2.4,RED,id
11028,AMITY ST AT 10TH AVE,"Homestead borough (Allegheny, PA)",,40.4058,-79.909576,kept,0,6.52,0.8,0.8,53;53L,former_id
20468,BEDFORD AVE AT WANDLESS ST,"Pittsburgh city (Allegheny, PA)",Middle Hill,40.45265,-79.96782,kept,0,6.52,3.4,4.0,83,id
21245,REED ST AT ADDISON ST,"Pittsburgh city (Allegheny, PA)",Terrace Village,40.442657,-79.977384,kept,0,6.52,4.2,4.0,81,id
21347,NORTH HILLS VILLAGE AT TARGET,"Ross township (Allegheny, PA)",,40.526876,-80.00756,kept,0,6.52,4.8,1.6,2,former_id
4870,ARLINGTON AVE AT STERLING ST,"Pittsburgh city (Allegheny, PA)",South Side Slopes,40.417302,-79.974416,kept,0,6.52,5.8,7.8,48,id
5126,NEVILLE ST AT BAYARD ST,"Pittsburgh city (Allegheny, PA)",North Oakland,40.450508,-79.948837,loses_all_service,176,6.52,0.0,0.0,P3,id
8464,HOMEWOOD AVE AT FRANKSTOWN AVE,"Pittsburgh city (Allegheny, PA)",Homewood North,40.457505,-79.896304,kept,0,6.52,2.4,2.0,74,id
99963,HILLCREST,"Bethel Park municipality (Allegheny, PA)",,40.34549,-80.028911,kept,0,6.52,2.6,2.8,SLVR,id
12697,MAIN ST AT #1704,"Sharpsburg borough (Allegheny, PA)",,40.494731,-79.923001,kept,0,6.48,0.8,3.4,1;91,id
14844,FRIENDSHIP AVE AT FAIRMOUNT ST FS,"Pittsburgh city (Allegheny, PA)",Friendship,40.461476,-79.934539,kept,0,6.48,1.8,0.6,87,id
18655,WEST LIBERTY AVE OPP PIONEER AVE FS,"Dormont borough (Allegheny, PA)",,40.395642,-80.033494,kept,0,6.48,3.8,1.2,41,id
18788,5TH AVE AT CHESS ST FS,"Coraopolis borough (Allegheny, PA)",,40.521165,-80.17379,kept,0,6.48,3.8,3.8,21,id
20850,MONONGAHELA BLVD AT #1224,"Whitaker borough (Allegheny, PA)",,40.405815,-79.886326,kept,0,6.48,4.4,5.6,59;61C,id
4449,S MAIN ST AT WABASH ST,"Pittsburgh city (Allegheny, PA)",West End,40.440857,-80.034895,kept,0,6.48,7.2,4.0,31,id
7213,HARRIET ST AT 5TH AVE,"Rankin borough (Allegheny, PA)",,40.414645,-79.883319,kept,0,6.48,2.2,3.2,59;61B;71;P71,id
8332,HAMILTON AVE AT BRADDOCK AVE,"Pittsburgh city (Allegheny, PA)",Homewood South,40.453171,-79.891297,kept,0,6.48,3.2,3.4,71D,id
9259,56TH ST AT BUTLER ST,"Pittsburgh city (Allegheny, PA)",Upper Lawrenceville,40.484288,-79.947888,kept,0,6.48,2.6,1.6,87;93,id
9851,ST CLAIR AVE AT 3RD ST,"Clairton city (Allegheny, PA)",,40.292206,-79.881993,kept,0,6.48,4.4,4.6,55;Y46,id
12076,SECOND AVE AT TIPTON ST,"Pittsburgh city (Allegheny, PA)",Hazelwood,40.407659,-79.943375,kept,0,6.43,3.6,4.0,56;57;93,id
18148,GROSS ST AT FRIENDSHIP AVE,"Pittsburgh city (Allegheny, PA)",Bloomfield,40.462316,-79.944469,kept,0,6.43,3.4,1.2,64,id
18410,KENNEDY AVE AT 2ND ST,"Duquesne city (Allegheny, PA)",,40.371828,-79.84664,kept,0,6.43,3.4,0.8,59,id
1975,MARSHALL AVE AT CALIFORNIA AVE,"Pittsburgh city (Allegheny, PA)",Marshall-Shadeland,40.462596,-80.030157,kept,0,6.43,4.6,3.6,17,id
7412,BRINTON AVE AT SHERIDAN ST,"North Braddock borough (Allegheny, PA)",,40.404955,-79.843725,kept,0,6.43,6.6,3.0,P68,id
8229,PENN AVE AT LINDEN AVE,"Pittsburgh city (Allegheny, PA)",Point Breeze North,40.452524,-79.910125,kept,0,6.43,4.8,4.0,71C,id
14984,BUTLER ST AT 56TH ST,"Pittsburgh city (Allegheny, PA)",Upper Lawrenceville,40.484234,-79.948296,kept,0,6.38,3.2,4.6,91,id
18934,HAMILTON AVE AT FIFTH AVE FS,"Pittsburgh city (Allegheny, PA)",Homewood West,40.457033,-79.908283,kept,0,6.38,2.8,3.0,71D,id
18976,LARIMER AVE AT MEADOW ST,"Pittsburgh city (Allegheny, PA)",Larimer,40.465215,-79.914592,kept,0,6.38,1.4,1.4,74,id
2364,4TH AVE AT MILL ST,"Coraopolis borough (Allegheny, PA)",,40.518392,-80.16356,kept,0,6.38,5.6,2.8,21,id
4410,BLVD OF ALLIES AT MARION ST (MERCY HOSP),"Pittsburgh city (Allegheny, PA)",Bluff,40.435432,-79.984682,kept,0,6.38,6.0,2.8,28X;65;67;69,id
6151,WEST LIBERTY AVE AT DORMONT AVE,"Dormont borough (Allegheny, PA)",,40.391328,-80.038927,kept,0,6.38,3.4,2.2,41,id
981,N CHARLES ST AT PERRYSVILLE AVE,"Pittsburgh city (Allegheny, PA)",Perry South,40.471063,-80.008481,kept,0,6.38,3.0,6.8,11,id
18164,FIFTH AVE AT KIRKPATRICK ST FS,"Pittsburgh city (Allegheny, PA)",West Oakland,40.437875,-79.973039,kept,0,6.33,7.6,1.6,61A;61B;61C;61D;71A;71B;71C;71D,id
1861,SHADELAND AVE AT CASEMENT ST,"Pittsburgh city (Allegheny, PA)",Marshall-Shadeland,40.470717,-80.030662,kept,0,6.33,1.8,1.4,17,id
20600,MONONGAHELA AVE AT 7TH ST,"Glassport borough (Allegheny, PA)",,40.324454,-79.892507,kept,0,6.33,4.4,4.4,55,id
20818,TERRACE ST AT WHITRIDGE ST,"Pittsburgh city (Allegheny, PA)",West Oakland,40.440064,-79.967514,kept,0,6.33,3.6,6.0,83,id
22788,UNIVERSITY BLVD AT PATTON DR,"Moon township (Allegheny, PA)",,40.50614,-80.223094,kept,0,6.33,3.2,3.4,21,former_id
25,BEAGLE,"Bethel Park municipality (Allegheny, PA)",,40.300909,-80.031477,kept,0,6.33,2.0,1.4,SLVR,former_id
4562,BANKSVILLE RD OPP MCMONAGLE AVE,"Pittsburgh city (Allegheny, PA)",Banksville,40.399654,-80.044207,kept,0,6.33,1.4,3.0,36,id
7160,WOODSTOCK AVE AT ORMOND ST,"Swissvale borough (Allegheny, PA)",,40.418155,-79.882763,kept,0,6.33,2.2,1.8,59;61A;P7,id
8673,CENTRE AVE AT HELDMAN ST,"Pittsburgh city (Allegheny, PA)",Crawford-Roberts,40.442571,-79.982461,kept,0,6.33,3.8,2.0,81;82;83,id
9547,BROWNSVILLE RD AT KAUFMANN AVE FS,"Brentwood borough (Allegheny, PA)",,40.369085,-79.97581,kept,0,6.33,2.2,1.6,51;51L,id
968,WARREN ST AT CATOMA ST,"Pittsburgh city (Allegheny, PA)",Fineview,40.460938,-80.00268,kept,0,6.33,2.4,0.8,11,id
1525,BRIGHTON RD OPP PENNOCK ST,"Pittsburgh city (Allegheny, PA)",Brighton Heights,40.487296,-80.039297,kept,0,6.29,2.6,2.6,16;17,id
19789,FRANKSTOWN RD AT DUFF RD FS,"Penn Hills township (Allegheny, PA)",,40.465033,-79.828093,kept,0,6.29,3.6,2.4,77;P16,id
20368,SILVERTON ST AT EVERTON ST,"Pittsburgh city (Allegheny, PA)",Lincoln-Lemington-Belmar,40.462928,-79.891796,kept,0,6.29,2.0,0.4,74,id
20840,YOUNG DR AT YESTER SQ,"McKeesport city (Allegheny, PA)",,40.349673,-79.840575,kept_nearby,70,6.29,2.4,3.2,60,id
21069,SUMMIT PARK DR AT CHAUVET DR #2,"North Fayette township (Allegheny, PA)",,40.448279,-80.181589,kept,0,6.29,9.4,1.4,29,id
21674,CHARLES ST AT BELTZHOOVER AVE,"Pittsburgh city (Allegheny, PA)",Knoxville,40.416464,-79.996602,kept,0,6.29,4.2,2.4,44,former_id
22752,THE BLOCK AT NORTHWAY OPP NORTHWAY APARTMENTS,"Ross township (Allegheny, PA)",,40.485566,-79.972353,kept,0,6.29,5.8,4.2,2,id
4088,LADOGA ST AT MIDDLETOWN RD,"Pittsburgh city (Allegheny, PA)",Windgap,40.451368,-80.06952,kept_nearby,36,6.29,3.0,1.2,26,id
8461,HOMEWOOD AVE AT MT VERNON ST,"Pittsburgh city (Allegheny, PA)",Homewood North,40.461532,-79.894724,kept,0,6.29,1.0,1.6,74,id
9155,FRANKSTOWN RD AT ROBINSON BLVD NS,"Penn Hills township (Allegheny, PA)",,40.460865,-79.867165,kept,0,6.29,5.4,3.2,77,id
10941,RICHLAND AVE AT BRIDGE STEPS,"Dravosburg borough (Allegheny, PA)",,40.348041,-79.891286,kept,0,6.24,4.8,2.8,56;59,id
12167,WALNUT ST AT PENN STATE MAIN BUILDING,"McKeesport city (Allegheny, PA)",,40.344797,-79.826586,kept,0,6.24,0.6,1.0,56,id
14863,FRIENDSHIP AVE AT ELLA ST,"Pittsburgh city (Allegheny, PA)",Bloomfield,40.464615,-79.950508,kept,0,6.24,6.0,3.4,64;87,id
16605,2ND ST AT OLIVER AVE,"Duquesne city (Allegheny, PA)",,40.376552,-79.849998,kept,0,6.24,4.2,2.4,59;61C,id
18764,STANHOPE ST AT CHARTIERS AVE FS (SUNOCO),"Pittsburgh city (Allegheny, PA)",Esplen,40.463508,-80.056286,kept,0,6.24,2.8,4.6,20;21;24,id
21186,12TH AVE AT AMITY ST,"Homestead borough (Allegheny, PA)",,40.404401,-79.908146,kept,0,6.24,0.2,0.6,53;53L,former_id
21497,FIFTH AVE AT LATTERMAN FAMILY HEALTH CENTER,"McKeesport city (Allegheny, PA)",,40.354262,-79.836574,kept,0,6.24,5.0,2.2,56,id
227,EAST ST AT MT PLEASANT RD,"Pittsburgh city (Allegheny, PA)",Northview Heights,40.48222,-80.005855,kept,0,6.24,7.6,5.8,12,id
22826,BREINING ST AT BROOKLINE BLVD,"Pittsburgh city (Allegheny, PA)",Brookline,40.472418,-79.819675,kept,0,6.24,2.0,0.6,77;P16,id
3192,FREEPORT RD AT ALPHA DR (RIDC PARK),"Blawnox borough (Allegheny, PA)",,40.491591,-79.865783,kept,0,6.24,5.6,4.2,1,id
4228,MIDDLETOWN RD OPP MUTUAL ST,"Pittsburgh city (Allegheny, PA)",Windgap,40.450203,-80.06535,kept,0,6.24,2.6,2.4,27,id
7605,LAKETON RD AT GRAHAM BLVD,"Wilkinsburg borough (Allegheny, PA)",,40.457142,-79.857299,kept,0,6.24,0.0,0.0,P78,id
7635,DALLAS AVE AT PENHAM PL,"Pittsburgh city (Allegheny, PA)",Point Breeze,40.45113,-79.908455,kept,0,6.24,0.4,0.4,67;69,id
12601,FREEPORT RD OPP ALPHA DR (RIDC PARK),"O'Hara township (Allegheny, PA)",,40.491378,-79.866017,kept_nearby,30,6.19,1.4,0.4,1,id
13513,WM PENN HWY AT RED LOBSTER,"Monroeville municipality (Allegheny, PA)",,40.438007,-79.775597,kept,0,6.19,3.0,3.0,67,id
18937,HAMILTON AVE OPP ROSEDALE ST,"Pittsburgh city (Allegheny, PA)",Homewood South,40.452087,-79.886098,kept,0,6.19,1.4,1.8,71D,id
21490,GREEN LOT AT BROADWAY AVE,"White Oak borough (Allegheny, PA)",,40.346081,-79.828415,kept,0,6.19,5.8,6.2,56,id
2169,LIBERTY AVE AT 12TH ST,"Pittsburgh city (Allegheny, PA)",Strip District,40.445309,-79.99173,kept,0,6.19,17.2,3.8,86;87;88;91,id
3309,FREEPORT RD AT OLD FREEPORT RD (FOX CHAPEL RD,"O'Hara township (Allegheny, PA)",,40.487441,-79.883056,kept,0,6.19,2.6,4.2,1;91,id
3731,BROADHEAD-FORDING RD AT VILLAGE RD #2,"Pittsburgh city (Allegheny, PA)",Fairywood,40.44973,-80.080671,kept,0,6.19,4.6,4.0,27,id
4194,ALLENDALE ST AT MOYER ST,"Pittsburgh city (Allegheny, PA)",Sheraden,40.45819,-80.063963,kept,0,6.19,2.6,5.4,26,id
7060,WOODSTOCK AVE AT MELROSE ST,"Swissvale borough (Allegheny, PA)",,40.417069,-79.880779,kept,0,6.19,3.8,3.8,59;61A;P7,id
7639,WILKINS AVE OPP WORTH ST,"Pittsburgh city (Allegheny, PA)",Point Breeze,40.446652,-79.912966,kept,0,6.19,1.2,0.8,67;69;74,id
8713,BEDFORD AVE AT MANILLA ST,"Pittsburgh city (Allegheny, PA)",Crawford-Roberts,40.44497,-79.986147,kept,0,6.19,3.8,1.8,81,id
10991,LIBRARY PL AT DUQUESNE BLVD - DUQUESNE PNR,"Duquesne city (Allegheny, PA)",,40.371683,-79.843844,kept,0,6.14,2.4,1.6,59;61C,id
11652,10TH AVE AT ANN ST,"Homestead borough (Allegheny, PA)",,40.406402,-79.908138,kept,0,6.14,0.0,0.0,53L,id
18400,BALDRIDGE AVE AT 6TH ST FS (SR HI-RISE),"North Braddock borough (Allegheny, PA)",,40.405488,-79.863367,kept,0,6.14,2.8,4.6,59,id
18412,KENNEDY AVE AT 6TH ST,"Duquesne city (Allegheny, PA)",,40.370961,-79.850453,kept,0,6.14,3.6,5.4,59,id
21470,BEACON ST AT WIGHTMAN ST,"Pittsburgh city (Allegheny, PA)",Squirrel Hill South,40.434177,-79.927078,kept,0,6.14,2.6,1.6,93,id
22259,JUGHANDLE AT IVYGLEN ST FS,"Pittsburgh city (Allegheny, PA)",Overbrook,40.382402,-79.995621,kept,0,6.14,3.4,1.6,Y45;Y46;Y47;Y49,id
3190,FREEPORT RD OPP BLAW AVE,"Blawnox borough (Allegheny, PA)",,40.492969,-79.862948,kept,0,6.14,5.6,4.4,1,id
4202,ALLENDALE ST AT FAIRDALE ST,"Pittsburgh city (Allegheny, PA)",Sheraden,40.455482,-80.061203,kept,0,6.14,4.2,1.4,26,id
6683,SOUTHERN AVE AT OTTAWA ST STEPS,"Pittsburgh city (Allegheny, PA)",Mount Washington,40.423807,-80.011104,kept,0,6.14,1.4,0.4,40,id
10464,WALNUT ST AT 5TH AVE,"McKeesport city (Allegheny, PA)",,40.350901,-79.864903,kept_nearby,31,6.1,3.4,1.4,60,id
11027,9TH AVE AT AMITY ST,"Homestead borough (Allegheny, PA)",,40.406542,-79.909984,kept_nearby,22,6.1,1.6,2.4,53;53L,id
11117,WHITAKER ST OPP GRANT AVE,"Whitaker borough (Allegheny, PA)",,40.399459,-79.886088,kept,0,6.1,4.4,2.2,52L;59,id
18337,PITTSBURGH ST AT SCHOOL ST FS,"Springdale borough (Allegheny, PA)",,40.541438,-79.778078,kept,0,6.1,3.6,2.2,1;P10,id
19407,COAL ST AT WALNUT ST FS,"Wilkinsburg borough (Allegheny, PA)",,40.43637,-79.88245,kept_nearby,86,6.1,3.8,2.8,61A,id
19665,S 26TH ST AT JANE ST,"Pittsburgh city (Allegheny, PA)",South Side Flats,40.42583,-79.969199,kept,0,6.1,4.4,5.0,48,id
20088,ROBINSON BLVD AT FRANKSTOWN RD FS,"Penn Hills township (Allegheny, PA)",,40.460748,-79.866485,kept,0,6.1,6.0,5.8,79;P17,id
20420,GREENTREE RD AT MANORVIEW RD,"Scott township (Allegheny, PA)",,40.39472,-80.066166,kept,0,6.1,4.6,3.4,38,id
228,EAST ST OPP VENTURE ST,"Pittsburgh city (Allegheny, PA)",Summer Hill,40.485056,-80.009377,kept,0,6.1,7.0,4.2,12;15,id
7217,MONONGAHELA AVE AT DUQUESNE AVE,"Swissvale borough (Allegheny, PA)",,40.418161,-79.888042,kept,0,6.1,4.0,4.2,59;61B;71;P71,id
8847,ABER RD AT URBAN DR,"Penn Hills township (Allegheny, PA)",,40.467335,-79.869403,kept_nearby,24,6.1,2.2,1.6,79;P17,id
9106,FRANKSTOWN AVE AT STANDARD AVE,"Pittsburgh city (Allegheny, PA)",East Hills,40.457215,-79.877624,kept,0,6.1,1.4,1.0,77,id
9138,FRANKSTOWN AVE AT LANG AVE,"Pittsburgh city (Allegheny, PA)",Homewood South,40.4579,-79.898687,kept,0,6.1,4.0,2.0,77;86,id
1821,PENFORT ST AT #174,"Pittsburgh city (Allegheny, PA)",Northview Heights,40.474354,-80.002411,kept,0,6.05,5.6,6.0,6,id
19090,BAUM BLVD AT CRAIG ST FS,"Pittsburgh city (Allegheny, PA)",North Oakland,40.453968,-79.952698,kept_nearby,40,6.05,5.4,3.0,77,id
19710,STEUBEN ST AT DEXTER ST,"Pittsburgh city (Allegheny, PA)",Crafton Heights,40.442281,-80.050637,kept,0,6.05,1.6,1.2,27;29,id
21246,REED ST AT ELMORE ST,"Pittsburgh city (Allegheny, PA)",Terrace Village,40.443113,-79.976291,kept,0,6.05,3.4,3.2,81,id
21462,SKYLINE DR OPP BALDWIN HEALTH CENTER,"Whitehall borough (Allegheny, PA)",,40.366862,-79.962728,kept_nearby,110,6.05,2.6,4.2,Y49,id
9057,ADELAIDE ST AT CAMP ST,"Pittsburgh city (Allegheny, PA)",Upper Hill,40.453388,-79.957995,kept_nearby,91,6.05,3.2,1.2,83,id
9898,LYSLE BLVD AT 5TH AVE,"McKeesport city (Allegheny, PA)",,40.35269,-79.848289,kept,0,6.05,6.6,3.4,55;56;59;60;61C;P7,id
10255,WALNUT ST AT EDEN PARK BLVD FS,"McKeesport city (Allegheny, PA)",,40.327762,-79.840427,kept,0,6.0,3.2,2.2,60,id
11635,MAIN ST AT MARION ST,"Munhall borough (Allegheny, PA)",,40.388131,-79.901769,kept,0,6.0,1.8,1.6,53;53L,id
1387,OHIO RIVER BLVD OPP ELIZABETH AVE,"Avalon borough (Allegheny, PA)",,40.495937,-80.067434,kept,0,6.0,1.6,2.6,14,id
19186,SUMMIT PARK DR AT QUINN DR,"North Fayette township (Allegheny, PA)",,40.447628,-80.178691,kept,0,6.0,4.2,1.0,29,id
23111,FIFTH AVE AT WILLIAM PENN PL FS,"Pittsburgh city (Allegheny, PA)",Central Business District,40.439849,-79.997861,kept_nearby,13,6.0,0.0,0.0,61A;61B;61C;71B;G2;P1,former_id
2529,ALICE ST AT GEORGIA AVE,"Pittsburgh city (Allegheny, PA)",Knoxville,40.410138,-79.995209,loses_all_service,374,6.0,0.4,0.2,54,id
4844,E CARSON ST OPP S 5TH ST,"Pittsburgh city (Allegheny, PA)",South Side Flats,40.428733,-79.99517,kept,0,6.0,5.8,3.8,48;51,id
12776,MAIN ST OPP 19TH ST,"Sharpsburg borough (Allegheny, PA)",,40.494031,-79.918107,kept,0,5.95,6.0,5.4,1;91,id
14512,FRANKSTOWN RD AT BEULAH RD FS,"Penn Hills township (Allegheny, PA)",,40.460712,-79.84186,kept_nearby,54,5.95,1.8,1.0,77,id
14981,BUTLER ST OPP 48TH ST,"Pittsburgh city (Allegheny, PA)",Central Lawrenceville,40.475681,-79.95755,kept,0,5.95,1.8,1.4,91;93,id
1706,COLUMBUS AVE AT MANHATTAN ST,"Pittsburgh city (Allegheny, PA)",Manchester,40.457656,-80.027622,kept,0,5.95,1.2,1.4,17;18,id
18598,BEATTY ST AT BAUM BLVD,"Pittsburgh city (Allegheny, PA)",East Liberty,40.459991,-79.927805,kept_nearby,29,5.95,3.2,1.4,82;86,id
19618,CHARTIERS AVE AT MUNICIPAL ST,"Pittsburgh city (Allegheny, PA)",Crafton Heights,40.452161,-80.052849,kept,0,5.95,6.0,0.8,26,id
2690,LIBERTY AVE AT CANOE WAY,"Pittsburgh city (Allegheny, PA)",Bloomfield,40.463092,-79.955382,kept,0,5.95,4.8,2.8,54;86;87,id
8304,HAMILTON AVE AT MURTLAND ST,"Pittsburgh city (Allegheny, PA)",Homewood South,40.455711,-79.902082,kept,0,5.95,5.8,4.4,71D,id
8795,LINCOLN AVE OPP MAYFLOWER ST (#408),"Pittsburgh city (Allegheny, PA)",Larimer,40.46068,-79.911447,kept,0,5.95,0.0,0.2,82;P17,id
9813,HWY RT 51 AT PEP BOYS,"Pleasant Hills borough (Allegheny, PA)",,40.337683,-79.951689,kept,0,5.95,6.8,2.6,Y46,id
12695,MAIN ST AT #1834,"Sharpsburg borough (Allegheny, PA)",,40.494459,-79.92031,kept,0,5.9,2.8,2.2,1;91,id
14978,BUTLER ST AT 44TH ST,"Pittsburgh city (Allegheny, PA)",Central Lawrenceville,40.471294,-79.959801,kept,0,5.9,7.0,5.8,91;93,id
20694,BRADDOCK AVE AT HAWKINS VILLAGE NS,"Rankin borough (Allegheny, PA)",,40.411518,-79.875471,kept_nearby,147,5.9,3.0,3.6,59;P7,id
21418,EVERGREEN RD AT BAYTREE ST,"Pittsburgh city (Allegheny, PA)",Perry North,40.488746,-80.010295,kept,0,5.9,3.2,1.8,12,former_id
8524,BEECHWOOD BLVD AT LILAC ST,"Pittsburgh city (Allegheny, PA)",Greenfield,40.423152,-79.927605,kept_nearby,87,5.9,0.0,0.0,52L;53L,id
15454,NEGLEY AVE AT ELMER ST FS,"Pittsburgh city (Allegheny, PA)",Shadyside,40.453261,-79.931738,loses_all_service,174,5.86,11.8,10.4,64,id
19164,LAKETON RD AT DOYLE ST FS,"Wilkinsburg borough (Allegheny, PA)",,40.456156,-79.85778,kept,0,5.86,0.0,0.0,P78,id
19204,CHARTIERS AVE OPP LITCHFIELD ST STEPS,"Pittsburgh city (Allegheny, PA)",Sheraden,40.452625,-80.054243,kept,0,5.86,7.2,2.4,26,id
22838,RICHLAND AVE AT 5TH STREET,"Dravosburg borough (Allegheny, PA)",,40.548491,-80.036917,loses_all_service,609,5.86,5.2,4.8,O12,id
23013,EVERGREEN AVE OPP KLOPFER ST,"Millvale borough (Allegheny, PA)",,40.485521,-79.97218,kept,0,5.86,1.6,2.4,2,former_id
2609,LIBERTY AVE AT CANOE WAY,"Pittsburgh city (Allegheny, PA)",Bloomfield,40.463438,-79.953997,kept,0,5.86,3.0,1.2,54;86;87,id
7697,PENN AVE AT BRADDOCK AVE,"Pittsburgh city (Allegheny, PA)",Point Breeze,40.447144,-79.895355,kept,0,5.86,3.2,1.4,67;69;71C,id
11115,MIDWAY DR AT #1F,"West Mifflin borough (Allegheny, PA)",,40.398099,-79.884419,kept,0,5.81,4.6,4.2,59,id
1189,LIBERTY AVE AT GROSS ST,"Pittsburgh city (Allegheny, PA)",Bloomfield,40.459412,-79.944722,kept,0,5.81,3.0,2.2,64;86,id
14364,BAUM BLVD AT LIBERTY AVE,"Pittsburgh city (Allegheny, PA)",Bloomfield,40.456721,-79.939483,kept_nearby,19,5.81,3.2,2.8,77,id
14854,FRIENDSHIP AVE AT PEARL ST,"Pittsburgh city (Allegheny, PA)",Bloomfield,40.46349,-79.948812,kept,0,5.81,3.4,1.2,64;87,id
16106,EAST BUSWAY AT ROSLYN STATION A,"Swissvale borough (Allegheny, PA)",,40.419086,-79.886292,kept,0,5.81,4.8,3.0,P1;P3,id
16556,ALLEGHENY AVE AT PENNSYLVANIA AVE,"Oakmont borough (Allegheny, PA)",,40.522058,-79.84264,kept,0,5.81,0.0,0.0,P78,id
19996,NEGLEY AVE AT ELMER ST,"Pittsburgh city (Allegheny, PA)",Shadyside,40.453343,-79.931674,loses_all_service,169,5.81,7.6,3.8,64,id
20000,BRINTON RD AT BRINTON MANOR DR W FS,"Braddock Hills borough (Allegheny, PA)",,40.411812,-79.854072,kept,0,5.81,5.6,5.0,P68,id
21032,WM PENN HWY AT NORTHERN PIKE FS,"Monroeville municipality (Allegheny, PA)",,40.437556,-79.778354,kept,0,5.81,2.6,3.4,67,former_id
21496,HARTMAN ST AT CAMP ST,"McKeesport city (Allegheny, PA)",,40.354733,-79.834704,kept,0,5.81,2.8,2.6,56,id
4092,JEFFERS ST AT #1331,"Pittsburgh city (Allegheny, PA)",Sheraden,40.452919,-80.065506,kept,0,5.81,3.4,5.2,26;27,id
4152,FARONIA ST AT WYNETTE ST FS,"Pittsburgh city (Allegheny, PA)",Sheraden,40.451893,-80.067697,kept,0,5.81,2.6,0.8,26;27,id
8230,PENN AVE AT FIFTH AVE,"Pittsburgh city (Allegheny, PA)",Point Breeze North,40.453915,-79.91213,kept,0,5.81,5.4,2.8,71C,id
11110,MIDWAY DR AT #19,"West Mifflin borough (Allegheny, PA)",,40.397286,-79.882713,kept,0,5.76,4.0,2.4,59,id
12162,SECOND AVE OPP VESPUCIUS ST,"Pittsburgh city (Allegheny, PA)",Hazelwood,40.401704,-79.940508,kept,0,5.76,3.6,2.8,56,id
1341,BEAVER ST AT BROAD ST FS,"Leetsdale borough (Allegheny, PA)",,40.569439,-80.213829,kept,0,5.76,0.8,0.0,14,id
19088,BIGELOW BLVD AT HERRON AVE FS,"Pittsburgh city (Allegheny, PA)",Polish Hill,40.455694,-79.965855,kept_nearby,134,5.76,2.2,2.0,77,id
20365,STRANAHAN ST OPP OBERLIN ST,"Pittsburgh city (Allegheny, PA)",Homewood North,40.461656,-79.889967,kept,0,5.76,2.4,1.8,74,id
20598,MONONGAHELA AVE AT 5TH ST,"Glassport borough (Allegheny, PA)",,40.327742,-79.89256,kept,0,5.76,3.8,3.2,55,id
20601,MONONGAHELA AVE AT 8TH ST,"Glassport borough (Allegheny, PA)",,40.322796,-79.892483,kept,0,5.76,4.2,2.6,55,id
22441,BROWNLEE ST AT #60,"McKeesport city (Allegheny, PA)",,40.350698,-79.843137,kept,0,5.76,2.2,1.0,60,id
4546,SHADY DR E AT MT LEBANON STATION,"Mount Lebanon township (Allegheny, PA)",,40.381857,-80.043162,kept,0,5.76,3.8,5.6,38,id
6841,SOUTH BUSWAY AT SOUTH BANK,"Pittsburgh city (Allegheny, PA)",Brookline,40.392454,-79.998352,kept,0,5.76,4.8,3.8,Y1;Y45;Y46;Y47;Y49,id
103,BON AIR STATION,"Pittsburgh city (Allegheny, PA)",Bon Air,40.407736,-80.003113,kept,0,5.71,7.8,2.8,BLUE;SLVR,former_id
10888,DUQUESNE BLVD OPP OAKMONT AVE,"Duquesne city (Allegheny, PA)",,40.380765,-79.855038,kept,0,5.71,5.6,2.4,59;61C;P7,id
21459,PARKLINE DR AT #1690,"Whitehall borough (Allegheny, PA)",,40.367953,-79.96541,kept,0,5.71,5.2,3.6,Y49,id
22764,BRADDOCK AVE AT HERITAGE HIGHLANDS,"Rankin borough (Allegheny, PA)",,40.381496,-79.859785,kept,0,5.71,0.0,0.0,59,id
2417,BUTLER ST AT 39TH ST,"Pittsburgh city (Allegheny, PA)",Lower Lawrenceville,40.467355,-79.963858,kept,0,5.71,8.0,3.8,91,id
7161,WOODSTOCK AVE AT MELROSE ST,"Swissvale borough (Allegheny, PA)",,40.417158,-79.881084,kept,0,5.71,2.8,2.8,59;61A;P7,id
7502,PENN CENTER BLVD AT BLDG #7,"Wilkins township (Allegheny, PA)",,40.426579,-79.811591,kept,0,5.71,2.2,1.0,67,id
7623,WALLACE AVE AT CENTER ST,"Wilkinsburg borough (Allegheny, PA)",,40.443551,-79.881346,kept,0,5.71,1.0,2.2,67;69;79;P17;P67;P78,id
1188,LIBERTY AVE AT WINEBIDDLE ST,"Pittsburgh city (Allegheny, PA)",Bloomfield,40.458814,-79.943591,kept,0,5.67,4.6,3.2,64;86,id
17355,FREEPORT RD AT DOLLAR BANK FS (WATERWORKS),"Pittsburgh city (Allegheny, PA)",Lincoln-Lemington-Belmar,40.487273,-79.885363,kept_nearby,65,5.67,3.0,4.2,1;75;91,id
21250,ELMORE ST AT ROSE ST FS,"Pittsburgh city (Allegheny, PA)",Terrace Village,40.443656,-79.976586,kept,0,5.67,2.8,3.0,81,id
2547,S 18TH ST AT JOSEPHINE ST,"Pittsburgh city (Allegheny, PA)",South Side Slopes,40.424808,-79.979416,kept,0,5.67,1.0,3.0,51;54,id
11644,WEST ST AT 21ST AVE,"Munhall borough (Allegheny, PA)",,40.397946,-79.903184,kept,0,5.62,0.6,0.6,53;53L,id
14406,FRANKSTOWN RD AT CHAMPA ST,"Penn Hills township (Allegheny, PA)",,40.462151,-79.859425,kept,0,5.62,1.4,1.8,77,id
18536,PENN AVE AT TRENTON AVE FS (LIFE CARE),"Wilkinsburg borough (Allegheny, PA)",,40.445789,-79.891199,kept,0,5.62,1.6,1.0,67;69,id
19292,SOUTHERN AVE OPP LELIA ST,"Pittsburgh city (Allegheny, PA)",Mount Washington,40.421503,-80.012734,kept,0,5.62,0.8,0.6,40,id
19846,CEDAR AVE OPP TRIPOLI ST,"Pittsburgh city (Allegheny, PA)",Allegheny Center,40.455741,-80.002558,kept,0,5.62,4.4,1.4,12,id
20454,BEDFORD AVE OPP MORGAN ST,"Pittsburgh city (Allegheny, PA)",Bedford Dwellings,40.452058,-79.96943,kept,0,5.62,3.6,3.2,83,id
2157,LIBERTY AVE AT 32ND ST,"Pittsburgh city (Allegheny, PA)",Strip District,40.4604,-79.969093,kept,0,5.62,3.4,0.8,86;87,former_id
22643,HERMAN AVE AT COMMERCE ST,"Wilmerding borough (Allegheny, PA)",,40.342759,-80.059774,loses_all_service,667,5.62,3.2,2.2,36,id
3162,CALIFORNIA AVE AT ST MARKS PLACE,"Pittsburgh city (Allegheny, PA)",California-Kirkbride,40.458842,-80.021283,kept,0,5.62,8.0,2.2,13,id
3741,WINDGAP AVE AT BELHURST AVE,"Pittsburgh city (Allegheny, PA)",Windgap,40.458209,-80.079043,kept,0,5.62,2.0,2.2,27,id
4123,CHARTIERS AVE AT OLTMAN ST,"Pittsburgh city (Allegheny, PA)",Chartiers City,40.458416,-80.069091,loses_all_service,403,5.62,5.8,4.0,27,id
7136,PEEBLES ST AT KELLY AVE,"Wilkinsburg borough (Allegheny, PA)",,40.441162,-79.894316,kept,0,5.62,2.6,1.4,61A;71;P71,id
7530,BRINTON AVE OPP RAVINE ST,"North Braddock borough (Allegheny, PA)",,40.401493,-79.841202,kept,0,5.62,2.0,1.4,P68,id
8305,HAMILTON AVE AT DALLAS AVE,"Pittsburgh city (Allegheny, PA)",Homewood West,40.45629,-79.904615,kept,0,5.62,4.2,2.0,71D,id
8832,MARK DR AT GROVE RD,"Penn Hills township (Allegheny, PA)",,40.470058,-79.867119,loses_all_service,383,5.62,2.2,2.2,79;P17,id
9167,WILNER DR OPP BRACEY DR,"Pittsburgh city (Allegheny, PA)",East Hills,40.45404,-79.867246,kept,0,5.62,6.0,2.2,79;P17,id
12847,ALPHA DR OPP BETA DR FS,"O'Hara township (Allegheny, PA)",,40.495142,-79.867763,kept,0,5.57,0.0,0.0,91,id
14634,LEECHBURG RD AT BARCKHOFF ST FS,"Penn Hills township (Allegheny, PA)",,40.493752,-79.789271,loses_all_service,1285,5.57,0.0,0.0,77;P16,id
14923,LONG RD AT PENTLAND DR,"Penn Hills township (Allegheny, PA)",,40.454316,-79.837629,kept,0,5.57,0.0,0.0,P16,id
18902,BRYN MAWR RD AT IOWA ST,"Pittsburgh city (Allegheny, PA)",Upper Hill,40.451462,-79.957338,kept,0,5.57,1.8,3.2,83,id
19109,CRAIG ST OPP BAUM BLVD FS (MOOREHEAD TOWER),"Pittsburgh city (Allegheny, PA)",North Oakland,40.453808,-79.953117,kept,0,5.57,1.4,1.8,93,id
19877,E CARSON ST OPP TERMINAL WAY,"Pittsburgh city (Allegheny, PA)",South Side Flats,40.429326,-79.996899,kept,0,5.57,2.0,2.0,48;51,id
21986,PENN AVE AT WINEBIDDLE ST,"Pittsburgh city (Allegheny, PA)",Bloomfield,40.464971,-79.942994,kept,0,5.57,4.6,3.4,88,former_id
2230,ISLAND AVE OPP GLENN WAY,"Stowe township (Allegheny, PA)",,40.488934,-80.079483,kept,0,5.57,2.4,3.4,21,id
4047,WASHINGTON AVE OPP FRANKLIN AVE,"Carnegie borough (Allegheny, PA)",,40.401687,-80.083092,kept,0,5.57,4.4,3.4,31,id
5321,WASHINGTON AVE OPP ACADEMY ST,"Carnegie borough (Allegheny, PA)",,40.4076,-80.083752,kept,0,5.57,3.8,2.6,31,id
6573,GALLERIA STOREFRONT AT SOUTHEAST ENTRANCE,"Mount Lebanon township (Allegheny, PA)",,40.356559,-80.052006,loses_all_service,1380,5.57,2.8,2.2,36,id
11649,WEST ST AT 13TH AVE,"Homestead borough (Allegheny, PA)",,40.402992,-79.908101,kept,0,5.52,0.2,0.4,53;53L,id
16118,EAST BUSWAY AT WILKINSBURG STATION D,"Wilkinsburg borough (Allegheny, PA)",,40.44663,-79.888475,kept,0,5.52,0.6,2.4,69;71;71C;71D;79;86;P12;P16;P17;P67;P68;P69;P7;P71;P76;P78,id
17381,MCCOY RD AT #208,"Stowe township (Allegheny, PA)",,40.474662,-80.070752,kept,0,5.52,2.0,3.4,22,id
20247,HOLLYROOD DR AT PROSPECT RD,"Baldwin borough (Allegheny, PA)",,40.362776,-79.963595,kept,0,5.52,1.4,2.2,Y49,id
4187,INGRAM AVE AT MAINSGATE ST,"Ingram borough (Allegheny, PA)",,40.446104,-80.067642,kept,0,5.52,1.4,2.4,26;27,id
633,PERRYSVILLE AVE AT FRANKLIN RD FS,"Pittsburgh city (Allegheny, PA)",Perry North,40.490481,-80.01876,kept,0,5.52,3.6,1.2,8,id
635,PERRYSVILLE AVE AT VINCETON ST,"Pittsburgh city (Allegheny, PA)",Perry North,40.492753,-80.021682,kept,0,5.52,3.4,2.8,8,id
7533,YOST BLVD OPP MAIN ST,"North Braddock borough (Allegheny, PA)",,40.408289,-79.857999,kept,0,5.52,5.2,3.8,59;61A;61B,id
9325,BUTLER ST AT MCCANDLESS AVE,"Pittsburgh city (Allegheny, PA)",Upper Lawrenceville,40.481472,-79.95359,kept,0,5.52,2.2,1.4,87;91;93,id
11079,SHADY AVE AT NORTHUMBERLAND ST,"Pittsburgh city (Allegheny, PA)",Squirrel Hill North,40.441695,-79.919804,kept,0,5.48,7.2,5.2,64,id
178,ANDERSON ST AT ISABELLA ST,"Pittsburgh city (Allegheny, PA)",North Shore,40.448349,-80.000656,kept_nearby,124,5.48,1.2,1.6,4;7;P13,id
20168,VERSAILLES AVE AT FREEMONT ST,"McKeesport city (Allegheny, PA)",,40.345272,-79.841982,kept,0,5.48,1.6,1.0,60,id
20967,KENNYWOOD BLVD OPP MIFFLIN ST,"Whitaker borough (Allegheny, PA)",,40.401288,-79.880477,kept,0,5.48,9.0,4.2,61C;P7,former_id
2235,ISLAND AVE AT #1308,"Stowe township (Allegheny, PA)",,40.481851,-80.069605,kept,0,5.48,3.0,2.4,21,id
2737,LOWRIE ST AT HECKLEMAN ST,"Pittsburgh city (Allegheny, PA)",Troy Hill,40.468706,-79.979071,kept,0,5.48,4.0,2.4,4,id
6989,CLIMAX ST AT BELTZHOOVER AVE,"Pittsburgh city (Allegheny, PA)",Beltzhoover,40.419974,-79.997475,kept,0,5.48,1.6,2.4,44,id
7215,MILLER AVE AT GAS ST,"Rankin borough (Allegheny, PA)",,40.416033,-79.885251,kept,0,5.48,3.6,2.2,59;61B;71;P71,id
8080,JAMES ST AT CAROTHERS DR,"Turtle Creek borough (Allegheny, PA)",,40.413136,-79.817791,kept,0,5.48,3.8,2.8,P68,id
8862,LINCOLN AVE AT WILTSIE ST,"Pittsburgh city (Allegheny, PA)",Lincoln-Lemington-Belmar,40.470227,-79.893601,kept,0,5.48,5.2,2.8,82;P17,id
11684,KENNEDY AVE AT WILMOT ST,"Duquesne city (Allegheny, PA)",,40.368893,-79.854475,kept,0,5.43,4.0,3.8,52L;59,id
12640,W 7TH AVE AT GRANTHAM ST,"Tarentum borough (Allegheny, PA)",,40.598318,-79.764464,kept,0,5.43,2.8,3.0,1;P10,id
14402,FRANKSTOWN RD AT MCCLUTCHEON LN,"Penn Hills township (Allegheny, PA)",,40.464876,-79.85307,kept,0,5.43,6.2,2.0,77,id
14868,FRIENDSHIP AVE AT GROSS ST,"Pittsburgh city (Allegheny, PA)",Bloomfield,40.462265,-79.944658,kept,0,5.43,4.0,2.2,87,id
19197,ALLENDALE ST AT TWEED ST,"Pittsburgh city (Allegheny, PA)",Sheraden,40.456616,-80.062401,kept,0,5.43,3.8,1.8,26,id
219,NORTH AVE AT MIDDLE ST,"Pittsburgh city (Allegheny, PA)",East Allegheny,40.456629,-80.000195,kept,0,5.43,5.4,1.6,12,id
3189,FREEPORT RD AT MCKINLEY AVE,"Blawnox borough (Allegheny, PA)",,40.494002,-79.860896,kept,0,5.43,2.6,4.6,1,id
4050,WASHINGTON AVE AT CAROTHERS AVE,"Scott township (Allegheny, PA)",,40.396109,-80.086365,kept,0,5.43,1.8,3.2,31,id
6099,PIONEER AVE RAMP AT PIONEER AVE,"Pittsburgh city (Allegheny, PA)",Brookline,40.411808,-80.009236,kept,0,5.43,1.2,1.6,39,id
7077,COAL ST OPP WOODWORTH ST,"Wilkinsburg borough (Allegheny, PA)",,40.437434,-79.881846,kept_nearby,127,5.43,4.0,1.6,61A,id
74,SOUTH PARK ROAD,"Bethel Park municipality (Allegheny, PA)",,40.328103,-80.030599,kept,0,5.43,4.2,2.6,SLVR,former_id
7654,BEELER ST AT FORBES AVE,"Pittsburgh city (Allegheny, PA)",Squirrel Hill North,40.444045,-79.938608,kept,0,5.43,1.2,6.2,67;69,id
8010,FORWARD AVE AT SHADY AVE,"Pittsburgh city (Allegheny, PA)",Squirrel Hill South,40.429144,-79.920907,kept,0,5.43,0.0,0.0,65,id
8910,OAKWOOD ST OPP INGLENOOK PL,"Pittsburgh city (Allegheny, PA)",East Hills,40.45098,-79.884522,kept,0,5.43,2.8,4.0,71D;86,id
11134,LINCOLN HWY AT DIX DR,"North Versailles township (Allegheny, PA)",,40.369168,-79.782561,loses_all_service,2618,5.38,0.0,0.0,P76,id
11640,MAIN ST AT E EDNA ST,"Munhall borough (Allegheny, PA)",,40.393238,-79.900197,kept,0,5.38,1.2,0.0,53;53L,id
12080,IRVINE ST AT BERWICK ST,"Pittsburgh city (Allegheny, PA)",Hazelwood,40.413064,-79.945196,kept,0,5.38,0.6,0.4,56,id
12215,HAZELWOOD AVE OPP SYLVAN AVE,"Pittsburgh city (Allegheny, PA)",Hazelwood,40.411892,-79.941803,kept,0,5.38,0.4,1.4,93,id
14366,BAUM BLVD AT MOREWOOD AVE,"Pittsburgh city (Allegheny, PA)",Bloomfield,40.455071,-79.944977,kept_nearby,106,5.38,1.8,1.0,77,id
18789,5TH AVE AT WOOD ST FS,"Coraopolis borough (Allegheny, PA)",,40.519451,-80.169506,kept,0,5.38,1.6,2.8,21,id
19278,BANKSVILLE RD AT CRANE AVE,"Pittsburgh city (Allegheny, PA)",Banksville,40.416067,-80.030038,kept,0,5.38,1.4,0.2,36,id
20955,EDGEWOOD AVE AT LLOYD AVE,"Edgewood borough (Allegheny, PA)",,40.427825,-79.884845,kept,0,5.38,1.0,1.0,61A;P7,former_id
20956,SOUTH AVE AT MILL ST,"Wilkinsburg borough (Allegheny, PA)",,40.44076,-79.881526,kept,0,5.38,5.8,1.6,61A;P68;P69,former_id
21234,GREENSBURG PIKE AT VERSAILLES CASTLE APTS,"North Versailles township (Allegheny, PA)",,40.388629,-79.821747,kept,0,5.38,8.4,2.4,59,id
22440,PIRL ST OPP BROWNLEE ST,"McKeesport city (Allegheny, PA)",,40.352144,-79.844757,kept,0,5.38,3.8,0.4,60,id
2739,LOWRIE ST AT HECKLEMAN ST,"Pittsburgh city (Allegheny, PA)",Troy Hill,40.468793,-79.979091,kept,0,5.38,4.6,3.4,4,id
2849,RHINE ST OPP #2129,"Pittsburgh city (Allegheny, PA)",Spring Hill-City View,40.467004,-79.994291,kept,0,5.38,3.6,12.4,6,id
4570,BANKSVILLE RD OPP BANKSVILLE AVE,"Pittsburgh city (Allegheny, PA)",Beechview,40.418121,-80.029721,kept,0,5.38,2.4,0.8,36,id
7621,WALLACE AVE AT COAL ST,"Wilkinsburg borough (Allegheny, PA)",,40.442701,-79.878797,kept,0,5.38,3.4,0.6,67;69;79;P17;P67;P78,id
12130,GREENFIELD AVE AT KEARCHER ST,"Pittsburgh city (Allegheny, PA)",Greenfield,40.425299,-79.943942,kept,0,5.33,3.0,2.2,58;65;93,id
14980,BUTLER ST OPP 47TH ST,"Pittsburgh city (Allegheny, PA)",Central Lawrenceville,40.473847,-79.957954,kept,0,5.33,4.6,3.6,91;93,id
3554,HELEN ST AT ROBB ST (MUNSON AVE),"McKees Rocks borough (Allegheny, PA)",,40.470665,-80.054687,kept,0,5.33,2.2,0.6,22,id
5025,STEUBENVILLE PIKE OPP WATERFORD DR,"Robinson township (Allegheny, PA)",,40.449458,-80.140928,kept,0,5.33,2.8,1.0,24;29,id
6281,BOWER HILL RD AT LAKEMONT DR (ST CLAIR HOSPITAL,"Mount Lebanon township (Allegheny, PA)",,40.377887,-80.065164,kept,0,5.33,1.4,1.2,41,id
8378,HOMEWOOD AVE AT HAMILTON AVE,"Pittsburgh city (Allegheny, PA)",Homewood South,40.454534,-79.897553,kept,0,5.33,1.6,0.0,74,id
10969,8TH AVE AT RAVINE ST,"Munhall borough (Allegheny, PA)",,40.408717,-79.895468,kept,0,5.29,1.8,3.0,52L;59;61C,id
1613,BRIGHTON RD AT DAVIS AVE,"Pittsburgh city (Allegheny, PA)",Brighton Heights,40.481541,-80.033551,kept,0,5.29,4.0,2.0,16,id
1782,N CHARLES ST OPP WILSON AVE,"Pittsburgh city (Allegheny, PA)",Perry South,40.469262,-80.014573,kept_nearby,48,5.29,5.8,3.6,15,id
18690,MCKNIGHT RD AT BRAUNLICH DR,"Ross township (Allegheny, PA)",,40.521805,-80.005137,kept,0,5.29,5.2,1.4,12;O12,id
19436,CENTRE AVE OPP WASHINGTON PLAZA,"Pittsburgh city (Allegheny, PA)",Crawford-Roberts,40.440666,-79.987163,kept,0,5.29,4.8,2.4,82;83,id
22029,PENN AVE AT 45TH ST,"Pittsburgh city (Allegheny, PA)",Central Lawrenceville,40.466226,-79.951797,kept,0,5.29,2.0,2.2,88,former_id
2688,HERRON AVE AT LIBERTY AVE,"Pittsburgh city (Allegheny, PA)",Lower Lawrenceville,40.461447,-79.966996,kept,0,5.29,7.4,2.6,54,id
3483,HECKLE RD AT PINE HOLLOW RD,"Kennedy township (Allegheny, PA)",,40.474942,-80.095929,kept,0,5.29,3.4,3.8,20;24,id
4196,ALLENDALE CIR AT #3658,"Pittsburgh city (Allegheny, PA)",Sheraden,40.460523,-80.063701,kept,0,5.29,2.0,1.8,26,id
4269,W PROSPECT AVE OPP KINGSLAND AVE,"Ingram borough (Allegheny, PA)",,40.447595,-80.071654,kept,0,5.29,2.8,2.0,27,id
5412,NOBLESTOWN RD AT HAWTHORNE ST,"Green Tree borough (Allegheny, PA)",,40.416294,-80.067123,kept,0,5.29,5.6,3.2,31,id
6850,SOUTH BUSWAY AT WHITED ST SHELTER,"Pittsburgh city (Allegheny, PA)",Brookline,40.395546,-79.999717,kept,0,5.29,1.2,1.2,Y1;Y45;Y46;Y47;Y49,id
6854,SOUTH BUSWAY AT OVERBROOK SHELTER,"Pittsburgh city (Allegheny, PA)",Overbrook,40.385268,-79.995902,kept,0,5.29,6.6,4.8,Y1;Y45;Y46;Y47;Y49,id
7147,SWISSVALE AVE AT #441 (MERCY GARDENVIEW MANOR),"Wilkinsburg borough (Allegheny, PA)",,40.436793,-79.880608,kept,0,5.29,0.4,1.2,61A,id
7564,YOST BLVD AT BRINTON RD,"Braddock Hills borough (Allegheny, PA)",,40.412504,-79.856384,kept,0,5.29,1.8,0.6,59;61A;61B,id
13508,LOWES DR AT FOX PLAN RD FS,"Monroeville municipality (Allegheny, PA)",,40.438045,-79.761741,kept,0,5.24,3.8,1.8,67,id
19804,SALTSBURG RD AT ALCOMA PARK PLAZA,"Penn Hills township (Allegheny, PA)",,40.476727,-79.788258,kept,0,5.24,0.0,0.0,77,id
19857,N CHARLES ST AT PERRYSVILLE AVE,"Pittsburgh city (Allegheny, PA)",Perry South,40.470959,-80.008712,kept,0,5.24,2.2,2.4,15,id
20962,SWISSVALE AVE OPP MAPLE AVE,"Edgewood borough (Allegheny, PA)",,40.433212,-79.884816,kept,0,5.24,0.8,0.6,61A;P7,former_id
9143,FRANKSTOWN AVE AT BRADDOCK AVE,"Pittsburgh city (Allegheny, PA)",Homewood South,40.455961,-79.89016,kept,0,5.24,2.4,3.0,77;86,id
12680,PITTSBURGH ST AT HILL AVE,"Cheswick borough (Allegheny, PA)",,40.541115,-79.802422,kept,0,5.19,2.0,3.4,1;P10,id
19454,MOSSFIELD ST AT FERN ST,"Pittsburgh city (Allegheny, PA)",Garfield,40.471267,-79.933649,kept,0,5.19,4.4,4.8,89,id
19570,BESSEMER AVE AT MAIN ST,"East Pittsburgh borough (Allegheny, PA)",,40.395207,-79.841582,kept,0,5.19,2.2,2.6,P68,id
21276,LIBERTY AVE AT 30TH ST,"Pittsburgh city (Allegheny, PA)",Strip District,40.45842,-79.971944,kept,0,5.19,4.4,2.6,86;87,former_id
22754,HAZELWOOD AVE AT OSPREY WAY,"Pittsburgh city (Allegheny, PA)",Hazelwood,40.359025,-79.834076,kept,0,5.19,1.2,1.2,55,id
2585,PENN AVE AT 36TH ST,"Pittsburgh city (Allegheny, PA)",Lower Lawrenceville,40.464241,-79.96384,kept,0,5.19,4.8,3.0,54;88,id
2728,MT TROY RD AT BECKERT ST,"Reserve township (Allegheny, PA)",,40.47025,-79.982254,loses_all_service,313,5.19,1.6,1.2,4,id
2751,TROY HILL RD AT CHESTNUT ST,"Pittsburgh city (Allegheny, PA)",East Allegheny,40.455497,-79.994447,kept,0,5.19,1.4,0.8,4,id
4777,ARLINGTON AVE AT FREDERICK ST,"Mount Oliver borough (Allegheny, PA)",,40.417609,-79.982741,kept,0,5.19,1.6,1.4,48,id
5551,PARKWAY CENTER DR SOUTH AT BUILDING #7,"Green Tree borough (Allegheny, PA)",,40.423579,-80.041033,loses_all_service,191,5.19,1.4,0.0,38,id
5819,GREENTREE RD OPP FORSYTHE RD,"Scott township (Allegheny, PA)",,40.399517,-80.064987,kept,0,5.19,2.4,2.0,38,id
900,PERRYSVILLE AVE AT WATSON BLVD,"Pittsburgh city (Allegheny, PA)",Perry North,40.484191,-80.013481,kept,0,5.19,4.2,2.2,15;8,id
9969,DESIDERIO BLVD AT SOLTIS DR,"Clairton city (Allegheny, PA)",,40.286547,-79.895825,kept,0,5.19,1.2,3.4,Y46,id
14415,BAUM BLVD AT MILLVALE AVE,"Pittsburgh city (Allegheny, PA)",Bloomfield,40.454308,-79.947853,kept_nearby,22,5.14,3.8,3.0,77,id
14416,BAUM BLVD AT MOREWOOD AVE,"Pittsburgh city (Allegheny, PA)",Bloomfield,40.454888,-79.945335,kept_nearby,110,5.14,3.0,2.8,77,id
3354,MT ROYAL BLVD AT GENESSEE AVE FS,"Shaler township (Allegheny, PA)",,40.517483,-79.959014,kept,0,5.14,0.0,1.8,2;P13,id
4241,STEUBEN ST AT HARKER ST,"Pittsburgh city (Allegheny, PA)",Elliott,40.442988,-80.044141,kept,0,5.14,2.6,2.8,27;29,id
576,PERRYSVILLE AVE AT PERRYVIEW AVE,"Pittsburgh city (Allegheny, PA)",Perry North,40.493832,-80.022118,kept,0,5.14,4.0,1.6,8,id
8034,BLVD OF ALLIES OPP HALKET ST,"Pittsburgh city (Allegheny, PA)",South Oakland,40.435796,-79.958325,kept,0,5.14,0.4,1.0,58;65;93,id
8251,ELLSWORTH AVE AT AMBERSON AVE,"Pittsburgh city (Allegheny, PA)",Shadyside,40.45139,-79.940849,kept,0,5.14,1.2,1.6,75,id
9122,FRANKSTOWN AVE OPP JULIUS ST,"Pittsburgh city (Allegheny, PA)",Larimer,40.459623,-79.911281,kept,0,5.14,3.6,1.8,77;86,id
16607,2ND ST AT SR CITIZEN HI-RISE,"Duquesne city (Allegheny, PA)",,40.373904,-79.847584,kept,0,5.1,5.0,9.6,59;61C,id
18280,MERCHANT ST AT 3RD ST FS,"Ambridge borough (Beaver, PA)",,40.581977,-80.223977,kept,0,5.1,1.4,3.4,14,id
22076,FRIENDSHIP AVE AT GROSS ST,"Pittsburgh city (Allegheny, PA)",Bloomfield,40.462476,-79.944382,kept,0,5.1,1.6,0.2,87,former_id
5022,STEUBENVILLE PIKE AT #6181,"Robinson township (Allegheny, PA)",,40.44472,-80.149722,kept,0,5.1,3.6,5.8,24;29,id
5094,STEUBEN ST AT CVS DRVWY,"Crafton borough (Allegheny, PA)",,40.438485,-80.070008,kept,0,5.1,4.4,2.0,29,id
6673,VIRGINIA AVE OPP BERTHA ST,"Pittsburgh city (Allegheny, PA)",Mount Washington,40.431422,-80.012165,kept,0,5.1,2.2,0.4,40,id
7701,SAWYER WAY AT EAST BUSWAY,"Wilkinsburg borough (Allegheny, PA)",,40.443813,-79.886971,kept,0,5.1,2.2,1.0,67;69,id
8582,BIGELOW BLVD AT HERRON AVE FS,"Pittsburgh city (Allegheny, PA)",Polish Hill,40.455737,-79.96616,kept_nearby,139,5.1,2.8,1.0,77,id
8685,ORION ST AT MILWAUKEE ST,"Pittsburgh city (Allegheny, PA)",Upper Hill,40.454341,-79.961475,kept,0,5.1,1.2,1.0,83,id
99975,CASTLE SHANNON STATION,"Castle Shannon borough (Allegheny, PA)",,40.368066,-80.030126,kept,0,5.1,5.6,4.4,RED,id
12014,5TH ST AT COCHRAN ST,"Duquesne city (Allegheny, PA)",,40.366526,-79.847926,kept,0,5.05,4.2,2.4,59,id
12775,MAIN ST AT #1841,"Sharpsburg borough (Allegheny, PA)",,40.494322,-79.91991,kept,0,5.05,4.2,4.0,1;91,id
1311,FOREST AVE AT MARYLAND AVE,"Bellevue borough (Allegheny, PA)",,40.50429,-80.052416,kept,0,5.05,3.2,1.0,13,id
14966,BUTLER ST AT 56TH ST,"Pittsburgh city (Allegheny, PA)",Upper Lawrenceville,40.484504,-79.947935,kept,0,5.05,3.4,1.8,87;91,id
1660,KENDALL AVE OPP WATSON AVE,"Bellevue borough (Allegheny, PA)",,40.48793,-80.051987,kept,0,5.05,0.0,0.0,19L,id
19324,CENTER AVE OPP BRIGHTWOOD AVE,"West View borough (Allegheny, PA)",,40.515873,-80.02253,kept,0,5.05,3.0,2.0,8,id
19511,BROOKLINE BLVD AT PIONEER AVE FS (#506),"Pittsburgh city (Allegheny, PA)",Brookline,40.395939,-80.023082,kept,0,5.05,3.2,1.4,39,id
19531,GRANT AVE AT LEHR AVE FS,"Etna borough (Allegheny, PA)",,40.50679,-79.951019,kept,0,5.05,0.0,0.0,2;P13,id
21066,LINCOLN AVE OPP DEARY ST,"Pittsburgh city (Allegheny, PA)",Homewood West,40.464076,-79.901138,kept,0,5.05,1.8,0.4,82;P17,id
6528,LESNETT RD AT BANK ST FS,"Upper St. Clair township (Allegheny, PA)",,40.349209,-80.103668,kept,0,5.05,2.4,2.8,41,id
6571,WASHINGTON RD AT ABBEYVILLE RD,"Mount Lebanon township (Allegheny, PA)",,40.351983,-80.05052,loses_all_service,904,5.05,2.0,4.4,36,id
7293,BRADDOCK AVE AT 7TH ST,"Braddock borough (Allegheny, PA)",,40.402484,-79.867557,kept,0,5.05,2.4,3.4,59;61A,id
7709,SWISSVALE AVE AT NORTH AVE,"Wilkinsburg borough (Allegheny, PA)",,40.442848,-79.876816,kept,0,5.05,4.0,0.8,79;P17;P78,id
8215,NEGLEY AVE AT HAYS ST,"Pittsburgh city (Allegheny, PA)",East Liberty,40.469639,-79.926972,kept,0,5.05,0.2,0.4,71A;87,id
8259,ELLSWORTH AVE AT AMBERSON AVE,"Pittsburgh city (Allegheny, PA)",Shadyside,40.45125,-79.941055,kept,0,5.05,2.6,3.0,75,id
8402,PAULSON AVE AT LEMINGTON AVE,"Pittsburgh city (Allegheny, PA)",Lincoln-Lemington-Belmar,40.470014,-79.897249,kept,0,5.05,0.2,0.0,74,id
8422,LEMINGTON AVE AT PAULSON AVE,"Pittsburgh city (Allegheny, PA)",Lincoln-Lemington-Belmar,40.47015,-79.897221,kept_nearby,15,5.05,2.0,0.0,74,id
10982,DUQUESNE BLVD AT FAIRMONT AVE,"Duquesne city (Allegheny, PA)",,40.382124,-79.85666,kept,0,5.0,2.2,3.0,59;61C;P7,id
12237,WINTERBURN AVE AT CONNOR ST,"Pittsburgh city (Allegheny, PA)",Greenfield,40.42057,-79.939877,kept,0,5.0,1.4,0.2,58,id
16648,VIRGINIA AVE AT BIGHAM ST,"Pittsburgh city (Allegheny, PA)",Mount Washington,40.431984,-80.01554,kept,0,5.0,1.6,1.8,40,id
19143,UNIVERSAL RD AT ANTHON DR,"Penn Hills township (Allegheny, PA)",,40.463963,-79.800966,kept,0,5.0,0.0,0.0,P16,id
20461,DEVILLIERS ST AT WEBSTER AVE,"Pittsburgh city (Allegheny, PA)",Crawford-Roberts,40.445759,-79.981951,kept_nearby,85,5.0,1.4,1.8,83,id
20469,DEVILLIERS ST AT BEDFORD AVE,"Pittsburgh city (Allegheny, PA)",Middle Hill,40.446417,-79.982332,kept,0,5.0,5.6,2.6,83,id
21235,GREENSBURG PIKE AT CENTRAL AVE FS,"North Versailles township (Allegheny, PA)",,40.392942,-79.819059,kept,0,5.0,4.4,5.0,59,id
22632,DESIDERIO BLVD OPP BAKER AVE,"Clairton city (Allegheny, PA)",,40.398017,-80.083568,kept,0,5.0,5.4,3.6,31,id
3207,FREEPORT RD AT EASTERN AVE,"Aspinwall borough (Allegheny, PA)",,40.48945,-79.903171,kept,0,5.0,2.4,4.6,1;75;91,id
5424,NOBLESTOWN RD OPP #2148 (SHOP-N-SAVE DR #1),"Pittsburgh city (Allegheny, PA)",Westwood,40.431142,-80.053322,kept,0,5.0,1.0,0.2,31,id
7019,BELTZHOOVER AVE OPP CHARLES ST,"Pittsburgh city (Allegheny, PA)",Beltzhoover,40.416524,-79.997257,kept,0,5.0,2.0,2.0,44;54,id
7272,JONES AVE AT BELL AVE,"North Braddock borough (Allegheny, PA)",,40.40334,-79.862896,kept,0,5.0,3.6,2.0,59,id
7683,WILKINS AVE AT SHADY AVE FS,"Pittsburgh city (Allegheny, PA)",Squirrel Hill North,40.44389,-79.920075,kept,0,5.0,3.0,1.8,67;69;74,id
8380,HOMEWOOD AVE AT BENNETT ST,"Pittsburgh city (Allegheny, PA)",Homewood South,40.456356,-79.896663,kept,0,5.0,0.6,1.4,74,id
9119,FRANKSTOWN AVE OPP LASCHALL ST,"Pittsburgh city (Allegheny, PA)",Homewood West,40.458329,-79.905863,kept,0,5.0,5.0,3.4,77;86,id
9593,HWY RT 51 AT GRACE ST,"Baldwin borough (Allegheny, PA)",,40.344044,-79.97174,kept,0,5.0,4.8,6.6,51;Y1;Y46,former_id
11142,LINCOLN HWY AT TAYLOR ST FS,"North Versailles township (Allegheny, PA)",,40.378212,-79.80373,loses_all_service,756,4.95,0.0,0.0,P76,id
20904,5TH AVE OPP #1681,"McKeesport city (Allegheny, PA)",,40.353119,-79.846267,kept,0,4.95,1.8,3.4,55;56;59;60;61C;P7,id
2188,LIBERTY AVE OPP 39TH ST,"Pittsburgh city (Allegheny, PA)",Lower Lawrenceville,40.462457,-79.959236,kept,0,4.95,5.0,5.2,54;86;87,id
2249,STANHOPE ST AT W CARSON ST,"Pittsburgh city (Allegheny, PA)",Esplen,40.464189,-80.053738,kept,0,4.95,3.0,6.2,20;21;24,id
7353,ARDMORE BLVD AT KENMORE AVE,"Forest Hills borough (Allegheny, PA)",,40.417437,-79.848662,kept,0,4.95,0.2,0.2,69;P69;P76,id
9664,KNOEDLER RD AT BROWNSVILLE RD,"Baldwin borough (Allegheny, PA)",,40.341664,-79.984815,kept,0,4.95,2.6,0.0,Y47,id
13637,OLD ABERS CREEK RD AT HOLIDAY PARK VFD,"Plum borough (Allegheny, PA)",,40.466695,-79.705973,kept,0,4.9,0.0,0.0,P12,id
1625,LINCOLN AVE AT STRAW AVE,"Bellevue borough (Allegheny, PA)",,40.491603,-80.047725,kept,0,4.9,3.2,2.2,13;16,id
18530,PITCAIRN-TRAFFORD RD AT HAYMAKER RD FS,"Monroeville municipality (Allegheny, PA)",,40.391879,-79.766099,kept,0,4.9,0.2,2.2,69;P69,id
4809,JOSEPHINE ST AT S 26TH ST,"Pittsburgh city (Allegheny, PA)",South Side Slopes,40.424076,-79.969795,kept,0,4.9,2.6,2.2,48,id
5322,WASHINGTON AVE AT TRIMBLE AVE,"Carnegie borough (Allegheny, PA)",,40.405582,-80.083735,kept,0,4.9,3.8,3.4,31,id
7545,COREY AVE AT 4TH ST,"Braddock borough (Allegheny, PA)",,40.40818,-79.867125,kept_nearby,124,4.9,5.8,2.2,59,id
7679,WILKINS AVE AT WIGHTMAN ST,"Pittsburgh city (Allegheny, PA)",Squirrel Hill North,40.444145,-79.928063,kept,0,4.9,0.4,1.4,67;69,id
13468,FREEPORT RD AT HARVARD AVE FS,"Harrison township (Allegheny, PA)",,40.625907,-79.722268,kept_nearby,19,4.86,0.0,0.0,P10,id
1603,BRIGHTON RD OPP WOODLAND AVE,"Pittsburgh city (Allegheny, PA)",Perry South,40.470006,-80.025572,kept,0,4.86,5.0,3.8,16,id
19130,BEULAH RD OPP MCCRADY RD FS,"Churchill borough (Allegheny, PA)",,40.446497,-79.84845,kept,0,4.86,0.0,0.0,P16,id
6698,KATHLEEN ST OPP JUDICIAL ST,"Pittsburgh city (Allegheny, PA)",Mount Washington,40.425624,-79.999828,loses_all_service,388,4.86,1.6,1.0,43,id
7240,BRADDOCK AVE AT SANDERS ST,"Swissvale borough (Allegheny, PA)",,40.431927,-79.893451,kept,0,4.86,4.2,4.2,61B;71;P71,id
8033,BLVD OF ALLIES AT CRAFT AVE FS,"Pittsburgh city (Allegheny, PA)",South Oakland,40.435781,-79.960915,kept,0,4.86,2.2,1.0,58;65;93,id
8386,HOMEWOOD AVE AT MT VERNON ST,"Pittsburgh city (Allegheny, PA)",Homewood North,40.461303,-79.894734,kept,0,4.86,2.4,1.4,74,id
8463,HOMEWOOD AVE AT RACE ST,"Pittsburgh city (Allegheny, PA)",Homewood North,40.45893,-79.895748,kept,0,4.86,0.8,1.8,74,id
8899,CENTRE AVE AT JUNILLA ST STEPS,"Pittsburgh city (Allegheny, PA)",Middle Hill,40.445604,-79.970366,kept,0,4.86,2.2,4.4,82,id
9201,OAKWOOD ST AT TIOGA ST,"Pittsburgh city (Allegheny, PA)",Homewood South,40.449361,-79.884202,kept,0,4.86,3.6,2.6,71D;86,id
12031,BUTTERMILK HOLLOW RD AT THOMPSON RUN RD FS,"West Mifflin borough (Allegheny, PA)",,40.360886,-79.907625,kept,0,4.81,0.6,1.2,53;53L;56,id
12165,SECOND AVE AT JOHNSTON AVE,"Pittsburgh city (Allegheny, PA)",Hazelwood,40.405881,-79.942871,kept,0,4.81,3.4,2.2,56,id
18653,WEST LIBERTY AVE AT RAY AVE STEPS,"Pittsburgh city (Allegheny, PA)",Brookline,40.402687,-80.020869,kept,0,4.81,2.0,2.2,41,id
3612,CHARTIERS AVE EXT OPP STATE ST,"McKees Rocks borough (Allegheny, PA)",,40.466664,-80.079769,loses_all_service,528,4.81,3.2,0.2,20,id
4868,ARLINGTON AVE OPP CLOVER ST,"Pittsburgh city (Allegheny, PA)",Arlington-Arlington Heights,40.417641,-79.971345,kept,0,4.81,3.4,2.0,48,id
5279,E RAILROAD ST AT 4TH ST,"Heidelberg borough (Allegheny, PA)",,40.389222,-80.088653,kept,0,4.81,1.4,1.2,31;G31,id
55,MUNROE,"Bethel Park municipality (Allegheny, PA)",,40.32278,-80.029695,kept,0,4.81,1.8,2.8,SLVR,former_id
7071,EDGEWOOD AVE AT GORDON ST,"Edgewood borough (Allegheny, PA)",,40.428795,-79.884537,kept,0,4.81,1.8,0.6,61A;P7,id
7378,EDGEWOOD TOWNE CENTRE AT LAUNDRY ROOM,"Edgewood borough (Allegheny, PA)",,40.42789,-79.887289,kept,0,4.81,0.0,0.0,71;P71,id
8806,LINCOLN AVE AT LEMINGTON AVE,"Pittsburgh city (Allegheny, PA)",Lincoln-Lemington-Belmar,40.468661,-79.896124,kept,0,4.81,4.4,2.0,82;P17,id
8846,ABER RD AT GROVE RD,"Penn Hills township (Allegheny, PA)",,40.46784,-79.865285,loses_all_service,231,4.81,2.6,2.6,79;P17,id
11945,MIFFLIN ST AT WHITAKER ST,"Whitaker borough (Allegheny, PA)",,40.39866,-79.885482,kept,0,4.76,0.0,0.0,52L,id
3261,HIGHLAND AVE AT HOWE ST,"Pittsburgh city (Allegheny, PA)",Shadyside,40.453237,-79.924715,kept_nearby,106,4.76,3.0,0.8,71B,id
7755,BROADWAY BLVD AT BROADVIEW MANOR HI-RISE,"Monroeville municipality (Allegheny, PA)",,40.400948,-79.782761,kept,0,4.76,1.6,2.4,69;P69,id
8065,OXFORD DR AT PRIMARY CARE CENTER,"Monroeville municipality (Allegheny, PA)",,40.431416,-79.788117,kept,0,4.76,0.6,1.0,P68,id
8686,MILWAUKEE ST OPP BRYN MAWR RD,"Pittsburgh city (Allegheny, PA)",Upper Hill,40.453217,-79.96303,kept,0,4.76,1.8,1.2,83,id
8943,WILNER DR AT BRACEY DR,"Pittsburgh city (Allegheny, PA)",East Hills,40.45402,-79.867054,kept,0,4.76,3.6,1.8,79;P17,id
12009,CRAWFORD AVE AT WOOL ALLEY,"Duquesne city (Allegheny, PA)",,40.363222,-79.850657,kept,0,4.71,2.8,4.0,59,id
18650,WEST LIBERTY AVE AT KELTON AVE,"Dormont borough (Allegheny, PA)",,40.392318,-80.037655,kept,0,4.71,2.6,0.6,41,id
1938,CALIFORNIA AVE OPP ST JOHN'S CHURCH,"Pittsburgh city (Allegheny, PA)",Marshall-Shadeland,40.46792,-80.035337,kept,0,4.71,4.6,4.8,13,id
20632,MONONGAHELA AVE OPP LINCOLN ST,"Glassport borough (Allegheny, PA)",,40.340207,-79.887936,kept,0,4.71,4.2,2.4,55,id
21746,OAKWOOD ST OPP HAMILTON AVE,"Pittsburgh city (Allegheny, PA)",East Hills,40.451524,-79.884648,kept,0,4.71,1.6,3.8,71D;86,former_id
2618,CEDAR AVE OPP FORELAND ST,"Pittsburgh city (Allegheny, PA)",Allegheny Center,40.454029,-80.001991,kept_nearby,65,4.71,3.2,1.2,54,id
4096,CHARTIERS AVE AT ALLENDALE ST,"Pittsburgh city (Allegheny, PA)",Sheraden,40.453914,-80.059574,kept,0,4.71,2.4,2.0,26,id
4802,JOSEPHINE ST OPP SALISBURY ST NS,"Pittsburgh city (Allegheny, PA)",South Side Slopes,40.417832,-79.9667,kept,0,4.71,4.4,2.2,48,id
5461,NOBLESTOWN RD AT CRAFTON BLVD FS,"Pittsburgh city (Allegheny, PA)",Westwood,40.437477,-80.053848,kept,0,4.71,2.0,4.6,31,id
8007,BEECHWOOD BLVD AT TILBURY AVE,"Pittsburgh city (Allegheny, PA)",Squirrel Hill South,40.426646,-79.919099,kept,0,4.71,0.0,0.0,65;74,id
91,DENISE STATION,"Pittsburgh city (Allegheny, PA)",Carrick,40.399416,-79.998987,kept,0,4.71,3.0,2.6,BLUE;SLVR,former_id
9117,FRANKSTOWN AVE AT EAST VIEW ST,"Pittsburgh city (Allegheny, PA)",Homewood West,40.458174,-79.903634,kept,0,4.71,3.6,2.4,77;86,id
10259,WALNUT ST AT 31ST AVE,"McKeesport city (Allegheny, PA)",,40.330952,-79.843547,kept,0,4.67,2.4,0.8,60,id
11072,GREENFIELD AVE AT MCCASLIN ST,"Pittsburgh city (Allegheny, PA)",Greenfield,40.424297,-79.936081,kept,0,4.67,0.8,0.4,58,id
1156,LIBERTY AVE AT WINEBIDDLE ST,"Pittsburgh city (Allegheny, PA)",Bloomfield,40.458904,-79.94402,kept,0,4.67,6.6,1.8,64;86,id
11583,ST JOSEPH ST OPP COMO ST STEPS,"Pittsburgh city (Allegheny, PA)",Mt. Oliver,40.413538,-79.979195,kept,0,4.67,3.4,2.4,44,id
12777,MAIN ST OPP 21ST ST,"Sharpsburg borough (Allegheny, PA)",,40.493651,-79.915963,kept,0,4.67,3.4,3.2,1;91,id
14749,SALTSBURG RD AT UNIVERSAL RD FS,"Penn Hills township (Allegheny, PA)",,40.477681,-79.7854,kept_nearby,10,4.67,0.0,0.0,77,id
1936,CALIFORNIA AVE OPP BOSTON ST,"Pittsburgh city (Allegheny, PA)",Marshall-Shadeland,40.469414,-80.035805,kept,0,4.67,3.0,2.2,13,id
20603,OHIO AVE OPP BROADWAY ST,"Glassport borough (Allegheny, PA)",,40.319146,-79.890716,kept,0,4.67,3.4,3.4,55,id
7411,BRINTON AVE OPP QUARRY AVE,"North Braddock borough (Allegheny, PA)",,40.403467,-79.842864,kept,0,4.67,2.2,1.4,P68,id
11143,LINCOLN HWY AT 3RD ST,"North Versailles township (Allegheny, PA)",,40.37939,-79.806872,loses_all_service,467,4.62,0.0,0.0,P76,id
12033,MIFFLIN RD AT MOHRBACH ST FS,"Pittsburgh city (Allegheny, PA)",Lincoln Place,40.366918,-79.909867,kept,0,4.62,2.6,1.4,53;53L;56,id
122,BABCOCK BLVD AT MCCANDLESS CROSSING,"McCandless township (Allegheny, PA)",,40.569004,-80.016491,kept,0,4.62,5.0,6.0,12,id
1317,BALPH AVE AT TEECE AVE,"Bellevue borough (Allegheny, PA)",,40.49737,-80.05436,kept,0,4.62,5.4,1.2,13,id
1379,OHIO RIVER BLVD AT MAPLE AVE,"Emsworth borough (Allegheny, PA)",,40.510479,-80.09806,kept,0,4.62,2.4,3.0,14,id
16595,E 4TH AVE AT BOYD ST,"Tarentum borough (Allegheny, PA)",,40.600704,-79.756126,kept_nearby,43,4.62,3.8,3.0,1;P10,id
16627,WALLACE AVE AT PITT ST,"Wilkinsburg borough (Allegheny, PA)",,40.44532,-79.886694,kept,0,4.62,1.4,0.8,69;71;71D;79;86;P17;P67;P71;P78,id
20650,4TH AVE AT TARENTUM PARK AND RIDE,"Tarentum borough (Allegheny, PA)",,40.600404,-79.757031,kept,0,4.62,0.0,0.0,P10,id
3348,MT ROYAL BLVD AT WETZELL RD,"Shaler township (Allegheny, PA)",,40.524902,-79.962257,kept,0,4.62,1.0,2.8,2;P13,id
3464,MCCOY RD AT KENNEDY LN,"Kennedy township (Allegheny, PA)",,40.480428,-80.089629,kept,0,4.62,0.0,0.0,22,id
3767,STEUBEN ST AT DUNCAN AVE,"Crafton borough (Allegheny, PA)",,40.439504,-80.076178,kept,0,4.62,1.0,0.0,29,id
8017,BEACON ST OPP WENDOVER ST,"Pittsburgh city (Allegheny, PA)",Squirrel Hill South,40.434009,-79.928991,kept,0,4.62,1.6,1.4,65;93,id
12164,SECOND AVE AT WINSTON ST,"Pittsburgh city (Allegheny, PA)",Hazelwood,40.404466,-79.94248,kept,0,4.57,2.2,1.0,56,id
12693,MAIN ST AT 21ST ST,"Sharpsburg borough (Allegheny, PA)",,40.493679,-79.915704,kept,0,4.57,3.0,3.0,1;91,id
19906,GREENFIELD AVE AT LORETTA ST,"Pittsburgh city (Allegheny, PA)",Greenfield,40.421882,-79.929833,kept,0,4.57,3.8,2.6,58,id
20827,WHITE AVE AT STOTZ AVE FS,"Crafton borough (Allegheny, PA)",,40.4352,-80.066158,kept,0,4.57,3.0,1.0,29,id
22127,BUTLER ST OPP 35TH ST,"Pittsburgh city (Allegheny, PA)",Lower Lawrenceville,40.464571,-79.965955,kept,0,4.57,1.8,0.6,91,former_id
2214,GRAND AVE OPP PERSHING RD,"Neville township (Allegheny, PA)",,40.511989,-80.131655,kept,0,4.57,2.2,4.2,21,id
22721,CENTER AVE AT ALLEGHENY AVE,"Emsworth borough (Allegheny, PA)",,40.51305,-80.101208,kept_nearby,104,4.57,0.0,0.0,19L,former_id
4229,MIDDLETOWN RD AT TYNDALL ST,"Pittsburgh city (Allegheny, PA)",Windgap,40.44958,-80.064384,kept,0,4.57,1.0,0.2,27,id
4450,S MAIN ST AT SANCTUS ST,"Pittsburgh city (Allegheny, PA)",West End,40.441554,-80.032959,kept,0,4.57,2.6,0.4,31,id
7815,ARDMORE BLVD AT YOST BLVD FS,"Forest Hills borough (Allegheny, PA)",,40.415479,-79.847515,kept,0,4.57,1.2,1.6,69;P69;P76,id
9132,FRANKSTOWN AVE OPP FINLEY ST FS,"Pittsburgh city (Allegheny, PA)",Larimer,40.459017,-79.909648,kept,0,4.57,3.4,2.2,77;86,former_id
10956,MURRAY AVE AT WELFER ST,"Pittsburgh city (Allegheny, PA)",Greenfield,40.425058,-79.92813,kept,0,4.52,2.6,3.6,61C;61D;64;93,id
1389,OHIO RIVER BLVD OPP RIVERVIEW AVE,"Bellevue borough (Allegheny, PA)",,40.491819,-80.061533,kept,0,4.52,3.6,2.2,14,id
18652,WEST LIBERTY AVE AT BELLE ISLE AVE,"Pittsburgh city (Allegheny, PA)",Brookline,40.400055,-80.023769,kept,0,4.52,2.8,2.0,41,id
3677,BROADWAY AVE AT 14TH ST,"Stowe township (Allegheny, PA)",,40.474985,-80.080833,kept,0,4.52,1.0,0.6,24,id
4191,ALLENDALE ST AT FAIRDALE ST,"Pittsburgh city (Allegheny, PA)",Sheraden,40.455405,-80.061028,kept,0,4.52,3.4,1.8,26,id
4231,MIDDLETOWN RD AT #2847,"Ingram borough (Allegheny, PA)",,40.447634,-80.061812,kept,0,4.52,1.4,0.6,27,id
5277,WASHINGTON PIKE OPP RACEWAY PLAZA,"Scott township (Allegheny, PA)",,40.386396,-80.092379,kept,0,4.52,3.6,1.8,38;G31,id
5399,WASHINGTON PIKE OPP STEEN RD,"Collier township (Allegheny, PA)",,40.376175,-80.097809,kept,0,4.52,4.2,1.2,31;38;G31,id
6253,BOWER HILL RD AT SYLVA ST,"Bridgeville borough (Allegheny, PA)",,40.362106,-80.097878,loses_all_service,812,4.52,0.6,1.2,41,id
7249,MONONGAHELA AVE OPP DUQUESNE AVE,"Swissvale borough (Allegheny, PA)",,40.418393,-79.888292,kept,0,4.52,3.0,3.6,59;61B;71;P71,id
7604,LAKETON RD AT HOWARD ST,"Penn Hills township (Allegheny, PA)",,40.45824,-79.8554,kept,0,4.52,0.0,0.0,P78,id
8944,WILNER DR AT #2258,"Pittsburgh city (Allegheny, PA)",East Hills,40.454206,-79.868445,kept,0,4.52,4.2,2.8,79;P17,id
11200,WORTHINGTON AVE AT 12TH ST,"Clairton city (Allegheny, PA)",,40.292732,-79.897195,kept,0,4.48,4.6,2.8,Y46,id
1342,BEAVER ST AT #305,"Leetsdale borough (Allegheny, PA)",,40.567784,-80.211586,kept,0,4.48,2.8,1.4,14,id
18153,FRIENDSHIP AVE AT HOWLEY ST,"Pittsburgh city (Allegheny, PA)",Bloomfield,40.46525,-79.951388,kept,0,4.48,6.2,3.4,64,id
22626,COMMONWEALTH AVE AT OVERLAND AVE,"Duquesne city (Allegheny, PA)",,40.456333,-80.030057,kept_nearby,83,4.48,1.2,5.2,14,id
22633,AURILES ST AT KENNEDY AVE,"Duquesne city (Allegheny, PA)",,40.448579,-79.867972,kept,0,4.48,0.0,0.0,79;P17,id
3196,FREEPORT RD AT S OAK HILL RD,"O'Hara township (Allegheny, PA)",,40.488955,-79.876906,kept,0,4.48,0.6,0.2,1;91,id
7691,DALLAS AVE AT PENN AVE,"Pittsburgh city (Allegheny, PA)",Point Breeze,40.451229,-79.908302,kept,0,4.48,0.6,0.8,67;69,id
8382,HOMEWOOD AVE AT RACE ST,"Pittsburgh city (Allegheny, PA)",Homewood North,40.45877,-79.895722,kept,0,4.48,0.6,2.2,74,id
890,PERRYSVILLE AVE AT N CHARLES ST,"Pittsburgh city (Allegheny, PA)",Perry South,40.470914,-80.008508,kept,0,4.48,2.8,2.8,8,id
9791,HWY RT 51 AT OLD CLAIRTON RD FS,"Pleasant Hills borough (Allegheny, PA)",,40.340494,-79.964389,kept,0,4.48,4.4,0.6,Y1;Y46,id
11109,MIDWAY DR AT WHITAKER ST FS,"West Mifflin borough (Allegheny, PA)",,40.398054,-79.884526,kept,0,4.43,1.6,1.4,59,id
18630,FRANKSTOWN AVE OPP BLACKADORE AVE,"Pittsburgh city (Allegheny, PA)",East Hills,40.455422,-79.883552,kept,0,4.43,1.6,2.0,77,id
18978,STRANAHAN ST AT BRUSHTON AVE,"Pittsburgh city (Allegheny, PA)",Homewood North,40.461326,-79.888635,kept,0,4.43,3.0,2.4,74,id
20728,PASSAVANT HOSPITAL AT 4TH FLOOR ENTRANCE BLDG T,"McCandless township (Allegheny, PA)",,40.57422,-80.014891,kept,0,4.43,2.8,0.8,12,id
20950,BOWER HILL RD AT S MEADOWCROFT AVE,"Mount Lebanon township (Allegheny, PA)",,40.386607,-80.04637,loses_all_service,227,4.43,1.0,1.0,38;41,former_id
22736,MONROEVILLE BLVD AT IVANHOE DR,"Monroeville municipality (Allegheny, PA)",,40.392247,-80.012925,kept,0,4.43,2.4,3.2,39,id
3163,CALIFORNIA AVE OPP COLUMBUS AVE BRIDGE,"Pittsburgh city (Allegheny, PA)",California-Kirkbride,40.458794,-80.02329,kept,0,4.43,4.0,3.6,13,id
3508,HECKLE RD OPP OHIO VALLEY HOSPITAL ENTRANCE,"Kennedy township (Allegheny, PA)",,40.471688,-80.091671,kept,0,4.43,1.4,0.8,20;24,id
3638,CHARTIERS AVE AT SINGER AVE,"McKees Rocks borough (Allegheny, PA)",,40.465004,-80.073953,kept_nearby,9,4.43,3.6,3.2,20,id
5471,NOBLESTOWN RD AT BALDWICK RD,"Pittsburgh city (Allegheny, PA)",Oakwood,40.426636,-80.056706,kept,0,4.43,1.6,2.2,31,id
7000,BELTZHOOVER AVE AT CLIMAX ST,"Pittsburgh city (Allegheny, PA)",Beltzhoover,40.420122,-79.997403,kept,0,4.43,1.4,3.2,44;54,id
7090,FORBES AVE AT CELERON ST,"Pittsburgh city (Allegheny, PA)",Point Breeze,40.439804,-79.895569,kept,0,4.43,3.0,0.6,61A,id
8893,CENTRE AVE OPP ALLEQUIPPA ST,"Pittsburgh city (Allegheny, PA)",Upper Hill,40.44839,-79.958832,kept,0,4.43,0.8,0.6,82,id
11627,MAIN ST AT ELIZABETH ST,"Munhall borough (Allegheny, PA)",,40.378392,-79.908152,kept,0,4.38,1.8,0.8,53;53L,id
12284,MIFFLIN RD AT #605,"Pittsburgh city (Allegheny, PA)",New Homestead,40.383235,-79.930313,kept,0,4.38,3.6,2.2,56,id
12834,ALPHA DR AT FREEPORT RD FS,"O'Hara township (Allegheny, PA)",,40.491737,-79.866,kept,0,4.38,0.0,0.0,91,former_id
16346,EAST HILLS DR AT #2340,"Pittsburgh city (Allegheny, PA)",East Hills,40.455867,-79.870829,kept,0,4.38,3.4,4.4,79;P17,id
19619,CHARTIERS AVE AT DUBOIS ST,"Pittsburgh city (Allegheny, PA)",Crafton Heights,40.451355,-80.05053,kept,0,4.38,1.2,0.6,26,id
9331,JANCEY ST OPP GAEL WAY,"Pittsburgh city (Allegheny, PA)",Morningside,40.487679,-79.924786,kept,0,4.38,0.6,0.8,75;87,id
17284,MILLVALE AVE AT MITRE WAY,"Pittsburgh city (Allegheny, PA)",Bloomfield,40.459597,-79.946247,kept,0,4.33,4.6,0.0,54,id
1855,SHADELAND AVE AT #3475,"Pittsburgh city (Allegheny, PA)",Brighton Heights,40.479317,-80.034208,kept,0,4.33,1.2,1.2,17,id
19590,GREENTREE RD OPP POCONO DR FS,"Green Tree borough (Allegheny, PA)",,40.416383,-80.045074,kept,0,4.33,1.0,3.4,38,id
20093,MAIN ST AT HOWARD ST,"East Pittsburgh borough (Allegheny, PA)",,40.397273,-79.841193,kept,0,4.33,4.4,5.8,P68,id
20547,9TH ST AT HEMLOCK WAY,"Glassport borough (Allegheny, PA)",,40.321097,-79.891789,kept,0,4.33,3.6,2.4,55,id
6849,SOUTH BUSWAY AT EDGEBROOK SHELTER,"Pittsburgh city (Allegheny, PA)",Brookline,40.402875,-80.002304,kept,0,4.33,0.4,1.6,Y1;Y45;Y46;Y47;Y49,id
8214,NEGLEY AVE OPP BLACK ST,"Pittsburgh city (Allegheny, PA)",East Liberty,40.468642,-79.927516,kept,0,4.33,0.6,2.4,71A;87,id
8384,HOMEWOOD AVE AT HERMITAGE ST,"Pittsburgh city (Allegheny, PA)",Homewood North,40.460095,-79.895206,kept,0,4.33,0.4,1.0,74,id
8487,TILBURY AVE AT FORWARD AVE,"Pittsburgh city (Allegheny, PA)",Squirrel Hill South,40.42857,-79.918494,kept,0,4.33,0.0,0.0,74,id
9419,HWY RT 51 AT NURNBERGER DR,"Whitehall borough (Allegheny, PA)",,40.352284,-79.977589,kept,0,4.33,3.0,1.8,51;Y46,id
10584,VERSAILLES AVE OPP PACKER ST,"McKeesport city (Allegheny, PA)",,40.345661,-79.84771,kept,0,4.29,2.6,1.0,60,id
12241,HAZELWOOD AVE AT NOTLEY ST,"Pittsburgh city (Allegheny, PA)",Greenfield,40.419846,-79.931424,kept,0,4.29,1.4,0.8,58;93,id
14323,VERONA RD OPP 2ND ST,"Penn Hills township (Allegheny, PA)",,40.50156,-79.837734,kept,0,4.29,0.0,0.0,P78,id
16881,BRIGHTON RD AT BRIGHTRIDGE ST,"Pittsburgh city (Allegheny, PA)",Perry South,40.461496,-80.018859,kept,0,4.29,3.4,5.0,16,id
20111,OLD WILLIAM PENN HWY AT BEATTY RD,"Monroeville municipality (Allegheny, PA)",,40.440362,-79.742278,kept,0,4.29,0.0,0.0,P12,id
21377,EVERGREEN AVE AT FRANKLIN ST,"Millvale borough (Allegheny, PA)",,40.490176,-79.971767,kept,0,4.29,2.0,1.6,2,former_id
5396,WASHINGTON PIKE AT VANADIUM RD,"Collier township (Allegheny, PA)",,40.370075,-80.100845,kept,0,4.29,3.2,0.8,31;38;G31,id
6410,WASHINGTON RD AT BOWER HILL RD,"Mount Lebanon township (Allegheny, PA)",,40.387057,-80.043758,kept,0,4.29,2.2,2.2,41,id
8711,BEDFORD AVE OPP DEVILLIERS ST,"Pittsburgh city (Allegheny, PA)",Bedford Dwellings,40.446551,-79.982401,kept,0,4.29,2.6,3.0,83,id
896,PERRYSVILLE AVE AT WATSON BLVD,"Pittsburgh city (Allegheny, PA)",Perry North,40.478354,-80.011957,kept,0,4.29,3.6,1.6,15;8,id
12646,FREEPORT RD AT CRAWFORD RUN RD,"East Deer township (Allegheny, PA)",,40.582478,-79.778435,kept,0,4.24,2.4,2.4,1;P10,id
14369,BAUM BLVD AT MELWOOD AVE,"Pittsburgh city (Allegheny, PA)",North Oakland,40.454077,-79.951806,kept_nearby,115,4.24,1.2,1.2,77,id
19651,BOGGS AVE AT PAUL ST,"Pittsburgh city (Allegheny, PA)",Mount Washington,40.422415,-80.010093,loses_all_service,169,4.24,1.4,0.8,43,id
20437,PEEBLES RD AT VINCENTIAN DRVWY FS,"McCandless township (Allegheny, PA)",,40.556973,-80.018753,kept,0,4.24,1.2,1.8,12;2,former_id
20567,EAST PITTSBURGH MCKEESPORT BLV AT MARYLAND AVE,"North Versailles township (Allegheny, PA)",,40.380017,-79.828303,kept,0,4.24,2.2,1.2,55,id
20878,HAZELWOOD AVE AT NANSEN ST,"Pittsburgh city (Allegheny, PA)",Hazelwood,40.413447,-79.939459,kept,0,4.24,2.0,0.6,93,id
21158,EDGEWOOD AVE OPP GORDON ST,"Edgewood borough (Allegheny, PA)",,40.428851,-79.884637,kept,0,4.24,1.0,0.0,61A;P7,former_id
21279,LIBERTY AVE AT 27TH ST,"Pittsburgh city (Allegheny, PA)",Strip District,40.455463,-79.976227,kept,0,4.24,3.6,2.0,54;86;87,former_id
22316,LEWIS AVE AT #1236,"Robinson township (Allegheny, PA)",,40.505208,-80.142415,loses_all_service,1038,4.24,0.8,1.2,20,former_id
22814,RIDGE AVE OPP W OHIO ST,"Pittsburgh city (Allegheny, PA)",Allegheny West,40.442774,-79.987348,kept,0,4.24,3.2,0.8,81,id
6186,BROOKLINE BLVD OPP GREENCREST DR,"Pittsburgh city (Allegheny, PA)",Brookline,40.39235,-80.00541,kept,0,4.24,1.0,0.6,39,id
893,PERRYSVILLE AVE AT KENNEDY AVE,"Pittsburgh city (Allegheny, PA)",Perry South,40.474245,-80.010352,kept,0,4.24,1.8,0.6,15;8,id
9681,BROWNSVILLE RD OPP MCANULTY RD,"Whitehall borough (Allegheny, PA)",,40.355211,-79.990528,kept,0,4.24,1.2,0.0,Y47,id
11777,KENNEDY AVE AT CATHERINE ST,"Duquesne city (Allegheny, PA)",,40.369709,-79.853575,kept,0,4.19,1.4,0.8,52L;59,id
11977,CRAWFORD AVE AT MONTEREY ST,"Duquesne city (Allegheny, PA)",,40.362927,-79.852097,kept,0,4.19,2.0,1.4,59,id
12133,GREENFIELD AVE AT WINTERBURN AVE,"Pittsburgh city (Allegheny, PA)",Greenfield,40.426083,-79.940054,kept,0,4.19,2.8,0.6,58;65;93,id
14332,VERONA RD AT HOMESTEAD RD,"Penn Hills township (Allegheny, PA)",,40.481787,-79.838084,kept,0,4.19,0.0,0.0,P78,id
1781,PENFORT ST AT ESSEN ST,"Pittsburgh city (Allegheny, PA)",Northview Heights,40.473297,-80.002953,kept,0,4.19,1.2,2.2,6,id
19461,MOSSFIELD ST OPP FERN ST,"Pittsburgh city (Allegheny, PA)",Stanton Heights,40.471273,-79.933513,kept,0,4.19,4.0,3.8,89,id
1954,CALIFORNIA AVE AT TERMON AVE,"Pittsburgh city (Allegheny, PA)",Brighton Heights,40.481788,-80.041544,kept,0,4.19,4.2,1.0,13,id
19783,FRANKSTOWN AVE AT BLACKADORE AVE,"Pittsburgh city (Allegheny, PA)",Homewood North,40.455486,-79.883249,kept,0,4.19,2.0,2.2,77,id
2312,W CARSON ST AT WEST END BRIDGE STEPS (UNDERPA,"Pittsburgh city (Allegheny, PA)",Elliott,40.44478,-80.028825,kept,0,4.19,2.6,2.2,20;21;22;24;28X;G2;G3;G31,id
2513,MCKINLEY ST AT BROWNSVILLE RD FS,"Pittsburgh city (Allegheny, PA)",Knoxville,40.408901,-79.99154,kept_nearby,41,4.19,4.4,2.2,54,id
3308,FREEPORT RD OPP ST MARGARET'S DR,"Pittsburgh city (Allegheny, PA)",Lincoln-Lemington-Belmar,40.487252,-79.895639,kept,0,4.19,3.6,1.8,1;75;91,id
5031,STEUBEN ST AT RICHMOND ST,"Crafton borough (Allegheny, PA)",,40.438654,-80.071414,kept_nearby,36,4.19,2.0,3.0,29,id
847,CENTER AVE OPP RIDGEWOOD AVE STEPS,"West View borough (Allegheny, PA)",,40.51513,-80.023153,kept,0,4.19,4.0,1.0,8,id
8888,CENTRE AVE AT #5803,"Pittsburgh city (Allegheny, PA)",East Liberty,40.458038,-79.931623,kept,0,4.19,1.8,1.6,82;86,id
11016,LEBANON CHURCH RD AT BUTTERMILK HOLLOW RD,"West Mifflin borough (Allegheny, PA)",,40.354296,-79.9135,kept,0,4.14,0.6,1.4,56;59,id
12113,JOHNSTON AVE AT WINSTON ST,"Pittsburgh city (Allegheny, PA)",Hazelwood,40.405819,-79.938236,kept,0,4.14,3.0,1.6,57;93,id
12647,FREEPORT RD AT MURRAY HILL RD,"East Deer township (Allegheny, PA)",,40.581448,-79.778872,kept,0,4.14,4.2,4.0,1;P10,id
12668,PITTSBURGH ST AT JAMES ST FS,"Springdale borough (Allegheny, PA)",,40.541225,-79.780351,kept,0,4.14,4.4,3.0,1;P10,id
1345,BEAVER ST OPP CAMP MEETING RD,"Leetsdale borough (Allegheny, PA)",,40.564054,-80.205796,kept,0,4.14,4.6,1.2,14,id
14760,SALTSBURG RD OPP STOTLER RD,"Penn Hills township (Allegheny, PA)",,40.482749,-79.809457,kept,0,4.14,2.4,2.6,77,id
20931,ALLEGHENY AVE AT ARCHIE ST NS,"Oakmont borough (Allegheny, PA)",,40.524001,-79.841889,kept,0,4.14,0.0,0.0,P78,former_id
3633,CHARTIERS AVE AT MARGARET ST,"McKees Rocks borough (Allegheny, PA)",,40.46581,-80.063944,kept,0,4.14,3.4,2.0,20;24,id
6170,MERRICK AVE AT HOBSON ST,"Pittsburgh city (Allegheny, PA)",Brookline,40.389546,-80.009648,loses_all_service,240,4.14,0.0,0.0,39,id
6680,SOUTHERN AVE OPP WHITWORTH ST,"Pittsburgh city (Allegheny, PA)",Mount Washington,40.426024,-80.009288,kept,0,4.14,3.0,3.4,40,id
7708,SWISSVALE AVE AT PENN AVE FS,"Wilkinsburg borough (Allegheny, PA)",,40.441654,-79.87748,kept,0,4.14,3.2,2.0,79;P17;P78,id
18307,WINHURST ST AT CALIFORNIA AVE FS,"Pittsburgh city (Allegheny, PA)",Brighton Heights,40.487384,-80.044824,kept,0,4.1,3.4,1.6,16,id
19756,BALDRIDGE AVE AT WALNUT ST FS,"North Braddock borough (Allegheny, PA)",,40.404462,-79.862136,kept,0,4.1,3.6,0.6,59;61A,id
20576,COAL VALLEY RD AT JEFFERSON PHYSICAL THERAPY DRV,"Jefferson Hills borough (Allegheny, PA)",,40.322784,-79.930764,kept,0,4.1,2.0,1.8,55,id
20881,HAZELWOOD AVE AT SABINA ST,"Pittsburgh city (Allegheny, PA)",Hazelwood,40.415918,-79.938613,kept,0,4.1,2.2,1.6,93,id
2158,LIBERTY AVE AT 31ST ST,"Pittsburgh city (Allegheny, PA)",Strip District,40.459341,-79.970625,kept,0,4.1,2.8,1.0,86;87,id
21673,CHARLES ST AT GEORGIA AVE,"Pittsburgh city (Allegheny, PA)",Knoxville,40.416498,-79.994911,kept,0,4.1,2.8,2.0,44,former_id
2183,LIBERTY AVE AT 32ND ST NS,"Pittsburgh city (Allegheny, PA)",Polish Hill,40.460087,-79.969376,kept,0,4.1,2.8,1.8,86;87,former_id
240,MCKNIGHT RD OPP NORTHLAND MEDICAL CENTER,"Ross township (Allegheny, PA)",,40.519167,-80.004758,kept,0,4.1,2.6,1.6,12;O12,id
4495,NOBLESTOWN RD AT OBEY ST,"Pittsburgh city (Allegheny, PA)",Crafton Heights,40.438135,-80.049369,kept,0,4.1,4.4,2.8,31,id
5286,WASHINGTON AVE AT ACADEMY ST,"Carnegie borough (Allegheny, PA)",,40.407432,-80.083673,kept,0,4.1,2.2,1.8,31,id
6691,BOGGS AVE AT KRAMER WAY,"Pittsburgh city (Allegheny, PA)",Mount Washington,40.424553,-80.008908,kept_nearby,86,4.1,0.6,1.8,43,id
8211,NEGLEY AVE AT RURAL ST,"Pittsburgh city (Allegheny, PA)",East Liberty,40.465544,-79.929397,kept,0,4.1,2.6,1.2,71A;87,id
8469,HOMEWOOD AVE AT THOMAS BLVD,"Pittsburgh city (Allegheny, PA)",Point Breeze North,40.451085,-79.900015,kept,0,4.1,0.6,0.2,74,id
8875,LINCOLN AVE AT #409,"Pittsburgh city (Allegheny, PA)",Larimer,40.460755,-79.911409,kept,0,4.1,3.4,1.0,82;P17,id
9453,REGIS AVE EXT OPP HOME DEPOT,"West Mifflin borough (Allegheny, PA)",,40.339571,-79.952974,kept,0,4.1,9.0,4.6,55,id
9652,HWY RT 51 AT DELCO RD,"Brentwood borough (Allegheny, PA)",,40.370796,-79.982348,kept,0,4.1,3.0,4.2,Y1;Y46;Y49,id
12070,JOHNSTON AVE AT #635,"Pittsburgh city (Allegheny, PA)",Glen Hazel,40.404871,-79.935356,kept,0,4.05,2.0,2.2,57;93,id
12116,JOHNSTON AVE AT #666,"Pittsburgh city (Allegheny, PA)",Glen Hazel,40.405465,-79.933832,kept,0,4.05,1.4,2.0,57;93,id
15084,WASHINGTON BLVD AT NEGLEY RUN BLVD FS,"Pittsburgh city (Allegheny, PA)",Larimer,40.470047,-79.908729,kept,0,4.05,0.0,0.0,P10,id
19557,CALIFORNIA AVE OPP PERROTT ST FS,"Pittsburgh city (Allegheny, PA)",Brighton Heights,40.485093,-80.041696,kept,0,4.05,5.2,3.2,13,id
20891,STANTON AVE AT HIGHLAND AVE,"Pittsburgh city (Allegheny, PA)",East Liberty,40.469698,-79.921212,kept_nearby,18,4.05,1.0,1.8,75,id
20914,CRAIG ST AT BAUM BLVD,"Pittsburgh city (Allegheny, PA)",North Oakland,40.453773,-79.953125,kept,0,4.05,3.0,2.2,93,id
21573,CHURCHVIEW AVE AT SANKEY AVE,"Pittsburgh city (Allegheny, PA)",Carrick,40.385389,-79.976615,kept_nearby,149,4.05,0.0,0.0,44,id
22106,STANTON AVE OPP HAWTHORNE ST,"Pittsburgh city (Allegheny, PA)",Stanton Heights,40.481208,-79.937323,kept,0,4.05,3.0,0.4,87,former_id
22842,CCAC WEST,"North Fayette township (Allegheny, PA)",,40.571787,-80.0369,loses_all_service,1059,4.05,4.0,0.8,O12,id
2536,AMANDA ST AT CHARLES ST,"Mount Oliver borough (Allegheny, PA)",,40.416511,-79.988087,kept,0,4.05,3.6,4.4,54,id
5423,NOBLESTOWN RD OPP #2212,"Pittsburgh city (Allegheny, PA)",Westwood,40.429879,-80.053421,kept,0,4.05,2.0,0.6,31,id
6770,GRANDVIEW AVE OPP PLYMOUTH ST,"Pittsburgh city (Allegheny, PA)",Duquesne Heights,40.438925,-80.020502,kept,0,4.05,1.2,1.6,40,id
8662,BENTLEY DR AT NIGH WAY,"Pittsburgh city (Allegheny, PA)",Terrace Village,40.440622,-79.978193,kept,0,4.05,2.8,5.2,81,id
9234,EAST LIBERTY BLVD AT EUCLID AVE,"Pittsburgh city (Allegheny, PA)",East Liberty,40.466732,-79.925108,kept,0,4.05,0.8,1.4,89,id
9297,STANTON AVE AT EUCLID AVE,"Pittsburgh city (Allegheny, PA)",Highland Park,40.4704,-79.922946,kept,0,4.05,4.2,3.6,75,id
9765,KEEPORT DR OPP YOUNGRIDGE DR,"Baldwin borough (Allegheny, PA)",,40.340929,-79.981265,kept,0,4.05,1.4,0.0,Y47,id
10583,VERSAILLES AVE AT MAPLE ST,"McKeesport city (Allegheny, PA)",,40.345531,-79.845792,kept,0,4.0,2.6,1.0,60,id
13500,OLD WILLIAM PENN HWY AT GLENWOOD DR,"Monroeville municipality (Allegheny, PA)",,40.44076,-79.745005,kept,0,4.0,0.0,0.0,67;P12,id
1386,OHIO RIVER BLVD AT BIRMINGHAM AVE STEPS,"Avalon borough (Allegheny, PA)",,40.499137,-80.071566,kept,0,4.0,1.4,1.2,14,id
14325,VERONA RD AT RIVERVIEW DR,"Penn Hills township (Allegheny, PA)",,40.497303,-79.836883,kept,0,4.0,0.0,0.0,P78,id
14363,BAUM BLVD AT GRAHAM ST,"Pittsburgh city (Allegheny, PA)",Friendship,40.457481,-79.936798,kept_nearby,102,4.0,3.8,1.8,77,id
1932,CALIFORNIA AVE OPP ANTRIM ST,"Pittsburgh city (Allegheny, PA)",Brighton Heights,40.475271,-80.039665,kept,0,4.0,1.2,2.2,13,id
20021,LONG RD AT CLEMATIS BLVD,"Penn Hills township (Allegheny, PA)",,40.464959,-79.832637,kept,0,4.0,0.0,0.0,P16,id
21348,NORTH HILLS VILLAGE AT BURLINGTON,"Ross township (Allegheny, PA)",,40.525518,-80.007163,kept,0,4.0,2.4,0.6,2,former_id
2423,BUTLER ST AT BRIDGE ST,"Etna borough (Allegheny, PA)",,40.49767,-79.943859,kept,0,4.0,0.8,0.8,2;P13,id
3197,FREEPORT RD OPP #1150,"O'Hara township (Allegheny, PA)",,40.488158,-79.879419,kept,0,4.0,3.8,0.0,1;91,id
3368,BUTLER ST OPP FREEPORT ST,"Etna borough (Allegheny, PA)",,40.496565,-79.94411,kept,0,4.0,1.4,2.8,2;P13,id
4273,W PROSPECT AVE AT ARBORDALE ST FS,"Pittsburgh city (Allegheny, PA)",Fairywood,40.446942,-80.080475,kept,0,4.0,1.6,2.8,27,id
620,WEST VIEW PLAZA FIRE LANE AT UHAUL,"West View borough (Allegheny, PA)",,40.516553,-80.036697,kept,0,4.0,8.4,3.0,13;8,id
8462,HOMEWOOD AVE AT HERMITAGE ST,"Pittsburgh city (Allegheny, PA)",Homewood North,40.46029,-79.895222,kept,0,4.0,1.0,1.8,74,id
8534,LARIMER AVE OPP WINSLOW ST,"Pittsburgh city (Allegheny, PA)",Larimer,40.465761,-79.913391,kept,0,4.0,3.4,1.0,74,id
11667,WEST ST AT 13TH AVE,"Homestead borough (Allegheny, PA)",,40.403157,-79.908461,kept,0,3.95,0.6,0.4,53;53L,id
12233,WINTERBURN AVE AT GREENFIELD AVE,"Pittsburgh city (Allegheny, PA)",Greenfield,40.426299,-79.939836,kept,0,3.95,1.8,1.6,58,id
12763,MAIN ST AT PRAEGER ST,"Sharpsburg borough (Allegheny, PA)",,40.49523,-79.937459,kept,0,3.95,3.6,3.2,1;91,id
1378,OHIO RIVER BLVD OPP PENNSYLVANIA AVE,"Emsworth borough (Allegheny, PA)",,40.511049,-80.099867,kept,0,3.95,1.0,1.0,14,id
20813,GREENTREE RD OPP VIRGINIA MANSIONS FS,"Scott township (Allegheny, PA)",,40.391559,-80.071087,kept,0,3.95,1.0,1.6,38,id
21461,SKYLINE DR AT MAPLE DR NS,"Whitehall borough (Allegheny, PA)",,40.36487,-79.964596,kept_nearby,74,3.95,5.2,4.2,Y49,id
2208,GRAND AVE OPP MAPLE LN,"Neville township (Allegheny, PA)",,40.516422,-80.14644,kept,0,3.95,1.2,1.2,21,id
7276,SOUTH AVE OPP MULBERRY ST,"Wilkinsburg borough (Allegheny, PA)",,40.44162,-79.884122,kept,0,3.95,2.2,2.2,61A;P68;P69,id
8866,LINCOLN AVE AT ARBOR ST,"Pittsburgh city (Allegheny, PA)",Lincoln-Lemington-Belmar,40.466431,-79.89777,kept,0,3.95,1.6,2.0,82;P17,id
11118,WHITAKER ST OPP OAK ST,"Whitaker borough (Allegheny, PA)",,40.40029,-79.886927,kept,0,3.9,3.0,1.4,52L;59,id
12111,JOHNSTON AVE OPP GERTRUDE ST,"Pittsburgh city (Allegheny, PA)",Hazelwood,40.406496,-79.941243,kept,0,3.9,4.0,1.6,57;93,id
13517,MALL BLVD AT JO ANN FABRIC,"Monroeville municipality (Allegheny, PA)",,40.433785,-79.78878,kept,0,3.9,3.6,1.4,67,id
16845,BENTLEY DR AT BURROWS ST,"Pittsburgh city (Allegheny, PA)",Terrace Village,40.439823,-79.970364,kept,0,3.9,1.6,0.8,81,id
17521,EVANS ST AT MCKEESPORT HOSPITAL MAIN ENTRA,"McKeesport city (Allegheny, PA)",,40.351476,-79.850446,kept,0,3.9,2.0,0.6,60,id
18790,5TH AVE AT CHESTNUT ST FS,"Coraopolis borough (Allegheny, PA)",,40.515573,-80.159382,kept,0,3.9,1.6,1.0,21,id
18906,BRYN MAWR RD AT CENTRE AVE,"Pittsburgh city (Allegheny, PA)",Upper Hill,40.44927,-79.957618,kept,0,3.9,0.8,1.8,83,id
20087,ALLEGHENY AVE OPP COLLEGE AVE,"Oakmont borough (Allegheny, PA)",,40.514127,-79.843616,kept,0,3.9,0.0,0.0,P78,id
20917,MCKEES ROCKS RD OPP HECKEL RD,"Kennedy township (Allegheny, PA)",,40.47065,-80.091388,kept,0,3.9,2.0,0.4,24,id
21331,BUTLER ST AT CENTER ST,"Etna borough (Allegheny, PA)",,40.495299,-79.945457,kept,0,3.9,3.4,2.6,1;2;P13,former_id
4054,CAROTHERS AVE AT CREEK AVE,"Scott township (Allegheny, PA)",,40.40171,-80.088397,loses_all_service,450,3.9,0.0,0.0,G31,id
5097,STEUBEN ST AT DUNCAN AVE,"Crafton borough (Allegheny, PA)",,40.439527,-80.075901,kept,0,3.9,2.8,0.6,29,id
6659,GRANDVIEW AVE AT PLYMOUTH ST,"Pittsburgh city (Allegheny, PA)",Duquesne Heights,40.438881,-80.020553,kept,0,3.9,6.6,2.4,40,id
7609,LAKETON RD AT TURNER AVE,"Wilkinsburg borough (Allegheny, PA)",,40.452656,-79.860324,kept,0,3.9,0.0,0.0,P78,id
8078,JAMES ST AT BOONE DR,"Turtle Creek borough (Allegheny, PA)",,40.414924,-79.815784,kept,0,3.9,2.6,1.2,P68,id
8444,LEMINGTON AVE AT LINCOLN AVE,"Pittsburgh city (Allegheny, PA)",Lincoln-Lemington-Belmar,40.468713,-79.895957,kept,0,3.9,1.0,1.4,74,id
8509,BIGELOW ST AT TESLA ST,"Pittsburgh city (Allegheny, PA)",Greenfield,40.419436,-79.935958,kept,0,3.9,0.0,0.0,58,id
9301,STANTON AVE AT HETHS AVE,"Pittsburgh city (Allegheny, PA)",Morningside,40.472427,-79.928469,kept,0,3.9,4.6,0.8,75;87,id
12595,FREEPORT RD AT #1150,"O'Hara township (Allegheny, PA)",,40.488047,-79.879415,kept,0,3.86,1.6,0.4,1,id
12670,PITTSBURGH ST AT MURTLAND ST,"Springdale borough (Allegheny, PA)",,40.54113,-79.782293,kept,0,3.86,2.6,1.8,1;P10,id
12792,PITTSBURGH ST AT HIGHLAND AVE FS,"Cheswick borough (Allegheny, PA)",,40.541445,-79.799743,kept,0,3.86,2.4,1.4,1;P10,id
15886,KATHLEEN ST AT HARWOOD ST,"Pittsburgh city (Allegheny, PA)",Mount Washington,40.42545,-80.004162,loses_all_service,432,3.86,2.0,1.4,43,id
15887,KATHLEEN ST AT HABERMAN AVE,"Pittsburgh city (Allegheny, PA)",Mount Washington,40.425539,-80.002824,loses_all_service,449,3.86,2.4,1.0,43,id
16014,EAST BUSWAY AT HAY ST RAMP INBOUND SHELTER,"Wilkinsburg borough (Allegheny, PA)",,40.443528,-79.886976,kept,0,3.86,3.4,4.0,71C;P12;P68;P69;P7;P76,id
17389,MCKNIGHT RD AT IVORY AVE RAMP FS,"Ross township (Allegheny, PA)",,40.499126,-80.012829,kept,0,3.86,1.6,0.6,12;O12,id
18197,WALNUT ST AT 7TH AVE FS,"McKeesport city (Allegheny, PA)",,40.348921,-79.864565,kept,0,3.86,3.2,1.0,60,id
19225,STEUBEN ST OPP STRATMORE ST,"Ingram borough (Allegheny, PA)",,40.443201,-80.057846,kept,0,3.86,1.4,2.8,29,id
19242,WASHINGTON AVE OPP LINCOLN AVE FS,"Carnegie borough (Allegheny, PA)",,40.404541,-80.083564,kept,0,3.86,2.8,2.6,31,id
21543,SPENCER AVE AT WATERMAN AVE FS,"Pittsburgh city (Allegheny, PA)",Carrick,40.391474,-79.976357,loses_all_service,664,3.86,0.0,0.0,44,id
21642,HAWKINS AVE AT #552,"North Braddock borough (Allegheny, PA)",,40.406967,-79.863914,kept,0,3.86,2.8,1.0,61A,former_id
2327,ISLAND AVE OPP TUNNEL WAY,"Stowe township (Allegheny, PA)",,40.477109,-80.066138,kept,0,3.86,2.0,1.8,21,id
2652,S 18TH ST OPP JOSEPHINE ST,"Pittsburgh city (Allegheny, PA)",South Side Slopes,40.424843,-79.979924,kept,0,3.86,2.2,1.6,51;54,id
3304,FREEPORT RD OPP WESTERN AVE,"Aspinwall borough (Allegheny, PA)",,40.490614,-79.907452,kept,0,3.86,3.2,3.6,1;75;91,id
4552,COCHRAN RD AT ALTOONA PL,"Mount Lebanon township (Allegheny, PA)",,40.382581,-80.052309,kept,0,3.86,0.2,0.8,36,id
4749,BOWER HILL RD AT LONGRIDGE DR,"Mount Lebanon township (Allegheny, PA)",,40.381925,-80.05802,kept,0,3.86,2.2,1.0,41,id
4873,ARLINGTON AVE AT JULIA ST,"Pittsburgh city (Allegheny, PA)",South Side Slopes,40.417974,-79.978534,kept,0,3.86,4.4,2.4,48,id
7130,FORBES AVE AT DALLAS AVE,"Pittsburgh city (Allegheny, PA)",Squirrel Hill South,40.437994,-79.913232,kept,0,3.86,2.2,3.0,61A;61B,id
8297,HAMILTON AVE AT HALE ST,"Pittsburgh city (Allegheny, PA)",Homewood South,40.452376,-79.887422,kept,0,3.86,2.4,1.8,71D,id
8327,HAMILTON AVE AT LANG AVE,"Pittsburgh city (Allegheny, PA)",Homewood South,40.455104,-79.899767,kept,0,3.86,3.0,0.4,71D,id
8470,HOMEWOOD AVE AT PENN AVE,"Pittsburgh city (Allegheny, PA)",Point Breeze North,40.449375,-79.901241,kept,0,3.86,1.8,1.6,74,id
9326,BUTLER ST AT 54TH ST,"Pittsburgh city (Allegheny, PA)",Upper Lawrenceville,40.482786,-79.951281,kept,0,3.86,1.6,2.2,87;91;93,id
10889,DUQUESNE BLVD OPP FAIRMONT AVE,"Duquesne city (Allegheny, PA)",,40.382068,-79.856386,kept,0,3.81,2.0,1.4,59;61C;P7,id
11548,CHURCHVIEW AVE OPP SANKEY AVE,"Pittsburgh city (Allegheny, PA)",Carrick,40.385387,-79.976336,loses_all_service,168,3.81,0.0,0.0,44,id
14921,LONG RD AT PARIS RD,"Penn Hills township (Allegheny, PA)",,40.459087,-79.833998,kept,0,3.81,0.0,0.0,P16,id
18331,PITTSBURGH ST AT COLFAX ST FS,"Springdale borough (Allegheny, PA)",,40.541027,-79.784225,kept,0,3.81,1.6,4.6,1;P10,id
20184,LOWRIE ST AT LEY ST,"Pittsburgh city (Allegheny, PA)",Troy Hill,40.464635,-79.982009,kept,0,3.81,4.0,2.6,4,id
20582,EAST PITTSBURGH-MCKEESPORT BLV OPP THE LANE,"North Versailles township (Allegheny, PA)",,40.37143,-79.828428,kept,0,3.81,3.0,1.4,55,id
20849,MONONGAHELA BLVD OPP #1224,"Whitaker borough (Allegheny, PA)",,40.405892,-79.886232,kept,0,3.81,2.2,1.8,59;61C,id
21443,CALIFORNIA AVE AT FORSYTHE ST,"Pittsburgh city (Allegheny, PA)",Marshall-Shadeland,40.470636,-80.036096,kept,0,3.81,4.0,2.8,13,former_id
2359,4TH AVE AT CORAOPOLIS BRIDGE FS,"Coraopolis borough (Allegheny, PA)",,40.514756,-80.153921,kept,0,3.81,3.0,1.8,21,id
2746,TROY HILL RD AT GOETTMANN ST,"Pittsburgh city (Allegheny, PA)",Troy Hill,40.459788,-79.985873,kept,0,3.81,1.8,1.2,4,id
3265,HIGHLAND AVE AT ALDER ST,"Pittsburgh city (Allegheny, PA)",Shadyside,40.45707,-79.92516,kept,0,3.81,2.0,0.8,71B,id
4132,STEUBEN ST AT LINHART ST,"Pittsburgh city (Allegheny, PA)",Elliott,40.441326,-80.037478,kept,0,3.81,2.4,2.6,26;27;29,id
4553,COCHRAN RD AT NAVATO PL,"Mount Lebanon township (Allegheny, PA)",,40.384008,-80.052804,kept,0,3.81,1.8,0.2,36,id
6081,PIONEER AVE AT BELLAIRE AVE,"Pittsburgh city (Allegheny, PA)",Brookline,40.397164,-80.023215,kept,0,3.81,0.6,0.2,39,id
6090,PIONEER AVE OPP STETSON ST,"Pittsburgh city (Allegheny, PA)",Brookline,40.405443,-80.01505,kept,0,3.81,1.2,1.0,39,id
618,WEST VIEW PARK DR AT WEST VIEW TOWERS,"West View borough (Allegheny, PA)",,40.516986,-80.033418,kept,0,3.81,4.4,1.8,13;8,id
834,PERRYSVILLE AVE AT #1923,"Pittsburgh city (Allegheny, PA)",Perry South,40.461448,-80.013643,kept,0,3.81,2.4,2.0,11;8,id
1624,LINCOLN AVE AT KESWICK AVE,"Bellevue borough (Allegheny, PA)",,40.489931,-80.047678,kept,0,3.76,4.6,3.4,13;16,id
18341,PITTSBURGH ST AT MURRAYHILL AVE FS,"Cheswick borough (Allegheny, PA)",,40.540986,-79.795585,kept,0,3.76,3.0,0.4,1;P10,id
2210,GRAND AVE AT GIBSON LN,"Neville township (Allegheny, PA)",,40.515178,-80.142507,kept,0,3.76,2.6,3.4,21,id
293,CORBETT CT AT CLUB JULIAN SPA,"Ross township (Allegheny, PA)",,40.548188,-80.020068,kept,0,3.76,1.6,1.2,12;2,id
8449,PAULSON AVE AT DEAN ST,"Pittsburgh city (Allegheny, PA)",Lincoln-Lemington-Belmar,40.468037,-79.903493,kept,0,3.76,4.0,1.0,74,id
9899,5TH AVE AT PIRL ST,"McKeesport city (Allegheny, PA)",,40.353135,-79.844256,kept,0,3.76,0.4,0.6,56;60,id
11677,GRANT AVE AT 4TH ST FS,"Duquesne city (Allegheny, PA)",,40.372631,-79.849411,kept,0,3.71,1.4,1.0,52L;59,id
17432,JEFFERSON DR AT MCCOY RD,"Stowe township (Allegheny, PA)",,40.479716,-80.078489,kept,0,3.71,1.4,1.8,22,id
18292,OHIO RIVER BLVD AT RIVERVIEW AVE FS,"Bellevue borough (Allegheny, PA)",,40.491826,-80.061352,kept,0,3.71,3.0,3.6,14,id
18691,MCKNIGHT RD AT PATRICK PL FS,"Ross township (Allegheny, PA)",,40.537692,-80.011168,kept,0,3.71,3.8,4.4,12;2;O12,id
19131,WM PENN HWY AT GRAHAM BLVD FS,"Wilkinsburg borough (Allegheny, PA)",,40.445121,-79.859072,kept,0,3.71,2.2,1.0,67;P16;P67,id
19303,BOGGS AVE AT SOFFEL ST,"Pittsburgh city (Allegheny, PA)",Mount Washington,40.419551,-80.011432,loses_all_service,155,3.71,2.2,1.0,43,id
20089,ROBINSON BLVD AT EAST GATE ENTRANCE FS,"Penn Hills township (Allegheny, PA)",,40.459227,-79.866044,kept,0,3.71,3.6,1.2,79;P17,id
20781,31ST ST BRIDGE RAMP AT RIALTO ST,"Pittsburgh city (Allegheny, PA)",Troy Hill,40.46491,-79.979896,kept,0,3.71,1.4,1.6,1;2,id
21182,MIFFLIN RD AT MCBRIDE AVE NS,"Pittsburgh city (Allegheny, PA)",Lincoln Place,40.369216,-79.910308,kept,0,3.71,0.6,0.0,53;53L;56,former_id
22006,PARK HILL DR AT #2350,"Pittsburgh city (Allegheny, PA)",East Hills,40.455514,-79.874152,kept,0,3.71,2.4,0.8,79;P17,former_id
3306,FREEPORT RD OPP EASTERN AVE,"Aspinwall borough (Allegheny, PA)",,40.48948,-79.903626,kept,0,3.71,1.4,1.2,1;75;91,id
6282,BOWER HILL RD AT PARKVIEW DR,"Mount Lebanon township (Allegheny, PA)",,40.37976,-80.063136,kept,0,3.71,0.2,0.2,41,id
6286,BOWER HILL RD OPP RALSTON PL,"Mount Lebanon township (Allegheny, PA)",,40.386325,-80.047861,loses_all_service,312,3.71,1.4,1.0,38;41,id
7376,EDGEWOOD TOWNE CENTRE AT DOLLAR TREE,"Edgewood borough (Allegheny, PA)",,40.427403,-79.886398,kept,0,3.71,0.0,0.0,71;P71,id
8062,SOUTH AVE AT COAL ST,"Wilkinsburg borough (Allegheny, PA)",,40.440284,-79.880105,kept,0,3.71,3.6,4.2,P68;P69,id
8286,WOOD ST AT SOUTH AVE,"Wilkinsburg borough (Allegheny, PA)",,40.441975,-79.885658,kept_nearby,26,3.71,2.6,2.2,61A;71;P71,id
8326,HAMILTON AVE AT MURTLAND ST,"Pittsburgh city (Allegheny, PA)",Homewood West,40.455692,-79.902364,kept,0,3.71,1.6,0.0,71D,id
877,PERRYSVILLE AVE AT #1664,"Pittsburgh city (Allegheny, PA)",Perry South,40.461227,-80.009012,kept,0,3.71,1.4,2.0,8,id
8789,CENTRE AVE OPP #5743,"Pittsburgh city (Allegheny, PA)",Shadyside,40.457802,-79.932084,kept,0,3.71,2.4,1.6,82;86,id
11686,KENNEDY AVE AT MIFFLIN ST,"Duquesne city (Allegheny, PA)",,40.366181,-79.857698,kept,0,3.67,2.0,3.2,52L;59,id
12038,LEBANON CHURCH RD AT CAMP HOLLOW RD,"West Mifflin borough (Allegheny, PA)",,40.350181,-79.927704,kept,0,3.67,0.0,0.0,59,id
13521,MCCRADY RD AT BEULAH CHURCH PARK AND RIDE,"Churchill borough (Allegheny, PA)",,40.446281,-79.846642,kept,0,3.67,0.2,0.6,67;P67,id
15548,MT ROYAL BLVD OPP HAMPTON AVE,"Hampton township (Allegheny, PA)",,40.554467,-79.971234,kept,0,3.67,0.6,1.2,2;P13,id
18684,MCKNIGHT RD AT SIEBERT RD NS,"Ross township (Allegheny, PA)",,40.531118,-80.010346,kept,0,3.67,0.8,1.4,12;2;O12,id
18787,5TH AVE AT THORN HOLLOW RD FS - THORN RUN,"Moon township (Allegheny, PA)",,40.522403,-80.176507,kept,0,3.67,1.2,0.4,21,id
20476,CHARTIERS AVE OPP FURMAN WAY FS,"Pittsburgh city (Allegheny, PA)",Sheraden,40.453786,-80.064506,kept,0,3.67,2.0,3.0,26,id
21458,PARKLINE DR AT #1620,"Whitehall borough (Allegheny, PA)",,40.366759,-79.967672,kept,0,3.67,4.4,4.8,Y49,id
22618,BRINTON RD OPP BRINTON MANOR DR W,"Braddock Hills borough (Allegheny, PA)",,40.537069,-80.184008,loses_all_service,457,3.67,2.2,0.4,21,id
22709,CHERRINGTON PKWY OPP #1000 (EATON),"Moon township (Allegheny, PA)",,40.30752,-79.887519,kept,0,3.67,0.0,0.0,55,id
22734,NORTHERN PIKE AT MOSSIDE BLVD FS,"Monroeville municipality (Allegheny, PA)",,40.513364,-80.095212,kept,0,3.67,3.0,1.8,19L,id
2680,MICHIGAN ST AT BERND ST,"Pittsburgh city (Allegheny, PA)",Beltzhoover,40.415983,-79.998057,kept_nearby,91,3.67,2.8,2.2,54,id
3647,BROADWAY AVE AT 3RD ST,"McKees Rocks borough (Allegheny, PA)",,40.467451,-80.066959,kept,0,3.67,2.4,2.8,24,id
7029,ARLINGTON AVE AT WARRINGTON AVE,"Pittsburgh city (Allegheny, PA)",Allentown,40.421958,-79.992244,kept,0,3.67,3.6,1.4,43,id
7289,SWISSVALE AVE AT REBECCA AVE,"Wilkinsburg borough (Allegheny, PA)",,40.438319,-79.87957,kept,0,3.67,2.0,0.8,61A,id
7799,WESTINGHOUSE AVE AT COMMERCE ST,"Wilmerding borough (Allegheny, PA)",,40.392745,-79.809774,kept,0,3.67,1.0,1.2,69,id
8797,LINCOLN AVE AT SHETLAND ST,"Pittsburgh city (Allegheny, PA)",Larimer,40.461543,-79.908014,kept,0,3.67,2.8,2.2,82;P17,id
8909,WOOD ST AT MOOSEHEART ST,"Wilkinsburg borough (Allegheny, PA)",,40.448847,-79.883969,kept,0,3.67,1.0,3.4,71D;86,id
9596,HWY RT 51 OPP CLOVERLEAF TOWERS,"Baldwin borough (Allegheny, PA)",,40.342102,-79.966751,kept,0,3.67,1.6,2.8,51;Y1;Y46,id
9916,LYSLE BLVD AT CENTER ST,"McKeesport city (Allegheny, PA)",,40.352478,-79.853088,kept,0,3.67,4.0,2.4,55;56;59;60;61C;P7,id
12089,SECOND AVE OPP TECHNOLOGY DR,"Pittsburgh city (Allegheny, PA)",South Oakland,40.434051,-79.965084,kept,0,3.62,0.0,0.0,56;57;58,id
12159,BALDWIN RD AT GLASS RUN RD,"Pittsburgh city (Allegheny, PA)",Hays,40.389287,-79.932646,kept,0,3.62,0.2,0.6,56,id
12163,SECOND AVE AT MANSION ST,"Pittsburgh city (Allegheny, PA)",Hazelwood,40.403622,-79.942219,kept,0,3.62,1.6,2.0,56,id
1273,FREMONT AVE AT TEECE AVE,"Bellevue borough (Allegheny, PA)",,40.495795,-80.05168,kept,0,3.62,3.0,1.0,13,id
17347,VILLAGE DR AT SOUTH HILLS VILLAGE PARKING GA,"Bethel Park municipality (Allegheny, PA)",,40.340025,-80.0538,kept_nearby,89,3.62,0.8,2.4,36,id
20107,LAKETON RD OPP COLLINS RD,"Wilkinsburg borough (Allegheny, PA)",,40.453568,-79.859013,kept,0,3.62,0.0,0.0,P78,id
2825,CHESTNUT ST AT TRIPOLI ST FS,"Pittsburgh city (Allegheny, PA)",East Allegheny,40.456806,-79.995168,kept,0,3.62,1.6,0.8,6;7,id
3905,WASHINGTON AVE AT HOPE ST,"Scott township (Allegheny, PA)",,40.396637,-80.084938,kept,0,3.62,2.4,0.6,31,id
3906,WASHINGTON AVE OPP MARSHALL AVE,"Carnegie borough (Allegheny, PA)",,40.399678,-80.082669,kept,0,3.62,2.2,1.0,31,id
4104,CHARTIERS AVE OPP CORLISS ST,"Pittsburgh city (Allegheny, PA)",Crafton Heights,40.450483,-80.045619,kept,0,3.62,0.2,0.0,26,id
4389,CLEVER RD AT SILVER LN FS,"Robinson township (Allegheny, PA)",,40.465961,-80.136438,kept,0,3.62,1.6,2.2,24,id
6839,SOUTH BUSWAY AT INGLEWOOD SHELTER,"Pittsburgh city (Allegheny, PA)",Overbrook,40.38761,-79.997069,kept,0,3.62,1.2,0.4,Y1;Y45;Y46;Y47;Y49,id
7255,HARRIET ST OPP BLDG #2,"Rankin borough (Allegheny, PA)",,40.413944,-79.883782,kept,0,3.62,2.4,3.6,59;61B;71;P71,id
8254,ELLSWORTH AVE OPP CLYDE ST,"Pittsburgh city (Allegheny, PA)",Shadyside,40.448918,-79.946762,kept,0,3.62,2.6,1.2,75,id
8291,WOOD ST OPP HOLMES ST,"Wilkinsburg borough (Allegheny, PA)",,40.446995,-79.883496,kept,0,3.62,2.8,4.2,71D;86,id
12112,JOHNSTON AVE AT GLENWOOD AVE,"Pittsburgh city (Allegheny, PA)",Hazelwood,40.406469,-79.939846,kept,0,3.57,4.4,4.6,57;93,id
12773,MAIN ST OPP 17TH ST,"Sharpsburg borough (Allegheny, PA)",,40.494693,-79.923436,kept,0,3.57,3.8,2.6,1;91,id
1338,MERCHANT ST OPP VALLEY RD,"Ambridge borough (Beaver, PA)",,40.579876,-80.221603,kept,0,3.57,4.0,1.8,14,id
1630,LINCOLN AVE AT BALPH AVE,"Bellevue borough (Allegheny, PA)",,40.495525,-80.055405,kept,0,3.57,2.8,0.6,16;19L,id
16560,ALLEGHENY AVE AT WASHINGTON AVE,"Oakmont borough (Allegheny, PA)",,40.51638,-79.843348,kept,0,3.57,0.0,0.0,P78,id
18509,SOUTH AVE AT ELVIA WAY FS,"Wilkinsburg borough (Allegheny, PA)",,40.439024,-79.876324,kept,0,3.57,0.8,0.0,69;P68;P69,id
1868,SHADELAND AVE AT DICKSON ST,"Pittsburgh city (Allegheny, PA)",Marshall-Shadeland,40.469712,-80.030243,kept,0,3.57,0.0,1.6,17,id
21727,CENTRE AVE AT ARTHUR ST,"Pittsburgh city (Allegheny, PA)",Crawford-Roberts,40.442032,-79.983747,kept,0,3.57,1.2,3.2,82,id
2578,MILLVALE AVE AT MOREWOOD AVE,"Pittsburgh city (Allegheny, PA)",Bloomfield,40.455914,-79.947573,kept,0,3.57,2.2,1.2,54,id
2880,SPRING GARDEN AVE AT ARCOLA WAY,"Pittsburgh city (Allegheny, PA)",Spring Garden,40.460169,-79.991527,kept,0,3.57,0.0,0.0,7,id
3347,MT ROYAL BLVD AT CAMPBELL PL,"Shaler township (Allegheny, PA)",,40.526573,-79.963528,kept,0,3.57,0.0,0.0,2;P13,id
7032,LINDEN AVE AT SR CITIZEN APTS,"East Pittsburgh borough (Allegheny, PA)",,40.398736,-79.83666,loses_all_service,306,3.57,1.8,3.0,59;P68,id
7626,PENN AVE OPP WEST ST,"Wilkinsburg borough (Allegheny, PA)",,40.445175,-79.889183,kept,0,3.57,0.6,2.0,67;69,id
8333,HAMILTON AVE AT BRUSHTON AVE,"Pittsburgh city (Allegheny, PA)",Homewood South,40.452728,-79.889339,kept,0,3.57,3.6,3.4,71D,id
10582,VERSAILLES AVE OPP HAMILTON ST,"McKeesport city (Allegheny, PA)",,40.345428,-79.844212,kept,0,3.52,2.0,0.6,60,id
10989,2ND ST AT KENNEDY AVE FS,"Duquesne city (Allegheny, PA)",,40.371967,-79.846542,kept,0,3.52,2.4,4.2,61C,id
11101,SHADY AVE AT WILKINS AVE,"Pittsburgh city (Allegheny, PA)",Squirrel Hill North,40.444057,-79.920635,kept,0,3.52,4.8,2.8,64,id
11623,INTERBORO AVE AT LEASIDE DR #2,"Pittsburgh city (Allegheny, PA)",Lincoln Place,40.371988,-79.912347,kept,0,3.52,0.4,0.0,53;53L,id
12032,BUTTERMILK HOLLOW RD AT NAUGLE ST,"Pittsburgh city (Allegheny, PA)",Lincoln Place,40.364657,-79.908165,kept,0,3.52,1.8,1.0,53;53L;56,id
16233,EAST PITTSBURGH-MCKEESPORT BLV AT THE LANE,"North Versailles township (Allegheny, PA)",,40.371262,-79.828348,kept,0,3.52,2.0,2.4,55,id
18411,KENNEDY AVE AT 4TH ST,"Duquesne city (Allegheny, PA)",,40.37148,-79.848341,kept,0,3.52,1.2,0.6,59,id
18988,STRANAHAN ST AT OBERLIN ST,"Pittsburgh city (Allegheny, PA)",Homewood North,40.461688,-79.889936,kept,0,3.52,4.0,0.6,74,id
19592,GREENTREE RD AT ARLA DR FS,"Scott township (Allegheny, PA)",,40.403529,-80.058299,kept,0,3.52,2.4,5.2,38,id
20431,4TH AVE AT HAWKINS AVE,"Rankin borough (Allegheny, PA)",,40.413128,-79.880485,kept_nearby,135,3.52,1.6,1.4,59;71;P71,id
20673,EAST OHIO ST AT HEINZ ST,"Pittsburgh city (Allegheny, PA)",Troy Hill,40.455233,-79.992771,kept,0,3.52,4.2,1.8,1;2,id
20726,LEWIS RUN RD OPP SOUTHWESTERN HEALTH CENTER,"Jefferson Hills borough (Allegheny, PA)",,40.328626,-79.938183,kept,0,3.52,1.0,1.8,55,id
21244,REED ST AT ELMORE ST,"Pittsburgh city (Allegheny, PA)",Terrace Village,40.442177,-79.978467,kept,0,3.52,1.6,2.6,81,id
22674,THE BLOCK NORTHWAY DR AT DAVE AND BUSTERS,"Ross township (Allegheny, PA)",,40.391797,-79.809766,kept,0,3.52,1.2,1.6,69,id
22809,BEDFORD AVE AT LOGAN ST,"Pittsburgh city (Allegheny, PA)",Crawford-Roberts,40.442638,-79.99097,kept_nearby,89,3.52,1.8,1.4,81;82;83;O1;O12;O5,former_id
2415,BUTLER ST AT 37TH ST,"Pittsburgh city (Allegheny, PA)",Lower Lawrenceville,40.466091,-79.964775,kept,0,3.52,4.6,1.8,91,id
4197,ALLENDALE CIR AT #3728,"Pittsburgh city (Allegheny, PA)",Sheraden,40.459545,-80.062821,kept,0,3.52,1.4,0.6,26,id
4303,BROADHEAD-FORDING RD OPP VILLAGE RD #2,"Pittsburgh city (Allegheny, PA)",Fairywood,40.449926,-80.080572,kept,0,3.52,3.4,0.8,27,id
6665,LABELLE ST AT VIRGINIA AVE,"Pittsburgh city (Allegheny, PA)",Mount Washington,40.432235,-80.016524,kept,0,3.52,1.0,0.8,40,id
7137,KELLY AVE AT TRENTON AVE,"Wilkinsburg borough (Allegheny, PA)",,40.441217,-79.892502,kept,0,3.52,1.8,2.0,61A;71;P71,id
7413,BRINTON AVE AT PALLAS ST,"North Braddock borough (Allegheny, PA)",,40.405807,-79.844196,kept,0,3.52,2.8,0.8,P68,id
8466,HOMEWOOD AVE AT KELLY ST,"Pittsburgh city (Allegheny, PA)",Homewood South,40.455679,-79.897008,kept,0,3.52,1.0,0.0,74,id
99974,DAWN,"Pittsburgh city (Allegheny, PA)",Beechview,40.412945,-80.010848,kept,0,3.52,2.2,3.6,RED,id
11715,GREENSPRINGS AVE AT BOROUGH PARKING LOT,"West Mifflin borough (Allegheny, PA)",,40.391844,-79.884638,kept,0,3.48,0.0,0.0,52L,id
13502,OLD WILLIAM PENN HWY AT BAYHILL DR,"Monroeville municipality (Allegheny, PA)",,40.441806,-79.749807,kept,0,3.48,0.0,0.0,67;P12,id
13569,HWY RT 286 AT PRESQUE ISLE DR,"Plum borough (Allegheny, PA)",,40.463731,-79.705538,kept,0,3.48,0.0,0.0,P12,id
1475,BEAVER ST OPP SPENCER ST,"Leetsdale borough (Allegheny, PA)",,40.564936,-80.206919,kept,0,3.48,4.6,1.8,14,id
17313,WOODSTOCK AVE AT #2690,"Swissvale borough (Allegheny, PA)",,40.414304,-79.872838,kept,0,3.48,1.0,0.8,59;61A,id
18643,WILSON AVE AT N CHARLES ST FS,"Pittsburgh city (Allegheny, PA)",Perry South,40.46895,-80.01418,kept,0,3.48,1.2,2.0,11,id
3367,BUTLER ST AT HIGH ST,"Etna borough (Allegheny, PA)",,40.497897,-79.943953,kept,0,3.48,0.2,0.4,2;P13,id
3575,HELEN ST AT CATHERINE ST,"McKees Rocks borough (Allegheny, PA)",,40.472643,-80.056236,kept,0,3.48,1.4,1.2,22,id
6411,BOWER HILL RD AT N MEADOWCROFT AVE,"Mount Lebanon township (Allegheny, PA)",,40.386734,-80.045844,loses_all_service,180,3.48,2.8,1.6,38;41,id
7075,COAL ST OPP HUTCHINSON AVE,"Edgewood borough (Allegheny, PA)",,40.435203,-79.883112,kept_nearby,43,3.48,2.2,1.8,61A,id
7135,PEEBLES ST OPP FORBES AVE,"Wilkinsburg borough (Allegheny, PA)",,40.439758,-79.894652,kept,0,3.48,1.8,0.4,61A;71;P71,id
7414,PALLAS ST AT WOLFE AVE,"North Braddock borough (Allegheny, PA)",,40.405784,-79.845291,kept,0,3.48,2.6,2.8,P68,id
7808,ARDMORE BLVD AT BRINTON RD,"Wilkinsburg borough (Allegheny, PA)",,40.43563,-79.871733,kept,0,3.48,1.2,2.8,69;P68;P69;P76,id
7900,PENN AVE AT FINDLEY DR EAST,"Wilkinsburg borough (Allegheny, PA)",,40.444409,-79.863172,kept,0,3.48,2.8,0.8,67;P16;P67,id
8210,NEGLEY AVE AT BROAD ST FS,"Pittsburgh city (Allegheny, PA)",East Liberty,40.464592,-79.929957,kept,0,3.48,2.2,2.4,71A;87,id
8668,KIRKPATRICK ST AT CENTRE AVE,"Pittsburgh city (Allegheny, PA)",Middle Hill,40.445153,-79.976067,kept,0,3.48,1.2,1.6,81,id
11639,MAIN ST AT LEA ST,"Munhall borough (Allegheny, PA)",,40.392385,-79.900231,kept,0,3.43,1.0,1.0,53;53L,id
1313,FOREST AVE OPP #550,"Bellevue borough (Allegheny, PA)",,40.500908,-80.054315,kept,0,3.43,1.8,2.6,13,id
1422,OHIO RIVER BLVD AT KENDALL AVE,"Bellevue borough (Allegheny, PA)",,40.486275,-80.053883,kept,0,3.43,0.8,1.2,14;19L,id
15659,FORBES AVE AT SCHENLEY DR (GOLF COURSE),"Pittsburgh city (Allegheny, PA)",Squirrel Hill North,40.437974,-79.933358,kept,0,3.43,4.0,0.0,61A;61B;61C;61D,id
15842,GRANDVIEW AVE AT #1209 (DUQUESNE INCLINE),"Pittsburgh city (Allegheny, PA)",Duquesne Heights,40.438188,-80.018936,kept,0,3.43,2.8,1.4,40,id
19510,FREEDOM AVE AT CREEDMORE AVE FS,"Pittsburgh city (Allegheny, PA)",Brookline,40.389035,-80.011747,loses_all_service,291,3.43,0.0,0.4,39,id
20047,LARIMER AVE AT MEADOW ST,"Pittsburgh city (Allegheny, PA)",Larimer,40.46535,-79.914442,kept,0,3.43,1.8,0.0,74,id
21542,SPENCER AVE AT STEINER ST,"Pittsburgh city (Allegheny, PA)",Carrick,40.389273,-79.976197,loses_all_service,444,3.43,0.0,0.0,44,id
22774,CHARTIERS AVE AT ST JOHN ST,"McKees Rocks borough (Allegheny, PA)",,40.371736,-79.852579,kept,0,3.43,2.2,1.6,52L,id
2748,TROY HILL RD AT VINIAL ST,"Pittsburgh city (Allegheny, PA)",Troy Hill,40.456887,-79.991086,kept,0,3.43,2.4,0.0,4,id
289,BROWNS LN AT MCKNIGHT RD FS,"Ross township (Allegheny, PA)",,40.545836,-80.017418,kept,0,3.43,5.0,1.2,12;2,id
3556,RIVER AVE AT W CARSON ST NS,"McKees Rocks borough (Allegheny, PA)",,40.465422,-80.053341,kept,0,3.43,2.2,1.2,22,id
4255,STEUBEN ST AT RINGGOLD ST FS,"Pittsburgh city (Allegheny, PA)",Crafton Heights,40.442395,-80.050716,kept,0,3.43,1.2,0.8,27;29,id
5110,STEUBENVILLE PIKE OPP WEST WAY SHOPPES,"Robinson township (Allegheny, PA)",,40.44441,-80.145989,kept,0,3.43,3.6,1.6,24;29,id
8329,HAMILTON AVE OPP STERRETT ST,"Pittsburgh city (Allegheny, PA)",Homewood South,40.454076,-79.895263,kept,0,3.43,1.4,0.4,71D,id
8379,HOMEWOOD AVE AT KELLY ST,"Pittsburgh city (Allegheny, PA)",Homewood South,40.455404,-79.897035,kept,0,3.43,1.2,0.2,74,id
8421,WARDSONS ST AT LEMINGTON AVE,"Pittsburgh city (Allegheny, PA)",Lincoln-Lemington-Belmar,40.471498,-79.898132,loses_all_service,181,3.43,2.4,0.0,74,id
11105,WHITAKER WAY AT SCHWAB AVE,"Munhall borough (Allegheny, PA)",,40.401897,-79.888633,kept,0,3.38,2.2,1.6,52L;59,id
18191,WALNUT ST AT 13TH AVE FS,"McKeesport city (Allegheny, PA)",,40.342769,-79.862416,kept_nearby,36,3.38,3.0,0.6,60,id
18647,BOWER HILL RD AT SOMERVILLE DR FS,"Scott township (Allegheny, PA)",,40.371477,-80.079587,kept,0,3.38,1.0,2.4,41,id
19437,LINCOLN AVE OPP ATWELL ST,"Pittsburgh city (Allegheny, PA)",Lincoln-Lemington-Belmar,40.463157,-79.90465,kept,0,3.38,1.8,3.2,82;P17,id
19506,PIONEER AVE AT CRYSLER ST FS,"Pittsburgh city (Allegheny, PA)",Brookline,40.403374,-80.015534,kept,0,3.38,0.6,0.2,39,id
19855,CALIFORNIA AVE AT FAIRLEE ST FS,"Pittsburgh city (Allegheny, PA)",Brighton Heights,40.478956,-80.040802,kept,0,3.38,1.4,0.4,13,id
20812,GREENTREE RD AT GREENBRIAR DR,"Scott township (Allegheny, PA)",,40.396871,-80.065896,kept,0,3.38,2.0,1.4,38,id
20842,CRAWFORD VILLAGE PL AT GRANDVIEW AVE,"McKeesport city (Allegheny, PA)",,40.351055,-79.837512,loses_all_service,255,3.38,2.0,0.6,60,id
2354,GRAND AVE AT GIBSON LN,"Neville township (Allegheny, PA)",,40.515198,-80.142285,kept,0,3.38,4.4,0.6,21,id
3605,STEUBENVILLE PIKE AT OMEGA DR,"Robinson township (Allegheny, PA)",,40.448852,-80.122683,kept,0,3.38,0.6,0.2,29,id
4238,STEUBEN ST AT WHITEWOOD DR FS,"Pittsburgh city (Allegheny, PA)",Crafton Heights,40.442008,-80.049505,kept,0,3.38,1.6,0.8,27;29,id
4272,W PROSPECT AVE OPP ALLEGHENY VALLEY SCHOOL,"Pittsburgh city (Allegheny, PA)",Fairywood,40.446542,-80.078517,kept,0,3.38,1.4,0.8,27,id
5736,GREENTREE RD AT MANILLA AVE,"Green Tree borough (Allegheny, PA)",,40.418648,-80.045868,kept,0,3.38,0.2,0.0,38,id
588,NORTH COMMONS AT WEST COMMONS,"Pittsburgh city (Allegheny, PA)",Allegheny Center,40.453732,-80.007393,kept,0,3.38,1.2,1.2,13;16,id
6692,BOGGS AVE AT #207,"Pittsburgh city (Allegheny, PA)",Mount Washington,40.426144,-80.007845,kept_nearby,115,3.38,1.4,1.8,43,id
6844,SOUTH BUSWAY OPP PIONEER AVE RAMP,"Pittsburgh city (Allegheny, PA)",Brookline,40.411883,-80.008493,kept,0,3.38,2.8,3.6,Y1;Y45;Y46;Y47;Y49,id
8748,ROBERTS ST AT CENTRE AVE,"Pittsburgh city (Allegheny, PA)",Crawford-Roberts,40.442285,-79.983365,kept_nearby,19,3.38,4.0,3.0,81,id
11045,MAIN ST AT VIRGINIA AVE,"Munhall borough (Allegheny, PA)",,40.385967,-79.903013,kept,0,3.33,3.2,0.8,53;53L,id
11116,WHITAKER ST AT MIFFLIN ST FS,"Whitaker borough (Allegheny, PA)",,40.398801,-79.885425,kept,0,3.33,3.4,2.2,59,id
12094,SECOND AVE OPP BRADY ST,"Pittsburgh city (Allegheny, PA)",South Oakland,40.435782,-79.972824,kept,0,3.33,2.2,3.6,56;57;58,id
14417,BAUM BLVD AT CYPRESS ST,"Pittsburgh city (Allegheny, PA)",Shadyside,40.455864,-79.942077,kept_nearby,101,3.33,1.8,1.6,77,id
15218,WOOD ST AT FRANKLIN AVE,"Wilkinsburg borough (Allegheny, PA)",,40.441207,-79.886095,kept,0,3.33,1.2,1.2,61A;71;P71,id
18682,MCKNIGHT RD AT MCKNIGHT CIR(OPP ROSS PARK MAL,"Ross township (Allegheny, PA)",,40.542185,-80.013331,kept_nearby,41,3.33,0.0,0.0,12;2;O12;P13,id
20828,CRENNELL AVE AT LINWOOD AVE,"Crafton borough (Allegheny, PA)",,40.435723,-80.068362,kept,0,3.33,2.0,1.8,29,id
22451,MT TROY RD AT CRONEMEYER AVE FS,"Reserve township (Allegheny, PA)",,40.473726,-79.984462,loses_all_service,700,3.33,0.4,0.4,4,former_id
22672,LINCOLN AVE AT FRANKSTOWN AVE FS,"Pittsburgh city (Allegheny, PA)",Larimer,40.381595,-79.828094,kept,0,3.33,2.8,1.6,55,id
22820,UPLAND ST AT #7506,"Pittsburgh city (Allegheny, PA)",Homewood North,40.460883,-79.889734,kept,0,3.33,1.8,0.8,74,former_id
2818,RHINE ST AT STEINE ST,"Pittsburgh city (Allegheny, PA)",Spring Hill-City View,40.465325,-79.992226,kept,0,3.33,2.4,1.0,6,id
7046,BELL AVE AT JONES AVE,"North Braddock borough (Allegheny, PA)",,40.403385,-79.86273,kept_nearby,15,3.33,3.2,2.4,61A,id
7352,ARDMORE BLVD AT BERKLEY AVE,"Forest Hills borough (Allegheny, PA)",,40.419799,-79.850324,kept,0,3.33,0.0,0.8,69;P69;P76,id
7601,LAKETON RD AT LINDBERG AVE,"Penn Hills township (Allegheny, PA)",,40.458489,-79.846274,kept,0,3.33,0.0,0.0,P78,id
7711,SWISSVALE AVE AT PARK AVE,"Wilkinsburg borough (Allegheny, PA)",,40.444534,-79.875846,kept,0,3.33,4.2,2.6,79;P17;P78,id
8372,REYNOLDS ST AT LANG AVE,"Pittsburgh city (Allegheny, PA)",Point Breeze,40.447246,-79.905737,loses_all_service,345,3.33,0.4,0.0,74,id
8400,PAULSON AVE AT BRAINARD ST,"Pittsburgh city (Allegheny, PA)",Lincoln-Lemington-Belmar,40.468572,-79.901901,kept,0,3.33,0.2,0.0,74,id
8403,LEMINGTON AVE AT WARDSONS ST,"Pittsburgh city (Allegheny, PA)",Lincoln-Lemington-Belmar,40.471383,-79.898108,loses_all_service,169,3.33,1.2,0.4,74,id
11078,SHADY AVE AT AYLESBORO AVE,"Pittsburgh city (Allegheny, PA)",Squirrel Hill North,40.440182,-79.919523,kept,0,3.29,4.6,2.2,64,id
11080,SHADY AVE OPP SOLWAY ST,"Pittsburgh city (Allegheny, PA)",Squirrel Hill North,40.442656,-79.920096,kept,0,3.29,2.0,0.6,64,id
11976,CRAWFORD AVE AT WOOL ALLEY,"Duquesne city (Allegheny, PA)",,40.363367,-79.850426,kept,0,3.29,2.0,0.6,59,id
136,MCKNIGHT RD OPP OLD MCKNIGHT RD,"Ross township (Allegheny, PA)",,40.533742,-80.011139,kept,0,3.29,2.2,1.8,12;2;O12,id
1464,BEAVER RD OPP MEADOW LN FS,"Edgeworth borough (Allegheny, PA)",,40.546983,-80.189306,kept,0,3.29,2.0,1.8,14,id
15676,PARK HILL DR AT #2401,"Pittsburgh city (Allegheny, PA)",East Hills,40.455542,-79.874206,kept,0,3.29,4.8,1.2,79;P17,id
15835,BELTZHOOVER AVE AT CEDARHURST ST,"Pittsburgh city (Allegheny, PA)",Beltzhoover,40.418453,-79.997337,loses_all_service,170,3.29,1.4,0.8,54,id
19648,VIRGINIA AVE AT BIGHAM ST,"Pittsburgh city (Allegheny, PA)",Mount Washington,40.431987,-80.015247,kept,0,3.29,1.2,1.4,40,id
3507,HECKLE RD AT KENMAWR PLAZA DRVWY,"Kennedy township (Allegheny, PA)",,40.473517,-80.094421,kept,0,3.29,2.4,0.6,20;24,id
4249,STEUBEN ST OPP ELBON ST,"Pittsburgh city (Allegheny, PA)",Elliott,40.441625,-80.040749,kept,0,3.29,2.0,1.8,27;29,id
4803,JOSEPHINE ST AT #3237,"Pittsburgh city (Allegheny, PA)",South Side Slopes,40.418956,-79.964629,kept,0,3.29,2.0,3.4,48,id
4865,ARLINGTON AVE OPP DENGLER ST,"Pittsburgh city (Allegheny, PA)",South Side Slopes,40.417289,-79.967662,kept,0,3.29,1.8,4.8,48,id
7622,WALLACE AVE AT MILL ST,"Wilkinsburg borough (Allegheny, PA)",,40.443157,-79.880181,kept,0,3.29,0.8,0.6,67;69;79;P17;P67;P78,id
8047,BRINTON RD OPP BRINTON MANOR DR FS,"Braddock Hills borough (Allegheny, PA)",,40.411363,-79.852124,kept,0,3.29,2.0,1.6,P68,id
14636,LEECHBURG RD AT SUTTON DR,"Penn Hills township (Allegheny, PA)",,40.491851,-79.792853,loses_all_service,926,3.24,0.0,0.0,77;P16,id
14985,BUTLER ST AT 57TH ST,"Pittsburgh city (Allegheny, PA)",Upper Lawrenceville,40.485073,-79.946396,kept,0,3.24,1.0,1.0,87;91,id
158,MCKNIGHT RD AT IVORY AVE RAMP (ISLAND),"Pittsburgh city (Allegheny, PA)",Summer Hill,40.498345,-80.013054,kept,0,3.24,2.0,1.4,12;O12,id
19001,COMMERCIAL ST AT WHIPPLE ST,"Pittsburgh city (Allegheny, PA)",Swisshelm Park,40.421281,-79.900409,kept,0,3.24,0.0,0.0,71;P71,id
19125,BAKER ST AT BUTLER ST,"Pittsburgh city (Allegheny, PA)",Morningside,40.487453,-79.920154,kept,0,3.24,3.2,3.0,75,id
19748,CENTER AVE AT BRONX AVE,"West View borough (Allegheny, PA)",,40.520669,-80.039364,kept,0,3.24,1.6,2.6,13,id
20183,LEY ST AT FROMAN ST,"Pittsburgh city (Allegheny, PA)",Troy Hill,40.464845,-79.982168,kept_nearby,27,3.24,2.0,0.2,4,id
21229,CAMP HOLLOW RD AT LEBANON CHURCH RD FS,"West Mifflin borough (Allegheny, PA)",,40.349578,-79.927164,kept,0,3.24,2.0,2.0,53;53L;55,id
3187,FREEPORT RD AT HUMBOLDT ST,"Blawnox borough (Allegheny, PA)",,40.496346,-79.857063,kept,0,3.24,0.6,1.4,1,id
3210,FREEPORT RD AT ORIGINAL MATTRESS FACTORY,"Sharpsburg borough (Allegheny, PA)",,40.492023,-79.909084,kept,0,3.24,1.6,1.0,1;75;91,id
4554,COCHRAN RD AT MCCULLY ST,"Mount Lebanon township (Allegheny, PA)",,40.385642,-80.05381,kept,0,3.24,0.4,0.4,36;38,id
5409,NOBLESTOWN RD OPP ALTER ST,"Green Tree borough (Allegheny, PA)",,40.413765,-80.073312,kept,0,3.24,0.6,1.6,31,id
8578,CRAIG ST OPP BIGELOW BLVD,"Pittsburgh city (Allegheny, PA)",North Oakland,40.456575,-79.954833,kept,0,3.24,0.6,1.0,77;93,id
8650,ALLEQUIPPA ST AT SUTHERLAND DR (PETERSEN CTR),"Pittsburgh city (Allegheny, PA)",West Oakland,40.4445,-79.963465,kept,0,3.24,0.6,2.0,83,id
12012,CRAWFORD AVE AT CATHERINE ST,"Duquesne city (Allegheny, PA)",,40.364205,-79.847947,kept,0,3.19,1.8,2.2,59,id
1301,CENTER AVE AT PRINCETON AVE,"West View borough (Allegheny, PA)",,40.518578,-80.04419,kept,0,3.19,3.6,2.2,13,id
18493,LYSLE BLVD AT WALNUT ST FS,"McKeesport city (Allegheny, PA)",,40.351556,-79.864517,kept,0,3.19,2.6,1.2,55;56;59;60,id
18516,BRADDOCK AVE OPP ELECTRIC AVE,"Turtle Creek borough (Allegheny, PA)",,40.400386,-79.833578,kept,0,3.19,2.4,1.4,59;P68,id
1931,CALIFORNIA AVE OPP RANKIN AVE,"Pittsburgh city (Allegheny, PA)",Brighton Heights,40.476472,-80.04004,kept,0,3.19,1.2,1.8,13,id
1933,CALIFORNIA AVE OPP #3228,"Pittsburgh city (Allegheny, PA)",Brighton Heights,40.473928,-80.038686,kept,0,3.19,1.8,1.8,13,id
3305,FREEPORT RD OPP CENTER AVE,"Aspinwall borough (Allegheny, PA)",,40.490011,-79.90552,kept,0,3.19,2.2,2.4,1;75;91,id
4223,W PROSPECT AVE AT KINGSLAND AVE,"Ingram borough (Allegheny, PA)",,40.447532,-80.071672,kept,0,3.19,2.0,2.0,27,id
4886,WARRINGTON AVE AT BELTZHOOVER AVE,"Pittsburgh city (Allegheny, PA)",Allentown,40.421712,-79.997246,kept,0,3.19,3.6,3.4,43;48,id
7169,HAWKINS AVE AT OVERLAND ST,"North Braddock borough (Allegheny, PA)",,40.41105,-79.868915,kept,0,3.19,1.2,1.2,59;61A,id
7538,JONES AVE AT PARKVIEW AVE,"North Braddock borough (Allegheny, PA)",,40.403664,-79.862579,kept,0,3.19,2.0,2.0,59;61A,id
7839,AIRBRAKE AVE AT BRIDGE ST,"Wilmerding borough (Allegheny, PA)",,40.395302,-79.805518,kept,0,3.19,1.6,1.2,69;P69,id
8835,GROVE RD AT SELVIN DR,"Penn Hills township (Allegheny, PA)",,40.473825,-79.868673,loses_all_service,678,3.19,2.2,1.2,79;P17,id
959,N CHARLES ST AT SHELTON AVE,"Pittsburgh city (Allegheny, PA)",Perry South,40.470547,-80.011154,kept,0,3.19,2.6,0.8,11;15,id
9700,HWY RT 51 AT BRENTWOOD TOWN SQUARE,"Brentwood borough (Allegheny, PA)",,40.366702,-79.984203,kept,0,3.19,1.4,2.6,Y46;Y49,id
12651,FREEPORT RD AT 2ND ST,"East Deer township (Allegheny, PA)",,40.574878,-79.777883,kept,0,3.14,1.4,0.4,1;P10,id
12686,FREEPORT RD AT PEARL AVE,"Harmar township (Allegheny, PA)",,40.540773,-79.816047,kept,0,3.14,2.8,1.4,1;P10,id
12771,MAIN ST OPP 15TH ST,"Sharpsburg borough (Allegheny, PA)",,40.494494,-79.926529,kept,0,3.14,3.0,2.2,1;91,id
14642,LEECHBURG RD AT COURTNEY DR,"Penn Hills township (Allegheny, PA)",,40.486735,-79.804821,loses_all_service,402,3.14,0.0,0.0,77;P16,id
1599,BRIGHTON RD OPP ISLAND AVE (OLIVER HIGH SCHOOL,"Pittsburgh city (Allegheny, PA)",Perry South,40.463751,-80.022547,kept,0,3.14,3.2,1.8,16,id
1601,BRIGHTON RD AT MARSHALL AVE,"Pittsburgh city (Allegheny, PA)",Perry South,40.466752,-80.024901,kept,0,3.14,1.8,2.8,16,id
16887,MAIN ST AT 23RD ST,"Sharpsburg borough (Allegheny, PA)",,40.49342,-79.914229,kept,0,3.14,1.4,0.4,1;91,id
1772,COLBY ST AT MT PLEASANT RD,"Pittsburgh city (Allegheny, PA)",Summer Hill,40.483251,-80.003855,kept,0,3.14,1.0,1.6,15;6,id
18175,LIBRARY PL AT 1ST ST,"Duquesne city (Allegheny, PA)",,40.371774,-79.844286,kept,0,3.14,0.0,0.0,52L,id
18408,KENNEDY AVE AT 6TH ST,"Duquesne city (Allegheny, PA)",,40.370846,-79.850644,kept,0,3.14,2.2,1.4,59,id
19206,MIDDLETOWN RD AT STRATMORE ST FS,"Ingram borough (Allegheny, PA)",,40.444452,-80.058252,kept,0,3.14,0.8,0.0,27,id
19508,PIONEER AVE OPP SOUTHCREST DR FS,"Pittsburgh city (Allegheny, PA)",Brookline,40.406656,-80.015021,kept,0,3.14,0.8,2.2,39,id
22766,COMMONWEALTH AVE AT CLONMEL ST,"Duquesne city (Allegheny, PA)",,40.380236,-79.861971,kept,0,3.14,0.2,0.6,59,former_id
3177,FREEPORT RD AT VALLEY MOTEL,"Harmar township (Allegheny, PA)",,40.535428,-79.842594,kept,0,3.14,1.0,1.0,1;P16;P78,id
4135,CHARTIERS AVE OPP AZALIA ST,"Pittsburgh city (Allegheny, PA)",Elliott,40.444836,-80.041452,kept,0,3.14,2.2,1.0,26,id
4444,NOBLESTOWN RD AT HARTWELL ST,"Pittsburgh city (Allegheny, PA)",Westwood,40.43747,-80.051061,kept,0,3.14,1.0,0.6,31,id
5285,WASHINGTON AVE AT TRIMBLE AVE,"Carnegie borough (Allegheny, PA)",,40.405456,-80.08363,kept,0,3.14,1.0,1.2,31,id
6293,WEST LIBERTY AVE OPP PAULINE AVE,"Pittsburgh city (Allegheny, PA)",Brookline,40.401657,-80.022164,kept,0,3.14,0.8,0.4,41,id
6987,CLIMAX ST AT ESTELLA AVE,"Pittsburgh city (Allegheny, PA)",Beltzhoover,40.41992,-80.000602,kept,0,3.14,2.6,0.8,44,id
8512,WINTERBURN AVE OPP CONNOR ST,"Pittsburgh city (Allegheny, PA)",Greenfield,40.420403,-79.939781,kept,0,3.14,0.6,0.4,58,id
8843,ABER RD OPP HARVEST DR,"Penn Hills township (Allegheny, PA)",,40.473329,-79.861619,loses_all_service,908,3.14,4.4,0.6,79;P17,id
8896,CENTRE AVE OPP MORGAN ST,"Pittsburgh city (Allegheny, PA)",Middle Hill,40.447724,-79.966668,kept,0,3.14,4.0,1.6,82,id
8956,FRANKSTOWN RD AT EASTWOOD RD,"Penn Hills township (Allegheny, PA)",,40.461159,-79.87001,kept,0,3.14,2.4,1.8,77,id
10028,BROWNSVILLE RD AT #2336,"Pittsburgh city (Allegheny, PA)",Carrick,40.38819,-79.984822,kept,0,3.1,2.6,1.4,51,id
1137,EVERGREEN AVE AT FREDERICK ST,"Millvale borough (Allegheny, PA)",,40.488068,-79.972687,kept_nearby,94,3.1,0.6,1.2,2,id
11632,MAIN ST AT BOTSFORD ST,"Munhall borough (Allegheny, PA)",,40.384388,-79.90374,kept,0,3.1,1.4,1.2,53;53L,id
1179,FIFTH AVE AT WILKINS AVE NS,"Pittsburgh city (Allegheny, PA)",Squirrel Hill North,40.447772,-79.937208,loses_all_service,246,3.1,0.2,0.8,28X;71B;71D,id
14324,VERONA RD AT ELLIOTT ST,"Penn Hills township (Allegheny, PA)",,40.49901,-79.837516,kept,0,3.1,0.0,0.0,P78,id
14753,SALTSBURG RD OPP TILFORD RD,"Penn Hills township (Allegheny, PA)",,40.475033,-79.792099,kept,0,3.1,0.0,0.0,77,id
16024,ALLEQUIPPA ST AT ROBINSON ST,"Pittsburgh city (Allegheny, PA)",West Oakland,40.442734,-79.965859,kept,0,3.1,6.0,2.8,83,id
16120,EAST BUSWAY AT EAST LIBERTY STATION D,"Pittsburgh city (Allegheny, PA)",Shadyside,40.459539,-79.922767,kept,0,3.1,0.0,0.0,P10;P12;P16;P67;P69;P7;P76;P78,id
1831,ARCH ST AT NORTH SHORE FAMILY HEALTH,"Pittsburgh city (Allegheny, PA)",Allegheny Center,40.45426,-80.008957,kept_nearby,83,3.1,3.8,3.8,54,id
19466,MOSSFIELD ST AT AZURE ST,"Pittsburgh city (Allegheny, PA)",Stanton Heights,40.472159,-79.934461,kept,0,3.1,2.8,2.0,89,id
21992,PENN AVE AT NEGLEY AVE,"Pittsburgh city (Allegheny, PA)",Friendship,40.4635,-79.930909,kept,0,3.1,0.2,3.4,88,former_id
22013,ROBINSON BLVD AT FRANKSTOWN RD,"Penn Hills township (Allegheny, PA)",,40.460958,-79.866291,kept,0,3.1,2.2,0.2,79;P17,former_id
22625,CALIFORNIA AVE AT BAINTON ST,"Pittsburgh city (Allegheny, PA)",Marshall-Shadeland,40.472822,-80.037781,kept,0,3.1,3.0,2.4,13,former_id
3355,MT ROYAL BLVD AT UNDERCLIFF ST,"Shaler township (Allegheny, PA)",,40.515911,-79.959122,kept,0,3.1,0.6,0.2,2;P13,id
3357,MT ROYAL BLVD AT WILJOHN ST,"Shaler township (Allegheny, PA)",,40.514046,-79.959091,kept,0,3.1,0.4,0.6,2;P13,id
3469,MCCOY RD AT HILLCREST AVE,"Stowe township (Allegheny, PA)",,40.480699,-80.079217,kept,0,3.1,0.0,1.0,22,id
6278,BOWER HILL RD AT SYLVANDELL DR,"Mount Lebanon township (Allegheny, PA)",,40.374374,-80.073425,kept,0,3.1,1.6,1.4,41,id
6972,CHALFONT ST AT GEARING AVE,"Pittsburgh city (Allegheny, PA)",Beltzhoover,40.416614,-80.004797,kept,0,3.1,3.0,3.6,44,id
7236,BRADDOCK AVE OPP BIDDLE AVE,"Pittsburgh city (Allegheny, PA)",Regent Square,40.437008,-79.896544,kept,0,3.1,3.2,3.0,61B,id
7648,WILKINS AVE OPP BELLEROCK ST,"Pittsburgh city (Allegheny, PA)",Squirrel Hill North,40.444708,-79.929084,kept,0,3.1,1.4,1.6,67;69,id
7676,BEELER ST AT #5358,"Pittsburgh city (Allegheny, PA)",Squirrel Hill North,40.44554,-79.931889,kept,0,3.1,0.8,0.2,67;69,id
820,PERRYSVILLE AVE OPP #3000,"Pittsburgh city (Allegheny, PA)",Perry North,40.47611,-80.012407,kept,0,3.1,2.0,1.8,15;8,id
9299,STANTON AVE AT MELLON ST,"Pittsburgh city (Allegheny, PA)",Highland Park,40.471076,-79.924842,kept,0,3.1,5.4,2.0,75,id
9545,BROWNSVILLE RD OPP HILLMAN ST,"Brentwood borough (Allegheny, PA)",,40.371652,-79.975354,kept,0,3.1,2.8,3.2,51;51L,id
12650,FREEPORT RD AT 3RD ST,"East Deer township (Allegheny, PA)",,40.57702,-79.778416,kept,0,3.05,1.4,2.2,1;P10,id
12761,FREEPORT ST AT BRIDGE ST,"Etna borough (Allegheny, PA)",,40.496748,-79.942023,kept,0,3.05,3.6,1.6,1,id
14165,FRANKSTOWN RD AT CRESTVIEW RD,"Penn Hills township (Allegheny, PA)",,40.479902,-79.822576,kept,0,3.05,3.8,2.0,77;P16,id
14510,FRANKSTOWN RD AT ROBINSON BLVD FS,"Penn Hills township (Allegheny, PA)",,40.461225,-79.865464,kept,0,3.05,4.4,1.4,77,id
14755,SALTSBURG RD AT ALCOMA DR,"Penn Hills township (Allegheny, PA)",,40.477017,-79.798096,kept,0,3.05,0.0,0.0,77,id
154,MCKNIGHT RD AT NELSON RUN RD,"Ross township (Allegheny, PA)",,40.507012,-80.00679,kept,0,3.05,1.8,1.4,12;O12,id
15671,CHISLETT ST AT WELLESLEY AVE,"Pittsburgh city (Allegheny, PA)",Morningside,40.475715,-79.929901,kept,0,3.05,2.2,3.0,75;87,id
18288,OHIO RIVER BLVD AT MCKEES ROCKS BRIDGE,"Pittsburgh city (Allegheny, PA)",Brighton Heights,40.478927,-80.043253,kept,0,3.05,2.4,1.4,14;19L,id
18986,UPLAND ST AT BRUSHTON AVE,"Pittsburgh city (Allegheny, PA)",Homewood North,40.460553,-79.888607,kept,0,3.05,1.8,0.4,74,id
21073,STEUBEN ST OPP FOSTER AVE,"Crafton borough (Allegheny, PA)",,40.438354,-80.069694,kept_nearby,23,3.05,3.2,0.2,29,id
21460,PARKLINE DR AT SKYLINE DR,"Whitehall borough (Allegheny, PA)",,40.367262,-79.9641,kept,0,3.05,2.4,3.0,Y49,id
3307,FREEPORT RD OPP BRILLIANT AVE FS,"Pittsburgh city (Allegheny, PA)",Lincoln-Lemington-Belmar,40.488691,-79.900748,kept,0,3.05,1.8,0.6,1;75;91,id
6275,BOWER HILL RD AT KELSO RD,"Mount Lebanon township (Allegheny, PA)",,40.371967,-80.077895,kept,0,3.05,0.6,0.2,41,id
7282,SOUTH AVE AT WOOD ST,"Wilkinsburg borough (Allegheny, PA)",,40.442123,-79.885895,kept,0,3.05,2.4,0.2,P68,id
7432,ARDMORE BLVD AT CENTURION DR,"Forest Hills borough (Allegheny, PA)",,40.422156,-79.854122,kept,0,3.05,0.2,0.0,69;P69;P76,id
7765,MIDDLE AVE AT MAPLE AVE,"Wilmerding borough (Allegheny, PA)",,40.396685,-79.810058,kept,0,3.05,1.6,0.6,69;P69,id
7951,PENN AVE AT ANGELA DR,"Wilkinsburg borough (Allegheny, PA)",,40.439571,-79.874687,kept,0,3.05,1.8,1.4,67;P67,id
8086,MAPLE AVE AT JAMES ST,"Turtle Creek borough (Allegheny, PA)",,40.408039,-79.818726,kept,0,3.05,1.4,2.0,P68,id
8095,MAPLE ST AT CHARLES ST,"Turtle Creek borough (Allegheny, PA)",,40.40787,-79.820376,kept,0,3.05,3.8,1.4,P68,id
8343,WOOD ST AT WALLACE AVE,"Wilkinsburg borough (Allegheny, PA)",,40.444685,-79.884218,kept,0,3.05,1.4,0.8,71D;86,id
8876,LINCOLN AVE AT FRANKSTOWN AVE,"Pittsburgh city (Allegheny, PA)",Larimer,40.460503,-79.913159,kept,0,3.05,2.6,1.6,82;P17,id
9109,FRANKSTOWN AVE OPP OAKWOOD ST,"Pittsburgh city (Allegheny, PA)",Homewood North,40.455114,-79.885869,kept,0,3.05,1.6,2.6,77,id
10983,DUQUESNE BLVD AT OAKMONT AVE,"Duquesne city (Allegheny, PA)",,40.380929,-79.855409,kept,0,3.0,3.2,0.2,59;61C;P7,id
11032,WEST ST AT 17TH AVE,"Homestead borough (Allegheny, PA)",,40.400719,-79.90571,kept,0,3.0,1.0,1.4,53;53L,id
14365,BAUM BLVD AT CYPRESS ST FS,"Pittsburgh city (Allegheny, PA)",Bloomfield,40.455891,-79.942307,kept_nearby,115,3.0,2.8,1.6,77,id
15122,HULTON RD AT HULTON ARBORS,"Penn Hills township (Allegheny, PA)",,40.513655,-79.804199,loses_all_service,3031,3.0,0.0,0.0,P16,id
1618,BRIGHTON RD AT KLEBER ST,"Pittsburgh city (Allegheny, PA)",Brighton Heights,40.486996,-80.037224,kept,0,3.0,2.2,1.0,16;17,id
16606,2ND ST AT HAMILTON AVE,"Duquesne city (Allegheny, PA)",,40.375027,-79.848608,kept,0,3.0,2.2,0.8,59;61C,id
19237,S MAIN ST AT SANCTUS ST,"Pittsburgh city (Allegheny, PA)",West End,40.441718,-80.032761,kept,0,3.0,1.2,0.8,31;38,id
20366,MINGO ST AT VANN RD,"Pittsburgh city (Allegheny, PA)",Lincoln-Lemington-Belmar,40.465075,-79.892767,kept,0,3.0,0.0,0.2,74,id
21201,E RAILROAD ST AT 2ND ST,"Heidelberg borough (Allegheny, PA)",,40.391832,-80.087732,kept,0,3.0,0.6,0.6,31;G31,former_id
22252,GAMMA DR AT COMFORT INN DRVWY,"O'Hara township (Allegheny, PA)",,40.500996,-79.860983,kept,0,3.0,0.0,0.0,91,former_id
22680,MARSHALL AVE AT SORREL ST,"Pittsburgh city (Allegheny, PA)",Marshall-Shadeland,40.426722,-79.938573,kept_nearby,67,3.0,1.8,3.8,52L;53L;58;65;93,id
2654,S 18TH ST AT CROSSMAN ST FS,"Pittsburgh city (Allegheny, PA)",South Side Slopes,40.421745,-79.979358,kept,0,3.0,3.6,3.6,51;54,id
4200,ALLENDALE ST AT STANHOPE ST,"Pittsburgh city (Allegheny, PA)",Sheraden,40.457151,-80.062967,kept,0,3.0,3.0,1.6,26,id
4445,NOBLESTOWN RD OPP OBEY ST,"Pittsburgh city (Allegheny, PA)",Westwood,40.438015,-80.049477,kept,0,3.0,2.0,1.4,31,id
4774,ARLINGTON AVE AT FREELAND ST,"Pittsburgh city (Allegheny, PA)",Allentown,40.419301,-79.989446,kept,0,3.0,3.2,1.0,48,id
4867,ARLINGTON AVE OPP COLOGNE ST,"Pittsburgh city (Allegheny, PA)",South Side Slopes,40.417542,-79.969513,kept,0,3.0,4.2,2.0,48,id
5419,NOBLESTOWN RD AT HOLIDAY DR,"Green Tree borough (Allegheny, PA)",,40.426341,-80.061945,kept,0,3.0,0.0,0.0,31,id
7558,JONES AVE OPP HAWKINS AVE,"North Braddock borough (Allegheny, PA)",,40.404807,-79.860882,kept,0,3.0,2.4,1.4,59,id
8015,WIGHTMAN ST AT HOBART ST,"Pittsburgh city (Allegheny, PA)",Squirrel Hill South,40.432455,-79.927492,loses_all_service,179,3.0,0.0,0.0,65,id
817,PERRYSVILLE AVE OPP #3358,"Pittsburgh city (Allegheny, PA)",Perry North,40.480935,-80.013406,kept,0,3.0,0.8,0.0,15;8,id
8708,DEVILLIERS ST AT WEBSTER AVE,"Pittsburgh city (Allegheny, PA)",Middle Hill,40.445613,-79.981739,kept_nearby,109,3.0,2.4,0.8,83,id
8803,LINCOLN AVE AT APPLE ST,"Pittsburgh city (Allegheny, PA)",Homewood North,40.464625,-79.899028,kept,0,3.0,2.2,1.0,82;P17,id
897,PERRYSVILLE AVE AT DELAWARE ST,"Pittsburgh city (Allegheny, PA)",Perry North,40.479644,-80.011695,kept,0,3.0,2.4,1.6,15;8,id
9198,OAKWOOD ST AT KELLY ST,"Pittsburgh city (Allegheny, PA)",Homewood South,40.453159,-79.885453,kept_nearby,131,3.0,1.4,1.6,86,id
10628,EDEN PARK BLVD AT VICTORY DR,"McKeesport city (Allegheny, PA)",,40.345673,-79.830978,kept,0,2.95,0.2,1.4,56,id
12154,MIFFLIN RD AT GLENHURST RD,"Pittsburgh city (Allegheny, PA)",Lincoln Place,40.372058,-79.916852,kept,0,2.95,2.0,1.0,56,id
13318,FREEPORT RD AT PRINCETON AVE,"Harrison township (Allegheny, PA)",,40.623948,-79.72442,kept_nearby,116,2.95,0.0,0.0,P10,id
14191,UNIVERSAL RD AT COLLINS DR,"Penn Hills township (Allegheny, PA)",,40.461216,-79.812707,kept,0,2.95,0.0,0.0,P16,id
15092,WM PENN HWY AT OLD GATE RD,"Wilkinsburg borough (Allegheny, PA)",,40.445726,-79.855115,kept,0,2.95,1.2,1.6,67;P16;P67,id
21170,CHARTIERS AVE OPP WARFLE ST,"Pittsburgh city (Allegheny, PA)",Windgap,40.458813,-80.076903,kept_nearby,88,2.95,2.4,0.2,27,former_id
2820,RHINE ST AT ITIN ST,"Pittsburgh city (Allegheny, PA)",Spring Hill-City View,40.462603,-79.991035,kept,0,2.95,1.4,2.8,6,id
3205,FREEPORT RD AT VIRGINIA AVE FS,"Aspinwall borough (Allegheny, PA)",,40.488464,-79.899564,kept,0,2.95,0.2,0.4,1;75;91,id
3687,BROADWAY AVE AT 13TH ST,"Stowe township (Allegheny, PA)",,40.474699,-80.079705,kept,0,2.95,3.2,1.0,24,id
573,PERRY HWY OPP IVORY AVE,"Ross township (Allegheny, PA)",,40.498325,-80.020375,kept,0,2.95,3.8,3.4,17;8,id
6093,PIONEER AVE RAMP AT SOUTH BUSWAY,"Pittsburgh city (Allegheny, PA)",Brookline,40.411828,-80.009028,kept,0,2.95,1.6,0.8,39,id
6165,CHELTON AVE AT OAKRIDGE ST,"Pittsburgh city (Allegheny, PA)",Brookline,40.389858,-80.01477,loses_all_service,228,2.95,1.8,0.6,39,id
7177,BELL AVE AT VERONA ST,"North Braddock borough (Allegheny, PA)",,40.402073,-79.861069,loses_all_service,209,2.95,3.6,1.2,61A,former_id
7415,WOLFE AVE OPP MARY ST,"North Braddock borough (Allegheny, PA)",,40.406892,-79.847828,kept,0,2.95,1.8,1.4,P68,id
7645,WILKINS AVE OPP MURRAY AVE,"Pittsburgh city (Allegheny, PA)",Squirrel Hill North,40.44401,-79.924123,kept,0,2.95,0.2,0.0,67;69,id
8654,ALLEQUIPPA ST OPP DARRAGH ST,"Pittsburgh city (Allegheny, PA)",Terrace Village,40.443342,-79.965153,kept,0,2.95,0.0,1.4,83,id
894,PERRYSVILLE AVE OPP MARSHALL AVE,"Pittsburgh city (Allegheny, PA)",Perry South,40.474922,-80.011113,kept,0,2.95,1.8,2.8,15;8,id
9857,STATE ST AT MAPLE AVE,"Clairton city (Allegheny, PA)",,40.298423,-79.875322,kept,0,2.95,1.4,1.8,55,id
10942,W 5TH AVE OPP RAMP #2,"McKeesport city (Allegheny, PA)",,40.346625,-79.880719,kept,0,2.9,1.6,0.6,55;56;59,id
10992,DUQUESNE BLVD AT CAMP AVE,"Duquesne city (Allegheny, PA)",,40.369399,-79.842845,kept,0,2.9,2.0,1.0,59;61C;P7,id
12008,CRAWFORD AVE AT MONTEREY ST,"Duquesne city (Allegheny, PA)",,40.362826,-79.85225,kept,0,2.9,3.4,1.0,59,id
13326,9TH AVE AT MORGAN ST,"Brackenridge borough (Allegheny, PA)",,40.609611,-79.741848,kept,0,2.9,0.0,0.0,P10,id
14864,FRIENDSHIP AVE AT TAYLOR ST,"Pittsburgh city (Allegheny, PA)",Bloomfield,40.464046,-79.949724,kept,0,2.9,2.4,1.0,64;87,id
18686,MCKNIGHT RD AT BABCOCK BLVD RAMP FS,"Ross township (Allegheny, PA)",,40.515078,-80.004401,loses_all_service,153,2.9,2.4,0.8,12;O12,id
20427,4TH AVE AT DUQUESNE ST,"Rankin borough (Allegheny, PA)",,40.411696,-79.877228,kept_nearby,139,2.9,2.8,2.0,59;71;P71,id
20689,MALL BLVD OPP AT HOME STORE,"Monroeville municipality (Allegheny, PA)",,40.431923,-79.79115,kept,0,2.9,0.8,3.2,67;P68,id
20824,ITIN ST OPP DIANA ST,"Pittsburgh city (Allegheny, PA)",Spring Hill-City View,40.461846,-79.992179,kept,0,2.9,2.2,0.6,6,id
2226,GRAND AVE AT NEVILLE RD NS,"Neville township (Allegheny, PA)",,40.502892,-80.101837,kept,0,2.9,0.0,0.0,21,id
22775,VA CLINIC FRONT DOOR,"Monroeville municipality (Allegheny, PA)",,40.36259,-79.870469,loses_all_service,976,2.9,0.2,0.0,52L,id
4184,CHARTIERS AVE AT WINDGAP AVE,"Pittsburgh city (Allegheny, PA)",Windgap,40.45929,-80.077535,kept,0,2.9,1.8,1.0,27,id
6191,BROOKLINE BLVD AT GREENCREST DR,"Pittsburgh city (Allegheny, PA)",Brookline,40.392266,-80.005128,kept,0,2.9,0.6,1.0,39,id
6205,WEST LIBERTY AVE OPP WISCONSIN AVE,"Dormont borough (Allegheny, PA)",,40.393816,-80.03611,kept,0,2.9,2.8,1.2,41,id
7443,BRINTON RD AT BRINTON MANOR DR,"Braddock Hills borough (Allegheny, PA)",,40.41132,-79.852257,kept,0,2.9,2.2,3.6,P68,id
7694,PENN AVE AT HOMEWOOD AVE,"Pittsburgh city (Allegheny, PA)",Point Breeze,40.449179,-79.901458,kept,0,2.9,1.2,0.2,67;69;71C,id
7965,PENN AVE AT MIDLAND ST,"Wilkinsburg borough (Allegheny, PA)",,40.439489,-79.874949,kept,0,2.9,1.2,0.6,67;P67,id
9350,CHISLETT ST OPP MARTHA ST,"Pittsburgh city (Allegheny, PA)",Morningside,40.484272,-79.927122,kept,0,2.9,1.6,0.4,75;87,id
9414,HWY RT 51 AT CLOVERLEAF TOWERS,"Pleasant Hills borough (Allegheny, PA)",,40.34199,-79.966174,kept_nearby,51,2.9,0.8,1.2,Y1;Y46,id
9673,BROWNSVILLE RD OPP HOLLOW HAVEN DR,"Baldwin borough (Allegheny, PA)",,40.343571,-79.98514,kept,0,2.9,1.8,0.0,Y47,id
9974,LEBANON CHURCH RD AT PLEASANT HILLS BLVD,"West Mifflin borough (Allegheny, PA)",,40.344937,-79.961113,kept,0,2.9,3.8,2.6,51;Y47,id
11638,MAIN ST AT E JAMES ST,"Munhall borough (Allegheny, PA)",,40.391523,-79.90045,kept,0,2.86,0.6,0.0,53;53L,id
12018,4TH ST AT KENNEDY AVE,"Duquesne city (Allegheny, PA)",,40.371318,-79.848404,kept,0,2.86,1.8,4.4,59,id
12019,4TH ST AT GRANT AVE,"Duquesne city (Allegheny, PA)",,40.372602,-79.848949,kept_nearby,19,2.86,4.4,3.6,59,id
12160,SECOND AVE AT ALUVIAN ST,"Pittsburgh city (Allegheny, PA)",Hazelwood,40.400252,-79.937948,kept,0,2.86,1.2,0.6,56,id
13518,WM PENN HWY AT RODI RD FS,"Churchill borough (Allegheny, PA)",,40.438462,-79.830801,kept,0,2.86,1.4,1.8,67;P67,id
19776,UNITY TRESTLE RD AT EAST ALLEY NS,"Plum borough (Allegheny, PA)",,40.489771,-79.779596,loses_all_service,1441,2.86,0.0,0.0,77;P16,id
20555,MONONGAHELA AVE AT HARRISON ST,"Glassport borough (Allegheny, PA)",,40.336532,-79.890162,kept,0,2.86,3.8,1.6,55,id
22873,MOSSIDE BLVD AT MACBETH DR,"Monroeville municipality (Allegheny, PA)",,40.429133,-79.749055,kept,0,2.86,0.0,0.0,67;69;P68,id
2577,MILLVALE AVE AT BAUM BLVD,"Pittsburgh city (Allegheny, PA)",Bloomfield,40.454257,-79.947589,kept,0,2.86,1.4,1.6,54,id
2740,LOWRIE ST AT NIGGEL ST,"Pittsburgh city (Allegheny, PA)",Troy Hill,40.46771,-79.979952,kept,0,2.86,0.2,0.4,4,id
3235,CALIFORNIA AVE OPP KUNKLE WAY,"Pittsburgh city (Allegheny, PA)",Manchester,40.460087,-80.025955,kept,0,2.86,2.6,2.0,13,id
3346,MT ROYAL BLVD AT SHAW PL,"Shaler township (Allegheny, PA)",,40.529669,-79.965828,kept,0,2.86,0.4,0.0,2;P13,id
6756,VIRGINIA AVE AT KEARSARGE ST,"Pittsburgh city (Allegheny, PA)",Mount Washington,40.431054,-80.010226,kept,0,2.86,0.0,0.2,40,id
7467,BRADDOCK AVE AT TURTLE CRK MENTAL HEALTH CTR,"Braddock borough (Allegheny, PA)",,40.401779,-79.86645,kept,0,2.86,2.0,0.6,59;61A,id
7681,WILKINS AVE AT MURRAY AVE,"Pittsburgh city (Allegheny, PA)",Squirrel Hill North,40.443947,-79.924156,kept,0,2.86,1.2,2.0,67;69,id
8335,HAMILTON AVE AT MULFORD ST,"Pittsburgh city (Allegheny, PA)",Homewood South,40.452003,-79.886188,kept,0,2.86,1.8,3.0,71D,id
8473,REYNOLDS ST AT LANG AVE,"Pittsburgh city (Allegheny, PA)",Point Breeze,40.447238,-79.905533,loses_all_service,339,2.86,0.8,0.4,74,id
849,CENTER AVE AT FRANKFORT AVE,"West View borough (Allegheny, PA)",,40.513492,-80.025531,kept,0,2.86,3.8,2.6,8,id
9010,BEDFORD AVE AT SOMERS DR,"Pittsburgh city (Allegheny, PA)",Bedford Dwellings,40.449069,-79.976469,kept,0,2.86,3.6,2.2,83,id
9136,FRANKSTOWN AVE AT BENNETT ST FS,"Pittsburgh city (Allegheny, PA)",Homewood West,40.458086,-79.903669,kept,0,2.86,3.2,2.6,77;86,id
9139,FRANKSTOWN AVE AT HOMEWOOD HOUSE,"Pittsburgh city (Allegheny, PA)",Homewood South,40.457625,-79.897454,kept,0,2.86,3.6,2.0,77;86,id
9327,BUTLER ST AT 55TH ST,"Pittsburgh city (Allegheny, PA)",Upper Lawrenceville,40.483504,-79.949988,kept,0,2.86,1.8,0.0,87;91;93,id
11031,WEST ST AT 15TH AVE,"Homestead borough (Allegheny, PA)",,40.40201,-79.906926,kept,0,2.81,0.6,0.2,53;53L,id
11135,LINCOLN HWY OPP LEUHM ST,"North Versailles township (Allegheny, PA)",,40.370471,-79.786099,loses_all_service,2474,2.81,0.0,0.0,P76,id
12768,MAIN ST AT #1113,"Sharpsburg borough (Allegheny, PA)",,40.49423,-79.930445,kept,0,2.81,1.4,1.2,1;91,id
16963,OHIO RIVER BLVD AT THRIFT STORE,"Avalon borough (Allegheny, PA)",,40.49521,-80.06587,kept,0,2.81,4.2,2.0,14,id
17307,SOUTHERN AVE AT COWAN ST,"Pittsburgh city (Allegheny, PA)",Mount Washington,40.427595,-80.00895,kept,0,2.81,1.6,0.8,40,id
1867,WOODLAND AVE AT SHADELAND AVE,"Pittsburgh city (Allegheny, PA)",Marshall-Shadeland,40.46914,-80.02997,kept,0,2.81,1.2,0.4,17,id
19058,FRANKSTOWN RD OPP RITZLAND RD FS,"Penn Hills township (Allegheny, PA)",,40.462184,-79.840973,kept,0,2.81,3.2,1.2,77,id
20558,BOWMAN AVE AT JARVIS ST,"McKeesport city (Allegheny, PA)",,40.355417,-79.83972,kept,0,2.81,1.0,2.2,55,id
20946,EBEN ST AT SHIRE PL,"Pittsburgh city (Allegheny, PA)",Brookline,40.388376,-80.008278,kept_nearby,139,2.81,0.6,0.6,39,id
21095,TILBURY AVE AT NICHOLSON ST,"Pittsburgh city (Allegheny, PA)",Squirrel Hill South,40.430276,-79.917739,kept,0,2.81,0.0,0.0,74,id
21667,ST JOSEPH ST AT #184,"Mount Oliver borough (Allegheny, PA)",,40.413437,-79.983675,kept,0,2.81,0.2,0.2,44,former_id
22112,STANTON AVE OPP JANCEY ST,"Pittsburgh city (Allegheny, PA)",Stanton Heights,40.47421,-79.931627,kept,0,2.81,1.4,0.0,87,former_id
2735,LOWRIE ST AT FLECK ST,"Pittsburgh city (Allegheny, PA)",Troy Hill,40.465979,-79.980952,kept,0,2.81,1.0,0.4,4,id
4302,BROADHEAD-FORDING RD OPP VILLAGE RD #1,"Pittsburgh city (Allegheny, PA)",Fairywood,40.451684,-80.078434,kept,0,2.81,2.0,3.4,27,id
4565,BANKSVILLE RD AT WENZELL AVE,"Pittsburgh city (Allegheny, PA)",Banksville,40.406866,-80.034359,kept,0,2.81,0.0,0.2,36,id
8331,HAMILTON AVE OPP COLLIER ST,"Pittsburgh city (Allegheny, PA)",Homewood South,40.453591,-79.893116,kept,0,2.81,1.0,0.6,71D,id
8513,WINTERBURN AVE OPP FARNSWORTH ST,"Pittsburgh city (Allegheny, PA)",Greenfield,40.423122,-79.939797,kept,0,2.81,0.8,0.4,58,id
9766,KEEPORT DR AT #5402,"Baldwin borough (Allegheny, PA)",,40.339527,-79.980301,kept,0,2.81,3.8,0.0,Y47,id
11707,GREENSPRINGS AVE AT MUNICIPAL BLDG,"West Mifflin borough (Allegheny, PA)",,40.384098,-79.87843,kept,0,2.76,0.0,0.0,52L,id
12015,5TH ST AT PRISCILLA AVE,"Duquesne city (Allegheny, PA)",,40.368314,-79.848306,kept,0,2.76,1.0,2.8,59,id
1388,OHIO RIVER BLVD AT EAT-N-PARK,"Avalon borough (Allegheny, PA)",,40.494148,-80.064288,kept,0,2.76,3.6,1.0,14,id
14408,FRANKSTOWN RD AT GRAHAM BLVD,"Penn Hills township (Allegheny, PA)",,40.46143,-79.862717,kept,0,2.76,4.4,3.0,77,id
14601,CONNECTING RD AT HAYMAKER RD,"Monroeville municipality (Allegheny, PA)",,40.449637,-79.76173,kept_nearby,138,2.76,0.0,0.0,77,id
1610,BRIGHTON RD AT ACACIA LN,"Pittsburgh city (Allegheny, PA)",Brighton Heights,40.479706,-80.031059,kept,0,2.76,2.2,0.8,16,id
19089,CRAIG ST AT BIGELOW BLVD FS,"Pittsburgh city (Allegheny, PA)",North Oakland,40.456253,-79.954782,kept,0,2.76,1.4,1.4,77;93,id
20467,BEDFORD AVE AT MORGAN ST,"Pittsburgh city (Allegheny, PA)",Bedford Dwellings,40.451916,-79.969542,kept,0,2.76,4.6,3.0,83,id
20843,YESTER SQ AT CRAIG ST,"McKeesport city (Allegheny, PA)",,40.349549,-79.839717,kept_nearby,130,2.76,3.4,1.0,60,id
21286,LIBERTY AVE AT 14TH ST,"Pittsburgh city (Allegheny, PA)",Strip District,40.446945,-79.989163,kept,0,2.76,2.8,1.2,86;87;88;91,former_id
21555,AGNEW RD AT PENN ST FS,"Baldwin borough (Allegheny, PA)",,40.396494,-79.974291,loses_all_service,1062,2.76,0.0,0.0,44,id
21614,BRADDOCK AVE AT 2ND ST,"Braddock borough (Allegheny, PA)",,40.406151,-79.873535,kept,0,2.76,2.4,3.2,61B,id
22375,ALLEQUIPPA ST AT CENTRE AVE,"Pittsburgh city (Allegheny, PA)",North Oakland,40.448158,-79.958862,kept,0,2.76,0.8,0.2,83,id
2419,BUTLER ST AT #188,"Etna borough (Allegheny, PA)",,40.493357,-79.948254,kept_nearby,36,2.76,1.4,1.0,1;P13,id
3371,BUTLER ST AT WASHINGTON ST,"Etna borough (Allegheny, PA)",,40.493606,-79.947985,kept,0,2.76,0.8,0.6,1;2;P13,id
3459,MCCOY RD OPP #1044,"Kennedy township (Allegheny, PA)",,40.476633,-80.09678,kept,0,2.76,2.8,0.8,22,id
7542,COREY AVE AT MARGARETTA ST,"Braddock borough (Allegheny, PA)",,40.404901,-79.867691,kept_nearby,95,2.76,3.0,2.0,59,id
7695,PENN AVE AT LEXINGTON ST,"Pittsburgh city (Allegheny, PA)",Point Breeze,40.448606,-79.899721,kept,0,2.76,1.2,1.2,67;69;71C,id
7970,PENN AVE AT FAIRMONT ST,"Wilkinsburg borough (Allegheny, PA)",,40.443661,-79.865578,kept,0,2.76,0.4,0.2,67;P16;P67,id
830,PERRYSVILLE AVE AT CUTLER ST,"Pittsburgh city (Allegheny, PA)",Perry South,40.466257,-80.011618,kept,0,2.76,1.0,1.4,8,id
8450,DEAN ST AT LARIMER AVE,"Pittsburgh city (Allegheny, PA)",Lincoln-Lemington-Belmar,40.469236,-79.905671,kept,0,2.76,0.8,1.6,74,id
9021,DARRAGH ST OPP VICTORIA ST,"Pittsburgh city (Allegheny, PA)",West Oakland,40.441153,-79.961379,kept,0,2.76,2.0,1.2,81;83,id
9034,ROBINSON ST AT ALLEQUIPPA ST,"Pittsburgh city (Allegheny, PA)",West Oakland,40.442756,-79.965686,kept_nearby,15,2.76,2.6,3.8,81,id
9423,HWY RT 51 AT STILLEY RD,"Brentwood borough (Allegheny, PA)",,40.361158,-79.982392,kept,0,2.76,1.8,1.2,51;Y46,id
10388,WALNUT ST AT LARCH ST,"Versailles borough (Allegheny, PA)",,40.318261,-79.834106,kept,0,2.71,1.2,1.2,60,id
11206,WORTHINGTON AVE AT HWY RT 51,"Jefferson Hills borough (Allegheny, PA)",,40.291027,-79.913624,kept,0,2.71,0.0,0.2,Y46,id
12011,CRAWFORD AVE AT PIRL ST,"Duquesne city (Allegheny, PA)",,40.363899,-79.848798,kept,0,2.71,1.6,0.6,59,id
12791,PITTSBURGH ST OPP HILL AVE,"Cheswick borough (Allegheny, PA)",,40.541061,-79.802482,kept,0,2.71,2.8,1.0,1;P10,id
14330,VERONA RD AT POKETA RD,"Penn Hills township (Allegheny, PA)",,40.486653,-79.837343,kept,0,2.71,0.0,0.0,P78,id
18294,OHIO RIVER BLVD AT CAMP HORNE RD NS,"Emsworth borough (Allegheny, PA)",,40.510241,-80.094071,kept,0,2.71,2.4,0.4,14,id
18349,PITTSBURGH ST AT CHESWICK AVE,"Cheswick borough (Allegheny, PA)",,40.540833,-79.807469,kept,0,2.71,0.6,0.2,1;P10,id
19268,HIGHLAND RD AT OXFORD DR FS,"Bethel Park municipality (Allegheny, PA)",,40.348821,-80.050792,loses_all_service,617,2.71,0.0,2.0,36,id
19755,CALIFORNIA AVE OPP MARQUIS WAY,"Pittsburgh city (Allegheny, PA)",California-Kirkbride,40.459421,-80.018438,kept,0,2.71,4.6,1.2,13,id
21071,STEUBEN ST AT MCCORMICK AVE,"Crafton borough (Allegheny, PA)",,40.439845,-80.078014,kept,0,2.71,0.6,0.2,29,id
22008,EAST HILLS DR AT #2303,"Pittsburgh city (Allegheny, PA)",East Hills,40.456141,-79.871015,kept,0,2.71,3.2,0.6,79;P17,former_id
2841,CHESTNUT ST OPP CONCORD ST,"Pittsburgh city (Allegheny, PA)",Spring Garden,40.458356,-79.995364,kept,0,2.71,0.8,2.8,6,id
4252,STEUBEN ST OPP HERSCHEL ST,"Pittsburgh city (Allegheny, PA)",Elliott,40.442191,-80.04509,kept,0,2.71,2.6,4.4,27;29,id
6085,PIONEER AVE AT METZ WAY,"Pittsburgh city (Allegheny, PA)",Brookline,40.400098,-80.02018,kept,0,2.71,0.6,0.2,39,id
6774,REPUBLIC ST AT GREENLEAF ST,"Pittsburgh city (Allegheny, PA)",Duquesne Heights,40.439066,-80.026417,kept,0,2.71,1.6,0.2,40,id
7396,BRADDOCK AVE OPP COREY AVE,"Braddock borough (Allegheny, PA)",,40.40388,-79.869499,kept,0,2.71,2.0,1.2,61B,id
10246,WALNUT ST AT LINDEN ST,"Versailles borough (Allegheny, PA)",,40.314624,-79.829663,kept_nearby,13,2.67,0.2,0.2,60,id
10579,VERSAILLES AVE AT CRAIG ST,"McKeesport city (Allegheny, PA)",,40.345079,-79.839339,kept,0,2.67,1.2,0.2,60,id
11624,INTERBORO AVE OPP PLAPORT ST,"Pittsburgh city (Allegheny, PA)",Lincoln Place,40.373761,-79.911865,kept,0,2.67,0.8,0.2,53;53L,id
11776,KENNEDY AVE OPP WILMOT ST,"Duquesne city (Allegheny, PA)",,40.368742,-79.854521,kept,0,2.67,1.8,1.4,52L;59,id
11974,CRAWFORD AVE AT PIRL ST,"Duquesne city (Allegheny, PA)",,40.364036,-79.848616,kept_nearby,22,2.67,1.0,0.6,59,id
127,CORPORATE DR AT #5700,"McCandless township (Allegheny, PA)",,40.563606,-80.022751,loses_all_service,496,2.67,1.2,0.2,12,id
16559,ALLEGHENY AVE AT DELAWARE AVE,"Oakmont borough (Allegheny, PA)",,40.517799,-79.843205,kept,0,2.67,0.0,0.0,P78,id
1730,PENNSYLVANIA AVE AT MANHATTAN ST,"Pittsburgh city (Allegheny, PA)",Manchester,40.454102,-80.026254,kept_nearby,14,2.67,0.0,0.6,17;18,id
18293,OHIO RIVER BLVD AT ELIZABETH AVE FS,"Avalon borough (Allegheny, PA)",,40.49596,-80.067201,kept,0,2.67,2.8,2.2,14,id
18640,CHESTNUT ST AT ZONA WAY,"Pittsburgh city (Allegheny, PA)",East Allegheny,40.45703,-79.995167,kept,0,2.67,3.2,0.8,6;7,id
19405,EDGEWOOD AVE AT SAILOR PL FS,"Swissvale borough (Allegheny, PA)",,40.42343,-79.886315,kept,0,2.67,2.0,3.2,61A;P7,id
19509,PIONEER AVE OPP CRYSLER ST NS,"Pittsburgh city (Allegheny, PA)",Brookline,40.403402,-80.015607,kept,0,2.67,0.2,0.2,39,id
20194,ROBERTS ST AT WEBSTER AVE,"Pittsburgh city (Allegheny, PA)",Crawford-Roberts,40.444341,-79.984756,kept_nearby,111,2.67,1.0,0.0,81,id
20597,MONONGAHELA AVE OPP 4TH ST,"Glassport borough (Allegheny, PA)",,40.329231,-79.892578,kept,0,2.67,0.8,1.6,55,id
21096,TILBURY AVE AT WALDRON ST,"Pittsburgh city (Allegheny, PA)",Squirrel Hill South,40.431604,-79.91802,kept,0,2.67,0.0,0.0,74,id
21645,BRADDOCK AVE OPP 9TH ST,"Braddock borough (Allegheny, PA)",,40.400092,-79.864135,loses_all_service,186,2.67,1.2,0.8,61A,id
226,EAST ST OPP MILROY ST,"Pittsburgh city (Allegheny, PA)",Northview Heights,40.476754,-80.006704,kept,0,2.67,2.6,2.2,12,id
3472,MCCOY RD OPP DUNN ST,"Stowe township (Allegheny, PA)",,40.475629,-80.072771,kept,0,2.67,1.0,0.8,22,id
4049,WASHINGTON AVE AT HOPE ST,"Scott township (Allegheny, PA)",,40.396778,-80.084934,kept,0,2.67,2.6,0.0,31,id
4662,BANKSVILLE RD AT MCMONAGLE AVE,"Pittsburgh city (Allegheny, PA)",Banksville,40.399796,-80.044369,kept,0,2.67,0.6,0.4,36,id
5464,NOBLESTOWN RD AT HARRIS AVE FS,"Pittsburgh city (Allegheny, PA)",Westwood,40.434116,-80.05035,kept,0,2.67,3.4,1.8,31,id
7807,REBECCA AVE AT ARDMORE BLVD,"Wilkinsburg borough (Allegheny, PA)",,40.436802,-79.873568,kept_nearby,35,2.67,1.2,1.4,69;P68;P69,id
8052,BRINTON RD AT BRADDOCK RD,"Forest Hills borough (Allegheny, PA)",,40.422472,-79.863913,kept,0,2.67,2.6,1.6,P68,id
8096,MAPLE ST AT #843,"Turtle Creek borough (Allegheny, PA)",,40.407532,-79.823002,kept,0,2.67,2.0,1.2,P68,id
8486,TILBURY AVE AT NICHOLSON ST,"Pittsburgh city (Allegheny, PA)",Squirrel Hill South,40.430411,-79.91781,kept,0,2.67,0.0,0.0,74,id
8796,LINCOLN AVE AT MEADOW ST,"Pittsburgh city (Allegheny, PA)",Larimer,40.460999,-79.909856,kept,0,2.67,0.4,1.4,82;P17,id
883,PERRYSVILLE AVE OPP WILSON AVE,"Pittsburgh city (Allegheny, PA)",Perry South,40.46363,-80.012351,kept,0,2.67,2.0,2.0,8,id
11425,CHURCHVIEW AVE OPP WILLETT RD,"Baldwin borough (Allegheny, PA)",,40.385744,-79.971319,loses_all_service,558,2.62,0.0,0.0,44,id
1279,FOREST AVE OPP CAROLYN AVE,"Bellevue borough (Allegheny, PA)",,40.502514,-80.054345,kept,0,2.62,2.6,0.6,13,id
16967,BAUM BLVD AT AIKEN AVE,"Pittsburgh city (Allegheny, PA)",Bloomfield,40.457059,-79.938339,kept_nearby,105,2.62,1.2,1.2,77,id
18283,BEAVER ST AT ACADEMY AVE FS,"Sewickley borough (Allegheny, PA)",,40.544841,-80.187094,kept,0,2.62,1.4,1.0,14,id
18951,GREENFIELD AVE AT WINDSOR ST FS,"Pittsburgh city (Allegheny, PA)",Greenfield,40.423,-79.930411,kept,0,2.62,0.0,0.2,58,id
18954,GREENFIELD AVE AT HOOSAC ST FS,"Pittsburgh city (Allegheny, PA)",Greenfield,40.425883,-79.941162,kept,0,2.62,1.0,0.6,58;65;93,id
20003,ELECTRIC AVE AT DYNAMO WAY,"East Pittsburgh borough (Allegheny, PA)",,40.401207,-79.835075,kept,0,2.62,0.6,1.6,69;P69,id
21169,CHARTIERS AVE AT HOOVER ST,"Pittsburgh city (Allegheny, PA)",Sheraden,40.453412,-80.062187,kept,0,2.62,1.0,1.4,26,former_id
21227,CAMP HOLLOW RD AT LIVINGSTON RD FS,"West Mifflin borough (Allegheny, PA)",,40.346574,-79.926214,kept,0,2.62,0.6,0.4,53;53L;55,id
2231,ISLAND AVE OPP #1470,"Stowe township (Allegheny, PA)",,40.486778,-80.076325,kept,0,2.62,1.4,1.8,21,id
2686,DOBSON ST AT HERRON AVE,"Pittsburgh city (Allegheny, PA)",Polish Hill,40.45826,-79.964262,kept,0,2.62,2.4,0.8,54,id
3186,FREEPORT RD AT LEWIS AVE FS,"Blawnox borough (Allegheny, PA)",,40.49728,-79.855794,kept,0,2.62,4.4,2.2,1,id
3362,GRANT AVE AT VILSACK ST,"Etna borough (Allegheny, PA)",,40.505177,-79.949951,kept,0,2.62,0.6,0.6,2;P13,id
3573,ROBB ST AT HELEN ST,"McKees Rocks borough (Allegheny, PA)",,40.470637,-80.054546,kept,0,2.62,1.8,1.0,22,id
5390,WASHINGTON PIKE AT SCHULTE ST,"Bridgeville borough (Allegheny, PA)",,40.362932,-80.110293,kept,0,2.62,0.2,0.0,31;G31,id
5428,NOBLESTOWN RD AT DENISONVIEW ST,"Pittsburgh city (Allegheny, PA)",Westwood,40.435102,-80.050413,kept,0,2.62,1.0,0.6,31,id
7902,PENN AVE AT BEACON HILL DR FS,"Wilkinsburg borough (Allegheny, PA)",,40.443978,-79.864417,kept,0,2.62,0.8,0.2,67;P16;P67,id
810,PERRYSVILLE AVE AT #3835,"Pittsburgh city (Allegheny, PA)",Perry North,40.488237,-80.016822,kept,0,2.62,1.6,1.2,15;8,id
8212,NEGLEY AVE AT RIPPEY ST,"Pittsburgh city (Allegheny, PA)",East Liberty,40.466532,-79.928798,kept,0,2.62,2.2,1.0,71A;87,id
8553,LARIMER AVE AT DEARY ST,"Pittsburgh city (Allegheny, PA)",Lincoln-Lemington-Belmar,40.467793,-79.907257,kept,0,2.62,1.0,1.2,74,id
9346,CHISLETT ST AT HAMPTON ST,"Pittsburgh city (Allegheny, PA)",Morningside,40.476962,-79.929487,kept,0,2.62,1.2,1.0,75;87,id
10222,HWY RT 51 AT PRIMANTI BROTHERS,"Pleasant Hills borough (Allegheny, PA)",,40.324586,-79.943816,kept,0,2.57,1.6,1.6,55;Y46,id
12665,PITTSBURGH ST AT ORCHARD ST,"Springdale borough (Allegheny, PA)",,40.542023,-79.774696,kept,0,2.57,3.6,0.8,1;P10,id
13592,PENN CENTER BLVD OPP BLDG #3,"Wilkins township (Allegheny, PA)",,40.428246,-79.81184,kept,0,2.57,0.4,1.4,67,id
1478,BEAVER ST OPP BROAD ST,"Leetsdale borough (Allegheny, PA)",,40.569538,-80.21386,kept,0,2.57,0.2,0.2,14,id
15974,GRAND AVE OPP HUBERT ST (NEVILLE PARK AND RI,"Neville township (Allegheny, PA)",,40.512871,-80.135091,kept,0,2.57,1.6,1.0,21,id
16882,CAMBRONNE ST AT WINHURST ST,"Pittsburgh city (Allegheny, PA)",Brighton Heights,40.488497,-80.0433,kept,0,2.57,3.2,0.8,16,id
20934,GRANT AVE OPP LAUREL AVE,"Bellevue borough (Allegheny, PA)",,40.4884,-80.053093,kept,0,2.57,0.0,0.0,19L,former_id
21720,LINCOLN AVE AT LYRIC ST,"Pittsburgh city (Allegheny, PA)",Homewood West,40.463484,-79.903411,kept,0,2.57,0.4,0.0,82;P17,id
22001,EAST HILLS DR OPP #2220,"Pittsburgh city (Allegheny, PA)",East Hills,40.45469,-79.872012,kept_nearby,9,2.57,3.0,2.0,79;P17,former_id
22720,HELEN ST AT AGNES ST,"McKees Rocks borough (Allegheny, PA)",,40.512997,-80.103,kept,0,2.57,2.4,1.0,19L,id
2322,ISLAND AVE AT CUTLER ST,"McKees Rocks borough (Allegheny, PA)",,40.471707,-80.061179,kept,0,2.57,2.4,3.4,21,id
4085,BERRY ST AT SCOTIA ST,"Ingram borough (Allegheny, PA)",,40.448341,-80.06768,loses_all_service,191,2.57,1.2,2.2,26,id
4124,CHARTIERS AVE OPP OETTING ST,"Pittsburgh city (Allegheny, PA)",Chartiers City,40.457868,-80.067497,loses_all_service,301,2.57,1.6,1.8,27,id
4558,BEVERLY RD AT MEADOWCROFT AVE,"Mount Lebanon township (Allegheny, PA)",,40.38974,-80.047981,kept,0,2.57,0.6,1.4,36,id
4559,BEVERLY RD AT PARKER DR,"Mount Lebanon township (Allegheny, PA)",,40.392222,-80.046958,kept,0,2.57,0.0,1.2,36,id
5462,NOBLESTOWN RD AT BARTOW ST,"Pittsburgh city (Allegheny, PA)",Westwood,40.436195,-80.052139,kept,0,2.57,1.8,0.8,31,id
5483,NOBLESTOWN RD AT ALTER ST,"Pittsburgh city (Allegheny, PA)",East Carnegie,40.413893,-80.073256,kept,0,2.57,1.4,0.4,31,id
6915,BLOSSOM RD AT MCANULTY RD,"Baldwin borough (Allegheny, PA)",,40.343943,-79.996877,loses_all_service,941,2.57,0.0,0.0,Y45,id
8100,GRANT ST AT PENN AVE,"Turtle Creek borough (Allegheny, PA)",,40.404865,-79.825859,kept,0,2.57,2.2,3.2,P68,id
8213,NEGLEY AVE AT EAST LIBERTY BLVD,"Pittsburgh city (Allegheny, PA)",East Liberty,40.467518,-79.928196,kept,0,2.57,1.6,0.2,71A;87,id
8801,LINCOLN AVE AT UPLAND ST,"Pittsburgh city (Allegheny, PA)",Homewood West,40.463827,-79.902115,kept,0,2.57,0.2,0.6,82;P17,id
11001,W 5TH AVE AT PERRY ST,"McKeesport city (Allegheny, PA)",,40.349015,-79.876911,kept,0,2.52,0.4,2.0,55;56;59,id
11651,AMITY ST AT 10TH AVE,"Homestead borough (Allegheny, PA)",,40.405702,-79.909335,kept,0,2.52,0.2,0.2,53;53L,id
11775,KENNEDY AVE AT PETER ST,"Duquesne city (Allegheny, PA)",,40.367463,-79.855902,kept,0,2.52,1.8,1.2,52L;59,id
12100,GREENFIELD AVE AT IRVINE ST,"Pittsburgh city (Allegheny, PA)",Hazelwood,40.424858,-79.952592,kept,0,2.52,0.8,1.6,56,id
12136,GREENFIELD AVE OPP GRAPHIC ST,"Pittsburgh city (Allegheny, PA)",Greenfield,40.424318,-79.935394,kept,0,2.52,0.4,0.2,58,id
1737,METROPOLITAN ST AT CITIZEN'S BANK DRVWY,"Pittsburgh city (Allegheny, PA)",Chateau,40.455542,-80.031277,loses_all_service,208,2.52,0.0,0.0,18,id
18796,ISLAND AVE AT CHURCHILL ST,"McKees Rocks borough (Allegheny, PA)",,40.472378,-80.061609,kept,0,2.52,0.4,0.6,21,id
22724,CENTER AVE AT LOCUST AVE,"Emsworth borough (Allegheny, PA)",,40.513292,-80.095467,kept,0,2.52,0.0,0.0,19L,former_id
2606,BAUSMAN ST AT ROMEYN ST,"Pittsburgh city (Allegheny, PA)",Knoxville,40.414276,-79.992165,loses_all_service,167,2.52,1.0,1.2,54,id
3178,FREEPORT RD AT GUYS RUN RD,"Harmar township (Allegheny, PA)",,40.534012,-79.844813,kept,0,2.52,0.0,0.6,1;P16;P78,id
4855,E CARSON ST AT S 25TH ST,"Pittsburgh city (Allegheny, PA)",South Side Flats,40.42782,-79.969955,kept,0,2.52,4.8,1.2,48;75,id
5030,STEUBEN ST OPP LINDEN AVE,"Crafton borough (Allegheny, PA)",,40.438993,-80.07322,kept_nearby,34,2.52,3.8,0.8,29,id
5470,NOBLESTOWN RD AT NOBLE MANOR (RITE AID),"Pittsburgh city (Allegheny, PA)",Oakwood,40.427084,-80.055592,kept,0,2.52,1.6,1.6,31,id
6663,LABELLE ST AT PIERMONT ST,"Pittsburgh city (Allegheny, PA)",Mount Washington,40.434605,-80.016043,kept,0,2.52,0.4,1.2,40,id
7210,HAWKINS AVE AT RANKIN BLVD,"Rankin borough (Allegheny, PA)",,40.412138,-79.881089,kept_nearby,21,2.52,0.8,0.0,59;71;P71,id
7503,PENN CENTER BLVD AT PENN TOWERS (UPPER),"Wilkins township (Allegheny, PA)",,40.424416,-79.812322,kept,0,2.52,1.2,0.0,67,id
7680,WILKINS AVE AT NEGLEY AVE,"Pittsburgh city (Allegheny, PA)",Squirrel Hill North,40.444004,-79.926113,kept,0,2.52,1.2,0.2,67;69,id
8051,BRINTON RD AT FAIRFAX RD,"Forest Hills borough (Allegheny, PA)",,40.421573,-79.861297,kept,0,2.52,0.8,1.4,P68,id
8834,GROVE RD AT WESTMINSTER DR,"Penn Hills township (Allegheny, PA)",,40.473207,-79.867977,loses_all_service,685,2.52,2.4,0.2,79;P17,id
8840,CHASKE ST AT BRAMBLE ST,"Penn Hills township (Allegheny, PA)",,40.474346,-79.866036,loses_all_service,855,2.52,1.6,2.6,79;P17,id
9590,HWY RT 51 AT BOROUGH PARK DR,"Whitehall borough (Allegheny, PA)",,40.352256,-79.977752,kept,0,2.52,2.0,3.2,51;Y46,id
11198,WORTHINGTON AVE AT 10TH ST,"Clairton city (Allegheny, PA)",,40.292042,-79.893567,kept,0,2.48,2.2,0.4,Y46,id
11628,MAIN ST AT LESLIE ST,"Munhall borough (Allegheny, PA)",,40.379465,-79.907338,kept,0,2.48,0.4,1.0,53;53L,id
11970,5TH ST AT PRISCILLA AVE,"Duquesne city (Allegheny, PA)",,40.368458,-79.848412,kept,0,2.48,1.0,1.2,59,id
11971,5TH ST AT COCHRAN ST,"Duquesne city (Allegheny, PA)",,40.366692,-79.847954,kept_nearby,19,2.48,0.8,1.0,59,id
14322,WILDWOOD AVE AT FOOD PARK,"Penn Hills township (Allegheny, PA)",,40.503574,-79.840097,kept,0,2.48,0.0,0.0,P78,id
14386,FRANKSTOWN RD AT LIME HOLLOW RD,"Penn Hills township (Allegheny, PA)",,40.468456,-79.824669,kept,0,2.48,1.6,0.4,77;P16,id
16484,CRESCENT ST AT SULLIVAN WAY,"Etna borough (Allegheny, PA)",,40.502019,-79.946954,kept,0,2.48,0.2,0.2,2;P13,id
1814,N CHARLES ST AT WILSON AVE,"Pittsburgh city (Allegheny, PA)",Perry South,40.469134,-80.014589,kept_nearby,40,2.48,1.2,1.8,15,id
18678,STILLEY RD AT HWY RT 51 FS,"Brentwood borough (Allegheny, PA)",,40.361169,-79.982075,kept,0,2.48,2.0,0.6,Y49,id
18731,WEST BUSWAY AT IDLEWOOD STATION B,"Pittsburgh city (Allegheny, PA)",Oakwood,40.426263,-80.07275,kept,0,2.48,1.6,1.6,28X;G3;G31,id
19609,ISLAND AVE OPP FRANKLIN INTERIORS,"Stowe township (Allegheny, PA)",,40.483335,-80.071095,kept,0,2.48,1.4,0.6,21,id
19616,STEUBEN ST AT ELLIOTT HEIGHTS SENIOR CTR,"Pittsburgh city (Allegheny, PA)",Crafton Heights,40.441689,-80.04571,kept,0,2.48,3.8,1.4,27;29,id
20504,KIRKPATRICK ST AT ROSE ST,"Pittsburgh city (Allegheny, PA)",Middle Hill,40.444479,-79.975709,kept,0,2.48,1.2,0.0,81,id
21556,AGNEW AVE AT BECKS RUN RD,"Pittsburgh city (Allegheny, PA)",Carrick,40.396992,-79.97855,loses_all_service,721,2.48,0.0,0.0,44,id
21668,ST JOSEPH ST AT #144,"Mount Oliver borough (Allegheny, PA)",,40.413387,-79.985348,kept,0,2.48,1.8,3.6,44,former_id
2580,MILLVALE AVE AT CYPRESS ST,"Pittsburgh city (Allegheny, PA)",Bloomfield,40.458649,-79.947116,kept,0,2.48,2.0,1.6,54,id
4097,CHARTIERS AVE AT CITADEL ST FS,"Pittsburgh city (Allegheny, PA)",Sheraden,40.454256,-80.058335,kept,0,2.48,1.8,1.0,26,id
5526,NOBLESTOWN RD AT DURBIN ST,"Pittsburgh city (Allegheny, PA)",Oakwood,40.423801,-80.066531,kept,0,2.48,1.0,2.2,31,id
6260,VANADIUM RD AT ELMBROOK LN,"Scott township (Allegheny, PA)",,40.369478,-80.085734,loses_all_service,366,2.48,0.0,1.8,41,id
6688,BOGGS AVE AT LELIA ST,"Pittsburgh city (Allegheny, PA)",Mount Washington,40.421829,-80.010291,loses_all_service,192,2.48,2.2,1.0,43,id
7452,BRINTON AVE AT SHERIDAN ST,"North Braddock borough (Allegheny, PA)",,40.405054,-79.843859,kept,0,2.48,0.6,1.0,P68,id
7524,MAIN ST AT FRANKLIN ST,"East Pittsburgh borough (Allegheny, PA)",,40.396538,-79.841316,kept,0,2.48,3.2,2.2,P68,id
7904,PENN AVE AT GREENSBURG PIKE,"Wilkinsburg borough (Allegheny, PA)",,40.444677,-79.861177,kept,0,2.48,0.4,0.2,67;P16;P67,id
8451,LARIMER AVE AT APPLE ST,"Pittsburgh city (Allegheny, PA)",Lincoln-Lemington-Belmar,40.468625,-79.906449,kept,0,2.48,0.8,0.6,74,id
904,PERRYSVILLE AVE AT RICHEY AVE,"Pittsburgh city (Allegheny, PA)",Perry North,40.486722,-80.016145,kept,0,2.48,3.2,0.4,15;8,id
9329,FREEPORT RD AT MAIN ENTRANCE (WATERWORKS),"Pittsburgh city (Allegheny, PA)",Lincoln-Lemington-Belmar,40.487113,-79.886433,kept,0,2.48,1.6,0.6,1;75;91,id
965,WILSON AVE AT DRUM ST,"Pittsburgh city (Allegheny, PA)",Perry South,40.465029,-80.012784,kept,0,2.48,0.0,1.6,11,id
12602,FREEPORT RD AT CENTER AVE (BLAWNOX),"Blawnox borough (Allegheny, PA)",,40.491803,-79.865135,kept,0,2.43,1.0,0.0,1,id
1346,BEAVER ST OPP OAK DR,"Leetsdale borough (Allegheny, PA)",,40.562504,-80.204071,kept,0,2.43,1.0,0.2,14,id
13792,FRANKSTOWN RD OPP BON AIR RD,"Penn Hills township (Allegheny, PA)",,40.463679,-79.855552,kept,0,2.43,2.4,0.4,77,id
1952,CALIFORNIA AVE AT FALCK AVE,"Pittsburgh city (Allegheny, PA)",Brighton Heights,40.477976,-80.040361,kept,0,2.43,5.6,1.2,13,id
21544,SPENCER AVE AT CUSTER AVE,"Pittsburgh city (Allegheny, PA)",Carrick,40.392975,-79.976306,loses_all_service,819,2.43,0.0,0.0,44,id
21954,STANTON AVE AT WOODBINE ST FS,"Pittsburgh city (Allegheny, PA)",Stanton Heights,40.481749,-79.93921,kept,0,2.43,0.2,1.4,87,former_id
22615,BOWMAN AVE AT CHESTUT AVE,"McKeesport city (Allegheny, PA)",,40.373624,-79.873668,loses_all_service,1007,2.43,1.4,2.8,52L,id
22688,PERRY HWY AT TRION RD,"Ross township (Allegheny, PA)",,40.421196,-79.806332,kept,0,2.43,0.0,0.0,P68,id
2656,S 18TH ST OPP ST PATRICK ST,"Pittsburgh city (Allegheny, PA)",South Side Slopes,40.421488,-79.982507,kept,0,2.43,3.6,0.8,51;54,id
2658,S 18TH ST AT #2620,"Pittsburgh city (Allegheny, PA)",South Side Slopes,40.420859,-79.985839,kept,0,2.43,2.8,3.4,51;54,id
4232,MIDDLETOWN RD AT MARSHALL ST,"Ingram borough (Allegheny, PA)",,40.446697,-80.060986,kept,0,2.43,1.4,0.4,27,id
5468,NOBLESTOWN RD AT #2212,"Pittsburgh city (Allegheny, PA)",Westwood,40.429811,-80.053529,kept,0,2.43,0.0,0.6,31,id
6161,BROOKLINE BLVD AT CASTLEGATE AVE,"Pittsburgh city (Allegheny, PA)",Brookline,40.394996,-80.021754,kept,0,2.43,0.4,0.2,39,id
6289,WEST LIBERTY AVE AT #2665,"Pittsburgh city (Allegheny, PA)",Brookline,40.397479,-80.028444,kept,0,2.43,0.0,0.4,41,id
7256,RANKIN BLVD OPP BLDG #5,"Rankin borough (Allegheny, PA)",,40.413005,-79.883151,kept,0,2.43,2.0,4.8,59;61B;71;P71,id
9653,HWY RT 51 AT #4040,"Brentwood borough (Allegheny, PA)",,40.368452,-79.983506,kept,0,2.43,3.6,1.6,Y46;Y49,id
9740,CURRY HOLLOW RD OPP ARBOR LN,"Pleasant Hills borough (Allegheny, PA)",,40.336694,-79.971284,kept,0,2.43,1.4,0.0,Y47,id
12590,4TH ST AT COREY AVE,"Braddock borough (Allegheny, PA)",,40.408322,-79.867168,kept_nearby,111,2.38,1.4,1.4,59,id
12661,INDUSTRIAL BLVD AT KEY LINCOLN-MERCURY,"New Kensington city (Westmoreland, PA)",,40.563447,-79.76792,loses_all_service,183,2.38,0.8,0.6,1,id
1414,CHATEAU ST AT NORTH AVE,"Pittsburgh city (Allegheny, PA)",Manchester,40.451778,-80.027579,loses_all_service,224,2.38,0.4,0.2,14,id
14605,CENTER RD AT LORRAINE DR FS,"Monroeville municipality (Allegheny, PA)",,40.454655,-79.760244,loses_all_service,515,2.38,0.0,0.0,77,id
16201,EAST PITTSBURGH-MCKEESPORT BLV AT #625,"North Versailles township (Allegheny, PA)",,40.374323,-79.827698,kept,0,2.38,3.2,1.2,55,former_id
19738,EAST OHIO ST AT CEDAR AVE,"Pittsburgh city (Allegheny, PA)",East Allegheny,40.453372,-80.001478,kept,0,2.38,1.2,0.4,54,id
20943,JEFFERS ST OPP FADETTE ST,"Pittsburgh city (Allegheny, PA)",Sheraden,40.452097,-80.066031,kept,0,2.38,0.8,0.8,26;27,former_id
21161,HWY RT 51 AT LEWIS RUN RD,"Pleasant Hills borough (Allegheny, PA)",,40.321001,-79.942067,kept,0,2.38,1.8,0.2,Y1;Y46,former_id
22621,FRANKSTOWN OPP HOCHBERG RD FS,"Penn Hills township (Allegheny, PA)",,40.56717,-80.007044,loses_all_service,793,2.38,1.8,0.6,2;P13,id
3458,FOREST GROVE RD AT FAIRHAVEN RD,"Kennedy township (Allegheny, PA)",,40.475708,-80.099249,loses_all_service,208,2.38,1.6,0.4,20,id
3635,CHARTIERS AVE AT AMELIA ST NS,"McKees Rocks borough (Allegheny, PA)",,40.465018,-80.068155,kept,0,2.38,0.6,1.4,20,id
7614,MONTIER ST AT #1823,"Wilkinsburg borough (Allegheny, PA)",,40.448171,-79.868676,kept,0,2.38,1.0,0.6,79;P17;P78,id
7640,WILKINS AVE AT #6647,"Pittsburgh city (Allegheny, PA)",Point Breeze,40.446231,-79.914378,kept,0,2.38,1.2,1.0,67;69;74,id
8318,FIFTH AVE AT BEECHWOOD BLVD,"Pittsburgh city (Allegheny, PA)",Point Breeze,40.453542,-79.915543,kept,0,2.38,2.0,0.4,28X;71D,id
8375,HOMEWOOD AVE AT PENN AVE,"Pittsburgh city (Allegheny, PA)",Point Breeze,40.449025,-79.901395,kept_nearby,18,2.38,0.4,0.2,74,id
9421,HWY RT 51 AT BEALL DR,"Whitehall borough (Allegheny, PA)",,40.355419,-79.979426,kept,0,2.38,1.6,1.2,51;Y46,id
99979,BETHEL VILLAGE,"Bethel Park municipality (Allegheny, PA)",,40.343744,-80.046747,kept,0,2.38,1.4,2.2,BLUE;RED,id
10977,KENNYWOOD BLVD AT GLENN ST,"West Mifflin borough (Allegheny, PA)",,40.390712,-79.86932,kept,0,2.33,2.2,1.6,61C;P7,id
12605,FREEPORT RD OPP CABLE AVE,"Blawnox borough (Allegheny, PA)",,40.494788,-79.859041,kept,0,2.33,1.4,0.6,1,id
1945,CALIFORNIA AVE AT BOSTON ST,"Pittsburgh city (Allegheny, PA)",Marshall-Shadeland,40.469385,-80.035698,kept,0,2.33,1.2,0.0,13,id
19869,JANCEY ST AT BAKER ST,"Pittsburgh city (Allegheny, PA)",Morningside,40.487671,-79.924698,kept,0,2.33,1.6,0.6,75;87,id
20507,BLVD OF ALLIES AT JUMONVILLE ST,"Pittsburgh city (Allegheny, PA)",Bluff,40.436293,-79.977708,kept,0,2.33,0.6,1.8,65;67;69,id
20633,RAVENSBURG BLVD AT HWY RT 885,"Clairton city (Allegheny, PA)",,40.304618,-79.895108,kept,0,2.33,1.0,2.2,55,id
2216,GRAND AVE AT 2ND ST,"Neville township (Allegheny, PA)",,40.510366,-80.125975,kept,0,2.33,2.0,0.0,21,id
244,MCKNIGHT RD OPP NORTH HILLS VILLAGE (NORTH ENT,"Ross township (Allegheny, PA)",,40.528148,-80.006732,kept,0,2.33,1.4,5.4,12;2;O12,id
2613,HERRON AVE AT HANCOCK ST,"Pittsburgh city (Allegheny, PA)",Polish Hill,40.457016,-79.96476,kept,0,2.33,1.8,1.0,54,id
3263,HIGHLAND AVE OPP ELWOOD ST,"Pittsburgh city (Allegheny, PA)",Shadyside,40.455145,-79.925271,kept_nearby,102,2.33,0.4,0.4,71B,id
6296,WEST LIBERTY AVE OPP CAPE MAY AVE,"Pittsburgh city (Allegheny, PA)",Brookline,40.408332,-80.01776,kept,0,2.33,0.6,1.2,41,id
6744,SOUTHERN AVE OPP SIMMS ST,"Pittsburgh city (Allegheny, PA)",Mount Washington,40.422385,-80.01235,kept,0,2.33,2.2,0.2,40,id
8398,DEAN ST AT PAULSON AVE,"Pittsburgh city (Allegheny, PA)",Lincoln-Lemington-Belmar,40.468033,-79.903725,kept,0,2.33,3.6,1.0,74,id
8511,BIGELOW ST AT WINTERBURN AVE,"Pittsburgh city (Allegheny, PA)",Greenfield,40.418997,-79.939703,kept,0,2.33,0.6,0.0,58,id
9219,COLUMBO ST AT SCHENLEY AVE,"Pittsburgh city (Allegheny, PA)",Garfield,40.471602,-79.940106,kept,0,2.33,2.2,0.6,89,id
11100,SHADY AVE OPP HASTINGS ST,"Pittsburgh city (Allegheny, PA)",Squirrel Hill North,40.445796,-79.921162,kept,0,2.29,1.4,2.8,64,id
11214,HWY RT 51 AT COAL VALLEY RD,"Jefferson Hills borough (Allegheny, PA)",,40.313092,-79.938532,kept,0,2.29,0.8,2.4,Y46,id
12043,BUTTERMILK HOLLOW RD OPP THOMPSON RUN RD,"West Mifflin borough (Allegheny, PA)",,40.360766,-79.90773,kept,0,2.29,1.8,0.2,53;53L;56,id
12687,FREEPORT RD AT MULLIGAN'S,"Harmar township (Allegheny, PA)",,40.540985,-79.818588,kept,0,2.29,0.8,1.2,1;P10,id
15876,MOUNTAINVIEW DR AT CENTURY DR FS,"West Mifflin borough (Allegheny, PA)",,40.346586,-79.951512,kept,0,2.29,3.2,1.4,55;59,id
20030,UNIVERSAL RD OPP WEBSTER DR,"Penn Hills township (Allegheny, PA)",,40.463897,-79.818413,kept,0,2.29,0.0,0.0,P16,id
22722,CENTER AVE AT PENNSYLVANIA AVE,"Emsworth borough (Allegheny, PA)",,40.513075,-80.099979,kept,0,2.29,0.0,0.0,19L,former_id
23034,HIGHLAND AVE AT BROAD ST,"Pittsburgh city (Allegheny, PA)",East Liberty,40.462402,-79.924325,kept,0,2.29,0.8,3.4,71B;74;89,former_id
2420,BUTLER ST AT ISABELLA ST,"Etna borough (Allegheny, PA)",,40.494272,-79.946634,kept,0,2.29,1.6,0.2,1;2;P13,id
5106,STEUBENVILLE PIKE OPP SUNSET DR,"Robinson township (Allegheny, PA)",,40.450901,-80.138634,kept,0,2.29,2.2,1.6,24;29,id
5325,E RAILROAD ST AT 1ST ST FS,"Heidelberg borough (Allegheny, PA)",,40.393292,-80.087705,kept,0,2.29,1.2,0.8,31;G31,id
6677,SHILOH ST AT VIRGINIA AVE FS,"Pittsburgh city (Allegheny, PA)",Mount Washington,40.429105,-80.007341,kept,0,2.29,3.0,3.0,40,id
8041,BEACON ST AT WENDOVER ST,"Pittsburgh city (Allegheny, PA)",Squirrel Hill South,40.433866,-79.929223,kept,0,2.29,0.4,0.2,65;93,id
8048,BRINTON RD OPP #1584,"Braddock Hills borough (Allegheny, PA)",,40.412794,-79.857638,kept,0,2.29,1.6,0.6,P68,id
8707,DEVILLIERS ST AT WYLIE AVE,"Pittsburgh city (Allegheny, PA)",Middle Hill,40.444159,-79.980689,kept_nearby,59,2.29,0.4,1.4,83,id
8764,WEBSTER AVE AT ORION ST,"Pittsburgh city (Allegheny, PA)",Upper Hill,40.454858,-79.961966,kept,0,2.29,1.0,1.8,83,id
9220,SCHENLEY AVE OPP PACIFIC AVE,"Pittsburgh city (Allegheny, PA)",Garfield,40.47197,-79.938809,kept,0,2.29,1.8,2.6,89,id
978,WURZELL AVE AT BURGESS ST,"Pittsburgh city (Allegheny, PA)",Perry South,40.468689,-80.00416,kept,0,2.29,0.6,0.6,11,id
9849,ST CLAIR AVE AT 5TH ST,"Clairton city (Allegheny, PA)",,40.292978,-79.885698,kept,0,2.29,0.8,2.0,55;Y46,id
1277,FOREST AVE AT BALPH AVE,"Bellevue borough (Allegheny, PA)",,40.499958,-80.052374,kept,0,2.24,2.6,0.8,13,id
13526,BEATTY RD AT HAYMAKER RD,"Monroeville municipality (Allegheny, PA)",,40.448515,-79.761033,kept,0,2.24,0.0,0.0,77,id
14368,BAUM BLVD AT ENFIELD ST,"Pittsburgh city (Allegheny, PA)",Bloomfield,40.454144,-79.949348,kept_nearby,139,2.24,1.4,0.8,77,id
16611,BROWNSVILLE RD AT TOWN SQUARE DRVWY,"Brentwood borough (Allegheny, PA)",,40.366744,-79.98096,kept,0,2.24,3.0,3.8,51;51L,id
18149,FRIENDSHIP AVE OPP HOWLEY ST,"Pittsburgh city (Allegheny, PA)",Bloomfield,40.465109,-79.951069,kept,0,2.24,0.6,0.6,64,id
19876,HWY RT 51 RAMP AT HWY RT 51 (STEPS),"Pleasant Hills borough (Allegheny, PA)",,40.34238,-79.965775,kept,0,2.24,2.2,1.8,51,id
20551,MONONGAHELA AVE AT 4TH ST,"Glassport borough (Allegheny, PA)",,40.328943,-79.892465,kept,0,2.24,3.8,1.6,55,id
20793,7TH ST EXT AT TIMBER DR,"Trafford borough (Westmoreland, PA)",,40.388053,-79.748383,loses_all_service,1561,2.24,0.2,0.0,69;P69,id
22265,GRAND AVE AT #4700,"Neville township (Allegheny, PA)",,40.509425,-80.12226,kept,0,2.24,0.6,0.0,21,id
249,MCKNIGHT RD AT ROSS PARK MALL DR FS (SELF STO,"Ross township (Allegheny, PA)",,40.542549,-80.013268,kept,0,2.24,1.8,0.4,12;2;O12;P13,id
2515,MCKINLEY ST AT ALICE ST,"Pittsburgh city (Allegheny, PA)",Knoxville,40.41007,-79.994685,loses_all_service,330,2.24,0.0,0.2,54,id
3345,MT ROYAL BLVD AT MCELHENY RD,"Shaler township (Allegheny, PA)",,40.532624,-79.968151,kept,0,2.24,0.0,0.2,2;P13,id
3574,HELEN ST AT SPROUL ST,"McKees Rocks borough (Allegheny, PA)",,40.47151,-80.055306,kept,0,2.24,0.2,0.4,22,id
4447,NOBLESTOWN RD OPP #608,"Pittsburgh city (Allegheny, PA)",Westwood,40.437108,-80.040117,kept,0,2.24,0.6,0.8,31,id
4660,BANKSVILLE RD AT POTOMAC AVE,"Pittsburgh city (Allegheny, PA)",Banksville,40.403513,-80.04076,kept,0,2.24,0.2,0.0,36,id
4859,JOSEPHINE ST AT BARRY ST,"Pittsburgh city (Allegheny, PA)",South Side Slopes,40.423821,-79.969052,kept,0,2.24,2.4,1.0,48,id
5495,WASHINGTON PIKE AT GREAT SOUTHERN SC ENT #2,"Collier township (Allegheny, PA)",,40.367714,-80.104225,kept,0,2.24,1.2,0.2,31;38;G31,id
6188,BROOKLINE BLVD OPP ALTMAR ST,"Pittsburgh city (Allegheny, PA)",Brookline,40.391062,-80.000491,kept_nearby,53,2.24,0.4,0.2,39,id
6192,BROOKLINE BLVD AT #1439,"Pittsburgh city (Allegheny, PA)",Brookline,40.392472,-80.007161,kept,0,2.24,1.8,0.4,39,id
7689,DALLAS AVE AT REYNOLDS ST,"Pittsburgh city (Allegheny, PA)",Point Breeze,40.448649,-79.910179,kept,0,2.24,0.0,0.0,67;69;74,id
8099,GRANT ST AT TRI-BORO EXPWY,"Turtle Creek borough (Allegheny, PA)",,40.406308,-79.825194,kept,0,2.24,1.2,0.8,P68,id
8131,JAMES ST OPP CAROTHERS DR,"Turtle Creek borough (Allegheny, PA)",,40.412898,-79.817998,kept,0,2.24,1.8,0.6,P68,id
843,CENTER AVE AT TOWNSHIP RD,"West View borough (Allegheny, PA)",,40.518907,-80.025409,kept,0,2.24,1.2,0.2,8,id
8648,ROBINSON ST AT ALLEQUIPPA ST,"Pittsburgh city (Allegheny, PA)",West Oakland,40.4429,-79.965834,kept_nearby,25,2.24,2.4,1.6,81,id
13797,FRANKSTOWN RD AT HEBRON CHURCH PARK AND RIDE,"Penn Hills township (Allegheny, PA)",,40.460423,-79.844364,kept_nearby,20,2.19,3.0,1.0,77,id
14194,UNIVERSAL RD AT VOLUNTEER FIRE CO,"Penn Hills township (Allegheny, PA)",,40.466121,-79.824354,kept,0,2.19,0.0,0.0,P16,id
14248,VERONA RD AT THIRD ST,"Penn Hills township (Allegheny, PA)",,40.47795,-79.845127,kept,0,2.19,0.0,0.0,P78,id
14572,WASHINGTON BLVD AT FRANKSTOWN AVE,"Pittsburgh city (Allegheny, PA)",Larimer,40.458849,-79.907997,kept,0,2.19,0.0,0.0,P10,id
17733,SECOND AVE AT PGH TECH CTR (MIDDLE ACCESS RD,"Pittsburgh city (Allegheny, PA)",South Oakland,40.432779,-79.962507,kept,0,2.19,1.8,0.2,56;57;58,id
20363,TILDEN ST AT #7110,"Pittsburgh city (Allegheny, PA)",Lincoln-Lemington-Belmar,40.464796,-79.89498,kept,0,2.19,0.0,0.0,74,id
2427,GRANT AVE OPP WILSON ST,"Etna borough (Allegheny, PA)",,40.504141,-79.949046,kept,0,2.19,2.4,1.6,2;P13,id
2443,MT ROYAL BLVD AT GARDEN PL,"Shaler township (Allegheny, PA)",,40.524622,-79.96201,kept,0,2.19,2.6,0.4,2;P13,id
2595,CHESTNUT ST AT PROGRESS ST FS,"Pittsburgh city (Allegheny, PA)",Troy Hill,40.453352,-79.9928,kept,0,2.19,1.4,0.2,54,id
2741,LOWRIE ST AT SUNDEMAN ST,"Pittsburgh city (Allegheny, PA)",Troy Hill,40.466273,-79.980834,kept,0,2.19,0.2,0.6,4,id
2827,CHESTNUT ST AT PHINEAS ST (EAST OHIO),"Pittsburgh city (Allegheny, PA)",East Allegheny,40.455502,-79.994728,kept,0,2.19,2.2,4.0,6;7,id
3238,CALIFORNIA AVE AT MARQUIS WAY,"Pittsburgh city (Allegheny, PA)",California-Kirkbride,40.459355,-80.018436,kept,0,2.19,3.0,2.6,13,id
3351,MT ROYAL BLVD AT W GLENN AVE FS,"Shaler township (Allegheny, PA)",,40.521357,-79.959632,kept,0,2.19,0.2,0.0,2;P13,id
3467,MCCOY RD OPP NEVILLE AVE,"Kennedy township (Allegheny, PA)",,40.479733,-80.08387,kept,0,2.19,0.2,0.0,22,id
4100,CHARTIERS AVE AT LITCHFIELD ST STEPS,"Pittsburgh city (Allegheny, PA)",Crafton Heights,40.452532,-80.054234,kept,0,2.19,1.4,1.6,26,id
4170,NOBLE AVE AT E CRAFTON AVE,"Crafton borough (Allegheny, PA)",,40.435973,-80.064624,kept,0,2.19,0.4,0.4,29,id
5046,SUMMIT PARK DR OPP #35,"North Fayette township (Allegheny, PA)",,40.450454,-80.19045,kept,0,2.19,0.0,0.0,29,id
6414,BOWER HILL RD AT COCHRAN RD FS,"Mount Lebanon township (Allegheny, PA)",,40.38489,-80.053923,kept,0,2.19,1.4,2.2,41,id
6699,KATHLEEN ST AT CRAIGHEAD ST,"Pittsburgh city (Allegheny, PA)",Mount Washington,40.425655,-79.99866,loses_all_service,316,2.19,0.8,1.2,43,id
6852,SOUTH BUSWAY AT CENTRAL SHELTER,"Pittsburgh city (Allegheny, PA)",Brookline,40.39036,-79.998222,kept,0,2.19,0.8,0.4,Y1;Y45;Y46;Y47;Y49,id
7146,REBECCA AVE AT SWISSVALE AVE FS,"Wilkinsburg borough (Allegheny, PA)",,40.438012,-79.879136,kept_nearby,35,2.19,0.2,0.4,69;P68;P69,id
8281,PENN AVE AT LINDEN AVE,"Pittsburgh city (Allegheny, PA)",Point Breeze,40.452654,-79.9105,kept,0,2.19,1.4,0.4,71C,id
8292,WOOD ST OPP SUSQUEHANNA ST,"Wilkinsburg borough (Allegheny, PA)",,40.4481,-79.88378,kept,0,2.19,3.6,1.2,71D;86,id
881,PERRYSVILLE AVE AT LANGLEY ST,"Pittsburgh city (Allegheny, PA)",Perry South,40.462475,-80.013306,kept,0,2.19,1.6,0.8,8,id
11659,BEECHWOOD BLVD AT PARKWAY ENTRANCE,"Pittsburgh city (Allegheny, PA)",Greenfield,40.428465,-79.93104,loses_all_service,372,2.14,0.0,0.0,52L;53L,id
12118,JOHNSTON AVE OPP #857,"Pittsburgh city (Allegheny, PA)",Glen Hazel,40.40612,-79.930677,kept,0,2.14,3.6,2.2,57;93,id
12710,FREEPORT ST AT GARDEN ALLEY,"Etna borough (Allegheny, PA)",,40.496703,-79.942578,kept,0,2.14,1.4,1.6,1,id
14334,VERONA RD AT RANDOLPH LN,"Penn Hills township (Allegheny, PA)",,40.478855,-79.840787,kept,0,2.14,0.0,0.0,P78,id
164,EAST ST OPP MT PLEASANT RD,"Pittsburgh city (Allegheny, PA)",Northview Heights,40.48227,-80.005994,kept,0,2.14,1.2,0.8,12,id
19307,KATHLEEN ST AT ESTELLA AVE FS,"Pittsburgh city (Allegheny, PA)",Mount Washington,40.425594,-80.001007,loses_all_service,471,2.14,1.2,0.6,43,id
20421,MICHIGAN ST AT BELTZHOOVER AVE,"Pittsburgh city (Allegheny, PA)",Beltzhoover,40.41592,-79.997299,kept_nearby,67,2.14,0.4,0.2,54,id
6246,BANK ST AT DEWEY AVE,"Bridgeville borough (Allegheny, PA)",,40.356213,-80.110138,kept,0,2.14,2.4,0.8,41,id
7134,FORBES AVE AT PEEBLES ST,"Pittsburgh city (Allegheny, PA)",Regent Square,40.439354,-79.895012,kept,0,2.14,1.0,0.2,61A,id
7254,HARRIET ST AT 5TH AVE,"Rankin borough (Allegheny, PA)",,40.414827,-79.883297,kept,0,2.14,1.4,2.2,59;61B;71;P71,id
7284,SOUTH AVE AT CENTER ST,"Wilkinsburg borough (Allegheny, PA)",,40.441212,-79.883133,kept,0,2.14,1.2,1.2,P68,id
7324,SAVANNAH AVE AT BIDDLE AVE,"Wilkinsburg borough (Allegheny, PA)",,40.437349,-79.894215,loses_all_service,191,2.14,0.0,0.0,71;P71,id
7394,BRADDOCK AVE AT 4TH ST,"Braddock borough (Allegheny, PA)",,40.405088,-79.87165,kept,0,2.14,5.8,0.6,61B,id
7849,BROADWAY BLVD OPP WALL AVE,"Monroeville municipality (Allegheny, PA)",,40.401278,-79.780399,kept,0,2.14,1.6,1.0,69;P69,id
852,CENTER AVE AT PERRYSVILLE RD,"West View borough (Allegheny, PA)",,40.50995,-80.028263,kept,0,2.14,2.0,1.2,8,id
8666,ELMORE ST AT ROSE ST,"Pittsburgh city (Allegheny, PA)",Terrace Village,40.443855,-79.976625,kept,0,2.14,2.4,0.0,81,id
9351,CHISLETT ST AT GREENWOOD ST,"Pittsburgh city (Allegheny, PA)",Morningside,40.485262,-79.925947,kept,0,2.14,1.6,1.4,75;87,id
11048,MAIN ST AT GRACE ST,"Munhall borough (Allegheny, PA)",,40.383192,-79.904454,kept,0,2.1,3.0,1.8,53;53L,id
11629,MAIN ST AT FULTON ST,"Munhall borough (Allegheny, PA)",,40.380721,-79.906578,kept,0,2.1,0.6,0.2,53;53L,id
11911,EASTMAN ST AT GREENSPRINGS AVE FS,"West Mifflin borough (Allegheny, PA)",,40.383589,-79.877821,kept,0,2.1,2.2,1.6,59,id
14390,FRANKSTOWN RD AT BANYON DR,"Penn Hills township (Allegheny, PA)",,40.466568,-79.832756,kept,0,2.1,0.2,0.0,77,id
15747,COCHRAN RD AT ROESSLER RD,"Scott township (Allegheny, PA)",,40.392973,-80.063113,loses_all_service,324,2.1,1.4,0.0,38,id
17430,OVERLOOK PL AT PLEASANT RIDGE RD,"Stowe township (Allegheny, PA)",,40.480071,-80.07506,kept,0,2.1,2.2,0.2,22,id
18475,BROWNSVILLE RD AT W BRENTRIDGE AVE FS,"Brentwood borough (Allegheny, PA)",,40.367575,-79.978396,kept,0,2.1,3.8,1.2,51;51L,id
18523,JAMES ST AT MONROEVILLE AVE,"Turtle Creek borough (Allegheny, PA)",,40.409024,-79.818855,kept,0,2.1,2.0,1.8,P68,id
19162,COAL HOLLOW RD OPP CLIFF DR,"Penn Hills township (Allegheny, PA)",,40.463554,-79.844771,kept,0,2.1,0.0,0.0,P78,id
19215,CHARTIERS AVE AT OLTMAN ST FS,"Pittsburgh city (Allegheny, PA)",Chartiers City,40.458543,-80.069268,loses_all_service,414,2.1,1.2,1.4,27,id
19476,LINCOLN HWY AT JACKS RUN RD FS,"North Versailles township (Allegheny, PA)",,40.368467,-79.780755,loses_all_service,2613,2.1,0.0,0.0,P76,id
20486,HAZELWOOD AVE AT #737,"Pittsburgh city (Allegheny, PA)",Greenfield,40.419915,-79.931716,kept,0,2.1,2.2,1.0,58;93,id
20941,PARKER ST AT KOEHLER ST FS,"Shaler township (Allegheny, PA)",,40.494289,-79.958847,kept,0,2.1,1.0,0.0,2,id
2518,CAMFIELD ST AT BANDI AVE,"Pittsburgh city (Allegheny, PA)",Bon Air,40.409222,-79.99836,loses_all_service,425,2.1,0.2,0.4,54,id
4113,STEUBEN ST AT ALEXANDER ST,"Pittsburgh city (Allegheny, PA)",West End,40.44192,-80.034611,kept,0,2.1,0.6,0.6,26;27;29,id
4227,MIDDLETOWN RD AT #3205,"Pittsburgh city (Allegheny, PA)",Windgap,40.450797,-80.066925,kept,0,2.1,0.6,0.2,27,id
5480,NOBLESTOWN RD OPP HAWTHORNE ST,"Pittsburgh city (Allegheny, PA)",East Carnegie,40.416189,-80.067468,kept,0,2.1,2.6,1.4,31,id
6402,WEST LIBERTY AVE AT CAPE MAY AVE,"Pittsburgh city (Allegheny, PA)",Beechview,40.408661,-80.017676,kept,0,2.1,0.8,0.4,41,id
6661,GRANDVIEW AVE AT HALLOCK ST,"Pittsburgh city (Allegheny, PA)",Mount Washington,40.43731,-80.01733,kept,0,2.1,0.0,1.0,40,id
7714,MONTIER ST AT PARK AVE,"Wilkinsburg borough (Allegheny, PA)",,40.4459,-79.871688,kept,0,2.1,2.4,1.2,79;P17;P78,id
8042,BEACON ST AT WIGHTMAN ST,"Pittsburgh city (Allegheny, PA)",Squirrel Hill South,40.434014,-79.928029,kept,0,2.1,0.0,0.2,65;93,id
8077,JAMES ST OPP HARPER DR,"Turtle Creek borough (Allegheny, PA)",,40.416761,-79.814647,kept,0,2.1,1.4,0.4,P68,id
8979,CLARISSA ST AT LYON ST,"Pittsburgh city (Allegheny, PA)",Upper Hill,40.453145,-79.959898,kept,0,2.1,0.2,0.4,83,id
9018,TERRACE ST OPP DUNSSEITH ST,"Pittsburgh city (Allegheny, PA)",West Oakland,40.440388,-79.964965,kept,0,2.1,1.0,0.6,81;83,id
9200,OAKWOOD ST AT INGLENOOK PL FS,"Pittsburgh city (Allegheny, PA)",Homewood South,40.450724,-79.884536,kept,0,2.1,1.6,1.6,71D;86,id
9845,DESIDERIO BLVD OPP WASHINGTON AVE,"Clairton city (Allegheny, PA)",,40.286903,-79.894837,kept,0,2.1,1.6,0.6,Y46,id
1015,CENTER AVE AT WAVERLY AVE,"West View borough (Allegheny, PA)",,40.517462,-80.035564,kept,0,2.05,5.4,0.2,13,id
10975,KENNYWOOD BLVD AT MIFFLIN ST,"Whitaker borough (Allegheny, PA)",,40.401454,-79.880826,kept,0,2.05,1.0,1.4,61C;P7,id
12007,PENNSYLVANIA AVE AT MIFFLIN ST,"West Mifflin borough (Allegheny, PA)",,40.362182,-79.854977,kept,0,2.05,0.8,2.0,59,id
13515,WM PENN HWY AT VALUE CITY,"Monroeville municipality (Allegheny, PA)",,40.436615,-79.782997,kept,0,2.05,0.4,0.4,67,id
13593,PENN CENTER BLVD AT WM PENN HWY,"Wilkins township (Allegheny, PA)",,40.429811,-79.811999,kept,0,2.05,2.0,1.2,67,id
1577,CHURCH AVE AT FOREST AVE,"Ben Avon borough (Allegheny, PA)",,40.508209,-80.082928,kept,0,2.05,0.0,0.0,19L,id
170,EAST ST OPP LAREDA ST,"Pittsburgh city (Allegheny, PA)",Spring Hill-City View,40.462822,-79.998985,kept,0,2.05,1.0,1.0,12,id
17519,AMITY ST AT 7TH ST,"Homestead borough (Allegheny, PA)",,40.407336,-79.911127,kept,0,2.05,2.0,2.4,57,id
19614,INGRAM AVE AT MARCROSS AVE,"Ingram borough (Allegheny, PA)",,40.44385,-80.06631,kept,0,2.05,1.0,0.2,26;27,id
20180,CENTER AVE OPP NORWICH ST,"West View borough (Allegheny, PA)",,40.517605,-80.023167,kept,0,2.05,1.8,1.6,8,id
20732,COAL HOLLOW RD AT FRANKSTOWN RD FS,"Penn Hills township (Allegheny, PA)",,40.460893,-79.842446,kept,0,2.05,0.0,0.0,P78,id
22009,EAST HILLS DR OPP WILNER DR,"Pittsburgh city (Allegheny, PA)",East Hills,40.455206,-79.871112,kept,0,2.05,2.6,2.0,79;P17,former_id
22404,W CARSON ST OPP BUSWAY RAMP FS,"Pittsburgh city (Allegheny, PA)",Elliott,40.451017,-80.037035,kept,0,2.05,0.2,0.4,20;21;22;24,former_id
22630,ALCOMA BLVD AT #225,"Penn Hills township (Allegheny, PA)",,40.491359,-79.969759,kept,0,2.05,1.0,1.0,2,id
22730,MONROEVILLE BLVD AT OXFORD DR,"Monroeville municipality (Allegheny, PA)",,40.51025,-80.086899,kept,0,2.05,1.2,1.8,19L,id
22848,SANCTUS ST AT MAIN ST,"Pittsburgh city (Allegheny, PA)",West End,40.441531,-80.032803,kept,0,2.05,0.4,1.2,38,former_id
5466,NOBLESTOWN RD AT #2128,"Pittsburgh city (Allegheny, PA)",Westwood,40.431988,-80.0527,kept,0,2.05,1.6,0.8,31,id
6169,FREEDOM AVE AT MERRICK AVE,"Pittsburgh city (Allegheny, PA)",Brookline,40.390076,-80.010468,loses_all_service,164,2.05,0.4,0.0,39,id
6403,WEST LIBERTY AVE AT CURRANHILL AVE,"Pittsburgh city (Allegheny, PA)",Beechview,40.405405,-80.018885,kept,0,2.05,2.6,1.0,41,id
6716,SOUTHERN AVE OPP SOFFEL ST,"Pittsburgh city (Allegheny, PA)",Mount Washington,40.419825,-80.013304,kept,0,2.05,0.8,1.2,40,id
6825,PROVOST RD AT MULBERRY CT,"Whitehall borough (Allegheny, PA)",,40.362988,-79.992186,loses_all_service,287,2.05,0.2,0.0,Y47,id
7454,BRINTON AVE OPP BOWERS ST,"North Braddock borough (Allegheny, PA)",,40.402566,-79.842008,kept,0,2.05,1.4,1.6,P68,id
7603,LAKETON RD OPP SOUTHERN AVE,"Penn Hills township (Allegheny, PA)",,40.457986,-79.851537,kept,0,2.05,0.0,0.0,P78,id
8325,HAMILTON AVE AT DALLAS AVE,"Pittsburgh city (Allegheny, PA)",Homewood West,40.456269,-79.9049,kept,0,2.05,2.2,0.8,71D,id
8953,PARK HILL DR AT EAST HILLS DR,"Pittsburgh city (Allegheny, PA)",East Hills,40.456557,-79.87189,kept,0,2.05,0.2,1.2,79;P17,former_id
9134,FRANKSTOWN AVE AT LASCHALL ST,"Pittsburgh city (Allegheny, PA)",Homewood West,40.458317,-79.906265,kept,0,2.05,0.6,0.8,77;86,id
9152,FRANKSTOWN RD OPP WOODS RD,"Pittsburgh city (Allegheny, PA)",East Hills,40.459716,-79.873906,kept,0,2.05,2.6,2.0,77,id
10815,W 5TH AVE OPP RAMP #1,"McKeesport city (Allegheny, PA)",,40.349985,-79.871699,kept,0,2.0,2.0,0.4,55;56;59,id
11082,SHADY AVE AT HASTINGS ST,"Pittsburgh city (Allegheny, PA)",Point Breeze,40.44557,-79.920974,kept,0,2.0,3.4,1.8,64,id
14456,ALLEGHENY RIVER BLVD AT SOUTH AVE,"Verona borough (Allegheny, PA)",,40.504742,-79.843076,kept,0,2.0,0.0,0.0,P78,id
14920,LONG RD AT DATURA DR,"Penn Hills township (Allegheny, PA)",,40.462399,-79.833922,kept,0,2.0,0.0,0.0,P16,id
1702,ISLAND AVE AT BEAVER AVE,"Pittsburgh city (Allegheny, PA)",Chateau,40.461933,-80.032517,loses_all_service,164,2.0,0.0,0.0,18,id
18659,WEST LIBERTY AVE AT MCFARLAND RD,"Dormont borough (Allegheny, PA)",,40.389702,-80.041496,kept,0,2.0,0.6,0.6,41,id
18848,KNOEDLER RD AT BROWNSVILLE RD FS,"Baldwin borough (Allegheny, PA)",,40.341621,-79.984516,kept,0,2.0,0.6,0.0,Y47,id
19533,BUTLER ST OPP MAPLEWOOD ST,"Etna borough (Allegheny, PA)",,40.498846,-79.943781,kept,0,2.0,0.0,0.0,2;P13,id
19836,WM PENN HWY OPP KINGSTON DR,"Wilkins township (Allegheny, PA)",,40.429811,-79.809405,kept,0,2.0,0.8,0.8,67;P67,id
19902,HAZELWOOD AVE OPP #711,"Pittsburgh city (Allegheny, PA)",Hazelwood,40.419791,-79.932618,kept,0,2.0,1.8,0.2,58;93,id
20114,UPMC EAST DRIVE OPP HOSPITAL,"Monroeville municipality (Allegheny, PA)",,40.437388,-79.759807,kept,0,2.0,1.0,0.0,67,id
20594,MONONGAHELA AVE OPP 1ST ST,"Glassport borough (Allegheny, PA)",,40.334484,-79.89112,kept,0,2.0,2.8,1.0,55,id
22402,W CARSON ST AT EARL ST,"Pittsburgh city (Allegheny, PA)",Esplen,40.460217,-80.048287,kept,0,2.0,1.6,0.4,20;21;22;24,former_id
22620,FRANKSTOWN RD AT HOCHBERG RD,"Penn Hills township (Allegheny, PA)",,40.470705,-79.986046,loses_all_service,484,2.0,2.0,0.6,7,id
22624,COMMONWEALTH AVE AT OVERLAND AVE,"Duquesne city (Allegheny, PA)",,40.505272,-80.10482,kept,0,2.0,1.4,1.6,21,id
2808,ESSEN ST AT SUNSET AVE,"Pittsburgh city (Allegheny, PA)",Spring Hill-City View,40.473239,-80.000709,kept,0,2.0,2.2,2.6,6,id
2822,ITIN ST AT GOEHRING ST,"Pittsburgh city (Allegheny, PA)",East Allegheny,40.461071,-79.993394,kept,0,2.0,0.8,0.2,6,id
4142,CHARTIERS AVE OPP MUNICIPAL ST,"Pittsburgh city (Allegheny, PA)",Sheraden,40.452196,-80.052669,kept,0,2.0,1.6,0.6,26,id
4656,BANKSVILLE RD AT CHAPPEL AVE,"Pittsburgh city (Allegheny, PA)",Banksville,40.409498,-80.032073,kept,0,2.0,0.0,1.4,36,id
4672,COCHRAN RD AT ALTOONA PL,"Mount Lebanon township (Allegheny, PA)",,40.383011,-80.052547,kept,0,2.0,0.2,0.2,36,id
48,LOGAN ROAD,"Bethel Park municipality (Allegheny, PA)",,40.311297,-80.033358,kept,0,2.0,0.8,0.6,SLVR,former_id
4842,E CARSON ST OPP S 2ND ST,"Pittsburgh city (Allegheny, PA)",South Shore,40.430133,-79.999278,kept,0,2.0,1.4,0.8,48;51,id
5099,STEUBEN ST AT INGRAM AVE,"Crafton borough (Allegheny, PA)",,40.440339,-80.079797,kept,0,2.0,0.6,0.6,29,id
6657,GRANDVIEW AVE AT SHALER ST,"Pittsburgh city (Allegheny, PA)",Duquesne Heights,40.440396,-80.023224,kept,0,2.0,0.2,0.2,40,id
6995,ARLINGTON AVE AT NEWTON ST,"Pittsburgh city (Allegheny, PA)",South Side Slopes,40.426487,-79.99288,kept,0,2.0,0.8,1.4,43,id
7012,GEARING AVE AT CHALFONT ST,"Pittsburgh city (Allegheny, PA)",Beltzhoover,40.416665,-80.004943,kept,0,2.0,0.4,0.4,44,id
7245,MONONGAHELA AVE AT MCCLURE AVE,"Swissvale borough (Allegheny, PA)",,40.423057,-79.891175,kept,0,2.0,1.2,2.0,61B;71;P71,id
7625,HAY ST AT PENN AVE,"Wilkinsburg borough (Allegheny, PA)",,40.444335,-79.885783,kept_nearby,48,2.0,1.2,2.2,67;69,id
8280,PENN AVE AT FIFTH AVE,"Pittsburgh city (Allegheny, PA)",Shadyside,40.454221,-79.912814,kept,0,2.0,0.0,0.0,71C,id
8452,LARIMER AVE OPP DEARY ST,"Pittsburgh city (Allegheny, PA)",Lincoln-Lemington-Belmar,40.467954,-79.907125,kept,0,2.0,0.8,0.0,74,id
927,CENTER AVE AT RIDGEWOOD AVE STEPS,"West View borough (Allegheny, PA)",,40.515096,-80.023044,kept,0,2.0,3.4,1.8,8,id
9286,STANTON AVE AT MELLON ST,"Pittsburgh city (Allegheny, PA)",East Liberty,40.471068,-79.925085,kept,0,2.0,3.0,1.0,75,id
9960,ST CLAIR AVE AT STATE ST FS,"Clairton city (Allegheny, PA)",,40.292409,-79.875144,kept,0,2.0,1.2,1.4,55;Y46,id
1019,CENTER AVE AT CORNELL AVE,"West View borough (Allegheny, PA)",,40.519643,-80.043542,kept,0,1.95,2.6,0.4,13,id
10748,LINCOLN HWY OPP LINCOLN SQ SR CITIZEN HOME,"North Versailles township (Allegheny, PA)",,40.386925,-79.827746,kept,0,1.95,2.4,1.0,55;P76,id
11015,LEBANON CHURCH RD AT POLK AVE,"West Mifflin borough (Allegheny, PA)",,40.354259,-79.912274,kept,0,1.95,1.6,0.0,56;59,id
11975,CRAWFORD AVE AT STATE ST,"Duquesne city (Allegheny, PA)",,40.36367,-79.849599,kept_nearby,15,1.95,0.8,3.0,59,id
12081,IRVINE ST AT TULLYMET ST,"Pittsburgh city (Allegheny, PA)",Hazelwood,40.414518,-79.945884,kept,0,1.95,0.4,0.2,56,id
14326,VERONA RD AT RAITHEL ST,"Penn Hills township (Allegheny, PA)",,40.496224,-79.83683,kept,0,1.95,0.0,0.0,P78,id
15885,RUTH ST OPP KATHLEEN ST,"Pittsburgh city (Allegheny, PA)",Mount Washington,40.425795,-80.005168,loses_all_service,339,1.95,1.8,1.2,43,id
1615,BRIGHTON RD AT TERMON AVE,"Pittsburgh city (Allegheny, PA)",Brighton Heights,40.482962,-80.035329,kept,0,1.95,3.0,2.2,16;17,id
19246,WASHINGTON PIKE AT THOMS RUN RD - WOODVILLE PNR,"Collier township (Allegheny, PA)",,40.38133,-80.094755,kept,0,1.95,0.8,0.0,31;38;G31,id
20697,ALCOMA BLVD AT SALTSBURG RD,"Penn Hills township (Allegheny, PA)",,40.481518,-79.804679,kept,0,1.95,12.6,4.8,77,id
20947,BLOSSOM DR AT CLELIA DR,"Baldwin borough (Allegheny, PA)",,40.34439,-80.000276,loses_all_service,1204,1.95,0.0,0.0,Y45,id
22254,FRANKSTOWN AVE AT LAWNDALE ST,"Pittsburgh city (Allegheny, PA)",Homewood North,40.455226,-79.88172,kept,0,1.95,1.8,1.8,77,former_id
22793,UNIVERSITY BLVD OPP CARNOT RD,"Moon township (Allegheny, PA)",,40.515241,-80.222424,kept,0,1.95,0.0,0.0,21,former_id
2878,SPRING GARDEN OPP TELL ST,"Pittsburgh city (Allegheny, PA)",Spring Garden,40.46072,-79.988668,kept,0,1.95,0.0,0.0,7,id
3274,HIGHLAND AVE AT STANTON AVE,"Pittsburgh city (Allegheny, PA)",East Liberty,40.469594,-79.921019,kept,0,1.95,0.4,1.2,71B,id
3360,GRANT AVE AT BYERLEY AVE,"Etna borough (Allegheny, PA)",,40.508183,-79.951881,kept,0,1.95,0.8,0.0,2;P13,id
4053,CAROTHERS AVE AT PACHEL WAY,"Scott township (Allegheny, PA)",,40.399545,-80.088222,loses_all_service,414,1.95,0.0,0.0,G31,id
4091,JEFFERS ST AT FADETTE ST,"Pittsburgh city (Allegheny, PA)",Sheraden,40.452025,-80.065951,kept,0,1.95,3.2,1.8,26;27,id
4804,JOSEPHINE ST AT #3203,"Pittsburgh city (Allegheny, PA)",South Side Slopes,40.41996,-79.964246,kept,0,1.95,1.2,1.2,48,id
6082,PIONEER AVE AT ROSSMORE AVE,"Pittsburgh city (Allegheny, PA)",Brookline,40.397892,-80.02288,kept,0,1.95,0.6,0.4,39,id
7139,KELLY AVE AT PITT ST,"Wilkinsburg borough (Allegheny, PA)",,40.440568,-79.889636,kept,0,1.95,0.0,0.2,61A;71;P71,id
7775,AIRBRAKE AVE AT 11TH ST,"Turtle Creek borough (Allegheny, PA)",,40.403275,-79.822954,kept,0,1.95,0.8,0.4,69;P69,id
7816,ARDMORE BLVD OPP AVE B -FOREST HILLS PARK AND R,"Forest Hills borough (Allegheny, PA)",,40.4132,-79.845258,kept,0,1.95,2.6,1.0,59;69;P69;P76,id
7835,AIRBRAKE AVE OPP 2ND ST,"Wilmerding borough (Allegheny, PA)",,40.399457,-79.8154,kept,0,1.95,1.0,0.2,69;P69,id
9002,ADELAIDE ST AT MILWAUKEE ST,"Pittsburgh city (Allegheny, PA)",Upper Hill,40.454494,-79.960494,kept_nearby,85,1.95,0.2,1.4,83,id
10144,HWY RT 51 OPP PRIMANTI BROTHERS,"Pleasant Hills borough (Allegheny, PA)",,40.323893,-79.943333,kept,0,1.9,2.8,0.8,55;Y46,id
10370,WALNUT ST AT 13TH AVE,"McKeesport city (Allegheny, PA)",,40.342472,-79.86224,kept,0,1.9,2.6,1.0,60,id
10932,LEBANON CHURCH RD OPP POLK AVE,"West Mifflin borough (Allegheny, PA)",,40.354194,-79.9122,kept,0,1.9,1.0,1.4,56;59,id
11065,HAZELWOOD AVE AT GREENFIELD AVE,"Pittsburgh city (Allegheny, PA)",Hazelwood,40.419731,-79.928993,kept,0,1.9,0.6,0.4,93,id
11068,GREENFIELD AVE AT DELEVAN ST,"Pittsburgh city (Allegheny, PA)",Greenfield,40.423521,-79.931631,kept,0,1.9,0.2,0.2,58,id
12135,GREENFIELD AVE AT MCCASLIN ST,"Pittsburgh city (Allegheny, PA)",Greenfield,40.424087,-79.936474,kept,0,1.9,0.4,0.2,58,id
12683,FREEPORT RD AT WILSON AVE,"Harmar township (Allegheny, PA)",,40.540666,-79.809401,kept,0,1.9,2.8,1.6,1;P10,id
1321,CALIFORNIA AVE AT HOME AVE,"Avalon borough (Allegheny, PA)",,40.498584,-80.0617,kept,0,1.9,1.4,1.6,16;19L,id
14193,UNIVERSAL RD AT POPLAR RIDGE RD FS,"Penn Hills township (Allegheny, PA)",,40.464636,-79.820254,kept,0,1.9,0.0,0.0,P16,id
1848,CALIFORNIA AVE AT CHELLIS ST,"Pittsburgh city (Allegheny, PA)",Brighton Heights,40.486167,-80.043436,kept,0,1.9,1.4,0.4,13,id
19465,COLUMBO ST AT ATLANTIC AVE,"Pittsburgh city (Allegheny, PA)",Garfield,40.46895,-79.938115,kept,0,1.9,0.8,0.2,89,id
19879,LEBANON CHURCH RD AT COMFORT INN,"West Mifflin borough (Allegheny, PA)",,40.345996,-79.957292,kept,0,1.9,0.4,1.0,51;Y47,id
20630,CLYDE AVE AT PORT PERRY RD,"North Versailles township (Allegheny, PA)",,40.385949,-79.83278,loses_all_service,377,1.9,1.6,0.2,55,id
20735,MANSFIELD BLVD OPP JEFFERSON ST (CARNEGIE STATION,"Carnegie borough (Allegheny, PA)",,40.406141,-80.089826,kept_nearby,20,1.9,0.0,0.0,G31,id
22765,BRADDOCK AVE OPP HERITAGE HIGHLANDS,"Rankin borough (Allegheny, PA)",,40.381636,-79.859677,kept,0,1.9,0.0,0.0,59,id
2348,GRAND AVE AT 4TH ST,"Neville township (Allegheny, PA)",,40.510925,-80.127541,kept,0,1.9,1.4,1.2,21,id
248,MCKNIGHT RD AT MR TIRE,"Ross township (Allegheny, PA)",,40.540299,-80.012019,kept,0,1.9,1.0,1.6,12;2;O12,former_id
2604,BAUSMAN ST OPP GEORGIA AVE STEPS,"Pittsburgh city (Allegheny, PA)",Knoxville,40.414204,-79.994949,loses_all_service,250,1.9,0.4,0.4,54,id
2612,HERRON AVE AT DOBSON ST,"Pittsburgh city (Allegheny, PA)",Polish Hill,40.458354,-79.964275,kept,0,1.9,0.6,0.2,54,id
3173,FREEPORT RD AT COMFORT INN,"Harmar township (Allegheny, PA)",,40.538296,-79.83271,loses_all_service,160,1.9,1.2,0.8,1,id
4806,JOSEPHINE ST AT #3033,"Pittsburgh city (Allegheny, PA)",South Side Slopes,40.42191,-79.964981,kept,0,1.9,3.0,1.8,48,id
6163,BROOKLINE BLVD AT STEBBINS AVE,"Pittsburgh city (Allegheny, PA)",Brookline,40.39315,-80.0192,kept,0,1.9,1.2,0.2,39,id
6258,BOWER HILL RD AT ROCKHILL RD,"Scott township (Allegheny, PA)",,40.366595,-80.08637,loses_all_service,661,1.9,0.4,0.4,41,id
6840,SOUTH BUSWAY AT CENTRAL SHELTER,"Pittsburgh city (Allegheny, PA)",Brookline,40.390282,-79.998173,kept,0,1.9,1.4,0.4,Y1;Y45;Y46;Y47;Y49,id
7283,SOUTH AVE AT MULBERRY ST,"Wilkinsburg borough (Allegheny, PA)",,40.441622,-79.884348,kept,0,1.9,2.8,0.6,P68,id
7767,MIDDLE AVE AT 1ST ST,"Wilmerding borough (Allegheny, PA)",,40.398204,-79.812496,kept,0,1.9,0.2,0.8,69;P69,id
8334,HAMILTON AVE AT HALE ST,"Pittsburgh city (Allegheny, PA)",Homewood South,40.452353,-79.887665,kept,0,1.9,0.0,0.2,71D,id
9347,CHISLETT ST AT BRYANT ST,"Pittsburgh city (Allegheny, PA)",Morningside,40.478971,-79.92884,kept,0,1.9,0.2,0.0,75;87,id
11213,HWY RT 51 OPP ELLIOTT RD,"Jefferson Hills borough (Allegheny, PA)",,40.309895,-79.937161,kept,0,1.86,1.2,1.0,Y46,id
11772,MELLON ST AT TEXAS AVE,"West Mifflin borough (Allegheny, PA)",,40.365537,-79.859248,kept,0,1.86,0.4,1.0,52L;59,id
12010,CRAWFORD AVE AT STATE ST,"Duquesne city (Allegheny, PA)",,40.363562,-79.849713,kept,0,1.86,1.0,1.6,59,id
12013,CRAWFORD AVE OPP 5TH ST,"Duquesne city (Allegheny, PA)",,40.364567,-79.846973,kept,0,1.86,3.4,1.8,59,id
12053,LEBANON CHURCH RD AT COUNTY AIRPORT ENTRANCE,"West Mifflin borough (Allegheny, PA)",,40.350432,-79.92675,kept,0,1.86,2.0,0.2,59,id
12236,WINTERBURN AVE AT FARNSWORTH ST FS,"Pittsburgh city (Allegheny, PA)",Greenfield,40.423166,-79.939859,kept,0,1.86,0.4,0.8,58,id
12238,WINTERBURN AVE AT BIGELOW ST,"Pittsburgh city (Allegheny, PA)",Greenfield,40.419024,-79.939888,kept,0,1.86,0.6,0.0,58,id
16347,MT TROY RD AT BAUN RD,"Reserve township (Allegheny, PA)",,40.481491,-79.989209,loses_all_service,1011,1.86,1.0,3.0,4,id
16614,KNOEDLER RD AT BALDWIN TOWERS (#200),"Baldwin borough (Allegheny, PA)",,40.341909,-79.982312,kept,0,1.86,0.8,0.0,Y47,id
18165,FIFTH AVE AT BRENHAM ST FS,"Pittsburgh city (Allegheny, PA)",West Oakland,40.436504,-79.968541,loses_all_service,346,1.86,2.8,1.2,54;61A;61B;61C;61D;71A;71B;71C;71D;75;81;83,id
18641,16TH ST AT PENN AVE,"Pittsburgh city (Allegheny, PA)",Strip District,40.448769,-79.987392,kept,0,1.86,2.2,2.6,54,id
18658,WEST LIBERTY AVE AT KELTON AVE FS,"Dormont borough (Allegheny, PA)",,40.39259,-80.037533,kept,0,1.86,0.4,1.2,41,id
18980,UPLAND ST AT APPLE ST,"Pittsburgh city (Allegheny, PA)",Homewood North,40.461895,-79.893609,kept,0,1.86,0.8,0.2,74,id
19055,FRANKSTOWN RD AT CRESCENT HILLS RD FS,"Penn Hills township (Allegheny, PA)",,40.472955,-79.820262,kept,0,1.86,1.4,0.0,77;P16,id
1911,MARSHALL AVE AT NEW HAMPSHIRE DR,"Pittsburgh city (Allegheny, PA)",Marshall-Shadeland,40.464644,-80.027586,kept,0,1.86,0.4,1.2,17,id
19296,GRANDVIEW AVE OPP COHASSETT ST,"Pittsburgh city (Allegheny, PA)",Mount Washington,40.437917,-80.01825,kept,0,1.86,0.4,0.4,40,id
19548,BAUSMAN AVE AT GRIMES AVE,"Pittsburgh city (Allegheny, PA)",Knoxville,40.414327,-79.99293,loses_all_service,220,1.86,0.8,0.2,54,id
19781,BAUM BLVD AT ENFIELD ST FS,"Pittsburgh city (Allegheny, PA)",Bloomfield,40.454073,-79.949176,kept_nearby,128,1.86,1.6,0.0,77,id
20631,MONONGAHELA AVE AT LINCOLN ST,"Glassport borough (Allegheny, PA)",,40.339894,-79.888024,kept,0,1.86,1.0,0.6,55,id
20882,HAZELWOOD AVE AT CALVARY ST,"Pittsburgh city (Allegheny, PA)",Hazelwood,40.419456,-79.934099,kept,0,1.86,1.2,0.4,93,id
21264,BEECHWOOD BLVD OPP MONITOR ST FS,"Pittsburgh city (Allegheny, PA)",Greenfield,40.42551,-79.926852,kept_nearby,113,1.86,0.0,0.0,52L;53L,id
21363,IVORY AVE OPP SCHERLING ST,"Pittsburgh city (Allegheny, PA)",Summer Hill,40.49599,-80.007329,loses_all_service,425,1.86,0.0,0.4,4,id
21547,CUSTER AVE AT JOSEPH ST,"Baldwin borough (Allegheny, PA)",,40.394506,-79.970163,loses_all_service,1213,1.86,0.0,0.0,44,id
21552,AGNEW RD AT ACADEMY CHARTER SCHOOL DRVWY,"Baldwin borough (Allegheny, PA)",,40.399378,-79.967591,loses_all_service,1350,1.86,0.0,0.0,44,id
221,EAST ST AT LAREDA ST,"Pittsburgh city (Allegheny, PA)",Spring Hill-City View,40.462256,-79.998861,kept,0,1.86,1.0,1.2,12,id
3338,MT ROYAL BLVD AT HARTLE RD,"Shaler township (Allegheny, PA)",,40.541251,-79.972346,kept,0,1.86,1.0,0.2,2;P13,id
5103,STEUBENVILLE PIKE OPP WEST HILLS PLAZA,"Robinson township (Allegheny, PA)",,40.451542,-80.131007,kept,0,1.86,0.2,0.0,29,id
7053,HAWKINS AVE AT 2ND ST,"North Braddock borough (Allegheny, PA)",,40.411868,-79.869768,kept,0,1.86,0.4,0.6,59;61A,id
7055,WOODSTOCK AVE AT #2695,"Swissvale borough (Allegheny, PA)",,40.414302,-79.872644,kept,0,1.86,1.0,0.6,59;61A,id
7133,FORBES AVE AT EAST END AVE,"Pittsburgh city (Allegheny, PA)",Regent Square,40.439716,-79.89666,kept,0,1.86,0.6,2.2,61A,id
7497,WM PENN HWY AT SAM'S WAREHOUSE DRVWY,"Monroeville municipality (Allegheny, PA)",,40.43327,-79.798401,kept,0,1.86,1.0,3.2,67;P67,id
7570,MAIN ST AT HOWARD ST,"East Pittsburgh borough (Allegheny, PA)",,40.397474,-79.841255,kept,0,1.86,1.6,1.2,P68,id
7828,AIRBRAKE AVE OPP 11TH ST,"Turtle Creek borough (Allegheny, PA)",,40.403254,-79.823119,kept,0,1.86,0.4,0.4,69;P69,id
7968,PENN AVE AT SUPERIOR ST,"Wilkinsburg borough (Allegheny, PA)",,40.442463,-79.867884,kept,0,1.86,0.2,0.6,67;P67,id
8833,GROVE RD AT SUNCREST DR,"Penn Hills township (Allegheny, PA)",,40.470995,-79.866867,loses_all_service,485,1.86,0.8,0.8,79;P17,id
884,PERRYSVILLE AVE AT CLAYTON AVE,"Pittsburgh city (Allegheny, PA)",Perry South,40.46406,-80.011255,kept,0,1.86,1.2,1.4,8,id
888,PERRYSVILLE AVE AT MCINTYRE AVE,"Pittsburgh city (Allegheny, PA)",Perry South,40.468736,-80.009447,kept,0,1.86,1.2,0.8,8,id
9164,EAST HILLS DR AT #2220,"Pittsburgh city (Allegheny, PA)",East Hills,40.454613,-79.87204,kept,0,1.86,3.0,1.0,79;P17,id
9255,AIKEN AVE AT PENN AVE,"Pittsburgh city (Allegheny, PA)",Garfield,40.464795,-79.936414,kept,0,1.86,0.4,0.0,89,id
1016,CENTER AVE AT CHALFONTE AVE,"West View borough (Allegheny, PA)",,40.520224,-80.037876,kept,0,1.81,0.8,0.2,13,id
10262,WALNUT ST AT 28TH AVE,"McKeesport city (Allegheny, PA)",,40.332712,-79.846427,kept_nearby,26,1.81,1.4,1.4,60,id
1106,AMITY DR OPP BLAZE DR,"Ross township (Allegheny, PA)",,40.544907,-79.993431,loses_all_service,1083,1.81,0.0,0.0,O5,id
11152,LINCOLN HWY OPP CLYDE AVE,"North Versailles township (Allegheny, PA)",,40.388716,-79.830156,kept,0,1.81,0.0,0.0,P76,id
12604,FREEPORT RD AT MAPLE AVE,"Blawnox borough (Allegheny, PA)",,40.493918,-79.860825,kept,0,1.81,2.4,1.2,1,id
1303,CENTER AVE AT HARVARD AVE,"West View borough (Allegheny, PA)",,40.515379,-80.044807,kept,0,1.81,3.4,1.6,13,id
13507,HAYMAKER RD OPP CLOVER DR,"Monroeville municipality (Allegheny, PA)",,40.442448,-79.760208,kept,0,1.81,0.0,0.0,67;P12,id
1392,OHIO RIVER BLVD OPP KENDALL AVE,"Bellevue borough (Allegheny, PA)",,40.486328,-80.054165,kept,0,1.81,0.0,0.6,14,id
14571,WASHINGTON BLVD AT SHETLAND ST,"Pittsburgh city (Allegheny, PA)",Larimer,40.460079,-79.907074,loses_all_service,158,1.81,0.0,0.0,P10,id
171,NORTH AVE AT MIDDLE ST FS,"Pittsburgh city (Allegheny, PA)",East Allegheny,40.456696,-80.000267,kept,0,1.81,1.6,1.2,12,id
19056,FRANKSTOWN RD OPP LONG RD FS,"Penn Hills township (Allegheny, PA)",,40.465796,-79.83223,kept,0,1.81,1.8,1.4,77,id
19277,BANKSVILLE RD AT BANKSVILLE AVE,"Pittsburgh city (Allegheny, PA)",Banksville,40.418418,-80.029921,kept,0,1.81,0.2,0.4,36,id
19900,WINTERBURN AVE OPP BLANTON ST,"Pittsburgh city (Allegheny, PA)",Greenfield,40.42436,-79.939847,kept,0,1.81,1.4,0.8,58,id
200,CORBETT CT AT TOWNE TOWERS NORTH,"Ross township (Allegheny, PA)",,40.546654,-80.020218,kept,0,1.81,1.4,0.2,12;2,id
20489,EAST HILLS DR AT SCHOOL DRVWY,"Pittsburgh city (Allegheny, PA)",East Hills,40.453878,-79.873085,kept,0,1.81,0.0,0.0,79;P17,id
21379,PARKER ST AT KOEHLER ST,"Shaler township (Allegheny, PA)",,40.494219,-79.958796,kept,0,1.81,0.4,0.2,2,former_id
21531,CHURCHVIEW AVE AT CATHELL RD,"Baldwin borough (Allegheny, PA)",,40.384672,-79.949494,loses_all_service,1449,1.81,0.0,0.0,44,id
22306,BOGGS AVE OPP MINSINGER ST,"Pittsburgh city (Allegheny, PA)",Mount Washington,40.418525,-80.012126,kept_nearby,126,1.81,0.6,0.0,43,id
2747,TROY HILL RD AT PROVIDENCE ST FS,"Pittsburgh city (Allegheny, PA)",Troy Hill,40.457562,-79.989446,kept,0,1.81,0.4,0.2,4,id
2811,SOUTH SIDE AVE AT LUELLA ST,"Pittsburgh city (Allegheny, PA)",Spring Hill-City View,40.469923,-79.997831,kept,0,1.81,2.2,1.2,6,id
3470,MCCOY RD OPP JEFFERSON DR,"Stowe township (Allegheny, PA)",,40.479688,-80.078663,kept,0,1.81,0.8,1.2,22,id
5101,STEUBENVILLE PIKE AT PITTSBURGH MOTEL,"Robinson township (Allegheny, PA)",,40.439867,-80.091255,kept,0,1.81,2.0,0.2,29,id
6162,BROOKLINE BLVD OPP FLATBUSH AVE,"Pittsburgh city (Allegheny, PA)",Brookline,40.393712,-80.020141,kept,0,1.81,0.6,0.0,39,id
636,PERRYSVILLE AVE AT #4146,"Pittsburgh city (Allegheny, PA)",Perry North,40.493964,-80.021717,kept,0,1.81,0.8,0.4,8,id
6830,PROVOST RD AT FRANK ST FS,"Whitehall borough (Allegheny, PA)",,40.368782,-79.994223,loses_all_service,335,1.81,1.0,0.0,Y47,id
7015,CHALFONT ST AT ESTELLA AVE,"Pittsburgh city (Allegheny, PA)",Beltzhoover,40.416631,-80.0005,kept,0,1.81,0.6,0.8,44,id
7300,WHIPPLE ST AT NEVADA ST,"Pittsburgh city (Allegheny, PA)",Swisshelm Park,40.423001,-79.899143,loses_all_service,216,1.81,0.0,0.0,71;P71,id
7786,ARDMORE BLVD OPP YOST BLVD,"Forest Hills borough (Allegheny, PA)",,40.415731,-79.847354,kept,0,1.81,1.0,0.2,69;P69;P76,id
7818,ELECTRIC AVE OPP NORTH AVE,"North Braddock borough (Allegheny, PA)",,40.405558,-79.839368,kept,0,1.81,0.6,0.4,69;P69,id
8542,EAST LIBERTY BLVD AT HAMILTON AVE,"Pittsburgh city (Allegheny, PA)",Larimer,40.459669,-79.915828,kept,0,1.81,2.2,1.6,75;77;82;86,id
8649,ALLEQUIPPA ST AT DARRAGH ST,"Pittsburgh city (Allegheny, PA)",West Oakland,40.443162,-79.965234,kept,0,1.81,0.4,0.2,83,id
8841,CHASKE ST AT WESTMINSTER DR,"Penn Hills township (Allegheny, PA)",,40.473912,-79.86387,loses_all_service,893,1.81,0.2,0.0,79;P17,id
922,CENTER AVE AT PERRYSVILLE RD,"West View borough (Allegheny, PA)",,40.50977,-80.028262,kept,0,1.81,1.0,0.6,8,id
9236,BLACK ST AT NEGLEY AVE FS,"Pittsburgh city (Allegheny, PA)",East Liberty,40.468979,-79.928055,kept,0,1.81,1.4,2.2,89,id
9428,PROSPECT RD OPP GIESE DR,"Whitehall borough (Allegheny, PA)",,40.363753,-79.974918,kept,0,1.81,0.2,0.0,Y49,id
9680,BROWNSVILLE RD AT CARLYN DR,"Whitehall borough (Allegheny, PA)",,40.353929,-79.989761,kept,0,1.81,1.2,0.0,Y47,id
9950,STATE ST AT WALNUT AVE,"Clairton city (Allegheny, PA)",,40.308422,-79.889127,kept,0,1.81,1.4,0.6,55,id
12132,GREENFIELD AVE AT HOOSAC ST,"Pittsburgh city (Allegheny, PA)",Greenfield,40.425833,-79.941092,kept,0,1.76,1.2,0.4,58;65;93,id
12144,SECOND AVE OPP MANSION ST,"Pittsburgh city (Allegheny, PA)",Hazelwood,40.40402,-79.942468,kept,0,1.76,0.8,0.8,56,id
12603,FREEPORT RD AT BLAW AVE,"Blawnox borough (Allegheny, PA)",,40.492792,-79.863087,kept,0,1.76,1.4,2.4,1,id
1355,BEAVER RD AT MEADOW LN,"Edgeworth borough (Allegheny, PA)",,40.546842,-80.189357,kept,0,1.76,1.2,0.4,14,id
1382,OHIO RIVER BLVD OPP BRIGHTON RD (#7139),"Ben Avon borough (Allegheny, PA)",,40.504826,-80.084668,kept,0,1.76,1.8,0.8,14,id
1413,WESTERN AVE AT MANHATTAN ST FS,"Pittsburgh city (Allegheny, PA)",Chateau,40.450377,-80.025365,loses_all_service,430,1.76,0.6,2.2,14,id
1438,OHIO RIVER BLVD AT ORCHARD AVE,"Emsworth borough (Allegheny, PA)",,40.51058,-80.097923,kept,0,1.76,4.6,0.4,14,id
14748,SALTSBURG RD OPP FORD AVE,"Penn Hills township (Allegheny, PA)",,40.476736,-79.782693,loses_all_service,229,1.76,0.0,0.0,77;P16,id
16025,WADSWORTH ST AT ROBINSON ST FS,"Pittsburgh city (Allegheny, PA)",Terrace Village,40.443311,-79.966436,kept,0,1.76,1.2,0.2,81,id
18409,KENNEDY AVE AT 4TH ST,"Duquesne city (Allegheny, PA)",,40.371348,-79.848583,kept,0,1.76,2.4,1.6,59,id
1872,SHADELAND AVE OPP GEYER AVE,"Pittsburgh city (Allegheny, PA)",Marshall-Shadeland,40.474899,-80.031887,kept,0,1.76,0.6,1.2,17,id
19057,FRANKSTOWN RD AT WILSON DR NS,"Penn Hills township (Allegheny, PA)",,40.466912,-79.837048,kept,0,1.76,1.0,1.0,77,id
19104,FRANKSTOWN RD AT PARKRIDGE DR,"Penn Hills township (Allegheny, PA)",,40.470808,-79.821387,kept,0,1.76,1.4,0.0,77;P16,id
19491,ADELAIDE ST AT IOWA ST FS,"Pittsburgh city (Allegheny, PA)",Upper Hill,40.452957,-79.956719,loses_all_service,158,1.76,2.2,1.2,83,id
20098,SCHENLEY AVE OPP COLUMBO ST,"Pittsburgh city (Allegheny, PA)",Garfield,40.471724,-79.940108,kept,0,1.76,0.4,0.6,89,id
20487,HAZELWOOD AVE AT FRANK ST,"Pittsburgh city (Allegheny, PA)",Greenfield,40.419856,-79.932901,kept,0,1.76,0.0,0.2,58;93,id
20536,RAVENSBURG BLVD AT HWY RT 885 FS,"Clairton city (Allegheny, PA)",,40.304401,-79.895569,kept,0,1.76,1.2,0.8,55,id
21025,LEBANON CHURCH RD AT PGH-MCKEESPORT BLVD,"Dravosburg borough (Allegheny, PA)",,40.355968,-79.89945,kept,0,1.76,2.6,1.0,56;59,former_id
21175,GRANT AVE AT ERWIN ST,"Duquesne city (Allegheny, PA)",,40.37172,-79.853243,kept,0,1.76,0.0,0.0,52L,former_id
21471,BEACON ST OPP MUNHALL RD,"Pittsburgh city (Allegheny, PA)",Squirrel Hill South,40.434579,-79.924615,kept,0,1.76,0.6,1.8,93,id
21641,HAWKINS AVE AT #504,"North Braddock borough (Allegheny, PA)",,40.40822,-79.865525,kept,0,1.76,0.0,0.8,61A,former_id
21681,FREEPORT RD AT HULTON BRIDGE FS,"Harmar township (Allegheny, PA)",,40.52975,-79.84967,kept,0,1.76,1.4,0.6,1;P16;P78,id
22028,PENN AVE OPP PEARL ST,"Pittsburgh city (Allegheny, PA)",Central Lawrenceville,40.465712,-79.94785,kept,0,1.76,0.8,0.8,88,former_id
22737,MONROEVILLE BLVD AT TARGET DR FS,"Monroeville municipality (Allegheny, PA)",,40.392015,-80.015151,kept,0,1.76,0.4,0.2,39,id
2437,MT ROYAL BLVD AT GENESSEE AVE,"Shaler township (Allegheny, PA)",,40.517538,-79.958952,kept,0,1.76,0.4,0.0,2;P13,id
2681,BRERETON ST AT 30TH ST,"Pittsburgh city (Allegheny, PA)",Polish Hill,40.456493,-79.970284,kept,0,1.76,0.8,0.4,54,id
3332,MT ROYAL BLVD AT DEHAVEN AVE,"Shaler township (Allegheny, PA)",,40.551157,-79.971515,kept,0,1.76,0.0,0.0,2;P13,id
3370,BUTLER ST OPP ISABELLA ST,"Etna borough (Allegheny, PA)",,40.494532,-79.946454,kept,0,1.76,1.0,0.4,1;2;P13,id
3896,SUMMIT PARK DR AT ANDREW DR,"North Fayette township (Allegheny, PA)",,40.449997,-80.176064,kept,0,1.76,0.8,0.4,29,id
414,PEEBLES RD AT REMINGTON DR,"McCandless township (Allegheny, PA)",,40.561447,-80.013031,loses_all_service,694,1.76,0.0,0.0,2;O5;P13,id
6717,SOUTHERN AVE OPP MINSINGER ST,"Pittsburgh city (Allegheny, PA)",Mount Washington,40.418807,-80.013647,kept,0,1.76,0.2,1.0,40,id
7684,WILKINS AVE AT BEECHWOOD BLVD,"Pittsburgh city (Allegheny, PA)",Squirrel Hill North,40.444284,-79.917918,kept,0,1.76,0.0,0.2,67;69;74,id
7788,ARDMORE BLVD AT NEWPORT RD,"Forest Hills borough (Allegheny, PA)",,40.425796,-79.861445,kept,0,1.76,0.4,0.0,69;P69;P76,id
8320,FIFTH AVE AT THOMAS BLVD,"Pittsburgh city (Allegheny, PA)",Point Breeze North,40.45481,-79.911464,kept,0,1.76,1.2,0.0,28X;71D;74;88;89,id
8836,GROVE RD AT CHASKE ST,"Penn Hills township (Allegheny, PA)",,40.474794,-79.871544,loses_all_service,609,1.76,0.4,0.2,79;P17,id
885,PERRYSVILLE AVE AT LAFAYETTE AVE,"Pittsburgh city (Allegheny, PA)",Perry South,40.464799,-80.011426,kept,0,1.76,1.6,0.4,8,id
8932,MT CARMEL RD AT TYLER RD,"Penn Hills township (Allegheny, PA)",,40.467974,-79.88319,kept,0,1.76,0.0,0.0,79;P17,id
9049,BEDFORD AVE AT HERRON AVE,"Pittsburgh city (Allegheny, PA)",Middle Hill,40.452875,-79.965257,kept,0,1.76,1.4,8.4,83,id
9169,ROBINSON BLVD AT SUNRISE AVE,"Pittsburgh city (Allegheny, PA)",East Hills,40.451243,-79.868341,kept,0,1.76,2.0,1.0,79;P17,id
9224,BLACK ST AT AIKEN AVE,"Pittsburgh city (Allegheny, PA)",Garfield,40.470642,-79.932941,kept,0,1.76,0.6,1.0,89,id
9736,HWY RT 51 AT GLENBURN DR,"Pleasant Hills borough (Allegheny, PA)",,40.339028,-79.960278,kept,0,1.76,0.0,0.6,Y46,id
9816,RADFORD RD OPP BEVAN RD,"Whitehall borough (Allegheny, PA)",,40.364348,-79.967366,kept,0,1.76,3.2,2.2,Y49,id
12702,MAIN ST AT #1102,"Sharpsburg borough (Allegheny, PA)",,40.494275,-79.930866,kept,0,1.71,1.4,0.4,1;91,id
12708,MAIN ST AT POWERS ST,"Sharpsburg borough (Allegheny, PA)",,40.495638,-79.938347,kept,0,1.71,0.6,0.2,1;91,id
1302,CENTER AVE OPP YALE AVE,"West View borough (Allegheny, PA)",,40.516756,-80.044561,kept,0,1.71,0.6,0.4,13,id
1421,OHIO RIVER BLVD AT MILLERTON AVE,"Pittsburgh city (Allegheny, PA)",Brighton Heights,40.481481,-80.045977,kept,0,1.71,1.2,0.8,14;19L,id
15665,ROBINSON BLVD AT DOUGLASS DR,"Wilkinsburg borough (Allegheny, PA)",,40.455676,-79.863734,kept,0,1.71,0.8,1.6,79;P17,id
15908,CENTURY SQUARE ENTRANCE RAMP AT MOUNTAINVIEW DR,"West Mifflin borough (Allegheny, PA)",,40.347555,-79.94911,kept,0,1.71,2.0,2.2,51;Y47,id
1807,N CHARLES ST AT STRAUSS ST,"Pittsburgh city (Allegheny, PA)",Perry South,40.463207,-80.019716,kept_nearby,71,1.71,1.8,0.8,15,id
18490,MIFFLIN RD OPP INTERBORO AVE,"Pittsburgh city (Allegheny, PA)",Lincoln Place,40.369789,-79.913212,kept,0,1.71,0.8,0.8,56,id
19139,UNIVERSAL RD OPP THOMPSON RUN RD,"Penn Hills township (Allegheny, PA)",,40.46843,-79.791269,kept,0,1.71,0.0,0.0,P16,id
19245,E RAILROAD ST AT 4TH ST,"Heidelberg borough (Allegheny, PA)",,40.389298,-80.088714,kept,0,1.71,0.6,0.6,31;G31,id
19541,CAMFIELD ST AT CALLE ST,"Pittsburgh city (Allegheny, PA)",Bon Air,40.407887,-79.998293,loses_all_service,409,1.71,0.4,0.6,54,id
19817,MAIN ST OPP 23RD ST,"Sharpsburg borough (Allegheny, PA)",,40.493369,-79.91444,kept,0,1.71,1.2,1.2,1;91,id
20179,CENTER AVE AT NORWICH ST,"West View borough (Allegheny, PA)",,40.517792,-80.02314,kept,0,1.71,0.4,2.0,8,id
20664,9TH ST AT OHIO AVE,"Glassport borough (Allegheny, PA)",,40.321017,-79.891609,kept,0,1.71,1.0,2.2,55,id
20789,5TH ST AT DUQUESNE AVE,"Trafford borough (Westmoreland, PA)",,40.385679,-79.759081,loses_all_service,785,1.71,0.6,0.0,69;P69,id
21029,JONES AVE OPP MAIN ST,"North Braddock borough (Allegheny, PA)",,40.407498,-79.856915,kept,0,1.71,1.0,0.8,59,former_id
21539,CHURCHVIEW AVE OPP WAIDLER AVE,"Baldwin borough (Allegheny, PA)",,40.384855,-79.974002,loses_all_service,312,1.71,0.0,0.0,44,id
21548,CUSTER AVE AT EDWARD DR,"Baldwin borough (Allegheny, PA)",,40.395549,-79.968369,loses_all_service,1399,1.71,0.0,0.0,44,id
21731,BEECHWOOD BLVD AT CROMBIE ST FS,"Pittsburgh city (Allegheny, PA)",Squirrel Hill South,40.430872,-79.915245,loses_all_service,222,1.71,0.0,0.0,65,former_id
3374,FERGUSON RD AT THOMPSON RUN RD FS,"McCandless township (Allegheny, PA)",,40.565739,-79.998253,loses_all_service,1490,1.71,0.2,0.0,2;P13,id
3463,MCCOY RD OPP WARBLER DR,"Kennedy township (Allegheny, PA)",,40.4804,-80.090987,kept,0,1.71,0.0,0.4,22,id
3689,BROADWAY AVE AT 15TH ST,"Stowe township (Allegheny, PA)",,40.475305,-80.081494,kept,0,1.71,1.8,1.4,24,id
4180,CHARTIERS AVE AT HARLOW ST,"Pittsburgh city (Allegheny, PA)",Chartiers City,40.458253,-80.07069,loses_all_service,539,1.71,1.2,0.4,27,id
4219,W PROSPECT AVE OPP ARBORDALE ST,"Pittsburgh city (Allegheny, PA)",Fairywood,40.446893,-80.080568,kept,0,1.71,1.6,0.6,27,id
5021,STEUBENVILLE PIKE AT DEVASSIE RD,"Robinson township (Allegheny, PA)",,40.445873,-80.151649,kept,0,1.71,1.0,0.4,24;29,id
5418,NOBLESTOWN RD OPP DURBIN ST,"Green Tree borough (Allegheny, PA)",,40.423628,-80.066591,kept,0,1.71,0.8,1.2,31,id
6299,SOUTH BUSWAY AT DAWN AVE SHELTER,"Pittsburgh city (Allegheny, PA)",Beechview,40.412922,-80.010819,kept,0,1.71,1.6,0.2,41,id
6664,LABELLE ST OPP SYCAMORE ST,"Pittsburgh city (Allegheny, PA)",Mount Washington,40.43332,-80.016311,kept,0,1.71,0.8,0.6,40,id
6777,SOUTHERN AVE AT MINSINGER ST,"Pittsburgh city (Allegheny, PA)",Mount Washington,40.418773,-80.013575,kept,0,1.71,1.4,1.0,40,id
8593,BIGELOW BLVD OPP BLOOMFIELD BRIDGE,"Pittsburgh city (Allegheny, PA)",Polish Hill,40.458614,-79.957497,loses_all_service,320,1.71,2.0,0.0,77,id
9131,FRANKSTOWN AVE AT JULIUS ST,"Pittsburgh city (Allegheny, PA)",Larimer,40.459618,-79.911476,kept,0,1.71,0.0,0.2,77;86,id
9451,MOUNTAINVIEW DR OPP HOME DEPOT,"West Mifflin borough (Allegheny, PA)",,40.342239,-79.953896,kept,0,1.71,1.8,1.0,55;59,id
10263,WALNUT ST AT 27TH AVE FS,"McKeesport city (Allegheny, PA)",,40.33357,-79.847826,kept_nearby,33,1.67,0.0,0.6,60,id
11916,ELIZA ST AT GLENCAIRN ST,"West Mifflin borough (Allegheny, PA)",,40.389058,-79.875401,kept,0,1.67,0.2,0.8,59,id
13498,BEATTY RD OPP COLLEGE PARK DR,"Monroeville municipality (Allegheny, PA)",,40.441799,-79.743065,loses_all_service,183,1.67,0.0,0.0,67,id
13590,PENN CENTER BLVD OPP PENN TOWERS (UPPER),"Wilkins township (Allegheny, PA)",,40.424239,-79.812522,kept,0,1.67,1.0,2.0,67,id
14370,CRAIG ST AT BAUM BLVD FS,"Pittsburgh city (Allegheny, PA)",North Oakland,40.454418,-79.953522,kept_nearby,76,1.67,2.2,2.8,77,id
1605,BRIGHTON RD OPP MCDOWELL ST,"Pittsburgh city (Allegheny, PA)",Marshall-Shadeland,40.47177,-80.026958,kept,0,1.67,0.6,1.0,16,id
1816,N CHARLES ST OPP LELAND ST,"Pittsburgh city (Allegheny, PA)",Perry South,40.470261,-80.012344,kept_nearby,22,1.67,1.4,1.4,15,id
18285,BEAVER ST AT PEEBLES ST,"Sewickley borough (Allegheny, PA)",,40.537279,-80.177534,kept,0,1.67,1.4,1.0,14,id
19174,MONTIER ST AT LAKETON RD,"Wilkinsburg borough (Allegheny, PA)",,40.448935,-79.867519,kept,0,1.67,0.0,0.0,P78,id
1949,CALIFORNIA AVE AT ANTRIM ST,"Pittsburgh city (Allegheny, PA)",Brighton Heights,40.47519,-80.039455,kept,0,1.67,0.4,0.0,13,id
19793,FRANKSTOWN RD AT PETERMANS LN,"Penn Hills township (Allegheny, PA)",,40.483801,-79.819236,kept,0,1.67,0.4,1.6,77;P16,id
20207,ROBERTS ST AT WYLIE AVE,"Pittsburgh city (Allegheny, PA)",Crawford-Roberts,40.443675,-79.984376,loses_all_service,186,1.67,0.4,0.2,81,id
20647,CORBET ST AT 2ND AVE,"Tarentum borough (Allegheny, PA)",,40.601302,-79.751293,loses_all_service,169,1.67,0.0,0.0,P10,id
21249,REED ST OPP ELMORE ST,"Pittsburgh city (Allegheny, PA)",Terrace Village,40.442366,-79.978214,kept,0,1.67,5.6,2.8,81,id
21349,NORTH HILLS VILLAGE AT BEST BUY,"Ross township (Allegheny, PA)",,40.523263,-80.006316,kept,0,1.67,2.2,1.2,2,former_id
2370,4TH AVE AT THORN ST,"Coraopolis borough (Allegheny, PA)",,40.522472,-80.174374,kept,0,1.67,1.4,1.8,21,id
3334,MT ROYAL BLVD AT ELFINWILD LN,"Shaler township (Allegheny, PA)",,40.549296,-79.97184,kept,0,1.67,0.4,0.2,2;P13,id
3452,HERBST RD AT FOREST GROVE RD,"Kennedy township (Allegheny, PA)",,40.482228,-80.111894,loses_all_service,1416,1.67,0.6,1.4,20,id
3466,MCCOY RD AT AL SMITH DR,"Kennedy township (Allegheny, PA)",,40.479946,-80.085518,kept,0,1.67,4.0,0.0,22,id
4181,CHARTIERS AVE AT MIDDLETOWN RD,"Pittsburgh city (Allegheny, PA)",Chartiers City,40.457732,-80.073007,loses_all_service,436,1.67,0.8,0.0,27,id
4220,W PROSPECT AVE AT ALLEGHENY VALLEY SCHOOL,"Ingram borough (Allegheny, PA)",,40.446514,-80.078466,kept,0,1.67,0.8,0.6,27,id
4225,W PROSPECT AVE OPP BERRY ST,"Ingram borough (Allegheny, PA)",,40.447052,-80.069267,kept,0,1.67,0.2,0.2,27,id
4493,NOBLESTOWN RD AT WEAVER ST FS,"Pittsburgh city (Allegheny, PA)",Elliott,40.437159,-80.039853,kept,0,1.67,0.6,1.4,31,id
6654,BROOKLINE BLVD OPP BIRCHLAND ST,"Pittsburgh city (Allegheny, PA)",Brookline,40.392337,-80.009447,kept,0,1.67,0.2,0.8,39,id
7056,WOODSTOCK AVE OPP WOODSTOCK TERR,"Swissvale borough (Allegheny, PA)",,40.414812,-79.874062,kept,0,1.67,1.0,1.8,59;61A,id
7250,MONONGAHELA AVE AT #2130,"Swissvale borough (Allegheny, PA)",,40.417416,-79.887697,kept,0,1.67,1.6,2.2,59;61B;71;P71,id
7678,WILKINS AVE AT BELLEROCK ST,"Pittsburgh city (Allegheny, PA)",Squirrel Hill North,40.44476,-79.92937,kept,0,1.67,0.2,0.0,67;69,id
8341,WOOD ST AT HILL AVE,"Wilkinsburg borough (Allegheny, PA)",,40.446192,-79.883411,kept,0,1.67,0.2,1.2,71D;86,id
8519,BEECHWOOD BLVD AT #3911,"Pittsburgh city (Allegheny, PA)",Greenfield,40.428213,-79.933739,loses_all_service,441,1.67,0.0,0.0,52L;53L,id
11625,INTERBORO AVE OPP LINDBERG AVE,"Pittsburgh city (Allegheny, PA)",Lincoln Place,40.375316,-79.910482,kept,0,1.62,0.6,0.8,53;53L,id
11709,GREENSPRINGS AVE OPP ROBERTA DR,"West Mifflin borough (Allegheny, PA)",,40.385798,-79.880054,kept,0,1.62,0.0,0.0,52L,id
11926,WHITAKER ST AT OAK ST,"West Mifflin borough (Allegheny, PA)",,40.396203,-79.883629,kept,0,1.62,0.8,0.2,59,id
1209,EVERGREEN AVE OPP JOHN ST,"Millvale borough (Allegheny, PA)",,40.487126,-79.972619,kept,0,1.62,0.6,0.4,2,id
12597,FREEPORT RD OPP E OAK HILL RD,"O'Hara township (Allegheny, PA)",,40.48924,-79.875024,kept,0,1.62,0.6,0.0,1,id
14391,FRANKSTOWN RD AT HIGHPOINT DR FS,"Penn Hills township (Allegheny, PA)",,40.467469,-79.834708,kept,0,1.62,1.6,1.4,77,id
14524,FRANKSTOWN RD AT HARVARD DR FS,"Penn Hills township (Allegheny, PA)",,40.469431,-79.82357,kept,0,1.62,1.2,0.6,77;P16,id
16443,FREEPORT RD AT CALIFORNIA AVE,"Harrison township (Allegheny, PA)",,40.618413,-79.732157,loses_all_service,423,1.62,0.0,0.0,P10,id
1659,KENDALL AVE AT CRAWFORD AVE,"Bellevue borough (Allegheny, PA)",,40.488972,-80.05072,kept_nearby,100,1.62,0.0,0.0,19L,id
1811,N CHARLES ST AT IRWIN ST,"Pittsburgh city (Allegheny, PA)",Perry South,40.466824,-80.018892,loses_all_service,444,1.62,0.6,0.6,15,id
1815,N CHARLES ST AT KIMBERLIN WAY,"Pittsburgh city (Allegheny, PA)",Perry South,40.469781,-80.013966,kept_nearby,31,1.62,1.0,0.4,15,id
18631,TOKAY ST AT BENNETT ST,"Pittsburgh city (Allegheny, PA)",East Hills,40.454835,-79.880898,kept,0,1.62,0.8,1.4,77,id
19205,CHARTIERS AVE AT FAIRDALE ST,"Pittsburgh city (Allegheny, PA)",Sheraden,40.45378,-80.063869,kept,0,1.62,1.6,1.0,26,id
20638,ST CLAIR AVE OPP 8TH ST,"Clairton city (Allegheny, PA)",,40.293974,-79.891236,kept,0,1.62,2.6,1.4,55,id
21644,VERONA ST OPP MAPLEVIEW DR,"Braddock borough (Allegheny, PA)",,40.40045,-79.86298,loses_all_service,238,1.62,2.0,2.4,61A,id
22639,VERONA RD OPP PELONE DR (VERONA ESTATES),"Penn Hills township (Allegheny, PA)",,40.452963,-79.873486,kept,0,1.62,0.0,0.0,79;P17,id
2651,S 18TH ST AT STEPS,"Pittsburgh city (Allegheny, PA)",South Side Flats,40.425582,-79.980918,kept,0,1.62,0.4,1.2,51;54,id
2846,RHINE ST OPP YETTA AVE,"Pittsburgh city (Allegheny, PA)",Spring Hill-City View,40.463652,-79.991429,kept,0,1.62,1.6,1.8,6,id
3378,FERGUSON RD AT POST RD,"McCandless township (Allegheny, PA)",,40.563795,-79.990021,loses_all_service,1747,1.62,0.0,0.0,2;P13,id
3602,STEUBENVILLE PIKE AT WEST HILLS PLAZA,"Robinson township (Allegheny, PA)",,40.451543,-80.13158,kept,0,1.62,0.4,0.2,29,id
4075,NOBLE AVE AT STEUBEN ST,"Crafton borough (Allegheny, PA)",,40.438262,-80.063244,kept,0,1.62,0.0,0.2,29,id
4825,E CARSON ST AT S 2ND ST,"Pittsburgh city (Allegheny, PA)",South Shore,40.430079,-79.998841,kept,0,1.62,1.0,0.4,48;51,id
5092,STEUBEN ST AT UNION AVE FS (NOBLE AVE),"Crafton borough (Allegheny, PA)",,40.43896,-80.062707,kept,0,1.62,0.2,0.0,29,id
5105,STEUBENVILLE PIKE AT HOLY TRINITY CHURCH,"Robinson township (Allegheny, PA)",,40.451699,-80.136026,kept,0,1.62,1.6,1.4,24;29,id
574,PERRY HWY AT CONNIE DR,"Ross township (Allegheny, PA)",,40.496533,-80.020025,kept,0,1.62,0.0,1.2,17;8,id
6679,SOUTHERN AVE AT PROSPECT ST,"Pittsburgh city (Allegheny, PA)",Mount Washington,40.428167,-80.008668,kept,0,1.62,0.2,0.4,40,id
7466,BRADDOCK AVE AT LIBRARY ST,"Braddock borough (Allegheny, PA)",,40.401087,-79.865502,kept_nearby,33,1.62,1.2,0.4,61A,id
7770,MIDDLE AVE AT 4TH ST,"Wilmerding borough (Allegheny, PA)",,40.400742,-79.816405,kept,0,1.62,1.2,0.4,69;P69,id
8216,NEGLEY AVE AT STANTON AVE,"Pittsburgh city (Allegheny, PA)",East Liberty,40.471324,-79.926314,kept,0,1.62,0.6,0.8,71A,id
8510,BIGELOW ST AT MCCASLIN ST,"Pittsburgh city (Allegheny, PA)",Greenfield,40.419159,-79.937813,kept,0,1.62,0.8,0.0,58,id
8930,MT CARMEL RD OPP PERSHING ST,"Penn Hills township (Allegheny, PA)",,40.465706,-79.876343,loses_all_service,308,1.62,0.0,0.0,79;P17,id
9017,ROBINSON ST AT TERRACE ST,"Pittsburgh city (Allegheny, PA)",West Oakland,40.440422,-79.965606,kept_nearby,16,1.62,0.8,0.2,81,id
9105,FRANKSTOWN AVE OPP WILKINSBURG AVE,"Pittsburgh city (Allegheny, PA)",East Hills,40.45821,-79.875839,kept,0,1.62,0.0,0.4,77,id
9251,HILLCREST ST AT AIKEN AVE,"Pittsburgh city (Allegheny, PA)",Garfield,40.467689,-79.934766,kept,0,1.62,2.6,0.6,89,id
9589,HWY RT 51 OPP BEALL DR,"Whitehall borough (Allegheny, PA)",,40.355602,-79.979737,kept,0,1.62,1.8,2.0,51;Y46,id
9815,HWY RT 51 AT OLD CLAIRTON RD,"Brentwood borough (Allegheny, PA)",,40.366919,-79.984277,kept,0,1.62,1.6,1.2,Y46;Y49,id
9865,OHIO AVE AT WALL ST,"Glassport borough (Allegheny, PA)",,40.317039,-79.889439,kept,0,1.62,1.2,1.2,55,id
10131,HWY RT 885 AT HUSTON DR,"West Mifflin borough (Allegheny, PA)",,40.338381,-79.937652,loses_all_service,689,1.57,0.2,0.2,Y47;Y49,id
10260,WALNUT ST AT 30TH AVE FS,"McKeesport city (Allegheny, PA)",,40.331936,-79.845149,kept_nearby,16,1.57,2.2,1.0,60,id
11071,GREENFIELD AVE AT GRAPHIC ST,"Pittsburgh city (Allegheny, PA)",Greenfield,40.424362,-79.935158,kept,0,1.57,0.2,0.0,58,id
11373,SPENCER AVE AT BEAU ST,"Pittsburgh city (Allegheny, PA)",Carrick,40.387624,-79.976412,loses_all_service,285,1.57,0.0,0.0,44,id
12785,FREEPORT RD OPP PEARL AVE,"Harmar township (Allegheny, PA)",,40.540734,-79.816466,kept,0,1.57,0.6,1.4,1;P10,id
13604,OLD WILLIAM PENN HWY OPP GOOD SHEPHERD CHURCH,"Monroeville municipality (Allegheny, PA)",,40.443722,-79.757749,kept,0,1.57,0.0,0.0,67;P12,id
1477,BEAVER ST AT #306,"Leetsdale borough (Allegheny, PA)",,40.567805,-80.211484,kept,0,1.57,0.0,1.0,14,id
18722,WEST BUSWAY AT IDLEWOOD STATION A,"Pittsburgh city (Allegheny, PA)",Oakwood,40.426101,-80.072903,kept,0,1.57,0.6,0.0,G2,id
18814,FOX CHAPEL RD AT FREEPORT RD FS,"O'Hara township (Allegheny, PA)",,40.488406,-79.883011,kept,0,1.57,1.0,0.0,75,id
18936,HAMILTON AVE AT OAKWOOD ST,"Pittsburgh city (Allegheny, PA)",Homewood South,40.451715,-79.884876,kept,0,1.57,0.8,0.6,71D,id
1939,CALIFORNIA AVE AT HALSEY PL FS,"Pittsburgh city (Allegheny, PA)",Marshall-Shadeland,40.463833,-80.032051,kept,0,1.57,0.4,0.0,13,id
20806,BROWNSVILLE RD OPP CURRY RD FS,"Whitehall borough (Allegheny, PA)",,40.358464,-79.990614,kept,0,1.57,0.0,0.0,Y47,id
21747,OAKWOOD ST OPP KELLY ST,"Pittsburgh city (Allegheny, PA)",Homewood South,40.452835,-79.885262,kept_nearby,106,1.57,1.8,1.0,86,former_id
22012,ROBINSON BLVD AT #2600 (OPP E GATE),"Penn Hills township (Allegheny, PA)",,40.459355,-79.865886,kept,0,1.57,0.4,0.0,79;P17,former_id
22689,BABCOCK BLVD AT BROWNS LANE,"Ross township (Allegheny, PA)",,40.421209,-79.806157,kept,0,1.57,0.0,0.0,P68,id
2413,BUTLER ST AT 35TH ST,"Pittsburgh city (Allegheny, PA)",Lower Lawrenceville,40.464453,-79.965909,kept,0,1.57,0.6,0.8,91,id
2693,IVORY AVE OPP RODENBAUGH AVE FS,"Pittsburgh city (Allegheny, PA)",Perry North,40.497304,-80.017454,loses_all_service,234,1.57,0.6,1.0,4,id
329,MCKNIGHT RD AT PERRYMONT RD,"McCandless township (Allegheny, PA)",,40.558319,-80.023613,kept,0,1.57,0.0,0.0,O12,id
4373,STEUBENVILLE PIKE OPP MCCORMICK RD,"Robinson township (Allegheny, PA)",,40.449364,-80.124783,kept,0,1.57,0.4,0.4,29,id
4557,BEVERLY RD AT OVERLOOK DR,"Mount Lebanon township (Allegheny, PA)",,40.388401,-80.05034,kept,0,1.57,0.2,0.4,36,id
5661,GREENTREE RD AT CARNAHAN RD,"Green Tree borough (Allegheny, PA)",,40.414111,-80.045016,kept,0,1.57,0.4,0.6,38,id
6263,VANADIUM DR AT VOLUNTEER FIRE COMPANY,"Scott township (Allegheny, PA)",,40.374319,-80.092305,loses_all_service,357,1.57,0.2,1.2,41,id
6735,BAILEY AVE OPP RUTH ST,"Pittsburgh city (Allegheny, PA)",Mount Washington,40.427069,-80.005214,loses_all_service,263,1.57,1.0,0.2,43,id
7186,CENTER AVE AT GRANDVIEW AVE,"East Pittsburgh borough (Allegheny, PA)",,40.395708,-79.839277,kept,0,1.57,1.4,0.8,P68,id
7190,LINDEN AVE OPP SR CITIZEN APTS,"East Pittsburgh borough (Allegheny, PA)",,40.398744,-79.836523,loses_all_service,300,1.57,1.0,0.8,59;P68,id
7952,PENN AVE AT SWISSVALE AVE,"Wilkinsburg borough (Allegheny, PA)",,40.44129,-79.877391,kept,0,1.57,0.8,2.2,67;P67,id
8043,BEACON ST AT MUNHALL RD,"Pittsburgh city (Allegheny, PA)",Squirrel Hill South,40.434444,-79.924881,kept,0,1.57,0.0,0.4,65;93,id
8472,HOMEWOOD AVE AT REYNOLDS ST,"Pittsburgh city (Allegheny, PA)",Point Breeze,40.446598,-79.903162,loses_all_service,322,1.57,0.8,0.6,74,id
8937,VERONA BLVD AT LINCOLN AVE,"Pittsburgh city (Allegheny, PA)",Lincoln-Lemington-Belmar,40.472891,-79.888799,kept,0,1.57,0.0,0.0,79;P17,id
9226,BLACK ST AT NEGLEY AVE,"Pittsburgh city (Allegheny, PA)",Garfield,40.468788,-79.927757,kept,0,1.57,1.4,2.4,89,id
925,CENTER AVE AT FRANKFORT AVE,"West View borough (Allegheny, PA)",,40.513314,-80.025693,kept,0,1.57,0.8,0.6,8,id
9426,PROSPECT RD OPP COLTER DR,"Whitehall borough (Allegheny, PA)",,40.362877,-79.970655,kept,0,1.57,0.2,0.2,Y49,id
10252,OLYMPIA DRIVEWAY AT LIFE SPAN,"Versailles borough (Allegheny, PA)",,40.322249,-79.834844,kept,0,1.52,1.4,0.0,60,id
10984,DUQUESNE BLVD AT OVERLAND AVE,"Duquesne city (Allegheny, PA)",,40.379702,-79.854128,kept,0,1.52,0.4,1.6,59;61C;P7,id
11969,5TH ST AT VIOLA AVE,"Duquesne city (Allegheny, PA)",,40.369338,-79.848822,kept,0,1.52,0.2,0.6,59,id
11973,CRAWFORD AVE AT CATHERINE ST,"Duquesne city (Allegheny, PA)",,40.364334,-79.847772,kept,0,1.52,2.4,0.6,59,id
12147,SECOND AVE AT RENOVA ST,"Pittsburgh city (Allegheny, PA)",Hazelwood,40.400976,-79.939411,kept,0,1.52,0.6,0.4,56,id
12678,PITTSBURGH ST AT ALLEGHENY AVE,"Cheswick borough (Allegheny, PA)",,40.541276,-79.797705,kept,0,1.52,1.2,0.6,1;P10,id
12684,FREEPORT RD AT ORR AVE,"Harmar township (Allegheny, PA)",,40.540497,-79.811728,kept,0,1.52,1.0,0.8,1;P10,id
12801,PITTSBURGH ST AT OAK ST,"Springdale borough (Allegheny, PA)",,40.541037,-79.7823,kept,0,1.52,1.6,1.4,1;P10,id
13636,HWY RT 286 AT SANDUNE DR,"Plum borough (Allegheny, PA)",,40.463377,-79.70545,kept,0,1.52,0.0,0.0,P12,id
13789,FRANKSTOWN RD OPP CHAMPA ST,"Penn Hills township (Allegheny, PA)",,40.462013,-79.859627,kept,0,1.52,1.0,0.2,77,id
14645,LEECHBURG RD AT RICHEY DR,"Penn Hills township (Allegheny, PA)",,40.486292,-79.814618,loses_all_service,267,1.52,0.0,0.0,77;P16,id
1792,N CHARLES ST AT BRIGHTON RD,"Pittsburgh city (Allegheny, PA)",Perry South,40.459844,-80.017086,kept_nearby,32,1.52,0.0,0.6,15,id
18481,W 5TH AVE AT RAMP #1 FS,"McKeesport city (Allegheny, PA)",,40.350071,-79.872206,kept,0,1.52,2.8,2.2,55;56;59,id
18544,ARDMORE BLVD OPP BRYN MAWR RD FS,"Forest Hills borough (Allegheny, PA)",,40.432154,-79.864941,kept,0,1.52,0.8,1.2,69;P69;P76,id
1866,WOODLAND AVE AT STAYTON ST,"Pittsburgh city (Allegheny, PA)",Marshall-Shadeland,40.469679,-80.027252,kept,0,1.52,0.2,1.4,17,id
1882,CALIFORNIA AVE AT PERROTT ST,"Pittsburgh city (Allegheny, PA)",Brighton Heights,40.485303,-80.041847,kept,0,1.52,1.8,0.4,13,id
18952,GREENFIELD AVE AT FRANK ST FS,"Pittsburgh city (Allegheny, PA)",Greenfield,40.424139,-79.933088,kept,0,1.52,0.4,0.0,58,id
19095,FRANKSTOWN AVE OPP STANDARD AVE FS,"Pittsburgh city (Allegheny, PA)",East Hills,40.457135,-79.877541,kept,0,1.52,0.8,0.2,77,id
19791,FRANKSTOWN RD OPP MUNICIPAL BLDG,"Penn Hills township (Allegheny, PA)",,40.472419,-79.819559,kept,0,1.52,0.0,0.0,77;P16,id
19834,BEATTY RD AT OLD WM PENN HWY,"Monroeville municipality (Allegheny, PA)",,40.440804,-79.74241,kept_nearby,61,1.52,0.0,0.0,67,id
19874,SWISSVALE AVE AT JANE ST LOOP FS,"Wilkinsburg borough (Allegheny, PA)",,40.435899,-79.881643,kept,0,1.52,1.0,1.2,61A,id
20206,ROBERTS ST AT WEBSTER AVE,"Pittsburgh city (Allegheny, PA)",Crawford-Roberts,40.44453,-79.984996,kept_nearby,82,1.52,0.8,1.2,81,id
20554,MONONGAHELA AVE AT 1ST ST,"Glassport borough (Allegheny, PA)",,40.334244,-79.891101,kept,0,1.52,0.2,1.4,55,id
2435,MT ROYAL BLVD AT UNDERCLIFF ST,"Shaler township (Allegheny, PA)",,40.515795,-79.959077,kept,0,1.52,0.8,0.2,2;P13,id
2722,MT TROY RD OPP #2722,"Reserve township (Allegheny, PA)",,40.473908,-79.986626,loses_all_service,844,1.52,1.6,0.2,4,id
3693,CLEVER RD OPP PATRICIA PARK DR,"Kennedy township (Allegheny, PA)",,40.469768,-80.100838,kept,0,1.52,0.4,1.0,24,id
5880,GREENTREE RD OPP MANORVIEW RD,"Scott township (Allegheny, PA)",,40.394717,-80.066373,kept,0,1.52,0.6,0.8,38,id
6718,BOGGS AVE AT WARRINGTON AVE,"Pittsburgh city (Allegheny, PA)",Mount Washington,40.415577,-80.011391,kept,0,1.52,1.6,0.2,40;43,id
6775,GREENLEAF ST AT FINGAL ST,"Pittsburgh city (Allegheny, PA)",Duquesne Heights,40.439023,-80.027202,kept,0,1.52,0.6,0.4,40,id
7141,ROWLAND CONNECTOR AT PENNWOOD AVE,"Wilkinsburg borough (Allegheny, PA)",,40.440555,-79.887099,kept,0,1.52,0.2,2.6,61A;71;P71,id
7154,EDGEWOOD AVE OPP COLUMBIA AVE,"Edgewood borough (Allegheny, PA)",,40.424655,-79.885998,kept,0,1.52,0.0,0.4,61A;P7,id
7574,BRADDOCK AVE AT KEYSTONE COMMONS PORTAL 7,"Turtle Creek borough (Allegheny, PA)",,40.401981,-79.832094,kept,0,1.52,1.0,0.2,59;69;P68;P69,id
7576,BRADDOCK AVE AT PENN AVE,"Turtle Creek borough (Allegheny, PA)",,40.404502,-79.830172,kept,0,1.52,0.8,0.2,59;69;P68;P69,id
7685,WILKINS AVE AT BARNSDALE ST,"Pittsburgh city (Allegheny, PA)",Squirrel Hill North,40.444777,-79.915685,kept,0,1.52,0.6,1.4,67;69;74,id
8053,BRINTON RD OPP COLUMBIA AVE,"Forest Hills borough (Allegheny, PA)",,40.424572,-79.868521,kept,0,1.52,0.4,0.2,P68,id
8057,BRINTON RD AT #1001,"Braddock Hills borough (Allegheny, PA)",,40.429009,-79.874237,kept,0,1.52,0.8,0.0,P68,id
8070,MONROEVILLE BLVD OPP BRINTON ST,"Monroeville municipality (Allegheny, PA)",,40.424797,-79.790245,kept,0,1.52,0.2,1.2,P68,id
8424,LEMINGTON AVE OPP WESTMORELAND AVE,"Pittsburgh city (Allegheny, PA)",Lincoln-Lemington-Belmar,40.466909,-79.893747,kept,0,1.52,0.8,0.6,74,id
8447,PAULSON AVE OPP BRAINARD ST,"Pittsburgh city (Allegheny, PA)",Lincoln-Lemington-Belmar,40.468689,-79.90178,kept,0,1.52,0.8,1.2,74,id
8465,HOMEWOOD AVE AT BENNETT ST,"Pittsburgh city (Allegheny, PA)",Homewood South,40.456576,-79.89666,kept,0,1.52,0.4,0.2,74,id
8769,CENTRE AVE OPP JUNILLA ST STEPS FS,"Pittsburgh city (Allegheny, PA)",Terrace Village,40.445645,-79.970034,kept,0,1.52,1.4,0.2,82,id
8805,LINCOLN AVE AT VASSAR ST FS,"Pittsburgh city (Allegheny, PA)",Lincoln-Lemington-Belmar,40.467895,-79.896891,kept,0,1.52,1.0,1.0,82;P17,id
9217,COLUMBO ST AT PACIFIC AVE,"Pittsburgh city (Allegheny, PA)",Garfield,40.46912,-79.938956,kept,0,1.52,2.8,2.6,89,id
9592,HWY RT 51 AT STREETS RUN RD,"Whitehall borough (Allegheny, PA)",,40.34645,-79.973576,kept,0,1.52,3.0,1.0,51;Y46,id
10120,MIFFLIN RD AT SLATE ST,"Pittsburgh city (Allegheny, PA)",New Homestead,40.381351,-79.927594,kept,0,1.48,1.4,1.2,56,id
10258,WALNUT ST AT 33RD AVE FS,"McKeesport city (Allegheny, PA)",,40.330177,-79.842326,kept,0,1.48,1.6,0.0,60,id
11932,ELIZA ST AT DIVISION ST,"West Mifflin borough (Allegheny, PA)",,40.394506,-79.879442,kept,0,1.48,0.4,1.2,59,id
11943,MIFFLIN ST AT GEORGE ST,"Whitaker borough (Allegheny, PA)",,40.397693,-79.887885,kept,0,1.48,0.0,0.0,52L,id
12115,JOHNSTON AVE OPP #643,"Pittsburgh city (Allegheny, PA)",Glen Hazel,40.404825,-79.935035,kept,0,1.48,0.4,0.0,57;93,id
12146,SECOND AVE AT VESPUCIUS ST,"Pittsburgh city (Allegheny, PA)",Hazelwood,40.401689,-79.940663,kept,0,1.48,0.4,0.8,56,id
12182,SECOND AVE OPP JOHNSTON AVE,"Pittsburgh city (Allegheny, PA)",Hazelwood,40.406173,-79.943062,kept,0,1.48,1.4,0.6,56,id
12616,FREEPORT RD OPP GUYS RUN RD,"Harmar township (Allegheny, PA)",,40.533763,-79.844916,kept,0,1.48,0.2,1.6,1;P16;P78,id
12662,FREEPORT RD AT GLASSMERE GAS STATION,"Springdale township (Allegheny, PA)",,40.560579,-79.772956,kept,0,1.48,0.4,0.0,1;P10,id
12675,PITTSBURGH ST AT DUQUESNE CT FS,"Springdale borough (Allegheny, PA)",,40.541009,-79.793372,kept,0,1.48,1.0,0.4,1;P10,id
14327,VERONA RD AT RIVERSIDE RD,"Penn Hills township (Allegheny, PA)",,40.493561,-79.836495,kept,0,1.48,0.0,0.0,P78,id
16680,KENDALL AVE AT CEDAR AVE,"Bellevue borough (Allegheny, PA)",,40.48666,-80.053636,kept,0,1.48,0.0,0.0,19L,id
17212,CLOVERFIELD DR AT AGNEW RD,"Baldwin borough (Allegheny, PA)",,40.398709,-79.964555,loses_all_service,1532,1.48,0.0,0.0,44,id
176,ANDERSON ST AT LACOCK ST,"Pittsburgh city (Allegheny, PA)",North Shore,40.449867,-80.001076,kept_nearby,147,1.48,1.6,0.4,4;7,id
17736,MAIN ST AT 22ND AVE,"Munhall borough (Allegheny, PA)",,40.397711,-79.901554,kept,0,1.48,0.8,0.4,53;53L,id
18419,WHITAKER WAY AT MARIGOLD ST,"Munhall borough (Allegheny, PA)",,40.402448,-79.88914,kept,0,1.48,1.0,0.4,52L;59,id
18639,MATHIAS ST AT RHINE ST,"Pittsburgh city (Allegheny, PA)",Spring Hill-City View,40.468156,-79.995053,kept,0,1.48,1.2,0.2,6,id
18959,WINTERBURN AVE AT BLANTON ST,"Pittsburgh city (Allegheny, PA)",Greenfield,40.424326,-79.939754,kept,0,1.48,0.2,0.0,58,id
19097,FRANKSTOWN RD AT EAST HILLS DR NS,"Pittsburgh city (Allegheny, PA)",East Hills,40.461136,-79.870474,kept,0,1.48,2.2,0.4,77,id
19269,GILKESON RD AT WASHINGTON RD FS,"Mount Lebanon township (Allegheny, PA)",,40.355715,-80.051165,loses_all_service,1265,1.48,0.4,0.2,36,id
19270,BANKSVILLE RD AT CRANE AVE FS,"Pittsburgh city (Allegheny, PA)",Beechview,40.416121,-80.029857,kept,0,1.48,2.0,0.6,36,id
19551,DOBSON ST AT BRERETON ST FS,"Pittsburgh city (Allegheny, PA)",Polish Hill,40.456875,-79.967251,kept,0,1.48,1.4,1.0,54,id
20221,WARREN DR AT LINCOLN HWY FS,"North Versailles township (Allegheny, PA)",,40.384752,-79.823563,kept,0,1.48,1.0,0.4,55;P76,id
20841,GRANDVIEW AVE AT BROWNLEE ST,"McKeesport city (Allegheny, PA)",,40.348856,-79.837207,kept_nearby,15,1.48,1.0,0.6,60,id
22748,MOUNTAINVIEW DR AT HERITAGE CREDIT UNION DR,"West Mifflin borough (Allegheny, PA)",,40.382387,-79.868368,kept,0,1.48,2.8,1.6,59,id
2343,GRAND AVE AT ARMY CORP OF ENGINEERS,"Neville township (Allegheny, PA)",,40.508188,-80.113331,kept,0,1.48,0.4,0.0,21,id
2524,CONNISTON AVE AT CALLE ST,"Pittsburgh city (Allegheny, PA)",Bon Air,40.407689,-79.999328,loses_all_service,321,1.48,1.2,0.2,54,id
2850,RHINE ST AT #2146,"Pittsburgh city (Allegheny, PA)",Spring Hill-City View,40.467593,-79.994734,kept,0,1.48,1.4,1.8,6,id
4671,COCHRAN RD OPP NAVATO PL FS,"Mount Lebanon township (Allegheny, PA)",,40.384061,-80.052945,kept,0,1.48,0.4,0.2,36,id
6413,BOWER HILL RD AT MARLIN DR,"Mount Lebanon township (Allegheny, PA)",,40.38585,-80.049954,loses_all_service,286,1.48,0.4,0.4,38;41,id
7556,COREY AVE AT MILLS AVE,"Braddock borough (Allegheny, PA)",,40.405158,-79.867432,kept_nearby,104,1.48,1.0,0.6,59,id
8980,CLARISSA ST AT CAMP ST,"Pittsburgh city (Allegheny, PA)",Upper Hill,40.452687,-79.958547,kept,0,1.48,0.0,2.0,83,id
9677,BROWNSVILLE RD OPP FELIX DR,"Whitehall borough (Allegheny, PA)",,40.349961,-79.987648,kept,0,1.48,0.6,0.0,Y47,id
9853,ST CLAIR AVE AT STATE ST,"Clairton city (Allegheny, PA)",,40.292371,-79.875625,kept,0,1.48,0.4,1.2,55;Y46,id
1093,REMINGTON DR AT REGENCY DR,"McCandless township (Allegheny, PA)",,40.556194,-80.007591,loses_all_service,793,1.43,0.0,0.0,O5,id
11978,CRAWFORD AVE AT MIFFLIN ST,"Duquesne city (Allegheny, PA)",,40.362275,-79.854811,kept,0,1.43,1.2,1.0,59,id
1304,CENTER AVE OPP CORNELL AVE EXT,"West View borough (Allegheny, PA)",,40.513776,-80.045507,kept,0,1.43,1.6,2.0,13,id
14393,FRANKSTOWN RD AT ERHARDT DR,"Penn Hills township (Allegheny, PA)",,40.465916,-79.838623,kept,0,1.43,0.8,1.2,77,id
17520,EVANS ST AT MCKEESPORT HOSPITAL EMERGENCY,"McKeesport city (Allegheny, PA)",,40.350924,-79.849927,kept,0,1.43,0.2,0.0,60,id
18677,HWY RT 51 AT HILLVIEW ST FS,"Pittsburgh city (Allegheny, PA)",Overbrook,40.381293,-79.995505,kept,0,1.43,1.0,0.6,Y45;Y46;Y47;Y49,id
18709,EVERGREEN & PEOPLES PLANK RD AT IVORY AVE NS,"Pittsburgh city (Allegheny, PA)",Summer Hill,40.496285,-80.007915,loses_all_service,403,1.43,0.0,0.0,O5,id
19305,ARLINGTON AVE OPP ROANOKE ST,"Pittsburgh city (Allegheny, PA)",South Side Slopes,40.425288,-79.990457,kept,0,1.43,0.6,0.2,43,id
19602,COCHRAN RD OPP ROESSLER RD,"Mount Lebanon township (Allegheny, PA)",,40.392956,-80.063394,loses_all_service,306,1.43,0.4,0.2,38,id
19620,W PROSPECT AVE AT BERRY ST FS,"Ingram borough (Allegheny, PA)",,40.447203,-80.06969,kept,0,1.43,3.0,1.2,27,id
20159,TEXAS AVE AT MIFFLIN ST,"West Mifflin borough (Allegheny, PA)",,40.366041,-79.857787,kept,0,1.43,1.8,0.6,52L;59,id
20399,LARIMER AVE AT SHETLAND ST,"Pittsburgh city (Allegheny, PA)",Larimer,40.46611,-79.912315,kept,0,1.43,0.2,0.0,74,id
21008,COMMONWEALTH AVE AT RITE AID,"West Mifflin borough (Allegheny, PA)",,40.382927,-79.877057,kept,0,1.43,0.8,0.4,59,former_id
21634,LOWES DR AT FOX PLAN RD,"Monroeville municipality (Allegheny, PA)",,40.437984,-79.761582,kept,0,1.43,0.0,0.0,67,id
21678,CLIMAX ST AT CURTIN AVE,"Pittsburgh city (Allegheny, PA)",Beltzhoover,40.419949,-79.998986,kept,0,1.43,0.2,0.2,44,former_id
21732,BEECHWOOD BLVD AT DOUGLAS ST FS,"Pittsburgh city (Allegheny, PA)",Squirrel Hill South,40.433266,-79.914635,loses_all_service,324,1.43,0.0,0.0,65,former_id
22397,W CARSON ST AT CORLISS TUNNEL NS,"Pittsburgh city (Allegheny, PA)",Esplen,40.453027,-80.039574,kept,0,1.43,1.4,0.8,20;21;22;24,id
22636,CONLIN ST AT WORTON BLVD,"West Mifflin borough (Allegheny, PA)",,40.477162,-80.040107,kept,0,1.43,0.0,0.0,13,id
2368,4TH AVE OPP LOCUST ST,"Coraopolis borough (Allegheny, PA)",,40.521229,-80.17108,kept,0,1.43,1.2,1.2,21,id
2611,HERRON AVE OPP RUTHVEN ST FS,"Pittsburgh city (Allegheny, PA)",Polish Hill,40.459198,-79.965996,kept,0,1.43,0.4,1.2,54,id
4858,S 26TH ST AT JOSEPHINE ST,"Pittsburgh city (Allegheny, PA)",South Side Slopes,40.424233,-79.969956,kept,0,1.43,1.4,2.8,48,id
5114,STEUBENVILLE PIKE AT HIGHTOWER BLVD FS,"Robinson township (Allegheny, PA)",,40.44778,-80.154935,kept,0,1.43,1.0,0.6,24;29,id
6242,BANK ST AT GRANDVIEW AVE,"Bridgeville borough (Allegheny, PA)",,40.353044,-80.105706,kept,0,1.43,0.4,0.0,41,id
6747,SOUTHERN AVE OPP SANDWICH ST,"Pittsburgh city (Allegheny, PA)",Mount Washington,40.425069,-80.009668,kept,0,1.43,1.6,0.8,40,id
7559,JONES AVE AT MILLER AVE,"North Braddock borough (Allegheny, PA)",,40.405669,-79.859516,kept,0,1.43,2.0,1.4,59,id
7693,PENN AVE AT LANG AVE,"Pittsburgh city (Allegheny, PA)",Point Breeze,40.450016,-79.903908,kept,0,1.43,1.4,0.2,67;69;71C,id
8441,OBERLIN ST OPP LEMINGTON AVE,"Pittsburgh city (Allegheny, PA)",Lincoln-Lemington-Belmar,40.467051,-79.890073,kept,0,1.43,0.4,0.6,74,id
8475,REYNOLDS ST AT DALLAS AVE,"Pittsburgh city (Allegheny, PA)",Point Breeze,40.44873,-79.909936,kept_nearby,20,1.43,0.4,0.2,74,id
8819,MT CARMEL RD AT HIGHLANDVIEW ST,"Penn Hills township (Allegheny, PA)",,40.46882,-79.886773,kept,0,1.43,1.2,1.0,79;P17,id
8872,LINCOLN AVE AT RENFREW ST,"Pittsburgh city (Allegheny, PA)",Larimer,40.462233,-79.906404,kept,0,1.43,0.6,0.4,82;P17,id
972,MEADVILLE ST AT RISING MAIN AVE,"Pittsburgh city (Allegheny, PA)",Fineview,40.46355,-80.006014,kept,0,1.43,0.8,0.2,11,id
984,HENDERSON ST OPP SANDUSKY CT,"Pittsburgh city (Allegheny, PA)",Fineview,40.459227,-80.005647,kept,0,1.43,1.6,1.0,11,id
10588,EVANS ST AT COLFAX ST,"McKeesport city (Allegheny, PA)",,40.348013,-79.849425,kept,0,1.38,0.0,0.0,60,id
11710,GREENSPRINGS AVE AT HAZEL ST,"West Mifflin borough (Allegheny, PA)",,40.387095,-79.880609,kept,0,1.38,0.0,0.0,52L,id
12041,MIFFLIN RD AT MOHRBACH ST FS,"Pittsburgh city (Allegheny, PA)",Lincoln Place,40.366629,-79.909768,kept,0,1.38,0.8,0.8,53;53L;56,id
12803,PITTSBURGH ST OPP SCHOOL ST,"Springdale borough (Allegheny, PA)",,40.54138,-79.777912,kept,0,1.38,0.8,0.4,1;P10,id
12805,PITTSBURGH ST AT HARTREY ST,"Springdale borough (Allegheny, PA)",,40.541945,-79.774666,kept,0,1.38,1.2,0.8,1;P10,id
13503,OLD WILLIAM PENN HWY OPP SCOTT DR,"Monroeville municipality (Allegheny, PA)",,40.441522,-79.751442,kept_nearby,146,1.38,0.0,0.0,67;P12,id
13791,FRANKSTOWN RD AT HOWARD ST,"Penn Hills township (Allegheny, PA)",,40.462757,-79.856728,kept,0,1.38,0.0,0.0,77,id
14384,FRANKSTOWN RD OPP PARKRIDGE DR FS,"Penn Hills township (Allegheny, PA)",,40.470882,-79.821251,kept,0,1.38,0.2,0.2,77;P16,id
14404,FRANKSTOWN RD OPP HOWARD ST,"Penn Hills township (Allegheny, PA)",,40.463037,-79.856477,kept,0,1.38,1.0,0.6,77,id
1444,OHIO RIVER BLVD AT KILBUCK ST (I-79 ENT),"Glenfield borough (Allegheny, PA)",,40.517883,-80.130653,kept,0,1.38,1.0,3.2,14,id
16227,BOWMAN AVE AT LIME ST,"McKeesport city (Allegheny, PA)",,40.360891,-79.83285,kept,0,1.38,0.4,0.0,55,id
17633,WEST BUSWAY AT BELL STATION A,"Carnegie borough (Allegheny, PA)",,40.415441,-80.083026,kept,0,1.38,1.0,1.0,G2,id
1789,N CHARLES ST OPP STRAUSS ST,"Pittsburgh city (Allegheny, PA)",Perry South,40.463215,-80.019854,kept_nearby,60,1.38,0.4,0.4,15,id
19540,ARCH ST AT NORTH AVE FS,"Pittsburgh city (Allegheny, PA)",Allegheny Center,40.45473,-80.00856,kept_nearby,37,1.38,0.6,1.0,54,id
20731,LEWIS RUN RD AT KELLY LN,"West Mifflin borough (Allegheny, PA)",,40.331365,-79.936609,kept,0,1.38,1.2,0.0,55,id
20880,HAZELWOOD AVE AT GIDDINGS ST,"Pittsburgh city (Allegheny, PA)",Hazelwood,40.414554,-79.9393,kept,0,1.38,0.2,0.4,93,id
21026,W 5TH AVE OPP WINDSOR ST,"McKeesport city (Allegheny, PA)",,40.348584,-79.877612,kept,0,1.38,1.6,1.2,55;56;59,former_id
21237,GREENSBURG PIKE AT KLINE AVE,"North Versailles township (Allegheny, PA)",,40.397689,-79.821042,kept,0,1.38,2.8,0.4,59,id
21431,FOREST AVE AT CENTER AVE FS,"Ross township (Allegheny, PA)",,40.508155,-80.047401,kept,0,1.38,2.0,1.2,13,former_id
21879,OAKWOOD ST AT BENNETT ST,"Pittsburgh city (Allegheny, PA)",Homewood South,40.454318,-79.885782,kept_nearby,89,1.38,0.4,0.2,86,former_id
22772,WARRINGTON AVE AT BOGGSTON AVE,"Pittsburgh city (Allegheny, PA)",Mount Washington,40.370436,-79.852696,kept,0,1.38,0.8,1.8,52L,id
2723,MT TROY RD AT #2637,"Reserve township (Allegheny, PA)",,40.47345,-79.985237,loses_all_service,728,1.38,0.4,0.0,4,id
2730,PITTVIEW AVE OPP TEUTONIA ST,"Reserve township (Allegheny, PA)",,40.469097,-79.982796,loses_all_service,286,1.38,0.6,0.0,4,id
3434,CORAOPOLIS RD AT LONG VALLEY DR,"Kennedy township (Allegheny, PA)",,40.489929,-80.109089,loses_all_service,1525,1.38,0.4,0.0,20,id
3740,WINDGAP AVE AT SUMMERDALE ST FS,"Pittsburgh city (Allegheny, PA)",Windgap,40.456291,-80.080158,kept,0,1.38,1.8,0.2,27,id
5498,WASHINGTON PIKE AT CHARTIERS VALLEY SC,"Collier township (Allegheny, PA)",,40.365601,-80.108075,kept,0,1.38,0.2,0.8,31;G31,id
5588,3RD ST AT MAIN ST,"Carnegie borough (Allegheny, PA)",,40.404453,-80.091119,loses_all_service,196,1.38,0.0,0.0,G31,id
6168,FREEDOM AVE AT WAREMAN AVE,"Pittsburgh city (Allegheny, PA)",Brookline,40.38941,-80.011288,loses_all_service,241,1.38,0.8,0.4,39,id
6245,BANK ST AT GREGG AVE,"Bridgeville borough (Allegheny, PA)",,40.355091,-80.108475,kept,0,1.38,0.0,0.0,41,id
6288,WEST LIBERTY AVE AT BLAINE ST,"Pittsburgh city (Allegheny, PA)",Brookline,40.396783,-80.030414,kept,0,1.38,2.2,0.6,41,id
6662,GRANDVIEW AVE AT LABELLE ST,"Pittsburgh city (Allegheny, PA)",Mount Washington,40.436425,-80.015718,kept,0,1.38,0.2,0.4,40,id
6985,CLIMAX ST AT HABERMAN AVE,"Pittsburgh city (Allegheny, PA)",Beltzhoover,40.419838,-80.002541,kept,0,1.38,2.2,0.2,44,id
7239,BRADDOCK AVE AT HUTCHINSON ST,"Swissvale borough (Allegheny, PA)",,40.433041,-79.894287,kept,0,1.38,1.2,1.4,61B,id
8529,SHADY AVE AT NORTHUMBERLAND ST,"Pittsburgh city (Allegheny, PA)",Squirrel Hill North,40.442082,-79.920036,kept,0,1.38,2.0,1.0,64,id
8810,LINCOLN AVE OPP LEMINGTON HOME DRVWY,"Pittsburgh city (Allegheny, PA)",Lincoln-Lemington-Belmar,40.470965,-79.892074,kept,0,1.38,0.4,0.4,82;P17,id
8960,MT CARMEL RD AT ABER RD,"Penn Hills township (Allegheny, PA)",,40.467141,-79.869528,kept,0,1.38,0.4,0.2,79;P17,id
10158,BALDWIN RD OPP RAMP ST,"Pittsburgh city (Allegheny, PA)",Hays,40.386967,-79.932676,kept,0,1.33,0.4,0.0,56,id
10265,WALNUT ST AT 25TH AVE FS,"McKeesport city (Allegheny, PA)",,40.334711,-79.849731,kept_nearby,20,1.33,0.6,0.6,60,id
11010,LEBANON CHURCH RD AT PLEASANT ST,"West Mifflin borough (Allegheny, PA)",,40.353692,-79.901525,kept,0,1.33,0.2,1.6,56;59,id
11107,WHITAKER ST AT GRANT AVE,"Whitaker borough (Allegheny, PA)",,40.399522,-79.886239,kept,0,1.33,1.2,1.2,52L;59,id
11197,WORTHINGTON AVE AT 9TH ST,"Clairton city (Allegheny, PA)",,40.29219,-79.891505,kept,0,1.33,0.4,0.4,Y46,id
12039,MIFFLIN RD OPP MCBRIDE AVE,"Pittsburgh city (Allegheny, PA)",Lincoln Place,40.369333,-79.910727,kept,0,1.33,0.4,0.0,53;53L;56,id
1211,EVERGREEN AVE AT DAVID ST,"Millvale borough (Allegheny, PA)",,40.489175,-79.97215,kept,0,1.33,0.0,0.4,2,id
12685,FREEPORT RD AT JEFFERSON AVE,"Harmar township (Allegheny, PA)",,40.540527,-79.813489,kept,0,1.33,1.4,0.0,1;P10,id
12838,GAMMA DR AT ZETA DR NS,"O'Hara township (Allegheny, PA)",,40.500591,-79.864784,kept,0,1.33,0.0,0.0,91,id
1391,OHIO RIVER BLVD OPP SHILOH AVE,"Bellevue borough (Allegheny, PA)",,40.487869,-80.056511,kept,0,1.33,0.6,0.6,14,id
1427,OHIO RIVER BLVD OPP EAT-N-PARK,"Avalon borough (Allegheny, PA)",,40.494317,-80.064299,kept,0,1.33,1.6,0.8,14,id
14756,SALTSBURG RD OPP HERSHEY RD,"Penn Hills township (Allegheny, PA)",,40.477718,-79.799706,kept,0,1.33,0.0,0.0,77,id
16485,CRESCENT ST OPP SULLIVAN WAY,"Etna borough (Allegheny, PA)",,40.502042,-79.946767,kept,0,1.33,0.4,0.0,2;P13,id
1876,SHADELAND AVE AT DAVIS AVE,"Pittsburgh city (Allegheny, PA)",Brighton Heights,40.481465,-80.034789,kept,0,1.33,0.4,0.8,17,id
18970,LARIMER AVE AT MAYFLOWER ST,"Pittsburgh city (Allegheny, PA)",Larimer,40.464255,-79.916089,kept,0,1.33,0.8,0.2,74,id
19752,FOREST AVE OPP #1055,"Ross township (Allegheny, PA)",,40.508074,-80.047215,kept,0,1.33,1.0,0.8,13,id
20428,4TH AVE AT ANTISBURY ST,"Rankin borough (Allegheny, PA)",,40.412731,-79.879364,loses_all_service,160,1.33,1.2,0.2,59;71;P71,id
20517,LOWRIE ST AT HOFF ST,"Pittsburgh city (Allegheny, PA)",Troy Hill,40.461989,-79.984108,kept,0,1.33,0.6,0.0,4,id
20593,MONONGAHELA AVE AT HARRISON ST,"Glassport borough (Allegheny, PA)",,40.336731,-79.890196,kept,0,1.33,1.2,1.0,55,id
20767,AMBULATORY CARE CENTER DR AT BLDG #71,"O'Hara township (Allegheny, PA)",,40.494557,-79.889135,kept,0,1.33,1.0,0.6,75,id
20790,FOREST AVE AT 6TH ST,"Trafford borough (Westmoreland, PA)",,40.386826,-79.757629,loses_all_service,839,1.33,0.0,0.2,69;P69,id
20830,MCKNIGHT RD AT SIEBERT RD,"Ross township (Allegheny, PA)",,40.530443,-80.009582,kept,0,1.33,1.2,0.2,12;2;O12,id
20832,OHIO RIVER BLVD OPP LOCUST ST,"Avalon borough (Allegheny, PA)",,40.497772,-80.069861,kept,0,1.33,0.8,0.8,14,id
21582,CHURCHVIEW AVE AT CATHELL RD NS,"Baldwin borough (Allegheny, PA)",,40.384544,-79.949732,loses_all_service,1471,1.33,0.0,0.0,44,id
21911,FRIENDSHIP AVE AT FAIRMOUNT ST,"Pittsburgh city (Allegheny, PA)",Friendship,40.461308,-79.934272,kept,0,1.33,0.4,0.0,87,former_id
22759,BOWER HILL RD AT McLAUGHLIN RUN RD,"Bridgeville borough (Allegheny, PA)",,40.388402,-80.007088,kept,0,1.33,0.2,0.0,39,id
22840,CRAWFORD ST AT BEDFORD AVE,"Pittsburgh city (Allegheny, PA)",Crawford-Roberts,40.556154,-80.038995,loses_all_service,1323,1.33,0.6,0.8,O12,id
2603,BERND ST AT BAUSMAN ST,"Pittsburgh city (Allegheny, PA)",Beltzhoover,40.414211,-79.997498,loses_all_service,258,1.33,0.8,0.8,54,id
2823,ITIN ST OPP HIGH ST,"Pittsburgh city (Allegheny, PA)",East Allegheny,40.459737,-79.994697,kept,0,1.33,1.2,0.6,6,id
3262,HIGHLAND AVE AT WALNUT ST,"Pittsburgh city (Allegheny, PA)",Shadyside,40.454105,-79.925237,kept,0,1.33,3.2,1.4,71B,id
4051,CAROTHERS AVE OPP FINLEY AVE,"Scott township (Allegheny, PA)",,40.396636,-80.087988,kept_nearby,150,1.33,0.0,0.0,G31,id
5416,NOBLESTOWN RD AT BRENFORD AVE,"Green Tree borough (Allegheny, PA)",,40.420562,-80.066827,kept,0,1.33,0.0,0.0,31,id
5811,SWALLOW HILL RD OPP THE KNOLLS,"Mount Lebanon township (Allegheny, PA)",,40.387276,-80.073708,loses_all_service,526,1.33,1.8,1.6,38,id
6267,KANE BLVD AT DAVIS ST,"Scott township (Allegheny, PA)",,40.378016,-80.09145,kept,0,1.33,0.8,1.0,41,id
7022,CHARLES ST AT KNOX AVE,"Pittsburgh city (Allegheny, PA)",Knoxville,40.41657,-79.990823,kept,0,1.33,0.8,0.0,44,id
7768,MIDDLE AVE AT 2ND ST,"Wilmerding borough (Allegheny, PA)",,40.39971,-79.814832,kept,0,1.33,1.2,1.2,69;P69,id
7897,WM PENN HWY AT #2295,"Churchill borough (Allegheny, PA)",,40.446023,-79.853103,kept,0,1.33,0.0,0.0,67;P16;P67,id
8006,BEECHWOOD BLVD OPP ANITA AVE (MONITOR ST),"Pittsburgh city (Allegheny, PA)",Squirrel Hill South,40.4262,-79.916849,kept,0,1.33,0.0,0.0,65;74,id
8127,MAPLE AVE AT ALBERT ST,"Turtle Creek borough (Allegheny, PA)",,40.407925,-79.819626,kept,0,1.33,1.8,1.2,P68,id
8363,SHADY AVE AT DOUGLAS ST,"Pittsburgh city (Allegheny, PA)",Squirrel Hill South,40.433464,-79.918495,kept,0,1.33,0.0,0.0,74,id
848,CENTER AVE AT OAKWOOD AVE,"West View borough (Allegheny, PA)",,40.514524,-80.023951,kept,0,1.33,0.8,0.0,8,id
8830,MARK DR AT #7865,"Penn Hills township (Allegheny, PA)",,40.469232,-79.87112,loses_all_service,238,1.33,0.2,0.2,79;P17,id
9846,DESIDERIO BLVD AT JEFFERSON DR,"Clairton city (Allegheny, PA)",,40.288758,-79.891315,kept,0,1.33,0.4,0.2,Y46,id
10994,DUQUESNE BLVD AT CENTER ST,"Duquesne city (Allegheny, PA)",,40.363978,-79.842911,kept,0,1.29,2.2,0.8,59;61C;P7,id
11034,WEST ST AT MUNHALL BORO BLDG,"Munhall borough (Allegheny, PA)",,40.399179,-79.904375,kept,0,1.29,0.6,1.4,53;53L,id
11180,LINCOLN HWY AT CENTER AVE,"East Pittsburgh borough (Allegheny, PA)",,40.395784,-79.838699,kept,0,1.29,0.0,0.0,P76,id
11208,HWY RT 51 OPP OLD CLAIRTON RD,"Jefferson Hills borough (Allegheny, PA)",,40.294458,-79.917807,kept,0,1.29,0.6,0.6,Y46,id
12806,PITTSBURGH ST AT BUTLER ST,"Springdale borough (Allegheny, PA)",,40.542548,-79.773145,kept,0,1.29,0.8,1.0,1;P10,id
1310,FOREST AVE AT RAVENSWOOD AVE,"Ross township (Allegheny, PA)",,40.50584,-80.051601,kept,0,1.29,0.6,1.4,13,id
14422,HAMILTON AVE OPP JULIUS ST,"Pittsburgh city (Allegheny, PA)",Larimer,40.458202,-79.911682,loses_all_service,159,1.29,0.0,0.0,75;P17,id
14610,CENTER RD AT FOUR SEASONS APTS,"Plum borough (Allegheny, PA)",,40.460966,-79.759405,loses_all_service,1077,1.29,0.0,0.0,77,id
15674,PARK HILL DR AT #2567,"Pittsburgh city (Allegheny, PA)",East Hills,40.456619,-79.871804,kept,0,1.29,1.6,0.0,79;P17,id
15675,PARK HILL DR AT #2501,"Pittsburgh city (Allegheny, PA)",East Hills,40.456271,-79.873382,kept,0,1.29,2.4,1.2,79;P17,id
167,EAST ST AT SUFFOLK ST,"Pittsburgh city (Allegheny, PA)",Spring Hill-City View,40.469084,-80.001562,kept,0,1.29,0.0,0.0,12,id
18317,WINHURST ST AT CALIFORNIA AVE,"Pittsburgh city (Allegheny, PA)",Brighton Heights,40.487361,-80.04492,kept,0,1.29,0.6,1.0,16,id
19179,ALLEGHENY AVE OPP MARYLAND AVE NS,"Oakmont borough (Allegheny, PA)",,40.518956,-79.842943,kept,0,1.29,0.0,0.0,P78,id
19754,CORNELL AVE AT WILLIAM ST,"Ross township (Allegheny, PA)",,40.513548,-80.045461,kept,0,1.29,0.2,0.0,13,id
20639,ST CLAIR AVE AT 8TH ST,"Clairton city (Allegheny, PA)",,40.294022,-79.890996,kept,0,1.29,1.2,0.2,55,id
2155,LIBERTY AVE AT 34TH ST,"Pittsburgh city (Allegheny, PA)",Lower Lawrenceville,40.461768,-79.9657,kept,0,1.29,0.8,0.8,54,former_id
22821,CHARTIERS AVE AT SUTER ST,"Pittsburgh city (Allegheny, PA)",Windgap,40.45808,-80.075368,loses_all_service,241,1.29,1.0,1.0,27,former_id
2347,GRAND AVE AT 2ND ST,"Neville township (Allegheny, PA)",,40.510423,-80.125756,kept,0,1.29,0.0,0.2,21,id
2362,4TH AVE AT BROADWAY ST,"Coraopolis borough (Allegheny, PA)",,40.517215,-80.160437,kept,0,1.29,0.6,0.4,21,id
2441,MT ROYAL BLVD AT GLENSHAW AVE,"Shaler township (Allegheny, PA)",,40.522845,-79.960231,kept,0,1.29,0.6,0.6,2;P13,id
4070,CRENNELL AVE AT CRAFTON MUNICIPAL BLDG,"Crafton borough (Allegheny, PA)",,40.435042,-80.066397,kept,0,1.29,1.2,0.6,29,id
4133,CHARTIERS AVE AT MARLOW ST,"Pittsburgh city (Allegheny, PA)",Elliott,40.443095,-80.03965,kept,0,1.29,0.8,0.8,26,id
6104,PIONEER AVE OPP DUNSTER ST,"Pittsburgh city (Allegheny, PA)",Brookline,40.402537,-80.015976,kept,0,1.29,0.0,0.0,39,id
6690,BOGGS AVE AT SMITH WAY,"Pittsburgh city (Allegheny, PA)",Mount Washington,40.423994,-80.009245,kept_nearby,105,1.29,0.8,0.4,43,id
6794,WEYMAN RD OPP MCROBERTS RD,"Whitehall borough (Allegheny, PA)",,40.370258,-79.997661,kept,0,1.29,0.0,0.0,Y45,id
7,BRIGHTON RD AT RIDGE AVE,"Pittsburgh city (Allegheny, PA)",Allegheny West,40.450687,-80.013512,kept,0,1.29,0.2,0.2,18;54,id
7498,WM PENN HWY AT PEP BOYS,"Wilkins township (Allegheny, PA)",,40.430695,-79.805725,kept,0,1.29,1.2,0.4,67;P67,id
7569,MAIN ST AT RIDGE AVE,"East Pittsburgh borough (Allegheny, PA)",,40.39859,-79.841115,kept,0,1.29,0.6,1.0,P68,id
7717,MONTIER ST AT #1824,"Wilkinsburg borough (Allegheny, PA)",,40.448069,-79.868626,kept,0,1.29,1.0,0.2,79;P17;P78,id
7725,LAKETON RD OPP DOUGLAS PLAZA APTS,"Wilkinsburg borough (Allegheny, PA)",,40.454609,-79.85837,kept,0,1.29,0.0,0.0,P78,id
7772,AIRBRAKE AVE AT 7TH ST,"Turtle Creek borough (Allegheny, PA)",,40.401762,-79.819502,kept,0,1.29,0.6,0.0,69;P69,id
8283,TRENTON AVE AT PENN AVE FS,"Wilkinsburg borough (Allegheny, PA)",,40.445483,-79.891593,kept_nearby,48,1.29,0.2,0.2,71C,id
8445,LEMINGTON AVE OPP PAULSON AVE,"Pittsburgh city (Allegheny, PA)",Lincoln-Lemington-Belmar,40.47004,-79.897029,kept,0,1.29,0.4,0.0,74,id
9225,BLACK ST OPP CHISLETT ST,"Pittsburgh city (Allegheny, PA)",Garfield,40.46973,-79.930359,kept,0,1.29,0.8,1.6,89,id
9705,PROVOST RD AT BARLIND DR,"Whitehall borough (Allegheny, PA)",,40.363881,-79.992142,loses_all_service,377,1.29,0.2,0.0,Y47,id
99965,HIGHLAND,"Bethel Park municipality (Allegheny, PA)",,40.348372,-80.03979,kept,0,1.29,1.2,0.4,BLUE;RED,id
11057,INTERBORO AVE AT MIFFLIN RD,"Pittsburgh city (Allegheny, PA)",Lincoln Place,40.369951,-79.912954,kept,0,1.24,0.8,0.0,53;53L,id
11688,MELLON ST AT MAINE AVE,"West Mifflin borough (Allegheny, PA)",,40.364842,-79.859229,kept,0,1.24,0.2,0.4,52L;59,id
12346,REGIS AVE EXT AT HOME DEPOT,"West Mifflin borough (Allegheny, PA)",,40.339769,-79.953036,kept,0,1.24,1.8,1.4,55,id
12652,FREEPORT RD AT 1ST ST,"East Deer township (Allegheny, PA)",,40.573322,-79.777489,kept,0,1.24,0.0,0.2,1;P10,id
1463,BEAVER ST AT ACADEMY AVE,"Sewickley borough (Allegheny, PA)",,40.545031,-80.187257,kept,0,1.24,1.2,0.4,14,id
18594,MT CARMEL RD AT TIERS ST,"Penn Hills township (Allegheny, PA)",,40.470383,-79.887595,kept,0,1.24,1.8,1.2,79;P17,id
19096,FRANKSTOWN AVE AT WILKINSBURG AVE FS,"Pittsburgh city (Allegheny, PA)",East Hills,40.458269,-79.875603,kept,0,1.24,1.8,1.4,77,id
21405,PERRY HWY OPP #328,"West View borough (Allegheny, PA)",,40.518581,-80.026751,kept,0,1.24,1.4,0.4,8,former_id
21730,PARK MANOR BLVD AT ROBINSON CENTER DR FS,"Robinson township (Allegheny, PA)",,40.451896,-80.161898,kept,0,1.24,2.2,0.0,24;29,former_id
21908,FRIENDSHIP AVE AT ATLANTIC AVE,"Pittsburgh city (Allegheny, PA)",Bloomfield,40.461986,-79.939095,kept,0,1.24,0.2,0.2,87,former_id
22200,ALPHA DR OPP PRINT TECH DRVWY,"O'Hara township (Allegheny, PA)",,40.493518,-79.869737,kept,0,1.24,0.0,0.0,91,former_id
22357,BAKERSTOWN RD AT BP ENTRANCE FS,"Harrison township (Allegheny, PA)",,40.667422,-79.711875,loses_all_service,2356,1.24,0.0,0.0,P10,id
22684,PERRY HWY OPP CUMBERLAND RD,"McCandless township (Allegheny, PA)",,40.476178,-80.100932,loses_all_service,350,1.24,0.0,0.0,20,id
22731,MONROEVILLE BLVD AT OXFORD DR FS,"Monroeville municipality (Allegheny, PA)",,40.511051,-80.088251,kept_nearby,124,1.24,1.0,0.4,19L,id
23014,EVERGREEN AVE OPP WEHPLE ST,"Shaler township (Allegheny, PA)",,40.479599,-79.968453,loses_all_service,150,1.24,1.4,0.8,2,former_id
2761,LOWRIE ST OPP FROMAN ST,"Pittsburgh city (Allegheny, PA)",Troy Hill,40.464601,-79.981951,kept,0,1.24,0.8,0.0,4,id
3164,CALIFORNIA AVE AT KUNKLE WAY,"Pittsburgh city (Allegheny, PA)",California-Kirkbride,40.459939,-80.025195,kept,0,1.24,1.0,0.6,13,id
3453,FOREST GROVE RD AT SPEER DR,"Kennedy township (Allegheny, PA)",,40.481812,-80.10984,loses_all_service,1239,1.24,0.4,0.6,20,id
3454,FOREST GROVE RD AT #324 (FLAMINGO LANDSCAPE),"Kennedy township (Allegheny, PA)",,40.480961,-80.10614,loses_all_service,920,1.24,0.4,0.0,20,id
3461,MCCOY RD AT GREENWOOD DR,"Kennedy township (Allegheny, PA)",,40.477992,-80.094076,kept,0,1.24,0.0,0.0,22,id
4095,CHARTIERS AVE AT UNIVERSAL ST,"Pittsburgh city (Allegheny, PA)",Sheraden,40.453663,-80.060763,kept,0,1.24,0.2,0.0,26,id
4208,BERRY ST AT W PROSPECT AVE,"Ingram borough (Allegheny, PA)",,40.447201,-80.069052,kept_nearby,25,1.24,0.4,0.0,26,id
4262,MIDDLETOWN RD AT STRAKA ST FS,"Pittsburgh city (Allegheny, PA)",Crafton Heights,40.447614,-80.061658,kept,0,1.24,0.4,0.4,27,id
4657,BANKSVILLE RD AT CARNAHAN RD,"Pittsburgh city (Allegheny, PA)",Banksville,40.407116,-80.034218,kept,0,1.24,0.2,0.0,36,id
5660,GREENTREE RD AT ORCHARD DR,"Green Tree borough (Allegheny, PA)",,40.412117,-80.045942,kept,0,1.24,0.8,1.0,38,id
6102,PIONEER AVE AT STETSON ST,"Pittsburgh city (Allegheny, PA)",Brookline,40.405731,-80.015063,kept,0,1.24,1.8,0.0,39,id
6586,CEDAR BLVD AT HOLLYCREST DR,"Mount Lebanon township (Allegheny, PA)",,40.377721,-80.055309,loses_all_service,386,1.24,0.4,0.6,36,id
7905,WM PENN HWY AT GRAHAM BLVD,"Wilkinsburg borough (Allegheny, PA)",,40.445107,-79.858649,kept,0,1.24,0.0,0.4,67;P16;P67,id
8831,MARK DR AT #7915,"Penn Hills township (Allegheny, PA)",,40.469971,-79.868105,loses_all_service,337,1.24,1.0,0.0,79;P17,id
8838,CHASKE ST OPP CROSS ST,"Penn Hills township (Allegheny, PA)",,40.475781,-79.86924,loses_all_service,805,1.24,0.4,1.0,79;P17,id
9168,WILNER DR AT ROBINSON BLVD,"Pittsburgh city (Allegheny, PA)",East Hills,40.452763,-79.866758,kept,0,1.24,0.4,0.2,79;P17,id
10159,MIFFLIN RD AT HAYS SCHOOL,"Pittsburgh city (Allegheny, PA)",Hays,40.382969,-79.929993,kept,0,1.19,0.6,0.2,56,id
10378,WALNUT ST AT #2906,"McKeesport city (Allegheny, PA)",,40.331945,-79.845342,kept,0,1.19,1.0,0.4,60,id
10668,EVANS ST AT LAMONT ST,"McKeesport city (Allegheny, PA)",,40.346713,-79.849343,kept,0,1.19,0.4,0.2,60,id
11076,HALKET ST AT FORBES AVE,"Pittsburgh city (Allegheny, PA)",Central Oakland,40.438406,-79.961113,kept,0,1.19,1.8,0.2,58,id
1110,THOMPSON RUN RD AT SANGREE RD,"Ross township (Allegheny, PA)",,40.538902,-79.990189,loses_all_service,1514,1.19,0.0,0.0,O5,id
11141,LINCOLN HWY AT ISAAC ST FS,"North Versailles township (Allegheny, PA)",,40.377544,-79.80179,loses_all_service,931,1.19,0.0,0.0,P76,id
11665,BEECHWOOD BLVD AT HAZELWOOD AVE,"Pittsburgh city (Allegheny, PA)",Greenfield,40.419752,-79.92728,kept_nearby,90,1.19,0.0,0.0,52L;53L,id
12017,4TH ST AT VIOLA AVE,"Duquesne city (Allegheny, PA)",,40.369441,-79.847638,kept,0,1.19,1.2,0.8,59,id
12212,GREENFIELD AVE AT FRAZIER ST,"Pittsburgh city (Allegheny, PA)",Greenfield,40.425718,-79.949754,kept,0,1.19,0.2,0.4,58;65;93,id
12589,KENNYWOOD MALL DR AT HOFFMAN BLVD,"West Mifflin borough (Allegheny, PA)",,40.382439,-79.868764,kept_nearby,34,1.19,2.6,0.2,59,id
12666,PITTSBURGH ST AT MOYHEND ST,"Springdale borough (Allegheny, PA)",,40.541829,-79.77583,kept,0,1.19,0.2,0.0,1;P10,id
1324,CALIFORNIA AVE AT CHESTNUT ST,"Avalon borough (Allegheny, PA)",,40.500071,-80.065466,kept,0,1.19,0.2,0.6,16;19L,id
13793,FRANKSTOWN RD AT ORIN ST,"Penn Hills township (Allegheny, PA)",,40.464847,-79.853228,kept,0,1.19,1.0,1.2,77,id
15433,COMMONWEALTH AVE OPP RITE AID,"West Mifflin borough (Allegheny, PA)",,40.383012,-79.876429,kept,0,1.19,1.0,0.2,59,id
16489,GEARING AVE AT FREELAND ST,"Pittsburgh city (Allegheny, PA)",Beltzhoover,40.41828,-80.00526,kept,0,1.19,0.8,0.4,44,id
1769,SIRIUS ST AT #3517,"Pittsburgh city (Allegheny, PA)",Summer Hill,40.484936,-80.005661,loses_all_service,245,1.19,2.6,0.2,15;6;7,id
1883,CALIFORNIA AVE AT CHELLIS ST,"Pittsburgh city (Allegheny, PA)",Brighton Heights,40.486236,-80.043332,kept,0,1.19,0.6,0.6,13,id
19138,UNIVERSAL RD OPP REITER RD,"Penn Hills township (Allegheny, PA)",,40.472025,-79.787754,kept,0,1.19,0.0,0.0,P16,id
201,CORBETT CT AT BROWNS LN,"Ross township (Allegheny, PA)",,40.545902,-80.020157,kept,0,1.19,0.8,0.0,12;2,id
20362,MINGO ST AT OAKDENE ST,"Pittsburgh city (Allegheny, PA)",Lincoln-Lemington-Belmar,40.46464,-79.89099,kept,0,1.19,1.0,1.0,74,id
20559,BOWMAN AVE AT POPLAR ST,"McKeesport city (Allegheny, PA)",,40.357536,-79.835806,kept,0,1.19,0.4,0.2,55,id
21350,MCKNIGHT RD OPP NORTH HILLS VILLAGE (CENTER EN,"Ross township (Allegheny, PA)",,40.525363,-80.005368,kept,0,1.19,0.6,0.4,12;2;O12,former_id
222,EAST ST AT ROYAL ST,"Pittsburgh city (Allegheny, PA)",Spring Hill-City View,40.465814,-79.999642,kept,0,1.19,0.8,0.2,12,id
2232,ISLAND AVE OPP FLEMING AVE,"Stowe township (Allegheny, PA)",,40.485215,-80.073914,kept,0,1.19,0.2,0.0,21,id
22616,BOWMAN AVE OPP CHESTNUT AVE,"McKeesport city (Allegheny, PA)",,40.366901,-79.871599,loses_all_service,1059,1.19,0.6,2.0,52L,id
2367,4TH AVE AT WATT ST,"Coraopolis borough (Allegheny, PA)",,40.520608,-80.169433,kept,0,1.19,1.4,0.6,21,id
325,CUMBERLAND RD OPP FOX HUNT DR,"McCandless township (Allegheny, PA)",,40.571888,-80.018456,kept,0,1.19,2.8,0.8,12,id
3671,CLEVER RD AT PATRICIA PARK DR,"Kennedy township (Allegheny, PA)",,40.469416,-80.101537,kept,0,1.19,0.4,0.4,24,id
4120,CHARTIERS AVE AT EYRE WAY,"Pittsburgh city (Allegheny, PA)",Windgap,40.458097,-80.07561,loses_all_service,223,1.19,0.4,1.6,27,id
4264,MIDDLETOWN RD AT TYNDALL ST,"Pittsburgh city (Allegheny, PA)",Sheraden,40.449517,-80.064155,kept,0,1.19,0.0,0.0,27,id
6723,WARRINGTON AVE AT DELMONT AVE FS,"Pittsburgh city (Allegheny, PA)",Beltzhoover,40.420787,-80.004713,kept,0,1.19,0.8,0.0,43;44,id
6755,VIRGINIA AVE AT MAPLE TERRACE,"Pittsburgh city (Allegheny, PA)",Mount Washington,40.430636,-80.009447,kept,0,1.19,1.4,1.4,40,id
6931,GARDENVILLE RD AT BAPTIST RD,"Whitehall borough (Allegheny, PA)",,40.351982,-80.010758,loses_all_service,1209,1.19,0.0,0.0,Y45,id
7050,HAWKINS AVE AT #509,"North Braddock borough (Allegheny, PA)",,40.408253,-79.865457,kept,0,1.19,0.6,0.2,61A,id
7391,BRADDOCK AVE OPP LINE AVE,"Braddock borough (Allegheny, PA)",,40.407063,-79.875153,kept,0,1.19,0.4,0.6,61B,id
7450,WOLFE AVE AT PALLAS ST,"North Braddock borough (Allegheny, PA)",,40.405774,-79.845628,kept,0,1.19,1.2,0.2,P68,id
7543,COREY AVE AT CENTER ST,"Braddock borough (Allegheny, PA)",,40.406104,-79.866276,loses_all_service,203,1.19,0.4,0.2,59,id
799,CONNIE DR OPP MERWOOD DR,"Ross township (Allegheny, PA)",,40.499406,-80.024634,loses_all_service,255,1.19,0.2,0.2,17,id
8012,POCUSSETT ST AT WIGHTMAN ST,"Pittsburgh city (Allegheny, PA)",Squirrel Hill South,40.429316,-79.927243,loses_all_service,212,1.19,0.0,0.0,65,id
803,CONNIE DR AT JACKS RUN RD,"Ross township (Allegheny, PA)",,40.499214,-80.029161,loses_all_service,579,1.19,0.2,0.0,17,id
8050,BRINTON RD AT RIDGE RD,"Braddock Hills borough (Allegheny, PA)",,40.419935,-79.858935,kept,0,1.19,2.6,0.8,P68,id
8505,GREENFIELD AVE AT HAZELWOOD AVE,"Pittsburgh city (Allegheny, PA)",Greenfield,40.419868,-79.929271,kept,0,1.19,0.4,0.6,58,id
8579,BIGELOW BLVD AT BLOOMFIELD BRDGE FS,"Pittsburgh city (Allegheny, PA)",Polish Hill,40.458849,-79.958193,loses_all_service,381,1.19,0.6,0.6,77,id
8839,CHASKE ST AT #8168,"Penn Hills township (Allegheny, PA)",,40.474744,-79.866941,loses_all_service,856,1.19,0.2,0.0,79;P17,id
9135,FRANKSTOWN AVE OPP INWOOD ST,"Pittsburgh city (Allegheny, PA)",Homewood West,40.458107,-79.904995,kept,0,1.19,0.6,0.0,77;86,id
9348,CHISLETT ST OPP VETTER ST,"Pittsburgh city (Allegheny, PA)",Morningside,40.480749,-79.928267,kept,0,1.19,0.8,0.2,75;87,id
10386,WALNUT ST AT GRANT ST,"Versailles borough (Allegheny, PA)",,40.319853,-79.835293,kept,0,1.14,0.2,0.4,60,id
1100,CHARTERWOOD DR AT MCINTYRE RD,"Ross township (Allegheny, PA)",,40.551785,-80.000816,loses_all_service,819,1.14,0.0,0.0,O5,id
12095,SECOND AVE AT TECHNOLOGY DR,"Pittsburgh city (Allegheny, PA)",South Oakland,40.434089,-79.965542,kept,0,1.14,0.4,1.6,56;57;58,id
12232,ALGER ST AT WINTERBURN AVE,"Pittsburgh city (Allegheny, PA)",Greenfield,40.427103,-79.939605,kept,0,1.14,0.4,0.4,58;93,id
13568,HWY RT 286 AT HOLIDAY PARK VFD,"Plum borough (Allegheny, PA)",,40.466522,-79.705536,kept,0,1.14,0.0,0.0,P12,id
13591,PENN CENTER BLVD OPP BLDG #7,"Wilkins township (Allegheny, PA)",,40.426345,-79.811304,kept,0,1.14,0.8,0.8,67,id
1432,OHIO RIVER BLVD AT FISK AVE,"Avalon borough (Allegheny, PA)",,40.50139,-80.074861,kept,0,1.14,2.8,0.0,14,id
1433,OHIO RIVER BLVD AT LAUREL AVE,"Ben Avon borough (Allegheny, PA)",,40.501937,-80.076208,kept,0,1.14,0.2,0.2,14,id
14396,FRANKSTOWN RD AT COAL HOLLOW RD,"Penn Hills township (Allegheny, PA)",,40.460444,-79.842425,kept,0,1.14,1.0,1.2,77,id
14523,FRANKSTOWN RD OPP LIME HOLLOW RD,"Penn Hills township (Allegheny, PA)",,40.468272,-79.824698,kept,0,1.14,7.4,0.2,77;P16,id
14747,SALTSBURG RD OPP REITER RD,"Penn Hills township (Allegheny, PA)",,40.476465,-79.780434,loses_all_service,421,1.14,0.0,0.0,77;P16,id
1738,METROPOLITAN ST AT COLUMBUS AVE,"Pittsburgh city (Allegheny, PA)",Chateau,40.456814,-80.031684,loses_all_service,226,1.14,0.0,0.0,18,id
1786,N CHARLES ST AT BIZET ST,"Pittsburgh city (Allegheny, PA)",Perry South,40.466454,-80.019862,loses_all_service,377,1.14,1.8,2.4,15,id
20587,BOWMAN AVE AT POPLAR ST,"McKeesport city (Allegheny, PA)",,40.357627,-79.835827,kept,0,1.14,1.6,0.8,55,id
20604,OHIO AVE OPP WALL ST,"Glassport borough (Allegheny, PA)",,40.31716,-79.889672,kept,0,1.14,1.2,1.0,55,id
21086,STEUBENVILLE PIKE OPP CAMPBELLS RUN RD,"Robinson township (Allegheny, PA)",,40.448523,-80.157893,kept,0,1.14,1.0,1.8,24;29,id
21230,LEBANON SCHOOL RD AT LIVINGSTON RD FS,"West Mifflin borough (Allegheny, PA)",,40.346299,-79.926305,kept,0,1.14,0.4,1.4,53;53L;55,id
22005,PARK HILL DR AT WHITE PINE PL,"Pittsburgh city (Allegheny, PA)",East Hills,40.454482,-79.87411,kept,0,1.14,1.6,0.4,79;P17,former_id
246,MCKNIGHT RD AT OLD MCKNIGHT RD FS,"Ross township (Allegheny, PA)",,40.534181,-80.01089,kept,0,1.14,0.2,0.0,12;2;O12,former_id
2523,CONNISTON AVE AT GOSSER ST,"Pittsburgh city (Allegheny, PA)",Bon Air,40.40564,-79.999232,loses_all_service,387,1.14,0.0,0.2,54,id
3191,FREEPORT RD AT CENTER AVE (BLAWNOX),"Blawnox borough (Allegheny, PA)",,40.492051,-79.864863,kept,0,1.14,0.6,0.4,1,id
4146,CHARTIERS AVE AT ALLENDALE ST,"Pittsburgh city (Allegheny, PA)",Sheraden,40.454053,-80.059486,kept,0,1.14,0.4,0.2,26,id
4666,BEVERLY RD AT MEADOWCROFT AVE,"Mount Lebanon township (Allegheny, PA)",,40.390083,-80.047831,kept,0,1.14,0.2,0.2,36,id
5131,BLVD OF ALLIES AT GIST ST,"Pittsburgh city (Allegheny, PA)",Bluff,40.436095,-79.979464,kept,0,1.14,0.2,0.2,65;67;69,id
52,MESTA,"Bethel Park municipality (Allegheny, PA)",,40.330398,-80.030775,kept,0,1.14,1.4,0.6,SLVR,former_id
7014,CHALFONT ST AT HABERMAN AVE,"Pittsburgh city (Allegheny, PA)",Beltzhoover,40.416594,-80.00242,kept,0,1.14,1.6,1.2,44,id
7235,BRADDOCK AVE OPP GUTHRIE ST,"Pittsburgh city (Allegheny, PA)",Regent Square,40.438383,-79.897147,kept,0,1.14,1.8,3.8,61B,id
7848,BROADWAY BLVD OPP BROADVIEW MANOR HI-RISE,"Monroeville municipality (Allegheny, PA)",,40.400862,-79.782756,kept,0,1.14,0.0,0.0,69;P69,id
7851,BROADWAY BLVD AT PITCAIRN PARK BLDG,"Pitcairn borough (Allegheny, PA)",,40.401976,-79.776335,kept,0,1.14,1.4,0.0,69;P69,id
7999,BEECHWOOD BLVD OPP FOREST GLEN RD,"Pittsburgh city (Allegheny, PA)",Squirrel Hill South,40.434269,-79.912188,loses_all_service,424,1.14,0.0,0.0,65,id
8828,MARK DR AT CALMAR DR FS,"Penn Hills township (Allegheny, PA)",,40.469677,-79.874239,kept,0,1.14,1.0,0.6,79;P17,id
8961,MT CARMEL RD AT CALMAR DR,"Penn Hills township (Allegheny, PA)",,40.466848,-79.873134,kept_nearby,53,1.14,0.0,0.0,79;P17,id
9099,ROBINSON BLVD OPP SUNRISE AVE,"Pittsburgh city (Allegheny, PA)",East Hills,40.451116,-79.868185,kept,0,1.14,0.2,1.0,79;P17,id
9273,STANTON AVE AT #4340,"Pittsburgh city (Allegheny, PA)",Stanton Heights,40.480438,-79.942445,kept,0,1.14,0.4,0.4,87,id
9330,BAKER ST AT GALLATIN ST,"Pittsburgh city (Allegheny, PA)",Morningside,40.487464,-79.921672,kept,0,1.14,0.4,0.6,75;87,id
9432,PROSPECT RD AT STILLEY RD,"Whitehall borough (Allegheny, PA)",,40.359545,-79.980531,kept,0,1.14,0.6,0.2,Y49,former_id
1094,REMINGTON DR AT BALMORAL DR #2,"McCandless township (Allegheny, PA)",,40.55513,-80.00753,loses_all_service,771,1.1,0.0,0.0,O5,id
11038,MAIN ST OPP HOMESTEAD-DUQUESNE RD,"Munhall borough (Allegheny, PA)",,40.395499,-79.899682,kept,0,1.1,0.2,1.2,53;53L,id
11083,SHADY AVE OPP BRAEBURN PL,"Pittsburgh city (Allegheny, PA)",Point Breeze,40.448456,-79.921234,kept,0,1.1,0.4,0.4,64,id
11098,SHADY AVE AT HIGHMONT RD,"Pittsburgh city (Allegheny, PA)",Squirrel Hill North,40.449905,-79.920763,kept,0,1.1,0.8,0.2,64,id
11211,HWY RT 51 AT WRAY LARGE RD,"Jefferson Hills borough (Allegheny, PA)",,40.300406,-79.922522,kept,0,1.1,0.4,0.6,Y46,id
11962,EASTMAN ST AT GREENSPRINGS AVE,"West Mifflin borough (Allegheny, PA)",,40.383622,-79.877927,kept,0,1.1,1.6,1.0,59,id
12798,PITTSBURGH ST AT PORTER ST,"Springdale borough (Allegheny, PA)",,40.541169,-79.788926,kept,0,1.1,0.8,1.0,1;P10,id
1309,FOREST AVE AT KLEMONT AVE,"Ross township (Allegheny, PA)",,40.506703,-80.051236,kept,0,1.1,0.6,0.6,13,id
1326,CALIFORNIA AVE AT BIRMINGHAM AVE,"Avalon borough (Allegheny, PA)",,40.501814,-80.068955,kept,0,1.1,0.2,0.0,16;19L,id
1371,BEAVER ST AT RIVER RD,"Glen Osborne borough (Allegheny, PA)",,40.526691,-80.159254,kept,0,1.1,0.2,0.4,14,id
1373,OHIO RIVER BLVD OPP GLENFIELD PARK AND RIDE,"Glenfield borough (Allegheny, PA)",,40.51785,-80.131232,kept,0,1.1,0.4,0.6,14,id
1376,OHIO RIVER BLVD AT WALLISTON AVE,"Emsworth borough (Allegheny, PA)",,40.51194,-80.103236,kept,0,1.1,0.2,0.2,14,id
14528,FRANKSTOWN RD AT SHENANDOAH DR,"Penn Hills township (Allegheny, PA)",,40.474221,-79.821772,kept,0,1.1,0.0,0.2,77;P16,id
1476,BEAVER ST OPP RAPP ST,"Leetsdale borough (Allegheny, PA)",,40.56668,-80.209739,kept,0,1.1,0.0,0.6,14,id
16474,BAKER ST AT #7207,"Pittsburgh city (Allegheny, PA)",Morningside,40.487813,-79.923153,kept,0,1.1,2.4,0.0,75;87,id
17170,LINCOLN HWY AT GREENSBURG PIKE,"North Versailles township (Allegheny, PA)",,40.38146,-79.816771,kept,0,1.1,0.0,0.0,P76,id
1870,SHADELAND AVE AT RANCHERIA ST,"Pittsburgh city (Allegheny, PA)",Marshall-Shadeland,40.471862,-80.030926,kept,0,1.1,0.6,0.8,17,id
19006,MONONGAHELA AVE AT WHIPPLE ST FS,"Swissvale borough (Allegheny, PA)",,40.425376,-79.891597,kept,0,1.1,1.6,0.0,61B;P71,id
19650,WARRINGTON AVE OPP BOGGSTON AVE,"Pittsburgh city (Allegheny, PA)",Mount Washington,40.42007,-80.007921,kept,0,1.1,0.0,0.2,43,id
20090,ROBINSON BLVD OPP DOUGLASS DR,"Wilkinsburg borough (Allegheny, PA)",,40.456037,-79.863942,kept,0,1.1,6.2,2.2,79;P17,id
20497,CHARTIERS AVE AT PITTSBURGH CLASSICAL ACADEMY,"Pittsburgh city (Allegheny, PA)",Crafton Heights,40.450842,-80.047667,kept,0,1.1,0.6,0.0,26,id
21553,AGNEW RD AT LAFFERTY DR,"Baldwin borough (Allegheny, PA)",,40.398187,-79.969302,loses_all_service,1428,1.1,0.0,0.0,44,id
2161,28TH ST AT LIBERTY AVE,"Pittsburgh city (Allegheny, PA)",Polish Hill,40.456398,-79.974861,kept,0,1.1,0.0,0.0,86;87,id
22398,CLEVER RD AT REGINA DR FS,"Robinson township (Allegheny, PA)",,40.466034,-80.136034,kept,0,1.1,0.2,0.0,24,id
22703,WABASH ST AT NEPTUNE ST,"Pittsburgh city (Allegheny, PA)",West End,40.345005,-79.924212,kept,0,1.1,0.0,0.6,55,id
22707,GREENTREE RD OPP MCKINNEY LN,"Green Tree borough (Allegheny, PA)",,40.408156,-79.858075,kept,0,1.1,0.2,0.0,61A;61B,id
22771,PITCAIRN-TRAFFORD RD OPP FORBES ROAD,"Monroeville municipality (Allegheny, PA)",,40.29061,-79.889808,kept,0,1.1,0.0,0.0,Y46,id
2754,TROY HILL RD OPP VINIAL ST,"Pittsburgh city (Allegheny, PA)",Troy Hill,40.456899,-79.990886,kept,0,1.1,0.4,0.0,4,id
333,CUMBERLAND RD AT LANCELOT DR,"McCandless township (Allegheny, PA)",,40.57217,-80.022438,kept,0,1.1,0.2,0.0,12,id
3611,CHARTIERS AVE EXT OPP #1536,"Kennedy township (Allegheny, PA)",,40.467038,-80.081807,loses_all_service,704,1.1,0.8,0.8,20,id
4148,CHARTIERS AVE AT HUXLEY ST,"Pittsburgh city (Allegheny, PA)",Sheraden,40.453492,-80.06202,kept,0,1.1,0.6,0.4,26,id
4746,BOWER HILL RD OPP RUTH ST,"Mount Lebanon township (Allegheny, PA)",,40.380547,-80.061375,kept,0,1.1,0.0,0.0,41,id
7418,WOLFE AVE AT GENERAL BRADDOCK DR NS,"North Braddock borough (Allegheny, PA)",,40.410093,-79.850683,kept,0,1.1,0.8,0.2,P68,id
7766,MIDDLE AVE AT #644,"Wilmerding borough (Allegheny, PA)",,40.397516,-79.811404,kept,0,1.1,0.4,0.4,69;P69,id
8376,HOMEWOOD AVE AT THOMAS BLVD,"Pittsburgh city (Allegheny, PA)",Point Breeze North,40.450779,-79.900146,kept,0,1.1,1.2,0.0,74,id
929,CENTER AVE AT HAWTHORNE AVE,"West View borough (Allegheny, PA)",,40.516639,-80.022009,kept,0,1.1,1.2,0.4,8,id
967,HENDERSON ST AT CARRIE ST,"Pittsburgh city (Allegheny, PA)",Fineview,40.461295,-80.001613,kept,0,1.1,0.0,0.4,11,id
9754,BROWNSVILLE RD AT MCANULTY RD,"Whitehall borough (Allegheny, PA)",,40.355383,-79.990726,kept,0,1.1,0.0,0.0,Y47,id
9807,CURRY HOLLOW RD AT ARBOR LN,"Pleasant Hills borough (Allegheny, PA)",,40.336357,-79.971718,kept,0,1.1,0.4,0.0,Y47,id
9808,CURRY HOLLOW RD AT GREEN DR,"Pleasant Hills borough (Allegheny, PA)",,40.339913,-79.967503,kept,0,1.1,0.6,0.0,Y47,id
9968,DESIDERIO BLVD AT WASHINGTON AVE,"Clairton city (Allegheny, PA)",,40.286991,-79.894781,kept,0,1.1,2.0,0.0,Y46,id
10666,MCCLEARY ST OPP FORD ST,"McKeesport city (Allegheny, PA)",,40.346224,-79.838546,kept,0,1.05,0.6,0.4,60,id
11207,HWY RT 51 AT PETERS CREEK RD,"Jefferson Hills borough (Allegheny, PA)",,40.292341,-79.915368,kept,0,1.05,0.0,0.8,Y46,id
1274,FREMONT AVE AT ORCHARD AVE,"Ross township (Allegheny, PA)",,40.497647,-80.050595,kept,0,1.05,2.8,2.0,13,id
12790,PITTSBURGH ST OPP PILLOW AVE,"Cheswick borough (Allegheny, PA)",,40.540998,-79.804275,kept,0,1.05,0.2,0.2,1;P10,id
13595,MALL BLVD AT ALTMEYER'S DRIVEWAY,"Monroeville municipality (Allegheny, PA)",,40.434952,-79.786024,kept,0,1.05,0.2,0.0,67,id
13600,WM PENN HWY AT DENNY'S,"Monroeville municipality (Allegheny, PA)",,40.43829,-79.772423,kept,0,1.05,0.0,0.0,67,id
13706,WM PENN HWY OPP PENN CENTER BLVD,"Wilkins township (Allegheny, PA)",,40.430082,-79.811688,kept,0,1.05,0.0,0.0,P67,id
165,EAST ST AT MILROY ST,"Pittsburgh city (Allegheny, PA)",Northview Heights,40.476913,-80.006848,kept,0,1.05,1.4,0.8,12,id
16651,CLEVER RD AT MONTOUR HIGH SCHOOL,"Robinson township (Allegheny, PA)",,40.468488,-80.12399,kept,0,1.05,0.0,0.0,24,id
1729,PENNSYLVANIA AVE AT FULTON ST,"Pittsburgh city (Allegheny, PA)",Manchester,40.454406,-80.024624,kept,0,1.05,1.0,0.8,17;18,id
17533,PROSPECT RD OPP CAPAREL TOWNHOUSES,"Baldwin borough (Allegheny, PA)",,40.359633,-79.959714,kept,0,1.05,0.8,0.4,Y49,id
18401,WOODSTOCK AVE AT WILKINS AVE FS,"Swissvale borough (Allegheny, PA)",,40.413559,-79.871373,kept,0,1.05,1.0,1.8,59;61A,id
19428,ALLEGHENY AVE AT ANN ST NS,"Oakmont borough (Allegheny, PA)",,40.520304,-79.842877,kept,0,1.05,0.0,0.0,P78,id
19983,OLD FREEPORT RD AT CHAPEL HARBOR DR,"O'Hara township (Allegheny, PA)",,40.487617,-79.878954,kept_nearby,62,1.05,0.0,0.0,91,id
21686,CLIMAX ST AT HABERMAN AVE,"Pittsburgh city (Allegheny, PA)",Beltzhoover,40.419956,-80.002324,kept,0,1.05,1.0,0.2,44,former_id
2752,TROY HILL RD AT CHESTNUT ST FS,"Pittsburgh city (Allegheny, PA)",Troy Hill,40.455501,-79.994045,kept,0,1.05,1.4,0.6,4,id
3414,PARKER ST AT HILL ST,"Shaler township (Allegheny, PA)",,40.494351,-79.956596,kept,0,1.05,0.0,0.4,2,id
3476,FAIRHAVEN RD OPP KENMAWR PLAZA ENTRANCE,"Kennedy township (Allegheny, PA)",,40.475023,-80.099363,loses_all_service,218,1.05,0.4,0.4,20;22,id
3601,STEUBENVILLE PIKE OPP BEAVER GRADE RD FS,"Robinson township (Allegheny, PA)",,40.451885,-80.13311,kept,0,1.05,0.8,0.0,29,id
3824,PARK MANOR BLVD OPP ROBINSON LN,"Robinson township (Allegheny, PA)",,40.45278,-80.164821,kept,0,1.05,2.0,0.6,24;29,id
5407,NOBLESTOWN RD OPP IDLEWOOD AVE,"Scott township (Allegheny, PA)",,40.413247,-80.078008,kept,0,1.05,0.6,0.6,31,id
5820,GREENTREE RD OPP GREEN OAK DR NS,"Scott township (Allegheny, PA)",,40.401118,-80.063307,kept,0,1.05,0.0,0.8,38,id
6412,BOWER HILL RD AT RALSTON PL,"Mount Lebanon township (Allegheny, PA)",,40.386426,-80.047699,loses_all_service,314,1.05,0.4,0.4,38;41,id
6418,BOWER HILL RD AT BOWER HILL APTS,"Mount Lebanon township (Allegheny, PA)",,40.375458,-80.069763,kept,0,1.05,0.0,0.2,41,id
6742,SOUTHERN AVE AT CARFEL WAY,"Pittsburgh city (Allegheny, PA)",Mount Washington,40.420177,-80.013101,kept,0,1.05,0.2,0.6,40,id
6752,SOUTHERN AVE OPP SHILOH ST,"Pittsburgh city (Allegheny, PA)",Mount Washington,40.428788,-80.007344,kept,0,1.05,0.0,0.0,40,id
7168,HAWKINS AVE AT 2ND ST,"North Braddock borough (Allegheny, PA)",,40.41191,-79.869939,kept,0,1.05,0.2,0.0,59;61A,id
7302,WHIPPLE ST AT AURELIUS ST,"Swissvale borough (Allegheny, PA)",,40.424602,-79.896312,loses_all_service,389,1.05,0.0,0.0,71;P71,id
7321,HUTCHINSON ST AT SAVANNAH AVE,"Edgewood borough (Allegheny, PA)",,40.433611,-79.892198,loses_all_service,176,1.05,0.0,0.0,71;P71,id
8397,LARIMER AVE AT DEAN ST,"Pittsburgh city (Allegheny, PA)",Lincoln-Lemington-Belmar,40.469139,-79.905838,kept,0,1.05,0.8,0.0,74,id
8428,OBERLIN ST AT MINGO ST,"Pittsburgh city (Allegheny, PA)",Lincoln-Lemington-Belmar,40.464863,-79.890083,kept,0,1.05,3.4,1.0,74,id
8446,PAULSON AVE AT OLIVANT ST,"Pittsburgh city (Allegheny, PA)",Lincoln-Lemington-Belmar,40.469617,-79.899188,kept,0,1.05,0.0,0.2,74,id
8807,LINCOLN AVE OPP CHURCHLAND ST,"Pittsburgh city (Allegheny, PA)",Lincoln-Lemington-Belmar,40.469736,-79.894493,kept,0,1.05,0.6,0.6,82;P17,id
9016,ROBINSON ST AT ELLERS ST,"Pittsburgh city (Allegheny, PA)",West Oakland,40.441719,-79.965703,kept_nearby,95,1.05,0.6,0.6,81,id
9253,AIKEN AVE AT KINCAID ST,"Pittsburgh city (Allegheny, PA)",Garfield,40.466325,-79.935494,kept,0,1.05,1.0,0.2,89,id
9695,HWY RT 51 AT #2859,"Whitehall borough (Allegheny, PA)",,40.377704,-79.987343,kept,0,1.05,1.2,0.6,Y46;Y49,id
10035,LEBANON CHURCH RD AT OTT DR FS,"Pleasant Hills borough (Allegheny, PA)",,40.342936,-79.964138,kept,0,1.0,1.6,0.8,51;Y47,id
10078,HWY RT 885 AT LEWIS RUN RD,"West Mifflin borough (Allegheny, PA)",,40.332344,-79.933663,kept_nearby,31,1.0,1.2,0.4,Y47;Y49,id
10831,WALNUT ST AT 7TH AVE,"McKeesport city (Allegheny, PA)",,40.349058,-79.864512,kept_nearby,16,1.0,0.4,0.8,60,id
11626,INTERBORO AVE AT BRIERLY LN,"Pittsburgh city (Allegheny, PA)",Lincoln Place,40.376779,-79.909381,kept,0,1.0,1.0,1.0,53;53L,id
11687,TEXAS AVE AT MELLON ST,"West Mifflin borough (Allegheny, PA)",,40.365741,-79.858977,kept,0,1.0,1.0,0.0,52L;59,id
11749,GREENSPRINGS AVE OPP HAZEL ST,"West Mifflin borough (Allegheny, PA)",,40.387215,-79.880724,kept,0,1.0,0.0,0.0,52L,id
12106,SECOND AVE AT HAZELWOOD AVE,"Pittsburgh city (Allegheny, PA)",Hazelwood,40.4114,-79.94484,kept,0,1.0,0.2,0.6,56,id
12794,PITTSBURGH ST AT SHADY AVE,"Cheswick borough (Allegheny, PA)",,40.540921,-79.795923,kept,0,1.0,0.4,0.0,1;P10,id
13479,9TH AVE AT CORBET ST,"Tarentum borough (Allegheny, PA)",,40.604916,-79.753464,kept_nearby,57,1.0,0.0,0.0,P10,id
1365,BEAVER ST AT MCKOWN ST,"Glen Osborne borough (Allegheny, PA)",,40.534035,-80.173831,kept,0,1.0,1.0,0.4,14,id
14164,FRANKSTOWN RD OPP 1ST REFORMED CHURCH,"Penn Hills township (Allegheny, PA)",,40.481163,-79.822136,kept,0,1.0,0.2,0.0,77;P16,id
14190,UNIVERSAL RD OPP FREY RD,"Penn Hills township (Allegheny, PA)",,40.460517,-79.811247,kept,0,1.0,0.0,0.0,P16,id
14399,FRANKSTOWN RD OPP CRAB HOLLOW RD,"Penn Hills township (Allegheny, PA)",,40.461884,-79.848788,kept,0,1.0,2.4,3.2,77,id
14522,FRANKSTOWN RD AT RODI RD FS,"Penn Hills township (Allegheny, PA)",,40.466628,-79.825881,kept,0,1.0,0.2,0.2,77;P16,id
16596,LINCOLN AVE AT VERONA BLVD,"Pittsburgh city (Allegheny, PA)",Lincoln-Lemington-Belmar,40.472931,-79.888966,kept,0,1.0,0.0,0.0,79;82;P17,id
18542,PENN AVE AT CARNEGIE PL FS,"Pittsburgh city (Allegheny, PA)",Point Breeze,40.44801,-79.897916,kept,0,1.0,0.2,0.2,67;69;71C,id
19091,BAUM BLVD AT MELWOOD AVE FS,"Pittsburgh city (Allegheny, PA)",North Oakland,40.453993,-79.951381,kept_nearby,148,1.0,0.6,1.8,77,id
20017,WILLIAM PENN HWY AT ELLIOTT RD,"Monroeville municipality (Allegheny, PA)",,40.434037,-79.73231,kept,0,1.0,0.0,0.0,P12,id
21411,CENTER AVE AT PARK AVE,"West View borough (Allegheny, PA)",,40.511325,-80.027534,kept,0,1.0,1.2,0.8,8,former_id
21469,HOBART RD AT GREENFIELD RD FS,"Pittsburgh city (Allegheny, PA)",Squirrel Hill South,40.432569,-79.936292,kept,0,1.0,2.2,0.2,65;93,id
21534,CHURCHVIEW AVE OPP CASTLEVIEW DR,"Baldwin borough (Allegheny, PA)",,40.385025,-79.959127,loses_all_service,1494,1.0,0.0,0.0,44,id
21550,CLOVERFIELD DR AT SANDRA DR,"Baldwin borough (Allegheny, PA)",,40.397312,-79.966058,loses_all_service,1613,1.0,0.0,0.0,44,id
21616,HORNING RD AT #5621,"Baldwin borough (Allegheny, PA)",,40.333033,-79.989037,loses_all_service,1019,1.0,0.0,0.0,Y45,id
21717,PARK MANOR DR AT #6000 (OLIVE GARDEN),"Robinson township (Allegheny, PA)",,40.450753,-80.161663,kept,0,1.0,0.6,0.4,24;29,id
22250,BETA DR AT ALPHA DR FS,"O'Hara township (Allegheny, PA)",,40.495895,-79.867345,kept,0,1.0,0.0,0.0,91,former_id
2237,ISLAND AVE AT #1179,"Stowe township (Allegheny, PA)",,40.479477,-80.067741,kept,0,1.0,0.6,1.6,21,id
2363,4TH AVE AT MULBERRY ST,"Coraopolis borough (Allegheny, PA)",,40.517782,-80.161949,kept,0,1.0,1.0,0.6,21,id
2844,ITIN ST AT DIANA ST,"Pittsburgh city (Allegheny, PA)",Spring Hill-City View,40.461801,-79.992148,kept,0,1.0,0.8,0.8,6,id
3275,HIGHLAND AVE AT JACKSON ST,"Pittsburgh city (Allegheny, PA)",Highland Park,40.47104,-79.920347,kept,0,1.0,0.0,0.0,71B,id
3753,WINDGAP AVE AT SUMMERDALE ST,"Pittsburgh city (Allegheny, PA)",Windgap,40.456255,-80.080271,kept,0,1.0,0.6,0.2,27,id
4210,W PROSPECT AVE AT INGRAM AVE,"Ingram borough (Allegheny, PA)",,40.444952,-80.066296,kept,0,1.0,0.0,0.0,26;27,id
5326,E RAILROAD ST AT 2ND ST STEPS,"Heidelberg borough (Allegheny, PA)",,40.391901,-80.087834,kept,0,1.0,0.4,0.0,31;G31,id
5552,GREENTREE RD AT WARRIORS RD,"Green Tree borough (Allegheny, PA)",,40.42425,-80.043385,kept,0,1.0,0.0,0.8,38,id
5950,WASHINGTON RD AT SHADY DR,"Mount Lebanon township (Allegheny, PA)",,40.383109,-80.043827,kept,0,1.0,0.4,0.0,38,id
6417,BOWER HILL RD AT N WREN DR,"Mount Lebanon township (Allegheny, PA)",,40.376584,-80.067407,kept,0,1.0,0.8,0.0,41,id
651,PERRY HWY AT VFW,"West View borough (Allegheny, PA)",,40.517746,-80.030041,kept,0,1.0,2.0,1.0,8,id
6585,CEDAR BLVD AT MORGAN DR,"Mount Lebanon township (Allegheny, PA)",,40.374953,-80.056779,loses_all_service,709,1.0,0.0,0.0,36,id
7241,BRADDOCK AVE AT CHARLESTON AVE,"Swissvale borough (Allegheny, PA)",,40.430695,-79.892618,kept,0,1.0,0.2,0.4,61B;71;P71,id
7242,BRADDOCK AVE OPP GREENDALE AVE,"Edgewood borough (Allegheny, PA)",,40.428734,-79.891808,kept,0,1.0,0.6,0.2,61B;71;P71,id
7763,MIDDLE AVE AT MILLER ST,"Wilmerding borough (Allegheny, PA)",,40.395778,-79.806167,kept,0,1.0,1.0,0.4,69;P69,id
7780,ELECTRIC AVE AT OLYMPIA HALL,"Wilkins township (Allegheny, PA)",,40.402808,-79.837315,kept,0,1.0,0.2,0.0,69;P69,id
7907,WILLIAM PENN HWY AT CHURCHILL BORO BLDG,"Churchill borough (Allegheny, PA)",,40.446052,-79.850201,kept,0,1.0,0.4,0.0,67;P16;P67,id
802,CONNIE DR OPP #110,"Ross township (Allegheny, PA)",,40.50015,-80.02814,loses_all_service,445,1.0,1.0,0.6,17,id
9648,HWY RT 51 AT #2790,"Whitehall borough (Allegheny, PA)",,40.378346,-79.989857,kept,0,1.0,1.2,0.2,Y46;Y49,id
10382,WALNUT ST OPP EDEN PARK BLVD,"McKeesport city (Allegheny, PA)",,40.327422,-79.840363,kept,0,0.95,1.0,1.0,60,id
11026,9TH AVE AT ANN ST,"Homestead borough (Allegheny, PA)",,40.407324,-79.908436,kept_nearby,57,0.95,0.2,0.0,53;53L,id
11033,WEST ST OPP 18TH AVE,"Munhall borough (Allegheny, PA)",,40.40005,-79.905137,kept,0,0.95,0.2,0.2,53;53L,id
11254,HWY RT 51 OPP LEWIS RUN RD,"Pleasant Hills borough (Allegheny, PA)",,40.321184,-79.942318,kept,0,0.95,1.4,0.2,Y1;Y46,id
1136,EVERGREEN AVE AT EMMA ST,"Millvale borough (Allegheny, PA)",,40.489246,-79.972206,kept,0,0.95,0.4,0.0,2,id
12026,BUTTERMILK HOLLOW RD AT #5055,"West Mifflin borough (Allegheny, PA)",,40.354732,-79.913493,kept,0,0.95,0.2,0.4,53;53L;56,id
12127,GREENFIELD AVE AT SYLVAN AVE,"Pittsburgh city (Allegheny, PA)",Greenfield,40.425641,-79.949668,kept,0,0.95,1.0,0.2,58;65;93,id
12784,FREEPORT RD OPP #1101 (MULLIGAN'S),"Harmar township (Allegheny, PA)",,40.540913,-79.818825,kept,0,0.95,0.6,1.0,1;P10,id
12793,PITTSBURGH ST AT ALLEGHENY AVE,"Cheswick borough (Allegheny, PA)",,40.541225,-79.797943,kept,0,0.95,0.4,0.6,1;P10,id
13640,FIESTA DR OPP RIVIERA DR,"Plum borough (Allegheny, PA)",,40.474728,-79.709107,loses_all_service,933,0.95,0.0,0.0,P12,id
14612,CENTER RD OPP WIMBLEDON DR,"Plum borough (Allegheny, PA)",,40.467089,-79.757021,loses_all_service,1618,0.95,0.0,0.0,77,id
14922,LONG RD OPP SAYLONG DR,"Penn Hills township (Allegheny, PA)",,40.45609,-79.835977,kept,0,0.95,0.0,0.0,P16,id
18194,EVANS ST AT HOSPITAL DR,"McKeesport city (Allegheny, PA)",,40.350027,-79.84948,kept,0,0.95,1.0,0.2,60,id
18888,MELLON ST AT HIGHLAND AVE,"West Mifflin borough (Allegheny, PA)",,40.363058,-79.858966,kept,0,0.95,0.6,0.8,52L;59,id
19243,WASHINGTON AVE AT MARSHALL AVE FS,"Carnegie borough (Allegheny, PA)",,40.399497,-80.082724,kept,0,0.95,0.4,0.0,31,id
19435,ALLEGHENY RIVER BLVD AT CENTER AVE FS,"Verona borough (Allegheny, PA)",,40.506483,-79.842806,kept,0,0.95,0.0,0.0,P78,id
19527,MT ROYAL BLVD AT HOFFMAN ST FS,"Shaler township (Allegheny, PA)",,40.522548,-79.960017,kept,0,0.95,0.4,0.2,2;P13,id
20398,LARMIER AVE AT WINSLOW ST,"Pittsburgh city (Allegheny, PA)",Larimer,40.465682,-79.913453,kept,0,0.95,0.8,1.6,74,id
2064,PARKER ST AT SOOSE RD,"Shaler township (Allegheny, PA)",,40.494162,-79.962905,kept,0,0.95,0.0,0.0,2,id
21532,CHURCHVIEW AVE AT GREENGLEN DR,"Baldwin borough (Allegheny, PA)",,40.384047,-79.952816,loses_all_service,1738,0.95,0.0,0.0,44,id
21596,BEECHWOOD BLVD AT #3735,"Pittsburgh city (Allegheny, PA)",Greenfield,40.427365,-79.928063,kept_nearby,116,0.95,0.0,0.0,52L;53L,id
2221,GRAND AVE AT TRIAD METALS,"Neville township (Allegheny, PA)",,40.507935,-80.112392,kept,0,0.95,0.0,0.4,21,id
22301,HWY RT 51 OPP STEWART AVE,"Pittsburgh city (Allegheny, PA)",Overbrook,40.37865,-79.992751,kept,0,0.95,0.8,0.8,Y46;Y49,id
22401,W CARSON ST AT SAGINAW ST,"Pittsburgh city (Allegheny, PA)",Esplen,40.461062,-80.049715,kept,0,0.95,3.0,0.6,20;21;22;24,former_id
22719,RIVER AVE AT LANE STEEL,"McKees Rocks borough (Allegheny, PA)",,40.324054,-79.926871,kept,0,0.95,0.8,0.0,55,id
22815,RIDGE AVE AT W OHIO ST,"Pittsburgh city (Allegheny, PA)",Allegheny Center,40.507824,-80.029608,kept,0,0.95,0.2,0.4,8,id
2349,GRAND AVE AT PERSHING RD FS,"Neville township (Allegheny, PA)",,40.512158,-80.131546,kept,0,0.95,1.0,0.4,21,id
2460,MT ROYAL BLVD OPP DEHAVEN AVE,"Shaler township (Allegheny, PA)",,40.551102,-79.971436,kept,0,0.95,0.2,0.4,2;P13,id
2718,MT TROY RD OPP KINKURA DR,"Reserve township (Allegheny, PA)",,40.479397,-79.987611,loses_all_service,1051,0.95,0.0,0.0,4,id
3636,CHARTIERS AVE OPP CRAWFORD ST,"McKees Rocks borough (Allegheny, PA)",,40.464972,-80.070591,kept,0,0.95,1.4,0.2,20,id
4251,STEUBEN ST OPP HARKER ST,"Pittsburgh city (Allegheny, PA)",Elliott,40.443098,-80.044137,kept,0,0.95,0.8,0.6,27;29,id
4826,E CARSON ST OPP ARLINGTON AVE,"Pittsburgh city (Allegheny, PA)",South Shore,40.430843,-80.001105,kept,0,0.95,0.2,0.2,48;51,id
5133,BLVD OF ALLIES AT VAN BRAAM ST,"Pittsburgh city (Allegheny, PA)",Bluff,40.435703,-79.982651,kept,0,0.95,0.0,0.0,65;67;69,id
5280,E RAILROAD ST AT 3RD ST,"Heidelberg borough (Allegheny, PA)",,40.390313,-80.087998,kept,0,0.95,2.0,0.4,31;G31,id
6240,WINFIELD ST AT BANK ST,"Bridgeville borough (Allegheny, PA)",,40.350401,-80.104623,kept,0,0.95,1.0,0.6,41,id
6983,GEARING AVE AT CLIMAX ST,"Pittsburgh city (Allegheny, PA)",Beltzhoover,40.419063,-80.005454,kept,0,0.95,0.8,0.4,44,id
8016,WIGHTMAN ST AT BEACON ST,"Pittsburgh city (Allegheny, PA)",Squirrel Hill South,40.433976,-79.927551,kept_nearby,41,0.95,0.0,0.0,65,id
816,PERRYSVILLE AVE OPP #3418,"Pittsburgh city (Allegheny, PA)",Perry North,40.482768,-80.013405,kept,0,0.95,0.6,0.4,15;8,id
8483,SHADY AVE AT DOUGLAS ST,"Pittsburgh city (Allegheny, PA)",Squirrel Hill South,40.433632,-79.9186,kept,0,0.95,0.0,0.0,74,id
8763,WEBSTER AVE OPP MCNEIL PL,"Pittsburgh city (Allegheny, PA)",Upper Hill,40.453993,-79.963243,kept,0,0.95,1.4,0.2,83,id
8786,CENTRE AVE AT BIGELOW BLVD,"Pittsburgh city (Allegheny, PA)",North Oakland,40.450642,-79.955225,kept,0,0.95,0.8,0.4,82,id
9332,JANCEY ST AT #1853,"Pittsburgh city (Allegheny, PA)",Morningside,40.48695,-79.92544,kept,0,0.95,0.0,0.2,75;87,id
9430,PROSPECT RD OPP WAINWRIGHT AVE,"Whitehall borough (Allegheny, PA)",,40.362326,-79.978391,kept,0,0.95,0.4,0.4,Y49,id
9651,HWY RT 51 AT #3500,"Brentwood borough (Allegheny, PA)",,40.373095,-79.982146,kept,0,0.95,0.8,0.8,Y46;Y49,id
1090,REMINGTON DR AT HAZLETT RD,"McCandless township (Allegheny, PA)",,40.560087,-80.011021,loses_all_service,740,0.9,0.0,0.0,O5,id
11043,MAIN ST AT MARION ST,"Munhall borough (Allegheny, PA)",,40.387988,-79.901938,kept,0,0.9,0.4,0.0,53;53L,id
11679,GRANT AVE AT 6TH ST,"Duquesne city (Allegheny, PA)",,40.372266,-79.850983,kept,0,0.9,0.0,0.0,52L,id
11774,KENNEDY AVE OPP DELL ST,"Duquesne city (Allegheny, PA)",,40.366429,-79.857264,kept,0,0.9,0.6,0.2,52L;59,id
11967,ELIZA ST AT GLENCAIRN ST FS,"West Mifflin borough (Allegheny, PA)",,40.38871,-79.87542,kept,0,0.9,1.0,0.6,59,id
12055,HWY RT 885 AT LEBANON CHURCH RD FS,"West Mifflin borough (Allegheny, PA)",,40.347985,-79.939228,kept,0,0.9,0.0,0.2,59,id
12143,SECOND AVE OPP WINSTON ST,"Pittsburgh city (Allegheny, PA)",Hazelwood,40.404649,-79.942636,kept,0,0.9,0.0,0.4,56,id
12211,GREENFIELD AVE OPP YODER ST FS,"Pittsburgh city (Allegheny, PA)",Greenfield,40.425297,-79.947543,kept,0,0.9,0.0,0.2,58;65;93,id
12788,FREEPORT RD OPP WILSON AVE,"Harmar township (Allegheny, PA)",,40.540578,-79.809571,kept,0,0.9,0.4,1.0,1;P10,id
13467,FREEPORT RD AT SPRING HILL RD,"Harrison township (Allegheny, PA)",,40.62681,-79.721289,kept_nearby,110,0.9,0.0,0.0,P10,id
14511,FRANKSTOWN RD AT GRAHAM BLVD,"Penn Hills township (Allegheny, PA)",,40.461374,-79.863266,kept,0,0.9,0.6,1.2,77,id
14646,LEECHBURG RD AT SALTSBURG RD,"Penn Hills township (Allegheny, PA)",,40.485149,-79.817707,kept_nearby,31,0.9,0.0,0.0,77;P16,id
1596,BRIGHTON RD AT FARRIS ST STEPS,"Pittsburgh city (Allegheny, PA)",Perry South,40.463029,-80.020522,kept,0,0.9,0.6,0.4,16,id
16832,BENTLEY DR AT BURROWS ST,"Pittsburgh city (Allegheny, PA)",West Oakland,40.439637,-79.970657,kept,0,0.9,0.8,1.0,81,id
17269,GREENFIELD AVE AT #322,"Pittsburgh city (Allegheny, PA)",Greenfield,40.425356,-79.948151,kept,0,0.9,1.4,0.0,58;65;93,id
1728,PENNSYLVANIA AVE AT SEDGEWICK ST,"Pittsburgh city (Allegheny, PA)",Manchester,40.454844,-80.022223,kept,0,0.9,0.6,3.6,17;18,id
17534,PROSPECT RD AT BERYL DR FS,"Baldwin borough (Allegheny, PA)",,40.361387,-79.962217,kept,0,0.9,0.0,0.4,Y49,id
1826,MT PLEASANT RD AT #415,"Pittsburgh city (Allegheny, PA)",Northview Heights,40.47987,-80.00165,kept,0,0.9,0.4,0.0,6,id
18326,CENTER ST AT W 7TH AVE,"Tarentum borough (Allegheny, PA)",,40.600218,-79.760657,kept,0,0.9,0.0,0.0,P10,id
1880,CALIFORNIA AVE AT COOPER AVE,"Pittsburgh city (Allegheny, PA)",Brighton Heights,40.482956,-80.041132,kept,0,0.9,2.2,2.4,13,id
18849,WEYMAN RD OPP VILLAGE LN,"Whitehall borough (Allegheny, PA)",,40.359704,-80.000731,kept,0,0.9,0.0,0.0,Y45,id
18961,WINTERBURN AVE AT GREENFIELD AVE,"Pittsburgh city (Allegheny, PA)",Greenfield,40.426009,-79.939746,kept,0,0.9,0.0,1.2,58,id
19332,PERRYSVILLE AVE AT WALDORF ST FS,"Pittsburgh city (Allegheny, PA)",Perry North,40.491406,-80.020202,kept,0,0.9,0.8,0.4,8,id
19587,WASHINGTON RD OPP CEDAR BLVD,"Mount Lebanon township (Allegheny, PA)",,40.381398,-80.044217,kept,0,0.9,0.2,0.4,38,id
19667,ARLINGTON AVE AT WARRINGTON AVE,"Pittsburgh city (Allegheny, PA)",Allentown,40.421692,-79.992267,kept,0,0.9,0.6,0.8,48,id
20013,SOUTH AVE AT PENNWOOD AVE,"Wilkinsburg borough (Allegheny, PA)",,40.442685,-79.887565,kept_nearby,49,0.9,0.6,0.0,71C,id
20048,TILBURY AVE OPP ALDERSON ST,"Pittsburgh city (Allegheny, PA)",Squirrel Hill South,40.427446,-79.918873,kept,0,0.9,0.0,0.0,65;74,id
20116,UPMC EAST DRIVE AT HOSPITAL,"Monroeville municipality (Allegheny, PA)",,40.437363,-79.759818,kept,0,0.9,0.4,0.0,67,id
20306,UPLAND ST AT #7500,"Pittsburgh city (Allegheny, PA)",Homewood North,40.460877,-79.889998,kept,0,0.9,0.4,0.8,74,id
20826,COLBY ST OPP REGULUS ST,"Pittsburgh city (Allegheny, PA)",Summer Hill,40.484706,-80.004358,loses_all_service,178,0.9,1.4,0.8,15;6,id
21232,OLD ELIZABETH RD OPP WOODHILL RD,"West Mifflin borough (Allegheny, PA)",,40.347741,-79.933469,kept,0,0.9,0.6,0.4,53;53L;55,id
21680,FREEPORT RD OPP #2366,"Harmar township (Allegheny, PA)",,40.530595,-79.849301,kept,0,0.9,0.2,0.0,1;P16;P78,id
22455,BENTLEY DR AT NIGH WAY,"Pittsburgh city (Allegheny, PA)",Crawford-Roberts,40.440695,-79.978445,kept,0,0.9,0.4,0.0,81,former_id
22623,COMMONWEALTH AVE AT CLONMEL ST,"Duquesne city (Allegheny, PA)",,40.456319,-79.974662,kept,0,0.9,0.6,0.4,54,id
22753,HWY RT 885 AT LEBANON CHURCH RD (SHEETZ),"West Mifflin borough (Allegheny, PA)",,40.359038,-79.834195,kept,0,0.9,0.0,0.8,55,id
3185,FREEPORT RD AT BOYD AVE,"O'Hara township (Allegheny, PA)",,40.498219,-79.854585,kept,0,0.9,1.0,1.0,1,id
3688,BROADWAY AVE AT 14TH ST,"Stowe township (Allegheny, PA)",,40.474999,-80.080594,kept,0,0.9,1.2,1.2,24,id
396,SPRINGFIELD DR AT PEEBLES RD FS,"McCandless township (Allegheny, PA)",,40.579478,-79.994669,loses_all_service,1800,0.9,0.0,0.0,O5,id
4370,STEUBENVILLE PIKE AT MCKEES ROCKS RD,"Robinson township (Allegheny, PA)",,40.449349,-80.11918,kept,0,0.9,0.2,0.0,29,id
4412,MAIN ST OPP JANE ST,"Carnegie borough (Allegheny, PA)",,40.411938,-80.08001,kept,0,0.9,0.4,0.2,31,id
5024,STEUBENVILLE PIKE AT PAUL LN,"Robinson township (Allegheny, PA)",,40.445706,-80.14389,kept,0,0.9,0.2,0.0,24;29,id
6576,GILKESON RD AT OLD GILKESON RD,"Mount Lebanon township (Allegheny, PA)",,40.359018,-80.05979,loses_all_service,1982,0.9,0.2,0.6,36,id
7234,FORBES AVE AT BRADDOCK AVE,"Pittsburgh city (Allegheny, PA)",Regent Square,40.43958,-79.897924,kept,0,0.9,0.8,0.0,61B,id
7617,MONTIER ST AT #1449,"Wilkinsburg borough (Allegheny, PA)",,40.445346,-79.873897,kept,0,0.9,1.0,0.0,79;P17;P78,id
7653,BEELER ST AT UNGER LN,"Pittsburgh city (Allegheny, PA)",Squirrel Hill North,40.444969,-79.936546,kept,0,0.9,0.4,0.0,67;69,id
7762,PATTON ST BRIDGE AT MIDDLE AVE,"Wilmerding borough (Allegheny, PA)",,40.395325,-79.804666,kept,0,0.9,0.0,0.4,69,id
7805,REBECCA AVE AT ELLA ST,"Wilkinsburg borough (Allegheny, PA)",,40.437594,-79.877883,kept_nearby,148,0.9,0.4,0.2,69;P68;P69,id
8667,ROSE ST AT KIRKPATRICK ST,"Pittsburgh city (Allegheny, PA)",Terrace Village,40.444356,-79.975683,kept,0,0.9,0.8,0.4,81,id
8963,MT CARMEL RD AT FAYBERN DR,"Penn Hills township (Allegheny, PA)",,40.46657,-79.874288,kept_nearby,113,0.9,0.2,0.0,79;P17,id
9153,FRANKSTOWN RD AT EYMARD ST FS,"Pittsburgh city (Allegheny, PA)",East Hills,40.460521,-79.872936,kept,0,0.9,0.6,0.6,77,id
9349,CHISLETT ST AT VILLANOVA RD,"Pittsburgh city (Allegheny, PA)",Morningside,40.482279,-79.927764,kept,0,0.9,0.6,0.2,75;87,id
9706,PROVOST RD AT BRIGHTVIEW DR,"Whitehall borough (Allegheny, PA)",,40.364708,-79.992119,loses_all_service,464,0.9,0.6,0.0,Y47,id
1008,CENTER AVE AT BRONX AVE,"West View borough (Allegheny, PA)",,40.520542,-80.039529,kept,0,0.86,1.4,0.2,13,id
1011,CENTER AVE AT PERRY HWY,"West View borough (Allegheny, PA)",,40.518114,-80.031798,kept,0,0.86,1.2,0.4,13,id
11099,SHADY AVE AT DEVERAUX LN,"Pittsburgh city (Allegheny, PA)",Squirrel Hill North,40.448005,-79.921531,kept,0,0.86,0.6,1.6,64,id
11771,MELLON ST OPP MAINE AVE,"West Mifflin borough (Allegheny, PA)",,40.364821,-79.859149,kept,0,0.86,0.4,0.2,52L;59,id
12082,IRVINE ST AT MOBILE ST,"Pittsburgh city (Allegheny, PA)",Hazelwood,40.415956,-79.946641,kept,0,0.86,0.4,0.4,56,id
12210,GREENFIELD AVE AT HAYWORTH ST,"Pittsburgh city (Allegheny, PA)",Greenfield,40.425372,-79.945104,kept,0,0.86,0.4,0.0,58;65;93,id
12588,CRAWFORD AVE OPP JUNO AVE,"Duquesne city (Allegheny, PA)",,40.362483,-79.853675,kept,0,0.86,1.4,0.0,59,id
12787,FREEPORT RD OPP ORR AVE,"Harmar township (Allegheny, PA)",,40.540421,-79.811831,kept,0,0.86,0.6,0.6,1;P10,id
13504,OLD WILLIAM PENN HWY OPP WILLIAMSBURG DR,"Monroeville municipality (Allegheny, PA)",,40.441433,-79.753636,kept,0,0.86,0.0,0.0,67;P12,id
13638,FIESTA DR OPP SUN VALLEY DR,"Plum borough (Allegheny, PA)",,40.471518,-79.707606,loses_all_service,554,0.86,0.0,0.0,P12,id
14192,UNIVERSAL RD AT GREENWAY DR,"Penn Hills township (Allegheny, PA)",,40.462283,-79.814749,kept,0,0.86,0.0,0.0,P16,id
1434,OHIO RIVER BLVD AT DICKSON AVE,"Ben Avon borough (Allegheny, PA)",,40.503582,-80.080877,kept,0,0.86,0.8,0.0,14,id
1481,MERCHANT ST AT VALLEY RD,"Ambridge borough (Beaver, PA)",,40.579884,-80.221357,kept,0,0.86,0.0,0.4,14,id
14959,JEFFERSON RD AT UNIVERSAL RD,"Penn Hills township (Allegheny, PA)",,40.465379,-79.824506,kept,0,0.86,0.0,0.0,P16,id
15071,CORBET ST AT 8TH AVE,"Tarentum borough (Allegheny, PA)",,40.604394,-79.753265,kept,0,0.86,0.0,0.0,P10,id
15352,MCKNIGHT RD OPP EVERGREEN RD,"Pittsburgh city (Allegheny, PA)",Perry North,40.493465,-80.011597,kept,0,0.86,0.0,0.0,12,former_id
1579,CHURCH AVE AT RIDGE AVE,"Ben Avon borough (Allegheny, PA)",,40.507353,-80.079397,kept,0,0.86,0.0,0.0,19L,id
15844,FINGAL ST AT #225 (FINGAL & RUTLEDGE TERMIN,"Pittsburgh city (Allegheny, PA)",Duquesne Heights,40.440038,-80.027037,kept,0,0.86,1.2,0.8,40,id
16779,BROADWAY BLVD AT #1010,"Pitcairn borough (Allegheny, PA)",,40.400742,-79.772732,kept,0,0.86,0.2,0.0,69;P69,id
16932,VANN RD AT MINGO ST,"Pittsburgh city (Allegheny, PA)",Lincoln-Lemington-Belmar,40.465035,-79.892789,kept,0,0.86,0.8,0.0,74,id
1788,N CHARLES ST OPP IZORA ST,"Pittsburgh city (Allegheny, PA)",Perry South,40.464078,-80.020577,kept_nearby,117,0.86,0.8,0.0,15,id
18457,JOHNSTON AVE AT RIVERMONT DR,"Pittsburgh city (Allegheny, PA)",Glen Hazel,40.40656,-79.927812,kept,0,0.86,4.2,1.2,57;93,id
18654,VANADIUM RD AT GREEN COMMONS DR FS,"Scott township (Allegheny, PA)",,40.371625,-80.088843,loses_all_service,415,0.86,0.0,1.6,41,id
18657,WEST LIBERTY AVE OPP RAY AVE STEPS,"Pittsburgh city (Allegheny, PA)",Beechview,40.40278,-80.020971,kept,0,0.86,0.0,0.4,41,id
19457,EAST LIBERTY BLVD AT NEGLEY AVE FS,"Pittsburgh city (Allegheny, PA)",East Liberty,40.467458,-79.927774,kept,0,0.86,0.2,0.6,89,id
19496,ALLEQUIPPA ST AT OUTLET ST,"Pittsburgh city (Allegheny, PA)",West Oakland,40.442398,-79.966377,kept,0,0.86,1.2,0.8,83,id
19563,CALIFORNIA AVE AT BENTON AVE FS,"Pittsburgh city (Allegheny, PA)",Brighton Heights,40.484659,-80.040821,kept,0,0.86,1.4,1.2,13,id
20238,HWY RT 51 AT ELLIOTT RD FS,"Jefferson Hills borough (Allegheny, PA)",,40.310328,-79.937574,kept,0,0.86,0.0,0.2,Y46,id
20360,TILDEN ST AT #7101,"Pittsburgh city (Allegheny, PA)",Lincoln-Lemington-Belmar,40.464824,-79.89489,kept,0,0.86,0.0,0.8,74,id
20792,7TH ST AT PROSPECT AVE,"Trafford borough (Westmoreland, PA)",,40.386442,-79.752504,loses_all_service,1267,0.86,0.0,0.0,69;P69,id
21081,STEUBEN ST AT WINLOCK AVE,"Ingram borough (Allegheny, PA)",,40.440778,-80.061234,kept,0,0.86,1.2,0.6,29,id
21362,FREEPORT RD AT POWERS RUN RD FS,"O'Hara township (Allegheny, PA)",,40.506549,-79.851641,kept,0,0.86,0.0,0.6,1,id
21457,PARKLINE DR AT RADFORD RD FS,"Whitehall borough (Allegheny, PA)",,40.365201,-79.966925,kept,0,0.86,0.2,0.6,Y49,id
21696,CHARLES ST AT GEORGIA AVE,"Pittsburgh city (Allegheny, PA)",Knoxville,40.416442,-79.995236,kept,0,0.86,1.6,0.6,44,former_id
2517,ALICE ST AT CAMFIELD ST,"Pittsburgh city (Allegheny, PA)",Bon Air,40.410337,-79.997575,loses_all_service,533,0.86,0.2,0.0,54,id
2695,IVORY AVE OPP NELSON RUN RD,"Pittsburgh city (Allegheny, PA)",Perry North,40.496621,-80.014573,loses_all_service,231,0.86,1.0,0.4,4,id
4190,BERRY ST AT CENTER ST,"Ingram borough (Allegheny, PA)",,40.447605,-80.068497,kept_nearby,88,0.86,1.4,1.0,26,id
4555,COCHRAN RD AT BEVERLY RD,"Mount Lebanon township (Allegheny, PA)",,40.38709,-80.054649,kept,0,0.86,0.6,0.2,36,id
5330,WASHINGTON PIKE AT RACEWAY PLAZA,"Scott township (Allegheny, PA)",,40.387398,-80.091466,kept,0,0.86,0.2,0.0,31;38;G31,id
5657,GREENTREE RD AT POTOMAC AVE,"Green Tree borough (Allegheny, PA)",,40.408367,-80.050176,kept,0,0.86,0.6,0.4,38,id
6106,PIONEER AVE OPP BELLBROOK ST,"Pittsburgh city (Allegheny, PA)",Brookline,40.401254,-80.018092,kept,0,0.86,0.0,0.0,39,id
6817,BAPTIST RD AT WINDVALE DR,"Whitehall borough (Allegheny, PA)",,40.353957,-80.005262,loses_all_service,746,0.86,0.0,0.0,Y45,id
7286,SOUTH AVE AT COAL ST,"Wilkinsburg borough (Allegheny, PA)",,40.4403,-79.880417,kept,0,0.86,1.0,1.6,P68,id
7306,SCHOYER AVE AT MONONGAHELA AVE,"Swissvale borough (Allegheny, PA)",,40.42355,-79.891594,kept_nearby,25,0.86,0.0,0.0,71;P71,id
7334,PEEBLES ST AT GUTHRIE,"Pittsburgh city (Allegheny, PA)",Regent Square,40.438905,-79.894956,kept_nearby,50,0.86,0.0,0.0,71;P71,id
7715,MONTIER ST AT LABELLE AVE,"Wilkinsburg borough (Allegheny, PA)",,40.446617,-79.870451,kept,0,0.86,1.6,1.0,79;P17;P78,id
7806,REBECCA AVE AT CRAFT ST,"Wilkinsburg borough (Allegheny, PA)",,40.437095,-79.876099,loses_all_service,198,0.86,0.4,0.2,69;P68;P69,id
7813,ARDMORE BLVD AT BRADDOCK RD,"Forest Hills borough (Allegheny, PA)",,40.424643,-79.859664,kept,0,0.86,0.8,0.0,69;P69;P76,id
835,PERRYSVILLE AVE AT O'HERN ST,"Pittsburgh city (Allegheny, PA)",Perry South,40.460316,-80.013187,kept,0,0.86,0.4,0.2,11;8,id
860,JACKS RUN RD OPP YORK DR,"Ross township (Allegheny, PA)",,40.499943,-80.031517,loses_all_service,638,0.86,0.6,0.2,17,id
8745,DEVILLIERS ST AT WYLIE AVE,"Pittsburgh city (Allegheny, PA)",Crawford-Roberts,40.44432,-79.980903,kept_nearby,84,0.86,0.6,0.4,83,id
8826,CALMAR DR AT MT CARMEL RD FS,"Penn Hills township (Allegheny, PA)",,40.467296,-79.873362,kept,0,0.86,1.2,1.0,79;P17,id
902,PERRYSVILLE AVE AT CHERRYFIELD ST,"Pittsburgh city (Allegheny, PA)",Perry North,40.485052,-80.015549,kept,0,0.86,0.6,0.4,15;8,id
9588,HWY RT 51 AT GLEN ELM DR,"Whitehall borough (Allegheny, PA)",,40.356702,-79.980487,kept,0,0.86,0.4,0.2,51;Y1;Y46,id
9847,7TH ST OPP WORTHINGTON AVE FS,"Clairton city (Allegheny, PA)",,40.292141,-79.88945,kept,0,0.86,0.0,0.0,Y46,id
10936,LEBANON CHURCH RD OPP PLEASANT ST,"Dravosburg borough (Allegheny, PA)",,40.353712,-79.901432,kept,0,0.81,0.0,0.8,56;59,id
11035,WEST ST OPP 21ST AVE,"Munhall borough (Allegheny, PA)",,40.398052,-79.903405,kept,0,0.81,0.4,0.6,53;53L,id
11106,WHITAKER ST AT OAK ST,"Whitaker borough (Allegheny, PA)",,40.400207,-79.886933,kept,0,0.81,1.2,0.6,52L;59,id
11108,WHITAKER ST AT MIFFLIN ST,"Whitaker borough (Allegheny, PA)",,40.398767,-79.885486,kept,0,0.81,0.4,0.0,52L;59,id
11958,ELIZA ST AT CORBIN ST,"West Mifflin borough (Allegheny, PA)",,40.387478,-79.874924,kept,0,0.81,0.2,0.6,59,id
1429,OHIO RIVER BLVD AT LOCUST ST,"Avalon borough (Allegheny, PA)",,40.497706,-80.069651,kept,0,0.81,0.2,0.0,14,id
14333,VERONA RD AT MAPLE AVE,"Penn Hills township (Allegheny, PA)",,40.479959,-79.839313,kept,0,0.81,0.0,0.0,P78,id
14643,LEECHBURG RD AT CLOVERLEAF RD,"Penn Hills township (Allegheny, PA)",,40.486989,-79.808504,loses_all_service,459,0.81,0.0,0.0,77;P16,id
1484,MERCHANT ST AT 4TH ST FS,"Ambridge borough (Beaver, PA)",,40.584042,-80.225393,kept,0,0.81,0.0,0.2,14,id
16121,EAST BUSWAY AT NEGLEY STATION D,"Pittsburgh city (Allegheny, PA)",Shadyside,40.456705,-79.932622,kept,0,0.81,0.0,0.0,P10;P12;P16;P67;P69;P7;P76;P78,id
17335,SWISSVALE AVE AT COAL ST,"Edgewood borough (Allegheny, PA)",,40.434899,-79.882796,kept,0,0.81,1.0,0.8,61A,id
1774,MT PLEASANT RD AT #384,"Pittsburgh city (Allegheny, PA)",Northview Heights,40.480453,-80.002007,kept,0,0.81,0.6,0.6,6,id
18286,CASINO DR AT NORTH POINTE DR FS (BUS BAY),"Pittsburgh city (Allegheny, PA)",Chateau,40.448389,-80.023019,loses_all_service,347,0.81,0.0,0.8,14,id
1871,SHADELAND AVE AT SCHIMMER ST,"Pittsburgh city (Allegheny, PA)",Marshall-Shadeland,40.473185,-80.031343,kept,0,0.81,0.0,0.8,17,id
18793,ISLAND AVE AT ORR ST FS,"Stowe township (Allegheny, PA)",,40.484155,-80.07234,kept,0,0.81,0.8,0.4,21,id
18853,HORNING RD AT BROUGHTON RD FS,"South Park township (Allegheny, PA)",,40.330774,-79.988297,loses_all_service,1120,0.81,0.0,0.0,Y45,id
18909,TERRACE ST AT ROBINSON ST,"Pittsburgh city (Allegheny, PA)",West Oakland,40.440285,-79.965677,kept,0,0.81,0.2,0.2,83,id
19076,LEECHBURG RD AT SALTSBURG RD FS,"Penn Hills township (Allegheny, PA)",,40.485454,-79.817413,kept_nearby,52,0.81,0.0,0.0,77;P16,id
19311,HABERMAN AVE AT KATHLEEN ST FS,"Pittsburgh city (Allegheny, PA)",Mount Washington,40.425932,-80.002596,loses_all_service,495,0.81,1.0,0.0,43,id
202,BROWNS LN AT ROSS PARK DR,"Ross township (Allegheny, PA)",,40.545364,-80.01931,kept,0,0.81,1.0,0.6,12;2,id
20359,TILDEN ST AT #7182,"Pittsburgh city (Allegheny, PA)",Lincoln-Lemington-Belmar,40.463848,-79.89325,kept,0,0.81,0.0,0.0,74,id
20390,RIDGE AVE AT ALLEGHENY AVE,"Pittsburgh city (Allegheny, PA)",Chateau,40.449603,-80.018561,loses_all_service,202,0.81,0.2,0.8,14;18,id
20607,STATE ST AT MAPLE AVE,"Clairton city (Allegheny, PA)",,40.298619,-79.875578,kept,0,0.81,0.8,0.2,55,id
20665,PORT PERRY RD AT E PITTSBURGH-MCKEESPORT BLVD,"North Versailles township (Allegheny, PA)",,40.383401,-79.828345,loses_all_service,197,0.81,1.0,2.2,55,id
20710,MIFFLIN ST AT CHERRY ST,"Whitaker borough (Allegheny, PA)",,40.397117,-79.889317,kept,0,0.81,0.0,0.0,52L,id
20819,ROBINSON ST OPP ELLERS ST,"Pittsburgh city (Allegheny, PA)",West Oakland,40.441617,-79.965614,kept_nearby,108,0.81,0.4,0.2,81,id
20885,JOHNSTON AVE AT BROADVIEW DR FS,"Pittsburgh city (Allegheny, PA)",Glen Hazel,40.407196,-79.926827,kept,0,0.81,0.0,0.2,57,id
20886,JOHNSTON AVE AT NAOMI DR,"Pittsburgh city (Allegheny, PA)",Glen Hazel,40.408299,-79.925845,kept,0,0.81,0.0,0.2,57,id
21610,LONG RUN RD OPP MARSHALL DR,"McKeesport city (Allegheny, PA)",,40.322962,-79.8209,loses_all_service,1189,0.81,0.0,0.0,P76,id
21691,CHALFONT ST AT DELMONT AVE,"Pittsburgh city (Allegheny, PA)",Beltzhoover,40.416567,-80.004018,kept,0,0.81,1.4,1.4,44,former_id
22663,PROSPECT RD AT HOLLYROOD RD FS,"Baldwin borough (Allegheny, PA)",,40.322443,-79.834806,kept_nearby,21,0.81,0.6,0.8,60;P76,id
2324,ISLAND AVE AT MCKEES ROCKS BRIDGE,"McKees Rocks borough (Allegheny, PA)",,40.473413,-80.062277,kept,0,0.81,0.6,0.2,21,id
2353,GRAND AVE AT ORCHARD ST,"Neville township (Allegheny, PA)",,40.514515,-80.140129,kept,0,0.81,0.4,0.4,21,id
2444,MT ROYAL BLVD OPP CAMPBELL PL,"Shaler township (Allegheny, PA)",,40.526597,-79.96344,kept,0,0.81,0.8,0.2,2;P13,id
2456,MT ROYAL BLVD AT DEHAVEN CT,"Shaler township (Allegheny, PA)",,40.544603,-79.972326,kept,0,0.81,0.2,0.0,2;P13,id
3147,FIFTH AVE AT MOULTRIE ST FS,"Pittsburgh city (Allegheny, PA)",West Oakland,40.438082,-79.974544,loses_all_service,189,0.81,0.0,0.2,61A;61B;61C;61D;71A;71B;71C;71D,id
3432,CORAOPOLIS RD OPP EHLE AVE,"Kennedy township (Allegheny, PA)",,40.487941,-80.10699,loses_all_service,1519,0.81,0.0,0.0,20,id
4052,CAROTHERS AVE OPP LOCUST ST,"Scott township (Allegheny, PA)",,40.397881,-80.088246,loses_all_service,254,0.81,0.0,0.0,G31,id
4145,CHARTIERS AVE AT CITADEL ST,"Pittsburgh city (Allegheny, PA)",Sheraden,40.454329,-80.058286,kept,0,0.81,0.8,0.2,26,id
4168,NOBLE AVE OPP SIDNEY ST,"Crafton borough (Allegheny, PA)",,40.437855,-80.063255,kept,0,0.81,1.2,0.2,29,id
4876,ARLINGTON AVE AT KOEHLER ST,"Pittsburgh city (Allegheny, PA)",South Side Slopes,40.417637,-79.984507,kept,0,0.81,1.8,1.4,48,id
5467,NOBLESTOWN RD AT FIRE STATION (#2200),"Pittsburgh city (Allegheny, PA)",Westwood,40.431121,-80.053458,kept,0,0.81,0.4,0.2,31,id
6269,KANE BLVD AT ELM DR,"Scott township (Allegheny, PA)",,40.375889,-80.088639,kept,0,0.81,1.0,0.6,41,id
6405,WEST LIBERTY AVE AT PAULINE AVE,"Pittsburgh city (Allegheny, PA)",Beechview,40.401903,-80.022071,kept,0,0.81,0.6,0.0,41,id
6577,GILKESON RD AT CEDAR BLVD,"Mount Lebanon township (Allegheny, PA)",,40.361648,-80.063758,loses_all_service,1615,0.81,0.4,0.0,36,id
6700,KATHLEEN ST AT BELTZHOOVER AVE,"Pittsburgh city (Allegheny, PA)",Mount Washington,40.425688,-79.997641,loses_all_service,267,0.81,1.0,0.0,43,id
6815,BAPTIST RD AT MCKEE DR,"Whitehall borough (Allegheny, PA)",,40.352681,-80.009773,loses_all_service,1095,0.81,0.0,0.0,Y45,id
6818,BAPTIST RD AT LACHMAN DR,"Whitehall borough (Allegheny, PA)",,40.355557,-80.002924,loses_all_service,498,0.81,0.0,0.0,Y45,id
7167,WOODSTOCK AVE OPP WILKINS AVE,"Swissvale borough (Allegheny, PA)",,40.413345,-79.871225,kept,0,0.81,0.6,0.2,59;61A,id
7303,AURELIUS ST AT HARRISON AVE,"Swissvale borough (Allegheny, PA)",,40.422964,-79.895854,loses_all_service,203,0.81,0.0,0.0,71;P71,id
7320,HUTCHINSON ST AT EAST END AVE,"Edgewood borough (Allegheny, PA)",,40.433182,-79.893181,kept_nearby,82,0.81,0.0,0.0,71;P71,id
7325,SAVANNAH AVE AT UNION ST,"Wilkinsburg borough (Allegheny, PA)",,40.438659,-79.894798,kept_nearby,79,0.81,0.0,0.0,71;P71,id
7692,PENN AVE OPP MURTLAND ST,"Pittsburgh city (Allegheny, PA)",Point Breeze,40.450745,-79.906082,kept,0,0.81,3.0,1.0,67;69;71C,id
8056,BRINTON RD OPP KINGS RD,"Braddock Hills borough (Allegheny, PA)",,40.427647,-79.872985,kept,0,0.81,0.2,1.2,P68,id
8530,SHADY AVE AT AYLESBORO AVE,"Pittsburgh city (Allegheny, PA)",Squirrel Hill North,40.440088,-79.919628,kept,0,0.81,1.0,0.2,64,id
8536,LARIMER AVE AT MAYFLOWER ST,"Pittsburgh city (Allegheny, PA)",Larimer,40.464396,-79.915982,kept,0,0.81,0.8,0.0,74,id
8580,BIGELOW BLVD AT FINLAND ST,"Pittsburgh city (Allegheny, PA)",Polish Hill,40.458077,-79.960388,loses_all_service,318,0.81,0.2,0.2,77,id
895,PERRYSVILLE AVE AT #3000,"Pittsburgh city (Allegheny, PA)",Perry North,40.476111,-80.012273,kept,0,0.81,1.2,1.2,15;8,id
9149,FRANKSTOWN AVE AT DORNBUSH ST,"Pittsburgh city (Allegheny, PA)",East Hills,40.455089,-79.879877,kept,0,0.81,0.2,0.4,77,id
9242,SCHENLEY AVE AT PACIFIC AVE,"Pittsburgh city (Allegheny, PA)",Garfield,40.472022,-79.938845,kept,0,0.81,0.4,0.0,89,id
9246,COLUMBO ST AT PACIFIC AVE,"Pittsburgh city (Allegheny, PA)",Garfield,40.469095,-79.939239,kept,0,0.81,1.8,0.2,89,id
926,CENTER AVE AT OAKWOOD AVE,"West View borough (Allegheny, PA)",,40.514329,-80.024165,kept,0,0.81,0.4,0.2,8,id
9262,BUTLER ST AT MCCANDLESS AVE,"Pittsburgh city (Allegheny, PA)",Upper Lawrenceville,40.481755,-79.953264,kept,0,0.81,0.2,0.0,87;91;93,id
10038,LEBANON CHURCH RD AT REGIS AVE,"West Mifflin borough (Allegheny, PA)",,40.347555,-79.952147,kept,0,0.76,0.8,0.0,51;Y47,id
10372,WALNUT ST AT 15TH AVE BRIDGE FS,"McKeesport city (Allegheny, PA)",,40.339546,-79.859517,kept,0,0.76,1.0,1.0,60,id
1101,MCINTYRE RD AT THOMPSON RUN RD,"Ross township (Allegheny, PA)",,40.552403,-79.998573,loses_all_service,989,0.76,0.0,0.0,O5,id
1138,EVERGREEN AVE AT JOHN ST,"Millvale borough (Allegheny, PA)",,40.487221,-79.97271,kept,0,0.76,0.0,1.0,2,id
11915,ELIZA ST AT CORBIN ST FS,"West Mifflin borough (Allegheny, PA)",,40.387484,-79.874856,kept,0,0.76,0.6,0.2,59,id
11931,ELIZA ST AT FRANK ST,"West Mifflin borough (Allegheny, PA)",,40.391829,-79.877208,kept,0,0.76,0.8,1.8,59,id
11968,5TH ST AT KENNEDY AVE,"Duquesne city (Allegheny, PA)",,40.371231,-79.849617,kept,0,0.76,0.4,0.6,59,id
12090,SECOND AVE AT BRADY ST,"Pittsburgh city (Allegheny, PA)",South Oakland,40.435855,-79.972532,kept,0,0.76,0.8,0.6,56;57;58,id
12576,CRAWFORD AVE AT JUNO AVE,"Duquesne city (Allegheny, PA)",,40.362571,-79.853595,kept,0,0.76,0.4,0.0,59,id
1275,FOREST AVE AT #414,"Bellevue borough (Allegheny, PA)",,40.498951,-80.050481,kept,0,0.76,1.8,0.6,13,id
12786,FREEPORT RD OPP JEFFERSON AVE,"Harmar township (Allegheny, PA)",,40.540454,-79.813517,kept,0,0.76,0.2,0.6,1;P10,id
12826,W 7TH AVE AT CENTER ST,"Tarentum borough (Allegheny, PA)",,40.600178,-79.760818,kept_nearby,21,0.76,0.6,1.2,1;P10,id
13321,FREEPORT RD AT IDAHO AVE,"Harrison township (Allegheny, PA)",,40.619673,-79.730355,loses_all_service,217,0.76,0.0,0.0,P10,id
13574,HWY RT 286 AT RICKENBAKER DR,"Monroeville municipality (Allegheny, PA)",,40.442413,-79.713402,kept,0,0.76,0.0,0.0,P12,id
13795,FRANKSTOWN RD AT CRAB HOLLOW RD,"Penn Hills township (Allegheny, PA)",,40.461843,-79.848849,kept,0,0.76,0.4,0.0,77,id
15839,BELTZHOOVER AVE AT ORCHARD PL,"Pittsburgh city (Allegheny, PA)",Knoxville,40.417847,-79.997214,kept_nearby,147,0.76,0.0,0.2,54,id
1787,N CHARLES ST OPP CROSS ST,"Pittsburgh city (Allegheny, PA)",Perry South,40.465212,-80.020681,loses_all_service,227,0.76,0.2,0.4,15,id
18645,BOWER HILL RD AT PAINTERS RUN RD FS,"Scott township (Allegheny, PA)",,40.364639,-80.086596,loses_all_service,867,0.76,0.2,0.0,41,id
18673,DELWAR DR AT APPLEBEE'S DRVWY,"West Mifflin borough (Allegheny, PA)",,40.348981,-79.947753,kept,0,0.76,0.4,0.0,Y49,id
18894,TERRACE ST AT SUTHERLAND DR,"Pittsburgh city (Allegheny, PA)",North Oakland,40.442906,-79.961949,kept_nearby,125,0.76,0.0,0.0,81;83,id
1914,MARSHALL AVE OPP NEW HAMPSHIRE DR,"Pittsburgh city (Allegheny, PA)",Marshall-Shadeland,40.464595,-80.027467,kept,0,0.76,0.4,1.2,17,id
19144,UNIVERSAL RD OPP AUSTIN ST,"Penn Hills township (Allegheny, PA)",,40.475344,-79.78666,kept,0,0.76,0.0,0.0,P16,id
19176,ALLEGHENY RIVER BLVD AT PLUM ST FS,"Oakmont borough (Allegheny, PA)",,40.512413,-79.84334,kept,0,0.76,0.0,0.0,P78,id
19312,BOGGS AVE AT DEWITT ST FS,"Pittsburgh city (Allegheny, PA)",Mount Washington,40.424238,-80.009206,kept_nearby,95,0.76,0.0,0.4,43,id
1950,CALIFORNIA AVE AT RANKIN AVE,"Pittsburgh city (Allegheny, PA)",Brighton Heights,40.47617,-80.0398,kept,0,0.76,0.0,0.0,13,id
19615,STEUBEN ST OPP ELLIOTT HEIGHTS SENIOR CTR,"Pittsburgh city (Allegheny, PA)",Crafton Heights,40.441354,-80.045966,kept,0,0.76,0.2,0.0,27;29,id
19798,UNITY TRESTLE RD AT UNIVERSAL RD,"Plum borough (Allegheny, PA)",,40.490452,-79.783371,loses_all_service,1441,0.76,0.0,0.0,77;P16,id
20170,WALNUT ST AT 31ST AVE FS,"McKeesport city (Allegheny, PA)",,40.330734,-79.843348,kept,0,0.76,0.2,0.0,60,id
20522,LEWIS RUN RD AT HWY 51 FS,"Pleasant Hills borough (Allegheny, PA)",,40.321465,-79.941703,kept,0,0.76,0.4,0.2,55,id
20913,DUQUESNE BLVD OPP WYLIE AVE,"Duquesne city (Allegheny, PA)",,40.367188,-79.842139,kept,0,0.76,0.0,0.8,59;61C;P7,id
21881,OAKWOOD ST AT HAMILTON AVE,"Pittsburgh city (Allegheny, PA)",Homewood South,40.451885,-79.884835,kept_nearby,19,0.76,0.4,0.2,86,former_id
22735,MONROEVILLE BLVD OPP IVANHOE DR,"Monroeville municipality (Allegheny, PA)",,40.513246,-80.097179,kept,0,0.76,0.2,0.4,19L,id
22836,BABCOCK BLVD AT RODERICK DR,"Ross township (Allegheny, PA)",,40.552261,-80.0233,kept,0,0.76,0.0,0.0,O12,former_id
22903,BRIGHTON RD AT BASCOM AVE NS,"Ross township (Allegheny, PA)",,40.489796,-80.04348,kept_nearby,143,0.76,0.0,0.0,17,former_id
23012,EVERGREEN AVE AT SHERIDAN ST,"Millvale borough (Allegheny, PA)",,40.480215,-79.969659,loses_all_service,200,0.76,1.0,0.0,2,former_id
2445,MT ROYAL BLVD AT SHALER LIBRARY,"Shaler township (Allegheny, PA)",,40.528064,-79.964577,kept,0,0.76,0.2,0.0,2;P13,id
2848,RHINE ST AT BUENTE ST,"Pittsburgh city (Allegheny, PA)",Spring Hill-City View,40.466159,-79.992991,kept,0,0.76,0.6,0.4,6,id
3455,FOREST GROVE RD AT DIEBOLD RD,"Kennedy township (Allegheny, PA)",,40.479599,-80.104187,loses_all_service,701,0.76,0.6,0.0,20,id
3475,MCCOY RD AT ISLAND AVE,"Stowe township (Allegheny, PA)",,40.475764,-80.065353,kept,0,0.76,0.0,0.0,22,id
3572,RIVER AVE AT RAILROAD UNDERPASS,"McKees Rocks borough (Allegheny, PA)",,40.470385,-80.053927,kept_nearby,59,0.76,0.6,0.2,22,id
401,SAMPLE RD AT HIGHMEADOW RD,"McCandless township (Allegheny, PA)",,40.573462,-79.993624,loses_all_service,1702,0.76,0.0,0.0,O5,id
4377,BEAVER GRADE RD AT AIKEN RD,"Robinson township (Allegheny, PA)",,40.455131,-80.136241,kept,0,0.76,1.0,0.2,24,id
4566,BANKSVILLE RD AT COAST AVE,"Pittsburgh city (Allegheny, PA)",Beechview,40.40919,-80.032024,kept,0,0.76,1.4,0.6,36,id
4664,MCFARLAND RD AT THE FIREPLACE & PATIO PLACE,"Mount Lebanon township (Allegheny, PA)",,40.394581,-80.046462,kept,0,0.76,0.0,0.0,36,id
506,DUNCAN AVE AT ROYAL MANOR CT #1,"McCandless township (Allegheny, PA)",,40.566068,-80.00159,loses_all_service,1230,0.76,0.4,0.0,2;P13,id
5411,NOBLESTOWN RD AT #640,"Green Tree borough (Allegheny, PA)",,40.415791,-80.070707,kept,0,0.76,0.2,0.4,31,id
5485,NOBLESTOWN RD AT IDLEWOOD AVE,"Scott township (Allegheny, PA)",,40.413115,-80.078604,kept,0,0.76,1.2,0.4,31,id
5494,WASHINGTON PIKE AT GREAT SOUTHERN SC ENT #1,"Collier township (Allegheny, PA)",,40.368758,-80.102365,kept,0,0.76,0.2,0.0,31;38;G31,id
6285,BOWER HILL RD AT MARLIN DR,"Mount Lebanon township (Allegheny, PA)",,40.385667,-80.050321,loses_all_service,280,0.76,0.6,0.2,38;41,id
7152,EDGEWOOD AVE OPP LACROSSE AVE,"Edgewood borough (Allegheny, PA)",,40.426817,-79.885278,kept,0,0.76,0.0,0.0,61A;P7,id
7323,SAVANNAH AVE AT WHITNEY AVE,"Wilkinsburg borough (Allegheny, PA)",,40.43631,-79.893772,loses_all_service,190,0.76,0.0,0.0,71;P71,id
7529,BRINTON AVE OPP TERRACE ST,"North Braddock borough (Allegheny, PA)",,40.400299,-79.841126,kept,0,0.76,1.6,0.2,P68,id
7710,SWISSVALE AVE AT HILL AVE,"Wilkinsburg borough (Allegheny, PA)",,40.44363,-79.876358,kept,0,0.76,1.0,2.0,79;P17;P78,id
7811,ARDMORE BLVD AT BEVINGTON RD FS,"Forest Hills borough (Allegheny, PA)",,40.426767,-79.862889,kept,0,0.76,0.6,0.0,69;P69;P76,id
7838,AIRBRAKE AVE AT MILLER ST,"Wilmerding borough (Allegheny, PA)",,40.395375,-79.806546,kept,0,0.76,0.4,0.4,69;P69,id
8284,TRENTON AVE AT SOUTH AVE,"Wilkinsburg borough (Allegheny, PA)",,40.444326,-79.892103,loses_all_service,180,0.76,0.6,0.6,71C,id
8306,HAMILTON AVE AT LASCHALL ST,"Pittsburgh city (Allegheny, PA)",Homewood West,40.456666,-79.906307,kept_nearby,127,0.76,0.6,0.2,71D,id
8443,LEMINGTON AVE AT WESTMORELAND AVE,"Pittsburgh city (Allegheny, PA)",Lincoln-Lemington-Belmar,40.466966,-79.893436,kept,0,0.76,0.4,0.0,74,id
8448,PAULSON AVE AT NAVARRO ST FS,"Pittsburgh city (Allegheny, PA)",Lincoln-Lemington-Belmar,40.468288,-79.90284,kept,0,0.76,0.6,0.4,74,id
8537,LARIMER AVE AT AUBURN ST,"Pittsburgh city (Allegheny, PA)",Larimer,40.463776,-79.916916,kept,0,0.76,0.0,0.4,74,id
9268,STANTON AVE OPP 52ND ST,"Pittsburgh city (Allegheny, PA)",Central Lawrenceville,40.477516,-79.950501,kept_nearby,114,0.76,0.6,0.4,87,id
980,HAZELTON ST AT N CHARLES ST,"Pittsburgh city (Allegheny, PA)",Perry South,40.471237,-80.007174,kept,0,0.76,0.2,0.0,11,id
11103,WHITAKER WAY AT LARKSPUR ST,"Munhall borough (Allegheny, PA)",,40.403488,-79.890361,kept,0,0.71,0.0,0.4,52L;59,former_id
11262,WORTHINGTON AVE AT HWY RT 51 FS,"Jefferson Hills borough (Allegheny, PA)",,40.29072,-79.912907,kept,0,0.71,0.0,0.0,Y46,id
11966,ELIZA ST OPP FRANK ST (#3932),"West Mifflin borough (Allegheny, PA)",,40.391949,-79.877396,kept,0,0.71,1.2,0.4,59,id
12606,FREEPORT RD AT HUMBOLDT ST,"Blawnox borough (Allegheny, PA)",,40.496128,-79.857172,kept,0,0.71,0.2,0.2,1,id
13594,MALL BLVD AT TGI FRIDAY,"Monroeville municipality (Allegheny, PA)",,40.433837,-79.78841,kept,0,0.71,0.2,0.0,67,id
13601,WM PENN HWY AT STROSCHEIN RD,"Monroeville municipality (Allegheny, PA)",,40.438534,-79.76976,kept,0,0.71,0.0,0.4,67,id
1377,OHIO RIVER BLVD AT ALLEGHENY AVE,"Emsworth borough (Allegheny, PA)",,40.5114,-80.101116,kept,0,0.71,1.6,0.2,14,id
1384,OHIO RIVER BLVD OPP MONITOR AVE,"Ben Avon borough (Allegheny, PA)",,40.501564,-80.075483,kept,0,0.71,0.4,0.6,14,id
1424,OHIO RIVER BLVD AT SHILOH AVE,"Bellevue borough (Allegheny, PA)",,40.487903,-80.056318,kept,0,0.71,0.4,1.4,14,id
14436,VERONA RD AT GRAHAM BLVD EXT,"Penn Hills township (Allegheny, PA)",,40.463244,-79.86566,kept,0,0.71,0.0,0.0,79;P17,id
14577,WASHINGTON BLVD AT HIGHLAND DR,"Pittsburgh city (Allegheny, PA)",Lincoln-Lemington-Belmar,40.474002,-79.908205,kept,0,0.71,0.0,0.0,P10,id
14964,BUTLER ST OPP #6002,"Pittsburgh city (Allegheny, PA)",Upper Lawrenceville,40.486333,-79.943177,kept,0,0.71,0.2,0.2,87;91,id
14982,BUTLER ST OPP 49TH ST,"Pittsburgh city (Allegheny, PA)",Central Lawrenceville,40.476992,-79.956919,kept,0,0.71,0.4,0.2,91;93,id
16023,ALLEQUIPPA ST AT WHITRIDGE ST,"Pittsburgh city (Allegheny, PA)",Terrace Village,40.441034,-79.968027,kept,0,0.71,0.2,0.0,83,id
16991,PATRIOT WAY AT DELAFIELD RD,"O'Hara township (Allegheny, PA)",,40.497006,-79.890916,kept,0,0.71,1.4,0.2,75,id
1797,COLBY ST AT MT PLEASANT RD FS,"Pittsburgh city (Allegheny, PA)",Summer Hill,40.483187,-80.003796,kept,0,0.71,0.2,0.4,15;6,id
18449,MIFFLIN RD AT LEBANON RD FS,"Pittsburgh city (Allegheny, PA)",Lincoln Place,40.379334,-79.924908,kept,0,0.71,0.6,0.4,56,id
18494,BEACON ST AT MURDOCH ST FS,"Pittsburgh city (Allegheny, PA)",Squirrel Hill South,40.433766,-79.930892,kept,0,0.71,0.2,0.0,65;93,id
1884,CALIFORNIA AVE AT WINHURST ST FS,"Pittsburgh city (Allegheny, PA)",Brighton Heights,40.487567,-80.045274,kept,0,0.71,0.0,1.0,13,id
18907,ALLEQUIPPA ST AT WHITRIDGE ST,"Pittsburgh city (Allegheny, PA)",West Oakland,40.441249,-79.967882,kept,0,0.71,1.0,0.6,83,id
19762,BANKSVILLE RD AT DAYS INN,"Pittsburgh city (Allegheny, PA)",Banksville,40.419471,-80.029859,kept_nearby,117,0.71,0.2,1.6,36,id
20392,SALTSBURG RD OPP ALCOMA GOLF CLUB,"Penn Hills township (Allegheny, PA)",,40.481103,-79.802524,kept,0,0.71,0.0,0.0,77,id
20583,EAST PITTSBURGH-MCKEESPORT BLV AT ORRIS RD,"North Versailles township (Allegheny, PA)",,40.369082,-79.830758,kept,0,0.71,0.4,0.4,55,id
20586,BOWMAN AVE AT LIME ST,"McKeesport city (Allegheny, PA)",,40.361024,-79.832889,kept,0,0.71,1.4,1.0,55,id
20646,CORBET ST AT 4TH AVE,"Tarentum borough (Allegheny, PA)",,40.602372,-79.752157,kept_nearby,75,0.71,0.0,0.0,P10,id
21549,CLOVERFIELD DR AT EDWARD DR FS,"Baldwin borough (Allegheny, PA)",,40.394942,-79.966224,loses_all_service,1472,0.71,0.0,0.0,44,id
21558,AGNEW RD AT ALAN ST,"Baldwin borough (Allegheny, PA)",,40.39642,-79.973911,loses_all_service,1093,0.71,0.0,0.0,44,id
21733,BEECHWOOD BLVD AT PHILLIPS AVE FS,"Pittsburgh city (Allegheny, PA)",Squirrel Hill South,40.432456,-79.915199,loses_all_service,257,0.71,0.0,0.0,65,former_id
2206,GRAND AVE OPP VON STEIN LN,"Neville township (Allegheny, PA)",,40.51724,-80.148792,kept,0,0.71,0.6,0.6,21,id
22432,MCKNIGHT RD AT #7905 (MAD MEX),"Ross township (Allegheny, PA)",,40.54971,-80.019092,kept,0,0.71,0.0,0.0,O12;P13,id
22698,GREENTREE RD AT RIDGEMONT DR,"Pittsburgh city (Allegheny, PA)",Ridgemont,40.34419,-79.912108,kept,0,0.71,0.4,0.0,55,id
22807,FREELAND ST AT MCCLEARY ST,"McKeesport city (Allegheny, PA)",,40.362715,-79.963648,kept,0,0.71,0.0,0.0,Y49,id
239,MCKNIGHT RD AT U-HAUL,"Ross township (Allegheny, PA)",,40.51645,-80.004397,kept,0,0.71,0.8,0.0,12;O12,id
2521,CAMFIELD ST AT DRYCOVE ST,"Pittsburgh city (Allegheny, PA)",Bon Air,40.404033,-79.998119,loses_all_service,364,0.71,0.4,0.4,54,id
2756,TROY HILL RD OPP GOETTMANN ST,"Pittsburgh city (Allegheny, PA)",Troy Hill,40.459686,-79.985831,kept,0,0.71,0.2,0.2,4,id
3234,CALIFORNIA AVE OPP STRANMORE ST,"Pittsburgh city (Allegheny, PA)",Manchester,40.460443,-80.026952,kept,0,0.71,0.6,0.0,13,id
3366,BUTLER ST AT MAPLEWOOD ST,"Etna borough (Allegheny, PA)",,40.499024,-79.943899,kept,0,0.71,0.0,0.0,2;P13,id
3490,MCCOY RD AT SHAFTER ST,"Stowe township (Allegheny, PA)",,40.480791,-80.079169,kept,0,0.71,0.0,0.0,22,id
4156,BERRY ST OPP SCOTIA ST,"Pittsburgh city (Allegheny, PA)",Windgap,40.4484,-80.067762,loses_all_service,193,0.71,0.2,0.4,26,id
5108,STEUBENVILLE PIKE AT WATERFORD DR,"Robinson township (Allegheny, PA)",,40.449458,-80.141083,kept,0,0.71,0.4,1.2,24;29,id
571,PERRY HWY AT I-279 RAMP,"Ross township (Allegheny, PA)",,40.503623,-80.025527,kept,0,0.71,0.4,1.0,8,id
5795,GREENTREE RD AT LINDSAY RD,"Scott township (Allegheny, PA)",,40.386087,-80.084647,kept,0,0.71,0.0,0.0,38,id
5813,SWALLOW HILL RD AT THE BOURSE,"Scott township (Allegheny, PA)",,40.389176,-80.073972,loses_all_service,359,0.71,0.2,0.0,38,id
5881,GREENTREE RD AT #2080,"Scott township (Allegheny, PA)",,40.391972,-80.069099,kept,0,0.71,0.0,0.6,38,id
6268,KANE BLVD AT HUGHES ST,"Scott township (Allegheny, PA)",,40.377249,-80.090478,kept,0,0.71,1.6,0.8,41,id
6447,RAILROAD ST AT STATION ST,"Bridgeville borough (Allegheny, PA)",,40.358016,-80.110706,kept,0,0.71,0.4,0.4,41,id
6779,SHILOH ST AT VIRGINIA AVE,"Pittsburgh city (Allegheny, PA)",Mount Washington,40.42927,-80.007281,kept,0,0.71,1.6,0.0,40,id
706,DUNCAN AVE OPP ROYAL MANOR CT #2,"McCandless township (Allegheny, PA)",,40.566016,-80.001668,loses_all_service,1227,0.71,1.6,0.0,2;P13,id
7416,WOLFE AVE AT TURNER DR,"North Braddock borough (Allegheny, PA)",,40.407733,-79.849121,kept,0,0.71,0.2,0.8,P68,id
7449,WOLFE AVE AT MARY ST,"North Braddock borough (Allegheny, PA)",,40.406878,-79.847914,kept,0,0.71,1.2,1.0,P68,id
7451,PALLAS ST AT BRINTON AVE,"North Braddock borough (Allegheny, PA)",,40.405857,-79.844391,kept,0,0.71,0.0,0.4,P68,id
7505,PENN CENTER BLVD AT RODI RD,"Wilkins township (Allegheny, PA)",,40.429382,-79.815834,kept,0,0.71,0.4,0.0,67,id
7572,MAIN ST AT CENTER AVE,"East Pittsburgh borough (Allegheny, PA)",,40.396026,-79.841452,kept,0,0.71,1.4,0.6,P68,id
7840,AVENUE U AT WATKINS AVE,"Wilmerding borough (Allegheny, PA)",,40.394932,-79.803925,kept,0,0.71,0.6,0.0,69,id
7906,WM PENN HWY AT MCCREA DR,"Churchill borough (Allegheny, PA)",,40.445553,-79.855523,kept,0,0.71,0.8,0.0,67;P16;P67,id
8040,BEACON ST AT MURDOCH ST,"Pittsburgh city (Allegheny, PA)",Squirrel Hill South,40.433678,-79.930687,kept,0,0.71,0.2,0.6,65;93,id
8146,OXFORD DR AT RACQUET CLUB APTS,"Monroeville municipality (Allegheny, PA)",,40.431294,-79.787605,kept,0,0.71,0.4,0.8,P68,id
8528,SHADY AVE AT SOLWAY ST,"Pittsburgh city (Allegheny, PA)",Squirrel Hill North,40.442978,-79.920303,kept,0,0.71,0.2,0.4,64,id
8934,MT CARMEL RD OPP HIGHLANDVIEW ST,"Penn Hills township (Allegheny, PA)",,40.468741,-79.886569,kept,0,0.71,0.6,0.8,79;P17,id
905,PERRYSVILLE AVE AT #3820,"Pittsburgh city (Allegheny, PA)",Perry North,40.488096,-80.016424,kept,0,0.71,0.8,0.2,15;8,id
9587,HWY RT 51 OPP STILLEY RD,"Whitehall borough (Allegheny, PA)",,40.361387,-79.982709,kept,0,0.71,1.0,0.6,51;Y46,id
11139,LINCOLN HWY OPP BROAD ST.,"North Versailles township (Allegheny, PA)",,40.375449,-79.796521,loses_all_service,1430,0.67,0.0,0.0,P76,id
11205,WORTHINGTON AVE AT ONEIDA DR,"Jefferson Hills borough (Allegheny, PA)",,40.294604,-79.905487,kept,0,0.67,0.0,0.4,Y46,id
11947,WHITAKER ST AT OAK ST,"West Mifflin borough (Allegheny, PA)",,40.396323,-79.883797,kept,0,0.67,1.4,0.4,59,id
11972,5TH ST AT CRAWFORD AVE,"Duquesne city (Allegheny, PA)",,40.364745,-79.847056,kept,0,0.67,0.6,0.2,59,id
124,BABCOCK BLVD OPP WINCHESTER DR,"McCandless township (Allegheny, PA)",,40.566028,-80.016517,loses_all_service,157,0.67,2.6,0.0,12,id
12808,FREEPORT RD OPP GLASSMERE GAS STATION,"Springdale township (Allegheny, PA)",,40.560153,-79.772559,kept,0,0.67,0.4,0.0,1;P10,id
1364,BEAVER ST AT BOUNDARY ST,"Sewickley borough (Allegheny, PA)",,40.534951,-80.17536,kept,0,0.67,0.8,1.0,14,id
1770,REGULUS ST AT COLBY ST,"Pittsburgh city (Allegheny, PA)",Summer Hill,40.484647,-80.004502,loses_all_service,174,0.67,0.6,0.0,15;6,id
18432,HWY RT 51 AT COAL VALLEY RD FS,"Jefferson Hills borough (Allegheny, PA)",,40.312438,-79.938461,kept,0,0.67,0.4,0.6,Y46,id
18668,DELWAR RD OPP RITTER ENGINEERING,"West Mifflin borough (Allegheny, PA)",,40.35083,-79.950821,kept,0,0.67,0.6,0.0,Y49,id
18866,ZUPANCIC DR AT QUAKER DR,"South Park township (Allegheny, PA)",,40.32077,-79.989408,loses_all_service,2008,0.67,0.0,0.0,Y45,id
19354,WOODLAND AVE AT BRIGHTON RD FS,"Pittsburgh city (Allegheny, PA)",Marshall-Shadeland,40.469916,-80.025973,kept,0,0.67,0.2,0.4,17,id
19370,JOSEPHINE ST AT SALISBURY ST NS,"Pittsburgh city (Allegheny, PA)",South Side Slopes,40.418107,-79.966897,kept,0,0.67,0.2,0.0,48,id
19806,SALTSBURG RD OPP LEECHBURG RD,"Penn Hills township (Allegheny, PA)",,40.484894,-79.817972,kept,0,0.67,0.6,0.0,77,id
20016,FIFTH AVE AT MCPHERSON ST,"Pittsburgh city (Allegheny, PA)",Point Breeze North,40.455578,-79.910663,kept,0,0.67,1.0,0.8,71D,id
20193,ROBERTS ST AT WYLIE AVE,"Pittsburgh city (Allegheny, PA)",Crawford-Roberts,40.443493,-79.984134,loses_all_service,158,0.67,0.6,0.6,81,id
20423,BROWNSVILLE RD AT BRENTRIDGE AVE,"Brentwood borough (Allegheny, PA)",,40.367548,-79.978666,kept,0,0.67,0.8,1.2,51;51L,id
20909,LEBANON RD OPP SOUTH HILLS INDUSTRIAL PARK,"West Mifflin borough (Allegheny, PA)",,40.359614,-79.933663,kept,0,0.67,0.6,0.2,51;53L;55,id
21606,CORAOPOLIS RD AT #298,"Robinson township (Allegheny, PA)",,40.502288,-80.122448,loses_all_service,795,0.67,0.4,0.2,20,former_id
2218,GRAND AVE AT CALGON CARBON,"Neville township (Allegheny, PA)",,40.508991,-80.11905,kept,0,0.67,0.0,0.0,21,id
2376,HILL ST AT LOCUST PL,"Sewickley borough (Allegheny, PA)",,40.542179,-80.178633,loses_all_service,268,0.67,0.6,0.8,21,id
2430,GRANT AVE AT HERMAN ST,"Etna borough (Allegheny, PA)",,40.508453,-79.95202,kept,0,0.67,0.6,0.0,2;P13,id
2579,MILLVALE AVE AT YEW ST,"Pittsburgh city (Allegheny, PA)",Bloomfield,40.457884,-79.947347,kept,0,0.67,0.8,1.2,54,id
2614,BRERETON ST AT DOBSON ST,"Pittsburgh city (Allegheny, PA)",Polish Hill,40.456709,-79.967194,kept,0,0.67,1.2,0.6,54,id
2675,KNOX AVE AT ROCHELLE ST,"Pittsburgh city (Allegheny, PA)",Knoxville,40.415178,-79.990587,kept,0,0.67,0.0,0.2,44,id
2715,MT TROY RD AT GARDENVIEW DR,"Reserve township (Allegheny, PA)",,40.485059,-79.991975,loses_all_service,971,0.67,0.4,0.2,4,id
3165,CALIFORNIA AVE AT STRANMORE ST,"Pittsburgh city (Allegheny, PA)",California-Kirkbride,40.460391,-80.02659,kept,0,0.67,0.0,0.4,13,id
427,BABCOCK BLVD AT EVERGREEN & PEOPLES PLANK RD,"Ross township (Allegheny, PA)",,40.50618,-79.990402,kept_nearby,97,0.67,0.0,0.0,O5,former_id
4807,JOSEPHINE ST OPP TELESCOPE ST,"Pittsburgh city (Allegheny, PA)",South Side Slopes,40.422887,-79.96679,kept,0,0.67,0.2,0.4,48,id
5481,NOBLESTOWN RD OPP #640,"Pittsburgh city (Allegheny, PA)",East Carnegie,40.415859,-80.070763,kept,0,0.67,0.4,0.4,31,id
5879,GREENTREE RD AT MANOR CARE DRIVEWAY,"Scott township (Allegheny, PA)",,40.396586,-80.06616,kept,0,0.67,0.0,0.0,38,id
5928,FT COUCH RD AT MEDICAL ARTS BLDG,"Bethel Park municipality (Allegheny, PA)",,40.340878,-80.052343,loses_all_service,170,0.67,0.0,0.4,36,id
617,WEST VIEW PARK DR AT PERRY HWY FS,"West View borough (Allegheny, PA)",,40.517479,-80.031983,kept,0,0.67,0.4,0.2,13;8,id
650,PERRY HWY AT #328,"West View borough (Allegheny, PA)",,40.518423,-80.027666,kept,0,0.67,1.2,0.2,8,id
6611,WASHINGTON RD AT ABBEYVILLE RD,"Mount Lebanon township (Allegheny, PA)",,40.352315,-80.050609,loses_all_service,941,0.67,0.4,0.0,36,id
7322,SAVANNAH AVE AT OVERTON ST,"Wilkinsburg borough (Allegheny, PA)",,40.434972,-79.892986,loses_all_service,190,0.67,0.0,0.0,71;P71,id
7431,ARDMORE BLVD OPP 2 PARKWAY CENTER EAST,"Forest Hills borough (Allegheny, PA)",,40.421244,-79.852283,kept,0,0.67,0.0,0.0,69;P69;P76,id
7687,WILKINS AVE AT WORTH ST,"Pittsburgh city (Allegheny, PA)",Squirrel Hill North,40.446621,-79.912842,kept,0,0.67,0.0,0.0,67;69;74,id
7853,PITCAIRN-TRAFFORD RD OPP CLARK ST,"Monroeville municipality (Allegheny, PA)",,40.395273,-79.767378,kept,0,0.67,0.4,0.0,69;P69,id
8829,MARK DR AT #7843,"Penn Hills township (Allegheny, PA)",,40.468744,-79.872349,kept_nearby,124,0.67,0.6,0.2,79;P17,id
9019,TERRACE ST AT CHESTERFIELD RD,"Pittsburgh city (Allegheny, PA)",West Oakland,40.440947,-79.963844,kept,0,0.67,0.4,0.0,81;83,id
9235,EAST LIBERTY BLVD AT NEGLEY AVE,"Pittsburgh city (Allegheny, PA)",East Liberty,40.467743,-79.927925,kept,0,0.67,0.0,0.4,89,id
9237,BLACK ST AT CHISLETT ST,"Pittsburgh city (Allegheny, PA)",East Liberty,40.469684,-79.929984,kept,0,0.67,0.0,0.2,89,id
9252,AIKEN AVE AT ROSETTA ST,"Pittsburgh city (Allegheny, PA)",Garfield,40.467076,-79.935038,kept,0,0.67,0.4,0.8,89,id
9554,PROSPECT RD AT STILLEY RD FS,"Whitehall borough (Allegheny, PA)",,40.359533,-79.980438,kept,0,0.67,0.4,0.6,Y49,id
9649,HWY RT 51 AT #2850,"Whitehall borough (Allegheny, PA)",,40.377594,-79.987442,kept,0,0.67,0.4,0.0,Y46;Y49,id
10249,WALNUT ST AT LARCH ST FS,"Versailles borough (Allegheny, PA)",,40.318385,-79.834048,kept_nearby,15,0.62,0.8,0.0,60,id
10995,LYSLE BLVD OPP 5TH AVE,"McKeesport city (Allegheny, PA)",,40.352858,-79.847932,kept,0,0.62,1.2,0.6,55;56;59;61C;P7,id
1104,AMITY DR OPP LINGAY DR,"Ross township (Allegheny, PA)",,40.547661,-79.994705,loses_all_service,997,0.62,0.0,0.0,O5,id
11049,MAIN ST AT CAMBRIA ST,"Munhall borough (Allegheny, PA)",,40.381678,-79.906013,kept,0,0.62,0.8,0.4,53;53L,id
11126,LONG RUN RD OPP COOLSPRINGS RD,"White Oak borough (Allegheny, PA)",,40.332568,-79.813734,loses_all_service,1383,0.62,0.0,0.0,P76,id
11128,JACKS RUN RD AT OAK PARK MALL,"White Oak borough (Allegheny, PA)",,40.337842,-79.807186,loses_all_service,1690,0.62,0.0,0.0,P76,id
11716,GREENSPRINGS AVE AT CYPRESS ST,"West Mifflin borough (Allegheny, PA)",,40.393009,-79.886031,kept,0,0.62,0.0,0.0,52L,id
12139,GREENFIELD AVE AT DELEVAN ST,"Pittsburgh city (Allegheny, PA)",Greenfield,40.423499,-79.931758,kept,0,0.62,0.0,0.0,58,id
12239,BIGELOW ST AT MCCASLIN ST,"Pittsburgh city (Allegheny, PA)",Hazelwood,40.419069,-79.938281,kept,0,0.62,0.8,0.0,58,id
12240,BIGELOW ST OPP TESLA ST,"Pittsburgh city (Allegheny, PA)",Hazelwood,40.419359,-79.93611,kept,0,0.62,0.8,0.0,58,id
12644,FREEPORT RD AT BARTSCH ST,"East Deer township (Allegheny, PA)",,40.585804,-79.777023,kept,0,0.62,0.2,0.8,1;P10,id
1398,BEAVER AVE AT NORTH AVE,"Pittsburgh city (Allegheny, PA)",Chateau,40.452,-80.028656,loses_all_service,199,0.62,0.2,0.2,14,id
1430,OHIO RIVER BLVD AT BIRMINGHAM AVE STEPS,"Avalon borough (Allegheny, PA)",,40.499159,-80.07141,kept,0,0.62,0.4,0.0,14,id
1436,OHIO RIVER BLVD AT MEMORIAL DR,"Emsworth borough (Allegheny, PA)",,40.508833,-80.090682,kept,0,0.62,0.4,0.6,14,id
1441,OHIO RIVER BLVD AT HAZELWOOD AVE,"Emsworth borough (Allegheny, PA)",,40.512184,-80.103676,kept,0,0.62,0.0,0.0,14,id
14752,SALTSBURG RD OPP COLONIAL VILLAGE DR,"Penn Hills township (Allegheny, PA)",,40.475044,-79.791016,kept,0,0.62,0.0,0.0,77,id
1480,BEAVER ST AT MAIN ST FS,"Leetsdale borough (Allegheny, PA)",,40.57854,-80.22033,kept,0,0.62,0.0,0.0,14,id
15980,SILVER LANE AT DIANA DR FS,"Robinson township (Allegheny, PA)",,40.459539,-80.138833,kept,0,0.62,0.2,0.4,24,id
16119,EAST BUSWAY AT HOMEWOOD STATION D,"Pittsburgh city (Allegheny, PA)",Homewood South,40.452929,-79.898897,kept,0,0.62,0.0,0.0,P12;P16;P67;P69;P7;P76;P78,id
16620,KENNEDY AVE AT DELL ST,"Duquesne city (Allegheny, PA)",,40.366496,-79.85729,kept,0,0.62,0.2,0.2,52L;59,id
1809,N CHARLES ST AT CROSS ST,"Pittsburgh city (Allegheny, PA)",Perry South,40.46517,-80.020588,loses_all_service,229,0.62,1.0,0.2,15,id
1828,MT PLEASANT RD AT #305,"Pittsburgh city (Allegheny, PA)",Northview Heights,40.482028,-80.002755,kept,0,0.62,2.2,0.8,6,id
18622,WM PENN HWY OPP NORTHERN PIKE,"Monroeville municipality (Allegheny, PA)",,40.437456,-79.777903,kept,0,0.62,0.0,0.0,67,id
18856,BLOSSOM DR AT NORMA DR,"Baldwin borough (Allegheny, PA)",,40.343912,-80.001958,loses_all_service,1355,0.62,0.0,0.0,Y45,id
19409,EDGEWOOD AVE AT BRADDOCK AVE NS,"Swissvale borough (Allegheny, PA)",,40.423629,-79.886339,kept,0,0.62,1.6,0.4,61A;P7,id
20396,LABELLE ST AT PIERMONT ST,"Pittsburgh city (Allegheny, PA)",Mount Washington,40.43449,-80.015973,kept,0,0.62,0.0,0.2,40,id
20588,BOWMAN AVE OPP JARVIS ST,"McKeesport city (Allegheny, PA)",,40.355486,-79.839731,kept,0,0.62,1.0,0.8,55,id
21098,TILBURY AVE OPP WALDRON ST FS,"Pittsburgh city (Allegheny, PA)",Squirrel Hill South,40.431418,-79.918057,kept,0,0.62,0.0,0.0,74,former_id
21205,WASHINGTON AVE AT STATION ST,"Bridgeville borough (Allegheny, PA)",,40.358593,-80.112235,kept,0,0.62,0.0,0.2,31;G31,former_id
21499,FIFTH AVE OPP LATTERMAN FAMILY HEALTH CENTER,"McKeesport city (Allegheny, PA)",,40.354011,-79.836587,kept,0,0.62,0.6,0.6,56,id
21685,CLIMAX ST AT ESTELLA AVE,"Pittsburgh city (Allegheny, PA)",Beltzhoover,40.41999,-80.000383,kept,0,0.62,0.2,0.2,44,former_id
2203,5TH AVE AT OFFICE BLDG,"Coraopolis borough (Allegheny, PA)",,40.51491,-80.157599,kept,0,0.62,0.2,0.0,21,id
2209,GRAND AVE AT COTTAGE AVE,"Neville township (Allegheny, PA)",,40.51572,-80.144195,kept,0,0.62,0.0,0.0,21,id
2292,CORAOPOLIS RD AT HERBST RD,"Kennedy township (Allegheny, PA)",,40.501031,-80.114745,loses_all_service,794,0.62,0.2,0.4,20,id
250,MCKNIGHT RD AT JOHNANNA DR FS,"Ross township (Allegheny, PA)",,40.54626,-80.01698,kept,0,0.62,0.0,0.0,O12;P13,former_id
2530,MCKINLEY ST AT GROGAN AVE,"Pittsburgh city (Allegheny, PA)",Knoxville,40.409191,-79.993836,loses_all_service,236,0.62,0.0,0.0,54,id
2726,MT TROY RD OPP HOMESTEAD AVE,"Reserve township (Allegheny, PA)",,40.472433,-79.983036,loses_all_service,513,0.62,0.4,0.2,4,id
2845,RHINE ST AT ITIN ST FS,"Pittsburgh city (Allegheny, PA)",Spring Hill-City View,40.462896,-79.991054,kept,0,0.62,0.4,1.8,6,id
2871,SPRING GARDEN AVE AT REPPEL WAY,"Pittsburgh city (Allegheny, PA)",Spring Garden,40.473031,-79.987768,loses_all_service,723,0.62,0.0,0.0,7,id
3422,PARKER ST OPP HILL ST,"Shaler township (Allegheny, PA)",,40.494284,-79.956618,kept,0,0.62,0.2,0.2,2,id
3487,MCCOY RD AT DUNN ST,"Stowe township (Allegheny, PA)",,40.475651,-80.072707,kept,0,0.62,0.2,0.4,22,id
3920,MANSFIELD BLVD AT CHARTIERS AVE FS,"Carnegie borough (Allegheny, PA)",,40.407188,-80.089308,kept_nearby,125,0.62,0.0,0.0,G31,id
4209,W PROSPECT AVE OPP MAINSGATE ST,"Ingram borough (Allegheny, PA)",,40.446228,-80.067964,kept,0,0.62,0.4,0.4,26;27,id
4230,MIDDLETOWN RD AT BERRY ST,"Pittsburgh city (Allegheny, PA)",Windgap,40.448607,-80.063006,kept,0,0.62,0.2,0.2,27,id
4256,STEUBEN ST OPP OBEY ST,"Pittsburgh city (Allegheny, PA)",Crafton Heights,40.442955,-80.052453,kept,0,0.62,0.2,0.4,27;29,id
4265,MIDDLETOWN RD AT MUTUAL ST,"Pittsburgh city (Allegheny, PA)",Sheraden,40.450245,-80.065281,kept,0,0.62,0.6,0.0,27,id
4665,BEVERLY RD AT PARKER DR,"Mount Lebanon township (Allegheny, PA)",,40.392522,-80.047013,kept,0,0.62,0.6,0.6,36,id
5463,NOBLESTOWN RD OPP DENISONVIEW ST,"Pittsburgh city (Allegheny, PA)",Westwood,40.435053,-80.050533,kept,0,0.62,0.0,0.8,31,id
5655,GREENTREE RD AT FOREST DR FS,"Green Tree borough (Allegheny, PA)",,40.405522,-80.054181,kept,0,0.62,0.4,0.0,38,id
5739,GREENTREE RD OPP ORCHARD DR,"Green Tree borough (Allegheny, PA)",,40.412212,-80.045994,kept,0,0.62,0.0,0.0,38,id
6092,PIONEER AVE AT NORTHCREST DR,"Pittsburgh city (Allegheny, PA)",Brookline,40.409412,-80.013843,kept,0,0.62,0.2,0.2,39,id
7590,WM PENN HWY AT HOME DEPOT,"Wilkins township (Allegheny, PA)",,40.430328,-79.80632,kept,0,0.62,0.0,0.4,67;P67,id
7673,BEELER ST OPP UNGER LN FS,"Pittsburgh city (Allegheny, PA)",Squirrel Hill North,40.444956,-79.936356,kept,0,0.62,0.0,0.0,67;69,id
8533,LARIMER AVE AT SHETLAND ST,"Pittsburgh city (Allegheny, PA)",Larimer,40.466259,-79.912113,kept,0,0.62,0.0,0.0,74,id
8581,BIGELOW BLVD AT HARDING WAY,"Pittsburgh city (Allegheny, PA)",Polish Hill,40.456732,-79.963642,kept_nearby,100,0.62,0.2,0.0,77,id
9647,HWY RT 51 AT STEWART AVE,"Pittsburgh city (Allegheny, PA)",Overbrook,40.378742,-79.993248,kept,0,0.62,0.0,0.0,Y46;Y49,id
9810,HWY RT 51 AT GLENBURN DR,"Pleasant Hills borough (Allegheny, PA)",,40.338936,-79.960625,kept,0,0.62,0.0,0.0,Y46,id
1098,LAURELWOOD DR OPP FENWICK DR,"Ross township (Allegheny, PA)",,40.551984,-80.002556,loses_all_service,768,0.57,0.0,0.0,O5,id
12042,BUTTERMILK HOLLOW RD OPP NAUGLE ST,"Pittsburgh city (Allegheny, PA)",Lincoln Place,40.364834,-79.908379,kept,0,0.57,1.2,1.6,53;53L;56,id
12802,PITTSBURGH ST AT JAMES ST,"Springdale borough (Allegheny, PA)",,40.541182,-79.779641,kept,0,0.57,0.4,0.6,1;P10,id
1325,CALIFORNIA AVE AT SCHOOL ST,"Avalon borough (Allegheny, PA)",,40.50097,-80.06713,kept,0,0.57,0.0,0.0,16;19L,id
13523,BEATTY RD AT BRUNNER DR,"Monroeville municipality (Allegheny, PA)",,40.451878,-79.755051,kept,0,0.57,0.0,0.0,77,id
13565,HOLIDAY PARK DR AT HWY RT 286,"Plum borough (Allegheny, PA)",,40.475287,-79.707584,loses_all_service,966,0.57,0.0,0.0,P12,id
1416,CHATEAU ST AT PENNSYLVANIA AVE,"Pittsburgh city (Allegheny, PA)",Manchester,40.453522,-80.028151,kept_nearby,25,0.57,0.4,0.6,14,id
1462,BEAVER ST OPP GRANT ST,"Sewickley borough (Allegheny, PA)",,40.543882,-80.185546,kept,0,0.57,0.0,0.0,14,id
1483,MERCHANT ST AT 3RD ST,"Ambridge borough (Beaver, PA)",,40.581822,-80.223754,kept,0,0.57,0.0,0.4,14,id
1619,BRIGHTON RD AT PENNOCK ST,"Pittsburgh city (Allegheny, PA)",Brighton Heights,40.48733,-80.039015,kept,0,0.57,1.0,0.2,16;17,id
1620,BRIGHTON RD AT PERROTT ST,"Pittsburgh city (Allegheny, PA)",Brighton Heights,40.487591,-80.040459,kept,0,0.57,0.6,0.8,16;17,id
16270,DUQUESNE BLVD AT GRANT AVE,"Duquesne city (Allegheny, PA)",,40.373794,-79.845012,kept_nearby,94,0.57,0.0,0.0,P7,id
1704,BEAVER AVE AT BRANCHPORT ST,"Pittsburgh city (Allegheny, PA)",Chateau,40.459427,-80.031136,kept_nearby,88,0.57,0.0,0.0,18,id
17081,BROADWAY BLVD OPP #1010,"Monroeville municipality (Allegheny, PA)",,40.400799,-79.772972,kept,0,0.57,1.0,0.6,69;P69,id
172,NORTH AVE AT JAMES ST,"Pittsburgh city (Allegheny, PA)",East Allegheny,40.456478,-80.001419,kept,0,0.57,0.6,0.0,12,id
1731,PENNSYLVANIA AVE AT CHATEAU ST,"Pittsburgh city (Allegheny, PA)",Manchester,40.453747,-80.028143,kept,0,0.57,0.0,0.4,17;18,id
1873,SHADELAND AVE AT HARBISON ST FS,"Pittsburgh city (Allegheny, PA)",Brighton Heights,40.47755,-80.03354,kept,0,0.57,0.0,0.0,17,id
1875,SHADELAND AVE AT ETOLA ST FS,"Pittsburgh city (Allegheny, PA)",Brighton Heights,40.479687,-80.034214,kept,0,0.57,0.0,0.0,17,id
19142,UNIVERSAL RD AT DEERFIELD DR,"Penn Hills township (Allegheny, PA)",,40.466939,-79.798844,kept,0,0.57,0.0,0.0,P16,id
19507,PIONEER AVE AT BELLE ISLE AVE FS,"Pittsburgh city (Allegheny, PA)",Brookline,40.399938,-80.020418,kept,0,0.57,0.6,0.8,39,id
19545,BAUSMAN ST AT KNOX AVE,"Pittsburgh city (Allegheny, PA)",Knoxville,40.414403,-79.990176,kept_nearby,11,0.57,0.8,0.6,54,id
19612,SILVER LANE AT FALCK RD FS,"Robinson township (Allegheny, PA)",,40.462752,-80.139462,kept,0,0.57,0.0,0.0,24,id
20042,MT CARMEL RD AT VERONA RD FS,"Penn Hills township (Allegheny, PA)",,40.465865,-79.866131,kept,0,0.57,0.0,0.0,79;P17,id
20381,ALLEGHENY AVE AT REEDSDALE ST FS,"Pittsburgh city (Allegheny, PA)",Chateau,40.447821,-80.017839,kept,0,0.57,0.0,0.0,14;18;54,id
20439,CLEVER RD OPP MONTOUR HIGH SCHOOL,"Robinson township (Allegheny, PA)",,40.468488,-80.123558,kept,0,0.57,0.0,0.0,24,id
20596,MONONGAHELA AVE AT 3RD ST,"Glassport borough (Allegheny, PA)",,40.330873,-79.8926,kept,0,0.57,0.8,1.2,55,id
20623,LEWIS RUN RD OPP MON VALLEY SCHOOL DRVWY,"Pleasant Hills borough (Allegheny, PA)",,40.324285,-79.940108,kept,0,0.57,0.0,0.0,55,id
20649,1ST AVE AT ROSS ST,"Tarentum borough (Allegheny, PA)",,40.599199,-79.756108,kept_nearby,141,0.57,0.0,0.0,P10,id
20825,SUNSET AVE OPP ESSEN ST,"Pittsburgh city (Allegheny, PA)",Spring Hill-City View,40.472945,-80.000504,kept,0,0.57,0.8,1.2,6,id
20877,HAZELWOOD AVE OPP GLADSTONE ST,"Pittsburgh city (Allegheny, PA)",Hazelwood,40.412454,-79.940283,kept,0,0.57,0.2,0.2,93,id
21442,CALIFORNIA AVE AT ST JOHN'S CHURCH,"Pittsburgh city (Allegheny, PA)",Marshall-Shadeland,40.467899,-80.035191,kept,0,0.57,0.2,0.6,13,former_id
21444,CALIFORNIA AVE AT #3228,"Pittsburgh city (Allegheny, PA)",Brighton Heights,40.473871,-80.038507,kept,0,0.57,1.6,0.6,13,former_id
21530,CHURCHVIEW AVE OPP REVO RD,"Baldwin borough (Allegheny, PA)",,40.386149,-79.942889,loses_all_service,871,0.57,0.0,0.0,44,id
21697,CHARLES ST AT GRIMES AVE,"Pittsburgh city (Allegheny, PA)",Knoxville,40.416501,-79.993203,kept,0,0.57,0.4,0.0,44,former_id
22325,SALTSBURG RD AT MILLERS LN,"Plum borough (Allegheny, PA)",,40.475205,-79.773019,loses_all_service,1064,0.57,0.0,0.0,77;P16,former_id
22434,PARK AVE AT MONTIER ST,"Wilkinsburg borough (Allegheny, PA)",,40.444655,-79.874594,kept_nearby,77,0.57,0.0,0.0,79;P17;P78,id
22644,MT TROY RD AT VILLA DR,"Reserve township (Allegheny, PA)",,40.345859,-80.057481,loses_all_service,809,0.57,0.0,0.0,36,id
22692,PERRY HWY OPP TRION RD (PINES PLAZA),"Ross township (Allegheny, PA)",,40.344658,-79.923466,kept,0,0.57,0.0,0.0,55,id
2321,ISLAND AVE AT BRADLEY ST,"McKees Rocks borough (Allegheny, PA)",,40.470432,-80.060348,kept,0,0.57,0.4,0.2,21,id
2514,MCKINLEY ST OPP GROGAN AVE,"Pittsburgh city (Allegheny, PA)",Knoxville,40.409173,-79.993639,loses_all_service,219,0.57,0.0,0.0,54,id
2687,HERRON AVE AT RUTHVEN ST,"Pittsburgh city (Allegheny, PA)",Polish Hill,40.459202,-79.965914,kept,0,0.57,1.0,0.0,54,id
3380,FERGUSON RD AT LINWOOD DR #1,"Hampton township (Allegheny, PA)",,40.558149,-79.984849,loses_all_service,1191,0.57,0.0,0.2,2;P13,id
3752,WINDGAP AVE AT BELHURST AVE,"Pittsburgh city (Allegheny, PA)",Windgap,40.458368,-80.078982,kept,0,0.57,1.2,0.4,27,id
4069,CRENNELL AVE AT LINWOOD AVE,"Crafton borough (Allegheny, PA)",,40.435815,-80.068574,kept,0,0.57,0.0,0.0,29,id
4556,BEVERLY RD AT W MARLIN DR,"Mount Lebanon township (Allegheny, PA)",,40.387756,-80.052225,kept,0,0.57,0.0,0.0,36,id
4670,COCHRAN RD AT MCCULLY RD,"Mount Lebanon township (Allegheny, PA)",,40.38582,-80.054029,kept,0,0.57,0.0,0.0,36;38,id
4875,ARLINGTON AVE OPP FREDERICK ST,"Pittsburgh city (Allegheny, PA)",South Side Slopes,40.417694,-79.982614,kept,0,0.57,0.4,0.8,48,id
5738,GREENTREE RD OPP CARNAHAN RD,"Green Tree borough (Allegheny, PA)",,40.414317,-80.045095,kept,0,0.57,2.2,1.0,38,id
6190,REAMER ST AT #1555,"Pittsburgh city (Allegheny, PA)",Brookline,40.3919,-80.002648,kept,0,0.57,0.0,0.0,39,id
6836,PROVOST RD AT STEWART AVE,"Whitehall borough (Allegheny, PA)",,40.378146,-79.993622,kept,0,0.57,0.8,0.0,Y45;Y47,id
6868,PROVOST RD AT BAPTIST RD,"Whitehall borough (Allegheny, PA)",,40.361173,-79.991077,loses_all_service,246,0.57,0.0,0.0,Y47,id
7188,LINDEN AVE OPP BESSEMER AVE FS,"East Pittsburgh borough (Allegheny, PA)",,40.395126,-79.838135,kept_nearby,65,0.57,0.4,0.0,59;P68,id
7348,BRINTON RD AT WILKINS AVE,"Braddock Hills borough (Allegheny, PA)",,40.422505,-79.864288,kept,0,0.57,0.0,0.4,P68,id
7571,MAIN ST AT FRANKLIN ST,"East Pittsburgh borough (Allegheny, PA)",,40.396734,-79.841356,kept,0,0.57,1.2,1.8,P68,id
8114,BRINTON RD AT COLUMBIA AVE,"Braddock Hills borough (Allegheny, PA)",,40.424634,-79.868618,kept,0,0.57,0.4,0.8,P68,id
8133,JAMES ST AT LOWER BOONE DR,"Turtle Creek borough (Allegheny, PA)",,40.414753,-79.815788,kept,0,0.57,0.4,0.2,P68,id
8218,NEGLEY AVE AT WELLESLEY AVE NS,"Pittsburgh city (Allegheny, PA)",Highland Park,40.474102,-79.925083,kept,0,0.57,0.0,0.0,71A,id
8401,PAULSON AVE AT OLIVANT ST,"Pittsburgh city (Allegheny, PA)",Lincoln-Lemington-Belmar,40.469466,-79.899515,kept,0,0.57,0.0,0.0,74,id
8798,LINCOLN AVE OPP RENFREW ST,"Pittsburgh city (Allegheny, PA)",Larimer,40.462145,-79.906402,kept,0,0.57,0.0,0.2,82;P17,id
9555,PROSPECT RD OPP BAUMAN AVE,"Whitehall borough (Allegheny, PA)",,40.360768,-79.979955,kept,0,0.57,0.6,0.4,Y49,id
1018,CENTER AVE OPP COLUMBIA AVE FS,"West View borough (Allegheny, PA)",,40.520235,-80.042286,kept,0,0.52,1.4,0.2,13,id
10585,VERSAILLES AVE AT EVANS ST,"McKeesport city (Allegheny, PA)",,40.345863,-79.849266,kept,0,0.52,0.0,1.2,60,id
11036,22ND AVE AT MAIN ST,"Munhall borough (Allegheny, PA)",,40.39772,-79.901853,kept,0,0.52,0.2,0.8,53;53L,id
12006,PENNSYLVANIA AVE AT CARNEGIE ST,"West Mifflin borough (Allegheny, PA)",,40.362137,-79.856415,kept,0,0.52,1.2,0.2,59,id
12025,LEBANON CHURCH RD AT CURRY HOLLOW RD,"West Mifflin borough (Allegheny, PA)",,40.350625,-79.924508,kept,0,0.52,0.0,0.0,53;53L;59,id
12028,BUTTERMILK HOLLOW RD AT WALNUT DR,"West Mifflin borough (Allegheny, PA)",,40.356161,-79.911645,kept,0,0.52,0.6,0.2,53;53L;56,id
12044,BUTTERMILK HOLLOW RD OPP PGH-MCKEESPORT BLVD,"West Mifflin borough (Allegheny, PA)",,40.358799,-79.908537,kept,0,0.52,0.2,0.0,53;53L;56,id
13475,9TH AVE AT PROSPECT ST,"Brackenridge borough (Allegheny, PA)",,40.609062,-79.744141,kept,0,0.52,0.0,0.0,P10,id
14187,UNIVERSAL RD AT STOTLER RD,"Penn Hills township (Allegheny, PA)",,40.460789,-79.804611,kept,0,0.52,0.0,0.0,P16,id
14421,HAMILTON AVE OPP ENTERPRISE ST,"Pittsburgh city (Allegheny, PA)",Larimer,40.459316,-79.91462,kept_nearby,110,0.52,0.0,0.0,75;P17,id
15090,LONG RD AT BEULAH RD,"Penn Hills township (Allegheny, PA)",,40.45071,-79.843491,kept,0,0.52,0.0,0.0,P16,id
1546,BRIGHTON RD OPP FARRIS ST STEPS,"Pittsburgh city (Allegheny, PA)",California-Kirkbride,40.462686,-80.020229,kept,0,0.52,1.8,1.2,16,id
16243,PORT PERRY RD AT CLYDE AVE,"North Versailles township (Allegheny, PA)",,40.3859,-79.832527,loses_all_service,372,0.52,1.0,0.4,55,id
17109,WM PENN HWY AT DOLLAR BANK,"Monroeville municipality (Allegheny, PA)",,40.438818,-79.764542,kept,0,0.52,0.0,0.0,67,id
17182,AIRBRAKE AVE OPP #620,"Wilmerding borough (Allegheny, PA)",,40.39632,-79.810545,kept,0,0.52,0.2,0.2,69;P69,id
18421,HWY RT 51 AT MAXWELL DR NS,"Baldwin borough (Allegheny, PA)",,40.349593,-79.975905,kept,0,0.52,0.4,0.6,51;Y46,id
18592,MT CARMEL RD AT DOLLMAN RD,"Penn Hills township (Allegheny, PA)",,40.466401,-79.868685,kept,0,0.52,0.4,0.2,79;P17,id
18611,BEATTY RD AT BEATTY POINTE VILLAGE FS,"Monroeville municipality (Allegheny, PA)",,40.445702,-79.74741,loses_all_service,472,0.52,0.0,0.0,67,id
18816,FOX CHAPEL RD AT S MARGERY DR,"O'Hara township (Allegheny, PA)",,40.489839,-79.882638,kept,0,0.52,0.6,0.6,75,id
19052,LEECHBURG RD AT AUBURN ST FS,"Penn Hills township (Allegheny, PA)",,40.492919,-79.790796,loses_all_service,1129,0.52,0.0,0.0,77;P16,id
19101,FRANKSTOWN RD AT PENN ARBORS DR FS,"Penn Hills township (Allegheny, PA)",,40.464178,-79.839647,kept_nearby,87,0.52,0.6,0.4,77,id
19586,WASHINGTON RD OPP FLORENCE PL,"Mount Lebanon township (Allegheny, PA)",,40.384443,-80.043758,kept,0,0.52,0.8,0.6,38,id
19666,JOSEPHINE ST OPP #3201,"Pittsburgh city (Allegheny, PA)",South Side Slopes,40.420042,-79.964279,kept,0,0.52,0.6,0.0,48,id
20068,UPLAND ST OPP STERRETT ST STEPS NS,"Pittsburgh city (Allegheny, PA)",Homewood North,40.461463,-79.892169,kept,0,0.52,0.0,0.0,74,id
20275,DESIDERIO BLVD OPP JEFFERSON DR,"Clairton city (Allegheny, PA)",,40.288651,-79.891341,kept,0,0.52,0.4,0.2,Y46,id
20708,CYPRESS ST AT OAK ST,"West Mifflin borough (Allegheny, PA)",,40.394136,-79.887588,kept,0,0.52,0.0,0.0,52L,id
20723,BRINTON RD AT #1245,"Forest Hills borough (Allegheny, PA)",,40.422986,-79.866695,kept,0,0.52,0.6,0.2,P68,id
20730,MONONGAHELA AVE AT ARCH ST,"Glassport borough (Allegheny, PA)",,40.337802,-79.889393,kept,0,0.52,0.0,0.4,55,id
20763,PENN AVE AT DALLAS AVE,"Pittsburgh city (Allegheny, PA)",Point Breeze,40.451492,-79.908345,kept,0,0.52,0.2,0.8,71C,id
21097,FORWARD AVE AT BEECHWOOD BLVD,"Pittsburgh city (Allegheny, PA)",Squirrel Hill South,40.427926,-79.916292,kept,0,0.52,0.0,0.0,74,id
21228,CAMP HOLLOW RD AT LEBANON CHURCH RD,"West Mifflin borough (Allegheny, PA)",,40.349689,-79.927005,kept,0,0.52,0.0,0.0,53;53L;55,id
21561,AGNEW RD OPP ACADEMY CHARTER SCHOOL DRVWY,"Baldwin borough (Allegheny, PA)",,40.399361,-79.967839,loses_all_service,1344,0.52,0.0,0.0,44,id
21938,BUTLER ST AT BAKER ST,"Pittsburgh city (Allegheny, PA)",Morningside,40.48802,-79.920619,kept_nearby,74,0.52,0.0,0.0,87,former_id
22003,EAST HILLS DR AT PARK HILL DR,"Pittsburgh city (Allegheny, PA)",East Hills,40.452644,-79.873644,kept,0,0.52,0.6,0.2,79;P17,former_id
22118,BUTLER ST AT #6012,"Pittsburgh city (Allegheny, PA)",Stanton Heights,40.48638,-79.942801,kept,0,0.52,0.2,0.0,87;91,former_id
22673,MERCHANT ST AT 6TH ST,"Ambridge borough (Beaver, PA)",,40.381631,-79.828263,kept,0,0.52,0.0,0.2,55,id
22685,PERRY HWY AT CCAC NORTH,"McCandless township (Allegheny, PA)",,40.47904,-80.103662,loses_all_service,634,0.52,0.0,0.0,20,id
2711,MT TROY RD OPP HOFFMAN RD,"Reserve township (Allegheny, PA)",,40.490721,-79.992101,loses_all_service,1303,0.52,0.2,0.0,4,id
2749,TROY HILL RD AT #1034,"Pittsburgh city (Allegheny, PA)",East Allegheny,40.456259,-79.992296,kept,0,0.52,0.0,0.0,4,id
2753,TROY HILL RD AT #1034,"Pittsburgh city (Allegheny, PA)",Troy Hill,40.456318,-79.991996,kept,0,0.52,0.0,0.0,4,id
2762,LEY ST OPP COWLEY ST,"Pittsburgh city (Allegheny, PA)",Troy Hill,40.465614,-79.981896,kept_nearby,90,0.52,0.6,0.4,4,id
2872,SPRING GARDEN AVE OPP MAUCH ST,"Pittsburgh city (Allegheny, PA)",Spring Garden,40.471672,-79.98658,loses_all_service,597,0.52,0.0,0.0,7,id
291,BROWNS LN AT CORBETT CT,"Ross township (Allegheny, PA)",,40.54572,-80.020017,kept,0,0.52,0.2,0.0,12;2,id
3690,BROADWAY ST AT PINE HOLLOW RD,"Stowe township (Allegheny, PA)",,40.475651,-80.083726,kept,0,0.52,2.0,0.4,24,id
411,PEEBLES RD OPP PARKWAY RD,"McCandless township (Allegheny, PA)",,40.564091,-80.009728,loses_all_service,687,0.52,0.0,0.0,2;O5;P13,id
4673,COCHRAN RD AT CEDAR BLVD,"Mount Lebanon township (Allegheny, PA)",,40.380579,-80.052642,kept,0,0.52,0.0,0.2,36,id
4888,WARRINGTON AVE AT ESTELLA AVE,"Pittsburgh city (Allegheny, PA)",Beltzhoover,40.421067,-80.000455,kept,0,0.52,0.4,0.2,44;48;54,id
5034,STEUBEN ST AT UNION AVE,"Crafton borough (Allegheny, PA)",,40.438953,-80.062519,kept,0,0.52,0.6,1.0,29,id
5401,WASHINGTON PIKE OPP #1375,"Collier township (Allegheny, PA)",,40.379403,-80.0959,kept,0,0.52,0.0,0.2,31;38;G31,id
6276,BOWER HILL RD AT CLEMSON DR,"Mount Lebanon township (Allegheny, PA)",,40.37244,-80.076477,kept,0,0.52,0.2,0.0,41,id
6736,BOGGS AVE AT ST JUSTIN'S PLAZA,"Pittsburgh city (Allegheny, PA)",Mount Washington,40.426699,-80.006925,loses_all_service,174,0.52,0.6,1.2,43,id
6748,SOUTHERN AVE AT WHITWORTH ST,"Pittsburgh city (Allegheny, PA)",Mount Washington,40.425932,-80.009239,kept,0,0.52,0.2,0.0,40,id
6787,VIRGINIA AVE AT BERTHA ST,"Pittsburgh city (Allegheny, PA)",Mount Washington,40.431473,-80.012191,kept,0,0.52,0.0,0.0,40,id
6853,SOUTH BUSWAY AT INGLEWOOD SHELTER,"Pittsburgh city (Allegheny, PA)",Overbrook,40.387674,-79.997204,kept,0,0.52,0.6,0.2,Y1;Y45;Y46;Y47;Y49,id
7007,GEARING AVE AT LAFFERTY AVE,"Pittsburgh city (Allegheny, PA)",Beltzhoover,40.418334,-80.005373,kept,0,0.52,0.8,0.4,44,id
7173,HAWKINS AVE AT MIDDLE ST,"North Braddock borough (Allegheny, PA)",,40.405536,-79.861839,kept,0,0.52,1.4,0.2,61A,id
7252,MILLER AVE AT GAS ST,"Rankin borough (Allegheny, PA)",,40.416013,-79.885384,kept,0,0.52,1.4,1.0,59;61B;71;P71,id
7315,MCCLURE AVE AT NEVADA ST,"Swissvale borough (Allegheny, PA)",,40.420573,-79.896484,kept,0,0.52,0.0,0.0,71;P71,id
7335,SAVANNAH AVE AT BIDDLE AVE,"Wilkinsburg borough (Allegheny, PA)",,40.437467,-79.894371,loses_all_service,183,0.52,0.0,0.0,71;P71,id
7612,LAKETON RD AT #1753,"Wilkinsburg borough (Allegheny, PA)",,40.449168,-79.865981,kept,0,0.52,0.0,0.0,P78,id
7644,WILKINS AVE AT WOODLAND RD,"Pittsburgh city (Allegheny, PA)",Squirrel Hill North,40.443936,-79.922085,kept,0,0.52,0.2,0.0,67;69;74,id
7682,WILKINS AVE OPP WOODLAND RD,"Pittsburgh city (Allegheny, PA)",Squirrel Hill North,40.443894,-79.922165,kept,0,0.52,0.2,0.2,67;69;74,id
7686,WILKINS AVE AT #6640,"Pittsburgh city (Allegheny, PA)",Squirrel Hill North,40.446049,-79.914475,kept,0,0.52,0.4,0.2,67;69;74,id
7751,PITCAIRN-TRAFFORD RD AT CLARK ST,"Monroeville municipality (Allegheny, PA)",,40.395159,-79.767222,kept,0,0.52,0.0,0.4,69;P69,id
7831,AIRBRAKE AVE OPP 7TH ST,"Turtle Creek borough (Allegheny, PA)",,40.401695,-79.819527,kept,0,0.52,0.6,0.0,69;P69,id
8039,BEACON ST AT #5414,"Pittsburgh city (Allegheny, PA)",Squirrel Hill South,40.433452,-79.932488,kept,0,0.52,0.0,0.2,65;93,id
8076,JAMES ST OPP OHIO ST,"Monroeville municipality (Allegheny, PA)",,40.419145,-79.811293,kept,0,0.52,0.0,0.0,P68,id
8137,JAMES ST OPP BUENA VISTA RD,"Monroeville municipality (Allegheny, PA)",,40.420078,-79.808367,kept,0,0.52,0.0,0.6,P68,id
8140,JAMES ST AT SPEELMAN LN,"Monroeville municipality (Allegheny, PA)",,40.421176,-79.799956,kept,0,0.52,0.2,0.6,P68,id
8396,LARIMER AVE AT APPLE ST,"Pittsburgh city (Allegheny, PA)",Lincoln-Lemington-Belmar,40.46844,-79.906534,kept,0,0.52,0.6,0.2,74,id
8471,HOMEWOOD AVE AT ROYCREST PL,"Pittsburgh city (Allegheny, PA)",Point Breeze,40.448219,-79.902048,kept_nearby,118,0.52,0.0,0.0,74,id
879,PERRYSVILLE AVE OPP O'HERN ST,"Pittsburgh city (Allegheny, PA)",Perry South,40.460411,-80.01326,kept,0,0.52,0.0,0.0,8,id
8822,MT CARMEL RD AT ELK RD,"Penn Hills township (Allegheny, PA)",,40.467613,-79.882962,kept,0,0.52,0.2,0.0,79;P17,id
8825,MT CARMEL RD OPP FAYBERN DR,"Penn Hills township (Allegheny, PA)",,40.466287,-79.874812,loses_all_service,166,0.52,0.6,0.0,79;P17,id
9103,FRANKSTOWN RD AT #8877,"Penn Hills township (Allegheny, PA)",,40.460927,-79.872337,kept,0,0.52,1.2,0.0,77,id
99981,BEAGLE,"Bethel Park municipality (Allegheny, PA)",,40.300507,-80.031418,kept,0,0.52,0.6,0.6,SLVR,id
11013,LEBANON CHURCH RD AT WILSON ST,"West Mifflin borough (Allegheny, PA)",,40.35237,-79.906947,kept,0,0.48,0.2,0.2,56;59,id
11044,MAIN ST AT MILLER AVE,"Munhall borough (Allegheny, PA)",,40.387359,-79.902317,kept,0,0.48,0.2,0.2,53;53L,id
1121,THOMPSON RUN RD OPP WOODBRIDGE DR,"Ross township (Allegheny, PA)",,40.518541,-79.992734,loses_all_service,833,0.48,0.0,0.0,O5,id
11925,MAPLE ST OPP KENNETT ST,"West Mifflin borough (Allegheny, PA)",,40.395907,-79.882019,kept,0,0.48,0.2,0.0,59,id
12815,FREEPORT RD OPP 3RD ST,"East Deer township (Allegheny, PA)",,40.576934,-79.778255,kept,0,0.48,0.6,0.2,1;P10,id
12818,FREEPORT RD OPP CRAWFORD RUN,"East Deer township (Allegheny, PA)",,40.582387,-79.778334,kept,0,0.48,0.6,0.2,1;P10,id
1290,CENTER AVE AT PRINCETON AVE,"West View borough (Allegheny, PA)",,40.51828,-80.044129,kept,0,0.48,0.0,0.0,13,id
1357,BEAVER ST AT GRANT ST,"Sewickley borough (Allegheny, PA)",,40.543776,-80.185508,kept,0,0.48,0.0,0.0,14,id
13585,WM PENN HWY AT NOTTINGHAM DR,"Churchill borough (Allegheny, PA)",,40.438214,-79.830701,kept,0,0.48,0.4,0.0,67;P67,id
15746,COCHRAN RD AT ROBINWOOD DR,"Mount Lebanon township (Allegheny, PA)",,40.390833,-80.059083,loses_all_service,546,0.48,0.2,0.0,38,id
1578,CHURCH AVE AT DICKSON AVE,"Ben Avon borough (Allegheny, PA)",,40.507545,-80.081372,kept_nearby,123,0.48,0.0,0.0,19L,id
16652,CLEVER RD OPP PITCHFORK LN,"Kennedy township (Allegheny, PA)",,40.464995,-80.109499,kept,0,0.48,0.4,0.0,24,id
17264,SIDNEY ST AT S 27TH ST,"Pittsburgh city (Allegheny, PA)",South Side Flats,40.427862,-79.966481,kept,0,0.48,0.4,0.0,75,id
17666,ELIZA ST AT DIVISION ST,"West Mifflin borough (Allegheny, PA)",,40.394594,-79.879598,kept,0,0.48,0.0,1.0,59,id
1813,N CHARLES ST AT KENN AVE,"Pittsburgh city (Allegheny, PA)",Perry South,40.467922,-80.015746,loses_all_service,167,0.48,0.2,0.0,15,id
1817,N CHARLES ST OPP SHELTON AVE,"Pittsburgh city (Allegheny, PA)",Perry South,40.470452,-80.011328,kept_nearby,18,0.48,0.6,0.4,15,id
18184,WALNUT ST AT CENTER ST FS,"Versailles borough (Allegheny, PA)",,40.315837,-79.831857,kept_nearby,20,0.48,0.2,0.0,60,id
18583,WILNER DR AT ROBINSON BLVD FS,"Pittsburgh city (Allegheny, PA)",East Hills,40.45291,-79.866757,kept,0,0.48,0.0,0.2,79;P17,id
18586,MT CARMEL RD OPP DOLLMAN RD,"Penn Hills township (Allegheny, PA)",,40.466373,-79.868518,kept,0,0.48,0.0,0.0,79;P17,id
18997,COMMERCIAL ST AT HOMESTEAD ST,"Pittsburgh city (Allegheny, PA)",Swisshelm Park,40.420834,-79.899449,kept,0,0.48,0.0,0.0,71;P71,id
19433,COAL HOLLOW RD AT OLD COAL HOLLOW RD #2,"Penn Hills township (Allegheny, PA)",,40.462075,-79.842542,kept,0,0.48,0.0,0.0,P78,id
19456,SCHENLEY AVE AT FERN CIR,"Pittsburgh city (Allegheny, PA)",Garfield,40.472249,-79.937594,kept,0,0.48,0.0,0.8,89,id
19653,BELTZHOOVER AVE AT EUREKA ST,"Pittsburgh city (Allegheny, PA)",Allentown,40.423641,-79.997427,loses_all_service,215,0.48,0.4,0.4,43,id
19788,FRANKSTOWN RD OPP HIGHPOINT DR,"Penn Hills township (Allegheny, PA)",,40.467406,-79.83479,kept_nearby,10,0.48,0.0,0.8,77,id
20297,BLOSSOM RD AT LAUREL DR FS,"Baldwin borough (Allegheny, PA)",,40.343614,-79.994437,loses_all_service,753,0.48,0.0,0.0,Y45,id
20552,MONONGAHELA AVE AT 3RD ST,"Glassport borough (Allegheny, PA)",,40.330718,-79.892494,kept,0,0.48,0.2,0.8,55,id
20628,LEWIS RUN RD AT HWY 51 NS,"Pleasant Hills borough (Allegheny, PA)",,40.321596,-79.941675,kept,0,0.48,0.6,0.4,55,id
21224,OLD ELIZABETH RD AT BLUEMONT DR,"West Mifflin borough (Allegheny, PA)",,40.347339,-79.937065,kept,0,0.48,0.0,0.2,53;53L;55,id
21231,LEBANON SCHOOL RD OPP OLD ELIZABETH RD,"West Mifflin borough (Allegheny, PA)",,40.348168,-79.929074,kept,0,0.48,0.0,0.2,53;53L;55,id
21241,GREENSBURG PIKE AT CENTRAL AVE FS,"North Versailles township (Allegheny, PA)",,40.392787,-79.81917,kept,0,0.48,1.4,0.0,59,id
21316,PERRYSVILLE AVE OPP CONNIE DR,"Pittsburgh city (Allegheny, PA)",Perry North,40.496286,-80.019926,kept,0,0.48,0.6,0.8,8,former_id
21341,W 7TH AVE AT WESTERN ST,"Tarentum borough (Allegheny, PA)",,40.599167,-79.762691,kept,0,0.48,0.2,0.0,1;P10,former_id
21529,CHURCHVIEW GARDEN APTS DRVWY AT CHURCHVIEW AVE,"Baldwin borough (Allegheny, PA)",,40.385643,-79.940525,loses_all_service,682,0.48,0.0,0.0,44,id
21953,STANTON AVE OPP MCCABE ST,"Pittsburgh city (Allegheny, PA)",Stanton Heights,40.481379,-79.937685,kept,0,0.48,0.4,0.4,87,former_id
2360,4TH AVE OPP ARCH ST,"Coraopolis borough (Allegheny, PA)",,40.515564,-80.156059,kept,0,0.48,0.0,0.0,21,id
2764,RIALTO ST OPP WICKLINES LN,"Pittsburgh city (Allegheny, PA)",Troy Hill,40.467267,-79.982885,loses_all_service,206,0.48,0.0,0.2,4,id
2842,ITIN ST AT HIGH ST,"Pittsburgh city (Allegheny, PA)",East Allegheny,40.459767,-79.994776,kept,0,0.48,0.4,1.0,6,id
2856,SUNSET AVE AT NORRIS ST,"Pittsburgh city (Allegheny, PA)",Spring Hill-City View,40.471276,-80.000748,kept,0,0.48,0.0,0.4,6,id
3278,HIGHLAND AVE OPP BRYANT CT,"Pittsburgh city (Allegheny, PA)",Highland Park,40.474412,-79.91879,kept,0,0.48,0.0,0.0,71B,id
3333,MT ROYAL BLVD OPP GRANDVIEW AVE,"Shaler township (Allegheny, PA)",,40.550249,-79.971527,kept,0,0.48,0.0,0.0,2;P13,id
3500,MCCOY RD AT #1044,"Kennedy township (Allegheny, PA)",,40.476684,-80.096848,kept,0,0.48,0.4,0.0,22,id
400,NORTHGATE DR AT SAMPLE RD,"McCandless township (Allegheny, PA)",,40.574761,-79.990631,loses_all_service,1970,0.48,0.0,0.0,O5,id
403,SAMPLE RD AT COLLINGTON SQ,"McCandless township (Allegheny, PA)",,40.572079,-79.998062,loses_all_service,1321,0.48,0.0,0.0,O5,id
4139,CHARTIERS AVE AT CORLISS ST,"Pittsburgh city (Allegheny, PA)",Crafton Heights,40.450326,-80.045099,kept,0,0.48,0.2,0.0,26,id
4259,MIDDLETOWN RD OPP STRATMORE ST,"Pittsburgh city (Allegheny, PA)",Crafton Heights,40.44467,-80.05853,kept,0,0.48,0.0,0.8,27,id
4757,BOWER HILL RD AT RUTH DR,"Mount Lebanon township (Allegheny, PA)",,40.380664,-80.061377,kept,0,0.48,0.0,0.0,41,id
5027,STEUBENVILLE PIKE AT SUNSET DR,"Robinson township (Allegheny, PA)",,40.450834,-80.138541,kept,0,0.48,0.0,0.0,24;29,id
5109,STEUBENVILLE PIKE OPP PAUL LN,"Robinson township (Allegheny, PA)",,40.445826,-80.143963,kept,0,0.48,0.4,0.8,24;29,id
5132,BLVD OF ALLIES AT MILTENBERGER ST,"Pittsburgh city (Allegheny, PA)",Bluff,40.435858,-79.98143,kept,0,0.48,0.0,0.0,65;67;69,id
5408,NOBLESTOWN RD OPP DUNCAN WAY,"Scott township (Allegheny, PA)",,40.413198,-80.076089,kept,0,0.48,0.6,0.8,31,id
5800,LINDSAY RD OPP WYNNECLIFF DR #1,"Scott township (Allegheny, PA)",,40.383671,-80.080521,loses_all_service,433,0.48,0.4,0.0,38,id
5884,SWALLOW HILL RD OPP THE BOURSE,"Scott township (Allegheny, PA)",,40.38925,-80.074122,loses_all_service,361,0.48,0.6,0.0,38,id
5932,OXFORD DR OPP VILLAGE SQUARE UPPER ENTRANCE,"Bethel Park municipality (Allegheny, PA)",,40.347887,-80.049638,loses_all_service,474,0.48,0.0,0.2,36,id
6442,BOWER HILL RD AT UNION ST,"Bridgeville borough (Allegheny, PA)",,40.362213,-80.097662,loses_all_service,812,0.48,0.0,0.2,41,id
6750,SOUTHERN AVE OPP COWAN ST,"Pittsburgh city (Allegheny, PA)",Mount Washington,40.427578,-80.00888,kept,0,0.48,0.0,0.0,40,id
7253,MILLER AVE AT HARRIET ST,"Rankin borough (Allegheny, PA)",,40.415509,-79.883181,kept,0,0.48,1.0,0.2,59;61B;71;P71,id
7285,SOUTH AVE AT MILL ST,"Wilkinsburg borough (Allegheny, PA)",,40.44075,-79.881726,kept,0,0.48,0.2,0.0,P68,id
7287,SOUTH AVE AT SWISSVALE AVE,"Wilkinsburg borough (Allegheny, PA)",,40.43985,-79.879028,kept,0,0.48,0.2,1.2,P68,id
7305,SCHOYER AVE AT MONROE ST,"Swissvale borough (Allegheny, PA)",,40.423157,-79.892755,kept_nearby,127,0.48,0.0,0.0,71;P71,id
7374,EDGEWOOD TOWNE CENTRE AT TOWNE CENTRE OFFICES,"Swissvale borough (Allegheny, PA)",,40.424797,-79.887434,kept,0,0.48,0.0,0.0,71;P71,id
8005,BEECHWOOD BLVD AT FORWARD AVE,"Pittsburgh city (Allegheny, PA)",Squirrel Hill South,40.42804,-79.916127,kept_nearby,19,0.48,0.0,0.0,65,id
8115,BRINTON RD OPP FAIRFAX RD,"Braddock Hills borough (Allegheny, PA)",,40.421522,-79.861324,kept,0,0.48,0.0,0.2,P68,id
8660,BENTLEY DR AT KIRKPATRICK ST FS,"Pittsburgh city (Allegheny, PA)",Terrace Village,40.440608,-79.974592,kept,0,0.48,0.2,0.6,81,id
8827,CALMAR DR AT #220,"Penn Hills township (Allegheny, PA)",,40.468574,-79.873797,kept,0,0.48,0.0,0.6,79;P17,id
9675,BROWNSVILLE RD AT STREETS RUN RD FS,"Whitehall borough (Allegheny, PA)",,40.347167,-79.986265,kept,0,0.48,0.0,0.0,Y47,id
983,HENDERSON ST AT FOUNTAIN ST,"Pittsburgh city (Allegheny, PA)",Central Northside,40.459033,-80.006879,kept,0,0.48,0.0,0.0,11,id
11040,MAIN ST AT W JAMES ST,"Munhall borough (Allegheny, PA)",,40.39166,-79.90049,kept,0,0.43,0.4,0.0,53;53L,id
11199,WORTHINGTON AVE AT 11TH ST FS,"Clairton city (Allegheny, PA)",,40.29236,-79.895955,kept,0,0.43,0.0,0.0,Y46,id
11769,MELLON ST OPP HIGHLAND AVE,"West Mifflin borough (Allegheny, PA)",,40.363036,-79.858884,kept,0,0.43,1.0,0.0,52L;59,id
12046,BUTTERMILK HOLLOW RD OPP WALNUT DR,"West Mifflin borough (Allegheny, PA)",,40.356331,-79.911554,kept,0,0.43,0.0,0.4,53;53L;56,id
12820,FREEPORT RD OPP BARTSCH ST,"East Deer township (Allegheny, PA)",,40.585537,-79.777013,kept,0,0.43,0.2,2.0,1;P10,id
1306,CORNELL AVE AT OAKRIDGE RD,"Ross township (Allegheny, PA)",,40.510788,-80.045582,kept,0,0.43,0.0,0.0,13,id
1385,OHIO RIVER BLVD OPP HARRISON AVE,"Avalon borough (Allegheny, PA)",,40.500448,-80.073567,kept,0,0.43,0.0,0.0,14,id
1435,OHIO RIVER BLVD AT BRIGHTON RD,"Ben Avon borough (Allegheny, PA)",,40.504964,-80.084785,kept,0,0.43,0.0,0.0,14,id
14513,FRANKSTOWN RD AT RITZLAND RD,"Penn Hills township (Allegheny, PA)",,40.462399,-79.840782,kept_nearby,29,0.43,0.4,0.0,77,id
14516,FRANKSTOWN RD OPP ERHARDT DR,"Penn Hills township (Allegheny, PA)",,40.465717,-79.838753,kept_nearby,25,0.43,0.2,0.0,77,id
1487,MERCHANT ST AT #826,"Ambridge borough (Beaver, PA)",,40.589468,-80.229295,kept,0,0.43,0.2,0.0,14,id
14950,LONG RD AT ROSEWOOD DR,"Penn Hills township (Allegheny, PA)",,40.454351,-79.83749,kept,0,0.43,0.0,0.0,P16,id
18434,HWY RT 51 AT OLD CLAIRTON RD FS (LARGE),"Jefferson Hills borough (Allegheny, PA)",,40.2944,-79.917992,kept,0,0.43,0.2,0.2,Y46,id
18708,AMITY DR AT THOMPSON RUN RD FS,"Ross township (Allegheny, PA)",,40.55007,-79.997515,loses_all_service,883,0.43,0.0,0.0,O5,id
18963,HAZELWOOD AVE AT #771,"Pittsburgh city (Allegheny, PA)",Greenfield,40.419882,-79.930425,kept,0,0.43,0.0,0.0,58;93,id
19011,NEGLEY AVE AT JACKSON ST NS,"Pittsburgh city (Allegheny, PA)",Highland Park,40.472401,-79.925819,kept,0,0.43,0.0,0.0,71A,id
19493,BRYN MAWR RD AT ANDOVER TERR,"Pittsburgh city (Allegheny, PA)",Upper Hill,40.450205,-79.957035,kept,0,0.43,0.4,0.0,83,id
19635,CRENNELL AVE AT W CRAFTON AVE,"Crafton borough (Allegheny, PA)",,40.43672,-80.069089,kept,0,0.43,0.0,0.0,29,id
19705,CHARTIERS AVE AT NITTANY ST FS,"Pittsburgh city (Allegheny, PA)",Crafton Heights,40.447221,-80.044183,kept,0,0.43,0.4,0.2,26,id
19707,FOSTER AVE AT WILLOW AVE (OPP PLAYGROUND),"Ingram borough (Allegheny, PA)",,40.441838,-80.068282,kept,0,0.43,0.6,0.8,26;27,id
19792,FRANKSTOWN RD AT CRESTVIEW DR,"Penn Hills township (Allegheny, PA)",,40.479868,-79.822493,kept,0,0.43,0.4,0.2,77;P16,id
20065,OBERLIN ST AT OAKDENE ST FS,"Pittsburgh city (Allegheny, PA)",Lincoln-Lemington-Belmar,40.46632,-79.89011,kept,0,0.43,0.2,0.0,74,id
20663,LEWIS RUN RD AT NORTH AVE,"West Mifflin borough (Allegheny, PA)",,40.331672,-79.936237,kept,0,0.43,0.2,0.6,55,id
20814,GREENTREE RD AT VIRGINIA MANOR SC DRIVEWAY,"Mount Lebanon township (Allegheny, PA)",,40.392205,-80.067613,kept,0,0.43,1.0,0.4,38,id
20846,LINCOLN HWY AT 5TH AVE EXT NS,"East McKeesport borough (Allegheny, PA)",,40.381206,-79.812249,kept_nearby,45,0.43,0.0,0.0,P76,id
20903,UNIVERSAL RD AT SALTSBURG RD FS,"Penn Hills township (Allegheny, PA)",,40.476891,-79.785674,kept,0,0.43,0.0,0.0,P16,id
21078,STEUBENVILLE PIKE AT E WINDHAVEN RD FS,"Robinson township (Allegheny, PA)",,40.444352,-80.099004,kept,0,0.43,1.2,0.0,29,former_id
21356,PEEBLES RD AT REMINGTON DR,"McCandless township (Allegheny, PA)",,40.561158,-80.013202,loses_all_service,661,0.43,0.0,0.0,2;P13,former_id
21546,CUSTER AVE AT MARY ST,"Baldwin borough (Allegheny, PA)",,40.393603,-79.97275,loses_all_service,1008,0.43,0.0,0.0,44,id
21554,AGNEW RD OPP JOSEPH ST,"Baldwin borough (Allegheny, PA)",,40.396331,-79.971483,loses_all_service,1296,0.43,0.0,0.0,44,id
21572,SPENCER AVE OPP BEAU ST,"Pittsburgh city (Allegheny, PA)",Carrick,40.387752,-79.976442,loses_all_service,294,0.43,0.0,0.0,44,id
21575,CHURCHVIEW AVE AT WILLETT RD,"Brentwood borough (Allegheny, PA)",,40.385616,-79.971512,loses_all_service,538,0.43,0.0,0.0,44,id
21583,CHURCHVIEW AVE AT REVO RD,"Baldwin borough (Allegheny, PA)",,40.386102,-79.943032,loses_all_service,883,0.43,0.0,0.0,44,id
22264,GRAND AVE AT FRONTIER STEEL,"Neville township (Allegheny, PA)",,40.509504,-80.12227,kept,0,0.43,0.0,0.0,21,id
2335,ISLAND AVE AT GLENN WAY,"Stowe township (Allegheny, PA)",,40.48895,-80.079287,kept_nearby,17,0.43,0.2,0.4,21,id
2356,GRAND AVE AT MAPLE LN,"Neville township (Allegheny, PA)",,40.516529,-80.146301,kept,0,0.43,0.2,0.4,21,id
2401,CORAOPOLIS RD OPP HERBST RD,"Kennedy township (Allegheny, PA)",,40.501065,-80.114653,loses_all_service,788,0.43,0.6,1.8,20,id
2446,MT ROYAL BLVD AT SHAW PL,"Shaler township (Allegheny, PA)",,40.529433,-79.965556,kept,0,0.43,0.2,0.0,2;P13,id
2860,RAMAGE RD AT CHARLEMMA DR,"Reserve township (Allegheny, PA)",,40.49013,-80.003189,loses_all_service,615,0.43,0.0,0.0,7,id
292,CORBETT CT OPP TOWNE TOWERS NORTH,"Ross township (Allegheny, PA)",,40.546592,-80.020111,kept,0,0.43,0.6,0.0,12;2,id
3180,FREEPORT RD OPP #2238,"Harmar township (Allegheny, PA)",,40.526393,-79.851014,kept,0,0.43,0.4,0.8,1,id
3219,BUTLER ST AT GALLATIN ST,"Pittsburgh city (Allegheny, PA)",Morningside,40.488174,-79.921669,kept_nearby,79,0.43,0.0,0.0,87,id
3336,MT ROYAL BLVD AT BRIDLE RD,"Shaler township (Allegheny, PA)",,40.545101,-79.97242,kept,0,0.43,0.0,0.2,2;P13,id
3431,CORAOPOLIS RD AT PORTER HOLLOW RD,"Kennedy township (Allegheny, PA)",,40.48619,-80.106471,loses_all_service,1336,0.43,0.8,0.0,20,id
3436,CORAOPOLIS RD AT HWY RT 51,"Kennedy township (Allegheny, PA)",,40.491904,-80.111687,loses_all_service,1441,0.43,0.0,0.0,20,id
3503,FOREST GROVE RD AT #1764 (PLAZA),"Kennedy township (Allegheny, PA)",,40.476234,-80.100788,loses_all_service,337,0.43,0.4,0.0,20,id
407,PEEBLES RD AT LOCUST ST,"McCandless township (Allegheny, PA)",,40.569645,-80.003876,loses_all_service,877,0.43,0.0,0.0,O5,id
4268,MIDDLETOWN RD AT LADOGA ST,"Pittsburgh city (Allegheny, PA)",Sheraden,40.451575,-80.069282,kept_nearby,18,0.43,0.8,0.4,27,id
4669,BEVERLY RD AT COCHRAN RD,"Mount Lebanon township (Allegheny, PA)",,40.387307,-80.054605,kept,0,0.43,0.0,0.2,36,id
4748,BOWER HILL RD AT SALEM DR,"Mount Lebanon township (Allegheny, PA)",,40.381424,-80.059059,kept,0,0.43,0.0,0.4,41,id
5090,STEUBEN ST OPP CUMBERLAND ST,"Ingram borough (Allegheny, PA)",,40.442071,-80.060755,kept,0,0.43,1.0,0.4,29,id
5465,NOBLESTOWN RD AT #2094,"Pittsburgh city (Allegheny, PA)",Westwood,40.432745,-80.051798,kept,0,0.43,0.0,0.0,31,id
5528,NOBLESTOWN RD AT MORANGE RD,"Pittsburgh city (Allegheny, PA)",Oakwood,40.42084,-80.066969,kept,0,0.43,0.0,0.0,31,id
5656,GREENTREE RD AT BANBURY LN,"Green Tree borough (Allegheny, PA)",,40.406342,-80.053023,kept,0,0.43,0.0,0.0,38,id
5742,GREENTREE RD OPP POTOMAC AVE,"Green Tree borough (Allegheny, PA)",,40.40862,-80.049956,kept,0,0.43,1.8,0.0,38,id
5807,LINDSAY RD AT CHERRY TREE DR,"Scott township (Allegheny, PA)",,40.385494,-80.074008,loses_all_service,719,0.43,0.6,0.0,38,id
6400,SOUTH BUSWAY AT DAWN AVE SHELTER,"Pittsburgh city (Allegheny, PA)",Beechview,40.413133,-80.010907,kept,0,0.43,0.0,0.2,41,id
65,SARAH,"Bethel Park municipality (Allegheny, PA)",,40.31563,-80.029968,kept,0,0.43,0.2,0.0,SLVR,former_id
6579,CEDAR BLVD AT BEADLING RD,"Mount Lebanon township (Allegheny, PA)",,40.366372,-80.061188,loses_all_service,1228,0.43,0.4,0.6,36,id
7027,ARLINGTON AVE AT #916,"Pittsburgh city (Allegheny, PA)",Allentown,40.424948,-79.990318,kept,0,0.43,0.0,0.6,43,id
7153,EDGEWOOD AVE OPP DELAWARE AVE,"Edgewood borough (Allegheny, PA)",,40.425625,-79.885681,kept,0,0.43,0.4,0.6,61A;P7,id
7351,ARDMORE BLVD AT 2 PARKWAY CENTER EAST,"Forest Hills borough (Allegheny, PA)",,40.421055,-79.852425,kept,0,0.43,0.0,0.0,69;P69;P76,id
7560,JONES AVE AT ZUERNER WAY,"North Braddock borough (Allegheny, PA)",,40.406036,-79.858462,kept,0,0.43,0.6,0.2,59,id
7602,LAKETON RD OPP CHURCHILL AVE,"Penn Hills township (Allegheny, PA)",,40.457737,-79.850183,kept,0,0.43,0.0,0.0,P78,id
7716,MONTIER ST AT HERR ST,"Wilkinsburg borough (Allegheny, PA)",,40.447187,-79.869739,kept,0,0.43,0.4,0.4,79;P17;P78,id
7997,DARLINGTON RD AT BEACON ST,"Pittsburgh city (Allegheny, PA)",Squirrel Hill South,40.436193,-79.913774,loses_all_service,206,0.43,0.0,0.0,65,id
8054,BRINTON RD OPP MCKELVEY RD,"Forest Hills borough (Allegheny, PA)",,40.42544,-79.869124,kept,0,0.43,0.2,0.0,P68,id
8125,MAPLE AVE OPP #843,"Turtle Creek borough (Allegheny, PA)",,40.407482,-79.822938,kept,0,0.43,0.8,0.4,P68,id
8367,MURRAY AVE AT AYLESBORO AVE,"Pittsburgh city (Allegheny, PA)",Squirrel Hill North,40.439579,-79.923007,loses_all_service,171,0.43,0.0,0.0,74,id
8368,MURRAY AVE AT NORTHUMBERLAND ST,"Pittsburgh city (Allegheny, PA)",Squirrel Hill North,40.441325,-79.923307,loses_all_service,290,0.43,0.0,0.0,74,id
8418,WILTSIE ST OPP #6903,"Pittsburgh city (Allegheny, PA)",Lincoln-Lemington-Belmar,40.473733,-79.897653,loses_all_service,414,0.43,0.2,0.2,74,id
8442,LEMINGTON AVE AT #7249,"Pittsburgh city (Allegheny, PA)",Lincoln-Lemington-Belmar,40.467089,-79.89171,kept,0,0.43,1.2,0.6,74,id
8642,WADSWORTH ST AT ROBINSON ST,"Pittsburgh city (Allegheny, PA)",West Oakland,40.443291,-79.966172,kept,0,0.43,0.0,0.0,81,id
9130,FRANKSTOWN AVE AT PUTNAM ST,"Pittsburgh city (Allegheny, PA)",Larimer,40.459953,-79.912514,kept,0,0.43,0.0,0.2,77;86,id
9353,JANCEY ST AT #1842,"Pittsburgh city (Allegheny, PA)",Morningside,40.4871,-79.925194,kept,0,0.43,0.0,0.2,75;87,id
9355,BAKER ST OPP GALLATIN ST,"Pittsburgh city (Allegheny, PA)",Morningside,40.487457,-79.921928,kept,0,0.43,0.4,1.0,75;87,id
9431,PROSPECT RD AT BAUMAN AVE,"Whitehall borough (Allegheny, PA)",,40.360803,-79.980008,kept,0,0.43,0.0,0.2,Y49,id
9433,STILLEY RD AT HWY RT 51,"Brentwood borough (Allegheny, PA)",,40.361288,-79.982221,kept,0,0.43,0.6,0.0,Y49,id
9556,PROSPECT RD AT WAINWRIGHT AVE,"Whitehall borough (Allegheny, PA)",,40.362215,-79.978555,kept,0,0.43,0.0,0.0,Y49,id
9558,PROSPECT RD AT GIESE DR,"Whitehall borough (Allegheny, PA)",,40.363623,-79.975046,kept,0,0.43,0.0,0.0,Y49,id
11042,MAIN ST AT W OLIVER RD FS,"Munhall borough (Allegheny, PA)",,40.389844,-79.900966,kept,0,0.38,0.4,0.0,53;53L,id
11075,HALKET ST AT LOUISA ST,"Pittsburgh city (Allegheny, PA)",Central Oakland,40.437051,-79.959414,kept,0,0.38,0.2,0.0,58,id
1116,THOMPSON RUN RD AT SIEBERT RD,"Ross township (Allegheny, PA)",,40.529193,-79.99043,loses_all_service,1321,0.38,0.0,0.0,O5,id
11202,WORTHINGTON AVE OPP 13TH ST,"Clairton city (Allegheny, PA)",,40.293673,-79.899525,kept,0,0.38,0.0,0.0,Y46,id
1199,40TH ST AT BUTLER ST,"Pittsburgh city (Allegheny, PA)",Lower Lawrenceville,40.468544,-79.962105,kept,0,0.38,0.0,0.0,93,id
12030,BUTTERMILK HOLLOW RD AT PGH-MCKEESPORT BLVD,"West Mifflin borough (Allegheny, PA)",,40.358057,-79.909194,kept,0,0.38,0.2,0.0,53;53L;56,id
12092,SECOND AVE AT SECOND AVE PARKING PL (#1250),"Pittsburgh city (Allegheny, PA)",Bluff,40.43447,-79.987227,kept,0,0.38,0.2,0.4,56;57;58,id
12250,HAZELWOOD AVE AT SECOND AVE,"Pittsburgh city (Allegheny, PA)",Hazelwood,40.411411,-79.944466,kept,0,0.38,1.6,0.2,93,id
12813,FREEPORT RD OPP 1ST ST FS,"East Deer township (Allegheny, PA)",,40.573294,-79.777354,kept,0,0.38,0.2,0.4,1;P10,id
13571,HWY RT 286 AT PINE VALLEY DR,"Plum borough (Allegheny, PA)",,40.45509,-79.710802,kept,0,0.38,0.0,0.0,P12,id
1381,OHIO RIVER BLVD OPP MEMORIAL DR,"Emsworth borough (Allegheny, PA)",,40.50872,-80.090674,kept,0,0.38,0.4,0.4,14,id
13840,OLD WILLIAM PENN HWY OPP BEATTY RD,"Monroeville municipality (Allegheny, PA)",,40.440259,-79.742323,kept,0,0.38,0.0,0.0,P12,id
14328,VERONA RD AT GALETON DR,"Penn Hills township (Allegheny, PA)",,40.490444,-79.836174,kept,0,0.38,0.0,0.0,P78,id
14400,FRANKSTOWN RD OPP CURTIS ST,"Penn Hills township (Allegheny, PA)",,40.46283,-79.850126,kept,0,0.38,0.6,0.2,77,id
14442,VERONA RD OPP RANDOLPH LN,"Penn Hills township (Allegheny, PA)",,40.478847,-79.840684,kept,0,0.38,0.0,0.0,P78,id
14444,VERONA RD AT ROSEDALE ST,"Penn Hills township (Allegheny, PA)",,40.481711,-79.838047,kept,0,0.38,0.0,0.0,P78,id
14573,FIFTH AVE AT HAMILTON AVE,"Pittsburgh city (Allegheny, PA)",Larimer,40.457381,-79.909031,kept,0,0.38,0.0,0.0,P10,id
16086,CHATEAU ST AT N FRANKLIN ST,"Pittsburgh city (Allegheny, PA)",Manchester,40.455436,-80.028775,kept,0,0.38,0.2,1.6,14;17;18,id
16231,EAST PITTSBURGH-MCKEESPORT BLV OPP ORRIS RD,"North Versailles township (Allegheny, PA)",,40.368953,-79.830665,kept,0,0.38,0.2,0.4,55,id
16563,ALLEGHENY AVE AT WASHINGTON AVE,"Oakmont borough (Allegheny, PA)",,40.516134,-79.843288,kept,0,0.38,0.0,0.0,P78,id
1722,ALLEGHENY AVE AT SHEFFIELD ST,"Pittsburgh city (Allegheny, PA)",Manchester,40.454308,-80.019829,kept_nearby,100,0.38,0.0,0.0,18,id
18176,KENNYWOOD BLVD AT GLENCAIRN ST FS,"West Mifflin borough (Allegheny, PA)",,40.389083,-79.867784,kept,0,0.38,1.6,1.6,61C;P7,id
18199,WALNUT ST OPP 27TH AVE,"McKeesport city (Allegheny, PA)",,40.333325,-79.847604,kept,0,0.38,0.0,0.2,60,id
18296,BEAVER ST AT BOUNDARY ST FS,"Sewickley borough (Allegheny, PA)",,40.534991,-80.175293,kept,0,0.38,0.6,2.0,14,id
19070,LEECHBURG RD AT ALCOMA BLVD,"Penn Hills township (Allegheny, PA)",,40.488197,-79.801287,loses_all_service,346,0.38,0.0,0.0,77;P16,id
19212,MIDDLETOWN RD AT MARTERA PL FS,"Pittsburgh city (Allegheny, PA)",Crafton Heights,40.444161,-80.055995,kept,0,0.38,0.0,1.4,27,id
19811,SALTSBURG RD AT UNIVERSAL RD,"Penn Hills township (Allegheny, PA)",,40.477595,-79.785364,kept,0,0.38,0.0,0.0,77,id
20622,LEWIS RUN RD AT SOUTHWESTERN HEALTH CENTER,"Pleasant Hills borough (Allegheny, PA)",,40.3292,-79.937903,kept,0,0.38,2.2,1.2,55,id
21047,WM PENN HWY OPP VALUE CITY,"Monroeville municipality (Allegheny, PA)",,40.436297,-79.783665,kept,0,0.38,0.0,0.2,67,former_id
21566,CUSTER AVE OPP BICKAR ST,"Baldwin borough (Allegheny, PA)",,40.394198,-79.97104,loses_all_service,1142,0.38,0.0,0.0,44,id
22423,CHASKE ST AT #8038,"Penn Hills township (Allegheny, PA)",,40.476024,-79.870897,loses_all_service,756,0.38,0.2,0.2,79;P17,id
225,EAST ST AT HAZLETT ST,"Pittsburgh city (Allegheny, PA)",Northview Heights,40.47453,-80.005074,kept,0,0.38,1.6,1.8,12,id
2342,GRAND AVE OPP TRIAD METALS,"Neville township (Allegheny, PA)",,40.507913,-80.111629,kept,0,0.38,0.0,0.0,21,id
2493,FERGUSON RD AT MT ROYAL BLVD FS,"Hampton township (Allegheny, PA)",,40.555684,-79.971802,kept_nearby,144,0.38,0.4,0.0,2;P13,former_id
2497,FERGUSON RD OPP LINWOOD DR #2,"Hampton township (Allegheny, PA)",,40.55817,-79.984757,loses_all_service,1184,0.38,0.0,0.0,2;P13,id
2520,CAMFIELD ST AT GOSSER ST,"Pittsburgh city (Allegheny, PA)",Bon Air,40.405856,-79.998192,loses_all_service,466,0.38,0.0,0.0,54,id
2525,CONNISTON AVE AT BANDI AVE,"Pittsburgh city (Allegheny, PA)",Bon Air,40.409307,-79.99942,loses_all_service,343,0.38,0.0,0.0,54,id
2527,BON AIR AVE AT CAMFIELD ST,"Pittsburgh city (Allegheny, PA)",Bon Air,40.410331,-79.997927,loses_all_service,507,0.38,0.4,0.0,54,id
2600,ARCH ST OPP ALLEGHENY MIDDLE SCHOOL,"Pittsburgh city (Allegheny, PA)",Allegheny Center,40.453091,-80.009118,kept_nearby,132,0.38,0.0,0.0,54,id
3344,MT ROYAL BLVD AT MOREWOOD RD,"Shaler township (Allegheny, PA)",,40.534672,-79.969782,kept,0,0.38,0.0,0.0,2;P13,id
3358,MT ROYAL BLVD AT PENNVIEW AVE,"Shaler township (Allegheny, PA)",,40.512321,-79.95802,kept,0,0.38,0.0,0.0,2;P13,id
3382,FERGUSON RD OPP SWEENEY RD,"Hampton township (Allegheny, PA)",,40.55785,-79.975678,loses_all_service,423,0.38,0.0,0.0,2;P13,id
3383,FERGUSON RD AT LINWOOD DR #2,"Hampton township (Allegheny, PA)",,40.557117,-79.973527,loses_all_service,227,0.38,0.0,0.0,2;P13,id
3650,CHARTIERS AVE EXT AT STATE ST,"McKees Rocks borough (Allegheny, PA)",,40.466716,-80.079731,loses_all_service,527,0.38,0.2,0.0,20,id
4751,BOWER HILL RD AT SERPENTINE DR,"Mount Lebanon township (Allegheny, PA)",,40.384303,-80.055672,kept,0,0.38,0.0,0.0,41,id
4762,CEDAR BLVD OPP LONGRIDGE DR,"Mount Lebanon township (Allegheny, PA)",,40.378539,-80.054438,loses_all_service,269,0.38,0.0,0.6,36,id
5112,STEUBENVILLE PIKE OPP DEVASSIE RD,"Robinson township (Allegheny, PA)",,40.445715,-80.151194,kept,0,0.38,0.0,0.0,24;29,id
5553,GREENTREE RD AT MANSFIELD AVE,"Green Tree borough (Allegheny, PA)",,40.422172,-80.046055,kept,0,0.38,0.0,0.6,38,id
6406,WEST LIBERTY AVE OPP BELLE ISLE AVE,"Pittsburgh city (Allegheny, PA)",Beechview,40.400392,-80.023626,kept,0,0.38,0.4,0.2,41,id
6730,KATHLEEN ST OPP CRAIGHEAD ST,"Pittsburgh city (Allegheny, PA)",Mount Washington,40.42572,-79.998641,loses_all_service,310,0.38,1.6,0.0,43,id
7001,CLIMAX ST AT CURTIN AVE,"Pittsburgh city (Allegheny, PA)",Beltzhoover,40.420018,-79.998776,kept,0,0.38,0.2,1.4,44,id
7238,BRADDOCK AVE AT OVERTON ST,"Swissvale borough (Allegheny, PA)",,40.434301,-79.895169,kept,0,0.38,0.2,0.0,61B,id
7329,SOUTH AVE AT WEST ST,"Wilkinsburg borough (Allegheny, PA)",,40.443714,-79.89061,loses_all_service,189,0.38,0.0,0.6,71C,id
7330,SOUTH AVE AT PITT ST,"Wilkinsburg borough (Allegheny, PA)",,40.442946,-79.888318,kept_nearby,110,0.38,0.0,0.2,71C,id
7994,BEACON ST AT SHADY AVE,"Pittsburgh city (Allegheny, PA)",Squirrel Hill South,40.435268,-79.91908,kept,0,0.38,0.0,0.0,65;74,id
8116,BRINTON RD OPP RIDGE RD,"Braddock Hills borough (Allegheny, PA)",,40.419919,-79.858995,kept,0,0.38,1.0,0.6,P68,id
8139,JAMES ST OPP QUEEN DR,"Monroeville municipality (Allegheny, PA)",,40.421877,-79.803323,kept,0,0.38,0.4,0.8,P68,id
8287,WOOD ST AT ROSS AVE,"Wilkinsburg borough (Allegheny, PA)",,40.442783,-79.885201,kept,0,0.38,0.0,0.0,71;P71,id
8319,FIFTH AVE AT HASTINGS ST FS (PENN AVE),"Pittsburgh city (Allegheny, PA)",Point Breeze,40.453872,-79.91315,kept,0,0.38,0.8,1.4,28X;71D,former_id
8364,SHADY AVE AT BEACON ST,"Pittsburgh city (Allegheny, PA)",Squirrel Hill South,40.435215,-79.918899,kept,0,0.38,0.0,0.0,74,id
8405,WARDSONS ST AT WILTSIE ST,"Pittsburgh city (Allegheny, PA)",Lincoln-Lemington-Belmar,40.472498,-79.896703,loses_all_service,275,0.38,0.2,0.4,74,id
8425,LEMINGTON AVE OPP #7249,"Pittsburgh city (Allegheny, PA)",Lincoln-Lemington-Belmar,40.467026,-79.891747,kept,0,0.38,0.6,0.2,74,id
8426,LEMINGTON AVE AT OBERLIN ST,"Pittsburgh city (Allegheny, PA)",Lincoln-Lemington-Belmar,40.467114,-79.890228,kept,0,0.38,0.8,0.0,74,id
8845,ABER RD AT #8077,"Penn Hills township (Allegheny, PA)",,40.469151,-79.862206,loses_all_service,475,0.38,0.0,0.0,79;P17,id
9212,ATLANTIC AVE AT BROAD ST,"Pittsburgh city (Allegheny, PA)",Garfield,40.465744,-79.93824,kept,0,0.38,0.2,0.2,89,id
931,CENTER AVE AT TOWNSHIP RD,"West View borough (Allegheny, PA)",,40.51893,-80.025228,kept,0,0.38,0.2,0.0,8,id
1009,CENTER AVE OPP CHALFONTE AVE,"West View borough (Allegheny, PA)",,40.520324,-80.038181,kept,0,0.33,0.6,0.0,13,id
10377,WALNUT ST AT 28TH AVE,"McKeesport city (Allegheny, PA)",,40.332788,-79.846717,kept,0,0.33,0.0,0.2,60,id
10930,LEBANON CHURCH RD AT RODEO DR,"West Mifflin borough (Allegheny, PA)",,40.35294,-79.917364,kept,0,0.33,0.0,0.0,53;53L;59,id
11130,JACKS RUN RD AT MCKEESPORT SPORTSMEN'S ASSOC,"White Oak borough (Allegheny, PA)",,40.358595,-79.786057,loses_all_service,3341,0.33,0.0,0.0,P76,id
1114,THOMPSON RUN RD AT SUNSET DR,"Ross township (Allegheny, PA)",,40.532173,-79.990227,loses_all_service,1441,0.33,0.0,0.0,O5,id
11615,MOUNTAIN AVE AT FISHER ST,"Pittsburgh city (Allegheny, PA)",Mt. Oliver,40.411581,-79.977276,kept,0,0.33,1.0,2.8,44,id
11705,HOMEVILLE RD OPP CASTLE DR #2,"West Mifflin borough (Allegheny, PA)",,40.381288,-79.877237,loses_all_service,183,0.33,0.0,0.0,52L,id
11768,PENNSYLVANIA AVE AT MELLON ST,"West Mifflin borough (Allegheny, PA)",,40.36207,-79.858867,kept_nearby,13,0.33,0.0,0.0,52L,id
12201,HARTMAN ST AT ANDERSON AVE,"McKeesport city (Allegheny, PA)",,40.349977,-79.834371,kept,0,0.33,0.0,0.0,56,id
12804,PITTSBURGH ST OPP MOYHEND ST,"Springdale borough (Allegheny, PA)",,40.541693,-79.77612,kept,0,0.33,0.0,0.0,1;P10,id
1289,CENTER AVE AT YALE AVE,"West View borough (Allegheny, PA)",,40.516736,-80.044425,kept,0,0.33,0.4,0.2,13,id
13478,9TH AVE AT ORMOND ST,"Tarentum borough (Allegheny, PA)",,40.60685,-79.74914,kept,0,0.33,0.0,0.0,P10,id
1351,BEAVER RD AT CHURCH LN,"Edgeworth borough (Allegheny, PA)",,40.556338,-80.196974,kept,0,0.33,0.0,0.2,14,id
1358,BEAVER ST AT LITTLE ST,"Sewickley borough (Allegheny, PA)",,40.542393,-80.183449,kept,0,0.33,0.0,0.2,14,id
13603,HAYMAKER RD AT CLOVER DR,"Monroeville municipality (Allegheny, PA)",,40.442193,-79.760116,kept,0,0.33,0.0,0.0,67;P12,id
13606,OLD WILLIAM PENN HWY AT SCOTT DR,"Monroeville municipality (Allegheny, PA)",,40.441384,-79.751748,loses_all_service,161,0.33,0.0,0.0,67;P12,id
1400,BEAVER AVE AT NORTH POINTE DR,"Pittsburgh city (Allegheny, PA)",Chateau,40.44961,-80.027035,loses_all_service,470,0.33,0.0,0.0,14,id
14242,FRANKSTOWN RD AT 1ST REFORMED CHURCH,"Penn Hills township (Allegheny, PA)",,40.481488,-79.821606,kept,0,0.33,0.0,0.0,77;P16,id
14671,SALTSBURG RD AT STOTLER RD,"Penn Hills township (Allegheny, PA)",,40.482986,-79.809785,kept,0,0.33,0.2,0.2,77,id
14706,CENTER RD OPP FOUR SEASONS APTS,"Plum borough (Allegheny, PA)",,40.461109,-79.759603,loses_all_service,1098,0.33,0.0,0.0,77,id
16122,EAST BUSWAY AT HERRON STATION D,"Pittsburgh city (Allegheny, PA)",Polish Hill,40.459362,-79.966613,kept,0,0.33,0.0,0.0,P10;P12;P16;P67;P69;P7;P76;P78,id
16567,ALLEGHENY AVE AT PENNSYLVANIA AVE,"Oakmont borough (Allegheny, PA)",,40.521832,-79.842593,kept,0,0.33,0.0,0.0,P78,id
16568,ALLEGHENY AVE OPP ARCHIE ST,"Oakmont borough (Allegheny, PA)",,40.523682,-79.841961,kept,0,0.33,0.0,0.0,P78,id
1739,METROPOLITAN ST AT BRANCHPORT ST,"Pittsburgh city (Allegheny, PA)",Chateau,40.458706,-80.032318,loses_all_service,212,0.33,0.0,0.0,18,id
18348,PITTSBURGH ST AT ELIZABETH ST,"Cheswick borough (Allegheny, PA)",,40.541071,-79.805046,kept,0,0.33,0.4,0.0,1;P10,id
18458,IMOGENE RD AT BROWNS HILL RD,"Pittsburgh city (Allegheny, PA)",Squirrel Hill South,40.415093,-79.92493,kept,0,0.33,0.0,0.6,57,id
18522,OXFORD DR AT MALL BLVD,"Monroeville municipality (Allegheny, PA)",,40.432003,-79.789124,kept,0,0.33,0.6,0.2,P68,id
19808,SALTSBURG RD AT ASTER ST,"Penn Hills township (Allegheny, PA)",,40.483893,-79.814787,kept,0,0.33,0.0,0.2,77,id
19810,SALTSBURG RD OPP ALCOMA PARK PLAZA,"Penn Hills township (Allegheny, PA)",,40.476817,-79.787938,kept,0,0.33,0.0,0.0,77,id
21242,GREENSBURG PIKE OPP VERSAILLES CASTLE APTS,"North Versailles township (Allegheny, PA)",,40.388359,-79.822212,kept,0,0.33,0.0,0.0,59,id
21252,BROWNSVILLE RD OPP WILHELM AVE,"South Park township (Allegheny, PA)",,40.32508,-79.987659,loses_all_service,1525,0.33,0.0,0.0,Y45,id
21253,ZUPANCIC DR AT HURL LN,"South Park township (Allegheny, PA)",,40.321026,-79.983325,loses_all_service,1768,0.33,0.0,0.0,Y45,former_id
21687,CLIMAX ST OPP GEARING AVE,"Pittsburgh city (Allegheny, PA)",Beltzhoover,40.419154,-80.005545,kept,0,0.33,0.0,0.2,44,former_id
21713,LAKETON RD AT GRAHAM BLVD NS,"Wilkinsburg borough (Allegheny, PA)",,40.455756,-79.857848,kept,0,0.33,0.0,0.0,P78,former_id
2192,SEWICKLEY BRIDGE RAMP OPP KRAMER WAY,"Sewickley borough (Allegheny, PA)",,40.535955,-80.184884,loses_all_service,596,0.33,0.8,0.4,21,id
2193,HWY RT 51 OPP VALLEY AMBULANCE,"Moon township (Allegheny, PA)",,40.527403,-80.185185,kept,0,0.33,0.0,0.2,21,id
22117,BUTLER ST AT #5770 (CAR WASH),"Pittsburgh city (Allegheny, PA)",Stanton Heights,40.485845,-79.944298,kept,0,0.33,0.0,0.4,87;91,former_id
22186,FOX CHAPEL RD OPP S MARGERY DR,"O'Hara township (Allegheny, PA)",,40.489905,-79.882762,kept,0,0.33,0.2,0.0,75,former_id
22246,OLD FREEPORT RD AT #1380,"O'Hara township (Allegheny, PA)",,40.488752,-79.872743,kept_nearby,101,0.33,0.6,0.0,91,former_id
22304,PITTSBURGH ST AT BLOCKDALE ST,"Cheswick borough (Allegheny, PA)",,40.540794,-79.807179,kept,0,0.33,0.0,0.2,1;P10,former_id
22337,4TH AVE AT CHESTNUT ST,"Coraopolis borough (Allegheny, PA)",,40.516657,-80.158959,kept,0,0.33,0.2,0.2,21,id
22429,MATHIAS ST AT MANOR CARE DRVWY,"Pittsburgh city (Allegheny, PA)",Spring Hill-City View,40.468348,-79.994917,kept,0,0.33,0.0,0.4,6,id
22649,UNIVERSITY BLVD AT MOON PLAZA,"Moon township (Allegheny, PA)",,40.414356,-79.990064,kept,0,0.33,0.4,0.0,44;54,id
232,MCKNIGHT RD AT EVERGREEN RD,"Pittsburgh city (Allegheny, PA)",Summer Hill,40.493996,-80.011604,kept,0,0.33,0.2,0.0,12,id
2337,NEVILLE RD AT GULF OIL ENTRANCE,"Neville township (Allegheny, PA)",,40.497722,-80.091318,kept,0,0.33,0.0,0.2,21,id
234,MCKNIGHT RD AT MCKNIGHT-IVORY BLDG,"Ross township (Allegheny, PA)",,40.501455,-80.01133,kept,0,0.33,0.0,0.0,12;O12,id
2432,MT ROYAL BLVD AT PENNVIEW AVE,"Shaler township (Allegheny, PA)",,40.512305,-79.957933,kept,0,0.33,0.0,0.0,2;P13,id
2732,RIALTO ST OPP TOURS ST,"Pittsburgh city (Allegheny, PA)",Troy Hill,40.466575,-79.982417,kept_nearby,138,0.33,0.2,0.4,4,id
2905,SPRING GARDEN AVE OPP SPRING GARDEN LOOP PNR,"Pittsburgh city (Allegheny, PA)",Spring Garden,40.466589,-79.985194,kept_nearby,23,0.33,0.0,0.0,7,id
3102,MCKNIGHT RD AT PEEBLES RD,"McCandless township (Allegheny, PA)",,40.554336,-80.021052,kept,0,0.33,0.0,0.0,O12,id
3335,MT ROYAL BLVD AT EADE AVE,"Shaler township (Allegheny, PA)",,40.546607,-79.972393,kept,0,0.33,0.0,0.0,2;P13,id
3379,FERGUSON RD AT LAMMERTON DR,"Hampton township (Allegheny, PA)",,40.561237,-79.987555,loses_all_service,1495,0.33,0.0,0.6,2;P13,id
4068,CRENNELL AVE AT BROADHEAD AVE FS,"Crafton borough (Allegheny, PA)",,40.43686,-80.069144,kept,0,0.33,0.0,0.0,29,id
4263,MIDDLETOWN RD AT BERRY ST,"Pittsburgh city (Allegheny, PA)",Crafton Heights,40.448493,-80.062714,kept,0,0.33,0.6,0.4,27,id
4267,MIDDLETOWN RD AT WYNETTE ST,"Pittsburgh city (Allegheny, PA)",Sheraden,40.451171,-80.067927,kept,0,0.33,0.0,0.2,27,id
5035,STEUBEN ST AT RIDENOUR AVE,"Crafton borough (Allegheny, PA)",,40.440518,-80.061195,kept,0,0.33,0.2,0.0,29,id
5413,NOBLESTOWN RD AT MANSFIELD AVE FS,"Green Tree borough (Allegheny, PA)",,40.417135,-80.066124,kept,0,0.33,1.2,0.4,31,id
5490,WASHINGTON PIKE AT STEEN RD,"Collier township (Allegheny, PA)",,40.376324,-80.09786,kept,0,0.33,0.0,0.0,31;38;G31,id
5497,WASHINGTON PIKE OPP MAYER ST,"Collier township (Allegheny, PA)",,40.366212,-80.106937,kept,0,0.33,0.4,0.0,31;38;G31,id
5659,GREENTREE RD AT ORIOLE DR,"Green Tree borough (Allegheny, PA)",,40.41028,-80.047472,kept,0,0.33,0.4,0.0,38,id
5882,GREENTREE RD AT VIRGINIA MANSIONS,"Scott township (Allegheny, PA)",,40.391672,-80.071292,kept,0,0.33,0.0,0.4,38,id
59,WESTERN AVE AT GALVESTON AVE,"Pittsburgh city (Allegheny, PA)",Allegheny West,40.451977,-80.016411,kept,0,0.33,0.0,0.0,18,id
6018,OXFORD DR OPP GIANT EAGLE,"Bethel Park municipality (Allegheny, PA)",,40.34668,-80.048845,loses_all_service,330,0.33,0.0,0.2,36,id
6272,KANE BLVD AT CHURCH RECTORY,"Scott township (Allegheny, PA)",,40.373069,-80.083982,kept,0,0.33,0.0,0.0,41,id
639,PERRY HWY AT WEST VIEW AVE,"Ross township (Allegheny, PA)",,40.500125,-80.021776,kept,0,0.33,0.4,0.4,17;4;8,id
6599,CEDAR BLVD AT GREENHURST DR,"Mount Lebanon township (Allegheny, PA)",,40.37526,-80.056707,loses_all_service,677,0.33,0.2,0.0,36,id
6732,KATHLEEN ST OPP ESTELLA AVE,"Pittsburgh city (Allegheny, PA)",Mount Washington,40.425654,-80.001036,loses_all_service,469,0.33,0.2,0.0,43,id
6739,BOGGS AVE OPP PAUL ST,"Pittsburgh city (Allegheny, PA)",Mount Washington,40.422517,-80.010143,loses_all_service,157,0.33,0.0,0.0,43,id
6743,SOUTHERN AVE AT LELIA ST,"Pittsburgh city (Allegheny, PA)",Mount Washington,40.421778,-80.012557,kept,0,0.33,0.0,0.2,40,id
6996,ARLINGTON AVE OPP WILLIAM ST NS,"Pittsburgh city (Allegheny, PA)",South Side Slopes,40.427951,-79.996336,kept,0,0.33,0.2,0.2,43,id
705,DUNCAN AVE OPP ROYAL MANOR CT #1,"McCandless township (Allegheny, PA)",,40.566602,-80.003709,loses_all_service,1049,0.33,0.0,0.2,2;P13,id
7237,BRADDOCK AVE AT HENRIETTA ST,"Pittsburgh city (Allegheny, PA)",Regent Square,40.435986,-79.896104,kept,0,0.33,0.0,0.6,61B,id
7258,RANKIN BLVD AT #211,"Rankin borough (Allegheny, PA)",,40.41142,-79.880137,kept,0,0.33,0.0,0.0,59;61B;71;P71,id
7424,BRINTON RD AT YOST BLVD,"Braddock Hills borough (Allegheny, PA)",,40.412552,-79.85611,kept,0,0.33,0.0,0.6,P68,id
7830,AIRBRAKE AVE OPP 9TH ST,"Turtle Creek borough (Allegheny, PA)",,40.402503,-79.821382,kept,0,0.33,0.4,0.0,69;P69,id
7832,AIRBRAKE AVE OPP 5TH ST,"Wilmerding borough (Allegheny, PA)",,40.400976,-79.817872,kept,0,0.33,0.2,0.0,69;P69,id
8110,BRINTON RD OPP #1001,"Braddock Hills borough (Allegheny, PA)",,40.428987,-79.874301,kept,0,0.33,0.6,0.4,P68,id
8126,MAPLE AVE AT CHARLES ST,"Turtle Creek borough (Allegheny, PA)",,40.407788,-79.820553,kept,0,0.33,1.0,0.2,P68,id
8144,MONROEVILLE BLVD AT JAMISON LN,"Monroeville municipality (Allegheny, PA)",,40.427223,-79.788138,kept,0,0.33,0.0,0.0,P68,id
8374,HOMEWOOD AVE OPP ROYCREST PL,"Pittsburgh city (Allegheny, PA)",Point Breeze,40.448104,-79.902065,kept_nearby,130,0.33,0.0,0.0,74,id
8477,MURRAY AVE AT SOLWAY ST,"Pittsburgh city (Allegheny, PA)",Squirrel Hill North,40.442982,-79.923724,kept_nearby,110,0.33,0.0,0.0,74,id
977,HAZELTON ST AT SUFFOLK ST,"Pittsburgh city (Allegheny, PA)",Fineview,40.46729,-80.005838,kept,0,0.33,0.0,0.0,11,id
10271,WALNUT ST AT 12TH AVE,"McKeesport city (Allegheny, PA)",,40.343472,-79.863172,kept_nearby,137,0.29,0.0,0.0,60,id
11054,INTERBORO AVE AT LINDBERG AVE FS,"Pittsburgh city (Allegheny, PA)",Lincoln Place,40.375433,-79.910523,kept,0,0.29,0.0,0.0,53;53L,id
11056,INTERBORO AVE AT LEASIDE DR,"Pittsburgh city (Allegheny, PA)",Lincoln Place,40.37222,-79.912366,kept,0,0.29,0.0,0.0,53;53L,id
1111,THOMPSON RUN RD AT CHERRINGTON DR,"Ross township (Allegheny, PA)",,40.536461,-79.990349,loses_all_service,1546,0.29,0.0,0.0,O5,id
11147,LINCOLN HWY AT SANTOS ST FS,"East McKeesport borough (Allegheny, PA)",,40.381355,-79.81356,kept,0,0.29,0.0,0.0,P76,id
11267,WORTHINGTON AVE AT 12TH ST,"Clairton city (Allegheny, PA)",,40.292915,-79.897871,kept,0,0.29,0.2,0.0,Y46,id
11979,PENNSYLVANIA AVE AT CARNEGIE ST,"West Mifflin borough (Allegheny, PA)",,40.362212,-79.856098,kept,0,0.29,0.2,0.0,59,id
12105,IRVINE ST OPP BERWICK ST,"Pittsburgh city (Allegheny, PA)",Hazelwood,40.413123,-79.945349,kept,0,0.29,0.0,1.2,56,id
12183,BALDWIN RD AT GLASS RUN RD FS,"Pittsburgh city (Allegheny, PA)",Hays,40.389287,-79.932743,kept,0,0.29,0.2,0.0,56,id
12248,HAZELWOOD AVE AT SYLVAN AVE,"Pittsburgh city (Allegheny, PA)",Hazelwood,40.411953,-79.941742,kept,0,0.29,0.2,0.0,93,id
12617,FREEPORT RD OPP VALLEY MOTEL,"Harmar township (Allegheny, PA)",,40.535264,-79.842571,kept,0,0.29,0.2,0.0,1;P16;P78,id
12645,FREEPORT RD AT ROWE'S CROSSING,"East Deer township (Allegheny, PA)",,40.58365,-79.77795,kept,0,0.29,0.0,0.2,1;P10,id
1291,CENTER AVE AT CORNELL AVE,"West View borough (Allegheny, PA)",,40.519398,-80.043643,kept,0,0.29,0.6,0.2,13,id
1337,MERCHANT ST AT PA JOB SERVICE,"Ambridge borough (Beaver, PA)",,40.580116,-80.222298,kept,0,0.29,1.8,0.6,14,id
13406,FREEPORT RD AT DAVIS ST,"Harrison township (Allegheny, PA)",,40.632736,-79.714828,kept,0,0.29,0.0,0.0,P10,id
1353,BEAVER RD AT CHESTNUT RD,"Edgeworth borough (Allegheny, PA)",,40.550271,-80.190464,kept,0,0.29,0.6,0.4,14,id
13599,WM PENN HWY OPP RED LOBSTER,"Monroeville municipality (Allegheny, PA)",,40.437892,-79.775456,kept,0,0.29,0.0,0.0,67,id
13796,FRANKSTOWN RD AT DUFFIELD AVE,"Penn Hills township (Allegheny, PA)",,40.461323,-79.847962,kept,0,0.29,0.2,0.2,77,id
14321,WILDWOOD AVE AT #444,"Verona borough (Allegheny, PA)",,40.503695,-79.841251,kept,0,0.29,0.0,0.0,P78,id
14520,FRANKSTOWN RD AT LONG RD,"Penn Hills township (Allegheny, PA)",,40.46576,-79.83233,kept_nearby,9,0.29,0.8,0.4,77,id
15072,CORBET ST AT 6TH AVE,"Tarentum borough (Allegheny, PA)",,40.603119,-79.75256,kept_nearby,10,0.29,0.0,0.0,P10,id
16198,EAST PITTSBURGH-MCKEESPORT BLV AT OVERHILL DR FS,"North Versailles township (Allegheny, PA)",,40.377703,-79.828056,kept,0,0.29,0.0,0.0,55,id
166,EAST ST OPP HAZLETT ST,"Pittsburgh city (Allegheny, PA)",Northview Heights,40.474771,-80.005385,kept,0,0.29,0.2,0.2,12,id
1672,GRANT AVE AT LINCOLN AVE,"Bellevue borough (Allegheny, PA)",,40.491966,-80.048481,kept_nearby,74,0.29,0.0,0.0,19L,id
17263,S 26TH ST AT SIDNEY ST,"Pittsburgh city (Allegheny, PA)",South Side Flats,40.428212,-79.967983,kept,0,0.29,0.8,0.6,75,id
17791,MCKEESPORT TRANSPORTATION CENT AT BAY #1,"McKeesport city (Allegheny, PA)",,40.352308,-79.860558,kept,0,0.29,0.0,0.0,61C;P7,id
18377,FIFTH AVE AT FRANKSTOWN AVE,"Pittsburgh city (Allegheny, PA)",Homewood West,40.458552,-79.908061,kept,0,0.29,0.0,0.0,P10,id
1847,CALIFORNIA AVE OPP WINHURST ST,"Pittsburgh city (Allegheny, PA)",Brighton Heights,40.487207,-80.045062,kept,0,0.29,0.4,0.4,13,id
18593,MT CARMEL RD AT VERONA RD,"Penn Hills township (Allegheny, PA)",,40.465749,-79.865584,kept,0,0.29,0.2,0.0,79;P17,id
18662,BOWER HILL RD OPP HILLAIRE DR,"Mount Lebanon township (Allegheny, PA)",,40.375006,-80.071841,kept,0,0.29,0.4,0.2,41,id
1869,SHADELAND AVE OPP CASEMENT ST,"Pittsburgh city (Allegheny, PA)",Marshall-Shadeland,40.470518,-80.030494,kept,0,0.29,0.0,1.6,17,id
19276,MCFARLAND RD AT DORMONT PARK,"Dormont borough (Allegheny, PA)",,40.395485,-80.046432,kept,0,0.29,0.0,0.0,36,id
19731,KANE BLVD AT OUR LADY OF GRACE CHURCH,"Scott township (Allegheny, PA)",,40.374043,-80.085023,kept,0,0.29,0.0,0.0,41,id
19786,FRANKSTOWN RD AT FRANKSTOWN GARDENS,"Penn Hills township (Allegheny, PA)",,40.463546,-79.851204,kept,0,0.29,0.0,0.0,77,id
19901,WINTERBURN AVE AT DENMARSH ST,"Pittsburgh city (Allegheny, PA)",Greenfield,40.425534,-79.939831,kept,0,0.29,0.4,0.0,58,id
20020,OPP ALPINE VILLAGE PARK AND RI,"Monroeville municipality (Allegheny, PA)",,40.429049,-79.719444,kept,0,0.29,0.0,0.0,P12,id
20176,JOHNSTON AVE OPP NAOMI DR,"Pittsburgh city (Allegheny, PA)",Glen Hazel,40.408398,-79.925736,kept,0,0.29,0.0,0.0,57,id
20203,VIRGINIA AVE AT MERRIMAC ST,"Pittsburgh city (Allegheny, PA)",Mount Washington,40.431719,-80.013531,kept,0,0.29,0.2,0.0,40,id
20240,WORTHINGTON AVE AT 10TH ST FS,"Clairton city (Allegheny, PA)",,40.291971,-79.893589,kept,0,0.29,0.0,2.8,Y46,id
20309,WALNUT ST AT 14TH AVE,"McKeesport city (Allegheny, PA)",,40.341202,-79.860858,kept_nearby,10,0.29,0.2,0.4,60,id
2046,SEAVEY RD AT PARKER ST,"Shaler township (Allegheny, PA)",,40.493971,-79.963524,kept,0,0.29,0.0,0.0,2,id
20565,EAST PITTSBURGH-MCKEESPORT BLV AT BROWN PL,"North Versailles township (Allegheny, PA)",,40.375122,-79.827362,kept,0,0.29,0.0,0.2,55,id
20625,STATE ST AT SHAW AVE,"Clairton city (Allegheny, PA)",,40.294733,-79.874654,kept,0,0.29,0.0,0.0,55,id
20867,HAZELWOOD AVE AT WINTERBURN AVE,"Pittsburgh city (Allegheny, PA)",Hazelwood,40.415669,-79.939018,kept,0,0.29,0.0,0.2,93,id
21058,AIRBRAKE AVE OPP 1ST ST,"Wilmerding borough (Allegheny, PA)",,40.397889,-79.813004,kept,0,0.29,0.0,0.2,69;P69,former_id
21074,STEUBEN ST AT CUMBERLAND ST FS,"Pittsburgh city (Allegheny, PA)",Crafton Heights,40.44209,-80.060626,kept,0,0.29,0.4,0.0,29,id
21083,STEUBEN ST OPP MCCORMICK AVE,"Crafton borough (Allegheny, PA)",,40.439843,-80.077676,kept,0,0.29,0.8,0.2,29,former_id
21340,W 7TH AVE AT GRANTHAM ST,"Tarentum borough (Allegheny, PA)",,40.598041,-79.764744,kept,0,0.29,0.4,0.4,1;P10,former_id
21383,FERGUSON RD AT DUNCAN AVE NS,"McCandless township (Allegheny, PA)",,40.565775,-79.998152,loses_all_service,1496,0.29,0.4,0.0,2;P13,former_id
21545,CUSTER AVE AT ST WENDELIN CHURCH,"Pittsburgh city (Allegheny, PA)",Carrick,40.393345,-79.974345,loses_all_service,920,0.29,0.0,0.0,44,id
21564,CLOVERFIELD DR AT EDWARD DR,"Baldwin borough (Allegheny, PA)",,40.394864,-79.96638,loses_all_service,1457,0.29,0.0,0.0,44,id
21569,CUSTER AVE OPP SPENCER AVE,"Pittsburgh city (Allegheny, PA)",Carrick,40.393085,-79.976218,loses_all_service,833,0.29,0.0,0.0,44,id
21570,SPENCER AVE AT MAKARY WAY,"Pittsburgh city (Allegheny, PA)",Carrick,40.391876,-79.976398,loses_all_service,706,0.29,0.0,0.0,44,id
21574,CHURCHVIEW AVE AT WAIDLER AVE FS,"Brentwood borough (Allegheny, PA)",,40.38489,-79.973664,loses_all_service,340,0.29,0.0,0.0,44,id
21966,STANTON AVE AT BUTLER ST,"Pittsburgh city (Allegheny, PA)",Upper Lawrenceville,40.478275,-79.955448,kept,0,0.29,0.2,0.0,87,former_id
22303,BROWNSVILLE RD AT THURNER DR,"Whitehall borough (Allegheny, PA)",,40.352195,-79.988947,kept,0,0.29,0.0,0.0,Y47,id
22641,MOREWOOD AVE AT FORBES AVE FS,"Pittsburgh city (Allegheny, PA)",Squirrel Hill North,40.292385,-79.890209,kept,0,0.29,0.0,0.6,Y46,id
22747,BIGGS AVE AT GLENROSE ST,"Pittsburgh city (Allegheny, PA)",Fineview,40.437071,-79.965827,loses_all_service,153,0.29,0.2,0.4,54;61A;61B;61C;61D;71A;71B;71C;71D;75;81;83,id
22856,CHERRINGTON PKWY OPP #1200 (SERVICELINK),"Moon township (Allegheny, PA)",,40.490269,-80.197411,kept,0,0.29,0.0,0.0,G3,former_id
243,MCKNIGHT RD AT HOUSTON RD FS,"Ross township (Allegheny, PA)",,40.526808,-80.005724,kept,0,0.29,1.2,0.2,12;2;O12,id
2698,IVORY AVE AT EVERGREEN RD,"Pittsburgh city (Allegheny, PA)",Summer Hill,40.496066,-80.008083,loses_all_service,377,0.29,0.0,1.4,4;O5,id
2760,LOWRIE ST OPP CLAIM ST,"Pittsburgh city (Allegheny, PA)",Troy Hill,40.463119,-79.982999,kept,0,0.29,0.0,0.0,4,id
2767,MT TROY RD AT BECKERT ST,"Reserve township (Allegheny, PA)",,40.470198,-79.982134,loses_all_service,301,0.29,0.6,0.0,4,id
2847,RHINE ST OPP STEINE ST,"Pittsburgh city (Allegheny, PA)",Spring Hill-City View,40.465241,-79.992032,kept,0,0.29,0.2,0.0,6,id
2852,MATHIAS ST AT SOUTH SIDE AVE,"Pittsburgh city (Allegheny, PA)",Spring Hill-City View,40.470017,-79.995329,kept,0,0.29,0.2,0.4,6,id
2870,SPRING GARDEN AVE AT GIDDY WAY,"Pittsburgh city (Allegheny, PA)",Spring Garden,40.474632,-79.989122,loses_all_service,735,0.29,0.0,0.0,7,id
2876,SPRING GARDEN AVE AT LAGER ST,"Pittsburgh city (Allegheny, PA)",Spring Garden,40.464188,-79.985947,kept,0,0.29,0.0,0.0,7,id
2882,SPRING GARDEN AVE OPP CONSTANCE ST,"Pittsburgh city (Allegheny, PA)",East Allegheny,40.458007,-79.994643,kept,0,0.29,0.0,0.0,7,id
3430,CORAOPOLIS RD AT #28,"Kennedy township (Allegheny, PA)",,40.484056,-80.106992,loses_all_service,1188,0.29,0.4,0.0,20,id
3901,CAROTHERS AVE OPP CREEK,"Scott township (Allegheny, PA)",,40.401629,-80.088441,loses_all_service,453,0.29,0.0,0.0,G31,id
3904,CAROTHERS AVE AT FINLEY AVE FS,"Scott township (Allegheny, PA)",,40.396567,-80.088052,loses_all_service,152,0.29,0.0,0.0,G31,id
392,PRESIDENTIAL DR OPP MADISON (LEASE OFFICE),"McCandless township (Allegheny, PA)",,40.583465,-79.998856,loses_all_service,1773,0.29,0.0,0.0,O5,id
409,PEEBLES RD AT DUNCAN AVE FS,"McCandless township (Allegheny, PA)",,40.5671,-80.007243,loses_all_service,786,0.29,0.0,0.0,2;O5;P13,id
4668,BEVERLY RD AT W MARLIN DR,"Mount Lebanon township (Allegheny, PA)",,40.387849,-80.05211,kept,0,0.29,0.0,0.0,36,id
4861,JOSEPHINE ST OPP #3033,"Pittsburgh city (Allegheny, PA)",South Side Slopes,40.421863,-79.965044,kept,0,0.29,0.2,0.0,48,id
6187,BROOKLINE BLVD OPP #1572,"Pittsburgh city (Allegheny, PA)",Brookline,40.391224,-80.003094,kept,0,0.29,0.0,0.0,39,id
6251,BOWER HILL RD AT #802,"Bridgeville borough (Allegheny, PA)",,40.359865,-80.101768,loses_all_service,775,0.29,0.2,0.2,41,id
6408,WEST LIBERTY AVE AT #2666,"Pittsburgh city (Allegheny, PA)",Beechview,40.397784,-80.027957,kept,0,0.29,0.8,0.2,41,id
6409,WEST LIBERTY AVE AT LASALLE AVE,"Dormont borough (Allegheny, PA)",,40.396705,-80.031013,kept,0,0.29,0.0,0.0,41,id
6416,BOWER HILL RD AT SEGAR RD,"Mount Lebanon township (Allegheny, PA)",,40.378362,-80.064644,kept,0,0.29,0.0,0.0,41,id
6423,BOWER HILL RD OPP KELSO RD,"Mount Lebanon township (Allegheny, PA)",,40.372076,-80.077913,kept,0,0.29,0.0,0.0,41,id
6745,SOUTHERN AVE AT #221,"Pittsburgh city (Allegheny, PA)",Mount Washington,40.423755,-80.01104,kept,0,0.29,0.0,0.0,40,id
6761,VIRGINIA AVE AT LABELLE ST,"Pittsburgh city (Allegheny, PA)",Mount Washington,40.432161,-80.016383,kept,0,0.29,0.0,0.0,40,id
6862,PROVOST RD OPP FRANK ST,"Whitehall borough (Allegheny, PA)",,40.368388,-79.994191,loses_all_service,360,0.29,0.0,0.0,Y47,id
7504,PENN CENTER BLVD AT PENN TOWERS (LOWER),"Wilkins township (Allegheny, PA)",,40.424599,-79.814003,kept,0,0.29,0.2,0.2,67,id
7728,LAKETON RD AT CHURCHILL AVE,"Penn Hills township (Allegheny, PA)",,40.457677,-79.850241,kept,0,0.29,0.0,0.0,P78,id
7756,BROADWAY BLVD AT MAWCO DR,"Monroeville municipality (Allegheny, PA)",,40.398426,-79.788831,kept,0,0.29,0.0,0.0,69;P69,id
7820,ELECTRIC AVE AT GREEK CATHOLIC CHURCH,"North Braddock borough (Allegheny, PA)",,40.402862,-79.837488,kept,0,0.29,0.6,0.0,69;P69,id
8074,JAMES ST AT QUEEN DR,"Monroeville municipality (Allegheny, PA)",,40.421864,-79.803116,kept,0,0.29,0.8,0.0,P68,id
8128,JAMES ST AT TURTLE CREEK-MONROEVILLE RD,"Monroeville municipality (Allegheny, PA)",,40.424469,-79.790625,kept,0,0.29,0.2,0.0,P68,id
8219,NEGLEY AVE AT HAMPTON ST,"Pittsburgh city (Allegheny, PA)",Highland Park,40.475307,-79.924549,kept,0,0.29,0.4,0.2,71A,id
8339,WOOD ST AT SUSQUEHANNA ST FS,"Wilkinsburg borough (Allegheny, PA)",,40.448033,-79.88385,kept,0,0.29,0.2,0.0,71D;86,id
8340,WOOD ST AT HOLMES ST,"Wilkinsburg borough (Allegheny, PA)",,40.447309,-79.883679,kept,0,0.29,0.4,0.2,71D;86,id
8515,WINTERBURN AVE AT MINNESOTA ST,"Pittsburgh city (Allegheny, PA)",Greenfield,40.425188,-79.939754,kept,0,0.29,0.0,0.0,58,id
8591,BIGELOW BLVD OPP HARDING WAY,"Pittsburgh city (Allegheny, PA)",Polish Hill,40.456624,-79.963534,kept_nearby,113,0.29,0.2,0.0,77,id
8799,LINCOLN AVE AT ATWELL ST,"Pittsburgh city (Allegheny, PA)",Homewood West,40.463126,-79.904532,kept,0,0.29,0.6,0.0,82;P17,id
8811,LINCOLN AVE AT CAMPANIA ST,"Pittsburgh city (Allegheny, PA)",Lincoln-Lemington-Belmar,40.472249,-79.890909,kept,0,0.29,0.0,0.0,82;P17,id
913,CONNIE DR AT #110,"Ross township (Allegheny, PA)",,40.500124,-80.028087,loses_all_service,446,0.29,0.0,0.0,17,id
9561,PROSPECT RD AT E WILLOCK RD,"Whitehall borough (Allegheny, PA)",,40.363332,-79.968349,kept,0,0.29,0.4,0.8,Y49,id
10160,MIFFLIN RD AT #669,"Pittsburgh city (Allegheny, PA)",Hays,40.381897,-79.928452,kept,0,0.24,0.2,0.0,56,id
10251,WALNUT ST OPP GRANT ST,"Versailles borough (Allegheny, PA)",,40.319932,-79.835255,kept_nearby,9,0.24,0.0,0.0,60,id
10380,WALNUT ST OPP 33RD AVE,"McKeesport city (Allegheny, PA)",,40.329979,-79.842189,kept,0,0.24,0.0,0.0,60,id
1078,REMINGTON DR AT PEEBLES RD,"McCandless township (Allegheny, PA)",,40.561295,-80.012953,loses_all_service,687,0.24,0.0,0.0,O5,id
11752,GREENSPRINGS AVE OPP EASTMAN ST,"West Mifflin borough (Allegheny, PA)",,40.383543,-79.878252,kept,0,0.24,0.0,0.0,52L,id
11770,MELLON ST OPP VERMONT AVE,"West Mifflin borough (Allegheny, PA)",,40.363929,-79.859021,kept,0,0.24,0.0,0.0,52L;59,id
12103,IRVINE ST OPP MOBILE ST,"Pittsburgh city (Allegheny, PA)",Hazelwood,40.416081,-79.946823,kept,0,0.24,0.2,0.2,56,id
12134,GREENFIELD AVE AT BLANTON ST STEPS,"Pittsburgh city (Allegheny, PA)",Greenfield,40.424531,-79.937743,kept,0,0.24,0.2,0.0,58,id
12596,FREEPORT RD OPP S OAK HILL RD,"O'Hara township (Allegheny, PA)",,40.488762,-79.877214,kept,0,0.24,0.2,0.0,1,id
12608,FREEPORT RD AT BOYD AVE,"O'Hara township (Allegheny, PA)",,40.498556,-79.853972,kept,0,0.24,0.0,0.0,1,id
12613,FREEPORT RD AT #2238,"Harmar township (Allegheny, PA)",,40.527344,-79.850562,kept,0,0.24,0.8,0.4,1,id
14186,UNIVERSAL RD AT JOSLYN DR,"Penn Hills township (Allegheny, PA)",,40.463295,-79.802536,kept,0,0.24,0.0,0.0,P16,id
14401,FRANKSTOWN RD OPP FRANKSTOWN GARDENS,"Penn Hills township (Allegheny, PA)",,40.463667,-79.851234,kept,0,0.24,0.0,0.0,77,id
14514,FRANKSTOWN RD OPP VANCE ST,"Penn Hills township (Allegheny, PA)",,40.463322,-79.839954,loses_all_service,153,0.24,0.0,0.0,77,id
1460,BEAVER ST AT GRIMES ST,"Sewickley borough (Allegheny, PA)",,40.542339,-80.183232,kept,0,0.24,0.0,0.0,14,id
15109,BEULAH RD AT MCCRADY RD,"Churchill borough (Allegheny, PA)",,40.446755,-79.84848,kept,0,0.24,0.0,0.0,P16,former_id
18257,RIVER AVE AT UNDERPASS,"McKees Rocks borough (Allegheny, PA)",,40.470435,-80.054089,kept_nearby,45,0.24,0.6,0.0,22,id
18395,JAMES ST AT HARPER DR,"Turtle Creek borough (Allegheny, PA)",,40.416306,-79.81482,kept,0,0.24,0.2,0.0,P68,id
18485,MIFFLIN RD OPP LEBANON RD FS,"Pittsburgh city (Allegheny, PA)",New Homestead,40.379633,-79.92543,kept,0,0.24,0.0,0.0,56,id
18646,VANADIUM RD AT BOWER HILL RD FS,"Scott township (Allegheny, PA)",,40.368861,-80.084835,loses_all_service,377,0.24,0.0,0.0,41,id
18664,KANE BLVD AT PROVIDENCE POINT BLVD,"Scott township (Allegheny, PA)",,40.37523,-80.0876,kept,0,0.24,0.4,0.0,41,id
18797,GRAND AVE AT NEVILLE RD FS,"Neville township (Allegheny, PA)",,40.502479,-80.101867,kept,0,0.24,0.0,0.4,21,id
18847,BROWNSVILLE RD AT HOLLOW HAVEN DR FS,"Baldwin borough (Allegheny, PA)",,40.343505,-79.985241,kept,0,0.24,0.4,0.0,Y47,id
19180,CLEVER RD AT PITCHFORK LN,"Kennedy township (Allegheny, PA)",,40.465137,-80.109118,kept,0,0.24,0.4,0.0,24,id
19263,CAROTHERS AVE AT WASHINGTON AVE FS,"Scott township (Allegheny, PA)",,40.396069,-80.086946,kept_nearby,49,0.24,0.0,0.0,G31,id
19495,BRYN MAWR RD OPP ANDOVER TERR,"Pittsburgh city (Allegheny, PA)",Upper Hill,40.450253,-79.957085,kept,0,0.24,0.0,0.2,83,id
19550,BRERETON ST OPP 28TH ST FS,"Pittsburgh city (Allegheny, PA)",Polish Hill,40.455842,-79.972478,kept,0,0.24,1.4,0.0,54,id
19583,COCHRAN RD AT PARKER DR,"Mount Lebanon township (Allegheny, PA)",,40.388419,-80.056916,loses_all_service,232,0.24,0.0,0.0,38,id
19774,UNITY TRESTLE RD AT FRANCIS RD,"Plum borough (Allegheny, PA)",,40.483598,-79.765745,loses_all_service,1786,0.24,0.0,0.0,77;P16,id
19859,LEECHBURG RD OPP BARCKHOFF ST,"Penn Hills township (Allegheny, PA)",,40.493736,-79.789161,loses_all_service,1290,0.24,0.0,0.0,77;P16,id
20029,UNIVERSAL RD AT POPLAR RIDGE RD,"Penn Hills township (Allegheny, PA)",,40.463604,-79.816689,kept,0,0.24,0.0,0.0,P16,id
20305,UPLAND ST AT #7310,"Pittsburgh city (Allegheny, PA)",Homewood North,40.461252,-79.891687,kept,0,0.24,0.0,0.0,74,id
20479,CALIFORNIA AVE AT AVALON LOOP,"Avalon borough (Allegheny, PA)",,40.50353,-80.074189,kept,0,0.24,0.2,0.0,16;19L,id
20524,LEWIS RUN RD AT ANNHURST APTS,"Jefferson Hills borough (Allegheny, PA)",,40.326845,-79.938869,kept,0,0.24,0.0,0.0,55,id
20627,LEWIS RUN RD AT HWY 885 FS,"West Mifflin borough (Allegheny, PA)",,40.332322,-79.934403,kept,0,0.24,0.2,0.2,55,id
20637,LEWIS RUN RD OPP ANNHURST APTS,"Pleasant Hills borough (Allegheny, PA)",,40.326798,-79.938967,kept,0,0.24,0.0,0.0,55,id
20717,MURRAY AVE AT WILKINS AVE FS,"Pittsburgh city (Allegheny, PA)",Squirrel Hill North,40.443606,-79.923839,kept_nearby,43,0.24,0.0,0.0,74,id
20729,MONONGAHELA AVE OPP ARCH ST,"Glassport borough (Allegheny, PA)",,40.337942,-79.889419,kept,0,0.24,0.0,0.6,55,id
20879,HAZELWOOD AVE OPP EMAHLEA ST,"Pittsburgh city (Allegheny, PA)",Hazelwood,40.417938,-79.936661,kept,0,0.24,0.0,0.0,93,id
21048,BROADWAY BLVD AT QUARRY RD,"Monroeville municipality (Allegheny, PA)",,40.396518,-79.7937,kept,0,0.24,0.2,0.2,69;P69,former_id
21120,BRERETON ST AT 30TH ST,"Pittsburgh city (Allegheny, PA)",Polish Hill,40.456575,-79.969999,kept,0,0.24,0.8,0.2,54,id
21225,OLD ELIZABETH RD AT WOODHILL RD,"West Mifflin borough (Allegheny, PA)",,40.347675,-79.933602,kept,0,0.24,0.0,0.4,53;53L;55,id
21533,CHURCHVIEW AVE OPP JOHN ROMANUS DR,"Baldwin borough (Allegheny, PA)",,40.383515,-79.955537,loses_all_service,1751,0.24,0.0,0.0,44,id
21536,CHURCHVIEW AVE AT GLASS RUN RD FS,"Baldwin borough (Allegheny, PA)",,40.385857,-79.967832,loses_all_service,829,0.24,0.0,0.0,44,id
21563,CLOVERFIELD DR AT SANDRA DR,"Baldwin borough (Allegheny, PA)",,40.397482,-79.966032,loses_all_service,1596,0.24,0.0,0.0,44,id
22262,ELECTRIC AVE AT #1208,"North Braddock borough (Allegheny, PA)",,40.407166,-79.841556,kept,0,0.24,0.0,0.0,69;P69,id
22706,GREENTREE RD AT RIDGEMONT DR,"Pittsburgh city (Allegheny, PA)",Westwood,40.405622,-79.863596,kept,0,0.24,0.0,0.0,61A;61B,id
2366,4TH AVE OPP KENDALL ST,"Coraopolis borough (Allegheny, PA)",,40.519985,-80.16779,kept,0,0.24,0.8,0.6,21,id
2372,HWY RT 51 AT VALLEY AMBULANCE,"Moon township (Allegheny, PA)",,40.527478,-80.185032,kept,0,0.24,0.0,0.2,21,id
2428,GRANT AVE OPP VILSACK ST,"Etna borough (Allegheny, PA)",,40.505123,-79.949829,kept,0,0.24,0.0,0.0,2;P13,id
2458,MT ROYAL BLVD AT ILLINOIS AVE,"Shaler township (Allegheny, PA)",,40.549207,-79.971804,kept,0,0.24,0.0,0.0,2;P13,id
2670,ARLINGTON AVE AT FREELAND ST,"Pittsburgh city (Allegheny, PA)",Allentown,40.419179,-79.989129,kept,0,0.24,0.0,0.0,48,id
2763,RIALTO ST AT TOURS ST,"Pittsburgh city (Allegheny, PA)",Troy Hill,40.466569,-79.982324,kept_nearby,130,0.24,0.0,0.0,4,id
2843,ITIN ST OPP GOEHRING ST,"Pittsburgh city (Allegheny, PA)",Spring Garden,40.461051,-79.993325,kept,0,0.24,0.0,0.2,6,id
2861,RAMAGE RD OPP CHERRYWOOD DR,"Reserve township (Allegheny, PA)",,40.490693,-79.999871,loses_all_service,901,0.24,0.0,0.0,7,id
3359,MT ROYAL BLVD AT IRENE AVE,"Shaler township (Allegheny, PA)",,40.510693,-79.956893,kept,0,0.24,0.0,0.4,2;P13,id
3502,FOREST GROVE RD AT STARLING DR,"Kennedy township (Allegheny, PA)",,40.47574,-80.098754,loses_all_service,168,0.24,0.2,0.0,20,id
3593,SILVER LANE OPP FALCK RD,"Robinson township (Allegheny, PA)",,40.462846,-80.139556,kept,0,0.24,0.2,0.0,24,id
3649,CHARTIERS AVE EXT AT OWEN ST,"McKees Rocks borough (Allegheny, PA)",,40.466554,-80.077099,loses_all_service,321,0.24,1.4,0.0,20,id
3827,SUMMIT PARK DR AT HOME DR,"North Fayette township (Allegheny, PA)",,40.44989,-80.183092,kept,0,0.24,0.0,0.8,29,id
3898,3RD ST AT MAIN ST FS,"Carnegie borough (Allegheny, PA)",,40.404353,-80.091124,loses_all_service,206,0.24,0.0,0.0,G31,id
3902,CAROTHERS AVE AT HILL ST,"Scott township (Allegheny, PA)",,40.400288,-80.088316,loses_all_service,469,0.24,0.0,0.0,G31,id
4753,BOWER HILL RD OPP CARNEGIE DR FS,"Mount Lebanon township (Allegheny, PA)",,40.383077,-80.056647,kept,0,0.24,0.4,0.0,41,id
5111,STEUBENVILLE PIKE OPP #6181,"Robinson township (Allegheny, PA)",,40.444982,-80.149974,kept,0,0.24,0.0,0.2,24;29,id
5327,E RAILROAD ST AT 3RD ST STEPS,"Heidelberg borough (Allegheny, PA)",,40.390435,-80.088057,kept,0,0.24,0.2,0.2,31;G31,id
5499,WASHINGTON AVE AT PRESTLEY RD,"Bridgeville borough (Allegheny, PA)",,40.362701,-80.110473,kept,0,0.24,0.4,0.4,31;G31,id
5743,GREENTREE RD OPP BANBURY LN,"Green Tree borough (Allegheny, PA)",,40.406612,-80.052778,kept,0,0.24,0.0,0.0,38,id
5796,LINDSAY RD OPP #443,"Scott township (Allegheny, PA)",,40.384201,-80.084457,loses_all_service,211,0.24,0.0,0.0,38,id
5809,LINDSAY RD AT SWALLOW HILL RD,"Scott township (Allegheny, PA)",,40.384605,-80.070679,loses_all_service,775,0.24,0.0,0.6,38,id
5860,GREENTREE RD OPP RYAN DR,"Scott township (Allegheny, PA)",,40.402916,-80.060647,kept,0,0.24,0.0,0.2,38,id
5896,LINDSAY RD AT WYNNECLIFF DR #2,"Scott township (Allegheny, PA)",,40.383789,-80.080301,loses_all_service,438,0.24,0.2,0.0,38,id
6056,BOWER HILL RD AT LIBERTY ST,"Bridgeville borough (Allegheny, PA)",,40.359022,-80.108893,loses_all_service,195,0.24,0.0,0.0,41,id
6434,VANADIUM RD OPP VOLUNTEER FIRE COMPANY,"Scott township (Allegheny, PA)",,40.374261,-80.092323,loses_all_service,361,0.24,0.6,0.0,41,id
6604,CEDAR BLVD OPP BEADLING RD,"Mount Lebanon township (Allegheny, PA)",,40.366356,-80.061272,loses_all_service,1226,0.24,0.2,0.0,36,id
6909,CURRY RD OPP LAUREL DR,"Baldwin borough (Allegheny, PA)",,40.344281,-79.992085,loses_all_service,544,0.24,0.0,0.0,Y45,id
7455,BRINTON AVE AT RAVINE ST,"North Braddock borough (Allegheny, PA)",,40.401645,-79.841309,kept,0,0.24,0.2,0.2,P68,id
7567,BRINTON AVE AT TERRACE ST,"North Braddock borough (Allegheny, PA)",,40.400341,-79.841205,kept,0,0.24,0.0,0.0,P68,id
7730,LAKETON RD AT #3600,"Penn Hills township (Allegheny, PA)",,40.459447,-79.84385,kept,0,0.24,0.0,0.0,P78,id
7903,PENN AVE OPP FINDLEY DR EAST,"Wilkinsburg borough (Allegheny, PA)",,40.444267,-79.863396,kept,0,0.24,0.0,0.2,67;P16;P67,id
8019,BEACON ST OPP #5414,"Pittsburgh city (Allegheny, PA)",Squirrel Hill South,40.433615,-79.932093,kept,0,0.24,0.2,0.0,65;93,id
8061,BRINTON RD AT ARDMORE BLVD,"Wilkinsburg borough (Allegheny, PA)",,40.435371,-79.871658,kept,0,0.24,0.8,0.2,P68,id
8067,MONROEVILLE BLVD AT BOSSES DR,"Monroeville municipality (Allegheny, PA)",,40.428433,-79.787415,kept,0,0.24,0.2,0.2,P68,id
8289,WOOD ST AT WALLACE AVE,"Wilkinsburg borough (Allegheny, PA)",,40.444376,-79.884293,kept_nearby,16,0.24,0.0,0.0,71;P71,id
8370,MURRAY AVE AT WILKINS AVE,"Pittsburgh city (Allegheny, PA)",Squirrel Hill North,40.443864,-79.923811,kept_nearby,30,0.24,0.0,0.0,74,id
8419,WILTSIE ST AT WARDSONS ST,"Pittsburgh city (Allegheny, PA)",Lincoln-Lemington-Belmar,40.472594,-79.896726,loses_all_service,285,0.24,0.4,0.4,74,id
8809,LINCOLN AVE AT JOSHUA ST,"Pittsburgh city (Allegheny, PA)",Lincoln-Lemington-Belmar,40.47043,-79.892873,kept,0,0.24,0.0,0.2,82;P17,id
8935,VERONA BLVD AT RUNNETTE ST,"Penn Hills township (Allegheny, PA)",,40.470534,-79.887576,kept,0,0.24,0.0,0.0,79;P17,id
9028,DESOTO ST AT O'HARA ST,"Pittsburgh city (Allegheny, PA)",West Oakland,40.443129,-79.959714,kept,0,0.24,0.0,0.0,81;83,id
9214,ATLANTIC AVE AT ROSETTA ST,"Pittsburgh city (Allegheny, PA)",Garfield,40.467313,-79.937815,kept,0,0.24,0.4,0.2,89,id
969,CATOMA ST AT LANARK ST,"Pittsburgh city (Allegheny, PA)",Fineview,40.460631,-80.004087,kept,0,0.24,0.4,0.2,11,id
973,RISING MAIN AVE AT LANARK ST,"Pittsburgh city (Allegheny, PA)",Fineview,40.463748,-80.005344,kept,0,0.24,0.0,0.2,11,id
1007,CENTER AVE AT COLUMBIA AVE FS,"West View borough (Allegheny, PA)",,40.520193,-80.041974,kept,0,0.19,0.0,0.0,13,id
10267,WALNUT ST AT SUNOCO STATION,"McKeesport city (Allegheny, PA)",,40.336469,-79.852917,kept_nearby,9,0.19,0.0,0.0,60,id
10371,WALNUT ST AT 14TH AVE FS,"McKeesport city (Allegheny, PA)",,40.341186,-79.860977,kept,0,0.19,0.4,0.0,60,id
10383,WALNUT ST OPP EXXON STATION,"McKeesport city (Allegheny, PA)",,40.325772,-79.839474,kept,0,0.19,0.0,0.2,60,id
11003,W 5TH AVE AT RAMP #2,"McKeesport city (Allegheny, PA)",,40.346864,-79.880534,kept,0,0.19,0.2,0.8,55;56;59,id
11017,LEBANON CHURCH RD AT VINDALE DR FS,"West Mifflin borough (Allegheny, PA)",,40.353855,-79.915251,kept,0,0.19,0.0,0.0,53;53L;59,id
11039,MAIN ST AT W EDNA ST,"Munhall borough (Allegheny, PA)",,40.39323,-79.900278,kept,0,0.19,0.2,0.6,53;53L,id
11051,MAIN ST OPP LESLIE ST,"Munhall borough (Allegheny, PA)",,40.379611,-79.907307,kept,0,0.19,0.0,0.0,53;53L,id
11073,GREENFIELD AVE OPP BLANTON ST STEPS FS,"Pittsburgh city (Allegheny, PA)",Greenfield,40.424559,-79.937667,kept,0,0.19,0.0,0.6,58,id
11178,JACKS RUN RD AT RAINBOW SHOPPING CTR ENTRANCE,"White Oak borough (Allegheny, PA)",,40.338172,-79.806766,loses_all_service,1720,0.19,0.0,0.0,P76,id
11703,HOMEVILLE RD OPP CASTLE DR #1,"West Mifflin borough (Allegheny, PA)",,40.376823,-79.875446,loses_all_service,693,0.19,0.0,0.0,52L,id
12138,GREENFIELD AVE OPP FRANK ST (#912),"Pittsburgh city (Allegheny, PA)",Greenfield,40.423938,-79.932797,kept,0,0.19,0.0,0.0,58,id
12660,7TH ST OPP NEW KEN HOSPITAL,"New Kensington city (Westmoreland, PA)",,40.562312,-79.766678,loses_all_service,207,0.19,0.6,0.0,1,id
12797,PITTSBURGH ST OPP WASHINGTON ST,"Springdale borough (Allegheny, PA)",,40.541106,-79.790545,kept,0,0.19,0.0,0.2,1;P10,id
1281,FOREST AVE AT RAVENSWOOD AVE,"Ross township (Allegheny, PA)",,40.505613,-80.051547,kept,0,0.19,0.8,0.4,13,id
12817,FREEPORT RD OPP MURRAY HILL RD,"East Deer township (Allegheny, PA)",,40.58114,-79.778861,kept,0,0.19,0.0,0.0,1;P10,id
12819,FREEPORT RD AT ROWE'S CROSSING,"East Deer township (Allegheny, PA)",,40.583613,-79.777835,kept,0,0.19,0.0,0.4,1;P10,id
12836,ALPHA DR AT PRINT TECH DRVWY,"O'Hara township (Allegheny, PA)",,40.493153,-79.870842,kept,0,0.19,0.0,0.0,91,id
1354,BEAVER RD AT QUAKER RD,"Edgeworth borough (Allegheny, PA)",,40.548647,-80.189678,kept,0,0.19,0.0,0.0,14,id
13588,RODI RD OPP PENN CENTER BLVD NS,"Wilkins township (Allegheny, PA)",,40.430393,-79.816969,kept,0,0.19,0.2,0.0,67,id
1383,OHIO RIVER BLVD OPP DICKSON AVE,"Ben Avon borough (Allegheny, PA)",,40.503591,-80.08116,kept,0,0.19,0.0,0.2,14,id
1446,BEAVER ST AT RIVER RD,"Haysville borough (Allegheny, PA)",,40.526582,-80.158875,kept,0,0.19,0.0,0.0,14,id
14508,HULTON RD AT 3RD ST,"Oakmont borough (Allegheny, PA)",,40.526027,-79.842532,kept,0,0.19,0.0,0.0,P16;P78,id
14614,MONROEVILLE-TRESTLE RD AT FOUR SEASONS,"Plum borough (Allegheny, PA)",,40.4701,-79.754807,loses_all_service,1903,0.19,0.0,0.0,77,id
14714,CENTER RD OPP HELMAR DR FS,"Monroeville municipality (Allegheny, PA)",,40.452396,-79.761299,loses_all_service,415,0.19,0.0,0.0,77,id
1474,BEAVER ST AT CAMP MEETING RD,"Leetsdale borough (Allegheny, PA)",,40.563841,-80.205374,kept,0,0.19,0.0,0.0,14,id
16569,ALLEGHENY AVE AT HULTON RD NS (PORTE ST STEPS),"Oakmont borough (Allegheny, PA)",,40.524786,-79.841354,kept,0,0.19,0.0,0.0,P78,id
169,EAST ST OPP ROYAL ST,"Pittsburgh city (Allegheny, PA)",Spring Hill-City View,40.465996,-79.99984,kept,0,0.19,0.0,0.0,12,id
18318,CALIFORNIA AVE OPP ELIZABETH AVE,"Avalon borough (Allegheny, PA)",,40.499212,-80.063313,kept,0,0.19,0.2,0.0,16;19L,id
18362,FREEPORT RD AT LEWIS AVE,"Blawnox borough (Allegheny, PA)",,40.497037,-79.855976,kept,0,0.19,0.0,0.0,1,id
18484,MIFFLIN RD OPP #1236,"Pittsburgh city (Allegheny, PA)",Lincoln Place,40.371128,-79.914995,kept,0,0.19,0.0,0.8,56,id
18783,HERBST RD AT ROSE AVE FS,"Kennedy township (Allegheny, PA)",,40.487232,-80.11837,loses_all_service,2132,0.19,0.0,0.0,20,id
18794,ISLAND AVE OPP ORR ST,"Stowe township (Allegheny, PA)",,40.484389,-80.072535,kept,0,0.19,0.0,0.2,21,id
18983,UPLAND ST OPP APPLE ST,"Pittsburgh city (Allegheny, PA)",Homewood North,40.461891,-79.893795,kept,0,0.19,0.0,0.0,74,id
19080,UNITY TRESTLE RD AT MILLERS LN,"Plum borough (Allegheny, PA)",,40.489392,-79.778517,loses_all_service,1435,0.19,0.0,0.0,77;P16,id
19134,MILLTOWN RD AT NEWFIELD DR,"Penn Hills township (Allegheny, PA)",,40.501027,-79.792372,loses_all_service,1852,0.19,0.0,0.0,P16,id
19284,GILKESON RD AT WASHINGTON RD,"Mount Lebanon township (Allegheny, PA)",,40.355115,-80.050458,loses_all_service,1176,0.19,0.0,0.0,36,id
19319,SPRING GARDEN AVE AT WILLIAMS RD,"Pittsburgh city (Allegheny, PA)",Spring Garden,40.47729,-79.993594,loses_all_service,509,0.19,0.0,0.0,7,id
19580,GREENTREE RD AT RYAN DR NS,"Scott township (Allegheny, PA)",,40.402324,-80.061703,kept,0,0.19,0.6,0.4,38,id
19820,FREEPORT RD AT FERRY ST FS,"East Deer township (Allegheny, PA)",,40.587511,-79.776189,kept,0,0.19,0.0,0.2,1;P10,id
20160,HOFFMAN BLVD OPP CLONMEL ST NS,"West Mifflin borough (Allegheny, PA)",,40.382904,-79.866847,kept,0,0.19,0.0,0.0,59,id
20225,BROWNSVILLE RD OPP NATIVITY CHURCH,"South Park township (Allegheny, PA)",,40.328994,-79.987259,loses_all_service,1174,0.19,0.0,0.0,Y45,id
20249,PROSPECT RD AT CAPAREL TOWNHOUSE,"Baldwin borough (Allegheny, PA)",,40.359673,-79.959878,kept,0,0.19,0.0,0.0,Y49,id
20364,TILDEN ST OPP #7182,"Pittsburgh city (Allegheny, PA)",Lincoln-Lemington-Belmar,40.463921,-79.893667,kept,0,0.19,0.0,0.0,74,id
20553,MONONGAHELA AVE AT 2ND ST,"Glassport borough (Allegheny, PA)",,40.332474,-79.891824,kept,0,0.19,0.0,0.2,55,id
20617,HWY RT 885 OPP WRAY LARGE RD,"Jefferson Hills borough (Allegheny, PA)",,40.318534,-79.921627,kept,0,0.19,0.0,0.0,55,id
20652,CORBET ST AT 9TH AVE,"Tarentum borough (Allegheny, PA)",,40.604793,-79.75347,kept_nearby,44,0.19,0.0,0.0,P10,id
20794,FORBES RD AT MEADOW ST,"Trafford borough (Westmoreland, PA)",,40.388982,-79.750332,loses_all_service,1375,0.19,0.0,0.0,69;P69,id
20836,BEAVER ST OPP GLEN MITCHELL RD,"Glen Osborne borough (Allegheny, PA)",,40.531536,-80.169029,kept,0,0.19,0.4,0.0,14,id
20868,HAZELWOOD AVE OPP NANSEN ST,"Pittsburgh city (Allegheny, PA)",Hazelwood,40.413525,-79.939415,kept,0,0.19,0.0,0.2,93,id
21101,LAKETON RD AT PADEN ST,"Wilkinsburg borough (Allegheny, PA)",,40.449123,-79.864156,kept,0,0.19,0.0,0.0,P78,former_id
21214,MCKNIGHT RD AT PITTSBURGH REVIVAL CENTER,"Ross township (Allegheny, PA)",,40.502923,-80.010794,kept,0,0.19,0.4,0.8,12;O12,former_id
21226,OLD ELIZABETH RD AT LEBANON SCHOOL RD,"West Mifflin borough (Allegheny, PA)",,40.348079,-79.92931,kept,0,0.19,0.0,0.0,53;53L;55,id
21587,CHURCHVIEW AVE AT WALTON RD FS,"Baldwin borough (Allegheny, PA)",,40.385512,-79.961087,loses_all_service,1356,0.19,0.0,0.0,44,id
22395,SEAVEY RD AT ELBE DR FS,"Shaler township (Allegheny, PA)",,40.491343,-79.969569,kept,0,0.19,0.0,0.0,2,id
22617,BOWMAN AVE AT #2314,"McKeesport city (Allegheny, PA)",,40.365499,-79.870586,loses_all_service,962,0.19,0.2,0.0,52L,id
22671,PERRY HWY AT OLD PERRYSVILLE RD FS,"Ross township (Allegheny, PA)",,40.552714,-80.01874,kept,0,0.19,0.4,0.2,12,id
22697,GREENTREE RD AT MCKNINNEY LN FS,"Green Tree borough (Allegheny, PA)",,40.342929,-79.912245,kept,0,0.19,0.2,0.0,55,id
22699,GREENTREE RD AT JUNIUS ST,"Pittsburgh city (Allegheny, PA)",Ridgemont,40.342207,-79.912661,kept,0,0.19,0.0,0.0,55,id
2433,MT ROYAL BLVD OPP WILJOHN ST,"Shaler township (Allegheny, PA)",,40.514039,-79.959026,kept,0,0.19,0.2,0.0,2;P13,id
2499,FERGUSON RD AT POST RD,"McCandless township (Allegheny, PA)",,40.563859,-79.989982,loses_all_service,1745,0.19,0.0,0.0,2;P13,id
2616,BRERETON ST AT 28TH ST,"Pittsburgh city (Allegheny, PA)",Polish Hill,40.455772,-79.972755,kept,0,0.19,0.0,0.0,54,id
2709,MT TROY RD AT GEYER RD,"Reserve township (Allegheny, PA)",,40.493714,-79.995076,loses_all_service,1349,0.19,0.4,0.0,4,id
2719,MT TROY RD OPP FORNOF LN,"Reserve township (Allegheny, PA)",,40.478464,-79.986385,loses_all_service,1027,0.19,0.0,0.0,4,id
2771,MT TROY RD AT LONSDALE ST,"Reserve township (Allegheny, PA)",,40.47377,-79.984078,loses_all_service,681,0.19,0.0,0.4,4,id
2809,SUNSET AVE OPP NORRIS ST,"Pittsburgh city (Allegheny, PA)",Spring Hill-City View,40.471256,-80.000823,kept,0,0.19,0.0,0.2,6,id
32,BELLEFIELD AVE AT BOARD OF EDUCATION,"Pittsburgh city (Allegheny, PA)",North Oakland,40.444399,-79.950906,loses_all_service,171,0.19,0.0,0.2,58,id
3504,FOREST GROVE RD OPP MIDWAY DR,"Kennedy township (Allegheny, PA)",,40.477876,-80.102765,loses_all_service,518,0.19,0.0,0.0,20,id
3675,PINE HOLLOW RD AT #1625 (MICKEY'S PLACE),"Kennedy township (Allegheny, PA)",,40.475581,-80.085777,kept,0,0.19,0.0,0.0,24,id
4330,STEUBENVILLE PIKE OPP FIRESIDE INN,"Robinson township (Allegheny, PA)",,40.439595,-80.089324,kept,0,0.19,0.0,0.2,29,id
4563,BANKSVILLE RD AT #3021,"Pittsburgh city (Allegheny, PA)",Banksville,40.401533,-80.042428,loses_all_service,230,0.19,0.0,0.0,36,id
4567,BANKSVILLE RD AT #1593,"Pittsburgh city (Allegheny, PA)",Beechview,40.410121,-80.031534,kept,0,0.19,4.4,0.0,36,id
4658,BANKSVILLE RD AT FAMILY LINKS,"Pittsburgh city (Allegheny, PA)",Banksville,40.405513,-80.037424,loses_all_service,300,0.19,0.0,0.4,36,id
504,HEMLOCK DR AT NORTH PARK POOL PARK AND RIDE,"McCandless township (Allegheny, PA)",,40.586694,-79.996333,loses_all_service,2172,0.19,0.0,0.0,O5,id
5525,NOBLESTOWN RD OPP PACE DR,"Pittsburgh city (Allegheny, PA)",Oakwood,40.424904,-80.065741,kept,0,0.19,0.4,0.2,31,id
5878,GREENTREE RD OPP GREENBRIAR DR,"Scott township (Allegheny, PA)",,40.398529,-80.065668,kept,0,0.19,0.2,1.0,38,id
6250,BOWER HILL RD AT #736,"Bridgeville borough (Allegheny, PA)",,40.358621,-80.103978,loses_all_service,548,0.19,0.2,0.0,41,id
6265,MAIN ST AT #1737,"Scott township (Allegheny, PA)",,40.376844,-80.092911,loses_all_service,180,0.19,0.0,0.0,41,id
6436,VANADIUM RD AT ELMBROOK LN,"Scott township (Allegheny, PA)",,40.369455,-80.085846,loses_all_service,374,0.19,0.0,0.0,41,id
6583,CEDAR BLVD AT MAYFAIR DR,"Mount Lebanon township (Allegheny, PA)",,40.370795,-80.059912,loses_all_service,900,0.19,0.0,0.0,36,id
6658,GRANDVIEW AVE AT AUGUSTA ST,"Pittsburgh city (Allegheny, PA)",Duquesne Heights,40.439816,-80.022141,kept,0,0.19,0.0,0.4,40,id
6731,KATHLEEN ST AT JUDICIAL ST,"Pittsburgh city (Allegheny, PA)",Mount Washington,40.425687,-79.999805,loses_all_service,382,0.19,0.2,0.0,43,id
6993,ARLINGTON AVE AT #1047,"Pittsburgh city (Allegheny, PA)",Allentown,40.423457,-79.989092,kept,0,0.19,0.4,0.2,43,id
7314,AURELIUS ST AT MCCLURE AVE,"Swissvale borough (Allegheny, PA)",,40.421196,-79.89521,kept,0,0.19,0.0,0.0,71;P71,id
7555,COREY AVE AT CENTER ST,"Braddock borough (Allegheny, PA)",,40.406372,-79.866268,loses_all_service,210,0.19,0.0,0.4,59,id
7566,WOLFE AVE OPP TURNER DR NS,"North Braddock borough (Allegheny, PA)",,40.408021,-79.849412,kept,0,0.19,0.2,0.4,P68,id
7592,EXPOMART DR AT WEST ENTRANCE,"Monroeville municipality (Allegheny, PA)",,40.43264,-79.794151,kept,0,0.19,0.4,0.0,67;P67,former_id
7726,LAKETON RD AT WOODGATE RD,"Penn Hills township (Allegheny, PA)",,40.458224,-79.8552,kept,0,0.19,0.0,0.0,P78,id
8,RIDGE AVE AT GALVESTON AVE,"Pittsburgh city (Allegheny, PA)",Allegheny West,40.450237,-80.015516,loses_all_service,177,0.19,0.0,0.0,18,id
8004,BEECHWOOD BLVD AT #2530,"Pittsburgh city (Allegheny, PA)",Squirrel Hill South,40.429335,-79.915624,loses_all_service,157,0.19,0.0,0.0,65,id
8369,MURRAY AVE AT SOLWAY ST,"Pittsburgh city (Allegheny, PA)",Squirrel Hill North,40.442791,-79.923592,kept_nearby,134,0.19,0.2,0.0,74,id
8406,WILTSIE ST AT #6903,"Pittsburgh city (Allegheny, PA)",Lincoln-Lemington-Belmar,40.473847,-79.897653,loses_all_service,427,0.19,0.8,0.0,74,id
8520,BEECHWOOD BLVD AT #3825,"Pittsburgh city (Allegheny, PA)",Greenfield,40.428298,-79.93088,loses_all_service,350,0.19,0.0,0.0,52L;53L,id
8804,LINCOLN AVE OPP ARBOR ST,"Pittsburgh city (Allegheny, PA)",Lincoln-Lemington-Belmar,40.465964,-79.897843,kept,0,0.19,0.4,0.0,82;P17,id
8808,LINCOLN AVE OPP WILTSIE ST,"Pittsburgh city (Allegheny, PA)",Lincoln-Lemington-Belmar,40.470088,-79.893735,kept,0,0.19,0.0,0.0,82;P17,id
9427,PROSPECT RD AT ABBOTT DR,"Whitehall borough (Allegheny, PA)",,40.364069,-79.973079,kept,0,0.19,0.0,0.8,Y49,id
10130,HWY RT 885 OPP GORDONS LN,"West Mifflin borough (Allegheny, PA)",,40.335958,-79.936625,loses_all_service,447,0.14,0.0,0.0,Y47;Y49,id
10375,WALNUT ST AT 25TH AVE,"McKeesport city (Allegheny, PA)",,40.33455,-79.849625,kept,0,0.14,0.0,0.0,60,id
11046,MAIN ST AT EMERSON AVE,"Munhall borough (Allegheny, PA)",,40.385283,-79.903382,kept,0,0.14,0.0,0.4,53;53L,id
11138,LINCOLN HWY OPP MCKEE RD,"North Versailles township (Allegheny, PA)",,40.373025,-79.792726,loses_all_service,1849,0.14,0.0,0.0,P76,id
11140,LINCOLN HWY OPP JACOB ST,"North Versailles township (Allegheny, PA)",,40.376757,-79.799597,loses_all_service,1133,0.14,0.0,0.0,P76,id
11161,LINCOLN HWY AT GRAHAM AVE,"North Versailles township (Allegheny, PA)",,40.380126,-79.809183,loses_all_service,256,0.14,0.0,0.0,P76,id
11259,HWY RT 51 AT LARGE VFD,"Jefferson Hills borough (Allegheny, PA)",,40.300589,-79.92355,kept,0,0.14,0.0,0.2,Y46,id
11270,WORTHINGTON AVE OPP 9TH ST,"Clairton city (Allegheny, PA)",,40.2921,-79.891598,kept,0,0.14,0.0,0.2,Y46,id
11694,PENNSYLVANIA AVE AT VERMONT AVE,"West Mifflin borough (Allegheny, PA)",,40.362111,-79.866598,loses_all_service,656,0.14,0.0,0.0,52L,id
11746,GREENSPRINGS AVE AT CHURCH ST FS,"West Mifflin borough (Allegheny, PA)",,40.390715,-79.882556,kept,0,0.14,0.0,0.0,52L,id
11750,GREENSPRINGS AVE AT ROBERTA DR,"West Mifflin borough (Allegheny, PA)",,40.386039,-79.880322,kept,0,0.14,0.0,0.0,52L,id
11949,MAPLE ST AT ELIZA ST,"West Mifflin borough (Allegheny, PA)",,40.396142,-79.881267,kept,0,0.14,0.0,0.0,59,id
12145,SECOND AVE AT AMERICAN ST,"Pittsburgh city (Allegheny, PA)",Hazelwood,40.402927,-79.941978,kept,0,0.14,0.0,0.0,56,id
12148,SECOND AVE OPP ALUVIAN ST,"Pittsburgh city (Allegheny, PA)",Hazelwood,40.400208,-79.938132,kept,0,0.14,0.0,0.0,56,id
12610,FREEPORT RD OPP CLIFTON AVE,"O'Hara township (Allegheny, PA)",,40.499529,-79.852853,kept,0,0.14,0.0,0.4,1,id
12796,PITTSBURGH ST OPP DUQUESNE CT,"Springdale borough (Allegheny, PA)",,40.54094,-79.793071,kept,0,0.14,0.0,0.0,1;P10,id
1340,BEAVER ST AT LEET ST FS,"Leetsdale borough (Allegheny, PA)",,40.571251,-80.216332,kept,0,0.14,0.4,0.0,14,id
1343,BEAVER ST AT RAPP ST,"Leetsdale borough (Allegheny, PA)",,40.566605,-80.209746,kept,0,0.14,0.2,0.0,14,id
1347,BEAVER ST OPP VALLEY LN,"Leetsdale borough (Allegheny, PA)",,40.561104,-80.20266,kept,0,0.14,0.0,0.0,14,id
13474,9TH AVE AT PENN ST FS,"Brackenridge borough (Allegheny, PA)",,40.609964,-79.740358,kept,0,0.14,0.0,0.0,P10,id
13490,9TH AVE AT MORGAN ST,"Brackenridge borough (Allegheny, PA)",,40.609467,-79.742065,kept,0,0.14,0.0,0.0,P10,id
13633,HWY RT 286 OPP NEW TEXAS RD - PLUM PARK AND R,"Plum borough (Allegheny, PA)",,40.450647,-79.713551,kept,0,0.14,0.0,0.0,P12,id
14023,GREENSBURG PIKE AT UNION AVE,"North Versailles township (Allegheny, PA)",,40.381135,-79.817004,kept,0,0.14,0.0,0.0,P76,id
14331,VERONA RD AT ARTHUR DR,"Penn Hills township (Allegheny, PA)",,40.484963,-79.83745,kept,0,0.14,0.0,0.0,P78,id
14355,HAMILTON AVE AT JULIUS ST,"Pittsburgh city (Allegheny, PA)",Larimer,40.458267,-79.911563,loses_all_service,151,0.14,0.0,0.0,75;P17,id
1439,OHIO RIVER BLVD AT PENNSYLVANIA AVE,"Emsworth borough (Allegheny, PA)",,40.511139,-80.09971,kept,0,0.14,0.0,0.0,14,id
14449,VERONA RD AT QUINCY DR,"Penn Hills township (Allegheny, PA)",,40.493472,-79.836379,kept,0,0.14,0.0,0.0,P78,id
1465,BEAVER RD OPP QUAKER RD,"Edgeworth borough (Allegheny, PA)",,40.548419,-80.18954,kept,0,0.14,0.0,0.0,14,id
14693,SALTSBURG RD OPP MILLERS LN,"Plum borough (Allegheny, PA)",,40.475159,-79.772827,loses_all_service,1081,0.14,0.0,0.0,77;P16,id
1473,BEAVER ST AT OAK DR,"Leetsdale borough (Allegheny, PA)",,40.562412,-80.203866,kept,0,0.14,0.4,0.0,14,id
1479,BEAVER ST OPP LEET ST,"Leetsdale borough (Allegheny, PA)",,40.571419,-80.216356,kept,0,0.14,0.0,0.0,14,id
15736,WARREN DR OPP WALMART DRVWY,"North Versailles township (Allegheny, PA)",,40.385476,-79.821663,kept,0,0.14,0.8,0.2,55;P76,id
16500,MONONGAHELA AVE AT #2129,"Swissvale borough (Allegheny, PA)",,40.417361,-79.887544,kept,0,0.14,0.2,0.4,59;61B;71;P71,id
1670,GRANT AVE AT DAVIS AVE,"Bellevue borough (Allegheny, PA)",,40.490247,-80.050707,kept_nearby,95,0.14,0.0,0.0,19L,id
17007,GREENTREE RD AT ST MARGARET SCHOOL DRIVEWAY,"Green Tree borough (Allegheny, PA)",,40.423084,-80.044874,kept,0,0.14,0.0,0.0,38,id
17110,WM PENN HWY OPP RITE AID,"Monroeville municipality (Allegheny, PA)",,40.438669,-79.767918,kept,0,0.14,0.0,0.0,67,id
17265,SIDNEY ST AT S 28TH ST,"Pittsburgh city (Allegheny, PA)",South Side Flats,40.427134,-79.964965,kept,0,0.14,0.2,0.0,75,id
1810,N CHARLES ST OPP BIZET ST,"Pittsburgh city (Allegheny, PA)",Perry South,40.466452,-80.019749,loses_all_service,383,0.14,0.0,0.8,15,id
18704,SPRINGFIELD DR AT NORTHGATE DR,"McCandless township (Allegheny, PA)",,40.577893,-79.992421,loses_all_service,1906,0.14,0.0,0.0,O5,id
18780,MCCOY RD AT NEVILLE AVE FS,"Kennedy township (Allegheny, PA)",,40.479799,-80.083984,kept,0,0.14,0.0,0.0,22,id
18798,GRAND AVE AT VON STEIN LN FS,"Neville township (Allegheny, PA)",,40.517395,-80.148785,kept,0,0.14,1.4,0.0,21,id
18996,COMMERCIAL ST AT BLACKHAWK ST,"Swissvale borough (Allegheny, PA)",,40.420353,-79.89845,kept,0,0.14,0.0,0.0,71;P71,id
19068,LEECHBURG RD OPP COURTNEY DR,"Penn Hills township (Allegheny, PA)",,40.486776,-79.804454,loses_all_service,380,0.14,0.0,0.0,77;P16,id
1915,MARSHALL AVE OPP STAYTON ST,"Pittsburgh city (Allegheny, PA)",Marshall-Shadeland,40.46627,-80.025635,kept,0,0.14,0.0,0.8,17,id
19369,S 21ST ST AT SIDNEY ST,"Pittsburgh city (Allegheny, PA)",South Side Flats,40.429336,-79.97612,kept,0,0.14,0.0,0.0,81;83,id
19630,NOBLE AVE AT E CRAFTON AVE,"Crafton borough (Allegheny, PA)",,40.435994,-80.064532,kept,0,0.14,0.0,0.0,29,id
19675,HIGHLAND RD AT OXFORD DR,"Bethel Park municipality (Allegheny, PA)",,40.348917,-80.050166,loses_all_service,593,0.14,0.0,0.0,36,id
19822,FREEPORT RD AT BAILEY'S RUN RD,"East Deer township (Allegheny, PA)",,40.587544,-79.776306,kept,0,0.14,0.2,0.2,1;P10,id
20071,MURRAY AVE AT NORTHUMBERLAND ST,"Pittsburgh city (Allegheny, PA)",Squirrel Hill North,40.441554,-79.923442,loses_all_service,269,0.14,0.0,0.0,74,id
20072,MURRAY AVE AT AYLESBORO AVE,"Pittsburgh city (Allegheny, PA)",Squirrel Hill North,40.439921,-79.923122,loses_all_service,206,0.14,0.0,0.0,74,id
20198,COCHRAN RD AT ARDEN RD,"Mount Lebanon township (Allegheny, PA)",,40.387806,-80.055263,kept_nearby,79,0.14,0.2,0.0,38,id
20228,WEYMAN RD AT HENNIG DR FS,"Whitehall borough (Allegheny, PA)",,40.364339,-79.999732,kept,0,0.14,0.0,0.0,Y45,id
20258,MOUNTAIN AVE OPP SCHULER ST,"Pittsburgh city (Allegheny, PA)",Mt. Oliver,40.409729,-79.977393,kept,0,0.14,1.6,0.8,44,id
20397,LABELLE ST AT GRANDVIEW AVE,"Pittsburgh city (Allegheny, PA)",Mount Washington,40.43632,-80.015608,kept,0,0.14,0.0,0.0,40,id
20422,BELTZHOOVER AVE AT RENTZ WAY,"Pittsburgh city (Allegheny, PA)",Knoxville,40.416737,-79.997185,kept_nearby,24,0.14,0.4,0.0,54,id
20535,HWY RT 885 OPP WALL RD FS,"Jefferson Hills borough (Allegheny, PA)",,40.307031,-79.90434,kept,0,0.14,0.0,0.0,55,id
20709,CYPRESS ST AT MIFFLIN ST,"Whitaker borough (Allegheny, PA)",,40.396266,-79.891234,kept,0,0.14,0.0,0.0,52L,id
20887,JOHNSTON AVE OPP BROADVIEW DR,"Pittsburgh city (Allegheny, PA)",Glen Hazel,40.407416,-79.926433,kept_nearby,41,0.14,0.0,0.0,57,id
21178,BEECHWOOD BLVD OPP FEDERAL HILL ST,"Pittsburgh city (Allegheny, PA)",Greenfield,40.420957,-79.927575,kept_nearby,101,0.14,0.0,0.0,52L;53L,former_id
21239,GREENSBURG PIKE AT KLINE AVE FS,"North Versailles township (Allegheny, PA)",,40.397816,-79.821085,kept,0,0.14,1.2,0.6,59,id
21361,FREEPORT RD OPP POWERS RUN RD,"O'Hara township (Allegheny, PA)",,40.507276,-79.851597,kept,0,0.14,0.0,0.0,1,id
21369,PROVOST RD OPP WEYMAN RD,"Whitehall borough (Allegheny, PA)",,40.375672,-79.993938,kept_nearby,34,0.14,0.0,0.0,Y47,former_id
21426,BABCOCK BLVD AT WINCHESTER DR,"McCandless township (Allegheny, PA)",,40.565949,-80.016424,loses_all_service,166,0.14,0.0,0.6,12,former_id
21434,CALIFORNIA AVE OPP MARVISTA ST NS,"Pittsburgh city (Allegheny, PA)",Manchester,40.46139,-80.02945,kept,0,0.14,0.0,0.0,13,former_id
21562,AGNEW RD AT CLOVERFIELD DR,"Baldwin borough (Allegheny, PA)",,40.398782,-79.964679,loses_all_service,1520,0.14,0.0,0.0,44,id
21615,HARTMAN ST AT O'NEIL BLVD,"McKeesport city (Allegheny, PA)",,40.347764,-79.832699,kept,0,0.14,0.0,0.0,56,former_id
21622,SIDNEY ST AT CIRCUIT CENTER DRVWY FS,"Pittsburgh city (Allegheny, PA)",South Side Flats,40.425639,-79.962264,kept,0,0.14,0.2,0.0,75,id
22631,HWY RT 885 AT ANDREW DR,"Jefferson Hills borough (Allegheny, PA)",,40.463788,-79.916832,kept_nearby,7,0.14,0.0,0.2,74,id
22657,BLAIR ST OPP STREET A,"Pittsburgh city (Allegheny, PA)",Hazelwood,40.371173,-79.843506,kept_nearby,64,0.14,0.0,1.2,61C,id
2331,ISLAND AVE AT FRANKLIN INTERIORS,"Stowe township (Allegheny, PA)",,40.483409,-80.071052,kept,0,0.14,0.0,0.0,21,id
2334,ISLAND AVE AT #1470,"Stowe township (Allegheny, PA)",,40.486857,-80.076279,kept,0,0.14,0.2,0.2,21,id
2720,MT TROY RD OPP #2840,"Reserve township (Allegheny, PA)",,40.476791,-79.987744,loses_all_service,991,0.14,0.0,0.0,4,id
2755,TROY HILL RD OPP PROVINCE ST FS,"Pittsburgh city (Allegheny, PA)",Troy Hill,40.457581,-79.989143,kept,0,0.14,0.0,0.0,4,id
3166,CALIFORNIA AVE AT MARVISTA ST,"Pittsburgh city (Allegheny, PA)",California-Kirkbride,40.461141,-80.028593,kept,0,0.14,0.4,0.0,13,id
3337,MT ROYAL BLVD AT ROYAL COURT DR,"Shaler township (Allegheny, PA)",,40.542829,-79.97237,kept,0,0.14,0.0,0.0,2;P13,id
337,MCKNIGHT RD AT CUMBERLAND RD,"McCandless township (Allegheny, PA)",,40.571861,-80.023438,kept,0,0.14,0.0,0.0,O12,id
3375,FERGUSON RD AT FOXCROFT LN,"McCandless township (Allegheny, PA)",,40.565075,-79.995804,loses_all_service,1707,0.14,0.0,0.0,2;P13,id
3428,FOREST GROVE RD AT CORAOPOLIS RD,"Kennedy township (Allegheny, PA)",,40.481175,-80.106514,loses_all_service,959,0.14,0.0,0.0,20,id
3445,HERBST RD AT VIGNE RD,"Kennedy township (Allegheny, PA)",,40.489527,-80.119555,loses_all_service,2079,0.14,0.0,0.0,20,id
3456,FOREST GROVE RD AT MIDWAY DR,"Kennedy township (Allegheny, PA)",,40.477795,-80.102852,loses_all_service,523,0.14,0.0,0.0,20,id
3493,MCCOY RD AT LENORE DR,"Kennedy township (Allegheny, PA)",,40.48002,-80.08562,kept,0,0.14,0.0,0.0,22,id
4141,CHARTIERS AVE OPP DUBOIS ST,"Pittsburgh city (Allegheny, PA)",Sheraden,40.451409,-80.050313,kept,0,0.14,0.0,0.0,26,id
4178,CHARTIERS AVE AT OETTING ST,"Pittsburgh city (Allegheny, PA)",Sheraden,40.457878,-80.067344,loses_all_service,288,0.14,0.8,1.2,27,id
4363,STEUBENVILLE PIKE AT FIRESIDE INN,"Robinson township (Allegheny, PA)",,40.439728,-80.088867,kept,0,0.14,0.0,0.0,29,id
4561,MCFARLAND RD OPP HELEN DR FS,"Dormont borough (Allegheny, PA)",,40.396477,-80.046143,kept,0,0.14,0.0,0.0,36,id
5484,NOBLESTOWN RD AT DUNCAN WAY FS,"Scott township (Allegheny, PA)",,40.413128,-80.075347,kept,0,0.14,0.0,0.0,31,id
5500,WASHINGTON AVE AT MURRAY ST,"Bridgeville borough (Allegheny, PA)",,40.360294,-80.111523,kept,0,0.14,0.0,0.0,31;G31,id
5798,LINDSAY RD OPP #559,"Scott township (Allegheny, PA)",,40.382298,-80.084168,loses_all_service,424,0.14,0.2,0.0,38,id
6438,BOWER HILL RD AT ROCKHILL RD,"Scott township (Allegheny, PA)",,40.366837,-80.086314,loses_all_service,635,0.14,0.4,0.0,41,id
6581,CEDAR BLVD OPP LINDENDALE DR,"Mount Lebanon township (Allegheny, PA)",,40.367586,-80.061278,loses_all_service,1105,0.14,0.4,0.0,36,id
6598,CEDAR BLVD AT SALEM DR,"Mount Lebanon township (Allegheny, PA)",,40.378045,-80.055118,loses_all_service,348,0.14,0.2,0.0,36,id
6751,SOUTHERN AVE OPP PROSPECT ST,"Pittsburgh city (Allegheny, PA)",Mount Washington,40.428091,-80.008635,kept,0,0.14,0.0,0.0,40,id
6772,GRANDVIEW AVE OPP SHALER ST,"Pittsburgh city (Allegheny, PA)",Duquesne Heights,40.440406,-80.023119,kept,0,0.14,0.0,0.0,40,id
7312,SCHOYER AVE OPP TONETTE ST,"Swissvale borough (Allegheny, PA)",,40.422629,-79.894731,loses_all_service,156,0.14,0.0,0.0,71;P71,id
7527,MAIN ST AT RIDGE AVE,"East Pittsburgh borough (Allegheny, PA)",,40.398399,-79.841026,kept,0,0.14,0.0,0.0,P68,id
7591,WM PENN HWY AT KOHL'S DRVWY,"Monroeville municipality (Allegheny, PA)",,40.432919,-79.79879,kept,0,0.14,0.4,0.2,67;P67,id
7688,DALLAS AVE AT EDGERTON AVE,"Pittsburgh city (Allegheny, PA)",Point Breeze,40.44764,-79.910896,kept,0,0.14,0.2,0.2,67;69;74,id
7773,AIRBRAKE AVE AT 9TH ST,"Turtle Creek borough (Allegheny, PA)",,40.402501,-79.821184,kept,0,0.14,0.0,0.0,69;P69,id
7814,ARDMORE BLVD AT FAIRFAX RD,"Forest Hills borough (Allegheny, PA)",,40.422174,-79.854668,kept,0,0.14,0.0,0.0,69;P69;P76,id
7996,MULHATTON ST AT DARLINGTON RD,"Pittsburgh city (Allegheny, PA)",Squirrel Hill South,40.436351,-79.916228,loses_all_service,184,0.14,0.0,0.0,65,id
8014,WIGHTMAN ST AT PHILLIPS AVE FS,"Pittsburgh city (Allegheny, PA)",Squirrel Hill South,40.431402,-79.92745,loses_all_service,295,0.14,0.0,0.0,65,id
8068,MONROEVILLE BLVD OPP JAMISON LN,"Monroeville municipality (Allegheny, PA)",,40.427355,-79.788206,kept,0,0.14,0.2,1.0,P68,id
8130,JAMES ST AT #530,"Turtle Creek borough (Allegheny, PA)",,40.410841,-79.81878,kept,0,0.14,0.6,0.2,P68,id
8135,JAMES ST AT OHIO ST,"Monroeville municipality (Allegheny, PA)",,40.419083,-79.811298,kept,0,0.14,0.8,0.4,P68,id
8145,MONROEVILLE BLVD OPP BOSSES DR,"Monroeville municipality (Allegheny, PA)",,40.42825,-79.787437,kept,0,0.14,0.2,0.2,P68,id
8474,REYNOLDS ST AT MURTLAND ST,"Pittsburgh city (Allegheny, PA)",Point Breeze,40.447953,-79.907598,loses_all_service,227,0.14,0.0,0.0,74,id
8637,BENTLEY DR AT KIRKPATRICK ST,"Pittsburgh city (Allegheny, PA)",Terrace Village,40.440708,-79.974197,kept,0,0.14,0.0,0.0,81,id
880,PERRYSVILLE AVE OPP #1923,"Pittsburgh city (Allegheny, PA)",Perry South,40.461598,-80.013489,kept,0,0.14,0.0,0.0,8,id
8824,MT CARMEL RD AT PERSHING ST,"Penn Hills township (Allegheny, PA)",,40.465604,-79.876441,loses_all_service,322,0.14,0.2,0.2,79;P17,id
8931,MT CARMEL RD OPP MASON RD,"Penn Hills township (Allegheny, PA)",,40.465484,-79.878214,loses_all_service,458,0.14,0.0,0.0,79;P17,id
898,PERRYSVILLE AVE AT #3358,"Pittsburgh city (Allegheny, PA)",Perry North,40.481119,-80.013367,kept,0,0.14,0.0,0.0,15;8,id
9270,STANTON AVE OPP STEPS FS,"Pittsburgh city (Allegheny, PA)",Central Lawrenceville,40.477775,-79.947708,kept,0,0.14,0.0,0.2,87,id
9707,PROVOST RD AT WHITEHALL COUNTRY CLUB,"Whitehall borough (Allegheny, PA)",,40.372174,-79.994702,loses_all_service,320,0.14,0.0,0.0,Y47,id
10248,WALNUT ST AT #4913,"Versailles borough (Allegheny, PA)",,40.316331,-79.832916,kept_nearby,34,0.1,0.2,0.0,60,id
10391,WALNUT ST OPP LINDEN ST,"Versailles borough (Allegheny, PA)",,40.314645,-79.829811,kept,0,0.1,0.0,0.0,60,id
10552,EDEN PARK BLVD AT MAYFAIR AVE,"McKeesport city (Allegheny, PA)",,40.343353,-79.829344,kept,0,0.1,0.0,0.0,56,id
10593,LONG RUN RD AT COOLSPRINGS RD,"White Oak borough (Allegheny, PA)",,40.332924,-79.813602,loses_all_service,1369,0.1,0.0,0.0,P76,id
1103,AMITY DR OPP CARRIAGE HILL RD,"Ross township (Allegheny, PA)",,40.549164,-79.996613,loses_all_service,899,0.1,0.0,0.0,O5,id
11084,SHADY AVE OPP HIGHMONT RD,"Pittsburgh city (Allegheny, PA)",Point Breeze,40.449823,-79.920672,kept,0,0.1,0.0,0.0,64,id
11123,WHITAKER WAY AT HIGHWOOD ST,"Munhall borough (Allegheny, PA)",,40.405989,-79.892801,kept,0,0.1,0.0,0.0,52L;59,id
11204,WORTHINGTON AVE OPP PETERSON DR,"Jefferson Hills borough (Allegheny, PA)",,40.293857,-79.903216,kept,0,0.1,0.0,0.0,Y46,id
11257,HWY RT 51 AT BLUE FLAME,"Jefferson Hills borough (Allegheny, PA)",,40.305157,-79.934197,kept,0,0.1,0.0,0.0,Y46,id
11261,HWY RT 51 AT DICK CORPORATION DR,"Jefferson Hills borough (Allegheny, PA)",,40.292375,-79.915705,kept,0,0.1,0.4,0.2,Y46,id
11689,MELLON ST AT VERMONT AVE,"West Mifflin borough (Allegheny, PA)",,40.363952,-79.859099,kept,0,0.1,0.2,0.0,52L;59,id
12034,MIFFLIN RD AT #5419,"Pittsburgh city (Allegheny, PA)",Lincoln Place,40.368199,-79.910351,kept,0,0.1,0.0,0.0,53;53L;56,id
12047,BUTTERMILK HOLLOW RD AT REMNANT WORLD,"West Mifflin borough (Allegheny, PA)",,40.355283,-79.912911,kept,0,0.1,0.0,0.2,53;53L;56,id
12186,MIFFLIN RD OPP GLENHURST RD,"Pittsburgh city (Allegheny, PA)",Lincoln Place,40.37211,-79.917079,kept,0,0.1,0.0,0.0,56,id
12594,WM PENN HWY AT PENN CENTER BLVD NS (DONUT SHO,"Wilkins township (Allegheny, PA)",,40.430306,-79.813582,kept,0,0.1,0.0,0.0,P67,id
1278,FOREST AVE AT #546,"Bellevue borough (Allegheny, PA)",,40.500676,-80.053763,kept,0,0.1,0.0,1.0,13,id
1280,FOREST AVE AT MARYLAND AVE,"Bellevue borough (Allegheny, PA)",,40.504092,-80.052545,kept,0,0.1,0.2,1.2,13,id
1288,CENTER AVE AT HARVARD AVE,"West View borough (Allegheny, PA)",,40.515067,-80.044763,kept,0,0.1,0.2,0.0,13,id
13317,FREEPORT RD AT PENNSYLVANIA AVE,"Harrison township (Allegheny, PA)",,40.624944,-79.723233,kept_nearby,144,0.1,0.0,0.0,P10,id
13570,HWY RT 286 OPP KANE RD (YMCA),"Plum borough (Allegheny, PA)",,40.458055,-79.708362,kept,0,0.1,0.0,0.0,P12,id
13609,OLD WILLIAM PENN HWY OPP GLENWOOD DR,"Monroeville municipality (Allegheny, PA)",,40.44066,-79.745259,kept,0,0.1,0.0,0.0,67;P12,id
1368,BEAVER ST AT #1446,"Glen Osborne borough (Allegheny, PA)",,40.529931,-80.165589,kept,0,0.1,0.2,0.0,14,id
1370,BEAVER ST OPP SYCAMORE AVE,"Glen Osborne borough (Allegheny, PA)",,40.52842,-80.161725,kept_nearby,30,0.1,0.2,0.0,14,id
13794,FRANKSTOWN RD AT CURTIS ST,"Penn Hills township (Allegheny, PA)",,40.462707,-79.850078,kept,0,0.1,0.0,0.0,77,id
1390,OHIO RIVER BLVD AT #4401 (OPP SPRING AVE STEPS),"Bellevue borough (Allegheny, PA)",,40.488804,-80.057814,kept,0,0.1,0.2,0.0,14,id
14443,VERONA RD OPP MAPLE AVE,"Penn Hills township (Allegheny, PA)",,40.479761,-79.839445,kept,0,0.1,0.0,0.0,P78,id
14446,VERONA RD AT POKETA RD,"Penn Hills township (Allegheny, PA)",,40.486442,-79.837308,kept,0,0.1,0.0,0.0,P78,id
14474,HULTON RD AT COXCOMB HILL RD,"Plum borough (Allegheny, PA)",,40.527034,-79.816721,loses_all_service,1518,0.1,0.0,0.0,P16,id
1456,BEAVER ST AT ST ANDREWS CHURCH,"Sewickley borough (Allegheny, PA)",,40.537341,-80.177487,kept,0,0.1,0.0,0.0,14,id
14568,WASHINGTON BLVD OPP HIGHLAND DR,"Pittsburgh city (Allegheny, PA)",Highland Park,40.474341,-79.908378,kept,0,0.1,0.0,0.0,P10,id
14606,CENTER RD OPP COTTAGE LN,"Monroeville municipality (Allegheny, PA)",,40.456166,-79.759822,loses_all_service,625,0.1,0.0,0.0,77,id
14689,SALTSBURG RD AT FORD AVE,"Penn Hills township (Allegheny, PA)",,40.476689,-79.782775,loses_all_service,225,0.1,0.0,0.0,77;P16,id
14763,SALTSBURG RD AT LEECHBURG RD,"Penn Hills township (Allegheny, PA)",,40.484983,-79.817407,kept,0,0.1,1.0,0.6,77,id
15081,FREEPORT RD AT SPRING HILL RD,"Harrison township (Allegheny, PA)",,40.626517,-79.721271,kept_nearby,82,0.1,0.0,0.0,P10,id
15991,GRAND AVE AT NEVILLE METALS,"Neville township (Allegheny, PA)",,40.506232,-80.106802,kept,0,0.1,0.0,0.0,21,id
16650,CLEVER RD OPP FIELD CLUB DR,"Robinson township (Allegheny, PA)",,40.4688,-80.126358,kept,0,0.1,0.0,0.0,24,id
16842,MCKNIGHT RD AT DUNCAN AVE,"McCandless township (Allegheny, PA)",,40.568066,-80.023872,kept,0,0.1,0.0,0.0,O12,id
18159,DUQUESNE BLVD AT LIBRARY PL,"Duquesne city (Allegheny, PA)",,40.371923,-79.843883,kept_nearby,27,0.1,0.0,0.0,P7,id
18276,WESTERN AVE AT BRIGHTON RD FS,"Pittsburgh city (Allegheny, PA)",Allegheny West,40.45232,-80.014565,kept,0,0.1,0.0,0.0,18,id
18287,BEAVER RD AT EDGEWORTH LN FS,"Edgeworth borough (Allegheny, PA)",,40.551969,-80.191846,kept,0,0.1,0.0,0.2,14,id
18298,BEAVER RD OPP EDGEWORTH LN,"Edgeworth borough (Allegheny, PA)",,40.552024,-80.191797,kept,0,0.1,0.0,0.0,14,id
18781,MCCOY RD AT EWING RD FS,"Kennedy township (Allegheny, PA)",,40.480491,-80.089544,kept,0,0.1,0.0,0.0,22,id
18818,FOX CHAPEL RD AT PARK ENTRANCE (BASEBALL FIELD),"O'Hara township (Allegheny, PA)",,40.496901,-79.882543,kept,0,0.1,0.0,0.0,75,id
18985,REYNOLDS ST AT HOMEWOOD AVE,"Pittsburgh city (Allegheny, PA)",Point Breeze,40.446498,-79.903442,loses_all_service,343,0.1,0.0,0.0,74,id
19074,LEECHBURG RD OPP SUTTON DR,"Penn Hills township (Allegheny, PA)",,40.491784,-79.79279,loses_all_service,924,0.1,0.0,0.0,77;P16,id
19102,FRANKSTOWN RD AT EVERNIA DR FS,"Penn Hills township (Allegheny, PA)",,40.464901,-79.831041,kept,0,0.1,0.0,0.4,77;P16,id
19140,UNIVERSAL RD AT HERSHEY RD FS,"Penn Hills township (Allegheny, PA)",,40.468995,-79.795811,kept,0,0.1,0.0,0.0,P16,id
19150,HULTON RD AT PENNSYLVANIA AVE,"Plum borough (Allegheny, PA)",,40.525955,-79.815246,loses_all_service,1621,0.1,0.0,0.0,P16,id
19170,COAL HOLLOW RD OPP OLD COAL HOLLOW RD #1,"Penn Hills township (Allegheny, PA)",,40.466731,-79.84684,kept,0,0.1,0.0,0.0,P78,id
19187,SUMMIT PARK DR OPP CHAUVET DR #1,"North Fayette township (Allegheny, PA)",,40.448034,-80.181014,kept,0,0.1,0.0,0.0,29,id
19484,LINCOLN HWY AT MOTEL,"North Versailles township (Allegheny, PA)",,40.377999,-79.803335,loses_all_service,797,0.1,0.0,0.0,P76,id
19543,RIDGE AVE AT ARCH ST FS,"Pittsburgh city (Allegheny, PA)",Allegheny Center,40.452159,-80.00815,kept,0,0.1,0.2,0.0,54,id
20109,9TH AVE AT PENN ST,"Brackenridge borough (Allegheny, PA)",,40.609927,-79.74015,kept,0,0.1,0.0,0.0,P10,id
20226,GARDENVILLE RD AT CHARLOTTE DR,"Baldwin borough (Allegheny, PA)",,40.345644,-80.006911,loses_all_service,1651,0.1,0.0,0.0,Y45,id
20233,ZUPANCIC DR AT SPRINGVALE DR,"South Park township (Allegheny, PA)",,40.320577,-79.994214,loses_all_service,2263,0.1,0.0,0.0,Y45,id
20436,PEEBLES RD AT #8077,"McCandless township (Allegheny, PA)",,40.557353,-80.01766,kept_nearby,102,0.1,0.0,0.0,2;P13,id
20531,HWY RT 885 AT WRAY LARGE RD,"Jefferson Hills borough (Allegheny, PA)",,40.318595,-79.921816,kept,0,0.1,0.0,0.0,55,id
20532,HWY RT 885 AT WRAY DR FS,"Jefferson Hills borough (Allegheny, PA)",,40.315177,-79.91716,kept,0,0.1,0.0,0.0,55,id
20568,PORT PERRY RD AT E PITTSBURGH-MCKEESPORT BLVD F,"North Versailles township (Allegheny, PA)",,40.383719,-79.828486,loses_all_service,233,0.1,0.0,0.0,55,id
20595,MONONGAHELA AVE AT 2ND ST,"Glassport borough (Allegheny, PA)",,40.332701,-79.891851,kept,0,0.1,0.4,0.0,55,id
20642,HWY RT 885 AT COAL VALLEY RD FS,"Jefferson Hills borough (Allegheny, PA)",,40.322095,-79.925844,kept,0,0.1,0.0,0.0,55,id
20668,PROSPECT ST OPP RESERVOIR DR,"Brackenridge borough (Allegheny, PA)",,40.610779,-79.746547,loses_all_service,272,0.1,0.0,0.0,P10,id
20911,DUQUESNE BLVD AT WYLIE AVE,"Duquesne city (Allegheny, PA)",,40.367433,-79.842408,kept,0,0.1,0.0,0.2,59;61C;P7,id
21190,BUTTERMILK HOLLOW RD AT LEBANON CHURCH RD,"West Mifflin borough (Allegheny, PA)",,40.35427,-79.914262,kept,0,0.1,0.2,0.2,53;53L,former_id
21243,GREENSBURG PIKE AT 1ST ST FS,"North Versailles township (Allegheny, PA)",,40.401907,-79.82375,kept,0,0.1,0.0,0.4,59,id
21423,BABCOCK BLVD OPP PERRYMONT RD,"McCandless township (Allegheny, PA)",,40.558245,-80.022979,kept_nearby,33,0.1,0.0,0.0,12,former_id
21524,CORAOPOLIS RD AT #285,"Robinson township (Allegheny, PA)",,40.502029,-80.120723,loses_all_service,788,0.1,0.0,0.0,20,id
21576,CHURCHVIEW AVE OPP ANDRADE ST,"Brentwood borough (Allegheny, PA)",,40.385774,-79.969459,loses_all_service,701,0.1,0.0,0.0,44,id
21579,CHURCHVIEW AVE AT CASTLEVIEW DR,"Baldwin borough (Allegheny, PA)",,40.385015,-79.959244,loses_all_service,1484,0.1,0.0,0.0,44,id
21580,CHURCHVIEW AVE AT JOHN ROMANUS DR FS,"Baldwin borough (Allegheny, PA)",,40.383455,-79.955418,loses_all_service,1760,0.1,0.0,0.0,44,id
21605,BEECHWOOD BLVD AT #3986,"Pittsburgh city (Allegheny, PA)",Greenfield,40.427631,-79.936157,loses_all_service,227,0.1,0.0,0.0,52L;53L,former_id
21703,PENN AVE AT #197,"Mount Oliver borough (Allegheny, PA)",,40.414052,-79.98338,kept,0,0.1,0.0,0.2,44,former_id
22183,DELAFIELD RD AT FOX CHAPEL RD,"O'Hara township (Allegheny, PA)",,40.499128,-79.883898,kept,0,0.1,0.0,0.8,75,former_id
22184,FOX CHAPEL RD AT #325 (O'HARA MUNICIPAL BUILDIN,"O'Hara township (Allegheny, PA)",,40.495564,-79.882158,kept,0,0.1,0.0,0.0,75,former_id
22251,BETA DR AT EMERSON PROCESS MGMT,"O'Hara township (Allegheny, PA)",,40.499177,-79.8633,kept,0,0.1,0.0,0.0,91,former_id
22651,UNIVERSITY BLVD OPP TIGER TRAIL,"Moon township (Allegheny, PA)",,40.475432,-80.097575,kept_nearby,63,0.1,0.0,0.0,20,id
22659,BLAIR ST OPP BEEHIVE ST,"Pittsburgh city (Allegheny, PA)",Hazelwood,40.424879,-79.951856,kept,0,0.1,0.2,0.0,58;65;93,id
22686,PERRY HWY AT PERRYMONT RD,"McCandless township (Allegheny, PA)",,40.464887,-80.070473,kept,0,0.1,0.0,0.0,20,id
22687,PERRY HWY AT WASHINGTON BLVD,"Ross township (Allegheny, PA)",,40.349782,-79.83739,kept_nearby,113,0.1,0.0,0.0,60,id
22696,PERRY HWY AT CUMBERLAND RD,"McCandless township (Allegheny, PA)",,40.342164,-79.911457,kept,0,0.1,0.0,0.0,55,id
22738,WASHINGTON PIKE AT #1370,"Collier township (Allegheny, PA)",,40.379495,-80.096014,kept,0,0.1,0.0,0.0,31;38;G31,former_id
22797,BLAIR ST OPP #4165,"Pittsburgh city (Allegheny, PA)",Hazelwood,40.387284,-80.043549,kept,0,0.1,0.2,0.0,41,id
2344,GRAND AVE AT PITTSBURGH RECYCLING CENTER,"Neville township (Allegheny, PA)",,40.508769,-80.116829,kept,0,0.1,0.0,0.0,21,id
2371,4TH AVE OPP THORN RUN RD - THORN RUN PARK,"Moon township (Allegheny, PA)",,40.523403,-80.176889,kept,0,0.1,0.4,0.8,21,id
2375,BROAD ST AT HILL ST,"Sewickley borough (Allegheny, PA)",,40.541466,-80.178363,loses_all_service,217,0.1,0.0,0.0,21,id
2377,LOCUST PL AT CENTENNIAL AVE,"Sewickley borough (Allegheny, PA)",,40.541736,-80.179765,loses_all_service,177,0.1,0.0,0.0,21,id
2451,MT ROYAL BLVD OPP WOODLAND AVE,"Shaler township (Allegheny, PA)",,40.537922,-79.972107,kept,0,0.1,0.0,0.0,2;P13,id
251,MCKNIGHT RD AT MCINTYRE RD,"Ross township (Allegheny, PA)",,40.550342,-80.019084,kept,0,0.1,0.0,0.0,O12;P13,id
2697,IVORY AVE OPP CHERRYLAND ST,"Pittsburgh city (Allegheny, PA)",Summer Hill,40.496434,-80.009008,loses_all_service,349,0.1,0.0,0.0,4;O5,id
2765,PITTVIEW AVE AT TEUTONIA ST,"Reserve township (Allegheny, PA)",,40.469022,-79.982813,loses_all_service,283,0.1,0.0,0.0,4,id
2866,SPRING GARDEN RD AT #3364,"Reserve township (Allegheny, PA)",,40.480614,-79.99606,loses_all_service,460,0.1,0.0,0.0,7,id
2873,SPRING GARDEN AVE AT TRACY'S DELI,"Pittsburgh city (Allegheny, PA)",Spring Garden,40.469414,-79.985733,loses_all_service,338,0.1,0.0,0.0,7,id
3277,HIGHLAND AVE AT HAMPTON ST,"Pittsburgh city (Allegheny, PA)",Highland Park,40.473348,-79.919282,kept_nearby,61,0.1,0.2,0.0,71B,id
3418,MT ROYAL BLVD AT HAMPTON AVE,"Hampton township (Allegheny, PA)",,40.55433,-79.971164,kept,0,0.1,0.0,0.2,2;P13,former_id
3424,FERGUSON RD AT WYLAND AVE,"Hampton township (Allegheny, PA)",,40.561745,-79.987548,loses_all_service,1508,0.1,0.0,0.0,2;P13,id
3429,CORAOPOLIS RD AT DOROTHY ST,"Kennedy township (Allegheny, PA)",,40.483095,-80.107229,loses_all_service,1132,0.1,0.2,0.0,20,id
3448,HERBST RD OPP GRANT ST,"Kennedy township (Allegheny, PA)",,40.486903,-80.115178,loses_all_service,1924,0.1,0.0,0.0,20,id
3468,MCCOY RD AT #723,"Stowe township (Allegheny, PA)",,40.480808,-80.081358,kept,0,0.1,0.0,0.0,22,id
3505,FOREST GROVE RD AT ST MALACHY CHURCH,"Kennedy township (Allegheny, PA)",,40.479858,-80.104234,loses_all_service,718,0.1,0.0,0.0,20,id
3698,CLEVER RD AT FIELD CLUB DR,"Robinson township (Allegheny, PA)",,40.46888,-80.126389,kept,0,0.1,0.0,0.0,24,id
3826,SUMMIT PARK DR OPP QUINN DR,"North Fayette township (Allegheny, PA)",,40.447842,-80.178352,kept,0,0.1,0.0,0.0,29,id
4222,W PROSPECT AVE AT #221 (STEPS),"Ingram borough (Allegheny, PA)",,40.447525,-80.074116,kept,0,0.1,0.0,0.0,27,id
4270,W PROSPECT AVE AT #210,"Ingram borough (Allegheny, PA)",,40.447581,-80.074212,kept,0,0.1,0.0,0.0,27,id
4371,STEUBENVILLE PIKE AT ROBINSON MANOR BLVD,"Robinson township (Allegheny, PA)",,40.448824,-80.121831,kept,0,0.1,0.2,0.0,29,id
4568,BANKSVILLE RD AT GOLDSTROM AVE,"Pittsburgh city (Allegheny, PA)",Beechview,40.412967,-80.030539,kept,0,0.1,0.2,0.4,36,id
4755,BOWER HILL RD OPP SALEM DR,"Mount Lebanon township (Allegheny, PA)",,40.381722,-80.058773,kept,0,0.1,0.0,0.0,41,id
4890,HABERMAN RAMP AT HARWOOD ST STEPS,"Pittsburgh city (Allegheny, PA)",Mount Washington,40.421543,-80.003502,kept,0,0.1,0.0,0.0,44;48;54,id
5,WESTERN AVE AT GALVESTON AVE,"Pittsburgh city (Allegheny, PA)",Allegheny West,40.4519,-80.016679,kept_nearby,24,0.1,0.0,0.0,18,id
5116,SUMMIT PARK DR OPP #20,"North Fayette township (Allegheny, PA)",,40.452911,-80.193398,kept,0,0.1,0.0,0.0,29,id
5118,SUMMIT PARK DR AT PARK LANE #2,"North Fayette township (Allegheny, PA)",,40.454822,-80.19184,kept,0,0.1,0.0,0.2,29,id
5524,NOBLESTOWN RD OPP HOLIDAY DR,"Pittsburgh city (Allegheny, PA)",Oakwood,40.426431,-80.06166,kept,0,0.1,0.2,0.0,31,id
569,PERRY HWY OPP CLARWIN AVE,"Ross township (Allegheny, PA)",,40.505238,-80.028571,kept,0,0.1,0.0,0.0,8,id
5740,GREENTREE RD OPP ORIOLE DR,"Green Tree borough (Allegheny, PA)",,40.41036,-80.047495,kept,0,0.1,0.0,0.0,38,id
5801,LINDSAY RD AT #722,"Scott township (Allegheny, PA)",,40.385452,-80.079277,loses_all_service,429,0.1,0.0,0.0,38,id
5804,LINDSAY RD AT CLAIREVIEW DR,"Scott township (Allegheny, PA)",,40.387955,-80.077438,loses_all_service,599,0.1,0.0,0.4,38,id
5863,GREENTREE RD AT FORSYTHE RD,"Scott township (Allegheny, PA)",,40.399857,-80.06501,kept,0,0.1,0.6,0.6,38,id
5885,SWALLOW HILL RD AT NOB HILL APTS,"Scott township (Allegheny, PA)",,40.387931,-80.074016,loses_all_service,474,0.1,0.0,0.8,38,id
5887,LINDSAY RD AT SWALLOW HILL RD FS,"Scott township (Allegheny, PA)",,40.384462,-80.071032,loses_all_service,790,0.1,0.0,0.0,38,id
6,WESTERN AVE AT BRIGHTON RD,"Pittsburgh city (Allegheny, PA)",Allegheny West,40.452355,-80.014206,kept,0,0.1,0.0,0.0,18,id
6100,PIONEER AVE OPP NORTHCREST DR,"Pittsburgh city (Allegheny, PA)",Brookline,40.409286,-80.014301,kept,0,0.1,0.2,0.0,39,id
6110,PIONEER AVE OPP ROSSMORE AVE,"Pittsburgh city (Allegheny, PA)",Brookline,40.398101,-80.022722,kept,0,0.1,0.0,0.6,39,id
6420,BOWER HILL RD OPP SYLVANDELL DR FS,"Mount Lebanon township (Allegheny, PA)",,40.374384,-80.07371,kept,0,0.1,0.2,0.0,41,id
6582,CEDAR BLVD AT #1163,"Mount Lebanon township (Allegheny, PA)",,40.369265,-80.060649,loses_all_service,981,0.1,0.2,0.0,36,id
6603,CEDAR BLVD AT LINDENDALE DR,"Mount Lebanon township (Allegheny, PA)",,40.367725,-80.061354,loses_all_service,1089,0.1,0.0,0.0,36,id
6729,BELTZHOOVER AVE AT KATHLEEN ST,"Pittsburgh city (Allegheny, PA)",Allentown,40.425692,-79.997492,loses_all_service,262,0.1,0.0,0.0,43,id
6740,BOGGS AVE AT LELIA ST,"Pittsburgh city (Allegheny, PA)",Mount Washington,40.421852,-80.010375,loses_all_service,185,0.1,0.0,0.0,43,id
6856,FAIRHAVEN RD OPP STEWART AVE,"Pittsburgh city (Allegheny, PA)",Overbrook,40.378233,-79.993675,kept,0,0.1,0.0,0.0,Y45;Y47,id
7336,SAVANNAH AVE AT WHITNEY AVE,"Wilkinsburg borough (Allegheny, PA)",,40.436564,-79.893977,loses_all_service,185,0.1,0.0,0.0,71;P71,id
7338,SAVANNAH AVE AT HUTCHINSON ST,"Edgewood borough (Allegheny, PA)",,40.433849,-79.892269,loses_all_service,189,0.1,0.0,0.0,71;P71,id
7724,LAKETON RD AT COLLINS RD,"Wilkinsburg borough (Allegheny, PA)",,40.453389,-79.859048,kept,0,0.1,0.0,0.0,P78,id
7729,LAKETON RD AT LINDBERG AVE,"Penn Hills township (Allegheny, PA)",,40.458387,-79.846344,kept,0,0.1,0.0,0.0,P78,id
7810,ARDMORE BLVD AT LAFAYETTE RD,"Forest Hills borough (Allegheny, PA)",,40.429678,-79.863869,kept,0,0.1,0.0,0.0,69;P69;P76,id
7844,BROADWAY BLVD OPP QUARRY RD,"Monroeville municipality (Allegheny, PA)",,40.396384,-79.793716,kept,0,0.1,0.0,0.2,69;P69,id
7993,BEACON ST AT MURRAY AVE FS,"Pittsburgh city (Allegheny, PA)",Squirrel Hill South,40.434827,-79.922059,kept,0,0.1,0.0,0.0,65;74,id
8324,HAMILTON AVE OPP LASCHALL ST,"Pittsburgh city (Allegheny, PA)",Homewood West,40.456745,-79.906999,kept_nearby,113,0.1,0.0,0.0,71D,id
916,CONNIE DR AT MERWOOD DR,"Ross township (Allegheny, PA)",,40.499467,-80.024817,loses_all_service,268,0.1,0.0,0.0,17,id
9228,EAST LIBERTY BLVD AT EUCLID AVE,"Pittsburgh city (Allegheny, PA)",East Liberty,40.466662,-79.925528,kept,0,0.1,1.0,1.8,89,id
9248,ATLANTIC AVE AT HILLCREST ST,"Pittsburgh city (Allegheny, PA)",Garfield,40.468291,-79.938188,kept,0,0.1,0.0,0.0,89,id
9302,STANTON AVE AT HIGHVIEW ST,"Pittsburgh city (Allegheny, PA)",Morningside,40.472922,-79.929756,kept,0,0.1,0.0,0.0,75;87,id
9559,PROSPECT RD OPP ABBOTT DR,"Whitehall borough (Allegheny, PA)",,40.36407,-79.973373,kept,0,0.1,0.0,0.0,Y49,id
9560,PROSPECT RD AT COLTER DR,"Whitehall borough (Allegheny, PA)",,40.36298,-79.971208,kept,0,0.1,0.0,0.0,Y49,id
9684,BROWNSVILLE RD AT BAPTIST RD FS,"Whitehall borough (Allegheny, PA)",,40.361322,-79.991077,loses_all_service,249,0.1,0.2,0.0,Y47,id
99951,MUNROE,"Bethel Park municipality (Allegheny, PA)",,40.322921,-80.029796,kept,0,0.1,0.0,0.4,SLVR,id
1010,CENTER AVE OPP WAVERLY AVE,"West View borough (Allegheny, PA)",,40.517416,-80.035841,kept,0,0.05,0.0,0.0,13,id
10373,WALNUT ST OPP SUNOCO STATION,"McKeesport city (Allegheny, PA)",,40.336416,-79.852997,kept,0,0.05,0.0,0.0,60,id
10384,WALNUT ST OPP LONG RUN RD,"McKeesport city (Allegheny, PA)",,40.324179,-79.839157,kept,0,0.05,0.0,0.0,60,id
1083,HEMLOCK DR AT SAMPLE RD FS,"Hampton township (Allegheny, PA)",,40.576425,-79.978994,loses_all_service,1897,0.05,0.0,0.0,O5,id
1095,REMINGTON DR AT WALDWICK DR,"McCandless township (Allegheny, PA)",,40.554142,-80.007485,loses_all_service,764,0.05,0.0,0.0,O5,id
10978,KENNYWOOD BLVD AT GLENCAIRN ST,"West Mifflin borough (Allegheny, PA)",,40.389117,-79.867993,kept,0,0.05,0.4,0.6,61C;P7,id
11011,LEBANON CHURCH RD AT #4513,"West Mifflin borough (Allegheny, PA)",,40.352298,-79.903528,kept,0,0.05,0.0,0.0,56;59,id
11053,MAIN ST AT WEST RUN RD (BRIERLY LANE),"Pittsburgh city (Allegheny, PA)",Lincoln Place,40.377145,-79.909195,kept,0,0.05,0.0,0.0,53;53L,id
11055,INTERBORO AVE AT PLAPORT ST,"Pittsburgh city (Allegheny, PA)",Lincoln Place,40.373828,-79.911892,kept,0,0.05,0.0,0.2,53;53L,id
11102,WHITAKER WAY OPP HIGHWOOD ST,"Munhall borough (Allegheny, PA)",,40.405958,-79.892995,kept,0,0.05,0.0,0.4,52L;59,id
11167,LINCOLN HWY AT BROAD ST,"North Versailles township (Allegheny, PA)",,40.375572,-79.796981,loses_all_service,1391,0.05,0.0,0.0,P76,id
11263,WORTHINGTON AVE AT ONEIDA DR,"Jefferson Hills borough (Allegheny, PA)",,40.294574,-79.905718,kept,0,0.05,0.0,0.0,Y46,id
11268,WORTHINGTON AVE OPP 11TH ST,"Clairton city (Allegheny, PA)",,40.292276,-79.895864,kept,0,0.05,0.0,0.0,Y46,id
11695,PENNSYLVANIA AVE AT CONLIN ST,"West Mifflin borough (Allegheny, PA)",,40.361812,-79.867918,loses_all_service,772,0.05,0.0,0.0,52L,id
11744,GREENSPRINGS AVE AT DUQUESNE AVE FS,"West Mifflin borough (Allegheny, PA)",,40.39186,-79.884732,kept,0,0.05,0.0,0.0,52L,id
11762,WORTON BLVD AT CONLIN ST,"West Mifflin borough (Allegheny, PA)",,40.362866,-79.870699,loses_all_service,991,0.05,0.0,0.0,52L,id
11764,CONLIN ST AT PENNSYLVANIA AVE,"West Mifflin borough (Allegheny, PA)",,40.361741,-79.868114,loses_all_service,789,0.05,0.0,0.0,52L,id
11767,PENNSYLVANIA AVE AT TAFT AVE,"West Mifflin borough (Allegheny, PA)",,40.362072,-79.861667,loses_all_service,241,0.05,0.0,0.0,52L,id
11927,WHITAKER ST OPP ELM ST FS,"West Mifflin borough (Allegheny, PA)",,40.39711,-79.884246,kept,0,0.05,0.0,0.0,59,id
12187,MIFFLIN RD AT #1236,"Pittsburgh city (Allegheny, PA)",Lincoln Place,40.371105,-79.915089,kept,0,0.05,0.0,0.0,56,id
12807,FREEPORT RD OPP RIDDLE RUN RD,"Springdale township (Allegheny, PA)",,40.546179,-79.770383,kept,0,0.05,0.0,0.0,1;P10,id
12814,FREEPORT RD OPP 2ND ST FS,"East Deer township (Allegheny, PA)",,40.574852,-79.777743,kept,0,0.05,0.0,0.0,1;P10,id
13339,FREEPORT RD AT PRINCETON AVE,"Harrison township (Allegheny, PA)",,40.623707,-79.724534,kept_nearby,101,0.05,0.0,0.0,P10,id
13404,FREEPORT RD AT SAXONBURG RD,"Harrison township (Allegheny, PA)",,40.636115,-79.712513,kept,0,0.05,0.0,0.0,P10,id
13471,PENN ST AT UNION AVE,"Brackenridge borough (Allegheny, PA)",,40.61316,-79.741656,loses_all_service,372,0.05,0.0,0.0,P10,id
13473,PENN ST AT ROUP AVE,"Brackenridge borough (Allegheny, PA)",,40.610882,-79.740494,kept_nearby,103,0.05,0.0,0.0,P10,id
13477,9TH AVE AT HORNER ST,"Brackenridge borough (Allegheny, PA)",,40.607609,-79.747475,kept,0,0.05,0.0,0.0,P10,id
1349,BEAVER RD OPP LITTLE SEWICKLEY RD,"Edgeworth borough (Allegheny, PA)",,40.558785,-80.200394,kept,0,0.05,0.0,0.0,14,id
13576,HWY RT 286 OPP #1610,"Monroeville municipality (Allegheny, PA)",,40.435577,-79.713989,kept,0,0.05,0.0,0.0,P12,id
13577,HWY RT 286 OPP DAY CHEVROLET,"Monroeville municipality (Allegheny, PA)",,40.431539,-79.717118,kept,0,0.05,0.0,0.0,P12,id
13610,BEATTY RD AT COLLEGE PARK DR,"Monroeville municipality (Allegheny, PA)",,40.441634,-79.742771,loses_all_service,158,0.05,0.0,0.0,67,id
1366,BEAVER ST AT OSBORNE LN,"Glen Osborne borough (Allegheny, PA)",,40.533115,-80.172087,kept,0,0.05,0.0,0.0,14,id
14179,UNIVERSAL RD AT JOSLYN DR,"Penn Hills township (Allegheny, PA)",,40.46312,-79.802682,kept,0,0.05,0.0,0.0,P16,id
14226,UNIVERSAL RD AT FREY RD,"Penn Hills township (Allegheny, PA)",,40.460536,-79.811485,kept,0,0.05,0.0,0.0,P16,id
1431,OHIO RIVER BLVD AT HARRISON AVE,"Avalon borough (Allegheny, PA)",,40.500467,-80.073427,kept,0,0.05,0.2,0.0,14,id
14358,HAMILTON AVE AT EAST LIBERTY BLVD,"Pittsburgh city (Allegheny, PA)",Larimer,40.459819,-79.91552,kept_nearby,30,0.05,0.0,0.0,P17,id
14445,VERONA RD AT BRINLEY DR,"Penn Hills township (Allegheny, PA)",,40.484391,-79.837354,kept,0,0.05,0.0,0.0,P78,id
14452,VERONA RD OPP ELLIOTT ST,"Penn Hills township (Allegheny, PA)",,40.498911,-79.837415,kept,0,0.05,0.0,0.0,P78,id
1447,BEAVER ST AT SYCAMORE AVE,"Glen Osborne borough (Allegheny, PA)",,40.528281,-80.161418,kept,0,0.05,0.0,0.0,14,id
14471,HULTON RD AT 12TH ST,"Oakmont borough (Allegheny, PA)",,40.524319,-79.828995,loses_all_service,1047,0.05,0.0,0.0,P16,id
14624,UNITY TRESTLE RD AT JACKSON RD,"Plum borough (Allegheny, PA)",,40.485456,-79.769142,loses_all_service,1628,0.05,0.0,0.0,77;P16,id
14688,UNIVERSAL RD AT SALTSBURG RD,"Penn Hills township (Allegheny, PA)",,40.477453,-79.785231,kept,0,0.05,0.0,0.0,P16,id
14690,SALTSBURG RD AT REITER RD,"Penn Hills township (Allegheny, PA)",,40.476371,-79.78083,loses_all_service,392,0.05,0.0,0.0,77;P16,id
14754,SALTSBURG RD OPP CHANTICLEER DR,"Penn Hills township (Allegheny, PA)",,40.4755,-79.793749,kept,0,0.05,0.0,0.0,77,id
14952,LONG RD AT JOAN DR,"Penn Hills township (Allegheny, PA)",,40.458876,-79.83397,kept,0,0.05,0.0,0.0,P16,id
15079,CORBET ST AT E 6TH AVE,"Tarentum borough (Allegheny, PA)",,40.602932,-79.752394,kept,0,0.05,0.0,0.0,P10,id
15149,HULTON RD AT HULTON ESTATES,"Penn Hills township (Allegheny, PA)",,40.513394,-79.803444,loses_all_service,3067,0.05,0.0,0.0,P16,id
15150,HULTON RD OPP HULTON ARBORS,"Penn Hills township (Allegheny, PA)",,40.513741,-79.804234,loses_all_service,3021,0.05,0.0,0.0,P16,id
15744,COCHRAN RD AT OSAGE RD,"Mount Lebanon township (Allegheny, PA)",,40.388581,-80.057434,loses_all_service,279,0.05,0.0,0.0,38,id
1580,CHURCH AVE AT WALNUT RD,"Ben Avon borough (Allegheny, PA)",,40.506971,-80.076942,kept,0,0.05,0.0,0.0,19L,id
15838,BELTZHOOVER AVE AT FREELAND ST,"Pittsburgh city (Allegheny, PA)",Allentown,40.419026,-79.997262,kept_nearby,107,0.05,0.0,0.0,54,id
15992,HERBST RD AT BOSTIAN DR,"Kennedy township (Allegheny, PA)",,40.485336,-80.113008,loses_all_service,1673,0.05,0.0,0.0,20,id
16229,EAST PITTSBURGH-MCKEESPORT BLV OPP FAIRMONT ST,"McKeesport city (Allegheny, PA)",,40.362175,-79.830558,kept,0,0.05,0.2,0.0,55,id
16340,PROSPECT RD OPP BERYL DR,"Baldwin borough (Allegheny, PA)",,40.361337,-79.962258,kept,0,0.05,0.0,0.0,Y49,id
1635,CHURCH AVE AT RIDGE AVE,"Ben Avon borough (Allegheny, PA)",,40.507393,-80.079144,kept,0,0.05,0.0,0.0,19L,id
16384,OXFORD DR AT HOME DEPOT,"Bethel Park municipality (Allegheny, PA)",,40.344515,-80.049766,loses_all_service,270,0.05,0.0,0.4,36,id
16471,BEATTY ST AT BAUM BLVD NS,"Pittsburgh city (Allegheny, PA)",East Liberty,40.46047,-79.927921,kept_nearby,30,0.05,0.0,0.0,82;86,id
16562,ALLEGHENY AVE OPP CALIFORNIA AVE,"Oakmont borough (Allegheny, PA)",,40.515345,-79.843382,kept,0,0.05,0.0,0.0,P78,id
16564,ALLEGHENY AVE OPP DELAWARE AVE,"Oakmont borough (Allegheny, PA)",,40.517633,-79.843102,kept,0,0.05,0.0,0.0,P78,id
16566,ALLEGHENY AVE OPP ANN ST,"Oakmont borough (Allegheny, PA)",,40.520159,-79.842814,kept,0,0.05,0.0,0.0,P78,id
16678,WALNUT ST OPP WAMPLER ST,"Versailles borough (Allegheny, PA)",,40.317288,-79.833672,kept_nearby,15,0.05,0.0,0.0,60,id
1671,GRANT AVE AT WASHINGTON AVE FS,"Bellevue borough (Allegheny, PA)",,40.490874,-80.049883,kept,0,0.05,0.0,0.0,19L,id
17592,BAPTIST RD AT WEYMAN RD FS (CASTE VILLAGE),"Whitehall borough (Allegheny, PA)",,40.357663,-80.000317,loses_all_service,230,0.05,0.0,0.0,Y45,id
18320,CALIFORNIA AVE AT OHIO ST,"Avalon borough (Allegheny, PA)",,40.502647,-80.07123,kept,0,0.05,0.2,0.0,16;19L,id
18373,FREEPORT RD AT BONNIEVIEW DR FS,"Harrison township (Allegheny, PA)",,40.643063,-79.710374,kept,0,0.05,0.0,0.0,P10,id
18507,BRINTON RD AT DRIVEWAY,"Braddock Hills borough (Allegheny, PA)",,40.432598,-79.872795,kept,0,0.05,0.0,0.0,P68,id
18699,HEMLOCK DR AT BABCOCK BLVD,"McCandless township (Allegheny, PA)",,40.587194,-79.999078,loses_all_service,2040,0.05,0.0,0.0,O5,id
18877,BAPTIST RD AT WINDVALE DR FS,"Whitehall borough (Allegheny, PA)",,40.354016,-80.005285,loses_all_service,742,0.05,0.0,0.0,Y45,id
19000,MCCLURE AVE AT COMMERCIAL ST,"Swissvale borough (Allegheny, PA)",,40.420026,-79.897576,kept,0,0.05,0.0,0.0,71;P71,id
19065,LEECHBURG RD OPP RICHEY DR,"Penn Hills township (Allegheny, PA)",,40.486217,-79.814753,loses_all_service,259,0.05,0.0,0.0,77;P16,id
19075,LEECHBURG RD OPP AUBURN ST,"Penn Hills township (Allegheny, PA)",,40.492859,-79.790715,loses_all_service,1129,0.05,0.0,0.0,77;P16,id
19078,LEECHBURG RD AT CALDWELL AVE,"Penn Hills township (Allegheny, PA)",,40.493827,-79.786307,loses_all_service,1473,0.05,0.0,0.0,77;P16,id
19084,UNITY TRESTLE RD AT #1010,"Plum borough (Allegheny, PA)",,40.478829,-79.762591,loses_all_service,1923,0.05,0.0,0.0,77;P16,id
19085,UNITY TRESTLE RD AT SALTSBURG RD,"Plum borough (Allegheny, PA)",,40.477575,-79.759484,loses_all_service,2180,0.05,0.0,0.0,77;P16,id
19145,LONG RD AT GARDENIA DR,"Penn Hills township (Allegheny, PA)",,40.464108,-79.832993,kept,0,0.05,0.0,0.0,P16,id
19153,UNIVERSAL RD OPP ANTHON DR,"Penn Hills township (Allegheny, PA)",,40.463924,-79.800888,kept,0,0.05,0.0,0.0,P16,id
19161,COAL HOLLOW RD AT OLD COAL HOLLOW RD #1,"Penn Hills township (Allegheny, PA)",,40.466548,-79.846915,kept,0,0.05,0.0,0.0,P78,id
19177,ALLEGHENY RIVER BLVD AT SELDON AVE FS,"Verona borough (Allegheny, PA)",,40.508429,-79.842617,kept,0,0.05,0.0,0.0,P78,id
19281,MCFARLAND RD AT HELEN DR FS,"Mount Lebanon township (Allegheny, PA)",,40.39618,-80.046475,kept,0,0.05,0.0,0.0,36,id
19434,COAL HOLLOW RD OPP OLD COAL HOLLOW RD #2,"Penn Hills township (Allegheny, PA)",,40.462137,-79.842484,kept,0,0.05,0.0,0.0,P78,id
19546,BAUSMAN AVE AT BERND ST,"Pittsburgh city (Allegheny, PA)",Beltzhoover,40.414224,-79.997109,loses_all_service,253,0.05,0.0,0.0,54,id
19603,COCHRAN RD OPP ROBINWOOD DR,"Mount Lebanon township (Allegheny, PA)",,40.390968,-80.059445,loses_all_service,578,0.05,0.0,0.0,38,id
19645,BOWER HILL RD OPP PAINTERS RUN RD FS,"Scott township (Allegheny, PA)",,40.364228,-80.086916,loses_all_service,919,0.05,0.0,0.0,41,id
19682,NOBLESTOWN RD OPP BARTOW ST,"Pittsburgh city (Allegheny, PA)",Crafton Heights,40.437612,-80.052346,kept,0,0.05,0.0,0.0,31,id
19753,CORNELL AVE AT SPRUCE VALLEY DR,"Ross township (Allegheny, PA)",,40.510769,-80.045492,kept,0,0.05,0.2,0.0,13,id
19800,UNITY TRESTLE RD OPP FRANCIS RD,"Plum borough (Allegheny, PA)",,40.483683,-79.765902,loses_all_service,1777,0.05,0.0,0.0,77;P16,id
20034,MILLTOWN RD OPP COMMUNITY MARKET DRVWY,"Penn Hills township (Allegheny, PA)",,40.498707,-79.790045,loses_all_service,1696,0.05,0.0,0.0,P16,id
20040,UNIVERSAL RD AT HAZEL RD FS,"Penn Hills township (Allegheny, PA)",,40.461235,-79.812906,kept,0,0.05,0.0,0.0,P16,id
20106,40TH ST AT DAVIDSON ST FS,"Pittsburgh city (Allegheny, PA)",Central Lawrenceville,40.467651,-79.96094,kept,0,0.05,0.0,0.0,93,id
20118,SALTSBURG RD OPP MONROEVILLE TRESTLE RD,"Plum borough (Allegheny, PA)",,40.476457,-79.760658,loses_all_service,2084,0.05,0.0,0.0,77;P16,id
20219,LONG RUN RD OPP OLD LONG RUN RD NS,"McKeesport city (Allegheny, PA)",,40.321918,-79.826105,loses_all_service,745,0.05,0.0,0.0,P76,id
20539,STATE ST AT MILL DR,"Clairton city (Allegheny, PA)",,40.294379,-79.874564,kept,0,0.05,0.2,0.0,55,id
20585,EAST PITTSBURGH-MCKEESPORT BLV AT FAIRMONT ST,"North Versailles township (Allegheny, PA)",,40.36222,-79.830647,kept,0,0.05,0.0,0.0,55,id
20606,STATE ST AT MONTOUR TRAIL,"Clairton city (Allegheny, PA)",,40.305475,-79.884047,kept,0,0.05,0.0,0.0,55,id
20641,HWY RT 885 AT PAYNE HILL RD FS,"Jefferson Hills borough (Allegheny, PA)",,40.310058,-79.915485,kept,0,0.05,0.0,0.0,55,id
20648,1ST AVE AT LOCK ST,"Tarentum borough (Allegheny, PA)",,40.600017,-79.752666,kept,0,0.05,0.0,0.0,P10,id
20659,PROSPECT ST AT 9TH AVE,"Brackenridge borough (Allegheny, PA)",,40.609077,-79.744358,kept_nearby,17,0.05,0.0,0.0,P10,id
20667,HWY RT 885 AT WALL RD,"Jefferson Hills borough (Allegheny, PA)",,40.306952,-79.904973,kept,0,0.05,0.0,0.0,55,id
20716,CYPRESS ST OPP OAK ST,"West Mifflin borough (Allegheny, PA)",,40.394252,-79.887814,kept,0,0.05,0.0,0.0,52L,id
20791,FOREST AVE AT 7TH ST,"Trafford borough (Westmoreland, PA)",,40.38729,-79.757095,loses_all_service,866,0.05,0.2,0.0,69;P69,id
20795,FORBES RD OPP CK STUDIOS DRIVEWAY,"Trafford borough (Allegheny, PA)",,40.392094,-79.758172,loses_all_service,673,0.05,0.0,0.0,69;P69,id
20829,FERGUSON RD AT WALLACE RD,"McCandless township (Allegheny, PA)",,40.564862,-79.992513,loses_all_service,1968,0.05,0.0,0.0,2;P13,id
20837,BEAVER ST AT GLEN MITCHELL RD,"Glen Osborne borough (Allegheny, PA)",,40.531511,-80.16877,kept,0,0.05,0.0,0.0,14,id
20918,CHURCHILL RD AT HOLLAND RD,"Churchill borough (Allegheny, PA)",,40.444465,-79.844586,kept,0,0.05,0.0,0.0,67;P67,id
21004,WHITAKER WAY AT MARIGOLD ST,"Munhall borough (Allegheny, PA)",,40.402562,-79.889355,kept,0,0.05,0.0,0.2,52L;59,former_id
21236,GREENSBURG PIKE AT LLOYD AVE,"North Versailles township (Allegheny, PA)",,40.396761,-79.821229,kept,0,0.05,0.0,0.0,59,id
21251,COCHRANS MILL RD AT BROWNSVILLE RD FS,"South Park township (Allegheny, PA)",,40.325086,-79.985709,loses_all_service,1434,0.05,0.0,0.0,Y45,id
21364,IVORY AVE AT SCHERLING ST,"Pittsburgh city (Allegheny, PA)",Summer Hill,40.495825,-80.005372,loses_all_service,565,0.05,0.0,0.0,4,id
21391,MT TROY RD AT FORNOF LN,"Reserve township (Allegheny, PA)",,40.478229,-79.986067,loses_all_service,1010,0.05,0.0,0.0,4,former_id
21427,BABCOCK BLVD AT LAROCHE COLLEGE DRVWY,"McCandless township (Allegheny, PA)",,40.568125,-80.016444,kept,0,0.05,0.0,0.0,12,former_id
21557,AGNEW AVE AT BECKS RUN RD FS,"Pittsburgh city (Allegheny, PA)",Carrick,40.39695,-79.978243,loses_all_service,744,0.05,0.0,0.0,44,id
21559,AGNEW RD AT JOSEPH ST FS,"Baldwin borough (Allegheny, PA)",,40.396297,-79.971179,loses_all_service,1321,0.05,0.0,0.0,44,id
21560,AGNEW RD OPP LAFFERTY DR,"Baldwin borough (Allegheny, PA)",,40.397905,-79.969258,loses_all_service,1459,0.05,0.0,0.0,44,id
21578,CHURCHVIEW AVE AT VILLAGE DR,"Baldwin borough (Allegheny, PA)",,40.386018,-79.962275,loses_all_service,1278,0.05,0.0,0.0,44,id
21586,CUSTER AVE OPP MARY ST,"Baldwin borough (Allegheny, PA)",,40.39368,-79.972645,loses_all_service,1020,0.05,0.0,0.0,44,id
21956,STANTON AVE AT #4343,"Pittsburgh city (Allegheny, PA)",Stanton Heights,40.480476,-79.942519,kept,0,0.05,0.0,0.0,87,former_id
22011,ROBINSON BLVD AT W'BURG-PENN JOINT WATER AUTHOR,"Wilkinsburg borough (Allegheny, PA)",,40.457561,-79.864426,kept,0,0.05,0.0,0.0,79;P17,former_id
22302,BROWNSVILLE RD AT MARYAL DR,"Whitehall borough (Allegheny, PA)",,40.352002,-79.988763,kept,0,0.05,0.0,0.0,Y47,id
22332,BEULAH RD AT LONG RD,"Churchill borough (Allegheny, PA)",,40.450651,-79.843744,kept,0,0.05,0.0,0.0,P16,former_id
224,EAST ST OPP SUFFOLK ST NS,"Pittsburgh city (Allegheny, PA)",Spring Hill-City View,40.468904,-80.001347,kept,0,0.05,0.4,0.0,12,id
22640,KANE BLVD AT BOWER HILL RD,"Scott township (Allegheny, PA)",,40.537608,-80.183588,loses_all_service,392,0.05,0.0,0.0,21,id
22652,UNIVERSITY BLVD OPP PATTON DR,"Moon township (Allegheny, PA)",,40.438656,-80.070992,kept,0,0.05,0.0,0.0,29,id
22802,BLAIR ST AT SECOND AVE FS,"Pittsburgh city (Allegheny, PA)",Hazelwood,40.427133,-79.955693,kept,0,0.05,1.4,0.0,57,former_id
22804,BLAIR ST AT ELIZA ST,"Pittsburgh city (Allegheny, PA)",Hazelwood,40.413823,-79.950008,kept,0,0.05,0.0,0.0,57,former_id
22857,EWING RD OPP COVENTRY HEALTH CARE,"Moon township (Allegheny, PA)",,40.484834,-80.195942,kept,0,0.05,0.0,0.0,G3,former_id
22859,CHERRINGTON PKWY AT #1200 (SERVICELINK),"Moon township (Allegheny, PA)",,40.490199,-80.197129,kept,0,0.05,0.0,0.0,G3,former_id
22870,UNIVERISTY BLVD AT STOOPS FERRY RD,"Moon township (Allegheny, PA)",,40.440232,-79.998609,kept,0,0.05,0.0,0.0,39;40;41;43;44;48;51;P12;P16;P67;Y46;Y47;Y49,id
22892,MCKEES ROCKS RD AT CONNIE PARK DR,"Kennedy township (Allegheny, PA)",,40.468556,-80.098371,kept,0,0.05,1.0,0.2,20;22;24,former_id
2326,ISLAND AVE OPP MCCOY RD,"McKees Rocks borough (Allegheny, PA)",,40.475573,-80.06503,kept,0,0.05,0.0,0.0,21,id
2328,ISLAND AVE OPP #1179,"Stowe township (Allegheny, PA)",,40.479456,-80.067613,kept,0,0.05,0.0,0.0,21,id
2330,ISLAND AVE OPP #1308,"Stowe township (Allegheny, PA)",,40.481803,-80.069441,kept,0,0.05,1.6,0.0,21,id
2333,ISLAND AVE AT FLEMING AVE,"Stowe township (Allegheny, PA)",,40.484996,-80.073384,kept,0,0.05,0.0,0.0,21,id
2341,GRAND AVE AT NEVILLE RECYCLING,"Neville township (Allegheny, PA)",,40.507125,-80.109008,kept,0,0.05,0.0,0.0,21,id
2379,BROAD ST AT BEAVER ST,"Sewickley borough (Allegheny, PA)",,40.540432,-80.180254,kept_nearby,42,0.05,0.0,0.2,21,id
2440,MT ROYAL BLVD AT GLENN AVE,"Shaler township (Allegheny, PA)",,40.521358,-79.959574,kept,0,0.05,0.0,0.0,2;P13,id
2494,FERGUSON RD OPP LINWOOD DR #1,"Hampton township (Allegheny, PA)",,40.557043,-79.973344,loses_all_service,210,0.05,0.0,0.0,2;P13,id
2526,CONNISTON AVE AT BON AIR AVE,"Pittsburgh city (Allegheny, PA)",Bon Air,40.410372,-79.999461,loses_all_service,400,0.05,0.0,0.2,54,id
2758,TROY HILL RD AT LOWRIE ST,"Pittsburgh city (Allegheny, PA)",Troy Hill,40.461192,-79.984921,kept,0,0.05,0.0,0.0,4,id
2769,MT TROY RD AT HOMESTEAD AVE,"Reserve township (Allegheny, PA)",,40.472522,-79.982978,loses_all_service,516,0.05,0.0,0.0,4,id
2777,MT TROY RD AT KINKURA DR,"Reserve township (Allegheny, PA)",,40.4795,-79.98763,loses_all_service,1052,0.05,0.0,0.0,4,id
2778,MT TROY RD OPP RIDGELAWN CEMETERY ENTRANCE,"Reserve township (Allegheny, PA)",,40.482084,-79.989472,loses_all_service,1021,0.05,0.8,1.0,4,id
2798,IVORY AVE AT EVERGREEN & PEOPLES PLANK RD,"Pittsburgh city (Allegheny, PA)",Summer Hill,40.496047,-80.007572,loses_all_service,411,0.05,0.0,0.0,4,id
2826,CHESTNUT ST AT SUISMON ST,"Pittsburgh city (Allegheny, PA)",East Allegheny,40.45618,-79.994962,kept,0,0.05,0.0,0.0,6;7,id
2854,SOUTH SIDE AVE OPP LUELLA ST,"Pittsburgh city (Allegheny, PA)",Spring Hill-City View,40.470072,-79.997637,kept,0,0.05,0.0,0.0,6,id
2862,RAMAGE RD AT SPRING GARDEN RD,"Reserve township (Allegheny, PA)",,40.492489,-79.996353,loses_all_service,1220,0.05,0.0,0.0,7,id
2864,SPRING GARDEN RD OPP #3681,"Reserve township (Allegheny, PA)",,40.485444,-79.996594,loses_all_service,646,0.05,0.0,0.0,7,id
2877,SPRING GARDEN AVE AT OLD HONESTY ST,"Pittsburgh city (Allegheny, PA)",Spring Garden,40.46218,-79.987237,kept,0,0.05,0.0,0.0,7,id
2902,SPRING GARDEN AVE AT TELL ST FS,"Pittsburgh city (Allegheny, PA)",Spring Garden,40.460707,-79.988478,kept,0,0.05,0.0,0.0,7,id
2908,SPRING GARDEN AVE OPP REPPEL WAY,"Pittsburgh city (Allegheny, PA)",Spring Garden,40.472791,-79.987512,loses_all_service,730,0.05,0.0,0.0,7,id
3183,FREEPORT RD AT CLIFTON AVE,"O'Hara township (Allegheny, PA)",,40.49957,-79.852991,kept,0,0.05,0.2,0.0,1,id
3276,HIGHLAND AVE AT WELLESLEY AVE,"Pittsburgh city (Allegheny, PA)",Highland Park,40.472346,-79.919742,kept,0,0.05,1.0,0.0,71B,id
3287,BUTLER ST OPP GALLATIN ST,"Pittsburgh city (Allegheny, PA)",Morningside,40.488408,-79.922283,kept_nearby,99,0.05,0.0,0.0,87,id
331,CUMBERLAND RD AT FOX HUNT DR,"McCandless township (Allegheny, PA)",,40.57196,-80.018435,kept,0,0.05,0.4,0.0,12,id
334,MCKNIGHT RD AT ARCADIA DR FS,"McCandless township (Allegheny, PA)",,40.576748,-80.02597,kept,0,0.05,0.0,0.0,12;O12,id
3340,MT ROYAL BLVD AT SCOTT AVE,"Shaler township (Allegheny, PA)",,40.539237,-79.972297,kept,0,0.05,0.0,0.0,2;P13,id
3341,MT ROYAL BLVD AT WOODLAND AVE,"Shaler township (Allegheny, PA)",,40.537915,-79.972177,kept,0,0.05,0.0,0.0,2;P13,id
3343,MT ROYAL BLVD AT VILSACK RD,"Shaler township (Allegheny, PA)",,40.535901,-79.970755,kept,0,0.05,0.0,0.0,2;P13,id
3489,MCCOY RD AT JEFFERSON DR,"Stowe township (Allegheny, PA)",,40.479544,-80.07849,kept,0,0.05,0.0,0.0,22,id
3491,MCCOY RD AT #724,"Stowe township (Allegheny, PA)",,40.480859,-80.081411,kept_nearby,7,0.05,0.0,0.0,22,id
3496,MCCOY RD AT WARBLER DR,"Kennedy township (Allegheny, PA)",,40.480464,-80.09092,kept,0,0.05,0.0,0.0,22,id
3609,CHARTIERS AVE EXT AT HOWARD ST,"Kennedy township (Allegheny, PA)",,40.467933,-80.084366,loses_all_service,670,0.05,0.8,0.0,20,id
3653,CHARTIERS AVE EXT AT HOWARD ST,"Kennedy township (Allegheny, PA)",,40.46791,-80.084113,loses_all_service,690,0.05,0.0,0.0,20,id
3903,CAROTHERS AVE AT LOCUST ST,"Scott township (Allegheny, PA)",,40.397847,-80.088351,loses_all_service,256,0.05,0.0,0.0,G31,id
4137,CHARTIERS AVE AT NITTANY ST,"Pittsburgh city (Allegheny, PA)",Elliott,40.447494,-80.044004,kept,0,0.05,0.0,0.0,26,id
4147,CHARTIERS AVE AT UNIVERSAL ST,"Pittsburgh city (Allegheny, PA)",Sheraden,40.453774,-80.060625,kept,0,0.05,0.0,0.0,26,id
4233,MIDDLETOWN RD AT HODGSON AVE,"Ingram borough (Allegheny, PA)",,40.445644,-80.060015,kept,0,0.05,0.2,0.4,27,id
4260,MIDDLETOWN RD OPP HODGSON AVE FS,"Pittsburgh city (Allegheny, PA)",Crafton Heights,40.445813,-80.060072,kept,0,0.05,0.0,0.4,27,id
463,SAMPLE RD AT EASTVIEW DR #2,"McCandless township (Allegheny, PA)",,40.571078,-79.99973,loses_all_service,1186,0.05,0.0,0.0,O5,id
4667,BEVERLY RD OPP RALSTON PL,"Mount Lebanon township (Allegheny, PA)",,40.389068,-80.049025,kept,0,0.05,0.0,0.0,36,id
4752,BOWER HILL RD OPP SERPENTINE DR,"Mount Lebanon township (Allegheny, PA)",,40.384526,-80.05546,kept,0,0.05,0.0,0.0,41,id
4863,JOSEPHINE ST OPP #3237,"Pittsburgh city (Allegheny, PA)",South Side Slopes,40.418987,-79.964677,kept,0,0.05,0.0,0.0,48,id
507,DUNCAN AVE AT ROYAL MANOR CT #2,"McCandless township (Allegheny, PA)",,40.566636,-80.003578,loses_all_service,1056,0.05,0.4,0.2,2;P13,id
5115,SUMMIT PARK DR AT #35,"North Fayette township (Allegheny, PA)",,40.450543,-80.190204,kept,0,0.05,0.0,0.0,29,id
5329,E RAILROAD ST AT COLLIER AVE,"Heidelberg borough (Allegheny, PA)",,40.388341,-80.08985,kept,0,0.05,0.0,0.2,31;G31,id
5414,NOBLESTOWN RD AT #2793,"Green Tree borough (Allegheny, PA)",,40.419037,-80.066485,kept,0,0.05,0.0,0.0,31,id
5595,CAROTHERS AVE AT WASHINGTON AVE,"Scott township (Allegheny, PA)",,40.395715,-80.086949,kept_nearby,66,0.05,0.0,0.0,G31,id
5802,LINDSAY RD AT WYNNECLIFF DR #2,"Scott township (Allegheny, PA)",,40.387322,-80.079396,loses_all_service,420,0.05,0.0,0.0,38,id
5861,GREENTREE RD AT GREEN OAK LN,"Scott township (Allegheny, PA)",,40.401536,-80.063061,kept,0,0.05,0.0,0.0,38,id
5862,GREENTREE RD AT COVENANT CHURCH PARK AND RIDE,"Scott township (Allegheny, PA)",,40.400571,-80.064294,kept,0,0.05,0.0,0.0,38,id
5900,LINDSAY RD AT #443,"Scott township (Allegheny, PA)",,40.384186,-80.08438,loses_all_service,213,0.05,0.0,0.0,38,id
5901,LINDSAY RD AT GREENTREE RD,"Scott township (Allegheny, PA)",,40.386117,-80.084266,kept_nearby,29,0.05,0.0,0.2,38,id
5929,OXFORD DR AT THOMAS MORE MANOR,"Bethel Park municipality (Allegheny, PA)",,40.343425,-80.051929,loses_all_service,425,0.05,0.0,1.0,36,id
60,WESTERN AVE AT ALLEGHENY AVE,"Pittsburgh city (Allegheny, PA)",Allegheny West,40.45158,-80.018486,kept,0,0.05,0.0,0.0,18,id
6108,PIONEER AVE OPP BERWIN AVE,"Pittsburgh city (Allegheny, PA)",Brookline,40.39922,-80.021223,kept,0,0.05,0.0,0.0,39,id
6277,BOWER HILL RD AT PAT HAVEN DR,"Mount Lebanon township (Allegheny, PA)",,40.373246,-80.075587,kept,0,0.05,0.2,0.0,41,id
6425,BOWER HILL RD AT KANE BLVD,"Scott township (Allegheny, PA)",,40.371838,-80.082474,kept,0,0.05,0.0,0.0,41,id
6448,DEWEY AVE OPP BANK ST,"Bridgeville borough (Allegheny, PA)",,40.356428,-80.110329,kept,0,0.05,0.0,0.4,41,id
6608,GILKESON RD OPP OLD GILKESON RD,"Mount Lebanon township (Allegheny, PA)",,40.358795,-80.059631,loses_all_service,1954,0.05,0.0,0.0,36,id
6734,HABERMAN AVE AT BAILEY AVE,"Pittsburgh city (Allegheny, PA)",Mount Washington,40.426867,-80.002561,loses_all_service,422,0.05,0.0,0.0,43,id
6771,GRANDVIEW AVE OPP AUGUSTA ST,"Pittsburgh city (Allegheny, PA)",Duquesne Heights,40.43976,-80.021955,kept,0,0.05,0.4,0.0,40,id
6792,WEYMAN RD AT WHITE HAMPTON LN,"Whitehall borough (Allegheny, PA)",,40.364269,-79.999698,kept,0,0.05,0.0,0.0,Y45,id
6858,PROVOST RD AT WEYMAN RD,"Pittsburgh city (Allegheny, PA)",Overbrook,40.375969,-79.994045,kept,0,0.05,0.0,0.0,Y45;Y47,id
6866,PROVOST RD AT BARLIND DR,"Whitehall borough (Allegheny, PA)",,40.364019,-79.992224,loses_all_service,389,0.05,0.0,0.0,Y47,id
6867,PROVOST RD AT W LAWNVIEW AVE,"Whitehall borough (Allegheny, PA)",,40.363008,-79.99227,loses_all_service,285,0.05,0.2,0.0,Y47,id
6907,CURRY RD OPP OLYMPIC RD,"Baldwin borough (Allegheny, PA)",,40.340186,-79.990873,loses_all_service,540,0.05,0.0,0.0,Y45,id
6928,GARDENVILLE RD AT KOEFFLER DR,"Baldwin borough (Allegheny, PA)",,40.347836,-80.00759,loses_all_service,1444,0.05,0.0,0.0,Y45,id
7337,SAVANNAH AVE AT OVERTON ST,"Wilkinsburg borough (Allegheny, PA)",,40.435077,-79.893153,loses_all_service,184,0.05,0.0,0.0,71;P71,id
7339,HUTCHINSON ST AT BRADDOCK AVE,"Edgewood borough (Allegheny, PA)",,40.433122,-79.893523,kept_nearby,58,0.05,0.0,0.0,71;P71,id
7453,BRINTON AVE AT QUARRY AVE,"North Braddock borough (Allegheny, PA)",,40.403587,-79.843025,kept,0,0.05,0.4,0.8,P68,id
7713,MONTIER ST AT #1438,"Wilkinsburg borough (Allegheny, PA)",,40.445206,-79.87391,kept,0,0.05,0.8,0.2,79;P17;P78,id
7719,LAKETON RD AT #1746,"Wilkinsburg borough (Allegheny, PA)",,40.449086,-79.866019,kept,0,0.05,0.0,0.0,P78,id
7727,LAKETON RD AT SOUTHERN AVE,"Penn Hills township (Allegheny, PA)",,40.457923,-79.851529,kept,0,0.05,0.0,0.0,P78,id
7812,ARDMORE BLVD OPP NEWPORT RD,"Forest Hills borough (Allegheny, PA)",,40.425711,-79.861761,kept,0,0.05,0.0,0.0,69;P69;P76,id
798,CONNIE DR OPP MULKERIN DR,"Ross township (Allegheny, PA)",,40.498387,-80.023183,loses_all_service,214,0.05,0.0,0.0,17,id
8082,JAMES ST AT #537,"Turtle Creek borough (Allegheny, PA)",,40.411432,-79.818874,kept,0,0.05,0.0,0.0,P68,id
8111,BRINTON RD AT KINGS RD,"Braddock Hills borough (Allegheny, PA)",,40.427615,-79.873035,kept,0,0.05,0.0,0.0,P68,id
8113,BRINTON RD AT MCKELVEY RD,"Braddock Hills borough (Allegheny, PA)",,40.425455,-79.869246,kept,0,0.05,0.0,0.0,P68,id
8142,JAMES ST OPP JAMES ST EXT,"Monroeville municipality (Allegheny, PA)",,40.423468,-79.794105,kept,0,0.05,0.0,0.0,P68,id
858,JACKS RUN RD AT YORK DR,"Ross township (Allegheny, PA)",,40.499943,-80.031822,loses_all_service,651,0.05,0.0,0.0,17,id
859,JACKS RUN RD OPP CONNIE DR,"Ross township (Allegheny, PA)",,40.499146,-80.029366,loses_all_service,595,0.05,0.0,0.0,17,id
8653,ALLEQUIPPA ST OPP SUTHERLAND DR FS,"Pittsburgh city (Allegheny, PA)",Terrace Village,40.44437,-79.963742,kept,0,0.05,0.2,0.0,83,id
8844,ABER RD AT #8141,"Penn Hills township (Allegheny, PA)",,40.471161,-79.861244,loses_all_service,706,0.05,0.0,0.0,79;P17,id
886,PERRYSVILLE AVE AT KOERNER AVE,"Pittsburgh city (Allegheny, PA)",Perry South,40.466451,-80.011206,kept,0,0.05,0.0,0.0,8,id
919,CONNIE DR OPP OLD CONNIE DR,"Ross township (Allegheny, PA)",,40.496384,-80.022881,loses_all_service,242,0.05,0.0,0.0,17,id
920,CONNIE DR AT PERRY HWY,"Ross township (Allegheny, PA)",,40.496327,-80.02034,kept_nearby,35,0.05,0.0,0.2,17,id
9215,HILLCREST AVE AT ATLANTIC AVE,"Pittsburgh city (Allegheny, PA)",Garfield,40.468215,-79.938063,kept,0,0.05,0.0,0.4,89,id
9257,FIFTH AVE AT HAMILTON AVE,"Pittsburgh city (Allegheny, PA)",Homewood West,40.457103,-79.909137,kept,0,0.05,0.0,0.0,P10,id
9304,STANTON AVE AT JANCEY ST,"Pittsburgh city (Allegheny, PA)",Morningside,40.474,-79.931448,kept,0,0.05,0.2,0.0,87,id
9322,STANTON AVE AT CARNEGIE ST,"Pittsburgh city (Allegheny, PA)",Upper Lawrenceville,40.477784,-79.954758,kept_nearby,80,0.05,0.0,0.0,87,id
9591,HWY RT 51 AT MAXWELL DR FS,"Whitehall borough (Allegheny, PA)",,40.350023,-79.976465,kept,0,0.05,0.8,0.4,51;Y46,id
10075,HWY RT 885 AT HAMPTON RD,"West Mifflin borough (Allegheny, PA)",,40.327536,-79.931088,kept,0,0.0,0.0,0.0,55,id
10157,BALDWIN RD AT HOLY ANGEL SCHOOL,"Pittsburgh city (Allegheny, PA)",Hays,40.387721,-79.932638,kept,0,0.0,0.0,0.0,56,id
10197,HWY RT 885 AT SPARTZ DR,"West Mifflin borough (Allegheny, PA)",,40.328124,-79.931677,kept,0,0.0,0.0,0.0,55,id
10214,HWY RT 885 OPP HUSTON DR,"West Mifflin borough (Allegheny, PA)",,40.338258,-79.937829,loses_all_service,682,0.0,0.0,0.0,Y47;Y49,id
10215,HWY RT 885 AT GORDONS LN,"West Mifflin borough (Allegheny, PA)",,40.335938,-79.936816,loses_all_service,452,0.0,0.0,0.0,Y47;Y49,id
10254,WALNUT ST OPP EXXON STATION,"McKeesport city (Allegheny, PA)",,40.325893,-79.839409,kept,0,0.0,0.0,0.0,60,id
10389,WALNUT ST AT WORTHINGTON ST,"Versailles borough (Allegheny, PA)",,40.316427,-79.833302,kept,0,0.0,0.0,0.0,60,id
10390,WALNUT ST OPP CENTER ST,"Versailles borough (Allegheny, PA)",,40.315688,-79.831718,kept,0,0.0,0.0,0.0,60,id
104,OVERBROOK JUNCTION,,,40.365906,-80.027101,kept,0,,,,RED,none
1043,BABCOCK BLVD AT THOMPSON RUN RD,"Ross township (Allegheny, PA)",,40.510838,-79.993691,kept,0,0.0,0.0,0.0,O5,id
1044,THOMPSON RUN RD OPP RADCLIFFE DR,"Ross township (Allegheny, PA)",,40.517544,-79.993546,loses_all_service,713,0.0,0.0,0.0,O5,id
1045,THOMPSON RUN RD AT WOODBRIDGE DR,"Ross township (Allegheny, PA)",,40.518309,-79.992907,loses_all_service,805,0.0,0.0,0.0,O5,id
1046,THOMPSON RUN RD OPP #218,"Ross township (Allegheny, PA)",,40.519772,-79.991928,loses_all_service,981,0.0,0.0,0.0,O5,id
1047,THOMPSON RUN RD AT MILLER RD,"Ross township (Allegheny, PA)",,40.522286,-79.990921,loses_all_service,1204,0.0,0.0,0.0,O5,id
1048,THOMPSON RUN RD AT LOIRE VALLEY DR,"Ross township (Allegheny, PA)",,40.524227,-79.988714,loses_all_service,1415,0.0,0.0,0.0,O5,id
105,OVERBROOK JUNCTION,,,40.365888,-80.027136,kept,0,,,,RED,none
1050,THOMPSON RUN RD OPP SIEBERT RD,"Ross township (Allegheny, PA)",,40.528952,-79.990181,loses_all_service,1337,0.0,0.0,0.0,O5,id
10518,LONG RUN RD AT SUNSET DR,"White Oak borough (Allegheny, PA)",,40.335058,-79.811558,loses_all_service,1409,0.0,0.0,0.0,P76,id
1052,THOMPSON RUN RD AT ABARD DR,"Ross township (Allegheny, PA)",,40.531605,-79.990242,loses_all_service,1415,0.0,0.0,0.0,O5,id
1053,THOMPSON RUN RD AT HODIL RD,"Ross township (Allegheny, PA)",,40.534733,-79.990341,loses_all_service,1569,0.0,0.0,0.0,O5,id
1055,THOMPSON RUN RD OPP CHERRINGTON DR,"Ross township (Allegheny, PA)",,40.536466,-79.990282,loses_all_service,1540,0.0,0.0,0.0,O5,id
10550,EDEN PARK BLVD AT MCKEESPORT HIGH SCHOOL DRVWY F,"McKeesport city (Allegheny, PA)",,40.344907,-79.830532,kept,0,0.0,0.0,0.0,56,id
1056,THOMPSON RUN RD AT BERKLEY MEADOWS CT,"Ross township (Allegheny, PA)",,40.538152,-79.98993,loses_all_service,1497,0.0,0.0,0.0,O5,id
1057,THOMPSON RUN RD OPP WHITE OAK DR,"Ross township (Allegheny, PA)",,40.541928,-79.992309,loses_all_service,1247,0.0,0.0,0.0,O5,id
1059,AMITY DR AT SUTTER RD FS,"Ross township (Allegheny, PA)",,40.543755,-79.992481,loses_all_service,1180,0.0,0.0,0.0,O5,id
1060,AMITY DR AT BLAZE DR,"Ross township (Allegheny, PA)",,40.544802,-79.993181,loses_all_service,1105,0.0,0.0,0.0,O5,id
1061,AMITY DR AT #212,"Ross township (Allegheny, PA)",,40.545857,-79.994511,loses_all_service,989,0.0,0.0,0.0,O5,id
1062,AMITY DR AT LINGAY DR,"Ross township (Allegheny, PA)",,40.547461,-79.994557,loses_all_service,1005,0.0,0.0,0.0,O5,id
1063,AMITY DR AT CARRIAGE HILL RD,"Ross township (Allegheny, PA)",,40.548927,-79.996315,loses_all_service,911,0.0,0.0,0.0,O5,id
1066,MCINTYRE RD AT CHARTERWOOD DR,"Ross township (Allegheny, PA)",,40.551776,-80.000555,loses_all_service,831,0.0,0.0,0.0,O5,id
1068,LAURELWOOD DR AT FENWICK DR,"Ross township (Allegheny, PA)",,40.552144,-80.00226,loses_all_service,794,0.0,0.0,0.0,O5,id
1069,LAURELWOOD DR AT #126,"Ross township (Allegheny, PA)",,40.551855,-80.005049,loses_all_service,696,0.0,0.0,0.0,O5,id
1070,LAURELWOOD DR AT ENNERDALE LN,"Ross township (Allegheny, PA)",,40.551525,-80.006574,loses_all_service,653,0.0,0.0,0.0,O5,id
1071,ENNERDALE LN AT #210,"Ross township (Allegheny, PA)",,40.552584,-80.00739,loses_all_service,777,0.0,0.0,0.0,O5,id
1072,REMINGTON DR OPP WALDWICK DR,"Ross township (Allegheny, PA)",,40.553924,-80.00741,loses_all_service,771,0.0,0.0,0.0,O5,id
1073,REMINGTON DR OPP BALMORAL DR #1,"McCandless township (Allegheny, PA)",,40.554954,-80.007464,loses_all_service,773,0.0,0.0,0.0,O5,id
1074,REMINGTON DR AT REGENCY DR,"McCandless township (Allegheny, PA)",,40.555956,-80.007523,loses_all_service,791,0.0,0.0,0.0,O5,id
1075,REMINGTON DR AT BALMORAL DR #2,"McCandless township (Allegheny, PA)",,40.55821,-80.008644,loses_all_service,814,0.0,0.0,0.0,O5,id
1077,REMINGTON DR AT HAZLETT RD,"McCandless township (Allegheny, PA)",,40.559823,-80.010634,loses_all_service,756,0.0,0.0,0.0,O5,id
1085,HEMLOCK DR AT #4424,"Hampton township (Allegheny, PA)",,40.578872,-79.980699,loses_all_service,2205,0.0,0.0,0.0,O5,id
1092,REMINGTON DR AT BALMORAL DR #1,"McCandless township (Allegheny, PA)",,40.558434,-80.008812,loses_all_service,817,0.0,0.0,0.0,O5,id
10934,LEBANON CHURCH RD AT #4220,"West Mifflin borough (Allegheny, PA)",,40.352092,-79.907612,kept,0,0.0,0.0,0.0,56;59,id
10935,LEBANON CHURCH RD AT #4512,"Dravosburg borough (Allegheny, PA)",,40.352293,-79.90328,kept,0,0.0,0.4,0.0,56;59,id
1096,ENNERDALE LN AT DOUNREAY PL,"Ross township (Allegheny, PA)",,40.551537,-80.00679,loses_all_service,655,0.0,0.0,0.0,O5,id
1097,LAURELWOOD DR AT #125,"Ross township (Allegheny, PA)",,40.551796,-80.005131,loses_all_service,688,0.0,0.0,0.0,O5,id
11,WOOD STREET STATION,,,40.441827,-79.998804,kept,0,,,,BLUE;RED;SLVR,none
11021,OLD ELIZABETH RD OPP BLUEMONT DR,"West Mifflin borough (Allegheny, PA)",,40.347405,-79.936855,kept,0,0.0,0.2,0.2,53;53L;55,id
11025,MCCLURE ST AT 9TH AVE,"Homestead borough (Allegheny, PA)",,40.408169,-79.906967,kept_nearby,75,0.0,1.8,2.8,53,id
1105,AMITY DR AT #213,"Ross township (Allegheny, PA)",,40.545715,-79.994515,loses_all_service,988,0.0,0.0,0.0,O5,id
11050,MAIN ST AT W LEHIGH AVE,"Munhall borough (Allegheny, PA)",,40.380903,-79.906563,kept,0,0.0,0.4,0.0,53;53L,id
11052,MAIN ST AT N LEHIGH AVE,"Munhall borough (Allegheny, PA)",,40.378549,-79.908122,kept,0,0.0,0.2,0.0,53;53L,id
1107,AMITY DR AT SUTTER RD,"Ross township (Allegheny, PA)",,40.543476,-79.992554,loses_all_service,1180,0.0,0.0,0.0,O5,id
1109,THOMPSON RUN RD AT WHITE OAK DR,"Ross township (Allegheny, PA)",,40.541959,-79.992438,loses_all_service,1235,0.0,0.0,0.0,O5,id
11127,LONG RUN RD OPP SUNSET DR,"White Oak borough (Allegheny, PA)",,40.334998,-79.811413,loses_all_service,1423,0.0,0.0,0.0,P76,id
11129,JACKS RUN RD OPP MCKEE RD,"White Oak borough (Allegheny, PA)",,40.344622,-79.796654,loses_all_service,2540,0.0,0.0,0.0,P76,id
1113,THOMPSON RUN RD OPP HODIL RD,"Ross township (Allegheny, PA)",,40.534863,-79.99044,loses_all_service,1568,0.0,0.0,0.0,O5,id
11137,LINCOLN HWY OPP DENNING WAY,"North Versailles township (Allegheny, PA)",,40.371424,-79.788965,loses_all_service,2212,0.0,0.0,0.0,P76,id
11154,LINCOLN HWY AT CLYDE AVE,"North Versailles township (Allegheny, PA)",,40.388973,-79.830775,kept,0,0.0,0.0,0.0,P76,id
11163,LINCOLN HWY AT 3RD ST,"North Versailles township (Allegheny, PA)",,40.379383,-79.807175,loses_all_service,445,0.0,0.0,0.0,P76,id
11165,LINCOLN HWY OPP ISAAC ST,"North Versailles township (Allegheny, PA)",,40.377604,-79.802254,loses_all_service,896,0.0,0.0,0.0,P76,id
11166,LINCOLN HWY AT JACOB ST,"North Versailles township (Allegheny, PA)",,40.376807,-79.800051,loses_all_service,1099,0.0,0.0,0.0,P76,id
11168,LINCOLN HWY AT MCKEE RD,"North Versailles township (Allegheny, PA)",,40.373066,-79.793103,loses_all_service,1820,0.0,0.0,0.0,P76,id
11169,LINCOLN HWY AT DENNING WAY,"North Versailles township (Allegheny, PA)",,40.371396,-79.789174,loses_all_service,2200,0.0,0.0,0.0,P76,id
11171,LINCOLN HWY AT LEUHM ST,"North Versailles township (Allegheny, PA)",,40.370409,-79.786434,loses_all_service,2454,0.0,0.0,0.0,P76,id
11172,LINCOLN HWY OPP DIX DR,"North Versailles township (Allegheny, PA)",,40.369065,-79.782581,loses_all_service,2628,0.0,0.0,0.0,P76,id
11175,JACKS RUN RD AT BIROS TRAILER PARK,"North Versailles township (Allegheny, PA)",,40.360209,-79.785726,loses_all_service,3226,0.0,0.0,0.0,P76,id
11177,JACKS RUN RD AT MCKEE RD,"White Oak borough (Allegheny, PA)",,40.344222,-79.798303,loses_all_service,2401,0.0,0.0,0.0,P76,id
1118,THOMPSON RUN RD AT SUNNYHILL DR,"Ross township (Allegheny, PA)",,40.524117,-79.988876,loses_all_service,1400,0.0,0.0,0.0,O5,id
1119,THOMPSON RUN RD AT MILLER RD,"Ross township (Allegheny, PA)",,40.522336,-79.990991,loses_all_service,1198,0.0,0.0,0.0,O5,id
1120,THOMPSON RUN RD AT #218,"Ross township (Allegheny, PA)",,40.519872,-79.992013,loses_all_service,991,0.0,0.0,0.0,O5,id
11212,HWY RT 51 OPP BLUE FLAME,"Jefferson Hills borough (Allegheny, PA)",,40.304798,-79.933545,kept,0,0.0,0.0,0.0,Y46,id
1122,THOMPSON RUN RD AT RADCLIFFE DR,"Ross township (Allegheny, PA)",,40.517302,-79.993752,loses_all_service,684,0.0,0.0,0.0,O5,id
1123,THOMPSON RUN RD AT EVERGREEN RD,"Ross township (Allegheny, PA)",,40.511454,-79.9937,kept,0,0.0,0.0,0.0,O5,id
11258,HWY RT 51 AT JEFFERSON VETERINARY CLINIC,"Jefferson Hills borough (Allegheny, PA)",,40.301631,-79.930273,kept,0,0.0,0.0,0.0,Y46,id
11264,WORTHINGTON AVE AT PETERSON DR,"Jefferson Hills borough (Allegheny, PA)",,40.293844,-79.903305,kept,0,0.0,0.0,0.0,Y46,id
11266,WORTHINGTON AVE AT 13TH ST,"Clairton city (Allegheny, PA)",,40.293595,-79.899508,kept,0,0.0,0.0,0.0,Y46,id
1129,HEMLOCK DR OPP #4424,"Hampton township (Allegheny, PA)",,40.578812,-79.980765,loses_all_service,2201,0.0,0.0,0.0,O5,id
1131,HEMLOCK DR AT SAMPLE RD,"Hampton township (Allegheny, PA)",,40.576218,-79.978973,loses_all_service,1875,0.0,0.0,0.0,O5,id
11404,SECOND AVE +S 10TH ST BRIDGE FS,,,40.434554,-79.990186,kept,0,,,,56;57;58,none
11449,SECOND AVE +S 10TH ST BRIDGE,,,40.434467,-79.990082,kept,0,,,,52L;53L;56;57;58,none
11668,MAIN ST AT MARHAM RD,"Munhall borough (Allegheny, PA)",,40.392564,-79.900289,kept,0,0.0,0.0,0.0,53;53L,id
11696,CONLIN ST OPP CAROLINA AVE,"West Mifflin borough (Allegheny, PA)",,40.362225,-79.869366,loses_all_service,887,0.0,0.0,0.0,52L,id
11706,HOMEVILLE RD AT COMMONWEALTH AVE,"West Mifflin borough (Allegheny, PA)",,40.3827,-79.877766,kept_nearby,65,0.0,0.0,0.0,52L,id
11713,GREENSPRINGS AVE AT CHURCH ST,"West Mifflin borough (Allegheny, PA)",,40.390627,-79.882385,kept,0,0.0,0.0,0.0,52L,id
11714,GREENSPRINGS AVE AT SPRING ST,"West Mifflin borough (Allegheny, PA)",,40.391476,-79.883479,kept,0,0.0,0.0,0.0,52L,id
1173,BELLEFIELD AVE AT 5TH AVE,"Pittsburgh city (Allegheny, PA)",North Oakland,40.446349,-79.951784,kept,0,0.0,0.0,0.0,54;58;71A;71B;71C;71D;75;93;P3,id
11754,HOMEVILLE RD AT CASTLE DR #1,"West Mifflin borough (Allegheny, PA)",,40.381464,-79.877411,loses_all_service,166,0.0,0.0,0.0,52L,id
11756,HOMEVILLE RD AT CASTLE DR #2,"West Mifflin borough (Allegheny, PA)",,40.376822,-79.87554,loses_all_service,692,0.0,0.0,0.0,52L,id
11757,HOMEVILLE RD AT MUNICIPAL RD,"West Mifflin borough (Allegheny, PA)",,40.373795,-79.873863,loses_all_service,1005,0.0,0.0,0.0,52L,id
11763,CONLIN ST AT CAROLINA AVE,"West Mifflin borough (Allegheny, PA)",,40.362188,-79.869421,loses_all_service,892,0.0,0.0,0.0,52L,id
11765,PENNSYLVANIA AVE AT VERMONT AVE,"West Mifflin borough (Allegheny, PA)",,40.362059,-79.866962,loses_all_service,687,0.0,0.0,0.0,52L,id
11780,GRANT AVE AT 6TH ST,"Duquesne city (Allegheny, PA)",,40.372133,-79.851168,kept,0,0.0,0.0,0.0,52L,id
11782,GRANT AVE AT 4TH ST,"Duquesne city (Allegheny, PA)",,40.372609,-79.849171,kept,0,0.0,0.0,0.0,52L,id
12,WOOD STREET STATION,,,40.442149,-79.999438,kept,0,,,,BLUE;RED;SLVR,none
12040,MIFFLIN RD OPP #5419,"Pittsburgh city (Allegheny, PA)",Lincoln Place,40.368151,-79.910455,kept,0,0.0,0.0,0.0,53;53L;56,id
12050,HWY RT 885 AT COAL VALLEY RD,"Jefferson Hills borough (Allegheny, PA)",,40.322754,-79.926491,kept,0,0.0,0.0,0.2,55,id
12059,HWY RT 885 AT LEWIS RUN RD NS,"West Mifflin borough (Allegheny, PA)",,40.333464,-79.934872,kept_nearby,133,0.0,0.0,0.0,Y47;Y49,id
12062,IMOGENE RD OPP DESDEMONA AVE,"Pittsburgh city (Allegheny, PA)",Hazelwood,40.411896,-79.922847,kept,0,0.0,0.0,0.0,57,id
12123,IMOGENE RD AT DESDEMONA AVE,"Pittsburgh city (Allegheny, PA)",Glen Hazel,40.411704,-79.922799,kept,0,0.0,0.2,0.4,57,id
12129,GREENFIELD AVE OPP HAYWORTH ST,"Pittsburgh city (Allegheny, PA)",Greenfield,40.4252,-79.945376,kept,0,0.0,0.0,0.0,58;65;93,id
125,BABCOCK BLVD AT FAIRFIELD RD,"McCandless township (Allegheny, PA)",,40.564226,-80.019086,loses_all_service,416,0.0,0.0,0.0,12,id
12620,ALPHA DR E AT FREEPORT RD FS,"Harmar township (Allegheny, PA)",,40.539391,-79.830643,kept,0,0.0,0.0,0.0,P78,id
12642,FREEPORT RD OPP WORKS ENTRANCE #3,"East Deer township (Allegheny, PA)",,40.593011,-79.770861,kept,0,0.0,0.0,0.0,1;P10,id
12656,FREEPORT RD AT #153,"East Deer township (Allegheny, PA)",,40.567774,-79.776218,kept,0,0.0,0.2,0.2,1;P10,id
12663,FREEPORT RD AT RIDDLE RUN RD,"Springdale township (Allegheny, PA)",,40.545899,-79.770572,kept,0,0.0,0.0,0.0,1;P10,id
12809,FREEPORT RD OPP #153,"East Deer township (Allegheny, PA)",,40.56787,-79.776113,kept,0,0.0,0.0,0.0,1;P10,id
12833,E 5TH AVE AT ROSS ST,"Tarentum borough (Allegheny, PA)",,40.601021,-79.756676,kept_nearby,47,0.0,0.0,0.0,1,id
12989,PARKER ST OPP #90,"Etna borough (Allegheny, PA)",,40.493801,-79.952087,kept,0,0.0,0.0,0.0,2,id
13,GATEWAY STATION,,,40.442189,-80.004205,kept_nearby,44,,,,BLUE;RED;SLVR,none
13023,PARKER ST AT #90,"Etna borough (Allegheny, PA)",,40.49374,-79.95163,kept,0,0.0,0.0,0.0,2,id
13319,FREEPORT RD AT FAIRMONT AVE,"Harrison township (Allegheny, PA)",,40.622225,-79.727024,loses_all_service,177,0.0,0.0,0.0,P10,id
13320,FREEPORT RD AT MONTANA AVE,"Harrison township (Allegheny, PA)",,40.621186,-79.728489,kept,0,0.0,0.0,0.0,P10,id
13323,FREEPORT RD AT ALABAMA AVE,"Harrison township (Allegheny, PA)",,40.616583,-79.736409,kept,0,0.0,0.0,0.0,P10,id
13324,FREEPORT RD AT MILE LOCK LN,"Harrison township (Allegheny, PA)",,40.61567,-79.738702,loses_all_service,203,0.0,0.0,0.0,P10,id
13333,FREEPORT RD AT MILE LOCK LN,"Brackenridge borough (Allegheny, PA)",,40.615491,-79.738793,loses_all_service,216,0.0,0.0,0.0,P10,id
13334,FREEPORT RD AT ALABAMA AVE,"Harrison township (Allegheny, PA)",,40.616348,-79.736633,kept,0,0.0,0.0,0.0,P10,id
13335,FREEPORT RD AT ARGONNE DR,"Harrison township (Allegheny, PA)",,40.617415,-79.733948,loses_all_service,235,0.0,0.0,0.0,P10,id
13336,FREEPORT RD AT CALIFORNIA AVE,"Harrison township (Allegheny, PA)",,40.618123,-79.732368,loses_all_service,390,0.0,0.0,0.0,P10,id
13337,FREEPORT RD AT IDAHO AVE,"Harrison township (Allegheny, PA)",,40.619336,-79.730541,loses_all_service,252,0.0,0.0,0.0,P10,id
13338,FREEPORT RD AT MONTANA AVE,"Harrison township (Allegheny, PA)",,40.620925,-79.728594,kept,0,0.0,0.0,0.0,P10,id
13405,FREEPORT RD AT LENGEL AVE,"Harrison township (Allegheny, PA)",,40.634599,-79.7135,kept,0,0.0,0.0,0.0,P10,id
13408,FREEPORT RD AT BURTNER RD,"Harrison township (Allegheny, PA)",,40.629697,-79.718271,kept,0,0.0,0.0,0.0,P10,id
13411,FREEPORT RD AT POPLAR ST,"Harrison township (Allegheny, PA)",,40.627358,-79.720678,kept_nearby,126,0.0,0.0,0.0,P10,id
13459,FREEPORT RD AT ROSS ST,"Harrison township (Allegheny, PA)",,40.627822,-79.719322,kept,0,0.0,0.0,0.0,P10,id
13460,FREEPORT RD AT BURTNER RD,"Harrison township (Allegheny, PA)",,40.62948,-79.717677,kept,0,0.0,0.0,0.0,P10,id
13464,FREEPORT RD AT HARRISON AVE FS,"Harrison township (Allegheny, PA)",,40.634537,-79.713376,kept,0,0.0,0.0,0.0,P10,id
13465,FREEPORT RD OPP SAXONBURG RD,"Harrison township (Allegheny, PA)",,40.636058,-79.712346,kept,0,0.0,0.0,0.0,P10,id
13466,FREEPORT RD AT OLIVE AVE,"Harrison township (Allegheny, PA)",,40.638864,-79.711198,kept,0,0.0,0.0,0.0,P10,id
13472,PENN ST AT ATLANTIC AVE,"Brackenridge borough (Allegheny, PA)",,40.611679,-79.740818,loses_all_service,195,0.0,0.0,0.0,P10,id
13476,9TH AVE OPP GRANT ST,"Brackenridge borough (Allegheny, PA)",,40.608344,-79.745864,kept,0,0.0,0.0,0.0,P10,id
13492,PENN ST AT ATLANTIC AVE,"Brackenridge borough (Allegheny, PA)",,40.611543,-79.74067,loses_all_service,178,0.0,0.0,0.0,P10,id
13494,PENN ST AT UNION AVE,"Brackenridge borough (Allegheny, PA)",,40.61304,-79.74148,loses_all_service,355,0.0,0.0,0.0,P10,id
1350,BEAVER RD AT SHIELDS LN,"Edgeworth borough (Allegheny, PA)",,40.557237,-80.198242,kept,0,0.0,0.0,0.0,14,id
13567,HWY RT 286 AT DUANE DR,"Plum borough (Allegheny, PA)",,40.468421,-79.705984,loses_all_service,192,0.0,0.0,0.0,P12,id
13596,MALL BLVD AT WM PENN HWY,"Monroeville municipality (Allegheny, PA)",,40.435894,-79.785446,kept,0,0.0,0.0,0.0,67,id
13605,OLD WILLIAM PENN HWY AT WILLIAMSBURG DR,"Monroeville municipality (Allegheny, PA)",,40.441411,-79.753778,kept,0,0.0,0.0,0.0,67;P12,id
13607,OLD WILLIAM PENN HWY OPP BAYHILL DR,"Monroeville municipality (Allegheny, PA)",,40.441713,-79.749619,kept,0,0.0,0.0,0.0,67;P12,id
13611,BEATTY RD OPP BEATTY POINTE VILLAGE,"Monroeville municipality (Allegheny, PA)",,40.445774,-79.74744,loses_all_service,479,0.0,0.0,0.0,67,id
13620,BEATTY RD OPP BRUNNER DR,"Monroeville municipality (Allegheny, PA)",,40.451725,-79.755341,kept,0,0.0,0.0,0.0,77,id
13629,HWY RT 286 AT #1610,"Monroeville municipality (Allegheny, PA)",,40.435106,-79.714115,kept,0,0.0,0.0,0.0,P12,id
13631,HWY RT 286 AT RICKENBAKER DR,"Monroeville municipality (Allegheny, PA)",,40.44205,-79.713245,kept,0,0.0,0.0,0.0,P12,id
13634,HWY RT 286 OPP PINE VALLEY DR,"Plum borough (Allegheny, PA)",,40.454971,-79.710756,kept,0,0.0,0.0,0.0,P12,id
13635,HWY RT 286 AT KANE RD (YMCA),"Plum borough (Allegheny, PA)",,40.457768,-79.708463,kept,0,0.0,0.0,0.0,P12,id
13931,HWY RT 286 AT DAY CHEVROLET,"Monroeville municipality (Allegheny, PA)",,40.431525,-79.716964,kept,0,0.0,0.0,0.0,P12,id
14024,GREENSBURG PIKE AT HILDA AVE,"East McKeesport borough (Allegheny, PA)",,40.380808,-79.814711,kept,0,0.0,0.0,0.0,P76,id
14188,UNIVERSAL RD OPP #1048,"Penn Hills township (Allegheny, PA)",,40.460368,-79.807214,kept_nearby,25,0.0,0.0,0.0,P16,id
14221,UNIVERSAL RD AT #150,"Penn Hills township (Allegheny, PA)",,40.466181,-79.822564,kept,0,0.0,0.0,0.0,P16,id
14227,UNIVERSAL RD AT #1048,"Penn Hills township (Allegheny, PA)",,40.460306,-79.806934,kept,0,0.0,0.0,0.0,P16,id
14228,UNIVERSAL RD OPP STOTLER RD,"Penn Hills township (Allegheny, PA)",,40.460592,-79.804698,kept,0,0.0,0.0,0.0,P16,id
1425,OHIO RIVER BLVD AT SPRING AVE STEPS,"Bellevue borough (Allegheny, PA)",,40.488865,-80.057664,kept,0,0.0,0.0,0.0,14,id
14305,HULTON RD OPP THE FAIRWAYS,"Plum borough (Allegheny, PA)",,40.525983,-79.82177,loses_all_service,1652,0.0,0.0,0.0,P16,id
14308,HULTON RD OPP 10TH ST,"Oakmont borough (Allegheny, PA)",,40.52399,-79.831644,loses_all_service,826,0.0,0.0,0.0,P16,id
14309,HULTON RD OPP 9TH ST,"Oakmont borough (Allegheny, PA)",,40.523839,-79.832854,loses_all_service,727,0.0,0.0,0.0,P16,id
14311,HULTON RD AT 5TH ST,"Oakmont borough (Allegheny, PA)",,40.525024,-79.838369,loses_all_service,254,0.0,0.0,0.0,P16,id
14340,VERONA RD OPP GRAHAM BLVD EXT,"Penn Hills township (Allegheny, PA)",,40.46329,-79.865765,kept,0,0.0,0.0,0.0,79;P17,id
14357,HAMILTON AVE AT ENTERPRISE ST,"Pittsburgh city (Allegheny, PA)",Larimer,40.459349,-79.914352,kept_nearby,126,0.0,0.0,0.0,75;P17,id
14371,HULTON RD AT RIVERVIEW HIGH SCHOOL,"Oakmont borough (Allegheny, PA)",,40.526325,-79.844132,kept,0,0.0,0.0,0.0,P16;P78,id
1440,OHIO RIVER BLVD AT ALLEGHENY AVE,"Emsworth borough (Allegheny, PA)",,40.511481,-80.100904,kept,0,0.0,0.0,0.2,14,id
14448,VERONA RD OPP GALETON DR,"Penn Hills township (Allegheny, PA)",,40.490376,-79.836093,kept,0,0.0,0.0,0.0,P78,id
14450,VERONA RD AT RAITHEL ST FS,"Penn Hills township (Allegheny, PA)",,40.496046,-79.836745,kept,0,0.0,0.0,0.0,P78,id
14451,VERONA RD OPP RIVERVIEW DR,"Penn Hills township (Allegheny, PA)",,40.497389,-79.836822,kept,0,0.0,0.0,0.0,P78,id
14453,VERONA RD AT 2ND ST,"Penn Hills township (Allegheny, PA)",,40.501444,-79.837624,kept,0,0.0,0.0,0.0,P78,id
14466,HULTON RD AT 5TH ST,"Oakmont borough (Allegheny, PA)",,40.525004,-79.838598,loses_all_service,234,0.0,0.0,0.0,P16,id
14468,HULTON RD AT 9TH ST,"Oakmont borough (Allegheny, PA)",,40.523697,-79.833183,loses_all_service,702,0.0,0.0,0.0,P16,id
14469,HULTON RD AT 10TH ST,"Oakmont borough (Allegheny, PA)",,40.523865,-79.831764,loses_all_service,818,0.0,0.0,0.0,P16,id
14473,HULTON RD AT THE FAIRWAYS,"Oakmont borough (Allegheny, PA)",,40.525948,-79.821671,loses_all_service,1659,0.0,0.0,0.0,P16,id
1449,BEAVER ST AT #1449,"Glen Osborne borough (Allegheny, PA)",,40.529967,-80.165513,kept,0,0.0,0.2,0.0,14,id
14517,FRANKSTOWN RD AT HIGHLAND RD,"Penn Hills township (Allegheny, PA)",,40.467125,-79.836296,kept_nearby,68,0.0,0.0,0.4,77,id
1452,BEAVER ST AT OSBORNE LN,"Glen Osborne borough (Allegheny, PA)",,40.533083,-80.171872,kept,0,0.0,0.0,0.0,14,id
1453,BEAVER ST AT DAVIS LN,"Glen Osborne borough (Allegheny, PA)",,40.533931,-80.173463,kept,0,0.0,0.0,0.4,14,id
14570,WASHINGTON BLVD AT LIBERTY WELDING,"Pittsburgh city (Allegheny, PA)",Larimer,40.466916,-79.90861,kept_nearby,130,0.0,0.0,0.0,P10,id
14602,CENTER RD AT HELMAR DR FS,"Monroeville municipality (Allegheny, PA)",,40.452351,-79.761223,loses_all_service,409,0.0,0.0,0.0,77,id
14620,UNITY TRESTLE RD AT #1049,"Plum borough (Allegheny, PA)",,40.478284,-79.761287,loses_all_service,2030,0.0,0.0,0.0,77;P16,id
14623,UNITY TRESTLE RD AT COLLEGE AVE,"Plum borough (Allegheny, PA)",,40.48457,-79.767443,loses_all_service,1702,0.0,0.0,0.0,77;P16,id
1466,BEAVER RD AT CHESTNUT RD,"Edgeworth borough (Allegheny, PA)",,40.550158,-80.1903,kept,0,0.0,0.2,0.2,14,id
14674,SALTSBURG RD AT ALCOMA GOLF CLUB,"Penn Hills township (Allegheny, PA)",,40.481016,-79.802589,kept,0,0.0,0.0,0.0,77,id
14675,SALTSBURG RD AT HERSHEY RD,"Penn Hills township (Allegheny, PA)",,40.477612,-79.799696,kept,0,0.0,0.0,0.0,77,id
1468,BEAVER RD OPP CHURCH LN,"Edgeworth borough (Allegheny, PA)",,40.556247,-80.196793,kept,0,0.0,0.6,0.0,14,id
14682,MAIN ST AT THOMPSON RUN RD,"Penn Hills township (Allegheny, PA)",,40.468484,-79.791108,kept_nearby,15,0.0,0.0,0.0,P16,id
14683,MAIN ST AT #2344,"Penn Hills township (Allegheny, PA)",,40.469586,-79.790071,kept,0,0.0,0.0,0.0,P16,id
14685,MAIN ST AT REITER RD,"Penn Hills township (Allegheny, PA)",,40.471881,-79.787714,kept,0,0.0,0.0,0.0,P16,id
14686,MAIN ST AT #2636,"Penn Hills township (Allegheny, PA)",,40.47342,-79.787598,kept,0,0.0,0.0,0.0,P16,id
14687,UNIVERSAL RD AT AUSTIN ST,"Penn Hills township (Allegheny, PA)",,40.475244,-79.786634,kept,0,0.0,0.0,0.0,P16,id
1469,BEAVER RD OPP SHIELDS LN,"Edgeworth borough (Allegheny, PA)",,40.557205,-80.198096,kept,0,0.0,0.0,0.0,14,id
14691,SALTSBURG RD OPP CRESTVIEW DR,"Penn Hills township (Allegheny, PA)",,40.476033,-79.778596,loses_all_service,584,0.0,0.0,0.0,77;P16,id
14710,CENTER RD AT COTTAGE LN,"Monroeville municipality (Allegheny, PA)",,40.456222,-79.759882,loses_all_service,633,0.0,0.0,0.0,77,id
14711,CENTER RD AT FRANKLIN HEIGHTS DR FS,"Monroeville municipality (Allegheny, PA)",,40.454509,-79.76034,loses_all_service,508,0.0,0.0,0.0,77,id
14716,BEATTY RD AT HAYMAKER RD FS,"Monroeville municipality (Allegheny, PA)",,40.448775,-79.760531,kept,0,0.0,0.0,0.0,77,id
1472,BEAVER ST AT VALLEY LN,"Leetsdale borough (Allegheny, PA)",,40.561089,-80.202564,kept,0,0.0,0.0,0.0,14,id
14743,SALTSBURG RD AT REGENCY DR,"Plum borough (Allegheny, PA)",,40.475269,-79.770813,loses_all_service,1245,0.0,0.0,0.0,77;P16,id
14745,SALTSBURG RD AT CHAPEL HILL DENTAL BLDG (#7641,"Plum borough (Allegheny, PA)",,40.475128,-79.775271,loses_all_service,882,0.0,0.0,0.0,77;P16,id
14746,SALTSBURG RD AT CRESTVIEW DR,"Plum borough (Allegheny, PA)",,40.47592,-79.778182,loses_all_service,621,0.0,0.0,0.0,77;P16,id
14762,SALTSBURG RD OPP ASTER ST NS,"Penn Hills township (Allegheny, PA)",,40.483902,-79.814333,kept,0,0.0,0.0,0.0,77,id
14790,SALTSBURG RD AT CHANTICLEER DR,"Penn Hills township (Allegheny, PA)",,40.475468,-79.793738,kept,0,0.0,0.0,0.0,77,id
14791,SALTSBURG RD AT TILFORD RD,"Penn Hills township (Allegheny, PA)",,40.475018,-79.792216,kept,0,0.0,0.0,0.0,77,id
14792,SALTSBURG RD AT COLONIAL VILLAGE DR,"Penn Hills township (Allegheny, PA)",,40.47503,-79.790912,kept,0,0.0,0.0,0.0,77,id
14857,LIBERTY AVE + CANOE WAY,,,40.463252,-79.955043,kept,0,,,,54;86;87,none
1489,MERCHANT ST AT 11TH ST,"Ambridge borough (Beaver, PA)",,40.592676,-80.230367,kept,0,0.0,0.0,0.0,14,id
14951,LONG RD AT SAYLONG DR,"Penn Hills township (Allegheny, PA)",,40.455986,-79.835983,kept,0,0.0,0.0,0.0,P16,id
14953,LONG RD AT ELIZABETH DR,"Penn Hills township (Allegheny, PA)",,40.46217,-79.833965,kept,0,0.0,0.0,0.0,P16,id
14955,LONG RD AT FRANKSTOWN RD,"Penn Hills township (Allegheny, PA)",,40.465565,-79.832209,kept,0,0.0,0.0,0.0,P16,id
15112,HULTON RD AT 13TH ST,"Oakmont borough (Allegheny, PA)",,40.524735,-79.827057,loses_all_service,1210,0.0,0.0,0.0,P16,id
15123,HULTON RD OPP HULTON ESTATES,"Penn Hills township (Allegheny, PA)",,40.513214,-79.803198,loses_all_service,3089,0.0,0.0,0.0,P16,id
15275,WEST BUSWAY AT CARNEGIE STATION,"Carnegie borough (Allegheny, PA)",,40.406091,-80.090234,kept,0,0.0,0.0,0.0,G2,id
15463,HWY RT 51 OPP JEFFERSON VETERINARY CLINIC,"Jefferson Hills borough (Allegheny, PA)",,40.301396,-79.929547,kept,0,0.0,0.2,0.0,Y46,id
1581,CHURCH AVE OPP VICTORIA AVE,"Avalon borough (Allegheny, PA)",,40.506461,-80.074766,kept,0,0.0,0.0,0.0,19L,id
15836,BELTZHOOVER AVE AT FREELAND ST,"Pittsburgh city (Allegheny, PA)",Beltzhoover,40.419206,-79.997358,kept_nearby,86,0.0,0.0,0.0,54,id
15946,GRANT ST AT US STEEL STOP B,"Pittsburgh city (Allegheny, PA)",Central Business District,40.441664,-79.995195,kept_nearby,26,0.0,0.0,0.0,P12;P16;P67;P68;P71,id
16230,EAST PITTSBURGH-MCKEESPORT BLV AT AULT ST,"North Versailles township (Allegheny, PA)",,40.364505,-79.829199,kept,0,0.0,0.0,0.2,55,id
1633,CHURCH AVE AT VICTORIA AVE,"Avalon borough (Allegheny, PA)",,40.50643,-80.074632,kept,0,0.0,0.0,0.0,19L,id
1634,CHURCH AVE AT WALNUT RD,"Ben Avon borough (Allegheny, PA)",,40.506989,-80.07659,kept,0,0.0,0.0,0.0,19L,id
1637,CHURCH AVE AT FOREST AVE,"Ben Avon borough (Allegheny, PA)",,40.508149,-80.082591,kept,0,0.0,0.0,0.0,19L,id
16437,WILDWOOD AVE OPP VERONA ST,"Verona borough (Allegheny, PA)",,40.503741,-79.840344,kept,0,0.0,0.0,0.0,P78,id
1647,CENTER AVE AT PENNSYLVANIA AVE,"Emsworth borough (Allegheny, PA)",,40.513162,-80.099814,kept,0,0.0,0.0,0.0,19L,id
1648,CENTER AVE AT ALLEGHENY AVE,"Emsworth borough (Allegheny, PA)",,40.513133,-80.100991,kept_nearby,86,0.0,0.0,0.0,19L,id
16482,SAMPLE RD OPP HIGHMEADOW RD,"McCandless township (Allegheny, PA)",,40.573361,-79.993726,loses_all_service,1692,0.0,0.0,0.0,O5,id
1649,CENTER AVE AT WALLISTON AVE,"Emsworth borough (Allegheny, PA)",,40.513058,-80.102799,kept,0,0.0,0.0,0.0,19L,id
16491,FREEPORT RD AT DALLAS AVE,"Harrison township (Allegheny, PA)",,40.622754,-79.726233,loses_all_service,216,0.0,0.0,0.0,P10,id
16551,WASHINGTON BLVD AT CYPHERS COMPANY,"Pittsburgh city (Allegheny, PA)",Larimer,40.463186,-79.905896,kept_nearby,106,0.0,0.0,0.0,P10,id
1658,KENDALL AVE AT DAVIS AVE,"Bellevue borough (Allegheny, PA)",,40.489674,-80.049881,kept,0,0.0,0.0,0.0,19L,id
16679,WALNUT ST AT WAMPLER ST,"Versailles borough (Allegheny, PA)",,40.317162,-79.833728,kept,0,0.0,0.0,0.0,60,id
1669,GRANT AVE OPP JEFFERSON AVE,"Bellevue borough (Allegheny, PA)",,40.489448,-80.051722,kept,0,0.0,0.0,0.0,19L,id
16950,PRESIDENTIAL DR AT WASHINGTON,"McCandless township (Allegheny, PA)",,40.584852,-79.999604,loses_all_service,1828,0.0,0.0,0.0,O5,id
16981,UNIVERSAL RD AT MAIN ST,"Penn Hills township (Allegheny, PA)",,40.467691,-79.793399,kept,0,0.0,0.0,0.0,P16,id
17126,JAMES ST AT BUENA VISTA RD,"Monroeville municipality (Allegheny, PA)",,40.420174,-79.808328,kept,0,0.0,0.0,0.0,P68,id
17229,HAZELWOOD AVE AT GLADSTONE ST,"Pittsburgh city (Allegheny, PA)",Hazelwood,40.412525,-79.9403,kept,0,0.0,0.0,0.0,93,id
1723,ALLEGHENY AVE AT NORTH AVE,"Pittsburgh city (Allegheny, PA)",Manchester,40.453228,-80.019493,loses_all_service,202,0.0,0.0,0.0,18,id
1725,ALLEGHENY AVE AT NORTH AVE,"Pittsburgh city (Allegheny, PA)",Allegheny West,40.452957,-80.01931,loses_all_service,168,0.0,0.0,0.0,18,id
1726,ALLEGHENY AVE OPP SHEFFIELD ST,"Pittsburgh city (Allegheny, PA)",Central Northside,40.454192,-80.01969,kept_nearby,116,0.0,0.0,0.0,18,id
17323,FREEPORT RD AT EVERGREEN DR,"Harrison township (Allegheny, PA)",,40.649166,-79.708945,loses_all_service,430,0.0,0.0,0.0,P10,id
17324,FREEPORT RD OPP EVERGREEN DR,"Harrison township (Allegheny, PA)",,40.649055,-79.7088,loses_all_service,429,0.0,0.0,0.0,P10,id
17327,FREEPORT RD OPP ALTERMOOR DR,"Harrison township (Allegheny, PA)",,40.655803,-79.707327,loses_all_service,1142,0.0,0.0,0.0,P10,id
1733,CHATEAU ST AT ADAMS ST,"Pittsburgh city (Allegheny, PA)",Manchester,40.458163,-80.029651,kept,0,0.0,0.0,0.0,18,id
17349,FREEPORT RD OPP OAK MANOR DR (YMCA ENTRANCE),"Harrison township (Allegheny, PA)",,40.65121,-79.708426,loses_all_service,640,0.0,0.0,0.0,P10,id
1735,CHATEAU ST TURNAROUND AT BEAVER AVE,"Pittsburgh city (Allegheny, PA)",Chateau,40.461407,-80.031593,kept_nearby,112,0.0,0.0,0.0,18,id
17350,FREEPORT RD AT OAK MANOR DR,"Harrison township (Allegheny, PA)",,40.650726,-79.708371,loses_all_service,597,0.0,0.0,0.0,P10,id
1740,BRANCHPORT ST AT PREBLE AVE,"Pittsburgh city (Allegheny, PA)",Chateau,40.458813,-80.033409,loses_all_service,292,0.0,0.0,0.0,18,id
1742,PREBLE AVE AT ISLAND AVE,"Pittsburgh city (Allegheny, PA)",Chateau,40.461418,-80.034515,loses_all_service,340,0.0,0.0,0.0,18,id
17453,VANADIUM RD AT BOWER HILL RD,"Scott township (Allegheny, PA)",,40.368406,-80.084332,loses_all_service,406,0.0,0.2,0.0,41,id
17509,WORTHINGTON AVE OPP INTERCHANGE LOUNGE (#1560),"Jefferson Hills borough (Allegheny, PA)",,40.292744,-79.909534,kept,0,0.0,0.0,0.0,Y46,id
17510,WORTHINGTON AVE AT INTERCHANGE LOUNGE (#1560),"Jefferson Hills borough (Allegheny, PA)",,40.292725,-79.90945,kept,0,0.0,0.0,0.0,Y46,id
17518,AMITY ST AT 8TH AVE,"Homestead borough (Allegheny, PA)",,40.406968,-79.910707,kept,0,0.0,1.4,0.4,53,id
17656,WATERWORKS DR + BED BATH & BEYOND (WALMART),,,40.488022,-79.889769,kept,0,,,,1;75;91,none
1812,N CHARLES ST AT #2562,"Pittsburgh city (Allegheny, PA)",Perry South,40.467593,-80.016678,loses_all_service,254,0.0,0.0,0.0,15,id
18275,WESTERN AVE AT ALLEGHENY AVE FS,"Pittsburgh city (Allegheny, PA)",Allegheny West,40.451551,-80.018572,kept_nearby,8,0.0,0.0,0.0,18,id
18281,BEAVER ST AT MAIN ST FS,"Leetsdale borough (Allegheny, PA)",,40.577597,-80.22036,kept,0,0.0,0.0,0.0,14,id
18380,FREEPORT RD AT PADDOCK RESTAURANT,"Harrison township (Allegheny, PA)",,40.643415,-79.710113,kept,0,0.0,0.0,0.0,P10,id
18499,MULHATTON ST AT BEACON ST FS,"Pittsburgh city (Allegheny, PA)",Squirrel Hill South,40.435016,-79.916415,loses_all_service,208,0.0,0.0,0.0,65,id
18503,JAMES ST OPP SPEELMAN LN FS,"Monroeville municipality (Allegheny, PA)",,40.42171,-79.797985,kept,0,0.0,0.0,0.0,P68,id
18520,BRINTON RD OPP DRIVEWAY,"Edgewood borough (Allegheny, PA)",,40.432786,-79.872747,kept,0,0.0,0.0,0.0,P68,id
18547,BROADWAY BLVD OPP VALLEY RD NS,"Monroeville municipality (Allegheny, PA)",,40.397889,-79.791871,kept,0,0.0,0.0,0.0,69;P69,id
18627,HWY RT 286 AT ROYAL OAKS SHOPPING CENTER DRV,"Monroeville municipality (Allegheny, PA)",,40.443966,-79.713486,kept,0,0.0,0.0,0.0,P12,id
18648,BOWER HILL RD AT HILLAIRE DR FS,"Mount Lebanon township (Allegheny, PA)",,40.374877,-80.071902,kept,0,0.0,0.0,0.0,41,id
18663,BOWER HILL RD OPP SOMERVILLE DR,"Scott township (Allegheny, PA)",,40.371473,-80.080073,kept,0,0.0,0.0,0.0,41,id
18672,DELWAR DR AT RITTER ENGINEERING,"West Mifflin borough (Allegheny, PA)",,40.350809,-79.950933,kept,0,0.0,0.0,0.0,Y49,id
18694,MCKNIGHT RD AT PERRYMONT RD FS,"McCandless township (Allegheny, PA)",,40.558341,-80.023342,kept,0,0.0,0.0,0.0,O12,id
18697,SAMPLE RD OPP NORTHGATE DR,"McCandless township (Allegheny, PA)",,40.574646,-79.990532,loses_all_service,1976,0.0,0.0,0.0,O5,id
18701,PRESIDENTIAL DR OPP WASHINGTON,"McCandless township (Allegheny, PA)",,40.584988,-79.999735,loses_all_service,1830,0.0,0.0,0.0,O5,id
18772,MCKEES ROCKS RD AT HECKLE RD FS,"Kennedy township (Allegheny, PA)",,40.470727,-80.092038,kept,0,0.0,0.0,0.0,24,id
18817,FOX CHAPEL RD AT N MARGERY DR,"O'Hara township (Allegheny, PA)",,40.492092,-79.881397,kept,0,0.0,0.0,0.0,75,id
18819,FOX CHAPEL RD OPP DELAFIELD RD NS,"O'Hara township (Allegheny, PA)",,40.498564,-79.88336,kept,0,0.0,0.0,0.0,75,id
18857,BLOSSOM DR AT GARDENVILLE RD,"Bethel Park municipality (Allegheny, PA)",,40.342652,-80.00532,loses_all_service,1667,0.0,0.0,0.0,Y45,id
18859,BLOSSOM DR AT NORMA DR,"Baldwin borough (Allegheny, PA)",,40.343669,-80.002347,loses_all_service,1394,0.0,0.0,0.0,Y45,id
18864,ZUPANCIC DR AT BROGLIE DR,"South Park township (Allegheny, PA)",,40.32068,-79.985351,loses_all_service,1862,0.0,0.0,0.0,Y45,id
18867,ZUPANCIC DR OPP #6516,"South Park township (Allegheny, PA)",,40.32051,-79.992141,loses_all_service,2160,0.0,0.0,0.0,Y45,id
18870,BROWNSVILLE RD AT SYLVANIA DR,"South Park township (Allegheny, PA)",,40.321828,-79.995157,loses_all_service,2212,0.0,0.0,0.0,Y45,id
18873,GARDENVILLE RD OPP BLOSSOM DR,"Bethel Park municipality (Allegheny, PA)",,40.342678,-80.005553,loses_all_service,1685,0.0,0.0,0.0,Y45,id
18874,BLOSSOM DR AT MCANULTY RD,"Baldwin borough (Allegheny, PA)",,40.343848,-79.997244,loses_all_service,974,0.0,0.0,0.0,Y45,id
18879,GARDENVILLE RD AT CROSS ST,"Baldwin borough (Allegheny, PA)",,40.349904,-80.008162,loses_all_service,1260,0.0,0.0,0.0,Y45,id
18891,GREENSPRINGS AVE OPP SPRING ST FS,"West Mifflin borough (Allegheny, PA)",,40.391397,-79.883477,kept,0,0.0,0.0,0.0,52L,id
18967,WHITFIELD ST AT BAUM BLVD,"Pittsburgh city (Allegheny, PA)",East Liberty,40.460478,-79.926833,kept,0,0.0,0.0,0.0,74;89,id
19067,LEECHBURG RD OPP CLOVERLEAF RD,"Penn Hills township (Allegheny, PA)",,40.486953,-79.80885,loses_all_service,449,0.0,0.0,0.0,77;P16,id
19082,UNITY TRESTLE RD AT ANDERSON LN,"Plum borough (Allegheny, PA)",,40.48558,-79.769564,loses_all_service,1606,0.0,0.0,0.0,77;P16,id
19083,UNITY TRESTLE RD AT WILLOW DR,"Plum borough (Allegheny, PA)",,40.484851,-79.768145,loses_all_service,1665,0.0,0.0,0.0,77;P16,id
19086,MONROEVILLE-TRESTLE RD OPP BOYCE PARK ENTRANCE,"Plum borough (Allegheny, PA)",,40.470428,-79.754943,loses_all_service,1941,0.0,0.0,0.0,77,id
19136,MILLTOWN RD AT LEECHBURG RD,"Penn Hills township (Allegheny, PA)",,40.494605,-79.788624,loses_all_service,1392,0.0,0.0,0.0,P16,id
19149,MILLTOWN RD OPP NEWFIELD DR,"Penn Hills township (Allegheny, PA)",,40.500973,-79.792096,loses_all_service,1854,0.0,0.0,0.0,P16,id
19152,MILLTOWN RD OPP HULTON RD,"Penn Hills township (Allegheny, PA)",,40.505901,-79.793119,loses_all_service,2355,0.0,0.0,0.0,P16,id
19154,UNIVERSAL RD OPP DEERFIELD DR,"Penn Hills township (Allegheny, PA)",,40.466925,-79.798746,kept,0,0.0,0.0,0.0,P16,id
19169,COAL HOLLOW RD AT CLIFF DR,"Penn Hills township (Allegheny, PA)",,40.46347,-79.844244,kept,0,0.0,0.0,0.0,P78,id
19295,GRANDVIEW AVE OPP HALLOCK ST,"Pittsburgh city (Allegheny, PA)",Mount Washington,40.437296,-80.017192,kept,0,0.0,0.0,0.0,40,id
19309,ARLINGTON AVE OPP #1047 FS,"Pittsburgh city (Allegheny, PA)",Allentown,40.423464,-79.989236,kept,0,0.0,0.0,0.0,43,id
19314,ARLINGTON AVE AT WILLIAM ST FS,"Pittsburgh city (Allegheny, PA)",Allentown,40.42787,-79.996323,kept,0,0.0,0.0,0.0,43,id
19322,SPRING GARDEN AVE OPP GIDDY WAY,"Pittsburgh city (Allegheny, PA)",Spring Garden,40.474636,-79.989019,loses_all_service,742,0.0,0.0,0.0,7,id
19349,CONNIE DR OPP OLD CONNIE DR,"Ross township (Allegheny, PA)",,40.496248,-80.022731,loses_all_service,231,0.0,0.2,0.0,17,id
19482,LINCOLN HWY AT JACKS RUN RD,"North Versailles township (Allegheny, PA)",,40.368251,-79.780627,loses_all_service,2629,0.0,0.0,0.0,P76,id
19547,BAUSMAN AVE OPP ROMEYN ST,"Pittsburgh city (Allegheny, PA)",Knoxville,40.414351,-79.992038,loses_all_service,154,0.0,0.0,0.0,54,id
19564,FOREST AVE OPP KLEMONT AVE FS,"Ross township (Allegheny, PA)",,40.506908,-80.051069,kept,0,0.0,0.0,0.0,13,id
19605,COCHRAN RD AT BEVERLY RD,"Mount Lebanon township (Allegheny, PA)",,40.387276,-80.054923,kept_nearby,27,0.0,0.0,0.0,38,id
19644,KANE BLVD OPP CHURCH RECTORY,"Scott township (Allegheny, PA)",,40.373064,-80.083892,kept,0,0.0,0.0,0.0,41,id
19674,CEDAR BLVD OPP OLD CEDAR BLVD,"Mount Lebanon township (Allegheny, PA)",,40.371657,-80.059237,loses_all_service,857,0.0,0.0,0.0,36,id
19687,VILLAGE DR + STAIRTOWER,,,40.339737,-80.054789,kept_nearby,132,,,,36,none
19728,PERRY HWY AT HANWAY AVE,"Ross township (Allegheny, PA)",,40.504393,-80.026471,kept,0,0.0,0.0,0.0,8,id
19775,UNITY TRESTLE RD OPP ASHLAND DR FS,"Plum borough (Allegheny, PA)",,40.486367,-79.771565,loses_all_service,1523,0.0,0.0,0.0,77;P16,id
19799,UNITY TRESTLE RD AT ASHLAND DR,"Plum borough (Allegheny, PA)",,40.486222,-79.77143,loses_all_service,1521,0.0,0.0,0.0,77;P16,id
19801,CENTER RD AT WIMBLEDON DR FS,"Plum borough (Allegheny, PA)",,40.467113,-79.757068,loses_all_service,1622,0.0,0.0,0.0,77,id
19813,SALTSBURG RD OPP CHAPEL HILL DENTAL BLDG (#7641,"Plum borough (Allegheny, PA)",,40.475109,-79.776184,loses_all_service,809,0.0,0.0,0.0,77;P16,id
19815,SALTSBURG RD OPP REGENCY DR,"Plum borough (Allegheny, PA)",,40.475261,-79.77096,loses_all_service,1233,0.0,0.0,0.0,77;P16,id
19862,MCINTYRE RD AT THOMPSON RUN RD FS,"Ross township (Allegheny, PA)",,40.552506,-79.998512,loses_all_service,1001,0.0,0.0,0.0,O5,id
19866,LAWRENCEVILLE SHOPPING CENTER,"Pittsburgh city (Allegheny, PA)",Upper Lawrenceville,40.482902,-79.948012,kept,0,0.0,0.0,0.0,87;93,id
19870,BAKER ST AT #7124,"Pittsburgh city (Allegheny, PA)",Morningside,40.487805,-79.923497,kept,0,0.0,0.2,0.0,75;87,id
19886,BRADDOCK AVE OPP DELMAR WAY,"Swissvale borough (Allegheny, PA)",,40.423769,-79.887106,kept,0,0.0,0.0,0.0,71;P71,id
19894,BRADDOCK AVE AT DELMAR WAY,"Swissvale borough (Allegheny, PA)",,40.423876,-79.887322,kept,0,0.0,0.0,0.0,71;P71,id
19982,DELAFIELD RD OPP PATRIOT WAY,"Fox Chapel borough (Allegheny, PA)",,40.497126,-79.890987,kept,0,0.0,0.2,0.0,75,id
19986,FREEPORT RD AT JEFFERSON AVE FS,"Harrison township (Allegheny, PA)",,40.632614,-79.714718,kept,0,0.0,0.0,0.0,P10,id
20004,HUTCHINSON ST AT EAST END AVE,"Edgewood borough (Allegheny, PA)",,40.433333,-79.892982,kept_nearby,105,0.0,0.0,0.0,71,id
20019,WILLIAM PENN HWY OPP ELLIOTT RD,"Monroeville municipality (Allegheny, PA)",,40.434066,-79.732674,kept,0,0.0,0.0,0.0,P12,id
20022,HULTON RD OPP PENNSYLVANIA AVE,"Plum borough (Allegheny, PA)",,40.525991,-79.815426,loses_all_service,1618,0.0,0.0,0.0,P16,id
20026,MILLTOWN RD AT HULTON RD,"Penn Hills township (Allegheny, PA)",,40.506012,-79.793167,loses_all_service,2366,0.0,0.0,0.0,P16,id
20027,MILLTOWN RD AT COMMUNITY MARKET DRVWY,"Penn Hills township (Allegheny, PA)",,40.498496,-79.790011,loses_all_service,1677,0.0,0.0,0.0,P16,id
20028,MAIN ST AT WASHINGTON SCHOOL,"Penn Hills township (Allegheny, PA)",,40.470533,-79.789177,kept,0,0.0,0.0,0.0,P16,id
20032,UNIVERSAL RD OPP #150,"Penn Hills township (Allegheny, PA)",,40.466288,-79.822766,kept,0,0.0,0.0,0.0,P16,id
20033,MILLTOWN RD OPP LEECHBURG RD FS,"Penn Hills township (Allegheny, PA)",,40.494525,-79.788432,loses_all_service,1396,0.0,0.0,0.0,P16,id
20036,HULTON RD OPP 12TH ST,"Oakmont borough (Allegheny, PA)",,40.524467,-79.828759,loses_all_service,1066,0.0,0.0,0.0,P16,id
20038,UNIVERSAL RD OPP POPLAR RIDGE RD,"Penn Hills township (Allegheny, PA)",,40.464579,-79.820308,kept,0,0.0,0.0,0.0,P16,id
20041,UNIVERSAL RD OPP HERSHEY RD,"Penn Hills township (Allegheny, PA)",,40.469302,-79.79562,kept,0,0.0,0.0,0.0,P16,id
20064,WILTSIE ST AT HIGHLAND DR FS,"Pittsburgh city (Allegheny, PA)",Lincoln-Lemington-Belmar,40.476241,-79.898523,loses_all_service,702,0.0,1.8,0.0,74,id
20185,HOFFMAN BLVD AT CLONMEL ST,"Duquesne city (Allegheny, PA)",,40.382773,-79.866925,kept,0,0.0,0.0,0.0,59,id
20205,BELTZHOOVER AVE AT CLIMAX ST,"Pittsburgh city (Allegheny, PA)",Allentown,40.419857,-79.997297,kept_nearby,20,0.0,0.4,0.0,54,id
20222,LONG RUN RD AT OLD LONG RUN RD FS,"McKeesport city (Allegheny, PA)",,40.322136,-79.825775,loses_all_service,772,0.0,0.0,0.0,P76,id
20231,LAUREL DR AT CURRY RD,"Baldwin borough (Allegheny, PA)",,40.344282,-79.992313,loses_all_service,563,0.0,0.0,0.0,Y45,id
20234,RIDGEVUE DR AT BROWNSVILLE RD,"South Park township (Allegheny, PA)",,40.319067,-79.99586,loses_all_service,2481,0.0,0.0,0.0,Y45,id
20252,KOHNE ST AT FISHER ST,"Pittsburgh city (Allegheny, PA)",St. Clair,40.410562,-79.973745,kept,0,0.0,0.4,0.4,44,id
20268,22ND AVE AT WEST ST,"Munhall borough (Allegheny, PA)",,40.39744,-79.902637,kept,0,0.0,0.0,0.0,53;53L,id
20269,BAPTIST RD AT #5341,"Whitehall borough (Allegheny, PA)",,40.353498,-80.007001,loses_all_service,872,0.0,0.0,0.0,Y45,id
20352,RODENBAUGH AVE AT IVORY AVE FS,"Pittsburgh city (Allegheny, PA)",Perry North,40.497341,-80.017884,loses_all_service,202,0.0,0.0,0.0,4,id
20395,LABELLE ST AT SYCAMORE ST,"Pittsburgh city (Allegheny, PA)",Mount Washington,40.433118,-80.016261,kept,0,0.0,0.0,0.0,40,id
20442,WEYMAN RD OPP SOUTH PASSAGE DR,"Whitehall borough (Allegheny, PA)",,40.36256,-80.000389,kept,0,0.0,0.0,0.0,Y45,id
20443,WEYMAN RD AT SOUTH PASSAGE DR,"Whitehall borough (Allegheny, PA)",,40.362647,-80.000443,kept,0,0.0,0.0,0.0,Y45,id
20484,YOST BLVD AT ARDMORE MANOR DR,"Braddock Hills borough (Allegheny, PA)",,40.413878,-79.851082,loses_all_service,206,0.0,0.0,0.0,59,id
20523,LEWIS RUN RD AT MON VALLEY SCHOOL DRVWY,"Jefferson Hills borough (Allegheny, PA)",,40.324592,-79.939887,kept,0,0.0,0.0,0.0,55,id
20526,LEWIS RUN RD AT HWY 885,"West Mifflin borough (Allegheny, PA)",,40.332361,-79.934023,kept,0,0.0,0.0,0.0,55,id
20534,HWY RT 885 AT SUNSET DR,"Jefferson Hills borough (Allegheny, PA)",,40.306464,-79.908653,kept,0,0.0,0.0,0.0,55,id
20537,RAVENSBURG BLVD AT CLAIRTON MUNICIPAL COMPLEX,"Clairton city (Allegheny, PA)",,40.295756,-79.89389,kept,0,0.0,0.0,0.0,55,id
20540,STATE ST AT FRANCIS AVE,"Clairton city (Allegheny, PA)",,40.296628,-79.874612,kept,0,0.0,0.0,0.0,55,id
20542,STATE ST OPP MONTOUR TRAIL,"Clairton city (Allegheny, PA)",,40.305521,-79.883953,kept,0,0.0,0.0,0.0,55,id
20566,EAST PITTSBURGH-MCKEESPORT BLV AT PINE PL,"North Versailles township (Allegheny, PA)",,40.377987,-79.827954,kept,0,0.0,0.0,0.0,55,id
20584,EAST PITTSBURGH-MCKEESPORT BLV OPP AULT ST,"North Versailles township (Allegheny, PA)",,40.364455,-79.829314,kept,0,0.0,0.0,0.0,55,id
20610,RAVENSBURG BLVD OPP CLAIRTON MUNICIPAL COMPLEX,"Clairton city (Allegheny, PA)",,40.295828,-79.893824,kept,0,0.0,0.0,0.0,55,id
20613,HWY RT 885 OPP SUNSET DR,"Jefferson Hills borough (Allegheny, PA)",,40.306715,-79.909254,kept,0,0.0,0.0,0.0,55,id
20616,HWY RT 885 OPP WRAY DR,"Jefferson Hills borough (Allegheny, PA)",,40.315227,-79.917096,kept,0,0.0,0.0,0.0,55,id
20640,HWY RT 885 AT #1118,"Jefferson Hills borough (Allegheny, PA)",,40.31144,-79.91638,kept,0,0.0,0.0,0.0,55,id
20651,CORBET ST AT 8TH AVE,"Tarentum borough (Allegheny, PA)",,40.6043,-79.753104,kept,0,0.0,0.0,0.0,P10,id
20653,CORBET ST AT 10TH AVE NS (FREEPORT),"Tarentum borough (Allegheny, PA)",,40.605848,-79.75428,loses_all_service,179,0.0,0.0,0.0,P10,id
20654,10TH AVE AT GARFIELD ST,"Tarentum borough (Allegheny, PA)",,40.606814,-79.753136,loses_all_service,195,0.0,0.0,0.0,P10,id
20655,10TH AVE AT SUMMIT ST,"Tarentum borough (Allegheny, PA)",,40.607629,-79.751772,loses_all_service,188,0.0,0.0,0.0,P10,id
20656,10TH AVE AT ORMOND ST,"Tarentum borough (Allegheny, PA)",,40.608356,-79.750534,loses_all_service,200,0.0,0.0,0.0,P10,id
20657,FREEPORT RD AT HORNER ST,"Brackenridge borough (Allegheny, PA)",,40.609265,-79.749064,loses_all_service,225,0.0,0.0,0.0,P10,id
20658,PROSPECT ST OPP ROUP AVE,"Brackenridge borough (Allegheny, PA)",,40.609741,-79.744985,kept_nearby,100,0.0,0.0,0.0,P10,id
20713,MIFFLIN ST AT GEORGE ST,"Whitaker borough (Allegheny, PA)",,40.397828,-79.887705,kept,0,0.0,0.0,0.0,52L,id
20714,MIFFLIN ST AT CHERRY ST,"Whitaker borough (Allegheny, PA)",,40.397242,-79.889155,kept,0,0.0,0.0,0.0,52L,id
20715,CYPRESS ST AT MIFFLIN ST FS,"West Mifflin borough (Allegheny, PA)",,40.396103,-79.891107,kept,0,0.0,0.0,0.0,52L,id
20808,HORNING RD AT BROUGHTON RD,"South Park township (Allegheny, PA)",,40.330636,-79.988323,loses_all_service,1131,0.0,0.0,0.0,Y45,id
20809,BROWNSVILLE RD AT NATIVITY CHURCH,"South Park township (Allegheny, PA)",,40.329144,-79.987487,loses_all_service,1177,0.0,0.0,0.0,Y45,id
20866,HAZELWOOD AVE AT EMAHLEA ST,"Pittsburgh city (Allegheny, PA)",Hazelwood,40.418148,-79.936668,kept,0,0.0,0.0,0.0,93,id
20901,EVERGREEN & PEOPLES PLANK RD AT #4535,"Ross township (Allegheny, PA)",,40.500992,-80.003792,loses_all_service,630,0.0,0.0,0.0,O5,id
20902,EVERGREEN & PEOPLES PLANK RD AT #4534,"Ross township (Allegheny, PA)",,40.500885,-80.003708,loses_all_service,641,0.0,0.0,0.0,O5,id
20948,BLOSSOM DR OPP CLELIA DR,"Baldwin borough (Allegheny, PA)",,40.344332,-80.000477,loses_all_service,1222,0.0,0.0,0.0,Y45,id
20959,FORBES AVE + BOUQUET ST FS,,,40.442173,-79.956062,kept,0,,,,28X;54;58;61A;61B;61C;61D;67;69;71A;71B;71C;71D;75;93;P3,none
20977,FORBES AVE + STEVENSON ST,,,40.437715,-79.986693,kept,0,,,,61A;61B;61C;71B,none
21087,SUMMIT PARK DR AT HOME DEPOT SERVICE DR,"North Fayette township (Allegheny, PA)",,40.451019,-80.184491,kept,0,0.0,0.0,0.0,29,id
21103,LAKETON RD AT WINTON ST,"Wilkinsburg borough (Allegheny, PA)",,40.450905,-79.862051,kept,0,0.0,0.0,0.0,P78,former_id
21109,BEELER ST + OLYMPIA PL,,,40.44531,-79.934945,kept,0,,,,67;69,none
21111,BEELER ST + OLYMPIA PL,,,40.445362,-79.934944,kept,0,,,,67;69,none
21116,HERBST RD AT HERBST MANOR RD,"Kennedy township (Allegheny, PA)",,40.491383,-80.119188,loses_all_service,1917,0.0,0.0,0.0,20,id
21118,SAMPLE RD OPP EASTVIEW DR #2,"McCandless township (Allegheny, PA)",,40.571223,-79.999593,loses_all_service,1196,0.0,0.0,0.0,O5,former_id
21126,HULTON RD OPP 13TH ST,"Plum borough (Allegheny, PA)",,40.524815,-79.826986,loses_all_service,1216,0.0,0.0,0.0,P16,former_id
21134,PRESIDENTIAL DR OPP CLEVELAND,"McCandless township (Allegheny, PA)",,40.581898,-79.993757,loses_all_service,2000,0.0,0.0,0.0,O5,former_id
21139,IVORY AVE + VALLEYVIEW ST,,,40.496766,-80.011171,loses_all_service,237,,,,4;O5,none
21140,IVORY AVE + VALLEYVIEW ST,,,40.496738,-80.011318,loses_all_service,232,,,,4;O5,none
21142,EVERGREEN & PEOPLES PLANK RD AT BABCOCK BLVD,"Ross township (Allegheny, PA)",,40.506035,-79.990961,kept_nearby,108,0.0,0.0,0.0,O5,former_id
21143,AMITY DR AT THOMPSON RUN RD,"Ross township (Allegheny, PA)",,40.550148,-79.997693,loses_all_service,876,0.0,0.0,0.0,O5,former_id
21148,HEMLOCK DR OPP NORTH PARK POOL PARK AND RIDE,"McCandless township (Allegheny, PA)",,40.586742,-79.996834,loses_all_service,2143,0.0,0.0,0.0,O5,former_id
21154,EDGEWOOD AVE + ELM ST,,,40.431378,-79.884382,kept,0,,,,61A;P7,none
21174,AMANDA ST + ARLINGTON AVE,,,40.418347,-79.988181,kept_nearby,99,,,,51L;54,none
21187,NOBLE DR + LEBANON RD,,,40.361778,-79.93118,kept,0,,,,51;53L;55,none
21206,WASHINGTON AVE OPP JAMES ST FS (POST OFFICE),"Bridgeville borough (Allegheny, PA)",,40.356579,-80.113406,loses_all_service,232,0.0,0.0,0.0,31;G31,former_id
21238,GREENSBURG PIKE OPP 1ST ST,"North Versailles township (Allegheny, PA)",,40.402059,-79.823776,kept,0,0.0,0.0,0.0,59,id
21240,GREENSBURG PIKE OPP LLOYD AVE,"North Versailles township (Allegheny, PA)",,40.397009,-79.821253,kept,0,0.0,0.0,0.0,59,id
21271,LIBERTY AVE + 37TH ST,,,40.462126,-79.961863,kept,0,,,,54;86;87,none
21272,LIBERTY AVE + 36TH ST,,,40.461936,-79.963831,kept,0,,,,54;86;87,none
21277,LIBERTY AVE + 29TH ST,,,40.457484,-79.973307,kept,0,,,,86;87,none
21281,LIBERTY AVE + 25TH ST,,,40.453463,-79.979127,kept,0,,,,54;86;87;88;91,none
21283,LIBERTY AVE + 21ST ST,,,40.45124,-79.982383,kept,0,,,,54;86;87;88;91,none
21303,LIBERTY AVE + 36TH ST,,,40.461832,-79.96387,kept,0,,,,54;86;87,none
21304,LIBERTY AVE + 37TH ST,,,40.461977,-79.962108,kept,0,,,,54;86;87,none
21328,WATERWORKS MALL + MARSHALLS,,,40.488814,-79.891879,kept,0,,,,1;75;91,none
21337,FREEPORT RD AT OLD FREEPORT RD,"O'Hara township (Allegheny, PA)",,40.489956,-79.871491,kept,0,0.0,0.0,0.0,1,former_id
21338,FREEPORT RD + #1372,,,40.489658,-79.872719,kept,0,,,,1,none
21339,FREEPORT RD AT WORKS ENTRANCE #3,"East Deer township (Allegheny, PA)",,40.593906,-79.769818,kept,0,0.0,0.0,0.0,1;P10,former_id
21355,PEEBLES RD + BINGAY DR,,,40.558984,-80.01522,loses_all_service,373,,,,2;P13,none
21357,PEEBLES RD AT PARKWAY RD FS,"McCandless township (Allegheny, PA)",,40.564139,-80.009548,loses_all_service,697,0.0,0.0,0.0,2;O5;P13,former_id
21373,PROVOST RD AT SHADOWLAWN DR,"Whitehall borough (Allegheny, PA)",,40.37241,-79.994766,loses_all_service,333,0.0,0.2,0.0,Y47,former_id
21374,PROVOST RD + SHADOW DR,,,40.370787,-79.994626,loses_all_service,262,,,,Y47,none
21382,FERGUSON RD + COYNE AVE,,,40.565177,-79.994778,loses_all_service,1780,,,,2;P13,none
21384,PEEBLES RD + BINGAY DR,,,40.559005,-80.015308,loses_all_service,369,,,,2;P13,none
21387,THE BLOCK AT NORTHWAY DR + DAVE AND BUSTERS,,,40.549632,-80.021095,kept,0,,,,12;2,none
21388,ROBINSON BLVD OPP W'BURG-PENN JOINT WATER AUTHOR,"Wilkinsburg borough (Allegheny, PA)",,40.457801,-79.864874,kept,0,0.0,0.0,0.0,79;P17,id
21392,IVORY AVE AT PEACHTREE WAY,"Pittsburgh city (Allegheny, PA)",Summer Hill,40.49678,-80.014756,loses_all_service,226,0.0,0.0,0.0,4,former_id
21400,SPRING GARDEN AVE AT LAGER ST,"Pittsburgh city (Allegheny, PA)",Spring Garden,40.463988,-79.985931,kept,0,0.0,0.0,0.0,7,former_id
21401,SPRING GARDEN AVE OPP WILLIAMS RD,"Pittsburgh city (Allegheny, PA)",Spring Garden,40.477227,-79.993267,loses_all_service,536,0.0,0.0,0.0,7,former_id
21424,CORPORATE DR OPP #5700,"McCandless township (Allegheny, PA)",,40.563531,-80.023052,loses_all_service,507,0.0,0.0,0.0,12,former_id
21504,WALNUT ST AT 1ST EVANGELICAL FREE CHURCH,"McKeesport city (Allegheny, PA)",,40.344785,-79.826489,kept_nearby,8,0.0,0.0,0.0,56,id
21505,BROADWAY AVE AT RED LOT NS (CROSSWALK),"White Oak borough (Allegheny, PA)",,40.34584,-79.827375,kept,0,0.0,0.0,0.0,56,id
21509,UNIVERSAL RD AT WEBSTER DR FS,"Penn Hills township (Allegheny, PA)",,40.4638,-79.818213,kept,0,0.0,0.0,0.0,P16,former_id
21510,UNIVERSAL RD AT WEBSTER DR,"Penn Hills township (Allegheny, PA)",,40.462171,-79.81472,kept,0,0.0,0.0,0.0,P16,former_id
21565,EDWARD DR AT CUSTER AVE,"Baldwin borough (Allegheny, PA)",,40.39565,-79.968252,loses_all_service,1414,0.0,0.0,0.0,44,id
21568,CUSTER AVE OPP ST WENDELIN CHURCH,"Baldwin borough (Allegheny, PA)",,40.393354,-79.974616,loses_all_service,912,0.0,0.0,0.0,44,id
21571,SPENCER AVE AT ALMORA ST,"Pittsburgh city (Allegheny, PA)",Carrick,40.390026,-79.976292,loses_all_service,516,0.0,0.0,0.0,44,id
21577,CHURCHVIEW AVE AT MELLOTT RD NS,"Baldwin borough (Allegheny, PA)",,40.385803,-79.967536,loses_all_service,850,0.0,0.0,0.0,44,id
21581,CHURCHVIEW AVE AT MARY ANN DR FS,"Baldwin borough (Allegheny, PA)",,40.383975,-79.952995,loses_all_service,1755,0.0,0.0,0.0,44,id
21584,CHURCHVIEW AVE AT DONAHUE DR NS,"Baldwin borough (Allegheny, PA)",,40.385568,-79.940671,loses_all_service,696,0.0,0.0,0.0,44,id
21588,CHURCHVIEW AVE AT ANDRADE ST FS,"Baldwin borough (Allegheny, PA)",,40.385817,-79.969884,loses_all_service,672,0.0,0.0,0.0,44,id
21590,LEBANON CHURCH RD AT PLEASANT HILLS BLVD,"West Mifflin borough (Allegheny, PA)",,40.344734,-79.961277,kept,0,0.0,0.2,0.0,51;Y47,id
21604,LINDSAY RD AT #723,"Scott township (Allegheny, PA)",,40.385688,-80.079343,loses_all_service,418,0.0,0.0,0.2,38,former_id
21611,LONG RUN RD AT MARSHALL DR FS,"McKeesport city (Allegheny, PA)",,40.323102,-79.820862,loses_all_service,1193,0.0,0.0,0.0,P76,id
21618,WORTON BLVD AT HOMESTEAD DUQUESNE RD,"West Mifflin borough (Allegheny, PA)",,40.364456,-79.869766,loses_all_service,895,0.0,0.0,0.0,52L,id
21619,WORTON BLVD AT HOMESTEAD DUQUESNE RD FS,"West Mifflin borough (Allegheny, PA)",,40.363909,-79.869942,loses_all_service,915,0.0,0.0,0.0,52L,id
21623,SIDNEY ST AT SARAH ST,"Pittsburgh city (Allegheny, PA)",South Side Flats,40.425123,-79.961615,kept,0,0.0,0.0,0.0,75,id
21632,CORAOPOLIS RD AT #338,"Robinson township (Allegheny, PA)",,40.502995,-80.126871,loses_all_service,815,0.0,0.0,0.0,20,id
21647,HORNING RD OPP #5621,"Baldwin borough (Allegheny, PA)",,40.333017,-79.98913,loses_all_service,1027,0.0,0.0,0.0,Y45,id
21655,CHALFONT ST + CURTIN AVE,,,40.416733,-79.99868,kept,0,,,,44,none
21659,GEARING AVE + SYLVANIA AVE,,,40.417263,-80.004878,kept,0,,,,44,none
21662,MOUNTAIN AVE + FISHER ST,,,40.411429,-79.977221,kept_nearby,18,,,,44,none
21663,ST JOSEPH ST + ORMSBY ST,,,40.412663,-79.977303,kept,0,,,,44,none
21665,ST JOSEPH ST + RATON ST,,,40.413539,-79.980599,kept,0,,,,44,none
21666,ST JOSEPH ST + OTTILLIA ST,,,40.413507,-79.981714,kept,0,,,,44,none
21689,GEARING AVE + SYLVANIA AVE,,,40.417422,-80.005029,kept,0,,,,44,none
21694,CHALFONT ST + CURTIN AVE FS,,,40.416668,-79.998687,kept,0,,,,44,none
21705,OTTILLA ST + ST JOSEPH ST,,,40.413523,-79.981787,kept,0,,,,44,none
21706,ST JOSEPH ST + RATON ST,,,40.41348,-79.980558,kept,0,,,,44,none
21707,ST JOSEPH ST AT COMO ST STEPS,"Pittsburgh city (Allegheny, PA)",Mt. Oliver,40.413481,-79.97922,kept,0,0.0,0.8,0.6,44,former_id
21708,ST JOSEPH ST + ORMSBY ST,,,40.412694,-79.977435,kept,0,,,,44,none
21712,BOWER HILL RD AT #809,"Bridgeville borough (Allegheny, PA)",,40.360208,-80.1015,loses_all_service,799,0.0,0.0,0.0,41,former_id
21827,LIBERTY AVE + 29TH ST,,,40.457384,-79.97327,kept,0,,,,54;86;87;88;91,none
21856,PENN AVE + EASTSIDE III DR,,,40.460154,-79.921487,kept,0,,,,71C;74;77;82;86;88;89,none
21905,FRIENDSHIP AVE + WINEBIDDLE ST,,,40.462311,-79.943332,kept,0,,,,87,none
21906,FRIENDSHIP AVE + EVALINE ST,,,40.462191,-79.941738,kept,0,,,,87,none
21907,FRIENDSHIP AVE + PACIFIC AVE,,,40.462092,-79.940489,kept,0,,,,87,none
21909,FRIENDSHIP AVE + AIKEN AVE,,,40.461878,-79.937768,kept,0,,,,87,none
21910,FRIENDSHIP AVE + GRAHAM ST,,,40.461752,-79.936473,kept,0,,,,87,none
21941,BUTLER ST + LIVONIA,,,40.4889,-79.935943,loses_all_service,215,,,,87,none
21948,STANTON AVE + MORNINGSIDE AVE,,,40.475398,-79.931925,kept,0,,,,87,none
21949,STANTON AVE + DEMARILLAC HOME,,,40.476833,-79.932448,kept,0,,,,87,none
21951,STANTON AVE + STANTON CT EAST,,,40.480634,-79.934784,kept,0,,,,87,none
21955,STANTON AVE + MCCANDLESS AVE FS,,,40.481881,-79.940804,kept,0,,,,87,none
21957,STANTON AVE + UPVIEW TERRACE,,,40.479322,-79.943754,kept,0,,,,87,none
21959,STANTON AVE AT STEPS,"Pittsburgh city (Allegheny, PA)",Stanton Heights,40.477831,-79.947615,kept,0,0.0,0.0,0.0,87,former_id
21960,STANTON AVE + MCCANDLESS AVE,,,40.478243,-79.949017,kept,0,,,,87,none
21961,STANTON AVE AT 52ND ST,"Pittsburgh city (Allegheny, PA)",Upper Lawrenceville,40.477688,-79.950298,kept_nearby,107,0.0,0.0,0.0,87,former_id
21962,STANTON AVE + DUNCAN ST,,,40.477611,-79.951867,kept,0,,,,87,none
21963,STANTON AVE + HOLMES ST,,,40.477614,-79.952681,kept_nearby,69,,,,87,none
21964,STANTON AVE + KEYSTONE ST,,,40.477339,-79.953916,kept,0,,,,87,none
21983,PENN AVE + PEARL ST,,,40.465679,-79.948183,kept,0,,,,88,none
21984,PENN AVE + MATHILDA ST,,,40.465453,-79.946577,kept,0,,,,88,none
21985,PENN AVE + MILLVALE AVE,,,40.465297,-79.945355,kept,0,,,,88,none
21991,PENN AVE + FAIRMOUNT ST,,,40.464121,-79.932645,kept,0,,,,88,none
22020,PENN AVE + FAIRMOUNT ST,,,40.464147,-79.932353,kept,0,,,,88,none
22025,PENN AVE + WINEBIDDLE ST,,,40.464995,-79.942717,kept,0,,,,88,none
22026,PENN AVE + MILLVALE AVE,,,40.465322,-79.945117,kept,0,,,,88,none
22027,PENN AVE + MATHILDA ST,,,40.465497,-79.946348,kept,0,,,,88,none
22072,FRIENDSHIP AVE + ATLANTIC AVE,,,40.462029,-79.938846,kept,0,,,,87,none
22073,FRIENDSHIP AVE + PACIFIC AVE,,,40.462144,-79.940285,kept,0,,,,87,none
22074,FRIENDSHIP AVE + EVALINE ST,,,40.462238,-79.941508,kept,0,,,,87,none
22075,FRIENDSHIP AVE + WINEBIDDLE ST,,,40.462365,-79.943113,kept,0,,,,87,none
22095,STANTON AVE + KEYSTONE ST,,,40.477258,-79.954033,kept,0,,,,87,none
22096,STANTON AVE + HOLMES ST,,,40.477515,-79.952756,kept_nearby,76,,,,87,none
22097,STANTON AVE + DUNCAN ST,,,40.47752,-79.951852,kept,0,,,,87,none
22099,STANTON AVE + MCCANDLESS AVE,,,40.478119,-79.949245,kept,0,,,,87,none
22102,STANTON AVE + WOODBINE ST FS,,,40.4794,-79.943555,kept,0,,,,87,none
22108,STANTON AVE + ORANMORE ST,,,40.480587,-79.93494,kept,0,,,,87,none
22110,STANTON AVE + DEMARILLAC HOME,,,40.476909,-79.932571,kept,0,,,,87,none
22111,STANTON AVE + MORNINGSIDE AVE,,,40.47538,-79.932034,kept,0,,,,87,none
22121,BUTLER ST + #6130,,,40.487981,-79.938272,kept,0,,,,87;91,none
22122,BUTLER ST + LIVONIA,,,40.488803,-79.935948,loses_all_service,210,,,,87,none
22128,BUTLER ST + 36TH ST,,,40.465479,-79.96531,kept,0,,,,91,none
22177,WATERWORKS MALL + #877,,,40.488088,-79.889647,kept,0,,,,1;75;91,none
22185,FOX CHAPEL RD OPP N MARGERY DR,"O'Hara township (Allegheny, PA)",,40.491845,-79.88167,kept,0,0.0,0.0,0.0,75,former_id
22204,BUTLER ST + 36TH ST,,,40.465433,-79.965183,kept,0,,,,91,none
22240,WATERWORKS MALL + MARSHALLS,,,40.488773,-79.891997,kept,0,,,,1;75;91,none
22296,LIBERTY AVE + MARKET ST,,,40.441802,-80.002082,kept,0,,,,65;67;69;77;O1;O12;O5;P10;P17;P69;P7;P76;P78,none
22307,BOGGS AVE AT MINSINGER ST,"Pittsburgh city (Allegheny, PA)",Mount Washington,40.418614,-80.012159,kept_nearby,121,0.0,0.0,0.0,43,id
22322,MONROEVILLE TRESTLE RD + SALTSBURG RD,,,40.476299,-79.760091,loses_all_service,2133,,,,77;P16,none
22326,ALPHA DR + FREEPORT RD (HARMAR),,,40.539182,-79.830682,kept,0,,,,P10;P16;P78,none
22358,BAKERSTOWN RD OPP #1 COCHRAN DRVWY,"Harrison township (Allegheny, PA)",,40.667062,-79.706791,loses_all_service,2361,0.0,0.0,0.0,P10,id
22359,FREEPORT RD AT ALTERMOOR DR,"Harrison township (Allegheny, PA)",,40.656057,-79.7075,loses_all_service,1163,0.0,0.0,0.0,P10,id
22361,BAKERSTOWN RD AT #1 COCHRAN DRVWY FS,"Harrison township (Allegheny, PA)",,40.66703,-79.706479,loses_all_service,2363,0.0,0.0,0.0,P10,id
22362,BAKERSTOWN RD AT SILVERVILLE RD,"Harrison township (Allegheny, PA)",,40.667597,-79.712515,loses_all_service,2375,0.0,0.0,0.0,P10,id
22419,HERBST RD OPP AGNES ST,"Kennedy township (Allegheny, PA)",,40.486335,-80.113749,loses_all_service,1789,0.0,0.0,0.0,20,id
22422,MT CARMEL RD AT GEISLER WAY,"Penn Hills township (Allegheny, PA)",,40.468155,-79.884475,kept,0,0.0,0.6,0.0,79;P17,id
22430,LARGE PARK-AND-RIDE OUTBOUND P,"Jefferson Hills borough (Allegheny, PA)",,40.293143,-79.910912,kept,0,0.0,0.0,0.0,Y1;Y46,id
22452,BENTLEY DR + #1785,,,40.440168,-79.976723,kept,0,,,,81,none
22454,BENTLEY DR + #1784,,,40.440109,-79.976643,kept,0,,,,81,none
2255,W CARSON ST AT GLENMAWR AVE,"Pittsburgh city (Allegheny, PA)",Esplen,40.454433,-80.040944,kept,0,0.0,0.2,0.0,20;21;22;24,id
22613,GRANT AVE AT BLACK ST,"Millvale borough (Allegheny, PA)",,40.365609,-79.870489,loses_all_service,953,0.0,0.0,0.0,52L,id
22635,NORMAN ST AT GRANT AVE,"Duquesne city (Allegheny, PA)",,40.477328,-80.040305,kept,0,0.0,0.0,0.0,13,id
22637,BEATTY RD AT #560,"Monroeville municipality (Allegheny, PA)",,40.361568,-80.089981,loses_all_service,1299,0.0,0.0,0.0,41,id
22642,HARMAR GARAGE TERMINAL - NO ST,"Harmar township (Allegheny, PA)",,40.410348,-80.015592,kept,0,0.0,0.0,0.0,41,id
22655,BLAIR ST AT ELIZA ST,"Pittsburgh city (Allegheny, PA)",Hazelwood,40.416649,-80.002327,kept,0,0.0,0.0,0.0,44,id
22656,BLAIR ST AT BEEHIVE ST,"Pittsburgh city (Allegheny, PA)",Hazelwood,40.422936,-79.887711,kept,0,0.0,0.0,0.4,59;71;P71,id
22682,PGH AIRPORT UPPER LEVEL (DEPAR,"Findlay township (Allegheny, PA)",,40.432839,-79.937307,kept,0,0.0,0.0,0.0,65;93,id
22683,NEVILLE RD AT #200,"Neville township (Allegheny, PA)",,40.492623,-80.080237,kept,0,0.0,0.0,0.0,21,former_id
22691,PERRY HWY AT LOMBARDY DR,"Ross township (Allegheny, PA)",,40.34595,-79.925745,kept,0,0.0,0.0,0.0,55,id
22695,PERRY HWY OPP 19 NORTH DR (CCAC NORTH),"McCandless township (Allegheny, PA)",,40.342166,-79.910397,kept,0,0.0,0.0,0.0,55,id
22705,GREENTREE RD AT JUNIUS ST,"Pittsburgh city (Allegheny, PA)",Westwood,40.404218,-79.866971,kept,0,0.0,0.0,0.0,61A;61B,id
22708,CHERRINGTON PKWY AT CORAOPOLIS HEIGHTS RD,"Moon township (Allegheny, PA)",,40.307633,-79.887547,kept,0,0.0,0.0,0.0,55,id
22723,CENTER AVE AT NORTH AVE,,,40.513167,-80.097347,kept,0,,,,19L,none
22725,CENTER AVE AT MILLER AVE,,,40.513199,-80.093763,kept_nearby,124,,,,19L,none
22732,NORTHERN PIKE AT MOSSIDE BLVD,"Monroeville municipality (Allegheny, PA)",,40.511579,-80.090626,kept,0,0.0,0.0,0.2,19L,id
22755,BOWMAN AVE AT #2314,,,40.356328,-79.838036,kept,0,,,,55,none
22756,MCKEESPORT TRANSPORTATION CENTER LAYOVER TERMINAL,"McKeesport city (Allegheny, PA)",,40.411879,-79.85409,kept,0,0.0,0.0,0.0,P68,id
22760,FRANKSTOWN RD + HOCHBERG RD,,,40.461739,-79.86085,kept,0,,,,77,none
22761,FRANKSTOWN + HOCHBERG RD FS,,,40.461629,-79.860954,kept,0,,,,77,none
22767,CENTURY DR + GABRIEL BROTHERS,,,40.343284,-79.942669,kept,0,,,,51;53;53L;55;59;Y47;Y49,none
22768,COMMONWEALTH AVE + MILLER AVE,,,40.380294,-79.864574,kept,0,,,,59,none
22769,ALCOMA BLVD + #225,,,40.48461,-79.800987,kept,0,,,,77,none
22770,HWY RT 885 + ANDREW DR,,,40.321168,-79.924543,kept,0,,,,55,none
22783,MOREWOOD AVE AT FORBES AVE FS,,,40.445113,-79.9427,kept,0,,,,28X,none
22784,HERMAN AVE + COMMERCE ST,,,40.392502,-79.808601,kept,0,,,,69,none
22785,MT TROY RD + VILLA DR,,,40.495731,-80.000688,loses_all_service,944,,,,4,none
22789,UNIVERSITY BLVD + TIGER TRAIL,,,40.508976,-80.222973,kept,0,,,,21,none
22790,UNIVERSITY BLVD + CARNOT RD,,,40.514886,-80.222202,kept,0,,,,21,none
22791,UNIVERSITY BLVD + ROBERT MORRIS,,,40.519619,-80.217834,kept,0,,,,21,none
22792,UNIVERSITY BLVD AT MOON PLAZA,,,40.51995,-80.217855,kept,0,,,,21,none
22794,UNIVERSITY BLVD + TIGER TRAIL,,,40.509325,-80.223086,kept,0,,,,21,none
22795,UNIVERSITY BLVD + PATTON DR,,,40.506421,-80.223302,kept,0,,,,21,none
22798,HAZELWOOD AVE AT LYTLE ST,,,40.410911,-79.94682,kept,0,,,,57,none
22799,BLAIR ST AT STREET F,,,40.414071,-79.950076,kept,0,,,,57,none
22800,BLAIR ST AT BEEHIVE ST,,,40.417642,-79.950597,kept,0,,,,57,none
22801,BLAIR ST OPP STREET A,,,40.426348,-79.95569,kept,0,,,,57,none
22803,BLAIR ST OPP BEEHIVE ST,,,40.417697,-79.950661,kept,0,,,,57,none
22805,HAZELWOOD AVE AT LYTLE ST,,,40.4108,-79.946773,kept,0,,,,57,none
22806,LAWRENCEVILLE SHOPPING CENTER (BOARDING STOP-SHELTER),,,40.483407,-79.947505,kept,0,,,,87;93,none
22810,WYLIE AVE AT FULLERTON ST,,,40.441873,-79.989136,kept,0,,,,81;82;83,none
22811,N WHITFIELD ST AT BROAD ST,"Pittsburgh city (Allegheny, PA)",East Liberty,40.442614,-79.987326,kept,0,0.0,0.0,0.0,81;82;83,id
22812,N WHITFIELD ST AT PENN AVE,"Pittsburgh city (Allegheny, PA)",East Liberty,40.441113,-79.985701,kept,0,0.0,0.0,0.0,82;83,id
22813,WYLIE AVE AT FULLERTON ST,,,40.442042,-79.988885,kept,0,,,,81,none
22816,LINCOLN AVE AT FRANKSTOWN AVE FS,,,40.460461,-79.9129,kept,0,,,,82;P17,none
22817,MERCHANT ST AT 6TH ST,,,40.586488,-80.227229,kept,0,,,,14,none
22819,THE BLOCK NORTHWAY DR AT DAVE AND BUSTERS,,,40.549778,-80.021047,kept,0,,,,12;2,none
22822,BOGGS AVE AT #304,"Pittsburgh city (Allegheny, PA)",Mount Washington,40.42551,-80.008386,kept_nearby,86,0.0,0.2,0.0,43,former_id
22823,CHATEAU ST AT HOFFMAN ST FS,"Pittsburgh city (Allegheny, PA)",Manchester,40.459636,-80.030131,kept,0,0.0,0.0,0.0,18,former_id
22830,PERRY HWY OPP CUMBERLAND RD,,,40.572099,-80.037022,loses_all_service,1050,,,,O12,none
22831,PERRY HWY AT CCAC NORTH,,,40.566421,-80.038111,loses_all_service,1220,,,,O12,none
22832,PERRY HWY AT PERRYMONT RD,"McCandless township (Allegheny, PA)",,40.556366,-80.039197,loses_all_service,1336,0.0,0.0,0.0,O12,former_id
22833,PERRY HWY AT WASHINGTON BLVD,,,40.552759,-80.038028,loses_all_service,1025,,,,O12,none
22834,PERRY HWY AT TRION RD,,,40.548744,-80.037105,loses_all_service,639,,,,O12,none
22835,BABCOCK BLVD AT BROWNS LANE,,,40.550947,-80.024554,kept,0,,,,O12,none
22837,PERRY HWY AT LOMBARDY DR,,,40.545102,-80.035874,loses_all_service,391,,,,O12,none
22841,CCAC WEST,"North Fayette township (Allegheny, PA)",,40.566326,-80.037968,loses_all_service,1210,0.0,0.8,0.0,O12,id
22843,GREENTREE RD AT MCKNINNEY LN,,,40.425676,-80.041612,kept,0,,,,38,none
22844,GREENTREE RD AT RIDGEMONT DR,,,40.429004,-80.040118,kept,0,,,,38,none
22845,GREENTREE RD AT JUNIUS ST,,,40.431622,-80.038879,kept,0,,,,38,none
22846,GREENTREE RD AT WABASH ST,,,40.436132,-80.033835,kept,0,,,,38,none
22847,WABASH ST AT NEPTUNE ST,,,40.440149,-80.034287,kept,0,,,,38,none
22849,WABASH ST AT NEPTUNE ST,,,40.440261,-80.03447,kept,0,,,,38,none
22850,WABASH ST AT MCCARTNEY ST,,,40.436183,-80.03403,kept,0,,,,38,none
22851,GREENTREE RD AT JUNIUS ST,,,40.431931,-80.038861,kept,0,,,,38,none
22852,GREENTREE RD AT RIDGEMONT DR,,,40.429122,-80.040127,kept,0,,,,38,none
22853,GREENTREE RD OPP MCKINNEY LN,,,40.425933,-80.041503,kept,0,,,,38,none
22854,CHERRINGTON PKWY AT CORAOPOLIS HEIGHTS RD,,,40.498194,-80.207575,kept,0,,,,G3,none
22855,CHERRINGTON PKWY OPP #1000 (EATON),,,40.49218,-80.201889,kept,0,,,,G3,none
22858,EWING RD AT COVENTRY HEALTH CARE,"Moon township (Allegheny, PA)",,40.484613,-80.19619,kept,0,0.0,0.0,0.0,G3,former_id
22860,CHERRINGTON PKWY AT #1000 (EATON),,,40.492224,-80.201818,kept,0,,,,G3,none
22861,CHERRINGTON PKWY AT CORAOPOLIS HEIGHTS RD,,,40.49816,-80.207348,kept,0,,,,G3,none
22865,RIVER AVE AT LANE STEEL,,,40.467572,-80.052717,kept,0,,,,22,none
22866,HELEN ST AT AGNES ST,,,40.475092,-80.058109,kept,0,,,,22,none
22868,PENN AVE OPP SHADY AVE,,,40.459718,-79.920499,kept,0,,,,71C;74;77;82;86;88;89,none
22869,PENN AVE AT EUCLID AVE,,,40.462501,-79.927682,kept,0,,,,71C;77;88,none
2287,CORAOPOLIS RD AT #333,"Robinson township (Allegheny, PA)",,40.502964,-80.127041,loses_all_service,825,0.0,0.0,0.0,20,id
22874,MONROEVILLE BLVD OPP TARGET DRIVE,,,40.435795,-79.770582,loses_all_service,166,,,,P68,none
22875,MONROEVILLE BLVD AT OXFORD DR,,,40.430599,-79.78574,kept,0,,,,P68,none
22876,MONROEVILLE BLVD AT OXFORD DR FS,,,40.430855,-79.785356,kept,0,,,,P68,none
22877,NORTHERN PIKE AT MOSSIDE BLVD,,,40.433937,-79.753502,kept_nearby,45,,,,P68,none
22878,NORTHERN PIKE AT MOSSIDE BLVD FS,,,40.433941,-79.754355,kept_nearby,113,,,,P68,none
22879,MONROEVILLE BLVD OPP IVANHOE DR,,,40.434022,-79.764605,loses_all_service,509,,,,P68,none
22880,MONROEVILLE BLVD AT IVANHOE DR,,,40.433967,-79.763965,loses_all_service,491,,,,P68,none
22881,MONROEVILLE BLVD AT TARGET DR FS,,,40.435533,-79.770294,loses_all_service,195,,,,P68,none
22882,MONROEVILLE BLVD AT NORTHERN PIKE,,,40.436462,-79.780141,loses_all_service,194,,,,P68,none
22883,MONROEVILLE BLVD AT MUNICIPAL BLDG,,,40.436466,-79.780039,loses_all_service,187,,,,P68,none
22893,BIGGS AVE AT GLENROSE ST,,,40.464847,-80.0056,kept,0,,,,11,none
22896,THE BLOCK AT NORTHWAY OPP NORTHWAY APARTMENTS,,,40.5501,-80.02227,kept,0,,,,12;2,none
22897,HWY RT 885 AT LEBANON CHURCH RD (SHEETZ),,,40.347524,-79.939065,kept,0,,,,59,none
22898,HAZELWOOD AVE AT OSPREY WAY,,,40.411343,-79.94435,kept,0,,,,93,none
22899,MCKEESPORT TRANSPORTATION CENTER AT BAY #4,,,40.352097,-79.861809,kept_nearby,65,,,,61C,none
22901,MONROEVILLE PARK AND RIDE,,,40.428791,-79.799665,loses_all_service,465,,,,67;P67;P68,none
22919,MOUNTAINVIEW DR AT HERITAGE CREDIT UNION DR,,,40.34335,-79.953688,kept,0,,,,55;59,none
22920,BOWER HILL RD AT McLAUGHLIN RUN RD,,,40.358325,-80.105368,loses_all_service,446,,,,41,none
22975,STANTON AVE AT NEGLEY AVE FS,,,40.471654,-79.926549,kept,0,,,,75;87,none
22976,PENN AVE OPP N ST CLAIR ST,"Pittsburgh city (Allegheny, PA)",East Liberty,40.462814,-79.929017,kept,0,0.0,0.0,0.0,71C;77;88,former_id
22977,BRADDOCK AVE + HERITAGE HIGHLANDS,,,40.412696,-79.876253,kept,0,,,,71;P7;P71,none
22978,BRADDOCK AVE + HERITAGE HIGHLANDS,,,40.412931,-79.876491,kept,0,,,,71;P7;P71,none
22982,PITCAIRN-TRAFFORD RD + FORBES ROAD,,,40.391178,-79.766163,kept,0,,,,69;P69,none
22983,WARRINGTON AVE + BOGGSTON AVE,,,40.420021,-80.00785,kept,0,,,,43;44,none
22987,PENFORT ST + #346,,,40.476158,-80.000412,kept,0,,,,6,none
22988,CHARTIERS AVE + ST JOHN ST,,,40.465476,-80.066361,kept,0,,,,20,none
22989,VA CLINIC FRONT DOOR,,,40.427906,-79.791657,loses_all_service,161,,,,67;P68,none
22990,BROADWAY AVE + 11TH ST,,,40.474072,-80.07809,kept,0,,,,24,none
22998,BROADWAY BLVD + PITCAIRN PARK BLDG,,,40.402039,-79.776642,kept_nearby,27,,,,69;P69,none
22999,BLVD OF THE ALLIES + BATES,,,40.435193,-79.956475,kept,0,,,,58;65;93,none
23000,BLVD OF THE ALLIES + BATES,,,40.435133,-79.956553,kept,0,,,,58;65;93,none
23027,BLAIR ST + #4165,,,40.420632,-79.951718,kept,0,,,,57,none
23028,BLAIR ST + #4165,,,40.420621,-79.951755,kept,0,,,,57,none
23033,MCCLEARY ST AT #914,"McKeesport city (Allegheny, PA)",,40.347331,-79.83836,kept,0,0.0,0.0,0.0,60,former_id
23045,RIDGE AVE + W OHIO ST,,,40.451369,-80.011202,loses_all_service,204,,,,54,none
23046,RIDGE AVE + W OHIO ST,,,40.451602,-80.010976,loses_all_service,180,,,,54,none
23055,ROSS PARK MALL,,,40.546473,-80.005283,kept_nearby,119,,,,12;2,none
23063,AMBRIDGE PARK AND RIDE,,,40.592404,-80.228189,kept_nearby,7,,,,14,none
23065,BREINING ST + BROOKLINE BLVD,,,40.392201,-80.010797,kept,0,,,,39,none
23067,RICHLAND AVE AT 5TH STREET,,,40.350095,-79.893996,kept,0,,,,56;59,none
23068,RICHLAND AVE + 5TH STREET,,,40.350074,-79.894272,kept,0,,,,56;59,none
23069,CRAWFORD ST + BELFORD AVE,,,40.443915,-79.988019,kept,0,,,,81,none
23070,CCAC WEST,,,40.436679,-80.193723,loses_all_service,189,,,,29,none
23071,CCAC WEST,,,40.436613,-80.193771,loses_all_service,196,,,,29,none
23084,UNIVERSITY BLVD + STOOPS FERRY RD,,,40.537955,-80.200292,loses_all_service,1354,,,,21,none
23085,UNIVERSITY BLVD + STOOPS FERRY RD,,,40.537786,-80.200108,loses_all_service,1352,,,,21,none
23086,MOSSIDE BLVD + MACBETH DR,,,40.425427,-79.754349,loses_all_service,609,,,,69,none
23087,MOSSIDE BLVD + MACBETH DR,,,40.42551,-79.754487,loses_all_service,612,,,,69,none
23095,FORBES AVE + SMITHFIELD ST,,,40.439496,-79.999312,kept_nearby,23,,,,51L;Y1;Y45,none
23097,LIBERTY AVE + FIFTH AVE,,,40.441625,-80.002868,kept,0,,,,19L;28X;29;31;G3;G31,none
23098,WASHINGTON PL + FIFTH AVE,,,40.438972,-79.991069,kept,0,,,,81;82;83,none
23099,DIAMOND ST + BOYD ST,,,40.438713,-79.993244,kept,0,,,,81;82;83,none
23100,FORBES AVE + GRANT ST,,,40.438657,-79.997066,kept_nearby,11,,,,81;82;83,none
23101,FIFTH AVE AT ROSS ST,"Pittsburgh city (Allegheny, PA)",Central Business District,40.439008,-79.995315,kept_nearby,2,0.0,0.0,0.0,61A;61B;61C;71B;G2,former_id
23102,MARKET SQUARE PRTX STATION,,,40.441494,-80.002297,kept_nearby,3,,,,61A;61B;61C;71B;G2;P1,none
23104,STEEL PLAZA PRTX STATION,,,40.440579,-79.995495,kept,0,,,,61A;61B;61C;71B;G2,none
23106,WALNUT ST + OLYMPIA SHOPPING CENTER,,,40.321343,-79.836651,loses_all_service,182,,,,60,none
23107,WALNUT ST + OLYMPIA SHOPPING CENTER,,,40.321265,-79.836788,loses_all_service,197,,,,60,none
23109,NEGLEY AVE + ELGIN ST,,,40.477903,-79.923278,kept_nearby,65,,,,71A;71B,none
23110,NEGLEY AVE + ELGIN ST,,,40.478081,-79.923298,kept_nearby,81,,,,71A;71B,none
23112,EAST BUSWAY + PENN STATION B,,,40.444254,-79.991538,kept_nearby,2,,,,1;11;12;15;19L;2;6;P10;P12;P16;P17;P67;P68;P69;P7;P71;P76;P78,none
23116,PITTSBURGH INTERNATIONAL AIRPORT,,,40.496619,-80.249098,kept_nearby,27,,,,28X,none
23117,FISHER ST + MOUNTAIN AVE,,,40.41153,-79.97713,kept_nearby,14,,,,44,none
23118,CENTRE AVE + LOGAN ST,,,40.440596,-79.989411,kept,0,,,,82;83,none
23121,FREEPORT RD + DELAFIELD AVE,,,40.48794,-79.897691,kept_nearby,28,,,,1;75;91,none
23140,CEDAR BLVD OPP #1281,,,40.363785,-80.063159,loses_all_service,1415,,,,36,none
2320,ISLAND AVE AT JOHN ST FS,"McKees Rocks borough (Allegheny, PA)",,40.469253,-80.060134,kept,0,0.0,0.0,0.0,21,id
2345,GRAND AVE OPP CALGON CARBON,"Neville township (Allegheny, PA)",,40.509087,-80.119005,kept,0,0.0,0.0,0.0,21,id
2352,GRAND AVE AT IDAHO AVE,"Neville township (Allegheny, PA)",,40.514069,-80.138607,kept,0,0.0,0.0,0.0,21,id
2355,GRAND AVE AT COTTAGE AVE,"Neville township (Allegheny, PA)",,40.515745,-80.143997,kept,0,0.0,0.0,0.0,21,id
2373,BROAD ST AT THORN ST,"Sewickley borough (Allegheny, PA)",,40.539105,-80.181638,loses_all_service,163,0.0,0.0,0.0,21,id
2399,HWY RT 51 AT STANFORD CT,"Kennedy township (Allegheny, PA)",,40.495251,-80.111231,loses_all_service,1130,0.0,0.0,0.0,20,id
2400,HWY RT 51 AT EDGETOWN APTS,"Kennedy township (Allegheny, PA)",,40.500011,-80.112061,loses_all_service,823,0.0,0.0,0.0,20,id
2429,GRANT AVE AT MT HOPE ST,"Etna borough (Allegheny, PA)",,40.50675,-79.950894,kept,0,0.0,0.0,0.0,2;P13,id
2431,MT ROYAL BLVD AT KENNETH DR,"Shaler township (Allegheny, PA)",,40.510899,-79.956952,kept,0,0.0,0.2,0.2,2;P13,id
2438,MT ROYAL BLVD OPP BRAUN ST,"Shaler township (Allegheny, PA)",,40.518965,-79.958947,kept,0,0.0,0.0,0.0,2;P13,id
2447,MT ROYAL BLVD AT WOOD PL,"Shaler township (Allegheny, PA)",,40.532467,-79.967928,kept,0,0.0,0.2,0.0,2;P13,id
2448,MT ROYAL BLVD OPP MOREWOOD RD,"Shaler township (Allegheny, PA)",,40.534451,-79.969528,kept,0,0.0,0.0,0.0,2;P13,id
2449,MT ROYAL BLVD AT KLEBER RD,"Shaler township (Allegheny, PA)",,40.535619,-79.97044,kept,0,0.0,0.0,0.0,2;P13,id
2452,MT ROYAL BLVD OPP SCOTT AVE,"Shaler township (Allegheny, PA)",,40.539102,-79.97221,kept,0,0.0,0.0,0.0,2;P13,id
2455,MT ROYAL BLVD OPP ROYAL COURT DR,"Shaler township (Allegheny, PA)",,40.542723,-79.972288,kept,0,0.0,0.0,0.0,2;P13,id
2457,MT ROYAL BLVD OPP EADE AVE,"Shaler township (Allegheny, PA)",,40.54651,-79.972338,kept,0,0.0,0.0,0.0,2;P13,id
2459,MT ROYAL BLVD AT GRANDVIEW AVE,"Shaler township (Allegheny, PA)",,40.550199,-79.971457,kept,0,0.0,0.0,0.0,2;P13,id
2495,FERGUSON RD AT SWEENEY RD,"Hampton township (Allegheny, PA)",,40.557968,-79.97524,loses_all_service,391,0.0,0.0,0.0,2;P13,id
2496,FERGUSON RD OPP OHIO DR,"Hampton township (Allegheny, PA)",,40.557392,-79.978424,loses_all_service,641,0.0,0.0,0.0,2;P13,id
2522,DRYCOVE ST AT CONNISTON AVE,"Pittsburgh city (Allegheny, PA)",Bon Air,40.403967,-79.9991,loses_all_service,284,0.0,0.0,0.0,54,id
258,BABCOCK BLVD OPP FAIRFIELD RD,"McCandless township (Allegheny, PA)",,40.564016,-80.01929,loses_all_service,445,0.0,0.0,0.0,12,id
2601,ARCH ST AT RIDGE AVE,"Pittsburgh city (Allegheny, PA)",Allegheny Center,40.452173,-80.008837,kept,0,0.0,0.6,0.2,54,id
2712,MT TROY RD AT KLEMENTINA DR,"Reserve township (Allegheny, PA)",,40.489481,-79.992484,loses_all_service,1191,0.0,0.0,0.0,4,id
2713,MT TROY RD AT #3467,"Reserve township (Allegheny, PA)",,40.487644,-79.992033,loses_all_service,1102,0.0,0.0,0.0,4,id
2772,MT TROY RD AT #2652,"Reserve township (Allegheny, PA)",,40.473447,-79.98524,loses_all_service,728,0.0,0.0,0.0,4,id
2773,MT TROY RD AT #2722,"Reserve township (Allegheny, PA)",,40.473907,-79.986534,loses_all_service,843,0.0,0.0,0.0,4,id
2774,MT TROY RD AT #2768,"Reserve township (Allegheny, PA)",,40.475278,-79.986928,loses_all_service,921,0.0,0.0,0.0,4,id
2776,MT TROY RD AT #2840,"Reserve township (Allegheny, PA)",,40.476891,-79.987588,loses_all_service,1008,0.0,0.0,0.0,4,id
2780,MT TROY RD AT # 3222,"Reserve township (Allegheny, PA)",,40.485641,-79.991881,loses_all_service,1005,0.0,0.0,0.0,4,id
2782,MT TROY RD OPP MOST HOLY NAME OF JESUS CEMETE,"Reserve township (Allegheny, PA)",,40.488016,-79.992087,loses_all_service,1123,0.0,0.0,0.0,4,id
2783,MT TROY RD OPP KLEMENTINA DR,"Reserve township (Allegheny, PA)",,40.489475,-79.992393,loses_all_service,1197,0.0,0.0,0.0,4,id
2784,MT TROY RD AT HOFFMAN RD,"Reserve township (Allegheny, PA)",,40.490628,-79.99198,loses_all_service,1304,0.0,0.2,0.0,4,id
2786,MT TROY RD AT GEYER RD,"Reserve township (Allegheny, PA)",,40.493395,-79.994772,loses_all_service,1354,0.0,0.0,0.0,4,id
2788,MT TROY RD AT ST MARY CEMETERY ENTRANCE,"Ross township (Allegheny, PA)",,40.495528,-79.998956,loses_all_service,1084,0.0,0.0,0.0,4,id
2789,MT TROY RD AT MT TROY RD EXT,"Ross township (Allegheny, PA)",,40.495739,-80.000345,loses_all_service,973,0.0,0.0,0.0,4,id
2799,IVORY AVE AT CHERRYLAND ST,"Pittsburgh city (Allegheny, PA)",Summer Hill,40.496491,-80.008984,loses_all_service,355,0.0,0.0,0.0,4;O5,id
2810,SOUTH SIDE AVE OPP ENTRANCE ST,"Pittsburgh city (Allegheny, PA)",Spring Hill-City View,40.46952,-79.999343,kept,0,0.0,0.0,0.0,6,id
2858,COLBY ST AT CHAPIN ST,"Pittsburgh city (Allegheny, PA)",Summer Hill,40.489035,-80.006465,loses_all_service,314,0.0,0.0,0.0,7,id
2859,CHAPIN ST AT #354,"Pittsburgh city (Allegheny, PA)",Summer Hill,40.489845,-80.004822,loses_all_service,474,0.0,0.0,0.0,7,id
2863,SPRING GARDEN RD OPP #3851,"Reserve township (Allegheny, PA)",,40.487666,-79.9973,loses_all_service,748,0.0,0.0,0.0,7,id
2865,SPRING GARDEN RD AT BEECH ST,"Reserve township (Allegheny, PA)",,40.4813,-79.99629,loses_all_service,481,0.0,0.0,0.0,7,id
2867,SPRING GARDEN RD AT LUKE'S ROAD HOUSE (#3254),"Reserve township (Allegheny, PA)",,40.478631,-79.995139,loses_all_service,420,0.0,0.0,0.0,7,id
2869,SPRING GARDEN AVE OPP REEKES WAY,"Pittsburgh city (Allegheny, PA)",Spring Garden,40.476317,-79.98939,loses_all_service,863,0.0,0.0,0.0,7,id
2881,SPRING GARDEN AVE AT #1036,"Pittsburgh city (Allegheny, PA)",Spring Garden,40.459331,-79.9937,kept,0,0.0,0.0,0.0,7,id
2898,SPRING GARDEN AVE AT MONETA ST,"Pittsburgh city (Allegheny, PA)",East Allegheny,40.457833,-79.994901,kept,0,0.0,0.0,0.0,7,id
2899,SPRING GARDEN AVE AT #1043,"Pittsburgh city (Allegheny, PA)",Spring Garden,40.459212,-79.993701,kept,0,0.0,0.0,0.0,7,id
2900,SPRING GARDEN AVE AT ARCOLA WAY,"Pittsburgh city (Allegheny, PA)",Spring Garden,40.4601,-79.991644,kept,0,0.0,0.0,0.0,7,id
2903,SPRING GARDEN AVE OPP OLD HONESTY ST,"Pittsburgh city (Allegheny, PA)",Spring Garden,40.461995,-79.987257,kept,0,0.0,0.0,0.0,7,id
2907,SPRING GARDEN AVE AT MAUCH ST,"Pittsburgh city (Allegheny, PA)",Spring Garden,40.471602,-79.986448,loses_all_service,588,0.0,0.0,0.0,7,id
2910,SPRING GARDEN AVE AT REEKES WAY,"Pittsburgh city (Allegheny, PA)",Spring Garden,40.476272,-79.989269,loses_all_service,865,0.0,0.0,0.0,7,id
2912,SPRING GARDEN RD AT #3253,"Reserve township (Allegheny, PA)",,40.478432,-79.994914,loses_all_service,430,0.0,0.0,0.0,7,id
2913,SPRING GARDEN RD AT FIRE HOUSE (#3367),"Reserve township (Allegheny, PA)",,40.480436,-79.995917,loses_all_service,461,0.0,0.0,0.0,7,id
2914,SPRING GARDEN RD OPP BEECH ST,"Reserve township (Allegheny, PA)",,40.481195,-79.996182,loses_all_service,486,0.0,0.0,0.0,7,id
2915,SPRING GARDEN RD AT #3681,"Reserve township (Allegheny, PA)",,40.485347,-79.996505,loses_all_service,645,0.0,0.0,0.0,7,id
2916,SPRING GARDEN RD AT #3851,"Reserve township (Allegheny, PA)",,40.48791,-79.997138,loses_all_service,777,0.0,0.0,0.0,7,id
2917,RAMAGE RD AT CHERRYWOOD DR FS,"Reserve township (Allegheny, PA)",,40.49068,-80.000034,loses_all_service,888,0.0,0.0,0.0,7,id
2918,RAMAGE RD AT CHARLEMMA DR,"Reserve township (Allegheny, PA)",,40.490137,-80.002969,loses_all_service,632,0.0,0.0,0.0,7,id
2919,CHAPIN ST AT COLBY ST,"Pittsburgh city (Allegheny, PA)",Summer Hill,40.489296,-80.006546,loses_all_service,316,0.0,0.0,0.0,7,id
31,FORBES AVE AT BIGELOW BLVD (SCHENLEY DR),"Pittsburgh city (Allegheny, PA)",Central Oakland,40.443052,-79.953835,kept_nearby,66,0.0,0.0,0.0,28X;54;58;61A;61B;61C;61D;67;69;71A;71B;71C;71D;75;93;P3,id
320,INGOMAR RD OPP SARATOGA DR,"McCandless township (Allegheny, PA)",,40.58408,-80.028099,loses_all_service,330,0.0,0.0,0.0,O12,id
3214,BUTLER ST AT JANCEY ST (STEPS),"Pittsburgh city (Allegheny, PA)",Morningside,40.488767,-79.924263,kept_nearby,125,0.0,0.0,0.0,87,id
3230,MELLON TERRACE AT N NEGLEY AVE,"Pittsburgh city (Allegheny, PA)",Highland Park,40.479594,-79.921964,kept,0,0.0,0.0,0.0,71A;71B,id
3292,BUTLER ST OPP JANCEY ST (STEPS),"Pittsburgh city (Allegheny, PA)",Morningside,40.488852,-79.924206,kept_nearby,131,0.0,0.0,0.0,87,id
3294,BUTLER ST + 62ND ST BRIDGE FS,,,40.488085,-79.938239,kept,0,,,,87;91,none
3353,MT ROYAL BLVD AT BRAUN ST,"Shaler township (Allegheny, PA)",,40.519035,-79.959015,kept,0,0.0,0.0,0.0,2;P13,id
3377,FERGUSON RD AT GUYTON RD,"McCandless township (Allegheny, PA)",,40.564919,-79.992843,loses_all_service,1940,0.0,0.0,0.0,2;P13,id
3381,FERGUSON RD AT OHIO DR,"Hampton township (Allegheny, PA)",,40.557338,-79.978771,loses_all_service,670,0.0,0.0,0.0,2;P13,id
3417,MT ROYAL BLVD OPP HARTLE RD,"Shaler township (Allegheny, PA)",,40.541268,-79.972272,kept,0,0.0,0.0,0.0,2;P13,id
3438,HERBST RD AT #235,"Kennedy township (Allegheny, PA)",,40.499532,-80.11516,loses_all_service,964,0.0,0.0,0.0,20,id
3439,HERBST RD AT #225,"Kennedy township (Allegheny, PA)",,40.499466,-80.116578,loses_all_service,999,0.0,0.0,0.0,20,id
3443,HERBST RD AT DOWNS DR,"Kennedy township (Allegheny, PA)",,40.492833,-80.118277,loses_all_service,1750,0.0,0.0,0.0,20,id
3478,FAIRHAVEN RD OPP #63,"Kennedy township (Allegheny, PA)",,40.470546,-80.100145,kept_nearby,105,0.0,0.0,0.0,20;22,id
3498,MCCOY RD OPP GREENWOOD DR,"Kennedy township (Allegheny, PA)",,40.478088,-80.093998,kept,0,0.0,0.0,0.0,22,id
3596,SILVER LANE OPP DIANA DR,"Robinson township (Allegheny, PA)",,40.459423,-80.138807,kept,0,0.0,0.0,0.0,24,id
3600,BEAVER GRADE RD OPP AIKEN RD,"Robinson township (Allegheny, PA)",,40.455161,-80.136333,kept,0,0.0,0.0,0.2,24,id
3651,CHARTIERS AVE EXT AT #1536,"McKees Rocks borough (Allegheny, PA)",,40.467084,-80.081779,loses_all_service,703,0.0,0.0,0.4,20,id
3655,CHARTIERS AVE EXT AT HECKLE RD,"Kennedy township (Allegheny, PA)",,40.4706,-80.091064,kept_nearby,32,0.0,0.0,0.0,20,id
3828,SUMMIT PARK DR AT PARK LANE #1,"North Fayette township (Allegheny, PA)",,40.4511,-80.186792,kept,0,0.0,0.0,0.0,29,id
393,PRESIDENTIAL DR AT COOLIDGE,"McCandless township (Allegheny, PA)",,40.582372,-79.99694,loses_all_service,1812,0.0,0.0,0.0,O5,id
394,PRESIDENTIAL DR AT HARDING,"McCandless township (Allegheny, PA)",,40.582099,-79.994735,loses_all_service,1944,0.0,0.0,0.0,O5,id
399,NORTHGATE DR AT #9396,"McCandless township (Allegheny, PA)",,40.576688,-79.990731,loses_all_service,2004,0.0,0.0,0.0,O5,id
406,SAMPLE RD AT PEEBLES RD,"McCandless township (Allegheny, PA)",,40.570639,-80.002403,loses_all_service,969,0.0,0.0,0.0,O5,id
408,PEEBLES RD AT KNOLL ST,"McCandless township (Allegheny, PA)",,40.568226,-80.006073,loses_all_service,781,0.0,0.0,0.0,O5,id
4086,LADOGA ST AT #3218,"Pittsburgh city (Allegheny, PA)",Windgap,40.449796,-80.068213,loses_all_service,155,0.0,0.0,0.2,26,id
410,PEEBLES RD AT PEEBLES SCHOOL DRVWY,"McCandless township (Allegheny, PA)",,40.565399,-80.008535,loses_all_service,715,0.0,0.0,0.0,2;O5;P13,id
4154,LADOGA ST AT KATHY DR,"Pittsburgh city (Allegheny, PA)",Windgap,40.450645,-80.069388,kept_nearby,116,0.0,0.0,0.0,26,id
4239,STEUBEN ST AT #1129,"Pittsburgh city (Allegheny, PA)",Crafton Heights,40.441066,-80.046604,kept,0,0.0,0.0,0.0,27;29,id
425,BABCOCK BLVD OPP ROSECLIFF DR,"Ross township (Allegheny, PA)",,40.509858,-79.991849,kept,0,0.0,0.0,0.0,O5,id
4253,STEUBEN ST AT #1260,"Pittsburgh city (Allegheny, PA)",Crafton Heights,40.441143,-80.047096,kept,0,0.0,0.0,0.0,27;29,id
4261,MIDDLETOWN RD AT JUSTINE ST,"Pittsburgh city (Allegheny, PA)",Crafton Heights,40.446648,-80.060822,kept,0,0.0,0.0,0.0,27,id
4266,MIDDLETOWN RD AT #3206,"Pittsburgh city (Allegheny, PA)",Sheraden,40.450894,-80.067001,kept,0,0.0,0.0,0.0,27,id
428,EVERGREEN & PEOPLES PLANK RD AT NELSON RUN RD,"Ross township (Allegheny, PA)",,40.50572,-79.995088,loses_all_service,428,0.0,0.0,0.0,O5,id
4365,STEUBENVILLE PIKE AT #4460,"Robinson township (Allegheny, PA)",,40.443756,-80.097373,kept,0,0.0,0.0,0.0,29,former_id
441,EVERGREEN & PEOPLES PLANK RD AT PEOPLE'S TWP RD,"Ross township (Allegheny, PA)",,40.505611,-79.995486,loses_all_service,461,0.0,0.0,0.0,O5,id
443,BABCOCK BLVD AT HOFFMAN BLVD,"Ross township (Allegheny, PA)",,40.507809,-79.989708,loses_all_service,273,0.0,0.0,0.0,O5,id
444,BABCOCK BLVD AT ROSECLIFF DR,"Ross township (Allegheny, PA)",,40.509793,-79.991594,kept,0,0.0,0.0,0.0,O5,id
4497,NOBLESTOWN RD OPP HARTWELL ST,"Pittsburgh city (Allegheny, PA)",Crafton Heights,40.437551,-80.050959,kept,0,0.0,0.0,0.0,31,id
4527,MAIN ST AT JANE ST,"Carnegie borough (Allegheny, PA)",,40.411996,-80.080105,kept,0,0.0,0.0,0.0,31,id
458,PEEBLES RD OPP PEEBLES SCHOOL DRVWY,"McCandless township (Allegheny, PA)",,40.565293,-80.008536,loses_all_service,719,0.0,0.0,0.0,2;O5;P13,former_id
459,PEEBLES RD AT DUNCAN AVE FS,"McCandless township (Allegheny, PA)",,40.568337,-80.005721,loses_all_service,799,0.0,0.0,0.0,O5,former_id
460,PEEBLES RD OPP LOCUST ST,"McCandless township (Allegheny, PA)",,40.569558,-80.003857,loses_all_service,881,0.0,0.0,0.0,O5,id
461,PEEBLES RD AT SAMPLE RD,"McCandless township (Allegheny, PA)",,40.57054,-80.002813,loses_all_service,937,0.0,0.0,0.0,O5,id
464,SAMPLE RD AT RINGEISEN RD,"McCandless township (Allegheny, PA)",,40.571766,-79.998505,loses_all_service,1284,0.0,0.0,0.0,O5,id
4661,BANKSVILLE RD AT #3030,"Pittsburgh city (Allegheny, PA)",Banksville,40.40179,-80.0424,loses_all_service,206,0.0,0.0,0.0,36,id
468,NORTHGATE DR AT #9396,"McCandless township (Allegheny, PA)",,40.576433,-79.990636,loses_all_service,2004,0.0,0.0,0.0,O5,id
469,NORTHGATE DR AT SPRINGFIELD DR,"McCandless township (Allegheny, PA)",,40.577794,-79.992243,loses_all_service,1916,0.0,0.0,0.0,O5,id
471,SPRINGFIELD DR AT PEEBLES RD,"McCandless township (Allegheny, PA)",,40.579567,-79.994746,loses_all_service,1798,0.0,0.0,0.0,O5,id
472,PRESIDENTIAL DR AT CLEVELAND,"McCandless township (Allegheny, PA)",,40.581934,-79.993713,loses_all_service,2006,0.0,0.0,0.0,O5,id
473,PRESIDENTIAL DR AT HARDING,"McCandless township (Allegheny, PA)",,40.582226,-79.995172,loses_all_service,1922,0.0,0.0,0.0,O5,id
4741,CEDAR BLVD AT LONGRIDGE DR,"Mount Lebanon township (Allegheny, PA)",,40.378624,-80.054484,loses_all_service,264,0.0,0.0,0.0,36,id
475,PRESIDENTIAL DR AT MADISON (LEASE OFFICE),"McCandless township (Allegheny, PA)",,40.583504,-79.998797,loses_all_service,1779,0.0,0.0,0.0,O5,id
4754,BOWER HILL RD OPP LONGRIDGE DR,"Mount Lebanon township (Allegheny, PA)",,40.382124,-80.057853,kept,0,0.0,0.0,0.0,41,id
478,PRESIDENTIAL DR AT BABCOCK BLVD,"McCandless township (Allegheny, PA)",,40.586342,-80.000233,loses_all_service,1904,0.0,0.0,0.0,O5,id
49,LYTLE,,,40.33464,-80.031059,kept,0,,,,SLVR,none
50,LYTLE STATION,,,40.334217,-80.031065,kept,0,,,,SLVR,none
5398,WASHINGTON PIKE OPP WINSTEIN ST,"Collier township (Allegheny, PA)",,40.372983,-80.099243,kept,0,0.0,0.0,0.0,31;38;G31,id
5491,WASHINGTON PIKE AT WINSTEIN ST,"Collier township (Allegheny, PA)",,40.37405,-80.099162,kept,0,0.0,0.0,0.0,31;38;G31,id
5493,WASHINGTON PIKE OPP VANADIUM RD,"Collier township (Allegheny, PA)",,40.370472,-80.100718,kept,0,0.0,0.0,0.0,31;38;G31,id
5530,NOBLESTOWN RD OPP #2793,"Pittsburgh city (Allegheny, PA)",East Carnegie,40.419055,-80.066564,kept,0,0.0,0.0,0.0,31,id
5560,EAST BUSWAY + PENN STATION A,,,40.443896,-79.992074,kept,0,,,,29;31;39;40;41;44;91;G3;G31;P1,none
570,PERRY HWY OPP HANWAY AVE,"Ross township (Allegheny, PA)",,40.504332,-80.026665,kept,0,0.0,0.0,0.0,8,id
5744,GREENTREE RD OPP FOREST DR,"Green Tree borough (Allegheny, PA)",,40.405559,-80.05426,kept,0,0.0,0.0,0.0,38,id
5797,LINDSAY RD OPP #509,"Scott township (Allegheny, PA)",,40.38239,-80.085733,loses_all_service,422,0.0,0.0,0.0,38,id
5799,LINDSAY RD OPP #601,"Scott township (Allegheny, PA)",,40.383133,-80.082512,loses_all_service,375,0.0,0.0,0.0,38,id
5805,LINDSAY RD OPP GREENVIEW DR,"Scott township (Allegheny, PA)",,40.386883,-80.076523,loses_all_service,653,0.0,0.0,0.0,38,id
5883,SWALLOW HILL RD AT GREENTREE RD FS,"Scott township (Allegheny, PA)",,40.390078,-80.074184,loses_all_service,303,0.0,0.0,0.0,38,id
5889,LINDSAY RD OPP CHERRY TREE DR,"Scott township (Allegheny, PA)",,40.385473,-80.073849,loses_all_service,717,0.0,0.0,0.0,38,id
5891,LINDSAY RD AT GREENVIEW DR FS,"Scott township (Allegheny, PA)",,40.386926,-80.076484,loses_all_service,657,0.0,0.0,0.0,38,id
5892,LINDSAY RD OPP CLAIREVIEW DR,"Scott township (Allegheny, PA)",,40.387852,-80.077364,loses_all_service,602,0.0,0.0,0.0,38,id
5894,LINDSAY RD AT WYNNECLIFF DR #1,"Scott township (Allegheny, PA)",,40.387481,-80.079484,loses_all_service,418,0.0,0.0,0.0,38,id
5897,LINDSAY RD AT #601,"Scott township (Allegheny, PA)",,40.383129,-80.08271,loses_all_service,368,0.0,0.0,0.0,38,id
5898,LINDSAY RD AT #559,"Scott township (Allegheny, PA)",,40.38222,-80.084368,loses_all_service,431,0.0,0.0,0.0,38,id
5899,LINDSAY RD AT #509,"Scott township (Allegheny, PA)",,40.382134,-80.085701,loses_all_service,449,0.0,0.0,0.0,38,id
6002,WASHINGTON RD AT FLORENCE PL,"Mount Lebanon township (Allegheny, PA)",,40.384457,-80.043904,kept,0,0.0,0.0,0.0,38,id
6185,BROOKLINE BLVD OPP #1439,"Pittsburgh city (Allegheny, PA)",Brookline,40.392418,-80.0075,kept,0,0.0,0.0,0.0,39,id
63,SANDY CREEK,,,40.296474,-80.030397,kept,0,,,,SLVR,none
6401,WEST LIBERTY AVE AT BROOKSIDE AVE,"Pittsburgh city (Allegheny, PA)",Beechview,40.410571,-80.015487,kept,0,0.0,0.0,0.0,41,id
641,PERRY HWY AT CEMETERY LN,"Ross township (Allegheny, PA)",,40.503282,-80.024849,kept,0,0.0,0.0,0.0,8,id
6415,BOWER HILL RD AT PARKVIEW DR,"Mount Lebanon township (Allegheny, PA)",,40.380076,-80.062897,kept,0,0.0,0.0,0.0,41,id
6421,BOWER HILL RD OPP PAT HAVEN DR,"Mount Lebanon township (Allegheny, PA)",,40.373441,-80.075562,kept,0,0.0,0.0,0.0,41,id
6422,BOWER HILL RD OPP CLEMSON DR,"Mount Lebanon township (Allegheny, PA)",,40.372632,-80.076426,kept,0,0.0,0.4,0.0,41,id
6426,KANE BLVD OPP OUR LADY OF GRACE CHURCH,"Scott township (Allegheny, PA)",,40.373912,-80.084665,kept,0,0.0,0.0,0.0,41,id
6429,KANE BLVD OPP ELM DR,"Scott township (Allegheny, PA)",,40.375956,-80.088619,kept,0,0.0,0.0,0.0,41,id
643,PERRY HWY AT CLARWIN AVE,"Ross township (Allegheny, PA)",,40.505238,-80.028328,kept,0,0.0,0.0,0.0,8,id
6430,KANE BLVD OPP HUGHES ST,"Scott township (Allegheny, PA)",,40.377351,-80.090497,kept,0,0.0,0.2,0.0,41,id
6431,KANE BLVD OPP DAVIS ST,"Scott township (Allegheny, PA)",,40.378087,-80.091418,kept,0,0.0,0.0,0.0,41,id
6432,MAIN ST OPP #1737,"Scott township (Allegheny, PA)",,40.377026,-80.092876,loses_all_service,164,0.0,0.0,0.0,41,id
6435,VANADIUM RD AT VANADIUM WOODS VILLAGE NS,"Scott township (Allegheny, PA)",,40.372217,-80.089814,loses_all_service,384,0.0,0.0,0.0,41,id
6443,BOWER HILL RD OPP COOKS SCHOOL RD,"Bridgeville borough (Allegheny, PA)",,40.361173,-80.100298,loses_all_service,787,0.0,0.0,0.0,41,id
6446,BOWER HILL RD OPP MCLAUGHLIN RUN RD,"Bridgeville borough (Allegheny, PA)",,40.358359,-80.105141,loses_all_service,461,0.0,0.0,0.0,41,id
6449,BANK ST AT GREGG AVE,"Bridgeville borough (Allegheny, PA)",,40.355192,-80.108766,kept,0,0.0,0.0,0.2,41,id
6452,BANK ST AT ELIZABETH ST,"Bridgeville borough (Allegheny, PA)",,40.353131,-80.105911,kept,0,0.0,0.0,0.0,41,id
6454,BANK ST AT WINFIELD ST,"Bridgeville borough (Allegheny, PA)",,40.350434,-80.104948,kept,0,0.0,0.0,0.0,41,id
6578,CEDAR BLVD AT #1281,"Mount Lebanon township (Allegheny, PA)",,40.363107,-80.063427,loses_all_service,1476,0.0,0.0,0.0,36,id
6601,CEDAR BLVD OPP MAYFAIR DR,"Mount Lebanon township (Allegheny, PA)",,40.371078,-80.059793,loses_all_service,884,0.0,0.0,0.0,36,id
6602,CEDAR BLVD AT #1154,"Mount Lebanon township (Allegheny, PA)",,40.369488,-80.060616,loses_all_service,963,0.0,0.0,0.0,36,id
6612,WASHINGTON RD AT FIDELITY INVESTMENTS,"Bethel Park municipality (Allegheny, PA)",,40.350225,-80.051365,loses_all_service,770,0.0,0.0,0.0,36,id
6656,RUTLEDGE ST AT REPUBLIC ST,"Pittsburgh city (Allegheny, PA)",Duquesne Heights,40.440299,-80.025391,kept,0,0.0,0.2,0.0,40,id
67,SMITH ROAD,,,40.356887,-80.029222,kept,0,,,,BLUE;RED;SLVR,none
6706,HABERMAN RAMP AT SOUTH HILLS JCT,"Pittsburgh city (Allegheny, PA)",Mount Washington,40.421537,-80.006101,kept,0,0.0,0.0,0.0,44;51L,id
6721,PALM GARDEN RAMP AT WARRINGTON AVE,"Pittsburgh city (Allegheny, PA)",Mount Washington,40.416928,-80.011307,kept,0,0.0,0.0,0.0,40;44,id
6737,BOGGS AVE AT GREENBUSH ST,"Pittsburgh city (Allegheny, PA)",Mount Washington,40.426387,-80.007529,kept_nearby,128,0.0,0.2,0.0,43,id
6741,BOGGS AVE AT SOFFEL ST,"Pittsburgh city (Allegheny, PA)",Mount Washington,40.419703,-80.011424,kept_nearby,149,0.0,0.0,0.0,43,id
6749,SOUTHERN AVE OPP GRAY ST,"Pittsburgh city (Allegheny, PA)",Mount Washington,40.426708,-80.008982,kept,0,0.0,0.0,0.2,40,id
6773,REPUBLIC ST AT RUTLEDGE ST,"Pittsburgh city (Allegheny, PA)",Duquesne Heights,40.440375,-80.025209,kept,0,0.0,0.0,0.0,40,id
6793,WEYMAN RD AT FOXWOOD MANOR APTS,"Whitehall borough (Allegheny, PA)",,40.367182,-79.999221,kept,0,0.0,0.0,0.0,Y45,id
68,SMITH ROAD,,,40.356835,-80.029261,kept,0,,,,BLUE;RED;SLVR,none
6829,PROVOST RD OPP WHITEHALL CIR,"Whitehall borough (Allegheny, PA)",,40.36705,-79.993496,loses_all_service,486,0.0,0.0,0.0,Y47,id
6832,PROVOST RD + SHADOW FS,,,40.370783,-79.994547,loses_all_service,268,,,,Y47,none
6863,PROVOST RD AT WHITEHALL CIR,"Whitehall borough (Allegheny, PA)",,40.367071,-79.993602,loses_all_service,477,0.0,0.0,0.0,Y47,id
6865,PROVOST RD AT BRIGHTVIEW DR,"Whitehall borough (Allegheny, PA)",,40.3649,-79.992188,loses_all_service,482,0.0,0.0,0.0,Y47,id
6874,BAPTIST RD OPP LACHMAN DR,"Whitehall borough (Allegheny, PA)",,40.355708,-80.002843,loses_all_service,480,0.0,0.0,0.0,Y45,id
6876,BAPTIST RD AT #5348,"Whitehall borough (Allegheny, PA)",,40.353504,-80.007225,loses_all_service,883,0.0,0.0,0.0,Y45,id
6877,BAPTIST RD AT MCKEE DR FS,"Whitehall borough (Allegheny, PA)",,40.352733,-80.009819,loses_all_service,1094,0.0,0.0,0.0,Y45,id
6897,WEYMAN RD OPP FOXWOOD MANOR APTS,"Whitehall borough (Allegheny, PA)",,40.367445,-79.999202,kept,0,0.0,0.0,0.0,Y45,id
6900,WEYMAN RD AT VILLAGE LN,"Whitehall borough (Allegheny, PA)",,40.359857,-80.000839,kept,0,0.0,0.0,0.0,Y45,id
6901,WEYMAN RD AT MCROBERTS RD,"Whitehall borough (Allegheny, PA)",,40.370395,-79.997671,kept,0,0.0,0.0,0.0,Y45,id
6929,GARDENVILLE RD OPP CROSS ST,"Baldwin borough (Allegheny, PA)",,40.349908,-80.008158,loses_all_service,1259,0.0,0.0,0.0,Y45,id
6936,GARDENVILLE RD AT BAPTIST RD FS,"Baldwin borough (Allegheny, PA)",,40.351506,-80.010472,loses_all_service,1231,0.0,0.0,0.0,Y45,id
6938,GARDENVILLE RD AT KOEFFLER DR,"Baldwin borough (Allegheny, PA)",,40.348023,-80.00771,loses_all_service,1429,0.0,0.0,0.0,Y45,id
6940,GARDENVILLE RD OPP CHARLOTTE DR,"Baldwin borough (Allegheny, PA)",,40.345836,-80.007031,loses_all_service,1634,0.0,0.0,0.0,Y45,id
6953,BLOSSOM RD AT LAUREL DR,"Baldwin borough (Allegheny, PA)",,40.343396,-79.994236,loses_all_service,742,0.0,0.0,0.0,Y45,id
6958,CURRY RD AT OLYMPIC RD,"Baldwin borough (Allegheny, PA)",,40.340421,-79.990978,loses_all_service,541,0.0,0.0,0.0,Y45,id
6960,CURRY RD AT HORNING RD,"Baldwin borough (Allegheny, PA)",,40.337344,-79.99144,loses_all_service,740,0.0,0.0,0.0,Y45,id
70,SOUTH HILLS VILLAGE STATION,"Bethel Park municipality (Allegheny, PA)",,40.339308,-80.053341,kept,0,0.0,0.0,0.0,BLUE;RED,former_id
71,SOUTH HILLS JUNCTION STATION,,,40.420841,-80.007226,kept,0,,,,BLUE;RED;SLVR,none
7150,EDGEWOOD AVE + ELM ST,,,40.431873,-79.884601,kept,0,,,,61A;P7,none
7291,6TH ST + MARGARETTA ST,,,40.404333,-79.866861,kept,0,,,,61A;61B,none
7304,SCHOYER AVE AT TONETTE ST,"Swissvale borough (Allegheny, PA)",,40.422535,-79.894821,kept_nearby,145,0.0,0.0,0.0,71,id
7347,BRINTON RD AT #1246,"Braddock Hills borough (Allegheny, PA)",,40.422958,-79.866768,kept,0,0.0,0.4,0.0,P68,id
7447,WOLFE AVE AT GENERAL BRADDOCK DR FS,"North Braddock borough (Allegheny, PA)",,40.408711,-79.849861,kept,0,0.0,0.0,0.0,P68,id
7651,BEELER ST OPP BEELERMONT PL,"Pittsburgh city (Allegheny, PA)",Squirrel Hill North,40.44551,-79.933291,kept,0,0.0,0.0,0.0,67;69,id
7675,BEELER ST AT BEELERMONT PL,"Pittsburgh city (Allegheny, PA)",Squirrel Hill North,40.445417,-79.933369,kept,0,0.0,0.0,0.0,67;69,id
77,STATION SQUARE STATION,,,40.431324,-80.002671,kept,0,,,,BLUE;RED;SLVR,none
7723,LAKETON RD OPP TURNER AVE,"Wilkinsburg borough (Allegheny, PA)",,40.452484,-79.860411,kept,0,0.0,0.0,0.0,P78,id
7757,BROADWAY BLVD AT VALLEY RD,"Monroeville municipality (Allegheny, PA)",,40.397931,-79.792055,kept,0,0.0,0.0,0.0,69;P69,id
7834,AIRBRAKE AVE OPP 3RD ST,"Wilmerding borough (Allegheny, PA)",,40.399909,-79.816069,kept,0,0.0,0.0,0.0,69;P69,id
7847,BROADWAY BLVD OPP MAWCO DR,"Monroeville municipality (Allegheny, PA)",,40.398314,-79.788884,kept,0,0.0,0.0,0.0,69;P69,id
7967,PENN AVE OPP WEBER ST,"Wilkinsburg borough (Allegheny, PA)",,40.441915,-79.869064,kept,0,0.0,0.0,0.0,67,id
7969,PENN AVE AT SUMMIT ST,"Wilkinsburg borough (Allegheny, PA)",,40.4431,-79.866739,kept,0,0.0,0.0,0.0,67,id
8071,JAMES ST AT JAMES ST EXT,"Monroeville municipality (Allegheny, PA)",,40.423633,-79.793952,kept,0,0.0,0.4,0.6,P68,id
81,WASHINGTON JUNCTION,,,40.353933,-80.028173,kept,0,,,,BLUE;RED;SLVR,none
8118,BRINTON RD AT #1584,"Braddock Hills borough (Allegheny, PA)",,40.41279,-79.857734,kept,0,0.0,0.0,0.0,P68,id
82,WASHINGTON JUNCTION,,,40.353447,-80.028117,kept,0,,,,BLUE;RED;SLVR,none
8222,BRYANT ST AT ST CLAIR ST,"Pittsburgh city (Allegheny, PA)",Highland Park,40.476112,-79.920899,kept,0,0.0,0.2,0.4,71B,id
8276,PENN AVE AT SHADY AVE FS (GIANT EAGLE),"Pittsburgh city (Allegheny, PA)",Shadyside,40.459236,-79.920097,kept,0,0.0,0.0,0.4,71C;74;75;77;82;86;88;89,id
8371,REYNOLDS ST AT MURTLAND ST,"Pittsburgh city (Allegheny, PA)",Point Breeze,40.447984,-79.907917,loses_all_service,201,0.0,1.0,0.0,74,id
8440,OBERLIN ST OPP OAKDENE ST,"Pittsburgh city (Allegheny, PA)",Lincoln-Lemington-Belmar,40.466438,-79.89006,kept,0,0.0,0.0,0.0,74,id
85,WEST LIBRARY,,,40.294139,-80.029802,kept,0,,,,SLVR,none
86,WEST LIBRARY,,,40.294131,-80.029852,kept,0,,,,SLVR,none
87,SANDY CREEK,,,40.296466,-80.030448,kept,0,,,,SLVR,none
88,BOGGS STATION,,,40.416682,-80.010357,kept,0,,,,BLUE;SLVR,none
89,BOGGS STATION,,,40.416499,-80.010334,kept,0,,,,BLUE;SLVR,none
899,PERRYSVILLE AVE AT #3436,"Pittsburgh city (Allegheny, PA)",Perry North,40.483082,-80.013035,kept,0,0.0,0.0,0.0,15;8,id
917,CONNIE DR AT MULKERIN DR,"Ross township (Allegheny, PA)",,40.498524,-80.023384,loses_all_service,213,0.0,0.0,0.0,17,id
9249,HILLCREST ST OPP FANNELL ST,"Pittsburgh city (Allegheny, PA)",Garfield,40.467946,-79.936562,kept,0,0.0,0.0,0.0,89,id
9274,STANTON AVE + MCCANDLESS AVE NS,,,40.481744,-79.940844,kept,0,,,,87,none
9361,OLD FREEPORT RD AT POST OFFICE,"O'Hara township (Allegheny, PA)",,40.488368,-79.875718,kept_nearby,113,0.0,0.0,0.0,91,id
9618,LEBANON RD AT NOBLE DR,"West Mifflin borough (Allegheny, PA)",,40.361889,-79.932259,kept,0,0.0,0.0,0.0,51;53L;55,id
9622,BROWNSVILLE RD AT CURRY RD,"Whitehall borough (Allegheny, PA)",,40.358279,-79.990675,kept,0,0.0,0.0,0.0,Y47,id
9755,BROWNSVILLE RD OPP CARLYN DR,"Whitehall borough (Allegheny, PA)",,40.353915,-79.989848,kept,0,0.0,0.0,0.0,Y47,id
9758,BROWNSVILLE RD AT FELIX DR,"Whitehall borough (Allegheny, PA)",,40.350306,-79.987923,kept,0,0.0,0.0,0.0,Y47,id
9761,BROWNSVILLE RD OPP STREETS RUN RD,"Whitehall borough (Allegheny, PA)",,40.346842,-79.986459,kept,0,0.0,0.0,0.0,Y47,id
979,BRULE ST AT MAGNET ST,"Pittsburgh city (Allegheny, PA)",Perry South,40.470995,-80.00599,kept,0,0.0,0.0,0.0,11,id
98,MEMORIAL HALL,,,40.366611,-80.016186,kept,0,,,,BLUE;SLVR,none
9800,COCHRAN MILLS RD AT #985,"South Park township (Allegheny, PA)",,40.323825,-79.984652,loses_all_service,1517,0.0,0.0,0.0,Y45,id
9827,SOUTH BUSWAY AT STATION SQUARE,"Pittsburgh city (Allegheny, PA)",South Shore,40.431789,-80.003705,kept,0,0.0,0.0,0.0,39;40;41;44;51L;Y1;Y45;Y46;Y47;Y49,id
985,HENDERSON ST AT JAMES ST STEPS,"Pittsburgh city (Allegheny, PA)",Fineview,40.459598,-80.0026,kept,0,0.0,0.0,0.0,11,id
9957,STATE ST AT FRANCIS ST,"Clairton city (Allegheny, PA)",,40.296812,-79.874746,kept,0,0.0,0.0,0.0,55,id
W06290,DUQUESNE INCLINE AT LOWER STATION,,,40.440126,-80.018026,kept,0,,,,DQI,none
W06300,DUQUESNE INCLINE AT UPPER STATION,,,40.43851,-80.019468,kept,0,,,,DQI,none
W15307,MONONGAHELA INCLINE AT UPPER STATION,,,40.431371,-80.006097,kept,0,,,,MI,none
W15308,MONONGAHELA INCLINE AT LOWER STATION,,,40.432559,-80.004904,kept,0,,,,MI,none
