place,anchor,origin_source,origin_points,origin_population,origin_centre_lat,origin_centre_lon,dest_lat,dest_lon,headline_current_median_min,headline_current_best_min,headline_current_worst_min,headline_current_reachable_fraction,headline_current_median_transfers,headline_current_median_wait_min,headline_proposed_median_min,headline_proposed_best_min,headline_proposed_worst_min,headline_proposed_reachable_fraction,headline_proposed_median_transfers,headline_proposed_median_wait_min,strict_current_median_min,strict_current_best_min,strict_current_worst_min,strict_current_reachable_fraction,strict_current_median_transfers,strict_current_median_wait_min,strict_proposed_median_min,strict_proposed_best_min,strict_proposed_worst_min,strict_proposed_reachable_fraction,strict_proposed_median_transfers,strict_proposed_median_wait_min,headline_current_origin_coverage_fraction,headline_current_dest_access_stops,headline_proposed_origin_coverage_fraction,headline_proposed_dest_access_stops,strict_current_origin_coverage_fraction,strict_current_dest_access_stops,strict_proposed_origin_coverage_fraction,strict_proposed_dest_access_stops,headline_classification,strict_classification,change_headline_min,change_strict_min,sign_flips_between_radii,spread_headline_min
Allegheny Center,Downtown,residents,2,4391.0,40.455235,-80.008924,40.440773,-79.999105,19.9,12.9,28.9,1.0,0,2.3,20.9,11.3,33.0,1.0,0,2.5,19.9,12.9,28.9,1.0,0,2.3,20.9,11.3,33.0,1.0,0,2.5,1.0,42,1.0,38,1.0,42,1.0,38,comparable,comparable,1.0,1.0,False,0.4
Allegheny Center,Oakland,residents,2,4391.0,40.455235,-80.008924,40.439223,-79.964103,45.1,33.1,56.1,1.0,1,7.2,42.4,30.4,57.4,1.0,1,8.2,47.1,33.1,59.1,1.0,1,12.0,44.4,30.4,57.4,1.0,1,10.7,1.0,25,1.0,21,1.0,25,1.0,21,comparable,comparable,-2.7,-2.7,False,1.0
Allegheny West,Downtown,residents,1,540.0,40.452309,-80.016453,40.440773,-79.999105,25.0,19.9,34.3,1.0,0,4.4,23.9,15.5,33.9,1.0,1,4.6,25.0,19.9,34.3,1.0,0,4.4,23.9,15.5,33.9,1.0,1,4.6,1.0,42,1.0,38,1.0,42,1.0,38,comparable,comparable,-1.1,-1.1,False,
Allegheny West,Oakland,residents,1,540.0,40.452309,-80.016453,40.439223,-79.964103,49.1,40.1,59.1,1.0,1,9.5,44.4,35.4,55.4,1.0,2,10.6,51.1,43.1,60.1,1.0,2,13.6,46.4,35.4,55.4,1.0,2,11.9,1.0,25,1.0,21,1.0,25,1.0,21,comparable,comparable,-4.7,-4.7,False,
Allentown,Downtown,residents,3,2305.0,40.421565,-79.99339,40.440773,-79.999105,31.4,18.4,50.4,1.0,0,7.8,29.4,19.4,46.0,1.0,0,7.5,31.4,18.4,50.4,1.0,0,8.0,29.4,19.4,46.0,1.0,0,7.5,1.0,42,1.0,38,1.0,42,1.0,38,comparable,comparable,-2.0,-2.0,False,2.0
Allentown,Oakland,residents,3,2305.0,40.421565,-79.99339,40.439223,-79.964103,47.1,33.1,65.1,1.0,0,10.9,44.4,35.4,53.4,1.0,1,8.4,48.1,33.1,65.1,1.0,0,12.3,44.4,35.4,54.4,1.0,1,8.4,1.0,25,1.0,21,1.0,25,1.0,21,comparable,comparable,-2.7,-3.7,False,2.0
"Ambridge borough (Beaver, PA)",Downtown,residents,9,11241.0,40.588574,-80.229419,40.440773,-79.999105,89.3,63.3,115.3,0.305,1,28.6,109.9,79.5,141.5,0.305,0,29.3,89.3,63.3,115.3,0.305,1,28.6,109.9,79.5,141.5,0.305,0,29.3,0.305,42,0.305,38,0.305,42,0.305,38,comparable,comparable,20.6,20.6,False,0.0
"Ambridge borough (Beaver, PA)",Oakland,residents,9,11241.0,40.588574,-80.229419,40.439223,-79.964103,113.1,87.1,138.1,0.305,2,33.2,130.4,99.4,162.4,0.305,1,33.9,113.1,87.1,138.1,0.305,2,33.2,130.4,99.4,162.4,0.305,2,37.1,0.305,25,0.305,21,0.305,25,0.305,21,comparable,comparable,17.3,17.3,False,0.0
Arlington-Arlington Heights,Downtown,residents,1,2666.0,40.414432,-79.972292,40.440773,-79.999105,44.4,34.4,60.5,1.0,1,12.1,39.4,32.4,50.4,1.0,1,9.0,44.4,34.4,60.5,1.0,1,13.1,40.0,32.4,53.0,1.0,1,8.4,1.0,42,1.0,38,1.0,42,1.0,38,comparable,comparable,-5.0,-4.4,False,
Arlington-Arlington Heights,Oakland,residents,1,2666.0,40.414432,-79.972292,40.439223,-79.964103,50.1,39.1,70.1,1.0,1,13.9,43.4,34.4,53.4,1.0,1,12.0,50.1,39.1,70.1,1.0,1,14.9,43.4,34.4,53.4,1.0,1,13.0,1.0,25,1.0,21,1.0,25,1.0,21,comparable,comparable,-6.7,-6.7,False,
"Aspinwall borough (Allegheny, PA)",Downtown,residents,4,2233.0,40.491972,-79.902038,40.440773,-79.999105,50.6,41.9,60.5,0.862,0,4.7,43.4,35.4,56.7,0.862,0,4.9,50.6,41.9,60.5,0.862,0,4.7,43.4,35.4,56.7,0.862,0,5.2,0.862,42,0.866,38,0.862,42,0.866,38,comparable,comparable,-7.2,-7.2,False,0.3
"Aspinwall borough (Allegheny, PA)",Oakland,residents,4,2233.0,40.491972,-79.902038,40.439223,-79.964103,66.1,51.1,80.1,0.862,0,9.0,50.9,43.7,60.9,0.862,2,10.7,66.1,51.1,80.1,0.862,0,8.1,51.7,43.7,61.7,0.862,2,10.7,0.862,25,0.866,21,0.862,25,0.866,21,comparable,comparable,-15.2,-14.4,False,0.0
"Avalon borough (Allegheny, PA)",Downtown,residents,5,4762.0,40.500737,-80.067039,40.440773,-79.999105,45.3,34.3,70.9,1.0,0,5.3,46.0,33.6,63.9,1.0,0,4.3,45.3,34.3,70.9,1.0,0,5.3,46.0,33.6,63.9,1.0,0,4.3,1.0,42,1.0,38,1.0,42,1.0,38,comparable,comparable,0.7,0.7,False,1.1
"Avalon borough (Allegheny, PA)",Oakland,residents,5,4762.0,40.500737,-80.067039,40.439223,-79.964103,70.1,57.1,93.1,1.0,1,10.0,68.4,56.4,88.4,1.0,1,12.0,74.1,58.1,104.1,1.0,2,15.2,69.4,56.4,88.4,1.0,1,13.0,1.0,25,1.0,21,1.0,25,1.0,21,comparable,comparable,-1.7,-4.7,False,1.0
"Baldwin borough (Allegheny, PA)",Downtown,residents,19,24115.0,40.357671,-79.978733,40.440773,-79.999105,67.4,35.4,112.4,0.63,0,18.9,62.4,41.4,131.4,0.287,0,13.7,70.4,35.4,114.4,0.63,0,21.7,62.4,41.4,131.4,0.287,0,13.7,0.739,42,0.295,38,0.739,42,0.295,38,comparable,comparable,-5.0,-8.0,False,17.0
"Baldwin borough (Allegheny, PA)",Oakland,residents,19,24115.0,40.357671,-79.978733,40.439223,-79.964103,88.1,54.1,131.1,0.63,1,24.8,84.4,54.4,154.4,0.287,1,19.1,91.1,54.1,131.1,0.63,1,29.6,84.4,54.4,154.4,0.287,1,21.2,0.739,25,0.295,21,0.739,25,0.295,21,comparable,comparable,-3.7,-6.7,False,13.0
Banksville,Downtown,residents,5,4568.0,40.409363,-80.03806,40.440773,-79.999105,45.2,26.2,79.6,0.449,1,13.8,52.4,23.3,89.4,0.449,1,12.3,45.5,26.2,82.2,0.449,1,13.8,52.4,23.3,89.4,0.449,1,12.4,0.449,42,0.449,38,0.449,42,0.449,38,comparable,comparable,7.2,6.9,False,16.6
Banksville,Oakland,residents,5,4568.0,40.409363,-80.03806,40.439223,-79.964103,67.1,46.1,105.1,0.449,1,18.4,67.4,37.4,109.4,0.449,1,18.3,72.1,53.1,110.1,0.449,2,23.3,67.4,37.4,109.4,0.449,1,20.5,0.449,25,0.449,21,0.449,25,0.449,21,comparable,comparable,0.3,-4.7,True,20.0
Bedford Dwellings,Downtown,stops,1,,40.450252,-79.973521,40.440773,-79.999105,36.4,16.4,57.4,1.0,0,17.8,30.4,15.4,44.5,1.0,0,8.8,36.4,16.4,57.4,1.0,0,17.8,30.4,15.4,44.5,1.0,0,9.8,1.0,42,1.0,38,1.0,42,1.0,38,comparable,comparable,-6.0,-6.0,False,
Bedford Dwellings,Oakland,stops,1,,40.450252,-79.973521,40.439223,-79.964103,37.0,22.0,50.0,1.0,0,12.3,28.3,20.3,35.4,1.0,0,5.3,37.0,22.0,50.0,1.0,0,12.3,28.3,20.3,38.6,1.0,0,6.1,1.0,25,1.0,21,1.0,25,1.0,21,comparable,comparable,-8.7,-8.7,False,
Beechview,Downtown,residents,11,8683.0,40.408216,-80.026557,40.440773,-79.999105,38.4,24.4,99.4,0.853,0,8.5,33.4,22.0,67.6,0.853,0,6.7,38.4,24.4,99.4,0.853,0,8.4,33.4,22.0,67.6,0.853,0,6.7,0.853,42,0.853,38,0.853,42,0.853,38,comparable,comparable,-5.0,-5.0,False,5.8
Beechview,Oakland,residents,11,8683.0,40.408216,-80.026557,40.439223,-79.964103,62.1,46.1,124.1,0.853,1,13.6,49.4,35.4,78.4,0.853,1,10.0,64.1,48.1,124.1,0.853,1,15.5,50.4,35.4,78.4,0.853,1,10.8,0.853,25,0.853,21,0.853,25,0.853,21,comparable,comparable,-12.7,-13.7,False,15.0
"Bellevue borough (Allegheny, PA)",Downtown,residents,8,9301.0,40.49598,-80.053318,40.440773,-79.999105,43.3,26.7,87.9,1.0,0,6.4,43.9,26.6,101.9,1.0,0,5.9,43.3,26.7,87.9,1.0,0,6.4,43.9,26.6,101.9,1.0,0,5.9,1.0,42,1.0,38,1.0,42,1.0,38,comparable,comparable,0.6,0.6,False,6.3
"Bellevue borough (Allegheny, PA)",Oakland,residents,8,9301.0,40.49598,-80.053318,40.439223,-79.964103,68.1,51.1,117.1,1.0,1,11.1,67.4,50.4,123.4,1.0,1,14.0,72.1,51.1,117.1,1.0,2,15.5,68.4,50.4,123.4,1.0,1,15.5,1.0,25,1.0,21,1.0,25,1.0,21,comparable,comparable,-0.7,-3.7,False,6.8
Beltzhoover,Downtown,residents,3,2394.0,40.419389,-80.0023,40.440773,-79.999105,32.9,20.4,66.4,1.0,0,7.8,29.4,17.4,51.4,1.0,0,6.9,33.4,20.4,66.4,1.0,0,7.7,30.0,17.4,51.4,1.0,0,7.0,1.0,42,1.0,38,1.0,42,1.0,38,comparable,comparable,-3.5,-3.4,False,4.5
Beltzhoover,Oakland,residents,3,2394.0,40.419389,-80.0023,40.439223,-79.964103,48.1,34.1,74.1,1.0,0,9.3,44.4,34.4,58.4,1.0,1,7.3,49.1,34.1,74.1,1.0,0,10.0,44.4,34.4,58.4,1.0,1,7.3,1.0,25,1.0,21,1.0,25,1.0,21,comparable,comparable,-3.7,-4.7,False,0.0
"Ben Avon borough (Allegheny, PA)",Downtown,residents,3,2318.0,40.507671,-80.079789,40.440773,-79.999105,52.9,40.3,88.3,0.827,0,9.3,51.9,40.6,71.6,0.827,0,6.4,52.9,40.3,88.3,0.827,0,9.3,51.9,40.6,71.6,0.827,0,6.4,0.827,42,0.827,38,0.827,42,0.827,38,comparable,comparable,-1.0,-1.0,False,1.7
"Ben Avon borough (Allegheny, PA)",Oakland,residents,3,2318.0,40.507671,-80.079789,40.439223,-79.964103,76.1,64.1,111.1,0.827,1,13.4,74.4,64.4,93.4,0.827,1,14.3,79.1,64.1,111.1,0.827,2,15.5,75.4,64.4,93.4,0.827,1,15.3,0.827,25,0.827,21,0.827,25,0.827,21,comparable,comparable,-1.7,-3.7,False,1.0
"Bethel Park municipality (Allegheny, PA)",Downtown,residents,12,16520.0,40.341163,-80.046801,40.440773,-79.999105,55.5,43.5,93.6,0.431,0,8.8,50.0,40.0,75.0,0.323,0,7.9,55.5,43.5,96.2,0.431,0,8.9,50.0,40.0,75.0,0.323,0,7.9,0.431,42,0.323,38,0.431,42,0.323,38,comparable,comparable,-5.5,-5.5,False,4.7
"Bethel Park municipality (Allegheny, PA)",Oakland,residents,12,16520.0,40.341163,-80.046801,40.439223,-79.964103,79.1,63.1,119.1,0.431,1,13.8,69.4,56.4,91.4,0.323,1,12.9,81.1,66.1,124.1,0.431,2,17.1,70.4,57.4,97.4,0.323,1,13.6,0.431,25,0.323,21,0.431,25,0.323,21,comparable,comparable,-9.7,-10.7,False,5.0
"Blawnox borough (Allegheny, PA)",Downtown,residents,1,1454.0,40.493776,-79.861542,40.440773,-79.999105,65.9,46.9,81.9,1.0,0,12.3,53.4,40.4,80.5,1.0,0,9.3,65.9,46.9,81.9,1.0,0,12.3,53.7,40.4,80.7,1.0,0,10.3,1.0,42,1.0,38,1.0,42,1.0,38,comparable,comparable,-12.5,-12.2,False,
"Blawnox borough (Allegheny, PA)",Oakland,residents,1,1454.0,40.493776,-79.861542,40.439223,-79.964103,83.1,59.2,106.1,1.0,1,16.6,57.7,48.7,83.7,1.0,2,12.3,83.2,59.2,110.1,1.0,1,20.7,58.7,48.7,83.7,1.0,2,12.8,1.0,25,1.0,21,1.0,25,1.0,21,comparable,comparable,-25.4,-24.5,False,
Bloomfield,Downtown,residents,8,6514.0,40.460603,-79.948051,40.440773,-79.999105,31.0,20.7,43.5,1.0,1,5.5,28.5,16.7,40.5,1.0,0,4.4,31.9,20.7,52.5,1.0,0,4.9,28.5,16.7,40.5,1.0,0,4.4,1.0,42,1.0,38,1.0,42,1.0,38,comparable,comparable,-2.5,-3.4,False,2.8
Bloomfield,Oakland,residents,8,6514.0,40.460603,-79.948051,40.439223,-79.964103,31.1,17.1,44.1,1.0,0,5.2,28.7,17.7,44.7,1.0,0,5.4,31.1,17.1,45.1,1.0,0,5.7,29.2,17.7,44.7,1.0,0,5.8,1.0,25,1.0,21,1.0,25,1.0,21,comparable,comparable,-2.4,-1.9,False,4.0
Bluff,Downtown,residents,3,5882.0,40.435976,-79.990425,40.440773,-79.999105,15.0,11.0,22.1,1.0,0,1.8,13.5,9.9,20.0,1.0,0,1.9,15.0,11.0,22.1,1.0,0,1.8,13.5,9.9,20.0,1.0,0,1.9,1.0,42,1.0,38,1.0,42,1.0,38,comparable,comparable,-1.5,-1.5,False,0.6
Bluff,Oakland,residents,3,5882.0,40.435976,-79.990425,40.439223,-79.964103,24.1,15.1,35.1,1.0,0,2.6,23.4,13.4,37.2,1.0,0,3.7,24.1,15.1,35.1,1.0,0,2.6,23.4,13.4,37.2,1.0,0,3.6,1.0,25,1.0,21,1.0,25,1.0,21,comparable,comparable,-0.7,-0.7,False,3.8
Bon Air,Downtown,residents,1,759.0,40.408023,-79.99938,40.440773,-79.999105,42.4,32.4,56.5,1.0,1,11.2,47.0,37.0,55.0,1.0,1,14.7,42.4,32.4,56.5,1.0,1,12.2,47.0,37.0,55.0,1.0,1,17.2,1.0,42,1.0,38,1.0,42,1.0,38,comparable,comparable,4.6,4.6,False,
Bon Air,Oakland,residents,1,759.0,40.408023,-79.99938,40.439223,-79.964103,47.1,29.1,69.1,1.0,0,13.5,66.4,53.4,76.4,1.0,2,19.7,47.1,29.1,69.1,1.0,0,13.5,68.4,59.4,76.4,1.0,2,23.7,1.0,25,1.0,21,1.0,25,1.0,21,comparable,comparable,19.3,21.3,False,
"Brackenridge borough (Allegheny, PA)",Downtown,residents,4,3240.0,40.60841,-79.741433,40.440773,-79.999105,80.7,67.0,100.7,0.21,1,11.9,142.5,84.4,188.5,1.0,2,35.1,80.7,67.0,100.7,0.21,1,11.9,142.7,84.4,188.7,1.0,2,40.5,0.713,42,1.0,38,0.713,42,1.0,38,comparable,comparable,61.8,62.0,False,3.0
"Brackenridge borough (Allegheny, PA)",Oakland,residents,4,3240.0,40.60841,-79.741433,40.439223,-79.964103,98.1,83.4,118.1,0.21,1,12.7,141.7,92.7,191.7,1.0,2,34.1,100.1,83.4,120.1,0.21,2,22.4,145.7,92.7,191.7,1.0,2,38.7,0.713,25,1.0,21,0.713,25,1.0,21,comparable,comparable,43.6,45.6,False,3.0
"Braddock Hills borough (Allegheny, PA)",Downtown,residents,3,2699.0,40.420033,-79.867936,40.440773,-79.999105,53.7,39.6,99.7,0.641,1,10.7,58.5,43.5,90.5,0.641,1,14.5,53.7,39.6,99.7,0.641,1,11.7,58.5,43.5,90.5,0.641,1,15.1,0.641,42,0.641,38,0.641,42,0.641,38,comparable,comparable,4.8,4.8,False,4.3
"Braddock Hills borough (Allegheny, PA)",Oakland,residents,3,2699.0,40.420033,-79.867936,40.439223,-79.964103,63.1,52.1,112.1,0.641,0,7.4,62.7,44.7,93.7,0.641,1,10.7,63.1,52.1,112.1,0.641,0,7.6,62.7,44.7,93.7,0.641,1,10.7,0.641,25,0.641,21,0.641,25,0.641,21,comparable,comparable,-0.4,-0.4,False,2.0
"Braddock borough (Allegheny, PA)",Downtown,residents,2,1721.0,40.405201,-79.868826,40.440773,-79.999105,49.0,38.0,66.0,1.0,1,11.8,52.5,40.5,64.5,1.0,1,11.8,49.0,38.0,66.0,1.0,1,12.0,52.5,40.5,64.5,1.0,1,12.5,1.0,42,1.0,38,1.0,42,1.0,38,comparable,comparable,3.5,3.5,False,3.0
"Braddock borough (Allegheny, PA)",Oakland,residents,2,1721.0,40.405201,-79.868826,40.439223,-79.964103,55.1,44.1,65.1,1.0,0,6.6,58.7,41.2,70.7,1.0,2,13.5,55.1,44.1,65.1,1.0,0,6.6,58.7,41.2,70.7,1.0,2,14.1,1.0,25,1.0,21,1.0,25,1.0,21,comparable,comparable,3.6,3.6,False,4.0
"Brentwood borough (Allegheny, PA)",Downtown,residents,7,10082.0,40.375026,-79.97637,40.440773,-79.999105,47.4,28.4,76.4,0.789,0,5.3,46.4,28.4,60.4,0.789,0,8.9,47.4,28.4,76.4,0.789,0,5.3,46.4,28.4,60.4,0.789,0,8.9,0.789,42,0.789,38,0.789,42,0.789,38,comparable,comparable,-1.0,-1.0,False,7.0
"Brentwood borough (Allegheny, PA)",Oakland,residents,7,10082.0,40.375026,-79.97637,40.439223,-79.964103,63.1,44.1,91.1,0.789,1,13.3,58.4,43.4,82.4,0.789,1,10.6,64.1,44.1,91.1,0.789,1,15.2,62.4,43.4,82.4,0.789,1,12.8,0.789,25,0.789,21,0.789,25,0.789,21,comparable,comparable,-4.7,-1.7,False,4.1
"Bridgeville borough (Allegheny, PA)",Downtown,residents,8,7751.0,40.352389,-80.114937,40.440773,-79.999105,78.4,47.7,125.4,0.457,0,21.1,73.3,51.6,100.3,0.293,0,16.1,79.4,47.7,128.4,0.457,0,21.4,73.3,51.6,100.3,0.293,0,16.1,0.457,42,0.293,38,0.457,42,0.293,38,comparable,comparable,-5.1,-6.1,False,25.7
"Bridgeville borough (Allegheny, PA)",Oakland,residents,8,7751.0,40.352389,-80.114937,40.439223,-79.964103,102.1,73.1,150.1,0.457,2,28.2,88.4,62.4,121.4,0.293,1,23.1,105.1,73.1,155.1,0.457,1,27.2,88.4,62.4,121.4,0.293,1,23.1,0.457,25,0.293,21,0.457,25,0.293,21,comparable,comparable,-13.7,-16.7,False,22.0
Brighton Heights,Downtown,residents,7,7105.0,40.482866,-80.037057,40.440773,-79.999105,38.9,28.9,54.9,0.873,0,5.4,39.0,27.5,61.9,0.873,0,5.8,38.9,28.9,54.9,0.873,0,5.3,39.0,27.5,61.9,0.873,0,5.8,0.873,42,0.873,38,0.873,42,0.873,38,comparable,comparable,0.1,0.1,False,2.9
Brighton Heights,Oakland,residents,7,7105.0,40.482866,-80.037057,40.439223,-79.964103,63.1,49.1,84.1,0.873,1,9.9,61.4,47.4,83.4,0.873,1,12.8,69.1,53.1,84.1,0.873,2,15.9,62.4,47.4,83.4,0.873,1,13.9,0.873,25,0.873,21,0.873,25,0.873,21,comparable,comparable,-1.7,-6.7,False,3.8
Brookline,Downtown,residents,17,16504.0,40.391505,-80.015693,40.440773,-79.999105,48.4,26.4,79.4,0.67,1,13.3,47.4,24.4,96.4,0.674,0,14.5,49.4,26.4,80.4,0.67,0,13.8,47.6,24.4,96.4,0.674,0,14.7,0.67,42,0.674,38,0.67,42,0.674,38,comparable,comparable,-1.0,-1.8,False,8.0
Brookline,Oakland,residents,17,16504.0,40.391505,-80.015693,40.439223,-79.964103,75.1,52.1,107.1,0.67,2,18.5,65.4,43.4,116.4,0.674,1,17.4,76.1,52.1,107.1,0.67,2,20.0,66.4,43.4,116.4,0.674,1,19.7,0.67,25,0.674,21,0.67,25,0.674,21,comparable,comparable,-9.7,-9.7,False,8.0
California-Kirkbride,Downtown,residents,1,709.0,40.460042,-80.021645,40.440773,-79.999105,28.9,20.9,39.9,1.0,0,3.2,31.9,16.5,42.0,1.0,0,5.2,28.9,20.9,39.9,1.0,0,3.2,31.9,16.5,42.0,1.0,0,5.2,1.0,42,1.0,38,1.0,42,1.0,38,comparable,comparable,3.0,3.0,False,
California-Kirkbride,Oakland,residents,1,709.0,40.460042,-80.021645,40.439223,-79.964103,53.1,44.1,64.1,1.0,1,8.1,53.4,36.4,66.4,1.0,1,11.8,56.1,47.1,67.1,1.0,2,13.5,54.4,36.4,66.4,1.0,1,12.5,1.0,25,1.0,21,1.0,25,1.0,21,comparable,comparable,0.3,-1.7,True,
"Carnegie borough (Allegheny, PA)",Downtown,residents,10,9449.0,40.407259,-80.088683,40.440773,-79.999105,54.7,31.7,79.7,0.284,0,13.4,58.3,29.6,108.6,0.379,1,16.2,54.7,31.7,79.7,0.284,0,13.4,58.3,29.6,108.6,0.379,1,17.4,0.315,42,0.379,38,0.315,42,0.379,38,comparable,comparable,3.6,3.6,False,3.0
"Carnegie borough (Allegheny, PA)",Oakland,residents,10,9449.0,40.407259,-80.088683,40.439223,-79.964103,77.1,46.1,105.1,0.284,1,18.5,76.4,40.4,122.4,0.379,1,22.3,77.1,46.1,105.1,0.284,1,18.5,76.4,40.4,122.4,0.379,1,24.4,0.315,25,0.379,21,0.315,25,0.379,21,comparable,comparable,-0.7,-0.7,False,0.0
Carrick,Downtown,residents,12,10290.0,40.393764,-79.985327,40.440773,-79.999105,38.4,29.9,87.4,0.91,0,3.3,40.4,27.4,54.4,0.824,0,8.0,38.4,29.9,101.4,0.91,0,3.3,40.4,27.4,54.4,0.824,0,8.0,0.91,42,0.824,38,0.91,42,0.824,38,comparable,comparable,2.0,2.0,False,1.0
Carrick,Oakland,residents,12,10290.0,40.393764,-79.985327,40.439223,-79.964103,50.1,35.1,96.1,0.91,1,11.2,47.1,32.4,65.4,0.824,0,8.2,51.1,35.1,118.1,0.91,1,13.8,49.4,32.4,68.4,0.824,0,9.7,0.91,25,0.824,21,0.91,25,0.824,21,comparable,comparable,-3.0,-1.7,False,2.0
"Castle Shannon borough (Allegheny, PA)",Downtown,residents,6,6146.0,40.367682,-80.026548,40.440773,-79.999105,51.5,40.5,66.5,0.383,0,7.5,48.0,38.0,55.0,0.383,0,5.8,51.5,40.5,66.5,0.383,0,7.5,48.0,38.0,55.0,0.383,0,5.8,0.383,42,0.383,38,0.383,42,0.383,38,comparable,comparable,-3.5,-3.5,False,2.0
"Castle Shannon borough (Allegheny, PA)",Oakland,residents,6,6146.0,40.367682,-80.026548,40.439223,-79.964103,75.1,61.1,88.1,0.383,1,11.8,67.1,55.4,74.4,0.383,1,10.2,77.1,63.1,95.1,0.383,1,14.1,67.4,55.4,74.4,0.383,1,11.2,0.383,25,0.383,21,0.383,25,0.383,21,comparable,comparable,-8.0,-9.7,False,4.0
Central Business District,Oakland,residents,5,4729.0,40.441236,-80.000707,40.439223,-79.964103,28.1,21.0,37.1,1.0,0,2.8,25.4,17.4,32.2,1.0,0,2.2,28.1,21.1,38.1,1.0,0,2.8,25.4,17.4,32.2,1.0,0,2.2,1.0,25,1.0,21,1.0,25,1.0,21,comparable,comparable,-2.7,-2.7,False,2.0
Central Lawrenceville,Downtown,residents,6,4720.0,40.470735,-79.958834,40.440773,-79.999105,35.5,25.5,53.7,0.999,0,5.7,29.7,20.7,52.5,0.999,0,5.8,35.5,25.5,59.9,0.999,0,5.6,29.7,20.7,52.5,0.999,0,6.1,0.999,42,0.999,38,0.999,42,0.999,38,comparable,comparable,-5.8,-5.8,False,4.6
Central Lawrenceville,Oakland,residents,6,4720.0,40.470735,-79.958834,40.439223,-79.964103,42.1,23.2,60.2,0.999,0,8.3,37.2,20.2,56.4,0.999,0,7.6,42.2,23.2,61.2,0.999,0,9.0,37.7,20.2,60.2,0.999,0,8.9,0.999,25,0.999,21,0.999,25,0.999,21,comparable,comparable,-4.9,-4.5,False,8.3
Central Northside,Downtown,stops,1,,40.456855,-80.010544,40.440773,-79.999105,21.9,16.9,28.9,1.0,0,2.3,22.0,16.9,33.0,1.0,0,3.1,21.9,16.9,28.9,1.0,0,2.3,22.0,16.9,33.0,1.0,0,3.1,1.0,42,1.0,38,1.0,42,1.0,38,comparable,comparable,0.1,0.1,False,
Central Northside,Oakland,stops,1,,40.456855,-80.010544,40.439223,-79.964103,46.1,37.1,56.1,1.0,1,7.2,43.4,35.4,57.4,1.0,1,8.4,49.1,38.1,59.1,1.0,1,12.1,45.4,35.4,57.4,1.0,1,11.6,1.0,25,1.0,21,1.0,25,1.0,21,comparable,comparable,-2.7,-3.7,False,
Central Oakland,Downtown,residents,2,3781.0,40.439152,-79.956401,40.440773,-79.999105,26.0,21.0,32.0,1.0,0,2.1,22.5,16.5,26.5,1.0,0,2.1,26.0,21.0,32.0,1.0,0,2.1,22.5,16.5,26.5,1.0,0,2.1,1.0,42,1.0,38,1.0,42,1.0,38,comparable,comparable,-3.5,-3.5,False,1.0
Chartiers City,Downtown,residents,1,1079.0,40.454753,-80.071261,40.440773,-79.999105,42.2,28.2,57.2,1.0,0,8.0,58.7,38.7,82.6,1.0,1,24.6,42.3,28.3,57.3,1.0,0,8.0,64.6,38.7,99.6,1.0,1,29.7,1.0,42,1.0,38,1.0,42,1.0,38,comparable,comparable,16.5,22.3,False,
Chartiers City,Oakland,residents,1,1079.0,40.454753,-80.071261,40.439223,-79.964103,65.1,51.1,79.1,1.0,1,13.7,77.4,54.4,101.4,1.0,2,29.7,66.1,51.1,80.1,1.0,1,20.4,85.4,62.4,117.4,1.0,2,36.5,1.0,25,1.0,21,1.0,25,1.0,21,comparable,comparable,12.3,19.3,False,
Chateau,Downtown,stops,1,,40.453492,-80.02654,40.440773,-79.999105,35.9,23.9,51.9,1.0,0,8.8,33.9,18.9,48.9,1.0,0,13.7,35.9,23.9,51.9,1.0,0,8.8,33.9,18.9,48.9,1.0,0,13.7,1.0,42,1.0,38,1.0,42,1.0,38,comparable,comparable,-2.0,-2.0,False,
Chateau,Oakland,stops,1,,40.453492,-80.02654,40.439223,-79.964103,61.1,49.0,80.1,1.0,1,14.3,56.4,41.4,73.2,1.0,1,20.0,64.1,49.1,80.1,1.0,2,19.2,56.4,41.4,73.4,1.0,1,23.6,1.0,25,1.0,21,1.0,25,1.0,21,comparable,comparable,-4.7,-7.7,False,
"Cheswick borough (Allegheny, PA)",Downtown,residents,2,2503.0,40.54702,-79.802168,40.440773,-79.999105,73.9,50.7,103.9,0.668,0,14.3,80.7,62.4,109.5,0.668,0,12.3,73.9,50.7,103.9,0.668,0,14.3,81.4,62.4,109.7,0.668,0,12.3,0.668,42,0.668,38,0.668,42,0.668,38,comparable,comparable,6.8,7.5,False,
"Cheswick borough (Allegheny, PA)",Oakland,residents,2,2503.0,40.54702,-79.802168,40.439223,-79.964103,91.4,67.4,128.1,0.668,1,19.4,85.7,70.7,112.7,0.668,2,17.8,92.2,67.4,132.1,0.668,2,25.0,85.7,70.7,112.7,0.668,2,17.8,0.668,25,0.668,21,0.668,25,0.668,21,comparable,comparable,-5.7,-6.5,False,
"Churchill borough (Allegheny, PA)",Downtown,residents,3,3157.0,40.438365,-79.844421,40.440773,-79.999105,45.7,33.7,96.0,0.245,0,10.3,48.0,38.7,75.0,0.245,0,8.8,45.7,33.7,96.0,0.245,0,10.3,48.0,38.7,75.0,0.245,0,8.8,0.245,42,0.245,38,0.245,42,0.245,38,comparable,comparable,2.3,2.3,False,
"Churchill borough (Allegheny, PA)",Oakland,residents,3,3157.0,40.438365,-79.844421,40.439223,-79.964103,62.1,50.1,86.1,0.245,1,11.6,60.7,49.7,86.7,0.245,2,16.5,62.4,50.1,86.1,0.245,1,11.8,60.7,49.7,86.7,0.245,2,19.5,0.245,25,0.245,21,0.245,25,0.245,21,comparable,comparable,-1.4,-1.7,False,
"Clairton city (Allegheny, PA)",Downtown,residents,6,6085.0,40.294055,-79.883627,40.440773,-79.999105,83.4,58.4,109.4,0.717,0,15.3,96.4,68.4,133.4,0.717,0,14.3,83.4,58.4,109.4,0.717,0,15.6,96.4,68.4,133.4,0.717,0,14.3,0.717,42,0.717,38,0.717,42,0.717,38,comparable,comparable,13.0,13.0,False,2.7
"Clairton city (Allegheny, PA)",Oakland,residents,6,6085.0,40.294055,-79.883627,40.439223,-79.964103,107.1,85.1,131.1,0.717,1,17.2,112.4,91.4,154.2,0.717,1,16.8,107.1,85.1,131.1,0.717,1,18.2,112.4,91.4,154.7,0.717,1,18.2,0.717,25,0.717,21,0.717,25,0.717,21,comparable,comparable,5.3,5.3,False,5.0
"Collier township (Allegheny, PA)",Downtown,residents,1,2538.0,40.384938,-80.111752,40.440773,-79.999105,,,,0.0,,,,,,0.0,,,,,,0.0,,,,,,0.0,,,0.0,42,0.0,38,0.0,42,0.0,38,no_origin_coverage,no_origin_coverage,,,,
"Collier township (Allegheny, PA)",Oakland,residents,1,2538.0,40.384938,-80.111752,40.439223,-79.964103,,,,0.0,,,,,,0.0,,,,,,0.0,,,,,,0.0,,,0.0,25,0.0,21,0.0,25,0.0,21,no_origin_coverage,no_origin_coverage,,,,
"Coraopolis borough (Allegheny, PA)",Downtown,residents,6,6858.0,40.512688,-80.164235,40.440773,-79.999105,67.2,48.2,85.2,0.495,0,13.7,71.7,50.7,93.7,0.495,0,19.5,67.3,48.3,85.3,0.495,0,13.7,71.7,50.7,93.7,0.495,0,19.5,0.495,42,0.495,38,0.495,42,0.495,38,comparable,comparable,4.5,4.4,False,1.0
"Coraopolis borough (Allegheny, PA)",Oakland,residents,6,6858.0,40.512688,-80.164235,40.439223,-79.964103,93.1,69.1,113.1,0.495,1,20.2,89.4,64.4,116.4,0.495,1,23.5,93.1,69.1,113.1,0.495,1,23.3,89.4,64.4,116.4,0.495,1,23.5,0.495,25,0.495,21,0.495,25,0.495,21,comparable,comparable,-3.7,-3.7,False,2.0
Crafton Heights,Downtown,residents,4,3999.0,40.444526,-80.053685,40.440773,-79.999105,38.2,22.2,67.7,0.79,0,12.1,32.7,20.7,58.6,0.79,0,8.3,38.3,22.3,67.7,0.79,0,12.1,32.7,20.7,58.6,0.79,0,8.1,0.79,42,0.79,38,0.79,42,0.79,38,comparable,comparable,-5.5,-5.6,False,6.5
Crafton Heights,Oakland,residents,4,3999.0,40.444526,-80.053685,40.439223,-79.964103,62.1,45.1,91.1,0.79,1,17.8,52.4,38.4,76.4,0.79,1,13.9,62.1,45.1,91.1,0.79,1,19.2,52.4,38.4,76.4,0.79,1,13.9,0.79,25,0.79,21,0.79,25,0.79,21,comparable,comparable,-9.7,-9.7,False,7.0
"Crafton borough (Allegheny, PA)",Downtown,residents,4,5144.0,40.435475,-80.066985,40.440773,-79.999105,41.7,27.2,73.2,0.704,1,11.9,34.7,21.7,61.6,0.704,0,8.2,42.7,27.3,73.3,0.704,1,12.6,34.7,21.7,61.6,0.704,0,8.4,0.704,42,0.704,38,0.704,42,0.704,38,comparable,comparable,-7.0,-8.0,False,7.0
"Crafton borough (Allegheny, PA)",Oakland,residents,4,5144.0,40.435475,-80.066985,40.439223,-79.964103,62.1,44.1,98.1,0.704,1,17.2,53.4,35.4,79.4,0.704,1,13.2,63.1,44.1,99.1,0.704,1,19.6,54.4,35.4,79.4,0.704,1,13.6,0.704,25,0.704,21,0.704,25,0.704,21,comparable,comparable,-8.7,-8.7,False,12.0
Crawford-Roberts,Downtown,residents,3,3041.0,40.441945,-79.985137,40.440773,-79.999105,16.4,11.0,30.4,1.0,0,2.1,14.5,8.4,28.4,1.0,0,3.0,16.4,11.0,30.4,1.0,0,2.1,14.5,8.4,28.4,1.0,0,3.0,1.0,42,1.0,38,1.0,42,1.0,38,comparable,comparable,-1.9,-1.9,False,2.5
Crawford-Roberts,Oakland,residents,3,3041.0,40.441945,-79.985137,40.439223,-79.964103,27.1,16.3,43.1,1.0,0,3.6,24.4,17.4,40.3,1.0,0,3.5,27.1,16.3,43.1,1.0,0,3.6,24.4,17.6,40.6,1.0,0,3.5,1.0,25,1.0,21,1.0,25,1.0,21,comparable,comparable,-2.7,-2.7,False,4.0
"Dormont borough (Allegheny, PA)",Downtown,residents,7,7302.0,40.393012,-80.036766,40.440773,-79.999105,41.4,30.2,101.4,0.893,0,8.3,37.0,26.3,57.0,0.893,0,6.9,41.4,30.2,101.4,0.893,0,8.2,37.0,26.3,57.0,0.893,0,6.9,0.893,42,0.893,38,0.893,42,0.893,38,comparable,comparable,-4.4,-4.4,False,8.3
"Dormont borough (Allegheny, PA)",Oakland,residents,7,7302.0,40.393012,-80.036766,40.439223,-79.964103,67.1,49.1,126.1,0.893,1,15.1,52.4,40.4,74.4,0.893,0,9.0,68.1,54.1,126.1,0.893,1,14.8,52.4,40.4,74.4,0.893,0,9.7,0.893,25,0.893,21,0.893,25,0.893,21,comparable,comparable,-14.7,-15.7,False,13.0
"Dravosburg borough (Allegheny, PA)",Downtown,residents,2,1612.0,40.351074,-79.89035,40.440773,-79.999105,65.1,42.1,85.4,0.607,0,15.8,60.9,41.9,80.9,0.607,0,16.8,65.1,42.1,85.4,0.607,0,15.8,60.9,41.9,80.9,0.607,0,16.8,0.607,42,0.607,38,0.607,42,0.607,38,comparable,comparable,-4.2,-4.2,False,
"Dravosburg borough (Allegheny, PA)",Oakland,residents,2,1612.0,40.351074,-79.89035,40.439223,-79.964103,71.1,47.1,96.1,0.607,1,17.9,80.2,61.4,95.2,0.607,1,17.4,75.1,47.1,96.1,0.607,1,23.8,80.2,61.4,95.2,0.607,1,19.1,0.607,25,0.607,21,0.607,25,0.607,21,comparable,comparable,9.1,5.1,False,
Duquesne Heights,Downtown,residents,1,1462.0,40.437965,-80.023858,40.440773,-79.999105,51.4,33.4,72.4,1.0,0,17.2,52.4,33.3,77.4,1.0,0,18.4,51.4,33.4,72.4,1.0,0,17.2,52.4,33.3,77.4,1.0,0,18.4,1.0,42,1.0,38,1.0,42,1.0,38,comparable,comparable,1.0,1.0,False,
Duquesne Heights,Oakland,residents,1,1462.0,40.437965,-80.023858,40.439223,-79.964103,78.0,56.0,102.1,1.0,2,22.0,73.1,54.4,103.4,1.0,3,29.4,78.1,56.2,104.1,1.0,1,24.0,73.4,54.4,103.4,1.0,1,25.2,1.0,25,1.0,21,1.0,25,1.0,21,comparable,comparable,-4.9,-4.7,False,
"Duquesne city (Allegheny, PA)",Downtown,residents,6,5254.0,40.371702,-79.853699,40.440773,-79.999105,63.1,47.0,114.0,1.0,1,11.4,70.5,48.7,98.5,1.0,0,7.1,63.1,47.0,114.0,1.0,1,12.7,70.5,48.7,98.5,1.0,0,7.1,1.0,42,1.0,38,1.0,42,1.0,38,comparable,comparable,7.4,7.4,False,16.0
"Duquesne city (Allegheny, PA)",Oakland,residents,6,5254.0,40.371702,-79.853699,40.439223,-79.964103,69.1,56.1,110.1,1.0,1,9.4,67.7,56.7,93.7,1.0,1,7.2,69.1,56.1,110.1,1.0,1,9.7,67.7,56.7,93.7,1.0,1,7.3,1.0,25,1.0,21,1.0,25,1.0,21,comparable,comparable,-1.4,-1.4,False,13.0
East Allegheny,Downtown,residents,2,1903.0,40.45516,-79.998722,40.440773,-79.999105,20.9,14.9,33.2,1.0,0,3.1,18.9,11.3,30.0,1.0,0,2.2,20.9,14.9,33.2,1.0,0,3.1,18.9,11.3,30.0,1.0,0,2.2,1.0,42,1.0,38,1.0,42,1.0,38,comparable,comparable,-2.0,-2.0,False,3.9
East Allegheny,Oakland,residents,2,1903.0,40.45516,-79.998722,40.439223,-79.964103,46.1,34.1,58.1,1.0,1,7.5,40.4,31.4,54.4,1.0,1,7.5,48.1,34.1,60.1,1.0,1,11.5,42.4,31.4,55.4,1.0,1,9.5,1.0,25,1.0,21,1.0,25,1.0,21,comparable,comparable,-5.7,-5.7,False,2.0
East Carnegie,Downtown,residents,1,491.0,40.417421,-80.073069,40.440773,-79.999105,63.7,41.7,82.7,1.0,0,19.5,52.6,40.7,73.3,1.0,1,13.5,63.7,41.7,82.7,1.0,0,19.5,52.6,40.7,73.3,1.0,1,13.5,1.0,42,1.0,38,1.0,42,1.0,38,comparable,comparable,-11.1,-11.1,False,
East Carnegie,Oakland,residents,1,491.0,40.417421,-80.073069,40.439223,-79.964103,86.1,62.1,108.1,1.0,1,25.6,70.4,53.4,94.4,1.0,1,19.7,86.1,62.1,108.1,1.0,1,25.6,70.4,53.4,94.4,1.0,1,19.7,1.0,25,1.0,21,1.0,25,1.0,21,comparable,comparable,-15.7,-15.7,False,
"East Deer township (Allegheny, PA)",Downtown,residents,5,6262.0,40.579371,-79.76757,40.440773,-79.999105,97.9,64.0,123.9,0.238,0,14.8,135.5,81.4,176.5,1.0,2,35.1,97.9,64.0,123.9,0.238,0,14.8,135.7,81.4,176.7,1.0,2,38.2,0.238,42,1.0,38,0.238,42,1.0,38,comparable,comparable,37.6,37.8,False,
"East Deer township (Allegheny, PA)",Oakland,residents,5,6262.0,40.579371,-79.76757,40.439223,-79.964103,116.1,80.4,148.1,0.238,1,18.7,135.7,89.7,179.7,1.0,2,36.9,118.1,80.4,152.1,0.238,2,23.5,138.7,89.7,179.7,1.0,2,38.9,0.238,25,1.0,21,0.238,25,1.0,21,comparable,comparable,19.6,20.6,False,
East Hills,Downtown,residents,4,4472.0,40.456272,-79.875546,40.440773,-79.999105,56.0,36.7,94.0,1.0,1,13.7,55.5,38.5,78.7,1.0,1,15.4,58.0,36.7,94.0,1.0,1,17.2,55.5,38.5,78.7,1.0,1,16.1,1.0,42,1.0,38,1.0,42,1.0,38,comparable,comparable,-0.5,-2.5,False,10.0
East Hills,Oakland,residents,4,4472.0,40.456272,-79.875546,40.439223,-79.964103,68.4,47.4,95.1,1.0,2,18.8,62.7,40.9,84.7,1.0,1,19.1,69.4,47.4,98.1,1.0,2,20.7,62.7,41.8,91.4,1.0,2,21.1,1.0,25,1.0,21,1.0,25,1.0,21,comparable,comparable,-5.7,-6.7,False,11.0
East Liberty,Downtown,residents,7,6187.0,40.46526,-79.925419,40.440773,-79.999105,34.9,25.7,50.0,1.0,1,7.2,35.5,26.5,51.0,1.0,1,7.0,41.0,28.0,60.0,1.0,0,5.7,37.7,26.7,52.5,1.0,0,5.4,1.0,42,1.0,38,1.0,42,1.0,38,comparable,comparable,0.6,-3.3,True,5.7
East Liberty,Oakland,residents,7,6187.0,40.46526,-79.925419,40.439223,-79.964103,39.1,27.1,53.1,1.0,0,5.0,34.7,24.7,46.7,1.0,0,4.4,39.1,27.1,53.1,1.0,0,5.3,35.3,24.7,46.7,1.0,1,5.4,1.0,25,1.0,21,1.0,25,1.0,21,comparable,comparable,-4.4,-3.8,False,4.0
"East McKeesport borough (Allegheny, PA)",Downtown,residents,1,1274.0,40.381986,-79.810447,40.440773,-79.999105,60.0,47.0,76.0,0.542,0,13.4,72.4,54.4,91.4,0.317,0,18.4,60.0,47.0,76.0,0.542,0,13.4,72.4,54.4,91.4,0.317,0,18.4,1.0,42,1.0,38,1.0,42,1.0,38,comparable,comparable,12.4,12.4,False,
"East McKeesport borough (Allegheny, PA)",Oakland,residents,1,1274.0,40.381986,-79.810447,40.439223,-79.964103,78.4,62.1,97.4,0.542,2,19.1,87.7,69.7,106.7,0.317,1,27.6,82.1,62.1,104.1,0.542,1,18.5,87.7,69.7,106.7,0.317,2,36.7,1.0,25,1.0,21,1.0,25,1.0,21,comparable,comparable,9.3,5.6,False,
"East Pittsburgh borough (Allegheny, PA)",Downtown,residents,2,1927.0,40.397697,-79.839864,40.440773,-79.999105,59.0,39.0,82.0,1.0,0,13.7,64.5,47.7,91.0,1.0,1,13.7,59.0,39.0,82.0,1.0,0,13.9,64.5,47.7,91.0,1.0,1,14.5,1.0,42,1.0,38,1.0,42,1.0,38,comparable,comparable,5.5,5.5,False,2.3
"East Pittsburgh borough (Allegheny, PA)",Oakland,residents,2,1927.0,40.397697,-79.839864,40.439223,-79.964103,70.1,54.1,90.4,1.0,1,14.3,72.7,52.7,102.7,1.0,2,19.6,71.1,54.1,92.1,1.0,1,11.3,72.7,52.7,102.7,1.0,2,16.9,1.0,25,1.0,21,1.0,25,1.0,21,comparable,comparable,2.6,1.6,False,2.7
"Edgewood borough (Allegheny, PA)",Downtown,residents,2,2348.0,40.431416,-79.886423,40.440773,-79.999105,42.0,30.7,64.9,1.0,1,9.0,47.0,29.7,61.5,1.0,1,7.6,47.0,30.7,70.0,1.0,1,10.3,47.7,29.7,64.5,1.0,0,8.9,1.0,42,1.0,38,1.0,42,1.0,38,comparable,comparable,5.0,0.7,False,0.6
"Edgewood borough (Allegheny, PA)",Oakland,residents,2,2348.0,40.431416,-79.886423,40.439223,-79.964103,49.1,40.1,62.1,1.0,0,5.3,48.7,40.7,58.7,1.0,0,6.3,49.1,40.1,62.1,1.0,0,5.3,48.7,40.7,58.7,1.0,0,5.3,1.0,25,1.0,21,1.0,25,1.0,21,comparable,comparable,-0.4,-0.4,False,4.0
"Edgeworth borough (Allegheny, PA)",Downtown,residents,2,1669.0,40.552184,-80.192154,40.440773,-79.999105,83.3,58.3,108.3,1.0,1,29.0,101.5,71.5,133.5,1.0,0,27.7,83.3,58.3,108.3,1.0,1,29.0,101.5,71.5,133.5,1.0,0,27.7,1.0,42,1.0,38,1.0,42,1.0,38,comparable,comparable,18.2,18.2,False,1.0
"Edgeworth borough (Allegheny, PA)",Oakland,residents,2,1669.0,40.552184,-80.192154,40.439223,-79.964103,108.1,82.1,131.1,1.0,2,33.8,122.4,91.4,153.4,1.0,1,33.0,108.1,82.1,131.1,1.0,2,33.7,122.4,91.4,153.4,1.0,2,35.6,1.0,25,1.0,21,1.0,25,1.0,21,comparable,comparable,14.3,14.3,False,1.0
"Elizabeth borough (Allegheny, PA)",Downtown,residents,3,3464.0,40.267899,-79.879307,40.440773,-79.999105,,,,0.0,,,,,,0.0,,,,,,0.0,,,,,,0.0,,,0.0,42,0.0,38,0.0,42,0.0,38,no_origin_coverage,no_origin_coverage,,,,
"Elizabeth borough (Allegheny, PA)",Oakland,residents,3,3464.0,40.267899,-79.879307,40.439223,-79.964103,,,,0.0,,,,,,0.0,,,,,,0.0,,,,,,0.0,,,0.0,25,0.0,21,0.0,25,0.0,21,no_origin_coverage,no_origin_coverage,,,,
Elliott,Downtown,residents,2,2398.0,40.443407,-80.039157,40.440773,-79.999105,29.7,19.2,51.2,1.0,0,7.9,31.6,16.7,58.6,1.0,0,8.7,29.7,19.3,51.3,1.0,0,7.7,31.6,16.7,58.6,1.0,0,8.7,1.0,42,1.0,38,1.0,42,1.0,38,comparable,comparable,1.9,1.9,False,4.8
Elliott,Oakland,residents,2,2398.0,40.443407,-80.039157,40.439223,-79.964103,51.1,35.1,74.1,1.0,1,13.0,50.4,34.4,80.4,1.0,1,16.3,52.1,35.1,78.1,1.0,1,14.2,51.4,34.4,80.4,1.0,1,16.3,1.0,25,1.0,21,1.0,25,1.0,21,comparable,comparable,-0.7,-0.7,False,8.0
"Emsworth borough (Allegheny, PA)",Downtown,residents,3,3298.0,40.513446,-80.094161,40.440773,-79.999105,56.0,39.3,88.3,0.766,1,13.6,53.6,39.6,82.9,0.766,0,11.4,56.0,39.3,88.3,0.766,1,13.6,53.6,39.6,82.9,0.766,0,11.4,0.766,42,0.766,38,0.766,42,0.766,38,comparable,comparable,-2.4,-2.4,False,0.7
"Emsworth borough (Allegheny, PA)",Oakland,residents,3,3298.0,40.513446,-80.094161,40.439223,-79.964103,79.1,63.1,111.1,0.766,2,18.2,77.4,62.4,104.4,0.766,1,17.8,79.1,63.1,111.1,0.766,2,18.1,77.4,62.4,104.4,0.766,1,18.8,0.766,25,0.766,21,0.766,25,0.766,21,comparable,comparable,-1.7,-1.7,False,1.0
Esplen,Downtown,stops,1,,40.462013,-80.052246,40.440773,-79.999105,26.2,20.2,39.2,1.0,0,3.8,28.7,19.3,48.3,1.0,0,5.8,26.3,20.3,39.3,1.0,0,3.8,28.7,19.3,48.3,1.0,0,5.8,1.0,42,1.0,38,1.0,42,1.0,38,comparable,comparable,2.5,2.4,False,
Esplen,Oakland,stops,1,,40.462013,-80.052246,40.439223,-79.964103,50.1,36.1,59.1,1.0,1,9.5,47.4,37.4,68.4,1.0,1,10.8,51.1,36.1,63.1,1.0,1,11.4,47.4,37.4,68.4,1.0,1,10.8,1.0,25,1.0,21,1.0,25,1.0,21,comparable,comparable,-2.7,-3.7,False,
"Etna borough (Allegheny, PA)",Downtown,residents,5,4146.0,40.500747,-79.947243,40.440773,-79.999105,50.9,26.2,103.9,0.829,0,8.9,46.3,27.3,72.3,0.808,0,11.5,50.9,26.2,103.9,0.829,0,8.9,46.3,27.3,72.3,0.808,0,11.5,0.829,42,0.829,38,0.829,42,0.829,38,comparable,comparable,-4.6,-4.6,False,17.4
"Etna borough (Allegheny, PA)",Oakland,residents,5,4146.0,40.500747,-79.947243,40.439223,-79.964103,73.1,51.1,122.1,0.829,1,14.9,66.4,44.4,93.4,0.808,1,17.8,76.1,54.1,122.1,0.829,1,21.3,67.4,44.4,93.4,0.808,1,20.3,0.829,25,0.829,21,0.829,25,0.829,21,comparable,comparable,-6.7,-8.7,False,13.0
Fairywood,Downtown,residents,1,1092.0,40.448889,-80.077737,40.440773,-79.999105,45.2,31.7,68.2,1.0,1,11.4,53.3,33.3,73.7,1.0,1,18.4,45.3,31.7,68.3,1.0,1,11.4,53.3,33.3,73.7,1.0,1,18.4,1.0,42,1.0,38,1.0,42,1.0,38,comparable,comparable,8.1,8.0,False,
Fairywood,Oakland,residents,1,1092.0,40.448889,-80.077737,40.439223,-79.964103,67.1,46.1,91.1,1.0,1,15.9,70.4,44.4,94.4,1.0,1,23.8,67.1,46.1,91.1,1.0,1,17.9,70.4,44.4,94.4,1.0,1,23.8,1.0,25,1.0,21,1.0,25,1.0,21,comparable,comparable,3.3,3.3,False,
"Findlay township (Allegheny, PA)",Downtown,stops,1,,40.432839,-79.937307,40.440773,-79.999105,45.1,30.1,62.0,1.0,1,15.9,36.2,25.2,53.2,1.0,0,10.2,45.1,30.1,63.1,1.0,1,19.7,39.2,25.2,53.2,1.0,0,12.2,1.0,42,1.0,38,1.0,42,1.0,38,comparable,comparable,-8.9,-5.9,False,
"Findlay township (Allegheny, PA)",Oakland,stops,1,,40.432839,-79.937307,40.439223,-79.964103,32.1,20.1,47.1,1.0,0,9.9,26.2,15.2,44.6,1.0,0,9.2,32.1,20.1,49.6,1.0,0,11.9,26.2,15.2,44.7,1.0,0,9.2,1.0,25,1.0,21,1.0,25,1.0,21,comparable,comparable,-5.9,-5.9,False,
Fineview,Downtown,residents,3,1702.0,40.463927,-80.006405,40.440773,-79.999105,29.9,23.9,41.9,1.0,0,4.4,32.9,24.3,46.9,1.0,0,7.0,29.9,23.9,41.9,1.0,0,4.4,32.9,24.3,46.9,1.0,0,7.0,1.0,42,1.0,38,1.0,42,1.0,38,comparable,comparable,3.0,3.0,False,0.6
Fineview,Oakland,residents,3,1702.0,40.463927,-80.006405,40.439223,-79.964103,53.1,43.1,67.1,1.0,1,9.6,53.4,42.4,66.4,1.0,1,11.8,58.1,44.1,73.1,1.0,2,15.8,56.4,42.4,73.4,1.0,1,15.6,1.0,25,1.0,21,1.0,25,1.0,21,comparable,comparable,0.3,-1.7,True,0.0
"Forest Hills borough (Allegheny, PA)",Downtown,residents,8,8468.0,40.423406,-79.849568,40.440773,-79.999105,46.0,31.0,103.0,0.391,0,10.9,62.0,38.5,106.0,0.391,0,17.9,46.0,31.0,103.0,0.391,0,10.9,62.0,38.5,106.0,0.391,0,18.3,0.537,42,0.537,38,0.537,42,0.537,38,comparable,comparable,16.0,16.0,False,6.7
"Forest Hills borough (Allegheny, PA)",Oakland,residents,8,8468.0,40.423406,-79.849568,40.439223,-79.964103,63.4,44.1,99.1,0.391,1,14.6,73.7,48.7,117.7,0.391,1,25.2,66.1,44.1,99.1,0.391,1,16.3,73.7,49.7,117.7,0.391,2,30.6,0.537,25,0.537,21,0.537,25,0.537,21,comparable,comparable,10.3,7.6,False,10.0
"Fox Chapel borough (Allegheny, PA)",Downtown,residents,1,848.0,40.497827,-79.893607,40.440773,-79.999105,76.5,57.5,92.9,1.0,1,21.7,71.5,57.4,87.0,1.0,1,18.7,76.5,57.5,93.0,1.0,1,22.7,72.5,57.4,87.0,1.0,1,17.7,1.0,42,1.0,38,1.0,42,1.0,38,comparable,comparable,-5.0,-4.0,False,
"Fox Chapel borough (Allegheny, PA)",Oakland,residents,1,848.0,40.497827,-79.893607,40.439223,-79.964103,80.1,62.1,97.1,1.0,0,19.7,68.9,58.7,80.9,1.0,0,10.7,80.1,62.1,97.1,1.0,0,19.7,69.7,58.7,81.7,1.0,1,12.7,1.0,25,1.0,21,1.0,25,1.0,21,comparable,comparable,-11.2,-10.4,False,
Friendship,Downtown,residents,2,1963.0,40.46052,-79.934367,40.440773,-79.999105,25.0,19.7,42.9,1.0,0,3.4,26.5,20.7,46.0,1.0,0,3.4,25.0,19.7,50.4,1.0,0,2.7,26.5,20.7,49.5,1.0,0,2.8,1.0,42,1.0,38,1.0,42,1.0,38,comparable,comparable,1.5,1.5,False,1.8
Friendship,Oakland,residents,2,1963.0,40.46052,-79.934367,40.439223,-79.964103,34.1,26.1,44.9,1.0,1,6.5,30.2,23.7,41.7,1.0,0,5.5,34.1,26.1,45.1,1.0,1,7.5,30.7,23.7,41.7,1.0,0,5.9,1.0,25,1.0,21,1.0,25,1.0,21,comparable,comparable,-3.9,-3.4,False,0.2
Garfield,Downtown,residents,7,5794.0,40.465723,-79.938735,40.440773,-79.999105,40.7,26.7,109.9,1.0,1,8.5,37.5,23.7,56.5,1.0,0,7.6,42.9,26.9,109.9,1.0,0,7.9,39.7,23.7,63.7,1.0,0,8.9,1.0,42,1.0,38,1.0,42,1.0,38,comparable,comparable,-3.2,-3.2,False,30.3
Garfield,Oakland,residents,7,5794.0,40.465723,-79.938735,40.439223,-79.964103,48.1,31.1,111.1,1.0,1,11.5,43.7,29.2,65.7,1.0,1,9.8,49.1,31.1,111.1,1.0,1,13.3,44.7,29.2,65.7,1.0,1,11.6,1.0,25,1.0,21,1.0,25,1.0,21,comparable,comparable,-4.4,-4.4,False,30.0
"Glassport borough (Allegheny, PA)",Downtown,residents,6,5168.0,40.328058,-79.88721,40.440773,-79.999105,102.1,68.1,129.4,0.666,2,26.5,99.9,74.9,127.4,0.666,1,31.7,102.1,68.1,129.4,0.666,2,27.4,99.9,74.9,127.4,0.666,1,31.7,0.666,42,0.666,38,0.666,42,0.666,38,comparable,comparable,-2.2,-2.2,False,0.5
"Glassport borough (Allegheny, PA)",Oakland,residents,6,5168.0,40.328058,-79.88721,40.439223,-79.964103,109.1,75.1,151.1,0.666,1,30.5,113.7,81.7,136.4,0.666,1,22.7,109.1,75.1,151.1,0.666,1,32.2,113.7,81.7,136.4,0.666,1,22.7,0.666,25,0.666,21,0.666,25,0.666,21,comparable,comparable,4.6,4.6,False,6.0
Glen Hazel,Downtown,residents,1,1246.0,40.406889,-79.934116,40.440773,-79.999105,52.1,35.1,75.1,1.0,0,11.9,57.2,42.4,71.9,1.0,1,12.2,52.1,35.1,75.1,1.0,0,12.8,57.2,42.4,71.9,1.0,1,13.6,1.0,42,1.0,38,1.0,42,1.0,38,comparable,comparable,5.1,5.1,False,
Glen Hazel,Oakland,residents,1,1246.0,40.406889,-79.934116,40.439223,-79.964103,57.1,45.3,78.1,1.0,0,10.5,54.2,45.4,72.4,1.0,0,8.2,59.6,45.6,81.6,1.0,0,14.7,54.2,45.4,72.4,1.0,0,8.2,1.0,25,1.0,21,1.0,25,1.0,21,comparable,comparable,-2.9,-5.4,False,
"Glen Osborne borough (Allegheny, PA)",Downtown,residents,1,590.0,40.531662,-80.167553,40.440773,-79.999105,72.3,50.3,98.3,1.0,1,27.7,89.9,61.5,120.5,1.0,0,29.6,72.3,50.3,98.3,1.0,1,27.7,89.9,61.5,120.5,1.0,0,29.6,1.0,42,1.0,38,1.0,42,1.0,38,comparable,comparable,17.6,17.6,False,
"Glen Osborne borough (Allegheny, PA)",Oakland,residents,1,590.0,40.531662,-80.167553,40.439223,-79.964103,95.1,74.1,121.1,1.0,2,31.5,110.4,81.4,140.4,1.0,1,34.8,95.1,74.1,121.1,1.0,2,30.8,110.4,81.4,140.4,1.0,2,37.4,1.0,25,1.0,21,1.0,25,1.0,21,comparable,comparable,15.3,15.3,False,
"Glenfield borough (Allegheny, PA)",Downtown,residents,1,212.0,40.519402,-80.132093,40.440773,-79.999105,67.3,46.3,94.3,1.0,1,25.7,81.9,53.5,112.5,1.0,0,29.4,67.3,46.3,94.3,1.0,1,25.7,81.9,53.5,112.5,1.0,0,29.4,1.0,42,1.0,38,1.0,42,1.0,38,comparable,comparable,14.6,14.6,False,
"Glenfield borough (Allegheny, PA)",Oakland,residents,1,212.0,40.519402,-80.132093,40.439223,-79.964103,90.1,70.1,117.1,1.0,2,30.5,102.4,73.4,132.4,1.0,1,34.7,90.1,70.1,117.1,1.0,2,30.3,102.4,73.4,132.4,1.0,2,37.3,1.0,25,1.0,21,1.0,25,1.0,21,comparable,comparable,12.3,12.3,False,
"Green Tree borough (Allegheny, PA)",Downtown,residents,4,5966.0,40.417978,-80.054068,40.440773,-79.999105,48.2,25.2,70.5,0.164,1,18.8,42.3,28.3,57.3,0.164,0,9.5,48.2,25.2,70.5,0.164,1,18.8,42.3,28.3,57.3,0.164,0,9.5,0.336,42,0.336,38,0.336,42,0.336,38,comparable,comparable,-5.9,-5.9,False,
"Green Tree borough (Allegheny, PA)",Oakland,residents,4,5966.0,40.417978,-80.054068,40.439223,-79.964103,68.1,45.1,95.1,0.164,1,22.3,66.4,51.4,80.4,0.164,1,24.1,70.1,47.1,98.1,0.164,2,27.0,66.4,51.4,80.4,0.164,1,24.0,0.336,25,0.336,21,0.336,25,0.336,21,comparable,comparable,-1.7,-3.7,False,
Greenfield,Downtown,residents,11,9171.0,40.422945,-79.935363,40.440773,-79.999105,36.1,16.1,66.1,0.998,0,8.7,39.9,19.9,86.9,0.886,0,7.7,36.1,16.1,66.1,0.998,0,9.2,39.9,19.9,86.9,0.886,0,8.2,0.998,42,0.886,38,0.998,42,0.886,38,comparable,comparable,3.8,3.8,False,18.6
Greenfield,Oakland,residents,11,9171.0,40.422945,-79.935363,40.439223,-79.964103,38.1,17.1,70.2,0.998,0,6.3,37.9,23.6,87.7,0.886,0,6.8,38.2,17.1,74.1,0.998,0,7.3,38.2,23.7,87.7,0.886,0,6.9,0.998,25,0.886,21,0.998,25,0.886,21,comparable,comparable,-0.2,0.0,False,26.1
"Hampton township (Allegheny, PA)",Downtown,residents,3,4345.0,40.560056,-79.980632,40.440773,-79.999105,82.9,49.2,119.9,0.395,0,27.1,63.3,47.3,86.3,0.192,0,16.6,82.9,49.2,119.9,0.395,0,27.1,63.3,47.3,86.3,0.192,0,16.6,0.395,42,0.235,38,0.395,42,0.235,38,comparable,comparable,-19.6,-19.6,False,
"Hampton township (Allegheny, PA)",Oakland,residents,3,4345.0,40.560056,-79.980632,40.439223,-79.964103,106.1,76.1,140.1,0.395,1,33.3,84.4,64.4,107.4,0.192,1,20.9,106.1,76.1,140.1,0.395,1,32.9,84.4,64.4,107.4,0.192,1,23.7,0.395,25,0.235,21,0.395,25,0.235,21,comparable,comparable,-21.7,-21.7,False,
"Harmar township (Allegheny, PA)",Downtown,residents,4,4363.0,40.537988,-79.842395,40.440773,-79.999105,72.0,48.7,101.9,0.175,0,15.9,79.4,61.4,107.5,0.175,0,12.9,72.0,48.7,101.9,0.175,0,15.9,79.7,61.4,107.7,0.175,0,13.3,0.175,42,0.175,38,0.175,42,0.175,38,comparable,comparable,7.4,7.7,False,
"Harmar township (Allegheny, PA)",Oakland,residents,4,4363.0,40.537988,-79.842395,40.439223,-79.964103,89.4,65.4,126.1,0.175,1,21.0,83.7,69.7,110.7,0.175,2,18.5,90.2,65.4,130.1,0.175,2,26.6,84.7,69.7,110.7,0.175,2,18.5,0.175,25,0.175,21,0.175,25,0.175,21,comparable,comparable,-5.7,-5.5,False,
"Harrison township (Allegheny, PA)",Downtown,residents,11,10157.0,40.627345,-79.722377,40.440773,-79.999105,91.7,75.0,104.7,0.087,1,16.0,171.5,104.4,235.5,0.736,2,53.0,91.7,75.0,104.7,0.087,1,16.0,171.7,104.4,236.7,0.736,2,58.7,0.522,42,0.736,38,0.522,42,0.736,38,comparable,comparable,79.8,80.0,False,8.0
"Harrison township (Allegheny, PA)",Oakland,residents,11,10157.0,40.627345,-79.722377,40.439223,-79.964103,109.1,91.4,122.1,0.087,1,15.3,170.7,112.7,230.7,0.736,3,50.2,111.1,91.4,124.1,0.087,2,26.6,174.7,112.7,237.7,0.736,3,56.8,0.522,25,0.736,21,0.522,25,0.736,21,comparable,comparable,61.6,63.6,False,8.0
Hays,Downtown,residents,1,1238.0,40.385747,-79.924376,40.440773,-79.999105,,,,0.0,,,,,,0.0,,,,,,0.0,,,,,,0.0,,,0.0,42,0.0,38,0.0,42,0.0,38,no_origin_coverage,no_origin_coverage,,,,
Hays,Oakland,residents,1,1238.0,40.385747,-79.924376,40.439223,-79.964103,,,,0.0,,,,,,0.0,,,,,,0.0,,,,,,0.0,,,0.0,25,0.0,21,0.0,25,0.0,21,no_origin_coverage,no_origin_coverage,,,,
"Haysville borough (Allegheny, PA)",Downtown,residents,2,1906.0,40.532883,-80.149003,40.440773,-79.999105,,,,0.0,,,,,,0.0,,,,,,0.0,,,,,,0.0,,,0.042,42,0.042,38,0.042,42,0.042,38,no_journey,no_journey,,,,
"Haysville borough (Allegheny, PA)",Oakland,residents,2,1906.0,40.532883,-80.149003,40.439223,-79.964103,,,,0.0,,,,,,0.0,,,,,,0.0,,,,,,0.0,,,0.042,25,0.042,21,0.042,25,0.042,21,no_journey,no_journey,,,,
Hazelwood,Downtown,residents,3,4333.0,40.412779,-79.931257,40.440773,-79.999105,35.1,24.1,52.1,0.563,0,7.8,37.9,21.9,52.9,0.563,0,9.7,35.1,24.1,52.1,0.563,0,7.9,37.9,21.9,52.9,0.563,0,9.7,0.563,42,0.563,38,0.563,42,0.563,38,comparable,comparable,2.8,2.8,False,0.0
Hazelwood,Oakland,residents,3,4333.0,40.412779,-79.931257,40.439223,-79.964103,41.1,25.1,60.1,0.563,1,8.9,43.2,34.4,63.4,0.563,1,9.0,44.1,25.1,70.6,0.563,1,12.2,43.2,34.4,63.4,0.563,1,9.0,0.563,25,0.563,21,0.563,25,0.563,21,comparable,comparable,2.1,-0.9,True,0.0
"Heidelberg borough (Allegheny, PA)",Downtown,residents,2,2872.0,40.392724,-80.087894,40.440773,-79.999105,55.7,39.7,84.7,1.0,0,10.9,63.3,40.6,86.7,1.0,0,17.3,55.7,39.7,84.7,1.0,0,10.9,63.3,40.6,86.7,1.0,0,17.3,1.0,42,1.0,38,1.0,42,1.0,38,comparable,comparable,7.6,7.6,False,0.6
"Heidelberg borough (Allegheny, PA)",Oakland,residents,2,2872.0,40.392724,-80.087894,40.439223,-79.964103,82.1,63.1,110.1,1.0,1,16.6,79.4,51.4,103.4,1.0,1,24.3,82.1,63.1,110.1,1.0,1,16.6,79.4,51.4,103.4,1.0,1,24.3,1.0,25,1.0,21,1.0,25,1.0,21,comparable,comparable,-2.7,-2.7,False,1.0
Highland Park,Downtown,residents,7,6227.0,40.473811,-79.920429,40.440773,-79.999105,41.0,30.7,55.0,0.837,1,10.3,42.5,32.5,55.5,0.837,1,9.7,49.9,37.6,64.0,0.837,1,8.2,44.5,34.5,59.7,0.837,1,7.5,0.837,42,0.837,38,0.837,42,0.837,38,comparable,comparable,1.5,-5.4,True,3.0
Highland Park,Oakland,residents,7,6227.0,40.473811,-79.920429,40.439223,-79.964103,43.1,34.1,53.1,0.837,0,5.7,38.9,31.7,52.7,0.837,0,4.8,43.1,34.1,53.1,0.837,0,5.8,39.7,31.7,52.7,0.837,0,5.8,0.837,25,0.837,21,0.837,25,0.837,21,comparable,comparable,-4.2,-3.4,False,1.0
"Homestead borough (Allegheny, PA)",Downtown,residents,3,2884.0,40.404114,-79.907602,40.440773,-79.999105,44.1,26.1,76.1,1.0,0,9.1,50.5,33.9,88.9,1.0,0,8.8,44.1,26.1,76.1,1.0,0,9.5,50.5,33.9,88.9,1.0,0,8.8,1.0,42,1.0,38,1.0,42,1.0,38,comparable,comparable,6.4,6.4,False,1.4
"Homestead borough (Allegheny, PA)",Oakland,residents,3,2884.0,40.404114,-79.907602,40.439223,-79.964103,56.1,40.1,95.1,1.0,1,9.6,49.6,35.7,104.6,1.0,1,9.5,56.1,40.1,95.1,1.0,1,10.6,49.7,35.7,104.7,1.0,1,9.5,1.0,25,1.0,21,1.0,25,1.0,21,comparable,comparable,-6.5,-6.4,False,12.9
Homewood North,Downtown,residents,3,1831.0,40.460076,-79.894362,40.440773,-79.999105,44.0,27.0,67.0,1.0,1,11.4,46.5,29.5,73.5,1.0,1,14.5,44.7,27.0,67.0,1.0,1,12.9,46.5,29.5,74.5,1.0,1,15.0,1.0,42,1.0,38,1.0,42,1.0,38,comparable,comparable,2.5,1.8,False,1.9
Homewood North,Oakland,residents,3,1831.0,40.460076,-79.894362,40.439223,-79.964103,55.1,39.1,84.1,1.0,1,13.0,51.8,36.7,72.7,1.0,1,14.0,55.1,39.1,84.1,1.0,1,13.2,52.7,36.7,77.7,1.0,1,16.8,1.0,25,1.0,21,1.0,25,1.0,21,comparable,comparable,-3.3,-2.4,False,2.0
Homewood South,Downtown,residents,3,2260.0,40.453636,-79.893236,40.440773,-79.999105,32.7,20.7,50.0,1.0,1,6.1,36.5,23.4,56.5,1.0,1,7.1,37.0,20.7,54.0,1.0,1,8.1,39.5,23.4,57.5,1.0,1,8.2,1.0,42,1.0,38,1.0,42,1.0,38,comparable,comparable,3.8,2.5,False,3.3
Homewood South,Oakland,residents,3,2260.0,40.453636,-79.893236,40.439223,-79.964103,41.1,29.4,54.1,1.0,1,7.9,38.8,29.7,52.8,1.0,0,6.9,41.1,29.4,54.1,1.0,1,7.9,38.8,29.7,52.8,1.0,0,7.0,1.0,25,1.0,21,1.0,25,1.0,21,comparable,comparable,-2.3,-2.3,False,2.0
Homewood West,Downtown,residents,1,642.0,40.45967,-79.90295,40.440773,-79.999105,44.0,33.7,63.0,1.0,1,11.1,47.4,33.5,63.4,1.0,1,15.9,46.7,33.7,63.0,1.0,1,12.3,47.4,34.4,63.4,1.0,1,18.9,1.0,42,1.0,38,1.0,42,1.0,38,comparable,comparable,3.4,0.7,False,
Homewood West,Oakland,residents,1,642.0,40.45967,-79.90295,40.439223,-79.964103,50.4,39.1,66.4,1.0,2,11.5,49.7,35.9,66.7,1.0,1,14.6,53.1,39.1,74.1,1.0,1,13.6,51.7,36.8,66.7,1.0,1,18.8,1.0,25,1.0,21,1.0,25,1.0,21,comparable,comparable,-0.7,-1.4,False,
"Ingram borough (Allegheny, PA)",Downtown,residents,3,3391.0,40.444828,-80.069062,40.440773,-79.999105,39.2,21.7,61.2,1.0,0,8.8,36.7,20.6,70.7,1.0,0,10.0,39.2,21.7,61.3,1.0,0,8.8,36.7,20.6,70.7,1.0,0,10.0,1.0,42,1.0,38,1.0,42,1.0,38,comparable,comparable,-2.5,-2.5,False,16.4
"Ingram borough (Allegheny, PA)",Oakland,residents,3,3391.0,40.444828,-80.069062,40.439223,-79.964103,56.1,36.1,79.1,1.0,1,16.3,57.4,31.4,91.4,1.0,1,16.8,56.1,36.1,79.1,1.0,1,17.2,57.4,31.4,91.4,1.0,1,16.5,1.0,25,1.0,21,1.0,25,1.0,21,comparable,comparable,1.3,1.3,False,10.0
"Jefferson Hills borough (Allegheny, PA)",Downtown,residents,3,5136.0,40.298342,-79.92445,40.440773,-79.999105,103.4,79.4,126.4,0.412,1,32.2,105.4,74.4,125.4,0.412,1,23.9,103.4,79.4,126.4,0.412,1,32.6,105.4,74.4,125.4,0.412,1,23.9,0.412,42,0.412,38,0.412,42,0.412,38,comparable,comparable,2.0,2.0,False,
"Jefferson Hills borough (Allegheny, PA)",Oakland,residents,3,5136.0,40.298342,-79.92445,40.439223,-79.964103,117.1,96.1,148.1,0.412,2,25.7,118.4,97.4,139.1,0.412,2,27.9,117.1,96.1,148.1,0.412,2,28.4,120.4,97.4,145.4,0.412,2,28.3,0.412,25,0.412,21,0.412,25,0.412,21,comparable,comparable,1.3,3.3,False,
"Kennedy township (Allegheny, PA)",Downtown,residents,7,10434.0,40.482003,-80.109789,40.440773,-79.999105,59.2,33.2,99.2,0.722,0,15.3,54.3,39.3,79.3,0.364,0,13.3,59.3,33.3,99.3,0.722,0,15.5,54.3,39.3,79.3,0.364,0,13.3,0.722,42,0.364,38,0.722,42,0.364,38,comparable,comparable,-4.9,-5.0,False,4.0
"Kennedy township (Allegheny, PA)",Oakland,residents,7,10434.0,40.482003,-80.109789,40.439223,-79.964103,82.1,56.1,124.1,0.722,1,20.8,74.4,53.4,102.4,0.364,1,19.2,83.1,56.1,131.1,0.722,1,24.8,75.4,53.4,102.4,0.364,1,20.2,0.722,25,0.364,21,0.722,25,0.364,21,comparable,comparable,-7.7,-7.7,False,4.0
Knoxville,Downtown,residents,6,4539.0,40.412441,-79.991882,40.440773,-79.999105,32.4,24.9,55.4,1.0,0,3.3,33.4,22.4,48.4,1.0,0,7.3,32.4,24.9,55.4,1.0,0,3.3,33.4,22.4,48.4,1.0,0,7.3,1.0,42,1.0,38,1.0,42,1.0,38,comparable,comparable,1.0,1.0,False,3.0
Knoxville,Oakland,residents,6,4539.0,40.412441,-79.991882,40.439223,-79.964103,40.1,27.1,54.1,1.0,0,8.2,41.4,27.4,57.4,1.0,0,8.5,40.1,27.1,54.1,1.0,0,8.6,43.4,27.4,58.4,1.0,0,9.6,1.0,25,1.0,21,1.0,25,1.0,21,comparable,comparable,1.3,3.3,False,6.0
Larimer,Downtown,residents,2,1545.0,40.463127,-79.911804,40.440773,-79.999105,34.7,26.0,56.0,1.0,1,7.2,37.7,31.5,50.5,1.0,1,9.7,39.0,26.0,66.4,1.0,1,9.3,42.7,31.5,53.7,1.0,1,9.7,1.0,42,1.0,38,1.0,42,1.0,38,comparable,comparable,3.0,3.7,False,0.7
Larimer,Oakland,residents,2,1545.0,40.463127,-79.911804,40.439223,-79.964103,44.1,33.1,63.1,1.0,0,7.2,38.7,30.7,55.7,1.0,1,7.9,44.1,33.1,63.1,1.0,0,8.0,41.7,30.7,56.7,1.0,1,10.6,1.0,25,1.0,21,1.0,25,1.0,21,comparable,comparable,-5.4,-2.4,False,0.0
"Leetsdale borough (Allegheny, PA)",Downtown,residents,3,3647.0,40.56952,-80.214569,40.440773,-79.999105,82.3,58.3,106.3,0.319,1,27.8,100.9,72.5,131.5,0.319,0,25.7,82.3,58.3,106.3,0.319,1,27.8,100.9,72.5,131.5,0.319,0,25.7,0.319,42,0.319,38,0.319,42,0.319,38,comparable,comparable,18.6,18.6,False,
"Leetsdale borough (Allegheny, PA)",Oakland,residents,3,3647.0,40.56952,-80.214569,40.439223,-79.964103,107.1,82.1,129.1,0.319,2,31.9,121.4,92.4,151.4,0.319,1,31.0,107.1,82.1,129.1,0.319,2,31.9,121.4,92.4,151.4,0.319,2,33.5,0.319,25,0.319,21,0.319,25,0.319,21,comparable,comparable,14.3,14.3,False,
Lincoln Place,Downtown,residents,4,4215.0,40.371314,-79.9103,40.440773,-79.999105,57.1,36.1,109.4,0.749,0,15.8,55.9,34.9,98.9,0.749,0,16.6,57.1,36.1,109.4,0.749,0,15.8,55.9,34.9,98.9,0.749,0,16.6,0.749,42,0.749,38,0.749,42,0.749,38,comparable,comparable,-1.2,-1.2,False,12.0
Lincoln Place,Oakland,residents,4,4215.0,40.371314,-79.9103,40.439223,-79.964103,66.1,40.1,125.1,0.749,1,19.7,73.6,52.6,114.6,0.749,1,18.9,69.1,40.1,125.1,0.749,1,27.2,73.7,52.7,114.7,0.749,1,20.3,0.749,25,0.749,21,0.749,25,0.749,21,comparable,comparable,7.5,4.6,False,3.8
Lincoln-Lemington-Belmar,Downtown,residents,5,3636.0,40.469512,-79.897292,40.440773,-79.999105,44.0,30.0,81.0,1.0,1,9.5,45.5,35.5,70.0,0.914,1,10.9,49.0,30.0,88.0,1.0,1,11.5,51.5,36.5,78.7,0.914,1,12.0,1.0,42,0.914,38,1.0,42,0.914,38,comparable,comparable,1.5,2.5,False,10.9
Lincoln-Lemington-Belmar,Oakland,residents,5,3636.0,40.469512,-79.897292,40.439223,-79.964103,55.1,42.1,85.1,1.0,1,9.9,47.7,36.7,77.7,0.914,2,10.5,55.1,42.1,85.1,1.0,1,10.7,51.7,36.7,78.7,0.914,2,13.4,1.0,25,0.914,21,1.0,25,0.914,21,comparable,comparable,-7.4,-3.4,False,5.0
Lower Lawrenceville,Downtown,residents,2,2641.0,40.464684,-79.96326,40.440773,-79.999105,26.9,20.5,35.9,1.0,0,4.4,22.5,15.7,34.7,1.0,0,4.3,26.9,20.5,35.9,1.0,0,4.3,22.5,15.7,34.7,1.0,0,4.3,1.0,42,1.0,38,1.0,42,1.0,38,comparable,comparable,-4.4,-4.4,False,1.2
Lower Lawrenceville,Oakland,residents,2,2641.0,40.464684,-79.96326,40.439223,-79.964103,38.1,26.1,53.1,1.0,0,7.3,36.9,23.2,55.2,1.0,1,9.4,39.1,26.1,53.1,1.0,0,7.5,37.7,23.2,55.2,1.0,1,9.8,1.0,25,1.0,21,1.0,25,1.0,21,comparable,comparable,-1.2,-1.4,False,4.2
Manchester,Downtown,residents,3,2050.0,40.454818,-80.024618,40.440773,-79.999105,33.0,23.9,54.9,1.0,0,7.7,33.9,19.9,51.9,1.0,0,13.7,33.0,23.9,54.9,1.0,0,7.7,33.9,19.9,51.9,1.0,0,13.7,1.0,42,1.0,38,1.0,42,1.0,38,comparable,comparable,0.9,0.9,False,5.0
Manchester,Oakland,residents,3,2050.0,40.454818,-80.024618,40.439223,-79.964103,59.1,49.0,83.1,1.0,1,12.4,57.4,40.4,74.2,1.0,1,20.9,63.1,49.1,83.1,1.0,2,19.1,57.4,40.4,74.4,1.0,1,23.8,1.0,25,1.0,21,1.0,25,1.0,21,comparable,comparable,-1.7,-5.7,False,5.0
Marshall-Shadeland,Downtown,residents,4,4046.0,40.470771,-80.029962,40.440773,-79.999105,36.9,25.9,53.9,1.0,0,5.7,36.9,24.5,51.6,1.0,0,6.2,36.9,25.9,53.9,1.0,0,5.4,36.9,24.5,58.9,1.0,0,6.2,1.0,42,1.0,38,1.0,42,1.0,38,comparable,comparable,0.0,0.0,False,0.9
Marshall-Shadeland,Oakland,residents,4,4046.0,40.470771,-80.029962,40.439223,-79.964103,61.1,46.1,82.1,1.0,1,10.0,58.4,44.4,73.4,1.0,1,13.3,66.1,52.1,87.1,1.0,2,17.5,59.4,44.4,80.4,1.0,1,14.2,1.0,25,1.0,21,1.0,25,1.0,21,comparable,comparable,-2.7,-6.7,False,0.2
"McCandless township (Allegheny, PA)",Downtown,residents,14,21628.0,40.577865,-80.02049,40.440773,-79.999105,83.6,43.6,121.9,0.062,0,32.2,,,,0.0,,,83.6,43.6,121.9,0.062,0,32.2,,,,0.0,,,0.127,42,0.0,38,0.127,42,0.0,38,no_origin_coverage,no_origin_coverage,,,,
"McCandless township (Allegheny, PA)",Oakland,residents,14,21628.0,40.577865,-80.02049,40.439223,-79.964103,107.1,69.1,145.1,0.062,1,38.0,,,,0.0,,,107.1,69.1,145.1,0.062,1,37.7,,,,0.0,,,0.127,25,0.0,21,0.127,25,0.0,21,no_origin_coverage,no_origin_coverage,,,,
"McKees Rocks borough (Allegheny, PA)",Downtown,residents,6,5920.0,40.468959,-80.065597,40.440773,-79.999105,41.2,23.2,83.2,1.0,0,11.8,43.7,20.7,88.3,1.0,0,16.8,41.3,23.3,83.3,1.0,0,11.8,43.7,20.7,88.3,1.0,0,17.1,1.0,42,1.0,38,1.0,42,1.0,38,comparable,comparable,2.5,2.4,False,7.0
"McKees Rocks borough (Allegheny, PA)",Oakland,residents,6,5920.0,40.468959,-80.065597,40.439223,-79.964103,65.1,41.1,107.1,1.0,1,17.4,62.4,38.4,108.4,1.0,1,20.9,66.1,41.1,111.1,1.0,1,20.4,62.4,38.4,108.4,1.0,1,21.9,1.0,25,1.0,21,1.0,25,1.0,21,comparable,comparable,-2.7,-3.7,False,9.0
"McKeesport city (Allegheny, PA)",Downtown,residents,30,27249.0,40.341294,-79.845756,40.440773,-79.999105,88.1,48.1,148.1,0.392,1,26.0,91.9,49.9,178.9,0.522,1,22.4,88.1,48.1,148.1,0.392,1,27.2,91.9,49.9,178.9,0.522,1,22.8,0.419,42,0.522,38,0.419,42,0.522,38,comparable,comparable,3.8,3.8,False,56.0
"McKeesport city (Allegheny, PA)",Oakland,residents,30,27249.0,40.341294,-79.845756,40.439223,-79.964103,95.1,53.1,148.1,0.392,1,26.9,100.7,69.4,192.1,0.522,1,21.5,96.6,53.1,149.1,0.392,1,31.0,100.7,69.4,192.1,0.522,1,21.7,0.419,25,0.522,21,0.419,25,0.522,21,comparable,comparable,5.6,4.1,False,74.7
Middle Hill,Downtown,residents,3,3143.0,40.448769,-79.974297,40.440773,-79.999105,27.4,16.4,58.4,1.0,0,5.7,25.4,13.4,45.5,1.0,0,6.4,27.4,16.4,58.4,1.0,0,5.7,25.4,13.4,45.5,1.0,0,6.4,1.0,42,1.0,38,1.0,42,1.0,38,comparable,comparable,-2.0,-2.0,False,5.0
Middle Hill,Oakland,residents,3,3143.0,40.448769,-79.974297,40.439223,-79.964103,34.0,15.3,51.0,1.0,0,8.3,26.4,16.4,37.4,1.0,0,5.8,34.0,15.3,51.0,1.0,0,8.4,27.3,16.6,39.6,1.0,0,6.0,1.0,25,1.0,21,1.0,25,1.0,21,comparable,comparable,-7.6,-6.7,False,5.1
"Millvale borough (Allegheny, PA)",Downtown,residents,2,2085.0,40.484788,-79.97306,40.440773,-79.999105,57.9,26.9,88.9,1.0,0,27.2,35.3,21.3,50.7,1.0,0,7.3,57.9,26.9,88.9,1.0,0,27.2,36.3,21.3,50.7,1.0,0,8.3,1.0,42,1.0,38,1.0,42,1.0,38,comparable,comparable,-22.6,-21.6,False,1.0
"Millvale borough (Allegheny, PA)",Oakland,residents,2,2085.0,40.484788,-79.97306,40.439223,-79.964103,79.1,50.1,112.1,1.0,1,31.1,46.4,30.2,67.4,1.0,1,8.4,79.1,51.1,113.1,1.0,1,33.8,47.4,30.2,67.4,1.0,1,10.8,1.0,25,1.0,21,1.0,25,1.0,21,comparable,comparable,-32.7,-31.7,False,3.0
"Monroeville municipality (Allegheny, PA)",Downtown,residents,23,31116.0,40.432576,-79.755571,40.440773,-79.999105,94.0,45.7,134.0,0.229,1,24.7,83.5,53.4,133.0,0.161,1,21.0,94.0,45.7,136.0,0.229,1,26.1,83.5,53.4,133.0,0.161,1,20.8,0.26,42,0.161,38,0.26,42,0.161,38,comparable,comparable,-10.5,-10.5,False,11.2
"Monroeville municipality (Allegheny, PA)",Oakland,residents,23,31116.0,40.432576,-79.755571,40.439223,-79.964103,99.4,61.1,136.4,0.229,1,20.1,94.7,64.7,140.7,0.161,2,25.7,101.1,61.1,138.1,0.229,0,19.3,94.7,64.7,140.7,0.161,2,28.1,0.26,25,0.161,21,0.26,25,0.161,21,comparable,comparable,-4.7,-6.4,False,8.0
"Moon township (Allegheny, PA)",Downtown,residents,8,12712.0,40.499396,-80.186251,40.440773,-79.999105,106.4,79.1,129.4,0.081,1,31.8,101.9,83.9,125.4,0.081,1,25.9,106.4,79.1,129.4,0.081,1,32.8,101.9,83.9,125.4,0.081,1,25.9,0.081,42,0.081,38,0.081,42,0.081,38,comparable,comparable,-4.5,-4.5,False,
"Moon township (Allegheny, PA)",Oakland,residents,8,12712.0,40.499396,-80.186251,40.439223,-79.964103,119.1,90.1,151.1,0.081,1,37.3,116.4,90.7,134.4,0.081,1,21.1,119.1,90.1,151.1,0.081,1,39.0,116.4,90.7,134.4,0.081,1,22.0,0.081,25,0.081,21,0.081,25,0.081,21,comparable,comparable,-2.7,-2.7,False,
Morningside,Downtown,residents,5,4036.0,40.480776,-79.929257,40.440773,-79.999105,52.9,37.7,88.9,1.0,0,8.8,49.5,34.5,70.7,1.0,1,13.4,52.9,37.9,88.9,1.0,0,9.5,49.5,34.7,70.7,1.0,1,13.4,1.0,42,1.0,38,1.0,42,1.0,38,comparable,comparable,-3.4,-3.4,False,11.8
Morningside,Oakland,residents,5,4036.0,40.480776,-79.929257,40.439223,-79.964103,56.1,40.1,97.9,1.0,1,12.1,46.9,34.7,76.7,1.0,1,8.6,56.1,40.1,98.1,1.0,2,13.4,47.8,34.7,83.7,1.0,1,10.6,1.0,25,1.0,21,1.0,25,1.0,21,comparable,comparable,-9.2,-8.3,False,5.0
"Mount Lebanon township (Allegheny, PA)",Downtown,residents,28,33029.0,40.374888,-80.05253,40.440773,-79.999105,53.4,27.2,118.4,0.497,1,14.9,46.4,23.3,107.3,0.43,0,10.0,53.5,27.2,118.4,0.497,1,15.9,46.6,23.3,107.3,0.43,0,10.0,0.497,42,0.43,38,0.497,42,0.43,38,comparable,comparable,-7.0,-6.9,False,30.2
"Mount Lebanon township (Allegheny, PA)",Oakland,residents,28,33029.0,40.374888,-80.05253,40.439223,-79.964103,76.1,47.1,143.1,0.497,1,21.0,62.4,37.4,120.4,0.43,1,14.3,80.1,54.1,145.1,0.497,2,24.4,62.4,37.4,120.4,0.43,1,14.6,0.497,25,0.43,21,0.497,25,0.43,21,comparable,comparable,-13.7,-17.7,False,25.0
"Mount Oliver borough (Allegheny, PA)",Downtown,residents,3,2348.0,40.412452,-79.985174,40.440773,-79.999105,36.4,26.9,77.4,0.715,0,5.9,36.4,24.4,61.4,0.715,0,7.8,36.4,26.9,91.4,0.715,0,5.9,36.4,24.4,61.4,0.715,0,7.8,0.715,42,0.715,38,0.715,42,0.715,38,comparable,comparable,0.0,0.0,False,8.2
"Mount Oliver borough (Allegheny, PA)",Oakland,residents,3,2348.0,40.412452,-79.985174,40.439223,-79.964103,45.1,27.1,94.1,0.715,1,14.0,43.4,28.4,68.4,0.715,1,10.7,45.1,27.1,108.1,0.715,0,15.7,52.4,28.4,81.4,0.715,1,10.9,0.715,25,0.715,21,0.715,25,0.715,21,comparable,comparable,-1.7,7.3,True,18.0
Mount Washington,Downtown,residents,9,8855.0,40.427956,-80.011117,40.440773,-79.999105,34.4,16.4,67.4,0.894,0,8.3,35.4,15.4,71.4,0.752,0,7.8,35.4,16.4,67.4,0.894,0,8.6,38.4,15.4,71.4,0.752,0,7.8,0.894,42,0.752,38,0.894,42,0.752,38,comparable,comparable,1.0,3.0,False,10.8
Mount Washington,Oakland,residents,9,8855.0,40.427956,-80.011117,40.439223,-79.964103,61.1,40.1,97.1,0.894,1,12.3,54.4,31.4,88.4,0.752,1,15.1,63.1,40.1,99.1,0.894,1,15.2,58.4,31.4,88.4,0.752,1,12.8,0.894,25,0.752,21,0.894,25,0.752,21,comparable,comparable,-6.7,-4.7,False,10.0
Mt. Oliver,Downtown,stops,1,,40.411616,-79.977955,40.440773,-79.999105,53.4,31.4,75.4,1.0,0,15.4,45.4,30.4,60.4,1.0,0,13.3,53.4,31.4,89.4,1.0,0,20.4,45.4,30.4,60.4,1.0,0,13.3,1.0,42,1.0,38,1.0,42,1.0,38,comparable,comparable,-8.0,-8.0,False,
Mt. Oliver,Oakland,stops,1,,40.411616,-79.977955,40.439223,-79.964103,67.1,40.1,89.1,1.0,1,22.6,52.4,37.4,67.4,1.0,1,17.2,67.1,40.1,106.1,1.0,1,30.6,65.4,51.4,80.4,1.0,1,17.6,1.0,25,1.0,21,1.0,25,1.0,21,comparable,comparable,-14.7,-1.7,False,
"Munhall borough (Allegheny, PA)",Downtown,residents,10,12646.0,40.391672,-79.903733,40.440773,-79.999105,53.1,30.1,107.4,0.491,0,12.1,60.9,38.9,96.9,0.491,0,15.7,53.1,30.1,107.4,0.491,0,12.6,60.9,38.9,96.9,0.491,0,16.6,0.491,42,0.491,38,0.491,42,0.491,38,comparable,comparable,7.8,7.8,False,8.4
"Munhall borough (Allegheny, PA)",Oakland,residents,10,12646.0,40.391672,-79.903733,40.439223,-79.964103,67.1,46.1,123.1,0.491,1,13.9,69.6,40.7,112.6,0.491,1,16.8,68.1,46.1,123.1,0.491,1,16.3,69.7,40.7,112.7,0.491,1,18.5,0.491,25,0.491,21,0.491,25,0.491,21,comparable,comparable,2.5,1.6,False,15.3
"Neville township (Allegheny, PA)",Downtown,residents,1,1108.0,40.513227,-80.135166,40.440773,-79.999105,59.2,44.2,73.2,1.0,0,15.2,59.7,40.7,79.7,1.0,0,19.2,59.3,44.3,73.3,1.0,0,15.2,59.7,40.7,79.7,1.0,0,19.2,1.0,42,1.0,38,1.0,42,1.0,38,comparable,comparable,0.5,0.4,False,
"Neville township (Allegheny, PA)",Oakland,residents,1,1108.0,40.513227,-80.135166,40.439223,-79.964103,85.1,67.1,101.1,1.0,1,21.7,77.4,54.4,102.4,1.0,1,23.2,85.1,67.1,101.1,1.0,2,24.2,77.4,54.4,102.4,1.0,1,23.2,1.0,25,1.0,21,1.0,25,1.0,21,comparable,comparable,-7.7,-7.7,False,
New Homestead,Downtown,stops,1,,40.381406,-79.927779,40.440773,-79.999105,50.1,28.1,75.1,1.0,0,16.4,45.9,26.9,65.9,1.0,0,17.8,50.1,28.1,75.1,1.0,0,16.4,45.9,26.9,65.9,1.0,0,17.8,1.0,42,1.0,38,1.0,42,1.0,38,comparable,comparable,-4.2,-4.2,False,
New Homestead,Oakland,stops,1,,40.381406,-79.927779,40.439223,-79.964103,53.3,30.1,82.1,1.0,1,19.8,67.4,46.4,88.2,1.0,1,18.1,57.1,30.1,92.6,1.0,1,25.4,67.4,46.4,88.2,1.0,1,19.8,1.0,25,1.0,21,1.0,25,1.0,21,comparable,comparable,14.1,10.3,False,
"New Kensington city (Westmoreland, PA)",Downtown,residents,7,8837.0,40.566352,-79.756127,40.440773,-79.999105,93.9,69.7,112.9,0.073,0,23.7,114.5,71.4,175.5,0.174,1,31.7,93.9,69.7,112.9,0.073,0,23.7,117.7,71.4,175.7,0.174,1,34.1,0.073,42,0.174,38,0.073,42,0.174,38,comparable,comparable,20.6,23.8,False,
"New Kensington city (Westmoreland, PA)",Oakland,residents,7,8837.0,40.566352,-79.756127,40.439223,-79.964103,112.1,87.1,137.1,0.073,2,26.4,120.7,79.7,178.7,0.174,2,35.2,114.1,89.1,141.1,0.073,2,33.1,120.7,79.7,178.7,0.174,2,35.2,0.073,25,0.174,21,0.073,25,0.174,21,comparable,comparable,8.6,6.6,False,
"North Braddock borough (Allegheny, PA)",Downtown,residents,5,5068.0,40.406192,-79.851716,40.440773,-79.999105,54.9,36.0,112.7,0.852,1,11.5,59.5,43.5,90.0,0.852,1,13.5,55.0,36.0,112.7,0.852,1,12.5,61.5,46.5,90.0,0.852,1,14.5,0.852,42,0.852,38,0.852,42,0.852,38,comparable,comparable,4.6,6.5,False,3.1
"North Braddock borough (Allegheny, PA)",Oakland,residents,5,5068.0,40.406192,-79.851716,40.439223,-79.964103,63.1,49.4,115.1,0.852,1,10.7,63.7,47.7,101.7,0.852,1,11.1,63.1,49.4,115.1,0.852,1,11.3,63.7,47.7,101.7,0.852,1,11.0,0.852,25,0.852,21,0.852,25,0.852,21,comparable,comparable,0.6,0.6,False,4.0
"North Fayette township (Allegheny, PA)",Downtown,residents,4,7104.0,40.44807,-80.206411,40.440773,-79.999105,,,,0.0,,,,,,0.0,,,,,,0.0,,,,,,0.0,,,0.0,42,0.0,38,0.0,42,0.0,38,no_origin_coverage,no_origin_coverage,,,,
"North Fayette township (Allegheny, PA)",Oakland,residents,4,7104.0,40.44807,-80.206411,40.439223,-79.964103,,,,0.0,,,,,,0.0,,,,,,0.0,,,,,,0.0,,,0.0,25,0.0,21,0.0,25,0.0,21,no_origin_coverage,no_origin_coverage,,,,
North Oakland,Downtown,residents,7,11477.0,40.44738,-79.95316,40.440773,-79.999105,27.0,18.0,37.4,1.0,0,3.0,22.4,15.5,36.5,1.0,0,2.6,27.0,18.0,38.0,1.0,0,3.0,22.4,15.5,36.5,1.0,0,2.6,1.0,42,1.0,38,1.0,42,1.0,38,comparable,comparable,-4.6,-4.6,False,3.3
North Oakland,Oakland,residents,7,11477.0,40.44738,-79.95316,40.439223,-79.964103,15.2,7.4,31.4,1.0,0,2.0,14.7,9.2,30.3,1.0,0,1.5,15.2,7.4,31.4,1.0,0,2.0,14.7,9.2,30.3,1.0,0,1.5,1.0,25,1.0,21,1.0,25,1.0,21,comparable,comparable,-0.5,-0.5,False,4.0
North Shore,Downtown,residents,1,301.0,40.449125,-79.998934,40.440773,-79.999105,14.9,12.9,20.9,1.0,0,1.9,14.9,10.3,25.0,1.0,0,1.9,14.9,12.9,20.9,1.0,0,1.9,14.9,10.3,25.0,1.0,0,1.9,1.0,42,1.0,38,1.0,42,1.0,38,comparable,comparable,0.0,0.0,False,
North Shore,Oakland,residents,1,301.0,40.449125,-79.998934,40.439223,-79.964103,40.1,32.1,48.1,1.0,1,7.4,36.4,29.4,49.4,1.0,1,7.5,42.1,32.1,54.1,1.0,1,12.4,38.4,29.4,50.4,1.0,1,9.0,1.0,25,1.0,21,1.0,25,1.0,21,comparable,comparable,-3.7,-3.7,False,
"North Versailles township (Allegheny, PA)",Downtown,residents,11,11166.0,40.37421,-79.807854,40.440773,-79.999105,83.1,57.0,125.1,0.201,1,24.6,90.5,62.0,127.5,0.201,1,24.3,83.1,57.0,125.1,0.201,1,24.7,90.5,62.0,127.5,0.201,1,25.0,0.25,42,0.25,38,0.25,42,0.25,38,comparable,comparable,7.4,7.4,False,5.0
"North Versailles township (Allegheny, PA)",Oakland,residents,11,11166.0,40.37421,-79.807854,40.439223,-79.964103,90.4,64.1,122.1,0.201,1,21.6,93.7,65.7,122.7,0.201,2,25.8,92.1,64.1,122.1,0.201,1,21.9,94.7,65.7,122.7,0.201,2,24.3,0.25,25,0.25,21,0.25,25,0.25,21,comparable,comparable,3.3,2.6,False,5.0
Northview Heights,Downtown,residents,1,1769.0,40.477377,-80.000679,40.440773,-79.999105,45.9,30.9,60.9,1.0,0,10.4,41.9,28.3,58.9,1.0,1,9.1,45.9,30.9,60.9,1.0,0,10.4,41.9,28.3,58.9,1.0,1,9.1,1.0,42,1.0,38,1.0,42,1.0,38,comparable,comparable,-4.0,-4.0,False,
Northview Heights,Oakland,residents,1,1769.0,40.477377,-80.000679,40.439223,-79.964103,70.3,54.1,86.1,1.0,1,14.7,62.4,48.4,78.4,1.0,1,13.9,71.1,54.1,86.1,1.0,1,16.7,63.4,49.4,78.4,1.0,1,14.3,1.0,25,1.0,21,1.0,25,1.0,21,comparable,comparable,-7.9,-7.7,False,
"O'Hara township (Allegheny, PA)",Downtown,residents,4,4562.0,40.501068,-79.872614,40.440773,-79.999105,68.9,56.9,81.9,0.635,0,7.7,63.4,50.4,89.5,0.635,0,9.0,68.9,56.9,81.9,0.635,0,7.7,63.7,50.4,89.7,0.635,0,9.7,0.82,42,0.82,38,0.82,42,0.82,38,comparable,comparable,-5.5,-5.2,False,0.7
"O'Hara township (Allegheny, PA)",Oakland,residents,4,4562.0,40.501068,-79.872614,40.439223,-79.964103,84.2,67.2,100.1,0.635,1,12.9,78.6,58.7,96.6,0.635,1,19.5,84.2,67.2,100.1,0.635,1,13.4,80.7,58.7,104.7,0.635,2,23.4,0.82,25,0.82,21,0.82,25,0.82,21,comparable,comparable,-5.6,-3.5,False,14.0
"Oakmont borough (Allegheny, PA)",Downtown,residents,5,6758.0,40.519464,-79.836887,40.440773,-79.999105,67.7,53.0,90.9,0.384,0,12.0,72.0,56.4,91.0,0.375,1,12.4,67.7,53.0,90.9,0.384,0,12.0,72.0,56.4,91.0,0.375,1,12.4,0.704,42,0.375,38,0.704,42,0.375,38,comparable,comparable,4.3,4.3,False,0.0
"Oakmont borough (Allegheny, PA)",Oakland,residents,5,6758.0,40.519464,-79.836887,40.439223,-79.964103,84.1,66.1,115.1,0.384,1,17.3,81.7,69.9,102.7,0.375,2,18.6,85.1,66.1,119.1,0.384,2,21.0,81.7,70.7,102.7,0.375,2,21.4,0.704,25,0.375,21,0.704,25,0.375,21,comparable,comparable,-2.4,-3.4,False,0.0
Oakwood,Downtown,residents,1,955.0,40.427583,-80.076083,40.440773,-79.999105,32.7,25.7,48.2,1.0,0,5.5,30.6,25.6,41.6,1.0,0,3.5,32.7,25.7,48.2,1.0,0,5.5,30.6,25.6,41.6,1.0,0,3.5,1.0,42,1.0,38,1.0,42,1.0,38,comparable,comparable,-2.1,-2.1,False,
Oakwood,Oakland,residents,1,955.0,40.427583,-80.076083,40.439223,-79.964103,51.1,40.1,66.1,1.0,0,8.5,49.4,36.4,61.4,1.0,0,9.5,51.1,40.1,66.1,1.0,0,8.5,49.4,36.4,61.4,1.0,0,9.5,1.0,25,1.0,21,1.0,25,1.0,21,comparable,comparable,-1.7,-1.7,False,
Overbrook,Downtown,residents,5,4333.0,40.382654,-79.995271,40.440773,-79.999105,34.4,23.4,63.4,0.432,0,8.5,40.4,23.4,91.4,0.689,0,11.0,34.4,23.4,63.4,0.432,0,8.5,40.4,23.4,91.4,0.689,0,11.0,0.628,42,0.689,38,0.628,42,0.689,38,comparable,comparable,6.0,6.0,False,1.0
Overbrook,Oakland,residents,5,4333.0,40.382654,-79.995271,40.439223,-79.964103,62.3,48.1,87.1,0.432,1,14.1,60.4,40.4,111.4,0.689,1,15.5,62.3,48.1,87.1,0.432,1,15.0,60.4,40.4,111.4,0.689,1,17.8,0.628,25,0.689,21,0.628,25,0.689,21,comparable,comparable,-1.9,-1.9,False,0.0
"Penn Hills township (Allegheny, PA)",Downtown,residents,37,41344.0,40.474719,-79.825192,40.440773,-79.999105,61.0,35.7,146.0,0.366,1,15.5,66.7,38.4,145.5,0.348,1,17.4,62.7,35.7,151.0,0.366,0,17.3,67.4,38.4,151.0,0.348,1,16.5,0.428,42,0.39,38,0.428,42,0.39,38,comparable,comparable,5.7,4.7,False,23.0
"Penn Hills township (Allegheny, PA)",Oakland,residents,37,41344.0,40.474719,-79.825192,40.439223,-79.964103,76.1,52.1,153.4,0.366,2,19.6,73.7,46.7,143.7,0.348,1,20.1,77.4,52.1,157.1,0.366,2,21.4,73.7,48.8,166.7,0.348,2,22.7,0.428,25,0.39,21,0.428,25,0.39,21,comparable,comparable,-2.4,-3.7,False,16.3
Perry North,Downtown,residents,5,3758.0,40.486971,-80.015944,40.440773,-79.999105,40.9,27.9,55.9,0.997,0,4.4,40.9,24.9,59.9,0.997,0,7.2,40.9,27.9,55.9,0.997,0,4.4,40.9,24.9,59.9,0.997,0,7.2,0.997,42,0.997,38,0.997,42,0.997,38,comparable,comparable,0.0,0.0,False,6.0
Perry North,Oakland,residents,5,3758.0,40.486971,-80.015944,40.439223,-79.964103,64.1,47.1,79.1,0.997,1,8.9,61.4,45.4,81.4,0.997,1,11.7,69.1,52.1,84.3,0.997,2,15.7,62.4,46.4,81.4,0.997,1,12.4,0.997,25,0.997,21,0.997,25,0.997,21,comparable,comparable,-2.7,-6.7,False,5.0
Perry South,Downtown,residents,5,3203.0,40.46864,-80.013891,40.440773,-79.999105,31.9,19.9,49.9,1.0,0,4.2,34.9,19.3,70.9,1.0,0,7.3,31.9,19.9,49.9,1.0,0,4.2,34.9,19.3,70.9,1.0,0,7.3,1.0,42,1.0,38,1.0,42,1.0,38,comparable,comparable,3.0,3.0,False,9.0
Perry South,Oakland,residents,5,3203.0,40.46864,-80.013891,40.439223,-79.964103,56.1,39.1,73.1,1.0,1,9.1,55.4,38.4,94.4,1.0,1,12.1,58.1,41.1,77.1,1.0,1,14.3,59.4,39.4,99.4,1.0,1,16.5,1.0,25,1.0,21,1.0,25,1.0,21,comparable,comparable,-0.7,1.3,True,12.0
"Pitcairn borough (Allegheny, PA)",Downtown,residents,4,3722.0,40.4102,-79.766517,40.440773,-79.999105,125.0,78.0,155.0,0.167,3,36.6,86.0,65.5,128.0,0.167,0,21.5,125.0,78.0,155.0,0.167,3,45.9,86.0,65.5,128.0,0.167,0,21.5,0.167,42,0.167,38,0.167,42,0.167,38,comparable,comparable,-39.0,-39.0,False,
"Pitcairn borough (Allegheny, PA)",Oakland,residents,4,3722.0,40.4102,-79.766517,40.439223,-79.964103,120.1,96.1,150.1,0.167,1,30.4,96.7,72.7,139.7,0.167,2,27.2,120.1,96.1,150.1,0.167,1,34.9,96.7,72.7,139.7,0.167,1,32.5,0.167,25,0.167,21,0.167,25,0.167,21,comparable,comparable,-23.4,-23.4,False,
"Pleasant Hills borough (Allegheny, PA)",Downtown,residents,8,12216.0,40.32565,-79.959978,40.440773,-79.999105,54.4,41.4,79.4,0.107,0,10.9,60.4,46.4,83.4,0.107,0,9.0,54.4,41.4,79.4,0.107,0,10.9,60.4,46.4,83.4,0.107,0,9.0,0.228,42,0.228,38,0.228,42,0.228,38,comparable,comparable,6.0,6.0,False,5.0
"Pleasant Hills borough (Allegheny, PA)",Oakland,residents,8,12216.0,40.32565,-79.959978,40.439223,-79.964103,77.1,57.1,103.3,0.107,1,14.1,76.4,59.4,105.4,0.107,1,14.3,77.1,57.1,103.3,0.107,1,15.8,80.4,59.4,105.4,0.107,1,17.3,0.228,25,0.228,21,0.228,25,0.228,21,comparable,comparable,-0.7,3.3,True,7.0
"Plum borough (Allegheny, PA)",Downtown,residents,11,17529.0,40.476542,-79.735584,40.440773,-79.999105,96.7,92.7,100.7,0.008,1,34.2,,,,0.0,,,96.7,92.7,100.7,0.008,1,34.2,,,,0.0,,,0.299,42,0.164,38,0.299,42,0.164,38,no_journey,no_journey,,,,
"Plum borough (Allegheny, PA)",Oakland,residents,11,17529.0,40.476542,-79.735584,40.439223,-79.964103,115.1,111.1,119.1,0.008,2,37.5,,,,0.0,,,120.1,116.1,124.1,0.008,3,48.6,,,,0.0,,,0.299,25,0.164,21,0.299,25,0.164,21,no_journey,no_journey,,,,
Point Breeze,Downtown,residents,4,3654.0,40.448508,-79.912117,40.440773,-79.999105,42.0,30.7,66.0,1.0,1,8.9,42.5,29.7,59.5,1.0,1,9.4,45.6,30.7,69.0,1.0,1,10.3,43.5,31.4,59.5,1.0,1,9.6,1.0,42,1.0,38,1.0,42,1.0,38,comparable,comparable,0.5,-2.1,True,3.5
Point Breeze,Oakland,residents,4,3654.0,40.448508,-79.912117,40.439223,-79.964103,41.4,26.1,68.1,1.0,1,8.8,37.7,25.7,52.7,1.0,0,7.1,41.4,26.1,68.1,1.0,1,8.8,37.7,25.7,52.7,1.0,0,7.1,1.0,25,1.0,21,1.0,25,1.0,21,comparable,comparable,-3.7,-3.7,False,9.0
Point Breeze North,Downtown,residents,2,1988.0,40.452268,-79.904755,40.440773,-79.999105,31.0,22.7,46.0,1.0,0,5.0,31.7,25.4,42.7,1.0,1,5.3,32.0,22.7,50.0,1.0,0,5.5,32.5,25.4,46.5,1.0,0,5.0,1.0,42,1.0,38,1.0,42,1.0,38,comparable,comparable,0.7,0.5,False,1.0
Point Breeze North,Oakland,residents,2,1988.0,40.452268,-79.904755,40.439223,-79.964103,37.1,27.1,47.4,1.0,1,5.8,33.7,26.7,44.7,1.0,0,5.0,37.1,27.1,49.1,1.0,1,6.0,33.7,26.7,44.7,1.0,0,4.8,1.0,25,1.0,21,1.0,25,1.0,21,comparable,comparable,-3.4,-3.4,False,2.0
Polish Hill,Downtown,residents,2,1201.0,40.457787,-79.964734,40.440773,-79.999105,21.9,15.7,59.5,1.0,0,3.8,20.5,15.5,38.7,1.0,1,4.4,22.0,15.7,59.5,1.0,0,3.8,20.5,15.5,38.7,1.0,1,4.4,1.0,42,1.0,38,1.0,42,1.0,38,comparable,comparable,-1.4,-1.5,False,3.7
Polish Hill,Oakland,residents,2,1201.0,40.457787,-79.964734,40.439223,-79.964103,41.1,27.2,66.2,1.0,1,7.5,33.7,23.4,49.4,1.0,0,5.2,42.1,27.2,66.2,1.0,1,7.8,33.7,23.6,49.6,1.0,0,5.2,1.0,25,1.0,21,1.0,25,1.0,21,comparable,comparable,-7.4,-8.4,False,1.9
"Rankin borough (Allegheny, PA)",Downtown,residents,2,1896.0,40.412375,-79.878512,40.440773,-79.999105,44.0,35.0,75.0,1.0,0,5.7,46.5,39.7,63.5,1.0,0,5.8,44.0,35.0,75.0,1.0,0,5.7,46.5,39.7,63.5,1.0,0,5.8,1.0,42,1.0,38,1.0,42,1.0,38,comparable,comparable,2.5,2.5,False,10.8
"Rankin borough (Allegheny, PA)",Oakland,residents,2,1896.0,40.412375,-79.878512,40.439223,-79.964103,54.1,42.1,66.1,1.0,0,7.2,52.7,43.7,65.7,1.0,0,6.3,54.1,42.1,66.1,1.0,0,7.2,52.7,43.7,65.7,1.0,0,6.3,1.0,25,1.0,21,1.0,25,1.0,21,comparable,comparable,-1.4,-1.4,False,1.0
Regent Square,Downtown,residents,1,2644.0,40.440253,-79.896707,40.440773,-79.999105,41.7,31.7,50.0,1.0,0,6.0,41.5,35.5,46.5,1.0,0,4.1,42.0,31.7,50.0,1.0,1,6.2,41.5,35.5,46.5,1.0,0,3.4,1.0,42,1.0,38,1.0,42,1.0,38,comparable,comparable,-0.2,-0.5,False,
Regent Square,Oakland,residents,1,2644.0,40.440253,-79.896707,40.439223,-79.964103,34.1,29.1,38.1,1.0,0,2.4,35.7,31.7,39.7,1.0,0,2.2,34.1,29.1,38.1,1.0,0,2.4,35.7,31.7,39.7,1.0,0,2.2,1.0,25,1.0,21,1.0,25,1.0,21,comparable,comparable,1.6,1.6,False,
"Reserve township (Allegheny, PA)",Downtown,residents,4,3255.0,40.482482,-79.990136,40.440773,-79.999105,57.2,28.2,121.9,0.804,0,25.0,,,,0.0,,,57.2,28.2,121.9,0.804,0,25.0,,,,0.0,,,0.804,42,0.0,38,0.804,42,0.0,38,no_origin_coverage,no_origin_coverage,,,,
"Reserve township (Allegheny, PA)",Oakland,residents,4,3255.0,40.482482,-79.990136,40.439223,-79.964103,81.1,52.1,145.1,0.804,1,33.7,,,,0.0,,,90.1,56.1,150.1,0.804,3,39.7,,,,0.0,,,0.804,25,0.0,21,0.804,25,0.0,21,no_origin_coverage,no_origin_coverage,,,,
Ridgemont,Downtown,residents,1,849.0,40.343463,-79.907685,40.440773,-79.999105,86.1,63.1,106.1,1.0,2,24.5,87.9,60.9,115.9,1.0,1,24.1,86.1,63.1,106.1,1.0,2,24.5,87.9,60.9,115.9,1.0,1,24.5,1.0,42,1.0,38,1.0,42,1.0,38,comparable,comparable,1.8,1.8,False,
Ridgemont,Oakland,residents,1,849.0,40.343463,-79.907685,40.439223,-79.964103,96.1,70.1,119.1,1.0,3,28.0,97.6,75.6,131.6,1.0,1,26.1,100.1,76.1,119.1,1.0,3,33.0,97.7,75.7,131.7,1.0,1,26.1,1.0,25,1.0,21,1.0,25,1.0,21,comparable,comparable,1.5,-2.4,True,
"Robinson township (Allegheny, PA)",Downtown,residents,9,14913.0,40.455057,-80.130996,40.440773,-79.999105,60.2,42.7,87.7,0.224,1,10.4,62.3,44.7,86.7,0.224,0,9.7,60.3,42.7,87.7,0.224,1,10.4,62.3,44.7,86.7,0.224,0,9.8,0.224,42,0.224,38,0.224,42,0.224,38,comparable,comparable,2.1,2.0,False,1.4
"Robinson township (Allegheny, PA)",Oakland,residents,9,14913.0,40.455057,-80.130996,40.439223,-79.964103,79.1,61.1,102.1,0.224,1,15.5,81.4,64.4,102.4,0.224,1,16.5,79.1,61.1,102.1,0.224,1,15.8,81.4,64.4,102.4,0.224,1,16.3,0.224,25,0.224,21,0.224,25,0.224,21,comparable,comparable,2.3,2.3,False,4.0
"Ross township (Allegheny, PA)",Downtown,residents,19,30395.0,40.525163,-80.010514,40.440773,-79.999105,57.9,27.6,176.9,0.232,0,11.8,54.6,27.3,105.6,0.212,1,10.0,57.9,27.6,176.9,0.232,0,11.8,54.6,27.3,105.6,0.212,1,10.4,0.388,42,0.233,38,0.388,42,0.233,38,comparable,comparable,-3.3,-3.3,False,48.0
"Ross township (Allegheny, PA)",Oakland,residents,19,30395.0,40.525163,-80.010514,40.439223,-79.964103,83.1,53.1,202.3,0.232,1,16.7,75.4,30.2,129.4,0.212,1,16.4,86.1,53.1,202.3,0.232,2,20.0,75.4,30.2,129.4,0.212,1,18.3,0.388,25,0.233,21,0.388,25,0.233,21,comparable,comparable,-7.7,-10.7,False,46.0
"Scott township (Allegheny, PA)",Downtown,residents,12,18184.0,40.384285,-80.075358,40.440773,-79.999105,61.2,29.2,115.4,0.435,1,22.0,54.3,34.3,86.7,0.271,0,13.1,60.3,29.2,119.4,0.435,1,22.1,54.3,34.3,86.7,0.271,0,13.1,0.452,42,0.271,38,0.452,42,0.271,38,comparable,comparable,-6.9,-6.0,False,27.0
"Scott township (Allegheny, PA)",Oakland,residents,12,18184.0,40.384285,-80.075358,40.439223,-79.964103,82.1,49.1,140.1,0.435,1,27.1,75.4,51.4,103.4,0.271,1,24.1,85.1,52.1,146.1,0.435,2,29.6,75.4,51.4,103.4,0.271,1,24.7,0.452,25,0.271,21,0.452,25,0.271,21,comparable,comparable,-6.7,-9.7,False,17.0
"Sewickley borough (Allegheny, PA)",Downtown,residents,3,3907.0,40.539064,-80.181036,40.440773,-79.999105,77.3,55.3,104.3,1.0,1,25.4,95.9,66.5,126.5,1.0,0,27.3,77.3,55.3,104.3,1.0,1,25.4,95.9,66.5,126.5,1.0,0,27.3,1.0,42,1.0,38,1.0,42,1.0,38,comparable,comparable,18.6,18.6,False,5.0
"Sewickley borough (Allegheny, PA)",Oakland,residents,3,3907.0,40.539064,-80.181036,40.439223,-79.964103,101.1,79.1,127.1,1.0,2,29.7,116.4,86.4,146.4,1.0,1,31.9,101.1,79.1,127.1,1.0,2,29.4,116.4,86.4,146.4,1.0,2,35.1,1.0,25,1.0,21,1.0,25,1.0,21,comparable,comparable,15.3,15.3,False,5.0
Shadyside,Downtown,residents,12,13769.0,40.454275,-79.930234,40.440773,-79.999105,31.0,17.7,48.0,1.0,1,5.1,30.5,18.7,45.5,1.0,1,5.8,33.7,17.7,49.0,1.0,0,4.6,31.5,18.7,45.5,1.0,0,5.7,1.0,42,1.0,38,1.0,42,1.0,38,comparable,comparable,-0.5,-2.2,False,5.8
Shadyside,Oakland,residents,12,13769.0,40.454275,-79.930234,40.439223,-79.964103,30.1,19.1,41.4,1.0,0,4.3,26.8,20.7,40.9,1.0,0,4.0,30.1,19.1,41.4,1.0,0,4.4,26.8,20.7,41.8,1.0,0,4.6,1.0,25,1.0,21,1.0,25,1.0,21,comparable,comparable,-3.3,-3.3,False,5.2
"Shaler township (Allegheny, PA)",Downtown,residents,15,22920.0,40.52741,-79.96238,40.440773,-79.999105,71.9,32.2,109.9,0.193,0,21.1,54.3,32.3,78.3,0.175,0,15.7,71.9,32.2,109.9,0.193,0,21.1,54.3,32.3,78.3,0.175,0,15.7,0.254,42,0.254,38,0.254,42,0.254,38,comparable,comparable,-17.6,-17.6,False,1.0
"Shaler township (Allegheny, PA)",Oakland,residents,15,22920.0,40.52741,-79.96238,40.439223,-79.964103,93.1,59.1,128.1,0.193,1,26.8,75.4,49.4,99.4,0.175,1,20.9,93.1,60.1,128.1,0.193,1,28.7,75.4,49.4,99.4,0.175,1,23.2,0.254,25,0.254,21,0.254,25,0.254,21,comparable,comparable,-17.7,-17.7,False,2.0
"Sharpsburg borough (Allegheny, PA)",Downtown,residents,7,7147.0,40.500759,-79.922602,40.440773,-79.999105,44.5,31.9,56.5,0.446,0,4.4,40.7,27.7,52.7,0.446,0,7.2,44.5,31.9,56.5,0.446,0,4.4,40.7,27.7,52.7,0.446,0,7.8,0.446,42,0.446,38,0.446,42,0.446,38,comparable,comparable,-3.8,-3.8,False,2.0
"Sharpsburg borough (Allegheny, PA)",Oakland,residents,7,7147.0,40.500759,-79.922602,40.439223,-79.964103,61.2,42.2,78.1,0.446,1,11.4,60.2,44.4,74.9,0.446,1,15.7,61.2,42.2,78.1,0.446,1,12.5,61.4,48.2,75.7,0.446,2,17.0,0.446,25,0.446,21,0.446,25,0.446,21,comparable,comparable,-1.0,0.2,True,3.5
Sheraden,Downtown,residents,6,5469.0,40.455801,-80.057626,40.440773,-79.999105,38.2,22.7,63.2,0.833,0,6.4,41.6,21.6,69.6,0.833,1,11.2,38.3,22.7,63.3,0.833,0,6.4,43.3,21.6,71.3,0.833,0,10.3,1.0,42,1.0,38,1.0,42,1.0,38,comparable,comparable,3.4,5.0,False,9.1
Sheraden,Oakland,residents,6,5469.0,40.455801,-80.057626,40.439223,-79.964103,59.1,37.1,85.1,0.833,1,12.7,59.4,32.4,89.4,0.833,2,16.4,60.1,37.1,89.1,0.833,1,15.2,64.4,32.4,94.4,0.833,1,19.8,1.0,25,1.0,21,1.0,25,1.0,21,comparable,comparable,0.3,4.3,False,4.9
South Oakland,Downtown,residents,5,5380.0,40.434971,-79.95616,40.440773,-79.999105,28.0,19.0,55.0,0.666,0,4.5,28.9,13.5,54.2,1.0,0,6.0,28.0,19.0,58.0,0.666,0,4.5,29.9,13.5,57.2,1.0,0,6.6,0.666,42,1.0,38,0.666,42,1.0,38,comparable,comparable,0.9,1.9,False,4.6
"South Park township (Allegheny, PA)",Downtown,residents,2,2451.0,40.315274,-79.988002,40.440773,-79.999105,76.2,57.2,96.2,0.209,0,13.7,,,,0.0,,,76.2,57.2,96.2,0.209,0,13.7,,,,0.0,,,0.627,42,0.0,38,0.627,42,0.0,38,no_origin_coverage,no_origin_coverage,,,,
"South Park township (Allegheny, PA)",Oakland,residents,2,2451.0,40.315274,-79.988002,40.439223,-79.964103,101.1,82.1,121.1,0.209,2,23.5,,,,0.0,,,101.1,82.1,121.1,0.209,2,23.5,,,,0.0,,,0.627,25,0.0,21,0.627,25,0.0,21,no_origin_coverage,no_origin_coverage,,,,
South Shore,Downtown,residents,1,29.0,40.431565,-80.00213,40.440773,-79.999105,12.4,9.4,16.4,1.0,0,2.0,12.4,8.4,19.4,1.0,0,1.9,12.4,9.4,16.4,1.0,0,2.0,12.4,8.4,19.4,1.0,0,1.9,1.0,42,1.0,38,1.0,42,1.0,38,comparable,comparable,0.0,0.0,False,
South Shore,Oakland,residents,1,29.0,40.431565,-80.00213,40.439223,-79.964103,38.1,31.1,45.1,1.0,1,6.4,31.4,23.4,39.1,1.0,1,6.4,38.1,31.1,47.1,1.0,1,6.9,31.4,23.4,39.4,1.0,1,6.6,1.0,25,1.0,21,1.0,25,1.0,21,comparable,comparable,-6.7,-6.7,False,
South Side Flats,Downtown,residents,7,7467.0,40.427602,-79.976773,40.440773,-79.999105,23.4,13.4,49.5,1.0,0,4.3,26.4,10.4,40.4,1.0,0,5.6,23.4,13.4,49.5,1.0,0,4.3,26.4,10.4,44.4,1.0,0,6.3,1.0,42,1.0,38,1.0,42,1.0,38,comparable,comparable,3.0,3.0,False,8.6
South Side Flats,Oakland,residents,7,7467.0,40.427602,-79.976773,40.439223,-79.964103,27.1,18.1,46.1,1.0,0,5.6,24.4,17.4,48.4,1.0,0,4.6,27.1,18.1,48.1,1.0,0,5.6,24.4,17.4,48.4,1.0,0,4.6,1.0,25,1.0,21,1.0,25,1.0,21,comparable,comparable,-2.7,-2.7,False,6.3
South Side Slopes,Downtown,residents,4,4327.0,40.421596,-79.975735,40.440773,-79.999105,33.4,22.4,56.5,1.0,0,5.3,35.4,18.4,47.4,1.0,0,6.9,33.4,22.4,56.5,1.0,0,5.3,35.4,18.4,50.0,1.0,0,6.9,1.0,42,1.0,38,1.0,42,1.0,38,comparable,comparable,2.0,2.0,False,6.0
South Side Slopes,Oakland,residents,4,4327.0,40.421596,-79.975735,40.439223,-79.964103,40.1,22.1,66.1,1.0,1,9.5,37.4,22.4,51.4,1.0,1,10.7,40.1,22.1,66.1,1.0,1,10.3,38.4,22.4,53.4,1.0,1,10.8,1.0,25,1.0,21,1.0,25,1.0,21,comparable,comparable,-2.7,-1.7,False,13.7
Spring Garden,Downtown,residents,1,1068.0,40.461328,-79.986382,40.440773,-79.999105,40.2,23.2,66.9,1.0,0,14.2,35.3,23.9,63.9,1.0,0,10.8,42.2,23.2,67.2,1.0,0,18.2,37.9,23.9,63.9,1.0,0,11.2,1.0,42,1.0,38,1.0,42,1.0,38,comparable,comparable,-4.9,-4.3,False,
Spring Garden,Oakland,residents,1,1068.0,40.461328,-79.986382,40.439223,-79.964103,64.1,47.1,90.1,1.0,1,20.7,56.4,41.4,81.4,1.0,1,16.0,74.1,52.1,101.1,1.0,3,32.5,60.4,42.4,91.4,1.0,2,20.7,1.0,25,1.0,21,1.0,25,1.0,21,comparable,comparable,-7.7,-13.7,False,
Spring Hill-City View,Downtown,residents,4,3150.0,40.465787,-79.992471,40.440773,-79.999105,37.2,23.9,57.9,1.0,0,9.1,37.9,20.3,55.9,1.0,0,10.9,37.2,23.9,57.9,1.0,0,9.1,37.9,20.3,55.9,1.0,0,10.9,1.0,42,1.0,38,1.0,42,1.0,38,comparable,comparable,0.7,0.7,False,4.3
Spring Hill-City View,Oakland,residents,4,3150.0,40.465787,-79.992471,40.439223,-79.964103,62.1,47.1,83.1,1.0,1,14.1,57.4,41.4,75.4,1.0,1,14.4,63.3,47.1,83.1,1.0,1,17.0,58.4,41.4,75.4,1.0,1,14.9,1.0,25,1.0,21,1.0,25,1.0,21,comparable,comparable,-4.7,-4.9,False,4.2
"Springdale borough (Allegheny, PA)",Downtown,residents,5,4109.0,40.544264,-79.784171,40.440773,-79.999105,75.9,51.7,106.9,0.679,0,13.1,82.7,63.4,113.5,0.679,0,11.2,75.9,51.7,106.9,0.679,0,13.1,82.7,63.4,113.7,0.679,0,11.9,0.679,42,0.679,38,0.679,42,0.679,38,comparable,comparable,6.8,6.8,False,1.0
"Springdale borough (Allegheny, PA)",Oakland,residents,5,4109.0,40.544264,-79.784171,40.439223,-79.964103,94.1,68.4,131.1,0.679,1,18.1,87.7,71.7,116.7,0.679,2,17.4,95.2,68.4,135.1,0.679,2,23.8,88.7,71.7,116.7,0.679,2,17.4,0.679,25,0.679,21,0.679,25,0.679,21,comparable,comparable,-6.4,-6.5,False,1.0
"Springdale township (Allegheny, PA)",Downtown,residents,1,686.0,40.542971,-79.749478,40.440773,-79.999105,,,,0.0,,,,,,0.0,,,,,,0.0,,,,,,0.0,,,0.0,42,0.0,38,0.0,42,0.0,38,no_origin_coverage,no_origin_coverage,,,,
"Springdale township (Allegheny, PA)",Oakland,residents,1,686.0,40.542971,-79.749478,40.439223,-79.964103,,,,0.0,,,,,,0.0,,,,,,0.0,,,,,,0.0,,,0.0,25,0.0,21,0.0,25,0.0,21,no_origin_coverage,no_origin_coverage,,,,
Squirrel Hill North,Downtown,residents,11,12641.0,40.444306,-79.931177,40.440773,-79.999105,35.9,27.0,62.0,1.0,0,3.7,31.5,17.5,52.5,1.0,0,5.2,36.7,27.0,69.0,1.0,0,3.2,31.5,17.5,52.5,1.0,0,5.2,1.0,42,1.0,38,1.0,42,1.0,38,comparable,comparable,-4.4,-5.2,False,7.0
Squirrel Hill North,Oakland,residents,11,12641.0,40.444306,-79.931177,40.439223,-79.964103,25.1,17.1,66.1,1.0,0,3.2,23.8,14.7,44.7,1.0,0,2.5,25.1,17.1,66.1,1.0,0,3.2,23.8,14.7,44.7,1.0,0,2.8,1.0,25,1.0,21,1.0,25,1.0,21,comparable,comparable,-1.3,-1.3,False,10.0
Squirrel Hill South,Downtown,residents,9,12376.0,40.431737,-79.922507,40.440773,-79.999105,43.1,30.1,83.7,1.0,1,8.2,38.5,26.5,79.5,1.0,1,8.0,44.1,30.1,83.7,1.0,1,9.8,39.5,26.5,86.5,1.0,1,8.5,1.0,42,1.0,38,1.0,42,1.0,38,comparable,comparable,-4.6,-4.6,False,10.0
Squirrel Hill South,Oakland,residents,9,12376.0,40.431737,-79.922507,40.439223,-79.964103,34.1,22.1,80.1,1.0,0,4.2,31.7,19.2,74.7,1.0,0,4.8,34.1,22.1,80.1,1.0,0,4.8,31.7,19.2,76.7,1.0,0,5.2,1.0,25,1.0,21,1.0,25,1.0,21,comparable,comparable,-2.4,-2.4,False,15.5
St. Clair,Downtown,stops,1,,40.410562,-79.973745,40.440773,-79.999105,56.4,34.4,78.4,1.0,0,17.1,46.4,31.4,61.4,1.0,0,15.0,56.4,34.4,92.4,1.0,0,20.6,46.4,31.4,61.4,1.0,0,15.0,1.0,42,1.0,38,1.0,42,1.0,38,comparable,comparable,-10.0,-10.0,False,
St. Clair,Oakland,stops,1,,40.410562,-79.973745,40.439223,-79.964103,70.1,43.1,92.1,1.0,1,23.5,53.4,38.4,68.4,1.0,1,18.9,70.1,43.1,109.1,1.0,1,30.6,66.4,52.4,81.4,1.0,1,19.3,1.0,25,1.0,21,1.0,25,1.0,21,comparable,comparable,-16.7,-3.7,False,
Stanton Heights,Downtown,residents,3,3643.0,40.481893,-79.938132,40.440773,-79.999105,60.0,42.9,80.7,1.0,1,17.9,47.7,31.7,63.7,1.0,0,13.6,60.0,42.9,80.9,1.0,0,16.9,47.7,31.7,63.7,1.0,0,13.6,1.0,42,1.0,38,1.0,42,1.0,38,comparable,comparable,-12.3,-12.3,False,2.0
Stanton Heights,Oakland,residents,3,3643.0,40.481893,-79.938132,40.439223,-79.964103,68.1,44.2,89.9,1.0,1,21.1,54.7,43.7,69.7,1.0,1,13.9,69.1,44.2,90.1,1.0,2,24.9,59.7,45.2,76.7,1.0,1,16.8,1.0,25,1.0,21,1.0,25,1.0,21,comparable,comparable,-13.4,-9.4,False,1.0
"Stowe township (Allegheny, PA)",Downtown,residents,7,6426.0,40.477054,-80.075008,40.440773,-79.999105,44.2,27.2,67.2,0.825,0,10.2,42.3,25.3,68.3,0.825,0,10.6,44.3,27.3,67.3,0.825,0,10.2,42.3,25.3,68.3,0.825,0,10.6,0.906,42,0.906,38,0.906,42,0.906,38,comparable,comparable,-1.9,-2.0,False,2.0
"Stowe township (Allegheny, PA)",Oakland,residents,7,6426.0,40.477054,-80.075008,40.439223,-79.964103,67.1,48.1,93.1,0.825,1,15.9,61.4,42.4,91.4,0.825,1,16.9,68.1,48.1,98.1,0.825,1,19.7,61.4,42.4,91.4,0.825,1,17.3,0.906,25,0.906,21,0.906,25,0.906,21,comparable,comparable,-5.7,-6.7,False,3.0
Strip District,Downtown,residents,1,1845.0,40.456719,-79.97972,40.440773,-79.999105,22.5,18.5,31.5,1.0,0,3.0,16.7,12.7,27.7,1.0,0,3.0,22.5,18.5,31.5,1.0,0,3.0,16.7,12.7,27.7,1.0,0,3.0,1.0,42,1.0,38,1.0,42,1.0,38,comparable,comparable,-5.8,-5.8,False,
Strip District,Oakland,residents,1,1845.0,40.456719,-79.97972,40.439223,-79.964103,43.1,37.1,50.1,1.0,1,5.5,38.4,30.4,47.4,1.0,0,5.9,44.1,37.1,54.1,1.0,1,8.5,38.6,30.6,47.4,1.0,0,7.5,1.0,25,1.0,21,1.0,25,1.0,21,comparable,comparable,-4.7,-5.5,False,
Summer Hill,Downtown,residents,1,998.0,40.494512,-80.009769,40.440773,-79.999105,41.6,24.6,62.9,1.0,0,10.2,47.9,24.9,78.9,1.0,0,21.2,42.2,24.6,62.9,1.0,0,10.2,47.9,24.9,78.9,1.0,0,21.2,1.0,42,1.0,38,1.0,42,1.0,38,comparable,comparable,6.3,5.7,False,
Summer Hill,Oakland,residents,1,998.0,40.494512,-80.009769,40.439223,-79.964103,68.1,50.1,92.1,1.0,1,16.1,68.4,46.4,105.4,1.0,1,25.5,71.1,50.1,92.1,1.0,1,20.9,72.4,46.4,105.4,1.0,2,32.0,1.0,25,1.0,21,1.0,25,1.0,21,comparable,comparable,0.3,1.3,False,
Swisshelm Park,Downtown,residents,1,1339.0,40.421479,-79.903142,40.440773,-79.999105,62.9,42.9,82.9,1.0,0,20.4,59.2,47.7,75.7,1.0,1,12.3,63.0,43.0,83.0,1.0,1,22.4,59.5,50.2,78.5,1.0,1,11.6,1.0,42,1.0,38,1.0,42,1.0,38,comparable,comparable,-3.7,-3.5,False,
Swisshelm Park,Oakland,residents,1,1339.0,40.421479,-79.903142,40.439223,-79.964103,68.1,48.1,91.1,1.0,1,20.0,56.7,41.2,73.6,1.0,1,11.6,68.1,48.1,91.1,1.0,1,21.1,56.7,41.2,73.7,1.0,1,13.2,1.0,25,1.0,21,1.0,25,1.0,21,comparable,comparable,-11.4,-11.4,False,
"Swissvale borough (Allegheny, PA)",Downtown,residents,10,7676.0,40.422083,-79.887228,40.440773,-79.999105,46.0,31.0,77.9,0.997,1,7.5,48.7,31.7,77.7,0.997,0,6.8,47.0,31.0,78.0,0.997,1,8.2,49.5,31.7,80.5,0.997,0,6.8,0.997,42,0.997,38,0.997,42,0.997,38,comparable,comparable,2.7,2.5,False,7.5
"Swissvale borough (Allegheny, PA)",Oakland,residents,10,7676.0,40.422083,-79.887228,40.439223,-79.964103,51.1,36.1,86.1,0.997,0,7.2,48.7,36.7,75.6,0.997,0,7.1,51.1,36.1,86.1,0.997,0,7.4,48.7,36.7,75.7,0.997,0,6.8,0.997,25,0.997,21,0.997,25,0.997,21,comparable,comparable,-2.4,-2.4,False,5.1
"Tarentum borough (Allegheny, PA)",Downtown,residents,7,6901.0,40.598764,-79.753899,40.440773,-79.999105,98.9,60.0,128.9,0.434,0,13.0,134.5,79.4,183.5,0.709,2,31.0,98.9,60.0,128.9,0.434,0,13.0,134.7,79.4,183.7,0.709,2,36.2,0.506,42,0.709,38,0.506,42,0.709,38,comparable,comparable,35.6,35.8,False,67.3
"Tarentum borough (Allegheny, PA)",Oakland,residents,7,6901.0,40.598764,-79.753899,40.439223,-79.964103,116.2,76.4,153.1,0.434,1,17.2,135.7,87.7,186.7,0.709,2,32.4,117.2,76.4,157.1,0.434,2,22.7,137.7,87.7,186.7,0.709,2,35.4,0.506,25,0.709,21,0.506,25,0.709,21,comparable,comparable,19.5,20.5,False,62.1
Terrace Village,Downtown,residents,4,3364.0,40.441911,-79.969785,40.440773,-79.999105,27.0,18.4,48.4,1.0,0,3.8,24.4,15.4,37.5,1.0,0,4.5,27.0,18.4,48.4,1.0,0,3.8,24.4,15.4,37.5,1.0,0,4.5,1.0,42,1.0,38,1.0,42,1.0,38,comparable,comparable,-2.6,-2.6,False,3.0
Terrace Village,Oakland,residents,4,3364.0,40.441911,-79.969785,40.439223,-79.964103,10.2,5.0,41.1,1.0,0,0.1,10.2,5.0,39.2,1.0,0,0.0,10.2,5.0,41.1,1.0,0,0.1,10.2,5.0,40.6,1.0,0,0.0,1.0,25,1.0,21,1.0,25,1.0,21,comparable,comparable,0.0,0.0,False,3.9
"Trafford borough (Allegheny, PA)",Downtown,residents,2,2602.0,40.402486,-79.750936,40.440773,-79.999105,,,,0.0,,,,,,0.0,,,,,,0.0,,,,,,0.0,,,0.0,42,0.0,38,0.0,42,0.0,38,no_origin_coverage,no_origin_coverage,,,,
"Trafford borough (Allegheny, PA)",Oakland,residents,2,2602.0,40.402486,-79.750936,40.439223,-79.964103,,,,0.0,,,,,,0.0,,,,,,0.0,,,,,,0.0,,,0.0,25,0.0,21,0.0,25,0.0,21,no_origin_coverage,no_origin_coverage,,,,
"Trafford borough (Westmoreland, PA)",Downtown,residents,4,3291.0,40.385372,-79.754429,40.440773,-79.999105,95.0,60.0,136.0,0.533,2,29.2,,,,0.0,,,95.0,60.0,136.0,0.533,2,30.5,,,,0.0,,,0.533,42,0.0,38,0.533,42,0.0,38,no_origin_coverage,no_origin_coverage,,,,
"Trafford borough (Westmoreland, PA)",Oakland,residents,4,3291.0,40.385372,-79.754429,40.439223,-79.964103,102.1,72.1,128.1,0.533,0,24.7,,,,0.0,,,102.1,72.1,128.1,0.533,0,28.9,,,,0.0,,,0.533,25,0.0,21,0.533,25,0.0,21,no_origin_coverage,no_origin_coverage,,,,
Troy Hill,Downtown,residents,1,1577.0,40.463279,-79.983408,40.440773,-79.999105,33.9,19.2,59.9,1.0,0,8.6,28.9,20.3,42.3,1.0,0,5.6,33.9,19.2,59.9,1.0,0,7.6,28.9,20.3,42.3,1.0,0,5.6,1.0,42,1.0,38,1.0,42,1.0,38,comparable,comparable,-5.0,-5.0,False,
Troy Hill,Oakland,residents,1,1577.0,40.463279,-79.983408,40.439223,-79.964103,57.1,44.1,83.1,1.0,1,15.0,49.4,39.4,66.4,1.0,1,10.6,64.1,49.2,86.1,1.0,2,21.1,51.4,40.4,66.4,1.0,1,15.7,1.0,25,1.0,21,1.0,25,1.0,21,comparable,comparable,-7.7,-12.7,False,
"Turtle Creek borough (Allegheny, PA)",Downtown,residents,6,6167.0,40.411198,-79.821773,40.440773,-79.999105,70.7,47.0,130.7,0.829,1,15.0,81.0,53.5,109.5,0.829,1,15.6,70.7,47.0,130.7,0.829,1,15.3,81.0,53.5,109.5,0.829,1,17.5,0.829,42,0.829,38,0.829,42,0.829,38,comparable,comparable,10.3,10.3,False,3.1
"Turtle Creek borough (Allegheny, PA)",Oakland,residents,6,6167.0,40.411198,-79.821773,40.439223,-79.964103,83.1,59.1,133.1,0.829,1,14.6,90.7,65.7,125.7,0.829,2,22.3,83.1,59.1,133.1,0.829,1,14.6,90.7,65.7,125.7,0.829,2,25.8,0.829,25,0.829,21,0.829,25,0.829,21,comparable,comparable,7.6,7.6,False,7.0
Upper Hill,Downtown,residents,2,1723.0,40.452912,-79.959588,40.440773,-79.999105,34.4,23.4,54.0,1.0,0,5.3,31.4,21.4,46.4,1.0,0,6.9,34.4,23.4,54.0,1.0,0,5.3,31.4,21.4,46.4,1.0,0,6.9,1.0,42,1.0,38,1.0,42,1.0,38,comparable,comparable,-3.0,-3.0,False,2.0
Upper Hill,Oakland,residents,2,1723.0,40.452912,-79.959588,40.439223,-79.964103,33.0,14.0,55.0,1.0,0,10.1,29.2,13.0,47.3,1.0,0,9.9,33.0,14.0,55.0,1.0,0,10.1,29.2,13.0,47.3,1.0,0,10.9,1.0,25,1.0,21,1.0,25,1.0,21,comparable,comparable,-3.8,-3.8,False,2.0
Upper Lawrenceville,Downtown,residents,3,2394.0,40.48037,-79.951355,40.440773,-79.999105,40.5,30.5,49.5,1.0,0,6.0,33.7,23.7,47.7,1.0,0,5.1,40.5,30.5,49.5,1.0,0,5.7,33.7,23.7,47.7,1.0,0,5.1,1.0,42,1.0,38,1.0,42,1.0,38,comparable,comparable,-6.8,-6.8,False,2.0
Upper Lawrenceville,Oakland,residents,3,2394.0,40.48037,-79.951355,40.439223,-79.964103,50.1,32.2,66.2,1.0,0,10.7,43.2,26.2,61.7,1.0,0,8.0,51.2,32.2,66.2,1.0,0,11.6,44.2,26.2,68.2,1.0,0,9.4,1.0,25,1.0,21,1.0,25,1.0,21,comparable,comparable,-6.9,-7.0,False,1.8
"Upper St. Clair township (Allegheny, PA)",Downtown,residents,2,2634.0,40.344862,-80.094579,40.440773,-79.999105,,,,0.0,,,,,,0.0,,,,,,0.0,,,,,,0.0,,,0.0,42,0.0,38,0.0,42,0.0,38,no_origin_coverage,no_origin_coverage,,,,
"Upper St. Clair township (Allegheny, PA)",Oakland,residents,2,2634.0,40.344862,-80.094579,40.439223,-79.964103,,,,0.0,,,,,,0.0,,,,,,0.0,,,,,,0.0,,,0.0,25,0.0,21,0.0,25,0.0,21,no_origin_coverage,no_origin_coverage,,,,
"Verona borough (Allegheny, PA)",Downtown,residents,3,2492.0,40.505098,-79.840067,40.440773,-79.999105,69.0,49.0,138.0,1.0,0,13.1,70.0,52.4,91.0,0.713,1,12.1,69.0,49.0,138.0,1.0,0,13.1,70.0,52.4,91.0,0.713,1,12.1,1.0,42,1.0,38,1.0,42,1.0,38,comparable,comparable,1.0,1.0,False,0.5
"Verona borough (Allegheny, PA)",Oakland,residents,3,2492.0,40.505098,-79.840067,40.439223,-79.964103,85.1,62.1,150.1,1.0,2,18.4,80.7,65.9,102.7,0.713,1,17.4,86.1,62.1,154.1,1.0,2,22.4,80.7,66.7,102.7,0.713,2,20.6,1.0,25,1.0,21,1.0,25,1.0,21,comparable,comparable,-4.4,-5.4,False,0.8
"Versailles borough (Allegheny, PA)",Downtown,residents,2,3086.0,40.311131,-79.826517,40.440773,-79.999105,135.1,77.0,173.1,0.478,3,61.1,,,,0.0,,,135.1,77.0,173.1,0.478,3,62.8,,,,0.0,,,0.478,42,0.478,38,0.478,42,0.478,38,no_journey,no_journey,,,,
"Versailles borough (Allegheny, PA)",Oakland,residents,2,3086.0,40.311131,-79.826517,40.439223,-79.964103,139.1,93.3,170.1,0.478,2,55.9,,,,0.0,,,139.1,93.6,170.1,0.478,2,57.6,,,,0.0,,,0.478,25,0.478,21,0.478,25,0.478,21,no_journey,no_journey,,,,
West End,Downtown,stops,1,,40.441707,-80.03399,40.440773,-79.999105,22.2,15.2,30.2,1.0,0,4.1,19.3,12.7,36.6,1.0,0,4.0,22.2,15.3,30.3,1.0,0,4.1,19.3,12.7,36.6,1.0,0,4.0,1.0,42,1.0,38,1.0,42,1.0,38,comparable,comparable,-2.9,-2.9,False,
West End,Oakland,stops,1,,40.441707,-80.03399,40.439223,-79.964103,44.1,31.1,57.1,1.0,1,9.8,40.4,30.4,54.4,1.0,1,11.0,45.1,31.1,58.1,1.0,1,12.0,40.4,30.4,54.4,1.0,1,11.7,1.0,25,1.0,21,1.0,25,1.0,21,comparable,comparable,-3.7,-4.7,False,
"West Homestead borough (Allegheny, PA)",Downtown,stops,1,,40.405745,-79.919736,40.440773,-79.999105,46.1,33.1,57.1,1.0,1,13.9,59.5,46.9,68.5,1.0,1,16.2,46.1,33.1,57.1,1.0,1,14.1,59.5,46.9,68.5,1.0,1,16.2,1.0,42,1.0,38,1.0,42,1.0,38,comparable,comparable,13.4,13.4,False,
"West Homestead borough (Allegheny, PA)",Oakland,stops,1,,40.405745,-79.919736,40.439223,-79.964103,51.1,40.1,62.4,1.0,1,8.1,55.2,43.2,64.9,1.0,0,11.1,51.1,40.1,63.1,1.0,1,9.1,55.7,43.2,65.7,1.0,1,12.1,1.0,25,1.0,21,1.0,25,1.0,21,comparable,comparable,4.1,4.6,False,
"West Mifflin borough (Allegheny, PA)",Downtown,residents,15,16625.0,40.366747,-79.895706,40.440773,-79.999105,68.1,38.1,117.0,0.713,0,17.1,72.7,43.7,111.9,0.513,1,14.0,68.1,38.1,117.0,0.713,0,18.0,72.7,43.7,111.9,0.513,1,14.4,0.793,42,0.615,38,0.793,42,0.615,38,comparable,comparable,4.6,4.6,False,17.6
"West Mifflin borough (Allegheny, PA)",Oakland,residents,15,16625.0,40.366747,-79.895706,40.439223,-79.964103,84.1,56.1,131.1,0.713,2,20.6,75.7,56.9,123.6,0.513,1,14.1,84.4,56.1,131.1,0.713,2,21.5,76.7,57.7,123.7,0.513,1,16.0,0.793,25,0.615,21,0.793,25,0.615,21,comparable,comparable,-8.4,-7.7,False,17.4
West Oakland,Downtown,residents,2,1493.0,40.44106,-79.962096,40.440773,-79.999105,25.0,18.1,52.1,1.0,0,2.5,24.5,15.9,51.9,1.0,0,3.4,25.0,18.1,52.1,1.0,0,2.5,24.5,15.9,54.9,1.0,0,2.4,1.0,42,1.0,38,1.0,42,1.0,38,comparable,comparable,-0.5,-0.5,False,3.3
"West View borough (Allegheny, PA)",Downtown,residents,12,13745.0,40.522032,-80.034256,40.440773,-79.999105,54.9,32.6,71.9,0.428,0,7.1,56.9,42.9,111.6,0.486,0,9.9,54.9,32.6,71.9,0.428,0,7.1,56.9,42.9,111.6,0.486,0,9.9,0.428,42,0.486,38,0.428,42,0.486,38,comparable,comparable,2.0,2.0,False,5.3
"West View borough (Allegheny, PA)",Oakland,residents,12,13745.0,40.522032,-80.034256,40.439223,-79.964103,78.1,55.1,98.1,0.428,1,12.6,77.4,57.4,135.4,0.486,1,16.0,82.1,55.1,100.1,0.428,2,16.6,78.4,57.4,135.4,0.486,1,17.1,0.428,25,0.486,21,0.428,25,0.486,21,comparable,comparable,-0.7,-3.7,False,2.0
Westwood,Downtown,residents,2,3722.0,40.432289,-80.050049,40.440773,-79.999105,55.7,37.7,75.7,0.616,0,16.4,51.3,32.7,66.7,0.616,0,12.7,55.7,37.7,75.7,0.616,0,16.4,51.3,32.7,66.7,0.616,0,12.7,0.616,42,0.616,38,0.616,42,0.616,38,comparable,comparable,-4.4,-4.4,False,
Westwood,Oakland,residents,2,3722.0,40.432289,-80.050049,40.439223,-79.964103,78.1,55.1,101.1,0.616,1,21.5,69.4,47.4,89.4,0.616,1,19.4,78.1,55.1,101.1,0.616,1,21.5,69.4,47.4,89.4,0.616,1,19.4,0.616,25,0.616,21,0.616,25,0.616,21,comparable,comparable,-8.7,-8.7,False,
"Whitaker borough (Allegheny, PA)",Downtown,residents,1,1179.0,40.399038,-79.888739,40.440773,-79.999105,53.1,33.1,76.1,1.0,0,11.1,57.7,39.7,86.9,1.0,0,14.1,53.1,33.1,76.1,1.0,0,13.1,57.7,39.7,86.9,1.0,0,14.1,1.0,42,1.0,38,1.0,42,1.0,38,comparable,comparable,4.6,4.6,False,
"Whitaker borough (Allegheny, PA)",Oakland,residents,1,1179.0,40.399038,-79.888739,40.439223,-79.964103,69.1,53.1,86.4,1.0,2,13.6,66.9,52.9,83.9,1.0,1,14.3,69.1,53.1,86.4,1.0,2,13.4,67.7,53.7,84.7,1.0,2,20.1,1.0,25,1.0,21,1.0,25,1.0,21,comparable,comparable,-2.2,-1.4,False,
"White Oak borough (Allegheny, PA)",Downtown,residents,5,5794.0,40.342043,-79.808986,40.440773,-79.999105,72.0,60.0,89.0,0.09,0,12.6,,,,0.0,,,72.0,60.0,89.0,0.09,0,12.6,,,,0.0,,,0.208,42,0.0,38,0.208,42,0.0,38,no_origin_coverage,no_origin_coverage,,,,
"White Oak borough (Allegheny, PA)",Oakland,residents,5,5794.0,40.342043,-79.808986,40.439223,-79.964103,90.4,75.1,104.1,0.09,1,18.3,,,,0.0,,,93.1,75.1,104.1,0.09,1,17.7,,,,0.0,,,0.208,25,0.0,21,0.208,25,0.0,21,no_origin_coverage,no_origin_coverage,,,,
"Whitehall borough (Allegheny, PA)",Downtown,residents,15,18974.0,40.360957,-79.990169,40.440773,-79.999105,61.4,30.4,96.2,0.581,0,19.4,50.4,30.0,69.4,0.403,0,11.0,61.4,30.4,96.2,0.581,0,19.7,50.4,30.0,69.4,0.403,0,11.0,0.692,42,0.526,38,0.692,42,0.526,38,comparable,comparable,-11.0,-11.0,False,17.0
"Whitehall borough (Allegheny, PA)",Oakland,residents,15,18974.0,40.360957,-79.990169,40.439223,-79.964103,85.1,53.1,121.1,0.581,1,24.7,70.4,46.4,90.4,0.403,1,15.9,85.1,54.1,121.1,0.581,1,25.7,71.4,46.4,90.4,0.403,1,17.9,0.692,25,0.526,21,0.692,25,0.526,21,comparable,comparable,-14.7,-13.7,False,14.7
"Wilkins township (Allegheny, PA)",Downtown,residents,2,3258.0,40.432021,-79.815764,40.440773,-79.999105,,,,0.0,,,,,,0.0,,,,,,0.0,,,,,,0.0,,,0.443,42,0.443,38,0.443,42,0.443,38,no_journey,no_journey,,,,
"Wilkins township (Allegheny, PA)",Oakland,residents,2,3258.0,40.432021,-79.815764,40.439223,-79.964103,,,,0.0,,,,,,0.0,,,,,,0.0,,,,,,0.0,,,0.443,25,0.443,21,0.443,25,0.443,21,no_journey,no_journey,,,,
"Wilkinsburg borough (Allegheny, PA)",Downtown,residents,17,15146.0,40.442747,-79.876239,40.440773,-79.999105,37.9,20.7,88.0,0.962,0,6.8,41.4,26.4,75.0,0.881,1,7.6,38.0,20.7,88.0,0.962,1,7.6,41.4,26.4,75.0,0.881,1,7.7,0.962,42,0.881,38,0.962,42,0.881,38,comparable,comparable,3.5,3.4,False,11.2
"Wilkinsburg borough (Allegheny, PA)",Oakland,residents,17,15146.0,40.442747,-79.876239,40.439223,-79.964103,50.1,32.1,98.1,0.962,1,8.5,48.7,33.7,86.7,0.881,1,10.4,51.1,32.1,101.1,0.962,1,9.4,48.7,33.7,86.7,0.881,1,12.4,0.962,25,0.881,21,0.962,25,0.881,21,comparable,comparable,-1.4,-2.4,False,7.3
"Wilmerding borough (Allegheny, PA)",Downtown,residents,3,2583.0,40.39171,-79.807834,40.440773,-79.999105,78.0,46.7,122.0,0.69,1,22.0,79.0,52.5,120.0,0.69,0,22.3,78.0,46.7,122.0,0.69,1,24.0,79.0,52.5,120.0,0.69,0,22.3,0.69,42,0.69,38,0.69,42,0.69,38,comparable,comparable,1.0,1.0,False,4.0
"Wilmerding borough (Allegheny, PA)",Oakland,residents,3,2583.0,40.39171,-79.807834,40.439223,-79.964103,82.1,60.1,114.1,0.69,0,17.3,89.7,64.7,131.7,0.69,2,27.6,82.1,60.1,114.1,0.69,0,19.6,89.7,64.7,131.7,0.69,1,32.8,0.69,25,0.69,21,0.69,25,0.69,21,comparable,comparable,7.6,7.6,False,1.0
Windgap,Downtown,residents,1,757.0,40.459317,-80.077464,40.440773,-79.999105,39.2,27.2,58.2,1.0,0,8.6,49.6,33.3,68.7,1.0,1,20.6,39.3,27.3,58.3,1.0,0,8.6,49.6,33.3,68.7,1.0,1,21.6,1.0,42,1.0,38,1.0,42,1.0,38,comparable,comparable,10.4,10.3,False,
Windgap,Oakland,residents,1,757.0,40.459317,-80.077464,40.439223,-79.964103,61.1,46.1,81.1,1.0,1,13.6,67.4,44.4,89.4,1.0,1,25.8,61.1,46.1,81.1,1.0,1,17.5,67.4,44.4,89.4,1.0,1,26.6,1.0,25,1.0,21,1.0,25,1.0,21,comparable,comparable,6.3,6.3,False,
