place,anchor,geoid,lat,lon,population,headline_current_median_min,headline_current_reachable_fraction,headline_current_access_stops,headline_proposed_median_min,headline_proposed_reachable_fraction,headline_proposed_access_stops,strict_current_median_min,strict_current_reachable_fraction,strict_current_access_stops,strict_proposed_median_min,strict_proposed_reachable_fraction,strict_proposed_access_stops,change_headline_min
Allegheny Center,Downtown,420035627002,40.451882,-80.00517,1419.0,12.8,1.0,18,12.8,1.0,15,12.8,1.0,18,12.8,1.0,15,0.0
Allegheny Center,Downtown,420035651001,40.456836,-80.010717,2972.0,18.8,1.0,14,19.1,1.0,13,18.8,1.0,14,19.1,1.0,13,0.3
Allegheny Center,Oakland,420035627002,40.451882,-80.00517,1419.0,38.7,1.0,18,33.4,1.0,15,38.7,1.0,18,33.7,1.0,15,-5.3
Allegheny Center,Oakland,420035651001,40.456836,-80.010717,2972.0,43.7,1.0,14,39.4,1.0,13,43.7,1.0,14,39.7,1.0,13,-4.3
Allegheny West,Downtown,420035627001,40.452309,-80.016453,540.0,20.8,1.0,17,20.2,1.0,10,20.8,1.0,17,20.8,1.0,10,-0.6
Allegheny West,Oakland,420035627001,40.452309,-80.016453,540.0,46.7,1.0,17,40.4,1.0,10,46.7,1.0,17,40.7,1.0,10,-6.3
Allentown,Downtown,420031803001,40.423422,-79.994066,1032.0,27.8,1.0,18,25.8,1.0,11,27.9,1.0,18,26.3,1.0,11,-2.0
Allentown,Downtown,420031803002,40.420821,-79.99289,677.0,25.8,1.0,15,25.8,1.0,13,25.9,1.0,15,25.8,1.0,13,0.0
Allentown,Downtown,420031803003,40.419196,-79.992787,596.0,28.5,1.0,19,29.3,1.0,15,28.8,1.0,19,29.3,1.0,15,0.8
Allentown,Oakland,420031803001,40.423422,-79.994066,1032.0,44.6,1.0,18,42.4,1.0,11,44.6,1.0,18,42.7,1.0,11,-2.2
Allentown,Oakland,420031803002,40.420821,-79.99289,677.0,43.7,1.0,15,41.7,1.0,13,43.7,1.0,15,41.7,1.0,13,-2.0
Allentown,Oakland,420031803003,40.419196,-79.992787,596.0,43.6,1.0,19,41.4,1.0,15,43.6,1.0,19,41.7,1.0,15,-2.2
"Ambridge borough (Beaver, PA)",Downtown,420076039002,40.59357,-80.215043,1532.0,,0.0,0,,0.0,0,,0.0,0,,0.0,0,
"Ambridge borough (Beaver, PA)",Downtown,420076040001,40.600249,-80.223333,1296.0,,0.0,0,,0.0,0,,0.0,0,,0.0,0,
"Ambridge borough (Beaver, PA)",Downtown,420076040002,40.593663,-80.223462,1298.0,,0.0,0,,0.0,0,,0.0,0,,0.0,0,
"Ambridge borough (Beaver, PA)",Downtown,420076041001,40.58197,-80.222733,1026.0,85.4,1.0,7,105.8,1.0,7,85.4,1.0,7,105.8,1.0,7,20.4
"Ambridge borough (Beaver, PA)",Downtown,420076041002,40.586179,-80.227289,902.0,85.4,1.0,4,105.8,1.0,4,85.4,1.0,4,105.8,1.0,4,20.4
"Ambridge borough (Beaver, PA)",Downtown,420076041003,40.587458,-80.223727,851.0,89.4,1.0,2,109.8,1.0,2,89.4,1.0,2,109.8,1.0,2,20.4
"Ambridge borough (Beaver, PA)",Downtown,420076042001,40.597264,-80.231296,950.0,,0.0,0,,0.0,0,,0.0,0,,0.0,0,
"Ambridge borough (Beaver, PA)",Downtown,420076042002,40.590963,-80.229871,649.0,87.4,1.0,6,108.8,1.0,6,87.4,1.0,6,108.8,1.0,6,21.4
"Ambridge borough (Beaver, PA)",Downtown,420076048003,40.577867,-80.24739,2737.0,,0.0,0,,0.0,0,,0.0,0,,0.0,0,
"Ambridge borough (Beaver, PA)",Oakland,420076039002,40.59357,-80.215043,1532.0,,0.0,0,,0.0,0,,0.0,0,,0.0,0,
"Ambridge borough (Beaver, PA)",Oakland,420076040001,40.600249,-80.223333,1296.0,,0.0,0,,0.0,0,,0.0,0,,0.0,0,
"Ambridge borough (Beaver, PA)",Oakland,420076040002,40.593663,-80.223462,1298.0,,0.0,0,,0.0,0,,0.0,0,,0.0,0,
"Ambridge borough (Beaver, PA)",Oakland,420076041001,40.58197,-80.222733,1026.0,111.6,1.0,7,125.7,1.0,7,111.6,1.0,7,125.7,1.0,7,14.1
"Ambridge borough (Beaver, PA)",Oakland,420076041002,40.586179,-80.227289,902.0,111.6,1.0,4,125.7,1.0,4,111.6,1.0,4,125.7,1.0,4,14.1
"Ambridge borough (Beaver, PA)",Oakland,420076041003,40.587458,-80.223727,851.0,115.6,1.0,2,129.7,1.0,2,115.6,1.0,2,129.7,1.0,2,14.1
"Ambridge borough (Beaver, PA)",Oakland,420076042001,40.597264,-80.231296,950.0,,0.0,0,,0.0,0,,0.0,0,,0.0,0,
"Ambridge borough (Beaver, PA)",Oakland,420076042002,40.590963,-80.229871,649.0,113.6,1.0,6,128.7,1.0,6,113.6,1.0,6,128.7,1.0,6,15.1
"Ambridge borough (Beaver, PA)",Oakland,420076048003,40.577867,-80.24739,2737.0,,0.0,0,,0.0,0,,0.0,0,,0.0,0,
Arlington-Arlington Heights,Downtown,420031610001,40.414432,-79.972292,2666.0,40.8,1.0,4,37.5,1.0,4,40.8,1.0,4,37.5,1.0,4,-3.3
Arlington-Arlington Heights,Oakland,420031610001,40.414432,-79.972292,2666.0,47.6,1.0,4,41.4,1.0,4,47.6,1.0,4,41.7,1.0,4,-6.2
"Aspinwall borough (Allegheny, PA)",Downtown,420034212003,40.495067,-79.899281,300.0,,0.0,0,,0.0,0,,0.0,0,,0.0,0,
"Aspinwall borough (Allegheny, PA)",Downtown,420034230002,40.490857,-79.899888,1032.0,47.8,1.0,6,41.0,1.0,6,47.8,1.0,6,41.0,1.0,6,-6.8
"Aspinwall borough (Allegheny, PA)",Downtown,420034230003,40.492277,-79.905382,893.0,46.8,1.0,7,39.9,1.0,7,46.8,1.0,7,39.9,1.0,7,-6.9
"Aspinwall borough (Allegheny, PA)",Downtown,420039801001,40.485757,-79.90953,8.0,,0.0,0,51.7,1.0,1,,0.0,0,57.0,1.0,1,
"Aspinwall borough (Allegheny, PA)",Oakland,420034212003,40.495067,-79.899281,300.0,,0.0,0,,0.0,0,,0.0,0,,0.0,0,
"Aspinwall borough (Allegheny, PA)",Oakland,420034230002,40.490857,-79.899888,1032.0,59.6,1.0,6,42.6,1.0,6,60.6,1.0,6,42.6,1.0,6,-17.0
"Aspinwall borough (Allegheny, PA)",Oakland,420034230003,40.492277,-79.905382,893.0,58.6,1.0,7,40.6,1.0,7,58.6,1.0,7,40.6,1.0,7,-18.0
"Aspinwall borough (Allegheny, PA)",Oakland,420039801001,40.485757,-79.90953,8.0,,0.0,0,46.6,1.0,1,,0.0,0,51.6,1.0,1,
"Avalon borough (Allegheny, PA)",Downtown,420034323001,40.504852,-80.068226,1092.0,43.8,1.0,3,44.1,1.0,3,43.8,1.0,3,44.1,1.0,3,0.3
"Avalon borough (Allegheny, PA)",Downtown,420034323002,40.500874,-80.064363,1091.0,39.8,1.0,7,40.8,1.0,7,39.8,1.0,7,40.8,1.0,7,1.0
"Avalon borough (Allegheny, PA)",Downtown,420034324001,40.49747,-80.06393,934.0,39.4,1.0,13,40.1,1.0,13,39.4,1.0,13,40.1,1.0,13,0.7
"Avalon borough (Allegheny, PA)",Downtown,420034324002,40.500028,-80.069263,837.0,40.8,1.0,12,41.8,1.0,12,40.8,1.0,12,41.8,1.0,12,1.0
"Avalon borough (Allegheny, PA)",Downtown,420034324003,40.499499,-80.070336,808.0,41.8,1.0,11,42.2,1.0,11,41.8,1.0,11,42.4,1.0,11,0.4
"Avalon borough (Allegheny, PA)",Oakland,420034323001,40.504852,-80.068226,1092.0,69.7,1.0,3,63.7,1.0,3,69.7,1.0,3,63.7,1.0,3,-6.0
"Avalon borough (Allegheny, PA)",Oakland,420034323002,40.500874,-80.064363,1091.0,65.7,1.0,7,60.4,1.0,7,65.7,1.0,7,60.7,1.0,7,-5.3
"Avalon borough (Allegheny, PA)",Oakland,420034324001,40.49747,-80.06393,934.0,64.7,1.0,13,60.4,1.0,13,64.7,1.0,13,60.7,1.0,13,-4.3
"Avalon borough (Allegheny, PA)",Oakland,420034324002,40.500028,-80.069263,837.0,66.7,1.0,12,61.7,1.0,12,66.7,1.0,12,61.7,1.0,12,-5.0
"Avalon borough (Allegheny, PA)",Oakland,420034324003,40.499499,-80.070336,808.0,66.7,1.0,11,62.7,1.0,11,66.7,1.0,11,62.7,1.0,11,-4.0
"Baldwin borough (Allegheny, PA)",Downtown,420034754012,40.340533,-80.010423,1702.0,,0.0,0,,0.0,0,,0.0,0,,0.0,0,
"Baldwin borough (Allegheny, PA)",Downtown,420034754013,40.331954,-80.016807,787.0,,0.0,0,,0.0,0,,0.0,0,,0.0,0,
"Baldwin borough (Allegheny, PA)",Downtown,420034801011,40.346695,-79.990308,715.0,57.8,1.0,4,54.8,0.808,2,57.8,1.0,4,54.8,0.808,2,-3.0
"Baldwin borough (Allegheny, PA)",Downtown,420034801012,40.338029,-79.987921,1121.0,72.4,0.383,3,,0.0,0,72.4,0.383,3,,0.0,0,
"Baldwin borough (Allegheny, PA)",Downtown,420034801013,40.342579,-79.976592,1777.0,64.8,1.0,1,61.8,1.0,1,64.8,1.0,1,61.8,1.0,1,-3.0
"Baldwin borough (Allegheny, PA)",Downtown,420034801014,40.33918,-79.979573,2362.0,58.8,1.0,10,57.8,1.0,12,58.8,1.0,10,57.8,1.0,12,-1.0
"Baldwin borough (Allegheny, PA)",Downtown,420034801021,40.348829,-80.003789,1066.0,69.4,0.442,4,,0.0,0,69.4,0.442,4,,0.0,0,
"Baldwin borough (Allegheny, PA)",Downtown,420034801022,40.343742,-80.000999,1215.0,69.4,0.442,7,,0.0,0,69.4,0.442,7,,0.0,0,
"Baldwin borough (Allegheny, PA)",Downtown,420034801023,40.34212,-79.994599,840.0,70.4,0.417,8,,0.0,0,70.4,0.417,8,,0.0,0,
"Baldwin borough (Allegheny, PA)",Downtown,420034802001,40.359061,-79.961389,2253.0,67.8,1.0,4,49.8,1.0,4,67.8,1.0,4,49.8,1.0,4,-18.0
"Baldwin borough (Allegheny, PA)",Downtown,420034802002,40.352917,-79.969321,739.0,,0.0,0,,0.0,0,,0.0,0,,0.0,0,
"Baldwin borough (Allegheny, PA)",Downtown,420034802003,40.346222,-79.966737,805.0,,0.0,0,,0.0,0,,0.0,0,,0.0,0,
"Baldwin borough (Allegheny, PA)",Downtown,420034803001,40.400702,-79.971903,693.0,57.8,1.0,4,,0.0,0,59.8,1.0,4,,0.0,0,
"Baldwin borough (Allegheny, PA)",Downtown,420034803002,40.393196,-79.963524,1537.0,56.4,1.0,2,,0.0,0,58.8,1.0,2,,0.0,0,
"Baldwin borough (Allegheny, PA)",Downtown,420034803003,40.391078,-79.972128,1383.0,55.8,1.0,9,,0.0,0,58.8,1.0,9,,0.0,0,
"Baldwin borough (Allegheny, PA)",Downtown,420034804001,40.387025,-79.95045,1274.0,70.5,1.0,3,,0.0,0,71.5,1.0,3,,0.0,0,
"Baldwin borough (Allegheny, PA)",Downtown,420034804002,40.380963,-79.947758,1044.0,,0.0,0,,0.0,0,,0.0,0,,0.0,0,
"Baldwin borough (Allegheny, PA)",Downtown,420034804003,40.382363,-79.962911,1574.0,68.5,1.0,1,,0.0,0,69.5,1.0,1,,0.0,0,
"Baldwin borough (Allegheny, PA)",Downtown,420034900032,40.331259,-79.993764,1228.0,,0.0,0,,0.0,0,,0.0,0,,0.0,0,
"Baldwin borough (Allegheny, PA)",Oakland,420034754012,40.340533,-80.010423,1702.0,,0.0,0,,0.0,0,,0.0,0,,0.0,0,
"Baldwin borough (Allegheny, PA)",Oakland,420034754013,40.331954,-80.016807,787.0,,0.0,0,,0.0,0,,0.0,0,,0.0,0,
"Baldwin borough (Allegheny, PA)",Oakland,420034801011,40.346695,-79.990308,715.0,82.7,1.0,4,74.7,0.808,2,82.7,1.0,4,74.7,0.808,2,-8.0
"Baldwin borough (Allegheny, PA)",Oakland,420034801012,40.338029,-79.987921,1121.0,96.6,0.383,3,,0.0,0,96.6,0.383,3,,0.0,0,
"Baldwin borough (Allegheny, PA)",Oakland,420034801013,40.342579,-79.976592,1777.0,89.7,1.0,1,81.7,1.0,1,89.7,1.0,1,81.7,1.0,1,-8.0
"Baldwin borough (Allegheny, PA)",Oakland,420034801014,40.33918,-79.979573,2362.0,83.7,1.0,10,77.7,1.0,12,83.7,1.0,10,77.7,1.0,12,-6.0
"Baldwin borough (Allegheny, PA)",Oakland,420034801021,40.348829,-80.003789,1066.0,93.6,0.442,4,,0.0,0,93.6,0.442,4,,0.0,0,
"Baldwin borough (Allegheny, PA)",Oakland,420034801022,40.343742,-80.000999,1215.0,93.6,0.442,7,,0.0,0,93.6,0.442,7,,0.0,0,
"Baldwin borough (Allegheny, PA)",Oakland,420034801023,40.34212,-79.994599,840.0,94.6,0.417,8,,0.0,0,94.6,0.417,8,,0.0,0,
"Baldwin borough (Allegheny, PA)",Oakland,420034802001,40.359061,-79.961389,2253.0,88.6,1.0,4,71.7,1.0,4,88.6,1.0,4,71.7,1.0,4,-16.9
"Baldwin borough (Allegheny, PA)",Oakland,420034802002,40.352917,-79.969321,739.0,,0.0,0,,0.0,0,,0.0,0,,0.0,0,
"Baldwin borough (Allegheny, PA)",Oakland,420034802003,40.346222,-79.966737,805.0,,0.0,0,,0.0,0,,0.0,0,,0.0,0,
"Baldwin borough (Allegheny, PA)",Oakland,420034803001,40.400702,-79.971903,693.0,69.6,1.0,4,,0.0,0,70.6,1.0,4,,0.0,0,
"Baldwin borough (Allegheny, PA)",Oakland,420034803002,40.393196,-79.963524,1537.0,68.6,1.0,2,,0.0,0,69.6,1.0,2,,0.0,0,
"Baldwin borough (Allegheny, PA)",Oakland,420034803003,40.391078,-79.972128,1383.0,67.6,1.0,9,,0.0,0,69.6,1.0,9,,0.0,0,
"Baldwin borough (Allegheny, PA)",Oakland,420034804001,40.387025,-79.95045,1274.0,84.6,1.0,3,,0.0,0,85.6,1.0,3,,0.0,0,
"Baldwin borough (Allegheny, PA)",Oakland,420034804002,40.380963,-79.947758,1044.0,,0.0,0,,0.0,0,,0.0,0,,0.0,0,
"Baldwin borough (Allegheny, PA)",Oakland,420034804003,40.382363,-79.962911,1574.0,81.6,1.0,1,,0.0,0,82.6,1.0,1,,0.0,0,
"Baldwin borough (Allegheny, PA)",Oakland,420034900032,40.331259,-79.993764,1228.0,,0.0,0,,0.0,0,,0.0,0,,0.0,0,
Banksville,Downtown,420031916001,40.421423,-80.024377,776.0,,0.0,0,,0.0,0,,0.0,0,,0.0,0,
Banksville,Downtown,420032023001,40.418663,-80.035167,818.0,,0.0,0,,0.0,0,,0.0,0,,0.0,0,
Banksville,Downtown,420032023002,40.4031,-80.04573,1107.0,43.5,1.0,3,61.5,1.0,5,47.3,1.0,3,61.5,1.0,5,18.0
Banksville,Downtown,420032023003,40.40799,-80.042296,925.0,,0.0,0,,0.0,0,,0.0,0,,0.0,0,
Banksville,Downtown,420034721002,40.400062,-80.038672,942.0,34.9,1.0,5,31.3,1.0,3,35.9,1.0,5,31.3,1.0,3,-3.6
Banksville,Oakland,420031916001,40.421423,-80.024377,776.0,,0.0,0,,0.0,0,,0.0,0,,0.0,0,
Banksville,Oakland,420032023001,40.418663,-80.035167,818.0,,0.0,0,,0.0,0,,0.0,0,,0.0,0,
Banksville,Oakland,420032023002,40.4031,-80.04573,1107.0,63.7,1.0,3,78.7,1.0,5,71.7,1.0,3,78.7,1.0,5,15.0
Banksville,Oakland,420032023003,40.40799,-80.042296,925.0,,0.0,0,,0.0,0,,0.0,0,,0.0,0,
Banksville,Oakland,420034721002,40.400062,-80.038672,942.0,56.7,1.0,5,47.7,1.0,3,61.7,1.0,5,47.7,1.0,3,-9.0
Bedford Dwellings,Downtown,,40.450252,-79.973521,,35.7,1.0,7,26.7,1.0,10,35.7,1.0,7,27.8,1.0,10,-9.0
Bedford Dwellings,Oakland,,40.450252,-79.973521,,31.5,1.0,7,23.6,1.0,10,33.5,1.0,7,24.5,1.0,10,-7.9
Beechview,Downtown,420031916002,40.412883,-80.017587,765.0,30.9,1.0,4,27.3,1.0,4,30.9,1.0,4,27.3,1.0,4,-3.6
Beechview,Downtown,420031916003,40.411702,-80.020549,668.0,30.9,1.0,6,27.3,1.0,6,30.9,1.0,6,27.3,1.0,6,-3.6
Beechview,Downtown,420031916004,40.413627,-80.024495,873.0,32.9,1.0,4,29.3,1.0,4,32.9,1.0,4,29.3,1.0,4,-3.6
Beechview,Downtown,420031916005,40.411581,-80.02711,1059.0,29.9,1.0,5,26.4,1.0,5,30.9,1.0,5,26.6,1.0,5,-3.5
Beechview,Downtown,420031919003,40.39625,-80.026673,586.0,37.8,1.0,11,33.7,1.0,16,37.8,1.0,11,33.7,1.0,16,-4.1
Beechview,Downtown,420031920001,40.405959,-80.022192,682.0,45.8,1.0,4,36.7,1.0,4,45.8,1.0,4,36.7,1.0,4,-9.1
Beechview,Downtown,420031920002,40.401496,-80.025883,602.0,45.8,1.0,6,38.7,1.0,6,46.8,1.0,6,38.7,1.0,6,-7.1
Beechview,Downtown,420031920003,40.404835,-80.030501,694.0,30.9,1.0,4,27.4,1.0,4,31.9,1.0,4,27.6,1.0,4,-3.5
Beechview,Downtown,420031920004,40.40133,-80.029742,898.0,34.9,1.0,3,32.3,1.0,3,34.9,1.0,3,32.3,1.0,3,-2.6
Beechview,Downtown,420031920005,40.408476,-80.02359,579.0,31.9,1.0,8,29.3,1.0,8,31.9,1.0,8,29.3,1.0,8,-2.6
Beechview,Downtown,420032023004,40.413531,-80.035579,1277.0,,0.0,0,,0.0,0,,0.0,0,,0.0,0,
Beechview,Oakland,420031916002,40.412883,-80.017587,765.0,54.7,1.0,4,42.7,1.0,4,56.7,1.0,4,42.7,1.0,4,-12.0
Beechview,Oakland,420031916003,40.411702,-80.020549,668.0,53.7,1.0,6,44.7,1.0,6,55.7,1.0,6,44.7,1.0,6,-9.0
Beechview,Oakland,420031916004,40.413627,-80.024495,873.0,55.7,1.0,4,46.7,1.0,4,57.7,1.0,4,46.7,1.0,4,-9.0
Beechview,Oakland,420031916005,40.411581,-80.02711,1059.0,51.7,1.0,5,43.7,1.0,5,56.7,1.0,5,43.7,1.0,5,-8.0
Beechview,Oakland,420031919003,40.39625,-80.026673,586.0,62.7,1.0,11,48.7,1.0,16,63.6,1.0,11,48.7,1.0,16,-14.0
Beechview,Oakland,420031920001,40.405959,-80.022192,682.0,72.7,1.0,4,47.7,1.0,4,72.7,1.0,4,47.7,1.0,4,-25.0
Beechview,Oakland,420031920002,40.401496,-80.025883,602.0,73.6,1.0,6,48.7,1.0,6,73.7,1.0,6,48.7,1.0,6,-24.9
Beechview,Oakland,420031920003,40.404835,-80.030501,694.0,52.7,1.0,4,44.7,1.0,4,57.7,1.0,4,44.7,1.0,4,-8.0
Beechview,Oakland,420031920004,40.40133,-80.029742,898.0,57.7,1.0,3,49.7,1.0,3,60.7,1.0,3,49.7,1.0,3,-8.0
Beechview,Oakland,420031920005,40.408476,-80.02359,579.0,54.7,1.0,8,46.7,1.0,8,56.7,1.0,8,46.7,1.0,8,-8.0
Beechview,Oakland,420032023004,40.413531,-80.035579,1277.0,,0.0,0,,0.0,0,,0.0,0,,0.0,0,
"Bellevue borough (Allegheny, PA)",Downtown,420034296002,40.500636,-80.04697,990.0,67.8,1.0,1,62.5,1.0,1,67.8,1.0,1,62.5,1.0,1,-5.3
"Bellevue borough (Allegheny, PA)",Downtown,420034311001,40.49298,-80.050072,1649.0,34.8,1.0,13,34.8,1.0,11,34.8,1.0,13,34.8,1.0,11,0.0
"Bellevue borough (Allegheny, PA)",Downtown,420034311002,40.488769,-80.051658,1604.0,36.5,1.0,13,35.8,1.0,11,36.5,1.0,13,35.8,1.0,11,-0.7
"Bellevue borough (Allegheny, PA)",Downtown,420034314001,40.502381,-80.055144,1893.0,46.8,1.0,9,46.4,1.0,9,46.8,1.0,9,46.4,1.0,9,-0.4
"Bellevue borough (Allegheny, PA)",Downtown,420034315001,40.499493,-80.05879,682.0,39.4,1.0,7,39.8,1.0,7,39.4,1.0,7,39.8,1.0,7,0.4
"Bellevue borough (Allegheny, PA)",Downtown,420034315002,40.497754,-80.054112,856.0,37.8,1.0,14,37.8,1.0,14,37.8,1.0,14,37.8,1.0,14,0.0
"Bellevue borough (Allegheny, PA)",Downtown,420034315003,40.494357,-80.056313,960.0,35.8,1.0,7,36.1,1.0,7,35.8,1.0,7,36.1,1.0,7,0.3
"Bellevue borough (Allegheny, PA)",Downtown,420034315004,40.492127,-80.058656,667.0,55.4,1.0,4,54.1,1.0,4,55.5,1.0,4,63.1,1.0,4,-1.3
"Bellevue borough (Allegheny, PA)",Oakland,420034296002,40.500636,-80.04697,990.0,93.7,1.0,1,83.7,1.0,1,93.7,1.0,1,83.7,1.0,1,-10.0
"Bellevue borough (Allegheny, PA)",Oakland,420034311001,40.49298,-80.050072,1649.0,60.7,1.0,13,55.7,1.0,11,60.7,1.0,13,55.7,1.0,11,-5.0
"Bellevue borough (Allegheny, PA)",Oakland,420034311002,40.488769,-80.051658,1604.0,62.7,1.0,13,56.7,1.0,11,62.7,1.0,13,56.7,1.0,11,-6.0
"Bellevue borough (Allegheny, PA)",Oakland,420034314001,40.502381,-80.055144,1893.0,71.7,1.0,9,67.7,1.0,9,71.7,1.0,9,67.7,1.0,9,-4.0
"Bellevue borough (Allegheny, PA)",Oakland,420034315001,40.499493,-80.05879,682.0,65.7,1.0,7,59.4,1.0,7,65.7,1.0,7,59.7,1.0,7,-6.3
"Bellevue borough (Allegheny, PA)",Oakland,420034315002,40.497754,-80.054112,856.0,63.7,1.0,14,58.7,1.0,14,63.7,1.0,14,58.7,1.0,14,-5.0
"Bellevue borough (Allegheny, PA)",Oakland,420034315003,40.494357,-80.056313,960.0,61.7,1.0,7,57.4,1.0,7,61.7,1.0,7,57.7,1.0,7,-4.3
"Bellevue borough (Allegheny, PA)",Oakland,420034315004,40.492127,-80.058656,667.0,79.7,1.0,4,75.7,1.0,4,79.7,1.0,4,82.7,1.0,4,-4.0
Beltzhoover,Downtown,420031807003,40.422831,-80.000958,790.0,26.8,1.0,28,24.8,1.0,14,26.9,1.0,28,24.8,1.0,14,-2.0
Beltzhoover,Downtown,420035624002,40.415848,-80.002736,649.0,39.8,1.0,15,34.5,1.0,14,40.5,1.0,15,34.5,1.0,14,-5.3
Beltzhoover,Downtown,420035624003,40.418947,-80.003113,955.0,26.5,1.0,27,26.8,1.0,27,26.5,1.0,27,26.8,1.0,27,0.3
Beltzhoover,Oakland,420031807003,40.422831,-80.000958,790.0,44.6,1.0,28,41.4,1.0,14,44.6,1.0,28,41.7,1.0,14,-3.2
Beltzhoover,Oakland,420035624002,40.415848,-80.002736,649.0,46.6,1.0,15,43.7,1.0,14,46.6,1.0,15,43.7,1.0,14,-2.9
Beltzhoover,Oakland,420035624003,40.418947,-80.003113,955.0,44.6,1.0,27,41.4,1.0,27,44.6,1.0,27,41.7,1.0,27,-3.2
"Ben Avon borough (Allegheny, PA)",Downtown,420034340001,40.505874,-80.078106,923.0,43.5,1.0,10,44.8,1.0,11,43.5,1.0,10,44.8,1.0,11,1.3
"Ben Avon borough (Allegheny, PA)",Downtown,420034340002,40.507662,-80.08399,995.0,50.4,1.0,10,49.5,1.0,9,50.4,1.0,10,49.5,1.0,9,-0.9
"Ben Avon borough (Allegheny, PA)",Downtown,420035638006,40.511839,-80.073224,400.0,,0.0,0,,0.0,0,,0.0,0,,0.0,0,
"Ben Avon borough (Allegheny, PA)",Oakland,420034340001,40.505874,-80.078106,923.0,68.7,1.0,10,65.7,1.0,11,68.7,1.0,10,65.7,1.0,11,-3.0
"Ben Avon borough (Allegheny, PA)",Oakland,420034340002,40.507662,-80.08399,995.0,75.7,1.0,10,72.7,1.0,9,75.7,1.0,10,72.7,1.0,9,-3.0
"Ben Avon borough (Allegheny, PA)",Oakland,420035638006,40.511839,-80.073224,400.0,,0.0,0,,0.0,0,,0.0,0,,0.0,0,
"Bethel Park municipality (Allegheny, PA)",Downtown,420034741021,40.347504,-80.06835,2435.0,,0.0,0,,0.0,0,,0.0,0,,0.0,0,
"Bethel Park municipality (Allegheny, PA)",Downtown,420034741022,40.328784,-80.065536,1466.0,,0.0,0,,0.0,0,,0.0,0,,0.0,0,
"Bethel Park municipality (Allegheny, PA)",Downtown,420034751011,40.351605,-80.035424,922.0,46.9,1.0,2,43.3,1.0,2,46.9,1.0,2,43.3,1.0,2,-3.6
"Bethel Park municipality (Allegheny, PA)",Downtown,420034751012,40.34868,-80.030062,850.0,44.9,1.0,4,42.3,1.0,4,44.9,1.0,4,42.3,1.0,4,-2.6
"Bethel Park municipality (Allegheny, PA)",Downtown,420034751013,40.34223,-80.042704,1417.0,50.9,1.0,2,47.3,1.0,2,50.9,1.0,2,47.3,1.0,2,-3.6
"Bethel Park municipality (Allegheny, PA)",Downtown,420034751014,40.348318,-80.046898,1788.0,57.5,1.0,5,,0.0,0,64.3,1.0,5,,0.0,0,
"Bethel Park municipality (Allegheny, PA)",Downtown,420034751021,40.337353,-80.034541,1677.0,,0.0,0,,0.0,0,,0.0,0,,0.0,0,
"Bethel Park municipality (Allegheny, PA)",Downtown,420034752002,40.335147,-80.052979,1535.0,,0.0,0,,0.0,0,,0.0,0,,0.0,0,
"Bethel Park municipality (Allegheny, PA)",Downtown,420034752003,40.327802,-80.052621,1266.0,,0.0,0,,0.0,0,,0.0,0,,0.0,0,
"Bethel Park municipality (Allegheny, PA)",Downtown,420034753011,40.33597,-80.027287,767.0,51.9,1.0,2,52.3,1.0,2,51.9,1.0,2,52.3,1.0,2,0.4
"Bethel Park municipality (Allegheny, PA)",Downtown,420034753014,40.326283,-80.034928,1020.0,,0.0,0,,0.0,0,,0.0,0,,0.0,0,
"Bethel Park municipality (Allegheny, PA)",Downtown,420034761005,40.358653,-80.033149,1377.0,41.9,1.0,3,39.3,1.0,3,41.9,1.0,3,39.3,1.0,3,-2.6
"Bethel Park municipality (Allegheny, PA)",Oakland,420034741021,40.347504,-80.06835,2435.0,,0.0,0,,0.0,0,,0.0,0,,0.0,0,
"Bethel Park municipality (Allegheny, PA)",Oakland,420034741022,40.328784,-80.065536,1466.0,,0.0,0,,0.0,0,,0.0,0,,0.0,0,
"Bethel Park municipality (Allegheny, PA)",Oakland,420034751011,40.351605,-80.035424,922.0,68.7,1.0,2,62.7,1.0,2,69.7,1.0,2,62.7,1.0,2,-6.0
"Bethel Park municipality (Allegheny, PA)",Oakland,420034751012,40.34868,-80.030062,850.0,66.7,1.0,4,62.7,1.0,4,68.6,1.0,4,62.7,1.0,4,-4.0
"Bethel Park municipality (Allegheny, PA)",Oakland,420034751013,40.34223,-80.042704,1417.0,72.7,1.0,2,66.4,1.0,2,74.6,1.0,2,66.7,1.0,2,-6.3
"Bethel Park municipality (Allegheny, PA)",Oakland,420034751014,40.348318,-80.046898,1788.0,77.7,1.0,5,,0.0,0,90.7,1.0,5,,0.0,0,
"Bethel Park municipality (Allegheny, PA)",Oakland,420034751021,40.337353,-80.034541,1677.0,,0.0,0,,0.0,0,,0.0,0,,0.0,0,
"Bethel Park municipality (Allegheny, PA)",Oakland,420034752002,40.335147,-80.052979,1535.0,,0.0,0,,0.0,0,,0.0,0,,0.0,0,
"Bethel Park municipality (Allegheny, PA)",Oakland,420034752003,40.327802,-80.052621,1266.0,,0.0,0,,0.0,0,,0.0,0,,0.0,0,
"Bethel Park municipality (Allegheny, PA)",Oakland,420034753011,40.33597,-80.027287,767.0,73.0,1.0,2,70.7,1.0,2,76.6,1.0,2,70.7,1.0,2,-2.3
"Bethel Park municipality (Allegheny, PA)",Oakland,420034753014,40.326283,-80.034928,1020.0,,0.0,0,,0.0,0,,0.0,0,,0.0,0,
"Bethel Park municipality (Allegheny, PA)",Oakland,420034761005,40.358653,-80.033149,1377.0,64.6,1.0,3,59.7,1.0,3,65.7,1.0,3,59.7,1.0,3,-4.9
"Blawnox borough (Allegheny, PA)",Downtown,420034200001,40.493776,-79.861542,1454.0,63.8,1.0,8,50.7,1.0,8,63.8,1.0,8,50.7,1.0,8,-13.1
"Blawnox borough (Allegheny, PA)",Oakland,420034200001,40.493776,-79.861542,1454.0,76.6,1.0,8,49.6,1.0,8,76.6,1.0,8,50.6,1.0,8,-27.0
Bloomfield,Downtown,420030802001,40.459702,-79.950122,1037.0,30.4,1.0,13,28.9,1.0,13,30.8,1.0,13,28.9,1.0,13,-1.5
Bloomfield,Downtown,420030802002,40.461621,-79.952127,581.0,25.8,1.0,23,25.9,1.0,23,25.9,1.0,23,25.9,1.0,23,0.1
Bloomfield,Downtown,420030804001,40.457868,-79.944234,990.0,27.8,1.0,24,27.7,1.0,20,28.8,1.0,24,28.0,1.0,20,-0.1
Bloomfield,Downtown,420030804002,40.455228,-79.947963,684.0,27.9,1.0,26,26.7,1.0,18,28.7,1.0,26,26.7,1.0,18,-1.2
Bloomfield,Downtown,420030806002,40.458533,-79.939638,684.0,26.9,1.0,21,26.9,1.0,17,28.9,1.0,21,28.9,1.0,17,0.0
Bloomfield,Downtown,420030809001,40.462964,-79.946516,997.0,26.9,1.0,30,25.7,1.0,30,26.9,1.0,30,25.7,1.0,30,-1.2
Bloomfield,Downtown,420030903001,40.464216,-79.950209,873.0,25.8,1.0,31,23.9,1.0,31,25.8,1.0,31,23.9,1.0,31,-1.9
Bloomfield,Downtown,420030903002,40.464546,-79.95512,668.0,23.9,1.0,27,22.7,1.0,27,23.9,1.0,27,22.7,1.0,27,-1.2
Bloomfield,Oakland,420030802001,40.459702,-79.950122,1037.0,25.6,1.0,13,25.6,1.0,13,26.6,1.0,13,25.6,1.0,13,0.0
Bloomfield,Oakland,420030802002,40.461621,-79.952127,581.0,25.6,1.0,23,22.6,1.0,23,26.6,1.0,23,22.6,1.0,23,-3.0
Bloomfield,Oakland,420030804001,40.457868,-79.944234,990.0,20.6,1.0,24,19.4,1.0,20,20.6,1.0,24,20.6,1.0,20,-1.2
Bloomfield,Oakland,420030804002,40.455228,-79.947963,684.0,16.4,1.0,26,14.6,1.0,18,16.6,1.0,26,14.6,1.0,18,-1.8
Bloomfield,Oakland,420030806002,40.458533,-79.939638,684.0,21.6,1.0,21,20.8,1.0,17,21.6,1.0,21,22.8,1.0,17,-0.8
Bloomfield,Oakland,420030809001,40.462964,-79.946516,997.0,26.6,1.0,30,26.6,1.0,30,27.6,1.0,30,26.6,1.0,30,0.0
Bloomfield,Oakland,420030903001,40.464216,-79.950209,873.0,25.6,1.0,31,22.2,1.0,31,25.6,1.0,31,22.2,1.0,31,-3.4
Bloomfield,Oakland,420030903002,40.464546,-79.95512,668.0,25.6,1.0,27,24.2,1.0,27,25.6,1.0,27,24.2,1.0,27,-1.4
Bluff,Downtown,420030103011,40.434601,-79.993324,1807.0,10.9,1.0,9,11.2,1.0,8,10.9,1.0,9,11.2,1.0,8,0.3
Bluff,Downtown,420030103021,40.436387,-79.991162,3326.0,10.7,1.0,13,9.5,1.0,10,10.7,1.0,13,9.5,1.0,10,-1.2
Bluff,Downtown,420030103022,40.437466,-79.980156,749.0,11.8,1.0,16,10.7,1.0,10,11.8,1.0,16,10.7,1.0,10,-1.1
Bluff,Oakland,420030103011,40.434601,-79.993324,1807.0,22.7,1.0,9,25.7,1.0,8,23.7,1.0,9,25.7,1.0,8,3.0
Bluff,Oakland,420030103021,40.436387,-79.991162,3326.0,21.7,1.0,13,18.7,1.0,10,21.7,1.0,13,18.7,1.0,10,-3.0
Bluff,Oakland,420030103022,40.437466,-79.980156,749.0,17.7,1.0,16,15.7,1.0,10,17.7,1.0,16,15.7,1.0,10,-2.0
Bon Air,Downtown,420035624001,40.408023,-79.99938,759.0,25.9,1.0,11,24.3,1.0,2,25.9,1.0,11,24.3,1.0,2,-1.6
Bon Air,Oakland,420035624001,40.408023,-79.99938,759.0,44.6,1.0,11,44.4,1.0,2,44.6,1.0,11,44.7,1.0,2,-0.2
"Brackenridge borough (Allegheny, PA)",Downtown,420034020001,40.613113,-79.739879,625.0,79.9,0.292,9,155.7,1.0,4,79.9,0.292,9,155.7,1.0,4,75.8
"Brackenridge borough (Allegheny, PA)",Downtown,420034020002,40.609511,-79.738682,588.0,77.9,0.3,7,152.7,1.0,6,77.9,0.3,7,152.7,1.0,6,74.8
"Brackenridge borough (Allegheny, PA)",Downtown,420034020003,40.608454,-79.745315,1096.0,74.9,0.317,10,150.7,1.0,10,74.9,0.317,10,150.7,1.0,10,75.8
"Brackenridge borough (Allegheny, PA)",Downtown,420034020004,40.604507,-79.739643,931.0,,0.0,0,108.0,1.0,3,,0.0,0,110.0,1.0,3,
"Brackenridge borough (Allegheny, PA)",Oakland,420034020001,40.613113,-79.739879,625.0,87.6,0.292,9,146.6,1.0,4,87.6,0.292,9,152.6,1.0,4,59.0
"Brackenridge borough (Allegheny, PA)",Oakland,420034020002,40.609511,-79.738682,588.0,85.6,0.3,7,143.6,1.0,6,85.6,0.3,7,149.6,1.0,6,58.0
"Brackenridge borough (Allegheny, PA)",Oakland,420034020003,40.608454,-79.745315,1096.0,82.6,0.317,10,141.6,1.0,10,82.6,0.317,10,147.6,1.0,10,59.0
"Brackenridge borough (Allegheny, PA)",Oakland,420034020004,40.604507,-79.739643,931.0,,0.0,0,109.6,1.0,3,,0.0,0,111.6,1.0,3,
"Braddock Hills borough (Allegheny, PA)",Downtown,420035152001,40.425131,-79.877218,969.0,,0.0,0,,0.0,0,,0.0,0,,0.0,0,
"Braddock Hills borough (Allegheny, PA)",Downtown,420035170001,40.422607,-79.870943,615.0,50.2,1.0,6,59.7,1.0,6,50.4,1.0,6,59.7,1.0,6,9.5
"Braddock Hills borough (Allegheny, PA)",Downtown,420035170002,40.414182,-79.858211,1115.0,48.8,1.0,6,55.7,1.0,6,49.9,1.0,6,55.7,1.0,6,6.9
"Braddock Hills borough (Allegheny, PA)",Oakland,420035152001,40.425131,-79.877218,969.0,,0.0,0,,0.0,0,,0.0,0,,0.0,0,
"Braddock Hills borough (Allegheny, PA)",Oakland,420035170001,40.422607,-79.870943,615.0,59.6,1.0,6,60.6,1.0,6,60.6,1.0,6,60.6,1.0,6,1.0
"Braddock Hills borough (Allegheny, PA)",Oakland,420035170002,40.414182,-79.858211,1115.0,52.6,1.0,6,54.6,1.0,6,52.6,1.0,6,54.6,1.0,6,2.0
"Braddock borough (Allegheny, PA)",Downtown,420035138001,40.408124,-79.869454,685.0,44.8,1.0,16,51.7,1.0,9,45.8,1.0,16,51.7,1.0,9,6.9
"Braddock borough (Allegheny, PA)",Downtown,420035138002,40.403268,-79.86841,1036.0,43.8,1.0,19,49.7,1.0,13,46.9,1.0,19,49.7,1.0,13,5.9
"Braddock borough (Allegheny, PA)",Oakland,420035138001,40.408124,-79.869454,685.0,47.6,1.0,16,50.6,1.0,9,47.6,1.0,16,50.6,1.0,9,3.0
"Braddock borough (Allegheny, PA)",Oakland,420035138002,40.403268,-79.86841,1036.0,46.6,1.0,19,50.6,1.0,13,46.6,1.0,19,50.6,1.0,13,4.0
"Brentwood borough (Allegheny, PA)",Downtown,420034781001,40.378457,-79.978663,1280.0,42.8,1.0,5,43.5,1.0,5,42.8,1.0,5,43.5,1.0,5,0.7
"Brentwood borough (Allegheny, PA)",Downtown,420034781002,40.374228,-79.979064,793.0,41.4,1.0,4,38.8,1.0,4,41.4,1.0,4,38.8,1.0,4,-2.6
"Brentwood borough (Allegheny, PA)",Downtown,420034781003,40.368344,-79.981066,1160.0,42.8,1.0,11,40.5,1.0,11,42.8,1.0,11,40.5,1.0,11,-2.3
"Brentwood borough (Allegheny, PA)",Downtown,420034781004,40.376997,-79.983001,1130.0,40.4,1.0,4,39.8,1.0,4,40.4,1.0,4,39.8,1.0,4,-0.6
"Brentwood borough (Allegheny, PA)",Downtown,420034782001,40.365519,-79.978062,1441.0,46.8,1.0,9,41.8,1.0,9,47.4,1.0,9,41.8,1.0,9,-5.0
"Brentwood borough (Allegheny, PA)",Downtown,420034782002,40.374751,-79.970323,2130.0,,0.0,0,,0.0,0,,0.0,0,,0.0,0,
"Brentwood borough (Allegheny, PA)",Downtown,420034782003,40.3825,-79.972848,2148.0,42.8,1.0,9,42.5,1.0,5,42.8,1.0,9,42.5,1.0,5,-0.3
"Brentwood borough (Allegheny, PA)",Oakland,420034781001,40.378457,-79.978663,1280.0,53.6,1.0,5,51.4,1.0,5,53.6,1.0,5,54.7,1.0,5,-2.2
"Brentwood borough (Allegheny, PA)",Oakland,420034781002,40.374228,-79.979064,793.0,60.6,1.0,4,54.7,1.0,4,61.6,1.0,4,56.7,1.0,4,-5.9
"Brentwood borough (Allegheny, PA)",Oakland,420034781003,40.368344,-79.981066,1160.0,61.7,1.0,11,56.7,1.0,11,62.7,1.0,11,58.7,1.0,11,-5.0
"Brentwood borough (Allegheny, PA)",Oakland,420034781004,40.376997,-79.983001,1130.0,62.7,1.0,4,61.7,1.0,4,66.7,1.0,4,61.7,1.0,4,-1.0
"Brentwood borough (Allegheny, PA)",Oakland,420034782001,40.365519,-79.978062,1441.0,63.7,1.0,9,57.4,1.0,9,63.7,1.0,9,60.7,1.0,9,-6.3
"Brentwood borough (Allegheny, PA)",Oakland,420034782002,40.374751,-79.970323,2130.0,,0.0,0,,0.0,0,,0.0,0,,0.0,0,
"Brentwood borough (Allegheny, PA)",Oakland,420034782003,40.3825,-79.972848,2148.0,53.6,1.0,9,50.4,1.0,5,53.6,1.0,9,52.7,1.0,5,-3.2
"Bridgeville borough (Allegheny, PA)",Downtown,420034560032,40.340769,-80.122508,988.0,,0.0,0,,0.0,0,,0.0,0,,0.0,0,
"Bridgeville borough (Allegheny, PA)",Downtown,420034560034,40.346451,-80.132439,1959.0,,0.0,0,,0.0,0,,0.0,0,,0.0,0,
"Bridgeville borough (Allegheny, PA)",Downtown,420034571001,40.363397,-80.114882,721.0,67.4,1.0,2,69.4,1.0,2,67.4,1.0,2,69.4,1.0,2,2.0
"Bridgeville borough (Allegheny, PA)",Downtown,420034571002,40.358195,-80.113463,685.0,62.4,1.0,11,68.4,1.0,6,62.4,1.0,11,68.4,1.0,6,6.0
"Bridgeville borough (Allegheny, PA)",Downtown,420034572001,40.360835,-80.103423,541.0,79.8,1.0,6,,0.0,0,79.8,1.0,6,,0.0,0,
"Bridgeville borough (Allegheny, PA)",Downtown,420034572002,40.358561,-80.100928,730.0,79.8,1.0,6,,0.0,0,79.8,1.0,6,,0.0,0,
"Bridgeville borough (Allegheny, PA)",Downtown,420034572003,40.353825,-80.100819,1260.0,,0.0,0,,0.0,0,,0.0,0,,0.0,0,
"Bridgeville borough (Allegheny, PA)",Downtown,420034572004,40.352755,-80.10747,867.0,88.8,1.0,6,69.4,1.0,11,88.8,1.0,6,69.4,1.0,11,-19.4
"Bridgeville borough (Allegheny, PA)",Oakland,420034560032,40.340769,-80.122508,988.0,,0.0,0,,0.0,0,,0.0,0,,0.0,0,
"Bridgeville borough (Allegheny, PA)",Oakland,420034560034,40.346451,-80.132439,1959.0,,0.0,0,,0.0,0,,0.0,0,,0.0,0,
"Bridgeville borough (Allegheny, PA)",Oakland,420034571001,40.363397,-80.114882,721.0,93.7,1.0,2,83.7,1.0,2,93.7,1.0,2,83.7,1.0,2,-10.0
"Bridgeville borough (Allegheny, PA)",Oakland,420034571002,40.358195,-80.113463,685.0,87.7,1.0,11,83.7,1.0,6,89.7,1.0,11,83.7,1.0,6,-4.0
"Bridgeville borough (Allegheny, PA)",Oakland,420034572001,40.360835,-80.103423,541.0,103.7,1.0,6,,0.0,0,106.6,1.0,6,,0.0,0,
"Bridgeville borough (Allegheny, PA)",Oakland,420034572002,40.358561,-80.100928,730.0,103.7,1.0,6,,0.0,0,106.6,1.0,6,,0.0,0,
"Bridgeville borough (Allegheny, PA)",Oakland,420034572003,40.353825,-80.100819,1260.0,,0.0,0,,0.0,0,,0.0,0,,0.0,0,
"Bridgeville borough (Allegheny, PA)",Oakland,420034572004,40.352755,-80.10747,867.0,108.7,1.0,6,83.7,1.0,11,117.7,1.0,6,83.7,1.0,11,-25.0
Brighton Heights,Downtown,420032701001,40.484583,-80.039539,1523.0,34.8,1.0,19,34.8,1.0,21,34.8,1.0,19,34.8,1.0,21,0.0
Brighton Heights,Downtown,420032701002,40.483315,-80.044075,1055.0,39.8,1.0,10,41.8,1.0,12,39.8,1.0,10,41.8,1.0,12,2.0
Brighton Heights,Downtown,420032703001,40.478474,-80.035288,1127.0,33.8,1.0,12,34.1,1.0,12,33.8,1.0,12,34.1,1.0,12,0.3
Brighton Heights,Downtown,420032703002,40.477203,-80.039601,779.0,33.4,1.0,14,32.5,1.0,14,33.4,1.0,14,32.5,1.0,14,-0.9
Brighton Heights,Downtown,420032708001,40.48823,-80.037359,726.0,35.8,1.0,6,36.1,1.0,6,35.8,1.0,6,36.1,1.0,6,0.3
Brighton Heights,Downtown,420032708002,40.481801,-80.031651,992.0,33.8,1.0,10,34.1,1.0,11,33.8,1.0,10,34.1,1.0,11,0.3
Brighton Heights,Downtown,420032708003,40.486669,-80.030384,903.0,,0.0,0,,0.0,0,,0.0,0,,0.0,0,
Brighton Heights,Oakland,420032701001,40.484583,-80.039539,1523.0,59.7,1.0,19,53.7,1.0,21,59.7,1.0,19,53.7,1.0,21,-6.0
Brighton Heights,Oakland,420032701002,40.483315,-80.044075,1055.0,65.6,1.0,10,59.7,1.0,12,65.7,1.0,10,59.7,1.0,12,-5.9
Brighton Heights,Oakland,420032703001,40.478474,-80.035288,1127.0,58.7,1.0,12,53.7,1.0,12,58.7,1.0,12,53.7,1.0,12,-5.0
Brighton Heights,Oakland,420032703002,40.477203,-80.039601,779.0,58.7,1.0,14,55.7,1.0,14,58.7,1.0,14,55.7,1.0,14,-3.0
Brighton Heights,Oakland,420032708001,40.48823,-80.037359,726.0,59.7,1.0,6,54.7,1.0,6,59.7,1.0,6,54.7,1.0,6,-5.0
Brighton Heights,Oakland,420032708002,40.481801,-80.031651,992.0,58.7,1.0,10,53.7,1.0,11,58.7,1.0,10,53.7,1.0,11,-5.0
Brighton Heights,Oakland,420032708003,40.486669,-80.030384,903.0,,0.0,0,,0.0,0,,0.0,0,,0.0,0,
Brookline,Downtown,420031917001,40.403488,-80.011425,2116.0,40.8,1.0,4,41.5,1.0,4,41.8,1.0,4,42.5,1.0,4,0.7
Brookline,Downtown,420031917002,40.401596,-80.01764,1275.0,34.8,1.0,12,31.5,1.0,12,34.8,1.0,12,31.5,1.0,12,-3.3
Brookline,Downtown,420031918001,40.392283,-80.02029,722.0,41.8,1.0,7,40.3,1.0,7,45.8,1.0,7,42.5,1.0,7,-1.5
Brookline,Downtown,420031918002,40.39055,-80.022706,657.0,,0.0,0,,0.0,0,,0.0,0,,0.0,0,
Brookline,Downtown,420031918003,40.389733,-80.016904,648.0,42.8,1.0,5,40.5,1.0,4,47.8,1.0,5,43.5,1.0,4,-2.3
Brookline,Downtown,420031918004,40.393471,-80.026548,766.0,,0.0,0,59.7,1.0,3,,0.0,0,62.5,1.0,3,
Brookline,Downtown,420031918005,40.385619,-80.013668,702.0,53.8,1.0,1,,0.0,0,59.8,1.0,1,,0.0,0,
Brookline,Downtown,420031918006,40.386428,-80.009429,941.0,51.8,1.0,6,60.5,1.0,2,57.8,1.0,6,60.5,1.0,2,8.7
Brookline,Downtown,420031918007,40.390051,-80.012325,816.0,42.8,1.0,12,40.5,1.0,9,48.8,1.0,12,43.5,1.0,9,-2.3
Brookline,Downtown,420031919001,40.397121,-80.019921,777.0,41.8,1.0,13,40.5,1.0,16,43.8,1.0,13,42.5,1.0,16,-1.3
Brookline,Downtown,420031919002,40.394789,-80.019192,814.0,41.8,1.0,9,39.5,1.0,8,44.8,1.0,9,42.5,1.0,8,-2.3
Brookline,Downtown,420033206001,40.395808,-80.008729,1102.0,45.8,1.0,3,42.5,1.0,3,51.8,1.0,3,49.5,1.0,3,-3.3
Brookline,Downtown,420033206002,40.393105,-80.004421,1141.0,42.9,1.0,7,46.5,1.0,7,49.8,1.0,7,46.5,1.0,7,3.6
Brookline,Downtown,420034733001,40.384694,-80.027701,1374.0,,0.0,0,,0.0,0,,0.0,0,,0.0,0,
Brookline,Downtown,420034761001,40.376526,-80.011372,668.0,,0.0,0,,0.0,0,,0.0,0,,0.0,0,
Brookline,Downtown,420034790001,40.382888,-80.013541,877.0,,0.0,0,,0.0,0,,0.0,0,,0.0,0,
Brookline,Downtown,420034790002,40.377879,-80.017742,1108.0,,0.0,0,,0.0,0,,0.0,0,,0.0,0,
Brookline,Oakland,420031917001,40.403488,-80.011425,2116.0,65.6,1.0,4,57.7,1.0,4,66.7,1.0,4,60.7,1.0,4,-7.9
Brookline,Oakland,420031917002,40.401596,-80.01764,1275.0,59.7,1.0,12,46.7,1.0,12,60.6,1.0,12,46.7,1.0,12,-13.0
Brookline,Oakland,420031918001,40.392283,-80.02029,722.0,65.6,1.0,7,58.7,1.0,7,70.7,1.0,7,59.7,1.0,7,-6.9
Brookline,Oakland,420031918002,40.39055,-80.022706,657.0,,0.0,0,,0.0,0,,0.0,0,,0.0,0,
Brookline,Oakland,420031918003,40.389733,-80.016904,648.0,66.6,1.0,5,59.7,1.0,4,72.7,1.0,5,60.7,1.0,4,-6.9
Brookline,Oakland,420031918004,40.393471,-80.026548,766.0,,0.0,0,74.7,1.0,3,,0.0,0,80.7,1.0,3,
Brookline,Oakland,420031918005,40.385619,-80.013668,702.0,76.6,1.0,1,,0.0,0,85.6,1.0,1,,0.0,0,
Brookline,Oakland,420031918006,40.386428,-80.009429,941.0,74.6,1.0,6,77.7,1.0,2,83.6,1.0,6,77.7,1.0,2,3.1
Brookline,Oakland,420031918007,40.390051,-80.012325,816.0,65.7,1.0,12,58.7,1.0,9,74.6,1.0,12,61.7,1.0,9,-7.0
Brookline,Oakland,420031919001,40.397121,-80.019921,777.0,65.6,1.0,13,58.7,1.0,16,68.7,1.0,13,59.7,1.0,16,-6.9
Brookline,Oakland,420031919002,40.394789,-80.019192,814.0,64.7,1.0,9,57.7,1.0,8,69.7,1.0,9,59.7,1.0,8,-7.0
Brookline,Oakland,420033206001,40.395808,-80.008729,1102.0,68.6,1.0,3,60.7,1.0,3,77.6,1.0,3,67.7,1.0,3,-7.9
Brookline,Oakland,420033206002,40.393105,-80.004421,1141.0,65.6,1.0,7,65.7,1.0,7,74.7,1.0,7,65.7,1.0,7,0.1
Brookline,Oakland,420034733001,40.384694,-80.027701,1374.0,,0.0,0,,0.0,0,,0.0,0,,0.0,0,
Brookline,Oakland,420034761001,40.376526,-80.011372,668.0,,0.0,0,,0.0,0,,0.0,0,,0.0,0,
Brookline,Oakland,420034790001,40.382888,-80.013541,877.0,,0.0,0,,0.0,0,,0.0,0,,0.0,0,
Brookline,Oakland,420034790002,40.377879,-80.017742,1108.0,,0.0,0,,0.0,0,,0.0,0,,0.0,0,
California-Kirkbride,Downtown,420035652003,40.460042,-80.021645,709.0,25.8,1.0,17,27.1,1.0,12,25.8,1.0,17,27.1,1.0,12,1.3
California-Kirkbride,Oakland,420035652003,40.460042,-80.021645,709.0,50.7,1.0,17,46.7,1.0,12,50.7,1.0,17,46.7,1.0,12,-4.0
"Carnegie borough (Allegheny, PA)",Downtown,420034580021,40.406859,-80.102609,874.0,,0.0,0,,0.0,0,,0.0,0,,0.0,0,
"Carnegie borough (Allegheny, PA)",Downtown,420034687001,40.412852,-80.089991,1067.0,,0.0,0,,0.0,0,,0.0,0,,0.0,0,
"Carnegie borough (Allegheny, PA)",Downtown,420034687002,40.413765,-80.08889,603.0,,0.0,0,,0.0,0,,0.0,0,,0.0,0,
"Carnegie borough (Allegheny, PA)",Downtown,420034688001,40.403088,-80.090807,589.0,36.4,1.0,8,33.0,1.0,2,36.4,1.0,8,33.0,1.0,2,-3.4
"Carnegie borough (Allegheny, PA)",Downtown,420034688002,40.40411,-80.094787,665.0,44.4,0.617,2,,0.0,0,44.4,0.617,2,,0.0,0,
"Carnegie borough (Allegheny, PA)",Downtown,420034688003,40.40814,-80.096019,1299.0,,0.0,0,,0.0,0,,0.0,0,,0.0,0,
"Carnegie borough (Allegheny, PA)",Downtown,420034689001,40.406708,-80.078515,1271.0,,0.0,0,59.4,1.0,4,,0.0,0,59.4,1.0,4,
"Carnegie borough (Allegheny, PA)",Downtown,420034689002,40.402745,-80.078085,921.0,,0.0,0,,0.0,0,,0.0,0,,0.0,0,
"Carnegie borough (Allegheny, PA)",Downtown,420034689003,40.402372,-80.084829,1719.0,47.4,1.0,12,57.0,1.0,9,47.4,1.0,12,57.0,1.0,9,9.6
"Carnegie borough (Allegheny, PA)",Downtown,420035641001,40.423417,-80.090453,441.0,,0.0,0,,0.0,0,,0.0,0,,0.0,0,
"Carnegie borough (Allegheny, PA)",Oakland,420034580021,40.406859,-80.102609,874.0,,0.0,0,,0.0,0,,0.0,0,,0.0,0,
"Carnegie borough (Allegheny, PA)",Oakland,420034687001,40.412852,-80.089991,1067.0,,0.0,0,,0.0,0,,0.0,0,,0.0,0,
"Carnegie borough (Allegheny, PA)",Oakland,420034687002,40.413765,-80.08889,603.0,,0.0,0,,0.0,0,,0.0,0,,0.0,0,
"Carnegie borough (Allegheny, PA)",Oakland,420034688001,40.403088,-80.090807,589.0,57.7,1.0,8,50.7,1.0,2,57.7,1.0,8,50.7,1.0,2,-7.0
"Carnegie borough (Allegheny, PA)",Oakland,420034688002,40.40411,-80.094787,665.0,71.7,0.617,2,,0.0,0,71.7,0.617,2,,0.0,0,
"Carnegie borough (Allegheny, PA)",Oakland,420034688003,40.40814,-80.096019,1299.0,,0.0,0,,0.0,0,,0.0,0,,0.0,0,
"Carnegie borough (Allegheny, PA)",Oakland,420034689001,40.406708,-80.078515,1271.0,,0.0,0,75.7,1.0,4,,0.0,0,78.7,1.0,4,
"Carnegie borough (Allegheny, PA)",Oakland,420034689002,40.402745,-80.078085,921.0,,0.0,0,,0.0,0,,0.0,0,,0.0,0,
"Carnegie borough (Allegheny, PA)",Oakland,420034689003,40.402372,-80.084829,1719.0,74.7,1.0,12,71.7,1.0,9,74.7,1.0,12,71.7,1.0,9,-3.0
"Carnegie borough (Allegheny, PA)",Oakland,420035641001,40.423417,-80.090453,441.0,,0.0,0,,0.0,0,,0.0,0,,0.0,0,
Carrick,Downtown,420032901001,40.402279,-79.993884,633.0,34.8,1.0,2,35.5,1.0,2,34.8,1.0,2,35.5,1.0,2,0.7
Carrick,Downtown,420032901002,40.397292,-79.991185,697.0,34.8,1.0,6,36.5,1.0,6,34.8,1.0,6,36.5,1.0,6,1.7
Carrick,Downtown,420032901003,40.393884,-79.989867,800.0,35.8,1.0,7,37.5,1.0,7,35.8,1.0,7,37.5,1.0,7,1.7
Carrick,Downtown,420032902001,40.401636,-79.982674,927.0,,0.0,0,,0.0,0,,0.0,0,,0.0,0,
Carrick,Downtown,420032902002,40.391395,-79.983967,955.0,35.8,1.0,8,37.5,1.0,8,35.8,1.0,8,37.5,1.0,8,1.7
Carrick,Downtown,420032902003,40.395157,-79.984137,617.0,34.8,1.0,6,36.5,1.0,6,34.8,1.0,6,36.5,1.0,6,1.7
Carrick,Downtown,420032902004,40.399482,-79.986623,678.0,33.8,1.0,8,34.5,1.0,8,33.8,1.0,8,34.5,1.0,8,0.7
Carrick,Downtown,420032902005,40.403736,-79.987734,964.0,32.8,1.0,6,33.5,1.0,6,32.8,1.0,6,33.5,1.0,6,0.7
Carrick,Downtown,420032904001,40.386476,-79.987939,1281.0,38.8,1.0,5,39.5,1.0,5,38.8,1.0,5,39.5,1.0,5,0.7
Carrick,Downtown,420032904002,40.387229,-79.982129,1240.0,36.8,1.0,9,37.5,1.0,9,36.8,1.0,9,37.5,1.0,9,0.7
Carrick,Downtown,420032904003,40.382621,-79.979933,616.0,40.8,1.0,8,41.5,1.0,8,40.8,1.0,8,41.5,1.0,8,0.7
Carrick,Downtown,420032904004,40.390332,-79.976376,882.0,52.8,1.0,10,,0.0,0,56.8,1.0,10,,0.0,0,
Carrick,Oakland,420032901001,40.402279,-79.993884,633.0,44.6,1.0,2,42.7,1.0,2,44.6,1.0,2,44.7,1.0,2,-1.9
Carrick,Oakland,420032901002,40.397292,-79.991185,697.0,44.6,1.0,6,43.7,1.0,6,44.6,1.0,6,45.7,1.0,6,-0.9
Carrick,Oakland,420032901003,40.393884,-79.989867,800.0,45.6,1.0,7,44.7,1.0,7,45.6,1.0,7,46.7,1.0,7,-0.9
Carrick,Oakland,420032902001,40.401636,-79.982674,927.0,,0.0,0,,0.0,0,,0.0,0,,0.0,0,
Carrick,Oakland,420032902002,40.391395,-79.983967,955.0,45.6,1.0,8,44.7,1.0,8,45.6,1.0,8,46.7,1.0,8,-0.9
Carrick,Oakland,420032902003,40.395157,-79.984137,617.0,44.6,1.0,6,43.7,1.0,6,44.6,1.0,6,45.7,1.0,6,-0.9
Carrick,Oakland,420032902004,40.399482,-79.986623,678.0,43.6,1.0,8,41.7,1.0,8,43.6,1.0,8,43.7,1.0,8,-1.9
Carrick,Oakland,420032902005,40.403736,-79.987734,964.0,42.6,1.0,6,40.7,1.0,6,43.6,1.0,6,42.7,1.0,6,-1.9
Carrick,Oakland,420032904001,40.386476,-79.987939,1281.0,48.6,1.0,5,47.4,1.0,5,49.6,1.0,5,49.7,1.0,5,-1.2
Carrick,Oakland,420032904002,40.387229,-79.982129,1240.0,46.6,1.0,9,44.7,1.0,9,46.6,1.0,9,46.7,1.0,9,-1.9
Carrick,Oakland,420032904003,40.382621,-79.979933,616.0,51.6,1.0,8,49.4,1.0,8,51.6,1.0,8,51.7,1.0,8,-2.2
Carrick,Oakland,420032904004,40.390332,-79.976376,882.0,65.6,1.0,10,,0.0,0,67.6,1.0,10,,0.0,0,
"Castle Shannon borough (Allegheny, PA)",Downtown,420034733003,40.375132,-80.02644,1294.0,,0.0,0,,0.0,0,,0.0,0,,0.0,0,
"Castle Shannon borough (Allegheny, PA)",Downtown,420034734022,40.364848,-80.038803,719.0,,0.0,0,,0.0,0,,0.0,0,,0.0,0,
"Castle Shannon borough (Allegheny, PA)",Downtown,420034761002,40.373154,-80.016713,581.0,,0.0,0,,0.0,0,,0.0,0,,0.0,0,
"Castle Shannon borough (Allegheny, PA)",Downtown,420034761003,40.368121,-80.020217,880.0,34.9,1.0,2,34.3,1.0,2,34.9,1.0,2,34.3,1.0,2,-0.6
"Castle Shannon borough (Allegheny, PA)",Downtown,420034761004,40.365887,-80.031332,1473.0,45.9,1.0,4,42.3,1.0,4,45.9,1.0,4,42.3,1.0,4,-3.6
"Castle Shannon borough (Allegheny, PA)",Downtown,420034762003,40.360573,-80.022853,1199.0,,0.0,0,,0.0,0,,0.0,0,,0.0,0,
"Castle Shannon borough (Allegheny, PA)",Oakland,420034733003,40.375132,-80.02644,1294.0,,0.0,0,,0.0,0,,0.0,0,,0.0,0,
"Castle Shannon borough (Allegheny, PA)",Oakland,420034734022,40.364848,-80.038803,719.0,,0.0,0,,0.0,0,,0.0,0,,0.0,0,
"Castle Shannon borough (Allegheny, PA)",Oakland,420034761002,40.373154,-80.016713,581.0,,0.0,0,,0.0,0,,0.0,0,,0.0,0,
"Castle Shannon borough (Allegheny, PA)",Oakland,420034761003,40.368121,-80.020217,880.0,57.6,1.0,2,54.4,1.0,2,58.7,1.0,2,54.7,1.0,2,-3.2
"Castle Shannon borough (Allegheny, PA)",Oakland,420034761004,40.365887,-80.031332,1473.0,67.7,1.0,4,60.7,1.0,4,71.7,1.0,4,60.7,1.0,4,-7.0
"Castle Shannon borough (Allegheny, PA)",Oakland,420034762003,40.360573,-80.022853,1199.0,,0.0,0,,0.0,0,,0.0,0,,0.0,0,
Central Business District,Oakland,420030201001,40.438931,-80.002487,1763.0,28.6,1.0,26,23.7,1.0,23,28.7,1.0,26,23.7,1.0,23,-4.9
Central Business District,Oakland,420030201002,40.442746,-80.003183,1134.0,25.7,1.0,27,22.7,1.0,26,26.7,1.0,27,22.7,1.0,26,-3.0
Central Business District,Oakland,420030201003,40.441466,-79.998117,710.0,24.7,1.0,42,20.7,1.0,39,25.7,1.0,42,20.7,1.0,39,-4.0
Central Business District,Oakland,420030201004,40.438581,-79.996564,144.0,25.6,1.0,25,21.7,1.0,22,25.6,1.0,25,21.7,1.0,22,-3.9
Central Business District,Oakland,420030201005,40.443862,-79.997117,978.0,25.7,1.0,26,22.6,1.0,24,26.7,1.0,26,22.7,1.0,24,-3.1
Central Lawrenceville,Downtown,420030901001,40.475101,-79.959264,1091.0,32.1,1.0,9,25.9,1.0,9,32.1,1.0,9,25.9,1.0,9,-6.2
Central Lawrenceville,Downtown,420030901002,40.471689,-79.962789,947.0,30.9,1.0,10,25.9,1.0,11,31.1,1.0,10,25.9,1.0,11,-5.0
Central Lawrenceville,Downtown,420030902001,40.469641,-79.959173,855.0,29.8,1.0,12,24.9,1.0,13,30.1,1.0,12,24.9,1.0,13,-4.9
Central Lawrenceville,Downtown,420030902002,40.469068,-79.955917,1194.0,34.8,1.0,2,31.7,1.0,2,37.8,1.0,2,33.9,1.0,2,-3.1
Central Lawrenceville,Downtown,420030902003,40.466359,-79.957271,629.0,25.8,1.0,16,23.9,1.0,16,25.9,1.0,16,23.9,1.0,16,-1.9
Central Lawrenceville,Downtown,420039810001,40.473302,-79.949272,4.0,,0.0,0,,0.0,0,,0.0,0,,0.0,0,
Central Lawrenceville,Oakland,420030901001,40.475101,-79.959264,1091.0,39.4,1.0,9,34.8,1.0,9,41.4,1.0,9,34.8,1.0,9,-4.6
Central Lawrenceville,Oakland,420030901002,40.471689,-79.962789,947.0,37.6,1.0,10,31.6,1.0,11,39.6,1.0,10,31.6,1.0,11,-6.0
Central Lawrenceville,Oakland,420030902001,40.469641,-79.959173,855.0,36.4,1.0,12,30.6,1.0,13,38.6,1.0,12,30.6,1.0,13,-5.8
Central Lawrenceville,Oakland,420030902002,40.469068,-79.955917,1194.0,30.6,1.0,2,29.8,1.0,2,31.4,1.0,2,29.8,1.0,2,-0.8
Central Lawrenceville,Oakland,420030902003,40.466359,-79.957271,629.0,26.6,1.0,16,25.8,1.0,16,26.6,1.0,16,25.8,1.0,16,-0.8
Central Lawrenceville,Oakland,420039810001,40.473302,-79.949272,4.0,,0.0,0,,0.0,0,,0.0,0,,0.0,0,
Central Northside,Downtown,,40.456855,-80.010544,,18.8,1.0,14,19.1,1.0,13,18.8,1.0,14,19.1,1.0,13,0.3
Central Northside,Oakland,,40.456855,-80.010544,,43.7,1.0,14,39.4,1.0,13,43.7,1.0,14,39.7,1.0,13,-4.3
Central Oakland,Downtown,420030405001,40.439894,-79.954735,1867.0,23.6,1.0,6,19.7,1.0,3,23.6,1.0,6,19.7,1.0,3,-3.9
Central Oakland,Downtown,420030405002,40.438428,-79.958027,1914.0,22.6,1.0,16,19.7,1.0,15,22.6,1.0,16,19.7,1.0,15,-2.9
Chartiers City,Downtown,420035630003,40.454753,-80.071261,1079.0,38.4,1.0,6,55.4,1.0,1,39.4,1.0,6,61.0,1.0,1,17.0
Chartiers City,Oakland,420035630003,40.454753,-80.071261,1079.0,60.7,1.0,6,73.7,1.0,1,61.7,1.0,6,82.7,1.0,1,13.0
Chateau,Downtown,,40.453492,-80.02654,,31.8,1.0,17,30.8,1.0,11,31.8,1.0,17,30.8,1.0,11,-1.0
Chateau,Oakland,,40.453492,-80.02654,,58.7,1.0,17,48.7,1.0,11,58.7,1.0,17,48.7,1.0,11,-10.0
"Cheswick borough (Allegheny, PA)",Downtown,420034160001,40.553028,-79.805038,831.0,,0.0,0,,0.0,0,,0.0,0,,0.0,0,
"Cheswick borough (Allegheny, PA)",Downtown,420034180001,40.544034,-79.800741,1672.0,70.9,1.0,5,77.0,1.0,5,70.9,1.0,5,77.0,1.0,5,6.1
"Cheswick borough (Allegheny, PA)",Oakland,420034160001,40.553028,-79.805038,831.0,,0.0,0,,0.0,0,,0.0,0,,0.0,0,
"Cheswick borough (Allegheny, PA)",Oakland,420034180001,40.544034,-79.800741,1672.0,81.6,1.0,5,75.6,1.0,5,81.6,1.0,5,77.6,1.0,5,-6.0
"Churchill borough (Allegheny, PA)",Downtown,420035190001,40.43697,-79.836599,1123.0,,0.0,0,,0.0,0,,0.0,0,,0.0,0,
"Churchill borough (Allegheny, PA)",Downtown,420035190002,40.433953,-79.846449,1262.0,,0.0,0,,0.0,0,,0.0,0,,0.0,0,
"Churchill borough (Allegheny, PA)",Downtown,420035190003,40.447607,-79.852483,772.0,36.9,1.0,6,39.9,1.0,7,36.9,1.0,6,39.9,1.0,7,3.0
"Churchill borough (Allegheny, PA)",Oakland,420035190001,40.43697,-79.836599,1123.0,,0.0,0,,0.0,0,,0.0,0,,0.0,0,
"Churchill borough (Allegheny, PA)",Oakland,420035190002,40.433953,-79.846449,1262.0,,0.0,0,,0.0,0,,0.0,0,,0.0,0,
"Churchill borough (Allegheny, PA)",Oakland,420035190003,40.447607,-79.852483,772.0,45.6,1.0,6,46.6,1.0,7,47.4,1.0,6,46.6,1.0,7,1.0
"Clairton city (Allegheny, PA)",Downtown,420034927002,40.310186,-79.896018,791.0,,0.0,0,,0.0,0,,0.0,0,,0.0,0,
"Clairton city (Allegheny, PA)",Downtown,420034928001,40.294002,-79.886527,1049.0,80.8,1.0,11,93.8,1.0,11,80.8,1.0,11,93.8,1.0,11,13.0
"Clairton city (Allegheny, PA)",Downtown,420034928002,40.289444,-79.88136,1416.0,85.3,1.0,4,97.5,1.0,4,85.3,1.0,4,97.5,1.0,4,12.2
"Clairton city (Allegheny, PA)",Downtown,420034929001,40.288549,-79.891426,1241.0,78.8,1.0,6,91.8,1.0,6,78.8,1.0,6,91.8,1.0,6,13.0
"Clairton city (Allegheny, PA)",Downtown,420034929002,40.288921,-79.896507,656.0,79.8,1.0,7,94.8,1.0,7,79.8,1.0,7,94.8,1.0,7,15.0
"Clairton city (Allegheny, PA)",Downtown,420034970001,40.298377,-79.853842,932.0,,0.0,0,,0.0,0,,0.0,0,,0.0,0,
"Clairton city (Allegheny, PA)",Oakland,420034927002,40.310186,-79.896018,791.0,,0.0,0,,0.0,0,,0.0,0,,0.0,0,
"Clairton city (Allegheny, PA)",Oakland,420034928001,40.294002,-79.886527,1049.0,99.7,1.0,11,106.7,1.0,11,99.7,1.0,11,107.7,1.0,11,7.0
"Clairton city (Allegheny, PA)",Oakland,420034928002,40.289444,-79.88136,1416.0,103.7,1.0,4,108.8,1.0,4,103.7,1.0,4,109.7,1.0,4,5.1
"Clairton city (Allegheny, PA)",Oakland,420034929001,40.288549,-79.891426,1241.0,105.6,1.0,6,106.6,1.0,6,105.6,1.0,6,107.7,1.0,6,1.0
"Clairton city (Allegheny, PA)",Oakland,420034929002,40.288921,-79.896507,656.0,106.6,1.0,7,108.6,1.0,7,106.6,1.0,7,109.7,1.0,7,2.0
"Clairton city (Allegheny, PA)",Oakland,420034970001,40.298377,-79.853842,932.0,,0.0,0,,0.0,0,,0.0,0,,0.0,0,
"Collier township (Allegheny, PA)",Downtown,420034580012,40.384938,-80.111752,2538.0,,0.0,0,,0.0,0,,0.0,0,,0.0,0,
"Collier township (Allegheny, PA)",Oakland,420034580012,40.384938,-80.111752,2538.0,,0.0,0,,0.0,0,,0.0,0,,0.0,0,
"Coraopolis borough (Allegheny, PA)",Downtown,420034507001,40.510537,-80.154753,1412.0,,0.0,0,,0.0,0,,0.0,0,,0.0,0,
"Coraopolis borough (Allegheny, PA)",Downtown,420034507002,40.514317,-80.164044,1621.0,64.4,1.0,1,68.4,1.0,1,64.4,1.0,1,68.4,1.0,1,4.0
"Coraopolis borough (Allegheny, PA)",Downtown,420034508001,40.519444,-80.170919,901.0,64.4,1.0,7,67.4,1.0,7,64.4,1.0,7,67.4,1.0,7,3.0
"Coraopolis borough (Allegheny, PA)",Downtown,420034508002,40.519396,-80.161867,872.0,65.4,1.0,6,69.4,1.0,6,65.4,1.0,6,69.4,1.0,6,4.0
"Coraopolis borough (Allegheny, PA)",Downtown,420034508003,40.516143,-80.172579,753.0,,0.0,0,,0.0,0,,0.0,0,,0.0,0,
"Coraopolis borough (Allegheny, PA)",Downtown,420034513002,40.501803,-80.166898,1299.0,,0.0,0,,0.0,0,,0.0,0,,0.0,0,
"Coraopolis borough (Allegheny, PA)",Oakland,420034507001,40.510537,-80.154753,1412.0,,0.0,0,,0.0,0,,0.0,0,,0.0,0,
"Coraopolis borough (Allegheny, PA)",Oakland,420034507002,40.514317,-80.164044,1621.0,90.7,1.0,1,85.7,1.0,1,90.7,1.0,1,85.7,1.0,1,-5.0
"Coraopolis borough (Allegheny, PA)",Oakland,420034508001,40.519444,-80.170919,901.0,88.7,1.0,7,84.7,1.0,7,88.7,1.0,7,84.7,1.0,7,-4.0
"Coraopolis borough (Allegheny, PA)",Oakland,420034508002,40.519396,-80.161867,872.0,89.7,1.0,6,86.7,1.0,6,89.7,1.0,6,86.7,1.0,6,-3.0
"Coraopolis borough (Allegheny, PA)",Oakland,420034508003,40.516143,-80.172579,753.0,,0.0,0,,0.0,0,,0.0,0,,0.0,0,
"Coraopolis borough (Allegheny, PA)",Oakland,420034513002,40.501803,-80.166898,1299.0,,0.0,0,,0.0,0,,0.0,0,,0.0,0,
Crafton Heights,Downtown,420032814001,40.44944,-80.057484,840.0,,0.0,0,,0.0,0,,0.0,0,,0.0,0,
Crafton Heights,Downtown,420032814002,40.445468,-80.051043,1712.0,34.4,1.0,5,29.4,1.0,5,34.4,1.0,5,29.4,1.0,5,-5.0
Crafton Heights,Downtown,420032815001,40.440928,-80.051047,488.0,31.4,1.0,13,25.4,1.0,13,31.4,1.0,13,25.4,1.0,13,-6.0
Crafton Heights,Downtown,420032815002,40.440371,-80.056415,959.0,40.2,1.0,4,29.4,1.0,4,40.2,1.0,4,29.4,1.0,4,-10.8
Crafton Heights,Oakland,420032814001,40.44944,-80.057484,840.0,,0.0,0,,0.0,0,,0.0,0,,0.0,0,
Crafton Heights,Oakland,420032814002,40.445468,-80.051043,1712.0,56.7,1.0,5,49.7,1.0,5,56.7,1.0,5,49.7,1.0,5,-7.0
Crafton Heights,Oakland,420032815001,40.440928,-80.051047,488.0,53.7,1.0,13,44.7,1.0,13,53.7,1.0,13,44.7,1.0,13,-9.0
Crafton Heights,Oakland,420032815002,40.440371,-80.056415,959.0,61.7,1.0,4,48.7,1.0,4,61.7,1.0,4,48.7,1.0,4,-13.0
"Crafton borough (Allegheny, PA)",Downtown,420034656001,40.43909,-80.073119,1124.0,38.4,1.0,11,33.4,1.0,9,38.4,1.0,11,33.4,1.0,9,-5.0
"Crafton borough (Allegheny, PA)",Downtown,420034656002,40.437825,-80.063683,1370.0,42.4,1.0,10,29.4,1.0,10,42.4,1.0,10,29.4,1.0,10,-13.0
"Crafton borough (Allegheny, PA)",Downtown,420034658001,40.432331,-80.062158,1521.0,,0.0,0,,0.0,0,,0.0,0,,0.0,0,
"Crafton borough (Allegheny, PA)",Downtown,420034658002,40.433262,-80.071388,1129.0,38.4,1.0,3,35.0,1.0,3,40.4,1.0,3,35.4,1.0,3,-3.4
"Crafton borough (Allegheny, PA)",Oakland,420034656001,40.43909,-80.073119,1124.0,55.7,1.0,11,53.4,1.0,9,55.7,1.0,11,53.7,1.0,9,-2.3
"Crafton borough (Allegheny, PA)",Oakland,420034656002,40.437825,-80.063683,1370.0,63.7,1.0,10,47.7,1.0,10,63.7,1.0,10,48.7,1.0,10,-16.0
"Crafton borough (Allegheny, PA)",Oakland,420034658001,40.432331,-80.062158,1521.0,,0.0,0,,0.0,0,,0.0,0,,0.0,0,
"Crafton borough (Allegheny, PA)",Oakland,420034658002,40.433262,-80.071388,1129.0,58.7,1.0,3,51.7,1.0,3,61.7,1.0,3,52.7,1.0,3,-7.0
Crawford-Roberts,Downtown,420030305001,40.44454,-79.985154,1238.0,18.7,1.0,29,17.8,1.0,20,18.7,1.0,29,17.8,1.0,20,-0.9
Crawford-Roberts,Downtown,420030305002,40.440516,-79.982117,1055.0,11.8,1.0,25,10.7,1.0,21,11.8,1.0,25,10.7,1.0,21,-1.1
Crawford-Roberts,Downtown,420030305003,40.439667,-79.989367,748.0,8.8,1.0,18,7.7,1.0,16,8.8,1.0,18,7.7,1.0,16,-1.1
Crawford-Roberts,Oakland,420030305001,40.44454,-79.985154,1238.0,23.6,1.0,29,22.5,1.0,20,28.6,1.0,29,26.5,1.0,20,-1.1
Crawford-Roberts,Oakland,420030305002,40.440516,-79.982117,1055.0,20.7,1.0,25,17.5,1.0,21,21.7,1.0,25,18.5,1.0,21,-3.2
Crawford-Roberts,Oakland,420030305003,40.439667,-79.989367,748.0,22.6,1.0,18,19.7,1.0,16,22.7,1.0,18,20.5,1.0,16,-2.9
"Dormont borough (Allegheny, PA)",Downtown,420034721001,40.398386,-80.034561,1453.0,33.9,1.0,8,30.7,1.0,8,33.9,1.0,8,30.7,1.0,8,-3.2
"Dormont borough (Allegheny, PA)",Downtown,420034722001,40.395117,-80.038628,1143.0,36.9,1.0,8,33.3,1.0,8,36.9,1.0,8,33.3,1.0,8,-3.6
"Dormont borough (Allegheny, PA)",Downtown,420034722002,40.392654,-80.042633,1081.0,35.9,1.0,9,32.3,1.0,11,36.3,1.0,9,32.3,1.0,11,-3.6
"Dormont borough (Allegheny, PA)",Downtown,420034723001,40.393095,-80.031276,944.0,52.8,1.0,2,40.7,1.0,6,53.8,1.0,2,40.7,1.0,6,-12.1
"Dormont borough (Allegheny, PA)",Downtown,420034723002,40.391973,-80.034234,905.0,50.8,1.0,5,40.5,1.0,5,51.8,1.0,5,40.6,1.0,5,-10.3
"Dormont borough (Allegheny, PA)",Downtown,420034724001,40.389347,-80.038416,997.0,38.9,1.0,8,35.3,1.0,8,38.9,1.0,8,35.3,1.0,8,-3.6
"Dormont borough (Allegheny, PA)",Downtown,420034724002,40.38619,-80.03749,779.0,,0.0,0,,0.0,0,,0.0,0,,0.0,0,
"Dormont borough (Allegheny, PA)",Oakland,420034721001,40.398386,-80.034561,1453.0,57.7,1.0,8,46.7,1.0,8,59.7,1.0,8,46.7,1.0,8,-11.0
"Dormont borough (Allegheny, PA)",Oakland,420034722001,40.395117,-80.038628,1143.0,60.7,1.0,8,48.7,1.0,8,62.7,1.0,8,48.7,1.0,8,-12.0
"Dormont borough (Allegheny, PA)",Oakland,420034722002,40.392654,-80.042633,1081.0,57.7,1.0,9,47.7,1.0,11,62.7,1.0,9,47.7,1.0,11,-10.0
"Dormont borough (Allegheny, PA)",Oakland,420034723001,40.393095,-80.031276,944.0,78.6,1.0,2,52.7,1.0,6,80.7,1.0,2,52.7,1.0,6,-25.9
"Dormont borough (Allegheny, PA)",Oakland,420034723002,40.391973,-80.034234,905.0,76.6,1.0,5,52.7,1.0,5,79.6,1.0,5,52.7,1.0,5,-23.9
"Dormont borough (Allegheny, PA)",Oakland,420034724001,40.389347,-80.038416,997.0,63.7,1.0,8,50.7,1.0,8,65.6,1.0,8,50.7,1.0,8,-13.0
"Dormont borough (Allegheny, PA)",Oakland,420034724002,40.38619,-80.03749,779.0,,0.0,0,,0.0,0,,0.0,0,,0.0,0,
"Dravosburg borough (Allegheny, PA)",Downtown,420034870001,40.354575,-79.888348,633.0,,0.0,0,,0.0,0,,0.0,0,,0.0,0,
"Dravosburg borough (Allegheny, PA)",Downtown,420034870002,40.348811,-79.891645,979.0,62.4,1.0,4,59.2,1.0,8,62.4,1.0,4,59.2,1.0,8,-3.2
"Dravosburg borough (Allegheny, PA)",Oakland,420034870001,40.354575,-79.888348,633.0,,0.0,0,,0.0,0,,0.0,0,,0.0,0,
"Dravosburg borough (Allegheny, PA)",Oakland,420034870002,40.348811,-79.891645,979.0,68.6,1.0,4,73.7,1.0,8,73.6,1.0,4,77.7,1.0,8,5.1
Duquesne Heights,Downtown,420031911002,40.437965,-80.023858,1462.0,38.4,1.0,12,38.4,1.0,11,48.8,1.0,12,49.4,1.0,11,0.0
Duquesne Heights,Oakland,420031911002,40.437965,-80.023858,1462.0,60.7,1.0,12,55.7,1.0,11,77.6,1.0,12,69.7,1.0,11,-5.0
"Duquesne city (Allegheny, PA)",Downtown,420034867001,40.38006,-79.860016,1512.0,54.3,1.0,9,60.7,1.0,9,55.3,1.0,9,60.7,1.0,9,6.4
"Duquesne city (Allegheny, PA)",Downtown,420034867002,40.374012,-79.850798,700.0,56.4,1.0,19,65.7,1.0,18,57.3,1.0,19,65.7,1.0,18,9.3
"Duquesne city (Allegheny, PA)",Downtown,420034868001,40.3703,-79.84845,675.0,56.4,1.0,27,65.7,1.0,24,57.3,1.0,27,65.7,1.0,24,9.3
"Duquesne city (Allegheny, PA)",Downtown,420034868002,40.368768,-79.854836,978.0,60.4,1.0,14,72.7,1.0,13,60.4,1.0,14,72.7,1.0,13,12.3
"Duquesne city (Allegheny, PA)",Downtown,420034869001,40.363896,-79.852494,708.0,79.4,1.0,15,75.7,1.0,13,79.4,1.0,15,75.7,1.0,13,-3.7
"Duquesne city (Allegheny, PA)",Downtown,420034869002,40.364486,-79.847478,681.0,71.4,1.0,13,72.7,1.0,10,72.4,1.0,13,72.7,1.0,10,1.3
"Duquesne city (Allegheny, PA)",Oakland,420034867001,40.38006,-79.860016,1512.0,54.6,1.0,9,55.6,1.0,9,54.6,1.0,9,55.6,1.0,9,1.0
"Duquesne city (Allegheny, PA)",Oakland,420034867002,40.374012,-79.850798,700.0,57.6,1.0,19,60.6,1.0,18,57.6,1.0,19,60.6,1.0,18,3.0
"Duquesne city (Allegheny, PA)",Oakland,420034868001,40.3703,-79.84845,675.0,57.6,1.0,27,60.6,1.0,24,57.6,1.0,27,60.6,1.0,24,3.0
"Duquesne city (Allegheny, PA)",Oakland,420034868002,40.368768,-79.854836,978.0,68.7,1.0,14,66.6,1.0,13,69.4,1.0,14,66.6,1.0,13,-2.1
"Duquesne city (Allegheny, PA)",Oakland,420034869001,40.363896,-79.852494,708.0,77.6,1.0,15,67.6,1.0,13,77.6,1.0,15,67.6,1.0,13,-10.0
"Duquesne city (Allegheny, PA)",Oakland,420034869002,40.364486,-79.847478,681.0,73.6,1.0,13,66.6,1.0,10,73.6,1.0,13,66.6,1.0,10,-7.0
East Allegheny,Downtown,420035632021,40.45318,-79.999386,845.0,13.8,1.0,20,12.8,1.0,16,13.8,1.0,20,12.8,1.0,16,-1.0
East Allegheny,Downtown,420035632022,40.456742,-79.998192,1058.0,20.8,1.0,22,16.8,1.0,22,20.8,1.0,22,16.8,1.0,22,-4.0
East Allegheny,Oakland,420035632021,40.45318,-79.999386,845.0,38.7,1.0,20,33.4,1.0,16,38.7,1.0,20,33.7,1.0,16,-5.3
East Allegheny,Oakland,420035632022,40.456742,-79.998192,1058.0,43.7,1.0,22,37.4,1.0,22,44.6,1.0,22,37.7,1.0,22,-6.3
East Carnegie,Downtown,420035628001,40.417421,-80.073069,491.0,53.4,1.0,3,44.4,1.0,3,53.4,1.0,3,44.4,1.0,3,-9.0
East Carnegie,Oakland,420035628001,40.417421,-80.073069,491.0,76.7,1.0,3,61.7,1.0,3,76.7,1.0,3,61.7,1.0,3,-15.0
"East Deer township (Allegheny, PA)",Downtown,420034040001,40.582244,-79.779724,1490.0,85.8,1.0,6,96.7,1.0,6,85.8,1.0,6,96.9,1.0,6,10.9
"East Deer township (Allegheny, PA)",Downtown,421298001001,40.576641,-79.768694,1042.0,,0.0,0,139.7,1.0,6,,0.0,0,139.9,1.0,6,
"East Deer township (Allegheny, PA)",Downtown,421298002001,40.575879,-79.76441,1282.0,,0.0,0,141.7,1.0,4,,0.0,0,141.9,1.0,4,
"East Deer township (Allegheny, PA)",Downtown,421298003001,40.578399,-79.759251,1207.0,,0.0,0,142.7,1.0,4,,0.0,0,142.9,1.0,4,
"East Deer township (Allegheny, PA)",Downtown,421298003002,40.582766,-79.76339,1241.0,,0.0,0,143.7,1.0,2,,0.0,0,143.9,1.0,2,
"East Deer township (Allegheny, PA)",Oakland,420034040001,40.582244,-79.779724,1490.0,101.4,1.0,6,95.6,1.0,6,101.4,1.0,6,97.6,1.0,6,-5.8
"East Deer township (Allegheny, PA)",Oakland,421298001001,40.576641,-79.768694,1042.0,,0.0,0,130.6,1.0,6,,0.0,0,136.6,1.0,6,
"East Deer township (Allegheny, PA)",Oakland,421298002001,40.575879,-79.76441,1282.0,,0.0,0,132.6,1.0,4,,0.0,0,138.6,1.0,4,
"East Deer township (Allegheny, PA)",Oakland,421298003001,40.578399,-79.759251,1207.0,,0.0,0,133.6,1.0,4,,0.0,0,139.6,1.0,4,
"East Deer township (Allegheny, PA)",Oakland,421298003002,40.582766,-79.76339,1241.0,,0.0,0,134.6,1.0,2,,0.0,0,140.6,1.0,2,
East Hills,Downtown,420031306001,40.454769,-79.878567,1010.0,50.9,1.0,8,50.7,1.0,8,51.9,1.0,8,50.7,1.0,8,-0.2
East Hills,Downtown,420031306002,40.453519,-79.871847,1882.0,52.9,1.0,22,52.7,1.0,21,52.9,1.0,22,52.7,1.0,21,-0.2
East Hills,Downtown,420031307001,40.458164,-79.884921,786.0,44.9,1.0,6,50.9,1.0,5,46.8,1.0,6,51.0,1.0,5,6.0
East Hills,Downtown,420035231003,40.462838,-79.871191,794.0,54.9,1.0,6,54.0,1.0,6,56.9,1.0,6,55.0,1.0,6,-0.9
East Hills,Oakland,420031306001,40.454769,-79.878567,1010.0,56.6,1.0,8,50.6,1.0,8,57.6,1.0,8,50.6,1.0,8,-6.0
East Hills,Oakland,420031306002,40.453519,-79.871847,1882.0,58.6,1.0,22,56.6,1.0,21,59.6,1.0,22,56.6,1.0,21,-2.0
East Hills,Oakland,420031307001,40.458164,-79.884921,786.0,49.4,1.0,6,49.8,1.0,5,50.6,1.0,6,49.8,1.0,5,0.4
East Hills,Oakland,420035231003,40.462838,-79.871191,794.0,62.6,1.0,6,52.8,1.0,6,64.6,1.0,6,52.8,1.0,6,-9.8
East Liberty,Downtown,420031113001,40.471118,-79.929348,713.0,33.9,1.0,29,34.7,1.0,29,39.8,1.0,29,36.9,1.0,29,0.8
East Liberty,Downtown,420031113002,40.469367,-79.923976,697.0,32.9,1.0,29,33.7,1.0,29,38.8,1.0,29,36.7,1.0,29,0.8
East Liberty,Downtown,420031113003,40.467979,-79.925541,618.0,31.8,1.0,27,32.7,1.0,28,37.8,1.0,27,36.7,1.0,28,0.9
East Liberty,Downtown,420031113004,40.467741,-79.919563,630.0,33.8,1.0,14,32.7,1.0,16,40.9,1.0,14,35.9,1.0,16,-1.1
East Liberty,Downtown,420031115001,40.460528,-79.930814,1284.0,26.9,1.0,29,26.9,1.0,27,26.9,1.0,29,26.9,1.0,27,0.0
East Liberty,Downtown,420031115002,40.464066,-79.925713,1369.0,27.8,1.0,26,28.7,1.0,29,28.9,1.0,26,29.0,1.0,29,0.9
East Liberty,Downtown,420031115003,40.462326,-79.919125,876.0,27.9,1.0,15,30.7,1.0,18,32.8,1.0,15,31.9,1.0,18,2.8
East Liberty,Oakland,420031113001,40.471118,-79.929348,713.0,34.6,1.0,29,28.6,1.0,29,34.6,1.0,29,28.6,1.0,29,-6.0
East Liberty,Oakland,420031113002,40.469367,-79.923976,697.0,32.6,1.0,29,27.6,1.0,29,32.6,1.0,29,27.6,1.0,29,-5.0
East Liberty,Oakland,420031113003,40.467979,-79.925541,618.0,31.6,1.0,27,27.6,1.0,28,31.6,1.0,27,27.6,1.0,28,-4.0
East Liberty,Oakland,420031113004,40.467741,-79.919563,630.0,32.6,1.0,14,26.6,1.0,16,32.6,1.0,14,27.6,1.0,16,-6.0
East Liberty,Oakland,420031115001,40.460528,-79.930814,1284.0,24.4,1.0,29,21.4,1.0,27,24.6,1.0,29,21.6,1.0,27,-3.0
East Liberty,Oakland,420031115002,40.464066,-79.925713,1369.0,28.4,1.0,26,25.4,1.0,29,28.6,1.0,26,26.6,1.0,29,-3.0
East Liberty,Oakland,420031115003,40.462326,-79.919125,876.0,30.6,1.0,15,25.6,1.0,18,32.6,1.0,15,27.6,1.0,18,-5.0
"East McKeesport borough (Allegheny, PA)",Downtown,420035070002,40.381986,-79.810447,1274.0,53.9,0.567,5,70.0,0.325,5,53.9,0.567,5,70.0,0.325,5,16.1
"East McKeesport borough (Allegheny, PA)",Oakland,420035070002,40.381986,-79.810447,1274.0,63.6,0.567,5,79.6,0.325,5,66.4,0.567,5,79.6,0.325,5,16.0
"East Pittsburgh borough (Allegheny, PA)",Downtown,420035100001,40.398052,-79.838459,895.0,54.9,1.0,23,62.7,1.0,15,54.9,1.0,23,62.7,1.0,15,7.8
"East Pittsburgh borough (Allegheny, PA)",Downtown,420035100002,40.39739,-79.841082,1032.0,54.9,1.0,19,61.0,1.0,16,54.9,1.0,19,61.0,1.0,16,6.1
"East Pittsburgh borough (Allegheny, PA)",Oakland,420035100001,40.398052,-79.838459,895.0,60.6,1.0,23,65.6,1.0,15,61.6,1.0,23,65.6,1.0,15,5.0
"East Pittsburgh borough (Allegheny, PA)",Oakland,420035100002,40.39739,-79.841082,1032.0,60.6,1.0,19,63.6,1.0,16,61.6,1.0,19,63.6,1.0,16,3.0
"Edgewood borough (Allegheny, PA)",Downtown,420035161001,40.432643,-79.889304,1406.0,38.8,1.0,12,40.7,1.0,7,40.9,1.0,12,43.7,1.0,7,1.9
"Edgewood borough (Allegheny, PA)",Downtown,420035162002,40.429584,-79.882123,942.0,37.9,1.0,6,39.7,1.0,6,40.6,1.0,6,43.9,1.0,6,1.8
"Edgewood borough (Allegheny, PA)",Oakland,420035161001,40.432643,-79.889304,1406.0,37.6,1.0,12,37.6,1.0,7,37.6,1.0,12,37.6,1.0,7,0.0
"Edgewood borough (Allegheny, PA)",Oakland,420035162002,40.429584,-79.882123,942.0,43.6,1.0,6,38.6,1.0,6,44.4,1.0,6,40.6,1.0,6,-5.0
"Edgeworth borough (Allegheny, PA)",Downtown,420034460001,40.552556,-80.188852,864.0,78.4,1.0,4,95.8,1.0,4,78.4,1.0,4,95.8,1.0,4,17.4
"Edgeworth borough (Allegheny, PA)",Downtown,420034460002,40.551784,-80.195699,805.0,79.4,1.0,2,97.8,1.0,2,79.4,1.0,2,97.8,1.0,2,18.4
"Edgeworth borough (Allegheny, PA)",Oakland,420034460001,40.552556,-80.188852,864.0,103.6,1.0,4,115.7,1.0,4,103.6,1.0,4,115.7,1.0,4,12.1
"Edgeworth borough (Allegheny, PA)",Oakland,420034460002,40.551784,-80.195699,805.0,104.7,1.0,2,117.7,1.0,2,104.7,1.0,2,117.7,1.0,2,13.0
"Elizabeth borough (Allegheny, PA)",Downtown,420034940001,40.269813,-79.887917,1398.0,,0.0,0,,0.0,0,,0.0,0,,0.0,0,
"Elizabeth borough (Allegheny, PA)",Downtown,420034961021,40.265356,-79.867545,1663.0,,0.0,0,,0.0,0,,0.0,0,,0.0,0,
"Elizabeth borough (Allegheny, PA)",Downtown,420035645003,40.271754,-79.897973,403.0,,0.0,0,,0.0,0,,0.0,0,,0.0,0,
"Elizabeth borough (Allegheny, PA)",Oakland,420034940001,40.269813,-79.887917,1398.0,,0.0,0,,0.0,0,,0.0,0,,0.0,0,
"Elizabeth borough (Allegheny, PA)",Oakland,420034961021,40.265356,-79.867545,1663.0,,0.0,0,,0.0,0,,0.0,0,,0.0,0,
"Elizabeth borough (Allegheny, PA)",Oakland,420035645003,40.271754,-79.897973,403.0,,0.0,0,,0.0,0,,0.0,0,,0.0,0,
Elliott,Downtown,420035626001,40.440683,-80.039848,1181.0,24.4,1.0,14,22.4,1.0,14,24.4,1.0,14,22.4,1.0,14,-2.0
Elliott,Downtown,420035626002,40.44605,-80.038487,1217.0,33.0,1.0,6,36.0,1.0,6,33.0,1.0,6,36.0,1.0,6,3.0
Elliott,Oakland,420035626001,40.440683,-80.039848,1181.0,45.7,1.0,14,42.4,1.0,14,45.7,1.0,14,42.7,1.0,14,-3.3
Elliott,Oakland,420035626002,40.44605,-80.038487,1217.0,50.6,1.0,6,53.7,1.0,6,50.7,1.0,6,54.7,1.0,6,3.1
"Emsworth borough (Allegheny, PA)",Downtown,420034350001,40.513434,-80.095737,1364.0,52.4,1.0,12,51.5,1.0,10,52.4,1.0,12,51.5,1.0,10,-0.9
"Emsworth borough (Allegheny, PA)",Downtown,420034350002,40.510812,-80.097947,1161.0,52.5,1.0,16,51.5,1.0,14,52.5,1.0,16,51.5,1.0,14,-1.0
"Emsworth borough (Allegheny, PA)",Downtown,420035638001,40.517423,-80.085693,773.0,,0.0,0,,0.0,0,,0.0,0,,0.0,0,
"Emsworth borough (Allegheny, PA)",Oakland,420034350001,40.513434,-80.095737,1364.0,77.7,1.0,12,74.7,1.0,10,77.7,1.0,12,74.7,1.0,10,-3.0
"Emsworth borough (Allegheny, PA)",Oakland,420034350002,40.510812,-80.097947,1161.0,77.7,1.0,16,74.7,1.0,14,77.7,1.0,16,74.7,1.0,14,-3.0
"Emsworth borough (Allegheny, PA)",Oakland,420035638001,40.517423,-80.085693,773.0,,0.0,0,,0.0,0,,0.0,0,,0.0,0,
Esplen,Downtown,,40.462013,-80.052246,,24.4,1.0,8,26.4,1.0,11,24.4,1.0,8,26.4,1.0,11,2.0
Esplen,Oakland,,40.462013,-80.052246,,47.7,1.0,8,45.4,1.0,11,47.7,1.0,8,45.7,1.0,11,-2.3
"Etna borough (Allegheny, PA)",Downtown,420034250001,40.506008,-79.948346,562.0,62.8,1.0,7,47.4,0.958,7,62.8,1.0,7,47.4,0.958,7,-15.4
"Etna borough (Allegheny, PA)",Downtown,420034250002,40.503835,-79.953449,967.0,64.8,1.0,6,48.4,0.942,6,64.8,1.0,6,48.4,0.942,6,-16.4
"Etna borough (Allegheny, PA)",Downtown,420034250003,40.497868,-79.947037,1116.0,41.8,1.0,11,42.4,1.0,11,41.8,1.0,11,42.4,1.0,11,0.6
"Etna borough (Allegheny, PA)",Downtown,420034250004,40.494653,-79.946715,792.0,38.4,1.0,9,38.9,1.0,8,38.4,1.0,9,38.9,1.0,8,0.5
"Etna borough (Allegheny, PA)",Downtown,420034267001,40.503703,-79.938819,709.0,,0.0,0,,0.0,0,,0.0,0,,0.0,0,
"Etna borough (Allegheny, PA)",Oakland,420034250001,40.506008,-79.948346,562.0,84.7,1.0,7,67.7,0.958,7,84.7,1.0,7,67.7,0.958,7,-17.0
"Etna borough (Allegheny, PA)",Oakland,420034250002,40.503835,-79.953449,967.0,86.7,1.0,6,69.6,0.942,6,86.7,1.0,6,69.7,0.942,6,-17.1
"Etna borough (Allegheny, PA)",Oakland,420034250003,40.497868,-79.947037,1116.0,65.6,1.0,11,59.7,1.0,11,65.7,1.0,11,59.7,1.0,11,-5.9
"Etna borough (Allegheny, PA)",Oakland,420034250004,40.494653,-79.946715,792.0,62.4,1.0,9,56.6,1.0,8,62.6,1.0,9,56.7,1.0,8,-5.8
"Etna borough (Allegheny, PA)",Oakland,420034267001,40.503703,-79.938819,709.0,,0.0,0,,0.0,0,,0.0,0,,0.0,0,
Fairywood,Downtown,420035630001,40.448889,-80.077737,1092.0,40.4,1.0,12,50.4,1.0,12,40.4,1.0,12,50.4,1.0,12,10.0
Fairywood,Oakland,420035630001,40.448889,-80.077737,1092.0,60.7,1.0,12,67.4,1.0,12,60.7,1.0,12,67.7,1.0,12,6.7
"Findlay township (Allegheny, PA)",Downtown,,40.432839,-79.937307,,41.4,1.0,2,33.7,1.0,3,42.8,1.0,2,36.5,1.0,3,-7.7
"Findlay township (Allegheny, PA)",Oakland,,40.432839,-79.937307,,29.6,1.0,2,25.7,1.0,3,31.6,1.0,2,29.6,1.0,3,-3.9
Fineview,Downtown,420032509001,40.460906,-80.005698,697.0,20.8,1.0,14,23.8,1.0,17,20.8,1.0,14,23.8,1.0,17,3.0
Fineview,Downtown,420032509002,40.463698,-80.00603,443.0,22.8,1.0,7,25.8,1.0,10,22.8,1.0,7,25.8,1.0,10,3.0
Fineview,Downtown,420032614004,40.467855,-80.007578,562.0,28.8,1.0,15,30.8,1.0,16,28.8,1.0,15,30.8,1.0,16,2.0
Fineview,Oakland,420032509001,40.460906,-80.005698,697.0,45.7,1.0,14,43.4,1.0,17,45.7,1.0,14,43.7,1.0,17,-2.3
Fineview,Oakland,420032509002,40.463698,-80.00603,443.0,47.7,1.0,7,45.7,1.0,10,47.7,1.0,7,45.7,1.0,10,-2.0
Fineview,Oakland,420032614004,40.467855,-80.007578,562.0,53.7,1.0,15,50.4,1.0,16,53.7,1.0,15,50.7,1.0,16,-3.3
"Forest Hills borough (Allegheny, PA)",Downtown,420035180011,40.426409,-79.865092,1125.0,36.9,1.0,9,48.0,1.0,9,36.9,1.0,9,48.0,1.0,9,11.1
"Forest Hills borough (Allegheny, PA)",Downtown,420035180012,40.431484,-79.859495,1243.0,38.9,1.0,1,57.9,1.0,1,38.9,1.0,1,57.9,1.0,1,19.0
"Forest Hills borough (Allegheny, PA)",Downtown,420035180013,40.426971,-79.854121,918.0,,0.0,0,,0.0,0,,0.0,0,,0.0,0,
"Forest Hills borough (Allegheny, PA)",Downtown,420035200022,40.415878,-79.836468,1110.0,,0.0,0,,0.0,0,,0.0,0,,0.0,0,
"Forest Hills borough (Allegheny, PA)",Downtown,420035200023,40.425899,-79.840019,929.0,,0.0,0,,0.0,0,,0.0,0,,0.0,0,
"Forest Hills borough (Allegheny, PA)",Downtown,420035639002,40.415289,-79.844771,1217.0,42.9,1.0,7,62.0,1.0,5,42.9,1.0,7,62.0,1.0,5,19.1
"Forest Hills borough (Allegheny, PA)",Downtown,420035639003,40.419821,-79.846267,965.0,43.9,1.0,4,63.9,1.0,4,43.9,1.0,4,63.9,1.0,4,20.0
"Forest Hills borough (Allegheny, PA)",Downtown,420035639004,40.426198,-79.847956,961.0,,0.0,0,,0.0,0,,0.0,0,,0.0,0,
"Forest Hills borough (Allegheny, PA)",Oakland,420035180011,40.426409,-79.865092,1125.0,45.6,1.0,9,52.6,1.0,9,49.4,1.0,9,52.6,1.0,9,7.0
"Forest Hills borough (Allegheny, PA)",Oakland,420035180012,40.431484,-79.859495,1243.0,47.6,1.0,1,65.6,1.0,1,51.6,1.0,1,65.6,1.0,1,18.0
"Forest Hills borough (Allegheny, PA)",Oakland,420035180013,40.426971,-79.854121,918.0,,0.0,0,,0.0,0,,0.0,0,,0.0,0,
"Forest Hills borough (Allegheny, PA)",Oakland,420035200022,40.415878,-79.836468,1110.0,,0.0,0,,0.0,0,,0.0,0,,0.0,0,
"Forest Hills borough (Allegheny, PA)",Oakland,420035200023,40.425899,-79.840019,929.0,,0.0,0,,0.0,0,,0.0,0,,0.0,0,
"Forest Hills borough (Allegheny, PA)",Oakland,420035639002,40.415289,-79.844771,1217.0,51.6,1.0,7,68.6,1.0,5,55.4,1.0,7,68.6,1.0,5,17.0
"Forest Hills borough (Allegheny, PA)",Oakland,420035639003,40.419821,-79.846267,965.0,52.6,1.0,4,69.6,1.0,4,56.4,1.0,4,69.6,1.0,4,17.0
"Forest Hills borough (Allegheny, PA)",Oakland,420035639004,40.426198,-79.847956,961.0,,0.0,0,,0.0,0,,0.0,0,,0.0,0,
"Fox Chapel borough (Allegheny, PA)",Downtown,420034220003,40.497827,-79.893607,848.0,72.8,1.0,2,68.0,1.0,2,72.8,1.0,2,68.0,1.0,2,-4.8
"Fox Chapel borough (Allegheny, PA)",Oakland,420034220003,40.497827,-79.893607,848.0,73.6,1.0,2,59.6,1.0,2,73.6,1.0,2,59.6,1.0,2,-14.0
Friendship,Downtown,420030807001,40.462742,-79.93327,824.0,27.9,1.0,24,28.9,1.0,25,32.9,1.0,24,31.0,1.0,25,1.0
Friendship,Downtown,420030807002,40.458913,-79.935161,1139.0,18.9,1.0,27,20.7,1.0,23,18.9,1.0,27,20.7,1.0,23,1.8
Friendship,Oakland,420030807001,40.462742,-79.93327,824.0,25.6,1.0,24,25.8,1.0,25,25.6,1.0,24,25.8,1.0,25,0.2
Friendship,Oakland,420030807002,40.458913,-79.935161,1139.0,22.6,1.0,27,19.6,1.0,23,22.6,1.0,27,20.6,1.0,23,-3.0
Garfield,Downtown,420030806001,40.461542,-79.939654,1324.0,33.8,1.0,16,31.9,1.0,16,33.8,1.0,16,31.9,1.0,16,-1.9
Garfield,Downtown,420030809002,40.463781,-79.942551,827.0,30.9,1.0,23,30.9,1.0,23,31.8,1.0,23,30.9,1.0,23,0.0
Garfield,Downtown,420031019001,40.470444,-79.93838,998.0,63.9,1.0,14,41.7,1.0,17,63.9,1.0,14,43.9,1.0,17,-22.2
Garfield,Downtown,420031019002,40.466704,-79.943579,867.0,37.8,1.0,9,34.9,1.0,9,38.9,1.0,9,36.9,1.0,9,-2.9
Garfield,Downtown,420031019003,40.466053,-79.938243,567.0,37.8,1.0,19,34.9,1.0,22,39.9,1.0,19,37.9,1.0,22,-2.9
Garfield,Downtown,420031114001,40.467387,-79.930193,487.0,31.9,1.0,19,33.9,1.0,19,37.9,1.0,19,37.9,1.0,19,2.0
Garfield,Downtown,420031114002,40.466529,-79.933516,724.0,33.8,1.0,15,31.9,1.0,18,37.9,1.0,15,35.9,1.0,18,-1.9
Garfield,Oakland,420030806001,40.461542,-79.939654,1324.0,37.6,1.0,16,37.2,1.0,16,37.6,1.0,16,37.6,1.0,16,-0.4
Garfield,Oakland,420030809002,40.463781,-79.942551,827.0,34.4,1.0,23,33.6,1.0,23,36.6,1.0,23,33.6,1.0,23,-0.8
Garfield,Oakland,420031019001,40.470444,-79.93838,998.0,67.4,1.0,14,39.8,1.0,17,67.6,1.0,14,39.8,1.0,17,-27.6
Garfield,Oakland,420031019002,40.466704,-79.943579,867.0,45.6,1.0,9,39.6,1.0,9,46.6,1.0,9,39.8,1.0,9,-6.0
Garfield,Oakland,420031019003,40.466053,-79.938243,567.0,44.6,1.0,19,36.6,1.0,22,47.4,1.0,19,36.8,1.0,22,-8.0
Garfield,Oakland,420031114001,40.467387,-79.930193,487.0,32.6,1.0,19,29.8,1.0,19,32.6,1.0,19,29.8,1.0,19,-2.8
Garfield,Oakland,420031114002,40.466529,-79.933516,724.0,33.6,1.0,15,30.8,1.0,18,33.6,1.0,15,30.8,1.0,18,-2.8
"Glassport borough (Allegheny, PA)",Downtown,420034993001,40.334812,-79.89,647.0,96.3,1.0,8,94.2,1.0,8,96.3,1.0,8,94.2,1.0,8,-2.1
"Glassport borough (Allegheny, PA)",Downtown,420034993002,40.329497,-79.884966,1031.0,,0.0,0,,0.0,0,,0.0,0,,0.0,0,
"Glassport borough (Allegheny, PA)",Downtown,420034994001,40.319318,-79.886163,789.0,102.3,1.0,4,99.2,1.0,4,102.3,1.0,4,99.2,1.0,4,-3.1
"Glassport borough (Allegheny, PA)",Downtown,420034994002,40.322805,-79.889661,856.0,99.4,1.0,6,96.8,1.0,6,99.4,1.0,6,96.8,1.0,6,-2.6
"Glassport borough (Allegheny, PA)",Downtown,420034994003,40.327214,-79.891104,1152.0,96.4,1.0,8,95.2,1.0,8,96.4,1.0,8,95.2,1.0,8,-1.2
"Glassport borough (Allegheny, PA)",Downtown,420035003002,40.337455,-79.879637,693.0,,0.0,0,,0.0,0,,0.0,0,,0.0,0,
"Glassport borough (Allegheny, PA)",Oakland,420034993001,40.334812,-79.89,647.0,95.6,1.0,8,103.6,1.0,8,95.6,1.0,8,103.6,1.0,8,8.0
"Glassport borough (Allegheny, PA)",Oakland,420034993002,40.329497,-79.884966,1031.0,,0.0,0,,0.0,0,,0.0,0,,0.0,0,
"Glassport borough (Allegheny, PA)",Oakland,420034994001,40.319318,-79.886163,789.0,106.4,1.0,4,108.6,1.0,4,106.4,1.0,4,109.6,1.0,4,2.2
"Glassport borough (Allegheny, PA)",Oakland,420034994002,40.322805,-79.889661,856.0,101.6,1.0,6,106.6,1.0,6,101.6,1.0,6,106.6,1.0,6,5.0
"Glassport borough (Allegheny, PA)",Oakland,420034994003,40.327214,-79.891104,1152.0,97.4,1.0,8,104.6,1.0,8,97.4,1.0,8,104.6,1.0,8,7.2
"Glassport borough (Allegheny, PA)",Oakland,420035003002,40.337455,-79.879637,693.0,,0.0,0,,0.0,0,,0.0,0,,0.0,0,
Glen Hazel,Downtown,420035623001,40.406889,-79.934116,1246.0,39.4,1.0,12,46.5,1.0,12,39.4,1.0,12,46.5,1.0,12,7.1
Glen Hazel,Oakland,420035623001,40.406889,-79.934116,1246.0,45.6,1.0,12,44.4,1.0,12,48.6,1.0,12,44.7,1.0,12,-1.2
"Glen Osborne borough (Allegheny, PA)",Downtown,420035638005,40.531662,-80.167553,590.0,68.4,1.0,5,86.8,1.0,5,68.4,1.0,5,86.8,1.0,5,18.4
"Glen Osborne borough (Allegheny, PA)",Oakland,420035638005,40.531662,-80.167553,590.0,93.6,1.0,5,106.7,1.0,5,93.6,1.0,5,106.7,1.0,5,13.1
"Glenfield borough (Allegheny, PA)",Downtown,420035638003,40.519402,-80.132093,212.0,64.4,1.0,2,79.1,1.0,2,64.4,1.0,2,79.1,1.0,2,14.7
"Glenfield borough (Allegheny, PA)",Oakland,420035638003,40.519402,-80.132093,212.0,88.7,1.0,2,98.7,1.0,2,88.7,1.0,2,98.7,1.0,2,10.0
"Green Tree borough (Allegheny, PA)",Downtown,420034690001,40.411128,-80.047565,978.0,42.5,1.0,7,39.4,1.0,9,45.3,1.0,7,39.6,1.0,9,-3.1
"Green Tree borough (Allegheny, PA)",Downtown,420034690002,40.413002,-80.054099,2367.0,,0.0,0,,0.0,0,,0.0,0,,0.0,0,
"Green Tree borough (Allegheny, PA)",Downtown,420034690003,40.423655,-80.051464,1596.0,,0.0,0,,0.0,0,,0.0,0,,0.0,0,
"Green Tree borough (Allegheny, PA)",Downtown,420035628002,40.427165,-80.064258,1025.0,48.4,1.0,3,43.4,1.0,3,48.4,1.0,3,43.4,1.0,3,-5.0
"Green Tree borough (Allegheny, PA)",Oakland,420034690001,40.411128,-80.047565,978.0,62.7,1.0,7,55.7,1.0,9,65.7,1.0,7,61.7,1.0,9,-7.0
"Green Tree borough (Allegheny, PA)",Oakland,420034690002,40.413002,-80.054099,2367.0,,0.0,0,,0.0,0,,0.0,0,,0.0,0,
"Green Tree borough (Allegheny, PA)",Oakland,420034690003,40.423655,-80.051464,1596.0,,0.0,0,,0.0,0,,0.0,0,,0.0,0,
"Green Tree borough (Allegheny, PA)",Oakland,420035628002,40.427165,-80.064258,1025.0,71.7,1.0,3,60.7,1.0,3,71.7,1.0,3,60.7,1.0,3,-11.0
Greenfield,Downtown,420031414001,40.421765,-79.92369,1029.0,32.3,1.0,5,,0.0,0,32.3,1.0,5,,0.0,0,
Greenfield,Downtown,420031516001,40.423466,-79.941412,1160.0,33.3,1.0,22,35.5,1.0,22,33.8,1.0,22,35.5,1.0,22,2.2
Greenfield,Downtown,420031516002,40.424872,-79.945618,1145.0,30.4,1.0,12,46.5,1.0,13,31.4,1.0,12,46.5,1.0,13,16.1
Greenfield,Downtown,420031517001,40.42314,-79.927872,885.0,25.4,1.0,25,34.5,1.0,18,25.4,1.0,25,34.5,1.0,18,9.1
Greenfield,Downtown,420031517002,40.427092,-79.93384,649.0,27.3,1.0,9,53.5,1.0,6,27.3,1.0,9,53.5,1.0,6,26.2
Greenfield,Downtown,420031517003,40.422717,-79.93866,731.0,38.4,1.0,16,36.5,1.0,16,38.4,1.0,16,36.5,1.0,16,-1.9
Greenfield,Downtown,420031517004,40.42157,-79.935289,674.0,37.4,1.0,20,38.5,1.0,23,37.4,1.0,20,38.5,1.0,23,1.1
Greenfield,Downtown,420031517005,40.421434,-79.931508,898.0,27.4,1.0,26,35.2,1.0,25,27.4,1.0,26,35.2,1.0,25,7.8
Greenfield,Downtown,420031517006,40.425399,-79.931515,1119.0,27.3,1.0,18,36.7,1.0,14,27.3,1.0,18,36.7,1.0,14,9.4
Greenfield,Downtown,420035629012,40.417271,-79.942365,863.0,36.4,1.0,7,36.2,1.0,7,36.4,1.0,7,36.2,1.0,7,-0.2
Greenfield,Downtown,420039805001,40.430965,-79.948342,18.0,,0.0,0,,0.0,0,,0.0,0,,0.0,0,
Greenfield,Oakland,420031414001,40.421765,-79.92369,1029.0,44.6,1.0,5,,0.0,0,44.6,1.0,5,,0.0,0,
Greenfield,Oakland,420031516001,40.423466,-79.941412,1160.0,27.3,1.0,22,36.6,1.0,22,28.6,1.0,22,40.6,1.0,22,9.3
Greenfield,Oakland,420031516002,40.424872,-79.945618,1145.0,26.6,1.0,12,44.6,1.0,13,27.6,1.0,12,47.6,1.0,13,18.0
Greenfield,Oakland,420031517001,40.42314,-79.927872,885.0,28.6,1.0,25,26.6,1.0,18,29.4,1.0,25,26.6,1.0,18,-2.0
Greenfield,Oakland,420031517002,40.427092,-79.93384,649.0,39.6,1.0,9,50.6,1.0,6,40.0,1.0,9,50.7,1.0,6,11.0
Greenfield,Oakland,420031517003,40.422717,-79.93866,731.0,38.0,1.0,16,35.7,1.0,16,38.4,1.0,16,39.7,1.0,16,-2.3
Greenfield,Oakland,420031517004,40.42157,-79.935289,674.0,39.0,1.0,20,35.6,1.0,23,39.0,1.0,20,38.6,1.0,23,-3.4
Greenfield,Oakland,420031517005,40.421434,-79.931508,898.0,31.4,1.0,26,28.6,1.0,25,31.4,1.0,26,28.6,1.0,25,-2.8
Greenfield,Oakland,420031517006,40.425399,-79.931515,1119.0,30.6,1.0,18,28.6,1.0,14,30.6,1.0,18,28.6,1.0,14,-2.0
Greenfield,Oakland,420035629012,40.417271,-79.942365,863.0,37.4,1.0,7,37.6,1.0,7,38.0,1.0,7,41.6,1.0,7,0.2
Greenfield,Oakland,420039805001,40.430965,-79.948342,18.0,,0.0,0,,0.0,0,,0.0,0,,0.0,0,
"Hampton township (Allegheny, PA)",Downtown,420034134003,40.559128,-79.993321,1607.0,,0.0,0,,0.0,0,,0.0,0,,0.0,0,
"Hampton township (Allegheny, PA)",Downtown,420034142001,40.561435,-79.963011,1020.0,,0.0,0,60.4,0.825,2,,0.0,0,60.4,0.825,2,
"Hampton township (Allegheny, PA)",Downtown,420034142002,40.560106,-79.979224,1718.0,76.2,1.0,3,,0.0,0,76.5,1.0,3,,0.0,0,
"Hampton township (Allegheny, PA)",Oakland,420034134003,40.559128,-79.993321,1607.0,,0.0,0,,0.0,0,,0.0,0,,0.0,0,
"Hampton township (Allegheny, PA)",Oakland,420034142001,40.561435,-79.963011,1020.0,,0.0,0,81.4,0.825,2,,0.0,0,81.6,0.825,2,
"Hampton township (Allegheny, PA)",Oakland,420034142002,40.560106,-79.979224,1718.0,100.7,1.0,3,,0.0,0,100.7,1.0,3,,0.0,0,
"Harmar township (Allegheny, PA)",Downtown,420034190001,40.548321,-79.821846,1016.0,,0.0,0,,0.0,0,,0.0,0,,0.0,0,
"Harmar township (Allegheny, PA)",Downtown,420034190002,40.544013,-79.811859,762.0,68.9,1.0,2,76.0,1.0,2,68.9,1.0,2,76.0,1.0,2,7.1
"Harmar township (Allegheny, PA)",Downtown,420034190003,40.543957,-79.858703,1355.0,,0.0,0,,0.0,0,,0.0,0,,0.0,0,
"Harmar township (Allegheny, PA)",Downtown,420034211001,40.519143,-79.860322,1230.0,,0.0,0,,0.0,0,,0.0,0,,0.0,0,
"Harmar township (Allegheny, PA)",Oakland,420034190001,40.548321,-79.821846,1016.0,,0.0,0,,0.0,0,,0.0,0,,0.0,0,
"Harmar township (Allegheny, PA)",Oakland,420034190002,40.544013,-79.811859,762.0,79.6,1.0,2,74.6,1.0,2,79.6,1.0,2,75.6,1.0,2,-5.0
"Harmar township (Allegheny, PA)",Oakland,420034190003,40.543957,-79.858703,1355.0,,0.0,0,,0.0,0,,0.0,0,,0.0,0,
"Harmar township (Allegheny, PA)",Oakland,420034211001,40.519143,-79.860322,1230.0,,0.0,0,,0.0,0,,0.0,0,,0.0,0,
"Harrison township (Allegheny, PA)",Downtown,420034011001,40.64746,-79.715071,1414.0,,0.0,0,168.7,1.0,1,,0.0,0,168.9,1.0,1,
"Harrison township (Allegheny, PA)",Downtown,420034011002,40.637196,-79.707196,1410.0,,0.0,1,201.7,1.0,1,,0.0,1,201.7,1.0,1,
"Harrison township (Allegheny, PA)",Downtown,420034011003,40.628042,-79.715521,822.0,88.9,0.233,3,164.7,1.0,5,88.9,0.233,3,164.9,1.0,5,75.8
"Harrison township (Allegheny, PA)",Downtown,420034011004,40.633683,-79.720127,955.0,,0.0,0,,0.0,0,,0.0,0,,0.0,0,
"Harrison township (Allegheny, PA)",Downtown,420034012001,40.614333,-79.721949,619.0,,0.0,0,,0.0,0,,0.0,0,,0.0,0,
"Harrison township (Allegheny, PA)",Downtown,420034012002,40.619534,-79.72458,1027.0,88.9,0.242,4,156.7,1.0,7,88.9,0.242,4,156.9,1.0,7,67.8
"Harrison township (Allegheny, PA)",Downtown,420034012003,40.611235,-79.724198,510.0,,0.0,0,,0.0,0,,0.0,0,,0.0,0,
"Harrison township (Allegheny, PA)",Downtown,420034012004,40.613219,-79.733391,755.0,,0.0,0,154.7,1.0,4,,0.0,0,154.9,1.0,4,
"Harrison township (Allegheny, PA)",Downtown,420034013001,40.62489,-79.727673,1275.0,86.9,0.25,5,160.7,1.0,1,86.9,0.25,5,160.9,1.0,1,73.8
"Harrison township (Allegheny, PA)",Downtown,420034013002,40.622665,-79.735898,600.0,,0.0,0,,0.0,0,,0.0,0,,0.0,0,
"Harrison township (Allegheny, PA)",Downtown,420034013003,40.616877,-79.739792,770.0,82.9,0.275,4,156.7,1.0,2,82.9,0.275,4,156.9,1.0,2,73.8
"Harrison township (Allegheny, PA)",Oakland,420034011001,40.64746,-79.715071,1414.0,,0.0,0,159.6,1.0,1,,0.0,0,165.6,1.0,1,
"Harrison township (Allegheny, PA)",Oakland,420034011002,40.637196,-79.707196,1410.0,,0.0,1,189.6,1.0,1,,0.0,1,195.6,1.0,1,
"Harrison township (Allegheny, PA)",Oakland,420034011003,40.628042,-79.715521,822.0,96.6,0.233,3,155.6,1.0,5,96.6,0.233,3,161.6,1.0,5,59.0
"Harrison township (Allegheny, PA)",Oakland,420034011004,40.633683,-79.720127,955.0,,0.0,0,,0.0,0,,0.0,0,,0.0,0,
"Harrison township (Allegheny, PA)",Oakland,420034012001,40.614333,-79.721949,619.0,,0.0,0,,0.0,0,,0.0,0,,0.0,0,
"Harrison township (Allegheny, PA)",Oakland,420034012002,40.619534,-79.72458,1027.0,96.6,0.242,4,147.6,1.0,7,96.6,0.242,4,153.6,1.0,7,51.0
"Harrison township (Allegheny, PA)",Oakland,420034012003,40.611235,-79.724198,510.0,,0.0,0,,0.0,0,,0.0,0,,0.0,0,
"Harrison township (Allegheny, PA)",Oakland,420034012004,40.613219,-79.733391,755.0,,0.0,0,145.6,1.0,4,,0.0,0,151.6,1.0,4,
"Harrison township (Allegheny, PA)",Oakland,420034013001,40.62489,-79.727673,1275.0,94.6,0.25,5,151.6,1.0,1,94.6,0.25,5,157.6,1.0,1,57.0
"Harrison township (Allegheny, PA)",Oakland,420034013002,40.622665,-79.735898,600.0,,0.0,0,,0.0,0,,0.0,0,,0.0,0,
"Harrison township (Allegheny, PA)",Oakland,420034013003,40.616877,-79.739792,770.0,90.6,0.275,4,147.6,1.0,2,90.6,0.275,4,153.6,1.0,2,57.0
Hays,Downtown,420035653001,40.385747,-79.924376,1238.0,,0.0,0,,0.0,0,,0.0,0,,0.0,0,
Hays,Oakland,420035653001,40.385747,-79.924376,1238.0,,0.0,0,,0.0,0,,0.0,0,,0.0,0,
"Haysville borough (Allegheny, PA)",Downtown,420035638002,40.533131,-80.148692,1825.0,,0.0,0,,0.0,0,,0.0,0,,0.0,0,
"Haysville borough (Allegheny, PA)",Downtown,420035638004,40.527287,-80.156014,81.0,69.4,1.0,2,85.8,1.0,2,69.4,1.0,2,85.8,1.0,2,16.4
"Haysville borough (Allegheny, PA)",Oakland,420035638002,40.533131,-80.148692,1825.0,,0.0,0,,0.0,0,,0.0,0,,0.0,0,
"Haysville borough (Allegheny, PA)",Oakland,420035638004,40.527287,-80.156014,81.0,94.6,1.0,2,105.7,1.0,2,94.6,1.0,2,105.7,1.0,2,11.1
Hazelwood,Downtown,420031414004,40.418931,-79.917978,1894.0,,0.0,0,,0.0,0,,0.0,0,,0.0,0,
Hazelwood,Downtown,420035623003,40.408479,-79.940153,1869.0,33.4,1.0,16,36.5,1.0,16,33.4,1.0,16,36.5,1.0,16,3.1
Hazelwood,Downtown,420035629011,40.406439,-79.946208,570.0,34.3,1.0,11,36.5,1.0,11,34.3,1.0,11,36.5,1.0,11,2.2
Hazelwood,Oakland,420031414004,40.418931,-79.917978,1894.0,,0.0,0,,0.0,0,,0.0,0,,0.0,0,
Hazelwood,Oakland,420035623003,40.408479,-79.940153,1869.0,40.4,1.0,16,41.6,1.0,16,44.4,1.0,16,42.6,1.0,16,1.2
Hazelwood,Oakland,420035629011,40.406439,-79.946208,570.0,40.4,1.0,11,41.7,1.0,11,44.4,1.0,11,42.7,1.0,11,1.3
"Heidelberg borough (Allegheny, PA)",Downtown,420034706001,40.393658,-80.084891,1584.0,51.4,1.0,10,59.4,1.0,8,51.4,1.0,10,59.4,1.0,8,8.0
"Heidelberg borough (Allegheny, PA)",Downtown,420034710001,40.391575,-80.091587,1288.0,54.4,1.0,8,61.0,1.0,8,54.4,1.0,8,61.0,1.0,8,6.6
"Heidelberg borough (Allegheny, PA)",Oakland,420034706001,40.393658,-80.084891,1584.0,78.6,1.0,10,73.7,1.0,8,78.6,1.0,10,74.7,1.0,8,-4.9
"Heidelberg borough (Allegheny, PA)",Oakland,420034710001,40.391575,-80.091587,1288.0,81.7,1.0,8,75.7,1.0,8,81.7,1.0,8,76.7,1.0,8,-6.0
Highland Park,Downtown,420031102001,40.478032,-79.9198,666.0,37.8,1.0,5,38.7,1.0,9,45.9,1.0,5,45.7,1.0,9,0.9
Highland Park,Downtown,420031102002,40.475754,-79.921431,708.0,36.8,1.0,12,36.7,1.0,15,44.8,1.0,12,43.7,1.0,15,-0.1
Highland Park,Downtown,420031102003,40.4754,-79.926393,1162.0,35.8,1.0,14,36.7,1.0,14,41.8,1.0,14,39.9,1.0,14,0.9
Highland Park,Downtown,420031102004,40.472537,-79.923096,1251.0,34.2,1.0,23,34.9,1.0,21,39.8,1.0,23,37.7,1.0,21,0.7
Highland Park,Downtown,420031106001,40.471114,-79.914448,1013.0,,0.0,0,,0.0,0,,0.0,0,,0.0,0,
Highland Park,Downtown,420031106002,40.47486,-79.916366,705.0,37.9,1.0,5,39.0,1.0,6,45.8,1.0,5,43.7,1.0,6,1.1
Highland Park,Downtown,420031106003,40.470422,-79.918164,722.0,35.8,1.0,11,35.7,1.0,9,42.9,1.0,11,38.0,1.0,9,-0.1
Highland Park,Oakland,420031102001,40.478032,-79.9198,666.0,36.6,1.0,5,34.6,1.0,9,36.6,1.0,5,34.6,1.0,9,-2.0
Highland Park,Oakland,420031102002,40.475754,-79.921431,708.0,35.6,1.0,12,32.6,1.0,15,35.6,1.0,12,32.6,1.0,15,-3.0
Highland Park,Oakland,420031102003,40.4754,-79.926393,1162.0,34.6,1.0,14,30.6,1.0,14,34.6,1.0,14,30.6,1.0,14,-4.0
Highland Park,Oakland,420031102004,40.472537,-79.923096,1251.0,33.6,1.0,23,29.6,1.0,21,33.6,1.0,23,29.6,1.0,21,-4.0
Highland Park,Oakland,420031106001,40.471114,-79.914448,1013.0,,0.0,0,,0.0,0,,0.0,0,,0.0,0,
Highland Park,Oakland,420031106002,40.47486,-79.916366,705.0,36.6,1.0,5,34.6,1.0,6,36.6,1.0,5,34.6,1.0,6,-2.0
Highland Park,Oakland,420031106003,40.470422,-79.918164,722.0,34.6,1.0,11,29.6,1.0,9,34.6,1.0,11,29.6,1.0,9,-5.0
"Homestead borough (Allegheny, PA)",Downtown,420034838001,40.400854,-79.910224,649.0,53.3,1.0,5,61.2,1.0,5,53.3,1.0,5,61.2,1.0,5,7.9
"Homestead borough (Allegheny, PA)",Downtown,420034838002,40.406781,-79.908749,1353.0,36.3,1.0,22,43.7,1.0,22,36.3,1.0,22,43.7,1.0,22,7.4
"Homestead borough (Allegheny, PA)",Downtown,420034838003,40.402422,-79.903913,882.0,53.3,1.0,9,61.5,1.0,10,53.3,1.0,9,61.5,1.0,10,8.2
"Homestead borough (Allegheny, PA)",Oakland,420034838001,40.400854,-79.910224,649.0,64.4,1.0,5,74.2,1.0,5,68.0,1.0,5,75.6,1.0,5,9.8
"Homestead borough (Allegheny, PA)",Oakland,420034838002,40.406781,-79.908749,1353.0,40.6,1.0,22,36.6,1.0,22,40.6,1.0,22,36.6,1.0,22,-4.0
"Homestead borough (Allegheny, PA)",Oakland,420034838003,40.402422,-79.903913,882.0,64.0,1.0,9,75.2,1.0,10,67.4,1.0,9,76.6,1.0,10,11.2
Homewood North,Downtown,420031302001,40.458026,-79.891017,485.0,38.8,1.0,14,41.9,1.0,14,39.9,1.0,14,42.7,1.0,14,3.1
Homewood North,Downtown,420031302002,40.45996,-79.895512,543.0,37.2,1.0,20,39.9,1.0,23,38.4,1.0,20,40.7,1.0,23,2.7
Homewood North,Downtown,420031307002,40.461393,-79.895604,803.0,45.8,1.0,16,46.7,1.0,21,45.8,1.0,16,46.7,1.0,21,0.9
Homewood North,Oakland,420031302001,40.458026,-79.891017,485.0,43.6,1.0,14,41.6,1.0,14,44.6,1.0,14,41.8,1.0,14,-2.0
Homewood North,Oakland,420031302002,40.45996,-79.895512,543.0,41.6,1.0,20,39.8,1.0,23,43.6,1.0,20,39.8,1.0,23,-1.8
Homewood North,Oakland,420031307002,40.461393,-79.895604,803.0,50.6,1.0,16,45.8,1.0,21,51.6,1.0,16,46.6,1.0,21,-4.8
Homewood South,Downtown,420031308001,40.452402,-79.887816,570.0,32.9,1.0,22,37.7,1.0,16,37.9,1.0,22,41.0,1.0,16,4.8
Homewood South,Downtown,420031308002,40.455807,-79.897575,885.0,22.9,1.0,30,25.7,1.0,31,22.9,1.0,30,25.7,1.0,31,2.8
Homewood South,Downtown,420031308003,40.452123,-79.892304,805.0,33.9,1.0,9,40.7,1.0,9,40.9,1.0,9,43.7,1.0,9,6.8
Homewood South,Oakland,420031308001,40.452402,-79.887816,570.0,34.6,1.0,22,34.6,1.0,16,34.6,1.0,22,34.6,1.0,16,0.0
Homewood South,Oakland,420031308002,40.455807,-79.897575,885.0,29.6,1.0,30,26.6,1.0,31,29.6,1.0,30,26.6,1.0,31,-3.0
Homewood South,Oakland,420031308003,40.452123,-79.892304,805.0,35.6,1.0,9,35.6,1.0,9,35.6,1.0,9,35.6,1.0,9,0.0
Homewood West,Downtown,420031307003,40.45967,-79.90295,642.0,33.9,1.0,9,43.0,1.0,8,37.9,1.0,9,43.7,1.0,8,9.1
Homewood West,Oakland,420031307003,40.45967,-79.90295,642.0,37.6,1.0,9,38.8,1.0,8,39.6,1.0,9,41.8,1.0,8,1.2
"Ingram borough (Allegheny, PA)",Downtown,420034643001,40.443735,-80.072791,1369.0,40.4,1.0,2,34.4,1.0,2,43.4,1.0,2,35.4,1.0,2,-6.0
"Ingram borough (Allegheny, PA)",Downtown,420034643002,40.446694,-80.070127,1056.0,35.0,1.0,15,46.4,1.0,10,35.4,1.0,15,46.4,1.0,10,11.4
"Ingram borough (Allegheny, PA)",Downtown,420034643003,40.444336,-80.062613,966.0,24.4,1.0,16,21.4,1.0,16,24.4,1.0,16,21.4,1.0,16,-3.0
"Ingram borough (Allegheny, PA)",Oakland,420034643001,40.443735,-80.072791,1369.0,58.7,1.0,2,54.7,1.0,2,58.7,1.0,2,55.7,1.0,2,-4.0
"Ingram borough (Allegheny, PA)",Oakland,420034643002,40.446694,-80.070127,1056.0,53.7,1.0,15,63.4,1.0,10,54.7,1.0,15,63.7,1.0,10,9.7
"Ingram borough (Allegheny, PA)",Oakland,420034643003,40.444336,-80.062613,966.0,43.7,1.0,16,40.7,1.0,16,44.7,1.0,16,40.7,1.0,16,-3.0
"Jefferson Hills borough (Allegheny, PA)",Downtown,420034911012,40.297329,-79.936814,1458.0,,0.0,0,,0.0,0,,0.0,0,,0.0,0,
"Jefferson Hills borough (Allegheny, PA)",Downtown,420034912001,40.312479,-79.918973,2114.0,101.8,1.0,3,103.5,1.0,3,101.8,1.0,3,103.5,1.0,3,1.7
"Jefferson Hills borough (Allegheny, PA)",Downtown,420035645001,40.280177,-79.920327,1564.0,,0.0,0,,0.0,0,,0.0,0,,0.0,0,
"Jefferson Hills borough (Allegheny, PA)",Oakland,420034911012,40.297329,-79.936814,1458.0,,0.0,0,,0.0,0,,0.0,0,,0.0,0,
"Jefferson Hills borough (Allegheny, PA)",Oakland,420034912001,40.312479,-79.918973,2114.0,110.6,1.0,3,115.4,1.0,3,110.6,1.0,3,117.7,1.0,3,4.8
"Jefferson Hills borough (Allegheny, PA)",Oakland,420035645001,40.280177,-79.920327,1564.0,,0.0,0,,0.0,0,,0.0,0,,0.0,0,
"Kennedy township (Allegheny, PA)",Downtown,420034591011,40.495809,-80.136659,1733.0,,0.0,0,,0.0,0,,0.0,0,,0.0,0,
"Kennedy township (Allegheny, PA)",Downtown,420034600011,40.488192,-80.115839,1654.0,58.4,1.0,5,,0.0,0,58.4,1.0,5,,0.0,0,
"Kennedy township (Allegheny, PA)",Downtown,420034600012,40.49082,-80.105407,1272.0,73.4,1.0,2,,0.0,0,73.4,1.0,2,,0.0,0,
"Kennedy township (Allegheny, PA)",Downtown,420034600013,40.480775,-80.093188,1999.0,49.4,1.0,6,49.4,1.0,7,52.4,1.0,6,49.6,1.0,7,0.0
"Kennedy township (Allegheny, PA)",Downtown,420034600021,40.463002,-80.102596,1171.0,,0.0,0,,0.0,0,,0.0,0,,0.0,0,
"Kennedy township (Allegheny, PA)",Downtown,420034600022,40.471781,-80.103291,1802.0,50.4,1.0,4,49.4,1.0,2,50.4,1.0,4,49.4,1.0,2,-1.0
"Kennedy township (Allegheny, PA)",Downtown,420034600023,40.479203,-80.112672,803.0,60.4,1.0,2,,0.0,0,60.4,1.0,2,,0.0,0,
"Kennedy township (Allegheny, PA)",Oakland,420034591011,40.495809,-80.136659,1733.0,,0.0,0,,0.0,0,,0.0,0,,0.0,0,
"Kennedy township (Allegheny, PA)",Oakland,420034600011,40.488192,-80.115839,1654.0,80.7,1.0,5,,0.0,0,80.7,1.0,5,,0.0,0,
"Kennedy township (Allegheny, PA)",Oakland,420034600012,40.49082,-80.105407,1272.0,96.7,1.0,2,,0.0,0,96.7,1.0,2,,0.0,0,
"Kennedy township (Allegheny, PA)",Oakland,420034600013,40.480775,-80.093188,1999.0,71.7,1.0,6,66.7,1.0,7,73.7,1.0,6,69.7,1.0,7,-5.0
"Kennedy township (Allegheny, PA)",Oakland,420034600021,40.463002,-80.102596,1171.0,,0.0,0,,0.0,0,,0.0,0,,0.0,0,
"Kennedy township (Allegheny, PA)",Oakland,420034600022,40.471781,-80.103291,1802.0,72.7,1.0,4,69.7,1.0,2,72.7,1.0,4,69.7,1.0,2,-3.0
"Kennedy township (Allegheny, PA)",Oakland,420034600023,40.479203,-80.112672,803.0,82.7,1.0,2,,0.0,0,82.7,1.0,2,,0.0,0,
Knoxville,Downtown,420033001001,40.417111,-79.992158,787.0,31.4,1.0,22,33.3,1.0,15,31.5,1.0,22,33.3,1.0,15,1.9
Knoxville,Downtown,420033001002,40.41486,-79.992536,772.0,30.8,1.0,22,28.8,1.0,15,30.8,1.0,22,28.8,1.0,15,-2.0
Knoxville,Downtown,420033001003,40.412838,-79.992846,639.0,30.8,1.0,16,31.5,1.0,6,30.8,1.0,16,31.5,1.0,6,0.7
Knoxville,Downtown,420033001004,40.411053,-79.993301,655.0,30.8,1.0,18,31.5,1.0,5,30.8,1.0,18,31.5,1.0,5,0.7
Knoxville,Downtown,420033001005,40.40881,-79.993932,640.0,30.4,1.0,14,31.5,1.0,4,30.8,1.0,14,31.5,1.0,4,1.1
Knoxville,Downtown,420034810003,40.409992,-79.988462,1046.0,29.8,1.0,9,30.5,1.0,7,29.8,1.0,9,30.5,1.0,7,0.7
Knoxville,Oakland,420033001001,40.417111,-79.992158,787.0,34.6,1.0,22,40.7,1.0,15,34.6,1.0,22,40.7,1.0,15,6.1
Knoxville,Oakland,420033001002,40.41486,-79.992536,772.0,34.6,1.0,22,38.7,1.0,15,34.6,1.0,22,40.7,1.0,15,4.1
Knoxville,Oakland,420033001003,40.412838,-79.992846,639.0,35.6,1.0,16,38.7,1.0,6,35.6,1.0,16,40.7,1.0,6,3.1
Knoxville,Oakland,420033001004,40.411053,-79.993301,655.0,37.6,1.0,18,38.7,1.0,5,37.6,1.0,18,40.7,1.0,5,1.1
Knoxville,Oakland,420033001005,40.40881,-79.993932,640.0,38.6,1.0,14,38.7,1.0,4,38.6,1.0,14,40.7,1.0,4,0.1
Knoxville,Oakland,420034810003,40.409992,-79.988462,1046.0,38.6,1.0,9,37.7,1.0,7,38.6,1.0,9,39.7,1.0,7,-0.9
Larimer,Downtown,420031209001,40.464128,-79.910378,565.0,32.2,1.0,15,36.7,1.0,15,32.8,1.0,15,41.7,1.0,15,4.5
Larimer,Downtown,420031209002,40.46255,-79.912626,980.0,29.8,1.0,28,31.7,1.0,24,30.9,1.0,28,34.7,1.0,24,1.9
Larimer,Oakland,420031209001,40.464128,-79.910378,565.0,36.4,1.0,15,33.6,1.0,15,38.6,1.0,15,38.8,1.0,15,-2.8
Larimer,Oakland,420031209002,40.46255,-79.912626,980.0,32.6,1.0,28,27.6,1.0,24,33.6,1.0,28,29.6,1.0,24,-5.0
"Leetsdale borough (Allegheny, PA)",Downtown,420034470001,40.576475,-80.209301,1624.0,,0.0,0,,0.0,0,,0.0,0,,0.0,0,
"Leetsdale borough (Allegheny, PA)",Downtown,420034480001,40.56641,-80.209728,1162.0,80.4,1.0,6,98.8,1.0,6,80.4,1.0,6,98.8,1.0,6,18.4
"Leetsdale borough (Allegheny, PA)",Downtown,420034490001,40.5606,-80.231038,861.0,,0.0,0,,0.0,0,,0.0,0,,0.0,0,
"Leetsdale borough (Allegheny, PA)",Oakland,420034470001,40.576475,-80.209301,1624.0,,0.0,0,,0.0,0,,0.0,0,,0.0,0,
"Leetsdale borough (Allegheny, PA)",Oakland,420034480001,40.56641,-80.209728,1162.0,106.6,1.0,6,118.7,1.0,6,106.6,1.0,6,118.7,1.0,6,12.1
"Leetsdale borough (Allegheny, PA)",Oakland,420034490001,40.5606,-80.231038,861.0,,0.0,0,,0.0,0,,0.0,0,,0.0,0,
Lincoln Place,Downtown,420033102001,40.377271,-79.912137,666.0,56.4,1.0,8,64.5,1.0,8,56.4,1.0,8,64.5,1.0,8,8.1
Lincoln Place,Downtown,420033102002,40.367584,-79.912465,1774.0,50.4,1.0,10,50.2,1.0,10,50.4,1.0,10,50.2,1.0,10,-0.2
Lincoln Place,Downtown,420033102003,40.373853,-79.916807,715.0,53.4,1.0,4,50.2,1.0,4,53.4,1.0,4,50.2,1.0,4,-3.2
Lincoln Place,Downtown,420034883001,40.372101,-79.901135,1060.0,,0.0,0,,0.0,0,,0.0,0,,0.0,0,
Lincoln Place,Oakland,420033102001,40.377271,-79.912137,666.0,67.0,1.0,8,78.2,1.0,8,72.6,1.0,8,80.6,1.0,8,11.2
Lincoln Place,Oakland,420033102002,40.367584,-79.912465,1774.0,59.6,1.0,10,64.4,1.0,10,64.0,1.0,10,68.7,1.0,10,4.8
Lincoln Place,Oakland,420033102003,40.373853,-79.916807,715.0,58.6,1.0,4,66.6,1.0,4,66.0,1.0,4,71.7,1.0,4,8.0
Lincoln Place,Oakland,420034883001,40.372101,-79.901135,1060.0,,0.0,0,,0.0,0,,0.0,0,,0.0,0,
Lincoln-Lemington-Belmar,Downtown,420031203001,40.469309,-79.903758,883.0,50.8,1.0,13,46.7,1.0,13,57.4,1.0,13,54.7,1.0,13,-4.1
Lincoln-Lemington-Belmar,Downtown,420031203002,40.466614,-79.900776,541.0,34.9,1.0,18,38.7,1.0,18,36.9,1.0,18,42.7,1.0,18,3.8
Lincoln-Lemington-Belmar,Downtown,420035619001,40.472497,-79.894402,656.0,37.8,1.0,19,40.7,1.0,12,38.9,1.0,19,43.7,1.0,12,2.9
Lincoln-Lemington-Belmar,Downtown,420035619002,40.466855,-79.892571,1242.0,36.9,1.0,27,40.0,1.0,29,37.9,1.0,27,42.7,1.0,29,3.1
Lincoln-Lemington-Belmar,Downtown,420039818001,40.479349,-79.897814,314.0,48.9,1.0,2,,0.0,0,53.8,1.0,2,,0.0,0,
Lincoln-Lemington-Belmar,Oakland,420031203001,40.469309,-79.903758,883.0,56.6,1.0,13,42.6,1.0,13,57.6,1.0,13,50.6,1.0,13,-14.0
Lincoln-Lemington-Belmar,Oakland,420031203002,40.466614,-79.900776,541.0,39.4,1.0,18,35.4,1.0,18,41.6,1.0,18,40.6,1.0,18,-4.0
Lincoln-Lemington-Belmar,Oakland,420035619001,40.472497,-79.894402,656.0,42.4,1.0,19,37.6,1.0,12,44.6,1.0,19,41.6,1.0,12,-4.8
Lincoln-Lemington-Belmar,Oakland,420035619002,40.466855,-79.892571,1242.0,42.4,1.0,27,37.4,1.0,29,43.6,1.0,27,40.6,1.0,29,-5.0
Lincoln-Lemington-Belmar,Oakland,420039818001,40.479349,-79.897814,314.0,55.6,1.0,2,,0.0,0,56.6,1.0,2,,0.0,0,
Lower Lawrenceville,Downtown,420030603001,40.463321,-79.960547,1012.0,22.9,1.0,15,20.9,1.0,15,22.9,1.0,15,20.9,1.0,15,-2.0
Lower Lawrenceville,Downtown,420030603002,40.465531,-79.964946,1629.0,24.1,1.0,15,20.9,1.0,16,24.1,1.0,15,20.9,1.0,16,-3.2
Lower Lawrenceville,Oakland,420030603001,40.463321,-79.960547,1012.0,29.5,1.0,15,24.6,1.0,15,29.6,1.0,15,24.6,1.0,15,-4.9
Lower Lawrenceville,Oakland,420030603002,40.465531,-79.964946,1629.0,34.6,1.0,15,35.6,1.0,16,36.4,1.0,15,37.5,1.0,16,1.0
Manchester,Downtown,420035652001,40.453548,-80.023662,1274.0,31.5,1.0,17,30.8,1.0,9,31.5,1.0,17,30.8,1.0,9,-0.7
Manchester,Downtown,420035652002,40.457011,-80.026166,757.0,27.8,1.0,20,30.8,1.0,18,27.8,1.0,20,30.8,1.0,18,3.0
Manchester,Downtown,420039806001,40.452554,-80.027017,19.0,33.5,1.0,14,32.8,1.0,7,33.5,1.0,14,32.8,1.0,7,-0.7
Manchester,Oakland,420035652001,40.453548,-80.023662,1274.0,58.7,1.0,17,48.7,1.0,9,58.7,1.0,17,48.7,1.0,9,-10.0
Manchester,Oakland,420035652002,40.457011,-80.026166,757.0,54.7,1.0,20,48.7,1.0,18,54.7,1.0,20,48.7,1.0,18,-6.0
Manchester,Oakland,420039806001,40.452554,-80.027017,19.0,60.7,1.0,14,50.7,1.0,7,60.7,1.0,14,50.7,1.0,7,-10.0
Marshall-Shadeland,Downtown,420032716001,40.476225,-80.026512,759.0,32.8,1.0,4,34.8,1.0,4,32.8,1.0,4,34.8,1.0,4,2.0
Marshall-Shadeland,Downtown,420032716002,40.470517,-80.029534,1185.0,31.8,1.0,19,32.1,1.0,19,31.8,1.0,19,32.1,1.0,19,0.3
Marshall-Shadeland,Downtown,420032716003,40.471597,-80.033913,1134.0,36.4,1.0,13,36.8,1.0,13,36.8,1.0,13,36.8,1.0,13,0.4
Marshall-Shadeland,Downtown,420032716004,40.465836,-80.028562,968.0,29.8,1.0,9,30.8,1.0,11,29.8,1.0,9,30.8,1.0,11,1.0
Marshall-Shadeland,Oakland,420032716001,40.476225,-80.026512,759.0,57.7,1.0,4,53.4,1.0,4,57.7,1.0,4,53.7,1.0,4,-4.3
Marshall-Shadeland,Oakland,420032716002,40.470517,-80.029534,1185.0,56.7,1.0,19,51.4,1.0,19,56.7,1.0,19,51.7,1.0,19,-5.3
Marshall-Shadeland,Oakland,420032716003,40.471597,-80.033913,1134.0,62.7,1.0,13,54.7,1.0,13,63.7,1.0,13,54.7,1.0,13,-8.0
Marshall-Shadeland,Oakland,420032716004,40.465836,-80.028562,968.0,54.7,1.0,9,50.4,1.0,11,54.7,1.0,9,50.7,1.0,11,-4.3
"McCandless township (Allegheny, PA)",Downtown,420034131002,40.593762,-80.032551,2146.0,,0.0,0,,0.0,0,,0.0,0,,0.0,0,
"McCandless township (Allegheny, PA)",Downtown,420034131003,40.599845,-80.043612,1407.0,,0.0,0,,0.0,0,,0.0,0,,0.0,0,
"McCandless township (Allegheny, PA)",Downtown,420034132011,40.575912,-80.031127,817.0,,0.0,0,,0.0,0,,0.0,0,,0.0,0,
"McCandless township (Allegheny, PA)",Downtown,420034132012,40.577214,-80.048262,1314.0,,0.0,0,,0.0,0,,0.0,0,,0.0,0,
"McCandless township (Allegheny, PA)",Downtown,420034132013,40.570799,-80.042124,1695.0,,0.0,0,,0.0,0,,0.0,0,,0.0,0,
"McCandless township (Allegheny, PA)",Downtown,420034132021,40.586409,-80.055339,1077.0,,0.0,0,,0.0,0,,0.0,0,,0.0,0,
"McCandless township (Allegheny, PA)",Downtown,420034133001,40.560844,-80.030709,1759.0,,0.0,0,,0.0,0,,0.0,0,,0.0,0,
"McCandless township (Allegheny, PA)",Downtown,420034134001,40.561781,-80.000959,1607.0,,0.0,0,,0.0,0,,0.0,0,,0.0,0,
"McCandless township (Allegheny, PA)",Downtown,420034134002,40.55941,-80.013969,1303.0,81.8,1.0,9,,0.0,0,81.8,1.0,9,,0.0,0,
"McCandless township (Allegheny, PA)",Downtown,420034135001,40.583605,-80.007034,950.0,,0.0,0,,0.0,0,,0.0,0,,0.0,0,
"McCandless township (Allegheny, PA)",Downtown,420034135002,40.575525,-80.020611,2164.0,,0.0,0,,0.0,0,,0.0,0,,0.0,0,
"McCandless township (Allegheny, PA)",Downtown,420034135003,40.57245,-79.997337,1448.0,45.1,0.042,6,,0.0,0,45.1,0.042,6,,0.0,0,
"McCandless township (Allegheny, PA)",Downtown,420034135004,40.576613,-80.004869,2059.0,,0.0,0,,0.0,0,,0.0,0,,0.0,0,
"McCandless township (Allegheny, PA)",Downtown,420034141023,40.593831,-79.979209,1882.0,,0.0,0,,0.0,0,,0.0,0,,0.0,0,
"McCandless township (Allegheny, PA)",Oakland,420034131002,40.593762,-80.032551,2146.0,,0.0,0,,0.0,0,,0.0,0,,0.0,0,
"McCandless township (Allegheny, PA)",Oakland,420034131003,40.599845,-80.043612,1407.0,,0.0,0,,0.0,0,,0.0,0,,0.0,0,
"McCandless township (Allegheny, PA)",Oakland,420034132011,40.575912,-80.031127,817.0,,0.0,0,,0.0,0,,0.0,0,,0.0,0,
"McCandless township (Allegheny, PA)",Oakland,420034132012,40.577214,-80.048262,1314.0,,0.0,0,,0.0,0,,0.0,0,,0.0,0,
"McCandless township (Allegheny, PA)",Oakland,420034132013,40.570799,-80.042124,1695.0,,0.0,0,,0.0,0,,0.0,0,,0.0,0,
"McCandless township (Allegheny, PA)",Oakland,420034132021,40.586409,-80.055339,1077.0,,0.0,0,,0.0,0,,0.0,0,,0.0,0,
"McCandless township (Allegheny, PA)",Oakland,420034133001,40.560844,-80.030709,1759.0,,0.0,0,,0.0,0,,0.0,0,,0.0,0,
"McCandless township (Allegheny, PA)",Oakland,420034134001,40.561781,-80.000959,1607.0,,0.0,0,,0.0,0,,0.0,0,,0.0,0,
"McCandless township (Allegheny, PA)",Oakland,420034134002,40.55941,-80.013969,1303.0,105.7,1.0,9,,0.0,0,105.7,1.0,9,,0.0,0,
"McCandless township (Allegheny, PA)",Oakland,420034135001,40.583605,-80.007034,950.0,,0.0,0,,0.0,0,,0.0,0,,0.0,0,
"McCandless township (Allegheny, PA)",Oakland,420034135002,40.575525,-80.020611,2164.0,,0.0,0,,0.0,0,,0.0,0,,0.0,0,
"McCandless township (Allegheny, PA)",Oakland,420034135003,40.57245,-79.997337,1448.0,71.7,0.042,6,,0.0,0,71.7,0.042,6,,0.0,0,
"McCandless township (Allegheny, PA)",Oakland,420034135004,40.576613,-80.004869,2059.0,,0.0,0,,0.0,0,,0.0,0,,0.0,0,
"McCandless township (Allegheny, PA)",Oakland,420034141023,40.593831,-79.979209,1882.0,,0.0,0,,0.0,0,,0.0,0,,0.0,0,
"McKees Rocks borough (Allegheny, PA)",Downtown,420034639001,40.467959,-80.076008,1232.0,54.4,1.0,5,58.4,1.0,1,54.4,1.0,5,58.4,1.0,1,4.0
"McKees Rocks borough (Allegheny, PA)",Downtown,420034639002,40.465118,-80.0702,722.0,35.4,1.0,11,37.4,1.0,12,35.4,1.0,11,37.4,1.0,12,2.0
"McKees Rocks borough (Allegheny, PA)",Downtown,420034639003,40.467616,-80.067809,758.0,33.0,1.0,14,33.4,1.0,14,33.0,1.0,14,33.4,1.0,14,0.4
"McKees Rocks borough (Allegheny, PA)",Downtown,420034644001,40.471015,-80.063372,1229.0,36.4,1.0,10,41.4,1.0,10,36.4,1.0,10,41.4,1.0,10,5.0
"McKees Rocks borough (Allegheny, PA)",Downtown,420034644002,40.473619,-80.055436,1048.0,42.4,1.0,11,41.4,1.0,9,42.4,1.0,11,41.6,1.0,9,-1.0
"McKees Rocks borough (Allegheny, PA)",Downtown,420034644003,40.466393,-80.060823,931.0,28.4,1.0,10,28.4,1.0,10,28.4,1.0,10,28.4,1.0,10,0.0
"McKees Rocks borough (Allegheny, PA)",Oakland,420034639001,40.467959,-80.076008,1232.0,75.7,1.0,5,79.4,1.0,1,75.7,1.0,5,79.7,1.0,1,3.7
"McKees Rocks borough (Allegheny, PA)",Oakland,420034639002,40.465118,-80.0702,722.0,58.7,1.0,11,55.7,1.0,12,58.7,1.0,11,55.7,1.0,12,-3.0
"McKees Rocks borough (Allegheny, PA)",Oakland,420034639003,40.467616,-80.067809,758.0,56.7,1.0,14,52.7,1.0,14,56.7,1.0,14,52.7,1.0,14,-4.0
"McKees Rocks borough (Allegheny, PA)",Oakland,420034644001,40.471015,-80.063372,1229.0,60.7,1.0,10,58.7,1.0,10,60.7,1.0,10,58.7,1.0,10,-2.0
"McKees Rocks borough (Allegheny, PA)",Oakland,420034644002,40.473619,-80.055436,1048.0,64.7,1.0,11,57.7,1.0,9,64.7,1.0,11,61.7,1.0,9,-7.0
"McKees Rocks borough (Allegheny, PA)",Oakland,420034644003,40.466393,-80.060823,931.0,52.7,1.0,10,47.4,1.0,10,52.7,1.0,10,47.7,1.0,10,-5.3
"McKeesport city (Allegheny, PA)",Downtown,420034884001,40.368947,-79.86614,1055.0,,0.0,0,,0.0,0,,0.0,0,,0.0,0,
"McKeesport city (Allegheny, PA)",Downtown,420034962004,40.314681,-79.80441,1289.0,,0.0,0,,0.0,0,,0.0,0,,0.0,0,
"McKeesport city (Allegheny, PA)",Downtown,420034980001,40.323228,-79.850999,1171.0,,0.0,0,,0.0,0,,0.0,0,,0.0,0,
"McKeesport city (Allegheny, PA)",Downtown,420034980002,40.325425,-79.859752,1184.0,,0.0,0,,0.0,0,,0.0,0,,0.0,0,
"McKeesport city (Allegheny, PA)",Downtown,420035003001,40.341608,-79.872531,1414.0,,0.0,0,,0.0,0,,0.0,0,,0.0,0,
"McKeesport city (Allegheny, PA)",Downtown,420035003003,40.332885,-79.867232,635.0,,0.0,0,,0.0,0,,0.0,0,,0.0,0,
"McKeesport city (Allegheny, PA)",Downtown,420035003004,40.33809,-79.872982,938.0,,0.0,0,,0.0,0,,0.0,0,,0.0,0,
"McKeesport city (Allegheny, PA)",Downtown,420035030021,40.355226,-79.821333,1011.0,,0.0,0,,0.0,0,,0.0,0,,0.0,0,
"McKeesport city (Allegheny, PA)",Downtown,420035030024,40.346146,-79.814392,825.0,,0.0,0,,0.0,0,,0.0,0,,0.0,0,
"McKeesport city (Allegheny, PA)",Downtown,420035509001,40.348786,-79.849315,570.0,98.3,1.0,7,99.7,1.0,7,98.3,1.0,7,99.7,1.0,7,1.4
"McKeesport city (Allegheny, PA)",Downtown,420035509002,40.348006,-79.855952,897.0,,0.0,0,100.9,1.0,6,,0.0,0,100.9,1.0,6,
"McKeesport city (Allegheny, PA)",Downtown,420035512001,40.350574,-79.840285,1094.0,73.9,1.0,10,71.2,1.0,8,74.4,1.0,10,71.2,1.0,8,-2.7
"McKeesport city (Allegheny, PA)",Downtown,420035512002,40.353746,-79.830074,1133.0,,0.0,0,,0.0,0,,0.0,0,,0.0,0,
"McKeesport city (Allegheny, PA)",Downtown,420035512003,40.347523,-79.837814,1164.0,87.4,1.0,13,79.2,1.0,14,87.4,1.0,13,79.2,1.0,14,-8.2
"McKeesport city (Allegheny, PA)",Downtown,420035513001,40.341886,-79.83225,868.0,79.4,1.0,3,75.2,1.0,9,79.4,1.0,3,75.2,1.0,9,-4.2
"McKeesport city (Allegheny, PA)",Downtown,420035513002,40.329257,-79.828377,1479.0,,0.0,0,,0.0,0,,0.0,0,,0.0,0,
"McKeesport city (Allegheny, PA)",Downtown,420035519001,40.353444,-79.850341,1330.0,59.4,1.0,11,66.2,1.0,11,60.3,1.0,11,66.2,1.0,11,6.8
"McKeesport city (Allegheny, PA)",Downtown,420035520001,40.343716,-79.843772,522.0,102.3,1.0,5,101.7,1.0,5,102.3,1.0,5,101.7,1.0,5,-0.6
"McKeesport city (Allegheny, PA)",Downtown,420035520002,40.340404,-79.843066,574.0,,0.0,0,104.2,1.0,5,,0.0,0,104.2,1.0,5,
"McKeesport city (Allegheny, PA)",Downtown,420035520003,40.343609,-79.839232,487.0,103.3,1.0,5,84.2,1.0,10,103.3,1.0,5,84.2,1.0,10,-19.1
"McKeesport city (Allegheny, PA)",Downtown,420035520004,40.3401,-79.838685,711.0,,0.0,0,85.2,1.0,6,,0.0,0,85.2,1.0,6,
"McKeesport city (Allegheny, PA)",Downtown,420035521001,40.346545,-79.863552,552.0,102.3,1.0,5,139.5,1.0,2,102.3,1.0,5,139.5,1.0,2,37.2
"McKeesport city (Allegheny, PA)",Downtown,420035521002,40.344085,-79.865849,623.0,105.3,1.0,5,140.5,1.0,2,105.3,1.0,5,140.5,1.0,2,35.2
"McKeesport city (Allegheny, PA)",Downtown,420035522001,40.348627,-79.876495,969.0,64.3,1.0,6,63.2,1.0,6,64.4,1.0,6,63.2,1.0,6,-1.1
"McKeesport city (Allegheny, PA)",Downtown,420035523001,40.343724,-79.852491,552.0,103.3,1.0,1,98.5,1.0,5,103.3,1.0,1,98.5,1.0,5,-4.8
"McKeesport city (Allegheny, PA)",Downtown,420035523002,40.339616,-79.850728,755.0,109.3,1.0,1,101.5,1.0,8,109.3,1.0,1,101.5,1.0,8,-7.8
"McKeesport city (Allegheny, PA)",Downtown,420035523003,40.343243,-79.847462,555.0,102.3,1.0,4,101.7,1.0,4,102.3,1.0,4,101.7,1.0,4,-0.6
"McKeesport city (Allegheny, PA)",Downtown,420035524001,40.336913,-79.83545,610.0,,0.0,0,88.2,1.0,6,,0.0,0,88.2,1.0,6,
"McKeesport city (Allegheny, PA)",Downtown,420035524002,40.333071,-79.83726,898.0,,0.0,0,,0.0,0,,0.0,0,,0.0,0,
"McKeesport city (Allegheny, PA)",Downtown,420035524003,40.334314,-79.845705,1384.0,108.3,1.0,8,106.9,1.0,7,108.3,1.0,8,106.9,1.0,7,-1.4
"McKeesport city (Allegheny, PA)",Oakland,420034884001,40.368947,-79.86614,1055.0,,0.0,0,,0.0,0,,0.0,0,,0.0,0,
"McKeesport city (Allegheny, PA)",Oakland,420034962004,40.314681,-79.80441,1289.0,,0.0,0,,0.0,0,,0.0,0,,0.0,0,
"McKeesport city (Allegheny, PA)",Oakland,420034980001,40.323228,-79.850999,1171.0,,0.0,0,,0.0,0,,0.0,0,,0.0,0,
"McKeesport city (Allegheny, PA)",Oakland,420034980002,40.325425,-79.859752,1184.0,,0.0,0,,0.0,0,,0.0,0,,0.0,0,
"McKeesport city (Allegheny, PA)",Oakland,420035003001,40.341608,-79.872531,1414.0,,0.0,0,,0.0,0,,0.0,0,,0.0,0,
"McKeesport city (Allegheny, PA)",Oakland,420035003003,40.332885,-79.867232,635.0,,0.0,0,,0.0,0,,0.0,0,,0.0,0,
"McKeesport city (Allegheny, PA)",Oakland,420035003004,40.33809,-79.872982,938.0,,0.0,0,,0.0,0,,0.0,0,,0.0,0,
"McKeesport city (Allegheny, PA)",Oakland,420035030021,40.355226,-79.821333,1011.0,,0.0,0,,0.0,0,,0.0,0,,0.0,0,
"McKeesport city (Allegheny, PA)",Oakland,420035030024,40.346146,-79.814392,825.0,,0.0,0,,0.0,0,,0.0,0,,0.0,0,
"McKeesport city (Allegheny, PA)",Oakland,420035509001,40.348786,-79.849315,570.0,103.6,1.0,7,95.8,1.0,7,104.4,1.0,7,95.8,1.0,7,-7.8
"McKeesport city (Allegheny, PA)",Oakland,420035509002,40.348006,-79.855952,897.0,,0.0,0,109.8,1.0,6,,0.0,0,111.7,1.0,6,
"McKeesport city (Allegheny, PA)",Oakland,420035512001,40.350574,-79.840285,1094.0,81.6,1.0,10,82.7,1.0,8,84.7,1.0,10,84.6,1.0,8,1.1
"McKeesport city (Allegheny, PA)",Oakland,420035512002,40.353746,-79.830074,1133.0,,0.0,0,,0.0,0,,0.0,0,,0.0,0,
"McKeesport city (Allegheny, PA)",Oakland,420035512003,40.347523,-79.837814,1164.0,92.7,1.0,13,85.6,1.0,14,97.4,1.0,13,86.7,1.0,14,-7.1
"McKeesport city (Allegheny, PA)",Oakland,420035513001,40.341886,-79.83225,868.0,86.6,1.0,3,89.6,1.0,9,91.7,1.0,3,91.6,1.0,9,3.0
"McKeesport city (Allegheny, PA)",Oakland,420035513002,40.329257,-79.828377,1479.0,,0.0,0,,0.0,0,,0.0,0,,0.0,0,
"McKeesport city (Allegheny, PA)",Oakland,420035519001,40.353444,-79.850341,1330.0,61.6,1.0,11,67.8,1.0,11,62.6,1.0,11,68.6,1.0,11,6.2
"McKeesport city (Allegheny, PA)",Oakland,420035520001,40.343716,-79.843772,522.0,107.6,1.0,5,97.8,1.0,5,108.4,1.0,5,97.8,1.0,5,-9.8
"McKeesport city (Allegheny, PA)",Oakland,420035520002,40.340404,-79.843066,574.0,,0.0,0,113.6,1.0,5,,0.0,0,115.6,1.0,5,
"McKeesport city (Allegheny, PA)",Oakland,420035520003,40.343609,-79.839232,487.0,108.6,1.0,5,88.6,1.0,10,109.4,1.0,5,88.6,1.0,10,-20.0
"McKeesport city (Allegheny, PA)",Oakland,420035520004,40.3401,-79.838685,711.0,,0.0,0,93.6,1.0,6,,0.0,0,94.7,1.0,6,
"McKeesport city (Allegheny, PA)",Oakland,420035521001,40.346545,-79.863552,552.0,96.6,1.0,5,152.7,1.0,2,98.4,1.0,5,155.7,1.0,2,56.1
"McKeesport city (Allegheny, PA)",Oakland,420035521002,40.344085,-79.865849,623.0,101.4,1.0,5,153.7,1.0,2,101.4,1.0,5,156.7,1.0,2,52.3
"McKeesport city (Allegheny, PA)",Oakland,420035522001,40.348627,-79.876495,969.0,69.6,1.0,6,76.4,1.0,6,73.0,1.0,6,78.6,1.0,6,6.8
"McKeesport city (Allegheny, PA)",Oakland,420035523001,40.343724,-79.852491,552.0,108.6,1.0,1,94.6,1.0,5,109.4,1.0,1,94.6,1.0,5,-14.0
"McKeesport city (Allegheny, PA)",Oakland,420035523002,40.339616,-79.850728,755.0,108.4,1.0,1,110.7,1.0,8,108.4,1.0,1,112.7,1.0,8,2.3
"McKeesport city (Allegheny, PA)",Oakland,420035523003,40.343243,-79.847462,555.0,107.6,1.0,4,97.8,1.0,4,108.4,1.0,4,97.8,1.0,4,-9.8
"McKeesport city (Allegheny, PA)",Oakland,420035524001,40.336913,-79.83545,610.0,,0.0,0,94.8,1.0,6,,0.0,0,96.6,1.0,6,
"McKeesport city (Allegheny, PA)",Oakland,420035524002,40.333071,-79.83726,898.0,,0.0,0,,0.0,0,,0.0,0,,0.0,0,
"McKeesport city (Allegheny, PA)",Oakland,420035524003,40.334314,-79.845705,1384.0,107.4,1.0,8,115.8,1.0,7,107.4,1.0,8,117.7,1.0,7,8.4
Middle Hill,Downtown,420030501001,40.445831,-79.978557,893.0,19.7,1.0,31,18.7,1.0,29,19.7,1.0,31,18.7,1.0,29,-1.0
Middle Hill,Downtown,420030501002,40.449045,-79.969255,864.0,25.7,1.0,14,22.0,1.0,20,25.7,1.0,14,22.0,1.0,20,-3.7
Middle Hill,Downtown,420030509001,40.450489,-79.974695,1386.0,36.7,1.0,7,27.7,1.0,10,36.7,1.0,7,28.7,1.0,10,-9.0
Middle Hill,Oakland,420030501001,40.445831,-79.978557,893.0,20.5,1.0,31,18.5,1.0,29,26.4,1.0,31,22.5,1.0,29,-2.0
Middle Hill,Oakland,420030501002,40.449045,-79.969255,864.0,19.6,1.0,14,18.5,1.0,20,28.5,1.0,14,24.5,1.0,20,-1.1
Middle Hill,Oakland,420030509001,40.450489,-79.974695,1386.0,32.5,1.0,7,24.5,1.0,10,34.0,1.0,7,24.5,1.0,10,-8.0
"Millvale borough (Allegheny, PA)",Downtown,420034270001,40.488411,-79.972678,1314.0,53.8,1.0,9,32.8,1.0,9,53.8,1.0,9,32.8,1.0,9,-21.0
"Millvale borough (Allegheny, PA)",Downtown,420034270002,40.478614,-79.973711,771.0,54.8,1.0,1,33.9,1.0,10,54.8,1.0,1,33.9,1.0,10,-20.9
"Millvale borough (Allegheny, PA)",Oakland,420034270001,40.488411,-79.972678,1314.0,76.7,1.0,9,42.6,1.0,9,76.7,1.0,9,42.6,1.0,9,-34.1
"Millvale borough (Allegheny, PA)",Oakland,420034270002,40.478614,-79.973711,771.0,77.7,1.0,1,39.8,1.0,10,77.7,1.0,1,39.8,1.0,10,-37.9
"Monroeville municipality (Allegheny, PA)",Downtown,420035211001,40.456362,-79.765604,992.0,,0.0,0,,0.0,0,,0.0,0,,0.0,0,
"Monroeville municipality (Allegheny, PA)",Downtown,420035211002,40.44798,-79.77656,1316.0,,0.0,0,,0.0,0,,0.0,0,,0.0,0,
"Monroeville municipality (Allegheny, PA)",Downtown,420035211003,40.450799,-79.783101,2243.0,,0.0,0,,0.0,0,,0.0,0,,0.0,0,
"Monroeville municipality (Allegheny, PA)",Downtown,420035212001,40.440366,-79.783696,2144.0,,0.0,0,,0.0,0,,0.0,0,,0.0,0,
"Monroeville municipality (Allegheny, PA)",Downtown,420035212002,40.427816,-79.791437,923.0,63.9,1.0,7,65.9,1.0,7,64.9,1.0,7,65.9,1.0,7,2.0
"Monroeville municipality (Allegheny, PA)",Downtown,420035212003,40.414048,-79.806435,1454.0,,0.0,0,,0.0,0,,0.0,0,,0.0,0,
"Monroeville municipality (Allegheny, PA)",Downtown,420035213011,40.437112,-79.765106,822.0,77.8,1.0,7,71.9,1.0,6,80.9,1.0,7,71.9,1.0,6,-5.9
"Monroeville municipality (Allegheny, PA)",Downtown,420035213012,40.426278,-79.758447,1235.0,102.9,1.0,2,,0.0,0,102.9,1.0,2,,0.0,0,
"Monroeville municipality (Allegheny, PA)",Downtown,420035213021,40.430933,-79.769464,1592.0,,0.0,0,,0.0,0,,0.0,0,,0.0,0,
"Monroeville municipality (Allegheny, PA)",Downtown,420035213022,40.434435,-79.777856,956.0,75.9,1.0,4,71.9,1.0,7,79.9,1.0,4,71.9,1.0,7,-4.0
"Monroeville municipality (Allegheny, PA)",Downtown,420035213023,40.420871,-79.787131,1368.0,,0.0,0,,0.0,0,,0.0,0,,0.0,0,
"Monroeville municipality (Allegheny, PA)",Downtown,420035213024,40.401221,-79.799756,600.0,,0.0,0,,0.0,0,,0.0,0,,0.0,0,
"Monroeville municipality (Allegheny, PA)",Downtown,420035214011,40.427809,-79.73672,2067.0,,0.0,0,,0.0,0,,0.0,0,,0.0,0,
"Monroeville municipality (Allegheny, PA)",Downtown,420035214012,40.421924,-79.717757,857.0,,0.0,0,,0.0,0,,0.0,0,,0.0,0,
"Monroeville municipality (Allegheny, PA)",Downtown,420035214023,40.412779,-79.74168,1253.0,,0.0,0,,0.0,0,,0.0,0,,0.0,0,
"Monroeville municipality (Allegheny, PA)",Downtown,420035215001,40.439039,-79.717082,1475.0,,0.0,0,,0.0,0,,0.0,0,,0.0,0,
"Monroeville municipality (Allegheny, PA)",Downtown,420035215002,40.445024,-79.742843,1835.0,91.9,1.0,4,,0.0,0,95.9,1.0,4,,0.0,0,
"Monroeville municipality (Allegheny, PA)",Downtown,420035215003,40.449047,-79.758299,773.0,92.9,1.0,5,90.9,1.0,4,92.9,1.0,5,90.9,1.0,4,-2.0
"Monroeville municipality (Allegheny, PA)",Downtown,420035220002,40.403256,-79.779085,1538.0,78.8,1.0,4,82.7,1.0,5,78.8,1.0,4,82.7,1.0,5,3.9
"Monroeville municipality (Allegheny, PA)",Downtown,420035263023,40.450608,-79.705916,1205.0,,0.0,0,,0.0,0,,0.0,0,,0.0,0,
"Monroeville municipality (Allegheny, PA)",Downtown,420035644006,40.393014,-79.787996,519.0,,0.0,0,,0.0,0,,0.0,0,,0.0,0,
"Monroeville municipality (Allegheny, PA)",Downtown,421298021012,40.445674,-79.69678,2655.0,,0.0,0,,0.0,0,,0.0,0,,0.0,0,
"Monroeville municipality (Allegheny, PA)",Downtown,421298021031,40.415111,-79.70807,1294.0,,0.0,0,,0.0,0,,0.0,0,,0.0,0,
"Monroeville municipality (Allegheny, PA)",Oakland,420035211001,40.456362,-79.765604,992.0,,0.0,0,,0.0,0,,0.0,0,,0.0,0,
"Monroeville municipality (Allegheny, PA)",Oakland,420035211002,40.44798,-79.77656,1316.0,,0.0,0,,0.0,0,,0.0,0,,0.0,0,
"Monroeville municipality (Allegheny, PA)",Oakland,420035211003,40.450799,-79.783101,2243.0,,0.0,0,,0.0,0,,0.0,0,,0.0,0,
"Monroeville municipality (Allegheny, PA)",Oakland,420035212001,40.440366,-79.783696,2144.0,,0.0,0,,0.0,0,,0.0,0,,0.0,0,
"Monroeville municipality (Allegheny, PA)",Oakland,420035212002,40.427816,-79.791437,923.0,70.4,1.0,7,72.6,1.0,7,71.4,1.0,7,72.6,1.0,7,2.2
"Monroeville municipality (Allegheny, PA)",Oakland,420035212003,40.414048,-79.806435,1454.0,,0.0,0,,0.0,0,,0.0,0,,0.0,0,
"Monroeville municipality (Allegheny, PA)",Oakland,420035213011,40.437112,-79.765106,822.0,83.6,1.0,7,79.6,1.0,6,84.4,1.0,7,79.6,1.0,6,-4.0
"Monroeville municipality (Allegheny, PA)",Oakland,420035213012,40.426278,-79.758447,1235.0,105.4,1.0,2,,0.0,0,105.4,1.0,2,,0.0,0,
"Monroeville municipality (Allegheny, PA)",Oakland,420035213021,40.430933,-79.769464,1592.0,,0.0,0,,0.0,0,,0.0,0,,0.0,0,
"Monroeville municipality (Allegheny, PA)",Oakland,420035213022,40.434435,-79.777856,956.0,82.4,1.0,4,78.6,1.0,7,83.4,1.0,4,78.6,1.0,7,-3.8
"Monroeville municipality (Allegheny, PA)",Oakland,420035213023,40.420871,-79.787131,1368.0,,0.0,0,,0.0,0,,0.0,0,,0.0,0,
"Monroeville municipality (Allegheny, PA)",Oakland,420035213024,40.401221,-79.799756,600.0,,0.0,0,,0.0,0,,0.0,0,,0.0,0,
"Monroeville municipality (Allegheny, PA)",Oakland,420035214011,40.427809,-79.73672,2067.0,,0.0,0,,0.0,0,,0.0,0,,0.0,0,
"Monroeville municipality (Allegheny, PA)",Oakland,420035214012,40.421924,-79.717757,857.0,,0.0,0,,0.0,0,,0.0,0,,0.0,0,
"Monroeville municipality (Allegheny, PA)",Oakland,420035214023,40.412779,-79.74168,1253.0,,0.0,0,,0.0,0,,0.0,0,,0.0,0,
"Monroeville municipality (Allegheny, PA)",Oakland,420035215001,40.439039,-79.717082,1475.0,,0.0,0,,0.0,0,,0.0,0,,0.0,0,
"Monroeville municipality (Allegheny, PA)",Oakland,420035215002,40.445024,-79.742843,1835.0,95.6,1.0,4,,0.0,0,97.4,1.0,4,,0.0,0,
"Monroeville municipality (Allegheny, PA)",Oakland,420035215003,40.449047,-79.758299,773.0,93.6,1.0,5,95.6,1.0,4,95.6,1.0,5,95.6,1.0,4,2.0
"Monroeville municipality (Allegheny, PA)",Oakland,420035220002,40.403256,-79.779085,1538.0,80.4,1.0,4,86.6,1.0,5,80.4,1.0,4,86.6,1.0,5,6.2
"Monroeville municipality (Allegheny, PA)",Oakland,420035263023,40.450608,-79.705916,1205.0,,0.0,0,,0.0,0,,0.0,0,,0.0,0,
"Monroeville municipality (Allegheny, PA)",Oakland,420035644006,40.393014,-79.787996,519.0,,0.0,0,,0.0,0,,0.0,0,,0.0,0,
"Monroeville municipality (Allegheny, PA)",Oakland,421298021012,40.445674,-79.69678,2655.0,,0.0,0,,0.0,0,,0.0,0,,0.0,0,
"Monroeville municipality (Allegheny, PA)",Oakland,421298021031,40.415111,-79.70807,1294.0,,0.0,0,,0.0,0,,0.0,0,,0.0,0,
"Moon township (Allegheny, PA)",Downtown,420034511021,40.527616,-80.191361,2003.0,,0.0,0,,0.0,0,,0.0,0,,0.0,0,
"Moon township (Allegheny, PA)",Downtown,420034511022,40.520677,-80.198925,985.0,,0.0,0,,0.0,0,,0.0,0,,0.0,0,
"Moon township (Allegheny, PA)",Downtown,420034511023,40.513458,-80.209658,1750.0,,0.0,0,,0.0,0,,0.0,0,,0.0,0,
"Moon township (Allegheny, PA)",Downtown,420034511051,40.508434,-80.216744,1504.0,,0.0,0,,0.0,0,,0.0,0,,0.0,0,
"Moon township (Allegheny, PA)",Downtown,420034511052,40.509228,-80.228533,1447.0,,0.0,0,,0.0,0,,0.0,0,,0.0,0,
"Moon township (Allegheny, PA)",Downtown,420034511053,40.519638,-80.236646,2674.0,,0.0,0,,0.0,0,,0.0,0,,0.0,0,
"Moon township (Allegheny, PA)",Downtown,420034513003,40.511561,-80.185947,1321.0,,0.0,0,,0.0,0,,0.0,0,,0.0,0,
"Moon township (Allegheny, PA)",Downtown,420034927001,40.30474,-79.88948,1028.0,103.3,1.0,2,101.2,1.0,4,103.3,1.0,2,101.2,1.0,4,-2.1
"Moon township (Allegheny, PA)",Oakland,420034511021,40.527616,-80.191361,2003.0,,0.0,0,,0.0,0,,0.0,0,,0.0,0,
"Moon township (Allegheny, PA)",Oakland,420034511022,40.520677,-80.198925,985.0,,0.0,0,,0.0,0,,0.0,0,,0.0,0,
"Moon township (Allegheny, PA)",Oakland,420034511023,40.513458,-80.209658,1750.0,,0.0,0,,0.0,0,,0.0,0,,0.0,0,
"Moon township (Allegheny, PA)",Oakland,420034511051,40.508434,-80.216744,1504.0,,0.0,0,,0.0,0,,0.0,0,,0.0,0,
"Moon township (Allegheny, PA)",Oakland,420034511052,40.509228,-80.228533,1447.0,,0.0,0,,0.0,0,,0.0,0,,0.0,0,
"Moon township (Allegheny, PA)",Oakland,420034511053,40.519638,-80.236646,2674.0,,0.0,0,,0.0,0,,0.0,0,,0.0,0,
"Moon township (Allegheny, PA)",Oakland,420034513003,40.511561,-80.185947,1321.0,,0.0,0,,0.0,0,,0.0,0,,0.0,0,
"Moon township (Allegheny, PA)",Oakland,420034927001,40.30474,-79.88948,1028.0,110.6,1.0,2,110.8,1.0,4,110.6,1.0,2,111.7,1.0,4,0.2
Morningside,Downtown,420031005001,40.476837,-79.934759,784.0,44.8,1.0,8,40.7,1.0,8,44.8,1.0,8,40.7,1.0,8,-4.1
Morningside,Downtown,420031014001,40.485751,-79.924941,1105.0,48.2,1.0,17,47.7,1.0,13,48.4,1.0,17,47.7,1.0,13,-0.5
Morningside,Downtown,420031014002,40.484526,-79.928386,672.0,46.9,1.0,10,45.7,1.0,10,46.9,1.0,10,45.7,1.0,10,-1.2
Morningside,Downtown,420031014003,40.47506,-79.929914,754.0,41.9,1.0,16,38.7,1.0,16,41.9,1.0,16,38.9,1.0,16,-3.2
Morningside,Downtown,420031014004,40.479918,-79.930014,721.0,43.8,1.0,9,41.7,1.0,9,43.8,1.0,9,43.0,1.0,9,-2.1
Morningside,Oakland,420031005001,40.476837,-79.934759,784.0,43.6,1.0,8,35.6,1.0,8,43.6,1.0,8,36.6,1.0,8,-8.0
Morningside,Oakland,420031014001,40.485751,-79.924941,1105.0,47.6,1.0,17,37.6,1.0,13,47.6,1.0,17,37.6,1.0,13,-10.0
Morningside,Oakland,420031014002,40.484526,-79.928386,672.0,46.6,1.0,10,35.6,1.0,10,46.6,1.0,10,35.6,1.0,10,-11.0
Morningside,Oakland,420031014003,40.47506,-79.929914,754.0,41.6,1.0,16,32.6,1.0,16,41.6,1.0,16,33.6,1.0,16,-9.0
Morningside,Oakland,420031014004,40.479918,-79.930014,721.0,42.6,1.0,9,34.6,1.0,9,42.6,1.0,9,34.6,1.0,9,-8.0
"Mount Lebanon township (Allegheny, PA)",Downtown,420034731001,40.39677,-80.050722,1410.0,45.5,1.0,3,36.4,1.0,3,48.3,1.0,3,36.6,1.0,3,-9.1
"Mount Lebanon township (Allegheny, PA)",Downtown,420034731002,40.391868,-80.052186,846.0,,0.0,0,,0.0,0,,0.0,0,,0.0,0,
"Mount Lebanon township (Allegheny, PA)",Downtown,420034731003,40.387297,-80.049548,914.0,41.5,1.0,12,36.4,1.0,6,42.3,1.0,12,36.6,1.0,6,-5.1
"Mount Lebanon township (Allegheny, PA)",Downtown,420034731004,40.389568,-80.051218,759.0,44.5,1.0,8,36.4,1.0,7,47.3,1.0,8,36.6,1.0,7,-8.1
"Mount Lebanon township (Allegheny, PA)",Downtown,420034731005,40.389583,-80.045084,1034.0,40.8,1.0,13,34.7,1.0,12,41.8,1.0,13,34.7,1.0,12,-6.1
"Mount Lebanon township (Allegheny, PA)",Downtown,420034732001,40.385116,-80.047399,950.0,49.5,1.0,11,39.8,1.0,6,49.8,1.0,11,40.3,1.0,6,-9.7
"Mount Lebanon township (Allegheny, PA)",Downtown,420034732002,40.382543,-80.047466,1057.0,42.9,1.0,7,35.7,1.0,12,42.9,1.0,7,35.7,1.0,12,-7.2
"Mount Lebanon township (Allegheny, PA)",Downtown,420034732003,40.378748,-80.048024,1287.0,,0.0,0,40.4,1.0,5,,0.0,0,40.6,1.0,5,
"Mount Lebanon township (Allegheny, PA)",Downtown,420034733002,40.381427,-80.036393,1382.0,,0.0,0,,0.0,0,,0.0,0,,0.0,0,
"Mount Lebanon township (Allegheny, PA)",Downtown,420034733004,40.37562,-80.033814,1040.0,44.9,1.0,2,42.3,1.0,2,44.9,1.0,2,42.3,1.0,2,-2.6
"Mount Lebanon township (Allegheny, PA)",Downtown,420034733005,40.378793,-80.0323,681.0,,0.0,0,,0.0,0,,0.0,0,,0.0,0,
"Mount Lebanon township (Allegheny, PA)",Downtown,420034734011,40.371965,-80.037989,715.0,44.9,1.0,2,42.3,1.0,2,44.9,1.0,2,42.3,1.0,2,-2.6
"Mount Lebanon township (Allegheny, PA)",Downtown,420034734012,40.375532,-80.041059,592.0,43.9,1.0,2,40.3,1.0,2,43.9,1.0,2,40.3,1.0,2,-3.6
"Mount Lebanon township (Allegheny, PA)",Downtown,420034734013,40.376454,-80.043498,1100.0,,0.0,0,,0.0,0,,0.0,0,,0.0,0,
"Mount Lebanon township (Allegheny, PA)",Downtown,420034734014,40.369021,-80.045796,1324.0,,0.0,0,,0.0,0,,0.0,0,,0.0,0,
"Mount Lebanon township (Allegheny, PA)",Downtown,420034734021,40.355996,-80.047691,1056.0,57.5,1.0,3,,0.0,0,62.3,1.0,3,,0.0,0,
"Mount Lebanon township (Allegheny, PA)",Downtown,420034734023,40.358685,-80.039855,1903.0,,0.0,0,,0.0,0,,0.0,0,,0.0,0,
"Mount Lebanon township (Allegheny, PA)",Downtown,420034735001,40.373,-80.054312,836.0,50.5,1.0,2,,0.0,0,53.3,1.0,2,,0.0,0,
"Mount Lebanon township (Allegheny, PA)",Downtown,420034735002,40.366111,-80.056761,857.0,54.5,1.0,2,,0.0,0,57.3,1.0,2,,0.0,0,
"Mount Lebanon township (Allegheny, PA)",Downtown,420034735003,40.361716,-80.05432,2095.0,,0.0,0,,0.0,0,,0.0,0,,0.0,0,
"Mount Lebanon township (Allegheny, PA)",Downtown,420034736011,40.388629,-80.06512,1007.0,,0.0,0,,0.0,0,,0.0,0,,0.0,0,
"Mount Lebanon township (Allegheny, PA)",Downtown,420034736012,40.383896,-80.06069,1458.0,65.8,1.0,8,65.7,1.0,8,65.8,1.0,8,65.7,1.0,8,-0.1
"Mount Lebanon township (Allegheny, PA)",Downtown,420034736013,40.380116,-80.057229,1671.0,44.8,1.0,13,64.7,1.0,9,45.8,1.0,13,64.7,1.0,9,19.9
"Mount Lebanon township (Allegheny, PA)",Downtown,420034736021,40.372583,-80.061898,728.0,51.5,1.0,5,,0.0,0,54.3,1.0,5,,0.0,0,
"Mount Lebanon township (Allegheny, PA)",Downtown,420034736022,40.369774,-80.068315,1933.0,,0.0,0,,0.0,0,,0.0,0,,0.0,0,
"Mount Lebanon township (Allegheny, PA)",Downtown,420034736023,40.368899,-80.074715,723.0,,0.0,0,,0.0,0,,0.0,0,,0.0,0,
"Mount Lebanon township (Allegheny, PA)",Downtown,420034736024,40.375468,-80.075979,1330.0,70.8,1.0,8,66.4,1.0,8,71.8,1.0,8,66.6,1.0,8,-4.4
"Mount Lebanon township (Allegheny, PA)",Downtown,420034741011,40.356317,-80.063314,2341.0,,0.0,0,,0.0,0,,0.0,0,,0.0,0,
"Mount Lebanon township (Allegheny, PA)",Oakland,420034731001,40.39677,-80.050722,1410.0,64.7,1.0,3,51.7,1.0,3,72.7,1.0,3,51.7,1.0,3,-13.0
"Mount Lebanon township (Allegheny, PA)",Oakland,420034731002,40.391868,-80.052186,846.0,,0.0,0,,0.0,0,,0.0,0,,0.0,0,
"Mount Lebanon township (Allegheny, PA)",Oakland,420034731003,40.387297,-80.049548,914.0,62.7,1.0,12,51.7,1.0,6,66.7,1.0,12,51.7,1.0,6,-11.0
"Mount Lebanon township (Allegheny, PA)",Oakland,420034731004,40.389568,-80.051218,759.0,62.7,1.0,8,51.7,1.0,7,68.7,1.0,8,51.7,1.0,7,-11.0
"Mount Lebanon township (Allegheny, PA)",Oakland,420034731005,40.389583,-80.045084,1034.0,63.7,1.0,13,48.7,1.0,12,67.7,1.0,13,48.7,1.0,12,-15.0
"Mount Lebanon township (Allegheny, PA)",Oakland,420034732001,40.385116,-80.047399,950.0,74.6,1.0,11,53.7,1.0,6,76.7,1.0,11,53.7,1.0,6,-20.9
"Mount Lebanon township (Allegheny, PA)",Oakland,420034732002,40.382543,-80.047466,1057.0,65.7,1.0,7,51.7,1.0,12,67.7,1.0,7,51.7,1.0,12,-14.0
"Mount Lebanon township (Allegheny, PA)",Oakland,420034732003,40.378748,-80.048024,1287.0,,0.0,0,53.7,1.0,5,,0.0,0,53.7,1.0,5,
"Mount Lebanon township (Allegheny, PA)",Oakland,420034733002,40.381427,-80.036393,1382.0,,0.0,0,,0.0,0,,0.0,0,,0.0,0,
"Mount Lebanon township (Allegheny, PA)",Oakland,420034733004,40.37562,-80.033814,1040.0,67.7,1.0,2,59.7,1.0,2,70.7,1.0,2,59.7,1.0,2,-8.0
"Mount Lebanon township (Allegheny, PA)",Oakland,420034733005,40.378793,-80.0323,681.0,,0.0,0,,0.0,0,,0.0,0,,0.0,0,
"Mount Lebanon township (Allegheny, PA)",Oakland,420034734011,40.371965,-80.037989,715.0,67.7,1.0,2,59.7,1.0,2,70.7,1.0,2,59.7,1.0,2,-8.0
"Mount Lebanon township (Allegheny, PA)",Oakland,420034734012,40.375532,-80.041059,592.0,66.7,1.0,2,57.7,1.0,2,69.7,1.0,2,57.7,1.0,2,-9.0
"Mount Lebanon township (Allegheny, PA)",Oakland,420034734013,40.376454,-80.043498,1100.0,,0.0,0,,0.0,0,,0.0,0,,0.0,0,
"Mount Lebanon township (Allegheny, PA)",Oakland,420034734014,40.369021,-80.045796,1324.0,,0.0,0,,0.0,0,,0.0,0,,0.0,0,
"Mount Lebanon township (Allegheny, PA)",Oakland,420034734021,40.355996,-80.047691,1056.0,77.7,1.0,3,,0.0,0,88.7,1.0,3,,0.0,0,
"Mount Lebanon township (Allegheny, PA)",Oakland,420034734023,40.358685,-80.039855,1903.0,,0.0,0,,0.0,0,,0.0,0,,0.0,0,
"Mount Lebanon township (Allegheny, PA)",Oakland,420034735001,40.373,-80.054312,836.0,69.7,1.0,2,,0.0,0,77.7,1.0,2,,0.0,0,
"Mount Lebanon township (Allegheny, PA)",Oakland,420034735002,40.366111,-80.056761,857.0,73.7,1.0,2,,0.0,0,82.7,1.0,2,,0.0,0,
"Mount Lebanon township (Allegheny, PA)",Oakland,420034735003,40.361716,-80.05432,2095.0,,0.0,0,,0.0,0,,0.0,0,,0.0,0,
"Mount Lebanon township (Allegheny, PA)",Oakland,420034736011,40.388629,-80.06512,1007.0,,0.0,0,,0.0,0,,0.0,0,,0.0,0,
"Mount Lebanon township (Allegheny, PA)",Oakland,420034736012,40.383896,-80.06069,1458.0,88.6,1.0,8,77.7,1.0,8,92.7,1.0,8,77.7,1.0,8,-10.9
"Mount Lebanon township (Allegheny, PA)",Oakland,420034736013,40.380116,-80.057229,1671.0,67.7,1.0,13,75.7,1.0,9,71.7,1.0,13,75.7,1.0,9,8.0
"Mount Lebanon township (Allegheny, PA)",Oakland,420034736021,40.372583,-80.061898,728.0,70.7,1.0,5,,0.0,0,78.7,1.0,5,,0.0,0,
"Mount Lebanon township (Allegheny, PA)",Oakland,420034736022,40.369774,-80.068315,1933.0,,0.0,0,,0.0,0,,0.0,0,,0.0,0,
"Mount Lebanon township (Allegheny, PA)",Oakland,420034736023,40.368899,-80.074715,723.0,,0.0,0,,0.0,0,,0.0,0,,0.0,0,
"Mount Lebanon township (Allegheny, PA)",Oakland,420034736024,40.375468,-80.075979,1330.0,93.7,1.0,8,79.7,1.0,8,99.6,1.0,8,80.7,1.0,8,-14.0
"Mount Lebanon township (Allegheny, PA)",Oakland,420034741011,40.356317,-80.063314,2341.0,,0.0,0,,0.0,0,,0.0,0,,0.0,0,
"Mount Oliver borough (Allegheny, PA)",Downtown,420034810001,40.416114,-79.985409,853.0,26.8,1.0,20,26.5,1.0,20,26.8,1.0,20,26.5,1.0,20,-0.3
"Mount Oliver borough (Allegheny, PA)",Downtown,420034810002,40.412262,-79.984101,826.0,50.5,1.0,9,41.5,1.0,9,50.8,1.0,9,41.5,1.0,9,-9.0
"Mount Oliver borough (Allegheny, PA)",Downtown,420034810004,40.408017,-79.9862,669.0,,0.0,0,,0.0,0,,0.0,0,,0.0,0,
"Mount Oliver borough (Allegheny, PA)",Oakland,420034810001,40.416114,-79.985409,853.0,32.6,1.0,20,34.4,1.0,20,32.6,1.0,20,35.7,1.0,20,1.8
"Mount Oliver borough (Allegheny, PA)",Oakland,420034810002,40.412262,-79.984101,826.0,63.6,1.0,9,47.7,1.0,9,63.6,1.0,9,47.7,1.0,9,-15.9
"Mount Oliver borough (Allegheny, PA)",Oakland,420034810004,40.408017,-79.9862,669.0,,0.0,0,,0.0,0,,0.0,0,,0.0,0,
Mount Washington,Downtown,420031807001,40.426416,-80.001514,628.0,36.9,1.0,15,,0.0,0,37.8,1.0,15,,0.0,0,
Mount Washington,Downtown,420031807002,40.424673,-80.001182,632.0,37.8,1.0,16,,0.0,0,37.8,1.0,16,,0.0,0,
Mount Washington,Downtown,420031903001,40.434755,-80.015097,1214.0,31.8,1.0,14,33.8,1.0,14,45.8,1.0,14,41.8,1.0,14,2.0
Mount Washington,Downtown,420031903002,40.4311,-80.015063,716.0,32.2,1.0,13,34.0,1.0,13,44.8,1.0,13,41.8,1.0,13,1.8
Mount Washington,Downtown,420031911001,40.43328,-80.021815,935.0,,0.0,0,,0.0,0,,0.0,0,,0.0,0,
Mount Washington,Downtown,420031914001,40.429224,-80.007845,1337.0,28.8,1.0,24,27.8,1.0,18,33.8,1.0,24,34.5,1.0,18,-1.0
Mount Washington,Downtown,420031914002,40.426798,-80.012149,1388.0,30.9,1.0,16,35.8,1.0,12,34.8,1.0,16,43.0,1.0,12,4.9
Mount Washington,Downtown,420031915001,40.419918,-80.011241,709.0,19.9,1.0,25,18.3,1.0,17,19.9,1.0,25,18.3,1.0,17,-1.6
Mount Washington,Downtown,420031915002,40.422688,-80.009194,1296.0,17.9,1.0,26,17.3,1.0,18,17.9,1.0,26,17.3,1.0,18,-0.6
Mount Washington,Oakland,420031807001,40.426416,-80.001514,628.0,62.7,1.0,15,,0.0,0,62.7,1.0,15,,0.0,0,
Mount Washington,Oakland,420031807002,40.424673,-80.001182,632.0,62.7,1.0,16,,0.0,0,62.7,1.0,16,,0.0,0,
Mount Washington,Oakland,420031903001,40.434755,-80.015097,1214.0,54.7,1.0,14,48.7,1.0,14,74.6,1.0,14,61.7,1.0,14,-6.0
Mount Washington,Oakland,420031903002,40.4311,-80.015063,716.0,54.7,1.0,13,48.7,1.0,13,73.7,1.0,13,61.7,1.0,13,-6.0
Mount Washington,Oakland,420031911001,40.43328,-80.021815,935.0,,0.0,0,,0.0,0,,0.0,0,,0.0,0,
Mount Washington,Oakland,420031914001,40.429224,-80.007845,1337.0,51.7,1.0,24,45.7,1.0,18,59.7,1.0,24,51.7,1.0,18,-6.0
Mount Washington,Oakland,420031914002,40.426798,-80.012149,1388.0,54.7,1.0,16,51.7,1.0,12,60.7,1.0,16,61.7,1.0,12,-3.0
Mount Washington,Oakland,420031915001,40.419918,-80.011241,709.0,42.7,1.0,25,37.7,1.0,17,44.6,1.0,25,37.7,1.0,17,-5.0
Mount Washington,Oakland,420031915002,40.422688,-80.009194,1296.0,40.7,1.0,26,35.7,1.0,18,41.7,1.0,26,35.7,1.0,18,-5.0
Mt. Oliver,Downtown,,40.411616,-79.977955,,51.5,1.0,14,43.5,1.0,11,51.8,1.0,14,43.5,1.0,11,-8.0
Mt. Oliver,Oakland,,40.411616,-79.977955,,64.6,1.0,14,49.7,1.0,11,64.6,1.0,14,49.7,1.0,11,-14.9
"Munhall borough (Allegheny, PA)",Downtown,420034825001,40.39548,-79.913412,1872.0,,0.0,0,,0.0,0,,0.0,0,,0.0,0,
"Munhall borough (Allegheny, PA)",Downtown,420034843001,40.405154,-79.898974,1001.0,,0.0,0,,0.0,0,,0.0,0,,0.0,0,
"Munhall borough (Allegheny, PA)",Downtown,420034843002,40.40309,-79.891582,1086.0,49.3,1.0,8,63.7,1.0,8,49.3,1.0,8,63.7,1.0,8,14.4
"Munhall borough (Allegheny, PA)",Downtown,420034843003,40.406174,-79.902407,1035.0,42.3,1.0,5,49.7,1.0,5,42.3,1.0,5,49.7,1.0,5,7.4
"Munhall borough (Allegheny, PA)",Downtown,420034845001,40.378702,-79.901257,1744.0,,0.0,0,,0.0,0,,0.0,0,,0.0,0,
"Munhall borough (Allegheny, PA)",Downtown,420034845002,40.382114,-79.900975,946.0,56.3,1.0,4,63.5,1.0,5,56.3,1.0,4,63.5,1.0,5,7.2
"Munhall borough (Allegheny, PA)",Downtown,420034845003,40.385484,-79.903369,1101.0,52.3,1.0,10,60.2,1.0,11,52.3,1.0,10,60.2,1.0,11,7.9
"Munhall borough (Allegheny, PA)",Downtown,420034845004,40.385158,-79.911387,1823.0,,0.0,0,,0.0,0,,0.0,0,,0.0,0,
"Munhall borough (Allegheny, PA)",Downtown,420034846001,40.391325,-79.898234,904.0,53.4,1.0,8,61.5,1.0,9,53.4,1.0,8,61.5,1.0,9,8.1
"Munhall borough (Allegheny, PA)",Downtown,420034846002,40.393988,-79.903341,1134.0,53.3,1.0,9,61.5,1.0,9,53.3,1.0,9,61.5,1.0,9,8.2
"Munhall borough (Allegheny, PA)",Oakland,420034825001,40.39548,-79.913412,1872.0,,0.0,0,,0.0,0,,0.0,0,,0.0,0,
"Munhall borough (Allegheny, PA)",Oakland,420034843001,40.405154,-79.898974,1001.0,,0.0,0,,0.0,0,,0.0,0,,0.0,0,
"Munhall borough (Allegheny, PA)",Oakland,420034843002,40.40309,-79.891582,1086.0,58.6,1.0,8,57.6,1.0,8,58.6,1.0,8,57.6,1.0,8,-1.0
"Munhall borough (Allegheny, PA)",Oakland,420034843003,40.406174,-79.902407,1035.0,45.6,1.0,5,40.6,1.0,5,45.6,1.0,5,40.6,1.0,5,-5.0
"Munhall borough (Allegheny, PA)",Oakland,420034845001,40.378702,-79.901257,1744.0,,0.0,0,,0.0,0,,0.0,0,,0.0,0,
"Munhall borough (Allegheny, PA)",Oakland,420034845002,40.382114,-79.900975,946.0,66.0,1.0,4,77.2,1.0,5,72.0,1.0,4,79.6,1.0,5,11.2
"Munhall borough (Allegheny, PA)",Oakland,420034845003,40.385484,-79.903369,1101.0,62.0,1.0,10,74.2,1.0,11,68.0,1.0,10,75.8,1.0,11,12.2
"Munhall borough (Allegheny, PA)",Oakland,420034845004,40.385158,-79.911387,1823.0,,0.0,0,,0.0,0,,0.0,0,,0.0,0,
"Munhall borough (Allegheny, PA)",Oakland,420034846001,40.391325,-79.898234,904.0,63.4,1.0,8,75.2,1.0,9,69.0,1.0,8,77.6,1.0,9,11.8
"Munhall borough (Allegheny, PA)",Oakland,420034846002,40.393988,-79.903341,1134.0,63.4,1.0,9,75.4,1.0,9,68.4,1.0,9,77.6,1.0,9,12.0
"Neville township (Allegheny, PA)",Downtown,420034610001,40.513227,-80.135166,1108.0,58.4,1.0,5,58.4,1.0,5,58.4,1.0,5,58.4,1.0,5,0.0
"Neville township (Allegheny, PA)",Oakland,420034610001,40.513227,-80.135166,1108.0,83.7,1.0,5,75.7,1.0,5,83.7,1.0,5,75.7,1.0,5,-8.0
New Homestead,Downtown,,40.381406,-79.927779,,48.4,1.0,6,45.2,1.0,6,48.4,1.0,6,45.2,1.0,6,-3.2
New Homestead,Oakland,,40.381406,-79.927779,,52.6,1.0,6,60.6,1.0,6,59.0,1.0,6,66.7,1.0,6,8.0
"New Kensington city (Westmoreland, PA)",Downtown,421298005002,40.57584,-79.753969,1560.0,,0.0,0,,0.0,0,,0.0,0,,0.0,0,
"New Kensington city (Westmoreland, PA)",Downtown,421298006001,40.570375,-79.762715,892.0,,0.0,0,139.7,1.0,2,,0.0,0,139.9,1.0,2,
"New Kensington city (Westmoreland, PA)",Downtown,421298006002,40.571415,-79.759061,1279.0,,0.0,0,,0.0,0,,0.0,0,,0.0,0,
"New Kensington city (Westmoreland, PA)",Downtown,421298007001,40.566259,-79.766514,647.0,90.8,1.0,2,90.0,1.0,5,90.8,1.0,2,90.0,1.0,5,-0.8
"New Kensington city (Westmoreland, PA)",Downtown,421298007002,40.558143,-79.762306,1318.0,,0.0,0,,0.0,0,,0.0,0,,0.0,0,
"New Kensington city (Westmoreland, PA)",Downtown,421298008001,40.557593,-79.752526,1714.0,,0.0,0,,0.0,0,,0.0,0,,0.0,0,
"New Kensington city (Westmoreland, PA)",Downtown,421298009002,40.567069,-79.745646,1427.0,,0.0,0,,0.0,0,,0.0,0,,0.0,0,
"New Kensington city (Westmoreland, PA)",Oakland,421298005002,40.57584,-79.753969,1560.0,,0.0,0,,0.0,0,,0.0,0,,0.0,0,
"New Kensington city (Westmoreland, PA)",Oakland,421298006001,40.570375,-79.762715,892.0,,0.0,0,130.6,1.0,2,,0.0,0,136.6,1.0,2,
"New Kensington city (Westmoreland, PA)",Oakland,421298006002,40.571415,-79.759061,1279.0,,0.0,0,,0.0,0,,0.0,0,,0.0,0,
"New Kensington city (Westmoreland, PA)",Oakland,421298007001,40.566259,-79.766514,647.0,104.4,1.0,2,88.6,1.0,5,104.4,1.0,2,90.6,1.0,5,-15.8
"New Kensington city (Westmoreland, PA)",Oakland,421298007002,40.558143,-79.762306,1318.0,,0.0,0,,0.0,0,,0.0,0,,0.0,0,
"New Kensington city (Westmoreland, PA)",Oakland,421298008001,40.557593,-79.752526,1714.0,,0.0,0,,0.0,0,,0.0,0,,0.0,0,
"New Kensington city (Westmoreland, PA)",Oakland,421298009002,40.567069,-79.745646,1427.0,,0.0,0,,0.0,0,,0.0,0,,0.0,0,
"North Braddock borough (Allegheny, PA)",Downtown,420035120001,40.401458,-79.843043,767.0,59.9,1.0,11,65.7,1.0,11,59.9,1.0,11,65.7,1.0,11,5.8
"North Braddock borough (Allegheny, PA)",Downtown,420035120002,40.406771,-79.846174,1306.0,56.9,1.0,12,61.9,1.0,12,56.9,1.0,12,61.9,1.0,12,5.0
"North Braddock borough (Allegheny, PA)",Downtown,420035130001,40.403585,-79.860124,1311.0,46.9,1.0,15,53.7,1.0,11,47.8,1.0,15,53.7,1.0,11,6.8
"North Braddock borough (Allegheny, PA)",Downtown,420035130002,40.409905,-79.865475,936.0,42.8,1.0,12,50.7,1.0,8,43.8,1.0,12,60.7,1.0,8,7.9
"North Braddock borough (Allegheny, PA)",Downtown,420035639001,40.409959,-79.838333,748.0,,0.0,0,,0.0,0,,0.0,0,,0.0,0,
"North Braddock borough (Allegheny, PA)",Oakland,420035120001,40.401458,-79.843043,767.0,67.6,1.0,11,64.6,1.0,11,67.6,1.0,11,64.6,1.0,11,-3.0
"North Braddock borough (Allegheny, PA)",Oakland,420035120002,40.406771,-79.846174,1306.0,64.6,1.0,12,62.6,1.0,12,64.6,1.0,12,62.6,1.0,12,-2.0
"North Braddock borough (Allegheny, PA)",Oakland,420035130001,40.403585,-79.860124,1311.0,49.6,1.0,15,52.6,1.0,11,49.6,1.0,15,52.6,1.0,11,3.0
"North Braddock borough (Allegheny, PA)",Oakland,420035130002,40.409905,-79.865475,936.0,48.6,1.0,12,50.6,1.0,8,48.6,1.0,12,51.6,1.0,8,2.0
"North Braddock borough (Allegheny, PA)",Oakland,420035639001,40.409959,-79.838333,748.0,,0.0,0,,0.0,0,,0.0,0,,0.0,0,
"North Fayette township (Allegheny, PA)",Downtown,420034520002,40.45889,-80.209218,1839.0,,0.0,0,,0.0,0,,0.0,0,,0.0,0,
"North Fayette township (Allegheny, PA)",Downtown,420034530032,40.439738,-80.197675,600.0,,0.0,0,,0.0,0,,0.0,0,,0.0,0,
"North Fayette township (Allegheny, PA)",Downtown,420034530042,40.44403,-80.213721,1964.0,,0.0,0,,0.0,0,,0.0,0,,0.0,0,
"North Fayette township (Allegheny, PA)",Downtown,420034530043,40.445491,-80.201126,2701.0,,0.0,0,,0.0,0,,0.0,0,,0.0,0,
"North Fayette township (Allegheny, PA)",Oakland,420034520002,40.45889,-80.209218,1839.0,,0.0,0,,0.0,0,,0.0,0,,0.0,0,
"North Fayette township (Allegheny, PA)",Oakland,420034530032,40.439738,-80.197675,600.0,,0.0,0,,0.0,0,,0.0,0,,0.0,0,
"North Fayette township (Allegheny, PA)",Oakland,420034530042,40.44403,-80.213721,1964.0,,0.0,0,,0.0,0,,0.0,0,,0.0,0,
"North Fayette township (Allegheny, PA)",Oakland,420034530043,40.445491,-80.201126,2701.0,,0.0,0,,0.0,0,,0.0,0,,0.0,0,
North Oakland,Downtown,420030404001,40.446326,-79.948083,685.0,26.6,1.0,17,21.7,1.0,13,26.6,1.0,17,21.7,1.0,13,-4.9
North Oakland,Downtown,420030404002,40.44809,-79.950173,1535.0,25.9,1.0,17,21.7,1.0,16,25.9,1.0,17,21.7,1.0,16,-4.2
North Oakland,Downtown,420030709002,40.451666,-79.947499,786.0,27.7,1.0,30,25.7,1.0,24,27.8,1.0,30,25.7,1.0,24,-2.0
North Oakland,Downtown,420035620001,40.450973,-79.950902,1403.0,26.7,1.0,28,24.7,1.0,22,26.7,1.0,28,24.7,1.0,22,-2.0
North Oakland,Downtown,420035620002,40.453357,-79.95294,1119.0,27.7,1.0,25,25.7,1.0,18,27.7,1.0,25,25.7,1.0,18,-2.0
North Oakland,Downtown,420035620003,40.449121,-79.954275,927.0,25.8,1.0,22,21.7,1.0,24,25.8,1.0,22,21.7,1.0,24,-4.1
North Oakland,Downtown,420039822001,40.443978,-79.956125,5022.0,20.8,1.0,10,16.7,1.0,7,20.8,1.0,10,16.7,1.0,7,-4.1
North Shore,Downtown,420035632011,40.449125,-79.998934,301.0,11.8,1.0,8,11.8,1.0,6,11.8,1.0,8,11.8,1.0,6,0.0
North Shore,Oakland,420035632011,40.449125,-79.998934,301.0,37.6,1.0,8,32.4,1.0,6,37.7,1.0,8,32.7,1.0,6,-5.2
"North Versailles township (Allegheny, PA)",Downtown,420035041001,40.39087,-79.817419,1052.0,74.9,1.0,2,80.9,1.0,2,74.9,1.0,2,80.9,1.0,2,6.0
"North Versailles township (Allegheny, PA)",Downtown,420035041002,40.394306,-79.824178,552.0,75.9,1.0,2,81.9,1.0,2,75.9,1.0,2,81.9,1.0,2,6.0
"North Versailles township (Allegheny, PA)",Downtown,420035041003,40.375864,-79.817349,779.0,,0.0,0,,0.0,0,,0.0,0,,0.0,0,
"North Versailles township (Allegheny, PA)",Downtown,420035041004,40.38025,-79.833778,1454.0,,0.0,0,,0.0,0,,0.0,0,,0.0,0,
"North Versailles township (Allegheny, PA)",Downtown,420035041005,40.372793,-79.825311,1189.0,89.3,1.0,4,90.7,1.0,4,89.3,1.0,4,90.7,1.0,4,1.4
"North Versailles township (Allegheny, PA)",Downtown,420035644001,40.36561,-79.786214,1051.0,,0.0,0,,0.0,0,,0.0,0,,0.0,0,
"North Versailles township (Allegheny, PA)",Downtown,420035644002,40.367001,-79.800987,1165.0,,0.0,0,,0.0,0,,0.0,0,,0.0,0,
"North Versailles township (Allegheny, PA)",Downtown,420035644003,40.370396,-79.809243,974.0,,0.0,0,,0.0,0,,0.0,0,,0.0,0,
"North Versailles township (Allegheny, PA)",Downtown,420035644004,40.380822,-79.794398,1330.0,,0.0,0,,0.0,0,,0.0,0,,0.0,0,
"North Versailles township (Allegheny, PA)",Downtown,420035644005,40.375264,-79.810756,528.0,,0.0,0,,0.0,0,,0.0,0,,0.0,0,
"North Versailles township (Allegheny, PA)",Downtown,421298033011,40.351134,-79.771989,1092.0,,0.0,0,,0.0,0,,0.0,0,,0.0,0,
"North Versailles township (Allegheny, PA)",Oakland,420035041001,40.39087,-79.817419,1052.0,76.6,1.0,2,82.6,1.0,2,76.6,1.0,2,82.6,1.0,2,6.0
"North Versailles township (Allegheny, PA)",Oakland,420035041002,40.394306,-79.824178,552.0,77.6,1.0,2,83.6,1.0,2,77.6,1.0,2,83.6,1.0,2,6.0
"North Versailles township (Allegheny, PA)",Oakland,420035041003,40.375864,-79.817349,779.0,,0.0,0,,0.0,0,,0.0,0,,0.0,0,
"North Versailles township (Allegheny, PA)",Oakland,420035041004,40.38025,-79.833778,1454.0,,0.0,0,,0.0,0,,0.0,0,,0.0,0,
"North Versailles township (Allegheny, PA)",Oakland,420035041005,40.372793,-79.825311,1189.0,87.6,1.0,4,87.6,1.0,4,87.6,1.0,4,87.6,1.0,4,0.0
"North Versailles township (Allegheny, PA)",Oakland,420035644001,40.36561,-79.786214,1051.0,,0.0,0,,0.0,0,,0.0,0,,0.0,0,
"North Versailles township (Allegheny, PA)",Oakland,420035644002,40.367001,-79.800987,1165.0,,0.0,0,,0.0,0,,0.0,0,,0.0,0,
"North Versailles township (Allegheny, PA)",Oakland,420035644003,40.370396,-79.809243,974.0,,0.0,0,,0.0,0,,0.0,0,,0.0,0,
"North Versailles township (Allegheny, PA)",Oakland,420035644004,40.380822,-79.794398,1330.0,,0.0,0,,0.0,0,,0.0,0,,0.0,0,
"North Versailles township (Allegheny, PA)",Oakland,420035644005,40.375264,-79.810756,528.0,,0.0,0,,0.0,0,,0.0,0,,0.0,0,
"North Versailles township (Allegheny, PA)",Oakland,421298033011,40.351134,-79.771989,1092.0,,0.0,0,,0.0,0,,0.0,0,,0.0,0,
Northview Heights,Downtown,420032613001,40.477377,-80.000679,1769.0,40.8,1.0,12,38.8,1.0,12,42.8,1.0,12,38.8,1.0,12,-2.0
Northview Heights,Oakland,420032613001,40.477377,-80.000679,1769.0,64.6,1.0,12,59.7,1.0,12,66.7,1.0,12,59.7,1.0,12,-4.9
"O'Hara township (Allegheny, PA)",Downtown,420034211002,40.501119,-79.856713,878.0,60.8,1.0,6,53.7,1.0,6,60.8,1.0,6,53.7,1.0,6,-7.1
"O'Hara township (Allegheny, PA)",Downtown,420034211003,40.498682,-79.872633,2019.0,62.1,1.0,1,57.9,1.0,1,62.1,1.0,1,57.9,1.0,1,-4.2
"O'Hara township (Allegheny, PA)",Downtown,420034211004,40.493817,-79.883649,842.0,68.8,1.0,4,64.0,1.0,4,68.8,1.0,4,64.0,1.0,4,-4.8
"O'Hara township (Allegheny, PA)",Downtown,420034220002,40.514285,-79.878242,823.0,,0.0,0,,0.0,0,,0.0,0,,0.0,0,
"O'Hara township (Allegheny, PA)",Oakland,420034211002,40.501119,-79.856713,878.0,74.6,1.0,6,55.6,1.0,6,74.6,1.0,6,55.6,1.0,6,-19.0
"O'Hara township (Allegheny, PA)",Oakland,420034211003,40.498682,-79.872633,2019.0,74.6,1.0,1,72.5,1.0,1,74.6,1.0,1,72.5,1.0,1,-2.1
"O'Hara township (Allegheny, PA)",Oakland,420034211004,40.493817,-79.883649,842.0,69.6,1.0,4,55.6,1.0,4,69.6,1.0,4,55.6,1.0,4,-14.0
"O'Hara township (Allegheny, PA)",Oakland,420034220002,40.514285,-79.878242,823.0,,0.0,0,,0.0,0,,0.0,0,,0.0,0,
"Oakmont borough (Allegheny, PA)",Downtown,420035251001,40.517676,-79.830703,2003.0,,0.0,0,,0.0,0,,0.0,0,,0.0,0,
"Oakmont borough (Allegheny, PA)",Downtown,420035252001,40.51713,-79.840326,1178.0,64.9,1.0,8,69.0,1.0,8,64.9,1.0,8,69.0,1.0,8,4.1
"Oakmont borough (Allegheny, PA)",Downtown,420035252002,40.516258,-79.846343,1358.0,64.9,1.0,6,69.0,1.0,6,64.9,1.0,6,69.0,1.0,6,4.1
"Oakmont borough (Allegheny, PA)",Downtown,420035253001,40.526829,-79.835652,757.0,61.9,0.033,2,,0.0,0,61.9,0.033,2,,0.0,0,
"Oakmont borough (Allegheny, PA)",Downtown,420035253002,40.522958,-79.834446,1462.0,60.9,0.058,4,,0.0,0,60.9,0.058,4,,0.0,0,
"Oakmont borough (Allegheny, PA)",Oakland,420035251001,40.517676,-79.830703,2003.0,,0.0,0,,0.0,0,,0.0,0,,0.0,0,
"Oakmont borough (Allegheny, PA)",Oakland,420035252001,40.51713,-79.840326,1178.0,74.6,1.0,8,72.6,1.0,8,74.6,1.0,8,72.6,1.0,8,-2.0
"Oakmont borough (Allegheny, PA)",Oakland,420035252002,40.516258,-79.846343,1358.0,74.6,1.0,6,72.6,1.0,6,74.6,1.0,6,72.6,1.0,6,-2.0
"Oakmont borough (Allegheny, PA)",Oakland,420035253001,40.526829,-79.835652,757.0,69.6,0.033,2,,0.0,0,78.6,0.033,2,,0.0,0,
"Oakmont borough (Allegheny, PA)",Oakland,420035253002,40.522958,-79.834446,1462.0,68.6,0.058,4,,0.0,0,77.6,0.058,4,,0.0,0,
Oakwood,Downtown,420034658003,40.427583,-80.076083,955.0,29.2,1.0,3,27.0,1.0,3,29.2,1.0,3,27.0,1.0,3,-2.2
Oakwood,Oakland,420034658003,40.427583,-80.076083,955.0,47.7,1.0,3,44.7,1.0,3,48.7,1.0,3,44.7,1.0,3,-3.0
Overbrook,Downtown,420033204001,40.381997,-79.990988,715.0,34.8,1.0,2,33.8,1.0,2,34.8,1.0,2,33.8,1.0,2,-1.0
Overbrook,Downtown,420033204002,40.38921,-79.994062,1155.0,31.8,1.0,4,31.8,1.0,4,31.8,1.0,4,31.8,1.0,4,0.0
Overbrook,Downtown,420033207001,40.385223,-80.001268,1117.0,,0.0,0,59.5,1.0,2,,0.0,0,59.5,1.0,2,
Overbrook,Downtown,420033207002,40.377841,-79.99972,496.0,,0.0,0,,0.0,0,,0.0,0,,0.0,0,
Overbrook,Downtown,420034772001,40.373731,-79.990042,850.0,53.8,1.0,1,,0.0,0,53.8,1.0,1,,0.0,0,
Overbrook,Oakland,420033204001,40.381997,-79.990988,715.0,60.7,1.0,2,53.7,1.0,2,61.7,1.0,2,53.7,1.0,2,-7.0
Overbrook,Oakland,420033204002,40.38921,-79.994062,1155.0,57.7,1.0,4,51.7,1.0,4,59.7,1.0,4,51.7,1.0,4,-6.0
Overbrook,Oakland,420033207001,40.385223,-80.001268,1117.0,,0.0,0,75.7,1.0,2,,0.0,0,75.7,1.0,2,
Overbrook,Oakland,420033207002,40.377841,-79.99972,496.0,,0.0,0,,0.0,0,,0.0,0,,0.0,0,
Overbrook,Oakland,420034772001,40.373731,-79.990042,850.0,78.7,1.0,1,,0.0,0,78.7,1.0,1,,0.0,0,
"Penn Hills township (Allegheny, PA)",Downtown,420035231001,40.473833,-79.871497,1212.0,51.9,1.0,6,,0.0,0,52.9,1.0,6,,0.0,0,
"Penn Hills township (Allegheny, PA)",Downtown,420035231002,40.470594,-79.866295,1157.0,49.9,1.0,6,,0.0,0,51.9,1.0,6,,0.0,0,
"Penn Hills township (Allegheny, PA)",Downtown,420035231004,40.464842,-79.883785,642.0,49.9,1.0,3,54.7,1.0,3,49.9,1.0,3,58.9,1.0,3,4.8
"Penn Hills township (Allegheny, PA)",Downtown,420035232001,40.465866,-79.856693,1185.0,56.9,1.0,6,55.9,1.0,6,58.9,1.0,6,60.0,1.0,6,-1.0
"Penn Hills township (Allegheny, PA)",Downtown,420035232002,40.460547,-79.850914,955.0,46.9,1.0,11,48.7,1.0,11,47.9,1.0,11,48.9,1.0,11,1.8
"Penn Hills township (Allegheny, PA)",Downtown,420035232003,40.454912,-79.849726,971.0,47.9,1.0,4,52.9,1.0,4,47.9,1.0,4,52.9,1.0,4,5.0
"Penn Hills township (Allegheny, PA)",Downtown,420035232004,40.46019,-79.859728,632.0,45.9,1.0,8,46.9,1.0,9,45.9,1.0,8,47.0,1.0,9,1.0
"Penn Hills township (Allegheny, PA)",Downtown,420035233001,40.478206,-79.828327,723.0,,0.0,0,,0.0,0,,0.0,0,,0.0,0,
"Penn Hills township (Allegheny, PA)",Downtown,420035233002,40.472976,-79.82925,1167.0,,0.0,0,,0.0,0,,0.0,0,,0.0,0,
"Penn Hills township (Allegheny, PA)",Downtown,420035233003,40.468827,-79.834167,614.0,65.9,1.0,8,63.0,1.0,5,65.9,1.0,8,65.0,1.0,5,-2.9
"Penn Hills township (Allegheny, PA)",Downtown,420035233004,40.468448,-79.841248,1303.0,68.9,1.0,3,65.0,1.0,2,68.9,1.0,3,67.0,1.0,2,-3.9
"Penn Hills township (Allegheny, PA)",Downtown,420035234001,40.450557,-79.833292,1264.0,,0.0,0,,0.0,0,,0.0,0,,0.0,0,
"Penn Hills township (Allegheny, PA)",Downtown,420035234002,40.456793,-79.841647,698.0,49.9,1.0,2,55.7,1.0,2,49.9,1.0,2,55.7,1.0,2,5.8
"Penn Hills township (Allegheny, PA)",Downtown,420035234003,40.454991,-79.839651,707.0,39.9,0.633,4,49.9,0.608,4,39.9,0.633,4,49.9,0.608,4,10.0
"Penn Hills township (Allegheny, PA)",Downtown,420035234004,40.453142,-79.830138,687.0,,0.0,0,97.7,1.0,2,,0.0,0,106.9,1.0,2,
"Penn Hills township (Allegheny, PA)",Downtown,420035234005,40.463105,-79.836214,903.0,45.9,1.0,10,57.7,1.0,6,45.9,1.0,10,58.9,1.0,6,11.8
"Penn Hills township (Allegheny, PA)",Downtown,420035234006,40.460928,-79.829429,662.0,,0.0,0,68.0,1.0,1,,0.0,0,69.9,1.0,1,
"Penn Hills township (Allegheny, PA)",Downtown,420035235011,40.46939,-79.803593,1768.0,,0.0,0,,0.0,0,,0.0,0,,0.0,0,
"Penn Hills township (Allegheny, PA)",Downtown,420035235012,40.476535,-79.81516,1497.0,,0.0,0,,0.0,0,,0.0,0,,0.0,0,
"Penn Hills township (Allegheny, PA)",Downtown,420035235013,40.464609,-79.812818,1438.0,56.9,0.458,5,57.9,0.55,5,56.9,0.458,5,57.9,0.55,5,1.0
"Penn Hills township (Allegheny, PA)",Downtown,420035235021,40.469948,-79.790124,1497.0,62.9,0.425,7,64.9,0.508,6,62.9,0.425,7,64.9,0.508,6,2.0
"Penn Hills township (Allegheny, PA)",Downtown,420035236001,40.448422,-79.814547,1751.0,,0.0,0,,0.0,0,,0.0,0,,0.0,0,
"Penn Hills township (Allegheny, PA)",Downtown,420035236002,40.461215,-79.82001,987.0,55.9,0.458,5,68.9,1.0,7,55.9,0.458,5,71.9,1.0,7,13.0
"Penn Hills township (Allegheny, PA)",Downtown,420035236003,40.455055,-79.807561,2114.0,,0.0,0,,0.0,0,,0.0,0,,0.0,0,
"Penn Hills township (Allegheny, PA)",Downtown,420035237011,40.510149,-79.811176,690.0,,0.0,0,,0.0,0,,0.0,0,,0.0,0,
"Penn Hills township (Allegheny, PA)",Downtown,420035237012,40.501912,-79.818983,1221.0,,0.0,0,,0.0,0,,0.0,0,,0.0,0,
"Penn Hills township (Allegheny, PA)",Downtown,420035237013,40.496708,-79.813926,840.0,,0.0,0,,0.0,0,,0.0,0,,0.0,0,
"Penn Hills township (Allegheny, PA)",Downtown,420035237014,40.503903,-79.829952,1117.0,,0.0,0,,0.0,0,,0.0,0,,0.0,0,
"Penn Hills township (Allegheny, PA)",Downtown,420035237021,40.495114,-79.802949,1780.0,,0.0,0,,0.0,0,,0.0,0,,0.0,0,
"Penn Hills township (Allegheny, PA)",Downtown,420035237022,40.484094,-79.786739,1624.0,,0.0,0,,0.0,0,,0.0,0,,0.0,0,
"Penn Hills township (Allegheny, PA)",Downtown,420035237023,40.483596,-79.800444,1200.0,110.9,1.0,4,100.7,1.0,4,110.9,1.0,4,104.9,1.0,4,-10.2
"Penn Hills township (Allegheny, PA)",Downtown,420035237024,40.493512,-79.793859,572.0,65.9,1.0,6,,0.0,0,65.9,1.0,6,,0.0,0,
"Penn Hills township (Allegheny, PA)",Downtown,420035238001,40.491783,-79.831123,1229.0,,0.0,0,,0.0,0,,0.0,0,,0.0,0,
"Penn Hills township (Allegheny, PA)",Downtown,420035238002,40.484675,-79.828996,758.0,,0.0,0,,0.0,0,,0.0,0,,0.0,0,
"Penn Hills township (Allegheny, PA)",Downtown,420035238003,40.481201,-79.838148,1036.0,50.9,1.0,7,58.9,1.0,7,50.9,1.0,7,58.9,1.0,7,8.0
"Penn Hills township (Allegheny, PA)",Downtown,420035238004,40.491019,-79.842683,1664.0,,0.0,0,,0.0,0,,0.0,0,,0.0,0,
"Penn Hills township (Allegheny, PA)",Downtown,420035261014,40.523543,-79.799707,1079.0,,0.0,0,,0.0,0,,0.0,0,,0.0,0,
"Penn Hills township (Allegheny, PA)",Oakland,420035231001,40.473833,-79.871497,1212.0,60.6,1.0,6,,0.0,0,60.6,1.0,6,,0.0,0,
"Penn Hills township (Allegheny, PA)",Oakland,420035231002,40.470594,-79.866295,1157.0,58.6,1.0,6,,0.0,0,58.6,1.0,6,,0.0,0,
"Penn Hills township (Allegheny, PA)",Oakland,420035231004,40.464842,-79.883785,642.0,57.6,1.0,3,51.6,1.0,3,57.6,1.0,3,56.6,1.0,3,-6.0
"Penn Hills township (Allegheny, PA)",Oakland,420035232001,40.465866,-79.856693,1185.0,64.4,1.0,6,55.8,1.0,6,66.6,1.0,6,56.8,1.0,6,-8.6
"Penn Hills township (Allegheny, PA)",Oakland,420035232002,40.460547,-79.850914,955.0,55.6,1.0,11,50.6,1.0,11,57.4,1.0,11,50.6,1.0,11,-5.0
"Penn Hills township (Allegheny, PA)",Oakland,420035232003,40.454912,-79.849726,971.0,57.6,1.0,4,58.6,1.0,4,58.6,1.0,4,58.6,1.0,4,1.0
"Penn Hills township (Allegheny, PA)",Oakland,420035232004,40.46019,-79.859728,632.0,53.6,1.0,8,48.8,1.0,9,55.4,1.0,8,48.8,1.0,9,-4.8
"Penn Hills township (Allegheny, PA)",Oakland,420035233001,40.478206,-79.828327,723.0,,0.0,0,,0.0,0,,0.0,0,,0.0,0,
"Penn Hills township (Allegheny, PA)",Oakland,420035233002,40.472976,-79.82925,1167.0,,0.0,0,,0.0,0,,0.0,0,,0.0,0,
"Penn Hills township (Allegheny, PA)",Oakland,420035233003,40.468827,-79.834167,614.0,70.6,1.0,8,61.8,1.0,5,72.6,1.0,8,61.8,1.0,5,-8.8
"Penn Hills township (Allegheny, PA)",Oakland,420035233004,40.468448,-79.841248,1303.0,72.6,1.0,3,63.8,1.0,2,74.6,1.0,3,63.8,1.0,2,-8.8
"Penn Hills township (Allegheny, PA)",Oakland,420035234001,40.450557,-79.833292,1264.0,,0.0,0,,0.0,0,,0.0,0,,0.0,0,
"Penn Hills township (Allegheny, PA)",Oakland,420035234002,40.456793,-79.841647,698.0,60.4,1.0,2,60.6,1.0,2,61.4,1.0,2,60.6,1.0,2,0.2
"Penn Hills township (Allegheny, PA)",Oakland,420035234003,40.454991,-79.839651,707.0,49.4,0.633,4,53.6,0.608,4,52.6,0.633,4,53.6,0.608,4,4.2
"Penn Hills township (Allegheny, PA)",Oakland,420035234004,40.453142,-79.830138,687.0,,0.0,0,94.6,1.0,2,,0.0,0,119.6,1.0,2,
"Penn Hills township (Allegheny, PA)",Oakland,420035234005,40.463105,-79.836214,903.0,54.4,1.0,10,55.8,1.0,6,57.6,1.0,10,55.8,1.0,6,1.4
"Penn Hills township (Allegheny, PA)",Oakland,420035234006,40.460928,-79.829429,662.0,,0.0,0,66.8,1.0,1,,0.0,0,66.8,1.0,1,
"Penn Hills township (Allegheny, PA)",Oakland,420035235011,40.46939,-79.803593,1768.0,,0.0,0,,0.0,0,,0.0,0,,0.0,0,
"Penn Hills township (Allegheny, PA)",Oakland,420035235012,40.476535,-79.81516,1497.0,,0.0,0,,0.0,0,,0.0,0,,0.0,0,
"Penn Hills township (Allegheny, PA)",Oakland,420035235013,40.464609,-79.812818,1438.0,64.4,0.458,5,61.6,0.55,5,65.4,0.458,5,61.6,0.55,5,-2.8
"Penn Hills township (Allegheny, PA)",Oakland,420035235021,40.469948,-79.790124,1497.0,70.4,0.425,7,67.6,0.508,6,70.4,0.425,7,67.6,0.508,6,-2.8
"Penn Hills township (Allegheny, PA)",Oakland,420035236001,40.448422,-79.814547,1751.0,,0.0,0,,0.0,0,,0.0,0,,0.0,0,
"Penn Hills township (Allegheny, PA)",Oakland,420035236002,40.461215,-79.82001,987.0,63.4,0.458,5,69.8,1.0,7,64.6,0.458,5,74.6,1.0,7,6.4
"Penn Hills township (Allegheny, PA)",Oakland,420035236003,40.455055,-79.807561,2114.0,,0.0,0,,0.0,0,,0.0,0,,0.0,0,
"Penn Hills township (Allegheny, PA)",Oakland,420035237011,40.510149,-79.811176,690.0,,0.0,0,,0.0,0,,0.0,0,,0.0,0,
"Penn Hills township (Allegheny, PA)",Oakland,420035237012,40.501912,-79.818983,1221.0,,0.0,0,,0.0,0,,0.0,0,,0.0,0,
"Penn Hills township (Allegheny, PA)",Oakland,420035237013,40.496708,-79.813926,840.0,,0.0,0,,0.0,0,,0.0,0,,0.0,0,
"Penn Hills township (Allegheny, PA)",Oakland,420035237014,40.503903,-79.829952,1117.0,,0.0,0,,0.0,0,,0.0,0,,0.0,0,
"Penn Hills township (Allegheny, PA)",Oakland,420035237021,40.495114,-79.802949,1780.0,,0.0,0,,0.0,0,,0.0,0,,0.0,0,
"Penn Hills township (Allegheny, PA)",Oakland,420035237022,40.484094,-79.786739,1624.0,,0.0,0,,0.0,0,,0.0,0,,0.0,0,
"Penn Hills township (Allegheny, PA)",Oakland,420035237023,40.483596,-79.800444,1200.0,112.6,1.0,4,99.6,1.0,4,115.6,1.0,4,116.6,1.0,4,-13.0
"Penn Hills township (Allegheny, PA)",Oakland,420035237024,40.493512,-79.793859,572.0,72.6,1.0,6,,0.0,0,76.6,1.0,6,,0.0,0,
"Penn Hills township (Allegheny, PA)",Oakland,420035238001,40.491783,-79.831123,1229.0,,0.0,0,,0.0,0,,0.0,0,,0.0,0,
"Penn Hills township (Allegheny, PA)",Oakland,420035238002,40.484675,-79.828996,758.0,,0.0,0,,0.0,0,,0.0,0,,0.0,0,
"Penn Hills township (Allegheny, PA)",Oakland,420035238003,40.481201,-79.838148,1036.0,61.6,1.0,7,64.6,1.0,7,62.4,1.0,7,64.6,1.0,7,3.0
"Penn Hills township (Allegheny, PA)",Oakland,420035238004,40.491019,-79.842683,1664.0,,0.0,0,,0.0,0,,0.0,0,,0.0,0,
"Penn Hills township (Allegheny, PA)",Oakland,420035261014,40.523543,-79.799707,1079.0,,0.0,0,,0.0,0,,0.0,0,,0.0,0,
Perry North,Downtown,420032602001,40.490409,-80.013807,628.0,36.8,1.0,7,37.8,1.0,6,36.8,1.0,7,37.8,1.0,6,1.0
Perry North,Downtown,420032602002,40.491212,-80.021055,1464.0,37.8,1.0,10,36.2,1.0,10,37.8,1.0,10,36.4,1.0,10,-1.6
Perry North,Downtown,420032607001,40.485056,-80.012564,718.0,32.8,1.0,9,32.8,1.0,9,32.8,1.0,9,32.8,1.0,9,0.0
Perry North,Downtown,420032607002,40.479609,-80.011892,935.0,31.8,1.0,10,35.8,1.0,10,31.8,1.0,10,35.8,1.0,10,4.0
Perry North,Downtown,420039804001,40.478464,-80.021697,13.0,,0.0,0,,0.0,0,,0.0,0,,0.0,0,
Perry North,Oakland,420032602001,40.490409,-80.013807,628.0,61.6,1.0,7,58.4,1.0,6,61.7,1.0,7,58.7,1.0,6,-3.2
Perry North,Oakland,420032602002,40.491212,-80.021055,1464.0,62.7,1.0,10,55.7,1.0,10,62.7,1.0,10,55.7,1.0,10,-7.0
Perry North,Oakland,420032607001,40.485056,-80.012564,718.0,57.6,1.0,9,54.4,1.0,9,57.6,1.0,9,54.7,1.0,9,-3.2
Perry North,Oakland,420032607002,40.479609,-80.011892,935.0,56.7,1.0,10,53.4,1.0,10,56.7,1.0,10,53.7,1.0,10,-3.3
Perry North,Oakland,420039804001,40.478464,-80.021697,13.0,,0.0,0,,0.0,0,,0.0,0,,0.0,0,
Perry South,Downtown,420032614001,40.465413,-80.016601,643.0,25.8,1.0,17,28.8,1.0,4,25.8,1.0,17,28.8,1.0,4,3.0
Perry South,Downtown,420032614002,40.462468,-80.013134,472.0,22.8,1.0,15,24.8,1.0,17,22.8,1.0,15,24.8,1.0,17,2.0
Perry South,Downtown,420032614003,40.467477,-80.011574,564.0,24.8,1.0,22,27.8,1.0,17,24.8,1.0,22,27.8,1.0,17,3.0
Perry South,Downtown,420032615001,40.472987,-80.010739,719.0,27.8,1.0,17,30.8,1.0,15,27.8,1.0,17,30.8,1.0,15,3.0
Perry South,Downtown,420032615002,40.47177,-80.016607,805.0,32.8,1.0,7,43.8,1.0,3,32.8,1.0,7,43.8,1.0,3,11.0
Perry South,Oakland,420032614001,40.465413,-80.016601,643.0,50.7,1.0,17,48.4,1.0,4,50.7,1.0,17,48.7,1.0,4,-2.3
Perry South,Oakland,420032614002,40.462468,-80.013134,472.0,47.7,1.0,15,44.7,1.0,17,47.7,1.0,15,44.7,1.0,17,-3.0
Perry South,Oakland,420032614003,40.467477,-80.011574,564.0,49.7,1.0,22,47.7,1.0,17,49.7,1.0,22,47.7,1.0,17,-2.0
Perry South,Oakland,420032615001,40.472987,-80.010739,719.0,52.7,1.0,17,50.7,1.0,15,52.7,1.0,17,50.7,1.0,15,-2.0
Perry South,Oakland,420032615002,40.47177,-80.016607,805.0,56.6,1.0,7,65.7,1.0,3,56.6,1.0,7,65.7,1.0,3,9.1
"Pitcairn borough (Allegheny, PA)",Downtown,420035213013,40.41295,-79.766314,768.0,,0.0,0,,0.0,0,,0.0,0,,0.0,0,
"Pitcairn borough (Allegheny, PA)",Downtown,420035213014,40.412003,-79.756993,1391.0,,0.0,0,,0.0,0,,0.0,0,,0.0,0,
"Pitcairn borough (Allegheny, PA)",Downtown,420035220001,40.404789,-79.773592,622.0,121.8,1.0,1,83.9,1.0,2,121.8,1.0,1,83.9,1.0,2,-37.9
"Pitcairn borough (Allegheny, PA)",Downtown,420035220003,40.408867,-79.776086,941.0,,0.0,0,,0.0,0,,0.0,0,,0.0,0,
"Pitcairn borough (Allegheny, PA)",Oakland,420035213013,40.41295,-79.766314,768.0,,0.0,0,,0.0,0,,0.0,0,,0.0,0,
"Pitcairn borough (Allegheny, PA)",Oakland,420035213014,40.412003,-79.756993,1391.0,,0.0,0,,0.0,0,,0.0,0,,0.0,0,
"Pitcairn borough (Allegheny, PA)",Oakland,420035220001,40.404789,-79.773592,622.0,112.4,1.0,1,88.6,1.0,2,112.4,1.0,1,88.6,1.0,2,-23.8
"Pitcairn borough (Allegheny, PA)",Oakland,420035220003,40.408867,-79.776086,941.0,,0.0,0,,0.0,0,,0.0,0,,0.0,0,
"Pleasant Hills borough (Allegheny, PA)",Downtown,420034890011,40.341586,-79.960826,648.0,52.8,1.0,8,55.5,1.0,8,52.8,1.0,8,55.5,1.0,8,2.7
"Pleasant Hills borough (Allegheny, PA)",Downtown,420034890012,40.333062,-79.949989,1475.0,63.8,1.0,3,73.8,1.0,3,63.8,1.0,3,73.8,1.0,3,10.0
"Pleasant Hills borough (Allegheny, PA)",Downtown,420034890013,40.32765,-79.953177,2580.0,,0.0,0,,0.0,0,,0.0,0,,0.0,0,
"Pleasant Hills borough (Allegheny, PA)",Downtown,420034890021,40.338621,-79.967657,660.0,52.8,1.0,7,58.5,1.0,6,52.8,1.0,7,58.5,1.0,6,5.7
"Pleasant Hills borough (Allegheny, PA)",Downtown,420034890022,40.333326,-79.966552,1278.0,,0.0,0,,0.0,0,,0.0,0,,0.0,0,
"Pleasant Hills borough (Allegheny, PA)",Downtown,420034890023,40.325355,-79.960481,951.0,,0.0,0,,0.0,0,,0.0,0,,0.0,0,
"Pleasant Hills borough (Allegheny, PA)",Downtown,420034890024,40.325909,-79.968849,912.0,,0.0,0,,0.0,0,,0.0,0,,0.0,0,
"Pleasant Hills borough (Allegheny, PA)",Downtown,420034911011,40.313595,-79.96259,3712.0,,0.0,0,,0.0,0,,0.0,0,,0.0,0,
"Pleasant Hills borough (Allegheny, PA)",Oakland,420034890011,40.341586,-79.960826,648.0,71.6,1.0,8,70.7,1.0,8,72.6,1.0,8,74.7,1.0,8,-0.9
"Pleasant Hills borough (Allegheny, PA)",Oakland,420034890012,40.333062,-79.949989,1475.0,85.7,1.0,3,89.2,1.0,3,85.7,1.0,3,91.7,1.0,3,3.5
"Pleasant Hills borough (Allegheny, PA)",Oakland,420034890013,40.32765,-79.953177,2580.0,,0.0,0,,0.0,0,,0.0,0,,0.0,0,
"Pleasant Hills borough (Allegheny, PA)",Oakland,420034890021,40.338621,-79.967657,660.0,74.7,1.0,7,73.7,1.0,6,76.7,1.0,7,76.7,1.0,6,-1.0
"Pleasant Hills borough (Allegheny, PA)",Oakland,420034890022,40.333326,-79.966552,1278.0,,0.0,0,,0.0,0,,0.0,0,,0.0,0,
"Pleasant Hills borough (Allegheny, PA)",Oakland,420034890023,40.325355,-79.960481,951.0,,0.0,0,,0.0,0,,0.0,0,,0.0,0,
"Pleasant Hills borough (Allegheny, PA)",Oakland,420034890024,40.325909,-79.968849,912.0,,0.0,0,,0.0,0,,0.0,0,,0.0,0,
"Pleasant Hills borough (Allegheny, PA)",Oakland,420034911011,40.313595,-79.96259,3712.0,,0.0,0,,0.0,0,,0.0,0,,0.0,0,
"Plum borough (Allegheny, PA)",Downtown,420035262011,40.494346,-79.77074,1267.0,,0.0,0,,0.0,0,,0.0,0,,0.0,0,
"Plum borough (Allegheny, PA)",Downtown,420035262012,40.485396,-79.752932,2437.0,,0.0,0,,0.0,0,,0.0,0,,0.0,0,
"Plum borough (Allegheny, PA)",Downtown,420035262021,40.479786,-79.772183,1133.0,,0.0,0,,0.0,0,,0.0,0,,0.0,0,
"Plum borough (Allegheny, PA)",Downtown,420035262022,40.465868,-79.754597,2363.0,89.9,1.0,2,,0.0,0,89.9,1.0,2,,0.0,0,
"Plum borough (Allegheny, PA)",Downtown,420035262023,40.48365,-79.77908,1153.0,,0.0,0,,0.0,0,,0.0,0,,0.0,0,
"Plum borough (Allegheny, PA)",Downtown,420035263011,40.483696,-79.707736,1683.0,,0.0,0,,0.0,0,,0.0,0,,0.0,0,
"Plum borough (Allegheny, PA)",Downtown,420035263012,40.474696,-79.720059,2306.0,,0.0,0,,0.0,0,,0.0,0,,0.0,0,
"Plum borough (Allegheny, PA)",Downtown,420035263021,40.46853,-79.709316,1891.0,62.9,0.417,4,77.0,0.475,2,62.9,0.417,4,77.0,0.475,2,14.1
"Plum borough (Allegheny, PA)",Downtown,420035263022,40.468185,-79.717274,988.0,,0.0,0,,0.0,0,,0.0,0,,0.0,0,
"Plum borough (Allegheny, PA)",Downtown,420035263024,40.45971,-79.712282,981.0,61.9,0.425,2,76.0,0.483,2,61.9,0.425,2,76.0,0.483,2,14.1
"Plum borough (Allegheny, PA)",Downtown,421298021011,40.477567,-79.697853,1327.0,,0.0,0,,0.0,0,,0.0,0,,0.0,0,
"Plum borough (Allegheny, PA)",Oakland,420035262011,40.494346,-79.77074,1267.0,,0.0,0,,0.0,0,,0.0,0,,0.0,0,
"Plum borough (Allegheny, PA)",Oakland,420035262012,40.485396,-79.752932,2437.0,,0.0,0,,0.0,0,,0.0,0,,0.0,0,
"Plum borough (Allegheny, PA)",Oakland,420035262021,40.479786,-79.772183,1133.0,,0.0,0,,0.0,0,,0.0,0,,0.0,0,
"Plum borough (Allegheny, PA)",Oakland,420035262022,40.465868,-79.754597,2363.0,90.6,1.0,2,,0.0,0,92.6,1.0,2,,0.0,0,
"Plum borough (Allegheny, PA)",Oakland,420035262023,40.48365,-79.77908,1153.0,,0.0,0,,0.0,0,,0.0,0,,0.0,0,
"Plum borough (Allegheny, PA)",Oakland,420035263011,40.483696,-79.707736,1683.0,,0.0,0,,0.0,0,,0.0,0,,0.0,0,
"Plum borough (Allegheny, PA)",Oakland,420035263012,40.474696,-79.720059,2306.0,,0.0,0,,0.0,0,,0.0,0,,0.0,0,
"Plum borough (Allegheny, PA)",Oakland,420035263021,40.46853,-79.709316,1891.0,75.6,0.417,4,85.6,0.475,2,78.4,0.417,4,85.6,0.475,2,10.0
"Plum borough (Allegheny, PA)",Oakland,420035263022,40.468185,-79.717274,988.0,,0.0,0,,0.0,0,,0.0,0,,0.0,0,
"Plum borough (Allegheny, PA)",Oakland,420035263024,40.45971,-79.712282,981.0,74.6,0.425,2,84.6,0.483,2,77.4,0.425,2,84.6,0.483,2,10.0
"Plum borough (Allegheny, PA)",Oakland,421298021011,40.477567,-79.697853,1327.0,,0.0,0,,0.0,0,,0.0,0,,0.0,0,
Point Breeze,Downtown,420031404001,40.45149,-79.912354,716.0,32.9,1.0,16,34.7,1.0,15,34.9,1.0,16,34.9,1.0,15,1.8
Point Breeze,Downtown,420031404002,40.44734,-79.914569,669.0,40.8,1.0,9,41.7,1.0,8,41.4,1.0,9,41.7,1.0,8,0.9
Point Breeze,Downtown,420031404003,40.448242,-79.918108,927.0,39.6,1.0,8,37.7,1.0,8,40.4,1.0,8,37.7,1.0,8,-1.9
Point Breeze,Downtown,420031412003,40.447684,-79.90663,1342.0,35.9,1.0,17,37.9,1.0,8,37.9,1.0,17,39.9,1.0,8,2.0
Point Breeze,Oakland,420031404001,40.45149,-79.912354,716.0,26.6,1.0,16,26.8,1.0,15,26.6,1.0,16,26.8,1.0,15,0.2
Point Breeze,Oakland,420031404002,40.44734,-79.914569,669.0,37.4,1.0,9,27.6,1.0,8,37.4,1.0,9,27.6,1.0,8,-9.8
Point Breeze,Oakland,420031404003,40.448242,-79.918108,927.0,32.6,1.0,8,29.4,1.0,8,32.6,1.0,8,29.6,1.0,8,-3.2
Point Breeze,Oakland,420031412003,40.447684,-79.90663,1342.0,34.6,1.0,17,31.6,1.0,8,34.6,1.0,17,31.6,1.0,8,-3.0
Point Breeze North,Downtown,420031405001,40.450292,-79.899961,736.0,21.9,1.0,20,24.7,1.0,17,21.9,1.0,20,24.7,1.0,17,2.8
Point Breeze North,Downtown,420031405002,40.45343,-79.907573,1252.0,29.9,1.0,17,32.7,1.0,15,33.9,1.0,17,33.7,1.0,15,2.8
Point Breeze North,Oakland,420031405001,40.450292,-79.899961,736.0,29.6,1.0,20,25.6,1.0,17,29.6,1.0,20,25.6,1.0,17,-4.0
Point Breeze North,Oakland,420031405002,40.45343,-79.907573,1252.0,27.6,1.0,17,25.6,1.0,15,27.6,1.0,17,25.6,1.0,15,-2.0
Polish Hill,Downtown,420030605001,40.457211,-79.967151,665.0,13.8,1.0,22,12.9,1.0,21,13.8,1.0,22,12.9,1.0,21,-0.9
Polish Hill,Downtown,420030605002,40.458501,-79.961736,536.0,27.9,1.0,12,23.9,1.0,10,30.9,1.0,12,27.9,1.0,10,-4.0
Polish Hill,Oakland,420030605001,40.457211,-79.967151,665.0,29.6,1.0,22,26.6,1.0,21,31.6,1.0,22,26.6,1.0,21,-3.0
Polish Hill,Oakland,420030605002,40.458501,-79.961736,536.0,32.6,1.0,12,27.6,1.0,10,35.6,1.0,12,27.6,1.0,10,-5.0
"Rankin borough (Allegheny, PA)",Downtown,420035140001,40.410944,-79.874652,811.0,42.8,1.0,7,41.9,1.0,5,48.8,1.0,7,42.7,1.0,5,-0.9
"Rankin borough (Allegheny, PA)",Downtown,420035140002,40.413445,-79.881397,1085.0,30.8,1.0,16,34.7,1.0,13,30.8,1.0,16,34.7,1.0,13,3.9
"Rankin borough (Allegheny, PA)",Oakland,420035140001,40.410944,-79.874652,811.0,45.6,1.0,7,43.6,1.0,5,45.6,1.0,7,43.8,1.0,5,-2.0
"Rankin borough (Allegheny, PA)",Oakland,420035140002,40.413445,-79.881397,1085.0,37.6,1.0,16,34.6,1.0,13,37.6,1.0,16,34.6,1.0,13,-3.0
Regent Square,Downtown,420031412002,40.440253,-79.896707,2644.0,38.8,1.0,19,38.7,1.0,19,39.8,1.0,19,39.7,1.0,19,-0.1
Regent Square,Oakland,420031412002,40.440253,-79.896707,2644.0,26.6,1.0,19,28.6,1.0,19,26.6,1.0,19,28.6,1.0,19,2.0
"Reserve township (Allegheny, PA)",Downtown,420034281001,40.475319,-79.981692,570.0,50.4,1.0,6,,0.0,0,50.4,1.0,6,,0.0,0,
"Reserve township (Allegheny, PA)",Downtown,420034281002,40.471181,-79.982962,617.0,41.4,1.0,14,,0.0,0,41.4,1.0,14,,0.0,0,
"Reserve township (Allegheny, PA)",Downtown,420034282001,40.487113,-79.986548,638.0,,0.0,0,,0.0,0,,0.0,0,,0.0,0,
"Reserve township (Allegheny, PA)",Downtown,420034282002,40.488147,-79.998198,1430.0,53.4,1.0,6,,0.0,0,53.4,1.0,6,,0.0,0,
"Reserve township (Allegheny, PA)",Oakland,420034281001,40.475319,-79.981692,570.0,73.7,1.0,6,,0.0,0,76.7,1.0,6,,0.0,0,
"Reserve township (Allegheny, PA)",Oakland,420034281002,40.471181,-79.982962,617.0,67.7,1.0,14,,0.0,0,68.7,1.0,14,,0.0,0,
"Reserve township (Allegheny, PA)",Oakland,420034282001,40.487113,-79.986548,638.0,,0.0,0,,0.0,0,,0.0,0,,0.0,0,
"Reserve township (Allegheny, PA)",Oakland,420034282002,40.488147,-79.998198,1430.0,78.7,1.0,6,,0.0,0,78.7,1.0,6,,0.0,0,
Ridgemont,Downtown,420034886002,40.343463,-79.907685,849.0,80.4,1.0,4,83.2,1.0,4,80.4,1.0,4,83.2,1.0,4,2.8
Ridgemont,Oakland,420034886002,40.343463,-79.907685,849.0,89.0,1.0,4,95.2,1.0,4,96.4,1.0,4,95.7,1.0,4,6.2
"Robinson township (Allegheny, PA)",Downtown,420034591021,40.473925,-80.128581,2051.0,,0.0,0,,0.0,0,,0.0,0,,0.0,0,
"Robinson township (Allegheny, PA)",Downtown,420034591022,40.46132,-80.127855,1127.0,,0.0,0,,0.0,0,,0.0,0,,0.0,0,
"Robinson township (Allegheny, PA)",Downtown,420034591023,40.477708,-80.147147,3248.0,,0.0,0,,0.0,0,,0.0,0,,0.0,0,
"Robinson township (Allegheny, PA)",Downtown,420034592011,40.432083,-80.104125,1594.0,,0.0,0,,0.0,0,,0.0,0,,0.0,0,
"Robinson township (Allegheny, PA)",Downtown,420034592012,40.44752,-80.150845,2250.0,52.4,1.0,6,56.4,1.0,6,52.4,1.0,6,56.4,1.0,6,4.0
"Robinson township (Allegheny, PA)",Downtown,420034592013,40.441123,-80.134129,2405.0,,0.0,0,,0.0,0,,0.0,0,,0.0,0,
"Robinson township (Allegheny, PA)",Downtown,420034592014,40.451152,-80.119741,1095.0,56.4,1.0,3,56.4,1.0,3,56.4,1.0,3,56.4,1.0,3,0.0
"Robinson township (Allegheny, PA)",Downtown,420034592021,40.428562,-80.101481,677.0,,0.0,0,,0.0,0,,0.0,0,,0.0,0,
"Robinson township (Allegheny, PA)",Downtown,420035641002,40.433552,-80.085878,466.0,,0.0,0,,0.0,0,,0.0,0,,0.0,0,
"Robinson township (Allegheny, PA)",Oakland,420034591021,40.473925,-80.128581,2051.0,,0.0,0,,0.0,0,,0.0,0,,0.0,0,
"Robinson township (Allegheny, PA)",Oakland,420034591022,40.46132,-80.127855,1127.0,,0.0,0,,0.0,0,,0.0,0,,0.0,0,
"Robinson township (Allegheny, PA)",Oakland,420034591023,40.477708,-80.147147,3248.0,,0.0,0,,0.0,0,,0.0,0,,0.0,0,
"Robinson township (Allegheny, PA)",Oakland,420034592011,40.432083,-80.104125,1594.0,,0.0,0,,0.0,0,,0.0,0,,0.0,0,
"Robinson township (Allegheny, PA)",Oakland,420034592012,40.44752,-80.150845,2250.0,71.7,1.0,6,76.4,1.0,6,71.7,1.0,6,76.7,1.0,6,4.7
"Robinson township (Allegheny, PA)",Oakland,420034592013,40.441123,-80.134129,2405.0,,0.0,0,,0.0,0,,0.0,0,,0.0,0,
"Robinson township (Allegheny, PA)",Oakland,420034592014,40.451152,-80.119741,1095.0,74.7,1.0,3,73.7,1.0,3,74.7,1.0,3,73.7,1.0,3,-1.0
"Robinson township (Allegheny, PA)",Oakland,420034592021,40.428562,-80.101481,677.0,,0.0,0,,0.0,0,,0.0,0,,0.0,0,
"Robinson township (Allegheny, PA)",Oakland,420035641002,40.433552,-80.085878,466.0,,0.0,0,,0.0,0,,0.0,0,,0.0,0,
"Ross township (Allegheny, PA)",Downtown,420034270003,40.481448,-79.97537,1291.0,,0.0,0,33.8,1.0,8,,0.0,0,33.8,1.0,8,
"Ross township (Allegheny, PA)",Downtown,420034271001,40.507089,-79.980872,1671.0,,0.0,0,,0.0,0,,0.0,0,,0.0,0,
"Ross township (Allegheny, PA)",Downtown,420034271002,40.529491,-79.982308,1739.0,,0.0,0,,0.0,0,,0.0,0,,0.0,0,
"Ross township (Allegheny, PA)",Downtown,420034272004,40.485829,-79.965595,1093.0,,0.0,0,,0.0,0,,0.0,0,,0.0,0,
"Ross township (Allegheny, PA)",Downtown,420034291001,40.504667,-80.000557,1211.0,,0.0,0,,0.0,0,,0.0,0,,0.0,0,
"Ross township (Allegheny, PA)",Downtown,420034292011,40.549448,-79.998993,1938.0,40.1,0.117,8,,0.0,0,40.1,0.117,8,,0.0,0,
"Ross township (Allegheny, PA)",Downtown,420034292012,40.542132,-80.007287,3003.0,,0.0,0,,0.0,0,,0.0,0,,0.0,0,
"Ross township (Allegheny, PA)",Downtown,420034292021,40.534323,-79.993164,1298.0,38.1,0.158,6,,0.0,0,38.1,0.158,6,,0.0,0,
"Ross township (Allegheny, PA)",Downtown,420034292022,40.517866,-79.990426,1348.0,36.1,0.192,6,,0.0,0,36.1,0.192,6,,0.0,0,
"Ross township (Allegheny, PA)",Downtown,420034292023,40.521353,-79.999503,1959.0,,0.0,0,,0.0,0,,0.0,0,,0.0,0,
"Ross township (Allegheny, PA)",Downtown,420034293001,40.548511,-80.043772,2070.0,,0.0,0,,0.0,0,,0.0,0,,0.0,0,
"Ross township (Allegheny, PA)",Downtown,420034294001,40.543066,-80.032477,672.0,121.8,1.0,1,80.8,1.0,2,121.8,1.0,1,80.8,1.0,2,-41.0
"Ross township (Allegheny, PA)",Downtown,420034294002,40.535095,-80.030338,1722.0,,0.0,0,,0.0,0,,0.0,0,,0.0,0,
"Ross township (Allegheny, PA)",Downtown,420034295001,40.549126,-80.026175,1876.0,56.8,1.0,3,60.8,1.0,4,56.8,1.0,3,60.8,1.0,4,4.0
"Ross township (Allegheny, PA)",Downtown,420034295002,40.540838,-80.01839,1876.0,,0.0,0,,0.0,0,,0.0,0,,0.0,0,
"Ross township (Allegheny, PA)",Downtown,420034295003,40.525441,-80.011786,660.0,62.5,1.0,2,60.2,1.0,2,100.8,1.0,2,60.5,1.0,2,-2.3
"Ross township (Allegheny, PA)",Downtown,420034296001,40.511937,-80.044696,2598.0,51.8,1.0,6,50.4,1.0,8,51.8,1.0,6,50.4,1.0,8,-1.4
"Ross township (Allegheny, PA)",Downtown,420034297001,40.500532,-80.0312,1416.0,53.4,1.0,6,,0.0,0,54.8,1.0,6,,0.0,0,
"Ross township (Allegheny, PA)",Downtown,420034297002,40.495318,-80.039298,954.0,,0.0,0,,0.0,0,,0.0,0,,0.0,0,
"Ross township (Allegheny, PA)",Oakland,420034270003,40.481448,-79.97537,1291.0,,0.0,0,39.6,1.0,8,,0.0,0,39.6,1.0,8,
"Ross township (Allegheny, PA)",Oakland,420034271001,40.507089,-79.980872,1671.0,,0.0,0,,0.0,0,,0.0,0,,0.0,0,
"Ross township (Allegheny, PA)",Oakland,420034271002,40.529491,-79.982308,1739.0,,0.0,0,,0.0,0,,0.0,0,,0.0,0,
"Ross township (Allegheny, PA)",Oakland,420034272004,40.485829,-79.965595,1093.0,,0.0,0,,0.0,0,,0.0,0,,0.0,0,
"Ross township (Allegheny, PA)",Oakland,420034291001,40.504667,-80.000557,1211.0,,0.0,0,,0.0,0,,0.0,0,,0.0,0,
"Ross township (Allegheny, PA)",Oakland,420034292011,40.549448,-79.998993,1938.0,66.7,0.117,8,,0.0,0,66.7,0.117,8,,0.0,0,
"Ross township (Allegheny, PA)",Oakland,420034292012,40.542132,-80.007287,3003.0,,0.0,0,,0.0,0,,0.0,0,,0.0,0,
"Ross township (Allegheny, PA)",Oakland,420034292021,40.534323,-79.993164,1298.0,64.7,0.158,6,,0.0,0,64.7,0.158,6,,0.0,0,
"Ross township (Allegheny, PA)",Oakland,420034292022,40.517866,-79.990426,1348.0,62.7,0.192,6,,0.0,0,62.7,0.192,6,,0.0,0,
"Ross township (Allegheny, PA)",Oakland,420034292023,40.521353,-79.999503,1959.0,,0.0,0,,0.0,0,,0.0,0,,0.0,0,
"Ross township (Allegheny, PA)",Oakland,420034293001,40.548511,-80.043772,2070.0,,0.0,0,,0.0,0,,0.0,0,,0.0,0,
"Ross township (Allegheny, PA)",Oakland,420034294001,40.543066,-80.032477,672.0,144.7,1.0,1,97.7,1.0,2,144.7,1.0,1,97.7,1.0,2,-47.0
"Ross township (Allegheny, PA)",Oakland,420034294002,40.535095,-80.030338,1722.0,,0.0,0,,0.0,0,,0.0,0,,0.0,0,
"Ross township (Allegheny, PA)",Oakland,420034295001,40.549126,-80.026175,1876.0,82.7,1.0,3,73.7,1.0,4,82.7,1.0,3,73.7,1.0,4,-9.0
"Ross township (Allegheny, PA)",Oakland,420034295002,40.540838,-80.01839,1876.0,,0.0,0,,0.0,0,,0.0,0,,0.0,0,
"Ross township (Allegheny, PA)",Oakland,420034295003,40.525441,-80.011786,660.0,89.7,1.0,2,71.7,1.0,2,121.7,1.0,2,76.7,1.0,2,-18.0
"Ross township (Allegheny, PA)",Oakland,420034296001,40.511937,-80.044696,2598.0,76.7,1.0,6,71.7,1.0,8,76.7,1.0,6,71.7,1.0,8,-5.0
"Ross township (Allegheny, PA)",Oakland,420034297001,40.500532,-80.0312,1416.0,80.7,1.0,6,,0.0,0,81.7,1.0,6,,0.0,0,
"Ross township (Allegheny, PA)",Oakland,420034297002,40.495318,-80.039298,954.0,,0.0,0,,0.0,0,,0.0,0,,0.0,0,
"Scott township (Allegheny, PA)",Downtown,420034703001,40.385741,-80.080938,1596.0,68.4,1.0,15,53.4,1.0,2,71.4,1.0,15,53.6,1.0,2,-15.0
"Scott township (Allegheny, PA)",Downtown,420034703002,40.377082,-80.081542,2721.0,,0.0,0,,0.0,0,,0.0,0,,0.0,0,
"Scott township (Allegheny, PA)",Downtown,420034704001,40.368026,-80.082507,951.0,79.8,1.0,6,,0.0,0,79.8,1.0,6,,0.0,0,
"Scott township (Allegheny, PA)",Downtown,420034704002,40.365293,-80.077855,699.0,,0.0,0,,0.0,0,,0.0,0,,0.0,0,
"Scott township (Allegheny, PA)",Downtown,420034704003,40.368048,-80.090871,1418.0,,0.0,0,,0.0,0,,0.0,0,,0.0,0,
"Scott township (Allegheny, PA)",Downtown,420034705011,40.400436,-80.057358,2708.0,46.5,1.0,3,46.4,1.0,3,49.3,1.0,3,46.6,1.0,3,-0.1
"Scott township (Allegheny, PA)",Downtown,420034705012,40.39496,-80.060786,1609.0,65.5,1.0,2,,0.0,0,66.4,1.0,2,,0.0,0,
"Scott township (Allegheny, PA)",Downtown,420034705021,40.406399,-80.066288,1553.0,,0.0,0,,0.0,0,,0.0,0,,0.0,0,
"Scott township (Allegheny, PA)",Downtown,420034705022,40.395541,-80.071029,1458.0,,0.0,0,,0.0,0,,0.0,0,,0.0,0,
"Scott township (Allegheny, PA)",Downtown,420034706002,40.398286,-80.088599,631.0,49.4,1.0,14,60.0,1.0,4,49.4,1.0,14,60.0,1.0,4,10.6
"Scott township (Allegheny, PA)",Downtown,420034706003,40.399404,-80.092275,721.0,47.4,0.592,4,,0.0,0,47.4,0.592,4,,0.0,0,
"Scott township (Allegheny, PA)",Downtown,420034741012,40.354854,-80.082795,2119.0,,0.0,0,,0.0,0,,0.0,0,,0.0,0,
"Scott township (Allegheny, PA)",Oakland,420034703001,40.385741,-80.080938,1596.0,94.6,1.0,15,69.7,1.0,2,98.7,1.0,15,74.7,1.0,2,-24.9
"Scott township (Allegheny, PA)",Oakland,420034703002,40.377082,-80.081542,2721.0,,0.0,0,,0.0,0,,0.0,0,,0.0,0,
"Scott township (Allegheny, PA)",Oakland,420034704001,40.368026,-80.082507,951.0,102.6,1.0,6,,0.0,0,106.7,1.0,6,,0.0,0,
"Scott township (Allegheny, PA)",Oakland,420034704002,40.365293,-80.077855,699.0,,0.0,0,,0.0,0,,0.0,0,,0.0,0,
"Scott township (Allegheny, PA)",Oakland,420034704003,40.368048,-80.090871,1418.0,,0.0,0,,0.0,0,,0.0,0,,0.0,0,
"Scott township (Allegheny, PA)",Oakland,420034705011,40.400436,-80.057358,2708.0,67.7,1.0,3,62.7,1.0,3,69.7,1.0,3,67.7,1.0,3,-5.0
"Scott township (Allegheny, PA)",Oakland,420034705012,40.39496,-80.060786,1609.0,85.6,1.0,2,,0.0,0,87.7,1.0,2,,0.0,0,
"Scott township (Allegheny, PA)",Oakland,420034705021,40.406399,-80.066288,1553.0,,0.0,0,,0.0,0,,0.0,0,,0.0,0,
"Scott township (Allegheny, PA)",Oakland,420034705022,40.395541,-80.071029,1458.0,,0.0,0,,0.0,0,,0.0,0,,0.0,0,
"Scott township (Allegheny, PA)",Oakland,420034706002,40.398286,-80.088599,631.0,76.6,1.0,14,74.7,1.0,4,76.6,1.0,14,75.7,1.0,4,-1.9
"Scott township (Allegheny, PA)",Oakland,420034706003,40.399404,-80.092275,721.0,74.7,0.592,4,,0.0,0,74.7,0.592,4,,0.0,0,
"Scott township (Allegheny, PA)",Oakland,420034741012,40.354854,-80.082795,2119.0,,0.0,0,,0.0,0,,0.0,0,,0.0,0,
"Sewickley borough (Allegheny, PA)",Downtown,420034455001,40.539693,-80.175393,1080.0,75.4,1.0,5,91.8,1.0,7,75.4,1.0,5,91.8,1.0,7,16.4
"Sewickley borough (Allegheny, PA)",Downtown,420034455002,40.54135,-80.185419,1619.0,73.5,1.0,6,91.8,1.0,6,73.5,1.0,6,91.8,1.0,6,18.3
"Sewickley borough (Allegheny, PA)",Downtown,420034455003,40.535438,-80.180208,1208.0,69.4,1.0,5,90.8,1.0,6,69.4,1.0,5,90.8,1.0,6,21.4
"Sewickley borough (Allegheny, PA)",Oakland,420034455001,40.539693,-80.175393,1080.0,100.6,1.0,5,111.7,1.0,7,100.6,1.0,5,111.7,1.0,7,11.1
"Sewickley borough (Allegheny, PA)",Oakland,420034455002,40.54135,-80.185419,1619.0,98.7,1.0,6,111.7,1.0,6,98.7,1.0,6,111.7,1.0,6,13.0
"Sewickley borough (Allegheny, PA)",Oakland,420034455003,40.535438,-80.180208,1208.0,94.7,1.0,5,110.7,1.0,6,94.7,1.0,5,110.7,1.0,6,16.0
Shadyside,Downtown,420030703001,40.452755,-79.933572,692.0,30.8,1.0,14,29.7,1.0,6,33.8,1.0,14,31.7,1.0,6,-1.1
Shadyside,Downtown,420030703002,40.450156,-79.932261,799.0,30.9,1.0,12,31.7,1.0,4,31.8,1.0,12,31.7,1.0,4,0.8
Shadyside,Downtown,420030703003,40.450289,-79.936844,752.0,31.8,1.0,11,29.0,1.0,6,32.9,1.0,11,30.7,1.0,6,-2.8
Shadyside,Downtown,420030705001,40.455068,-79.92743,1267.0,28.8,1.0,12,29.7,1.0,8,33.9,1.0,12,31.7,1.0,8,0.9
Shadyside,Downtown,420030705002,40.45397,-79.930848,752.0,18.9,1.0,18,20.7,1.0,10,18.9,1.0,18,20.7,1.0,10,1.8
Shadyside,Downtown,420030705003,40.457114,-79.929611,1021.0,17.9,1.0,25,19.7,1.0,21,17.9,1.0,25,19.7,1.0,21,1.8
Shadyside,Downtown,420030706001,40.454578,-79.923685,998.0,31.8,1.0,15,30.7,1.0,14,34.8,1.0,15,30.7,1.0,14,-1.1
Shadyside,Downtown,420030706002,40.452093,-79.927183,1196.0,31.8,1.0,20,32.7,1.0,8,33.8,1.0,20,32.7,1.0,8,0.9
Shadyside,Downtown,420030708001,40.458652,-79.922258,1257.0,16.9,1.0,21,19.7,1.0,24,16.9,1.0,21,19.7,1.0,24,2.8
Shadyside,Downtown,420030708002,40.45529,-79.919318,1596.0,27.9,1.0,11,28.9,1.0,16,31.9,1.0,11,30.0,1.0,16,1.0
Shadyside,Downtown,420030709001,40.454595,-79.936728,1903.0,19.8,1.0,27,20.7,1.0,21,19.8,1.0,27,20.7,1.0,21,0.9
Shadyside,Downtown,420030709004,40.45313,-79.943324,1536.0,27.9,1.0,19,26.7,1.0,14,29.9,1.0,19,27.7,1.0,14,-1.2
Shadyside,Oakland,420030703001,40.452755,-79.933572,692.0,22.6,1.0,14,20.6,1.0,6,22.6,1.0,14,20.6,1.0,6,-2.0
Shadyside,Oakland,420030703002,40.450156,-79.932261,799.0,17.6,1.0,12,17.6,1.0,4,17.6,1.0,12,17.6,1.0,4,0.0
Shadyside,Oakland,420030703003,40.450289,-79.936844,752.0,17.6,1.0,11,16.6,1.0,6,17.6,1.0,11,16.6,1.0,6,-1.0
Shadyside,Oakland,420030705001,40.455068,-79.92743,1267.0,23.6,1.0,12,20.6,1.0,8,23.6,1.0,12,20.6,1.0,8,-3.0
Shadyside,Oakland,420030705002,40.45397,-79.930848,752.0,23.4,1.0,18,18.6,1.0,10,23.4,1.0,18,18.6,1.0,10,-4.8
Shadyside,Oakland,420030705003,40.457114,-79.929611,1021.0,21.6,1.0,25,17.6,1.0,21,21.6,1.0,25,17.6,1.0,21,-4.0
Shadyside,Oakland,420030706001,40.454578,-79.923685,998.0,22.6,1.0,15,19.8,1.0,14,22.6,1.0,15,19.8,1.0,14,-2.8
Shadyside,Oakland,420030706002,40.452093,-79.927183,1196.0,20.6,1.0,20,18.6,1.0,8,20.6,1.0,20,18.6,1.0,8,-2.0
Shadyside,Oakland,420030708001,40.458652,-79.922258,1257.0,23.4,1.0,21,17.6,1.0,24,23.4,1.0,21,17.6,1.0,24,-5.8
Shadyside,Oakland,420030708002,40.45529,-79.919318,1596.0,24.6,1.0,11,21.6,1.0,16,24.6,1.0,11,21.6,1.0,16,-3.0
Shadyside,Oakland,420030709001,40.454595,-79.936728,1903.0,20.6,1.0,27,17.6,1.0,21,20.6,1.0,27,17.6,1.0,21,-3.0
Shadyside,Oakland,420030709004,40.45313,-79.943324,1536.0,16.6,1.0,19,15.6,1.0,14,16.6,1.0,19,16.6,1.0,14,-1.0
"Shaler township (Allegheny, PA)",Downtown,420034263001,40.546375,-79.966088,1606.0,,0.0,0,,0.0,0,,0.0,0,,0.0,0,
"Shaler township (Allegheny, PA)",Downtown,420034263002,40.538437,-79.978353,2012.0,,0.0,0,,0.0,0,,0.0,0,,0.0,0,
"Shaler township (Allegheny, PA)",Downtown,420034263003,40.549185,-79.980035,2364.0,,0.0,0,,0.0,0,,0.0,0,,0.0,0,
"Shaler township (Allegheny, PA)",Downtown,420034264001,40.527044,-79.958969,917.0,69.8,1.0,4,52.4,0.9,4,69.8,1.0,4,52.4,0.9,4,-17.4
"Shaler township (Allegheny, PA)",Downtown,420034264002,40.518575,-79.956165,995.0,67.8,1.0,6,50.4,0.925,6,67.8,1.0,6,50.4,0.925,6,-17.4
"Shaler township (Allegheny, PA)",Downtown,420034264003,40.509434,-79.954655,998.0,64.8,1.0,4,48.4,0.942,4,64.8,1.0,4,48.4,0.942,4,-16.4
"Shaler township (Allegheny, PA)",Downtown,420034264004,40.523325,-79.964938,1525.0,68.8,1.0,4,52.4,0.908,4,68.8,1.0,4,52.4,0.908,4,-16.4
"Shaler township (Allegheny, PA)",Downtown,420034267002,40.520826,-79.94411,1594.0,,0.0,0,,0.0,0,,0.0,0,,0.0,0,
"Shaler township (Allegheny, PA)",Downtown,420034268001,40.549771,-79.949747,1350.0,,0.0,0,,0.0,0,,0.0,0,,0.0,0,
"Shaler township (Allegheny, PA)",Downtown,420034268002,40.542097,-79.950388,2376.0,,0.0,0,,0.0,0,,0.0,0,,0.0,0,
"Shaler township (Allegheny, PA)",Downtown,420034268003,40.535516,-79.945715,1424.0,,0.0,0,,0.0,0,,0.0,0,,0.0,0,
"Shaler township (Allegheny, PA)",Downtown,420034271003,40.516392,-79.975276,1930.0,,0.0,0,,0.0,0,,0.0,0,,0.0,0,
"Shaler township (Allegheny, PA)",Downtown,420034272001,40.499459,-79.957886,1257.0,,0.0,0,,0.0,0,,0.0,0,,0.0,0,
"Shaler township (Allegheny, PA)",Downtown,420034272002,40.49947,-79.972435,1194.0,,0.0,0,,0.0,0,,0.0,0,,0.0,0,
"Shaler township (Allegheny, PA)",Downtown,420034272003,40.493152,-79.962704,1378.0,56.8,1.0,4,35.8,1.0,4,56.8,1.0,4,35.8,1.0,4,-21.0
"Shaler township (Allegheny, PA)",Oakland,420034263001,40.546375,-79.966088,1606.0,,0.0,0,,0.0,0,,0.0,0,,0.0,0,
"Shaler township (Allegheny, PA)",Oakland,420034263002,40.538437,-79.978353,2012.0,,0.0,0,,0.0,0,,0.0,0,,0.0,0,
"Shaler township (Allegheny, PA)",Oakland,420034263003,40.549185,-79.980035,2364.0,,0.0,0,,0.0,0,,0.0,0,,0.0,0,
"Shaler township (Allegheny, PA)",Oakland,420034264001,40.527044,-79.958969,917.0,91.7,1.0,4,73.6,0.9,4,91.7,1.0,4,73.7,0.9,4,-18.1
"Shaler township (Allegheny, PA)",Oakland,420034264002,40.518575,-79.956165,995.0,89.7,1.0,6,71.4,0.925,6,89.7,1.0,6,71.6,0.925,6,-18.3
"Shaler township (Allegheny, PA)",Oakland,420034264003,40.509434,-79.954655,998.0,86.7,1.0,4,69.6,0.942,4,86.7,1.0,4,69.7,0.942,4,-17.1
"Shaler township (Allegheny, PA)",Oakland,420034264004,40.523325,-79.964938,1525.0,90.7,1.0,4,72.7,0.908,4,90.7,1.0,4,72.7,0.908,4,-18.0
"Shaler township (Allegheny, PA)",Oakland,420034267002,40.520826,-79.94411,1594.0,,0.0,0,,0.0,0,,0.0,0,,0.0,0,
"Shaler township (Allegheny, PA)",Oakland,420034268001,40.549771,-79.949747,1350.0,,0.0,0,,0.0,0,,0.0,0,,0.0,0,
"Shaler township (Allegheny, PA)",Oakland,420034268002,40.542097,-79.950388,2376.0,,0.0,0,,0.0,0,,0.0,0,,0.0,0,
"Shaler township (Allegheny, PA)",Oakland,420034268003,40.535516,-79.945715,1424.0,,0.0,0,,0.0,0,,0.0,0,,0.0,0,
"Shaler township (Allegheny, PA)",Oakland,420034271003,40.516392,-79.975276,1930.0,,0.0,0,,0.0,0,,0.0,0,,0.0,0,
"Shaler township (Allegheny, PA)",Oakland,420034272001,40.499459,-79.957886,1257.0,,0.0,0,,0.0,0,,0.0,0,,0.0,0,
"Shaler township (Allegheny, PA)",Oakland,420034272002,40.49947,-79.972435,1194.0,,0.0,0,,0.0,0,,0.0,0,,0.0,0,
"Shaler township (Allegheny, PA)",Oakland,420034272003,40.493152,-79.962704,1378.0,79.7,1.0,4,56.7,1.0,4,79.7,1.0,4,56.7,1.0,4,-23.0
"Sharpsburg borough (Allegheny, PA)",Downtown,420034212001,40.508823,-79.927499,1868.0,,0.0,0,,0.0,0,,0.0,0,,0.0,0,
"Sharpsburg borough (Allegheny, PA)",Downtown,420034212002,40.505881,-79.915818,1101.0,,0.0,0,,0.0,0,,0.0,0,,0.0,0,
"Sharpsburg borough (Allegheny, PA)",Downtown,420034230001,40.497205,-79.904938,991.0,,0.0,0,,0.0,0,,0.0,0,,0.0,0,
"Sharpsburg borough (Allegheny, PA)",Downtown,420034240001,40.495373,-79.919939,842.0,42.8,1.0,9,39.9,1.0,9,42.8,1.0,9,39.9,1.0,9,-2.9
"Sharpsburg borough (Allegheny, PA)",Downtown,420034240002,40.494721,-79.922939,604.0,40.1,1.0,12,38.9,1.0,12,40.1,1.0,12,38.9,1.0,12,-1.2
"Sharpsburg borough (Allegheny, PA)",Downtown,420034240003,40.494613,-79.934635,753.0,38.1,1.0,14,36.9,1.0,14,38.1,1.0,14,36.9,1.0,14,-1.2
"Sharpsburg borough (Allegheny, PA)",Downtown,420034240004,40.496333,-79.931511,988.0,40.1,1.0,12,38.9,1.0,12,40.1,1.0,12,38.9,1.0,12,-1.2
"Sharpsburg borough (Allegheny, PA)",Oakland,420034212001,40.508823,-79.927499,1868.0,,0.0,0,,0.0,0,,0.0,0,,0.0,0,
"Sharpsburg borough (Allegheny, PA)",Oakland,420034212002,40.505881,-79.915818,1101.0,,0.0,0,,0.0,0,,0.0,0,,0.0,0,
"Sharpsburg borough (Allegheny, PA)",Oakland,420034230001,40.497205,-79.904938,991.0,,0.0,0,,0.0,0,,0.0,0,,0.0,0,
"Sharpsburg borough (Allegheny, PA)",Oakland,420034240001,40.495373,-79.919939,842.0,56.6,1.0,9,52.2,1.0,9,57.6,1.0,9,52.2,1.0,9,-4.4
"Sharpsburg borough (Allegheny, PA)",Oakland,420034240002,40.494721,-79.922939,604.0,54.5,1.0,12,51.6,1.0,12,55.4,1.0,12,51.6,1.0,12,-2.9
"Sharpsburg borough (Allegheny, PA)",Oakland,420034240003,40.494613,-79.934635,753.0,51.6,1.0,14,51.2,1.0,14,53.4,1.0,14,51.2,1.0,14,-0.4
"Sharpsburg borough (Allegheny, PA)",Oakland,420034240004,40.496333,-79.931511,988.0,54.5,1.0,12,52.6,1.0,12,55.4,1.0,12,52.6,1.0,12,-1.9
Sheraden,Downtown,420032022001,40.452412,-80.063982,1299.0,34.4,1.0,19,40.4,1.0,19,35.4,1.0,19,42.0,1.0,19,6.0
Sheraden,Downtown,420032022002,40.455165,-80.062782,549.0,33.4,1.0,20,39.0,1.0,20,33.4,1.0,20,39.4,1.0,20,5.6
Sheraden,Downtown,420032022003,40.458386,-80.063829,702.0,33.4,1.0,11,36.0,1.0,9,33.4,1.0,11,40.0,1.0,9,2.6
Sheraden,Downtown,420035625001,40.457814,-80.049704,915.0,25.4,1.0,2,27.4,1.0,2,25.4,1.0,2,27.4,1.0,2,2.0
Sheraden,Downtown,420035625002,40.454997,-80.050946,872.0,22.2,1.0,8,19.4,1.0,8,22.2,1.0,8,19.4,1.0,8,-2.8
Sheraden,Downtown,420035625003,40.457388,-80.055536,1132.0,39.4,1.0,2,42.0,1.0,2,41.4,1.0,2,42.0,1.0,2,2.6
Sheraden,Oakland,420032022001,40.452412,-80.063982,1299.0,55.7,1.0,19,58.7,1.0,19,57.7,1.0,19,61.7,1.0,19,3.0
Sheraden,Oakland,420032022002,40.455165,-80.062782,549.0,54.7,1.0,20,56.7,1.0,20,55.7,1.0,20,58.7,1.0,20,2.0
Sheraden,Oakland,420032022003,40.458386,-80.063829,702.0,54.7,1.0,11,53.7,1.0,9,55.7,1.0,11,58.7,1.0,9,-1.0
Sheraden,Oakland,420035625001,40.457814,-80.049704,915.0,48.7,1.0,2,45.7,1.0,2,48.7,1.0,2,45.7,1.0,2,-3.0
Sheraden,Oakland,420035625002,40.454997,-80.050946,872.0,41.7,1.0,8,38.7,1.0,8,41.7,1.0,8,38.7,1.0,8,-3.0
Sheraden,Oakland,420035625003,40.457388,-80.055536,1132.0,58.7,1.0,2,59.7,1.0,2,60.7,1.0,2,59.7,1.0,2,1.0
South Oakland,Downtown,420030406001,40.437694,-79.952636,1174.0,,0.0,0,32.7,1.0,4,,0.0,0,35.5,1.0,4,
South Oakland,Downtown,420030406002,40.435629,-79.954032,880.0,33.8,1.0,4,25.7,1.0,10,35.4,1.0,4,31.5,1.0,10,-8.1
South Oakland,Downtown,420030409001,40.435889,-79.961799,1606.0,19.4,1.0,16,16.2,1.0,17,19.4,1.0,16,16.2,1.0,17,-3.2
South Oakland,Downtown,420030409002,40.432412,-79.955393,1096.0,24.4,1.0,4,24.5,1.0,11,24.4,1.0,4,25.5,1.0,11,0.1
South Oakland,Downtown,420030409003,40.431051,-79.952629,624.0,,0.0,0,33.5,1.0,2,,0.0,0,36.5,1.0,2,
"South Park township (Allegheny, PA)",Downtown,420034900031,40.307937,-79.986701,914.0,,0.0,0,,0.0,0,,0.0,0,,0.0,0,
"South Park township (Allegheny, PA)",Downtown,420034900033,40.319637,-79.988776,1537.0,75.4,0.333,3,,0.0,0,75.4,0.333,3,,0.0,0,
"South Park township (Allegheny, PA)",Oakland,420034900031,40.307937,-79.986701,914.0,,0.0,0,,0.0,0,,0.0,0,,0.0,0,
"South Park township (Allegheny, PA)",Oakland,420034900033,40.319637,-79.988776,1537.0,99.6,0.333,3,,0.0,0,99.6,0.333,3,,0.0,0,
South Shore,Downtown,420039807001,40.431565,-80.00213,29.0,9.8,1.0,11,9.5,1.0,13,9.8,1.0,11,9.5,1.0,13,-0.3
South Shore,Oakland,420039807001,40.431565,-80.00213,29.0,33.6,1.0,11,27.7,1.0,13,34.6,1.0,11,27.7,1.0,13,-5.9
South Side Flats,Downtown,420031609001,40.428992,-79.970552,1151.0,32.8,1.0,12,25.7,1.0,13,32.8,1.0,12,27.2,1.0,13,-7.1
South Side Flats,Downtown,420031609002,40.425325,-79.966091,1410.0,34.8,1.0,20,28.5,1.0,20,34.8,1.0,20,29.2,1.0,20,-6.3
South Side Flats,Downtown,420031609003,40.426963,-79.973971,922.0,30.8,1.0,10,25.5,1.0,11,30.8,1.0,10,27.5,1.0,11,-5.3
South Side Flats,Downtown,420031702001,40.429035,-79.987804,774.0,15.8,1.0,8,17.5,1.0,8,15.8,1.0,8,17.5,1.0,8,1.7
South Side Flats,Downtown,420031702002,40.430229,-79.98004,825.0,19.8,1.0,15,21.5,1.0,15,19.8,1.0,15,21.5,1.0,15,1.7
South Side Flats,Downtown,420031702003,40.427141,-79.985016,1249.0,18.8,1.0,10,20.5,1.0,9,18.8,1.0,10,20.5,1.0,9,1.7
South Side Flats,Downtown,420031702004,40.427159,-79.97966,1136.0,19.8,1.0,17,21.5,1.0,17,19.8,1.0,17,21.5,1.0,17,1.7
South Side Flats,Oakland,420031609001,40.428992,-79.970552,1151.0,20.6,1.0,12,19.8,1.0,13,20.6,1.0,12,19.8,1.0,13,-0.8
South Side Flats,Oakland,420031609002,40.425325,-79.966091,1410.0,26.6,1.0,20,21.7,1.0,20,26.6,1.0,20,21.7,1.0,20,-4.9
South Side Flats,Oakland,420031609003,40.426963,-79.973971,922.0,20.6,1.0,10,19.8,1.0,11,20.6,1.0,10,19.8,1.0,11,-0.8
South Side Flats,Oakland,420031702001,40.429035,-79.987804,774.0,31.6,1.0,8,32.7,1.0,8,32.6,1.0,8,32.7,1.0,8,1.1
South Side Flats,Oakland,420031702002,40.430229,-79.98004,825.0,22.6,1.0,15,21.8,1.0,15,22.6,1.0,15,21.8,1.0,15,-0.8
South Side Flats,Oakland,420031702003,40.427141,-79.985016,1249.0,27.6,1.0,10,29.4,1.0,9,27.6,1.0,10,30.7,1.0,9,1.8
South Side Flats,Oakland,420031702004,40.427159,-79.97966,1136.0,22.6,1.0,17,21.4,1.0,17,22.6,1.0,17,21.7,1.0,17,-1.2
South Side Slopes,Downtown,420031608001,40.42141,-79.970302,1872.0,36.8,1.0,5,34.5,1.0,5,36.8,1.0,5,34.5,1.0,5,-2.3
South Side Slopes,Downtown,420031608002,40.419412,-79.969622,680.0,37.8,1.0,8,35.5,1.0,8,37.8,1.0,8,35.5,1.0,8,-2.3
South Side Slopes,Downtown,420031706001,40.423962,-79.983335,1132.0,21.8,1.0,8,24.5,1.0,8,21.8,1.0,8,24.5,1.0,8,2.7
South Side Slopes,Downtown,420031706002,40.420284,-79.98464,643.0,24.8,1.0,16,25.5,1.0,15,24.8,1.0,16,25.5,1.0,15,0.7
South Side Slopes,Oakland,420031608001,40.42141,-79.970302,1872.0,42.6,1.0,5,33.7,1.0,5,43.6,1.0,5,33.7,1.0,5,-8.9
South Side Slopes,Oakland,420031608002,40.419412,-79.969622,680.0,43.6,1.0,8,38.4,1.0,8,44.6,1.0,8,38.7,1.0,8,-5.2
South Side Slopes,Oakland,420031706001,40.423962,-79.983335,1132.0,26.6,1.0,8,31.4,1.0,8,26.6,1.0,8,33.7,1.0,8,4.8
South Side Slopes,Oakland,420031706002,40.420284,-79.98464,643.0,28.6,1.0,16,32.4,1.0,15,28.6,1.0,16,34.7,1.0,15,3.8
Spring Garden,Downtown,420032413002,40.461328,-79.986382,1068.0,34.4,1.0,13,30.8,1.0,19,34.4,1.0,13,30.8,1.0,19,-3.6
Spring Garden,Oakland,420032413002,40.461328,-79.986382,1068.0,59.7,1.0,13,51.7,1.0,19,59.7,1.0,13,52.7,1.0,19,-8.0
Spring Hill-City View,Downtown,420032413003,40.465038,-79.990001,750.0,30.4,1.0,12,31.8,1.0,14,30.4,1.0,12,31.8,1.0,14,1.4
Spring Hill-City View,Downtown,420032620001,40.463242,-79.993023,1083.0,29.4,1.0,15,30.8,1.0,17,29.4,1.0,15,30.8,1.0,17,1.4
Spring Hill-City View,Downtown,420032620002,40.467745,-79.993097,726.0,36.8,1.0,12,34.4,1.0,12,36.8,1.0,12,34.4,1.0,12,-2.4
Spring Hill-City View,Downtown,420032620003,40.468995,-79.993826,591.0,37.8,1.0,12,35.4,1.0,14,37.8,1.0,12,35.4,1.0,14,-2.4
Spring Hill-City View,Oakland,420032413003,40.465038,-79.990001,750.0,55.7,1.0,12,52.7,1.0,14,55.7,1.0,12,52.7,1.0,14,-3.0
Spring Hill-City View,Oakland,420032620001,40.463242,-79.993023,1083.0,54.7,1.0,15,51.7,1.0,17,54.7,1.0,15,51.7,1.0,17,-3.0
Spring Hill-City View,Oakland,420032620002,40.467745,-79.993097,726.0,60.7,1.0,12,54.7,1.0,12,60.7,1.0,12,54.7,1.0,12,-6.0
Spring Hill-City View,Oakland,420032620003,40.468995,-79.993826,591.0,61.7,1.0,12,55.7,1.0,14,61.7,1.0,12,55.7,1.0,14,-6.0
"Springdale borough (Allegheny, PA)",Downtown,420034160002,40.553542,-79.790235,709.0,,0.0,0,,0.0,0,,0.0,0,,0.0,0,
"Springdale borough (Allegheny, PA)",Downtown,420034171001,40.543724,-79.778058,806.0,74.8,1.0,8,80.0,1.0,8,74.8,1.0,8,80.0,1.0,8,5.2
"Springdale borough (Allegheny, PA)",Downtown,420034171002,40.542741,-79.78588,748.0,71.9,1.0,8,78.0,1.0,8,71.9,1.0,8,78.0,1.0,8,6.1
"Springdale borough (Allegheny, PA)",Downtown,420034171003,40.545227,-79.788479,612.0,,0.0,0,,0.0,0,,0.0,0,,0.0,0,
"Springdale borough (Allegheny, PA)",Downtown,420034172001,40.539732,-79.781506,1234.0,72.8,1.0,8,78.7,1.0,8,72.8,1.0,8,78.7,1.0,8,5.9
"Springdale borough (Allegheny, PA)",Oakland,420034160002,40.553542,-79.790235,709.0,,0.0,0,,0.0,0,,0.0,0,,0.0,0,
"Springdale borough (Allegheny, PA)",Oakland,420034171001,40.543724,-79.778058,806.0,86.4,1.0,8,79.6,1.0,8,86.4,1.0,8,81.6,1.0,8,-6.8
"Springdale borough (Allegheny, PA)",Oakland,420034171002,40.542741,-79.78588,748.0,83.4,1.0,8,77.6,1.0,8,83.4,1.0,8,79.6,1.0,8,-5.8
"Springdale borough (Allegheny, PA)",Oakland,420034171003,40.545227,-79.788479,612.0,,0.0,0,,0.0,0,,0.0,0,,0.0,0,
"Springdale borough (Allegheny, PA)",Oakland,420034172001,40.539732,-79.781506,1234.0,84.4,1.0,8,78.6,1.0,8,84.4,1.0,8,79.6,1.0,8,-5.8
"Springdale township (Allegheny, PA)",Downtown,420035261011,40.542971,-79.749478,686.0,,0.0,0,,0.0,0,,0.0,0,,0.0,0,
"Springdale township (Allegheny, PA)",Oakland,420035261011,40.542971,-79.749478,686.0,,0.0,0,,0.0,0,,0.0,0,,0.0,0,
Squirrel Hill North,Downtown,420030709003,40.448451,-79.944658,762.0,29.8,1.0,13,27.7,1.0,10,29.9,1.0,13,28.7,1.0,10,-2.1
Squirrel Hill North,Downtown,420031401001,40.444854,-79.940522,3647.0,29.8,1.0,15,23.7,1.0,13,29.8,1.0,15,23.7,1.0,13,-6.1
Squirrel Hill North,Downtown,420031401002,40.441164,-79.934855,1921.0,31.8,1.0,7,25.7,1.0,7,31.8,1.0,7,25.7,1.0,7,-6.1
Squirrel Hill North,Downtown,420031401003,40.43887,-79.937816,11.0,33.8,1.0,5,27.7,1.0,5,33.8,1.0,5,27.7,1.0,5,-6.1
Squirrel Hill North,Downtown,420031402001,40.448989,-79.924069,1305.0,33.8,1.0,12,32.7,1.0,8,34.9,1.0,12,32.7,1.0,8,-1.1
Squirrel Hill North,Downtown,420031402002,40.447307,-79.930192,1466.0,32.8,1.0,15,31.7,1.0,11,33.6,1.0,15,31.7,1.0,11,-1.1
Squirrel Hill North,Downtown,420031403001,40.444285,-79.914282,793.0,41.2,1.0,8,40.7,1.0,8,41.6,1.0,8,40.7,1.0,8,-0.5
Squirrel Hill North,Downtown,420031403002,40.439801,-79.923684,949.0,35.3,1.0,16,29.7,1.0,10,35.3,1.0,16,29.7,1.0,10,-5.6
Squirrel Hill North,Downtown,420031403003,40.442573,-79.923909,783.0,38.6,1.0,24,35.7,1.0,16,39.3,1.0,24,35.7,1.0,16,-2.9
Squirrel Hill North,Downtown,420031403004,40.439519,-79.91457,84.0,39.8,1.0,7,34.7,1.0,4,39.8,1.0,7,34.7,1.0,4,-5.1
Squirrel Hill North,Downtown,420031403005,40.440482,-79.916856,920.0,39.3,1.0,11,35.7,1.0,11,39.3,1.0,11,35.7,1.0,11,-3.6
Squirrel Hill North,Oakland,420030709003,40.448451,-79.944658,762.0,12.6,1.0,13,11.6,1.0,10,12.6,1.0,13,11.6,1.0,10,-1.0
Squirrel Hill North,Oakland,420031401001,40.444854,-79.940522,3647.0,13.6,1.0,15,12.6,1.0,13,13.6,1.0,15,12.6,1.0,13,-1.0
Squirrel Hill North,Oakland,420031401002,40.441164,-79.934855,1921.0,15.4,1.0,7,14.6,1.0,7,15.4,1.0,7,14.6,1.0,7,-0.8
Squirrel Hill North,Oakland,420031401003,40.43887,-79.937816,11.0,17.4,1.0,5,16.6,1.0,5,17.4,1.0,5,16.6,1.0,5,-0.8
Squirrel Hill North,Oakland,420031402001,40.448989,-79.924069,1305.0,22.6,1.0,12,20.6,1.0,8,22.6,1.0,12,20.6,1.0,8,-2.0
Squirrel Hill North,Oakland,420031402002,40.447307,-79.930192,1466.0,18.6,1.0,15,17.6,1.0,11,18.6,1.0,15,17.6,1.0,11,-1.0
Squirrel Hill North,Oakland,420031403001,40.444285,-79.914282,793.0,37.4,1.0,8,26.6,1.0,8,37.4,1.0,8,26.6,1.0,8,-10.8
Squirrel Hill North,Oakland,420031403002,40.439801,-79.923684,949.0,19.4,1.0,16,19.6,1.0,10,19.4,1.0,16,19.6,1.0,10,0.2
Squirrel Hill North,Oakland,420031403003,40.442573,-79.923909,783.0,30.6,1.0,24,24.6,1.0,16,30.6,1.0,24,24.6,1.0,16,-6.0
Squirrel Hill North,Oakland,420031403004,40.439519,-79.91457,84.0,23.6,1.0,7,23.8,1.0,4,23.6,1.0,7,23.8,1.0,4,0.2
Squirrel Hill North,Oakland,420031403005,40.440482,-79.916856,920.0,24.6,1.0,11,24.6,1.0,11,24.6,1.0,11,24.6,1.0,11,0.0
Squirrel Hill South,Downtown,420031408001,40.432022,-79.91465,1993.0,52.2,1.0,12,45.4,1.0,7,53.4,1.0,12,46.2,1.0,7,-6.8
Squirrel Hill South,Downtown,420031408002,40.435301,-79.91954,1822.0,37.3,1.0,20,32.4,1.0,23,37.3,1.0,20,32.7,1.0,23,-4.9
Squirrel Hill South,Downtown,420031408003,40.430957,-79.92123,843.0,36.8,1.0,16,33.7,1.0,20,37.4,1.0,16,33.7,1.0,20,-3.1
Squirrel Hill South,Downtown,420031413001,40.435909,-79.928064,1461.0,35.8,1.0,14,28.7,1.0,12,35.8,1.0,14,28.7,1.0,12,-7.1
Squirrel Hill South,Downtown,420031413002,40.431687,-79.929667,1536.0,31.3,1.0,14,45.7,1.0,8,31.3,1.0,14,47.7,1.0,8,14.4
Squirrel Hill South,Downtown,420031413003,40.432213,-79.925762,2051.0,37.4,1.0,20,33.7,1.0,16,37.8,1.0,20,33.7,1.0,16,-3.7
Squirrel Hill South,Downtown,420031414002,40.424426,-79.920462,671.0,52.8,1.0,3,54.9,1.0,3,53.8,1.0,3,54.9,1.0,3,2.1
Squirrel Hill South,Downtown,420031414003,40.426866,-79.91923,1033.0,49.8,1.0,8,42.7,1.0,11,50.8,1.0,8,43.7,1.0,11,-7.1
Squirrel Hill South,Downtown,420031414005,40.428158,-79.923651,966.0,34.3,1.0,12,34.7,1.0,11,34.3,1.0,12,34.7,1.0,11,0.4
Squirrel Hill South,Oakland,420031408001,40.432022,-79.91465,1993.0,39.6,1.0,12,34.7,1.0,7,42.6,1.0,12,35.6,1.0,7,-4.9
Squirrel Hill South,Oakland,420031408002,40.435301,-79.91954,1822.0,22.4,1.0,20,21.6,1.0,23,22.4,1.0,20,21.6,1.0,23,-0.8
Squirrel Hill South,Oakland,420031408003,40.430957,-79.92123,843.0,25.4,1.0,16,23.6,1.0,20,25.4,1.0,16,23.6,1.0,20,-1.8
Squirrel Hill South,Oakland,420031413001,40.435909,-79.928064,1461.0,19.4,1.0,14,18.6,1.0,12,19.4,1.0,14,18.6,1.0,12,-0.8
Squirrel Hill South,Oakland,420031413002,40.431687,-79.929667,1536.0,33.6,1.0,14,35.4,1.0,8,36.0,1.0,14,35.6,1.0,8,1.8
Squirrel Hill South,Oakland,420031413003,40.432213,-79.925762,2051.0,25.4,1.0,20,23.4,1.0,16,25.4,1.0,20,23.6,1.0,16,-2.0
Squirrel Hill South,Oakland,420031414002,40.424426,-79.920462,671.0,43.6,1.0,3,49.6,1.0,3,43.6,1.0,3,49.6,1.0,3,6.0
Squirrel Hill South,Oakland,420031414003,40.426866,-79.91923,1033.0,40.6,1.0,8,34.4,1.0,11,40.6,1.0,8,34.6,1.0,11,-6.2
Squirrel Hill South,Oakland,420031414005,40.428158,-79.923651,966.0,26.4,1.0,12,24.6,1.0,11,26.4,1.0,12,24.6,1.0,11,-1.8
St. Clair,Downtown,,40.410562,-79.973745,,54.5,1.0,8,43.5,1.0,5,54.8,1.0,8,43.5,1.0,5,-11.0
St. Clair,Oakland,,40.410562,-79.973745,,67.6,1.0,8,49.7,1.0,5,67.6,1.0,8,49.7,1.0,5,-17.9
Stanton Heights,Downtown,420031005002,40.478488,-79.939658,1229.0,55.8,1.0,10,43.9,1.0,10,55.8,1.0,10,43.9,1.0,10,-11.9
Stanton Heights,Downtown,420031018001,40.483418,-79.934467,953.0,55.8,1.0,4,45.9,1.0,4,55.8,1.0,4,45.9,1.0,4,-9.9
Stanton Heights,Downtown,420031018002,40.483762,-79.939239,1461.0,54.8,1.0,6,43.9,1.0,6,54.8,1.0,6,43.9,1.0,6,-10.9
Stanton Heights,Oakland,420031005002,40.478488,-79.939658,1229.0,56.6,1.0,10,48.6,1.0,10,56.6,1.0,10,51.5,1.0,10,-8.0
Stanton Heights,Oakland,420031018001,40.483418,-79.934467,953.0,56.6,1.0,4,48.6,1.0,4,56.6,1.0,4,51.8,1.0,4,-8.0
Stanton Heights,Oakland,420031018002,40.483762,-79.939239,1461.0,55.6,1.0,6,47.6,1.0,6,55.6,1.0,6,50.6,1.0,6,-8.0
"Stowe township (Allegheny, PA)",Downtown,420034621001,40.483665,-80.067164,521.0,48.4,1.0,4,45.4,1.0,4,48.4,1.0,4,45.4,1.0,4,-3.0
"Stowe township (Allegheny, PA)",Downtown,420034621002,40.487214,-80.085284,605.0,,0.0,0,,0.0,0,,0.0,0,,0.0,0,
"Stowe township (Allegheny, PA)",Downtown,420034621003,40.48061,-80.074898,1398.0,46.4,1.0,10,46.4,1.0,10,47.4,1.0,10,46.6,1.0,10,0.0
"Stowe township (Allegheny, PA)",Downtown,420034626001,40.473091,-80.068778,1002.0,38.0,1.0,6,34.4,1.0,6,38.0,1.0,6,34.6,1.0,6,-3.6
"Stowe township (Allegheny, PA)",Downtown,420034626002,40.475637,-80.07644,873.0,38.4,1.0,10,35.4,1.0,10,38.4,1.0,10,35.4,1.0,10,-3.0
"Stowe township (Allegheny, PA)",Downtown,420034626003,40.474047,-80.078903,751.0,40.0,1.0,10,36.4,1.0,10,40.0,1.0,10,36.4,1.0,10,-3.6
"Stowe township (Allegheny, PA)",Downtown,420034626004,40.471495,-80.07508,1276.0,41.4,1.0,7,37.4,1.0,7,41.4,1.0,7,37.4,1.0,7,-4.0
"Stowe township (Allegheny, PA)",Oakland,420034621001,40.483665,-80.067164,521.0,73.7,1.0,4,62.7,1.0,4,73.7,1.0,4,62.7,1.0,4,-11.0
"Stowe township (Allegheny, PA)",Oakland,420034621002,40.487214,-80.085284,605.0,,0.0,0,,0.0,0,,0.0,0,,0.0,0,
"Stowe township (Allegheny, PA)",Oakland,420034621003,40.48061,-80.074898,1398.0,67.7,1.0,10,62.7,1.0,10,69.7,1.0,10,65.7,1.0,10,-5.0
"Stowe township (Allegheny, PA)",Oakland,420034626001,40.473091,-80.068778,1002.0,61.7,1.0,6,52.7,1.0,6,61.7,1.0,6,53.7,1.0,6,-9.0
"Stowe township (Allegheny, PA)",Oakland,420034626002,40.475637,-80.07644,873.0,62.7,1.0,10,53.4,1.0,10,62.7,1.0,10,53.7,1.0,10,-9.3
"Stowe township (Allegheny, PA)",Oakland,420034626003,40.474047,-80.078903,751.0,63.7,1.0,10,56.7,1.0,10,63.7,1.0,10,56.7,1.0,10,-7.0
"Stowe township (Allegheny, PA)",Oakland,420034626004,40.471495,-80.07508,1276.0,64.7,1.0,7,57.7,1.0,7,64.7,1.0,7,57.7,1.0,7,-7.0
Strip District,Downtown,420030203001,40.456719,-79.97972,1845.0,19.8,1.0,7,15.9,1.0,7,19.8,1.0,7,15.9,1.0,7,-3.9
Strip District,Oakland,420030203001,40.456719,-79.97972,1845.0,38.6,1.0,7,34.2,1.0,7,38.7,1.0,7,34.5,1.0,7,-4.4
Summer Hill,Downtown,420032613002,40.494512,-80.009769,998.0,36.8,1.0,11,45.2,1.0,2,36.8,1.0,11,45.5,1.0,2,8.4
Summer Hill,Oakland,420032613002,40.494512,-80.009769,998.0,62.6,1.0,11,67.4,1.0,2,62.7,1.0,11,67.7,1.0,2,4.8
Swisshelm Park,Downtown,420031411001,40.421479,-79.903142,1339.0,54.8,1.0,3,55.7,1.0,3,58.4,1.0,3,56.5,1.0,3,0.9
Swisshelm Park,Oakland,420031411001,40.421479,-79.903142,1339.0,59.6,1.0,3,52.6,1.0,3,59.6,1.0,3,52.6,1.0,3,-7.0
"Swissvale borough (Allegheny, PA)",Downtown,420031412001,40.427746,-79.900219,21.0,,0.0,0,,0.0,0,,0.0,0,,0.0,0,
"Swissvale borough (Allegheny, PA)",Downtown,420035151001,40.418621,-79.874912,703.0,41.8,1.0,2,46.7,1.0,4,43.8,1.0,2,46.7,1.0,4,4.9
"Swissvale borough (Allegheny, PA)",Downtown,420035151002,40.418101,-79.88203,1209.0,30.8,1.0,16,34.0,1.0,16,30.8,1.0,16,34.0,1.0,16,3.2
"Swissvale borough (Allegheny, PA)",Downtown,420035151003,40.421175,-79.882001,654.0,41.9,1.0,10,45.7,1.0,10,43.8,1.0,10,47.7,1.0,10,3.8
"Swissvale borough (Allegheny, PA)",Downtown,420035152002,40.424599,-79.882789,1065.0,39.8,1.0,15,41.9,1.0,15,42.4,1.0,15,44.7,1.0,15,2.1
"Swissvale borough (Allegheny, PA)",Downtown,420035153001,40.419671,-79.888987,675.0,28.8,1.0,21,31.9,1.0,23,28.8,1.0,21,31.9,1.0,23,3.1
"Swissvale borough (Allegheny, PA)",Downtown,420035153002,40.420233,-79.892432,1059.0,41.8,1.0,15,45.7,1.0,13,50.3,1.0,15,50.7,1.0,13,3.9
"Swissvale borough (Allegheny, PA)",Downtown,420035154011,40.424206,-79.891855,881.0,41.8,1.0,16,44.7,1.0,12,47.4,1.0,16,48.7,1.0,12,2.9
"Swissvale borough (Allegheny, PA)",Downtown,420035154012,40.422568,-79.896976,632.0,52.8,1.0,12,56.5,1.0,7,55.4,1.0,12,56.7,1.0,7,3.7
"Swissvale borough (Allegheny, PA)",Downtown,420035154013,40.430387,-79.894793,777.0,44.8,1.0,11,43.7,1.0,8,46.8,1.0,11,45.7,1.0,8,-1.1
"Swissvale borough (Allegheny, PA)",Oakland,420031412001,40.427746,-79.900219,21.0,,0.0,0,,0.0,0,,0.0,0,,0.0,0,
"Swissvale borough (Allegheny, PA)",Oakland,420035151001,40.418621,-79.874912,703.0,48.6,1.0,2,46.6,1.0,4,49.4,1.0,2,47.6,1.0,4,-2.0
"Swissvale borough (Allegheny, PA)",Oakland,420035151002,40.418101,-79.88203,1209.0,38.4,1.0,16,34.6,1.0,16,38.4,1.0,16,34.6,1.0,16,-3.8
"Swissvale borough (Allegheny, PA)",Oakland,420035151003,40.421175,-79.882001,654.0,47.6,1.0,10,42.6,1.0,10,48.4,1.0,10,43.6,1.0,10,-5.0
"Swissvale borough (Allegheny, PA)",Oakland,420035152002,40.424599,-79.882789,1065.0,44.6,1.0,15,41.6,1.0,15,45.6,1.0,15,41.8,1.0,15,-3.0
"Swissvale borough (Allegheny, PA)",Oakland,420035153001,40.419671,-79.888987,675.0,34.6,1.0,21,31.6,1.0,23,34.6,1.0,21,31.6,1.0,23,-3.0
"Swissvale borough (Allegheny, PA)",Oakland,420035153002,40.420233,-79.892432,1059.0,41.6,1.0,15,40.6,1.0,13,42.6,1.0,15,40.6,1.0,13,-1.0
"Swissvale borough (Allegheny, PA)",Oakland,420035154011,40.424206,-79.891855,881.0,38.6,1.0,16,37.6,1.0,12,38.6,1.0,16,37.6,1.0,12,-1.0
"Swissvale borough (Allegheny, PA)",Oakland,420035154012,40.422568,-79.896976,632.0,57.6,1.0,12,52.6,1.0,7,57.6,1.0,12,52.7,1.0,7,-5.0
"Swissvale borough (Allegheny, PA)",Oakland,420035154013,40.430387,-79.894793,777.0,35.6,1.0,11,35.6,1.0,8,35.6,1.0,11,35.6,1.0,8,0.0
"Tarentum borough (Allegheny, PA)",Downtown,420034035001,40.604084,-79.763076,862.0,,0.0,0,,0.0,0,,0.0,0,,0.0,0,
"Tarentum borough (Allegheny, PA)",Downtown,420034035002,40.60717,-79.753222,708.0,76.9,0.308,9,151.7,1.0,6,76.9,0.308,9,151.7,1.0,6,74.8
"Tarentum borough (Allegheny, PA)",Downtown,420034035003,40.604551,-79.752465,1147.0,98.8,1.0,15,148.7,1.0,9,98.8,1.0,15,148.9,1.0,9,49.9
"Tarentum borough (Allegheny, PA)",Downtown,420034035004,40.602137,-79.749851,934.0,98.8,1.0,9,106.7,1.0,11,98.8,1.0,9,107.9,1.0,11,7.9
"Tarentum borough (Allegheny, PA)",Downtown,420034035005,40.599713,-79.762803,701.0,91.8,1.0,7,102.0,1.0,6,91.8,1.0,7,103.0,1.0,6,10.2
"Tarentum borough (Allegheny, PA)",Downtown,421298004001,40.588624,-79.757192,1405.0,,0.0,0,145.7,1.0,4,,0.0,0,145.9,1.0,4,
"Tarentum borough (Allegheny, PA)",Downtown,421298011004,40.592871,-79.742646,1144.0,,0.0,0,,0.0,0,,0.0,0,,0.0,0,
"Tarentum borough (Allegheny, PA)",Oakland,420034035001,40.604084,-79.763076,862.0,,0.0,0,,0.0,0,,0.0,0,,0.0,0,
"Tarentum borough (Allegheny, PA)",Oakland,420034035002,40.60717,-79.753222,708.0,84.6,0.308,9,142.6,1.0,6,84.6,0.308,9,148.6,1.0,6,58.0
"Tarentum borough (Allegheny, PA)",Oakland,420034035003,40.604551,-79.752465,1147.0,115.7,1.0,15,139.6,1.0,9,115.7,1.0,15,145.6,1.0,9,23.9
"Tarentum borough (Allegheny, PA)",Oakland,420034035004,40.602137,-79.749851,934.0,115.7,1.0,9,106.6,1.0,11,115.7,1.0,9,108.6,1.0,11,-9.1
"Tarentum borough (Allegheny, PA)",Oakland,420034035005,40.599713,-79.762803,701.0,107.7,1.0,7,102.6,1.0,6,107.7,1.0,7,104.6,1.0,6,-5.1
"Tarentum borough (Allegheny, PA)",Oakland,421298004001,40.588624,-79.757192,1405.0,,0.0,0,136.6,1.0,4,,0.0,0,142.6,1.0,4,
"Tarentum borough (Allegheny, PA)",Oakland,421298011004,40.592871,-79.742646,1144.0,,0.0,0,,0.0,0,,0.0,0,,0.0,0,
Terrace Village,Downtown,420030402001,40.439298,-79.968619,1044.0,17.8,1.0,24,15.7,1.0,20,17.8,1.0,24,15.7,1.0,20,-2.1
Terrace Village,Downtown,420030510001,40.441264,-79.970119,896.0,30.8,1.0,23,25.7,1.0,20,32.7,1.0,23,26.7,1.0,20,-5.1
Terrace Village,Downtown,420030510002,40.446081,-79.965639,807.0,25.7,1.0,18,23.7,1.0,16,26.7,1.0,18,23.8,1.0,16,-2.0
Terrace Village,Downtown,420030511001,40.441816,-79.976695,617.0,15.8,1.0,26,14.7,1.0,26,15.8,1.0,26,14.7,1.0,26,-1.1
Terrace Village,Oakland,420030402001,40.439298,-79.968619,1044.0,15.0,1.0,24,13.5,1.0,20,17.0,1.0,24,13.5,1.0,20,-1.5
Terrace Village,Oakland,420030510001,40.441264,-79.970119,896.0,15.0,1.0,23,13.5,1.0,20,17.0,1.0,23,13.5,1.0,20,-1.5
Terrace Village,Oakland,420030510002,40.446081,-79.965639,807.0,15.6,1.0,18,13.6,1.0,16,18.5,1.0,18,14.6,1.0,16,-2.0
Terrace Village,Oakland,420030511001,40.441816,-79.976695,617.0,21.6,1.0,26,18.6,1.0,26,26.6,1.0,26,21.5,1.0,26,-3.0
"Trafford borough (Allegheny, PA)",Downtown,420035214021,40.400478,-79.755798,1317.0,,0.0,0,,0.0,0,,0.0,0,,0.0,0,
"Trafford borough (Allegheny, PA)",Downtown,420035214022,40.404543,-79.745952,1285.0,,0.0,0,,0.0,0,,0.0,0,,0.0,0,
"Trafford borough (Allegheny, PA)",Oakland,420035214021,40.400478,-79.755798,1317.0,,0.0,0,,0.0,0,,0.0,0,,0.0,0,
"Trafford borough (Allegheny, PA)",Oakland,420035214022,40.404543,-79.745952,1285.0,,0.0,0,,0.0,0,,0.0,0,,0.0,0,
"Trafford borough (Westmoreland, PA)",Downtown,420035644007,40.382348,-79.767964,64.0,,0.0,0,,0.0,0,,0.0,0,,0.0,0,
"Trafford borough (Westmoreland, PA)",Downtown,421298022001,40.378645,-79.761292,636.0,,0.0,0,,0.0,0,,0.0,0,,0.0,0,
"Trafford borough (Westmoreland, PA)",Downtown,421298022002,40.384943,-79.757564,1754.0,91.9,1.0,4,,0.0,0,91.9,1.0,4,,0.0,0,
"Trafford borough (Westmoreland, PA)",Downtown,421298022003,40.391613,-79.741611,837.0,,0.0,0,,0.0,0,,0.0,0,,0.0,0,
"Trafford borough (Westmoreland, PA)",Oakland,420035644007,40.382348,-79.767964,64.0,,0.0,0,,0.0,0,,0.0,0,,0.0,0,
"Trafford borough (Westmoreland, PA)",Oakland,421298022001,40.378645,-79.761292,636.0,,0.0,0,,0.0,0,,0.0,0,,0.0,0,
"Trafford borough (Westmoreland, PA)",Oakland,421298022002,40.384943,-79.757564,1754.0,93.6,1.0,4,,0.0,0,94.4,1.0,4,,0.0,0,
"Trafford borough (Westmoreland, PA)",Oakland,421298022003,40.391613,-79.741611,837.0,,0.0,0,,0.0,0,,0.0,0,,0.0,0,
Troy Hill,Downtown,420032413001,40.463279,-79.983408,1577.0,29.8,1.0,22,24.8,1.0,20,29.8,1.0,22,24.8,1.0,20,-5.0
Troy Hill,Oakland,420032413001,40.463279,-79.983408,1577.0,53.7,1.0,22,44.7,1.0,20,54.7,1.0,22,44.7,1.0,20,-9.0
"Turtle Creek borough (Allegheny, PA)",Downtown,420035094001,40.412582,-79.819399,1316.0,67.2,1.0,7,79.7,1.0,9,67.4,1.0,7,79.7,1.0,9,12.5
"Turtle Creek borough (Allegheny, PA)",Downtown,420035094002,40.412431,-79.814362,1078.0,70.9,1.0,5,81.9,1.0,5,70.9,1.0,5,81.9,1.0,5,11.0
"Turtle Creek borough (Allegheny, PA)",Downtown,420035094003,40.407559,-79.817248,671.0,67.9,1.0,8,79.9,1.0,9,67.9,1.0,8,79.9,1.0,9,12.0
"Turtle Creek borough (Allegheny, PA)",Downtown,420035094004,40.405403,-79.821159,1095.0,59.9,1.0,14,70.0,1.0,16,59.9,1.0,14,70.0,1.0,16,10.1
"Turtle Creek borough (Allegheny, PA)",Downtown,420035094005,40.407813,-79.829127,954.0,57.8,1.0,6,70.7,1.0,6,57.8,1.0,6,70.7,1.0,6,12.9
"Turtle Creek borough (Allegheny, PA)",Downtown,420035200021,40.419615,-79.829186,1053.0,,0.0,0,,0.0,0,,0.0,0,,0.0,0,
"Turtle Creek borough (Allegheny, PA)",Oakland,420035094001,40.412582,-79.819399,1316.0,75.6,1.0,7,82.6,1.0,9,77.6,1.0,7,82.6,1.0,9,7.0
"Turtle Creek borough (Allegheny, PA)",Oakland,420035094002,40.412431,-79.814362,1078.0,78.6,1.0,5,84.6,1.0,5,80.4,1.0,5,84.6,1.0,5,6.0
"Turtle Creek borough (Allegheny, PA)",Oakland,420035094003,40.407559,-79.817248,671.0,76.5,1.0,8,82.6,1.0,9,77.6,1.0,8,82.6,1.0,9,6.1
"Turtle Creek borough (Allegheny, PA)",Oakland,420035094004,40.405403,-79.821159,1095.0,63.6,1.0,14,74.6,1.0,16,64.4,1.0,14,74.6,1.0,16,11.0
"Turtle Creek borough (Allegheny, PA)",Oakland,420035094005,40.407813,-79.829127,954.0,61.6,1.0,6,74.6,1.0,6,62.4,1.0,6,74.6,1.0,6,13.0
"Turtle Creek borough (Allegheny, PA)",Oakland,420035200021,40.419615,-79.829186,1053.0,,0.0,0,,0.0,0,,0.0,0,,0.0,0,
Upper Hill,Downtown,420030506001,40.454955,-79.960342,685.0,32.7,1.0,14,32.7,1.0,7,32.7,1.0,14,32.7,1.0,7,0.0
Upper Hill,Downtown,420030506002,40.451564,-79.959091,1038.0,28.7,1.0,24,26.8,1.0,20,28.7,1.0,24,26.8,1.0,20,-1.9
Upper Hill,Oakland,420030506001,40.454955,-79.960342,685.0,29.4,1.0,14,27.5,1.0,7,30.5,1.0,14,27.5,1.0,7,-1.9
Upper Hill,Oakland,420030506002,40.451564,-79.959091,1038.0,23.4,1.0,24,23.5,1.0,20,23.4,1.0,24,23.5,1.0,20,0.1
Upper Lawrenceville,Downtown,420031011001,40.479621,-79.951779,1234.0,36.9,1.0,20,30.9,1.0,17,37.1,1.0,20,30.9,1.0,17,-6.0
Upper Lawrenceville,Downtown,420031011002,40.481066,-79.952964,616.0,35.1,1.0,14,29.9,1.0,13,35.1,1.0,14,29.9,1.0,13,-5.2
Upper Lawrenceville,Downtown,420031011003,40.481283,-79.948571,544.0,37.9,1.0,13,32.9,1.0,15,38.1,1.0,13,32.9,1.0,15,-5.0
Upper Lawrenceville,Oakland,420031011001,40.479621,-79.951779,1234.0,42.6,1.0,20,38.6,1.0,17,42.6,1.0,20,38.6,1.0,17,-4.0
Upper Lawrenceville,Oakland,420031011002,40.481066,-79.952964,616.0,41.4,1.0,14,36.6,1.0,13,41.4,1.0,14,36.6,1.0,13,-4.8
Upper Lawrenceville,Oakland,420031011003,40.481283,-79.948571,544.0,43.4,1.0,13,39.6,1.0,15,43.4,1.0,13,39.6,1.0,15,-3.8
"Upper St. Clair township (Allegheny, PA)",Downtown,420034742011,40.346383,-80.08982,1249.0,,0.0,0,,0.0,0,,0.0,0,,0.0,0,
"Upper St. Clair township (Allegheny, PA)",Downtown,420034742012,40.34349,-80.098871,1385.0,,0.0,0,,0.0,0,,0.0,0,,0.0,0,
"Upper St. Clair township (Allegheny, PA)",Oakland,420034742011,40.346383,-80.08982,1249.0,,0.0,0,,0.0,0,,0.0,0,,0.0,0,
"Upper St. Clair township (Allegheny, PA)",Oakland,420034742012,40.34349,-80.098871,1385.0,,0.0,0,,0.0,0,,0.0,0,,0.0,0,
"Verona borough (Allegheny, PA)",Downtown,420035240001,40.505751,-79.839599,652.0,60.9,1.0,8,66.0,1.0,8,60.9,1.0,8,66.0,1.0,8,5.1
"Verona borough (Allegheny, PA)",Downtown,420035240002,40.502821,-79.841527,1124.0,58.9,1.0,7,64.9,1.0,7,58.9,1.0,7,64.9,1.0,7,6.0
"Verona borough (Allegheny, PA)",Downtown,420035240003,40.508077,-79.8382,716.0,79.9,1.0,1,,0.0,1,79.9,1.0,1,,0.0,1,
"Verona borough (Allegheny, PA)",Oakland,420035240001,40.505751,-79.839599,652.0,70.6,1.0,8,70.6,1.0,8,71.4,1.0,8,70.6,1.0,8,0.0
"Verona borough (Allegheny, PA)",Oakland,420035240002,40.502821,-79.841527,1124.0,68.6,1.0,7,69.6,1.0,7,69.6,1.0,7,69.6,1.0,7,1.0
"Verona borough (Allegheny, PA)",Oakland,420035240003,40.508077,-79.8382,716.0,93.6,1.0,1,,0.0,1,94.6,1.0,1,,0.0,1,
"Versailles borough (Allegheny, PA)",Downtown,420034962001,40.304469,-79.822452,1610.0,,0.0,0,,0.0,0,,0.0,0,,0.0,0,
"Versailles borough (Allegheny, PA)",Downtown,420035010001,40.318398,-79.83095,1476.0,133.3,1.0,8,,0.0,5,133.3,1.0,8,,0.0,5,
"Versailles borough (Allegheny, PA)",Oakland,420034962001,40.304469,-79.822452,1610.0,,0.0,0,,0.0,0,,0.0,0,,0.0,0,
"Versailles borough (Allegheny, PA)",Oakland,420035010001,40.318398,-79.83095,1476.0,132.4,1.0,8,,0.0,5,132.4,1.0,8,,0.0,5,
West End,Downtown,,40.441707,-80.03399,,20.4,1.0,14,17.4,1.0,14,20.4,1.0,14,17.4,1.0,14,-3.0
West End,Oakland,,40.441707,-80.03399,,42.7,1.0,14,36.7,1.0,14,42.7,1.0,14,38.7,1.0,14,-6.0
"West Homestead borough (Allegheny, PA)",Downtown,,40.405745,-79.919736,,44.3,1.0,4,58.5,1.0,4,44.3,1.0,4,58.5,1.0,4,14.2
"West Homestead borough (Allegheny, PA)",Oakland,,40.405745,-79.919736,,44.4,1.0,4,48.6,1.0,4,44.4,1.0,4,48.6,1.0,4,4.2
"West Mifflin borough (Allegheny, PA)",Downtown,420034881001,40.388039,-79.889773,1013.0,,0.0,0,,0.0,0,,0.0,0,,0.0,0,
"West Mifflin borough (Allegheny, PA)",Downtown,420034881002,40.385251,-79.883675,1136.0,59.3,1.0,4,55.9,0.658,6,59.3,1.0,4,55.9,0.658,6,-3.4
"West Mifflin borough (Allegheny, PA)",Downtown,420034882001,40.395471,-79.876588,1812.0,71.3,1.0,3,69.9,1.0,3,73.3,1.0,3,69.9,1.0,3,-1.4
"West Mifflin borough (Allegheny, PA)",Downtown,420034882002,40.385976,-79.874986,626.0,56.8,1.0,10,61.9,1.0,10,58.3,1.0,10,61.9,1.0,10,5.1
"West Mifflin borough (Allegheny, PA)",Downtown,420034882003,40.392671,-79.882459,1003.0,54.8,1.0,11,58.9,1.0,11,55.3,1.0,11,58.9,1.0,11,4.1
"West Mifflin borough (Allegheny, PA)",Downtown,420034883002,40.370671,-79.884516,948.0,,0.0,0,,0.0,0,,0.0,0,,0.0,0,
"West Mifflin borough (Allegheny, PA)",Downtown,420034884002,40.364646,-79.861537,963.0,62.3,1.0,15,76.5,1.0,12,62.3,1.0,15,76.5,1.0,12,14.2
"West Mifflin borough (Allegheny, PA)",Downtown,420034884003,40.360871,-79.859307,895.0,61.3,1.0,12,75.7,1.0,9,61.3,1.0,12,75.7,1.0,9,14.4
"West Mifflin borough (Allegheny, PA)",Downtown,420034884004,40.361033,-79.871199,1736.0,63.3,0.975,9,,0.0,0,63.3,0.975,9,,0.0,0,
"West Mifflin borough (Allegheny, PA)",Downtown,420034885001,40.36601,-79.924073,824.0,,0.0,0,,0.0,0,,0.0,0,,0.0,0,
"West Mifflin borough (Allegheny, PA)",Downtown,420034885002,40.358249,-79.914409,1286.0,57.4,1.0,4,56.2,1.0,4,57.4,1.0,4,56.2,1.0,4,-1.2
"West Mifflin borough (Allegheny, PA)",Downtown,420034885003,40.346437,-79.958032,632.0,55.8,1.0,4,54.8,1.0,4,55.8,1.0,4,54.8,1.0,4,-1.0
"West Mifflin borough (Allegheny, PA)",Downtown,420034886001,40.350305,-79.913863,649.0,,0.0,0,,0.0,0,,0.0,0,,0.0,0,
"West Mifflin borough (Allegheny, PA)",Downtown,420034886003,40.335962,-79.932567,1232.0,68.8,1.0,3,,0.0,0,68.8,1.0,3,,0.0,0,
"West Mifflin borough (Allegheny, PA)",Downtown,420034886004,40.342028,-79.925226,1870.0,77.3,1.0,2,79.2,1.0,2,77.3,1.0,2,79.2,1.0,2,1.9
"West Mifflin borough (Allegheny, PA)",Oakland,420034881001,40.388039,-79.889773,1013.0,,0.0,0,,0.0,0,,0.0,0,,0.0,0,
"West Mifflin borough (Allegheny, PA)",Oakland,420034881002,40.385251,-79.883675,1136.0,76.4,1.0,4,61.6,0.658,6,76.4,1.0,4,61.6,0.658,6,-14.8
"West Mifflin borough (Allegheny, PA)",Oakland,420034882001,40.395471,-79.876588,1812.0,77.4,1.0,3,64.6,1.0,3,77.4,1.0,3,64.6,1.0,3,-12.8
"West Mifflin borough (Allegheny, PA)",Oakland,420034882002,40.385976,-79.874986,626.0,66.7,1.0,10,62.6,1.0,10,67.4,1.0,10,62.6,1.0,10,-4.1
"West Mifflin borough (Allegheny, PA)",Oakland,420034882003,40.392671,-79.882459,1003.0,65.7,1.0,11,61.6,1.0,11,66.4,1.0,11,61.6,1.0,11,-4.1
"West Mifflin borough (Allegheny, PA)",Oakland,420034883002,40.370671,-79.884516,948.0,,0.0,0,,0.0,0,,0.0,0,,0.0,0,
"West Mifflin borough (Allegheny, PA)",Oakland,420034884002,40.364646,-79.861537,963.0,71.6,1.0,15,68.6,1.0,12,71.6,1.0,15,68.6,1.0,12,-3.0
"West Mifflin borough (Allegheny, PA)",Oakland,420034884003,40.360871,-79.859307,895.0,70.6,1.0,12,67.8,1.0,9,70.6,1.0,12,67.8,1.0,9,-2.8
"West Mifflin borough (Allegheny, PA)",Oakland,420034884004,40.361033,-79.871199,1736.0,80.4,0.975,9,,0.0,0,80.4,0.975,9,,0.0,0,
"West Mifflin borough (Allegheny, PA)",Oakland,420034885001,40.36601,-79.924073,824.0,,0.0,0,,0.0,0,,0.0,0,,0.0,0,
"West Mifflin borough (Allegheny, PA)",Oakland,420034885002,40.358249,-79.914409,1286.0,66.6,1.0,4,70.4,1.0,4,71.6,1.0,4,74.7,1.0,4,3.8
"West Mifflin borough (Allegheny, PA)",Oakland,420034885003,40.346437,-79.958032,632.0,72.6,1.0,4,68.7,1.0,4,72.6,1.0,4,73.7,1.0,4,-3.9
"West Mifflin borough (Allegheny, PA)",Oakland,420034886001,40.350305,-79.913863,649.0,,0.0,0,,0.0,0,,0.0,0,,0.0,0,
"West Mifflin borough (Allegheny, PA)",Oakland,420034886003,40.335962,-79.932567,1232.0,92.7,1.0,3,,0.0,0,92.7,1.0,3,,0.0,0,
"West Mifflin borough (Allegheny, PA)",Oakland,420034886004,40.342028,-79.925226,1870.0,85.7,1.0,2,93.7,1.0,2,92.6,1.0,2,93.7,1.0,2,8.0
West Oakland,Downtown,420030402002,40.441074,-79.962082,1490.0,20.6,1.0,30,19.7,1.0,21,20.6,1.0,30,19.7,1.0,21,-0.9
West Oakland,Downtown,420039808001,40.434169,-79.968816,3.0,17.4,1.0,6,27.2,1.0,4,17.4,1.0,6,27.2,1.0,4,9.8
"West View borough (Allegheny, PA)",Downtown,420034291002,40.510445,-80.0186,1396.0,,0.0,0,,0.0,0,,0.0,0,,0.0,0,
"West View borough (Allegheny, PA)",Downtown,420034293002,40.535612,-80.040765,1482.0,,0.0,0,,0.0,0,,0.0,0,,0.0,0,
"West View borough (Allegheny, PA)",Downtown,420034293003,40.526767,-80.052424,2078.0,,0.0,0,,0.0,0,,0.0,0,,0.0,0,
"West View borough (Allegheny, PA)",Downtown,420034294003,40.527607,-80.027216,1319.0,,0.0,0,,0.0,0,,0.0,0,,0.0,0,
"West View borough (Allegheny, PA)",Downtown,420034294004,40.526312,-80.020937,785.0,,0.0,0,,0.0,0,,0.0,0,,0.0,0,
"West View borough (Allegheny, PA)",Downtown,420034301001,40.516125,-80.021767,778.0,45.8,1.0,8,49.8,1.0,9,45.8,1.0,8,49.8,1.0,9,4.0
"West View borough (Allegheny, PA)",Downtown,420034301002,40.514342,-80.025756,1356.0,45.8,1.0,9,48.8,1.0,9,45.8,1.0,9,48.8,1.0,9,3.0
"West View borough (Allegheny, PA)",Downtown,420034302001,40.523977,-80.036476,800.0,,0.0,0,81.8,1.0,4,,0.0,0,81.8,1.0,4,
"West View borough (Allegheny, PA)",Downtown,420034302002,40.519473,-80.031334,1255.0,51.8,1.0,9,52.8,1.0,12,51.8,1.0,9,52.8,1.0,12,1.0
"West View borough (Allegheny, PA)",Downtown,420034302003,40.520072,-80.036099,1004.0,53.8,1.0,9,52.8,1.0,13,53.8,1.0,9,52.8,1.0,13,-1.0
"West View borough (Allegheny, PA)",Downtown,420034302004,40.520044,-80.044476,726.0,54.8,1.0,8,54.4,1.0,8,54.8,1.0,8,54.4,1.0,8,-0.4
"West View borough (Allegheny, PA)",Downtown,420034302005,40.516272,-80.044775,766.0,52.8,1.0,10,52.4,1.0,10,52.8,1.0,10,52.4,1.0,10,-0.4
"West View borough (Allegheny, PA)",Oakland,420034291002,40.510445,-80.0186,1396.0,,0.0,0,,0.0,0,,0.0,0,,0.0,0,
"West View borough (Allegheny, PA)",Oakland,420034293002,40.535612,-80.040765,1482.0,,0.0,0,,0.0,0,,0.0,0,,0.0,0,
"West View borough (Allegheny, PA)",Oakland,420034293003,40.526767,-80.052424,2078.0,,0.0,0,,0.0,0,,0.0,0,,0.0,0,
"West View borough (Allegheny, PA)",Oakland,420034294003,40.527607,-80.027216,1319.0,,0.0,0,,0.0,0,,0.0,0,,0.0,0,
"West View borough (Allegheny, PA)",Oakland,420034294004,40.526312,-80.020937,785.0,,0.0,0,,0.0,0,,0.0,0,,0.0,0,
"West View borough (Allegheny, PA)",Oakland,420034301001,40.516125,-80.021767,778.0,70.7,1.0,8,67.7,1.0,9,70.7,1.0,8,67.7,1.0,9,-3.0
"West View borough (Allegheny, PA)",Oakland,420034301002,40.514342,-80.025756,1356.0,70.7,1.0,9,66.7,1.0,9,70.7,1.0,9,66.7,1.0,9,-4.0
"West View borough (Allegheny, PA)",Oakland,420034302001,40.523977,-80.036476,800.0,,0.0,0,102.7,1.0,4,,0.0,0,102.7,1.0,4,
"West View borough (Allegheny, PA)",Oakland,420034302002,40.519473,-80.031334,1255.0,75.7,1.0,9,72.4,1.0,12,75.7,1.0,9,72.7,1.0,12,-3.3
"West View borough (Allegheny, PA)",Oakland,420034302003,40.520072,-80.036099,1004.0,78.7,1.0,9,73.7,1.0,13,78.7,1.0,9,73.7,1.0,13,-5.0
"West View borough (Allegheny, PA)",Oakland,420034302004,40.520044,-80.044476,726.0,79.7,1.0,8,75.7,1.0,8,79.7,1.0,8,75.7,1.0,8,-4.0
"West View borough (Allegheny, PA)",Oakland,420034302005,40.516272,-80.044775,766.0,77.7,1.0,10,73.7,1.0,10,77.7,1.0,10,73.7,1.0,10,-4.0
Westwood,Downtown,420035631001,40.432906,-80.0435,1428.0,,0.0,0,,0.0,0,,0.0,0,,0.0,0,
Westwood,Downtown,420035631002,40.431905,-80.054126,2294.0,45.4,1.0,7,41.4,1.0,7,45.4,1.0,7,41.4,1.0,7,-4.0
Westwood,Oakland,420035631001,40.432906,-80.0435,1428.0,,0.0,0,,0.0,0,,0.0,0,,0.0,0,
Westwood,Oakland,420035631002,40.431905,-80.054126,2294.0,68.7,1.0,7,58.7,1.0,7,68.7,1.0,7,58.7,1.0,7,-10.0
"Whitaker borough (Allegheny, PA)",Downtown,420034850001,40.399038,-79.888739,1179.0,51.3,1.0,19,55.7,1.0,20,51.3,1.0,19,55.7,1.0,20,4.4
"Whitaker borough (Allegheny, PA)",Oakland,420034850001,40.399038,-79.888739,1179.0,60.7,1.0,19,57.6,1.0,20,61.4,1.0,19,57.6,1.0,20,-3.1
"White Oak borough (Allegheny, PA)",Downtown,420035030022,40.34922,-79.824215,1137.0,,0.0,0,,0.0,0,,0.0,0,,0.0,0,
"White Oak borough (Allegheny, PA)",Downtown,420035030023,40.33623,-79.815191,1207.0,69.9,0.442,3,,0.0,0,69.9,0.442,3,,0.0,0,
"White Oak borough (Allegheny, PA)",Downtown,420035030025,40.350769,-79.810115,1666.0,,0.0,0,,0.0,0,,0.0,0,,0.0,0,
"White Oak borough (Allegheny, PA)",Downtown,420035642002,40.324179,-79.7979,918.0,,0.0,0,,0.0,0,,0.0,0,,0.0,0,
"White Oak borough (Allegheny, PA)",Downtown,420035642003,40.34287,-79.789925,866.0,,0.0,0,,0.0,0,,0.0,0,,0.0,0,
"White Oak borough (Allegheny, PA)",Oakland,420035030022,40.34922,-79.824215,1137.0,,0.0,0,,0.0,0,,0.0,0,,0.0,0,
"White Oak borough (Allegheny, PA)",Oakland,420035030023,40.33623,-79.815191,1207.0,79.6,0.442,3,,0.0,0,79.6,0.442,3,,0.0,0,
"White Oak borough (Allegheny, PA)",Oakland,420035030025,40.350769,-79.810115,1666.0,,0.0,0,,0.0,0,,0.0,0,,0.0,0,
"White Oak borough (Allegheny, PA)",Oakland,420035642002,40.324179,-79.7979,918.0,,0.0,0,,0.0,0,,0.0,0,,0.0,0,
"White Oak borough (Allegheny, PA)",Oakland,420035642003,40.34287,-79.789925,866.0,,0.0,0,,0.0,0,,0.0,0,,0.0,0,
"Whitehall borough (Allegheny, PA)",Downtown,420034754011,40.349721,-80.018928,1577.0,,0.0,0,,0.0,0,,0.0,0,,0.0,0,
"Whitehall borough (Allegheny, PA)",Downtown,420034762001,40.371803,-80.005,723.0,33.9,1.0,2,32.3,1.0,2,33.9,1.0,2,32.3,1.0,2,-1.6
"Whitehall borough (Allegheny, PA)",Downtown,420034762002,40.364896,-80.012032,1348.0,,0.0,0,,0.0,0,,0.0,0,,0.0,0,
"Whitehall borough (Allegheny, PA)",Downtown,420034771001,40.363716,-80.003907,1343.0,66.4,0.492,4,47.8,0.867,4,66.4,0.492,4,47.8,0.867,4,-18.6
"Whitehall borough (Allegheny, PA)",Downtown,420034771002,40.352934,-80.001322,994.0,67.4,0.467,4,,0.0,0,67.4,0.467,4,,0.0,0,
"Whitehall borough (Allegheny, PA)",Downtown,420034771003,40.356626,-80.0087,1442.0,68.4,0.458,2,,0.0,0,68.4,0.458,2,,0.0,0,
"Whitehall borough (Allegheny, PA)",Downtown,420034772002,40.366501,-79.989514,716.0,56.8,1.0,6,,0.0,0,56.8,1.0,6,,0.0,0,
"Whitehall borough (Allegheny, PA)",Downtown,420034772003,40.355011,-79.992572,952.0,58.8,1.0,5,49.8,0.842,5,58.8,1.0,5,49.8,0.842,5,-9.0
"Whitehall borough (Allegheny, PA)",Downtown,420034772004,40.366101,-79.996977,1948.0,50.8,1.0,8,44.8,0.892,4,50.8,1.0,8,44.8,0.892,4,-6.0
"Whitehall borough (Allegheny, PA)",Downtown,420034773001,40.365593,-79.964759,1474.0,64.8,1.0,20,47.8,1.0,15,64.8,1.0,20,47.8,1.0,15,-17.0
"Whitehall borough (Allegheny, PA)",Downtown,420034773002,40.367327,-79.965794,1131.0,65.8,1.0,16,46.8,1.0,11,65.8,1.0,16,46.8,1.0,11,-19.0
"Whitehall borough (Allegheny, PA)",Downtown,420034773003,40.361637,-79.972836,1312.0,63.8,1.0,6,46.8,1.0,6,63.8,1.0,6,46.8,1.0,6,-17.0
"Whitehall borough (Allegheny, PA)",Downtown,420034773004,40.356737,-79.976229,1091.0,50.8,1.0,4,51.5,1.0,4,50.8,1.0,4,51.5,1.0,4,0.7
"Whitehall borough (Allegheny, PA)",Downtown,420034773005,40.351427,-79.982769,1811.0,,0.0,0,,0.0,0,,0.0,0,,0.0,0,
"Whitehall borough (Allegheny, PA)",Downtown,420034804004,40.373267,-79.953731,1112.0,,0.0,0,,0.0,0,,0.0,0,,0.0,0,
"Whitehall borough (Allegheny, PA)",Oakland,420034754011,40.349721,-80.018928,1577.0,,0.0,0,,0.0,0,,0.0,0,,0.0,0,
"Whitehall borough (Allegheny, PA)",Oakland,420034762001,40.371803,-80.005,723.0,56.6,1.0,2,52.4,1.0,2,57.7,1.0,2,52.7,1.0,2,-4.2
"Whitehall borough (Allegheny, PA)",Oakland,420034762002,40.364896,-80.012032,1348.0,,0.0,0,,0.0,0,,0.0,0,,0.0,0,
"Whitehall borough (Allegheny, PA)",Oakland,420034771001,40.363716,-80.003907,1343.0,90.6,0.492,4,67.7,0.867,4,90.6,0.492,4,67.7,0.867,4,-22.9
"Whitehall borough (Allegheny, PA)",Oakland,420034771002,40.352934,-80.001322,994.0,91.6,0.467,4,,0.0,0,91.6,0.467,4,,0.0,0,
"Whitehall borough (Allegheny, PA)",Oakland,420034771003,40.356626,-80.0087,1442.0,92.6,0.458,2,,0.0,0,92.6,0.458,2,,0.0,0,
"Whitehall borough (Allegheny, PA)",Oakland,420034772002,40.366501,-79.989514,716.0,81.7,1.0,6,,0.0,0,81.7,1.0,6,,0.0,0,
"Whitehall borough (Allegheny, PA)",Oakland,420034772003,40.355011,-79.992572,952.0,83.7,1.0,5,69.7,0.842,5,83.7,1.0,5,69.7,0.842,5,-14.0
"Whitehall borough (Allegheny, PA)",Oakland,420034772004,40.366101,-79.996977,1948.0,75.7,1.0,8,63.7,0.892,4,75.7,1.0,8,63.7,0.892,4,-12.0
"Whitehall borough (Allegheny, PA)",Oakland,420034773001,40.365593,-79.964759,1474.0,86.6,1.0,20,69.7,1.0,15,86.6,1.0,20,69.7,1.0,15,-16.9
"Whitehall borough (Allegheny, PA)",Oakland,420034773002,40.367327,-79.965794,1131.0,87.7,1.0,16,68.7,1.0,11,87.7,1.0,16,68.7,1.0,11,-19.0
"Whitehall borough (Allegheny, PA)",Oakland,420034773003,40.361637,-79.972836,1312.0,88.7,1.0,6,68.7,1.0,6,88.7,1.0,6,68.7,1.0,6,-20.0
"Whitehall borough (Allegheny, PA)",Oakland,420034773004,40.356737,-79.976229,1091.0,67.6,1.0,4,64.4,1.0,4,68.7,1.0,4,69.7,1.0,4,-3.2
"Whitehall borough (Allegheny, PA)",Oakland,420034773005,40.351427,-79.982769,1811.0,,0.0,0,,0.0,0,,0.0,0,,0.0,0,
"Whitehall borough (Allegheny, PA)",Oakland,420034804004,40.373267,-79.953731,1112.0,,0.0,0,,0.0,0,,0.0,0,,0.0,0,
"Wilkins township (Allegheny, PA)",Downtown,420035200011,40.426608,-79.818376,1443.0,64.8,1.0,1,57.0,1.0,1,66.9,1.0,1,57.0,1.0,1,-7.8
"Wilkins township (Allegheny, PA)",Downtown,420035200012,40.436324,-79.813687,1815.0,,0.0,0,,0.0,0,,0.0,0,,0.0,0,
"Wilkins township (Allegheny, PA)",Oakland,420035200011,40.426608,-79.818376,1443.0,68.4,1.0,1,66.6,1.0,1,68.4,1.0,1,66.6,1.0,1,-1.8
"Wilkins township (Allegheny, PA)",Oakland,420035200012,40.436324,-79.813687,1815.0,,0.0,0,,0.0,0,,0.0,0,,0.0,0,
"Wilkinsburg borough (Allegheny, PA)",Downtown,420035162001,40.433644,-79.879353,797.0,41.8,1.0,4,45.0,1.0,4,44.9,1.0,4,48.7,1.0,4,3.2
"Wilkinsburg borough (Allegheny, PA)",Downtown,420035604001,40.443966,-79.890805,695.0,23.9,1.0,28,27.7,1.0,19,23.9,1.0,28,27.7,1.0,19,3.8
"Wilkinsburg borough (Allegheny, PA)",Downtown,420035604002,40.441782,-79.890742,858.0,28.2,1.0,26,34.9,1.0,18,28.4,1.0,26,34.9,1.0,18,6.7
"Wilkinsburg borough (Allegheny, PA)",Downtown,420035605001,40.439362,-79.89201,975.0,36.2,1.0,21,40.7,1.0,14,39.4,1.0,21,43.7,1.0,14,4.5
"Wilkinsburg borough (Allegheny, PA)",Downtown,420035605002,40.43678,-79.890832,1218.0,49.2,1.0,9,,0.0,0,49.4,1.0,9,,0.0,0,
"Wilkinsburg borough (Allegheny, PA)",Downtown,420035614001,40.450411,-79.855919,581.0,,0.0,0,,0.0,0,,0.0,0,,0.0,0,
"Wilkinsburg borough (Allegheny, PA)",Downtown,420035614002,40.453568,-79.86034,988.0,41.9,1.0,11,47.7,1.0,11,41.9,1.0,11,47.9,1.0,11,5.8
"Wilkinsburg borough (Allegheny, PA)",Downtown,420035614003,40.448856,-79.866754,1000.0,37.9,1.0,13,39.7,1.0,13,37.9,1.0,13,39.7,1.0,13,1.8
"Wilkinsburg borough (Allegheny, PA)",Downtown,420035614004,40.445887,-79.863488,1443.0,33.9,1.0,11,37.0,1.0,12,33.9,1.0,11,37.0,1.0,12,3.1
"Wilkinsburg borough (Allegheny, PA)",Downtown,420035615001,40.440821,-79.866803,1228.0,34.9,1.0,6,36.9,1.0,8,34.9,1.0,6,36.9,1.0,8,2.0
"Wilkinsburg borough (Allegheny, PA)",Downtown,420035615002,40.437086,-79.8686,752.0,33.9,1.0,4,45.0,1.0,4,33.9,1.0,4,45.0,1.0,4,11.1
"Wilkinsburg borough (Allegheny, PA)",Downtown,420035615003,40.443521,-79.873433,608.0,34.8,1.0,14,35.7,1.0,14,34.9,1.0,14,35.7,1.0,14,0.9
"Wilkinsburg borough (Allegheny, PA)",Downtown,420035647001,40.439253,-79.877698,528.0,27.9,1.0,24,34.0,1.0,21,27.9,1.0,24,34.0,1.0,21,6.1
"Wilkinsburg borough (Allegheny, PA)",Downtown,420035647002,40.436191,-79.87822,606.0,32.9,1.0,13,41.0,1.0,9,33.4,1.0,13,43.9,1.0,9,8.1
"Wilkinsburg borough (Allegheny, PA)",Downtown,420035647003,40.44007,-79.883623,1050.0,26.8,1.0,30,30.7,1.0,24,26.8,1.0,30,30.7,1.0,24,3.9
"Wilkinsburg borough (Allegheny, PA)",Downtown,420035648001,40.446418,-79.876058,716.0,37.9,1.0,9,38.7,1.0,8,37.9,1.0,9,38.7,1.0,8,0.8
"Wilkinsburg borough (Allegheny, PA)",Downtown,420035648002,40.446525,-79.882265,1103.0,27.9,1.0,17,32.0,1.0,14,27.9,1.0,17,32.0,1.0,14,4.1
"Wilkinsburg borough (Allegheny, PA)",Oakland,420035162001,40.433644,-79.879353,797.0,45.6,1.0,4,42.6,1.0,4,45.6,1.0,4,42.6,1.0,4,-3.0
"Wilkinsburg borough (Allegheny, PA)",Oakland,420035604001,40.443966,-79.890805,695.0,31.6,1.0,28,28.6,1.0,19,31.6,1.0,28,28.6,1.0,19,-3.0
"Wilkinsburg borough (Allegheny, PA)",Oakland,420035604002,40.441782,-79.890742,858.0,32.6,1.0,26,31.6,1.0,18,32.6,1.0,26,31.8,1.0,18,-1.0
"Wilkinsburg borough (Allegheny, PA)",Oakland,420035605001,40.439362,-79.89201,975.0,33.6,1.0,21,32.8,1.0,14,33.6,1.0,21,34.8,1.0,14,-0.8
"Wilkinsburg borough (Allegheny, PA)",Oakland,420035605002,40.43678,-79.890832,1218.0,52.6,1.0,9,,0.0,0,54.4,1.0,9,,0.0,0,
"Wilkinsburg borough (Allegheny, PA)",Oakland,420035614001,40.450411,-79.855919,581.0,,0.0,0,,0.0,0,,0.0,0,,0.0,0,
"Wilkinsburg borough (Allegheny, PA)",Oakland,420035614002,40.453568,-79.86034,988.0,52.4,1.0,11,48.6,1.0,11,53.4,1.0,11,50.6,1.0,11,-3.8
"Wilkinsburg borough (Allegheny, PA)",Oakland,420035614003,40.448856,-79.866754,1000.0,47.6,1.0,13,43.6,1.0,13,48.6,1.0,13,43.6,1.0,13,-4.0
"Wilkinsburg borough (Allegheny, PA)",Oakland,420035614004,40.445887,-79.863488,1443.0,42.6,1.0,11,44.6,1.0,12,44.4,1.0,11,44.6,1.0,12,2.0
"Wilkinsburg borough (Allegheny, PA)",Oakland,420035615001,40.440821,-79.866803,1228.0,43.6,1.0,6,43.6,1.0,8,45.4,1.0,6,43.6,1.0,8,0.0
"Wilkinsburg borough (Allegheny, PA)",Oakland,420035615002,40.437086,-79.8686,752.0,42.6,1.0,4,48.6,1.0,4,45.6,1.0,4,48.6,1.0,4,6.0
"Wilkinsburg borough (Allegheny, PA)",Oakland,420035615003,40.443521,-79.873433,608.0,42.4,1.0,14,41.6,1.0,14,43.4,1.0,14,41.6,1.0,14,-0.8
"Wilkinsburg borough (Allegheny, PA)",Oakland,420035647001,40.439253,-79.877698,528.0,36.6,1.0,24,35.8,1.0,21,37.6,1.0,24,35.8,1.0,21,-0.8
"Wilkinsburg borough (Allegheny, PA)",Oakland,420035647002,40.436191,-79.87822,606.0,39.6,1.0,13,39.8,1.0,9,40.6,1.0,13,39.8,1.0,9,0.2
"Wilkinsburg borough (Allegheny, PA)",Oakland,420035647003,40.44007,-79.883623,1050.0,34.4,1.0,30,30.6,1.0,24,34.4,1.0,30,30.6,1.0,24,-3.8
"Wilkinsburg borough (Allegheny, PA)",Oakland,420035648001,40.446418,-79.876058,716.0,47.6,1.0,9,42.6,1.0,8,48.4,1.0,9,42.6,1.0,8,-5.0
"Wilkinsburg borough (Allegheny, PA)",Oakland,420035648002,40.446525,-79.882265,1103.0,34.6,1.0,17,34.6,1.0,14,34.6,1.0,17,34.6,1.0,14,0.0
"Wilmerding borough (Allegheny, PA)",Downtown,420035070001,40.38684,-79.804638,802.0,,0.0,0,,0.0,0,,0.0,0,,0.0,0,
"Wilmerding borough (Allegheny, PA)",Downtown,420035080001,40.397079,-79.809115,764.0,65.9,1.0,11,74.7,1.0,11,65.9,1.0,11,74.7,1.0,11,8.8
"Wilmerding borough (Allegheny, PA)",Downtown,420035080002,40.391518,-79.809393,1017.0,75.9,1.0,6,75.9,1.0,6,75.9,1.0,6,75.9,1.0,6,0.0
"Wilmerding borough (Allegheny, PA)",Oakland,420035070001,40.38684,-79.804638,802.0,,0.0,0,,0.0,0,,0.0,0,,0.0,0,
"Wilmerding borough (Allegheny, PA)",Oakland,420035080001,40.397079,-79.809115,764.0,68.6,1.0,11,78.6,1.0,11,69.4,1.0,11,78.6,1.0,11,10.0
"Wilmerding borough (Allegheny, PA)",Oakland,420035080002,40.391518,-79.809393,1017.0,75.4,1.0,6,80.6,1.0,6,75.4,1.0,6,80.6,1.0,6,5.2
Windgap,Downtown,420035630002,40.459317,-80.077464,757.0,38.4,1.0,9,48.0,1.0,4,38.4,1.0,9,48.0,1.0,4,9.6
Windgap,Oakland,420035630002,40.459317,-80.077464,757.0,58.7,1.0,9,65.7,1.0,4,58.7,1.0,9,65.7,1.0,4,7.0
